year,prefCode,prefName,cityName,category,valueYen
2007,01000,北海道,札幌市,食料,839032
2007,01000,北海道,札幌市,住居,267670
2007,01000,北海道,札幌市,光熱・水道,290083
2007,01000,北海道,札幌市,家具・家事用品,105749
2007,01000,北海道,札幌市,被服及び履物,156455
2007,01000,北海道,札幌市,保健医療,156250
2007,01000,北海道,札幌市,交通・通信,434444
2007,01000,北海道,札幌市,教育,129156
2007,01000,北海道,札幌市,教養娯楽,439277
2007,01000,北海道,札幌市,その他の消費支出,658468
2007,02000,青森県,青森市,食料,867317
2007,02000,青森県,青森市,住居,150810
2007,02000,青森県,青森市,光熱・水道,318667
2007,02000,青森県,青森市,家具・家事用品,109988
2007,02000,青森県,青森市,被服及び履物,135621
2007,02000,青森県,青森市,保健医療,140461
2007,02000,青森県,青森市,交通・通信,328725
2007,02000,青森県,青森市,教育,132703
2007,02000,青森県,青森市,教養娯楽,319330
2007,02000,青森県,青森市,その他の消費支出,614979
2007,03000,岩手県,盛岡市,食料,909148
2007,03000,岩手県,盛岡市,住居,242003
2007,03000,岩手県,盛岡市,光熱・水道,301305
2007,03000,岩手県,盛岡市,家具・家事用品,103630
2007,03000,岩手県,盛岡市,被服及び履物,164491
2007,03000,岩手県,盛岡市,保健医療,161010
2007,03000,岩手県,盛岡市,交通・通信,429650
2007,03000,岩手県,盛岡市,教育,130126
2007,03000,岩手県,盛岡市,教養娯楽,366688
2007,03000,岩手県,盛岡市,その他の消費支出,766785
2007,04000,宮城県,仙台市,食料,905082
2007,04000,宮城県,仙台市,住居,336089
2007,04000,宮城県,仙台市,光熱・水道,274047
2007,04000,宮城県,仙台市,家具・家事用品,126121
2007,04000,宮城県,仙台市,被服及び履物,152955
2007,04000,宮城県,仙台市,保健医療,142722
2007,04000,宮城県,仙台市,交通・通信,506665
2007,04000,宮城県,仙台市,教育,150547
2007,04000,宮城県,仙台市,教養娯楽,371660
2007,04000,宮城県,仙台市,その他の消費支出,714947
2007,05000,秋田県,秋田市,食料,884837
2007,05000,秋田県,秋田市,住居,202037
2007,05000,秋田県,秋田市,光熱・水道,310239
2007,05000,秋田県,秋田市,家具・家事用品,136495
2007,05000,秋田県,秋田市,被服及び履物,156020
2007,05000,秋田県,秋田市,保健医療,137419
2007,05000,秋田県,秋田市,交通・通信,401317
2007,05000,秋田県,秋田市,教育,130103
2007,05000,秋田県,秋田市,教養娯楽,364115
2007,05000,秋田県,秋田市,その他の消費支出,788017
2007,06000,山形県,山形市,食料,917074
2007,06000,山形県,山形市,住居,255585
2007,06000,山形県,山形市,光熱・水道,324607
2007,06000,山形県,山形市,家具・家事用品,116588
2007,06000,山形県,山形市,被服及び履物,203049
2007,06000,山形県,山形市,保健医療,174531
2007,06000,山形県,山形市,交通・通信,498629
2007,06000,山形県,山形市,教育,199162
2007,06000,山形県,山形市,教養娯楽,400788
2007,06000,山形県,山形市,その他の消費支出,831119
2007,07000,福島県,福島市,食料,900799
2007,07000,福島県,福島市,住居,277084
2007,07000,福島県,福島市,光熱・水道,306395
2007,07000,福島県,福島市,家具・家事用品,120151
2007,07000,福島県,福島市,被服及び履物,181027
2007,07000,福島県,福島市,保健医療,146610
2007,07000,福島県,福島市,交通・通信,552905
2007,07000,福島県,福島市,教育,139910
2007,07000,福島県,福島市,教養娯楽,403920
2007,07000,福島県,福島市,その他の消費支出,824393
2007,08000,茨城県,水戸市,食料,893565
2007,08000,茨城県,水戸市,住居,205703
2007,08000,茨城県,水戸市,光熱・水道,265150
2007,08000,茨城県,水戸市,家具・家事用品,163268
2007,08000,茨城県,水戸市,被服及び履物,218231
2007,08000,茨城県,水戸市,保健医療,180918
2007,08000,茨城県,水戸市,交通・通信,664806
2007,08000,茨城県,水戸市,教育,150776
2007,08000,茨城県,水戸市,教養娯楽,490682
2007,08000,茨城県,水戸市,その他の消費支出,780603
2007,09000,栃木県,宇都宮市,食料,904229
2007,09000,栃木県,宇都宮市,住居,211718
2007,09000,栃木県,宇都宮市,光熱・水道,264692
2007,09000,栃木県,宇都宮市,家具・家事用品,127362
2007,09000,栃木県,宇都宮市,被服及び履物,162134
2007,09000,栃木県,宇都宮市,保健医療,158677
2007,09000,栃木県,宇都宮市,交通・通信,617660
2007,09000,栃木県,宇都宮市,教育,121445
2007,09000,栃木県,宇都宮市,教養娯楽,395793
2007,09000,栃木県,宇都宮市,その他の消費支出,689305
2007,10000,群馬県,前橋市,食料,885817
2007,10000,群馬県,前橋市,住居,178000
2007,10000,群馬県,前橋市,光熱・水道,240162
2007,10000,群馬県,前橋市,家具・家事用品,101990
2007,10000,群馬県,前橋市,被服及び履物,147155
2007,10000,群馬県,前橋市,保健医療,123644
2007,10000,群馬県,前橋市,交通・通信,462396
2007,10000,群馬県,前橋市,教育,102186
2007,10000,群馬県,前橋市,教養娯楽,350640
2007,10000,群馬県,前橋市,その他の消費支出,746630
2007,11000,埼玉県,さいたま市,食料,971622
2007,11000,埼玉県,さいたま市,住居,257806
2007,11000,埼玉県,さいたま市,光熱・水道,264170
2007,11000,埼玉県,さいたま市,家具・家事用品,127448
2007,11000,埼玉県,さいたま市,被服及び履物,235638
2007,11000,埼玉県,さいたま市,保健医療,173515
2007,11000,埼玉県,さいたま市,交通・通信,519835
2007,11000,埼玉県,さいたま市,教育,322921
2007,11000,埼玉県,さいたま市,教養娯楽,560558
2007,11000,埼玉県,さいたま市,その他の消費支出,754332
2007,12000,千葉県,千葉市,食料,1014421
2007,12000,千葉県,千葉市,住居,144871
2007,12000,千葉県,千葉市,光熱・水道,239086
2007,12000,千葉県,千葉市,家具・家事用品,130117
2007,12000,千葉県,千葉市,被服及び履物,205231
2007,12000,千葉県,千葉市,保健医療,145589
2007,12000,千葉県,千葉市,交通・通信,460284
2007,12000,千葉県,千葉市,教育,237797
2007,12000,千葉県,千葉市,教養娯楽,525541
2007,12000,千葉県,千葉市,その他の消費支出,764024
2007,13000,東京都,東京,食料,1012090
2007,13000,東京都,東京,住居,289970
2007,13000,東京都,東京,光熱・水道,253509
2007,13000,東京都,東京,家具・家事用品,123677
2007,13000,東京都,東京,被服及び履物,204184
2007,13000,東京都,東京,保健医療,188175
2007,13000,東京都,東京,交通・通信,382368
2007,13000,東京都,東京,教育,247965
2007,13000,東京都,東京,教養娯楽,488483
2007,13000,東京都,東京,その他の消費支出,738188
2007,14000,神奈川県,横浜市,食料,971190
2007,14000,神奈川県,横浜市,住居,239948
2007,14000,神奈川県,横浜市,光熱・水道,252409
2007,14000,神奈川県,横浜市,家具・家事用品,122090
2007,14000,神奈川県,横浜市,被服及び履物,184751
2007,14000,神奈川県,横浜市,保健医療,187791
2007,14000,神奈川県,横浜市,交通・通信,476040
2007,14000,神奈川県,横浜市,教育,228566
2007,14000,神奈川県,横浜市,教養娯楽,482871
2007,14000,神奈川県,横浜市,その他の消費支出,744356
2007,15000,新潟県,新潟市,食料,934565
2007,15000,新潟県,新潟市,住居,204958
2007,15000,新潟県,新潟市,光熱・水道,300788
2007,15000,新潟県,新潟市,家具・家事用品,115882
2007,15000,新潟県,新潟市,被服及び履物,154578
2007,15000,新潟県,新潟市,保健医療,152016
2007,15000,新潟県,新潟市,交通・通信,470143
2007,15000,新潟県,新潟市,教育,149249
2007,15000,新潟県,新潟市,教養娯楽,401947
2007,15000,新潟県,新潟市,その他の消費支出,713651
2007,16000,富山県,富山市,食料,1008628
2007,16000,富山県,富山市,住居,154692
2007,16000,富山県,富山市,光熱・水道,310057
2007,16000,富山県,富山市,家具・家事用品,118458
2007,16000,富山県,富山市,被服及び履物,170340
2007,16000,富山県,富山市,保健医療,131548
2007,16000,富山県,富山市,交通・通信,504744
2007,16000,富山県,富山市,教育,169676
2007,16000,富山県,富山市,教養娯楽,443387
2007,16000,富山県,富山市,その他の消費支出,1283375
2007,17000,石川県,金沢市,食料,1039403
2007,17000,石川県,金沢市,住居,168955
2007,17000,石川県,金沢市,光熱・水道,307856
2007,17000,石川県,金沢市,家具・家事用品,127372
2007,17000,石川県,金沢市,被服及び履物,201634
2007,17000,石川県,金沢市,保健医療,188273
2007,17000,石川県,金沢市,交通・通信,578402
2007,17000,石川県,金沢市,教育,120663
2007,17000,石川県,金沢市,教養娯楽,439690
2007,17000,石川県,金沢市,その他の消費支出,940010
2007,18000,福井県,福井市,食料,912829
2007,18000,福井県,福井市,住居,204398
2007,18000,福井県,福井市,光熱・水道,289490
2007,18000,福井県,福井市,家具・家事用品,127799
2007,18000,福井県,福井市,被服及び履物,184353
2007,18000,福井県,福井市,保健医療,137602
2007,18000,福井県,福井市,交通・通信,484124
2007,18000,福井県,福井市,教育,97917
2007,18000,福井県,福井市,教養娯楽,373251
2007,18000,福井県,福井市,その他の消費支出,1050884
2007,19000,山梨県,甲府市,食料,881599
2007,19000,山梨県,甲府市,住居,203382
2007,19000,山梨県,甲府市,光熱・水道,259286
2007,19000,山梨県,甲府市,家具・家事用品,103798
2007,19000,山梨県,甲府市,被服及び履物,157087
2007,19000,山梨県,甲府市,保健医療,142165
2007,19000,山梨県,甲府市,交通・通信,374285
2007,19000,山梨県,甲府市,教育,159002
2007,19000,山梨県,甲府市,教養娯楽,378942
2007,19000,山梨県,甲府市,その他の消費支出,793392
2007,20000,長野県,長野市,食料,878826
2007,20000,長野県,長野市,住居,222278
2007,20000,長野県,長野市,光熱・水道,276734
2007,20000,長野県,長野市,家具・家事用品,126568
2007,20000,長野県,長野市,被服及び履物,183685
2007,20000,長野県,長野市,保健医療,154128
2007,20000,長野県,長野市,交通・通信,490514
2007,20000,長野県,長野市,教育,171096
2007,20000,長野県,長野市,教養娯楽,400747
2007,20000,長野県,長野市,その他の消費支出,769307
2007,21000,岐阜県,岐阜市,食料,899258
2007,21000,岐阜県,岐阜市,住居,123479
2007,21000,岐阜県,岐阜市,光熱・水道,268132
2007,21000,岐阜県,岐阜市,家具・家事用品,96330
2007,21000,岐阜県,岐阜市,被服及び履物,186422
2007,21000,岐阜県,岐阜市,保健医療,152148
2007,21000,岐阜県,岐阜市,交通・通信,467134
2007,21000,岐阜県,岐阜市,教育,193151
2007,21000,岐阜県,岐阜市,教養娯楽,388848
2007,21000,岐阜県,岐阜市,その他の消費支出,743137
2007,22000,静岡県,静岡市,食料,890496
2007,22000,静岡県,静岡市,住居,268833
2007,22000,静岡県,静岡市,光熱・水道,263583
2007,22000,静岡県,静岡市,家具・家事用品,111587
2007,22000,静岡県,静岡市,被服及び履物,168822
2007,22000,静岡県,静岡市,保健医療,165067
2007,22000,静岡県,静岡市,交通・通信,402586
2007,22000,静岡県,静岡市,教育,139531
2007,22000,静岡県,静岡市,教養娯楽,379705
2007,22000,静岡県,静岡市,その他の消費支出,763059
2007,23000,愛知県,名古屋市,食料,944678
2007,23000,愛知県,名古屋市,住居,294836
2007,23000,愛知県,名古屋市,光熱・水道,250688
2007,23000,愛知県,名古屋市,家具・家事用品,135600
2007,23000,愛知県,名古屋市,被服及び履物,189704
2007,23000,愛知県,名古屋市,保健医療,142209
2007,23000,愛知県,名古屋市,交通・通信,394507
2007,23000,愛知県,名古屋市,教育,161489
2007,23000,愛知県,名古屋市,教養娯楽,387383
2007,23000,愛知県,名古屋市,その他の消費支出,687425
2007,24000,三重県,津市,食料,894804
2007,24000,三重県,津市,住居,182300
2007,24000,三重県,津市,光熱・水道,262268
2007,24000,三重県,津市,家具・家事用品,152176
2007,24000,三重県,津市,被服及び履物,177260
2007,24000,三重県,津市,保健医療,146818
2007,24000,三重県,津市,交通・通信,472680
2007,24000,三重県,津市,教育,111544
2007,24000,三重県,津市,教養娯楽,461931
2007,24000,三重県,津市,その他の消費支出,985113
2007,25000,滋賀県,大津市,食料,951728
2007,25000,滋賀県,大津市,住居,151401
2007,25000,滋賀県,大津市,光熱・水道,251772
2007,25000,滋賀県,大津市,家具・家事用品,123509
2007,25000,滋賀県,大津市,被服及び履物,176462
2007,25000,滋賀県,大津市,保健医療,136081
2007,25000,滋賀県,大津市,交通・通信,543746
2007,25000,滋賀県,大津市,教育,240662
2007,25000,滋賀県,大津市,教養娯楽,398347
2007,25000,滋賀県,大津市,その他の消費支出,696014
2007,26000,京都府,京都市,食料,979360
2007,26000,京都府,京都市,住居,258586
2007,26000,京都府,京都市,光熱・水道,242445
2007,26000,京都府,京都市,家具・家事用品,105130
2007,26000,京都府,京都市,被服及び履物,170073
2007,26000,京都府,京都市,保健医療,164968
2007,26000,京都府,京都市,交通・通信,366036
2007,26000,京都府,京都市,教育,140049
2007,26000,京都府,京都市,教養娯楽,387423
2007,26000,京都府,京都市,その他の消費支出,649610
2007,27000,大阪府,大阪市,食料,905509
2007,27000,大阪府,大阪市,住居,305891
2007,27000,大阪府,大阪市,光熱・水道,232778
2007,27000,大阪府,大阪市,家具・家事用品,113788
2007,27000,大阪府,大阪市,被服及び履物,157740
2007,27000,大阪府,大阪市,保健医療,169609
2007,27000,大阪府,大阪市,交通・通信,380242
2007,27000,大阪府,大阪市,教育,161770
2007,27000,大阪府,大阪市,教養娯楽,333218
2007,27000,大阪府,大阪市,その他の消費支出,621863
2007,28000,兵庫県,神戸市,食料,887513
2007,28000,兵庫県,神戸市,住居,106882
2007,28000,兵庫県,神戸市,光熱・水道,219598
2007,28000,兵庫県,神戸市,家具・家事用品,108776
2007,28000,兵庫県,神戸市,被服及び履物,151724
2007,28000,兵庫県,神戸市,保健医療,121915
2007,28000,兵庫県,神戸市,交通・通信,355306
2007,28000,兵庫県,神戸市,教育,123651
2007,28000,兵庫県,神戸市,教養娯楽,357584
2007,28000,兵庫県,神戸市,その他の消費支出,622392
2007,29000,奈良県,奈良市,食料,1011001
2007,29000,奈良県,奈良市,住居,216785
2007,29000,奈良県,奈良市,光熱・水道,249697
2007,29000,奈良県,奈良市,家具・家事用品,129547
2007,29000,奈良県,奈良市,被服及び履物,220106
2007,29000,奈良県,奈良市,保健医療,190234
2007,29000,奈良県,奈良市,交通・通信,559861
2007,29000,奈良県,奈良市,教育,169358
2007,29000,奈良県,奈良市,教養娯楽,599827
2007,29000,奈良県,奈良市,その他の消費支出,723879
2007,30000,和歌山県,和歌山市,食料,786302
2007,30000,和歌山県,和歌山市,住居,149817
2007,30000,和歌山県,和歌山市,光熱・水道,225013
2007,30000,和歌山県,和歌山市,家具・家事用品,92188
2007,30000,和歌山県,和歌山市,被服及び履物,124998
2007,30000,和歌山県,和歌山市,保健医療,146266
2007,30000,和歌山県,和歌山市,交通・通信,283598
2007,30000,和歌山県,和歌山市,教育,102361
2007,30000,和歌山県,和歌山市,教養娯楽,312487
2007,30000,和歌山県,和歌山市,その他の消費支出,578015
2007,31000,鳥取県,鳥取市,食料,827510
2007,31000,鳥取県,鳥取市,住居,238225
2007,31000,鳥取県,鳥取市,光熱・水道,251674
2007,31000,鳥取県,鳥取市,家具・家事用品,132785
2007,31000,鳥取県,鳥取市,被服及び履物,152861
2007,31000,鳥取県,鳥取市,保健医療,147206
2007,31000,鳥取県,鳥取市,交通・通信,441092
2007,31000,鳥取県,鳥取市,教育,101994
2007,31000,鳥取県,鳥取市,教養娯楽,341099
2007,31000,鳥取県,鳥取市,その他の消費支出,720852
2007,32000,島根県,松江市,食料,926157
2007,32000,島根県,松江市,住居,226889
2007,32000,島根県,松江市,光熱・水道,280756
2007,32000,島根県,松江市,家具・家事用品,141386
2007,32000,島根県,松江市,被服及び履物,145330
2007,32000,島根県,松江市,保健医療,153946
2007,32000,島根県,松江市,交通・通信,436489
2007,32000,島根県,松江市,教育,145588
2007,32000,島根県,松江市,教養娯楽,382352
2007,32000,島根県,松江市,その他の消費支出,791330
2007,33000,岡山県,岡山市,食料,869557
2007,33000,岡山県,岡山市,住居,252883
2007,33000,岡山県,岡山市,光熱・水道,257774
2007,33000,岡山県,岡山市,家具・家事用品,143530
2007,33000,岡山県,岡山市,被服及び履物,188549
2007,33000,岡山県,岡山市,保健医療,173603
2007,33000,岡山県,岡山市,交通・通信,432959
2007,33000,岡山県,岡山市,教育,95945
2007,33000,岡山県,岡山市,教養娯楽,437756
2007,33000,岡山県,岡山市,その他の消費支出,810034
2007,34000,広島県,広島市,食料,916446
2007,34000,広島県,広島市,住居,231379
2007,34000,広島県,広島市,光熱・水道,262148
2007,34000,広島県,広島市,家具・家事用品,127214
2007,34000,広島県,広島市,被服及び履物,201820
2007,34000,広島県,広島市,保健医療,169170
2007,34000,広島県,広島市,交通・通信,586994
2007,34000,広島県,広島市,教育,173496
2007,34000,広島県,広島市,教養娯楽,436565
2007,34000,広島県,広島市,その他の消費支出,840784
2007,35000,山口県,山口市,食料,865213
2007,35000,山口県,山口市,住居,314529
2007,35000,山口県,山口市,光熱・水道,253907
2007,35000,山口県,山口市,家具・家事用品,128930
2007,35000,山口県,山口市,被服及び履物,175483
2007,35000,山口県,山口市,保健医療,173351
2007,35000,山口県,山口市,交通・通信,559788
2007,35000,山口県,山口市,教育,122241
2007,35000,山口県,山口市,教養娯楽,393799
2007,35000,山口県,山口市,その他の消費支出,832979
2007,36000,徳島県,徳島市,食料,833317
2007,36000,徳島県,徳島市,住居,228586
2007,36000,徳島県,徳島市,光熱・水道,249064
2007,36000,徳島県,徳島市,家具・家事用品,121353
2007,36000,徳島県,徳島市,被服及び履物,166187
2007,36000,徳島県,徳島市,保健医療,142332
2007,36000,徳島県,徳島市,交通・通信,472734
2007,36000,徳島県,徳島市,教育,129332
2007,36000,徳島県,徳島市,教養娯楽,374194
2007,36000,徳島県,徳島市,その他の消費支出,860551
2007,37000,香川県,高松市,食料,877773
2007,37000,香川県,高松市,住居,164290
2007,37000,香川県,高松市,光熱・水道,244877
2007,37000,香川県,高松市,家具・家事用品,143297
2007,37000,香川県,高松市,被服及び履物,219555
2007,37000,香川県,高松市,保健医療,153098
2007,37000,香川県,高松市,交通・通信,510859
2007,37000,香川県,高松市,教育,179496
2007,37000,香川県,高松市,教養娯楽,487992
2007,37000,香川県,高松市,その他の消費支出,1147046
2007,38000,愛媛県,松山市,食料,858832
2007,38000,愛媛県,松山市,住居,272260
2007,38000,愛媛県,松山市,光熱・水道,253563
2007,38000,愛媛県,松山市,家具・家事用品,146362
2007,38000,愛媛県,松山市,被服及び履物,175309
2007,38000,愛媛県,松山市,保健医療,146463
2007,38000,愛媛県,松山市,交通・通信,416991
2007,38000,愛媛県,松山市,教育,138630
2007,38000,愛媛県,松山市,教養娯楽,407689
2007,38000,愛媛県,松山市,その他の消費支出,647232
2007,39000,高知県,高知市,食料,855675
2007,39000,高知県,高知市,住居,246731
2007,39000,高知県,高知市,光熱・水道,241732
2007,39000,高知県,高知市,家具・家事用品,124896
2007,39000,高知県,高知市,被服及び履物,126919
2007,39000,高知県,高知市,保健医療,129776
2007,39000,高知県,高知市,交通・通信,426377
2007,39000,高知県,高知市,教育,169554
2007,39000,高知県,高知市,教養娯楽,323933
2007,39000,高知県,高知市,その他の消費支出,769296
2007,40000,福岡県,福岡市,食料,892565
2007,40000,福岡県,福岡市,住居,252521
2007,40000,福岡県,福岡市,光熱・水道,249289
2007,40000,福岡県,福岡市,家具・家事用品,122244
2007,40000,福岡県,福岡市,被服及び履物,216606
2007,40000,福岡県,福岡市,保健医療,188786
2007,40000,福岡県,福岡市,交通・通信,488427
2007,40000,福岡県,福岡市,教育,159690
2007,40000,福岡県,福岡市,教養娯楽,438653
2007,40000,福岡県,福岡市,その他の消費支出,697453
2007,41000,佐賀県,佐賀市,食料,862552
2007,41000,佐賀県,佐賀市,住居,222760
2007,41000,佐賀県,佐賀市,光熱・水道,270807
2007,41000,佐賀県,佐賀市,家具・家事用品,120408
2007,41000,佐賀県,佐賀市,被服及び履物,181779
2007,41000,佐賀県,佐賀市,保健医療,184911
2007,41000,佐賀県,佐賀市,交通・通信,510661
2007,41000,佐賀県,佐賀市,教育,172521
2007,41000,佐賀県,佐賀市,教養娯楽,373618
2007,41000,佐賀県,佐賀市,その他の消費支出,867079
2007,42000,長崎県,長崎市,食料,850085
2007,42000,長崎県,長崎市,住居,292476
2007,42000,長崎県,長崎市,光熱・水道,270724
2007,42000,長崎県,長崎市,家具・家事用品,104547
2007,42000,長崎県,長崎市,被服及び履物,163527
2007,42000,長崎県,長崎市,保健医療,123552
2007,42000,長崎県,長崎市,交通・通信,376348
2007,42000,長崎県,長崎市,教育,151420
2007,42000,長崎県,長崎市,教養娯楽,345395
2007,42000,長崎県,長崎市,その他の消費支出,619526
2007,43000,熊本県,熊本市,食料,834227
2007,43000,熊本県,熊本市,住居,185512
2007,43000,熊本県,熊本市,光熱・水道,245600
2007,43000,熊本県,熊本市,家具・家事用品,90555
2007,43000,熊本県,熊本市,被服及び履物,195808
2007,43000,熊本県,熊本市,保健医療,148758
2007,43000,熊本県,熊本市,交通・通信,385909
2007,43000,熊本県,熊本市,教育,144188
2007,43000,熊本県,熊本市,教養娯楽,369222
2007,43000,熊本県,熊本市,その他の消費支出,674305
2007,44000,大分県,大分市,食料,837110
2007,44000,大分県,大分市,住居,200867
2007,44000,大分県,大分市,光熱・水道,234830
2007,44000,大分県,大分市,家具・家事用品,129291
2007,44000,大分県,大分市,被服及び履物,159265
2007,44000,大分県,大分市,保健医療,143301
2007,44000,大分県,大分市,交通・通信,535317
2007,44000,大分県,大分市,教育,138734
2007,44000,大分県,大分市,教養娯楽,355022
2007,44000,大分県,大分市,その他の消費支出,956700
2007,45000,宮崎県,宮崎市,食料,781095
2007,45000,宮崎県,宮崎市,住居,259951
2007,45000,宮崎県,宮崎市,光熱・水道,212913
2007,45000,宮崎県,宮崎市,家具・家事用品,117452
2007,45000,宮崎県,宮崎市,被服及び履物,161343
2007,45000,宮崎県,宮崎市,保健医療,155808
2007,45000,宮崎県,宮崎市,交通・通信,391156
2007,45000,宮崎県,宮崎市,教育,123505
2007,45000,宮崎県,宮崎市,教養娯楽,354235
2007,45000,宮崎県,宮崎市,その他の消費支出,628277
2007,46000,鹿児島県,鹿児島市,食料,831504
2007,46000,鹿児島県,鹿児島市,住居,277200
2007,46000,鹿児島県,鹿児島市,光熱・水道,240791
2007,46000,鹿児島県,鹿児島市,家具・家事用品,123749
2007,46000,鹿児島県,鹿児島市,被服及び履物,177669
2007,46000,鹿児島県,鹿児島市,保健医療,160360
2007,46000,鹿児島県,鹿児島市,交通・通信,455887
2007,46000,鹿児島県,鹿児島市,教育,148913
2007,46000,鹿児島県,鹿児島市,教養娯楽,350927
2007,46000,鹿児島県,鹿児島市,その他の消費支出,786241
2007,47000,沖縄県,那覇市,食料,671921
2007,47000,沖縄県,那覇市,住居,257112
2007,47000,沖縄県,那覇市,光熱・水道,241770
2007,47000,沖縄県,那覇市,家具・家事用品,79863
2007,47000,沖縄県,那覇市,被服及び履物,86072
2007,47000,沖縄県,那覇市,保健医療,116604
2007,47000,沖縄県,那覇市,交通・通信,305889
2007,47000,沖縄県,那覇市,教育,123638
2007,47000,沖縄県,那覇市,教養娯楽,232202
2007,47000,沖縄県,那覇市,その他の消費支出,526127
2008,01000,北海道,札幌市,食料,840034
2008,01000,北海道,札幌市,住居,284750
2008,01000,北海道,札幌市,光熱・水道,307849
2008,01000,北海道,札幌市,家具・家事用品,108849
2008,01000,北海道,札幌市,被服及び履物,152720
2008,01000,北海道,札幌市,保健医療,131587
2008,01000,北海道,札幌市,交通・通信,444545
2008,01000,北海道,札幌市,教育,129450
2008,01000,北海道,札幌市,教養娯楽,373614
2008,01000,北海道,札幌市,その他の消費支出,690913
2008,02000,青森県,青森市,食料,870424
2008,02000,青森県,青森市,住居,187729
2008,02000,青森県,青森市,光熱・水道,334276
2008,02000,青森県,青森市,家具・家事用品,111276
2008,02000,青森県,青森市,被服及び履物,150233
2008,02000,青森県,青森市,保健医療,128845
2008,02000,青森県,青森市,交通・通信,395174
2008,02000,青森県,青森市,教育,115122
2008,02000,青森県,青森市,教養娯楽,294376
2008,02000,青森県,青森市,その他の消費支出,564732
2008,03000,岩手県,盛岡市,食料,892676
2008,03000,岩手県,盛岡市,住居,204803
2008,03000,岩手県,盛岡市,光熱・水道,321271
2008,03000,岩手県,盛岡市,家具・家事用品,101995
2008,03000,岩手県,盛岡市,被服及び履物,136007
2008,03000,岩手県,盛岡市,保健医療,161626
2008,03000,岩手県,盛岡市,交通・通信,518833
2008,03000,岩手県,盛岡市,教育,97722
2008,03000,岩手県,盛岡市,教養娯楽,354164
2008,03000,岩手県,盛岡市,その他の消費支出,670168
2008,04000,宮城県,仙台市,食料,906383
2008,04000,宮城県,仙台市,住居,213094
2008,04000,宮城県,仙台市,光熱・水道,274656
2008,04000,宮城県,仙台市,家具・家事用品,107208
2008,04000,宮城県,仙台市,被服及び履物,155888
2008,04000,宮城県,仙台市,保健医療,144688
2008,04000,宮城県,仙台市,交通・通信,465182
2008,04000,宮城県,仙台市,教育,185839
2008,04000,宮城県,仙台市,教養娯楽,368358
2008,04000,宮城県,仙台市,その他の消費支出,690624
2008,05000,秋田県,秋田市,食料,906765
2008,05000,秋田県,秋田市,住居,219600
2008,05000,秋田県,秋田市,光熱・水道,317345
2008,05000,秋田県,秋田市,家具・家事用品,117639
2008,05000,秋田県,秋田市,被服及び履物,151970
2008,05000,秋田県,秋田市,保健医療,144775
2008,05000,秋田県,秋田市,交通・通信,396442
2008,05000,秋田県,秋田市,教育,148525
2008,05000,秋田県,秋田市,教養娯楽,350201
2008,05000,秋田県,秋田市,その他の消費支出,788915
2008,06000,山形県,山形市,食料,985540
2008,06000,山形県,山形市,住居,263914
2008,06000,山形県,山形市,光熱・水道,356519
2008,06000,山形県,山形市,家具・家事用品,136441
2008,06000,山形県,山形市,被服及び履物,168287
2008,06000,山形県,山形市,保健医療,160308
2008,06000,山形県,山形市,交通・通信,580491
2008,06000,山形県,山形市,教育,170020
2008,06000,山形県,山形市,教養娯楽,395300
2008,06000,山形県,山形市,その他の消費支出,859078
2008,07000,福島県,福島市,食料,898442
2008,07000,福島県,福島市,住居,181866
2008,07000,福島県,福島市,光熱・水道,321485
2008,07000,福島県,福島市,家具・家事用品,114639
2008,07000,福島県,福島市,被服及び履物,161188
2008,07000,福島県,福島市,保健医療,127833
2008,07000,福島県,福島市,交通・通信,513615
2008,07000,福島県,福島市,教育,155085
2008,07000,福島県,福島市,教養娯楽,423557
2008,07000,福島県,福島市,その他の消費支出,956169
2008,08000,茨城県,水戸市,食料,865817
2008,08000,茨城県,水戸市,住居,299201
2008,08000,茨城県,水戸市,光熱・水道,262768
2008,08000,茨城県,水戸市,家具・家事用品,123584
2008,08000,茨城県,水戸市,被服及び履物,186102
2008,08000,茨城県,水戸市,保健医療,145284
2008,08000,茨城県,水戸市,交通・通信,446441
2008,08000,茨城県,水戸市,教育,147006
2008,08000,茨城県,水戸市,教養娯楽,419064
2008,08000,茨城県,水戸市,その他の消費支出,714455
2008,09000,栃木県,宇都宮市,食料,958904
2008,09000,栃木県,宇都宮市,住居,352043
2008,09000,栃木県,宇都宮市,光熱・水道,301908
2008,09000,栃木県,宇都宮市,家具・家事用品,130370
2008,09000,栃木県,宇都宮市,被服及び履物,182747
2008,09000,栃木県,宇都宮市,保健医療,158703
2008,09000,栃木県,宇都宮市,交通・通信,532626
2008,09000,栃木県,宇都宮市,教育,111975
2008,09000,栃木県,宇都宮市,教養娯楽,485502
2008,09000,栃木県,宇都宮市,その他の消費支出,836915
2008,10000,群馬県,前橋市,食料,872604
2008,10000,群馬県,前橋市,住居,294102
2008,10000,群馬県,前橋市,光熱・水道,240006
2008,10000,群馬県,前橋市,家具・家事用品,114274
2008,10000,群馬県,前橋市,被服及び履物,158068
2008,10000,群馬県,前橋市,保健医療,142151
2008,10000,群馬県,前橋市,交通・通信,430179
2008,10000,群馬県,前橋市,教育,65888
2008,10000,群馬県,前橋市,教養娯楽,347229
2008,10000,群馬県,前橋市,その他の消費支出,735538
2008,11000,埼玉県,さいたま市,食料,1040478
2008,11000,埼玉県,さいたま市,住居,247030
2008,11000,埼玉県,さいたま市,光熱・水道,302586
2008,11000,埼玉県,さいたま市,家具・家事用品,139946
2008,11000,埼玉県,さいたま市,被服及び履物,200914
2008,11000,埼玉県,さいたま市,保健医療,167585
2008,11000,埼玉県,さいたま市,交通・通信,531294
2008,11000,埼玉県,さいたま市,教育,239584
2008,11000,埼玉県,さいたま市,教養娯楽,516198
2008,11000,埼玉県,さいたま市,その他の消費支出,668129
2008,12000,千葉県,千葉市,食料,924827
2008,12000,千葉県,千葉市,住居,177071
2008,12000,千葉県,千葉市,光熱・水道,243086
2008,12000,千葉県,千葉市,家具・家事用品,119409
2008,12000,千葉県,千葉市,被服及び履物,161643
2008,12000,千葉県,千葉市,保健医療,129864
2008,12000,千葉県,千葉市,交通・通信,464025
2008,12000,千葉県,千葉市,教育,167220
2008,12000,千葉県,千葉市,教養娯楽,481334
2008,12000,千葉県,千葉市,その他の消費支出,589826
2008,13000,東京都,東京,食料,1014536
2008,13000,東京都,東京,住居,282618
2008,13000,東京都,東京,光熱・水道,266688
2008,13000,東京都,東京,家具・家事用品,124578
2008,13000,東京都,東京,被服及び履物,187823
2008,13000,東京都,東京,保健医療,173811
2008,13000,東京都,東京,交通・通信,374757
2008,13000,東京都,東京,教育,229607
2008,13000,東京都,東京,教養娯楽,467042
2008,13000,東京都,東京,その他の消費支出,665759
2008,14000,神奈川県,横浜市,食料,1009950
2008,14000,神奈川県,横浜市,住居,204741
2008,14000,神奈川県,横浜市,光熱・水道,276902
2008,14000,神奈川県,横浜市,家具・家事用品,135701
2008,14000,神奈川県,横浜市,被服及び履物,187844
2008,14000,神奈川県,横浜市,保健医療,155029
2008,14000,神奈川県,横浜市,交通・通信,419712
2008,14000,神奈川県,横浜市,教育,160494
2008,14000,神奈川県,横浜市,教養娯楽,473932
2008,14000,神奈川県,横浜市,その他の消費支出,712789
2008,15000,新潟県,新潟市,食料,960430
2008,15000,新潟県,新潟市,住居,141207
2008,15000,新潟県,新潟市,光熱・水道,303393
2008,15000,新潟県,新潟市,家具・家事用品,97750
2008,15000,新潟県,新潟市,被服及び履物,150633
2008,15000,新潟県,新潟市,保健医療,137266
2008,15000,新潟県,新潟市,交通・通信,434789
2008,15000,新潟県,新潟市,教育,148116
2008,15000,新潟県,新潟市,教養娯楽,409838
2008,15000,新潟県,新潟市,その他の消費支出,742892
2008,16000,富山県,富山市,食料,957041
2008,16000,富山県,富山市,住居,239985
2008,16000,富山県,富山市,光熱・水道,318173
2008,16000,富山県,富山市,家具・家事用品,111099
2008,16000,富山県,富山市,被服及び履物,170744
2008,16000,富山県,富山市,保健医療,114740
2008,16000,富山県,富山市,交通・通信,581796
2008,16000,富山県,富山市,教育,119400
2008,16000,富山県,富山市,教養娯楽,384423
2008,16000,富山県,富山市,その他の消費支出,1115429
2008,17000,石川県,金沢市,食料,976298
2008,17000,石川県,金沢市,住居,233282
2008,17000,石川県,金沢市,光熱・水道,291736
2008,17000,石川県,金沢市,家具・家事用品,125109
2008,17000,石川県,金沢市,被服及び履物,171928
2008,17000,石川県,金沢市,保健医療,172389
2008,17000,石川県,金沢市,交通・通信,567270
2008,17000,石川県,金沢市,教育,123453
2008,17000,石川県,金沢市,教養娯楽,373388
2008,17000,石川県,金沢市,その他の消費支出,814891
2008,18000,福井県,福井市,食料,939741
2008,18000,福井県,福井市,住居,175933
2008,18000,福井県,福井市,光熱・水道,298870
2008,18000,福井県,福井市,家具・家事用品,116056
2008,18000,福井県,福井市,被服及び履物,145883
2008,18000,福井県,福井市,保健医療,186368
2008,18000,福井県,福井市,交通・通信,496380
2008,18000,福井県,福井市,教育,131336
2008,18000,福井県,福井市,教養娯楽,354930
2008,18000,福井県,福井市,その他の消費支出,946185
2008,19000,山梨県,甲府市,食料,913304
2008,19000,山梨県,甲府市,住居,141075
2008,19000,山梨県,甲府市,光熱・水道,286090
2008,19000,山梨県,甲府市,家具・家事用品,127095
2008,19000,山梨県,甲府市,被服及び履物,147712
2008,19000,山梨県,甲府市,保健医療,158189
2008,19000,山梨県,甲府市,交通・通信,403794
2008,19000,山梨県,甲府市,教育,156690
2008,19000,山梨県,甲府市,教養娯楽,366569
2008,19000,山梨県,甲府市,その他の消費支出,889580
2008,20000,長野県,長野市,食料,879363
2008,20000,長野県,長野市,住居,179520
2008,20000,長野県,長野市,光熱・水道,289737
2008,20000,長野県,長野市,家具・家事用品,120307
2008,20000,長野県,長野市,被服及び履物,147046
2008,20000,長野県,長野市,保健医療,142390
2008,20000,長野県,長野市,交通・通信,417504
2008,20000,長野県,長野市,教育,127205
2008,20000,長野県,長野市,教養娯楽,369899
2008,20000,長野県,長野市,その他の消費支出,902654
2008,21000,岐阜県,岐阜市,食料,904654
2008,21000,岐阜県,岐阜市,住居,142867
2008,21000,岐阜県,岐阜市,光熱・水道,296480
2008,21000,岐阜県,岐阜市,家具・家事用品,118752
2008,21000,岐阜県,岐阜市,被服及び履物,173665
2008,21000,岐阜県,岐阜市,保健医療,159156
2008,21000,岐阜県,岐阜市,交通・通信,457171
2008,21000,岐阜県,岐阜市,教育,225282
2008,21000,岐阜県,岐阜市,教養娯楽,414296
2008,21000,岐阜県,岐阜市,その他の消費支出,682258
2008,22000,静岡県,静岡市,食料,891458
2008,22000,静岡県,静岡市,住居,242069
2008,22000,静岡県,静岡市,光熱・水道,266671
2008,22000,静岡県,静岡市,家具・家事用品,133339
2008,22000,静岡県,静岡市,被服及び履物,159827
2008,22000,静岡県,静岡市,保健医療,156410
2008,22000,静岡県,静岡市,交通・通信,459036
2008,22000,静岡県,静岡市,教育,142031
2008,22000,静岡県,静岡市,教養娯楽,366314
2008,22000,静岡県,静岡市,その他の消費支出,775642
2008,23000,愛知県,名古屋市,食料,966100
2008,23000,愛知県,名古屋市,住居,181968
2008,23000,愛知県,名古屋市,光熱・水道,268183
2008,23000,愛知県,名古屋市,家具・家事用品,109738
2008,23000,愛知県,名古屋市,被服及び履物,191748
2008,23000,愛知県,名古屋市,保健医療,147008
2008,23000,愛知県,名古屋市,交通・通信,452302
2008,23000,愛知県,名古屋市,教育,187144
2008,23000,愛知県,名古屋市,教養娯楽,381277
2008,23000,愛知県,名古屋市,その他の消費支出,608056
2008,24000,三重県,津市,食料,859510
2008,24000,三重県,津市,住居,143455
2008,24000,三重県,津市,光熱・水道,252923
2008,24000,三重県,津市,家具・家事用品,143177
2008,24000,三重県,津市,被服及び履物,171754
2008,24000,三重県,津市,保健医療,187599
2008,24000,三重県,津市,交通・通信,560472
2008,24000,三重県,津市,教育,151879
2008,24000,三重県,津市,教養娯楽,474134
2008,24000,三重県,津市,その他の消費支出,777601
2008,25000,滋賀県,大津市,食料,982372
2008,25000,滋賀県,大津市,住居,147936
2008,25000,滋賀県,大津市,光熱・水道,262541
2008,25000,滋賀県,大津市,家具・家事用品,120848
2008,25000,滋賀県,大津市,被服及び履物,159525
2008,25000,滋賀県,大津市,保健医療,136241
2008,25000,滋賀県,大津市,交通・通信,562055
2008,25000,滋賀県,大津市,教育,185166
2008,25000,滋賀県,大津市,教養娯楽,442378
2008,25000,滋賀県,大津市,その他の消費支出,790747
2008,26000,京都府,京都市,食料,971712
2008,26000,京都府,京都市,住居,141340
2008,26000,京都府,京都市,光熱・水道,259266
2008,26000,京都府,京都市,家具・家事用品,100073
2008,26000,京都府,京都市,被服及び履物,142064
2008,26000,京都府,京都市,保健医療,134315
2008,26000,京都府,京都市,交通・通信,334583
2008,26000,京都府,京都市,教育,162255
2008,26000,京都府,京都市,教養娯楽,356336
2008,26000,京都府,京都市,その他の消費支出,569275
2008,27000,大阪府,大阪市,食料,967674
2008,27000,大阪府,大阪市,住居,285849
2008,27000,大阪府,大阪市,光熱・水道,251586
2008,27000,大阪府,大阪市,家具・家事用品,109461
2008,27000,大阪府,大阪市,被服及び履物,169289
2008,27000,大阪府,大阪市,保健医療,134670
2008,27000,大阪府,大阪市,交通・通信,325386
2008,27000,大阪府,大阪市,教育,157639
2008,27000,大阪府,大阪市,教養娯楽,382393
2008,27000,大阪府,大阪市,その他の消費支出,618475
2008,28000,兵庫県,神戸市,食料,981040
2008,28000,兵庫県,神戸市,住居,160686
2008,28000,兵庫県,神戸市,光熱・水道,237831
2008,28000,兵庫県,神戸市,家具・家事用品,136601
2008,28000,兵庫県,神戸市,被服及び履物,185955
2008,28000,兵庫県,神戸市,保健医療,155852
2008,28000,兵庫県,神戸市,交通・通信,412077
2008,28000,兵庫県,神戸市,教育,130651
2008,28000,兵庫県,神戸市,教養娯楽,437093
2008,28000,兵庫県,神戸市,その他の消費支出,645430
2008,29000,奈良県,奈良市,食料,975823
2008,29000,奈良県,奈良市,住居,209669
2008,29000,奈良県,奈良市,光熱・水道,272167
2008,29000,奈良県,奈良市,家具・家事用品,131702
2008,29000,奈良県,奈良市,被服及び履物,220704
2008,29000,奈良県,奈良市,保健医療,195473
2008,29000,奈良県,奈良市,交通・通信,555939
2008,29000,奈良県,奈良市,教育,206895
2008,29000,奈良県,奈良市,教養娯楽,532787
2008,29000,奈良県,奈良市,その他の消費支出,760179
2008,30000,和歌山県,和歌山市,食料,910853
2008,30000,和歌山県,和歌山市,住居,175637
2008,30000,和歌山県,和歌山市,光熱・水道,266652
2008,30000,和歌山県,和歌山市,家具・家事用品,109438
2008,30000,和歌山県,和歌山市,被服及び履物,131864
2008,30000,和歌山県,和歌山市,保健医療,135167
2008,30000,和歌山県,和歌山市,交通・通信,336763
2008,30000,和歌山県,和歌山市,教育,116282
2008,30000,和歌山県,和歌山市,教養娯楽,337426
2008,30000,和歌山県,和歌山市,その他の消費支出,614840
2008,31000,鳥取県,鳥取市,食料,875266
2008,31000,鳥取県,鳥取市,住居,274291
2008,31000,鳥取県,鳥取市,光熱・水道,267464
2008,31000,鳥取県,鳥取市,家具・家事用品,113539
2008,31000,鳥取県,鳥取市,被服及び履物,136564
2008,31000,鳥取県,鳥取市,保健医療,145110
2008,31000,鳥取県,鳥取市,交通・通信,363244
2008,31000,鳥取県,鳥取市,教育,118195
2008,31000,鳥取県,鳥取市,教養娯楽,325680
2008,31000,鳥取県,鳥取市,その他の消費支出,715147
2008,32000,島根県,松江市,食料,924864
2008,32000,島根県,松江市,住居,216966
2008,32000,島根県,松江市,光熱・水道,290746
2008,32000,島根県,松江市,家具・家事用品,136160
2008,32000,島根県,松江市,被服及び履物,177101
2008,32000,島根県,松江市,保健医療,135193
2008,32000,島根県,松江市,交通・通信,470562
2008,32000,島根県,松江市,教育,90979
2008,32000,島根県,松江市,教養娯楽,346317
2008,32000,島根県,松江市,その他の消費支出,801121
2008,33000,岡山県,岡山市,食料,836783
2008,33000,岡山県,岡山市,住居,198592
2008,33000,岡山県,岡山市,光熱・水道,267041
2008,33000,岡山県,岡山市,家具・家事用品,140425
2008,33000,岡山県,岡山市,被服及び履物,159519
2008,33000,岡山県,岡山市,保健医療,155983
2008,33000,岡山県,岡山市,交通・通信,494836
2008,33000,岡山県,岡山市,教育,125251
2008,33000,岡山県,岡山市,教養娯楽,382757
2008,33000,岡山県,岡山市,その他の消費支出,669431
2008,34000,広島県,広島市,食料,942713
2008,34000,広島県,広島市,住居,217688
2008,34000,広島県,広島市,光熱・水道,265355
2008,34000,広島県,広島市,家具・家事用品,126330
2008,34000,広島県,広島市,被服及び履物,202911
2008,34000,広島県,広島市,保健医療,156998
2008,34000,広島県,広島市,交通・通信,537207
2008,34000,広島県,広島市,教育,171298
2008,34000,広島県,広島市,教養娯楽,405516
2008,34000,広島県,広島市,その他の消費支出,842457
2008,35000,山口県,山口市,食料,879797
2008,35000,山口県,山口市,住居,207649
2008,35000,山口県,山口市,光熱・水道,272618
2008,35000,山口県,山口市,家具・家事用品,133771
2008,35000,山口県,山口市,被服及び履物,188681
2008,35000,山口県,山口市,保健医療,147569
2008,35000,山口県,山口市,交通・通信,617888
2008,35000,山口県,山口市,教育,156745
2008,35000,山口県,山口市,教養娯楽,398453
2008,35000,山口県,山口市,その他の消費支出,786434
2008,36000,徳島県,徳島市,食料,870371
2008,36000,徳島県,徳島市,住居,186178
2008,36000,徳島県,徳島市,光熱・水道,257185
2008,36000,徳島県,徳島市,家具・家事用品,136211
2008,36000,徳島県,徳島市,被服及び履物,186209
2008,36000,徳島県,徳島市,保健医療,166114
2008,36000,徳島県,徳島市,交通・通信,447427
2008,36000,徳島県,徳島市,教育,137570
2008,36000,徳島県,徳島市,教養娯楽,418670
2008,36000,徳島県,徳島市,その他の消費支出,1003234
2008,37000,香川県,高松市,食料,880442
2008,37000,香川県,高松市,住居,215988
2008,37000,香川県,高松市,光熱・水道,266082
2008,37000,香川県,高松市,家具・家事用品,135830
2008,37000,香川県,高松市,被服及び履物,181088
2008,37000,香川県,高松市,保健医療,148191
2008,37000,香川県,高松市,交通・通信,436988
2008,37000,香川県,高松市,教育,144021
2008,37000,香川県,高松市,教養娯楽,419820
2008,37000,香川県,高松市,その他の消費支出,1075611
2008,38000,愛媛県,松山市,食料,827081
2008,38000,愛媛県,松山市,住居,217839
2008,38000,愛媛県,松山市,光熱・水道,254834
2008,38000,愛媛県,松山市,家具・家事用品,120209
2008,38000,愛媛県,松山市,被服及び履物,146430
2008,38000,愛媛県,松山市,保健医療,144048
2008,38000,愛媛県,松山市,交通・通信,359033
2008,38000,愛媛県,松山市,教育,106127
2008,38000,愛媛県,松山市,教養娯楽,322456
2008,38000,愛媛県,松山市,その他の消費支出,737516
2008,39000,高知県,高知市,食料,880344
2008,39000,高知県,高知市,住居,271284
2008,39000,高知県,高知市,光熱・水道,270405
2008,39000,高知県,高知市,家具・家事用品,122489
2008,39000,高知県,高知市,被服及び履物,137611
2008,39000,高知県,高知市,保健医療,139536
2008,39000,高知県,高知市,交通・通信,453735
2008,39000,高知県,高知市,教育,130722
2008,39000,高知県,高知市,教養娯楽,332188
2008,39000,高知県,高知市,その他の消費支出,890426
2008,40000,福岡県,福岡市,食料,864310
2008,40000,福岡県,福岡市,住居,311035
2008,40000,福岡県,福岡市,光熱・水道,245335
2008,40000,福岡県,福岡市,家具・家事用品,116105
2008,40000,福岡県,福岡市,被服及び履物,177128
2008,40000,福岡県,福岡市,保健医療,163519
2008,40000,福岡県,福岡市,交通・通信,452764
2008,40000,福岡県,福岡市,教育,191159
2008,40000,福岡県,福岡市,教養娯楽,388934
2008,40000,福岡県,福岡市,その他の消費支出,708343
2008,41000,佐賀県,佐賀市,食料,816066
2008,41000,佐賀県,佐賀市,住居,273780
2008,41000,佐賀県,佐賀市,光熱・水道,271026
2008,41000,佐賀県,佐賀市,家具・家事用品,104823
2008,41000,佐賀県,佐賀市,被服及び履物,139629
2008,41000,佐賀県,佐賀市,保健医療,153425
2008,41000,佐賀県,佐賀市,交通・通信,458325
2008,41000,佐賀県,佐賀市,教育,175788
2008,41000,佐賀県,佐賀市,教養娯楽,340323
2008,41000,佐賀県,佐賀市,その他の消費支出,627065
2008,42000,長崎県,長崎市,食料,878008
2008,42000,長崎県,長崎市,住居,239873
2008,42000,長崎県,長崎市,光熱・水道,266554
2008,42000,長崎県,長崎市,家具・家事用品,119618
2008,42000,長崎県,長崎市,被服及び履物,170934
2008,42000,長崎県,長崎市,保健医療,138505
2008,42000,長崎県,長崎市,交通・通信,365081
2008,42000,長崎県,長崎市,教育,109073
2008,42000,長崎県,長崎市,教養娯楽,317451
2008,42000,長崎県,長崎市,その他の消費支出,654604
2008,43000,熊本県,熊本市,食料,856342
2008,43000,熊本県,熊本市,住居,281609
2008,43000,熊本県,熊本市,光熱・水道,260188
2008,43000,熊本県,熊本市,家具・家事用品,116515
2008,43000,熊本県,熊本市,被服及び履物,174636
2008,43000,熊本県,熊本市,保健医療,145185
2008,43000,熊本県,熊本市,交通・通信,392859
2008,43000,熊本県,熊本市,教育,159498
2008,43000,熊本県,熊本市,教養娯楽,345948
2008,43000,熊本県,熊本市,その他の消費支出,651597
2008,44000,大分県,大分市,食料,856110
2008,44000,大分県,大分市,住居,235298
2008,44000,大分県,大分市,光熱・水道,228913
2008,44000,大分県,大分市,家具・家事用品,139259
2008,44000,大分県,大分市,被服及び履物,174629
2008,44000,大分県,大分市,保健医療,125941
2008,44000,大分県,大分市,交通・通信,508153
2008,44000,大分県,大分市,教育,158773
2008,44000,大分県,大分市,教養娯楽,332215
2008,44000,大分県,大分市,その他の消費支出,826344
2008,45000,宮崎県,宮崎市,食料,797508
2008,45000,宮崎県,宮崎市,住居,191486
2008,45000,宮崎県,宮崎市,光熱・水道,216625
2008,45000,宮崎県,宮崎市,家具・家事用品,117451
2008,45000,宮崎県,宮崎市,被服及び履物,120492
2008,45000,宮崎県,宮崎市,保健医療,164847
2008,45000,宮崎県,宮崎市,交通・通信,477501
2008,45000,宮崎県,宮崎市,教育,101128
2008,45000,宮崎県,宮崎市,教養娯楽,348668
2008,45000,宮崎県,宮崎市,その他の消費支出,662288
2008,46000,鹿児島県,鹿児島市,食料,826479
2008,46000,鹿児島県,鹿児島市,住居,271950
2008,46000,鹿児島県,鹿児島市,光熱・水道,236042
2008,46000,鹿児島県,鹿児島市,家具・家事用品,112170
2008,46000,鹿児島県,鹿児島市,被服及び履物,148365
2008,46000,鹿児島県,鹿児島市,保健医療,135526
2008,46000,鹿児島県,鹿児島市,交通・通信,462742
2008,46000,鹿児島県,鹿児島市,教育,187571
2008,46000,鹿児島県,鹿児島市,教養娯楽,342298
2008,46000,鹿児島県,鹿児島市,その他の消費支出,714083
2008,47000,沖縄県,那覇市,食料,732325
2008,47000,沖縄県,那覇市,住居,335877
2008,47000,沖縄県,那覇市,光熱・水道,251036
2008,47000,沖縄県,那覇市,家具・家事用品,88727
2008,47000,沖縄県,那覇市,被服及び履物,105794
2008,47000,沖縄県,那覇市,保健医療,124676
2008,47000,沖縄県,那覇市,交通・通信,402593
2008,47000,沖縄県,那覇市,教育,125109
2008,47000,沖縄県,那覇市,教養娯楽,254543
2008,47000,沖縄県,那覇市,その他の消費支出,545980
2009,01000,北海道,札幌市,食料,824488
2009,01000,北海道,札幌市,住居,226249
2009,01000,北海道,札幌市,光熱・水道,276481
2009,01000,北海道,札幌市,家具・家事用品,99829
2009,01000,北海道,札幌市,被服及び履物,162831
2009,01000,北海道,札幌市,保健医療,158248
2009,01000,北海道,札幌市,交通・通信,457935
2009,01000,北海道,札幌市,教育,142247
2009,01000,北海道,札幌市,教養娯楽,406137
2009,01000,北海道,札幌市,その他の消費支出,711571
2009,02000,青森県,青森市,食料,851539
2009,02000,青森県,青森市,住居,199924
2009,02000,青森県,青森市,光熱・水道,317595
2009,02000,青森県,青森市,家具・家事用品,111378
2009,02000,青森県,青森市,被服及び履物,119506
2009,02000,青森県,青森市,保健医療,129785
2009,02000,青森県,青森市,交通・通信,403000
2009,02000,青森県,青森市,教育,135341
2009,02000,青森県,青森市,教養娯楽,270777
2009,02000,青森県,青森市,その他の消費支出,584320
2009,03000,岩手県,盛岡市,食料,876279
2009,03000,岩手県,盛岡市,住居,175530
2009,03000,岩手県,盛岡市,光熱・水道,283135
2009,03000,岩手県,盛岡市,家具・家事用品,110262
2009,03000,岩手県,盛岡市,被服及び履物,155109
2009,03000,岩手県,盛岡市,保健医療,160912
2009,03000,岩手県,盛岡市,交通・通信,498680
2009,03000,岩手県,盛岡市,教育,105758
2009,03000,岩手県,盛岡市,教養娯楽,363939
2009,03000,岩手県,盛岡市,その他の消費支出,725568
2009,04000,宮城県,仙台市,食料,933254
2009,04000,宮城県,仙台市,住居,222227
2009,04000,宮城県,仙台市,光熱・水道,269756
2009,04000,宮城県,仙台市,家具・家事用品,130769
2009,04000,宮城県,仙台市,被服及び履物,175553
2009,04000,宮城県,仙台市,保健医療,163027
2009,04000,宮城県,仙台市,交通・通信,379188
2009,04000,宮城県,仙台市,教育,142046
2009,04000,宮城県,仙台市,教養娯楽,399202
2009,04000,宮城県,仙台市,その他の消費支出,647134
2009,05000,秋田県,秋田市,食料,852007
2009,05000,秋田県,秋田市,住居,161894
2009,05000,秋田県,秋田市,光熱・水道,279014
2009,05000,秋田県,秋田市,家具・家事用品,109410
2009,05000,秋田県,秋田市,被服及び履物,128965
2009,05000,秋田県,秋田市,保健医療,148088
2009,05000,秋田県,秋田市,交通・通信,551648
2009,05000,秋田県,秋田市,教育,145709
2009,05000,秋田県,秋田市,教養娯楽,331341
2009,05000,秋田県,秋田市,その他の消費支出,660602
2009,06000,山形県,山形市,食料,912239
2009,06000,山形県,山形市,住居,211550
2009,06000,山形県,山形市,光熱・水道,346899
2009,06000,山形県,山形市,家具・家事用品,115293
2009,06000,山形県,山形市,被服及び履物,141678
2009,06000,山形県,山形市,保健医療,168229
2009,06000,山形県,山形市,交通・通信,490549
2009,06000,山形県,山形市,教育,180991
2009,06000,山形県,山形市,教養娯楽,344557
2009,06000,山形県,山形市,その他の消費支出,701224
2009,07000,福島県,福島市,食料,970315
2009,07000,福島県,福島市,住居,135973
2009,07000,福島県,福島市,光熱・水道,309933
2009,07000,福島県,福島市,家具・家事用品,131189
2009,07000,福島県,福島市,被服及び履物,166528
2009,07000,福島県,福島市,保健医療,163871
2009,07000,福島県,福島市,交通・通信,516449
2009,07000,福島県,福島市,教育,140993
2009,07000,福島県,福島市,教養娯楽,384390
2009,07000,福島県,福島市,その他の消費支出,866607
2009,08000,茨城県,水戸市,食料,914435
2009,08000,茨城県,水戸市,住居,185460
2009,08000,茨城県,水戸市,光熱・水道,259778
2009,08000,茨城県,水戸市,家具・家事用品,132795
2009,08000,茨城県,水戸市,被服及び履物,177769
2009,08000,茨城県,水戸市,保健医療,184215
2009,08000,茨城県,水戸市,交通・通信,540792
2009,08000,茨城県,水戸市,教育,156435
2009,08000,茨城県,水戸市,教養娯楽,404729
2009,08000,茨城県,水戸市,その他の消費支出,872595
2009,09000,栃木県,宇都宮市,食料,918746
2009,09000,栃木県,宇都宮市,住居,225341
2009,09000,栃木県,宇都宮市,光熱・水道,266574
2009,09000,栃木県,宇都宮市,家具・家事用品,119959
2009,09000,栃木県,宇都宮市,被服及び履物,180159
2009,09000,栃木県,宇都宮市,保健医療,177203
2009,09000,栃木県,宇都宮市,交通・通信,479061
2009,09000,栃木県,宇都宮市,教育,128877
2009,09000,栃木県,宇都宮市,教養娯楽,449002
2009,09000,栃木県,宇都宮市,その他の消費支出,687214
2009,10000,群馬県,前橋市,食料,903225
2009,10000,群馬県,前橋市,住居,170071
2009,10000,群馬県,前橋市,光熱・水道,221986
2009,10000,群馬県,前橋市,家具・家事用品,114206
2009,10000,群馬県,前橋市,被服及び履物,158827
2009,10000,群馬県,前橋市,保健医療,159438
2009,10000,群馬県,前橋市,交通・通信,429552
2009,10000,群馬県,前橋市,教育,92512
2009,10000,群馬県,前橋市,教養娯楽,406390
2009,10000,群馬県,前橋市,その他の消費支出,755370
2009,11000,埼玉県,さいたま市,食料,1014045
2009,11000,埼玉県,さいたま市,住居,236411
2009,11000,埼玉県,さいたま市,光熱・水道,278229
2009,11000,埼玉県,さいたま市,家具・家事用品,134071
2009,11000,埼玉県,さいたま市,被服及び履物,214316
2009,11000,埼玉県,さいたま市,保健医療,165651
2009,11000,埼玉県,さいたま市,交通・通信,460704
2009,11000,埼玉県,さいたま市,教育,358994
2009,11000,埼玉県,さいたま市,教養娯楽,543634
2009,11000,埼玉県,さいたま市,その他の消費支出,692688
2009,12000,千葉県,千葉市,食料,959542
2009,12000,千葉県,千葉市,住居,118834
2009,12000,千葉県,千葉市,光熱・水道,248266
2009,12000,千葉県,千葉市,家具・家事用品,119536
2009,12000,千葉県,千葉市,被服及び履物,164526
2009,12000,千葉県,千葉市,保健医療,190177
2009,12000,千葉県,千葉市,交通・通信,388926
2009,12000,千葉県,千葉市,教育,176159
2009,12000,千葉県,千葉市,教養娯楽,456633
2009,12000,千葉県,千葉市,その他の消費支出,727900
2009,13000,東京都,東京,食料,1048903
2009,13000,東京都,東京,住居,294039
2009,13000,東京都,東京,光熱・水道,257958
2009,13000,東京都,東京,家具・家事用品,131627
2009,13000,東京都,東京,被服及び履物,201775
2009,13000,東京都,東京,保健医療,188381
2009,13000,東京都,東京,交通・通信,401736
2009,13000,東京都,東京,教育,221945
2009,13000,東京都,東京,教養娯楽,485030
2009,13000,東京都,東京,その他の消費支出,683707
2009,14000,神奈川県,横浜市,食料,974763
2009,14000,神奈川県,横浜市,住居,181833
2009,14000,神奈川県,横浜市,光熱・水道,244493
2009,14000,神奈川県,横浜市,家具・家事用品,115740
2009,14000,神奈川県,横浜市,被服及び履物,183794
2009,14000,神奈川県,横浜市,保健医療,184704
2009,14000,神奈川県,横浜市,交通・通信,475342
2009,14000,神奈川県,横浜市,教育,209400
2009,14000,神奈川県,横浜市,教養娯楽,495931
2009,14000,神奈川県,横浜市,その他の消費支出,730248
2009,15000,新潟県,新潟市,食料,927713
2009,15000,新潟県,新潟市,住居,196002
2009,15000,新潟県,新潟市,光熱・水道,293439
2009,15000,新潟県,新潟市,家具・家事用品,118945
2009,15000,新潟県,新潟市,被服及び履物,161399
2009,15000,新潟県,新潟市,保健医療,149890
2009,15000,新潟県,新潟市,交通・通信,433956
2009,15000,新潟県,新潟市,教育,142526
2009,15000,新潟県,新潟市,教養娯楽,382226
2009,15000,新潟県,新潟市,その他の消費支出,747865
2009,16000,富山県,富山市,食料,940183
2009,16000,富山県,富山市,住居,260643
2009,16000,富山県,富山市,光熱・水道,307150
2009,16000,富山県,富山市,家具・家事用品,157427
2009,16000,富山県,富山市,被服及び履物,161698
2009,16000,富山県,富山市,保健医療,135012
2009,16000,富山県,富山市,交通・通信,453382
2009,16000,富山県,富山市,教育,125613
2009,16000,富山県,富山市,教養娯楽,374082
2009,16000,富山県,富山市,その他の消費支出,859698
2009,17000,石川県,金沢市,食料,995694
2009,17000,石川県,金沢市,住居,178417
2009,17000,石川県,金沢市,光熱・水道,288785
2009,17000,石川県,金沢市,家具・家事用品,138579
2009,17000,石川県,金沢市,被服及び履物,181919
2009,17000,石川県,金沢市,保健医療,176518
2009,17000,石川県,金沢市,交通・通信,597706
2009,17000,石川県,金沢市,教育,240328
2009,17000,石川県,金沢市,教養娯楽,427628
2009,17000,石川県,金沢市,その他の消費支出,872475
2009,18000,福井県,福井市,食料,972162
2009,18000,福井県,福井市,住居,97497
2009,18000,福井県,福井市,光熱・水道,286284
2009,18000,福井県,福井市,家具・家事用品,140411
2009,18000,福井県,福井市,被服及び履物,149199
2009,18000,福井県,福井市,保健医療,171650
2009,18000,福井県,福井市,交通・通信,462987
2009,18000,福井県,福井市,教育,154162
2009,18000,福井県,福井市,教養娯楽,374391
2009,18000,福井県,福井市,その他の消費支出,900715
2009,19000,山梨県,甲府市,食料,968684
2009,19000,山梨県,甲府市,住居,171878
2009,19000,山梨県,甲府市,光熱・水道,258164
2009,19000,山梨県,甲府市,家具・家事用品,109231
2009,19000,山梨県,甲府市,被服及び履物,167140
2009,19000,山梨県,甲府市,保健医療,125164
2009,19000,山梨県,甲府市,交通・通信,475418
2009,19000,山梨県,甲府市,教育,137713
2009,19000,山梨県,甲府市,教養娯楽,415452
2009,19000,山梨県,甲府市,その他の消費支出,796034
2009,20000,長野県,長野市,食料,899671
2009,20000,長野県,長野市,住居,181898
2009,20000,長野県,長野市,光熱・水道,279318
2009,20000,長野県,長野市,家具・家事用品,135089
2009,20000,長野県,長野市,被服及び履物,168217
2009,20000,長野県,長野市,保健医療,169393
2009,20000,長野県,長野市,交通・通信,464077
2009,20000,長野県,長野市,教育,126267
2009,20000,長野県,長野市,教養娯楽,405848
2009,20000,長野県,長野市,その他の消費支出,906995
2009,21000,岐阜県,岐阜市,食料,998478
2009,21000,岐阜県,岐阜市,住居,199929
2009,21000,岐阜県,岐阜市,光熱・水道,284073
2009,21000,岐阜県,岐阜市,家具・家事用品,128288
2009,21000,岐阜県,岐阜市,被服及び履物,171386
2009,21000,岐阜県,岐阜市,保健医療,136659
2009,21000,岐阜県,岐阜市,交通・通信,537339
2009,21000,岐阜県,岐阜市,教育,241317
2009,21000,岐阜県,岐阜市,教養娯楽,404005
2009,21000,岐阜県,岐阜市,その他の消費支出,715357
2009,22000,静岡県,静岡市,食料,924568
2009,22000,静岡県,静岡市,住居,324166
2009,22000,静岡県,静岡市,光熱・水道,276784
2009,22000,静岡県,静岡市,家具・家事用品,115893
2009,22000,静岡県,静岡市,被服及び履物,161134
2009,22000,静岡県,静岡市,保健医療,179987
2009,22000,静岡県,静岡市,交通・通信,405589
2009,22000,静岡県,静岡市,教育,119139
2009,22000,静岡県,静岡市,教養娯楽,390184
2009,22000,静岡県,静岡市,その他の消費支出,716435
2009,23000,愛知県,名古屋市,食料,945762
2009,23000,愛知県,名古屋市,住居,218730
2009,23000,愛知県,名古屋市,光熱・水道,262807
2009,23000,愛知県,名古屋市,家具・家事用品,111153
2009,23000,愛知県,名古屋市,被服及び履物,186443
2009,23000,愛知県,名古屋市,保健医療,150799
2009,23000,愛知県,名古屋市,交通・通信,403094
2009,23000,愛知県,名古屋市,教育,190932
2009,23000,愛知県,名古屋市,教養娯楽,396281
2009,23000,愛知県,名古屋市,その他の消費支出,593110
2009,24000,三重県,津市,食料,853349
2009,24000,三重県,津市,住居,182574
2009,24000,三重県,津市,光熱・水道,241523
2009,24000,三重県,津市,家具・家事用品,130821
2009,24000,三重県,津市,被服及び履物,169069
2009,24000,三重県,津市,保健医療,141816
2009,24000,三重県,津市,交通・通信,463016
2009,24000,三重県,津市,教育,142576
2009,24000,三重県,津市,教養娯楽,458819
2009,24000,三重県,津市,その他の消費支出,738628
2009,25000,滋賀県,大津市,食料,927612
2009,25000,滋賀県,大津市,住居,120394
2009,25000,滋賀県,大津市,光熱・水道,273961
2009,25000,滋賀県,大津市,家具・家事用品,122386
2009,25000,滋賀県,大津市,被服及び履物,172478
2009,25000,滋賀県,大津市,保健医療,174241
2009,25000,滋賀県,大津市,交通・通信,706377
2009,25000,滋賀県,大津市,教育,153937
2009,25000,滋賀県,大津市,教養娯楽,412827
2009,25000,滋賀県,大津市,その他の消費支出,719364
2009,26000,京都府,京都市,食料,981706
2009,26000,京都府,京都市,住居,127399
2009,26000,京都府,京都市,光熱・水道,256314
2009,26000,京都府,京都市,家具・家事用品,134604
2009,26000,京都府,京都市,被服及び履物,146414
2009,26000,京都府,京都市,保健医療,155893
2009,26000,京都府,京都市,交通・通信,407689
2009,26000,京都府,京都市,教育,185018
2009,26000,京都府,京都市,教養娯楽,359764
2009,26000,京都府,京都市,その他の消費支出,584888
2009,27000,大阪府,大阪市,食料,893352
2009,27000,大阪府,大阪市,住居,276816
2009,27000,大阪府,大阪市,光熱・水道,239300
2009,27000,大阪府,大阪市,家具・家事用品,93821
2009,27000,大阪府,大阪市,被服及び履物,144462
2009,27000,大阪府,大阪市,保健医療,132777
2009,27000,大阪府,大阪市,交通・通信,343106
2009,27000,大阪府,大阪市,教育,150365
2009,27000,大阪府,大阪市,教養娯楽,338031
2009,27000,大阪府,大阪市,その他の消費支出,636542
2009,28000,兵庫県,神戸市,食料,975606
2009,28000,兵庫県,神戸市,住居,177827
2009,28000,兵庫県,神戸市,光熱・水道,234788
2009,28000,兵庫県,神戸市,家具・家事用品,113769
2009,28000,兵庫県,神戸市,被服及び履物,191835
2009,28000,兵庫県,神戸市,保健医療,142317
2009,28000,兵庫県,神戸市,交通・通信,452012
2009,28000,兵庫県,神戸市,教育,149673
2009,28000,兵庫県,神戸市,教養娯楽,427903
2009,28000,兵庫県,神戸市,その他の消費支出,539790
2009,29000,奈良県,奈良市,食料,1006255
2009,29000,奈良県,奈良市,住居,170859
2009,29000,奈良県,奈良市,光熱・水道,265734
2009,29000,奈良県,奈良市,家具・家事用品,126676
2009,29000,奈良県,奈良市,被服及び履物,172847
2009,29000,奈良県,奈良市,保健医療,184286
2009,29000,奈良県,奈良市,交通・通信,645297
2009,29000,奈良県,奈良市,教育,184647
2009,29000,奈良県,奈良市,教養娯楽,487518
2009,29000,奈良県,奈良市,その他の消費支出,705444
2009,30000,和歌山県,和歌山市,食料,861055
2009,30000,和歌山県,和歌山市,住居,159010
2009,30000,和歌山県,和歌山市,光熱・水道,232682
2009,30000,和歌山県,和歌山市,家具・家事用品,115805
2009,30000,和歌山県,和歌山市,被服及び履物,131657
2009,30000,和歌山県,和歌山市,保健医療,148963
2009,30000,和歌山県,和歌山市,交通・通信,362101
2009,30000,和歌山県,和歌山市,教育,94164
2009,30000,和歌山県,和歌山市,教養娯楽,351478
2009,30000,和歌山県,和歌山市,その他の消費支出,668732
2009,31000,鳥取県,鳥取市,食料,838856
2009,31000,鳥取県,鳥取市,住居,259298
2009,31000,鳥取県,鳥取市,光熱・水道,253091
2009,31000,鳥取県,鳥取市,家具・家事用品,108907
2009,31000,鳥取県,鳥取市,被服及び履物,118983
2009,31000,鳥取県,鳥取市,保健医療,133292
2009,31000,鳥取県,鳥取市,交通・通信,422292
2009,31000,鳥取県,鳥取市,教育,106419
2009,31000,鳥取県,鳥取市,教養娯楽,309802
2009,31000,鳥取県,鳥取市,その他の消費支出,600730
2009,32000,島根県,松江市,食料,878211
2009,32000,島根県,松江市,住居,259783
2009,32000,島根県,松江市,光熱・水道,289290
2009,32000,島根県,松江市,家具・家事用品,119323
2009,32000,島根県,松江市,被服及び履物,148720
2009,32000,島根県,松江市,保健医療,143329
2009,32000,島根県,松江市,交通・通信,437527
2009,32000,島根県,松江市,教育,98587
2009,32000,島根県,松江市,教養娯楽,343004
2009,32000,島根県,松江市,その他の消費支出,748075
2009,33000,岡山県,岡山市,食料,801375
2009,33000,岡山県,岡山市,住居,245380
2009,33000,岡山県,岡山市,光熱・水道,259207
2009,33000,岡山県,岡山市,家具・家事用品,125785
2009,33000,岡山県,岡山市,被服及び履物,162534
2009,33000,岡山県,岡山市,保健医療,154868
2009,33000,岡山県,岡山市,交通・通信,507945
2009,33000,岡山県,岡山市,教育,151725
2009,33000,岡山県,岡山市,教養娯楽,348153
2009,33000,岡山県,岡山市,その他の消費支出,678567
2009,34000,広島県,広島市,食料,925983
2009,34000,広島県,広島市,住居,267135
2009,34000,広島県,広島市,光熱・水道,282196
2009,34000,広島県,広島市,家具・家事用品,131455
2009,34000,広島県,広島市,被服及び履物,183032
2009,34000,広島県,広島市,保健医療,154591
2009,34000,広島県,広島市,交通・通信,477323
2009,34000,広島県,広島市,教育,186354
2009,34000,広島県,広島市,教養娯楽,402675
2009,34000,広島県,広島市,その他の消費支出,780137
2009,35000,山口県,山口市,食料,863397
2009,35000,山口県,山口市,住居,283040
2009,35000,山口県,山口市,光熱・水道,263698
2009,35000,山口県,山口市,家具・家事用品,140314
2009,35000,山口県,山口市,被服及び履物,160407
2009,35000,山口県,山口市,保健医療,147226
2009,35000,山口県,山口市,交通・通信,637170
2009,35000,山口県,山口市,教育,134115
2009,35000,山口県,山口市,教養娯楽,393963
2009,35000,山口県,山口市,その他の消費支出,837143
2009,36000,徳島県,徳島市,食料,839825
2009,36000,徳島県,徳島市,住居,219481
2009,36000,徳島県,徳島市,光熱・水道,233165
2009,36000,徳島県,徳島市,家具・家事用品,132105
2009,36000,徳島県,徳島市,被服及び履物,143368
2009,36000,徳島県,徳島市,保健医療,165819
2009,36000,徳島県,徳島市,交通・通信,478752
2009,36000,徳島県,徳島市,教育,143988
2009,36000,徳島県,徳島市,教養娯楽,379955
2009,36000,徳島県,徳島市,その他の消費支出,801548
2009,37000,香川県,高松市,食料,845154
2009,37000,香川県,高松市,住居,184361
2009,37000,香川県,高松市,光熱・水道,243523
2009,37000,香川県,高松市,家具・家事用品,141926
2009,37000,香川県,高松市,被服及び履物,162420
2009,37000,香川県,高松市,保健医療,179487
2009,37000,香川県,高松市,交通・通信,454977
2009,37000,香川県,高松市,教育,133191
2009,37000,香川県,高松市,教養娯楽,448036
2009,37000,香川県,高松市,その他の消費支出,905572
2009,38000,愛媛県,松山市,食料,798043
2009,38000,愛媛県,松山市,住居,177510
2009,38000,愛媛県,松山市,光熱・水道,239770
2009,38000,愛媛県,松山市,家具・家事用品,134871
2009,38000,愛媛県,松山市,被服及び履物,143099
2009,38000,愛媛県,松山市,保健医療,128653
2009,38000,愛媛県,松山市,交通・通信,352858
2009,38000,愛媛県,松山市,教育,115525
2009,38000,愛媛県,松山市,教養娯楽,334427
2009,38000,愛媛県,松山市,その他の消費支出,574956
2009,39000,高知県,高知市,食料,863182
2009,39000,高知県,高知市,住居,303126
2009,39000,高知県,高知市,光熱・水道,257965
2009,39000,高知県,高知市,家具・家事用品,101905
2009,39000,高知県,高知市,被服及び履物,139015
2009,39000,高知県,高知市,保健医療,139093
2009,39000,高知県,高知市,交通・通信,685645
2009,39000,高知県,高知市,教育,170107
2009,39000,高知県,高知市,教養娯楽,363372
2009,39000,高知県,高知市,その他の消費支出,777054
2009,40000,福岡県,福岡市,食料,847052
2009,40000,福岡県,福岡市,住居,259798
2009,40000,福岡県,福岡市,光熱・水道,251249
2009,40000,福岡県,福岡市,家具・家事用品,140569
2009,40000,福岡県,福岡市,被服及び履物,174106
2009,40000,福岡県,福岡市,保健医療,172997
2009,40000,福岡県,福岡市,交通・通信,444671
2009,40000,福岡県,福岡市,教育,156050
2009,40000,福岡県,福岡市,教養娯楽,374833
2009,40000,福岡県,福岡市,その他の消費支出,765549
2009,41000,佐賀県,佐賀市,食料,867021
2009,41000,佐賀県,佐賀市,住居,240544
2009,41000,佐賀県,佐賀市,光熱・水道,274706
2009,41000,佐賀県,佐賀市,家具・家事用品,113686
2009,41000,佐賀県,佐賀市,被服及び履物,167678
2009,41000,佐賀県,佐賀市,保健医療,170600
2009,41000,佐賀県,佐賀市,交通・通信,448048
2009,41000,佐賀県,佐賀市,教育,137545
2009,41000,佐賀県,佐賀市,教養娯楽,363188
2009,41000,佐賀県,佐賀市,その他の消費支出,956825
2009,42000,長崎県,長崎市,食料,859433
2009,42000,長崎県,長崎市,住居,147938
2009,42000,長崎県,長崎市,光熱・水道,264088
2009,42000,長崎県,長崎市,家具・家事用品,120759
2009,42000,長崎県,長崎市,被服及び履物,148012
2009,42000,長崎県,長崎市,保健医療,125412
2009,42000,長崎県,長崎市,交通・通信,383344
2009,42000,長崎県,長崎市,教育,95908
2009,42000,長崎県,長崎市,教養娯楽,314213
2009,42000,長崎県,長崎市,その他の消費支出,716149
2009,43000,熊本県,熊本市,食料,867994
2009,43000,熊本県,熊本市,住居,200909
2009,43000,熊本県,熊本市,光熱・水道,263915
2009,43000,熊本県,熊本市,家具・家事用品,126706
2009,43000,熊本県,熊本市,被服及び履物,177850
2009,43000,熊本県,熊本市,保健医療,152305
2009,43000,熊本県,熊本市,交通・通信,436703
2009,43000,熊本県,熊本市,教育,175729
2009,43000,熊本県,熊本市,教養娯楽,394710
2009,43000,熊本県,熊本市,その他の消費支出,676766
2009,44000,大分県,大分市,食料,846189
2009,44000,大分県,大分市,住居,206186
2009,44000,大分県,大分市,光熱・水道,236983
2009,44000,大分県,大分市,家具・家事用品,120754
2009,44000,大分県,大分市,被服及び履物,159870
2009,44000,大分県,大分市,保健医療,141471
2009,44000,大分県,大分市,交通・通信,489489
2009,44000,大分県,大分市,教育,116959
2009,44000,大分県,大分市,教養娯楽,345611
2009,44000,大分県,大分市,その他の消費支出,743226
2009,45000,宮崎県,宮崎市,食料,767341
2009,45000,宮崎県,宮崎市,住居,236982
2009,45000,宮崎県,宮崎市,光熱・水道,218903
2009,45000,宮崎県,宮崎市,家具・家事用品,101410
2009,45000,宮崎県,宮崎市,被服及び履物,110709
2009,45000,宮崎県,宮崎市,保健医療,122355
2009,45000,宮崎県,宮崎市,交通・通信,401585
2009,45000,宮崎県,宮崎市,教育,108473
2009,45000,宮崎県,宮崎市,教養娯楽,282980
2009,45000,宮崎県,宮崎市,その他の消費支出,568965
2009,46000,鹿児島県,鹿児島市,食料,860967
2009,46000,鹿児島県,鹿児島市,住居,223927
2009,46000,鹿児島県,鹿児島市,光熱・水道,238297
2009,46000,鹿児島県,鹿児島市,家具・家事用品,132490
2009,46000,鹿児島県,鹿児島市,被服及び履物,183261
2009,46000,鹿児島県,鹿児島市,保健医療,149331
2009,46000,鹿児島県,鹿児島市,交通・通信,512925
2009,46000,鹿児島県,鹿児島市,教育,219981
2009,46000,鹿児島県,鹿児島市,教養娯楽,391318
2009,46000,鹿児島県,鹿児島市,その他の消費支出,824245
2009,47000,沖縄県,那覇市,食料,757581
2009,47000,沖縄県,那覇市,住居,288814
2009,47000,沖縄県,那覇市,光熱・水道,245575
2009,47000,沖縄県,那覇市,家具・家事用品,88697
2009,47000,沖縄県,那覇市,被服及び履物,107013
2009,47000,沖縄県,那覇市,保健医療,121155
2009,47000,沖縄県,那覇市,交通・通信,364391
2009,47000,沖縄県,那覇市,教育,141428
2009,47000,沖縄県,那覇市,教養娯楽,276113
2009,47000,沖縄県,那覇市,その他の消費支出,715325
2010,01000,北海道,札幌市,食料,853667
2010,01000,北海道,札幌市,住居,288026
2010,01000,北海道,札幌市,光熱・水道,283346
2010,01000,北海道,札幌市,家具・家事用品,128027
2010,01000,北海道,札幌市,被服及び履物,160941
2010,01000,北海道,札幌市,保健医療,140230
2010,01000,北海道,札幌市,交通・通信,538690
2010,01000,北海道,札幌市,教育,157228
2010,01000,北海道,札幌市,教養娯楽,417625
2010,01000,北海道,札幌市,その他の消費支出,643749
2010,02000,青森県,青森市,食料,834731
2010,02000,青森県,青森市,住居,170034
2010,02000,青森県,青森市,光熱・水道,327196
2010,02000,青森県,青森市,家具・家事用品,113586
2010,02000,青森県,青森市,被服及び履物,116685
2010,02000,青森県,青森市,保健医療,139863
2010,02000,青森県,青森市,交通・通信,376330
2010,02000,青森県,青森市,教育,99231
2010,02000,青森県,青森市,教養娯楽,305741
2010,02000,青森県,青森市,その他の消費支出,521799
2010,03000,岩手県,盛岡市,食料,867866
2010,03000,岩手県,盛岡市,住居,288910
2010,03000,岩手県,盛岡市,光熱・水道,289290
2010,03000,岩手県,盛岡市,家具・家事用品,115913
2010,03000,岩手県,盛岡市,被服及び履物,134674
2010,03000,岩手県,盛岡市,保健医療,143812
2010,03000,岩手県,盛岡市,交通・通信,417866
2010,03000,岩手県,盛岡市,教育,144986
2010,03000,岩手県,盛岡市,教養娯楽,352003
2010,03000,岩手県,盛岡市,その他の消費支出,644758
2010,04000,宮城県,仙台市,食料,898316
2010,04000,宮城県,仙台市,住居,152346
2010,04000,宮城県,仙台市,光熱・水道,279314
2010,04000,宮城県,仙台市,家具・家事用品,124122
2010,04000,宮城県,仙台市,被服及び履物,148419
2010,04000,宮城県,仙台市,保健医療,152752
2010,04000,宮城県,仙台市,交通・通信,405525
2010,04000,宮城県,仙台市,教育,174817
2010,04000,宮城県,仙台市,教養娯楽,425363
2010,04000,宮城県,仙台市,その他の消費支出,689110
2010,05000,秋田県,秋田市,食料,870617
2010,05000,秋田県,秋田市,住居,91375
2010,05000,秋田県,秋田市,光熱・水道,298423
2010,05000,秋田県,秋田市,家具・家事用品,114754
2010,05000,秋田県,秋田市,被服及び履物,146938
2010,05000,秋田県,秋田市,保健医療,136102
2010,05000,秋田県,秋田市,交通・通信,466041
2010,05000,秋田県,秋田市,教育,104230
2010,05000,秋田県,秋田市,教養娯楽,382268
2010,05000,秋田県,秋田市,その他の消費支出,704621
2010,06000,山形県,山形市,食料,919324
2010,06000,山形県,山形市,住居,277216
2010,06000,山形県,山形市,光熱・水道,324726
2010,06000,山形県,山形市,家具・家事用品,123897
2010,06000,山形県,山形市,被服及び履物,140596
2010,06000,山形県,山形市,保健医療,124984
2010,06000,山形県,山形市,交通・通信,596682
2010,06000,山形県,山形市,教育,184756
2010,06000,山形県,山形市,教養娯楽,388807
2010,06000,山形県,山形市,その他の消費支出,621491
2010,07000,福島県,福島市,食料,889507
2010,07000,福島県,福島市,住居,179677
2010,07000,福島県,福島市,光熱・水道,304556
2010,07000,福島県,福島市,家具・家事用品,133849
2010,07000,福島県,福島市,被服及び履物,134334
2010,07000,福島県,福島市,保健医療,141877
2010,07000,福島県,福島市,交通・通信,433182
2010,07000,福島県,福島市,教育,86463
2010,07000,福島県,福島市,教養娯楽,404228
2010,07000,福島県,福島市,その他の消費支出,769667
2010,08000,茨城県,水戸市,食料,883023
2010,08000,茨城県,水戸市,住居,233112
2010,08000,茨城県,水戸市,光熱・水道,268779
2010,08000,茨城県,水戸市,家具・家事用品,144094
2010,08000,茨城県,水戸市,被服及び履物,163459
2010,08000,茨城県,水戸市,保健医療,147944
2010,08000,茨城県,水戸市,交通・通信,522858
2010,08000,茨城県,水戸市,教育,171068
2010,08000,茨城県,水戸市,教養娯楽,439780
2010,08000,茨城県,水戸市,その他の消費支出,849476
2010,09000,栃木県,宇都宮市,食料,973650
2010,09000,栃木県,宇都宮市,住居,191608
2010,09000,栃木県,宇都宮市,光熱・水道,285053
2010,09000,栃木県,宇都宮市,家具・家事用品,146452
2010,09000,栃木県,宇都宮市,被服及び履物,171661
2010,09000,栃木県,宇都宮市,保健医療,171407
2010,09000,栃木県,宇都宮市,交通・通信,604180
2010,09000,栃木県,宇都宮市,教育,136219
2010,09000,栃木県,宇都宮市,教養娯楽,499573
2010,09000,栃木県,宇都宮市,その他の消費支出,822914
2010,10000,群馬県,前橋市,食料,891450
2010,10000,群馬県,前橋市,住居,156903
2010,10000,群馬県,前橋市,光熱・水道,256166
2010,10000,群馬県,前橋市,家具・家事用品,127268
2010,10000,群馬県,前橋市,被服及び履物,163093
2010,10000,群馬県,前橋市,保健医療,135153
2010,10000,群馬県,前橋市,交通・通信,511164
2010,10000,群馬県,前橋市,教育,127547
2010,10000,群馬県,前橋市,教養娯楽,449547
2010,10000,群馬県,前橋市,その他の消費支出,785352
2010,11000,埼玉県,さいたま市,食料,966832
2010,11000,埼玉県,さいたま市,住居,234795
2010,11000,埼玉県,さいたま市,光熱・水道,288713
2010,11000,埼玉県,さいたま市,家具・家事用品,124158
2010,11000,埼玉県,さいたま市,被服及び履物,177422
2010,11000,埼玉県,さいたま市,保健医療,168705
2010,11000,埼玉県,さいたま市,交通・通信,460398
2010,11000,埼玉県,さいたま市,教育,179978
2010,11000,埼玉県,さいたま市,教養娯楽,534203
2010,11000,埼玉県,さいたま市,その他の消費支出,702661
2010,12000,千葉県,千葉市,食料,958004
2010,12000,千葉県,千葉市,住居,224471
2010,12000,千葉県,千葉市,光熱・水道,241372
2010,12000,千葉県,千葉市,家具・家事用品,135750
2010,12000,千葉県,千葉市,被服及び履物,175663
2010,12000,千葉県,千葉市,保健医療,205998
2010,12000,千葉県,千葉市,交通・通信,427929
2010,12000,千葉県,千葉市,教育,194239
2010,12000,千葉県,千葉市,教養娯楽,447891
2010,12000,千葉県,千葉市,その他の消費支出,574627
2010,13000,東京都,東京,食料,1031516
2010,13000,東京都,東京,住居,329528
2010,13000,東京都,東京,光熱・水道,268865
2010,13000,東京都,東京,家具・家事用品,133616
2010,13000,東京都,東京,被服及び履物,206108
2010,13000,東京都,東京,保健医療,186389
2010,13000,東京都,東京,交通・通信,396968
2010,13000,東京都,東京,教育,246404
2010,13000,東京都,東京,教養娯楽,521662
2010,13000,東京都,東京,その他の消費支出,661983
2010,14000,神奈川県,横浜市,食料,1009663
2010,14000,神奈川県,横浜市,住居,346348
2010,14000,神奈川県,横浜市,光熱・水道,263113
2010,14000,神奈川県,横浜市,家具・家事用品,128051
2010,14000,神奈川県,横浜市,被服及び履物,173007
2010,14000,神奈川県,横浜市,保健医療,168668
2010,14000,神奈川県,横浜市,交通・通信,538288
2010,14000,神奈川県,横浜市,教育,170605
2010,14000,神奈川県,横浜市,教養娯楽,430246
2010,14000,神奈川県,横浜市,その他の消費支出,647004
2010,15000,新潟県,新潟市,食料,902777
2010,15000,新潟県,新潟市,住居,112279
2010,15000,新潟県,新潟市,光熱・水道,313136
2010,15000,新潟県,新潟市,家具・家事用品,124037
2010,15000,新潟県,新潟市,被服及び履物,127336
2010,15000,新潟県,新潟市,保健医療,122312
2010,15000,新潟県,新潟市,交通・通信,448606
2010,15000,新潟県,新潟市,教育,175683
2010,15000,新潟県,新潟市,教養娯楽,389162
2010,15000,新潟県,新潟市,その他の消費支出,704654
2010,16000,富山県,富山市,食料,946435
2010,16000,富山県,富山市,住居,190507
2010,16000,富山県,富山市,光熱・水道,323821
2010,16000,富山県,富山市,家具・家事用品,137530
2010,16000,富山県,富山市,被服及び履物,167514
2010,16000,富山県,富山市,保健医療,134219
2010,16000,富山県,富山市,交通・通信,524946
2010,16000,富山県,富山市,教育,129540
2010,16000,富山県,富山市,教養娯楽,409631
2010,16000,富山県,富山市,その他の消費支出,844877
2010,17000,石川県,金沢市,食料,1012261
2010,17000,石川県,金沢市,住居,163983
2010,17000,石川県,金沢市,光熱・水道,312414
2010,17000,石川県,金沢市,家具・家事用品,136909
2010,17000,石川県,金沢市,被服及び履物,177038
2010,17000,石川県,金沢市,保健医療,151320
2010,17000,石川県,金沢市,交通・通信,572539
2010,17000,石川県,金沢市,教育,143377
2010,17000,石川県,金沢市,教養娯楽,445991
2010,17000,石川県,金沢市,その他の消費支出,858754
2010,18000,福井県,福井市,食料,948074
2010,18000,福井県,福井市,住居,217383
2010,18000,福井県,福井市,光熱・水道,303121
2010,18000,福井県,福井市,家具・家事用品,122611
2010,18000,福井県,福井市,被服及び履物,145372
2010,18000,福井県,福井市,保健医療,188382
2010,18000,福井県,福井市,交通・通信,526696
2010,18000,福井県,福井市,教育,136010
2010,18000,福井県,福井市,教養娯楽,359244
2010,18000,福井県,福井市,その他の消費支出,1006890
2010,19000,山梨県,甲府市,食料,890642
2010,19000,山梨県,甲府市,住居,132882
2010,19000,山梨県,甲府市,光熱・水道,251519
2010,19000,山梨県,甲府市,家具・家事用品,105658
2010,19000,山梨県,甲府市,被服及び履物,156636
2010,19000,山梨県,甲府市,保健医療,127131
2010,19000,山梨県,甲府市,交通・通信,357958
2010,19000,山梨県,甲府市,教育,161663
2010,19000,山梨県,甲府市,教養娯楽,393930
2010,19000,山梨県,甲府市,その他の消費支出,635682
2010,20000,長野県,長野市,食料,858922
2010,20000,長野県,長野市,住居,186023
2010,20000,長野県,長野市,光熱・水道,295983
2010,20000,長野県,長野市,家具・家事用品,138354
2010,20000,長野県,長野市,被服及び履物,157518
2010,20000,長野県,長野市,保健医療,173697
2010,20000,長野県,長野市,交通・通信,478646
2010,20000,長野県,長野市,教育,114615
2010,20000,長野県,長野市,教養娯楽,434381
2010,20000,長野県,長野市,その他の消費支出,665609
2010,21000,岐阜県,岐阜市,食料,896936
2010,21000,岐阜県,岐阜市,住居,245586
2010,21000,岐阜県,岐阜市,光熱・水道,278310
2010,21000,岐阜県,岐阜市,家具・家事用品,125960
2010,21000,岐阜県,岐阜市,被服及び履物,156073
2010,21000,岐阜県,岐阜市,保健医療,180829
2010,21000,岐阜県,岐阜市,交通・通信,477113
2010,21000,岐阜県,岐阜市,教育,140744
2010,21000,岐阜県,岐阜市,教養娯楽,463975
2010,21000,岐阜県,岐阜市,その他の消費支出,670203
2010,22000,静岡県,静岡市,食料,880467
2010,22000,静岡県,静岡市,住居,222073
2010,22000,静岡県,静岡市,光熱・水道,265112
2010,22000,静岡県,静岡市,家具・家事用品,117897
2010,22000,静岡県,静岡市,被服及び履物,137862
2010,22000,静岡県,静岡市,保健医療,182092
2010,22000,静岡県,静岡市,交通・通信,467033
2010,22000,静岡県,静岡市,教育,107350
2010,22000,静岡県,静岡市,教養娯楽,389706
2010,22000,静岡県,静岡市,その他の消費支出,738165
2010,23000,愛知県,名古屋市,食料,955716
2010,23000,愛知県,名古屋市,住居,226667
2010,23000,愛知県,名古屋市,光熱・水道,259313
2010,23000,愛知県,名古屋市,家具・家事用品,132240
2010,23000,愛知県,名古屋市,被服及び履物,161502
2010,23000,愛知県,名古屋市,保健医療,140626
2010,23000,愛知県,名古屋市,交通・通信,420262
2010,23000,愛知県,名古屋市,教育,227564
2010,23000,愛知県,名古屋市,教養娯楽,461545
2010,23000,愛知県,名古屋市,その他の消費支出,647469
2010,24000,三重県,津市,食料,883118
2010,24000,三重県,津市,住居,143112
2010,24000,三重県,津市,光熱・水道,252493
2010,24000,三重県,津市,家具・家事用品,118504
2010,24000,三重県,津市,被服及び履物,151541
2010,24000,三重県,津市,保健医療,148441
2010,24000,三重県,津市,交通・通信,451486
2010,24000,三重県,津市,教育,125324
2010,24000,三重県,津市,教養娯楽,422431
2010,24000,三重県,津市,その他の消費支出,756524
2010,25000,滋賀県,大津市,食料,906655
2010,25000,滋賀県,大津市,住居,183138
2010,25000,滋賀県,大津市,光熱・水道,257716
2010,25000,滋賀県,大津市,家具・家事用品,130232
2010,25000,滋賀県,大津市,被服及び履物,140058
2010,25000,滋賀県,大津市,保健医療,151094
2010,25000,滋賀県,大津市,交通・通信,493417
2010,25000,滋賀県,大津市,教育,124508
2010,25000,滋賀県,大津市,教養娯楽,413806
2010,25000,滋賀県,大津市,その他の消費支出,608112
2010,26000,京都府,京都市,食料,972534
2010,26000,京都府,京都市,住居,194562
2010,26000,京都府,京都市,光熱・水道,260365
2010,26000,京都府,京都市,家具・家事用品,110067
2010,26000,京都府,京都市,被服及び履物,151801
2010,26000,京都府,京都市,保健医療,157715
2010,26000,京都府,京都市,交通・通信,346442
2010,26000,京都府,京都市,教育,191809
2010,26000,京都府,京都市,教養娯楽,401939
2010,26000,京都府,京都市,その他の消費支出,631979
2010,27000,大阪府,大阪市,食料,884489
2010,27000,大阪府,大阪市,住居,238631
2010,27000,大阪府,大阪市,光熱・水道,237497
2010,27000,大阪府,大阪市,家具・家事用品,101941
2010,27000,大阪府,大阪市,被服及び履物,122567
2010,27000,大阪府,大阪市,保健医療,118999
2010,27000,大阪府,大阪市,交通・通信,347968
2010,27000,大阪府,大阪市,教育,140010
2010,27000,大阪府,大阪市,教養娯楽,334297
2010,27000,大阪府,大阪市,その他の消費支出,549405
2010,28000,兵庫県,神戸市,食料,915931
2010,28000,兵庫県,神戸市,住居,150937
2010,28000,兵庫県,神戸市,光熱・水道,233175
2010,28000,兵庫県,神戸市,家具・家事用品,98289
2010,28000,兵庫県,神戸市,被服及び履物,152133
2010,28000,兵庫県,神戸市,保健医療,150967
2010,28000,兵庫県,神戸市,交通・通信,401493
2010,28000,兵庫県,神戸市,教育,197085
2010,28000,兵庫県,神戸市,教養娯楽,413630
2010,28000,兵庫県,神戸市,その他の消費支出,592757
2010,29000,奈良県,奈良市,食料,949779
2010,29000,奈良県,奈良市,住居,214001
2010,29000,奈良県,奈良市,光熱・水道,267752
2010,29000,奈良県,奈良市,家具・家事用品,142244
2010,29000,奈良県,奈良市,被服及び履物,180938
2010,29000,奈良県,奈良市,保健医療,161213
2010,29000,奈良県,奈良市,交通・通信,496400
2010,29000,奈良県,奈良市,教育,237432
2010,29000,奈良県,奈良市,教養娯楽,462779
2010,29000,奈良県,奈良市,その他の消費支出,708030
2010,30000,和歌山県,和歌山市,食料,827598
2010,30000,和歌山県,和歌山市,住居,113183
2010,30000,和歌山県,和歌山市,光熱・水道,225772
2010,30000,和歌山県,和歌山市,家具・家事用品,103232
2010,30000,和歌山県,和歌山市,被服及び履物,109080
2010,30000,和歌山県,和歌山市,保健医療,137059
2010,30000,和歌山県,和歌山市,交通・通信,321054
2010,30000,和歌山県,和歌山市,教育,83106
2010,30000,和歌山県,和歌山市,教養娯楽,354392
2010,30000,和歌山県,和歌山市,その他の消費支出,546938
2010,31000,鳥取県,鳥取市,食料,867179
2010,31000,鳥取県,鳥取市,住居,212384
2010,31000,鳥取県,鳥取市,光熱・水道,256804
2010,31000,鳥取県,鳥取市,家具・家事用品,109908
2010,31000,鳥取県,鳥取市,被服及び履物,138071
2010,31000,鳥取県,鳥取市,保健医療,144636
2010,31000,鳥取県,鳥取市,交通・通信,417700
2010,31000,鳥取県,鳥取市,教育,103383
2010,31000,鳥取県,鳥取市,教養娯楽,346483
2010,31000,鳥取県,鳥取市,その他の消費支出,605739
2010,32000,島根県,松江市,食料,867969
2010,32000,島根県,松江市,住居,230019
2010,32000,島根県,松江市,光熱・水道,292259
2010,32000,島根県,松江市,家具・家事用品,123154
2010,32000,島根県,松江市,被服及び履物,147351
2010,32000,島根県,松江市,保健医療,119085
2010,32000,島根県,松江市,交通・通信,486489
2010,32000,島根県,松江市,教育,96398
2010,32000,島根県,松江市,教養娯楽,334929
2010,32000,島根県,松江市,その他の消費支出,668979
2010,33000,岡山県,岡山市,食料,810797
2010,33000,岡山県,岡山市,住居,278668
2010,33000,岡山県,岡山市,光熱・水道,254304
2010,33000,岡山県,岡山市,家具・家事用品,125011
2010,33000,岡山県,岡山市,被服及び履物,155618
2010,33000,岡山県,岡山市,保健医療,158687
2010,33000,岡山県,岡山市,交通・通信,518525
2010,33000,岡山県,岡山市,教育,117670
2010,33000,岡山県,岡山市,教養娯楽,410811
2010,33000,岡山県,岡山市,その他の消費支出,670916
2010,34000,広島県,広島市,食料,909971
2010,34000,広島県,広島市,住居,251158
2010,34000,広島県,広島市,光熱・水道,282364
2010,34000,広島県,広島市,家具・家事用品,148340
2010,34000,広島県,広島市,被服及び履物,165628
2010,34000,広島県,広島市,保健医療,167826
2010,34000,広島県,広島市,交通・通信,454817
2010,34000,広島県,広島市,教育,132971
2010,34000,広島県,広島市,教養娯楽,413622
2010,34000,広島県,広島市,その他の消費支出,736501
2010,35000,山口県,山口市,食料,881351
2010,35000,山口県,山口市,住居,227134
2010,35000,山口県,山口市,光熱・水道,256791
2010,35000,山口県,山口市,家具・家事用品,148369
2010,35000,山口県,山口市,被服及び履物,158021
2010,35000,山口県,山口市,保健医療,159970
2010,35000,山口県,山口市,交通・通信,526065
2010,35000,山口県,山口市,教育,171632
2010,35000,山口県,山口市,教養娯楽,445776
2010,35000,山口県,山口市,その他の消費支出,672716
2010,36000,徳島県,徳島市,食料,849360
2010,36000,徳島県,徳島市,住居,246765
2010,36000,徳島県,徳島市,光熱・水道,261805
2010,36000,徳島県,徳島市,家具・家事用品,115903
2010,36000,徳島県,徳島市,被服及び履物,163975
2010,36000,徳島県,徳島市,保健医療,151568
2010,36000,徳島県,徳島市,交通・通信,592250
2010,36000,徳島県,徳島市,教育,144661
2010,36000,徳島県,徳島市,教養娯楽,437216
2010,36000,徳島県,徳島市,その他の消費支出,844779
2010,37000,香川県,高松市,食料,827577
2010,37000,香川県,高松市,住居,200823
2010,37000,香川県,高松市,光熱・水道,257137
2010,37000,香川県,高松市,家具・家事用品,133913
2010,37000,香川県,高松市,被服及び履物,164952
2010,37000,香川県,高松市,保健医療,155481
2010,37000,香川県,高松市,交通・通信,506793
2010,37000,香川県,高松市,教育,132907
2010,37000,香川県,高松市,教養娯楽,435566
2010,37000,香川県,高松市,その他の消費支出,951029
2010,38000,愛媛県,松山市,食料,771695
2010,38000,愛媛県,松山市,住居,245435
2010,38000,愛媛県,松山市,光熱・水道,246300
2010,38000,愛媛県,松山市,家具・家事用品,131982
2010,38000,愛媛県,松山市,被服及び履物,137799
2010,38000,愛媛県,松山市,保健医療,137537
2010,38000,愛媛県,松山市,交通・通信,407999
2010,38000,愛媛県,松山市,教育,163444
2010,38000,愛媛県,松山市,教養娯楽,320526
2010,38000,愛媛県,松山市,その他の消費支出,704331
2010,39000,高知県,高知市,食料,858955
2010,39000,高知県,高知市,住居,237822
2010,39000,高知県,高知市,光熱・水道,255004
2010,39000,高知県,高知市,家具・家事用品,120109
2010,39000,高知県,高知市,被服及び履物,154421
2010,39000,高知県,高知市,保健医療,143758
2010,39000,高知県,高知市,交通・通信,460201
2010,39000,高知県,高知市,教育,137941
2010,39000,高知県,高知市,教養娯楽,389500
2010,39000,高知県,高知市,その他の消費支出,832329
2010,40000,福岡県,福岡市,食料,797226
2010,40000,福岡県,福岡市,住居,277412
2010,40000,福岡県,福岡市,光熱・水道,234806
2010,40000,福岡県,福岡市,家具・家事用品,135062
2010,40000,福岡県,福岡市,被服及び履物,149046
2010,40000,福岡県,福岡市,保健医療,150850
2010,40000,福岡県,福岡市,交通・通信,425487
2010,40000,福岡県,福岡市,教育,148184
2010,40000,福岡県,福岡市,教養娯楽,322747
2010,40000,福岡県,福岡市,その他の消費支出,751662
2010,41000,佐賀県,佐賀市,食料,873821
2010,41000,佐賀県,佐賀市,住居,258881
2010,41000,佐賀県,佐賀市,光熱・水道,267497
2010,41000,佐賀県,佐賀市,家具・家事用品,115580
2010,41000,佐賀県,佐賀市,被服及び履物,152106
2010,41000,佐賀県,佐賀市,保健医療,146420
2010,41000,佐賀県,佐賀市,交通・通信,485175
2010,41000,佐賀県,佐賀市,教育,138372
2010,41000,佐賀県,佐賀市,教養娯楽,347481
2010,41000,佐賀県,佐賀市,その他の消費支出,800401
2010,42000,長崎県,長崎市,食料,798543
2010,42000,長崎県,長崎市,住居,226519
2010,42000,長崎県,長崎市,光熱・水道,266263
2010,42000,長崎県,長崎市,家具・家事用品,104564
2010,42000,長崎県,長崎市,被服及び履物,155666
2010,42000,長崎県,長崎市,保健医療,121547
2010,42000,長崎県,長崎市,交通・通信,399884
2010,42000,長崎県,長崎市,教育,118947
2010,42000,長崎県,長崎市,教養娯楽,356538
2010,42000,長崎県,長崎市,その他の消費支出,662922
2010,43000,熊本県,熊本市,食料,832292
2010,43000,熊本県,熊本市,住居,205425
2010,43000,熊本県,熊本市,光熱・水道,260139
2010,43000,熊本県,熊本市,家具・家事用品,113681
2010,43000,熊本県,熊本市,被服及び履物,144865
2010,43000,熊本県,熊本市,保健医療,145616
2010,43000,熊本県,熊本市,交通・通信,414740
2010,43000,熊本県,熊本市,教育,183038
2010,43000,熊本県,熊本市,教養娯楽,345887
2010,43000,熊本県,熊本市,その他の消費支出,630759
2010,44000,大分県,大分市,食料,843425
2010,44000,大分県,大分市,住居,207658
2010,44000,大分県,大分市,光熱・水道,232246
2010,44000,大分県,大分市,家具・家事用品,150881
2010,44000,大分県,大分市,被服及び履物,151797
2010,44000,大分県,大分市,保健医療,115665
2010,44000,大分県,大分市,交通・通信,426988
2010,44000,大分県,大分市,教育,109855
2010,44000,大分県,大分市,教養娯楽,378374
2010,44000,大分県,大分市,その他の消費支出,685968
2010,45000,宮崎県,宮崎市,食料,794583
2010,45000,宮崎県,宮崎市,住居,283654
2010,45000,宮崎県,宮崎市,光熱・水道,205736
2010,45000,宮崎県,宮崎市,家具・家事用品,128579
2010,45000,宮崎県,宮崎市,被服及び履物,119410
2010,45000,宮崎県,宮崎市,保健医療,152406
2010,45000,宮崎県,宮崎市,交通・通信,455945
2010,45000,宮崎県,宮崎市,教育,98144
2010,45000,宮崎県,宮崎市,教養娯楽,314439
2010,45000,宮崎県,宮崎市,その他の消費支出,630973
2010,46000,鹿児島県,鹿児島市,食料,817250
2010,46000,鹿児島県,鹿児島市,住居,236285
2010,46000,鹿児島県,鹿児島市,光熱・水道,229633
2010,46000,鹿児島県,鹿児島市,家具・家事用品,135229
2010,46000,鹿児島県,鹿児島市,被服及び履物,150335
2010,46000,鹿児島県,鹿児島市,保健医療,167975
2010,46000,鹿児島県,鹿児島市,交通・通信,522625
2010,46000,鹿児島県,鹿児島市,教育,167328
2010,46000,鹿児島県,鹿児島市,教養娯楽,392802
2010,46000,鹿児島県,鹿児島市,その他の消費支出,835493
2010,47000,沖縄県,那覇市,食料,713293
2010,47000,沖縄県,那覇市,住居,291224
2010,47000,沖縄県,那覇市,光熱・水道,236475
2010,47000,沖縄県,那覇市,家具・家事用品,91413
2010,47000,沖縄県,那覇市,被服及び履物,96833
2010,47000,沖縄県,那覇市,保健医療,111300
2010,47000,沖縄県,那覇市,交通・通信,345944
2010,47000,沖縄県,那覇市,教育,126928
2010,47000,沖縄県,那覇市,教養娯楽,258285
2010,47000,沖縄県,那覇市,その他の消費支出,592982
2011,01000,北海道,札幌市,食料,823014
2011,01000,北海道,札幌市,住居,182544
2011,01000,北海道,札幌市,光熱・水道,297676
2011,01000,北海道,札幌市,家具・家事用品,101753
2011,01000,北海道,札幌市,被服及び履物,148632
2011,01000,北海道,札幌市,保健医療,135130
2011,01000,北海道,札幌市,交通・通信,390718
2011,01000,北海道,札幌市,教育,127085
2011,01000,北海道,札幌市,教養娯楽,358280
2011,01000,北海道,札幌市,その他の消費支出,683436
2011,02000,青森県,青森市,食料,841499
2011,02000,青森県,青森市,住居,177641
2011,02000,青森県,青森市,光熱・水道,343947
2011,02000,青森県,青森市,家具・家事用品,111940
2011,02000,青森県,青森市,被服及び履物,123546
2011,02000,青森県,青森市,保健医療,134672
2011,02000,青森県,青森市,交通・通信,366667
2011,02000,青森県,青森市,教育,127820
2011,02000,青森県,青森市,教養娯楽,280553
2011,02000,青森県,青森市,その他の消費支出,620635
2011,03000,岩手県,盛岡市,食料,917098
2011,03000,岩手県,盛岡市,住居,171505
2011,03000,岩手県,盛岡市,光熱・水道,325393
2011,03000,岩手県,盛岡市,家具・家事用品,123909
2011,03000,岩手県,盛岡市,被服及び履物,129603
2011,03000,岩手県,盛岡市,保健医療,140917
2011,03000,岩手県,盛岡市,交通・通信,382474
2011,03000,岩手県,盛岡市,教育,110265
2011,03000,岩手県,盛岡市,教養娯楽,321477
2011,03000,岩手県,盛岡市,その他の消費支出,726068
2011,04000,宮城県,仙台市,食料,832837
2011,04000,宮城県,仙台市,住居,232625
2011,04000,宮城県,仙台市,光熱・水道,257994
2011,04000,宮城県,仙台市,家具・家事用品,140197
2011,04000,宮城県,仙台市,被服及び履物,125562
2011,04000,宮城県,仙台市,保健医療,112698
2011,04000,宮城県,仙台市,交通・通信,371930
2011,04000,宮城県,仙台市,教育,84800
2011,04000,宮城県,仙台市,教養娯楽,281546
2011,04000,宮城県,仙台市,その他の消費支出,527968
2011,05000,秋田県,秋田市,食料,862807
2011,05000,秋田県,秋田市,住居,209758
2011,05000,秋田県,秋田市,光熱・水道,304111
2011,05000,秋田県,秋田市,家具・家事用品,136039
2011,05000,秋田県,秋田市,被服及び履物,128832
2011,05000,秋田県,秋田市,保健医療,149178
2011,05000,秋田県,秋田市,交通・通信,463200
2011,05000,秋田県,秋田市,教育,139798
2011,05000,秋田県,秋田市,教養娯楽,333575
2011,05000,秋田県,秋田市,その他の消費支出,735589
2011,06000,山形県,山形市,食料,865140
2011,06000,山形県,山形市,住居,213211
2011,06000,山形県,山形市,光熱・水道,340535
2011,06000,山形県,山形市,家具・家事用品,107856
2011,06000,山形県,山形市,被服及び履物,119054
2011,06000,山形県,山形市,保健医療,137130
2011,06000,山形県,山形市,交通・通信,434946
2011,06000,山形県,山形市,教育,152659
2011,06000,山形県,山形市,教養娯楽,338645
2011,06000,山形県,山形市,その他の消費支出,678169
2011,07000,福島県,福島市,食料,674034
2011,07000,福島県,福島市,住居,211204
2011,07000,福島県,福島市,光熱・水道,235087
2011,07000,福島県,福島市,家具・家事用品,99530
2011,07000,福島県,福島市,被服及び履物,94056
2011,07000,福島県,福島市,保健医療,116422
2011,07000,福島県,福島市,交通・通信,337845
2011,07000,福島県,福島市,教育,51188
2011,07000,福島県,福島市,教養娯楽,259430
2011,07000,福島県,福島市,その他の消費支出,550927
2011,08000,茨城県,水戸市,食料,830410
2011,08000,茨城県,水戸市,住居,341638
2011,08000,茨城県,水戸市,光熱・水道,248632
2011,08000,茨城県,水戸市,家具・家事用品,161357
2011,08000,茨城県,水戸市,被服及び履物,136833
2011,08000,茨城県,水戸市,保健医療,162473
2011,08000,茨城県,水戸市,交通・通信,459026
2011,08000,茨城県,水戸市,教育,146336
2011,08000,茨城県,水戸市,教養娯楽,321298
2011,08000,茨城県,水戸市,その他の消費支出,730306
2011,09000,栃木県,宇都宮市,食料,894144
2011,09000,栃木県,宇都宮市,住居,166115
2011,09000,栃木県,宇都宮市,光熱・水道,277015
2011,09000,栃木県,宇都宮市,家具・家事用品,143001
2011,09000,栃木県,宇都宮市,被服及び履物,157623
2011,09000,栃木県,宇都宮市,保健医療,171048
2011,09000,栃木県,宇都宮市,交通・通信,508408
2011,09000,栃木県,宇都宮市,教育,132092
2011,09000,栃木県,宇都宮市,教養娯楽,378026
2011,09000,栃木県,宇都宮市,その他の消費支出,811594
2011,10000,群馬県,前橋市,食料,882806
2011,10000,群馬県,前橋市,住居,164935
2011,10000,群馬県,前橋市,光熱・水道,242501
2011,10000,群馬県,前橋市,家具・家事用品,115026
2011,10000,群馬県,前橋市,被服及び履物,143156
2011,10000,群馬県,前橋市,保健医療,147531
2011,10000,群馬県,前橋市,交通・通信,513312
2011,10000,群馬県,前橋市,教育,104286
2011,10000,群馬県,前橋市,教養娯楽,361418
2011,10000,群馬県,前橋市,その他の消費支出,756475
2011,11000,埼玉県,さいたま市,食料,983545
2011,11000,埼玉県,さいたま市,住居,289456
2011,11000,埼玉県,さいたま市,光熱・水道,284849
2011,11000,埼玉県,さいたま市,家具・家事用品,131775
2011,11000,埼玉県,さいたま市,被服及び履物,191917
2011,11000,埼玉県,さいたま市,保健医療,173638
2011,11000,埼玉県,さいたま市,交通・通信,405782
2011,11000,埼玉県,さいたま市,教育,171068
2011,11000,埼玉県,さいたま市,教養娯楽,498468
2011,11000,埼玉県,さいたま市,その他の消費支出,683560
2011,12000,千葉県,千葉市,食料,933674
2011,12000,千葉県,千葉市,住居,242827
2011,12000,千葉県,千葉市,光熱・水道,244629
2011,12000,千葉県,千葉市,家具・家事用品,164929
2011,12000,千葉県,千葉市,被服及び履物,154485
2011,12000,千葉県,千葉市,保健医療,196469
2011,12000,千葉県,千葉市,交通・通信,397971
2011,12000,千葉県,千葉市,教育,137486
2011,12000,千葉県,千葉市,教養娯楽,419003
2011,12000,千葉県,千葉市,その他の消費支出,625824
2011,13000,東京都,東京,食料,1019335
2011,13000,東京都,東京,住居,284551
2011,13000,東京都,東京,光熱・水道,253849
2011,13000,東京都,東京,家具・家事用品,127041
2011,13000,東京都,東京,被服及び履物,179082
2011,13000,東京都,東京,保健医療,186447
2011,13000,東京都,東京,交通・通信,395994
2011,13000,東京都,東京,教育,240928
2011,13000,東京都,東京,教養娯楽,447335
2011,13000,東京都,東京,その他の消費支出,629254
2011,14000,神奈川県,横浜市,食料,960740
2011,14000,神奈川県,横浜市,住居,285240
2011,14000,神奈川県,横浜市,光熱・水道,244871
2011,14000,神奈川県,横浜市,家具・家事用品,145064
2011,14000,神奈川県,横浜市,被服及び履物,202333
2011,14000,神奈川県,横浜市,保健医療,183810
2011,14000,神奈川県,横浜市,交通・通信,414751
2011,14000,神奈川県,横浜市,教育,213134
2011,14000,神奈川県,横浜市,教養娯楽,449300
2011,14000,神奈川県,横浜市,その他の消費支出,774338
2011,15000,新潟県,新潟市,食料,871394
2011,15000,新潟県,新潟市,住居,264794
2011,15000,新潟県,新潟市,光熱・水道,297615
2011,15000,新潟県,新潟市,家具・家事用品,112270
2011,15000,新潟県,新潟市,被服及び履物,107739
2011,15000,新潟県,新潟市,保健医療,125092
2011,15000,新潟県,新潟市,交通・通信,481311
2011,15000,新潟県,新潟市,教育,137260
2011,15000,新潟県,新潟市,教養娯楽,320671
2011,15000,新潟県,新潟市,その他の消費支出,647021
2011,16000,富山県,富山市,食料,894827
2011,16000,富山県,富山市,住居,152938
2011,16000,富山県,富山市,光熱・水道,316038
2011,16000,富山県,富山市,家具・家事用品,112777
2011,16000,富山県,富山市,被服及び履物,141353
2011,16000,富山県,富山市,保健医療,162365
2011,16000,富山県,富山市,交通・通信,495357
2011,16000,富山県,富山市,教育,108669
2011,16000,富山県,富山市,教養娯楽,381564
2011,16000,富山県,富山市,その他の消費支出,825061
2011,17000,石川県,金沢市,食料,973478
2011,17000,石川県,金沢市,住居,205233
2011,17000,石川県,金沢市,光熱・水道,303868
2011,17000,石川県,金沢市,家具・家事用品,118686
2011,17000,石川県,金沢市,被服及び履物,178733
2011,17000,石川県,金沢市,保健医療,170759
2011,17000,石川県,金沢市,交通・通信,418008
2011,17000,石川県,金沢市,教育,187531
2011,17000,石川県,金沢市,教養娯楽,357230
2011,17000,石川県,金沢市,その他の消費支出,725842
2011,18000,福井県,福井市,食料,905389
2011,18000,福井県,福井市,住居,141324
2011,18000,福井県,福井市,光熱・水道,306366
2011,18000,福井県,福井市,家具・家事用品,112163
2011,18000,福井県,福井市,被服及び履物,149808
2011,18000,福井県,福井市,保健医療,133176
2011,18000,福井県,福井市,交通・通信,443521
2011,18000,福井県,福井市,教育,150027
2011,18000,福井県,福井市,教養娯楽,343308
2011,18000,福井県,福井市,その他の消費支出,917210
2011,19000,山梨県,甲府市,食料,858128
2011,19000,山梨県,甲府市,住居,212875
2011,19000,山梨県,甲府市,光熱・水道,254806
2011,19000,山梨県,甲府市,家具・家事用品,111400
2011,19000,山梨県,甲府市,被服及び履物,142479
2011,19000,山梨県,甲府市,保健医療,125625
2011,19000,山梨県,甲府市,交通・通信,403112
2011,19000,山梨県,甲府市,教育,121934
2011,19000,山梨県,甲府市,教養娯楽,346112
2011,19000,山梨県,甲府市,その他の消費支出,592187
2011,20000,長野県,長野市,食料,866378
2011,20000,長野県,長野市,住居,146125
2011,20000,長野県,長野市,光熱・水道,288541
2011,20000,長野県,長野市,家具・家事用品,120979
2011,20000,長野県,長野市,被服及び履物,160955
2011,20000,長野県,長野市,保健医療,147405
2011,20000,長野県,長野市,交通・通信,515276
2011,20000,長野県,長野市,教育,112632
2011,20000,長野県,長野市,教養娯楽,390657
2011,20000,長野県,長野市,その他の消費支出,820613
2011,21000,岐阜県,岐阜市,食料,861299
2011,21000,岐阜県,岐阜市,住居,278515
2011,21000,岐阜県,岐阜市,光熱・水道,289399
2011,21000,岐阜県,岐阜市,家具・家事用品,115421
2011,21000,岐阜県,岐阜市,被服及び履物,175547
2011,21000,岐阜県,岐阜市,保健医療,145128
2011,21000,岐阜県,岐阜市,交通・通信,595223
2011,21000,岐阜県,岐阜市,教育,166329
2011,21000,岐阜県,岐阜市,教養娯楽,358269
2011,21000,岐阜県,岐阜市,その他の消費支出,597964
2011,22000,静岡県,静岡市,食料,937784
2011,22000,静岡県,静岡市,住居,302740
2011,22000,静岡県,静岡市,光熱・水道,271825
2011,22000,静岡県,静岡市,家具・家事用品,130624
2011,22000,静岡県,静岡市,被服及び履物,165747
2011,22000,静岡県,静岡市,保健医療,141733
2011,22000,静岡県,静岡市,交通・通信,409633
2011,22000,静岡県,静岡市,教育,144855
2011,22000,静岡県,静岡市,教養娯楽,404530
2011,22000,静岡県,静岡市,その他の消費支出,723666
2011,23000,愛知県,名古屋市,食料,930825
2011,23000,愛知県,名古屋市,住居,173423
2011,23000,愛知県,名古屋市,光熱・水道,267162
2011,23000,愛知県,名古屋市,家具・家事用品,108129
2011,23000,愛知県,名古屋市,被服及び履物,167489
2011,23000,愛知県,名古屋市,保健医療,142454
2011,23000,愛知県,名古屋市,交通・通信,413483
2011,23000,愛知県,名古屋市,教育,134905
2011,23000,愛知県,名古屋市,教養娯楽,367745
2011,23000,愛知県,名古屋市,その他の消費支出,526084
2011,24000,三重県,津市,食料,866291
2011,24000,三重県,津市,住居,187184
2011,24000,三重県,津市,光熱・水道,258668
2011,24000,三重県,津市,家具・家事用品,133244
2011,24000,三重県,津市,被服及び履物,162122
2011,24000,三重県,津市,保健医療,160371
2011,24000,三重県,津市,交通・通信,451910
2011,24000,三重県,津市,教育,166624
2011,24000,三重県,津市,教養娯楽,412940
2011,24000,三重県,津市,その他の消費支出,794180
2011,25000,滋賀県,大津市,食料,914424
2011,25000,滋賀県,大津市,住居,126050
2011,25000,滋賀県,大津市,光熱・水道,255080
2011,25000,滋賀県,大津市,家具・家事用品,115665
2011,25000,滋賀県,大津市,被服及び履物,135065
2011,25000,滋賀県,大津市,保健医療,119965
2011,25000,滋賀県,大津市,交通・通信,452456
2011,25000,滋賀県,大津市,教育,137489
2011,25000,滋賀県,大津市,教養娯楽,382083
2011,25000,滋賀県,大津市,その他の消費支出,604040
2011,26000,京都府,京都市,食料,1004031
2011,26000,京都府,京都市,住居,209051
2011,26000,京都府,京都市,光熱・水道,254256
2011,26000,京都府,京都市,家具・家事用品,121325
2011,26000,京都府,京都市,被服及び履物,167133
2011,26000,京都府,京都市,保健医療,142403
2011,26000,京都府,京都市,交通・通信,433034
2011,26000,京都府,京都市,教育,148148
2011,26000,京都府,京都市,教養娯楽,397550
2011,26000,京都府,京都市,その他の消費支出,578737
2011,27000,大阪府,大阪市,食料,908200
2011,27000,大阪府,大阪市,住居,280831
2011,27000,大阪府,大阪市,光熱・水道,240492
2011,27000,大阪府,大阪市,家具・家事用品,106468
2011,27000,大阪府,大阪市,被服及び履物,136756
2011,27000,大阪府,大阪市,保健医療,146617
2011,27000,大阪府,大阪市,交通・通信,304367
2011,27000,大阪府,大阪市,教育,167969
2011,27000,大阪府,大阪市,教養娯楽,361085
2011,27000,大阪府,大阪市,その他の消費支出,515627
2011,28000,兵庫県,神戸市,食料,920453
2011,28000,兵庫県,神戸市,住居,204474
2011,28000,兵庫県,神戸市,光熱・水道,219138
2011,28000,兵庫県,神戸市,家具・家事用品,119489
2011,28000,兵庫県,神戸市,被服及び履物,152722
2011,28000,兵庫県,神戸市,保健医療,143837
2011,28000,兵庫県,神戸市,交通・通信,394570
2011,28000,兵庫県,神戸市,教育,134912
2011,28000,兵庫県,神戸市,教養娯楽,393210
2011,28000,兵庫県,神戸市,その他の消費支出,585509
2011,29000,奈良県,奈良市,食料,919050
2011,29000,奈良県,奈良市,住居,216444
2011,29000,奈良県,奈良市,光熱・水道,257066
2011,29000,奈良県,奈良市,家具・家事用品,124150
2011,29000,奈良県,奈良市,被服及び履物,166633
2011,29000,奈良県,奈良市,保健医療,197505
2011,29000,奈良県,奈良市,交通・通信,404912
2011,29000,奈良県,奈良市,教育,201606
2011,29000,奈良県,奈良市,教養娯楽,389728
2011,29000,奈良県,奈良市,その他の消費支出,742911
2011,30000,和歌山県,和歌山市,食料,827202
2011,30000,和歌山県,和歌山市,住居,227224
2011,30000,和歌山県,和歌山市,光熱・水道,232133
2011,30000,和歌山県,和歌山市,家具・家事用品,118026
2011,30000,和歌山県,和歌山市,被服及び履物,126440
2011,30000,和歌山県,和歌山市,保健医療,125178
2011,30000,和歌山県,和歌山市,交通・通信,334464
2011,30000,和歌山県,和歌山市,教育,126396
2011,30000,和歌山県,和歌山市,教養娯楽,300190
2011,30000,和歌山県,和歌山市,その他の消費支出,616692
2011,31000,鳥取県,鳥取市,食料,824684
2011,31000,鳥取県,鳥取市,住居,190182
2011,31000,鳥取県,鳥取市,光熱・水道,244074
2011,31000,鳥取県,鳥取市,家具・家事用品,121498
2011,31000,鳥取県,鳥取市,被服及び履物,128595
2011,31000,鳥取県,鳥取市,保健医療,155617
2011,31000,鳥取県,鳥取市,交通・通信,429052
2011,31000,鳥取県,鳥取市,教育,82835
2011,31000,鳥取県,鳥取市,教養娯楽,315422
2011,31000,鳥取県,鳥取市,その他の消費支出,671946
2011,32000,島根県,松江市,食料,816755
2011,32000,島根県,松江市,住居,214077
2011,32000,島根県,松江市,光熱・水道,279744
2011,32000,島根県,松江市,家具・家事用品,113353
2011,32000,島根県,松江市,被服及び履物,113004
2011,32000,島根県,松江市,保健医療,152601
2011,32000,島根県,松江市,交通・通信,538397
2011,32000,島根県,松江市,教育,57752
2011,32000,島根県,松江市,教養娯楽,314980
2011,32000,島根県,松江市,その他の消費支出,630856
2011,33000,岡山県,岡山市,食料,817556
2011,33000,岡山県,岡山市,住居,355667
2011,33000,岡山県,岡山市,光熱・水道,265822
2011,33000,岡山県,岡山市,家具・家事用品,140346
2011,33000,岡山県,岡山市,被服及び履物,148080
2011,33000,岡山県,岡山市,保健医療,139742
2011,33000,岡山県,岡山市,交通・通信,459889
2011,33000,岡山県,岡山市,教育,148075
2011,33000,岡山県,岡山市,教養娯楽,319800
2011,33000,岡山県,岡山市,その他の消費支出,623105
2011,34000,広島県,広島市,食料,926018
2011,34000,広島県,広島市,住居,254582
2011,34000,広島県,広島市,光熱・水道,253797
2011,34000,広島県,広島市,家具・家事用品,120522
2011,34000,広島県,広島市,被服及び履物,196888
2011,34000,広島県,広島市,保健医療,157665
2011,34000,広島県,広島市,交通・通信,424685
2011,34000,広島県,広島市,教育,146827
2011,34000,広島県,広島市,教養娯楽,412870
2011,34000,広島県,広島市,その他の消費支出,689933
2011,35000,山口県,山口市,食料,838226
2011,35000,山口県,山口市,住居,240120
2011,35000,山口県,山口市,光熱・水道,251715
2011,35000,山口県,山口市,家具・家事用品,129266
2011,35000,山口県,山口市,被服及び履物,150452
2011,35000,山口県,山口市,保健医療,137990
2011,35000,山口県,山口市,交通・通信,541966
2011,35000,山口県,山口市,教育,122465
2011,35000,山口県,山口市,教養娯楽,350967
2011,35000,山口県,山口市,その他の消費支出,807030
2011,36000,徳島県,徳島市,食料,776087
2011,36000,徳島県,徳島市,住居,272763
2011,36000,徳島県,徳島市,光熱・水道,245548
2011,36000,徳島県,徳島市,家具・家事用品,106710
2011,36000,徳島県,徳島市,被服及び履物,144461
2011,36000,徳島県,徳島市,保健医療,163550
2011,36000,徳島県,徳島市,交通・通信,455902
2011,36000,徳島県,徳島市,教育,98183
2011,36000,徳島県,徳島市,教養娯楽,353216
2011,36000,徳島県,徳島市,その他の消費支出,652410
2011,37000,香川県,高松市,食料,864398
2011,37000,香川県,高松市,住居,247072
2011,37000,香川県,高松市,光熱・水道,269580
2011,37000,香川県,高松市,家具・家事用品,117274
2011,37000,香川県,高松市,被服及び履物,162623
2011,37000,香川県,高松市,保健医療,166702
2011,37000,香川県,高松市,交通・通信,526364
2011,37000,香川県,高松市,教育,104664
2011,37000,香川県,高松市,教養娯楽,400353
2011,37000,香川県,高松市,その他の消費支出,960648
2011,38000,愛媛県,松山市,食料,801365
2011,38000,愛媛県,松山市,住居,252462
2011,38000,愛媛県,松山市,光熱・水道,242160
2011,38000,愛媛県,松山市,家具・家事用品,129733
2011,38000,愛媛県,松山市,被服及び履物,141999
2011,38000,愛媛県,松山市,保健医療,142116
2011,38000,愛媛県,松山市,交通・通信,386963
2011,38000,愛媛県,松山市,教育,134519
2011,38000,愛媛県,松山市,教養娯楽,312825
2011,38000,愛媛県,松山市,その他の消費支出,610079
2011,39000,高知県,高知市,食料,916985
2011,39000,高知県,高知市,住居,245794
2011,39000,高知県,高知市,光熱・水道,262593
2011,39000,高知県,高知市,家具・家事用品,135285
2011,39000,高知県,高知市,被服及び履物,150652
2011,39000,高知県,高知市,保健医療,154616
2011,39000,高知県,高知市,交通・通信,552765
2011,39000,高知県,高知市,教育,127792
2011,39000,高知県,高知市,教養娯楽,417355
2011,39000,高知県,高知市,その他の消費支出,805952
2011,40000,福岡県,福岡市,食料,807359
2011,40000,福岡県,福岡市,住居,297693
2011,40000,福岡県,福岡市,光熱・水道,245578
2011,40000,福岡県,福岡市,家具・家事用品,121790
2011,40000,福岡県,福岡市,被服及び履物,169636
2011,40000,福岡県,福岡市,保健医療,154601
2011,40000,福岡県,福岡市,交通・通信,416638
2011,40000,福岡県,福岡市,教育,173747
2011,40000,福岡県,福岡市,教養娯楽,363501
2011,40000,福岡県,福岡市,その他の消費支出,728642
2011,41000,佐賀県,佐賀市,食料,871335
2011,41000,佐賀県,佐賀市,住居,286024
2011,41000,佐賀県,佐賀市,光熱・水道,268454
2011,41000,佐賀県,佐賀市,家具・家事用品,114216
2011,41000,佐賀県,佐賀市,被服及び履物,145002
2011,41000,佐賀県,佐賀市,保健医療,154076
2011,41000,佐賀県,佐賀市,交通・通信,456171
2011,41000,佐賀県,佐賀市,教育,123112
2011,41000,佐賀県,佐賀市,教養娯楽,320675
2011,41000,佐賀県,佐賀市,その他の消費支出,793261
2011,42000,長崎県,長崎市,食料,784437
2011,42000,長崎県,長崎市,住居,231735
2011,42000,長崎県,長崎市,光熱・水道,239860
2011,42000,長崎県,長崎市,家具・家事用品,105706
2011,42000,長崎県,長崎市,被服及び履物,115369
2011,42000,長崎県,長崎市,保健医療,127948
2011,42000,長崎県,長崎市,交通・通信,339350
2011,42000,長崎県,長崎市,教育,78487
2011,42000,長崎県,長崎市,教養娯楽,264658
2011,42000,長崎県,長崎市,その他の消費支出,539458
2011,43000,熊本県,熊本市,食料,797596
2011,43000,熊本県,熊本市,住居,212052
2011,43000,熊本県,熊本市,光熱・水道,253730
2011,43000,熊本県,熊本市,家具・家事用品,128227
2011,43000,熊本県,熊本市,被服及び履物,150781
2011,43000,熊本県,熊本市,保健医療,145993
2011,43000,熊本県,熊本市,交通・通信,413762
2011,43000,熊本県,熊本市,教育,115575
2011,43000,熊本県,熊本市,教養娯楽,322321
2011,43000,熊本県,熊本市,その他の消費支出,583253
2011,44000,大分県,大分市,食料,806783
2011,44000,大分県,大分市,住居,184352
2011,44000,大分県,大分市,光熱・水道,229973
2011,44000,大分県,大分市,家具・家事用品,117328
2011,44000,大分県,大分市,被服及び履物,148350
2011,44000,大分県,大分市,保健医療,151045
2011,44000,大分県,大分市,交通・通信,519362
2011,44000,大分県,大分市,教育,97548
2011,44000,大分県,大分市,教養娯楽,339656
2011,44000,大分県,大分市,その他の消費支出,803740
2011,45000,宮崎県,宮崎市,食料,801313
2011,45000,宮崎県,宮崎市,住居,182163
2011,45000,宮崎県,宮崎市,光熱・水道,219071
2011,45000,宮崎県,宮崎市,家具・家事用品,119201
2011,45000,宮崎県,宮崎市,被服及び履物,133272
2011,45000,宮崎県,宮崎市,保健医療,145038
2011,45000,宮崎県,宮崎市,交通・通信,508981
2011,45000,宮崎県,宮崎市,教育,125340
2011,45000,宮崎県,宮崎市,教養娯楽,375817
2011,45000,宮崎県,宮崎市,その他の消費支出,643749
2011,46000,鹿児島県,鹿児島市,食料,822092
2011,46000,鹿児島県,鹿児島市,住居,212553
2011,46000,鹿児島県,鹿児島市,光熱・水道,248191
2011,46000,鹿児島県,鹿児島市,家具・家事用品,119644
2011,46000,鹿児島県,鹿児島市,被服及び履物,131427
2011,46000,鹿児島県,鹿児島市,保健医療,143910
2011,46000,鹿児島県,鹿児島市,交通・通信,526213
2011,46000,鹿児島県,鹿児島市,教育,145730
2011,46000,鹿児島県,鹿児島市,教養娯楽,333892
2011,46000,鹿児島県,鹿児島市,その他の消費支出,736308
2011,47000,沖縄県,那覇市,食料,697698
2011,47000,沖縄県,那覇市,住居,281447
2011,47000,沖縄県,那覇市,光熱・水道,247744
2011,47000,沖縄県,那覇市,家具・家事用品,77328
2011,47000,沖縄県,那覇市,被服及び履物,86438
2011,47000,沖縄県,那覇市,保健医療,118221
2011,47000,沖縄県,那覇市,交通・通信,322947
2011,47000,沖縄県,那覇市,教育,89897
2011,47000,沖縄県,那覇市,教養娯楽,231438
2011,47000,沖縄県,那覇市,その他の消費支出,510048
2012,01000,北海道,札幌市,食料,826085
2012,01000,北海道,札幌市,住居,200085
2012,01000,北海道,札幌市,光熱・水道,312919
2012,01000,北海道,札幌市,家具・家事用品,103011
2012,01000,北海道,札幌市,被服及び履物,145885
2012,01000,北海道,札幌市,保健医療,159978
2012,01000,北海道,札幌市,交通・通信,492101
2012,01000,北海道,札幌市,教育,121648
2012,01000,北海道,札幌市,教養娯楽,364852
2012,01000,北海道,札幌市,その他の消費支出,652330
2012,02000,青森県,青森市,食料,802175
2012,02000,青森県,青森市,住居,164022
2012,02000,青森県,青森市,光熱・水道,348478
2012,02000,青森県,青森市,家具・家事用品,126406
2012,02000,青森県,青森市,被服及び履物,122262
2012,02000,青森県,青森市,保健医療,132696
2012,02000,青森県,青森市,交通・通信,348041
2012,02000,青森県,青森市,教育,106891
2012,02000,青森県,青森市,教養娯楽,289275
2012,02000,青森県,青森市,その他の消費支出,573588
2012,03000,岩手県,盛岡市,食料,898004
2012,03000,岩手県,盛岡市,住居,235001
2012,03000,岩手県,盛岡市,光熱・水道,323875
2012,03000,岩手県,盛岡市,家具・家事用品,123686
2012,03000,岩手県,盛岡市,被服及び履物,129346
2012,03000,岩手県,盛岡市,保健医療,162041
2012,03000,岩手県,盛岡市,交通・通信,394903
2012,03000,岩手県,盛岡市,教育,70253
2012,03000,岩手県,盛岡市,教養娯楽,311680
2012,03000,岩手県,盛岡市,その他の消費支出,651229
2012,04000,宮城県,仙台市,食料,916962
2012,04000,宮城県,仙台市,住居,177351
2012,04000,宮城県,仙台市,光熱・水道,286668
2012,04000,宮城県,仙台市,家具・家事用品,162768
2012,04000,宮城県,仙台市,被服及び履物,178279
2012,04000,宮城県,仙台市,保健医療,135967
2012,04000,宮城県,仙台市,交通・通信,495757
2012,04000,宮城県,仙台市,教育,170888
2012,04000,宮城県,仙台市,教養娯楽,384302
2012,04000,宮城県,仙台市,その他の消費支出,636251
2012,05000,秋田県,秋田市,食料,889208
2012,05000,秋田県,秋田市,住居,280965
2012,05000,秋田県,秋田市,光熱・水道,313331
2012,05000,秋田県,秋田市,家具・家事用品,136444
2012,05000,秋田県,秋田市,被服及び履物,143886
2012,05000,秋田県,秋田市,保健医療,145390
2012,05000,秋田県,秋田市,交通・通信,403090
2012,05000,秋田県,秋田市,教育,114223
2012,05000,秋田県,秋田市,教養娯楽,367614
2012,05000,秋田県,秋田市,その他の消費支出,746701
2012,06000,山形県,山形市,食料,890893
2012,06000,山形県,山形市,住居,214483
2012,06000,山形県,山形市,光熱・水道,340305
2012,06000,山形県,山形市,家具・家事用品,114242
2012,06000,山形県,山形市,被服及び履物,129857
2012,06000,山形県,山形市,保健医療,131653
2012,06000,山形県,山形市,交通・通信,616293
2012,06000,山形県,山形市,教育,136665
2012,06000,山形県,山形市,教養娯楽,307539
2012,06000,山形県,山形市,その他の消費支出,714891
2012,07000,福島県,福島市,食料,864717
2012,07000,福島県,福島市,住居,197425
2012,07000,福島県,福島市,光熱・水道,315818
2012,07000,福島県,福島市,家具・家事用品,118953
2012,07000,福島県,福島市,被服及び履物,137678
2012,07000,福島県,福島市,保健医療,123290
2012,07000,福島県,福島市,交通・通信,585653
2012,07000,福島県,福島市,教育,100124
2012,07000,福島県,福島市,教養娯楽,329979
2012,07000,福島県,福島市,その他の消費支出,693718
2012,08000,茨城県,水戸市,食料,899138
2012,08000,茨城県,水戸市,住居,252736
2012,08000,茨城県,水戸市,光熱・水道,278414
2012,08000,茨城県,水戸市,家具・家事用品,122815
2012,08000,茨城県,水戸市,被服及び履物,158346
2012,08000,茨城県,水戸市,保健医療,153365
2012,08000,茨城県,水戸市,交通・通信,673510
2012,08000,茨城県,水戸市,教育,160743
2012,08000,茨城県,水戸市,教養娯楽,381715
2012,08000,茨城県,水戸市,その他の消費支出,613863
2012,09000,栃木県,宇都宮市,食料,871630
2012,09000,栃木県,宇都宮市,住居,269672
2012,09000,栃木県,宇都宮市,光熱・水道,274602
2012,09000,栃木県,宇都宮市,家具・家事用品,130159
2012,09000,栃木県,宇都宮市,被服及び履物,158245
2012,09000,栃木県,宇都宮市,保健医療,174806
2012,09000,栃木県,宇都宮市,交通・通信,657951
2012,09000,栃木県,宇都宮市,教育,149766
2012,09000,栃木県,宇都宮市,教養娯楽,425320
2012,09000,栃木県,宇都宮市,その他の消費支出,785199
2012,10000,群馬県,前橋市,食料,862728
2012,10000,群馬県,前橋市,住居,145309
2012,10000,群馬県,前橋市,光熱・水道,260878
2012,10000,群馬県,前橋市,家具・家事用品,134743
2012,10000,群馬県,前橋市,被服及び履物,151870
2012,10000,群馬県,前橋市,保健医療,131440
2012,10000,群馬県,前橋市,交通・通信,451679
2012,10000,群馬県,前橋市,教育,107673
2012,10000,群馬県,前橋市,教養娯楽,328526
2012,10000,群馬県,前橋市,その他の消費支出,731037
2012,11000,埼玉県,さいたま市,食料,935115
2012,11000,埼玉県,さいたま市,住居,265989
2012,11000,埼玉県,さいたま市,光熱・水道,284875
2012,11000,埼玉県,さいたま市,家具・家事用品,131537
2012,11000,埼玉県,さいたま市,被服及び履物,183986
2012,11000,埼玉県,さいたま市,保健医療,146387
2012,11000,埼玉県,さいたま市,交通・通信,457437
2012,11000,埼玉県,さいたま市,教育,301580
2012,11000,埼玉県,さいたま市,教養娯楽,409239
2012,11000,埼玉県,さいたま市,その他の消費支出,662406
2012,12000,千葉県,千葉市,食料,877382
2012,12000,千葉県,千葉市,住居,162053
2012,12000,千葉県,千葉市,光熱・水道,245970
2012,12000,千葉県,千葉市,家具・家事用品,118691
2012,12000,千葉県,千葉市,被服及び履物,133257
2012,12000,千葉県,千葉市,保健医療,166829
2012,12000,千葉県,千葉市,交通・通信,385498
2012,12000,千葉県,千葉市,教育,127796
2012,12000,千葉県,千葉市,教養娯楽,369194
2012,12000,千葉県,千葉市,その他の消費支出,535826
2012,13000,東京都,東京,食料,1029779
2012,13000,東京都,東京,住居,297194
2012,13000,東京都,東京,光熱・水道,280107
2012,13000,東京都,東京,家具・家事用品,132973
2012,13000,東京都,東京,被服及び履物,189229
2012,13000,東京都,東京,保健医療,187852
2012,13000,東京都,東京,交通・通信,395776
2012,13000,東京都,東京,教育,224082
2012,13000,東京都,東京,教養娯楽,440033
2012,13000,東京都,東京,その他の消費支出,649897
2012,14000,神奈川県,横浜市,食料,965119
2012,14000,神奈川県,横浜市,住居,271707
2012,14000,神奈川県,横浜市,光熱・水道,271075
2012,14000,神奈川県,横浜市,家具・家事用品,126861
2012,14000,神奈川県,横浜市,被服及び履物,165081
2012,14000,神奈川県,横浜市,保健医療,156968
2012,14000,神奈川県,横浜市,交通・通信,522465
2012,14000,神奈川県,横浜市,教育,166479
2012,14000,神奈川県,横浜市,教養娯楽,405665
2012,14000,神奈川県,横浜市,その他の消費支出,606975
2012,15000,新潟県,新潟市,食料,901396
2012,15000,新潟県,新潟市,住居,202196
2012,15000,新潟県,新潟市,光熱・水道,322857
2012,15000,新潟県,新潟市,家具・家事用品,138837
2012,15000,新潟県,新潟市,被服及び履物,128479
2012,15000,新潟県,新潟市,保健医療,149143
2012,15000,新潟県,新潟市,交通・通信,505110
2012,15000,新潟県,新潟市,教育,139298
2012,15000,新潟県,新潟市,教養娯楽,333149
2012,15000,新潟県,新潟市,その他の消費支出,696433
2012,16000,富山県,富山市,食料,912400
2012,16000,富山県,富山市,住居,262013
2012,16000,富山県,富山市,光熱・水道,315568
2012,16000,富山県,富山市,家具・家事用品,118437
2012,16000,富山県,富山市,被服及び履物,150481
2012,16000,富山県,富山市,保健医療,140730
2012,16000,富山県,富山市,交通・通信,511397
2012,16000,富山県,富山市,教育,96344
2012,16000,富山県,富山市,教養娯楽,350871
2012,16000,富山県,富山市,その他の消費支出,795453
2012,17000,石川県,金沢市,食料,946378
2012,17000,石川県,金沢市,住居,175044
2012,17000,石川県,金沢市,光熱・水道,308390
2012,17000,石川県,金沢市,家具・家事用品,125124
2012,17000,石川県,金沢市,被服及び履物,153002
2012,17000,石川県,金沢市,保健医療,169154
2012,17000,石川県,金沢市,交通・通信,581758
2012,17000,石川県,金沢市,教育,211339
2012,17000,石川県,金沢市,教養娯楽,382032
2012,17000,石川県,金沢市,その他の消費支出,711176
2012,18000,福井県,福井市,食料,879673
2012,18000,福井県,福井市,住居,156916
2012,18000,福井県,福井市,光熱・水道,303934
2012,18000,福井県,福井市,家具・家事用品,119252
2012,18000,福井県,福井市,被服及び履物,128725
2012,18000,福井県,福井市,保健医療,121386
2012,18000,福井県,福井市,交通・通信,440797
2012,18000,福井県,福井市,教育,121381
2012,18000,福井県,福井市,教養娯楽,326966
2012,18000,福井県,福井市,その他の消費支出,748638
2012,19000,山梨県,甲府市,食料,904266
2012,19000,山梨県,甲府市,住居,185992
2012,19000,山梨県,甲府市,光熱・水道,261252
2012,19000,山梨県,甲府市,家具・家事用品,111882
2012,19000,山梨県,甲府市,被服及び履物,147626
2012,19000,山梨県,甲府市,保健医療,128388
2012,19000,山梨県,甲府市,交通・通信,437103
2012,19000,山梨県,甲府市,教育,110076
2012,19000,山梨県,甲府市,教養娯楽,342868
2012,19000,山梨県,甲府市,その他の消費支出,648388
2012,20000,長野県,長野市,食料,859778
2012,20000,長野県,長野市,住居,303016
2012,20000,長野県,長野市,光熱・水道,304439
2012,20000,長野県,長野市,家具・家事用品,130781
2012,20000,長野県,長野市,被服及び履物,157183
2012,20000,長野県,長野市,保健医療,169417
2012,20000,長野県,長野市,交通・通信,577888
2012,20000,長野県,長野市,教育,123987
2012,20000,長野県,長野市,教養娯楽,370335
2012,20000,長野県,長野市,その他の消費支出,691897
2012,21000,岐阜県,岐阜市,食料,895405
2012,21000,岐阜県,岐阜市,住居,173157
2012,21000,岐阜県,岐阜市,光熱・水道,289114
2012,21000,岐阜県,岐阜市,家具・家事用品,107170
2012,21000,岐阜県,岐阜市,被服及び履物,155479
2012,21000,岐阜県,岐阜市,保健医療,164446
2012,21000,岐阜県,岐阜市,交通・通信,486607
2012,21000,岐阜県,岐阜市,教育,146252
2012,21000,岐阜県,岐阜市,教養娯楽,353919
2012,21000,岐阜県,岐阜市,その他の消費支出,649095
2012,22000,静岡県,静岡市,食料,964956
2012,22000,静岡県,静岡市,住居,206795
2012,22000,静岡県,静岡市,光熱・水道,297354
2012,22000,静岡県,静岡市,家具・家事用品,155001
2012,22000,静岡県,静岡市,被服及び履物,152433
2012,22000,静岡県,静岡市,保健医療,164386
2012,22000,静岡県,静岡市,交通・通信,445648
2012,22000,静岡県,静岡市,教育,132401
2012,22000,静岡県,静岡市,教養娯楽,399306
2012,22000,静岡県,静岡市,その他の消費支出,775500
2012,23000,愛知県,名古屋市,食料,894853
2012,23000,愛知県,名古屋市,住居,174952
2012,23000,愛知県,名古屋市,光熱・水道,262170
2012,23000,愛知県,名古屋市,家具・家事用品,106949
2012,23000,愛知県,名古屋市,被服及び履物,136983
2012,23000,愛知県,名古屋市,保健医療,121183
2012,23000,愛知県,名古屋市,交通・通信,344800
2012,23000,愛知県,名古屋市,教育,142146
2012,23000,愛知県,名古屋市,教養娯楽,348474
2012,23000,愛知県,名古屋市,その他の消費支出,512937
2012,24000,三重県,津市,食料,834265
2012,24000,三重県,津市,住居,170016
2012,24000,三重県,津市,光熱・水道,257933
2012,24000,三重県,津市,家具・家事用品,135328
2012,24000,三重県,津市,被服及び履物,139777
2012,24000,三重県,津市,保健医療,155763
2012,24000,三重県,津市,交通・通信,587618
2012,24000,三重県,津市,教育,118063
2012,24000,三重県,津市,教養娯楽,418287
2012,24000,三重県,津市,その他の消費支出,617629
2012,25000,滋賀県,大津市,食料,886850
2012,25000,滋賀県,大津市,住居,146157
2012,25000,滋賀県,大津市,光熱・水道,244076
2012,25000,滋賀県,大津市,家具・家事用品,101395
2012,25000,滋賀県,大津市,被服及び履物,147570
2012,25000,滋賀県,大津市,保健医療,133560
2012,25000,滋賀県,大津市,交通・通信,451541
2012,25000,滋賀県,大津市,教育,104164
2012,25000,滋賀県,大津市,教養娯楽,350423
2012,25000,滋賀県,大津市,その他の消費支出,609823
2012,26000,京都府,京都市,食料,953871
2012,26000,京都府,京都市,住居,219175
2012,26000,京都府,京都市,光熱・水道,278060
2012,26000,京都府,京都市,家具・家事用品,129954
2012,26000,京都府,京都市,被服及び履物,160080
2012,26000,京都府,京都市,保健医療,150404
2012,26000,京都府,京都市,交通・通信,365944
2012,26000,京都府,京都市,教育,106174
2012,26000,京都府,京都市,教養娯楽,368367
2012,26000,京都府,京都市,その他の消費支出,530935
2012,27000,大阪府,大阪市,食料,907542
2012,27000,大阪府,大阪市,住居,259922
2012,27000,大阪府,大阪市,光熱・水道,250462
2012,27000,大阪府,大阪市,家具・家事用品,119031
2012,27000,大阪府,大阪市,被服及び履物,154965
2012,27000,大阪府,大阪市,保健医療,172184
2012,27000,大阪府,大阪市,交通・通信,381829
2012,27000,大阪府,大阪市,教育,207574
2012,27000,大阪府,大阪市,教養娯楽,320518
2012,27000,大阪府,大阪市,その他の消費支出,545730
2012,28000,兵庫県,神戸市,食料,899976
2012,28000,兵庫県,神戸市,住居,233378
2012,28000,兵庫県,神戸市,光熱・水道,228672
2012,28000,兵庫県,神戸市,家具・家事用品,120118
2012,28000,兵庫県,神戸市,被服及び履物,145674
2012,28000,兵庫県,神戸市,保健医療,143638
2012,28000,兵庫県,神戸市,交通・通信,444868
2012,28000,兵庫県,神戸市,教育,119415
2012,28000,兵庫県,神戸市,教養娯楽,338665
2012,28000,兵庫県,神戸市,その他の消費支出,564118
2012,29000,奈良県,奈良市,食料,931290
2012,29000,奈良県,奈良市,住居,253289
2012,29000,奈良県,奈良市,光熱・水道,269733
2012,29000,奈良県,奈良市,家具・家事用品,145946
2012,29000,奈良県,奈良市,被服及び履物,165044
2012,29000,奈良県,奈良市,保健医療,175025
2012,29000,奈良県,奈良市,交通・通信,510203
2012,29000,奈良県,奈良市,教育,199102
2012,29000,奈良県,奈良市,教養娯楽,384174
2012,29000,奈良県,奈良市,その他の消費支出,752350
2012,30000,和歌山県,和歌山市,食料,853469
2012,30000,和歌山県,和歌山市,住居,128821
2012,30000,和歌山県,和歌山市,光熱・水道,241348
2012,30000,和歌山県,和歌山市,家具・家事用品,111264
2012,30000,和歌山県,和歌山市,被服及び履物,124121
2012,30000,和歌山県,和歌山市,保健医療,132599
2012,30000,和歌山県,和歌山市,交通・通信,325586
2012,30000,和歌山県,和歌山市,教育,112745
2012,30000,和歌山県,和歌山市,教養娯楽,318192
2012,30000,和歌山県,和歌山市,その他の消費支出,590915
2012,31000,鳥取県,鳥取市,食料,842630
2012,31000,鳥取県,鳥取市,住居,210323
2012,31000,鳥取県,鳥取市,光熱・水道,283909
2012,31000,鳥取県,鳥取市,家具・家事用品,112696
2012,31000,鳥取県,鳥取市,被服及び履物,128701
2012,31000,鳥取県,鳥取市,保健医療,135249
2012,31000,鳥取県,鳥取市,交通・通信,515565
2012,31000,鳥取県,鳥取市,教育,96782
2012,31000,鳥取県,鳥取市,教養娯楽,301909
2012,31000,鳥取県,鳥取市,その他の消費支出,694637
2012,32000,島根県,松江市,食料,828048
2012,32000,島根県,松江市,住居,255047
2012,32000,島根県,松江市,光熱・水道,300914
2012,32000,島根県,松江市,家具・家事用品,109471
2012,32000,島根県,松江市,被服及び履物,123420
2012,32000,島根県,松江市,保健医療,125664
2012,32000,島根県,松江市,交通・通信,485032
2012,32000,島根県,松江市,教育,54501
2012,32000,島根県,松江市,教養娯楽,291387
2012,32000,島根県,松江市,その他の消費支出,684150
2012,33000,岡山県,岡山市,食料,805176
2012,33000,岡山県,岡山市,住居,277330
2012,33000,岡山県,岡山市,光熱・水道,264201
2012,33000,岡山県,岡山市,家具・家事用品,114732
2012,33000,岡山県,岡山市,被服及び履物,147445
2012,33000,岡山県,岡山市,保健医療,150418
2012,33000,岡山県,岡山市,交通・通信,488446
2012,33000,岡山県,岡山市,教育,125143
2012,33000,岡山県,岡山市,教養娯楽,340702
2012,33000,岡山県,岡山市,その他の消費支出,583253
2012,34000,広島県,広島市,食料,897935
2012,34000,広島県,広島市,住居,255695
2012,34000,広島県,広島市,光熱・水道,272118
2012,34000,広島県,広島市,家具・家事用品,117963
2012,34000,広島県,広島市,被服及び履物,156257
2012,34000,広島県,広島市,保健医療,151674
2012,34000,広島県,広島市,交通・通信,424136
2012,34000,広島県,広島市,教育,134186
2012,34000,広島県,広島市,教養娯楽,354265
2012,34000,広島県,広島市,その他の消費支出,727050
2012,35000,山口県,山口市,食料,806206
2012,35000,山口県,山口市,住居,255129
2012,35000,山口県,山口市,光熱・水道,262112
2012,35000,山口県,山口市,家具・家事用品,136150
2012,35000,山口県,山口市,被服及び履物,115326
2012,35000,山口県,山口市,保健医療,150144
2012,35000,山口県,山口市,交通・通信,629827
2012,35000,山口県,山口市,教育,83476
2012,35000,山口県,山口市,教養娯楽,311882
2012,35000,山口県,山口市,その他の消費支出,646979
2012,36000,徳島県,徳島市,食料,879251
2012,36000,徳島県,徳島市,住居,270007
2012,36000,徳島県,徳島市,光熱・水道,263757
2012,36000,徳島県,徳島市,家具・家事用品,113101
2012,36000,徳島県,徳島市,被服及び履物,182013
2012,36000,徳島県,徳島市,保健医療,144851
2012,36000,徳島県,徳島市,交通・通信,593251
2012,36000,徳島県,徳島市,教育,173261
2012,36000,徳島県,徳島市,教養娯楽,362445
2012,36000,徳島県,徳島市,その他の消費支出,779955
2012,37000,香川県,高松市,食料,862064
2012,37000,香川県,高松市,住居,220742
2012,37000,香川県,高松市,光熱・水道,266002
2012,37000,香川県,高松市,家具・家事用品,117310
2012,37000,香川県,高松市,被服及び履物,164201
2012,37000,香川県,高松市,保健医療,156784
2012,37000,香川県,高松市,交通・通信,555116
2012,37000,香川県,高松市,教育,160730
2012,37000,香川県,高松市,教養娯楽,373569
2012,37000,香川県,高松市,その他の消費支出,834028
2012,38000,愛媛県,松山市,食料,822961
2012,38000,愛媛県,松山市,住居,297206
2012,38000,愛媛県,松山市,光熱・水道,249300
2012,38000,愛媛県,松山市,家具・家事用品,120862
2012,38000,愛媛県,松山市,被服及び履物,141880
2012,38000,愛媛県,松山市,保健医療,128354
2012,38000,愛媛県,松山市,交通・通信,446497
2012,38000,愛媛県,松山市,教育,144557
2012,38000,愛媛県,松山市,教養娯楽,323102
2012,38000,愛媛県,松山市,その他の消費支出,615845
2012,39000,高知県,高知市,食料,909140
2012,39000,高知県,高知市,住居,254433
2012,39000,高知県,高知市,光熱・水道,266185
2012,39000,高知県,高知市,家具・家事用品,112150
2012,39000,高知県,高知市,被服及び履物,138352
2012,39000,高知県,高知市,保健医療,157906
2012,39000,高知県,高知市,交通・通信,542102
2012,39000,高知県,高知市,教育,156122
2012,39000,高知県,高知市,教養娯楽,346765
2012,39000,高知県,高知市,その他の消費支出,828742
2012,40000,福岡県,福岡市,食料,864237
2012,40000,福岡県,福岡市,住居,261271
2012,40000,福岡県,福岡市,光熱・水道,255575
2012,40000,福岡県,福岡市,家具・家事用品,138153
2012,40000,福岡県,福岡市,被服及び履物,156883
2012,40000,福岡県,福岡市,保健医療,147380
2012,40000,福岡県,福岡市,交通・通信,537376
2012,40000,福岡県,福岡市,教育,138122
2012,40000,福岡県,福岡市,教養娯楽,324903
2012,40000,福岡県,福岡市,その他の消費支出,719364
2012,41000,佐賀県,佐賀市,食料,863859
2012,41000,佐賀県,佐賀市,住居,238149
2012,41000,佐賀県,佐賀市,光熱・水道,266665
2012,41000,佐賀県,佐賀市,家具・家事用品,134188
2012,41000,佐賀県,佐賀市,被服及び履物,166343
2012,41000,佐賀県,佐賀市,保健医療,184216
2012,41000,佐賀県,佐賀市,交通・通信,524862
2012,41000,佐賀県,佐賀市,教育,171950
2012,41000,佐賀県,佐賀市,教養娯楽,314834
2012,41000,佐賀県,佐賀市,その他の消費支出,749882
2012,42000,長崎県,長崎市,食料,778223
2012,42000,長崎県,長崎市,住居,208027
2012,42000,長崎県,長崎市,光熱・水道,253289
2012,42000,長崎県,長崎市,家具・家事用品,106154
2012,42000,長崎県,長崎市,被服及び履物,132738
2012,42000,長崎県,長崎市,保健医療,130170
2012,42000,長崎県,長崎市,交通・通信,424702
2012,42000,長崎県,長崎市,教育,84686
2012,42000,長崎県,長崎市,教養娯楽,277793
2012,42000,長崎県,長崎市,その他の消費支出,704674
2012,43000,熊本県,熊本市,食料,810820
2012,43000,熊本県,熊本市,住居,255644
2012,43000,熊本県,熊本市,光熱・水道,245738
2012,43000,熊本県,熊本市,家具・家事用品,119886
2012,43000,熊本県,熊本市,被服及び履物,166320
2012,43000,熊本県,熊本市,保健医療,154526
2012,43000,熊本県,熊本市,交通・通信,469364
2012,43000,熊本県,熊本市,教育,114806
2012,43000,熊本県,熊本市,教養娯楽,332340
2012,43000,熊本県,熊本市,その他の消費支出,740863
2012,44000,大分県,大分市,食料,837223
2012,44000,大分県,大分市,住居,233823
2012,44000,大分県,大分市,光熱・水道,232224
2012,44000,大分県,大分市,家具・家事用品,136099
2012,44000,大分県,大分市,被服及び履物,168761
2012,44000,大分県,大分市,保健医療,149845
2012,44000,大分県,大分市,交通・通信,527549
2012,44000,大分県,大分市,教育,96072
2012,44000,大分県,大分市,教養娯楽,428868
2012,44000,大分県,大分市,その他の消費支出,853329
2012,45000,宮崎県,宮崎市,食料,798199
2012,45000,宮崎県,宮崎市,住居,210632
2012,45000,宮崎県,宮崎市,光熱・水道,209415
2012,45000,宮崎県,宮崎市,家具・家事用品,141443
2012,45000,宮崎県,宮崎市,被服及び履物,143235
2012,45000,宮崎県,宮崎市,保健医療,141276
2012,45000,宮崎県,宮崎市,交通・通信,481568
2012,45000,宮崎県,宮崎市,教育,117839
2012,45000,宮崎県,宮崎市,教養娯楽,335482
2012,45000,宮崎県,宮崎市,その他の消費支出,573249
2012,46000,鹿児島県,鹿児島市,食料,826154
2012,46000,鹿児島県,鹿児島市,住居,269029
2012,46000,鹿児島県,鹿児島市,光熱・水道,235525
2012,46000,鹿児島県,鹿児島市,家具・家事用品,111709
2012,46000,鹿児島県,鹿児島市,被服及び履物,161292
2012,46000,鹿児島県,鹿児島市,保健医療,143774
2012,46000,鹿児島県,鹿児島市,交通・通信,544223
2012,46000,鹿児島県,鹿児島市,教育,196402
2012,46000,鹿児島県,鹿児島市,教養娯楽,332514
2012,46000,鹿児島県,鹿児島市,その他の消費支出,705487
2012,47000,沖縄県,那覇市,食料,730961
2012,47000,沖縄県,那覇市,住居,284767
2012,47000,沖縄県,那覇市,光熱・水道,237071
2012,47000,沖縄県,那覇市,家具・家事用品,90805
2012,47000,沖縄県,那覇市,被服及び履物,88592
2012,47000,沖縄県,那覇市,保健医療,120359
2012,47000,沖縄県,那覇市,交通・通信,335833
2012,47000,沖縄県,那覇市,教育,93259
2012,47000,沖縄県,那覇市,教養娯楽,238539
2012,47000,沖縄県,那覇市,その他の消費支出,515589
2013,01000,北海道,札幌市,食料,833142
2013,01000,北海道,札幌市,住居,313931
2013,01000,北海道,札幌市,光熱・水道,314552
2013,01000,北海道,札幌市,家具・家事用品,113381
2013,01000,北海道,札幌市,被服及び履物,131592
2013,01000,北海道,札幌市,保健医療,142488
2013,01000,北海道,札幌市,交通・通信,459305
2013,01000,北海道,札幌市,教育,98469
2013,01000,北海道,札幌市,教養娯楽,343865
2013,01000,北海道,札幌市,その他の消費支出,599560
2013,02000,青森県,青森市,食料,806779
2013,02000,青森県,青森市,住居,166369
2013,02000,青森県,青森市,光熱・水道,351815
2013,02000,青森県,青森市,家具・家事用品,109275
2013,02000,青森県,青森市,被服及び履物,111423
2013,02000,青森県,青森市,保健医療,120821
2013,02000,青森県,青森市,交通・通信,390586
2013,02000,青森県,青森市,教育,147210
2013,02000,青森県,青森市,教養娯楽,248584
2013,02000,青森県,青森市,その他の消費支出,504482
2013,03000,岩手県,盛岡市,食料,850737
2013,03000,岩手県,盛岡市,住居,167895
2013,03000,岩手県,盛岡市,光熱・水道,339145
2013,03000,岩手県,盛岡市,家具・家事用品,106919
2013,03000,岩手県,盛岡市,被服及び履物,126267
2013,03000,岩手県,盛岡市,保健医療,149396
2013,03000,岩手県,盛岡市,交通・通信,537578
2013,03000,岩手県,盛岡市,教育,93311
2013,03000,岩手県,盛岡市,教養娯楽,322994
2013,03000,岩手県,盛岡市,その他の消費支出,622740
2013,04000,宮城県,仙台市,食料,928604
2013,04000,宮城県,仙台市,住居,170072
2013,04000,宮城県,仙台市,光熱・水道,288785
2013,04000,宮城県,仙台市,家具・家事用品,120540
2013,04000,宮城県,仙台市,被服及び履物,158080
2013,04000,宮城県,仙台市,保健医療,150012
2013,04000,宮城県,仙台市,交通・通信,510956
2013,04000,宮城県,仙台市,教育,120685
2013,04000,宮城県,仙台市,教養娯楽,369813
2013,04000,宮城県,仙台市,その他の消費支出,655598
2013,05000,秋田県,秋田市,食料,847368
2013,05000,秋田県,秋田市,住居,160843
2013,05000,秋田県,秋田市,光熱・水道,329312
2013,05000,秋田県,秋田市,家具・家事用品,110261
2013,05000,秋田県,秋田市,被服及び履物,120221
2013,05000,秋田県,秋田市,保健医療,154243
2013,05000,秋田県,秋田市,交通・通信,437911
2013,05000,秋田県,秋田市,教育,116260
2013,05000,秋田県,秋田市,教養娯楽,314676
2013,05000,秋田県,秋田市,その他の消費支出,683276
2013,06000,山形県,山形市,食料,935002
2013,06000,山形県,山形市,住居,215781
2013,06000,山形県,山形市,光熱・水道,357196
2013,06000,山形県,山形市,家具・家事用品,135735
2013,06000,山形県,山形市,被服及び履物,140528
2013,06000,山形県,山形市,保健医療,163138
2013,06000,山形県,山形市,交通・通信,578583
2013,06000,山形県,山形市,教育,162978
2013,06000,山形県,山形市,教養娯楽,373046
2013,06000,山形県,山形市,その他の消費支出,716596
2013,07000,福島県,福島市,食料,844919
2013,07000,福島県,福島市,住居,178703
2013,07000,福島県,福島市,光熱・水道,311860
2013,07000,福島県,福島市,家具・家事用品,123436
2013,07000,福島県,福島市,被服及び履物,138591
2013,07000,福島県,福島市,保健医療,119761
2013,07000,福島県,福島市,交通・通信,546743
2013,07000,福島県,福島市,教育,80840
2013,07000,福島県,福島市,教養娯楽,295227
2013,07000,福島県,福島市,その他の消費支出,650260
2013,08000,茨城県,水戸市,食料,869195
2013,08000,茨城県,水戸市,住居,221339
2013,08000,茨城県,水戸市,光熱・水道,280327
2013,08000,茨城県,水戸市,家具・家事用品,128329
2013,08000,茨城県,水戸市,被服及び履物,166181
2013,08000,茨城県,水戸市,保健医療,158778
2013,08000,茨城県,水戸市,交通・通信,499082
2013,08000,茨城県,水戸市,教育,124743
2013,08000,茨城県,水戸市,教養娯楽,380292
2013,08000,茨城県,水戸市,その他の消費支出,654357
2013,09000,栃木県,宇都宮市,食料,907846
2013,09000,栃木県,宇都宮市,住居,282615
2013,09000,栃木県,宇都宮市,光熱・水道,287795
2013,09000,栃木県,宇都宮市,家具・家事用品,130805
2013,09000,栃木県,宇都宮市,被服及び履物,162197
2013,09000,栃木県,宇都宮市,保健医療,173574
2013,09000,栃木県,宇都宮市,交通・通信,522992
2013,09000,栃木県,宇都宮市,教育,142065
2013,09000,栃木県,宇都宮市,教養娯楽,374072
2013,09000,栃木県,宇都宮市,その他の消費支出,720425
2013,10000,群馬県,前橋市,食料,855697
2013,10000,群馬県,前橋市,住居,219795
2013,10000,群馬県,前橋市,光熱・水道,254200
2013,10000,群馬県,前橋市,家具・家事用品,120494
2013,10000,群馬県,前橋市,被服及び履物,147974
2013,10000,群馬県,前橋市,保健医療,155057
2013,10000,群馬県,前橋市,交通・通信,568490
2013,10000,群馬県,前橋市,教育,101674
2013,10000,群馬県,前橋市,教養娯楽,365189
2013,10000,群馬県,前橋市,その他の消費支出,640192
2013,11000,埼玉県,さいたま市,食料,966689
2013,11000,埼玉県,さいたま市,住居,209405
2013,11000,埼玉県,さいたま市,光熱・水道,288505
2013,11000,埼玉県,さいたま市,家具・家事用品,130825
2013,11000,埼玉県,さいたま市,被服及び履物,179374
2013,11000,埼玉県,さいたま市,保健医療,142373
2013,11000,埼玉県,さいたま市,交通・通信,498066
2013,11000,埼玉県,さいたま市,教育,166879
2013,11000,埼玉県,さいたま市,教養娯楽,485467
2013,11000,埼玉県,さいたま市,その他の消費支出,637257
2013,12000,千葉県,千葉市,食料,946533
2013,12000,千葉県,千葉市,住居,197491
2013,12000,千葉県,千葉市,光熱・水道,258031
2013,12000,千葉県,千葉市,家具・家事用品,135340
2013,12000,千葉県,千葉市,被服及び履物,148403
2013,12000,千葉県,千葉市,保健医療,164487
2013,12000,千葉県,千葉市,交通・通信,382339
2013,12000,千葉県,千葉市,教育,106740
2013,12000,千葉県,千葉市,教養娯楽,381254
2013,12000,千葉県,千葉市,その他の消費支出,641455
2013,13000,東京都,東京,食料,1055450
2013,13000,東京都,東京,住居,358623
2013,13000,東京都,東京,光熱・水道,283982
2013,13000,東京都,東京,家具・家事用品,137436
2013,13000,東京都,東京,被服及び履物,196048
2013,13000,東京都,東京,保健医療,183959
2013,13000,東京都,東京,交通・通信,415958
2013,13000,東京都,東京,教育,208323
2013,13000,東京都,東京,教養娯楽,484098
2013,13000,東京都,東京,その他の消費支出,676091
2013,14000,神奈川県,横浜市,食料,998500
2013,14000,神奈川県,横浜市,住居,256365
2013,14000,神奈川県,横浜市,光熱・水道,267265
2013,14000,神奈川県,横浜市,家具・家事用品,116641
2013,14000,神奈川県,横浜市,被服及び履物,161057
2013,14000,神奈川県,横浜市,保健医療,170575
2013,14000,神奈川県,横浜市,交通・通信,491613
2013,14000,神奈川県,横浜市,教育,194774
2013,14000,神奈川県,横浜市,教養娯楽,462170
2013,14000,神奈川県,横浜市,その他の消費支出,595476
2013,15000,新潟県,新潟市,食料,913143
2013,15000,新潟県,新潟市,住居,193224
2013,15000,新潟県,新潟市,光熱・水道,325878
2013,15000,新潟県,新潟市,家具・家事用品,128833
2013,15000,新潟県,新潟市,被服及び履物,121774
2013,15000,新潟県,新潟市,保健医療,137310
2013,15000,新潟県,新潟市,交通・通信,530071
2013,15000,新潟県,新潟市,教育,133884
2013,15000,新潟県,新潟市,教養娯楽,297623
2013,15000,新潟県,新潟市,その他の消費支出,549357
2013,16000,富山県,富山市,食料,938908
2013,16000,富山県,富山市,住居,142352
2013,16000,富山県,富山市,光熱・水道,333394
2013,16000,富山県,富山市,家具・家事用品,116891
2013,16000,富山県,富山市,被服及び履物,147330
2013,16000,富山県,富山市,保健医療,139707
2013,16000,富山県,富山市,交通・通信,707996
2013,16000,富山県,富山市,教育,122345
2013,16000,富山県,富山市,教養娯楽,341163
2013,16000,富山県,富山市,その他の消費支出,894276
2013,17000,石川県,金沢市,食料,943651
2013,17000,石川県,金沢市,住居,263794
2013,17000,石川県,金沢市,光熱・水道,285460
2013,17000,石川県,金沢市,家具・家事用品,123444
2013,17000,石川県,金沢市,被服及び履物,163923
2013,17000,石川県,金沢市,保健医療,165978
2013,17000,石川県,金沢市,交通・通信,643105
2013,17000,石川県,金沢市,教育,141218
2013,17000,石川県,金沢市,教養娯楽,402948
2013,17000,石川県,金沢市,その他の消費支出,759689
2013,18000,福井県,福井市,食料,852421
2013,18000,福井県,福井市,住居,148732
2013,18000,福井県,福井市,光熱・水道,304684
2013,18000,福井県,福井市,家具・家事用品,117038
2013,18000,福井県,福井市,被服及び履物,129936
2013,18000,福井県,福井市,保健医療,100457
2013,18000,福井県,福井市,交通・通信,647743
2013,18000,福井県,福井市,教育,128851
2013,18000,福井県,福井市,教養娯楽,304731
2013,18000,福井県,福井市,その他の消費支出,710503
2013,19000,山梨県,甲府市,食料,895817
2013,19000,山梨県,甲府市,住居,161625
2013,19000,山梨県,甲府市,光熱・水道,288268
2013,19000,山梨県,甲府市,家具・家事用品,110696
2013,19000,山梨県,甲府市,被服及び履物,161864
2013,19000,山梨県,甲府市,保健医療,132477
2013,19000,山梨県,甲府市,交通・通信,425469
2013,19000,山梨県,甲府市,教育,124458
2013,19000,山梨県,甲府市,教養娯楽,323964
2013,19000,山梨県,甲府市,その他の消費支出,636845
2013,20000,長野県,長野市,食料,883014
2013,20000,長野県,長野市,住居,215961
2013,20000,長野県,長野市,光熱・水道,290751
2013,20000,長野県,長野市,家具・家事用品,139102
2013,20000,長野県,長野市,被服及び履物,138875
2013,20000,長野県,長野市,保健医療,169170
2013,20000,長野県,長野市,交通・通信,531300
2013,20000,長野県,長野市,教育,84938
2013,20000,長野県,長野市,教養娯楽,362275
2013,20000,長野県,長野市,その他の消費支出,684325
2013,21000,岐阜県,岐阜市,食料,828971
2013,21000,岐阜県,岐阜市,住居,139190
2013,21000,岐阜県,岐阜市,光熱・水道,283663
2013,21000,岐阜県,岐阜市,家具・家事用品,103154
2013,21000,岐阜県,岐阜市,被服及び履物,131458
2013,21000,岐阜県,岐阜市,保健医療,147826
2013,21000,岐阜県,岐阜市,交通・通信,558095
2013,21000,岐阜県,岐阜市,教育,149238
2013,21000,岐阜県,岐阜市,教養娯楽,345896
2013,21000,岐阜県,岐阜市,その他の消費支出,576977
2013,22000,静岡県,静岡市,食料,957839
2013,22000,静岡県,静岡市,住居,216728
2013,22000,静岡県,静岡市,光熱・水道,296312
2013,22000,静岡県,静岡市,家具・家事用品,116329
2013,22000,静岡県,静岡市,被服及び履物,165401
2013,22000,静岡県,静岡市,保健医療,171032
2013,22000,静岡県,静岡市,交通・通信,497599
2013,22000,静岡県,静岡市,教育,118194
2013,22000,静岡県,静岡市,教養娯楽,420784
2013,22000,静岡県,静岡市,その他の消費支出,721947
2013,23000,愛知県,名古屋市,食料,962435
2013,23000,愛知県,名古屋市,住居,178949
2013,23000,愛知県,名古屋市,光熱・水道,283294
2013,23000,愛知県,名古屋市,家具・家事用品,124381
2013,23000,愛知県,名古屋市,被服及び履物,181768
2013,23000,愛知県,名古屋市,保健医療,127264
2013,23000,愛知県,名古屋市,交通・通信,547246
2013,23000,愛知県,名古屋市,教育,166310
2013,23000,愛知県,名古屋市,教養娯楽,396982
2013,23000,愛知県,名古屋市,その他の消費支出,710085
2013,24000,三重県,津市,食料,871740
2013,24000,三重県,津市,住居,118565
2013,24000,三重県,津市,光熱・水道,285900
2013,24000,三重県,津市,家具・家事用品,148754
2013,24000,三重県,津市,被服及び履物,153574
2013,24000,三重県,津市,保健医療,156535
2013,24000,三重県,津市,交通・通信,537603
2013,24000,三重県,津市,教育,94343
2013,24000,三重県,津市,教養娯楽,403835
2013,24000,三重県,津市,その他の消費支出,704384
2013,25000,滋賀県,大津市,食料,872073
2013,25000,滋賀県,大津市,住居,160296
2013,25000,滋賀県,大津市,光熱・水道,256334
2013,25000,滋賀県,大津市,家具・家事用品,113255
2013,25000,滋賀県,大津市,被服及び履物,141470
2013,25000,滋賀県,大津市,保健医療,133079
2013,25000,滋賀県,大津市,交通・通信,514056
2013,25000,滋賀県,大津市,教育,168851
2013,25000,滋賀県,大津市,教養娯楽,384333
2013,25000,滋賀県,大津市,その他の消費支出,511691
2013,26000,京都府,京都市,食料,1030444
2013,26000,京都府,京都市,住居,164785
2013,26000,京都府,京都市,光熱・水道,296375
2013,26000,京都府,京都市,家具・家事用品,137816
2013,26000,京都府,京都市,被服及び履物,151648
2013,26000,京都府,京都市,保健医療,168751
2013,26000,京都府,京都市,交通・通信,436240
2013,26000,京都府,京都市,教育,162791
2013,26000,京都府,京都市,教養娯楽,431665
2013,26000,京都府,京都市,その他の消費支出,732088
2013,27000,大阪府,大阪市,食料,917699
2013,27000,大阪府,大阪市,住居,292066
2013,27000,大阪府,大阪市,光熱・水道,256578
2013,27000,大阪府,大阪市,家具・家事用品,107609
2013,27000,大阪府,大阪市,被服及び履物,161746
2013,27000,大阪府,大阪市,保健医療,124772
2013,27000,大阪府,大阪市,交通・通信,376408
2013,27000,大阪府,大阪市,教育,139126
2013,27000,大阪府,大阪市,教養娯楽,345690
2013,27000,大阪府,大阪市,その他の消費支出,552065
2013,28000,兵庫県,神戸市,食料,897358
2013,28000,兵庫県,神戸市,住居,135527
2013,28000,兵庫県,神戸市,光熱・水道,218425
2013,28000,兵庫県,神戸市,家具・家事用品,107095
2013,28000,兵庫県,神戸市,被服及び履物,139345
2013,28000,兵庫県,神戸市,保健医療,161576
2013,28000,兵庫県,神戸市,交通・通信,516676
2013,28000,兵庫県,神戸市,教育,135516
2013,28000,兵庫県,神戸市,教養娯楽,377668
2013,28000,兵庫県,神戸市,その他の消費支出,515390
2013,29000,奈良県,奈良市,食料,927190
2013,29000,奈良県,奈良市,住居,175743
2013,29000,奈良県,奈良市,光熱・水道,285308
2013,29000,奈良県,奈良市,家具・家事用品,112442
2013,29000,奈良県,奈良市,被服及び履物,169495
2013,29000,奈良県,奈良市,保健医療,151878
2013,29000,奈良県,奈良市,交通・通信,489618
2013,29000,奈良県,奈良市,教育,224702
2013,29000,奈良県,奈良市,教養娯楽,385444
2013,29000,奈良県,奈良市,その他の消費支出,772730
2013,30000,和歌山県,和歌山市,食料,846596
2013,30000,和歌山県,和歌山市,住居,184666
2013,30000,和歌山県,和歌山市,光熱・水道,252822
2013,30000,和歌山県,和歌山市,家具・家事用品,140488
2013,30000,和歌山県,和歌山市,被服及び履物,139138
2013,30000,和歌山県,和歌山市,保健医療,114997
2013,30000,和歌山県,和歌山市,交通・通信,335933
2013,30000,和歌山県,和歌山市,教育,127200
2013,30000,和歌山県,和歌山市,教養娯楽,311613
2013,30000,和歌山県,和歌山市,その他の消費支出,648117
2013,31000,鳥取県,鳥取市,食料,854373
2013,31000,鳥取県,鳥取市,住居,128002
2013,31000,鳥取県,鳥取市,光熱・水道,282571
2013,31000,鳥取県,鳥取市,家具・家事用品,122712
2013,31000,鳥取県,鳥取市,被服及び履物,134613
2013,31000,鳥取県,鳥取市,保健医療,137047
2013,31000,鳥取県,鳥取市,交通・通信,452304
2013,31000,鳥取県,鳥取市,教育,76464
2013,31000,鳥取県,鳥取市,教養娯楽,296817
2013,31000,鳥取県,鳥取市,その他の消費支出,708482
2013,32000,島根県,松江市,食料,858481
2013,32000,島根県,松江市,住居,271272
2013,32000,島根県,松江市,光熱・水道,291819
2013,32000,島根県,松江市,家具・家事用品,121766
2013,32000,島根県,松江市,被服及び履物,143953
2013,32000,島根県,松江市,保健医療,147517
2013,32000,島根県,松江市,交通・通信,571100
2013,32000,島根県,松江市,教育,105940
2013,32000,島根県,松江市,教養娯楽,338680
2013,32000,島根県,松江市,その他の消費支出,709034
2013,33000,岡山県,岡山市,食料,820969
2013,33000,岡山県,岡山市,住居,262047
2013,33000,岡山県,岡山市,光熱・水道,266082
2013,33000,岡山県,岡山市,家具・家事用品,152325
2013,33000,岡山県,岡山市,被服及び履物,153127
2013,33000,岡山県,岡山市,保健医療,154994
2013,33000,岡山県,岡山市,交通・通信,503710
2013,33000,岡山県,岡山市,教育,119034
2013,33000,岡山県,岡山市,教養娯楽,347141
2013,33000,岡山県,岡山市,その他の消費支出,698058
2013,34000,広島県,広島市,食料,899957
2013,34000,広島県,広島市,住居,281639
2013,34000,広島県,広島市,光熱・水道,261578
2013,34000,広島県,広島市,家具・家事用品,122620
2013,34000,広島県,広島市,被服及び履物,147239
2013,34000,広島県,広島市,保健医療,140521
2013,34000,広島県,広島市,交通・通信,494337
2013,34000,広島県,広島市,教育,104264
2013,34000,広島県,広島市,教養娯楽,381194
2013,34000,広島県,広島市,その他の消費支出,690946
2013,35000,山口県,山口市,食料,830530
2013,35000,山口県,山口市,住居,143875
2013,35000,山口県,山口市,光熱・水道,270774
2013,35000,山口県,山口市,家具・家事用品,120057
2013,35000,山口県,山口市,被服及び履物,136378
2013,35000,山口県,山口市,保健医療,155807
2013,35000,山口県,山口市,交通・通信,630104
2013,35000,山口県,山口市,教育,118207
2013,35000,山口県,山口市,教養娯楽,338010
2013,35000,山口県,山口市,その他の消費支出,672526
2013,36000,徳島県,徳島市,食料,879252
2013,36000,徳島県,徳島市,住居,195051
2013,36000,徳島県,徳島市,光熱・水道,276207
2013,36000,徳島県,徳島市,家具・家事用品,137932
2013,36000,徳島県,徳島市,被服及び履物,197881
2013,36000,徳島県,徳島市,保健医療,164974
2013,36000,徳島県,徳島市,交通・通信,455915
2013,36000,徳島県,徳島市,教育,148733
2013,36000,徳島県,徳島市,教養娯楽,371023
2013,36000,徳島県,徳島市,その他の消費支出,875635
2013,37000,香川県,高松市,食料,867157
2013,37000,香川県,高松市,住居,235020
2013,37000,香川県,高松市,光熱・水道,257646
2013,37000,香川県,高松市,家具・家事用品,149138
2013,37000,香川県,高松市,被服及び履物,169216
2013,37000,香川県,高松市,保健医療,181049
2013,37000,香川県,高松市,交通・通信,541944
2013,37000,香川県,高松市,教育,120406
2013,37000,香川県,高松市,教養娯楽,365276
2013,37000,香川県,高松市,その他の消費支出,941752
2013,38000,愛媛県,松山市,食料,825158
2013,38000,愛媛県,松山市,住居,231428
2013,38000,愛媛県,松山市,光熱・水道,247949
2013,38000,愛媛県,松山市,家具・家事用品,133696
2013,38000,愛媛県,松山市,被服及び履物,131499
2013,38000,愛媛県,松山市,保健医療,135591
2013,38000,愛媛県,松山市,交通・通信,480573
2013,38000,愛媛県,松山市,教育,161995
2013,38000,愛媛県,松山市,教養娯楽,319401
2013,38000,愛媛県,松山市,その他の消費支出,650572
2013,39000,高知県,高知市,食料,857310
2013,39000,高知県,高知市,住居,260930
2013,39000,高知県,高知市,光熱・水道,258403
2013,39000,高知県,高知市,家具・家事用品,104735
2013,39000,高知県,高知市,被服及び履物,119551
2013,39000,高知県,高知市,保健医療,140635
2013,39000,高知県,高知市,交通・通信,532664
2013,39000,高知県,高知市,教育,113284
2013,39000,高知県,高知市,教養娯楽,277507
2013,39000,高知県,高知市,その他の消費支出,767209
2013,40000,福岡県,福岡市,食料,860101
2013,40000,福岡県,福岡市,住居,341266
2013,40000,福岡県,福岡市,光熱・水道,255926
2013,40000,福岡県,福岡市,家具・家事用品,128114
2013,40000,福岡県,福岡市,被服及び履物,161258
2013,40000,福岡県,福岡市,保健医療,145460
2013,40000,福岡県,福岡市,交通・通信,452200
2013,40000,福岡県,福岡市,教育,140878
2013,40000,福岡県,福岡市,教養娯楽,365158
2013,40000,福岡県,福岡市,その他の消費支出,604396
2013,41000,佐賀県,佐賀市,食料,906231
2013,41000,佐賀県,佐賀市,住居,233497
2013,41000,佐賀県,佐賀市,光熱・水道,276356
2013,41000,佐賀県,佐賀市,家具・家事用品,147081
2013,41000,佐賀県,佐賀市,被服及び履物,136912
2013,41000,佐賀県,佐賀市,保健医療,139488
2013,41000,佐賀県,佐賀市,交通・通信,491986
2013,41000,佐賀県,佐賀市,教育,135764
2013,41000,佐賀県,佐賀市,教養娯楽,319677
2013,41000,佐賀県,佐賀市,その他の消費支出,748025
2013,42000,長崎県,長崎市,食料,844029
2013,42000,長崎県,長崎市,住居,173494
2013,42000,長崎県,長崎市,光熱・水道,263811
2013,42000,長崎県,長崎市,家具・家事用品,113385
2013,42000,長崎県,長崎市,被服及び履物,143669
2013,42000,長崎県,長崎市,保健医療,119709
2013,42000,長崎県,長崎市,交通・通信,449171
2013,42000,長崎県,長崎市,教育,100321
2013,42000,長崎県,長崎市,教養娯楽,286111
2013,42000,長崎県,長崎市,その他の消費支出,862441
2013,43000,熊本県,熊本市,食料,803448
2013,43000,熊本県,熊本市,住居,256324
2013,43000,熊本県,熊本市,光熱・水道,245120
2013,43000,熊本県,熊本市,家具・家事用品,111891
2013,43000,熊本県,熊本市,被服及び履物,150483
2013,43000,熊本県,熊本市,保健医療,124035
2013,43000,熊本県,熊本市,交通・通信,463259
2013,43000,熊本県,熊本市,教育,122921
2013,43000,熊本県,熊本市,教養娯楽,300124
2013,43000,熊本県,熊本市,その他の消費支出,668040
2013,44000,大分県,大分市,食料,856704
2013,44000,大分県,大分市,住居,272963
2013,44000,大分県,大分市,光熱・水道,257813
2013,44000,大分県,大分市,家具・家事用品,145678
2013,44000,大分県,大分市,被服及び履物,173161
2013,44000,大分県,大分市,保健医療,140663
2013,44000,大分県,大分市,交通・通信,630042
2013,44000,大分県,大分市,教育,94398
2013,44000,大分県,大分市,教養娯楽,385008
2013,44000,大分県,大分市,その他の消費支出,785455
2013,45000,宮崎県,宮崎市,食料,787322
2013,45000,宮崎県,宮崎市,住居,333245
2013,45000,宮崎県,宮崎市,光熱・水道,210877
2013,45000,宮崎県,宮崎市,家具・家事用品,131093
2013,45000,宮崎県,宮崎市,被服及び履物,118413
2013,45000,宮崎県,宮崎市,保健医療,150517
2013,45000,宮崎県,宮崎市,交通・通信,484628
2013,45000,宮崎県,宮崎市,教育,92831
2013,45000,宮崎県,宮崎市,教養娯楽,282551
2013,45000,宮崎県,宮崎市,その他の消費支出,574202
2013,46000,鹿児島県,鹿児島市,食料,850180
2013,46000,鹿児島県,鹿児島市,住居,187376
2013,46000,鹿児島県,鹿児島市,光熱・水道,256475
2013,46000,鹿児島県,鹿児島市,家具・家事用品,104700
2013,46000,鹿児島県,鹿児島市,被服及び履物,159334
2013,46000,鹿児島県,鹿児島市,保健医療,160171
2013,46000,鹿児島県,鹿児島市,交通・通信,532842
2013,46000,鹿児島県,鹿児島市,教育,216483
2013,46000,鹿児島県,鹿児島市,教養娯楽,338676
2013,46000,鹿児島県,鹿児島市,その他の消費支出,802959
2013,47000,沖縄県,那覇市,食料,747992
2013,47000,沖縄県,那覇市,住居,282688
2013,47000,沖縄県,那覇市,光熱・水道,245984
2013,47000,沖縄県,那覇市,家具・家事用品,90650
2013,47000,沖縄県,那覇市,被服及び履物,93580
2013,47000,沖縄県,那覇市,保健医療,112536
2013,47000,沖縄県,那覇市,交通・通信,408939
2013,47000,沖縄県,那覇市,教育,116570
2013,47000,沖縄県,那覇市,教養娯楽,255869
2013,47000,沖縄県,那覇市,その他の消費支出,521039
2014,01000,北海道,札幌市,食料,870207
2014,01000,北海道,札幌市,住居,271332
2014,01000,北海道,札幌市,光熱・水道,333894
2014,01000,北海道,札幌市,家具・家事用品,115076
2014,01000,北海道,札幌市,被服及び履物,153819
2014,01000,北海道,札幌市,保健医療,141641
2014,01000,北海道,札幌市,交通・通信,433779
2014,01000,北海道,札幌市,教育,110060
2014,01000,北海道,札幌市,教養娯楽,356255
2014,01000,北海道,札幌市,その他の消費支出,635782
2014,02000,青森県,青森市,食料,826053
2014,02000,青森県,青森市,住居,116311
2014,02000,青森県,青森市,光熱・水道,367267
2014,02000,青森県,青森市,家具・家事用品,112480
2014,02000,青森県,青森市,被服及び履物,101914
2014,02000,青森県,青森市,保健医療,148865
2014,02000,青森県,青森市,交通・通信,398557
2014,02000,青森県,青森市,教育,59827
2014,02000,青森県,青森市,教養娯楽,243422
2014,02000,青森県,青森市,その他の消費支出,548826
2014,03000,岩手県,盛岡市,食料,893291
2014,03000,岩手県,盛岡市,住居,266854
2014,03000,岩手県,盛岡市,光熱・水道,344411
2014,03000,岩手県,盛岡市,家具・家事用品,114626
2014,03000,岩手県,盛岡市,被服及び履物,143422
2014,03000,岩手県,盛岡市,保健医療,143348
2014,03000,岩手県,盛岡市,交通・通信,455484
2014,03000,岩手県,盛岡市,教育,85328
2014,03000,岩手県,盛岡市,教養娯楽,289645
2014,03000,岩手県,盛岡市,その他の消費支出,551160
2014,04000,宮城県,仙台市,食料,939829
2014,04000,宮城県,仙台市,住居,235882
2014,04000,宮城県,仙台市,光熱・水道,304849
2014,04000,宮城県,仙台市,家具・家事用品,120544
2014,04000,宮城県,仙台市,被服及び履物,160163
2014,04000,宮城県,仙台市,保健医療,150308
2014,04000,宮城県,仙台市,交通・通信,470899
2014,04000,宮城県,仙台市,教育,114519
2014,04000,宮城県,仙台市,教養娯楽,351758
2014,04000,宮城県,仙台市,その他の消費支出,605818
2014,05000,秋田県,秋田市,食料,840789
2014,05000,秋田県,秋田市,住居,147873
2014,05000,秋田県,秋田市,光熱・水道,339837
2014,05000,秋田県,秋田市,家具・家事用品,128445
2014,05000,秋田県,秋田市,被服及び履物,130596
2014,05000,秋田県,秋田市,保健医療,130795
2014,05000,秋田県,秋田市,交通・通信,506840
2014,05000,秋田県,秋田市,教育,72675
2014,05000,秋田県,秋田市,教養娯楽,309703
2014,05000,秋田県,秋田市,その他の消費支出,591162
2014,06000,山形県,山形市,食料,959229
2014,06000,山形県,山形市,住居,209865
2014,06000,山形県,山形市,光熱・水道,372842
2014,06000,山形県,山形市,家具・家事用品,121319
2014,06000,山形県,山形市,被服及び履物,144223
2014,06000,山形県,山形市,保健医療,159836
2014,06000,山形県,山形市,交通・通信,588834
2014,06000,山形県,山形市,教育,122566
2014,06000,山形県,山形市,教養娯楽,321151
2014,06000,山形県,山形市,その他の消費支出,702788
2014,07000,福島県,福島市,食料,891787
2014,07000,福島県,福島市,住居,190992
2014,07000,福島県,福島市,光熱・水道,344226
2014,07000,福島県,福島市,家具・家事用品,126759
2014,07000,福島県,福島市,被服及び履物,120419
2014,07000,福島県,福島市,保健医療,117364
2014,07000,福島県,福島市,交通・通信,527426
2014,07000,福島県,福島市,教育,132023
2014,07000,福島県,福島市,教養娯楽,321004
2014,07000,福島県,福島市,その他の消費支出,691072
2014,08000,茨城県,水戸市,食料,866075
2014,08000,茨城県,水戸市,住居,182646
2014,08000,茨城県,水戸市,光熱・水道,289168
2014,08000,茨城県,水戸市,家具・家事用品,122856
2014,08000,茨城県,水戸市,被服及び履物,136966
2014,08000,茨城県,水戸市,保健医療,142825
2014,08000,茨城県,水戸市,交通・通信,559682
2014,08000,茨城県,水戸市,教育,158034
2014,08000,茨城県,水戸市,教養娯楽,336477
2014,08000,茨城県,水戸市,その他の消費支出,640409
2014,09000,栃木県,宇都宮市,食料,988632
2014,09000,栃木県,宇都宮市,住居,222036
2014,09000,栃木県,宇都宮市,光熱・水道,306386
2014,09000,栃木県,宇都宮市,家具・家事用品,147093
2014,09000,栃木県,宇都宮市,被服及び履物,176586
2014,09000,栃木県,宇都宮市,保健医療,185834
2014,09000,栃木県,宇都宮市,交通・通信,685478
2014,09000,栃木県,宇都宮市,教育,149653
2014,09000,栃木県,宇都宮市,教養娯楽,399113
2014,09000,栃木県,宇都宮市,その他の消費支出,689504
2014,10000,群馬県,前橋市,食料,878566
2014,10000,群馬県,前橋市,住居,139578
2014,10000,群馬県,前橋市,光熱・水道,251019
2014,10000,群馬県,前橋市,家具・家事用品,130447
2014,10000,群馬県,前橋市,被服及び履物,164684
2014,10000,群馬県,前橋市,保健医療,122907
2014,10000,群馬県,前橋市,交通・通信,643667
2014,10000,群馬県,前橋市,教育,107537
2014,10000,群馬県,前橋市,教養娯楽,376077
2014,10000,群馬県,前橋市,その他の消費支出,769411
2014,11000,埼玉県,さいたま市,食料,1009718
2014,11000,埼玉県,さいたま市,住居,273274
2014,11000,埼玉県,さいたま市,光熱・水道,304159
2014,11000,埼玉県,さいたま市,家具・家事用品,167249
2014,11000,埼玉県,さいたま市,被服及び履物,201772
2014,11000,埼玉県,さいたま市,保健医療,158834
2014,11000,埼玉県,さいたま市,交通・通信,536014
2014,11000,埼玉県,さいたま市,教育,261050
2014,11000,埼玉県,さいたま市,教養娯楽,460023
2014,11000,埼玉県,さいたま市,その他の消費支出,581279
2014,12000,千葉県,千葉市,食料,965680
2014,12000,千葉県,千葉市,住居,200881
2014,12000,千葉県,千葉市,光熱・水道,265816
2014,12000,千葉県,千葉市,家具・家事用品,138626
2014,12000,千葉県,千葉市,被服及び履物,151418
2014,12000,千葉県,千葉市,保健医療,166851
2014,12000,千葉県,千葉市,交通・通信,519205
2014,12000,千葉県,千葉市,教育,146784
2014,12000,千葉県,千葉市,教養娯楽,392152
2014,12000,千葉県,千葉市,その他の消費支出,643106
2014,13000,東京都,東京,食料,1061106
2014,13000,東京都,東京,住居,322043
2014,13000,東京都,東京,光熱・水道,284931
2014,13000,東京都,東京,家具・家事用品,144660
2014,13000,東京都,東京,被服及び履物,196207
2014,13000,東京都,東京,保健医療,189287
2014,13000,東京都,東京,交通・通信,431878
2014,13000,東京都,東京,教育,167818
2014,13000,東京都,東京,教養娯楽,478536
2014,13000,東京都,東京,その他の消費支出,623521
2014,14000,神奈川県,横浜市,食料,976193
2014,14000,神奈川県,横浜市,住居,231666
2014,14000,神奈川県,横浜市,光熱・水道,271191
2014,14000,神奈川県,横浜市,家具・家事用品,124812
2014,14000,神奈川県,横浜市,被服及び履物,159840
2014,14000,神奈川県,横浜市,保健医療,196247
2014,14000,神奈川県,横浜市,交通・通信,457300
2014,14000,神奈川県,横浜市,教育,159962
2014,14000,神奈川県,横浜市,教養娯楽,418082
2014,14000,神奈川県,横浜市,その他の消費支出,580812
2014,15000,新潟県,新潟市,食料,892529
2014,15000,新潟県,新潟市,住居,159500
2014,15000,新潟県,新潟市,光熱・水道,332584
2014,15000,新潟県,新潟市,家具・家事用品,127288
2014,15000,新潟県,新潟市,被服及び履物,112708
2014,15000,新潟県,新潟市,保健医療,124457
2014,15000,新潟県,新潟市,交通・通信,586080
2014,15000,新潟県,新潟市,教育,75864
2014,15000,新潟県,新潟市,教養娯楽,329589
2014,15000,新潟県,新潟市,その他の消費支出,605384
2014,16000,富山県,富山市,食料,974920
2014,16000,富山県,富山市,住居,154273
2014,16000,富山県,富山市,光熱・水道,310724
2014,16000,富山県,富山市,家具・家事用品,165842
2014,16000,富山県,富山市,被服及び履物,158460
2014,16000,富山県,富山市,保健医療,144197
2014,16000,富山県,富山市,交通・通信,586916
2014,16000,富山県,富山市,教育,132755
2014,16000,富山県,富山市,教養娯楽,387925
2014,16000,富山県,富山市,その他の消費支出,1059449
2014,17000,石川県,金沢市,食料,1027430
2014,17000,石川県,金沢市,住居,202450
2014,17000,石川県,金沢市,光熱・水道,312575
2014,17000,石川県,金沢市,家具・家事用品,136805
2014,17000,石川県,金沢市,被服及び履物,167936
2014,17000,石川県,金沢市,保健医療,165647
2014,17000,石川県,金沢市,交通・通信,717944
2014,17000,石川県,金沢市,教育,179914
2014,17000,石川県,金沢市,教養娯楽,415709
2014,17000,石川県,金沢市,その他の消費支出,703925
2014,18000,福井県,福井市,食料,905738
2014,18000,福井県,福井市,住居,232649
2014,18000,福井県,福井市,光熱・水道,296505
2014,18000,福井県,福井市,家具・家事用品,112803
2014,18000,福井県,福井市,被服及び履物,139589
2014,18000,福井県,福井市,保健医療,141874
2014,18000,福井県,福井市,交通・通信,491680
2014,18000,福井県,福井市,教育,80211
2014,18000,福井県,福井市,教養娯楽,326205
2014,18000,福井県,福井市,その他の消費支出,674967
2014,19000,山梨県,甲府市,食料,959773
2014,19000,山梨県,甲府市,住居,299364
2014,19000,山梨県,甲府市,光熱・水道,286439
2014,19000,山梨県,甲府市,家具・家事用品,136806
2014,19000,山梨県,甲府市,被服及び履物,146589
2014,19000,山梨県,甲府市,保健医療,121953
2014,19000,山梨県,甲府市,交通・通信,481840
2014,19000,山梨県,甲府市,教育,138321
2014,19000,山梨県,甲府市,教養娯楽,374740
2014,19000,山梨県,甲府市,その他の消費支出,655046
2014,20000,長野県,長野市,食料,924440
2014,20000,長野県,長野市,住居,269549
2014,20000,長野県,長野市,光熱・水道,307307
2014,20000,長野県,長野市,家具・家事用品,126628
2014,20000,長野県,長野市,被服及び履物,154798
2014,20000,長野県,長野市,保健医療,184526
2014,20000,長野県,長野市,交通・通信,496589
2014,20000,長野県,長野市,教育,158705
2014,20000,長野県,長野市,教養娯楽,397438
2014,20000,長野県,長野市,その他の消費支出,715465
2014,21000,岐阜県,岐阜市,食料,842618
2014,21000,岐阜県,岐阜市,住居,153293
2014,21000,岐阜県,岐阜市,光熱・水道,300981
2014,21000,岐阜県,岐阜市,家具・家事用品,118351
2014,21000,岐阜県,岐阜市,被服及び履物,123784
2014,21000,岐阜県,岐阜市,保健医療,140925
2014,21000,岐阜県,岐阜市,交通・通信,508223
2014,21000,岐阜県,岐阜市,教育,131140
2014,21000,岐阜県,岐阜市,教養娯楽,330325
2014,21000,岐阜県,岐阜市,その他の消費支出,599574
2014,22000,静岡県,静岡市,食料,948435
2014,22000,静岡県,静岡市,住居,153308
2014,22000,静岡県,静岡市,光熱・水道,295350
2014,22000,静岡県,静岡市,家具・家事用品,111995
2014,22000,静岡県,静岡市,被服及び履物,156374
2014,22000,静岡県,静岡市,保健医療,146953
2014,22000,静岡県,静岡市,交通・通信,417500
2014,22000,静岡県,静岡市,教育,157216
2014,22000,静岡県,静岡市,教養娯楽,373436
2014,22000,静岡県,静岡市,その他の消費支出,678238
2014,23000,愛知県,名古屋市,食料,1018868
2014,23000,愛知県,名古屋市,住居,136142
2014,23000,愛知県,名古屋市,光熱・水道,294752
2014,23000,愛知県,名古屋市,家具・家事用品,145946
2014,23000,愛知県,名古屋市,被服及び履物,183249
2014,23000,愛知県,名古屋市,保健医療,163757
2014,23000,愛知県,名古屋市,交通・通信,538687
2014,23000,愛知県,名古屋市,教育,141767
2014,23000,愛知県,名古屋市,教養娯楽,437549
2014,23000,愛知県,名古屋市,その他の消費支出,616856
2014,24000,三重県,津市,食料,914355
2014,24000,三重県,津市,住居,305962
2014,24000,三重県,津市,光熱・水道,259584
2014,24000,三重県,津市,家具・家事用品,177209
2014,24000,三重県,津市,被服及び履物,151802
2014,24000,三重県,津市,保健医療,159939
2014,24000,三重県,津市,交通・通信,504482
2014,24000,三重県,津市,教育,87036
2014,24000,三重県,津市,教養娯楽,401705
2014,24000,三重県,津市,その他の消費支出,653975
2014,25000,滋賀県,大津市,食料,941827
2014,25000,滋賀県,大津市,住居,169507
2014,25000,滋賀県,大津市,光熱・水道,292581
2014,25000,滋賀県,大津市,家具・家事用品,116419
2014,25000,滋賀県,大津市,被服及び履物,142961
2014,25000,滋賀県,大津市,保健医療,140969
2014,25000,滋賀県,大津市,交通・通信,512075
2014,25000,滋賀県,大津市,教育,229666
2014,25000,滋賀県,大津市,教養娯楽,346189
2014,25000,滋賀県,大津市,その他の消費支出,599979
2014,26000,京都府,京都市,食料,1069271
2014,26000,京都府,京都市,住居,150167
2014,26000,京都府,京都市,光熱・水道,292761
2014,26000,京都府,京都市,家具・家事用品,133454
2014,26000,京都府,京都市,被服及び履物,180155
2014,26000,京都府,京都市,保健医療,139640
2014,26000,京都府,京都市,交通・通信,492699
2014,26000,京都府,京都市,教育,208366
2014,26000,京都府,京都市,教養娯楽,364865
2014,26000,京都府,京都市,その他の消費支出,627574
2014,27000,大阪府,大阪市,食料,923226
2014,27000,大阪府,大阪市,住居,191307
2014,27000,大阪府,大阪市,光熱・水道,262590
2014,27000,大阪府,大阪市,家具・家事用品,97535
2014,27000,大阪府,大阪市,被服及び履物,167982
2014,27000,大阪府,大阪市,保健医療,128747
2014,27000,大阪府,大阪市,交通・通信,381351
2014,27000,大阪府,大阪市,教育,179295
2014,27000,大阪府,大阪市,教養娯楽,355838
2014,27000,大阪府,大阪市,その他の消費支出,518155
2014,28000,兵庫県,神戸市,食料,901748
2014,28000,兵庫県,神戸市,住居,145720
2014,28000,兵庫県,神戸市,光熱・水道,230171
2014,28000,兵庫県,神戸市,家具・家事用品,126527
2014,28000,兵庫県,神戸市,被服及び履物,149613
2014,28000,兵庫県,神戸市,保健医療,148028
2014,28000,兵庫県,神戸市,交通・通信,392347
2014,28000,兵庫県,神戸市,教育,149607
2014,28000,兵庫県,神戸市,教養娯楽,333185
2014,28000,兵庫県,神戸市,その他の消費支出,547427
2014,29000,奈良県,奈良市,食料,954146
2014,29000,奈良県,奈良市,住居,337659
2014,29000,奈良県,奈良市,光熱・水道,291255
2014,29000,奈良県,奈良市,家具・家事用品,133689
2014,29000,奈良県,奈良市,被服及び履物,206168
2014,29000,奈良県,奈良市,保健医療,179104
2014,29000,奈良県,奈良市,交通・通信,554676
2014,29000,奈良県,奈良市,教育,154495
2014,29000,奈良県,奈良市,教養娯楽,465845
2014,29000,奈良県,奈良市,その他の消費支出,618223
2014,30000,和歌山県,和歌山市,食料,860995
2014,30000,和歌山県,和歌山市,住居,103861
2014,30000,和歌山県,和歌山市,光熱・水道,260176
2014,30000,和歌山県,和歌山市,家具・家事用品,125353
2014,30000,和歌山県,和歌山市,被服及び履物,141230
2014,30000,和歌山県,和歌山市,保健医療,127117
2014,30000,和歌山県,和歌山市,交通・通信,489891
2014,30000,和歌山県,和歌山市,教育,163379
2014,30000,和歌山県,和歌山市,教養娯楽,301730
2014,30000,和歌山県,和歌山市,その他の消費支出,606107
2014,31000,鳥取県,鳥取市,食料,841231
2014,31000,鳥取県,鳥取市,住居,212329
2014,31000,鳥取県,鳥取市,光熱・水道,277239
2014,31000,鳥取県,鳥取市,家具・家事用品,117787
2014,31000,鳥取県,鳥取市,被服及び履物,100991
2014,31000,鳥取県,鳥取市,保健医療,132842
2014,31000,鳥取県,鳥取市,交通・通信,529599
2014,31000,鳥取県,鳥取市,教育,82114
2014,31000,鳥取県,鳥取市,教養娯楽,309133
2014,31000,鳥取県,鳥取市,その他の消費支出,616995
2014,32000,島根県,松江市,食料,848163
2014,32000,島根県,松江市,住居,222968
2014,32000,島根県,松江市,光熱・水道,288441
2014,32000,島根県,松江市,家具・家事用品,117411
2014,32000,島根県,松江市,被服及び履物,136306
2014,32000,島根県,松江市,保健医療,149738
2014,32000,島根県,松江市,交通・通信,575823
2014,32000,島根県,松江市,教育,95684
2014,32000,島根県,松江市,教養娯楽,341576
2014,32000,島根県,松江市,その他の消費支出,605271
2014,33000,岡山県,岡山市,食料,868318
2014,33000,岡山県,岡山市,住居,286783
2014,33000,岡山県,岡山市,光熱・水道,275953
2014,33000,岡山県,岡山市,家具・家事用品,139632
2014,33000,岡山県,岡山市,被服及び履物,166136
2014,33000,岡山県,岡山市,保健医療,133008
2014,33000,岡山県,岡山市,交通・通信,463161
2014,33000,岡山県,岡山市,教育,151150
2014,33000,岡山県,岡山市,教養娯楽,347268
2014,33000,岡山県,岡山市,その他の消費支出,595577
2014,34000,広島県,広島市,食料,911309
2014,34000,広島県,広島市,住居,225017
2014,34000,広島県,広島市,光熱・水道,275172
2014,34000,広島県,広島市,家具・家事用品,131097
2014,34000,広島県,広島市,被服及び履物,150174
2014,34000,広島県,広島市,保健医療,154624
2014,34000,広島県,広島市,交通・通信,494114
2014,34000,広島県,広島市,教育,161303
2014,34000,広島県,広島市,教養娯楽,354960
2014,34000,広島県,広島市,その他の消費支出,644449
2014,35000,山口県,山口市,食料,869665
2014,35000,山口県,山口市,住居,143816
2014,35000,山口県,山口市,光熱・水道,264240
2014,35000,山口県,山口市,家具・家事用品,129804
2014,35000,山口県,山口市,被服及び履物,140533
2014,35000,山口県,山口市,保健医療,149532
2014,35000,山口県,山口市,交通・通信,676964
2014,35000,山口県,山口市,教育,121479
2014,35000,山口県,山口市,教養娯楽,360022
2014,35000,山口県,山口市,その他の消費支出,676149
2014,36000,徳島県,徳島市,食料,884639
2014,36000,徳島県,徳島市,住居,288595
2014,36000,徳島県,徳島市,光熱・水道,267414
2014,36000,徳島県,徳島市,家具・家事用品,143424
2014,36000,徳島県,徳島市,被服及び履物,171291
2014,36000,徳島県,徳島市,保健医療,147454
2014,36000,徳島県,徳島市,交通・通信,573069
2014,36000,徳島県,徳島市,教育,174049
2014,36000,徳島県,徳島市,教養娯楽,373906
2014,36000,徳島県,徳島市,その他の消費支出,817031
2014,37000,香川県,高松市,食料,866983
2014,37000,香川県,高松市,住居,162666
2014,37000,香川県,高松市,光熱・水道,262495
2014,37000,香川県,高松市,家具・家事用品,142229
2014,37000,香川県,高松市,被服及び履物,158750
2014,37000,香川県,高松市,保健医療,157024
2014,37000,香川県,高松市,交通・通信,546782
2014,37000,香川県,高松市,教育,119114
2014,37000,香川県,高松市,教養娯楽,392325
2014,37000,香川県,高松市,その他の消費支出,866539
2014,38000,愛媛県,松山市,食料,813651
2014,38000,愛媛県,松山市,住居,200838
2014,38000,愛媛県,松山市,光熱・水道,260531
2014,38000,愛媛県,松山市,家具・家事用品,117972
2014,38000,愛媛県,松山市,被服及び履物,138902
2014,38000,愛媛県,松山市,保健医療,122058
2014,38000,愛媛県,松山市,交通・通信,444445
2014,38000,愛媛県,松山市,教育,133478
2014,38000,愛媛県,松山市,教養娯楽,295382
2014,38000,愛媛県,松山市,その他の消費支出,589864
2014,39000,高知県,高知市,食料,930538
2014,39000,高知県,高知市,住居,238543
2014,39000,高知県,高知市,光熱・水道,267262
2014,39000,高知県,高知市,家具・家事用品,141705
2014,39000,高知県,高知市,被服及び履物,139123
2014,39000,高知県,高知市,保健医療,134753
2014,39000,高知県,高知市,交通・通信,542526
2014,39000,高知県,高知市,教育,124968
2014,39000,高知県,高知市,教養娯楽,407089
2014,39000,高知県,高知市,その他の消費支出,907090
2014,40000,福岡県,福岡市,食料,904442
2014,40000,福岡県,福岡市,住居,308319
2014,40000,福岡県,福岡市,光熱・水道,270110
2014,40000,福岡県,福岡市,家具・家事用品,123581
2014,40000,福岡県,福岡市,被服及び履物,178573
2014,40000,福岡県,福岡市,保健医療,140384
2014,40000,福岡県,福岡市,交通・通信,448235
2014,40000,福岡県,福岡市,教育,210064
2014,40000,福岡県,福岡市,教養娯楽,361244
2014,40000,福岡県,福岡市,その他の消費支出,659912
2014,41000,佐賀県,佐賀市,食料,826671
2014,41000,佐賀県,佐賀市,住居,229978
2014,41000,佐賀県,佐賀市,光熱・水道,264744
2014,41000,佐賀県,佐賀市,家具・家事用品,108506
2014,41000,佐賀県,佐賀市,被服及び履物,140944
2014,41000,佐賀県,佐賀市,保健医療,154857
2014,41000,佐賀県,佐賀市,交通・通信,463008
2014,41000,佐賀県,佐賀市,教育,130077
2014,41000,佐賀県,佐賀市,教養娯楽,312911
2014,41000,佐賀県,佐賀市,その他の消費支出,640529
2014,42000,長崎県,長崎市,食料,827863
2014,42000,長崎県,長崎市,住居,291669
2014,42000,長崎県,長崎市,光熱・水道,256801
2014,42000,長崎県,長崎市,家具・家事用品,104431
2014,42000,長崎県,長崎市,被服及び履物,128060
2014,42000,長崎県,長崎市,保健医療,124948
2014,42000,長崎県,長崎市,交通・通信,488285
2014,42000,長崎県,長崎市,教育,57107
2014,42000,長崎県,長崎市,教養娯楽,260561
2014,42000,長崎県,長崎市,その他の消費支出,536070
2014,43000,熊本県,熊本市,食料,844600
2014,43000,熊本県,熊本市,住居,296837
2014,43000,熊本県,熊本市,光熱・水道,257412
2014,43000,熊本県,熊本市,家具・家事用品,130475
2014,43000,熊本県,熊本市,被服及び履物,163374
2014,43000,熊本県,熊本市,保健医療,140444
2014,43000,熊本県,熊本市,交通・通信,399365
2014,43000,熊本県,熊本市,教育,135030
2014,43000,熊本県,熊本市,教養娯楽,319151
2014,43000,熊本県,熊本市,その他の消費支出,669273
2014,44000,大分県,大分市,食料,859280
2014,44000,大分県,大分市,住居,189144
2014,44000,大分県,大分市,光熱・水道,266578
2014,44000,大分県,大分市,家具・家事用品,119485
2014,44000,大分県,大分市,被服及び履物,138036
2014,44000,大分県,大分市,保健医療,126424
2014,44000,大分県,大分市,交通・通信,558909
2014,44000,大分県,大分市,教育,106073
2014,44000,大分県,大分市,教養娯楽,342886
2014,44000,大分県,大分市,その他の消費支出,703812
2014,45000,宮崎県,宮崎市,食料,800648
2014,45000,宮崎県,宮崎市,住居,152822
2014,45000,宮崎県,宮崎市,光熱・水道,220635
2014,45000,宮崎県,宮崎市,家具・家事用品,125095
2014,45000,宮崎県,宮崎市,被服及び履物,114444
2014,45000,宮崎県,宮崎市,保健医療,153690
2014,45000,宮崎県,宮崎市,交通・通信,486483
2014,45000,宮崎県,宮崎市,教育,71753
2014,45000,宮崎県,宮崎市,教養娯楽,305296
2014,45000,宮崎県,宮崎市,その他の消費支出,575004
2014,46000,鹿児島県,鹿児島市,食料,836070
2014,46000,鹿児島県,鹿児島市,住居,211019
2014,46000,鹿児島県,鹿児島市,光熱・水道,235623
2014,46000,鹿児島県,鹿児島市,家具・家事用品,115208
2014,46000,鹿児島県,鹿児島市,被服及び履物,159424
2014,46000,鹿児島県,鹿児島市,保健医療,149671
2014,46000,鹿児島県,鹿児島市,交通・通信,552559
2014,46000,鹿児島県,鹿児島市,教育,215756
2014,46000,鹿児島県,鹿児島市,教養娯楽,352249
2014,46000,鹿児島県,鹿児島市,その他の消費支出,661430
2014,47000,沖縄県,那覇市,食料,741331
2014,47000,沖縄県,那覇市,住居,251974
2014,47000,沖縄県,那覇市,光熱・水道,248659
2014,47000,沖縄県,那覇市,家具・家事用品,92979
2014,47000,沖縄県,那覇市,被服及び履物,83304
2014,47000,沖縄県,那覇市,保健医療,115585
2014,47000,沖縄県,那覇市,交通・通信,387870
2014,47000,沖縄県,那覇市,教育,108187
2014,47000,沖縄県,那覇市,教養娯楽,230167
2014,47000,沖縄県,那覇市,その他の消費支出,450343
2015,01000,北海道,札幌市,食料,854910
2015,01000,北海道,札幌市,住居,266408
2015,01000,北海道,札幌市,光熱・水道,312818
2015,01000,北海道,札幌市,家具・家事用品,112905
2015,01000,北海道,札幌市,被服及び履物,150939
2015,01000,北海道,札幌市,保健医療,148828
2015,01000,北海道,札幌市,交通・通信,431675
2015,01000,北海道,札幌市,教育,111619
2015,01000,北海道,札幌市,教養娯楽,342236
2015,01000,北海道,札幌市,その他の消費支出,533148
2015,02000,青森県,青森市,食料,793815
2015,02000,青森県,青森市,住居,124112
2015,02000,青森県,青森市,光熱・水道,335312
2015,02000,青森県,青森市,家具・家事用品,124088
2015,02000,青森県,青森市,被服及び履物,86444
2015,02000,青森県,青森市,保健医療,115835
2015,02000,青森県,青森市,交通・通信,349742
2015,02000,青森県,青森市,教育,80653
2015,02000,青森県,青森市,教養娯楽,225353
2015,02000,青森県,青森市,その他の消費支出,479210
2015,03000,岩手県,盛岡市,食料,936024
2015,03000,岩手県,盛岡市,住居,221324
2015,03000,岩手県,盛岡市,光熱・水道,323600
2015,03000,岩手県,盛岡市,家具・家事用品,122180
2015,03000,岩手県,盛岡市,被服及び履物,141529
2015,03000,岩手県,盛岡市,保健医療,148758
2015,03000,岩手県,盛岡市,交通・通信,471826
2015,03000,岩手県,盛岡市,教育,110548
2015,03000,岩手県,盛岡市,教養娯楽,320717
2015,03000,岩手県,盛岡市,その他の消費支出,640770
2015,04000,宮城県,仙台市,食料,919584
2015,04000,宮城県,仙台市,住居,214681
2015,04000,宮城県,仙台市,光熱・水道,287283
2015,04000,宮城県,仙台市,家具・家事用品,110678
2015,04000,宮城県,仙台市,被服及び履物,135240
2015,04000,宮城県,仙台市,保健医療,155258
2015,04000,宮城県,仙台市,交通・通信,446289
2015,04000,宮城県,仙台市,教育,109849
2015,04000,宮城県,仙台市,教養娯楽,293284
2015,04000,宮城県,仙台市,その他の消費支出,539783
2015,05000,秋田県,秋田市,食料,843915
2015,05000,秋田県,秋田市,住居,159225
2015,05000,秋田県,秋田市,光熱・水道,307331
2015,05000,秋田県,秋田市,家具・家事用品,120657
2015,05000,秋田県,秋田市,被服及び履物,114302
2015,05000,秋田県,秋田市,保健医療,123715
2015,05000,秋田県,秋田市,交通・通信,402195
2015,05000,秋田県,秋田市,教育,56094
2015,05000,秋田県,秋田市,教養娯楽,285946
2015,05000,秋田県,秋田市,その他の消費支出,583951
2015,06000,山形県,山形市,食料,963082
2015,06000,山形県,山形市,住居,212871
2015,06000,山形県,山形市,光熱・水道,359033
2015,06000,山形県,山形市,家具・家事用品,111572
2015,06000,山形県,山形市,被服及び履物,129190
2015,06000,山形県,山形市,保健医療,176955
2015,06000,山形県,山形市,交通・通信,541034
2015,06000,山形県,山形市,教育,147482
2015,06000,山形県,山形市,教養娯楽,340095
2015,06000,山形県,山形市,その他の消費支出,726128
2015,07000,福島県,福島市,食料,991682
2015,07000,福島県,福島市,住居,180599
2015,07000,福島県,福島市,光熱・水道,328087
2015,07000,福島県,福島市,家具・家事用品,152014
2015,07000,福島県,福島市,被服及び履物,160308
2015,07000,福島県,福島市,保健医療,153076
2015,07000,福島県,福島市,交通・通信,610063
2015,07000,福島県,福島市,教育,77075
2015,07000,福島県,福島市,教養娯楽,388336
2015,07000,福島県,福島市,その他の消費支出,812975
2015,08000,茨城県,水戸市,食料,896211
2015,08000,茨城県,水戸市,住居,201079
2015,08000,茨城県,水戸市,光熱・水道,267922
2015,08000,茨城県,水戸市,家具・家事用品,122089
2015,08000,茨城県,水戸市,被服及び履物,160184
2015,08000,茨城県,水戸市,保健医療,149403
2015,08000,茨城県,水戸市,交通・通信,609461
2015,08000,茨城県,水戸市,教育,142940
2015,08000,茨城県,水戸市,教養娯楽,391100
2015,08000,茨城県,水戸市,その他の消費支出,667105
2015,09000,栃木県,宇都宮市,食料,928411
2015,09000,栃木県,宇都宮市,住居,172715
2015,09000,栃木県,宇都宮市,光熱・水道,278964
2015,09000,栃木県,宇都宮市,家具・家事用品,129785
2015,09000,栃木県,宇都宮市,被服及び履物,157322
2015,09000,栃木県,宇都宮市,保健医療,145720
2015,09000,栃木県,宇都宮市,交通・通信,444068
2015,09000,栃木県,宇都宮市,教育,173315
2015,09000,栃木県,宇都宮市,教養娯楽,362615
2015,09000,栃木県,宇都宮市,その他の消費支出,769923
2015,10000,群馬県,前橋市,食料,955409
2015,10000,群馬県,前橋市,住居,152293
2015,10000,群馬県,前橋市,光熱・水道,246222
2015,10000,群馬県,前橋市,家具・家事用品,121733
2015,10000,群馬県,前橋市,被服及び履物,142846
2015,10000,群馬県,前橋市,保健医療,159027
2015,10000,群馬県,前橋市,交通・通信,470142
2015,10000,群馬県,前橋市,教育,89543
2015,10000,群馬県,前橋市,教養娯楽,329044
2015,10000,群馬県,前橋市,その他の消費支出,531166
2015,11000,埼玉県,さいたま市,食料,1037245
2015,11000,埼玉県,さいたま市,住居,231415
2015,11000,埼玉県,さいたま市,光熱・水道,300176
2015,11000,埼玉県,さいたま市,家具・家事用品,127106
2015,11000,埼玉県,さいたま市,被服及び履物,181543
2015,11000,埼玉県,さいたま市,保健医療,158257
2015,11000,埼玉県,さいたま市,交通・通信,526981
2015,11000,埼玉県,さいたま市,教育,145919
2015,11000,埼玉県,さいたま市,教養娯楽,447988
2015,11000,埼玉県,さいたま市,その他の消費支出,627998
2015,12000,千葉県,千葉市,食料,969465
2015,12000,千葉県,千葉市,住居,242877
2015,12000,千葉県,千葉市,光熱・水道,251069
2015,12000,千葉県,千葉市,家具・家事用品,138667
2015,12000,千葉県,千葉市,被服及び履物,176961
2015,12000,千葉県,千葉市,保健医療,148305
2015,12000,千葉県,千葉市,交通・通信,500162
2015,12000,千葉県,千葉市,教育,128308
2015,12000,千葉県,千葉市,教養娯楽,396231
2015,12000,千葉県,千葉市,その他の消費支出,693147
2015,13000,東京都,東京,食料,1101344
2015,13000,東京都,東京,住居,328699
2015,13000,東京都,東京,光熱・水道,280083
2015,13000,東京都,東京,家具・家事用品,133084
2015,13000,東京都,東京,被服及び履物,199247
2015,13000,東京都,東京,保健医療,180313
2015,13000,東京都,東京,交通・通信,407849
2015,13000,東京都,東京,教育,234230
2015,13000,東京都,東京,教養娯楽,465088
2015,13000,東京都,東京,その他の消費支出,644810
2015,14000,神奈川県,横浜市,食料,1074905
2015,14000,神奈川県,横浜市,住居,263408
2015,14000,神奈川県,横浜市,光熱・水道,278575
2015,14000,神奈川県,横浜市,家具・家事用品,146358
2015,14000,神奈川県,横浜市,被服及び履物,177644
2015,14000,神奈川県,横浜市,保健医療,171324
2015,14000,神奈川県,横浜市,交通・通信,383220
2015,14000,神奈川県,横浜市,教育,217562
2015,14000,神奈川県,横浜市,教養娯楽,464935
2015,14000,神奈川県,横浜市,その他の消費支出,587212
2015,15000,新潟県,新潟市,食料,983924
2015,15000,新潟県,新潟市,住居,200631
2015,15000,新潟県,新潟市,光熱・水道,331366
2015,15000,新潟県,新潟市,家具・家事用品,124309
2015,15000,新潟県,新潟市,被服及び履物,140059
2015,15000,新潟県,新潟市,保健医療,132692
2015,15000,新潟県,新潟市,交通・通信,514992
2015,15000,新潟県,新潟市,教育,93498
2015,15000,新潟県,新潟市,教養娯楽,329012
2015,15000,新潟県,新潟市,その他の消費支出,590666
2015,16000,富山県,富山市,食料,985285
2015,16000,富山県,富山市,住居,179312
2015,16000,富山県,富山市,光熱・水道,313896
2015,16000,富山県,富山市,家具・家事用品,141871
2015,16000,富山県,富山市,被服及び履物,144144
2015,16000,富山県,富山市,保健医療,148405
2015,16000,富山県,富山市,交通・通信,545682
2015,16000,富山県,富山市,教育,125214
2015,16000,富山県,富山市,教養娯楽,373084
2015,16000,富山県,富山市,その他の消費支出,808677
2015,17000,石川県,金沢市,食料,1001810
2015,17000,石川県,金沢市,住居,209936
2015,17000,石川県,金沢市,光熱・水道,294446
2015,17000,石川県,金沢市,家具・家事用品,131658
2015,17000,石川県,金沢市,被服及び履物,141109
2015,17000,石川県,金沢市,保健医療,202996
2015,17000,石川県,金沢市,交通・通信,517127
2015,17000,石川県,金沢市,教育,104518
2015,17000,石川県,金沢市,教養娯楽,373550
2015,17000,石川県,金沢市,その他の消費支出,742972
2015,18000,福井県,福井市,食料,942924
2015,18000,福井県,福井市,住居,171315
2015,18000,福井県,福井市,光熱・水道,274425
2015,18000,福井県,福井市,家具・家事用品,107121
2015,18000,福井県,福井市,被服及び履物,162528
2015,18000,福井県,福井市,保健医療,133208
2015,18000,福井県,福井市,交通・通信,415517
2015,18000,福井県,福井市,教育,89587
2015,18000,福井県,福井市,教養娯楽,322401
2015,18000,福井県,福井市,その他の消費支出,734419
2015,19000,山梨県,甲府市,食料,934555
2015,19000,山梨県,甲府市,住居,127028
2015,19000,山梨県,甲府市,光熱・水道,268516
2015,19000,山梨県,甲府市,家具・家事用品,119814
2015,19000,山梨県,甲府市,被服及び履物,164985
2015,19000,山梨県,甲府市,保健医療,147548
2015,19000,山梨県,甲府市,交通・通信,426752
2015,19000,山梨県,甲府市,教育,132559
2015,19000,山梨県,甲府市,教養娯楽,389941
2015,19000,山梨県,甲府市,その他の消費支出,666275
2015,20000,長野県,長野市,食料,938320
2015,20000,長野県,長野市,住居,275986
2015,20000,長野県,長野市,光熱・水道,316575
2015,20000,長野県,長野市,家具・家事用品,134835
2015,20000,長野県,長野市,被服及び履物,148852
2015,20000,長野県,長野市,保健医療,151950
2015,20000,長野県,長野市,交通・通信,565702
2015,20000,長野県,長野市,教育,114897
2015,20000,長野県,長野市,教養娯楽,394636
2015,20000,長野県,長野市,その他の消費支出,707856
2015,21000,岐阜県,岐阜市,食料,872630
2015,21000,岐阜県,岐阜市,住居,154905
2015,21000,岐阜県,岐阜市,光熱・水道,283870
2015,21000,岐阜県,岐阜市,家具・家事用品,117744
2015,21000,岐阜県,岐阜市,被服及び履物,151347
2015,21000,岐阜県,岐阜市,保健医療,143603
2015,21000,岐阜県,岐阜市,交通・通信,503191
2015,21000,岐阜県,岐阜市,教育,171666
2015,21000,岐阜県,岐阜市,教養娯楽,392470
2015,21000,岐阜県,岐阜市,その他の消費支出,484281
2015,22000,静岡県,静岡市,食料,972383
2015,22000,静岡県,静岡市,住居,250063
2015,22000,静岡県,静岡市,光熱・水道,298625
2015,22000,静岡県,静岡市,家具・家事用品,107212
2015,22000,静岡県,静岡市,被服及び履物,147928
2015,22000,静岡県,静岡市,保健医療,143868
2015,22000,静岡県,静岡市,交通・通信,473109
2015,22000,静岡県,静岡市,教育,137233
2015,22000,静岡県,静岡市,教養娯楽,345860
2015,22000,静岡県,静岡市,その他の消費支出,720263
2015,23000,愛知県,名古屋市,食料,969149
2015,23000,愛知県,名古屋市,住居,206429
2015,23000,愛知県,名古屋市,光熱・水道,283553
2015,23000,愛知県,名古屋市,家具・家事用品,113144
2015,23000,愛知県,名古屋市,被服及び履物,150815
2015,23000,愛知県,名古屋市,保健医療,159090
2015,23000,愛知県,名古屋市,交通・通信,403490
2015,23000,愛知県,名古屋市,教育,142431
2015,23000,愛知県,名古屋市,教養娯楽,374580
2015,23000,愛知県,名古屋市,その他の消費支出,520750
2015,24000,三重県,津市,食料,916832
2015,24000,三重県,津市,住居,293278
2015,24000,三重県,津市,光熱・水道,256445
2015,24000,三重県,津市,家具・家事用品,150185
2015,24000,三重県,津市,被服及び履物,142927
2015,24000,三重県,津市,保健医療,170706
2015,24000,三重県,津市,交通・通信,503272
2015,24000,三重県,津市,教育,112627
2015,24000,三重県,津市,教養娯楽,387771
2015,24000,三重県,津市,その他の消費支出,673971
2015,25000,滋賀県,大津市,食料,950746
2015,25000,滋賀県,大津市,住居,115436
2015,25000,滋賀県,大津市,光熱・水道,280717
2015,25000,滋賀県,大津市,家具・家事用品,112551
2015,25000,滋賀県,大津市,被服及び履物,172423
2015,25000,滋賀県,大津市,保健医療,131326
2015,25000,滋賀県,大津市,交通・通信,462117
2015,25000,滋賀県,大津市,教育,155930
2015,25000,滋賀県,大津市,教養娯楽,379075
2015,25000,滋賀県,大津市,その他の消費支出,794775
2015,26000,京都府,京都市,食料,1037783
2015,26000,京都府,京都市,住居,140263
2015,26000,京都府,京都市,光熱・水道,300807
2015,26000,京都府,京都市,家具・家事用品,118334
2015,26000,京都府,京都市,被服及び履物,140597
2015,26000,京都府,京都市,保健医療,133884
2015,26000,京都府,京都市,交通・通信,432227
2015,26000,京都府,京都市,教育,174254
2015,26000,京都府,京都市,教養娯楽,394714
2015,26000,京都府,京都市,その他の消費支出,520833
2015,27000,大阪府,大阪市,食料,954562
2015,27000,大阪府,大阪市,住居,223890
2015,27000,大阪府,大阪市,光熱・水道,267193
2015,27000,大阪府,大阪市,家具・家事用品,100039
2015,27000,大阪府,大阪市,被服及び履物,128182
2015,27000,大阪府,大阪市,保健医療,141331
2015,27000,大阪府,大阪市,交通・通信,342445
2015,27000,大阪府,大阪市,教育,110689
2015,27000,大阪府,大阪市,教養娯楽,307511
2015,27000,大阪府,大阪市,その他の消費支出,546397
2015,28000,兵庫県,神戸市,食料,967353
2015,28000,兵庫県,神戸市,住居,213135
2015,28000,兵庫県,神戸市,光熱・水道,220106
2015,28000,兵庫県,神戸市,家具・家事用品,116324
2015,28000,兵庫県,神戸市,被服及び履物,151297
2015,28000,兵庫県,神戸市,保健医療,142819
2015,28000,兵庫県,神戸市,交通・通信,362277
2015,28000,兵庫県,神戸市,教育,106859
2015,28000,兵庫県,神戸市,教養娯楽,334649
2015,28000,兵庫県,神戸市,その他の消費支出,553009
2015,29000,奈良県,奈良市,食料,1044441
2015,29000,奈良県,奈良市,住居,240553
2015,29000,奈良県,奈良市,光熱・水道,288626
2015,29000,奈良県,奈良市,家具・家事用品,142270
2015,29000,奈良県,奈良市,被服及び履物,193341
2015,29000,奈良県,奈良市,保健医療,185056
2015,29000,奈良県,奈良市,交通・通信,580202
2015,29000,奈良県,奈良市,教育,137096
2015,29000,奈良県,奈良市,教養娯楽,493458
2015,29000,奈良県,奈良市,その他の消費支出,714625
2015,30000,和歌山県,和歌山市,食料,874522
2015,30000,和歌山県,和歌山市,住居,210995
2015,30000,和歌山県,和歌山市,光熱・水道,250183
2015,30000,和歌山県,和歌山市,家具・家事用品,132637
2015,30000,和歌山県,和歌山市,被服及び履物,137747
2015,30000,和歌山県,和歌山市,保健医療,143385
2015,30000,和歌山県,和歌山市,交通・通信,460709
2015,30000,和歌山県,和歌山市,教育,109809
2015,30000,和歌山県,和歌山市,教養娯楽,334009
2015,30000,和歌山県,和歌山市,その他の消費支出,687870
2015,31000,鳥取県,鳥取市,食料,858260
2015,31000,鳥取県,鳥取市,住居,149355
2015,31000,鳥取県,鳥取市,光熱・水道,256318
2015,31000,鳥取県,鳥取市,家具・家事用品,125122
2015,31000,鳥取県,鳥取市,被服及び履物,142075
2015,31000,鳥取県,鳥取市,保健医療,137518
2015,31000,鳥取県,鳥取市,交通・通信,525438
2015,31000,鳥取県,鳥取市,教育,92187
2015,31000,鳥取県,鳥取市,教養娯楽,298099
2015,31000,鳥取県,鳥取市,その他の消費支出,713339
2015,32000,島根県,松江市,食料,879200
2015,32000,島根県,松江市,住居,194102
2015,32000,島根県,松江市,光熱・水道,290862
2015,32000,島根県,松江市,家具・家事用品,115009
2015,32000,島根県,松江市,被服及び履物,129782
2015,32000,島根県,松江市,保健医療,142938
2015,32000,島根県,松江市,交通・通信,614200
2015,32000,島根県,松江市,教育,103752
2015,32000,島根県,松江市,教養娯楽,332152
2015,32000,島根県,松江市,その他の消費支出,675664
2015,33000,岡山県,岡山市,食料,948006
2015,33000,岡山県,岡山市,住居,191852
2015,33000,岡山県,岡山市,光熱・水道,276482
2015,33000,岡山県,岡山市,家具・家事用品,147226
2015,33000,岡山県,岡山市,被服及び履物,149516
2015,33000,岡山県,岡山市,保健医療,154807
2015,33000,岡山県,岡山市,交通・通信,445140
2015,33000,岡山県,岡山市,教育,138114
2015,33000,岡山県,岡山市,教養娯楽,335694
2015,33000,岡山県,岡山市,その他の消費支出,571420
2015,34000,広島県,広島市,食料,948577
2015,34000,広島県,広島市,住居,238083
2015,34000,広島県,広島市,光熱・水道,265273
2015,34000,広島県,広島市,家具・家事用品,121197
2015,34000,広島県,広島市,被服及び履物,149751
2015,34000,広島県,広島市,保健医療,150132
2015,34000,広島県,広島市,交通・通信,406226
2015,34000,広島県,広島市,教育,94763
2015,34000,広島県,広島市,教養娯楽,321579
2015,34000,広島県,広島市,その他の消費支出,658615
2015,35000,山口県,山口市,食料,919570
2015,35000,山口県,山口市,住居,266949
2015,35000,山口県,山口市,光熱・水道,257663
2015,35000,山口県,山口市,家具・家事用品,149544
2015,35000,山口県,山口市,被服及び履物,141269
2015,35000,山口県,山口市,保健医療,145575
2015,35000,山口県,山口市,交通・通信,536475
2015,35000,山口県,山口市,教育,136206
2015,35000,山口県,山口市,教養娯楽,356341
2015,35000,山口県,山口市,その他の消費支出,685341
2015,36000,徳島県,徳島市,食料,878261
2015,36000,徳島県,徳島市,住居,217228
2015,36000,徳島県,徳島市,光熱・水道,266657
2015,36000,徳島県,徳島市,家具・家事用品,114674
2015,36000,徳島県,徳島市,被服及び履物,159844
2015,36000,徳島県,徳島市,保健医療,147037
2015,36000,徳島県,徳島市,交通・通信,413992
2015,36000,徳島県,徳島市,教育,118859
2015,36000,徳島県,徳島市,教養娯楽,351184
2015,36000,徳島県,徳島市,その他の消費支出,666536
2015,37000,香川県,高松市,食料,919941
2015,37000,香川県,高松市,住居,163451
2015,37000,香川県,高松市,光熱・水道,263083
2015,37000,香川県,高松市,家具・家事用品,122608
2015,37000,香川県,高松市,被服及び履物,159535
2015,37000,香川県,高松市,保健医療,170592
2015,37000,香川県,高松市,交通・通信,596974
2015,37000,香川県,高松市,教育,116782
2015,37000,香川県,高松市,教養娯楽,435934
2015,37000,香川県,高松市,その他の消費支出,801725
2015,38000,愛媛県,松山市,食料,861399
2015,38000,愛媛県,松山市,住居,171456
2015,38000,愛媛県,松山市,光熱・水道,257894
2015,38000,愛媛県,松山市,家具・家事用品,128718
2015,38000,愛媛県,松山市,被服及び履物,129421
2015,38000,愛媛県,松山市,保健医療,139156
2015,38000,愛媛県,松山市,交通・通信,453981
2015,38000,愛媛県,松山市,教育,149248
2015,38000,愛媛県,松山市,教養娯楽,302432
2015,38000,愛媛県,松山市,その他の消費支出,627558
2015,39000,高知県,高知市,食料,909924
2015,39000,高知県,高知市,住居,312738
2015,39000,高知県,高知市,光熱・水道,263083
2015,39000,高知県,高知市,家具・家事用品,136061
2015,39000,高知県,高知市,被服及び履物,127167
2015,39000,高知県,高知市,保健医療,143397
2015,39000,高知県,高知市,交通・通信,490027
2015,39000,高知県,高知市,教育,106924
2015,39000,高知県,高知市,教養娯楽,359417
2015,39000,高知県,高知市,その他の消費支出,822732
2015,40000,福岡県,福岡市,食料,931029
2015,40000,福岡県,福岡市,住居,244601
2015,40000,福岡県,福岡市,光熱・水道,246150
2015,40000,福岡県,福岡市,家具・家事用品,128778
2015,40000,福岡県,福岡市,被服及び履物,162746
2015,40000,福岡県,福岡市,保健医療,140561
2015,40000,福岡県,福岡市,交通・通信,519054
2015,40000,福岡県,福岡市,教育,242028
2015,40000,福岡県,福岡市,教養娯楽,341986
2015,40000,福岡県,福岡市,その他の消費支出,639052
2015,41000,佐賀県,佐賀市,食料,900967
2015,41000,佐賀県,佐賀市,住居,188586
2015,41000,佐賀県,佐賀市,光熱・水道,277316
2015,41000,佐賀県,佐賀市,家具・家事用品,133974
2015,41000,佐賀県,佐賀市,被服及び履物,126822
2015,41000,佐賀県,佐賀市,保健医療,169463
2015,41000,佐賀県,佐賀市,交通・通信,473757
2015,41000,佐賀県,佐賀市,教育,110842
2015,41000,佐賀県,佐賀市,教養娯楽,310406
2015,41000,佐賀県,佐賀市,その他の消費支出,611451
2015,42000,長崎県,長崎市,食料,888742
2015,42000,長崎県,長崎市,住居,163736
2015,42000,長崎県,長崎市,光熱・水道,275072
2015,42000,長崎県,長崎市,家具・家事用品,111819
2015,42000,長崎県,長崎市,被服及び履物,125601
2015,42000,長崎県,長崎市,保健医療,123307
2015,42000,長崎県,長崎市,交通・通信,334583
2015,42000,長崎県,長崎市,教育,79798
2015,42000,長崎県,長崎市,教養娯楽,279159
2015,42000,長崎県,長崎市,その他の消費支出,553152
2015,43000,熊本県,熊本市,食料,902509
2015,43000,熊本県,熊本市,住居,321561
2015,43000,熊本県,熊本市,光熱・水道,249783
2015,43000,熊本県,熊本市,家具・家事用品,128446
2015,43000,熊本県,熊本市,被服及び履物,168450
2015,43000,熊本県,熊本市,保健医療,132562
2015,43000,熊本県,熊本市,交通・通信,398645
2015,43000,熊本県,熊本市,教育,156133
2015,43000,熊本県,熊本市,教養娯楽,331008
2015,43000,熊本県,熊本市,その他の消費支出,725434
2015,44000,大分県,大分市,食料,833429
2015,44000,大分県,大分市,住居,220867
2015,44000,大分県,大分市,光熱・水道,233646
2015,44000,大分県,大分市,家具・家事用品,115526
2015,44000,大分県,大分市,被服及び履物,128590
2015,44000,大分県,大分市,保健医療,117819
2015,44000,大分県,大分市,交通・通信,513718
2015,44000,大分県,大分市,教育,88591
2015,44000,大分県,大分市,教養娯楽,304248
2015,44000,大分県,大分市,その他の消費支出,712058
2015,45000,宮崎県,宮崎市,食料,836058
2015,45000,宮崎県,宮崎市,住居,161775
2015,45000,宮崎県,宮崎市,光熱・水道,218989
2015,45000,宮崎県,宮崎市,家具・家事用品,121077
2015,45000,宮崎県,宮崎市,被服及び履物,113295
2015,45000,宮崎県,宮崎市,保健医療,150135
2015,45000,宮崎県,宮崎市,交通・通信,450255
2015,45000,宮崎県,宮崎市,教育,113655
2015,45000,宮崎県,宮崎市,教養娯楽,288780
2015,45000,宮崎県,宮崎市,その他の消費支出,629494
2015,46000,鹿児島県,鹿児島市,食料,858881
2015,46000,鹿児島県,鹿児島市,住居,225352
2015,46000,鹿児島県,鹿児島市,光熱・水道,237827
2015,46000,鹿児島県,鹿児島市,家具・家事用品,109048
2015,46000,鹿児島県,鹿児島市,被服及び履物,122728
2015,46000,鹿児島県,鹿児島市,保健医療,152851
2015,46000,鹿児島県,鹿児島市,交通・通信,514023
2015,46000,鹿児島県,鹿児島市,教育,85483
2015,46000,鹿児島県,鹿児島市,教養娯楽,315120
2015,46000,鹿児島県,鹿児島市,その他の消費支出,664619
2015,47000,沖縄県,那覇市,食料,791093
2015,47000,沖縄県,那覇市,住居,251680
2015,47000,沖縄県,那覇市,光熱・水道,244375
2015,47000,沖縄県,那覇市,家具・家事用品,115265
2015,47000,沖縄県,那覇市,被服及び履物,100674
2015,47000,沖縄県,那覇市,保健医療,113413
2015,47000,沖縄県,那覇市,交通・通信,383158
2015,47000,沖縄県,那覇市,教育,102272
2015,47000,沖縄県,那覇市,教養娯楽,247360
2015,47000,沖縄県,那覇市,その他の消費支出,455949
2016,01000,北海道,札幌市,食料,904155
2016,01000,北海道,札幌市,住居,204858
2016,01000,北海道,札幌市,光熱・水道,293399
2016,01000,北海道,札幌市,家具・家事用品,119797
2016,01000,北海道,札幌市,被服及び履物,141122
2016,01000,北海道,札幌市,保健医療,149731
2016,01000,北海道,札幌市,交通・通信,524870
2016,01000,北海道,札幌市,教育,129050
2016,01000,北海道,札幌市,教養娯楽,367041
2016,01000,北海道,札幌市,その他の消費支出,613871
2016,02000,青森県,青森市,食料,894438
2016,02000,青森県,青森市,住居,112414
2016,02000,青森県,青森市,光熱・水道,321510
2016,02000,青森県,青森市,家具・家事用品,118517
2016,02000,青森県,青森市,被服及び履物,99536
2016,02000,青森県,青森市,保健医療,119027
2016,02000,青森県,青森市,交通・通信,372706
2016,02000,青森県,青森市,教育,68287
2016,02000,青森県,青森市,教養娯楽,228228
2016,02000,青森県,青森市,その他の消費支出,506952
2016,03000,岩手県,盛岡市,食料,918234
2016,03000,岩手県,盛岡市,住居,179063
2016,03000,岩手県,盛岡市,光熱・水道,300578
2016,03000,岩手県,盛岡市,家具・家事用品,129953
2016,03000,岩手県,盛岡市,被服及び履物,137551
2016,03000,岩手県,盛岡市,保健医療,178880
2016,03000,岩手県,盛岡市,交通・通信,512611
2016,03000,岩手県,盛岡市,教育,89068
2016,03000,岩手県,盛岡市,教養娯楽,335707
2016,03000,岩手県,盛岡市,その他の消費支出,686225
2016,04000,宮城県,仙台市,食料,955619
2016,04000,宮城県,仙台市,住居,217726
2016,04000,宮城県,仙台市,光熱・水道,262853
2016,04000,宮城県,仙台市,家具・家事用品,136184
2016,04000,宮城県,仙台市,被服及び履物,145836
2016,04000,宮城県,仙台市,保健医療,172465
2016,04000,宮城県,仙台市,交通・通信,439074
2016,04000,宮城県,仙台市,教育,112946
2016,04000,宮城県,仙台市,教養娯楽,362540
2016,04000,宮城県,仙台市,その他の消費支出,567044
2016,05000,秋田県,秋田市,食料,838891
2016,05000,秋田県,秋田市,住居,164821
2016,05000,秋田県,秋田市,光熱・水道,294771
2016,05000,秋田県,秋田市,家具・家事用品,113372
2016,05000,秋田県,秋田市,被服及び履物,98549
2016,05000,秋田県,秋田市,保健医療,165768
2016,05000,秋田県,秋田市,交通・通信,425776
2016,05000,秋田県,秋田市,教育,99879
2016,05000,秋田県,秋田市,教養娯楽,264327
2016,05000,秋田県,秋田市,その他の消費支出,595866
2016,06000,山形県,山形市,食料,1018483
2016,06000,山形県,山形市,住居,210978
2016,06000,山形県,山形市,光熱・水道,324192
2016,06000,山形県,山形市,家具・家事用品,146128
2016,06000,山形県,山形市,被服及び履物,151247
2016,06000,山形県,山形市,保健医療,179329
2016,06000,山形県,山形市,交通・通信,653377
2016,06000,山形県,山形市,教育,128761
2016,06000,山形県,山形市,教養娯楽,344180
2016,06000,山形県,山形市,その他の消費支出,844223
2016,07000,福島県,福島市,食料,949510
2016,07000,福島県,福島市,住居,175356
2016,07000,福島県,福島市,光熱・水道,293711
2016,07000,福島県,福島市,家具・家事用品,128794
2016,07000,福島県,福島市,被服及び履物,135102
2016,07000,福島県,福島市,保健医療,142351
2016,07000,福島県,福島市,交通・通信,556903
2016,07000,福島県,福島市,教育,102633
2016,07000,福島県,福島市,教養娯楽,352158
2016,07000,福島県,福島市,その他の消費支出,695243
2016,08000,茨城県,水戸市,食料,891341
2016,08000,茨城県,水戸市,住居,207788
2016,08000,茨城県,水戸市,光熱・水道,263417
2016,08000,茨城県,水戸市,家具・家事用品,131418
2016,08000,茨城県,水戸市,被服及び履物,150193
2016,08000,茨城県,水戸市,保健医療,128689
2016,08000,茨城県,水戸市,交通・通信,615819
2016,08000,茨城県,水戸市,教育,118432
2016,08000,茨城県,水戸市,教養娯楽,349083
2016,08000,茨城県,水戸市,その他の消費支出,732658
2016,09000,栃木県,宇都宮市,食料,947343
2016,09000,栃木県,宇都宮市,住居,165794
2016,09000,栃木県,宇都宮市,光熱・水道,260721
2016,09000,栃木県,宇都宮市,家具・家事用品,120674
2016,09000,栃木県,宇都宮市,被服及び履物,139214
2016,09000,栃木県,宇都宮市,保健医療,172142
2016,09000,栃木県,宇都宮市,交通・通信,427864
2016,09000,栃木県,宇都宮市,教育,149530
2016,09000,栃木県,宇都宮市,教養娯楽,330345
2016,09000,栃木県,宇都宮市,その他の消費支出,638204
2016,10000,群馬県,前橋市,食料,904116
2016,10000,群馬県,前橋市,住居,149055
2016,10000,群馬県,前橋市,光熱・水道,216316
2016,10000,群馬県,前橋市,家具・家事用品,115650
2016,10000,群馬県,前橋市,被服及び履物,145100
2016,10000,群馬県,前橋市,保健医療,144239
2016,10000,群馬県,前橋市,交通・通信,498382
2016,10000,群馬県,前橋市,教育,107435
2016,10000,群馬県,前橋市,教養娯楽,338665
2016,10000,群馬県,前橋市,その他の消費支出,604273
2016,11000,埼玉県,さいたま市,食料,1035278
2016,11000,埼玉県,さいたま市,住居,305755
2016,11000,埼玉県,さいたま市,光熱・水道,280914
2016,11000,埼玉県,さいたま市,家具・家事用品,127802
2016,11000,埼玉県,さいたま市,被服及び履物,179788
2016,11000,埼玉県,さいたま市,保健医療,168410
2016,11000,埼玉県,さいたま市,交通・通信,559050
2016,11000,埼玉県,さいたま市,教育,241491
2016,11000,埼玉県,さいたま市,教養娯楽,475092
2016,11000,埼玉県,さいたま市,その他の消費支出,571494
2016,12000,千葉県,千葉市,食料,1031685
2016,12000,千葉県,千葉市,住居,252921
2016,12000,千葉県,千葉市,光熱・水道,233871
2016,12000,千葉県,千葉市,家具・家事用品,136172
2016,12000,千葉県,千葉市,被服及び履物,154361
2016,12000,千葉県,千葉市,保健医療,158006
2016,12000,千葉県,千葉市,交通・通信,532047
2016,12000,千葉県,千葉市,教育,171022
2016,12000,千葉県,千葉市,教養娯楽,461839
2016,12000,千葉県,千葉市,その他の消費支出,613825
2016,13000,東京都,東京,食料,1091112
2016,13000,東京都,東京,住居,326607
2016,13000,東京都,東京,光熱・水道,248040
2016,13000,東京都,東京,家具・家事用品,135666
2016,13000,東京都,東京,被服及び履物,182017
2016,13000,東京都,東京,保健医療,180251
2016,13000,東京都,東京,交通・通信,386980
2016,13000,東京都,東京,教育,225540
2016,13000,東京都,東京,教養娯楽,445689
2016,13000,東京都,東京,その他の消費支出,631867
2016,14000,神奈川県,横浜市,食料,1100431
2016,14000,神奈川県,横浜市,住居,220969
2016,14000,神奈川県,横浜市,光熱・水道,239998
2016,14000,神奈川県,横浜市,家具・家事用品,120904
2016,14000,神奈川県,横浜市,被服及び履物,184497
2016,14000,神奈川県,横浜市,保健医療,195160
2016,14000,神奈川県,横浜市,交通・通信,501976
2016,14000,神奈川県,横浜市,教育,188699
2016,14000,神奈川県,横浜市,教養娯楽,465242
2016,14000,神奈川県,横浜市,その他の消費支出,686648
2016,15000,新潟県,新潟市,食料,957337
2016,15000,新潟県,新潟市,住居,164412
2016,15000,新潟県,新潟市,光熱・水道,289496
2016,15000,新潟県,新潟市,家具・家事用品,118770
2016,15000,新潟県,新潟市,被服及び履物,113918
2016,15000,新潟県,新潟市,保健医療,138830
2016,15000,新潟県,新潟市,交通・通信,449613
2016,15000,新潟県,新潟市,教育,130059
2016,15000,新潟県,新潟市,教養娯楽,304297
2016,15000,新潟県,新潟市,その他の消費支出,645002
2016,16000,富山県,富山市,食料,987323
2016,16000,富山県,富山市,住居,146834
2016,16000,富山県,富山市,光熱・水道,289260
2016,16000,富山県,富山市,家具・家事用品,119851
2016,16000,富山県,富山市,被服及び履物,144544
2016,16000,富山県,富山市,保健医療,152429
2016,16000,富山県,富山市,交通・通信,549125
2016,16000,富山県,富山市,教育,136965
2016,16000,富山県,富山市,教養娯楽,347371
2016,16000,富山県,富山市,その他の消費支出,836752
2016,17000,石川県,金沢市,食料,993094
2016,17000,石川県,金沢市,住居,237498
2016,17000,石川県,金沢市,光熱・水道,279286
2016,17000,石川県,金沢市,家具・家事用品,102883
2016,17000,石川県,金沢市,被服及び履物,155968
2016,17000,石川県,金沢市,保健医療,138632
2016,17000,石川県,金沢市,交通・通信,560146
2016,17000,石川県,金沢市,教育,161879
2016,17000,石川県,金沢市,教養娯楽,382386
2016,17000,石川県,金沢市,その他の消費支出,667491
2016,18000,福井県,福井市,食料,912417
2016,18000,福井県,福井市,住居,148141
2016,18000,福井県,福井市,光熱・水道,268920
2016,18000,福井県,福井市,家具・家事用品,108784
2016,18000,福井県,福井市,被服及び履物,129264
2016,18000,福井県,福井市,保健医療,131295
2016,18000,福井県,福井市,交通・通信,407625
2016,18000,福井県,福井市,教育,127654
2016,18000,福井県,福井市,教養娯楽,292935
2016,18000,福井県,福井市,その他の消費支出,654579
2016,19000,山梨県,甲府市,食料,893151
2016,19000,山梨県,甲府市,住居,278231
2016,19000,山梨県,甲府市,光熱・水道,259918
2016,19000,山梨県,甲府市,家具・家事用品,136449
2016,19000,山梨県,甲府市,被服及び履物,132488
2016,19000,山梨県,甲府市,保健医療,158516
2016,19000,山梨県,甲府市,交通・通信,422172
2016,19000,山梨県,甲府市,教育,87674
2016,19000,山梨県,甲府市,教養娯楽,350150
2016,19000,山梨県,甲府市,その他の消費支出,677192
2016,20000,長野県,長野市,食料,914626
2016,20000,長野県,長野市,住居,201501
2016,20000,長野県,長野市,光熱・水道,272605
2016,20000,長野県,長野市,家具・家事用品,134310
2016,20000,長野県,長野市,被服及び履物,136829
2016,20000,長野県,長野市,保健医療,190560
2016,20000,長野県,長野市,交通・通信,584343
2016,20000,長野県,長野市,教育,112777
2016,20000,長野県,長野市,教養娯楽,345310
2016,20000,長野県,長野市,その他の消費支出,663422
2016,21000,岐阜県,岐阜市,食料,963938
2016,21000,岐阜県,岐阜市,住居,197029
2016,21000,岐阜県,岐阜市,光熱・水道,280566
2016,21000,岐阜県,岐阜市,家具・家事用品,127995
2016,21000,岐阜県,岐阜市,被服及び履物,159583
2016,21000,岐阜県,岐阜市,保健医療,151845
2016,21000,岐阜県,岐阜市,交通・通信,568736
2016,21000,岐阜県,岐阜市,教育,124848
2016,21000,岐阜県,岐阜市,教養娯楽,335530
2016,21000,岐阜県,岐阜市,その他の消費支出,604288
2016,22000,静岡県,静岡市,食料,993902
2016,22000,静岡県,静岡市,住居,209275
2016,22000,静岡県,静岡市,光熱・水道,254378
2016,22000,静岡県,静岡市,家具・家事用品,115642
2016,22000,静岡県,静岡市,被服及び履物,138117
2016,22000,静岡県,静岡市,保健医療,143947
2016,22000,静岡県,静岡市,交通・通信,496881
2016,22000,静岡県,静岡市,教育,160875
2016,22000,静岡県,静岡市,教養娯楽,320505
2016,22000,静岡県,静岡市,その他の消費支出,734398
2016,23000,愛知県,名古屋市,食料,1000491
2016,23000,愛知県,名古屋市,住居,199496
2016,23000,愛知県,名古屋市,光熱・水道,244981
2016,23000,愛知県,名古屋市,家具・家事用品,122906
2016,23000,愛知県,名古屋市,被服及び履物,167575
2016,23000,愛知県,名古屋市,保健医療,155271
2016,23000,愛知県,名古屋市,交通・通信,483008
2016,23000,愛知県,名古屋市,教育,167533
2016,23000,愛知県,名古屋市,教養娯楽,401883
2016,23000,愛知県,名古屋市,その他の消費支出,604926
2016,24000,三重県,津市,食料,924901
2016,24000,三重県,津市,住居,171110
2016,24000,三重県,津市,光熱・水道,243940
2016,24000,三重県,津市,家具・家事用品,148406
2016,24000,三重県,津市,被服及び履物,153502
2016,24000,三重県,津市,保健医療,152665
2016,24000,三重県,津市,交通・通信,482372
2016,24000,三重県,津市,教育,125929
2016,24000,三重県,津市,教養娯楽,365130
2016,24000,三重県,津市,その他の消費支出,791573
2016,25000,滋賀県,大津市,食料,1015257
2016,25000,滋賀県,大津市,住居,146023
2016,25000,滋賀県,大津市,光熱・水道,264571
2016,25000,滋賀県,大津市,家具・家事用品,156358
2016,25000,滋賀県,大津市,被服及び履物,168789
2016,25000,滋賀県,大津市,保健医療,158481
2016,25000,滋賀県,大津市,交通・通信,542758
2016,25000,滋賀県,大津市,教育,164344
2016,25000,滋賀県,大津市,教養娯楽,381573
2016,25000,滋賀県,大津市,その他の消費支出,598922
2016,26000,京都府,京都市,食料,1025898
2016,26000,京都府,京都市,住居,209297
2016,26000,京都府,京都市,光熱・水道,261601
2016,26000,京都府,京都市,家具・家事用品,111629
2016,26000,京都府,京都市,被服及び履物,142606
2016,26000,京都府,京都市,保健医療,138430
2016,26000,京都府,京都市,交通・通信,354608
2016,26000,京都府,京都市,教育,182485
2016,26000,京都府,京都市,教養娯楽,373293
2016,26000,京都府,京都市,その他の消費支出,498385
2016,27000,大阪府,大阪市,食料,990480
2016,27000,大阪府,大阪市,住居,139130
2016,27000,大阪府,大阪市,光熱・水道,246955
2016,27000,大阪府,大阪市,家具・家事用品,107673
2016,27000,大阪府,大阪市,被服及び履物,132404
2016,27000,大阪府,大阪市,保健医療,148482
2016,27000,大阪府,大阪市,交通・通信,319811
2016,27000,大阪府,大阪市,教育,130598
2016,27000,大阪府,大阪市,教養娯楽,296884
2016,27000,大阪府,大阪市,その他の消費支出,504802
2016,28000,兵庫県,神戸市,食料,972369
2016,28000,兵庫県,神戸市,住居,259255
2016,28000,兵庫県,神戸市,光熱・水道,199099
2016,28000,兵庫県,神戸市,家具・家事用品,96495
2016,28000,兵庫県,神戸市,被服及び履物,134323
2016,28000,兵庫県,神戸市,保健医療,144334
2016,28000,兵庫県,神戸市,交通・通信,363149
2016,28000,兵庫県,神戸市,教育,124967
2016,28000,兵庫県,神戸市,教養娯楽,351591
2016,28000,兵庫県,神戸市,その他の消費支出,533913
2016,29000,奈良県,奈良市,食料,1045641
2016,29000,奈良県,奈良市,住居,200134
2016,29000,奈良県,奈良市,光熱・水道,284943
2016,29000,奈良県,奈良市,家具・家事用品,142051
2016,29000,奈良県,奈良市,被服及び履物,168826
2016,29000,奈良県,奈良市,保健医療,199852
2016,29000,奈良県,奈良市,交通・通信,578893
2016,29000,奈良県,奈良市,教育,165194
2016,29000,奈良県,奈良市,教養娯楽,440523
2016,29000,奈良県,奈良市,その他の消費支出,658658
2016,30000,和歌山県,和歌山市,食料,873426
2016,30000,和歌山県,和歌山市,住居,154970
2016,30000,和歌山県,和歌山市,光熱・水道,234323
2016,30000,和歌山県,和歌山市,家具・家事用品,142260
2016,30000,和歌山県,和歌山市,被服及び履物,122401
2016,30000,和歌山県,和歌山市,保健医療,151194
2016,30000,和歌山県,和歌山市,交通・通信,317088
2016,30000,和歌山県,和歌山市,教育,86236
2016,30000,和歌山県,和歌山市,教養娯楽,314973
2016,30000,和歌山県,和歌山市,その他の消費支出,570045
2016,31000,鳥取県,鳥取市,食料,877939
2016,31000,鳥取県,鳥取市,住居,145493
2016,31000,鳥取県,鳥取市,光熱・水道,237997
2016,31000,鳥取県,鳥取市,家具・家事用品,116993
2016,31000,鳥取県,鳥取市,被服及び履物,122104
2016,31000,鳥取県,鳥取市,保健医療,120929
2016,31000,鳥取県,鳥取市,交通・通信,427333
2016,31000,鳥取県,鳥取市,教育,97704
2016,31000,鳥取県,鳥取市,教養娯楽,301516
2016,31000,鳥取県,鳥取市,その他の消費支出,578931
2016,32000,島根県,松江市,食料,913449
2016,32000,島根県,松江市,住居,260382
2016,32000,島根県,松江市,光熱・水道,264059
2016,32000,島根県,松江市,家具・家事用品,129033
2016,32000,島根県,松江市,被服及び履物,128090
2016,32000,島根県,松江市,保健医療,129949
2016,32000,島根県,松江市,交通・通信,508016
2016,32000,島根県,松江市,教育,98274
2016,32000,島根県,松江市,教養娯楽,365817
2016,32000,島根県,松江市,その他の消費支出,542209
2016,33000,岡山県,岡山市,食料,943927
2016,33000,岡山県,岡山市,住居,220808
2016,33000,岡山県,岡山市,光熱・水道,263033
2016,33000,岡山県,岡山市,家具・家事用品,144899
2016,33000,岡山県,岡山市,被服及び履物,148435
2016,33000,岡山県,岡山市,保健医療,180585
2016,33000,岡山県,岡山市,交通・通信,476729
2016,33000,岡山県,岡山市,教育,161788
2016,33000,岡山県,岡山市,教養娯楽,348729
2016,33000,岡山県,岡山市,その他の消費支出,720209
2016,34000,広島県,広島市,食料,1014186
2016,34000,広島県,広島市,住居,254720
2016,34000,広島県,広島市,光熱・水道,241961
2016,34000,広島県,広島市,家具・家事用品,132951
2016,34000,広島県,広島市,被服及び履物,140850
2016,34000,広島県,広島市,保健医療,156140
2016,34000,広島県,広島市,交通・通信,538950
2016,34000,広島県,広島市,教育,149043
2016,34000,広島県,広島市,教養娯楽,371115
2016,34000,広島県,広島市,その他の消費支出,681914
2016,35000,山口県,山口市,食料,940994
2016,35000,山口県,山口市,住居,200011
2016,35000,山口県,山口市,光熱・水道,249447
2016,35000,山口県,山口市,家具・家事用品,133675
2016,35000,山口県,山口市,被服及び履物,149629
2016,35000,山口県,山口市,保健医療,166039
2016,35000,山口県,山口市,交通・通信,636025
2016,35000,山口県,山口市,教育,165341
2016,35000,山口県,山口市,教養娯楽,376592
2016,35000,山口県,山口市,その他の消費支出,789510
2016,36000,徳島県,徳島市,食料,874778
2016,36000,徳島県,徳島市,住居,217402
2016,36000,徳島県,徳島市,光熱・水道,249989
2016,36000,徳島県,徳島市,家具・家事用品,131106
2016,36000,徳島県,徳島市,被服及び履物,277902
2016,36000,徳島県,徳島市,保健医療,138674
2016,36000,徳島県,徳島市,交通・通信,509613
2016,36000,徳島県,徳島市,教育,140829
2016,36000,徳島県,徳島市,教養娯楽,309854
2016,36000,徳島県,徳島市,その他の消費支出,692159
2016,37000,香川県,高松市,食料,891294
2016,37000,香川県,高松市,住居,224145
2016,37000,香川県,高松市,光熱・水道,259446
2016,37000,香川県,高松市,家具・家事用品,116924
2016,37000,香川県,高松市,被服及び履物,126850
2016,37000,香川県,高松市,保健医療,146869
2016,37000,香川県,高松市,交通・通信,443219
2016,37000,香川県,高松市,教育,98565
2016,37000,香川県,高松市,教養娯楽,355204
2016,37000,香川県,高松市,その他の消費支出,764384
2016,38000,愛媛県,松山市,食料,885183
2016,38000,愛媛県,松山市,住居,212730
2016,38000,愛媛県,松山市,光熱・水道,233740
2016,38000,愛媛県,松山市,家具・家事用品,128180
2016,38000,愛媛県,松山市,被服及び履物,131842
2016,38000,愛媛県,松山市,保健医療,158679
2016,38000,愛媛県,松山市,交通・通信,471058
2016,38000,愛媛県,松山市,教育,147852
2016,38000,愛媛県,松山市,教養娯楽,321182
2016,38000,愛媛県,松山市,その他の消費支出,661867
2016,39000,高知県,高知市,食料,961802
2016,39000,高知県,高知市,住居,240550
2016,39000,高知県,高知市,光熱・水道,257529
2016,39000,高知県,高知市,家具・家事用品,124775
2016,39000,高知県,高知市,被服及び履物,140616
2016,39000,高知県,高知市,保健医療,161860
2016,39000,高知県,高知市,交通・通信,524187
2016,39000,高知県,高知市,教育,144462
2016,39000,高知県,高知市,教養娯楽,379698
2016,39000,高知県,高知市,その他の消費支出,979735
2016,40000,福岡県,福岡市,食料,934831
2016,40000,福岡県,福岡市,住居,270972
2016,40000,福岡県,福岡市,光熱・水道,248004
2016,40000,福岡県,福岡市,家具・家事用品,138159
2016,40000,福岡県,福岡市,被服及び履物,173613
2016,40000,福岡県,福岡市,保健医療,155995
2016,40000,福岡県,福岡市,交通・通信,459246
2016,40000,福岡県,福岡市,教育,208571
2016,40000,福岡県,福岡市,教養娯楽,372974
2016,40000,福岡県,福岡市,その他の消費支出,685118
2016,41000,佐賀県,佐賀市,食料,958012
2016,41000,佐賀県,佐賀市,住居,229732
2016,41000,佐賀県,佐賀市,光熱・水道,258077
2016,41000,佐賀県,佐賀市,家具・家事用品,135123
2016,41000,佐賀県,佐賀市,被服及び履物,124384
2016,41000,佐賀県,佐賀市,保健医療,178773
2016,41000,佐賀県,佐賀市,交通・通信,407480
2016,41000,佐賀県,佐賀市,教育,88877
2016,41000,佐賀県,佐賀市,教養娯楽,323427
2016,41000,佐賀県,佐賀市,その他の消費支出,701299
2016,42000,長崎県,長崎市,食料,888754
2016,42000,長崎県,長崎市,住居,210168
2016,42000,長崎県,長崎市,光熱・水道,253276
2016,42000,長崎県,長崎市,家具・家事用品,129244
2016,42000,長崎県,長崎市,被服及び履物,131134
2016,42000,長崎県,長崎市,保健医療,135477
2016,42000,長崎県,長崎市,交通・通信,422982
2016,42000,長崎県,長崎市,教育,76488
2016,42000,長崎県,長崎市,教養娯楽,240054
2016,42000,長崎県,長崎市,その他の消費支出,517357
2016,43000,熊本県,熊本市,食料,869142
2016,43000,熊本県,熊本市,住居,241468
2016,43000,熊本県,熊本市,光熱・水道,231285
2016,43000,熊本県,熊本市,家具・家事用品,142694
2016,43000,熊本県,熊本市,被服及び履物,122830
2016,43000,熊本県,熊本市,保健医療,121415
2016,43000,熊本県,熊本市,交通・通信,404915
2016,43000,熊本県,熊本市,教育,88205
2016,43000,熊本県,熊本市,教養娯楽,301478
2016,43000,熊本県,熊本市,その他の消費支出,623252
2016,44000,大分県,大分市,食料,861007
2016,44000,大分県,大分市,住居,168813
2016,44000,大分県,大分市,光熱・水道,229591
2016,44000,大分県,大分市,家具・家事用品,115789
2016,44000,大分県,大分市,被服及び履物,144870
2016,44000,大分県,大分市,保健医療,127287
2016,44000,大分県,大分市,交通・通信,467467
2016,44000,大分県,大分市,教育,90304
2016,44000,大分県,大分市,教養娯楽,320760
2016,44000,大分県,大分市,その他の消費支出,622060
2016,45000,宮崎県,宮崎市,食料,826330
2016,45000,宮崎県,宮崎市,住居,207370
2016,45000,宮崎県,宮崎市,光熱・水道,199749
2016,45000,宮崎県,宮崎市,家具・家事用品,123722
2016,45000,宮崎県,宮崎市,被服及び履物,132911
2016,45000,宮崎県,宮崎市,保健医療,140018
2016,45000,宮崎県,宮崎市,交通・通信,503098
2016,45000,宮崎県,宮崎市,教育,128681
2016,45000,宮崎県,宮崎市,教養娯楽,328821
2016,45000,宮崎県,宮崎市,その他の消費支出,725026
2016,46000,鹿児島県,鹿児島市,食料,845013
2016,46000,鹿児島県,鹿児島市,住居,216374
2016,46000,鹿児島県,鹿児島市,光熱・水道,213889
2016,46000,鹿児島県,鹿児島市,家具・家事用品,128359
2016,46000,鹿児島県,鹿児島市,被服及び履物,122704
2016,46000,鹿児島県,鹿児島市,保健医療,154377
2016,46000,鹿児島県,鹿児島市,交通・通信,463396
2016,46000,鹿児島県,鹿児島市,教育,100797
2016,46000,鹿児島県,鹿児島市,教養娯楽,304423
2016,46000,鹿児島県,鹿児島市,その他の消費支出,740140
2016,47000,沖縄県,那覇市,食料,804595
2016,47000,沖縄県,那覇市,住居,326738
2016,47000,沖縄県,那覇市,光熱・水道,244501
2016,47000,沖縄県,那覇市,家具・家事用品,91582
2016,47000,沖縄県,那覇市,被服及び履物,94473
2016,47000,沖縄県,那覇市,保健医療,132173
2016,47000,沖縄県,那覇市,交通・通信,404308
2016,47000,沖縄県,那覇市,教育,104374
2016,47000,沖縄県,那覇市,教養娯楽,219974
2016,47000,沖縄県,那覇市,その他の消費支出,512176
2017,01000,北海道,札幌市,食料,897859
2017,01000,北海道,札幌市,住居,290602
2017,01000,北海道,札幌市,光熱・水道,307612
2017,01000,北海道,札幌市,家具・家事用品,128147
2017,01000,北海道,札幌市,被服及び履物,141227
2017,01000,北海道,札幌市,保健医療,147885
2017,01000,北海道,札幌市,交通・通信,475770
2017,01000,北海道,札幌市,教育,118064
2017,01000,北海道,札幌市,教養娯楽,342784
2017,01000,北海道,札幌市,その他の消費支出,590423
2017,02000,青森県,青森市,食料,893981
2017,02000,青森県,青森市,住居,167766
2017,02000,青森県,青森市,光熱・水道,333197
2017,02000,青森県,青森市,家具・家事用品,106557
2017,02000,青森県,青森市,被服及び履物,93390
2017,02000,青森県,青森市,保健医療,133362
2017,02000,青森県,青森市,交通・通信,368514
2017,02000,青森県,青森市,教育,70542
2017,02000,青森県,青森市,教養娯楽,269484
2017,02000,青森県,青森市,その他の消費支出,523004
2017,03000,岩手県,盛岡市,食料,931892
2017,03000,岩手県,盛岡市,住居,186510
2017,03000,岩手県,盛岡市,光熱・水道,304637
2017,03000,岩手県,盛岡市,家具・家事用品,114247
2017,03000,岩手県,盛岡市,被服及び履物,133072
2017,03000,岩手県,盛岡市,保健医療,165073
2017,03000,岩手県,盛岡市,交通・通信,414915
2017,03000,岩手県,盛岡市,教育,121534
2017,03000,岩手県,盛岡市,教養娯楽,314742
2017,03000,岩手県,盛岡市,その他の消費支出,628470
2017,04000,宮城県,仙台市,食料,931648
2017,04000,宮城県,仙台市,住居,245769
2017,04000,宮城県,仙台市,光熱・水道,248155
2017,04000,宮城県,仙台市,家具・家事用品,137733
2017,04000,宮城県,仙台市,被服及び履物,125398
2017,04000,宮城県,仙台市,保健医療,181753
2017,04000,宮城県,仙台市,交通・通信,382164
2017,04000,宮城県,仙台市,教育,137886
2017,04000,宮城県,仙台市,教養娯楽,353668
2017,04000,宮城県,仙台市,その他の消費支出,619097
2017,05000,秋田県,秋田市,食料,901778
2017,05000,秋田県,秋田市,住居,197192
2017,05000,秋田県,秋田市,光熱・水道,319255
2017,05000,秋田県,秋田市,家具・家事用品,120042
2017,05000,秋田県,秋田市,被服及び履物,106698
2017,05000,秋田県,秋田市,保健医療,144761
2017,05000,秋田県,秋田市,交通・通信,437816
2017,05000,秋田県,秋田市,教育,75983
2017,05000,秋田県,秋田市,教養娯楽,272241
2017,05000,秋田県,秋田市,その他の消費支出,552588
2017,06000,山形県,山形市,食料,1023134
2017,06000,山形県,山形市,住居,201564
2017,06000,山形県,山形市,光熱・水道,350126
2017,06000,山形県,山形市,家具・家事用品,122413
2017,06000,山形県,山形市,被服及び履物,132274
2017,06000,山形県,山形市,保健医療,148603
2017,06000,山形県,山形市,交通・通信,617980
2017,06000,山形県,山形市,教育,108698
2017,06000,山形県,山形市,教養娯楽,329439
2017,06000,山形県,山形市,その他の消費支出,671564
2017,07000,福島県,福島市,食料,1006444
2017,07000,福島県,福島市,住居,234006
2017,07000,福島県,福島市,光熱・水道,305011
2017,07000,福島県,福島市,家具・家事用品,144005
2017,07000,福島県,福島市,被服及び履物,154398
2017,07000,福島県,福島市,保健医療,152680
2017,07000,福島県,福島市,交通・通信,539917
2017,07000,福島県,福島市,教育,113114
2017,07000,福島県,福島市,教養娯楽,369899
2017,07000,福島県,福島市,その他の消費支出,708830
2017,08000,茨城県,水戸市,食料,934525
2017,08000,茨城県,水戸市,住居,208177
2017,08000,茨城県,水戸市,光熱・水道,262859
2017,08000,茨城県,水戸市,家具・家事用品,133059
2017,08000,茨城県,水戸市,被服及び履物,169502
2017,08000,茨城県,水戸市,保健医療,129623
2017,08000,茨城県,水戸市,交通・通信,599617
2017,08000,茨城県,水戸市,教育,140443
2017,08000,茨城県,水戸市,教養娯楽,363307
2017,08000,茨城県,水戸市,その他の消費支出,788855
2017,09000,栃木県,宇都宮市,食料,1005366
2017,09000,栃木県,宇都宮市,住居,224832
2017,09000,栃木県,宇都宮市,光熱・水道,268966
2017,09000,栃木県,宇都宮市,家具・家事用品,122468
2017,09000,栃木県,宇都宮市,被服及び履物,147534
2017,09000,栃木県,宇都宮市,保健医療,145381
2017,09000,栃木県,宇都宮市,交通・通信,499693
2017,09000,栃木県,宇都宮市,教育,126119
2017,09000,栃木県,宇都宮市,教養娯楽,370071
2017,09000,栃木県,宇都宮市,その他の消費支出,702335
2017,10000,群馬県,前橋市,食料,939002
2017,10000,群馬県,前橋市,住居,173459
2017,10000,群馬県,前橋市,光熱・水道,233937
2017,10000,群馬県,前橋市,家具・家事用品,144663
2017,10000,群馬県,前橋市,被服及び履物,155780
2017,10000,群馬県,前橋市,保健医療,186969
2017,10000,群馬県,前橋市,交通・通信,538336
2017,10000,群馬県,前橋市,教育,84644
2017,10000,群馬県,前橋市,教養娯楽,346950
2017,10000,群馬県,前橋市,その他の消費支出,653319
2017,11000,埼玉県,さいたま市,食料,996898
2017,11000,埼玉県,さいたま市,住居,225722
2017,11000,埼玉県,さいたま市,光熱・水道,262656
2017,11000,埼玉県,さいたま市,家具・家事用品,131260
2017,11000,埼玉県,さいたま市,被服及び履物,160708
2017,11000,埼玉県,さいたま市,保健医療,177929
2017,11000,埼玉県,さいたま市,交通・通信,495002
2017,11000,埼玉県,さいたま市,教育,217304
2017,11000,埼玉県,さいたま市,教養娯楽,384013
2017,11000,埼玉県,さいたま市,その他の消費支出,564592
2017,12000,千葉県,千葉市,食料,1022843
2017,12000,千葉県,千葉市,住居,93632
2017,12000,千葉県,千葉市,光熱・水道,252016
2017,12000,千葉県,千葉市,家具・家事用品,130301
2017,12000,千葉県,千葉市,被服及び履物,150074
2017,12000,千葉県,千葉市,保健医療,153171
2017,12000,千葉県,千葉市,交通・通信,506132
2017,12000,千葉県,千葉市,教育,164060
2017,12000,千葉県,千葉市,教養娯楽,461371
2017,12000,千葉県,千葉市,その他の消費支出,605676
2017,13000,東京都,東京,食料,1116847
2017,13000,東京都,東京,住居,313567
2017,13000,東京都,東京,光熱・水道,252711
2017,13000,東京都,東京,家具・家事用品,156825
2017,13000,東京都,東京,被服及び履物,185785
2017,13000,東京都,東京,保健医療,196257
2017,13000,東京都,東京,交通・通信,404689
2017,13000,東京都,東京,教育,243655
2017,13000,東京都,東京,教養娯楽,462588
2017,13000,東京都,東京,その他の消費支出,663942
2017,14000,神奈川県,横浜市,食料,1104301
2017,14000,神奈川県,横浜市,住居,224998
2017,14000,神奈川県,横浜市,光熱・水道,240897
2017,14000,神奈川県,横浜市,家具・家事用品,155449
2017,14000,神奈川県,横浜市,被服及び履物,187615
2017,14000,神奈川県,横浜市,保健医療,195305
2017,14000,神奈川県,横浜市,交通・通信,545661
2017,14000,神奈川県,横浜市,教育,199026
2017,14000,神奈川県,横浜市,教養娯楽,495478
2017,14000,神奈川県,横浜市,その他の消費支出,635678
2017,15000,新潟県,新潟市,食料,944309
2017,15000,新潟県,新潟市,住居,244871
2017,15000,新潟県,新潟市,光熱・水道,307960
2017,15000,新潟県,新潟市,家具・家事用品,119172
2017,15000,新潟県,新潟市,被服及び履物,122901
2017,15000,新潟県,新潟市,保健医療,129128
2017,15000,新潟県,新潟市,交通・通信,578339
2017,15000,新潟県,新潟市,教育,131172
2017,15000,新潟県,新潟市,教養娯楽,296763
2017,15000,新潟県,新潟市,その他の消費支出,624378
2017,16000,富山県,富山市,食料,980623
2017,16000,富山県,富山市,住居,196886
2017,16000,富山県,富山市,光熱・水道,296912
2017,16000,富山県,富山市,家具・家事用品,139694
2017,16000,富山県,富山市,被服及び履物,133149
2017,16000,富山県,富山市,保健医療,145688
2017,16000,富山県,富山市,交通・通信,545704
2017,16000,富山県,富山市,教育,102995
2017,16000,富山県,富山市,教養娯楽,368892
2017,16000,富山県,富山市,その他の消費支出,879873
2017,17000,石川県,金沢市,食料,1042964
2017,17000,石川県,金沢市,住居,215938
2017,17000,石川県,金沢市,光熱・水道,275172
2017,17000,石川県,金沢市,家具・家事用品,127682
2017,17000,石川県,金沢市,被服及び履物,171279
2017,17000,石川県,金沢市,保健医療,130375
2017,17000,石川県,金沢市,交通・通信,618860
2017,17000,石川県,金沢市,教育,218862
2017,17000,石川県,金沢市,教養娯楽,411456
2017,17000,石川県,金沢市,その他の消費支出,812768
2017,18000,福井県,福井市,食料,980108
2017,18000,福井県,福井市,住居,138763
2017,18000,福井県,福井市,光熱・水道,281400
2017,18000,福井県,福井市,家具・家事用品,118460
2017,18000,福井県,福井市,被服及び履物,120947
2017,18000,福井県,福井市,保健医療,134916
2017,18000,福井県,福井市,交通・通信,414452
2017,18000,福井県,福井市,教育,93870
2017,18000,福井県,福井市,教養娯楽,336838
2017,18000,福井県,福井市,その他の消費支出,574521
2017,19000,山梨県,甲府市,食料,956121
2017,19000,山梨県,甲府市,住居,184892
2017,19000,山梨県,甲府市,光熱・水道,258943
2017,19000,山梨県,甲府市,家具・家事用品,117702
2017,19000,山梨県,甲府市,被服及び履物,154580
2017,19000,山梨県,甲府市,保健医療,153831
2017,19000,山梨県,甲府市,交通・通信,474679
2017,19000,山梨県,甲府市,教育,109863
2017,19000,山梨県,甲府市,教養娯楽,351600
2017,19000,山梨県,甲府市,その他の消費支出,690223
2017,20000,長野県,長野市,食料,872530
2017,20000,長野県,長野市,住居,257050
2017,20000,長野県,長野市,光熱・水道,289929
2017,20000,長野県,長野市,家具・家事用品,142779
2017,20000,長野県,長野市,被服及び履物,131786
2017,20000,長野県,長野市,保健医療,163124
2017,20000,長野県,長野市,交通・通信,543876
2017,20000,長野県,長野市,教育,67991
2017,20000,長野県,長野市,教養娯楽,315687
2017,20000,長野県,長野市,その他の消費支出,561696
2017,21000,岐阜県,岐阜市,食料,943006
2017,21000,岐阜県,岐阜市,住居,174805
2017,21000,岐阜県,岐阜市,光熱・水道,272120
2017,21000,岐阜県,岐阜市,家具・家事用品,135967
2017,21000,岐阜県,岐阜市,被服及び履物,153017
2017,21000,岐阜県,岐阜市,保健医療,152686
2017,21000,岐阜県,岐阜市,交通・通信,605615
2017,21000,岐阜県,岐阜市,教育,215289
2017,21000,岐阜県,岐阜市,教養娯楽,383374
2017,21000,岐阜県,岐阜市,その他の消費支出,603675
2017,22000,静岡県,静岡市,食料,987681
2017,22000,静岡県,静岡市,住居,257365
2017,22000,静岡県,静岡市,光熱・水道,260270
2017,22000,静岡県,静岡市,家具・家事用品,120740
2017,22000,静岡県,静岡市,被服及び履物,130070
2017,22000,静岡県,静岡市,保健医療,138291
2017,22000,静岡県,静岡市,交通・通信,416433
2017,22000,静岡県,静岡市,教育,127238
2017,22000,静岡県,静岡市,教養娯楽,326682
2017,22000,静岡県,静岡市,その他の消費支出,618770
2017,23000,愛知県,名古屋市,食料,1032060
2017,23000,愛知県,名古屋市,住居,251664
2017,23000,愛知県,名古屋市,光熱・水道,246418
2017,23000,愛知県,名古屋市,家具・家事用品,130687
2017,23000,愛知県,名古屋市,被服及び履物,158984
2017,23000,愛知県,名古屋市,保健医療,162541
2017,23000,愛知県,名古屋市,交通・通信,503302
2017,23000,愛知県,名古屋市,教育,126801
2017,23000,愛知県,名古屋市,教養娯楽,410170
2017,23000,愛知県,名古屋市,その他の消費支出,579712
2017,24000,三重県,津市,食料,951464
2017,24000,三重県,津市,住居,161351
2017,24000,三重県,津市,光熱・水道,239857
2017,24000,三重県,津市,家具・家事用品,148114
2017,24000,三重県,津市,被服及び履物,156970
2017,24000,三重県,津市,保健医療,154594
2017,24000,三重県,津市,交通・通信,461166
2017,24000,三重県,津市,教育,207249
2017,24000,三重県,津市,教養娯楽,362280
2017,24000,三重県,津市,その他の消費支出,682840
2017,25000,滋賀県,大津市,食料,1012423
2017,25000,滋賀県,大津市,住居,158544
2017,25000,滋賀県,大津市,光熱・水道,276426
2017,25000,滋賀県,大津市,家具・家事用品,164022
2017,25000,滋賀県,大津市,被服及び履物,140281
2017,25000,滋賀県,大津市,保健医療,143176
2017,25000,滋賀県,大津市,交通・通信,472855
2017,25000,滋賀県,大津市,教育,136199
2017,25000,滋賀県,大津市,教養娯楽,370388
2017,25000,滋賀県,大津市,その他の消費支出,520198
2017,26000,京都府,京都市,食料,970215
2017,26000,京都府,京都市,住居,167645
2017,26000,京都府,京都市,光熱・水道,244621
2017,26000,京都府,京都市,家具・家事用品,111971
2017,26000,京都府,京都市,被服及び履物,107885
2017,26000,京都府,京都市,保健医療,156466
2017,26000,京都府,京都市,交通・通信,353217
2017,26000,京都府,京都市,教育,107659
2017,26000,京都府,京都市,教養娯楽,297095
2017,26000,京都府,京都市,その他の消費支出,479679
2017,27000,大阪府,大阪市,食料,951978
2017,27000,大阪府,大阪市,住居,240653
2017,27000,大阪府,大阪市,光熱・水道,245207
2017,27000,大阪府,大阪市,家具・家事用品,104347
2017,27000,大阪府,大阪市,被服及び履物,116358
2017,27000,大阪府,大阪市,保健医療,169590
2017,27000,大阪府,大阪市,交通・通信,339173
2017,27000,大阪府,大阪市,教育,119999
2017,27000,大阪府,大阪市,教養娯楽,328607
2017,27000,大阪府,大阪市,その他の消費支出,513859
2017,28000,兵庫県,神戸市,食料,914950
2017,28000,兵庫県,神戸市,住居,148050
2017,28000,兵庫県,神戸市,光熱・水道,189171
2017,28000,兵庫県,神戸市,家具・家事用品,115704
2017,28000,兵庫県,神戸市,被服及び履物,132832
2017,28000,兵庫県,神戸市,保健医療,117777
2017,28000,兵庫県,神戸市,交通・通信,375577
2017,28000,兵庫県,神戸市,教育,51177
2017,28000,兵庫県,神戸市,教養娯楽,310409
2017,28000,兵庫県,神戸市,その他の消費支出,467203
2017,29000,奈良県,奈良市,食料,972255
2017,29000,奈良県,奈良市,住居,158442
2017,29000,奈良県,奈良市,光熱・水道,274268
2017,29000,奈良県,奈良市,家具・家事用品,132394
2017,29000,奈良県,奈良市,被服及び履物,156790
2017,29000,奈良県,奈良市,保健医療,169267
2017,29000,奈良県,奈良市,交通・通信,463913
2017,29000,奈良県,奈良市,教育,266261
2017,29000,奈良県,奈良市,教養娯楽,418864
2017,29000,奈良県,奈良市,その他の消費支出,633522
2017,30000,和歌山県,和歌山市,食料,892553
2017,30000,和歌山県,和歌山市,住居,159189
2017,30000,和歌山県,和歌山市,光熱・水道,252688
2017,30000,和歌山県,和歌山市,家具・家事用品,111941
2017,30000,和歌山県,和歌山市,被服及び履物,114669
2017,30000,和歌山県,和歌山市,保健医療,113191
2017,30000,和歌山県,和歌山市,交通・通信,374635
2017,30000,和歌山県,和歌山市,教育,66058
2017,30000,和歌山県,和歌山市,教養娯楽,284266
2017,30000,和歌山県,和歌山市,その他の消費支出,497696
2017,31000,鳥取県,鳥取市,食料,873503
2017,31000,鳥取県,鳥取市,住居,227930
2017,31000,鳥取県,鳥取市,光熱・水道,241309
2017,31000,鳥取県,鳥取市,家具・家事用品,117636
2017,31000,鳥取県,鳥取市,被服及び履物,111926
2017,31000,鳥取県,鳥取市,保健医療,125408
2017,31000,鳥取県,鳥取市,交通・通信,553738
2017,31000,鳥取県,鳥取市,教育,65195
2017,31000,鳥取県,鳥取市,教養娯楽,274116
2017,31000,鳥取県,鳥取市,その他の消費支出,499629
2017,32000,島根県,松江市,食料,960783
2017,32000,島根県,松江市,住居,230874
2017,32000,島根県,松江市,光熱・水道,306307
2017,32000,島根県,松江市,家具・家事用品,132790
2017,32000,島根県,松江市,被服及び履物,127431
2017,32000,島根県,松江市,保健医療,145991
2017,32000,島根県,松江市,交通・通信,533123
2017,32000,島根県,松江市,教育,86327
2017,32000,島根県,松江市,教養娯楽,339630
2017,32000,島根県,松江市,その他の消費支出,661396
2017,33000,岡山県,岡山市,食料,959906
2017,33000,岡山県,岡山市,住居,195542
2017,33000,岡山県,岡山市,光熱・水道,263184
2017,33000,岡山県,岡山市,家具・家事用品,134625
2017,33000,岡山県,岡山市,被服及び履物,144803
2017,33000,岡山県,岡山市,保健医療,192521
2017,33000,岡山県,岡山市,交通・通信,568545
2017,33000,岡山県,岡山市,教育,156984
2017,33000,岡山県,岡山市,教養娯楽,350596
2017,33000,岡山県,岡山市,その他の消費支出,698955
2017,34000,広島県,広島市,食料,991618
2017,34000,広島県,広島市,住居,202224
2017,34000,広島県,広島市,光熱・水道,248894
2017,34000,広島県,広島市,家具・家事用品,134600
2017,34000,広島県,広島市,被服及び履物,149358
2017,34000,広島県,広島市,保健医療,149971
2017,34000,広島県,広島市,交通・通信,579040
2017,34000,広島県,広島市,教育,175342
2017,34000,広島県,広島市,教養娯楽,360409
2017,34000,広島県,広島市,その他の消費支出,646116
2017,35000,山口県,山口市,食料,858594
2017,35000,山口県,山口市,住居,229725
2017,35000,山口県,山口市,光熱・水道,258482
2017,35000,山口県,山口市,家具・家事用品,133936
2017,35000,山口県,山口市,被服及び履物,130772
2017,35000,山口県,山口市,保健医療,157719
2017,35000,山口県,山口市,交通・通信,625298
2017,35000,山口県,山口市,教育,98798
2017,35000,山口県,山口市,教養娯楽,341425
2017,35000,山口県,山口市,その他の消費支出,637286
2017,36000,徳島県,徳島市,食料,873564
2017,36000,徳島県,徳島市,住居,157721
2017,36000,徳島県,徳島市,光熱・水道,247798
2017,36000,徳島県,徳島市,家具・家事用品,140768
2017,36000,徳島県,徳島市,被服及び履物,161475
2017,36000,徳島県,徳島市,保健医療,127560
2017,36000,徳島県,徳島市,交通・通信,367121
2017,36000,徳島県,徳島市,教育,151856
2017,36000,徳島県,徳島市,教養娯楽,369278
2017,36000,徳島県,徳島市,その他の消費支出,688876
2017,37000,香川県,高松市,食料,882431
2017,37000,香川県,高松市,住居,208814
2017,37000,香川県,高松市,光熱・水道,253889
2017,37000,香川県,高松市,家具・家事用品,126722
2017,37000,香川県,高松市,被服及び履物,131085
2017,37000,香川県,高松市,保健医療,171840
2017,37000,香川県,高松市,交通・通信,594817
2017,37000,香川県,高松市,教育,94092
2017,37000,香川県,高松市,教養娯楽,351737
2017,37000,香川県,高松市,その他の消費支出,776455
2017,38000,愛媛県,松山市,食料,864251
2017,38000,愛媛県,松山市,住居,184436
2017,38000,愛媛県,松山市,光熱・水道,245070
2017,38000,愛媛県,松山市,家具・家事用品,134745
2017,38000,愛媛県,松山市,被服及び履物,133747
2017,38000,愛媛県,松山市,保健医療,117724
2017,38000,愛媛県,松山市,交通・通信,385676
2017,38000,愛媛県,松山市,教育,157550
2017,38000,愛媛県,松山市,教養娯楽,287469
2017,38000,愛媛県,松山市,その他の消費支出,563254
2017,39000,高知県,高知市,食料,935301
2017,39000,高知県,高知市,住居,220011
2017,39000,高知県,高知市,光熱・水道,255305
2017,39000,高知県,高知市,家具・家事用品,131585
2017,39000,高知県,高知市,被服及び履物,121545
2017,39000,高知県,高知市,保健医療,150262
2017,39000,高知県,高知市,交通・通信,465787
2017,39000,高知県,高知市,教育,143974
2017,39000,高知県,高知市,教養娯楽,343013
2017,39000,高知県,高知市,その他の消費支出,650851
2017,40000,福岡県,福岡市,食料,967117
2017,40000,福岡県,福岡市,住居,239366
2017,40000,福岡県,福岡市,光熱・水道,245886
2017,40000,福岡県,福岡市,家具・家事用品,172190
2017,40000,福岡県,福岡市,被服及び履物,174905
2017,40000,福岡県,福岡市,保健医療,149897
2017,40000,福岡県,福岡市,交通・通信,600606
2017,40000,福岡県,福岡市,教育,132769
2017,40000,福岡県,福岡市,教養娯楽,436541
2017,40000,福岡県,福岡市,その他の消費支出,712767
2017,41000,佐賀県,佐賀市,食料,905500
2017,41000,佐賀県,佐賀市,住居,254048
2017,41000,佐賀県,佐賀市,光熱・水道,262349
2017,41000,佐賀県,佐賀市,家具・家事用品,118529
2017,41000,佐賀県,佐賀市,被服及び履物,140997
2017,41000,佐賀県,佐賀市,保健医療,168767
2017,41000,佐賀県,佐賀市,交通・通信,606878
2017,41000,佐賀県,佐賀市,教育,125958
2017,41000,佐賀県,佐賀市,教養娯楽,381429
2017,41000,佐賀県,佐賀市,その他の消費支出,725615
2017,42000,長崎県,長崎市,食料,919767
2017,42000,長崎県,長崎市,住居,212342
2017,42000,長崎県,長崎市,光熱・水道,270197
2017,42000,長崎県,長崎市,家具・家事用品,109454
2017,42000,長崎県,長崎市,被服及び履物,128524
2017,42000,長崎県,長崎市,保健医療,135269
2017,42000,長崎県,長崎市,交通・通信,423536
2017,42000,長崎県,長崎市,教育,80215
2017,42000,長崎県,長崎市,教養娯楽,250601
2017,42000,長崎県,長崎市,その他の消費支出,654693
2017,43000,熊本県,熊本市,食料,879408
2017,43000,熊本県,熊本市,住居,240634
2017,43000,熊本県,熊本市,光熱・水道,248303
2017,43000,熊本県,熊本市,家具・家事用品,153398
2017,43000,熊本県,熊本市,被服及び履物,135816
2017,43000,熊本県,熊本市,保健医療,134858
2017,43000,熊本県,熊本市,交通・通信,421551
2017,43000,熊本県,熊本市,教育,150675
2017,43000,熊本県,熊本市,教養娯楽,325298
2017,43000,熊本県,熊本市,その他の消費支出,681702
2017,44000,大分県,大分市,食料,883631
2017,44000,大分県,大分市,住居,204225
2017,44000,大分県,大分市,光熱・水道,231427
2017,44000,大分県,大分市,家具・家事用品,163267
2017,44000,大分県,大分市,被服及び履物,198724
2017,44000,大分県,大分市,保健医療,143393
2017,44000,大分県,大分市,交通・通信,486024
2017,44000,大分県,大分市,教育,92178
2017,44000,大分県,大分市,教養娯楽,380913
2017,44000,大分県,大分市,その他の消費支出,669172
2017,45000,宮崎県,宮崎市,食料,865061
2017,45000,宮崎県,宮崎市,住居,177114
2017,45000,宮崎県,宮崎市,光熱・水道,212568
2017,45000,宮崎県,宮崎市,家具・家事用品,116942
2017,45000,宮崎県,宮崎市,被服及び履物,117213
2017,45000,宮崎県,宮崎市,保健医療,148054
2017,45000,宮崎県,宮崎市,交通・通信,502080
2017,45000,宮崎県,宮崎市,教育,93805
2017,45000,宮崎県,宮崎市,教養娯楽,301391
2017,45000,宮崎県,宮崎市,その他の消費支出,667977
2017,46000,鹿児島県,鹿児島市,食料,881290
2017,46000,鹿児島県,鹿児島市,住居,205510
2017,46000,鹿児島県,鹿児島市,光熱・水道,222552
2017,46000,鹿児島県,鹿児島市,家具・家事用品,131103
2017,46000,鹿児島県,鹿児島市,被服及び履物,136314
2017,46000,鹿児島県,鹿児島市,保健医療,155231
2017,46000,鹿児島県,鹿児島市,交通・通信,466881
2017,46000,鹿児島県,鹿児島市,教育,78074
2017,46000,鹿児島県,鹿児島市,教養娯楽,289393
2017,46000,鹿児島県,鹿児島市,その他の消費支出,717582
2017,47000,沖縄県,那覇市,食料,807588
2017,47000,沖縄県,那覇市,住居,245053
2017,47000,沖縄県,那覇市,光熱・水道,237783
2017,47000,沖縄県,那覇市,家具・家事用品,102718
2017,47000,沖縄県,那覇市,被服及び履物,90151
2017,47000,沖縄県,那覇市,保健医療,129697
2017,47000,沖縄県,那覇市,交通・通信,394732
2017,47000,沖縄県,那覇市,教育,110023
2017,47000,沖縄県,那覇市,教養娯楽,231850
2017,47000,沖縄県,那覇市,その他の消費支出,446677
2018,01000,北海道,札幌市,食料,893082
2018,01000,北海道,札幌市,住居,229074
2018,01000,北海道,札幌市,光熱・水道,324156
2018,01000,北海道,札幌市,家具・家事用品,109164
2018,01000,北海道,札幌市,被服及び履物,144473
2018,01000,北海道,札幌市,保健医療,138675
2018,01000,北海道,札幌市,交通・通信,472417
2018,01000,北海道,札幌市,教育,129902
2018,01000,北海道,札幌市,教養娯楽,340930
2018,01000,北海道,札幌市,その他の消費支出,590779
2018,02000,青森県,青森市,食料,890844
2018,02000,青森県,青森市,住居,211870
2018,02000,青森県,青森市,光熱・水道,341377
2018,02000,青森県,青森市,家具・家事用品,109818
2018,02000,青森県,青森市,被服及び履物,105243
2018,02000,青森県,青森市,保健医療,134825
2018,02000,青森県,青森市,交通・通信,456674
2018,02000,青森県,青森市,教育,58056
2018,02000,青森県,青森市,教養娯楽,253001
2018,02000,青森県,青森市,その他の消費支出,455800
2018,03000,岩手県,盛岡市,食料,963319
2018,03000,岩手県,盛岡市,住居,137524
2018,03000,岩手県,盛岡市,光熱・水道,310469
2018,03000,岩手県,盛岡市,家具・家事用品,115957
2018,03000,岩手県,盛岡市,被服及び履物,131491
2018,03000,岩手県,盛岡市,保健医療,149414
2018,03000,岩手県,盛岡市,交通・通信,577984
2018,03000,岩手県,盛岡市,教育,95081
2018,03000,岩手県,盛岡市,教養娯楽,323332
2018,03000,岩手県,盛岡市,その他の消費支出,635946
2018,04000,宮城県,仙台市,食料,941483
2018,04000,宮城県,仙台市,住居,222882
2018,04000,宮城県,仙台市,光熱・水道,278183
2018,04000,宮城県,仙台市,家具・家事用品,115857
2018,04000,宮城県,仙台市,被服及び履物,135367
2018,04000,宮城県,仙台市,保健医療,151672
2018,04000,宮城県,仙台市,交通・通信,421870
2018,04000,宮城県,仙台市,教育,153139
2018,04000,宮城県,仙台市,教養娯楽,334289
2018,04000,宮城県,仙台市,その他の消費支出,540283
2018,05000,秋田県,秋田市,食料,919370
2018,05000,秋田県,秋田市,住居,142229
2018,05000,秋田県,秋田市,光熱・水道,314486
2018,05000,秋田県,秋田市,家具・家事用品,119067
2018,05000,秋田県,秋田市,被服及び履物,112510
2018,05000,秋田県,秋田市,保健医療,124777
2018,05000,秋田県,秋田市,交通・通信,588154
2018,05000,秋田県,秋田市,教育,93844
2018,05000,秋田県,秋田市,教養娯楽,306194
2018,05000,秋田県,秋田市,その他の消費支出,640067
2018,06000,山形県,山形市,食料,958712
2018,06000,山形県,山形市,住居,178096
2018,06000,山形県,山形市,光熱・水道,348056
2018,06000,山形県,山形市,家具・家事用品,125813
2018,06000,山形県,山形市,被服及び履物,131604
2018,06000,山形県,山形市,保健医療,175260
2018,06000,山形県,山形市,交通・通信,579043
2018,06000,山形県,山形市,教育,132593
2018,06000,山形県,山形市,教養娯楽,317306
2018,06000,山形県,山形市,その他の消費支出,719176
2018,07000,福島県,福島市,食料,928386
2018,07000,福島県,福島市,住居,217497
2018,07000,福島県,福島市,光熱・水道,302215
2018,07000,福島県,福島市,家具・家事用品,134378
2018,07000,福島県,福島市,被服及び履物,132814
2018,07000,福島県,福島市,保健医療,140093
2018,07000,福島県,福島市,交通・通信,499244
2018,07000,福島県,福島市,教育,155311
2018,07000,福島県,福島市,教養娯楽,328555
2018,07000,福島県,福島市,その他の消費支出,577410
2018,08000,茨城県,水戸市,食料,934098
2018,08000,茨城県,水戸市,住居,152408
2018,08000,茨城県,水戸市,光熱・水道,265807
2018,08000,茨城県,水戸市,家具・家事用品,126590
2018,08000,茨城県,水戸市,被服及び履物,136809
2018,08000,茨城県,水戸市,保健医療,160194
2018,08000,茨城県,水戸市,交通・通信,514685
2018,08000,茨城県,水戸市,教育,92240
2018,08000,茨城県,水戸市,教養娯楽,368114
2018,08000,茨城県,水戸市,その他の消費支出,736482
2018,09000,栃木県,宇都宮市,食料,967570
2018,09000,栃木県,宇都宮市,住居,206428
2018,09000,栃木県,宇都宮市,光熱・水道,268651
2018,09000,栃木県,宇都宮市,家具・家事用品,134014
2018,09000,栃木県,宇都宮市,被服及び履物,140060
2018,09000,栃木県,宇都宮市,保健医療,156255
2018,09000,栃木県,宇都宮市,交通・通信,555394
2018,09000,栃木県,宇都宮市,教育,134393
2018,09000,栃木県,宇都宮市,教養娯楽,392104
2018,09000,栃木県,宇都宮市,その他の消費支出,722415
2018,10000,群馬県,前橋市,食料,901904
2018,10000,群馬県,前橋市,住居,159168
2018,10000,群馬県,前橋市,光熱・水道,224671
2018,10000,群馬県,前橋市,家具・家事用品,132643
2018,10000,群馬県,前橋市,被服及び履物,122473
2018,10000,群馬県,前橋市,保健医療,164935
2018,10000,群馬県,前橋市,交通・通信,595205
2018,10000,群馬県,前橋市,教育,69366
2018,10000,群馬県,前橋市,教養娯楽,295059
2018,10000,群馬県,前橋市,その他の消費支出,525057
2018,11000,埼玉県,さいたま市,食料,1042064
2018,11000,埼玉県,さいたま市,住居,225997
2018,11000,埼玉県,さいたま市,光熱・水道,280519
2018,11000,埼玉県,さいたま市,家具・家事用品,134573
2018,11000,埼玉県,さいたま市,被服及び履物,171289
2018,11000,埼玉県,さいたま市,保健医療,177804
2018,11000,埼玉県,さいたま市,交通・通信,562442
2018,11000,埼玉県,さいたま市,教育,272128
2018,11000,埼玉県,さいたま市,教養娯楽,419046
2018,11000,埼玉県,さいたま市,その他の消費支出,601307
2018,12000,千葉県,千葉市,食料,1078992
2018,12000,千葉県,千葉市,住居,176444
2018,12000,千葉県,千葉市,光熱・水道,275282
2018,12000,千葉県,千葉市,家具・家事用品,135246
2018,12000,千葉県,千葉市,被服及び履物,153963
2018,12000,千葉県,千葉市,保健医療,169574
2018,12000,千葉県,千葉市,交通・通信,577538
2018,12000,千葉県,千葉市,教育,253931
2018,12000,千葉県,千葉市,教養娯楽,433837
2018,12000,千葉県,千葉市,その他の消費支出,590552
2018,13000,東京都,東京,食料,1117304
2018,13000,東京都,東京,住居,326038
2018,13000,東京都,東京,光熱・水道,257983
2018,13000,東京都,東京,家具・家事用品,123047
2018,13000,東京都,東京,被服及び履物,174275
2018,13000,東京都,東京,保健医療,195671
2018,13000,東京都,東京,交通・通信,411917
2018,13000,東京都,東京,教育,265833
2018,13000,東京都,東京,教養娯楽,453910
2018,13000,東京都,東京,その他の消費支出,588772
2018,14000,神奈川県,横浜市,食料,1036897
2018,14000,神奈川県,横浜市,住居,315767
2018,14000,神奈川県,横浜市,光熱・水道,232535
2018,14000,神奈川県,横浜市,家具・家事用品,126101
2018,14000,神奈川県,横浜市,被服及び履物,159527
2018,14000,神奈川県,横浜市,保健医療,192937
2018,14000,神奈川県,横浜市,交通・通信,397455
2018,14000,神奈川県,横浜市,教育,170073
2018,14000,神奈川県,横浜市,教養娯楽,422878
2018,14000,神奈川県,横浜市,その他の消費支出,560674
2018,15000,新潟県,新潟市,食料,966479
2018,15000,新潟県,新潟市,住居,123651
2018,15000,新潟県,新潟市,光熱・水道,318780
2018,15000,新潟県,新潟市,家具・家事用品,112301
2018,15000,新潟県,新潟市,被服及び履物,111573
2018,15000,新潟県,新潟市,保健医療,147846
2018,15000,新潟県,新潟市,交通・通信,647712
2018,15000,新潟県,新潟市,教育,104100
2018,15000,新潟県,新潟市,教養娯楽,327607
2018,15000,新潟県,新潟市,その他の消費支出,633849
2018,16000,富山県,富山市,食料,1061144
2018,16000,富山県,富山市,住居,143148
2018,16000,富山県,富山市,光熱・水道,331439
2018,16000,富山県,富山市,家具・家事用品,146189
2018,16000,富山県,富山市,被服及び履物,131596
2018,16000,富山県,富山市,保健医療,155901
2018,16000,富山県,富山市,交通・通信,672260
2018,16000,富山県,富山市,教育,159954
2018,16000,富山県,富山市,教養娯楽,365975
2018,16000,富山県,富山市,その他の消費支出,725634
2018,17000,石川県,金沢市,食料,1009000
2018,17000,石川県,金沢市,住居,218542
2018,17000,石川県,金沢市,光熱・水道,317855
2018,17000,石川県,金沢市,家具・家事用品,156709
2018,17000,石川県,金沢市,被服及び履物,169983
2018,17000,石川県,金沢市,保健医療,164171
2018,17000,石川県,金沢市,交通・通信,740371
2018,17000,石川県,金沢市,教育,237709
2018,17000,石川県,金沢市,教養娯楽,390099
2018,17000,石川県,金沢市,その他の消費支出,665662
2018,18000,福井県,福井市,食料,953432
2018,18000,福井県,福井市,住居,143239
2018,18000,福井県,福井市,光熱・水道,299147
2018,18000,福井県,福井市,家具・家事用品,107961
2018,18000,福井県,福井市,被服及び履物,138372
2018,18000,福井県,福井市,保健医療,125250
2018,18000,福井県,福井市,交通・通信,540544
2018,18000,福井県,福井市,教育,112100
2018,18000,福井県,福井市,教養娯楽,327028
2018,18000,福井県,福井市,その他の消費支出,653150
2018,19000,山梨県,甲府市,食料,930343
2018,19000,山梨県,甲府市,住居,109259
2018,19000,山梨県,甲府市,光熱・水道,273336
2018,19000,山梨県,甲府市,家具・家事用品,111646
2018,19000,山梨県,甲府市,被服及び履物,122357
2018,19000,山梨県,甲府市,保健医療,130787
2018,19000,山梨県,甲府市,交通・通信,469011
2018,19000,山梨県,甲府市,教育,117813
2018,19000,山梨県,甲府市,教養娯楽,299879
2018,19000,山梨県,甲府市,その他の消費支出,712477
2018,20000,長野県,長野市,食料,926326
2018,20000,長野県,長野市,住居,138437
2018,20000,長野県,長野市,光熱・水道,298331
2018,20000,長野県,長野市,家具・家事用品,151612
2018,20000,長野県,長野市,被服及び履物,128771
2018,20000,長野県,長野市,保健医療,151927
2018,20000,長野県,長野市,交通・通信,607473
2018,20000,長野県,長野市,教育,83804
2018,20000,長野県,長野市,教養娯楽,344344
2018,20000,長野県,長野市,その他の消費支出,629929
2018,21000,岐阜県,岐阜市,食料,997596
2018,21000,岐阜県,岐阜市,住居,195579
2018,21000,岐阜県,岐阜市,光熱・水道,272248
2018,21000,岐阜県,岐阜市,家具・家事用品,134859
2018,21000,岐阜県,岐阜市,被服及び履物,163234
2018,21000,岐阜県,岐阜市,保健医療,161735
2018,21000,岐阜県,岐阜市,交通・通信,663152
2018,21000,岐阜県,岐阜市,教育,188652
2018,21000,岐阜県,岐阜市,教養娯楽,409837
2018,21000,岐阜県,岐阜市,その他の消費支出,679060
2018,22000,静岡県,静岡市,食料,1039277
2018,22000,静岡県,静岡市,住居,192302
2018,22000,静岡県,静岡市,光熱・水道,277275
2018,22000,静岡県,静岡市,家具・家事用品,117227
2018,22000,静岡県,静岡市,被服及び履物,138815
2018,22000,静岡県,静岡市,保健医療,171438
2018,22000,静岡県,静岡市,交通・通信,602687
2018,22000,静岡県,静岡市,教育,148821
2018,22000,静岡県,静岡市,教養娯楽,299659
2018,22000,静岡県,静岡市,その他の消費支出,695777
2018,23000,愛知県,名古屋市,食料,963590
2018,23000,愛知県,名古屋市,住居,198108
2018,23000,愛知県,名古屋市,光熱・水道,246956
2018,23000,愛知県,名古屋市,家具・家事用品,145144
2018,23000,愛知県,名古屋市,被服及び履物,147579
2018,23000,愛知県,名古屋市,保健医療,165615
2018,23000,愛知県,名古屋市,交通・通信,530376
2018,23000,愛知県,名古屋市,教育,130512
2018,23000,愛知県,名古屋市,教養娯楽,375185
2018,23000,愛知県,名古屋市,その他の消費支出,530691
2018,24000,三重県,津市,食料,975519
2018,24000,三重県,津市,住居,204016
2018,24000,三重県,津市,光熱・水道,244436
2018,24000,三重県,津市,家具・家事用品,166892
2018,24000,三重県,津市,被服及び履物,141371
2018,24000,三重県,津市,保健医療,172440
2018,24000,三重県,津市,交通・通信,443175
2018,24000,三重県,津市,教育,93381
2018,24000,三重県,津市,教養娯楽,384891
2018,24000,三重県,津市,その他の消費支出,575197
2018,25000,滋賀県,大津市,食料,1008064
2018,25000,滋賀県,大津市,住居,129347
2018,25000,滋賀県,大津市,光熱・水道,269180
2018,25000,滋賀県,大津市,家具・家事用品,139024
2018,25000,滋賀県,大津市,被服及び履物,132796
2018,25000,滋賀県,大津市,保健医療,158087
2018,25000,滋賀県,大津市,交通・通信,429414
2018,25000,滋賀県,大津市,教育,145568
2018,25000,滋賀県,大津市,教養娯楽,362157
2018,25000,滋賀県,大津市,その他の消費支出,544776
2018,26000,京都府,京都市,食料,1004649
2018,26000,京都府,京都市,住居,158480
2018,26000,京都府,京都市,光熱・水道,257899
2018,26000,京都府,京都市,家具・家事用品,136169
2018,26000,京都府,京都市,被服及び履物,138182
2018,26000,京都府,京都市,保健医療,147091
2018,26000,京都府,京都市,交通・通信,446414
2018,26000,京都府,京都市,教育,90206
2018,26000,京都府,京都市,教養娯楽,396388
2018,26000,京都府,京都市,その他の消費支出,601328
2018,27000,大阪府,大阪市,食料,1018324
2018,27000,大阪府,大阪市,住居,184862
2018,27000,大阪府,大阪市,光熱・水道,259308
2018,27000,大阪府,大阪市,家具・家事用品,114841
2018,27000,大阪府,大阪市,被服及び履物,137632
2018,27000,大阪府,大阪市,保健医療,153954
2018,27000,大阪府,大阪市,交通・通信,372235
2018,27000,大阪府,大阪市,教育,145657
2018,27000,大阪府,大阪市,教養娯楽,345511
2018,27000,大阪府,大阪市,その他の消費支出,492889
2018,28000,兵庫県,神戸市,食料,961367
2018,28000,兵庫県,神戸市,住居,329593
2018,28000,兵庫県,神戸市,光熱・水道,204050
2018,28000,兵庫県,神戸市,家具・家事用品,119525
2018,28000,兵庫県,神戸市,被服及び履物,142467
2018,28000,兵庫県,神戸市,保健医療,158164
2018,28000,兵庫県,神戸市,交通・通信,349508
2018,28000,兵庫県,神戸市,教育,117607
2018,28000,兵庫県,神戸市,教養娯楽,319565
2018,28000,兵庫県,神戸市,その他の消費支出,670136
2018,29000,奈良県,奈良市,食料,1030566
2018,29000,奈良県,奈良市,住居,206348
2018,29000,奈良県,奈良市,光熱・水道,267864
2018,29000,奈良県,奈良市,家具・家事用品,148869
2018,29000,奈良県,奈良市,被服及び履物,169240
2018,29000,奈良県,奈良市,保健医療,188956
2018,29000,奈良県,奈良市,交通・通信,525158
2018,29000,奈良県,奈良市,教育,166004
2018,29000,奈良県,奈良市,教養娯楽,424431
2018,29000,奈良県,奈良市,その他の消費支出,561457
2018,30000,和歌山県,和歌山市,食料,852941
2018,30000,和歌山県,和歌山市,住居,109415
2018,30000,和歌山県,和歌山市,光熱・水道,252991
2018,30000,和歌山県,和歌山市,家具・家事用品,88307
2018,30000,和歌山県,和歌山市,被服及び履物,99362
2018,30000,和歌山県,和歌山市,保健医療,144972
2018,30000,和歌山県,和歌山市,交通・通信,333022
2018,30000,和歌山県,和歌山市,教育,44363
2018,30000,和歌山県,和歌山市,教養娯楽,305884
2018,30000,和歌山県,和歌山市,その他の消費支出,466985
2018,31000,鳥取県,鳥取市,食料,906974
2018,31000,鳥取県,鳥取市,住居,176058
2018,31000,鳥取県,鳥取市,光熱・水道,270928
2018,31000,鳥取県,鳥取市,家具・家事用品,135815
2018,31000,鳥取県,鳥取市,被服及び履物,117580
2018,31000,鳥取県,鳥取市,保健医療,128688
2018,31000,鳥取県,鳥取市,交通・通信,437265
2018,31000,鳥取県,鳥取市,教育,98626
2018,31000,鳥取県,鳥取市,教養娯楽,309375
2018,31000,鳥取県,鳥取市,その他の消費支出,622150
2018,32000,島根県,松江市,食料,954200
2018,32000,島根県,松江市,住居,237513
2018,32000,島根県,松江市,光熱・水道,298608
2018,32000,島根県,松江市,家具・家事用品,145211
2018,32000,島根県,松江市,被服及び履物,136573
2018,32000,島根県,松江市,保健医療,158298
2018,32000,島根県,松江市,交通・通信,585515
2018,32000,島根県,松江市,教育,147602
2018,32000,島根県,松江市,教養娯楽,381327
2018,32000,島根県,松江市,その他の消費支出,715025
2018,33000,岡山県,岡山市,食料,893087
2018,33000,岡山県,岡山市,住居,206791
2018,33000,岡山県,岡山市,光熱・水道,268910
2018,33000,岡山県,岡山市,家具・家事用品,134380
2018,33000,岡山県,岡山市,被服及び履物,136615
2018,33000,岡山県,岡山市,保健医療,186710
2018,33000,岡山県,岡山市,交通・通信,466852
2018,33000,岡山県,岡山市,教育,189181
2018,33000,岡山県,岡山市,教養娯楽,318191
2018,33000,岡山県,岡山市,その他の消費支出,690262
2018,34000,広島県,広島市,食料,957488
2018,34000,広島県,広島市,住居,200183
2018,34000,広島県,広島市,光熱・水道,253487
2018,34000,広島県,広島市,家具・家事用品,135493
2018,34000,広島県,広島市,被服及び履物,147807
2018,34000,広島県,広島市,保健医療,152283
2018,34000,広島県,広島市,交通・通信,493342
2018,34000,広島県,広島市,教育,114735
2018,34000,広島県,広島市,教養娯楽,354701
2018,34000,広島県,広島市,その他の消費支出,578170
2018,35000,山口県,山口市,食料,871899
2018,35000,山口県,山口市,住居,198708
2018,35000,山口県,山口市,光熱・水道,256658
2018,35000,山口県,山口市,家具・家事用品,127541
2018,35000,山口県,山口市,被服及び履物,117396
2018,35000,山口県,山口市,保健医療,165176
2018,35000,山口県,山口市,交通・通信,612092
2018,35000,山口県,山口市,教育,114387
2018,35000,山口県,山口市,教養娯楽,301385
2018,35000,山口県,山口市,その他の消費支出,643030
2018,36000,徳島県,徳島市,食料,889681
2018,36000,徳島県,徳島市,住居,209735
2018,36000,徳島県,徳島市,光熱・水道,257740
2018,36000,徳島県,徳島市,家具・家事用品,130974
2018,36000,徳島県,徳島市,被服及び履物,140625
2018,36000,徳島県,徳島市,保健医療,124595
2018,36000,徳島県,徳島市,交通・通信,478703
2018,36000,徳島県,徳島市,教育,116470
2018,36000,徳島県,徳島市,教養娯楽,369582
2018,36000,徳島県,徳島市,その他の消費支出,674680
2018,37000,香川県,高松市,食料,937950
2018,37000,香川県,高松市,住居,218984
2018,37000,香川県,高松市,光熱・水道,261739
2018,37000,香川県,高松市,家具・家事用品,159159
2018,37000,香川県,高松市,被服及び履物,130315
2018,37000,香川県,高松市,保健医療,158853
2018,37000,香川県,高松市,交通・通信,565011
2018,37000,香川県,高松市,教育,173428
2018,37000,香川県,高松市,教養娯楽,373103
2018,37000,香川県,高松市,その他の消費支出,844809
2018,38000,愛媛県,松山市,食料,874132
2018,38000,愛媛県,松山市,住居,187724
2018,38000,愛媛県,松山市,光熱・水道,260833
2018,38000,愛媛県,松山市,家具・家事用品,142638
2018,38000,愛媛県,松山市,被服及び履物,134812
2018,38000,愛媛県,松山市,保健医療,134328
2018,38000,愛媛県,松山市,交通・通信,410387
2018,38000,愛媛県,松山市,教育,120602
2018,38000,愛媛県,松山市,教養娯楽,312103
2018,38000,愛媛県,松山市,その他の消費支出,591729
2018,39000,高知県,高知市,食料,997538
2018,39000,高知県,高知市,住居,260281
2018,39000,高知県,高知市,光熱・水道,277648
2018,39000,高知県,高知市,家具・家事用品,135136
2018,39000,高知県,高知市,被服及び履物,131999
2018,39000,高知県,高知市,保健医療,152132
2018,39000,高知県,高知市,交通・通信,579437
2018,39000,高知県,高知市,教育,193381
2018,39000,高知県,高知市,教養娯楽,293702
2018,39000,高知県,高知市,その他の消費支出,686926
2018,40000,福岡県,福岡市,食料,960329
2018,40000,福岡県,福岡市,住居,273353
2018,40000,福岡県,福岡市,光熱・水道,252011
2018,40000,福岡県,福岡市,家具・家事用品,122050
2018,40000,福岡県,福岡市,被服及び履物,168144
2018,40000,福岡県,福岡市,保健医療,170057
2018,40000,福岡県,福岡市,交通・通信,622633
2018,40000,福岡県,福岡市,教育,166198
2018,40000,福岡県,福岡市,教養娯楽,372653
2018,40000,福岡県,福岡市,その他の消費支出,763982
2018,41000,佐賀県,佐賀市,食料,932437
2018,41000,佐賀県,佐賀市,住居,188695
2018,41000,佐賀県,佐賀市,光熱・水道,268915
2018,41000,佐賀県,佐賀市,家具・家事用品,129679
2018,41000,佐賀県,佐賀市,被服及び履物,137061
2018,41000,佐賀県,佐賀市,保健医療,161311
2018,41000,佐賀県,佐賀市,交通・通信,590791
2018,41000,佐賀県,佐賀市,教育,116813
2018,41000,佐賀県,佐賀市,教養娯楽,345345
2018,41000,佐賀県,佐賀市,その他の消費支出,656437
2018,42000,長崎県,長崎市,食料,905588
2018,42000,長崎県,長崎市,住居,268569
2018,42000,長崎県,長崎市,光熱・水道,254015
2018,42000,長崎県,長崎市,家具・家事用品,123101
2018,42000,長崎県,長崎市,被服及び履物,125608
2018,42000,長崎県,長崎市,保健医療,160062
2018,42000,長崎県,長崎市,交通・通信,468338
2018,42000,長崎県,長崎市,教育,59399
2018,42000,長崎県,長崎市,教養娯楽,309922
2018,42000,長崎県,長崎市,その他の消費支出,583354
2018,43000,熊本県,熊本市,食料,840465
2018,43000,熊本県,熊本市,住居,226516
2018,43000,熊本県,熊本市,光熱・水道,257678
2018,43000,熊本県,熊本市,家具・家事用品,115401
2018,43000,熊本県,熊本市,被服及び履物,140895
2018,43000,熊本県,熊本市,保健医療,157210
2018,43000,熊本県,熊本市,交通・通信,461465
2018,43000,熊本県,熊本市,教育,123632
2018,43000,熊本県,熊本市,教養娯楽,294839
2018,43000,熊本県,熊本市,その他の消費支出,584327
2018,44000,大分県,大分市,食料,912877
2018,44000,大分県,大分市,住居,247957
2018,44000,大分県,大分市,光熱・水道,236447
2018,44000,大分県,大分市,家具・家事用品,125448
2018,44000,大分県,大分市,被服及び履物,127481
2018,44000,大分県,大分市,保健医療,157606
2018,44000,大分県,大分市,交通・通信,517347
2018,44000,大分県,大分市,教育,109322
2018,44000,大分県,大分市,教養娯楽,351354
2018,44000,大分県,大分市,その他の消費支出,810291
2018,45000,宮崎県,宮崎市,食料,830026
2018,45000,宮崎県,宮崎市,住居,207486
2018,45000,宮崎県,宮崎市,光熱・水道,214907
2018,45000,宮崎県,宮崎市,家具・家事用品,104026
2018,45000,宮崎県,宮崎市,被服及び履物,101597
2018,45000,宮崎県,宮崎市,保健医療,130727
2018,45000,宮崎県,宮崎市,交通・通信,485517
2018,45000,宮崎県,宮崎市,教育,83283
2018,45000,宮崎県,宮崎市,教養娯楽,281388
2018,45000,宮崎県,宮崎市,その他の消費支出,566471
2018,46000,鹿児島県,鹿児島市,食料,842475
2018,46000,鹿児島県,鹿児島市,住居,243086
2018,46000,鹿児島県,鹿児島市,光熱・水道,234216
2018,46000,鹿児島県,鹿児島市,家具・家事用品,113486
2018,46000,鹿児島県,鹿児島市,被服及び履物,117200
2018,46000,鹿児島県,鹿児島市,保健医療,149926
2018,46000,鹿児島県,鹿児島市,交通・通信,494785
2018,46000,鹿児島県,鹿児島市,教育,113159
2018,46000,鹿児島県,鹿児島市,教養娯楽,266459
2018,46000,鹿児島県,鹿児島市,その他の消費支出,584474
2018,47000,沖縄県,那覇市,食料,780615
2018,47000,沖縄県,那覇市,住居,252725
2018,47000,沖縄県,那覇市,光熱・水道,241883
2018,47000,沖縄県,那覇市,家具・家事用品,98763
2018,47000,沖縄県,那覇市,被服及び履物,81237
2018,47000,沖縄県,那覇市,保健医療,125292
2018,47000,沖縄県,那覇市,交通・通信,381749
2018,47000,沖縄県,那覇市,教育,94362
2018,47000,沖縄県,那覇市,教養娯楽,212000
2018,47000,沖縄県,那覇市,その他の消費支出,446774
2019,01000,北海道,札幌市,食料,940256
2019,01000,北海道,札幌市,住居,250350
2019,01000,北海道,札幌市,光熱・水道,315989
2019,01000,北海道,札幌市,家具・家事用品,120597
2019,01000,北海道,札幌市,被服及び履物,132164
2019,01000,北海道,札幌市,保健医療,198080
2019,01000,北海道,札幌市,交通・通信,509268
2019,01000,北海道,札幌市,教育,106181
2019,01000,北海道,札幌市,教養娯楽,361549
2019,01000,北海道,札幌市,その他の消費支出,601751
2019,02000,青森県,青森市,食料,851964
2019,02000,青森県,青森市,住居,171330
2019,02000,青森県,青森市,光熱・水道,337062
2019,02000,青森県,青森市,家具・家事用品,127818
2019,02000,青森県,青森市,被服及び履物,89680
2019,02000,青森県,青森市,保健医療,123938
2019,02000,青森県,青森市,交通・通信,448538
2019,02000,青森県,青森市,教育,61172
2019,02000,青森県,青森市,教養娯楽,257303
2019,02000,青森県,青森市,その他の消費支出,454506
2019,03000,岩手県,盛岡市,食料,958316
2019,03000,岩手県,盛岡市,住居,178785
2019,03000,岩手県,盛岡市,光熱・水道,328622
2019,03000,岩手県,盛岡市,家具・家事用品,134608
2019,03000,岩手県,盛岡市,被服及び履物,129602
2019,03000,岩手県,盛岡市,保健医療,167976
2019,03000,岩手県,盛岡市,交通・通信,532488
2019,03000,岩手県,盛岡市,教育,128660
2019,03000,岩手県,盛岡市,教養娯楽,343059
2019,03000,岩手県,盛岡市,その他の消費支出,642638
2019,04000,宮城県,仙台市,食料,1002008
2019,04000,宮城県,仙台市,住居,210976
2019,04000,宮城県,仙台市,光熱・水道,281516
2019,04000,宮城県,仙台市,家具・家事用品,130507
2019,04000,宮城県,仙台市,被服及び履物,141916
2019,04000,宮城県,仙台市,保健医療,154250
2019,04000,宮城県,仙台市,交通・通信,403098
2019,04000,宮城県,仙台市,教育,122631
2019,04000,宮城県,仙台市,教養娯楽,347084
2019,04000,宮城県,仙台市,その他の消費支出,520465
2019,05000,秋田県,秋田市,食料,880942
2019,05000,秋田県,秋田市,住居,140595
2019,05000,秋田県,秋田市,光熱・水道,314162
2019,05000,秋田県,秋田市,家具・家事用品,106162
2019,05000,秋田県,秋田市,被服及び履物,106634
2019,05000,秋田県,秋田市,保健医療,136604
2019,05000,秋田県,秋田市,交通・通信,486851
2019,05000,秋田県,秋田市,教育,110311
2019,05000,秋田県,秋田市,教養娯楽,288924
2019,05000,秋田県,秋田市,その他の消費支出,567760
2019,06000,山形県,山形市,食料,1002992
2019,06000,山形県,山形市,住居,198515
2019,06000,山形県,山形市,光熱・水道,362650
2019,06000,山形県,山形市,家具・家事用品,138769
2019,06000,山形県,山形市,被服及び履物,125479
2019,06000,山形県,山形市,保健医療,150139
2019,06000,山形県,山形市,交通・通信,639926
2019,06000,山形県,山形市,教育,148636
2019,06000,山形県,山形市,教養娯楽,328779
2019,06000,山形県,山形市,その他の消費支出,579345
2019,07000,福島県,福島市,食料,950538
2019,07000,福島県,福島市,住居,140555
2019,07000,福島県,福島市,光熱・水道,296410
2019,07000,福島県,福島市,家具・家事用品,126251
2019,07000,福島県,福島市,被服及び履物,124875
2019,07000,福島県,福島市,保健医療,137100
2019,07000,福島県,福島市,交通・通信,503193
2019,07000,福島県,福島市,教育,100521
2019,07000,福島県,福島市,教養娯楽,326511
2019,07000,福島県,福島市,その他の消費支出,605933
2019,08000,茨城県,水戸市,食料,927976
2019,08000,茨城県,水戸市,住居,160754
2019,08000,茨城県,水戸市,光熱・水道,270073
2019,08000,茨城県,水戸市,家具・家事用品,129684
2019,08000,茨城県,水戸市,被服及び履物,120801
2019,08000,茨城県,水戸市,保健医療,183468
2019,08000,茨城県,水戸市,交通・通信,546370
2019,08000,茨城県,水戸市,教育,166042
2019,08000,茨城県,水戸市,教養娯楽,362024
2019,08000,茨城県,水戸市,その他の消費支出,573615
2019,09000,栃木県,宇都宮市,食料,973179
2019,09000,栃木県,宇都宮市,住居,189703
2019,09000,栃木県,宇都宮市,光熱・水道,280898
2019,09000,栃木県,宇都宮市,家具・家事用品,125893
2019,09000,栃木県,宇都宮市,被服及び履物,114932
2019,09000,栃木県,宇都宮市,保健医療,169583
2019,09000,栃木県,宇都宮市,交通・通信,671625
2019,09000,栃木県,宇都宮市,教育,128521
2019,09000,栃木県,宇都宮市,教養娯楽,338616
2019,09000,栃木県,宇都宮市,その他の消費支出,580777
2019,10000,群馬県,前橋市,食料,930235
2019,10000,群馬県,前橋市,住居,124895
2019,10000,群馬県,前橋市,光熱・水道,231958
2019,10000,群馬県,前橋市,家具・家事用品,123785
2019,10000,群馬県,前橋市,被服及び履物,119504
2019,10000,群馬県,前橋市,保健医療,166741
2019,10000,群馬県,前橋市,交通・通信,500026
2019,10000,群馬県,前橋市,教育,77992
2019,10000,群馬県,前橋市,教養娯楽,340297
2019,10000,群馬県,前橋市,その他の消費支出,596059
2019,11000,埼玉県,さいたま市,食料,1077429
2019,11000,埼玉県,さいたま市,住居,169869
2019,11000,埼玉県,さいたま市,光熱・水道,282775
2019,11000,埼玉県,さいたま市,家具・家事用品,172359
2019,11000,埼玉県,さいたま市,被服及び履物,176673
2019,11000,埼玉県,さいたま市,保健医療,210076
2019,11000,埼玉県,さいたま市,交通・通信,537131
2019,11000,埼玉県,さいたま市,教育,244576
2019,11000,埼玉県,さいたま市,教養娯楽,488999
2019,11000,埼玉県,さいたま市,その他の消費支出,687479
2019,12000,千葉県,千葉市,食料,988383
2019,12000,千葉県,千葉市,住居,192382
2019,12000,千葉県,千葉市,光熱・水道,255446
2019,12000,千葉県,千葉市,家具・家事用品,145483
2019,12000,千葉県,千葉市,被服及び履物,147274
2019,12000,千葉県,千葉市,保健医療,180101
2019,12000,千葉県,千葉市,交通・通信,564103
2019,12000,千葉県,千葉市,教育,176425
2019,12000,千葉県,千葉市,教養娯楽,395038
2019,12000,千葉県,千葉市,その他の消費支出,636204
2019,13000,東京都,東京,食料,1137145
2019,13000,東京都,東京,住居,316214
2019,13000,東京都,東京,光熱・水道,257033
2019,13000,東京都,東京,家具・家事用品,143852
2019,13000,東京都,東京,被服及び履物,178981
2019,13000,東京都,東京,保健医療,195410
2019,13000,東京都,東京,交通・通信,444086
2019,13000,東京都,東京,教育,239239
2019,13000,東京都,東京,教養娯楽,470076
2019,13000,東京都,東京,その他の消費支出,608172
2019,14000,神奈川県,横浜市,食料,1059763
2019,14000,神奈川県,横浜市,住居,232936
2019,14000,神奈川県,横浜市,光熱・水道,244859
2019,14000,神奈川県,横浜市,家具・家事用品,134601
2019,14000,神奈川県,横浜市,被服及び履物,162885
2019,14000,神奈川県,横浜市,保健医療,195645
2019,14000,神奈川県,横浜市,交通・通信,512237
2019,14000,神奈川県,横浜市,教育,173357
2019,14000,神奈川県,横浜市,教養娯楽,420734
2019,14000,神奈川県,横浜市,その他の消費支出,554111
2019,15000,新潟県,新潟市,食料,965384
2019,15000,新潟県,新潟市,住居,124348
2019,15000,新潟県,新潟市,光熱・水道,311898
2019,15000,新潟県,新潟市,家具・家事用品,138339
2019,15000,新潟県,新潟市,被服及び履物,138964
2019,15000,新潟県,新潟市,保健医療,143899
2019,15000,新潟県,新潟市,交通・通信,640204
2019,15000,新潟県,新潟市,教育,135733
2019,15000,新潟県,新潟市,教養娯楽,348631
2019,15000,新潟県,新潟市,その他の消費支出,582955
2019,16000,富山県,富山市,食料,1003790
2019,16000,富山県,富山市,住居,211241
2019,16000,富山県,富山市,光熱・水道,308143
2019,16000,富山県,富山市,家具・家事用品,142022
2019,16000,富山県,富山市,被服及び履物,129291
2019,16000,富山県,富山市,保健医療,150680
2019,16000,富山県,富山市,交通・通信,618129
2019,16000,富山県,富山市,教育,98089
2019,16000,富山県,富山市,教養娯楽,362982
2019,16000,富山県,富山市,その他の消費支出,667310
2019,17000,石川県,金沢市,食料,1112382
2019,17000,石川県,金沢市,住居,298158
2019,17000,石川県,金沢市,光熱・水道,315726
2019,17000,石川県,金沢市,家具・家事用品,135957
2019,17000,石川県,金沢市,被服及び履物,160115
2019,17000,石川県,金沢市,保健医療,168724
2019,17000,石川県,金沢市,交通・通信,695976
2019,17000,石川県,金沢市,教育,211401
2019,17000,石川県,金沢市,教養娯楽,465849
2019,17000,石川県,金沢市,その他の消費支出,696492
2019,18000,福井県,福井市,食料,990085
2019,18000,福井県,福井市,住居,172319
2019,18000,福井県,福井市,光熱・水道,307672
2019,18000,福井県,福井市,家具・家事用品,150765
2019,18000,福井県,福井市,被服及び履物,115847
2019,18000,福井県,福井市,保健医療,151309
2019,18000,福井県,福井市,交通・通信,516396
2019,18000,福井県,福井市,教育,132472
2019,18000,福井県,福井市,教養娯楽,302352
2019,18000,福井県,福井市,その他の消費支出,600420
2019,19000,山梨県,甲府市,食料,951588
2019,19000,山梨県,甲府市,住居,233727
2019,19000,山梨県,甲府市,光熱・水道,257118
2019,19000,山梨県,甲府市,家具・家事用品,115952
2019,19000,山梨県,甲府市,被服及び履物,135409
2019,19000,山梨県,甲府市,保健医療,152714
2019,19000,山梨県,甲府市,交通・通信,565481
2019,19000,山梨県,甲府市,教育,79269
2019,19000,山梨県,甲府市,教養娯楽,376795
2019,19000,山梨県,甲府市,その他の消費支出,716413
2019,20000,長野県,長野市,食料,958778
2019,20000,長野県,長野市,住居,301486
2019,20000,長野県,長野市,光熱・水道,291840
2019,20000,長野県,長野市,家具・家事用品,164782
2019,20000,長野県,長野市,被服及び履物,132134
2019,20000,長野県,長野市,保健医療,173376
2019,20000,長野県,長野市,交通・通信,573906
2019,20000,長野県,長野市,教育,77946
2019,20000,長野県,長野市,教養娯楽,421614
2019,20000,長野県,長野市,その他の消費支出,684345
2019,21000,岐阜県,岐阜市,食料,933310
2019,21000,岐阜県,岐阜市,住居,165192
2019,21000,岐阜県,岐阜市,光熱・水道,267242
2019,21000,岐阜県,岐阜市,家具・家事用品,145357
2019,21000,岐阜県,岐阜市,被服及び履物,122276
2019,21000,岐阜県,岐阜市,保健医療,160427
2019,21000,岐阜県,岐阜市,交通・通信,554135
2019,21000,岐阜県,岐阜市,教育,175193
2019,21000,岐阜県,岐阜市,教養娯楽,348969
2019,21000,岐阜県,岐阜市,その他の消費支出,575058
2019,22000,静岡県,静岡市,食料,998560
2019,22000,静岡県,静岡市,住居,152474
2019,22000,静岡県,静岡市,光熱・水道,270292
2019,22000,静岡県,静岡市,家具・家事用品,147878
2019,22000,静岡県,静岡市,被服及び履物,131987
2019,22000,静岡県,静岡市,保健医療,169649
2019,22000,静岡県,静岡市,交通・通信,483572
2019,22000,静岡県,静岡市,教育,107031
2019,22000,静岡県,静岡市,教養娯楽,323213
2019,22000,静岡県,静岡市,その他の消費支出,582596
2019,23000,愛知県,名古屋市,食料,977331
2019,23000,愛知県,名古屋市,住居,286012
2019,23000,愛知県,名古屋市,光熱・水道,250617
2019,23000,愛知県,名古屋市,家具・家事用品,128753
2019,23000,愛知県,名古屋市,被服及び履物,126857
2019,23000,愛知県,名古屋市,保健医療,157015
2019,23000,愛知県,名古屋市,交通・通信,487743
2019,23000,愛知県,名古屋市,教育,140164
2019,23000,愛知県,名古屋市,教養娯楽,358547
2019,23000,愛知県,名古屋市,その他の消費支出,537526
2019,24000,三重県,津市,食料,955592
2019,24000,三重県,津市,住居,225335
2019,24000,三重県,津市,光熱・水道,247619
2019,24000,三重県,津市,家具・家事用品,156915
2019,24000,三重県,津市,被服及び履物,132507
2019,24000,三重県,津市,保健医療,174642
2019,24000,三重県,津市,交通・通信,684011
2019,24000,三重県,津市,教育,127747
2019,24000,三重県,津市,教養娯楽,413348
2019,24000,三重県,津市,その他の消費支出,618110
2019,25000,滋賀県,大津市,食料,1007891
2019,25000,滋賀県,大津市,住居,247879
2019,25000,滋賀県,大津市,光熱・水道,273430
2019,25000,滋賀県,大津市,家具・家事用品,138299
2019,25000,滋賀県,大津市,被服及び履物,132370
2019,25000,滋賀県,大津市,保健医療,196194
2019,25000,滋賀県,大津市,交通・通信,501139
2019,25000,滋賀県,大津市,教育,163570
2019,25000,滋賀県,大津市,教養娯楽,383863
2019,25000,滋賀県,大津市,その他の消費支出,597256
2019,26000,京都府,京都市,食料,950451
2019,26000,京都府,京都市,住居,126759
2019,26000,京都府,京都市,光熱・水道,238933
2019,26000,京都府,京都市,家具・家事用品,117572
2019,26000,京都府,京都市,被服及び履物,123982
2019,26000,京都府,京都市,保健医療,156759
2019,26000,京都府,京都市,交通・通信,362942
2019,26000,京都府,京都市,教育,170048
2019,26000,京都府,京都市,教養娯楽,312816
2019,26000,京都府,京都市,その他の消費支出,533099
2019,27000,大阪府,大阪市,食料,986203
2019,27000,大阪府,大阪市,住居,237303
2019,27000,大阪府,大阪市,光熱・水道,253024
2019,27000,大阪府,大阪市,家具・家事用品,127221
2019,27000,大阪府,大阪市,被服及び履物,126023
2019,27000,大阪府,大阪市,保健医療,161628
2019,27000,大阪府,大阪市,交通・通信,373409
2019,27000,大阪府,大阪市,教育,120657
2019,27000,大阪府,大阪市,教養娯楽,342801
2019,27000,大阪府,大阪市,その他の消費支出,516629
2019,28000,兵庫県,神戸市,食料,942825
2019,28000,兵庫県,神戸市,住居,222399
2019,28000,兵庫県,神戸市,光熱・水道,199697
2019,28000,兵庫県,神戸市,家具・家事用品,126605
2019,28000,兵庫県,神戸市,被服及び履物,123857
2019,28000,兵庫県,神戸市,保健医療,152224
2019,28000,兵庫県,神戸市,交通・通信,409133
2019,28000,兵庫県,神戸市,教育,146043
2019,28000,兵庫県,神戸市,教養娯楽,340372
2019,28000,兵庫県,神戸市,その他の消費支出,591676
2019,29000,奈良県,奈良市,食料,979529
2019,29000,奈良県,奈良市,住居,325647
2019,29000,奈良県,奈良市,光熱・水道,266011
2019,29000,奈良県,奈良市,家具・家事用品,164331
2019,29000,奈良県,奈良市,被服及び履物,141860
2019,29000,奈良県,奈良市,保健医療,171614
2019,29000,奈良県,奈良市,交通・通信,581179
2019,29000,奈良県,奈良市,教育,201145
2019,29000,奈良県,奈良市,教養娯楽,381125
2019,29000,奈良県,奈良市,その他の消費支出,566827
2019,30000,和歌山県,和歌山市,食料,840520
2019,30000,和歌山県,和歌山市,住居,161284
2019,30000,和歌山県,和歌山市,光熱・水道,240423
2019,30000,和歌山県,和歌山市,家具・家事用品,98059
2019,30000,和歌山県,和歌山市,被服及び履物,106681
2019,30000,和歌山県,和歌山市,保健医療,149305
2019,30000,和歌山県,和歌山市,交通・通信,399518
2019,30000,和歌山県,和歌山市,教育,108990
2019,30000,和歌山県,和歌山市,教養娯楽,308132
2019,30000,和歌山県,和歌山市,その他の消費支出,493376
2019,31000,鳥取県,鳥取市,食料,927794
2019,31000,鳥取県,鳥取市,住居,202303
2019,31000,鳥取県,鳥取市,光熱・水道,262810
2019,31000,鳥取県,鳥取市,家具・家事用品,138134
2019,31000,鳥取県,鳥取市,被服及び履物,125366
2019,31000,鳥取県,鳥取市,保健医療,138034
2019,31000,鳥取県,鳥取市,交通・通信,530189
2019,31000,鳥取県,鳥取市,教育,92023
2019,31000,鳥取県,鳥取市,教養娯楽,348830
2019,31000,鳥取県,鳥取市,その他の消費支出,606106
2019,32000,島根県,松江市,食料,858067
2019,32000,島根県,松江市,住居,203853
2019,32000,島根県,松江市,光熱・水道,288328
2019,32000,島根県,松江市,家具・家事用品,124919
2019,32000,島根県,松江市,被服及び履物,130353
2019,32000,島根県,松江市,保健医療,155098
2019,32000,島根県,松江市,交通・通信,531361
2019,32000,島根県,松江市,教育,72678
2019,32000,島根県,松江市,教養娯楽,281900
2019,32000,島根県,松江市,その他の消費支出,666789
2019,33000,岡山県,岡山市,食料,928845
2019,33000,岡山県,岡山市,住居,271178
2019,33000,岡山県,岡山市,光熱・水道,251422
2019,33000,岡山県,岡山市,家具・家事用品,154571
2019,33000,岡山県,岡山市,被服及び履物,142995
2019,33000,岡山県,岡山市,保健医療,173117
2019,33000,岡山県,岡山市,交通・通信,588475
2019,33000,岡山県,岡山市,教育,143651
2019,33000,岡山県,岡山市,教養娯楽,346094
2019,33000,岡山県,岡山市,その他の消費支出,677097
2019,34000,広島県,広島市,食料,969413
2019,34000,広島県,広島市,住居,310463
2019,34000,広島県,広島市,光熱・水道,244071
2019,34000,広島県,広島市,家具・家事用品,148658
2019,34000,広島県,広島市,被服及び履物,150814
2019,34000,広島県,広島市,保健医療,167120
2019,34000,広島県,広島市,交通・通信,567281
2019,34000,広島県,広島市,教育,186043
2019,34000,広島県,広島市,教養娯楽,394946
2019,34000,広島県,広島市,その他の消費支出,564562
2019,35000,山口県,山口市,食料,942692
2019,35000,山口県,山口市,住居,252144
2019,35000,山口県,山口市,光熱・水道,265722
2019,35000,山口県,山口市,家具・家事用品,125139
2019,35000,山口県,山口市,被服及び履物,127672
2019,35000,山口県,山口市,保健医療,185978
2019,35000,山口県,山口市,交通・通信,654361
2019,35000,山口県,山口市,教育,125578
2019,35000,山口県,山口市,教養娯楽,348464
2019,35000,山口県,山口市,その他の消費支出,647858
2019,36000,徳島県,徳島市,食料,883502
2019,36000,徳島県,徳島市,住居,186106
2019,36000,徳島県,徳島市,光熱・水道,244087
2019,36000,徳島県,徳島市,家具・家事用品,131462
2019,36000,徳島県,徳島市,被服及び履物,133022
2019,36000,徳島県,徳島市,保健医療,128152
2019,36000,徳島県,徳島市,交通・通信,540141
2019,36000,徳島県,徳島市,教育,120301
2019,36000,徳島県,徳島市,教養娯楽,342186
2019,36000,徳島県,徳島市,その他の消費支出,637305
2019,37000,香川県,高松市,食料,892061
2019,37000,香川県,高松市,住居,217558
2019,37000,香川県,高松市,光熱・水道,242105
2019,37000,香川県,高松市,家具・家事用品,146332
2019,37000,香川県,高松市,被服及び履物,133104
2019,37000,香川県,高松市,保健医療,157388
2019,37000,香川県,高松市,交通・通信,633632
2019,37000,香川県,高松市,教育,116084
2019,37000,香川県,高松市,教養娯楽,390681
2019,37000,香川県,高松市,その他の消費支出,770265
2019,38000,愛媛県,松山市,食料,834940
2019,38000,愛媛県,松山市,住居,168230
2019,38000,愛媛県,松山市,光熱・水道,245843
2019,38000,愛媛県,松山市,家具・家事用品,166720
2019,38000,愛媛県,松山市,被服及び履物,115725
2019,38000,愛媛県,松山市,保健医療,146260
2019,38000,愛媛県,松山市,交通・通信,479450
2019,38000,愛媛県,松山市,教育,105119
2019,38000,愛媛県,松山市,教養娯楽,295586
2019,38000,愛媛県,松山市,その他の消費支出,486488
2019,39000,高知県,高知市,食料,952440
2019,39000,高知県,高知市,住居,289378
2019,39000,高知県,高知市,光熱・水道,255346
2019,39000,高知県,高知市,家具・家事用品,155012
2019,39000,高知県,高知市,被服及び履物,120291
2019,39000,高知県,高知市,保健医療,145918
2019,39000,高知県,高知市,交通・通信,569510
2019,39000,高知県,高知市,教育,127210
2019,39000,高知県,高知市,教養娯楽,349246
2019,39000,高知県,高知市,その他の消費支出,664435
2019,40000,福岡県,福岡市,食料,938764
2019,40000,福岡県,福岡市,住居,232502
2019,40000,福岡県,福岡市,光熱・水道,228305
2019,40000,福岡県,福岡市,家具・家事用品,135557
2019,40000,福岡県,福岡市,被服及び履物,164932
2019,40000,福岡県,福岡市,保健医療,164174
2019,40000,福岡県,福岡市,交通・通信,520952
2019,40000,福岡県,福岡市,教育,174862
2019,40000,福岡県,福岡市,教養娯楽,373288
2019,40000,福岡県,福岡市,その他の消費支出,662312
2019,41000,佐賀県,佐賀市,食料,917575
2019,41000,佐賀県,佐賀市,住居,208267
2019,41000,佐賀県,佐賀市,光熱・水道,255763
2019,41000,佐賀県,佐賀市,家具・家事用品,164960
2019,41000,佐賀県,佐賀市,被服及び履物,146147
2019,41000,佐賀県,佐賀市,保健医療,178701
2019,41000,佐賀県,佐賀市,交通・通信,517734
2019,41000,佐賀県,佐賀市,教育,138321
2019,41000,佐賀県,佐賀市,教養娯楽,334965
2019,41000,佐賀県,佐賀市,その他の消費支出,680026
2019,42000,長崎県,長崎市,食料,890258
2019,42000,長崎県,長崎市,住居,250454
2019,42000,長崎県,長崎市,光熱・水道,259228
2019,42000,長崎県,長崎市,家具・家事用品,123538
2019,42000,長崎県,長崎市,被服及び履物,112883
2019,42000,長崎県,長崎市,保健医療,146924
2019,42000,長崎県,長崎市,交通・通信,471782
2019,42000,長崎県,長崎市,教育,72596
2019,42000,長崎県,長崎市,教養娯楽,292347
2019,42000,長崎県,長崎市,その他の消費支出,634734
2019,43000,熊本県,熊本市,食料,892871
2019,43000,熊本県,熊本市,住居,282398
2019,43000,熊本県,熊本市,光熱・水道,239723
2019,43000,熊本県,熊本市,家具・家事用品,157149
2019,43000,熊本県,熊本市,被服及び履物,131897
2019,43000,熊本県,熊本市,保健医療,152281
2019,43000,熊本県,熊本市,交通・通信,495976
2019,43000,熊本県,熊本市,教育,187993
2019,43000,熊本県,熊本市,教養娯楽,307902
2019,43000,熊本県,熊本市,その他の消費支出,630392
2019,44000,大分県,大分市,食料,797765
2019,44000,大分県,大分市,住居,170720
2019,44000,大分県,大分市,光熱・水道,226054
2019,44000,大分県,大分市,家具・家事用品,133862
2019,44000,大分県,大分市,被服及び履物,106617
2019,44000,大分県,大分市,保健医療,156120
2019,44000,大分県,大分市,交通・通信,421606
2019,44000,大分県,大分市,教育,77532
2019,44000,大分県,大分市,教養娯楽,297463
2019,44000,大分県,大分市,その他の消費支出,602769
2019,45000,宮崎県,宮崎市,食料,844666
2019,45000,宮崎県,宮崎市,住居,165834
2019,45000,宮崎県,宮崎市,光熱・水道,209966
2019,45000,宮崎県,宮崎市,家具・家事用品,136827
2019,45000,宮崎県,宮崎市,被服及び履物,106818
2019,45000,宮崎県,宮崎市,保健医療,163195
2019,45000,宮崎県,宮崎市,交通・通信,574838
2019,45000,宮崎県,宮崎市,教育,68786
2019,45000,宮崎県,宮崎市,教養娯楽,271085
2019,45000,宮崎県,宮崎市,その他の消費支出,617154
2019,46000,鹿児島県,鹿児島市,食料,937084
2019,46000,鹿児島県,鹿児島市,住居,197587
2019,46000,鹿児島県,鹿児島市,光熱・水道,226125
2019,46000,鹿児島県,鹿児島市,家具・家事用品,135215
2019,46000,鹿児島県,鹿児島市,被服及び履物,118893
2019,46000,鹿児島県,鹿児島市,保健医療,216500
2019,46000,鹿児島県,鹿児島市,交通・通信,497367
2019,46000,鹿児島県,鹿児島市,教育,99874
2019,46000,鹿児島県,鹿児島市,教養娯楽,347395
2019,46000,鹿児島県,鹿児島市,その他の消費支出,655009
2019,47000,沖縄県,那覇市,食料,779225
2019,47000,沖縄県,那覇市,住居,266891
2019,47000,沖縄県,那覇市,光熱・水道,215914
2019,47000,沖縄県,那覇市,家具・家事用品,103555
2019,47000,沖縄県,那覇市,被服及び履物,71954
2019,47000,沖縄県,那覇市,保健医療,131250
2019,47000,沖縄県,那覇市,交通・通信,303699
2019,47000,沖縄県,那覇市,教育,69790
2019,47000,沖縄県,那覇市,教養娯楽,211205
2019,47000,沖縄県,那覇市,その他の消費支出,373630
2020,01000,北海道,札幌市,食料,985904
2020,01000,北海道,札幌市,住居,327658
2020,01000,北海道,札幌市,光熱・水道,327712
2020,01000,北海道,札幌市,家具・家事用品,148764
2020,01000,北海道,札幌市,被服及び履物,116012
2020,01000,北海道,札幌市,保健医療,171635
2020,01000,北海道,札幌市,交通・通信,498074
2020,01000,北海道,札幌市,教育,112900
2020,01000,北海道,札幌市,教養娯楽,330687
2020,01000,北海道,札幌市,その他の消費支出,600850
2020,02000,青森県,青森市,食料,949057
2020,02000,青森県,青森市,住居,222445
2020,02000,青森県,青森市,光熱・水道,334048
2020,02000,青森県,青森市,家具・家事用品,129523
2020,02000,青森県,青森市,被服及び履物,91238
2020,02000,青森県,青森市,保健医療,142883
2020,02000,青森県,青森市,交通・通信,353565
2020,02000,青森県,青森市,教育,46146
2020,02000,青森県,青森市,教養娯楽,232313
2020,02000,青森県,青森市,その他の消費支出,521354
2020,03000,岩手県,盛岡市,食料,929971
2020,03000,岩手県,盛岡市,住居,298196
2020,03000,岩手県,盛岡市,光熱・水道,325550
2020,03000,岩手県,盛岡市,家具・家事用品,126709
2020,03000,岩手県,盛岡市,被服及び履物,98980
2020,03000,岩手県,盛岡市,保健医療,157630
2020,03000,岩手県,盛岡市,交通・通信,487406
2020,03000,岩手県,盛岡市,教育,78899
2020,03000,岩手県,盛岡市,教養娯楽,248796
2020,03000,岩手県,盛岡市,その他の消費支出,498687
2020,04000,宮城県,仙台市,食料,960597
2020,04000,宮城県,仙台市,住居,289464
2020,04000,宮城県,仙台市,光熱・水道,272606
2020,04000,宮城県,仙台市,家具・家事用品,119886
2020,04000,宮城県,仙台市,被服及び履物,104195
2020,04000,宮城県,仙台市,保健医療,152448
2020,04000,宮城県,仙台市,交通・通信,381516
2020,04000,宮城県,仙台市,教育,83464
2020,04000,宮城県,仙台市,教養娯楽,276652
2020,04000,宮城県,仙台市,その他の消費支出,536975
2020,05000,秋田県,秋田市,食料,930079
2020,05000,秋田県,秋田市,住居,179338
2020,05000,秋田県,秋田市,光熱・水道,308920
2020,05000,秋田県,秋田市,家具・家事用品,142937
2020,05000,秋田県,秋田市,被服及び履物,86085
2020,05000,秋田県,秋田市,保健医療,140508
2020,05000,秋田県,秋田市,交通・通信,463568
2020,05000,秋田県,秋田市,教育,52951
2020,05000,秋田県,秋田市,教養娯楽,282318
2020,05000,秋田県,秋田市,その他の消費支出,592359
2020,06000,山形県,山形市,食料,987459
2020,06000,山形県,山形市,住居,192798
2020,06000,山形県,山形市,光熱・水道,355080
2020,06000,山形県,山形市,家具・家事用品,150162
2020,06000,山形県,山形市,被服及び履物,106418
2020,06000,山形県,山形市,保健医療,150032
2020,06000,山形県,山形市,交通・通信,568244
2020,06000,山形県,山形市,教育,102788
2020,06000,山形県,山形市,教養娯楽,277434
2020,06000,山形県,山形市,その他の消費支出,632017
2020,07000,福島県,福島市,食料,934240
2020,07000,福島県,福島市,住居,204637
2020,07000,福島県,福島市,光熱・水道,306630
2020,07000,福島県,福島市,家具・家事用品,146486
2020,07000,福島県,福島市,被服及び履物,93979
2020,07000,福島県,福島市,保健医療,149416
2020,07000,福島県,福島市,交通・通信,503151
2020,07000,福島県,福島市,教育,48234
2020,07000,福島県,福島市,教養娯楽,263214
2020,07000,福島県,福島市,その他の消費支出,566049
2020,08000,茨城県,水戸市,食料,912099
2020,08000,茨城県,水戸市,住居,191738
2020,08000,茨城県,水戸市,光熱・水道,269167
2020,08000,茨城県,水戸市,家具・家事用品,129094
2020,08000,茨城県,水戸市,被服及び履物,109869
2020,08000,茨城県,水戸市,保健医療,138059
2020,08000,茨城県,水戸市,交通・通信,530001
2020,08000,茨城県,水戸市,教育,78345
2020,08000,茨城県,水戸市,教養娯楽,297722
2020,08000,茨城県,水戸市,その他の消費支出,638149
2020,09000,栃木県,宇都宮市,食料,953326
2020,09000,栃木県,宇都宮市,住居,186978
2020,09000,栃木県,宇都宮市,光熱・水道,264410
2020,09000,栃木県,宇都宮市,家具・家事用品,159247
2020,09000,栃木県,宇都宮市,被服及び履物,107633
2020,09000,栃木県,宇都宮市,保健医療,175738
2020,09000,栃木県,宇都宮市,交通・通信,461434
2020,09000,栃木県,宇都宮市,教育,116546
2020,09000,栃木県,宇都宮市,教養娯楽,304108
2020,09000,栃木県,宇都宮市,その他の消費支出,621152
2020,10000,群馬県,前橋市,食料,970696
2020,10000,群馬県,前橋市,住居,137069
2020,10000,群馬県,前橋市,光熱・水道,244466
2020,10000,群馬県,前橋市,家具・家事用品,157881
2020,10000,群馬県,前橋市,被服及び履物,125319
2020,10000,群馬県,前橋市,保健医療,170765
2020,10000,群馬県,前橋市,交通・通信,623298
2020,10000,群馬県,前橋市,教育,106195
2020,10000,群馬県,前橋市,教養娯楽,335813
2020,10000,群馬県,前橋市,その他の消費支出,598197
2020,11000,埼玉県,さいたま市,食料,1046426
2020,11000,埼玉県,さいたま市,住居,194731
2020,11000,埼玉県,さいたま市,光熱・水道,260908
2020,11000,埼玉県,さいたま市,家具・家事用品,149168
2020,11000,埼玉県,さいたま市,被服及び履物,147367
2020,11000,埼玉県,さいたま市,保健医療,177136
2020,11000,埼玉県,さいたま市,交通・通信,675290
2020,11000,埼玉県,さいたま市,教育,279397
2020,11000,埼玉県,さいたま市,教養娯楽,385983
2020,11000,埼玉県,さいたま市,その他の消費支出,599348
2020,12000,千葉県,千葉市,食料,1030608
2020,12000,千葉県,千葉市,住居,278383
2020,12000,千葉県,千葉市,光熱・水道,251122
2020,12000,千葉県,千葉市,家具・家事用品,142928
2020,12000,千葉県,千葉市,被服及び履物,118929
2020,12000,千葉県,千葉市,保健医療,193252
2020,12000,千葉県,千葉市,交通・通信,500748
2020,12000,千葉県,千葉市,教育,231034
2020,12000,千葉県,千葉市,教養娯楽,320338
2020,12000,千葉県,千葉市,その他の消費支出,570969
2020,13000,東京都,東京,食料,1154526
2020,13000,東京都,東京,住居,363449
2020,13000,東京都,東京,光熱・水道,259150
2020,13000,東京都,東京,家具・家事用品,164906
2020,13000,東京都,東京,被服及び履物,150031
2020,13000,東京都,東京,保健医療,221691
2020,13000,東京都,東京,交通・通信,400587
2020,13000,東京都,東京,教育,232063
2020,13000,東京都,東京,教養娯楽,388174
2020,13000,東京都,東京,その他の消費支出,565545
2020,14000,神奈川県,横浜市,食料,1053049
2020,14000,神奈川県,横浜市,住居,277361
2020,14000,神奈川県,横浜市,光熱・水道,257721
2020,14000,神奈川県,横浜市,家具・家事用品,160914
2020,14000,神奈川県,横浜市,被服及び履物,112684
2020,14000,神奈川県,横浜市,保健医療,225922
2020,14000,神奈川県,横浜市,交通・通信,401466
2020,14000,神奈川県,横浜市,教育,188233
2020,14000,神奈川県,横浜市,教養娯楽,352730
2020,14000,神奈川県,横浜市,その他の消費支出,520880
2020,15000,新潟県,新潟市,食料,947100
2020,15000,新潟県,新潟市,住居,166845
2020,15000,新潟県,新潟市,光熱・水道,285117
2020,15000,新潟県,新潟市,家具・家事用品,133806
2020,15000,新潟県,新潟市,被服及び履物,112932
2020,15000,新潟県,新潟市,保健医療,149615
2020,15000,新潟県,新潟市,交通・通信,549460
2020,15000,新潟県,新潟市,教育,123901
2020,15000,新潟県,新潟市,教養娯楽,293546
2020,15000,新潟県,新潟市,その他の消費支出,525026
2020,16000,富山県,富山市,食料,1007214
2020,16000,富山県,富山市,住居,156417
2020,16000,富山県,富山市,光熱・水道,310074
2020,16000,富山県,富山市,家具・家事用品,152977
2020,16000,富山県,富山市,被服及び履物,121839
2020,16000,富山県,富山市,保健医療,148849
2020,16000,富山県,富山市,交通・通信,586539
2020,16000,富山県,富山市,教育,105635
2020,16000,富山県,富山市,教養娯楽,336481
2020,16000,富山県,富山市,その他の消費支出,700769
2020,17000,石川県,金沢市,食料,998845
2020,17000,石川県,金沢市,住居,191802
2020,17000,石川県,金沢市,光熱・水道,266489
2020,17000,石川県,金沢市,家具・家事用品,161261
2020,17000,石川県,金沢市,被服及び履物,128299
2020,17000,石川県,金沢市,保健医療,178996
2020,17000,石川県,金沢市,交通・通信,576234
2020,17000,石川県,金沢市,教育,167734
2020,17000,石川県,金沢市,教養娯楽,325085
2020,17000,石川県,金沢市,その他の消費支出,597756
2020,18000,福井県,福井市,食料,956686
2020,18000,福井県,福井市,住居,147230
2020,18000,福井県,福井市,光熱・水道,298599
2020,18000,福井県,福井市,家具・家事用品,126953
2020,18000,福井県,福井市,被服及び履物,92659
2020,18000,福井県,福井市,保健医療,156830
2020,18000,福井県,福井市,交通・通信,395667
2020,18000,福井県,福井市,教育,109087
2020,18000,福井県,福井市,教養娯楽,293324
2020,18000,福井県,福井市,その他の消費支出,467548
2020,19000,山梨県,甲府市,食料,975701
2020,19000,山梨県,甲府市,住居,200865
2020,19000,山梨県,甲府市,光熱・水道,259942
2020,19000,山梨県,甲府市,家具・家事用品,148101
2020,19000,山梨県,甲府市,被服及び履物,115921
2020,19000,山梨県,甲府市,保健医療,155567
2020,19000,山梨県,甲府市,交通・通信,560715
2020,19000,山梨県,甲府市,教育,131148
2020,19000,山梨県,甲府市,教養娯楽,324824
2020,19000,山梨県,甲府市,その他の消費支出,612083
2020,20000,長野県,長野市,食料,913275
2020,20000,長野県,長野市,住居,241511
2020,20000,長野県,長野市,光熱・水道,283061
2020,20000,長野県,長野市,家具・家事用品,142731
2020,20000,長野県,長野市,被服及び履物,113401
2020,20000,長野県,長野市,保健医療,149130
2020,20000,長野県,長野市,交通・通信,442952
2020,20000,長野県,長野市,教育,86435
2020,20000,長野県,長野市,教養娯楽,302923
2020,20000,長野県,長野市,その他の消費支出,569611
2020,21000,岐阜県,岐阜市,食料,978295
2020,21000,岐阜県,岐阜市,住居,225798
2020,21000,岐阜県,岐阜市,光熱・水道,267241
2020,21000,岐阜県,岐阜市,家具・家事用品,161888
2020,21000,岐阜県,岐阜市,被服及び履物,136713
2020,21000,岐阜県,岐阜市,保健医療,206586
2020,21000,岐阜県,岐阜市,交通・通信,597608
2020,21000,岐阜県,岐阜市,教育,139899
2020,21000,岐阜県,岐阜市,教養娯楽,345422
2020,21000,岐阜県,岐阜市,その他の消費支出,591801
2020,22000,静岡県,静岡市,食料,996604
2020,22000,静岡県,静岡市,住居,205013
2020,22000,静岡県,静岡市,光熱・水道,254004
2020,22000,静岡県,静岡市,家具・家事用品,143080
2020,22000,静岡県,静岡市,被服及び履物,102941
2020,22000,静岡県,静岡市,保健医療,195387
2020,22000,静岡県,静岡市,交通・通信,476892
2020,22000,静岡県,静岡市,教育,92633
2020,22000,静岡県,静岡市,教養娯楽,300142
2020,22000,静岡県,静岡市,その他の消費支出,609420
2020,23000,愛知県,名古屋市,食料,978352
2020,23000,愛知県,名古屋市,住居,159731
2020,23000,愛知県,名古屋市,光熱・水道,246428
2020,23000,愛知県,名古屋市,家具・家事用品,169686
2020,23000,愛知県,名古屋市,被服及び履物,122727
2020,23000,愛知県,名古屋市,保健医療,174101
2020,23000,愛知県,名古屋市,交通・通信,544851
2020,23000,愛知県,名古屋市,教育,174842
2020,23000,愛知県,名古屋市,教養娯楽,333724
2020,23000,愛知県,名古屋市,その他の消費支出,482952
2020,24000,三重県,津市,食料,930028
2020,24000,三重県,津市,住居,188037
2020,24000,三重県,津市,光熱・水道,237486
2020,24000,三重県,津市,家具・家事用品,177846
2020,24000,三重県,津市,被服及び履物,107888
2020,24000,三重県,津市,保健医療,147283
2020,24000,三重県,津市,交通・通信,631608
2020,24000,三重県,津市,教育,112311
2020,24000,三重県,津市,教養娯楽,319616
2020,24000,三重県,津市,その他の消費支出,569267
2020,25000,滋賀県,大津市,食料,1024373
2020,25000,滋賀県,大津市,住居,149226
2020,25000,滋賀県,大津市,光熱・水道,257888
2020,25000,滋賀県,大津市,家具・家事用品,168213
2020,25000,滋賀県,大津市,被服及び履物,145128
2020,25000,滋賀県,大津市,保健医療,152547
2020,25000,滋賀県,大津市,交通・通信,666458
2020,25000,滋賀県,大津市,教育,145658
2020,25000,滋賀県,大津市,教養娯楽,360112
2020,25000,滋賀県,大津市,その他の消費支出,580458
2020,26000,京都府,京都市,食料,993605
2020,26000,京都府,京都市,住居,104227
2020,26000,京都府,京都市,光熱・水道,247939
2020,26000,京都府,京都市,家具・家事用品,143967
2020,26000,京都府,京都市,被服及び履物,109319
2020,26000,京都府,京都市,保健医療,162333
2020,26000,京都府,京都市,交通・通信,383252
2020,26000,京都府,京都市,教育,149858
2020,26000,京都府,京都市,教養娯楽,289871
2020,26000,京都府,京都市,その他の消費支出,462187
2020,27000,大阪府,大阪市,食料,958249
2020,27000,大阪府,大阪市,住居,226946
2020,27000,大阪府,大阪市,光熱・水道,241970
2020,27000,大阪府,大阪市,家具・家事用品,128939
2020,27000,大阪府,大阪市,被服及び履物,99029
2020,27000,大阪府,大阪市,保健医療,155062
2020,27000,大阪府,大阪市,交通・通信,298115
2020,27000,大阪府,大阪市,教育,126513
2020,27000,大阪府,大阪市,教養娯楽,237344
2020,27000,大阪府,大阪市,その他の消費支出,482799
2020,28000,兵庫県,神戸市,食料,973047
2020,28000,兵庫県,神戸市,住居,143788
2020,28000,兵庫県,神戸市,光熱・水道,209535
2020,28000,兵庫県,神戸市,家具・家事用品,180717
2020,28000,兵庫県,神戸市,被服及び履物,121302
2020,28000,兵庫県,神戸市,保健医療,192077
2020,28000,兵庫県,神戸市,交通・通信,375678
2020,28000,兵庫県,神戸市,教育,150323
2020,28000,兵庫県,神戸市,教養娯楽,289839
2020,28000,兵庫県,神戸市,その他の消費支出,588816
2020,29000,奈良県,奈良市,食料,1022569
2020,29000,奈良県,奈良市,住居,263447
2020,29000,奈良県,奈良市,光熱・水道,272040
2020,29000,奈良県,奈良市,家具・家事用品,142647
2020,29000,奈良県,奈良市,被服及び履物,123758
2020,29000,奈良県,奈良市,保健医療,174631
2020,29000,奈良県,奈良市,交通・通信,486704
2020,29000,奈良県,奈良市,教育,202854
2020,29000,奈良県,奈良市,教養娯楽,341949
2020,29000,奈良県,奈良市,その他の消費支出,564923
2020,30000,和歌山県,和歌山市,食料,836939
2020,30000,和歌山県,和歌山市,住居,205500
2020,30000,和歌山県,和歌山市,光熱・水道,236026
2020,30000,和歌山県,和歌山市,家具・家事用品,132494
2020,30000,和歌山県,和歌山市,被服及び履物,94860
2020,30000,和歌山県,和歌山市,保健医療,185859
2020,30000,和歌山県,和歌山市,交通・通信,358509
2020,30000,和歌山県,和歌山市,教育,104866
2020,30000,和歌山県,和歌山市,教養娯楽,270244
2020,30000,和歌山県,和歌山市,その他の消費支出,520306
2020,31000,鳥取県,鳥取市,食料,969124
2020,31000,鳥取県,鳥取市,住居,211891
2020,31000,鳥取県,鳥取市,光熱・水道,260732
2020,31000,鳥取県,鳥取市,家具・家事用品,148603
2020,31000,鳥取県,鳥取市,被服及び履物,116568
2020,31000,鳥取県,鳥取市,保健医療,166079
2020,31000,鳥取県,鳥取市,交通・通信,740001
2020,31000,鳥取県,鳥取市,教育,68831
2020,31000,鳥取県,鳥取市,教養娯楽,308973
2020,31000,鳥取県,鳥取市,その他の消費支出,569222
2020,32000,島根県,松江市,食料,921802
2020,32000,島根県,松江市,住居,224902
2020,32000,島根県,松江市,光熱・水道,299483
2020,32000,島根県,松江市,家具・家事用品,157129
2020,32000,島根県,松江市,被服及び履物,109097
2020,32000,島根県,松江市,保健医療,165648
2020,32000,島根県,松江市,交通・通信,598443
2020,32000,島根県,松江市,教育,99858
2020,32000,島根県,松江市,教養娯楽,300438
2020,32000,島根県,松江市,その他の消費支出,657428
2020,33000,岡山県,岡山市,食料,901090
2020,33000,岡山県,岡山市,住居,226330
2020,33000,岡山県,岡山市,光熱・水道,247831
2020,33000,岡山県,岡山市,家具・家事用品,131073
2020,33000,岡山県,岡山市,被服及び履物,115674
2020,33000,岡山県,岡山市,保健医療,162545
2020,33000,岡山県,岡山市,交通・通信,442728
2020,33000,岡山県,岡山市,教育,142758
2020,33000,岡山県,岡山市,教養娯楽,259672
2020,33000,岡山県,岡山市,その他の消費支出,518919
2020,34000,広島県,広島市,食料,993045
2020,34000,広島県,広島市,住居,196666
2020,34000,広島県,広島市,光熱・水道,261355
2020,34000,広島県,広島市,家具・家事用品,149541
2020,34000,広島県,広島市,被服及び履物,110300
2020,34000,広島県,広島市,保健医療,201359
2020,34000,広島県,広島市,交通・通信,481577
2020,34000,広島県,広島市,教育,125080
2020,34000,広島県,広島市,教養娯楽,326417
2020,34000,広島県,広島市,その他の消費支出,601748
2020,35000,山口県,山口市,食料,903309
2020,35000,山口県,山口市,住居,185074
2020,35000,山口県,山口市,光熱・水道,263250
2020,35000,山口県,山口市,家具・家事用品,159631
2020,35000,山口県,山口市,被服及び履物,130173
2020,35000,山口県,山口市,保健医療,147696
2020,35000,山口県,山口市,交通・通信,607818
2020,35000,山口県,山口市,教育,94935
2020,35000,山口県,山口市,教養娯楽,314071
2020,35000,山口県,山口市,その他の消費支出,627599
2020,36000,徳島県,徳島市,食料,965059
2020,36000,徳島県,徳島市,住居,171371
2020,36000,徳島県,徳島市,光熱・水道,254594
2020,36000,徳島県,徳島市,家具・家事用品,158635
2020,36000,徳島県,徳島市,被服及び履物,117388
2020,36000,徳島県,徳島市,保健医療,197267
2020,36000,徳島県,徳島市,交通・通信,449118
2020,36000,徳島県,徳島市,教育,123201
2020,36000,徳島県,徳島市,教養娯楽,310124
2020,36000,徳島県,徳島市,その他の消費支出,801176
2020,37000,香川県,高松市,食料,917606
2020,37000,香川県,高松市,住居,212611
2020,37000,香川県,高松市,光熱・水道,240747
2020,37000,香川県,高松市,家具・家事用品,161804
2020,37000,香川県,高松市,被服及び履物,103989
2020,37000,香川県,高松市,保健医療,143998
2020,37000,香川県,高松市,交通・通信,456485
2020,37000,香川県,高松市,教育,91555
2020,37000,香川県,高松市,教養娯楽,311378
2020,37000,香川県,高松市,その他の消費支出,663030
2020,38000,愛媛県,松山市,食料,840407
2020,38000,愛媛県,松山市,住居,131061
2020,38000,愛媛県,松山市,光熱・水道,232279
2020,38000,愛媛県,松山市,家具・家事用品,133385
2020,38000,愛媛県,松山市,被服及び履物,95235
2020,38000,愛媛県,松山市,保健医療,141981
2020,38000,愛媛県,松山市,交通・通信,482432
2020,38000,愛媛県,松山市,教育,141669
2020,38000,愛媛県,松山市,教養娯楽,240516
2020,38000,愛媛県,松山市,その他の消費支出,443552
2020,39000,高知県,高知市,食料,928464
2020,39000,高知県,高知市,住居,236784
2020,39000,高知県,高知市,光熱・水道,248911
2020,39000,高知県,高知市,家具・家事用品,131352
2020,39000,高知県,高知市,被服及び履物,105711
2020,39000,高知県,高知市,保健医療,146578
2020,39000,高知県,高知市,交通・通信,420399
2020,39000,高知県,高知市,教育,114883
2020,39000,高知県,高知市,教養娯楽,273849
2020,39000,高知県,高知市,その他の消費支出,635538
2020,40000,福岡県,福岡市,食料,943666
2020,40000,福岡県,福岡市,住居,412464
2020,40000,福岡県,福岡市,光熱・水道,255968
2020,40000,福岡県,福岡市,家具・家事用品,147130
2020,40000,福岡県,福岡市,被服及び履物,131026
2020,40000,福岡県,福岡市,保健医療,175394
2020,40000,福岡県,福岡市,交通・通信,624649
2020,40000,福岡県,福岡市,教育,140634
2020,40000,福岡県,福岡市,教養娯楽,334853
2020,40000,福岡県,福岡市,その他の消費支出,638786
2020,41000,佐賀県,佐賀市,食料,944947
2020,41000,佐賀県,佐賀市,住居,268540
2020,41000,佐賀県,佐賀市,光熱・水道,273234
2020,41000,佐賀県,佐賀市,家具・家事用品,153712
2020,41000,佐賀県,佐賀市,被服及び履物,120231
2020,41000,佐賀県,佐賀市,保健医療,192832
2020,41000,佐賀県,佐賀市,交通・通信,478101
2020,41000,佐賀県,佐賀市,教育,92309
2020,41000,佐賀県,佐賀市,教養娯楽,302034
2020,41000,佐賀県,佐賀市,その他の消費支出,637309
2020,42000,長崎県,長崎市,食料,848004
2020,42000,長崎県,長崎市,住居,283105
2020,42000,長崎県,長崎市,光熱・水道,260509
2020,42000,長崎県,長崎市,家具・家事用品,134248
2020,42000,長崎県,長崎市,被服及び履物,91329
2020,42000,長崎県,長崎市,保健医療,149721
2020,42000,長崎県,長崎市,交通・通信,392880
2020,42000,長崎県,長崎市,教育,57116
2020,42000,長崎県,長崎市,教養娯楽,238546
2020,42000,長崎県,長崎市,その他の消費支出,590305
2020,43000,熊本県,熊本市,食料,916899
2020,43000,熊本県,熊本市,住居,267084
2020,43000,熊本県,熊本市,光熱・水道,232009
2020,43000,熊本県,熊本市,家具・家事用品,153134
2020,43000,熊本県,熊本市,被服及び履物,131509
2020,43000,熊本県,熊本市,保健医療,168957
2020,43000,熊本県,熊本市,交通・通信,589944
2020,43000,熊本県,熊本市,教育,129056
2020,43000,熊本県,熊本市,教養娯楽,295301
2020,43000,熊本県,熊本市,その他の消費支出,616919
2020,44000,大分県,大分市,食料,889036
2020,44000,大分県,大分市,住居,266538
2020,44000,大分県,大分市,光熱・水道,235082
2020,44000,大分県,大分市,家具・家事用品,142588
2020,44000,大分県,大分市,被服及び履物,102835
2020,44000,大分県,大分市,保健医療,164354
2020,44000,大分県,大分市,交通・通信,501120
2020,44000,大分県,大分市,教育,79955
2020,44000,大分県,大分市,教養娯楽,302672
2020,44000,大分県,大分市,その他の消費支出,572247
2020,45000,宮崎県,宮崎市,食料,894630
2020,45000,宮崎県,宮崎市,住居,194406
2020,45000,宮崎県,宮崎市,光熱・水道,223166
2020,45000,宮崎県,宮崎市,家具・家事用品,127318
2020,45000,宮崎県,宮崎市,被服及び履物,100526
2020,45000,宮崎県,宮崎市,保健医療,135949
2020,45000,宮崎県,宮崎市,交通・通信,531715
2020,45000,宮崎県,宮崎市,教育,143364
2020,45000,宮崎県,宮崎市,教養娯楽,280380
2020,45000,宮崎県,宮崎市,その他の消費支出,509069
2020,46000,鹿児島県,鹿児島市,食料,900046
2020,46000,鹿児島県,鹿児島市,住居,247802
2020,46000,鹿児島県,鹿児島市,光熱・水道,228780
2020,46000,鹿児島県,鹿児島市,家具・家事用品,153066
2020,46000,鹿児島県,鹿児島市,被服及び履物,100928
2020,46000,鹿児島県,鹿児島市,保健医療,173781
2020,46000,鹿児島県,鹿児島市,交通・通信,436666
2020,46000,鹿児島県,鹿児島市,教育,106850
2020,46000,鹿児島県,鹿児島市,教養娯楽,272421
2020,46000,鹿児島県,鹿児島市,その他の消費支出,574392
2020,47000,沖縄県,那覇市,食料,831311
2020,47000,沖縄県,那覇市,住居,268614
2020,47000,沖縄県,那覇市,光熱・水道,232285
2020,47000,沖縄県,那覇市,家具・家事用品,114633
2020,47000,沖縄県,那覇市,被服及び履物,66742
2020,47000,沖縄県,那覇市,保健医療,113119
2020,47000,沖縄県,那覇市,交通・通信,318846
2020,47000,沖縄県,那覇市,教育,83302
2020,47000,沖縄県,那覇市,教養娯楽,181796
2020,47000,沖縄県,那覇市,その他の消費支出,383780
2021,01000,北海道,札幌市,食料,900837
2021,01000,北海道,札幌市,住居,264157
2021,01000,北海道,札幌市,光熱・水道,320112
2021,01000,北海道,札幌市,家具・家事用品,119723
2021,01000,北海道,札幌市,被服及び履物,109685
2021,01000,北海道,札幌市,保健医療,165808
2021,01000,北海道,札幌市,交通・通信,366362
2021,01000,北海道,札幌市,教育,118988
2021,01000,北海道,札幌市,教養娯楽,294431
2021,01000,北海道,札幌市,その他の消費支出,560645
2021,02000,青森県,青森市,食料,875594
2021,02000,青森県,青森市,住居,158783
2021,02000,青森県,青森市,光熱・水道,336681
2021,02000,青森県,青森市,家具・家事用品,129070
2021,02000,青森県,青森市,被服及び履物,80900
2021,02000,青森県,青森市,保健医療,130587
2021,02000,青森県,青森市,交通・通信,389561
2021,02000,青森県,青森市,教育,63281
2021,02000,青森県,青森市,教養娯楽,233474
2021,02000,青森県,青森市,その他の消費支出,543470
2021,03000,岩手県,盛岡市,食料,924376
2021,03000,岩手県,盛岡市,住居,206167
2021,03000,岩手県,盛岡市,光熱・水道,323934
2021,03000,岩手県,盛岡市,家具・家事用品,133076
2021,03000,岩手県,盛岡市,被服及び履物,109767
2021,03000,岩手県,盛岡市,保健医療,145270
2021,03000,岩手県,盛岡市,交通・通信,448603
2021,03000,岩手県,盛岡市,教育,113060
2021,03000,岩手県,盛岡市,教養娯楽,279691
2021,03000,岩手県,盛岡市,その他の消費支出,590993
2021,04000,宮城県,仙台市,食料,954907
2021,04000,宮城県,仙台市,住居,238230
2021,04000,宮城県,仙台市,光熱・水道,275446
2021,04000,宮城県,仙台市,家具・家事用品,147165
2021,04000,宮城県,仙台市,被服及び履物,116010
2021,04000,宮城県,仙台市,保健医療,176229
2021,04000,宮城県,仙台市,交通・通信,491243
2021,04000,宮城県,仙台市,教育,123896
2021,04000,宮城県,仙台市,教養娯楽,308677
2021,04000,宮城県,仙台市,その他の消費支出,578252
2021,05000,秋田県,秋田市,食料,922744
2021,05000,秋田県,秋田市,住居,125614
2021,05000,秋田県,秋田市,光熱・水道,316899
2021,05000,秋田県,秋田市,家具・家事用品,117305
2021,05000,秋田県,秋田市,被服及び履物,90366
2021,05000,秋田県,秋田市,保健医療,138128
2021,05000,秋田県,秋田市,交通・通信,430629
2021,05000,秋田県,秋田市,教育,63385
2021,05000,秋田県,秋田市,教養娯楽,262003
2021,05000,秋田県,秋田市,その他の消費支出,506237
2021,06000,山形県,山形市,食料,1001393
2021,06000,山形県,山形市,住居,246012
2021,06000,山形県,山形市,光熱・水道,353703
2021,06000,山形県,山形市,家具・家事用品,137813
2021,06000,山形県,山形市,被服及び履物,108883
2021,06000,山形県,山形市,保健医療,153797
2021,06000,山形県,山形市,交通・通信,805903
2021,06000,山形県,山形市,教育,120821
2021,06000,山形県,山形市,教養娯楽,302734
2021,06000,山形県,山形市,その他の消費支出,625872
2021,07000,福島県,福島市,食料,982963
2021,07000,福島県,福島市,住居,239133
2021,07000,福島県,福島市,光熱・水道,311760
2021,07000,福島県,福島市,家具・家事用品,143817
2021,07000,福島県,福島市,被服及び履物,92341
2021,07000,福島県,福島市,保健医療,135188
2021,07000,福島県,福島市,交通・通信,660668
2021,07000,福島県,福島市,教育,114316
2021,07000,福島県,福島市,教養娯楽,273107
2021,07000,福島県,福島市,その他の消費支出,559623
2021,08000,茨城県,水戸市,食料,868115
2021,08000,茨城県,水戸市,住居,261917
2021,08000,茨城県,水戸市,光熱・水道,252942
2021,08000,茨城県,水戸市,家具・家事用品,134862
2021,08000,茨城県,水戸市,被服及び履物,101140
2021,08000,茨城県,水戸市,保健医療,154200
2021,08000,茨城県,水戸市,交通・通信,578995
2021,08000,茨城県,水戸市,教育,85733
2021,08000,茨城県,水戸市,教養娯楽,286273
2021,08000,茨城県,水戸市,その他の消費支出,585652
2021,09000,栃木県,宇都宮市,食料,940697
2021,09000,栃木県,宇都宮市,住居,211111
2021,09000,栃木県,宇都宮市,光熱・水道,249986
2021,09000,栃木県,宇都宮市,家具・家事用品,140877
2021,09000,栃木県,宇都宮市,被服及び履物,107981
2021,09000,栃木県,宇都宮市,保健医療,152698
2021,09000,栃木県,宇都宮市,交通・通信,525925
2021,09000,栃木県,宇都宮市,教育,109833
2021,09000,栃木県,宇都宮市,教養娯楽,294788
2021,09000,栃木県,宇都宮市,その他の消費支出,639318
2021,10000,群馬県,前橋市,食料,954426
2021,10000,群馬県,前橋市,住居,237891
2021,10000,群馬県,前橋市,光熱・水道,223716
2021,10000,群馬県,前橋市,家具・家事用品,162776
2021,10000,群馬県,前橋市,被服及び履物,122367
2021,10000,群馬県,前橋市,保健医療,181652
2021,10000,群馬県,前橋市,交通・通信,545248
2021,10000,群馬県,前橋市,教育,113481
2021,10000,群馬県,前橋市,教養娯楽,338524
2021,10000,群馬県,前橋市,その他の消費支出,559669
2021,11000,埼玉県,さいたま市,食料,1076083
2021,11000,埼玉県,さいたま市,住居,193161
2021,11000,埼玉県,さいたま市,光熱・水道,272336
2021,11000,埼玉県,さいたま市,家具・家事用品,166033
2021,11000,埼玉県,さいたま市,被服及び履物,170942
2021,11000,埼玉県,さいたま市,保健医療,190910
2021,11000,埼玉県,さいたま市,交通・通信,582975
2021,11000,埼玉県,さいたま市,教育,177769
2021,11000,埼玉県,さいたま市,教養娯楽,389500
2021,11000,埼玉県,さいたま市,その他の消費支出,560303
2021,12000,千葉県,千葉市,食料,1084281
2021,12000,千葉県,千葉市,住居,237996
2021,12000,千葉県,千葉市,光熱・水道,255090
2021,12000,千葉県,千葉市,家具・家事用品,174972
2021,12000,千葉県,千葉市,被服及び履物,112260
2021,12000,千葉県,千葉市,保健医療,191854
2021,12000,千葉県,千葉市,交通・通信,551517
2021,12000,千葉県,千葉市,教育,183300
2021,12000,千葉県,千葉市,教養娯楽,358917
2021,12000,千葉県,千葉市,その他の消費支出,587624
2021,13000,東京都,東京,食料,1136282
2021,13000,東京都,東京,住居,324665
2021,13000,東京都,東京,光熱・水道,239011
2021,13000,東京都,東京,家具・家事用品,163062
2021,13000,東京都,東京,被服及び履物,136531
2021,13000,東京都,東京,保健医療,222009
2021,13000,東京都,東京,交通・通信,403027
2021,13000,東京都,東京,教育,238156
2021,13000,東京都,東京,教養娯楽,388626
2021,13000,東京都,東京,その他の消費支出,622047
2021,14000,神奈川県,横浜市,食料,1080192
2021,14000,神奈川県,横浜市,住居,332382
2021,14000,神奈川県,横浜市,光熱・水道,239192
2021,14000,神奈川県,横浜市,家具・家事用品,140332
2021,14000,神奈川県,横浜市,被服及び履物,117793
2021,14000,神奈川県,横浜市,保健医療,200770
2021,14000,神奈川県,横浜市,交通・通信,430432
2021,14000,神奈川県,横浜市,教育,245362
2021,14000,神奈川県,横浜市,教養娯楽,315485
2021,14000,神奈川県,横浜市,その他の消費支出,499882
2021,15000,新潟県,新潟市,食料,1006666
2021,15000,新潟県,新潟市,住居,289733
2021,15000,新潟県,新潟市,光熱・水道,302799
2021,15000,新潟県,新潟市,家具・家事用品,144873
2021,15000,新潟県,新潟市,被服及び履物,111899
2021,15000,新潟県,新潟市,保健医療,167446
2021,15000,新潟県,新潟市,交通・通信,731359
2021,15000,新潟県,新潟市,教育,150848
2021,15000,新潟県,新潟市,教養娯楽,288428
2021,15000,新潟県,新潟市,その他の消費支出,570082
2021,16000,富山県,富山市,食料,1026750
2021,16000,富山県,富山市,住居,168020
2021,16000,富山県,富山市,光熱・水道,315234
2021,16000,富山県,富山市,家具・家事用品,145932
2021,16000,富山県,富山市,被服及び履物,115128
2021,16000,富山県,富山市,保健医療,164071
2021,16000,富山県,富山市,交通・通信,626370
2021,16000,富山県,富山市,教育,150305
2021,16000,富山県,富山市,教養娯楽,351848
2021,16000,富山県,富山市,その他の消費支出,749984
2021,17000,石川県,金沢市,食料,1053542
2021,17000,石川県,金沢市,住居,183075
2021,17000,石川県,金沢市,光熱・水道,302577
2021,17000,石川県,金沢市,家具・家事用品,147265
2021,17000,石川県,金沢市,被服及び履物,127689
2021,17000,石川県,金沢市,保健医療,167118
2021,17000,石川県,金沢市,交通・通信,584386
2021,17000,石川県,金沢市,教育,178078
2021,17000,石川県,金沢市,教養娯楽,366761
2021,17000,石川県,金沢市,その他の消費支出,574505
2021,18000,福井県,福井市,食料,907311
2021,18000,福井県,福井市,住居,172197
2021,18000,福井県,福井市,光熱・水道,300907
2021,18000,福井県,福井市,家具・家事用品,134611
2021,18000,福井県,福井市,被服及び履物,85290
2021,18000,福井県,福井市,保健医療,142736
2021,18000,福井県,福井市,交通・通信,421384
2021,18000,福井県,福井市,教育,117846
2021,18000,福井県,福井市,教養娯楽,272364
2021,18000,福井県,福井市,その他の消費支出,471173
2021,19000,山梨県,甲府市,食料,918036
2021,19000,山梨県,甲府市,住居,200752
2021,19000,山梨県,甲府市,光熱・水道,249171
2021,19000,山梨県,甲府市,家具・家事用品,123872
2021,19000,山梨県,甲府市,被服及び履物,99823
2021,19000,山梨県,甲府市,保健医療,144683
2021,19000,山梨県,甲府市,交通・通信,507451
2021,19000,山梨県,甲府市,教育,128399
2021,19000,山梨県,甲府市,教養娯楽,269187
2021,19000,山梨県,甲府市,その他の消費支出,608424
2021,20000,長野県,長野市,食料,881717
2021,20000,長野県,長野市,住居,280560
2021,20000,長野県,長野市,光熱・水道,277967
2021,20000,長野県,長野市,家具・家事用品,152042
2021,20000,長野県,長野市,被服及び履物,100908
2021,20000,長野県,長野市,保健医療,180067
2021,20000,長野県,長野市,交通・通信,527608
2021,20000,長野県,長野市,教育,96071
2021,20000,長野県,長野市,教養娯楽,315902
2021,20000,長野県,長野市,その他の消費支出,618717
2021,21000,岐阜県,岐阜市,食料,990088
2021,21000,岐阜県,岐阜市,住居,195376
2021,21000,岐阜県,岐阜市,光熱・水道,266261
2021,21000,岐阜県,岐阜市,家具・家事用品,141238
2021,21000,岐阜県,岐阜市,被服及び履物,109790
2021,21000,岐阜県,岐阜市,保健医療,207831
2021,21000,岐阜県,岐阜市,交通・通信,683108
2021,21000,岐阜県,岐阜市,教育,140410
2021,21000,岐阜県,岐阜市,教養娯楽,342778
2021,21000,岐阜県,岐阜市,その他の消費支出,596498
2021,22000,静岡県,静岡市,食料,949907
2021,22000,静岡県,静岡市,住居,210504
2021,22000,静岡県,静岡市,光熱・水道,268126
2021,22000,静岡県,静岡市,家具・家事用品,124603
2021,22000,静岡県,静岡市,被服及び履物,99448
2021,22000,静岡県,静岡市,保健医療,166577
2021,22000,静岡県,静岡市,交通・通信,526104
2021,22000,静岡県,静岡市,教育,168485
2021,22000,静岡県,静岡市,教養娯楽,290363
2021,22000,静岡県,静岡市,その他の消費支出,697401
2021,23000,愛知県,名古屋市,食料,957748
2021,23000,愛知県,名古屋市,住居,254913
2021,23000,愛知県,名古屋市,光熱・水道,232583
2021,23000,愛知県,名古屋市,家具・家事用品,141822
2021,23000,愛知県,名古屋市,被服及び履物,117072
2021,23000,愛知県,名古屋市,保健医療,142134
2021,23000,愛知県,名古屋市,交通・通信,387393
2021,23000,愛知県,名古屋市,教育,125940
2021,23000,愛知県,名古屋市,教養娯楽,334025
2021,23000,愛知県,名古屋市,その他の消費支出,473309
2021,24000,三重県,津市,食料,933062
2021,24000,三重県,津市,住居,185336
2021,24000,三重県,津市,光熱・水道,230635
2021,24000,三重県,津市,家具・家事用品,152345
2021,24000,三重県,津市,被服及び履物,128610
2021,24000,三重県,津市,保健医療,186655
2021,24000,三重県,津市,交通・通信,685332
2021,24000,三重県,津市,教育,153126
2021,24000,三重県,津市,教養娯楽,328356
2021,24000,三重県,津市,その他の消費支出,565778
2021,25000,滋賀県,大津市,食料,1019326
2021,25000,滋賀県,大津市,住居,162765
2021,25000,滋賀県,大津市,光熱・水道,258059
2021,25000,滋賀県,大津市,家具・家事用品,176607
2021,25000,滋賀県,大津市,被服及び履物,124625
2021,25000,滋賀県,大津市,保健医療,187944
2021,25000,滋賀県,大津市,交通・通信,575039
2021,25000,滋賀県,大津市,教育,139286
2021,25000,滋賀県,大津市,教養娯楽,324344
2021,25000,滋賀県,大津市,その他の消費支出,595759
2021,26000,京都府,京都市,食料,1023870
2021,26000,京都府,京都市,住居,205697
2021,26000,京都府,京都市,光熱・水道,249053
2021,26000,京都府,京都市,家具・家事用品,129860
2021,26000,京都府,京都市,被服及び履物,99713
2021,26000,京都府,京都市,保健医療,164029
2021,26000,京都府,京都市,交通・通信,474672
2021,26000,京都府,京都市,教育,195669
2021,26000,京都府,京都市,教養娯楽,324266
2021,26000,京都府,京都市,その他の消費支出,531664
2021,27000,大阪府,大阪市,食料,976597
2021,27000,大阪府,大阪市,住居,279564
2021,27000,大阪府,大阪市,光熱・水道,236813
2021,27000,大阪府,大阪市,家具・家事用品,126104
2021,27000,大阪府,大阪市,被服及び履物,116461
2021,27000,大阪府,大阪市,保健医療,151953
2021,27000,大阪府,大阪市,交通・通信,294620
2021,27000,大阪府,大阪市,教育,127494
2021,27000,大阪府,大阪市,教養娯楽,252214
2021,27000,大阪府,大阪市,その他の消費支出,437938
2021,28000,兵庫県,神戸市,食料,970667
2021,28000,兵庫県,神戸市,住居,301051
2021,28000,兵庫県,神戸市,光熱・水道,209045
2021,28000,兵庫県,神戸市,家具・家事用品,153803
2021,28000,兵庫県,神戸市,被服及び履物,116181
2021,28000,兵庫県,神戸市,保健医療,179729
2021,28000,兵庫県,神戸市,交通・通信,448884
2021,28000,兵庫県,神戸市,教育,198249
2021,28000,兵庫県,神戸市,教養娯楽,355161
2021,28000,兵庫県,神戸市,その他の消費支出,511425
2021,29000,奈良県,奈良市,食料,981206
2021,29000,奈良県,奈良市,住居,218461
2021,29000,奈良県,奈良市,光熱・水道,256897
2021,29000,奈良県,奈良市,家具・家事用品,139211
2021,29000,奈良県,奈良市,被服及び履物,102321
2021,29000,奈良県,奈良市,保健医療,196831
2021,29000,奈良県,奈良市,交通・通信,544441
2021,29000,奈良県,奈良市,教育,108892
2021,29000,奈良県,奈良市,教養娯楽,324836
2021,29000,奈良県,奈良市,その他の消費支出,617022
2021,30000,和歌山県,和歌山市,食料,829390
2021,30000,和歌山県,和歌山市,住居,131014
2021,30000,和歌山県,和歌山市,光熱・水道,230317
2021,30000,和歌山県,和歌山市,家具・家事用品,132266
2021,30000,和歌山県,和歌山市,被服及び履物,77737
2021,30000,和歌山県,和歌山市,保健医療,142829
2021,30000,和歌山県,和歌山市,交通・通信,333527
2021,30000,和歌山県,和歌山市,教育,97720
2021,30000,和歌山県,和歌山市,教養娯楽,226943
2021,30000,和歌山県,和歌山市,その他の消費支出,506700
2021,31000,鳥取県,鳥取市,食料,880490
2021,31000,鳥取県,鳥取市,住居,220779
2021,31000,鳥取県,鳥取市,光熱・水道,261811
2021,31000,鳥取県,鳥取市,家具・家事用品,121707
2021,31000,鳥取県,鳥取市,被服及び履物,97696
2021,31000,鳥取県,鳥取市,保健医療,143421
2021,31000,鳥取県,鳥取市,交通・通信,664327
2021,31000,鳥取県,鳥取市,教育,102107
2021,31000,鳥取県,鳥取市,教養娯楽,276341
2021,31000,鳥取県,鳥取市,その他の消費支出,518450
2021,32000,島根県,松江市,食料,907149
2021,32000,島根県,松江市,住居,218921
2021,32000,島根県,松江市,光熱・水道,306569
2021,32000,島根県,松江市,家具・家事用品,135814
2021,32000,島根県,松江市,被服及び履物,107988
2021,32000,島根県,松江市,保健医療,166620
2021,32000,島根県,松江市,交通・通信,477358
2021,32000,島根県,松江市,教育,81892
2021,32000,島根県,松江市,教養娯楽,304670
2021,32000,島根県,松江市,その他の消費支出,580120
2021,33000,岡山県,岡山市,食料,893378
2021,33000,岡山県,岡山市,住居,242419
2021,33000,岡山県,岡山市,光熱・水道,257552
2021,33000,岡山県,岡山市,家具・家事用品,151652
2021,33000,岡山県,岡山市,被服及び履物,110788
2021,33000,岡山県,岡山市,保健医療,182909
2021,33000,岡山県,岡山市,交通・通信,504129
2021,33000,岡山県,岡山市,教育,165361
2021,33000,岡山県,岡山市,教養娯楽,265312
2021,33000,岡山県,岡山市,その他の消費支出,545737
2021,34000,広島県,広島市,食料,931982
2021,34000,広島県,広島市,住居,284480
2021,34000,広島県,広島市,光熱・水道,260037
2021,34000,広島県,広島市,家具・家事用品,148560
2021,34000,広島県,広島市,被服及び履物,119061
2021,34000,広島県,広島市,保健医療,165257
2021,34000,広島県,広島市,交通・通信,440875
2021,34000,広島県,広島市,教育,140780
2021,34000,広島県,広島市,教養娯楽,337269
2021,34000,広島県,広島市,その他の消費支出,584774
2021,35000,山口県,山口市,食料,875716
2021,35000,山口県,山口市,住居,304526
2021,35000,山口県,山口市,光熱・水道,269603
2021,35000,山口県,山口市,家具・家事用品,138616
2021,35000,山口県,山口市,被服及び履物,98897
2021,35000,山口県,山口市,保健医療,161029
2021,35000,山口県,山口市,交通・通信,516646
2021,35000,山口県,山口市,教育,113274
2021,35000,山口県,山口市,教養娯楽,281660
2021,35000,山口県,山口市,その他の消費支出,638986
2021,36000,徳島県,徳島市,食料,972659
2021,36000,徳島県,徳島市,住居,188694
2021,36000,徳島県,徳島市,光熱・水道,252402
2021,36000,徳島県,徳島市,家具・家事用品,154010
2021,36000,徳島県,徳島市,被服及び履物,101242
2021,36000,徳島県,徳島市,保健医療,167687
2021,36000,徳島県,徳島市,交通・通信,563302
2021,36000,徳島県,徳島市,教育,112296
2021,36000,徳島県,徳島市,教養娯楽,330798
2021,36000,徳島県,徳島市,その他の消費支出,739278
2021,37000,香川県,高松市,食料,920041
2021,37000,香川県,高松市,住居,220940
2021,37000,香川県,高松市,光熱・水道,251039
2021,37000,香川県,高松市,家具・家事用品,126891
2021,37000,香川県,高松市,被服及び履物,93534
2021,37000,香川県,高松市,保健医療,167731
2021,37000,香川県,高松市,交通・通信,415824
2021,37000,香川県,高松市,教育,98783
2021,37000,香川県,高松市,教養娯楽,284572
2021,37000,香川県,高松市,その他の消費支出,715090
2021,38000,愛媛県,松山市,食料,850010
2021,38000,愛媛県,松山市,住居,157625
2021,38000,愛媛県,松山市,光熱・水道,239934
2021,38000,愛媛県,松山市,家具・家事用品,172008
2021,38000,愛媛県,松山市,被服及び履物,93990
2021,38000,愛媛県,松山市,保健医療,149116
2021,38000,愛媛県,松山市,交通・通信,322231
2021,38000,愛媛県,松山市,教育,148233
2021,38000,愛媛県,松山市,教養娯楽,253640
2021,38000,愛媛県,松山市,その他の消費支出,535546
2021,39000,高知県,高知市,食料,949039
2021,39000,高知県,高知市,住居,243337
2021,39000,高知県,高知市,光熱・水道,246078
2021,39000,高知県,高知市,家具・家事用品,122307
2021,39000,高知県,高知市,被服及び履物,103132
2021,39000,高知県,高知市,保健医療,143352
2021,39000,高知県,高知市,交通・通信,598807
2021,39000,高知県,高知市,教育,119391
2021,39000,高知県,高知市,教養娯楽,290188
2021,39000,高知県,高知市,その他の消費支出,553840
2021,40000,福岡県,福岡市,食料,945556
2021,40000,福岡県,福岡市,住居,251177
2021,40000,福岡県,福岡市,光熱・水道,238320
2021,40000,福岡県,福岡市,家具・家事用品,152798
2021,40000,福岡県,福岡市,被服及び履物,138128
2021,40000,福岡県,福岡市,保健医療,173851
2021,40000,福岡県,福岡市,交通・通信,453494
2021,40000,福岡県,福岡市,教育,200858
2021,40000,福岡県,福岡市,教養娯楽,300586
2021,40000,福岡県,福岡市,その他の消費支出,571161
2021,41000,佐賀県,佐賀市,食料,882406
2021,41000,佐賀県,佐賀市,住居,307240
2021,41000,佐賀県,佐賀市,光熱・水道,273111
2021,41000,佐賀県,佐賀市,家具・家事用品,151714
2021,41000,佐賀県,佐賀市,被服及び履物,99965
2021,41000,佐賀県,佐賀市,保健医療,183815
2021,41000,佐賀県,佐賀市,交通・通信,509534
2021,41000,佐賀県,佐賀市,教育,77326
2021,41000,佐賀県,佐賀市,教養娯楽,235333
2021,41000,佐賀県,佐賀市,その他の消費支出,574901
2021,42000,長崎県,長崎市,食料,886667
2021,42000,長崎県,長崎市,住居,213084
2021,42000,長崎県,長崎市,光熱・水道,255681
2021,42000,長崎県,長崎市,家具・家事用品,130991
2021,42000,長崎県,長崎市,被服及び履物,87440
2021,42000,長崎県,長崎市,保健医療,172933
2021,42000,長崎県,長崎市,交通・通信,414336
2021,42000,長崎県,長崎市,教育,63871
2021,42000,長崎県,長崎市,教養娯楽,227804
2021,42000,長崎県,長崎市,その他の消費支出,547138
2021,43000,熊本県,熊本市,食料,909352
2021,43000,熊本県,熊本市,住居,320598
2021,43000,熊本県,熊本市,光熱・水道,246661
2021,43000,熊本県,熊本市,家具・家事用品,149700
2021,43000,熊本県,熊本市,被服及び履物,119428
2021,43000,熊本県,熊本市,保健医療,174530
2021,43000,熊本県,熊本市,交通・通信,503736
2021,43000,熊本県,熊本市,教育,117695
2021,43000,熊本県,熊本市,教養娯楽,278652
2021,43000,熊本県,熊本市,その他の消費支出,675354
2021,44000,大分県,大分市,食料,857049
2021,44000,大分県,大分市,住居,284837
2021,44000,大分県,大分市,光熱・水道,230661
2021,44000,大分県,大分市,家具・家事用品,136484
2021,44000,大分県,大分市,被服及び履物,113570
2021,44000,大分県,大分市,保健医療,157533
2021,44000,大分県,大分市,交通・通信,498004
2021,44000,大分県,大分市,教育,80270
2021,44000,大分県,大分市,教養娯楽,274642
2021,44000,大分県,大分市,その他の消費支出,621693
2021,45000,宮崎県,宮崎市,食料,886666
2021,45000,宮崎県,宮崎市,住居,153070
2021,45000,宮崎県,宮崎市,光熱・水道,223851
2021,45000,宮崎県,宮崎市,家具・家事用品,129117
2021,45000,宮崎県,宮崎市,被服及び履物,96733
2021,45000,宮崎県,宮崎市,保健医療,140177
2021,45000,宮崎県,宮崎市,交通・通信,467065
2021,45000,宮崎県,宮崎市,教育,87618
2021,45000,宮崎県,宮崎市,教養娯楽,274655
2021,45000,宮崎県,宮崎市,その他の消費支出,579876
2021,46000,鹿児島県,鹿児島市,食料,907835
2021,46000,鹿児島県,鹿児島市,住居,264893
2021,46000,鹿児島県,鹿児島市,光熱・水道,234282
2021,46000,鹿児島県,鹿児島市,家具・家事用品,155376
2021,46000,鹿児島県,鹿児島市,被服及び履物,114974
2021,46000,鹿児島県,鹿児島市,保健医療,195688
2021,46000,鹿児島県,鹿児島市,交通・通信,700629
2021,46000,鹿児島県,鹿児島市,教育,86970
2021,46000,鹿児島県,鹿児島市,教養娯楽,279276
2021,46000,鹿児島県,鹿児島市,その他の消費支出,650050
2021,47000,沖縄県,那覇市,食料,836921
2021,47000,沖縄県,那覇市,住居,327427
2021,47000,沖縄県,那覇市,光熱・水道,234153
2021,47000,沖縄県,那覇市,家具・家事用品,109235
2021,47000,沖縄県,那覇市,被服及び履物,67792
2021,47000,沖縄県,那覇市,保健医療,139666
2021,47000,沖縄県,那覇市,交通・通信,344516
2021,47000,沖縄県,那覇市,教育,73584
2021,47000,沖縄県,那覇市,教養娯楽,212053
2021,47000,沖縄県,那覇市,その他の消費支出,394064
2022,01000,北海道,札幌市,食料,933673
2022,01000,北海道,札幌市,住居,298472
2022,01000,北海道,札幌市,光熱・水道,360823
2022,01000,北海道,札幌市,家具・家事用品,123144
2022,01000,北海道,札幌市,被服及び履物,111370
2022,01000,北海道,札幌市,保健医療,145275
2022,01000,北海道,札幌市,交通・通信,426233
2022,01000,北海道,札幌市,教育,114627
2022,01000,北海道,札幌市,教養娯楽,345655
2022,01000,北海道,札幌市,その他の消費支出,473570
2022,02000,青森県,青森市,食料,928529
2022,02000,青森県,青森市,住居,126494
2022,02000,青森県,青森市,光熱・水道,388267
2022,02000,青森県,青森市,家具・家事用品,121333
2022,02000,青森県,青森市,被服及び履物,87663
2022,02000,青森県,青森市,保健医療,113192
2022,02000,青森県,青森市,交通・通信,410611
2022,02000,青森県,青森市,教育,66495
2022,02000,青森県,青森市,教養娯楽,245726
2022,02000,青森県,青森市,その他の消費支出,507611
2022,03000,岩手県,盛岡市,食料,977053
2022,03000,岩手県,盛岡市,住居,225772
2022,03000,岩手県,盛岡市,光熱・水道,379840
2022,03000,岩手県,盛岡市,家具・家事用品,144349
2022,03000,岩手県,盛岡市,被服及び履物,108760
2022,03000,岩手県,盛岡市,保健医療,163421
2022,03000,岩手県,盛岡市,交通・通信,476978
2022,03000,岩手県,盛岡市,教育,93435
2022,03000,岩手県,盛岡市,教養娯楽,317596
2022,03000,岩手県,盛岡市,その他の消費支出,542580
2022,04000,宮城県,仙台市,食料,996745
2022,04000,宮城県,仙台市,住居,275419
2022,04000,宮城県,仙台市,光熱・水道,301796
2022,04000,宮城県,仙台市,家具・家事用品,136026
2022,04000,宮城県,仙台市,被服及び履物,114699
2022,04000,宮城県,仙台市,保健医療,174257
2022,04000,宮城県,仙台市,交通・通信,493128
2022,04000,宮城県,仙台市,教育,67633
2022,04000,宮城県,仙台市,教養娯楽,329988
2022,04000,宮城県,仙台市,その他の消費支出,563677
2022,05000,秋田県,秋田市,食料,937367
2022,05000,秋田県,秋田市,住居,158302
2022,05000,秋田県,秋田市,光熱・水道,355475
2022,05000,秋田県,秋田市,家具・家事用品,138606
2022,05000,秋田県,秋田市,被服及び履物,105842
2022,05000,秋田県,秋田市,保健医療,141008
2022,05000,秋田県,秋田市,交通・通信,540567
2022,05000,秋田県,秋田市,教育,102703
2022,05000,秋田県,秋田市,教養娯楽,304607
2022,05000,秋田県,秋田市,その他の消費支出,522067
2022,06000,山形県,山形市,食料,993210
2022,06000,山形県,山形市,住居,194152
2022,06000,山形県,山形市,光熱・水道,398364
2022,06000,山形県,山形市,家具・家事用品,123854
2022,06000,山形県,山形市,被服及び履物,100977
2022,06000,山形県,山形市,保健医療,150323
2022,06000,山形県,山形市,交通・通信,489270
2022,06000,山形県,山形市,教育,92813
2022,06000,山形県,山形市,教養娯楽,283856
2022,06000,山形県,山形市,その他の消費支出,491991
2022,07000,福島県,福島市,食料,1030922
2022,07000,福島県,福島市,住居,250652
2022,07000,福島県,福島市,光熱・水道,350747
2022,07000,福島県,福島市,家具・家事用品,140852
2022,07000,福島県,福島市,被服及び履物,107451
2022,07000,福島県,福島市,保健医療,158705
2022,07000,福島県,福島市,交通・通信,538055
2022,07000,福島県,福島市,教育,130178
2022,07000,福島県,福島市,教養娯楽,325486
2022,07000,福島県,福島市,その他の消費支出,510284
2022,08000,茨城県,水戸市,食料,928503
2022,08000,茨城県,水戸市,住居,225686
2022,08000,茨城県,水戸市,光熱・水道,321330
2022,08000,茨城県,水戸市,家具・家事用品,130551
2022,08000,茨城県,水戸市,被服及び履物,123670
2022,08000,茨城県,水戸市,保健医療,177682
2022,08000,茨城県,水戸市,交通・通信,656868
2022,08000,茨城県,水戸市,教育,111982
2022,08000,茨城県,水戸市,教養娯楽,327048
2022,08000,茨城県,水戸市,その他の消費支出,573319
2022,09000,栃木県,宇都宮市,食料,1028668
2022,09000,栃木県,宇都宮市,住居,250428
2022,09000,栃木県,宇都宮市,光熱・水道,310137
2022,09000,栃木県,宇都宮市,家具・家事用品,140867
2022,09000,栃木県,宇都宮市,被服及び履物,115939
2022,09000,栃木県,宇都宮市,保健医療,187527
2022,09000,栃木県,宇都宮市,交通・通信,502762
2022,09000,栃木県,宇都宮市,教育,178131
2022,09000,栃木県,宇都宮市,教養娯楽,304416
2022,09000,栃木県,宇都宮市,その他の消費支出,548463
2022,10000,群馬県,前橋市,食料,991422
2022,10000,群馬県,前橋市,住居,235774
2022,10000,群馬県,前橋市,光熱・水道,284687
2022,10000,群馬県,前橋市,家具・家事用品,172896
2022,10000,群馬県,前橋市,被服及び履物,124369
2022,10000,群馬県,前橋市,保健医療,183924
2022,10000,群馬県,前橋市,交通・通信,556715
2022,10000,群馬県,前橋市,教育,128447
2022,10000,群馬県,前橋市,教養娯楽,364023
2022,10000,群馬県,前橋市,その他の消費支出,682632
2022,11000,埼玉県,さいたま市,食料,1092503
2022,11000,埼玉県,さいたま市,住居,261835
2022,11000,埼玉県,さいたま市,光熱・水道,316071
2022,11000,埼玉県,さいたま市,家具・家事用品,165100
2022,11000,埼玉県,さいたま市,被服及び履物,132081
2022,11000,埼玉県,さいたま市,保健医療,175206
2022,11000,埼玉県,さいたま市,交通・通信,461850
2022,11000,埼玉県,さいたま市,教育,335521
2022,11000,埼玉県,さいたま市,教養娯楽,427035
2022,11000,埼玉県,さいたま市,その他の消費支出,530317
2022,12000,千葉県,千葉市,食料,1057610
2022,12000,千葉県,千葉市,住居,209645
2022,12000,千葉県,千葉市,光熱・水道,274385
2022,12000,千葉県,千葉市,家具・家事用品,136147
2022,12000,千葉県,千葉市,被服及び履物,118077
2022,12000,千葉県,千葉市,保健医療,197350
2022,12000,千葉県,千葉市,交通・通信,577849
2022,12000,千葉県,千葉市,教育,129966
2022,12000,千葉県,千葉市,教養娯楽,366992
2022,12000,千葉県,千葉市,その他の消費支出,586968
2022,13000,東京都,東京,食料,1103757
2022,13000,東京都,東京,住居,359858
2022,13000,東京都,東京,光熱・水道,274146
2022,13000,東京都,東京,家具・家事用品,142222
2022,13000,東京都,東京,被服及び履物,141561
2022,13000,東京都,東京,保健医療,208441
2022,13000,東京都,東京,交通・通信,392465
2022,13000,東京都,東京,教育,232616
2022,13000,東京都,東京,教養娯楽,407754
2022,13000,東京都,東京,その他の消費支出,596776
2022,14000,神奈川県,横浜市,食料,1078799
2022,14000,神奈川県,横浜市,住居,276782
2022,14000,神奈川県,横浜市,光熱・水道,260786
2022,14000,神奈川県,横浜市,家具・家事用品,156560
2022,14000,神奈川県,横浜市,被服及び履物,135809
2022,14000,神奈川県,横浜市,保健医療,197645
2022,14000,神奈川県,横浜市,交通・通信,415881
2022,14000,神奈川県,横浜市,教育,253936
2022,14000,神奈川県,横浜市,教養娯楽,361401
2022,14000,神奈川県,横浜市,その他の消費支出,478950
2022,15000,新潟県,新潟市,食料,1018842
2022,15000,新潟県,新潟市,住居,227170
2022,15000,新潟県,新潟市,光熱・水道,346839
2022,15000,新潟県,新潟市,家具・家事用品,140614
2022,15000,新潟県,新潟市,被服及び履物,100169
2022,15000,新潟県,新潟市,保健医療,151537
2022,15000,新潟県,新潟市,交通・通信,545040
2022,15000,新潟県,新潟市,教育,119223
2022,15000,新潟県,新潟市,教養娯楽,309548
2022,15000,新潟県,新潟市,その他の消費支出,585000
2022,16000,富山県,富山市,食料,1060683
2022,16000,富山県,富山市,住居,178140
2022,16000,富山県,富山市,光熱・水道,369335
2022,16000,富山県,富山市,家具・家事用品,157435
2022,16000,富山県,富山市,被服及び履物,122473
2022,16000,富山県,富山市,保健医療,191371
2022,16000,富山県,富山市,交通・通信,576847
2022,16000,富山県,富山市,教育,112431
2022,16000,富山県,富山市,教養娯楽,374770
2022,16000,富山県,富山市,その他の消費支出,658125
2022,17000,石川県,金沢市,食料,1061388
2022,17000,石川県,金沢市,住居,166606
2022,17000,石川県,金沢市,光熱・水道,330414
2022,17000,石川県,金沢市,家具・家事用品,143641
2022,17000,石川県,金沢市,被服及び履物,126218
2022,17000,石川県,金沢市,保健医療,204074
2022,17000,石川県,金沢市,交通・通信,553727
2022,17000,石川県,金沢市,教育,140189
2022,17000,石川県,金沢市,教養娯楽,410762
2022,17000,石川県,金沢市,その他の消費支出,532729
2022,18000,福井県,福井市,食料,955659
2022,18000,福井県,福井市,住居,74640
2022,18000,福井県,福井市,光熱・水道,327278
2022,18000,福井県,福井市,家具・家事用品,145716
2022,18000,福井県,福井市,被服及び履物,101627
2022,18000,福井県,福井市,保健医療,138748
2022,18000,福井県,福井市,交通・通信,547297
2022,18000,福井県,福井市,教育,93696
2022,18000,福井県,福井市,教養娯楽,287577
2022,18000,福井県,福井市,その他の消費支出,619350
2022,19000,山梨県,甲府市,食料,966480
2022,19000,山梨県,甲府市,住居,245028
2022,19000,山梨県,甲府市,光熱・水道,293521
2022,19000,山梨県,甲府市,家具・家事用品,147407
2022,19000,山梨県,甲府市,被服及び履物,122636
2022,19000,山梨県,甲府市,保健医療,173421
2022,19000,山梨県,甲府市,交通・通信,491983
2022,19000,山梨県,甲府市,教育,74303
2022,19000,山梨県,甲府市,教養娯楽,282758
2022,19000,山梨県,甲府市,その他の消費支出,629462
2022,20000,長野県,長野市,食料,967268
2022,20000,長野県,長野市,住居,209232
2022,20000,長野県,長野市,光熱・水道,334457
2022,20000,長野県,長野市,家具・家事用品,155103
2022,20000,長野県,長野市,被服及び履物,106722
2022,20000,長野県,長野市,保健医療,174769
2022,20000,長野県,長野市,交通・通信,578481
2022,20000,長野県,長野市,教育,88863
2022,20000,長野県,長野市,教養娯楽,333492
2022,20000,長野県,長野市,その他の消費支出,639193
2022,21000,岐阜県,岐阜市,食料,987211
2022,21000,岐阜県,岐阜市,住居,164661
2022,21000,岐阜県,岐阜市,光熱・水道,331009
2022,21000,岐阜県,岐阜市,家具・家事用品,176696
2022,21000,岐阜県,岐阜市,被服及び履物,132033
2022,21000,岐阜県,岐阜市,保健医療,181661
2022,21000,岐阜県,岐阜市,交通・通信,592875
2022,21000,岐阜県,岐阜市,教育,188718
2022,21000,岐阜県,岐阜市,教養娯楽,340370
2022,21000,岐阜県,岐阜市,その他の消費支出,664529
2022,22000,静岡県,静岡市,食料,1059270
2022,22000,静岡県,静岡市,住居,154491
2022,22000,静岡県,静岡市,光熱・水道,304102
2022,22000,静岡県,静岡市,家具・家事用品,127814
2022,22000,静岡県,静岡市,被服及び履物,118947
2022,22000,静岡県,静岡市,保健医療,184242
2022,22000,静岡県,静岡市,交通・通信,521925
2022,22000,静岡県,静岡市,教育,155261
2022,22000,静岡県,静岡市,教養娯楽,349715
2022,22000,静岡県,静岡市,その他の消費支出,629498
2022,23000,愛知県,名古屋市,食料,1024452
2022,23000,愛知県,名古屋市,住居,270947
2022,23000,愛知県,名古屋市,光熱・水道,297900
2022,23000,愛知県,名古屋市,家具・家事用品,189996
2022,23000,愛知県,名古屋市,被服及び履物,139529
2022,23000,愛知県,名古屋市,保健医療,235283
2022,23000,愛知県,名古屋市,交通・通信,564912
2022,23000,愛知県,名古屋市,教育,145986
2022,23000,愛知県,名古屋市,教養娯楽,384263
2022,23000,愛知県,名古屋市,その他の消費支出,578859
2022,24000,三重県,津市,食料,921190
2022,24000,三重県,津市,住居,185863
2022,24000,三重県,津市,光熱・水道,273800
2022,24000,三重県,津市,家具・家事用品,152103
2022,24000,三重県,津市,被服及び履物,103888
2022,24000,三重県,津市,保健医療,186564
2022,24000,三重県,津市,交通・通信,509880
2022,24000,三重県,津市,教育,93699
2022,24000,三重県,津市,教養娯楽,328686
2022,24000,三重県,津市,その他の消費支出,569549
2022,25000,滋賀県,大津市,食料,1065000
2022,25000,滋賀県,大津市,住居,267631
2022,25000,滋賀県,大津市,光熱・水道,298745
2022,25000,滋賀県,大津市,家具・家事用品,150808
2022,25000,滋賀県,大津市,被服及び履物,142250
2022,25000,滋賀県,大津市,保健医療,194923
2022,25000,滋賀県,大津市,交通・通信,532569
2022,25000,滋賀県,大津市,教育,236877
2022,25000,滋賀県,大津市,教養娯楽,367935
2022,25000,滋賀県,大津市,その他の消費支出,576738
2022,26000,京都府,京都市,食料,1071458
2022,26000,京都府,京都市,住居,274210
2022,26000,京都府,京都市,光熱・水道,285419
2022,26000,京都府,京都市,家具・家事用品,185374
2022,26000,京都府,京都市,被服及び履物,125479
2022,26000,京都府,京都市,保健医療,221139
2022,26000,京都府,京都市,交通・通信,376022
2022,26000,京都府,京都市,教育,143291
2022,26000,京都府,京都市,教養娯楽,350463
2022,26000,京都府,京都市,その他の消費支出,566236
2022,27000,大阪府,大阪市,食料,1031026
2022,27000,大阪府,大阪市,住居,220204
2022,27000,大阪府,大阪市,光熱・水道,265512
2022,27000,大阪府,大阪市,家具・家事用品,127772
2022,27000,大阪府,大阪市,被服及び履物,122658
2022,27000,大阪府,大阪市,保健医療,151662
2022,27000,大阪府,大阪市,交通・通信,342608
2022,27000,大阪府,大阪市,教育,81695
2022,27000,大阪府,大阪市,教養娯楽,334620
2022,27000,大阪府,大阪市,その他の消費支出,504171
2022,28000,兵庫県,神戸市,食料,1047460
2022,28000,兵庫県,神戸市,住居,267272
2022,28000,兵庫県,神戸市,光熱・水道,214759
2022,28000,兵庫県,神戸市,家具・家事用品,114500
2022,28000,兵庫県,神戸市,被服及び履物,133439
2022,28000,兵庫県,神戸市,保健医療,194260
2022,28000,兵庫県,神戸市,交通・通信,488516
2022,28000,兵庫県,神戸市,教育,138770
2022,28000,兵庫県,神戸市,教養娯楽,392945
2022,28000,兵庫県,神戸市,その他の消費支出,589897
2022,29000,奈良県,奈良市,食料,1046008
2022,29000,奈良県,奈良市,住居,307343
2022,29000,奈良県,奈良市,光熱・水道,313420
2022,29000,奈良県,奈良市,家具・家事用品,166696
2022,29000,奈良県,奈良市,被服及び履物,122262
2022,29000,奈良県,奈良市,保健医療,188423
2022,29000,奈良県,奈良市,交通・通信,449763
2022,29000,奈良県,奈良市,教育,122553
2022,29000,奈良県,奈良市,教養娯楽,364223
2022,29000,奈良県,奈良市,その他の消費支出,559822
2022,30000,和歌山県,和歌山市,食料,882505
2022,30000,和歌山県,和歌山市,住居,103434
2022,30000,和歌山県,和歌山市,光熱・水道,269228
2022,30000,和歌山県,和歌山市,家具・家事用品,146450
2022,30000,和歌山県,和歌山市,被服及び履物,90701
2022,30000,和歌山県,和歌山市,保健医療,130729
2022,30000,和歌山県,和歌山市,交通・通信,606192
2022,30000,和歌山県,和歌山市,教育,142970
2022,30000,和歌山県,和歌山市,教養娯楽,265576
2022,30000,和歌山県,和歌山市,その他の消費支出,529133
2022,31000,鳥取県,鳥取市,食料,884910
2022,31000,鳥取県,鳥取市,住居,236997
2022,31000,鳥取県,鳥取市,光熱・水道,303429
2022,31000,鳥取県,鳥取市,家具・家事用品,128580
2022,31000,鳥取県,鳥取市,被服及び履物,94820
2022,31000,鳥取県,鳥取市,保健医療,140518
2022,31000,鳥取県,鳥取市,交通・通信,553311
2022,31000,鳥取県,鳥取市,教育,81093
2022,31000,鳥取県,鳥取市,教養娯楽,277926
2022,31000,鳥取県,鳥取市,その他の消費支出,572754
2022,32000,島根県,松江市,食料,921013
2022,32000,島根県,松江市,住居,182183
2022,32000,島根県,松江市,光熱・水道,343959
2022,32000,島根県,松江市,家具・家事用品,136482
2022,32000,島根県,松江市,被服及び履物,96112
2022,32000,島根県,松江市,保健医療,150948
2022,32000,島根県,松江市,交通・通信,539303
2022,32000,島根県,松江市,教育,71492
2022,32000,島根県,松江市,教養娯楽,319941
2022,32000,島根県,松江市,その他の消費支出,580831
2022,33000,岡山県,岡山市,食料,920690
2022,33000,岡山県,岡山市,住居,238267
2022,33000,岡山県,岡山市,光熱・水道,289092
2022,33000,岡山県,岡山市,家具・家事用品,161309
2022,33000,岡山県,岡山市,被服及び履物,113037
2022,33000,岡山県,岡山市,保健医療,195356
2022,33000,岡山県,岡山市,交通・通信,460274
2022,33000,岡山県,岡山市,教育,153000
2022,33000,岡山県,岡山市,教養娯楽,311199
2022,33000,岡山県,岡山市,その他の消費支出,795348
2022,34000,広島県,広島市,食料,980277
2022,34000,広島県,広島市,住居,280870
2022,34000,広島県,広島市,光熱・水道,294668
2022,34000,広島県,広島市,家具・家事用品,148090
2022,34000,広島県,広島市,被服及び履物,121906
2022,34000,広島県,広島市,保健医療,178236
2022,34000,広島県,広島市,交通・通信,411098
2022,34000,広島県,広島市,教育,154555
2022,34000,広島県,広島市,教養娯楽,331796
2022,34000,広島県,広島市,その他の消費支出,595328
2022,35000,山口県,山口市,食料,941770
2022,35000,山口県,山口市,住居,265864
2022,35000,山口県,山口市,光熱・水道,311346
2022,35000,山口県,山口市,家具・家事用品,159878
2022,35000,山口県,山口市,被服及び履物,114507
2022,35000,山口県,山口市,保健医療,174915
2022,35000,山口県,山口市,交通・通信,659017
2022,35000,山口県,山口市,教育,108871
2022,35000,山口県,山口市,教養娯楽,291856
2022,35000,山口県,山口市,その他の消費支出,754675
2022,36000,徳島県,徳島市,食料,914837
2022,36000,徳島県,徳島市,住居,214935
2022,36000,徳島県,徳島市,光熱・水道,274755
2022,36000,徳島県,徳島市,家具・家事用品,162444
2022,36000,徳島県,徳島市,被服及び履物,122547
2022,36000,徳島県,徳島市,保健医療,184985
2022,36000,徳島県,徳島市,交通・通信,488741
2022,36000,徳島県,徳島市,教育,117536
2022,36000,徳島県,徳島市,教養娯楽,325668
2022,36000,徳島県,徳島市,その他の消費支出,599921
2022,37000,香川県,高松市,食料,914951
2022,37000,香川県,高松市,住居,197859
2022,37000,香川県,高松市,光熱・水道,283284
2022,37000,香川県,高松市,家具・家事用品,131368
2022,37000,香川県,高松市,被服及び履物,105544
2022,37000,香川県,高松市,保健医療,165781
2022,37000,香川県,高松市,交通・通信,454319
2022,37000,香川県,高松市,教育,82008
2022,37000,香川県,高松市,教養娯楽,294988
2022,37000,香川県,高松市,その他の消費支出,734306
2022,38000,愛媛県,松山市,食料,852267
2022,38000,愛媛県,松山市,住居,210703
2022,38000,愛媛県,松山市,光熱・水道,268922
2022,38000,愛媛県,松山市,家具・家事用品,155034
2022,38000,愛媛県,松山市,被服及び履物,99525
2022,38000,愛媛県,松山市,保健医療,148308
2022,38000,愛媛県,松山市,交通・通信,363978
2022,38000,愛媛県,松山市,教育,82675
2022,38000,愛媛県,松山市,教養娯楽,276114
2022,38000,愛媛県,松山市,その他の消費支出,483121
2022,39000,高知県,高知市,食料,932642
2022,39000,高知県,高知市,住居,250470
2022,39000,高知県,高知市,光熱・水道,271303
2022,39000,高知県,高知市,家具・家事用品,126621
2022,39000,高知県,高知市,被服及び履物,104805
2022,39000,高知県,高知市,保健医療,151204
2022,39000,高知県,高知市,交通・通信,585091
2022,39000,高知県,高知市,教育,113554
2022,39000,高知県,高知市,教養娯楽,285795
2022,39000,高知県,高知市,その他の消費支出,596452
2022,40000,福岡県,福岡市,食料,958591
2022,40000,福岡県,福岡市,住居,241274
2022,40000,福岡県,福岡市,光熱・水道,246969
2022,40000,福岡県,福岡市,家具・家事用品,136403
2022,40000,福岡県,福岡市,被服及び履物,119272
2022,40000,福岡県,福岡市,保健医療,171416
2022,40000,福岡県,福岡市,交通・通信,466786
2022,40000,福岡県,福岡市,教育,136196
2022,40000,福岡県,福岡市,教養娯楽,348762
2022,40000,福岡県,福岡市,その他の消費支出,609514
2022,41000,佐賀県,佐賀市,食料,898859
2022,41000,佐賀県,佐賀市,住居,267301
2022,41000,佐賀県,佐賀市,光熱・水道,277582
2022,41000,佐賀県,佐賀市,家具・家事用品,137667
2022,41000,佐賀県,佐賀市,被服及び履物,106804
2022,41000,佐賀県,佐賀市,保健医療,171841
2022,41000,佐賀県,佐賀市,交通・通信,532344
2022,41000,佐賀県,佐賀市,教育,101169
2022,41000,佐賀県,佐賀市,教養娯楽,261319
2022,41000,佐賀県,佐賀市,その他の消費支出,530977
2022,42000,長崎県,長崎市,食料,930995
2022,42000,長崎県,長崎市,住居,277514
2022,42000,長崎県,長崎市,光熱・水道,283267
2022,42000,長崎県,長崎市,家具・家事用品,138121
2022,42000,長崎県,長崎市,被服及び履物,99888
2022,42000,長崎県,長崎市,保健医療,192360
2022,42000,長崎県,長崎市,交通・通信,392857
2022,42000,長崎県,長崎市,教育,103770
2022,42000,長崎県,長崎市,教養娯楽,217932
2022,42000,長崎県,長崎市,その他の消費支出,616841
2022,43000,熊本県,熊本市,食料,896646
2022,43000,熊本県,熊本市,住居,363880
2022,43000,熊本県,熊本市,光熱・水道,250277
2022,43000,熊本県,熊本市,家具・家事用品,158044
2022,43000,熊本県,熊本市,被服及び履物,119262
2022,43000,熊本県,熊本市,保健医療,178342
2022,43000,熊本県,熊本市,交通・通信,439027
2022,43000,熊本県,熊本市,教育,120978
2022,43000,熊本県,熊本市,教養娯楽,302661
2022,43000,熊本県,熊本市,その他の消費支出,552919
2022,44000,大分県,大分市,食料,955253
2022,44000,大分県,大分市,住居,225839
2022,44000,大分県,大分市,光熱・水道,257961
2022,44000,大分県,大分市,家具・家事用品,144904
2022,44000,大分県,大分市,被服及び履物,139949
2022,44000,大分県,大分市,保健医療,168597
2022,44000,大分県,大分市,交通・通信,498259
2022,44000,大分県,大分市,教育,126476
2022,44000,大分県,大分市,教養娯楽,355485
2022,44000,大分県,大分市,その他の消費支出,703998
2022,45000,宮崎県,宮崎市,食料,892970
2022,45000,宮崎県,宮崎市,住居,185194
2022,45000,宮崎県,宮崎市,光熱・水道,260861
2022,45000,宮崎県,宮崎市,家具・家事用品,141905
2022,45000,宮崎県,宮崎市,被服及び履物,99215
2022,45000,宮崎県,宮崎市,保健医療,178190
2022,45000,宮崎県,宮崎市,交通・通信,484127
2022,45000,宮崎県,宮崎市,教育,92892
2022,45000,宮崎県,宮崎市,教養娯楽,271773
2022,45000,宮崎県,宮崎市,その他の消費支出,652233
2022,46000,鹿児島県,鹿児島市,食料,901105
2022,46000,鹿児島県,鹿児島市,住居,249891
2022,46000,鹿児島県,鹿児島市,光熱・水道,255983
2022,46000,鹿児島県,鹿児島市,家具・家事用品,131640
2022,46000,鹿児島県,鹿児島市,被服及び履物,104610
2022,46000,鹿児島県,鹿児島市,保健医療,199586
2022,46000,鹿児島県,鹿児島市,交通・通信,493227
2022,46000,鹿児島県,鹿児島市,教育,133505
2022,46000,鹿児島県,鹿児島市,教養娯楽,283113
2022,46000,鹿児島県,鹿児島市,その他の消費支出,596547
2022,47000,沖縄県,那覇市,食料,861441
2022,47000,沖縄県,那覇市,住居,302308
2022,47000,沖縄県,那覇市,光熱・水道,264445
2022,47000,沖縄県,那覇市,家具・家事用品,136995
2022,47000,沖縄県,那覇市,被服及び履物,87005
2022,47000,沖縄県,那覇市,保健医療,139917
2022,47000,沖縄県,那覇市,交通・通信,432340
2022,47000,沖縄県,那覇市,教育,109512
2022,47000,沖縄県,那覇市,教養娯楽,228089
2022,47000,沖縄県,那覇市,その他の消費支出,458767
2023,01000,北海道,札幌市,食料,949125
2023,01000,北海道,札幌市,住居,320802
2023,01000,北海道,札幌市,光熱・水道,340050
2023,01000,北海道,札幌市,家具・家事用品,123855
2023,01000,北海道,札幌市,被服及び履物,127976
2023,01000,北海道,札幌市,保健医療,187819
2023,01000,北海道,札幌市,交通・通信,602038
2023,01000,北海道,札幌市,教育,82947
2023,01000,北海道,札幌市,教養娯楽,321324
2023,01000,北海道,札幌市,その他の消費支出,506716
2023,02000,青森県,青森市,食料,987997
2023,02000,青森県,青森市,住居,173408
2023,02000,青森県,青森市,光熱・水道,365723
2023,02000,青森県,青森市,家具・家事用品,137440
2023,02000,青森県,青森市,被服及び履物,84568
2023,02000,青森県,青森市,保健医療,145333
2023,02000,青森県,青森市,交通・通信,413154
2023,02000,青森県,青森市,教育,80556
2023,02000,青森県,青森市,教養娯楽,259461
2023,02000,青森県,青森市,その他の消費支出,512817
2023,03000,岩手県,盛岡市,食料,1038655
2023,03000,岩手県,盛岡市,住居,223180
2023,03000,岩手県,盛岡市,光熱・水道,358230
2023,03000,岩手県,盛岡市,家具・家事用品,144122
2023,03000,岩手県,盛岡市,被服及び履物,126666
2023,03000,岩手県,盛岡市,保健医療,176122
2023,03000,岩手県,盛岡市,交通・通信,551296
2023,03000,岩手県,盛岡市,教育,80980
2023,03000,岩手県,盛岡市,教養娯楽,352374
2023,03000,岩手県,盛岡市,その他の消費支出,530812
2023,04000,宮城県,仙台市,食料,1057765
2023,04000,宮城県,仙台市,住居,262974
2023,04000,宮城県,仙台市,光熱・水道,303456
2023,04000,宮城県,仙台市,家具・家事用品,146902
2023,04000,宮城県,仙台市,被服及び履物,126906
2023,04000,宮城県,仙台市,保健医療,202985
2023,04000,宮城県,仙台市,交通・通信,578411
2023,04000,宮城県,仙台市,教育,134991
2023,04000,宮城県,仙台市,教養娯楽,336380
2023,04000,宮城県,仙台市,その他の消費支出,515718
2023,05000,秋田県,秋田市,食料,998325
2023,05000,秋田県,秋田市,住居,143450
2023,05000,秋田県,秋田市,光熱・水道,354175
2023,05000,秋田県,秋田市,家具・家事用品,121772
2023,05000,秋田県,秋田市,被服及び履物,84773
2023,05000,秋田県,秋田市,保健医療,150019
2023,05000,秋田県,秋田市,交通・通信,503195
2023,05000,秋田県,秋田市,教育,51820
2023,05000,秋田県,秋田市,教養娯楽,290116
2023,05000,秋田県,秋田市,その他の消費支出,567388
2023,06000,山形県,山形市,食料,1089428
2023,06000,山形県,山形市,住居,247352
2023,06000,山形県,山形市,光熱・水道,383446
2023,06000,山形県,山形市,家具・家事用品,154034
2023,06000,山形県,山形市,被服及び履物,102691
2023,06000,山形県,山形市,保健医療,182623
2023,06000,山形県,山形市,交通・通信,726723
2023,06000,山形県,山形市,教育,87220
2023,06000,山形県,山形市,教養娯楽,338971
2023,06000,山形県,山形市,その他の消費支出,563421
2023,07000,福島県,福島市,食料,1012296
2023,07000,福島県,福島市,住居,265906
2023,07000,福島県,福島市,光熱・水道,337967
2023,07000,福島県,福島市,家具・家事用品,156984
2023,07000,福島県,福島市,被服及び履物,107324
2023,07000,福島県,福島市,保健医療,160132
2023,07000,福島県,福島市,交通・通信,590551
2023,07000,福島県,福島市,教育,121486
2023,07000,福島県,福島市,教養娯楽,348170
2023,07000,福島県,福島市,その他の消費支出,585419
2023,08000,茨城県,水戸市,食料,979845
2023,08000,茨城県,水戸市,住居,224524
2023,08000,茨城県,水戸市,光熱・水道,297862
2023,08000,茨城県,水戸市,家具・家事用品,154250
2023,08000,茨城県,水戸市,被服及び履物,122733
2023,08000,茨城県,水戸市,保健医療,160916
2023,08000,茨城県,水戸市,交通・通信,600953
2023,08000,茨城県,水戸市,教育,82026
2023,08000,茨城県,水戸市,教養娯楽,347472
2023,08000,茨城県,水戸市,その他の消費支出,723224
2023,09000,栃木県,宇都宮市,食料,1107810
2023,09000,栃木県,宇都宮市,住居,209202
2023,09000,栃木県,宇都宮市,光熱・水道,295846
2023,09000,栃木県,宇都宮市,家具・家事用品,156684
2023,09000,栃木県,宇都宮市,被服及び履物,134139
2023,09000,栃木県,宇都宮市,保健医療,177623
2023,09000,栃木県,宇都宮市,交通・通信,659634
2023,09000,栃木県,宇都宮市,教育,139204
2023,09000,栃木県,宇都宮市,教養娯楽,397753
2023,09000,栃木県,宇都宮市,その他の消費支出,624821
2023,10000,群馬県,前橋市,食料,964362
2023,10000,群馬県,前橋市,住居,215591
2023,10000,群馬県,前橋市,光熱・水道,261404
2023,10000,群馬県,前橋市,家具・家事用品,148877
2023,10000,群馬県,前橋市,被服及び履物,145620
2023,10000,群馬県,前橋市,保健医療,140225
2023,10000,群馬県,前橋市,交通・通信,586933
2023,10000,群馬県,前橋市,教育,72525
2023,10000,群馬県,前橋市,教養娯楽,340443
2023,10000,群馬県,前橋市,その他の消費支出,527209
2023,11000,埼玉県,さいたま市,食料,1184112
2023,11000,埼玉県,さいたま市,住居,165881
2023,11000,埼玉県,さいたま市,光熱・水道,297427
2023,11000,埼玉県,さいたま市,家具・家事用品,169465
2023,11000,埼玉県,さいたま市,被服及び履物,170892
2023,11000,埼玉県,さいたま市,保健医療,252777
2023,11000,埼玉県,さいたま市,交通・通信,536245
2023,11000,埼玉県,さいたま市,教育,216692
2023,11000,埼玉県,さいたま市,教養娯楽,427378
2023,11000,埼玉県,さいたま市,その他の消費支出,708237
2023,12000,千葉県,千葉市,食料,1134924
2023,12000,千葉県,千葉市,住居,223548
2023,12000,千葉県,千葉市,光熱・水道,269656
2023,12000,千葉県,千葉市,家具・家事用品,157255
2023,12000,千葉県,千葉市,被服及び履物,128982
2023,12000,千葉県,千葉市,保健医療,196154
2023,12000,千葉県,千葉市,交通・通信,475380
2023,12000,千葉県,千葉市,教育,88444
2023,12000,千葉県,千葉市,教養娯楽,391498
2023,12000,千葉県,千葉市,その他の消費支出,617470
2023,13000,東京都,東京,食料,1236317
2023,13000,東京都,東京,住居,317493
2023,13000,東京都,東京,光熱・水道,273129
2023,13000,東京都,東京,家具・家事用品,161197
2023,13000,東京都,東京,被服及び履物,150726
2023,13000,東京都,東京,保健医療,218942
2023,13000,東京都,東京,交通・通信,395636
2023,13000,東京都,東京,教育,289929
2023,13000,東京都,東京,教養娯楽,501694
2023,13000,東京都,東京,その他の消費支出,550780
2023,14000,神奈川県,横浜市,食料,1104304
2023,14000,神奈川県,横浜市,住居,139863
2023,14000,神奈川県,横浜市,光熱・水道,266092
2023,14000,神奈川県,横浜市,家具・家事用品,178775
2023,14000,神奈川県,横浜市,被服及び履物,151997
2023,14000,神奈川県,横浜市,保健医療,198748
2023,14000,神奈川県,横浜市,交通・通信,419208
2023,14000,神奈川県,横浜市,教育,212321
2023,14000,神奈川県,横浜市,教養娯楽,461170
2023,14000,神奈川県,横浜市,その他の消費支出,546306
2023,15000,新潟県,新潟市,食料,1049122
2023,15000,新潟県,新潟市,住居,288855
2023,15000,新潟県,新潟市,光熱・水道,314220
2023,15000,新潟県,新潟市,家具・家事用品,157143
2023,15000,新潟県,新潟市,被服及び履物,117519
2023,15000,新潟県,新潟市,保健医療,133879
2023,15000,新潟県,新潟市,交通・通信,570080
2023,15000,新潟県,新潟市,教育,78561
2023,15000,新潟県,新潟市,教養娯楽,321098
2023,15000,新潟県,新潟市,その他の消費支出,584105
2023,16000,富山県,富山市,食料,1125561
2023,16000,富山県,富山市,住居,232962
2023,16000,富山県,富山市,光熱・水道,334684
2023,16000,富山県,富山市,家具・家事用品,149001
2023,16000,富山県,富山市,被服及び履物,116843
2023,16000,富山県,富山市,保健医療,163789
2023,16000,富山県,富山市,交通・通信,806823
2023,16000,富山県,富山市,教育,75085
2023,16000,富山県,富山市,教養娯楽,321852
2023,16000,富山県,富山市,その他の消費支出,603442
2023,17000,石川県,金沢市,食料,1088942
2023,17000,石川県,金沢市,住居,176083
2023,17000,石川県,金沢市,光熱・水道,301070
2023,17000,石川県,金沢市,家具・家事用品,145150
2023,17000,石川県,金沢市,被服及び履物,126764
2023,17000,石川県,金沢市,保健医療,153332
2023,17000,石川県,金沢市,交通・通信,568012
2023,17000,石川県,金沢市,教育,182395
2023,17000,石川県,金沢市,教養娯楽,393092
2023,17000,石川県,金沢市,その他の消費支出,543587
2023,18000,福井県,福井市,食料,960370
2023,18000,福井県,福井市,住居,163151
2023,18000,福井県,福井市,光熱・水道,350699
2023,18000,福井県,福井市,家具・家事用品,114875
2023,18000,福井県,福井市,被服及び履物,95514
2023,18000,福井県,福井市,保健医療,150413
2023,18000,福井県,福井市,交通・通信,402094
2023,18000,福井県,福井市,教育,92406
2023,18000,福井県,福井市,教養娯楽,325877
2023,18000,福井県,福井市,その他の消費支出,664879
2023,19000,山梨県,甲府市,食料,989562
2023,19000,山梨県,甲府市,住居,211667
2023,19000,山梨県,甲府市,光熱・水道,284704
2023,19000,山梨県,甲府市,家具・家事用品,146314
2023,19000,山梨県,甲府市,被服及び履物,111794
2023,19000,山梨県,甲府市,保健医療,214527
2023,19000,山梨県,甲府市,交通・通信,678057
2023,19000,山梨県,甲府市,教育,97914
2023,19000,山梨県,甲府市,教養娯楽,315636
2023,19000,山梨県,甲府市,その他の消費支出,522401
2023,20000,長野県,長野市,食料,1022179
2023,20000,長野県,長野市,住居,187858
2023,20000,長野県,長野市,光熱・水道,324116
2023,20000,長野県,長野市,家具・家事用品,156752
2023,20000,長野県,長野市,被服及び履物,112005
2023,20000,長野県,長野市,保健医療,201070
2023,20000,長野県,長野市,交通・通信,604100
2023,20000,長野県,長野市,教育,88782
2023,20000,長野県,長野市,教養娯楽,398203
2023,20000,長野県,長野市,その他の消費支出,672828
2023,21000,岐阜県,岐阜市,食料,992577
2023,21000,岐阜県,岐阜市,住居,153235
2023,21000,岐阜県,岐阜市,光熱・水道,314780
2023,21000,岐阜県,岐阜市,家具・家事用品,153271
2023,21000,岐阜県,岐阜市,被服及び履物,125584
2023,21000,岐阜県,岐阜市,保健医療,180530
2023,21000,岐阜県,岐阜市,交通・通信,842714
2023,21000,岐阜県,岐阜市,教育,131341
2023,21000,岐阜県,岐阜市,教養娯楽,333137
2023,21000,岐阜県,岐阜市,その他の消費支出,622181
2023,22000,静岡県,静岡市,食料,1102255
2023,22000,静岡県,静岡市,住居,236144
2023,22000,静岡県,静岡市,光熱・水道,291223
2023,22000,静岡県,静岡市,家具・家事用品,131578
2023,22000,静岡県,静岡市,被服及び履物,112540
2023,22000,静岡県,静岡市,保健医療,185742
2023,22000,静岡県,静岡市,交通・通信,470302
2023,22000,静岡県,静岡市,教育,121553
2023,22000,静岡県,静岡市,教養娯楽,366038
2023,22000,静岡県,静岡市,その他の消費支出,590445
2023,23000,愛知県,名古屋市,食料,1130760
2023,23000,愛知県,名古屋市,住居,161253
2023,23000,愛知県,名古屋市,光熱・水道,286799
2023,23000,愛知県,名古屋市,家具・家事用品,152452
2023,23000,愛知県,名古屋市,被服及び履物,141910
2023,23000,愛知県,名古屋市,保健医療,218403
2023,23000,愛知県,名古屋市,交通・通信,467862
2023,23000,愛知県,名古屋市,教育,141982
2023,23000,愛知県,名古屋市,教養娯楽,382804
2023,23000,愛知県,名古屋市,その他の消費支出,518422
2023,24000,三重県,津市,食料,1045420
2023,24000,三重県,津市,住居,243685
2023,24000,三重県,津市,光熱・水道,265586
2023,24000,三重県,津市,家具・家事用品,144612
2023,24000,三重県,津市,被服及び履物,108984
2023,24000,三重県,津市,保健医療,178189
2023,24000,三重県,津市,交通・通信,910797
2023,24000,三重県,津市,教育,111958
2023,24000,三重県,津市,教養娯楽,413084
2023,24000,三重県,津市,その他の消費支出,569642
2023,25000,滋賀県,大津市,食料,1053672
2023,25000,滋賀県,大津市,住居,161608
2023,25000,滋賀県,大津市,光熱・水道,265625
2023,25000,滋賀県,大津市,家具・家事用品,157101
2023,25000,滋賀県,大津市,被服及び履物,117967
2023,25000,滋賀県,大津市,保健医療,195634
2023,25000,滋賀県,大津市,交通・通信,578164
2023,25000,滋賀県,大津市,教育,190446
2023,25000,滋賀県,大津市,教養娯楽,374674
2023,25000,滋賀県,大津市,その他の消費支出,572137
2023,26000,京都府,京都市,食料,1101876
2023,26000,京都府,京都市,住居,285349
2023,26000,京都府,京都市,光熱・水道,280965
2023,26000,京都府,京都市,家具・家事用品,125900
2023,26000,京都府,京都市,被服及び履物,118459
2023,26000,京都府,京都市,保健医療,181412
2023,26000,京都府,京都市,交通・通信,455944
2023,26000,京都府,京都市,教育,208755
2023,26000,京都府,京都市,教養娯楽,374006
2023,26000,京都府,京都市,その他の消費支出,642958
2023,27000,大阪府,大阪市,食料,1069019
2023,27000,大阪府,大阪市,住居,250341
2023,27000,大阪府,大阪市,光熱・水道,264443
2023,27000,大阪府,大阪市,家具・家事用品,122718
2023,27000,大阪府,大阪市,被服及び履物,102890
2023,27000,大阪府,大阪市,保健医療,156090
2023,27000,大阪府,大阪市,交通・通信,356631
2023,27000,大阪府,大阪市,教育,141309
2023,27000,大阪府,大阪市,教養娯楽,320423
2023,27000,大阪府,大阪市,その他の消費支出,471091
2023,28000,兵庫県,神戸市,食料,1091009
2023,28000,兵庫県,神戸市,住居,193658
2023,28000,兵庫県,神戸市,光熱・水道,241796
2023,28000,兵庫県,神戸市,家具・家事用品,138587
2023,28000,兵庫県,神戸市,被服及び履物,116371
2023,28000,兵庫県,神戸市,保健医療,196069
2023,28000,兵庫県,神戸市,交通・通信,393170
2023,28000,兵庫県,神戸市,教育,112091
2023,28000,兵庫県,神戸市,教養娯楽,363381
2023,28000,兵庫県,神戸市,その他の消費支出,512424
2023,29000,奈良県,奈良市,食料,1080684
2023,29000,奈良県,奈良市,住居,141952
2023,29000,奈良県,奈良市,光熱・水道,294622
2023,29000,奈良県,奈良市,家具・家事用品,149000
2023,29000,奈良県,奈良市,被服及び履物,127551
2023,29000,奈良県,奈良市,保健医療,184854
2023,29000,奈良県,奈良市,交通・通信,500340
2023,29000,奈良県,奈良市,教育,182140
2023,29000,奈良県,奈良市,教養娯楽,382705
2023,29000,奈良県,奈良市,その他の消費支出,722143
2023,30000,和歌山県,和歌山市,食料,951991
2023,30000,和歌山県,和歌山市,住居,188383
2023,30000,和歌山県,和歌山市,光熱・水道,250705
2023,30000,和歌山県,和歌山市,家具・家事用品,143736
2023,30000,和歌山県,和歌山市,被服及び履物,91293
2023,30000,和歌山県,和歌山市,保健医療,150385
2023,30000,和歌山県,和歌山市,交通・通信,477169
2023,30000,和歌山県,和歌山市,教育,114473
2023,30000,和歌山県,和歌山市,教養娯楽,282858
2023,30000,和歌山県,和歌山市,その他の消費支出,462257
2023,31000,鳥取県,鳥取市,食料,932098
2023,31000,鳥取県,鳥取市,住居,147559
2023,31000,鳥取県,鳥取市,光熱・水道,303606
2023,31000,鳥取県,鳥取市,家具・家事用品,137669
2023,31000,鳥取県,鳥取市,被服及び履物,95575
2023,31000,鳥取県,鳥取市,保健医療,158240
2023,31000,鳥取県,鳥取市,交通・通信,559878
2023,31000,鳥取県,鳥取市,教育,59239
2023,31000,鳥取県,鳥取市,教養娯楽,325723
2023,31000,鳥取県,鳥取市,その他の消費支出,551600
2023,32000,島根県,松江市,食料,970642
2023,32000,島根県,松江市,住居,190496
2023,32000,島根県,松江市,光熱・水道,337349
2023,32000,島根県,松江市,家具・家事用品,145273
2023,32000,島根県,松江市,被服及び履物,100232
2023,32000,島根県,松江市,保健医療,146933
2023,32000,島根県,松江市,交通・通信,657231
2023,32000,島根県,松江市,教育,79430
2023,32000,島根県,松江市,教養娯楽,305159
2023,32000,島根県,松江市,その他の消費支出,605301
2023,33000,岡山県,岡山市,食料,1029860
2023,33000,岡山県,岡山市,住居,166937
2023,33000,岡山県,岡山市,光熱・水道,283121
2023,33000,岡山県,岡山市,家具・家事用品,178455
2023,33000,岡山県,岡山市,被服及び履物,150160
2023,33000,岡山県,岡山市,保健医療,175898
2023,33000,岡山県,岡山市,交通・通信,426334
2023,33000,岡山県,岡山市,教育,159302
2023,33000,岡山県,岡山市,教養娯楽,356917
2023,33000,岡山県,岡山市,その他の消費支出,684695
2023,34000,広島県,広島市,食料,1060678
2023,34000,広島県,広島市,住居,325747
2023,34000,広島県,広島市,光熱・水道,276184
2023,34000,広島県,広島市,家具・家事用品,151031
2023,34000,広島県,広島市,被服及び履物,130417
2023,34000,広島県,広島市,保健医療,170320
2023,34000,広島県,広島市,交通・通信,554452
2023,34000,広島県,広島市,教育,113645
2023,34000,広島県,広島市,教養娯楽,332423
2023,34000,広島県,広島市,その他の消費支出,549584
2023,35000,山口県,山口市,食料,976318
2023,35000,山口県,山口市,住居,217328
2023,35000,山口県,山口市,光熱・水道,294098
2023,35000,山口県,山口市,家具・家事用品,136106
2023,35000,山口県,山口市,被服及び履物,107360
2023,35000,山口県,山口市,保健医療,186025
2023,35000,山口県,山口市,交通・通信,504307
2023,35000,山口県,山口市,教育,85258
2023,35000,山口県,山口市,教養娯楽,348308
2023,35000,山口県,山口市,その他の消費支出,588528
2023,36000,徳島県,徳島市,食料,957934
2023,36000,徳島県,徳島市,住居,226727
2023,36000,徳島県,徳島市,光熱・水道,274404
2023,36000,徳島県,徳島市,家具・家事用品,149960
2023,36000,徳島県,徳島市,被服及び履物,141260
2023,36000,徳島県,徳島市,保健医療,172712
2023,36000,徳島県,徳島市,交通・通信,560407
2023,36000,徳島県,徳島市,教育,107483
2023,36000,徳島県,徳島市,教養娯楽,365587
2023,36000,徳島県,徳島市,その他の消費支出,655681
2023,37000,香川県,高松市,食料,998791
2023,37000,香川県,高松市,住居,174504
2023,37000,香川県,高松市,光熱・水道,261998
2023,37000,香川県,高松市,家具・家事用品,147776
2023,37000,香川県,高松市,被服及び履物,111065
2023,37000,香川県,高松市,保健医療,207592
2023,37000,香川県,高松市,交通・通信,506987
2023,37000,香川県,高松市,教育,65437
2023,37000,香川県,高松市,教養娯楽,332242
2023,37000,香川県,高松市,その他の消費支出,635214
2023,38000,愛媛県,松山市,食料,890517
2023,38000,愛媛県,松山市,住居,211316
2023,38000,愛媛県,松山市,光熱・水道,240931
2023,38000,愛媛県,松山市,家具・家事用品,134707
2023,38000,愛媛県,松山市,被服及び履物,89233
2023,38000,愛媛県,松山市,保健医療,133073
2023,38000,愛媛県,松山市,交通・通信,321241
2023,38000,愛媛県,松山市,教育,54746
2023,38000,愛媛県,松山市,教養娯楽,243194
2023,38000,愛媛県,松山市,その他の消費支出,362114
2023,39000,高知県,高知市,食料,1026877
2023,39000,高知県,高知市,住居,243123
2023,39000,高知県,高知市,光熱・水道,277153
2023,39000,高知県,高知市,家具・家事用品,153085
2023,39000,高知県,高知市,被服及び履物,114790
2023,39000,高知県,高知市,保健医療,145958
2023,39000,高知県,高知市,交通・通信,549394
2023,39000,高知県,高知市,教育,102655
2023,39000,高知県,高知市,教養娯楽,355656
2023,39000,高知県,高知市,その他の消費支出,569830
2023,40000,福岡県,福岡市,食料,1024477
2023,40000,福岡県,福岡市,住居,253785
2023,40000,福岡県,福岡市,光熱・水道,254277
2023,40000,福岡県,福岡市,家具・家事用品,138531
2023,40000,福岡県,福岡市,被服及び履物,133531
2023,40000,福岡県,福岡市,保健医療,187224
2023,40000,福岡県,福岡市,交通・通信,498714
2023,40000,福岡県,福岡市,教育,163824
2023,40000,福岡県,福岡市,教養娯楽,379330
2023,40000,福岡県,福岡市,その他の消費支出,674307
2023,41000,佐賀県,佐賀市,食料,959790
2023,41000,佐賀県,佐賀市,住居,222016
2023,41000,佐賀県,佐賀市,光熱・水道,259515
2023,41000,佐賀県,佐賀市,家具・家事用品,125835
2023,41000,佐賀県,佐賀市,被服及び履物,98412
2023,41000,佐賀県,佐賀市,保健医療,168032
2023,41000,佐賀県,佐賀市,交通・通信,481055
2023,41000,佐賀県,佐賀市,教育,111641
2023,41000,佐賀県,佐賀市,教養娯楽,281613
2023,41000,佐賀県,佐賀市,その他の消費支出,590420
2023,42000,長崎県,長崎市,食料,968181
2023,42000,長崎県,長崎市,住居,239196
2023,42000,長崎県,長崎市,光熱・水道,261231
2023,42000,長崎県,長崎市,家具・家事用品,125405
2023,42000,長崎県,長崎市,被服及び履物,99253
2023,42000,長崎県,長崎市,保健医療,151223
2023,42000,長崎県,長崎市,交通・通信,431864
2023,42000,長崎県,長崎市,教育,53004
2023,42000,長崎県,長崎市,教養娯楽,230243
2023,42000,長崎県,長崎市,その他の消費支出,587313
2023,43000,熊本県,熊本市,食料,1022115
2023,43000,熊本県,熊本市,住居,224885
2023,43000,熊本県,熊本市,光熱・水道,259265
2023,43000,熊本県,熊本市,家具・家事用品,158394
2023,43000,熊本県,熊本市,被服及び履物,128760
2023,43000,熊本県,熊本市,保健医療,172100
2023,43000,熊本県,熊本市,交通・通信,523745
2023,43000,熊本県,熊本市,教育,108851
2023,43000,熊本県,熊本市,教養娯楽,337620
2023,43000,熊本県,熊本市,その他の消費支出,598704
2023,44000,大分県,大分市,食料,945300
2023,44000,大分県,大分市,住居,298067
2023,44000,大分県,大分市,光熱・水道,245997
2023,44000,大分県,大分市,家具・家事用品,129243
2023,44000,大分県,大分市,被服及び履物,122021
2023,44000,大分県,大分市,保健医療,156964
2023,44000,大分県,大分市,交通・通信,661868
2023,44000,大分県,大分市,教育,91041
2023,44000,大分県,大分市,教養娯楽,339856
2023,44000,大分県,大分市,その他の消費支出,665211
2023,45000,宮崎県,宮崎市,食料,930232
2023,45000,宮崎県,宮崎市,住居,200567
2023,45000,宮崎県,宮崎市,光熱・水道,223859
2023,45000,宮崎県,宮崎市,家具・家事用品,142211
2023,45000,宮崎県,宮崎市,被服及び履物,102426
2023,45000,宮崎県,宮崎市,保健医療,142352
2023,45000,宮崎県,宮崎市,交通・通信,456493
2023,45000,宮崎県,宮崎市,教育,68660
2023,45000,宮崎県,宮崎市,教養娯楽,247459
2023,45000,宮崎県,宮崎市,その他の消費支出,581708
2023,46000,鹿児島県,鹿児島市,食料,960838
2023,46000,鹿児島県,鹿児島市,住居,275510
2023,46000,鹿児島県,鹿児島市,光熱・水道,246944
2023,46000,鹿児島県,鹿児島市,家具・家事用品,120983
2023,46000,鹿児島県,鹿児島市,被服及び履物,106232
2023,46000,鹿児島県,鹿児島市,保健医療,180286
2023,46000,鹿児島県,鹿児島市,交通・通信,509976
2023,46000,鹿児島県,鹿児島市,教育,90087
2023,46000,鹿児島県,鹿児島市,教養娯楽,293850
2023,46000,鹿児島県,鹿児島市,その他の消費支出,564872
2023,47000,沖縄県,那覇市,食料,929746
2023,47000,沖縄県,那覇市,住居,330354
2023,47000,沖縄県,那覇市,光熱・水道,250430
2023,47000,沖縄県,那覇市,家具・家事用品,117287
2023,47000,沖縄県,那覇市,被服及び履物,78914
2023,47000,沖縄県,那覇市,保健医療,140980
2023,47000,沖縄県,那覇市,交通・通信,403471
2023,47000,沖縄県,那覇市,教育,76298
2023,47000,沖縄県,那覇市,教養娯楽,235166
2023,47000,沖縄県,那覇市,その他の消費支出,452023
2024,01000,北海道,札幌市,食料,1000568
2024,01000,北海道,札幌市,住居,302572
2024,01000,北海道,札幌市,光熱・水道,319432
2024,01000,北海道,札幌市,家具・家事用品,161040
2024,01000,北海道,札幌市,被服及び履物,125616
2024,01000,北海道,札幌市,保健医療,170474
2024,01000,北海道,札幌市,交通・通信,441530
2024,01000,北海道,札幌市,教育,97013
2024,01000,北海道,札幌市,教養娯楽,331561
2024,01000,北海道,札幌市,その他の消費支出,476223
2024,02000,青森県,青森市,食料,1008555
2024,02000,青森県,青森市,住居,152923
2024,02000,青森県,青森市,光熱・水道,360597
2024,02000,青森県,青森市,家具・家事用品,139893
2024,02000,青森県,青森市,被服及び履物,89920
2024,02000,青森県,青森市,保健医療,152108
2024,02000,青森県,青森市,交通・通信,424038
2024,02000,青森県,青森市,教育,42132
2024,02000,青森県,青森市,教養娯楽,265261
2024,02000,青森県,青森市,その他の消費支出,495617
2024,03000,岩手県,盛岡市,食料,1031896
2024,03000,岩手県,盛岡市,住居,345099
2024,03000,岩手県,盛岡市,光熱・水道,331119
2024,03000,岩手県,盛岡市,家具・家事用品,144452
2024,03000,岩手県,盛岡市,被服及び履物,123034
2024,03000,岩手県,盛岡市,保健医療,172815
2024,03000,岩手県,盛岡市,交通・通信,614375
2024,03000,岩手県,盛岡市,教育,74151
2024,03000,岩手県,盛岡市,教養娯楽,335633
2024,03000,岩手県,盛岡市,その他の消費支出,588057
2024,04000,宮城県,仙台市,食料,1063045
2024,04000,宮城県,仙台市,住居,397950
2024,04000,宮城県,仙台市,光熱・水道,282175
2024,04000,宮城県,仙台市,家具・家事用品,140183
2024,04000,宮城県,仙台市,被服及び履物,131489
2024,04000,宮城県,仙台市,保健医療,158752
2024,04000,宮城県,仙台市,交通・通信,516133
2024,04000,宮城県,仙台市,教育,158029
2024,04000,宮城県,仙台市,教養娯楽,325457
2024,04000,宮城県,仙台市,その他の消費支出,609188
2024,05000,秋田県,秋田市,食料,1016974
2024,05000,秋田県,秋田市,住居,154970
2024,05000,秋田県,秋田市,光熱・水道,341124
2024,05000,秋田県,秋田市,家具・家事用品,151407
2024,05000,秋田県,秋田市,被服及び履物,85619
2024,05000,秋田県,秋田市,保健医療,154373
2024,05000,秋田県,秋田市,交通・通信,553602
2024,05000,秋田県,秋田市,教育,29536
2024,05000,秋田県,秋田市,教養娯楽,297234
2024,05000,秋田県,秋田市,その他の消費支出,526080
2024,06000,山形県,山形市,食料,1153518
2024,06000,山形県,山形市,住居,219374
2024,06000,山形県,山形市,光熱・水道,366080
2024,06000,山形県,山形市,家具・家事用品,158682
2024,06000,山形県,山形市,被服及び履物,122737
2024,06000,山形県,山形市,保健医療,179425
2024,06000,山形県,山形市,交通・通信,581084
2024,06000,山形県,山形市,教育,106074
2024,06000,山形県,山形市,教養娯楽,376413
2024,06000,山形県,山形市,その他の消費支出,613736
2024,07000,福島県,福島市,食料,1088910
2024,07000,福島県,福島市,住居,137662
2024,07000,福島県,福島市,光熱・水道,336320
2024,07000,福島県,福島市,家具・家事用品,144887
2024,07000,福島県,福島市,被服及び履物,99625
2024,07000,福島県,福島市,保健医療,165814
2024,07000,福島県,福島市,交通・通信,714056
2024,07000,福島県,福島市,教育,71867
2024,07000,福島県,福島市,教養娯楽,336970
2024,07000,福島県,福島市,その他の消費支出,562143
2024,08000,茨城県,水戸市,食料,1040023
2024,08000,茨城県,水戸市,住居,183469
2024,08000,茨城県,水戸市,光熱・水道,308756
2024,08000,茨城県,水戸市,家具・家事用品,156167
2024,08000,茨城県,水戸市,被服及び履物,113715
2024,08000,茨城県,水戸市,保健医療,197938
2024,08000,茨城県,水戸市,交通・通信,696966
2024,08000,茨城県,水戸市,教育,107674
2024,08000,茨城県,水戸市,教養娯楽,383168
2024,08000,茨城県,水戸市,その他の消費支出,601363
2024,09000,栃木県,宇都宮市,食料,1061428
2024,09000,栃木県,宇都宮市,住居,178030
2024,09000,栃木県,宇都宮市,光熱・水道,277625
2024,09000,栃木県,宇都宮市,家具・家事用品,145275
2024,09000,栃木県,宇都宮市,被服及び履物,120824
2024,09000,栃木県,宇都宮市,保健医療,205092
2024,09000,栃木県,宇都宮市,交通・通信,764697
2024,09000,栃木県,宇都宮市,教育,135992
2024,09000,栃木県,宇都宮市,教養娯楽,361343
2024,09000,栃木県,宇都宮市,その他の消費支出,710645
2024,10000,群馬県,前橋市,食料,1051222
2024,10000,群馬県,前橋市,住居,144463
2024,10000,群馬県,前橋市,光熱・水道,269726
2024,10000,群馬県,前橋市,家具・家事用品,130998
2024,10000,群馬県,前橋市,被服及び履物,127549
2024,10000,群馬県,前橋市,保健医療,176617
2024,10000,群馬県,前橋市,交通・通信,721582
2024,10000,群馬県,前橋市,教育,80275
2024,10000,群馬県,前橋市,教養娯楽,376552
2024,10000,群馬県,前橋市,その他の消費支出,543596
2024,11000,埼玉県,さいたま市,食料,1237598
2024,11000,埼玉県,さいたま市,住居,268951
2024,11000,埼玉県,さいたま市,光熱・水道,284277
2024,11000,埼玉県,さいたま市,家具・家事用品,187030
2024,11000,埼玉県,さいたま市,被服及び履物,161368
2024,11000,埼玉県,さいたま市,保健医療,225904
2024,11000,埼玉県,さいたま市,交通・通信,487136
2024,11000,埼玉県,さいたま市,教育,258001
2024,11000,埼玉県,さいたま市,教養娯楽,489596
2024,11000,埼玉県,さいたま市,その他の消費支出,694440
2024,12000,千葉県,千葉市,食料,1188978
2024,12000,千葉県,千葉市,住居,253175
2024,12000,千葉県,千葉市,光熱・水道,260505
2024,12000,千葉県,千葉市,家具・家事用品,170876
2024,12000,千葉県,千葉市,被服及び履物,149121
2024,12000,千葉県,千葉市,保健医療,183084
2024,12000,千葉県,千葉市,交通・通信,554363
2024,12000,千葉県,千葉市,教育,242751
2024,12000,千葉県,千葉市,教養娯楽,410968
2024,12000,千葉県,千葉市,その他の消費支出,628769
2024,13000,東京都,東京,食料,1268220
2024,13000,東京都,東京,住居,322969
2024,13000,東京都,東京,光熱・水道,252041
2024,13000,東京都,東京,家具・家事用品,164453
2024,13000,東京都,東京,被服及び履物,161075
2024,13000,東京都,東京,保健医療,237540
2024,13000,東京都,東京,交通・通信,473941
2024,13000,東京都,東京,教育,254447
2024,13000,東京都,東京,教養娯楽,480776
2024,13000,東京都,東京,その他の消費支出,596147
2024,14000,神奈川県,横浜市,食料,1204343
2024,14000,神奈川県,横浜市,住居,281728
2024,14000,神奈川県,横浜市,光熱・水道,272088
2024,14000,神奈川県,横浜市,家具・家事用品,168537
2024,14000,神奈川県,横浜市,被服及び履物,156867
2024,14000,神奈川県,横浜市,保健医療,231047
2024,14000,神奈川県,横浜市,交通・通信,450225
2024,14000,神奈川県,横浜市,教育,183116
2024,14000,神奈川県,横浜市,教養娯楽,440134
2024,14000,神奈川県,横浜市,その他の消費支出,578614
2024,15000,新潟県,新潟市,食料,1092443
2024,15000,新潟県,新潟市,住居,213686
2024,15000,新潟県,新潟市,光熱・水道,313061
2024,15000,新潟県,新潟市,家具・家事用品,159966
2024,15000,新潟県,新潟市,被服及び履物,116960
2024,15000,新潟県,新潟市,保健医療,143278
2024,15000,新潟県,新潟市,交通・通信,579805
2024,15000,新潟県,新潟市,教育,123471
2024,15000,新潟県,新潟市,教養娯楽,296810
2024,15000,新潟県,新潟市,その他の消費支出,565683
2024,16000,富山県,富山市,食料,1187628
2024,16000,富山県,富山市,住居,229147
2024,16000,富山県,富山市,光熱・水道,342910
2024,16000,富山県,富山市,家具・家事用品,166584
2024,16000,富山県,富山市,被服及び履物,115967
2024,16000,富山県,富山市,保健医療,162618
2024,16000,富山県,富山市,交通・通信,614781
2024,16000,富山県,富山市,教育,92791
2024,16000,富山県,富山市,教養娯楽,398891
2024,16000,富山県,富山市,その他の消費支出,673607
2024,17000,石川県,金沢市,食料,1056465
2024,17000,石川県,金沢市,住居,190758
2024,17000,石川県,金沢市,光熱・水道,303633
2024,17000,石川県,金沢市,家具・家事用品,143736
2024,17000,石川県,金沢市,被服及び履物,127427
2024,17000,石川県,金沢市,保健医療,160810
2024,17000,石川県,金沢市,交通・通信,699190
2024,17000,石川県,金沢市,教育,132689
2024,17000,石川県,金沢市,教養娯楽,337877
2024,17000,石川県,金沢市,その他の消費支出,622614
2024,18000,福井県,福井市,食料,1030932
2024,18000,福井県,福井市,住居,321698
2024,18000,福井県,福井市,光熱・水道,325997
2024,18000,福井県,福井市,家具・家事用品,131740
2024,18000,福井県,福井市,被服及び履物,93802
2024,18000,福井県,福井市,保健医療,181903
2024,18000,福井県,福井市,交通・通信,662397
2024,18000,福井県,福井市,教育,91764
2024,18000,福井県,福井市,教養娯楽,295276
2024,18000,福井県,福井市,その他の消費支出,603140
2024,19000,山梨県,甲府市,食料,1040490
2024,19000,山梨県,甲府市,住居,252500
2024,19000,山梨県,甲府市,光熱・水道,277391
2024,19000,山梨県,甲府市,家具・家事用品,150877
2024,19000,山梨県,甲府市,被服及び履物,117187
2024,19000,山梨県,甲府市,保健医療,161175
2024,19000,山梨県,甲府市,交通・通信,633695
2024,19000,山梨県,甲府市,教育,134599
2024,19000,山梨県,甲府市,教養娯楽,334225
2024,19000,山梨県,甲府市,その他の消費支出,570354
2024,20000,長野県,長野市,食料,1047876
2024,20000,長野県,長野市,住居,169527
2024,20000,長野県,長野市,光熱・水道,309021
2024,20000,長野県,長野市,家具・家事用品,155955
2024,20000,長野県,長野市,被服及び履物,114200
2024,20000,長野県,長野市,保健医療,188793
2024,20000,長野県,長野市,交通・通信,688563
2024,20000,長野県,長野市,教育,83362
2024,20000,長野県,長野市,教養娯楽,393236
2024,20000,長野県,長野市,その他の消費支出,676821
2024,21000,岐阜県,岐阜市,食料,1097760
2024,21000,岐阜県,岐阜市,住居,134349
2024,21000,岐阜県,岐阜市,光熱・水道,303186
2024,21000,岐阜県,岐阜市,家具・家事用品,133277
2024,21000,岐阜県,岐阜市,被服及び履物,133317
2024,21000,岐阜県,岐阜市,保健医療,149812
2024,21000,岐阜県,岐阜市,交通・通信,460216
2024,21000,岐阜県,岐阜市,教育,159130
2024,21000,岐阜県,岐阜市,教養娯楽,376179
2024,21000,岐阜県,岐阜市,その他の消費支出,489931
2024,22000,静岡県,静岡市,食料,1118688
2024,22000,静岡県,静岡市,住居,325648
2024,22000,静岡県,静岡市,光熱・水道,293394
2024,22000,静岡県,静岡市,家具・家事用品,156859
2024,22000,静岡県,静岡市,被服及び履物,113698
2024,22000,静岡県,静岡市,保健医療,195341
2024,22000,静岡県,静岡市,交通・通信,662540
2024,22000,静岡県,静岡市,教育,102183
2024,22000,静岡県,静岡市,教養娯楽,341962
2024,22000,静岡県,静岡市,その他の消費支出,594832
2024,23000,愛知県,名古屋市,食料,1143453
2024,23000,愛知県,名古屋市,住居,153641
2024,23000,愛知県,名古屋市,光熱・水道,268373
2024,23000,愛知県,名古屋市,家具・家事用品,165104
2024,23000,愛知県,名古屋市,被服及び履物,151158
2024,23000,愛知県,名古屋市,保健医療,178431
2024,23000,愛知県,名古屋市,交通・通信,483279
2024,23000,愛知県,名古屋市,教育,147901
2024,23000,愛知県,名古屋市,教養娯楽,410079
2024,23000,愛知県,名古屋市,その他の消費支出,604825
2024,24000,三重県,津市,食料,1004750
2024,24000,三重県,津市,住居,305924
2024,24000,三重県,津市,光熱・水道,251374
2024,24000,三重県,津市,家具・家事用品,150372
2024,24000,三重県,津市,被服及び履物,109948
2024,24000,三重県,津市,保健医療,178603
2024,24000,三重県,津市,交通・通信,473695
2024,24000,三重県,津市,教育,92780
2024,24000,三重県,津市,教養娯楽,359380
2024,24000,三重県,津市,その他の消費支出,545730
2024,25000,滋賀県,大津市,食料,1143107
2024,25000,滋賀県,大津市,住居,260647
2024,25000,滋賀県,大津市,光熱・水道,273318
2024,25000,滋賀県,大津市,家具・家事用品,154451
2024,25000,滋賀県,大津市,被服及び履物,118945
2024,25000,滋賀県,大津市,保健医療,205589
2024,25000,滋賀県,大津市,交通・通信,549853
2024,25000,滋賀県,大津市,教育,159703
2024,25000,滋賀県,大津市,教養娯楽,391463
2024,25000,滋賀県,大津市,その他の消費支出,596171
2024,26000,京都府,京都市,食料,1112413
2024,26000,京都府,京都市,住居,265352
2024,26000,京都府,京都市,光熱・水道,247832
2024,26000,京都府,京都市,家具・家事用品,138861
2024,26000,京都府,京都市,被服及び履物,121723
2024,26000,京都府,京都市,保健医療,182256
2024,26000,京都府,京都市,交通・通信,404713
2024,26000,京都府,京都市,教育,170544
2024,26000,京都府,京都市,教養娯楽,392148
2024,26000,京都府,京都市,その他の消費支出,510247
2024,27000,大阪府,大阪市,食料,1111395
2024,27000,大阪府,大阪市,住居,239937
2024,27000,大阪府,大阪市,光熱・水道,257861
2024,27000,大阪府,大阪市,家具・家事用品,129697
2024,27000,大阪府,大阪市,被服及び履物,120156
2024,27000,大阪府,大阪市,保健医療,174134
2024,27000,大阪府,大阪市,交通・通信,360689
2024,27000,大阪府,大阪市,教育,147306
2024,27000,大阪府,大阪市,教養娯楽,334648
2024,27000,大阪府,大阪市,その他の消費支出,493015
2024,28000,兵庫県,神戸市,食料,1122790
2024,28000,兵庫県,神戸市,住居,244462
2024,28000,兵庫県,神戸市,光熱・水道,235334
2024,28000,兵庫県,神戸市,家具・家事用品,126030
2024,28000,兵庫県,神戸市,被服及び履物,105147
2024,28000,兵庫県,神戸市,保健医療,167589
2024,28000,兵庫県,神戸市,交通・通信,396006
2024,28000,兵庫県,神戸市,教育,119166
2024,28000,兵庫県,神戸市,教養娯楽,353167
2024,28000,兵庫県,神戸市,その他の消費支出,492790
2024,29000,奈良県,奈良市,食料,1111195
2024,29000,奈良県,奈良市,住居,237446
2024,29000,奈良県,奈良市,光熱・水道,285412
2024,29000,奈良県,奈良市,家具・家事用品,154713
2024,29000,奈良県,奈良市,被服及び履物,141576
2024,29000,奈良県,奈良市,保健医療,182399
2024,29000,奈良県,奈良市,交通・通信,482760
2024,29000,奈良県,奈良市,教育,211250
2024,29000,奈良県,奈良市,教養娯楽,389272
2024,29000,奈良県,奈良市,その他の消費支出,620809
2024,30000,和歌山県,和歌山市,食料,997833
2024,30000,和歌山県,和歌山市,住居,230732
2024,30000,和歌山県,和歌山市,光熱・水道,246947
2024,30000,和歌山県,和歌山市,家具・家事用品,161764
2024,30000,和歌山県,和歌山市,被服及び履物,99860
2024,30000,和歌山県,和歌山市,保健医療,159981
2024,30000,和歌山県,和歌山市,交通・通信,461071
2024,30000,和歌山県,和歌山市,教育,63778
2024,30000,和歌山県,和歌山市,教養娯楽,324688
2024,30000,和歌山県,和歌山市,その他の消費支出,442232
2024,31000,鳥取県,鳥取市,食料,1035868
2024,31000,鳥取県,鳥取市,住居,336607
2024,31000,鳥取県,鳥取市,光熱・水道,286213
2024,31000,鳥取県,鳥取市,家具・家事用品,166559
2024,31000,鳥取県,鳥取市,被服及び履物,115399
2024,31000,鳥取県,鳥取市,保健医療,168839
2024,31000,鳥取県,鳥取市,交通・通信,594212
2024,31000,鳥取県,鳥取市,教育,97460
2024,31000,鳥取県,鳥取市,教養娯楽,349034
2024,31000,鳥取県,鳥取市,その他の消費支出,645515
2024,32000,島根県,松江市,食料,1004620
2024,32000,島根県,松江市,住居,214710
2024,32000,島根県,松江市,光熱・水道,335485
2024,32000,島根県,松江市,家具・家事用品,135686
2024,32000,島根県,松江市,被服及び履物,87807
2024,32000,島根県,松江市,保健医療,168335
2024,32000,島根県,松江市,交通・通信,577192
2024,32000,島根県,松江市,教育,58260
2024,32000,島根県,松江市,教養娯楽,346703
2024,32000,島根県,松江市,その他の消費支出,571966
2024,33000,岡山県,岡山市,食料,1082287
2024,33000,岡山県,岡山市,住居,209144
2024,33000,岡山県,岡山市,光熱・水道,264229
2024,33000,岡山県,岡山市,家具・家事用品,187935
2024,33000,岡山県,岡山市,被服及び履物,131201
2024,33000,岡山県,岡山市,保健医療,206361
2024,33000,岡山県,岡山市,交通・通信,657379
2024,33000,岡山県,岡山市,教育,104140
2024,33000,岡山県,岡山市,教養娯楽,392039
2024,33000,岡山県,岡山市,その他の消費支出,655130
2024,34000,広島県,広島市,食料,1035985
2024,34000,広島県,広島市,住居,247155
2024,34000,広島県,広島市,光熱・水道,289540
2024,34000,広島県,広島市,家具・家事用品,131857
2024,34000,広島県,広島市,被服及び履物,135110
2024,34000,広島県,広島市,保健医療,174116
2024,34000,広島県,広島市,交通・通信,463991
2024,34000,広島県,広島市,教育,100315
2024,34000,広島県,広島市,教養娯楽,375665
2024,34000,広島県,広島市,その他の消費支出,633101
2024,35000,山口県,山口市,食料,995355
2024,35000,山口県,山口市,住居,192044
2024,35000,山口県,山口市,光熱・水道,284255
2024,35000,山口県,山口市,家具・家事用品,162228
2024,35000,山口県,山口市,被服及び履物,115575
2024,35000,山口県,山口市,保健医療,162124
2024,35000,山口県,山口市,交通・通信,546894
2024,35000,山口県,山口市,教育,85206
2024,35000,山口県,山口市,教養娯楽,327034
2024,35000,山口県,山口市,その他の消費支出,621686
2024,36000,徳島県,徳島市,食料,1050230
2024,36000,徳島県,徳島市,住居,244668
2024,36000,徳島県,徳島市,光熱・水道,268685
2024,36000,徳島県,徳島市,家具・家事用品,149172
2024,36000,徳島県,徳島市,被服及び履物,120281
2024,36000,徳島県,徳島市,保健医療,177619
2024,36000,徳島県,徳島市,交通・通信,400744
2024,36000,徳島県,徳島市,教育,179136
2024,36000,徳島県,徳島市,教養娯楽,354115
2024,36000,徳島県,徳島市,その他の消費支出,511986
2024,37000,香川県,高松市,食料,1014931
2024,37000,香川県,高松市,住居,365387
2024,37000,香川県,高松市,光熱・水道,268855
2024,37000,香川県,高松市,家具・家事用品,163957
2024,37000,香川県,高松市,被服及び履物,101338
2024,37000,香川県,高松市,保健医療,174808
2024,37000,香川県,高松市,交通・通信,513740
2024,37000,香川県,高松市,教育,83817
2024,37000,香川県,高松市,教養娯楽,301035
2024,37000,香川県,高松市,その他の消費支出,576601
2024,38000,愛媛県,松山市,食料,933032
2024,38000,愛媛県,松山市,住居,201496
2024,38000,愛媛県,松山市,光熱・水道,245615
2024,38000,愛媛県,松山市,家具・家事用品,130814
2024,38000,愛媛県,松山市,被服及び履物,109715
2024,38000,愛媛県,松山市,保健医療,161099
2024,38000,愛媛県,松山市,交通・通信,428084
2024,38000,愛媛県,松山市,教育,125635
2024,38000,愛媛県,松山市,教養娯楽,270344
2024,38000,愛媛県,松山市,その他の消費支出,473226
2024,39000,高知県,高知市,食料,1013733
2024,39000,高知県,高知市,住居,332656
2024,39000,高知県,高知市,光熱・水道,269774
2024,39000,高知県,高知市,家具・家事用品,129559
2024,39000,高知県,高知市,被服及び履物,113272
2024,39000,高知県,高知市,保健医療,138857
2024,39000,高知県,高知市,交通・通信,546187
2024,39000,高知県,高知市,教育,108304
2024,39000,高知県,高知市,教養娯楽,292487
2024,39000,高知県,高知市,その他の消費支出,688687
2024,40000,福岡県,福岡市,食料,1044082
2024,40000,福岡県,福岡市,住居,228619
2024,40000,福岡県,福岡市,光熱・水道,234265
2024,40000,福岡県,福岡市,家具・家事用品,159559
2024,40000,福岡県,福岡市,被服及び履物,130516
2024,40000,福岡県,福岡市,保健医療,173362
2024,40000,福岡県,福岡市,交通・通信,436644
2024,40000,福岡県,福岡市,教育,118539
2024,40000,福岡県,福岡市,教養娯楽,381177
2024,40000,福岡県,福岡市,その他の消費支出,566077
2024,41000,佐賀県,佐賀市,食料,1024222
2024,41000,佐賀県,佐賀市,住居,130728
2024,41000,佐賀県,佐賀市,光熱・水道,264749
2024,41000,佐賀県,佐賀市,家具・家事用品,134165
2024,41000,佐賀県,佐賀市,被服及び履物,123528
2024,41000,佐賀県,佐賀市,保健医療,199810
2024,41000,佐賀県,佐賀市,交通・通信,670160
2024,41000,佐賀県,佐賀市,教育,139637
2024,41000,佐賀県,佐賀市,教養娯楽,310523
2024,41000,佐賀県,佐賀市,その他の消費支出,513647
2024,42000,長崎県,長崎市,食料,1011557
2024,42000,長崎県,長崎市,住居,183783
2024,42000,長崎県,長崎市,光熱・水道,248814
2024,42000,長崎県,長崎市,家具・家事用品,118828
2024,42000,長崎県,長崎市,被服及び履物,95078
2024,42000,長崎県,長崎市,保健医療,147009
2024,42000,長崎県,長崎市,交通・通信,474483
2024,42000,長崎県,長崎市,教育,62495
2024,42000,長崎県,長崎市,教養娯楽,270134
2024,42000,長崎県,長崎市,その他の消費支出,631273
2024,43000,熊本県,熊本市,食料,1128373
2024,43000,熊本県,熊本市,住居,285137
2024,43000,熊本県,熊本市,光熱・水道,247649
2024,43000,熊本県,熊本市,家具・家事用品,137469
2024,43000,熊本県,熊本市,被服及び履物,145344
2024,43000,熊本県,熊本市,保健医療,223549
2024,43000,熊本県,熊本市,交通・通信,593888
2024,43000,熊本県,熊本市,教育,174973
2024,43000,熊本県,熊本市,教養娯楽,362111
2024,43000,熊本県,熊本市,その他の消費支出,605795
2024,44000,大分県,大分市,食料,980913
2024,44000,大分県,大分市,住居,205458
2024,44000,大分県,大分市,光熱・水道,233341
2024,44000,大分県,大分市,家具・家事用品,129038
2024,44000,大分県,大分市,被服及び履物,127920
2024,44000,大分県,大分市,保健医療,155554
2024,44000,大分県,大分市,交通・通信,693661
2024,44000,大分県,大分市,教育,95278
2024,44000,大分県,大分市,教養娯楽,292895
2024,44000,大分県,大分市,その他の消費支出,625255
2024,45000,宮崎県,宮崎市,食料,1016142
2024,45000,宮崎県,宮崎市,住居,186472
2024,45000,宮崎県,宮崎市,光熱・水道,215763
2024,45000,宮崎県,宮崎市,家具・家事用品,134543
2024,45000,宮崎県,宮崎市,被服及び履物,94377
2024,45000,宮崎県,宮崎市,保健医療,178524
2024,45000,宮崎県,宮崎市,交通・通信,474793
2024,45000,宮崎県,宮崎市,教育,73687
2024,45000,宮崎県,宮崎市,教養娯楽,304315
2024,45000,宮崎県,宮崎市,その他の消費支出,556154
2024,46000,鹿児島県,鹿児島市,食料,980723
2024,46000,鹿児島県,鹿児島市,住居,231811
2024,46000,鹿児島県,鹿児島市,光熱・水道,236558
2024,46000,鹿児島県,鹿児島市,家具・家事用品,123433
2024,46000,鹿児島県,鹿児島市,被服及び履物,123520
2024,46000,鹿児島県,鹿児島市,保健医療,172538
2024,46000,鹿児島県,鹿児島市,交通・通信,588054
2024,46000,鹿児島県,鹿児島市,教育,130047
2024,46000,鹿児島県,鹿児島市,教養娯楽,321244
2024,46000,鹿児島県,鹿児島市,その他の消費支出,633932
2024,47000,沖縄県,那覇市,食料,953037
2024,47000,沖縄県,那覇市,住居,317063
2024,47000,沖縄県,那覇市,光熱・水道,262614
2024,47000,沖縄県,那覇市,家具・家事用品,134814
2024,47000,沖縄県,那覇市,被服及び履物,81634
2024,47000,沖縄県,那覇市,保健医療,142959
2024,47000,沖縄県,那覇市,交通・通信,380517
2024,47000,沖縄県,那覇市,教育,101199
2024,47000,沖縄県,那覇市,教養娯楽,265112
2024,47000,沖縄県,那覇市,その他の消費支出,436744
