url,verdict,coverageState,indexingState,robotsTxtState,lastCrawlTime,pageFetchState,googleCanonical,userCanonical,crawledAs,referringUrls
https://stats47.jp/ranking/industrial-and-semi-industrial-area-ratio,NEUTRAL,検出 - インデックス未登録,INDEXING_STATE_UNSPECIFIED,ROBOTS_TXT_STATE_UNSPECIFIED,,PAGE_FETCH_STATE_UNSPECIFIED,,,CRAWLING_USER_AGENT_UNSPECIFIED,2
https://stats47.jp/ranking/industrial-water-usage,NEUTRAL,検出 - インデックス未登録,INDEXING_STATE_UNSPECIFIED,ROBOTS_TXT_STATE_UNSPECIFIED,,PAGE_FETCH_STATE_UNSPECIFIED,,,CRAWLING_USER_AGENT_UNSPECIFIED,3
https://stats47.jp/ranking/infant-mortality-rate-per-1000-births,NEUTRAL,URL が Google に認識されていません,INDEXING_STATE_UNSPECIFIED,ROBOTS_TXT_STATE_UNSPECIFIED,,PAGE_FETCH_STATE_UNSPECIFIED,,,,0
https://stats47.jp/ranking/inland-aquaculture-harvest,NEUTRAL,検出 - インデックス未登録,INDEXING_STATE_UNSPECIFIED,ROBOTS_TXT_STATE_UNSPECIFIED,,PAGE_FETCH_STATE_UNSPECIFIED,,,CRAWLING_USER_AGENT_UNSPECIFIED,3
https://stats47.jp/ranking/inland-fishery-catch,NEUTRAL,検出 - インデックス未登録,INDEXING_STATE_UNSPECIFIED,ROBOTS_TXT_STATE_UNSPECIFIED,,PAGE_FETCH_STATE_UNSPECIFIED,,,CRAWLING_USER_AGENT_UNSPECIFIED,3
https://stats47.jp/ranking/inpatients-per-fulltime-physician-per-day,NEUTRAL,URL が Google に認識されていません,INDEXING_STATE_UNSPECIFIED,ROBOTS_TXT_STATE_UNSPECIFIED,,PAGE_FETCH_STATE_UNSPECIFIED,,,,0
https://stats47.jp/ranking/inpatients-per-nurse-per-day,NEUTRAL,検出 - インデックス未登録,INDEXING_STATE_UNSPECIFIED,ROBOTS_TXT_STATE_UNSPECIFIED,,PAGE_FETCH_STATE_UNSPECIFIED,,,CRAWLING_USER_AGENT_UNSPECIFIED,3
https://stats47.jp/ranking/intellectual-disability-support-facility-residents-per-100k,NEUTRAL,検出 - インデックス未登録,INDEXING_STATE_UNSPECIFIED,ROBOTS_TXT_STATE_UNSPECIFIED,,PAGE_FETCH_STATE_UNSPECIFIED,,,CRAWLING_USER_AGENT_UNSPECIFIED,3
https://stats47.jp/ranking/intellectual-disability-support-facility-staff-per-100k,NEUTRAL,検出 - インデックス未登録,INDEXING_STATE_UNSPECIFIED,ROBOTS_TXT_STATE_UNSPECIFIED,,PAGE_FETCH_STATE_UNSPECIFIED,,,CRAWLING_USER_AGENT_UNSPECIFIED,3
https://stats47.jp/ranking/investment-expenditure-ratio-pref-finance,NEUTRAL,URL が Google に認識されていません,INDEXING_STATE_UNSPECIFIED,ROBOTS_TXT_STATE_UNSPECIFIED,,PAGE_FETCH_STATE_UNSPECIFIED,,,,0
https://stats47.jp/ranking/investment-expenses-prefecture,NEUTRAL,検出 - インデックス未登録,INDEXING_STATE_UNSPECIFIED,ROBOTS_TXT_STATE_UNSPECIFIED,,PAGE_FETCH_STATE_UNSPECIFIED,,,CRAWLING_USER_AGENT_UNSPECIFIED,3
https://stats47.jp/ranking/japanese-entries,NEUTRAL,検出 - インデックス未登録,INDEXING_STATE_UNSPECIFIED,ROBOTS_TXT_STATE_UNSPECIFIED,,PAGE_FETCH_STATE_UNSPECIFIED,,,CRAWLING_USER_AGENT_UNSPECIFIED,3
https://stats47.jp/ranking/japanese-movers-in,NEUTRAL,URL が Google に認識されていません,INDEXING_STATE_UNSPECIFIED,ROBOTS_TXT_STATE_UNSPECIFIED,,PAGE_FETCH_STATE_UNSPECIFIED,,,,0
https://stats47.jp/ranking/japanese-movers-out,PASS,送信して登録されました,INDEXING_ALLOWED,ALLOWED,2026-10-08T22:54:43Z,SUCCESSFUL,https://stats47.jp/ranking/japanese-movers-out,,MOBILE,4
https://stats47.jp/ranking/japanese-population,NEUTRAL,検出 - インデックス未登録,INDEXING_STATE_UNSPECIFIED,ROBOTS_TXT_STATE_UNSPECIFIED,,PAGE_FETCH_STATE_UNSPECIFIED,,,CRAWLING_USER_AGENT_UNSPECIFIED,3
https://stats47.jp/ranking/jr-passenger-transport,NEUTRAL,検出 - インデックス未登録,INDEXING_STATE_UNSPECIFIED,ROBOTS_TXT_STATE_UNSPECIFIED,,PAGE_FETCH_STATE_UNSPECIFIED,,,CRAWLING_USER_AGENT_UNSPECIFIED,3
https://stats47.jp/ranking/junior-college-capacity-index,NEUTRAL,検出 - インデックス未登録,INDEXING_STATE_UNSPECIFIED,ROBOTS_TXT_STATE_UNSPECIFIED,,PAGE_FETCH_STATE_UNSPECIFIED,,,CRAWLING_USER_AGENT_UNSPECIFIED,3
https://stats47.jp/ranking/junior-college-count-per-100k,NEUTRAL,検出 - インデックス未登録,INDEXING_STATE_UNSPECIFIED,ROBOTS_TXT_STATE_UNSPECIFIED,,PAGE_FETCH_STATE_UNSPECIFIED,,,CRAWLING_USER_AGENT_UNSPECIFIED,2
https://stats47.jp/ranking/junior-high-school-advancement-rate,NEUTRAL,検出 - インデックス未登録,INDEXING_STATE_UNSPECIFIED,ROBOTS_TXT_STATE_UNSPECIFIED,,PAGE_FETCH_STATE_UNSPECIFIED,,,CRAWLING_USER_AGENT_UNSPECIFIED,2
https://stats47.jp/ranking/junior-high-school-count,NEUTRAL,URL が Google に認識されていません,INDEXING_STATE_UNSPECIFIED,ROBOTS_TXT_STATE_UNSPECIFIED,,PAGE_FETCH_STATE_UNSPECIFIED,,,,0
https://stats47.jp/ranking/junior-high-school-count-per-100k-12-14,NEUTRAL,検出 - インデックス未登録,INDEXING_STATE_UNSPECIFIED,ROBOTS_TXT_STATE_UNSPECIFIED,,PAGE_FETCH_STATE_UNSPECIFIED,,,CRAWLING_USER_AGENT_UNSPECIFIED,1
https://stats47.jp/ranking/junior-high-school-count-per-100km2-habitable,NEUTRAL,URL が Google に認識されていません,INDEXING_STATE_UNSPECIFIED,ROBOTS_TXT_STATE_UNSPECIFIED,,PAGE_FETCH_STATE_UNSPECIFIED,,,,0
https://stats47.jp/ranking/junior-high-school-education-cost-per-student,NEUTRAL,検出 - インデックス未登録,INDEXING_STATE_UNSPECIFIED,ROBOTS_TXT_STATE_UNSPECIFIED,,PAGE_FETCH_STATE_UNSPECIFIED,,,CRAWLING_USER_AGENT_UNSPECIFIED,3
https://stats47.jp/ranking/junior-high-school-long-absence-ratio-nonattendance-over-30days-per-1000,NEUTRAL,URL が Google に認識されていません,INDEXING_STATE_UNSPECIFIED,ROBOTS_TXT_STATE_UNSPECIFIED,,PAGE_FETCH_STATE_UNSPECIFIED,,,,0
https://stats47.jp/ranking/junior-high-school-students-per-teacher,NEUTRAL,検出 - インデックス未登録,INDEXING_STATE_UNSPECIFIED,ROBOTS_TXT_STATE_UNSPECIFIED,,PAGE_FETCH_STATE_UNSPECIFIED,,,CRAWLING_USER_AGENT_UNSPECIFIED,2
https://stats47.jp/ranking/juvenile-criminal-arrest-person,NEUTRAL,URL が Google に認識されていません,INDEXING_STATE_UNSPECIFIED,ROBOTS_TXT_STATE_UNSPECIFIED,,PAGE_FETCH_STATE_UNSPECIFIED,,,,0
https://stats47.jp/ranking/juvenile-criminal-arrest-person-per-population,NEUTRAL,検出 - インデックス未登録,INDEXING_STATE_UNSPECIFIED,ROBOTS_TXT_STATE_UNSPECIFIED,,PAGE_FETCH_STATE_UNSPECIFIED,,,CRAWLING_USER_AGENT_UNSPECIFIED,2
https://stats47.jp/ranking/kindergarten-students-per-teacher,NEUTRAL,検出 - インデックス未登録,INDEXING_STATE_UNSPECIFIED,ROBOTS_TXT_STATE_UNSPECIFIED,,PAGE_FETCH_STATE_UNSPECIFIED,,,CRAWLING_USER_AGENT_UNSPECIFIED,3
https://stats47.jp/ranking/labor-expenditure-ratio-pref-finance,NEUTRAL,検出 - インデックス未登録,INDEXING_STATE_UNSPECIFIED,ROBOTS_TXT_STATE_UNSPECIFIED,,PAGE_FETCH_STATE_UNSPECIFIED,,,CRAWLING_USER_AGENT_UNSPECIFIED,3
https://stats47.jp/ranking/labor-force-population-ratio-man,NEUTRAL,検出 - インデックス未登録,INDEXING_STATE_UNSPECIFIED,ROBOTS_TXT_STATE_UNSPECIFIED,,PAGE_FETCH_STATE_UNSPECIFIED,,,CRAWLING_USER_AGENT_UNSPECIFIED,3
https://stats47.jp/ranking/labor-force-population-ratio-woman,NEUTRAL,検出 - インデックス未登録,INDEXING_STATE_UNSPECIFIED,ROBOTS_TXT_STATE_UNSPECIFIED,,PAGE_FETCH_STATE_UNSPECIFIED,,,CRAWLING_USER_AGENT_UNSPECIFIED,3
https://stats47.jp/ranking/land-productivity-per-ha,NEUTRAL,検出 - インデックス未登録,INDEXING_STATE_UNSPECIFIED,ROBOTS_TXT_STATE_UNSPECIFIED,,PAGE_FETCH_STATE_UNSPECIFIED,,,CRAWLING_USER_AGENT_UNSPECIFIED,3
https://stats47.jp/ranking/local-debt-current-ratio,NEUTRAL,URL が Google に認識されていません,INDEXING_STATE_UNSPECIFIED,ROBOTS_TXT_STATE_UNSPECIFIED,,PAGE_FETCH_STATE_UNSPECIFIED,,,,0
https://stats47.jp/ranking/long-term-care-medical-facility-count-per-100k-65plus,NEUTRAL,検出 - インデックス未登録,INDEXING_STATE_UNSPECIFIED,ROBOTS_TXT_STATE_UNSPECIFIED,,PAGE_FETCH_STATE_UNSPECIFIED,,,CRAWLING_USER_AGENT_UNSPECIFIED,3
https://stats47.jp/ranking/lowest-temperature,NEUTRAL,検出 - インデックス未登録,INDEXING_STATE_UNSPECIFIED,ROBOTS_TXT_STATE_UNSPECIFIED,,PAGE_FETCH_STATE_UNSPECIFIED,,,CRAWLING_USER_AGENT_UNSPECIFIED,3
https://stats47.jp/ranking/mail-items-handled,NEUTRAL,検出 - インデックス未登録,INDEXING_STATE_UNSPECIFIED,ROBOTS_TXT_STATE_UNSPECIFIED,,PAGE_FETCH_STATE_UNSPECIFIED,,,CRAWLING_USER_AGENT_UNSPECIFIED,3
https://stats47.jp/ranking/main-road-length-per-km2,NEUTRAL,検出 - インデックス未登録,INDEXING_STATE_UNSPECIFIED,ROBOTS_TXT_STATE_UNSPECIFIED,,PAGE_FETCH_STATE_UNSPECIFIED,,,CRAWLING_USER_AGENT_UNSPECIFIED,3
https://stats47.jp/ranking/manufacturing-shipment-amount,NEUTRAL,URL が Google に認識されていません,INDEXING_STATE_UNSPECIFIED,ROBOTS_TXT_STATE_UNSPECIFIED,,PAGE_FETCH_STATE_UNSPECIFIED,,,,0
https://stats47.jp/ranking/marine-fishery-output-value,NEUTRAL,検出 - インデックス未登録,INDEXING_STATE_UNSPECIFIED,ROBOTS_TXT_STATE_UNSPECIFIED,,PAGE_FETCH_STATE_UNSPECIFIED,,,CRAWLING_USER_AGENT_UNSPECIFIED,2
https://stats47.jp/ranking/maritime-import-export-cargo,NEUTRAL,URL が Google に認識されていません,INDEXING_STATE_UNSPECIFIED,ROBOTS_TXT_STATE_UNSPECIFIED,,PAGE_FETCH_STATE_UNSPECIFIED,,,,0
https://stats47.jp/ranking/marriages-per-total-population,NEUTRAL,検出 - インデックス未登録,INDEXING_STATE_UNSPECIFIED,ROBOTS_TXT_STATE_UNSPECIFIED,,PAGE_FETCH_STATE_UNSPECIFIED,,,CRAWLING_USER_AGENT_UNSPECIFIED,3
https://stats47.jp/ranking/material-production,NEUTRAL,検出 - インデックス未登録,INDEXING_STATE_UNSPECIFIED,ROBOTS_TXT_STATE_UNSPECIFIED,,PAGE_FETCH_STATE_UNSPECIFIED,,,CRAWLING_USER_AGENT_UNSPECIFIED,3
https://stats47.jp/ranking/maximum-snow-depth,NEUTRAL,検出 - インデックス未登録,INDEXING_STATE_UNSPECIFIED,ROBOTS_TXT_STATE_UNSPECIFIED,,PAGE_FETCH_STATE_UNSPECIFIED,,,CRAWLING_USER_AGENT_UNSPECIFIED,2
https://stats47.jp/ranking/media-avg-time-unemployed-female,NEUTRAL,検出 - インデックス未登録,INDEXING_STATE_UNSPECIFIED,ROBOTS_TXT_STATE_UNSPECIFIED,,PAGE_FETCH_STATE_UNSPECIFIED,,,CRAWLING_USER_AGENT_UNSPECIFIED,3
https://stats47.jp/ranking/media-avg-time-unemployed-male,NEUTRAL,検出 - インデックス未登録,INDEXING_STATE_UNSPECIFIED,ROBOTS_TXT_STATE_UNSPECIFIED,,PAGE_FETCH_STATE_UNSPECIFIED,,,CRAWLING_USER_AGENT_UNSPECIFIED,3
https://stats47.jp/ranking/mental-health-expenses-prefecture,NEUTRAL,検出 - インデックス未登録,INDEXING_STATE_UNSPECIFIED,ROBOTS_TXT_STATE_UNSPECIFIED,,PAGE_FETCH_STATE_UNSPECIFIED,,,CRAWLING_USER_AGENT_UNSPECIFIED,3
https://stats47.jp/ranking/middle-aged-employment-rate-45plus,NEUTRAL,検出 - インデックス未登録,INDEXING_STATE_UNSPECIFIED,ROBOTS_TXT_STATE_UNSPECIFIED,,PAGE_FETCH_STATE_UNSPECIFIED,,,CRAWLING_USER_AGENT_UNSPECIFIED,3
https://stats47.jp/ranking/minimum-wage-by-region,NEUTRAL,検出 - インデックス未登録,INDEXING_STATE_UNSPECIFIED,ROBOTS_TXT_STATE_UNSPECIFIED,,PAGE_FETCH_STATE_UNSPECIFIED,,,CRAWLING_USER_AGENT_UNSPECIFIED,4
https://stats47.jp/ranking/mobile-phone-contract-count-per-1000,NEUTRAL,URL が Google に認識されていません,INDEXING_STATE_UNSPECIFIED,ROBOTS_TXT_STATE_UNSPECIFIED,,PAGE_FETCH_STATE_UNSPECIFIED,,,,0
https://stats47.jp/ranking/monthly-average-actual-working-hours-female,NEUTRAL,検出 - インデックス未登録,INDEXING_STATE_UNSPECIFIED,ROBOTS_TXT_STATE_UNSPECIFIED,,PAGE_FETCH_STATE_UNSPECIFIED,,,CRAWLING_USER_AGENT_UNSPECIFIED,3
https://stats47.jp/ranking/monthly-average-actual-working-hours-female-pre2019,NEUTRAL,検出 - インデックス未登録,INDEXING_STATE_UNSPECIFIED,ROBOTS_TXT_STATE_UNSPECIFIED,,PAGE_FETCH_STATE_UNSPECIFIED,,,CRAWLING_USER_AGENT_UNSPECIFIED,2
https://stats47.jp/ranking/monthly-average-actual-working-hours-male,NEUTRAL,検出 - インデックス未登録,INDEXING_STATE_UNSPECIFIED,ROBOTS_TXT_STATE_UNSPECIFIED,,PAGE_FETCH_STATE_UNSPECIFIED,,,CRAWLING_USER_AGENT_UNSPECIFIED,3
https://stats47.jp/ranking/monthly-average-actual-working-hours-male-pre2019,NEUTRAL,URL が Google に認識されていません,INDEXING_STATE_UNSPECIFIED,ROBOTS_TXT_STATE_UNSPECIFIED,,PAGE_FETCH_STATE_UNSPECIFIED,,,,0
https://stats47.jp/ranking/movers-out,NEUTRAL,検出 - インデックス未登録,INDEXING_STATE_UNSPECIFIED,ROBOTS_TXT_STATE_UNSPECIFIED,,PAGE_FETCH_STATE_UNSPECIFIED,,,CRAWLING_USER_AGENT_UNSPECIFIED,3
https://stats47.jp/ranking/moving-in-excess-rate,NEUTRAL,検出 - インデックス未登録,INDEXING_STATE_UNSPECIFIED,ROBOTS_TXT_STATE_UNSPECIFIED,,PAGE_FETCH_STATE_UNSPECIFIED,,,CRAWLING_USER_AGENT_UNSPECIFIED,3
https://stats47.jp/ranking/moving-in-rate,NEUTRAL,検出 - インデックス未登録,INDEXING_STATE_UNSPECIFIED,ROBOTS_TXT_STATE_UNSPECIFIED,,PAGE_FETCH_STATE_UNSPECIFIED,,,CRAWLING_USER_AGENT_UNSPECIFIED,3
https://stats47.jp/ranking/moving-out-rate,NEUTRAL,検出 - インデックス未登録,INDEXING_STATE_UNSPECIFIED,ROBOTS_TXT_STATE_UNSPECIFIED,,PAGE_FETCH_STATE_UNSPECIFIED,,,CRAWLING_USER_AGENT_UNSPECIFIED,3
https://stats47.jp/ranking/municipal-general-administration-staff,NEUTRAL,検出 - インデックス未登録,INDEXING_STATE_UNSPECIFIED,ROBOTS_TXT_STATE_UNSPECIFIED,,PAGE_FETCH_STATE_UNSPECIFIED,,,CRAWLING_USER_AGENT_UNSPECIFIED,2
https://stats47.jp/ranking/municipal-road-paving-rate,NEUTRAL,検出 - インデックス未登録,INDEXING_STATE_UNSPECIFIED,ROBOTS_TXT_STATE_UNSPECIFIED,,PAGE_FETCH_STATE_UNSPECIFIED,,,CRAWLING_USER_AGENT_UNSPECIFIED,3
https://stats47.jp/ranking/municipality-count,NEUTRAL,検出 - インデックス未登録,INDEXING_STATE_UNSPECIFIED,ROBOTS_TXT_STATE_UNSPECIFIED,,PAGE_FETCH_STATE_UNSPECIFIED,,,CRAWLING_USER_AGENT_UNSPECIFIED,3
https://stats47.jp/ranking/national-medical-expense-inpatient,NEUTRAL,URL が Google に認識されていません,INDEXING_STATE_UNSPECIFIED,ROBOTS_TXT_STATE_UNSPECIFIED,,PAGE_FETCH_STATE_UNSPECIFIED,,,,0
https://stats47.jp/ranking/national-treasury-disbursement-ratio-pref-finance,NEUTRAL,URL が Google に認識されていません,INDEXING_STATE_UNSPECIFIED,ROBOTS_TXT_STATE_UNSPECIFIED,,PAGE_FETCH_STATE_UNSPECIFIED,,,,0
https://stats47.jp/ranking/national-university-student-ratio,NEUTRAL,検出 - インデックス未登録,INDEXING_STATE_UNSPECIFIED,ROBOTS_TXT_STATE_UNSPECIFIED,,PAGE_FETCH_STATE_UNSPECIFIED,,,CRAWLING_USER_AGENT_UNSPECIFIED,3
https://stats47.jp/ranking/natural-increase-rate,NEUTRAL,URL が Google に認識されていません,INDEXING_STATE_UNSPECIFIED,ROBOTS_TXT_STATE_UNSPECIFIED,,PAGE_FETCH_STATE_UNSPECIFIED,,,,0
https://stats47.jp/ranking/natural-stillbirths,NEUTRAL,URL が Google に認識されていません,INDEXING_STATE_UNSPECIFIED,ROBOTS_TXT_STATE_UNSPECIFIED,,PAGE_FETCH_STATE_UNSPECIFIED,,,,0
https://stats47.jp/ranking/nature-park-area-ratio,NEUTRAL,URL が Google に認識されていません,INDEXING_STATE_UNSPECIFIED,ROBOTS_TXT_STATE_UNSPECIFIED,,PAGE_FETCH_STATE_UNSPECIFIED,,,,0
https://stats47.jp/ranking/neonatal-deaths,NEUTRAL,検出 - インデックス未登録,INDEXING_STATE_UNSPECIFIED,ROBOTS_TXT_STATE_UNSPECIFIED,,PAGE_FETCH_STATE_UNSPECIFIED,,,CRAWLING_USER_AGENT_UNSPECIFIED,3
https://stats47.jp/ranking/neonatal-mortality-rate-per-1000-births,NEUTRAL,URL が Google に認識されていません,INDEXING_STATE_UNSPECIFIED,ROBOTS_TXT_STATE_UNSPECIFIED,,PAGE_FETCH_STATE_UNSPECIFIED,,,,0
https://stats47.jp/ranking/new-employment-rate,NEUTRAL,検出 - インデックス未登録,INDEXING_STATE_UNSPECIFIED,ROBOTS_TXT_STATE_UNSPECIFIED,,PAGE_FETCH_STATE_UNSPECIFIED,,,CRAWLING_USER_AGENT_UNSPECIFIED,3
https://stats47.jp/ranking/new-graduate-scheduled-salary-college-male,NEUTRAL,検出 - インデックス未登録,INDEXING_STATE_UNSPECIFIED,ROBOTS_TXT_STATE_UNSPECIFIED,,PAGE_FETCH_STATE_UNSPECIFIED,,,CRAWLING_USER_AGENT_UNSPECIFIED,3
https://stats47.jp/ranking/new-graduate-starting-salary-college-female,NEUTRAL,検出 - インデックス未登録,INDEXING_STATE_UNSPECIFIED,ROBOTS_TXT_STATE_UNSPECIFIED,,PAGE_FETCH_STATE_UNSPECIFIED,,,CRAWLING_USER_AGENT_UNSPECIFIED,3
https://stats47.jp/ranking/new-graduate-starting-salary-highschool-female,NEUTRAL,URL が Google に認識されていません,INDEXING_STATE_UNSPECIFIED,ROBOTS_TXT_STATE_UNSPECIFIED,,PAGE_FETCH_STATE_UNSPECIFIED,,,,0
https://stats47.jp/ranking/new-graduate-starting-salary-highschool-male,NEUTRAL,検出 - インデックス未登録,INDEXING_STATE_UNSPECIFIED,ROBOTS_TXT_STATE_UNSPECIFIED,,PAGE_FETCH_STATE_UNSPECIFIED,,,CRAWLING_USER_AGENT_UNSPECIFIED,3
https://stats47.jp/ranking/new-graduate-starting-salary-university-male,NEUTRAL,検出 - インデックス未登録,INDEXING_STATE_UNSPECIFIED,ROBOTS_TXT_STATE_UNSPECIFIED,,PAGE_FETCH_STATE_UNSPECIFIED,,,CRAWLING_USER_AGENT_UNSPECIFIED,3
https://stats47.jp/ranking/new-housing-construction-ratio,NEUTRAL,検出 - インデックス未登録,INDEXING_STATE_UNSPECIFIED,ROBOTS_TXT_STATE_UNSPECIFIED,,PAGE_FETCH_STATE_UNSPECIFIED,,,CRAWLING_USER_AGENT_UNSPECIFIED,2
https://stats47.jp/ranking/new-owner-occupied-housing-ratio,NEUTRAL,検出 - インデックス未登録,INDEXING_STATE_UNSPECIFIED,ROBOTS_TXT_STATE_UNSPECIFIED,,PAGE_FETCH_STATE_UNSPECIFIED,,,CRAWLING_USER_AGENT_UNSPECIFIED,3
https://stats47.jp/ranking/new-rented-housing-ratio,NEUTRAL,検出 - インデックス未登録,INDEXING_STATE_UNSPECIFIED,ROBOTS_TXT_STATE_UNSPECIFIED,,PAGE_FETCH_STATE_UNSPECIFIED,,,CRAWLING_USER_AGENT_UNSPECIFIED,3
https://stats47.jp/ranking/nuclear-family-households-ratio,NEUTRAL,URL が Google に認識されていません,INDEXING_STATE_UNSPECIFIED,ROBOTS_TXT_STATE_UNSPECIFIED,,PAGE_FETCH_STATE_UNSPECIFIED,,,,0
https://stats47.jp/ranking/number-of-constructed-buildings,NEUTRAL,検出 - インデックス未登録,INDEXING_STATE_UNSPECIFIED,ROBOTS_TXT_STATE_UNSPECIFIED,,PAGE_FETCH_STATE_UNSPECIFIED,,,CRAWLING_USER_AGENT_UNSPECIFIED,3
https://stats47.jp/ranking/number-of-simple-lodging-facilities,NEUTRAL,URL が Google に認識されていません,INDEXING_STATE_UNSPECIFIED,ROBOTS_TXT_STATE_UNSPECIFIED,,PAGE_FETCH_STATE_UNSPECIFIED,,,,0
https://stats47.jp/ranking/nursery-children-per-nursery-teacher,NEUTRAL,検出 - インデックス未登録,INDEXING_STATE_UNSPECIFIED,ROBOTS_TXT_STATE_UNSPECIFIED,,PAGE_FETCH_STATE_UNSPECIFIED,,,CRAWLING_USER_AGENT_UNSPECIFIED,3
https://stats47.jp/ranking/nursery-count-per-100k-0-5,NEUTRAL,URL が Google に認識されていません,INDEXING_STATE_UNSPECIFIED,ROBOTS_TXT_STATE_UNSPECIFIED,,PAGE_FETCH_STATE_UNSPECIFIED,,,,0
https://stats47.jp/ranking/nurses-general-hospital-per-100beds,NEUTRAL,検出 - インデックス未登録,INDEXING_STATE_UNSPECIFIED,ROBOTS_TXT_STATE_UNSPECIFIED,,PAGE_FETCH_STATE_UNSPECIFIED,,,CRAWLING_USER_AGENT_UNSPECIFIED,3
https://stats47.jp/ranking/nurses-in-medical-facilities-per-100k,NEUTRAL,検出 - インデックス未登録,INDEXING_STATE_UNSPECIFIED,ROBOTS_TXT_STATE_UNSPECIFIED,,PAGE_FETCH_STATE_UNSPECIFIED,,,CRAWLING_USER_AGENT_UNSPECIFIED,3
https://stats47.jp/ranking/occupational-accident-frequency-rate,NEUTRAL,URL が Google に認識されていません,INDEXING_STATE_UNSPECIFIED,ROBOTS_TXT_STATE_UNSPECIFIED,,PAGE_FETCH_STATE_UNSPECIFIED,,,,0
https://stats47.jp/ranking/old-population-index,NEUTRAL,検出 - インデックス未登録,INDEXING_STATE_UNSPECIFIED,ROBOTS_TXT_STATE_UNSPECIFIED,,PAGE_FETCH_STATE_UNSPECIFIED,,,CRAWLING_USER_AGENT_UNSPECIFIED,3
https://stats47.jp/ranking/ordinary-construction-expenditure-ratio-pref-finance,NEUTRAL,検出 - インデックス未登録,INDEXING_STATE_UNSPECIFIED,ROBOTS_TXT_STATE_UNSPECIFIED,,PAGE_FETCH_STATE_UNSPECIFIED,,,CRAWLING_USER_AGENT_UNSPECIFIED,3
https://stats47.jp/ranking/outflow-population-ratio,NEUTRAL,検出 - インデックス未登録,INDEXING_STATE_UNSPECIFIED,ROBOTS_TXT_STATE_UNSPECIFIED,,PAGE_FETCH_STATE_UNSPECIFIED,,,CRAWLING_USER_AGENT_UNSPECIFIED,3
https://stats47.jp/ranking/outpatients-per-fulltime-physician-per-day,NEUTRAL,URL が Google に認識されていません,INDEXING_STATE_UNSPECIFIED,ROBOTS_TXT_STATE_UNSPECIFIED,,PAGE_FETCH_STATE_UNSPECIFIED,,,,0
https://stats47.jp/ranking/paid-nursing-home-count-per-100k-65plus,NEUTRAL,検出 - インデックス未登録,INDEXING_STATE_UNSPECIFIED,ROBOTS_TXT_STATE_UNSPECIFIED,,PAGE_FETCH_STATE_UNSPECIFIED,,,CRAWLING_USER_AGENT_UNSPECIFIED,2
https://stats47.jp/ranking/part-time-employment-rate-regular,NEUTRAL,検出 - インデックス未登録,INDEXING_STATE_UNSPECIFIED,ROBOTS_TXT_STATE_UNSPECIFIED,,PAGE_FETCH_STATE_UNSPECIFIED,,,CRAWLING_USER_AGENT_UNSPECIFIED,3
https://stats47.jp/ranking/passenger-ship-transport,NEUTRAL,URL が Google に認識されていません,INDEXING_STATE_UNSPECIFIED,ROBOTS_TXT_STATE_UNSPECIFIED,,PAGE_FETCH_STATE_UNSPECIFIED,,,,0
https://stats47.jp/ranking/per-capita-child-welfare-expenditure-under17-pref-municipal,NEUTRAL,URL が Google に認識されていません,INDEXING_STATE_UNSPECIFIED,ROBOTS_TXT_STATE_UNSPECIFIED,,PAGE_FETCH_STATE_UNSPECIFIED,,,,0
https://stats47.jp/ranking/per-capita-disaster-recovery-expenditure-pref-municipal,NEUTRAL,検出 - インデックス未登録,INDEXING_STATE_UNSPECIFIED,ROBOTS_TXT_STATE_UNSPECIFIED,,PAGE_FETCH_STATE_UNSPECIFIED,,,CRAWLING_USER_AGENT_UNSPECIFIED,3
https://stats47.jp/ranking/per-capita-inhabitant-tax-pref-municipal,NEUTRAL,検出 - インデックス未登録,INDEXING_STATE_UNSPECIFIED,ROBOTS_TXT_STATE_UNSPECIFIED,,PAGE_FETCH_STATE_UNSPECIFIED,,,CRAWLING_USER_AGENT_UNSPECIFIED,3
https://stats47.jp/ranking/per-capita-social-education-expenditure-pref-municipal,NEUTRAL,検出 - インデックス未登録,INDEXING_STATE_UNSPECIFIED,ROBOTS_TXT_STATE_UNSPECIFIED,,PAGE_FETCH_STATE_UNSPECIFIED,,,CRAWLING_USER_AGENT_UNSPECIFIED,3
https://stats47.jp/ranking/per-capita-social-welfare-expenditure-pref-municipal,NEUTRAL,検出 - インデックス未登録,INDEXING_STATE_UNSPECIFIED,ROBOTS_TXT_STATE_UNSPECIFIED,,PAGE_FETCH_STATE_UNSPECIFIED,,,CRAWLING_USER_AGENT_UNSPECIFIED,3
https://stats47.jp/ranking/per-capita-total-expenditure-pref-municipal,NEUTRAL,検出 - インデックス未登録,INDEXING_STATE_UNSPECIFIED,ROBOTS_TXT_STATE_UNSPECIFIED,,PAGE_FETCH_STATE_UNSPECIFIED,,,CRAWLING_USER_AGENT_UNSPECIFIED,3
https://stats47.jp/ranking/per-child-student-special-support-school-expenditure-pref-municipal,NEUTRAL,検出 - インデックス未登録,INDEXING_STATE_UNSPECIFIED,ROBOTS_TXT_STATE_UNSPECIFIED,,PAGE_FETCH_STATE_UNSPECIFIED,,,CRAWLING_USER_AGENT_UNSPECIFIED,2
https://stats47.jp/ranking/per-taxpayer-taxable-income,NEUTRAL,検出 - インデックス未登録,INDEXING_STATE_UNSPECIFIED,ROBOTS_TXT_STATE_UNSPECIFIED,,PAGE_FETCH_STATE_UNSPECIFIED,,,CRAWLING_USER_AGENT_UNSPECIFIED,2
https://stats47.jp/ranking/perinatal-mortality-rate-per-1000-births,NEUTRAL,検出 - インデックス未登録,INDEXING_STATE_UNSPECIFIED,ROBOTS_TXT_STATE_UNSPECIFIED,,PAGE_FETCH_STATE_UNSPECIFIED,,,CRAWLING_USER_AGENT_UNSPECIFIED,3
https://stats47.jp/ranking/personnel-expenditure-ratio-pref-finance,NEUTRAL,検出 - インデックス未登録,INDEXING_STATE_UNSPECIFIED,ROBOTS_TXT_STATE_UNSPECIFIED,,PAGE_FETCH_STATE_UNSPECIFIED,,,CRAWLING_USER_AGENT_UNSPECIFIED,3
https://stats47.jp/ranking/personnel-expenses-prefecture,NEUTRAL,検出 - インデックス未登録,INDEXING_STATE_UNSPECIFIED,ROBOTS_TXT_STATE_UNSPECIFIED,,PAGE_FETCH_STATE_UNSPECIFIED,,,CRAWLING_USER_AGENT_UNSPECIFIED,3
https://stats47.jp/ranking/persons-on-public-assistance,NEUTRAL,検出 - インデックス未登録,INDEXING_STATE_UNSPECIFIED,ROBOTS_TXT_STATE_UNSPECIFIED,,PAGE_FETCH_STATE_UNSPECIFIED,,,CRAWLING_USER_AGENT_UNSPECIFIED,2
https://stats47.jp/ranking/pharmaceutical-sales-count-per-100k,NEUTRAL,検出 - インデックス未登録,INDEXING_STATE_UNSPECIFIED,ROBOTS_TXT_STATE_UNSPECIFIED,,PAGE_FETCH_STATE_UNSPECIFIED,,,CRAWLING_USER_AGENT_UNSPECIFIED,3
https://stats47.jp/ranking/pharmaceutical-sales-count-per-100km2,NEUTRAL,検出 - インデックス未登録,INDEXING_STATE_UNSPECIFIED,ROBOTS_TXT_STATE_UNSPECIFIED,,PAGE_FETCH_STATE_UNSPECIFIED,,,CRAWLING_USER_AGENT_UNSPECIFIED,3
https://stats47.jp/ranking/pharmacist-count,NEUTRAL,検出 - インデックス未登録,INDEXING_STATE_UNSPECIFIED,ROBOTS_TXT_STATE_UNSPECIFIED,,PAGE_FETCH_STATE_UNSPECIFIED,,,CRAWLING_USER_AGENT_UNSPECIFIED,3
https://stats47.jp/ranking/pharmacy-count,NEUTRAL,検出 - インデックス未登録,INDEXING_STATE_UNSPECIFIED,ROBOTS_TXT_STATE_UNSPECIFIED,,PAGE_FETCH_STATE_UNSPECIFIED,,,CRAWLING_USER_AGENT_UNSPECIFIED,3
https://stats47.jp/ranking/pharmacy-count-per-100k,NEUTRAL,URL が Google に認識されていません,INDEXING_STATE_UNSPECIFIED,ROBOTS_TXT_STATE_UNSPECIFIED,,PAGE_FETCH_STATE_UNSPECIFIED,,,,0
https://stats47.jp/ranking/physical-disability-rehabilitation-facility-residents-per-100k,NEUTRAL,検出 - インデックス未登録,INDEXING_STATE_UNSPECIFIED,ROBOTS_TXT_STATE_UNSPECIFIED,,PAGE_FETCH_STATE_UNSPECIFIED,,,CRAWLING_USER_AGENT_UNSPECIFIED,3
https://stats47.jp/ranking/physicians-in-medical-facilities-per-100k,NEUTRAL,検出 - インデックス未登録,INDEXING_STATE_UNSPECIFIED,ROBOTS_TXT_STATE_UNSPECIFIED,,PAGE_FETCH_STATE_UNSPECIFIED,,,CRAWLING_USER_AGENT_UNSPECIFIED,3
https://stats47.jp/ranking/police-department-staff,NEUTRAL,URL が Google に認識されていません,INDEXING_STATE_UNSPECIFIED,ROBOTS_TXT_STATE_UNSPECIFIED,,PAGE_FETCH_STATE_UNSPECIFIED,,,,0
https://stats47.jp/ranking/police-expenditure-ratio-pref-finance,NEUTRAL,検出 - インデックス未登録,INDEXING_STATE_UNSPECIFIED,ROBOTS_TXT_STATE_UNSPECIFIED,,PAGE_FETCH_STATE_UNSPECIFIED,,,CRAWLING_USER_AGENT_UNSPECIFIED,3
https://stats47.jp/ranking/pollution-complaints-received-per-100k,NEUTRAL,URL が Google に認識されていません,INDEXING_STATE_UNSPECIFIED,ROBOTS_TXT_STATE_UNSPECIFIED,,PAGE_FETCH_STATE_UNSPECIFIED,,,,0
https://stats47.jp/ranking/population-density-per-km2-inhabitable-area,NEUTRAL,検出 - インデックス未登録,INDEXING_STATE_UNSPECIFIED,ROBOTS_TXT_STATE_UNSPECIFIED,,PAGE_FETCH_STATE_UNSPECIFIED,,,CRAWLING_USER_AGENT_UNSPECIFIED,3
https://stats47.jp/ranking/post-office-count-per-100km2,NEUTRAL,検出 - インデックス未登録,INDEXING_STATE_UNSPECIFIED,ROBOTS_TXT_STATE_UNSPECIFIED,,PAGE_FETCH_STATE_UNSPECIFIED,,,CRAWLING_USER_AGENT_UNSPECIFIED,3
https://stats47.jp/ranking/postal-savings-balance,NEUTRAL,検出 - インデックス未登録,INDEXING_STATE_UNSPECIFIED,ROBOTS_TXT_STATE_UNSPECIFIED,,PAGE_FETCH_STATE_UNSPECIFIED,,,CRAWLING_USER_AGENT_UNSPECIFIED,3
https://stats47.jp/ranking/postal-savings-balance-per-capita,NEUTRAL,検出 - インデックス未登録,INDEXING_STATE_UNSPECIFIED,ROBOTS_TXT_STATE_UNSPECIFIED,,PAGE_FETCH_STATE_UNSPECIFIED,,,CRAWLING_USER_AGENT_UNSPECIFIED,3
https://stats47.jp/ranking/primary-activity-avg-time-female,NEUTRAL,検出 - インデックス未登録,INDEXING_STATE_UNSPECIFIED,ROBOTS_TXT_STATE_UNSPECIFIED,,PAGE_FETCH_STATE_UNSPECIFIED,,,CRAWLING_USER_AGENT_UNSPECIFIED,3
https://stats47.jp/ranking/prime-contractor-completed-construction,NEUTRAL,検出 - インデックス未登録,INDEXING_STATE_UNSPECIFIED,ROBOTS_TXT_STATE_UNSPECIFIED,,PAGE_FETCH_STATE_UNSPECIFIED,,,CRAWLING_USER_AGENT_UNSPECIFIED,3
https://stats47.jp/ranking/private-auto-insurance-penetration-rate-object,NEUTRAL,URL が Google に認識されていません,INDEXING_STATE_UNSPECIFIED,ROBOTS_TXT_STATE_UNSPECIFIED,,PAGE_FETCH_STATE_UNSPECIFIED,,,,0
https://stats47.jp/ranking/private-auto-insurance-penetration-rate-person,NEUTRAL,検出 - インデックス未登録,INDEXING_STATE_UNSPECIFIED,ROBOTS_TXT_STATE_UNSPECIFIED,,PAGE_FETCH_STATE_UNSPECIFIED,,,CRAWLING_USER_AGENT_UNSPECIFIED,3
https://stats47.jp/ranking/private-auto-insurance-penetration-rate-vehicle,NEUTRAL,URL が Google に認識されていません,INDEXING_STATE_UNSPECIFIED,ROBOTS_TXT_STATE_UNSPECIFIED,,PAGE_FETCH_STATE_UNSPECIFIED,,,,0
https://stats47.jp/ranking/private-life-insurance-amount-per-contract,NEUTRAL,検出 - インデックス未登録,INDEXING_STATE_UNSPECIFIED,ROBOTS_TXT_STATE_UNSPECIFIED,,PAGE_FETCH_STATE_UNSPECIFIED,,,CRAWLING_USER_AGENT_UNSPECIFIED,3
https://stats47.jp/ranking/private-life-insurance-contract-amount-per-household,NEUTRAL,検出 - インデックス未登録,INDEXING_STATE_UNSPECIFIED,ROBOTS_TXT_STATE_UNSPECIFIED,,PAGE_FETCH_STATE_UNSPECIFIED,,,CRAWLING_USER_AGENT_UNSPECIFIED,3
https://stats47.jp/ranking/private-life-insurance-contracts-per-1000,NEUTRAL,検出 - インデックス未登録,INDEXING_STATE_UNSPECIFIED,ROBOTS_TXT_STATE_UNSPECIFIED,,PAGE_FETCH_STATE_UNSPECIFIED,,,CRAWLING_USER_AGENT_UNSPECIFIED,3
https://stats47.jp/ranking/private-rental-housing-rent-per-3-3m2,NEUTRAL,検出 - インデックス未登録,INDEXING_STATE_UNSPECIFIED,ROBOTS_TXT_STATE_UNSPECIFIED,,PAGE_FETCH_STATE_UNSPECIFIED,,,CRAWLING_USER_AGENT_UNSPECIFIED,3
https://stats47.jp/ranking/private-university-student-ratio,NEUTRAL,検出 - インデックス未登録,INDEXING_STATE_UNSPECIFIED,ROBOTS_TXT_STATE_UNSPECIFIED,,PAGE_FETCH_STATE_UNSPECIFIED,,,CRAWLING_USER_AGENT_UNSPECIFIED,3
https://stats47.jp/ranking/psychiatric-bed-count-per-100k,NEUTRAL,URL が Google に認識されていません,INDEXING_STATE_UNSPECIFIED,ROBOTS_TXT_STATE_UNSPECIFIED,,PAGE_FETCH_STATE_UNSPECIFIED,,,,0
https://stats47.jp/ranking/psychiatric-hospital-count-per-100k,NEUTRAL,検出 - インデックス未登録,INDEXING_STATE_UNSPECIFIED,ROBOTS_TXT_STATE_UNSPECIFIED,,PAGE_FETCH_STATE_UNSPECIFIED,,,CRAWLING_USER_AGENT_UNSPECIFIED,3
https://stats47.jp/ranking/psychiatric-inpatients-per-fulltime-physician-per-day,NEUTRAL,検出 - インデックス未登録,INDEXING_STATE_UNSPECIFIED,ROBOTS_TXT_STATE_UNSPECIFIED,,PAGE_FETCH_STATE_UNSPECIFIED,,,CRAWLING_USER_AGENT_UNSPECIFIED,3
https://stats47.jp/ranking/psychiatric-inpatients-per-nurse-per-day,NEUTRAL,検出 - インデックス未登録,INDEXING_STATE_UNSPECIFIED,ROBOTS_TXT_STATE_UNSPECIFIED,,PAGE_FETCH_STATE_UNSPECIFIED,,,CRAWLING_USER_AGENT_UNSPECIFIED,3
https://stats47.jp/ranking/psychiatric-outpatients-per-fulltime-physician-per-day,NEUTRAL,URL が Google に認識されていません,INDEXING_STATE_UNSPECIFIED,ROBOTS_TXT_STATE_UNSPECIFIED,,PAGE_FETCH_STATE_UNSPECIFIED,,,,0
https://stats47.jp/ranking/public-assistance-education-beneficiaries-per-1000,NEUTRAL,URL が Google に認識されていません,INDEXING_STATE_UNSPECIFIED,ROBOTS_TXT_STATE_UNSPECIFIED,,PAGE_FETCH_STATE_UNSPECIFIED,,,,0
https://stats47.jp/ranking/public-assistance-expenditure-ratio-pref-finance,NEUTRAL,検出 - インデックス未登録,INDEXING_STATE_UNSPECIFIED,ROBOTS_TXT_STATE_UNSPECIFIED,,PAGE_FETCH_STATE_UNSPECIFIED,,,CRAWLING_USER_AGENT_UNSPECIFIED,3
https://stats47.jp/ranking/public-assistance-housing-beneficiaries-per-1000,NEUTRAL,検出 - インデックス未登録,INDEXING_STATE_UNSPECIFIED,ROBOTS_TXT_STATE_UNSPECIFIED,,PAGE_FETCH_STATE_UNSPECIFIED,,,CRAWLING_USER_AGENT_UNSPECIFIED,3
https://stats47.jp/ranking/public-assistance-medical-beneficiaries-per-1000,NEUTRAL,URL が Google に認識されていません,INDEXING_STATE_UNSPECIFIED,ROBOTS_TXT_STATE_UNSPECIFIED,,PAGE_FETCH_STATE_UNSPECIFIED,,,,0
https://stats47.jp/ranking/public-assistance-nursing-beneficiaries-per-1000,NEUTRAL,検出 - インデックス未登録,INDEXING_STATE_UNSPECIFIED,ROBOTS_TXT_STATE_UNSPECIFIED,,PAGE_FETCH_STATE_UNSPECIFIED,,,CRAWLING_USER_AGENT_UNSPECIFIED,3
https://stats47.jp/ranking/public-elementary-school-gym-installation-rate,NEUTRAL,検出 - インデックス未登録,INDEXING_STATE_UNSPECIFIED,ROBOTS_TXT_STATE_UNSPECIFIED,,PAGE_FETCH_STATE_UNSPECIFIED,,,CRAWLING_USER_AGENT_UNSPECIFIED,3
https://stats47.jp/ranking/public-elementary-school-pool-installation-rate,NEUTRAL,URL が Google に認識されていません,INDEXING_STATE_UNSPECIFIED,ROBOTS_TXT_STATE_UNSPECIFIED,,PAGE_FETCH_STATE_UNSPECIFIED,,,,0
https://stats47.jp/ranking/public-general-hospital-ratio,NEUTRAL,検出 - インデックス未登録,INDEXING_STATE_UNSPECIFIED,ROBOTS_TXT_STATE_UNSPECIFIED,,PAGE_FETCH_STATE_UNSPECIFIED,,,CRAWLING_USER_AGENT_UNSPECIFIED,3
https://stats47.jp/ranking/public-gymnasium-count-per-million,NEUTRAL,URL が Google に認識されていません,INDEXING_STATE_UNSPECIFIED,ROBOTS_TXT_STATE_UNSPECIFIED,,PAGE_FETCH_STATE_UNSPECIFIED,,,,0
https://stats47.jp/ranking/public-hall-count-per-million,NEUTRAL,検出 - インデックス未登録,INDEXING_STATE_UNSPECIFIED,ROBOTS_TXT_STATE_UNSPECIFIED,,PAGE_FETCH_STATE_UNSPECIFIED,,,CRAWLING_USER_AGENT_UNSPECIFIED,3
https://stats47.jp/ranking/public-health-nurse-count-per-100k,NEUTRAL,検出 - インデックス未登録,INDEXING_STATE_UNSPECIFIED,ROBOTS_TXT_STATE_UNSPECIFIED,,PAGE_FETCH_STATE_UNSPECIFIED,,,CRAWLING_USER_AGENT_UNSPECIFIED,2
https://stats47.jp/ranking/public-high-school-pool-installation-rate,NEUTRAL,検出 - インデックス未登録,INDEXING_STATE_UNSPECIFIED,ROBOTS_TXT_STATE_UNSPECIFIED,,PAGE_FETCH_STATE_UNSPECIFIED,,,CRAWLING_USER_AGENT_UNSPECIFIED,3
https://stats47.jp/ranking/public-high-school-ratio,NEUTRAL,検出 - インデックス未登録,INDEXING_STATE_UNSPECIFIED,ROBOTS_TXT_STATE_UNSPECIFIED,,PAGE_FETCH_STATE_UNSPECIFIED,,,CRAWLING_USER_AGENT_UNSPECIFIED,3
https://stats47.jp/ranking/public-high-school-student-ratio,NEUTRAL,検出 - インデックス未登録,INDEXING_STATE_UNSPECIFIED,ROBOTS_TXT_STATE_UNSPECIFIED,,PAGE_FETCH_STATE_UNSPECIFIED,,,CRAWLING_USER_AGENT_UNSPECIFIED,3
https://stats47.jp/ranking/public-junior-high-school-gym-installation-rate,NEUTRAL,検出 - インデックス未登録,INDEXING_STATE_UNSPECIFIED,ROBOTS_TXT_STATE_UNSPECIFIED,,PAGE_FETCH_STATE_UNSPECIFIED,,,CRAWLING_USER_AGENT_UNSPECIFIED,3
https://stats47.jp/ranking/public-multipurpose-sports-ground-count-per-million,NEUTRAL,検出 - インデックス未登録,INDEXING_STATE_UNSPECIFIED,ROBOTS_TXT_STATE_UNSPECIFIED,,PAGE_FETCH_STATE_UNSPECIFIED,,,CRAWLING_USER_AGENT_UNSPECIFIED,2
https://stats47.jp/ranking/public-nursery-ratio,NEUTRAL,検出 - インデックス未登録,INDEXING_STATE_UNSPECIFIED,ROBOTS_TXT_STATE_UNSPECIFIED,,PAGE_FETCH_STATE_UNSPECIFIED,,,CRAWLING_USER_AGENT_UNSPECIFIED,2
https://stats47.jp/ranking/public-rental-housing-rent-per-3-3m2,NEUTRAL,検出 - インデックス未登録,INDEXING_STATE_UNSPECIFIED,ROBOTS_TXT_STATE_UNSPECIFIED,,PAGE_FETCH_STATE_UNSPECIFIED,,,CRAWLING_USER_AGENT_UNSPECIFIED,3
https://stats47.jp/ranking/public-swimming-pool-count-per-million,NEUTRAL,検出 - インデックス未登録,INDEXING_STATE_UNSPECIFIED,ROBOTS_TXT_STATE_UNSPECIFIED,,PAGE_FETCH_STATE_UNSPECIFIED,,,CRAWLING_USER_AGENT_UNSPECIFIED,3
https://stats47.jp/ranking/public-university-student-ratio,NEUTRAL,URL が Google に認識されていません,INDEXING_STATE_UNSPECIFIED,ROBOTS_TXT_STATE_UNSPECIFIED,,PAGE_FETCH_STATE_UNSPECIFIED,,,,0
https://stats47.jp/ranking/public-works-expenditure-ratio-pref-finance,NEUTRAL,URL が Google に認識されていません,INDEXING_STATE_UNSPECIFIED,ROBOTS_TXT_STATE_UNSPECIFIED,,PAGE_FETCH_STATE_UNSPECIFIED,,,,0
https://stats47.jp/ranking/ratio-65-plus,NEUTRAL,検出 - インデックス未登録,INDEXING_STATE_UNSPECIFIED,ROBOTS_TXT_STATE_UNSPECIFIED,,PAGE_FETCH_STATE_UNSPECIFIED,,,CRAWLING_USER_AGENT_UNSPECIFIED,2
https://stats47.jp/ranking/ratio-of-general-households-to-national,NEUTRAL,検出 - インデックス未登録,INDEXING_STATE_UNSPECIFIED,ROBOTS_TXT_STATE_UNSPECIFIED,,PAGE_FETCH_STATE_UNSPECIFIED,,,CRAWLING_USER_AGENT_UNSPECIFIED,3
https://stats47.jp/ranking/real-balance-ratio,NEUTRAL,検出 - インデックス未登録,INDEXING_STATE_UNSPECIFIED,ROBOTS_TXT_STATE_UNSPECIFIED,,PAGE_FETCH_STATE_UNSPECIFIED,,,CRAWLING_USER_AGENT_UNSPECIFIED,3
https://stats47.jp/ranking/regular-cash-salary-female,NEUTRAL,検出 - インデックス未登録,INDEXING_STATE_UNSPECIFIED,ROBOTS_TXT_STATE_UNSPECIFIED,,PAGE_FETCH_STATE_UNSPECIFIED,,,CRAWLING_USER_AGENT_UNSPECIFIED,3
https://stats47.jp/ranking/regular-cash-salary-female-pre2019,NEUTRAL,URL が Google に認識されていません,INDEXING_STATE_UNSPECIFIED,ROBOTS_TXT_STATE_UNSPECIFIED,,PAGE_FETCH_STATE_UNSPECIFIED,,,,0
https://stats47.jp/ranking/reserve-funds-prefecture,NEUTRAL,検出 - インデックス未登録,INDEXING_STATE_UNSPECIFIED,ROBOTS_TXT_STATE_UNSPECIFIED,,PAGE_FETCH_STATE_UNSPECIFIED,,,CRAWLING_USER_AGENT_UNSPECIFIED,3
https://stats47.jp/ranking/residential-and-mixed-area-ratio,NEUTRAL,検出 - インデックス未登録,INDEXING_STATE_UNSPECIFIED,ROBOTS_TXT_STATE_UNSPECIFIED,,PAGE_FETCH_STATE_UNSPECIFIED,,,CRAWLING_USER_AGENT_UNSPECIFIED,2
https://stats47.jp/ranking/residential-area-ratio,NEUTRAL,検出 - インデックス未登録,INDEXING_STATE_UNSPECIFIED,ROBOTS_TXT_STATE_UNSPECIFIED,,PAGE_FETCH_STATE_UNSPECIFIED,,,CRAWLING_USER_AGENT_UNSPECIFIED,2
https://stats47.jp/ranking/residential-telephone-subscription-count-per-1000,NEUTRAL,URL が Google に認識されていません,INDEXING_STATE_UNSPECIFIED,ROBOTS_TXT_STATE_UNSPECIFIED,,PAGE_FETCH_STATE_UNSPECIFIED,,,,0
https://stats47.jp/ranking/road-bridge-expenses-prefecture,NEUTRAL,検出 - インデックス未登録,INDEXING_STATE_UNSPECIFIED,ROBOTS_TXT_STATE_UNSPECIFIED,,PAGE_FETCH_STATE_UNSPECIFIED,,,CRAWLING_USER_AGENT_UNSPECIFIED,3
https://stats47.jp/ranking/road-traffic-law-violation-arrest-count-per-population,NEUTRAL,URL が Google に認識されていません,INDEXING_STATE_UNSPECIFIED,ROBOTS_TXT_STATE_UNSPECIFIED,,PAGE_FETCH_STATE_UNSPECIFIED,,,,0
https://stats47.jp/ranking/room-utilization-rate,NEUTRAL,検出 - インデックス未登録,INDEXING_STATE_UNSPECIFIED,ROBOTS_TXT_STATE_UNSPECIFIED,,PAGE_FETCH_STATE_UNSPECIFIED,,,CRAWLING_USER_AGENT_UNSPECIFIED,3
https://stats47.jp/ranking/rooms-per-dwelling,NEUTRAL,検出 - インデックス未登録,INDEXING_STATE_UNSPECIFIED,ROBOTS_TXT_STATE_UNSPECIFIED,,PAGE_FETCH_STATE_UNSPECIFIED,,,CRAWLING_USER_AGENT_UNSPECIFIED,2
https://stats47.jp/ranking/secondary-education-school-count-per-100k-12-17,NEUTRAL,検出 - インデックス未登録,INDEXING_STATE_UNSPECIFIED,ROBOTS_TXT_STATE_UNSPECIFIED,,PAGE_FETCH_STATE_UNSPECIFIED,,,CRAWLING_USER_AGENT_UNSPECIFIED,3
https://stats47.jp/ranking/secondary-employed-people-ratio-tertiary,NEUTRAL,検出 - インデックス未登録,INDEXING_STATE_UNSPECIFIED,ROBOTS_TXT_STATE_UNSPECIFIED,,PAGE_FETCH_STATE_UNSPECIFIED,,,CRAWLING_USER_AGENT_UNSPECIFIED,3
https://stats47.jp/ranking/sewerage-penetration-rate-2012on,NEUTRAL,検出 - インデックス未登録,INDEXING_STATE_UNSPECIFIED,ROBOTS_TXT_STATE_UNSPECIFIED,,PAGE_FETCH_STATE_UNSPECIFIED,,,CRAWLING_USER_AGENT_UNSPECIFIED,3
https://stats47.jp/ranking/sewerage-penetration-rate-pre2011,NEUTRAL,検出 - インデックス未登録,INDEXING_STATE_UNSPECIFIED,ROBOTS_TXT_STATE_UNSPECIFIED,,PAGE_FETCH_STATE_UNSPECIFIED,,,CRAWLING_USER_AGENT_UNSPECIFIED,1
https://stats47.jp/ranking/sex-old-population-ratio,NEUTRAL,検出 - インデックス未登録,INDEXING_STATE_UNSPECIFIED,ROBOTS_TXT_STATE_UNSPECIFIED,,PAGE_FETCH_STATE_UNSPECIFIED,,,CRAWLING_USER_AGENT_UNSPECIFIED,2
https://stats47.jp/ranking/sex-ratio-total,NEUTRAL,検出 - インデックス未登録,INDEXING_STATE_UNSPECIFIED,ROBOTS_TXT_STATE_UNSPECIFIED,,PAGE_FETCH_STATE_UNSPECIFIED,,,CRAWLING_USER_AGENT_UNSPECIFIED,3
https://stats47.jp/ranking/sex-young-population-ratio,NEUTRAL,検出 - インデックス未登録,INDEXING_STATE_UNSPECIFIED,ROBOTS_TXT_STATE_UNSPECIFIED,,PAGE_FETCH_STATE_UNSPECIFIED,,,CRAWLING_USER_AGENT_UNSPECIFIED,3
https://stats47.jp/ranking/single-father-households,NEUTRAL,検出 - インデックス未登録,INDEXING_STATE_UNSPECIFIED,ROBOTS_TXT_STATE_UNSPECIFIED,,PAGE_FETCH_STATE_UNSPECIFIED,,,CRAWLING_USER_AGENT_UNSPECIFIED,2
https://stats47.jp/ranking/single-person-household-old-population-ratio,NEUTRAL,検出 - インデックス未登録,INDEXING_STATE_UNSPECIFIED,ROBOTS_TXT_STATE_UNSPECIFIED,,PAGE_FETCH_STATE_UNSPECIFIED,,,CRAWLING_USER_AGENT_UNSPECIFIED,3
https://stats47.jp/ranking/site-area-per-dwelling,NEUTRAL,検出 - インデックス未登録,INDEXING_STATE_UNSPECIFIED,ROBOTS_TXT_STATE_UNSPECIFIED,,PAGE_FETCH_STATE_UNSPECIFIED,,,CRAWLING_USER_AGENT_UNSPECIFIED,3
https://stats47.jp/ranking/special-law-criminal-arrest-count,NEUTRAL,検出 - インデックス未登録,INDEXING_STATE_UNSPECIFIED,ROBOTS_TXT_STATE_UNSPECIFIED,,PAGE_FETCH_STATE_UNSPECIFIED,,,CRAWLING_USER_AGENT_UNSPECIFIED,3
https://stats47.jp/ranking/special-law-criminal-arrest-count-per-population,NEUTRAL,URL が Google に認識されていません,INDEXING_STATE_UNSPECIFIED,ROBOTS_TXT_STATE_UNSPECIFIED,,PAGE_FETCH_STATE_UNSPECIFIED,,,,0
https://stats47.jp/ranking/special-support-school-expenses-prefecture,NEUTRAL,検出 - インデックス未登録,INDEXING_STATE_UNSPECIFIED,ROBOTS_TXT_STATE_UNSPECIFIED,,PAGE_FETCH_STATE_UNSPECIFIED,,,CRAWLING_USER_AGENT_UNSPECIFIED,3
https://stats47.jp/ranking/specialized-school-count-per-100k,NEUTRAL,検出 - インデックス未登録,INDEXING_STATE_UNSPECIFIED,ROBOTS_TXT_STATE_UNSPECIFIED,,PAGE_FETCH_STATE_UNSPECIFIED,,,CRAWLING_USER_AGENT_UNSPECIFIED,2
https://stats47.jp/ranking/sports-park-count-per-100km2,NEUTRAL,検出 - インデックス未登録,INDEXING_STATE_UNSPECIFIED,ROBOTS_TXT_STATE_UNSPECIFIED,,PAGE_FETCH_STATE_UNSPECIFIED,,,CRAWLING_USER_AGENT_UNSPECIFIED,3
https://stats47.jp/ranking/standard-fiscal-demand-municipality,NEUTRAL,検出 - インデックス未登録,INDEXING_STATE_UNSPECIFIED,ROBOTS_TXT_STATE_UNSPECIFIED,,PAGE_FETCH_STATE_UNSPECIFIED,,,CRAWLING_USER_AGENT_UNSPECIFIED,3
https://stats47.jp/ranking/standard-fiscal-expenditure,NEUTRAL,検出 - インデックス未登録,INDEXING_STATE_UNSPECIFIED,ROBOTS_TXT_STATE_UNSPECIFIED,,PAGE_FETCH_STATE_UNSPECIFIED,,,CRAWLING_USER_AGENT_UNSPECIFIED,3
https://stats47.jp/ranking/standard-fiscal-revenue,NEUTRAL,URL が Google に認識されていません,INDEXING_STATE_UNSPECIFIED,ROBOTS_TXT_STATE_UNSPECIFIED,,PAGE_FETCH_STATE_UNSPECIFIED,,,,0
https://stats47.jp/ranking/standard-fiscal-revenue-municipality,NEUTRAL,URL が Google に認識されていません,INDEXING_STATE_UNSPECIFIED,ROBOTS_TXT_STATE_UNSPECIFIED,,PAGE_FETCH_STATE_UNSPECIFIED,,,,0
https://stats47.jp/ranking/standardized-mortality-japanese,NEUTRAL,URL が Google に認識されていません,INDEXING_STATE_UNSPECIFIED,ROBOTS_TXT_STATE_UNSPECIFIED,,PAGE_FETCH_STATE_UNSPECIFIED,,,,0
https://stats47.jp/ranking/standardized-mortality-rate-per-1000,NEUTRAL,検出 - インデックス未登録,INDEXING_STATE_UNSPECIFIED,ROBOTS_TXT_STATE_UNSPECIFIED,,PAGE_FETCH_STATE_UNSPECIFIED,,,CRAWLING_USER_AGENT_UNSPECIFIED,3
https://stats47.jp/ranking/stillbirth-rate,NEUTRAL,検出 - インデックス未登録,INDEXING_STATE_UNSPECIFIED,ROBOTS_TXT_STATE_UNSPECIFIED,,PAGE_FETCH_STATE_UNSPECIFIED,,,CRAWLING_USER_AGENT_UNSPECIFIED,2
https://stats47.jp/ranking/stillbirths,NEUTRAL,検出 - インデックス未登録,INDEXING_STATE_UNSPECIFIED,ROBOTS_TXT_STATE_UNSPECIFIED,,PAGE_FETCH_STATE_UNSPECIFIED,,,CRAWLING_USER_AGENT_UNSPECIFIED,3
https://stats47.jp/ranking/suicide-count,NEUTRAL,検出 - インデックス未登録,INDEXING_STATE_UNSPECIFIED,ROBOTS_TXT_STATE_UNSPECIFIED,,PAGE_FETCH_STATE_UNSPECIFIED,,,CRAWLING_USER_AGENT_UNSPECIFIED,3
https://stats47.jp/ranking/suicide-count-65plus,NEUTRAL,検出 - インデックス未登録,INDEXING_STATE_UNSPECIFIED,ROBOTS_TXT_STATE_UNSPECIFIED,,PAGE_FETCH_STATE_UNSPECIFIED,,,CRAWLING_USER_AGENT_UNSPECIFIED,3
https://stats47.jp/ranking/suicide-rate-per-100k,NEUTRAL,検出 - インデックス未登録,INDEXING_STATE_UNSPECIFIED,ROBOTS_TXT_STATE_UNSPECIFIED,,PAGE_FETCH_STATE_UNSPECIFIED,,,CRAWLING_USER_AGENT_UNSPECIFIED,3
https://stats47.jp/ranking/suicides-per-100k,NEUTRAL,検出 - インデックス未登録,INDEXING_STATE_UNSPECIFIED,ROBOTS_TXT_STATE_UNSPECIFIED,,PAGE_FETCH_STATE_UNSPECIFIED,,,CRAWLING_USER_AGENT_UNSPECIFIED,3
https://stats47.jp/ranking/tatami-per-dwelling-owner,NEUTRAL,検出 - インデックス未登録,INDEXING_STATE_UNSPECIFIED,ROBOTS_TXT_STATE_UNSPECIFIED,,PAGE_FETCH_STATE_UNSPECIFIED,,,CRAWLING_USER_AGENT_UNSPECIFIED,3
https://stats47.jp/ranking/tatami-per-dwelling-rented,NEUTRAL,検出 - インデックス未登録,INDEXING_STATE_UNSPECIFIED,ROBOTS_TXT_STATE_UNSPECIFIED,,PAGE_FETCH_STATE_UNSPECIFIED,,,CRAWLING_USER_AGENT_UNSPECIFIED,3
https://stats47.jp/ranking/tatami-per-person-owner,NEUTRAL,検出 - インデックス未登録,INDEXING_STATE_UNSPECIFIED,ROBOTS_TXT_STATE_UNSPECIFIED,,PAGE_FETCH_STATE_UNSPECIFIED,,,CRAWLING_USER_AGENT_UNSPECIFIED,3
https://stats47.jp/ranking/tatami-per-person-rented,NEUTRAL,検出 - インデックス未登録,INDEXING_STATE_UNSPECIFIED,ROBOTS_TXT_STATE_UNSPECIFIED,,PAGE_FETCH_STATE_UNSPECIFIED,,,CRAWLING_USER_AGENT_UNSPECIFIED,3
https://stats47.jp/ranking/taxpayer-count-income,NEUTRAL,検出 - インデックス未登録,INDEXING_STATE_UNSPECIFIED,ROBOTS_TXT_STATE_UNSPECIFIED,,PAGE_FETCH_STATE_UNSPECIFIED,,,CRAWLING_USER_AGENT_UNSPECIFIED,3
https://stats47.jp/ranking/taxpayer-ratio-per-pref-resident,NEUTRAL,検出 - インデックス未登録,INDEXING_STATE_UNSPECIFIED,ROBOTS_TXT_STATE_UNSPECIFIED,,PAGE_FETCH_STATE_UNSPECIFIED,,,CRAWLING_USER_AGENT_UNSPECIFIED,2
https://stats47.jp/ranking/telephone-subscription-count-per-1000,NEUTRAL,検出 - インデックス未登録,INDEXING_STATE_UNSPECIFIED,ROBOTS_TXT_STATE_UNSPECIFIED,,PAGE_FETCH_STATE_UNSPECIFIED,,,CRAWLING_USER_AGENT_UNSPECIFIED,3
https://stats47.jp/ranking/tertiary-activity-avg-time-employed-female,NEUTRAL,検出 - インデックス未登録,INDEXING_STATE_UNSPECIFIED,ROBOTS_TXT_STATE_UNSPECIFIED,,PAGE_FETCH_STATE_UNSPECIFIED,,,CRAWLING_USER_AGENT_UNSPECIFIED,2
https://stats47.jp/ranking/tertiary-activity-avg-time-unemployed-female,NEUTRAL,URL が Google に認識されていません,INDEXING_STATE_UNSPECIFIED,ROBOTS_TXT_STATE_UNSPECIFIED,,PAGE_FETCH_STATE_UNSPECIFIED,,,,0
https://stats47.jp/ranking/theft-criminal-arrest-rate,NEUTRAL,URL が Google に認識されていません,INDEXING_STATE_UNSPECIFIED,ROBOTS_TXT_STATE_UNSPECIFIED,,PAGE_FETCH_STATE_UNSPECIFIED,,,,0
https://stats47.jp/ranking/theft-offenses-recognized-per-1000,NEUTRAL,検出 - インデックス未登録,INDEXING_STATE_UNSPECIFIED,ROBOTS_TXT_STATE_UNSPECIFIED,,PAGE_FETCH_STATE_UNSPECIFIED,,,CRAWLING_USER_AGENT_UNSPECIFIED,3
https://stats47.jp/ranking/total-area-excluding-northern-territories-and-takeshima,NEUTRAL,検出 - インデックス未登録,INDEXING_STATE_UNSPECIFIED,ROBOTS_TXT_STATE_UNSPECIFIED,,PAGE_FETCH_STATE_UNSPECIFIED,,,CRAWLING_USER_AGENT_UNSPECIFIED,3
https://stats47.jp/ranking/total-assessed-land-area-ratio-field,NEUTRAL,検出 - インデックス未登録,INDEXING_STATE_UNSPECIFIED,ROBOTS_TXT_STATE_UNSPECIFIED,,PAGE_FETCH_STATE_UNSPECIFIED,,,CRAWLING_USER_AGENT_UNSPECIFIED,3
https://stats47.jp/ranking/total-assessed-land-area-ratio-paddy,NEUTRAL,検出 - インデックス未登録,INDEXING_STATE_UNSPECIFIED,ROBOTS_TXT_STATE_UNSPECIFIED,,PAGE_FETCH_STATE_UNSPECIFIED,,,CRAWLING_USER_AGENT_UNSPECIFIED,3
https://stats47.jp/ranking/total-assessed-land-area-ratio-residential,NEUTRAL,検出 - インデックス未登録,INDEXING_STATE_UNSPECIFIED,ROBOTS_TXT_STATE_UNSPECIFIED,,PAGE_FETCH_STATE_UNSPECIFIED,,,CRAWLING_USER_AGENT_UNSPECIFIED,2
https://stats47.jp/ranking/total-expenditure-prefecture,NEUTRAL,検出 - インデックス未登録,INDEXING_STATE_UNSPECIFIED,ROBOTS_TXT_STATE_UNSPECIFIED,,PAGE_FETCH_STATE_UNSPECIFIED,,,CRAWLING_USER_AGENT_UNSPECIFIED,2
https://stats47.jp/ranking/total-farm-household-income,NEUTRAL,検出 - インデックス未登録,INDEXING_STATE_UNSPECIFIED,ROBOTS_TXT_STATE_UNSPECIFIED,,PAGE_FETCH_STATE_UNSPECIFIED,,,CRAWLING_USER_AGENT_UNSPECIFIED,3
https://stats47.jp/ranking/total-general-project-investment,NEUTRAL,検出 - インデックス未登録,INDEXING_STATE_UNSPECIFIED,ROBOTS_TXT_STATE_UNSPECIFIED,,PAGE_FETCH_STATE_UNSPECIFIED,,,CRAWLING_USER_AGENT_UNSPECIFIED,3
https://stats47.jp/ranking/total-inpatients,NEUTRAL,検出 - インデックス未登録,INDEXING_STATE_UNSPECIFIED,ROBOTS_TXT_STATE_UNSPECIFIED,,PAGE_FETCH_STATE_UNSPECIFIED,,,CRAWLING_USER_AGENT_UNSPECIFIED,3
https://stats47.jp/ranking/total-population,NEUTRAL,検出 - インデックス未登録,INDEXING_STATE_UNSPECIFIED,ROBOTS_TXT_STATE_UNSPECIFIED,,PAGE_FETCH_STATE_UNSPECIFIED,,,CRAWLING_USER_AGENT_UNSPECIFIED,2
https://stats47.jp/ranking/total-production-in-the-prefecture,PASS,送信して登録されました,INDEXING_ALLOWED,ALLOWED,2026-10-08T07:13:01Z,SUCCESSFUL,https://stats47.jp/ranking/total-production-in-the-prefecture,,MOBILE,3
https://stats47.jp/ranking/total-revenue-prefecture,NEUTRAL,検出 - インデックス未登録,INDEXING_STATE_UNSPECIFIED,ROBOTS_TXT_STATE_UNSPECIFIED,,PAGE_FETCH_STATE_UNSPECIFIED,,,CRAWLING_USER_AGENT_UNSPECIFIED,2
https://stats47.jp/ranking/traffic-accident-count,NEUTRAL,検出 - インデックス未登録,INDEXING_STATE_UNSPECIFIED,ROBOTS_TXT_STATE_UNSPECIFIED,,PAGE_FETCH_STATE_UNSPECIFIED,,,CRAWLING_USER_AGENT_UNSPECIFIED,3
https://stats47.jp/ranking/traffic-accident-count-per-1000-km,NEUTRAL,検出 - インデックス未登録,INDEXING_STATE_UNSPECIFIED,ROBOTS_TXT_STATE_UNSPECIFIED,,PAGE_FETCH_STATE_UNSPECIFIED,,,CRAWLING_USER_AGENT_UNSPECIFIED,3
https://stats47.jp/ranking/traffic-accident-count-per-population,NEUTRAL,URL が Google に認識されていません,INDEXING_STATE_UNSPECIFIED,ROBOTS_TXT_STATE_UNSPECIFIED,,PAGE_FETCH_STATE_UNSPECIFIED,,,,0
https://stats47.jp/ranking/traffic-accident-deaths-per-100-accidents,NEUTRAL,検出 - インデックス未登録,INDEXING_STATE_UNSPECIFIED,ROBOTS_TXT_STATE_UNSPECIFIED,,PAGE_FETCH_STATE_UNSPECIFIED,,,CRAWLING_USER_AGENT_UNSPECIFIED,3
https://stats47.jp/ranking/traffic-accident-injuries-per-100k,NEUTRAL,URL が Google に認識されていません,INDEXING_STATE_UNSPECIFIED,ROBOTS_TXT_STATE_UNSPECIFIED,,PAGE_FETCH_STATE_UNSPECIFIED,,,,0
https://stats47.jp/ranking/truck-operators,NEUTRAL,検出 - インデックス未登録,INDEXING_STATE_UNSPECIFIED,ROBOTS_TXT_STATE_UNSPECIFIED,,PAGE_FETCH_STATE_UNSPECIFIED,,,CRAWLING_USER_AGENT_UNSPECIFIED,3
https://stats47.jp/ranking/university-capacity-index,NEUTRAL,URL が Google に認識されていません,INDEXING_STATE_UNSPECIFIED,ROBOTS_TXT_STATE_UNSPECIFIED,,PAGE_FETCH_STATE_UNSPECIFIED,,,,0
https://stats47.jp/ranking/university-count,NEUTRAL,URL が Google に認識されていません,INDEXING_STATE_UNSPECIFIED,ROBOTS_TXT_STATE_UNSPECIFIED,,PAGE_FETCH_STATE_UNSPECIFIED,,,,0
https://stats47.jp/ranking/university-count-per-100k,NEUTRAL,検出 - インデックス未登録,INDEXING_STATE_UNSPECIFIED,ROBOTS_TXT_STATE_UNSPECIFIED,,PAGE_FETCH_STATE_UNSPECIFIED,,,CRAWLING_USER_AGENT_UNSPECIFIED,3
https://stats47.jp/ranking/unmarried-ratio-male-25-29,NEUTRAL,URL が Google に認識されていません,INDEXING_STATE_UNSPECIFIED,ROBOTS_TXT_STATE_UNSPECIFIED,,PAGE_FETCH_STATE_UNSPECIFIED,,,,0
https://stats47.jp/ranking/unmarried-ratio-male-30-34,NEUTRAL,検出 - インデックス未登録,INDEXING_STATE_UNSPECIFIED,ROBOTS_TXT_STATE_UNSPECIFIED,,PAGE_FETCH_STATE_UNSPECIFIED,,,CRAWLING_USER_AGENT_UNSPECIFIED,2
https://stats47.jp/ranking/unmarried-ratio-male-35-39,NEUTRAL,検出 - インデックス未登録,INDEXING_STATE_UNSPECIFIED,ROBOTS_TXT_STATE_UNSPECIFIED,,PAGE_FETCH_STATE_UNSPECIFIED,,,CRAWLING_USER_AGENT_UNSPECIFIED,2
https://stats47.jp/ranking/urban-park-area-per-person,NEUTRAL,URL が Google に認識されていません,INDEXING_STATE_UNSPECIFIED,ROBOTS_TXT_STATE_UNSPECIFIED,,PAGE_FETCH_STATE_UNSPECIFIED,,,,0
https://stats47.jp/ranking/urban-park-count-per-100km2,NEUTRAL,URL が Google に認識されていません,INDEXING_STATE_UNSPECIFIED,ROBOTS_TXT_STATE_UNSPECIFIED,,PAGE_FETCH_STATE_UNSPECIFIED,,,,0
https://stats47.jp/ranking/urban-parks,NEUTRAL,URL が Google に認識されていません,INDEXING_STATE_UNSPECIFIED,ROBOTS_TXT_STATE_UNSPECIFIED,,PAGE_FETCH_STATE_UNSPECIFIED,,,,0
https://stats47.jp/ranking/urban-parks-area,NEUTRAL,URL が Google に認識されていません,INDEXING_STATE_UNSPECIFIED,ROBOTS_TXT_STATE_UNSPECIFIED,,PAGE_FETCH_STATE_UNSPECIFIED,,,,0
https://stats47.jp/ranking/urban-planning-area,NEUTRAL,検出 - インデックス未登録,INDEXING_STATE_UNSPECIFIED,ROBOTS_TXT_STATE_UNSPECIFIED,,PAGE_FETCH_STATE_UNSPECIFIED,,,CRAWLING_USER_AGENT_UNSPECIFIED,2
https://stats47.jp/ranking/urbanization-control-area-ratio,NEUTRAL,検出 - インデックス未登録,INDEXING_STATE_UNSPECIFIED,ROBOTS_TXT_STATE_UNSPECIFIED,,PAGE_FETCH_STATE_UNSPECIFIED,,,CRAWLING_USER_AGENT_UNSPECIFIED,3
https://stats47.jp/ranking/vacant-housing-ratio,NEUTRAL,検出 - インデックス未登録,INDEXING_STATE_UNSPECIFIED,ROBOTS_TXT_STATE_UNSPECIFIED,,PAGE_FETCH_STATE_UNSPECIFIED,,,CRAWLING_USER_AGENT_UNSPECIFIED,3
https://stats47.jp/ranking/vehicle-kilometers-traveled,NEUTRAL,検出 - インデックス未登録,INDEXING_STATE_UNSPECIFIED,ROBOTS_TXT_STATE_UNSPECIFIED,,PAGE_FETCH_STATE_UNSPECIFIED,,,CRAWLING_USER_AGENT_UNSPECIFIED,3
https://stats47.jp/ranking/voter-list-registrants,NEUTRAL,URL が Google に認識されていません,INDEXING_STATE_UNSPECIFIED,ROBOTS_TXT_STATE_UNSPECIFIED,,PAGE_FETCH_STATE_UNSPECIFIED,,,,0
https://stats47.jp/ranking/welfare-commissioner-count-per-100k,NEUTRAL,検出 - インデックス未登録,INDEXING_STATE_UNSPECIFIED,ROBOTS_TXT_STATE_UNSPECIFIED,,PAGE_FETCH_STATE_UNSPECIFIED,,,CRAWLING_USER_AGENT_UNSPECIFIED,3
https://stats47.jp/ranking/welfare-expenditure-ratio-pref-finance,NEUTRAL,検出 - インデックス未登録,INDEXING_STATE_UNSPECIFIED,ROBOTS_TXT_STATE_UNSPECIFIED,,PAGE_FETCH_STATE_UNSPECIFIED,,,CRAWLING_USER_AGENT_UNSPECIFIED,3
https://stats47.jp/ranking/welfare-facility-staff-per-1000-on-assistance,NEUTRAL,検出 - インデックス未登録,INDEXING_STATE_UNSPECIFIED,ROBOTS_TXT_STATE_UNSPECIFIED,,PAGE_FETCH_STATE_UNSPECIFIED,,,CRAWLING_USER_AGENT_UNSPECIFIED,3
https://stats47.jp/ranking/welfare-office-public-assistance-applications-per-1000-households,NEUTRAL,検出 - インデックス未登録,INDEXING_STATE_UNSPECIFIED,ROBOTS_TXT_STATE_UNSPECIFIED,,PAGE_FETCH_STATE_UNSPECIFIED,,,CRAWLING_USER_AGENT_UNSPECIFIED,3
https://stats47.jp/ranking/woodland-area,NEUTRAL,検出 - インデックス未登録,INDEXING_STATE_UNSPECIFIED,ROBOTS_TXT_STATE_UNSPECIFIED,,PAGE_FETCH_STATE_UNSPECIFIED,,,CRAWLING_USER_AGENT_UNSPECIFIED,3
https://stats47.jp/ranking/work-accident-severity,NEUTRAL,URL が Google に認識されていません,INDEXING_STATE_UNSPECIFIED,ROBOTS_TXT_STATE_UNSPECIFIED,,PAGE_FETCH_STATE_UNSPECIFIED,,,,0
https://stats47.jp/ranking/work-avg-time-employed-male,NEUTRAL,検出 - インデックス未登録,INDEXING_STATE_UNSPECIFIED,ROBOTS_TXT_STATE_UNSPECIFIED,,PAGE_FETCH_STATE_UNSPECIFIED,,,CRAWLING_USER_AGENT_UNSPECIFIED,3
https://stats47.jp/ranking/workers-compensation-insurance-benefits-rate,NEUTRAL,検出 - インデックス未登録,INDEXING_STATE_UNSPECIFIED,ROBOTS_TXT_STATE_UNSPECIFIED,,PAGE_FETCH_STATE_UNSPECIFIED,,,CRAWLING_USER_AGENT_UNSPECIFIED,3
https://stats47.jp/ranking/young-population-index,NEUTRAL,URL が Google に認識されていません,INDEXING_STATE_UNSPECIFIED,ROBOTS_TXT_STATE_UNSPECIFIED,,PAGE_FETCH_STATE_UNSPECIFIED,,,,0
https://stats47.jp/ranking/young-population-ratio,NEUTRAL,検出 - インデックス未登録,INDEXING_STATE_UNSPECIFIED,ROBOTS_TXT_STATE_UNSPECIFIED,,PAGE_FETCH_STATE_UNSPECIFIED,,,CRAWLING_USER_AGENT_UNSPECIFIED,3
https://stats47.jp/ranking/youth-education-facility-count-per-million,NEUTRAL,検出 - インデックス未登録,INDEXING_STATE_UNSPECIFIED,ROBOTS_TXT_STATE_UNSPECIFIED,,PAGE_FETCH_STATE_UNSPECIFIED,,,CRAWLING_USER_AGENT_UNSPECIFIED,3
https://stats47.jp/survey/buried-cultural-property-statistics,NEUTRAL,検出 - インデックス未登録,INDEXING_STATE_UNSPECIFIED,ROBOTS_TXT_STATE_UNSPECIFIED,,PAGE_FETCH_STATE_UNSPECIFIED,,,CRAWLING_USER_AGENT_UNSPECIFIED,0
https://stats47.jp/survey/inbound-consumption-survey,NEUTRAL,検出 - インデックス未登録,INDEXING_STATE_UNSPECIFIED,ROBOTS_TXT_STATE_UNSPECIFIED,,PAGE_FETCH_STATE_UNSPECIFIED,,,CRAWLING_USER_AGENT_UNSPECIFIED,1
https://stats47.jp/blog/roadside-station-count-prefecture-gap,PASS,送信して登録されました,INDEXING_ALLOWED,ALLOWED,2026-10-02T00:05:27Z,SUCCESSFUL,https://stats47.jp/blog/roadside-station-count-prefecture-gap,https://stats47.jp/blog/roadside-station-count-prefecture-gap,MOBILE,3
https://stats47.jp/ranking/avg-height-high-school-2nd-male,PASS,送信して登録されました,INDEXING_ALLOWED,ALLOWED,2026-10-08T12:24:13Z,SUCCESSFUL,https://stats47.jp/ranking/avg-height-high-school-2nd-male,,MOBILE,4
https://stats47.jp/blog/precipitation-snow-regional-gap,PASS,送信して登録されました,INDEXING_ALLOWED,ALLOWED,2026-10-07T12:44:45Z,SUCCESSFUL,https://stats47.jp/blog/precipitation-snow-regional-gap,https://stats47.jp/blog/precipitation-snow-regional-gap,MOBILE,2
https://stats47.jp/blog/rice-harvest-volume-prefecture-gap,PASS,送信して登録されました,INDEXING_ALLOWED,ALLOWED,2026-10-08T22:55:46Z,SUCCESSFUL,https://stats47.jp/blog/rice-harvest-volume-prefecture-gap,https://stats47.jp/blog/rice-harvest-volume-prefecture-gap,MOBILE,2
https://stats47.jp/ranking/public-phone-count,PASS,送信して登録されました,INDEXING_ALLOWED,ALLOWED,2026-10-07T17:50:08Z,SUCCESSFUL,https://stats47.jp/ranking/public-phone-count,,MOBILE,2
https://stats47.jp/blog/livable-prefecture-composite-ranking,PASS,送信して登録されました,INDEXING_ALLOWED,ALLOWED,2026-10-07T20:56:14Z,SUCCESSFUL,https://stats47.jp/blog/livable-prefecture-composite-ranking,https://stats47.jp/blog/livable-prefecture-composite-ranking,MOBILE,2
https://stats47.jp/blog/bonito-catch-prefecture,PASS,送信して登録されました,INDEXING_ALLOWED,ALLOWED,2026-10-08T22:40:27Z,SUCCESSFUL,https://stats47.jp/blog/bonito-catch-prefecture,https://stats47.jp/blog/bonito-catch-prefecture,MOBILE,1
https://stats47.jp/blog/avg-height-high-school-2nd-male,PASS,送信して登録されました,INDEXING_ALLOWED,ALLOWED,2026-10-08T12:17:12Z,SUCCESSFUL,https://stats47.jp/blog/avg-height-high-school-2nd-male,https://stats47.jp/blog/avg-height-high-school-2nd-male,MOBILE,3
https://stats47.jp/blog/foreign-residents-diversity-map,PASS,送信して登録されました,INDEXING_ALLOWED,ALLOWED,2026-10-04T12:52:19Z,SUCCESSFUL,https://stats47.jp/blog/foreign-residents-diversity-map,https://stats47.jp/blog/foreign-residents-diversity-map,MOBILE,1
https://stats47.jp/blog/automotive-industry-transformation-map,PASS,送信して登録されました,INDEXING_ALLOWED,ALLOWED,2026-10-08T16:41:54Z,SUCCESSFUL,https://stats47.jp/blog/automotive-industry-transformation-map,https://stats47.jp/blog/automotive-industry-transformation-map,MOBILE,2
https://stats47.jp/blog/public-phone-count,PASS,送信して登録されました,INDEXING_ALLOWED,ALLOWED,2026-10-01T16:50:09Z,SUCCESSFUL,https://stats47.jp/blog/public-phone-count,https://stats47.jp/blog/public-phone-count,MOBILE,3
https://stats47.jp/blog/convenience-store-density-map,PASS,送信して登録されました,INDEXING_ALLOWED,ALLOWED,2026-10-08T22:37:00Z,SUCCESSFUL,https://stats47.jp/blog/convenience-store-density-map,https://stats47.jp/blog/convenience-store-density-map,MOBILE,2
https://stats47.jp/blog/health-life-expectancy-structure,PASS,送信して登録されました,INDEXING_ALLOWED,ALLOWED,2026-10-08T06:40:10Z,SUCCESSFUL,https://stats47.jp/blog/health-life-expectancy-structure,https://stats47.jp/blog/health-life-expectancy-structure,MOBILE,3
https://stats47.jp/blog/academic-achievement-test-prefecture-ranking,PASS,送信して登録されました,INDEXING_ALLOWED,ALLOWED,2026-09-30T18:03:37Z,SUCCESSFUL,https://stats47.jp/blog/academic-achievement-test-prefecture-ranking,https://stats47.jp/blog/academic-achievement-test-prefecture-ranking,MOBILE,2
https://stats47.jp/blog/manufacturing-aichi-dominance,PASS,送信して登録されました,INDEXING_ALLOWED,ALLOWED,2026-10-08T23:02:32Z,SUCCESSFUL,https://stats47.jp/blog/manufacturing-aichi-dominance,https://stats47.jp/blog/manufacturing-aichi-dominance,MOBILE,1
https://stats47.jp/ranking/annual-sunshine-duration,PASS,送信して登録されました,INDEXING_ALLOWED,ALLOWED,2026-10-07T11:50:23Z,SUCCESSFUL,https://stats47.jp/ranking/annual-sunshine-duration,,MOBILE,3
https://stats47.jp/blog/local-government-debt-burden,PASS,送信して登録されました,INDEXING_ALLOWED,ALLOWED,2026-10-08T20:02:18Z,SUCCESSFUL,https://stats47.jp/blog/local-government-debt-burden,https://stats47.jp/blog/local-government-debt-burden,MOBILE,1
https://stats47.jp/ranking/convenience-store-count-commercial,PASS,送信して登録されました,INDEXING_ALLOWED,ALLOWED,2026-10-07T22:48:09Z,SUCCESSFUL,https://stats47.jp/ranking/convenience-store-count-commercial,,MOBILE,3
https://stats47.jp/blog/noodle-consumption-prefecture-character,PASS,送信して登録されました,INDEXING_ALLOWED,ALLOWED,2026-10-08T13:25:25Z,SUCCESSFUL,https://stats47.jp/blog/noodle-consumption-prefecture-character,https://stats47.jp/blog/noodle-consumption-prefecture-character,MOBILE,1
https://stats47.jp/ranking/pachinko-shop-density-per-10k,PASS,送信して登録されました,INDEXING_ALLOWED,ALLOWED,2026-10-07T23:19:31Z,SUCCESSFUL,https://stats47.jp/ranking/pachinko-shop-density-per-10k,,MOBILE,1
https://stats47.jp/ranking/natto-consumption-expenditure,PASS,送信して登録されました,INDEXING_ALLOWED,ALLOWED,2026-10-08T21:00:21Z,SUCCESSFUL,https://stats47.jp/ranking/natto-consumption-expenditure,,MOBILE,2
https://stats47.jp/blog/fishery-catch-aquaculture-shift,PASS,送信して登録されました,INDEXING_ALLOWED,ALLOWED,2026-10-02T04:57:43Z,SUCCESSFUL,https://stats47.jp/blog/fishery-catch-aquaculture-shift,https://stats47.jp/blog/fishery-catch-aquaculture-shift,MOBILE,2
https://stats47.jp/blog/prefectural-income-gdp-ranking,PASS,送信して登録されました,INDEXING_ALLOWED,ALLOWED,2026-10-08T17:14:53Z,SUCCESSFUL,https://stats47.jp/blog/prefectural-income-gdp-ranking,https://stats47.jp/blog/prefectural-income-gdp-ranking,MOBILE,3
https://stats47.jp/blog/manufacturing-productivity,PASS,送信して登録されました,INDEXING_ALLOWED,ALLOWED,2026-10-08T15:44:02Z,SUCCESSFUL,https://stats47.jp/blog/manufacturing-productivity,https://stats47.jp/blog/manufacturing-productivity,MOBILE,1
https://stats47.jp/blog/rice-consumption-quantity-ranking,PASS,送信して登録されました,INDEXING_ALLOWED,ALLOWED,2026-10-04T00:59:46Z,SUCCESSFUL,https://stats47.jp/blog/rice-consumption-quantity-ranking,https://stats47.jp/blog/rice-consumption-quantity-ranking,MOBILE,1
https://stats47.jp/,PASS,送信して登録されました,INDEXING_ALLOWED,ALLOWED,2026-10-08T11:40:43Z,SUCCESSFUL,https://stats47.jp/,https://stats47.jp/,MOBILE,2
https://stats47.jp/blog/childcare-friendly-prefecture-ranking,PASS,送信して登録されました,INDEXING_ALLOWED,ALLOWED,2026-10-08T05:46:01Z,SUCCESSFUL,https://stats47.jp/blog/childcare-friendly-prefecture-ranking,https://stats47.jp/blog/childcare-friendly-prefecture-ranking,MOBILE,3
https://stats47.jp/blog/habitable-area-land-use,PASS,送信して登録されました,INDEXING_ALLOWED,ALLOWED,2026-10-06T02:59:55Z,SUCCESSFUL,https://stats47.jp/blog/habitable-area-land-use,https://stats47.jp/blog/habitable-area-land-use,MOBILE,1
https://stats47.jp/blog/high-school-teacher-salary-prefecture-gap,PASS,送信して登録されました,INDEXING_ALLOWED,ALLOWED,2026-10-01T19:59:11Z,SUCCESSFUL,https://stats47.jp/blog/high-school-teacher-salary-prefecture-gap,https://stats47.jp/blog/high-school-teacher-salary-prefecture-gap,MOBILE,2
https://stats47.jp/blog/alcohol-prefecture-map,PASS,送信して登録されました,INDEXING_ALLOWED,ALLOWED,2026-10-07T01:05:59Z,SUCCESSFUL,https://stats47.jp/blog/alcohol-prefecture-map,https://stats47.jp/blog/alcohol-prefecture-map,MOBILE,1
https://stats47.jp/blog/municipality-count-prefecture-gap,PASS,送信して登録されました,INDEXING_ALLOWED,ALLOWED,2026-10-07T11:48:19Z,SUCCESSFUL,https://stats47.jp/blog/municipality-count-prefecture-gap,https://stats47.jp/blog/municipality-count-prefecture-gap,MOBILE,1
https://stats47.jp/ranking/elementary-school-children-count,PASS,送信して登録されました,INDEXING_ALLOWED,ALLOWED,2026-10-07T23:27:17Z,SUCCESSFUL,https://stats47.jp/ranking/elementary-school-children-count,,MOBILE,3
https://stats47.jp/blog/aging-solo-living-crisis,PASS,送信して登録されました,INDEXING_ALLOWED,ALLOWED,2026-10-03T02:47:46Z,SUCCESSFUL,https://stats47.jp/blog/aging-solo-living-crisis,https://stats47.jp/blog/aging-solo-living-crisis,MOBILE,2
https://stats47.jp/ranking/rice-consumption-quantity,PASS,送信して登録されました,INDEXING_ALLOWED,ALLOWED,2026-10-07T15:46:40Z,SUCCESSFUL,https://stats47.jp/ranking/rice-consumption-quantity,,MOBILE,3
https://stats47.jp/ranking/icecream-consumption-expenditure,PASS,送信して登録されました,INDEXING_ALLOWED,ALLOWED,2026-10-07T18:22:13Z,SUCCESSFUL,https://stats47.jp/ranking/icecream-consumption-expenditure,,MOBILE,3
https://stats47.jp/blog/chicken-consumption-quantity,PASS,送信して登録されました,INDEXING_ALLOWED,ALLOWED,2026-10-09T00:37:08Z,SUCCESSFUL,https://stats47.jp/blog/chicken-consumption-quantity,https://stats47.jp/blog/chicken-consumption-quantity,MOBILE,0
https://stats47.jp/survey/census,PASS,送信して登録されました,INDEXING_ALLOWED,ALLOWED,2026-09-16T23:13:00Z,SUCCESSFUL,https://stats47.jp/survey/census,https://stats47.jp/survey/census,MOBILE,3
https://stats47.jp/blog/fertility-rate-prefecture-gap,PASS,送信して登録されました,INDEXING_ALLOWED,ALLOWED,2026-09-27T11:45:29Z,SUCCESSFUL,https://stats47.jp/blog/fertility-rate-prefecture-gap,https://stats47.jp/blog/fertility-rate-prefecture-gap,MOBILE,1
https://stats47.jp/blog/temperature-extremes-map,PASS,送信して登録されました,INDEXING_ALLOWED,ALLOWED,2026-10-08T01:17:50Z,SUCCESSFUL,https://stats47.jp/blog/temperature-extremes-map,https://stats47.jp/blog/temperature-extremes-map,MOBILE,2
https://stats47.jp/ranking/average-height-primary-school-fifth-grade-male,PASS,送信して登録されました,INDEXING_ALLOWED,ALLOWED,2026-10-08T20:36:11Z,SUCCESSFUL,https://stats47.jp/ranking/average-height-primary-school-fifth-grade-male,,MOBILE,3
https://stats47.jp/ranking/food-self-sufficiency-rate-calorie,PASS,送信して登録されました,INDEXING_ALLOWED,ALLOWED,2026-10-08T22:05:14Z,SUCCESSFUL,https://stats47.jp/ranking/food-self-sufficiency-rate-calorie,,MOBILE,2
https://stats47.jp/blog/future-population-tokyo-paradox,PASS,送信して登録されました,INDEXING_ALLOWED,ALLOWED,2026-10-03T03:21:17Z,SUCCESSFUL,https://stats47.jp/blog/future-population-tokyo-paradox,https://stats47.jp/blog/future-population-tokyo-paradox,MOBILE,2
https://stats47.jp/blog/distinctive-place-name-kanji-by-prefecture,PASS,送信して登録されました,INDEXING_ALLOWED,ALLOWED,2026-10-01T14:01:19Z,SUCCESSFUL,https://stats47.jp/blog/distinctive-place-name-kanji-by-prefecture,https://stats47.jp/blog/distinctive-place-name-kanji-by-prefecture,MOBILE,3
https://stats47.jp/blog/suicide-rate-aging-nexus,PASS,送信して登録されました,INDEXING_ALLOWED,ALLOWED,2026-08-25T18:49:39Z,SUCCESSFUL,https://stats47.jp/blog/suicide-rate-aging-nexus,https://stats47.jp/blog/suicide-rate-aging-nexus,MOBILE,1
https://stats47.jp/blog/households-on-public-assistance-per-1000-prefecture-gap,PASS,送信して登録されました,INDEXING_ALLOWED,ALLOWED,2026-08-30T12:42:06Z,SUCCESSFUL,https://stats47.jp/blog/households-on-public-assistance-per-1000-prefecture-gap,https://stats47.jp/blog/households-on-public-assistance-per-1000-prefecture-gap,MOBILE,0
https://stats47.jp/blog/local-tax-revenue-gap,PASS,送信して登録されました,INDEXING_ALLOWED,ALLOWED,2026-10-08T19:18:52Z,SUCCESSFUL,https://stats47.jp/blog/local-tax-revenue-gap,https://stats47.jp/blog/local-tax-revenue-gap,MOBILE,1
https://stats47.jp/blog/frozen-gyoza-spending-prefecture-gap,PASS,送信して登録されました,INDEXING_ALLOWED,ALLOWED,2026-09-11T21:02:17Z,SUCCESSFUL,https://stats47.jp/blog/frozen-gyoza-spending-prefecture-gap,https://stats47.jp/blog/frozen-gyoza-spending-prefecture-gap,MOBILE,0
https://stats47.jp/blog/sports-urban-paradox,PASS,送信して登録されました,INDEXING_ALLOWED,ALLOWED,2026-10-08T16:24:22Z,SUCCESSFUL,https://stats47.jp/blog/sports-urban-paradox,https://stats47.jp/blog/sports-urban-paradox,MOBILE,2
https://stats47.jp/blog/farmland-crisis-abandoned-land,PASS,送信して登録されました,INDEXING_ALLOWED,ALLOWED,2026-10-07T14:44:22Z,SUCCESSFUL,https://stats47.jp/blog/farmland-crisis-abandoned-land,https://stats47.jp/blog/farmland-crisis-abandoned-land,MOBILE,2
https://stats47.jp/blog/marriage-unmarried-crisis,PASS,送信して登録されました,INDEXING_ALLOWED,ALLOWED,2026-10-01T05:25:32Z,SUCCESSFUL,https://stats47.jp/blog/marriage-unmarried-crisis,https://stats47.jp/blog/marriage-unmarried-crisis,MOBILE,1
https://stats47.jp/blog/sunshine-pacific-vs-nihonkai,PASS,送信して登録されました,INDEXING_ALLOWED,ALLOWED,2026-10-01T12:57:40Z,SUCCESSFUL,https://stats47.jp/blog/sunshine-pacific-vs-nihonkai,https://stats47.jp/blog/sunshine-pacific-vs-nihonkai,MOBILE,2
https://stats47.jp/ranking/tuna-consumption-quantity,PASS,送信して登録されました,INDEXING_ALLOWED,ALLOWED,2026-10-08T01:17:46Z,SUCCESSFUL,https://stats47.jp/ranking/tuna-consumption-quantity,,MOBILE,2
https://stats47.jp/blog/household-spending-prefecture-gap,PASS,送信して登録されました,INDEXING_ALLOWED,ALLOWED,2026-09-27T16:57:26Z,SUCCESSFUL,https://stats47.jp/blog/household-spending-prefecture-gap,https://stats47.jp/blog/household-spending-prefecture-gap,MOBILE,2
https://stats47.jp/blog/unemployment-structure,PASS,送信して登録されました,INDEXING_ALLOWED,ALLOWED,2026-09-29T10:20:08Z,SUCCESSFUL,https://stats47.jp/blog/unemployment-structure,https://stats47.jp/blog/unemployment-structure,MOBILE,1
https://stats47.jp/municipalities/ranking/manufacturing-shipment-amount,PASS,送信して登録されました,INDEXING_ALLOWED,ALLOWED,2026-10-07T22:41:55Z,SUCCESSFUL,https://stats47.jp/municipalities/ranking/manufacturing-shipment-amount,https://stats47.jp/municipalities/ranking/manufacturing-shipment-amount,MOBILE,0
https://stats47.jp/blog/konbu-consumption-prefecture-gap,PASS,送信して登録されました,INDEXING_ALLOWED,ALLOWED,2026-10-07T18:42:20Z,SUCCESSFUL,https://stats47.jp/blog/konbu-consumption-prefecture-gap,https://stats47.jp/blog/konbu-consumption-prefecture-gap,MOBILE,2
https://stats47.jp/ranking/other-bread-consumption-quantity,PASS,送信して登録されました,INDEXING_ALLOWED,ALLOWED,2026-10-08T00:36:37Z,SUCCESSFUL,https://stats47.jp/ranking/other-bread-consumption-quantity,,MOBILE,2
https://stats47.jp/themes/aging-society,PASS,送信して登録されました,INDEXING_ALLOWED,ALLOWED,2026-10-03T02:42:19Z,SUCCESSFUL,https://stats47.jp/themes/aging-society,https://stats47.jp/themes/aging-society,MOBILE,2
https://stats47.jp/blog/household-structure-transformation,PASS,送信して登録されました,INDEXING_ALLOWED,ALLOWED,2026-09-30T12:20:04Z,SUCCESSFUL,https://stats47.jp/blog/household-structure-transformation,https://stats47.jp/blog/household-structure-transformation,MOBILE,2
https://stats47.jp/blog/home-ownership-rate-ranking,PASS,送信して登録されました,INDEXING_ALLOWED,ALLOWED,2026-10-08T02:24:11Z,SUCCESSFUL,https://stats47.jp/blog/home-ownership-rate-ranking,https://stats47.jp/blog/home-ownership-rate-ranking,MOBILE,3
https://stats47.jp/blog/police-officer-density-vs-crime-gap,PASS,送信して登録されました,INDEXING_ALLOWED,ALLOWED,2026-10-07T13:40:36Z,SUCCESSFUL,https://stats47.jp/blog/police-officer-density-vs-crime-gap,https://stats47.jp/blog/police-officer-density-vs-crime-gap,MOBILE,2
https://stats47.jp/ranking/local-allocation-tax-prefecture,PASS,送信して登録されました,INDEXING_ALLOWED,ALLOWED,2026-10-08T01:24:22Z,SUCCESSFUL,https://stats47.jp/ranking/local-allocation-tax-prefecture,,MOBILE,2
https://stats47.jp/blog/fiscal-self-reliance-gap,PASS,送信して登録されました,INDEXING_ALLOWED,ALLOWED,2026-10-08T05:22:21Z,SUCCESSFUL,https://stats47.jp/blog/fiscal-self-reliance-gap,https://stats47.jp/blog/fiscal-self-reliance-gap,MOBILE,1
https://stats47.jp/blog/population-density-urbanization,PASS,送信して登録されました,INDEXING_ALLOWED,ALLOWED,2026-10-01T11:18:45Z,SUCCESSFUL,https://stats47.jp/blog/population-density-urbanization,https://stats47.jp/blog/population-density-urbanization,MOBILE,1
https://stats47.jp/blog/food-consumption-prefecture-battle,PASS,送信して登録されました,INDEXING_ALLOWED,ALLOWED,2026-09-29T20:32:44Z,SUCCESSFUL,https://stats47.jp/blog/food-consumption-prefecture-battle,https://stats47.jp/blog/food-consumption-prefecture-battle,MOBILE,1
https://stats47.jp/ranking/beef-consumption-quantity,PASS,送信して登録されました,INDEXING_ALLOWED,ALLOWED,2026-10-09T01:09:25Z,SUCCESSFUL,https://stats47.jp/ranking/beef-consumption-quantity,,MOBILE,3
https://stats47.jp/ranking/coffee-consumption-quantity,PASS,送信して登録されました,INDEXING_ALLOWED,ALLOWED,2026-10-08T12:45:45Z,SUCCESSFUL,https://stats47.jp/ranking/coffee-consumption-quantity,,MOBILE,1
https://stats47.jp/blog/semiconductor-electronics-regional-map,PASS,送信して登録されました,INDEXING_ALLOWED,ALLOWED,2026-10-08T10:37:16Z,SUCCESSFUL,https://stats47.jp/blog/semiconductor-electronics-regional-map,https://stats47.jp/blog/semiconductor-electronics-regional-map,MOBILE,2
https://stats47.jp/ranking/dual-income-household-ratio,PASS,送信して登録されました,INDEXING_ALLOWED,ALLOWED,2026-10-06T02:38:13Z,SUCCESSFUL,https://stats47.jp/ranking/dual-income-household-ratio,,MOBILE,2
https://stats47.jp/blog/airport-count-prefecture-gap,PASS,送信して登録されました,INDEXING_ALLOWED,ALLOWED,2026-10-08T13:07:27Z,SUCCESSFUL,https://stats47.jp/blog/airport-count-prefecture-gap,https://stats47.jp/blog/airport-count-prefecture-gap,MOBILE,3
https://stats47.jp/blog/annual-sunshine-duration-prefecture-gap,PASS,送信して登録されました,INDEXING_ALLOWED,ALLOWED,2026-10-08T04:11:55Z,SUCCESSFUL,https://stats47.jp/blog/annual-sunshine-duration-prefecture-gap,https://stats47.jp/blog/annual-sunshine-duration-prefecture-gap,MOBILE,0
https://stats47.jp/blog/prefecture-population-city-concentration,PASS,送信して登録されました,INDEXING_ALLOWED,ALLOWED,2026-10-06T02:01:24Z,SUCCESSFUL,https://stats47.jp/blog/prefecture-population-city-concentration,https://stats47.jp/blog/prefecture-population-city-concentration,MOBILE,2
https://stats47.jp/blog/curry-roux-consumption-gap,PASS,送信して登録されました,INDEXING_ALLOWED,ALLOWED,2026-10-02T14:22:21Z,SUCCESSFUL,https://stats47.jp/blog/curry-roux-consumption-gap,https://stats47.jp/blog/curry-roux-consumption-gap,MOBILE,0
https://stats47.jp/ranking/fishery-workers,PASS,送信して登録されました,INDEXING_ALLOWED,ALLOWED,2026-10-08T12:46:52Z,SUCCESSFUL,https://stats47.jp/ranking/fishery-workers,,MOBILE,3
https://stats47.jp/ranking/national-treasury-disbursement-prefecture,PASS,送信して登録されました,INDEXING_ALLOWED,ALLOWED,2026-10-08T04:08:01Z,SUCCESSFUL,https://stats47.jp/ranking/national-treasury-disbursement-prefecture,,MOBILE,3
https://stats47.jp/blog/wheat-flour-consumption-prefecture,PASS,送信して登録されました,INDEXING_ALLOWED,ALLOWED,2026-10-08T22:12:54Z,SUCCESSFUL,https://stats47.jp/blog/wheat-flour-consumption-prefecture,https://stats47.jp/blog/wheat-flour-consumption-prefecture,MOBILE,1
https://stats47.jp/ranking/flood-affected-rivers,PASS,送信して登録されました,INDEXING_ALLOWED,ALLOWED,2026-10-07T04:13:45Z,SUCCESSFUL,https://stats47.jp/ranking/flood-affected-rivers,,MOBILE,2
https://stats47.jp/blog/middle-school-height-east-west-puzzle,PASS,送信して登録されました,INDEXING_ALLOWED,ALLOWED,2026-09-30T06:19:48Z,SUCCESSFUL,https://stats47.jp/blog/middle-school-height-east-west-puzzle,https://stats47.jp/blog/middle-school-height-east-west-puzzle,MOBILE,1
https://stats47.jp/blog/tofu-consumption-prefecture-gap,PASS,送信して登録されました,INDEXING_ALLOWED,ALLOWED,2026-10-03T01:00:23Z,SUCCESSFUL,https://stats47.jp/blog/tofu-consumption-prefecture-gap,https://stats47.jp/blog/tofu-consumption-prefecture-gap,MOBILE,0
https://stats47.jp/ranking/school-teacher-annual-income,PASS,送信して登録されました,INDEXING_ALLOWED,ALLOWED,2026-10-06T11:50:12Z,SUCCESSFUL,https://stats47.jp/ranking/school-teacher-annual-income,,MOBILE,2
https://stats47.jp/ranking/cup-noodles-consumption-expenditure,PASS,送信して登録されました,INDEXING_ALLOWED,ALLOWED,2026-10-08T07:46:30Z,SUCCESSFUL,https://stats47.jp/ranking/cup-noodles-consumption-expenditure,,MOBILE,3
https://stats47.jp/blog/wind-power-capacity-prefecture-gap,PASS,送信して登録されました,INDEXING_ALLOWED,ALLOWED,2026-10-06T02:48:56Z,SUCCESSFUL,https://stats47.jp/blog/wind-power-capacity-prefecture-gap,https://stats47.jp/blog/wind-power-capacity-prefecture-gap,MOBILE,2
https://stats47.jp/blog/sake-consumption-prefecture-gap,PASS,送信して登録されました,INDEXING_ALLOWED,ALLOWED,2026-10-07T18:00:09Z,SUCCESSFUL,https://stats47.jp/blog/sake-consumption-prefecture-gap,https://stats47.jp/blog/sake-consumption-prefecture-gap,MOBILE,2
https://stats47.jp/ranking/soba-udon-dining-consumption-expenditure,PASS,送信して登録されました,INDEXING_ALLOWED,ALLOWED,2026-10-08T19:32:48Z,SUCCESSFUL,https://stats47.jp/ranking/soba-udon-dining-consumption-expenditure,,MOBILE,3
https://stats47.jp/ranking/grilled-eel-consumption-expenditure,PASS,送信して登録されました,INDEXING_ALLOWED,ALLOWED,2026-10-08T14:06:15Z,SUCCESSFUL,https://stats47.jp/ranking/grilled-eel-consumption-expenditure,,MOBILE,2
https://stats47.jp/ranking/pork-consumption-quantity,PASS,送信して登録されました,INDEXING_ALLOWED,ALLOWED,2026-10-08T06:07:41Z,SUCCESSFUL,https://stats47.jp/ranking/pork-consumption-quantity,,MOBILE,2
https://stats47.jp/blog/urban-parks-green-infrastructure,PASS,送信して登録されました,INDEXING_ALLOWED,ALLOWED,2026-10-02T22:44:13Z,SUCCESSFUL,https://stats47.jp/blog/urban-parks-green-infrastructure,https://stats47.jp/blog/urban-parks-green-infrastructure,MOBILE,2
https://stats47.jp/ranking/designated-difficult-disease,PASS,送信して登録されました,INDEXING_ALLOWED,ALLOWED,2026-10-07T19:38:08Z,SUCCESSFUL,https://stats47.jp/ranking/designated-difficult-disease,,MOBILE,3
https://stats47.jp/ranking/physical-disability-certificates-issued,PASS,送信して登録されました,INDEXING_ALLOWED,ALLOWED,2026-10-08T20:24:14Z,SUCCESSFUL,https://stats47.jp/ranking/physical-disability-certificates-issued,,MOBILE,2
https://stats47.jp/ranking/bonito-consumption-quantity,PASS,送信して登録されました,INDEXING_ALLOWED,ALLOWED,2026-10-08T10:10:17Z,SUCCESSFUL,https://stats47.jp/ranking/bonito-consumption-quantity,,MOBILE,2
https://stats47.jp/ranking/treatment-rate-hypertension-outpatient,PASS,送信して登録されました,INDEXING_ALLOWED,ALLOWED,2026-10-08T19:57:42Z,SUCCESSFUL,https://stats47.jp/ranking/treatment-rate-hypertension-outpatient,,MOBILE,3
https://stats47.jp/blog/real-income-taxpayer,PASS,送信して登録されました,INDEXING_ALLOWED,ALLOWED,2026-10-04T07:49:55Z,SUCCESSFUL,https://stats47.jp/blog/real-income-taxpayer,https://stats47.jp/blog/real-income-taxpayer,MOBILE,0
https://stats47.jp/blog/konnyaku-expenditure-ranking,PASS,送信して登録されました,INDEXING_ALLOWED,ALLOWED,2026-10-02T02:36:32Z,SUCCESSFUL,https://stats47.jp/blog/konnyaku-expenditure-ranking,https://stats47.jp/blog/konnyaku-expenditure-ranking,MOBILE,1
https://stats47.jp/blog/konbu-consumption-quantity,PASS,送信して登録されました,INDEXING_ALLOWED,ALLOWED,2026-09-30T13:28:44Z,SUCCESSFUL,https://stats47.jp/blog/konbu-consumption-quantity,https://stats47.jp/blog/konbu-consumption-quantity,MOBILE,0
https://stats47.jp/blog/chocolate-expenditure-ranking,PASS,送信して登録されました,INDEXING_ALLOWED,ALLOWED,2026-10-03T05:02:01Z,SUCCESSFUL,https://stats47.jp/blog/chocolate-expenditure-ranking,https://stats47.jp/blog/chocolate-expenditure-ranking,MOBILE,1
https://stats47.jp/blog/abortion-rate-prefecture-gap,PASS,送信して登録されました,INDEXING_ALLOWED,ALLOWED,2026-10-07T23:56:07Z,SUCCESSFUL,https://stats47.jp/blog/abortion-rate-prefecture-gap,https://stats47.jp/blog/abortion-rate-prefecture-gap,MOBILE,3
https://stats47.jp/blog/university-advancement-capacity,PASS,送信して登録されました,INDEXING_ALLOWED,ALLOWED,2026-10-03T16:43:26Z,SUCCESSFUL,https://stats47.jp/blog/university-advancement-capacity,https://stats47.jp/blog/university-advancement-capacity,MOBILE,2
https://stats47.jp/blog/energy-infrastructure-gas-electricity,PASS,送信して登録されました,INDEXING_ALLOWED,ALLOWED,2026-10-04T03:50:05Z,SUCCESSFUL,https://stats47.jp/blog/energy-infrastructure-gas-electricity,https://stats47.jp/blog/energy-infrastructure-gas-electricity,MOBILE,4
https://stats47.jp/blog/mochi-consumption-prefecture-gap,PASS,送信して登録されました,INDEXING_ALLOWED,ALLOWED,2026-10-08T01:50:44Z,SUCCESSFUL,https://stats47.jp/blog/mochi-consumption-prefecture-gap,https://stats47.jp/blog/mochi-consumption-prefecture-gap,MOBILE,1
https://stats47.jp/blog/price-index-high-low-prefecture,PASS,送信して登録されました,INDEXING_ALLOWED,ALLOWED,2026-10-08T00:48:25Z,SUCCESSFUL,https://stats47.jp/blog/price-index-high-low-prefecture,https://stats47.jp/blog/price-index-high-low-prefecture,MOBILE,1
https://stats47.jp/ranking/real-disposable-income,PASS,送信して登録されました,INDEXING_ALLOWED,ALLOWED,2026-10-07T12:51:58Z,SUCCESSFUL,https://stats47.jp/ranking/real-disposable-income,,MOBILE,2
https://stats47.jp/ranking/green-tea-consumption-quantity,PASS,送信して登録されました,INDEXING_ALLOWED,ALLOWED,2026-10-08T19:31:37Z,SUCCESSFUL,https://stats47.jp/ranking/green-tea-consumption-quantity,,MOBILE,2
https://stats47.jp/ranking/fishery-species-catch-pacific-saury,PASS,送信して登録されました,INDEXING_ALLOWED,ALLOWED,2026-10-08T01:13:41Z,SUCCESSFUL,https://stats47.jp/ranking/fishery-species-catch-pacific-saury,,MOBILE,3
https://stats47.jp/blog/development-history-place-name-map,PASS,送信して登録されました,INDEXING_ALLOWED,ALLOWED,2026-09-29T10:27:16Z,SUCCESSFUL,https://stats47.jp/blog/development-history-place-name-map,https://stats47.jp/blog/development-history-place-name-map,MOBILE,2
https://stats47.jp/blog/dining-out-expenditure-ranking,PASS,送信して登録されました,INDEXING_ALLOWED,ALLOWED,2026-10-07T15:35:51Z,SUCCESSFUL,https://stats47.jp/blog/dining-out-expenditure-ranking,https://stats47.jp/blog/dining-out-expenditure-ranking,MOBILE,2
https://stats47.jp/ranking/psychiatric-bed-count,PASS,送信して登録されました,INDEXING_ALLOWED,ALLOWED,2026-10-08T19:11:29Z,SUCCESSFUL,https://stats47.jp/ranking/psychiatric-bed-count,,MOBILE,2
https://stats47.jp/ranking/tissue-paper-consumption-expenditure,PASS,送信して登録されました,INDEXING_ALLOWED,ALLOWED,2026-10-08T10:34:23Z,SUCCESSFUL,https://stats47.jp/ranking/tissue-paper-consumption-expenditure,,MOBILE,2
https://stats47.jp/blog/park-green-space-gap,PASS,送信して登録されました,INDEXING_ALLOWED,ALLOWED,2026-10-08T09:58:36Z,SUCCESSFUL,https://stats47.jp/blog/park-green-space-gap,https://stats47.jp/blog/park-green-space-gap,MOBILE,1
https://stats47.jp/ranking/road-expressway-length,PASS,送信して登録されました,INDEXING_ALLOWED,ALLOWED,2026-10-07T16:00:37Z,SUCCESSFUL,https://stats47.jp/ranking/road-expressway-length,,MOBILE,2
https://stats47.jp/ranking/stillbirths-after-22-weeks,PASS,送信して登録されました,INDEXING_ALLOWED,ALLOWED,2026-10-06T23:31:50Z,SUCCESSFUL,https://stats47.jp/ranking/stillbirths-after-22-weeks,,MOBILE,4
https://stats47.jp/ranking/gasoline-consumption-quantity,PASS,送信して登録されました,INDEXING_ALLOWED,ALLOWED,2026-10-08T18:24:09Z,SUCCESSFUL,https://stats47.jp/ranking/gasoline-consumption-quantity,,MOBILE,2
https://stats47.jp/ranking/katsuobushi-consumption-quantity,PASS,送信して登録されました,INDEXING_ALLOWED,ALLOWED,2026-10-08T14:44:54Z,SUCCESSFUL,https://stats47.jp/ranking/katsuobushi-consumption-quantity,,MOBILE,2
https://stats47.jp/ranking/post-office-count,PASS,送信して登録されました,INDEXING_ALLOWED,ALLOWED,2026-10-05T11:52:53Z,SUCCESSFUL,https://stats47.jp/ranking/post-office-count,,MOBILE,2
https://stats47.jp/ranking/cup-noodles-consumption-quantity,PASS,送信して登録されました,INDEXING_ALLOWED,ALLOWED,2026-10-08T18:55:17Z,SUCCESSFUL,https://stats47.jp/ranking/cup-noodles-consumption-quantity,,MOBILE,2
https://stats47.jp/blog/day-time-population-prefecture-gap,PASS,送信して登録されました,INDEXING_ALLOWED,ALLOWED,2026-08-29T12:45:48Z,SUCCESSFUL,https://stats47.jp/blog/day-time-population-prefecture-gap,https://stats47.jp/blog/day-time-population-prefecture-gap,MOBILE,0
https://stats47.jp/ranking/nuclear-family-household-count,PASS,送信して登録されました,INDEXING_ALLOWED,ALLOWED,2026-09-25T15:16:45Z,SUCCESSFUL,https://stats47.jp/ranking/nuclear-family-household-count,,MOBILE,1
https://stats47.jp/ranking/fishery-species-catch-sardine,PASS,送信して登録されました,INDEXING_ALLOWED,ALLOWED,2026-10-07T11:43:06Z,SUCCESSFUL,https://stats47.jp/ranking/fishery-species-catch-sardine,,MOBILE,3
https://stats47.jp/ranking/fresh-udon-soba-consumption-quantity,PASS,送信して登録されました,INDEXING_ALLOWED,ALLOWED,2026-10-08T17:17:03Z,SUCCESSFUL,https://stats47.jp/ranking/fresh-udon-soba-consumption-quantity,,MOBILE,1
https://stats47.jp/ranking/early-neonatal-deaths,PASS,送信して登録されました,INDEXING_ALLOWED,ALLOWED,2026-06-24T15:54:58Z,SUCCESSFUL,https://stats47.jp/ranking/early-neonatal-deaths,https://stats47.jp/ranking/early-neonatal-deaths,MOBILE,3
https://stats47.jp/ranking/avg-salary-police-prefecture,PASS,送信して登録されました,INDEXING_ALLOWED,ALLOWED,2026-10-06T12:23:58Z,SUCCESSFUL,https://stats47.jp/ranking/avg-salary-police-prefecture,,MOBILE,3
https://stats47.jp/ranking/dam-count,PASS,送信して登録されました,INDEXING_ALLOWED,ALLOWED,2026-07-04T00:51:51Z,SUCCESSFUL,https://stats47.jp/ranking/dam-count,https://stats47.jp/ranking/dam-count,MOBILE,1
https://stats47.jp/ranking/sole-proprietor-sales,PASS,送信して登録されました,INDEXING_ALLOWED,ALLOWED,2026-10-08T02:08:21Z,SUCCESSFUL,https://stats47.jp/ranking/sole-proprietor-sales,,MOBILE,3
https://stats47.jp/blog/potato-consumption-quantity,PASS,送信して登録されました,INDEXING_ALLOWED,ALLOWED,2026-10-03T02:49:01Z,SUCCESSFUL,https://stats47.jp/blog/potato-consumption-quantity,https://stats47.jp/blog/potato-consumption-quantity,MOBILE,1
https://stats47.jp/ranking/miso-consumption-quantity,PASS,送信して登録されました,INDEXING_ALLOWED,ALLOWED,2026-10-08T14:13:07Z,SUCCESSFUL,https://stats47.jp/ranking/miso-consumption-quantity,,MOBILE,2
https://stats47.jp/blog/food-spending-pattern,PASS,送信して登録されました,INDEXING_ALLOWED,ALLOWED,2026-10-07T20:52:07Z,SUCCESSFUL,https://stats47.jp/blog/food-spending-pattern,https://stats47.jp/blog/food-spending-pattern,MOBILE,1
https://stats47.jp/about,PASS,送信して登録されました,INDEXING_ALLOWED,ALLOWED,2026-10-07T22:46:01Z,SUCCESSFUL,https://stats47.jp/about,https://stats47.jp/about,MOBILE,3
https://stats47.jp/themes,PASS,送信して登録されました,INDEXING_ALLOWED,ALLOWED,2026-09-27T01:14:43Z,SUCCESSFUL,https://stats47.jp/themes,https://stats47.jp/themes,MOBILE,2
https://stats47.jp/categories,NEUTRAL,URL が Google に認識されていません,INDEXING_STATE_UNSPECIFIED,ROBOTS_TXT_STATE_UNSPECIFIED,,PAGE_FETCH_STATE_UNSPECIFIED,,,,0
https://stats47.jp/areas,PASS,送信して登録されました,INDEXING_ALLOWED,ALLOWED,2026-10-02T07:46:10Z,SUCCESSFUL,https://stats47.jp/areas,https://stats47.jp/areas,MOBILE,2
https://stats47.jp/ranking,PASS,送信して登録されました,INDEXING_ALLOWED,ALLOWED,2026-10-05T16:39:15Z,SUCCESSFUL,https://stats47.jp/ranking,,MOBILE,4
https://stats47.jp/blog,PASS,送信して登録されました,INDEXING_ALLOWED,ALLOWED,2026-10-02T06:10:31Z,SUCCESSFUL,https://stats47.jp/blog,https://stats47.jp/blog,MOBILE,4
https://stats47.jp/search,NEUTRAL,noindex タグによって除外されました,BLOCKED_BY_META_TAG,ALLOWED,2026-06-24T01:25:49Z,SUCCESSFUL,https://stats47.jp/search,https://stats47.jp/search,MOBILE,3
https://stats47.jp/areas/01000,PASS,送信して登録されました,INDEXING_ALLOWED,ALLOWED,2026-10-08T22:49:40Z,SUCCESSFUL,https://stats47.jp/areas/01000,,MOBILE,2
https://stats47.jp/areas/02000,PASS,送信して登録されました,INDEXING_ALLOWED,ALLOWED,2026-10-06T09:28:43Z,SUCCESSFUL,https://stats47.jp/areas/02000,,MOBILE,2
https://stats47.jp/areas/03000,PASS,送信して登録されました,INDEXING_ALLOWED,ALLOWED,2026-10-04T00:21:23Z,SUCCESSFUL,https://stats47.jp/areas/03000,,MOBILE,2
https://stats47.jp/areas/04000,PASS,送信して登録されました,INDEXING_ALLOWED,ALLOWED,2026-10-05T22:48:49Z,SUCCESSFUL,https://stats47.jp/areas/04000,https://stats47.jp/areas/04000,MOBILE,2
https://stats47.jp/areas/05000,PASS,送信して登録されました,INDEXING_ALLOWED,ALLOWED,2026-10-07T04:37:07Z,SUCCESSFUL,https://stats47.jp/areas/05000,,MOBILE,2
https://stats47.jp/areas/06000,PASS,送信して登録されました,INDEXING_ALLOWED,ALLOWED,2026-10-08T20:38:50Z,SUCCESSFUL,https://stats47.jp/areas/06000,https://stats47.jp/areas/06000,MOBILE,2
https://stats47.jp/areas/07000,PASS,送信して登録されました,INDEXING_ALLOWED,ALLOWED,2026-09-27T13:50:55Z,SUCCESSFUL,https://stats47.jp/areas/07000,,MOBILE,2
https://stats47.jp/areas/08000,PASS,送信して登録されました,INDEXING_ALLOWED,ALLOWED,2026-10-03T03:04:27Z,SUCCESSFUL,https://stats47.jp/areas/08000,,MOBILE,2
https://stats47.jp/areas/09000,PASS,送信して登録されました,INDEXING_ALLOWED,ALLOWED,2026-10-02T22:30:31Z,SUCCESSFUL,https://stats47.jp/areas/09000,,MOBILE,2
https://stats47.jp/areas/10000,PASS,送信して登録されました,INDEXING_ALLOWED,ALLOWED,2026-10-08T09:01:26Z,SUCCESSFUL,https://stats47.jp/areas/10000,https://stats47.jp/areas/10000,MOBILE,3
https://stats47.jp/areas/11000,PASS,送信して登録されました,INDEXING_ALLOWED,ALLOWED,2026-10-01T18:41:30Z,SUCCESSFUL,https://stats47.jp/areas/11000,,MOBILE,2
https://stats47.jp/areas/12000,PASS,送信して登録されました,INDEXING_ALLOWED,ALLOWED,2026-10-04T12:04:32Z,SUCCESSFUL,https://stats47.jp/areas/12000,,MOBILE,2
https://stats47.jp/areas/13000,PASS,送信して登録されました,INDEXING_ALLOWED,ALLOWED,2026-10-04T14:09:10Z,SUCCESSFUL,https://stats47.jp/areas/13000,,MOBILE,2
https://stats47.jp/areas/14000,PASS,送信して登録されました,INDEXING_ALLOWED,ALLOWED,2026-10-02T07:38:54Z,SUCCESSFUL,https://stats47.jp/areas/14000,,MOBILE,2
https://stats47.jp/areas/15000,PASS,送信して登録されました,INDEXING_ALLOWED,ALLOWED,2026-10-04T12:11:52Z,SUCCESSFUL,https://stats47.jp/areas/15000,https://stats47.jp/areas/15000,MOBILE,2
https://stats47.jp/areas/16000,PASS,送信して登録されました,INDEXING_ALLOWED,ALLOWED,2026-10-08T21:53:47Z,SUCCESSFUL,https://stats47.jp/areas/16000,,MOBILE,2
https://stats47.jp/areas/17000,PASS,送信して登録されました,INDEXING_ALLOWED,ALLOWED,2026-10-03T00:10:48Z,SUCCESSFUL,https://stats47.jp/areas/17000,,MOBILE,3
https://stats47.jp/areas/18000,PASS,送信して登録されました,INDEXING_ALLOWED,ALLOWED,2026-10-06T13:58:35Z,SUCCESSFUL,https://stats47.jp/areas/18000,,MOBILE,2
https://stats47.jp/areas/19000,PASS,送信して登録されました,INDEXING_ALLOWED,ALLOWED,2026-10-08T17:56:04Z,SUCCESSFUL,https://stats47.jp/areas/19000,,MOBILE,2
https://stats47.jp/areas/20000,PASS,送信して登録されました,INDEXING_ALLOWED,ALLOWED,2026-10-01T05:34:26Z,SUCCESSFUL,https://stats47.jp/areas/20000,,MOBILE,2
https://stats47.jp/areas/21000,PASS,送信して登録されました,INDEXING_ALLOWED,ALLOWED,2026-10-01T06:32:10Z,SUCCESSFUL,https://stats47.jp/areas/21000,https://stats47.jp/areas/21000,MOBILE,2
https://stats47.jp/areas/22000,PASS,送信して登録されました,INDEXING_ALLOWED,ALLOWED,2026-09-25T21:39:46Z,SUCCESSFUL,https://stats47.jp/areas/22000,,MOBILE,2
https://stats47.jp/areas/23000,PASS,送信して登録されました,INDEXING_ALLOWED,ALLOWED,2026-10-08T13:41:34Z,SUCCESSFUL,https://stats47.jp/areas/23000,,MOBILE,3
https://stats47.jp/areas/24000,PASS,送信して登録されました,INDEXING_ALLOWED,ALLOWED,2026-10-08T10:20:25Z,SUCCESSFUL,https://stats47.jp/areas/24000,,MOBILE,2
https://stats47.jp/areas/25000,PASS,送信して登録されました,INDEXING_ALLOWED,ALLOWED,2026-10-08T10:08:54Z,SUCCESSFUL,https://stats47.jp/areas/25000,,MOBILE,3
https://stats47.jp/areas/26000,PASS,送信して登録されました,INDEXING_ALLOWED,ALLOWED,2026-10-06T09:51:50Z,SUCCESSFUL,https://stats47.jp/areas/26000,,MOBILE,2
https://stats47.jp/areas/27000,PASS,送信して登録されました,INDEXING_ALLOWED,ALLOWED,2026-10-04T00:15:53Z,SUCCESSFUL,https://stats47.jp/areas/27000,https://stats47.jp/areas/27000,MOBILE,2
https://stats47.jp/areas/28000,PASS,送信して登録されました,INDEXING_ALLOWED,ALLOWED,2026-10-06T22:19:29Z,SUCCESSFUL,https://stats47.jp/areas/28000,,MOBILE,2
https://stats47.jp/areas/29000,PASS,送信して登録されました,INDEXING_ALLOWED,ALLOWED,2026-10-07T11:54:25Z,SUCCESSFUL,https://stats47.jp/areas/29000,,MOBILE,2
https://stats47.jp/areas/30000,PASS,送信して登録されました,INDEXING_ALLOWED,ALLOWED,2026-10-03T03:22:40Z,SUCCESSFUL,https://stats47.jp/areas/30000,https://stats47.jp/areas/30000,MOBILE,2
https://stats47.jp/areas/31000,PASS,送信して登録されました,INDEXING_ALLOWED,ALLOWED,2026-10-07T10:14:13Z,SUCCESSFUL,https://stats47.jp/areas/31000,,MOBILE,3
https://stats47.jp/areas/32000,PASS,送信して登録されました,INDEXING_ALLOWED,ALLOWED,2026-09-10T22:42:12Z,SUCCESSFUL,https://stats47.jp/areas/32000,,MOBILE,2
https://stats47.jp/areas/33000,PASS,送信して登録されました,INDEXING_ALLOWED,ALLOWED,2026-10-05T22:16:36Z,SUCCESSFUL,https://stats47.jp/areas/33000,,MOBILE,2
https://stats47.jp/areas/34000,PASS,送信して登録されました,INDEXING_ALLOWED,ALLOWED,2026-09-30T12:08:21Z,SUCCESSFUL,https://stats47.jp/areas/34000,,MOBILE,2
https://stats47.jp/areas/35000,PASS,送信して登録されました,INDEXING_ALLOWED,ALLOWED,2026-10-08T19:14:06Z,SUCCESSFUL,https://stats47.jp/areas/35000,,MOBILE,3
https://stats47.jp/areas/36000,PASS,送信して登録されました,INDEXING_ALLOWED,ALLOWED,2026-09-24T13:19:34Z,SUCCESSFUL,https://stats47.jp/areas/36000,,MOBILE,2
https://stats47.jp/areas/37000,PASS,送信して登録されました,INDEXING_ALLOWED,ALLOWED,2026-10-06T10:05:09Z,SUCCESSFUL,https://stats47.jp/areas/37000,,MOBILE,2
https://stats47.jp/areas/38000,PASS,送信して登録されました,INDEXING_ALLOWED,ALLOWED,2026-10-09T01:10:22Z,SUCCESSFUL,https://stats47.jp/areas/38000,,MOBILE,2
https://stats47.jp/areas/39000,PASS,送信して登録されました,INDEXING_ALLOWED,ALLOWED,2026-10-05T09:51:40Z,SUCCESSFUL,https://stats47.jp/areas/39000,,MOBILE,1
https://stats47.jp/areas/40000,PASS,送信して登録されました,INDEXING_ALLOWED,ALLOWED,2026-09-26T08:56:37Z,SUCCESSFUL,https://stats47.jp/areas/40000,,MOBILE,2
https://stats47.jp/areas/41000,PASS,送信して登録されました,INDEXING_ALLOWED,ALLOWED,2026-10-06T21:31:41Z,SUCCESSFUL,https://stats47.jp/areas/41000,,MOBILE,2
https://stats47.jp/areas/42000,PASS,送信して登録されました,INDEXING_ALLOWED,ALLOWED,2026-10-03T09:52:55Z,SUCCESSFUL,https://stats47.jp/areas/42000,,MOBILE,2
https://stats47.jp/areas/43000,PASS,送信して登録されました,INDEXING_ALLOWED,ALLOWED,2026-10-02T07:19:39Z,SUCCESSFUL,https://stats47.jp/areas/43000,,MOBILE,2
https://stats47.jp/areas/44000,PASS,送信して登録されました,INDEXING_ALLOWED,ALLOWED,2026-09-30T07:43:10Z,SUCCESSFUL,https://stats47.jp/areas/44000,,MOBILE,2
https://stats47.jp/areas/45000,PASS,送信して登録されました,INDEXING_ALLOWED,ALLOWED,2026-10-01T13:25:50Z,SUCCESSFUL,https://stats47.jp/areas/45000,,MOBILE,3
https://stats47.jp/areas/46000,PASS,送信して登録されました,INDEXING_ALLOWED,ALLOWED,2026-10-07T15:54:15Z,SUCCESSFUL,https://stats47.jp/areas/46000,,MOBILE,2
https://stats47.jp/areas/47000,PASS,送信して登録されました,INDEXING_ALLOWED,ALLOWED,2026-10-05T10:07:48Z,SUCCESSFUL,https://stats47.jp/areas/47000,,MOBILE,2
https://stats47.jp/tag/2024%E5%B9%B4,NEUTRAL,見つかりませんでした（404）,INDEXING_STATE_UNSPECIFIED,ALLOWED,2026-05-17T19:15:24Z,NOT_FOUND,,,MOBILE,1
https://stats47.jp/tag/ClaudeCode,PASS,送信して登録されました,INDEXING_ALLOWED,ALLOWED,2026-09-07T19:16:10Z,SUCCESSFUL,https://stats47.jp/tag/ClaudeCode,https://stats47.jp/tag/ClaudeCode,MOBILE,1
https://stats47.jp/tag/D3,PASS,送信して登録されました,INDEXING_ALLOWED,ALLOWED,2026-08-25T11:05:43Z,SUCCESSFUL,https://stats47.jp/tag/D3,https://stats47.jp/tag/D3,MOBILE,3
https://stats47.jp/tag/IT,PASS,送信して登録されました,INDEXING_ALLOWED,ALLOWED,2026-10-03T09:53:40Z,SUCCESSFUL,https://stats47.jp/tag/IT,https://stats47.jp/tag/IT,MOBILE,1
https://stats47.jp/tag/e-Stat,PASS,送信して登録されました,INDEXING_ALLOWED,ALLOWED,2026-09-07T19:16:09Z,SUCCESSFUL,https://stats47.jp/tag/e-Stat,https://stats47.jp/tag/e-Stat,MOBILE,1
https://stats47.jp/tag/%E3%81%BE%E3%81%90%E3%82%8D,NEUTRAL,見つかりませんでした（404）,INDEXING_STATE_UNSPECIFIED,ALLOWED,2026-06-27T04:28:54Z,NOT_FOUND,,,MOBILE,1
https://stats47.jp/tag/%E3%82%A4%E3%83%B3%E3%83%90%E3%82%A6%E3%83%B3%E3%83%89,NEUTRAL,見つかりませんでした（404）,INDEXING_STATE_UNSPECIFIED,ALLOWED,2026-06-05T03:25:05Z,NOT_FOUND,,,MOBILE,1
https://stats47.jp/tag/%E3%82%A4%E3%83%B3%E3%83%95%E3%83%A9,NEUTRAL,見つかりませんでした（404）,INDEXING_STATE_UNSPECIFIED,ALLOWED,2026-05-26T04:29:27Z,NOT_FOUND,,,MOBILE,2
https://stats47.jp/tag/%E3%82%A8%E3%83%8D%E3%83%AB%E3%82%AE%E3%83%BC,PASS,送信して登録されました,INDEXING_ALLOWED,ALLOWED,2026-10-05T11:18:33Z,SUCCESSFUL,https://stats47.jp/tag/%E3%82%A8%E3%83%8D%E3%83%AB%E3%82%AE%E3%83%BC,https://stats47.jp/tag/%E3%82%A8%E3%83%8D%E3%83%AB%E3%82%AE%E3%83%BC,MOBILE,3
https://stats47.jp/tag/%E3%82%A8%E3%83%B3%E3%82%B2%E3%83%AB%E4%BF%82%E6%95%B0,PASS,送信して登録されました,INDEXING_ALLOWED,ALLOWED,2026-08-04T06:25:22Z,SUCCESSFUL,https://stats47.jp/tag/%E3%82%A8%E3%83%B3%E3%82%B2%E3%83%AB%E4%BF%82%E6%95%B0,https://stats47.jp/tag/%E3%82%A8%E3%83%B3%E3%82%B2%E3%83%AB%E4%BF%82%E6%95%B0,MOBILE,2
https://stats47.jp/tag/%E3%83%86%E3%83%AC%E3%83%AF%E3%83%BC%E3%82%AF,NEUTRAL,見つかりませんでした（404）,INDEXING_STATE_UNSPECIFIED,ALLOWED,2026-06-18T05:38:39Z,NOT_FOUND,,,MOBILE,0
https://stats47.jp/tag/%E4%BA%BA%E5%8F%A3,PASS,送信して登録されました,INDEXING_ALLOWED,ALLOWED,2026-08-26T14:08:39Z,SUCCESSFUL,https://stats47.jp/tag/%E4%BA%BA%E5%8F%A3,https://stats47.jp/tag/%E4%BA%BA%E5%8F%A3,MOBILE,3
https://stats47.jp/tag/%E4%BA%BA%E5%8F%A3%E6%B8%9B%E5%B0%91,PASS,送信して登録されました,INDEXING_ALLOWED,ALLOWED,2026-09-04T23:10:15Z,SUCCESSFUL,https://stats47.jp/tag/%E4%BA%BA%E5%8F%A3%E6%B8%9B%E5%B0%91,https://stats47.jp/tag/%E4%BA%BA%E5%8F%A3%E6%B8%9B%E5%B0%91,MOBILE,3
https://stats47.jp/tag/%E4%BD%8F%E5%AE%85,NEUTRAL,見つかりませんでした（404）,INDEXING_STATE_UNSPECIFIED,ALLOWED,2026-06-21T14:05:24Z,NOT_FOUND,,,MOBILE,1
https://stats47.jp/tag/%E5%81%A5%E5%BA%B7,PASS,送信して登録されました,INDEXING_ALLOWED,ALLOWED,2026-09-25T14:38:48Z,SUCCESSFUL,https://stats47.jp/tag/%E5%81%A5%E5%BA%B7,https://stats47.jp/tag/%E5%81%A5%E5%BA%B7,MOBILE,1
https://stats47.jp/tag/%E5%85%B1%E5%83%8D%E3%81%8D,NEUTRAL,見つかりませんでした（404）,INDEXING_STATE_UNSPECIFIED,ALLOWED,2026-05-06T02:55:24Z,NOT_FOUND,,,MOBILE,1
https://stats47.jp/tag/%E5%87%BA%E7%94%9F%E7%8E%87,NEUTRAL,見つかりませんでした（404）,INDEXING_STATE_UNSPECIFIED,ALLOWED,2026-06-08T03:46:01Z,NOT_FOUND,,,MOBILE,2
https://stats47.jp/tag/%E5%8A%B4%E5%83%8D,NEUTRAL,見つかりませんでした（404）,INDEXING_STATE_UNSPECIFIED,ALLOWED,2026-07-18T02:27:20Z,NOT_FOUND,,,MOBILE,1
https://stats47.jp/tag/%E5%8C%97%E6%B5%B7%E9%81%93,NEUTRAL,見つかりませんでした（404）,INDEXING_STATE_UNSPECIFIED,ALLOWED,2026-06-03T14:54:13Z,NOT_FOUND,,,MOBILE,1
https://stats47.jp/tag/%E5%8C%BB%E7%99%82,PASS,送信して登録されました,INDEXING_ALLOWED,ALLOWED,2026-08-31T14:25:02Z,SUCCESSFUL,https://stats47.jp/tag/%E5%8C%BB%E7%99%82,https://stats47.jp/tag/%E5%8C%BB%E7%99%82,MOBILE,1
https://stats47.jp/tag/%E5%8C%BB%E7%99%82%E8%B2%BB,NEUTRAL,見つかりませんでした（404）,INDEXING_STATE_UNSPECIFIED,ALLOWED,2026-07-17T23:51:50Z,NOT_FOUND,,,MOBILE,2
https://stats47.jp/tag/%E5%9B%BD%E5%8B%A2%E8%AA%BF%E6%9F%BB,NEUTRAL,noindex タグによって除外されました,BLOCKED_BY_META_TAG,ALLOWED,2026-09-17T10:54:01Z,SUCCESSFUL,https://stats47.jp/tag/%E5%9B%BD%E5%8B%A2%E8%AA%BF%E6%9F%BB,https://stats47.jp/tag/%E5%9B%BD%E5%8B%A2%E8%AA%BF%E6%9F%BB,MOBILE,2
https://stats47.jp/tag/%E5%9C%B0%E5%90%8D,PASS,送信して登録されました,INDEXING_ALLOWED,ALLOWED,2026-08-22T11:30:17Z,SUCCESSFUL,https://stats47.jp/tag/%E5%9C%B0%E5%90%8D,https://stats47.jp/tag/%E5%9C%B0%E5%90%8D,MOBILE,2
https://stats47.jp/tag/%E5%9C%B0%E5%9F%9F%E5%B7%AE,PASS,送信して登録されました,INDEXING_ALLOWED,ALLOWED,2026-10-01T03:31:46Z,SUCCESSFUL,https://stats47.jp/tag/%E5%9C%B0%E5%9F%9F%E5%B7%AE,https://stats47.jp/tag/%E5%9C%B0%E5%9F%9F%E5%B7%AE,MOBILE,3
https://stats47.jp/tag/%E5%9C%B0%E5%9F%9F%E6%A0%BC%E5%B7%AE,PASS,送信して登録されました,INDEXING_ALLOWED,ALLOWED,2026-10-01T13:46:44Z,SUCCESSFUL,https://stats47.jp/tag/%E5%9C%B0%E5%9F%9F%E6%A0%BC%E5%B7%AE,https://stats47.jp/tag/%E5%9C%B0%E5%9F%9F%E6%A0%BC%E5%B7%AE,MOBILE,2
https://stats47.jp/tag/%E5%9C%B0%E6%96%B9%E8%B2%A1%E6%94%BF,PASS,送信して登録されました,INDEXING_ALLOWED,ALLOWED,2026-07-28T19:47:48Z,SUCCESSFUL,https://stats47.jp/tag/%E5%9C%B0%E6%96%B9%E8%B2%A1%E6%94%BF,https://stats47.jp/tag/%E5%9C%B0%E6%96%B9%E8%B2%A1%E6%94%BF,MOBILE,2
https://stats47.jp/tag/%E5%AD%90%E8%82%B2%E3%81%A6,NEUTRAL,見つかりませんでした（404）,INDEXING_STATE_UNSPECIFIED,ALLOWED,2026-06-04T11:25:35Z,NOT_FOUND,,,MOBILE,1
https://stats47.jp/tag/%E5%AE%B6%E8%A8%88,NEUTRAL,見つかりませんでした（404）,INDEXING_STATE_UNSPECIFIED,ALLOWED,2026-06-04T06:06:45Z,NOT_FOUND,,,MOBILE,1
https://stats47.jp/tag/%E5%AE%B6%E8%A8%88%E8%AA%BF%E6%9F%BB,PASS,送信して登録されました,INDEXING_ALLOWED,ALLOWED,2026-08-31T14:20:55Z,SUCCESSFUL,https://stats47.jp/tag/%E5%AE%B6%E8%A8%88%E8%AA%BF%E6%9F%BB,https://stats47.jp/tag/%E5%AE%B6%E8%A8%88%E8%AA%BF%E6%9F%BB,MOBILE,3
https://stats47.jp/tag/%E5%B0%91%E5%AD%90%E5%8C%96,NEUTRAL,見つかりませんでした（404）,INDEXING_STATE_UNSPECIFIED,ALLOWED,2026-05-29T23:29:04Z,NOT_FOUND,,,MOBILE,1
https://stats47.jp/tag/%E5%B8%82%E5%8C%BA%E7%94%BA%E6%9D%91,PASS,送信して登録されました,INDEXING_ALLOWED,ALLOWED,2026-09-23T12:01:15Z,SUCCESSFUL,https://stats47.jp/tag/%E5%B8%82%E5%8C%BA%E7%94%BA%E6%9D%91,https://stats47.jp/tag/%E5%B8%82%E5%8C%BA%E7%94%BA%E6%9D%91,MOBILE,1
https://stats47.jp/tag/%E5%B9%B4%E5%8F%8E,PASS,送信して登録されました,INDEXING_ALLOWED,ALLOWED,2026-09-18T22:32:06Z,SUCCESSFUL,https://stats47.jp/tag/%E5%B9%B4%E5%8F%8E,https://stats47.jp/tag/%E5%B9%B4%E5%8F%8E,MOBILE,2
https://stats47.jp/tag/%E6%89%80%E5%BE%97%E6%A0%BC%E5%B7%AE,PASS,送信して登録されました,INDEXING_ALLOWED,ALLOWED,2026-08-14T22:40:48Z,SUCCESSFUL,https://stats47.jp/tag/%E6%89%80%E5%BE%97%E6%A0%BC%E5%B7%AE,https://stats47.jp/tag/%E6%89%80%E5%BE%97%E6%A0%BC%E5%B7%AE,MOBILE,2
https://stats47.jp/tag/%E6%95%99%E8%82%B2,NEUTRAL,見つかりませんでした（404）,INDEXING_STATE_UNSPECIFIED,ALLOWED,2026-06-07T19:44:10Z,NOT_FOUND,,,MOBILE,2
https://stats47.jp/tag/%E6%95%99%E8%82%B2%E6%A0%BC%E5%B7%AE,NEUTRAL,見つかりませんでした（404）,INDEXING_STATE_UNSPECIFIED,ALLOWED,2026-06-25T22:45:42Z,NOT_FOUND,,,MOBILE,2
https://stats47.jp/tag/%E6%95%99%E8%82%B2%E8%B2%BB,NEUTRAL,見つかりませんでした（404）,INDEXING_STATE_UNSPECIFIED,ALLOWED,2026-07-17T02:02:07Z,NOT_FOUND,,,MOBILE,1
https://stats47.jp/tag/%E6%9D%B1%E5%8C%97,PASS,送信して登録されました,INDEXING_ALLOWED,ALLOWED,2026-10-01T08:02:44Z,SUCCESSFUL,https://stats47.jp/tag/%E6%9D%B1%E5%8C%97,https://stats47.jp/tag/%E6%9D%B1%E5%8C%97,MOBILE,2
https://stats47.jp/tag/%E6%A0%BC%E5%B7%AE,PASS,送信して登録されました,INDEXING_ALLOWED,ALLOWED,2026-08-22T11:25:24Z,SUCCESSFUL,https://stats47.jp/tag/%E6%A0%BC%E5%B7%AE,https://stats47.jp/tag/%E6%A0%BC%E5%B7%AE,MOBILE,2
https://stats47.jp/tag/%E6%B6%88%E8%B2%BB,NEUTRAL,見つかりませんでした（404）,INDEXING_STATE_UNSPECIFIED,ALLOWED,2026-07-16T19:03:38Z,NOT_FOUND,,,MOBILE,1
https://stats47.jp/tag/%E6%B6%88%E8%B2%BB%E6%94%AF%E5%87%BA,PASS,送信して登録されました,INDEXING_ALLOWED,ALLOWED,2026-09-07T19:16:56Z,SUCCESSFUL,https://stats47.jp/tag/%E6%B6%88%E8%B2%BB%E6%94%AF%E5%87%BA,https://stats47.jp/tag/%E6%B6%88%E8%B2%BB%E6%94%AF%E5%87%BA,MOBILE,3
https://stats47.jp/tag/%E6%B6%88%E8%B2%BB%E8%80%85%E7%89%A9%E4%BE%A1%E6%8C%87%E6%95%B0,NEUTRAL,見つかりませんでした（404）,INDEXING_STATE_UNSPECIFIED,ALLOWED,2026-05-05T13:17:33Z,NOT_FOUND,,,MOBILE,2
https://stats47.jp/tag/%E6%B6%88%E8%B2%BB%E9%87%8F,PASS,送信して登録されました,INDEXING_ALLOWED,ALLOWED,2026-10-04T00:21:23Z,SUCCESSFUL,https://stats47.jp/tag/%E6%B6%88%E8%B2%BB%E9%87%8F,https://stats47.jp/tag/%E6%B6%88%E8%B2%BB%E9%87%8F,MOBILE,1
https://stats47.jp/tag/%E6%BC%81%E7%8D%B2%E9%87%8F,NEUTRAL,見つかりませんでした（404）,INDEXING_STATE_UNSPECIFIED,ALLOWED,2026-07-19T06:06:22Z,NOT_FOUND,,,MOBILE,2
https://stats47.jp/tag/%E7%84%BC%E9%85%8E,NEUTRAL,見つかりませんでした（404）,INDEXING_STATE_UNSPECIFIED,ALLOWED,2026-06-04T11:23:00Z,NOT_FOUND,,,MOBILE,1
https://stats47.jp/tag/%E7%89%A9%E4%BE%A1,NEUTRAL,見つかりませんでした（404）,INDEXING_STATE_UNSPECIFIED,ALLOWED,2026-06-04T19:41:24Z,NOT_FOUND,,,MOBILE,1
https://stats47.jp/tag/%E7%92%B0%E5%A2%83,NEUTRAL,見つかりませんでした（404）,INDEXING_STATE_UNSPECIFIED,ALLOWED,2026-05-06T02:53:19Z,NOT_FOUND,,,MOBILE,1
https://stats47.jp/tag/%E7%94%9F%E6%B4%BB%E3%82%B3%E3%82%B9%E3%83%88,NEUTRAL,検出 - インデックス未登録,INDEXING_STATE_UNSPECIFIED,ROBOTS_TXT_STATE_UNSPECIFIED,,PAGE_FETCH_STATE_UNSPECIFIED,,,CRAWLING_USER_AGENT_UNSPECIFIED,0
https://stats47.jp/tag/%E7%94%9F%E6%B4%BB%E8%B2%BB,PASS,送信して登録されました,INDEXING_ALLOWED,ALLOWED,2026-09-17T08:46:20Z,SUCCESSFUL,https://stats47.jp/tag/%E7%94%9F%E6%B4%BB%E8%B2%BB,https://stats47.jp/tag/%E7%94%9F%E6%B4%BB%E8%B2%BB,MOBILE,2
https://stats47.jp/tag/%E7%94%A3%E6%A5%AD%E6%A7%8B%E9%80%A0,PASS,送信して登録されました,INDEXING_ALLOWED,ALLOWED,2026-08-24T11:32:51Z,SUCCESSFUL,https://stats47.jp/tag/%E7%94%A3%E6%A5%AD%E6%A7%8B%E9%80%A0,https://stats47.jp/tag/%E7%94%A3%E6%A5%AD%E6%A7%8B%E9%80%A0,MOBILE,1
https://stats47.jp/tag/%E7%A4%BE%E4%BC%9A%E4%BF%9D%E9%9A%9C,NEUTRAL,見つかりませんでした（404）,INDEXING_STATE_UNSPECIFIED,ALLOWED,2026-06-26T17:42:50Z,NOT_FOUND,,,MOBILE,3
https://stats47.jp/tag/%E7%B4%8D%E8%B1%86,NEUTRAL,見つかりませんでした（404）,INDEXING_STATE_UNSPECIFIED,ALLOWED,2026-07-22T16:01:51Z,NOT_FOUND,,,MOBILE,2
https://stats47.jp/tag/%E7%B5%8C%E6%B8%88,PASS,送信して登録されました,INDEXING_ALLOWED,ALLOWED,2026-09-16T13:25:12Z,SUCCESSFUL,https://stats47.jp/tag/%E7%B5%8C%E6%B8%88,https://stats47.jp/tag/%E7%B5%8C%E6%B8%88,MOBILE,3
https://stats47.jp/tag/%E8%A3%BD%E9%80%A0%E6%A5%AD,PASS,送信して登録されました,INDEXING_ALLOWED,ALLOWED,2026-09-17T20:06:26Z,SUCCESSFUL,https://stats47.jp/tag/%E8%A3%BD%E9%80%A0%E6%A5%AD,https://stats47.jp/tag/%E8%A3%BD%E9%80%A0%E6%A5%AD,MOBILE,1
https://stats47.jp/tag/%E8%A6%B3%E5%85%89,NEUTRAL,見つかりませんでした（404）,INDEXING_STATE_UNSPECIFIED,ALLOWED,2026-06-11T08:13:06Z,NOT_FOUND,,,MOBILE,1
https://stats47.jp/tag/%E8%B2%A1%E6%94%BF,NEUTRAL,見つかりませんでした（404）,INDEXING_STATE_UNSPECIFIED,ALLOWED,2026-06-04T08:11:14Z,NOT_FOUND,,,MOBILE,2
https://stats47.jp/tag/%E8%B3%83%E9%87%91,NEUTRAL,見つかりませんでした（404）,INDEXING_STATE_UNSPECIFIED,ALLOWED,2026-06-04T15:04:35Z,NOT_FOUND,,,MOBILE,2
https://stats47.jp/tag/%E8%B3%83%E9%87%91%E6%A7%8B%E9%80%A0%E5%9F%BA%E6%9C%AC%E7%B5%B1%E8%A8%88%E8%AA%BF%E6%9F%BB,PASS,送信して登録されました,INDEXING_ALLOWED,ALLOWED,2026-09-13T06:18:44Z,SUCCESSFUL,https://stats47.jp/tag/%E8%B3%83%E9%87%91%E6%A7%8B%E9%80%A0%E5%9F%BA%E6%9C%AC%E7%B5%B1%E8%A8%88%E8%AA%BF%E6%9F%BB,https://stats47.jp/tag/%E8%B3%83%E9%87%91%E6%A7%8B%E9%80%A0%E5%9F%BA%E6%9C%AC%E7%B5%B1%E8%A8%88%E8%AA%BF%E6%9F%BB,MOBILE,1
https://stats47.jp/tag/%E8%BB%A2%E8%81%B7,NEUTRAL,見つかりませんでした（404）,INDEXING_STATE_UNSPECIFIED,ALLOWED,2026-07-09T12:14:14Z,NOT_FOUND,,,MOBILE,1
https://stats47.jp/tag/%E8%BE%B2%E6%A5%AD,PASS,送信して登録されました,INDEXING_ALLOWED,ALLOWED,2026-08-03T19:18:12Z,SUCCESSFUL,https://stats47.jp/tag/%E8%BE%B2%E6%A5%AD,https://stats47.jp/tag/%E8%BE%B2%E6%A5%AD,MOBILE,2
https://stats47.jp/tag/%E9%83%BD%E9%81%93%E5%BA%9C%E7%9C%8C,NEUTRAL,見つかりませんでした（404）,INDEXING_STATE_UNSPECIFIED,ALLOWED,2026-06-04T05:55:03Z,NOT_FOUND,,,MOBILE,1
https://stats47.jp/tag/%E9%83%BD%E9%81%93%E5%BA%9C%E7%9C%8C%E3%83%A9%E3%83%B3%E3%82%AD%E3%83%B3%E3%82%B0,NEUTRAL,見つかりませんでした（404）,INDEXING_STATE_UNSPECIFIED,ALLOWED,2026-06-02T03:57:42Z,NOT_FOUND,,,MOBILE,2
https://stats47.jp/tag/%E9%83%BD%E9%81%93%E5%BA%9C%E7%9C%8C%E5%88%A5,PASS,送信して登録されました,INDEXING_ALLOWED,ALLOWED,2026-09-07T19:17:06Z,SUCCESSFUL,https://stats47.jp/tag/%E9%83%BD%E9%81%93%E5%BA%9C%E7%9C%8C%E5%88%A5,https://stats47.jp/tag/%E9%83%BD%E9%81%93%E5%BA%9C%E7%9C%8C%E5%88%A5,MOBILE,2
https://stats47.jp/tag/%E9%83%BD%E9%81%93%E5%BA%9C%E7%9C%8C%E6%A0%BC%E5%B7%AE,PASS,送信して登録されました,INDEXING_ALLOWED,ALLOWED,2026-10-03T17:11:06Z,SUCCESSFUL,https://stats47.jp/tag/%E9%83%BD%E9%81%93%E5%BA%9C%E7%9C%8C%E6%A0%BC%E5%B7%AE,https://stats47.jp/tag/%E9%83%BD%E9%81%93%E5%BA%9C%E7%9C%8C%E6%A0%BC%E5%B7%AE,MOBILE,2
https://stats47.jp/tag/%E9%A3%9F%E6%96%87%E5%8C%96,PASS,送信して登録されました,INDEXING_ALLOWED,ALLOWED,2026-09-07T19:16:11Z,SUCCESSFUL,https://stats47.jp/tag/%E9%A3%9F%E6%96%87%E5%8C%96,https://stats47.jp/tag/%E9%A3%9F%E6%96%87%E5%8C%96,MOBILE,1
https://stats47.jp/tag/%E9%A3%9F%E7%94%9F%E6%B4%BB,PASS,送信して登録されました,INDEXING_ALLOWED,ALLOWED,2026-08-14T06:05:34Z,SUCCESSFUL,https://stats47.jp/tag/%E9%A3%9F%E7%94%9F%E6%B4%BB,https://stats47.jp/tag/%E9%A3%9F%E7%94%9F%E6%B4%BB,MOBILE,1
https://stats47.jp/tag/%E9%A3%9F%E8%B2%BB,NEUTRAL,見つかりませんでした（404）,INDEXING_STATE_UNSPECIFIED,ALLOWED,2026-06-26T11:15:51Z,NOT_FOUND,,,MOBILE,1
https://stats47.jp/tag/%E9%AB%98%E9%BD%A2%E5%8C%96,NEUTRAL,見つかりませんでした（404）,INDEXING_STATE_UNSPECIFIED,ALLOWED,2026-05-06T03:19:55Z,NOT_FOUND,,,MOBILE,1
https://stats47.jp/ranking/university-advancement,NEUTRAL,ソフト 404,INDEXING_ALLOWED,ALLOWED,2026-06-13T07:34:06Z,SUCCESSFUL,,https://stats47.jp/ranking,MOBILE,1
https://stats47.jp/ranking/university-graduates,NEUTRAL,URL が Google に認識されていません,INDEXING_STATE_UNSPECIFIED,ROBOTS_TXT_STATE_UNSPECIFIED,,PAGE_FETCH_STATE_UNSPECIFIED,,,,0
https://stats47.jp/ranking/university-student-count,NEUTRAL,URL が Google に認識されていません,INDEXING_STATE_UNSPECIFIED,ROBOTS_TXT_STATE_UNSPECIFIED,,PAGE_FETCH_STATE_UNSPECIFIED,,,,0
https://stats47.jp/ranking/university-teacher-count,NEUTRAL,URL が Google に認識されていません,INDEXING_STATE_UNSPECIFIED,ROBOTS_TXT_STATE_UNSPECIFIED,,PAGE_FETCH_STATE_UNSPECIFIED,,,,0
