url,verdict,coverageState,indexingState,robotsTxtState,lastCrawlTime,pageFetchState,googleCanonical,userCanonical,crawledAs,referringUrls
https://stats47.jp/municipalities/ranking/retail-store-count,NEUTRAL,検出 - インデックス未登録,INDEXING_STATE_UNSPECIFIED,ROBOTS_TXT_STATE_UNSPECIFIED,,PAGE_FETCH_STATE_UNSPECIFIED,,,CRAWLING_USER_AGENT_UNSPECIFIED,0
https://stats47.jp/municipalities/ranking/retail-store-count-per-1000,NEUTRAL,検出 - インデックス未登録,INDEXING_STATE_UNSPECIFIED,ROBOTS_TXT_STATE_UNSPECIFIED,,PAGE_FETCH_STATE_UNSPECIFIED,,,CRAWLING_USER_AGENT_UNSPECIFIED,0
https://stats47.jp/municipalities/ranking/retail-stores-per,NEUTRAL,検出 - インデックス未登録,INDEXING_STATE_UNSPECIFIED,ROBOTS_TXT_STATE_UNSPECIFIED,,PAGE_FETCH_STATE_UNSPECIFIED,,,CRAWLING_USER_AGENT_UNSPECIFIED,0
https://stats47.jp/municipalities/ranking/sales-amount-private,NEUTRAL,検出 - インデックス未登録,INDEXING_STATE_UNSPECIFIED,ROBOTS_TXT_STATE_UNSPECIFIED,,PAGE_FETCH_STATE_UNSPECIFIED,,,CRAWLING_USER_AGENT_UNSPECIFIED,0
https://stats47.jp/municipalities/ranking/sanitation-expense-municipal,NEUTRAL,検出 - インデックス未登録,INDEXING_STATE_UNSPECIFIED,ROBOTS_TXT_STATE_UNSPECIFIED,,PAGE_FETCH_STATE_UNSPECIFIED,,,CRAWLING_USER_AGENT_UNSPECIFIED,0
https://stats47.jp/municipalities/ranking/single-mother-households,NEUTRAL,検出 - インデックス未登録,INDEXING_STATE_UNSPECIFIED,ROBOTS_TXT_STATE_UNSPECIFIED,,PAGE_FETCH_STATE_UNSPECIFIED,,,CRAWLING_USER_AGENT_UNSPECIFIED,0
https://stats47.jp/municipalities/ranking/single-person-household-old-population-ratio,NEUTRAL,URL が Google に認識されていません,INDEXING_STATE_UNSPECIFIED,ROBOTS_TXT_STATE_UNSPECIFIED,,PAGE_FETCH_STATE_UNSPECIFIED,,,,0
https://stats47.jp/municipalities/ranking/solar-power-housing,NEUTRAL,検出 - インデックス未登録,INDEXING_STATE_UNSPECIFIED,ROBOTS_TXT_STATE_UNSPECIFIED,,PAGE_FETCH_STATE_UNSPECIFIED,,,CRAWLING_USER_AGENT_UNSPECIFIED,0
https://stats47.jp/municipalities/ranking/standard-fiscal-demand-municipality,NEUTRAL,検出 - インデックス未登録,INDEXING_STATE_UNSPECIFIED,ROBOTS_TXT_STATE_UNSPECIFIED,,PAGE_FETCH_STATE_UNSPECIFIED,,,CRAWLING_USER_AGENT_UNSPECIFIED,0
https://stats47.jp/municipalities/ranking/taxpayer-count-equal,NEUTRAL,検出 - インデックス未登録,INDEXING_STATE_UNSPECIFIED,ROBOTS_TXT_STATE_UNSPECIFIED,,PAGE_FETCH_STATE_UNSPECIFIED,,,CRAWLING_USER_AGENT_UNSPECIFIED,0
https://stats47.jp/municipalities/ranking/taxpayer-count-income,NEUTRAL,検出 - インデックス未登録,INDEXING_STATE_UNSPECIFIED,ROBOTS_TXT_STATE_UNSPECIFIED,,PAGE_FETCH_STATE_UNSPECIFIED,,,CRAWLING_USER_AGENT_UNSPECIFIED,0
https://stats47.jp/municipalities/ranking/total-area-excluding-northern-territories-and-takeshima,NEUTRAL,検出 - インデックス未登録,INDEXING_STATE_UNSPECIFIED,ROBOTS_TXT_STATE_UNSPECIFIED,,PAGE_FETCH_STATE_UNSPECIFIED,,,CRAWLING_USER_AGENT_UNSPECIFIED,0
https://stats47.jp/municipalities/ranking/total-area-prefecture-ratio,NEUTRAL,URL が Google に認識されていません,INDEXING_STATE_UNSPECIFIED,ROBOTS_TXT_STATE_UNSPECIFIED,,PAGE_FETCH_STATE_UNSPECIFIED,,,,0
https://stats47.jp/municipalities/ranking/total-assessed-land-area,NEUTRAL,URL が Google に認識されていません,INDEXING_STATE_UNSPECIFIED,ROBOTS_TXT_STATE_UNSPECIFIED,,PAGE_FETCH_STATE_UNSPECIFIED,,,,0
https://stats47.jp/municipalities/ranking/total-population,NEUTRAL,検出 - インデックス未登録,INDEXING_STATE_UNSPECIFIED,ROBOTS_TXT_STATE_UNSPECIFIED,,PAGE_FETCH_STATE_UNSPECIFIED,,,CRAWLING_USER_AGENT_UNSPECIFIED,1
https://stats47.jp/municipalities/ranking/traffic-accident-count,NEUTRAL,検出 - インデックス未登録,INDEXING_STATE_UNSPECIFIED,ROBOTS_TXT_STATE_UNSPECIFIED,,PAGE_FETCH_STATE_UNSPECIFIED,,,CRAWLING_USER_AGENT_UNSPECIFIED,0
https://stats47.jp/municipalities/ranking/traffic-accident-per-100k,NEUTRAL,検出 - インデックス未登録,INDEXING_STATE_UNSPECIFIED,ROBOTS_TXT_STATE_UNSPECIFIED,,PAGE_FETCH_STATE_UNSPECIFIED,,,CRAWLING_USER_AGENT_UNSPECIFIED,0
https://stats47.jp/municipalities/ranking/unemployment-rate,NEUTRAL,検出 - インデックス未登録,INDEXING_STATE_UNSPECIFIED,ROBOTS_TXT_STATE_UNSPECIFIED,,PAGE_FETCH_STATE_UNSPECIFIED,,,CRAWLING_USER_AGENT_UNSPECIFIED,1
https://stats47.jp/municipalities/ranking/urban-planning-area,NEUTRAL,検出 - インデックス未登録,INDEXING_STATE_UNSPECIFIED,ROBOTS_TXT_STATE_UNSPECIFIED,,PAGE_FETCH_STATE_UNSPECIFIED,,,CRAWLING_USER_AGENT_UNSPECIFIED,1
https://stats47.jp/municipalities/ranking/vacant-housing-ratio,NEUTRAL,検出 - インデックス未登録,INDEXING_STATE_UNSPECIFIED,ROBOTS_TXT_STATE_UNSPECIFIED,,PAGE_FETCH_STATE_UNSPECIFIED,,,CRAWLING_USER_AGENT_UNSPECIFIED,0
https://stats47.jp/municipalities/ranking/workers-agriculture-forestry-fishery,NEUTRAL,検出 - インデックス未登録,INDEXING_STATE_UNSPECIFIED,ROBOTS_TXT_STATE_UNSPECIFIED,,PAGE_FETCH_STATE_UNSPECIFIED,,,CRAWLING_USER_AGENT_UNSPECIFIED,0
https://stats47.jp/municipalities/themes/agriculture-forestry,NEUTRAL,URL が Google に認識されていません,INDEXING_STATE_UNSPECIFIED,ROBOTS_TXT_STATE_UNSPECIFIED,,PAGE_FETCH_STATE_UNSPECIFIED,,,,0
https://stats47.jp/municipalities/themes/commerce,NEUTRAL,検出 - インデックス未登録,INDEXING_STATE_UNSPECIFIED,ROBOTS_TXT_STATE_UNSPECIFIED,,PAGE_FETCH_STATE_UNSPECIFIED,,,CRAWLING_USER_AGENT_UNSPECIFIED,0
https://stats47.jp/municipalities/themes/households,NEUTRAL,検出 - インデックス未登録,INDEXING_STATE_UNSPECIFIED,ROBOTS_TXT_STATE_UNSPECIFIED,,PAGE_FETCH_STATE_UNSPECIFIED,,,CRAWLING_USER_AGENT_UNSPECIFIED,0
https://stats47.jp/municipalities/themes/housing,NEUTRAL,検出 - インデックス未登録,INDEXING_STATE_UNSPECIFIED,ROBOTS_TXT_STATE_UNSPECIFIED,,PAGE_FETCH_STATE_UNSPECIFIED,,,CRAWLING_USER_AGENT_UNSPECIFIED,0
https://stats47.jp/municipalities/themes/manufacturing,NEUTRAL,検出 - インデックス未登録,INDEXING_STATE_UNSPECIFIED,ROBOTS_TXT_STATE_UNSPECIFIED,,PAGE_FETCH_STATE_UNSPECIFIED,,,CRAWLING_USER_AGENT_UNSPECIFIED,0
https://stats47.jp/municipalities/themes/migration,NEUTRAL,検出 - インデックス未登録,INDEXING_STATE_UNSPECIFIED,ROBOTS_TXT_STATE_UNSPECIFIED,,PAGE_FETCH_STATE_UNSPECIFIED,,,CRAWLING_USER_AGENT_UNSPECIFIED,0
https://stats47.jp/municipalities/themes/population,NEUTRAL,検出 - インデックス未登録,INDEXING_STATE_UNSPECIFIED,ROBOTS_TXT_STATE_UNSPECIFIED,,PAGE_FETCH_STATE_UNSPECIFIED,,,CRAWLING_USER_AGENT_UNSPECIFIED,1
https://stats47.jp/municipalities/themes/safety-environment,NEUTRAL,検出 - インデックス未登録,INDEXING_STATE_UNSPECIFIED,ROBOTS_TXT_STATE_UNSPECIFIED,,PAGE_FETCH_STATE_UNSPECIFIED,,,CRAWLING_USER_AGENT_UNSPECIFIED,0
https://stats47.jp/products/data-p-06,PASS,送信して登録されました,INDEXING_ALLOWED,ALLOWED,2026-10-06T02:55:42Z,SUCCESSFUL,https://stats47.jp/products/data-p-06,https://stats47.jp/products/data-p-06,MOBILE,2
https://stats47.jp/products/kindle-k-s1-02,PASS,送信して登録されました,INDEXING_ALLOWED,ALLOWED,2026-10-05T18:25:59Z,SUCCESSFUL,https://stats47.jp/products/kindle-k-s1-02,https://stats47.jp/products/kindle-k-s1-02,MOBILE,2
https://stats47.jp/products/kindle-k-s1-06,PASS,送信して登録されました,INDEXING_ALLOWED,ALLOWED,2026-10-06T10:18:52Z,SUCCESSFUL,https://stats47.jp/products/kindle-k-s1-06,https://stats47.jp/products/kindle-k-s1-06,MOBILE,1
https://stats47.jp/products/kindle-k-s1-07,PASS,送信して登録されました,INDEXING_ALLOWED,ALLOWED,2026-10-06T16:10:35Z,SUCCESSFUL,https://stats47.jp/products/kindle-k-s1-07,https://stats47.jp/products/kindle-k-s1-07,MOBILE,2
https://stats47.jp/products/kindle-k-s1-09,PASS,送信して登録されました,INDEXING_ALLOWED,ALLOWED,2026-10-05T12:18:38Z,SUCCESSFUL,https://stats47.jp/products/kindle-k-s1-09,https://stats47.jp/products/kindle-k-s1-09,MOBILE,1
https://stats47.jp/products/kindle-k-s1-10,NEUTRAL,検出 - インデックス未登録,INDEXING_STATE_UNSPECIFIED,ROBOTS_TXT_STATE_UNSPECIFIED,,PAGE_FETCH_STATE_UNSPECIFIED,,,CRAWLING_USER_AGENT_UNSPECIFIED,2
https://stats47.jp/products/service-geo-service-01,NEUTRAL,検出 - インデックス未登録,INDEXING_STATE_UNSPECIFIED,ROBOTS_TXT_STATE_UNSPECIFIED,,PAGE_FETCH_STATE_UNSPECIFIED,,,CRAWLING_USER_AGENT_UNSPECIFIED,1
https://stats47.jp/ranking/abandoned-cultivated-land-area,NEUTRAL,検出 - インデックス未登録,INDEXING_STATE_UNSPECIFIED,ROBOTS_TXT_STATE_UNSPECIFIED,,PAGE_FETCH_STATE_UNSPECIFIED,,,CRAWLING_USER_AGENT_UNSPECIFIED,3
https://stats47.jp/ranking/active-job-opening-ratio,NEUTRAL,検出 - インデックス未登録,INDEXING_STATE_UNSPECIFIED,ROBOTS_TXT_STATE_UNSPECIFIED,,PAGE_FETCH_STATE_UNSPECIFIED,,,CRAWLING_USER_AGENT_UNSPECIFIED,3
https://stats47.jp/ranking/age-specific-death-rate-0-4-per-1000,NEUTRAL,検出 - インデックス未登録,INDEXING_STATE_UNSPECIFIED,ROBOTS_TXT_STATE_UNSPECIFIED,,PAGE_FETCH_STATE_UNSPECIFIED,,,CRAWLING_USER_AGENT_UNSPECIFIED,3
https://stats47.jp/ranking/aging-index,NEUTRAL,検出 - インデックス未登録,INDEXING_STATE_UNSPECIFIED,ROBOTS_TXT_STATE_UNSPECIFIED,,PAGE_FETCH_STATE_UNSPECIFIED,,,CRAWLING_USER_AGENT_UNSPECIFIED,3
https://stats47.jp/ranking/agricultural-farm-count,NEUTRAL,URL が Google に認識されていません,INDEXING_STATE_UNSPECIFIED,ROBOTS_TXT_STATE_UNSPECIFIED,,PAGE_FETCH_STATE_UNSPECIFIED,,,,0
https://stats47.jp/ranking/agricultural-land-conversion-area,NEUTRAL,検出 - インデックス未登録,INDEXING_STATE_UNSPECIFIED,ROBOTS_TXT_STATE_UNSPECIFIED,,PAGE_FETCH_STATE_UNSPECIFIED,,,CRAWLING_USER_AGENT_UNSPECIFIED,3
https://stats47.jp/ranking/agricultural-output,NEUTRAL,検出 - インデックス未登録,INDEXING_STATE_UNSPECIFIED,ROBOTS_TXT_STATE_UNSPECIFIED,,PAGE_FETCH_STATE_UNSPECIFIED,,,CRAWLING_USER_AGENT_UNSPECIFIED,3
https://stats47.jp/ranking/air-cargo-transport,NEUTRAL,検出 - インデックス未登録,INDEXING_STATE_UNSPECIFIED,ROBOTS_TXT_STATE_UNSPECIFIED,,PAGE_FETCH_STATE_UNSPECIFIED,,,CRAWLING_USER_AGENT_UNSPECIFIED,3
https://stats47.jp/ranking/air-passenger-transport,NEUTRAL,検出 - インデックス未登録,INDEXING_STATE_UNSPECIFIED,ROBOTS_TXT_STATE_UNSPECIFIED,,PAGE_FETCH_STATE_UNSPECIFIED,,,CRAWLING_USER_AGENT_UNSPECIFIED,3
https://stats47.jp/ranking/annual-cloudy-days,NEUTRAL,検出 - インデックス未登録,INDEXING_STATE_UNSPECIFIED,ROBOTS_TXT_STATE_UNSPECIFIED,,PAGE_FETCH_STATE_UNSPECIFIED,,,CRAWLING_USER_AGENT_UNSPECIFIED,2
https://stats47.jp/ranking/annual-emergency-dispatches-per-1000,NEUTRAL,検出 - インデックス未登録,INDEXING_STATE_UNSPECIFIED,ROBOTS_TXT_STATE_UNSPECIFIED,,PAGE_FETCH_STATE_UNSPECIFIED,,,CRAWLING_USER_AGENT_UNSPECIFIED,2
https://stats47.jp/ranking/annual-new-inpatients-general-hospital-per-100k,NEUTRAL,検出 - インデックス未登録,INDEXING_STATE_UNSPECIFIED,ROBOTS_TXT_STATE_UNSPECIFIED,,PAGE_FETCH_STATE_UNSPECIFIED,,,CRAWLING_USER_AGENT_UNSPECIFIED,3
https://stats47.jp/ranking/annual-new-inpatients-psychiatric-hospital-per-100k,NEUTRAL,URL が Google に認識されていません,INDEXING_STATE_UNSPECIFIED,ROBOTS_TXT_STATE_UNSPECIFIED,,PAGE_FETCH_STATE_UNSPECIFIED,,,,0
https://stats47.jp/ranking/annual-precipitation,NEUTRAL,検出 - インデックス未登録,INDEXING_STATE_UNSPECIFIED,ROBOTS_TXT_STATE_UNSPECIFIED,,PAGE_FETCH_STATE_UNSPECIFIED,,,CRAWLING_USER_AGENT_UNSPECIFIED,3
https://stats47.jp/ranking/annual-precipitation-days,NEUTRAL,検出 - インデックス未登録,INDEXING_STATE_UNSPECIFIED,ROBOTS_TXT_STATE_UNSPECIFIED,,PAGE_FETCH_STATE_UNSPECIFIED,,,CRAWLING_USER_AGENT_UNSPECIFIED,3
https://stats47.jp/ranking/annual-sales-amount,NEUTRAL,検出 - インデックス未登録,INDEXING_STATE_UNSPECIFIED,ROBOTS_TXT_STATE_UNSPECIFIED,,PAGE_FETCH_STATE_UNSPECIFIED,,,CRAWLING_USER_AGENT_UNSPECIFIED,3
https://stats47.jp/ranking/annual-sales-amount-per-establishment,NEUTRAL,検出 - インデックス未登録,INDEXING_STATE_UNSPECIFIED,ROBOTS_TXT_STATE_UNSPECIFIED,,PAGE_FETCH_STATE_UNSPECIFIED,,,CRAWLING_USER_AGENT_UNSPECIFIED,3
https://stats47.jp/ranking/apartment-ratio,NEUTRAL,検出 - インデックス未登録,INDEXING_STATE_UNSPECIFIED,ROBOTS_TXT_STATE_UNSPECIFIED,,PAGE_FETCH_STATE_UNSPECIFIED,,,CRAWLING_USER_AGENT_UNSPECIFIED,3
https://stats47.jp/ranking/assistance-expenditure-ratio-pref-finance,NEUTRAL,検出 - インデックス未登録,INDEXING_STATE_UNSPECIFIED,ROBOTS_TXT_STATE_UNSPECIFIED,,PAGE_FETCH_STATE_UNSPECIFIED,,,CRAWLING_USER_AGENT_UNSPECIFIED,2
https://stats47.jp/ranking/assistance-expenses-prefecture,NEUTRAL,検出 - インデックス未登録,INDEXING_STATE_UNSPECIFIED,ROBOTS_TXT_STATE_UNSPECIFIED,,PAGE_FETCH_STATE_UNSPECIFIED,,,CRAWLING_USER_AGENT_UNSPECIFIED,3
https://stats47.jp/ranking/average-broadcast-media-consumption-time-employed-man,NEUTRAL,検出 - インデックス未登録,INDEXING_STATE_UNSPECIFIED,ROBOTS_TXT_STATE_UNSPECIFIED,,PAGE_FETCH_STATE_UNSPECIFIED,,,CRAWLING_USER_AGENT_UNSPECIFIED,3
https://stats47.jp/ranking/average-height-middle-school-second-grade-male,NEUTRAL,URL が Google に認識されていません,INDEXING_STATE_UNSPECIFIED,ROBOTS_TXT_STATE_UNSPECIFIED,,PAGE_FETCH_STATE_UNSPECIFIED,,,,0
https://stats47.jp/ranking/average-life-expectancy-female-20,NEUTRAL,URL が Google に認識されていません,INDEXING_STATE_UNSPECIFIED,ROBOTS_TXT_STATE_UNSPECIFIED,,PAGE_FETCH_STATE_UNSPECIFIED,,,,0
https://stats47.jp/ranking/average-life-expectancy-female-65,NEUTRAL,検出 - インデックス未登録,INDEXING_STATE_UNSPECIFIED,ROBOTS_TXT_STATE_UNSPECIFIED,,PAGE_FETCH_STATE_UNSPECIFIED,,,CRAWLING_USER_AGENT_UNSPECIFIED,3
https://stats47.jp/ranking/average-life-expectancy-male,NEUTRAL,検出 - インデックス未登録,INDEXING_STATE_UNSPECIFIED,ROBOTS_TXT_STATE_UNSPECIFIED,,PAGE_FETCH_STATE_UNSPECIFIED,,,CRAWLING_USER_AGENT_UNSPECIFIED,3
https://stats47.jp/ranking/average-payment-amount-of-workers-compensation-insurance-benefits,NEUTRAL,検出 - インデックス未登録,INDEXING_STATE_UNSPECIFIED,ROBOTS_TXT_STATE_UNSPECIFIED,,PAGE_FETCH_STATE_UNSPECIFIED,,,CRAWLING_USER_AGENT_UNSPECIFIED,3
https://stats47.jp/ranking/average-relative-humidity,NEUTRAL,検出 - インデックス未登録,INDEXING_STATE_UNSPECIFIED,ROBOTS_TXT_STATE_UNSPECIFIED,,PAGE_FETCH_STATE_UNSPECIFIED,,,CRAWLING_USER_AGENT_UNSPECIFIED,3
https://stats47.jp/ranking/average-road-traffic-volume,NEUTRAL,URL が Google に認識されていません,INDEXING_STATE_UNSPECIFIED,ROBOTS_TXT_STATE_UNSPECIFIED,,PAGE_FETCH_STATE_UNSPECIFIED,,,,0
https://stats47.jp/ranking/average-temperature,NEUTRAL,検出 - インデックス未登録,INDEXING_STATE_UNSPECIFIED,ROBOTS_TXT_STATE_UNSPECIFIED,,PAGE_FETCH_STATE_UNSPECIFIED,,,CRAWLING_USER_AGENT_UNSPECIFIED,3
https://stats47.jp/ranking/average-weight-high-school-second-grade-male,NEUTRAL,検出 - インデックス未登録,INDEXING_STATE_UNSPECIFIED,ROBOTS_TXT_STATE_UNSPECIFIED,,PAGE_FETCH_STATE_UNSPECIFIED,,,CRAWLING_USER_AGENT_UNSPECIFIED,3
https://stats47.jp/ranking/average-weight-primary-school-fifth-grade-male,NEUTRAL,URL が Google に認識されていません,INDEXING_STATE_UNSPECIFIED,ROBOTS_TXT_STATE_UNSPECIFIED,,PAGE_FETCH_STATE_UNSPECIFIED,,,,0
https://stats47.jp/ranking/avg-daily-inpatients-general-hospital-per-100k,NEUTRAL,URL が Google に認識されていません,INDEXING_STATE_UNSPECIFIED,ROBOTS_TXT_STATE_UNSPECIFIED,,PAGE_FETCH_STATE_UNSPECIFIED,,,,0
https://stats47.jp/ranking/avg-daily-inpatients-psychiatric-hospital-per-100k,NEUTRAL,検出 - インデックス未登録,INDEXING_STATE_UNSPECIFIED,ROBOTS_TXT_STATE_UNSPECIFIED,,PAGE_FETCH_STATE_UNSPECIFIED,,,CRAWLING_USER_AGENT_UNSPECIFIED,3
https://stats47.jp/ranking/avg-daily-outpatients-general-hospital-per-100k,NEUTRAL,検出 - インデックス未登録,INDEXING_STATE_UNSPECIFIED,ROBOTS_TXT_STATE_UNSPECIFIED,,PAGE_FETCH_STATE_UNSPECIFIED,,,CRAWLING_USER_AGENT_UNSPECIFIED,2
https://stats47.jp/ranking/avg-daily-outpatients-psychiatric-hospital-per-100k,NEUTRAL,検出 - インデックス未登録,INDEXING_STATE_UNSPECIFIED,ROBOTS_TXT_STATE_UNSPECIFIED,,PAGE_FETCH_STATE_UNSPECIFIED,,,CRAWLING_USER_AGENT_UNSPECIFIED,3
https://stats47.jp/ranking/barber-beauty-salon-count-per-100k,NEUTRAL,検出 - インデックス未登録,INDEXING_STATE_UNSPECIFIED,ROBOTS_TXT_STATE_UNSPECIFIED,,PAGE_FETCH_STATE_UNSPECIFIED,,,CRAWLING_USER_AGENT_UNSPECIFIED,2
https://stats47.jp/ranking/births,NEUTRAL,URL が Google に認識されていません,INDEXING_STATE_UNSPECIFIED,ROBOTS_TXT_STATE_UNSPECIFIED,,PAGE_FETCH_STATE_UNSPECIFIED,,,,0
https://stats47.jp/ranking/block-park-count-per-100km2,NEUTRAL,URL が Google に認識されていません,INDEXING_STATE_UNSPECIFIED,ROBOTS_TXT_STATE_UNSPECIFIED,,PAGE_FETCH_STATE_UNSPECIFIED,,,,0
https://stats47.jp/ranking/book-magazine-retail-annual-sales-per-capita,NEUTRAL,検出 - インデックス未登録,INDEXING_STATE_UNSPECIFIED,ROBOTS_TXT_STATE_UNSPECIFIED,,PAGE_FETCH_STATE_UNSPECIFIED,,,CRAWLING_USER_AGENT_UNSPECIFIED,3
https://stats47.jp/ranking/building-fire-count,NEUTRAL,検出 - インデックス未登録,INDEXING_STATE_UNSPECIFIED,ROBOTS_TXT_STATE_UNSPECIFIED,,PAGE_FETCH_STATE_UNSPECIFIED,,,CRAWLING_USER_AGENT_UNSPECIFIED,3
https://stats47.jp/ranking/building-fire-count-per-100-thousand-people,NEUTRAL,検出 - インデックス未登録,INDEXING_STATE_UNSPECIFIED,ROBOTS_TXT_STATE_UNSPECIFIED,,PAGE_FETCH_STATE_UNSPECIFIED,,,CRAWLING_USER_AGENT_UNSPECIFIED,3
https://stats47.jp/ranking/building-fire-damage-amount-per-building-fire,NEUTRAL,検出 - インデックス未登録,INDEXING_STATE_UNSPECIFIED,ROBOTS_TXT_STATE_UNSPECIFIED,,PAGE_FETCH_STATE_UNSPECIFIED,,,CRAWLING_USER_AGENT_UNSPECIFIED,3
https://stats47.jp/ranking/building-fire-damage-amount-per-person,NEUTRAL,検出 - インデックス未登録,INDEXING_STATE_UNSPECIFIED,ROBOTS_TXT_STATE_UNSPECIFIED,,PAGE_FETCH_STATE_UNSPECIFIED,,,CRAWLING_USER_AGENT_UNSPECIFIED,2
https://stats47.jp/ranking/bus-operators,NEUTRAL,検出 - インデックス未登録,INDEXING_STATE_UNSPECIFIED,ROBOTS_TXT_STATE_UNSPECIFIED,,PAGE_FETCH_STATE_UNSPECIFIED,,,CRAWLING_USER_AGENT_UNSPECIFIED,3
https://stats47.jp/ranking/certified-childcare-center-education-cost-per-student,NEUTRAL,URL が Google に認識されていません,INDEXING_STATE_UNSPECIFIED,ROBOTS_TXT_STATE_UNSPECIFIED,,PAGE_FETCH_STATE_UNSPECIFIED,,,,0
https://stats47.jp/ranking/charcoal-production,NEUTRAL,検出 - インデックス未登録,INDEXING_STATE_UNSPECIFIED,ROBOTS_TXT_STATE_UNSPECIFIED,,PAGE_FETCH_STATE_UNSPECIFIED,,,CRAWLING_USER_AGENT_UNSPECIFIED,2
https://stats47.jp/ranking/city-gas-sales-volume,NEUTRAL,検出 - インデックス未登録,INDEXING_STATE_UNSPECIFIED,ROBOTS_TXT_STATE_UNSPECIFIED,,PAGE_FETCH_STATE_UNSPECIFIED,,,CRAWLING_USER_AGENT_UNSPECIFIED,3
https://stats47.jp/ranking/city-ward-assembly-members,NEUTRAL,URL が Google に認識されていません,INDEXING_STATE_UNSPECIFIED,ROBOTS_TXT_STATE_UNSPECIFIED,,PAGE_FETCH_STATE_UNSPECIFIED,,,,0
https://stats47.jp/ranking/commerce-industry-expenditure-ratio-pref-finance,NEUTRAL,URL が Google に認識されていません,INDEXING_STATE_UNSPECIFIED,ROBOTS_TXT_STATE_UNSPECIFIED,,PAGE_FETCH_STATE_UNSPECIFIED,,,,0
https://stats47.jp/ranking/commercial-and-neighborhood-commercial-area-ratio,NEUTRAL,検出 - インデックス未登録,INDEXING_STATE_UNSPECIFIED,ROBOTS_TXT_STATE_UNSPECIFIED,,PAGE_FETCH_STATE_UNSPECIFIED,,,CRAWLING_USER_AGENT_UNSPECIFIED,2
https://stats47.jp/ranking/community-sports-facility-count-per-million,NEUTRAL,検出 - インデックス未登録,INDEXING_STATE_UNSPECIFIED,ROBOTS_TXT_STATE_UNSPECIFIED,,PAGE_FETCH_STATE_UNSPECIFIED,,,CRAWLING_USER_AGENT_UNSPECIFIED,3
https://stats47.jp/ranking/compulsory-education-school-count-per-100k-6-14,NEUTRAL,検出 - インデックス未登録,INDEXING_STATE_UNSPECIFIED,ROBOTS_TXT_STATE_UNSPECIFIED,,PAGE_FETCH_STATE_UNSPECIFIED,,,CRAWLING_USER_AGENT_UNSPECIFIED,3
https://stats47.jp/ranking/construction-industry-count,NEUTRAL,検出 - インデックス未登録,INDEXING_STATE_UNSPECIFIED,ROBOTS_TXT_STATE_UNSPECIFIED,,PAGE_FETCH_STATE_UNSPECIFIED,,,CRAWLING_USER_AGENT_UNSPECIFIED,3
https://stats47.jp/ranking/convenience-store-count-per-100k,NEUTRAL,検出 - インデックス未登録,INDEXING_STATE_UNSPECIFIED,ROBOTS_TXT_STATE_UNSPECIFIED,,PAGE_FETCH_STATE_UNSPECIFIED,,,CRAWLING_USER_AGENT_UNSPECIFIED,3
https://stats47.jp/ranking/criminal-recognition-count-of-prostitution-crime-rate,NEUTRAL,検出 - インデックス未登録,INDEXING_STATE_UNSPECIFIED,ROBOTS_TXT_STATE_UNSPECIFIED,,PAGE_FETCH_STATE_UNSPECIFIED,,,CRAWLING_USER_AGENT_UNSPECIFIED,3
https://stats47.jp/ranking/criminal-recognition-count-of-theft-crime-rate,NEUTRAL,検出 - インデックス未登録,INDEXING_STATE_UNSPECIFIED,ROBOTS_TXT_STATE_UNSPECIFIED,,PAGE_FETCH_STATE_UNSPECIFIED,,,CRAWLING_USER_AGENT_UNSPECIFIED,3
https://stats47.jp/ranking/criminal-recognition-count-of-violent-crime-rate,NEUTRAL,検出 - インデックス未登録,INDEXING_STATE_UNSPECIFIED,ROBOTS_TXT_STATE_UNSPECIFIED,,PAGE_FETCH_STATE_UNSPECIFIED,,,CRAWLING_USER_AGENT_UNSPECIFIED,3
https://stats47.jp/ranking/crude-death-rate,NEUTRAL,検出 - インデックス未登録,INDEXING_STATE_UNSPECIFIED,ROBOTS_TXT_STATE_UNSPECIFIED,,PAGE_FETCH_STATE_UNSPECIFIED,,,CRAWLING_USER_AGENT_UNSPECIFIED,2
https://stats47.jp/ranking/cultivated-area,NEUTRAL,URL が Google に認識されていません,INDEXING_STATE_UNSPECIFIED,ROBOTS_TXT_STATE_UNSPECIFIED,,PAGE_FETCH_STATE_UNSPECIFIED,,,,0
https://stats47.jp/ranking/cultivated-land-area-per-household,NEUTRAL,検出 - インデックス未登録,INDEXING_STATE_UNSPECIFIED,ROBOTS_TXT_STATE_UNSPECIFIED,,PAGE_FETCH_STATE_UNSPECIFIED,,,CRAWLING_USER_AGENT_UNSPECIFIED,3
https://stats47.jp/ranking/cultivated-land-area-ratio,NEUTRAL,検出 - インデックス未登録,INDEXING_STATE_UNSPECIFIED,ROBOTS_TXT_STATE_UNSPECIFIED,,PAGE_FETCH_STATE_UNSPECIFIED,,,CRAWLING_USER_AGENT_UNSPECIFIED,3
https://stats47.jp/ranking/day-time-population,NEUTRAL,検出 - インデックス未登録,INDEXING_STATE_UNSPECIFIED,ROBOTS_TXT_STATE_UNSPECIFIED,,PAGE_FETCH_STATE_UNSPECIFIED,,,CRAWLING_USER_AGENT_UNSPECIFIED,3
https://stats47.jp/ranking/day-time-population-ratio,NEUTRAL,検出 - インデックス未登録,INDEXING_STATE_UNSPECIFIED,ROBOTS_TXT_STATE_UNSPECIFIED,,PAGE_FETCH_STATE_UNSPECIFIED,,,CRAWLING_USER_AGENT_UNSPECIFIED,2
https://stats47.jp/ranking/deaths-cerebrovascular-disease-per-100k,NEUTRAL,URL が Google に認識されていません,INDEXING_STATE_UNSPECIFIED,ROBOTS_TXT_STATE_UNSPECIFIED,,PAGE_FETCH_STATE_UNSPECIFIED,,,,0
https://stats47.jp/ranking/deaths-diabetes-per-100k,NEUTRAL,検出 - インデックス未登録,INDEXING_STATE_UNSPECIFIED,ROBOTS_TXT_STATE_UNSPECIFIED,,PAGE_FETCH_STATE_UNSPECIFIED,,,CRAWLING_USER_AGENT_UNSPECIFIED,3
https://stats47.jp/ranking/deaths-heart-disease-excl-hypertensive-per-100k,NEUTRAL,検出 - インデックス未登録,INDEXING_STATE_UNSPECIFIED,ROBOTS_TXT_STATE_UNSPECIFIED,,PAGE_FETCH_STATE_UNSPECIFIED,,,CRAWLING_USER_AGENT_UNSPECIFIED,3
https://stats47.jp/ranking/deaths-hypertensive-diseases-per-100k,NEUTRAL,検出 - インデックス未登録,INDEXING_STATE_UNSPECIFIED,ROBOTS_TXT_STATE_UNSPECIFIED,,PAGE_FETCH_STATE_UNSPECIFIED,,,CRAWLING_USER_AGENT_UNSPECIFIED,3
https://stats47.jp/ranking/densely-inhabited-district-population,NEUTRAL,検出 - インデックス未登録,INDEXING_STATE_UNSPECIFIED,ROBOTS_TXT_STATE_UNSPECIFIED,,PAGE_FETCH_STATE_UNSPECIFIED,,,CRAWLING_USER_AGENT_UNSPECIFIED,3
https://stats47.jp/ranking/densely-inhabited-district-population-density,NEUTRAL,検出 - インデックス未登録,INDEXING_STATE_UNSPECIFIED,ROBOTS_TXT_STATE_UNSPECIFIED,,PAGE_FETCH_STATE_UNSPECIFIED,,,CRAWLING_USER_AGENT_UNSPECIFIED,3
https://stats47.jp/ranking/densely-inhabited-district-population-ratio,NEUTRAL,検出 - インデックス未登録,INDEXING_STATE_UNSPECIFIED,ROBOTS_TXT_STATE_UNSPECIFIED,,PAGE_FETCH_STATE_UNSPECIFIED,,,CRAWLING_USER_AGENT_UNSPECIFIED,3
https://stats47.jp/ranking/densely-populated-area-ratio,NEUTRAL,検出 - インデックス未登録,INDEXING_STATE_UNSPECIFIED,ROBOTS_TXT_STATE_UNSPECIFIED,,PAGE_FETCH_STATE_UNSPECIFIED,,,CRAWLING_USER_AGENT_UNSPECIFIED,2
https://stats47.jp/ranking/dental-clinic-count-per-100km2,NEUTRAL,URL が Google に認識されていません,INDEXING_STATE_UNSPECIFIED,ROBOTS_TXT_STATE_UNSPECIFIED,,PAGE_FETCH_STATE_UNSPECIFIED,,,,0
https://stats47.jp/ranking/dentists-in-medical-facilities-per-100k,NEUTRAL,検出 - インデックス未登録,INDEXING_STATE_UNSPECIFIED,ROBOTS_TXT_STATE_UNSPECIFIED,,PAGE_FETCH_STATE_UNSPECIFIED,,,CRAWLING_USER_AGENT_UNSPECIFIED,3
https://stats47.jp/ranking/department-store-count-per-100k,NEUTRAL,URL が Google に認識されていません,INDEXING_STATE_UNSPECIFIED,ROBOTS_TXT_STATE_UNSPECIFIED,,PAGE_FETCH_STATE_UNSPECIFIED,,,,0
https://stats47.jp/ranking/deposit-balance-per-person,NEUTRAL,検出 - インデックス未登録,INDEXING_STATE_UNSPECIFIED,ROBOTS_TXT_STATE_UNSPECIFIED,,PAGE_FETCH_STATE_UNSPECIFIED,,,CRAWLING_USER_AGENT_UNSPECIFIED,3
https://stats47.jp/ranking/detached-house-ratio,NEUTRAL,検出 - インデックス未登録,INDEXING_STATE_UNSPECIFIED,ROBOTS_TXT_STATE_UNSPECIFIED,,PAGE_FETCH_STATE_UNSPECIFIED,,,CRAWLING_USER_AGENT_UNSPECIFIED,3
https://stats47.jp/ranking/disabled-job-ratio-per-1000,NEUTRAL,検出 - インデックス未登録,INDEXING_STATE_UNSPECIFIED,ROBOTS_TXT_STATE_UNSPECIFIED,,PAGE_FETCH_STATE_UNSPECIFIED,,,CRAWLING_USER_AGENT_UNSPECIFIED,3
https://stats47.jp/ranking/disaster-damage-amount-per-person,PASS,送信して登録されました,INDEXING_ALLOWED,ALLOWED,2026-09-28T00:07:18Z,SUCCESSFUL,https://stats47.jp/ranking/disaster-damage-amount-per-person,,MOBILE,3
https://stats47.jp/ranking/disaster-recovery-expenditure-ratio-pref-finance,NEUTRAL,検出 - インデックス未登録,INDEXING_STATE_UNSPECIFIED,ROBOTS_TXT_STATE_UNSPECIFIED,,PAGE_FETCH_STATE_UNSPECIFIED,,,CRAWLING_USER_AGENT_UNSPECIFIED,3
https://stats47.jp/ranking/discharged-patients,NEUTRAL,検出 - インデックス未登録,INDEXING_STATE_UNSPECIFIED,ROBOTS_TXT_STATE_UNSPECIFIED,,PAGE_FETCH_STATE_UNSPECIFIED,,,CRAWLING_USER_AGENT_UNSPECIFIED,3
https://stats47.jp/ranking/divorces,NEUTRAL,URL が Google に認識されていません,INDEXING_STATE_UNSPECIFIED,ROBOTS_TXT_STATE_UNSPECIFIED,,PAGE_FETCH_STATE_UNSPECIFIED,,,,0
https://stats47.jp/ranking/divorces-per-total-population,NEUTRAL,検出 - インデックス未登録,INDEXING_STATE_UNSPECIFIED,ROBOTS_TXT_STATE_UNSPECIFIED,,PAGE_FETCH_STATE_UNSPECIFIED,,,CRAWLING_USER_AGENT_UNSPECIFIED,3
https://stats47.jp/ranking/domestic-bank-deposit-balance,NEUTRAL,検出 - インデックス未登録,INDEXING_STATE_UNSPECIFIED,ROBOTS_TXT_STATE_UNSPECIFIED,,PAGE_FETCH_STATE_UNSPECIFIED,,,CRAWLING_USER_AGENT_UNSPECIFIED,3
https://stats47.jp/ranking/drug-enforcement-arrest-count,NEUTRAL,検出 - インデックス未登録,INDEXING_STATE_UNSPECIFIED,ROBOTS_TXT_STATE_UNSPECIFIED,,PAGE_FETCH_STATE_UNSPECIFIED,,,CRAWLING_USER_AGENT_UNSPECIFIED,3
https://stats47.jp/ranking/drug-enforcement-arrest-count-per-population,NEUTRAL,検出 - インデックス未登録,INDEXING_STATE_UNSPECIFIED,ROBOTS_TXT_STATE_UNSPECIFIED,,PAGE_FETCH_STATE_UNSPECIFIED,,,CRAWLING_USER_AGENT_UNSPECIFIED,3
https://stats47.jp/ranking/education-department-staff,NEUTRAL,検出 - インデックス未登録,INDEXING_STATE_UNSPECIFIED,ROBOTS_TXT_STATE_UNSPECIFIED,,PAGE_FETCH_STATE_UNSPECIFIED,,,CRAWLING_USER_AGENT_UNSPECIFIED,3
https://stats47.jp/ranking/education-expenditure-ratio-pref-finance,NEUTRAL,URL が Google に認識されていません,INDEXING_STATE_UNSPECIFIED,ROBOTS_TXT_STATE_UNSPECIFIED,,PAGE_FETCH_STATE_UNSPECIFIED,,,,0
https://stats47.jp/ranking/elderly-welfare-expenditure-ratio-pref-finance,NEUTRAL,検出 - インデックス未登録,INDEXING_STATE_UNSPECIFIED,ROBOTS_TXT_STATE_UNSPECIFIED,,PAGE_FETCH_STATE_UNSPECIFIED,,,CRAWLING_USER_AGENT_UNSPECIFIED,3
https://stats47.jp/ranking/elderly-workers-ratio,NEUTRAL,検出 - インデックス未登録,INDEXING_STATE_UNSPECIFIED,ROBOTS_TXT_STATE_UNSPECIFIED,,PAGE_FETCH_STATE_UNSPECIFIED,,,CRAWLING_USER_AGENT_UNSPECIFIED,3
https://stats47.jp/ranking/electricity-demand,NEUTRAL,検出 - インデックス未登録,INDEXING_STATE_UNSPECIFIED,ROBOTS_TXT_STATE_UNSPECIFIED,,PAGE_FETCH_STATE_UNSPECIFIED,,,CRAWLING_USER_AGENT_UNSPECIFIED,3
https://stats47.jp/ranking/electricity-generation-capacity,NEUTRAL,検出 - インデックス未登録,INDEXING_STATE_UNSPECIFIED,ROBOTS_TXT_STATE_UNSPECIFIED,,PAGE_FETCH_STATE_UNSPECIFIED,,,CRAWLING_USER_AGENT_UNSPECIFIED,3
https://stats47.jp/ranking/elementary-school-count-per-100k-6-11,NEUTRAL,検出 - インデックス未登録,INDEXING_STATE_UNSPECIFIED,ROBOTS_TXT_STATE_UNSPECIFIED,,PAGE_FETCH_STATE_UNSPECIFIED,,,CRAWLING_USER_AGENT_UNSPECIFIED,3
https://stats47.jp/ranking/elementary-school-count-per-100km2-habitable,NEUTRAL,検出 - インデックス未登録,INDEXING_STATE_UNSPECIFIED,ROBOTS_TXT_STATE_UNSPECIFIED,,PAGE_FETCH_STATE_UNSPECIFIED,,,CRAWLING_USER_AGENT_UNSPECIFIED,3
https://stats47.jp/ranking/elementary-school-education-cost-per-student,NEUTRAL,URL が Google に認識されていません,INDEXING_STATE_UNSPECIFIED,ROBOTS_TXT_STATE_UNSPECIFIED,,PAGE_FETCH_STATE_UNSPECIFIED,,,,0
https://stats47.jp/ranking/elementary-school-expenses-prefecture,NEUTRAL,検出 - インデックス未登録,INDEXING_STATE_UNSPECIFIED,ROBOTS_TXT_STATE_UNSPECIFIED,,PAGE_FETCH_STATE_UNSPECIFIED,,,CRAWLING_USER_AGENT_UNSPECIFIED,3
https://stats47.jp/ranking/elementary-school-long-absence-ratio-nonattendance-over-30days-per-1000,NEUTRAL,検出 - インデックス未登録,INDEXING_STATE_UNSPECIFIED,ROBOTS_TXT_STATE_UNSPECIFIED,,PAGE_FETCH_STATE_UNSPECIFIED,,,CRAWLING_USER_AGENT_UNSPECIFIED,2
https://stats47.jp/ranking/elementary-school-long-absence-ratio-over-30days-per-1000,NEUTRAL,検出 - インデックス未登録,INDEXING_STATE_UNSPECIFIED,ROBOTS_TXT_STATE_UNSPECIFIED,,PAGE_FETCH_STATE_UNSPECIFIED,,,CRAWLING_USER_AGENT_UNSPECIFIED,2
https://stats47.jp/ranking/elementary-school-students-per-teacher,NEUTRAL,検出 - インデックス未登録,INDEXING_STATE_UNSPECIFIED,ROBOTS_TXT_STATE_UNSPECIFIED,,PAGE_FETCH_STATE_UNSPECIFIED,,,CRAWLING_USER_AGENT_UNSPECIFIED,2
https://stats47.jp/ranking/elementary-school-teachers-ratio-female,NEUTRAL,検出 - インデックス未登録,INDEXING_STATE_UNSPECIFIED,ROBOTS_TXT_STATE_UNSPECIFIED,,PAGE_FETCH_STATE_UNSPECIFIED,,,CRAWLING_USER_AGENT_UNSPECIFIED,3
https://stats47.jp/ranking/employed-outside-the-prefecture,NEUTRAL,検出 - インデックス未登録,INDEXING_STATE_UNSPECIFIED,ROBOTS_TXT_STATE_UNSPECIFIED,,PAGE_FETCH_STATE_UNSPECIFIED,,,CRAWLING_USER_AGENT_UNSPECIFIED,3
https://stats47.jp/ranking/employed-outside-the-prefecture-pre2018,NEUTRAL,検出 - インデックス未登録,INDEXING_STATE_UNSPECIFIED,ROBOTS_TXT_STATE_UNSPECIFIED,,PAGE_FETCH_STATE_UNSPECIFIED,,,CRAWLING_USER_AGENT_UNSPECIFIED,3
https://stats47.jp/ranking/employed-people-ratio,NEUTRAL,検出 - インデックス未登録,INDEXING_STATE_UNSPECIFIED,ROBOTS_TXT_STATE_UNSPECIFIED,,PAGE_FETCH_STATE_UNSPECIFIED,,,CRAWLING_USER_AGENT_UNSPECIFIED,2
https://stats47.jp/ranking/employed-people-ratio-secondary,NEUTRAL,検出 - インデックス未登録,INDEXING_STATE_UNSPECIFIED,ROBOTS_TXT_STATE_UNSPECIFIED,,PAGE_FETCH_STATE_UNSPECIFIED,,,CRAWLING_USER_AGENT_UNSPECIFIED,3
https://stats47.jp/ranking/employed-people-ratio-tertiary,NEUTRAL,検出 - インデックス未登録,INDEXING_STATE_UNSPECIFIED,ROBOTS_TXT_STATE_UNSPECIFIED,,PAGE_FETCH_STATE_UNSPECIFIED,,,CRAWLING_USER_AGENT_UNSPECIFIED,5
https://stats47.jp/ranking/employee-ratio,NEUTRAL,検出 - インデックス未登録,INDEXING_STATE_UNSPECIFIED,ROBOTS_TXT_STATE_UNSPECIFIED,,PAGE_FETCH_STATE_UNSPECIFIED,,,CRAWLING_USER_AGENT_UNSPECIFIED,2
https://stats47.jp/ranking/employment-insurance-basic-benefit-average,NEUTRAL,検出 - インデックス未登録,INDEXING_STATE_UNSPECIFIED,ROBOTS_TXT_STATE_UNSPECIFIED,,PAGE_FETCH_STATE_UNSPECIFIED,,,CRAWLING_USER_AGENT_UNSPECIFIED,3
https://stats47.jp/ranking/employment-insurance-daily-basic-benefit-average,NEUTRAL,検出 - インデックス未登録,INDEXING_STATE_UNSPECIFIED,ROBOTS_TXT_STATE_UNSPECIFIED,,PAGE_FETCH_STATE_UNSPECIFIED,,,CRAWLING_USER_AGENT_UNSPECIFIED,3
https://stats47.jp/ranking/employment-insurance-daily-receipt-rate,NEUTRAL,検出 - インデックス未登録,INDEXING_STATE_UNSPECIFIED,ROBOTS_TXT_STATE_UNSPECIFIED,,PAGE_FETCH_STATE_UNSPECIFIED,,,CRAWLING_USER_AGENT_UNSPECIFIED,3
https://stats47.jp/ranking/employment-insurance-receipt-rate,NEUTRAL,検出 - インデックス未登録,INDEXING_STATE_UNSPECIFIED,ROBOTS_TXT_STATE_UNSPECIFIED,,PAGE_FETCH_STATE_UNSPECIFIED,,,CRAWLING_USER_AGENT_UNSPECIFIED,3
https://stats47.jp/ranking/employment-rate,NEUTRAL,URL が Google に認識されていません,INDEXING_STATE_UNSPECIFIED,ROBOTS_TXT_STATE_UNSPECIFIED,,PAGE_FETCH_STATE_UNSPECIFIED,,,,0
https://stats47.jp/ranking/farm-household-expenditure-per-month,NEUTRAL,URL が Google に認識されていません,INDEXING_STATE_UNSPECIFIED,ROBOTS_TXT_STATE_UNSPECIFIED,,PAGE_FETCH_STATE_UNSPECIFIED,,,,0
https://stats47.jp/ranking/final-education-elementary-junior-high-ratio,NEUTRAL,検出 - インデックス未登録,INDEXING_STATE_UNSPECIFIED,ROBOTS_TXT_STATE_UNSPECIFIED,,PAGE_FETCH_STATE_UNSPECIFIED,,,CRAWLING_USER_AGENT_UNSPECIFIED,3
https://stats47.jp/ranking/final-education-highschool-old-junior-high-ratio,NEUTRAL,検出 - インデックス未登録,INDEXING_STATE_UNSPECIFIED,ROBOTS_TXT_STATE_UNSPECIFIED,,PAGE_FETCH_STATE_UNSPECIFIED,,,CRAWLING_USER_AGENT_UNSPECIFIED,3
https://stats47.jp/ranking/final-education-junior-college-technical-college-ratio,NEUTRAL,検出 - インデックス未登録,INDEXING_STATE_UNSPECIFIED,ROBOTS_TXT_STATE_UNSPECIFIED,,PAGE_FETCH_STATE_UNSPECIFIED,,,CRAWLING_USER_AGENT_UNSPECIFIED,2
https://stats47.jp/ranking/final-education-university-graduate-school-ratio,NEUTRAL,URL が Google に認識されていません,INDEXING_STATE_UNSPECIFIED,ROBOTS_TXT_STATE_UNSPECIFIED,,PAGE_FETCH_STATE_UNSPECIFIED,,,,0
https://stats47.jp/ranking/final-energy-consumption,NEUTRAL,検出 - インデックス未登録,INDEXING_STATE_UNSPECIFIED,ROBOTS_TXT_STATE_UNSPECIFIED,,PAGE_FETCH_STATE_UNSPECIFIED,,,CRAWLING_USER_AGENT_UNSPECIFIED,3
https://stats47.jp/ranking/final-energy-consumption-per-capita,NEUTRAL,検出 - インデックス未登録,INDEXING_STATE_UNSPECIFIED,ROBOTS_TXT_STATE_UNSPECIFIED,,PAGE_FETCH_STATE_UNSPECIFIED,,,CRAWLING_USER_AGENT_UNSPECIFIED,3
https://stats47.jp/ranking/fire-damage-casualties-per-accident,NEUTRAL,URL が Google に認識されていません,INDEXING_STATE_UNSPECIFIED,ROBOTS_TXT_STATE_UNSPECIFIED,,PAGE_FETCH_STATE_UNSPECIFIED,,,,0
https://stats47.jp/ranking/fire-damage-household-count-per-100-building-fires,NEUTRAL,検出 - インデックス未登録,INDEXING_STATE_UNSPECIFIED,ROBOTS_TXT_STATE_UNSPECIFIED,,PAGE_FETCH_STATE_UNSPECIFIED,,,CRAWLING_USER_AGENT_UNSPECIFIED,3
https://stats47.jp/ranking/fire-department-branch-count-per-100-km2,NEUTRAL,検出 - インデックス未登録,INDEXING_STATE_UNSPECIFIED,ROBOTS_TXT_STATE_UNSPECIFIED,,PAGE_FETCH_STATE_UNSPECIFIED,,,CRAWLING_USER_AGENT_UNSPECIFIED,3
https://stats47.jp/ranking/fire-department-count-per-100-km2,NEUTRAL,検出 - インデックス未登録,INDEXING_STATE_UNSPECIFIED,ROBOTS_TXT_STATE_UNSPECIFIED,,PAGE_FETCH_STATE_UNSPECIFIED,,,CRAWLING_USER_AGENT_UNSPECIFIED,3
https://stats47.jp/ranking/fire-department-dispatch-count-per-100-thousand-people,NEUTRAL,検出 - インデックス未登録,INDEXING_STATE_UNSPECIFIED,ROBOTS_TXT_STATE_UNSPECIFIED,,PAGE_FETCH_STATE_UNSPECIFIED,,,CRAWLING_USER_AGENT_UNSPECIFIED,2
https://stats47.jp/ranking/fire-department-emergency-car-count-per-100k,NEUTRAL,検出 - インデックス未登録,INDEXING_STATE_UNSPECIFIED,ROBOTS_TXT_STATE_UNSPECIFIED,,PAGE_FETCH_STATE_UNSPECIFIED,,,CRAWLING_USER_AGENT_UNSPECIFIED,3
https://stats47.jp/ranking/fire-department-employees,NEUTRAL,検出 - インデックス未登録,INDEXING_STATE_UNSPECIFIED,ROBOTS_TXT_STATE_UNSPECIFIED,,PAGE_FETCH_STATE_UNSPECIFIED,,,CRAWLING_USER_AGENT_UNSPECIFIED,3
https://stats47.jp/ranking/fire-department-member-count-per-100-thousand-people,NEUTRAL,検出 - インデックス未登録,INDEXING_STATE_UNSPECIFIED,ROBOTS_TXT_STATE_UNSPECIFIED,,PAGE_FETCH_STATE_UNSPECIFIED,,,CRAWLING_USER_AGENT_UNSPECIFIED,3
https://stats47.jp/ranking/fire-department-water-count-per-100-thousand-people,NEUTRAL,検出 - インデックス未登録,INDEXING_STATE_UNSPECIFIED,ROBOTS_TXT_STATE_UNSPECIFIED,,PAGE_FETCH_STATE_UNSPECIFIED,,,CRAWLING_USER_AGENT_UNSPECIFIED,3
https://stats47.jp/ranking/fire-related-personnel-count-per-100k,NEUTRAL,検出 - インデックス未登録,INDEXING_STATE_UNSPECIFIED,ROBOTS_TXT_STATE_UNSPECIFIED,,PAGE_FETCH_STATE_UNSPECIFIED,,,CRAWLING_USER_AGENT_UNSPECIFIED,3
https://stats47.jp/ranking/fiscal-strength-index-prefecture,NEUTRAL,検出 - インデックス未登録,INDEXING_STATE_UNSPECIFIED,ROBOTS_TXT_STATE_UNSPECIFIED,,PAGE_FETCH_STATE_UNSPECIFIED,,,CRAWLING_USER_AGENT_UNSPECIFIED,3
https://stats47.jp/ranking/fish-catch,NEUTRAL,検出 - インデックス未登録,INDEXING_STATE_UNSPECIFIED,ROBOTS_TXT_STATE_UNSPECIFIED,,PAGE_FETCH_STATE_UNSPECIFIED,,,CRAWLING_USER_AGENT_UNSPECIFIED,3
https://stats47.jp/ranking/flush-toilet-housing-ratio,NEUTRAL,検出 - インデックス未登録,INDEXING_STATE_UNSPECIFIED,ROBOTS_TXT_STATE_UNSPECIFIED,,PAGE_FETCH_STATE_UNSPECIFIED,,,CRAWLING_USER_AGENT_UNSPECIFIED,3
https://stats47.jp/ranking/flush-toilet-population-ratio,NEUTRAL,検出 - インデックス未登録,INDEXING_STATE_UNSPECIFIED,ROBOTS_TXT_STATE_UNSPECIFIED,,PAGE_FETCH_STATE_UNSPECIFIED,,,CRAWLING_USER_AGENT_UNSPECIFIED,3
https://stats47.jp/ranking/foreign-resident-count,NEUTRAL,検出 - インデックス未登録,INDEXING_STATE_UNSPECIFIED,ROBOTS_TXT_STATE_UNSPECIFIED,,PAGE_FETCH_STATE_UNSPECIFIED,,,CRAWLING_USER_AGENT_UNSPECIFIED,2
https://stats47.jp/ranking/foreign-resident-count-china-per-100k,NEUTRAL,検出 - インデックス未登録,INDEXING_STATE_UNSPECIFIED,ROBOTS_TXT_STATE_UNSPECIFIED,,PAGE_FETCH_STATE_UNSPECIFIED,,,CRAWLING_USER_AGENT_UNSPECIFIED,3
https://stats47.jp/ranking/foreign-resident-count-per-100k,NEUTRAL,検出 - インデックス未登録,INDEXING_STATE_UNSPECIFIED,ROBOTS_TXT_STATE_UNSPECIFIED,,PAGE_FETCH_STATE_UNSPECIFIED,,,CRAWLING_USER_AGENT_UNSPECIFIED,3
https://stats47.jp/ranking/foreign-resident-count-usa-per-100k,NEUTRAL,検出 - インデックス未登録,INDEXING_STATE_UNSPECIFIED,ROBOTS_TXT_STATE_UNSPECIFIED,,PAGE_FETCH_STATE_UNSPECIFIED,,,CRAWLING_USER_AGENT_UNSPECIFIED,2
https://stats47.jp/ranking/forest-area,NEUTRAL,検出 - インデックス未登録,INDEXING_STATE_UNSPECIFIED,ROBOTS_TXT_STATE_UNSPECIFIED,,PAGE_FETCH_STATE_UNSPECIFIED,,,CRAWLING_USER_AGENT_UNSPECIFIED,3
https://stats47.jp/ranking/forest-area-ratio,NEUTRAL,検出 - インデックス未登録,INDEXING_STATE_UNSPECIFIED,ROBOTS_TXT_STATE_UNSPECIFIED,,PAGE_FETCH_STATE_UNSPECIFIED,,,CRAWLING_USER_AGENT_UNSPECIFIED,2
https://stats47.jp/ranking/forest-road-length,NEUTRAL,検出 - インデックス未登録,INDEXING_STATE_UNSPECIFIED,ROBOTS_TXT_STATE_UNSPECIFIED,,PAGE_FETCH_STATE_UNSPECIFIED,,,CRAWLING_USER_AGENT_UNSPECIFIED,3
https://stats47.jp/ranking/frequency-of-occupational-accidents,NEUTRAL,URL が Google に認識されていません,INDEXING_STATE_UNSPECIFIED,ROBOTS_TXT_STATE_UNSPECIFIED,,PAGE_FETCH_STATE_UNSPECIFIED,,,,0
https://stats47.jp/ranking/fulfillment-rate,NEUTRAL,URL が Google に認識されていません,INDEXING_STATE_UNSPECIFIED,ROBOTS_TXT_STATE_UNSPECIFIED,,PAGE_FETCH_STATE_UNSPECIFIED,,,,0
https://stats47.jp/ranking/fulltime-physicians-general-hospital-per-100beds,NEUTRAL,検出 - インデックス未登録,INDEXING_STATE_UNSPECIFIED,ROBOTS_TXT_STATE_UNSPECIFIED,,PAGE_FETCH_STATE_UNSPECIFIED,,,CRAWLING_USER_AGENT_UNSPECIFIED,3
https://stats47.jp/ranking/future-burden-ratio,NEUTRAL,検出 - インデックス未登録,INDEXING_STATE_UNSPECIFIED,ROBOTS_TXT_STATE_UNSPECIFIED,,PAGE_FETCH_STATE_UNSPECIFIED,,,CRAWLING_USER_AGENT_UNSPECIFIED,3
https://stats47.jp/ranking/garbage-landfill-rate,NEUTRAL,検出 - インデックス未登録,INDEXING_STATE_UNSPECIFIED,ROBOTS_TXT_STATE_UNSPECIFIED,,PAGE_FETCH_STATE_UNSPECIFIED,,,CRAWLING_USER_AGENT_UNSPECIFIED,3
https://stats47.jp/ranking/gdp-growth-rate-pref-h17,NEUTRAL,検出 - インデックス未登録,INDEXING_STATE_UNSPECIFIED,ROBOTS_TXT_STATE_UNSPECIFIED,,PAGE_FETCH_STATE_UNSPECIFIED,,,CRAWLING_USER_AGENT_UNSPECIFIED,3
https://stats47.jp/ranking/general-clinic-count-per-100k,NEUTRAL,検出 - インデックス未登録,INDEXING_STATE_UNSPECIFIED,ROBOTS_TXT_STATE_UNSPECIFIED,,PAGE_FETCH_STATE_UNSPECIFIED,,,CRAWLING_USER_AGENT_UNSPECIFIED,3
https://stats47.jp/ranking/general-clinic-count-per-100km2,NEUTRAL,検出 - インデックス未登録,INDEXING_STATE_UNSPECIFIED,ROBOTS_TXT_STATE_UNSPECIFIED,,PAGE_FETCH_STATE_UNSPECIFIED,,,CRAWLING_USER_AGENT_UNSPECIFIED,2
https://stats47.jp/ranking/general-funds-prefecture,NEUTRAL,検出 - インデックス未登録,INDEXING_STATE_UNSPECIFIED,ROBOTS_TXT_STATE_UNSPECIFIED,,PAGE_FETCH_STATE_UNSPECIFIED,,,CRAWLING_USER_AGENT_UNSPECIFIED,3
https://stats47.jp/ranking/general-hospital-avg-length-of-stay,NEUTRAL,検出 - インデックス未登録,INDEXING_STATE_UNSPECIFIED,ROBOTS_TXT_STATE_UNSPECIFIED,,PAGE_FETCH_STATE_UNSPECIFIED,,,CRAWLING_USER_AGENT_UNSPECIFIED,3
https://stats47.jp/ranking/general-hospital-bed-count-per-100k,NEUTRAL,検出 - インデックス未登録,INDEXING_STATE_UNSPECIFIED,ROBOTS_TXT_STATE_UNSPECIFIED,,PAGE_FETCH_STATE_UNSPECIFIED,,,CRAWLING_USER_AGENT_UNSPECIFIED,3
https://stats47.jp/ranking/general-hospital-count-per-100k,NEUTRAL,URL が Google に認識されていません,INDEXING_STATE_UNSPECIFIED,ROBOTS_TXT_STATE_UNSPECIFIED,,PAGE_FETCH_STATE_UNSPECIFIED,,,,0
https://stats47.jp/ranking/general-hospital-count-per-100km2,NEUTRAL,検出 - インデックス未登録,INDEXING_STATE_UNSPECIFIED,ROBOTS_TXT_STATE_UNSPECIFIED,,PAGE_FETCH_STATE_UNSPECIFIED,,,CRAWLING_USER_AGENT_UNSPECIFIED,3
https://stats47.jp/ranking/general-project-investment-educational-facilities,NEUTRAL,検出 - インデックス未登録,INDEXING_STATE_UNSPECIFIED,ROBOTS_TXT_STATE_UNSPECIFIED,,PAGE_FETCH_STATE_UNSPECIFIED,,,CRAWLING_USER_AGENT_UNSPECIFIED,3
https://stats47.jp/ranking/general-project-investment-railway,NEUTRAL,検出 - インデックス未登録,INDEXING_STATE_UNSPECIFIED,ROBOTS_TXT_STATE_UNSPECIFIED,,PAGE_FETCH_STATE_UNSPECIFIED,,,CRAWLING_USER_AGENT_UNSPECIFIED,3
https://stats47.jp/ranking/general-project-investment-urban-planning,NEUTRAL,検出 - インデックス未登録,INDEXING_STATE_UNSPECIFIED,ROBOTS_TXT_STATE_UNSPECIFIED,,PAGE_FETCH_STATE_UNSPECIFIED,,,CRAWLING_USER_AGENT_UNSPECIFIED,3
https://stats47.jp/ranking/general-revenue-ratio-pref-finance,NEUTRAL,検出 - インデックス未登録,INDEXING_STATE_UNSPECIFIED,ROBOTS_TXT_STATE_UNSPECIFIED,,PAGE_FETCH_STATE_UNSPECIFIED,,,CRAWLING_USER_AGENT_UNSPECIFIED,3
https://stats47.jp/ranking/govt-health-insurance-visit-expense-dependents-per-person,NEUTRAL,検出 - インデックス未登録,INDEXING_STATE_UNSPECIFIED,ROBOTS_TXT_STATE_UNSPECIFIED,,PAGE_FETCH_STATE_UNSPECIFIED,,,CRAWLING_USER_AGENT_UNSPECIFIED,3
https://stats47.jp/ranking/govt-health-insurance-visit-expense-insured-per-person,NEUTRAL,検出 - インデックス未登録,INDEXING_STATE_UNSPECIFIED,ROBOTS_TXT_STATE_UNSPECIFIED,,PAGE_FETCH_STATE_UNSPECIFIED,,,CRAWLING_USER_AGENT_UNSPECIFIED,3
https://stats47.jp/ranking/grade-separated-pedestrian-crossings-per-1000-km,NEUTRAL,検出 - インデックス未登録,INDEXING_STATE_UNSPECIFIED,ROBOTS_TXT_STATE_UNSPECIFIED,,PAGE_FETCH_STATE_UNSPECIFIED,,,CRAWLING_USER_AGENT_UNSPECIFIED,3
https://stats47.jp/ranking/habitable-area,NEUTRAL,検出 - インデックス未登録,INDEXING_STATE_UNSPECIFIED,ROBOTS_TXT_STATE_UNSPECIFIED,,PAGE_FETCH_STATE_UNSPECIFIED,,,CRAWLING_USER_AGENT_UNSPECIFIED,3
https://stats47.jp/ranking/habitable-area-ratio,NEUTRAL,URL が Google に認識されていません,INDEXING_STATE_UNSPECIFIED,ROBOTS_TXT_STATE_UNSPECIFIED,,PAGE_FETCH_STATE_UNSPECIFIED,,,,0
https://stats47.jp/ranking/high-school-count-per-100k-15-17,NEUTRAL,URL が Google に認識されていません,INDEXING_STATE_UNSPECIFIED,ROBOTS_TXT_STATE_UNSPECIFIED,,PAGE_FETCH_STATE_UNSPECIFIED,,,,0
https://stats47.jp/ranking/high-school-count-per-100km2-habitable,NEUTRAL,検出 - インデックス未登録,INDEXING_STATE_UNSPECIFIED,ROBOTS_TXT_STATE_UNSPECIFIED,,PAGE_FETCH_STATE_UNSPECIFIED,,,CRAWLING_USER_AGENT_UNSPECIFIED,3
https://stats47.jp/ranking/high-school-graduates-job-ratio,NEUTRAL,検出 - インデックス未登録,INDEXING_STATE_UNSPECIFIED,ROBOTS_TXT_STATE_UNSPECIFIED,,PAGE_FETCH_STATE_UNSPECIFIED,,,CRAWLING_USER_AGENT_UNSPECIFIED,3
https://stats47.jp/ranking/high-school-new-graduates-job-opening-ratio,NEUTRAL,検出 - インデックス未登録,INDEXING_STATE_UNSPECIFIED,ROBOTS_TXT_STATE_UNSPECIFIED,,PAGE_FETCH_STATE_UNSPECIFIED,,,CRAWLING_USER_AGENT_UNSPECIFIED,2
https://stats47.jp/ranking/hire-taxi-operators,NEUTRAL,検出 - インデックス未登録,INDEXING_STATE_UNSPECIFIED,ROBOTS_TXT_STATE_UNSPECIFIED,,PAGE_FETCH_STATE_UNSPECIFIED,,,CRAWLING_USER_AGENT_UNSPECIFIED,3
https://stats47.jp/ranking/hobby-leisure-avg-time-employed-male,NEUTRAL,検出 - インデックス未登録,INDEXING_STATE_UNSPECIFIED,ROBOTS_TXT_STATE_UNSPECIFIED,,PAGE_FETCH_STATE_UNSPECIFIED,,,CRAWLING_USER_AGENT_UNSPECIFIED,3
https://stats47.jp/ranking/home-helper-users-per-office,NEUTRAL,検出 - インデックス未登録,INDEXING_STATE_UNSPECIFIED,ROBOTS_TXT_STATE_UNSPECIFIED,,PAGE_FETCH_STATE_UNSPECIFIED,,,CRAWLING_USER_AGENT_UNSPECIFIED,3
https://stats47.jp/ranking/household-ratio-with-65plus,NEUTRAL,検出 - インデックス未登録,INDEXING_STATE_UNSPECIFIED,ROBOTS_TXT_STATE_UNSPECIFIED,,PAGE_FETCH_STATE_UNSPECIFIED,,,CRAWLING_USER_AGENT_UNSPECIFIED,3
https://stats47.jp/ranking/households-on-public-assistance-per-1000,NEUTRAL,検出 - インデックス未登録,INDEXING_STATE_UNSPECIFIED,ROBOTS_TXT_STATE_UNSPECIFIED,,PAGE_FETCH_STATE_UNSPECIFIED,,,CRAWLING_USER_AGENT_UNSPECIFIED,2
https://stats47.jp/ranking/in-prefecture-employed-people-ratio,NEUTRAL,検出 - インデックス未登録,INDEXING_STATE_UNSPECIFIED,ROBOTS_TXT_STATE_UNSPECIFIED,,PAGE_FETCH_STATE_UNSPECIFIED,,,CRAWLING_USER_AGENT_UNSPECIFIED,3
https://stats47.jp/ranking/industrial-and-semi-industrial-area-ratio,NEUTRAL,検出 - インデックス未登録,INDEXING_STATE_UNSPECIFIED,ROBOTS_TXT_STATE_UNSPECIFIED,,PAGE_FETCH_STATE_UNSPECIFIED,,,CRAWLING_USER_AGENT_UNSPECIFIED,2
https://stats47.jp/ranking/industrial-water-usage,NEUTRAL,検出 - インデックス未登録,INDEXING_STATE_UNSPECIFIED,ROBOTS_TXT_STATE_UNSPECIFIED,,PAGE_FETCH_STATE_UNSPECIFIED,,,CRAWLING_USER_AGENT_UNSPECIFIED,3
https://stats47.jp/ranking/infant-mortality-rate-per-1000-births,NEUTRAL,検出 - インデックス未登録,INDEXING_STATE_UNSPECIFIED,ROBOTS_TXT_STATE_UNSPECIFIED,,PAGE_FETCH_STATE_UNSPECIFIED,,,CRAWLING_USER_AGENT_UNSPECIFIED,3
https://stats47.jp/ranking/inland-aquaculture-harvest,NEUTRAL,検出 - インデックス未登録,INDEXING_STATE_UNSPECIFIED,ROBOTS_TXT_STATE_UNSPECIFIED,,PAGE_FETCH_STATE_UNSPECIFIED,,,CRAWLING_USER_AGENT_UNSPECIFIED,3
https://stats47.jp/ranking/inland-fishery-catch,NEUTRAL,検出 - インデックス未登録,INDEXING_STATE_UNSPECIFIED,ROBOTS_TXT_STATE_UNSPECIFIED,,PAGE_FETCH_STATE_UNSPECIFIED,,,CRAWLING_USER_AGENT_UNSPECIFIED,3
https://stats47.jp/ranking/inpatients-per-fulltime-physician-per-day,NEUTRAL,検出 - インデックス未登録,INDEXING_STATE_UNSPECIFIED,ROBOTS_TXT_STATE_UNSPECIFIED,,PAGE_FETCH_STATE_UNSPECIFIED,,,CRAWLING_USER_AGENT_UNSPECIFIED,3
https://stats47.jp/ranking/inpatients-per-nurse-per-day,NEUTRAL,検出 - インデックス未登録,INDEXING_STATE_UNSPECIFIED,ROBOTS_TXT_STATE_UNSPECIFIED,,PAGE_FETCH_STATE_UNSPECIFIED,,,CRAWLING_USER_AGENT_UNSPECIFIED,3
https://stats47.jp/ranking/intellectual-disability-support-facility-residents-per-100k,NEUTRAL,検出 - インデックス未登録,INDEXING_STATE_UNSPECIFIED,ROBOTS_TXT_STATE_UNSPECIFIED,,PAGE_FETCH_STATE_UNSPECIFIED,,,CRAWLING_USER_AGENT_UNSPECIFIED,3
https://stats47.jp/ranking/intellectual-disability-support-facility-staff-per-100k,NEUTRAL,検出 - インデックス未登録,INDEXING_STATE_UNSPECIFIED,ROBOTS_TXT_STATE_UNSPECIFIED,,PAGE_FETCH_STATE_UNSPECIFIED,,,CRAWLING_USER_AGENT_UNSPECIFIED,3
https://stats47.jp/ranking/investment-expenditure-ratio-pref-finance,NEUTRAL,検出 - インデックス未登録,INDEXING_STATE_UNSPECIFIED,ROBOTS_TXT_STATE_UNSPECIFIED,,PAGE_FETCH_STATE_UNSPECIFIED,,,CRAWLING_USER_AGENT_UNSPECIFIED,3
https://stats47.jp/ranking/investment-expenses-prefecture,NEUTRAL,URL が Google に認識されていません,INDEXING_STATE_UNSPECIFIED,ROBOTS_TXT_STATE_UNSPECIFIED,,PAGE_FETCH_STATE_UNSPECIFIED,,,,0
https://stats47.jp/ranking/japanese-entries,NEUTRAL,検出 - インデックス未登録,INDEXING_STATE_UNSPECIFIED,ROBOTS_TXT_STATE_UNSPECIFIED,,PAGE_FETCH_STATE_UNSPECIFIED,,,CRAWLING_USER_AGENT_UNSPECIFIED,3
https://stats47.jp/ranking/japanese-movers-in,NEUTRAL,検出 - インデックス未登録,INDEXING_STATE_UNSPECIFIED,ROBOTS_TXT_STATE_UNSPECIFIED,,PAGE_FETCH_STATE_UNSPECIFIED,,,CRAWLING_USER_AGENT_UNSPECIFIED,3
https://stats47.jp/ranking/japanese-movers-out,NEUTRAL,検出 - インデックス未登録,INDEXING_STATE_UNSPECIFIED,ROBOTS_TXT_STATE_UNSPECIFIED,,PAGE_FETCH_STATE_UNSPECIFIED,,,CRAWLING_USER_AGENT_UNSPECIFIED,3
https://stats47.jp/ranking/japanese-population,NEUTRAL,検出 - インデックス未登録,INDEXING_STATE_UNSPECIFIED,ROBOTS_TXT_STATE_UNSPECIFIED,,PAGE_FETCH_STATE_UNSPECIFIED,,,CRAWLING_USER_AGENT_UNSPECIFIED,3
https://stats47.jp/ranking/jr-passenger-transport,NEUTRAL,検出 - インデックス未登録,INDEXING_STATE_UNSPECIFIED,ROBOTS_TXT_STATE_UNSPECIFIED,,PAGE_FETCH_STATE_UNSPECIFIED,,,CRAWLING_USER_AGENT_UNSPECIFIED,3
https://stats47.jp/ranking/junior-college-capacity-index,NEUTRAL,検出 - インデックス未登録,INDEXING_STATE_UNSPECIFIED,ROBOTS_TXT_STATE_UNSPECIFIED,,PAGE_FETCH_STATE_UNSPECIFIED,,,CRAWLING_USER_AGENT_UNSPECIFIED,3
https://stats47.jp/ranking/junior-college-count-per-100k,NEUTRAL,検出 - インデックス未登録,INDEXING_STATE_UNSPECIFIED,ROBOTS_TXT_STATE_UNSPECIFIED,,PAGE_FETCH_STATE_UNSPECIFIED,,,CRAWLING_USER_AGENT_UNSPECIFIED,2
https://stats47.jp/ranking/junior-high-school-advancement-rate,NEUTRAL,URL が Google に認識されていません,INDEXING_STATE_UNSPECIFIED,ROBOTS_TXT_STATE_UNSPECIFIED,,PAGE_FETCH_STATE_UNSPECIFIED,,,,0
https://stats47.jp/ranking/junior-high-school-count,NEUTRAL,検出 - インデックス未登録,INDEXING_STATE_UNSPECIFIED,ROBOTS_TXT_STATE_UNSPECIFIED,,PAGE_FETCH_STATE_UNSPECIFIED,,,CRAWLING_USER_AGENT_UNSPECIFIED,3
https://stats47.jp/ranking/junior-high-school-count-per-100k-12-14,NEUTRAL,検出 - インデックス未登録,INDEXING_STATE_UNSPECIFIED,ROBOTS_TXT_STATE_UNSPECIFIED,,PAGE_FETCH_STATE_UNSPECIFIED,,,CRAWLING_USER_AGENT_UNSPECIFIED,1
https://stats47.jp/ranking/junior-high-school-count-per-100km2-habitable,NEUTRAL,検出 - インデックス未登録,INDEXING_STATE_UNSPECIFIED,ROBOTS_TXT_STATE_UNSPECIFIED,,PAGE_FETCH_STATE_UNSPECIFIED,,,CRAWLING_USER_AGENT_UNSPECIFIED,3
https://stats47.jp/ranking/junior-high-school-education-cost-per-student,NEUTRAL,検出 - インデックス未登録,INDEXING_STATE_UNSPECIFIED,ROBOTS_TXT_STATE_UNSPECIFIED,,PAGE_FETCH_STATE_UNSPECIFIED,,,CRAWLING_USER_AGENT_UNSPECIFIED,3
https://stats47.jp/ranking/junior-high-school-long-absence-ratio-nonattendance-over-30days-per-1000,NEUTRAL,検出 - インデックス未登録,INDEXING_STATE_UNSPECIFIED,ROBOTS_TXT_STATE_UNSPECIFIED,,PAGE_FETCH_STATE_UNSPECIFIED,,,CRAWLING_USER_AGENT_UNSPECIFIED,3
https://stats47.jp/ranking/junior-high-school-students-per-teacher,NEUTRAL,URL が Google に認識されていません,INDEXING_STATE_UNSPECIFIED,ROBOTS_TXT_STATE_UNSPECIFIED,,PAGE_FETCH_STATE_UNSPECIFIED,,,,0
https://stats47.jp/ranking/juvenile-criminal-arrest-person,NEUTRAL,検出 - インデックス未登録,INDEXING_STATE_UNSPECIFIED,ROBOTS_TXT_STATE_UNSPECIFIED,,PAGE_FETCH_STATE_UNSPECIFIED,,,CRAWLING_USER_AGENT_UNSPECIFIED,3
https://stats47.jp/ranking/juvenile-criminal-arrest-person-per-population,NEUTRAL,検出 - インデックス未登録,INDEXING_STATE_UNSPECIFIED,ROBOTS_TXT_STATE_UNSPECIFIED,,PAGE_FETCH_STATE_UNSPECIFIED,,,CRAWLING_USER_AGENT_UNSPECIFIED,2
https://stats47.jp/ranking/kindergarten-students-per-teacher,NEUTRAL,検出 - インデックス未登録,INDEXING_STATE_UNSPECIFIED,ROBOTS_TXT_STATE_UNSPECIFIED,,PAGE_FETCH_STATE_UNSPECIFIED,,,CRAWLING_USER_AGENT_UNSPECIFIED,3
https://stats47.jp/ranking/labor-expenditure-ratio-pref-finance,NEUTRAL,検出 - インデックス未登録,INDEXING_STATE_UNSPECIFIED,ROBOTS_TXT_STATE_UNSPECIFIED,,PAGE_FETCH_STATE_UNSPECIFIED,,,CRAWLING_USER_AGENT_UNSPECIFIED,3
https://stats47.jp/ranking/labor-force-population-ratio-man,NEUTRAL,検出 - インデックス未登録,INDEXING_STATE_UNSPECIFIED,ROBOTS_TXT_STATE_UNSPECIFIED,,PAGE_FETCH_STATE_UNSPECIFIED,,,CRAWLING_USER_AGENT_UNSPECIFIED,3
https://stats47.jp/ranking/labor-force-population-ratio-woman,NEUTRAL,検出 - インデックス未登録,INDEXING_STATE_UNSPECIFIED,ROBOTS_TXT_STATE_UNSPECIFIED,,PAGE_FETCH_STATE_UNSPECIFIED,,,CRAWLING_USER_AGENT_UNSPECIFIED,3
https://stats47.jp/ranking/land-productivity-per-ha,NEUTRAL,検出 - インデックス未登録,INDEXING_STATE_UNSPECIFIED,ROBOTS_TXT_STATE_UNSPECIFIED,,PAGE_FETCH_STATE_UNSPECIFIED,,,CRAWLING_USER_AGENT_UNSPECIFIED,3
https://stats47.jp/ranking/local-debt-current-ratio,NEUTRAL,URL が Google に認識されていません,INDEXING_STATE_UNSPECIFIED,ROBOTS_TXT_STATE_UNSPECIFIED,,PAGE_FETCH_STATE_UNSPECIFIED,,,,0
https://stats47.jp/ranking/long-term-care-medical-facility-count-per-100k-65plus,NEUTRAL,検出 - インデックス未登録,INDEXING_STATE_UNSPECIFIED,ROBOTS_TXT_STATE_UNSPECIFIED,,PAGE_FETCH_STATE_UNSPECIFIED,,,CRAWLING_USER_AGENT_UNSPECIFIED,3
https://stats47.jp/ranking/lowest-temperature,NEUTRAL,URL が Google に認識されていません,INDEXING_STATE_UNSPECIFIED,ROBOTS_TXT_STATE_UNSPECIFIED,,PAGE_FETCH_STATE_UNSPECIFIED,,,,0
https://stats47.jp/ranking/mail-items-handled,NEUTRAL,URL が Google に認識されていません,INDEXING_STATE_UNSPECIFIED,ROBOTS_TXT_STATE_UNSPECIFIED,,PAGE_FETCH_STATE_UNSPECIFIED,,,,0
https://stats47.jp/ranking/main-road-length-per-km2,NEUTRAL,検出 - インデックス未登録,INDEXING_STATE_UNSPECIFIED,ROBOTS_TXT_STATE_UNSPECIFIED,,PAGE_FETCH_STATE_UNSPECIFIED,,,CRAWLING_USER_AGENT_UNSPECIFIED,3
https://stats47.jp/ranking/manufacturing-shipment-amount,NEUTRAL,検出 - インデックス未登録,INDEXING_STATE_UNSPECIFIED,ROBOTS_TXT_STATE_UNSPECIFIED,,PAGE_FETCH_STATE_UNSPECIFIED,,,CRAWLING_USER_AGENT_UNSPECIFIED,2
https://stats47.jp/ranking/marine-fishery-output-value,NEUTRAL,URL が Google に認識されていません,INDEXING_STATE_UNSPECIFIED,ROBOTS_TXT_STATE_UNSPECIFIED,,PAGE_FETCH_STATE_UNSPECIFIED,,,,0
https://stats47.jp/ranking/maritime-import-export-cargo,NEUTRAL,検出 - インデックス未登録,INDEXING_STATE_UNSPECIFIED,ROBOTS_TXT_STATE_UNSPECIFIED,,PAGE_FETCH_STATE_UNSPECIFIED,,,CRAWLING_USER_AGENT_UNSPECIFIED,3
https://stats47.jp/ranking/marriages-per-total-population,NEUTRAL,検出 - インデックス未登録,INDEXING_STATE_UNSPECIFIED,ROBOTS_TXT_STATE_UNSPECIFIED,,PAGE_FETCH_STATE_UNSPECIFIED,,,CRAWLING_USER_AGENT_UNSPECIFIED,3
https://stats47.jp/ranking/material-production,NEUTRAL,検出 - インデックス未登録,INDEXING_STATE_UNSPECIFIED,ROBOTS_TXT_STATE_UNSPECIFIED,,PAGE_FETCH_STATE_UNSPECIFIED,,,CRAWLING_USER_AGENT_UNSPECIFIED,3
https://stats47.jp/ranking/maximum-snow-depth,NEUTRAL,検出 - インデックス未登録,INDEXING_STATE_UNSPECIFIED,ROBOTS_TXT_STATE_UNSPECIFIED,,PAGE_FETCH_STATE_UNSPECIFIED,,,CRAWLING_USER_AGENT_UNSPECIFIED,2
https://stats47.jp/ranking/media-avg-time-unemployed-female,NEUTRAL,検出 - インデックス未登録,INDEXING_STATE_UNSPECIFIED,ROBOTS_TXT_STATE_UNSPECIFIED,,PAGE_FETCH_STATE_UNSPECIFIED,,,CRAWLING_USER_AGENT_UNSPECIFIED,3
https://stats47.jp/blog/roadside-station-count-prefecture-gap,PASS,送信して登録されました,INDEXING_ALLOWED,ALLOWED,2026-10-02T00:05:27Z,SUCCESSFUL,https://stats47.jp/blog/roadside-station-count-prefecture-gap,https://stats47.jp/blog/roadside-station-count-prefecture-gap,MOBILE,3
https://stats47.jp/ranking/avg-height-high-school-2nd-male,PASS,送信して登録されました,INDEXING_ALLOWED,ALLOWED,2026-10-05T17:04:38Z,SUCCESSFUL,https://stats47.jp/ranking/avg-height-high-school-2nd-male,,MOBILE,4
https://stats47.jp/blog/precipitation-snow-regional-gap,PASS,送信して登録されました,INDEXING_ALLOWED,ALLOWED,2026-10-06T04:07:32Z,SUCCESSFUL,https://stats47.jp/blog/precipitation-snow-regional-gap,https://stats47.jp/blog/precipitation-snow-regional-gap,MOBILE,2
https://stats47.jp/blog/rice-harvest-volume-prefecture-gap,PASS,送信して登録されました,INDEXING_ALLOWED,ALLOWED,2026-10-03T03:15:09Z,SUCCESSFUL,https://stats47.jp/blog/rice-harvest-volume-prefecture-gap,https://stats47.jp/blog/rice-harvest-volume-prefecture-gap,MOBILE,2
https://stats47.jp/ranking/public-phone-count,PASS,送信して登録されました,INDEXING_ALLOWED,ALLOWED,2026-10-05T13:31:37Z,SUCCESSFUL,https://stats47.jp/ranking/public-phone-count,,MOBILE,2
https://stats47.jp/blog/livable-prefecture-composite-ranking,PASS,送信して登録されました,INDEXING_ALLOWED,ALLOWED,2026-10-02T23:24:29Z,SUCCESSFUL,https://stats47.jp/blog/livable-prefecture-composite-ranking,https://stats47.jp/blog/livable-prefecture-composite-ranking,MOBILE,2
https://stats47.jp/blog/bonito-catch-prefecture,PASS,送信して登録されました,INDEXING_ALLOWED,ALLOWED,2026-10-04T22:10:14Z,SUCCESSFUL,https://stats47.jp/blog/bonito-catch-prefecture,https://stats47.jp/blog/bonito-catch-prefecture,MOBILE,1
https://stats47.jp/blog/avg-height-high-school-2nd-male,PASS,送信して登録されました,INDEXING_ALLOWED,ALLOWED,2026-10-03T02:35:06Z,SUCCESSFUL,https://stats47.jp/blog/avg-height-high-school-2nd-male,https://stats47.jp/blog/avg-height-high-school-2nd-male,MOBILE,3
https://stats47.jp/blog/foreign-residents-diversity-map,PASS,送信して登録されました,INDEXING_ALLOWED,ALLOWED,2026-10-04T12:52:19Z,SUCCESSFUL,https://stats47.jp/blog/foreign-residents-diversity-map,https://stats47.jp/blog/foreign-residents-diversity-map,MOBILE,1
https://stats47.jp/blog/automotive-industry-transformation-map,PASS,送信して登録されました,INDEXING_ALLOWED,ALLOWED,2026-09-30T11:33:58Z,SUCCESSFUL,https://stats47.jp/blog/automotive-industry-transformation-map,https://stats47.jp/blog/automotive-industry-transformation-map,MOBILE,2
https://stats47.jp/blog/public-phone-count,PASS,送信して登録されました,INDEXING_ALLOWED,ALLOWED,2026-10-01T16:50:09Z,SUCCESSFUL,https://stats47.jp/blog/public-phone-count,https://stats47.jp/blog/public-phone-count,MOBILE,3
https://stats47.jp/blog/convenience-store-density-map,PASS,送信して登録されました,INDEXING_ALLOWED,ALLOWED,2026-10-05T13:03:15Z,SUCCESSFUL,https://stats47.jp/blog/convenience-store-density-map,https://stats47.jp/blog/convenience-store-density-map,MOBILE,2
https://stats47.jp/blog/health-life-expectancy-structure,PASS,送信して登録されました,INDEXING_ALLOWED,ALLOWED,2026-09-27T20:50:40Z,SUCCESSFUL,https://stats47.jp/blog/health-life-expectancy-structure,https://stats47.jp/blog/health-life-expectancy-structure,MOBILE,3
https://stats47.jp/blog/academic-achievement-test-prefecture-ranking,PASS,送信して登録されました,INDEXING_ALLOWED,ALLOWED,2026-09-30T18:03:37Z,SUCCESSFUL,https://stats47.jp/blog/academic-achievement-test-prefecture-ranking,https://stats47.jp/blog/academic-achievement-test-prefecture-ranking,MOBILE,3
https://stats47.jp/blog/manufacturing-aichi-dominance,PASS,送信して登録されました,INDEXING_ALLOWED,ALLOWED,2026-10-06T17:09:36Z,SUCCESSFUL,https://stats47.jp/blog/manufacturing-aichi-dominance,https://stats47.jp/blog/manufacturing-aichi-dominance,MOBILE,1
https://stats47.jp/ranking/annual-sunshine-duration,PASS,送信して登録されました,INDEXING_ALLOWED,ALLOWED,2026-10-05T23:15:58Z,SUCCESSFUL,https://stats47.jp/ranking/annual-sunshine-duration,,MOBILE,3
https://stats47.jp/blog/local-government-debt-burden,PASS,送信して登録されました,INDEXING_ALLOWED,ALLOWED,2026-10-06T23:19:07Z,SUCCESSFUL,https://stats47.jp/blog/local-government-debt-burden,https://stats47.jp/blog/local-government-debt-burden,MOBILE,1
https://stats47.jp/ranking/convenience-store-count-commercial,PASS,送信して登録されました,INDEXING_ALLOWED,ALLOWED,2026-10-06T15:57:19Z,SUCCESSFUL,https://stats47.jp/ranking/convenience-store-count-commercial,,MOBILE,3
https://stats47.jp/blog/noodle-consumption-prefecture-character,PASS,送信して登録されました,INDEXING_ALLOWED,ALLOWED,2026-10-05T19:47:30Z,SUCCESSFUL,https://stats47.jp/blog/noodle-consumption-prefecture-character,https://stats47.jp/blog/noodle-consumption-prefecture-character,MOBILE,1
https://stats47.jp/ranking/pachinko-shop-density-per-10k,PASS,送信して登録されました,INDEXING_ALLOWED,ALLOWED,2026-10-05T22:08:27Z,SUCCESSFUL,https://stats47.jp/ranking/pachinko-shop-density-per-10k,,MOBILE,1
https://stats47.jp/ranking/natto-consumption-expenditure,PASS,送信して登録されました,INDEXING_ALLOWED,ALLOWED,2026-10-06T16:58:14Z,SUCCESSFUL,https://stats47.jp/ranking/natto-consumption-expenditure,,MOBILE,2
https://stats47.jp/blog/fishery-catch-aquaculture-shift,PASS,送信して登録されました,INDEXING_ALLOWED,ALLOWED,2026-10-02T04:57:43Z,SUCCESSFUL,https://stats47.jp/blog/fishery-catch-aquaculture-shift,https://stats47.jp/blog/fishery-catch-aquaculture-shift,MOBILE,2
https://stats47.jp/blog/prefectural-income-gdp-ranking,PASS,送信して登録されました,INDEXING_ALLOWED,ALLOWED,2026-10-03T01:01:54Z,SUCCESSFUL,https://stats47.jp/blog/prefectural-income-gdp-ranking,https://stats47.jp/blog/prefectural-income-gdp-ranking,MOBILE,3
https://stats47.jp/blog/manufacturing-productivity,PASS,送信して登録されました,INDEXING_ALLOWED,ALLOWED,2026-10-02T13:55:16Z,SUCCESSFUL,https://stats47.jp/blog/manufacturing-productivity,https://stats47.jp/blog/manufacturing-productivity,MOBILE,1
https://stats47.jp/blog/rice-consumption-quantity-ranking,PASS,送信して登録されました,INDEXING_ALLOWED,ALLOWED,2026-10-04T00:59:46Z,SUCCESSFUL,https://stats47.jp/blog/rice-consumption-quantity-ranking,https://stats47.jp/blog/rice-consumption-quantity-ranking,MOBILE,1
https://stats47.jp/,PASS,送信して登録されました,INDEXING_ALLOWED,ALLOWED,2026-10-06T08:46:11Z,SUCCESSFUL,https://stats47.jp/,https://stats47.jp/,MOBILE,2
https://stats47.jp/blog/childcare-friendly-prefecture-ranking,PASS,送信して登録されました,INDEXING_ALLOWED,ALLOWED,2026-10-06T07:06:04Z,SUCCESSFUL,https://stats47.jp/blog/childcare-friendly-prefecture-ranking,https://stats47.jp/blog/childcare-friendly-prefecture-ranking,MOBILE,2
https://stats47.jp/blog/habitable-area-land-use,PASS,送信して登録されました,INDEXING_ALLOWED,ALLOWED,2026-10-06T02:59:55Z,SUCCESSFUL,https://stats47.jp/blog/habitable-area-land-use,https://stats47.jp/blog/habitable-area-land-use,MOBILE,1
https://stats47.jp/blog/high-school-teacher-salary-prefecture-gap,PASS,送信して登録されました,INDEXING_ALLOWED,ALLOWED,2026-10-01T19:59:11Z,SUCCESSFUL,https://stats47.jp/blog/high-school-teacher-salary-prefecture-gap,https://stats47.jp/blog/high-school-teacher-salary-prefecture-gap,MOBILE,2
https://stats47.jp/blog/alcohol-prefecture-map,PASS,送信して登録されました,INDEXING_ALLOWED,ALLOWED,2026-10-04T23:07:18Z,SUCCESSFUL,https://stats47.jp/blog/alcohol-prefecture-map,https://stats47.jp/blog/alcohol-prefecture-map,MOBILE,1
https://stats47.jp/blog/municipality-count-prefecture-gap,PASS,送信して登録されました,INDEXING_ALLOWED,ALLOWED,2026-09-18T13:18:18Z,SUCCESSFUL,https://stats47.jp/blog/municipality-count-prefecture-gap,https://stats47.jp/blog/municipality-count-prefecture-gap,MOBILE,1
https://stats47.jp/ranking/elementary-school-children-count,PASS,送信して登録されました,INDEXING_ALLOWED,ALLOWED,2026-10-06T11:06:24Z,SUCCESSFUL,https://stats47.jp/ranking/elementary-school-children-count,,MOBILE,3
https://stats47.jp/blog/aging-solo-living-crisis,PASS,送信して登録されました,INDEXING_ALLOWED,ALLOWED,2026-10-03T02:47:46Z,SUCCESSFUL,https://stats47.jp/blog/aging-solo-living-crisis,https://stats47.jp/blog/aging-solo-living-crisis,MOBILE,2
https://stats47.jp/ranking/rice-consumption-quantity,PASS,送信して登録されました,INDEXING_ALLOWED,ALLOWED,2026-10-06T03:39:29Z,SUCCESSFUL,https://stats47.jp/ranking/rice-consumption-quantity,,MOBILE,3
https://stats47.jp/ranking/icecream-consumption-expenditure,PASS,送信して登録されました,INDEXING_ALLOWED,ALLOWED,2026-10-06T13:45:30Z,SUCCESSFUL,https://stats47.jp/ranking/icecream-consumption-expenditure,https://stats47.jp/ranking/icecream-consumption-expenditure,MOBILE,3
https://stats47.jp/blog/chicken-consumption-quantity,PASS,送信して登録されました,INDEXING_ALLOWED,ALLOWED,2026-10-01T14:12:27Z,SUCCESSFUL,https://stats47.jp/blog/chicken-consumption-quantity,https://stats47.jp/blog/chicken-consumption-quantity,MOBILE,0
https://stats47.jp/survey/census,PASS,送信して登録されました,INDEXING_ALLOWED,ALLOWED,2026-09-16T23:13:00Z,SUCCESSFUL,https://stats47.jp/survey/census,https://stats47.jp/survey/census,MOBILE,3
https://stats47.jp/blog/fertility-rate-prefecture-gap,PASS,送信して登録されました,INDEXING_ALLOWED,ALLOWED,2026-09-27T11:45:29Z,SUCCESSFUL,https://stats47.jp/blog/fertility-rate-prefecture-gap,https://stats47.jp/blog/fertility-rate-prefecture-gap,MOBILE,1
https://stats47.jp/blog/temperature-extremes-map,PASS,送信して登録されました,INDEXING_ALLOWED,ALLOWED,2026-10-06T06:37:27Z,SUCCESSFUL,https://stats47.jp/blog/temperature-extremes-map,https://stats47.jp/blog/temperature-extremes-map,MOBILE,2
https://stats47.jp/ranking/average-height-primary-school-fifth-grade-male,PASS,送信して登録されました,INDEXING_ALLOWED,ALLOWED,2026-10-04T02:27:07Z,SUCCESSFUL,https://stats47.jp/ranking/average-height-primary-school-fifth-grade-male,,MOBILE,3
https://stats47.jp/ranking/food-self-sufficiency-rate-calorie,PASS,送信して登録されました,INDEXING_ALLOWED,ALLOWED,2026-10-04T01:12:26Z,SUCCESSFUL,https://stats47.jp/ranking/food-self-sufficiency-rate-calorie,,MOBILE,2
https://stats47.jp/blog/future-population-tokyo-paradox,PASS,送信して登録されました,INDEXING_ALLOWED,ALLOWED,2026-10-03T03:21:17Z,SUCCESSFUL,https://stats47.jp/blog/future-population-tokyo-paradox,https://stats47.jp/blog/future-population-tokyo-paradox,MOBILE,2
https://stats47.jp/blog/distinctive-place-name-kanji-by-prefecture,PASS,送信して登録されました,INDEXING_ALLOWED,ALLOWED,2026-10-01T14:01:19Z,SUCCESSFUL,https://stats47.jp/blog/distinctive-place-name-kanji-by-prefecture,https://stats47.jp/blog/distinctive-place-name-kanji-by-prefecture,MOBILE,3
https://stats47.jp/blog/suicide-rate-aging-nexus,PASS,送信して登録されました,INDEXING_ALLOWED,ALLOWED,2026-08-25T18:49:39Z,SUCCESSFUL,https://stats47.jp/blog/suicide-rate-aging-nexus,https://stats47.jp/blog/suicide-rate-aging-nexus,MOBILE,1
https://stats47.jp/blog/households-on-public-assistance-per-1000-prefecture-gap,PASS,送信して登録されました,INDEXING_ALLOWED,ALLOWED,2026-08-30T12:42:06Z,SUCCESSFUL,https://stats47.jp/blog/households-on-public-assistance-per-1000-prefecture-gap,https://stats47.jp/blog/households-on-public-assistance-per-1000-prefecture-gap,MOBILE,0
https://stats47.jp/blog/local-tax-revenue-gap,PASS,送信して登録されました,INDEXING_ALLOWED,ALLOWED,2026-10-01T01:15:43Z,SUCCESSFUL,https://stats47.jp/blog/local-tax-revenue-gap,https://stats47.jp/blog/local-tax-revenue-gap,MOBILE,1
https://stats47.jp/blog/frozen-gyoza-spending-prefecture-gap,PASS,送信して登録されました,INDEXING_ALLOWED,ALLOWED,2026-09-11T21:02:17Z,SUCCESSFUL,https://stats47.jp/blog/frozen-gyoza-spending-prefecture-gap,https://stats47.jp/blog/frozen-gyoza-spending-prefecture-gap,MOBILE,0
https://stats47.jp/blog/sports-urban-paradox,PASS,送信して登録されました,INDEXING_ALLOWED,ALLOWED,2026-09-29T13:06:45Z,SUCCESSFUL,https://stats47.jp/blog/sports-urban-paradox,https://stats47.jp/blog/sports-urban-paradox,MOBILE,2
https://stats47.jp/blog/farmland-crisis-abandoned-land,PASS,送信して登録されました,INDEXING_ALLOWED,ALLOWED,2026-10-04T13:59:25Z,SUCCESSFUL,https://stats47.jp/blog/farmland-crisis-abandoned-land,https://stats47.jp/blog/farmland-crisis-abandoned-land,MOBILE,2
https://stats47.jp/blog/marriage-unmarried-crisis,PASS,送信して登録されました,INDEXING_ALLOWED,ALLOWED,2026-10-01T05:25:32Z,SUCCESSFUL,https://stats47.jp/blog/marriage-unmarried-crisis,https://stats47.jp/blog/marriage-unmarried-crisis,MOBILE,1
https://stats47.jp/blog/sunshine-pacific-vs-nihonkai,PASS,送信して登録されました,INDEXING_ALLOWED,ALLOWED,2026-10-01T12:57:40Z,SUCCESSFUL,https://stats47.jp/blog/sunshine-pacific-vs-nihonkai,https://stats47.jp/blog/sunshine-pacific-vs-nihonkai,MOBILE,2
https://stats47.jp/ranking/tuna-consumption-quantity,PASS,送信して登録されました,INDEXING_ALLOWED,ALLOWED,2026-10-05T12:03:52Z,SUCCESSFUL,https://stats47.jp/ranking/tuna-consumption-quantity,,MOBILE,2
https://stats47.jp/blog/household-spending-prefecture-gap,PASS,送信して登録されました,INDEXING_ALLOWED,ALLOWED,2026-09-27T16:57:26Z,SUCCESSFUL,https://stats47.jp/blog/household-spending-prefecture-gap,https://stats47.jp/blog/household-spending-prefecture-gap,MOBILE,2
https://stats47.jp/blog/unemployment-structure,PASS,送信して登録されました,INDEXING_ALLOWED,ALLOWED,2026-09-29T10:20:08Z,SUCCESSFUL,https://stats47.jp/blog/unemployment-structure,https://stats47.jp/blog/unemployment-structure,MOBILE,1
https://stats47.jp/municipalities/ranking/manufacturing-shipment-amount,PASS,送信して登録されました,INDEXING_ALLOWED,ALLOWED,2026-09-27T13:50:58Z,SUCCESSFUL,https://stats47.jp/municipalities/ranking/manufacturing-shipment-amount,https://stats47.jp/municipalities/ranking/manufacturing-shipment-amount,MOBILE,0
https://stats47.jp/blog/konbu-consumption-prefecture-gap,PASS,送信して登録されました,INDEXING_ALLOWED,ALLOWED,2026-10-03T03:43:51Z,SUCCESSFUL,https://stats47.jp/blog/konbu-consumption-prefecture-gap,https://stats47.jp/blog/konbu-consumption-prefecture-gap,MOBILE,2
https://stats47.jp/ranking/other-bread-consumption-quantity,PASS,送信して登録されました,INDEXING_ALLOWED,ALLOWED,2026-10-06T03:35:37Z,SUCCESSFUL,https://stats47.jp/ranking/other-bread-consumption-quantity,,MOBILE,2
https://stats47.jp/themes/aging-society,PASS,送信して登録されました,INDEXING_ALLOWED,ALLOWED,2026-10-03T02:42:19Z,SUCCESSFUL,https://stats47.jp/themes/aging-society,https://stats47.jp/themes/aging-society,MOBILE,3
https://stats47.jp/blog/household-structure-transformation,PASS,送信して登録されました,INDEXING_ALLOWED,ALLOWED,2026-09-30T12:20:04Z,SUCCESSFUL,https://stats47.jp/blog/household-structure-transformation,https://stats47.jp/blog/household-structure-transformation,MOBILE,2
https://stats47.jp/blog/home-ownership-rate-ranking,PASS,送信して登録されました,INDEXING_ALLOWED,ALLOWED,2026-09-30T11:52:45Z,SUCCESSFUL,https://stats47.jp/blog/home-ownership-rate-ranking,https://stats47.jp/blog/home-ownership-rate-ranking,MOBILE,3
https://stats47.jp/blog/police-officer-density-vs-crime-gap,PASS,送信して登録されました,INDEXING_ALLOWED,ALLOWED,2026-10-04T12:48:32Z,SUCCESSFUL,https://stats47.jp/blog/police-officer-density-vs-crime-gap,https://stats47.jp/blog/police-officer-density-vs-crime-gap,MOBILE,2
https://stats47.jp/ranking/local-allocation-tax-prefecture,PASS,送信して登録されました,INDEXING_ALLOWED,ALLOWED,2026-10-05T11:59:39Z,SUCCESSFUL,https://stats47.jp/ranking/local-allocation-tax-prefecture,,MOBILE,2
https://stats47.jp/blog/fiscal-self-reliance-gap,PASS,送信して登録されました,INDEXING_ALLOWED,ALLOWED,2026-10-06T03:06:59Z,SUCCESSFUL,https://stats47.jp/blog/fiscal-self-reliance-gap,https://stats47.jp/blog/fiscal-self-reliance-gap,MOBILE,1
https://stats47.jp/blog/population-density-urbanization,PASS,送信して登録されました,INDEXING_ALLOWED,ALLOWED,2026-10-01T11:18:45Z,SUCCESSFUL,https://stats47.jp/blog/population-density-urbanization,https://stats47.jp/blog/population-density-urbanization,MOBILE,1
https://stats47.jp/blog/food-consumption-prefecture-battle,PASS,送信して登録されました,INDEXING_ALLOWED,ALLOWED,2026-09-29T20:32:44Z,SUCCESSFUL,https://stats47.jp/blog/food-consumption-prefecture-battle,https://stats47.jp/blog/food-consumption-prefecture-battle,MOBILE,1
https://stats47.jp/ranking/beef-consumption-quantity,PASS,送信して登録されました,INDEXING_ALLOWED,ALLOWED,2026-10-05T15:02:29Z,SUCCESSFUL,https://stats47.jp/ranking/beef-consumption-quantity,,MOBILE,3
https://stats47.jp/ranking/coffee-consumption-quantity,PASS,送信して登録されました,INDEXING_ALLOWED,ALLOWED,2026-10-05T12:00:48Z,SUCCESSFUL,https://stats47.jp/ranking/coffee-consumption-quantity,,MOBILE,1
https://stats47.jp/blog/semiconductor-electronics-regional-map,PASS,送信して登録されました,INDEXING_ALLOWED,ALLOWED,2026-10-01T04:58:14Z,SUCCESSFUL,https://stats47.jp/blog/semiconductor-electronics-regional-map,https://stats47.jp/blog/semiconductor-electronics-regional-map,MOBILE,2
https://stats47.jp/ranking/dual-income-household-ratio,PASS,送信して登録されました,INDEXING_ALLOWED,ALLOWED,2026-10-06T02:38:13Z,SUCCESSFUL,https://stats47.jp/ranking/dual-income-household-ratio,,MOBILE,2
https://stats47.jp/blog/airport-count-prefecture-gap,PASS,送信して登録されました,INDEXING_ALLOWED,ALLOWED,2026-10-05T11:48:15Z,SUCCESSFUL,https://stats47.jp/blog/airport-count-prefecture-gap,https://stats47.jp/blog/airport-count-prefecture-gap,MOBILE,3
https://stats47.jp/blog/annual-sunshine-duration-prefecture-gap,PASS,送信して登録されました,INDEXING_ALLOWED,ALLOWED,2026-10-02T04:55:40Z,SUCCESSFUL,https://stats47.jp/blog/annual-sunshine-duration-prefecture-gap,https://stats47.jp/blog/annual-sunshine-duration-prefecture-gap,MOBILE,0
https://stats47.jp/blog/prefecture-population-city-concentration,PASS,送信して登録されました,INDEXING_ALLOWED,ALLOWED,2026-10-06T02:01:24Z,SUCCESSFUL,https://stats47.jp/blog/prefecture-population-city-concentration,https://stats47.jp/blog/prefecture-population-city-concentration,MOBILE,2
https://stats47.jp/blog/curry-roux-consumption-gap,PASS,送信して登録されました,INDEXING_ALLOWED,ALLOWED,2026-10-02T14:22:21Z,SUCCESSFUL,https://stats47.jp/blog/curry-roux-consumption-gap,https://stats47.jp/blog/curry-roux-consumption-gap,MOBILE,0
https://stats47.jp/ranking/fishery-workers,PASS,送信して登録されました,INDEXING_ALLOWED,ALLOWED,2026-10-06T00:06:18Z,SUCCESSFUL,https://stats47.jp/ranking/fishery-workers,,MOBILE,3
https://stats47.jp/ranking/national-treasury-disbursement-prefecture,PASS,送信して登録されました,INDEXING_ALLOWED,ALLOWED,2026-09-30T23:03:38Z,SUCCESSFUL,https://stats47.jp/ranking/national-treasury-disbursement-prefecture,,MOBILE,3
https://stats47.jp/blog/wheat-flour-consumption-prefecture,PASS,送信して登録されました,INDEXING_ALLOWED,ALLOWED,2026-10-04T12:58:44Z,SUCCESSFUL,https://stats47.jp/blog/wheat-flour-consumption-prefecture,https://stats47.jp/blog/wheat-flour-consumption-prefecture,MOBILE,1
https://stats47.jp/ranking/flood-affected-rivers,PASS,送信して登録されました,INDEXING_ALLOWED,ALLOWED,2026-09-28T18:54:36Z,SUCCESSFUL,https://stats47.jp/ranking/flood-affected-rivers,,MOBILE,2
https://stats47.jp/blog/middle-school-height-east-west-puzzle,PASS,送信して登録されました,INDEXING_ALLOWED,ALLOWED,2026-09-30T06:19:48Z,SUCCESSFUL,https://stats47.jp/blog/middle-school-height-east-west-puzzle,https://stats47.jp/blog/middle-school-height-east-west-puzzle,MOBILE,1
https://stats47.jp/blog/tofu-consumption-prefecture-gap,PASS,送信して登録されました,INDEXING_ALLOWED,ALLOWED,2026-10-03T01:00:23Z,SUCCESSFUL,https://stats47.jp/blog/tofu-consumption-prefecture-gap,https://stats47.jp/blog/tofu-consumption-prefecture-gap,MOBILE,0
https://stats47.jp/ranking/school-teacher-annual-income,PASS,送信して登録されました,INDEXING_ALLOWED,ALLOWED,2026-10-06T11:50:12Z,SUCCESSFUL,https://stats47.jp/ranking/school-teacher-annual-income,,MOBILE,2
https://stats47.jp/ranking/cup-noodles-consumption-expenditure,PASS,送信して登録されました,INDEXING_ALLOWED,ALLOWED,2026-10-05T12:32:05Z,SUCCESSFUL,https://stats47.jp/ranking/cup-noodles-consumption-expenditure,,MOBILE,3
https://stats47.jp/blog/wind-power-capacity-prefecture-gap,PASS,送信して登録されました,INDEXING_ALLOWED,ALLOWED,2026-10-06T02:48:56Z,SUCCESSFUL,https://stats47.jp/blog/wind-power-capacity-prefecture-gap,https://stats47.jp/blog/wind-power-capacity-prefecture-gap,MOBILE,2
https://stats47.jp/blog/sake-consumption-prefecture-gap,PASS,送信して登録されました,INDEXING_ALLOWED,ALLOWED,2026-10-02T23:11:05Z,SUCCESSFUL,https://stats47.jp/blog/sake-consumption-prefecture-gap,https://stats47.jp/blog/sake-consumption-prefecture-gap,MOBILE,2
https://stats47.jp/ranking/soba-udon-dining-consumption-expenditure,PASS,送信して登録されました,INDEXING_ALLOWED,ALLOWED,2026-10-06T03:27:55Z,SUCCESSFUL,https://stats47.jp/ranking/soba-udon-dining-consumption-expenditure,,MOBILE,3
https://stats47.jp/ranking/grilled-eel-consumption-expenditure,PASS,送信して登録されました,INDEXING_ALLOWED,ALLOWED,2026-10-06T00:09:03Z,SUCCESSFUL,https://stats47.jp/ranking/grilled-eel-consumption-expenditure,,MOBILE,2
https://stats47.jp/ranking/pork-consumption-quantity,PASS,送信して登録されました,INDEXING_ALLOWED,ALLOWED,2026-10-05T12:09:47Z,SUCCESSFUL,https://stats47.jp/ranking/pork-consumption-quantity,,MOBILE,2
https://stats47.jp/blog/urban-parks-green-infrastructure,PASS,送信して登録されました,INDEXING_ALLOWED,ALLOWED,2026-10-02T22:44:13Z,SUCCESSFUL,https://stats47.jp/blog/urban-parks-green-infrastructure,https://stats47.jp/blog/urban-parks-green-infrastructure,MOBILE,2
https://stats47.jp/ranking/designated-difficult-disease,PASS,送信して登録されました,INDEXING_ALLOWED,ALLOWED,2026-10-06T08:54:32Z,SUCCESSFUL,https://stats47.jp/ranking/designated-difficult-disease,,MOBILE,3
https://stats47.jp/ranking/physical-disability-certificates-issued,PASS,送信して登録されました,INDEXING_ALLOWED,ALLOWED,2026-10-06T19:17:42Z,SUCCESSFUL,https://stats47.jp/ranking/physical-disability-certificates-issued,,MOBILE,2
https://stats47.jp/ranking/bonito-consumption-quantity,PASS,送信して登録されました,INDEXING_ALLOWED,ALLOWED,2026-10-05T13:44:13Z,SUCCESSFUL,https://stats47.jp/ranking/bonito-consumption-quantity,,MOBILE,2
https://stats47.jp/ranking/treatment-rate-hypertension-outpatient,PASS,送信して登録されました,INDEXING_ALLOWED,ALLOWED,2026-10-06T02:11:23Z,SUCCESSFUL,https://stats47.jp/ranking/treatment-rate-hypertension-outpatient,,MOBILE,3
https://stats47.jp/blog/real-income-taxpayer,PASS,送信して登録されました,INDEXING_ALLOWED,ALLOWED,2026-10-04T07:49:55Z,SUCCESSFUL,https://stats47.jp/blog/real-income-taxpayer,https://stats47.jp/blog/real-income-taxpayer,MOBILE,0
https://stats47.jp/blog/konnyaku-expenditure-ranking,PASS,送信して登録されました,INDEXING_ALLOWED,ALLOWED,2026-10-02T02:36:32Z,SUCCESSFUL,https://stats47.jp/blog/konnyaku-expenditure-ranking,https://stats47.jp/blog/konnyaku-expenditure-ranking,MOBILE,1
https://stats47.jp/blog/konbu-consumption-quantity,PASS,送信して登録されました,INDEXING_ALLOWED,ALLOWED,2026-09-30T13:28:44Z,SUCCESSFUL,https://stats47.jp/blog/konbu-consumption-quantity,https://stats47.jp/blog/konbu-consumption-quantity,MOBILE,0
https://stats47.jp/blog/chocolate-expenditure-ranking,PASS,送信して登録されました,INDEXING_ALLOWED,ALLOWED,2026-10-03T05:02:01Z,SUCCESSFUL,https://stats47.jp/blog/chocolate-expenditure-ranking,https://stats47.jp/blog/chocolate-expenditure-ranking,MOBILE,1
https://stats47.jp/blog/abortion-rate-prefecture-gap,PASS,送信して登録されました,INDEXING_ALLOWED,ALLOWED,2026-10-06T02:49:07Z,SUCCESSFUL,https://stats47.jp/blog/abortion-rate-prefecture-gap,https://stats47.jp/blog/abortion-rate-prefecture-gap,MOBILE,3
https://stats47.jp/blog/university-advancement-capacity,PASS,送信して登録されました,INDEXING_ALLOWED,ALLOWED,2026-10-03T16:43:26Z,SUCCESSFUL,https://stats47.jp/blog/university-advancement-capacity,https://stats47.jp/blog/university-advancement-capacity,MOBILE,2
https://stats47.jp/blog/energy-infrastructure-gas-electricity,PASS,送信して登録されました,INDEXING_ALLOWED,ALLOWED,2026-10-04T03:50:05Z,SUCCESSFUL,https://stats47.jp/blog/energy-infrastructure-gas-electricity,https://stats47.jp/blog/energy-infrastructure-gas-electricity,MOBILE,5
https://stats47.jp/blog/mochi-consumption-prefecture-gap,PASS,送信して登録されました,INDEXING_ALLOWED,ALLOWED,2026-10-04T12:37:29Z,SUCCESSFUL,https://stats47.jp/blog/mochi-consumption-prefecture-gap,https://stats47.jp/blog/mochi-consumption-prefecture-gap,MOBILE,1
https://stats47.jp/blog/price-index-high-low-prefecture,PASS,送信して登録されました,INDEXING_ALLOWED,ALLOWED,2026-10-05T22:43:21Z,SUCCESSFUL,https://stats47.jp/blog/price-index-high-low-prefecture,https://stats47.jp/blog/price-index-high-low-prefecture,MOBILE,1
https://stats47.jp/ranking/real-disposable-income,PASS,送信して登録されました,INDEXING_ALLOWED,ALLOWED,2026-09-28T19:18:31Z,SUCCESSFUL,https://stats47.jp/ranking/real-disposable-income,,MOBILE,2
https://stats47.jp/ranking/green-tea-consumption-quantity,PASS,送信して登録されました,INDEXING_ALLOWED,ALLOWED,2026-10-06T11:32:02Z,SUCCESSFUL,https://stats47.jp/ranking/green-tea-consumption-quantity,,MOBILE,2
https://stats47.jp/ranking/fishery-species-catch-pacific-saury,PASS,送信して登録されました,INDEXING_ALLOWED,ALLOWED,2026-10-04T08:14:28Z,SUCCESSFUL,https://stats47.jp/ranking/fishery-species-catch-pacific-saury,,MOBILE,3
https://stats47.jp/blog/development-history-place-name-map,PASS,送信して登録されました,INDEXING_ALLOWED,ALLOWED,2026-09-29T10:27:16Z,SUCCESSFUL,https://stats47.jp/blog/development-history-place-name-map,https://stats47.jp/blog/development-history-place-name-map,MOBILE,3
https://stats47.jp/blog/dining-out-expenditure-ranking,PASS,送信して登録されました,INDEXING_ALLOWED,ALLOWED,2026-10-03T03:36:40Z,SUCCESSFUL,https://stats47.jp/blog/dining-out-expenditure-ranking,https://stats47.jp/blog/dining-out-expenditure-ranking,MOBILE,2
https://stats47.jp/ranking/psychiatric-bed-count,PASS,送信して登録されました,INDEXING_ALLOWED,ALLOWED,2026-10-05T13:44:57Z,SUCCESSFUL,https://stats47.jp/ranking/psychiatric-bed-count,,MOBILE,2
https://stats47.jp/ranking/tissue-paper-consumption-expenditure,PASS,送信して登録されました,INDEXING_ALLOWED,ALLOWED,2026-10-06T01:50:55Z,SUCCESSFUL,https://stats47.jp/ranking/tissue-paper-consumption-expenditure,,MOBILE,2
https://stats47.jp/blog/park-green-space-gap,PASS,送信して登録されました,INDEXING_ALLOWED,ALLOWED,2026-09-30T06:13:05Z,SUCCESSFUL,https://stats47.jp/blog/park-green-space-gap,https://stats47.jp/blog/park-green-space-gap,MOBILE,1
https://stats47.jp/ranking/road-expressway-length,PASS,送信して登録されました,INDEXING_ALLOWED,ALLOWED,2026-10-06T03:18:28Z,SUCCESSFUL,https://stats47.jp/ranking/road-expressway-length,,MOBILE,2
https://stats47.jp/ranking/stillbirths-after-22-weeks,PASS,送信して登録されました,INDEXING_ALLOWED,ALLOWED,2026-10-06T23:31:50Z,SUCCESSFUL,https://stats47.jp/ranking/stillbirths-after-22-weeks,,MOBILE,4
https://stats47.jp/ranking/gasoline-consumption-quantity,PASS,送信して登録されました,INDEXING_ALLOWED,ALLOWED,2026-10-06T01:17:21Z,SUCCESSFUL,https://stats47.jp/ranking/gasoline-consumption-quantity,,MOBILE,2
https://stats47.jp/ranking/katsuobushi-consumption-quantity,PASS,送信して登録されました,INDEXING_ALLOWED,ALLOWED,2026-10-06T12:49:34Z,SUCCESSFUL,https://stats47.jp/ranking/katsuobushi-consumption-quantity,,MOBILE,2
https://stats47.jp/ranking/post-office-count,PASS,送信して登録されました,INDEXING_ALLOWED,ALLOWED,2026-10-05T11:52:53Z,SUCCESSFUL,https://stats47.jp/ranking/post-office-count,,MOBILE,2
https://stats47.jp/ranking/cup-noodles-consumption-quantity,PASS,送信して登録されました,INDEXING_ALLOWED,ALLOWED,2026-10-05T13:47:52Z,SUCCESSFUL,https://stats47.jp/ranking/cup-noodles-consumption-quantity,,MOBILE,2
https://stats47.jp/blog/day-time-population-prefecture-gap,PASS,送信して登録されました,INDEXING_ALLOWED,ALLOWED,2026-08-29T12:45:48Z,SUCCESSFUL,https://stats47.jp/blog/day-time-population-prefecture-gap,https://stats47.jp/blog/day-time-population-prefecture-gap,MOBILE,0
https://stats47.jp/ranking/nuclear-family-household-count,PASS,送信して登録されました,INDEXING_ALLOWED,ALLOWED,2026-09-25T15:16:45Z,SUCCESSFUL,https://stats47.jp/ranking/nuclear-family-household-count,,MOBILE,1
https://stats47.jp/ranking/fishery-species-catch-sardine,PASS,送信して登録されました,INDEXING_ALLOWED,ALLOWED,2026-09-29T12:58:35Z,SUCCESSFUL,https://stats47.jp/ranking/fishery-species-catch-sardine,,MOBILE,3
https://stats47.jp/ranking/fresh-udon-soba-consumption-quantity,PASS,送信して登録されました,INDEXING_ALLOWED,ALLOWED,2026-10-05T14:47:44Z,SUCCESSFUL,https://stats47.jp/ranking/fresh-udon-soba-consumption-quantity,,MOBILE,1
https://stats47.jp/ranking/early-neonatal-deaths,PASS,送信して登録されました,INDEXING_ALLOWED,ALLOWED,2026-06-24T15:54:58Z,SUCCESSFUL,https://stats47.jp/ranking/early-neonatal-deaths,https://stats47.jp/ranking/early-neonatal-deaths,MOBILE,3
https://stats47.jp/ranking/avg-salary-police-prefecture,PASS,送信して登録されました,INDEXING_ALLOWED,ALLOWED,2026-10-06T12:23:58Z,SUCCESSFUL,https://stats47.jp/ranking/avg-salary-police-prefecture,,MOBILE,3
https://stats47.jp/ranking/dam-count,PASS,送信して登録されました,INDEXING_ALLOWED,ALLOWED,2026-07-04T00:51:51Z,SUCCESSFUL,https://stats47.jp/ranking/dam-count,https://stats47.jp/ranking/dam-count,MOBILE,1
https://stats47.jp/ranking/sole-proprietor-sales,PASS,送信して登録されました,INDEXING_ALLOWED,ALLOWED,2026-10-06T11:42:19Z,SUCCESSFUL,https://stats47.jp/ranking/sole-proprietor-sales,,MOBILE,3
https://stats47.jp/blog/potato-consumption-quantity,PASS,送信して登録されました,INDEXING_ALLOWED,ALLOWED,2026-10-03T02:49:01Z,SUCCESSFUL,https://stats47.jp/blog/potato-consumption-quantity,https://stats47.jp/blog/potato-consumption-quantity,MOBILE,1
https://stats47.jp/ranking/miso-consumption-quantity,PASS,送信して登録されました,INDEXING_ALLOWED,ALLOWED,2026-10-06T01:02:12Z,SUCCESSFUL,https://stats47.jp/ranking/miso-consumption-quantity,,MOBILE,2
https://stats47.jp/blog/food-spending-pattern,PASS,送信して登録されました,INDEXING_ALLOWED,ALLOWED,2026-09-30T19:24:05Z,SUCCESSFUL,https://stats47.jp/blog/food-spending-pattern,https://stats47.jp/blog/food-spending-pattern,MOBILE,1
https://stats47.jp/about,PASS,送信して登録されました,INDEXING_ALLOWED,ALLOWED,2026-09-25T22:21:26Z,SUCCESSFUL,https://stats47.jp/about,https://stats47.jp/about,MOBILE,3
https://stats47.jp/themes,PASS,送信して登録されました,INDEXING_ALLOWED,ALLOWED,2026-09-27T01:14:43Z,SUCCESSFUL,https://stats47.jp/themes,https://stats47.jp/themes,MOBILE,2
https://stats47.jp/categories,NEUTRAL,URL が Google に認識されていません,INDEXING_STATE_UNSPECIFIED,ROBOTS_TXT_STATE_UNSPECIFIED,,PAGE_FETCH_STATE_UNSPECIFIED,,,,0
https://stats47.jp/areas,PASS,送信して登録されました,INDEXING_ALLOWED,ALLOWED,2026-10-02T07:46:10Z,SUCCESSFUL,https://stats47.jp/areas,https://stats47.jp/areas,MOBILE,2
https://stats47.jp/ranking,PASS,送信して登録されました,INDEXING_ALLOWED,ALLOWED,2026-10-05T16:39:15Z,SUCCESSFUL,https://stats47.jp/ranking,,MOBILE,4
https://stats47.jp/blog,PASS,送信して登録されました,INDEXING_ALLOWED,ALLOWED,2026-10-02T06:10:31Z,SUCCESSFUL,https://stats47.jp/blog,https://stats47.jp/blog,MOBILE,10
https://stats47.jp/search,NEUTRAL,noindex タグによって除外されました,BLOCKED_BY_META_TAG,ALLOWED,2026-06-24T01:25:49Z,SUCCESSFUL,https://stats47.jp/search,https://stats47.jp/search,MOBILE,3
https://stats47.jp/areas/01000,PASS,送信して登録されました,INDEXING_ALLOWED,ALLOWED,2026-10-01T11:01:40Z,SUCCESSFUL,https://stats47.jp/areas/01000,,MOBILE,2
https://stats47.jp/areas/02000,PASS,送信して登録されました,INDEXING_ALLOWED,ALLOWED,2026-10-06T09:28:43Z,SUCCESSFUL,https://stats47.jp/areas/02000,,MOBILE,2
https://stats47.jp/areas/03000,PASS,送信して登録されました,INDEXING_ALLOWED,ALLOWED,2026-10-04T00:21:23Z,SUCCESSFUL,https://stats47.jp/areas/03000,,MOBILE,2
https://stats47.jp/areas/04000,PASS,送信して登録されました,INDEXING_ALLOWED,ALLOWED,2026-10-05T22:48:49Z,SUCCESSFUL,https://stats47.jp/areas/04000,https://stats47.jp/areas/04000,MOBILE,2
https://stats47.jp/areas/05000,PASS,送信して登録されました,INDEXING_ALLOWED,ALLOWED,2026-10-04T02:29:41Z,SUCCESSFUL,https://stats47.jp/areas/05000,,MOBILE,2
https://stats47.jp/areas/06000,PASS,送信して登録されました,INDEXING_ALLOWED,ALLOWED,2026-09-30T10:42:49Z,SUCCESSFUL,https://stats47.jp/areas/06000,,MOBILE,2
https://stats47.jp/areas/07000,PASS,送信して登録されました,INDEXING_ALLOWED,ALLOWED,2026-09-27T13:50:55Z,SUCCESSFUL,https://stats47.jp/areas/07000,,MOBILE,2
https://stats47.jp/areas/08000,PASS,送信して登録されました,INDEXING_ALLOWED,ALLOWED,2026-10-03T03:04:27Z,SUCCESSFUL,https://stats47.jp/areas/08000,,MOBILE,2
https://stats47.jp/areas/09000,PASS,送信して登録されました,INDEXING_ALLOWED,ALLOWED,2026-10-02T22:30:31Z,SUCCESSFUL,https://stats47.jp/areas/09000,,MOBILE,2
https://stats47.jp/areas/10000,PASS,送信して登録されました,INDEXING_ALLOWED,ALLOWED,2026-10-06T07:47:17Z,SUCCESSFUL,https://stats47.jp/areas/10000,,MOBILE,3
https://stats47.jp/areas/11000,PASS,送信して登録されました,INDEXING_ALLOWED,ALLOWED,2026-10-01T18:41:30Z,SUCCESSFUL,https://stats47.jp/areas/11000,,MOBILE,2
https://stats47.jp/areas/12000,PASS,送信して登録されました,INDEXING_ALLOWED,ALLOWED,2026-10-04T12:04:32Z,SUCCESSFUL,https://stats47.jp/areas/12000,,MOBILE,2
https://stats47.jp/areas/13000,PASS,送信して登録されました,INDEXING_ALLOWED,ALLOWED,2026-10-04T14:09:10Z,SUCCESSFUL,https://stats47.jp/areas/13000,,MOBILE,2
https://stats47.jp/areas/14000,PASS,送信して登録されました,INDEXING_ALLOWED,ALLOWED,2026-10-02T07:38:54Z,SUCCESSFUL,https://stats47.jp/areas/14000,,MOBILE,2
https://stats47.jp/areas/15000,PASS,送信して登録されました,INDEXING_ALLOWED,ALLOWED,2026-10-04T12:11:52Z,SUCCESSFUL,https://stats47.jp/areas/15000,https://stats47.jp/areas/15000,MOBILE,3
https://stats47.jp/areas/16000,PASS,送信して登録されました,INDEXING_ALLOWED,ALLOWED,2026-10-01T22:50:26Z,SUCCESSFUL,https://stats47.jp/areas/16000,,MOBILE,2
https://stats47.jp/areas/17000,PASS,送信して登録されました,INDEXING_ALLOWED,ALLOWED,2026-10-03T00:10:48Z,SUCCESSFUL,https://stats47.jp/areas/17000,,MOBILE,3
https://stats47.jp/areas/18000,PASS,送信して登録されました,INDEXING_ALLOWED,ALLOWED,2026-10-06T13:58:35Z,SUCCESSFUL,https://stats47.jp/areas/18000,,MOBILE,2
https://stats47.jp/areas/19000,PASS,送信して登録されました,INDEXING_ALLOWED,ALLOWED,2026-10-04T00:43:52Z,SUCCESSFUL,https://stats47.jp/areas/19000,https://stats47.jp/areas/19000,MOBILE,2
https://stats47.jp/areas/20000,PASS,送信して登録されました,INDEXING_ALLOWED,ALLOWED,2026-10-01T05:34:26Z,SUCCESSFUL,https://stats47.jp/areas/20000,,MOBILE,2
https://stats47.jp/areas/21000,PASS,送信して登録されました,INDEXING_ALLOWED,ALLOWED,2026-10-01T06:32:10Z,SUCCESSFUL,https://stats47.jp/areas/21000,https://stats47.jp/areas/21000,MOBILE,2
https://stats47.jp/areas/22000,PASS,送信して登録されました,INDEXING_ALLOWED,ALLOWED,2026-09-25T21:39:46Z,SUCCESSFUL,https://stats47.jp/areas/22000,,MOBILE,2
https://stats47.jp/areas/23000,PASS,送信して登録されました,INDEXING_ALLOWED,ALLOWED,2026-09-28T06:19:50Z,SUCCESSFUL,https://stats47.jp/areas/23000,,MOBILE,3
https://stats47.jp/areas/24000,PASS,送信して登録されました,INDEXING_ALLOWED,ALLOWED,2026-09-27T04:00:16Z,SUCCESSFUL,https://stats47.jp/areas/24000,,MOBILE,2
https://stats47.jp/areas/25000,PASS,送信して登録されました,INDEXING_ALLOWED,ALLOWED,2026-09-24T18:02:01Z,SUCCESSFUL,https://stats47.jp/areas/25000,,MOBILE,3
https://stats47.jp/areas/26000,PASS,送信して登録されました,INDEXING_ALLOWED,ALLOWED,2026-10-06T09:51:50Z,SUCCESSFUL,https://stats47.jp/areas/26000,,MOBILE,2
https://stats47.jp/areas/27000,PASS,送信して登録されました,INDEXING_ALLOWED,ALLOWED,2026-10-04T00:15:53Z,SUCCESSFUL,https://stats47.jp/areas/27000,https://stats47.jp/areas/27000,MOBILE,2
https://stats47.jp/areas/28000,PASS,送信して登録されました,INDEXING_ALLOWED,ALLOWED,2026-10-06T22:19:29Z,SUCCESSFUL,https://stats47.jp/areas/28000,,MOBILE,2
https://stats47.jp/areas/29000,PASS,送信して登録されました,INDEXING_ALLOWED,ALLOWED,2026-09-30T22:58:13Z,SUCCESSFUL,https://stats47.jp/areas/29000,,MOBILE,2
https://stats47.jp/areas/30000,PASS,送信して登録されました,INDEXING_ALLOWED,ALLOWED,2026-10-03T03:22:40Z,SUCCESSFUL,https://stats47.jp/areas/30000,https://stats47.jp/areas/30000,MOBILE,3
https://stats47.jp/areas/31000,PASS,送信して登録されました,INDEXING_ALLOWED,ALLOWED,2026-09-01T12:27:41Z,SUCCESSFUL,https://stats47.jp/areas/31000,,MOBILE,3
https://stats47.jp/areas/32000,PASS,送信して登録されました,INDEXING_ALLOWED,ALLOWED,2026-09-10T22:42:12Z,SUCCESSFUL,https://stats47.jp/areas/32000,,MOBILE,2
https://stats47.jp/areas/33000,PASS,送信して登録されました,INDEXING_ALLOWED,ALLOWED,2026-10-05T22:16:36Z,SUCCESSFUL,https://stats47.jp/areas/33000,,MOBILE,2
https://stats47.jp/areas/34000,PASS,送信して登録されました,INDEXING_ALLOWED,ALLOWED,2026-09-30T12:08:21Z,SUCCESSFUL,https://stats47.jp/areas/34000,,MOBILE,2
https://stats47.jp/areas/35000,PASS,送信して登録されました,INDEXING_ALLOWED,ALLOWED,2026-09-30T05:00:15Z,SUCCESSFUL,https://stats47.jp/areas/35000,,MOBILE,3
https://stats47.jp/areas/36000,PASS,送信して登録されました,INDEXING_ALLOWED,ALLOWED,2026-09-24T13:19:34Z,SUCCESSFUL,https://stats47.jp/areas/36000,,MOBILE,2
https://stats47.jp/areas/37000,PASS,送信して登録されました,INDEXING_ALLOWED,ALLOWED,2026-10-06T10:05:09Z,SUCCESSFUL,https://stats47.jp/areas/37000,,MOBILE,2
https://stats47.jp/areas/38000,PASS,送信して登録されました,INDEXING_ALLOWED,ALLOWED,2026-09-26T10:38:19Z,SUCCESSFUL,https://stats47.jp/areas/38000,,MOBILE,2
https://stats47.jp/areas/39000,PASS,送信して登録されました,INDEXING_ALLOWED,ALLOWED,2026-10-05T09:51:40Z,SUCCESSFUL,https://stats47.jp/areas/39000,,MOBILE,1
https://stats47.jp/areas/40000,PASS,送信して登録されました,INDEXING_ALLOWED,ALLOWED,2026-09-26T08:56:37Z,SUCCESSFUL,https://stats47.jp/areas/40000,,MOBILE,2
https://stats47.jp/areas/41000,PASS,送信して登録されました,INDEXING_ALLOWED,ALLOWED,2026-10-06T21:31:41Z,SUCCESSFUL,https://stats47.jp/areas/41000,,MOBILE,2
https://stats47.jp/areas/42000,PASS,送信して登録されました,INDEXING_ALLOWED,ALLOWED,2026-10-03T09:52:55Z,SUCCESSFUL,https://stats47.jp/areas/42000,,MOBILE,2
https://stats47.jp/areas/43000,PASS,送信して登録されました,INDEXING_ALLOWED,ALLOWED,2026-10-02T07:19:39Z,SUCCESSFUL,https://stats47.jp/areas/43000,,MOBILE,2
https://stats47.jp/areas/44000,PASS,送信して登録されました,INDEXING_ALLOWED,ALLOWED,2026-09-30T07:43:10Z,SUCCESSFUL,https://stats47.jp/areas/44000,,MOBILE,2
https://stats47.jp/areas/45000,PASS,送信して登録されました,INDEXING_ALLOWED,ALLOWED,2026-10-01T13:25:50Z,SUCCESSFUL,https://stats47.jp/areas/45000,,MOBILE,3
https://stats47.jp/areas/46000,PASS,送信して登録されました,INDEXING_ALLOWED,ALLOWED,2026-10-01T14:23:02Z,SUCCESSFUL,https://stats47.jp/areas/46000,,MOBILE,2
https://stats47.jp/areas/47000,PASS,送信して登録されました,INDEXING_ALLOWED,ALLOWED,2026-10-05T10:07:48Z,SUCCESSFUL,https://stats47.jp/areas/47000,,MOBILE,2
https://stats47.jp/tag/2024%E5%B9%B4,NEUTRAL,見つかりませんでした（404）,INDEXING_STATE_UNSPECIFIED,ALLOWED,2026-05-17T19:15:24Z,NOT_FOUND,,,MOBILE,1
https://stats47.jp/tag/ClaudeCode,PASS,送信して登録されました,INDEXING_ALLOWED,ALLOWED,2026-09-07T19:16:10Z,SUCCESSFUL,https://stats47.jp/tag/ClaudeCode,https://stats47.jp/tag/ClaudeCode,MOBILE,1
https://stats47.jp/tag/D3,PASS,送信して登録されました,INDEXING_ALLOWED,ALLOWED,2026-08-25T11:05:43Z,SUCCESSFUL,https://stats47.jp/tag/D3,https://stats47.jp/tag/D3,MOBILE,3
https://stats47.jp/tag/IT,PASS,送信して登録されました,INDEXING_ALLOWED,ALLOWED,2026-10-03T09:53:40Z,SUCCESSFUL,https://stats47.jp/tag/IT,https://stats47.jp/tag/IT,MOBILE,1
https://stats47.jp/tag/e-Stat,PASS,送信して登録されました,INDEXING_ALLOWED,ALLOWED,2026-09-07T19:16:09Z,SUCCESSFUL,https://stats47.jp/tag/e-Stat,https://stats47.jp/tag/e-Stat,MOBILE,1
https://stats47.jp/tag/%E3%81%BE%E3%81%90%E3%82%8D,NEUTRAL,見つかりませんでした（404）,INDEXING_STATE_UNSPECIFIED,ALLOWED,2026-06-27T04:28:54Z,NOT_FOUND,,,MOBILE,1
https://stats47.jp/tag/%E3%82%A4%E3%83%B3%E3%83%90%E3%82%A6%E3%83%B3%E3%83%89,NEUTRAL,見つかりませんでした（404）,INDEXING_STATE_UNSPECIFIED,ALLOWED,2026-06-05T03:25:05Z,NOT_FOUND,,,MOBILE,1
https://stats47.jp/tag/%E3%82%A4%E3%83%B3%E3%83%95%E3%83%A9,NEUTRAL,見つかりませんでした（404）,INDEXING_STATE_UNSPECIFIED,ALLOWED,2026-05-26T04:29:27Z,NOT_FOUND,,,MOBILE,2
https://stats47.jp/tag/%E3%82%A8%E3%83%8D%E3%83%AB%E3%82%AE%E3%83%BC,PASS,送信して登録されました,INDEXING_ALLOWED,ALLOWED,2026-10-05T11:18:33Z,SUCCESSFUL,https://stats47.jp/tag/%E3%82%A8%E3%83%8D%E3%83%AB%E3%82%AE%E3%83%BC,https://stats47.jp/tag/%E3%82%A8%E3%83%8D%E3%83%AB%E3%82%AE%E3%83%BC,MOBILE,4
https://stats47.jp/tag/%E3%82%A8%E3%83%B3%E3%82%B2%E3%83%AB%E4%BF%82%E6%95%B0,PASS,送信して登録されました,INDEXING_ALLOWED,ALLOWED,2026-08-04T06:25:22Z,SUCCESSFUL,https://stats47.jp/tag/%E3%82%A8%E3%83%B3%E3%82%B2%E3%83%AB%E4%BF%82%E6%95%B0,https://stats47.jp/tag/%E3%82%A8%E3%83%B3%E3%82%B2%E3%83%AB%E4%BF%82%E6%95%B0,MOBILE,2
https://stats47.jp/tag/%E3%83%86%E3%83%AC%E3%83%AF%E3%83%BC%E3%82%AF,NEUTRAL,見つかりませんでした（404）,INDEXING_STATE_UNSPECIFIED,ALLOWED,2026-06-18T05:38:39Z,NOT_FOUND,,,MOBILE,0
https://stats47.jp/tag/%E4%BA%BA%E5%8F%A3,PASS,送信して登録されました,INDEXING_ALLOWED,ALLOWED,2026-08-26T14:08:39Z,SUCCESSFUL,https://stats47.jp/tag/%E4%BA%BA%E5%8F%A3,https://stats47.jp/tag/%E4%BA%BA%E5%8F%A3,MOBILE,3
https://stats47.jp/tag/%E4%BA%BA%E5%8F%A3%E6%B8%9B%E5%B0%91,PASS,送信して登録されました,INDEXING_ALLOWED,ALLOWED,2026-09-04T23:10:15Z,SUCCESSFUL,https://stats47.jp/tag/%E4%BA%BA%E5%8F%A3%E6%B8%9B%E5%B0%91,https://stats47.jp/tag/%E4%BA%BA%E5%8F%A3%E6%B8%9B%E5%B0%91,MOBILE,3
https://stats47.jp/tag/%E4%BD%8F%E5%AE%85,NEUTRAL,見つかりませんでした（404）,INDEXING_STATE_UNSPECIFIED,ALLOWED,2026-06-21T14:05:24Z,NOT_FOUND,,,MOBILE,1
https://stats47.jp/tag/%E5%81%A5%E5%BA%B7,PASS,送信して登録されました,INDEXING_ALLOWED,ALLOWED,2026-09-25T14:38:48Z,SUCCESSFUL,https://stats47.jp/tag/%E5%81%A5%E5%BA%B7,https://stats47.jp/tag/%E5%81%A5%E5%BA%B7,MOBILE,1
https://stats47.jp/tag/%E5%85%B1%E5%83%8D%E3%81%8D,NEUTRAL,見つかりませんでした（404）,INDEXING_STATE_UNSPECIFIED,ALLOWED,2026-05-06T02:55:24Z,NOT_FOUND,,,MOBILE,1
https://stats47.jp/tag/%E5%87%BA%E7%94%9F%E7%8E%87,NEUTRAL,見つかりませんでした（404）,INDEXING_STATE_UNSPECIFIED,ALLOWED,2026-06-08T03:46:01Z,NOT_FOUND,,,MOBILE,2
https://stats47.jp/tag/%E5%8A%B4%E5%83%8D,NEUTRAL,見つかりませんでした（404）,INDEXING_STATE_UNSPECIFIED,ALLOWED,2026-07-18T02:27:20Z,NOT_FOUND,,,MOBILE,1
https://stats47.jp/tag/%E5%8C%97%E6%B5%B7%E9%81%93,NEUTRAL,見つかりませんでした（404）,INDEXING_STATE_UNSPECIFIED,ALLOWED,2026-06-03T14:54:13Z,NOT_FOUND,,,MOBILE,1
https://stats47.jp/tag/%E5%8C%BB%E7%99%82,PASS,送信して登録されました,INDEXING_ALLOWED,ALLOWED,2026-08-31T14:25:02Z,SUCCESSFUL,https://stats47.jp/tag/%E5%8C%BB%E7%99%82,https://stats47.jp/tag/%E5%8C%BB%E7%99%82,MOBILE,1
https://stats47.jp/tag/%E5%8C%BB%E7%99%82%E8%B2%BB,NEUTRAL,見つかりませんでした（404）,INDEXING_STATE_UNSPECIFIED,ALLOWED,2026-07-17T23:51:50Z,NOT_FOUND,,,MOBILE,2
https://stats47.jp/tag/%E5%9B%BD%E5%8B%A2%E8%AA%BF%E6%9F%BB,NEUTRAL,noindex タグによって除外されました,BLOCKED_BY_META_TAG,ALLOWED,2026-09-17T10:54:01Z,SUCCESSFUL,https://stats47.jp/tag/%E5%9B%BD%E5%8B%A2%E8%AA%BF%E6%9F%BB,https://stats47.jp/tag/%E5%9B%BD%E5%8B%A2%E8%AA%BF%E6%9F%BB,MOBILE,2
https://stats47.jp/tag/%E5%9C%B0%E5%90%8D,PASS,送信して登録されました,INDEXING_ALLOWED,ALLOWED,2026-08-22T11:30:17Z,SUCCESSFUL,https://stats47.jp/tag/%E5%9C%B0%E5%90%8D,https://stats47.jp/tag/%E5%9C%B0%E5%90%8D,MOBILE,2
https://stats47.jp/tag/%E5%9C%B0%E5%9F%9F%E5%B7%AE,PASS,送信して登録されました,INDEXING_ALLOWED,ALLOWED,2026-10-01T03:31:46Z,SUCCESSFUL,https://stats47.jp/tag/%E5%9C%B0%E5%9F%9F%E5%B7%AE,https://stats47.jp/tag/%E5%9C%B0%E5%9F%9F%E5%B7%AE,MOBILE,3
https://stats47.jp/tag/%E5%9C%B0%E5%9F%9F%E6%A0%BC%E5%B7%AE,PASS,送信して登録されました,INDEXING_ALLOWED,ALLOWED,2026-10-01T13:46:44Z,SUCCESSFUL,https://stats47.jp/tag/%E5%9C%B0%E5%9F%9F%E6%A0%BC%E5%B7%AE,https://stats47.jp/tag/%E5%9C%B0%E5%9F%9F%E6%A0%BC%E5%B7%AE,MOBILE,2
https://stats47.jp/tag/%E5%9C%B0%E6%96%B9%E8%B2%A1%E6%94%BF,PASS,送信して登録されました,INDEXING_ALLOWED,ALLOWED,2026-07-28T19:47:48Z,SUCCESSFUL,https://stats47.jp/tag/%E5%9C%B0%E6%96%B9%E8%B2%A1%E6%94%BF,https://stats47.jp/tag/%E5%9C%B0%E6%96%B9%E8%B2%A1%E6%94%BF,MOBILE,2
https://stats47.jp/tag/%E5%AD%90%E8%82%B2%E3%81%A6,NEUTRAL,見つかりませんでした（404）,INDEXING_STATE_UNSPECIFIED,ALLOWED,2026-06-04T11:25:35Z,NOT_FOUND,,,MOBILE,1
https://stats47.jp/tag/%E5%AE%B6%E8%A8%88,NEUTRAL,見つかりませんでした（404）,INDEXING_STATE_UNSPECIFIED,ALLOWED,2026-06-04T06:06:45Z,NOT_FOUND,,,MOBILE,1
https://stats47.jp/tag/%E5%AE%B6%E8%A8%88%E8%AA%BF%E6%9F%BB,PASS,送信して登録されました,INDEXING_ALLOWED,ALLOWED,2026-08-31T14:20:55Z,SUCCESSFUL,https://stats47.jp/tag/%E5%AE%B6%E8%A8%88%E8%AA%BF%E6%9F%BB,https://stats47.jp/tag/%E5%AE%B6%E8%A8%88%E8%AA%BF%E6%9F%BB,MOBILE,3
https://stats47.jp/tag/%E5%B0%91%E5%AD%90%E5%8C%96,NEUTRAL,見つかりませんでした（404）,INDEXING_STATE_UNSPECIFIED,ALLOWED,2026-05-29T23:29:04Z,NOT_FOUND,,,MOBILE,1
https://stats47.jp/tag/%E5%B8%82%E5%8C%BA%E7%94%BA%E6%9D%91,PASS,送信して登録されました,INDEXING_ALLOWED,ALLOWED,2026-09-23T12:01:15Z,SUCCESSFUL,https://stats47.jp/tag/%E5%B8%82%E5%8C%BA%E7%94%BA%E6%9D%91,https://stats47.jp/tag/%E5%B8%82%E5%8C%BA%E7%94%BA%E6%9D%91,MOBILE,1
https://stats47.jp/tag/%E5%B9%B4%E5%8F%8E,PASS,送信して登録されました,INDEXING_ALLOWED,ALLOWED,2026-09-18T22:32:06Z,SUCCESSFUL,https://stats47.jp/tag/%E5%B9%B4%E5%8F%8E,https://stats47.jp/tag/%E5%B9%B4%E5%8F%8E,MOBILE,2
https://stats47.jp/tag/%E6%89%80%E5%BE%97%E6%A0%BC%E5%B7%AE,PASS,送信して登録されました,INDEXING_ALLOWED,ALLOWED,2026-08-14T22:40:48Z,SUCCESSFUL,https://stats47.jp/tag/%E6%89%80%E5%BE%97%E6%A0%BC%E5%B7%AE,https://stats47.jp/tag/%E6%89%80%E5%BE%97%E6%A0%BC%E5%B7%AE,MOBILE,2
https://stats47.jp/tag/%E6%95%99%E8%82%B2,NEUTRAL,見つかりませんでした（404）,INDEXING_STATE_UNSPECIFIED,ALLOWED,2026-06-07T19:44:10Z,NOT_FOUND,,,MOBILE,2
https://stats47.jp/tag/%E6%95%99%E8%82%B2%E6%A0%BC%E5%B7%AE,NEUTRAL,見つかりませんでした（404）,INDEXING_STATE_UNSPECIFIED,ALLOWED,2026-06-25T22:45:42Z,NOT_FOUND,,,MOBILE,2
https://stats47.jp/tag/%E6%95%99%E8%82%B2%E8%B2%BB,NEUTRAL,見つかりませんでした（404）,INDEXING_STATE_UNSPECIFIED,ALLOWED,2026-07-17T02:02:07Z,NOT_FOUND,,,MOBILE,1
https://stats47.jp/tag/%E6%9D%B1%E5%8C%97,PASS,送信して登録されました,INDEXING_ALLOWED,ALLOWED,2026-10-01T08:02:44Z,SUCCESSFUL,https://stats47.jp/tag/%E6%9D%B1%E5%8C%97,https://stats47.jp/tag/%E6%9D%B1%E5%8C%97,MOBILE,2
https://stats47.jp/tag/%E6%A0%BC%E5%B7%AE,PASS,送信して登録されました,INDEXING_ALLOWED,ALLOWED,2026-08-22T11:25:24Z,SUCCESSFUL,https://stats47.jp/tag/%E6%A0%BC%E5%B7%AE,https://stats47.jp/tag/%E6%A0%BC%E5%B7%AE,MOBILE,2
https://stats47.jp/tag/%E6%B6%88%E8%B2%BB,NEUTRAL,見つかりませんでした（404）,INDEXING_STATE_UNSPECIFIED,ALLOWED,2026-07-16T19:03:38Z,NOT_FOUND,,,MOBILE,1
https://stats47.jp/tag/%E6%B6%88%E8%B2%BB%E6%94%AF%E5%87%BA,PASS,送信して登録されました,INDEXING_ALLOWED,ALLOWED,2026-09-07T19:16:56Z,SUCCESSFUL,https://stats47.jp/tag/%E6%B6%88%E8%B2%BB%E6%94%AF%E5%87%BA,https://stats47.jp/tag/%E6%B6%88%E8%B2%BB%E6%94%AF%E5%87%BA,MOBILE,3
https://stats47.jp/tag/%E6%B6%88%E8%B2%BB%E8%80%85%E7%89%A9%E4%BE%A1%E6%8C%87%E6%95%B0,NEUTRAL,見つかりませんでした（404）,INDEXING_STATE_UNSPECIFIED,ALLOWED,2026-05-05T13:17:33Z,NOT_FOUND,,,MOBILE,2
https://stats47.jp/tag/%E6%B6%88%E8%B2%BB%E9%87%8F,PASS,送信して登録されました,INDEXING_ALLOWED,ALLOWED,2026-09-25T23:57:32Z,SUCCESSFUL,https://stats47.jp/tag/%E6%B6%88%E8%B2%BB%E9%87%8F,https://stats47.jp/tag/%E6%B6%88%E8%B2%BB%E9%87%8F,MOBILE,1
https://stats47.jp/tag/%E6%BC%81%E7%8D%B2%E9%87%8F,NEUTRAL,見つかりませんでした（404）,INDEXING_STATE_UNSPECIFIED,ALLOWED,2026-07-19T06:06:22Z,NOT_FOUND,,,MOBILE,2
https://stats47.jp/tag/%E7%84%BC%E9%85%8E,NEUTRAL,見つかりませんでした（404）,INDEXING_STATE_UNSPECIFIED,ALLOWED,2026-06-04T11:23:00Z,NOT_FOUND,,,MOBILE,1
https://stats47.jp/tag/%E7%89%A9%E4%BE%A1,NEUTRAL,見つかりませんでした（404）,INDEXING_STATE_UNSPECIFIED,ALLOWED,2026-06-04T19:41:24Z,NOT_FOUND,,,MOBILE,1
https://stats47.jp/tag/%E7%92%B0%E5%A2%83,NEUTRAL,見つかりませんでした（404）,INDEXING_STATE_UNSPECIFIED,ALLOWED,2026-05-06T02:53:19Z,NOT_FOUND,,,MOBILE,1
https://stats47.jp/tag/%E7%94%9F%E6%B4%BB%E3%82%B3%E3%82%B9%E3%83%88,NEUTRAL,検出 - インデックス未登録,INDEXING_STATE_UNSPECIFIED,ROBOTS_TXT_STATE_UNSPECIFIED,,PAGE_FETCH_STATE_UNSPECIFIED,,,CRAWLING_USER_AGENT_UNSPECIFIED,0
https://stats47.jp/tag/%E7%94%9F%E6%B4%BB%E8%B2%BB,PASS,送信して登録されました,INDEXING_ALLOWED,ALLOWED,2026-09-17T08:46:20Z,SUCCESSFUL,https://stats47.jp/tag/%E7%94%9F%E6%B4%BB%E8%B2%BB,https://stats47.jp/tag/%E7%94%9F%E6%B4%BB%E8%B2%BB,MOBILE,2
https://stats47.jp/tag/%E7%94%A3%E6%A5%AD%E6%A7%8B%E9%80%A0,PASS,送信して登録されました,INDEXING_ALLOWED,ALLOWED,2026-08-24T11:32:51Z,SUCCESSFUL,https://stats47.jp/tag/%E7%94%A3%E6%A5%AD%E6%A7%8B%E9%80%A0,https://stats47.jp/tag/%E7%94%A3%E6%A5%AD%E6%A7%8B%E9%80%A0,MOBILE,1
https://stats47.jp/tag/%E7%A4%BE%E4%BC%9A%E4%BF%9D%E9%9A%9C,NEUTRAL,見つかりませんでした（404）,INDEXING_STATE_UNSPECIFIED,ALLOWED,2026-06-26T17:42:50Z,NOT_FOUND,,,MOBILE,3
https://stats47.jp/tag/%E7%B4%8D%E8%B1%86,NEUTRAL,見つかりませんでした（404）,INDEXING_STATE_UNSPECIFIED,ALLOWED,2026-07-22T16:01:51Z,NOT_FOUND,,,MOBILE,2
https://stats47.jp/tag/%E7%B5%8C%E6%B8%88,PASS,送信して登録されました,INDEXING_ALLOWED,ALLOWED,2026-09-16T13:25:12Z,SUCCESSFUL,https://stats47.jp/tag/%E7%B5%8C%E6%B8%88,https://stats47.jp/tag/%E7%B5%8C%E6%B8%88,MOBILE,4
https://stats47.jp/tag/%E8%A3%BD%E9%80%A0%E6%A5%AD,PASS,送信して登録されました,INDEXING_ALLOWED,ALLOWED,2026-09-17T20:06:26Z,SUCCESSFUL,https://stats47.jp/tag/%E8%A3%BD%E9%80%A0%E6%A5%AD,https://stats47.jp/tag/%E8%A3%BD%E9%80%A0%E6%A5%AD,MOBILE,1
https://stats47.jp/tag/%E8%A6%B3%E5%85%89,NEUTRAL,見つかりませんでした（404）,INDEXING_STATE_UNSPECIFIED,ALLOWED,2026-06-11T08:13:06Z,NOT_FOUND,,,MOBILE,1
https://stats47.jp/tag/%E8%B2%A1%E6%94%BF,NEUTRAL,見つかりませんでした（404）,INDEXING_STATE_UNSPECIFIED,ALLOWED,2026-06-04T08:11:14Z,NOT_FOUND,,,MOBILE,2
https://stats47.jp/tag/%E8%B3%83%E9%87%91,NEUTRAL,見つかりませんでした（404）,INDEXING_STATE_UNSPECIFIED,ALLOWED,2026-06-04T15:04:35Z,NOT_FOUND,,,MOBILE,2
https://stats47.jp/tag/%E8%B3%83%E9%87%91%E6%A7%8B%E9%80%A0%E5%9F%BA%E6%9C%AC%E7%B5%B1%E8%A8%88%E8%AA%BF%E6%9F%BB,PASS,送信して登録されました,INDEXING_ALLOWED,ALLOWED,2026-09-13T06:18:44Z,SUCCESSFUL,https://stats47.jp/tag/%E8%B3%83%E9%87%91%E6%A7%8B%E9%80%A0%E5%9F%BA%E6%9C%AC%E7%B5%B1%E8%A8%88%E8%AA%BF%E6%9F%BB,https://stats47.jp/tag/%E8%B3%83%E9%87%91%E6%A7%8B%E9%80%A0%E5%9F%BA%E6%9C%AC%E7%B5%B1%E8%A8%88%E8%AA%BF%E6%9F%BB,MOBILE,1
https://stats47.jp/tag/%E8%BB%A2%E8%81%B7,NEUTRAL,見つかりませんでした（404）,INDEXING_STATE_UNSPECIFIED,ALLOWED,2026-07-09T12:14:14Z,NOT_FOUND,,,MOBILE,1
https://stats47.jp/tag/%E8%BE%B2%E6%A5%AD,PASS,送信して登録されました,INDEXING_ALLOWED,ALLOWED,2026-08-03T19:18:12Z,SUCCESSFUL,https://stats47.jp/tag/%E8%BE%B2%E6%A5%AD,https://stats47.jp/tag/%E8%BE%B2%E6%A5%AD,MOBILE,2
https://stats47.jp/tag/%E9%83%BD%E9%81%93%E5%BA%9C%E7%9C%8C,NEUTRAL,見つかりませんでした（404）,INDEXING_STATE_UNSPECIFIED,ALLOWED,2026-06-04T05:55:03Z,NOT_FOUND,,,MOBILE,1
https://stats47.jp/tag/%E9%83%BD%E9%81%93%E5%BA%9C%E7%9C%8C%E3%83%A9%E3%83%B3%E3%82%AD%E3%83%B3%E3%82%B0,NEUTRAL,見つかりませんでした（404）,INDEXING_STATE_UNSPECIFIED,ALLOWED,2026-06-02T03:57:42Z,NOT_FOUND,,,MOBILE,2
https://stats47.jp/tag/%E9%83%BD%E9%81%93%E5%BA%9C%E7%9C%8C%E5%88%A5,PASS,送信して登録されました,INDEXING_ALLOWED,ALLOWED,2026-09-07T19:17:06Z,SUCCESSFUL,https://stats47.jp/tag/%E9%83%BD%E9%81%93%E5%BA%9C%E7%9C%8C%E5%88%A5,https://stats47.jp/tag/%E9%83%BD%E9%81%93%E5%BA%9C%E7%9C%8C%E5%88%A5,MOBILE,2
https://stats47.jp/tag/%E9%83%BD%E9%81%93%E5%BA%9C%E7%9C%8C%E6%A0%BC%E5%B7%AE,PASS,送信して登録されました,INDEXING_ALLOWED,ALLOWED,2026-10-03T17:11:06Z,SUCCESSFUL,https://stats47.jp/tag/%E9%83%BD%E9%81%93%E5%BA%9C%E7%9C%8C%E6%A0%BC%E5%B7%AE,https://stats47.jp/tag/%E9%83%BD%E9%81%93%E5%BA%9C%E7%9C%8C%E6%A0%BC%E5%B7%AE,MOBILE,2
https://stats47.jp/tag/%E9%A3%9F%E6%96%87%E5%8C%96,PASS,送信して登録されました,INDEXING_ALLOWED,ALLOWED,2026-09-07T19:16:11Z,SUCCESSFUL,https://stats47.jp/tag/%E9%A3%9F%E6%96%87%E5%8C%96,https://stats47.jp/tag/%E9%A3%9F%E6%96%87%E5%8C%96,MOBILE,1
https://stats47.jp/tag/%E9%A3%9F%E7%94%9F%E6%B4%BB,PASS,送信して登録されました,INDEXING_ALLOWED,ALLOWED,2026-08-14T06:05:34Z,SUCCESSFUL,https://stats47.jp/tag/%E9%A3%9F%E7%94%9F%E6%B4%BB,https://stats47.jp/tag/%E9%A3%9F%E7%94%9F%E6%B4%BB,MOBILE,1
https://stats47.jp/tag/%E9%A3%9F%E8%B2%BB,NEUTRAL,見つかりませんでした（404）,INDEXING_STATE_UNSPECIFIED,ALLOWED,2026-06-26T11:15:51Z,NOT_FOUND,,,MOBILE,1
https://stats47.jp/tag/%E9%AB%98%E9%BD%A2%E5%8C%96,NEUTRAL,見つかりませんでした（404）,INDEXING_STATE_UNSPECIFIED,ALLOWED,2026-05-06T03:19:55Z,NOT_FOUND,,,MOBILE,1
https://stats47.jp/ranking/sleep-avg-time-male-15plus,NEUTRAL,URL が Google に認識されていません,INDEXING_STATE_UNSPECIFIED,ROBOTS_TXT_STATE_UNSPECIFIED,,PAGE_FETCH_STATE_UNSPECIFIED,,,,0
https://stats47.jp/ranking/sports-parks,NEUTRAL,URL が Google に認識されていません,INDEXING_STATE_UNSPECIFIED,ROBOTS_TXT_STATE_UNSPECIFIED,,PAGE_FETCH_STATE_UNSPECIFIED,,,,0
https://stats47.jp/ranking/sports-parks-area,NEUTRAL,URL が Google に認識されていません,INDEXING_STATE_UNSPECIFIED,ROBOTS_TXT_STATE_UNSPECIFIED,,PAGE_FETCH_STATE_UNSPECIFIED,,,,0
https://stats47.jp/ranking/ssdse-c-lb013002,NEUTRAL,ソフト 404,INDEXING_ALLOWED,ALLOWED,2026-04-12T19:36:46Z,SUCCESSFUL,,,MOBILE,1
