url,verdict,coverageState,indexingState,robotsTxtState,lastCrawlTime,pageFetchState,googleCanonical,userCanonical,crawledAs,referringUrls
https://stats47.jp/ranking/fulltime-physicians-general-hospital-per-100beds,NEUTRAL,検出 - インデックス未登録,INDEXING_STATE_UNSPECIFIED,ROBOTS_TXT_STATE_UNSPECIFIED,,PAGE_FETCH_STATE_UNSPECIFIED,,,CRAWLING_USER_AGENT_UNSPECIFIED,3
https://stats47.jp/ranking/future-burden-ratio,NEUTRAL,検出 - インデックス未登録,INDEXING_STATE_UNSPECIFIED,ROBOTS_TXT_STATE_UNSPECIFIED,,PAGE_FETCH_STATE_UNSPECIFIED,,,CRAWLING_USER_AGENT_UNSPECIFIED,3
https://stats47.jp/ranking/garbage-landfill-rate,NEUTRAL,検出 - インデックス未登録,INDEXING_STATE_UNSPECIFIED,ROBOTS_TXT_STATE_UNSPECIFIED,,PAGE_FETCH_STATE_UNSPECIFIED,,,CRAWLING_USER_AGENT_UNSPECIFIED,3
https://stats47.jp/ranking/gdp-growth-rate-pref-h17,NEUTRAL,検出 - インデックス未登録,INDEXING_STATE_UNSPECIFIED,ROBOTS_TXT_STATE_UNSPECIFIED,,PAGE_FETCH_STATE_UNSPECIFIED,,,CRAWLING_USER_AGENT_UNSPECIFIED,3
https://stats47.jp/ranking/general-clinic-count-per-100k,NEUTRAL,検出 - インデックス未登録,INDEXING_STATE_UNSPECIFIED,ROBOTS_TXT_STATE_UNSPECIFIED,,PAGE_FETCH_STATE_UNSPECIFIED,,,CRAWLING_USER_AGENT_UNSPECIFIED,3
https://stats47.jp/ranking/general-clinic-count-per-100km2,NEUTRAL,検出 - インデックス未登録,INDEXING_STATE_UNSPECIFIED,ROBOTS_TXT_STATE_UNSPECIFIED,,PAGE_FETCH_STATE_UNSPECIFIED,,,CRAWLING_USER_AGENT_UNSPECIFIED,2
https://stats47.jp/ranking/general-funds-prefecture,NEUTRAL,検出 - インデックス未登録,INDEXING_STATE_UNSPECIFIED,ROBOTS_TXT_STATE_UNSPECIFIED,,PAGE_FETCH_STATE_UNSPECIFIED,,,CRAWLING_USER_AGENT_UNSPECIFIED,3
https://stats47.jp/ranking/general-hospital-avg-length-of-stay,NEUTRAL,検出 - インデックス未登録,INDEXING_STATE_UNSPECIFIED,ROBOTS_TXT_STATE_UNSPECIFIED,,PAGE_FETCH_STATE_UNSPECIFIED,,,CRAWLING_USER_AGENT_UNSPECIFIED,3
https://stats47.jp/ranking/general-hospital-bed-count-per-100k,NEUTRAL,検出 - インデックス未登録,INDEXING_STATE_UNSPECIFIED,ROBOTS_TXT_STATE_UNSPECIFIED,,PAGE_FETCH_STATE_UNSPECIFIED,,,CRAWLING_USER_AGENT_UNSPECIFIED,3
https://stats47.jp/ranking/general-hospital-count-per-100k,NEUTRAL,URL が Google に認識されていません,INDEXING_STATE_UNSPECIFIED,ROBOTS_TXT_STATE_UNSPECIFIED,,PAGE_FETCH_STATE_UNSPECIFIED,,,,0
https://stats47.jp/ranking/general-hospital-count-per-100km2,NEUTRAL,URL が Google に認識されていません,INDEXING_STATE_UNSPECIFIED,ROBOTS_TXT_STATE_UNSPECIFIED,,PAGE_FETCH_STATE_UNSPECIFIED,,,,0
https://stats47.jp/ranking/general-project-investment-educational-facilities,NEUTRAL,検出 - インデックス未登録,INDEXING_STATE_UNSPECIFIED,ROBOTS_TXT_STATE_UNSPECIFIED,,PAGE_FETCH_STATE_UNSPECIFIED,,,CRAWLING_USER_AGENT_UNSPECIFIED,3
https://stats47.jp/ranking/general-project-investment-railway,NEUTRAL,検出 - インデックス未登録,INDEXING_STATE_UNSPECIFIED,ROBOTS_TXT_STATE_UNSPECIFIED,,PAGE_FETCH_STATE_UNSPECIFIED,,,CRAWLING_USER_AGENT_UNSPECIFIED,3
https://stats47.jp/ranking/general-project-investment-urban-planning,NEUTRAL,検出 - インデックス未登録,INDEXING_STATE_UNSPECIFIED,ROBOTS_TXT_STATE_UNSPECIFIED,,PAGE_FETCH_STATE_UNSPECIFIED,,,CRAWLING_USER_AGENT_UNSPECIFIED,3
https://stats47.jp/ranking/general-revenue-ratio-pref-finance,NEUTRAL,検出 - インデックス未登録,INDEXING_STATE_UNSPECIFIED,ROBOTS_TXT_STATE_UNSPECIFIED,,PAGE_FETCH_STATE_UNSPECIFIED,,,CRAWLING_USER_AGENT_UNSPECIFIED,3
https://stats47.jp/ranking/govt-health-insurance-visit-expense-dependents-per-person,NEUTRAL,検出 - インデックス未登録,INDEXING_STATE_UNSPECIFIED,ROBOTS_TXT_STATE_UNSPECIFIED,,PAGE_FETCH_STATE_UNSPECIFIED,,,CRAWLING_USER_AGENT_UNSPECIFIED,3
https://stats47.jp/ranking/govt-health-insurance-visit-expense-insured-per-person,NEUTRAL,URL が Google に認識されていません,INDEXING_STATE_UNSPECIFIED,ROBOTS_TXT_STATE_UNSPECIFIED,,PAGE_FETCH_STATE_UNSPECIFIED,,,,0
https://stats47.jp/ranking/grade-separated-pedestrian-crossings-per-1000-km,NEUTRAL,検出 - インデックス未登録,INDEXING_STATE_UNSPECIFIED,ROBOTS_TXT_STATE_UNSPECIFIED,,PAGE_FETCH_STATE_UNSPECIFIED,,,CRAWLING_USER_AGENT_UNSPECIFIED,3
https://stats47.jp/ranking/habitable-area,NEUTRAL,検出 - インデックス未登録,INDEXING_STATE_UNSPECIFIED,ROBOTS_TXT_STATE_UNSPECIFIED,,PAGE_FETCH_STATE_UNSPECIFIED,,,CRAWLING_USER_AGENT_UNSPECIFIED,3
https://stats47.jp/ranking/habitable-area-ratio,NEUTRAL,検出 - インデックス未登録,INDEXING_STATE_UNSPECIFIED,ROBOTS_TXT_STATE_UNSPECIFIED,,PAGE_FETCH_STATE_UNSPECIFIED,,,CRAWLING_USER_AGENT_UNSPECIFIED,3
https://stats47.jp/ranking/high-school-count-per-100k-15-17,NEUTRAL,検出 - インデックス未登録,INDEXING_STATE_UNSPECIFIED,ROBOTS_TXT_STATE_UNSPECIFIED,,PAGE_FETCH_STATE_UNSPECIFIED,,,CRAWLING_USER_AGENT_UNSPECIFIED,1
https://stats47.jp/ranking/high-school-count-per-100km2-habitable,NEUTRAL,検出 - インデックス未登録,INDEXING_STATE_UNSPECIFIED,ROBOTS_TXT_STATE_UNSPECIFIED,,PAGE_FETCH_STATE_UNSPECIFIED,,,CRAWLING_USER_AGENT_UNSPECIFIED,3
https://stats47.jp/ranking/high-school-graduates-job-ratio,NEUTRAL,検出 - インデックス未登録,INDEXING_STATE_UNSPECIFIED,ROBOTS_TXT_STATE_UNSPECIFIED,,PAGE_FETCH_STATE_UNSPECIFIED,,,CRAWLING_USER_AGENT_UNSPECIFIED,3
https://stats47.jp/ranking/high-school-new-graduates-job-opening-ratio,NEUTRAL,検出 - インデックス未登録,INDEXING_STATE_UNSPECIFIED,ROBOTS_TXT_STATE_UNSPECIFIED,,PAGE_FETCH_STATE_UNSPECIFIED,,,CRAWLING_USER_AGENT_UNSPECIFIED,2
https://stats47.jp/ranking/hire-taxi-operators,NEUTRAL,検出 - インデックス未登録,INDEXING_STATE_UNSPECIFIED,ROBOTS_TXT_STATE_UNSPECIFIED,,PAGE_FETCH_STATE_UNSPECIFIED,,,CRAWLING_USER_AGENT_UNSPECIFIED,3
https://stats47.jp/ranking/hobby-leisure-avg-time-employed-male,NEUTRAL,検出 - インデックス未登録,INDEXING_STATE_UNSPECIFIED,ROBOTS_TXT_STATE_UNSPECIFIED,,PAGE_FETCH_STATE_UNSPECIFIED,,,CRAWLING_USER_AGENT_UNSPECIFIED,3
https://stats47.jp/ranking/home-helper-users-per-office,NEUTRAL,検出 - インデックス未登録,INDEXING_STATE_UNSPECIFIED,ROBOTS_TXT_STATE_UNSPECIFIED,,PAGE_FETCH_STATE_UNSPECIFIED,,,CRAWLING_USER_AGENT_UNSPECIFIED,3
https://stats47.jp/ranking/household-ratio-with-65plus,NEUTRAL,検出 - インデックス未登録,INDEXING_STATE_UNSPECIFIED,ROBOTS_TXT_STATE_UNSPECIFIED,,PAGE_FETCH_STATE_UNSPECIFIED,,,CRAWLING_USER_AGENT_UNSPECIFIED,3
https://stats47.jp/ranking/households-on-public-assistance-per-1000,NEUTRAL,検出 - インデックス未登録,INDEXING_STATE_UNSPECIFIED,ROBOTS_TXT_STATE_UNSPECIFIED,,PAGE_FETCH_STATE_UNSPECIFIED,,,CRAWLING_USER_AGENT_UNSPECIFIED,2
https://stats47.jp/ranking/in-prefecture-employed-people-ratio,NEUTRAL,検出 - インデックス未登録,INDEXING_STATE_UNSPECIFIED,ROBOTS_TXT_STATE_UNSPECIFIED,,PAGE_FETCH_STATE_UNSPECIFIED,,,CRAWLING_USER_AGENT_UNSPECIFIED,3
https://stats47.jp/ranking/industrial-and-semi-industrial-area-ratio,NEUTRAL,検出 - インデックス未登録,INDEXING_STATE_UNSPECIFIED,ROBOTS_TXT_STATE_UNSPECIFIED,,PAGE_FETCH_STATE_UNSPECIFIED,,,CRAWLING_USER_AGENT_UNSPECIFIED,2
https://stats47.jp/ranking/industrial-water-usage,NEUTRAL,検出 - インデックス未登録,INDEXING_STATE_UNSPECIFIED,ROBOTS_TXT_STATE_UNSPECIFIED,,PAGE_FETCH_STATE_UNSPECIFIED,,,CRAWLING_USER_AGENT_UNSPECIFIED,3
https://stats47.jp/ranking/infant-mortality-rate-per-1000-births,NEUTRAL,検出 - インデックス未登録,INDEXING_STATE_UNSPECIFIED,ROBOTS_TXT_STATE_UNSPECIFIED,,PAGE_FETCH_STATE_UNSPECIFIED,,,CRAWLING_USER_AGENT_UNSPECIFIED,3
https://stats47.jp/ranking/inland-aquaculture-harvest,NEUTRAL,検出 - インデックス未登録,INDEXING_STATE_UNSPECIFIED,ROBOTS_TXT_STATE_UNSPECIFIED,,PAGE_FETCH_STATE_UNSPECIFIED,,,CRAWLING_USER_AGENT_UNSPECIFIED,3
https://stats47.jp/ranking/inland-fishery-catch,NEUTRAL,URL が Google に認識されていません,INDEXING_STATE_UNSPECIFIED,ROBOTS_TXT_STATE_UNSPECIFIED,,PAGE_FETCH_STATE_UNSPECIFIED,,,,0
https://stats47.jp/ranking/inpatients-per-fulltime-physician-per-day,NEUTRAL,検出 - インデックス未登録,INDEXING_STATE_UNSPECIFIED,ROBOTS_TXT_STATE_UNSPECIFIED,,PAGE_FETCH_STATE_UNSPECIFIED,,,CRAWLING_USER_AGENT_UNSPECIFIED,3
https://stats47.jp/ranking/inpatients-per-nurse-per-day,NEUTRAL,検出 - インデックス未登録,INDEXING_STATE_UNSPECIFIED,ROBOTS_TXT_STATE_UNSPECIFIED,,PAGE_FETCH_STATE_UNSPECIFIED,,,CRAWLING_USER_AGENT_UNSPECIFIED,3
https://stats47.jp/ranking/intellectual-disability-support-facility-residents-per-100k,NEUTRAL,検出 - インデックス未登録,INDEXING_STATE_UNSPECIFIED,ROBOTS_TXT_STATE_UNSPECIFIED,,PAGE_FETCH_STATE_UNSPECIFIED,,,CRAWLING_USER_AGENT_UNSPECIFIED,3
https://stats47.jp/ranking/intellectual-disability-support-facility-staff-per-100k,NEUTRAL,検出 - インデックス未登録,INDEXING_STATE_UNSPECIFIED,ROBOTS_TXT_STATE_UNSPECIFIED,,PAGE_FETCH_STATE_UNSPECIFIED,,,CRAWLING_USER_AGENT_UNSPECIFIED,3
https://stats47.jp/ranking/investment-expenditure-ratio-pref-finance,NEUTRAL,検出 - インデックス未登録,INDEXING_STATE_UNSPECIFIED,ROBOTS_TXT_STATE_UNSPECIFIED,,PAGE_FETCH_STATE_UNSPECIFIED,,,CRAWLING_USER_AGENT_UNSPECIFIED,3
https://stats47.jp/ranking/investment-expenses-prefecture,NEUTRAL,検出 - インデックス未登録,INDEXING_STATE_UNSPECIFIED,ROBOTS_TXT_STATE_UNSPECIFIED,,PAGE_FETCH_STATE_UNSPECIFIED,,,CRAWLING_USER_AGENT_UNSPECIFIED,3
https://stats47.jp/ranking/japanese-entries,NEUTRAL,URL が Google に認識されていません,INDEXING_STATE_UNSPECIFIED,ROBOTS_TXT_STATE_UNSPECIFIED,,PAGE_FETCH_STATE_UNSPECIFIED,,,,0
https://stats47.jp/ranking/japanese-movers-in,NEUTRAL,検出 - インデックス未登録,INDEXING_STATE_UNSPECIFIED,ROBOTS_TXT_STATE_UNSPECIFIED,,PAGE_FETCH_STATE_UNSPECIFIED,,,CRAWLING_USER_AGENT_UNSPECIFIED,3
https://stats47.jp/ranking/japanese-movers-out,NEUTRAL,検出 - インデックス未登録,INDEXING_STATE_UNSPECIFIED,ROBOTS_TXT_STATE_UNSPECIFIED,,PAGE_FETCH_STATE_UNSPECIFIED,,,CRAWLING_USER_AGENT_UNSPECIFIED,3
https://stats47.jp/ranking/japanese-population,NEUTRAL,URL が Google に認識されていません,INDEXING_STATE_UNSPECIFIED,ROBOTS_TXT_STATE_UNSPECIFIED,,PAGE_FETCH_STATE_UNSPECIFIED,,,,0
https://stats47.jp/ranking/jr-passenger-transport,NEUTRAL,URL が Google に認識されていません,INDEXING_STATE_UNSPECIFIED,ROBOTS_TXT_STATE_UNSPECIFIED,,PAGE_FETCH_STATE_UNSPECIFIED,,,,0
https://stats47.jp/ranking/junior-college-capacity-index,NEUTRAL,検出 - インデックス未登録,INDEXING_STATE_UNSPECIFIED,ROBOTS_TXT_STATE_UNSPECIFIED,,PAGE_FETCH_STATE_UNSPECIFIED,,,CRAWLING_USER_AGENT_UNSPECIFIED,3
https://stats47.jp/ranking/junior-college-count-per-100k,NEUTRAL,URL が Google に認識されていません,INDEXING_STATE_UNSPECIFIED,ROBOTS_TXT_STATE_UNSPECIFIED,,PAGE_FETCH_STATE_UNSPECIFIED,,,,0
https://stats47.jp/ranking/junior-high-school-advancement-rate,NEUTRAL,検出 - インデックス未登録,INDEXING_STATE_UNSPECIFIED,ROBOTS_TXT_STATE_UNSPECIFIED,,PAGE_FETCH_STATE_UNSPECIFIED,,,CRAWLING_USER_AGENT_UNSPECIFIED,2
https://stats47.jp/ranking/junior-high-school-count,NEUTRAL,検出 - インデックス未登録,INDEXING_STATE_UNSPECIFIED,ROBOTS_TXT_STATE_UNSPECIFIED,,PAGE_FETCH_STATE_UNSPECIFIED,,,CRAWLING_USER_AGENT_UNSPECIFIED,3
https://stats47.jp/ranking/junior-high-school-count-per-100k-12-14,NEUTRAL,検出 - インデックス未登録,INDEXING_STATE_UNSPECIFIED,ROBOTS_TXT_STATE_UNSPECIFIED,,PAGE_FETCH_STATE_UNSPECIFIED,,,CRAWLING_USER_AGENT_UNSPECIFIED,1
https://stats47.jp/ranking/junior-high-school-count-per-100km2-habitable,NEUTRAL,検出 - インデックス未登録,INDEXING_STATE_UNSPECIFIED,ROBOTS_TXT_STATE_UNSPECIFIED,,PAGE_FETCH_STATE_UNSPECIFIED,,,CRAWLING_USER_AGENT_UNSPECIFIED,3
https://stats47.jp/ranking/junior-high-school-education-cost-per-student,NEUTRAL,検出 - インデックス未登録,INDEXING_STATE_UNSPECIFIED,ROBOTS_TXT_STATE_UNSPECIFIED,,PAGE_FETCH_STATE_UNSPECIFIED,,,CRAWLING_USER_AGENT_UNSPECIFIED,3
https://stats47.jp/ranking/junior-high-school-long-absence-ratio-nonattendance-over-30days-per-1000,NEUTRAL,検出 - インデックス未登録,INDEXING_STATE_UNSPECIFIED,ROBOTS_TXT_STATE_UNSPECIFIED,,PAGE_FETCH_STATE_UNSPECIFIED,,,CRAWLING_USER_AGENT_UNSPECIFIED,3
https://stats47.jp/ranking/junior-high-school-students-per-teacher,NEUTRAL,検出 - インデックス未登録,INDEXING_STATE_UNSPECIFIED,ROBOTS_TXT_STATE_UNSPECIFIED,,PAGE_FETCH_STATE_UNSPECIFIED,,,CRAWLING_USER_AGENT_UNSPECIFIED,2
https://stats47.jp/ranking/juvenile-criminal-arrest-person,NEUTRAL,検出 - インデックス未登録,INDEXING_STATE_UNSPECIFIED,ROBOTS_TXT_STATE_UNSPECIFIED,,PAGE_FETCH_STATE_UNSPECIFIED,,,CRAWLING_USER_AGENT_UNSPECIFIED,3
https://stats47.jp/ranking/juvenile-criminal-arrest-person-per-population,NEUTRAL,検出 - インデックス未登録,INDEXING_STATE_UNSPECIFIED,ROBOTS_TXT_STATE_UNSPECIFIED,,PAGE_FETCH_STATE_UNSPECIFIED,,,CRAWLING_USER_AGENT_UNSPECIFIED,2
https://stats47.jp/ranking/kindergarten-students-per-teacher,NEUTRAL,URL が Google に認識されていません,INDEXING_STATE_UNSPECIFIED,ROBOTS_TXT_STATE_UNSPECIFIED,,PAGE_FETCH_STATE_UNSPECIFIED,,,,0
https://stats47.jp/ranking/labor-expenditure-ratio-pref-finance,NEUTRAL,検出 - インデックス未登録,INDEXING_STATE_UNSPECIFIED,ROBOTS_TXT_STATE_UNSPECIFIED,,PAGE_FETCH_STATE_UNSPECIFIED,,,CRAWLING_USER_AGENT_UNSPECIFIED,3
https://stats47.jp/ranking/labor-force-population-ratio-man,NEUTRAL,検出 - インデックス未登録,INDEXING_STATE_UNSPECIFIED,ROBOTS_TXT_STATE_UNSPECIFIED,,PAGE_FETCH_STATE_UNSPECIFIED,,,CRAWLING_USER_AGENT_UNSPECIFIED,3
https://stats47.jp/ranking/labor-force-population-ratio-woman,NEUTRAL,検出 - インデックス未登録,INDEXING_STATE_UNSPECIFIED,ROBOTS_TXT_STATE_UNSPECIFIED,,PAGE_FETCH_STATE_UNSPECIFIED,,,CRAWLING_USER_AGENT_UNSPECIFIED,3
https://stats47.jp/ranking/land-productivity-per-ha,NEUTRAL,検出 - インデックス未登録,INDEXING_STATE_UNSPECIFIED,ROBOTS_TXT_STATE_UNSPECIFIED,,PAGE_FETCH_STATE_UNSPECIFIED,,,CRAWLING_USER_AGENT_UNSPECIFIED,3
https://stats47.jp/ranking/local-debt-current-ratio,NEUTRAL,検出 - インデックス未登録,INDEXING_STATE_UNSPECIFIED,ROBOTS_TXT_STATE_UNSPECIFIED,,PAGE_FETCH_STATE_UNSPECIFIED,,,CRAWLING_USER_AGENT_UNSPECIFIED,3
https://stats47.jp/ranking/long-term-care-medical-facility-count-per-100k-65plus,NEUTRAL,検出 - インデックス未登録,INDEXING_STATE_UNSPECIFIED,ROBOTS_TXT_STATE_UNSPECIFIED,,PAGE_FETCH_STATE_UNSPECIFIED,,,CRAWLING_USER_AGENT_UNSPECIFIED,3
https://stats47.jp/ranking/lowest-temperature,NEUTRAL,検出 - インデックス未登録,INDEXING_STATE_UNSPECIFIED,ROBOTS_TXT_STATE_UNSPECIFIED,,PAGE_FETCH_STATE_UNSPECIFIED,,,CRAWLING_USER_AGENT_UNSPECIFIED,3
https://stats47.jp/ranking/mail-items-handled,NEUTRAL,検出 - インデックス未登録,INDEXING_STATE_UNSPECIFIED,ROBOTS_TXT_STATE_UNSPECIFIED,,PAGE_FETCH_STATE_UNSPECIFIED,,,CRAWLING_USER_AGENT_UNSPECIFIED,3
https://stats47.jp/ranking/main-road-length-per-km2,NEUTRAL,検出 - インデックス未登録,INDEXING_STATE_UNSPECIFIED,ROBOTS_TXT_STATE_UNSPECIFIED,,PAGE_FETCH_STATE_UNSPECIFIED,,,CRAWLING_USER_AGENT_UNSPECIFIED,3
https://stats47.jp/ranking/manufacturing-shipment-amount,NEUTRAL,検出 - インデックス未登録,INDEXING_STATE_UNSPECIFIED,ROBOTS_TXT_STATE_UNSPECIFIED,,PAGE_FETCH_STATE_UNSPECIFIED,,,CRAWLING_USER_AGENT_UNSPECIFIED,2
https://stats47.jp/ranking/marine-fishery-output-value,NEUTRAL,URL が Google に認識されていません,INDEXING_STATE_UNSPECIFIED,ROBOTS_TXT_STATE_UNSPECIFIED,,PAGE_FETCH_STATE_UNSPECIFIED,,,,0
https://stats47.jp/ranking/maritime-import-export-cargo,NEUTRAL,検出 - インデックス未登録,INDEXING_STATE_UNSPECIFIED,ROBOTS_TXT_STATE_UNSPECIFIED,,PAGE_FETCH_STATE_UNSPECIFIED,,,CRAWLING_USER_AGENT_UNSPECIFIED,3
https://stats47.jp/ranking/marriages-per-total-population,NEUTRAL,検出 - インデックス未登録,INDEXING_STATE_UNSPECIFIED,ROBOTS_TXT_STATE_UNSPECIFIED,,PAGE_FETCH_STATE_UNSPECIFIED,,,CRAWLING_USER_AGENT_UNSPECIFIED,3
https://stats47.jp/ranking/material-production,NEUTRAL,URL が Google に認識されていません,INDEXING_STATE_UNSPECIFIED,ROBOTS_TXT_STATE_UNSPECIFIED,,PAGE_FETCH_STATE_UNSPECIFIED,,,,0
https://stats47.jp/ranking/maximum-snow-depth,NEUTRAL,検出 - インデックス未登録,INDEXING_STATE_UNSPECIFIED,ROBOTS_TXT_STATE_UNSPECIFIED,,PAGE_FETCH_STATE_UNSPECIFIED,,,CRAWLING_USER_AGENT_UNSPECIFIED,2
https://stats47.jp/ranking/media-avg-time-unemployed-female,NEUTRAL,検出 - インデックス未登録,INDEXING_STATE_UNSPECIFIED,ROBOTS_TXT_STATE_UNSPECIFIED,,PAGE_FETCH_STATE_UNSPECIFIED,,,CRAWLING_USER_AGENT_UNSPECIFIED,3
https://stats47.jp/ranking/media-avg-time-unemployed-male,NEUTRAL,検出 - インデックス未登録,INDEXING_STATE_UNSPECIFIED,ROBOTS_TXT_STATE_UNSPECIFIED,,PAGE_FETCH_STATE_UNSPECIFIED,,,CRAWLING_USER_AGENT_UNSPECIFIED,3
https://stats47.jp/ranking/mental-health-expenses-prefecture,NEUTRAL,検出 - インデックス未登録,INDEXING_STATE_UNSPECIFIED,ROBOTS_TXT_STATE_UNSPECIFIED,,PAGE_FETCH_STATE_UNSPECIFIED,,,CRAWLING_USER_AGENT_UNSPECIFIED,3
https://stats47.jp/ranking/middle-aged-employment-rate-45plus,NEUTRAL,検出 - インデックス未登録,INDEXING_STATE_UNSPECIFIED,ROBOTS_TXT_STATE_UNSPECIFIED,,PAGE_FETCH_STATE_UNSPECIFIED,,,CRAWLING_USER_AGENT_UNSPECIFIED,3
https://stats47.jp/ranking/minimum-wage-by-region,NEUTRAL,検出 - インデックス未登録,INDEXING_STATE_UNSPECIFIED,ROBOTS_TXT_STATE_UNSPECIFIED,,PAGE_FETCH_STATE_UNSPECIFIED,,,CRAWLING_USER_AGENT_UNSPECIFIED,4
https://stats47.jp/ranking/mobile-phone-contract-count-per-1000,NEUTRAL,検出 - インデックス未登録,INDEXING_STATE_UNSPECIFIED,ROBOTS_TXT_STATE_UNSPECIFIED,,PAGE_FETCH_STATE_UNSPECIFIED,,,CRAWLING_USER_AGENT_UNSPECIFIED,3
https://stats47.jp/ranking/monthly-average-actual-working-hours-female,NEUTRAL,検出 - インデックス未登録,INDEXING_STATE_UNSPECIFIED,ROBOTS_TXT_STATE_UNSPECIFIED,,PAGE_FETCH_STATE_UNSPECIFIED,,,CRAWLING_USER_AGENT_UNSPECIFIED,3
https://stats47.jp/ranking/monthly-average-actual-working-hours-female-pre2019,NEUTRAL,検出 - インデックス未登録,INDEXING_STATE_UNSPECIFIED,ROBOTS_TXT_STATE_UNSPECIFIED,,PAGE_FETCH_STATE_UNSPECIFIED,,,CRAWLING_USER_AGENT_UNSPECIFIED,2
https://stats47.jp/ranking/monthly-average-actual-working-hours-male,NEUTRAL,検出 - インデックス未登録,INDEXING_STATE_UNSPECIFIED,ROBOTS_TXT_STATE_UNSPECIFIED,,PAGE_FETCH_STATE_UNSPECIFIED,,,CRAWLING_USER_AGENT_UNSPECIFIED,3
https://stats47.jp/ranking/monthly-average-actual-working-hours-male-pre2019,NEUTRAL,検出 - インデックス未登録,INDEXING_STATE_UNSPECIFIED,ROBOTS_TXT_STATE_UNSPECIFIED,,PAGE_FETCH_STATE_UNSPECIFIED,,,CRAWLING_USER_AGENT_UNSPECIFIED,2
https://stats47.jp/ranking/movers-out,NEUTRAL,検出 - インデックス未登録,INDEXING_STATE_UNSPECIFIED,ROBOTS_TXT_STATE_UNSPECIFIED,,PAGE_FETCH_STATE_UNSPECIFIED,,,CRAWLING_USER_AGENT_UNSPECIFIED,2
https://stats47.jp/ranking/moving-in-excess-rate,NEUTRAL,検出 - インデックス未登録,INDEXING_STATE_UNSPECIFIED,ROBOTS_TXT_STATE_UNSPECIFIED,,PAGE_FETCH_STATE_UNSPECIFIED,,,CRAWLING_USER_AGENT_UNSPECIFIED,3
https://stats47.jp/ranking/moving-in-rate,NEUTRAL,URL が Google に認識されていません,INDEXING_STATE_UNSPECIFIED,ROBOTS_TXT_STATE_UNSPECIFIED,,PAGE_FETCH_STATE_UNSPECIFIED,,,,0
https://stats47.jp/ranking/moving-out-rate,NEUTRAL,検出 - インデックス未登録,INDEXING_STATE_UNSPECIFIED,ROBOTS_TXT_STATE_UNSPECIFIED,,PAGE_FETCH_STATE_UNSPECIFIED,,,CRAWLING_USER_AGENT_UNSPECIFIED,3
https://stats47.jp/ranking/municipal-general-administration-staff,NEUTRAL,URL が Google に認識されていません,INDEXING_STATE_UNSPECIFIED,ROBOTS_TXT_STATE_UNSPECIFIED,,PAGE_FETCH_STATE_UNSPECIFIED,,,,0
https://stats47.jp/ranking/municipal-road-paving-rate,NEUTRAL,URL が Google に認識されていません,INDEXING_STATE_UNSPECIFIED,ROBOTS_TXT_STATE_UNSPECIFIED,,PAGE_FETCH_STATE_UNSPECIFIED,,,,0
https://stats47.jp/ranking/municipality-count,NEUTRAL,検出 - インデックス未登録,INDEXING_STATE_UNSPECIFIED,ROBOTS_TXT_STATE_UNSPECIFIED,,PAGE_FETCH_STATE_UNSPECIFIED,,,CRAWLING_USER_AGENT_UNSPECIFIED,3
https://stats47.jp/ranking/national-medical-expense-inpatient,NEUTRAL,URL が Google に認識されていません,INDEXING_STATE_UNSPECIFIED,ROBOTS_TXT_STATE_UNSPECIFIED,,PAGE_FETCH_STATE_UNSPECIFIED,,,,0
https://stats47.jp/ranking/national-treasury-disbursement-ratio-pref-finance,NEUTRAL,検出 - インデックス未登録,INDEXING_STATE_UNSPECIFIED,ROBOTS_TXT_STATE_UNSPECIFIED,,PAGE_FETCH_STATE_UNSPECIFIED,,,CRAWLING_USER_AGENT_UNSPECIFIED,3
https://stats47.jp/ranking/national-university-student-ratio,NEUTRAL,検出 - インデックス未登録,INDEXING_STATE_UNSPECIFIED,ROBOTS_TXT_STATE_UNSPECIFIED,,PAGE_FETCH_STATE_UNSPECIFIED,,,CRAWLING_USER_AGENT_UNSPECIFIED,3
https://stats47.jp/ranking/natural-increase-rate,NEUTRAL,検出 - インデックス未登録,INDEXING_STATE_UNSPECIFIED,ROBOTS_TXT_STATE_UNSPECIFIED,,PAGE_FETCH_STATE_UNSPECIFIED,,,CRAWLING_USER_AGENT_UNSPECIFIED,3
https://stats47.jp/ranking/natural-stillbirths,NEUTRAL,検出 - インデックス未登録,INDEXING_STATE_UNSPECIFIED,ROBOTS_TXT_STATE_UNSPECIFIED,,PAGE_FETCH_STATE_UNSPECIFIED,,,CRAWLING_USER_AGENT_UNSPECIFIED,3
https://stats47.jp/ranking/nature-park-area-ratio,NEUTRAL,検出 - インデックス未登録,INDEXING_STATE_UNSPECIFIED,ROBOTS_TXT_STATE_UNSPECIFIED,,PAGE_FETCH_STATE_UNSPECIFIED,,,CRAWLING_USER_AGENT_UNSPECIFIED,3
https://stats47.jp/ranking/neonatal-deaths,NEUTRAL,検出 - インデックス未登録,INDEXING_STATE_UNSPECIFIED,ROBOTS_TXT_STATE_UNSPECIFIED,,PAGE_FETCH_STATE_UNSPECIFIED,,,CRAWLING_USER_AGENT_UNSPECIFIED,3
https://stats47.jp/ranking/neonatal-mortality-rate-per-1000-births,NEUTRAL,検出 - インデックス未登録,INDEXING_STATE_UNSPECIFIED,ROBOTS_TXT_STATE_UNSPECIFIED,,PAGE_FETCH_STATE_UNSPECIFIED,,,CRAWLING_USER_AGENT_UNSPECIFIED,3
https://stats47.jp/ranking/new-employment-rate,NEUTRAL,検出 - インデックス未登録,INDEXING_STATE_UNSPECIFIED,ROBOTS_TXT_STATE_UNSPECIFIED,,PAGE_FETCH_STATE_UNSPECIFIED,,,CRAWLING_USER_AGENT_UNSPECIFIED,3
https://stats47.jp/ranking/new-graduate-scheduled-salary-college-male,NEUTRAL,検出 - インデックス未登録,INDEXING_STATE_UNSPECIFIED,ROBOTS_TXT_STATE_UNSPECIFIED,,PAGE_FETCH_STATE_UNSPECIFIED,,,CRAWLING_USER_AGENT_UNSPECIFIED,3
https://stats47.jp/ranking/new-graduate-starting-salary-college-female,NEUTRAL,検出 - インデックス未登録,INDEXING_STATE_UNSPECIFIED,ROBOTS_TXT_STATE_UNSPECIFIED,,PAGE_FETCH_STATE_UNSPECIFIED,,,CRAWLING_USER_AGENT_UNSPECIFIED,3
https://stats47.jp/ranking/new-graduate-starting-salary-highschool-female,NEUTRAL,検出 - インデックス未登録,INDEXING_STATE_UNSPECIFIED,ROBOTS_TXT_STATE_UNSPECIFIED,,PAGE_FETCH_STATE_UNSPECIFIED,,,CRAWLING_USER_AGENT_UNSPECIFIED,3
https://stats47.jp/ranking/new-graduate-starting-salary-highschool-male,NEUTRAL,検出 - インデックス未登録,INDEXING_STATE_UNSPECIFIED,ROBOTS_TXT_STATE_UNSPECIFIED,,PAGE_FETCH_STATE_UNSPECIFIED,,,CRAWLING_USER_AGENT_UNSPECIFIED,3
https://stats47.jp/ranking/new-graduate-starting-salary-university-male,NEUTRAL,検出 - インデックス未登録,INDEXING_STATE_UNSPECIFIED,ROBOTS_TXT_STATE_UNSPECIFIED,,PAGE_FETCH_STATE_UNSPECIFIED,,,CRAWLING_USER_AGENT_UNSPECIFIED,3
https://stats47.jp/ranking/new-housing-construction-ratio,NEUTRAL,検出 - インデックス未登録,INDEXING_STATE_UNSPECIFIED,ROBOTS_TXT_STATE_UNSPECIFIED,,PAGE_FETCH_STATE_UNSPECIFIED,,,CRAWLING_USER_AGENT_UNSPECIFIED,2
https://stats47.jp/ranking/new-owner-occupied-housing-ratio,NEUTRAL,検出 - インデックス未登録,INDEXING_STATE_UNSPECIFIED,ROBOTS_TXT_STATE_UNSPECIFIED,,PAGE_FETCH_STATE_UNSPECIFIED,,,CRAWLING_USER_AGENT_UNSPECIFIED,3
https://stats47.jp/ranking/new-rented-housing-ratio,NEUTRAL,検出 - インデックス未登録,INDEXING_STATE_UNSPECIFIED,ROBOTS_TXT_STATE_UNSPECIFIED,,PAGE_FETCH_STATE_UNSPECIFIED,,,CRAWLING_USER_AGENT_UNSPECIFIED,3
https://stats47.jp/ranking/nuclear-family-households-ratio,NEUTRAL,検出 - インデックス未登録,INDEXING_STATE_UNSPECIFIED,ROBOTS_TXT_STATE_UNSPECIFIED,,PAGE_FETCH_STATE_UNSPECIFIED,,,CRAWLING_USER_AGENT_UNSPECIFIED,3
https://stats47.jp/ranking/number-of-constructed-buildings,NEUTRAL,検出 - インデックス未登録,INDEXING_STATE_UNSPECIFIED,ROBOTS_TXT_STATE_UNSPECIFIED,,PAGE_FETCH_STATE_UNSPECIFIED,,,CRAWLING_USER_AGENT_UNSPECIFIED,3
https://stats47.jp/ranking/number-of-simple-lodging-facilities,NEUTRAL,検出 - インデックス未登録,INDEXING_STATE_UNSPECIFIED,ROBOTS_TXT_STATE_UNSPECIFIED,,PAGE_FETCH_STATE_UNSPECIFIED,,,CRAWLING_USER_AGENT_UNSPECIFIED,3
https://stats47.jp/ranking/nursery-children-per-nursery-teacher,NEUTRAL,検出 - インデックス未登録,INDEXING_STATE_UNSPECIFIED,ROBOTS_TXT_STATE_UNSPECIFIED,,PAGE_FETCH_STATE_UNSPECIFIED,,,CRAWLING_USER_AGENT_UNSPECIFIED,3
https://stats47.jp/ranking/nursery-count-per-100k-0-5,NEUTRAL,検出 - インデックス未登録,INDEXING_STATE_UNSPECIFIED,ROBOTS_TXT_STATE_UNSPECIFIED,,PAGE_FETCH_STATE_UNSPECIFIED,,,CRAWLING_USER_AGENT_UNSPECIFIED,3
https://stats47.jp/ranking/nurses-general-hospital-per-100beds,NEUTRAL,検出 - インデックス未登録,INDEXING_STATE_UNSPECIFIED,ROBOTS_TXT_STATE_UNSPECIFIED,,PAGE_FETCH_STATE_UNSPECIFIED,,,CRAWLING_USER_AGENT_UNSPECIFIED,3
https://stats47.jp/ranking/nurses-in-medical-facilities-per-100k,NEUTRAL,検出 - インデックス未登録,INDEXING_STATE_UNSPECIFIED,ROBOTS_TXT_STATE_UNSPECIFIED,,PAGE_FETCH_STATE_UNSPECIFIED,,,CRAWLING_USER_AGENT_UNSPECIFIED,3
https://stats47.jp/ranking/occupational-accident-frequency-rate,NEUTRAL,検出 - インデックス未登録,INDEXING_STATE_UNSPECIFIED,ROBOTS_TXT_STATE_UNSPECIFIED,,PAGE_FETCH_STATE_UNSPECIFIED,,,CRAWLING_USER_AGENT_UNSPECIFIED,3
https://stats47.jp/ranking/old-population-index,NEUTRAL,検出 - インデックス未登録,INDEXING_STATE_UNSPECIFIED,ROBOTS_TXT_STATE_UNSPECIFIED,,PAGE_FETCH_STATE_UNSPECIFIED,,,CRAWLING_USER_AGENT_UNSPECIFIED,3
https://stats47.jp/ranking/ordinary-construction-expenditure-ratio-pref-finance,NEUTRAL,検出 - インデックス未登録,INDEXING_STATE_UNSPECIFIED,ROBOTS_TXT_STATE_UNSPECIFIED,,PAGE_FETCH_STATE_UNSPECIFIED,,,CRAWLING_USER_AGENT_UNSPECIFIED,3
https://stats47.jp/ranking/outflow-population-ratio,NEUTRAL,検出 - インデックス未登録,INDEXING_STATE_UNSPECIFIED,ROBOTS_TXT_STATE_UNSPECIFIED,,PAGE_FETCH_STATE_UNSPECIFIED,,,CRAWLING_USER_AGENT_UNSPECIFIED,3
https://stats47.jp/ranking/outpatients-per-fulltime-physician-per-day,NEUTRAL,検出 - インデックス未登録,INDEXING_STATE_UNSPECIFIED,ROBOTS_TXT_STATE_UNSPECIFIED,,PAGE_FETCH_STATE_UNSPECIFIED,,,CRAWLING_USER_AGENT_UNSPECIFIED,2
https://stats47.jp/ranking/paid-nursing-home-count-per-100k-65plus,NEUTRAL,検出 - インデックス未登録,INDEXING_STATE_UNSPECIFIED,ROBOTS_TXT_STATE_UNSPECIFIED,,PAGE_FETCH_STATE_UNSPECIFIED,,,CRAWLING_USER_AGENT_UNSPECIFIED,2
https://stats47.jp/ranking/part-time-employment-rate-regular,NEUTRAL,検出 - インデックス未登録,INDEXING_STATE_UNSPECIFIED,ROBOTS_TXT_STATE_UNSPECIFIED,,PAGE_FETCH_STATE_UNSPECIFIED,,,CRAWLING_USER_AGENT_UNSPECIFIED,3
https://stats47.jp/ranking/passenger-ship-transport,NEUTRAL,検出 - インデックス未登録,INDEXING_STATE_UNSPECIFIED,ROBOTS_TXT_STATE_UNSPECIFIED,,PAGE_FETCH_STATE_UNSPECIFIED,,,CRAWLING_USER_AGENT_UNSPECIFIED,3
https://stats47.jp/ranking/per-capita-child-welfare-expenditure-under17-pref-municipal,NEUTRAL,検出 - インデックス未登録,INDEXING_STATE_UNSPECIFIED,ROBOTS_TXT_STATE_UNSPECIFIED,,PAGE_FETCH_STATE_UNSPECIFIED,,,CRAWLING_USER_AGENT_UNSPECIFIED,3
https://stats47.jp/ranking/per-capita-disaster-recovery-expenditure-pref-municipal,NEUTRAL,検出 - インデックス未登録,INDEXING_STATE_UNSPECIFIED,ROBOTS_TXT_STATE_UNSPECIFIED,,PAGE_FETCH_STATE_UNSPECIFIED,,,CRAWLING_USER_AGENT_UNSPECIFIED,3
https://stats47.jp/ranking/per-capita-inhabitant-tax-pref-municipal,NEUTRAL,検出 - インデックス未登録,INDEXING_STATE_UNSPECIFIED,ROBOTS_TXT_STATE_UNSPECIFIED,,PAGE_FETCH_STATE_UNSPECIFIED,,,CRAWLING_USER_AGENT_UNSPECIFIED,3
https://stats47.jp/ranking/per-capita-social-education-expenditure-pref-municipal,NEUTRAL,検出 - インデックス未登録,INDEXING_STATE_UNSPECIFIED,ROBOTS_TXT_STATE_UNSPECIFIED,,PAGE_FETCH_STATE_UNSPECIFIED,,,CRAWLING_USER_AGENT_UNSPECIFIED,3
https://stats47.jp/ranking/per-capita-social-welfare-expenditure-pref-municipal,NEUTRAL,検出 - インデックス未登録,INDEXING_STATE_UNSPECIFIED,ROBOTS_TXT_STATE_UNSPECIFIED,,PAGE_FETCH_STATE_UNSPECIFIED,,,CRAWLING_USER_AGENT_UNSPECIFIED,3
https://stats47.jp/ranking/per-capita-total-expenditure-pref-municipal,NEUTRAL,検出 - インデックス未登録,INDEXING_STATE_UNSPECIFIED,ROBOTS_TXT_STATE_UNSPECIFIED,,PAGE_FETCH_STATE_UNSPECIFIED,,,CRAWLING_USER_AGENT_UNSPECIFIED,3
https://stats47.jp/ranking/per-child-student-special-support-school-expenditure-pref-municipal,NEUTRAL,検出 - インデックス未登録,INDEXING_STATE_UNSPECIFIED,ROBOTS_TXT_STATE_UNSPECIFIED,,PAGE_FETCH_STATE_UNSPECIFIED,,,CRAWLING_USER_AGENT_UNSPECIFIED,2
https://stats47.jp/ranking/per-taxpayer-taxable-income,NEUTRAL,検出 - インデックス未登録,INDEXING_STATE_UNSPECIFIED,ROBOTS_TXT_STATE_UNSPECIFIED,,PAGE_FETCH_STATE_UNSPECIFIED,,,CRAWLING_USER_AGENT_UNSPECIFIED,2
https://stats47.jp/ranking/perinatal-mortality-rate-per-1000-births,NEUTRAL,検出 - インデックス未登録,INDEXING_STATE_UNSPECIFIED,ROBOTS_TXT_STATE_UNSPECIFIED,,PAGE_FETCH_STATE_UNSPECIFIED,,,CRAWLING_USER_AGENT_UNSPECIFIED,3
https://stats47.jp/ranking/personnel-expenditure-ratio-pref-finance,NEUTRAL,検出 - インデックス未登録,INDEXING_STATE_UNSPECIFIED,ROBOTS_TXT_STATE_UNSPECIFIED,,PAGE_FETCH_STATE_UNSPECIFIED,,,CRAWLING_USER_AGENT_UNSPECIFIED,3
https://stats47.jp/ranking/personnel-expenses-prefecture,NEUTRAL,検出 - インデックス未登録,INDEXING_STATE_UNSPECIFIED,ROBOTS_TXT_STATE_UNSPECIFIED,,PAGE_FETCH_STATE_UNSPECIFIED,,,CRAWLING_USER_AGENT_UNSPECIFIED,3
https://stats47.jp/ranking/persons-on-public-assistance,NEUTRAL,検出 - インデックス未登録,INDEXING_STATE_UNSPECIFIED,ROBOTS_TXT_STATE_UNSPECIFIED,,PAGE_FETCH_STATE_UNSPECIFIED,,,CRAWLING_USER_AGENT_UNSPECIFIED,2
https://stats47.jp/ranking/pharmaceutical-sales-count-per-100k,NEUTRAL,検出 - インデックス未登録,INDEXING_STATE_UNSPECIFIED,ROBOTS_TXT_STATE_UNSPECIFIED,,PAGE_FETCH_STATE_UNSPECIFIED,,,CRAWLING_USER_AGENT_UNSPECIFIED,3
https://stats47.jp/ranking/pharmaceutical-sales-count-per-100km2,NEUTRAL,検出 - インデックス未登録,INDEXING_STATE_UNSPECIFIED,ROBOTS_TXT_STATE_UNSPECIFIED,,PAGE_FETCH_STATE_UNSPECIFIED,,,CRAWLING_USER_AGENT_UNSPECIFIED,3
https://stats47.jp/ranking/pharmacist-count,NEUTRAL,URL が Google に認識されていません,INDEXING_STATE_UNSPECIFIED,ROBOTS_TXT_STATE_UNSPECIFIED,,PAGE_FETCH_STATE_UNSPECIFIED,,,,0
https://stats47.jp/ranking/pharmacy-count,NEUTRAL,検出 - インデックス未登録,INDEXING_STATE_UNSPECIFIED,ROBOTS_TXT_STATE_UNSPECIFIED,,PAGE_FETCH_STATE_UNSPECIFIED,,,CRAWLING_USER_AGENT_UNSPECIFIED,3
https://stats47.jp/ranking/pharmacy-count-per-100k,NEUTRAL,検出 - インデックス未登録,INDEXING_STATE_UNSPECIFIED,ROBOTS_TXT_STATE_UNSPECIFIED,,PAGE_FETCH_STATE_UNSPECIFIED,,,CRAWLING_USER_AGENT_UNSPECIFIED,3
https://stats47.jp/ranking/physical-disability-rehabilitation-facility-residents-per-100k,NEUTRAL,検出 - インデックス未登録,INDEXING_STATE_UNSPECIFIED,ROBOTS_TXT_STATE_UNSPECIFIED,,PAGE_FETCH_STATE_UNSPECIFIED,,,CRAWLING_USER_AGENT_UNSPECIFIED,3
https://stats47.jp/ranking/physicians-in-medical-facilities-per-100k,NEUTRAL,検出 - インデックス未登録,INDEXING_STATE_UNSPECIFIED,ROBOTS_TXT_STATE_UNSPECIFIED,,PAGE_FETCH_STATE_UNSPECIFIED,,,CRAWLING_USER_AGENT_UNSPECIFIED,3
https://stats47.jp/ranking/police-department-staff,NEUTRAL,検出 - インデックス未登録,INDEXING_STATE_UNSPECIFIED,ROBOTS_TXT_STATE_UNSPECIFIED,,PAGE_FETCH_STATE_UNSPECIFIED,,,CRAWLING_USER_AGENT_UNSPECIFIED,3
https://stats47.jp/ranking/police-expenditure-ratio-pref-finance,NEUTRAL,検出 - インデックス未登録,INDEXING_STATE_UNSPECIFIED,ROBOTS_TXT_STATE_UNSPECIFIED,,PAGE_FETCH_STATE_UNSPECIFIED,,,CRAWLING_USER_AGENT_UNSPECIFIED,3
https://stats47.jp/ranking/pollution-complaints-received-per-100k,NEUTRAL,検出 - インデックス未登録,INDEXING_STATE_UNSPECIFIED,ROBOTS_TXT_STATE_UNSPECIFIED,,PAGE_FETCH_STATE_UNSPECIFIED,,,CRAWLING_USER_AGENT_UNSPECIFIED,2
https://stats47.jp/ranking/population-density-per-km2-inhabitable-area,NEUTRAL,検出 - インデックス未登録,INDEXING_STATE_UNSPECIFIED,ROBOTS_TXT_STATE_UNSPECIFIED,,PAGE_FETCH_STATE_UNSPECIFIED,,,CRAWLING_USER_AGENT_UNSPECIFIED,3
https://stats47.jp/ranking/post-office-count-per-100km2,NEUTRAL,検出 - インデックス未登録,INDEXING_STATE_UNSPECIFIED,ROBOTS_TXT_STATE_UNSPECIFIED,,PAGE_FETCH_STATE_UNSPECIFIED,,,CRAWLING_USER_AGENT_UNSPECIFIED,3
https://stats47.jp/ranking/postal-savings-balance,NEUTRAL,URL が Google に認識されていません,INDEXING_STATE_UNSPECIFIED,ROBOTS_TXT_STATE_UNSPECIFIED,,PAGE_FETCH_STATE_UNSPECIFIED,,,,0
https://stats47.jp/ranking/postal-savings-balance-per-capita,NEUTRAL,URL が Google に認識されていません,INDEXING_STATE_UNSPECIFIED,ROBOTS_TXT_STATE_UNSPECIFIED,,PAGE_FETCH_STATE_UNSPECIFIED,,,,0
https://stats47.jp/ranking/primary-activity-avg-time-female,NEUTRAL,検出 - インデックス未登録,INDEXING_STATE_UNSPECIFIED,ROBOTS_TXT_STATE_UNSPECIFIED,,PAGE_FETCH_STATE_UNSPECIFIED,,,CRAWLING_USER_AGENT_UNSPECIFIED,3
https://stats47.jp/ranking/prime-contractor-completed-construction,NEUTRAL,検出 - インデックス未登録,INDEXING_STATE_UNSPECIFIED,ROBOTS_TXT_STATE_UNSPECIFIED,,PAGE_FETCH_STATE_UNSPECIFIED,,,CRAWLING_USER_AGENT_UNSPECIFIED,3
https://stats47.jp/ranking/private-auto-insurance-penetration-rate-object,NEUTRAL,URL が Google に認識されていません,INDEXING_STATE_UNSPECIFIED,ROBOTS_TXT_STATE_UNSPECIFIED,,PAGE_FETCH_STATE_UNSPECIFIED,,,,0
https://stats47.jp/ranking/private-auto-insurance-penetration-rate-person,NEUTRAL,検出 - インデックス未登録,INDEXING_STATE_UNSPECIFIED,ROBOTS_TXT_STATE_UNSPECIFIED,,PAGE_FETCH_STATE_UNSPECIFIED,,,CRAWLING_USER_AGENT_UNSPECIFIED,3
https://stats47.jp/ranking/private-auto-insurance-penetration-rate-vehicle,NEUTRAL,検出 - インデックス未登録,INDEXING_STATE_UNSPECIFIED,ROBOTS_TXT_STATE_UNSPECIFIED,,PAGE_FETCH_STATE_UNSPECIFIED,,,CRAWLING_USER_AGENT_UNSPECIFIED,3
https://stats47.jp/ranking/private-life-insurance-amount-per-contract,NEUTRAL,検出 - インデックス未登録,INDEXING_STATE_UNSPECIFIED,ROBOTS_TXT_STATE_UNSPECIFIED,,PAGE_FETCH_STATE_UNSPECIFIED,,,CRAWLING_USER_AGENT_UNSPECIFIED,3
https://stats47.jp/ranking/private-life-insurance-contract-amount-per-household,NEUTRAL,検出 - インデックス未登録,INDEXING_STATE_UNSPECIFIED,ROBOTS_TXT_STATE_UNSPECIFIED,,PAGE_FETCH_STATE_UNSPECIFIED,,,CRAWLING_USER_AGENT_UNSPECIFIED,3
https://stats47.jp/ranking/private-life-insurance-contracts-per-1000,NEUTRAL,検出 - インデックス未登録,INDEXING_STATE_UNSPECIFIED,ROBOTS_TXT_STATE_UNSPECIFIED,,PAGE_FETCH_STATE_UNSPECIFIED,,,CRAWLING_USER_AGENT_UNSPECIFIED,3
https://stats47.jp/ranking/private-rental-housing-rent-per-3-3m2,NEUTRAL,検出 - インデックス未登録,INDEXING_STATE_UNSPECIFIED,ROBOTS_TXT_STATE_UNSPECIFIED,,PAGE_FETCH_STATE_UNSPECIFIED,,,CRAWLING_USER_AGENT_UNSPECIFIED,3
https://stats47.jp/ranking/private-university-student-ratio,NEUTRAL,URL が Google に認識されていません,INDEXING_STATE_UNSPECIFIED,ROBOTS_TXT_STATE_UNSPECIFIED,,PAGE_FETCH_STATE_UNSPECIFIED,,,,0
https://stats47.jp/ranking/psychiatric-bed-count-per-100k,NEUTRAL,検出 - インデックス未登録,INDEXING_STATE_UNSPECIFIED,ROBOTS_TXT_STATE_UNSPECIFIED,,PAGE_FETCH_STATE_UNSPECIFIED,,,CRAWLING_USER_AGENT_UNSPECIFIED,3
https://stats47.jp/ranking/psychiatric-hospital-count-per-100k,NEUTRAL,URL が Google に認識されていません,INDEXING_STATE_UNSPECIFIED,ROBOTS_TXT_STATE_UNSPECIFIED,,PAGE_FETCH_STATE_UNSPECIFIED,,,,0
https://stats47.jp/ranking/psychiatric-inpatients-per-fulltime-physician-per-day,NEUTRAL,検出 - インデックス未登録,INDEXING_STATE_UNSPECIFIED,ROBOTS_TXT_STATE_UNSPECIFIED,,PAGE_FETCH_STATE_UNSPECIFIED,,,CRAWLING_USER_AGENT_UNSPECIFIED,3
https://stats47.jp/ranking/psychiatric-inpatients-per-nurse-per-day,NEUTRAL,検出 - インデックス未登録,INDEXING_STATE_UNSPECIFIED,ROBOTS_TXT_STATE_UNSPECIFIED,,PAGE_FETCH_STATE_UNSPECIFIED,,,CRAWLING_USER_AGENT_UNSPECIFIED,3
https://stats47.jp/ranking/psychiatric-outpatients-per-fulltime-physician-per-day,NEUTRAL,検出 - インデックス未登録,INDEXING_STATE_UNSPECIFIED,ROBOTS_TXT_STATE_UNSPECIFIED,,PAGE_FETCH_STATE_UNSPECIFIED,,,CRAWLING_USER_AGENT_UNSPECIFIED,2
https://stats47.jp/ranking/public-assistance-education-beneficiaries-per-1000,NEUTRAL,検出 - インデックス未登録,INDEXING_STATE_UNSPECIFIED,ROBOTS_TXT_STATE_UNSPECIFIED,,PAGE_FETCH_STATE_UNSPECIFIED,,,CRAWLING_USER_AGENT_UNSPECIFIED,2
https://stats47.jp/ranking/public-assistance-expenditure-ratio-pref-finance,NEUTRAL,検出 - インデックス未登録,INDEXING_STATE_UNSPECIFIED,ROBOTS_TXT_STATE_UNSPECIFIED,,PAGE_FETCH_STATE_UNSPECIFIED,,,CRAWLING_USER_AGENT_UNSPECIFIED,3
https://stats47.jp/ranking/public-assistance-housing-beneficiaries-per-1000,NEUTRAL,検出 - インデックス未登録,INDEXING_STATE_UNSPECIFIED,ROBOTS_TXT_STATE_UNSPECIFIED,,PAGE_FETCH_STATE_UNSPECIFIED,,,CRAWLING_USER_AGENT_UNSPECIFIED,3
https://stats47.jp/ranking/public-assistance-medical-beneficiaries-per-1000,NEUTRAL,検出 - インデックス未登録,INDEXING_STATE_UNSPECIFIED,ROBOTS_TXT_STATE_UNSPECIFIED,,PAGE_FETCH_STATE_UNSPECIFIED,,,CRAWLING_USER_AGENT_UNSPECIFIED,3
https://stats47.jp/ranking/public-assistance-nursing-beneficiaries-per-1000,NEUTRAL,検出 - インデックス未登録,INDEXING_STATE_UNSPECIFIED,ROBOTS_TXT_STATE_UNSPECIFIED,,PAGE_FETCH_STATE_UNSPECIFIED,,,CRAWLING_USER_AGENT_UNSPECIFIED,3
https://stats47.jp/ranking/public-elementary-school-gym-installation-rate,NEUTRAL,検出 - インデックス未登録,INDEXING_STATE_UNSPECIFIED,ROBOTS_TXT_STATE_UNSPECIFIED,,PAGE_FETCH_STATE_UNSPECIFIED,,,CRAWLING_USER_AGENT_UNSPECIFIED,3
https://stats47.jp/ranking/public-elementary-school-pool-installation-rate,NEUTRAL,検出 - インデックス未登録,INDEXING_STATE_UNSPECIFIED,ROBOTS_TXT_STATE_UNSPECIFIED,,PAGE_FETCH_STATE_UNSPECIFIED,,,CRAWLING_USER_AGENT_UNSPECIFIED,3
https://stats47.jp/ranking/public-general-hospital-ratio,NEUTRAL,検出 - インデックス未登録,INDEXING_STATE_UNSPECIFIED,ROBOTS_TXT_STATE_UNSPECIFIED,,PAGE_FETCH_STATE_UNSPECIFIED,,,CRAWLING_USER_AGENT_UNSPECIFIED,3
https://stats47.jp/ranking/public-gymnasium-count-per-million,NEUTRAL,検出 - インデックス未登録,INDEXING_STATE_UNSPECIFIED,ROBOTS_TXT_STATE_UNSPECIFIED,,PAGE_FETCH_STATE_UNSPECIFIED,,,CRAWLING_USER_AGENT_UNSPECIFIED,3
https://stats47.jp/ranking/public-hall-count-per-million,NEUTRAL,検出 - インデックス未登録,INDEXING_STATE_UNSPECIFIED,ROBOTS_TXT_STATE_UNSPECIFIED,,PAGE_FETCH_STATE_UNSPECIFIED,,,CRAWLING_USER_AGENT_UNSPECIFIED,3
https://stats47.jp/ranking/public-health-nurse-count-per-100k,NEUTRAL,検出 - インデックス未登録,INDEXING_STATE_UNSPECIFIED,ROBOTS_TXT_STATE_UNSPECIFIED,,PAGE_FETCH_STATE_UNSPECIFIED,,,CRAWLING_USER_AGENT_UNSPECIFIED,2
https://stats47.jp/ranking/public-high-school-pool-installation-rate,NEUTRAL,検出 - インデックス未登録,INDEXING_STATE_UNSPECIFIED,ROBOTS_TXT_STATE_UNSPECIFIED,,PAGE_FETCH_STATE_UNSPECIFIED,,,CRAWLING_USER_AGENT_UNSPECIFIED,3
https://stats47.jp/ranking/public-high-school-ratio,NEUTRAL,検出 - インデックス未登録,INDEXING_STATE_UNSPECIFIED,ROBOTS_TXT_STATE_UNSPECIFIED,,PAGE_FETCH_STATE_UNSPECIFIED,,,CRAWLING_USER_AGENT_UNSPECIFIED,3
https://stats47.jp/ranking/public-high-school-student-ratio,NEUTRAL,検出 - インデックス未登録,INDEXING_STATE_UNSPECIFIED,ROBOTS_TXT_STATE_UNSPECIFIED,,PAGE_FETCH_STATE_UNSPECIFIED,,,CRAWLING_USER_AGENT_UNSPECIFIED,3
https://stats47.jp/ranking/public-junior-high-school-gym-installation-rate,NEUTRAL,検出 - インデックス未登録,INDEXING_STATE_UNSPECIFIED,ROBOTS_TXT_STATE_UNSPECIFIED,,PAGE_FETCH_STATE_UNSPECIFIED,,,CRAWLING_USER_AGENT_UNSPECIFIED,3
https://stats47.jp/ranking/public-multipurpose-sports-ground-count-per-million,NEUTRAL,検出 - インデックス未登録,INDEXING_STATE_UNSPECIFIED,ROBOTS_TXT_STATE_UNSPECIFIED,,PAGE_FETCH_STATE_UNSPECIFIED,,,CRAWLING_USER_AGENT_UNSPECIFIED,2
https://stats47.jp/ranking/public-nursery-ratio,NEUTRAL,検出 - インデックス未登録,INDEXING_STATE_UNSPECIFIED,ROBOTS_TXT_STATE_UNSPECIFIED,,PAGE_FETCH_STATE_UNSPECIFIED,,,CRAWLING_USER_AGENT_UNSPECIFIED,2
https://stats47.jp/ranking/public-rental-housing-rent-per-3-3m2,NEUTRAL,検出 - インデックス未登録,INDEXING_STATE_UNSPECIFIED,ROBOTS_TXT_STATE_UNSPECIFIED,,PAGE_FETCH_STATE_UNSPECIFIED,,,CRAWLING_USER_AGENT_UNSPECIFIED,3
https://stats47.jp/ranking/public-swimming-pool-count-per-million,NEUTRAL,検出 - インデックス未登録,INDEXING_STATE_UNSPECIFIED,ROBOTS_TXT_STATE_UNSPECIFIED,,PAGE_FETCH_STATE_UNSPECIFIED,,,CRAWLING_USER_AGENT_UNSPECIFIED,3
https://stats47.jp/ranking/public-university-student-ratio,NEUTRAL,検出 - インデックス未登録,INDEXING_STATE_UNSPECIFIED,ROBOTS_TXT_STATE_UNSPECIFIED,,PAGE_FETCH_STATE_UNSPECIFIED,,,CRAWLING_USER_AGENT_UNSPECIFIED,3
https://stats47.jp/ranking/public-works-expenditure-ratio-pref-finance,NEUTRAL,URL が Google に認識されていません,INDEXING_STATE_UNSPECIFIED,ROBOTS_TXT_STATE_UNSPECIFIED,,PAGE_FETCH_STATE_UNSPECIFIED,,,,0
https://stats47.jp/ranking/ratio-65-plus,NEUTRAL,URL が Google に認識されていません,INDEXING_STATE_UNSPECIFIED,ROBOTS_TXT_STATE_UNSPECIFIED,,PAGE_FETCH_STATE_UNSPECIFIED,,,,0
https://stats47.jp/ranking/ratio-of-general-households-to-national,NEUTRAL,検出 - インデックス未登録,INDEXING_STATE_UNSPECIFIED,ROBOTS_TXT_STATE_UNSPECIFIED,,PAGE_FETCH_STATE_UNSPECIFIED,,,CRAWLING_USER_AGENT_UNSPECIFIED,3
https://stats47.jp/ranking/real-balance-ratio,NEUTRAL,検出 - インデックス未登録,INDEXING_STATE_UNSPECIFIED,ROBOTS_TXT_STATE_UNSPECIFIED,,PAGE_FETCH_STATE_UNSPECIFIED,,,CRAWLING_USER_AGENT_UNSPECIFIED,3
https://stats47.jp/ranking/regular-cash-salary-female,NEUTRAL,検出 - インデックス未登録,INDEXING_STATE_UNSPECIFIED,ROBOTS_TXT_STATE_UNSPECIFIED,,PAGE_FETCH_STATE_UNSPECIFIED,,,CRAWLING_USER_AGENT_UNSPECIFIED,3
https://stats47.jp/ranking/regular-cash-salary-female-pre2019,NEUTRAL,検出 - インデックス未登録,INDEXING_STATE_UNSPECIFIED,ROBOTS_TXT_STATE_UNSPECIFIED,,PAGE_FETCH_STATE_UNSPECIFIED,,,CRAWLING_USER_AGENT_UNSPECIFIED,3
https://stats47.jp/ranking/reserve-funds-prefecture,NEUTRAL,検出 - インデックス未登録,INDEXING_STATE_UNSPECIFIED,ROBOTS_TXT_STATE_UNSPECIFIED,,PAGE_FETCH_STATE_UNSPECIFIED,,,CRAWLING_USER_AGENT_UNSPECIFIED,3
https://stats47.jp/ranking/residential-and-mixed-area-ratio,NEUTRAL,検出 - インデックス未登録,INDEXING_STATE_UNSPECIFIED,ROBOTS_TXT_STATE_UNSPECIFIED,,PAGE_FETCH_STATE_UNSPECIFIED,,,CRAWLING_USER_AGENT_UNSPECIFIED,2
https://stats47.jp/ranking/residential-area-ratio,NEUTRAL,検出 - インデックス未登録,INDEXING_STATE_UNSPECIFIED,ROBOTS_TXT_STATE_UNSPECIFIED,,PAGE_FETCH_STATE_UNSPECIFIED,,,CRAWLING_USER_AGENT_UNSPECIFIED,2
https://stats47.jp/ranking/residential-telephone-subscription-count-per-1000,NEUTRAL,検出 - インデックス未登録,INDEXING_STATE_UNSPECIFIED,ROBOTS_TXT_STATE_UNSPECIFIED,,PAGE_FETCH_STATE_UNSPECIFIED,,,CRAWLING_USER_AGENT_UNSPECIFIED,3
https://stats47.jp/ranking/road-bridge-expenses-prefecture,NEUTRAL,URL が Google に認識されていません,INDEXING_STATE_UNSPECIFIED,ROBOTS_TXT_STATE_UNSPECIFIED,,PAGE_FETCH_STATE_UNSPECIFIED,,,,0
https://stats47.jp/ranking/road-traffic-law-violation-arrest-count-per-population,NEUTRAL,検出 - インデックス未登録,INDEXING_STATE_UNSPECIFIED,ROBOTS_TXT_STATE_UNSPECIFIED,,PAGE_FETCH_STATE_UNSPECIFIED,,,CRAWLING_USER_AGENT_UNSPECIFIED,3
https://stats47.jp/ranking/room-utilization-rate,NEUTRAL,検出 - インデックス未登録,INDEXING_STATE_UNSPECIFIED,ROBOTS_TXT_STATE_UNSPECIFIED,,PAGE_FETCH_STATE_UNSPECIFIED,,,CRAWLING_USER_AGENT_UNSPECIFIED,3
https://stats47.jp/ranking/rooms-per-dwelling,NEUTRAL,検出 - インデックス未登録,INDEXING_STATE_UNSPECIFIED,ROBOTS_TXT_STATE_UNSPECIFIED,,PAGE_FETCH_STATE_UNSPECIFIED,,,CRAWLING_USER_AGENT_UNSPECIFIED,2
https://stats47.jp/ranking/secondary-education-school-count-per-100k-12-17,NEUTRAL,検出 - インデックス未登録,INDEXING_STATE_UNSPECIFIED,ROBOTS_TXT_STATE_UNSPECIFIED,,PAGE_FETCH_STATE_UNSPECIFIED,,,CRAWLING_USER_AGENT_UNSPECIFIED,3
https://stats47.jp/ranking/secondary-employed-people-ratio-tertiary,NEUTRAL,URL が Google に認識されていません,INDEXING_STATE_UNSPECIFIED,ROBOTS_TXT_STATE_UNSPECIFIED,,PAGE_FETCH_STATE_UNSPECIFIED,,,,0
https://stats47.jp/ranking/sewerage-penetration-rate-2012on,NEUTRAL,検出 - インデックス未登録,INDEXING_STATE_UNSPECIFIED,ROBOTS_TXT_STATE_UNSPECIFIED,,PAGE_FETCH_STATE_UNSPECIFIED,,,CRAWLING_USER_AGENT_UNSPECIFIED,3
https://stats47.jp/ranking/sewerage-penetration-rate-pre2011,NEUTRAL,検出 - インデックス未登録,INDEXING_STATE_UNSPECIFIED,ROBOTS_TXT_STATE_UNSPECIFIED,,PAGE_FETCH_STATE_UNSPECIFIED,,,CRAWLING_USER_AGENT_UNSPECIFIED,1
https://stats47.jp/ranking/sex-old-population-ratio,NEUTRAL,検出 - インデックス未登録,INDEXING_STATE_UNSPECIFIED,ROBOTS_TXT_STATE_UNSPECIFIED,,PAGE_FETCH_STATE_UNSPECIFIED,,,CRAWLING_USER_AGENT_UNSPECIFIED,2
https://stats47.jp/ranking/sex-ratio-total,NEUTRAL,検出 - インデックス未登録,INDEXING_STATE_UNSPECIFIED,ROBOTS_TXT_STATE_UNSPECIFIED,,PAGE_FETCH_STATE_UNSPECIFIED,,,CRAWLING_USER_AGENT_UNSPECIFIED,3
https://stats47.jp/ranking/sex-young-population-ratio,NEUTRAL,検出 - インデックス未登録,INDEXING_STATE_UNSPECIFIED,ROBOTS_TXT_STATE_UNSPECIFIED,,PAGE_FETCH_STATE_UNSPECIFIED,,,CRAWLING_USER_AGENT_UNSPECIFIED,3
https://stats47.jp/ranking/single-father-households,NEUTRAL,検出 - インデックス未登録,INDEXING_STATE_UNSPECIFIED,ROBOTS_TXT_STATE_UNSPECIFIED,,PAGE_FETCH_STATE_UNSPECIFIED,,,CRAWLING_USER_AGENT_UNSPECIFIED,2
https://stats47.jp/ranking/single-person-household-old-population-ratio,NEUTRAL,検出 - インデックス未登録,INDEXING_STATE_UNSPECIFIED,ROBOTS_TXT_STATE_UNSPECIFIED,,PAGE_FETCH_STATE_UNSPECIFIED,,,CRAWLING_USER_AGENT_UNSPECIFIED,3
https://stats47.jp/ranking/site-area-per-dwelling,NEUTRAL,検出 - インデックス未登録,INDEXING_STATE_UNSPECIFIED,ROBOTS_TXT_STATE_UNSPECIFIED,,PAGE_FETCH_STATE_UNSPECIFIED,,,CRAWLING_USER_AGENT_UNSPECIFIED,3
https://stats47.jp/ranking/special-law-criminal-arrest-count,NEUTRAL,検出 - インデックス未登録,INDEXING_STATE_UNSPECIFIED,ROBOTS_TXT_STATE_UNSPECIFIED,,PAGE_FETCH_STATE_UNSPECIFIED,,,CRAWLING_USER_AGENT_UNSPECIFIED,3
https://stats47.jp/ranking/special-law-criminal-arrest-count-per-population,NEUTRAL,検出 - インデックス未登録,INDEXING_STATE_UNSPECIFIED,ROBOTS_TXT_STATE_UNSPECIFIED,,PAGE_FETCH_STATE_UNSPECIFIED,,,CRAWLING_USER_AGENT_UNSPECIFIED,3
https://stats47.jp/ranking/special-support-school-expenses-prefecture,NEUTRAL,URL が Google に認識されていません,INDEXING_STATE_UNSPECIFIED,ROBOTS_TXT_STATE_UNSPECIFIED,,PAGE_FETCH_STATE_UNSPECIFIED,,,,0
https://stats47.jp/ranking/specialized-school-count-per-100k,NEUTRAL,検出 - インデックス未登録,INDEXING_STATE_UNSPECIFIED,ROBOTS_TXT_STATE_UNSPECIFIED,,PAGE_FETCH_STATE_UNSPECIFIED,,,CRAWLING_USER_AGENT_UNSPECIFIED,2
https://stats47.jp/ranking/sports-park-count-per-100km2,NEUTRAL,検出 - インデックス未登録,INDEXING_STATE_UNSPECIFIED,ROBOTS_TXT_STATE_UNSPECIFIED,,PAGE_FETCH_STATE_UNSPECIFIED,,,CRAWLING_USER_AGENT_UNSPECIFIED,3
https://stats47.jp/ranking/standard-fiscal-demand-municipality,NEUTRAL,検出 - インデックス未登録,INDEXING_STATE_UNSPECIFIED,ROBOTS_TXT_STATE_UNSPECIFIED,,PAGE_FETCH_STATE_UNSPECIFIED,,,CRAWLING_USER_AGENT_UNSPECIFIED,3
https://stats47.jp/ranking/standard-fiscal-expenditure,NEUTRAL,検出 - インデックス未登録,INDEXING_STATE_UNSPECIFIED,ROBOTS_TXT_STATE_UNSPECIFIED,,PAGE_FETCH_STATE_UNSPECIFIED,,,CRAWLING_USER_AGENT_UNSPECIFIED,3
https://stats47.jp/ranking/standard-fiscal-revenue,NEUTRAL,検出 - インデックス未登録,INDEXING_STATE_UNSPECIFIED,ROBOTS_TXT_STATE_UNSPECIFIED,,PAGE_FETCH_STATE_UNSPECIFIED,,,CRAWLING_USER_AGENT_UNSPECIFIED,3
https://stats47.jp/ranking/standard-fiscal-revenue-municipality,NEUTRAL,検出 - インデックス未登録,INDEXING_STATE_UNSPECIFIED,ROBOTS_TXT_STATE_UNSPECIFIED,,PAGE_FETCH_STATE_UNSPECIFIED,,,CRAWLING_USER_AGENT_UNSPECIFIED,3
https://stats47.jp/ranking/standardized-mortality-japanese,NEUTRAL,検出 - インデックス未登録,INDEXING_STATE_UNSPECIFIED,ROBOTS_TXT_STATE_UNSPECIFIED,,PAGE_FETCH_STATE_UNSPECIFIED,,,CRAWLING_USER_AGENT_UNSPECIFIED,3
https://stats47.jp/ranking/standardized-mortality-rate-per-1000,NEUTRAL,検出 - インデックス未登録,INDEXING_STATE_UNSPECIFIED,ROBOTS_TXT_STATE_UNSPECIFIED,,PAGE_FETCH_STATE_UNSPECIFIED,,,CRAWLING_USER_AGENT_UNSPECIFIED,3
https://stats47.jp/ranking/stillbirth-rate,NEUTRAL,検出 - インデックス未登録,INDEXING_STATE_UNSPECIFIED,ROBOTS_TXT_STATE_UNSPECIFIED,,PAGE_FETCH_STATE_UNSPECIFIED,,,CRAWLING_USER_AGENT_UNSPECIFIED,2
https://stats47.jp/ranking/stillbirths,NEUTRAL,検出 - インデックス未登録,INDEXING_STATE_UNSPECIFIED,ROBOTS_TXT_STATE_UNSPECIFIED,,PAGE_FETCH_STATE_UNSPECIFIED,,,CRAWLING_USER_AGENT_UNSPECIFIED,3
https://stats47.jp/ranking/suicide-count,NEUTRAL,検出 - インデックス未登録,INDEXING_STATE_UNSPECIFIED,ROBOTS_TXT_STATE_UNSPECIFIED,,PAGE_FETCH_STATE_UNSPECIFIED,,,CRAWLING_USER_AGENT_UNSPECIFIED,3
https://stats47.jp/ranking/suicide-count-65plus,NEUTRAL,検出 - インデックス未登録,INDEXING_STATE_UNSPECIFIED,ROBOTS_TXT_STATE_UNSPECIFIED,,PAGE_FETCH_STATE_UNSPECIFIED,,,CRAWLING_USER_AGENT_UNSPECIFIED,3
https://stats47.jp/ranking/suicide-rate-per-100k,NEUTRAL,検出 - インデックス未登録,INDEXING_STATE_UNSPECIFIED,ROBOTS_TXT_STATE_UNSPECIFIED,,PAGE_FETCH_STATE_UNSPECIFIED,,,CRAWLING_USER_AGENT_UNSPECIFIED,3
https://stats47.jp/ranking/suicides-per-100k,NEUTRAL,検出 - インデックス未登録,INDEXING_STATE_UNSPECIFIED,ROBOTS_TXT_STATE_UNSPECIFIED,,PAGE_FETCH_STATE_UNSPECIFIED,,,CRAWLING_USER_AGENT_UNSPECIFIED,3
https://stats47.jp/ranking/tatami-per-dwelling-owner,NEUTRAL,検出 - インデックス未登録,INDEXING_STATE_UNSPECIFIED,ROBOTS_TXT_STATE_UNSPECIFIED,,PAGE_FETCH_STATE_UNSPECIFIED,,,CRAWLING_USER_AGENT_UNSPECIFIED,3
https://stats47.jp/ranking/tatami-per-dwelling-rented,NEUTRAL,検出 - インデックス未登録,INDEXING_STATE_UNSPECIFIED,ROBOTS_TXT_STATE_UNSPECIFIED,,PAGE_FETCH_STATE_UNSPECIFIED,,,CRAWLING_USER_AGENT_UNSPECIFIED,3
https://stats47.jp/ranking/tatami-per-person-owner,NEUTRAL,検出 - インデックス未登録,INDEXING_STATE_UNSPECIFIED,ROBOTS_TXT_STATE_UNSPECIFIED,,PAGE_FETCH_STATE_UNSPECIFIED,,,CRAWLING_USER_AGENT_UNSPECIFIED,3
https://stats47.jp/ranking/tatami-per-person-rented,NEUTRAL,検出 - インデックス未登録,INDEXING_STATE_UNSPECIFIED,ROBOTS_TXT_STATE_UNSPECIFIED,,PAGE_FETCH_STATE_UNSPECIFIED,,,CRAWLING_USER_AGENT_UNSPECIFIED,3
https://stats47.jp/ranking/taxpayer-count-income,NEUTRAL,URL が Google に認識されていません,INDEXING_STATE_UNSPECIFIED,ROBOTS_TXT_STATE_UNSPECIFIED,,PAGE_FETCH_STATE_UNSPECIFIED,,,,0
https://stats47.jp/ranking/taxpayer-ratio-per-pref-resident,NEUTRAL,検出 - インデックス未登録,INDEXING_STATE_UNSPECIFIED,ROBOTS_TXT_STATE_UNSPECIFIED,,PAGE_FETCH_STATE_UNSPECIFIED,,,CRAWLING_USER_AGENT_UNSPECIFIED,2
https://stats47.jp/ranking/telephone-subscription-count-per-1000,NEUTRAL,検出 - インデックス未登録,INDEXING_STATE_UNSPECIFIED,ROBOTS_TXT_STATE_UNSPECIFIED,,PAGE_FETCH_STATE_UNSPECIFIED,,,CRAWLING_USER_AGENT_UNSPECIFIED,3
https://stats47.jp/ranking/tertiary-activity-avg-time-employed-female,NEUTRAL,検出 - インデックス未登録,INDEXING_STATE_UNSPECIFIED,ROBOTS_TXT_STATE_UNSPECIFIED,,PAGE_FETCH_STATE_UNSPECIFIED,,,CRAWLING_USER_AGENT_UNSPECIFIED,2
https://stats47.jp/ranking/tertiary-activity-avg-time-unemployed-female,NEUTRAL,検出 - インデックス未登録,INDEXING_STATE_UNSPECIFIED,ROBOTS_TXT_STATE_UNSPECIFIED,,PAGE_FETCH_STATE_UNSPECIFIED,,,CRAWLING_USER_AGENT_UNSPECIFIED,3
https://stats47.jp/ranking/theft-criminal-arrest-rate,NEUTRAL,検出 - インデックス未登録,INDEXING_STATE_UNSPECIFIED,ROBOTS_TXT_STATE_UNSPECIFIED,,PAGE_FETCH_STATE_UNSPECIFIED,,,CRAWLING_USER_AGENT_UNSPECIFIED,3
https://stats47.jp/ranking/theft-offenses-recognized-per-1000,NEUTRAL,検出 - インデックス未登録,INDEXING_STATE_UNSPECIFIED,ROBOTS_TXT_STATE_UNSPECIFIED,,PAGE_FETCH_STATE_UNSPECIFIED,,,CRAWLING_USER_AGENT_UNSPECIFIED,3
https://stats47.jp/ranking/total-area-excluding-northern-territories-and-takeshima,NEUTRAL,検出 - インデックス未登録,INDEXING_STATE_UNSPECIFIED,ROBOTS_TXT_STATE_UNSPECIFIED,,PAGE_FETCH_STATE_UNSPECIFIED,,,CRAWLING_USER_AGENT_UNSPECIFIED,3
https://stats47.jp/ranking/total-assessed-land-area-ratio-field,NEUTRAL,検出 - インデックス未登録,INDEXING_STATE_UNSPECIFIED,ROBOTS_TXT_STATE_UNSPECIFIED,,PAGE_FETCH_STATE_UNSPECIFIED,,,CRAWLING_USER_AGENT_UNSPECIFIED,3
https://stats47.jp/ranking/total-assessed-land-area-ratio-paddy,NEUTRAL,検出 - インデックス未登録,INDEXING_STATE_UNSPECIFIED,ROBOTS_TXT_STATE_UNSPECIFIED,,PAGE_FETCH_STATE_UNSPECIFIED,,,CRAWLING_USER_AGENT_UNSPECIFIED,3
https://stats47.jp/ranking/total-assessed-land-area-ratio-residential,NEUTRAL,検出 - インデックス未登録,INDEXING_STATE_UNSPECIFIED,ROBOTS_TXT_STATE_UNSPECIFIED,,PAGE_FETCH_STATE_UNSPECIFIED,,,CRAWLING_USER_AGENT_UNSPECIFIED,2
https://stats47.jp/ranking/total-expenditure-prefecture,NEUTRAL,検出 - インデックス未登録,INDEXING_STATE_UNSPECIFIED,ROBOTS_TXT_STATE_UNSPECIFIED,,PAGE_FETCH_STATE_UNSPECIFIED,,,CRAWLING_USER_AGENT_UNSPECIFIED,2
https://stats47.jp/ranking/total-farm-household-income,NEUTRAL,検出 - インデックス未登録,INDEXING_STATE_UNSPECIFIED,ROBOTS_TXT_STATE_UNSPECIFIED,,PAGE_FETCH_STATE_UNSPECIFIED,,,CRAWLING_USER_AGENT_UNSPECIFIED,3
https://stats47.jp/ranking/total-general-project-investment,NEUTRAL,URL が Google に認識されていません,INDEXING_STATE_UNSPECIFIED,ROBOTS_TXT_STATE_UNSPECIFIED,,PAGE_FETCH_STATE_UNSPECIFIED,,,,0
https://stats47.jp/ranking/total-inpatients,NEUTRAL,検出 - インデックス未登録,INDEXING_STATE_UNSPECIFIED,ROBOTS_TXT_STATE_UNSPECIFIED,,PAGE_FETCH_STATE_UNSPECIFIED,,,CRAWLING_USER_AGENT_UNSPECIFIED,3
https://stats47.jp/ranking/total-population,NEUTRAL,検出 - インデックス未登録,INDEXING_STATE_UNSPECIFIED,ROBOTS_TXT_STATE_UNSPECIFIED,,PAGE_FETCH_STATE_UNSPECIFIED,,,CRAWLING_USER_AGENT_UNSPECIFIED,2
https://stats47.jp/ranking/total-production-in-the-prefecture,NEUTRAL,検出 - インデックス未登録,INDEXING_STATE_UNSPECIFIED,ROBOTS_TXT_STATE_UNSPECIFIED,,PAGE_FETCH_STATE_UNSPECIFIED,,,CRAWLING_USER_AGENT_UNSPECIFIED,3
https://stats47.jp/ranking/total-revenue-prefecture,NEUTRAL,検出 - インデックス未登録,INDEXING_STATE_UNSPECIFIED,ROBOTS_TXT_STATE_UNSPECIFIED,,PAGE_FETCH_STATE_UNSPECIFIED,,,CRAWLING_USER_AGENT_UNSPECIFIED,2
https://stats47.jp/ranking/traffic-accident-count,NEUTRAL,検出 - インデックス未登録,INDEXING_STATE_UNSPECIFIED,ROBOTS_TXT_STATE_UNSPECIFIED,,PAGE_FETCH_STATE_UNSPECIFIED,,,CRAWLING_USER_AGENT_UNSPECIFIED,3
https://stats47.jp/ranking/traffic-accident-count-per-1000-km,NEUTRAL,検出 - インデックス未登録,INDEXING_STATE_UNSPECIFIED,ROBOTS_TXT_STATE_UNSPECIFIED,,PAGE_FETCH_STATE_UNSPECIFIED,,,CRAWLING_USER_AGENT_UNSPECIFIED,3
https://stats47.jp/ranking/traffic-accident-count-per-population,NEUTRAL,検出 - インデックス未登録,INDEXING_STATE_UNSPECIFIED,ROBOTS_TXT_STATE_UNSPECIFIED,,PAGE_FETCH_STATE_UNSPECIFIED,,,CRAWLING_USER_AGENT_UNSPECIFIED,3
https://stats47.jp/ranking/traffic-accident-deaths-per-100-accidents,NEUTRAL,検出 - インデックス未登録,INDEXING_STATE_UNSPECIFIED,ROBOTS_TXT_STATE_UNSPECIFIED,,PAGE_FETCH_STATE_UNSPECIFIED,,,CRAWLING_USER_AGENT_UNSPECIFIED,3
https://stats47.jp/blog/rice-harvest-volume-prefecture-gap,PASS,送信して登録されました,INDEXING_ALLOWED,ALLOWED,2026-09-27T05:45:35Z,SUCCESSFUL,https://stats47.jp/blog/rice-harvest-volume-prefecture-gap,https://stats47.jp/blog/rice-harvest-volume-prefecture-gap,MOBILE,2
https://stats47.jp/ranking/avg-height-high-school-2nd-male,PASS,送信して登録されました,INDEXING_ALLOWED,ALLOWED,2026-09-30T04:58:09Z,SUCCESSFUL,https://stats47.jp/ranking/avg-height-high-school-2nd-male,,MOBILE,4
https://stats47.jp/blog/precipitation-snow-regional-gap,PASS,送信して登録されました,INDEXING_ALLOWED,ALLOWED,2026-09-30T05:24:14Z,SUCCESSFUL,https://stats47.jp/blog/precipitation-snow-regional-gap,https://stats47.jp/blog/precipitation-snow-regional-gap,MOBILE,2
https://stats47.jp/blog/roadside-station-count-prefecture-gap,PASS,送信して登録されました,INDEXING_ALLOWED,ALLOWED,2026-10-02T00:05:27Z,SUCCESSFUL,https://stats47.jp/blog/roadside-station-count-prefecture-gap,https://stats47.jp/blog/roadside-station-count-prefecture-gap,MOBILE,3
https://stats47.jp/ranking/public-phone-count,PASS,送信して登録されました,INDEXING_ALLOWED,ALLOWED,2026-09-30T16:03:34Z,SUCCESSFUL,https://stats47.jp/ranking/public-phone-count,,MOBILE,2
https://stats47.jp/blog/bonito-catch-prefecture,PASS,送信して登録されました,INDEXING_ALLOWED,ALLOWED,2026-10-01T06:02:48Z,SUCCESSFUL,https://stats47.jp/blog/bonito-catch-prefecture,https://stats47.jp/blog/bonito-catch-prefecture,MOBILE,1
https://stats47.jp/blog/avg-height-high-school-2nd-male,PASS,送信して登録されました,INDEXING_ALLOWED,ALLOWED,2026-09-29T22:36:35Z,SUCCESSFUL,https://stats47.jp/blog/avg-height-high-school-2nd-male,https://stats47.jp/blog/avg-height-high-school-2nd-male,MOBILE,3
https://stats47.jp/blog/livable-prefecture-composite-ranking,PASS,送信して登録されました,INDEXING_ALLOWED,ALLOWED,2026-09-26T12:13:39Z,SUCCESSFUL,https://stats47.jp/blog/livable-prefecture-composite-ranking,https://stats47.jp/blog/livable-prefecture-composite-ranking,MOBILE,2
https://stats47.jp/blog/foreign-residents-diversity-map,PASS,送信して登録されました,INDEXING_ALLOWED,ALLOWED,2026-09-29T20:13:22Z,SUCCESSFUL,https://stats47.jp/blog/foreign-residents-diversity-map,https://stats47.jp/blog/foreign-residents-diversity-map,MOBILE,1
https://stats47.jp/blog/public-phone-count,PASS,送信して登録されました,INDEXING_ALLOWED,ALLOWED,2026-10-01T16:50:09Z,SUCCESSFUL,https://stats47.jp/blog/public-phone-count,https://stats47.jp/blog/public-phone-count,MOBILE,3
https://stats47.jp/blog/automotive-industry-transformation-map,PASS,送信して登録されました,INDEXING_ALLOWED,ALLOWED,2026-09-30T11:33:58Z,SUCCESSFUL,https://stats47.jp/blog/automotive-industry-transformation-map,https://stats47.jp/blog/automotive-industry-transformation-map,MOBILE,2
https://stats47.jp/blog/local-government-debt-burden,PASS,送信して登録されました,INDEXING_ALLOWED,ALLOWED,2026-09-30T13:34:31Z,SUCCESSFUL,https://stats47.jp/blog/local-government-debt-burden,https://stats47.jp/blog/local-government-debt-burden,MOBILE,1
https://stats47.jp/blog/health-life-expectancy-structure,PASS,送信して登録されました,INDEXING_ALLOWED,ALLOWED,2026-09-27T20:50:40Z,SUCCESSFUL,https://stats47.jp/blog/health-life-expectancy-structure,https://stats47.jp/blog/health-life-expectancy-structure,MOBILE,2
https://stats47.jp/blog/manufacturing-aichi-dominance,PASS,送信して登録されました,INDEXING_ALLOWED,ALLOWED,2026-10-01T00:35:23Z,SUCCESSFUL,https://stats47.jp/blog/manufacturing-aichi-dominance,https://stats47.jp/blog/manufacturing-aichi-dominance,MOBILE,1
https://stats47.jp/blog/convenience-store-density-map,PASS,送信して登録されました,INDEXING_ALLOWED,ALLOWED,2026-09-27T00:29:48Z,SUCCESSFUL,https://stats47.jp/blog/convenience-store-density-map,https://stats47.jp/blog/convenience-store-density-map,MOBILE,2
https://stats47.jp/ranking/convenience-store-count-commercial,PASS,送信して登録されました,INDEXING_ALLOWED,ALLOWED,2026-10-01T11:27:46Z,SUCCESSFUL,https://stats47.jp/ranking/convenience-store-count-commercial,,MOBILE,3
https://stats47.jp/ranking/natto-consumption-expenditure,PASS,送信して登録されました,INDEXING_ALLOWED,ALLOWED,2026-10-01T19:38:09Z,SUCCESSFUL,https://stats47.jp/ranking/natto-consumption-expenditure,,MOBILE,2
https://stats47.jp/blog/noodle-consumption-prefecture-character,PASS,送信して登録されました,INDEXING_ALLOWED,ALLOWED,2026-10-01T17:57:51Z,SUCCESSFUL,https://stats47.jp/blog/noodle-consumption-prefecture-character,https://stats47.jp/blog/noodle-consumption-prefecture-character,MOBILE,0
https://stats47.jp/blog/prefectural-income-gdp-ranking,PASS,送信して登録されました,INDEXING_ALLOWED,ALLOWED,2026-09-25T13:28:45Z,SUCCESSFUL,https://stats47.jp/blog/prefectural-income-gdp-ranking,https://stats47.jp/blog/prefectural-income-gdp-ranking,MOBILE,0
https://stats47.jp/blog/manufacturing-productivity,PASS,送信して登録されました,INDEXING_ALLOWED,ALLOWED,2026-09-27T23:29:26Z,SUCCESSFUL,https://stats47.jp/blog/manufacturing-productivity,https://stats47.jp/blog/manufacturing-productivity,MOBILE,1
https://stats47.jp/ranking/annual-sunshine-duration,PASS,送信して登録されました,INDEXING_ALLOWED,ALLOWED,2026-09-30T19:33:48Z,SUCCESSFUL,https://stats47.jp/ranking/annual-sunshine-duration,https://stats47.jp/ranking/annual-sunshine-duration,MOBILE,3
https://stats47.jp/blog/rice-consumption-quantity-ranking,PASS,送信して登録されました,INDEXING_ALLOWED,ALLOWED,2026-09-28T05:14:23Z,SUCCESSFUL,https://stats47.jp/blog/rice-consumption-quantity-ranking,https://stats47.jp/blog/rice-consumption-quantity-ranking,MOBILE,1
https://stats47.jp/blog/fishery-catch-aquaculture-shift,PASS,送信して登録されました,INDEXING_ALLOWED,ALLOWED,2026-09-19T09:12:28Z,SUCCESSFUL,https://stats47.jp/blog/fishery-catch-aquaculture-shift,https://stats47.jp/blog/fishery-catch-aquaculture-shift,MOBILE,2
https://stats47.jp/ranking/pachinko-shop-density-per-10k,PASS,送信して登録されました,INDEXING_ALLOWED,ALLOWED,2026-09-26T12:44:48Z,SUCCESSFUL,https://stats47.jp/ranking/pachinko-shop-density-per-10k,,MOBILE,1
https://stats47.jp/blog/childcare-friendly-prefecture-ranking,PASS,送信して登録されました,INDEXING_ALLOWED,ALLOWED,2026-10-01T03:44:03Z,SUCCESSFUL,https://stats47.jp/blog/childcare-friendly-prefecture-ranking,https://stats47.jp/blog/childcare-friendly-prefecture-ranking,MOBILE,2
https://stats47.jp/ranking/rice-consumption-quantity,PASS,送信して登録されました,INDEXING_ALLOWED,ALLOWED,2026-10-01T16:03:39Z,SUCCESSFUL,https://stats47.jp/ranking/rice-consumption-quantity,https://stats47.jp/ranking/rice-consumption-quantity,MOBILE,3
https://stats47.jp/blog/high-school-teacher-salary-prefecture-gap,PASS,送信して登録されました,INDEXING_ALLOWED,ALLOWED,2026-10-01T19:59:11Z,SUCCESSFUL,https://stats47.jp/blog/high-school-teacher-salary-prefecture-gap,https://stats47.jp/blog/high-school-teacher-salary-prefecture-gap,MOBILE,2
https://stats47.jp/blog/municipality-count-prefecture-gap,PASS,送信して登録されました,INDEXING_ALLOWED,ALLOWED,2026-09-18T13:18:18Z,SUCCESSFUL,https://stats47.jp/blog/municipality-count-prefecture-gap,https://stats47.jp/blog/municipality-count-prefecture-gap,MOBILE,1
https://stats47.jp/blog/habitable-area-land-use,PASS,送信して登録されました,INDEXING_ALLOWED,ALLOWED,2026-09-26T00:21:04Z,SUCCESSFUL,https://stats47.jp/blog/habitable-area-land-use,https://stats47.jp/blog/habitable-area-land-use,MOBILE,1
https://stats47.jp/blog/academic-achievement-test-prefecture-ranking,PASS,送信して登録されました,INDEXING_ALLOWED,ALLOWED,2026-09-30T18:03:37Z,SUCCESSFUL,https://stats47.jp/blog/academic-achievement-test-prefecture-ranking,https://stats47.jp/blog/academic-achievement-test-prefecture-ranking,MOBILE,3
https://stats47.jp/blog/alcohol-prefecture-map,PASS,送信して登録されました,INDEXING_ALLOWED,ALLOWED,2026-09-28T02:02:48Z,SUCCESSFUL,https://stats47.jp/blog/alcohol-prefecture-map,https://stats47.jp/blog/alcohol-prefecture-map,MOBILE,1
https://stats47.jp/blog/chicken-consumption-quantity,PASS,送信して登録されました,INDEXING_ALLOWED,ALLOWED,2026-10-01T14:12:27Z,SUCCESSFUL,https://stats47.jp/blog/chicken-consumption-quantity,https://stats47.jp/blog/chicken-consumption-quantity,MOBILE,0
https://stats47.jp/ranking/elementary-school-children-count,PASS,送信して登録されました,INDEXING_ALLOWED,ALLOWED,2026-10-01T17:20:09Z,SUCCESSFUL,https://stats47.jp/ranking/elementary-school-children-count,,MOBILE,3
https://stats47.jp/blog/temperature-extremes-map,PASS,送信して登録されました,INDEXING_ALLOWED,ALLOWED,2026-09-26T21:55:22Z,SUCCESSFUL,https://stats47.jp/blog/temperature-extremes-map,https://stats47.jp/blog/temperature-extremes-map,MOBILE,2
https://stats47.jp/,PASS,送信して登録されました,INDEXING_ALLOWED,ALLOWED,2026-09-29T20:16:44Z,SUCCESSFUL,https://stats47.jp/,https://stats47.jp/,MOBILE,2
https://stats47.jp/blog/aging-solo-living-crisis,PASS,送信して登録されました,INDEXING_ALLOWED,ALLOWED,2026-09-30T12:35:03Z,SUCCESSFUL,https://stats47.jp/blog/aging-solo-living-crisis,https://stats47.jp/blog/aging-solo-living-crisis,MOBILE,1
https://stats47.jp/blog/fertility-rate-prefecture-gap,PASS,送信して登録されました,INDEXING_ALLOWED,ALLOWED,2026-09-27T11:45:29Z,SUCCESSFUL,https://stats47.jp/blog/fertility-rate-prefecture-gap,https://stats47.jp/blog/fertility-rate-prefecture-gap,MOBILE,1
https://stats47.jp/survey/census,PASS,送信して登録されました,INDEXING_ALLOWED,ALLOWED,2026-09-16T23:13:00Z,SUCCESSFUL,https://stats47.jp/survey/census,https://stats47.jp/survey/census,MOBILE,3
https://stats47.jp/ranking/icecream-consumption-expenditure,PASS,送信して登録されました,INDEXING_ALLOWED,ALLOWED,2026-09-30T04:18:51Z,SUCCESSFUL,https://stats47.jp/ranking/icecream-consumption-expenditure,,MOBILE,3
https://stats47.jp/blog/distinctive-place-name-kanji-by-prefecture,PASS,送信して登録されました,INDEXING_ALLOWED,ALLOWED,2026-10-01T14:01:19Z,SUCCESSFUL,https://stats47.jp/blog/distinctive-place-name-kanji-by-prefecture,https://stats47.jp/blog/distinctive-place-name-kanji-by-prefecture,MOBILE,3
https://stats47.jp/blog/local-tax-revenue-gap,PASS,送信して登録されました,INDEXING_ALLOWED,ALLOWED,2026-10-01T01:15:43Z,SUCCESSFUL,https://stats47.jp/blog/local-tax-revenue-gap,https://stats47.jp/blog/local-tax-revenue-gap,MOBILE,1
https://stats47.jp/themes/aging-society,PASS,送信して登録されました,INDEXING_ALLOWED,ALLOWED,2026-09-29T10:01:33Z,SUCCESSFUL,https://stats47.jp/themes/aging-society,https://stats47.jp/themes/aging-society,MOBILE,3
https://stats47.jp/blog/households-on-public-assistance-per-1000-prefecture-gap,PASS,送信して登録されました,INDEXING_ALLOWED,ALLOWED,2026-08-30T12:42:06Z,SUCCESSFUL,https://stats47.jp/blog/households-on-public-assistance-per-1000-prefecture-gap,https://stats47.jp/blog/households-on-public-assistance-per-1000-prefecture-gap,MOBILE,0
https://stats47.jp/blog/marriage-unmarried-crisis,PASS,送信して登録されました,INDEXING_ALLOWED,ALLOWED,2026-10-01T05:25:32Z,SUCCESSFUL,https://stats47.jp/blog/marriage-unmarried-crisis,https://stats47.jp/blog/marriage-unmarried-crisis,MOBILE,1
https://stats47.jp/blog/population-density-urbanization,PASS,送信して登録されました,INDEXING_ALLOWED,ALLOWED,2026-10-01T11:18:45Z,SUCCESSFUL,https://stats47.jp/blog/population-density-urbanization,https://stats47.jp/blog/population-density-urbanization,MOBILE,1
https://stats47.jp/blog/farmland-crisis-abandoned-land,PASS,送信して登録されました,INDEXING_ALLOWED,ALLOWED,2026-10-01T19:09:35Z,SUCCESSFUL,https://stats47.jp/blog/farmland-crisis-abandoned-land,https://stats47.jp/blog/farmland-crisis-abandoned-land,MOBILE,2
https://stats47.jp/blog/household-spending-prefecture-gap,PASS,送信して登録されました,INDEXING_ALLOWED,ALLOWED,2026-09-27T16:57:26Z,SUCCESSFUL,https://stats47.jp/blog/household-spending-prefecture-gap,https://stats47.jp/blog/household-spending-prefecture-gap,MOBILE,2
https://stats47.jp/ranking/tuna-consumption-quantity,PASS,送信して登録されました,INDEXING_ALLOWED,ALLOWED,2026-10-01T18:03:24Z,SUCCESSFUL,https://stats47.jp/ranking/tuna-consumption-quantity,,MOBILE,2
https://stats47.jp/blog/future-population-tokyo-paradox,PASS,送信して登録されました,INDEXING_ALLOWED,ALLOWED,2026-09-29T09:15:41Z,SUCCESSFUL,https://stats47.jp/blog/future-population-tokyo-paradox,https://stats47.jp/blog/future-population-tokyo-paradox,MOBILE,2
https://stats47.jp/blog/sunshine-pacific-vs-nihonkai,PASS,送信して登録されました,INDEXING_ALLOWED,ALLOWED,2026-10-01T12:57:40Z,SUCCESSFUL,https://stats47.jp/blog/sunshine-pacific-vs-nihonkai,https://stats47.jp/blog/sunshine-pacific-vs-nihonkai,MOBILE,2
https://stats47.jp/blog/household-structure-transformation,PASS,送信して登録されました,INDEXING_ALLOWED,ALLOWED,2026-09-30T12:20:04Z,SUCCESSFUL,https://stats47.jp/blog/household-structure-transformation,https://stats47.jp/blog/household-structure-transformation,MOBILE,2
https://stats47.jp/ranking/beef-consumption-quantity,PASS,送信して登録されました,INDEXING_ALLOWED,ALLOWED,2026-10-01T03:46:36Z,SUCCESSFUL,https://stats47.jp/ranking/beef-consumption-quantity,,MOBILE,3
https://stats47.jp/blog/konbu-consumption-prefecture-gap,PASS,送信して登録されました,INDEXING_ALLOWED,ALLOWED,2026-10-01T15:36:13Z,SUCCESSFUL,https://stats47.jp/blog/konbu-consumption-prefecture-gap,https://stats47.jp/blog/konbu-consumption-prefecture-gap,MOBILE,2
https://stats47.jp/blog/sports-urban-paradox,PASS,送信して登録されました,INDEXING_ALLOWED,ALLOWED,2026-09-29T13:06:45Z,SUCCESSFUL,https://stats47.jp/blog/sports-urban-paradox,https://stats47.jp/blog/sports-urban-paradox,MOBILE,2
https://stats47.jp/ranking/average-height-primary-school-fifth-grade-male,PASS,送信して登録されました,INDEXING_ALLOWED,ALLOWED,2026-09-25T21:09:16Z,SUCCESSFUL,https://stats47.jp/ranking/average-height-primary-school-fifth-grade-male,,MOBILE,3
https://stats47.jp/ranking/local-allocation-tax-prefecture,PASS,送信して登録されました,INDEXING_ALLOWED,ALLOWED,2026-09-30T23:14:42Z,SUCCESSFUL,https://stats47.jp/ranking/local-allocation-tax-prefecture,,MOBILE,2
https://stats47.jp/ranking/other-bread-consumption-quantity,PASS,送信して登録されました,INDEXING_ALLOWED,ALLOWED,2026-09-30T23:05:52Z,SUCCESSFUL,https://stats47.jp/ranking/other-bread-consumption-quantity,,MOBILE,2
https://stats47.jp/blog/suicide-rate-aging-nexus,PASS,送信して登録されました,INDEXING_ALLOWED,ALLOWED,2026-08-25T18:49:39Z,SUCCESSFUL,https://stats47.jp/blog/suicide-rate-aging-nexus,https://stats47.jp/blog/suicide-rate-aging-nexus,MOBILE,1
https://stats47.jp/blog/frozen-gyoza-spending-prefecture-gap,PASS,送信して登録されました,INDEXING_ALLOWED,ALLOWED,2026-09-11T21:02:17Z,SUCCESSFUL,https://stats47.jp/blog/frozen-gyoza-spending-prefecture-gap,https://stats47.jp/blog/frozen-gyoza-spending-prefecture-gap,MOBILE,0
https://stats47.jp/blog/police-officer-density-vs-crime-gap,PASS,送信して登録されました,INDEXING_ALLOWED,ALLOWED,2026-09-23T13:05:01Z,SUCCESSFUL,https://stats47.jp/blog/police-officer-density-vs-crime-gap,https://stats47.jp/blog/police-officer-density-vs-crime-gap,MOBILE,2
https://stats47.jp/blog/fiscal-self-reliance-gap,PASS,送信して登録されました,INDEXING_ALLOWED,ALLOWED,2026-10-01T07:52:54Z,SUCCESSFUL,https://stats47.jp/blog/fiscal-self-reliance-gap,https://stats47.jp/blog/fiscal-self-reliance-gap,MOBILE,1
https://stats47.jp/blog/home-ownership-rate-ranking,PASS,送信して登録されました,INDEXING_ALLOWED,ALLOWED,2026-09-30T11:52:45Z,SUCCESSFUL,https://stats47.jp/blog/home-ownership-rate-ranking,https://stats47.jp/blog/home-ownership-rate-ranking,MOBILE,3
https://stats47.jp/ranking/school-teacher-annual-income,PASS,送信して登録されました,INDEXING_ALLOWED,ALLOWED,2026-09-28T16:49:55Z,SUCCESSFUL,https://stats47.jp/ranking/school-teacher-annual-income,,MOBILE,2
https://stats47.jp/ranking/dual-income-household-ratio,PASS,送信して登録されました,INDEXING_ALLOWED,ALLOWED,2026-10-01T05:12:45Z,SUCCESSFUL,https://stats47.jp/ranking/dual-income-household-ratio,,MOBILE,2
https://stats47.jp/blog/food-consumption-prefecture-battle,PASS,送信して登録されました,INDEXING_ALLOWED,ALLOWED,2026-09-29T20:32:44Z,SUCCESSFUL,https://stats47.jp/blog/food-consumption-prefecture-battle,https://stats47.jp/blog/food-consumption-prefecture-battle,MOBILE,1
https://stats47.jp/blog/unemployment-structure,PASS,送信して登録されました,INDEXING_ALLOWED,ALLOWED,2026-09-29T10:20:08Z,SUCCESSFUL,https://stats47.jp/blog/unemployment-structure,https://stats47.jp/blog/unemployment-structure,MOBILE,1
https://stats47.jp/ranking/food-self-sufficiency-rate-calorie,PASS,送信して登録されました,INDEXING_ALLOWED,ALLOWED,2026-09-29T09:30:05Z,SUCCESSFUL,https://stats47.jp/ranking/food-self-sufficiency-rate-calorie,,MOBILE,2
https://stats47.jp/blog/wheat-flour-consumption-prefecture,PASS,送信して登録されました,INDEXING_ALLOWED,ALLOWED,2026-09-30T19:02:48Z,SUCCESSFUL,https://stats47.jp/blog/wheat-flour-consumption-prefecture,https://stats47.jp/blog/wheat-flour-consumption-prefecture,MOBILE,1
https://stats47.jp/municipalities/ranking/manufacturing-shipment-amount,PASS,送信して登録されました,INDEXING_ALLOWED,ALLOWED,2026-09-27T13:50:58Z,SUCCESSFUL,https://stats47.jp/municipalities/ranking/manufacturing-shipment-amount,https://stats47.jp/municipalities/ranking/manufacturing-shipment-amount,MOBILE,0
https://stats47.jp/blog/airport-count-prefecture-gap,PASS,送信して登録されました,INDEXING_ALLOWED,ALLOWED,2026-09-17T07:56:30Z,SUCCESSFUL,https://stats47.jp/blog/airport-count-prefecture-gap,https://stats47.jp/blog/airport-count-prefecture-gap,MOBILE,3
https://stats47.jp/blog/semiconductor-electronics-regional-map,PASS,送信して登録されました,INDEXING_ALLOWED,ALLOWED,2026-10-01T04:58:14Z,SUCCESSFUL,https://stats47.jp/blog/semiconductor-electronics-regional-map,https://stats47.jp/blog/semiconductor-electronics-regional-map,MOBILE,2
https://stats47.jp/blog/curry-roux-consumption-gap,PASS,送信して登録されました,INDEXING_ALLOWED,ALLOWED,2026-09-26T21:28:52Z,SUCCESSFUL,https://stats47.jp/blog/curry-roux-consumption-gap,https://stats47.jp/blog/curry-roux-consumption-gap,MOBILE,0
https://stats47.jp/blog/konbu-consumption-quantity,PASS,送信して登録されました,INDEXING_ALLOWED,ALLOWED,2026-09-30T13:28:44Z,SUCCESSFUL,https://stats47.jp/blog/konbu-consumption-quantity,https://stats47.jp/blog/konbu-consumption-quantity,MOBILE,0
https://stats47.jp/ranking/fishery-workers,PASS,送信して登録されました,INDEXING_ALLOWED,ALLOWED,2026-10-01T09:18:53Z,SUCCESSFUL,https://stats47.jp/ranking/fishery-workers,,MOBILE,3
https://stats47.jp/ranking/grilled-eel-consumption-expenditure,PASS,送信して登録されました,INDEXING_ALLOWED,ALLOWED,2026-10-01T03:36:26Z,SUCCESSFUL,https://stats47.jp/ranking/grilled-eel-consumption-expenditure,,MOBILE,2
https://stats47.jp/ranking/cup-noodles-consumption-expenditure,PASS,送信して登録されました,INDEXING_ALLOWED,ALLOWED,2026-10-01T18:19:37Z,SUCCESSFUL,https://stats47.jp/ranking/cup-noodles-consumption-expenditure,,MOBILE,3
https://stats47.jp/ranking/national-treasury-disbursement-prefecture,PASS,送信して登録されました,INDEXING_ALLOWED,ALLOWED,2026-09-30T23:03:38Z,SUCCESSFUL,https://stats47.jp/ranking/national-treasury-disbursement-prefecture,,MOBILE,3
https://stats47.jp/blog/prefecture-population-city-concentration,PASS,送信して登録されました,INDEXING_ALLOWED,ALLOWED,2026-10-01T06:00:09Z,SUCCESSFUL,https://stats47.jp/blog/prefecture-population-city-concentration,https://stats47.jp/blog/prefecture-population-city-concentration,MOBILE,2
https://stats47.jp/ranking/soba-udon-dining-consumption-expenditure,PASS,送信して登録されました,INDEXING_ALLOWED,ALLOWED,2026-09-30T20:53:03Z,SUCCESSFUL,https://stats47.jp/ranking/soba-udon-dining-consumption-expenditure,,MOBILE,3
https://stats47.jp/ranking/real-disposable-income,PASS,送信して登録されました,INDEXING_ALLOWED,ALLOWED,2026-09-28T19:18:31Z,SUCCESSFUL,https://stats47.jp/ranking/real-disposable-income,,MOBILE,2
https://stats47.jp/ranking/coffee-consumption-quantity,PASS,送信して登録されました,INDEXING_ALLOWED,ALLOWED,2026-10-01T19:32:05Z,SUCCESSFUL,https://stats47.jp/ranking/coffee-consumption-quantity,,MOBILE,1
https://stats47.jp/ranking/pork-consumption-quantity,PASS,送信して登録されました,INDEXING_ALLOWED,ALLOWED,2026-10-01T19:07:42Z,SUCCESSFUL,https://stats47.jp/ranking/pork-consumption-quantity,,MOBILE,2
https://stats47.jp/ranking/treatment-rate-hypertension-outpatient,PASS,送信して登録されました,INDEXING_ALLOWED,ALLOWED,2026-09-30T18:28:16Z,SUCCESSFUL,https://stats47.jp/ranking/treatment-rate-hypertension-outpatient,,MOBILE,3
https://stats47.jp/blog/wind-power-capacity-prefecture-gap,PASS,送信して登録されました,INDEXING_ALLOWED,ALLOWED,2026-09-26T18:52:30Z,SUCCESSFUL,https://stats47.jp/blog/wind-power-capacity-prefecture-gap,https://stats47.jp/blog/wind-power-capacity-prefecture-gap,MOBILE,1
https://stats47.jp/ranking/bonito-consumption-quantity,PASS,送信して登録されました,INDEXING_ALLOWED,ALLOWED,2026-10-01T18:46:54Z,SUCCESSFUL,https://stats47.jp/ranking/bonito-consumption-quantity,,MOBILE,2
https://stats47.jp/blog/university-advancement-capacity,PASS,送信して登録されました,INDEXING_ALLOWED,ALLOWED,2026-09-30T05:11:48Z,SUCCESSFUL,https://stats47.jp/blog/university-advancement-capacity,https://stats47.jp/blog/university-advancement-capacity,MOBILE,2
https://stats47.jp/ranking/designated-difficult-disease,PASS,送信して登録されました,INDEXING_ALLOWED,ALLOWED,2026-10-01T07:18:25Z,SUCCESSFUL,https://stats47.jp/ranking/designated-difficult-disease,,MOBILE,3
https://stats47.jp/ranking/voluntary-car-insurance-rate-bodily-injury,PASS,送信して登録されました,INDEXING_ALLOWED,ALLOWED,2026-09-30T04:48:46Z,SUCCESSFUL,https://stats47.jp/ranking/voluntary-car-insurance-rate-bodily-injury,,MOBILE,1
https://stats47.jp/blog/energy-infrastructure-gas-electricity,PASS,送信して登録されました,INDEXING_ALLOWED,ALLOWED,2026-09-24T03:33:11Z,SUCCESSFUL,https://stats47.jp/blog/energy-infrastructure-gas-electricity,https://stats47.jp/blog/energy-infrastructure-gas-electricity,MOBILE,4
https://stats47.jp/ranking/flood-affected-rivers,PASS,送信して登録されました,INDEXING_ALLOWED,ALLOWED,2026-09-28T18:54:36Z,SUCCESSFUL,https://stats47.jp/ranking/flood-affected-rivers,,MOBILE,2
https://stats47.jp/blog/konnyaku-expenditure-ranking,PASS,送信して登録されました,INDEXING_ALLOWED,ALLOWED,2026-09-25T01:38:29Z,SUCCESSFUL,https://stats47.jp/blog/konnyaku-expenditure-ranking,https://stats47.jp/blog/konnyaku-expenditure-ranking,MOBILE,1
https://stats47.jp/ranking/instant-noodles-consumption-quantity,PASS,送信して登録されました,INDEXING_ALLOWED,ALLOWED,2026-09-28T17:49:03Z,SUCCESSFUL,https://stats47.jp/ranking/instant-noodles-consumption-quantity,https://stats47.jp/ranking/instant-noodles-consumption-quantity,MOBILE,2
https://stats47.jp/ranking/cocoa-consumption-expenditure,PASS,送信して登録されました,INDEXING_ALLOWED,ALLOWED,2026-09-30T05:22:06Z,SUCCESSFUL,https://stats47.jp/ranking/cocoa-consumption-expenditure,,MOBILE,2
https://stats47.jp/blog/mochi-consumption-prefecture-gap,PASS,送信して登録されました,INDEXING_ALLOWED,ALLOWED,2026-09-28T03:10:04Z,SUCCESSFUL,https://stats47.jp/blog/mochi-consumption-prefecture-gap,https://stats47.jp/blog/mochi-consumption-prefecture-gap,MOBILE,1
https://stats47.jp/blog/price-index-high-low-prefecture,PASS,送信して登録されました,INDEXING_ALLOWED,ALLOWED,2026-09-30T03:22:40Z,SUCCESSFUL,https://stats47.jp/blog/price-index-high-low-prefecture,https://stats47.jp/blog/price-index-high-low-prefecture,MOBILE,1
https://stats47.jp/blog/park-green-space-gap,PASS,送信して登録されました,INDEXING_ALLOWED,ALLOWED,2026-09-30T06:13:05Z,SUCCESSFUL,https://stats47.jp/blog/park-green-space-gap,https://stats47.jp/blog/park-green-space-gap,MOBILE,1
https://stats47.jp/ranking/physical-disability-certificates-issued,PASS,送信して登録されました,INDEXING_ALLOWED,ALLOWED,2026-09-29T07:09:43Z,SUCCESSFUL,https://stats47.jp/ranking/physical-disability-certificates-issued,,MOBILE,2
https://stats47.jp/blog/dining-out-expenditure-ranking,PASS,送信して登録されました,INDEXING_ALLOWED,ALLOWED,2026-09-30T16:47:42Z,SUCCESSFUL,https://stats47.jp/blog/dining-out-expenditure-ranking,https://stats47.jp/blog/dining-out-expenditure-ranking,MOBILE,2
https://stats47.jp/blog/sake-consumption-prefecture-gap,PASS,送信して登録されました,INDEXING_ALLOWED,ALLOWED,2026-09-28T17:44:46Z,SUCCESSFUL,https://stats47.jp/blog/sake-consumption-prefecture-gap,https://stats47.jp/blog/sake-consumption-prefecture-gap,MOBILE,2
https://stats47.jp/ranking/road-expressway-length,PASS,送信して登録されました,INDEXING_ALLOWED,ALLOWED,2026-10-01T11:47:24Z,SUCCESSFUL,https://stats47.jp/ranking/road-expressway-length,,MOBILE,2
https://stats47.jp/blog/real-income-taxpayer,PASS,送信して登録されました,INDEXING_ALLOWED,ALLOWED,2026-08-28T12:49:02Z,SUCCESSFUL,https://stats47.jp/blog/real-income-taxpayer,https://stats47.jp/blog/real-income-taxpayer,MOBILE,0
https://stats47.jp/blog/food-spending-pattern,PASS,送信して登録されました,INDEXING_ALLOWED,ALLOWED,2026-09-30T19:24:05Z,SUCCESSFUL,https://stats47.jp/blog/food-spending-pattern,https://stats47.jp/blog/food-spending-pattern,MOBILE,1
https://stats47.jp/blog/chocolate-expenditure-ranking,PASS,送信して登録されました,INDEXING_ALLOWED,ALLOWED,2026-09-29T10:11:33Z,SUCCESSFUL,https://stats47.jp/blog/chocolate-expenditure-ranking,https://stats47.jp/blog/chocolate-expenditure-ranking,MOBILE,1
https://stats47.jp/survey/wage-structure-survey,PASS,送信して登録されました,INDEXING_ALLOWED,ALLOWED,2026-10-01T03:10:14Z,SUCCESSFUL,https://stats47.jp/survey/wage-structure-survey,https://stats47.jp/survey/wage-structure-survey,MOBILE,2
https://stats47.jp/blog/day-time-population-prefecture-gap,PASS,送信して登録されました,INDEXING_ALLOWED,ALLOWED,2026-08-29T12:45:48Z,SUCCESSFUL,https://stats47.jp/blog/day-time-population-prefecture-gap,https://stats47.jp/blog/day-time-population-prefecture-gap,MOBILE,0
https://stats47.jp/blog/annual-sunshine-duration-prefecture-gap,PASS,送信して登録されました,INDEXING_ALLOWED,ALLOWED,2026-09-25T09:19:06Z,SUCCESSFUL,https://stats47.jp/blog/annual-sunshine-duration-prefecture-gap,https://stats47.jp/blog/annual-sunshine-duration-prefecture-gap,MOBILE,0
https://stats47.jp/blog/development-history-place-name-map,PASS,送信して登録されました,INDEXING_ALLOWED,ALLOWED,2026-09-29T10:27:16Z,SUCCESSFUL,https://stats47.jp/blog/development-history-place-name-map,https://stats47.jp/blog/development-history-place-name-map,MOBILE,2
https://stats47.jp/ranking/stillbirths-after-22-weeks,PASS,送信して登録されました,INDEXING_ALLOWED,ALLOWED,2026-09-30T17:19:10Z,SUCCESSFUL,https://stats47.jp/ranking/stillbirths-after-22-weeks,,MOBILE,4
https://stats47.jp/ranking/green-tea-consumption-quantity,PASS,送信して登録されました,INDEXING_ALLOWED,ALLOWED,2026-09-30T04:44:06Z,SUCCESSFUL,https://stats47.jp/ranking/green-tea-consumption-quantity,,MOBILE,2
https://stats47.jp/ranking/fishery-species-catch-sardine,PASS,送信して登録されました,INDEXING_ALLOWED,ALLOWED,2026-09-29T12:58:35Z,SUCCESSFUL,https://stats47.jp/ranking/fishery-species-catch-sardine,,MOBILE,3
https://stats47.jp/ranking/potato-consumption-quantity,PASS,送信して登録されました,INDEXING_ALLOWED,ALLOWED,2026-09-30T20:02:15Z,SUCCESSFUL,https://stats47.jp/ranking/potato-consumption-quantity,,MOBILE,2
https://stats47.jp/blog/elementary-school-children-count,PASS,送信して登録されました,INDEXING_ALLOWED,ALLOWED,2026-09-28T03:49:46Z,SUCCESSFUL,https://stats47.jp/blog/elementary-school-children-count,https://stats47.jp/blog/elementary-school-children-count,MOBILE,0
https://stats47.jp/blog/urban-parks-green-infrastructure,PASS,送信して登録されました,INDEXING_ALLOWED,ALLOWED,2026-09-03T10:05:12Z,SUCCESSFUL,https://stats47.jp/blog/urban-parks-green-infrastructure,https://stats47.jp/blog/urban-parks-green-infrastructure,MOBILE,2
https://stats47.jp/ranking/tissue-paper-consumption-expenditure,PASS,送信して登録されました,INDEXING_ALLOWED,ALLOWED,2026-09-30T15:52:56Z,SUCCESSFUL,https://stats47.jp/ranking/tissue-paper-consumption-expenditure,,MOBILE,2
https://stats47.jp/ranking/miso-consumption-quantity,PASS,送信して登録されました,INDEXING_ALLOWED,ALLOWED,2026-09-30T19:58:39Z,SUCCESSFUL,https://stats47.jp/ranking/miso-consumption-quantity,,MOBILE,2
https://stats47.jp/blog/estat-7-techniques-from-unusable-to-usable,PASS,送信して登録されました,INDEXING_ALLOWED,ALLOWED,2026-09-27T15:52:14Z,SUCCESSFUL,https://stats47.jp/blog/estat-7-techniques-from-unusable-to-usable,https://stats47.jp/blog/estat-7-techniques-from-unusable-to-usable,MOBILE,1
https://stats47.jp/ranking/fishery-species-catch-pacific-saury,PASS,送信して登録されました,INDEXING_ALLOWED,ALLOWED,2026-09-27T11:16:54Z,SUCCESSFUL,https://stats47.jp/ranking/fishery-species-catch-pacific-saury,,MOBILE,3
https://stats47.jp/blog/extreme-heat-days-prefecture,PASS,送信して登録されました,INDEXING_ALLOWED,ALLOWED,2026-10-01T03:54:55Z,SUCCESSFUL,https://stats47.jp/blog/extreme-heat-days-prefecture,https://stats47.jp/blog/extreme-heat-days-prefecture,MOBILE,1
https://stats47.jp/ranking/post-office-count,PASS,送信して登録されました,INDEXING_ALLOWED,ALLOWED,2026-09-30T18:53:17Z,SUCCESSFUL,https://stats47.jp/ranking/post-office-count,,MOBILE,2
https://stats47.jp/ranking/cup-noodles-consumption-quantity,PASS,送信して登録されました,INDEXING_ALLOWED,ALLOWED,2026-10-01T18:44:01Z,SUCCESSFUL,https://stats47.jp/ranking/cup-noodles-consumption-quantity,,MOBILE,2
https://stats47.jp/blog/fresh-udon-soba-consumption-prefecture-gap,PASS,送信して登録されました,INDEXING_ALLOWED,ALLOWED,2026-09-30T07:49:05Z,SUCCESSFUL,https://stats47.jp/blog/fresh-udon-soba-consumption-prefecture-gap,https://stats47.jp/blog/fresh-udon-soba-consumption-prefecture-gap,MOBILE,2
https://stats47.jp/blog/tofu-consumption-prefecture-gap,PASS,送信して登録されました,INDEXING_ALLOWED,ALLOWED,2026-09-26T13:20:01Z,SUCCESSFUL,https://stats47.jp/blog/tofu-consumption-prefecture-gap,https://stats47.jp/blog/tofu-consumption-prefecture-gap,MOBILE,0
https://stats47.jp/ranking/pasta-consumption-quantity,PASS,送信して登録されました,INDEXING_ALLOWED,ALLOWED,2026-10-02T01:09:03Z,SUCCESSFUL,https://stats47.jp/ranking/pasta-consumption-quantity,,MOBILE,2
https://stats47.jp/blog/beef-consumption-quantity,PASS,送信して登録されました,INDEXING_ALLOWED,ALLOWED,2026-10-01T08:02:41Z,SUCCESSFUL,https://stats47.jp/blog/beef-consumption-quantity,https://stats47.jp/blog/beef-consumption-quantity,MOBILE,0
https://stats47.jp/blog/abortion-rate-prefecture-gap,PASS,送信して登録されました,INDEXING_ALLOWED,ALLOWED,2026-10-01T05:07:18Z,SUCCESSFUL,https://stats47.jp/blog/abortion-rate-prefecture-gap,https://stats47.jp/blog/abortion-rate-prefecture-gap,MOBILE,3
https://stats47.jp/about,PASS,送信して登録されました,INDEXING_ALLOWED,ALLOWED,2026-09-25T22:21:26Z,SUCCESSFUL,https://stats47.jp/about,https://stats47.jp/about,MOBILE,3
https://stats47.jp/themes,PASS,送信して登録されました,INDEXING_ALLOWED,ALLOWED,2026-09-27T01:14:43Z,SUCCESSFUL,https://stats47.jp/themes,https://stats47.jp/themes,MOBILE,2
https://stats47.jp/categories,NEUTRAL,URL が Google に認識されていません,INDEXING_STATE_UNSPECIFIED,ROBOTS_TXT_STATE_UNSPECIFIED,,PAGE_FETCH_STATE_UNSPECIFIED,,,,0
https://stats47.jp/areas,PASS,送信して登録されました,INDEXING_ALLOWED,ALLOWED,2026-09-20T05:25:01Z,SUCCESSFUL,https://stats47.jp/areas,https://stats47.jp/areas,MOBILE,2
https://stats47.jp/ranking,PASS,送信して登録されました,INDEXING_ALLOWED,ALLOWED,2026-09-30T05:05:28Z,SUCCESSFUL,https://stats47.jp/ranking,,MOBILE,4
https://stats47.jp/blog,PASS,送信して登録されました,INDEXING_ALLOWED,ALLOWED,2026-09-20T11:30:37Z,SUCCESSFUL,https://stats47.jp/blog,,MOBILE,5
https://stats47.jp/search,NEUTRAL,noindex タグによって除外されました,BLOCKED_BY_META_TAG,ALLOWED,2026-06-24T01:25:49Z,SUCCESSFUL,https://stats47.jp/search,https://stats47.jp/search,MOBILE,3
https://stats47.jp/areas/01000,PASS,送信して登録されました,INDEXING_ALLOWED,ALLOWED,2026-10-01T11:01:40Z,SUCCESSFUL,https://stats47.jp/areas/01000,,MOBILE,2
https://stats47.jp/areas/02000,PASS,送信して登録されました,INDEXING_ALLOWED,ALLOWED,2026-09-24T17:02:13Z,SUCCESSFUL,https://stats47.jp/areas/02000,,MOBILE,2
https://stats47.jp/areas/03000,PASS,送信して登録されました,INDEXING_ALLOWED,ALLOWED,2026-08-29T14:36:42Z,SUCCESSFUL,https://stats47.jp/areas/03000,,MOBILE,2
https://stats47.jp/areas/04000,PASS,送信して登録されました,INDEXING_ALLOWED,ALLOWED,2026-08-31T14:42:30Z,SUCCESSFUL,https://stats47.jp/areas/04000,,MOBILE,2
https://stats47.jp/areas/05000,PASS,送信して登録されました,INDEXING_ALLOWED,ALLOWED,2026-09-28T19:03:59Z,SUCCESSFUL,https://stats47.jp/areas/05000,https://stats47.jp/areas/05000,MOBILE,2
https://stats47.jp/areas/06000,PASS,送信して登録されました,INDEXING_ALLOWED,ALLOWED,2026-09-30T10:42:49Z,SUCCESSFUL,https://stats47.jp/areas/06000,,MOBILE,2
https://stats47.jp/areas/07000,PASS,送信して登録されました,INDEXING_ALLOWED,ALLOWED,2026-09-27T13:50:55Z,SUCCESSFUL,https://stats47.jp/areas/07000,,MOBILE,2
https://stats47.jp/areas/08000,PASS,送信して登録されました,INDEXING_ALLOWED,ALLOWED,2026-09-30T05:30:27Z,SUCCESSFUL,https://stats47.jp/areas/08000,,MOBILE,2
https://stats47.jp/areas/09000,PASS,送信して登録されました,INDEXING_ALLOWED,ALLOWED,2026-09-30T04:50:46Z,SUCCESSFUL,https://stats47.jp/areas/09000,,MOBILE,2
https://stats47.jp/areas/10000,PASS,送信して登録されました,INDEXING_ALLOWED,ALLOWED,2026-09-30T13:01:40Z,SUCCESSFUL,https://stats47.jp/areas/10000,,MOBILE,3
https://stats47.jp/areas/11000,PASS,送信して登録されました,INDEXING_ALLOWED,ALLOWED,2026-10-01T18:41:30Z,SUCCESSFUL,https://stats47.jp/areas/11000,,MOBILE,2
https://stats47.jp/areas/12000,PASS,送信して登録されました,INDEXING_ALLOWED,ALLOWED,2026-09-22T10:03:05Z,SUCCESSFUL,https://stats47.jp/areas/12000,,MOBILE,2
https://stats47.jp/areas/13000,PASS,送信して登録されました,INDEXING_ALLOWED,ALLOWED,2026-09-19T07:24:39Z,SUCCESSFUL,https://stats47.jp/areas/13000,,MOBILE,2
https://stats47.jp/areas/14000,PASS,送信して登録されました,INDEXING_ALLOWED,ALLOWED,2026-08-26T14:06:31Z,SUCCESSFUL,https://stats47.jp/areas/14000,,MOBILE,2
https://stats47.jp/areas/15000,PASS,送信して登録されました,INDEXING_ALLOWED,ALLOWED,2026-09-24T03:07:09Z,SUCCESSFUL,https://stats47.jp/areas/15000,,MOBILE,2
https://stats47.jp/areas/16000,PASS,送信して登録されました,INDEXING_ALLOWED,ALLOWED,2026-10-01T22:50:26Z,SUCCESSFUL,https://stats47.jp/areas/16000,,MOBILE,2
https://stats47.jp/areas/17000,PASS,送信して登録されました,INDEXING_ALLOWED,ALLOWED,2026-09-21T23:46:18Z,SUCCESSFUL,https://stats47.jp/areas/17000,,MOBILE,3
https://stats47.jp/areas/18000,PASS,送信して登録されました,INDEXING_ALLOWED,ALLOWED,2026-09-26T09:29:51Z,SUCCESSFUL,https://stats47.jp/areas/18000,https://stats47.jp/areas/18000,MOBILE,2
https://stats47.jp/areas/19000,PASS,送信して登録されました,INDEXING_ALLOWED,ALLOWED,2026-09-22T00:01:02Z,SUCCESSFUL,https://stats47.jp/areas/19000,,MOBILE,2
https://stats47.jp/areas/20000,PASS,送信して登録されました,INDEXING_ALLOWED,ALLOWED,2026-10-01T05:34:26Z,SUCCESSFUL,https://stats47.jp/areas/20000,,MOBILE,2
https://stats47.jp/areas/21000,PASS,送信して登録されました,INDEXING_ALLOWED,ALLOWED,2026-10-01T06:32:10Z,SUCCESSFUL,https://stats47.jp/areas/21000,https://stats47.jp/areas/21000,MOBILE,2
https://stats47.jp/areas/22000,PASS,送信して登録されました,INDEXING_ALLOWED,ALLOWED,2026-09-25T21:39:46Z,SUCCESSFUL,https://stats47.jp/areas/22000,,MOBILE,2
https://stats47.jp/areas/23000,PASS,送信して登録されました,INDEXING_ALLOWED,ALLOWED,2026-09-28T06:19:50Z,SUCCESSFUL,https://stats47.jp/areas/23000,,MOBILE,3
https://stats47.jp/areas/24000,PASS,送信して登録されました,INDEXING_ALLOWED,ALLOWED,2026-09-27T04:00:16Z,SUCCESSFUL,https://stats47.jp/areas/24000,,MOBILE,2
https://stats47.jp/areas/25000,PASS,送信して登録されました,INDEXING_ALLOWED,ALLOWED,2026-09-24T18:02:01Z,SUCCESSFUL,https://stats47.jp/areas/25000,,MOBILE,3
https://stats47.jp/areas/26000,PASS,送信して登録されました,INDEXING_ALLOWED,ALLOWED,2026-09-24T14:34:41Z,SUCCESSFUL,https://stats47.jp/areas/26000,,MOBILE,2
https://stats47.jp/areas/27000,PASS,送信して登録されました,INDEXING_ALLOWED,ALLOWED,2026-09-09T22:35:28Z,SUCCESSFUL,https://stats47.jp/areas/27000,https://stats47.jp/areas/27000,MOBILE,2
https://stats47.jp/areas/28000,PASS,送信して登録されました,INDEXING_ALLOWED,ALLOWED,2026-09-24T23:17:01Z,SUCCESSFUL,https://stats47.jp/areas/28000,,MOBILE,2
https://stats47.jp/areas/29000,PASS,送信して登録されました,INDEXING_ALLOWED,ALLOWED,2026-09-30T22:58:13Z,SUCCESSFUL,https://stats47.jp/areas/29000,,MOBILE,2
https://stats47.jp/areas/30000,PASS,送信して登録されました,INDEXING_ALLOWED,ALLOWED,2026-09-30T06:23:03Z,SUCCESSFUL,https://stats47.jp/areas/30000,,MOBILE,2
https://stats47.jp/areas/31000,PASS,送信して登録されました,INDEXING_ALLOWED,ALLOWED,2026-09-01T12:27:41Z,SUCCESSFUL,https://stats47.jp/areas/31000,,MOBILE,3
https://stats47.jp/areas/32000,PASS,送信して登録されました,INDEXING_ALLOWED,ALLOWED,2026-09-10T22:42:12Z,SUCCESSFUL,https://stats47.jp/areas/32000,,MOBILE,2
https://stats47.jp/areas/33000,PASS,送信して登録されました,INDEXING_ALLOWED,ALLOWED,2026-09-24T01:49:52Z,SUCCESSFUL,https://stats47.jp/areas/33000,,MOBILE,2
https://stats47.jp/areas/34000,PASS,送信して登録されました,INDEXING_ALLOWED,ALLOWED,2026-09-30T12:08:21Z,SUCCESSFUL,https://stats47.jp/areas/34000,,MOBILE,2
https://stats47.jp/areas/35000,PASS,送信して登録されました,INDEXING_ALLOWED,ALLOWED,2026-09-30T05:00:15Z,SUCCESSFUL,https://stats47.jp/areas/35000,,MOBILE,3
https://stats47.jp/areas/36000,PASS,送信して登録されました,INDEXING_ALLOWED,ALLOWED,2026-09-24T13:19:34Z,SUCCESSFUL,https://stats47.jp/areas/36000,,MOBILE,2
https://stats47.jp/areas/37000,PASS,送信して登録されました,INDEXING_ALLOWED,ALLOWED,2026-09-24T10:36:11Z,SUCCESSFUL,https://stats47.jp/areas/37000,,MOBILE,2
https://stats47.jp/areas/38000,PASS,送信して登録されました,INDEXING_ALLOWED,ALLOWED,2026-09-26T10:38:19Z,SUCCESSFUL,https://stats47.jp/areas/38000,,MOBILE,2
https://stats47.jp/areas/39000,PASS,送信して登録されました,INDEXING_ALLOWED,ALLOWED,2026-09-23T13:35:58Z,SUCCESSFUL,https://stats47.jp/areas/39000,,MOBILE,1
https://stats47.jp/areas/40000,PASS,送信して登録されました,INDEXING_ALLOWED,ALLOWED,2026-09-26T08:56:37Z,SUCCESSFUL,https://stats47.jp/areas/40000,,MOBILE,2
https://stats47.jp/areas/41000,PASS,送信して登録されました,INDEXING_ALLOWED,ALLOWED,2026-09-13T07:26:37Z,SUCCESSFUL,https://stats47.jp/areas/41000,,MOBILE,2
https://stats47.jp/areas/42000,PASS,送信して登録されました,INDEXING_ALLOWED,ALLOWED,2026-10-01T05:07:18Z,SUCCESSFUL,https://stats47.jp/areas/42000,,MOBILE,2
https://stats47.jp/areas/43000,PASS,送信して登録されました,INDEXING_ALLOWED,ALLOWED,2026-08-26T10:09:06Z,SUCCESSFUL,https://stats47.jp/areas/43000,,MOBILE,2
https://stats47.jp/areas/44000,PASS,送信して登録されました,INDEXING_ALLOWED,ALLOWED,2026-09-30T07:43:10Z,SUCCESSFUL,https://stats47.jp/areas/44000,,MOBILE,2
https://stats47.jp/areas/45000,PASS,送信して登録されました,INDEXING_ALLOWED,ALLOWED,2026-10-01T13:25:50Z,SUCCESSFUL,https://stats47.jp/areas/45000,,MOBILE,3
https://stats47.jp/areas/46000,PASS,送信して登録されました,INDEXING_ALLOWED,ALLOWED,2026-10-01T14:23:02Z,SUCCESSFUL,https://stats47.jp/areas/46000,,MOBILE,2
https://stats47.jp/areas/47000,PASS,送信して登録されました,INDEXING_ALLOWED,ALLOWED,2026-09-23T15:01:56Z,SUCCESSFUL,https://stats47.jp/areas/47000,,MOBILE,2
https://stats47.jp/tag/2024%E5%B9%B4,NEUTRAL,見つかりませんでした（404）,INDEXING_STATE_UNSPECIFIED,ALLOWED,2026-05-17T19:15:24Z,NOT_FOUND,,,MOBILE,1
https://stats47.jp/tag/ClaudeCode,PASS,送信して登録されました,INDEXING_ALLOWED,ALLOWED,2026-09-07T19:16:10Z,SUCCESSFUL,https://stats47.jp/tag/ClaudeCode,https://stats47.jp/tag/ClaudeCode,MOBILE,1
https://stats47.jp/tag/D3,PASS,送信して登録されました,INDEXING_ALLOWED,ALLOWED,2026-08-25T11:05:43Z,SUCCESSFUL,https://stats47.jp/tag/D3,https://stats47.jp/tag/D3,MOBILE,3
https://stats47.jp/tag/IT,PASS,送信して登録されました,INDEXING_ALLOWED,ALLOWED,2026-08-30T17:09:01Z,SUCCESSFUL,https://stats47.jp/tag/IT,https://stats47.jp/tag/IT,MOBILE,0
https://stats47.jp/tag/e-Stat,PASS,送信して登録されました,INDEXING_ALLOWED,ALLOWED,2026-09-07T19:16:09Z,SUCCESSFUL,https://stats47.jp/tag/e-Stat,https://stats47.jp/tag/e-Stat,MOBILE,1
https://stats47.jp/tag/%E3%81%BE%E3%81%90%E3%82%8D,NEUTRAL,見つかりませんでした（404）,INDEXING_STATE_UNSPECIFIED,ALLOWED,2026-06-27T04:28:54Z,NOT_FOUND,,,MOBILE,1
https://stats47.jp/tag/%E3%82%A4%E3%83%B3%E3%83%90%E3%82%A6%E3%83%B3%E3%83%89,NEUTRAL,見つかりませんでした（404）,INDEXING_STATE_UNSPECIFIED,ALLOWED,2026-06-05T03:25:05Z,NOT_FOUND,,,MOBILE,1
https://stats47.jp/tag/%E3%82%A4%E3%83%B3%E3%83%95%E3%83%A9,NEUTRAL,見つかりませんでした（404）,INDEXING_STATE_UNSPECIFIED,ALLOWED,2026-05-26T04:29:27Z,NOT_FOUND,,,MOBILE,2
https://stats47.jp/tag/%E3%82%A8%E3%83%8D%E3%83%AB%E3%82%AE%E3%83%BC,PASS,送信して登録されました,INDEXING_ALLOWED,ALLOWED,2026-08-23T15:14:05Z,SUCCESSFUL,https://stats47.jp/tag/%E3%82%A8%E3%83%8D%E3%83%AB%E3%82%AE%E3%83%BC,https://stats47.jp/tag/%E3%82%A8%E3%83%8D%E3%83%AB%E3%82%AE%E3%83%BC,MOBILE,3
https://stats47.jp/tag/%E3%82%A8%E3%83%B3%E3%82%B2%E3%83%AB%E4%BF%82%E6%95%B0,PASS,送信して登録されました,INDEXING_ALLOWED,ALLOWED,2026-08-04T06:25:22Z,SUCCESSFUL,https://stats47.jp/tag/%E3%82%A8%E3%83%B3%E3%82%B2%E3%83%AB%E4%BF%82%E6%95%B0,https://stats47.jp/tag/%E3%82%A8%E3%83%B3%E3%82%B2%E3%83%AB%E4%BF%82%E6%95%B0,MOBILE,2
https://stats47.jp/tag/%E3%83%86%E3%83%AC%E3%83%AF%E3%83%BC%E3%82%AF,NEUTRAL,見つかりませんでした（404）,INDEXING_STATE_UNSPECIFIED,ALLOWED,2026-06-18T05:38:39Z,NOT_FOUND,,,MOBILE,0
https://stats47.jp/tag/%E4%BA%BA%E5%8F%A3,PASS,送信して登録されました,INDEXING_ALLOWED,ALLOWED,2026-08-26T14:08:39Z,SUCCESSFUL,https://stats47.jp/tag/%E4%BA%BA%E5%8F%A3,https://stats47.jp/tag/%E4%BA%BA%E5%8F%A3,MOBILE,3
https://stats47.jp/tag/%E4%BA%BA%E5%8F%A3%E6%B8%9B%E5%B0%91,PASS,送信して登録されました,INDEXING_ALLOWED,ALLOWED,2026-09-04T23:10:15Z,SUCCESSFUL,https://stats47.jp/tag/%E4%BA%BA%E5%8F%A3%E6%B8%9B%E5%B0%91,https://stats47.jp/tag/%E4%BA%BA%E5%8F%A3%E6%B8%9B%E5%B0%91,MOBILE,3
https://stats47.jp/tag/%E4%BD%8F%E5%AE%85,NEUTRAL,見つかりませんでした（404）,INDEXING_STATE_UNSPECIFIED,ALLOWED,2026-06-21T14:05:24Z,NOT_FOUND,,,MOBILE,1
https://stats47.jp/tag/%E5%81%A5%E5%BA%B7,PASS,送信して登録されました,INDEXING_ALLOWED,ALLOWED,2026-09-25T14:38:48Z,SUCCESSFUL,https://stats47.jp/tag/%E5%81%A5%E5%BA%B7,https://stats47.jp/tag/%E5%81%A5%E5%BA%B7,MOBILE,1
https://stats47.jp/tag/%E5%85%B1%E5%83%8D%E3%81%8D,NEUTRAL,見つかりませんでした（404）,INDEXING_STATE_UNSPECIFIED,ALLOWED,2026-05-06T02:55:24Z,NOT_FOUND,,,MOBILE,1
https://stats47.jp/tag/%E5%87%BA%E7%94%9F%E7%8E%87,NEUTRAL,見つかりませんでした（404）,INDEXING_STATE_UNSPECIFIED,ALLOWED,2026-06-08T03:46:01Z,NOT_FOUND,,,MOBILE,2
https://stats47.jp/tag/%E5%8A%B4%E5%83%8D,NEUTRAL,見つかりませんでした（404）,INDEXING_STATE_UNSPECIFIED,ALLOWED,2026-07-18T02:27:20Z,NOT_FOUND,,,MOBILE,1
https://stats47.jp/tag/%E5%8C%97%E6%B5%B7%E9%81%93,NEUTRAL,見つかりませんでした（404）,INDEXING_STATE_UNSPECIFIED,ALLOWED,2026-06-03T14:54:13Z,NOT_FOUND,,,MOBILE,1
https://stats47.jp/tag/%E5%8C%BB%E7%99%82,PASS,送信して登録されました,INDEXING_ALLOWED,ALLOWED,2026-08-31T14:25:02Z,SUCCESSFUL,https://stats47.jp/tag/%E5%8C%BB%E7%99%82,https://stats47.jp/tag/%E5%8C%BB%E7%99%82,MOBILE,1
https://stats47.jp/tag/%E5%8C%BB%E7%99%82%E8%B2%BB,NEUTRAL,見つかりませんでした（404）,INDEXING_STATE_UNSPECIFIED,ALLOWED,2026-07-17T23:51:50Z,NOT_FOUND,,,MOBILE,2
https://stats47.jp/tag/%E5%9B%BD%E5%8B%A2%E8%AA%BF%E6%9F%BB,NEUTRAL,noindex タグによって除外されました,BLOCKED_BY_META_TAG,ALLOWED,2026-09-17T10:54:01Z,SUCCESSFUL,https://stats47.jp/tag/%E5%9B%BD%E5%8B%A2%E8%AA%BF%E6%9F%BB,https://stats47.jp/tag/%E5%9B%BD%E5%8B%A2%E8%AA%BF%E6%9F%BB,MOBILE,2
https://stats47.jp/tag/%E5%9C%B0%E5%90%8D,PASS,送信して登録されました,INDEXING_ALLOWED,ALLOWED,2026-08-22T11:30:17Z,SUCCESSFUL,https://stats47.jp/tag/%E5%9C%B0%E5%90%8D,https://stats47.jp/tag/%E5%9C%B0%E5%90%8D,MOBILE,1
https://stats47.jp/tag/%E5%9C%B0%E5%9F%9F%E5%B7%AE,PASS,送信して登録されました,INDEXING_ALLOWED,ALLOWED,2026-10-01T03:31:46Z,SUCCESSFUL,https://stats47.jp/tag/%E5%9C%B0%E5%9F%9F%E5%B7%AE,https://stats47.jp/tag/%E5%9C%B0%E5%9F%9F%E5%B7%AE,MOBILE,3
https://stats47.jp/tag/%E5%9C%B0%E5%9F%9F%E6%A0%BC%E5%B7%AE,PASS,送信して登録されました,INDEXING_ALLOWED,ALLOWED,2026-10-01T13:46:44Z,SUCCESSFUL,https://stats47.jp/tag/%E5%9C%B0%E5%9F%9F%E6%A0%BC%E5%B7%AE,https://stats47.jp/tag/%E5%9C%B0%E5%9F%9F%E6%A0%BC%E5%B7%AE,MOBILE,2
https://stats47.jp/tag/%E5%9C%B0%E6%96%B9%E8%B2%A1%E6%94%BF,PASS,送信して登録されました,INDEXING_ALLOWED,ALLOWED,2026-07-28T19:47:48Z,SUCCESSFUL,https://stats47.jp/tag/%E5%9C%B0%E6%96%B9%E8%B2%A1%E6%94%BF,https://stats47.jp/tag/%E5%9C%B0%E6%96%B9%E8%B2%A1%E6%94%BF,MOBILE,2
https://stats47.jp/tag/%E5%AD%90%E8%82%B2%E3%81%A6,NEUTRAL,見つかりませんでした（404）,INDEXING_STATE_UNSPECIFIED,ALLOWED,2026-06-04T11:25:35Z,NOT_FOUND,,,MOBILE,1
https://stats47.jp/tag/%E5%AE%B6%E8%A8%88,NEUTRAL,見つかりませんでした（404）,INDEXING_STATE_UNSPECIFIED,ALLOWED,2026-06-04T06:06:45Z,NOT_FOUND,,,MOBILE,1
https://stats47.jp/tag/%E5%AE%B6%E8%A8%88%E8%AA%BF%E6%9F%BB,PASS,送信して登録されました,INDEXING_ALLOWED,ALLOWED,2026-08-31T14:20:55Z,SUCCESSFUL,https://stats47.jp/tag/%E5%AE%B6%E8%A8%88%E8%AA%BF%E6%9F%BB,https://stats47.jp/tag/%E5%AE%B6%E8%A8%88%E8%AA%BF%E6%9F%BB,MOBILE,3
https://stats47.jp/tag/%E5%B0%91%E5%AD%90%E5%8C%96,NEUTRAL,見つかりませんでした（404）,INDEXING_STATE_UNSPECIFIED,ALLOWED,2026-05-29T23:29:04Z,NOT_FOUND,,,MOBILE,1
https://stats47.jp/tag/%E5%B8%82%E5%8C%BA%E7%94%BA%E6%9D%91,PASS,送信して登録されました,INDEXING_ALLOWED,ALLOWED,2026-09-23T12:01:15Z,SUCCESSFUL,https://stats47.jp/tag/%E5%B8%82%E5%8C%BA%E7%94%BA%E6%9D%91,https://stats47.jp/tag/%E5%B8%82%E5%8C%BA%E7%94%BA%E6%9D%91,MOBILE,1
https://stats47.jp/tag/%E5%B9%B4%E5%8F%8E,PASS,送信して登録されました,INDEXING_ALLOWED,ALLOWED,2026-09-18T22:32:06Z,SUCCESSFUL,https://stats47.jp/tag/%E5%B9%B4%E5%8F%8E,https://stats47.jp/tag/%E5%B9%B4%E5%8F%8E,MOBILE,2
https://stats47.jp/tag/%E6%89%80%E5%BE%97%E6%A0%BC%E5%B7%AE,PASS,送信して登録されました,INDEXING_ALLOWED,ALLOWED,2026-08-14T22:40:48Z,SUCCESSFUL,https://stats47.jp/tag/%E6%89%80%E5%BE%97%E6%A0%BC%E5%B7%AE,https://stats47.jp/tag/%E6%89%80%E5%BE%97%E6%A0%BC%E5%B7%AE,MOBILE,2
https://stats47.jp/tag/%E6%95%99%E8%82%B2,NEUTRAL,見つかりませんでした（404）,INDEXING_STATE_UNSPECIFIED,ALLOWED,2026-06-07T19:44:10Z,NOT_FOUND,,,MOBILE,2
https://stats47.jp/tag/%E6%95%99%E8%82%B2%E6%A0%BC%E5%B7%AE,NEUTRAL,見つかりませんでした（404）,INDEXING_STATE_UNSPECIFIED,ALLOWED,2026-06-25T22:45:42Z,NOT_FOUND,,,MOBILE,2
https://stats47.jp/tag/%E6%95%99%E8%82%B2%E8%B2%BB,NEUTRAL,見つかりませんでした（404）,INDEXING_STATE_UNSPECIFIED,ALLOWED,2026-07-17T02:02:07Z,NOT_FOUND,,,MOBILE,1
https://stats47.jp/tag/%E6%9D%B1%E5%8C%97,PASS,送信して登録されました,INDEXING_ALLOWED,ALLOWED,2026-10-01T08:02:44Z,SUCCESSFUL,https://stats47.jp/tag/%E6%9D%B1%E5%8C%97,https://stats47.jp/tag/%E6%9D%B1%E5%8C%97,MOBILE,2
https://stats47.jp/tag/%E6%A0%BC%E5%B7%AE,PASS,送信して登録されました,INDEXING_ALLOWED,ALLOWED,2026-08-22T11:25:24Z,SUCCESSFUL,https://stats47.jp/tag/%E6%A0%BC%E5%B7%AE,https://stats47.jp/tag/%E6%A0%BC%E5%B7%AE,MOBILE,2
https://stats47.jp/tag/%E6%B6%88%E8%B2%BB,NEUTRAL,見つかりませんでした（404）,INDEXING_STATE_UNSPECIFIED,ALLOWED,2026-07-16T19:03:38Z,NOT_FOUND,,,MOBILE,1
https://stats47.jp/tag/%E6%B6%88%E8%B2%BB%E6%94%AF%E5%87%BA,PASS,送信して登録されました,INDEXING_ALLOWED,ALLOWED,2026-09-07T19:16:56Z,SUCCESSFUL,https://stats47.jp/tag/%E6%B6%88%E8%B2%BB%E6%94%AF%E5%87%BA,https://stats47.jp/tag/%E6%B6%88%E8%B2%BB%E6%94%AF%E5%87%BA,MOBILE,3
https://stats47.jp/tag/%E6%B6%88%E8%B2%BB%E8%80%85%E7%89%A9%E4%BE%A1%E6%8C%87%E6%95%B0,NEUTRAL,見つかりませんでした（404）,INDEXING_STATE_UNSPECIFIED,ALLOWED,2026-05-05T13:17:33Z,NOT_FOUND,,,MOBILE,2
https://stats47.jp/tag/%E6%B6%88%E8%B2%BB%E9%87%8F,PASS,送信して登録されました,INDEXING_ALLOWED,ALLOWED,2026-09-25T23:57:32Z,SUCCESSFUL,https://stats47.jp/tag/%E6%B6%88%E8%B2%BB%E9%87%8F,https://stats47.jp/tag/%E6%B6%88%E8%B2%BB%E9%87%8F,MOBILE,1
https://stats47.jp/tag/%E6%BC%81%E7%8D%B2%E9%87%8F,NEUTRAL,見つかりませんでした（404）,INDEXING_STATE_UNSPECIFIED,ALLOWED,2026-07-19T06:06:22Z,NOT_FOUND,,,MOBILE,2
https://stats47.jp/tag/%E7%84%BC%E9%85%8E,NEUTRAL,見つかりませんでした（404）,INDEXING_STATE_UNSPECIFIED,ALLOWED,2026-06-04T11:23:00Z,NOT_FOUND,,,MOBILE,1
https://stats47.jp/tag/%E7%89%A9%E4%BE%A1,NEUTRAL,見つかりませんでした（404）,INDEXING_STATE_UNSPECIFIED,ALLOWED,2026-06-04T19:41:24Z,NOT_FOUND,,,MOBILE,1
https://stats47.jp/tag/%E7%92%B0%E5%A2%83,NEUTRAL,見つかりませんでした（404）,INDEXING_STATE_UNSPECIFIED,ALLOWED,2026-05-06T02:53:19Z,NOT_FOUND,,,MOBILE,1
https://stats47.jp/tag/%E7%94%9F%E6%B4%BB%E3%82%B3%E3%82%B9%E3%83%88,NEUTRAL,URL が Google に認識されていません,INDEXING_STATE_UNSPECIFIED,ROBOTS_TXT_STATE_UNSPECIFIED,,PAGE_FETCH_STATE_UNSPECIFIED,,,,0
https://stats47.jp/tag/%E7%94%9F%E6%B4%BB%E8%B2%BB,PASS,送信して登録されました,INDEXING_ALLOWED,ALLOWED,2026-09-17T08:46:20Z,SUCCESSFUL,https://stats47.jp/tag/%E7%94%9F%E6%B4%BB%E8%B2%BB,https://stats47.jp/tag/%E7%94%9F%E6%B4%BB%E8%B2%BB,MOBILE,2
https://stats47.jp/tag/%E7%94%A3%E6%A5%AD%E6%A7%8B%E9%80%A0,PASS,送信して登録されました,INDEXING_ALLOWED,ALLOWED,2026-08-24T11:32:51Z,SUCCESSFUL,https://stats47.jp/tag/%E7%94%A3%E6%A5%AD%E6%A7%8B%E9%80%A0,https://stats47.jp/tag/%E7%94%A3%E6%A5%AD%E6%A7%8B%E9%80%A0,MOBILE,0
https://stats47.jp/tag/%E7%A4%BE%E4%BC%9A%E4%BF%9D%E9%9A%9C,NEUTRAL,見つかりませんでした（404）,INDEXING_STATE_UNSPECIFIED,ALLOWED,2026-06-26T17:42:50Z,NOT_FOUND,,,MOBILE,3
https://stats47.jp/tag/%E7%B4%8D%E8%B1%86,NEUTRAL,見つかりませんでした（404）,INDEXING_STATE_UNSPECIFIED,ALLOWED,2026-07-22T16:01:51Z,NOT_FOUND,,,MOBILE,2
https://stats47.jp/tag/%E7%B5%8C%E6%B8%88,PASS,送信して登録されました,INDEXING_ALLOWED,ALLOWED,2026-09-16T13:25:12Z,SUCCESSFUL,https://stats47.jp/tag/%E7%B5%8C%E6%B8%88,https://stats47.jp/tag/%E7%B5%8C%E6%B8%88,MOBILE,3
https://stats47.jp/tag/%E8%A3%BD%E9%80%A0%E6%A5%AD,PASS,送信して登録されました,INDEXING_ALLOWED,ALLOWED,2026-09-17T20:06:26Z,SUCCESSFUL,https://stats47.jp/tag/%E8%A3%BD%E9%80%A0%E6%A5%AD,https://stats47.jp/tag/%E8%A3%BD%E9%80%A0%E6%A5%AD,MOBILE,1
https://stats47.jp/tag/%E8%A6%B3%E5%85%89,NEUTRAL,見つかりませんでした（404）,INDEXING_STATE_UNSPECIFIED,ALLOWED,2026-06-11T08:13:06Z,NOT_FOUND,,,MOBILE,1
https://stats47.jp/tag/%E8%B2%A1%E6%94%BF,NEUTRAL,見つかりませんでした（404）,INDEXING_STATE_UNSPECIFIED,ALLOWED,2026-06-04T08:11:14Z,NOT_FOUND,,,MOBILE,2
https://stats47.jp/tag/%E8%B3%83%E9%87%91,NEUTRAL,見つかりませんでした（404）,INDEXING_STATE_UNSPECIFIED,ALLOWED,2026-06-04T15:04:35Z,NOT_FOUND,,,MOBILE,2
https://stats47.jp/tag/%E8%B3%83%E9%87%91%E6%A7%8B%E9%80%A0%E5%9F%BA%E6%9C%AC%E7%B5%B1%E8%A8%88%E8%AA%BF%E6%9F%BB,PASS,送信して登録されました,INDEXING_ALLOWED,ALLOWED,2026-09-13T06:18:44Z,SUCCESSFUL,https://stats47.jp/tag/%E8%B3%83%E9%87%91%E6%A7%8B%E9%80%A0%E5%9F%BA%E6%9C%AC%E7%B5%B1%E8%A8%88%E8%AA%BF%E6%9F%BB,https://stats47.jp/tag/%E8%B3%83%E9%87%91%E6%A7%8B%E9%80%A0%E5%9F%BA%E6%9C%AC%E7%B5%B1%E8%A8%88%E8%AA%BF%E6%9F%BB,MOBILE,1
https://stats47.jp/tag/%E8%BB%A2%E8%81%B7,NEUTRAL,見つかりませんでした（404）,INDEXING_STATE_UNSPECIFIED,ALLOWED,2026-07-09T12:14:14Z,NOT_FOUND,,,MOBILE,1
https://stats47.jp/tag/%E8%BE%B2%E6%A5%AD,PASS,送信して登録されました,INDEXING_ALLOWED,ALLOWED,2026-08-03T19:18:12Z,SUCCESSFUL,https://stats47.jp/tag/%E8%BE%B2%E6%A5%AD,https://stats47.jp/tag/%E8%BE%B2%E6%A5%AD,MOBILE,1
https://stats47.jp/tag/%E9%83%BD%E9%81%93%E5%BA%9C%E7%9C%8C,NEUTRAL,見つかりませんでした（404）,INDEXING_STATE_UNSPECIFIED,ALLOWED,2026-06-04T05:55:03Z,NOT_FOUND,,,MOBILE,1
https://stats47.jp/tag/%E9%83%BD%E9%81%93%E5%BA%9C%E7%9C%8C%E3%83%A9%E3%83%B3%E3%82%AD%E3%83%B3%E3%82%B0,NEUTRAL,見つかりませんでした（404）,INDEXING_STATE_UNSPECIFIED,ALLOWED,2026-06-02T03:57:42Z,NOT_FOUND,,,MOBILE,2
https://stats47.jp/tag/%E9%83%BD%E9%81%93%E5%BA%9C%E7%9C%8C%E5%88%A5,PASS,送信して登録されました,INDEXING_ALLOWED,ALLOWED,2026-09-07T19:17:06Z,SUCCESSFUL,https://stats47.jp/tag/%E9%83%BD%E9%81%93%E5%BA%9C%E7%9C%8C%E5%88%A5,https://stats47.jp/tag/%E9%83%BD%E9%81%93%E5%BA%9C%E7%9C%8C%E5%88%A5,MOBILE,2
https://stats47.jp/tag/%E9%83%BD%E9%81%93%E5%BA%9C%E7%9C%8C%E6%A0%BC%E5%B7%AE,NEUTRAL,見つかりませんでした（404）,INDEXING_STATE_UNSPECIFIED,ALLOWED,2026-06-04T08:44:18Z,NOT_FOUND,,,MOBILE,1
https://stats47.jp/tag/%E9%A3%9F%E6%96%87%E5%8C%96,PASS,送信して登録されました,INDEXING_ALLOWED,ALLOWED,2026-09-07T19:16:11Z,SUCCESSFUL,https://stats47.jp/tag/%E9%A3%9F%E6%96%87%E5%8C%96,https://stats47.jp/tag/%E9%A3%9F%E6%96%87%E5%8C%96,MOBILE,1
https://stats47.jp/tag/%E9%A3%9F%E7%94%9F%E6%B4%BB,PASS,送信して登録されました,INDEXING_ALLOWED,ALLOWED,2026-08-14T06:05:34Z,SUCCESSFUL,https://stats47.jp/tag/%E9%A3%9F%E7%94%9F%E6%B4%BB,https://stats47.jp/tag/%E9%A3%9F%E7%94%9F%E6%B4%BB,MOBILE,1
https://stats47.jp/tag/%E9%A3%9F%E8%B2%BB,NEUTRAL,見つかりませんでした（404）,INDEXING_STATE_UNSPECIFIED,ALLOWED,2026-06-26T11:15:51Z,NOT_FOUND,,,MOBILE,1
https://stats47.jp/tag/%E9%AB%98%E9%BD%A2%E5%8C%96,NEUTRAL,見つかりませんでした（404）,INDEXING_STATE_UNSPECIFIED,ALLOWED,2026-05-06T03:19:55Z,NOT_FOUND,,,MOBILE,1
https://stats47.jp/ranking/industrial-water-usage-fresh,NEUTRAL,URL が Google に認識されていません,INDEXING_STATE_UNSPECIFIED,ROBOTS_TXT_STATE_UNSPECIFIED,,PAGE_FETCH_STATE_UNSPECIFIED,,,,0
https://stats47.jp/ranking/industrial-zone,NEUTRAL,URL が Google に認識されていません,INDEXING_STATE_UNSPECIFIED,ROBOTS_TXT_STATE_UNSPECIFIED,,PAGE_FETCH_STATE_UNSPECIFIED,,,,0
https://stats47.jp/ranking/intellectual-offense-recognized-count,NEUTRAL,URL が Google に認識されていません,INDEXING_STATE_UNSPECIFIED,ROBOTS_TXT_STATE_UNSPECIFIED,,PAGE_FETCH_STATE_UNSPECIFIED,,,,0
https://stats47.jp/ranking/inventory-change-nominal-h27,NEUTRAL,URL が Google に認識されていません,INDEXING_STATE_UNSPECIFIED,ROBOTS_TXT_STATE_UNSPECIFIED,,PAGE_FETCH_STATE_UNSPECIFIED,,,,0
