url,verdict,coverageState,indexingState,robotsTxtState,lastCrawlTime,pageFetchState,googleCanonical,userCanonical,crawledAs,referringUrls
https://stats47.jp/blog/cut-flowers-consumption-expenditure-prefecture-gap,NEUTRAL,検出 - インデックス未登録,INDEXING_STATE_UNSPECIFIED,ROBOTS_TXT_STATE_UNSPECIFIED,,PAGE_FETCH_STATE_UNSPECIFIED,,,CRAWLING_USER_AGENT_UNSPECIFIED,0
https://stats47.jp/blog/densely-populated-area-prefecture-gap,NEUTRAL,検出 - インデックス未登録,INDEXING_STATE_UNSPECIFIED,ROBOTS_TXT_STATE_UNSPECIFIED,,PAGE_FETCH_STATE_UNSPECIFIED,,,CRAWLING_USER_AGENT_UNSPECIFIED,1
https://stats47.jp/blog/flavor-seasoning-consumption-expenditure-prefecture-gap,NEUTRAL,検出 - インデックス未登録,INDEXING_STATE_UNSPECIFIED,ROBOTS_TXT_STATE_UNSPECIFIED,,PAGE_FETCH_STATE_UNSPECIFIED,,,CRAWLING_USER_AGENT_UNSPECIFIED,0
https://stats47.jp/blog/flood-affected-rivers-prefecture-gap,NEUTRAL,検出 - インデックス未登録,INDEXING_STATE_UNSPECIFIED,ROBOTS_TXT_STATE_UNSPECIFIED,,PAGE_FETCH_STATE_UNSPECIFIED,,,CRAWLING_USER_AGENT_UNSPECIFIED,0
https://stats47.jp/blog/hamburger-consumption-expenditure-prefecture-gap,NEUTRAL,URL が Google に認識されていません,INDEXING_STATE_UNSPECIFIED,ROBOTS_TXT_STATE_UNSPECIFIED,,PAGE_FETCH_STATE_UNSPECIFIED,,,,0
https://stats47.jp/blog/household-liabilities-prefecture-gap,NEUTRAL,検出 - インデックス未登録,INDEXING_STATE_UNSPECIFIED,ROBOTS_TXT_STATE_UNSPECIFIED,,PAGE_FETCH_STATE_UNSPECIFIED,,,CRAWLING_USER_AGENT_UNSPECIFIED,0
https://stats47.jp/blog/ishikawa-migration-flow,NEUTRAL,検出 - インデックス未登録,INDEXING_STATE_UNSPECIFIED,ROBOTS_TXT_STATE_UNSPECIFIED,,PAGE_FETCH_STATE_UNSPECIFIED,,,CRAWLING_USER_AGENT_UNSPECIFIED,0
https://stats47.jp/blog/kanagawa-migration-flow,NEUTRAL,検出 - インデックス未登録,INDEXING_STATE_UNSPECIFIED,ROBOTS_TXT_STATE_UNSPECIFIED,,PAGE_FETCH_STATE_UNSPECIFIED,,,CRAWLING_USER_AGENT_UNSPECIFIED,0
https://stats47.jp/blog/kanagawa-municipal-finance,NEUTRAL,URL が Google に認識されていません,INDEXING_STATE_UNSPECIFIED,ROBOTS_TXT_STATE_UNSPECIFIED,,PAGE_FETCH_STATE_UNSPECIFIED,,,,0
https://stats47.jp/blog/kochi-municipal-finance,NEUTRAL,検出 - インデックス未登録,INDEXING_STATE_UNSPECIFIED,ROBOTS_TXT_STATE_UNSPECIFIED,,PAGE_FETCH_STATE_UNSPECIFIED,,,CRAWLING_USER_AGENT_UNSPECIFIED,0
https://stats47.jp/blog/local-finance-theme-overview,NEUTRAL,URL が Google に認識されていません,INDEXING_STATE_UNSPECIFIED,ROBOTS_TXT_STATE_UNSPECIFIED,,PAGE_FETCH_STATE_UNSPECIFIED,,,,0
https://stats47.jp/blog/main-road-paving-rate-prefecture-gap,NEUTRAL,URL が Google に認識されていません,INDEXING_STATE_UNSPECIFIED,ROBOTS_TXT_STATE_UNSPECIFIED,,PAGE_FETCH_STATE_UNSPECIFIED,,,,0
https://stats47.jp/blog/main-road-paving-rate-vs-apple-consumption-quantity,NEUTRAL,検出 - インデックス未登録,INDEXING_STATE_UNSPECIFIED,ROBOTS_TXT_STATE_UNSPECIFIED,,PAGE_FETCH_STATE_UNSPECIFIED,,,CRAWLING_USER_AGENT_UNSPECIFIED,0
https://stats47.jp/blog/miscellaneous-school-students-prefecture-gap,NEUTRAL,検出 - インデックス未登録,INDEXING_STATE_UNSPECIFIED,ROBOTS_TXT_STATE_UNSPECIFIED,,PAGE_FETCH_STATE_UNSPECIFIED,,,CRAWLING_USER_AGENT_UNSPECIFIED,0
https://stats47.jp/blog/miyazaki-municipal-finance,NEUTRAL,URL が Google に認識されていません,INDEXING_STATE_UNSPECIFIED,ROBOTS_TXT_STATE_UNSPECIFIED,,PAGE_FETCH_STATE_UNSPECIFIED,,,,0
https://stats47.jp/blog/nagano-migration-flow,NEUTRAL,検出 - インデックス未登録,INDEXING_STATE_UNSPECIFIED,ROBOTS_TXT_STATE_UNSPECIFIED,,PAGE_FETCH_STATE_UNSPECIFIED,,,CRAWLING_USER_AGENT_UNSPECIFIED,1
https://stats47.jp/blog/nagano-municipal-finance,NEUTRAL,URL が Google に認識されていません,INDEXING_STATE_UNSPECIFIED,ROBOTS_TXT_STATE_UNSPECIFIED,,PAGE_FETCH_STATE_UNSPECIFIED,,,,0
https://stats47.jp/blog/new-rental-starts-prefecture-gap,NEUTRAL,検出 - インデックス未登録,INDEXING_STATE_UNSPECIFIED,ROBOTS_TXT_STATE_UNSPECIFIED,,PAGE_FETCH_STATE_UNSPECIFIED,,,CRAWLING_USER_AGENT_UNSPECIFIED,0
https://stats47.jp/blog/niigata-migration-flow,NEUTRAL,URL が Google に認識されていません,INDEXING_STATE_UNSPECIFIED,ROBOTS_TXT_STATE_UNSPECIFIED,,PAGE_FETCH_STATE_UNSPECIFIED,,,,0
https://stats47.jp/blog/niigata-municipal-finance,NEUTRAL,検出 - インデックス未登録,INDEXING_STATE_UNSPECIFIED,ROBOTS_TXT_STATE_UNSPECIFIED,,PAGE_FETCH_STATE_UNSPECIFIED,,,CRAWLING_USER_AGENT_UNSPECIFIED,0
https://stats47.jp/blog/non-regular-employment-rate-prefecture-gap,PASS,送信して登録されました,INDEXING_ALLOWED,ALLOWED,2026-09-28T13:42:39Z,SUCCESSFUL,https://stats47.jp/blog/non-regular-employment-rate-prefecture-gap,https://stats47.jp/blog/non-regular-employment-rate-prefecture-gap,MOBILE,1
https://stats47.jp/blog/okinawa-municipal-finance,NEUTRAL,URL が Google に認識されていません,INDEXING_STATE_UNSPECIFIED,ROBOTS_TXT_STATE_UNSPECIFIED,,PAGE_FETCH_STATE_UNSPECIFIED,,,,0
https://stats47.jp/blog/other-cosmetics-consumption-expenditure-prefecture-gap,NEUTRAL,URL が Google に認識されていません,INDEXING_STATE_UNSPECIFIED,ROBOTS_TXT_STATE_UNSPECIFIED,,PAGE_FETCH_STATE_UNSPECIFIED,,,,0
https://stats47.jp/blog/pear-consumption-expenditure-prefecture-gap,NEUTRAL,検出 - インデックス未登録,INDEXING_STATE_UNSPECIFIED,ROBOTS_TXT_STATE_UNSPECIFIED,,PAGE_FETCH_STATE_UNSPECIFIED,,,CRAWLING_USER_AGENT_UNSPECIFIED,0
https://stats47.jp/blog/per-capita-fixed-asset-tax-pref-municipal-prefecture-gap,NEUTRAL,検出 - インデックス未登録,INDEXING_STATE_UNSPECIFIED,ROBOTS_TXT_STATE_UNSPECIFIED,,PAGE_FETCH_STATE_UNSPECIFIED,,,CRAWLING_USER_AGENT_UNSPECIFIED,1
https://stats47.jp/blog/physical-therapist-annual-income-prefecture-gap,NEUTRAL,検出 - インデックス未登録,INDEXING_STATE_UNSPECIFIED,ROBOTS_TXT_STATE_UNSPECIFIED,,PAGE_FETCH_STATE_UNSPECIFIED,,,CRAWLING_USER_AGENT_UNSPECIFIED,0
https://stats47.jp/blog/pickled-plum-consumption-expenditure-prefecture-gap,NEUTRAL,検出 - インデックス未登録,INDEXING_STATE_UNSPECIFIED,ROBOTS_TXT_STATE_UNSPECIFIED,,PAGE_FETCH_STATE_UNSPECIFIED,,,CRAWLING_USER_AGENT_UNSPECIFIED,0
https://stats47.jp/blog/pickled-plum-consumption-quantity-prefecture-gap,NEUTRAL,URL が Google に認識されていません,INDEXING_STATE_UNSPECIFIED,ROBOTS_TXT_STATE_UNSPECIFIED,,PAGE_FETCH_STATE_UNSPECIFIED,,,,0
https://stats47.jp/blog/railway-theme-overview,PASS,送信して登録されました,INDEXING_ALLOWED,ALLOWED,2026-10-02T05:08:47Z,SUCCESSFUL,https://stats47.jp/blog/railway-theme-overview,https://stats47.jp/blog/railway-theme-overview,MOBILE,1
https://stats47.jp/blog/real-disposable-income-vs-per-capita-social-welfare,NEUTRAL,URL が Google に認識されていません,INDEXING_STATE_UNSPECIFIED,ROBOTS_TXT_STATE_UNSPECIFIED,,PAGE_FETCH_STATE_UNSPECIFIED,,,,0
https://stats47.jp/blog/road-length-per-km2-vs-average-road-traffic-volume,NEUTRAL,検出 - インデックス未登録,INDEXING_STATE_UNSPECIFIED,ROBOTS_TXT_STATE_UNSPECIFIED,,PAGE_FETCH_STATE_UNSPECIFIED,,,CRAWLING_USER_AGENT_UNSPECIFIED,0
https://stats47.jp/blog/road-length-per-km2-vs-local-special-grant-prefecture,NEUTRAL,クロール済み - インデックス未登録,INDEXING_STATE_UNSPECIFIED,ALLOWED,2026-09-29T22:33:08Z,SUCCESSFUL,,,MOBILE,1
https://stats47.jp/blog/road-length-per-km2-vs-residential-building-starts,NEUTRAL,検出 - インデックス未登録,INDEXING_STATE_UNSPECIFIED,ROBOTS_TXT_STATE_UNSPECIFIED,,PAGE_FETCH_STATE_UNSPECIFIED,,,CRAWLING_USER_AGENT_UNSPECIFIED,0
https://stats47.jp/blog/school-teacher-annual-income-prefecture-gap,NEUTRAL,検出 - インデックス未登録,INDEXING_STATE_UNSPECIFIED,ROBOTS_TXT_STATE_UNSPECIFIED,,PAGE_FETCH_STATE_UNSPECIFIED,,,CRAWLING_USER_AGENT_UNSPECIFIED,0
https://stats47.jp/blog/shumai-consumption-expenditure-vs-jr-freight-shipment,NEUTRAL,検出 - インデックス未登録,INDEXING_STATE_UNSPECIFIED,ROBOTS_TXT_STATE_UNSPECIFIED,,PAGE_FETCH_STATE_UNSPECIFIED,,,CRAWLING_USER_AGENT_UNSPECIFIED,1
https://stats47.jp/blog/soy-sauce-consumption-expenditure-prefecture-gap,NEUTRAL,検出 - インデックス未登録,INDEXING_STATE_UNSPECIFIED,ROBOTS_TXT_STATE_UNSPECIFIED,,PAGE_FETCH_STATE_UNSPECIFIED,,,CRAWLING_USER_AGENT_UNSPECIFIED,0
https://stats47.jp/blog/sports-participation-rate-hiking-prefecture-gap,NEUTRAL,検出 - インデックス未登録,INDEXING_STATE_UNSPECIFIED,ROBOTS_TXT_STATE_UNSPECIFIED,,PAGE_FETCH_STATE_UNSPECIFIED,,,CRAWLING_USER_AGENT_UNSPECIFIED,0
https://stats47.jp/blog/starting-salary-university-prefecture-gap,NEUTRAL,URL が Google に認識されていません,INDEXING_STATE_UNSPECIFIED,ROBOTS_TXT_STATE_UNSPECIFIED,,PAGE_FETCH_STATE_UNSPECIFIED,,,,0
https://stats47.jp/blog/table-salt-consumption-quantity-prefecture-gap,NEUTRAL,検出 - インデックス未登録,INDEXING_STATE_UNSPECIFIED,ROBOTS_TXT_STATE_UNSPECIFIED,,PAGE_FETCH_STATE_UNSPECIFIED,,,CRAWLING_USER_AGENT_UNSPECIFIED,0
https://stats47.jp/blog/taro-consumption-quantity-prefecture-gap,NEUTRAL,検出 - インデックス未登録,INDEXING_STATE_UNSPECIFIED,ROBOTS_TXT_STATE_UNSPECIFIED,,PAGE_FETCH_STATE_UNSPECIFIED,,,CRAWLING_USER_AGENT_UNSPECIFIED,0
https://stats47.jp/blog/tempura-fry-consumption-expenditure-prefecture-gap,NEUTRAL,URL が Google に認識されていません,INDEXING_STATE_UNSPECIFIED,ROBOTS_TXT_STATE_UNSPECIFIED,,PAGE_FETCH_STATE_UNSPECIFIED,,,,0
https://stats47.jp/blog/toilet-paper-consumption-expenditure-prefecture-gap,NEUTRAL,検出 - インデックス未登録,INDEXING_STATE_UNSPECIFIED,ROBOTS_TXT_STATE_UNSPECIFIED,,PAGE_FETCH_STATE_UNSPECIFIED,,,CRAWLING_USER_AGENT_UNSPECIFIED,0
https://stats47.jp/blog/toyama-municipal-finance,NEUTRAL,検出 - インデックス未登録,INDEXING_STATE_UNSPECIFIED,ROBOTS_TXT_STATE_UNSPECIFIED,,PAGE_FETCH_STATE_UNSPECIFIED,,,CRAWLING_USER_AGENT_UNSPECIFIED,0
https://stats47.jp/blog/treatment-rate-hypertension-outpatient-prefecture-gap,NEUTRAL,検出 - インデックス未登録,INDEXING_STATE_UNSPECIFIED,ROBOTS_TXT_STATE_UNSPECIFIED,,PAGE_FETCH_STATE_UNSPECIFIED,,,CRAWLING_USER_AGENT_UNSPECIFIED,1
https://stats47.jp/blog/treatment-rate-mood-disorder-outpatient-prefecture-gap,NEUTRAL,検出 - インデックス未登録,INDEXING_STATE_UNSPECIFIED,ROBOTS_TXT_STATE_UNSPECIFIED,,PAGE_FETCH_STATE_UNSPECIFIED,,,CRAWLING_USER_AGENT_UNSPECIFIED,0
https://stats47.jp/blog/treatment-rate-schizophrenia-inpatient-prefecture-gap,NEUTRAL,URL が Google に認識されていません,INDEXING_STATE_UNSPECIFIED,ROBOTS_TXT_STATE_UNSPECIFIED,,PAGE_FETCH_STATE_UNSPECIFIED,,,,0
https://stats47.jp/blog/university-new-graduates-unemployment-rate-prefecture-gap,NEUTRAL,検出 - インデックス未登録,INDEXING_STATE_UNSPECIFIED,ROBOTS_TXT_STATE_UNSPECIFIED,,PAGE_FETCH_STATE_UNSPECIFIED,,,CRAWLING_USER_AGENT_UNSPECIFIED,0
https://stats47.jp/blog/vacant-housing-rate-vs-dependent-population-index,NEUTRAL,検出 - インデックス未登録,INDEXING_STATE_UNSPECIFIED,ROBOTS_TXT_STATE_UNSPECIFIED,,PAGE_FETCH_STATE_UNSPECIFIED,,,CRAWLING_USER_AGENT_UNSPECIFIED,1
https://stats47.jp/blog/voter-turnout-house-single-prefecture-gap,NEUTRAL,検出 - インデックス未登録,INDEXING_STATE_UNSPECIFIED,ROBOTS_TXT_STATE_UNSPECIFIED,,PAGE_FETCH_STATE_UNSPECIFIED,,,CRAWLING_USER_AGENT_UNSPECIFIED,0
https://stats47.jp/blog/wakayama-migration-flow,NEUTRAL,検出 - インデックス未登録,INDEXING_STATE_UNSPECIFIED,ROBOTS_TXT_STATE_UNSPECIFIED,,PAGE_FETCH_STATE_UNSPECIFIED,,,CRAWLING_USER_AGENT_UNSPECIFIED,0
https://stats47.jp/blog/white-bread-consumption-quantity-prefecture-gap,PASS,送信して登録されました,INDEXING_ALLOWED,ALLOWED,2026-10-04T01:51:32Z,SUCCESSFUL,https://stats47.jp/blog/white-bread-consumption-quantity-prefecture-gap,https://stats47.jp/blog/white-bread-consumption-quantity-prefecture-gap,MOBILE,1
https://stats47.jp/blog/whitebait-consumption-quantity-prefecture-gap,NEUTRAL,URL が Google に認識されていません,INDEXING_STATE_UNSPECIFIED,ROBOTS_TXT_STATE_UNSPECIFIED,,PAGE_FETCH_STATE_UNSPECIFIED,,,,0
https://stats47.jp/geo/datasets/A03,NEUTRAL,検出 - インデックス未登録,INDEXING_STATE_UNSPECIFIED,ROBOTS_TXT_STATE_UNSPECIFIED,,PAGE_FETCH_STATE_UNSPECIFIED,,,CRAWLING_USER_AGENT_UNSPECIFIED,2
https://stats47.jp/geo/datasets/A25,NEUTRAL,検出 - インデックス未登録,INDEXING_STATE_UNSPECIFIED,ROBOTS_TXT_STATE_UNSPECIFIED,,PAGE_FETCH_STATE_UNSPECIFIED,,,CRAWLING_USER_AGENT_UNSPECIFIED,1
https://stats47.jp/geo/datasets/A51,NEUTRAL,URL が Google に認識されていません,INDEXING_STATE_UNSPECIFIED,ROBOTS_TXT_STATE_UNSPECIFIED,,PAGE_FETCH_STATE_UNSPECIFIED,,,,0
https://stats47.jp/geo/datasets/L01,NEUTRAL,検出 - インデックス未登録,INDEXING_STATE_UNSPECIFIED,ROBOTS_TXT_STATE_UNSPECIFIED,,PAGE_FETCH_STATE_UNSPECIFIED,,,CRAWLING_USER_AGENT_UNSPECIFIED,2
https://stats47.jp/municipalities/ranking/annual-sales-amount-per-employee,NEUTRAL,検出 - インデックス未登録,INDEXING_STATE_UNSPECIFIED,ROBOTS_TXT_STATE_UNSPECIFIED,,PAGE_FETCH_STATE_UNSPECIFIED,,,CRAWLING_USER_AGENT_UNSPECIFIED,0
https://stats47.jp/municipalities/ranking/annual-sales-amount-per-establishment,NEUTRAL,検出 - インデックス未登録,INDEXING_STATE_UNSPECIFIED,ROBOTS_TXT_STATE_UNSPECIFIED,,PAGE_FETCH_STATE_UNSPECIFIED,,,CRAWLING_USER_AGENT_UNSPECIFIED,0
https://stats47.jp/municipalities/ranking/civil-engineering-expense-municipal,NEUTRAL,検出 - インデックス未登録,INDEXING_STATE_UNSPECIFIED,ROBOTS_TXT_STATE_UNSPECIFIED,,PAGE_FETCH_STATE_UNSPECIFIED,,,CRAWLING_USER_AGENT_UNSPECIFIED,0
https://stats47.jp/municipalities/ranking/commute-by-bicycle,NEUTRAL,検出 - インデックス未登録,INDEXING_STATE_UNSPECIFIED,ROBOTS_TXT_STATE_UNSPECIFIED,,PAGE_FETCH_STATE_UNSPECIFIED,,,CRAWLING_USER_AGENT_UNSPECIFIED,1
https://stats47.jp/municipalities/ranking/commute-by-bus,NEUTRAL,検出 - インデックス未登録,INDEXING_STATE_UNSPECIFIED,ROBOTS_TXT_STATE_UNSPECIFIED,,PAGE_FETCH_STATE_UNSPECIFIED,,,CRAWLING_USER_AGENT_UNSPECIFIED,0
https://stats47.jp/municipalities/ranking/commute-by-motorcycle,NEUTRAL,検出 - インデックス未登録,INDEXING_STATE_UNSPECIFIED,ROBOTS_TXT_STATE_UNSPECIFIED,,PAGE_FETCH_STATE_UNSPECIFIED,,,CRAWLING_USER_AGENT_UNSPECIFIED,1
https://stats47.jp/municipalities/ranking/commute-by-train,NEUTRAL,検出 - インデックス未登録,INDEXING_STATE_UNSPECIFIED,ROBOTS_TXT_STATE_UNSPECIFIED,,PAGE_FETCH_STATE_UNSPECIFIED,,,CRAWLING_USER_AGENT_UNSPECIFIED,1
https://stats47.jp/municipalities/ranking/commuter-ratio-from-other-municipalities,NEUTRAL,検出 - インデックス未登録,INDEXING_STATE_UNSPECIFIED,ROBOTS_TXT_STATE_UNSPECIFIED,,PAGE_FETCH_STATE_UNSPECIFIED,,,CRAWLING_USER_AGENT_UNSPECIFIED,0
https://stats47.jp/municipalities/ranking/cultivated-area,NEUTRAL,検出 - インデックス未登録,INDEXING_STATE_UNSPECIFIED,ROBOTS_TXT_STATE_UNSPECIFIED,,PAGE_FETCH_STATE_UNSPECIFIED,,,CRAWLING_USER_AGENT_UNSPECIFIED,0
https://stats47.jp/municipalities/ranking/day-time-population,NEUTRAL,URL が Google に認識されていません,INDEXING_STATE_UNSPECIFIED,ROBOTS_TXT_STATE_UNSPECIFIED,,PAGE_FETCH_STATE_UNSPECIFIED,,,,0
https://stats47.jp/municipalities/ranking/day-time-population-ratio,NEUTRAL,検出 - インデックス未登録,INDEXING_STATE_UNSPECIFIED,ROBOTS_TXT_STATE_UNSPECIFIED,,PAGE_FETCH_STATE_UNSPECIFIED,,,CRAWLING_USER_AGENT_UNSPECIFIED,1
https://stats47.jp/municipalities/ranking/densely-populated-area-change-rate,NEUTRAL,URL が Google に認識されていません,INDEXING_STATE_UNSPECIFIED,ROBOTS_TXT_STATE_UNSPECIFIED,,PAGE_FETCH_STATE_UNSPECIFIED,,,,0
https://stats47.jp/municipalities/ranking/dental-clinic-count,NEUTRAL,検出 - インデックス未登録,INDEXING_STATE_UNSPECIFIED,ROBOTS_TXT_STATE_UNSPECIFIED,,PAGE_FETCH_STATE_UNSPECIFIED,,,CRAWLING_USER_AGENT_UNSPECIFIED,0
https://stats47.jp/municipalities/ranking/department-store-count-per-100k,NEUTRAL,URL が Google に認識されていません,INDEXING_STATE_UNSPECIFIED,ROBOTS_TXT_STATE_UNSPECIFIED,,PAGE_FETCH_STATE_UNSPECIFIED,,,,0
https://stats47.jp/municipalities/ranking/department-supermarket-count-per-100k,NEUTRAL,検出 - インデックス未登録,INDEXING_STATE_UNSPECIFIED,ROBOTS_TXT_STATE_UNSPECIFIED,,PAGE_FETCH_STATE_UNSPECIFIED,,,CRAWLING_USER_AGENT_UNSPECIFIED,0
https://stats47.jp/municipalities/ranking/education-expense-municipal,NEUTRAL,検出 - インデックス未登録,INDEXING_STATE_UNSPECIFIED,ROBOTS_TXT_STATE_UNSPECIFIED,,PAGE_FETCH_STATE_UNSPECIFIED,,,CRAWLING_USER_AGENT_UNSPECIFIED,0
https://stats47.jp/municipalities/ranking/elderly-couple-only-household-ratio,NEUTRAL,検出 - インデックス未登録,INDEXING_STATE_UNSPECIFIED,ROBOTS_TXT_STATE_UNSPECIFIED,,PAGE_FETCH_STATE_UNSPECIFIED,,,CRAWLING_USER_AGENT_UNSPECIFIED,0
https://stats47.jp/municipalities/ranking/elderly-population-ratio,NEUTRAL,URL が Google に認識されていません,INDEXING_STATE_UNSPECIFIED,ROBOTS_TXT_STATE_UNSPECIFIED,,PAGE_FETCH_STATE_UNSPECIFIED,,,,0
https://stats47.jp/municipalities/ranking/elderly-workers-ratio,NEUTRAL,検出 - インデックス未登録,INDEXING_STATE_UNSPECIFIED,ROBOTS_TXT_STATE_UNSPECIFIED,,PAGE_FETCH_STATE_UNSPECIFIED,,,CRAWLING_USER_AGENT_UNSPECIFIED,0
https://stats47.jp/municipalities/ranking/elementary-school-count-per-100km2-habitable,NEUTRAL,検出 - インデックス未登録,INDEXING_STATE_UNSPECIFIED,ROBOTS_TXT_STATE_UNSPECIFIED,,PAGE_FETCH_STATE_UNSPECIFIED,,,CRAWLING_USER_AGENT_UNSPECIFIED,0
https://stats47.jp/municipalities/ranking/employed-people-ratio,NEUTRAL,検出 - インデックス未登録,INDEXING_STATE_UNSPECIFIED,ROBOTS_TXT_STATE_UNSPECIFIED,,PAGE_FETCH_STATE_UNSPECIFIED,,,CRAWLING_USER_AGENT_UNSPECIFIED,0
https://stats47.jp/municipalities/ranking/employed-people-ratio-primary,NEUTRAL,検出 - インデックス未登録,INDEXING_STATE_UNSPECIFIED,ROBOTS_TXT_STATE_UNSPECIFIED,,PAGE_FETCH_STATE_UNSPECIFIED,,,CRAWLING_USER_AGENT_UNSPECIFIED,0
https://stats47.jp/municipalities/ranking/employed-people-ratio-secondary,NEUTRAL,検出 - インデックス未登録,INDEXING_STATE_UNSPECIFIED,ROBOTS_TXT_STATE_UNSPECIFIED,,PAGE_FETCH_STATE_UNSPECIFIED,,,CRAWLING_USER_AGENT_UNSPECIFIED,0
https://stats47.jp/municipalities/ranking/fiscal-strength-index,NEUTRAL,URL が Google に認識されていません,INDEXING_STATE_UNSPECIFIED,ROBOTS_TXT_STATE_UNSPECIFIED,,PAGE_FETCH_STATE_UNSPECIFIED,,,,0
https://stats47.jp/municipalities/ranking/garbage-collection-population,NEUTRAL,検出 - インデックス未登録,INDEXING_STATE_UNSPECIFIED,ROBOTS_TXT_STATE_UNSPECIFIED,,PAGE_FETCH_STATE_UNSPECIFIED,,,CRAWLING_USER_AGENT_UNSPECIFIED,0
https://stats47.jp/municipalities/ranking/garbage-final-disposal,NEUTRAL,検出 - インデックス未登録,INDEXING_STATE_UNSPECIFIED,ROBOTS_TXT_STATE_UNSPECIFIED,,PAGE_FETCH_STATE_UNSPECIFIED,,,CRAWLING_USER_AGENT_UNSPECIFIED,0
https://stats47.jp/municipalities/ranking/garbage-total-output,NEUTRAL,検出 - インデックス未登録,INDEXING_STATE_UNSPECIFIED,ROBOTS_TXT_STATE_UNSPECIFIED,,PAGE_FETCH_STATE_UNSPECIFIED,,,CRAWLING_USER_AGENT_UNSPECIFIED,0
https://stats47.jp/municipalities/ranking/general-clinic-count-per-100k,NEUTRAL,検出 - インデックス未登録,INDEXING_STATE_UNSPECIFIED,ROBOTS_TXT_STATE_UNSPECIFIED,,PAGE_FETCH_STATE_UNSPECIFIED,,,CRAWLING_USER_AGENT_UNSPECIFIED,0
https://stats47.jp/municipalities/ranking/general-clinic-count-per-100km2,NEUTRAL,検出 - インデックス未登録,INDEXING_STATE_UNSPECIFIED,ROBOTS_TXT_STATE_UNSPECIFIED,,PAGE_FETCH_STATE_UNSPECIFIED,,,CRAWLING_USER_AGENT_UNSPECIFIED,0
https://stats47.jp/municipalities/ranking/general-hospital-count,NEUTRAL,検出 - インデックス未登録,INDEXING_STATE_UNSPECIFIED,ROBOTS_TXT_STATE_UNSPECIFIED,,PAGE_FETCH_STATE_UNSPECIFIED,,,CRAWLING_USER_AGENT_UNSPECIFIED,0
https://stats47.jp/municipalities/ranking/general-hospital-count-per-100km2,NEUTRAL,検出 - インデックス未登録,INDEXING_STATE_UNSPECIFIED,ROBOTS_TXT_STATE_UNSPECIFIED,,PAGE_FETCH_STATE_UNSPECIFIED,,,CRAWLING_USER_AGENT_UNSPECIFIED,0
https://stats47.jp/municipalities/ranking/general-hospital-per-100k,NEUTRAL,検出 - インデックス未登録,INDEXING_STATE_UNSPECIFIED,ROBOTS_TXT_STATE_UNSPECIFIED,,PAGE_FETCH_STATE_UNSPECIFIED,,,CRAWLING_USER_AGENT_UNSPECIFIED,0
https://stats47.jp/municipalities/ranking/habitable-area,NEUTRAL,URL が Google に認識されていません,INDEXING_STATE_UNSPECIFIED,ROBOTS_TXT_STATE_UNSPECIFIED,,PAGE_FETCH_STATE_UNSPECIFIED,,,,0
https://stats47.jp/municipalities/ranking/habitable-area-ratio,NEUTRAL,URL が Google に認識されていません,INDEXING_STATE_UNSPECIFIED,ROBOTS_TXT_STATE_UNSPECIFIED,,PAGE_FETCH_STATE_UNSPECIFIED,,,,0
https://stats47.jp/municipalities/ranking/high-school-count,NEUTRAL,検出 - インデックス未登録,INDEXING_STATE_UNSPECIFIED,ROBOTS_TXT_STATE_UNSPECIFIED,,PAGE_FETCH_STATE_UNSPECIFIED,,,CRAWLING_USER_AGENT_UNSPECIFIED,0
https://stats47.jp/municipalities/ranking/high-school-count-per-100km2-habitable,NEUTRAL,URL が Google に認識されていません,INDEXING_STATE_UNSPECIFIED,ROBOTS_TXT_STATE_UNSPECIFIED,,PAGE_FETCH_STATE_UNSPECIFIED,,,,0
https://stats47.jp/municipalities/ranking/housing-floor-area,NEUTRAL,URL が Google に認識されていません,INDEXING_STATE_UNSPECIFIED,ROBOTS_TXT_STATE_UNSPECIFIED,,PAGE_FETCH_STATE_UNSPECIFIED,,,,0
https://stats47.jp/municipalities/ranking/intellectual-disability-support-facility-capacity,NEUTRAL,検出 - インデックス未登録,INDEXING_STATE_UNSPECIFIED,ROBOTS_TXT_STATE_UNSPECIFIED,,PAGE_FETCH_STATE_UNSPECIFIED,,,CRAWLING_USER_AGENT_UNSPECIFIED,0
https://stats47.jp/municipalities/ranking/japanese-movers-in,NEUTRAL,検出 - インデックス未登録,INDEXING_STATE_UNSPECIFIED,ROBOTS_TXT_STATE_UNSPECIFIED,,PAGE_FETCH_STATE_UNSPECIFIED,,,CRAWLING_USER_AGENT_UNSPECIFIED,0
https://stats47.jp/municipalities/ranking/junior-high-school-count-per-100km2-habitable,NEUTRAL,検出 - インデックス未登録,INDEXING_STATE_UNSPECIFIED,ROBOTS_TXT_STATE_UNSPECIFIED,,PAGE_FETCH_STATE_UNSPECIFIED,,,CRAWLING_USER_AGENT_UNSPECIFIED,0
https://stats47.jp/municipalities/ranking/junior-high-school-teachers,NEUTRAL,検出 - インデックス未登録,INDEXING_STATE_UNSPECIFIED,ROBOTS_TXT_STATE_UNSPECIFIED,,PAGE_FETCH_STATE_UNSPECIFIED,,,CRAWLING_USER_AGENT_UNSPECIFIED,0
https://stats47.jp/municipalities/ranking/kei-car-count,NEUTRAL,検出 - インデックス未登録,INDEXING_STATE_UNSPECIFIED,ROBOTS_TXT_STATE_UNSPECIFIED,,PAGE_FETCH_STATE_UNSPECIFIED,,,CRAWLING_USER_AGENT_UNSPECIFIED,0
https://stats47.jp/municipalities/ranking/library-count-per-million,NEUTRAL,検出 - インデックス未登録,INDEXING_STATE_UNSPECIFIED,ROBOTS_TXT_STATE_UNSPECIFIED,,PAGE_FETCH_STATE_UNSPECIFIED,,,CRAWLING_USER_AGENT_UNSPECIFIED,0
https://stats47.jp/municipalities/ranking/manufacturing-employees,NEUTRAL,検出 - インデックス未登録,INDEXING_STATE_UNSPECIFIED,ROBOTS_TXT_STATE_UNSPECIFIED,,PAGE_FETCH_STATE_UNSPECIFIED,,,CRAWLING_USER_AGENT_UNSPECIFIED,0
https://stats47.jp/municipalities/ranking/manufacturing-establishments,NEUTRAL,検出 - インデックス未登録,INDEXING_STATE_UNSPECIFIED,ROBOTS_TXT_STATE_UNSPECIFIED,,PAGE_FETCH_STATE_UNSPECIFIED,,,CRAWLING_USER_AGENT_UNSPECIFIED,0
https://stats47.jp/municipalities/ranking/manufacturing-net-value-added-private,NEUTRAL,検出 - インデックス未登録,INDEXING_STATE_UNSPECIFIED,ROBOTS_TXT_STATE_UNSPECIFIED,,PAGE_FETCH_STATE_UNSPECIFIED,,,CRAWLING_USER_AGENT_UNSPECIFIED,0
https://stats47.jp/municipalities/ranking/manufacturing-sales-private,NEUTRAL,検出 - インデックス未登録,INDEXING_STATE_UNSPECIFIED,ROBOTS_TXT_STATE_UNSPECIFIED,,PAGE_FETCH_STATE_UNSPECIFIED,,,CRAWLING_USER_AGENT_UNSPECIFIED,0
https://stats47.jp/municipalities/ranking/manufacturing-shipment,NEUTRAL,検出 - インデックス未登録,INDEXING_STATE_UNSPECIFIED,ROBOTS_TXT_STATE_UNSPECIFIED,,PAGE_FETCH_STATE_UNSPECIFIED,,,CRAWLING_USER_AGENT_UNSPECIFIED,0
https://stats47.jp/municipalities/ranking/marriages,NEUTRAL,検出 - インデックス未登録,INDEXING_STATE_UNSPECIFIED,ROBOTS_TXT_STATE_UNSPECIFIED,,PAGE_FETCH_STATE_UNSPECIFIED,,,CRAWLING_USER_AGENT_UNSPECIFIED,0
https://stats47.jp/municipalities/ranking/moped-count,NEUTRAL,検出 - インデックス未登録,INDEXING_STATE_UNSPECIFIED,ROBOTS_TXT_STATE_UNSPECIFIED,,PAGE_FETCH_STATE_UNSPECIFIED,,,CRAWLING_USER_AGENT_UNSPECIFIED,1
https://stats47.jp/municipalities/ranking/motorcycle-count,NEUTRAL,検出 - インデックス未登録,INDEXING_STATE_UNSPECIFIED,ROBOTS_TXT_STATE_UNSPECIFIED,,PAGE_FETCH_STATE_UNSPECIFIED,,,CRAWLING_USER_AGENT_UNSPECIFIED,1
https://stats47.jp/municipalities/ranking/movers-in,NEUTRAL,URL が Google に認識されていません,INDEXING_STATE_UNSPECIFIED,ROBOTS_TXT_STATE_UNSPECIFIED,,PAGE_FETCH_STATE_UNSPECIFIED,,,,0
https://stats47.jp/municipalities/ranking/movers-out,NEUTRAL,検出 - インデックス未登録,INDEXING_STATE_UNSPECIFIED,ROBOTS_TXT_STATE_UNSPECIFIED,,PAGE_FETCH_STATE_UNSPECIFIED,,,CRAWLING_USER_AGENT_UNSPECIFIED,0
https://stats47.jp/municipalities/ranking/moving-out-rate,NEUTRAL,検出 - インデックス未登録,INDEXING_STATE_UNSPECIFIED,ROBOTS_TXT_STATE_UNSPECIFIED,,PAGE_FETCH_STATE_UNSPECIFIED,,,CRAWLING_USER_AGENT_UNSPECIFIED,0
https://stats47.jp/municipalities/ranking/moving-out-rate-japanese,NEUTRAL,検出 - インデックス未登録,INDEXING_STATE_UNSPECIFIED,ROBOTS_TXT_STATE_UNSPECIFIED,,PAGE_FETCH_STATE_UNSPECIFIED,,,CRAWLING_USER_AGENT_UNSPECIFIED,0
https://stats47.jp/municipalities/ranking/municipal-general-administration-staff,NEUTRAL,検出 - インデックス未登録,INDEXING_STATE_UNSPECIFIED,ROBOTS_TXT_STATE_UNSPECIFIED,,PAGE_FETCH_STATE_UNSPECIFIED,,,CRAWLING_USER_AGENT_UNSPECIFIED,0
https://stats47.jp/municipalities/ranking/municipal-resident-tax,NEUTRAL,検出 - インデックス未登録,INDEXING_STATE_UNSPECIFIED,ROBOTS_TXT_STATE_UNSPECIFIED,,PAGE_FETCH_STATE_UNSPECIFIED,,,CRAWLING_USER_AGENT_UNSPECIFIED,0
https://stats47.jp/municipalities/ranking/new-condo-starts,NEUTRAL,検出 - インデックス未登録,INDEXING_STATE_UNSPECIFIED,ROBOTS_TXT_STATE_UNSPECIFIED,,PAGE_FETCH_STATE_UNSPECIFIED,,,CRAWLING_USER_AGENT_UNSPECIFIED,0
https://stats47.jp/municipalities/ranking/new-owner-occupied-starts,NEUTRAL,検出 - インデックス未登録,INDEXING_STATE_UNSPECIFIED,ROBOTS_TXT_STATE_UNSPECIFIED,,PAGE_FETCH_STATE_UNSPECIFIED,,,CRAWLING_USER_AGENT_UNSPECIFIED,0
https://stats47.jp/municipalities/ranking/new-rental-starts,NEUTRAL,検出 - インデックス未登録,INDEXING_STATE_UNSPECIFIED,ROBOTS_TXT_STATE_UNSPECIFIED,,PAGE_FETCH_STATE_UNSPECIFIED,,,CRAWLING_USER_AGENT_UNSPECIFIED,0
https://stats47.jp/municipalities/ranking/nuclear-family-household-count,NEUTRAL,検出 - インデックス未登録,INDEXING_STATE_UNSPECIFIED,ROBOTS_TXT_STATE_UNSPECIFIED,,PAGE_FETCH_STATE_UNSPECIFIED,,,CRAWLING_USER_AGENT_UNSPECIFIED,0
https://stats47.jp/municipalities/ranking/number-of-commercial-employees-wholesale-retail,NEUTRAL,検出 - インデックス未登録,INDEXING_STATE_UNSPECIFIED,ROBOTS_TXT_STATE_UNSPECIFIED,,PAGE_FETCH_STATE_UNSPECIFIED,,,CRAWLING_USER_AGENT_UNSPECIFIED,0
https://stats47.jp/municipalities/ranking/number-of-establishments-agriculture-forestry,NEUTRAL,検出 - インデックス未登録,INDEXING_STATE_UNSPECIFIED,ROBOTS_TXT_STATE_UNSPECIFIED,,PAGE_FETCH_STATE_UNSPECIFIED,,,CRAWLING_USER_AGENT_UNSPECIFIED,0
https://stats47.jp/municipalities/ranking/number-of-establishments-agriculture-forestry-fisheries,NEUTRAL,検出 - インデックス未登録,INDEXING_STATE_UNSPECIFIED,ROBOTS_TXT_STATE_UNSPECIFIED,,PAGE_FETCH_STATE_UNSPECIFIED,,,CRAWLING_USER_AGENT_UNSPECIFIED,0
https://stats47.jp/municipalities/ranking/number-of-establishments-establishment-corporate-statistics,NEUTRAL,URL が Google に認識されていません,INDEXING_STATE_UNSPECIFIED,ROBOTS_TXT_STATE_UNSPECIFIED,,PAGE_FETCH_STATE_UNSPECIFIED,,,,0
https://stats47.jp/municipalities/ranking/number-of-establishments-finance-insurance,NEUTRAL,URL が Google に認識されていません,INDEXING_STATE_UNSPECIFIED,ROBOTS_TXT_STATE_UNSPECIFIED,,PAGE_FETCH_STATE_UNSPECIFIED,,,,0
https://stats47.jp/municipalities/ranking/number-of-establishments-fisheries,NEUTRAL,URL が Google に認識されていません,INDEXING_STATE_UNSPECIFIED,ROBOTS_TXT_STATE_UNSPECIFIED,,PAGE_FETCH_STATE_UNSPECIFIED,,,,0
https://stats47.jp/municipalities/ranking/number-of-establishments-information-communication,NEUTRAL,検出 - インデックス未登録,INDEXING_STATE_UNSPECIFIED,ROBOTS_TXT_STATE_UNSPECIFIED,,PAGE_FETCH_STATE_UNSPECIFIED,,,CRAWLING_USER_AGENT_UNSPECIFIED,0
https://stats47.jp/municipalities/ranking/number-of-establishments-medical-welfare,NEUTRAL,検出 - インデックス未登録,INDEXING_STATE_UNSPECIFIED,ROBOTS_TXT_STATE_UNSPECIFIED,,PAGE_FETCH_STATE_UNSPECIFIED,,,CRAWLING_USER_AGENT_UNSPECIFIED,0
https://stats47.jp/municipalities/ranking/number-of-establishments-mining-quarrying-gravel-extraction,NEUTRAL,検出 - インデックス未登録,INDEXING_STATE_UNSPECIFIED,ROBOTS_TXT_STATE_UNSPECIFIED,,PAGE_FETCH_STATE_UNSPECIFIED,,,CRAWLING_USER_AGENT_UNSPECIFIED,0
https://stats47.jp/municipalities/ranking/number-of-establishments-real-estate-leasing,NEUTRAL,URL が Google に認識されていません,INDEXING_STATE_UNSPECIFIED,ROBOTS_TXT_STATE_UNSPECIFIED,,PAGE_FETCH_STATE_UNSPECIFIED,,,,0
https://stats47.jp/municipalities/ranking/number-of-establishments-transport-post,NEUTRAL,検出 - インデックス未登録,INDEXING_STATE_UNSPECIFIED,ROBOTS_TXT_STATE_UNSPECIFIED,,PAGE_FETCH_STATE_UNSPECIFIED,,,CRAWLING_USER_AGENT_UNSPECIFIED,0
https://stats47.jp/municipalities/ranking/number-of-establishments-wholesale-retail,NEUTRAL,検出 - インデックス未登録,INDEXING_STATE_UNSPECIFIED,ROBOTS_TXT_STATE_UNSPECIFIED,,PAGE_FETCH_STATE_UNSPECIFIED,,,CRAWLING_USER_AGENT_UNSPECIFIED,0
https://stats47.jp/municipalities/ranking/nursing-welfare-facility-count-per-100k-65plus,NEUTRAL,検出 - インデックス未登録,INDEXING_STATE_UNSPECIFIED,ROBOTS_TXT_STATE_UNSPECIFIED,,PAGE_FETCH_STATE_UNSPECIFIED,,,CRAWLING_USER_AGENT_UNSPECIFIED,0
https://stats47.jp/municipalities/ranking/per-taxpayer-income,NEUTRAL,検出 - インデックス未登録,INDEXING_STATE_UNSPECIFIED,ROBOTS_TXT_STATE_UNSPECIFIED,,PAGE_FETCH_STATE_UNSPECIFIED,,,CRAWLING_USER_AGENT_UNSPECIFIED,1
https://stats47.jp/municipalities/ranking/per-taxpayer-taxable-income,NEUTRAL,検出 - インデックス未登録,INDEXING_STATE_UNSPECIFIED,ROBOTS_TXT_STATE_UNSPECIFIED,,PAGE_FETCH_STATE_UNSPECIFIED,,,CRAWLING_USER_AGENT_UNSPECIFIED,0
https://stats47.jp/municipalities/ranking/physical-disability-rehabilitation-facility-residents,NEUTRAL,検出 - インデックス未登録,INDEXING_STATE_UNSPECIFIED,ROBOTS_TXT_STATE_UNSPECIFIED,,PAGE_FETCH_STATE_UNSPECIFIED,,,CRAWLING_USER_AGENT_UNSPECIFIED,0
https://stats47.jp/municipalities/ranking/population-density-per-km2-inhabitable-area,NEUTRAL,検出 - インデックス未登録,INDEXING_STATE_UNSPECIFIED,ROBOTS_TXT_STATE_UNSPECIFIED,,PAGE_FETCH_STATE_UNSPECIFIED,,,CRAWLING_USER_AGENT_UNSPECIFIED,1
https://stats47.jp/municipalities/ranking/psychiatric-hospital-count,NEUTRAL,URL が Google に認識されていません,INDEXING_STATE_UNSPECIFIED,ROBOTS_TXT_STATE_UNSPECIFIED,,PAGE_FETCH_STATE_UNSPECIFIED,,,,0
https://stats47.jp/municipalities/ranking/public-assistance-expense-municipal,NEUTRAL,検出 - インデックス未登録,INDEXING_STATE_UNSPECIFIED,ROBOTS_TXT_STATE_UNSPECIFIED,,PAGE_FETCH_STATE_UNSPECIFIED,,,CRAWLING_USER_AGENT_UNSPECIFIED,0
https://stats47.jp/municipalities/ranking/public-hall-count-per-million,NEUTRAL,URL が Google に認識されていません,INDEXING_STATE_UNSPECIFIED,ROBOTS_TXT_STATE_UNSPECIFIED,,PAGE_FETCH_STATE_UNSPECIFIED,,,,0
https://stats47.jp/municipalities/ranking/real-balance-ratio-city,NEUTRAL,検出 - インデックス未登録,INDEXING_STATE_UNSPECIFIED,ROBOTS_TXT_STATE_UNSPECIFIED,,PAGE_FETCH_STATE_UNSPECIFIED,,,CRAWLING_USER_AGENT_UNSPECIFIED,0
https://stats47.jp/municipalities/ranking/restaurant-count-per-1000,NEUTRAL,検出 - インデックス未登録,INDEXING_STATE_UNSPECIFIED,ROBOTS_TXT_STATE_UNSPECIFIED,,PAGE_FETCH_STATE_UNSPECIFIED,,,CRAWLING_USER_AGENT_UNSPECIFIED,0
https://stats47.jp/municipalities/ranking/retail-store-count,NEUTRAL,検出 - インデックス未登録,INDEXING_STATE_UNSPECIFIED,ROBOTS_TXT_STATE_UNSPECIFIED,,PAGE_FETCH_STATE_UNSPECIFIED,,,CRAWLING_USER_AGENT_UNSPECIFIED,0
https://stats47.jp/municipalities/ranking/retail-store-count-per-1000,NEUTRAL,検出 - インデックス未登録,INDEXING_STATE_UNSPECIFIED,ROBOTS_TXT_STATE_UNSPECIFIED,,PAGE_FETCH_STATE_UNSPECIFIED,,,CRAWLING_USER_AGENT_UNSPECIFIED,0
https://stats47.jp/municipalities/ranking/retail-stores-per,NEUTRAL,URL が Google に認識されていません,INDEXING_STATE_UNSPECIFIED,ROBOTS_TXT_STATE_UNSPECIFIED,,PAGE_FETCH_STATE_UNSPECIFIED,,,,0
https://stats47.jp/municipalities/ranking/sales-amount-private,NEUTRAL,検出 - インデックス未登録,INDEXING_STATE_UNSPECIFIED,ROBOTS_TXT_STATE_UNSPECIFIED,,PAGE_FETCH_STATE_UNSPECIFIED,,,CRAWLING_USER_AGENT_UNSPECIFIED,0
https://stats47.jp/municipalities/ranking/sanitation-expense-municipal,NEUTRAL,検出 - インデックス未登録,INDEXING_STATE_UNSPECIFIED,ROBOTS_TXT_STATE_UNSPECIFIED,,PAGE_FETCH_STATE_UNSPECIFIED,,,CRAWLING_USER_AGENT_UNSPECIFIED,0
https://stats47.jp/municipalities/ranking/single-mother-households,NEUTRAL,検出 - インデックス未登録,INDEXING_STATE_UNSPECIFIED,ROBOTS_TXT_STATE_UNSPECIFIED,,PAGE_FETCH_STATE_UNSPECIFIED,,,CRAWLING_USER_AGENT_UNSPECIFIED,0
https://stats47.jp/municipalities/ranking/single-person-household-old-population-ratio,NEUTRAL,URL が Google に認識されていません,INDEXING_STATE_UNSPECIFIED,ROBOTS_TXT_STATE_UNSPECIFIED,,PAGE_FETCH_STATE_UNSPECIFIED,,,,0
https://stats47.jp/municipalities/ranking/solar-power-housing,NEUTRAL,検出 - インデックス未登録,INDEXING_STATE_UNSPECIFIED,ROBOTS_TXT_STATE_UNSPECIFIED,,PAGE_FETCH_STATE_UNSPECIFIED,,,CRAWLING_USER_AGENT_UNSPECIFIED,0
https://stats47.jp/municipalities/ranking/standard-fiscal-demand-municipality,NEUTRAL,検出 - インデックス未登録,INDEXING_STATE_UNSPECIFIED,ROBOTS_TXT_STATE_UNSPECIFIED,,PAGE_FETCH_STATE_UNSPECIFIED,,,CRAWLING_USER_AGENT_UNSPECIFIED,0
https://stats47.jp/municipalities/ranking/taxpayer-count-equal,NEUTRAL,検出 - インデックス未登録,INDEXING_STATE_UNSPECIFIED,ROBOTS_TXT_STATE_UNSPECIFIED,,PAGE_FETCH_STATE_UNSPECIFIED,,,CRAWLING_USER_AGENT_UNSPECIFIED,0
https://stats47.jp/municipalities/ranking/taxpayer-count-income,NEUTRAL,検出 - インデックス未登録,INDEXING_STATE_UNSPECIFIED,ROBOTS_TXT_STATE_UNSPECIFIED,,PAGE_FETCH_STATE_UNSPECIFIED,,,CRAWLING_USER_AGENT_UNSPECIFIED,0
https://stats47.jp/municipalities/ranking/total-area-excluding-northern-territories-and-takeshima,NEUTRAL,検出 - インデックス未登録,INDEXING_STATE_UNSPECIFIED,ROBOTS_TXT_STATE_UNSPECIFIED,,PAGE_FETCH_STATE_UNSPECIFIED,,,CRAWLING_USER_AGENT_UNSPECIFIED,0
https://stats47.jp/municipalities/ranking/total-area-prefecture-ratio,NEUTRAL,検出 - インデックス未登録,INDEXING_STATE_UNSPECIFIED,ROBOTS_TXT_STATE_UNSPECIFIED,,PAGE_FETCH_STATE_UNSPECIFIED,,,CRAWLING_USER_AGENT_UNSPECIFIED,0
https://stats47.jp/municipalities/ranking/total-assessed-land-area,NEUTRAL,検出 - インデックス未登録,INDEXING_STATE_UNSPECIFIED,ROBOTS_TXT_STATE_UNSPECIFIED,,PAGE_FETCH_STATE_UNSPECIFIED,,,CRAWLING_USER_AGENT_UNSPECIFIED,0
https://stats47.jp/municipalities/ranking/total-population,NEUTRAL,URL が Google に認識されていません,INDEXING_STATE_UNSPECIFIED,ROBOTS_TXT_STATE_UNSPECIFIED,,PAGE_FETCH_STATE_UNSPECIFIED,,,,0
https://stats47.jp/municipalities/ranking/traffic-accident-count,NEUTRAL,検出 - インデックス未登録,INDEXING_STATE_UNSPECIFIED,ROBOTS_TXT_STATE_UNSPECIFIED,,PAGE_FETCH_STATE_UNSPECIFIED,,,CRAWLING_USER_AGENT_UNSPECIFIED,0
https://stats47.jp/municipalities/ranking/traffic-accident-per-100k,NEUTRAL,検出 - インデックス未登録,INDEXING_STATE_UNSPECIFIED,ROBOTS_TXT_STATE_UNSPECIFIED,,PAGE_FETCH_STATE_UNSPECIFIED,,,CRAWLING_USER_AGENT_UNSPECIFIED,0
https://stats47.jp/municipalities/ranking/unemployment-rate,NEUTRAL,URL が Google に認識されていません,INDEXING_STATE_UNSPECIFIED,ROBOTS_TXT_STATE_UNSPECIFIED,,PAGE_FETCH_STATE_UNSPECIFIED,,,,0
https://stats47.jp/municipalities/ranking/urban-planning-area,NEUTRAL,検出 - インデックス未登録,INDEXING_STATE_UNSPECIFIED,ROBOTS_TXT_STATE_UNSPECIFIED,,PAGE_FETCH_STATE_UNSPECIFIED,,,CRAWLING_USER_AGENT_UNSPECIFIED,1
https://stats47.jp/municipalities/ranking/vacant-housing-ratio,NEUTRAL,検出 - インデックス未登録,INDEXING_STATE_UNSPECIFIED,ROBOTS_TXT_STATE_UNSPECIFIED,,PAGE_FETCH_STATE_UNSPECIFIED,,,CRAWLING_USER_AGENT_UNSPECIFIED,0
https://stats47.jp/municipalities/ranking/workers-agriculture-forestry-fishery,NEUTRAL,検出 - インデックス未登録,INDEXING_STATE_UNSPECIFIED,ROBOTS_TXT_STATE_UNSPECIFIED,,PAGE_FETCH_STATE_UNSPECIFIED,,,CRAWLING_USER_AGENT_UNSPECIFIED,0
https://stats47.jp/municipalities/themes/agriculture-forestry,NEUTRAL,URL が Google に認識されていません,INDEXING_STATE_UNSPECIFIED,ROBOTS_TXT_STATE_UNSPECIFIED,,PAGE_FETCH_STATE_UNSPECIFIED,,,,0
https://stats47.jp/municipalities/themes/commerce,NEUTRAL,検出 - インデックス未登録,INDEXING_STATE_UNSPECIFIED,ROBOTS_TXT_STATE_UNSPECIFIED,,PAGE_FETCH_STATE_UNSPECIFIED,,,CRAWLING_USER_AGENT_UNSPECIFIED,0
https://stats47.jp/municipalities/themes/households,NEUTRAL,検出 - インデックス未登録,INDEXING_STATE_UNSPECIFIED,ROBOTS_TXT_STATE_UNSPECIFIED,,PAGE_FETCH_STATE_UNSPECIFIED,,,CRAWLING_USER_AGENT_UNSPECIFIED,0
https://stats47.jp/municipalities/themes/housing,NEUTRAL,URL が Google に認識されていません,INDEXING_STATE_UNSPECIFIED,ROBOTS_TXT_STATE_UNSPECIFIED,,PAGE_FETCH_STATE_UNSPECIFIED,,,,0
https://stats47.jp/municipalities/themes/manufacturing,NEUTRAL,URL が Google に認識されていません,INDEXING_STATE_UNSPECIFIED,ROBOTS_TXT_STATE_UNSPECIFIED,,PAGE_FETCH_STATE_UNSPECIFIED,,,,0
https://stats47.jp/municipalities/themes/migration,NEUTRAL,検出 - インデックス未登録,INDEXING_STATE_UNSPECIFIED,ROBOTS_TXT_STATE_UNSPECIFIED,,PAGE_FETCH_STATE_UNSPECIFIED,,,CRAWLING_USER_AGENT_UNSPECIFIED,0
https://stats47.jp/municipalities/themes/population,NEUTRAL,検出 - インデックス未登録,INDEXING_STATE_UNSPECIFIED,ROBOTS_TXT_STATE_UNSPECIFIED,,PAGE_FETCH_STATE_UNSPECIFIED,,,CRAWLING_USER_AGENT_UNSPECIFIED,1
https://stats47.jp/municipalities/themes/safety-environment,NEUTRAL,URL が Google に認識されていません,INDEXING_STATE_UNSPECIFIED,ROBOTS_TXT_STATE_UNSPECIFIED,,PAGE_FETCH_STATE_UNSPECIFIED,,,,0
https://stats47.jp/products/data-p-06,NEUTRAL,URL が Google に認識されていません,INDEXING_STATE_UNSPECIFIED,ROBOTS_TXT_STATE_UNSPECIFIED,,PAGE_FETCH_STATE_UNSPECIFIED,,,,0
https://stats47.jp/products/kindle-k-s1-02,NEUTRAL,検出 - インデックス未登録,INDEXING_STATE_UNSPECIFIED,ROBOTS_TXT_STATE_UNSPECIFIED,,PAGE_FETCH_STATE_UNSPECIFIED,,,CRAWLING_USER_AGENT_UNSPECIFIED,1
https://stats47.jp/products/kindle-k-s1-06,NEUTRAL,検出 - インデックス未登録,INDEXING_STATE_UNSPECIFIED,ROBOTS_TXT_STATE_UNSPECIFIED,,PAGE_FETCH_STATE_UNSPECIFIED,,,CRAWLING_USER_AGENT_UNSPECIFIED,0
https://stats47.jp/products/kindle-k-s1-07,NEUTRAL,検出 - インデックス未登録,INDEXING_STATE_UNSPECIFIED,ROBOTS_TXT_STATE_UNSPECIFIED,,PAGE_FETCH_STATE_UNSPECIFIED,,,CRAWLING_USER_AGENT_UNSPECIFIED,1
https://stats47.jp/products/kindle-k-s1-09,NEUTRAL,検出 - インデックス未登録,INDEXING_STATE_UNSPECIFIED,ROBOTS_TXT_STATE_UNSPECIFIED,,PAGE_FETCH_STATE_UNSPECIFIED,,,CRAWLING_USER_AGENT_UNSPECIFIED,0
https://stats47.jp/products/kindle-k-s1-10,NEUTRAL,検出 - インデックス未登録,INDEXING_STATE_UNSPECIFIED,ROBOTS_TXT_STATE_UNSPECIFIED,,PAGE_FETCH_STATE_UNSPECIFIED,,,CRAWLING_USER_AGENT_UNSPECIFIED,2
https://stats47.jp/products/service-geo-service-01,NEUTRAL,検出 - インデックス未登録,INDEXING_STATE_UNSPECIFIED,ROBOTS_TXT_STATE_UNSPECIFIED,,PAGE_FETCH_STATE_UNSPECIFIED,,,CRAWLING_USER_AGENT_UNSPECIFIED,1
https://stats47.jp/ranking/abandoned-cultivated-land-area,NEUTRAL,検出 - インデックス未登録,INDEXING_STATE_UNSPECIFIED,ROBOTS_TXT_STATE_UNSPECIFIED,,PAGE_FETCH_STATE_UNSPECIFIED,,,CRAWLING_USER_AGENT_UNSPECIFIED,3
https://stats47.jp/ranking/active-job-opening-ratio,NEUTRAL,URL が Google に認識されていません,INDEXING_STATE_UNSPECIFIED,ROBOTS_TXT_STATE_UNSPECIFIED,,PAGE_FETCH_STATE_UNSPECIFIED,,,,0
https://stats47.jp/ranking/age-specific-death-rate-0-4-per-1000,NEUTRAL,URL が Google に認識されていません,INDEXING_STATE_UNSPECIFIED,ROBOTS_TXT_STATE_UNSPECIFIED,,PAGE_FETCH_STATE_UNSPECIFIED,,,,0
https://stats47.jp/ranking/aging-index,NEUTRAL,検出 - インデックス未登録,INDEXING_STATE_UNSPECIFIED,ROBOTS_TXT_STATE_UNSPECIFIED,,PAGE_FETCH_STATE_UNSPECIFIED,,,CRAWLING_USER_AGENT_UNSPECIFIED,3
https://stats47.jp/ranking/agricultural-farm-count,NEUTRAL,検出 - インデックス未登録,INDEXING_STATE_UNSPECIFIED,ROBOTS_TXT_STATE_UNSPECIFIED,,PAGE_FETCH_STATE_UNSPECIFIED,,,CRAWLING_USER_AGENT_UNSPECIFIED,3
https://stats47.jp/ranking/agricultural-land-conversion-area,NEUTRAL,検出 - インデックス未登録,INDEXING_STATE_UNSPECIFIED,ROBOTS_TXT_STATE_UNSPECIFIED,,PAGE_FETCH_STATE_UNSPECIFIED,,,CRAWLING_USER_AGENT_UNSPECIFIED,3
https://stats47.jp/ranking/agricultural-output,NEUTRAL,検出 - インデックス未登録,INDEXING_STATE_UNSPECIFIED,ROBOTS_TXT_STATE_UNSPECIFIED,,PAGE_FETCH_STATE_UNSPECIFIED,,,CRAWLING_USER_AGENT_UNSPECIFIED,3
https://stats47.jp/ranking/air-cargo-transport,NEUTRAL,検出 - インデックス未登録,INDEXING_STATE_UNSPECIFIED,ROBOTS_TXT_STATE_UNSPECIFIED,,PAGE_FETCH_STATE_UNSPECIFIED,,,CRAWLING_USER_AGENT_UNSPECIFIED,3
https://stats47.jp/ranking/air-passenger-transport,NEUTRAL,検出 - インデックス未登録,INDEXING_STATE_UNSPECIFIED,ROBOTS_TXT_STATE_UNSPECIFIED,,PAGE_FETCH_STATE_UNSPECIFIED,,,CRAWLING_USER_AGENT_UNSPECIFIED,3
https://stats47.jp/ranking/annual-cloudy-days,NEUTRAL,URL が Google に認識されていません,INDEXING_STATE_UNSPECIFIED,ROBOTS_TXT_STATE_UNSPECIFIED,,PAGE_FETCH_STATE_UNSPECIFIED,,,,0
https://stats47.jp/ranking/annual-emergency-dispatches-per-1000,NEUTRAL,検出 - インデックス未登録,INDEXING_STATE_UNSPECIFIED,ROBOTS_TXT_STATE_UNSPECIFIED,,PAGE_FETCH_STATE_UNSPECIFIED,,,CRAWLING_USER_AGENT_UNSPECIFIED,2
https://stats47.jp/ranking/annual-new-inpatients-general-hospital-per-100k,NEUTRAL,検出 - インデックス未登録,INDEXING_STATE_UNSPECIFIED,ROBOTS_TXT_STATE_UNSPECIFIED,,PAGE_FETCH_STATE_UNSPECIFIED,,,CRAWLING_USER_AGENT_UNSPECIFIED,3
https://stats47.jp/ranking/annual-new-inpatients-psychiatric-hospital-per-100k,NEUTRAL,検出 - インデックス未登録,INDEXING_STATE_UNSPECIFIED,ROBOTS_TXT_STATE_UNSPECIFIED,,PAGE_FETCH_STATE_UNSPECIFIED,,,CRAWLING_USER_AGENT_UNSPECIFIED,3
https://stats47.jp/ranking/annual-precipitation,NEUTRAL,検出 - インデックス未登録,INDEXING_STATE_UNSPECIFIED,ROBOTS_TXT_STATE_UNSPECIFIED,,PAGE_FETCH_STATE_UNSPECIFIED,,,CRAWLING_USER_AGENT_UNSPECIFIED,3
https://stats47.jp/ranking/annual-precipitation-days,NEUTRAL,検出 - インデックス未登録,INDEXING_STATE_UNSPECIFIED,ROBOTS_TXT_STATE_UNSPECIFIED,,PAGE_FETCH_STATE_UNSPECIFIED,,,CRAWLING_USER_AGENT_UNSPECIFIED,3
https://stats47.jp/ranking/annual-sales-amount,NEUTRAL,検出 - インデックス未登録,INDEXING_STATE_UNSPECIFIED,ROBOTS_TXT_STATE_UNSPECIFIED,,PAGE_FETCH_STATE_UNSPECIFIED,,,CRAWLING_USER_AGENT_UNSPECIFIED,3
https://stats47.jp/ranking/annual-sales-amount-per-establishment,NEUTRAL,検出 - インデックス未登録,INDEXING_STATE_UNSPECIFIED,ROBOTS_TXT_STATE_UNSPECIFIED,,PAGE_FETCH_STATE_UNSPECIFIED,,,CRAWLING_USER_AGENT_UNSPECIFIED,3
https://stats47.jp/ranking/apartment-ratio,NEUTRAL,検出 - インデックス未登録,INDEXING_STATE_UNSPECIFIED,ROBOTS_TXT_STATE_UNSPECIFIED,,PAGE_FETCH_STATE_UNSPECIFIED,,,CRAWLING_USER_AGENT_UNSPECIFIED,3
https://stats47.jp/ranking/assistance-expenditure-ratio-pref-finance,NEUTRAL,検出 - インデックス未登録,INDEXING_STATE_UNSPECIFIED,ROBOTS_TXT_STATE_UNSPECIFIED,,PAGE_FETCH_STATE_UNSPECIFIED,,,CRAWLING_USER_AGENT_UNSPECIFIED,2
https://stats47.jp/ranking/assistance-expenses-prefecture,NEUTRAL,検出 - インデックス未登録,INDEXING_STATE_UNSPECIFIED,ROBOTS_TXT_STATE_UNSPECIFIED,,PAGE_FETCH_STATE_UNSPECIFIED,,,CRAWLING_USER_AGENT_UNSPECIFIED,3
https://stats47.jp/ranking/average-broadcast-media-consumption-time-employed-man,NEUTRAL,検出 - インデックス未登録,INDEXING_STATE_UNSPECIFIED,ROBOTS_TXT_STATE_UNSPECIFIED,,PAGE_FETCH_STATE_UNSPECIFIED,,,CRAWLING_USER_AGENT_UNSPECIFIED,3
https://stats47.jp/ranking/average-height-middle-school-second-grade-male,NEUTRAL,URL が Google に認識されていません,INDEXING_STATE_UNSPECIFIED,ROBOTS_TXT_STATE_UNSPECIFIED,,PAGE_FETCH_STATE_UNSPECIFIED,,,,0
https://stats47.jp/ranking/average-life-expectancy-female-20,NEUTRAL,URL が Google に認識されていません,INDEXING_STATE_UNSPECIFIED,ROBOTS_TXT_STATE_UNSPECIFIED,,PAGE_FETCH_STATE_UNSPECIFIED,,,,0
https://stats47.jp/ranking/average-life-expectancy-female-65,NEUTRAL,検出 - インデックス未登録,INDEXING_STATE_UNSPECIFIED,ROBOTS_TXT_STATE_UNSPECIFIED,,PAGE_FETCH_STATE_UNSPECIFIED,,,CRAWLING_USER_AGENT_UNSPECIFIED,3
https://stats47.jp/ranking/average-life-expectancy-male,NEUTRAL,検出 - インデックス未登録,INDEXING_STATE_UNSPECIFIED,ROBOTS_TXT_STATE_UNSPECIFIED,,PAGE_FETCH_STATE_UNSPECIFIED,,,CRAWLING_USER_AGENT_UNSPECIFIED,3
https://stats47.jp/ranking/average-payment-amount-of-workers-compensation-insurance-benefits,NEUTRAL,URL が Google に認識されていません,INDEXING_STATE_UNSPECIFIED,ROBOTS_TXT_STATE_UNSPECIFIED,,PAGE_FETCH_STATE_UNSPECIFIED,,,,0
https://stats47.jp/ranking/average-relative-humidity,NEUTRAL,検出 - インデックス未登録,INDEXING_STATE_UNSPECIFIED,ROBOTS_TXT_STATE_UNSPECIFIED,,PAGE_FETCH_STATE_UNSPECIFIED,,,CRAWLING_USER_AGENT_UNSPECIFIED,3
https://stats47.jp/ranking/average-road-traffic-volume,NEUTRAL,URL が Google に認識されていません,INDEXING_STATE_UNSPECIFIED,ROBOTS_TXT_STATE_UNSPECIFIED,,PAGE_FETCH_STATE_UNSPECIFIED,,,,0
https://stats47.jp/ranking/average-temperature,NEUTRAL,検出 - インデックス未登録,INDEXING_STATE_UNSPECIFIED,ROBOTS_TXT_STATE_UNSPECIFIED,,PAGE_FETCH_STATE_UNSPECIFIED,,,CRAWLING_USER_AGENT_UNSPECIFIED,3
https://stats47.jp/ranking/average-weight-high-school-second-grade-male,NEUTRAL,検出 - インデックス未登録,INDEXING_STATE_UNSPECIFIED,ROBOTS_TXT_STATE_UNSPECIFIED,,PAGE_FETCH_STATE_UNSPECIFIED,,,CRAWLING_USER_AGENT_UNSPECIFIED,3
https://stats47.jp/ranking/average-weight-primary-school-fifth-grade-male,NEUTRAL,検出 - インデックス未登録,INDEXING_STATE_UNSPECIFIED,ROBOTS_TXT_STATE_UNSPECIFIED,,PAGE_FETCH_STATE_UNSPECIFIED,,,CRAWLING_USER_AGENT_UNSPECIFIED,3
https://stats47.jp/ranking/avg-daily-inpatients-general-hospital-per-100k,NEUTRAL,URL が Google に認識されていません,INDEXING_STATE_UNSPECIFIED,ROBOTS_TXT_STATE_UNSPECIFIED,,PAGE_FETCH_STATE_UNSPECIFIED,,,,0
https://stats47.jp/ranking/avg-daily-inpatients-psychiatric-hospital-per-100k,NEUTRAL,検出 - インデックス未登録,INDEXING_STATE_UNSPECIFIED,ROBOTS_TXT_STATE_UNSPECIFIED,,PAGE_FETCH_STATE_UNSPECIFIED,,,CRAWLING_USER_AGENT_UNSPECIFIED,3
https://stats47.jp/ranking/avg-daily-outpatients-general-hospital-per-100k,NEUTRAL,URL が Google に認識されていません,INDEXING_STATE_UNSPECIFIED,ROBOTS_TXT_STATE_UNSPECIFIED,,PAGE_FETCH_STATE_UNSPECIFIED,,,,0
https://stats47.jp/ranking/avg-daily-outpatients-psychiatric-hospital-per-100k,NEUTRAL,URL が Google に認識されていません,INDEXING_STATE_UNSPECIFIED,ROBOTS_TXT_STATE_UNSPECIFIED,,PAGE_FETCH_STATE_UNSPECIFIED,,,,0
https://stats47.jp/ranking/bank-deposit-balance-per-person,PASS,送信して登録されました,INDEXING_ALLOWED,ALLOWED,2026-09-23T14:13:05Z,SUCCESSFUL,https://stats47.jp/ranking/bank-deposit-balance-per-person,,MOBILE,3
https://stats47.jp/ranking/barber-beauty-salon-count-per-100k,NEUTRAL,検出 - インデックス未登録,INDEXING_STATE_UNSPECIFIED,ROBOTS_TXT_STATE_UNSPECIFIED,,PAGE_FETCH_STATE_UNSPECIFIED,,,CRAWLING_USER_AGENT_UNSPECIFIED,2
https://stats47.jp/ranking/births,NEUTRAL,URL が Google に認識されていません,INDEXING_STATE_UNSPECIFIED,ROBOTS_TXT_STATE_UNSPECIFIED,,PAGE_FETCH_STATE_UNSPECIFIED,,,,0
https://stats47.jp/ranking/block-park-count-per-100km2,NEUTRAL,検出 - インデックス未登録,INDEXING_STATE_UNSPECIFIED,ROBOTS_TXT_STATE_UNSPECIFIED,,PAGE_FETCH_STATE_UNSPECIFIED,,,CRAWLING_USER_AGENT_UNSPECIFIED,3
https://stats47.jp/ranking/book-magazine-retail-annual-sales-per-capita,NEUTRAL,検出 - インデックス未登録,INDEXING_STATE_UNSPECIFIED,ROBOTS_TXT_STATE_UNSPECIFIED,,PAGE_FETCH_STATE_UNSPECIFIED,,,CRAWLING_USER_AGENT_UNSPECIFIED,3
https://stats47.jp/ranking/building-fire-count,NEUTRAL,検出 - インデックス未登録,INDEXING_STATE_UNSPECIFIED,ROBOTS_TXT_STATE_UNSPECIFIED,,PAGE_FETCH_STATE_UNSPECIFIED,,,CRAWLING_USER_AGENT_UNSPECIFIED,3
https://stats47.jp/ranking/building-fire-count-per-100-thousand-people,NEUTRAL,検出 - インデックス未登録,INDEXING_STATE_UNSPECIFIED,ROBOTS_TXT_STATE_UNSPECIFIED,,PAGE_FETCH_STATE_UNSPECIFIED,,,CRAWLING_USER_AGENT_UNSPECIFIED,3
https://stats47.jp/ranking/building-fire-damage-amount-per-building-fire,NEUTRAL,URL が Google に認識されていません,INDEXING_STATE_UNSPECIFIED,ROBOTS_TXT_STATE_UNSPECIFIED,,PAGE_FETCH_STATE_UNSPECIFIED,,,,0
https://stats47.jp/ranking/building-fire-damage-amount-per-person,NEUTRAL,検出 - インデックス未登録,INDEXING_STATE_UNSPECIFIED,ROBOTS_TXT_STATE_UNSPECIFIED,,PAGE_FETCH_STATE_UNSPECIFIED,,,CRAWLING_USER_AGENT_UNSPECIFIED,2
https://stats47.jp/ranking/bus-operators,NEUTRAL,検出 - インデックス未登録,INDEXING_STATE_UNSPECIFIED,ROBOTS_TXT_STATE_UNSPECIFIED,,PAGE_FETCH_STATE_UNSPECIFIED,,,CRAWLING_USER_AGENT_UNSPECIFIED,3
https://stats47.jp/ranking/certified-childcare-center-education-cost-per-student,NEUTRAL,検出 - インデックス未登録,INDEXING_STATE_UNSPECIFIED,ROBOTS_TXT_STATE_UNSPECIFIED,,PAGE_FETCH_STATE_UNSPECIFIED,,,CRAWLING_USER_AGENT_UNSPECIFIED,3
https://stats47.jp/ranking/charcoal-production,NEUTRAL,URL が Google に認識されていません,INDEXING_STATE_UNSPECIFIED,ROBOTS_TXT_STATE_UNSPECIFIED,,PAGE_FETCH_STATE_UNSPECIFIED,,,,0
https://stats47.jp/ranking/city-gas-sales-volume,NEUTRAL,検出 - インデックス未登録,INDEXING_STATE_UNSPECIFIED,ROBOTS_TXT_STATE_UNSPECIFIED,,PAGE_FETCH_STATE_UNSPECIFIED,,,CRAWLING_USER_AGENT_UNSPECIFIED,3
https://stats47.jp/ranking/city-ward-assembly-members,NEUTRAL,検出 - インデックス未登録,INDEXING_STATE_UNSPECIFIED,ROBOTS_TXT_STATE_UNSPECIFIED,,PAGE_FETCH_STATE_UNSPECIFIED,,,CRAWLING_USER_AGENT_UNSPECIFIED,3
https://stats47.jp/ranking/commerce-industry-expenditure-ratio-pref-finance,NEUTRAL,検出 - インデックス未登録,INDEXING_STATE_UNSPECIFIED,ROBOTS_TXT_STATE_UNSPECIFIED,,PAGE_FETCH_STATE_UNSPECIFIED,,,CRAWLING_USER_AGENT_UNSPECIFIED,2
https://stats47.jp/ranking/commercial-and-neighborhood-commercial-area-ratio,NEUTRAL,検出 - インデックス未登録,INDEXING_STATE_UNSPECIFIED,ROBOTS_TXT_STATE_UNSPECIFIED,,PAGE_FETCH_STATE_UNSPECIFIED,,,CRAWLING_USER_AGENT_UNSPECIFIED,2
https://stats47.jp/ranking/community-sports-facility-count-per-million,NEUTRAL,検出 - インデックス未登録,INDEXING_STATE_UNSPECIFIED,ROBOTS_TXT_STATE_UNSPECIFIED,,PAGE_FETCH_STATE_UNSPECIFIED,,,CRAWLING_USER_AGENT_UNSPECIFIED,3
https://stats47.jp/ranking/compulsory-education-school-count-per-100k-6-14,NEUTRAL,URL が Google に認識されていません,INDEXING_STATE_UNSPECIFIED,ROBOTS_TXT_STATE_UNSPECIFIED,,PAGE_FETCH_STATE_UNSPECIFIED,,,,0
https://stats47.jp/ranking/construction-industry-count,NEUTRAL,検出 - インデックス未登録,INDEXING_STATE_UNSPECIFIED,ROBOTS_TXT_STATE_UNSPECIFIED,,PAGE_FETCH_STATE_UNSPECIFIED,,,CRAWLING_USER_AGENT_UNSPECIFIED,3
https://stats47.jp/ranking/convenience-store-count-per-100k,NEUTRAL,検出 - インデックス未登録,INDEXING_STATE_UNSPECIFIED,ROBOTS_TXT_STATE_UNSPECIFIED,,PAGE_FETCH_STATE_UNSPECIFIED,,,CRAWLING_USER_AGENT_UNSPECIFIED,3
https://stats47.jp/ranking/criminal-arrest-rate,PASS,送信して登録されました,INDEXING_ALLOWED,ALLOWED,2026-09-28T00:07:05Z,SUCCESSFUL,https://stats47.jp/ranking/criminal-arrest-rate,,MOBILE,4
https://stats47.jp/ranking/criminal-recognition-count-of-prostitution-crime-rate,NEUTRAL,URL が Google に認識されていません,INDEXING_STATE_UNSPECIFIED,ROBOTS_TXT_STATE_UNSPECIFIED,,PAGE_FETCH_STATE_UNSPECIFIED,,,,0
https://stats47.jp/ranking/criminal-recognition-count-of-theft-crime-rate,NEUTRAL,検出 - インデックス未登録,INDEXING_STATE_UNSPECIFIED,ROBOTS_TXT_STATE_UNSPECIFIED,,PAGE_FETCH_STATE_UNSPECIFIED,,,CRAWLING_USER_AGENT_UNSPECIFIED,3
https://stats47.jp/ranking/criminal-recognition-count-of-violent-crime-rate,NEUTRAL,検出 - インデックス未登録,INDEXING_STATE_UNSPECIFIED,ROBOTS_TXT_STATE_UNSPECIFIED,,PAGE_FETCH_STATE_UNSPECIFIED,,,CRAWLING_USER_AGENT_UNSPECIFIED,3
https://stats47.jp/ranking/crude-death-rate,NEUTRAL,検出 - インデックス未登録,INDEXING_STATE_UNSPECIFIED,ROBOTS_TXT_STATE_UNSPECIFIED,,PAGE_FETCH_STATE_UNSPECIFIED,,,CRAWLING_USER_AGENT_UNSPECIFIED,2
https://stats47.jp/ranking/cultivated-area,NEUTRAL,URL が Google に認識されていません,INDEXING_STATE_UNSPECIFIED,ROBOTS_TXT_STATE_UNSPECIFIED,,PAGE_FETCH_STATE_UNSPECIFIED,,,,0
https://stats47.jp/ranking/cultivated-land-area-per-household,NEUTRAL,検出 - インデックス未登録,INDEXING_STATE_UNSPECIFIED,ROBOTS_TXT_STATE_UNSPECIFIED,,PAGE_FETCH_STATE_UNSPECIFIED,,,CRAWLING_USER_AGENT_UNSPECIFIED,3
https://stats47.jp/ranking/cultivated-land-area-ratio,NEUTRAL,検出 - インデックス未登録,INDEXING_STATE_UNSPECIFIED,ROBOTS_TXT_STATE_UNSPECIFIED,,PAGE_FETCH_STATE_UNSPECIFIED,,,CRAWLING_USER_AGENT_UNSPECIFIED,3
https://stats47.jp/ranking/day-time-population,NEUTRAL,検出 - インデックス未登録,INDEXING_STATE_UNSPECIFIED,ROBOTS_TXT_STATE_UNSPECIFIED,,PAGE_FETCH_STATE_UNSPECIFIED,,,CRAWLING_USER_AGENT_UNSPECIFIED,3
https://stats47.jp/ranking/day-time-population-ratio,NEUTRAL,検出 - インデックス未登録,INDEXING_STATE_UNSPECIFIED,ROBOTS_TXT_STATE_UNSPECIFIED,,PAGE_FETCH_STATE_UNSPECIFIED,,,CRAWLING_USER_AGENT_UNSPECIFIED,2
https://stats47.jp/ranking/deaths-cerebrovascular-disease-per-100k,NEUTRAL,検出 - インデックス未登録,INDEXING_STATE_UNSPECIFIED,ROBOTS_TXT_STATE_UNSPECIFIED,,PAGE_FETCH_STATE_UNSPECIFIED,,,CRAWLING_USER_AGENT_UNSPECIFIED,3
https://stats47.jp/ranking/deaths-diabetes-per-100k,NEUTRAL,検出 - インデックス未登録,INDEXING_STATE_UNSPECIFIED,ROBOTS_TXT_STATE_UNSPECIFIED,,PAGE_FETCH_STATE_UNSPECIFIED,,,CRAWLING_USER_AGENT_UNSPECIFIED,3
https://stats47.jp/ranking/deaths-heart-disease-excl-hypertensive-per-100k,NEUTRAL,URL が Google に認識されていません,INDEXING_STATE_UNSPECIFIED,ROBOTS_TXT_STATE_UNSPECIFIED,,PAGE_FETCH_STATE_UNSPECIFIED,,,,0
https://stats47.jp/ranking/deaths-hypertensive-diseases-per-100k,NEUTRAL,検出 - インデックス未登録,INDEXING_STATE_UNSPECIFIED,ROBOTS_TXT_STATE_UNSPECIFIED,,PAGE_FETCH_STATE_UNSPECIFIED,,,CRAWLING_USER_AGENT_UNSPECIFIED,3
https://stats47.jp/ranking/deaths-malignant-neoplasms-per-100k,PASS,送信して登録されました,INDEXING_ALLOWED,ALLOWED,2026-10-04T18:42:33Z,SUCCESSFUL,https://stats47.jp/ranking/deaths-malignant-neoplasms-per-100k,,MOBILE,3
https://stats47.jp/ranking/densely-inhabited-district-population,NEUTRAL,URL が Google に認識されていません,INDEXING_STATE_UNSPECIFIED,ROBOTS_TXT_STATE_UNSPECIFIED,,PAGE_FETCH_STATE_UNSPECIFIED,,,,0
https://stats47.jp/ranking/densely-inhabited-district-population-density,NEUTRAL,URL が Google に認識されていません,INDEXING_STATE_UNSPECIFIED,ROBOTS_TXT_STATE_UNSPECIFIED,,PAGE_FETCH_STATE_UNSPECIFIED,,,,0
https://stats47.jp/ranking/densely-inhabited-district-population-ratio,NEUTRAL,検出 - インデックス未登録,INDEXING_STATE_UNSPECIFIED,ROBOTS_TXT_STATE_UNSPECIFIED,,PAGE_FETCH_STATE_UNSPECIFIED,,,CRAWLING_USER_AGENT_UNSPECIFIED,3
https://stats47.jp/ranking/densely-populated-area-ratio,NEUTRAL,検出 - インデックス未登録,INDEXING_STATE_UNSPECIFIED,ROBOTS_TXT_STATE_UNSPECIFIED,,PAGE_FETCH_STATE_UNSPECIFIED,,,CRAWLING_USER_AGENT_UNSPECIFIED,2
https://stats47.jp/ranking/dental-clinic-count-per-100km2,NEUTRAL,URL が Google に認識されていません,INDEXING_STATE_UNSPECIFIED,ROBOTS_TXT_STATE_UNSPECIFIED,,PAGE_FETCH_STATE_UNSPECIFIED,,,,0
https://stats47.jp/blog/roadside-station-count-prefecture-gap,PASS,送信して登録されました,INDEXING_ALLOWED,ALLOWED,2026-10-02T00:05:27Z,SUCCESSFUL,https://stats47.jp/blog/roadside-station-count-prefecture-gap,https://stats47.jp/blog/roadside-station-count-prefecture-gap,MOBILE,3
https://stats47.jp/ranking/avg-height-high-school-2nd-male,PASS,送信して登録されました,INDEXING_ALLOWED,ALLOWED,2026-10-04T15:32:08Z,SUCCESSFUL,https://stats47.jp/ranking/avg-height-high-school-2nd-male,,MOBILE,4
https://stats47.jp/blog/precipitation-snow-regional-gap,PASS,送信して登録されました,INDEXING_ALLOWED,ALLOWED,2026-10-02T14:32:33Z,SUCCESSFUL,https://stats47.jp/blog/precipitation-snow-regional-gap,https://stats47.jp/blog/precipitation-snow-regional-gap,MOBILE,2
https://stats47.jp/ranking/public-phone-count,PASS,送信して登録されました,INDEXING_ALLOWED,ALLOWED,2026-10-04T13:33:58Z,SUCCESSFUL,https://stats47.jp/ranking/public-phone-count,,MOBILE,2
https://stats47.jp/blog/rice-harvest-volume-prefecture-gap,PASS,送信して登録されました,INDEXING_ALLOWED,ALLOWED,2026-10-03T03:15:09Z,SUCCESSFUL,https://stats47.jp/blog/rice-harvest-volume-prefecture-gap,https://stats47.jp/blog/rice-harvest-volume-prefecture-gap,MOBILE,2
https://stats47.jp/blog/livable-prefecture-composite-ranking,PASS,送信して登録されました,INDEXING_ALLOWED,ALLOWED,2026-10-02T23:24:29Z,SUCCESSFUL,https://stats47.jp/blog/livable-prefecture-composite-ranking,https://stats47.jp/blog/livable-prefecture-composite-ranking,MOBILE,2
https://stats47.jp/blog/bonito-catch-prefecture,PASS,送信して登録されました,INDEXING_ALLOWED,ALLOWED,2026-10-04T22:10:14Z,SUCCESSFUL,https://stats47.jp/blog/bonito-catch-prefecture,https://stats47.jp/blog/bonito-catch-prefecture,MOBILE,1
https://stats47.jp/blog/avg-height-high-school-2nd-male,PASS,送信して登録されました,INDEXING_ALLOWED,ALLOWED,2026-10-03T02:35:06Z,SUCCESSFUL,https://stats47.jp/blog/avg-height-high-school-2nd-male,https://stats47.jp/blog/avg-height-high-school-2nd-male,MOBILE,3
https://stats47.jp/blog/foreign-residents-diversity-map,PASS,送信して登録されました,INDEXING_ALLOWED,ALLOWED,2026-10-04T12:52:19Z,SUCCESSFUL,https://stats47.jp/blog/foreign-residents-diversity-map,https://stats47.jp/blog/foreign-residents-diversity-map,MOBILE,1
https://stats47.jp/blog/public-phone-count,PASS,送信して登録されました,INDEXING_ALLOWED,ALLOWED,2026-10-01T16:50:09Z,SUCCESSFUL,https://stats47.jp/blog/public-phone-count,https://stats47.jp/blog/public-phone-count,MOBILE,3
https://stats47.jp/blog/automotive-industry-transformation-map,PASS,送信して登録されました,INDEXING_ALLOWED,ALLOWED,2026-09-30T11:33:58Z,SUCCESSFUL,https://stats47.jp/blog/automotive-industry-transformation-map,https://stats47.jp/blog/automotive-industry-transformation-map,MOBILE,2
https://stats47.jp/blog/convenience-store-density-map,PASS,送信して登録されました,INDEXING_ALLOWED,ALLOWED,2026-10-04T14:41:59Z,SUCCESSFUL,https://stats47.jp/blog/convenience-store-density-map,https://stats47.jp/blog/convenience-store-density-map,MOBILE,2
https://stats47.jp/blog/health-life-expectancy-structure,PASS,送信して登録されました,INDEXING_ALLOWED,ALLOWED,2026-09-27T20:50:40Z,SUCCESSFUL,https://stats47.jp/blog/health-life-expectancy-structure,https://stats47.jp/blog/health-life-expectancy-structure,MOBILE,3
https://stats47.jp/blog/manufacturing-aichi-dominance,PASS,送信して登録されました,INDEXING_ALLOWED,ALLOWED,2026-10-04T12:21:33Z,SUCCESSFUL,https://stats47.jp/blog/manufacturing-aichi-dominance,https://stats47.jp/blog/manufacturing-aichi-dominance,MOBILE,1
https://stats47.jp/blog/local-government-debt-burden,PASS,送信して登録されました,INDEXING_ALLOWED,ALLOWED,2026-10-04T06:36:49Z,SUCCESSFUL,https://stats47.jp/blog/local-government-debt-burden,https://stats47.jp/blog/local-government-debt-burden,MOBILE,1
https://stats47.jp/ranking/annual-sunshine-duration,PASS,送信して登録されました,INDEXING_ALLOWED,ALLOWED,2026-10-02T05:15:20Z,SUCCESSFUL,https://stats47.jp/ranking/annual-sunshine-duration,,MOBILE,3
https://stats47.jp/ranking/convenience-store-count-commercial,PASS,送信して登録されました,INDEXING_ALLOWED,ALLOWED,2026-10-04T11:59:57Z,SUCCESSFUL,https://stats47.jp/ranking/convenience-store-count-commercial,,MOBILE,3
https://stats47.jp/blog/academic-achievement-test-prefecture-ranking,PASS,送信して登録されました,INDEXING_ALLOWED,ALLOWED,2026-09-30T18:03:37Z,SUCCESSFUL,https://stats47.jp/blog/academic-achievement-test-prefecture-ranking,https://stats47.jp/blog/academic-achievement-test-prefecture-ranking,MOBILE,3
https://stats47.jp/blog/noodle-consumption-prefecture-character,PASS,送信して登録されました,INDEXING_ALLOWED,ALLOWED,2026-10-04T01:14:37Z,SUCCESSFUL,https://stats47.jp/blog/noodle-consumption-prefecture-character,https://stats47.jp/blog/noodle-consumption-prefecture-character,MOBILE,1
https://stats47.jp/ranking/pachinko-shop-density-per-10k,PASS,送信して登録されました,INDEXING_ALLOWED,ALLOWED,2026-10-04T14:11:21Z,SUCCESSFUL,https://stats47.jp/ranking/pachinko-shop-density-per-10k,https://stats47.jp/ranking/pachinko-shop-density-per-10k,MOBILE,1
https://stats47.jp/ranking/natto-consumption-expenditure,PASS,送信して登録されました,INDEXING_ALLOWED,ALLOWED,2026-10-02T18:17:02Z,SUCCESSFUL,https://stats47.jp/ranking/natto-consumption-expenditure,,MOBILE,2
https://stats47.jp/blog/fishery-catch-aquaculture-shift,PASS,送信して登録されました,INDEXING_ALLOWED,ALLOWED,2026-10-02T04:57:43Z,SUCCESSFUL,https://stats47.jp/blog/fishery-catch-aquaculture-shift,https://stats47.jp/blog/fishery-catch-aquaculture-shift,MOBILE,2
https://stats47.jp/blog/prefectural-income-gdp-ranking,PASS,送信して登録されました,INDEXING_ALLOWED,ALLOWED,2026-10-03T01:01:54Z,SUCCESSFUL,https://stats47.jp/blog/prefectural-income-gdp-ranking,https://stats47.jp/blog/prefectural-income-gdp-ranking,MOBILE,3
https://stats47.jp/blog/manufacturing-productivity,PASS,送信して登録されました,INDEXING_ALLOWED,ALLOWED,2026-10-02T13:55:16Z,SUCCESSFUL,https://stats47.jp/blog/manufacturing-productivity,https://stats47.jp/blog/manufacturing-productivity,MOBILE,1
https://stats47.jp/blog/rice-consumption-quantity-ranking,PASS,送信して登録されました,INDEXING_ALLOWED,ALLOWED,2026-10-04T00:59:46Z,SUCCESSFUL,https://stats47.jp/blog/rice-consumption-quantity-ranking,https://stats47.jp/blog/rice-consumption-quantity-ranking,MOBILE,1
https://stats47.jp/,PASS,送信して登録されました,INDEXING_ALLOWED,ALLOWED,2026-10-04T13:51:27Z,SUCCESSFUL,https://stats47.jp/,https://stats47.jp/,MOBILE,2
https://stats47.jp/blog/childcare-friendly-prefecture-ranking,PASS,送信して登録されました,INDEXING_ALLOWED,ALLOWED,2026-10-04T12:00:03Z,SUCCESSFUL,https://stats47.jp/blog/childcare-friendly-prefecture-ranking,https://stats47.jp/blog/childcare-friendly-prefecture-ranking,MOBILE,2
https://stats47.jp/blog/habitable-area-land-use,PASS,送信して登録されました,INDEXING_ALLOWED,ALLOWED,2026-10-02T12:08:03Z,SUCCESSFUL,https://stats47.jp/blog/habitable-area-land-use,https://stats47.jp/blog/habitable-area-land-use,MOBILE,1
https://stats47.jp/blog/high-school-teacher-salary-prefecture-gap,PASS,送信して登録されました,INDEXING_ALLOWED,ALLOWED,2026-10-01T19:59:11Z,SUCCESSFUL,https://stats47.jp/blog/high-school-teacher-salary-prefecture-gap,https://stats47.jp/blog/high-school-teacher-salary-prefecture-gap,MOBILE,2
https://stats47.jp/blog/alcohol-prefecture-map,PASS,送信して登録されました,INDEXING_ALLOWED,ALLOWED,2026-10-04T23:07:18Z,SUCCESSFUL,https://stats47.jp/blog/alcohol-prefecture-map,https://stats47.jp/blog/alcohol-prefecture-map,MOBILE,1
https://stats47.jp/blog/municipality-count-prefecture-gap,PASS,送信して登録されました,INDEXING_ALLOWED,ALLOWED,2026-09-18T13:18:18Z,SUCCESSFUL,https://stats47.jp/blog/municipality-count-prefecture-gap,https://stats47.jp/blog/municipality-count-prefecture-gap,MOBILE,1
https://stats47.jp/ranking/elementary-school-children-count,PASS,送信して登録されました,INDEXING_ALLOWED,ALLOWED,2026-10-01T17:20:09Z,SUCCESSFUL,https://stats47.jp/ranking/elementary-school-children-count,,MOBILE,3
https://stats47.jp/blog/aging-solo-living-crisis,PASS,送信して登録されました,INDEXING_ALLOWED,ALLOWED,2026-10-03T02:47:46Z,SUCCESSFUL,https://stats47.jp/blog/aging-solo-living-crisis,https://stats47.jp/blog/aging-solo-living-crisis,MOBILE,2
https://stats47.jp/survey/census,PASS,送信して登録されました,INDEXING_ALLOWED,ALLOWED,2026-09-16T23:13:00Z,SUCCESSFUL,https://stats47.jp/survey/census,https://stats47.jp/survey/census,MOBILE,3
https://stats47.jp/ranking/icecream-consumption-expenditure,PASS,送信して登録されました,INDEXING_ALLOWED,ALLOWED,2026-10-03T02:40:11Z,SUCCESSFUL,https://stats47.jp/ranking/icecream-consumption-expenditure,,MOBILE,3
https://stats47.jp/blog/chicken-consumption-quantity,PASS,送信して登録されました,INDEXING_ALLOWED,ALLOWED,2026-10-01T14:12:27Z,SUCCESSFUL,https://stats47.jp/blog/chicken-consumption-quantity,https://stats47.jp/blog/chicken-consumption-quantity,MOBILE,0
https://stats47.jp/ranking/rice-consumption-quantity,PASS,送信して登録されました,INDEXING_ALLOWED,ALLOWED,2026-10-03T14:56:42Z,SUCCESSFUL,https://stats47.jp/ranking/rice-consumption-quantity,,MOBILE,3
https://stats47.jp/blog/fertility-rate-prefecture-gap,PASS,送信して登録されました,INDEXING_ALLOWED,ALLOWED,2026-09-27T11:45:29Z,SUCCESSFUL,https://stats47.jp/blog/fertility-rate-prefecture-gap,https://stats47.jp/blog/fertility-rate-prefecture-gap,MOBILE,1
https://stats47.jp/blog/temperature-extremes-map,PASS,送信して登録されました,INDEXING_ALLOWED,ALLOWED,2026-10-02T01:21:27Z,SUCCESSFUL,https://stats47.jp/blog/temperature-extremes-map,https://stats47.jp/blog/temperature-extremes-map,MOBILE,2
https://stats47.jp/ranking/average-height-primary-school-fifth-grade-male,PASS,送信して登録されました,INDEXING_ALLOWED,ALLOWED,2026-10-04T02:27:07Z,SUCCESSFUL,https://stats47.jp/ranking/average-height-primary-school-fifth-grade-male,,MOBILE,3
https://stats47.jp/blog/distinctive-place-name-kanji-by-prefecture,PASS,送信して登録されました,INDEXING_ALLOWED,ALLOWED,2026-10-01T14:01:19Z,SUCCESSFUL,https://stats47.jp/blog/distinctive-place-name-kanji-by-prefecture,https://stats47.jp/blog/distinctive-place-name-kanji-by-prefecture,MOBILE,3
https://stats47.jp/blog/households-on-public-assistance-per-1000-prefecture-gap,PASS,送信して登録されました,INDEXING_ALLOWED,ALLOWED,2026-08-30T12:42:06Z,SUCCESSFUL,https://stats47.jp/blog/households-on-public-assistance-per-1000-prefecture-gap,https://stats47.jp/blog/households-on-public-assistance-per-1000-prefecture-gap,MOBILE,0
https://stats47.jp/ranking/food-self-sufficiency-rate-calorie,PASS,送信して登録されました,INDEXING_ALLOWED,ALLOWED,2026-10-04T01:12:26Z,SUCCESSFUL,https://stats47.jp/ranking/food-self-sufficiency-rate-calorie,,MOBILE,2
https://stats47.jp/blog/suicide-rate-aging-nexus,PASS,送信して登録されました,INDEXING_ALLOWED,ALLOWED,2026-08-25T18:49:39Z,SUCCESSFUL,https://stats47.jp/blog/suicide-rate-aging-nexus,https://stats47.jp/blog/suicide-rate-aging-nexus,MOBILE,1
https://stats47.jp/blog/local-tax-revenue-gap,PASS,送信して登録されました,INDEXING_ALLOWED,ALLOWED,2026-10-01T01:15:43Z,SUCCESSFUL,https://stats47.jp/blog/local-tax-revenue-gap,https://stats47.jp/blog/local-tax-revenue-gap,MOBILE,1
https://stats47.jp/blog/frozen-gyoza-spending-prefecture-gap,PASS,送信して登録されました,INDEXING_ALLOWED,ALLOWED,2026-09-11T21:02:17Z,SUCCESSFUL,https://stats47.jp/blog/frozen-gyoza-spending-prefecture-gap,https://stats47.jp/blog/frozen-gyoza-spending-prefecture-gap,MOBILE,0
https://stats47.jp/blog/future-population-tokyo-paradox,PASS,送信して登録されました,INDEXING_ALLOWED,ALLOWED,2026-10-03T03:21:17Z,SUCCESSFUL,https://stats47.jp/blog/future-population-tokyo-paradox,https://stats47.jp/blog/future-population-tokyo-paradox,MOBILE,2
https://stats47.jp/blog/farmland-crisis-abandoned-land,PASS,送信して登録されました,INDEXING_ALLOWED,ALLOWED,2026-10-03T03:33:49Z,SUCCESSFUL,https://stats47.jp/blog/farmland-crisis-abandoned-land,https://stats47.jp/blog/farmland-crisis-abandoned-land,MOBILE,2
https://stats47.jp/blog/sports-urban-paradox,PASS,送信して登録されました,INDEXING_ALLOWED,ALLOWED,2026-09-29T13:06:45Z,SUCCESSFUL,https://stats47.jp/blog/sports-urban-paradox,https://stats47.jp/blog/sports-urban-paradox,MOBILE,2
https://stats47.jp/ranking/tuna-consumption-quantity,PASS,送信して登録されました,INDEXING_ALLOWED,ALLOWED,2026-10-01T18:03:24Z,SUCCESSFUL,https://stats47.jp/ranking/tuna-consumption-quantity,,MOBILE,2
https://stats47.jp/blog/konbu-consumption-prefecture-gap,PASS,送信して登録されました,INDEXING_ALLOWED,ALLOWED,2026-10-03T03:43:51Z,SUCCESSFUL,https://stats47.jp/blog/konbu-consumption-prefecture-gap,https://stats47.jp/blog/konbu-consumption-prefecture-gap,MOBILE,2
https://stats47.jp/blog/marriage-unmarried-crisis,PASS,送信して登録されました,INDEXING_ALLOWED,ALLOWED,2026-10-01T05:25:32Z,SUCCESSFUL,https://stats47.jp/blog/marriage-unmarried-crisis,https://stats47.jp/blog/marriage-unmarried-crisis,MOBILE,1
https://stats47.jp/blog/household-spending-prefecture-gap,PASS,送信して登録されました,INDEXING_ALLOWED,ALLOWED,2026-09-27T16:57:26Z,SUCCESSFUL,https://stats47.jp/blog/household-spending-prefecture-gap,https://stats47.jp/blog/household-spending-prefecture-gap,MOBILE,2
https://stats47.jp/blog/unemployment-structure,PASS,送信して登録されました,INDEXING_ALLOWED,ALLOWED,2026-09-29T10:20:08Z,SUCCESSFUL,https://stats47.jp/blog/unemployment-structure,https://stats47.jp/blog/unemployment-structure,MOBILE,1
https://stats47.jp/blog/home-ownership-rate-ranking,PASS,送信して登録されました,INDEXING_ALLOWED,ALLOWED,2026-09-30T11:52:45Z,SUCCESSFUL,https://stats47.jp/blog/home-ownership-rate-ranking,https://stats47.jp/blog/home-ownership-rate-ranking,MOBILE,3
https://stats47.jp/ranking/other-bread-consumption-quantity,PASS,送信して登録されました,INDEXING_ALLOWED,ALLOWED,2026-09-30T23:05:52Z,SUCCESSFUL,https://stats47.jp/ranking/other-bread-consumption-quantity,,MOBILE,2
https://stats47.jp/blog/sunshine-pacific-vs-nihonkai,PASS,送信して登録されました,INDEXING_ALLOWED,ALLOWED,2026-10-01T12:57:40Z,SUCCESSFUL,https://stats47.jp/blog/sunshine-pacific-vs-nihonkai,https://stats47.jp/blog/sunshine-pacific-vs-nihonkai,MOBILE,2
https://stats47.jp/municipalities/ranking/manufacturing-shipment-amount,PASS,送信して登録されました,INDEXING_ALLOWED,ALLOWED,2026-09-27T13:50:58Z,SUCCESSFUL,https://stats47.jp/municipalities/ranking/manufacturing-shipment-amount,https://stats47.jp/municipalities/ranking/manufacturing-shipment-amount,MOBILE,0
https://stats47.jp/themes/aging-society,PASS,送信して登録されました,INDEXING_ALLOWED,ALLOWED,2026-10-03T02:42:19Z,SUCCESSFUL,https://stats47.jp/themes/aging-society,https://stats47.jp/themes/aging-society,MOBILE,3
https://stats47.jp/blog/household-structure-transformation,PASS,送信して登録されました,INDEXING_ALLOWED,ALLOWED,2026-09-30T12:20:04Z,SUCCESSFUL,https://stats47.jp/blog/household-structure-transformation,https://stats47.jp/blog/household-structure-transformation,MOBILE,2
https://stats47.jp/ranking/local-allocation-tax-prefecture,PASS,送信して登録されました,INDEXING_ALLOWED,ALLOWED,2026-09-30T23:14:42Z,SUCCESSFUL,https://stats47.jp/ranking/local-allocation-tax-prefecture,,MOBILE,2
https://stats47.jp/blog/police-officer-density-vs-crime-gap,PASS,送信して登録されました,INDEXING_ALLOWED,ALLOWED,2026-10-04T12:48:32Z,SUCCESSFUL,https://stats47.jp/blog/police-officer-density-vs-crime-gap,https://stats47.jp/blog/police-officer-density-vs-crime-gap,MOBILE,2
https://stats47.jp/blog/population-density-urbanization,PASS,送信して登録されました,INDEXING_ALLOWED,ALLOWED,2026-10-01T11:18:45Z,SUCCESSFUL,https://stats47.jp/blog/population-density-urbanization,https://stats47.jp/blog/population-density-urbanization,MOBILE,1
https://stats47.jp/ranking/beef-consumption-quantity,PASS,送信して登録されました,INDEXING_ALLOWED,ALLOWED,2026-10-01T03:46:36Z,SUCCESSFUL,https://stats47.jp/ranking/beef-consumption-quantity,,MOBILE,3
https://stats47.jp/blog/food-consumption-prefecture-battle,PASS,送信して登録されました,INDEXING_ALLOWED,ALLOWED,2026-09-29T20:32:44Z,SUCCESSFUL,https://stats47.jp/blog/food-consumption-prefecture-battle,https://stats47.jp/blog/food-consumption-prefecture-battle,MOBILE,1
https://stats47.jp/blog/fiscal-self-reliance-gap,PASS,送信して登録されました,INDEXING_ALLOWED,ALLOWED,2026-10-03T02:46:35Z,SUCCESSFUL,https://stats47.jp/blog/fiscal-self-reliance-gap,https://stats47.jp/blog/fiscal-self-reliance-gap,MOBILE,1
https://stats47.jp/blog/semiconductor-electronics-regional-map,PASS,送信して登録されました,INDEXING_ALLOWED,ALLOWED,2026-10-01T04:58:14Z,SUCCESSFUL,https://stats47.jp/blog/semiconductor-electronics-regional-map,https://stats47.jp/blog/semiconductor-electronics-regional-map,MOBILE,2
https://stats47.jp/ranking/dual-income-household-ratio,PASS,送信して登録されました,INDEXING_ALLOWED,ALLOWED,2026-10-01T05:12:45Z,SUCCESSFUL,https://stats47.jp/ranking/dual-income-household-ratio,,MOBILE,2
https://stats47.jp/blog/airport-count-prefecture-gap,PASS,送信して登録されました,INDEXING_ALLOWED,ALLOWED,2026-09-17T07:56:30Z,SUCCESSFUL,https://stats47.jp/blog/airport-count-prefecture-gap,https://stats47.jp/blog/airport-count-prefecture-gap,MOBILE,3
https://stats47.jp/ranking/national-treasury-disbursement-prefecture,PASS,送信して登録されました,INDEXING_ALLOWED,ALLOWED,2026-09-30T23:03:38Z,SUCCESSFUL,https://stats47.jp/ranking/national-treasury-disbursement-prefecture,,MOBILE,3
https://stats47.jp/blog/prefecture-population-city-concentration,PASS,送信して登録されました,INDEXING_ALLOWED,ALLOWED,2026-10-01T06:00:09Z,SUCCESSFUL,https://stats47.jp/blog/prefecture-population-city-concentration,https://stats47.jp/blog/prefecture-population-city-concentration,MOBILE,2
https://stats47.jp/blog/annual-sunshine-duration-prefecture-gap,PASS,送信して登録されました,INDEXING_ALLOWED,ALLOWED,2026-10-02T04:55:40Z,SUCCESSFUL,https://stats47.jp/blog/annual-sunshine-duration-prefecture-gap,https://stats47.jp/blog/annual-sunshine-duration-prefecture-gap,MOBILE,0
https://stats47.jp/blog/curry-roux-consumption-gap,PASS,送信して登録されました,INDEXING_ALLOWED,ALLOWED,2026-10-02T14:22:21Z,SUCCESSFUL,https://stats47.jp/blog/curry-roux-consumption-gap,https://stats47.jp/blog/curry-roux-consumption-gap,MOBILE,0
https://stats47.jp/ranking/coffee-consumption-quantity,PASS,送信して登録されました,INDEXING_ALLOWED,ALLOWED,2026-10-01T19:32:05Z,SUCCESSFUL,https://stats47.jp/ranking/coffee-consumption-quantity,,MOBILE,1
https://stats47.jp/blog/wheat-flour-consumption-prefecture,PASS,送信して登録されました,INDEXING_ALLOWED,ALLOWED,2026-10-04T12:58:44Z,SUCCESSFUL,https://stats47.jp/blog/wheat-flour-consumption-prefecture,https://stats47.jp/blog/wheat-flour-consumption-prefecture,MOBILE,1
https://stats47.jp/ranking/fishery-workers,PASS,送信して登録されました,INDEXING_ALLOWED,ALLOWED,2026-10-04T07:41:44Z,SUCCESSFUL,https://stats47.jp/ranking/fishery-workers,,MOBILE,3
https://stats47.jp/ranking/cup-noodles-consumption-expenditure,PASS,送信して登録されました,INDEXING_ALLOWED,ALLOWED,2026-10-01T18:19:37Z,SUCCESSFUL,https://stats47.jp/ranking/cup-noodles-consumption-expenditure,,MOBILE,3
https://stats47.jp/ranking/flood-affected-rivers,PASS,送信して登録されました,INDEXING_ALLOWED,ALLOWED,2026-09-28T18:54:36Z,SUCCESSFUL,https://stats47.jp/ranking/flood-affected-rivers,,MOBILE,2
https://stats47.jp/ranking/grilled-eel-consumption-expenditure,PASS,送信して登録されました,INDEXING_ALLOWED,ALLOWED,2026-10-01T03:36:26Z,SUCCESSFUL,https://stats47.jp/ranking/grilled-eel-consumption-expenditure,,MOBILE,2
https://stats47.jp/ranking/soba-udon-dining-consumption-expenditure,PASS,送信して登録されました,INDEXING_ALLOWED,ALLOWED,2026-09-30T20:53:03Z,SUCCESSFUL,https://stats47.jp/ranking/soba-udon-dining-consumption-expenditure,,MOBILE,3
https://stats47.jp/ranking/school-teacher-annual-income,PASS,送信して登録されました,INDEXING_ALLOWED,ALLOWED,2026-10-02T03:17:40Z,SUCCESSFUL,https://stats47.jp/ranking/school-teacher-annual-income,,MOBILE,2
https://stats47.jp/blog/wind-power-capacity-prefecture-gap,PASS,送信して登録されました,INDEXING_ALLOWED,ALLOWED,2026-10-03T02:36:26Z,SUCCESSFUL,https://stats47.jp/blog/wind-power-capacity-prefecture-gap,https://stats47.jp/blog/wind-power-capacity-prefecture-gap,MOBILE,1
https://stats47.jp/ranking/pork-consumption-quantity,PASS,送信して登録されました,INDEXING_ALLOWED,ALLOWED,2026-10-03T03:14:14Z,SUCCESSFUL,https://stats47.jp/ranking/pork-consumption-quantity,https://stats47.jp/ranking/pork-consumption-quantity,MOBILE,2
https://stats47.jp/ranking/bonito-consumption-quantity,PASS,送信して登録されました,INDEXING_ALLOWED,ALLOWED,2026-10-01T18:46:54Z,SUCCESSFUL,https://stats47.jp/ranking/bonito-consumption-quantity,,MOBILE,2
https://stats47.jp/ranking/treatment-rate-hypertension-outpatient,PASS,送信して登録されました,INDEXING_ALLOWED,ALLOWED,2026-10-02T01:39:51Z,SUCCESSFUL,https://stats47.jp/ranking/treatment-rate-hypertension-outpatient,,MOBILE,3
https://stats47.jp/blog/real-income-taxpayer,PASS,送信して登録されました,INDEXING_ALLOWED,ALLOWED,2026-10-04T07:49:55Z,SUCCESSFUL,https://stats47.jp/blog/real-income-taxpayer,https://stats47.jp/blog/real-income-taxpayer,MOBILE,0
https://stats47.jp/blog/konbu-consumption-quantity,PASS,送信して登録されました,INDEXING_ALLOWED,ALLOWED,2026-09-30T13:28:44Z,SUCCESSFUL,https://stats47.jp/blog/konbu-consumption-quantity,https://stats47.jp/blog/konbu-consumption-quantity,MOBILE,0
https://stats47.jp/blog/urban-parks-green-infrastructure,PASS,送信して登録されました,INDEXING_ALLOWED,ALLOWED,2026-10-02T22:44:13Z,SUCCESSFUL,https://stats47.jp/blog/urban-parks-green-infrastructure,https://stats47.jp/blog/urban-parks-green-infrastructure,MOBILE,2
https://stats47.jp/blog/chocolate-expenditure-ranking,PASS,送信して登録されました,INDEXING_ALLOWED,ALLOWED,2026-10-03T05:02:01Z,SUCCESSFUL,https://stats47.jp/blog/chocolate-expenditure-ranking,https://stats47.jp/blog/chocolate-expenditure-ranking,MOBILE,1
https://stats47.jp/blog/sake-consumption-prefecture-gap,PASS,送信して登録されました,INDEXING_ALLOWED,ALLOWED,2026-10-02T23:11:05Z,SUCCESSFUL,https://stats47.jp/blog/sake-consumption-prefecture-gap,https://stats47.jp/blog/sake-consumption-prefecture-gap,MOBILE,2
https://stats47.jp/blog/konnyaku-expenditure-ranking,PASS,送信して登録されました,INDEXING_ALLOWED,ALLOWED,2026-10-02T02:36:32Z,SUCCESSFUL,https://stats47.jp/blog/konnyaku-expenditure-ranking,https://stats47.jp/blog/konnyaku-expenditure-ranking,MOBILE,1
https://stats47.jp/blog/tofu-consumption-prefecture-gap,PASS,送信して登録されました,INDEXING_ALLOWED,ALLOWED,2026-10-03T01:00:23Z,SUCCESSFUL,https://stats47.jp/blog/tofu-consumption-prefecture-gap,https://stats47.jp/blog/tofu-consumption-prefecture-gap,MOBILE,0
https://stats47.jp/ranking/physical-disability-certificates-issued,PASS,送信して登録されました,INDEXING_ALLOWED,ALLOWED,2026-10-03T03:40:50Z,SUCCESSFUL,https://stats47.jp/ranking/physical-disability-certificates-issued,,MOBILE,2
https://stats47.jp/ranking/designated-difficult-disease,PASS,送信して登録されました,INDEXING_ALLOWED,ALLOWED,2026-10-01T07:18:25Z,SUCCESSFUL,https://stats47.jp/ranking/designated-difficult-disease,,MOBILE,3
https://stats47.jp/blog/abortion-rate-prefecture-gap,PASS,送信して登録されました,INDEXING_ALLOWED,ALLOWED,2026-10-03T17:56:35Z,SUCCESSFUL,https://stats47.jp/blog/abortion-rate-prefecture-gap,https://stats47.jp/blog/abortion-rate-prefecture-gap,MOBILE,3
https://stats47.jp/blog/mochi-consumption-prefecture-gap,PASS,送信して登録されました,INDEXING_ALLOWED,ALLOWED,2026-10-04T12:37:29Z,SUCCESSFUL,https://stats47.jp/blog/mochi-consumption-prefecture-gap,https://stats47.jp/blog/mochi-consumption-prefecture-gap,MOBILE,1
https://stats47.jp/blog/energy-infrastructure-gas-electricity,PASS,送信して登録されました,INDEXING_ALLOWED,ALLOWED,2026-10-04T03:50:05Z,SUCCESSFUL,https://stats47.jp/blog/energy-infrastructure-gas-electricity,https://stats47.jp/blog/energy-infrastructure-gas-electricity,MOBILE,4
https://stats47.jp/blog/university-advancement-capacity,PASS,送信して登録されました,INDEXING_ALLOWED,ALLOWED,2026-10-03T16:43:26Z,SUCCESSFUL,https://stats47.jp/blog/university-advancement-capacity,https://stats47.jp/blog/university-advancement-capacity,MOBILE,2
https://stats47.jp/blog/price-index-high-low-prefecture,PASS,送信して登録されました,INDEXING_ALLOWED,ALLOWED,2026-10-01T15:25:52Z,SUCCESSFUL,https://stats47.jp/blog/price-index-high-low-prefecture,https://stats47.jp/blog/price-index-high-low-prefecture,MOBILE,1
https://stats47.jp/blog/middle-school-height-east-west-puzzle,PASS,送信して登録されました,INDEXING_ALLOWED,ALLOWED,2026-09-30T06:19:48Z,SUCCESSFUL,https://stats47.jp/blog/middle-school-height-east-west-puzzle,https://stats47.jp/blog/middle-school-height-east-west-puzzle,MOBILE,1
https://stats47.jp/ranking/stillbirths-after-22-weeks,PASS,送信して登録されました,INDEXING_ALLOWED,ALLOWED,2026-10-04T15:28:15Z,SUCCESSFUL,https://stats47.jp/ranking/stillbirths-after-22-weeks,,MOBILE,4
https://stats47.jp/ranking/green-tea-consumption-quantity,PASS,送信して登録されました,INDEXING_ALLOWED,ALLOWED,2026-10-03T02:50:59Z,SUCCESSFUL,https://stats47.jp/ranking/green-tea-consumption-quantity,,MOBILE,2
https://stats47.jp/ranking/real-disposable-income,PASS,送信して登録されました,INDEXING_ALLOWED,ALLOWED,2026-09-28T19:18:31Z,SUCCESSFUL,https://stats47.jp/ranking/real-disposable-income,,MOBILE,2
https://stats47.jp/blog/development-history-place-name-map,PASS,送信して登録されました,INDEXING_ALLOWED,ALLOWED,2026-09-29T10:27:16Z,SUCCESSFUL,https://stats47.jp/blog/development-history-place-name-map,https://stats47.jp/blog/development-history-place-name-map,MOBILE,3
https://stats47.jp/ranking/katsuobushi-consumption-quantity,PASS,送信して登録されました,INDEXING_ALLOWED,ALLOWED,2026-10-02T14:49:14Z,SUCCESSFUL,https://stats47.jp/ranking/katsuobushi-consumption-quantity,,MOBILE,2
https://stats47.jp/ranking/post-office-count,PASS,送信して登録されました,INDEXING_ALLOWED,ALLOWED,2026-09-30T18:53:17Z,SUCCESSFUL,https://stats47.jp/ranking/post-office-count,,MOBILE,2
https://stats47.jp/ranking/tissue-paper-consumption-expenditure,PASS,送信して登録されました,INDEXING_ALLOWED,ALLOWED,2026-10-02T15:39:26Z,SUCCESSFUL,https://stats47.jp/ranking/tissue-paper-consumption-expenditure,,MOBILE,2
https://stats47.jp/blog/dining-out-expenditure-ranking,PASS,送信して登録されました,INDEXING_ALLOWED,ALLOWED,2026-10-03T03:36:40Z,SUCCESSFUL,https://stats47.jp/blog/dining-out-expenditure-ranking,https://stats47.jp/blog/dining-out-expenditure-ranking,MOBILE,2
https://stats47.jp/ranking/road-expressway-length,PASS,送信して登録されました,INDEXING_ALLOWED,ALLOWED,2026-10-01T11:47:24Z,SUCCESSFUL,https://stats47.jp/ranking/road-expressway-length,,MOBILE,2
https://stats47.jp/blog/park-green-space-gap,PASS,送信して登録されました,INDEXING_ALLOWED,ALLOWED,2026-09-30T06:13:05Z,SUCCESSFUL,https://stats47.jp/blog/park-green-space-gap,https://stats47.jp/blog/park-green-space-gap,MOBILE,1
https://stats47.jp/ranking/fishery-species-catch-pacific-saury,PASS,送信して登録されました,INDEXING_ALLOWED,ALLOWED,2026-10-04T08:14:28Z,SUCCESSFUL,https://stats47.jp/ranking/fishery-species-catch-pacific-saury,,MOBILE,3
https://stats47.jp/ranking/early-neonatal-deaths,PASS,送信して登録されました,INDEXING_ALLOWED,ALLOWED,2026-06-24T15:54:58Z,SUCCESSFUL,https://stats47.jp/ranking/early-neonatal-deaths,https://stats47.jp/ranking/early-neonatal-deaths,MOBILE,3
https://stats47.jp/blog/day-time-population-prefecture-gap,PASS,送信して登録されました,INDEXING_ALLOWED,ALLOWED,2026-08-29T12:45:48Z,SUCCESSFUL,https://stats47.jp/blog/day-time-population-prefecture-gap,https://stats47.jp/blog/day-time-population-prefecture-gap,MOBILE,0
https://stats47.jp/ranking/cup-noodles-consumption-quantity,PASS,送信して登録されました,INDEXING_ALLOWED,ALLOWED,2026-10-04T03:38:20Z,SUCCESSFUL,https://stats47.jp/ranking/cup-noodles-consumption-quantity,,MOBILE,2
https://stats47.jp/ranking/gasoline-consumption-quantity,PASS,送信して登録されました,INDEXING_ALLOWED,ALLOWED,2026-10-01T16:51:51Z,SUCCESSFUL,https://stats47.jp/ranking/gasoline-consumption-quantity,,MOBILE,2
https://stats47.jp/ranking/psychiatric-bed-count,PASS,送信して登録されました,INDEXING_ALLOWED,ALLOWED,2026-10-03T03:50:42Z,SUCCESSFUL,https://stats47.jp/ranking/psychiatric-bed-count,https://stats47.jp/ranking/psychiatric-bed-count,MOBILE,2
https://stats47.jp/ranking/fresh-udon-soba-consumption-quantity,PASS,送信して登録されました,INDEXING_ALLOWED,ALLOWED,2026-10-03T02:45:09Z,SUCCESSFUL,https://stats47.jp/ranking/fresh-udon-soba-consumption-quantity,,MOBILE,1
https://stats47.jp/ranking/nuclear-family-household-count,PASS,送信して登録されました,INDEXING_ALLOWED,ALLOWED,2026-09-25T15:16:45Z,SUCCESSFUL,https://stats47.jp/ranking/nuclear-family-household-count,,MOBILE,1
https://stats47.jp/ranking/dam-count,PASS,送信して登録されました,INDEXING_ALLOWED,ALLOWED,2026-07-04T00:51:51Z,SUCCESSFUL,https://stats47.jp/ranking/dam-count,https://stats47.jp/ranking/dam-count,MOBILE,1
https://stats47.jp/ranking/miso-consumption-quantity,PASS,送信して登録されました,INDEXING_ALLOWED,ALLOWED,2026-09-30T19:58:39Z,SUCCESSFUL,https://stats47.jp/ranking/miso-consumption-quantity,,MOBILE,2
https://stats47.jp/ranking/sole-proprietor-sales,PASS,送信して登録されました,INDEXING_ALLOWED,ALLOWED,2026-10-03T04:50:43Z,SUCCESSFUL,https://stats47.jp/ranking/sole-proprietor-sales,https://stats47.jp/ranking/sole-proprietor-sales,MOBILE,3
https://stats47.jp/ranking/fishery-species-catch-sardine,PASS,送信して登録されました,INDEXING_ALLOWED,ALLOWED,2026-09-29T12:58:35Z,SUCCESSFUL,https://stats47.jp/ranking/fishery-species-catch-sardine,,MOBILE,3
https://stats47.jp/blog/food-spending-pattern,PASS,送信して登録されました,INDEXING_ALLOWED,ALLOWED,2026-09-30T19:24:05Z,SUCCESSFUL,https://stats47.jp/blog/food-spending-pattern,https://stats47.jp/blog/food-spending-pattern,MOBILE,1
https://stats47.jp/blog/renewable-energy-regional-gap,PASS,送信して登録されました,INDEXING_ALLOWED,ALLOWED,2026-10-03T13:07:32Z,SUCCESSFUL,https://stats47.jp/blog/renewable-energy-regional-gap,https://stats47.jp/blog/renewable-energy-regional-gap,MOBILE,2
https://stats47.jp/ranking/retail-store-count,PASS,送信して登録されました,INDEXING_ALLOWED,ALLOWED,2026-10-01T08:31:49Z,SUCCESSFUL,https://stats47.jp/ranking/retail-store-count,,MOBILE,2
https://stats47.jp/about,PASS,送信して登録されました,INDEXING_ALLOWED,ALLOWED,2026-09-25T22:21:26Z,SUCCESSFUL,https://stats47.jp/about,https://stats47.jp/about,MOBILE,3
https://stats47.jp/themes,PASS,送信して登録されました,INDEXING_ALLOWED,ALLOWED,2026-09-27T01:14:43Z,SUCCESSFUL,https://stats47.jp/themes,https://stats47.jp/themes,MOBILE,2
https://stats47.jp/categories,NEUTRAL,URL が Google に認識されていません,INDEXING_STATE_UNSPECIFIED,ROBOTS_TXT_STATE_UNSPECIFIED,,PAGE_FETCH_STATE_UNSPECIFIED,,,,0
https://stats47.jp/areas,PASS,送信して登録されました,INDEXING_ALLOWED,ALLOWED,2026-10-02T07:46:10Z,SUCCESSFUL,https://stats47.jp/areas,https://stats47.jp/areas,MOBILE,2
https://stats47.jp/ranking,PASS,送信して登録されました,INDEXING_ALLOWED,ALLOWED,2026-09-30T05:05:28Z,SUCCESSFUL,https://stats47.jp/ranking,,MOBILE,4
https://stats47.jp/blog,PASS,送信して登録されました,INDEXING_ALLOWED,ALLOWED,2026-10-02T06:10:31Z,SUCCESSFUL,https://stats47.jp/blog,https://stats47.jp/blog,MOBILE,10
https://stats47.jp/search,NEUTRAL,noindex タグによって除外されました,BLOCKED_BY_META_TAG,ALLOWED,2026-06-24T01:25:49Z,SUCCESSFUL,https://stats47.jp/search,https://stats47.jp/search,MOBILE,3
https://stats47.jp/areas/01000,PASS,送信して登録されました,INDEXING_ALLOWED,ALLOWED,2026-10-01T11:01:40Z,SUCCESSFUL,https://stats47.jp/areas/01000,,MOBILE,2
https://stats47.jp/areas/02000,PASS,送信して登録されました,INDEXING_ALLOWED,ALLOWED,2026-09-24T17:02:13Z,SUCCESSFUL,https://stats47.jp/areas/02000,,MOBILE,2
https://stats47.jp/areas/03000,PASS,送信して登録されました,INDEXING_ALLOWED,ALLOWED,2026-10-04T00:21:23Z,SUCCESSFUL,https://stats47.jp/areas/03000,,MOBILE,2
https://stats47.jp/areas/04000,PASS,送信して登録されました,INDEXING_ALLOWED,ALLOWED,2026-08-31T14:42:30Z,SUCCESSFUL,https://stats47.jp/areas/04000,,MOBILE,2
https://stats47.jp/areas/05000,PASS,送信して登録されました,INDEXING_ALLOWED,ALLOWED,2026-10-04T02:29:41Z,SUCCESSFUL,https://stats47.jp/areas/05000,,MOBILE,2
https://stats47.jp/areas/06000,PASS,送信して登録されました,INDEXING_ALLOWED,ALLOWED,2026-09-30T10:42:49Z,SUCCESSFUL,https://stats47.jp/areas/06000,,MOBILE,2
https://stats47.jp/areas/07000,PASS,送信して登録されました,INDEXING_ALLOWED,ALLOWED,2026-09-27T13:50:55Z,SUCCESSFUL,https://stats47.jp/areas/07000,,MOBILE,2
https://stats47.jp/areas/08000,PASS,送信して登録されました,INDEXING_ALLOWED,ALLOWED,2026-10-03T03:04:27Z,SUCCESSFUL,https://stats47.jp/areas/08000,,MOBILE,2
https://stats47.jp/areas/09000,PASS,送信して登録されました,INDEXING_ALLOWED,ALLOWED,2026-10-02T22:30:31Z,SUCCESSFUL,https://stats47.jp/areas/09000,,MOBILE,2
https://stats47.jp/areas/10000,PASS,送信して登録されました,INDEXING_ALLOWED,ALLOWED,2026-09-30T13:01:40Z,SUCCESSFUL,https://stats47.jp/areas/10000,,MOBILE,3
https://stats47.jp/areas/11000,PASS,送信して登録されました,INDEXING_ALLOWED,ALLOWED,2026-10-01T18:41:30Z,SUCCESSFUL,https://stats47.jp/areas/11000,,MOBILE,2
https://stats47.jp/areas/12000,PASS,送信して登録されました,INDEXING_ALLOWED,ALLOWED,2026-10-04T12:04:32Z,SUCCESSFUL,https://stats47.jp/areas/12000,,MOBILE,2
https://stats47.jp/areas/13000,PASS,送信して登録されました,INDEXING_ALLOWED,ALLOWED,2026-10-04T14:09:10Z,SUCCESSFUL,https://stats47.jp/areas/13000,,MOBILE,2
https://stats47.jp/areas/14000,PASS,送信して登録されました,INDEXING_ALLOWED,ALLOWED,2026-10-02T07:38:54Z,SUCCESSFUL,https://stats47.jp/areas/14000,,MOBILE,2
https://stats47.jp/areas/15000,PASS,送信して登録されました,INDEXING_ALLOWED,ALLOWED,2026-10-04T12:11:52Z,SUCCESSFUL,https://stats47.jp/areas/15000,https://stats47.jp/areas/15000,MOBILE,3
https://stats47.jp/areas/16000,PASS,送信して登録されました,INDEXING_ALLOWED,ALLOWED,2026-10-01T22:50:26Z,SUCCESSFUL,https://stats47.jp/areas/16000,,MOBILE,2
https://stats47.jp/areas/17000,PASS,送信して登録されました,INDEXING_ALLOWED,ALLOWED,2026-10-03T00:10:48Z,SUCCESSFUL,https://stats47.jp/areas/17000,,MOBILE,3
https://stats47.jp/areas/18000,PASS,送信して登録されました,INDEXING_ALLOWED,ALLOWED,2026-09-26T09:29:51Z,SUCCESSFUL,https://stats47.jp/areas/18000,https://stats47.jp/areas/18000,MOBILE,2
https://stats47.jp/areas/19000,PASS,送信して登録されました,INDEXING_ALLOWED,ALLOWED,2026-10-04T00:43:52Z,SUCCESSFUL,https://stats47.jp/areas/19000,https://stats47.jp/areas/19000,MOBILE,2
https://stats47.jp/areas/20000,PASS,送信して登録されました,INDEXING_ALLOWED,ALLOWED,2026-10-01T05:34:26Z,SUCCESSFUL,https://stats47.jp/areas/20000,,MOBILE,2
https://stats47.jp/areas/21000,PASS,送信して登録されました,INDEXING_ALLOWED,ALLOWED,2026-10-01T06:32:10Z,SUCCESSFUL,https://stats47.jp/areas/21000,https://stats47.jp/areas/21000,MOBILE,2
https://stats47.jp/areas/22000,PASS,送信して登録されました,INDEXING_ALLOWED,ALLOWED,2026-09-25T21:39:46Z,SUCCESSFUL,https://stats47.jp/areas/22000,,MOBILE,2
https://stats47.jp/areas/23000,PASS,送信して登録されました,INDEXING_ALLOWED,ALLOWED,2026-09-28T06:19:50Z,SUCCESSFUL,https://stats47.jp/areas/23000,,MOBILE,3
https://stats47.jp/areas/24000,PASS,送信して登録されました,INDEXING_ALLOWED,ALLOWED,2026-09-27T04:00:16Z,SUCCESSFUL,https://stats47.jp/areas/24000,,MOBILE,2
https://stats47.jp/areas/25000,PASS,送信して登録されました,INDEXING_ALLOWED,ALLOWED,2026-09-24T18:02:01Z,SUCCESSFUL,https://stats47.jp/areas/25000,,MOBILE,3
https://stats47.jp/areas/26000,PASS,送信して登録されました,INDEXING_ALLOWED,ALLOWED,2026-09-24T14:34:41Z,SUCCESSFUL,https://stats47.jp/areas/26000,,MOBILE,2
https://stats47.jp/areas/27000,PASS,送信して登録されました,INDEXING_ALLOWED,ALLOWED,2026-10-04T00:15:53Z,SUCCESSFUL,https://stats47.jp/areas/27000,https://stats47.jp/areas/27000,MOBILE,2
https://stats47.jp/areas/28000,PASS,送信して登録されました,INDEXING_ALLOWED,ALLOWED,2026-09-24T23:17:01Z,SUCCESSFUL,https://stats47.jp/areas/28000,,MOBILE,2
https://stats47.jp/areas/29000,PASS,送信して登録されました,INDEXING_ALLOWED,ALLOWED,2026-09-30T22:58:13Z,SUCCESSFUL,https://stats47.jp/areas/29000,,MOBILE,2
https://stats47.jp/areas/30000,PASS,送信して登録されました,INDEXING_ALLOWED,ALLOWED,2026-10-03T03:22:40Z,SUCCESSFUL,https://stats47.jp/areas/30000,https://stats47.jp/areas/30000,MOBILE,3
https://stats47.jp/areas/31000,PASS,送信して登録されました,INDEXING_ALLOWED,ALLOWED,2026-09-01T12:27:41Z,SUCCESSFUL,https://stats47.jp/areas/31000,,MOBILE,3
https://stats47.jp/areas/32000,PASS,送信して登録されました,INDEXING_ALLOWED,ALLOWED,2026-09-10T22:42:12Z,SUCCESSFUL,https://stats47.jp/areas/32000,,MOBILE,2
https://stats47.jp/areas/33000,PASS,送信して登録されました,INDEXING_ALLOWED,ALLOWED,2026-09-24T01:49:52Z,SUCCESSFUL,https://stats47.jp/areas/33000,,MOBILE,2
https://stats47.jp/areas/34000,PASS,送信して登録されました,INDEXING_ALLOWED,ALLOWED,2026-09-30T12:08:21Z,SUCCESSFUL,https://stats47.jp/areas/34000,,MOBILE,2
https://stats47.jp/areas/35000,PASS,送信して登録されました,INDEXING_ALLOWED,ALLOWED,2026-09-30T05:00:15Z,SUCCESSFUL,https://stats47.jp/areas/35000,,MOBILE,3
https://stats47.jp/areas/36000,PASS,送信して登録されました,INDEXING_ALLOWED,ALLOWED,2026-09-24T13:19:34Z,SUCCESSFUL,https://stats47.jp/areas/36000,,MOBILE,2
https://stats47.jp/areas/37000,PASS,送信して登録されました,INDEXING_ALLOWED,ALLOWED,2026-09-24T10:36:11Z,SUCCESSFUL,https://stats47.jp/areas/37000,,MOBILE,2
https://stats47.jp/areas/38000,PASS,送信して登録されました,INDEXING_ALLOWED,ALLOWED,2026-09-26T10:38:19Z,SUCCESSFUL,https://stats47.jp/areas/38000,,MOBILE,2
https://stats47.jp/areas/39000,PASS,送信して登録されました,INDEXING_ALLOWED,ALLOWED,2026-09-23T13:35:58Z,SUCCESSFUL,https://stats47.jp/areas/39000,,MOBILE,1
https://stats47.jp/areas/40000,PASS,送信して登録されました,INDEXING_ALLOWED,ALLOWED,2026-09-26T08:56:37Z,SUCCESSFUL,https://stats47.jp/areas/40000,,MOBILE,2
https://stats47.jp/areas/41000,PASS,送信して登録されました,INDEXING_ALLOWED,ALLOWED,2026-09-13T07:26:37Z,SUCCESSFUL,https://stats47.jp/areas/41000,,MOBILE,2
https://stats47.jp/areas/42000,PASS,送信して登録されました,INDEXING_ALLOWED,ALLOWED,2026-10-03T09:52:55Z,SUCCESSFUL,https://stats47.jp/areas/42000,,MOBILE,2
https://stats47.jp/areas/43000,PASS,送信して登録されました,INDEXING_ALLOWED,ALLOWED,2026-10-02T07:19:39Z,SUCCESSFUL,https://stats47.jp/areas/43000,,MOBILE,2
https://stats47.jp/areas/44000,PASS,送信して登録されました,INDEXING_ALLOWED,ALLOWED,2026-09-30T07:43:10Z,SUCCESSFUL,https://stats47.jp/areas/44000,,MOBILE,2
https://stats47.jp/areas/45000,PASS,送信して登録されました,INDEXING_ALLOWED,ALLOWED,2026-10-01T13:25:50Z,SUCCESSFUL,https://stats47.jp/areas/45000,,MOBILE,3
https://stats47.jp/areas/46000,PASS,送信して登録されました,INDEXING_ALLOWED,ALLOWED,2026-10-01T14:23:02Z,SUCCESSFUL,https://stats47.jp/areas/46000,,MOBILE,2
https://stats47.jp/areas/47000,PASS,送信して登録されました,INDEXING_ALLOWED,ALLOWED,2026-09-23T15:01:56Z,SUCCESSFUL,https://stats47.jp/areas/47000,,MOBILE,2
https://stats47.jp/tag/2024%E5%B9%B4,NEUTRAL,見つかりませんでした（404）,INDEXING_STATE_UNSPECIFIED,ALLOWED,2026-05-17T19:15:24Z,NOT_FOUND,,,MOBILE,1
https://stats47.jp/tag/ClaudeCode,PASS,送信して登録されました,INDEXING_ALLOWED,ALLOWED,2026-09-07T19:16:10Z,SUCCESSFUL,https://stats47.jp/tag/ClaudeCode,https://stats47.jp/tag/ClaudeCode,MOBILE,1
https://stats47.jp/tag/D3,PASS,送信して登録されました,INDEXING_ALLOWED,ALLOWED,2026-08-25T11:05:43Z,SUCCESSFUL,https://stats47.jp/tag/D3,https://stats47.jp/tag/D3,MOBILE,3
https://stats47.jp/tag/IT,PASS,送信して登録されました,INDEXING_ALLOWED,ALLOWED,2026-10-03T09:53:40Z,SUCCESSFUL,https://stats47.jp/tag/IT,https://stats47.jp/tag/IT,MOBILE,1
https://stats47.jp/tag/e-Stat,PASS,送信して登録されました,INDEXING_ALLOWED,ALLOWED,2026-09-07T19:16:09Z,SUCCESSFUL,https://stats47.jp/tag/e-Stat,https://stats47.jp/tag/e-Stat,MOBILE,1
https://stats47.jp/tag/%E3%81%BE%E3%81%90%E3%82%8D,NEUTRAL,見つかりませんでした（404）,INDEXING_STATE_UNSPECIFIED,ALLOWED,2026-06-27T04:28:54Z,NOT_FOUND,,,MOBILE,1
https://stats47.jp/tag/%E3%82%A4%E3%83%B3%E3%83%90%E3%82%A6%E3%83%B3%E3%83%89,NEUTRAL,見つかりませんでした（404）,INDEXING_STATE_UNSPECIFIED,ALLOWED,2026-06-05T03:25:05Z,NOT_FOUND,,,MOBILE,1
https://stats47.jp/tag/%E3%82%A4%E3%83%B3%E3%83%95%E3%83%A9,NEUTRAL,見つかりませんでした（404）,INDEXING_STATE_UNSPECIFIED,ALLOWED,2026-05-26T04:29:27Z,NOT_FOUND,,,MOBILE,2
https://stats47.jp/tag/%E3%82%A8%E3%83%8D%E3%83%AB%E3%82%AE%E3%83%BC,PASS,送信して登録されました,INDEXING_ALLOWED,ALLOWED,2026-08-23T15:14:05Z,SUCCESSFUL,https://stats47.jp/tag/%E3%82%A8%E3%83%8D%E3%83%AB%E3%82%AE%E3%83%BC,https://stats47.jp/tag/%E3%82%A8%E3%83%8D%E3%83%AB%E3%82%AE%E3%83%BC,MOBILE,3
https://stats47.jp/tag/%E3%82%A8%E3%83%B3%E3%82%B2%E3%83%AB%E4%BF%82%E6%95%B0,PASS,送信して登録されました,INDEXING_ALLOWED,ALLOWED,2026-08-04T06:25:22Z,SUCCESSFUL,https://stats47.jp/tag/%E3%82%A8%E3%83%B3%E3%82%B2%E3%83%AB%E4%BF%82%E6%95%B0,https://stats47.jp/tag/%E3%82%A8%E3%83%B3%E3%82%B2%E3%83%AB%E4%BF%82%E6%95%B0,MOBILE,2
https://stats47.jp/tag/%E3%83%86%E3%83%AC%E3%83%AF%E3%83%BC%E3%82%AF,NEUTRAL,見つかりませんでした（404）,INDEXING_STATE_UNSPECIFIED,ALLOWED,2026-06-18T05:38:39Z,NOT_FOUND,,,MOBILE,0
https://stats47.jp/tag/%E4%BA%BA%E5%8F%A3,PASS,送信して登録されました,INDEXING_ALLOWED,ALLOWED,2026-08-26T14:08:39Z,SUCCESSFUL,https://stats47.jp/tag/%E4%BA%BA%E5%8F%A3,https://stats47.jp/tag/%E4%BA%BA%E5%8F%A3,MOBILE,3
https://stats47.jp/tag/%E4%BA%BA%E5%8F%A3%E6%B8%9B%E5%B0%91,PASS,送信して登録されました,INDEXING_ALLOWED,ALLOWED,2026-09-04T23:10:15Z,SUCCESSFUL,https://stats47.jp/tag/%E4%BA%BA%E5%8F%A3%E6%B8%9B%E5%B0%91,https://stats47.jp/tag/%E4%BA%BA%E5%8F%A3%E6%B8%9B%E5%B0%91,MOBILE,3
https://stats47.jp/tag/%E4%BD%8F%E5%AE%85,NEUTRAL,見つかりませんでした（404）,INDEXING_STATE_UNSPECIFIED,ALLOWED,2026-06-21T14:05:24Z,NOT_FOUND,,,MOBILE,1
https://stats47.jp/tag/%E5%81%A5%E5%BA%B7,PASS,送信して登録されました,INDEXING_ALLOWED,ALLOWED,2026-09-25T14:38:48Z,SUCCESSFUL,https://stats47.jp/tag/%E5%81%A5%E5%BA%B7,https://stats47.jp/tag/%E5%81%A5%E5%BA%B7,MOBILE,1
https://stats47.jp/tag/%E5%85%B1%E5%83%8D%E3%81%8D,NEUTRAL,見つかりませんでした（404）,INDEXING_STATE_UNSPECIFIED,ALLOWED,2026-05-06T02:55:24Z,NOT_FOUND,,,MOBILE,1
https://stats47.jp/tag/%E5%87%BA%E7%94%9F%E7%8E%87,NEUTRAL,見つかりませんでした（404）,INDEXING_STATE_UNSPECIFIED,ALLOWED,2026-06-08T03:46:01Z,NOT_FOUND,,,MOBILE,2
https://stats47.jp/tag/%E5%8A%B4%E5%83%8D,NEUTRAL,見つかりませんでした（404）,INDEXING_STATE_UNSPECIFIED,ALLOWED,2026-07-18T02:27:20Z,NOT_FOUND,,,MOBILE,1
https://stats47.jp/tag/%E5%8C%97%E6%B5%B7%E9%81%93,NEUTRAL,見つかりませんでした（404）,INDEXING_STATE_UNSPECIFIED,ALLOWED,2026-06-03T14:54:13Z,NOT_FOUND,,,MOBILE,1
https://stats47.jp/tag/%E5%8C%BB%E7%99%82,PASS,送信して登録されました,INDEXING_ALLOWED,ALLOWED,2026-08-31T14:25:02Z,SUCCESSFUL,https://stats47.jp/tag/%E5%8C%BB%E7%99%82,https://stats47.jp/tag/%E5%8C%BB%E7%99%82,MOBILE,1
https://stats47.jp/tag/%E5%8C%BB%E7%99%82%E8%B2%BB,NEUTRAL,見つかりませんでした（404）,INDEXING_STATE_UNSPECIFIED,ALLOWED,2026-07-17T23:51:50Z,NOT_FOUND,,,MOBILE,2
https://stats47.jp/tag/%E5%9B%BD%E5%8B%A2%E8%AA%BF%E6%9F%BB,NEUTRAL,noindex タグによって除外されました,BLOCKED_BY_META_TAG,ALLOWED,2026-09-17T10:54:01Z,SUCCESSFUL,https://stats47.jp/tag/%E5%9B%BD%E5%8B%A2%E8%AA%BF%E6%9F%BB,https://stats47.jp/tag/%E5%9B%BD%E5%8B%A2%E8%AA%BF%E6%9F%BB,MOBILE,2
https://stats47.jp/tag/%E5%9C%B0%E5%90%8D,PASS,送信して登録されました,INDEXING_ALLOWED,ALLOWED,2026-08-22T11:30:17Z,SUCCESSFUL,https://stats47.jp/tag/%E5%9C%B0%E5%90%8D,https://stats47.jp/tag/%E5%9C%B0%E5%90%8D,MOBILE,2
https://stats47.jp/tag/%E5%9C%B0%E5%9F%9F%E5%B7%AE,PASS,送信して登録されました,INDEXING_ALLOWED,ALLOWED,2026-10-01T03:31:46Z,SUCCESSFUL,https://stats47.jp/tag/%E5%9C%B0%E5%9F%9F%E5%B7%AE,https://stats47.jp/tag/%E5%9C%B0%E5%9F%9F%E5%B7%AE,MOBILE,3
https://stats47.jp/tag/%E5%9C%B0%E5%9F%9F%E6%A0%BC%E5%B7%AE,PASS,送信して登録されました,INDEXING_ALLOWED,ALLOWED,2026-10-01T13:46:44Z,SUCCESSFUL,https://stats47.jp/tag/%E5%9C%B0%E5%9F%9F%E6%A0%BC%E5%B7%AE,https://stats47.jp/tag/%E5%9C%B0%E5%9F%9F%E6%A0%BC%E5%B7%AE,MOBILE,2
https://stats47.jp/tag/%E5%9C%B0%E6%96%B9%E8%B2%A1%E6%94%BF,PASS,送信して登録されました,INDEXING_ALLOWED,ALLOWED,2026-07-28T19:47:48Z,SUCCESSFUL,https://stats47.jp/tag/%E5%9C%B0%E6%96%B9%E8%B2%A1%E6%94%BF,https://stats47.jp/tag/%E5%9C%B0%E6%96%B9%E8%B2%A1%E6%94%BF,MOBILE,2
https://stats47.jp/tag/%E5%AD%90%E8%82%B2%E3%81%A6,NEUTRAL,見つかりませんでした（404）,INDEXING_STATE_UNSPECIFIED,ALLOWED,2026-06-04T11:25:35Z,NOT_FOUND,,,MOBILE,1
https://stats47.jp/tag/%E5%AE%B6%E8%A8%88,NEUTRAL,見つかりませんでした（404）,INDEXING_STATE_UNSPECIFIED,ALLOWED,2026-06-04T06:06:45Z,NOT_FOUND,,,MOBILE,1
https://stats47.jp/tag/%E5%AE%B6%E8%A8%88%E8%AA%BF%E6%9F%BB,PASS,送信して登録されました,INDEXING_ALLOWED,ALLOWED,2026-08-31T14:20:55Z,SUCCESSFUL,https://stats47.jp/tag/%E5%AE%B6%E8%A8%88%E8%AA%BF%E6%9F%BB,https://stats47.jp/tag/%E5%AE%B6%E8%A8%88%E8%AA%BF%E6%9F%BB,MOBILE,3
https://stats47.jp/tag/%E5%B0%91%E5%AD%90%E5%8C%96,NEUTRAL,見つかりませんでした（404）,INDEXING_STATE_UNSPECIFIED,ALLOWED,2026-05-29T23:29:04Z,NOT_FOUND,,,MOBILE,1
https://stats47.jp/tag/%E5%B8%82%E5%8C%BA%E7%94%BA%E6%9D%91,PASS,送信して登録されました,INDEXING_ALLOWED,ALLOWED,2026-09-23T12:01:15Z,SUCCESSFUL,https://stats47.jp/tag/%E5%B8%82%E5%8C%BA%E7%94%BA%E6%9D%91,https://stats47.jp/tag/%E5%B8%82%E5%8C%BA%E7%94%BA%E6%9D%91,MOBILE,1
https://stats47.jp/tag/%E5%B9%B4%E5%8F%8E,PASS,送信して登録されました,INDEXING_ALLOWED,ALLOWED,2026-09-18T22:32:06Z,SUCCESSFUL,https://stats47.jp/tag/%E5%B9%B4%E5%8F%8E,https://stats47.jp/tag/%E5%B9%B4%E5%8F%8E,MOBILE,2
https://stats47.jp/tag/%E6%89%80%E5%BE%97%E6%A0%BC%E5%B7%AE,PASS,送信して登録されました,INDEXING_ALLOWED,ALLOWED,2026-08-14T22:40:48Z,SUCCESSFUL,https://stats47.jp/tag/%E6%89%80%E5%BE%97%E6%A0%BC%E5%B7%AE,https://stats47.jp/tag/%E6%89%80%E5%BE%97%E6%A0%BC%E5%B7%AE,MOBILE,2
https://stats47.jp/tag/%E6%95%99%E8%82%B2,NEUTRAL,見つかりませんでした（404）,INDEXING_STATE_UNSPECIFIED,ALLOWED,2026-06-07T19:44:10Z,NOT_FOUND,,,MOBILE,2
https://stats47.jp/tag/%E6%95%99%E8%82%B2%E6%A0%BC%E5%B7%AE,NEUTRAL,見つかりませんでした（404）,INDEXING_STATE_UNSPECIFIED,ALLOWED,2026-06-25T22:45:42Z,NOT_FOUND,,,MOBILE,2
https://stats47.jp/tag/%E6%95%99%E8%82%B2%E8%B2%BB,NEUTRAL,見つかりませんでした（404）,INDEXING_STATE_UNSPECIFIED,ALLOWED,2026-07-17T02:02:07Z,NOT_FOUND,,,MOBILE,1
https://stats47.jp/tag/%E6%9D%B1%E5%8C%97,PASS,送信して登録されました,INDEXING_ALLOWED,ALLOWED,2026-10-01T08:02:44Z,SUCCESSFUL,https://stats47.jp/tag/%E6%9D%B1%E5%8C%97,https://stats47.jp/tag/%E6%9D%B1%E5%8C%97,MOBILE,2
https://stats47.jp/tag/%E6%A0%BC%E5%B7%AE,PASS,送信して登録されました,INDEXING_ALLOWED,ALLOWED,2026-08-22T11:25:24Z,SUCCESSFUL,https://stats47.jp/tag/%E6%A0%BC%E5%B7%AE,https://stats47.jp/tag/%E6%A0%BC%E5%B7%AE,MOBILE,2
https://stats47.jp/tag/%E6%B6%88%E8%B2%BB,NEUTRAL,見つかりませんでした（404）,INDEXING_STATE_UNSPECIFIED,ALLOWED,2026-07-16T19:03:38Z,NOT_FOUND,,,MOBILE,1
https://stats47.jp/tag/%E6%B6%88%E8%B2%BB%E6%94%AF%E5%87%BA,PASS,送信して登録されました,INDEXING_ALLOWED,ALLOWED,2026-09-07T19:16:56Z,SUCCESSFUL,https://stats47.jp/tag/%E6%B6%88%E8%B2%BB%E6%94%AF%E5%87%BA,https://stats47.jp/tag/%E6%B6%88%E8%B2%BB%E6%94%AF%E5%87%BA,MOBILE,3
https://stats47.jp/tag/%E6%B6%88%E8%B2%BB%E8%80%85%E7%89%A9%E4%BE%A1%E6%8C%87%E6%95%B0,NEUTRAL,見つかりませんでした（404）,INDEXING_STATE_UNSPECIFIED,ALLOWED,2026-05-05T13:17:33Z,NOT_FOUND,,,MOBILE,2
https://stats47.jp/tag/%E6%B6%88%E8%B2%BB%E9%87%8F,PASS,送信して登録されました,INDEXING_ALLOWED,ALLOWED,2026-09-25T23:57:32Z,SUCCESSFUL,https://stats47.jp/tag/%E6%B6%88%E8%B2%BB%E9%87%8F,https://stats47.jp/tag/%E6%B6%88%E8%B2%BB%E9%87%8F,MOBILE,1
https://stats47.jp/tag/%E6%BC%81%E7%8D%B2%E9%87%8F,NEUTRAL,見つかりませんでした（404）,INDEXING_STATE_UNSPECIFIED,ALLOWED,2026-07-19T06:06:22Z,NOT_FOUND,,,MOBILE,2
https://stats47.jp/tag/%E7%84%BC%E9%85%8E,NEUTRAL,見つかりませんでした（404）,INDEXING_STATE_UNSPECIFIED,ALLOWED,2026-06-04T11:23:00Z,NOT_FOUND,,,MOBILE,1
https://stats47.jp/tag/%E7%89%A9%E4%BE%A1,NEUTRAL,見つかりませんでした（404）,INDEXING_STATE_UNSPECIFIED,ALLOWED,2026-06-04T19:41:24Z,NOT_FOUND,,,MOBILE,1
https://stats47.jp/tag/%E7%92%B0%E5%A2%83,NEUTRAL,見つかりませんでした（404）,INDEXING_STATE_UNSPECIFIED,ALLOWED,2026-05-06T02:53:19Z,NOT_FOUND,,,MOBILE,1
https://stats47.jp/tag/%E7%94%9F%E6%B4%BB%E3%82%B3%E3%82%B9%E3%83%88,NEUTRAL,検出 - インデックス未登録,INDEXING_STATE_UNSPECIFIED,ROBOTS_TXT_STATE_UNSPECIFIED,,PAGE_FETCH_STATE_UNSPECIFIED,,,CRAWLING_USER_AGENT_UNSPECIFIED,0
https://stats47.jp/tag/%E7%94%9F%E6%B4%BB%E8%B2%BB,PASS,送信して登録されました,INDEXING_ALLOWED,ALLOWED,2026-09-17T08:46:20Z,SUCCESSFUL,https://stats47.jp/tag/%E7%94%9F%E6%B4%BB%E8%B2%BB,https://stats47.jp/tag/%E7%94%9F%E6%B4%BB%E8%B2%BB,MOBILE,2
https://stats47.jp/tag/%E7%94%A3%E6%A5%AD%E6%A7%8B%E9%80%A0,PASS,送信して登録されました,INDEXING_ALLOWED,ALLOWED,2026-08-24T11:32:51Z,SUCCESSFUL,https://stats47.jp/tag/%E7%94%A3%E6%A5%AD%E6%A7%8B%E9%80%A0,https://stats47.jp/tag/%E7%94%A3%E6%A5%AD%E6%A7%8B%E9%80%A0,MOBILE,1
https://stats47.jp/tag/%E7%A4%BE%E4%BC%9A%E4%BF%9D%E9%9A%9C,NEUTRAL,見つかりませんでした（404）,INDEXING_STATE_UNSPECIFIED,ALLOWED,2026-06-26T17:42:50Z,NOT_FOUND,,,MOBILE,3
https://stats47.jp/tag/%E7%B4%8D%E8%B1%86,NEUTRAL,見つかりませんでした（404）,INDEXING_STATE_UNSPECIFIED,ALLOWED,2026-07-22T16:01:51Z,NOT_FOUND,,,MOBILE,2
https://stats47.jp/tag/%E7%B5%8C%E6%B8%88,PASS,送信して登録されました,INDEXING_ALLOWED,ALLOWED,2026-09-16T13:25:12Z,SUCCESSFUL,https://stats47.jp/tag/%E7%B5%8C%E6%B8%88,https://stats47.jp/tag/%E7%B5%8C%E6%B8%88,MOBILE,4
https://stats47.jp/tag/%E8%A3%BD%E9%80%A0%E6%A5%AD,PASS,送信して登録されました,INDEXING_ALLOWED,ALLOWED,2026-09-17T20:06:26Z,SUCCESSFUL,https://stats47.jp/tag/%E8%A3%BD%E9%80%A0%E6%A5%AD,https://stats47.jp/tag/%E8%A3%BD%E9%80%A0%E6%A5%AD,MOBILE,1
https://stats47.jp/tag/%E8%A6%B3%E5%85%89,NEUTRAL,見つかりませんでした（404）,INDEXING_STATE_UNSPECIFIED,ALLOWED,2026-06-11T08:13:06Z,NOT_FOUND,,,MOBILE,1
https://stats47.jp/tag/%E8%B2%A1%E6%94%BF,NEUTRAL,見つかりませんでした（404）,INDEXING_STATE_UNSPECIFIED,ALLOWED,2026-06-04T08:11:14Z,NOT_FOUND,,,MOBILE,2
https://stats47.jp/tag/%E8%B3%83%E9%87%91,NEUTRAL,見つかりませんでした（404）,INDEXING_STATE_UNSPECIFIED,ALLOWED,2026-06-04T15:04:35Z,NOT_FOUND,,,MOBILE,2
https://stats47.jp/tag/%E8%B3%83%E9%87%91%E6%A7%8B%E9%80%A0%E5%9F%BA%E6%9C%AC%E7%B5%B1%E8%A8%88%E8%AA%BF%E6%9F%BB,PASS,送信して登録されました,INDEXING_ALLOWED,ALLOWED,2026-09-13T06:18:44Z,SUCCESSFUL,https://stats47.jp/tag/%E8%B3%83%E9%87%91%E6%A7%8B%E9%80%A0%E5%9F%BA%E6%9C%AC%E7%B5%B1%E8%A8%88%E8%AA%BF%E6%9F%BB,https://stats47.jp/tag/%E8%B3%83%E9%87%91%E6%A7%8B%E9%80%A0%E5%9F%BA%E6%9C%AC%E7%B5%B1%E8%A8%88%E8%AA%BF%E6%9F%BB,MOBILE,1
https://stats47.jp/tag/%E8%BB%A2%E8%81%B7,NEUTRAL,見つかりませんでした（404）,INDEXING_STATE_UNSPECIFIED,ALLOWED,2026-07-09T12:14:14Z,NOT_FOUND,,,MOBILE,1
https://stats47.jp/tag/%E8%BE%B2%E6%A5%AD,PASS,送信して登録されました,INDEXING_ALLOWED,ALLOWED,2026-08-03T19:18:12Z,SUCCESSFUL,https://stats47.jp/tag/%E8%BE%B2%E6%A5%AD,https://stats47.jp/tag/%E8%BE%B2%E6%A5%AD,MOBILE,2
https://stats47.jp/tag/%E9%83%BD%E9%81%93%E5%BA%9C%E7%9C%8C,NEUTRAL,見つかりませんでした（404）,INDEXING_STATE_UNSPECIFIED,ALLOWED,2026-06-04T05:55:03Z,NOT_FOUND,,,MOBILE,1
https://stats47.jp/tag/%E9%83%BD%E9%81%93%E5%BA%9C%E7%9C%8C%E3%83%A9%E3%83%B3%E3%82%AD%E3%83%B3%E3%82%B0,NEUTRAL,見つかりませんでした（404）,INDEXING_STATE_UNSPECIFIED,ALLOWED,2026-06-02T03:57:42Z,NOT_FOUND,,,MOBILE,2
https://stats47.jp/tag/%E9%83%BD%E9%81%93%E5%BA%9C%E7%9C%8C%E5%88%A5,PASS,送信して登録されました,INDEXING_ALLOWED,ALLOWED,2026-09-07T19:17:06Z,SUCCESSFUL,https://stats47.jp/tag/%E9%83%BD%E9%81%93%E5%BA%9C%E7%9C%8C%E5%88%A5,https://stats47.jp/tag/%E9%83%BD%E9%81%93%E5%BA%9C%E7%9C%8C%E5%88%A5,MOBILE,2
https://stats47.jp/tag/%E9%83%BD%E9%81%93%E5%BA%9C%E7%9C%8C%E6%A0%BC%E5%B7%AE,PASS,送信して登録されました,INDEXING_ALLOWED,ALLOWED,2026-10-03T17:11:06Z,SUCCESSFUL,https://stats47.jp/tag/%E9%83%BD%E9%81%93%E5%BA%9C%E7%9C%8C%E6%A0%BC%E5%B7%AE,https://stats47.jp/tag/%E9%83%BD%E9%81%93%E5%BA%9C%E7%9C%8C%E6%A0%BC%E5%B7%AE,MOBILE,2
https://stats47.jp/tag/%E9%A3%9F%E6%96%87%E5%8C%96,PASS,送信して登録されました,INDEXING_ALLOWED,ALLOWED,2026-09-07T19:16:11Z,SUCCESSFUL,https://stats47.jp/tag/%E9%A3%9F%E6%96%87%E5%8C%96,https://stats47.jp/tag/%E9%A3%9F%E6%96%87%E5%8C%96,MOBILE,1
https://stats47.jp/tag/%E9%A3%9F%E7%94%9F%E6%B4%BB,PASS,送信して登録されました,INDEXING_ALLOWED,ALLOWED,2026-08-14T06:05:34Z,SUCCESSFUL,https://stats47.jp/tag/%E9%A3%9F%E7%94%9F%E6%B4%BB,https://stats47.jp/tag/%E9%A3%9F%E7%94%9F%E6%B4%BB,MOBILE,1
https://stats47.jp/tag/%E9%A3%9F%E8%B2%BB,NEUTRAL,見つかりませんでした（404）,INDEXING_STATE_UNSPECIFIED,ALLOWED,2026-06-26T11:15:51Z,NOT_FOUND,,,MOBILE,1
https://stats47.jp/tag/%E9%AB%98%E9%BD%A2%E5%8C%96,NEUTRAL,見つかりませんでした（404）,INDEXING_STATE_UNSPECIFIED,ALLOWED,2026-05-06T03:19:55Z,NOT_FOUND,,,MOBILE,1
https://stats47.jp/ranking/projected-population-2030,NEUTRAL,URL が Google に認識されていません,INDEXING_STATE_UNSPECIFIED,ROBOTS_TXT_STATE_UNSPECIFIED,,PAGE_FETCH_STATE_UNSPECIFIED,,,,0
https://stats47.jp/ranking/projected-population-2035,NEUTRAL,見つかりませんでした（404）,INDEXING_STATE_UNSPECIFIED,ALLOWED,2026-04-10T04:52:03Z,NOT_FOUND,,,MOBILE,0
https://stats47.jp/ranking/projected-population-2040,NEUTRAL,URL が Google に認識されていません,INDEXING_STATE_UNSPECIFIED,ROBOTS_TXT_STATE_UNSPECIFIED,,PAGE_FETCH_STATE_UNSPECIFIED,,,,0
https://stats47.jp/ranking/projected-population-2045,NEUTRAL,見つかりませんでした（404）,INDEXING_STATE_UNSPECIFIED,ALLOWED,2026-04-10T09:52:02Z,NOT_FOUND,,,MOBILE,0
