{"type":"Topology","arcs":[[[46073,95198],[-25,230],[-48,185],[-62,162],[-75,160],[-22,29],[11,134],[-20,78],[-46,86],[-41,56],[-5,53],[14,52],[-31,17],[12,16],[-47,55],[-1,81],[69,190],[-460,179],[-28,41],[-81,34],[-78,42],[-52,94],[-46,108],[-63,134],[-69,62],[-188,268],[31,174],[18,38],[-8,53],[-31,27],[5,103],[8,39],[1,112],[20,92],[-7,45],[-55,208],[-35,98],[-11,61],[-75,125],[-63,82],[-67,52],[-57,9],[-333,8],[-257,24],[-406,34],[-92,5],[0,74],[-203,73],[-12,-31],[-28,-11],[67,-24],[3,-70],[-488,32],[-85,25],[-328,127],[29,31],[85,30],[16,60],[31,61],[-314,17],[-53,66],[-109,170],[1,55],[-50,70],[-67,127],[-6,86],[-130,4],[-60,16],[-51,25],[-195,147],[-136,29],[5,94],[-163,-35],[-134,-3],[-146,403],[-154,400],[-37,-4],[-92,18],[-107,8],[-73,-2],[-81,-13],[-125,-53],[-221,-87],[-54,-5],[-24,-89],[-67,-76],[-159,-115],[-6,-67],[-73,-70],[-41,-7],[-87,-32],[-26,-22],[-107,-138],[21,-41],[-93,-12],[20,-200],[-491,-65],[-134,-16],[27,-218],[-61,-12],[-42,-201],[-77,-8],[-41,-41],[-95,-56],[-114,-76],[-48,-77],[-149,-69],[-147,-4],[-99,2],[-307,91],[-75,-16],[-126,9],[-102,20],[-112,-31],[-148,14],[-81,15],[-54,-11],[-73,16],[-121,53],[-248,32],[-109,20],[-124,47],[-37,26],[-77,-28],[-107,-85],[-115,-133],[-171,13],[-34,38],[-51,7],[-116,-66],[-35,-4],[-74,20],[-75,-23],[-24,14],[-48,71],[-117,22],[-89,29],[-17,13],[-9,134],[-18,34],[-91,109],[-10,24],[-41,203],[-32,27],[-150,50],[-34,56],[-42,32],[-84,45],[-87,-18],[-118,-9],[-87,35]],[[34029,100228],[-42,16],[-77,50],[-44,41],[-133,92],[-34,44],[-94,37],[-40,36],[-42,17],[-108,110],[-65,58],[-41,57],[-6,35],[35,100],[85,82],[87,56],[16,89],[-9,77],[12,44],[69,67],[24,46],[15,122],[-3,40],[-26,30],[-76,39],[-104,79],[-63,18],[-31,22],[-44,54],[-5,62],[-35,60],[-68,37],[-63,78],[-19,52],[-17,89],[-20,50],[-44,50],[-143,63],[-54,38],[-19,39],[-64,11],[-39,18],[-138,23],[11,-66],[-1,-61],[37,-106],[2,-48],[18,-55],[180,-299],[20,-85],[-54,-29],[-49,-5],[-81,96],[-36,29],[-92,40],[-26,3],[83,-105],[3,-32],[-55,-67],[-17,-41],[-42,-60],[-14,-77],[-44,-25],[-90,30],[-52,0],[-63,25],[-71,-41],[-95,9],[-60,-147],[55,-60],[18,-43],[-19,-27],[-92,-22],[-81,-34],[-61,-40],[-55,8],[-97,36],[-20,-10],[5,-71],[-54,-32],[-63,-13],[-42,7],[-155,-71],[-64,68],[-49,-26],[-138,-14],[-95,-25],[-70,30],[-15,24],[0,56],[-16,32],[-117,125],[-64,-15],[-97,20],[-53,37],[0,33],[27,43],[-2,34],[-75,84],[14,61],[-142,130],[-21,100],[31,14],[13,32],[2,87],[15,45],[-9,54],[6,71],[-58,69],[-70,26],[-38,40],[-76,148],[-47,126],[-60,22],[-103,-7],[-110,25],[-103,94],[-58,-14],[-46,-26],[-132,-17],[-12,4],[-120,109],[-53,58],[-82,58],[-40,8],[-49,-22],[-97,58],[-67,24],[41,87],[145,104],[38,18],[131,90],[70,39],[13,51],[133,30],[150,77],[61,50],[52,72],[41,105],[27,101],[50,132],[64,198],[24,53],[43,24],[45,54],[53,48],[57,34],[97,39],[146,87],[84,6],[115,54],[39,32],[51,81],[145,120],[47,50],[-29,18],[-79,22],[-56,28],[-139,93],[-56,16],[-93,-2],[-50,21],[-23,24],[-28,61],[-22,89],[77,27],[-15,83],[30,12],[-8,46],[-64,1],[-37,145],[89,26],[54,-132],[69,29],[32,-87],[16,4],[39,-97],[17,2],[30,-64],[14,-94],[-23,-30],[31,-43],[33,20],[53,-99],[33,-19],[81,-2],[96,5],[6,27],[-96,18],[-61,27],[-32,29],[-67,96],[-13,83],[-39,66],[-9,47],[31,94],[4,97],[-105,30],[-64,35],[-38,39],[-17,-36],[-56,-13],[-18,52],[-40,159],[34,-8],[89,16],[-2,42],[-23,64],[66,23],[-26,73],[131,81],[129,108],[194,178],[106,121],[76,63],[141,127],[73,51],[192,100],[72,32],[26,21],[148,150],[83,38]],[[31902,106919],[8,-36],[88,-68],[36,-76],[68,27],[104,16],[40,-2],[70,-19],[77,-43],[61,-90],[34,-149],[67,-158],[41,-69],[69,-100],[50,-42],[124,-87],[54,-1],[82,-45],[79,-52],[108,-92],[61,-123],[38,-51],[68,-50],[48,-20],[71,3],[118,41],[155,72],[49,47],[49,88],[62,73],[75,57],[46,23],[189,111],[111,70],[117,66],[100,48],[296,126],[104,28],[57,5],[170,-9],[102,-2],[52,8],[172,76],[128,45],[123,84],[63,78],[26,74],[71,149],[63,100],[37,45],[39,24],[97,26],[162,36],[113,2],[58,-8],[175,-64],[-14,25],[-159,230],[-26,13],[-147,35],[-86,34],[-85,96],[-28,-3],[-20,42],[-49,266],[201,39],[-25,147],[-120,-31],[-37,28],[-11,41],[-20,139],[4,29],[27,10],[-10,40],[-91,-36],[-13,44],[79,24],[-5,33],[-59,27],[32,143],[75,-15],[86,267],[37,131],[22,110],[-46,12],[8,34],[47,-8],[20,94],[-166,35],[16,67],[-134,33],[21,115],[-80,2],[-65,23],[22,99],[-175,5],[-82,8],[-1,49],[-221,48],[-9,92],[-130,-5],[-48,-52],[-19,50],[25,60],[13,73],[136,178],[105,53],[77,-18],[15,-21],[72,-38],[6,-60],[37,-58],[37,-24],[16,-52],[339,-86],[-23,-118],[275,-62],[-48,-230],[641,-151],[72,341],[274,-69],[453,-110],[76,-16],[-12,271],[54,98],[-1,58],[-45,84],[-38,52],[8,61],[-13,28],[20,43],[67,25],[19,44],[-9,70],[28,42],[157,23],[35,22],[64,89],[107,107],[66,54],[22,77],[38,33],[8,43],[43,68],[-23,104],[-17,113],[-25,94],[-3,96],[0,367],[29,-4],[97,-188],[87,45],[86,55],[44,66],[44,32],[59,20],[-6,130],[46,15],[34,41],[32,14],[1,44],[-64,43],[10,30],[40,27],[92,31],[120,8],[36,7],[74,58],[56,29],[83,17],[70,97],[113,63],[84,-44],[-41,-93],[-19,-138],[42,19],[55,45],[101,113],[101,164],[25,28],[-20,13],[-91,14],[-98,22],[-34,1],[-125,-50],[-61,-6],[-11,10],[-8,92],[-33,52],[-36,38],[-26,58],[-56,49],[34,40],[7,48],[27,57],[-26,30],[45,21],[43,70],[94,48],[20,34],[96,21],[40,46],[75,33],[4,62],[21,51],[-7,170],[4,154],[11,33],[109,71],[22,28],[7,75],[11,23],[67,45],[15,42],[-1,54],[23,25],[41,4],[27,120],[26,53],[6,51],[49,78],[61,38],[19,37],[55,55],[18,66],[71,-20],[72,34],[34,79],[2,35],[38,7],[10,-134],[344,95],[196,63],[253,71],[2,41],[52,90],[142,2],[171,49],[111,9],[41,-4],[59,-36],[39,-68],[-14,-87],[28,-116],[86,-133],[-3,-58],[123,-145],[41,-2],[43,14],[128,79],[90,16],[101,8],[118,-8],[151,-29],[111,-6],[244,43],[80,26],[91,59],[50,46],[49,80],[23,104],[26,184],[-4,39],[-56,111],[-91,113],[-28,54],[-10,61],[7,116],[50,102],[34,33],[122,95],[59,57],[46,72],[13,63],[-5,89],[-11,52],[-54,179],[-39,161],[-29,197],[-22,101],[-33,95],[-60,116],[-28,67],[-89,303],[-37,152],[-27,190],[-23,93],[-33,100],[-2,64],[19,70],[164,201],[131,139],[2,37],[-17,33],[-69,45],[-105,18],[-72,1],[-94,36],[-92,84],[-18,42],[30,84],[60,75],[33,87],[19,108],[13,121],[-11,58],[-24,11],[-54,-13],[-80,-36],[-106,-6],[-99,13],[-107,24],[-84,27],[-68,-14],[-171,-106],[-105,-19],[-71,12],[-179,53],[-40,15],[-27,45],[-17,53],[0,64],[23,52],[52,58],[47,32],[233,87],[146,22],[53,21],[52,79],[4,91],[-13,74],[-26,51],[-73,85],[-108,112],[-33,43],[-10,43],[25,110],[25,79],[18,77],[45,69],[156,99],[60,54],[0,49],[-39,45],[-47,36],[-70,25],[-178,29],[-43,17],[-59,42],[-21,51],[-10,70],[17,68],[-2,34],[-40,69],[-74,53],[-106,14],[-60,20],[-41,-50],[-63,7],[-30,-29],[-8,-61],[-19,-22],[-59,18],[-56,-22],[-86,-85],[-26,-45],[-97,3],[-29,16],[-33,43],[-39,-15],[-26,32],[-43,-6],[-26,-29],[-35,47],[-108,50],[-36,-20],[-22,-48],[-63,7],[-14,-19],[13,-61],[-13,-18],[-80,21],[-64,84],[50,46],[12,27],[-14,59],[3,67],[-33,48],[-24,7],[-60,-34],[-39,35],[-27,62],[104,261],[-75,180],[-47,125],[-59,183],[-121,345],[-240,589],[-43,24],[-43,6],[-28,-26],[-103,0],[-89,-31],[-32,4],[-149,51],[-91,-2],[-93,-14],[-68,8],[-100,-58],[-48,-2],[-65,-29],[-26,54],[-39,-10],[-84,-2],[-162,17],[-63,-1],[-26,143],[-13,106],[-5,211],[-2,195],[-29,391],[-6,55],[39,2],[-15,156],[-31,112],[-9,122],[-36,135],[-10,129],[-29,230],[-57,134],[-121,303],[-26,50],[-127,198],[-108,196],[-197,555],[-36,109],[-94,267],[-32,100],[-46,-16],[-37,110],[-45,108]],[[37727,126801],[124,-60],[46,21],[45,55],[84,13],[80,28],[107,-35],[108,-60],[100,28],[44,-22],[46,16],[52,55],[97,58],[76,131],[128,37],[34,4],[-63,151],[166,26],[62,-44],[68,12],[72,52],[105,-48],[66,-7],[63,24],[109,66],[73,25],[107,5],[213,-22],[84,-15],[349,-46],[76,-14],[106,-29],[95,-51],[28,8],[75,101],[29,64],[8,43],[-8,62],[26,45],[34,32],[52,27],[56,47],[25,36],[30,87],[32,37],[97,86],[162,173],[26,10],[98,-9],[60,12],[49,54],[71,106],[36,82],[120,142],[93,169],[43,91],[46,6],[22,19],[13,53],[-11,124],[26,59],[101,98],[39,-36],[42,-68],[27,-23],[37,2],[90,103],[8,45],[-9,51],[25,95],[42,-44],[76,-25],[31,-66],[95,-23],[37,88],[109,135],[124,101],[40,25],[82,31],[38,28],[61,70],[71,108],[29,32],[97,41],[66,-7],[76,-51],[74,-75],[22,-50],[74,-58],[42,0],[24,32],[-9,115],[6,152],[20,193],[21,96],[-6,19],[-123,126],[-59,120],[-47,56],[-78,54],[-98,91],[-69,57],[-110,114],[-35,85],[-21,75],[-45,97],[-28,31],[-42,21],[-73,91],[-24,57],[-23,110],[-30,106],[-15,80],[-40,148],[-4,88],[-16,55],[14,91],[-57,183],[-35,74],[-58,67]],[[42573,132132],[160,14],[191,123],[77,57],[126,42],[67,-23],[65,111],[66,53],[35,1],[109,-36],[108,-3],[81,-17],[130,24],[32,-8],[139,-100],[74,-39],[85,5],[127,-24],[10,-41],[76,-22],[136,-15],[79,-22],[146,-17],[90,22],[111,85],[32,-1],[96,-160],[33,-27],[22,-39],[71,-38],[73,1],[102,-42],[32,-25],[20,-43],[-30,-71],[5,-27],[30,-24],[55,-68],[16,-67],[37,-77],[25,-34],[-14,-46],[59,-120],[37,-33],[-34,-37],[0,-45],[51,-25],[-18,-53],[4,-56],[-29,-53],[-2,-34],[63,-83],[22,-45],[0,-90],[-30,-85],[-5,-50],[28,-36],[32,-3],[54,46],[60,24],[35,-23],[52,-53],[35,-18],[61,-52],[42,-87],[-5,-79],[22,-73],[13,-98],[-18,-58],[-27,-29],[-113,-66],[-18,-37],[30,-166],[16,-44],[44,28],[47,7],[41,25],[64,23],[48,56],[59,8],[37,58],[56,-28],[104,-18],[92,17],[144,1],[91,-29],[75,45],[116,-11],[65,-22],[53,-33],[160,-23],[33,-28],[56,-80],[27,-16],[101,-35],[55,-9],[110,1],[68,-37],[62,-87],[52,-55],[27,-53],[23,-87],[10,-93],[5,-102],[141,74],[76,44],[52,44],[124,205],[56,68],[130,129],[72,-32],[66,6],[57,28],[104,5],[52,-34],[39,-10],[27,-29],[-7,-76],[36,-62],[51,-126],[1,-51],[16,-40],[101,-94],[61,-24],[38,-29],[60,25],[32,33],[73,37],[45,49],[23,10],[65,59],[106,35],[228,-30],[66,-48],[74,-81],[7,-17],[-15,-116],[25,-67],[75,-38],[46,-12],[117,6],[48,24],[-9,51],[-86,95],[-33,92],[17,102],[24,51],[64,7],[279,-99],[52,-49],[48,-66],[79,-30],[42,7],[64,36],[20,71],[24,47],[38,40],[59,27],[112,11],[58,36],[47,2],[49,-20],[105,-27],[57,11],[84,56],[146,46],[25,-15],[109,-135],[24,-20],[52,-18],[46,5],[56,53],[39,17],[150,-28],[69,-38],[57,-70],[25,-167],[-4,-68],[-52,-53],[77,-150],[-53,-95],[-10,-36],[8,-76],[-55,-97],[20,-47],[36,-14],[35,-61],[-14,-81],[8,-27],[71,-50],[148,35],[41,-4],[112,-62],[25,-3],[58,59],[34,-2],[13,-41],[0,-91],[-12,-92],[-42,-50],[34,-30],[20,-38],[0,-44],[-39,-73],[-23,-60],[-13,-105],[3,-180],[6,-53],[126,-83],[47,-162],[-2,-45],[-56,-131],[-29,-50],[11,-29],[77,-57],[11,-69],[-58,-58],[6,-82],[62,-120],[8,-41],[29,-62],[-35,-59],[-10,-66],[8,-58],[3,-120],[-27,-106],[29,-91],[53,-109],[-16,-105],[29,-72],[-1,-83],[13,-162],[19,-36],[38,-18],[84,16],[67,-51],[114,-113],[37,-115],[94,-78],[61,-33],[167,-25],[36,-74],[44,-35],[87,-6],[39,-24],[40,-63],[32,-12],[85,13],[61,-4],[65,35],[73,8],[49,-63],[91,-89],[86,-217],[1,-18],[-56,-77],[-17,-50],[-51,-23],[-25,-78],[-52,-28],[-93,-65],[-108,-45],[-110,-17],[-28,-28],[-21,-57],[-16,-86],[-92,-64],[-33,-39],[4,-59],[19,-97],[-6,-87],[5,-30],[34,-63],[-15,-72],[-18,-35],[-78,-81],[4,-41],[30,-95],[-4,-128],[29,-44],[18,-87],[-19,-63],[38,-75],[13,-84],[34,-74],[8,-93],[100,-7],[36,9],[207,17],[45,11],[24,35],[207,406],[220,0],[163,9],[216,61],[82,20],[76,-89],[-1,-95],[30,-32],[272,-99],[158,-68],[8,-96],[-5,-48],[-51,-117],[-12,-136],[0,-139],[17,-119],[31,-50],[69,-65],[32,-20],[76,-28],[161,-38],[116,-8],[36,-21],[47,-76],[43,-19],[125,7],[71,27],[43,34],[78,29],[41,0],[76,-20],[100,-5],[166,38],[70,87],[25,54],[86,50],[43,39],[36,51],[53,112],[49,38],[72,92],[139,121],[26,39],[-6,60],[21,154],[28,117],[54,115],[50,90],[84,128],[32,147],[24,55],[21,13],[51,-20],[103,-18],[53,12],[121,90],[56,33],[29,-5],[3,-94],[16,-136],[33,-44],[89,-87],[30,-56],[72,105],[33,22],[97,26],[70,4],[242,-16],[60,4],[60,22],[175,120],[141,36],[93,9],[75,-16],[77,-64],[58,-26],[81,-1],[47,75],[29,102],[33,47],[45,26],[98,143],[32,55],[26,23],[58,9],[65,53],[131,24],[33,-11],[44,-44],[152,-49],[60,-67],[7,-39],[32,-9],[41,35],[140,55],[79,8],[88,-67],[96,-43],[61,-18],[22,-22],[11,-76],[31,-65],[63,-7],[120,36],[87,-18],[35,-20],[53,-10],[67,-27],[46,-54],[99,-74],[33,47],[36,15],[115,-2],[95,29],[21,-2],[99,-61],[71,-53],[81,-36],[34,-6],[134,101],[24,0],[112,-27],[62,39],[70,28],[75,56],[108,18],[59,-28],[55,-2],[101,43],[144,44],[23,0],[110,-40],[61,-1],[58,13],[28,19],[114,120],[52,31],[101,11],[45,34],[22,109],[40,58],[103,35],[178,31],[114,17],[67,-2],[16,-10],[98,-127],[47,-21],[53,-7],[72,-27],[90,-17],[116,-63],[79,-28],[28,-80],[58,-128],[29,-36],[49,-35],[99,-41],[31,13],[38,63],[37,40],[93,83],[58,24],[71,4],[43,12],[73,56],[42,68],[20,94],[25,52],[44,62],[142,177],[31,55],[47,154],[-9,121],[-41,161],[-22,155],[-65,197],[-4,121],[7,47],[46,118],[65,150],[14,55],[-18,181],[-2,89],[7,97],[18,146],[47,131],[8,51],[-3,88],[48,126],[10,46],[4,89],[31,180],[-2,89],[-12,126],[-1,170],[18,51]],[[66151,127047],[36,0],[143,42],[142,15],[78,34],[122,40],[37,18],[70,57],[68,88],[172,-38],[61,-35],[70,-60],[39,-19],[75,-2],[105,11],[120,5],[61,-24],[138,-143],[83,-42],[47,-12],[99,0],[68,27],[166,-34],[44,-16],[33,-29],[49,-81],[96,-96],[120,-73],[40,-47],[128,-192],[77,-26],[70,-5],[182,-48],[71,-28],[63,-61],[39,-24],[55,-9],[66,31],[87,-8],[26,5],[115,76],[144,-6],[127,11],[98,27],[73,-18],[20,9],[10,48],[46,87],[10,42],[9,156],[34,98],[44,85],[53,67],[109,122],[54,66],[37,60]],[[70380,127198],[59,-31],[54,-10],[137,-9],[113,-17],[284,-57],[60,-48],[23,-47],[186,-119],[98,-86],[79,-32],[59,-47],[69,-40],[92,-19],[42,-1],[144,46],[33,-5],[72,37],[113,30],[139,52],[28,1],[26,-117],[31,-108],[1,-31],[-29,-106],[-36,-57],[-3,-78],[23,-127],[57,-129],[11,-65],[2,-89],[-17,-122],[6,-67],[-16,-108],[-15,-160],[-44,-120],[0,-78],[29,-133],[-27,-49],[-59,-50],[-58,-130],[-52,-101],[-7,-202],[3,-97],[-20,-120],[-37,-90],[-3,-70],[17,-32],[90,-41],[31,-29],[37,-94],[-1,-83],[48,-81],[35,-119],[14,-109],[26,-83],[42,-64],[26,-21],[35,11],[68,-35],[74,-88],[22,-45],[49,-56],[63,-102],[31,-137],[49,-119],[-4,-64],[8,-44],[117,-279],[22,-64],[4,-46],[-13,-56],[-29,-66],[6,-60],[64,-75],[87,-51],[37,-55],[38,-88],[9,-139],[59,-114],[-4,-50],[24,-159],[9,-96],[20,-65],[83,-185],[11,-44],[-16,-98],[-43,-72],[3,-19],[55,-111],[17,-90],[64,-146],[93,-147],[-9,-69],[-47,-90],[-24,-71],[12,-83],[43,-45],[66,-49],[33,-57],[22,-17],[95,-30],[18,-16],[44,-87],[136,-106],[45,-86],[28,-121],[70,-108],[7,-28],[-42,-30],[-145,-124],[-54,-109],[-84,-262],[-47,-101],[-22,-29],[-54,5],[-61,39],[-222,116],[-62,48],[-137,60],[-92,-20],[-149,-54],[-137,-76],[-57,1],[-253,24],[-95,17],[-86,59],[-73,75],[-73,105],[-58,25],[-77,-26],[-96,-75],[-102,-90],[-28,-18],[-164,-82],[-13,-47],[107,-90],[21,-25],[37,-85],[14,-96],[-27,-109],[8,-78],[14,-34],[51,-70],[58,-118],[4,-31],[-20,-108],[-100,-241],[-35,-146],[-11,-108],[-34,-150],[-195,-88],[-119,16],[-87,-63],[-163,-88],[-108,-34],[-50,-25],[-72,-57],[-47,-109],[-10,-55],[1,-166],[-6,-72],[-20,-92],[-36,-87],[17,-71],[-4,-24],[-54,-43],[-27,-37],[-2,-47],[47,-107],[-15,-100],[-105,-199],[-28,-102],[-4,-67],[-42,-104],[-78,-97],[-62,-38],[-65,-12],[-135,7],[-183,-67],[-50,-6],[-57,-20],[-41,-33],[-14,-40],[8,-117],[22,-92],[6,-87],[-6,-57],[-42,-165],[6,-145],[-66,-78],[-89,-136],[-46,-99],[-32,-110],[-27,-45],[-23,-14],[-85,-8],[-100,-33],[-138,2],[-186,-117],[-83,47],[-100,36],[-149,80],[-95,62],[-92,43],[-221,118],[-79,-16],[-105,-30],[-105,-23],[-111,1],[-110,28],[-134,-8],[-49,-45],[-84,-50],[-73,-23],[-54,-2],[-161,-38],[-98,-39],[-40,-31],[-64,-75],[-76,-60],[-71,-67],[-65,-91],[-69,-81],[-86,-60],[-123,-104],[-92,-58],[-57,-24],[-101,-19],[-45,-24],[-69,-54],[-130,-22],[-55,-14],[-97,-39],[-99,-17],[-218,16],[-100,-11],[-79,25],[-167,-119],[-78,-37],[-24,2],[-124,114],[-31,4],[-87,-29],[-38,1],[-51,30],[-100,122],[-76,46],[-382,111],[-103,8],[-37,-8],[-52,-32],[-43,-52],[-26,-54],[-36,-102],[-44,-101],[-33,-39],[-52,-39],[-86,-47],[-108,-97],[-38,-63],[-42,-95],[-15,-75],[-48,-92],[-72,-103],[-101,-100],[-110,-96],[-100,-109],[-64,-84],[79,-136],[51,-96],[94,-132],[62,-61],[65,-75],[18,-120],[-38,-386],[-25,-214],[-12,-9],[-92,35],[-70,-15],[-33,-27],[-42,-67],[-104,-59],[-23,-38],[-25,-190],[-35,-147],[-62,-131],[9,-95],[-34,-63],[111,-164],[33,-86],[54,-85],[46,-56],[-3,-85],[-23,-163],[1,-56],[15,-58],[29,-67],[69,-134],[73,-119],[-20,-30],[-66,-59],[-59,-64],[-143,-176],[-36,-52],[-9,-40],[22,-72],[-25,-117],[6,-87],[-49,-47],[-3,-19],[2,-266],[3,-136],[20,-92],[43,-85],[38,-45],[63,-45],[114,-72],[111,-49],[211,-167],[155,-108],[99,-57],[76,-25],[70,-12],[105,11],[81,26],[-38,-197],[2,-73],[13,-103],[2,-83],[-4,-197],[-10,-159],[-35,-172],[-4,-123],[30,-151]],[[63984,105787],[-64,-95],[-18,-14],[-55,-80],[-122,-198],[-79,-78],[-83,-44],[-55,-81],[-52,-60],[-48,-43],[-88,-37],[-260,-59],[-57,-36],[-38,-65],[-31,-109],[-7,-145],[-139,-83],[-140,-103],[-31,-33],[-128,-173],[-82,-152],[-24,-30],[-70,-34],[-104,-63],[-47,-47],[-22,-43],[-17,-83],[4,-91],[-29,-51],[-35,-36],[-102,-46],[-41,-6],[-359,0],[-93,-11],[-48,-18],[-114,-87],[-155,-87],[-80,-14],[-98,33],[-28,-1],[-110,-50],[-235,-124],[-124,-50],[-74,-16],[-96,-1],[-73,-45],[-121,-97],[-131,-115],[-133,-174],[-99,-153],[-87,-111],[-37,-83],[-54,-32],[-98,-40],[-178,-98],[-80,-27],[-57,-62],[-53,-90],[-141,-274],[-54,-135],[44,-27],[67,-59],[-78,-77],[-69,-12],[-76,-21],[-151,-97],[-37,-33],[-24,-137],[50,-119],[-4,-87],[26,-53],[-45,-113],[-40,-44],[-125,-81],[-76,-67],[-50,-32],[-80,-16],[-102,8],[-27,-7],[-102,-108],[-51,-75],[-53,-114],[16,-30],[78,-71],[19,-41],[46,-46],[68,-50],[77,-43],[12,-23],[-18,-71],[-55,-86],[-91,-85],[-2,-18],[28,-86],[46,-52],[57,-40],[86,-97],[70,-132],[16,-54],[-32,-115],[-38,-177],[107,-22],[60,-18],[40,-27],[78,-75],[56,-68],[105,-153],[118,-94],[61,-57],[83,-55],[114,-64],[206,-8],[73,-38],[111,-28],[18,-10],[52,-78],[57,-170],[87,-38],[112,-65],[74,-25],[123,-74],[88,-86],[100,53],[31,4],[79,-34],[115,-23],[93,-33],[79,-42],[73,-84],[69,-43],[166,-77],[52,-19],[202,-114],[106,-38],[94,-14],[107,-33],[70,-45],[34,-41],[28,-61],[42,-35],[65,-34],[104,-42],[61,-32],[79,-23],[51,-48],[130,-42],[160,-71],[137,-44],[193,-31],[62,-16],[42,-41],[55,-86],[133,-132],[82,-94],[70,-65],[148,-105],[33,-37],[67,-39],[159,-84],[71,-13],[55,-21],[66,-44],[87,-41],[132,-121],[19,-29],[40,-122],[45,-94],[30,-35],[53,-24],[52,-70],[67,-71],[73,-53],[49,-54],[40,-101],[100,-144],[82,-199],[41,-29],[28,-59],[24,-82],[12,-150],[62,3],[147,-18],[28,-14],[107,-80],[64,-67],[130,-77],[90,-35],[74,-71],[40,-24],[62,-61],[75,-53],[49,-19],[137,-31],[68,-26],[39,-32],[102,-148],[16,-95],[41,-93],[-7,-30],[33,-176],[12,-119],[14,-84],[6,-116],[12,-66],[54,-90],[24,-60],[32,-155],[45,-138],[36,-91],[23,-121],[-2,-46],[-109,-92],[-32,-47],[-44,-45],[-31,-49],[-40,-40],[-44,-71],[-52,-34],[-74,-19],[-54,-45],[-51,-9],[-72,5],[-37,24],[-35,-5],[-61,-42],[-121,-27],[-60,-19],[-176,-1],[-20,-9],[-44,-63],[-82,-66],[-90,-31]],[[64934,91447],[-24,97],[-40,37],[-42,57],[-68,72],[-56,38],[-131,199],[-52,145],[-65,122],[-46,215],[-41,26],[-145,118],[-153,147],[-57,30],[-107,44],[-43,39],[-40,12],[-127,12],[-114,48],[-43,25],[-51,9],[-96,-5],[-122,2],[-89,-24],[-47,-28],[-163,-53],[-61,0],[-41,15],[-50,0],[-66,-23],[-75,4],[-34,-13],[-107,-8],[-101,-28],[-76,30],[-29,1],[-61,-55],[-99,-38],[-133,-72],[-158,-37],[-92,-28],[-120,14],[-63,22],[-71,35],[-32,-23],[-67,-12],[-61,11],[-203,4],[-61,10],[-92,39],[-61,53],[-156,67],[-20,-22],[-109,-78],[-41,-67],[-30,-23],[-108,-25],[-101,-43],[-123,-59],[-41,-27],[-30,-2],[-55,27],[-79,75],[-43,0],[-164,-149],[-51,-61],[-24,-45],[-53,-68],[-62,-46],[-76,-44],[-74,-23],[-51,1],[-43,-18],[-75,-83],[-54,-50],[-8,-44],[-27,-35],[-39,-25],[-88,3],[-76,40],[-66,45],[-90,12],[-117,-47],[-40,2],[-145,81],[-81,63],[-84,-65],[-39,-39],[-125,-40],[-60,-32],[-56,4],[-38,-14],[-133,-70],[-75,-26],[-108,15],[-68,-5],[-162,26],[-24,73],[-43,39],[-40,102],[-131,43],[-29,29],[-58,2],[-106,33],[-64,33],[0,65],[-141,-49],[-15,7],[-33,75],[-56,60],[-72,64],[-56,33],[-72,73],[-7,133],[-11,55],[-151,0],[-103,20],[-44,-77],[-53,-19],[-95,-86],[-57,-8],[-95,-51],[-32,-41],[-47,-92],[-220,11],[-74,-6],[-75,-17],[-95,2],[-141,21],[-121,49]],[[55209,92394],[43,38],[8,35],[-17,85],[7,66],[24,51],[8,53],[51,30],[38,52],[120,134],[-1,47],[-18,59],[13,30],[83,145],[8,61],[-21,43],[-50,28],[-119,4],[-41,16],[-23,26],[-8,37],[11,58],[-12,74],[-32,31],[-20,70],[-61,51],[-4,27],[26,82],[11,113],[-4,32],[-71,46],[-87,70],[-68,8],[-55,42],[-154,11],[-73,46],[-94,46],[-18,26],[1,111],[-19,106],[21,58],[36,39],[-35,72],[-78,112],[-20,9],[-72,-5],[-45,41],[-30,96],[-137,115],[-25,35],[-18,70],[21,125],[-40,106],[-117,169],[-13,79],[13,73],[-27,21],[-61,81],[-17,77],[-66,137],[-16,45],[-49,56],[-46,33],[-96,102],[-28,42],[-161,88],[-60,8],[-45,-54],[-55,-42],[-26,-64],[3,-135],[-11,-26],[-92,-95],[-45,-58],[-120,-1],[-89,38],[-15,-16],[-1,-55],[17,-162],[-30,-44],[-16,-270],[1,-230],[11,-111],[103,-172],[18,-76],[41,-45],[15,-125],[-7,-37],[-70,-28],[-40,-48],[-146,-121],[-40,-80],[-39,-25],[-17,-36],[-62,-87],[-18,-69],[-37,-44],[-70,-23],[-42,-43],[-18,-140],[-18,-79],[-24,-43],[-4,-34],[23,-38],[48,-52],[20,-42],[-2,-46],[-41,-29],[-127,-34],[-115,-16],[-73,14],[-40,22],[-21,40],[-16,63],[-25,52],[-41,35],[-74,31],[-51,81],[-63,28],[-87,50],[-25,29],[-14,47],[-17,10],[-95,-7],[-27,-15],[-12,-32],[-31,-19],[-65,1],[-25,61],[-22,12],[-73,-6],[-6,50],[-71,64],[-83,40],[-14,58],[-28,38],[-45,10],[-38,24],[-56,19],[-16,16],[-10,68],[-25,45],[-68,16],[-70,25],[-104,87],[-24,35],[-4,85],[-17,65],[-29,49],[-8,60],[-115,122],[-50,60],[19,88],[-59,39],[-25,35],[-150,104],[-210,110],[-61,24],[-98,147],[-47,44],[-110,179],[-28,96],[-10,12],[-114,63],[-125,62],[-157,61],[-108,33],[-75,40],[-52,14],[-75,40],[-50,4],[-80,-22],[-40,-2],[-89,17],[-105,3],[-139,40],[-52,5],[-65,-22],[-304,-35],[-110,-51],[-147,-35],[-88,-2],[-135,-67],[-163,-44],[-70,-35],[-102,-78],[-265,-75],[-63,1],[-64,-45],[-116,-16],[-116,-48],[-89,-1],[-38,14],[-45,43],[-51,26],[-69,-15],[-77,-43],[-45,-56],[26,-112],[5,-101],[-93,-133],[-68,-72]],[[63984,105787],[98,-52],[84,-31],[47,-26],[53,-77],[33,-33],[53,-31],[55,-64],[47,-134],[50,-54],[69,-38],[84,-25],[51,-7],[130,-2],[47,-10],[78,-50],[51,-67],[40,-71],[66,-202],[18,-70],[13,-167],[-1,-145],[17,-51],[144,-105],[97,-98],[72,-62],[93,-27],[92,-2],[229,28],[110,7],[178,-26],[76,-7],[33,7],[66,53],[59,70],[113,70],[90,37],[73,18],[83,36],[100,7],[121,-18],[95,8],[89,32],[79,41],[113,-1],[205,-71],[50,-10],[138,14],[126,30],[85,31],[86,51],[119,104],[41,21],[146,-10],[65,-22],[120,-19],[94,-21],[127,-22],[95,-5],[92,7],[73,33],[28,87],[22,45],[57,170],[21,94],[-2,52],[-28,142],[14,46],[112,153],[119,142],[82,52],[195,195],[158,183],[65,96],[30,68],[30,91],[70,102],[47,39],[109,53],[58,17],[120,54],[121,25],[67,62],[55,136],[20,94],[31,265],[10,31],[116,69],[140,74],[73,24],[139,23],[83,45],[64,55],[36,44],[71,53],[99,25],[130,-53],[204,-69],[131,-30],[123,-46],[47,-11],[69,8],[146,-15],[87,0],[202,-15],[133,-54],[88,1],[95,19],[123,34],[79,-3],[123,-15],[129,-42],[90,-7],[69,-13],[95,-55],[49,-9],[217,-63],[91,-8],[70,8],[89,45],[68,13],[134,16],[151,67],[23,32],[19,96],[144,-45],[91,-48],[133,-54],[162,15],[224,14],[245,3],[266,-14],[130,0],[86,15],[68,35],[94,84],[177,288],[76,77],[36,119],[69,167],[25,35],[36,24],[88,34],[76,80],[114,32],[53,35],[52,54],[53,94],[30,93],[-17,108],[-2,45],[20,119],[58,74],[103,67],[78,25],[46,-1],[85,-17],[111,-41],[78,-63],[77,-114],[71,-39],[58,-19],[69,-53],[40,-47],[61,-91],[18,-60],[88,-44],[125,65],[98,19],[112,-164],[11,-47],[9,-112],[36,-111],[55,-120],[25,-17],[62,-11],[93,18],[226,91],[67,-5],[87,-21],[93,-16],[55,-1],[129,38],[249,24],[67,-17],[90,-49],[45,-13],[66,-36],[123,-82],[155,-23],[110,22],[77,39],[68,63],[28,38],[93,154],[-14,96],[-78,142],[-24,137],[17,88],[51,93],[91,58],[54,124],[45,83],[100,125],[31,64],[-43,219],[39,174],[33,60],[-1,47],[19,84],[20,135],[-1,39],[-22,41],[-98,105],[-43,76],[2,26],[42,43],[53,-12],[99,16],[89,25],[74,38],[51,45],[63,20],[70,60],[174,203],[80,91],[56,15],[113,15],[88,0],[138,-68],[44,-5],[30,25],[51,71],[62,171],[84,203],[14,129],[-27,57],[-11,79],[5,47],[70,346],[84,101],[13,27],[7,79],[29,73],[8,120],[16,71],[12,137],[2,85],[-11,156],[-24,89],[-16,94],[29,87],[24,101],[22,30],[81,11],[196,18],[185,28],[55,4],[96,-20],[95,0],[190,-45],[92,-15],[242,-29],[76,2],[93,69],[97,54],[96,34],[116,-98],[164,-78],[39,13],[105,2],[86,12],[289,64],[89,-2],[42,-36],[52,-79],[110,-85],[79,-54],[77,-24],[32,-54],[34,-29],[133,-19],[84,21],[155,-72],[71,-50],[93,-12],[125,-46],[49,0],[28,-19],[72,-118],[103,-146],[55,-60],[61,-103],[33,-75],[112,-133],[22,-10],[88,-11],[49,-14],[96,-48],[51,-17],[19,-38],[62,-18],[27,-20],[27,-43],[67,-45],[48,-12],[107,10],[29,69],[20,7],[100,-2],[231,71],[41,17],[18,32],[12,68],[151,305],[23,17],[78,31],[71,55],[109,64],[124,95],[52,79],[100,108],[118,109],[62,32],[113,9],[64,55],[40,24],[34,3],[137,-20],[107,23],[37,-8],[169,-10],[22,-15],[38,-67],[42,-47],[92,-62],[43,-37],[33,-72],[71,-50],[71,-18],[145,21],[93,-9],[16,-12],[32,-72],[100,-132],[68,-62],[20,-39],[39,-31],[75,-41],[159,-142],[57,-9],[103,-5],[16,11],[19,93],[25,83],[22,32],[73,58],[125,47],[52,27],[51,58],[45,26],[193,10],[127,52],[129,36],[144,65],[109,93],[50,-46],[75,-48],[20,-37],[-13,-89],[22,-65],[-7,-144],[-31,-85],[2,-54],[16,-39],[75,-82],[17,-39],[6,-118],[18,-39],[115,-112],[59,-48],[26,-50],[22,-85],[28,-34],[37,-20],[127,-36],[40,-20],[63,-63],[71,-14],[70,-76],[47,-29],[59,-99],[44,-113],[122,32],[48,2],[95,-58],[42,-82],[45,-27],[103,-17],[84,-44],[26,-53],[27,-93],[71,-125],[50,-56],[21,-4],[90,38],[207,140],[119,58],[79,16],[85,30],[114,11],[50,-2],[83,29],[93,14],[126,41],[73,58],[112,56],[65,-40],[157,-111],[46,-44],[82,-102],[73,-73],[109,-66],[78,-54],[53,-67],[-27,-89],[2,-18],[75,-76],[104,-167],[12,-38],[6,-79],[171,50],[96,22],[35,-2],[54,35],[55,-1],[121,-111],[115,-61],[62,-88],[79,-74],[89,-34],[55,-39],[58,-18],[68,-8],[111,30],[40,-5],[58,-96],[66,-92],[53,-60],[99,-100],[104,-148],[119,-178],[38,-26],[29,14],[93,146],[5,34],[-30,104],[-40,104],[-14,111],[35,91],[61,50],[86,104],[29,16],[90,19],[60,20],[84,95],[158,81],[95,82],[38,50],[56,110],[24,19],[230,37],[32,15],[156,167],[60,46],[96,11],[153,-8],[40,-8],[279,-90],[106,-18],[40,-13],[122,-96],[18,80],[40,112],[52,104],[89,140],[54,54],[259,112],[51,4],[53,-15],[69,31],[7,28],[-50,65],[-17,57],[6,51],[19,33],[80,83],[71,27],[17,19],[3,87],[32,35],[82,-19],[49,5],[80,-19],[130,3],[40,-8],[15,-37],[-9,-51],[14,-57],[23,-49],[63,-18],[61,-73],[101,-50],[55,-46],[27,-10],[36,33],[95,26],[34,37],[25,66],[34,35],[33,12],[73,-14],[67,-36],[30,56],[6,45],[31,34],[-20,51],[-61,24],[-54,36],[-35,60],[-9,100],[33,93],[-3,30],[-28,31],[-57,17],[-44,25],[-21,34],[-12,87],[-25,85],[-2,60],[60,77],[19,79],[83,84],[100,-10],[197,22],[79,-16],[40,4],[140,60],[76,49],[118,33],[208,34],[143,-14],[189,22],[149,38],[76,-44],[59,-19],[122,0],[185,27],[116,25],[90,54],[89,34],[74,44],[23,4],[71,-22],[71,39],[73,-5],[41,17],[34,92],[48,73],[113,76],[80,19],[50,73],[65,59],[146,4],[66,-13],[49,22],[17,59],[-14,52],[17,50],[75,17],[32,24],[31,54],[-6,148],[22,56],[93,39],[149,86],[38,31],[14,39],[-16,94],[5,18],[73,80],[68,61],[37,100],[22,17],[73,27],[81,42],[44,39],[13,33],[0,81],[9,74],[15,31],[101,59],[25,22],[37,104],[46,89],[-69,9],[-11,40],[-43,68],[33,70],[37,43],[72,-8],[145,24],[69,29],[107,101],[52,40],[7,102],[-13,50],[9,41],[17,183],[-6,39],[-46,60],[-10,105],[-36,54],[6,60],[86,73],[17,26],[16,110],[57,61],[15,118],[-11,86],[-43,72],[-91,66],[-39,55],[-89,99],[-5,40],[26,54],[-1,28],[-41,80],[-85,39],[-39,48],[-88,50],[-17,29],[-57,58],[-60,12],[-23,20],[-80,21],[-107,-48],[-76,12],[-47,-24],[-68,26],[-81,62],[-69,9],[-29,-22],[-79,-22],[-78,0],[-59,-39],[-44,31],[-2,70],[-13,33],[5,49],[-19,67],[11,42],[26,37],[16,124],[55,92],[63,67],[36,61],[72,15],[70,41],[47,5],[76,-58],[47,-13],[32,9],[62,83],[46,50],[86,29],[27,-17],[73,-1],[44,39],[54,10],[46,89],[26,96],[34,44],[46,-2],[62,-63],[114,-45],[18,-59],[25,-18],[29,30],[17,70],[47,41],[35,59],[45,7],[22,-15],[41,-67],[21,-10],[98,38],[10,61],[43,79],[52,37],[-37,74],[-12,43],[7,89],[49,136],[14,81],[21,69],[0,100],[-15,58],[-31,40],[4,102],[13,46],[57,58],[40,19],[26,31],[5,70],[30,52],[33,-37],[103,-63],[88,-94],[87,-30],[33,6],[114,73],[39,38],[70,13],[49,-43],[17,-31],[52,-10],[49,-43],[77,3],[34,-29],[52,-6],[63,29],[41,78],[96,39],[118,-1],[73,45],[50,0],[95,-23],[35,24],[64,-12],[91,17],[119,44],[88,-38],[27,0],[79,26],[31,23],[15,91],[45,81],[48,45],[135,54],[25,50],[28,86],[49,76],[2,129],[55,82],[7,28],[-18,70],[21,59],[-10,78],[6,27],[44,73],[-13,53],[-36,43],[14,28],[89,58],[78,41],[35,27],[94,23],[80,37],[93,8],[87,18],[28,55],[71,-9],[45,10],[70,-24],[23,-30],[14,-47],[43,-12],[63,31],[73,3],[10,22],[54,-21],[79,14],[65,-3],[130,49],[31,-14],[17,15],[57,101],[25,16],[59,-45],[74,1],[15,18],[90,-11],[74,-20],[22,-16],[51,-87],[72,-73],[61,13],[64,43],[89,79],[38,73],[105,115],[95,61],[65,57],[108,-5],[118,-28],[86,4],[190,22],[23,24],[-19,65],[2,106],[-9,66],[78,-9],[52,63],[17,42],[-9,54],[-52,92],[0,41],[21,32],[134,123],[27,10],[36,-23],[20,-44],[50,12]],[[112245,121361],[41,-121],[-49,-21],[18,-41],[66,-39],[1,-20],[66,-39],[17,13],[57,-2],[42,16],[91,82],[110,57],[99,35],[3,47],[87,-25],[24,-36],[-66,-43],[29,-4],[5,-65],[50,-74],[17,-45],[17,2],[43,-34],[42,7],[-19,-31],[46,-42],[-25,-74],[-7,-72],[-35,7],[-20,-16],[-20,-79],[24,-35],[15,-70],[31,-34],[30,-12],[27,-35],[2,-33],[27,6],[55,-63],[36,-103],[-26,-53],[30,-32],[33,4],[74,-23],[-15,-44],[-53,-11],[-34,-37],[-67,-135],[16,-19],[-19,-61],[26,-42],[36,-15],[7,-23],[-87,-7],[-4,-27],[-41,4],[-19,-24],[-60,-33],[-18,-52],[26,-59],[-5,-23],[24,-25],[-12,-48],[-32,6],[-75,-16],[-34,16],[-91,-2],[0,-147],[-11,0],[-4,102],[-104,1],[-9,-56],[11,-42],[-15,-47],[18,-52],[5,-52],[82,-62],[12,8],[66,-51],[-30,-25],[-4,-30],[-44,-14],[-35,-28],[-33,-64],[-4,-47],[19,-24],[1,-49],[-42,-122],[-34,-63],[12,-60],[47,-11],[-26,-23],[11,-45],[32,-41],[-10,-11],[33,-42],[-15,-42],[-39,-2],[-26,-19],[-24,-55],[1,-32],[36,-38],[17,-63],[21,-7],[26,-59],[89,-66],[2,-22],[37,-16],[-28,-45],[-71,-13],[37,-62],[-28,24],[-65,-42],[8,-42],[20,-17],[39,3],[117,33],[20,16],[29,-18],[17,40],[24,2],[-18,-93],[18,-46],[48,-21],[65,-80],[-66,-83],[-15,12],[-14,-33],[-80,4],[-7,-48],[58,-27],[-32,-10],[-2,-32],[-68,-41],[-1,-44],[18,-23],[27,12],[16,-19],[-29,-7],[57,-14],[-21,-16],[-29,10],[-3,-22],[35,-54],[-15,-23],[42,-56],[-33,-75],[-30,6],[11,-36],[-36,-36],[-73,19],[-12,-31],[-18,12],[-33,-28],[-12,-51],[24,-64],[26,-6],[-16,-53],[22,-90],[-27,23],[-76,-23],[-23,-36],[5,-23],[45,-43],[147,-58],[32,2],[49,-19],[2,20],[42,25],[-4,-35],[28,-27],[36,4],[10,-18],[36,-5],[36,14],[9,-47],[-28,-7],[12,-46],[-15,-13],[11,-43],[62,-50],[55,-3],[24,26],[64,17],[-31,-64],[-39,-19],[3,-67],[-22,-49],[57,-65],[29,0],[52,-39],[-14,-32],[21,-16],[19,-51],[43,-18],[-25,-19],[10,-46],[42,-50],[33,3],[2,-19],[67,-33],[30,-1],[-7,-28],[27,-42],[8,-65],[22,-48],[0,-32],[70,-85],[47,-26],[65,8],[41,28],[23,-16],[27,17],[138,14],[25,13],[9,-30],[119,-58],[25,25],[25,-35],[-32,-33],[31,-37],[47,16],[20,-10],[1,-60],[39,32],[20,-7],[-29,-53],[32,0],[11,-30],[27,-13],[-9,-57],[-29,-16],[12,-26],[-42,6],[-34,-19],[1,-52],[-55,4],[-49,-26],[-31,24],[-43,-43],[-61,-27],[7,-55],[-20,-9],[-21,54],[-94,-6],[-123,-70],[-65,-60],[-49,-80],[-77,-50],[-56,-78],[-164,-130],[-54,-3],[-30,-41],[-32,-74],[-45,-63],[-3,-26],[-38,-7],[-51,-89],[-21,-75],[-17,-168],[-17,-39],[4,-35],[41,-58],[31,-15],[-87,-6],[-33,-49],[-18,-59],[-2,-140],[36,-105],[-20,-86],[15,-78],[13,-10],[-10,-54],[30,-8],[-11,-63],[15,-84],[48,-104],[76,-109],[29,20],[-7,-63],[-13,-19],[79,-95],[24,-44],[38,-32],[137,-53],[16,-37],[62,-60],[62,-40],[61,3],[50,27],[53,3],[7,72],[-74,6],[83,112],[-112,83],[9,12],[157,-121],[34,17],[20,-28],[2,38],[51,15],[77,4],[-26,-50],[-63,-35],[30,-62],[83,-46],[78,5],[18,34],[75,51],[26,64],[-7,-48],[64,26],[-20,-83],[17,-27],[44,9],[-7,-60],[-24,-39],[12,-24],[-27,0],[-12,-24],[-12,37],[-16,-10],[-19,-63],[-15,-13],[-11,35],[-87,0],[-24,25],[-58,23],[-35,-5],[-46,-65],[-19,-56],[10,-21],[-94,-17],[-57,-24],[-38,3],[-63,-32],[-53,5],[-95,-62],[6,-29],[-22,-13],[-5,-44],[-81,-37],[-31,11],[-4,34],[-91,19],[-37,-3],[-57,-31],[-113,-100],[-47,-48],[-45,-84],[-41,-47],[-54,-104],[-7,-53],[-36,-100],[-22,-9],[-19,-59],[1,-89],[-20,-24],[16,-32],[-15,-23],[11,-65],[33,-19],[-10,-45],[-39,3],[-25,-43],[-1,-58],[31,-15],[-11,-38],[-42,-21],[-39,-51],[-74,14],[-28,-35],[-47,0],[-28,-70],[23,-21],[-7,-25],[18,-58],[57,-38],[-3,-19],[60,-33],[57,-4],[-13,-24],[-50,-10],[-21,-37],[-39,3],[-72,51],[-70,-22],[-60,-5],[-17,16],[-41,-38],[-4,-33],[28,-37],[-45,-40],[-77,-15],[-15,16],[-4,-60],[-47,-30],[-9,41],[-18,-25],[-42,-12],[-14,14],[-125,-20],[-47,-144],[-13,5],[51,159],[119,24],[-17,149],[-11,-1],[-16,139],[-21,23],[-198,-24],[23,-226],[67,-38],[-5,-10],[-102,56],[-34,5],[-9,-37],[-78,45],[-106,-193],[86,-50],[-10,-32],[42,2],[43,-27],[76,80],[6,-9],[-101,-104],[-90,37],[-135,13],[-2,-36],[61,-9],[-14,34],[37,-12],[0,-29],[-24,-60],[1,-59],[13,-73],[37,-40],[54,3],[42,-86],[35,19],[48,8],[13,-15],[-33,-39],[69,21],[21,-29],[-2,-35],[19,-36],[58,-21],[18,10],[20,-28],[63,-30],[88,-3],[-6,41],[65,35],[-3,-21],[83,-7],[23,32],[10,-19],[65,-3],[21,38],[60,-10],[-1,-26],[34,-23],[25,21],[27,-47],[32,-16],[5,-34],[80,21],[-1,-22],[-73,-45],[52,-53],[10,-34],[41,4],[-18,-30],[-44,-24],[19,-88],[54,-24],[18,-23],[71,24],[38,-17],[70,63],[43,-14],[22,-24],[-176,-62],[22,-12],[-48,-34],[-59,50],[-44,-12],[-24,-72],[25,-42],[-33,-10],[-22,-50],[-5,-45],[49,-29],[-43,-21],[-12,-25],[-39,-6],[-51,-152],[-18,-102],[9,-121],[14,-38],[45,-35],[29,-3],[-10,-26],[42,-31],[77,28],[-13,-29],[35,-10],[7,-23],[47,-12],[-66,-19],[6,-57],[20,9],[37,-72],[35,-21],[20,27],[-11,-83],[-44,-53],[-41,-117],[-3,-115],[14,-58],[46,7],[-6,22],[60,-6],[26,-33],[-54,10],[20,-18],[-90,-11],[-26,35],[-21,-25],[-30,17],[-39,-38],[9,-36],[-49,1],[-14,-28],[-27,-3],[-22,-32],[12,-47],[-33,-20],[0,-19],[-39,-6],[-94,-79],[9,-25],[-54,-10],[-42,-67],[56,0],[35,-38],[-42,-27],[-69,26],[-9,-33],[-30,-8],[-36,66],[-28,-17],[-29,31],[-46,13],[-55,47],[-66,-23],[-51,-63],[-2,-44],[-22,-87],[-29,-71],[-10,-75],[5,-43],[-22,-74],[24,-94],[-158,39],[-30,-38],[23,-7],[-38,-16],[-42,-88],[-10,-89],[8,-82],[47,-81],[50,-61],[67,-19],[-13,-49],[-19,24],[-42,-49],[-36,-73],[18,-53],[-25,-30],[-26,-84],[23,-80],[-8,-43],[-56,-80],[-87,-56],[-34,-48],[7,-23],[-32,12],[-52,-41],[-71,13],[-25,-32],[-21,-71],[-15,35],[-22,7],[11,-41],[-30,4],[-23,-61],[0,-51],[34,-69],[27,-10],[44,25],[-25,-51],[48,22],[-16,-52],[-32,-15],[-10,-49],[25,-47],[43,-55],[40,-25],[37,1],[41,23],[-5,13],[48,28],[31,-9],[-26,92],[132,42],[-53,-23],[29,-102],[16,-2],[26,-66],[76,18],[24,74],[-10,78],[-30,56],[-2,56],[53,-97],[13,-102],[16,-9],[58,8],[-42,-55],[84,-83],[33,1],[87,-28],[81,1],[54,24],[40,29],[-7,71],[32,-3],[9,44],[51,6],[-20,-68],[41,-15],[4,-21],[53,-7],[5,51],[16,1],[-2,-43],[37,38],[36,-24],[63,16],[12,60],[24,41],[23,-6],[-11,-32],[36,28],[-6,-90],[40,9],[22,56],[15,-18],[-22,-59],[23,-9],[79,36],[18,-11],[-17,-46],[30,-17],[4,-49],[-28,-3],[-7,-63],[69,-6],[25,-43],[-27,-22],[26,-26],[-7,-24],[-27,4],[-22,-34],[39,-15],[-19,-29],[-2,-39],[29,-9],[12,-67],[-53,-29],[-16,-35],[-51,16],[39,-45],[-37,10],[-29,-26],[12,-67],[-21,-16],[-15,21],[-48,-17],[-38,-51],[-16,-47],[16,-21],[-2,-56],[44,-28],[5,-38],[-47,-14],[-43,10],[0,-30],[-49,-28],[17,-56],[-24,3],[3,-77],[33,-24],[-76,-111],[35,12],[-27,-32],[-14,17],[-32,-14],[-37,6],[-23,-17],[-5,-75],[26,4],[-19,-62],[39,14],[-52,-72],[21,-43],[81,-58],[-5,-6],[-78,58],[-36,-22],[-16,-36],[11,-29],[42,-2],[-13,-30],[-70,-98],[-107,-19],[-39,22],[-34,-44],[-4,-37],[-85,-62],[-38,-53],[6,-32],[-44,-43],[-12,-43],[-54,-109],[-8,-124],[32,-22],[-6,-88],[-20,1],[-22,-39],[23,-68],[44,-26],[26,-40],[-78,-28],[35,-35],[-30,-24],[3,-20],[-27,-34],[4,-36],[-16,-25],[-47,27],[-73,-50],[-15,-24],[59,-129],[-8,-23],[-38,111],[-38,43],[-85,-69],[-30,-73],[29,-16],[-16,-19],[27,-9],[22,-55],[33,-16],[7,-71],[45,-55],[19,-10],[-19,-35],[19,-27],[41,3],[30,-17],[45,-92],[-29,-4],[25,-28],[-49,-52],[-56,-11],[-2,-50],[-29,-49],[-22,-7],[-3,-55],[-42,-11],[-78,13],[-22,-38],[33,-24],[22,-38],[-115,8],[-5,-68],[26,-18],[41,1],[-9,-21],[-66,3],[-11,-75],[25,-86],[20,-42],[83,-47],[74,5],[31,26],[62,-4],[32,40],[-8,36],[-87,90],[7,7],[88,-96],[113,13],[27,28],[35,-9],[29,71],[143,38],[91,6],[0,-20],[34,25],[36,-11],[-14,-27],[-77,-8],[37,-64],[-6,-50],[19,-60],[-8,-36],[12,-35],[36,-3],[63,-42],[-33,-24],[10,-67],[-27,-17],[10,-28],[39,-34],[55,7],[28,36],[36,-11],[39,-42],[-29,-16],[-86,-9],[34,-107],[-8,-3],[-27,76],[-17,-10],[-74,9],[-32,-65],[3,-45],[24,-39],[23,-6],[123,12],[18,-28],[56,51],[80,-2],[-42,-46],[-50,-32],[-41,-13],[-1,-43],[-19,-9],[12,-29],[-36,-51],[-38,-24],[-30,-1],[-8,-22],[-101,-28],[15,-19],[-22,-19],[-35,21],[-17,-26],[-48,11],[-18,-35],[-36,-9],[-22,32],[-26,7],[-18,-29],[4,-45],[-53,-31],[-97,20],[-39,16],[-174,164],[11,13],[-34,32],[-72,-34],[-4,8],[65,35],[-21,74],[14,3],[-25,61],[-36,21],[-37,-2],[-3,-23],[-38,16],[-14,-28],[-15,26],[-19,-36],[-111,-446],[0,-108],[16,-24],[360,-148],[-30,-74],[174,-70],[-38,-91],[-251,53],[-306,125],[-113,20],[-13,-59],[-88,-30],[-66,16],[-14,-67],[-7,-125],[176,-30],[453,-197],[297,-538],[202,-196],[-7,-8],[-202,197],[-210,380],[-14,20],[-33,-35],[-465,203],[-25,-17],[5,-194],[236,-103],[5,-218],[241,-535],[0,-30],[-81,33],[-101,-3],[17,-39],[6,-252],[-19,-9],[-148,-4],[-132,13],[-6,-11],[19,-131],[28,-27],[87,-328],[-9,-2],[-88,331],[-24,17],[-20,135],[-58,49],[-33,-6],[-26,28],[-52,16],[-47,-72],[-13,-136],[11,-10],[46,-150],[90,23],[66,-251],[33,13],[2,-91],[-17,0],[1,-41],[17,1],[40,-48],[-65,-61],[-29,-12],[-4,182],[-122,1],[-52,-57],[8,-41],[-7,-58],[25,-42],[-37,-58],[-76,4],[-34,-77],[-5,-80],[5,-44],[70,-195],[48,-73],[28,-15],[-44,-2],[31,-46],[-50,-19],[-15,-33],[-56,-18],[-23,17],[-27,-52],[1,-31],[-20,-43],[-53,13],[-63,-25],[-149,-138],[-133,-192],[-4,-27],[-44,-61],[15,-90],[102,-91],[-292,-343],[27,43],[130,153],[-141,127],[-177,-92],[-4,8],[-179,-94],[184,-164],[-2,-3],[-178,159],[-42,-49],[-7,7],[-97,-114],[-12,-29],[254,-229],[130,153],[5,-5],[-196,-228],[-265,240],[-20,-66],[-32,-1],[-9,-24],[-33,3],[-27,-20],[-26,6],[-24,-50],[-8,-185],[0,-115],[69,-190],[36,-63],[111,-144],[48,-48],[-18,-67],[4,-52],[-36,-109],[36,8],[64,-27],[10,-40],[-14,-40],[-71,-2],[-4,-89],[71,44],[-56,-83],[-6,-27],[74,-56],[30,40],[9,-19],[85,-15],[69,-37],[24,16],[44,-37],[92,-58],[106,-36],[53,-8],[39,7],[99,-13],[79,-2],[38,16],[70,49],[26,33],[6,79],[-16,7],[33,73],[87,53],[46,59],[17,54],[-11,69],[12,12],[-11,74],[11,17],[116,50],[12,30],[32,14],[4,45],[-41,83],[117,49],[37,41],[14,45],[-28,8],[15,59],[32,-3],[24,45],[7,56],[-10,36],[81,61],[36,53],[21,62],[44,17],[47,43],[11,52],[-35,100],[85,103],[-3,58],[-37,27],[28,50],[28,25],[55,6],[65,31],[60,60],[-22,51],[11,56],[67,58],[0,53],[45,79],[-7,70],[23,42],[23,8],[26,43],[69,-18],[77,48],[1,43],[60,-2],[59,53],[-44,25],[91,157],[30,26],[38,7],[47,91],[36,55],[-15,18],[-131,52],[-55,-22],[92,56],[-18,31],[68,32],[-1,-32],[25,28],[30,-16],[61,38],[33,38],[28,4],[-11,37],[36,-17],[11,34],[26,-2],[20,65],[28,24],[16,-32],[90,4],[87,23],[91,53],[27,27],[-1,43],[28,83],[93,61],[77,73],[40,60],[52,116],[-2,30],[22,62],[40,80],[70,94],[-22,40],[17,-2],[55,31],[19,73],[73,65],[-3,54],[39,45],[9,40],[-11,32],[33,59],[21,-1],[57,101],[7,55],[25,55],[69,43],[47,83],[26,29],[59,107],[17,14],[23,73],[-3,29],[24,-10],[39,30],[42,72],[56,74],[-1,72],[23,11],[69,90],[36,67],[76,36],[37,36],[20,79],[-38,24],[63,32],[49,-13],[26,73],[2,45],[24,78],[-41,15],[34,21],[76,11],[30,24],[31,-22],[54,36],[27,66],[-22,16],[-18,51],[17,88],[-44,3],[-20,17],[43,52],[52,-4],[32,23],[62,-15],[52,31],[17,51],[-5,45],[-42,21],[-25,86],[-33,12],[43,9],[-12,25],[33,40],[7,37],[30,47],[5,40],[83,23],[23,-10],[44,25],[62,73],[5,59],[-33,1],[-12,20],[21,23],[32,84],[24,29],[16,-12],[20,34],[41,-50],[34,-18],[74,66],[37,49],[31,75],[15,75],[-18,2],[-10,41],[25,18],[-48,-2],[2,54],[50,43],[18,34],[20,-5],[32,25],[26,-10],[47,16],[-5,18],[-38,-12],[9,48],[-10,38],[47,-22],[45,2],[7,69],[27,8],[26,59],[-42,5],[8,23],[44,26],[-27,39],[5,29],[69,7],[18,-14],[12,27],[-65,3],[-40,15],[57,18],[44,25],[84,-2],[-29,-27],[17,-35],[75,3],[2,35],[41,30],[36,-1],[111,49],[31,-2],[17,-72],[-26,-9],[7,-30],[54,-26],[24,40],[36,5],[-25,22],[-6,55],[13,33],[16,-55],[55,52],[19,-6],[56,22],[15,-47],[-56,-23],[31,-14],[-19,-20],[20,-25],[24,23],[20,-13],[91,55],[16,-41],[-23,-36],[49,38],[5,-56],[-18,-83],[-29,-23],[-23,12],[-6,35],[-37,-77],[-41,25],[-16,33],[-1,-82],[-43,-18],[-33,-36],[-70,-17],[5,-49],[33,6],[44,-31],[-16,-68],[12,-23],[42,-11],[30,26],[50,-50],[72,43],[0,-35],[-43,-40],[52,27],[17,-33],[-27,-40],[-92,-34],[-68,-136],[34,-12],[-7,-28],[26,-4],[22,-40],[-5,-27],[36,9],[23,24],[53,-8],[25,-46],[27,1],[21,44],[40,-2],[-7,-35],[-38,-12],[26,-16],[7,-40],[42,10],[-14,-57],[19,1],[7,-96],[-22,-55],[-17,9],[-5,-43],[-63,-14],[-48,-73],[56,31],[-34,-47],[-48,-11],[-117,-14],[5,-24],[54,-13],[53,2],[3,-32],[56,20],[41,-13],[3,-44],[37,-3],[27,24],[16,-38],[-51,-18],[-37,11],[-30,-78],[-16,0],[-25,41],[8,-68],[-65,-27],[-53,-6],[-26,-54],[25,-50],[51,37],[59,8],[22,-11],[-11,-45],[20,-30],[-23,-23],[-87,5],[2,-47],[37,0],[-32,-31],[46,-19],[59,31],[22,-34],[21,23],[8,-60],[-1,-69],[-36,-4],[-8,-41],[27,14],[10,-62],[59,21],[29,-29],[66,-23],[-16,-49],[-50,28],[-4,-26],[-45,5],[-30,27],[5,-58],[-27,21],[-54,-10],[-17,66],[-29,4],[-70,-19],[5,-43],[-78,-26],[-28,11],[-35,-15],[-1,-62],[9,-43],[62,-10],[46,71],[-25,-70],[-5,-40],[-21,-1],[12,-39],[49,9],[34,-8],[70,13],[-9,-33],[-72,-29],[7,-33],[70,35],[22,-12],[-34,-29],[-42,-11],[8,-30],[53,-98],[59,5],[-10,-16],[23,-31],[41,-1],[26,20],[47,-25],[10,-100],[-25,-25],[-94,-53],[-35,-33],[-79,-9],[-51,-26],[-97,8],[-16,-33],[-65,17],[-28,-13],[1,-59],[27,-32],[47,22],[17,-27],[-46,-8],[26,-19],[-32,-7],[31,-13],[-6,-29],[82,10],[19,-47],[45,20],[30,-27],[-52,-12],[5,-40],[-21,-23],[-60,-7],[26,-16],[51,26],[7,-23],[-27,-49],[-34,3],[-10,-30],[-48,-16],[-17,17],[-9,-62],[-6,39],[-96,17],[-7,-50],[-18,-2],[9,-54],[25,-16],[35,26],[35,1],[20,-19],[32,-148],[-12,-20],[51,-21],[30,45],[24,10],[9,-41],[-11,-38],[-34,-39],[-29,-14],[19,-17],[-29,-22],[9,-27],[33,10],[-39,-125],[20,3],[12,-68],[-33,-40],[-26,5],[3,-32],[27,-25],[43,8],[12,-56],[-43,1],[-27,-33],[0,-36],[39,19],[-18,-41],[2,-50],[-68,-4],[-26,-36],[34,-70],[35,-18],[30,10],[-4,-36],[-42,-3],[-44,-50],[-24,-7],[0,-54],[78,-17],[24,-29],[-48,-23],[-19,-23],[12,-103],[53,-70],[46,-46],[66,18],[21,-37],[40,-4],[9,38],[12,-37],[30,-2],[45,34],[-16,17],[24,79],[26,12],[21,-19],[21,43],[28,-17],[2,-38],[-44,-33],[9,-50],[-27,-23],[16,-31],[66,116],[-6,-47],[14,-56],[48,9],[3,33],[65,57],[59,10],[-18,-54],[65,7],[-48,-56],[13,-24],[-36,-10],[13,-18],[54,6],[-34,-52],[41,-1],[-27,-46],[38,16],[-18,-35],[34,-105],[34,-29],[31,12],[1,-26],[32,21],[76,15],[-31,-28],[55,-33],[63,9],[-15,-29],[-55,-3],[-52,-45],[-47,24],[-3,22],[-35,10],[-23,-40],[-31,22],[-12,-50],[-42,46],[-43,-20],[22,-47],[31,-20],[-53,-13],[-36,24],[3,23],[-30,22],[-115,-16],[-34,-32],[-12,-48],[-64,1],[-5,-30],[-47,-17],[-31,-36],[-8,-91],[31,-41],[-23,-25],[16,-45],[-40,-28],[-21,-70],[-5,-90],[30,-73],[34,-38],[20,-128],[20,-61],[45,-44],[8,-52],[24,-29],[9,-43],[25,-20],[123,80],[47,-76],[66,-79],[-5,-12],[-70,84],[-40,60],[-111,-63],[61,-72],[15,10],[136,-95],[75,-36],[126,28],[44,22],[22,-12],[38,28],[8,-45],[-56,-4],[-86,-87],[-22,-6],[-51,-52],[-63,-30],[-35,-43],[-36,-64],[-26,-123],[55,-112],[61,-49],[-21,0],[-74,-87],[-29,-6],[-5,-64],[-24,-32],[14,-120],[39,-59],[85,-44],[35,-31],[31,7],[33,-37],[-24,-39],[2,-34],[-36,-23],[-58,-64],[-33,4],[-62,-76],[20,-58],[-5,-31],[24,-26],[-25,-11],[-46,-52],[-7,-41],[-21,-18],[-2,-76],[53,-62],[7,-40],[-24,-53],[-71,-92],[-49,-36],[-111,-207],[-4,-92],[35,-89],[35,-40],[62,2],[19,-53],[-14,-14],[38,-25],[47,18],[12,19],[37,-5],[8,-22],[183,-54],[-6,-15],[-141,41],[-12,-40],[15,-36],[-42,60],[-68,4],[-37,-56],[-98,-99],[49,-49],[45,50],[-10,10],[44,49],[201,-58],[19,68],[12,-4],[-22,-77],[47,-91],[28,-14],[121,-15],[49,35],[6,34],[86,68],[9,28],[-7,68],[-11,-3],[-25,65],[48,25],[-1,-41],[24,33],[29,-16],[16,24],[29,-14],[22,27],[19,-52],[-23,-28],[-5,-62],[-36,-28],[57,22],[65,47],[34,-3],[3,-27],[-25,-38],[22,-51],[7,-97],[-46,-5],[-24,32],[-33,-11],[3,-32],[-44,-17],[18,-29],[-41,-114],[41,-23],[62,64],[57,-20],[32,20],[32,-29],[14,83],[28,23],[17,-12],[3,40],[30,16],[52,4],[16,-36],[46,6],[47,-33],[56,8],[-24,43],[77,-7],[38,-41],[-12,-13],[20,-57],[35,10],[47,-11],[-21,38],[70,55],[32,-43],[78,67],[102,27],[30,59],[37,-19],[40,17],[4,-24],[103,-1],[-6,-56],[-28,-75],[24,-12],[15,-36],[58,81],[34,-5],[-10,-41],[38,-49],[10,45],[27,16],[-11,87],[21,51],[42,21],[0,-48],[-18,-64],[8,-81],[82,72],[0,30],[-22,-5],[29,37],[-18,28],[15,42],[77,-37],[8,44],[69,-20],[43,23],[62,-18],[59,-34],[-62,-65],[-59,-10],[32,-30],[-68,-64],[38,-24],[23,21],[67,14],[12,-23],[-23,-16],[62,3],[41,-62],[-90,-54],[-27,-38],[-29,-9],[-20,29],[-33,-42],[13,-23],[-25,-9],[26,-47],[39,5],[43,-36],[14,29],[22,-19],[-33,-28],[15,-15],[16,-58],[-23,-12],[9,-24],[-34,-48],[-80,27],[-24,-66],[22,-36],[32,-22],[-24,-11],[0,-69],[22,-30],[-9,-40],[9,-43],[54,-8],[-20,-74],[18,-16],[45,61],[56,13],[44,-85],[16,-59],[-8,-37],[-65,-108],[25,-15],[-12,-19],[-74,-21],[4,-41],[-30,-8],[0,-89],[25,-49],[43,-37],[46,-18],[50,4],[30,40],[19,-12],[-13,50],[43,5],[37,44],[-7,14],[29,35],[77,9],[87,43],[34,3],[47,-46],[25,26],[3,-32],[51,18],[27,-14],[26,16],[4,36],[-38,38],[-6,30],[28,8],[14,-35],[9,39],[36,-8],[20,16],[10,-87],[-6,-29],[24,-17],[43,71],[31,8],[43,-17],[45,-55],[-7,-47],[14,-57],[42,-26],[-25,-29],[-44,-3],[-6,-23],[41,8],[56,-13],[20,-33],[-62,-18],[53,-7],[-16,-47],[45,10],[10,-13],[-50,-17],[71,-12],[21,-40],[-14,-46],[-25,-26],[-41,-8],[-51,9],[26,-64],[25,-8],[-42,-42],[-30,-6],[26,-25],[-9,-37],[4,-51],[-54,1],[-3,-21],[50,-11],[51,-50],[-27,-9],[3,-44],[20,-1],[8,-38],[25,-18],[6,27],[50,-30],[6,-50],[-28,-12],[-45,4],[-44,50],[-40,-19],[-19,-26],[-14,-83],[88,-33],[-20,-112],[28,8],[24,-64],[10,-59],[0,-60],[-16,-14],[89,-36],[5,-17],[-51,-15],[12,-36],[21,15],[23,-20],[1,-35],[-30,-18],[-4,-44],[-24,-16],[-24,-59],[11,-30],[-19,-57],[5,-24],[-23,-69],[26,-15],[32,37],[26,82],[0,87],[52,26],[44,-21],[19,36],[50,18],[-1,-31],[50,-22],[-21,-35],[3,-26],[-44,-76],[33,42],[28,-27],[-46,-89],[-33,-11],[29,-63],[0,-23],[-78,-78],[-5,-33],[-51,-37],[-51,17],[-52,41],[26,-42],[7,-50],[41,-14],[-28,-50],[-51,-45],[1,-16],[73,-12],[-26,-25],[-69,18],[110,-73],[-65,5],[36,-51],[-6,-70],[-71,22],[-14,46],[4,-78],[-44,-39],[-23,2],[-9,31],[-38,-25],[-49,38],[1,29],[-34,-28],[-97,12],[-7,-13],[53,-8],[18,-35],[-39,5],[72,-28],[-9,-20],[38,-26],[-27,-18],[32,-30],[-24,-45],[-63,-34],[-21,1],[-6,-31],[24,-22],[-64,-19],[65,-14],[30,-36],[-47,12],[-45,-16],[28,-18],[-3,-39],[-43,-27],[23,-14],[-54,-34],[9,-12],[51,13],[75,-6],[-87,-40],[8,-41],[41,-30],[-15,-60],[44,2],[-12,-92],[-40,-37],[-33,6],[-18,34],[3,48],[-34,70],[-9,-5],[-6,-85],[-45,-7],[-48,7],[20,-47],[-75,-2],[-39,28],[-15,-21],[-20,53],[-26,-20],[-14,-40],[-40,34],[-83,24],[-9,-51],[-70,58],[7,-38],[-27,2],[-15,-23],[42,-50],[-6,-35],[25,-41],[-1,-33],[-39,22],[-36,-46],[-26,16],[4,57],[-55,-27],[-43,4],[-9,-21],[-37,19],[-34,74],[-29,-16],[8,-35],[-64,-6],[33,-25],[-65,-6],[9,-26],[-37,4],[-49,62],[-42,-44],[37,54],[-39,31],[-42,7],[-58,-38],[-15,-41],[25,-33],[51,5],[17,-78],[25,-16],[-7,-31],[43,4],[56,-13],[33,-22],[38,7],[-17,-36],[-71,-47],[-29,19],[-4,-22],[-63,6],[-31,-14],[6,-49],[30,15],[58,-23],[-32,-13],[36,-68],[19,9],[43,-38],[35,13],[29,29],[69,11],[34,-17],[-56,-13],[46,-35],[-25,-25],[63,18],[1,-21],[38,39],[14,-65],[37,8],[13,-31],[33,-4],[-9,-62],[35,23],[20,-55],[60,11],[-37,-39],[22,-19],[40,-75],[62,26],[45,-31],[25,30],[87,4],[3,-28],[-28,-38],[-62,-11],[-3,-31],[46,-21],[-40,-29],[-27,40],[-5,-42],[-46,-10],[19,-41],[-43,9],[-34,-11],[-14,-54],[-84,-35],[-4,13],[-26,-99],[-33,-13],[-67,38],[-14,-43],[-44,-51],[-53,0],[-62,50],[-8,33],[10,51],[-31,9],[33,12],[-26,23],[-35,-9],[40,32],[-22,64],[-31,-12],[-15,32],[-52,10],[-10,32],[-24,5],[-37,55],[-34,-13],[2,56],[-17,12],[-72,4],[-36,17],[-69,75],[20,33],[-25,14],[-33,45],[-76,127],[-48,57],[-85,58],[-16,58],[-22,16],[-41,3],[-8,36],[-47,27],[2,13],[-47,31],[-65,13],[-84,-17],[-126,-48],[-45,-38],[-45,33],[-61,11],[-54,45],[-64,23],[-59,2],[-85,-47],[-38,-51],[61,-143],[-12,6],[-31,75],[-72,-31],[-19,-78],[-8,2],[18,80],[-31,44],[-62,-44],[-6,7],[-72,-70],[89,-78],[58,23],[4,-10],[-78,-30],[-71,61],[-50,-142],[8,-21],[-44,-88],[-27,-98],[21,-59],[-38,-3],[-4,-57],[-52,23],[-79,-34],[-31,-22],[23,-34],[-7,-35],[-21,4],[12,-42],[-28,-36],[-25,-98],[-22,3],[0,-78],[22,-31],[119,78],[30,111],[10,-3],[-32,-115],[-102,-66],[4,-39],[37,-58],[53,-51],[51,-12],[36,-32],[-27,-44],[-35,-29],[-65,-29],[27,-21],[5,-29],[-22,-20],[16,-33],[-34,-38],[-31,-56],[11,-46],[-30,4],[-24,-84],[6,-84],[40,-85],[-71,-89],[-5,-39],[44,-3],[-3,-73],[-33,-14],[15,-62],[-111,-142],[31,-3],[-36,-60],[-36,-22],[46,-41],[25,25],[55,0],[6,-38],[-8,-59],[-45,-37],[-58,-9],[-9,25],[-31,-17],[-1,-32],[-43,-25],[-28,28],[2,-24],[-39,-46],[-26,16],[-26,-44],[-12,-103],[22,-24],[28,16],[34,-81],[-14,-76],[-20,-18],[-14,75],[-31,-100],[-44,-64],[-8,28],[-8,-65],[-22,-40],[-20,33],[-19,-7],[-10,30],[-24,-82],[15,-38],[-30,-23],[-40,58],[-31,14],[-18,-65],[-33,-2],[10,-41],[-29,-8],[-43,23],[-5,-28],[-59,-12],[-54,5],[13,-73],[46,-54],[31,9],[22,-74],[43,-55],[-41,-22],[-51,14],[-36,25],[4,-41],[-35,10],[38,-51],[-4,-15],[-40,32],[-37,-9],[-51,33],[-4,20],[26,36],[0,30],[-39,35],[-52,-23],[-42,38],[22,20],[-10,32],[-36,37],[-27,-46],[-32,-27],[-12,21],[-29,-38],[-13,29],[-74,-24],[-32,9],[-41,44],[-98,49],[-31,-21],[-68,-3],[-53,-38],[-29,-61],[-6,-108]],[[114958,84292],[-81,81],[-50,106],[-33,17],[-77,2],[-86,16],[-39,49],[13,61],[3,106],[-18,43],[-22,125],[-69,84],[-73,28],[-68,10],[-22,52],[-102,126],[-51,25],[-34,32],[-82,101],[-47,73],[-102,38],[-63,77],[-78,109],[-74,58],[-45,22],[-82,21],[-54,27],[-107,87],[-59,114],[5,104],[34,40],[19,57],[-17,42],[-7,60],[13,34],[-23,99],[-10,10],[-50,-30],[-106,-44],[-113,8],[-61,-35],[-131,12],[-44,35],[-56,75],[-41,66],[-106,17],[-63,-7],[-63,26],[-48,47],[-2,64],[35,97],[19,125],[15,38],[2,53],[-31,84],[-41,40],[-29,61],[-33,108],[-57,133],[-51,65],[-77,59],[-75,73],[-36,55],[-19,65],[10,98],[-14,84],[-3,112],[-63,150],[-36,72],[-22,114],[-24,53],[7,81],[-7,112],[-21,36],[-98,42],[-101,52],[-19,79],[-70,93],[-41,90],[-39,147],[16,151],[-12,7],[-187,6],[-85,26],[-79,-38],[-79,-18],[-42,3],[-198,79],[-137,1],[-242,8],[-49,13],[-142,-58],[-32,18],[-37,45],[-65,59],[-65,84],[-33,23],[-34,42],[-56,132],[-5,38],[-35,102],[-31,24],[-67,-3],[-45,33],[-33,8],[-94,-5],[-42,17],[-57,-23],[-71,-12],[-37,15],[-56,48],[-51,1],[-21,86],[-50,37],[-126,23],[-168,18],[-14,-37],[-81,-32],[-56,16],[-63,60],[-29,12],[-32,-19],[-111,-30],[-71,-5],[-129,-31],[-48,-39],[-72,-13],[-99,-6],[-58,42],[-101,51],[-41,46],[-81,8],[-64,-32],[-50,4],[-91,-19],[-103,-12],[-42,-17],[-44,-36],[-71,-16],[-81,2],[-13,-14],[-11,-64],[-18,-29],[-53,-25],[-10,-76],[-22,-25],[-26,4],[-88,68],[-25,9],[-45,-63],[-59,-48],[-2,-85],[-27,-11],[-39,-39],[-40,-9],[-2,61],[-83,14],[-37,27],[-115,-15],[-64,-27],[-149,0],[-38,7],[-55,-26],[-74,14],[-115,79],[-88,45],[-25,-4],[-63,-50],[-105,-72],[-77,0],[-123,-26],[-87,13],[-36,79],[-92,35],[-107,81],[-34,48],[-100,-1],[-53,9],[-46,59],[-53,36],[-32,50],[-107,33],[-19,17],[-18,81],[-8,95],[-56,71],[-27,7],[-57,-15],[-45,9],[-52,25],[-54,-3],[-14,20],[-64,5],[-68,40],[-29,35],[-10,57],[-43,70],[-24,54],[-40,31],[-74,16],[-74,68],[-51,25],[-54,78],[-42,115],[-62,95],[-78,76],[-43,52],[-38,75],[-48,114],[-12,13],[-152,-18],[-53,-40],[-95,-17],[-36,-36],[-30,-6],[-107,46],[-82,62],[-57,24],[-83,-92],[-49,-80],[-44,-22],[-62,-11],[-68,-31],[-38,-41],[-122,-51],[-30,-22],[-16,-34],[-106,-100],[-23,-3],[-142,26],[-137,-81],[-82,-19],[-107,7],[-121,-29],[-47,-3],[-96,21],[-55,-41],[-33,-69],[-66,-59],[-59,-24],[-76,3],[-60,-9],[-62,-48],[-117,-25],[-48,-76],[-52,-101],[-179,-46],[-52,9],[-113,6],[-112,-1],[-32,-7],[-84,-49],[-47,-51],[-19,-66],[-51,-121],[-49,-29],[-56,1],[-117,-36],[-58,-48],[-52,-60],[-43,-36],[-32,-2],[-122,45],[-66,5],[-104,-33],[-116,48],[-38,-4],[-110,6],[-56,21],[-55,61],[-74,19],[-93,65],[-71,81],[-54,35],[-61,61],[-44,63],[-34,5],[-62,-29],[-81,-17],[-81,21],[-141,68],[-99,-48],[-161,-100],[-47,-17],[-78,-1],[-134,-50],[-136,-69],[-91,28],[-61,-8],[-60,-42],[-57,-50],[-71,-13],[-112,13],[-78,-53],[-190,-62],[-72,11],[-106,-20],[-33,-18],[-66,-65],[-92,-50],[-84,-57],[-65,-17],[-97,14],[-192,9],[-118,-10],[-228,-31],[-80,19],[-225,-81],[-153,-75],[-73,-23],[-67,-37],[-108,-31],[-76,-29],[-21,-28],[-4,-46],[-20,-28],[-174,-78],[-63,-51],[-50,-30],[-95,-3],[-52,-19],[-79,-66],[-115,-71],[-120,-21],[-110,-26],[-63,10],[-152,47],[-50,6],[-125,35],[-51,-10],[-72,-32],[-92,-58],[-57,-24],[-22,-28],[-73,-46],[-55,-2],[-169,-47],[-39,7],[-145,-3],[-8,-28],[-53,-68],[-74,-154],[-48,-134],[-33,-10],[-54,-45],[-30,-37],[-83,-179],[-10,-54],[-45,-68],[-27,-86],[22,-158],[-12,-77],[9,-128]],[[92750,87593],[-63,-3],[-81,-28],[-86,-48],[-50,1],[-101,18],[-159,-103],[-34,-124],[-34,-30],[-62,-32],[-18,-21],[4,-45],[-14,-38],[-5,-62],[-44,-78],[-48,-112],[-36,-34],[11,-99],[0,-80],[53,-107],[34,-32],[13,-32],[-42,-85],[-11,-92],[-30,-41],[-124,-80],[-17,-50],[33,-58],[-21,-79],[16,-63],[23,-39],[-10,-90],[-56,-64],[-7,-55],[19,-43],[6,-58],[-61,-83],[-240,-140],[-68,-36],[-117,-24],[-126,-43],[-36,-19],[-49,-80],[-62,-43],[-69,6],[-56,-23],[-70,1],[-110,-21],[-63,2],[-82,14],[-106,2],[-173,75],[-67,-37],[-73,-8],[-241,-84],[-72,-35],[-188,-146],[-116,-117],[-33,-46],[-6,-106],[-33,-37],[-46,-74],[-14,-57],[-37,-60],[-84,-91],[-23,-41],[-72,-88],[-31,-95],[-3,-98],[-31,-116],[-77,-141],[4,-77],[-30,-45],[-27,-86],[-42,-154],[6,-125],[-23,-73],[5,-56],[-31,-94],[56,-59],[74,-116],[10,-30],[-49,-150],[9,-71],[71,-134],[-24,-64],[-65,-46],[-36,-56],[-6,-62],[-43,-128],[-64,-120],[-27,-61],[8,-50],[92,-115],[73,-57],[72,-42],[64,-104],[67,-94],[5,-106],[20,-35],[112,-117],[14,-24],[17,-77],[-1,-91],[-9,-72],[3,-73],[56,-87],[34,-74],[97,-268],[29,-58],[44,-65],[41,-37],[84,-47],[105,-39],[47,-74],[9,-56],[-1,-121],[-38,-103],[10,-141],[14,-87],[74,-244],[56,-161],[9,-76],[-4,-82],[48,-103],[42,-54],[69,-140],[74,-109],[32,-27],[118,-42],[73,-106],[1,-50],[-42,-85],[-38,-33]],[[90422,78285],[-97,3],[-62,-8],[-125,0],[-61,-18],[-142,-85],[-67,-19],[-87,-8],[-95,0],[-196,-22],[-94,-6],[-111,16],[-50,-37],[-119,-35],[-89,-4],[-111,26],[-104,-8],[-77,-28],[-54,-32],[-106,-33],[-88,-16],[-93,-1],[-98,25],[-82,0],[-173,-27],[-57,2],[-70,-17],[-72,-84],[-76,-132],[-37,-103],[-23,-31],[-45,-26],[-239,-108],[-91,-14],[-75,7],[-46,-8],[-125,5],[-125,32],[-57,44],[-25,60],[-25,88],[-49,85],[-86,15],[-108,106],[-66,94],[-24,23],[-220,94],[-151,107],[-49,19],[-71,49],[-41,79],[-1,67],[14,82],[-59,25],[-126,80],[-188,85],[-96,32],[-109,102],[-54,60],[-39,69],[-60,185],[-5,85],[-49,165],[8,68],[-79,-12],[-85,-31],[-98,-10],[-98,16],[-24,-12],[-103,-86],[-57,-55],[-53,-69],[-52,-104],[2,-150],[-10,-45],[-44,-30],[-91,57],[-73,37],[-112,22],[-87,24],[-133,72],[-144,104],[-17,49],[-40,31],[-95,26],[-106,5],[-161,-14],[-42,-15],[-136,0],[-47,30],[-25,44],[-92,42],[-186,154],[-30,126],[-33,45],[-129,151],[-10,173],[-12,50],[-86,164],[28,79],[-1,175],[-32,100],[-52,7],[-155,47],[-100,81],[-52,52],[-58,139],[-28,112],[-30,50],[-66,50],[-75,81],[-64,22],[-77,37],[-145,-11],[-72,32],[-22,34],[-29,73],[-64,34],[-57,12],[-47,57],[-18,38],[-76,126],[-41,48],[-80,54],[-82,78],[-56,122],[-33,49],[-60,63],[-28,62],[-11,117],[9,36],[64,66],[46,114],[2,96],[-19,83],[-1,179],[27,187],[-79,0],[-37,13],[-133,11],[-72,-2],[-126,-44],[-61,-13],[-17,-18],[-250,-41],[-169,17],[-94,49],[-52,14],[5,41],[20,31],[38,96],[7,40],[-36,69],[-70,154],[-39,98],[-39,42],[-78,50],[-25,92],[-87,176],[-35,89],[-28,108],[-36,26],[-92,13],[-91,-6],[-71,3],[-2,182],[-13,89],[-26,41],[-55,44],[-59,22],[-86,52],[-109,56],[-6,21],[-162,103],[-65,71],[-38,96],[-79,31],[-74,14],[-65,27],[-125,137],[-76,105],[-55,96],[-37,88],[-22,71],[-39,155],[-36,75],[-69,52],[-87,75],[-101,68],[-18,0],[-171,-102],[-34,1],[-215,54],[-103,67],[-32,33],[-39,107],[-29,115],[-183,203],[-95,60],[-65,67],[-37,57],[-74,63],[-169,62],[-136,18],[-104,33],[-67,37],[-91,25],[-38,19],[-23,106],[-17,197],[1,51],[-63,-35],[-100,-41],[-99,-34],[-55,-5],[-68,9],[-76,19],[-110,0],[-122,11],[-93,-16],[-142,-13],[-43,-13],[-92,-44],[-102,-34],[-132,13],[-140,95],[-80,28],[-138,6],[-126,-71],[-188,-114],[-26,6],[-87,59],[-80,48],[-37,36],[-232,71],[-32,18],[-105,107],[-71,-4],[-93,-45],[-73,-1],[-25,44],[-22,72],[-38,96],[-4,32],[-25,17],[-14,43],[-36,32],[-78,40],[-100,100],[-56,37],[-64,28],[-71,45],[-67,59],[-37,20],[-64,11],[-33,16],[-42,44],[-99,50],[-93,70],[-45,26],[-79,18],[-77,2],[-26,64],[-55,46],[-145,77],[-53,16],[-71,5],[-20,15],[-21,86],[-72,99],[-25,52],[-1,90],[-58,37],[-12,58],[-67,58],[-88,99],[-15,36],[-10,79],[7,35],[43,79],[10,75],[25,46],[-78,134],[-17,133],[-15,28],[-127,93],[-18,46],[10,60],[-5,52],[3,128],[-38,53],[-30,25],[-2,101],[-38,64],[-7,41],[12,76],[-23,62],[3,82],[-14,84],[24,66],[9,108],[-47,14],[-106,80],[-83,-20],[-67,19],[-43,24]],[[70784,90844],[-80,-3],[-29,-21],[-126,13],[-112,-17],[-146,-47],[-76,12],[-117,36],[-114,10],[-40,20],[-200,63],[-97,-2],[-94,14],[-101,26],[-75,6],[-45,-17],[-80,-73],[-84,-9],[-101,8],[-80,0],[-66,-13],[-121,12],[-171,-30],[-112,9],[-119,-33],[-27,-14],[-150,-25],[-100,35],[-81,12],[-37,-8],[-85,5],[-114,45],[-26,24],[-70,12],[-129,-42],[-46,-6],[-64,-63],[-100,-63],[-167,-38],[-95,-44],[-47,-6],[-140,18],[-105,-13],[-37,9],[-78,0],[-68,-12],[-123,-86],[-47,-24],[-52,-56],[-109,-24],[-147,-12],[-57,-32],[-48,7],[-39,-34],[-39,-6],[-99,12],[-48,20],[-132,27],[-11,15],[-31,160],[-54,66],[-88,61],[-36,78],[-8,49],[-92,147],[-62,125],[-32,17],[-87,83],[-116,160],[-35,26],[-106,34]],[[113147,103439],[-20,-24],[12,-62],[17,-3],[13,-64],[-76,5],[-19,-57],[18,-26],[-43,14],[-17,51],[-42,10],[48,-112],[-6,-22],[-67,-2],[-41,37],[-32,-5],[-19,40],[14,61],[-24,2],[-1,27],[23,29],[19,54],[-20,59],[32,-6],[22,36],[-18,47],[45,15],[14,44],[42,-2],[23,-33],[32,-7],[10,-29],[-21,-63],[52,-1],[8,16],[40,-4],[-18,-25]],[[112431,101334],[-33,43],[-39,4],[-12,32],[34,6],[37,-32],[62,-15],[48,2],[-9,54],[17,14],[36,-36],[4,-45],[51,13],[-38,-48],[1,-41],[34,-7],[33,-50],[34,-18],[33,6],[16,31],[43,-32],[20,17],[25,-42],[-43,-9],[-17,-27],[25,-8],[-17,-26],[2,-45],[-95,31],[23,22],[-31,-2],[7,21],[-38,-1],[-58,68],[37,-6],[-69,44],[-47,48],[12,12],[-58,-2],[-30,24]],[[112947,105296],[-5,25],[41,15],[30,-41],[27,40],[38,-18],[2,-69],[-31,28],[-29,-43],[-36,5],[-12,-24],[-40,59],[15,23]],[[113151,109215],[-27,-41],[-49,2],[-46,25],[24,-40],[-136,13],[-27,32],[17,18],[74,-15],[58,7],[67,-15],[-27,16],[72,-2]],[[119909,90260],[27,27],[22,-27],[32,1],[-5,-55],[-64,-66],[-44,7],[32,113]],[[111975,96700],[-23,-44],[78,-44],[-8,-16],[36,-20],[-25,-46],[-122,68],[57,106],[7,-4]],[[120061,90454],[37,-24],[-49,-1],[-94,47],[-52,45],[38,-18],[164,11],[-23,-26],[-46,-6],[-8,-23],[33,-5]],[[113035,108193],[-1,-65],[-108,38],[19,24],[34,5],[31,78],[17,-14],[-12,-61],[20,-5]],[[115840,84423],[39,5],[35,21],[33,-68],[-28,-32],[-22,23],[-42,4],[-15,47]],[[114042,112679],[-47,11],[81,76],[36,-13],[-5,-55],[-65,-19]],[[116480,100641],[-3,30],[20,53],[49,26],[10,-58],[-6,-32],[-41,-28],[-29,9]],[[113125,108147],[-35,-18],[-37,7],[4,68],[75,11],[-7,-68]],[[113369,120870],[-20,-28],[-49,34],[-24,52],[27,16],[43,-18],[-1,-31],[24,-25]],[[111946,106446],[95,25],[-9,-47],[-51,-28],[-43,31],[8,19]],[[118993,91384],[6,22],[53,29],[12,33],[6,-47],[-14,-67],[-43,8],[-20,22]],[[112902,109496],[-63,-8],[-29,9],[22,35],[50,24],[35,-26],[-15,-34]],[[112479,100067],[121,-219],[-10,-5],[-192,354],[8,5],[73,-135]],[[116892,96681],[54,30],[73,1],[-6,-17],[-96,-33],[-25,19]],[[118286,92650],[-64,50],[12,15],[35,-40],[12,40],[64,-44],[-2,-18],[-57,-3]],[[118944,86524],[39,22],[48,-35],[-40,-31],[-53,21],[6,23]],[[119693,88554],[5,-21],[-64,9],[29,38],[72,-10],[5,-27],[-47,11]],[[119998,89023],[8,40],[58,-3],[3,-47],[-19,-13],[-50,23]],[[112852,105425],[19,-16],[3,-37],[-26,-76],[-20,70],[7,57],[17,2]],[[116264,98002],[-6,-66],[-29,-20],[-12,14],[-1,65],[48,7]],[[112901,105262],[10,26],[18,-69],[-13,-16],[-25,21],[-32,-2],[1,46],[26,-21],[15,15]],[[113140,109304],[-47,-19],[-43,12],[25,25],[80,20],[-15,-38]],[[116796,95485],[-52,-25],[-57,119],[11,5],[51,-115],[52,24],[52,-120],[-7,-3],[-50,115]],[[116494,99229],[-11,43],[65,2],[-17,-48],[-37,3]],[[116705,85928],[-8,35],[64,-3],[-27,-57],[-29,25]],[[112323,121383],[35,10]],[[112358,121393],[36,-27],[-76,-5],[5,22]],[[120078,90045],[38,-31],[-29,-18],[-55,20],[15,33],[31,-4]],[[118860,86578],[19,29],[36,-2],[5,-41],[-49,-14],[-11,28]],[[116168,97435],[-34,-10],[-42,12],[24,34],[37,-18],[33,7],[-18,-25]],[[111956,100081],[-25,42],[49,201],[7,-2],[-48,-198],[80,-134],[-7,-4],[-56,95]],[[113026,110866],[-28,17],[32,29],[49,-13],[-13,-33],[-40,0]],[[111938,102530],[-4,18],[35,63],[38,37],[16,-5],[-57,-66],[5,-20],[-33,-27]],[[112451,103605],[-6,-65],[-34,-44],[-108,-67],[-38,-51],[-13,10],[30,41],[124,70],[32,42],[13,64]],[[115722,101774],[33,-10],[-28,-23],[-74,3],[28,27],[41,3]],[[113319,120963],[-23,8],[36,32],[41,8],[-18,-52],[-36,4]],[[112265,110085],[5,123],[19,-1],[-6,-123],[-18,1]],[[114436,115198],[8,22],[45,14],[-3,-45],[-40,-14],[-10,23]],[[117189,96696],[8,31],[68,-8],[-35,-29],[-41,6]],[[116762,86434],[-27,40],[37,18],[29,-27],[-39,-31]],[[118928,92262],[28,-1],[-33,-33],[-35,-5],[-18,22],[58,17]],[[112649,107475],[33,8],[61,-28],[-52,-8],[-42,28]],[[116996,92865],[-77,22],[-65,44],[8,11],[60,-41],[77,-21],[-3,-15]],[[116672,97046],[30,29],[-30,-82],[-26,-4],[26,57]],[[111924,101856],[19,-22],[-31,-19],[-32,10],[44,31]],[[112534,100698],[40,-2],[-22,-50],[-14,-2],[-4,54]],[[111889,98265],[-8,0],[-5,213],[7,11],[6,-224]],[[112769,109515],[14,37],[43,-1],[-23,-36],[-34,0]],[[116150,97397],[-30,6],[-35,-22],[9,37],[27,-7],[64,13],[-35,-27]],[[120051,89971],[16,-28],[-46,9],[-4,30],[34,-11]],[[112544,107476],[45,-32],[-85,13],[40,19]],[[116129,101294],[4,28],[40,-10],[-48,-45],[4,27]],[[116493,99325],[22,22],[21,-11],[-38,-49],[-5,38]],[[116692,85626],[9,-21],[-20,-40],[-25,12],[36,49]],[[116326,98850],[-43,8],[51,29],[-8,-37]],[[117267,92478],[3,34],[39,-27],[-15,-30],[-27,23]],[[112491,103663],[-19,-29],[-3,36],[22,-7]],[[115553,101835],[40,-5],[-4,-29],[-32,6],[-4,28]],[[118980,92481],[-19,32],[50,-26],[-31,-6]],[[116957,96759],[26,7],[14,-21],[-68,-11],[28,25]],[[113111,109385],[-32,17],[69,-7],[-37,-10]],[[116607,85951],[59,30],[5,-25],[-46,-17],[-18,12]],[[118961,92221],[36,21],[23,-13],[-29,-31],[-30,23]],[[112925,109515],[9,28],[33,14],[14,-15],[-56,-27]],[[116178,97927],[-23,-15],[-7,40],[31,11],[-1,-36]],[[115627,101745],[-64,-11],[19,24],[45,-13]],[[116434,99820],[40,11],[-41,-41],[-27,-4],[28,34]],[[112990,109558],[50,40],[5,-25],[-55,-15]],[[120045,89829],[0,-42],[-29,7],[12,42],[17,-7]],[[119044,87515],[46,3],[-50,-29],[4,26]],[[111908,101754],[-42,25],[12,45],[12,-58],[18,-12]],[[113442,120996],[7,-13],[-50,-33],[-10,20],[53,26]],[[116494,99040],[-18,43],[33,-1],[-15,-42]],[[116220,84800],[5,31],[26,-10],[0,-35],[-31,14]],[[112529,107375],[-37,-29],[-5,35],[42,-6]],[[115721,101800],[39,26],[6,-41],[-45,15]],[[116451,100661],[18,57],[5,-55],[-23,-2]],[[118650,87610],[10,-31],[-47,7],[37,24]],[[117030,92922],[28,41],[-14,-53],[-14,12]],[[112384,101463],[3,35],[40,-7],[-43,-28]],[[113028,107923],[-46,5],[24,13],[22,-18]],[[114357,112647],[39,20],[-30,-45],[-9,25]],[[119089,92097],[25,-19],[-19,-15],[-25,22],[19,12]],[[115389,101617],[-23,23],[36,8],[-13,-31]],[[116122,98724],[-29,-15],[4,32],[25,-17]],[[116576,99706],[-35,-32],[-13,20],[48,12]],[[112985,107546],[-48,-9],[8,22],[40,-13]],[[116491,99713],[-38,-3],[33,28],[5,-25]],[[112468,110436],[47,-19],[1,-15],[-51,16],[3,18]],[[116776,85895],[17,16],[8,-47],[-27,2],[2,29]],[[116539,85594],[34,24],[6,-19],[-45,-24],[5,19]],[[116415,99714],[-9,15],[42,9],[-11,-35],[-22,11]],[[112127,106391],[-33,-12],[20,32],[13,-20]],[[113123,116549],[53,-6],[-9,-20],[-44,26]],[[119958,89952],[46,-5],[-6,-15],[-40,20]],[[116309,84954],[-3,27],[36,0],[-33,-27]],[[113086,109365],[-4,-16],[-54,2],[27,20],[31,-6]],[[116344,100019],[20,-17],[-37,-5],[17,22]],[[113074,119570],[14,-21],[-32,-12],[18,33]],[[116215,101812],[-12,27],[32,14],[-20,-41]],[[119026,86458],[46,4],[-6,-22],[-40,18]],[[115785,101865],[-43,-20],[15,31],[28,-11]],[[112539,109736],[4,33],[24,2],[-28,-35]],[[112299,101433],[27,10],[19,-36],[-52,15],[6,11]],[[119892,90692],[18,18],[-4,-42],[-18,-19],[4,43]],[[112934,105067],[31,6],[-14,-34],[-17,28]],[[112724,109701],[30,-12],[-61,-4],[31,16]],[[115884,84371],[19,-14],[-15,-24],[-4,38]],[[116077,98223],[-22,6],[28,25],[-6,-31]],[[119594,88288],[-12,21],[32,-3],[-20,-18]],[[112872,104606],[-34,-21],[17,32],[17,-11]],[[112852,107766],[17,27],[20,-20],[-37,-7]],[[118914,91854],[5,23],[38,-10],[-43,-13]],[[118920,91698],[-8,-47],[-17,-5],[25,52]],[[114228,115545],[-7,-30],[-20,18],[27,12]],[[111933,99917],[8,-7],[-49,-64],[-8,6],[49,65]],[[113147,119805],[48,-6],[-30,-11],[-18,17]],[[116684,86305],[-11,-28],[-10,35],[21,-7]],[[112284,96965],[-20,23],[34,-3],[-14,-20]],[[116534,99068],[-14,-22],[-5,40],[19,-18]],[[116389,101199],[24,20],[13,-24],[-37,4]],[[112525,105316],[9,38],[17,-14],[-26,-24]],[[116500,100752],[15,25],[4,-34],[-19,9]],[[116274,97755],[3,-38],[-20,4],[17,34]],[[119308,88088],[37,-20],[-39,2],[2,18]],[[116292,101235],[14,-28],[-21,-5],[7,33]],[[116165,97753],[20,9],[12,-32],[-32,23]],[[114147,112630],[15,-6],[-18,-50],[3,56]],[[112046,102088],[-1,-26],[-32,12],[33,14]],[[117094,92941],[13,41],[15,-29],[-28,-12]],[[113003,104718],[-20,29],[43,-3],[-23,-26]],[[112509,110443],[30,-23],[-29,-1],[-1,24]],[[112810,109466],[-41,-27],[20,31],[21,-4]],[[112768,108976],[-6,25],[32,-19],[-26,-6]],[[112606,109729],[31,27],[19,-8],[-50,-19]],[[112276,110335],[44,1],[-29,-16],[-15,15]],[[112584,103826],[8,46],[9,-29],[-17,-17]],[[118977,92533],[25,16],[5,-24],[-30,8]],[[112375,105325],[13,48],[10,-15],[-23,-33]],[[113572,111960],[-3,-30],[-20,20],[23,10]],[[116001,101848],[37,24],[9,-19],[-46,-5]],[[112958,104594],[-29,-43],[-9,10],[38,33]],[[112065,106391],[-22,11],[25,16],[-3,-27]],[[117226,96679],[16,-21],[-40,8],[24,13]],[[89824,26776],[-61,52],[-73,136],[-63,157],[-63,84],[-111,94],[-35,60],[-90,59],[-24,30],[-35,99],[-52,53],[0,78],[-38,53],[-56,50],[-20,32],[-6,205],[-20,25],[-111,81],[-94,120],[-16,47],[4,68],[-5,122],[-47,71],[-16,108],[-1,46],[-104,87],[-113,164],[-99,247],[-34,173],[-28,86],[-87,210],[-46,100],[-52,69],[-51,122],[-58,-17],[-89,25],[-160,177],[-42,65],[-28,66],[-48,82],[-14,43],[-6,111],[-15,88],[-22,67],[-1,44],[38,96],[7,54],[-23,70],[-47,82],[-10,68],[-9,139],[-29,161],[-7,97],[34,64],[14,98],[-12,56],[-24,46],[-5,55],[11,32],[-15,42],[-56,60],[-55,32],[-77,97],[-62,125],[-37,117],[-37,71],[-63,193],[-14,71],[-33,112],[-46,104],[-92,145],[97,96],[21,87],[-26,83],[-65,145],[-52,82],[-59,106],[-20,58],[-14,111],[6,78],[31,115],[38,62],[30,28],[-120,-51],[-87,-66],[39,62],[118,110],[9,48],[22,32],[-1,54],[-64,38],[32,55],[-28,68],[-27,29],[-55,28],[-37,31],[-2,37],[30,32],[-1,36],[-35,32],[-58,14],[-9,64],[29,16],[28,38],[-17,64],[61,-23],[71,26],[13,37],[-7,90],[29,66],[70,29],[136,78],[78,55],[65,85],[21,42],[48,66],[-3,36],[-46,104],[-34,151],[-46,81],[-34,36],[-53,29],[-118,15],[-80,-4],[-293,39],[-99,35],[-201,45],[-78,5],[-40,-6],[-137,-55],[-158,-98],[-117,-56],[-44,-32],[-75,-92],[-59,-53],[-67,-49],[-36,-89],[-71,-71],[-83,-105],[-26,-61],[-48,-73],[-8,-83],[18,-96],[-16,-47],[-39,-30],[-48,-75],[-99,-121],[-13,-36],[-67,-67],[-64,-38],[-96,-36],[-95,-26],[-51,0],[-68,35],[-111,84],[-159,175],[-37,87],[-48,73],[-134,157],[-52,77],[-37,125],[2,44],[-24,30],[-66,137],[-43,121],[-11,52],[-48,163],[-33,143],[-28,57],[-18,60],[-40,99],[-33,43],[0,90],[-50,95],[-51,64],[-123,90],[-32,31],[-79,55],[-27,51],[19,29],[-7,36],[7,60],[-22,59],[-201,76],[-69,50],[-46,47],[-77,36],[-36,79],[-11,70],[14,151],[-158,106],[-79,61],[-56,61],[-50,71],[6,75],[33,55],[12,69],[-17,57],[59,35],[13,39],[-31,132],[-51,140],[5,43],[74,87],[27,128],[-8,122],[16,51],[28,44],[-122,138],[-69,40],[-41,11],[-49,35],[-47,71],[-36,71],[-46,47],[-97,20],[-79,58],[-51,100],[-18,49],[-32,137],[20,50],[3,65],[67,78],[47,88],[59,50],[2,56],[-30,97],[2,78],[60,120],[48,47],[33,80],[-9,50],[-2,140],[-23,154],[2,65],[-16,85],[-25,34]],[[82354,40873],[-61,41],[-87,82],[-48,22],[-149,-16],[-108,11],[-70,59],[-59,2],[-91,45],[-17,18],[20,69],[12,86],[-18,124],[14,107],[-26,57],[-52,166],[-12,61],[55,105],[12,55],[27,43],[80,53],[20,70],[38,70],[25,65],[-3,54],[30,40],[-8,52],[-40,78],[7,77],[-33,46],[8,85],[26,46],[75,69],[35,62],[100,75],[33,52],[54,39],[8,44],[-9,112],[-16,54],[59,82],[33,58],[90,144],[59,45],[103,23],[37,1],[96,-28],[52,11],[52,102],[70,44],[39,62],[9,101],[-20,50],[-1,46],[25,82],[8,57],[-5,61],[12,79],[-14,134],[-2,59],[12,72],[-11,26],[-55,57],[-13,31],[-4,117],[-9,59],[46,19],[78,-4],[19,18],[12,66],[-20,100],[17,81],[-3,115],[4,84],[75,91],[11,25],[-1,74],[10,61],[14,20],[95,3],[50,19],[159,95],[49,63],[43,69],[41,18],[75,9],[61,102],[47,96],[73,70],[41,82],[86,144],[33,42],[70,26],[37,67],[-89,165],[-23,75],[5,62],[-49,43],[-46,66],[-20,72],[-38,36],[-21,0],[-191,-55],[-32,13],[-25,116],[8,57],[47,52],[12,65],[35,39],[12,34],[7,132],[58,16],[87,57],[44,77],[37,17],[38,-6],[77,6],[41,-5],[79,7],[161,71],[28,31],[63,104],[13,38],[-1,76],[-50,114],[38,61],[12,39],[39,51],[64,-38],[115,-48],[92,1],[155,-47],[37,1],[147,32],[66,-13],[56,15],[60,30],[61,2],[106,-32],[44,-2],[99,-87],[74,-47],[-8,-48],[11,-60],[62,-77],[50,-16],[54,10],[36,51],[91,17],[110,-13],[71,19],[40,1],[97,19],[66,42],[62,22],[76,0],[104,36],[159,29],[51,5],[130,31],[59,-1],[63,33],[88,67],[35,13],[80,97],[44,27],[33,47],[30,68],[38,236],[12,18],[151,114],[42,25],[98,21],[44,19],[109,102],[80,56],[75,2],[128,-38],[216,-106],[85,-27],[30,53],[64,77],[58,52],[78,55],[62,32],[47,73],[114,83],[98,56],[146,74],[207,70],[71,30],[46,5],[72,43],[61,62],[55,25],[72,92],[31,53],[54,43],[53,97],[29,38],[27,149],[17,29],[84,82],[55,111],[41,46],[48,93],[75,72],[47,56],[59,104],[84,37],[78,59],[108,50],[122,44],[122,11],[51,-1],[82,18],[67,27],[58,34],[104,101]],[[91051,51052],[-16,-115],[-7,-117],[-39,-104],[-3,-109],[36,-134],[46,-87],[48,-58],[29,-22],[23,-39],[13,-58],[-29,-134],[7,-42],[-9,-51],[-32,-73],[1,-81],[27,-66],[40,-56],[12,-35],[-3,-64],[16,-42],[31,-37],[-3,-121],[15,-57],[57,-37],[40,-54],[38,-14],[104,-67],[70,-54],[10,-27],[4,-91],[54,-68],[42,-88],[149,-18],[84,-48],[34,-8],[41,-37],[62,-102],[24,-88],[82,-103],[28,-119],[37,-57],[35,-80],[37,-45],[65,-57],[35,-57],[30,-72],[16,-84],[34,-19],[73,-13],[55,-22],[72,27],[143,-44],[141,21],[50,-14],[91,30],[51,44],[99,133],[119,46],[121,73],[125,59],[70,28],[42,1],[44,-30],[35,-7],[84,34],[27,19],[135,66],[93,4],[144,-6],[117,25],[78,-7],[107,-1],[92,15],[145,44],[65,10],[64,-7],[56,-18],[88,8],[83,28],[38,-7],[44,-32],[68,8],[51,31],[39,3],[54,23],[62,12],[53,23],[78,59],[38,44],[94,36],[66,5],[172,-54],[130,-57],[181,-88],[93,-102],[52,-97],[38,-47],[65,-39],[81,-10],[113,24],[62,42],[127,71],[44,16],[53,-2],[108,-34],[68,-36],[158,-51],[45,-6],[78,7],[68,26],[66,45],[59,65],[55,27],[47,-1],[37,-45],[53,-94],[47,3],[55,-48],[54,-79],[27,-9],[226,1],[126,-7],[45,-14],[57,-33],[52,-6],[128,20],[75,-22],[105,40],[73,20],[87,-15],[75,23],[23,28],[45,98],[27,82],[96,33],[120,2],[66,40],[108,126],[59,-51],[219,-137],[77,-84],[36,-23],[141,-41],[74,0],[33,9],[101,-2],[99,-44],[49,-12],[97,0],[166,-69],[101,-9],[102,1],[49,-16],[85,-52],[50,-22],[99,3],[41,-13],[45,-61],[26,-6],[42,30],[97,-4],[112,-16],[41,4],[95,95],[64,42],[88,13],[67,-3],[101,-48],[35,-33],[87,-47],[67,-85],[31,-22],[64,-20],[37,-28],[74,-85],[72,-53],[90,-53],[15,-26],[44,-133],[34,-26],[60,-15],[145,5],[196,-38],[71,-52],[29,-49],[41,-26],[48,-7],[65,87],[91,75],[62,18],[132,-36],[134,-97],[68,-36],[57,-18],[102,9],[37,31],[147,-66],[52,-41],[42,5],[42,33],[48,-27],[55,19],[20,31],[47,-6],[40,29],[17,37],[72,10],[94,-13],[40,12],[28,25],[54,21],[124,19],[40,-11],[37,9],[82,99],[57,40],[93,26],[106,74],[104,123],[39,54],[66,28],[80,1],[65,33],[66,6],[38,46],[51,6],[22,27],[18,54],[82,77],[12,93],[16,27],[57,35],[39,11],[61,-6],[44,17],[17,41],[41,27],[71,30],[70,55],[42,10],[114,3],[59,-21],[157,6],[58,-18],[48,1],[38,15],[26,49],[53,18],[47,115],[28,15],[62,73],[24,85],[22,29],[116,31]],[[107364,48695],[-5,-28],[73,-78],[48,1],[30,-15],[-67,-20],[-39,5],[-13,-33],[-4,-60],[-57,-18],[27,-58],[-23,-17],[23,-55],[-4,-46],[42,-3],[-29,-14],[20,-25],[-7,-25],[90,19],[-28,-19],[-32,1],[9,-48],[-28,-32],[-39,-5],[-47,-36],[11,-18],[-44,-27],[-50,-13],[6,-30],[29,-27],[-48,-35],[28,-8],[-18,-18],[18,-29],[-30,-13],[-51,13],[-41,56],[-58,-51],[-23,-8],[-3,-63],[-81,-22],[11,-46],[33,-8],[-57,-37],[-2,-17],[109,27],[9,-25],[-63,-31],[-63,-51],[-58,-30],[-10,52],[-49,-77],[-47,-42],[-16,12],[-44,-33],[-39,18],[-4,60],[-21,1],[-21,-43],[-41,-29],[-19,-33],[-28,-11],[-6,-32],[-40,-38],[-30,-4],[-27,-41],[-23,17],[-55,-17],[-16,-52],[-40,-15],[-27,36],[-47,-34],[-18,10],[-30,-45],[-84,-50],[-7,-55],[-50,-36],[7,-19],[-88,-74],[-53,-35],[14,-19],[-84,-57],[20,-17],[-48,-23],[-63,-55],[24,46],[-27,-21],[-20,-42],[-46,-40],[-55,-16],[12,23],[-45,-8],[-39,-35],[-40,-13],[-2,22],[-31,-23],[-44,2],[-9,-46],[-64,-31],[25,-35],[-18,-21],[0,-79],[-16,0],[5,78],[-89,-16],[-8,-54],[-42,-38],[23,-49],[69,34],[9,-11],[-72,-40],[19,-26],[48,-25],[-21,-75],[-48,-51],[-27,-7],[6,68],[29,39],[-20,1],[-32,-46],[-35,41],[-45,-34],[-35,10],[-25,-23],[-38,9],[-50,-55],[21,-9],[-35,-47],[14,-30],[-23,-22],[-32,8],[-64,-29],[10,-64],[-24,-28],[-24,2],[-43,-36],[-86,-25],[77,3],[-100,-55],[-19,-37],[-86,29],[-10,43],[-36,-32],[-1,-48],[12,-52],[24,-7],[-16,-43],[-108,-27],[-34,9],[-70,-19],[-3,-19],[-50,6],[-48,-10],[-22,-19],[-63,-19],[14,-20],[-56,-23],[-8,21],[-119,102],[-36,-17],[-71,8],[-10,-14],[-32,27],[-55,10],[-82,-24],[-2,26],[-39,-41],[-69,-8],[-50,-32],[4,-18],[58,33],[31,5],[-26,-36],[-38,-4],[5,-21],[-48,-27],[-52,0],[-7,-20],[-59,19],[32,-27],[7,-30],[-20,-18],[-42,3],[-17,-29],[-64,0],[20,45],[-28,-19],[-30,19],[-47,-41],[-51,2],[17,25],[-98,-19],[-57,39],[-138,-40],[-43,15],[-33,-7],[-25,18],[-32,-28],[-72,-10],[-42,34],[-78,-12],[-27,9],[-26,59],[-3,43],[-50,27],[-35,3],[-92,-30],[-129,-157],[-10,9],[124,152],[111,35],[-44,79],[-47,20],[21,35],[-70,44],[-82,-28],[-33,-32],[160,-103],[-77,44],[-28,-42],[-151,96],[-66,-112],[124,-80],[68,-12],[-70,2],[-216,137],[38,-12],[35,61],[-51,33],[22,79],[-116,73],[-50,7],[-71,-17],[-43,-25],[-59,-59],[-76,-23],[-119,60],[-74,-14],[-12,-23],[-56,3],[-57,-44],[11,-20],[-78,-31],[-17,6],[13,-46],[-50,-84],[-4,12],[43,75],[-10,36],[-87,-60],[-35,-1],[-115,-78],[-3,-19],[-44,-57],[-48,-35],[-77,-83],[-50,-37],[-57,-141],[-40,-58],[-20,-77],[9,-36],[-17,-54],[-35,-41],[-118,-67],[-34,-8],[-65,-49],[-83,-79],[-18,-95],[5,-96],[88,-97],[86,-6],[40,15],[27,-8],[23,24],[76,16],[11,-38],[49,-100],[52,-32],[49,-12],[10,67],[11,2],[-15,-94],[16,23],[22,-22],[34,8],[15,-14],[75,2],[12,-18],[71,-22],[-10,-18],[51,-23],[42,1],[-19,-21],[78,-25],[10,-32],[30,4],[19,-67],[91,43],[-8,-18],[58,-34],[-21,-28],[6,-76],[30,9],[-7,-54],[55,27],[27,1],[6,-25],[-15,-41],[-35,-25],[42,3],[19,-22],[26,9],[-23,-41],[-69,-32],[4,-45],[18,-7],[32,29],[57,6],[-52,-48],[13,-30],[62,47],[31,-14],[34,-44],[-20,-14],[21,-30],[10,-48],[42,36],[14,-38],[-32,-36],[23,-40],[33,16],[34,-36],[24,25],[-12,14],[-21,88],[7,2],[35,-123],[32,-14],[-16,-39],[51,34],[22,-42],[52,27],[-17,-57],[34,25],[21,-7],[6,-33],[91,74],[-2,-64],[72,42],[-15,-58],[65,55],[9,-48],[63,12],[15,-16],[-32,-39],[7,-36],[21,-5],[43,46],[21,-21],[-27,-21],[36,-32],[63,10],[66,-37],[38,42],[75,-31],[-13,-27],[37,23],[18,-13],[-39,-50],[61,1],[24,35],[52,4],[1,-27],[45,-4],[-11,-44],[39,-1],[1,28],[27,17],[71,18],[9,-65],[67,7],[-23,-62],[19,-20],[65,6],[12,-10],[-18,-45],[45,38],[99,-18],[-8,-118],[38,-23],[30,38],[15,-69],[61,39],[85,-6],[32,-33],[-32,-27],[-64,-19],[-6,-13],[53,0],[10,-44],[-67,-3],[-2,-13],[54,-2],[-4,-50],[23,25],[39,-51],[12,44],[10,-27],[-18,-65],[36,28],[-14,-55],[31,19],[-86,-81],[-45,-22],[6,-29],[-19,-39],[42,2],[-49,-25],[0,-36],[49,18],[18,-19],[-28,-15],[-65,-56],[12,-10],[-14,-42],[-69,-30],[-45,-7],[-5,-61],[31,-15],[-26,-9],[9,-30],[42,3],[-19,-31],[-36,-3],[-18,-50],[9,-41],[52,16],[-55,-98],[40,-30],[35,29],[13,-32],[-47,-73],[49,-20],[35,10],[51,114],[45,25],[75,15],[-23,-23],[-24,-53],[35,2],[76,100],[25,-25],[-12,-42],[-57,-35],[-51,-44],[28,-42],[-10,-53],[-50,-68],[10,-20],[-31,-30],[4,-41],[-34,-31],[0,-59],[32,9],[-15,-34],[-28,-24],[12,-28],[-2,-54],[55,-42],[6,20],[58,52],[18,5],[31,-38],[-33,-66],[-9,-47],[59,-45],[18,0],[18,34],[57,61],[28,48],[76,25],[21,-20],[-35,-60],[17,-21],[49,73],[55,35],[-3,-32],[85,20],[27,-55],[19,-12],[30,30],[54,0],[37,-56],[-1,35],[60,23],[-9,-70],[31,36],[104,6],[32,-11],[14,41],[34,31],[26,-1],[5,-36],[-18,-10],[11,-37],[56,-5],[7,-38],[24,26],[25,-43],[95,50],[-6,17],[58,33],[43,-29],[74,-8],[27,16],[20,48],[-9,51],[33,23],[3,-83],[57,70],[5,-42],[47,73],[7,-16],[-13,-81],[32,29],[4,-48],[25,-5],[14,33],[53,28],[-5,25],[34,-1],[-16,28],[62,95],[19,-1],[12,-41],[21,-18],[29,13],[36,77],[33,-70],[17,48],[19,-65],[30,14],[18,-16],[-12,51],[55,39],[47,-13],[22,15],[-3,34],[16,38],[39,50],[5,-38],[16,27],[40,19],[38,47],[35,-23],[17,15],[-20,-55],[0,-32],[27,-6],[6,45],[49,60],[10,-45],[-11,-55],[-27,-40],[36,-16],[34,62],[10,-30],[30,72],[18,-19],[12,-47],[19,-4],[-11,-34],[-23,11],[5,-32],[-49,-24],[16,-35],[-4,-36],[37,-33],[20,26],[60,31],[12,-5],[-10,-53],[80,77],[63,-30],[-35,-105],[12,-7],[68,74],[-10,-77],[28,17],[8,-21],[24,31],[22,-30],[-9,-22],[14,-64],[-22,-47],[9,-23],[-43,-41],[15,-14],[-5,-48],[70,10],[-43,-46],[6,-69],[19,-62],[-39,-4],[3,-30],[27,-16],[80,-16],[-37,-48],[10,-5],[51,51],[25,-2],[-20,-64],[35,24],[-12,-42],[46,42],[23,-3],[42,-118],[32,6],[2,-42],[-26,-14],[-13,-61],[37,-18],[-31,-8],[2,-37],[26,-19],[45,-60],[16,-7],[66,64],[52,35],[66,11],[60,-18],[-24,-93],[24,-10],[-17,-28],[6,-33],[35,-37],[71,-12],[70,-27],[33,10],[25,-31],[32,14],[19,-23],[62,-32],[25,11],[60,57],[41,21],[105,5],[20,-6],[-22,-58],[-2,-43],[-26,-32],[-42,-27],[-25,-38],[23,-25],[55,10],[37,-35],[8,37],[41,8],[-12,-30],[35,-21],[31,31],[35,6],[31,-15],[3,-33],[-38,-68],[-53,2],[-54,36],[-18,-6],[23,-48],[-45,-18],[-4,43],[-37,-25],[-2,28],[-67,22],[-3,25],[-39,25],[-16,-15],[31,-49],[-79,-18],[-21,15],[33,32],[-68,0],[-7,-24],[-59,-24],[-30,8],[37,20],[-34,3],[-38,26],[9,25],[-31,30],[-56,5],[-35,-33],[-31,-7],[21,-38],[-36,-26],[35,-21],[-46,-44],[-46,1],[-3,-25],[-42,-22],[-5,-30],[-63,-10],[5,-30],[-44,-12],[-50,7],[-43,-14],[-47,8],[-30,34],[-80,-57],[0,-17],[39,-40],[-63,-19],[-37,20],[-10,-29],[-46,-28],[-31,5],[-34,-37],[-2,26],[-42,14],[-36,-45],[-26,6],[5,26],[-44,-40],[4,-25],[-73,12],[-10,-17],[-52,-20],[-21,-39],[13,-6],[-9,-74],[-29,-60],[20,-14],[-26,-42],[5,-34],[-65,27],[-54,-16],[-38,25],[-10,-40],[-38,-45],[33,-37],[-9,-35],[-80,12],[19,-33],[-31,-17],[-3,33],[-27,-10],[-35,20],[6,-44],[-48,-13],[0,-23],[-31,-14],[-37,3],[-40,36],[-46,-26],[-82,1],[-101,-42],[-38,5],[-41,-60],[-9,-90],[-11,-28],[21,-24],[-13,-17],[3,-72],[46,-27],[-47,-10],[-30,-54],[-70,19],[-31,-55],[33,-83],[27,-14],[1,-25],[-30,-11],[29,-26],[-36,-10],[53,-14],[7,-27],[-76,12],[9,-18],[-67,7],[13,-37],[49,-19],[-26,-22],[27,-20],[-50,-24],[26,-17],[-38,-27],[-62,3],[-32,29],[-50,19],[-4,24],[-82,63],[-21,-21],[-24,27],[-60,-39],[11,-36],[-17,-30],[-51,12],[-18,37],[-53,-11],[-47,15],[-34,-8],[-40,-34],[-46,-65],[-13,-64],[60,-54],[13,-47],[-30,-13],[1,-25],[-27,1],[38,-52],[10,-30],[-50,-16],[-27,-28],[55,-59],[-1,-81],[-66,-42],[-30,-36],[-19,32],[-48,20],[25,-84],[-21,6],[-5,36],[-44,6],[-36,24],[13,25],[-24,8],[-49,42],[-29,79],[-7,49],[12,39],[34,31],[-38,65],[16,-8],[-10,56],[-45,-5],[27,31],[2,66],[32,43],[-45,46],[33,-5],[8,22],[-37,15],[37,7],[17,31],[-9,44],[-17,-3],[-30,54],[-23,-21],[8,72],[26,11],[-17,58],[-24,15],[13,31],[-17,48],[-42,26],[-72,-32],[-10,-27],[-46,-22],[-10,-23],[-40,18],[20,31],[-12,56],[-49,21],[-4,-35],[-33,-7],[24,33],[-44,-6],[-9,61],[-21,17],[10,39],[-36,34],[-45,-8],[-23,48],[-45,-1],[8,37],[-13,48],[-29,19],[-82,-6],[8,37],[-39,41],[-161,44],[-6,33],[-37,-1],[-23,24],[-61,-46],[-55,1],[-76,-46],[-31,15],[-56,-7],[-31,-19],[-7,27],[-111,-28],[-6,-33],[-30,13],[38,63],[1,34],[-22,6],[-8,68],[-116,-7],[-14,75],[-81,39],[5,9],[85,-41],[14,-74],[77,3],[35,104],[-8,-1],[-14,69],[-38,-8],[-57,297],[-85,-17],[54,-281],[-6,-1],[-64,326],[36,-6],[78,17],[12,52],[-52,94],[-57,31],[-106,-47],[-24,60],[-73,72],[-67,16],[-66,-2],[-39,-11],[-16,-32],[-40,-17],[-39,11],[-9,46],[-45,21],[-136,-10],[-17,-18],[-50,1],[-11,-22],[-70,-54],[-56,-12],[-33,-45],[4,-25],[-36,20],[29,45],[-31,-13],[-25,32],[-41,1],[-40,17],[-133,-36],[-104,-7],[-93,-22],[-88,12],[-95,-30],[-46,19],[-49,2],[-31,-24],[-22,16],[-46,-6],[-57,8],[-21,35],[-50,17],[1,18],[-87,17],[-31,-14],[-48,26],[-26,-21],[-70,-16],[-46,9],[-57,-3],[-17,65],[0,69],[-28,37],[-70,5],[-46,-21],[-54,79],[-59,23],[-5,20],[-59,64],[40,46],[-34,81],[33,16],[-27,54],[-55,26],[-28,-8],[-63,8],[7,23],[-68,63],[-33,18],[-53,-3],[-78,42],[-25,64],[-61,75],[-40,26],[-140,4],[1,39],[-51,31],[-59,-42],[-259,38],[25,1],[183,-26],[3,30],[40,-7],[14,95],[-22,25],[-148,48],[-207,15],[-11,27],[-92,20],[-61,44],[-7,-6],[31,-67],[-63,-39],[-12,49],[-58,-19],[-22,-32],[-31,-15],[-53,-54],[25,-89],[-92,-91],[10,-12],[-23,-128],[-12,-32],[-39,-44],[1,-66],[56,7],[16,-98],[-43,-25],[55,-98],[62,-21],[49,-28],[44,74],[42,-23],[26,9],[25,-32],[-18,-26],[3,-36],[36,-52],[-49,-14],[-20,-38],[-1,-67],[-20,-13],[-9,-45],[-27,-31],[-33,4],[-8,-49],[-59,-14],[-75,9],[-32,-10],[-38,-44],[-70,-34],[-14,-79],[14,-34],[76,-41],[55,-65],[20,7],[23,-25],[34,6],[27,-49],[36,-3],[6,-21],[-46,-4],[37,-16],[-51,-8],[-5,-29],[37,-21],[-13,-22],[12,-54],[35,3],[-4,-34],[35,15],[-13,-34],[8,-39],[41,-26],[0,-31],[35,-34],[-6,-15],[28,-40],[57,-18],[10,-42],[-23,-73],[5,-35],[46,-72],[1,-20],[31,-2],[-83,-33],[-80,14],[-79,-48],[5,-32],[-28,-31],[-56,-11],[-55,4],[-33,-17],[-96,9],[-55,-45],[-30,-100],[-3,-123],[13,-74],[-17,-24],[38,-99],[16,3],[8,-44],[40,-42],[29,-12],[29,-37],[36,25],[75,-96],[-38,-29],[57,-72],[41,-7],[68,57],[62,-82],[85,-46],[65,-20],[52,6],[151,122],[25,-26],[32,10],[-3,-26],[33,-54],[24,-5],[44,-47],[85,1],[32,48],[40,32],[18,-12],[87,37],[18,-22],[50,8],[16,-11],[-8,-35],[-49,-5],[40,-11],[13,-35],[-27,-11],[13,-41],[-58,-24],[34,-13],[-31,-13],[21,-21],[-19,-37],[-34,15],[-56,-32],[12,-24],[-50,-2],[-15,-32],[22,-20],[-56,3],[-33,14],[-32,-7],[-19,-53],[17,-36],[21,-8],[-9,-60],[37,1],[-2,-79],[-19,-40],[38,-76],[42,-5],[-1,-39],[16,7],[15,-43],[-9,-29],[154,-120],[-6,-4],[-87,68],[-67,-93],[-43,-18],[-18,-22],[17,-75],[21,-35],[24,24],[81,-36],[-12,-43],[20,-57],[31,-34],[64,-35],[87,-27],[60,3],[46,55],[34,-1],[48,-23],[46,2],[19,31],[35,21],[7,-24],[54,22],[63,-14],[32,10],[53,-38],[53,-24],[74,8],[14,14],[27,-19],[56,-11],[74,3],[6,-50],[-20,0],[8,-58],[41,-59],[68,-7],[26,23],[11,34],[-8,36],[42,6],[23,28],[25,-14],[-3,-26],[31,-14],[25,14],[51,-24],[61,18],[-30,85],[27,-53],[72,27],[9,-25],[64,34],[30,27],[-20,62],[0,38],[-143,-63],[-16,0],[183,80],[-6,27],[30,21],[63,-1],[30,-36],[58,25],[23,-5],[8,37],[79,-3],[-2,-31],[55,-39],[-15,-34],[59,-4],[9,-18],[-34,-14],[33,-20],[52,-6],[4,-49],[31,16],[37,-64],[33,-2],[2,-38],[70,-48],[23,12],[63,-9],[5,-21],[70,-10],[15,25],[48,9],[42,24],[44,-8],[49,17],[54,5],[25,-35],[45,13],[9,-13],[84,2],[24,-12],[-24,-28],[51,23],[23,-30],[-13,-57],[-26,-18],[5,-53],[39,-27],[36,-5],[23,44],[48,-6],[-7,-35],[-52,-24],[7,-37],[29,-14],[54,29],[29,-34],[14,22],[26,-17],[10,31],[30,22],[16,37],[38,19],[11,-29],[81,-16],[32,17],[28,-53],[-34,-49],[22,-22],[24,29],[36,16],[57,76],[10,-46],[23,27],[7,-59],[18,-5],[18,51],[26,34],[27,3],[-19,-55],[77,-25],[17,-26],[59,-13],[23,25],[-19,16],[52,58],[3,-46],[15,2],[17,59],[18,20],[21,-28],[9,32],[45,53],[71,-14],[19,13],[36,-38],[41,11],[29,-9],[-19,-73],[-20,-39],[44,-36],[32,17],[14,32],[35,-4],[-30,-93],[16,-109],[26,19],[25,-30],[15,15],[16,-41],[36,29],[6,-17],[-31,-46],[-46,2],[25,-17],[-14,-32],[17,-37],[12,24],[36,1],[-19,-40],[-67,-57],[33,-9],[-49,-51],[22,-3],[-51,-50],[16,-29],[48,-24],[62,-10],[8,-19],[36,-13],[-6,-42],[31,-38],[76,3],[25,35],[38,9],[-11,-35],[31,1],[36,21],[-13,-38],[-49,-82],[-44,-35],[-91,-18],[-41,8],[-20,-42],[-138,-53],[-10,39],[-41,-14],[-26,15],[2,39],[-98,5],[-9,-44],[-16,5],[-88,-69],[2,-36],[-39,-24],[-30,9],[-11,-66],[71,-19],[-4,-22],[-30,17],[-24,-15],[-9,-52],[-39,-59],[-57,-45],[-59,-25],[-9,16],[-46,-9],[-73,-31],[24,47],[-6,38],[27,-6],[-9,35],[17,5],[-14,56],[-45,-5],[4,44],[-35,-42],[-35,-15],[-39,5],[-3,58],[13,22],[-51,27],[-25,-2],[-29,-81],[5,-48],[-63,-30],[-26,-23],[-29,33],[-42,85],[33,44],[-29,1],[6,48],[-29,8],[-54,-7],[-39,-34],[-42,-13],[-74,2],[-13,-38],[-51,16],[-33,-32],[-12,8],[-38,-60],[12,-24],[46,2],[21,-42],[-27,-30],[1,38],[-27,14],[-25,-33],[-5,31],[-36,-12],[-8,32],[-28,-2],[-18,-80],[-34,-43],[-10,61],[-47,2],[-38,-32],[-29,-58],[70,-27],[-4,-24],[-69,-29],[-26,13],[18,26],[-5,30],[-21,1],[-26,-32],[-22,6],[-52,61],[-27,-38],[-13,19],[-34,-3],[-7,-25],[49,-48],[-18,-40],[-32,23],[-7,41],[-24,-25],[-5,31],[-49,-15],[16,39],[-20,7],[-33,55],[-29,-51],[-34,4],[29,53],[-28,10],[-42,-29],[-28,9],[11,61],[-32,-45],[-3,57],[-25,-25],[-24,20],[-56,5],[-24,-23],[-95,8],[-3,-29],[-43,7],[-3,15],[-62,-10],[-41,26],[-16,39],[-29,-5],[-45,39],[-66,8],[-36,-14],[8,38],[-46,-26],[4,31],[-48,2],[-31,20],[1,-31],[-137,-41],[-38,10],[-52,-36],[-46,-5],[20,38],[-28,10],[-47,-8],[-18,-25],[7,-53],[-47,-45],[-52,17],[-136,-36],[-13,-14],[19,-45],[-11,-30],[-30,6],[7,32],[-62,13],[-46,-48],[-50,-1],[6,25],[-31,-22],[-64,63],[8,-36],[-44,1],[-28,25],[-38,95],[-46,-16],[-2,-38],[-29,13],[-7,-60],[-28,24],[19,-45],[-4,-33],[-24,25],[-51,10],[-7,-40],[-45,-31],[-46,-15],[-53,31],[-23,63],[-31,48],[-27,-14],[-28,11],[-42,-15],[-63,25],[-38,28],[-22,-17],[-15,33],[-58,-3],[23,-71],[-27,-10],[-39,53],[-60,-13],[-27,10],[-29,-18],[10,-26],[-43,27],[-55,-14],[-11,22],[-35,-4],[-83,-65],[-46,-98],[-9,-36],[0,-152],[153,-3],[95,-69],[-4,-5],[-96,69],[-116,-4],[11,-115],[22,17],[57,-4],[85,-34],[-7,-39],[82,-14],[13,75],[10,-1],[-17,-86],[15,-3],[20,-50],[-30,-40],[-3,-50],[-21,-23],[58,-93],[-45,60],[-68,-45],[12,-50],[35,-78],[20,10],[21,-46],[-17,-8],[22,-46],[51,32],[13,-15],[-68,-39],[22,-49],[68,-46],[32,18],[44,-4],[4,-21],[79,-95],[64,-52],[19,9],[48,-54],[39,-7],[111,0],[-15,-28],[-44,-11],[34,-63],[59,-21],[27,14],[6,-39],[27,19],[72,-49],[65,0],[11,30],[40,-20],[-32,-26],[-29,9],[-7,-24],[26,-37],[46,-21],[41,29],[25,-16],[-39,-18],[10,-22],[39,-6],[42,33],[44,11],[53,-12],[67,-40],[25,-25],[26,4],[24,-30],[63,-5],[44,-63],[42,9],[48,-7],[2,-39],[-27,-10],[11,-23],[-24,-13],[-8,-39],[45,-4],[5,20],[127,56],[41,-17],[46,-42],[-19,-28],[59,1],[-8,-13],[53,-52],[10,48],[20,32],[14,-78],[65,8],[-63,-62],[133,43],[23,-1],[26,-58],[-47,-21],[51,-9],[-27,-30],[78,-10],[36,-24],[7,13],[43,-12],[24,16],[5,-33],[47,79],[52,-37],[-20,-67],[25,-17],[56,80],[8,-26],[-27,-65],[-25,-15],[15,-23],[68,74],[44,-4],[8,-49],[-25,-1],[-30,-29],[4,-16],[44,22],[48,6],[-11,-32],[-51,-32],[31,-38],[37,15],[14,-20],[22,36],[-1,-49],[29,66],[14,-21],[-15,-28],[39,29],[32,-38],[13,37],[17,-55],[50,-8],[-3,-12],[48,-41],[7,18],[24,-30],[27,-4],[42,-51],[28,-61],[-44,-29],[-38,1],[-1,-25],[-42,-6],[5,-42],[55,-2],[-10,-44],[30,-5],[-15,-27],[19,-10],[36,-74],[2,-61],[74,-3],[2,-40],[-46,-2],[11,-66],[40,32],[10,-23],[-77,-30],[7,-56],[78,35],[38,-5],[-40,-52],[-46,-18],[-49,-3],[-12,-33],[35,-6],[-20,-25],[34,-44],[62,4],[33,-15],[-38,-30],[7,-32],[43,-35],[27,19],[6,28],[107,-75],[-45,-31],[-38,19],[-2,-25],[-38,-23],[-24,30],[-50,-22],[-13,-36],[-64,3],[-7,28],[-57,-16],[-17,-16],[64,-59],[-42,-26],[-6,-22],[39,18],[30,-16],[-58,-43],[-81,-36],[-44,2],[10,-22],[-65,-46],[-40,8],[-37,-14],[-174,10],[-49,-13],[-30,9],[28,34],[-31,25],[-86,-2],[-36,-9],[-4,-59],[-18,-37],[14,-19],[-40,-10],[15,-16],[-87,2],[31,29],[-30,1],[5,33],[-43,2],[-28,-15],[1,23],[-75,30],[-46,-21],[-18,-59],[60,-29],[-80,-31],[-64,-13],[-91,-31],[27,30],[-37,-6],[-40,32],[-42,-24],[-9,32],[-27,-16],[-48,7],[-40,-18],[-55,31],[-31,-21],[-20,10],[-80,-29],[28,48],[-31,7],[-14,-23],[-46,-8],[-22,55],[-46,-43],[31,53],[-134,-36],[-26,30],[26,35],[-10,34],[-35,-49],[-33,-5],[-39,22],[10,28],[-31,9],[-11,27],[-45,-12],[22,20],[-39,1],[-16,36],[-48,31],[-42,-7],[-26,-49],[-34,-23],[6,-45],[-35,19],[-72,-49],[-66,23],[-33,-7],[-33,-47],[35,-55],[-55,-3],[39,-20],[-71,-58],[-52,9],[-25,-23],[7,-19],[-32,-8],[-14,-25],[25,-11],[-23,-43],[-61,4],[-17,-15],[4,-71],[-24,-1],[1,98],[-18,-3],[-10,-87],[-31,18],[-42,57],[30,65],[-1,41],[-18,61],[-51,21],[-35,-13],[19,-30],[2,-52],[-66,26],[24,-49],[-44,7],[-29,61],[-4,-29],[-39,-37],[3,26],[-30,3],[-15,-31],[-43,24],[7,37],[-47,-20],[-38,9],[13,36],[-9,28],[-25,-7],[-33,51],[-42,21],[-13,26],[-63,49],[-49,27],[-59,8],[-31,-10],[13,-54],[-10,-11],[-8,65],[-39,-19],[-19,-32],[-146,65],[-15,-22],[-25,12],[23,20],[-32,47],[-65,-1],[-27,-52],[-45,-11],[-22,-31],[22,-2],[7,-55],[-44,1],[-19,30],[14,25],[-46,3],[-27,20],[-46,-26],[5,-22],[-26,-26],[25,-45],[-11,-61],[-51,-13],[15,-29],[-47,-12],[-6,54],[-34,-31],[12,-13],[-73,-1],[14,50],[-22,2],[-10,-38],[-35,44],[-26,4],[-4,-32],[-24,37],[36,29],[-15,37],[-23,-22],[-24,23],[16,21],[-43,28],[-37,-12],[-12,-45],[11,-57],[-71,52],[-1,47],[24,23],[-18,17],[-40,-19],[6,42],[-22,82],[-30,5],[5,44],[-27,-9],[1,51],[-12,31],[26,42],[-27,-1],[-12,33],[22,22],[-20,10],[7,41],[-48,29],[-25,-32],[-29,58],[21,17],[-30,75],[26,47],[-27,35],[54,58],[1,31],[26,27],[-7,43],[56,17],[0,91],[-50,62],[-9,27],[42,30],[2,33],[21,11],[4,33],[31,37],[9,82],[23,58],[37,35],[-1,36],[36,7],[33,46],[0,56],[-139,77],[96,-38],[20,40],[15,-6],[43,82],[-20,5],[19,78],[22,6],[-19,63],[-20,-7],[-54,109],[36,21],[-17,30],[-118,24],[-5,-41],[-77,-71],[36,-42],[45,-79],[34,-92],[-8,-15],[-39,86],[-22,17],[-33,-21],[-6,41],[18,43],[-15,11],[-52,-41],[-36,32],[-37,-14],[-65,-45],[44,-63],[58,25],[-74,-252],[39,-18],[-125,40],[-41,-49],[-38,-22],[7,-66],[-30,4],[-4,-33],[-24,-46],[15,-46],[-3,-74],[-28,13],[-7,-41],[16,-38],[-15,-71],[-32,2],[18,-69],[-30,-15],[-2,-57],[-29,-27],[-19,11],[-13,50],[17,55],[-68,28],[-46,3],[-68,-26],[-6,-67],[-25,3],[4,-25],[-38,-51],[-13,27],[-67,-39],[-8,31],[-65,-27],[-64,-55],[-13,-113],[-52,-86],[19,-21],[-59,-23],[-5,-44],[33,5],[19,-53],[-41,-18],[-3,-53],[10,-25],[56,24],[16,-53],[-53,-30],[3,36],[-38,-49],[-23,15],[-19,-22],[-3,-60],[-21,2],[-8,93],[-54,6],[-14,23],[-1,-47],[-17,25],[1,-72],[-15,39],[0,-64],[-27,24],[-5,49],[-59,9],[-30,-11],[-14,32],[-28,5],[-12,26],[-57,12],[-34,21],[-43,-26],[-21,27],[0,34],[-20,2],[-6,39],[-26,3],[-20,30],[-30,11],[-17,-17],[-60,55],[35,59],[-34,25],[-32,51],[-67,41],[-40,2],[-57,56],[6,29],[-9,59],[-87,43],[-5,-24],[-23,28],[23,43],[-59,33],[1,23],[-71,54],[-35,-2],[-56,-32],[4,-12],[-53,-38],[33,-30],[9,-33],[76,5],[-15,-12],[-108,2],[-11,-90],[-30,-18],[21,-74],[0,-67],[16,-43],[22,-3],[-11,-34],[-51,-9],[-43,62],[-3,59],[-39,7],[-26,-13],[-1,-38],[19,-17],[-34,-61],[-31,2],[-24,-44],[23,-27],[21,-53],[-12,-6],[29,-76],[-30,14],[-92,-9],[-22,-71],[19,-64],[39,-26],[6,-43],[-24,11],[-5,-41],[34,-3],[-39,-25],[-9,28],[-29,4],[-22,-21],[-5,-153],[-97,-10],[-41,-27],[-38,-45],[1,-85],[22,-34],[26,3],[23,-51],[59,12],[0,26],[35,2],[17,-26],[-18,-24],[13,-47],[-43,-20],[15,-44],[-37,-5],[10,-24],[-38,-39],[11,-18],[-6,-59],[-41,-46],[-32,14],[-27,37],[-45,-33],[16,-22],[-29,-6],[1,31],[-40,0],[-58,-33],[-8,-55],[23,-4],[60,-45],[44,18],[-75,-54],[-58,6],[-16,21],[-51,-17],[-6,-28],[12,-53],[-32,-64],[-28,53],[-15,-14],[-21,111],[-28,35],[-34,-2],[4,-29],[-61,72],[-32,-10],[-31,28],[-24,-23],[-35,7],[-25,-77],[-16,-11],[-21,29],[-17,-47],[-69,-1],[-65,-25],[-4,9],[60,24],[31,0],[-3,92],[23,59],[-49,51],[-117,2],[-52,-9],[-2,-141],[72,-25],[-3,-9],[-109,45],[0,25],[-53,-9],[-13,27],[-36,-1],[-63,56],[22,48],[3,42],[-31,53],[-38,20],[-48,4],[-28,52],[19,61],[-29,-1],[-29,29],[-30,62],[-1,39],[-83,82],[-48,36],[-46,-3],[-4,-32],[-20,16],[-147,-24],[-58,-47],[-13,-41],[1,-101],[-26,-18],[7,40],[-57,-16],[19,-44],[-27,5],[-10,-27],[-24,72],[-34,15],[-39,-5],[-79,-42],[10,-59],[-37,17],[-3,33],[-26,45],[-55,15],[-20,24],[-28,-1],[-30,-36],[-35,-15],[-19,-51],[42,-29],[12,-60],[-68,61],[-22,84],[-33,26],[-40,-10],[-23,-45],[-5,35],[-40,-5],[13,-60],[-12,-63],[-39,49],[13,11],[-16,38],[-26,-9],[-12,42],[-70,51],[-50,10],[-22,39],[-84,10],[-12,83],[-21,13],[-21,-17],[-17,30],[10,58],[-34,21],[-11,60],[-18,36],[11,34],[-33,76],[12,33],[-17,12],[-25,60],[43,-7],[35,29],[35,-39],[140,-8],[21,-10],[59,15],[53,58],[18,37],[-3,78],[51,9],[23,-40],[54,39],[32,37],[24,53],[17,-20],[55,16],[37,-14],[97,-59],[46,0],[31,22],[29,63],[-56,26],[-28,117],[50,64],[-40,39],[-50,-54],[-172,-22],[-23,44],[32,114],[-50,16],[-65,-120],[-15,-1],[-66,-46],[-57,53],[-35,-4],[-31,-45],[-34,-8],[-18,33],[7,81],[34,49],[37,76],[52,26],[34,34],[45,11],[90,-33],[29,10],[70,48],[64,-44],[32,11],[56,52],[33,75],[16,-1],[-38,76],[-8,34],[-62,26],[25,99],[28,-36],[85,-18],[2,25],[31,39],[-3,35],[-82,72],[-83,125],[-26,50],[-22,153],[6,29],[-36,105],[-13,2],[-70,-75],[-10,16],[-37,-10],[-41,148],[-8,86],[5,66],[36,61],[63,-23],[44,60],[67,66],[-10,16],[41,35],[41,13],[3,66],[-74,27],[5,41],[-15,44],[126,55],[48,-30],[192,130],[44,56],[12,74],[5,87],[-31,44],[-50,36],[2,26],[-40,120],[-81,28],[-101,-134],[-38,-40],[-39,-59],[-16,-60],[-71,-113],[-52,-17],[-52,5],[-17,55],[-36,62],[-28,141],[19,87],[26,31],[43,18],[50,43],[-17,35],[-94,27],[77,282],[123,-34],[88,329],[-122,36],[42,156],[147,12],[54,58],[-10,64],[34,21],[-44,3],[-4,67],[-29,45],[-115,54],[-20,-46],[-3,35],[-36,16],[-82,95],[-23,56],[-22,-1],[-29,104],[26,46],[46,45],[-21,18],[-42,-44],[-85,85],[-40,-21],[-60,-262],[-12,-13],[64,275],[-30,113],[-11,14],[-194,136],[-37,-58],[-19,-6],[-31,-49],[16,-11],[-19,-28],[-23,1],[-22,-42],[160,-188],[-2,-4],[-154,179],[-8,14],[-96,-127],[105,-121],[22,-35],[-45,-41],[9,-12],[-243,-220],[-199,232],[-68,-66],[43,-101],[206,-246],[18,6],[42,-51],[-6,-77],[61,-53],[15,43],[-150,-594],[-165,-53],[-9,-35],[28,-10],[-9,-26],[-25,3],[-14,-64],[19,-8],[-23,-116],[86,-42],[-4,-130],[-97,-17],[47,-288],[-3,-33],[38,-55],[28,-79],[64,-232],[-9,18],[-42,-12],[12,-46],[41,25],[56,-529],[-130,-248],[-21,11],[-58,-138],[-15,-59],[-61,-98],[-15,8],[-31,-40],[-19,16],[-36,-36],[-58,-35],[-93,-75],[-66,-32],[-49,-36],[-11,-42],[-34,-63],[-18,-146],[-35,-6],[-26,-38],[-57,-31],[-35,-33],[1,-38],[-28,-87],[23,-17],[0,-71],[-27,-11],[-9,-42],[-67,21],[-44,-28],[6,-36],[-22,-14],[10,-30],[-33,-34],[-53,-9],[-40,-63],[13,-27],[-75,-33],[-59,-76],[-20,-77],[0,-58],[11,-53],[23,-35],[132,-119],[28,-17],[52,77],[49,-37],[-31,-47],[91,-75],[26,-32],[30,44],[-29,26],[203,-150],[-8,-72],[16,-6],[-31,-43],[-50,20],[-76,-268],[0,-24],[79,-191],[39,18],[3,281],[12,40],[86,74],[21,45],[60,22],[-4,-43],[26,1],[-17,-87],[-18,-26],[5,-102],[53,-44],[11,-28],[54,-24],[34,14],[32,-12],[27,-30],[-16,-113],[22,-65],[29,-31],[13,51],[-15,90],[23,4],[23,87],[16,21],[4,49],[-17,-4],[-23,64],[-37,18],[-20,-19],[-46,16],[-13,25],[42,48],[12,31],[45,-6],[21,11],[35,50],[54,12],[24,-24],[48,-8],[-9,-43],[54,-59],[29,-18],[40,-59],[2,-22],[48,-3],[32,-94],[74,-58],[59,16],[-2,-82],[20,-80],[77,-57],[40,-6],[56,34],[125,26],[44,39],[-17,35],[4,41],[20,-18],[9,-83],[18,-70],[-26,-90],[18,-14],[-33,-18],[-2,-122],[24,-38],[18,-86],[63,-54],[42,-5],[28,48],[3,-84],[-28,-8],[17,-44],[-5,-28],[38,-35],[6,-50],[31,13],[49,-102],[51,-8],[24,17],[7,-32],[-60,0],[5,-34],[26,-44],[32,8],[-14,-60],[73,-154],[35,-33],[38,-6],[5,49],[31,-2],[4,-65],[47,-39],[-9,-53],[23,-28],[-13,-58],[-12,2],[-17,-99],[45,-14],[76,-86],[-8,-7],[-71,80],[-79,10],[-11,-16],[27,-80],[122,-120],[41,-22],[9,12],[78,-1],[62,-30],[-4,-24],[39,-22],[-33,-13],[66,-19],[10,-29],[-21,-45],[-43,-16],[-20,32],[-2,-41],[18,-46],[90,-55],[35,30],[25,-17],[24,27],[29,-39],[-28,0],[43,-86],[-65,-54],[-52,12],[-34,-15],[-37,-44],[-23,-73],[3,-18],[44,2],[-40,-56],[25,-21],[36,2],[4,-122],[16,38],[30,-26],[-16,-31],[32,12],[46,-58],[10,31],[24,-31],[-29,-17],[2,-64],[32,-55],[-8,-99],[-74,-1],[-14,-36],[27,8],[-19,-42],[22,-68],[-9,-101],[-26,-12],[-42,7],[-13,-64],[-37,-24],[16,-44],[-21,-94],[-38,-29],[-21,15],[6,30],[-34,38],[-37,17],[26,97],[-30,14],[-8,28],[-32,-1],[5,21],[-29,41],[-35,-26],[-8,66],[-53,38],[-51,16],[-70,1],[-5,-109],[56,-35],[-69,30],[3,36],[-71,11],[-18,-27],[-27,1],[-22,-37],[-55,56],[-74,10],[-31,-14],[-3,-24],[-60,18],[35,28],[-33,64],[-17,78],[-55,47],[-95,9],[-48,-29],[-4,-50],[44,-10],[-10,-19],[-39,1],[-138,-127],[-39,2],[34,15],[92,78],[-69,96],[-41,-17],[46,42],[39,5],[-38,71],[23,31],[-66,27],[-33,-2],[-32,-25],[18,-20],[-25,-25],[30,-26],[-16,-19],[-42,19],[7,-41],[-19,-18],[48,-72],[-4,-13],[-59,24],[-11,-25],[-33,46],[-79,16],[-61,-24],[-27,-45],[0,-59],[-21,29],[-55,3],[-2,-30],[-27,28],[0,-86],[-15,-14],[-18,39],[2,112],[-13,53],[31,-18],[32,17],[43,53],[15,74],[3,87],[-54,93],[-37,120],[-45,84],[-35,15],[21,26],[-22,47],[-70,-12],[-345,-45],[-1,7],[386,51],[-11,99],[-26,-3],[-33,73],[-51,26],[-115,3],[-1,-54],[-173,4],[-7,-92],[7,273],[-79,-11],[-61,9],[-107,-18],[-117,-45],[-39,-55],[-40,-31],[-14,-29],[-2,-115],[190,-1],[-1,-6],[-221,2],[17,-16],[-25,-24],[-6,-93],[11,-59],[26,-30],[28,-9],[78,-63],[30,-43],[26,7],[3,-49],[-42,11],[-21,-61],[13,-78],[52,-18],[53,-4],[12,-77],[-20,-64],[24,-18],[44,7],[-20,-51],[-21,4],[-18,-59],[10,-102],[-35,-50],[27,-44]],[[90928,32481],[10,61],[32,30],[65,-9],[16,-55],[-23,-63],[-6,-45],[-40,-77],[-2,-21],[-61,-102],[-10,37],[9,48],[-7,74],[16,70],[1,52]],[[101524,32212],[-14,-44],[-6,25],[-28,-88],[6,-35],[-94,2],[-17,43],[26,-9],[4,63],[33,26],[15,-15],[35,35],[40,-3]],[[91474,32755],[-11,53],[21,0],[80,63],[56,7],[4,-53],[-14,-19],[-50,-15],[-35,-32],[-51,-4]],[[92237,26684],[11,56],[0,67],[40,28],[43,-6],[-33,-25],[16,-27],[-12,-41],[-36,-32],[3,-30],[-47,-11],[15,21]],[[91472,33562],[-21,27],[44,23],[13,23],[59,36],[44,-12],[-90,-71],[-32,8],[-17,-34]],[[101349,34684],[-17,28],[34,46],[15,1],[13,-42],[20,-4],[9,-45],[-49,-23],[-25,39]],[[91399,30285],[-67,-258],[-20,6],[66,258],[21,-6]],[[92375,27723],[-34,42],[31,36],[35,11],[-5,-55],[28,-45],[-55,11]],[[105995,46947],[-40,-19],[-60,-55],[-30,-9],[50,42],[-54,-26],[-18,7],[88,60],[37,13],[-29,-33],[89,64],[-33,-44]],[[102377,39081],[-15,-22],[-70,-6],[-11,24],[29,28],[75,9],[-8,-33]],[[91480,30595],[-29,-114],[-22,6],[53,196],[20,-5],[-22,-83]],[[105348,46386],[29,21],[16,-15],[-40,-44],[36,4],[-73,-27],[-8,57],[37,27],[3,-23]],[[104119,37691],[12,20],[-18,27],[48,43],[17,-17],[-4,-51],[-19,-34],[-36,12]],[[92347,27030],[7,96],[36,-9],[-13,-97],[-30,10]],[[105489,41744],[57,95],[23,-28],[-16,-57],[-64,-10]],[[101744,34902],[-25,-38],[-38,3],[-7,20],[17,45],[46,-5],[7,-25]],[[101579,31623],[-4,23],[52,32],[6,-30],[-20,-44],[-34,19]],[[106320,40741],[14,69],[51,-46],[-20,-29],[-45,6]],[[92185,26626],[-25,-59],[-29,5],[19,73],[35,6],[0,-25]],[[103071,43008],[16,29],[34,-1],[-35,-42],[5,-19],[-49,-23],[29,56]],[[105368,46291],[30,-21],[-46,-35],[-50,3],[36,12],[30,41]],[[103392,36020],[18,-12],[-23,-35],[-38,-22],[-10,29],[53,40]],[[104176,45572],[-69,-31],[-32,33],[57,10],[44,-12]],[[98775,34210],[23,-138],[-15,-2],[-27,165],[19,-25]],[[105992,47036],[112,69],[19,-9],[-133,-75],[2,15]],[[98934,30980],[-19,45],[30,4],[29,-47],[-40,-2]],[[100367,31063],[17,-15],[-48,-21],[-35,0],[1,22],[65,14]],[[103162,41906],[-16,-9],[-1,39],[40,33],[13,-17],[-36,-46]],[[103157,42199],[41,3],[-8,-26],[-47,-17],[14,40]],[[105322,39057],[4,58],[43,-36],[-13,-30],[-34,8]],[[103097,36215],[0,35],[39,38],[3,-41],[-39,-45],[-3,13]],[[103776,37780],[-5,-54],[-32,51],[13,27],[24,-24]],[[90366,30512],[-88,93],[9,9],[86,-96],[-7,-6]],[[104128,37960],[-4,-39],[-45,3],[-2,15],[51,21]],[[106097,41374],[-26,37],[20,22],[28,-59],[-22,0]],[[93049,30262],[39,-69],[-23,7],[-35,40],[1,47],[18,-25]],[[90733,26981],[15,-84],[-17,7],[-23,84],[25,-7]],[[96588,31824],[-3,-9],[-122,42],[5,14],[120,-47]],[[104946,46055],[-44,5],[56,27],[23,-18],[-35,-14]],[[98088,30991],[-25,-27],[-7,38],[40,47],[-8,-58]],[[101523,34711],[10,26],[26,-4],[9,-29],[-50,-13],[5,20]],[[93129,30141],[40,-41],[-23,-11],[-38,40],[21,12]],[[92454,27329],[27,-36],[-23,-15],[-30,74],[26,-23]],[[90203,30618],[-35,9],[-258,192],[3,4],[256,-193],[34,-12]],[[105253,41571],[38,21],[21,-34],[-59,13]],[[98708,38109],[20,36],[29,-1],[-16,-42],[-33,7]],[[92433,27899],[42,-14],[-41,-23],[-1,37]],[[106074,41035],[52,36],[-15,-37],[-37,1]],[[92128,28428],[27,-15],[-31,-45],[4,60]],[[93096,30134],[32,-42],[-59,42],[27,0]],[[94442,31679],[29,36],[10,-24],[-39,-12]],[[106071,41174],[38,-1],[-13,-28],[-36,11],[11,18]],[[96363,31957],[23,-24],[-90,41],[4,12],[63,-29]],[[105482,46183],[-26,-15],[-9,44],[17,9],[18,-38]],[[107465,48108],[53,24],[-49,-42],[-4,18]],[[97177,30986],[33,14],[8,-25],[-37,-9],[-4,20]],[[91026,30115],[16,7],[21,-46],[-18,-12],[-19,51]],[[106354,40656],[1,35],[32,-2],[-8,-34],[-25,1]],[[91431,33006],[13,-12],[-28,-26],[-3,39],[18,-1]],[[93711,30144],[7,-45],[-12,-12],[-28,49],[33,8]],[[105096,46236],[16,25],[34,-12],[-50,-13]],[[94083,31025],[32,-21],[-16,-14],[-35,18],[19,17]],[[91481,26919],[-48,-13],[19,33],[29,-20]],[[97054,31039],[19,-32],[-45,6],[26,26]],[[103106,42203],[24,4],[-13,-31],[-23,-4],[12,31]],[[106402,40527],[35,15],[-30,-40],[-5,25]],[[105841,46812],[-17,-25],[-28,1],[45,24]],[[91675,30688],[-25,-3],[-18,40],[31,-6],[12,-31]],[[106247,47253],[-5,-37],[-32,7],[37,30]],[[94293,31284],[-31,17],[46,-4],[-15,-13]],[[99413,31175],[21,-19],[-49,-8],[28,27]],[[101341,32481],[-48,7],[14,19],[34,-26]],[[93258,30288],[-25,-18],[-5,36],[30,-18]],[[105732,39358],[28,-6],[-52,-23],[24,29]],[[92204,30775],[28,-21],[-17,-22],[-11,43]],[[93033,30316],[-46,42],[79,-53],[-33,11]],[[91551,29276],[9,-41],[-23,14],[14,27]],[[105772,41660],[11,-31],[-27,5],[16,26]],[[99937,31058],[-34,11],[59,1],[-25,-12]],[[92373,27908],[37,16],[-14,-32],[-23,16]],[[92331,28004],[-5,-34],[-20,14],[25,20]],[[92213,26576],[18,-10],[-10,-33],[-24,50],[16,-7]],[[98370,40049],[10,-39],[-26,32],[16,7]],[[93667,30227],[-14,-24],[-7,55],[21,-31]],[[103170,35245],[-17,22],[38,7],[-21,-29]],[[98396,40194],[22,-24],[-46,4],[24,20]],[[92491,27334],[-31,48],[24,-8],[7,-40]],[[103823,37802],[-10,-20],[-21,52],[31,-32]],[[99240,34812],[23,6],[-3,-30],[-20,24]],[[102824,43191],[23,-6],[-50,-20],[27,26]],[[99971,34766],[27,-16],[-26,-11],[-1,27]],[[103299,42494],[34,23],[-14,-31],[-20,8]],[[101444,31467],[31,19],[5,-18],[-36,-1]],[[92848,30470],[-18,-7],[3,36],[15,-29]],[[104548,38288],[-8,22],[39,-14],[-31,-8]],[[91869,28820],[23,-15],[-23,-14],[0,29]],[[101145,32557],[-3,23],[34,-11],[-31,-12]],[[105401,46244],[-19,-30],[-23,6],[42,24]],[[93888,30493],[12,-37],[-12,-36],[0,73]],[[93670,30238],[-10,30],[16,20],[-6,-50]],[[97501,31227],[23,-50],[-17,5],[-6,45]],[[102905,43126],[13,-25],[-33,0],[20,25]],[[103322,35988],[57,60],[-28,-47],[-29,-13]],[[91548,29415],[18,-17],[-26,-10],[8,27]],[[98895,31012],[17,-28],[-40,5],[23,23]],[[101576,31478],[-36,-5],[33,24],[3,-19]],[[92087,29009],[-6,-35],[-20,29],[26,6]],[[103340,36029],[14,35],[11,-17],[-25,-18]],[[93830,29881],[-1,30],[24,7],[-23,-37]],[[104781,45929],[32,1],[-26,-25],[-6,24]],[[102877,43130],[-18,-33],[-17,5],[35,28]],[[70784,90844],[43,-237],[37,-186],[78,-424],[2,-20],[73,-415],[76,-400],[48,-287],[56,-285],[25,-145],[89,-466],[23,-154],[26,-122],[-1,-35],[-48,17],[-89,50],[-98,76],[-36,13],[-148,1],[-133,27],[-75,38],[-43,50],[-95,52],[-114,8],[-134,0],[-201,-21],[-56,-16],[-92,-49],[-49,-8],[-44,10],[-107,-30],[-100,-48],[-157,-5],[-114,14],[-25,-11],[-56,-50],[-77,-50],[-122,-94],[-65,-82],[-94,-18],[-52,-33],[-41,-64],[-160,-11],[-92,-83],[-33,-18],[-107,-92],[-63,-42],[-59,-26],[-72,-11],[-76,-45],[-102,-116],[-45,-36],[-153,-37],[-96,-59],[-107,-93],[-67,-82],[-136,-145],[-67,-92],[-95,-70],[-48,-82],[-19,-114],[-47,-112],[-64,-118],[-23,-58],[-31,-43],[-54,-138],[24,-49],[83,-57],[-29,-94],[-5,-46],[-107,-172],[-15,-68],[19,-55],[34,-130],[68,-212],[-22,-74],[-32,-41],[-28,-59],[-2,-42],[-42,-39],[-85,-17],[-43,-26],[-76,-63],[-47,-52],[-39,-21],[-35,-49],[-40,-24],[-109,-44],[-70,-131],[-95,-117],[-30,-95],[8,-162],[30,-103],[19,-35],[24,-147],[-13,-26],[-12,-78],[-19,-25],[-104,-73],[-19,-30],[13,-77],[33,-77],[56,-92],[86,-101],[5,-61],[-25,-50],[-26,-92],[0,-224],[-17,-31],[-124,-81],[-32,-46],[-47,-90],[-32,-34],[-7,-48],[47,-47],[50,-103],[100,-92],[22,-34],[16,-72],[8,-104],[-11,-64],[17,-100],[2,-151],[22,-118],[44,-163],[27,-67],[93,-157],[43,-97],[6,-54],[-49,-156],[-30,-30],[-143,-67],[-41,-28],[-92,-81],[-59,27],[-119,66],[-93,18],[-63,3],[-75,-14],[-77,-59],[-127,-52],[-105,-35],[-198,-39],[-21,-12],[-21,-112],[-67,-61],[-46,-53],[-77,-44],[-80,-85],[-96,-89],[-17,-60],[4,-87],[17,-87],[0,-44],[-18,-52],[-56,-90],[-54,-34],[-47,-77],[-26,-80],[-58,-49],[-118,1],[-55,-88],[-37,-32],[-290,76],[-57,2],[-87,-39],[-143,-132],[-69,-45],[-90,-98],[-40,-108],[-142,-126],[-24,-70],[-30,-52],[-79,-84],[-53,-13],[-45,27],[-74,73],[-93,79],[-59,18],[-41,-2],[-111,-26],[-72,-26],[-113,-62],[-30,-54],[-171,-110],[-19,-56],[-50,-58],[-77,-24],[-167,-168],[-2,-45],[26,-100],[-2,-59],[-14,-150],[-4,-109],[-18,-165],[-48,-149],[-26,-39],[-16,-63],[-53,-85],[-66,-51],[-22,-35],[-3,-85],[-22,-56],[-1,-67],[-103,-21],[-64,-39],[-26,-55],[-134,-77],[-49,-10],[-165,39],[-63,-1],[-48,38],[-60,-11],[-72,4],[-54,-27],[-50,-45],[-50,-20],[-83,11],[-163,4],[-90,-6],[-86,44],[-64,-20],[-80,-13],[-189,-123],[-94,-83],[-141,-64],[-22,-26],[-89,-74],[-55,-118],[-92,-120],[-61,-40],[-30,-38],[-14,-56],[-64,-59],[-16,-46],[-73,-53],[-37,2],[-29,-21],[-36,-3],[-50,-24],[-57,9],[-53,-30],[-56,-53],[-44,1],[-78,-40],[-57,-87],[-50,-52],[-77,-26],[-29,-20],[-60,-11],[-42,-50],[-73,-71],[-74,-21],[-84,-46],[-208,-60],[-45,-1],[-50,27],[-82,9],[-175,-15],[-35,33],[-97,60],[-97,78],[-136,-18],[-56,31],[-62,48],[-50,14],[-62,-5],[-72,-35],[-116,-74],[-66,-11],[-58,-71],[-25,-57],[-45,-31],[-85,-32],[-42,-44],[-77,-14],[-45,-46],[-68,8],[-54,-38],[-33,-100],[10,-82],[-15,-116],[-52,-58],[-12,-36],[-38,-50],[-44,-19],[-45,-56],[-77,-14],[-61,-70],[-38,-67],[5,-57],[-29,-60],[2,-52],[20,-65],[-7,-129],[-62,-96],[-70,-78],[-32,-100],[-14,-13],[-132,-62],[-152,-56],[-123,-66],[24,-88],[64,-21],[12,-17],[17,-219],[4,-111],[16,-50],[46,-42],[101,-193],[36,-88],[-62,-101],[-96,-86],[-127,-66],[-29,-31],[-14,-70],[-23,-36],[-71,-49],[-31,-9],[-68,14],[-87,-1],[-34,-50],[6,-53],[-11,-48],[8,-124],[31,-92],[54,-130],[-10,-101],[-79,-77],[-77,-56],[-39,-19],[-29,-48],[-64,32],[-41,10],[-66,34],[-43,8],[-58,-49],[-10,-24],[29,-33],[38,-275],[3,-87],[-26,-87],[-80,-132],[-39,-114],[-24,-133],[-4,-60],[68,-272],[-9,-55],[-67,-101],[-4,-19],[39,-123],[47,-111],[-33,-134],[-46,-69],[-34,-152],[4,-115],[11,-119],[-9,-58],[-2,-112],[-21,-86],[80,-34],[76,-23],[63,-34],[87,-66],[77,-40],[91,-27],[46,-23],[78,-63],[91,-142],[3,-142],[-8,-66],[10,-31],[0,-145],[25,-53],[64,-42],[80,-39],[76,-3],[44,11],[62,38],[82,66],[53,25],[40,1],[83,-44],[89,-23],[49,13],[33,-5],[59,-40],[64,-2],[70,23],[47,28],[60,105],[91,121],[91,98],[42,32],[142,-1],[94,-32],[33,-21],[35,-41],[65,-52],[25,-126],[36,-115],[11,-111],[-8,-41],[-74,-115],[-106,-111],[-12,-41],[18,-74],[17,-32],[56,-43],[132,-56],[81,23],[70,-13],[113,-63],[37,-59],[5,-79],[-24,-57],[-34,-43],[-43,-32],[-216,-100],[-98,17],[-79,-2],[-117,19],[-96,-55],[-18,-154],[6,-159],[-4,-132],[9,-171],[-1,-232],[135,-137],[39,-8],[101,16],[52,-12],[42,-31],[133,-170],[40,-83],[9,-94],[36,-48],[76,-180],[47,-147],[13,-60],[-8,-85],[16,-58],[30,-38],[47,-24],[75,-72],[46,-58],[61,-54],[85,-51],[26,-32],[36,-80],[79,-92],[62,-86],[39,-26],[77,-13],[216,-123],[41,-46],[-9,-134],[3,-65],[18,-68],[51,-79],[56,-51],[27,-86],[89,-99],[72,-61],[130,-7],[25,33],[82,53],[63,-62],[8,-65],[32,-171],[-89,-98],[-73,-116],[-29,-58],[-59,-190],[-52,-53],[-41,-72],[-31,-85],[-6,-53],[15,-174],[17,-63],[-3,-203],[-11,-119],[-22,-110],[-9,-83],[5,-59],[18,-58],[85,-35],[97,-22],[57,-52],[17,-32],[0,-92],[49,-113],[16,-74],[25,-47],[47,-43],[80,-58],[0,-100],[7,-59],[24,-48],[86,-58],[126,-53],[102,-59],[49,-39],[52,-61],[43,-29],[108,-27],[108,7],[53,-22],[53,-55],[26,-77],[24,-28],[92,-7],[98,19],[33,-17],[115,-107],[56,-104],[97,-126],[98,-39],[23,-22],[3,-50],[27,-148],[2,-95],[35,-64],[21,-69],[27,-126],[-8,-56],[-31,-82],[-61,-61],[-20,-51],[-12,-102],[-50,-79],[-15,-47],[-4,-66],[-54,-26],[-21,-32],[-4,-43],[41,-75],[3,-59],[-82,-62],[-37,-16],[3,-53],[31,-108],[-11,-47],[-69,-42],[-44,0],[-53,15],[-52,0],[-128,-35],[-96,-33],[38,-95],[-3,-49],[-66,-116],[-12,-58],[19,-92],[4,-59],[-26,-74],[-58,-36],[-75,-100],[-139,-70],[-73,-58]],[[59628,57453],[-30,45],[-54,61],[-151,61],[-40,99],[-43,21],[-40,0],[-55,-22],[-63,-41],[-50,13],[-73,41],[-104,-22],[-123,26],[-30,-4],[-99,40],[-100,-15],[-27,17],[-70,71],[-35,23],[-124,-5],[-41,8],[-23,21],[-34,104],[-20,32],[-81,86],[-29,23],[-81,-23],[-54,20],[-44,43],[-172,265],[-37,124],[-53,101],[-30,86],[18,149],[22,95],[13,100],[-9,62],[9,110],[-14,29],[-148,43],[-47,33],[-60,13],[-171,169],[-65,136],[-190,242],[-63,39],[-54,1],[-146,-46],[-118,1],[-57,-8],[-82,16],[-86,-26],[-90,-43],[-55,-50],[-83,-42],[-97,-29],[-84,-44],[-71,-50],[-83,-32],[-165,-76],[-158,-118],[-199,-91],[-65,-41],[-87,-25],[-56,-49],[-18,8],[-22,65],[-8,87],[-39,72],[-3,47],[22,95],[35,101],[2,63],[-19,98],[9,124],[18,162],[20,61],[62,96],[284,228],[83,81],[48,70],[5,36],[-16,99],[-57,129],[-74,64],[-50,75],[-39,42],[5,72],[-7,40],[-54,91],[-92,58],[-60,21],[-120,19],[-75,61],[-8,38],[20,100],[2,41],[-36,99],[-8,69],[76,78],[26,41],[16,60],[55,39],[-55,99],[-57,75],[-63,105],[-20,71],[-3,99],[-23,52],[-176,103],[-61,23],[-7,19],[3,219],[44,102],[-7,71],[46,140],[-34,60],[-58,45],[-44,73],[-99,228],[-67,97],[-35,79],[-85,103],[-29,25],[-61,18],[-108,-1],[-212,33],[-52,-8],[-39,-47],[-58,-34],[-75,-88],[-96,-33],[-50,-5],[-87,5],[-66,62],[-63,-10],[-79,10],[-104,-45],[-114,8],[-17,-7],[-80,-84],[-91,-36],[-102,-10],[-16,-28],[-208,-90],[-54,-80],[-26,-8],[-93,23],[-53,27],[-67,49],[-35,15],[-69,8],[-167,-77],[-83,2],[-120,-76],[-48,-50],[-42,-21],[-72,5],[-69,28],[-41,27],[-66,60],[-95,58],[-35,-13],[-7,-75],[-48,-29],[-164,46],[-104,-8],[-36,9],[-50,35],[-52,14],[-65,-11],[-49,2],[-167,40],[-34,-36],[3,-57],[-17,-46],[-28,-37],[-31,-18],[-35,-55],[-148,-65],[-52,-4],[-59,-40],[-71,10],[-90,-56],[-79,0],[-59,-9],[-50,-45],[-40,-20],[-31,-42],[-36,-73],[14,-73],[48,-61],[-57,-13],[-34,-26],[-31,-59],[-51,-54],[-29,-49]],[[49478,62620],[-71,-37],[-90,45],[-7,33],[14,66],[-3,101],[-66,25],[-41,54],[-24,65],[-4,42],[10,67],[-12,33],[-109,1],[-89,32],[-88,-8],[-137,48],[-56,35],[-77,13],[-57,27],[-94,5],[-84,12],[-103,-29],[-72,-69],[-34,-75],[-6,-42],[-53,-24],[-38,-47],[-23,-101],[-71,-16],[-60,22],[-72,-23],[-75,-51],[-40,-49],[-52,-29],[-22,-33],[-59,-43],[-93,66],[-96,3],[-16,10],[5,220],[-82,53],[-90,20],[-106,-2],[-39,22],[-27,84],[-140,69],[-37,42],[7,71],[-71,45],[-13,19],[9,62],[-9,44],[-48,96],[0,68],[-24,25],[-93,36],[-106,-11],[-38,15],[-148,-4],[-73,14],[-28,16],[-20,36],[-52,39],[-21,53],[-51,16],[-51,41],[-78,-3],[-56,34],[-87,25],[-22,27],[-41,98],[-13,15],[-113,-11],[-43,-50],[-65,-21],[-55,-76],[-97,-41],[-19,-23],[-4,-40],[-114,-7],[-77,-17],[-38,-18],[-56,-83],[-22,2],[-30,-28],[-209,-3],[-157,112],[-59,16],[52,86],[16,81],[-10,53],[45,114],[7,135],[-6,67],[28,97],[86,28],[89,-1],[73,43],[82,63],[63,10],[36,23],[160,144],[61,34],[-25,57],[1,77],[-54,41],[0,49],[-14,50],[-67,28],[-17,24],[-4,61],[23,59],[49,88],[7,28],[-40,61],[-41,40],[-74,42],[-9,89],[-49,50],[48,62],[2,73],[32,68],[40,28],[36,50],[103,53],[31,34],[49,94],[-28,13],[-36,43],[30,86],[33,30],[17,50],[46,56],[-5,44],[15,42],[8,103],[60,114],[-3,52],[10,37],[-32,56],[-4,65],[-16,53],[-32,52],[-33,28],[-53,20],[-30,56],[-49,13],[-39,33],[-95,30],[7,108],[-9,71],[-34,109],[-48,38],[-4,27],[11,97],[-3,35],[-45,37],[9,70],[-22,52],[-35,38],[-48,30],[-74,1],[-70,23],[-51,57],[-66,127],[-22,71],[-8,97],[5,149],[-121,97],[-85,113],[-50,59],[13,105],[15,25],[44,23],[43,49],[55,46],[116,82],[32,16],[40,120],[30,41],[33,22],[19,38],[-25,64],[-42,20],[-95,14],[-62,1],[-101,-16],[-66,-22],[-61,-66],[-15,-63],[-49,-70],[-32,-61],[-13,-61],[11,-39],[-28,-13],[-49,-48],[-61,-38],[-32,-40],[-94,-69],[-111,-61],[-78,-56],[-63,-20],[-61,14],[-45,71],[-4,102],[5,42],[55,80],[13,48],[-35,66],[-11,85],[-3,116],[4,84],[26,49],[15,58],[4,99],[-15,129],[-22,93],[-53,135],[-18,70],[-33,71],[-37,23],[-54,-7],[-140,-32],[-99,-1],[-43,-11],[-64,-66],[-58,-25],[-66,-41],[-4,-28],[59,-56],[30,-60],[-2,-41],[17,-44],[-5,-49],[18,-59],[65,-97],[51,-99],[29,-34],[-2,-89],[65,-70],[11,-29],[-2,-97],[30,-170],[-10,-50],[32,-68],[-8,-52],[7,-35],[60,-132],[27,-91],[-4,-55],[10,-59],[-38,-68],[1,-25],[61,-123],[-40,-111],[-51,-26],[-48,-8],[-139,8],[-112,0],[-145,-10],[-56,2],[-47,23],[-87,24],[-76,-2],[-10,-41],[-50,-47],[41,-95],[0,-31],[-24,-121],[-12,-98],[-166,40],[29,112],[-29,11],[18,75],[35,24],[-14,32],[-146,11],[-155,1],[-23,-7],[-68,69],[-64,-3],[-141,-18],[-7,-80],[-156,17],[-102,7],[-106,-8],[-36,-25],[-123,-116],[-50,-95],[-10,-133],[-45,-3],[-175,18],[-740,61],[-83,0],[-83,-23],[-37,12],[-59,40],[-23,-34],[-53,21],[-37,-11],[-4,49],[-207,-11],[-27,5],[-32,-29],[-45,-17],[-116,9],[-260,57],[-65,-4],[-122,5],[-65,43],[-252,192],[45,68],[4,39],[-91,102],[-275,137],[-61,25],[-358,188],[-62,22],[-104,17],[-168,21],[-72,-84],[-198,166],[-170,127],[-78,64],[-69,14],[57,113],[-73,57],[-101,-160],[-28,18],[16,75],[-88,54],[-24,-121],[-73,58],[-11,-15],[-145,-335],[-380,163],[-101,-243],[68,-49],[-29,-48],[0,-38],[-31,-77],[-9,-87],[26,-130],[-29,-81],[-111,30],[-293,55],[-45,-254],[-29,0],[28,-146],[0,-27],[-68,-29],[-54,-10],[-101,13],[-130,38],[-109,25],[3,-130],[-152,-3],[-26,-8],[0,-81],[145,-6],[3,-124],[-4,-142],[-39,-5],[-201,-2],[-31,-33],[-154,-22],[-21,-66],[-50,17],[7,32],[-105,-26],[0,-68],[-13,-10],[-162,-2],[-9,-52],[-112,-3],[-164,9],[-23,-4],[9,-190],[35,-26],[-66,-225],[-28,-50],[-175,-49],[-9,-63],[70,-147],[86,-62],[83,-133],[47,-57],[54,-46],[82,-58],[22,-62],[10,-84],[106,-178],[-67,-45],[52,-85],[-46,-32],[64,-96],[76,-124],[35,-40],[-81,-56],[-15,-87],[-39,-108],[-63,30],[13,24],[-163,152],[-21,-27],[-61,59],[-26,-23],[-17,14],[-29,-33],[-72,83],[-52,40],[-14,-15],[-40,82],[-221,119],[-104,4],[37,66],[-15,17],[-221,175],[-5,47],[-56,74],[-29,27],[-85,49],[29,56],[-224,138],[-65,69],[-105,90],[-55,-134],[-151,72],[-144,57],[-22,24],[-7,49],[-28,33],[-85,69],[-28,9],[-123,-8],[-112,-62],[-47,-15],[-73,-7],[-44,-14],[-22,-27],[-56,-28],[-43,-7],[-66,9],[-90,63],[-150,81],[-86,61],[-309,246],[-156,67],[-182,14],[-353,-84],[-58,-10],[-110,28],[-177,37],[-196,117],[-13,18],[-78,46],[-128,94],[-183,49],[-107,23],[-201,28],[-161,36],[-134,50],[-101,70],[-108,84],[-79,52],[-105,57],[-81,70],[-161,53],[-28,1],[-107,53],[-39,10],[-55,36],[-104,29],[-73,50],[-97,36],[-57,30],[-71,159],[-23,32],[-10,104],[-28,84],[-31,26],[-94,22],[-92,50],[-28,50],[-39,9],[-64,39],[-50,44],[-34,48],[-73,42],[-27,24],[-49,80],[-30,12],[-39,-102],[9,-93],[-60,-38],[-4,-63],[-15,-37],[-89,-67],[-73,42],[-103,40],[-171,-20],[-79,27],[-61,42],[-70,20],[-114,21],[-87,40],[-27,27],[-133,222],[-18,9],[-56,-26],[-130,-3],[-60,-21],[-26,7],[-47,46],[-95,-7],[-102,53],[-57,64],[-66,29],[-180,59],[-109,13],[-63,-6],[-50,6],[-65,-24],[-80,11],[-99,3],[-71,-5],[-105,-32],[-113,3],[-39,-62],[-26,-127],[-27,-77],[-32,-10],[-77,7],[-87,-32],[-40,-6],[-79,15],[-51,1],[-58,100],[-17,13],[-107,-46],[-186,14],[-35,10],[-38,32],[-28,76],[-65,111],[-56,53],[-12,78],[-20,32],[-140,107],[-32,50],[-87,38],[-68,41],[-57,1],[-73,-54],[-95,-6],[-75,17],[-101,10],[-87,26],[-68,-21],[-38,10],[-66,86],[-84,87],[-18,48],[-71,115],[-27,70],[-5,74],[-52,84],[-19,60],[3,45],[-22,158],[1,98],[-32,60],[-16,49],[7,42],[-45,45],[-14,218],[-12,102],[-27,51],[-19,73],[-22,35],[-77,67],[-25,44],[10,51],[67,67],[23,33],[71,66],[87,51],[-110,50],[-63,49],[-82,124],[-78,61],[-31,74],[-34,57],[-7,38],[8,86],[-42,62],[-17,60],[5,25],[59,134],[14,46],[42,93],[67,47],[60,103],[21,66],[3,79],[20,64],[-47,23],[-44,39],[-61,71],[-6,31],[20,67],[0,57],[-17,52],[-94,71],[-17,55],[29,79],[29,49],[-3,32],[-86,68],[-52,30],[-39,90],[-56,62],[-33,49],[-3,59],[-18,48],[-49,74],[-37,73],[-26,27],[-14,43],[11,39],[-12,59],[37,142],[16,113],[-12,73],[-44,77],[-3,32],[33,81],[18,74],[-3,111],[6,83],[-10,57],[10,16],[134,8],[18,13],[21,164],[34,68],[68,88],[66,42],[66,12],[26,31],[60,120],[43,47],[67,34],[56,14],[-50,118],[-43,144],[-4,58],[-39,88],[-36,39],[5,120],[17,69],[-14,82],[15,41],[-61,99],[18,79],[-13,116],[44,79],[98,83],[22,45],[-19,61],[-64,108],[-33,40],[-36,72],[-20,68],[-94,61],[-67,1],[-45,69],[-72,158],[-14,81],[6,96],[-89,40],[-16,34],[6,67],[19,50],[-1,81],[-42,83],[-51,49],[-11,24],[-6,68],[-43,153],[8,108],[-56,76],[-44,31],[-6,113],[40,88],[26,86],[-9,34],[-53,79],[-17,52],[-2,78],[-31,42],[-45,40],[-146,65],[-65,-11],[28,66],[-2,84],[5,78],[128,102],[72,178],[27,51],[19,91],[45,87],[2,66],[27,73],[26,127],[2,69],[70,66],[35,14],[89,11],[48,19],[156,166],[0,16],[-56,45],[-3,29],[27,42],[35,29],[9,34],[-44,87],[-29,16],[-76,-12],[-34,45],[-13,71],[-53,101],[-29,18],[-56,7],[-109,-41],[-50,-4],[-71,61],[-31,15],[-60,4],[-95,-11],[-31,8],[-75,55],[-52,28],[-44,36],[-42,106],[-27,19],[-150,49],[-24,22],[-33,107],[-92,32],[-69,35],[-61,-27],[-70,-63],[-61,-24],[-43,56],[-9,29],[5,68],[-26,78],[62,151],[19,33],[-1,59],[-33,81],[11,91],[-94,96],[-124,17],[-83,102]],[[19581,82081],[25,47],[4,43],[-9,72],[6,60],[-53,99],[-30,90],[0,32],[77,154],[47,48],[8,42],[-16,125],[27,96],[-14,55],[-80,80],[-77,7],[-107,20],[-181,66],[-61,2],[33,76],[19,106],[37,8],[94,52],[50,42],[83,57],[20,52],[-33,74],[-9,50],[36,73],[-5,30],[-68,148],[-66,102],[-42,51],[-72,19],[-43,90],[-4,55],[-28,62],[-42,50],[42,110],[20,33],[9,56],[20,47],[67,84],[12,44],[132,37],[67,34],[68,69],[76,157],[50,79],[29,23],[115,15],[85,56],[38,51],[27,90],[-38,71],[-97,87],[-47,154],[-39,88],[-3,108],[-22,39],[-37,19],[-41,95],[-82,68],[-69,84],[-18,77]],[[19471,86291],[16,121],[-11,125],[160,227],[98,111],[24,90],[79,207],[71,88],[38,106],[79,-14],[26,13],[87,89],[39,77],[69,64],[3,210],[-14,65],[35,169],[92,95],[50,28],[52,-9],[69,-79],[63,-36],[121,-30],[124,6],[105,-38],[10,34],[49,64],[76,42],[12,18],[80,208],[57,65],[188,100],[162,91],[50,52],[49,80],[68,33],[46,41],[44,5],[47,-45],[96,-8],[102,-63],[33,5],[30,36],[19,93],[16,35],[54,57],[107,68],[97,89],[101,37],[77,48],[59,7],[76,-7],[116,22],[71,-88],[39,-34],[145,-43],[30,-39],[-10,-86],[11,-35],[-12,-77],[-19,-44],[29,-52],[63,-54],[89,-23],[142,4],[193,-15],[31,65],[93,-5],[32,-15],[44,-41],[50,-73],[20,-77],[48,-10],[185,-56],[170,-81],[83,-51],[77,-11],[100,2],[29,-19],[186,-181],[-6,-49],[59,-64],[65,-27],[43,-2],[157,19],[58,-23],[64,-5],[64,44],[41,4],[65,-13],[67,-26],[47,-6],[112,-28],[102,23],[162,62],[31,32],[-46,95],[23,131],[59,75],[61,53],[56,70],[22,47],[-2,34],[75,164],[44,113],[94,53],[33,42],[5,48],[17,24],[87,0],[62,31],[76,9],[79,26],[42,217],[2,67],[13,57],[86,33],[63,58],[57,5],[75,25],[30,37]],[[27030,89499],[103,-30],[115,-95],[70,-125],[140,-80],[46,-34],[69,-98],[48,-1],[56,23],[66,8],[71,-23],[34,5],[149,62],[64,13],[76,52],[39,6],[79,-33],[93,26],[95,-174],[33,-92],[29,-145],[3,-55],[72,-12],[50,-18],[53,1],[90,36],[121,69],[82,5],[81,-48],[87,-27],[65,-3],[65,-24],[18,-26],[0,-60],[40,-24],[120,-14],[192,-33],[65,-57],[92,-7],[92,7],[46,-25],[29,-68],[56,-24],[33,-29],[51,-111],[85,-119],[29,-112],[-16,-22],[14,-89],[31,-72],[50,-87],[29,-116],[76,-9],[83,-23],[77,4],[77,-26],[44,-73],[60,-60],[15,-60],[2,-69],[41,-52],[28,-9],[81,8],[92,53],[43,-38],[66,-84],[104,32],[138,76],[41,-46],[102,-85],[59,-26],[57,-59],[108,43],[134,60],[62,33],[62,46],[39,51],[-10,53],[26,43],[30,15],[66,12],[116,-71],[71,1],[36,-31],[160,-99],[45,-12],[129,-13],[86,-19],[29,10],[54,68],[81,53],[118,45],[32,5],[57,-14],[103,30],[84,-24],[73,1],[99,14],[109,-10],[159,-1],[54,39],[113,63],[74,-16],[35,2],[46,-37],[41,-18],[28,-29],[67,-26],[46,-56],[108,-79],[36,-56],[35,-34],[139,-12],[28,3],[74,-39],[66,0],[40,-53],[106,-79],[72,-38],[62,16],[53,-8],[63,-64],[64,43],[38,57],[42,36],[26,1],[56,-40],[9,46],[-17,118],[1,28],[46,68],[86,52],[25,40],[87,99],[77,46],[81,76],[28,53],[15,79],[31,44],[79,-88],[69,-15],[152,-51],[89,-43],[51,-33],[3,-22],[-64,-39],[-100,-94],[-10,-32],[-37,-54],[-79,-67],[51,-55],[77,-37],[93,-34],[76,-50],[-6,-58],[24,-138],[-23,-50],[-20,-83],[55,-112],[66,-79],[70,-136],[-9,-85],[14,-40],[-11,-57],[-47,-90],[12,-55],[-5,-100],[89,21],[91,33],[58,50],[84,-24],[74,5],[28,-32],[67,41],[125,89],[112,-39],[16,-15],[18,-68],[94,1],[105,34],[40,-99],[45,-35],[41,-60],[46,-35],[131,-152],[-18,-161],[17,-26],[61,15],[65,3],[90,-17],[61,-85],[52,-6],[33,-25],[33,-52],[46,-15],[85,-46],[183,-81],[330,-89],[69,46],[13,19],[58,28],[134,26],[163,37],[78,27],[20,25],[66,27],[38,46],[66,6],[76,29],[157,13],[262,53],[216,37],[134,18],[396,70],[141,31],[80,9],[76,-12],[173,3],[277,24],[49,0],[91,-20],[181,-25],[51,-11],[158,-59],[49,-28],[111,-105],[35,-25],[482,-47],[67,2],[152,36],[70,3],[155,25],[181,21],[137,-3],[151,10],[183,30],[53,-129],[-1,-16],[-169,-225],[-29,-35],[11,-35],[78,-44],[42,35],[96,33],[40,-44],[145,-30],[27,-35],[105,-21],[135,19],[245,-21],[33,-13],[77,30],[23,-1],[51,-41],[65,-77],[67,-46],[58,-59],[31,-18],[73,3],[39,-13],[75,15],[26,-7],[37,-46],[35,-23],[49,18],[44,-45],[-13,-30],[43,-72],[49,16],[74,3],[110,-73],[71,-25],[46,4],[52,-41],[86,-5],[37,-39],[108,-43],[60,-5],[24,-26],[93,-62],[45,-41],[71,-6],[84,-117],[59,-21],[24,-39],[99,-80],[18,-42],[80,-70],[37,-54],[60,-21],[59,-54],[146,-36],[69,-37],[95,-32],[62,-58],[32,-106],[55,-68],[87,-80],[20,-39],[10,91],[26,16],[84,14],[63,-45],[78,1],[53,-13],[60,17],[105,56],[40,30],[30,50],[76,-111],[52,-25],[1,-20],[-49,-51],[3,-17],[52,-62],[24,-51],[34,-15],[166,-44],[85,-88],[30,-19],[47,-7],[188,-8],[71,-8],[81,-40],[90,17],[59,-18],[59,-48],[21,-1],[93,80],[53,70],[49,43],[103,9],[41,10],[108,-28],[61,-40],[181,12],[42,11],[110,-3],[99,22],[89,46],[101,-36],[81,-17],[75,27],[108,-46],[66,-45],[39,-76],[15,-12],[33,68],[37,102],[62,7],[13,17],[9,129],[17,1],[59,-72],[38,18],[46,-14],[13,-33],[54,-60],[25,65],[38,42],[82,58],[53,85],[58,63],[68,11],[149,10],[49,10],[12,-34],[-4,-172],[11,-59],[56,-102],[78,-32],[29,-45],[73,-55],[24,-27],[35,-69],[36,-48],[59,-143],[67,-32],[28,6],[65,70],[93,36],[77,-4],[78,-20],[70,-25],[48,32],[42,48],[32,12],[105,-83],[94,-33],[102,-10],[205,-2],[23,11],[27,44],[103,55],[15,19],[100,46],[66,46],[59,22],[-17,87],[18,79],[5,115],[19,67],[5,80],[-14,40],[8,54],[37,64],[8,58],[21,25],[78,54],[95,45],[96,81],[48,53],[44,109],[-1,125],[11,194],[14,74],[-12,58],[-51,46],[-49,1],[-14,40],[47,38],[45,111],[8,58],[3,103],[-24,97],[6,66],[76,99],[69,67],[29,90],[129,59],[69,74],[109,11],[47,31],[81,15],[19,19],[47,93],[18,77],[-16,63],[-43,79],[-44,43],[-26,86],[-55,95],[-37,105],[-46,81],[-32,112],[-56,46],[-69,-29],[-62,-12],[-34,80],[-42,21],[-115,35],[-74,16],[-19,51],[-67,91],[-75,124],[-7,33],[13,32],[35,26],[-1,80],[14,75],[-11,30],[-43,224],[-36,99],[-4,34],[35,93],[37,60],[34,35],[70,42],[65,83],[42,85],[74,85],[5,88],[-6,51],[70,192],[59,92],[-71,87],[-82,77],[-32,69],[-24,104],[17,56],[36,45],[10,34],[-16,78],[1,58],[50,85],[9,73],[-11,82],[-21,40],[-42,26],[-102,44],[-19,59],[11,54],[-23,112],[-28,70],[-9,52],[22,42],[9,85],[-35,56],[3,69],[-10,75],[-30,93],[4,27],[58,139],[30,37],[45,88],[-8,36],[-5,123],[4,72],[28,50],[5,74],[68,86],[24,56],[39,54],[31,76],[63,78],[72,162],[108,98],[101,54],[29,2],[35,-28],[98,-1],[194,55],[36,6],[-23,110],[9,99],[-6,43],[-21,34],[-50,17],[-48,42],[-77,23],[-71,29],[-64,43],[-3,20],[63,89],[-41,19],[-54,58],[39,40],[71,138],[57,49],[60,30],[61,4],[40,24],[195,90],[29,22],[56,80],[43,30],[20,38],[23,87],[57,11],[140,48],[82,41]],[[49478,62620],[25,-98],[-1,-26],[-53,-9],[-21,-31],[-52,-111],[-39,-116],[33,-84],[-2,-37],[57,-125],[106,-81],[21,-79],[84,-6],[31,-10],[77,-55],[1,-128],[-13,-25],[-53,-52],[-54,-30],[-36,-65],[7,-107],[-52,-101],[-56,-35],[6,-39],[56,-51],[18,-46],[63,-10],[54,-23],[11,-42],[75,-67],[103,-4],[47,-11],[31,-35],[8,-43],[33,-58],[62,-87],[25,-73],[3,-54],[-14,-74],[32,-67],[-29,-88],[8,-29],[35,-6],[70,10],[67,-8],[13,-12],[59,-138],[17,-55],[101,-81],[81,-88],[10,-58],[31,-58],[-5,-24],[-42,-69],[-22,-86],[-23,-61],[67,-112],[48,-118],[25,-42],[79,-89],[59,-1],[20,-63],[-8,-65],[7,-27],[90,-80],[32,-42],[5,-32],[-20,-127],[8,-36],[53,-49],[34,-19],[-11,-19],[-120,13],[-96,32],[-43,-30],[-102,-44],[-52,-14],[-77,-57],[-59,-32],[-121,-13],[-170,-57],[-62,-12],[-93,-49],[-63,-24],[-61,4],[-118,-28],[-28,-13],[-15,-52],[-63,-39],[-150,-77],[-39,-10],[-125,2],[-146,-46],[-59,-7],[-97,56],[-166,-11],[-83,-42],[-72,-69],[-127,-93],[-20,-27],[-14,-116],[-23,-98],[-102,-46],[-81,-52],[-82,53],[-128,-8],[-102,40],[-128,22],[-17,46],[-34,22],[-78,-25],[-29,-1],[-125,41],[-167,80],[-79,26],[-45,49],[-29,64],[-95,39],[-43,50],[-48,35],[-109,61],[-18,19],[-12,64],[-30,63],[-26,29],[-115,45],[-75,56],[-72,33],[-122,30],[-68,10],[17,96],[-32,61],[-3,47],[-52,98],[-22,27],[-89,66],[-102,50],[-98,37],[-53,4],[-70,-36],[-164,165],[-60,31],[-68,0],[-65,21],[-126,-10],[-52,-32],[-39,-53],[-71,-127],[-33,-83],[4,-44],[23,-64],[0,-59],[-155,1],[-96,33],[-48,-2],[-43,-32],[-70,-4],[-66,-41],[-24,-4],[-90,31],[-65,-21],[-93,-129],[-61,-48],[-50,-13],[-56,13],[-66,-3],[-117,34],[-39,-39],[-18,-61],[-53,-46],[-65,-31],[-95,41],[-56,-89],[-41,-80],[-59,-25],[-31,-29],[-60,-167],[-15,-55],[4,-94],[-22,-45],[-10,-71],[-60,-140],[-1,-38],[30,-100],[-28,-35],[-63,-34],[-19,-85],[-39,-46],[2,-19],[40,-48],[-15,-139],[7,-43],[-33,-83],[15,-71],[-11,-45],[-80,-75],[-83,-97],[-61,-56],[-145,-105],[-24,-25],[2,-43],[-71,57],[-17,27],[-19,113],[-24,46],[-91,27],[-114,73],[-40,17],[2,18],[-77,24],[-84,1],[-104,-7],[-28,53],[-51,2],[-131,40],[-60,11],[-119,-100],[39,-157],[70,8],[-226,-188],[-72,-36],[-56,36],[-129,-4],[-49,-18],[-56,-67],[-92,-19],[-67,-40],[-8,-29],[16,-136],[33,-35],[11,-80],[68,-42],[23,-88],[2,-55],[114,8],[51,92],[37,-7],[1,-19],[-55,-112],[-79,-95],[-13,-33],[10,-60],[51,-75],[-14,-98],[-25,-52],[-89,-60],[-362,-81],[-239,-56],[-118,-31],[-57,-20],[-37,-48],[-31,-88],[-112,-45],[-160,-53],[-178,-68],[-27,84],[-27,49],[-80,-24],[-285,-99],[18,-61],[-46,13],[-277,-91],[-4,42],[-22,41],[-142,-92],[-27,54],[-148,-7],[-1,-60],[-77,-10],[-160,-29],[-109,-14],[-438,-346],[-211,-154],[-14,-149]],[[38153,54035],[-134,14],[-40,27],[-82,-27],[-46,17],[-42,50],[-129,-63],[6,-45],[-23,-60],[-86,4],[-31,26],[-75,-28],[-41,1],[-66,-23],[-26,-33],[-42,-13],[-61,18],[-110,208],[-111,-5],[-61,11],[8,122],[-86,-10],[-5,80],[-74,-27],[-33,-3],[0,-94],[-154,41],[2,97],[-32,128],[-122,279],[-30,65],[-39,103],[-39,35],[-72,46],[-71,60],[-38,20],[-101,28],[-119,64],[-21,31],[-32,157],[22,46],[34,24],[-9,42],[-25,-18],[-23,44],[-28,-9],[-18,59],[-27,-26],[12,-38],[-28,-52],[-50,-10],[-111,7],[109,132],[-42,38],[25,57],[7,78],[16,1],[3,100],[76,2],[7,56],[20,66],[27,54],[69,49],[80,44],[0,37],[-85,-10],[-38,-22],[-112,11],[-23,-6],[-93,9],[-8,71],[-142,10],[-54,-17],[-107,5],[0,66],[-390,15],[-50,17],[-199,-36],[-24,82],[-88,-41],[-108,-36],[-41,149],[-19,8],[-56,-13],[-87,-33],[-95,-21],[-171,-18],[-160,19],[-51,-21],[-25,-71],[-100,5],[-10,75],[69,37],[22,75],[19,119],[-56,294],[19,47],[183,10],[58,-3],[14,66],[61,56],[97,24],[-2,24],[-87,53],[-125,68],[-50,57],[-54,-1],[-66,70],[-38,4],[-132,-116],[-75,-25],[-52,0],[-194,-74],[2,-97],[-276,-1],[-7,34],[-154,-99],[-119,-46],[7,-307],[3,-25],[2,-291],[-331,-1],[-3,248],[-73,0],[0,49],[-262,-2],[-10,249],[-19,34],[-252,-180],[-142,-107],[-98,-69],[-337,-252],[-79,-54],[-269,-198],[-201,-136],[-136,-102],[-246,-263],[-270,-74],[-144,-46],[-66,-13],[-109,-76],[-58,-18],[-197,-142],[-231,-145],[-69,-34],[-91,-16],[-114,-28],[-86,-10],[-161,12],[-229,-20],[-99,-4],[-102,-51],[-150,-96],[-57,-26],[-56,-10],[-60,2],[-66,15],[-87,6],[-158,26],[-175,-19],[-99,5],[-32,-30],[-70,-33],[-104,-28],[-80,-8],[-94,20],[-226,-21],[-20,-31],[-124,-7],[-99,-16],[-30,-13],[-67,-62],[-46,-67],[-81,-51],[-34,-12],[-108,-9],[-85,6],[-66,-233],[-22,-6],[-25,37],[-54,44],[-50,84],[-96,40],[-28,108],[-30,29],[-44,-3],[-122,44],[-79,23],[-35,0],[-13,-24],[1,-50],[-14,-34],[-22,-2],[-48,25],[-43,-18],[-21,-29],[-9,-52],[-31,-72],[6,-63],[-17,-25],[-201,59],[-112,22],[-111,15],[-71,3],[-53,-14],[-144,-191],[-19,-151],[-21,-49],[-31,-112],[-26,-127],[-24,-48],[-46,-36],[-29,-44],[-140,1],[-75,-32],[-76,-7],[-64,3],[-175,-55],[-60,-14],[-19,-86],[12,-63],[35,-62],[52,-180],[7,-36],[-20,-47],[-50,-60],[-58,-46],[-70,-71],[-63,-52],[-43,-21],[-72,-53],[-63,-168],[-29,-59],[-22,-25],[-71,-119],[7,-42],[-34,-186],[-50,-89],[-8,-31],[5,-106],[12,-96],[-30,-26],[-40,-87],[-42,-55],[-19,-167],[-136,-144],[-17,-60],[6,-86],[-16,-54],[-69,-111],[-85,-106],[-69,-48],[-127,-7],[0,-63],[34,-474],[-14,-55],[-68,-24],[-100,8],[-123,-41],[-177,-20],[-82,3],[-59,-8],[-115,-1],[-101,40],[-47,1],[-98,-11],[-25,-15],[-26,-86],[-32,-162],[-21,-32],[-57,1],[-66,34],[-299,61],[-22,-84],[-5,-63],[-23,-51],[-33,-32],[-51,-15],[-143,-84],[-91,-47],[-12,-61],[-59,-48],[-11,-32],[4,-86],[-13,-45],[-59,-50],[-113,-63],[-143,-18],[-20,-44],[-10,-75],[8,-89],[-12,-107],[-26,-55],[-34,-46],[-95,-82]],[[20117,48637],[-89,-53],[-120,-19],[-9,-25],[-107,-8],[-32,-31],[-11,-52],[-66,-36],[-94,-28],[-116,-1],[-29,-63],[-122,-57],[-11,-74],[11,-43],[-39,-65],[-35,-128],[-67,-16],[-83,18],[-68,-6],[-47,-27],[-65,4],[-50,-38],[-60,-18],[-38,10],[-106,-60],[-39,7],[-112,90],[-94,8],[-42,-30],[-42,1],[-150,20],[-116,9],[-82,1],[-65,27],[-91,61],[-44,18],[-76,-6],[-50,-15],[-79,25],[-56,-6],[-60,16],[-61,-15],[-35,7],[-60,109]],[[17310,48148],[-30,31],[-1,62],[-49,79],[14,137],[-18,102],[8,55],[-31,45],[-12,72],[20,88],[-4,134],[13,97],[-58,57],[-2,116],[-26,95],[-3,99],[-8,66],[-1,163],[-84,69],[-8,72],[45,100],[16,63],[0,45],[19,50],[25,102],[31,74],[-25,69],[10,44],[57,62],[28,59],[36,23],[52,15],[25,24],[26,51],[81,79],[48,36],[19,31],[-7,25],[21,54],[-16,85],[-25,38],[-44,37],[-169,39],[-116,51],[-19,51],[-34,49],[48,88],[-2,73],[-46,60],[5,44],[52,52],[2,32],[-109,89],[-1,91],[-27,76],[-1,55],[25,42],[99,75],[58,86],[99,92],[30,39],[62,15],[149,7],[68,19],[80,47],[89,65],[93,84],[47,105],[37,53],[25,77],[-4,68],[21,88],[37,37],[37,13],[162,42],[46,28],[151,114],[49,7],[33,32],[76,39],[36,35],[29,55],[60,68],[29,73],[62,67],[66,35],[61,71],[36,9],[40,40],[22,48],[90,56],[60,63],[65,127],[23,81],[29,64],[54,53],[27,52],[102,32],[62,44],[44,13],[99,8],[76,32],[63,66],[61,204],[12,57],[25,67],[58,91],[16,52],[24,176],[-23,54],[-34,117],[79,178],[3,89],[-17,48],[-61,95],[-112,114],[-78,56],[-58,11],[-51,56],[-22,72],[11,42],[-30,257],[-49,38],[-17,41],[-7,69],[-41,39],[-18,46],[-5,50],[-42,-42],[-43,-15],[-116,-17],[-32,17],[-35,47],[-43,38],[-69,28],[-57,73],[-109,67],[-24,44],[8,48],[102,121],[68,119],[10,52],[-58,71],[4,52],[44,127],[26,94],[-12,57],[-48,62],[-80,63],[-49,30],[10,56],[-6,98],[60,8],[130,-2],[72,68],[34,51],[68,129],[33,27],[175,-1],[117,12],[104,37],[49,28],[40,47],[-2,65],[-57,89],[-92,73],[-7,18],[29,75],[-2,43],[-35,133],[34,47],[23,126],[33,58],[68,55],[52,62],[34,62],[22,133],[75,89],[50,79],[74,138],[32,34],[66,16],[29,24],[21,59],[0,172],[9,77],[18,56],[52,44],[128,25],[83,29],[95,63],[30,45],[19,77],[-4,73],[-45,166],[-70,123],[-62,84],[-43,116],[-42,65],[-67,49],[-41,63],[-23,109],[-29,205],[4,86],[-30,50],[-61,190],[-56,63],[-25,51],[-28,92],[-25,155],[-55,127],[-69,106],[-4,34],[17,23],[123,81],[82,38],[79,10],[141,9],[84,14],[74,33],[-49,211],[-25,204],[-10,229],[16,97],[24,265],[-15,161],[-42,90],[-75,85],[-90,70],[-37,38],[-35,65],[-40,140],[-49,124],[-37,75],[-53,78],[-94,119],[-54,56],[-36,61],[6,20],[71,79],[11,38],[-7,51],[-43,104],[-4,38],[24,109],[-1,33],[-27,22],[-77,30],[-46,-5],[-28,12],[-24,51],[-89,98],[-44,124],[-70,135],[-37,56],[-46,40],[-81,50],[-72,56],[-53,67],[-37,63],[-55,49],[-110,56],[-100,95],[-136,47],[-26,29],[-9,44],[-3,99],[-29,44],[-59,195],[-15,75],[5,44],[-32,76],[-1,46],[18,43],[75,90],[26,53],[22,84],[-21,131],[-30,75],[-75,87],[-6,36],[43,100],[12,93],[-29,250],[7,184],[-37,112],[-32,58],[-7,101],[1,117],[-92,66],[-38,50],[-24,68],[-66,99],[-70,43],[-64,86],[-134,121],[-95,92],[-89,26],[-127,9],[-127,71],[-66,43],[-85,92],[-47,64],[-55,31],[-24,30],[38,84],[42,142],[9,108],[-16,68],[-23,56],[-86,126],[23,79],[79,125],[19,123],[5,94],[-14,68],[-58,55],[-58,38],[-71,35],[-57,62],[-35,61],[-106,121],[-34,13],[-65,-22],[-114,-71],[-28,-59],[-206,235],[-40,64],[-20,58],[-97,15],[-112,40],[-51,35],[-16,53],[-12,103],[32,105],[-3,37],[-78,128],[-54,49],[-14,35],[-18,118],[-29,58],[12,28],[59,68],[30,57],[9,146],[9,32],[118,151],[24,65],[39,64],[34,17],[50,105],[-3,60],[-266,7],[-23,17],[-24,59],[-81,2],[-48,43],[-40,71],[-55,172],[-23,90],[-22,42],[-97,53],[-29,31],[-29,107],[-60,107],[-41,35],[-67,17],[-359,24],[-77,13],[-34,-12],[-62,-55],[-55,-13],[-102,12],[-45,36],[-60,6],[-49,30],[-40,42],[-65,33],[-23,49],[-69,70],[3,88],[-39,39],[-94,124],[-40,106],[16,100],[25,77],[-7,30],[-70,27],[-36,44],[-45,85],[-38,24],[-105,-22],[-20,5],[2,93],[-50,99],[-116,5],[-39,23],[0,33],[20,41],[36,35],[18,64],[-12,99],[-43,135],[13,67],[-31,94],[52,46],[74,6],[74,41],[71,14],[166,56],[81,53],[63,-11],[27,47],[72,54],[-13,51],[-42,32],[-14,30],[18,66],[92,161],[30,66],[36,25],[92,28],[49,47],[9,65],[9,139],[-6,37],[-56,54],[-75,58],[-89,81],[-100,60],[-46,22],[21,96],[25,43],[37,30],[89,-36],[72,-17],[52,12],[41,32],[120,-1],[7,105],[31,49],[74,9],[60,-15],[113,16],[25,21],[10,102],[41,33],[70,24],[50,28],[69,50],[52,75],[20,95],[41,69],[46,27],[34,-4],[103,-29],[34,-4],[11,29],[41,29],[41,11],[59,41],[44,59],[18,47],[32,24],[45,2],[88,-14],[27,-104],[27,-72],[15,-76],[30,-114],[19,-28],[68,-21],[82,-52],[77,-67],[-1,-35],[-41,-60],[0,-71],[51,-80],[29,-17],[90,0],[67,32],[77,67],[106,122],[105,106],[32,42],[67,161],[9,37],[0,74],[23,98],[16,24],[198,73],[121,59],[59,41],[67,28],[88,16],[16,31],[-77,101],[-50,35],[-17,72],[5,26],[69,47],[55,53],[18,45],[32,145],[29,69],[21,26],[107,27],[55,27],[51,56],[41,17],[10,102],[33,54],[72,32],[86,53],[63,97],[3,87],[-22,52],[-93,147],[-31,8],[-39,-12],[-38,12],[-73,214],[6,37],[70,78],[7,42],[-39,44],[-29,65],[-1,59],[53,74],[36,23],[102,21],[53,26],[112,80],[23,54],[46,54],[64,40],[15,58],[-8,171],[-40,56],[44,137],[19,117],[42,141],[-1,82],[18,76],[29,58],[1,96],[33,65],[46,48],[69,93],[33,117],[97,98],[14,42],[34,59],[13,112],[-1,80],[15,35],[79,48],[88,68],[34,38],[8,79],[-45,55],[-1,33],[22,62],[28,41],[50,25],[40,-12],[71,-86],[106,-34],[125,13]],[[74476,145550],[-105,98],[-57,71],[-43,100],[-38,113],[-33,24],[-33,46],[-27,111],[-23,57],[-11,215],[-33,64],[-41,30],[-183,160],[-23,47],[-6,66],[17,56],[0,126],[16,42],[62,58],[24,54],[-53,166],[7,41],[9,158],[-5,75],[21,66],[-20,68],[-52,77],[-26,87],[-13,111],[21,26],[83,-5],[26,30],[3,53],[-35,149],[-32,80],[1,68],[22,89],[-4,106],[-41,121],[-44,53],[-53,30],[-44,42],[-29,11],[-78,-21],[-59,-3],[-55,20],[-48,32],[-39,50],[-84,160],[-30,82],[-69,120],[-130,139],[-55,75],[-66,-35],[-102,-115],[-47,-27],[-208,-48],[-117,-51],[-64,6],[-82,62],[-91,51],[-31,-1],[-69,-50],[-60,-6],[-79,-110],[-43,-47],[-68,-43],[-173,5],[-182,29],[-53,26],[-29,30],[-39,120],[11,167],[3,112],[-9,71],[-17,23],[-258,127],[-31,23],[-141,143],[-94,168],[-40,12],[-192,25],[-89,-1],[-22,77],[-44,96],[-5,57],[22,52],[15,78],[30,89],[-1,95],[-26,49],[-12,56],[-68,74],[-26,106],[-82,121],[-53,89],[-16,38],[-9,92],[44,93],[13,53],[-5,55],[-27,82],[2,23],[68,87],[15,47],[-18,59],[-26,49],[-100,73],[-38,16],[-60,9],[-95,43],[-86,65],[-80,89],[-38,34],[-99,56],[-56,24],[-208,18],[-230,-57],[-55,15],[-99,-36],[-164,64],[-38,73],[-63,98],[-47,103],[-39,167],[-12,85],[-27,96],[-30,50],[-65,180],[-59,147],[-30,107],[-12,84]],[[68513,153430],[5,46],[3,200],[-68,162],[-47,89],[-19,60],[-1,138],[-15,68],[-32,64],[-11,54],[-3,85],[-62,93],[15,76],[-45,55],[-21,60],[9,131],[-35,46],[-38,85],[-22,90],[-48,100],[-14,70],[-4,101],[-30,49],[0,28],[36,102],[8,86],[25,14],[80,-50],[55,-47],[91,-61],[42,-13],[44,10],[60,78],[50,78],[41,89],[46,75],[15,57],[-2,114],[6,129],[33,55],[17,79],[93,128],[15,35],[48,22],[90,-26],[44,7],[85,35],[48,6],[37,-17],[77,-56],[66,-9],[51,19],[-43,108],[18,100],[24,58],[90,107],[61,94],[17,74],[41,98],[83,115],[51,117],[-25,64],[-15,91],[-20,173],[4,41],[33,67],[17,69],[63,59],[44,83],[84,99],[37,91],[-6,43],[-65,66],[-16,34],[-8,100],[37,55],[21,57],[32,41],[64,34],[128,100],[20,66],[-34,125],[-7,101],[-25,120],[-28,65],[-52,94],[-12,45],[15,75],[-1,47],[24,96],[19,47],[71,81],[54,-1],[27,18],[9,55],[-21,64],[9,37],[47,48],[43,95],[78,33],[69,57],[2,43],[-18,74],[23,47],[36,6],[35,-15],[9,15],[-9,66],[26,36],[78,23],[7,44],[23,45],[64,63],[4,23],[-66,155],[-53,181],[12,174],[-9,23],[-103,100],[-9,24],[27,98],[-8,43],[-74,140],[-30,45],[-130,156],[172,103],[92,87],[15,48],[29,21],[47,2],[154,-25],[26,12],[78,68],[37,77],[34,39],[101,17],[116,-26],[13,9],[-5,100],[-13,90],[67,101],[31,36],[91,81],[-9,38],[-61,77],[1,88],[-40,43],[12,78],[-50,52],[-4,115],[-22,46],[-72,28],[-36,24],[-25,40],[12,89],[37,53],[46,25],[-10,92],[-14,31],[-54,28],[-39,69],[34,49],[230,82],[19,73],[45,44],[74,37],[82,1],[146,75],[66,27],[56,83],[75,12],[109,-44],[9,20],[-20,71],[1,63],[44,94],[51,66],[2,29],[-51,84],[79,31],[20,25],[51,118],[-91,63],[-82,84],[2,40],[102,53],[50,83],[45,19],[57,44],[66,34],[32,29],[22,44],[-3,47],[-25,62],[41,92]],[[72319,165124],[78,-8],[80,-50],[18,4],[56,81],[91,4],[55,14],[74,53],[49,-1],[38,-34],[89,-34],[53,-79],[42,-27],[38,6],[28,26],[19,85],[38,115],[10,93],[31,93],[43,65],[5,43],[42,49],[-8,102],[-34,94],[0,64],[58,130],[44,63],[-12,72],[72,98],[26,57],[37,14],[18,87],[2,106],[57,97],[88,27],[40,-27],[62,-93],[86,-29],[119,-6],[53,-95],[52,-70],[29,-64],[56,-26],[86,-91],[147,-104],[66,-36],[18,-33],[-23,-62],[126,-73],[119,63],[52,8],[97,-13],[116,72],[29,33],[59,101],[29,6],[136,6],[93,-16],[71,-38],[45,63],[81,66],[170,53],[21,59],[12,73],[25,65],[170,52],[55,-5],[107,42],[34,-1],[59,-41],[43,-68],[69,33],[46,4],[66,-35],[41,30],[114,51],[34,-6],[34,-84],[64,-70],[31,-77],[69,28],[45,1],[31,-91],[35,-29],[44,5],[102,-34],[52,-89],[44,1],[81,39],[7,32],[144,173],[131,13],[22,-8],[37,-52],[65,-20],[56,-2],[51,-48],[0,-93],[78,10],[30,-4],[57,-41],[-27,-69],[12,-30],[48,-7],[133,24],[73,-17],[52,78],[43,90],[24,90],[57,65],[15,92],[21,29],[49,38],[85,-16],[112,14],[56,-68],[65,11],[88,40],[85,31]],[[78855,166436],[33,-80],[89,-62],[77,0],[73,-14],[85,28],[18,-2],[111,-53],[-6,-54],[-19,-39],[11,-31],[69,-23],[47,-82],[85,-46],[84,-82],[48,-38],[69,2],[50,-37],[116,-1],[66,-65],[82,-51],[30,-43],[46,-12],[61,-33],[1,-93],[43,-60],[15,-42],[74,28],[154,143],[38,1],[40,-20],[33,3],[60,32],[67,6],[24,-87],[35,-8],[78,6],[13,-62],[36,-16],[54,35],[54,-74],[67,-5],[82,-36],[92,-26],[87,65],[20,-4],[79,-61],[69,-65],[169,-50],[-19,-71],[-28,-47],[-45,-26],[-23,-28],[-39,-108],[5,-15],[109,6],[12,-21],[4,-82],[38,-19],[45,15],[28,-7],[25,-108],[54,-9],[30,7],[56,66],[48,23],[39,5],[66,-29],[122,15],[28,-12],[161,-12],[93,19],[59,-1],[78,11],[58,27],[37,-24],[147,-208],[41,-28],[78,-9],[149,-5],[36,-20],[86,7],[98,-31],[96,3],[113,55],[27,4],[37,-25],[40,-73],[32,-31],[35,-3],[66,-33],[113,-19],[85,24],[37,1],[61,-94],[45,-12],[45,20],[35,31],[83,40],[64,-37],[89,-36],[97,-20],[89,35],[95,60],[53,2],[39,-24],[48,-6],[114,18],[80,30],[75,50],[38,51],[61,58],[96,49],[55,-42],[90,-20],[73,7],[94,-19],[98,16],[60,36],[44,56],[182,61],[46,2],[73,-35],[35,-1],[148,34],[46,29],[90,11],[57,-12],[44,33],[60,-12],[41,-20],[72,31],[128,13],[42,-7],[50,14],[64,-10],[45,50],[34,-4],[44,28],[100,-23],[23,5],[48,-21],[47,-1],[164,-60],[-7,46],[-56,62],[-90,114],[-56,93],[-48,67],[-92,102],[-38,77],[-55,213],[1,25],[42,96],[27,91],[33,86],[10,71],[-33,79],[-51,45],[-70,43],[-35,79],[-108,140],[-132,178],[-86,55],[-6,100],[23,96],[17,42],[-7,93],[-16,94],[16,65],[0,63],[-17,123],[109,-2],[125,12],[138,28],[254,122],[144,19],[120,45],[90,48],[276,-83],[31,-16],[129,-21],[215,-13],[106,11],[125,2],[132,34],[169,39],[117,-12],[87,4],[148,23],[130,29],[42,0],[181,-17],[120,-2],[95,6],[62,-27],[99,12],[64,44],[171,61],[270,47],[35,3],[199,37],[108,-14],[220,-44],[93,-37],[31,17],[-68,116],[-51,61],[-122,77],[-107,122],[-28,24],[-118,44],[-39,51],[8,22],[88,99],[40,25],[96,105],[127,82],[38,0],[87,102],[44,100],[0,17],[-79,37],[-54,43],[-38,59],[-12,81],[-25,72],[10,89],[20,45],[-23,93],[54,73],[43,12],[19,65],[-1,61],[30,29],[-25,54],[16,76],[44,43],[14,74],[18,40],[-6,47],[12,57],[26,25],[-9,21],[-2,70],[29,46],[36,0],[46,20],[89,88],[-3,28],[61,65],[43,70],[77,70],[-16,84],[41,17],[16,57],[-4,54],[-20,22],[-50,23],[-28,56],[-72,56],[-10,34],[-33,41],[-10,41],[14,14],[36,-20],[54,9],[39,62],[29,-6],[42,26],[73,105],[81,67],[30,58],[166,39],[36,-73],[0,-41],[20,-31],[69,37],[55,11],[75,-1],[21,24],[-4,43],[28,71],[3,32],[104,-43],[46,-56],[21,31],[124,75],[35,3],[23,-30],[5,-114],[47,-61],[49,-26],[44,11],[40,-40],[21,-75],[49,-75],[37,-24],[-6,53],[-47,69],[4,27],[123,34],[78,14],[121,85],[73,31],[114,13],[39,10],[98,-21],[136,-6],[106,-38],[137,-98],[63,-20],[95,-1],[90,-9],[61,-29],[90,-58],[8,-42],[44,-23],[108,7],[13,50],[-51,66],[-34,7],[-34,44],[-59,38],[-40,-22],[-42,12],[-52,61],[3,122],[10,74],[35,44],[50,13],[14,40],[68,3],[14,-101],[28,-35],[134,-37],[68,-37],[49,16],[5,40],[-13,54],[0,107],[13,102],[26,36],[45,35],[41,-14],[18,-54],[25,-17],[41,30],[81,-7],[185,12],[81,16],[49,29],[34,48],[-20,39],[-122,2],[-58,31],[-31,41],[0,26],[28,45],[141,72],[107,33],[72,29],[69,87],[38,73],[-3,64],[-64,98],[-24,93],[2,31],[46,54],[44,139],[21,100],[4,112],[29,148],[32,38],[47,22],[120,11],[77,-44],[42,-2],[61,44],[29,36],[80,47],[77,5],[194,48],[9,14],[-103,69],[-34,44],[11,65],[35,21],[41,4],[35,60],[38,0],[2,33],[-51,64],[-6,46],[19,26],[136,-17],[68,-20],[75,-45],[28,0],[109,78]],[[96647,173483],[21,-4],[19,-20],[-4,-11],[8,-8],[44,-22],[7,-80],[41,0],[-3,-25],[49,-29],[24,-65],[24,0],[0,35],[38,-34],[28,25],[-10,-100],[18,61],[25,-3],[13,-77],[-33,-11],[30,-44],[-42,27],[23,-35],[77,-13],[-22,-43],[23,-3],[26,-35],[-26,-9],[2,-33],[-51,18],[-20,-30],[40,-11],[14,-73],[20,9],[15,-30],[38,-7],[14,32],[36,-36],[-30,-5],[42,-59],[-2,-29],[-30,-23],[15,-39],[82,4],[27,-17],[10,-88],[27,18],[10,-66],[39,-35],[74,-9],[39,-34],[19,4],[38,-50],[-8,-43],[29,-30],[37,17],[21,-24],[-14,-62],[29,-3],[-8,54],[14,24],[12,-57],[23,-31],[42,-26],[-43,-10],[45,-30],[-70,-1],[-29,-15],[8,-43],[102,8],[0,-22],[-95,-3],[2,-16],[44,-5],[-26,-29],[47,-8],[71,-98],[78,-69],[-9,-60],[10,-86],[32,-7],[-11,-50],[52,-65],[7,-63],[41,13],[28,-6],[-8,-60],[-18,-6],[21,-36],[23,28],[29,-12],[18,-41],[-6,-43],[-56,3],[-24,16],[-3,-46],[49,6],[-5,-19],[-39,-2],[2,-17],[54,18],[45,-3],[7,-44],[23,23],[13,-32],[10,28],[14,-37],[-70,-11],[70,-20],[1,-52],[-39,-14],[26,-8],[16,-34],[19,37],[67,-115],[25,2],[-1,-56],[12,-12],[24,54],[35,-8],[4,-45],[22,2],[20,-62],[43,-3],[12,-35],[-22,-12],[44,-14],[7,-24],[26,7],[16,-45],[38,-59],[-34,-105],[-68,9],[9,-66],[50,-1],[18,34],[13,-32],[-51,-49],[35,11],[10,-50],[-55,-32],[-42,-56],[36,1],[38,45],[35,-9],[-21,-36],[31,-40],[-4,-54],[-52,-18],[-83,-6],[8,-47],[39,23],[90,19],[-20,-44],[-27,-15],[31,-61],[20,30],[132,-15],[30,-25],[-14,-89],[-9,2],[14,72],[-81,10],[-6,-79],[21,-33],[-6,-40],[49,7],[-14,-38],[53,24],[2,-69],[9,-19],[12,63],[47,19],[32,-21],[-11,-22],[25,-34],[-107,-57],[5,-12],[55,21],[23,-12],[29,-46],[-19,-24],[51,13],[9,-52],[-72,-8],[-18,-25],[19,-15],[-97,4],[5,-35],[49,10],[49,-29],[-52,4],[107,-42],[-25,-34],[-107,-38],[9,-41],[26,-9],[-51,-24],[20,-43],[25,-18],[92,20],[33,-17],[-108,-49],[18,-5],[130,14],[-21,-14],[24,-22],[-54,-29],[-75,12],[-6,-16],[42,-1],[40,-21],[68,-9],[-48,-13],[-73,-41],[2,-12],[93,-56],[-54,13],[18,-35],[-31,2],[2,-39],[23,-51],[-3,-34],[30,-10],[-17,-24],[39,-64],[65,19],[-1,-31],[-36,-22],[-40,-3],[4,-63],[26,-38],[30,12],[31,-27],[56,1],[53,-12],[1,-47],[-59,-53],[69,-23],[6,-22],[57,22],[-26,-24],[23,-33],[81,60],[-7,-28],[23,-35],[-42,-21],[-55,4],[-28,47],[-52,-21],[-3,-35],[61,-8],[-20,-24],[-32,-5],[16,-35],[70,19],[8,-49],[-33,-21],[39,0],[21,-49],[-71,-5],[-9,-35],[17,-31],[31,14],[45,-2],[-3,-34],[-31,-18],[-39,21],[-26,-47],[4,-53],[50,9],[-32,-24],[-110,-27],[-11,-57],[27,-59],[-5,-71],[97,-67],[11,-15],[66,-18],[-9,-24],[27,-63],[21,-2],[21,-56],[87,-56],[13,-70],[-19,5],[7,-38],[-11,-59],[58,24],[45,-55],[-9,-7],[-41,53],[-53,-20],[32,-70],[45,-64],[161,-105],[26,-40],[13,-53],[6,-97],[49,-70],[14,-76],[36,-73],[60,-93],[19,-76],[9,-125],[-36,-46],[-36,-72],[-34,-140],[-2,-48],[48,-105],[15,-93],[-31,1],[-36,-21],[-35,-98],[7,-49],[39,-140],[41,-41],[-5,-27],[48,-9],[-4,-21],[-32,-1],[8,-85],[38,-64],[36,2],[13,34],[39,-11],[-34,-43],[39,-56],[-15,-65],[-11,-3],[18,71],[-43,53],[-30,-5],[-26,-43],[-15,1],[-21,-63],[-2,-46],[26,-57],[0,-28],[33,-25],[3,-24],[66,28],[78,-51],[-71,-8],[-19,-42],[20,-5],[34,23],[22,-18],[-40,-24],[45,4],[8,-19],[-29,-59],[21,-86],[33,20],[5,-25],[59,26],[-8,-73],[8,-28],[45,9],[4,-29],[-59,-64],[24,-18],[48,26],[-5,-42],[-34,-9],[-12,-23],[-61,36],[-41,67],[4,37],[-13,82],[-23,49],[-1,42],[-22,-6],[-69,17],[-4,18],[-48,26],[-24,33],[-24,-5],[-14,43],[-85,-1],[-70,-18],[-44,-30],[-105,-21],[-83,14],[-65,-9],[-54,14],[-128,65],[-81,-4],[-58,-20],[-43,9],[-54,33],[-65,24],[-53,-2],[-125,-77],[3,-69],[-186,-238],[-117,95],[-19,-10],[-63,-78],[8,-7],[-75,-94],[109,-89],[-18,-23],[-110,88],[-80,-102],[272,-221],[-156,-197],[-433,351],[-56,-46],[-113,-277],[-80,-142],[-74,-91],[-65,-62],[-109,-77],[-38,-21],[-22,-40],[-86,-245],[-50,-198],[-15,-206],[73,-11],[66,4],[1,-11],[-67,-4],[-66,6],[-10,-15],[5,-93],[-39,-3],[3,-49],[19,-45],[18,-113],[24,-40],[26,-88],[36,-25],[46,1],[2,111],[11,-51],[413,-6],[233,-428],[39,-67],[319,-585],[-15,-9],[-507,927],[-72,-40],[-343,5],[-4,-303],[139,-78],[-2,-138],[-50,0],[-182,-229],[171,-141],[-5,-6],[-194,160],[-123,52],[-3,-7],[-123,54],[-34,80],[28,-44],[42,14],[-40,62],[5,26],[-78,-13],[-34,83],[-15,196],[-178,-14],[36,-482],[31,-52],[178,-17],[30,22],[73,-25],[67,-34],[23,-81],[48,-44],[26,-79],[34,-143],[14,-42],[104,-213],[17,-21],[160,117],[-73,-57],[27,-54],[56,-77],[15,-4],[-12,-63],[95,-28],[-4,67],[12,-9],[108,8],[43,19],[-118,265],[10,5],[92,-211],[33,-86],[-5,-51],[37,34],[12,-40],[40,-14],[36,6],[7,51],[40,-4],[-16,-20],[85,-34],[61,59],[73,-14],[37,-18],[35,11],[44,-15],[27,33],[8,-32],[46,-1],[-6,14],[34,35],[24,1],[-5,-39],[-24,-20],[53,-23],[22,24],[38,-2],[11,-40],[-35,-35],[18,-19],[-23,-40],[44,-32],[44,3],[-24,-33],[132,-103],[55,42],[-17,-32],[59,-52],[65,-9],[-40,-5],[2,-31],[58,-18],[65,9],[31,36],[-9,48],[108,-19],[3,13],[92,32],[-9,20],[-50,31],[-10,23],[-86,36],[5,10],[90,-41],[9,-22],[44,-28],[59,-11],[37,-25],[23,15],[65,-41],[72,-19],[40,17],[4,34],[65,-4],[15,-33],[-25,-4],[8,-39],[27,-22],[91,-37],[17,-22],[56,-13],[15,20],[97,10],[-12,23],[113,4],[-31,-20],[44,7],[-7,-35],[31,44],[22,-14],[-18,-33],[2,-39],[-17,-15],[51,-35],[44,0],[30,23],[35,-9],[75,-47],[15,-99],[32,-47],[29,-15],[24,-42],[88,-85],[53,-34],[55,-58],[93,-59],[51,-66],[73,-66],[12,14],[44,-33],[95,-39],[74,-16],[73,-83],[107,-88],[53,2],[-2,-69],[12,-35],[1,-60],[21,-40],[42,-20],[116,-22],[13,53],[160,0],[51,-10],[94,9],[5,13],[51,-27],[-23,-20],[13,-48],[33,-5],[48,-49],[48,10],[27,-19],[-25,-18],[14,-24],[69,-55],[55,-23],[86,-73],[32,-1],[9,-21],[35,17],[16,-24],[-4,-44],[85,-46],[31,-58],[52,7],[25,-55],[50,12],[-7,-58],[-42,-15],[-16,-66],[-3,-117],[28,-36],[40,0],[55,-23],[57,4],[43,-24],[30,23],[60,-5],[-13,-34],[-47,-3],[-11,-56],[-43,-54],[-9,-72],[-16,-15],[10,-67],[118,-135],[41,-26],[42,-3],[-4,-32],[20,-21],[-22,-129],[36,-73],[35,-30],[66,1],[28,-15],[33,18],[-24,-62],[36,-75],[49,-6],[35,-65],[38,26],[2,-34],[76,-14],[24,-36],[20,10],[-32,-76],[13,-100],[57,-94],[15,-50],[3,-66],[96,-169],[32,-39],[47,-85],[6,-67],[46,-74],[35,-21],[114,-51],[98,9],[24,-13],[8,-38],[-22,-18],[-39,6],[-1,-47],[17,-11],[-36,-62],[-22,4],[-77,-125],[-13,-60],[-30,-58],[-22,-14],[-52,-69],[27,-26],[-38,-28],[-12,-30],[12,-63],[-23,-46],[9,-39],[-22,-9],[-11,-45],[-33,-37],[-10,-111],[-40,-59],[-78,-56],[-52,-4],[-98,16],[-84,-13],[-42,-24],[-116,-105],[-17,-33],[9,-47],[-28,-29],[-7,35],[-78,-7],[-60,-49],[-78,-31],[-29,13],[-67,4],[-108,-24],[-61,-1],[-52,-39],[-57,43],[-105,4],[-111,-25],[-151,-88],[-6,10],[147,86],[90,21],[31,15],[-49,85],[-10,-7],[-110,47],[-16,-37],[-110,47],[12,31],[-175,73],[-25,40],[-52,-51],[-124,-27],[-17,58],[-38,31],[-79,-38],[3,-17],[-127,-67],[-81,-67],[-207,-238],[-20,-34]],[[100740,154975],[-68,83],[-105,21],[-101,45],[-99,58],[-13,45],[-36,42],[-50,11],[-26,22],[-86,7],[-44,-34],[-38,18],[-33,37],[-70,-15],[-72,23],[-22,41],[-4,39],[-26,64],[-44,50],[-24,13],[-54,-3],[-82,-25],[-76,-36],[-80,-7],[-45,15],[-195,79],[-101,35],[-32,2],[-221,-79],[-5,-98],[10,-74],[-20,-26],[-37,-94],[-73,-59],[-133,-195],[-32,-36],[-11,-64],[3,-94],[-43,-57],[-16,-37],[-72,-253],[3,-95],[-24,-155],[57,-211],[-22,-336],[14,-25],[71,-198],[29,-49],[13,-54],[-44,-20],[-87,54],[-53,49],[-34,14],[-84,54],[-38,38],[-66,104],[-70,-93],[-80,-68],[-93,-61],[-112,86],[-30,8],[-38,-16],[-107,41],[-48,27],[-43,62],[-16,122],[-32,-15],[-34,-127],[-14,-19],[-44,-12],[-93,47],[-68,49],[-33,-67],[-41,-9],[-34,-58],[-35,-8],[-129,46],[-44,1],[-51,-22],[-56,63],[-90,-23],[-58,18],[-17,67],[-45,22],[-28,41],[-100,5],[-69,28],[-38,-12],[-96,21],[-45,-17],[-9,-54],[4,-42],[-42,-24],[-27,-31],[-36,-2],[-60,-40],[-53,-73],[-46,-9],[-42,-44],[-49,-11],[-16,-89],[28,-54],[-17,-66],[23,-59],[-44,-38],[-47,-66],[-64,-123],[-5,-100],[-51,-22],[-184,-130],[-40,-12],[-78,16],[-151,-32],[-33,-2],[-125,18],[-155,59],[-124,-1],[-73,39],[24,52],[4,82],[-26,58],[-4,57],[75,109],[15,87],[-4,76],[26,66],[-14,18],[-47,-33],[-26,-56],[-53,-57],[-51,-104],[-47,-36],[-108,-117],[-22,-47],[-42,-33],[-92,-24],[-8,-55],[-62,-17],[17,-65],[-21,-30],[-60,-4],[-4,-62],[-44,-16],[-49,1],[-37,-27],[-22,-99],[3,-50],[-15,-69],[-55,-56],[-93,-3],[-56,24],[-45,-3],[-54,-125],[-40,-65],[-30,-24],[-5,-47],[20,-45],[-5,-74],[-38,-20],[-37,-76],[-10,-40],[-71,-30],[-75,-52],[-34,-69],[-57,-33],[-35,-33],[-118,53],[-52,-1],[-31,-36],[-17,-56],[-57,-54],[-33,-61],[-53,-35],[-49,-5],[-19,-22],[-29,4],[-18,37],[-26,11],[-153,-124],[-39,-40],[-55,-77],[-134,-135],[-19,-44],[-12,-75],[-31,-41],[-34,-18],[-84,-85],[-52,-20],[-105,-15],[-43,-25],[9,-92],[-8,-51],[7,-57],[-65,-147],[-96,-33],[-39,-37],[5,-49],[-39,-159],[-39,-70],[-22,-173],[-69,-126],[-71,-112],[-40,-112],[-24,-45],[-72,-80],[-5,-34],[51,-203],[-25,-110],[12,-91],[-5,-52],[15,-67],[-35,-99],[-10,-45],[62,-29],[25,-23],[75,-152],[33,-47],[14,-47],[7,-65],[18,-48],[42,-44],[101,-17],[42,3],[15,-16],[-10,-54],[14,-62],[-3,-38],[-43,-112],[-51,-100],[-2,-112],[17,-74],[26,-48],[9,-48],[40,-42],[8,-37],[-16,-63],[43,-86],[26,-70],[54,-73],[56,-95],[21,-53],[97,-104],[175,-51],[63,-7],[55,-23],[30,-29],[2,-52],[-33,-129],[25,-44],[25,-151],[18,-28],[51,-33],[42,-85],[13,-112],[13,-22],[61,-48],[104,-97],[87,-55],[145,-68],[111,-76],[194,-51],[60,7],[51,28],[37,45],[11,67],[26,11],[17,-32],[-5,-42],[-29,-51],[-36,-39],[84,-221],[41,-50],[38,-23],[8,-28],[-27,-39],[-22,-68],[-23,-134],[-2,-53],[-16,-31],[-27,-101],[-73,-70],[-73,-110],[33,-33],[120,-4],[18,-8],[19,-49],[-4,-30],[-35,-38],[-46,-104],[-13,-46],[-3,-159],[-16,-28],[-66,-51],[-67,-80],[15,-75],[49,-101],[26,-38],[12,-82]],[[93493,143893],[-44,15],[-82,-6],[-41,-28],[-67,-75],[-51,-31],[-92,-10],[-54,-14],[-47,-27],[-110,-80],[-46,-73],[-50,-14],[-88,34],[-77,-1],[-29,-23],[-25,-94],[-20,-32],[-58,-23],[-72,-7],[-26,-26],[-57,-86],[-4,-33],[-32,-75],[-40,-137],[-38,-33],[-47,10],[-159,-83],[-41,-34],[-23,-76],[-38,-71],[5,-45],[40,-67],[9,-61],[-19,-82],[-15,-26],[-4,-125],[3,-65],[17,-114],[-2,-34],[-30,-11],[-105,21],[-55,58],[-25,7],[-49,-25],[-54,8],[-133,57],[-46,-5],[-57,-53],[-111,-15],[-60,-72],[-83,12],[-19,10],[-70,-18],[-17,-79],[-55,-89],[2,-18],[50,-47],[-6,-73],[19,-98],[1,-58],[-11,-12],[-143,4],[-47,-14],[-22,-35],[-73,-27],[-20,-42],[-43,-33],[-107,-46],[-56,12],[-31,53],[-34,16],[-64,3],[-30,23],[-41,58],[-33,82],[-130,15],[-38,-12],[-34,8],[-17,33],[-73,207],[-26,36],[-22,-16],[-77,-86],[-107,25],[-118,66],[-95,-142],[-5,-31],[-70,-87],[-68,-44],[-21,-47],[-33,-41],[-104,-102],[-14,-27],[-3,-79],[-40,-53],[-29,-7],[-84,13],[-22,-11],[-12,51],[-41,66],[-90,181],[-192,14],[-234,45],[-99,22],[-24,21],[-11,69],[-51,93],[-93,236],[-24,102],[-87,66],[-190,89],[-128,15],[-72,-20],[-86,-62],[-63,-9],[-40,9],[-115,8],[-65,-13],[-63,-26],[-40,-34],[-76,-129],[-82,-83],[-61,-20],[-270,25],[-71,-4],[-61,-25],[-93,-88],[-71,-80],[-125,-165],[-56,-97],[-35,-37],[-93,-53],[-62,-6],[-72,21],[-198,-5],[-153,26],[-60,15],[-56,-15],[-68,-68],[-52,-87],[-67,-53],[-38,-15],[-62,5],[-55,-14],[-80,-37],[-57,-52],[-66,64],[-41,23],[-65,12],[-109,38],[-282,149],[-186,96],[-74,65],[38,79],[61,65],[22,46],[7,50],[-18,58],[-71,77],[-205,212],[-80,169],[-51,97],[-42,66],[-5,31],[-94,-10],[-181,-47],[-83,-38],[-217,-109],[-84,-15],[-141,64],[-107,120],[-93,54],[-101,35],[-59,7],[-69,30],[-75,102],[-52,44],[-47,19],[-46,37],[-146,45],[-44,53],[-21,54],[-28,36],[-83,40],[-16,43],[-10,169],[11,85],[-6,7],[-84,-44],[-49,-14],[-28,-22],[-58,-22],[-38,-3],[-87,-37],[-147,-7],[-50,8],[-111,84],[-40,15],[-67,63],[-72,44],[-80,83],[-90,-34],[-65,0],[-114,-25],[-69,-63],[-98,-110],[-48,-36],[-99,-57],[-27,-4],[-74,15],[-112,-25],[-106,-41],[-96,-49],[-100,-18],[-89,-24],[-24,17],[-47,118],[-57,48],[-129,63],[-31,26],[-95,57],[-51,90],[-74,101],[-148,92],[-56,4],[-14,25],[-25,178],[-35,90],[-69,92],[-21,60],[-29,49],[-128,124],[-34,47],[-14,108],[-41,30],[-48,63],[-51,115],[-47,62],[-38,29],[-60,63],[-70,87],[-29,20],[-78,4],[-86,-22],[-55,25],[-59,51],[-90,38],[-37,50],[-27,18],[-92,25],[-48,46],[-114,35],[-27,30],[-35,72],[-56,17],[-92,-4],[-18,15],[-40,121],[-33,64],[-23,22],[-108,25],[-98,-42],[-108,-34],[-87,-9],[-34,-86],[-30,-41],[-55,-38],[-57,-27],[-59,-40],[-73,73],[-62,30],[-124,25],[-85,35],[-114,-43],[-176,34],[-58,0],[-86,63],[-78,81],[-61,17],[-76,54],[-221,65],[-106,26],[-95,15],[-194,1],[-93,-22],[-63,9],[-42,-6],[-109,-74],[-129,-55],[-125,-46],[-72,-12],[-150,5],[-51,8]],[[100299,160653],[-87,-152],[-13,7],[209,363],[92,164],[225,392],[18,46],[2,-37],[-191,-336],[-127,-226],[-128,-221]],[[100309,163678],[53,-209],[-16,-4],[-48,208],[-121,471],[-33,139],[12,2],[153,-607]],[[100604,162481],[14,-23],[117,-467],[-12,-4],[-74,296],[-5,-2],[-92,370],[18,4],[42,-172],[-8,-2]],[[101388,159320],[186,-1],[13,45],[21,-40],[-24,-42],[46,-3],[-13,-29],[-50,-10],[-17,68],[-164,2],[-94,15],[4,9],[92,-14]],[[99989,160367],[50,12],[22,-29],[-41,-41],[-39,-12],[-17,34],[25,36]],[[97790,171980],[-31,-5],[35,-15],[-13,-27],[-57,22],[5,81],[49,-22],[12,-34]],[[101537,155160],[-131,55],[-118,-70],[-7,12],[118,70],[285,-122],[-2,-7],[-145,62]],[[99229,168396],[-26,-7],[-1,52],[71,-7],[-1,-21],[-43,-17]],[[98802,169482],[-68,20],[41,20],[71,-9],[-12,-23],[-32,-8]],[[99743,160446],[37,13],[34,-13],[-115,-38],[-7,16],[51,22]],[[99109,168598],[-49,11],[66,36],[45,-13],[-62,-34]],[[98441,164604],[39,115],[7,-2],[-86,-258],[-9,3],[49,142]],[[99920,165360],[-3,36],[48,-7],[1,-51],[-46,22]],[[98347,164313],[234,92],[4,-9],[-235,-90],[-3,7]],[[100435,160130],[-45,-52],[-19,10],[30,31],[34,11]],[[96739,173452],[-16,-19],[-35,11],[5,20],[40,10],[6,-22]],[[96764,173466],[22,-14],[-39,-17],[-4,31],[21,0]],[[98657,170025],[-47,-23],[7,52],[40,-29]],[[97207,172752],[-35,-14],[18,57],[17,-43]],[[99096,167987],[19,19],[36,-19],[-25,-18],[-30,18]],[[103141,157410],[3,-17],[-41,11],[-3,22],[36,6],[5,-22]],[[98978,168858],[43,18],[-6,-27],[-39,-11],[2,20]],[[102108,158829],[30,-40],[-38,-3],[8,43]],[[99255,168338],[-36,4],[-7,23],[57,-17],[-14,-10]],[[100096,164834],[10,27],[20,-19],[-22,-33],[-8,25]],[[100249,160259],[-6,-29],[-33,-5],[39,34]],[[102477,158383],[27,10],[31,-20],[-58,10]],[[103621,156515],[-44,-18],[1,20],[43,-2]],[[98363,160872],[-34,-38],[23,51],[11,-13]],[[99009,169074],[-19,-18],[-33,5],[52,13]],[[97888,171685],[21,24],[1,-38],[-22,14]],[[104348,156646],[-16,-15],[-6,37],[22,-22]],[[99228,167814],[-47,17],[33,6],[14,-23]],[[99794,166021],[12,-33],[-18,-4],[6,37]],[[90422,78285],[23,-140],[-58,-109],[-1,-230],[-5,-81],[7,-165],[10,-37],[98,-165],[48,-109],[46,-198],[85,-146],[4,-130],[-12,-79],[-25,-67],[-51,-90],[-37,-37],[-90,-41],[-107,-70],[-9,-24],[49,-177],[59,-52],[131,-60],[67,-24],[43,1],[95,21],[146,48],[82,13],[114,-1],[151,-23],[77,-18],[81,-28],[69,-45],[116,-91],[71,-68],[37,-55],[52,-33],[72,-31],[161,-39],[130,-22],[55,-23],[32,-102],[7,-80],[-8,-76],[25,-89],[38,-39],[68,-29],[61,-48],[59,-66],[56,-48],[44,-61],[-3,-32],[-53,-56],[-37,-52],[-72,-120],[-87,-59],[-42,-37],[-50,-77],[-45,-192],[-21,-45]],[[92178,74352],[-60,-25],[-134,-88],[-86,-70],[-93,-19],[-93,-6],[-53,-23],[-96,-10],[-51,-25],[-72,-78],[-35,-16],[-70,22],[-133,61],[-152,41],[-87,7],[-118,-3],[-84,8],[-53,-18],[-68,-113],[-30,-30],[-152,-50],[-82,-93],[-38,-20],[-93,42],[-183,48],[-103,15],[-27,24],[-78,37],[-116,39],[-63,67],[-90,43],[-91,-28],[0,-108],[-45,-43],[-100,-55],[-49,-2],[-107,27],[-32,22],[-8,82],[-50,64],[-77,158],[-102,-15],[-108,-37],[-94,9],[-88,71],[-57,67],[-42,-20],[-83,-18],[-45,0],[-22,14],[-29,87],[-50,22],[-107,5],[-27,10],[-23,45],[-33,23],[-129,-1],[-25,-19],[-33,-52],[-39,-15],[-128,-26],[-60,-54],[-42,-72],[-59,-73],[43,-121],[-6,-39],[-43,-39],[-41,-20],[-65,6],[-5,-49],[-60,-49],[-134,-21],[-61,-19],[-139,-59],[-114,-11],[-84,0],[-79,-8],[-149,-83],[-119,-50],[-211,-60],[-62,-2],[-25,20],[-73,114],[-21,-2],[-28,-36],[-103,-183],[-167,-246],[95,-18],[96,-32],[77,-48],[44,-41],[15,-30],[53,-148],[-4,-36],[-106,-95],[-49,-72],[-47,-93],[-86,-50],[-67,-22],[-64,-32],[-62,-42],[-106,-95],[-58,-136],[-24,-30],[-80,-22],[-37,-2],[-52,-93],[55,-105],[48,-63],[41,-36],[68,-42],[2,-69],[-24,-50],[-72,-69],[-81,-57],[7,-63],[17,-34],[88,-119],[22,-58],[7,-148],[-24,-44],[-67,-81],[-32,-72],[-6,-61],[40,-274],[3,-75],[-32,-53],[-54,-43],[-44,-18],[-112,8],[-46,-37],[-74,-31],[-26,-78],[-19,-34],[-73,-64],[-89,-68],[3,-132],[60,-226],[-31,-81],[-70,-66],[24,-212],[9,-149],[42,-55],[51,-38],[-28,-145],[-6,-57],[-23,-126],[-78,-183],[-33,-126],[-42,-77],[-2,-80],[12,-96],[-15,-71],[-1,-135],[16,-75],[86,-69],[153,-96],[36,-29],[24,-89],[15,-18],[91,-36],[128,-23],[-30,-42],[-17,-98],[15,-87],[-2,-40],[31,-116],[-29,-140],[-23,-59],[36,-209],[20,-100],[13,-130],[-3,-37],[-48,-172],[-32,-69],[6,-31],[66,-82],[18,-68],[15,-94],[20,-63],[83,-154],[15,-56],[147,-158],[55,-76],[32,-62],[13,-62],[2,-125],[23,-36],[13,-69],[40,-84],[1,-127],[8,-118],[-8,-56],[1,-146],[-40,-51],[-84,-28],[-80,-8],[-41,-17],[-46,-38],[-76,-78],[-49,-71],[-53,-106],[-43,-43],[107,-3],[46,-26],[43,-44],[96,-37],[77,-85],[32,-53],[53,-55],[54,-75],[45,-120],[67,51],[57,30],[115,28],[72,-1],[113,-68],[124,-51],[37,30],[44,15],[47,-2],[80,-55],[48,-13],[92,-12],[126,-45],[80,-13],[94,-24],[151,100],[92,48],[87,10],[54,-8],[66,-30],[123,-8],[110,-49],[102,9],[50,25],[91,0],[63,-16],[68,-89],[52,-46],[88,-49],[-79,-100],[-31,-52],[-30,-92],[-13,-84],[-78,-124],[-35,-42],[-68,-121],[-3,-38],[19,-134],[-15,-33],[-112,-154],[-32,-25],[-115,-61],[-38,-31],[-32,-44],[-15,-64],[-44,-63],[-31,-91],[-89,-97],[-28,-61],[-16,-69],[-74,-122],[-31,-98],[10,-89],[-29,-128],[-33,-69],[-22,-80],[18,-36],[37,-18],[11,-88],[32,-55],[123,-82],[105,-45],[66,-17],[68,-44],[86,-28],[12,-171],[25,-77],[50,-113],[50,-56],[77,-121],[68,-63],[0,-24],[-56,-76],[1,-114],[-29,-140],[5,-33],[60,-43],[26,-63],[69,-109],[6,-69],[34,-72],[25,-84],[67,-64],[62,-23],[76,-57],[41,-16],[7,-81],[88,-262],[101,-144],[9,-47],[-13,-49],[0,-101],[-67,-43],[-23,-43],[-1,-76],[15,-63],[-24,-44],[-13,-65],[-36,-60],[-4,-119]],[[88442,58164],[-32,-29],[-110,-25],[-79,2],[-110,57],[-93,-1],[-114,-55],[-85,-57],[-49,-53],[-53,-91],[-28,-69],[-89,-47],[-64,-169],[-68,-137],[-91,-87],[-96,-52],[-86,-1],[-36,-8],[-66,20],[-55,-3],[-72,38],[-49,10],[-31,-45],[-22,-56],[5,-83],[-12,-56],[-31,-58],[-105,-114],[-38,-20],[-81,-78],[-59,-103],[-134,-100],[-82,-98],[-49,-7],[-39,23],[-210,66],[-50,-10],[-67,-26],[-111,0],[-126,-94],[-95,-60],[-127,-56],[28,-94],[8,-87],[-4,-141],[-43,-84],[-9,-45],[11,-65],[-6,-64],[-16,-40],[-56,-48],[-37,-61],[-20,-59],[-86,-72],[-75,-52],[-42,9],[-102,75],[-136,83],[-55,25],[-160,26],[-80,41],[-168,51],[-104,56],[-69,22],[-93,11],[-93,43],[-82,55],[-18,31],[-18,77],[-96,114],[-47,18],[-80,17],[-98,33],[-55,47],[-31,57],[-29,10],[-80,-57],[-57,5],[-59,67],[-64,38],[-62,59],[-56,-3],[-16,-35],[-47,-28],[-66,-59],[-72,-31],[-33,-30],[-29,-48],[-87,-75],[-53,-30],[-9,-28],[0,-120],[-28,-36],[-52,-13],[-81,-33],[-79,38],[-101,19],[-72,25],[-69,96],[-117,12],[-31,11],[-27,38],[-16,50],[6,29],[-27,57],[-43,53],[-38,0],[-66,-36],[-90,-95],[-98,-13],[-52,-32],[-73,-5],[-58,-16],[-88,6],[-44,27],[-109,2],[-95,226],[-38,36],[-93,-13],[-46,17],[-60,-11],[-91,23],[-123,22],[-68,0],[-150,-24],[-9,-14],[15,-61],[1,-79],[-50,-90],[-19,-14],[-47,-73],[-108,-57],[-100,-137],[-38,-65],[-10,-49],[-142,-12],[-28,-20],[-20,-41],[-20,-78],[-16,-28],[-80,-40],[-25,-53],[-86,-38],[-64,14],[-26,27],[-41,110],[-25,27],[-67,8],[-25,29],[-19,86],[-84,5],[-18,75],[-125,-29],[-27,2],[-61,66],[-52,80],[-84,113],[-21,40],[10,42],[41,58],[-28,32],[-58,19],[-69,3],[-128,-63],[-54,-1],[-96,40],[-50,92],[-39,51],[-67,56],[1,73],[29,39],[11,54],[21,45],[-45,104],[-68,64],[-115,48],[-30,55],[6,34],[35,29],[28,46],[-7,48],[-26,18],[-101,13],[-137,46],[-15,14],[-41,75],[-71,65],[-86,54],[-64,-15],[-66,8],[-31,-14],[-16,-29],[-67,-8],[-23,-47],[-73,-32],[-82,-9],[-54,29],[-54,58],[-50,19],[-48,-14],[-110,10],[-41,-27],[-52,0],[-135,-140],[-67,-87],[-30,-124],[-57,-76],[-43,-76],[-29,-101],[-44,-13],[-26,-23],[-29,-56],[-2,-98],[-40,-53],[-83,-8],[-26,-23],[-39,-68],[-104,-68],[-76,-33],[-95,60],[-61,5],[-179,-65],[-57,-9],[-65,-21],[-40,-29],[-83,-108],[-59,-104],[-43,-101],[0,-65],[-58,-60],[-55,-42],[-88,-2],[-8,-61],[-52,-115],[-3,-69],[-16,-19],[-59,47],[-93,11],[-47,22],[-117,-5],[-16,7],[-28,54],[-22,7],[-107,-45],[-41,3],[-47,21],[-55,-2],[-41,27],[-85,120],[-47,32],[-138,-51],[-68,-35],[-81,0],[-78,13],[-65,-19],[-49,10],[-69,30],[-42,-18],[-54,-7],[-22,14],[-4,92],[-53,116],[-40,31],[-26,80],[-88,37],[-32,-8],[-58,-56],[-34,-5],[-15,-24],[-9,-137],[-42,-33],[-136,-8],[-54,-33],[-23,-39],[-35,-138],[-40,-91],[-45,-131],[92,-90],[7,-24],[-49,-53],[-27,-7],[-60,12],[-49,-2],[-21,-18],[-38,-80],[-34,-33],[-72,-43],[-21,-26],[-30,-83],[-46,-24],[-17,-66],[-23,-48],[-87,1],[-67,-40],[-29,-6],[-109,25],[-48,-6],[-61,-42],[-83,-78],[-136,-163],[-39,-37],[-198,211],[-73,88],[-143,226],[-30,72],[-39,42],[-34,4],[-247,-9],[-86,-10],[-117,-57],[-194,-99],[-118,-54],[-102,-175],[-277,-98],[-262,-60],[-181,-48],[-42,-78],[98,-95],[37,-45],[63,-172],[149,-256],[54,-82],[-80,-42],[-74,-59],[-17,-27],[49,-264],[-4,-66],[-39,-55],[3,-27],[43,-69],[6,-39],[-3,-148],[-9,-23],[-77,-106],[-92,-90],[-81,-65],[-10,-29],[4,-62],[-9,-39],[-39,-99],[-37,-61],[-63,-64],[66,-115],[109,-126],[94,-89],[8,-196],[10,-70],[-105,35],[-193,14],[-228,44],[-68,-165],[-150,-57],[-26,-1],[-86,20],[-65,-7],[-46,-24],[-100,-82],[-238,-169],[-62,-39],[-88,-40],[-40,-29],[-158,-221],[-19,-63],[-38,-31],[-91,-125],[-38,-37],[-53,-71],[-37,-33],[-108,-9],[-113,-50],[-74,-10],[-46,-27],[-102,58],[-132,46],[-106,86],[-32,15],[-85,12],[-126,3],[-119,-11],[-61,-131],[-14,-43],[-26,-209],[-28,-104],[-70,-210],[-28,-117],[49,-128],[-87,-50],[-116,1],[-60,12],[-106,123],[-62,48],[-117,43],[-153,69],[-459,50],[-70,4],[-70,16],[-159,-51],[-27,7],[-161,93],[-100,46],[-141,56],[-190,50],[-77,52],[-216,110],[-30,25],[-130,156],[-17,14],[-267,98],[-114,37],[-35,0],[-448,-54]],[[63394,50818],[23,26],[394,247],[-106,90],[-174,500],[-28,90],[-40,73],[-397,620],[-263,501],[-408,766],[-25,39],[-136,14],[-10,11],[23,91],[-2,33],[-73,117],[-40,47],[-68,120],[9,236],[-44,75],[-141,71],[-72,25],[-88,62],[-31,33],[-26,58],[-10,136],[27,88],[-1,46],[39,60],[-2,18],[-82,111],[-21,97],[-39,54],[-3,86],[8,82],[16,31],[41,38],[51,77],[57,41],[2,53],[22,134],[-4,24],[-60,92],[-84,69],[-58,60],[-42,68],[-44,24],[-91,0],[-44,8],[-149,138],[-116,124],[-75,57],[-123,12],[-51,16],[-48,34],[-36,56],[-19,76],[-43,30],[-91,18],[-45,31],[-143,34],[-84,50],[-64,26],[-30,25],[-37,61],[-56,48],[-160,87],[-88,15],[-84,33],[-74,42],[-20,33],[-27,85],[-58,62]],[[10199,23580],[36,92],[5,67],[43,44],[34,57],[-30,85],[-78,100],[-58,84],[-65,78],[-21,59],[2,45],[27,60],[-17,131],[14,102],[63,37],[33,74],[28,32],[62,42],[21,34],[17,159],[-23,84],[-83,173],[-87,135],[-137,143],[-48,59],[-29,54],[-28,88],[-11,75],[-33,150],[0,102],[-16,174],[-28,79],[-61,86],[-114,77],[-70,52],[-94,101],[-24,75],[33,156],[-8,54],[-61,89],[-19,46],[5,75],[44,47],[27,76],[49,52],[143,92],[21,40],[-16,98],[57,139],[14,51],[-24,79],[-61,49],[-69,10],[-72,22],[-36,25],[-26,67],[16,100],[-2,177],[-43,43],[-11,43],[32,19],[116,14],[62,1],[69,18],[79,33],[19,19],[25,114],[6,98],[-12,51],[101,39],[96,49],[212,79],[56,24],[118,117],[145,102],[45,54],[72,60],[14,28],[40,149],[31,96],[16,103],[40,124],[2,33],[-29,115],[-5,54],[32,50],[69,21],[194,150],[21,29],[21,74],[9,98],[31,104],[43,68]],[[11160,30486],[89,-61],[36,-38],[40,-89],[52,-60],[30,-13],[121,-12],[46,-101],[74,-57],[143,-79],[64,-5],[69,36],[50,14],[97,13],[63,30],[51,11],[61,-36],[91,-29],[83,10],[78,-10],[92,19],[94,-30],[68,-1],[60,-18],[30,-57],[40,-30],[68,-18],[144,24],[44,-62],[20,-12],[67,57],[101,44],[81,26],[134,28],[124,118],[46,87],[60,40],[72,9],[29,16],[81,103],[38,35],[70,40],[115,55],[99,29],[88,51],[67,-32],[54,-16],[64,-1],[78,53],[68,24],[56,59],[55,39],[86,41],[64,57],[37,63],[87,49],[28,-6],[95,-78],[99,-49],[33,-9],[49,-50],[63,-1],[74,-27],[165,-17],[82,-27],[120,-2],[104,15],[45,0],[20,33],[4,194],[-7,124],[-35,67],[61,135],[139,168],[94,99],[51,27],[178,68],[10,30],[-3,100],[16,79],[69,123],[18,95],[37,101],[21,120],[42,73],[33,24],[50,12],[98,-3],[59,23],[17,38],[7,86],[30,37],[91,68],[53,18],[59,-3],[114,62],[53,-27],[63,-12],[64,28],[39,36],[33,6],[74,-15],[20,27],[2,147],[-18,71],[-33,51],[-59,128],[-13,66],[6,58],[38,30],[100,27],[80,36],[53,55],[23,40],[25,86],[23,7],[65,-63],[81,-42],[36,-27],[140,-78],[59,-104],[32,-24],[44,-11],[87,31],[41,-27],[188,-15],[103,-45],[38,-2],[50,43],[56,179],[40,30],[91,8],[116,-45],[108,-33],[59,-38],[55,-19],[43,13],[117,123],[54,32],[140,42],[46,33],[95,93],[36,24],[66,14],[43,-2],[56,-40],[60,113],[67,86],[60,61],[50,26],[79,65],[30,17],[24,-55],[58,-29],[92,-19],[18,-35],[-5,-91],[21,-104],[48,-51],[37,-7],[153,-7],[44,-39],[25,-41],[15,-213],[-13,-90],[12,-44],[6,-108],[73,-97],[38,-37],[89,-66],[23,-72],[38,-54],[94,-56],[46,-44],[7,-70],[51,-67],[6,-58],[-28,-113],[-58,-95],[20,-33],[6,-79],[51,-121],[78,-86],[13,-34],[50,-62],[-6,-105],[24,-82],[32,-50],[-68,-24],[-31,-32],[-66,-135],[-22,-65],[86,-23],[23,-40],[14,-89],[51,-138],[29,-33],[79,-30],[46,-70],[94,-72],[107,-35],[27,-40],[15,-130],[37,-36],[36,-56],[3,-50],[66,-52],[18,-74],[33,-79],[71,-47],[23,-35],[18,-62],[56,-46],[19,-43],[-32,-76],[-10,-48],[6,-117],[-6,-66],[8,-67],[8,-183],[-40,-67],[-59,-125],[-32,-84],[3,-60],[83,-200],[-4,-62],[30,-73],[43,-63],[101,-194],[60,-49],[4,-32],[-26,-93],[-2,-175],[19,-59],[49,-49],[-1,-48],[30,-84],[-4,-125],[50,-61],[31,-16],[141,-35],[51,-91],[59,-26],[140,-22],[60,-29],[32,-41],[34,-10],[151,18],[87,-11],[44,-30],[41,-54],[22,-63],[38,-45],[84,-46],[61,8],[41,59],[44,35],[116,50],[136,28],[58,21],[36,-15],[23,33],[57,46],[56,11],[95,1],[70,-13],[43,33],[79,-13],[62,-29],[156,32],[147,55],[53,86],[82,56],[37,14],[64,-12],[59,-52],[23,-3],[67,57],[70,7],[48,22],[72,-35],[43,57],[83,47],[40,67],[59,56],[82,22],[77,4],[107,-37],[76,-12],[77,34],[34,6],[19,41],[81,-3],[72,-20],[79,-43],[50,-38],[43,13],[58,-34],[105,-16],[125,-60],[116,-31],[126,-6],[57,7],[79,-33],[78,1],[58,-43],[29,0],[42,22],[29,52],[21,75],[6,111],[31,48],[46,27],[62,15],[66,-38],[50,-7],[106,-58],[45,-8],[75,31],[69,-80],[26,-57],[52,-64],[39,-67],[52,-13],[45,-42],[-6,-52],[-131,-26],[-19,-11],[-2,-38],[16,-65],[99,-116],[109,-48],[8,-21],[-1,-78],[16,-54],[-14,-72],[17,-35],[102,-49],[33,2],[83,-35],[54,0],[34,19],[3,118],[40,41],[35,9],[36,-55],[81,-55],[116,-32],[53,-52],[45,-1],[18,-21],[47,-17],[91,20],[80,-40],[107,31],[52,7],[88,-1],[52,-21],[59,-55],[80,-34],[15,-15],[54,-111],[73,8],[24,-23]],[[29922,26628],[43,-50],[31,-20],[38,-51],[45,-146],[100,-64],[62,-26],[12,-40],[-14,-36],[-69,-79],[-3,-49],[22,-61],[87,-34],[35,-5],[34,47],[39,16],[81,-16],[34,-20],[24,-118],[49,-81],[-56,-100],[-6,-40],[24,-42],[99,-95],[64,-123],[13,-46],[-2,-65],[17,-24],[101,-15],[56,10],[51,-7],[200,37],[58,-39],[40,-14],[42,-61],[28,-7],[45,29],[74,-101],[83,-52],[149,-181],[80,-2],[39,-30],[81,-161],[72,-18],[108,43],[96,-3],[84,22],[81,-2],[154,9],[63,-14],[69,-40],[76,42],[40,1],[17,-41],[35,-48],[37,4],[83,39],[16,17],[147,-52],[47,-2],[75,11],[101,27],[28,-9],[28,-50],[88,-31],[54,-49],[88,-29],[42,-39],[52,0],[57,51],[86,18],[83,-30],[98,-22],[87,-73],[38,-15],[94,14],[21,-69],[31,-55],[-7,-67],[4,-72],[36,-53],[-4,-76],[31,18],[12,68],[24,10],[64,-57],[56,-37],[69,-69],[5,-72],[23,-95],[45,-27],[21,-42],[40,19],[21,63],[28,123],[26,59],[24,124],[37,82],[90,89],[52,11],[50,-12],[42,59],[45,2],[53,-16],[49,-89],[95,-44],[56,-150],[19,-95],[40,-36],[96,-25],[62,6],[220,77],[80,78],[66,2],[27,51],[70,-62],[43,16],[25,48],[37,32],[-29,55],[9,23],[58,8],[44,-34],[55,-16],[55,5],[30,38],[78,24],[77,-70],[81,-39],[41,13],[-7,70],[3,71],[13,16],[41,1],[83,-39],[135,108],[133,56],[77,-5],[52,60],[52,110],[34,-17],[72,41],[87,86],[72,49],[62,-1],[106,-46],[19,37],[54,57],[22,-33],[-29,-87],[26,-35],[60,-30],[52,-51],[59,-96],[73,-85],[59,-29],[56,-14],[39,22],[30,37],[58,2],[21,17],[38,65],[0,61],[15,35],[34,26],[2,64],[76,36],[17,48],[108,11],[103,48],[55,-4],[44,-25],[134,-50],[32,-73],[-4,-81],[-11,-70],[-7,-113],[-41,-108],[-4,-50],[57,-21],[81,-87],[21,-44],[7,-66],[-35,-31],[-9,-60],[14,-69],[38,-69],[-8,-34],[-50,-31],[-40,-61],[-54,-27],[-26,-42],[-69,-46],[-124,-54],[-35,-31],[-42,-163],[-11,-19],[-11,-95],[-22,-72],[42,-57],[-35,-70],[-1,-43],[-39,-148],[-3,-50],[14,-11],[92,5],[50,-21],[68,-57],[40,-4],[61,55],[237,261],[134,121],[29,-4],[45,34],[92,48],[61,75],[57,30],[41,52],[56,28],[44,98],[64,35],[83,-18],[57,-36],[128,18],[86,0],[53,67],[22,10],[77,-15],[4,59],[23,29],[30,-83],[-13,-38],[-39,-36],[-11,-45],[68,-32],[14,59],[24,42],[16,86],[14,34],[52,59],[78,5],[35,87],[-125,448],[-58,45],[-18,61],[-11,114],[-19,79],[19,5],[-64,209],[376,116],[-35,121],[387,124],[-72,242],[82,26],[119,-35],[-21,70],[27,16],[66,14],[152,135],[37,40],[-87,229],[276,112],[385,152],[115,-1],[58,-66],[73,-95],[105,-179],[74,-8],[38,-15],[153,-104],[74,83],[8,40],[43,54],[36,25],[114,179],[54,74],[63,51],[71,33],[72,66],[41,19],[117,15],[-10,166],[-10,90],[137,25],[55,21],[110,28],[90,0],[60,-15],[107,8],[96,33],[42,7],[104,3],[85,9],[83,24],[174,97],[110,58],[77,49],[58,24],[91,-35],[76,-19],[63,4],[159,-29],[60,-2],[21,22],[-30,68],[1,31],[40,124],[4,62],[46,89],[3,62],[64,219],[4,30],[-91,121],[-4,30],[66,102],[58,48],[146,53],[27,39],[17,52],[14,95],[17,31],[57,31],[86,30],[7,70],[32,53],[51,56],[30,20],[-72,234],[-66,111],[-55,17],[-75,56],[-41,41],[-2,62],[-15,32],[-55,51],[-4,69],[-31,40],[-35,152],[-48,92],[-63,68],[-86,64],[-34,57],[-3,56],[16,132],[-183,288],[-62,86],[-86,73],[-83,89],[-153,174]],[[44408,30342],[48,53],[36,75],[41,33],[70,2],[58,-29],[102,55],[40,61],[33,67],[50,51],[21,71],[2,82],[72,93],[1,90],[13,50],[-18,129],[-2,80],[17,32],[47,20],[77,-10],[43,5],[84,66],[80,-2],[46,8],[84,52],[106,30],[119,9],[62,18],[76,46],[56,24],[66,2],[123,-14],[67,12],[81,42],[32,27],[25,70],[67,25],[17,36],[-2,36],[66,65],[25,9],[94,-2],[121,-40],[32,-1],[39,38],[7,42],[-25,100],[-31,67],[-44,62],[-69,55],[-32,40],[-20,44],[-25,18],[-87,-2],[-21,73],[-25,43],[-37,25],[-61,21],[-17,62],[-52,67],[-4,37],[110,113],[45,24],[139,22],[93,28],[50,-2],[87,-39],[36,-48],[62,-19],[20,7],[98,2],[2,12],[-53,53],[-96,205],[-4,43],[-43,210],[16,111],[36,79],[38,64],[1,47],[34,65],[51,127],[14,51],[-3,67],[-26,58],[14,62],[49,46],[25,60],[94,30],[63,91],[23,7],[87,-17],[168,-21],[36,44],[74,71],[-5,89],[34,63],[56,40],[-10,80],[-24,61],[10,40],[41,31],[110,27],[39,17],[80,93],[59,16],[193,29],[73,22],[62,-21],[37,-27],[49,-79],[60,-16],[31,23],[48,64],[99,111],[14,62],[-14,96],[18,22],[152,102],[37,4],[56,-46],[81,-38],[88,37],[296,-5],[125,5],[55,19],[17,85],[122,39],[79,46],[20,65],[-15,119],[27,38],[104,58],[34,68],[17,105],[28,95],[33,41],[39,202],[122,5],[77,-11],[24,12],[89,-2],[114,-18],[79,-4],[61,13],[25,18],[28,62],[-19,72],[-52,60],[-22,113],[-5,62],[9,21],[140,29],[42,37],[9,100],[32,51],[22,66],[-4,67],[26,89],[-12,43],[5,93],[12,59],[-3,75],[10,107],[17,44],[64,51],[75,-29],[71,12],[74,-9],[19,-58],[48,-37],[87,-15],[155,-43],[19,27],[11,70],[31,49],[10,39],[-4,57],[13,25],[82,10],[26,76],[-3,100],[23,31],[88,54],[52,62],[86,70],[53,30],[51,18],[57,-3],[30,45],[10,74],[-2,63],[29,55],[67,78],[24,56],[40,46],[56,24],[147,1],[99,31],[191,99],[48,-77],[156,-178],[24,-20],[135,-57],[69,-12],[141,2],[83,43],[54,40],[91,16],[113,-12],[105,-3],[37,-14],[72,-60],[11,-20],[-9,-75],[11,-117],[14,-24],[176,-89],[158,6],[78,-13],[70,-54],[43,-44],[43,-27],[29,-42],[10,-37],[48,-61],[54,-33],[111,2],[78,-21],[63,-33],[68,-13],[78,-2],[33,8],[92,0],[50,-44],[38,-12],[76,25],[93,10],[90,-10],[58,4],[54,20],[98,-27],[34,-33],[103,34],[57,5],[118,29],[45,1],[-23,54],[9,66],[-22,91],[-19,126],[-21,70],[-87,137],[-38,88],[-62,102],[-58,153],[-36,73],[-98,58],[-32,36],[-33,85],[-20,112],[-39,88],[-53,60],[-13,77],[-1,86],[-21,107],[-50,202],[-133,147],[-90,108],[-25,64],[9,74],[51,150],[-4,51],[-26,87],[4,35],[115,116],[8,51],[-15,53],[-47,36],[-90,90],[-14,55],[102,127],[23,48],[112,145],[33,89],[-2,88],[21,10],[-7,74],[-19,54],[-27,13],[-18,38],[-15,99],[-65,82],[-190,139],[-42,98],[3,68],[16,6],[141,2],[33,9],[14,60],[-17,132],[-30,62],[-18,73],[-53,96],[3,25],[41,88],[20,72],[-2,104],[-21,74],[-11,116],[1,59],[-45,182],[-2,157],[67,11],[120,-48],[95,11],[108,48],[69,19],[56,6],[38,-19],[60,20],[18,22],[89,7],[106,-24],[61,-33],[23,-26],[104,-1],[114,-57],[47,-5],[24,24],[76,8],[102,24],[65,24],[49,-1],[239,-46],[120,-5],[114,11],[115,29],[84,48],[80,62],[116,106],[31,51],[29,124],[38,69],[140,110],[124,49],[74,34],[173,39],[140,52],[85,14],[28,-4],[119,-193],[24,-51],[38,-42],[38,-20],[112,-180],[134,-88],[243,-183],[142,-119],[34,-6],[117,21],[46,1],[174,-16],[45,29],[14,27],[29,120],[19,55],[24,114],[8,67],[13,17],[-96,176],[-47,102],[-145,221],[-28,75],[9,95],[102,283],[111,187],[45,97],[10,39],[15,144],[28,26],[72,26],[230,58],[36,18],[86,110],[61,50],[126,83],[66,56],[55,10],[42,-22],[82,-76],[48,-82],[35,-40],[103,-55],[141,-1],[69,-38],[58,79],[47,28],[173,30],[28,18],[31,42],[12,89],[20,48],[106,-5],[88,3],[103,109],[100,23],[-59,56],[-8,66],[17,119],[87,152],[29,63],[128,77],[43,104],[0,54],[-13,59],[-47,85],[17,116],[43,67],[127,37]],[[61968,46444],[68,-33],[79,-26],[61,-31],[169,-98],[102,-70],[41,-34],[75,-88],[21,-34],[76,-207],[44,-81],[57,-59],[15,-46],[-10,-41],[6,-93],[-43,-209],[-23,-51],[-38,-54],[-45,-81],[-40,-38],[-146,-169],[-14,-29],[10,-128],[-3,-111],[6,-108],[19,-53],[35,-61],[80,-106],[16,-91],[24,-56],[63,-112],[155,-135],[47,-54],[144,-108],[31,-4],[119,8],[126,47],[30,21],[135,-6],[73,-83],[57,-33],[38,-51],[141,-93],[52,-66],[4,-70],[-7,-133],[100,-311],[55,-152],[30,-34],[70,-51],[22,-26],[9,-78],[-10,-298],[-42,-240],[-30,-129],[22,-25],[-9,-20],[-102,-86],[-160,-124],[-38,-54],[12,-212],[11,-67],[39,-30],[94,-55],[41,-16],[25,-30],[86,-167],[47,-120],[2,-71],[-15,-79],[41,-20],[62,-99],[74,-156],[64,-92],[84,-103],[45,-41],[97,-60],[36,63],[72,45],[64,12],[60,30],[38,82],[30,47],[84,27],[91,-1],[216,-79],[51,-1],[122,-21],[95,58],[78,25],[151,34],[47,35],[56,20],[127,69],[173,27],[68,-3],[163,-26],[130,-29],[85,-1],[45,-21],[47,-39],[58,-101],[52,-26],[55,-41],[56,-75],[96,-13],[58,-16],[84,-56],[75,-83],[21,-14],[55,-5],[64,8],[56,-10],[44,17],[21,48],[30,39],[35,20],[58,-24],[87,-138],[82,-83],[68,-91],[51,-50],[59,-31],[113,-6],[78,-18],[71,-28],[46,-40],[20,-32],[98,-44],[76,13],[42,-2],[67,-35],[14,-17]],[[68563,39659],[38,-31],[95,-102],[12,-24],[-6,-82],[-16,-34],[-73,-108],[-21,-53],[-28,-199],[5,-82],[50,-84],[72,-21],[37,-42],[68,-107],[40,-97],[34,-40],[171,-114],[21,-9],[26,-41],[79,-39],[48,-38],[50,-100],[37,-14],[59,-38],[144,-131],[67,-25],[109,-128],[30,-17],[61,-60],[36,-49],[148,-159],[27,-58],[101,-150],[4,-59],[53,-117],[10,-80],[48,-129],[36,-52],[50,-51],[0,-46],[-26,-47],[-195,-151],[-30,-42],[-13,-48],[4,-86],[-20,-48],[-44,-150],[-9,-89],[-42,-96],[-6,-69],[16,-73],[84,-143],[0,-27],[-143,-301],[-10,-112],[7,-64],[20,-67],[38,-54],[84,-154],[35,-84],[-33,-119],[11,-85],[-3,-132],[-7,-37],[-43,-58],[-42,-44],[-58,-97],[-181,-138],[-32,-13],[-167,38],[-71,-11],[-73,-27],[-45,-108],[-21,-12],[-33,11],[-54,-7],[-35,33],[-31,-9],[-117,-106],[-33,-55],[-64,-87],[-8,-42],[12,-103],[3,-87],[-20,-110],[-15,-50],[-44,-60],[-27,-92],[-17,-32],[-55,-11],[-58,-38],[-80,-41],[-88,-24],[-96,-47],[-29,-27],[-13,-92],[3,-213],[51,-55],[-16,-63],[-36,-79],[-33,-49],[5,-51],[26,-53],[47,-65],[0,-138],[57,-93],[-3,-86],[18,-153],[-24,-82],[0,-126],[35,-57],[41,-24],[10,-58],[24,-70],[47,-62],[88,-46],[19,-56],[77,-114],[51,-49],[10,-55],[-2,-74],[-14,-81],[8,-52],[61,-21],[33,-23],[4,-69],[139,-189],[43,-47],[8,-69],[19,-39],[71,-60],[29,-53],[-5,-96],[7,-70],[32,-140],[46,-58],[28,-60],[46,-61],[11,-53],[37,-50],[6,-85],[29,-92],[-21,-68],[-1,-49],[-52,-34],[-22,-33],[3,-77],[-22,-108],[-7,-77],[-71,-120],[-119,-75],[-84,-67],[-98,-86],[-57,-86],[3,-38],[57,-57],[19,-36],[-7,-91],[-28,-46],[-17,-63],[19,-51],[84,-62],[49,-61],[33,-95],[51,-83],[52,-42],[5,-16],[-48,-82],[-40,-84],[-48,-195],[-21,-49],[-27,-19],[-127,-15],[-49,5],[-71,-17],[-78,-38],[-68,-69],[-1,-30],[20,-50],[10,-83],[44,-119],[55,-90],[40,-139],[23,-24],[117,-5],[60,-13],[83,49],[41,9],[35,-65],[-28,-70],[17,-105],[51,-66],[65,-24],[79,-44],[55,-45],[62,-34],[32,6],[70,51],[71,25],[65,-18],[71,-37],[47,-13],[73,1],[15,-47],[-18,-111],[28,-69],[37,-43],[55,-29],[39,-57],[16,-84],[45,-98],[49,-52],[37,-23],[72,-25]],[[70325,25831],[2,-18],[50,-95],[40,-45],[48,-85],[4,-127],[36,-71],[37,-118],[6,-113],[27,-105],[58,-75],[81,-77],[31,-53],[33,-123],[0,-101],[26,-90],[4,-75],[28,-113],[44,-141],[0,-49],[13,-87],[-19,-83],[-61,-127],[12,-88],[21,-77],[48,-81],[12,-59],[-21,-48],[17,-38],[133,-20],[77,-67],[96,-108],[-4,-50],[-44,-103],[-135,-167],[-50,-93],[-12,-64],[-79,-83],[4,-42],[114,-140],[-16,-128],[-1,-105],[-13,-81],[-21,-79],[-7,-83],[-33,-148],[-45,-103],[-78,-106],[-4,-39],[-42,-81],[-54,-15],[0,-49],[-60,-114],[12,-67],[-44,-105],[-51,-48],[0,-55],[-48,-51],[23,-57],[-1,-85],[-11,-68],[27,-33],[11,-54],[-47,-70],[-3,-19],[67,-105],[15,-40],[-4,-104],[63,-44],[46,-129],[26,-44],[6,-102],[16,-50],[129,-159],[7,-49],[-2,-100],[120,-110],[66,-158],[-7,-52],[-41,-53],[-9,-36],[2,-103],[-55,-87],[-61,-69],[-48,-29],[-12,-39],[43,-30],[76,-77],[28,-83],[86,-108],[-5,-45],[-27,-60],[14,-91],[-5,-26],[-47,-102],[-78,-114],[-20,-82],[-37,-104],[-53,-245],[-27,-37],[-196,-148],[-91,-57],[-30,-26],[-55,-106],[-79,-90],[-28,-46],[-28,-19],[-121,-10],[-89,-44],[-35,-37],[-136,-185],[-44,-32],[-84,-29],[-79,-19],[-69,-50],[-62,-67],[-134,-65],[-69,-93],[-43,-113],[-71,-83],[-63,-19],[-86,-5],[-120,-24],[-50,-31],[-50,-64],[-52,-177],[-11,-71],[2,-46],[95,-225],[60,-90],[-8,-40],[-54,-75],[-29,-97],[-3,-63],[-13,-37],[-57,-75],[-81,-6],[-74,-19],[-109,-66],[-106,-43],[-167,-230],[-51,-53],[-73,-48],[-143,-76],[-98,-46],[-88,-66],[-73,-99],[-14,-28],[-75,-102],[-55,-65],[-22,-58],[-13,-74],[7,-98],[19,-74],[4,-182],[18,-99],[40,-47],[23,-54],[21,-128],[38,-129],[2,-76],[13,-51],[41,-56],[36,-29],[25,-52],[-3,-88],[-31,-113],[-86,-135],[137,-109],[56,-88],[64,-55],[155,-56],[124,-34],[113,-15],[55,-24],[43,-34],[81,-25],[113,-21],[88,-42],[78,-75],[36,-80],[-13,-80],[-32,-66],[-83,-128],[-65,-137],[-80,-79],[-111,-84],[-135,-32],[-66,-22],[-25,-24],[-94,-55],[-73,-66],[-67,-92],[-31,-52],[-105,-139],[-91,-221],[-31,-112],[-11,-122],[-20,-54],[-60,-100],[-24,-53],[-30,-107],[-53,-113],[-17,-53],[-51,-110],[-15,-60],[6,-129],[16,-84],[-20,-127],[39,-104],[-18,-82],[47,-61],[9,-51],[98,-56],[14,-72],[-17,-68],[18,-87],[-4,-134],[14,-40],[45,-77],[12,-130],[79,-125],[10,-61],[-22,-63],[6,-25],[58,-75],[20,-49],[-11,-92],[-77,-195],[-48,-103],[3,-31],[41,-71],[14,-65],[23,-50],[40,-45],[76,-41],[101,-17],[138,-54],[74,-18],[-37,-75],[1,-69],[-138,-172],[-56,-37],[-89,-78],[-83,-56],[-26,2],[-108,70],[-107,38],[-42,-18],[-33,-37],[-68,-30],[-115,13],[-85,-23],[-44,-44],[-42,-19],[-50,40],[-89,30],[-77,8],[-51,22],[-37,4],[-86,-22],[-74,15],[-157,130],[-109,45],[-40,-6],[-87,-67],[-71,-73],[-64,-44],[-51,-15],[-95,8],[-27,16],[-36,92],[-33,10],[-50,-42],[-67,-77],[-91,-59],[71,-133],[-15,-49],[60,-77],[23,-59],[34,-135],[83,72],[68,45],[60,-24],[63,-113],[125,-67],[21,-39],[-18,-67],[-4,-51],[37,-85],[4,-53],[-30,-80],[34,-52],[2,-61],[-114,-190],[-41,-99],[-20,-33],[-52,-38],[-26,-37],[3,-59],[32,-89],[-11,-54],[-85,-113],[-19,-54],[-8,-66],[26,-52],[22,-81],[-1,-40],[-55,-74],[-5,-24],[68,-124],[33,-16],[23,-36],[46,-141],[71,-123],[34,-102],[54,-32],[63,12],[105,49],[25,-3],[69,-74],[23,-46],[2,-33],[-41,-99],[-56,-61],[-10,-69],[-49,-55],[-2,-94],[-30,4],[-58,33],[-68,64],[-42,6],[-26,-58],[-25,-16],[-91,21],[-91,33],[-114,30],[-73,-1],[-36,-30],[-42,-75],[-1,-38],[23,-63],[-37,-47],[-99,10],[-100,-5],[-77,10],[-59,21],[-23,-3],[-65,-60],[-116,-27],[-125,-79],[-26,-33],[-22,-188],[13,-59],[50,-35],[35,-53],[-15,-70],[8,-80],[60,-68],[12,-102],[-9,-72],[17,-78],[-8,-58],[-36,-43],[-62,-37],[-98,-30],[-157,-3],[-121,8],[-120,-127],[-120,-159],[-51,-34],[-148,12],[-44,-5],[-100,-31],[-38,-2],[-33,7],[-11,47],[5,48],[20,44],[86,105],[4,98],[-19,41],[-59,93],[-18,45],[35,96],[143,100],[64,74],[14,91],[27,51],[36,37],[18,61],[60,155],[44,71],[46,42],[4,22],[-30,139],[-1,57],[42,90],[-9,107],[4,98],[-5,48],[-92,-21],[-24,22],[2,61],[47,80],[1,52],[-78,19],[-94,6],[-61,-10],[-44,-19],[-48,-62],[-44,4],[-41,75],[-22,16],[-84,35],[-83,14],[-105,127],[-71,51],[-117,45],[-301,65],[-226,4],[-51,22],[-75,65],[-8,39],[132,195],[-59,326],[-17,43],[-86,107],[-43,173],[-20,31],[-82,50],[-55,107],[-18,10],[-42,-17],[-65,-56],[-98,-3],[-36,-53],[-54,-47],[-66,8],[-57,95],[-10,61],[-40,18],[-72,3],[-49,-18],[-109,-108],[-105,-2],[-45,-25],[-73,-57],[-40,-44],[-46,-80],[-117,-102],[-97,-3],[-46,34],[-57,81],[-59,130],[-8,45],[-33,91],[-44,61],[-37,66],[-21,66],[-12,100],[-12,37],[-115,75],[-130,121],[-10,35],[21,32],[-5,44],[-79,147],[-16,69],[3,37],[-53,15],[-139,25],[-43,18],[-55,96],[-100,21],[-36,42],[-34,12],[-80,-47],[-35,-70],[-108,3],[-72,-30],[-60,16],[-72,76],[-91,-6],[-15,22],[8,124],[-3,39],[-51,41],[-75,19],[-94,-25],[-63,3],[-69,-11],[-48,25],[-96,29],[-23,32],[-16,55],[-28,33],[-67,12],[-70,-43],[-46,1],[-44,33],[-65,-15],[-40,-74],[-11,-55],[-60,-42],[-19,-67],[-31,-27],[-180,-53],[-54,-42],[-61,-35],[-29,-1],[-82,27],[-69,-4],[-80,-29],[-18,-39],[22,-91],[32,-28],[-3,-51],[-38,-43],[-76,8],[-130,-38],[-65,17],[-34,57],[-38,18],[-144,-2],[-59,-10],[-52,20],[-19,25],[-22,68],[3,92],[-24,31],[-87,61],[19,185],[-18,57],[-47,63],[-58,48],[-134,69],[-59,18],[-28,34],[-17,60],[-138,30],[-205,103],[-6,57],[-27,107],[-50,43],[-54,10],[-82,56],[-38,35],[-61,27],[-20,36],[-32,100],[-57,53],[-41,69],[-46,44],[-15,80],[-63,50],[1,59],[-32,44],[-56,-5],[-73,-19],[-36,-21],[-63,-71],[-29,-14],[-135,38],[-147,-10],[-129,-22],[-27,-38],[1,-24],[41,-84],[-36,-46],[-73,-38],[-79,-64],[-28,-66],[6,-41],[34,-61],[53,-161],[5,-58],[-32,-67],[-3,-39],[29,-154],[-7,-85],[-38,-122],[31,-72],[-89,-67],[-11,-18],[20,-44],[19,-74],[33,-31],[8,-54],[-96,-71],[-43,-76],[-46,-48],[-34,-88],[-53,-68],[-89,-79],[14,-78],[-55,-61],[-7,-32],[96,-168],[-3,-22],[-33,-18],[3,-79],[-46,-9],[-24,-53],[31,-79],[-52,-60],[15,-44],[98,-63],[58,-58],[8,-61],[26,-87],[-7,-116],[41,-106],[-32,-85],[-27,-24],[-53,-17],[-106,-4],[-103,41],[-61,8],[-127,-21],[-117,11],[-103,31],[-86,37],[-91,67],[-49,47],[-81,41],[-31,35],[-19,75],[-41,2],[-62,-30],[-50,1],[-79,54],[-60,5],[-106,26],[-189,81],[-72,-18],[-40,-39],[-23,-105],[-18,-28],[-75,-39],[-37,-31],[-15,-39],[5,-46],[28,-53],[6,-38],[-56,-25],[-44,-2],[-38,-93],[-29,-16],[-51,22],[-111,103],[-74,30],[-166,17],[-76,29],[-3,41],[47,113],[-12,34],[-54,57],[-84,-30],[-17,22],[16,31],[-11,38],[-49,3],[-64,-59],[-25,-53],[-29,-122],[-64,-97],[-52,-51],[-78,-23],[-28,-78],[-5,-90],[42,-76],[3,-297],[-20,-46],[-95,-79],[-59,-22],[-26,5],[-105,50],[-64,-14],[-37,56],[-123,-93],[38,-116],[2,-43],[-22,-192],[-37,-238],[2,-98],[43,-103],[-93,-99],[-71,-57],[-32,-103],[-235,-178],[-8,-86],[18,-91],[-4,-96],[-29,-66],[-114,-138],[-41,-80],[-11,-90],[8,-120],[17,-96],[-8,-169],[-19,-51],[9,-34],[47,-92],[29,-106],[5,-70],[30,-185],[35,-39],[-15,-42],[-65,-81],[-53,-47],[-120,-94],[-56,-14],[-40,29],[-41,86],[-28,30],[-195,-16],[-241,-28],[22,-233],[-117,-15],[-437,-47],[20,-232],[-430,-47],[-11,99],[-100,-9],[-83,-67],[-135,-92],[-132,-94],[-85,-48],[-72,-61],[-34,-38],[13,-117],[668,55],[19,-322],[-288,-149],[-98,-18],[-191,22],[-480,69],[-143,17],[-222,14],[-271,0],[-108,-30],[-110,245],[-80,94],[-27,44],[-57,49],[-61,89],[-56,63],[-92,35],[-81,12],[-23,26],[-33,114],[-40,75],[-66,88],[-13,143],[6,46],[28,77],[14,85],[56,96],[-10,67],[-51,26],[-40,47],[18,103],[-11,110],[25,161],[-18,181],[-18,55],[-72,91],[-16,55],[0,78],[-14,18],[-83,41],[-41,3],[-82,-15],[-50,16],[-37,31],[-46,74],[-53,17],[-41,34],[-31,45],[-23,57],[-29,36],[-87,77],[-68,36],[-19,25],[-20,116],[-29,69],[-81,54],[-52,86],[-27,17],[-100,15],[-110,0],[-84,14],[-37,16],[-66,47],[-77,80],[-88,35],[-81,70],[-72,11],[-64,43],[-45,83],[-64,82],[-68,64],[-93,68],[-63,63],[-100,157],[-27,1],[-39,-75],[-5,-58],[-21,-58],[-31,-44],[-40,-35],[-84,-39],[-144,-79],[-86,-14],[-141,11],[-50,-105],[-4,-27],[33,-67],[-14,-83],[-39,-34],[-50,23],[-86,62],[-52,-14],[-87,-133],[-44,-32],[-51,-20],[-67,5],[-22,25],[9,111],[-31,49],[-59,58],[-83,130],[-22,16],[-80,25],[-20,20],[-36,93],[-29,14],[-74,-42],[-123,-42],[-83,24],[-30,72],[-27,39],[-58,13],[-108,-3],[-80,98],[-220,89],[-44,11],[-9,-27],[-40,9],[7,29],[-94,86],[-212,53],[-15,-47],[-131,59],[-49,-64],[104,-51],[1,-62],[-85,2],[-70,17],[17,74],[-105,68],[-264,191],[-23,37],[-141,102],[19,50],[-24,22],[40,59],[-167,112],[-2,17],[78,258],[16,126],[30,70],[29,25],[19,57],[-9,45],[2,91],[33,165],[-17,83],[38,104],[-14,99],[4,92],[18,56],[-1,154],[-32,65],[4,96],[-6,86],[4,106],[20,230],[20,57],[40,82],[58,200],[-9,24],[-142,145],[-37,33],[-31,67],[-80,-7],[-126,-37],[-44,-50],[-115,-85],[-44,6],[-41,-21],[-60,13],[-113,0],[-76,29],[-47,8],[-83,-35],[-18,13],[-10,105],[-30,87],[-47,72],[-16,44],[-28,39],[-108,6],[-54,58],[-36,18],[-46,-2],[-77,-34],[-82,24],[-14,20],[22,34],[-4,132],[12,132],[15,42],[121,130],[44,57],[12,47],[-116,184],[-38,77],[-32,131],[-12,13],[-158,34],[-27,12],[-32,38],[-62,-16],[-100,-69],[-72,-35],[-53,-52],[-43,-74],[-34,-76],[-22,-82],[-43,-25],[-66,25],[-68,39],[-52,55],[-30,8],[-100,-4],[-70,33],[-38,45],[-38,22],[-58,55],[-35,-4],[-25,25],[-48,17],[-86,-18],[-84,-57],[-55,-94],[-2,-53],[-59,-65],[-31,5],[-36,65],[-8,61],[19,82],[-24,100],[14,62],[-44,51],[3,36],[25,53],[58,88],[6,36],[-23,8],[-79,-20],[-29,13],[-11,114],[-19,68],[-35,73],[31,75],[9,54],[1,116],[13,53],[29,44],[80,144],[10,267],[106,64],[97,-17],[90,-41],[92,-12],[201,31],[33,39],[52,22],[50,-11],[38,-49],[-1,-36],[32,-27],[79,-28],[127,-88],[74,-10],[28,24],[95,-25],[114,-62],[16,-27],[42,1],[51,21],[47,35],[89,29],[-6,31],[92,52],[99,29],[91,76],[129,132],[80,48],[71,55],[38,42],[0,233],[31,33],[13,66],[87,74],[44,80],[23,75],[37,32],[104,38],[58,39],[87,35],[56,53],[125,84],[13,18],[32,100],[91,155],[14,62],[44,53],[32,21],[73,99],[126,131],[138,153],[157,151],[22,37],[-82,187],[5,57],[28,44],[70,86],[8,23],[-16,175],[-23,174],[-50,14],[-16,38],[-19,130],[-4,119],[39,59],[10,47],[-23,98],[-7,109],[31,69],[-6,29],[-95,73],[-89,22],[-30,35],[-5,81],[-12,72],[-41,92],[-73,104],[-48,50],[-22,66],[-64,241],[-30,62],[-25,24],[-29,-2],[-178,-59],[-146,-18],[-21,7],[-84,80],[-46,11],[-61,62],[-77,23],[-29,0],[-104,35],[-62,53],[-27,13],[-114,25],[-98,-11],[-52,41],[-24,-45],[-78,5],[-50,55],[-37,19],[-15,37],[-26,1],[-75,-43],[-27,2],[-105,31],[-156,-35],[-46,-6],[-25,11],[-21,59],[-135,-18],[-17,-68],[-34,-83],[-20,-8],[-106,4],[-17,-13],[-43,-107],[-23,-6],[-149,3],[-32,9],[-49,54],[-89,8],[-73,-11],[-45,-24],[-52,-74],[-49,-16],[-27,12],[-28,65],[-43,34],[-96,53],[-26,24],[-25,63],[-47,33],[-60,4],[-67,69],[10,89],[-11,43],[25,168],[26,29],[-64,57],[-2,40],[34,30],[-20,11],[-39,-28],[-64,39],[-57,-9],[-88,23],[-69,-38],[-34,45],[-80,34],[-102,77],[-90,22],[-34,60],[-27,67],[-38,32],[-47,11],[-74,-10],[-66,-38],[-108,-228],[-83,-40],[-16,-28],[-1,-93],[-42,-47],[-98,10],[-105,-7],[-69,28],[-42,-6],[-73,-55],[-64,-28],[-131,-42],[-13,-29],[-8,-82],[-40,-40],[-31,-8],[-24,18],[-103,-8],[-91,-42],[-95,-59],[-40,4],[-77,-50],[-79,-60],[-26,0],[-144,113],[-22,83],[-103,87],[-29,-2],[-140,-67],[-28,-6],[-20,25],[-46,12],[-75,42],[-130,88],[-36,-39],[-22,-2],[-84,52],[-63,10],[-77,41],[-48,45],[-33,12],[-59,-8],[-18,-14],[-28,-66],[-209,-111],[-83,2],[-63,10],[-51,-19],[-62,18],[-76,-53],[-53,77],[-51,36],[-56,60],[-66,-66],[-31,-15],[-38,3],[-25,-23],[-28,-84],[-56,-10],[-19,-53],[-43,-11],[-59,21],[-46,-41],[-7,-55],[-32,-27],[-69,-7],[-26,-29],[-7,-41],[50,-33],[-4,-21],[-116,-92],[-40,-39],[-51,-128],[-39,-5],[-58,40],[-106,14],[-85,42],[-46,-12],[-46,-54],[-77,9],[-72,-21],[-35,6],[-50,48],[-73,50],[-21,0],[-48,-43],[-73,58],[-101,19],[42,78],[2,39],[-30,162],[-65,20],[-33,23],[-39,131],[-27,61],[-49,79],[-48,29],[-151,-7],[-84,-65],[-75,-15],[-72,31],[-62,-96],[1,-89],[-55,-56],[-23,-2],[-82,31],[-70,189],[-66,54],[36,29],[13,51],[-13,66],[0,78],[22,99],[-31,30],[-43,0],[-101,-94],[-92,-52],[-114,-23],[-32,-19],[-29,-36],[-38,-78],[-56,-48],[-96,-131],[-56,-121],[-33,-15],[-45,1],[-94,-24],[-29,14],[-46,49],[-54,32],[-72,-30],[-49,-35],[-47,-13],[-97,-138],[-1,-26],[-75,-70],[-105,-5],[-35,8],[-32,28],[-79,99],[-20,43],[-14,71],[-61,46],[-89,24],[-115,-62],[-40,-44],[-70,-2],[-67,14],[-80,-3],[-47,-18],[-62,-48],[-24,-102],[-40,-57],[-12,-50],[-7,-100],[-17,-59],[-42,-35],[-100,-63],[-56,-83],[-69,-30],[-47,-60],[-30,-8],[-117,76],[-93,29],[-73,-10],[-84,12],[-100,103],[-73,194],[-24,35],[-45,34],[-11,48],[15,26],[143,63],[9,19],[-94,50],[-116,75],[-71,17],[-32,23],[-14,171],[-13,44],[-41,43],[-51,10],[-97,-2],[-46,18],[25,82],[-12,63],[-46,47],[-27,8],[-44,-21],[-90,46],[-27,106],[-49,40],[-90,-18],[-76,39],[-63,-7],[-64,34],[-34,38],[67,43],[-2,55],[54,125],[44,52],[-2,80],[-55,56],[-44,56],[-31,96],[7,77],[-20,133],[-103,20],[-48,47],[-108,178],[-105,83],[-37,93],[10,114],[26,80],[-11,47],[-28,38],[-83,40],[-21,48],[-32,24],[-81,6],[-123,-6],[-24,37],[0,117],[-20,79],[-1,166],[-16,22],[-79,17],[-46,20],[-55,48],[-19,56],[-65,26],[-16,19],[-13,62],[-65,7],[-196,130],[-24,53],[-82,-33],[-138,-30],[-76,15],[-48,37],[-73,143],[-28,8],[-122,-72],[-52,-41],[-93,134],[-42,40],[-77,29],[-25,22],[51,106],[-5,27],[-78,139],[-50,57],[-147,52],[-80,9],[-30,37],[-46,35],[-68,-6],[-51,-46],[-18,-67],[-34,-29],[-147,-4],[-54,10],[-91,41],[-16,35],[2,72],[-21,25],[-87,15],[-38,-27],[-46,-5],[-16,20],[-4,79],[-82,68],[-1,40],[43,53],[-8,73],[-15,29],[41,69],[-5,27],[-60,17],[-112,13],[-62,-14],[-35,12],[-109,69],[-34,15],[-63,-9],[-93,-50],[-34,-36],[-23,-73],[-41,-40],[-30,-80],[-69,-57],[-8,-127],[1,-56],[-15,-99],[7,-90],[-2,-75],[-39,10],[-65,85],[10,62],[-56,53],[-100,12],[-81,-5],[-101,24],[-61,-31],[-36,27],[-22,46],[-22,11],[-70,-16],[-14,85],[29,73],[-2,44],[22,104],[10,95],[-45,10],[-100,-4],[-38,6],[-3,35],[46,112],[0,68],[-64,81],[-29,89],[8,47],[30,75],[-42,56],[-5,53],[-51,70],[-55,36],[-17,31],[-35,24],[-41,-7],[-126,24],[-65,-10],[-92,6],[-96,117],[-190,71],[-44,3],[-122,-58],[-93,18],[-95,-42],[-68,-58],[-229,-58],[-120,-17],[-74,9],[-129,53],[-101,11],[-53,33],[-79,16],[-104,60],[-50,5],[-37,-16],[-21,-57],[-52,-30],[-18,-29],[0,-54],[-14,-36],[-27,-5],[-70,32],[-94,73],[-72,4],[-53,-11],[-22,24],[-15,80],[16,85],[-36,26],[-100,36],[-44,6],[-50,-23],[-31,1],[-40,55],[-41,24],[-143,36],[-146,148],[-9,39],[9,72],[-47,90],[-40,95],[-83,49],[-112,146],[-34,28],[-95,143],[-38,31],[-133,59],[-68,57],[-68,132],[-56,63],[-38,16],[-136,9],[-91,16],[-148,81],[-101,49],[-74,30],[-88,16],[-115,-1],[-24,9],[-83,56],[-102,103],[-172,144],[-123,85],[-72,71],[-84,41],[-141,59],[-109,27],[-92,37],[-181,135],[-73,60],[-22,39],[-41,126],[-103,224],[-53,142],[-7,66],[-1,115],[-25,68],[-53,29],[-173,29],[-58,16],[-106,58],[-49,46],[-66,91],[-115,86],[-123,113],[-225,125],[-57,50],[-66,73],[-65,22],[-97,-35],[-57,-10],[-158,5],[-81,-13],[-54,1],[-125,25],[-180,21],[-183,5],[-145,53],[-35,-12],[-87,-124],[-110,-24],[-92,-26],[-67,4],[-71,34],[-67,6],[-212,-109],[-139,-47],[-53,1],[-31,49],[-80,62],[-118,11],[-66,17],[-235,92],[-43,-15],[-59,-77],[-107,-97],[-77,-57],[-72,-32],[-145,-74],[-127,-36],[-172,-132],[-55,-26],[-72,-61],[-76,-42],[-42,-9],[-77,6],[-130,58],[-54,19],[-114,24],[-83,-11],[-105,-83],[-44,-17],[-78,-1]],[[89824,26776],[7,-61],[22,-49],[-11,-29],[36,-3],[23,-33],[43,-9],[54,-53],[34,-1],[4,-45],[50,-20],[-42,-23],[10,-34],[31,-25],[17,-35],[-25,-12],[22,-30],[22,4],[32,-40],[-69,1],[52,-21],[-59,-38],[-58,0],[-20,-22],[20,-25],[-20,-16],[-69,43],[15,12],[-51,17],[-50,83],[17,15],[-21,63],[-34,34],[-47,0],[-9,34],[-100,-110],[-30,-75],[22,79],[53,58],[-82,77],[-35,58],[-63,12],[-4,24],[-28,-35],[-37,-71],[-40,-39],[-70,-101],[21,6],[12,-62],[16,5],[13,-64],[79,18],[64,54],[-67,-67],[-93,-27],[6,-15],[-18,-82],[-12,-16],[11,-53],[30,-16],[-53,-44],[89,-65],[12,-41],[-41,30],[3,-28],[-54,-34],[-10,20],[-82,58],[-40,-1],[-59,-31],[-14,21],[-64,-18],[-29,-25],[-32,-4],[-57,-38],[-20,-52],[31,-43],[15,-44],[-21,-3],[-66,107],[-36,5],[-75,-28],[-6,-19],[-71,-87],[70,-46],[-47,-199],[-6,17],[27,117],[-133,35],[15,61],[-49,13],[-38,-29],[-12,17],[-35,-51],[8,-33],[-8,-89],[23,-28],[-34,-9],[-8,-32],[32,-15],[-62,-11],[-35,11],[-9,-64],[32,-21],[7,-30],[20,6],[0,-31],[-35,-6],[1,-39],[86,-3],[-95,-22],[3,-25],[-75,-30],[-10,16],[-15,-40],[-3,-102],[29,-118],[10,-10],[94,-222],[48,-46],[64,3],[30,-38],[-11,-47],[36,-40],[21,10],[177,-180],[152,17],[1,54],[141,7],[2,17],[121,22],[4,149],[-269,-1],[0,8],[312,0],[6,50],[36,26],[10,-30],[59,-23],[1,21],[30,0],[15,24],[36,-19],[49,19],[-15,-22],[21,-24],[95,30],[33,29],[2,23],[80,17],[53,-15],[50,-88],[65,5],[23,-24],[-11,-21],[50,10],[23,-23],[51,53],[30,-19],[42,27],[53,15],[19,-20],[-75,-28],[46,-50],[-81,-19],[12,-52],[47,-20],[31,-39],[-36,-60],[17,-29],[79,-20],[25,-15],[16,34],[23,-15],[2,-29],[39,27],[-3,49],[70,-11],[-12,-27],[63,-7],[44,-30],[-22,-39],[55,1],[81,-36],[-19,-46],[17,-22],[72,-32],[-4,-36],[-65,-19],[17,-58],[27,-2],[-51,-63],[21,-23],[-39,-6],[-1,-35],[20,-55],[26,-18],[89,-9],[-12,-52],[35,-55],[6,-47],[19,-30],[-61,21],[-3,-47],[-24,-28],[-27,9],[-18,-55],[69,-98],[56,25],[-8,-53],[14,15],[8,-61],[37,-2],[0,30],[27,-30],[20,8],[18,-34],[121,31],[5,-72],[-50,5],[17,-25],[-26,-20],[-42,-3],[0,-29],[-49,-2],[-20,17],[-7,-49],[70,7],[19,-11],[-28,-27],[-45,3],[-4,-51],[12,-28],[24,12],[19,-22],[51,22],[94,-44],[15,-45],[-14,-28],[-63,7],[-34,-17],[39,-6],[5,-51],[-92,-14],[-74,111],[-40,-3],[-20,-64],[-20,37],[-29,3],[-65,-34],[-26,-80],[63,-14],[-38,-22],[-34,3],[-7,-44],[21,-22],[-41,-7],[-34,30],[-58,99],[-23,27],[-26,61],[-34,45],[-76,13],[-68,-14],[-36,8],[-70,-43],[-39,-52],[6,-28],[37,-9],[-65,-5],[-66,-39],[9,30],[-14,38],[-43,22],[-33,-1],[-49,-24],[8,-18],[-92,-37],[-60,15],[-42,-39],[-28,-5],[-25,-64],[17,-34],[114,-46],[-1,-18],[35,-28],[42,-9],[-7,-44],[40,-13],[-34,-36],[6,-45],[99,18],[25,-42],[-53,-12],[-11,-21],[-40,25],[-47,-10],[-12,20],[32,14],[-46,3],[-17,-19],[-14,-55],[9,-25],[58,-22],[-34,-22],[57,3],[-61,-33],[53,-18],[-35,-6],[-11,-31],[-121,10],[-60,-5],[-31,-13],[32,-30],[-70,-19],[-38,48],[-20,-10],[22,-43],[-37,-18],[-72,35],[-57,-13],[-71,-34],[-40,-6],[-76,-38],[-57,12],[3,16],[-120,26],[-16,-51],[-17,-12],[-21,-97],[4,-65],[34,14],[39,-98],[18,13],[98,-15],[14,99],[7,-2],[-34,-226],[99,20],[12,-69],[-23,4],[-78,-47],[-23,-25],[-3,-38],[33,-31],[-22,-17],[-79,-16],[38,-29],[-61,0],[51,-11],[-60,-6],[-6,-16],[-46,-3],[2,-36],[-34,7],[-54,-14],[-77,3],[14,21],[-76,15],[-75,30],[35,17],[-68,-12],[5,46],[-49,15],[67,16],[26,53],[50,26],[32,3],[17,53],[-13,69],[-84,65],[-40,5],[-97,-10],[-2,-20],[-97,-4],[-55,-17],[-51,-1],[69,48],[-2,34],[-72,5],[31,33],[-46,-7],[27,52],[-50,-2],[37,24],[34,1],[-21,21],[93,43],[69,11],[23,29],[6,58],[-25,88],[-33,51],[-73,72],[-8,17],[-67,48],[-12,23],[-77,28],[-43,-15],[-72,-57],[-65,-27],[-54,-55],[4,-38],[-81,4],[33,27],[-69,47],[-61,19],[33,27],[-45,-14],[-4,34],[-72,-1],[-46,35],[21,48],[-13,30],[2,91],[-9,30],[26,60],[-3,20],[77,28],[-10,41],[72,39],[10,-12],[122,103],[7,38],[-18,3],[19,98],[-99,21],[51,276],[-93,26],[26,113],[-105,6],[11,-80],[-41,-25],[-44,-233],[-26,2],[43,225],[-40,20],[-23,46],[-26,0],[-30,-36],[18,-27],[-39,9],[-43,41],[20,-3],[3,50],[-57,52],[10,17],[95,-25],[18,-17],[51,56],[20,103],[-68,174],[-18,-6],[-29,45],[-26,-8],[-63,29],[46,1],[87,32],[11,42],[-15,10],[0,81],[-48,-5],[-1,28],[23,3],[10,39],[84,62],[29,86],[-29,77],[-32,38],[-74,37],[-115,14],[23,12],[-13,27],[-38,-3],[-83,20],[-9,26],[44,77],[-21,11],[19,21],[12,60],[-12,49],[-80,73],[-61,36],[-76,32],[-66,14],[-82,0],[-115,-37],[-25,25],[-53,2],[-44,-10],[-76,-37],[-55,-7],[-30,12],[-5,35],[47,56],[13,43],[-13,21],[45,63],[28,-2],[3,39],[-13,53],[-54,61],[-6,-11],[-57,41],[-128,-6],[-37,22],[-102,22],[-71,24],[-23,26],[-4,43],[44,47],[-25,70],[10,7],[-38,41],[-60,7],[-27,50],[-26,11],[-69,4],[-80,-32],[-3,49],[-45,28],[-14,40],[21,59],[40,42],[44,27],[4,49],[-44,34],[-14,91],[-28,51],[5,68],[-138,109],[-12,-6],[-34,52],[91,99],[-2,36],[79,11],[3,51],[17,0],[-12,99],[41,25],[-1,42],[-62,109],[-70,82],[10,16],[-15,49],[31,55],[21,66],[9,74],[33,21],[58,7],[38,133],[3,-41],[35,-2],[-26,-88],[51,-16],[2,12],[65,66],[34,-39],[35,4],[57,96],[40,143],[12,80],[22,0],[23,32],[15,68],[17,16],[60,-17],[39,28],[41,5],[84,-46],[100,42],[22,-26],[45,82],[67,58],[41,15],[50,3],[66,-10],[25,56],[35,-15],[76,181],[-79,85],[-62,92],[-64,65],[-63,52],[-21,-9],[-145,115],[27,42],[-172,147],[10,21],[-109,79],[-116,97],[-175,119],[-102,53],[-29,-24],[-141,47],[-65,13],[-97,-31],[-29,6],[-53,-40],[-38,7],[-16,-42],[4,-39],[-104,-8],[-13,-35],[-31,-15],[-4,-56],[-22,-44],[-29,-20],[-8,-34],[-36,-15],[-33,13],[-61,-17],[-15,-74],[9,-18],[-83,-96],[-139,-26],[-39,17],[-3,52],[79,35],[9,42],[27,18],[0,53],[22,33],[-9,44],[-64,63],[69,60],[28,-7],[25,22],[-20,53],[-31,-21],[-29,53],[-42,35],[-16,-24],[-56,29],[-98,3],[-7,-93],[5,151],[-131,3],[-254,-1],[-205,72],[-84,20],[-5,-45],[30,-57],[81,-21],[-80,12],[-31,-31],[-201,44],[9,67],[-7,27],[-48,62],[-137,3],[-128,-2],[-150,-15],[6,-60],[-61,-7],[-122,-31],[-140,-27],[-121,-51],[-28,-20],[-65,-16],[-68,-31],[-25,-25],[3,-26],[-159,-11],[-70,-24],[-51,-36],[-109,-57],[-45,-39],[-49,-62],[-45,-95],[30,-9],[-29,-133],[-188,-157],[392,-505],[-76,90],[-518,-133],[69,-131],[84,31],[31,-96],[-38,-12],[42,-85],[32,12],[90,-52],[58,-12],[16,81],[121,31],[23,73],[35,-9],[15,81],[75,56],[-67,-60],[-48,-210],[42,-7],[-6,-28],[-56,-30],[64,-25],[-32,-78],[44,-11],[-26,-16],[-42,2],[-30,-69],[27,-4],[42,-61],[-33,8],[-9,25],[-42,-18],[-11,-37],[-33,12],[-38,-27],[-20,-48],[-48,-29],[-27,-83],[-51,-57],[-23,-44],[26,-72],[18,9],[16,-37],[-33,-22],[47,-43],[-24,-10],[-23,-86],[10,-30],[-13,-32],[17,-51],[-5,-40],[16,-37],[53,24],[13,-38],[68,25],[-33,92],[7,3],[52,-152],[-16,-55],[23,-66],[-15,-8],[26,-75],[106,46],[-129,-74],[6,-38],[25,-29],[6,-46],[36,-30],[11,-50],[51,-50],[37,-2],[74,-30],[10,-26],[32,-4],[-13,-21],[19,-123],[143,-59],[82,-79],[-18,-58],[17,-1],[-16,-37],[29,-50],[45,-37],[-32,-31],[-26,31],[-45,-35],[-47,15],[-32,-21],[-18,-32],[-13,-73],[15,-29],[-82,-7],[-131,-44],[-154,35],[-107,39],[-44,36],[-95,25],[-80,85],[-172,72],[-70,80],[-123,61],[-30,38],[-12,53],[-41,82],[-50,35],[-39,49],[-25,51],[-56,51],[-42,3],[-134,77],[-39,46],[-41,74],[-105,46],[-26,41],[-114,112],[-61,35],[-42,39],[-18,49],[-57,56],[-70,32],[-21,19],[-22,67],[-77,39],[-42,50],[-15,53],[-22,39],[-67,28],[-46,6],[-82,32],[-79,47],[-36,14],[-73,10],[-169,2],[-56,-11],[-34,5],[-125,38],[-83,31],[-107,-17],[-125,7],[-139,46],[-96,47],[-85,62],[-53,28],[-79,23],[-58,-3],[-187,4],[-70,-16],[-61,-48],[-76,-42],[-117,-110],[-72,0],[-113,12],[-156,-10],[-83,26],[-57,30],[-78,118],[-108,138],[-28,58],[-74,107],[-38,94],[-11,50],[-24,54],[-68,79],[-42,94],[-11,58],[-27,27],[-81,51],[-49,46],[-93,-64],[-59,-24],[-81,-55],[-79,-34],[-159,-24],[-47,-30],[-51,-11],[-47,32],[-49,77],[-51,45],[-82,39],[-37,28],[-74,-6],[-77,-79],[-75,-17],[-99,-9],[-33,3],[-260,70],[-63,34],[-78,61],[-39,2],[-55,-20],[-110,-19],[-43,-16],[-64,-54],[-55,-13],[-77,51],[-28,-7],[-89,-68],[-73,-30],[-48,-3],[-95,15],[-78,37],[-100,22],[-86,-32],[-289,-63],[-24,-15],[-105,-35],[-53,-40],[-55,-27],[-77,-25],[-152,-71],[-54,-19],[-65,-72],[-102,-38],[-104,-16],[-33,18],[-54,65],[-88,188],[-43,55],[-100,84],[-30,56],[-60,87],[-65,67],[-31,50],[-15,55],[-33,46],[0,53],[23,60],[74,102],[57,67],[7,37],[-14,33],[-41,33],[-53,14],[-57,-4],[-152,33],[-86,8],[-128,3],[-147,40],[-64,10],[-46,20],[-56,-5],[-22,-74],[-34,-73],[-41,-47],[-24,-45],[-24,-86],[-50,4],[-114,29],[-91,-5],[-105,14],[-105,-47],[-29,-34],[-56,-31],[-48,-8],[-89,-29],[-29,-29],[-75,14],[-84,-18],[-166,8],[-28,7],[-43,36],[-61,3],[-52,-10],[-65,-60],[-98,-54],[-58,-67],[4,-64],[-42,-62],[-15,-92],[-21,-70],[-41,-53],[-62,-27],[-28,-29],[-6,-31],[-6,-155],[-22,-124],[-22,-45],[-54,-28],[-14,-51],[35,-97],[3,-86],[-43,-95],[-126,-187],[-23,-53],[8,-61],[63,-154],[41,-78],[8,-57],[-51,-75],[-20,-59],[-10,-93],[-16,-54],[-68,-169]],[[68563,39659],[49,133],[-8,132],[25,58],[43,65],[25,56],[85,42],[18,42],[71,74],[111,83],[22,105],[-3,43],[-55,245],[6,69],[-15,52],[-4,106],[21,70],[30,51],[40,41],[11,53],[-15,50],[11,122],[-32,89],[-57,61],[-56,100],[-61,207],[4,122],[-7,119],[10,68],[27,115],[35,70],[58,24],[39,-1],[68,30],[189,14],[69,24],[33,0],[104,36],[66,-7],[24,-27],[23,-65],[108,-60],[30,-28],[23,-53],[-5,-69],[22,-116],[44,-73],[43,-8],[121,-4],[49,-33],[32,-212],[18,-56],[28,-48],[59,-41],[25,-60],[15,-67],[31,-53],[82,-83],[66,-132],[37,-20],[44,2],[70,28],[152,18],[102,-34],[86,-79],[46,-91],[3,-38],[66,-56],[92,-99],[62,-102],[29,-28],[42,-15],[112,11],[76,-19],[35,-17],[12,-24],[47,78],[43,35],[60,-11],[101,17],[40,16],[21,24],[35,121],[59,72],[77,21],[84,-40],[65,-19],[54,66],[66,44],[51,12],[30,21],[209,19],[20,-4],[44,-46],[109,-71],[104,-35],[152,-90],[74,-33],[32,-23],[62,-83],[58,-139],[14,-77],[-8,-81],[49,-115],[-54,-43],[-7,-38],[17,-41],[70,-118],[23,-60],[8,-63],[20,-60],[26,-39],[47,-38],[16,-47],[-1,-102],[-8,-84],[0,-113],[17,-27],[60,-36],[37,-8],[35,-24],[55,-68],[42,-76],[96,-65],[60,-58],[32,-44],[58,-23],[52,78],[28,100],[18,38],[60,65],[73,101],[50,101],[-15,70],[-28,215],[8,61],[16,23],[110,95],[88,60],[35,40],[54,40],[41,-18],[36,-38],[41,-72],[32,-28],[52,-84],[63,-38],[42,-47],[48,-38],[71,-42],[122,-46],[43,-25],[79,-30],[92,-64],[117,-99],[210,-220],[43,-33],[93,-35],[55,-7],[97,-31],[45,-50],[56,98],[76,87],[79,46],[83,36],[69,43],[82,38],[37,85],[6,83],[18,48],[33,20],[22,46],[108,90],[64,32],[19,70],[1,46],[-17,71],[0,40],[36,82],[85,153],[54,138],[3,93],[16,57],[6,128],[-13,163],[19,12],[62,6],[152,-58],[60,-16],[103,-15],[115,-11],[123,-18],[59,-50],[37,-5],[53,26],[72,22],[161,-23],[104,-33],[128,-35],[66,10],[142,42],[154,78],[39,31],[34,-2],[77,-29],[85,-75],[138,-101],[35,-38],[24,-55],[-15,-53],[-24,3],[-38,-42],[2,-23],[59,-126],[42,-48],[45,-37],[60,-76],[85,-136],[18,-10],[86,-98],[64,-55],[117,-91],[38,-53],[27,-23],[25,12],[21,77],[20,27],[42,1],[50,18],[44,32],[79,10],[73,-15],[74,-46],[52,-57],[61,-30],[77,-27],[110,30],[54,23],[47,53],[95,59],[67,87],[57,29],[21,26],[31,4],[32,32],[79,16],[76,-12],[78,29],[64,51],[43,22],[65,64],[44,78],[102,41],[64,56],[106,69],[108,26],[46,38],[24,35],[70,65],[9,21],[69,34],[252,-22],[39,10],[87,50],[68,67],[16,43],[41,51],[150,58],[102,10],[93,23]],[[89518,21412],[49,-17],[7,-50],[39,-11],[-6,-24],[-54,-6],[-93,27],[-7,32],[-19,-22],[-48,20],[31,2],[51,41],[50,8]],[[90051,21043],[-33,27],[22,6],[-66,26],[50,5],[1,46],[33,4],[24,-31],[81,-55],[23,-25],[-114,-17],[-21,14]],[[89512,21577],[26,-44],[-57,-2],[14,-41],[43,-8],[-30,-29],[-32,-6],[-27,42],[-73,51],[57,60],[42,-23],[37,0]],[[90137,21146],[26,-3],[59,-36],[-1,-21],[-103,37],[-11,21],[30,2]],[[90909,23645],[-38,-1],[-12,59],[40,0],[10,-58]],[[90058,26164],[38,41],[27,-33],[5,-34],[-46,3],[-24,23]],[[90178,24663],[4,-32],[-62,-18],[0,30],[38,26],[20,-6]],[[89651,21384],[-30,-8],[-59,34],[50,4],[39,-30]],[[87681,22798],[-12,26],[-38,192],[6,4],[44,-222]],[[90122,26186],[-10,25],[50,11],[-12,-54],[-28,18]],[[90274,21176],[42,-12],[-13,-22],[-30,5],[-32,27],[33,2]],[[90420,24343],[36,22],[24,-14],[-23,-21],[-37,13]],[[82678,26735],[-20,-1],[-19,64],[33,-24],[6,-39]],[[90063,21361],[-7,21],[53,5],[2,-31],[-48,5]],[[90189,26215],[36,13],[7,-19],[-33,-29],[-10,35]],[[91005,22799],[-9,-27],[-30,37],[39,-10]],[[90171,20954],[57,-13],[-81,-4],[-15,24],[39,-7]],[[89523,24653],[-47,-12],[25,30],[22,-18]],[[90063,26107],[-49,24],[35,10],[14,-34]],[[82595,25901],[-52,-11],[4,23],[48,-12]],[[89354,25824],[56,6],[11,-24],[-67,18]],[[89404,25968],[32,-19],[-47,3],[15,16]],[[89503,21298],[-45,2],[29,15],[16,-17]],[[89792,24771],[-41,4],[60,16],[24,-11],[-43,-9]],[[90797,22866],[30,1],[7,-30],[-37,29]],[[89398,21999],[10,-3],[-21,-78],[-11,3],[22,78]],[[90115,21185],[44,10],[-15,-20],[-29,10]],[[91050,22868],[-39,-16],[13,32],[26,-16]],[[82934,25471],[-17,10],[19,31],[-2,-41]],[[89412,25747],[30,-23],[-19,-13],[-11,36]],[[82623,26958],[25,-39],[-26,10],[1,29]],[[88657,25443],[-78,-24],[-3,7],[94,27],[-13,-10]],[[90191,21168],[10,-22],[-50,20],[40,2]],[[91051,51052],[61,76],[-56,10],[-54,25],[-117,78],[-88,93],[-163,241],[-167,279],[-160,186],[-82,147],[-121,80],[-27,110],[-43,129],[-51,101],[-56,91],[-36,41],[-162,-66],[-59,-44],[-86,6],[-65,-15],[-121,11],[-162,-36],[-42,4],[-51,48],[-54,35],[-60,51],[-83,27],[-68,-1],[-67,-16],[-60,63],[2,85],[102,201],[29,148],[36,120],[45,129],[16,68],[30,50],[28,88],[51,92],[34,88],[21,28],[196,170],[65,28],[30,25],[20,49],[4,66],[55,70],[69,71],[37,48],[10,103],[-6,83],[-18,48],[-47,27],[-7,26],[1,90],[-8,30],[-50,51],[-16,74],[-14,23],[-65,51],[-14,34],[-6,63],[-43,117],[-51,94],[-49,113],[-93,113],[-8,27],[11,224],[-29,95],[3,174],[-41,94],[-22,108],[-11,106],[50,146],[6,68],[-11,41],[7,79],[16,66],[-10,64],[26,191],[37,198],[-5,82],[34,191],[-26,78],[6,99],[28,131],[-1,79],[-55,41],[-101,10],[-101,27],[-56,-1],[-79,17],[-96,-31],[-36,14],[-125,92],[-55,50],[-59,34]],[[92178,74352],[22,-126],[7,-116],[28,-107],[65,-153],[55,-103],[7,-53],[-18,-91],[-4,-76],[67,-136],[7,-41],[-24,-103],[-34,-65],[-9,-51],[25,-134],[30,-46],[94,-60],[54,-46],[61,-74],[-6,-39],[-24,-6],[-60,-61],[-44,-81],[-142,-37],[13,-118],[18,-18],[106,-20],[46,-75],[40,-39],[85,-179],[110,17],[58,27],[30,37],[18,69],[142,-25],[42,-1],[112,32],[19,-14],[28,-57],[134,-23],[65,-38],[36,-30],[53,-73],[73,9],[75,-47],[46,-70],[56,-55],[78,-38],[43,29],[58,67],[28,4],[31,-22],[44,-59],[70,-114],[69,-55],[167,8],[131,19],[66,23],[39,44],[34,71],[56,74],[36,36],[60,4],[64,-35],[91,-17],[140,45],[23,-54],[43,-38],[30,-58],[78,-41],[27,-27],[25,-69],[83,-94],[-30,-98],[3,-36],[33,-55],[56,-7],[49,-57],[139,-10],[50,-26],[92,-116],[62,-34],[86,-21],[86,-2],[48,-101],[38,-33],[71,-24],[34,-24],[42,-64],[74,-20],[42,-26],[40,-182],[-91,-116],[-50,-13],[-28,-20],[-30,-63],[-31,-108],[1,-59],[21,-99],[23,-37],[14,-67],[24,-52],[23,-22],[49,-92],[-9,-65],[12,-6],[67,31],[89,24],[77,41],[57,-6],[53,7],[144,-14],[85,1],[91,-6],[141,-18],[77,4],[43,15],[76,60],[77,102],[37,11],[89,3],[83,24],[90,-17],[81,-3],[283,37],[62,-15],[33,-19],[138,1],[87,-9],[95,-33],[78,-35],[131,-38],[55,-54],[74,-60],[98,-43],[72,-22],[82,-5],[63,-12],[51,-67],[37,-74],[106,-138],[58,-40],[149,-62],[80,-38],[101,25],[78,27],[88,-9],[34,13],[21,39],[90,110],[27,16],[61,5],[170,-47],[36,-29],[45,-7],[62,7],[62,-45],[167,-14],[47,-51],[61,-13],[59,-52],[12,-49],[28,-41],[7,-69],[15,-47],[64,-47],[93,-25],[9,-116],[-16,-127],[18,-41],[83,-86],[13,-54],[48,-44],[33,-48],[16,-68],[127,-6],[44,-24],[46,-43],[26,-43],[45,-49],[43,-7],[95,23],[65,-29],[100,0],[88,55],[55,5],[54,-12],[115,0],[78,-45],[87,-89],[103,-40],[83,-97],[48,-27],[150,-37],[36,-58],[75,-35],[67,-47],[39,-57],[55,-52],[62,-92],[71,-51],[104,-38],[52,-129],[128,-102],[71,-41],[34,-60],[84,-102],[68,-60],[52,-28],[40,-45],[277,-95],[59,-48],[84,-15],[78,-23],[41,23],[49,4],[112,52],[38,9],[53,38],[55,21],[40,41],[93,22],[31,106],[41,33],[83,12],[68,-2],[89,-13],[64,22],[94,-6],[53,84],[76,82],[82,12],[62,-9],[19,59],[95,42],[122,7],[106,-71],[65,6],[82,-14],[73,-53],[46,3],[97,-57],[95,-20],[28,-29],[75,-43],[50,-67],[74,-46],[27,-7],[64,13],[38,23],[51,11],[39,-10],[63,20],[46,-19],[108,-80]],[[106893,67006],[-64,-44],[-60,-19],[-52,-43],[-26,7],[-85,-57],[-70,-2],[-19,9],[8,-123],[-7,3],[-7,113],[-52,-3],[3,-22],[-106,-21],[-78,-103],[-21,17],[-13,-30],[-35,-141],[29,-10],[9,-25],[-30,6],[-77,-61],[-96,21],[-29,-22],[-161,-38],[-56,-3],[-57,-42],[-11,-37],[-40,11],[-12,-18],[-38,5],[-36,-13],[-32,-57],[-5,-58],[-118,-5],[-45,-13],[-16,-57],[-27,-41],[-25,-122],[-6,-92],[29,-183],[-9,-74],[-84,-124],[60,-37],[78,-1],[153,-53],[27,-23],[24,-69],[9,-51],[37,-74],[89,-157],[71,-101],[75,4],[60,-44],[-4,-27],[77,-62],[116,152],[-59,48],[11,21],[80,-65],[37,4],[60,-12],[46,-22],[29,16],[64,58],[22,55],[41,29],[58,21],[14,29],[21,-28],[-23,-21],[11,-45],[-20,-48],[36,-70],[37,-7],[29,-95],[180,32],[-9,-6],[-170,-33],[-18,-47],[35,-5],[-15,-139],[76,-23],[122,-20],[148,36],[38,186],[-28,79],[-120,-18],[135,26],[5,37],[76,58],[46,-1],[50,52],[26,47],[-19,69],[-23,9],[8,42],[25,10],[5,36],[110,64],[24,34],[39,13],[66,100],[91,42],[51,81],[6,-14],[67,-1],[16,16],[50,9],[68,-17],[22,-34],[27,10],[65,-24],[36,-30],[42,-14],[86,30],[45,2],[37,-35],[-1,-25],[31,-13],[87,60],[55,0],[32,15],[8,-21],[57,8],[25,-62],[38,2],[1,-26],[-42,-29],[26,-57],[33,19],[4,-46],[39,-20],[-12,-27],[64,-9],[21,-18],[35,9],[43,31],[67,-48],[-9,-39],[91,35],[3,-46],[52,-19],[32,-24],[127,-5],[14,12],[-1,107],[32,35],[0,-94],[81,0],[84,20],[-8,35],[20,6],[11,-49],[69,16],[83,81],[-8,45],[-35,39],[-62,-58],[-36,-10],[-89,-6],[0,7],[88,5],[37,10],[94,90],[-29,74],[9,38],[-12,58],[32,59],[-8,24],[22,28],[135,53],[43,78],[-16,21],[32,16],[22,52],[58,57],[4,-38],[53,15],[-32,-22],[49,-14],[-5,-30],[36,-13],[36,-41],[49,7],[74,47],[18,37],[-22,30],[1,78],[-29,50],[52,27],[103,118],[-23,24],[14,32],[31,18],[37,-22],[38,7],[-11,34],[35,27],[25,44],[89,36],[14,-51],[49,51],[39,-8],[27,-78],[40,42],[35,-1],[34,23],[-5,-27],[83,72],[15,-6],[62,10],[-91,-71],[26,-12],[-73,-74],[7,-15],[-56,-79],[6,-14],[-38,-40],[-9,-58],[45,-56],[58,-53],[45,-15],[95,11],[19,30],[57,27],[8,-8],[60,57],[-8,-26],[45,11],[-20,-32],[32,-13],[42,36],[22,64],[20,-44],[-30,-42],[35,28],[13,-46],[63,26],[105,65],[-5,-44],[-26,-36],[32,10],[69,31],[-6,-38],[21,-28],[-2,35],[31,10],[-1,-28],[58,55],[-16,-46],[46,20],[-32,-90],[37,6],[27,42],[-18,-75],[39,3],[30,-35],[58,20],[-7,25],[23,15],[-9,26],[12,37],[-19,17],[17,40],[-23,-2],[5,31],[67,51],[-30,-56],[1,-40],[44,49],[-32,-66],[30,33],[18,-16],[36,44],[7,-51],[27,21],[33,-23],[55,55],[63,23],[1,-32],[46,18],[31,-47],[38,-5],[42,34],[-8,24],[20,45],[42,-40],[-9,60],[70,54],[-9,37],[25,22],[19,-17],[19,40],[-22,-3],[26,33],[-11,49],[-30,-7],[72,116],[-28,10],[-3,30],[66,27],[51,51],[-11,40],[31,49],[-17,29],[-29,-1],[45,33],[-13,17],[32,21],[4,23],[50,38],[0,-26],[39,25],[10,57],[81,41],[-36,13],[-2,25],[31,51],[30,19],[17,46],[10,-63],[21,35],[-10,34],[32,22],[39,-29],[26,72],[55,55],[13,-25],[-36,-60],[17,-16],[56,31],[37,52],[-13,-48],[34,45],[17,-22],[37,19],[8,24],[41,-40],[4,34],[26,57],[55,49],[28,38],[32,13],[39,-4],[-28,-57],[29,-3],[24,42],[76,-14],[17,22],[52,29],[30,-20],[81,40],[18,-20],[40,-8],[20,83],[23,26],[14,-14],[54,35],[9,32],[26,-6],[58,4],[39,12],[-21,-75],[50,97],[16,-41],[18,17],[10,-28],[-18,-50],[-40,-47],[4,-47],[-42,-22],[-9,-30],[-46,-28],[-79,-88],[71,67],[33,17],[-47,-54],[-48,-84],[-89,-87],[-38,2],[24,33],[-12,33],[-25,-42],[-9,21],[-35,-27],[-27,-92],[-84,-11],[1,-41],[32,-11],[-37,-39],[-32,24],[-38,-47],[7,-36],[-8,-54],[-29,-81],[-52,-12],[-7,-23],[-32,31],[20,38],[-48,-23],[-40,7],[25,-46],[38,-4],[29,-46],[-13,-53],[-21,-5],[-68,-84],[-40,-8],[-3,-31],[-44,-48],[-81,-70],[-50,-13],[-10,90],[-21,20],[-23,-23],[5,-37],[-23,-66],[-29,-36],[-22,4],[15,29],[-43,-4],[45,65],[-16,8],[-44,-53],[-45,-71],[-12,-60],[-33,-92],[-24,-7],[-24,-112],[-26,35],[-20,-4],[-10,-33],[-36,-13],[-7,-34],[76,3],[7,-28],[-14,-48],[-23,-20],[-1,-67],[-20,-51],[-30,-26],[-49,-20],[-22,-36],[-43,-33],[20,-60],[27,14],[6,-42],[52,48],[34,3],[-18,-67],[-24,-45],[-79,-66],[-38,1],[-24,-20],[-14,-41],[24,-11],[-37,-148],[-23,-28],[-37,-3],[-52,-45],[-20,19],[-39,3],[5,-55],[-42,-78],[-58,-60],[26,-3],[-21,-44],[40,12],[-20,-23],[50,-2],[-50,-26],[-6,-19],[-45,-14],[-4,-35],[37,-11],[-61,-38],[0,-20],[-52,-52],[30,-49],[52,-49],[-29,-22],[97,-29],[3,32],[22,-5],[43,-40],[15,-29],[-20,-23],[41,-66],[-49,-99],[-16,21],[-32,-19],[37,-25],[44,0],[-1,-28],[51,-20],[-2,-38],[-19,-30],[36,-32],[-1,-31],[-21,23],[-40,-38],[1,-62],[36,-16],[-8,-18],[-51,4],[-20,-15],[-38,48],[-31,-6],[-64,15],[-45,-43],[4,-28],[-46,-11],[31,-34],[2,-28],[-24,-18],[-31,9],[2,40],[-59,3],[-36,-16],[-37,-40],[-23,-7],[-2,-72],[12,-8],[-2,-86],[11,-36],[-25,-38],[-55,-142],[27,-44],[-60,-35],[23,-18],[-25,-24],[-125,49],[-9,-48],[-21,9],[-32,49],[-40,3],[-7,23],[-47,11],[-24,25],[-32,-17],[-38,18],[-97,24],[-4,-15],[-48,88],[-30,20],[-96,7],[-33,49],[14,14],[-48,39],[-34,-28],[-93,10],[-33,12],[-85,69],[-40,18],[-97,4],[-63,-35],[-25,-44],[31,-56],[32,-29],[-11,-25],[-30,0],[-5,-65],[18,-61],[-42,5],[-65,-68],[-32,-12],[-13,22],[-24,-29],[-95,16],[-14,18],[-26,-19],[-44,-3],[-48,33],[-130,58],[-32,53],[-80,15],[-16,14],[-7,-38],[-53,73],[-21,-35],[-12,16],[-75,-70],[-6,19],[62,53],[-43,49],[25,50],[-30,11],[-9,-23],[-74,11],[-49,-7],[-18,-51],[-14,12],[-44,-42],[15,-53],[30,-24],[-6,-44],[29,-20],[-28,-59],[-48,2],[-18,25],[-73,-16],[-46,-28],[-56,-2],[-36,-23],[-66,-97],[-18,-105],[39,-34],[-47,-82],[4,-73],[21,-18],[-42,-26],[-14,17],[-26,-23],[-34,7],[-35,-11],[-7,-37],[-57,-15],[-16,15],[-59,5],[-30,-34],[-42,-5],[14,-23],[-29,-20],[-96,66],[3,11],[-44,84],[-72,42],[-62,10],[-103,-1],[-42,-11],[-22,34],[-75,-17],[-64,-27],[4,-33],[-55,5],[-31,-21],[3,-34],[-38,-58],[-25,41],[10,36],[-16,20],[-18,-19],[-32,21],[-12,30],[-87,34],[-133,-25],[-21,-34],[-31,41],[-45,-4],[-40,16],[-14,-17],[-46,30],[-48,-14],[4,-39],[-34,-43],[8,-12],[-78,-9],[-19,-24],[4,-104],[-33,0],[-38,-66],[37,-62],[-37,11],[-11,-18],[55,-58],[0,-30],[-35,8],[-34,33],[-10,-22],[-58,30],[-30,-10],[-29,-44],[60,-40],[22,-66],[-23,-25],[-54,23],[-39,-9],[-4,-30],[56,-44],[16,10],[59,-66],[-46,-46],[-21,6],[-10,-27],[-31,8],[14,67],[-38,-55],[0,43],[-40,36],[29,22],[-37,-1],[-9,88],[-31,23],[-40,108],[-30,7],[-37,-42],[-11,14],[-43,-15],[-17,-21],[-17,15],[-5,-54],[22,-23],[-39,6],[-41,-52],[-5,41],[-41,40],[-31,-5],[-10,-33],[-35,34],[-11,46],[-21,7],[-10,-45],[-8,43],[-56,5],[-7,-55],[3,-63],[-44,27],[-30,71],[-31,-20],[-52,5],[-26,47],[-25,2],[-11,77],[-16,24],[4,56],[50,157],[-101,65],[-3,21],[-78,5],[-29,-17],[19,-84],[-9,-13],[-45,9],[-65,46],[-22,4],[-70,-19],[-8,-44],[-55,-33],[16,-50],[-45,-34],[-45,9],[-16,32],[-34,-4],[-161,-96],[-17,-44],[-60,26],[-17,-18],[20,-29],[-23,-16],[-1,-49],[-38,-15],[-27,-72],[-29,-1],[-90,-146],[-6,3],[78,126],[-25,55],[14,84],[35,58],[-4,34],[-42,12],[-49,-7],[-94,-66],[-32,-60],[-182,91],[-56,60],[-7,45],[38,83],[-73,9],[-52,-62],[-32,-160],[-1,-59],[106,-34],[48,62],[-54,-88],[19,-20],[-83,-38],[-23,23],[-64,-3],[-85,-58],[-24,-32],[3,-38],[-43,-36],[-31,7],[-28,-33],[10,-38],[-9,-42],[-29,-53],[53,-69],[112,-97],[35,11],[89,-12],[51,10],[-7,30],[42,25],[6,-28],[41,-14],[59,7],[33,29],[21,44],[22,-33],[-12,-24],[74,-120],[43,-54],[25,-10],[60,20],[42,-45],[79,-21],[46,25],[9,47],[16,-11],[43,47],[22,-33],[-10,-25],[115,-75],[32,-10],[25,39],[86,-34],[33,7],[-11,-34],[56,1],[52,-45],[0,-20],[75,-40],[29,17],[30,-36],[32,-1],[23,18],[0,-50],[22,34],[25,8],[9,-29],[37,-21],[26,16],[29,-52],[-10,-25],[20,-27],[13,69],[28,-34],[-15,-27],[61,-1],[-2,-28],[56,-40],[31,-9],[2,-66],[-29,18],[13,-36],[-40,24],[-60,-6],[4,-31],[-36,-26],[21,-15],[-23,-35],[-42,30],[-5,-24],[37,-28],[-24,-17],[-53,36],[6,-80],[-23,30],[-23,-54],[-53,26],[-12,-27],[-30,8],[2,-34],[-33,-1],[-41,-25],[-15,-67],[10,-47],[28,-42],[58,-23],[28,5],[-4,43],[44,-13],[11,-63],[33,20],[17,-49],[49,25],[76,2],[-9,-34],[34,-24],[66,63],[20,-15],[-14,-40],[14,-23],[17,26],[4,-46],[42,-5],[-50,-50],[35,-4],[4,-31],[23,15],[33,-34],[30,7],[36,41],[49,-23],[-4,64],[31,27],[37,-35],[48,19],[29,-16],[15,13],[40,-103],[52,45],[55,-59],[27,-51],[8,-39],[-6,-98],[-22,-13],[22,-46],[-11,-34],[24,-34],[32,-19],[54,-8],[59,22],[22,29],[12,57],[29,4],[28,-79],[51,23],[41,-2],[15,33],[65,76],[13,-15],[-16,-28],[-4,-51],[69,-21],[5,23],[57,-43],[67,-18],[60,29],[-6,28],[66,-74],[46,9],[1,30],[57,-57],[20,-72],[-37,-36],[31,-31],[30,4],[14,37],[18,-23],[-12,-71],[-19,23],[-42,-48],[-11,-51],[18,-33],[-24,-25],[45,8],[17,-18],[-20,-31],[17,-29],[25,16],[20,-26],[-4,-44],[-67,31],[-77,-82],[10,-8],[-14,-60],[-47,50],[-29,13],[-15,-49],[-30,10],[-17,31],[-60,-18],[-51,-29],[-55,-48],[-19,-84],[36,-15],[-20,-32],[48,-51],[30,30],[10,-23],[60,7],[3,-19],[37,-4],[1,-30],[-22,-34],[56,14],[4,-36],[22,6],[16,-61],[25,-21],[3,49],[64,-33],[-16,-32],[3,-38],[28,-45],[-9,-20],[13,-68],[-16,23],[-26,-5],[66,-113],[-35,-9],[-9,-34],[22,-20],[24,-93],[33,-22],[-11,-24],[17,-56],[24,-26],[54,-16],[15,55],[24,-36],[24,16],[28,-33],[36,7],[23,-31],[0,-98],[23,-13],[-27,-22],[-14,-48],[-44,-26],[-43,-51],[21,-57],[-8,-20],[32,-17],[2,-52],[-18,-57],[-48,10],[-18,-57],[-39,-2],[-68,-32],[-31,15],[-44,-23],[-89,-22],[-18,15],[-125,-1],[-14,-31],[29,-11],[-5,-68],[-40,-3],[-11,46],[5,117],[24,46],[-18,25],[-23,-7],[-17,39],[-70,43],[-4,39],[-54,19],[-19,-42],[-45,4],[4,-41],[-31,8],[13,-42],[-323,-123],[-10,29],[139,54],[-76,206],[40,119],[-28,46],[-4,41],[-20,20],[-62,6],[-59,-26],[-32,-27],[25,-27],[-44,5],[5,-73],[-13,30],[-11,-64],[-40,-5],[45,-84],[5,-32],[-27,32],[-16,-30],[44,-22],[12,-23],[-41,12],[-16,-23],[40,-150],[-24,4],[14,-48],[-16,7],[-20,49],[-11,-29],[-30,-8],[-18,56],[-22,8],[-100,-9],[-39,67],[-8,43],[-31,69],[-98,-100],[-3,4],[108,111],[-69,71],[-10,-10],[-170,175],[13,15],[-90,92],[-31,-32],[-240,20],[-16,74],[-12,9],[-161,-4],[-115,-35],[-195,-49],[5,-155],[66,-26],[-150,47],[66,-16],[-3,146],[-125,-7],[-10,-11],[-67,33],[-99,87],[-227,176],[-68,7],[-106,-49],[12,-27],[-24,-18],[29,-28],[67,-31],[-4,-10],[-80,38],[-11,-22],[-62,36],[-31,-73],[451,-217],[-11,-26],[-285,136],[6,13],[-66,32],[-6,-13],[-109,53],[-53,-131],[-67,-147],[53,-140],[137,-39],[78,145],[1,-5],[-77,-146],[188,-56],[116,53],[7,-16],[216,-74],[249,-121],[-34,-123],[-87,25],[-35,-129],[67,-108],[237,-180],[-37,-52],[2,-27],[33,-26],[26,-86],[1,-45],[-43,12],[-13,-25],[21,-20],[1,-66],[-28,14],[-16,-24],[18,-53],[21,12],[13,-25],[93,-28],[44,12],[-13,38],[47,-26],[28,11],[22,-31],[21,3],[2,-50],[-12,-35],[31,7],[53,-52],[-16,-34],[-35,24],[-4,-21],[31,-31],[-40,-18],[-5,-38],[-51,22],[-2,-30],[-33,33],[-22,2],[-19,-26],[145,-287],[20,-25],[-557,-337],[26,-77],[-11,-4],[-26,75],[-169,-103],[-76,-27],[-140,1],[-185,-16],[27,-27],[60,-92],[16,11],[63,-48],[4,-28],[63,78],[9,-9],[-61,-75],[35,-27],[64,-23],[87,88],[74,53],[51,-36],[86,-11],[-42,72],[170,102],[63,-19],[66,-64],[22,-7],[93,-4],[79,23],[-2,41],[33,34],[-14,17],[43,29],[6,29],[58,26],[42,-2],[30,-49],[54,-5],[64,38],[-16,76],[14,10],[69,-55],[2,-39],[27,20],[34,-32],[1,-26],[-63,-28],[50,-6],[28,19],[-4,-63],[-15,-42],[11,-23],[-13,-37],[26,-49],[81,-35],[114,32],[40,50],[5,-35],[25,27],[50,3],[38,17],[20,-37],[57,8],[65,75],[35,-5],[41,35],[15,-24],[-19,-28],[38,-7],[32,-43],[-1,-40],[38,-52],[27,52],[15,-13],[-27,-56],[-61,-37],[-31,-44],[-3,-49],[-24,-3],[3,-65],[26,-37],[19,-2],[0,-68],[-61,-47],[-5,-62],[-14,-45],[18,-69],[-14,-104],[44,-70],[52,-41],[51,-25],[47,1],[32,40],[57,37],[40,67],[9,-35],[31,11],[41,-27],[25,-65],[-2,-62],[53,-40],[68,27],[40,-136],[81,0],[5,-14],[54,18],[10,-23],[29,6],[-15,43],[76,29],[14,-41],[40,20],[57,50],[-25,22],[-28,77],[32,12],[-7,18],[-159,-60],[-131,30],[-8,9],[136,-34],[183,70],[21,42],[-7,23],[42,14],[30,49],[28,102],[-19,19],[-4,61],[31,5],[49,45],[1,81],[61,19],[-14,43],[41,82],[32,-4],[10,66],[33,24],[8,27],[59,24],[7,-38],[-29,-7],[28,-44],[58,-13],[13,31],[33,-29],[-15,-28],[54,18],[28,-72],[30,-13],[-6,-85],[37,-98],[-25,-42],[27,-47],[57,-30],[77,-4],[6,25],[37,33],[-21,23],[68,16],[-20,44],[27,-28],[32,29],[-4,26],[36,15],[-30,36],[27,35],[37,-19],[36,34],[49,-27],[31,5],[85,-37],[54,33],[-1,42],[41,2],[1,31],[-43,14],[-14,36],[37,-22],[-12,25],[10,51],[-25,1],[2,68],[-10,17],[4,68],[-28,22],[14,24],[-23,75],[4,20],[37,10],[26,-29],[35,37],[53,-41],[34,14],[17,-50],[-25,-29],[34,-30],[43,-2],[13,38],[43,-56],[-9,-44],[28,-39],[24,-9],[36,17],[5,37],[22,7],[-6,42],[32,-3],[34,25],[17,67],[54,-85],[36,-36],[27,-6],[53,13],[24,53],[59,-5],[28,39],[71,39],[66,-5],[55,27],[1,38],[16,-26],[43,21],[13,26],[-6,43],[22,16],[-3,-46],[42,22],[7,-35],[71,19],[42,-21],[46,8],[39,53],[6,39],[32,-35],[18,15],[4,-86],[51,-35],[35,28],[71,3],[11,23],[41,-10],[22,35],[-20,11],[1,41],[44,-46],[17,20],[-12,63],[-26,3],[-11,35],[29,-13],[30,19],[13,-37],[-15,-19],[54,-2],[1,39],[24,38],[34,16],[69,11],[24,29],[34,-31],[5,66],[20,-31],[5,-71],[55,-11],[28,22],[65,26],[78,13],[14,14],[26,-52],[57,7],[-5,38],[31,19],[27,-43],[55,2],[8,69],[25,34],[9,-57],[-15,-19],[11,-35],[43,-15],[61,4],[54,60],[17,-10],[-9,48],[23,42],[40,-56],[12,30],[31,-35],[12,-33],[62,7],[24,-53],[38,25],[-6,-36],[-58,-31],[32,-56],[-35,-7],[23,-29],[2,-36],[36,-67],[3,-76],[12,-13],[-37,-16],[-24,31],[-29,-13],[-52,15],[-26,-7],[-4,-61],[-54,32],[-3,-28],[-50,45],[-36,-2],[-36,-43],[-24,-9],[-18,-39],[24,-13],[3,-99],[-24,-32],[-40,-12],[-19,57],[-30,-51],[-20,41],[41,33],[18,-5],[12,36],[-42,-26],[-34,17],[-65,-64],[-17,26],[29,78],[-35,-35],[-12,8],[30,38],[-22,45],[-39,46],[-66,-10],[-33,-71],[13,-60],[-11,-22],[-66,10],[-38,70],[-24,15],[5,32],[-58,15],[-61,-36],[-9,-40],[-19,-17],[-36,5],[16,-29],[-56,-21],[-14,-25],[36,13],[20,-31],[-24,6],[2,-34],[-58,-26],[24,-31],[24,17],[9,-47],[-26,-33],[-38,-11],[-23,-56],[-23,28],[-30,-58],[-8,74],[-21,-24],[4,39],[-48,20],[-9,-23],[-28,1],[-11,-25],[-40,27],[-15,-38],[-66,80],[-39,-19],[-16,13],[-112,-54],[-35,2],[-14,27],[-10,-26],[-64,-7],[-36,-61],[24,13],[27,-19],[-5,-21],[-51,5],[-28,-55],[-8,-70],[-22,-36],[-20,10],[-12,-55],[-21,2],[-15,-33],[-5,41],[-18,15],[-57,-17],[-18,87],[-56,26],[-43,-6],[-47,26],[-33,-19],[13,-24],[-65,-2],[-59,-70],[-14,-43],[31,-48],[-13,-22],[46,-5],[24,-66],[-45,-9],[10,-34],[-27,-41],[-39,22],[-4,-41],[-40,2],[25,-41],[6,-61],[-31,-59],[-20,-3],[4,-31],[32,-59],[38,2],[6,59],[27,-19],[5,43],[36,-2],[14,-49],[34,-29],[62,-3],[4,73],[26,-69],[32,-35],[25,23],[3,-42],[30,15],[39,42],[-15,20],[42,7],[37,-75],[-29,-38],[24,-30],[3,-36],[58,4],[7,-33],[-29,-11],[-1,-27],[37,1],[22,24],[19,-25],[-34,-18],[2,-57],[-20,19],[-3,-32],[-73,-64],[12,-61],[16,-26],[-19,-19],[41,-16],[3,-56],[-15,-10],[4,-52],[28,16],[5,-50],[-20,-65],[26,-30],[-12,-40],[20,5],[-14,-52],[14,-12],[7,-51],[-26,-48],[0,-44],[-17,-80],[38,-47],[71,15],[19,-38],[46,-31],[-74,-64],[2,-55],[35,2],[-2,-60],[34,-42],[43,-6],[29,20],[67,-10],[3,-25],[45,-14],[8,-20],[41,19],[36,-11],[60,10],[-18,-21],[-74,-29],[0,-51],[12,-57],[29,-37],[19,18],[23,-16],[-16,-42],[-47,-3],[-37,-46],[-69,-44],[-22,3],[-26,-28],[-53,0],[-45,-32],[-2,-23],[-48,-35],[8,-19],[-38,5],[-13,-42],[-76,-80],[-21,15],[-23,-16],[-31,-60],[17,-75],[-20,-32],[-55,-14],[-12,-59],[-16,-21],[-1,82],[-32,22],[-51,-18],[-37,-39],[-6,-50],[-25,-16],[-13,52],[-19,1],[9,42],[-22,21],[-57,-79],[-25,46],[19,45],[-54,-5],[-13,14],[-35,-56],[-21,83],[-27,-11],[-20,69],[2,39],[-41,17],[-48,69],[-23,8],[17,63],[-17,18],[-42,-7],[-24,80],[-48,6],[-10,71],[-19,26],[-26,2],[-15,35],[-10,70],[-44,33],[-72,24],[-52,2],[-2,-41],[-40,-49],[-3,30],[-46,-58],[1,-45],[-24,-34],[-40,2],[25,22],[-45,-6],[2,34],[-20,-9],[-54,67],[-27,9],[-27,-29],[0,34],[-64,-46],[-48,-15],[-12,-46],[-60,-67],[-68,-16],[-8,42],[-18,-17],[-26,71],[-47,-17],[-24,-25],[-53,-9],[-50,-56],[-12,-34],[-47,31],[18,41],[-23,27],[-32,-51],[-21,58],[-42,39],[-50,12],[2,23],[-50,12],[-28,-19],[-31,-51],[19,-8],[-7,-59],[59,2],[6,-30],[74,19],[2,-9],[-181,-49],[-35,-37],[38,-81],[48,-10],[59,26],[18,-22],[16,25],[32,-14],[-6,-45],[-55,-55],[21,-26],[46,7],[8,-35],[53,45],[24,-29],[-23,-38],[48,20],[38,-24],[57,-6],[-33,-29],[-37,-9],[17,-22],[28,20],[21,-14],[-16,-38],[8,-49],[-27,-32],[17,-39],[-46,-18],[15,-9],[-35,-20],[40,-39],[-82,-64],[-3,40],[-26,-39],[-17,34],[-18,-28],[-23,17],[-47,-1],[-12,-75],[-56,-1],[17,54],[-20,1],[-27,35],[-76,9],[-54,-8],[-96,17],[-50,-2],[-129,-89],[-78,-24],[-57,-40],[-94,-47],[-22,-2],[-103,-84],[-87,-89],[-24,-10],[-29,-92],[-17,3],[-33,-49],[24,-43],[-72,-30],[-21,1],[-71,-34],[-17,12],[-36,-22],[-3,-53],[-26,-10],[-31,31],[-42,-53],[-3,-76],[17,-28],[-12,-28],[-87,-20],[-23,-25],[-108,-15],[-34,11],[-45,-37],[-65,9],[-28,-53],[20,-63],[-24,-50],[-27,-1],[15,-66],[-45,34],[-9,-30],[-29,8],[39,64],[-29,-4],[-45,-78],[-40,19],[-22,-43],[-43,22],[6,37],[-25,-23],[-10,31],[25,58],[-31,19],[19,23],[-45,40],[-24,0],[-24,-28],[-30,31],[-41,-81],[-34,-5],[-24,28],[-4,-31],[-23,1],[-25,52],[21,57],[22,3],[3,50],[-32,43],[-38,-15],[-31,7],[-56,-8],[-61,33],[-6,28],[-55,8],[-43,22],[-75,-16],[-2,12],[77,13],[74,-30],[29,87],[-80,48],[-10,-22],[-157,-88],[-10,9],[-54,-30],[-32,0],[-41,24],[-238,30],[-93,63],[-23,-38],[-17,14],[-31,-52],[-6,-50],[98,-14],[-65,0],[-10,-27],[38,3],[98,-54],[43,-5],[2,-49],[18,-11],[71,16],[24,-45],[-3,-27],[29,1],[16,-30],[-29,-61],[2,-19],[37,-28],[-37,-37],[1,-27],[33,0],[22,-20],[33,19],[49,4],[0,-21],[46,18],[6,-18],[42,-15],[-32,-42],[0,-30],[-39,-3],[37,-23],[-30,-19],[14,-15],[-12,-50],[-58,34],[-26,-12],[14,-41],[-58,0],[-15,-20],[93,-65],[2,-56],[-33,-9],[19,-54],[48,32],[-1,-51],[36,48],[58,7],[-36,-117],[-68,-31],[-61,-63],[-33,-81],[-24,6],[-26,-39],[-17,37],[-30,-14],[-2,-25],[-49,-39],[-61,40],[9,32],[-21,-2],[-62,49],[-43,59],[-41,33],[-30,-22],[4,41],[26,18],[-14,38],[-48,54],[8,51],[-16,10],[2,44],[-35,30],[-4,31],[-41,15],[-117,-43],[-33,17],[2,20],[-44,4],[-26,36],[-48,10],[-37,-29],[-28,1],[6,31],[-20,35],[-112,43],[-31,24],[-27,-1],[1,48],[-48,23],[-59,-19],[-30,43],[5,24],[-27,22],[-58,15],[-62,-12],[-90,107],[-67,14],[-19,18],[-43,-9],[-39,-77],[-190,60],[-108,14],[-92,-119],[-5,3],[93,121],[113,-15],[119,-37],[32,117],[-165,47],[-40,-51],[-114,35],[-170,-60],[-44,-74],[-19,7],[-30,-98],[-26,-2],[-3,-74],[-23,-43],[18,-166],[-105,-14],[-3,-26],[33,7],[37,-23],[8,-34],[-14,-23],[57,-56],[41,-106],[42,-38],[68,-8],[10,14],[-29,43],[138,98],[3,-5],[-85,-61],[39,-62],[43,22],[-8,14],[53,28],[22,27],[-5,25],[43,21],[3,-22],[-24,-47],[17,-41],[39,-41],[61,-11],[-13,-55],[33,23],[6,-16],[-63,-57],[19,-36],[47,-29],[65,-8],[39,11],[14,-30],[-7,-43],[-46,-45],[-36,-15],[-4,30],[-39,-4],[-65,-45],[-30,29],[-16,-25],[-17,16],[-46,-20],[-43,-95],[-22,-8],[-10,-33],[-22,22],[-48,-23],[-16,-38],[-34,-30],[-10,-39],[-29,12],[-27,-70],[-23,-26],[-30,1],[75,-219],[151,-68],[100,7],[-7,33],[27,20],[61,14],[16,-64],[29,21],[16,-24],[68,5],[75,55],[34,5],[40,34],[42,-40],[67,18],[51,43],[48,-11],[47,4],[11,-14],[25,34],[3,-48],[62,0],[28,-32],[-26,-27],[80,-71],[45,11],[12,32],[49,5],[-9,-43],[49,21],[23,-40],[-18,-33],[-19,4],[-31,-29],[13,-15],[57,16],[-9,-64],[15,-26],[69,-21],[-45,-40],[7,-27],[74,-3],[21,-45],[42,23],[-7,-24],[-75,-42],[-51,-21],[15,-51],[23,7],[6,-29],[-34,-16],[27,-24],[5,-59],[-32,-13],[34,-68],[34,-24],[41,35],[10,-31],[55,-7],[70,47],[45,8],[27,-29],[41,-14],[26,34],[62,-37],[18,-60],[36,12],[24,-32],[23,29],[9,-32],[22,22],[16,-24],[78,-56],[-29,-89],[49,-16],[15,11],[23,-39],[-24,4],[7,-36],[-13,-20],[16,-52],[28,12],[4,-36],[35,-17],[12,-29],[24,-6],[23,47],[80,-5],[45,-45],[58,47],[4,22],[-57,19],[51,0],[11,27],[71,31],[27,-15],[31,57],[-75,40],[-59,-31],[-132,7],[0,7],[130,-8],[114,61],[-35,106],[12,15],[66,-12],[11,-26],[39,12],[49,-12],[33,43],[35,-7],[2,47],[34,11],[48,-72],[22,-1],[32,36],[50,-11],[19,-34],[20,25],[47,23],[2,-29],[-34,-38],[5,-21],[46,-27],[110,-26],[154,99],[11,31],[43,12],[22,-15],[52,15],[28,21],[-4,42],[39,10],[29,-18],[6,-28],[34,7],[1,33],[22,22],[37,1],[-3,30],[71,-6],[91,17],[61,-19],[8,31],[86,19],[48,-39],[87,-34],[-4,-23],[74,-16],[50,18],[5,37],[21,-11],[0,32],[45,69],[47,7],[31,-10],[-14,-25],[25,-36],[74,-2],[93,-58],[18,27],[43,-2],[-15,40],[35,1],[8,-31],[27,-19],[7,34],[40,4],[53,-54],[15,-33],[43,11],[84,-63],[0,-42],[45,-34],[-42,-1],[25,-38],[-53,-13],[-16,-45],[36,0],[15,-29],[-41,-5],[-19,-23],[-78,-7],[-4,-33]],[[112277,62419],[-27,28],[-45,19],[-33,58],[-61,58],[-47,31],[-31,70],[-1,27],[53,-34],[33,7],[-7,20],[58,64],[25,14],[-10,-31],[89,-55],[55,28],[5,32],[36,1],[33,54],[59,35],[41,67],[33,-37],[-30,-33],[-1,-70],[-34,-22],[63,-3],[16,27],[40,-15],[-29,-47],[36,-30],[6,-28],[48,-16],[30,5],[24,28],[-12,61],[35,18],[38,-21],[-17,-48],[15,-30],[62,49],[31,-31],[52,30],[-21,-39],[19,-2],[27,-44],[30,-12],[17,-33],[12,20],[16,-29],[37,16],[17,-67],[-59,-37],[-17,15],[-45,-15],[-13,16],[-63,-7],[-55,-26],[-10,-41],[-39,14],[-6,-28],[61,-70],[-26,-14],[5,-45],[-35,-44],[-39,-3],[-28,47],[18,24],[-1,41],[-22,-15],[-10,37],[-29,-42],[-3,36],[-24,-16],[-17,126],[-83,42],[-35,2],[-7,-21],[-53,-27],[-147,-27],[-3,-12]],[[112514,65618],[-14,-37],[-42,-29],[40,-10],[-46,-79],[-63,-15],[0,27],[52,95],[8,31],[68,30],[-3,-13]],[[108264,57315],[1,2],[-516,491],[8,8],[539,-510],[-32,9]],[[107697,49101],[-8,-37],[-53,-22],[1,36],[33,60],[-4,38],[48,-13],[13,15],[1,-57],[29,-33],[-38,-2],[-22,15]],[[111373,55707],[3,107],[42,-8],[6,-49],[36,9],[15,-24],[-33,-19],[-16,-40],[-36,-9],[-17,33]],[[113104,62453],[-19,10],[34,71],[28,-10],[31,42],[26,-14],[-9,-44],[-28,-16],[12,-18],[-75,-21]],[[108748,56296],[51,-36],[-17,-37],[5,-34],[-24,-27],[-42,33],[-2,24],[26,26],[-25,30],[28,21]],[[108419,56804],[-85,113],[6,5],[-50,77],[361,-487],[-8,-6],[-180,242],[-44,56]],[[113208,62824],[37,117],[50,-20],[25,37],[20,-19],[-41,-30],[-56,-76],[-35,-9]],[[108025,55910],[8,-15],[-44,-23],[-50,22],[-21,23],[79,38],[28,-45]],[[110343,53153],[-18,-27],[-25,-1],[15,52],[-60,18],[26,44],[51,-35],[23,7],[-12,-58]],[[108546,53021],[-47,-6],[21,49],[-5,38],[41,24],[20,-24],[-8,-43],[-22,-38]],[[112309,65366],[12,-31],[-42,-49],[-44,-13],[31,85],[5,-42],[38,50]],[[106824,56269],[11,-35],[-33,-64],[-28,65],[31,-3],[-8,65],[27,-28]],[[107956,52226],[-4,71],[52,-14],[17,-19],[-15,-32],[-50,-6]],[[107576,49069],[-20,34],[27,46],[31,-42],[4,-35],[-15,-28],[-27,25]],[[110521,53368],[-27,35],[30,27],[58,-30],[-37,-43],[-24,11]],[[110554,55627],[31,26],[10,-37],[-9,-58],[-38,25],[-19,36],[25,8]],[[110364,53187],[-1,36],[30,23],[20,-15],[11,27],[37,-23],[-1,-38],[-46,0],[-41,17],[-9,-27]],[[113032,62839],[9,28],[22,-18],[11,43],[19,-44],[-15,-23],[-31,-4],[-53,-30],[38,48]],[[104848,51426],[-28,9],[2,28],[26,-3],[15,39],[18,-7],[10,-46],[-43,-20]],[[108180,53028],[50,40],[-15,16],[54,36],[-16,-63],[-51,-42],[-22,13]],[[111058,56622],[5,-43],[-26,-5],[-21,22],[-1,45],[22,7],[21,-26]],[[110156,55464],[0,-25],[-46,38],[17,55],[24,-34],[5,-34]],[[104419,49163],[45,28],[-4,-65],[-53,12],[12,25]],[[107564,49043],[-64,32],[29,24],[56,-61],[-21,5]],[[112268,62382],[16,37],[53,-48],[-79,-7],[10,18]],[[107342,58152],[3,-9],[-246,-93],[-4,9],[247,93]],[[107185,62262],[1,-59],[-16,-22],[-29,47],[44,34]],[[109777,54928],[10,-15],[-24,-26],[-32,32],[12,39],[34,-30]],[[110431,63413],[33,24],[9,-54],[-21,-8],[-21,38]],[[110122,55627],[15,-16],[-25,-46],[-28,42],[38,20]],[[110151,55590],[14,-17],[-17,-57],[-20,28],[14,55],[9,-9]],[[110520,53236],[-22,8],[21,38],[39,-16],[-12,-35],[-26,5]],[[107947,60030],[-33,45],[34,3],[33,-47],[-34,-1]],[[108038,52608],[55,20],[-26,-46],[-52,8],[23,18]],[[105093,51374],[162,134],[5,-8],[-161,-134],[-6,8]],[[107842,59758],[34,7],[-2,-45],[-48,22],[16,16]],[[105536,51313],[7,-34],[-38,2],[2,35],[29,-3]],[[108754,56409],[28,-35],[-17,-31],[-19,10],[-15,42],[23,14]],[[112321,62115],[-28,26],[17,26],[36,18],[-25,-70]],[[112865,62753],[13,-17],[-30,-30],[-18,11],[35,36]],[[108568,55656],[-22,4],[-8,39],[27,7],[24,-25],[-21,-25]],[[105892,58650],[-5,-81],[-246,-27],[0,5],[236,26],[15,77]],[[113463,66843],[6,-13],[-59,-64],[-35,7],[15,22],[36,6],[37,42]],[[111120,56726],[18,-22],[-13,-36],[-27,29],[22,29]],[[113411,66965],[2,-37],[-31,-27],[7,49],[22,15]],[[111730,63703],[-39,12],[29,28],[10,-40]],[[110112,55516],[-10,-25],[-27,42],[43,20],[-6,-37]],[[106442,61324],[-8,-34],[-26,4],[-4,37],[38,-7]],[[112461,67054],[31,37],[25,5],[-27,-43],[-29,1]],[[112253,65264],[17,3],[-33,-61],[-10,22],[10,38],[16,-2]],[[106071,58539],[-121,15],[1,12],[122,-15],[-2,-12]],[[107862,52342],[-15,-47],[-24,25],[16,31],[23,-9]],[[109756,52574],[29,-24],[-11,-24],[-27,-2],[9,50]],[[112615,66234],[7,-32],[-27,-8],[10,56],[10,-16]],[[105097,51196],[-18,-4],[84,86],[8,-8],[-74,-74]],[[107737,52299],[17,-34],[-24,-24],[-13,33],[20,25]],[[113705,67630],[17,28],[35,7],[-39,-55],[-13,20]],[[108918,53002],[-3,-32],[-36,36],[28,27],[11,-31]],[[105846,56919],[-15,22],[30,26],[20,-10],[-35,-38]],[[111754,66152],[11,-5],[-15,-55],[-18,-15],[-3,44],[25,31]],[[110391,52899],[-9,23],[48,14],[7,-11],[-46,-26]],[[107544,49024],[-12,20],[61,-26],[-12,-15],[-37,21]],[[107836,49085],[10,-34],[-27,-3],[17,37]],[[107860,59789],[-18,-23],[-14,53],[32,-30]],[[110512,55554],[-6,-36],[-18,5],[4,49],[20,-18]],[[106644,56117],[-3,-27],[-25,41],[28,-14]],[[105046,62312],[-2,-4],[-128,76],[2,5],[128,-77]],[[104458,49067],[37,24],[-5,-33],[-32,9]],[[107881,60067],[-16,45],[24,-26],[-8,-19]],[[112102,65092],[1,21],[33,21],[6,-19],[-40,-23]],[[107928,52366],[14,-18],[-67,-9],[53,27]],[[106386,51531],[0,-29],[-24,1],[-1,38],[25,-10]],[[111545,56581],[7,-20],[-37,-4],[17,35],[13,-11]],[[112251,62292],[-24,17],[25,19],[30,-17],[-31,-19]],[[111706,56081],[14,-30],[-35,3],[21,27]],[[109119,56052],[-5,28],[33,-12],[-11,-29],[-17,13]],[[109245,65480],[2,-7],[-139,-52],[-2,6],[139,53]],[[113339,66908],[-28,-15],[30,39],[-2,-24]],[[103348,50446],[-48,-48],[11,48],[37,0]],[[107881,58840],[-24,7],[22,21],[2,-28]],[[107824,60197],[5,30],[31,-28],[-36,-2]],[[104035,49204],[52,37],[-25,-43],[-27,6]],[[110099,56237],[0,-38],[-25,37],[34,38],[-9,-37]],[[108053,58263],[10,26],[13,-37],[-23,11]],[[104937,50897],[-34,24],[35,5],[-1,-29]],[[109476,52561],[-10,-59],[-12,9],[22,50]],[[109797,54757],[-22,-26],[-22,24],[44,2]],[[108026,62812],[-23,-20],[-5,37],[28,-17]],[[113641,67592],[46,43],[-40,-59],[-6,16]],[[108042,52629],[-39,-29],[-4,25],[43,4]],[[110743,66487],[-26,-37],[-19,5],[45,32]],[[111247,66078],[15,-3],[-46,-34],[31,37]],[[113021,62735],[5,-28],[-25,4],[20,24]],[[113584,67564],[10,32],[27,-2],[-37,-30]],[[109004,52998],[25,-30],[-29,5],[4,25]],[[108840,56199],[20,4],[9,-30],[-29,26]],[[109389,55093],[-25,-14],[7,35],[18,-21]],[[106800,62363],[-20,-9],[-17,31],[37,-22]],[[106861,56256],[-2,-39],[-21,4],[23,35]],[[111383,55839],[-4,43],[18,-14],[-14,-29]],[[109432,63423],[2,-29],[-23,-18],[21,47]],[[112041,62819],[-19,-27],[-17,10],[36,17]],[[110813,66071],[24,24],[15,-12],[-39,-12]],[[104787,48744],[-10,8],[94,-6],[-84,-2]],[[112085,62877],[-34,-28],[5,26],[29,2]],[[108855,56140],[-26,9],[0,25],[26,-34]],[[108967,53026],[24,2],[-20,-34],[-4,32]],[[110215,63354],[-18,-5],[-3,33],[21,-28]],[[111524,56527],[-8,-45],[-15,29],[23,16]],[[109679,56164],[-22,12],[7,29],[15,-41]],[[107577,48865],[-19,35],[41,-33],[-22,-2]],[[42856,174486],[49,51],[101,65],[71,27],[149,6],[80,15],[86,37],[48,8],[205,0],[36,22],[12,55],[23,47],[52,21],[79,81],[68,31],[22,92],[30,26],[40,12],[43,-8],[28,-20],[46,2],[119,-17],[71,1],[81,20],[71,-23],[64,-10],[47,-52],[85,-31],[177,3],[48,-17],[60,-61],[60,-15],[53,-36],[34,-10],[121,9],[75,-11],[82,-52],[44,2],[115,54],[67,0],[152,-41],[45,13],[24,25],[156,17],[85,-20],[55,9],[24,35],[44,38],[34,3],[70,46],[16,68],[19,20],[73,29],[71,52],[34,75],[63,57],[100,75],[97,36],[106,-12],[28,6],[49,57],[40,17],[77,89],[35,17],[145,-1],[92,35],[124,0],[133,27],[55,-2],[57,15],[97,45],[68,10],[26,17],[10,45],[-2,75],[-17,51],[9,46],[-4,88],[46,77],[26,20],[51,70],[88,61],[37,45],[4,65],[34,70],[32,35],[86,74],[18,31],[31,106],[-14,81],[11,29],[60,20],[57,35],[12,40],[-30,76],[42,92],[62,83],[49,16],[54,-4],[64,-26],[44,-4],[73,34],[34,6],[88,-8],[58,5],[54,25],[21,48],[5,100],[21,51],[148,53],[77,53],[127,164],[44,86],[22,84],[40,39],[64,23],[65,65],[28,17],[62,11],[57,29],[112,42],[71,52],[74,63],[41,45],[33,86],[104,121],[32,109],[20,24],[82,54],[45,11],[102,0],[147,53],[103,14],[93,39],[36,-5],[57,-36],[71,1],[65,-16],[107,18],[115,-2],[55,20],[33,40],[34,82],[2,66],[-63,56],[-23,46],[-13,77],[2,53],[25,103],[46,118],[61,114],[27,37],[63,60],[100,54],[84,2],[46,-12],[144,-57],[51,-30],[167,-147],[186,-148],[90,-57],[105,-52],[100,-91],[38,-27],[62,-24],[76,-4],[102,25],[98,39],[56,40],[46,71],[33,67],[43,32],[132,70],[58,21],[168,83],[252,114],[62,41],[101,83],[73,77],[59,76],[26,60],[17,75],[5,104],[-8,89],[-14,69],[-7,92],[-50,160],[0,47],[54,74],[51,40],[75,33],[90,32],[51,68],[12,71],[-5,70],[-37,81],[-37,35],[-61,32],[-59,17],[-4,46],[43,29],[62,24],[62,11],[41,75],[50,29],[68,75],[91,44],[44,6],[91,-36],[44,1],[75,44],[133,21],[81,-5],[164,-51],[60,64],[81,30],[110,-2],[130,45],[47,58],[66,41],[48,41],[22,76],[19,29],[63,17],[39,24],[34,51],[4,58],[-7,56],[43,36],[41,85],[45,69],[86,21],[19,-9],[12,-45],[66,-73],[113,-57],[53,-10],[13,-83],[21,-36],[76,32],[215,-18],[48,-24],[34,-106],[2,-106],[-43,-67],[3,-67],[67,-140],[29,-7],[91,30],[32,-8],[59,-48],[26,-65],[35,-42],[-1,-142],[110,-49],[32,-76],[38,-22],[112,8],[101,-31],[33,10],[48,36],[52,-91],[40,-30],[85,-47],[28,-23],[0,-45],[-17,-55],[3,-75],[23,-148],[53,-45],[15,-51],[-14,-66],[19,-50],[-3,-55],[-38,-53],[-17,-96],[7,-57],[23,-37],[-6,-119],[-35,-148],[-28,-54],[-65,-54],[-45,-57],[-34,-60],[10,-100],[-18,-62],[-2,-66],[-29,-82],[103,-81],[36,-20],[39,-2],[61,-27],[53,-81],[34,-64],[30,-77],[110,-57],[87,19],[128,-52],[127,-10],[195,-118],[88,-41],[84,-98],[41,-63],[4,-53],[-84,-134],[-70,-85],[-34,-24],[7,-51],[67,-23],[31,-61],[29,-6],[90,38],[78,-6],[94,-40],[13,-61],[-19,-94],[0,-43],[23,-61],[-6,-152]],[[59100,177432],[-25,-58],[-50,-80],[18,-116],[107,-193],[98,-118],[55,-86],[-23,-131],[2,-34],[83,-167],[32,-75],[0,-65],[-45,-69],[-19,-42],[33,-54],[41,-12],[9,-55],[83,-157],[49,-72],[-3,-27],[-31,-57],[-71,-62],[-41,-61],[16,-26],[93,-38],[-7,-62],[13,-40],[-34,-91],[-54,-45],[-14,-103],[-55,-26],[-23,-39],[19,-116],[-39,-76],[58,-93],[-50,-72],[-15,-108],[14,-67],[46,-46],[-19,-52],[8,-131],[72,-118],[9,-101],[20,-45],[14,-98],[-16,-94],[52,-102],[33,-32],[42,6],[43,56],[38,31],[84,19],[70,51],[148,17],[78,32],[43,-10],[33,-64],[46,-62],[34,-65],[-7,-62],[-45,-71],[6,-86],[33,-96],[66,-52],[25,-55],[1,-42],[-23,-81],[26,-49],[25,-86],[61,-53],[21,-52],[-42,-89],[1,-41],[29,-104],[41,-69],[54,-36],[24,-39],[4,-36],[-10,-95],[16,-55],[-2,-170],[9,-69],[-4,-69],[24,-49],[44,-42],[39,-64],[26,-130],[14,-35],[71,-94],[-29,-141],[-1,-64],[14,-35],[70,-87],[12,-56],[-7,-57],[6,-102],[38,-67],[87,-109],[18,-42],[-15,-95],[15,-91],[19,-41],[62,-95]],[[61018,170678],[45,-64],[46,-89],[-10,-39],[15,-143],[-2,-44],[58,-169],[9,-71],[63,-67],[14,-35],[-2,-85],[-13,-80],[3,-42],[42,-91],[50,-21],[123,-40],[85,-18],[17,-18],[-10,-87],[22,-135],[43,-86],[27,-31],[92,-52],[23,-25],[-7,-174],[24,-147],[7,-100],[-22,-92],[8,-35],[66,-105],[-3,-40],[-27,-82],[15,-84],[-7,-150],[29,-128],[1,-88],[12,-58],[33,-57],[2,-150],[26,-57],[-11,-68],[7,-52],[-22,-136],[44,-198],[112,-74],[-28,-53],[-27,-109],[18,-78],[6,-88],[21,-53],[1,-51]],[[62036,166639],[-45,-5],[-61,-26],[-90,4],[-71,13],[-43,-7],[-52,-37],[-94,-14],[-59,-26],[-137,-22],[-48,3],[-89,-48],[-72,-53],[-43,-13],[-83,12],[-46,-9],[-61,-69],[-49,-22],[-37,-94],[-51,-40],[-142,-75],[-32,3],[-75,38],[-46,-8],[-61,-50],[-81,-18],[-109,-54],[-71,-7],[-43,13],[-41,41],[-113,40],[-62,-22],[-4,-76],[-49,-98],[-49,-74],[-66,-27],[-90,-21],[-8,-23],[22,-98],[-43,-42],[-32,-104],[-35,-53],[-63,-30],[-43,-3],[-28,13],[-94,-7],[-134,2],[-33,24],[-48,62],[-72,21],[-20,58],[-47,63],[-125,60],[-56,50],[-38,20],[-28,31],[-19,67],[-52,50],[-60,13],[-35,20],[-56,93],[-162,0],[-121,31],[-111,17],[-65,-64],[-64,-23],[-61,3],[-58,-25],[-61,-13],[-87,44],[-89,66],[-18,42],[-36,125],[-44,129],[-26,52],[-22,15],[-159,16],[-29,29],[-50,98],[-17,77],[-29,46],[-72,1],[-54,19],[-78,68],[-61,82],[-37,115],[-26,30],[-44,-8],[-68,-41],[-53,-22],[-76,-58],[-60,-15],[-76,-40],[-31,14],[-31,56],[-40,30],[-6,89],[-12,28],[-93,76],[-95,7],[-140,-20],[-39,10],[-93,54],[-13,21],[-6,66],[-48,61],[-78,27],[-91,-30],[-55,-43],[-45,1],[-118,41],[-36,6],[-81,-20],[-171,31],[-143,52],[-79,66],[-54,21],[-81,14],[-37,14],[-18,74],[77,72],[7,22],[-25,84],[-28,58],[4,58],[15,30],[-18,50],[-38,67],[0,53],[-19,49],[-29,38],[-101,46],[-52,56],[-34,79],[-66,35],[-17,45],[-52,50],[-65,-17],[-68,-1],[-25,-59],[-32,-30],[-26,-55],[-43,-7],[-83,-61],[-171,-52],[-75,9],[-61,-10],[-71,-40],[-118,-17],[-38,-36],[-69,-34],[-150,-134],[-108,-140],[-89,-36],[-53,-75],[-42,-35],[-29,-3],[-50,-38],[-50,-15],[-71,72],[-123,77],[-92,85],[-54,74],[-15,81],[-32,34],[-36,74],[-19,20],[-67,34],[-57,66],[-18,97],[-23,57],[-72,98],[-55,-35],[-30,-34],[-42,-90],[-3,-38],[17,-35],[20,-85],[-10,-87],[25,-65],[14,-68],[-3,-87],[-21,-80],[-34,-95],[-54,-130],[-44,-159],[-33,-67],[-56,-61],[-77,-42],[-139,-16],[-32,-27],[-47,-92],[-36,-130],[-23,-59],[58,-94],[25,-73],[0,-87],[77,-179],[-3,-26],[28,-62],[-27,-48],[-24,-73],[-5,-67],[-32,-42],[-4,-89],[16,-124],[-23,-57],[-36,-44],[-7,-45],[-39,-45],[-36,-17],[-23,-64],[21,-65],[-17,-43],[24,-95],[-7,-58],[-93,-113],[-35,-49],[-41,-15],[-108,-21],[-13,17],[-105,1],[-22,7],[-79,-23],[-74,-10],[-29,9],[-98,-9],[-25,-18],[-13,-43],[-38,6],[-51,-53],[-52,-12],[-16,-39],[-35,-5],[-48,-53],[-79,-15],[-4,-56],[-91,-52],[-91,16],[-111,-54],[-144,-171],[-55,-264],[-3,-46],[-36,-58],[-5,-44],[-127,-236],[-36,-31],[-62,-168],[-52,-34],[-12,-42],[-92,-72],[-96,-123],[-76,-46],[-38,-5],[-41,-35],[-140,-48],[-115,-6],[-45,8],[-75,-6],[-85,4],[-88,-22],[-57,-41],[-56,-13],[-42,-34],[-60,-74],[-14,-29],[-12,-89],[5,-119],[18,-90],[20,-57],[-30,-57],[-60,-26],[-111,2],[-97,-25],[-55,-5],[-60,91],[-37,77],[-83,114],[-75,183],[-47,81],[-98,132],[-131,69],[-71,-93],[-79,-88],[-25,-39],[-36,-108],[-15,-91],[-24,-92],[-31,-34],[-7,-34],[-77,-155],[-79,-77],[-24,-43],[-159,-47],[-66,-8],[-150,-64],[29,-59],[83,-48],[52,-95],[-3,-25],[-103,-84],[-90,-41],[-35,-3],[-92,27],[-105,19],[-104,49],[-39,73],[-35,-4],[-25,-36],[2,-39],[21,-61],[-2,-40],[-31,-37],[-94,-29],[-128,-16],[-82,-50],[-146,-103],[-103,-40],[-56,-13],[-27,-19],[-94,-133],[-4,-62],[7,-130],[25,-90],[26,-52],[39,-54],[0,-51],[-58,-102],[-4,-83],[6,-63],[19,-66],[38,-80],[4,-57],[39,-130],[-2,-75],[17,-67],[6,-165],[-9,-43],[-80,-198],[-59,-64],[-35,-54],[-39,-78],[-72,-62],[-122,-32],[-37,-34],[-45,-108],[-46,-63],[-62,-127],[-35,-60],[-52,-64],[-45,-126],[25,-75],[-28,-109],[-61,-130],[-22,-119],[-54,-173],[-12,-128],[49,-205],[59,-88],[64,-74],[14,-61],[8,-137],[-27,-93],[20,-183],[93,-179],[14,-41],[-34,-66],[-1,-78],[32,-105],[-24,-35],[2,-45],[35,-76],[-4,-67],[-14,-43],[-15,-106],[-34,-86],[16,-78],[-35,-225],[19,-90],[39,-75],[43,-51],[58,-124],[9,-240],[81,-126],[18,-61],[12,-121],[32,-85],[61,-87],[45,-122],[28,-120],[8,-59],[-19,-107],[1,-56],[-22,-86],[-44,-41],[-20,-33],[-56,-134],[-74,-118],[-31,-67],[-28,-105],[-37,-98],[-23,-161],[-33,-89],[-51,-91],[-19,-69],[-90,-100],[-70,-52],[-73,-113],[-21,-114],[-62,-158],[-36,-51],[-126,-104],[-221,-128],[-54,-19],[-47,-33],[-74,-147],[-64,-114],[-77,-77],[-81,-55],[-63,-29],[-67,-54],[-256,-146],[-95,-79],[-82,-103],[-17,13],[-86,18],[-29,-5],[-24,-34],[6,-105],[-13,-138],[-24,-60],[-85,-91],[-69,-88],[-5,-24],[52,-123],[42,-72],[57,-81],[92,-118],[80,-57],[13,-31],[-37,-120],[-44,-62],[-50,-35],[-12,-36],[7,-189],[-2,-133],[-10,-18],[-70,-16],[-109,0],[-146,-17],[-30,-85],[-1,-122],[-59,-32],[-110,-15]],[[42743,150284],[-47,41],[-148,21],[-107,118],[-56,48],[-15,32],[-22,151],[-65,68],[-59,1],[-85,-40],[-86,2],[-26,15],[-68,6],[-28,15],[-44,146],[-79,109],[-32,15],[-93,14],[-62,25],[-134,23],[-19,-5],[-53,-53],[-45,-9],[-51,30],[-64,-1],[-58,-43],[-102,38],[-48,5],[-169,-48],[-54,-30],[-67,-18],[-161,-24],[-60,9],[-152,59],[-150,73],[-10,34],[5,96],[10,30],[95,181],[12,58],[-175,304],[-40,45],[-96,65],[-50,68],[-40,141],[-2,86],[22,106],[1,64],[-13,68],[-29,283],[-23,42],[-39,35],[-33,96],[-32,124],[8,65],[-8,43],[-39,70],[-64,57],[-71,54],[-39,53],[-64,51],[-57,98],[-34,34],[-122,-9],[-114,42],[-48,28],[-22,38],[-43,32],[-30,86],[-72,27],[-97,80],[-49,52],[-54,39],[-38,16],[-65,44],[-59,63],[-28,45],[17,112],[-7,161],[25,58],[2,30],[-34,80],[-1,43],[33,171],[4,133],[-19,82],[3,43],[-35,41],[-8,89],[-80,82],[-44,146],[-8,81],[19,90],[-85,92],[-41,-14],[-75,40],[-96,6],[-81,65],[-110,-84],[-114,-36],[-67,-10],[-45,7],[-49,30],[-80,26],[-28,22],[-49,-9],[-140,-6],[-48,32],[-85,72],[-56,-29],[-51,7],[-41,19],[-58,79],[-116,-86],[-96,48],[-47,7],[-50,-12],[-36,-27],[-90,-10],[-72,29],[-56,-4],[-47,8],[-56,31],[-102,130],[-114,150],[-84,-83],[-70,-47],[-29,-145],[-33,-54],[-65,-45],[-91,1],[-161,15],[-78,31],[-99,-11],[-52,54],[-78,-5],[-54,-34],[-22,33],[-93,65],[-41,83],[-104,-15],[-80,8],[-49,20],[-45,53],[-49,6],[-78,-5],[-89,12],[-36,22],[-46,67],[-4,46],[11,37],[45,76],[11,46],[-7,83],[-31,69],[-51,18],[-141,1],[-79,27],[-32,26],[-55,77],[-73,42],[-41,80],[-29,83],[-45,70],[-79,100],[-47,80],[-33,27],[-195,90],[-100,36],[-82,78],[-68,23],[-193,0],[-120,38],[-94,93],[-68,59],[-75,48],[-51,11],[-130,-1],[-83,30],[-37,26],[-39,81],[-56,74],[-75,60],[-50,78],[-20,167],[-31,86],[-100,190],[-33,75],[-26,86],[-44,181],[-33,62],[-53,69],[-69,57],[-90,92],[-41,65],[-89,15],[-104,-15],[-24,4],[-13,34],[3,85],[38,112],[55,72],[39,81],[-159,226],[-15,74],[9,128],[15,40],[77,95],[23,56],[56,167],[68,26],[19,19],[40,87],[-6,58],[16,46],[171,134],[11,52],[-42,72],[-60,62],[-40,76],[9,77],[-5,91],[-25,101],[-14,26],[-48,37],[-105,51],[2,22],[43,3],[78,32],[105,80],[28,56],[-17,52],[-67,98],[-18,70],[-41,235],[-31,91],[-38,70],[-24,80],[-10,84],[12,89],[30,102],[72,131],[-8,91],[-44,103],[47,128],[-30,182],[-19,38],[-101,121],[-38,53],[-1,22],[234,140],[182,111],[-43,80],[-99,169],[-19,84],[68,68],[17,61],[-22,103],[-29,65],[-92,114],[-102,87],[125,192],[55,71],[-1,34],[-84,171],[-45,80],[-113,166],[-33,34],[-67,28]],[[31574,165174],[6,109],[-23,144],[9,58],[44,109],[37,128],[22,15],[67,13],[91,36],[86,57],[66,129],[31,35],[108,14],[72,30],[44,47],[79,110],[93,94],[105,87],[37,19],[103,32],[96,78],[40,24],[95,27],[19,21],[-6,235],[26,50],[48,1],[102,-11],[141,14],[79,28],[25,0],[122,-44],[139,-30],[43,-1],[69,15],[93,40],[168,-13],[107,3],[30,7],[138,63],[126,37],[81,36],[19,17],[48,138],[63,34],[6,47],[71,71],[40,50],[94,55],[31,57],[35,134],[71,170],[52,74],[163,153],[28,36],[80,157],[242,85],[76,85],[119,112],[175,148],[127,-39],[92,-5],[60,17],[77,38],[92,37],[123,28],[31,-3],[57,-41],[38,-52],[54,-44],[46,-26],[46,-9],[78,5],[86,-6],[103,21],[57,26],[69,99],[124,81],[36,53],[60,17],[43,42],[34,12],[228,-16],[121,13],[120,20],[115,32],[225,47],[27,88],[59,41],[34,70],[48,58],[7,50],[27,36],[-3,39],[69,34],[63,45],[7,66],[31,22],[32,-10],[86,21],[21,36],[-225,553],[-95,231],[-248,620],[-234,571],[-66,168],[-8,62],[22,31],[62,1],[86,-53],[97,-12],[59,10],[149,78],[79,20],[67,32],[146,108],[198,127],[44,38],[90,115],[42,81],[49,29],[33,1],[121,24],[46,26],[164,134],[55,65],[23,114],[81,68],[199,78],[50,40],[85,26],[43,25],[36,52],[83,18],[45,23],[26,31],[65,51],[113,47],[40,29],[56,14],[53,31],[58,13],[149,-6],[64,23],[59,38],[46,54],[24,87],[36,94],[18,27],[41,106],[3,79],[21,56],[148,142],[48,8],[124,-53],[60,-1],[53,-20],[57,5],[78,-6],[45,-19],[81,-11],[33,5],[43,61],[35,18],[157,-8],[70,44],[186,0],[104,19],[85,44],[43,-3],[37,21],[56,73],[44,44],[87,70],[111,120],[99,48],[27,21]],[[25569,168081],[13,-165],[-25,-117],[37,-71],[86,-97],[91,-61],[85,-140],[62,-37],[118,-33],[214,-46],[50,-24],[141,-95],[112,-138],[44,-90],[16,-125],[-4,-60],[-15,-28],[-88,-67],[13,-41],[93,-98],[74,-56],[33,-59],[4,-42],[-14,-69],[12,-46],[-6,-77],[61,-118],[17,-87],[-8,-84],[-19,-61],[-57,-131],[16,-19],[167,8],[122,42],[105,-57],[111,-11],[63,-23],[45,-27],[39,-85],[-12,-89],[-30,-72],[17,-35],[60,-40],[60,-4],[34,-23],[20,-43],[8,-111],[27,-85],[47,-68],[77,-32],[32,6],[52,30],[149,42],[31,15],[68,54],[28,4],[112,-7],[48,9],[92,80],[90,51],[124,35],[72,36],[63,-6],[63,-100],[72,-89],[59,-47],[79,-47],[100,-84],[58,-36],[49,-3],[96,26],[55,26],[99,61],[108,45],[40,8],[63,-22],[40,-31],[82,-89],[114,-113],[34,-46],[28,0],[120,66],[155,45],[49,8],[51,-7],[33,-32],[49,-65],[59,-36],[68,3],[126,44],[92,0],[29,-12],[-3,99],[12,56],[19,28],[53,22],[84,20],[192,-5],[145,16],[51,13],[122,112],[27,14],[156,33]],[[42743,150284],[36,-77],[76,-187],[53,-60],[141,-70],[42,-114],[-12,-54],[-56,-18],[-58,-34],[0,-56],[-36,-68],[-52,-63],[-48,-108]],[[42829,149375],[-46,-28],[-89,-103],[-53,-72],[-36,-84],[10,-96],[-17,-126],[-40,-224],[-29,-91],[-40,-66],[-69,-55],[-83,-35],[-89,-23],[-42,-3],[-97,-29],[-21,-40],[28,-87],[61,-260],[102,-116],[-86,-74],[-109,-86],[-29,-36],[-53,-176],[-33,-78],[-75,-73],[-6,-23],[6,-109],[-29,-100],[7,-59],[-24,-115],[6,-70],[34,-75],[64,-65],[21,-70],[-24,-100],[-9,-82],[49,-102],[10,-100],[30,-87],[-1,-41],[-43,-91],[-32,-47],[-126,-129],[-75,-50],[-169,-82],[-102,-59],[-45,-12],[-64,-63],[-90,-59],[-76,-11],[-47,-37],[-51,-21],[-76,-50],[-137,-51],[-120,-107],[-30,-68],[-139,-112],[-24,-88],[-94,-118],[-16,-83],[-178,56],[-48,5],[-53,25],[-70,52],[-65,33],[-2,-53],[27,-128],[3,-85],[-17,-91],[-16,-190],[-33,-80],[-22,-173],[-26,-68],[-18,-138],[-25,-70],[-52,-121],[32,-75],[6,-55],[-43,-175],[-10,-101],[-52,-89],[-51,-124],[14,-46],[44,-51],[57,-90],[12,-60],[6,-127],[11,-33],[70,-74],[5,-34],[-16,-63],[46,-84],[5,-33],[-10,-80],[81,-72],[57,-25],[18,-23],[46,-136],[0,-24],[-29,-113],[-8,-69],[-59,-76],[-10,-146],[29,-86],[4,-61],[-13,-22],[-93,-43],[-56,-17],[-32,-40],[10,-40],[63,-94],[28,-68],[23,-23],[117,-85],[51,-91],[20,-89],[35,-92],[51,-99],[31,-81],[9,-43],[4,-111],[50,-42],[5,-28],[-8,-92],[19,-57],[-4,-66],[13,-37],[32,-38],[-31,-11],[-44,20],[-52,-8],[-36,-121],[-11,-64],[2,-60],[-33,-97],[8,-76],[38,-78],[48,-41],[48,-86],[50,-63],[26,-50],[39,-118],[38,-71],[110,-82],[23,-34],[9,-131],[62,-72],[46,-69],[41,-118],[36,-159],[56,-14],[35,-47],[19,-43],[44,-158],[34,-47],[34,-14],[53,5],[16,20],[10,80],[55,36],[11,-163],[48,22],[37,-32],[49,-147],[-5,-21],[-66,-20],[-54,36],[-34,-24],[6,-114],[-7,-52],[10,-91],[19,-35],[25,-82],[181,-133],[266,-123],[75,-41],[115,-117],[31,-38],[22,-51],[4,-56],[29,-73],[14,-95],[33,-79],[2,-30],[-67,-2],[-140,-30],[24,-90],[77,-71],[-54,-78],[-109,-24],[-203,-150],[-73,-50],[-119,-63],[-30,-22],[-175,-180],[-70,-48],[-121,-65],[-119,-36],[-113,-47],[-23,-24],[-20,-52],[-61,-49],[-89,-50],[-34,-102],[-41,-75],[-32,-40],[-50,-144],[-39,-72],[-25,-27],[-131,-77],[-6,-19],[25,-122],[-8,-36],[-45,-69],[12,-86],[38,-71],[34,-18],[78,-8],[70,-41],[8,-39],[-57,-53],[-65,-118],[-56,-77],[-19,-108],[8,-23],[61,-17],[143,30],[138,56],[54,31],[70,68],[134,-92],[139,-80],[188,-98],[108,-105],[46,-38],[75,-91],[195,-267],[88,-138],[78,-244],[48,-64],[108,-125],[51,-100],[78,-111],[83,-126],[91,-198],[33,-52],[164,-211],[99,-77],[50,-62]],[[37727,126801],[-31,-1],[-25,-24],[-59,-1],[-22,-25],[-33,-83],[-62,-92],[-9,-47],[-29,-14],[-44,9],[-124,47],[-34,7],[-55,-13],[-134,-73],[-292,-78],[-63,-26],[-32,-29],[-31,-78],[-76,-157],[-22,-63],[12,-89],[-7,-24],[-65,-62],[-19,-42],[-49,-69],[-27,-77],[-5,-92],[-18,-85],[23,-58],[12,-73],[38,-142],[-8,-65],[-34,-24],[-121,-37],[-47,-42],[-82,-46],[30,-107],[-35,-18],[-53,13],[-37,-28],[-58,-12],[-82,-2],[-42,-23],[-78,8],[-81,19],[-85,10],[-86,26],[-75,38],[-105,73],[-61,54],[-41,20],[-157,40],[-47,67],[-72,19],[-137,-30],[-31,-23],[-114,-38],[-51,3],[-70,-79],[-21,-8],[-87,4],[-56,16],[-60,61],[-41,82],[-17,65],[32,125],[-14,102],[-11,20],[-63,20],[-37,-3],[-581,-179],[-351,-105],[-80,-21],[-127,-41],[-196,-56],[-24,-10],[-348,-98],[-240,-70],[-78,-26],[-149,-78],[-373,-185],[-504,-203],[-153,-56],[-305,-121],[-37,-12],[-342,-139],[-158,-58],[-305,-125],[-123,-44],[-160,-64],[-102,-46],[-25,-260],[-5,-137],[-8,-71],[-13,-209],[-10,-93],[-5,-256]],[[29408,122784],[-43,19],[-76,71],[-46,82],[-124,72],[-86,-30],[3,-21],[-127,-9],[-59,-40],[-52,-20],[-83,-19],[-94,-66],[-48,-9],[-78,29],[-53,10],[-48,-31],[-92,-16],[-52,13],[-24,-35],[-48,-5],[-60,-65],[-69,-46],[-28,2],[-87,59],[-82,11],[-42,28],[-19,51],[-55,16],[-70,-28],[-42,6],[-65,-21],[-41,1],[-120,48],[-91,71],[-60,25],[-126,79],[-44,42],[-34,54],[-105,57],[-68,109],[-90,97],[-82,68],[-29,47],[-35,78],[-54,60],[-12,52],[4,40],[-100,-28],[-147,-50],[-156,-42],[-140,-2],[-95,-20],[-89,19],[-54,4],[-78,-19],[-109,-45],[-20,-57],[-142,-275],[-26,-34],[-42,8],[-70,-8],[-227,-124],[-27,-30],[-111,-162],[-38,-46],[-194,-181],[-86,37],[-111,17],[-62,-21],[-67,-75],[-40,-64],[-24,-93],[-20,-21],[-43,-13],[-102,55],[-85,56],[-140,21],[-70,42],[-60,-16],[-131,-78],[-60,-4],[-95,76],[-55,77],[-36,28],[-92,-4],[-95,-65],[-62,-23],[-93,14],[-47,20],[-58,42],[-61,60],[-48,63],[-88,67],[-52,61],[-46,85],[-51,44],[-56,33],[-150,131],[-78,37],[-33,6],[-138,5],[-98,-22],[-84,-34],[-33,-26],[-60,-72],[-60,-8],[-422,-2],[-83,4],[-171,23],[-134,27],[-177,23],[-7,115],[-16,58],[-48,115],[-39,78],[-68,89],[-45,41],[-51,61],[-116,112],[-127,133],[-8,24],[-20,172],[-21,69],[-120,123],[-25,41],[-20,67],[-56,65],[-32,56],[-65,31],[-94,113],[6,33],[32,43],[26,71],[-10,144],[-98,131],[-26,45],[-95,87],[-58,30],[-28,41],[-66,64],[-38,24],[-21,78],[1,83],[14,108],[-3,51],[-67,88],[-42,71],[-15,64],[-45,52],[-69,12],[-95,70],[-143,153]],[[19032,126247],[22,34],[20,107],[15,147],[17,66],[32,38],[18,49],[-2,129],[8,66],[28,147],[-10,229],[-24,133],[-55,191],[-66,178],[-50,120],[-32,126],[-66,143],[-79,128],[-31,41],[-31,80],[28,69],[-170,233],[-82,40],[-43,39],[-109,133],[-146,121],[-58,53],[-33,63],[-21,71],[12,56],[72,88],[-14,144],[13,55],[11,108],[17,231],[1,96],[-34,205],[22,92],[-12,138],[-101,155],[-50,128],[-48,101],[-17,84],[-18,46],[-51,63],[-176,95],[-223,200],[-116,90],[-332,341],[16,27],[102,102],[-21,140],[114,219],[23,62],[15,137],[-5,74],[-43,111],[-50,39],[-35,57],[-145,164],[-85,84],[-49,74],[-35,82],[-7,98],[50,102],[19,106],[-19,111],[6,74],[29,41],[-16,113],[7,40],[53,22],[140,98],[96,119],[28,48],[10,58],[-46,124],[-3,47],[-25,101],[-10,76],[43,215],[-65,142],[20,61],[104,86],[12,33],[-15,46],[-99,114],[-84,71],[-16,25],[-9,98],[-19,71],[-48,69],[-125,57],[-53,-17],[-32,6],[-58,50],[-46,26],[-63,14],[-102,0],[-20,13],[-15,42],[4,67],[22,99],[45,147],[5,47],[-32,153],[-96,215],[-11,42],[5,279],[43,155],[-8,41],[-52,88],[-73,168],[19,134],[-9,48],[-59,89],[-20,62],[98,49],[34,71],[26,255],[16,122],[26,85],[12,70],[7,126],[-2,192],[34,241],[6,65],[-18,148],[9,28],[104,136],[112,502],[0,40],[-21,194],[5,116],[30,220],[-5,81],[-52,134],[-31,113],[-39,87],[-50,25],[-34,85],[0,39],[30,76],[29,107],[-22,177],[7,110],[18,53],[46,94],[99,127],[25,45],[25,87],[14,19],[155,62],[23,16],[6,72],[14,20],[107,44],[16,17],[29,146],[-2,69],[-84,49],[-48,63],[-57,95],[-33,81],[-3,60],[26,47],[-2,31],[-27,57],[65,88],[86,44],[45,41],[16,56],[-40,73],[-6,69],[-37,83],[-165,80],[-44,35],[-40,57],[48,50],[7,59],[-76,88],[-57,131],[78,51],[8,41],[-71,150],[-38,41],[-7,58],[67,136],[72,64],[11,23],[10,86],[197,197],[51,103],[11,50],[-3,109],[-34,67],[-23,109],[-3,67],[10,73],[-26,101],[14,58],[38,77],[49,50],[-22,193],[7,77],[-6,40],[-67,159],[-63,116],[-18,73],[-89,88],[-23,56],[3,120],[-33,61],[-46,31],[-22,50],[-2,201],[18,146],[-13,52],[-54,55],[-30,62],[0,37],[51,131],[-2,87],[28,96],[-11,38],[-94,102],[-91,62],[-56,118],[-75,132],[-10,46],[1,83],[-30,70],[-42,53],[-13,195],[-7,23],[-57,78],[-10,26],[1,81],[-10,51],[-62,180],[7,88],[-1,79],[21,26],[89,68],[91,-6],[75,85],[133,108],[171,84],[20,59],[1,89],[16,80],[-27,136],[17,20],[84,14],[79,25],[44,28],[14,74],[-16,152],[3,55],[24,47],[45,40],[99,44],[122,72],[46,4],[76,-16],[121,-79],[92,-75],[50,-14],[64,13],[41,27],[191,184],[83,86],[48,126],[32,60],[69,82],[94,66],[109,37],[68,14],[50,43],[18,54],[61,98],[39,114],[22,42],[62,45],[72,27],[10,108],[18,99],[44,57],[44,80],[53,50],[-18,97],[-7,75],[24,61],[4,53],[-37,208],[10,92],[24,86],[14,140],[91,7],[69,37],[22,59],[1,95],[-26,138],[-10,311],[49,66],[59,59],[31,73],[13,96],[-5,23],[-95,67],[-99,56],[-122,36],[-54,4],[-116,-6],[-315,54],[-32,27],[-26,172],[13,45],[45,100],[96,156],[36,78],[27,40],[30,78],[25,40],[-41,55],[-25,83],[-37,67],[-73,91],[-38,57],[-46,93],[-90,106],[-48,73],[-36,74],[-5,39],[-85,108],[-55,78],[0,53],[-18,142],[109,124],[56,85],[21,71],[85,147],[25,32],[27,62],[60,68],[162,122],[103,89],[-30,45],[6,206],[16,87],[0,64],[78,77],[23,33],[56,46],[40,56],[8,94],[19,44],[118,180],[24,11],[20,64],[33,59],[38,38],[49,19],[70,59],[87,88],[66,307],[-16,57],[-10,104],[-48,101],[9,47],[28,49],[76,60],[-58,121],[-44,68],[-57,45],[-62,65],[-22,4],[-60,-23],[-230,48],[-94,45],[-62,15],[-56,-11],[-159,-60],[-71,-7],[-50,-17],[-203,-50],[-27,4],[-77,112],[-24,47],[-56,146],[-106,98],[-86,48],[-75,23],[-83,122],[-95,93],[-16,27],[0,160],[-29,65],[-99,98],[-7,22],[-17,138],[-28,45],[-17,61],[8,47],[44,97],[33,51],[12,41],[49,41],[100,68],[103,56],[59,44],[261,230],[121,72],[149,31],[106,13],[50,-11],[35,17],[32,51],[29,25],[118,39],[69,35],[56,101],[19,15],[87,24],[50,61],[20,66],[44,79],[39,25],[66,25],[45,55],[83,75],[256,251],[668,642],[28,20],[-54,36],[-14,36],[12,86],[-43,116],[-23,229],[-15,28],[-75,78],[-49,106],[-24,102],[17,88],[32,34],[58,29],[29,54],[56,33],[39,38],[86,148],[86,105],[100,85],[44,46],[25,54],[10,70],[35,49],[84,66],[92,32],[-26,48],[-7,57],[18,96],[8,78],[50,175],[-7,31],[-146,52],[-113,64],[-23,26],[61,79],[67,63],[106,78],[78,36],[59,17],[145,25],[58,46],[52,67],[46,36],[46,57],[44,314],[20,84],[39,49],[72,41],[138,57],[91,54],[51,2],[70,-48],[299,48],[135,33],[184,-42],[115,30],[71,48],[101,83],[93,47],[168,66],[148,27],[155,-2],[204,40],[63,4],[267,-47],[181,107],[51,21],[95,13],[58,-4],[89,-16],[76,-30],[30,1],[65,88],[23,45],[18,68],[6,75],[-13,119],[-109,215],[4,89],[19,94],[3,59],[19,119],[0,111],[-7,60],[-31,117],[-21,46],[-49,191],[6,26],[116,118],[38,68],[98,100],[25,55],[8,44],[-3,66],[10,70],[24,53],[50,63],[39,24],[134,45],[20,19],[146,6],[94,-23],[72,2],[108,16],[195,44],[88,31]],[[63394,50818],[-34,-47],[-36,-30],[-86,-44],[-129,5],[-71,-10],[-131,-82],[-92,-63],[-138,-110],[-60,-63],[-28,-75],[-9,-65],[-8,-160],[-14,-17],[-132,-14],[-115,-22],[-59,-49],[-49,-72],[-27,-15],[-193,41],[-117,6],[-48,-9],[-84,-38],[-153,-40],[-28,4],[-129,-45],[-122,-55],[-115,-110],[-177,-149],[-16,-21],[0,-170],[34,-29],[196,-103],[199,-48],[90,-16],[50,5],[79,31],[82,25],[57,-11],[47,-43],[116,-89],[33,-17],[89,-7],[29,-33],[47,-102],[34,-37],[92,-46],[36,-49],[41,-72],[-26,-85],[-74,-90],[-311,-390],[49,-89],[60,-95],[50,-62],[103,-84],[57,-102],[19,-72],[-1,-111],[-17,-130],[-28,-136],[-68,-280],[-5,-45],[-16,-10],[-140,6],[-29,-21],[-75,-252],[39,-131],[36,-35]],[[44408,30342],[-135,-22],[-66,-58],[-117,-58],[-78,-7],[-93,9],[-98,21],[-64,27],[-66,11],[-43,-8],[-43,-105],[-68,-57],[-36,-100],[-82,-20],[-89,-93],[-71,-26],[-59,-46],[-113,-33],[-89,-83],[-19,-9],[-49,12],[-34,53],[-65,23],[-148,27],[-124,47],[-121,58],[-115,73],[-22,23],[-44,4],[-29,-22],[-4,23],[-125,43],[-170,66],[-52,34],[-2,29],[-37,11],[-84,62],[-63,38],[-99,49],[-35,-7],[-84,53],[-58,14],[-110,83],[-11,20],[-38,12],[-26,45],[-49,9],[-33,23],[-16,36],[-61,36],[-326,-125],[-101,-125],[-72,-101],[-233,-341],[-140,-217],[-382,125],[-58,44],[-41,-23],[9,53],[-86,103],[-139,-157],[-134,130],[41,109],[50,172],[-58,68],[-57,28],[-46,58],[-42,-1],[-26,71],[-98,114],[16,76],[-38,32],[-21,-87],[-68,56],[15,37],[-180,120],[-31,33],[-15,45],[-69,81],[143,67],[-17,46],[-138,-93],[-83,87],[30,36],[16,59],[-29,17],[-50,-101],[-67,-9],[-24,72],[-35,30],[41,15],[56,2],[25,28],[8,39],[-19,14],[-28,-21],[-78,-6],[-38,-20],[-38,-44],[-9,50],[-52,53],[-13,68],[-24,43],[-32,2],[-64,29],[-35,-20],[101,-915],[-10,-120],[6,-37],[54,-15],[203,-39],[178,15],[44,-66],[36,-16],[7,-106],[-28,-77],[-59,-79],[2,-65],[13,-54],[-6,-41],[25,-15],[18,-93],[-6,-74],[28,-23],[19,-82],[101,-177],[-116,-78],[-12,-77],[-30,-40],[-23,-89],[4,-39],[40,-62],[-22,-11],[5,-69],[-155,-34],[-14,13],[-51,-9],[-5,-18],[-55,-7],[-4,-36],[-135,62],[-127,32],[-403,59],[-37,-11],[-57,-54],[-80,-141],[-25,-24],[-37,-5],[-45,13],[-88,55],[-165,120],[-73,79],[-39,30],[-56,22],[-60,8],[-60,-11],[-24,-38],[5,-61],[50,-160],[-7,-58],[-156,-105],[-152,-42],[-106,-1],[-96,17],[-78,-3],[-140,27],[-73,0],[-102,-15],[-74,-26],[-76,5],[-41,-35],[-57,-7],[-48,40],[-25,1],[-32,-28],[-31,-2],[-32,31],[-40,6],[-22,-28],[-31,-79],[-61,-26],[-51,-4],[-141,53],[-60,-39],[-45,5],[-107,42],[-43,57],[-31,-16],[-71,-9],[-104,-22],[-72,-74],[-66,-33],[-118,-87],[-71,-58],[-40,9],[-34,-18],[-21,8],[-9,42],[-56,2],[-34,-63],[-58,-61],[-48,-12],[-49,18],[-43,37],[-24,3],[-69,36],[-93,-22],[-86,21],[-32,-10],[-70,19],[-31,-24],[-77,-10],[-27,-40],[-47,-11],[-46,-37],[-89,60],[-6,143],[-79,43],[-154,7],[-47,-7],[-59,-77],[-48,-26],[-81,-14],[-66,30],[-93,-21],[-34,-25],[-165,-38],[-86,-24],[-91,-55],[-37,-52],[-72,-53],[-98,-31],[-67,-37],[-48,-5],[-61,44],[-61,16],[-42,-36],[-14,-96],[-38,-51],[-50,-37],[-83,-27],[-57,9],[-3,-61],[-37,-36],[6,-45],[-60,-109],[-37,-112],[-23,-22],[-12,-45],[5,-46],[-31,-12],[-60,11],[-70,-4],[-64,-28],[-48,-2],[-20,-15],[-73,-21],[-106,-11],[-42,-33],[-13,-77],[-20,-21],[-57,10],[-71,0],[-40,17],[-30,-36],[-13,-55],[48,-39],[-15,-42],[-44,-5],[-34,-21],[-17,-68],[-98,-47],[-90,27],[-73,9],[-43,-58],[-43,-16],[-154,5],[-46,107],[-24,2],[-93,-142],[-54,-67],[-34,-70],[-19,-16],[-65,-15]],[[11160,30486],[28,50],[38,152],[86,38],[231,164],[76,34],[35,53],[12,110],[18,39],[94,149],[34,110],[17,30],[42,32],[115,50],[33,45],[27,65],[-27,106],[-47,54],[-58,28],[-48,71],[-5,81],[8,52],[19,32],[78,64],[39,42],[55,82],[45,94],[-7,69],[-49,74],[-14,47],[0,60],[-15,74],[-57,101],[-20,50],[-7,60],[-48,104],[21,30],[46,10],[114,75],[48,10],[80,42],[43,67],[41,22],[74,23],[32,36],[-13,169],[7,20],[78,78],[30,38],[22,78],[-5,168],[57,37],[74,27],[70,16],[48,31],[23,35],[24,82],[73,61],[-7,41],[-37,61],[87,62],[19,28],[39,115],[51,7],[102,69],[30,46],[28,67],[31,38],[85,50],[-5,44],[-32,39],[-110,22],[-157,13],[-115,-49],[-36,3],[-64,28],[-71,58],[-107,22],[-66,84],[-85,43],[-49,84],[-15,59],[8,97],[-10,80],[41,106],[58,96],[100,68],[72,109],[101,87],[-3,96],[-28,64],[-7,110],[24,82],[65,49],[0,21],[-39,73],[10,71],[-10,28],[-68,95],[-56,64],[-49,23],[-72,-5],[-22,9],[53,144],[38,161],[41,137],[-30,3],[-126,-15],[-21,-11],[4,-70],[-12,-49],[-19,-10],[-57,23],[-91,72],[-46,17],[-73,5],[-52,-10],[-94,-49],[-39,-11],[-42,7],[-111,34],[-94,63],[-69,30],[-106,26],[-121,6],[-55,11],[-178,63],[-74,-20],[-97,14],[-37,28],[-39,64],[-24,153],[-14,30],[-40,16],[-236,47],[-43,3],[-55,-27],[-58,-67],[-55,-19],[-47,-34],[-29,-44],[-30,-79],[-86,-63],[-52,-24],[-128,-25],[-65,21],[-62,1],[-111,59],[-74,5],[-47,48],[-36,76],[-32,38],[-31,17],[-50,0],[-88,-22],[-89,-51],[-56,22],[-28,40],[-39,88],[-33,38],[-53,19],[-21,40],[-52,46],[-91,5],[-42,37],[-19,113],[8,47],[-10,50],[-17,14],[-155,21],[-109,-14],[-102,25],[-110,39],[-18,20],[-19,155],[22,111],[31,221],[21,52],[89,43],[120,72],[22,23],[91,180],[-15,15],[-53,103],[-34,110],[-1,100],[13,58],[34,94],[37,71],[109,110],[56,252],[30,73],[-16,58],[79,109],[46,163],[34,55],[38,3],[74,28],[-21,82],[106,198],[-5,14],[-71,26],[-52,54],[-3,137],[-65,15],[-115,75],[-131,60],[-98,7],[-79,-15],[-36,120],[7,28],[61,118],[7,38],[-13,80],[-4,114],[-27,160],[12,39],[18,6],[211,14],[102,-36],[33,-4],[95,33],[104,23],[76,82],[50,21],[186,53],[22,11],[-3,51],[15,31],[67,57],[65,102],[55,74],[87,128],[-34,100],[-52,48],[-96,72],[-22,43],[-60,48],[-105,46],[-84,26],[-47,40],[-60,22],[-67,44],[-106,109],[-46,24],[-34,37],[-80,161],[-10,49],[-87,147],[-15,48],[-6,-65],[-15,-20],[-90,5],[-101,-25],[-188,58],[-49,-4],[-82,-26],[-49,11],[-16,21],[-19,103],[-54,51],[-8,99],[-50,232],[-50,60],[29,45],[12,41],[0,62],[11,72],[14,36],[76,64],[90,32],[49,61],[34,63],[49,39],[80,15],[36,39],[70,34],[60,19],[69,-4],[177,2],[12,6],[-7,73],[33,63],[18,162],[20,34],[39,21],[50,96],[21,60],[29,21],[11,50],[24,26],[90,45],[42,29],[29,41],[7,93],[15,39],[117,110],[18,47],[-2,102],[43,53],[-2,37],[-46,58],[230,246],[103,140],[59,58],[37,52],[6,42],[-5,118],[67,248],[41,130],[105,146],[52,236],[21,29],[65,-10],[134,76],[109,25],[71,-11],[68,-91],[45,-94],[184,-110],[75,-27],[45,-32],[40,18],[15,33],[60,59],[69,3],[45,41],[13,109],[22,125],[48,73],[61,223],[34,112],[17,18],[115,65],[102,19],[50,42],[81,36],[107,103],[88,66],[107,106],[67,-1],[62,-43],[47,-68],[52,-45],[54,-8],[47,10],[121,76],[148,44],[175,91],[44,32],[59,70],[99,25],[12,20]],[[13102,48266],[86,7],[173,-66],[79,-41],[133,-32],[65,-32],[102,-7],[52,-36],[19,-34],[49,-16],[72,6],[70,-19],[89,3],[151,48],[66,35],[72,16],[34,-9],[32,-48],[60,-33],[174,-120],[53,-48],[26,-107],[-42,-53],[-62,-46],[-66,-28],[-59,-57],[-5,-86],[68,-28],[58,-53],[25,-118],[112,-83],[50,-58],[130,-122],[65,-92],[111,-94],[106,-46],[108,29],[183,98],[104,39],[50,8],[62,-6],[54,63],[52,-6],[80,60],[75,107],[63,32],[112,23],[48,46],[26,47],[22,106],[34,53],[103,78],[65,37],[48,2],[55,33],[64,98],[37,37],[23,91],[23,32],[46,19],[62,64],[-4,103],[13,15],[60,-25],[25,0],[109,40],[23,18],[78,19],[58,-1],[99,20]],[[20117,48637],[137,-142],[37,-62],[95,-112],[109,-84],[28,-27],[86,-132],[37,-77],[4,-33],[-33,-123],[16,-61],[67,-57],[54,-81],[28,-29],[105,-29],[89,-95],[67,19],[50,43],[18,30],[53,33],[128,31],[102,-7],[89,-66],[25,-26],[54,-6],[41,57],[18,5],[78,-40],[103,-22],[78,-41],[42,-37],[80,-42],[525,-151],[236,-210],[2377,-1380],[1068,-620],[24,-110],[89,-80],[86,-171],[257,-39],[86,-82],[46,-26],[55,-57],[97,-61],[72,-60],[26,-40],[81,-70],[30,-15],[110,13],[95,-12],[64,-16],[94,-36],[128,-4],[47,-26],[49,-81],[105,-110],[-14,-70],[26,-42],[97,-72],[154,-61],[149,-78],[124,-57],[85,-34],[131,-45],[77,-62],[40,-21],[101,-77],[62,-16],[99,-55],[60,2],[120,-15],[27,3],[69,-22],[52,21],[83,-14],[51,18],[99,-30],[75,47],[48,6],[73,-20],[107,30],[41,-7],[55,15],[24,22],[97,59],[59,-122],[120,-173],[41,-12],[22,-22],[39,-6],[103,-1],[109,-185],[254,-42],[48,3],[146,-21],[47,3],[157,77],[114,68],[166,67],[133,-24],[105,-1],[83,21],[176,63],[149,186],[111,168],[40,106],[70,128],[122,245],[56,96],[50,134],[236,306],[197,248],[221,70],[173,61],[168,54],[427,130],[164,52],[189,67],[66,20],[148,81],[112,92],[181,131],[119,61],[64,41],[124,106],[90,54],[360,241],[104,21],[233,66],[264,129],[143,89],[131,98],[88,77],[115,110],[95,7],[35,17],[271,269],[132,135],[22,28],[168,149],[50,36],[29,37],[-34,80],[7,16],[61,45],[73,32],[48,7],[103,56],[57,38],[-171,199],[221,205],[33,27],[60,-62],[263,232],[-33,45],[18,25],[113,98],[16,74],[56,60],[93,68],[9,17],[33,210],[93,30],[168,68],[226,101],[267,117],[105,59],[122,45],[159,66],[274,92],[41,16],[264,-29],[339,-44],[42,-9],[181,128],[357,260],[32,6],[259,6],[-20,112],[-58,195],[-49,98],[-48,62],[-76,80],[-62,32],[-96,-16],[-184,-45],[-88,-5],[-112,4],[-156,-2],[-90,4],[-88,28],[-62,40],[-91,71],[-49,49],[-68,91],[-30,65],[-16,108],[14,111],[23,110],[61,236],[58,172],[70,145],[71,180],[34,129],[16,116],[15,209],[6,230],[35,447],[-5,67],[-17,75],[-45,119],[-74,121],[-55,81],[-121,141],[-102,90],[-83,51],[-151,63],[-249,60],[-155,28],[-107,10],[-216,-16],[-104,12],[-241,49],[-56,14],[-228,40],[-66,20],[-49,41],[-38,71],[-72,65],[-34,60],[6,89]],[[31902,106919],[123,34],[114,24],[81,6],[239,-6],[631,-34],[10,12],[-55,29],[-34,31],[-39,11],[-78,2],[-44,26],[-29,56],[-38,32],[-13,-52],[-20,-8],[-82,19],[-15,18],[-21,70],[-68,83],[-98,67],[-63,-8],[-39,-45],[-58,-13],[-76,41],[-34,8],[-72,-54],[-26,3],[-35,39],[-24,54],[-15,-14],[-11,-64],[-28,-13],[-43,6],[-47,49],[-44,22],[-81,-2],[-44,-87],[-31,-8],[-159,2],[-165,32],[-51,68],[-10,62],[-62,17],[4,60],[-43,32],[-25,38],[6,69],[-50,35],[-3,87],[24,42],[13,158],[-42,70],[3,95],[12,121],[-23,34],[7,36],[56,13],[5,44],[-49,10],[-4,44],[-52,-14],[14,48],[-39,1],[-14,24],[-62,24],[5,74],[-21,57],[-34,-13],[-47,4],[-77,-47],[-59,45],[6,41],[-38,28],[-3,56],[39,56],[-5,38],[49,175],[39,60],[-30,65],[30,76],[-8,39],[-19,231],[-17,129],[37,99],[-49,51],[9,110],[34,150],[-48,74],[-18,77],[-64,83],[-2,46],[-38,30],[-1,58],[-18,57],[-10,98],[-35,29],[-15,62],[6,44],[34,51],[-9,38],[-61,48],[18,96],[0,50],[-11,114],[29,76],[44,66],[10,70],[86,82],[52,16],[11,18],[-9,71],[-41,68],[48,128],[36,53],[69,69],[7,52],[38,32],[64,9],[17,16],[1,47],[39,49],[25,89],[48,125],[3,49],[-18,62],[20,190],[-3,150],[-25,153],[-27,81],[-20,150],[115,243],[23,94],[-16,39],[-59,74],[-53,50],[29,148],[55,6],[39,36],[8,121],[-2,133],[-25,22],[-90,14],[15,85],[-56,56],[-173,207],[-66,97],[-39,36],[-97,71],[-105,102],[-41,32],[-15,55],[-112,38],[-148,92],[-57,51],[-65,83],[-28,59],[-15,61],[-57,24],[-95,25],[-76,7],[-192,-8],[2,90],[-16,71],[-6,117],[10,111],[-3,69],[21,66],[-31,65],[-21,195],[0,93],[-9,71],[-2,161],[6,171],[-3,55],[-18,108],[6,42],[48,254],[32,207],[30,268],[8,96],[5,216],[8,217],[3,208],[13,423],[9,174],[-68,172],[59,387],[23,75],[45,55],[5,89],[14,54],[67,134],[22,70],[44,70],[125,107],[23,70],[-3,76],[8,88],[46,145],[-1,51],[-46,69],[0,81],[13,95],[47,127],[6,97],[-22,43],[-46,61],[-65,31],[-25,43],[-22,62],[-30,42],[-88,29],[-38,27],[-34,132],[-69,160],[-52,75],[-50,51],[-21,45],[-25,124],[-45,109],[-25,41],[-29,76],[-71,413],[-10,83],[-7,160],[0,109]],[[34029,100228],[-108,-33],[-74,-35],[-80,-48],[-53,-57],[-26,-86],[-88,1],[-49,-11],[-67,-108],[-54,-50],[-43,-25],[-28,-79],[-77,-51],[-91,-23],[-71,-34],[-17,-35],[-6,-93],[10,-115],[35,-60],[2,-30],[-17,-57],[6,-64],[-11,-101],[19,-56],[7,-52],[22,-24],[78,-17],[55,31],[55,-16],[43,2],[48,-13],[97,-57],[42,-50],[65,-21],[111,-171],[79,-79],[38,-3],[54,-25],[19,-24],[0,-82],[96,-171],[13,-37],[37,-37],[78,-46],[19,-20],[-29,-94],[-89,-89],[-80,-93],[-74,-141],[-25,-74],[-11,-75],[-103,-40],[-62,-37],[-115,-27],[-46,-42],[-89,-13],[-66,-59],[-2,-40],[141,-192],[33,-33],[22,-56],[46,-168],[64,-70],[57,-111],[42,-58],[52,-35],[31,-34],[69,-37],[69,-148],[15,-50],[55,-32],[29,-43],[31,-85],[6,-74],[-36,-84],[1,-21],[47,-72],[67,-16],[51,-29],[16,-95],[-4,-91],[9,-66],[49,-71],[45,-34],[47,-16],[31,-30],[145,-58]],[[34636,95333],[23,-108],[-22,-71],[-40,-46],[-58,-51],[-27,-119],[7,-19],[57,-62],[33,-60],[-15,-61],[-31,-45],[-7,-77],[-22,-55],[-15,-153],[-16,-112],[-15,-56],[-32,-58],[-18,-95],[-93,75],[-96,65],[-67,63],[-105,46],[-90,12],[-52,33],[-29,42],[-123,50],[-12,12],[-79,13],[-93,-20],[-59,-24],[-222,-122],[-65,-25],[-51,14],[-27,35],[-133,120],[-94,58],[-50,13],[-112,-87],[-21,-32],[-35,-118],[-9,-99],[3,-80],[-32,-38],[-94,-29],[-18,-45],[23,-35],[-1,-32],[-28,-52],[-46,-44],[-24,-138],[2,-54],[69,-170],[7,-52],[38,-143],[46,-77],[-70,-41],[-78,-30],[-48,-69],[-44,-35],[-44,-73],[-53,-60],[-38,-23],[-113,-39],[-83,1],[-31,8],[-56,-35],[-45,-52],[-62,-49],[-38,-12],[-138,-15],[-97,-52],[-49,-9],[-137,-10],[-134,-27],[-132,8],[-148,-20],[-48,-16],[-81,-87],[-73,4],[-141,-12],[-78,-52],[-76,-94],[-233,-33],[-104,8],[3,118],[-12,39],[-54,49],[-149,91],[-194,37],[-63,20],[-36,23],[-155,156],[-59,13],[-72,31],[-50,-21],[-109,-18],[-55,-23],[-27,-27],[-23,-49],[-88,-73],[-80,-41],[-203,-45],[-129,60],[-47,10],[-39,27],[-99,119],[-86,190],[2,70],[-26,42],[-110,77],[-131,77],[-83,7],[-60,46],[-46,7],[-49,-30],[-57,-18],[-52,-54],[-151,-44],[-83,16],[-82,48],[-42,-5],[-108,5],[-63,-13],[-38,-20],[-79,2],[-73,34],[-116,10],[-34,-4],[-26,-29],[-68,-109],[-40,-113],[-24,-162],[-44,-99],[-8,-42],[16,-118],[-5,-80],[-67,-69],[-82,-69],[-63,-129],[-62,-164],[-33,-106],[23,-97],[-35,-121],[-27,-122],[-99,-24],[-105,-40],[11,-118],[65,-107],[30,-33],[43,-73],[-2,-66],[-22,-63],[-31,-52],[142,-171],[22,-179],[43,-82],[25,-89],[-24,-169],[-20,-59],[-84,-52],[-28,-38],[-23,-57],[3,-31],[80,-44],[81,-7],[49,-30],[18,-29],[5,-120],[81,-70],[32,-69],[44,-70],[78,-38],[91,2],[83,-81],[46,-18],[54,-38]],[[19471,86291],[-99,9],[-93,25],[-71,27],[-13,38],[-16,164],[-36,98],[-10,120],[-10,33],[-72,94],[-59,36],[-44,-9],[-135,-64],[-121,-38],[56,72],[17,44],[-5,56],[3,111],[-72,77],[12,97],[-9,78],[-58,53],[-99,42],[-73,23],[-36,37],[-88,12],[-29,100],[31,94],[81,95],[17,103],[21,41],[96,30],[36,19],[64,60],[68,38],[152,57],[12,18],[2,61],[24,75],[32,34],[-46,131],[-17,70],[7,77],[44,68],[-25,198],[-57,94],[-54,30],[-47,-1],[-54,26],[-44,48],[-19,37],[19,69],[-51,47],[-45,104],[-11,114],[-39,99],[-47,40],[33,74],[33,96],[11,83],[-6,22],[11,81],[-103,-23],[-56,4],[-52,31],[-130,52],[-39,27],[118,147],[4,46],[-52,81],[-15,116],[-77,95],[-19,45],[-9,78],[-58,-7],[-24,76],[-16,90],[-52,54],[-39,19],[-94,71],[-69,32],[-24,96],[-11,112],[17,110],[-42,-13],[-93,-3],[-88,-20],[-30,17],[-10,44],[-38,72],[-11,49],[18,85],[-10,41],[-49,87],[9,41],[-18,71],[-52,104],[-26,85],[-8,57],[-83,113],[-104,90],[-36,59],[77,142],[37,31],[79,17],[56,32],[36,37],[25,89],[38,65],[10,75],[55,85],[-25,27],[-15,50],[-58,55],[-46,80],[-56,30],[15,118],[-23,26],[-51,18],[-6,44],[10,47],[-9,67],[-26,0],[-117,30],[-24,18],[-18,45],[-116,40],[-37,62],[-63,35],[-142,18],[-40,42],[-10,116],[-17,20],[-90,18],[-30,57],[-5,72],[-16,29],[-69,46],[-81,18],[-90,-8],[-68,36],[-60,71],[-8,67],[-45,146],[-19,41],[-79,86],[-55,43],[-67,68],[-23,75],[-3,80],[-145,40],[-18,17],[-43,6],[-198,-50],[-73,-31],[-161,-3],[-68,8],[-52,-14],[-83,-38],[-74,-7],[-77,36],[-42,-4],[-33,-46],[-96,-20],[-80,-48],[-119,-58],[-47,-16],[-202,-51],[-97,-39],[-160,-132],[-56,-4],[-135,19],[-156,-13],[-300,67],[-110,11],[-70,-4],[-47,12],[-57,36],[-82,129],[-15,62],[-35,50],[-130,159],[-75,97],[-39,77],[-113,109],[-30,51],[17,138],[-11,41],[-41,59],[-27,63],[-206,197],[-16,28],[-71,73],[-71,26],[-20,18]],[[12039,95846],[84,18],[59,55],[53,66],[10,104],[20,24],[80,55],[85,48],[57,88],[44,51],[86,135],[61,72],[74,119],[-23,91],[64,29],[56,55],[12,91],[-58,227],[-3,62],[-28,74],[-18,100],[-88,156],[-12,57],[57,83],[24,46],[91,115],[45,110],[48,68],[20,60],[44,43],[47,13],[39,-8],[46,56],[31,21],[-8,106],[-13,45],[8,85],[34,75],[-3,45],[-59,196],[-49,85],[-26,155],[8,97],[35,51],[66,49],[94,89],[76,103],[24,50],[96,162],[12,89],[45,96],[26,117],[69,121],[-2,76],[31,93],[102,144],[52,104],[-5,101],[-23,114],[97,39],[60,16],[101,39],[64,81],[28,64],[28,33],[146,83],[65,75],[-4,40],[-86,156],[-87,119],[2,68],[49,109],[13,194],[-2,119],[-14,105],[16,72],[41,50],[10,94],[-9,110],[18,118],[26,57],[-14,72],[9,86],[44,108],[45,60],[-22,92],[3,28],[-40,138],[22,84],[2,70],[-33,95],[-42,28],[-12,39],[8,53],[-17,108],[40,122],[-16,42],[-48,41],[-54,72],[-46,15],[-35,49],[-6,34],[32,119],[41,91],[-10,60],[-51,57],[-6,35],[9,65],[-27,33],[-60,24],[-19,47],[39,103],[29,117],[0,65],[-13,55],[13,102],[52,64],[122,114],[43,55],[45,90],[24,107],[-1,33],[-58,-27],[-67,-3],[-20,13],[-52,100],[-57,55],[-55,22],[-156,99],[-116,54],[2,95],[-11,63],[-89,86],[-96,41],[-47,35],[-42,66],[-19,47],[-68,79],[-1,105],[-6,60],[-19,62],[-25,35],[-59,24],[-13,40],[15,47],[10,91],[-15,82],[-8,111],[-12,22],[-73,28],[25,90],[-5,92],[49,128],[53,86],[4,64],[-18,171],[-24,61],[-63,49],[-50,20],[-46,38],[-35,63],[-39,44],[-64,56],[-93,41],[-110,-8],[-111,-16],[-65,10],[-98,-24],[-70,40],[-69,0],[-195,-43],[-90,-43],[-54,-50],[-56,0],[-21,36],[-4,76],[-47,143],[-24,152],[-67,46],[-18,29],[-19,80],[-15,102],[-24,23],[-105,12],[-25,22],[-24,152],[-31,38],[5,57],[-7,80],[-13,33],[-83,50],[-40,194],[35,85],[42,56],[-2,25],[-41,50],[-92,16],[-36,51],[-44,41],[-11,61],[-48,30],[-172,36],[-21,106],[7,82],[31,128],[34,50],[-6,41],[-63,56],[-47,63],[-64,130],[-89,30],[-111,72],[-27,35],[-65,33],[-73,13],[-68,3],[-102,-15],[-42,3],[-10,17],[-2,94],[-14,79],[75,49],[157,78],[146,78],[58,42],[55,72],[16,66],[204,26],[86,-18],[123,-18],[99,7],[121,31],[200,93],[108,42],[136,44],[172,79],[166,71],[66,68],[30,3],[87,58],[81,92],[104,90],[158,90],[134,179],[46,75],[18,66],[1,162],[52,206],[15,213],[11,38],[-13,71],[-42,76],[-36,98],[-49,109],[-1,40],[57,58],[75,112],[72,62],[61,73],[45,8],[125,4],[63,23],[74,72],[72,84],[42,35],[98,50],[99,78],[31,40],[39,84],[12,61],[-14,57],[-37,89],[106,144],[48,97],[18,72],[77,222],[21,119],[18,60],[149,183],[78,118],[37,7],[103,-7],[145,-24],[84,110],[83,61],[41,44],[148,214],[52,67],[115,87],[148,102],[96,50],[17,112],[18,30],[158,161],[-4,65],[50,81],[46,112],[57,50],[39,138],[77,105],[83,90],[82,68],[167,166],[102,22],[60,21],[24,38],[8,46],[21,14],[72,-9],[60,27],[18,49],[-64,72],[-26,78],[27,56],[0,38],[-33,164],[28,79],[-22,74],[-63,90],[-60,103],[-53,40],[-40,5],[-50,25],[-31,40],[-15,44],[-18,115],[-36,26],[-63,128],[-42,130],[-46,36],[-58,31],[-60,6],[-58,-31],[-44,-39],[-25,7],[-282,179],[-125,32],[-76,4],[-51,28],[-148,162],[-78,72],[-52,83],[-103,-48],[-62,-7],[-57,6],[-82,19],[-36,37],[-43,124],[-13,72],[-78,263],[-43,69],[-101,72],[-162,94],[-79,36],[-38,1],[-126,-60],[-38,-11],[-68,1],[-25,42],[-93,93],[-69,76],[-46,32],[-44,17],[-57,5],[-67,-15],[-76,-48],[-46,-41],[-32,-73],[-34,-22],[-96,-36],[-137,-28],[-21,-16],[-39,-67],[-74,-15],[-51,18],[-122,116],[-68,38],[-124,4],[-41,19],[-28,55],[-13,129],[-30,60],[-50,48],[-82,19],[-27,19],[-83,93],[-46,42],[-50,29],[-138,39],[-72,7],[-85,46],[-164,116],[-74,22],[-112,5],[-10,15],[28,152],[34,82],[75,94],[-2,14],[-68,9],[-204,88],[-92,54],[-44,52],[-18,57],[-16,267],[13,51],[64,57],[44,68],[18,59],[42,52],[50,44],[25,41],[11,67],[-17,107],[5,46],[-14,49],[5,109],[30,85],[7,77],[-12,111],[-75,143],[-27,70],[98,86],[37,60],[26,64],[57,266],[82,159],[54,135],[-8,116],[-33,84],[-1,114],[-9,44],[-37,44],[-101,81],[-78,129],[-80,61],[-85,87],[-13,60],[158,116],[139,123],[17,40],[-20,38],[-87,44],[-86,53],[-45,17],[-55,-3],[-67,14],[-32,53],[27,98],[-6,65],[-40,68],[-9,50],[-5,109],[9,162],[-9,64],[-34,110],[1,55],[73,57],[28,47],[53,43],[17,115],[28,136],[16,24],[56,6],[62,28],[4,106],[36,45],[62,39],[61,65],[135,30],[138,-21],[32,9],[61,44],[124,147],[143,138],[81,55],[3,73],[65,227],[37,62],[54,5],[70,65],[24,5],[67,-34],[105,-37],[78,-38],[349,-141],[96,-22],[298,-19],[232,1],[142,29],[31,15],[12,30],[-22,54],[2,61],[26,114],[49,78],[57,-4],[47,-45],[32,-5],[75,24],[21,30],[70,15],[106,-3],[44,12],[83,58],[20,31],[23,103],[1,108],[17,38],[102,47],[65,10],[36,-10],[90,-96],[91,-30],[11,-24],[18,-189],[14,-36],[49,-71],[67,-16],[79,23],[109,21],[24,-16],[34,-59],[73,-60],[38,-117],[49,-94],[-14,-75],[-71,-116],[-102,-96],[-59,-135],[28,-47],[46,-6],[86,-27],[136,-4],[118,80],[44,21],[96,-19],[59,-24],[55,-46],[50,-20],[122,-26],[78,-48],[106,-57],[35,-31],[11,-33],[-22,-57],[-57,-41],[-65,-73],[7,-29],[63,-26],[96,-88],[17,-82],[37,-39],[96,-63],[56,-62],[43,-30],[96,-31],[84,-44],[238,-143],[51,0],[48,30],[77,73],[82,34],[27,31],[34,153],[55,107],[51,55],[45,25],[55,-5],[146,48],[91,44],[73,11],[48,21],[80,0],[167,23],[44,-7],[110,-51],[74,-13],[101,6],[53,17],[63,36],[126,134],[65,49],[163,45],[185,87]],[[66151,127047],[-37,97],[-27,28],[-58,18],[-64,41],[-32,8],[-53,-22],[-68,-55],[-38,-13],[-76,-2],[-78,10],[-106,-1],[-75,-9],[-46,42],[-157,216],[-171,215],[-94,92],[-22,1],[-40,-79],[-6,-28],[-55,-78],[-111,0],[-74,42],[-36,30],[-44,54],[-133,70],[-128,50],[-50,45],[-37,76],[-47,41],[-46,-1],[-146,-55],[-61,-3],[-107,40],[-70,-69],[-63,-6],[-68,31],[-93,56],[-73,57],[39,48],[36,97],[9,72],[40,84],[45,51],[84,69],[95,260],[10,44],[-7,30],[-38,15],[-124,17],[-296,36],[-120,19],[-21,187],[-26,133],[6,50],[31,88],[8,63],[-40,55],[-92,30],[-54,45],[-23,48],[-20,136],[13,71],[51,36],[65,-18],[91,-5],[50,6],[37,30],[61,72],[20,42],[-17,59],[-66,26],[-38,58],[6,93],[113,176],[17,46],[-5,63],[13,91],[32,144],[76,132],[56,64],[-99,-20],[-89,54],[-115,26],[-41,27],[-57,89],[-60,72],[-100,94],[-28,49],[-19,67],[9,70],[23,81],[-10,43],[-49,77],[-67,13],[-53,36],[-66,72],[-114,157],[-33,17],[-94,9],[-72,20],[-69,54],[-92,38],[-62,69],[-47,80],[-72,73],[-22,90],[-22,44],[-190,136],[-47,51],[-34,64],[-48,61],[13,11],[166,96],[21,43],[5,51],[-41,87],[1,30],[63,98],[5,47],[-66,73],[-16,46],[-91,29],[-19,16],[-61,86],[-21,13],[-83,13],[-81,48],[-32,39],[-36,92],[-102,98],[-19,43],[-2,50],[-39,61],[-43,98],[-18,96],[-27,30],[-43,24],[-144,-17],[-37,19],[-27,82],[-7,98],[5,81],[57,100],[64,96],[28,86],[-8,71],[11,75],[42,61],[36,30],[30,61],[96,56],[52,47],[18,54],[52,95],[40,102],[-31,66],[-29,37],[-45,112],[-38,57],[-10,63],[45,143],[34,51],[92,70],[14,104],[42,47],[47,34],[1,23],[-39,46],[-26,71],[-45,56],[-24,66],[0,80],[-28,56],[-51,50],[-6,65],[-36,92],[-20,81],[-23,135],[-42,160],[-27,33],[-56,31],[-86,27],[-76,11],[-104,-27],[-319,23],[-388,43],[-236,33],[-72,28],[-152,69],[-80,-139],[-57,-6],[-102,37],[-100,47],[-44,5],[-47,-12],[-84,-66],[-86,32],[-74,15],[-60,-14],[-67,-40],[-59,-10],[-89,17],[-89,39],[-111,33],[-87,1],[-63,24],[-154,15],[-96,0],[-72,22],[-50,1],[-85,-13],[-34,20],[8,29],[2,91],[25,70],[-13,64],[-47,36],[-25,37],[-39,116],[-26,27],[-74,12],[-128,-24],[-93,-43],[-47,-2],[-57,83],[-10,44],[-1,68],[-54,41],[-31,43],[-61,2],[-97,45],[-80,56],[-79,45],[-23,34],[-14,134],[-27,32],[-144,3],[-61,18],[-84,55],[-79,23],[-59,41],[-68,6],[-27,16],[-31,56],[0,84],[-14,1],[-92,-44],[-55,-2],[-85,59],[-93,-30],[-25,3],[-43,77],[-33,11],[-25,-12],[-51,5],[-28,19],[-46,79],[-13,91],[-36,79],[-50,45],[-109,23],[-80,7],[-144,-9],[-61,34],[-12,29],[-10,88],[-36,61],[-23,104],[2,71],[33,85],[-13,43],[-67,49],[-25,36],[-14,105],[-59,47],[-52,68],[-18,88],[3,205],[-16,35],[13,31],[62,29],[71,54],[103,93],[98,111],[19,79],[-28,63],[-66,108],[-11,37],[-9,116],[-84,57],[-13,62],[18,43],[28,28],[94,39],[3,45],[-21,153],[-21,45],[-19,101],[-13,22],[-104,104],[-38,82],[-27,80],[-25,44],[-95,61],[-32,41],[-81,124],[-44,27],[-93,-6],[-66,13],[-107,70],[-94,125],[-31,71],[27,91],[-9,82],[4,114],[9,36],[82,95],[91,44],[99,81],[-1,32],[-28,37],[-108,11],[-60,51],[-23,61],[-63,135],[-16,92],[-124,60],[-68,56],[-56,29],[-144,54],[-118,73],[-47,105],[-60,72],[-94,50]],[[53703,143826],[200,108],[77,38],[148,89],[111,91],[91,42],[40,25],[35,53],[30,11],[19,53],[156,385],[67,47],[9,32],[-10,112],[-30,77],[-77,140],[-47,51],[-74,41],[-120,41],[-60,45],[-67,85],[-27,55],[-10,113],[-102,62],[-20,27],[-20,78],[-25,13],[-57,-29],[-35,52],[-1,61],[-32,33],[-7,39],[68,82],[-27,42],[-7,44],[-28,35],[4,53],[-10,95],[23,62],[-4,26],[-47,54],[-15,40],[29,28],[87,35],[2,144],[-20,95],[3,115],[-10,176],[6,13],[110,45],[31,-2],[94,19],[43,0],[168,-26],[69,-23],[78,-8],[61,10],[22,-65],[74,-96],[8,-33],[-23,-110],[28,-40],[174,-69],[67,-37],[35,-8],[29,-29],[60,-26],[57,12],[104,61],[30,11],[46,-44],[83,-109],[27,-25],[47,-15],[75,1],[50,-9],[80,-92],[40,-30],[78,-77],[54,-40],[31,-6],[124,151],[77,62],[66,41],[66,65],[167,4],[50,11],[140,105],[55,63],[39,57],[19,-3],[56,-71],[54,-43],[43,-5],[44,13],[75,-10],[99,44],[61,67],[67,50],[81,76],[57,75],[121,71],[25,-74],[6,-57],[36,-37],[48,-28],[39,-3],[23,-185],[33,-51],[65,13],[121,-11],[35,44],[46,34],[71,-47],[110,-5],[95,-28],[39,1],[56,46],[48,113],[86,75],[18,99],[26,89],[-2,60],[-64,90],[5,33],[57,38],[43,56],[105,21],[41,-40],[40,-24],[77,-6],[64,-73],[28,-11],[97,11],[76,60],[127,73],[71,23],[83,80],[42,59],[89,33],[158,77],[75,51],[47,56],[174,40],[54,-3],[46,33],[63,28],[45,37],[53,77],[29,27],[63,35],[16,20],[46,156],[9,46],[3,124],[-16,17],[-144,102],[-90,71],[-78,48],[-62,26],[-91,86],[-106,28],[-81,-16],[-30,29],[-107,175],[-46,30],[-74,64],[-125,28],[-29,13],[29,112],[35,76],[-19,58],[-2,63],[-42,64],[5,83],[-34,24],[-50,64],[-68,74],[-86,110],[-66,120],[-33,25],[-66,28],[-3,70],[13,53],[47,55],[-43,95],[-62,89],[-14,35],[-54,48],[-30,49],[0,57],[-12,42],[-17,7],[-92,-30],[-48,27],[-81,102],[-20,13],[-89,-11],[-17,6],[-40,52],[-16,47],[6,66],[-63,115],[-5,82],[69,95],[-32,76],[28,73],[-11,42],[-51,75],[-16,41],[41,64],[15,69],[-4,50],[-25,112],[14,111],[-11,71],[5,42],[30,58],[-8,55],[-35,58],[-97,77],[-23,108],[-32,80],[-86,111],[-32,130],[-9,107],[7,68],[-75,119],[-2,31],[29,70],[42,61],[23,91],[17,39],[67,83],[8,25],[19,197],[0,60],[51,139],[105,150],[54,95],[18,103],[44,59],[-8,33],[-54,84],[-14,50],[9,80],[31,73],[54,44],[119,32],[37,24],[17,37],[9,57],[-9,92],[11,26],[103,120],[40,19],[-176,163],[-92,31],[-106,6],[-63,-25],[-60,-50],[-126,-39],[-62,-39],[-118,-115],[-89,-115],[-33,-17],[-53,15],[-36,46],[-38,20],[-123,12],[-18,12],[19,91],[82,62],[-8,58],[-69,41],[-87,118],[-6,26],[13,61],[-52,57],[-46,65],[-82,44],[-13,68],[7,48],[62,71],[41,100],[45,68],[49,43],[16,41],[7,87],[19,35],[67,2],[43,21],[67,6],[104,-28],[34,38],[-7,53],[11,81],[111,54],[73,81],[43,140],[62,51],[129,52],[39,46],[98,63],[101,36],[73,6],[120,85],[116,-62],[94,-98],[92,-37],[55,-3],[141,-25],[42,-2],[98,14],[70,1],[161,-73],[32,70],[75,64],[37,78],[20,24],[43,20],[142,82],[29,28],[36,62],[15,121],[17,46],[80,99],[71,71],[27,68],[121,82],[55,12],[55,24],[191,-39],[62,-28],[90,-52],[45,-13],[127,-14],[101,-28],[28,0],[53,33],[0,76],[10,12],[73,-8],[85,-33],[42,-8],[89,32],[55,53],[43,-3],[90,-42],[37,-5],[48,30],[8,66],[17,30],[24,3],[60,-21],[133,10],[26,16],[32,74],[75,53],[56,-4],[77,-54],[72,-98],[25,0],[78,36],[78,17],[83,0],[70,39],[85,1],[97,-52],[72,-30],[115,-33],[45,-20],[67,-77]],[[63022,157271],[-14,-63],[-31,-57],[-43,-36],[-41,-109],[-17,-101],[-17,-29],[-79,-49],[-24,-36],[-52,-34],[-25,-1],[-96,23],[-46,-65],[-30,-86],[-33,-55],[-82,-44],[-23,-61],[-18,-22],[-65,-35],[-13,-126],[-28,-69],[-2,-39],[-23,-67],[1,-32],[-55,-57],[-8,-50],[-23,-63],[-57,-33],[-44,-51],[-41,-101],[-28,-119],[4,-50],[49,-63],[57,-87],[52,-27],[87,4],[24,-7],[45,-48],[71,-17],[18,-41],[-3,-29],[42,-34],[50,-15],[98,23],[84,42],[63,-26],[100,-109],[12,-80],[56,-71],[46,-24],[66,8],[46,-54],[18,-52],[92,-21],[102,-34],[54,-30],[59,-97],[67,-54],[75,-4],[65,-26],[-17,-91],[8,-51],[70,-112],[9,-52],[-9,-41],[15,-23],[126,14],[40,-33],[26,-70],[44,-45],[26,-68],[-21,-64],[23,-108],[42,-54],[20,-54],[35,-38],[-28,-85],[-4,-48],[18,-101],[92,4],[106,-54],[59,5],[5,-49],[-50,-90],[-25,-78],[3,-34],[23,-34],[-9,-57],[-32,-46],[-9,-111],[24,-137],[10,-99],[33,-43],[67,-5],[17,-19],[25,-117],[-15,-43],[13,-37],[88,-13],[83,-116],[30,-7],[67,48],[121,71],[78,21],[127,-22],[110,51],[25,-4],[118,-96],[72,-39],[31,34],[61,47],[66,94],[22,17],[107,23],[9,-11],[-14,-62],[32,-75],[17,-102],[-6,-67],[41,-66],[6,-82],[41,-35],[162,-12],[110,14],[105,-6],[60,12],[107,39],[43,22],[23,-27],[127,1],[62,-47],[49,-119],[18,-14],[74,-4],[73,5],[67,25],[42,28],[53,55],[63,52],[98,55],[51,36],[67,80],[120,58],[53,8],[81,45],[85,28],[74,73],[30,49],[7,49],[5,179],[8,57],[57,42],[58,-46],[1,78],[13,29],[64,65],[116,2],[46,16],[45,34],[92,52],[36,43],[53,93],[34,35],[55,114],[52,15],[36,38],[36,20],[146,37]],[[74476,145550],[-13,-98],[12,-63],[-14,-108],[-18,-60],[-32,-44],[-128,-115],[-81,-89],[-90,-57],[-28,-51],[15,-127],[83,-114],[15,-52],[48,-282],[47,-135],[121,-198],[24,-67],[39,-22],[74,-18],[21,4],[100,-28],[51,-6],[61,-25],[159,-32],[23,-17],[32,-90],[47,-75],[46,-23],[44,-44],[56,-20],[28,-46],[49,-22],[84,-91],[54,-36],[58,-24],[130,-77],[51,-63],[67,-171],[75,-47],[21,-23],[39,-97],[54,-294],[-77,-150],[-6,-91],[17,-150],[34,-161],[27,-49],[83,-82],[33,-52],[13,-78],[63,-60],[34,-45],[7,-142],[13,-50],[49,-23],[120,-113],[76,-91],[67,-99],[49,-132],[69,-88],[232,-117],[99,-36],[63,-49],[34,-79],[17,-20],[77,-52],[21,-27],[45,-91],[145,-192],[93,-145],[42,-59],[17,-50],[39,-198],[59,-99],[-2,-49],[75,-152],[75,-95],[68,-123],[-28,-94],[-4,-58],[12,-106],[50,-102],[140,-96],[18,-32],[71,-45],[76,-36],[10,-90],[-5,-140],[78,-88],[59,-131],[30,-7],[111,2],[50,-112],[45,-78],[9,-79],[-91,-141],[-5,-60],[72,-93],[63,-106],[31,-75],[1,-62],[14,-57],[91,-72],[20,-54],[21,-22],[64,-20],[20,-19],[14,-88],[24,-97],[-4,-75],[24,-50],[73,-95],[-7,-54],[-36,-33],[-65,-88],[4,-64],[59,-130],[14,-111],[2,-97],[52,-138],[-1,-41],[-23,-73],[114,-72],[70,-11],[122,-75],[27,-33],[28,-103],[-26,-54],[46,-98],[-1,-44],[-106,-102],[-145,-29],[-33,-14],[-137,-99],[-53,-70],[-55,-142],[-4,-115],[-11,-114],[-111,-109],[-26,-49],[-15,-56],[10,-51],[69,-168],[5,-60],[-20,-138],[-27,-72],[-9,-184],[-15,-100],[-30,-78],[-46,-43],[-65,-42],[-79,-18],[-65,-47],[-36,-46],[-41,-112],[30,-64],[-55,-70],[-70,-12],[-96,21],[-59,-26],[-99,-93],[-89,-74],[-83,-14],[-24,-22],[-19,-45],[-38,-46],[-81,-46],[-78,-23],[-54,-77],[-44,-36],[-96,-23],[-63,-57],[-5,-32],[-50,-89],[-48,-53],[-82,-18],[-107,-39],[-155,-75],[-44,-17],[48,-109],[18,-118],[-11,-112],[-46,-65],[-21,-84],[-25,-67],[38,-75],[59,-34],[90,-82],[23,-38],[-15,-112],[15,-22],[-7,-74],[17,-29],[-8,-82],[66,-158],[26,-35],[128,-137],[-31,-149],[-93,-201],[-66,-54],[-94,-110],[-20,-33],[-18,-90],[-69,-77],[-21,-7],[-69,-81],[-25,-13],[-94,-23],[-118,-74],[-47,-52],[-17,-104],[-120,-133],[-107,-174],[-51,-42],[-134,-25],[-61,55],[-31,63],[-15,6],[-155,3],[-50,7],[-107,52],[-89,107],[-26,5],[-104,-43],[-82,51],[-102,32],[-58,40],[-87,3],[-55,18],[-40,40],[-34,51],[-39,126],[-31,-4],[-117,-48],[-90,-24],[-24,9],[-98,-11],[-59,5],[-64,47],[-32,12],[-43,-24],[-58,18],[-33,49],[-12,59],[-30,28],[-92,51],[-66,69],[-37,-2],[-104,-36],[-198,-23],[-79,0],[-52,-16],[-64,1],[-56,33],[-76,28],[-39,5],[-45,-11],[-79,42],[-34,5],[-122,-42],[-33,-31],[-53,-10],[-146,-190],[-55,-105],[-34,-46],[-59,-48],[-43,-14],[-178,-41],[-65,-64],[-89,-55],[-59,-48],[-34,-71],[-72,-77],[-28,-10],[-50,8],[-70,50],[-85,97],[-82,53],[-99,37],[-89,-13],[-50,-35],[-88,-28],[-125,2],[-157,12],[-138,-19],[-47,-31],[-78,-32],[-94,-108],[-103,-147],[-37,-41],[-94,-63],[-62,-60],[-45,-124],[-37,-141],[-22,-59],[-57,-62],[-108,-93],[8,-43],[52,-72],[1,-22],[-58,-98],[-15,-43],[-12,-163],[57,-25],[93,-5],[153,-22],[92,5],[5,-17],[-54,-59],[-38,-81],[-8,-58],[6,-60],[120,-230],[36,-89],[10,-51],[-8,-70],[10,-74],[-5,-28],[-71,-69],[-90,-56],[-120,-55]],[[42829,149375],[51,-11],[81,-43],[117,-75],[54,-24],[135,-18],[160,-73],[182,-128],[160,-155],[100,-62],[61,-65],[32,-48],[80,-68],[139,-201],[122,-121],[106,-126],[44,-66],[52,-104],[-8,-41],[63,-92],[83,-82],[52,-38],[43,-1],[59,23],[61,-19],[66,-70],[55,-109],[107,-153],[-1,-54],[79,-72],[54,-59],[111,-47],[72,-55],[40,-11],[80,-4],[57,-21],[27,-66],[50,35],[38,9],[157,-34],[205,-70],[75,-18],[180,-13],[141,-46],[187,48],[75,25],[119,25],[137,-24],[101,12],[88,2],[121,-28],[58,-29],[111,9],[65,-4],[127,-19],[133,14],[76,-55],[92,-57],[49,10],[75,0],[37,32],[53,21],[41,1],[75,-33],[35,-3],[124,151],[-72,57],[319,-22],[71,23],[15,-72],[101,-87],[69,-86],[93,-104],[70,-62],[86,-90],[38,20],[111,-112],[51,-42],[68,-5],[120,-19],[184,65],[74,-26],[56,-9],[65,10],[52,-31],[34,-54],[17,-53],[59,-132],[10,-186],[26,-37],[56,-24],[119,-23],[1,-49],[-40,-117],[-9,-137],[-13,-112],[183,-135],[47,-46],[82,-63],[55,-129],[17,-20],[68,-41],[58,-9],[57,12],[48,-7],[231,74],[233,87],[85,24],[53,26],[81,22],[91,9],[86,-68],[139,-56],[146,-32],[68,-29],[60,-9],[104,26],[137,-4],[80,6],[91,-11],[166,-40],[125,-36],[35,-20],[44,-90],[64,-98],[94,-160],[76,-83],[81,-53],[42,-50],[34,-65],[83,-123],[88,-146],[58,-85],[78,-128],[74,-85]],[[34636,95333],[35,-22],[60,6],[65,-11],[77,-37],[40,0],[50,28],[56,80],[51,86],[23,64],[54,116],[33,49],[43,37],[27,69],[19,18],[94,-17],[63,22],[78,14],[13,-29],[53,-69],[13,-52],[57,-71],[34,-106],[21,-45],[22,-11],[51,12],[31,-18],[41,-62],[19,-77],[30,-36],[267,-127],[51,-54],[22,-73],[61,-19],[107,5],[136,-8],[53,3],[70,33],[98,88],[48,29],[34,38],[16,61],[42,40],[41,80],[34,-10],[7,-30],[-10,-107],[-72,-57],[-9,-17],[3,-107],[18,-41],[37,-39],[134,-25],[79,3],[117,29],[10,-38],[-36,-170],[-48,-94],[-7,-38],[12,-49],[-33,-89],[4,-64],[136,-139],[53,-70],[57,-105],[86,-103],[55,-107],[89,-114],[-10,-140],[15,-96],[14,-33],[-151,-32],[30,-89],[81,-28],[27,-45],[70,1],[51,-12],[72,-46],[39,-44],[31,18],[22,-15],[292,2],[35,21],[84,-1],[357,4],[-2,-108],[96,-24],[1,56],[46,-10],[4,85],[101,-2],[91,63],[14,93],[-8,82],[214,318],[23,44],[10,54],[-29,227],[36,16],[123,-23],[146,-41],[182,38],[199,-126],[-6,-105],[4,-148],[70,0],[12,-229],[-252,-89],[-35,-16],[-23,-49],[36,-11],[3,-87],[87,18],[100,1],[14,-128],[206,11],[5,-129],[219,9],[-1,34],[80,5],[5,-33],[226,7],[-26,-167],[123,-7],[7,-132],[-101,-39],[-83,-15],[-33,-87],[-174,-12],[-7,-105],[2,-131],[-130,-11],[9,-124],[-48,-24],[-88,28],[-5,-24],[104,-27],[131,76],[54,58],[31,9],[69,63],[166,64],[65,32],[17,40],[22,-16],[6,-37],[263,-22],[12,-28],[71,33],[110,10],[49,23],[37,42],[45,22],[51,74],[76,38],[114,50],[22,-14],[67,0],[7,54],[14,5],[-23,104],[175,44],[-5,57],[-83,-3],[-6,-15],[-56,-1],[2,47],[-252,-25],[-10,-27],[-107,5],[-100,-94],[-67,0],[-79,-61],[-42,62],[-62,-21],[-124,3],[-8,131],[-61,-40],[-57,93],[-55,-2],[17,142],[55,-12],[89,8],[1,-42],[112,4],[151,-45],[94,5],[-6,16],[105,10],[31,22],[6,67],[109,16],[-11,114],[27,2],[0,104],[51,-12],[125,8],[-15,237],[21,-27],[25,11],[165,-49],[194,-51],[32,101],[63,93],[15,47],[34,-5],[-9,131],[20,-12],[133,-129],[37,-12],[48,21],[21,-12],[54,-113],[83,-86],[55,-35],[42,-8],[142,-5],[85,-38],[153,-84],[437,-247],[-23,189],[13,25],[81,52],[58,52],[-213,331],[171,80],[43,1],[41,-18],[23,-38],[-5,-164],[-18,-61],[50,-82],[56,-133],[15,-65],[6,-123],[11,-77],[257,7],[-1,206],[102,0],[-4,190],[204,46],[173,0],[34,7],[319,242],[247,135],[98,65],[245,137],[71,31],[159,133],[118,76],[92,67],[39,47],[35,76],[16,71],[9,116],[-38,153],[0,68],[19,63],[37,84],[6,64]],[[13102,48266],[-21,96],[44,73],[5,59],[-79,131],[-62,123],[-49,71],[-160,104],[-75,84],[-49,34],[-62,73],[-120,209],[-129,97],[-45,71],[-51,26],[-34,46],[-104,9],[-76,-10],[-161,-60],[-148,-19],[-81,-46],[-80,-29],[-53,-6],[-48,9],[-70,41],[-43,81],[-77,63],[-33,10],[-93,66],[-98,39],[-36,4],[-57,31],[-57,43],[-45,-11],[-45,11],[-34,73],[-58,91],[-18,50],[-66,99],[-141,-10],[-164,-42],[-110,-11],[-60,-18],[-106,-61],[-44,-12],[-41,15],[-31,64],[-49,45],[-51,83],[-34,32],[-58,19],[-47,35],[-148,126],[-50,31],[-41,39],[-17,59],[34,84],[80,28],[39,91],[21,76],[9,124],[-29,130],[9,30],[83,134],[5,30],[-24,106],[-27,44],[-26,191],[-7,80],[-26,33],[-49,36],[-20,53],[-11,72],[-59,86],[-80,51],[-25,68],[-36,60],[4,68],[39,45],[29,63],[27,34],[69,42],[32,38],[39,74],[25,83],[10,61],[-1,137],[27,46],[58,13],[88,-7],[28,7],[49,37],[14,25],[12,129],[12,54],[-12,110],[46,128],[37,27],[123,-14],[63,1],[93,-22],[59,0],[90,32],[131,0],[45,13],[66,35],[64,19],[98,9],[34,16],[80,58],[136,55],[90,-4],[45,13],[115,114],[121,48],[7,25],[-5,102],[-47,169],[-69,107],[-9,28],[15,240],[14,61],[-9,39],[-33,62],[37,38],[23,62],[34,130],[94,112],[38,100],[-2,30],[-43,26],[-53,12],[-220,30],[-312,105],[-104,56],[-83,82],[-26,11],[-86,11],[-46,19],[-45,76],[-26,144],[-19,59],[-44,64],[-74,83],[-186,132],[-53,65],[-53,100],[-20,56],[-52,51],[-39,115],[-45,103],[-7,81],[-36,91],[-23,2],[-40,-47],[-69,-40],[-55,-57],[-62,6],[-24,32],[-60,115],[-12,63],[-45,42],[-30,8],[-81,-11],[-31,18],[-100,126],[-201,-50],[-104,17],[-79,65],[-44,88],[-21,71],[-34,50],[-128,53],[-52,38],[-34,41],[-5,102],[-153,201],[-20,58],[19,168],[-112,5],[-105,-24],[-114,19],[-75,-103],[-57,-43],[-93,51],[-44,-24],[-47,1],[-67,65],[-172,81],[-49,11],[-103,74],[-67,79],[-17,57],[-60,101],[-54,48],[-20,43],[-21,3],[-91,-49],[-84,9],[-97,0],[-21,29],[-2,44],[-18,13],[-110,44],[-42,45],[-78,38],[-43,53],[-121,62],[-12,23],[12,68],[-13,15],[-133,-16],[-65,3],[-100,39],[-47,97],[-56,89],[-37,9],[-109,-32],[-134,-2],[-70,26],[-91,48],[-14,41],[61,139],[-36,83],[-11,51],[6,76],[21,75],[-69,45],[-44,41],[-7,34],[11,54],[42,97],[25,100],[-1,81],[-56,116],[2,39],[57,98],[4,85],[-7,35],[13,57],[-5,43],[-40,53],[-4,106],[27,50],[-37,74],[-10,161],[-23,44],[-23,12],[0,42],[48,31],[33,70],[60,17],[39,50],[0,233],[22,83],[-22,120],[-104,142],[-59,-17],[-55,-50],[-43,-9],[-23,65],[-52,21],[-116,-3],[-102,9],[-37,-13],[-67,-82],[-51,60],[-83,45],[-34,1],[-27,21],[-19,45],[-4,69],[-20,46],[-58,58],[-158,121],[-40,52],[-26,85],[-27,54],[-47,18],[-98,-145],[-23,-46],[-78,-31],[-69,31],[-41,4],[-93,-51],[-49,-2],[-50,16],[-65,34],[-94,3],[-185,-70],[-18,6],[-19,116],[-7,116],[-33,155],[38,151],[51,52],[-14,35],[12,28],[68,54],[41,91],[85,108],[23,127],[31,95],[32,71],[-43,60],[-20,77],[-109,143],[-102,46],[-95,27],[-19,21],[-6,75],[12,159],[54,74],[71,148],[16,69],[-8,83],[-20,80],[117,70],[55,52],[68,46],[54,56],[20,105],[37,98],[-37,73],[0,93],[89,141],[14,135],[-33,102],[56,5],[93,38],[146,-19],[120,-5],[65,14],[68,44],[45,39],[46,11],[116,9],[142,27],[17,26],[-74,285],[-17,172],[-26,43],[-105,21],[-63,157],[-28,97],[8,67],[25,77],[-9,60],[-82,144],[-47,23],[-69,-2],[-10,49],[35,202],[-6,29],[-52,85],[-16,12],[-47,-9],[-46,26],[-52,-12],[-42,-27],[-56,-2],[-97,44],[-109,101],[-63,38],[-62,24],[-47,7],[-76,-33],[-68,-53],[-111,-14],[-48,27],[-101,101],[-87,94],[-50,76],[-53,19],[-21,22],[-20,74],[6,66],[15,54],[-2,99],[-47,68],[8,49],[45,47],[61,27],[17,20],[16,93],[67,89],[8,142],[18,44],[74,121],[41,42],[74,153],[-34,72],[-33,10],[-56,-18],[-87,20],[-76,42],[-99,9],[-80,73],[-28,13],[-81,85],[-66,78],[-129,21],[-109,34],[-14,29],[-46,203],[-38,40],[-84,39],[-45,32],[-11,37],[-67,99],[-58,8],[-45,-14],[-21,12],[-56,90],[-27,128],[-76,3],[0,59],[20,91],[14,160],[31,41],[55,28],[42,82],[46,70],[58,34],[-6,34],[-29,20],[-26,49],[2,129],[24,86],[66,103],[17,95],[-53,78],[-2,41],[33,40],[-2,68],[49,129],[28,45],[-46,16],[-33,60],[-6,105],[-20,19],[-80,29],[-96,96],[-28,36],[-33,69],[-43,44],[-82,3],[-88,-52],[-85,-24],[-94,21],[-51,-1],[-44,-28],[-50,-99],[-52,-27],[-111,-8],[-133,23],[-51,24],[-23,102],[-22,20],[-185,78],[-106,-2],[-44,-12],[-29,11],[-46,41],[-56,81],[-42,14],[-45,42],[-18,54],[-39,52],[-76,51],[-59,11],[-61,33],[-27,32],[-103,85],[-58,35],[-6,47],[26,69],[34,121],[47,111],[20,18],[93,-3],[15,23],[4,83],[51,45],[11,51],[35,103],[1,71],[76,70],[21,55],[-4,30],[-34,74],[16,38],[74,91],[140,90],[59,26],[43,33],[29,54],[67,52],[64,80],[4,20],[-75,95],[-64,41],[-21,30],[-1,40],[24,85],[61,171],[-9,40],[-106,31],[-106,45],[-115,39],[-21,23],[-37,116],[-50,74],[-6,59],[29,114],[6,58],[29,104],[12,106],[43,-42],[49,-30],[53,-20],[198,55],[177,86],[93,56],[61,55],[132,31],[85,66],[67,25],[101,5],[79,-23],[71,-46],[52,-17],[158,2],[61,90],[23,61],[49,70],[29,4],[48,-25],[27,-31],[81,-46],[27,-35],[16,-76],[63,29],[32,30],[49,95],[27,123],[30,71],[25,88],[105,85],[23,55],[-1,37],[43,55],[26,66],[47,79],[16,44],[-48,81],[-5,38],[-32,43],[-12,60],[3,52],[56,76],[2,92],[32,72],[63,84],[10,47],[-14,125],[48,99],[2,157],[-6,74],[-42,119],[-9,137],[-8,56],[-20,50],[-55,62],[-105,244],[-49,99],[-45,65],[-77,74],[-98,52],[-2,74],[-41,49],[-14,32],[-50,60],[-108,30],[-32,109],[-30,60],[-19,120],[16,69],[87,62],[16,42],[0,99],[27,99],[38,82],[62,66],[93,60],[22,57],[-13,93],[2,37],[34,107],[48,98],[0,86],[49,25],[35,-36],[47,1],[104,119],[51,119],[27,30],[104,44],[43,25],[30,57],[5,41],[48,150],[38,80],[34,40],[28,56],[3,99],[114,30],[95,56],[103,32],[81,8],[160,32],[33,13],[91,63],[54,99],[67,65],[109,75],[53,45],[107,109],[67,-2],[56,19],[85,105],[71,55],[34,36],[30,129],[31,61],[65,39],[67,53],[76,47],[43,15],[112,7],[81,25],[50,45],[31,90],[50,37],[99,9],[50,25],[42,54],[74,63],[43,2],[187,36],[77,-6],[70,-28],[60,13],[104,84],[32,42],[100,80],[-5,35],[-80,105],[-26,46],[-33,94],[-93,39],[-61,67],[-89,70],[-59,10],[-20,33],[2,110],[-9,93],[-49,125],[-54,70],[-58,36],[-36,148],[-39,130],[-28,48],[-33,83],[-97,102],[-76,71],[-5,52],[46,87],[10,110],[-8,170],[-17,119],[9,39],[72,60],[133,121],[90,69],[27,35],[44,98],[43,50],[107,194],[37,8],[57,-17],[47,-33],[115,-40],[53,6],[46,33],[-43,100],[-4,26],[25,63],[-2,84],[7,142],[-25,61],[0,44],[35,110],[33,62],[5,66],[-40,60],[-100,95],[-22,49],[-83,73],[-27,45],[128,7],[48,23],[44,80],[13,45],[0,73],[64,88],[18,80],[-16,98],[15,28],[45,25],[23,26],[50,91],[104,10],[74,37],[93,79],[49,18],[74,57],[38,51],[31,19],[41,-1],[96,-84],[97,-20],[92,7],[87,-9],[42,22],[58,73],[40,86],[-9,70],[-17,51],[17,106],[-8,67],[0,78],[58,323],[11,101],[-14,205],[16,97],[28,71],[42,36],[34,9],[35,37],[23,44],[17,84],[33,92],[-3,35],[-39,153],[-15,96],[-16,26],[-74,150],[-7,27],[27,126],[-4,74],[-29,37],[-15,60],[3,93],[77,67],[4,71],[-35,116],[-30,64],[-105,82],[-64,43],[-55,90],[-44,37],[-91,56],[-176,98],[-49,36],[-147,140],[-147,105],[-8,31],[35,92],[-20,28],[-90,67],[-41,69],[-18,46],[-13,141],[-1,65],[-15,55],[12,78],[59,110],[27,111],[5,57],[32,53],[17,57],[59,301],[62,80],[64,5],[95,-16],[152,-46],[88,-5],[83,-26],[52,-9],[55,10],[53,-10],[51,36],[49,-3],[96,8],[66,23],[62,63],[57,32],[145,57],[56,49],[68,93],[61,28],[46,49],[44,24],[59,11],[45,33],[129,58],[85,48],[57,10],[151,2],[58,23],[17,48],[-5,62],[69,67],[28,79],[23,89],[14,26],[22,117],[4,58],[32,59],[54,24],[62,50],[27,49],[16,60],[67,98],[25,59],[38,49],[32,87],[-2,55],[32,61],[100,114],[13,23],[20,122],[-22,112],[36,76],[80,198],[29,46],[34,32],[189,72],[56,6],[96,-10],[150,4],[59,66],[62,89],[34,34],[108,42],[40,29],[51,13],[92,7],[52,-5],[61,-19],[125,-65],[179,-5],[34,19],[6,28],[-14,131],[-60,125],[-47,65],[-13,58],[3,108],[-43,72],[-8,34],[13,34],[4,158],[7,35],[-7,73],[49,164],[124,136],[63,56],[33,58],[21,159],[-1,34],[24,14],[112,-26],[117,-5],[48,-9],[147,-62],[83,-3],[103,27],[86,4],[155,-15],[146,-66],[90,32]],[[92750,87593],[76,-58],[39,-64],[43,-114],[27,-17],[134,-18],[55,41],[48,3],[63,-42],[87,-35],[64,-69],[76,-26],[79,-8],[81,9],[41,-83],[38,-50],[79,-73],[60,-91],[34,-106],[34,-83],[15,-60],[92,-183],[50,-35],[54,-92],[36,-34],[41,-8],[84,37],[154,21],[153,11],[44,-16],[73,-45],[85,-100],[47,-31],[74,-34],[67,-59],[65,-35],[115,-44],[51,-9],[84,2],[76,-11],[101,-38],[45,-7],[89,-32],[10,-35],[-12,-87],[19,-210],[-24,-78],[1,-36],[35,-73],[79,-114],[39,-41],[78,-111],[74,-85],[30,-88],[3,-61],[22,-74],[28,-33],[139,-4],[46,-24],[34,-32],[93,-65],[58,-21],[122,-65],[72,-31],[106,-98],[191,-147],[107,-77],[29,-27],[42,-76],[14,-82],[-9,-40],[-3,-115],[7,-83],[23,-36],[118,-128],[79,-65],[43,-47],[49,-37],[61,-94],[119,-122],[58,-48],[39,-51],[9,-52],[74,-114],[1,-65],[39,-291],[60,-168],[33,-36],[68,-5],[32,-82],[22,-90],[58,-47],[117,-124],[18,-49],[25,-32],[53,-33],[55,-54],[58,-38],[38,-63],[14,-57],[-52,-64],[-25,-55],[6,-84],[-2,-120],[-16,-146],[-21,-64],[23,-34],[19,-88],[25,-34],[85,-77],[2,-45],[-27,-101],[7,-53],[95,-84],[57,-77],[9,-40],[-6,-75],[10,-33],[57,-37],[70,-92],[89,-59],[37,-73],[140,-38],[86,-49],[112,22],[78,-14],[50,-54],[30,-13],[97,14],[55,15],[93,104],[90,45],[60,-5],[50,-52],[86,-70],[54,-53],[101,-62],[20,-5],[134,4],[56,-8],[59,-77],[86,-65],[69,-36],[41,-13],[58,-50],[4,-95],[11,-73],[-13,-101],[9,-144],[17,-43],[59,-66],[19,-44],[33,-31],[86,-119],[-3,-38],[11,-63],[-1,-91],[10,-43],[56,-36],[70,-59],[30,-14],[127,-35],[76,-66],[61,-38],[21,-30],[113,-111],[46,-132],[66,-99],[73,-143],[30,-133],[45,-67],[64,-31],[63,-52],[65,-72],[58,-44],[12,-24],[107,-97],[123,-93],[6,-42],[47,-86],[3,-56],[29,-46],[81,-92],[32,-20],[19,-50],[-40,-76],[-5,-89],[-42,-74],[-24,-122],[16,-99],[4,-67],[72,-134],[7,-39],[-10,-125],[37,-69],[30,-121],[3,-141],[34,-48],[87,-47],[38,-117],[89,-133],[0,-59],[13,-61],[80,-67],[84,-41],[65,-46],[92,-46],[59,-20],[45,-34],[56,-63],[80,55],[59,-16],[80,-43],[21,-93],[38,-38],[225,-129],[62,26],[132,28],[53,-60],[34,-60],[20,-54],[15,-79],[-2,-52],[83,-68],[68,-12],[-17,-98],[7,-53],[-15,-56],[0,-48],[15,-58],[38,-50],[9,-67],[28,-58],[1,-65],[54,-70],[29,-60],[25,-25],[95,-45],[78,-23],[59,-55],[6,-58],[62,-22],[87,-72],[52,2],[46,-65],[108,-52],[6,-18],[-20,-71],[17,-92],[110,-147],[33,-20],[161,-21],[85,-18],[51,-48],[37,-13],[45,56],[69,25],[93,43],[73,10],[39,29],[61,21],[90,10],[7,38],[25,43],[32,25],[52,7],[67,34],[108,12],[50,-30],[47,-45],[78,-4],[108,23],[45,-13],[95,-49],[122,-37],[51,-27],[73,-22],[84,-3],[64,-14],[46,3],[36,28],[168,31],[65,2],[45,21],[108,9],[63,33],[89,0],[189,209],[50,74],[106,83],[45,8],[103,55],[97,71],[27,37],[24,60],[12,1],[98,-67],[6,-16],[0,-166],[31,-47],[9,-55],[20,-22],[95,-59],[51,-78],[130,8],[102,39],[69,33],[58,45],[67,-2],[90,13],[94,39],[26,-26],[14,-36],[68,-16],[98,-7],[49,-39],[97,-15],[90,-33],[47,-30],[28,-50],[23,-18],[67,-9],[81,-45],[37,-42],[35,3],[57,-16],[42,3],[55,-28],[38,-6],[6,-62],[51,5]],[[110093,73028],[19,-18],[-7,-36],[-54,2],[4,-30],[26,-16],[-11,-23],[-41,-1],[-6,-22],[31,-29],[-70,-15],[31,-19],[10,-26],[-24,-39],[-42,-17],[-113,12],[97,-95],[-21,-39],[-25,-4],[-11,36],[-57,8],[-23,-88],[-46,21],[-24,-48],[36,-32],[-59,12],[-27,-35],[26,2],[-69,-53],[-38,24],[-24,-46],[-39,-22],[-54,1],[0,-54],[-18,-21],[15,-31],[30,28],[79,3],[-62,-47],[46,-49],[-58,-38],[-51,-9],[-25,17],[-30,-32],[-39,5],[-11,-51],[-33,-77],[-55,-19],[-6,-30],[58,-22],[-15,-41],[-56,-78],[-26,-3],[-15,-38],[-28,-1],[26,-38],[-13,-7],[-24,44],[-39,-21],[-78,-23],[5,-14],[-67,-38],[-47,-44],[-55,-85],[-37,-117],[-46,-64],[-9,-67],[9,-66],[33,-85],[5,-32],[86,-244],[62,-47],[50,34],[-8,-25],[38,-10],[-36,-24],[33,-38],[29,15],[-6,-40],[-28,-17],[3,-22],[86,-155],[21,-26],[90,-76],[14,-2],[-23,-47],[-33,-7],[-4,-40],[69,41],[1,51],[43,11],[21,25],[9,56],[40,9],[21,-23],[-3,-34],[26,-78],[33,-62],[94,-110],[-6,-5],[-91,107],[-59,-31],[-25,39],[-76,-40],[25,-50],[1,-28],[-74,-42],[-3,-28],[26,-80],[45,-81],[85,-97],[92,-61],[118,-57],[58,-22],[32,19],[-17,22],[46,82],[-7,4],[73,128],[33,-15],[-27,-25],[-65,-115],[-25,-26],[121,-9],[12,31],[170,51],[18,-12],[30,51],[-2,24],[-30,44],[-88,51],[19,14],[90,-51],[70,11],[55,53],[6,45],[28,29],[48,6],[54,67],[-11,42],[-17,2],[-26,44],[24,62],[59,64],[17,-26],[-4,-37],[30,-14],[20,23],[51,12],[52,-8],[45,8],[36,82],[34,6],[2,-21],[42,-10],[83,37],[86,9],[0,21],[32,48],[35,22],[-13,31],[57,-4],[51,17],[29,47],[47,-79],[35,-31],[98,-18],[-20,-52],[-46,8],[31,-24],[-13,-64],[-12,0],[0,-75],[21,-7],[-14,-34],[47,-26],[9,-32],[36,-33],[4,18],[-27,51],[48,-32],[17,-30],[-13,-38],[30,20],[12,-77],[-21,-48],[24,-18],[-50,-59],[-3,23],[-27,-9],[2,-55],[-20,-72],[-175,27],[-14,-47],[84,-12],[48,-34],[-134,6],[20,-33],[45,-3],[-3,-26],[44,-15],[1,-69],[-27,-57],[-49,-24],[-81,21],[-30,-32],[14,-38],[64,-35],[46,8],[9,-16],[-21,-44],[-40,-22],[-44,-62],[-24,-55],[-25,-23],[22,86],[-72,-73],[-10,23],[-40,-83],[-27,-26],[-76,-24],[-6,19],[-48,-63],[21,-9],[-58,-76],[-53,5],[3,-70],[-76,-75],[-29,-4],[-70,-81],[-13,17],[-26,-53],[-2,38],[-40,-33],[-31,7],[25,-31],[-38,-13],[23,-19],[-14,-40],[-27,4],[18,-76],[39,8],[15,37],[56,-49],[38,-96],[18,12],[24,-79],[9,18],[56,-24],[-33,-88],[-33,-3],[-1,-55],[-13,-52],[-8,-87],[-19,-69],[-47,-46],[-48,-13],[-34,21],[-37,-10],[-6,-55],[-15,-33],[-56,-30],[-3,17],[-85,-57],[-44,-9],[12,-21],[-73,-28],[-8,-36],[-28,-28],[-83,-25],[-27,55],[-13,-59],[-49,-26],[-11,25],[-17,-28],[-60,-49],[-34,-50],[-75,-39],[-18,33],[-63,-54],[1,-39],[-65,-46],[-34,29],[-65,0],[-31,20],[-58,-24],[-41,26],[-64,2],[-70,-62],[-29,-56],[13,-28],[-23,-41],[-34,6],[-82,-100],[-48,-9],[-45,58],[-44,82],[-66,47],[-9,29],[-71,37],[-23,-22],[-33,55],[-33,19],[-35,-2],[1,20],[-53,-5],[-223,-381],[-13,-15],[-42,20],[36,20],[16,-21],[188,317],[-30,24],[13,26],[-28,15],[-13,54],[-104,49],[-102,33],[-45,0],[14,80],[-99,13],[-57,-4],[-14,-88],[77,-39],[-827,377],[-103,-83],[-193,160],[-104,-136],[133,-106],[12,16],[169,-133],[-31,-24],[14,-19],[76,53],[-176,-139],[-343,-170],[-25,-43],[41,-160],[32,-30],[65,-9],[38,-57],[36,2],[22,-22],[-8,-32],[30,-23],[-31,-7],[0,-75],[-13,-12],[8,-44]],[[111363,70934],[20,75],[26,-19],[-4,-46],[39,59],[-8,-65],[59,150],[-4,-69],[-19,-67],[-28,-17],[17,-54],[-42,-100],[-6,-58],[-32,-47],[-71,-7],[-18,21],[28,79],[27,50],[-19,27],[35,88]],[[111367,70072],[12,8],[22,67],[41,83],[34,-47],[-2,-30],[-36,-45],[-30,-77],[-29,-15],[-23,41],[11,15]],[[110946,70680],[-24,42],[34,66],[33,-62],[-13,-43],[-30,-3]],[[111237,70528],[34,73],[43,-33],[-18,-28],[-39,-20],[-20,8]],[[110500,68228],[16,58],[22,16],[10,-45],[-48,-29]],[[111317,70577],[-9,10],[22,48],[15,-45],[-28,-13]],[[110261,67992],[34,54],[0,-50],[-34,-4]],[[110700,68980],[8,41],[24,23],[2,-34],[-34,-30]],[[110723,69164],[22,51],[-3,-37],[-19,-14]],[[109888,70134],[-134,92],[98,-58],[36,-34]],[[110503,68575],[19,32],[0,-33],[-19,1]],[[110338,68749],[14,-19],[-35,-28],[21,47]],[[110193,70158],[-24,11],[13,28],[11,-39]],[[111437,70778],[33,62],[-17,-63],[-16,1]],[[111444,70834],[24,50],[-4,-46],[-20,-4]],[[111173,69706],[1,-39],[-20,0],[19,39]],[[114958,84292],[0,-19],[48,5],[-4,-24],[31,-18],[-10,-25],[41,-13],[26,-39],[40,-105],[-49,-14],[11,-20],[-61,-20],[0,-25],[-70,1],[28,-74],[-48,11],[-44,-15],[13,-14],[-32,-31],[11,-28],[-22,-2],[-37,-72],[5,-64],[36,-107],[0,-35],[-28,-5],[-17,-28],[3,-44],[41,-13],[-6,-48],[-26,8],[-4,-47],[13,-38],[28,-9],[2,-82],[47,-3],[11,44],[18,-2],[-6,-49],[37,37],[3,-63],[33,28],[-5,-83],[-18,2],[-17,43],[-34,-18],[-39,21],[-23,-22],[2,-59],[-41,-42],[30,-31],[-7,-38],[-20,-13],[50,-106],[58,-43],[-7,-83],[27,-69],[-12,-39],[24,-17],[-29,-22],[35,-9],[-54,-14],[25,-17],[-13,-27],[12,-28],[42,-21],[25,-27],[4,-35],[-35,-96],[21,1],[-5,-61],[28,-15],[-7,-86],[-29,-23],[46,-28],[-8,-24],[-34,7],[-2,-20],[31,-13],[53,4],[22,-30],[-31,-10],[-21,-37],[-38,-7],[29,-12],[-14,-60],[-19,-13],[-2,-48],[-27,-8],[-15,-34],[39,-16],[-71,-32],[-13,-36],[77,-29],[-49,-25],[-139,8],[35,-7],[6,-44],[-62,-16],[-13,28],[13,46],[-46,19],[0,26],[-30,46],[-38,-15],[15,52],[-67,2],[-18,39],[20,30],[-5,50],[-30,-1],[-28,58],[-76,13],[-11,-25],[-57,12],[-75,-12],[-101,-64],[-37,46],[-92,16],[-163,121],[-75,71],[-26,15],[-101,25],[-86,57],[-81,80],[-68,33],[-55,51],[-116,-43],[-24,74],[-59,-1],[-137,-44],[-71,-44],[6,-30],[-140,-48],[-101,-30],[-18,13],[-35,-52],[-46,-43],[-53,-67],[-191,-7],[-130,107],[6,64],[21,-1],[8,57],[-135,23],[-70,-2],[-4,13],[-130,-9],[5,-37],[112,-42],[-1,-30],[-320,-8],[-4,31],[134,40],[-3,39],[-94,-12],[-49,-16],[-5,-19],[-55,-17],[-114,-76],[-11,-32],[-154,-109],[-65,4],[-56,-46],[30,-32],[-66,-93],[-10,3],[-75,-130],[65,-71],[-86,-55],[-96,-26],[-16,62],[14,28],[-47,25],[-145,-46],[-45,-27],[-8,13],[-166,-96],[-14,12],[-57,-6],[-101,19],[-56,-8],[2,-16],[-57,-20],[-105,-62],[-56,-116],[-65,-208],[18,-10],[-42,-167],[-8,-83],[89,-5],[5,95],[19,19],[-15,-288],[-17,23],[6,128],[-84,5],[-35,-344],[44,4],[14,-70],[-12,128],[10,-5],[11,-120],[104,-282],[132,-372],[140,-49],[16,48],[47,-15],[-5,-15],[123,-41],[7,14],[60,-21],[-30,-95],[2,-59],[-72,15],[-79,-35],[-43,-39],[-47,-6],[-32,38],[-32,-18],[-67,-93],[29,-41],[254,-208],[29,12],[1,30],[34,9],[8,-35],[46,14],[15,-76],[-47,-9],[24,-119],[34,6],[33,-131],[80,22],[-33,130],[15,5],[46,-176],[-11,29],[-96,-27],[41,-156],[2,-52],[103,54],[-168,-95],[-2,-42],[30,-93],[-30,-49],[46,-45],[39,-3],[68,31],[37,5],[13,21],[66,-27],[142,-28],[63,13],[10,59],[75,19],[23,77],[53,10],[23,38],[46,-31],[51,-59],[18,-71],[30,-27],[-31,-26],[0,-22],[31,-36],[6,-59],[-9,-28],[73,-90],[-29,-55],[-32,-6],[-16,-44],[16,-32],[35,-107],[33,-26],[-12,-17],[7,-94],[-17,-39],[5,-76],[60,-113],[92,-70],[63,-11],[106,-30],[143,-20],[122,3],[20,-29],[29,-2],[7,57],[-25,39],[48,91],[-31,21],[49,67],[28,-13],[113,80],[28,33],[3,42],[35,39],[20,42],[3,47],[32,61],[93,114],[4,28],[53,16],[9,37],[35,23],[16,57],[45,36],[10,61],[-28,45],[15,22],[-1,53],[38,31],[58,-2],[30,-58],[55,-26],[42,38],[-33,38],[40,61],[-6,41],[-36,9],[21,36],[2,53],[101,-23],[19,-23],[112,0],[45,20],[-3,29],[20,63],[42,-5],[83,48],[60,17],[24,84],[52,-39],[14,-55],[43,-96],[34,-32],[138,-88],[0,-19],[52,-81],[101,-60],[2,-26],[45,-53],[49,23],[89,-148],[-26,-16],[48,-81],[30,3],[91,38],[-26,60],[-59,-24],[-3,9],[64,27],[63,-147],[24,11],[-16,85],[9,2],[-48,225],[-15,-3],[-55,94],[-94,-59],[-20,33],[109,68],[-26,99],[20,92],[1,40],[-27,100],[-26,-8],[-14,49],[40,14],[21,90],[-9,84],[-23,-4],[-10,50],[-16,-4],[-11,50],[54,17],[-13,60],[11,43],[30,13],[40,64],[23,69],[17,79],[-4,43],[77,84],[23,82],[49,42],[6,24],[43,61],[49,33],[-1,18],[41,69],[68,56],[46,79],[11,71],[-3,72],[-12,23],[41,39],[101,20],[53,27],[56,63],[10,55],[33,27],[7,32],[21,-2],[11,36],[30,9],[-1,-40],[74,6],[10,48],[57,8],[60,27],[38,40],[49,75],[46,27],[11,33],[37,48],[48,-18],[-6,30],[52,8],[0,-18],[37,52],[27,-12],[23,13],[1,37],[44,13],[6,-15],[61,33],[17,31],[69,72],[55,29],[62,2],[73,21],[20,46],[15,-14],[30,33],[30,-19],[68,39],[-42,77],[-12,82],[35,89],[64,14],[35,-14],[28,8],[16,30],[73,9],[7,46],[-31,42],[-42,11],[61,46],[54,-42],[40,17],[86,74],[43,15],[74,91],[-2,48],[26,-14],[15,85],[-16,-3],[21,58],[71,65],[-22,17],[27,41],[42,-11],[-5,36],[22,7],[43,77],[23,8],[45,109],[31,30],[58,-43],[-34,-37],[-15,-47],[55,-30],[61,3],[1,-17],[40,-9],[54,6],[3,15],[47,-43],[-6,-58],[71,27],[50,58],[-6,27],[33,40],[-9,42],[46,-20],[46,8],[12,39],[43,-1],[86,-45],[4,-14],[44,15],[14,-24],[83,11],[12,25],[26,-24],[77,-19],[-4,-22],[64,-2],[17,-17],[43,-4],[54,13],[26,84],[47,55],[0,36],[34,36],[1,20],[62,52],[19,-7],[-16,-28],[29,9],[46,-24],[16,-33],[-12,-31],[-33,-20],[20,-25],[-15,-52],[33,-52],[-25,-6],[-30,-36],[24,-57],[28,-16],[-17,-25],[-49,37],[-14,-35],[-44,-22],[-37,-1],[-29,-26],[0,-59],[-21,-43],[24,-13],[38,-48],[-9,-24],[58,-94],[-12,-28],[65,-62],[50,-11],[-17,-16],[60,-24],[9,19],[52,-57],[1,-20],[-46,-22],[28,-40],[21,-6],[-41,-22],[17,-40],[30,-10],[1,-46],[-32,-7],[38,-65],[35,-4],[29,24],[35,63],[-17,2],[8,46],[24,8],[44,-33],[-27,-16],[37,-28],[11,-26],[37,-8],[22,-24],[60,-1],[19,-29],[-16,-38],[14,-51],[69,-55],[26,29],[51,30],[37,-23],[-27,-36],[52,30],[5,-34],[-85,-24],[19,-16],[-41,-30],[4,-51],[112,11],[55,27],[-12,-54],[61,39],[61,18],[14,-53],[-43,-19],[-14,-24],[-72,-50],[-47,-14],[-56,5],[11,-51],[53,-17],[11,-26],[-27,2],[13,-27],[62,-11],[-38,-47],[52,-5],[-33,-46],[-56,-9],[-36,16],[-25,-56],[33,-21],[-28,-24],[-58,9],[4,-56],[-34,-41],[-5,-26],[153,-32],[23,-11],[-29,-28],[-35,4],[-59,-23],[-13,-17],[-154,-62],[-14,-32],[-31,-18],[-45,-76],[-20,-6],[-47,-104],[-22,-111],[13,-50],[-27,-36],[-155,-103],[-40,-43],[-2,-26],[-62,-45],[-75,-88],[-36,-58],[-33,-19],[-49,-69],[-44,-78],[10,-85],[-6,-32],[-4,-144],[39,-3],[40,-31],[-26,1],[-37,-49],[-36,-4],[20,-23],[-40,-30],[36,-14],[-38,-14],[13,-45],[54,-52],[-42,-57],[28,3],[-6,-38],[50,16],[36,-49],[-115,-76],[-46,-14],[-55,14],[-79,-36],[-158,-52],[-33,-40],[2,-48],[-22,-7],[-32,21],[-27,-49],[17,-28],[-31,-36],[-31,-4],[-22,-92],[-43,35],[-60,-12],[-29,21],[-13,34],[-53,5],[-62,-77],[-11,-81],[98,-59],[-34,-19],[-92,40],[-19,-45],[55,-28],[49,-41],[-20,-31],[21,-11],[-1,-49],[-24,-17],[63,-24],[-14,-11],[-95,-9],[68,-9],[-35,-32],[-65,-28],[9,-25],[58,22],[54,-10],[12,12],[99,-28],[69,26],[-6,-29],[-35,2],[26,-51],[-33,-22],[47,5],[28,-26],[61,-5],[37,-44],[-27,-27],[3,-37],[31,-5],[-13,-78],[-77,-18],[-61,13],[-45,24],[90,-66],[-8,-34],[-27,24],[-25,-7],[-17,34],[-49,18],[-12,28],[-68,36],[7,-26],[32,-24],[-38,9],[64,-91],[24,-3],[7,-27],[-24,-16],[-64,-2],[-92,31],[-4,-12],[103,-39],[-4,-26],[56,0],[-5,-27],[-51,-32],[-32,5],[-62,-68],[-49,-4],[42,-24],[-31,-35],[3,-52],[19,23],[36,-14],[-102,-77],[14,-18],[67,37],[38,1],[50,22],[33,-9],[31,30],[-20,-44],[15,-25],[37,-8],[-14,-40],[-32,-40],[-47,3],[-73,24],[10,-25],[89,-25],[-7,-83],[35,-29],[48,24],[17,-22],[25,41],[15,-32],[75,10],[-11,-35],[-36,-16],[-22,-43],[47,-30],[49,50],[65,-15],[-37,-42],[-21,-54],[-24,-6],[-11,-37],[52,-2],[-42,-45],[-52,5],[-15,-64],[-30,-14],[23,-70],[27,2],[4,-33],[28,9],[-22,-30],[33,-22],[8,-25],[-42,-43],[-32,-50],[1,-65],[65,6],[42,17],[17,-77],[29,17],[64,1],[8,-52],[-8,-42],[30,14],[23,-33],[-3,-36],[-26,-29],[-86,-12],[-62,4],[-11,28],[-42,-6],[-27,15],[7,31],[-48,-8],[-3,-41],[-24,-42],[-16,2],[-26,-77],[-56,6],[-41,20],[-25,-4],[-40,46],[-32,-18],[-28,-66],[12,-21],[44,-4],[-17,-59],[-22,8],[-22,-40],[20,-32],[-19,-6],[-17,-48],[28,-14],[22,14],[65,-48],[-42,-57],[-10,-47],[-51,-8],[-5,41],[-78,0],[-24,-25],[13,-22],[-34,-57],[17,-35],[-42,0],[-9,-52],[31,-29],[-14,-51],[38,3],[7,-24],[-13,-53],[-33,-45],[-89,-14],[-68,2],[-40,-13],[-146,-9],[25,-20],[55,8],[18,-11],[8,-73],[-52,-4],[-22,55],[0,-49],[-19,-3],[-16,33],[-30,-3],[19,-36],[-72,-13],[-13,-25],[30,1],[74,-24],[14,-50],[-51,-43],[31,65],[-14,15],[-38,-37],[-11,-35],[-27,-1],[19,34],[-10,29],[-11,-32],[-86,-46],[38,56],[-70,-50],[-79,6],[-4,-29],[-20,32],[-101,50],[-11,-19],[-45,11],[-9,-14],[-63,3],[33,15],[-30,18],[34,5],[-70,58],[21,23],[-45,23],[3,43],[-31,-10],[-5,19],[-38,-62],[-53,2],[-12,57],[-36,-4],[-15,-21],[3,54],[24,26],[-35,-11],[29,29],[-4,67],[24,0],[-53,27],[48,-2],[1,17],[-68,19],[22,51],[39,28],[-54,-8],[25,39],[-62,2],[-5,48],[-62,-5],[-20,-25],[-69,-15],[14,28],[-23,25],[-17,89],[-34,24],[-3,61],[-46,-29],[18,97],[-45,-14],[-19,14],[29,60],[-29,23],[17,8],[-23,48],[-41,-7],[-1,42],[-18,-25],[-14,19],[-40,-13],[27,26],[-29,9],[9,19],[-90,-37],[-31,49],[20,20],[-33,36],[-16,-47],[-14,22],[-28,-45],[13,44],[-43,24],[-68,17],[-8,83],[-82,-7],[-1,-60],[42,-66],[-8,-4],[-40,64],[-5,70],[-80,-6],[-91,-26],[-82,-48],[-37,-38],[-39,-21],[-27,-56],[-14,-81],[18,-19],[13,-77],[-36,-32],[8,-59],[-33,19],[-44,-64],[-23,-79],[38,-19],[11,-32],[3,-125],[20,-59],[45,-63],[82,-24],[22,-20],[20,10],[23,-36],[-60,-8],[16,-50],[106,-49],[46,-88],[-22,-26],[13,-62],[-43,14],[1,-46],[-32,-12],[10,-57],[-8,-43],[-26,7],[6,26],[-10,56],[-44,49],[-35,-11],[-36,27],[-102,-26],[-81,-64],[-35,-42],[-9,-39],[21,-49],[-27,-15],[19,-30],[-20,-67],[-33,-30],[-9,-50],[19,-28],[-20,-32],[-1,-54],[42,-13],[-20,-38],[-45,21],[-51,-8],[-87,48],[-16,-23],[-27,38],[-34,6],[-51,-17],[-38,-34],[-47,52],[-45,7],[-20,-19],[-2,47],[-53,-24],[-62,78],[-34,24],[-28,-10],[-84,-59],[-21,-49],[0,-45],[39,-12],[-20,-88],[-46,-26],[-41,37],[-38,-10],[-28,-39],[-39,-8],[-35,13],[-38,-40],[14,-21],[-44,-1],[-16,17],[-106,-8],[-24,17],[-18,-45],[-45,14],[-8,-16],[-37,6],[10,23],[-29,33],[-24,-29],[-7,25],[-61,-4],[-22,-29],[-54,-30],[-66,-4],[-16,19],[-78,2],[-18,-51],[-58,12],[-4,12],[-86,2],[-28,-34],[-56,17],[-22,21],[-47,-18],[-16,12],[23,26],[-41,-13],[-31,20],[5,32],[-69,39],[-43,50],[16,52],[19,13],[16,-33],[32,51],[14,111],[-16,46],[36,57],[3,92],[-27,5],[4,34],[30,43],[1,85],[32,30],[-6,20],[48,32],[24,74],[-47,185],[14,-5],[58,-222],[148,57],[27,34],[11,59],[-9,43],[-23,-6],[-114,357],[-165,-59],[47,-145],[-6,-2],[-76,236],[-161,131],[2,5],[163,-134],[9,-29],[148,49],[-110,339],[-207,-72],[-14,-96],[14,176],[123,43],[4,-10],[65,22],[4,22],[40,12],[-7,83],[-51,-2],[0,54],[-61,53],[-148,29],[-84,2],[-19,10],[-135,2],[-2,-21],[-62,-11],[-45,-21],[32,-4],[-3,-219],[-14,1],[1,159],[-94,7],[-28,-56],[-2,-106],[10,-7],[11,-105],[101,14],[-2,-26],[-97,-8],[14,-140],[104,-15],[-2,-12],[-99,14],[-134,-13],[-29,-86],[10,-80],[-9,-29],[22,-36],[9,-49],[-50,-31],[-11,-22],[-81,-25],[-57,-30],[-41,-66],[-1,-39],[-18,-50],[-38,-16],[-7,-63],[-21,-8],[-6,30],[-28,0],[-9,-94],[-31,-59],[-49,-12],[-28,-85],[-44,-69],[-30,-21],[32,-29],[-41,-7],[-80,-44],[-2,-21],[-84,-28],[-27,4],[0,-26],[-27,-48],[-27,11],[-13,-43],[37,-40],[-22,-13],[-6,-47],[-43,-36],[28,-20],[-24,-32],[38,-11],[-21,-67],[-103,-23],[59,2],[-40,-44],[13,-8],[-29,-46],[-29,-3],[14,-45],[-46,-33],[-10,19],[-22,-92],[-29,-38],[-23,-68],[-36,14],[-63,-17],[22,-17],[-19,-22],[-71,9],[15,42],[-42,-32],[-3,29],[-21,-60],[8,-23],[-11,-59],[8,-28],[-19,-21],[6,-81],[-77,-50],[33,-98],[-66,-24],[-20,-87],[13,-37],[26,8],[-6,-33],[-44,-21],[-26,-30],[-7,18],[-34,-13],[1,28],[-25,-26],[-12,34],[-32,-36],[-8,10],[-84,-123]],[[114063,73653],[-23,-27],[65,7],[-39,-57],[-54,-9],[38,-18],[-10,-25],[-61,-56],[-84,-62],[77,32],[70,-10],[9,-23],[-25,-57],[3,-70],[-25,-46],[-16,-58],[-41,-15],[-1,-76],[-51,-26],[-12,-39],[-121,14],[3,16],[-40,5],[-21,37],[-31,-8],[-49,15],[-52,66],[-28,17],[47,78],[17,-11],[15,58],[59,59],[39,9],[26,40],[72,30],[11,-16],[53,45],[-24,31],[51,7],[-31,35],[-5,36],[34,40],[-19,5],[60,34],[0,50],[-17,18],[20,22],[-33,44],[28,33],[-3,26],[92,23],[61,-39],[31,-73],[-8,-90],[-57,-21]],[[111901,80207],[29,-15],[14,65],[22,-5],[-5,-36],[28,-58],[63,-100],[-7,-41],[-22,-14],[-48,4],[-48,-67],[-26,13],[-30,81],[14,66],[22,15],[23,75],[-29,17]],[[117257,75318],[51,-11],[27,-24],[18,42],[20,3],[17,-36],[-33,-62],[-33,-40],[-53,64],[-33,-27],[4,-69],[-63,3],[-1,37],[19,34],[-20,23],[3,61],[21,4],[49,-23],[7,21]],[[112208,74206],[48,38],[74,-40],[1,-32],[28,-41],[-42,-21],[-23,-41],[-36,-1],[-14,53],[-25,-19],[-60,41],[-9,26],[18,25],[40,12]],[[115030,74762],[52,-53],[0,-50],[-15,-58],[-24,-15],[-61,111],[29,84],[19,-19]],[[110486,80289],[40,183],[5,-1],[-30,-149],[106,-318],[-148,-57],[20,27],[102,42],[-89,275],[-6,-2]],[[118165,78647],[-14,-40],[-61,32],[-47,36],[139,-3],[28,-11],[-45,-14]],[[111883,79575],[54,23],[9,-15],[-15,-54],[-58,-9],[10,55]],[[118983,80341],[-25,31],[3,25],[75,-13],[15,-47],[-68,4]],[[115071,82903],[21,-31],[-22,-30],[-28,4],[-34,42],[48,28],[15,-13]],[[114162,74235],[-26,26],[-4,39],[59,-23],[21,-23],[-38,-29],[-12,10]],[[114948,74673],[-21,111],[36,2],[3,-61],[-18,-52]],[[117580,77855],[32,27],[46,3],[10,-33],[-24,-23],[-64,26]],[[114417,74194],[-2,-34],[-28,51],[52,36],[26,-39],[-48,-14]],[[117755,78519],[21,35],[22,-7],[14,-52],[-19,-8],[-44,14],[6,18]],[[117429,78036],[-25,3],[26,57],[37,-41],[-38,-19]],[[116876,75090],[6,18],[62,-3],[-4,-26],[-50,-21],[-14,32]],[[116381,74815],[14,39],[-24,19],[21,13],[29,-35],[-40,-36]],[[114536,73821],[-44,-13],[-7,17],[28,25],[34,4],[-11,-33]],[[118488,82153],[-21,62],[61,-41],[-10,-24],[-30,3]],[[114604,74302],[17,25],[42,-16],[-2,-20],[-43,-7],[-14,18]],[[118737,79965],[-5,17],[42,33],[6,-46],[-43,-4]],[[117498,77894],[30,24],[36,-13],[-15,-15],[-51,4]],[[117694,78416],[9,31],[38,-3],[2,-30],[-49,2]],[[117772,75903],[12,71],[14,-21],[-26,-50]],[[115226,82838],[2,-29],[-41,-5],[18,42],[21,-8]],[[113247,74029],[-20,4],[31,34],[32,-9],[-43,-29]],[[117398,75768],[10,39],[20,-23],[-30,-16]],[[114593,74433],[27,32],[9,-28],[-21,-20],[-15,16]],[[119160,80374],[44,16],[23,-16],[-62,-15],[-5,15]],[[114051,73486],[19,32],[14,-18],[-33,-14]],[[111947,82108],[238,1],[-317,-9],[79,8]],[[117657,75931],[11,39],[26,-5],[-37,-34]],[[114747,75595],[-3,27],[33,-2],[-30,-25]],[[117454,77882],[-47,3],[64,11],[-17,-14]],[[117246,82351],[17,27],[22,-13],[-39,-14]],[[110483,73581],[9,36],[19,1],[-28,-37]],[[114752,75635],[-13,40],[34,-21],[-21,-19]],[[113769,74178],[28,21],[-22,-44],[-6,23]],[[116485,74807],[18,29],[7,-29],[-25,0]],[[114600,74253],[27,6],[27,-17],[-54,11]],[[117324,78172],[7,19],[30,-24],[-37,5]],[[117391,77315],[59,38],[-17,-25],[-42,-13]],[[117357,75784],[6,42],[11,-37],[-17,-5]],[[118492,81736],[8,22],[33,-11],[-41,-11]],[[117389,78001],[-3,22],[35,-16],[-32,-6]],[[114915,83108],[11,27],[15,-23],[-26,-4]],[[93493,143893],[52,-13],[60,0],[42,-35],[8,-43],[-20,-38],[-14,-55],[20,-64],[-25,-94],[0,-59],[14,-177],[17,-34],[59,-79],[67,-66],[43,-26],[54,-7],[65,27],[49,-5],[77,-62],[47,-18],[82,-6],[21,-19],[2322,-663],[1487,-425],[91,-86],[68,-86]],[[98179,141760],[-62,-80],[-49,-99],[-66,-78],[-40,-31],[-39,4],[-74,-33],[-66,-58],[-45,-19],[-70,-7],[-60,-53],[-49,11],[-56,-63],[-73,-32],[-86,-19],[-54,-20],[-23,-27],[-27,-78],[-31,-40],[-69,-51],[-71,-43],[-26,-29],[-53,-12],[-105,-61],[-35,-45],[-84,-152],[10,-53],[-61,-101],[-15,-56],[5,-107],[-51,-90],[-4,-24],[51,-210],[-107,-95],[-21,-101],[26,-150],[18,-30],[106,-73],[21,-29],[52,-18],[66,-42],[38,-52],[61,-42],[44,-43],[25,-125],[52,-128],[90,-90],[66,-39],[-2,-14],[-61,-102],[-11,-68],[-39,-119],[-8,-178],[-12,-97],[5,-29],[70,-128],[24,-88],[21,-51],[-4,-42],[-29,-16],[-50,-55],[-72,-106],[-15,-94]],[[97055,137760],[-4,-73],[-86,-64],[-90,-75],[-23,-44],[3,-102],[-43,-125],[68,-188],[0,-27],[-56,-111],[-21,-81],[-7,-78],[-15,-32],[-44,-41],[-45,-61],[-37,-93],[-17,-93],[11,-73],[-11,-37],[-30,-41],[-58,-57],[-16,-27],[-28,-139],[56,-134],[14,-57],[2,-105],[-24,-125],[-24,-28],[-142,-94],[-51,-46],[-20,-44],[23,-105],[22,-149],[-37,-46],[-54,-48],[-43,-57],[-13,-65],[-6,-139],[-18,-50],[-49,-69],[-23,-47],[-76,-58],[-225,-56],[-58,-4],[-18,-49],[47,-80],[61,-83],[-2,-21],[-122,-131],[-13,-106],[-87,-87],[-15,-46],[17,-39],[90,-66],[48,-8],[73,-52],[41,-43],[60,-86],[46,-194],[-3,-34],[-70,-92],[-38,-103],[15,-134],[-32,-142],[-4,-45],[44,-60],[-26,-141],[-126,-153],[-50,-22],[-45,-147],[-108,-126],[-10,-28],[-3,-106],[-23,-66],[-22,-114],[-48,-74],[-27,-103],[-10,-95],[6,-123],[21,-81],[0,-44],[-44,-100],[-25,-40],[-5,-35],[12,-81],[-59,-30],[-44,-65],[-6,-80],[5,-144],[-8,-69],[-38,-90],[-16,-112],[-23,-62],[-4,-82],[-25,-96],[5,-89],[-15,-123],[13,-53],[-6,-73],[-18,-67],[-11,-110],[-24,-76],[-9,-81],[38,-94],[-13,-91],[-1,-105],[-30,-45],[-97,-65],[-55,-17],[-22,-34],[-69,-74],[-140,-92],[-10,-38],[-4,-97],[-18,-74],[32,-65],[50,-40],[67,-13],[101,-104],[43,-17],[54,-59],[71,-96],[38,-35],[90,-48],[131,-4],[58,-35],[35,-43],[63,36],[41,9],[82,41],[33,109],[33,10],[60,-22],[47,21],[94,-1],[66,-36],[56,-11],[87,22],[159,57],[22,13],[56,69],[80,53],[121,41],[53,-9],[77,-35],[73,0],[141,64],[78,-1],[46,-19],[33,34],[81,50],[155,22],[64,24],[38,25],[70,72],[56,-12],[56,-66],[50,-104],[19,-69],[42,-81],[7,-68],[30,-24],[138,17],[22,-21],[59,11],[45,-72],[75,32],[33,108],[85,135],[27,17],[86,-9],[17,40],[32,31],[5,66],[-14,32],[-6,65],[28,66],[63,118],[19,19],[78,5],[212,74],[84,10],[118,24],[92,-9],[85,8],[82,27],[75,57],[71,-8],[51,-17],[108,-61],[32,-65],[66,-57],[39,-113],[28,-59],[55,-77],[-21,-19],[-65,-135],[-81,-102],[-2,-22],[30,-116],[37,-53],[34,-29],[-5,-93],[-73,-114],[-9,-50],[19,-69],[37,-38],[13,-31],[46,-41],[12,-28],[9,-72],[30,-115],[12,-75],[20,-45],[-11,-54],[-30,-25],[13,-41],[87,-105],[6,-31],[-45,-55],[-3,-43],[40,-47],[-4,-53],[22,-16],[70,-3],[117,-40],[1,-153],[29,-24],[56,10],[46,-72],[41,-47],[74,-32],[34,-27],[14,-82],[33,-27],[73,8],[176,-66],[67,0],[10,-32],[-65,-157],[1,-46],[33,-40],[8,-85],[60,-186],[17,-31],[115,-31],[146,-33],[71,-2],[42,-31],[21,-48],[30,-39],[-2,-63],[94,-52],[23,-32],[30,-7],[79,34],[123,29],[92,-5],[32,-40],[51,-15],[27,9],[130,-88],[78,-39],[61,-49],[42,-6],[57,19],[75,8],[70,-79],[59,-17],[92,37],[49,-20],[103,4],[53,-40],[26,-50],[58,-33],[56,14],[41,-3],[65,-22],[79,30],[34,-12],[36,-63],[136,-130],[39,-88],[-18,-86],[68,-101],[32,-31],[27,-3],[48,18],[44,-39],[78,-18],[89,-49],[42,-39],[8,-54],[21,-45],[62,-32],[28,2],[61,34],[35,48],[1,50],[-57,86],[-46,45],[-9,41],[25,33],[50,-10],[35,-36],[37,-19],[83,12],[54,-26],[58,5],[18,13],[13,62],[62,95],[70,-64],[49,-16],[128,24],[43,-3],[166,-47],[20,67],[-69,16],[-80,31],[-52,37],[-65,18],[-30,31],[-53,18],[-87,14],[-30,83],[-36,55],[-10,43],[57,34],[48,3],[27,19],[11,33],[-47,100],[-65,35],[-9,15],[12,55],[-26,77],[-58,213],[21,101],[13,6],[47,-76],[146,-135],[124,-95],[23,-29],[63,-125],[28,-26],[68,-34],[49,-123],[32,-65],[31,-42],[77,-59],[50,-85],[76,-69],[117,-41],[60,-60],[29,-39],[36,-74],[-28,-134],[-40,-71],[-24,-97],[-52,-19],[-6,-63],[26,-94],[97,-12],[113,-37],[73,1],[59,-57],[83,2],[4,57],[59,79],[20,37],[40,23],[92,-15],[111,64],[93,61],[41,-8],[53,5],[45,-80],[44,-19],[39,6],[61,35],[88,-37],[96,-15],[87,33],[23,19],[122,182],[35,35],[80,28],[71,1],[83,-16],[66,1],[88,-40],[86,19],[39,26],[84,82],[33,45],[0,111],[-13,85],[21,57],[94,97],[28,47],[7,49],[25,67],[67,20],[72,6],[42,52],[52,24],[45,54],[108,55],[82,36],[79,1],[44,15],[94,52],[22,32],[14,62],[17,15],[62,10],[30,26],[91,107],[42,91],[46,37],[25,38],[74,65],[44,69],[30,86],[43,50],[94,45],[73,27],[20,28],[6,44],[71,39],[32,43],[34,1],[84,79],[73,27],[44,60],[40,15],[176,142],[38,25],[45,49],[-10,65],[19,21],[83,23],[50,-7],[53,23],[25,70],[21,8],[63,-49],[21,-51],[37,-7],[21,76],[83,-3],[40,72],[25,-55],[22,9],[33,108],[24,16],[39,-20],[65,9],[24,23],[21,75],[43,49],[83,29],[102,3],[27,-41],[40,19],[13,55],[76,46],[135,103]],[[110648,127724],[42,-67],[87,-58],[79,-75],[42,-19],[98,-61],[106,-19],[61,7],[36,15],[94,-26],[37,-23],[71,16],[12,29],[13,-45],[57,13],[15,24],[-10,31],[42,2],[-1,-23],[68,-10],[32,-44],[-14,-17],[19,-65],[0,-89],[47,50],[3,-78],[-54,-14],[7,-21],[-26,-19],[13,-50],[18,19],[44,0],[8,-56],[-27,-20],[-45,8],[-8,-42],[31,-93],[29,-48],[-1,-23],[100,-13],[15,-43],[-25,-5],[28,-21],[12,-42],[29,2],[-2,-54],[-20,-67],[11,-35],[-8,-66],[18,-26],[19,11],[41,-12],[-11,-15],[26,-38],[-2,-77],[-50,1],[14,-50],[16,-4],[35,-86],[170,-164],[13,-60],[27,-29],[0,-75],[-34,-54],[-35,-121],[5,-58],[18,-38],[-4,-59],[14,-36],[27,-24],[-5,-24],[26,-54],[10,13],[70,-16],[24,-55],[-2,-55],[-19,-19],[57,-18],[13,-48],[-4,-60],[-12,39],[-20,-6],[9,-71],[-24,0],[-39,-33],[-14,-33],[-32,-10],[0,-59],[16,-35],[-12,-39],[-34,16],[-30,-48],[-80,1],[-17,-35],[8,-64],[29,-17],[-43,-20],[8,-37],[49,-16],[-6,-21],[-42,6],[-25,-36],[-53,-18],[4,-92],[61,-22],[-43,-10],[2,-19],[63,14],[51,-15],[32,-62],[-98,-14],[-18,-52],[83,-9],[-15,-21],[-35,1],[9,-48],[66,-15],[30,21],[62,-6],[11,-34],[-36,4],[32,-23],[-53,-3],[-42,20],[-73,-15],[-19,-69],[32,-51],[6,-61],[28,-22],[29,24],[78,-8],[-9,-31],[40,-16],[-7,-55],[5,-51],[-14,-11],[-96,2],[-47,28],[-43,-26],[4,-71],[19,-28],[-16,-24],[38,-26],[27,31],[54,39],[68,-9],[37,-17],[-12,-17],[6,-49],[-127,3],[-37,12],[-62,-41],[-163,55],[-66,27],[-12,-53],[48,-168],[28,-28],[89,-15],[-4,-16],[226,-56],[-5,-67],[-8,55],[-79,20],[-20,-84],[-101,24],[-25,-107],[-21,4],[-5,-47],[21,-90],[61,-51],[37,-17],[45,12],[-12,-25],[49,-4],[-17,-34],[74,-32],[16,31],[34,22],[52,-31],[-30,-44],[-65,-2],[-19,-21],[17,-16],[-26,-19],[11,-77],[-66,-11],[-12,-35],[12,-114],[21,-37],[34,15],[90,-9],[-20,-34],[-49,-7],[46,-45],[32,10],[11,-22],[47,16],[-18,-33],[40,-9],[-14,-27],[27,-21],[53,-3],[21,11],[67,-18],[24,-30],[-24,-43],[-52,0],[37,-27],[-45,-53],[-44,-15],[-3,-59],[-44,-15],[44,-105],[49,-39],[-24,-29],[8,-22],[-21,-49],[-24,-2],[-21,-36],[-29,3],[3,-33],[37,-5],[9,-20],[-36,3],[20,-25],[-15,-158],[68,-18],[-11,-10],[-65,-3],[-2,-30],[65,-18],[-5,-12],[15,-19],[-4,-65],[-33,-30],[28,-75]],[[112323,121383],[12,39],[-11,39],[-47,-13],[-67,19],[-4,-23],[26,-82],[13,-1]],[[112260,123281],[-73,103],[13,11],[262,-351],[-5,-22],[-185,250],[-12,9]],[[112438,121919],[-30,32],[16,22],[80,-14],[-5,-23],[-61,-17]],[[112089,126705],[-38,16],[9,15],[64,-2],[11,-37],[-46,8]],[[112184,126008],[-6,11],[70,15],[2,-36],[-38,-8],[-28,18]],[[112370,124953],[15,19],[47,-5],[-2,-19],[-60,5]],[[111423,127637],[6,37],[19,-17],[28,14],[-12,-31],[-41,-3]],[[112499,122469],[-11,9],[35,39],[18,-8],[-42,-40]],[[112313,125245],[14,10],[35,-23],[-36,-14],[-13,27]],[[112257,125317],[26,8],[-17,-42],[-9,34]],[[112577,122024],[-18,21],[49,-4],[-31,-17]],[[111727,127094],[6,30],[22,-7],[8,-33],[-36,10]],[[112135,124444],[-15,-17],[-28,21],[23,15],[20,-19]],[[112645,122392],[-5,21],[49,-11],[-44,-10]],[[112315,125199],[20,7],[22,-27],[-42,20]],[[112256,123053],[-34,-5],[50,33],[-16,-28]],[[112196,124926],[21,26],[9,-35],[-30,9]],[[112652,122458],[7,16],[33,-15],[-40,-1]],[[112052,124674],[58,-10],[-37,-14],[-21,24]],[[111225,127644],[19,25],[13,-21],[-32,-4]],[[112460,121865],[-12,33],[22,-5],[-10,-28]],[[112372,121595],[35,0],[-25,-9],[-17,-17],[7,26]],[[112166,125807],[36,6],[-17,-22],[-19,16]],[[97055,137760],[45,13],[79,50],[59,-1],[141,-38],[124,-85],[41,-37],[86,-20],[90,-51],[78,-11],[62,10],[86,-1],[112,31],[67,-10],[91,-3],[33,-12],[77,-51],[65,4],[105,-10],[140,31],[98,4],[195,-52],[96,-98],[18,-52],[80,-38],[37,-1],[64,-27],[-4,65],[69,10],[16,-44],[50,-24],[28,-76],[33,-28],[42,-17],[104,10],[14,23],[-64,38],[-18,27],[-13,60],[46,26],[60,-22],[15,-69],[13,-5],[67,34],[48,-18],[106,-98],[32,-41],[36,13],[3,58],[142,20],[65,-32],[57,-122],[49,-30],[40,0],[64,51],[16,57],[26,33],[-2,37],[61,55],[80,56],[81,13],[20,15],[34,101],[2,82],[28,26],[180,9],[42,-8],[82,32],[15,39],[-23,55],[-11,63],[-37,28],[15,38],[-43,66],[3,27],[23,-10],[56,-84],[35,-19],[27,-90],[-4,-30],[33,-86],[-13,-63],[-44,-44],[-7,-44],[46,-75],[98,-70],[7,-125],[22,-5],[92,24],[29,46],[65,132],[22,27],[110,53],[68,6],[88,49],[58,44],[18,42],[107,26],[56,52],[81,29],[122,25],[-23,-44],[-59,-21],[23,-38],[34,-16],[25,24],[118,44],[62,65],[33,17],[121,35],[46,1],[38,30],[44,74],[47,11],[76,-22],[51,7],[54,19],[77,44],[159,8],[64,44],[83,24],[47,-43],[24,-50],[-13,-41],[-78,-68],[-15,-54],[49,-70],[36,-66],[-15,-176],[9,-63],[56,-55],[-3,-63],[10,-117],[41,-56],[32,-86],[13,-65],[53,-33],[46,-55],[22,-72],[-24,-56],[-44,-144],[-1,-65],[48,-60],[24,-121],[-6,-89],[87,-112],[13,-30],[6,-70],[30,-44],[93,0],[48,30],[106,19],[122,4],[-5,92],[11,56],[70,8],[105,63],[-23,140],[41,24],[29,57],[47,3],[36,-27],[24,14],[65,141],[58,75],[29,61],[52,-13],[51,19],[28,-5],[74,-74],[39,-15],[38,-46],[32,-67],[22,-11],[76,57],[48,8],[73,-5],[48,75],[61,125],[18,83],[61,94],[17,78],[59,37],[39,45],[105,44],[88,92],[116,103],[52,28],[55,6],[76,66],[12,34],[105,33],[30,19],[44,60],[128,-16],[33,14],[69,-15],[35,-34],[36,-13],[77,4],[85,15],[46,-3],[92,25],[12,14],[241,25],[107,34],[36,0],[138,-78],[75,-4],[54,-32],[88,-98],[30,-61],[88,-52],[146,57],[122,92],[32,30],[63,-16],[95,9],[31,60],[43,54],[-20,51],[-2,42],[72,90],[18,39],[39,23],[114,-11],[40,45],[23,62],[0,87],[-19,127],[-3,142],[75,61],[47,63],[27,53],[39,119],[57,61],[87,33],[93,76],[59,29],[134,35],[122,26],[139,13],[88,24],[50,-26],[90,-9],[63,27],[47,2],[44,43],[52,19],[22,27],[56,33],[63,64]],[[109701,139141],[20,-31],[47,33],[-1,59],[40,60],[44,-5],[21,-51],[-16,-29],[10,-27],[20,24],[4,-40],[-56,-91],[17,-30],[27,32],[56,-5],[9,-38],[-39,-18],[-19,-56],[7,-48],[48,24],[3,-61],[50,14],[33,-23],[80,24],[2,34],[48,-5],[-26,-96],[-29,-19],[-58,-67],[24,0],[-61,-37],[12,-25],[44,36],[84,28],[88,-54],[-8,-48],[12,-26],[42,16],[21,-71],[28,-32],[-51,-40],[-68,-4],[-1,-43],[37,-9],[78,-37],[1,-60],[-59,-35],[15,-28],[55,-6],[-51,-51],[36,0],[-18,-36],[13,-14],[-48,-15],[-2,-37],[134,-29],[27,-17],[-8,-40],[-57,-14],[16,-51],[-89,-58],[-8,-18],[-44,-9],[-14,-31],[-10,-114],[19,-106],[48,7],[22,-38],[-66,4],[-30,-25],[6,-75],[17,4],[24,-93],[-23,-39],[10,-38],[68,-2],[-9,-40],[-65,-14],[4,-30],[-44,-17],[-16,-66],[4,-24],[36,-10],[-32,-49],[37,-31],[-34,-43],[40,-46],[52,28],[38,-27],[8,-45],[-28,-8],[-38,-37],[62,7],[18,-18],[-37,-16],[0,-35],[68,21],[18,-7],[-12,-42],[-28,-21],[-69,6],[8,-30],[-33,-11],[5,-17],[73,-6],[-57,-24],[8,-46],[-24,-65],[22,-33],[-11,-36],[4,-50],[-10,-44],[3,-75],[26,-75],[51,24],[43,-29],[-51,-34],[-27,2],[11,-117],[-4,-165],[-14,-88],[17,-33],[100,-16],[-1,-10],[-96,19],[-10,-39],[6,-70],[32,-55],[26,-11],[58,34],[32,-17],[34,18],[32,-20],[-33,-32],[-39,5],[-43,-27],[17,-25],[55,23],[49,-16],[58,-51],[-18,-31],[-40,-3],[18,-54],[-21,-9],[-40,17],[-22,-8],[32,-23],[-25,-26],[-44,-3],[-5,-41],[-29,-26],[28,-107],[52,-48],[101,-51],[19,-1],[5,-34],[42,-6],[13,18],[56,0],[28,-19],[13,79],[27,-37],[-2,-42],[23,47],[39,29],[6,-34],[36,8],[46,43],[9,-22],[-18,-51],[-23,3],[-100,-50],[32,-14],[35,27],[15,-45],[-33,-45],[-29,-7],[-29,18],[-64,-14],[-27,-19],[15,-47],[42,-2],[6,-22],[-34,-37],[-89,44],[-13,54],[-70,-47],[-15,5],[-48,-65],[-6,-81],[13,-33],[4,-74],[27,1],[7,-34],[88,-111],[57,21],[20,-175],[42,-10],[34,-32],[-4,-40],[-50,-88],[-16,32],[-25,-11],[12,31],[-60,32],[-42,3],[1,45],[-47,38],[-27,-14],[-29,13],[-26,-23],[18,-38],[-44,-10],[5,-45],[-61,-7],[52,-47],[-8,-23],[-81,-11],[-74,100],[12,26],[-24,17],[-89,6],[-46,-16],[-1,17],[-86,37],[-8,41],[-53,-2],[-14,-39],[-25,24],[-20,-7],[15,-32],[-97,-26],[-33,25],[-11,-20],[-87,49],[-28,-18],[17,-18],[-47,7],[-41,-23],[-86,7],[-36,40],[-62,-16],[-66,-95],[-32,-63],[-31,-28],[-55,-70],[-10,-32],[12,-106],[28,-14],[1,-63],[16,-24],[-11,-98],[-29,-35],[-23,24],[-8,-40],[-24,-15],[-20,19],[-17,-28],[-67,-7],[-7,-27],[-96,-46],[-33,-24],[30,-53],[128,-45],[26,71],[-18,-74],[-35,-41],[52,-53],[42,3],[-1,-55],[-30,-32],[37,-5],[-43,-27],[17,-30],[-7,-27],[13,-60],[-63,-84],[-12,-35],[-37,-38],[-9,21],[-54,-29],[83,-93],[38,-70],[-12,1],[-34,64],[-74,79],[-34,-32],[-40,46],[-34,-31],[-37,-85],[-15,-50],[6,-31],[47,-68],[67,-34],[9,25],[73,-31],[-8,24],[32,56],[-7,-81],[81,2],[70,-38],[11,-78],[26,-10],[-25,-47],[40,-38],[-2,-35],[-45,-6],[-3,-53],[-56,-17],[-22,-19],[-39,24],[-45,-2],[-33,-37],[-13,-43],[2,-90],[24,-63],[28,-31],[54,-21],[30,4],[34,28],[51,-44],[23,24],[8,-29],[12,40],[10,-45],[-63,-65],[-36,-122],[-32,-27],[-69,-1],[-17,-34],[-11,-61],[19,-44],[-26,-127],[-19,-20],[-59,-154],[50,-81],[47,-61],[-11,-14],[13,-60],[26,-57],[94,34],[6,-20],[-75,-27],[-8,-48],[33,-35],[4,-26],[58,-5],[21,12],[36,-16],[25,-73],[16,17],[140,-91],[139,-185],[68,53],[29,-39],[29,-71],[-98,-73],[66,-87],[77,68],[9,-12],[-109,-87],[3,-53],[69,-19],[53,-72],[49,-127],[-54,-152],[17,-123],[22,-65],[46,-87],[29,-69],[30,-48],[17,-70],[40,-83],[-16,-42],[5,-72],[36,-22],[-2,-38],[46,-116],[-10,-63],[22,-100],[57,-51],[15,-53],[-28,-87],[5,-70],[28,-83],[76,-66],[18,-44],[25,-11],[-5,-36],[20,-8],[-24,-30],[8,-75],[-12,-42],[40,-129],[35,-41],[55,-46],[24,10],[53,-50],[73,-7],[-19,-15],[26,-86],[40,-66],[59,-53],[32,-56]],[[109380,130882],[-4,40],[19,1],[2,-41],[29,-10],[116,-66],[115,-155],[34,-55],[44,-10],[-13,-42],[77,-102],[1,-19],[-85,114],[-22,14],[-18,54],[-140,188],[-155,89]],[[110747,134347],[-29,42],[38,30],[53,26],[36,-34],[-45,-34],[2,-24],[-55,-6]],[[110418,137873],[-1,-18],[-79,-17],[10,-21],[-86,15],[44,21],[21,27],[91,-7]],[[110708,134016],[1,79],[60,8],[11,-40],[-18,-39],[-23,15],[-31,-23]],[[110794,134095],[-2,25],[52,53],[20,-20],[-18,-16],[8,-51],[-32,15],[-26,-28],[-2,22]],[[110794,134753],[-3,28],[66,63],[4,-34],[-23,-58],[-44,1]],[[109204,131273],[-33,87],[-127,-44],[-4,10],[141,51],[45,-129],[-22,25]],[[110313,137571],[-3,33],[31,21],[25,-22],[-28,-10],[19,-27],[-44,5]],[[110299,138248],[-5,21],[71,21],[2,-34],[-68,-8]],[[110292,138384],[-2,40],[33,-4],[21,-22],[-15,-28],[-37,14]],[[109400,131209],[-48,144],[16,4],[53,-158],[-21,10]],[[109299,131041],[-16,90],[16,2],[11,-90],[33,-45],[-10,-6],[-34,49]],[[110380,138182],[-31,10],[15,20],[46,8],[-30,-38]],[[109259,130921],[-31,38],[24,5],[31,-26],[-24,-17]],[[110765,134798],[32,28],[28,1],[-40,-46],[-20,17]],[[110681,133976],[-13,12],[40,20],[30,-10],[-32,-27],[-25,5]],[[110948,135091],[42,17],[-7,-35],[-35,18]],[[109162,132612],[-10,41],[27,1],[11,-33],[-28,-9]],[[110626,134515],[28,24],[23,-20],[-43,-22],[-8,18]],[[109901,130434],[-27,-76],[-14,6],[27,76],[14,-6]],[[110068,138876],[-37,5],[16,19],[21,-24]],[[110517,135984],[29,31],[12,-22],[-19,-21],[-22,12]],[[111000,135090],[-13,38],[45,-35],[-32,-3]],[[110717,134427],[45,24],[-16,-28],[-29,4]],[[110273,134106],[40,18],[-6,-25],[-34,7]],[[110358,137896],[53,7],[-24,-17],[-29,10]],[[109377,130938],[-26,19],[4,30],[22,-49]],[[110772,134287],[34,9],[-13,-23],[-21,14]],[[98179,141760],[156,148],[116,77],[62,114],[87,47],[45,34],[49,55],[93,65],[57,-23],[46,28],[41,-2],[34,15],[38,-6],[21,-30],[27,-4],[40,39],[64,14],[43,50],[64,37],[27,42],[81,60],[28,8],[73,-158],[93,48],[78,34],[89,19],[111,15],[110,42],[84,51],[44,52],[41,33],[22,37],[1,60],[-46,21],[65,81],[18,78],[-29,43],[29,41],[31,15],[15,96],[43,19],[0,38],[67,12],[36,55],[2,73],[38,57],[27,72],[-74,116],[2,19],[41,18],[91,142],[32,42],[54,99],[19,118],[9,115],[-2,163],[18,62],[63,116],[73,103],[-73,30],[-113,28],[-32,18],[-68,89],[-31,75],[6,51],[35,48],[93,73],[37,78],[117,94],[61,65],[25,41],[9,59],[12,154],[9,14],[47,-1],[139,89],[127,93],[14,114],[56,146],[37,60],[84,79],[100,56],[30,43],[20,55],[36,65],[75,87],[72,59],[88,126]],[[101778,146563],[40,4],[-42,-29],[28,-27],[50,18],[46,-13],[-77,-22],[19,-38],[48,-34],[15,-37],[85,4],[39,-46],[82,-43],[54,-1],[37,58],[53,21],[-61,33],[-91,60],[6,9],[151,-96],[28,-10],[119,-3],[0,-13],[-119,8],[-25,10],[-58,-22],[-26,-42],[101,-65],[43,-44],[65,-11],[74,-49],[32,-12],[28,-49],[-6,-26],[40,11],[31,26],[1,55],[-27,55],[64,-90],[50,-3],[41,26],[83,95],[82,36],[36,29],[7,-30],[47,32],[20,-34],[-57,-37],[2,-23],[37,34],[15,-56],[-48,-25],[-8,-33],[-48,-9],[-10,-17],[23,-48],[61,-23],[33,24],[39,3],[-25,-48],[50,-48],[82,-20],[20,-40],[59,-40],[-6,-10],[-60,42],[-19,42],[-63,17],[-10,-57],[17,-42],[26,6],[-6,-51],[37,-50],[57,-16],[101,9],[17,-14],[60,69],[35,5],[-7,-35],[68,-3],[-1,41],[36,-15],[33,39],[32,6],[-26,-74],[81,22],[13,-24],[-18,-43],[17,-47],[36,13],[48,-58],[36,36],[25,-55],[-13,-27],[3,-72],[-23,-7],[11,-61],[81,-15],[14,-55],[-54,-100],[16,-21],[65,33],[0,-50],[30,23],[36,-98],[31,42],[32,17],[38,-63],[-77,-49],[35,-8],[40,20],[21,-29],[-52,-59],[25,1],[-29,-35],[23,-11],[70,32],[36,-28],[-5,-40],[-81,16],[-19,-24],[-6,-44],[48,1],[23,-41],[-13,-24],[-43,-31],[10,-10],[39,26],[30,-26],[-32,-35],[31,13],[12,-39],[52,-56],[-49,-20],[8,-67],[20,-6],[-37,-27],[42,-55],[36,40],[14,-4],[-1,-49],[-37,-38],[38,-32],[50,-24],[13,46],[77,-32],[-29,-51],[27,-14],[-41,-40],[34,3],[-20,-42],[-3,-63],[16,-12],[-41,-39],[23,-18],[-5,-41],[25,-42],[37,-12],[74,56],[59,-55],[8,-28],[33,4],[-6,54],[23,-4],[-46,58],[-64,59],[11,13],[76,-69],[9,42],[51,-52],[14,45],[23,-32],[55,8],[4,-51],[-107,-52],[55,-67],[-11,-3],[-49,64],[-35,-20],[-61,-8],[18,-95],[-16,-56],[57,-25],[-1,34],[72,-8],[8,-23],[-59,2],[13,-20],[45,-13],[14,-76],[15,47],[72,-56],[4,43],[-30,34],[28,0],[54,-99],[-14,-6],[5,-57],[-18,-4],[24,-52],[95,-72],[39,-8],[-5,40],[21,12],[51,-82],[12,-35],[50,2],[-34,-25],[55,5],[35,-28],[10,-29],[49,-70],[5,29],[29,-43],[-38,-6],[9,-43],[40,-32],[6,29],[29,19],[30,-14],[21,-34],[-89,-68],[49,-29],[2,-37],[56,1],[65,-22],[-6,-30],[21,-13],[28,-83],[-56,-17],[26,-27],[-33,-15],[10,-49],[39,-79],[24,-25],[18,-86],[26,-47],[36,-34],[34,0],[39,34],[28,-17],[3,-33],[32,-2],[14,-36],[31,-5],[9,-51],[-29,1],[-1,-23],[-32,-9],[-45,-66],[-11,-33],[-33,-18],[-22,-43],[5,-119],[23,-72],[72,-67],[66,-37],[64,-1],[53,42],[31,-1],[-7,27],[37,-14],[-10,-40],[33,13],[-9,-30],[14,-72],[159,137],[182,-225],[-58,-36],[-7,11],[39,32],[-125,158],[7,-29],[-27,-23],[-17,21],[-56,-49],[52,-205],[35,9],[19,-78],[55,-42],[-9,-10],[-55,46],[-15,74],[-76,-20],[27,-106],[157,-124],[17,-35],[64,63],[-50,-63],[40,-28],[92,105],[-74,52],[14,3],[51,-38],[58,77],[25,-19],[14,19],[-26,17],[-119,131],[10,9],[118,-131],[63,-50],[27,3],[17,31],[36,11],[1,-28],[30,9],[-20,-35],[72,-128],[35,-33],[48,-15],[108,-51],[106,-42],[118,-15],[26,17],[31,-16],[77,5],[45,-18],[51,2],[76,22],[-1,21],[50,-6],[29,-27],[34,6],[28,113],[-23,-114],[104,-32],[47,2],[18,48],[-73,-3],[8,13],[91,-2],[37,37],[31,8],[7,44],[58,29],[56,58],[22,-13],[-28,-15],[67,-39],[78,12],[-19,-29],[26,-68],[55,-30],[8,20],[28,-11],[28,59],[39,28],[-12,19],[72,116],[45,-3],[-10,22],[41,16],[28,-28],[15,29],[42,-4],[-10,-32],[33,1],[25,-55],[27,-18],[6,-55],[12,2],[32,95],[27,-23],[42,3],[37,-74],[14,-94],[37,12],[19,-19],[10,-95],[-15,-32],[57,-68],[-3,-59],[28,16],[21,-45],[-18,-22],[21,-21],[-4,-51],[-39,-17],[44,-10],[-52,-17],[-29,-68],[16,-34],[-18,-58],[43,-19],[19,38],[49,33],[13,-31],[-43,-39],[53,10],[37,-19],[8,-61],[85,-41],[24,40],[24,-39],[-12,-36],[38,-33],[-24,-65],[-22,-10],[11,-28],[-39,11],[-22,-32],[6,-30],[29,-1],[-48,-44],[19,-39],[18,12],[58,-22],[25,30],[17,-69],[30,53],[7,-33],[49,-15],[3,44],[29,-14],[1,-41],[32,5],[39,-44],[-19,-28],[37,12],[24,-40],[-6,-41],[52,7],[66,-9],[-12,-37],[19,-5],[10,-57],[-20,-44],[17,-15],[0,-86],[-14,-49],[-53,-21],[4,-15],[45,9],[-14,-19],[20,-38],[18,-1],[12,-52],[30,48],[31,23],[-29,-49],[41,-38],[19,19],[31,-20],[-11,-41],[26,-34],[-27,-16],[30,-70],[30,-5],[-3,-26],[30,-68],[-27,-31],[3,-36],[27,-14],[-7,-29],[34,-78],[19,1]],[[109504,139840],[13,-27],[-8,-35],[-65,-36],[5,109],[43,11],[12,-22]],[[109348,140112],[13,36],[26,16],[30,-36],[-19,-15],[9,-52],[-45,9],[-40,-9],[13,57],[13,-6]],[[108640,141312],[5,79],[18,18],[21,-19],[17,-78],[-10,-14],[-44,0],[-7,14]],[[108021,141455],[22,-13],[-37,-68],[-63,-7],[43,72],[28,-6],[7,22]],[[105402,143017],[36,-14],[17,-46],[-31,-28],[-18,37],[-4,51]],[[103063,146329],[-23,-21],[-28,15],[-2,27],[32,27],[22,-20],[-1,-28]],[[103936,145203],[-7,31],[14,37],[30,-37],[-32,-52],[-5,21]],[[109032,140602],[31,44],[10,-65],[-28,-10],[-13,31]],[[103858,145419],[41,1],[-18,-55],[-33,35],[10,19]],[[106376,141774],[-19,59],[16,5],[33,-101],[-18,-7],[-12,44]],[[105754,142465],[19,-29],[-33,-9],[-28,44],[42,-6]],[[106009,142027],[39,19],[36,-9],[-8,-16],[-74,-9],[7,15]],[[109293,140202],[19,-41],[-36,-2],[-2,39],[19,4]],[[105674,142587],[18,22],[49,-5],[-5,-23],[-62,6]],[[103641,145771],[43,0],[2,-32],[-44,8],[-1,24]],[[104783,143726],[30,8],[9,-32],[-39,24]],[[104345,144147],[38,24],[-24,-40],[-33,-13],[19,29]],[[103031,146427],[10,-38],[-28,-8],[-6,24],[24,22]],[[107842,141430],[22,12],[-49,-58],[27,46]],[[107609,141370],[4,-11],[-85,-29],[-3,11],[84,29]],[[103566,145802],[35,5],[-36,-28],[1,23]],[[103097,146011],[9,-30],[-28,-10],[19,40]],[[109062,140399],[-18,-35],[-4,51],[22,-16]],[[103079,146037],[17,-9],[-24,-28],[7,37]],[[107791,141394],[4,-22],[-37,-23],[33,45]],[[104864,143571],[2,-40],[-18,22],[16,18]],[[107376,141312],[35,20],[-2,-23],[-33,3]],[[103591,145834],[26,0],[-15,-25],[-11,25]],[[105963,141977],[34,-3],[-27,-17],[-7,20]],[[62666,180750],[2,42],[-18,77],[58,93],[27,147],[36,29],[31,58],[76,68],[36,81],[81,90],[23,51],[75,1],[102,-32],[82,-8],[76,-27],[84,-119],[36,-66],[38,-39],[38,-119],[53,-129],[2,-127],[39,-23],[66,-7],[10,-13],[-33,-127],[5,-28],[55,-111],[22,-61],[74,-95],[102,42],[48,35],[75,84],[97,44],[79,76],[95,35],[113,72],[92,102],[114,76],[110,85],[113,61],[52,15],[102,13],[130,-45],[29,-27],[5,-100],[33,-119],[19,-34],[31,-9],[71,6],[82,23],[68,71],[59,14],[4,42],[-32,79],[21,79],[-5,89],[23,69],[150,171],[13,112],[25,24],[100,-3],[83,41],[55,167],[88,159],[51,154],[5,48],[-16,103],[52,16],[77,4],[93,-11],[97,-31],[55,39],[97,45],[85,115],[92,84],[149,-22],[137,-87],[70,-100],[27,-18],[110,-6],[70,-51],[113,17],[99,-4],[52,-24],[96,-6],[87,-34],[66,-6],[59,37],[120,146],[131,28],[164,25],[64,1],[76,-28],[42,-3],[83,25],[155,197],[103,62],[61,3],[72,-37],[59,-2],[92,-29],[44,-5],[53,-30],[52,-13],[65,34],[39,5],[49,43],[152,-37],[89,-30],[78,-55],[52,-2],[62,43],[125,4],[74,-31],[13,-80],[39,-60],[109,26],[61,-22],[58,-63],[23,-63],[51,-46],[21,-102],[36,-49],[56,-30],[41,5],[85,51],[47,-1],[41,-44],[52,-39],[104,-41],[62,-52],[79,-102],[48,-45],[63,-44],[99,-58],[32,-38],[132,-80],[47,-114],[6,-52],[-27,-110],[-2,-82],[16,-58],[62,-27],[33,-53],[78,-97],[35,-17],[62,42],[48,17],[54,34],[51,10],[98,58],[50,39],[52,-8],[72,-67],[66,-45],[112,27],[25,-7],[24,-49],[-12,-49],[3,-64],[16,-32],[53,-57],[36,-114],[73,-84],[125,-72],[23,-69],[49,-95],[53,-69],[45,-92],[99,-105],[61,-98],[130,-66],[71,-80],[54,-41],[195,-24],[142,-13],[80,1],[76,-13],[67,-87],[60,-47],[73,-26],[105,-6],[218,55],[60,65],[68,52],[143,-80],[28,-31],[14,-84],[47,-64],[57,-35],[80,-10],[7,-37],[-31,-61],[3,-55],[120,2],[155,66],[72,45],[32,44],[98,55],[95,72],[64,40],[11,26],[-30,39],[0,50],[50,6],[50,-33],[47,-10],[27,9],[47,43],[44,83],[49,114],[62,97],[2,51],[15,35],[70,63],[59,29],[65,101],[35,28],[94,55],[115,41],[38,45],[31,69],[93,192],[29,35],[75,61],[53,8],[80,-32],[39,-28],[60,-11],[159,-1],[79,22],[97,45],[104,35],[40,55],[106,63],[194,133],[66,74],[52,82],[26,25],[144,31],[44,17],[37,139],[-5,91],[-22,67],[25,95],[35,29],[175,56],[169,66],[51,61],[50,44],[55,66],[196,146],[36,35]],[[78609,182224],[26,-38],[10,-47],[-1,-80],[10,-70],[60,-47],[44,-63],[9,-32],[-4,-58],[54,-111],[-7,-30],[11,-41],[69,-68],[31,-13],[80,21],[58,26],[31,-5],[41,-88],[45,-54],[17,-96],[19,-60],[39,-46],[76,-36],[-22,-85],[13,-100],[-34,-91],[-3,-88],[26,-23],[112,-16],[75,5],[141,30],[83,-23],[92,-8],[63,17],[75,8],[91,0],[36,-18],[68,-219],[37,-24],[72,-17],[66,-4],[45,-21],[40,-62],[33,-36],[59,-39],[82,-7],[61,-81],[86,-23],[163,-23],[64,8],[190,88],[66,44],[70,77],[-32,-59],[-64,-73],[-112,-65],[-84,-35],[-50,-36],[-35,-38],[-52,-86],[-15,-53],[-5,-92],[-61,-25],[-126,-40],[-112,-61],[-72,1],[-95,18],[-62,-2],[-29,-43],[-71,-140],[-6,-40],[111,-55],[51,-13],[13,-108],[19,-70],[-5,-27],[-54,-72],[-67,-120],[-56,-125],[-48,-77],[-89,-80],[-59,-31],[-65,-21],[-62,-2],[-18,133],[-17,10],[-192,-31],[-50,-116],[-43,-71],[-182,-8],[-1,50],[25,174],[-39,0],[-130,-61],[-104,-98],[-122,-92],[-74,-107],[-4,-17],[114,-122],[-9,-35],[-50,-16],[-89,-63],[-77,-16],[-26,-24],[-40,-93],[-51,-57],[-22,-57],[-45,-78],[2,-11],[124,-48],[100,-51],[155,14],[115,-13],[-8,-75],[-27,-39],[-7,-41],[34,-39],[9,-62],[-25,-14],[-23,14],[-87,103],[-46,-42],[-123,-147],[-74,-83],[-104,-98],[-43,-52],[4,-36],[33,-51],[32,-86],[-21,-48],[16,-56],[30,-30],[-16,-113],[51,-73],[51,-26],[-23,-42],[-63,-59],[-131,-16],[-72,-23],[-79,32],[-130,-8],[-86,0],[-99,-8],[-29,-11],[-46,-54],[-80,-10],[-35,-46],[-27,-111],[-16,-32],[-40,-32],[-59,-29],[-70,-60],[-9,-115],[7,-110],[57,-195],[6,-54],[24,-41],[127,-52],[63,-79],[57,-40],[33,-73],[2,-30],[57,-25],[69,-12],[34,-29],[28,-72],[34,-20],[90,-26],[75,-8],[75,5],[65,-5],[115,-58],[98,-22],[3,-44],[-53,-11],[-60,-75],[-46,-31],[-71,-80],[-148,-151],[-19,-41],[-68,-76],[0,-53],[-20,-57],[-47,-77],[-34,-137],[-21,-60],[9,-117],[58,-74],[-9,-33],[23,-48],[-15,-101],[24,-68],[73,-106],[31,-34],[96,-68],[85,-94],[34,-24],[52,-8],[154,31],[96,-77],[35,15],[63,66],[12,-61],[27,-63],[30,-11],[89,-5],[34,-80],[101,-81],[3,-55],[-47,-76],[-12,-57],[-37,-38],[-17,-55],[-128,-80],[-37,-34],[23,-112],[-2,-82],[39,-76],[-7,-55],[-37,-35],[-36,-55],[-66,-19],[-66,-37],[-78,16],[-64,-101],[-25,-64],[-39,-34],[-47,-63],[15,-88],[-8,-72],[46,-102],[25,-26],[47,0],[30,-21],[46,-109],[-1,-53],[14,-42],[44,-42],[21,-86],[32,-70],[118,-145],[124,-17],[102,-4],[65,5],[44,-16],[39,-43],[49,-20],[44,8],[72,-54],[30,3],[62,-50],[149,-156],[85,-24],[42,36],[31,-11],[111,-93],[-21,-56],[16,-87],[50,-67],[73,-18],[52,-31],[44,5],[99,-33],[31,42],[77,42],[33,-10],[63,-38],[23,-41],[60,-29],[44,9],[48,-13],[62,-29],[31,12],[81,7],[27,42],[56,29],[52,-50],[31,-43],[5,-36],[-51,-128],[32,-56],[18,-84],[-10,-99],[-22,-132],[-39,-55],[-65,-34],[-29,-64],[14,-115],[43,-59],[27,-10],[58,-79],[64,-223],[0,-43],[-27,-108],[4,-25],[62,-137],[11,-48],[-21,-96],[-77,-58],[-2,-36],[47,-52],[22,-91],[-72,-194],[-40,-43],[-12,-34],[3,-78],[17,-114],[37,-81],[19,-87],[4,-76],[-8,-23],[-59,-49],[11,-96],[-6,-40],[-28,-34],[-34,-14],[-84,1],[-35,-26],[-10,-62],[-64,-24],[-37,-30],[-91,-30],[-15,-44],[-25,-23],[-67,-7],[-105,30],[-43,5],[-130,-2],[-91,34],[-38,-11],[-144,86],[-89,45],[-68,18],[-112,-16],[-56,-1],[-139,18],[-62,-17],[-79,-89],[-38,-32],[-82,-33],[-94,6],[-47,-10],[-122,-73],[-98,-38],[-50,-52],[-109,-45],[-56,-5],[-18,-26],[-28,-79],[-57,-77],[-35,-108],[2,-25],[68,2],[54,-30],[23,-34],[26,-90],[18,-18],[52,-10],[26,-58],[45,-45],[-7,-42],[-38,-61],[-21,-97],[-30,-32]],[[72319,165124],[-22,60],[15,87],[-19,29],[-82,20],[-143,69],[-35,29],[-33,92],[-8,43],[7,57],[-79,10],[-64,-56],[-48,-16],[-38,19],[-27,42],[-7,76],[-56,-50],[-72,-53],[-103,-30],[-96,11],[-42,66],[-120,55],[-44,42],[6,112],[-112,152],[-61,13],[-148,127],[-47,57],[-84,62],[-150,50],[-68,59],[-191,223],[-119,33],[-93,65],[-110,47],[-83,47],[-92,28],[-180,-6],[-112,33],[-46,34],[-103,109],[-63,50],[-81,41],[-84,74],[-84,15],[-42,28],[-112,59],[-194,68],[-124,28],[-142,62],[-124,30],[-73,56],[-63,66],[1,31],[-33,60],[-75,92],[-1,108],[11,52],[40,62],[7,53],[117,136],[22,70],[32,61],[-103,64],[-43,2],[9,159],[-8,119],[-25,123],[-1,124],[-41,82],[-57,-17],[-36,38],[-22,-11],[-64,102],[-60,69],[-109,223],[-15,174],[-67,68],[-21,86],[4,32],[45,43],[-7,37],[-65,30],[-90,111],[-39,32],[-52,-2],[-134,-29],[-132,-9],[-48,-18],[-134,-83],[-38,-40],[-25,58],[-49,44],[-16,90],[43,70],[8,30],[-54,29],[-33,32],[-61,187],[-40,89],[-31,91],[-55,112],[-2,47],[18,66],[133,187],[-13,24],[1,59],[-16,61],[-38,89],[-8,134],[-42,102],[-21,88],[-65,120],[-36,81],[-17,10],[-43,-150],[-78,-118],[-33,-105],[-13,-19],[-86,-20],[-94,-13],[-60,0],[-90,41],[-65,4],[-85,-17],[-46,13],[-80,48],[-96,17],[-128,-51],[-53,-15],[-125,-14],[-46,-17],[-114,-97],[-57,-38],[-90,8],[-43,46],[-100,22],[-45,65],[5,41],[-11,64],[38,91],[11,68],[-21,104],[3,94],[-16,22],[-86,-17],[-61,3],[-124,36],[-82,-10],[-104,2],[-23,-18],[-32,-65],[-23,-7],[-76,34],[-54,4],[-101,-6],[-73,-12],[-43,-24],[-56,-64],[-32,-14],[-124,0],[-33,20],[-73,84],[-79,50],[-52,23],[-39,-2],[-81,-36],[-96,-72],[-42,-24],[-138,-34],[-142,-104],[-74,-32],[-94,-27],[-82,-55],[-62,-69],[-71,-64],[-63,-72],[-88,3],[-101,-9],[-128,-51],[-145,-11],[-139,9],[-127,-12],[-104,-26],[-153,-59],[-274,-124],[-29,-26],[-47,-66],[-109,-70],[-135,-64]],[[59100,177432],[181,-7],[86,110],[42,40],[136,93],[73,84],[32,10],[81,-1],[70,23],[98,49],[63,52],[113,42],[43,25],[41,40],[130,71],[167,79],[77,57],[159,53],[26,16],[46,70],[17,67],[97,188],[33,78],[62,108],[16,8],[69,-11],[59,-45],[121,-126],[36,-55],[5,-43],[-9,-80],[-15,-50],[17,-65],[100,99],[27,40],[88,86],[83,57],[32,7],[88,71],[20,39],[-22,126],[7,51],[45,127],[37,43],[17,57],[47,101],[40,49],[42,79],[52,48],[84,57],[78,85],[62,86],[54,50],[55,77],[52,87],[26,59],[10,84],[-6,90],[-18,42],[-14,76],[-5,93],[-62,77],[-9,41],[7,57],[40,133],[46,52],[78,55],[54,18],[114,-16],[40,30],[5,25]],[[100740,154975],[-61,-75],[-47,-30],[-52,-49],[-102,-188],[-43,-62],[-56,-66],[-55,-79],[-75,-127],[-46,-111],[-64,-116],[-26,-74],[-16,-22],[-17,-70],[2,-73],[13,-91],[20,-50],[42,-70],[-6,-66],[10,-60],[68,-86],[-3,-32],[-70,-126],[-35,-49],[-118,-106],[-26,-70],[-11,4],[30,74],[115,104],[38,49],[64,116],[-94,118],[-29,8],[-148,-67],[108,-112],[-13,-13],[-43,43],[-169,-134],[67,-96],[-83,108],[-28,-10],[-38,14],[-20,-88],[-149,-112],[-62,-199],[-53,-191],[-40,-160],[-38,-180],[-57,-378],[-11,0],[-14,-237],[21,-151],[41,-66],[-3,-51],[9,-50],[-6,-37],[32,-69],[-12,-28],[36,-97],[35,-64],[28,-6],[58,-66],[77,-140],[30,-37],[59,-44],[18,-37],[-1,-64],[39,-89],[-10,-88],[-43,-80],[-46,-48],[-59,-39],[-25,-69],[-17,-105],[-1,-145],[24,-179],[35,-166],[28,-68],[2,-31],[27,-64],[50,-64],[104,68],[133,-76],[-5,-8],[-132,74],[-69,-44],[61,-92],[29,-59],[58,44],[-3,61],[20,-68],[-41,-26],[32,-88],[9,-140],[-25,-43],[-6,-79],[12,-111],[32,-145],[30,-58],[22,4],[27,-53],[58,-37],[18,-61],[30,-14],[84,-117],[82,-81],[79,-32],[-1,-38],[22,-17],[25,-48],[70,-8],[60,-34],[-9,-62],[42,-5],[-14,-52],[28,34],[42,-71],[7,-69],[30,-16],[9,25],[51,-34],[-22,-65],[38,-10],[40,9],[-40,-26],[-1,-26],[29,-45],[30,13],[28,-16],[-41,-36],[64,-83],[20,0],[52,-66],[23,1],[14,-45],[-24,-37],[35,14],[39,-59],[-56,-13],[25,-41],[12,-52],[43,-51],[48,-17],[26,-31],[65,-18],[33,-29],[30,1],[3,-62],[29,-45],[12,-45],[21,-17],[-13,-85],[40,-98],[39,-76],[-2,-17],[52,-85],[52,-14],[21,-61],[61,22],[4,-11],[58,25],[56,-5],[28,36],[14,-30],[32,11],[5,-30],[30,8]],[[100570,148083],[4,-22],[-31,0],[6,31],[21,-9]],[[101091,147252],[20,8],[16,-30],[-36,22]],[[101669,146690],[10,10],[43,-46],[-10,-10],[-43,46]],[[101016,147362],[26,-20],[-29,-12],[3,32]],[[101034,147296],[17,20],[5,-37],[-22,17]],[[63022,157271],[-1,65],[33,71],[53,45],[12,36],[-2,66],[28,54],[132,134],[-4,65],[-37,71],[4,53],[26,54],[-5,63],[58,74],[-25,68],[1,36],[111,65],[15,31],[-45,34],[-6,33],[10,59],[-15,30],[-17,74],[-80,28],[-21,25],[-28,83],[-32,43],[1,92],[17,45],[34,44],[12,36],[-162,48],[-30,42],[-1,43],[14,69],[-84,71],[-48,21],[-40,2],[-28,29],[-16,45],[-82,141],[-11,60],[-55,60],[-48,39],[-17,33],[6,81],[23,76],[40,78],[-10,13],[-96,-13],[-151,21],[-39,11],[-54,61],[-9,37],[14,76],[-2,69],[-49,42],[5,110],[-4,54],[20,55],[2,43],[-88,112],[-15,87],[-37,51],[-14,91],[6,45],[43,73],[-5,36],[-50,56],[-25,44],[-10,72],[3,135],[-21,40],[-68,56],[-4,57],[20,98],[-25,36],[-62,51],[30,94],[-7,106],[-31,64],[-8,57],[-57,79],[-55,55],[-3,42],[13,110],[-29,50],[-16,123],[7,39],[47,73],[59,49],[67,25],[20,47],[-4,65],[42,73],[34,89],[64,37],[35,48],[-31,116],[35,47],[7,50],[-16,116],[-66,164],[-6,32],[56,6],[35,22],[55,77],[33,20],[52,12],[33,54],[83,60],[8,113],[-5,93],[31,122],[-13,76],[77,184],[0,13],[-59,60],[-21,33],[-4,42],[23,91],[-3,40],[-34,66],[67,47],[31,57],[4,41],[-22,78],[27,30],[-21,35],[-161,76],[-77,80],[-28,61],[-63,24],[-13,19],[12,59],[-22,84],[1,60],[-70,36],[-26,56],[-26,27],[-7,50],[30,41],[10,43],[38,30],[2,26],[-39,52],[13,93],[-27,47],[-10,42],[19,72],[-38,200],[2,72],[30,70],[-64,160],[-6,48],[5,84]],[[78609,182224],[-40,201],[4,51],[17,32],[49,43],[38,17],[159,97],[134,63],[17,40],[61,185],[19,41],[-34,39],[-100,63],[-55,42],[-61,75],[-48,115],[-43,163],[49,105],[59,169],[48,195],[0,24],[-130,192],[-32,27],[-122,29],[-11,27],[31,162],[4,52],[-34,111],[3,38],[33,155],[-24,202],[10,38],[42,56],[27,15],[93,23],[51,35],[25,52],[75,85],[39,80],[27,107],[-8,102],[-16,55],[12,64],[41,106],[63,139],[11,8],[95,-23],[129,9],[32,23],[48,72],[36,78],[86,73],[117,7],[1,99],[13,42],[75,104],[51,87],[81,13],[71,41],[84,60],[99,4],[62,23],[17,20],[115,56],[98,25],[152,9],[48,-13],[76,-44],[115,63],[103,37],[93,49],[38,3],[99,-27],[35,8],[90,44],[61,51],[37,78],[-36,82],[6,26],[50,48],[35,47],[17,98],[85,48],[37,49],[53,21],[92,10],[139,42],[109,2],[95,-27],[110,13],[107,-7],[260,0],[62,-25],[27,4],[74,43],[45,-8],[76,-57],[50,1],[56,45],[53,58],[138,19],[40,16],[61,54],[40,23],[137,57],[154,22],[46,29],[87,98],[86,57],[0,36],[29,58],[129,69],[62,53],[27,43],[45,48],[145,115],[66,-6],[42,-18],[129,5],[42,-33],[60,16],[60,-9],[47,-26],[80,30],[88,61],[52,14],[22,32],[5,54],[40,40],[77,5],[67,27],[56,62],[39,7],[62,44],[56,19],[51,63],[4,25],[42,76],[-4,137],[90,24],[41,37],[93,47],[66,17],[134,48],[83,49],[44,-3],[67,47],[55,62],[79,51],[33,52],[-8,42],[31,72],[28,111],[45,23],[37,36],[53,149],[6,70],[82,45],[25,59],[55,16],[25,26],[-5,43],[-62,99],[-4,77],[20,108],[44,47],[88,23],[21,22],[20,54],[-24,61],[6,30],[44,29],[61,55],[45,15],[30,-19],[57,-5],[66,39],[42,-24],[47,16],[99,56],[34,5],[30,26],[20,-86],[54,-84],[58,-52],[68,-50],[37,-122],[54,-63],[35,-25],[29,4],[-6,-28],[50,-15],[1,-33],[48,-43],[75,-96],[-11,-68],[5,-52],[-28,-11],[18,-127],[47,0],[8,-66],[58,-103],[25,-26],[26,-77],[32,-60],[135,-155],[128,-271],[68,-48],[150,-125],[242,-57],[74,-57],[100,1],[67,-102],[3,-27],[-50,71],[-27,53],[-57,1],[20,-41],[64,-34],[-26,-6],[26,-53],[-14,-36],[-1,-67],[11,-49],[-17,1],[21,-85],[4,-64],[23,-142],[38,-95],[-5,-3],[185,-397],[64,-86],[78,-42],[74,1],[25,-14],[176,-13],[44,-12],[104,-47],[45,20],[39,-36],[40,5],[-37,-36],[76,-67],[122,76],[3,-6],[-114,-69],[47,-85],[91,-126],[61,-113],[6,-27],[86,-204],[92,-183],[30,-49],[32,11],[54,-121],[-37,-16],[56,-146],[44,-79],[27,-116],[173,-18],[5,-70],[63,-120],[19,-187],[-11,-1],[-13,185],[-72,0],[-4,-11],[-13,179],[-121,10],[13,-171],[70,-7],[0,-10],[-71,6],[6,-67],[43,-6],[-51,-40],[-26,-54],[-9,-98],[11,-21],[71,2],[-7,-56],[140,11],[27,-46],[14,-100],[-29,24],[-12,42],[-43,2],[-15,-30],[-26,-3],[-21,31],[-46,-42],[-19,-58],[-13,-80],[-1,-65],[36,-69],[-45,-33],[2,-61],[18,-22],[41,-117],[42,-25],[44,-5],[33,17],[45,-20],[52,-111],[16,-64],[71,-112],[59,-67],[16,-1],[149,-184],[47,-49],[-21,-168],[3,-37],[34,-96],[36,-57],[23,-62],[75,-84],[36,-78],[69,-76],[44,-31],[57,48],[108,-97],[-4,-6],[-91,82],[-31,-26],[60,-81],[16,-52],[40,-41],[157,-50],[142,-4],[72,-33],[36,-38],[32,-15],[134,-211],[6,-101],[-10,-63],[18,-60],[44,-42],[21,-45],[35,-11],[27,-31],[65,-28],[104,-70],[43,-38],[137,-70],[67,-44],[108,-103],[174,-236],[15,-8],[52,-90],[24,-71],[21,-101],[42,-64],[72,-92],[32,22],[17,-24],[-14,-24],[58,-72],[24,36],[-64,72],[-54,85],[125,-158],[20,-36],[-25,-21],[40,-14],[39,-72],[11,-40],[-22,-43],[13,-344],[-13,-82],[-52,-73],[-47,-92],[-26,-123],[-21,-46],[-13,-65],[-2,-108],[19,-137],[52,-149],[45,-84],[37,-41],[3,-24],[39,-31],[51,-76],[33,-30],[93,-57],[30,-7],[112,2],[124,-49],[73,-48],[60,-57],[42,16],[26,-29],[53,-22],[23,14],[172,48],[273,-300],[-13,-12],[-93,120],[-29,-27],[-63,-91],[-3,33],[52,74],[-137,150],[-119,-71],[66,-113],[-24,-14],[33,-9],[29,-51],[-148,-30],[11,-11],[-2,-93],[20,-104],[20,-34],[78,-79],[84,-38],[48,-3],[187,141],[-47,-42],[84,-115],[76,58],[37,-25],[-112,152],[-21,45],[169,-231],[10,-30],[-26,-157],[25,-57],[46,-66],[-13,-52],[-40,-80],[36,-19],[-22,-52],[-22,11],[-33,-67],[-20,-93],[23,-205],[-21,-30],[-24,-111],[40,-89],[21,-63],[-2,-63],[-15,-39],[-14,-119],[17,-33],[-2,-52],[28,-106],[30,-82],[90,-173],[52,-160],[38,-69],[22,-101],[-2,-106],[-22,-110],[1,-91],[17,-67],[-3,-35],[17,-98],[36,-86],[56,-77],[93,-89],[25,-11],[54,-58],[117,-35],[38,-4],[45,14],[28,-6],[-4,-48],[20,-55],[-8,-37],[14,-20],[3,-85],[28,-40],[73,-21],[-5,-26],[59,-11],[-1,-16],[49,-4],[3,71],[-91,43],[6,12],[98,-44],[-6,-77],[21,-2],[21,38],[83,-51],[36,-12],[11,-65],[80,-27],[9,-20],[-48,-37],[13,-11],[31,29],[10,-21],[-44,-30],[44,-10],[3,-51],[-39,-6],[29,-14],[-27,-31],[-1,-57],[-25,5],[-10,-28],[7,-51],[25,-19],[37,-75],[8,27],[39,-36],[22,-45],[84,-12],[19,-23],[-3,-31],[-32,-19],[47,-20],[-25,-46],[58,32],[-3,-46],[-14,11],[-5,-60],[26,-55],[-20,-50],[47,-38],[0,-66],[19,23],[25,-39],[9,-121],[-8,-30],[19,-15],[8,-59],[38,-99],[44,4],[21,-25],[-9,-61],[17,4],[9,-60],[49,-21],[16,-25],[-37,-26],[1,-54],[59,-60],[18,17],[26,-60],[39,-48],[12,25],[27,-89],[72,-125],[42,21],[-26,51],[-42,17],[-16,61],[91,-86],[47,-131],[-3,-67],[-35,5],[-7,-33],[-64,12],[15,-87]],[[87507,190351],[40,-14],[-36,-25],[-31,33],[27,6]],[[88870,188687],[-35,40],[20,49],[25,-68],[-10,-21]],[[95943,175594],[-5,-32],[-39,20],[44,12]],[[91147,184345],[0,-44],[-26,25],[26,19]],[[91114,184422],[8,32],[25,-25],[-33,-7]],[[88828,188737],[-14,24],[17,29],[15,-11],[-18,-42]],[[88823,188809],[-17,-41],[-15,24],[32,17]],[[87422,190533],[-18,-24],[-8,37],[26,-13]],[[91128,184389],[23,-10],[-20,-20],[-3,30]],[[93427,181481],[-61,113],[29,17],[62,-113],[-30,-17]]],"transform":{"scale":[0.000011807713035448267,0.000008924110185704461],"translate":[140.65315842,38.74765139]},"objects":{"city":{"type":"GeometryCollection","geometries":[{"arcs":[[0,1,2,3,4,5,6,7,8,9]],"type":"Polygon","properties":{"N03_001":"岩手県","N03_004":"盛岡市","PREF_CODE":"03","MERGED_CODE":"03201","N03_007":"03201"},"id":"03201"},{"arcs":[[[-8,10,11,12,13,14,15]],[[16]],[[17]],[[18]],[[19]],[[20]],[[21]],[[22]],[[23]],[[24]],[[25]],[[26]],[[27]],[[28]],[[29]],[[30]],[[31]],[[32]],[[33]],[[34]],[[35]],[[36]],[[37]],[[38]],[[39]],[[40]],[[41]],[[42]],[[43]],[[44]],[[45,46]],[[47]],[[48]],[[49]],[[50]],[[51]],[[52]],[[53]],[[54]],[[55]],[[56]],[[57]],[[58]],[[59]],[[60]],[[61]],[[62]],[[63]],[[64]],[[65]],[[66]],[[67]],[[68]],[[69]],[[70]],[[71]],[[72]],[[73]],[[74]],[[75]],[[76]],[[77]],[[78]],[[79]],[[80]],[[81]],[[82]],[[83]],[[84]],[[85]],[[86]],[[87]],[[88]],[[89]],[[90]],[[91]],[[92]],[[93]],[[94]],[[95]],[[96]],[[97]],[[98]],[[99]],[[100]],[[101]],[[102]],[[103]],[[104]],[[105]],[[106]],[[107]],[[108]],[[109]],[[110]],[[111]],[[112]],[[113]],[[114]],[[115]],[[116]],[[117]],[[118]],[[119]],[[120]],[[121]],[[122]],[[123]],[[124]],[[125]],[[126]],[[127]],[[128]],[[129]],[[130]],[[131]],[[132]],[[133]],[[134]],[[135]],[[136]],[[137]],[[138]],[[139]],[[140]],[[141]],[[142]],[[143]],[[144]],[[145]],[[146]],[[147]],[[148]],[[149]],[[150]],[[151]],[[152]],[[153]],[[154]],[[155]],[[156]],[[157]],[[158]],[[159]],[[160]],[[161]],[[162]],[[163]]],"type":"MultiPolygon","properties":{"N03_001":"岩手県","N03_004":"宮古市","PREF_CODE":"03","MERGED_CODE":"03202","N03_007":"03202"},"id":"03202"},{"arcs":[[[164,165,166,167]],[[168]],[[169]],[[170]],[[171]],[[172]],[[173]],[[174]],[[175]],[[176]],[[177]],[[178]],[[179]],[[180]],[[181]],[[182]],[[183]],[[184]],[[185]],[[186]],[[187]],[[188]],[[189]],[[190]],[[191]],[[192]],[[193]],[[194]],[[195]],[[196]],[[197]],[[198]],[[199]],[[200]],[[201]],[[202]],[[203]],[[204]],[[205]],[[206]],[[207]],[[208]],[[209]],[[210]],[[211]],[[212]],[[213]],[[214]],[[215]],[[216]],[[217]],[[218]],[[219]],[[220]],[[221]],[[222]],[[223]],[[224]],[[225]],[[226]],[[227]],[[228]],[[229]],[[230]],[[231]],[[232]],[[233]],[[234]],[[235]],[[236]],[[237]],[[238]],[[239]],[[240]],[[241]],[[242]],[[243]],[[244]],[[245]],[[246]],[[247]],[[248]],[[249]],[[250]],[[251]],[[252]],[[253]],[[254]],[[255]],[[256]],[[257]],[[258]],[[259]],[[260]],[[261]],[[262]],[[263]],[[264]],[[265]],[[266]],[[267]],[[268]],[[269]],[[270]],[[271]],[[272]],[[273]],[[274]],[[275]],[[276]],[[277]],[[278]]],"type":"MultiPolygon","properties":{"N03_001":"岩手県","N03_004":"大船渡市","PREF_CODE":"03","MERGED_CODE":"03203","N03_007":"03203"},"id":"03203"},{"arcs":[[-9,-16,279,280,281,282,283,284]],"type":"Polygon","properties":{"N03_001":"岩手県","N03_004":"花巻市","PREF_CODE":"03","MERGED_CODE":"03205","N03_007":"03205"},"id":"03205"},{"arcs":[[-282,285,286,287,288]],"type":"Polygon","properties":{"N03_001":"岩手県","N03_004":"北上市","PREF_CODE":"03","MERGED_CODE":"03206","N03_007":"03206"},"id":"03206"},{"arcs":[[[289,290,291,292,293,294,295]],[[296]],[[297]],[[298]],[[299]],[[300]],[[301]],[[302]],[[303]],[[304]],[[305]],[[306]],[[307]],[[308]],[[309]],[[310]],[[311]],[[312]],[[313]],[[314]],[[315]],[[316]],[[317]],[[318]],[[319]],[[320]],[[321]],[[322]],[[323]],[[324]],[[325]],[[326]],[[327]],[[328]],[[329]]],"type":"MultiPolygon","properties":{"N03_001":"岩手県","N03_004":"久慈市","PREF_CODE":"03","MERGED_CODE":"03207","N03_007":"03207"},"id":"03207"},{"arcs":[[-15,330,331,332,333,-280]],"type":"Polygon","properties":{"N03_001":"岩手県","N03_004":"遠野市","PREF_CODE":"03","MERGED_CODE":"03208","N03_007":"03208"},"id":"03208"},{"arcs":[[334,335,336,337,338,339,340]],"type":"Polygon","properties":{"N03_001":"岩手県","N03_004":"一関市","PREF_CODE":"03","MERGED_CODE":"03209","N03_007":"03209"},"id":"03209"},{"arcs":[[[-165,341,-340,342]],[[343]],[[344]],[[345]],[[346]],[[347]],[[348]],[[349]],[[350]],[[351]],[[352]],[[353]],[[354]],[[355]],[[356]],[[357]],[[358]],[[359]],[[360]],[[361]],[[362]],[[363]],[[364]],[[365]],[[366]],[[367]],[[368]],[[369]],[[370]],[[371]],[[372]],[[373]],[[374]],[[375]]],"type":"MultiPolygon","properties":{"N03_001":"岩手県","N03_004":"陸前高田市","PREF_CODE":"03","MERGED_CODE":"03210","N03_007":"03210"},"id":"03210"},{"arcs":[[[-167,376,-332,377,378]],[[379]],[[380]],[[381]],[[382]],[[383]],[[384]],[[385]],[[386]],[[387]],[[388]],[[389]],[[390]],[[391]],[[392]],[[393]],[[394]],[[395]],[[396]],[[397]],[[398]],[[399]],[[400]],[[401]],[[402]],[[403]],[[404]],[[405]],[[406]],[[407]],[[408]],[[409]],[[410]],[[411]],[[412]],[[413]],[[414]],[[415]],[[416]],[[417]],[[418]],[[419]],[[420]],[[421]],[[422]],[[423]],[[424]],[[425]],[[426]],[[427]],[[428]],[[429]],[[430]],[[431]],[[432]],[[433]],[[434]],[[435]],[[436]],[[437]],[[438]],[[439]],[[440]],[[441]],[[442]],[[443]],[[444]],[[445]],[[446]],[[447]],[[448]],[[449]],[[450]],[[451]],[[452]],[[453]],[[454]],[[455]],[[456]],[[457]],[[458]],[[459]],[[460]],[[461]],[[462]],[[463]],[[464]],[[465]],[[466]],[[467]],[[468]],[[469]],[[470]],[[471]],[[472]],[[473]],[[474]],[[475]],[[476]],[[477]],[[478]],[[479]],[[480]],[[481]],[[482]],[[483]],[[484]],[[485]],[[486]],[[487]],[[488]],[[489]],[[490]],[[491]]],"type":"MultiPolygon","properties":{"N03_001":"岩手県","N03_004":"釜石市","PREF_CODE":"03","MERGED_CODE":"03211","N03_007":"03211"},"id":"03211"},{"arcs":[[492,493,494,495,496,497]],"type":"Polygon","properties":{"N03_001":"岩手県","N03_004":"二戸市","PREF_CODE":"03","MERGED_CODE":"03213","N03_007":"03213"},"id":"03213"},{"arcs":[[498,-497,499,500,-4,501,502,503]],"type":"Polygon","properties":{"N03_001":"岩手県","N03_004":"八幡平市","PREF_CODE":"03","MERGED_CODE":"03214","N03_007":"03214"},"id":"03214"},{"arcs":[[-281,-334,504,-338,505,-336,506,507,-288,508,-286]],"type":"Polygon","properties":{"N03_001":"岩手県","N03_004":"奥州市","PREF_CODE":"03","MERGED_CODE":"03215","N03_007":"03215"},"id":"03215"},{"arcs":[[-3,509,-502]],"type":"Polygon","properties":{"N03_001":"岩手県","N03_004":"滝沢市","PREF_CODE":"03","MERGED_CODE":"03216","N03_007":"03216"},"id":"03216"},{"arcs":[[-2,510,511,-284,512,513,-503,-510]],"type":"Polygon","properties":{"N03_001":"岩手県","N03_004":"雫石町","PREF_CODE":"03","MERGED_CODE":"03301","N03_007":"03301"},"id":"03301"},{"arcs":[[-6,514,515,516,-290,517]],"type":"Polygon","properties":{"N03_001":"岩手県","N03_004":"葛巻町","PREF_CODE":"03","MERGED_CODE":"03302","N03_007":"03302"},"id":"03302"},{"arcs":[[-5,-501,518,-515]],"type":"Polygon","properties":{"N03_001":"岩手県","N03_004":"岩手町","PREF_CODE":"03","MERGED_CODE":"03303","N03_007":"03303"},"id":"03303"},{"arcs":[[-10,-285,-512,519]],"type":"Polygon","properties":{"N03_001":"岩手県","N03_004":"紫波町","PREF_CODE":"03","MERGED_CODE":"03321","N03_007":"03321"},"id":"03321"},{"arcs":[[-1,-520,-511]],"type":"Polygon","properties":{"N03_001":"岩手県","N03_004":"矢巾町","PREF_CODE":"03","MERGED_CODE":"03322","N03_007":"03322"},"id":"03322"},{"arcs":[[-283,-289,-508,520,-513]],"type":"Polygon","properties":{"N03_001":"岩手県","N03_004":"西和賀町","PREF_CODE":"03","MERGED_CODE":"03366","N03_007":"03366"},"id":"03366"},{"arcs":[[-287,-509]],"type":"Polygon","properties":{"N03_001":"岩手県","N03_004":"金ケ崎町","PREF_CODE":"03","MERGED_CODE":"03381","N03_007":"03381"},"id":"03381"},{"arcs":[[-337,-506]],"type":"Polygon","properties":{"N03_001":"岩手県","N03_004":"平泉町","PREF_CODE":"03","MERGED_CODE":"03402","N03_007":"03402"},"id":"03402"},{"arcs":[[-166,-343,-339,-505,-333,-377]],"type":"Polygon","properties":{"N03_001":"岩手県","N03_004":"住田町","PREF_CODE":"03","MERGED_CODE":"03441","N03_007":"03441"},"id":"03441"},{"arcs":[[[-14,521,522,-378,-331]],[[523]],[[524]],[[525]],[[526]],[[527]],[[528]],[[529]],[[530]],[[531]],[[532]],[[533]],[[534]],[[535]],[[536]],[[537]],[[538]]],"type":"MultiPolygon","properties":{"N03_001":"岩手県","N03_004":"大槌町","PREF_CODE":"03","MERGED_CODE":"03461","N03_007":"03461"},"id":"03461"},{"arcs":[[[-13,539,-522]],[[540]],[[541]],[[542]],[[543]],[[544]],[[545]],[[546]],[[547]],[[548]],[[549]],[[550]],[[551]],[[552]],[[553]],[[554]],[[555]],[[556]],[[557]],[[558]],[[559]],[[560]],[[561]],[[562]],[[563]],[[564]],[[565]],[[566]],[[567]],[[568]],[[569]],[[570]],[[571]],[[572]],[[573]],[[574]],[[575]],[[576]],[[577]],[[578]],[[579]],[[580]],[[581]],[[582]],[[583]],[[584]],[[585]],[[586]]],"type":"MultiPolygon","properties":{"N03_001":"岩手県","N03_004":"山田町","PREF_CODE":"03","MERGED_CODE":"03482","N03_007":"03482"},"id":"03482"},{"arcs":[[[-7,-518,-296,587,588,589,590,-46,591,-11]],[[592]],[[593]],[[594]],[[595]],[[596]],[[597]],[[598]],[[599]],[[600]],[[601]],[[602]],[[603]],[[604]],[[605]],[[606]],[[607]],[[608]],[[609]],[[610]],[[611]],[[612]],[[613]]],"type":"MultiPolygon","properties":{"N03_001":"岩手県","N03_004":"岩泉町","PREF_CODE":"03","MERGED_CODE":"03483","N03_007":"03483"},"id":"03483"},{"arcs":[[[-590,614,615]],[[616]],[[617]],[[618]],[[619]],[[620]],[[621]],[[622]],[[623]],[[624]],[[625]],[[626]],[[627]],[[628]],[[629]],[[630]],[[631]],[[632]],[[633]],[[634]],[[635]],[[636]],[[637]],[[638]],[[639]],[[640]],[[641]],[[642]],[[643]]],"type":"MultiPolygon","properties":{"N03_001":"岩手県","N03_004":"田野畑村","PREF_CODE":"03","MERGED_CODE":"03484","N03_007":"03484"},"id":"03484"},{"arcs":[[[-589,644,645,-615]],[[646]],[[647]],[[648]],[[649]],[[650]],[[651]],[[652]],[[653]],[[654]],[[655]],[[656]],[[657]],[[658]],[[659]],[[660]],[[661]],[[662]],[[663]],[[664]],[[665]],[[666]],[[667]],[[668]],[[669]],[[670]],[[671]],[[672]],[[673]],[[674]]],"type":"MultiPolygon","properties":{"N03_001":"岩手県","N03_004":"普代村","PREF_CODE":"03","MERGED_CODE":"03485","N03_007":"03485"},"id":"03485"},{"arcs":[[675,676,-292,677,-494,678]],"type":"Polygon","properties":{"N03_001":"岩手県","N03_004":"軽米町","PREF_CODE":"03","MERGED_CODE":"03501","N03_007":"03501"},"id":"03501"},{"arcs":[[[-295,679,-645,-588]],[[680]],[[681]],[[682]],[[683]],[[684]]],"type":"MultiPolygon","properties":{"N03_001":"岩手県","N03_004":"野田村","PREF_CODE":"03","MERGED_CODE":"03503","N03_007":"03503"},"id":"03503"},{"arcs":[[-291,-517,685,-495,-678]],"type":"Polygon","properties":{"N03_001":"岩手県","N03_004":"九戸村","PREF_CODE":"03","MERGED_CODE":"03506","N03_007":"03506"},"id":"03506"},{"arcs":[[[686,-293,-677]],[[687]],[[688]],[[689]],[[690]],[[691]],[[692]],[[693]],[[694]],[[695]],[[696]]],"type":"MultiPolygon","properties":{"N03_001":"岩手県","N03_004":"洋野町","PREF_CODE":"03","MERGED_CODE":"03507","N03_007":"03507"},"id":"03507"},{"arcs":[[-496,-686,-516,-519,-500]],"type":"Polygon","properties":{"N03_001":"岩手県","N03_004":"一戸町","PREF_CODE":"03","MERGED_CODE":"03524","N03_007":"03524"},"id":"03524"}]}}}