{"type":"Topology","arcs":[[[46790,44403],[-56,14],[-113,107],[-11,4],[-173,-3],[-157,30],[-18,6],[-192,92],[-160,74],[-68,42],[-30,26],[-101,71],[-54,27],[-177,112],[-60,45],[-19,27],[-67,51],[-98,21],[-70,34],[-101,64],[-29,36],[-48,81],[-44,112],[-37,50],[-58,59],[54,68],[-10,51],[-42,53],[-38,74],[-43,34],[-21,45],[-59,51],[-75,80],[-85,45],[-214,68],[-12,56],[-2,61],[7,34],[75,-48],[97,-47],[-18,-7],[11,-28],[0,-49],[97,-48],[24,15],[26,102],[37,-11],[17,26],[32,96],[-37,39],[-86,-1],[-29,-51],[-77,36],[-29,25],[34,82],[-20,13],[-82,0],[-42,29],[-12,38],[-2,33],[-14,1],[-15,104],[-3,104],[3,54],[40,120],[-1,51],[44,168],[14,26],[6,49],[19,48],[-4,47],[63,26],[114,38],[43,103],[-34,5],[23,36],[-26,17],[-1,14],[21,13],[-14,27],[20,18],[-64,20],[24,85],[319,274],[-3,30],[15,75],[35,46],[-33,50],[-29,144],[-68,128],[-78,132],[-27,65],[-23,32],[-29,81],[-66,153],[-36,104],[-16,24],[9,29],[-51,-31],[-18,35],[11,29],[-14,12],[20,34],[-58,34],[-107,84],[-92,44],[-110,58],[-255,170],[-20,2],[-144,63],[-113,124],[-50,40],[-14,39],[-4,42],[5,81],[24,143],[41,163],[13,152],[-9,40],[-43,38],[-49,68],[53,49],[21,41],[38,14],[66,-5],[208,67],[115,32],[123,54],[37,-31],[77,-47],[83,-4],[74,5],[105,31],[55,2],[19,9],[64,61],[54,-7],[106,-36],[45,-27],[114,-42],[160,-39],[8,25],[85,84],[61,85],[48,44],[20,9],[47,-4],[57,21],[27,27],[113,21],[3,38],[19,10],[83,16],[36,18],[29,52],[-3,103],[16,24],[-10,56],[19,31],[25,67],[19,32],[-26,35],[-34,33],[-8,41],[-35,45],[-35,18],[-32,71],[10,65],[-19,35],[-38,39],[-30,45],[-27,11],[-54,-16],[-36,27],[-16,34],[-10,88],[0,69],[-26,51],[-16,63],[8,25],[9,82],[-21,33],[-16,40],[16,37],[39,15],[22,53],[-5,89],[-15,25],[-57,18],[-48,92],[-44,17],[-31,-10],[-54,-45],[-15,-1],[-41,27],[-70,77],[-25,13],[-62,-9],[-50,24],[-39,0],[-50,-17],[-15,10],[5,20],[-13,42],[-35,32],[-36,17],[-42,47],[-25,101],[3,101],[25,54],[-1,23],[-32,62],[-35,21],[-56,21],[-24,46]],[[44573,53376],[48,32],[44,43],[67,-36],[21,9],[18,52],[21,14],[71,-1],[22,-53],[41,4],[44,72],[63,38],[24,45],[67,8],[38,29],[54,4],[95,-22],[99,16],[55,-28],[26,-5],[92,-44],[90,-20],[32,14],[55,49],[20,4],[28,-28],[73,-33],[64,5],[38,15],[44,40],[12,0],[65,-53],[18,-24],[11,-38],[-3,-48],[26,-45],[5,-40],[64,24],[4,22],[44,13],[12,29],[28,17],[61,6],[14,35],[48,33],[24,5],[26,23],[55,19],[29,60],[28,22],[62,33],[-12,33],[-33,14],[27,54],[55,21],[24,41],[64,20],[40,40],[21,-14],[4,-60],[-28,-155],[7,-70],[11,-23],[54,-74],[-20,-28],[-11,-48],[13,-74],[39,-51],[-16,-42],[3,-27],[43,-19],[40,-42],[27,-13],[95,-1],[19,13],[33,59],[12,36],[35,49],[41,29],[38,88],[27,13],[29,76],[36,11],[34,56],[3,79],[27,40],[28,1],[19,-22],[21,-54],[40,-29],[10,9],[-20,59],[13,18],[52,-3],[66,-27],[46,-5],[2,11],[-73,48],[-11,28],[101,4],[0,10],[-68,12],[5,55],[-6,26],[46,58],[17,49],[39,11],[35,20],[34,7],[156,18],[66,0],[135,-23],[86,3],[28,17],[12,37],[28,9],[43,-12],[19,3],[81,32],[0,104],[31,52],[14,5],[54,44],[25,13],[38,-14],[113,12],[26,46],[-16,49],[-5,58],[-67,38],[-7,18],[-33,26],[-39,43],[-29,65],[24,73],[-26,35],[-33,30],[-44,22],[-69,8],[-42,30],[-97,28],[-72,64],[-136,22],[-120,84],[-52,23],[30,116],[-38,140],[-39,107],[-48,97],[-90,196],[-46,130],[-53,130],[-38,108],[6,8],[43,-17],[182,-26],[55,-5],[71,19],[80,30],[46,-5],[69,-32],[75,-26],[146,-57],[134,-68],[34,-37],[36,-79],[37,-61],[39,-129],[19,-48],[23,-20],[169,-83],[9,9],[51,-27],[80,-30],[148,-24],[52,-22],[42,-45],[27,-60],[13,-51],[27,-37],[135,-95],[3,-44],[-10,-25],[30,-71],[50,-80],[41,-35],[71,19],[8,74],[40,11],[-1,128],[4,105],[-43,44],[-14,-32],[-35,40],[-21,-23],[-41,42],[-25,-39],[-48,-26],[-23,37],[-7,55],[3,69],[12,12],[75,42],[36,26],[4,135],[-23,18],[-38,56],[142,80],[181,106],[54,30]],[[49880,55831],[62,-64],[47,-53],[134,-168],[6,-87],[-121,-77],[183,-128],[268,-190],[39,-25],[17,-2],[29,-66],[61,-35],[62,-79],[12,-51],[-1,-61],[-18,-18],[38,-66],[20,4],[131,71],[13,28],[116,60],[-24,33],[35,32],[16,-29],[59,-45],[25,-32],[58,6],[-27,81],[22,5],[-37,117],[18,6],[-8,37],[25,36],[34,-3],[101,12],[13,-46],[87,13],[121,22],[21,-20],[32,-59],[383,29],[81,10],[215,22],[-47,90],[21,6],[13,-16],[41,-102],[74,-91],[25,-19],[33,-48],[50,-99],[37,-56],[14,-55],[21,-58],[29,-60],[71,-121],[14,-5],[19,-81],[23,-167],[-11,-74],[-64,-3],[4,-77],[-3,-16],[16,-38],[39,-29],[43,-21],[31,-3],[66,15],[91,-45],[63,-46],[9,-48],[-7,-25],[-64,-110],[-11,-78],[-79,-61],[-30,-29],[38,-59],[118,-37],[44,-34],[19,6],[108,-141],[-29,-62],[-17,-16],[-144,-93],[-65,-10],[-37,-31],[-21,19],[-22,-7],[-24,7],[-3,38],[-15,13],[-4,34],[-54,44],[-27,-29],[-70,52],[-103,-98],[147,-131],[14,-49],[13,6],[71,-198],[13,-49],[43,-116],[28,-59],[22,-13],[56,-4],[72,-100],[-72,-47],[62,-88],[46,27],[37,-53],[207,-171],[-76,-75],[-17,-22],[534,-440],[-30,-30],[149,-120],[30,28],[32,-26],[-9,-11],[20,-18],[-63,-64],[41,-36],[-8,-11],[192,-156],[196,188],[-30,22],[129,127],[26,-25],[5,32],[31,-7],[21,67],[26,-22],[55,-16],[6,82],[19,57],[21,29],[55,46],[10,27],[-5,80],[49,1],[3,-27],[24,-6]],[[54646,51706],[0,-21],[-24,-66],[-22,-28],[-25,-58],[-19,-99],[-40,-22],[50,-59],[3,-81],[40,4],[12,-147],[81,-46],[261,-137],[-109,-169],[81,-41],[-64,-107],[-177,-271],[14,-192],[39,2],[131,-69],[-51,-41],[-157,-140],[0,-75],[29,-1],[197,-61],[119,-33],[-19,-71],[2,-52],[-14,-9],[87,-74],[18,-69],[48,-106],[47,-71],[71,-133],[64,34],[62,57],[27,42],[43,98],[31,84],[41,79],[92,108],[80,64],[76,34],[58,10],[70,-7],[37,-10],[63,-33],[55,-44],[70,-75],[103,-134],[10,-18],[109,-162],[88,-102],[43,-43],[60,-49],[128,-96],[93,-63],[89,-53],[92,-49],[81,-50],[224,-129],[61,-31],[155,-71],[68,-29],[89,-25],[80,-13],[201,-47],[183,-37],[93,-15],[174,-21],[198,-34],[110,-24],[119,-34],[175,-61],[82,-33],[107,-49],[119,-67],[124,-73],[-100,-110],[-10,-19],[84,-106],[83,50],[14,-2],[90,67],[11,3],[110,-100],[42,-57],[212,-286],[42,-51],[92,-76],[62,-39],[341,-177],[207,-96],[146,-65],[141,-59],[79,-43],[120,-89],[60,-61],[82,-115],[45,-58],[50,-48],[124,-104],[53,-40],[147,-87]],[[61709,46224],[-62,-24],[-58,-16],[-181,-43],[-58,-25],[-55,-47],[-24,-43],[-17,-80],[-24,-75],[-49,-69],[-73,-63],[-88,-70],[-24,-32],[-56,-101],[-33,-38],[-41,-15],[-31,0],[-113,41],[-47,5],[-54,-22],[-28,-35],[-30,-75],[-39,-65],[-85,-114],[-84,-89],[-75,-41],[-333,-145],[-21,-26],[-7,-34],[3,-137],[-3,-55],[-40,-102],[-48,-151],[-23,-23],[-97,-2],[-193,12],[-66,13],[-50,23],[-47,32],[-34,43],[-37,71],[-32,76],[-26,126],[-15,31],[-66,34],[-58,7],[-153,0],[-75,-8],[-60,-12],[-51,-21],[-56,-34],[-37,-36],[-26,-40],[-8,-27],[4,-41],[16,-46],[-87,-80],[-139,-23],[-17,-6],[-26,-146],[-49,-84],[-24,-20],[-45,-19],[-113,-80],[-76,-45],[-73,-71],[-21,-46],[-28,-20],[-30,-37],[-54,-53],[-4,-31],[15,-66]],[[57870,43789],[-215,-52],[-21,81],[-214,-52],[-15,52],[-82,-14],[-7,36],[-55,-14],[-9,46],[-13,28],[-75,-16],[-26,-15],[-14,-29],[-39,-16],[-35,-51],[-32,-17],[0,-22],[17,-24],[-34,-17],[-43,29],[-34,-29],[-2,-48],[-28,13],[-35,-6],[-10,-43],[-35,-19],[-73,-58],[-44,-8],[-46,1],[-19,13],[-19,68],[-22,-4],[-15,-65],[-15,-32],[-23,-15],[-31,-4],[-88,9],[-57,10],[-7,17],[11,56],[49,106],[-8,45],[-35,-9],[-17,-57],[-34,-34],[-11,-22],[-2,-34],[-19,-60],[2,-27],[20,-27],[-47,-16],[-37,0],[-137,31],[-43,21],[-27,-2],[-71,33],[-32,89],[-18,40],[-30,33],[-38,-81],[-30,-4],[-223,220],[61,52],[-115,115],[-15,29],[-33,103],[-53,115],[-5,20],[6,51],[-19,6],[-17,24],[-28,10],[-55,56],[-14,21],[-15,45],[-3,55],[-31,155],[2,39],[52,213],[1,44],[-19,80],[-15,18],[-28,-10],[12,-62],[-90,-19],[-52,-16],[-44,2],[-80,68],[-81,56],[-75,18],[-71,9],[-98,1],[-50,-30],[-79,-68],[-14,-20],[-28,-75],[-24,4],[-7,21],[-37,29],[-27,10],[-27,-6],[-46,4],[-63,38],[-20,39],[-89,30],[-38,-26],[-69,-176],[5,-47],[31,-51],[5,-49],[-23,-82],[-63,-44],[-93,-40],[-69,4],[-24,-6],[-14,-24],[-108,3],[-89,-12],[-70,-2],[-17,5],[-10,27],[-107,53],[-18,28],[-28,114],[-3,51],[7,51],[-5,28],[-88,78],[-85,57],[-54,16],[-31,25],[-72,-41],[-12,-72],[-2,-104],[6,-28],[-23,-39],[-25,-17],[-65,-27],[-58,-16],[-60,14],[-41,-2],[-43,6],[-57,86],[-57,45],[-49,-58],[-25,-22],[-77,-46],[-21,-3],[-30,34],[-30,21],[-105,37],[-152,59],[-118,35],[-150,37],[-20,1],[-21,-59],[28,-34],[1,-49],[-17,-44],[6,-41],[25,-90],[1,-41],[-94,-3],[-137,11],[-112,21],[-39,3],[-1,17],[-52,-16],[-26,-1],[-86,55],[-71,-23],[-99,-11],[-24,-10],[-23,9],[-107,-20],[-45,13],[-55,8],[-96,-20],[-9,-20],[-49,-28],[-102,-18],[-54,114],[-15,20],[-21,76],[7,36],[-17,41],[-39,31],[-10,35],[20,36],[9,49],[38,33],[9,24],[-25,46],[-18,15],[-33,64],[-34,33],[-17,47],[-29,18],[-28,41],[-54,52],[-39,47],[-15,61],[-40,53],[12,34],[-25,37],[19,28],[-19,69],[4,50],[-58,63],[-35,22],[-16,34],[-34,46],[-28,14],[-47,13],[-45,55],[-20,11],[-16,33],[-13,6],[-81,4],[-23,14],[-52,2],[-55,27],[-8,10],[10,32],[-4,27],[-73,83],[-30,122],[4,38],[25,66],[-1,23],[15,61],[-1,41],[15,32],[0,55],[-11,40],[4,23],[68,78],[-162,49],[-75,-3],[-69,16],[-35,-161],[-12,-31],[-40,-74],[-42,-94],[-36,-62],[-57,-61],[37,-99],[-11,-39],[-37,-55],[-18,-36],[9,-44],[-3,-52],[-32,-34],[-3,-24],[-57,-71],[-61,-16],[-24,-50],[18,-36],[90,-23],[-7,-24],[-165,-164],[-126,91],[-21,-7],[-32,27],[-110,121],[-6,40],[-19,24],[-54,-42],[-27,-44],[-57,-69],[-1,-21],[-45,-55],[-29,-57],[-26,-18],[-28,-43],[-50,-16],[-69,-34],[-54,15],[-31,51],[-49,-9],[-76,-127],[-24,-73],[-42,-29],[0,-32],[24,-59],[32,-7],[36,-60],[42,-29],[-6,-76],[16,-47],[-17,-44],[19,-33],[10,-57],[34,-31],[46,-54],[72,-25],[51,-3],[53,-46],[9,-22],[42,-34],[49,-31],[86,-31],[51,1],[47,-86],[-12,-68],[-33,-44],[-41,-10],[-46,-49],[-38,-26],[-76,-20],[-94,-14],[-57,1],[1,26],[-39,5],[-82,-8],[-51,13],[-45,-1],[-96,32],[-76,7],[-154,-30],[-30,6],[-121,-5],[-64,-20],[-114,-25],[-93,-23],[-62,-3],[-123,21],[-24,8],[-66,42],[-42,46],[-43,36],[-49,3],[-30,-35],[-11,-45]],[[63569,57438],[-76,15],[-213,48],[-106,-39],[-150,-7],[-63,1],[-62,8],[-67,20],[-57,24],[-96,69],[-107,110],[-55,61],[-64,79],[-84,69],[-70,42],[-115,47],[-175,53],[27,89],[15,99],[-7,25],[-75,147],[-155,14],[-294,29],[-92,-58],[-43,-16],[-23,11],[-177,106],[-95,43],[-48,10],[-57,-5],[-49,-15],[-210,-104],[-75,-27],[-62,-8],[-48,1],[-116,13],[-69,18],[-55,5]],[[60301,58415],[-241,2],[-118,12],[-87,13]],[[59855,58442],[37,59],[120,204],[2,41],[-18,87],[-16,55],[-37,70],[-23,26],[-53,25],[-53,-3],[-55,-23],[-10,42],[-10,93],[101,6],[49,-12],[84,-37],[5,116],[3,5],[150,57],[66,1],[-14,208],[130,2],[155,-28],[53,-4],[98,-18],[35,-2],[124,2],[92,-18],[-2,53],[-43,271],[11,21],[-17,20],[9,19],[-3,58],[-22,37],[-3,63],[86,2],[89,-15],[29,-27],[65,96],[-40,48],[39,111],[50,83],[38,-23],[90,-17],[9,-16],[84,-31],[27,-86],[44,-27],[32,-12],[26,-182],[99,16],[-12,51],[68,8],[58,-24],[48,3],[47,49],[90,-9],[34,15],[41,42],[100,-14],[51,30],[10,32],[36,32],[-5,11],[-49,34],[0,17],[-21,62],[-69,37],[-30,24],[-36,63],[15,46],[85,-16],[64,-24],[36,3],[17,19],[2,33],[66,23],[51,31],[84,0],[84,11],[97,39],[86,24],[-17,72],[-29,34],[-14,53],[45,26],[37,53],[85,65],[-25,23],[-50,20],[-18,43],[-39,59],[1,125],[-30,52],[-19,61],[-38,35],[-6,72],[-59,83],[-14,43],[16,57],[-10,36],[-35,51],[-7,32],[2,73],[-12,22],[-52,42],[-32,39],[-7,20],[-40,27],[-59,4],[-59,17],[-47,-7],[-29,25],[-11,53],[14,42],[8,59],[-41,63],[-5,21],[-55,65],[-21,13],[-17,38],[58,80],[-9,55],[19,26],[8,47],[14,24],[47,27],[9,19],[-2,53],[31,76],[-5,18],[-26,25],[-7,32],[3,48],[-46,54],[-5,35],[10,29],[49,54],[18,74],[-9,24],[-30,39],[-23,67],[-101,-4],[-39,35],[-47,79],[-41,38],[-21,47],[-22,17],[-92,13],[-13,20],[-7,84],[13,42],[0,41],[31,57],[-3,30],[-18,19],[-65,22],[-34,23],[-4,64],[4,20],[33,39],[6,21],[-22,20],[-43,5],[-48,38],[-64,-2],[-30,14],[3,105],[-19,70],[17,30],[47,34],[-28,75],[15,43],[-1,69],[13,72],[49,17],[6,34],[-25,59],[-14,20],[1,43],[-102,-11],[-44,-44],[-97,-33],[-77,22],[-18,35],[12,35],[10,78],[15,20],[-2,68],[9,45],[-9,74],[2,56],[24,75],[2,40],[48,22],[17,25],[-10,70],[-15,59],[6,26],[-13,17],[-44,14],[-13,14],[28,38],[-5,34],[-55,35],[-34,61],[2,53],[67,30],[0,32],[-20,38],[-6,40],[27,26],[5,40],[26,33],[36,14],[28,21],[30,4],[22,32],[4,30],[47,92],[4,27],[-25,46],[-36,105],[-27,54],[8,31],[30,47],[25,20],[16,28],[57,30],[20,35],[83,74],[17,38],[-12,37],[20,6],[55,-15],[27,3],[-55,54],[7,54],[26,27],[15,32],[-14,51],[-22,38],[53,54],[18,34],[45,62],[54,22],[20,37],[-7,33],[3,73],[39,49],[1,11],[-29,48],[-67,46],[-21,40],[-32,41],[-13,36],[-18,21],[-123,73],[-73,29],[-7,26],[43,17],[24,61],[23,27],[29,17],[17,22],[-5,40],[7,13],[48,21],[5,39],[-15,69],[-34,44],[32,31],[-10,53],[18,48],[40,41],[48,41],[44,83],[24,27],[1,26],[-36,34],[-59,15],[-32,25],[-18,0],[-22,-24],[-25,2],[-66,-21],[-26,-31],[-20,-7],[-83,49],[-104,-7],[-58,27],[-38,4],[-28,23],[-21,38],[-90,63],[-68,69],[-18,2],[-122,-21],[-65,-5],[-47,-16],[-19,-36],[-47,-15],[-70,9],[-19,-4],[-47,-49],[-63,-21],[-107,-3],[-38,-15],[-43,-38],[-78,15],[-19,-1],[-49,-27],[-73,-6],[-34,3],[-64,30],[-164,37],[-51,-5],[-48,-15],[-10,-21],[0,-45],[-37,-31],[-73,-26],[-52,1],[-20,-18],[-28,-45],[-24,-24],[-26,-4],[-45,19],[-15,33],[-73,67],[-91,0],[-56,38],[-18,-2],[-35,-33],[-46,-3],[-52,-88],[-31,-72],[-16,-81],[-33,-71],[-22,-58],[-37,-77],[-70,-76],[-67,-56],[-38,-5],[-3,54],[-14,82],[-24,87],[-24,45],[-30,36],[-112,6],[-33,23],[-12,64],[-64,92],[-9,26],[3,61],[-22,67],[-5,61],[-17,85],[8,39],[14,15],[5,90],[-7,84],[-14,17],[-34,5],[-49,42],[-60,24],[-18,18],[-9,28],[-33,-3],[-39,10],[-47,27],[-8,12],[8,40],[-37,32],[-34,104],[-19,16],[-61,15],[-18,22],[-32,16],[-16,31],[-26,23],[-42,55],[-21,45],[-48,33],[-24,69],[-41,54],[-24,20],[-13,27],[28,49],[-2,14],[-40,24],[-51,51],[-10,28],[16,27],[-10,16],[-62,32],[-50,54],[-6,42],[-32,22],[-24,0],[-47,-21],[-35,9],[-99,42],[-48,4],[-26,-10],[-66,73],[-34,26],[-5,25],[-23,31],[0,67],[10,28],[-5,49],[37,9],[15,14],[-15,29],[-39,138],[-31,72],[-19,69],[4,66],[45,29],[23,40],[3,19],[37,-7],[23,-18],[46,-7],[52,11],[98,9],[141,-6],[52,6],[33,-4],[36,-28],[30,-47],[27,-19],[31,-8],[58,3],[167,45],[40,6],[34,23],[21,60],[23,27],[18,38],[73,104],[15,75],[10,29],[62,51],[45,11],[49,0],[20,-44],[77,0],[21,-6],[12,-40],[4,-79],[48,-6],[78,38],[60,10],[54,1],[8,30],[-17,32],[-2,39],[18,46],[11,87],[33,38],[8,34],[-1,123],[10,136],[-4,12],[-92,44],[-25,30],[-4,43],[5,71],[8,34],[33,85],[61,40],[92,28],[60,32],[44,32],[33,10],[99,-87],[50,1],[40,-11],[55,-46],[14,12],[27,47],[13,46],[22,19],[-3,16],[-28,20],[-4,52],[17,21],[-14,37],[-70,20],[-58,5],[25,61],[-31,49],[0,30],[-13,29],[7,13],[71,30],[61,14],[-8,52],[14,136],[15,20],[34,18],[28,67],[-36,27],[-60,21],[-18,25],[55,62],[24,37],[0,18],[-18,50],[-49,58],[-71,-56],[-74,44],[-55,20],[-58,41],[-68,14],[-41,20],[-11,28],[39,1],[28,17],[39,-4],[24,6],[13,24],[-1,26],[-55,73],[-20,49],[7,54],[-10,11],[-99,38],[-58,53],[-37,25],[-37,90],[-8,76],[-96,56],[-6,22],[8,51],[-18,82],[-3,77],[-15,27],[32,66],[2,35],[-14,22],[-32,25],[-28,57],[-15,49],[-23,26],[-23,68],[33,10],[46,27],[43,-14],[25,9],[36,56],[54,45],[56,13],[24,83],[46,77],[-3,29],[-19,21],[-23,43],[-11,51],[-21,30],[-40,36],[-4,19],[19,59],[1,67],[-12,26],[-49,45],[-21,32],[16,60],[25,38],[16,55],[47,19],[66,56],[33,-17],[30,52],[21,2],[27,-15],[33,3],[42,32],[61,6],[23,11],[45,54],[69,-10],[56,-42],[22,-10],[33,4],[85,39],[9,18],[15,66],[43,-12],[88,29],[44,4],[20,12],[36,41]],[[59510,75378],[64,31],[44,39],[23,12],[92,-4],[22,-126],[55,-39],[54,14],[17,-7],[25,-38],[13,-36],[27,-37],[26,-13],[40,-7],[51,-30],[35,1],[52,-23],[44,-5],[58,25],[85,-15],[14,-21],[41,-25],[21,-52],[41,-6],[66,-30],[72,1],[31,-88],[2,-32],[-8,-69],[44,-66],[108,-48],[46,31],[32,39],[18,3],[85,-33],[50,27],[38,-88],[16,-10],[41,12],[45,-17],[29,18],[12,35],[29,2],[62,-15],[53,30],[25,6],[86,-24],[39,-23],[69,-4],[29,-19],[27,23],[52,5],[40,18],[4,-26],[17,-11],[47,-3],[20,-15],[19,-43],[30,-38],[39,-9],[9,36],[25,12],[82,15],[15,-3],[61,-34],[39,-5],[50,3],[129,-1],[63,21],[40,1],[48,-24],[95,4],[23,8],[89,-34],[103,-49],[38,-26],[70,6],[72,-30],[27,-22],[61,8],[18,-18],[22,-73],[26,-24],[48,6],[44,57],[15,27],[16,57],[-5,35],[11,22],[44,28],[32,49],[6,46],[29,42],[23,103],[16,38],[48,-1],[20,16],[16,37],[58,-9],[50,49],[52,18],[15,67],[19,33],[31,17],[44,-45],[59,-15],[55,-1],[46,30],[49,17],[15,22],[52,-5],[22,11],[9,23],[20,5],[45,-30],[24,-9],[27,12],[31,-8],[29,12],[46,-11],[9,-17],[2,-53],[30,9],[29,-15],[9,-45],[33,-18],[19,-36],[-2,-23],[17,-19],[49,-28],[43,-3],[16,-15],[-1,-25],[27,-72],[-3,-35],[-13,-22],[36,13],[83,15],[29,-11],[48,7],[71,36],[38,-27],[54,21],[21,-19],[18,-57],[45,-42],[9,-30],[-11,-40],[28,-64],[30,5],[29,-38],[-8,-28],[28,-19],[59,-8],[54,-2],[14,49],[14,25],[81,43],[42,10],[29,26],[35,-21],[31,9],[130,-18],[55,49],[44,5],[58,-14],[106,94],[4,37],[58,82],[96,27],[48,0],[59,26],[107,-11],[30,-41],[53,-18],[25,-37],[70,-13],[11,-7],[34,-55],[19,-4],[84,4],[19,17],[19,49],[23,24],[65,21],[60,30],[29,8],[60,1],[67,18],[96,-6],[31,-9],[41,-39],[24,-13],[43,-1],[17,-10],[35,-161],[17,-18],[80,-41],[10,-12],[6,-44],[27,-13],[12,-21],[51,-25],[37,-24],[79,-62],[65,-6],[37,16],[25,-10],[50,-37],[15,-18],[37,10],[50,26],[99,4],[31,-4],[43,15],[29,25],[29,5],[26,23],[31,5],[66,-9],[55,-54],[22,-10],[118,-23],[77,-27],[214,-99],[38,-12],[190,-39],[26,5],[42,42],[41,23],[127,60],[52,0],[54,-14],[52,-1],[105,14],[20,12],[36,51],[34,1],[51,-11],[67,-7],[40,-18],[84,-15],[58,-22],[33,-21],[97,-49],[162,-57],[160,-45],[103,-22],[33,-21],[62,-23],[20,-46],[36,14],[19,32],[85,-39],[52,-38],[26,-57],[35,-44]],[[70603,73767],[-18,-77],[-13,-97],[1,-70],[-11,-41],[-14,-124],[1,-27],[-16,-53],[-8,-86],[-27,-103],[4,-18],[-27,-164],[-5,-74],[-34,-325],[-13,-18],[-3,-106],[5,-133],[8,-53],[15,-52],[4,-127],[9,-29],[4,-101],[29,-192],[1,-61],[12,-33],[34,0],[-3,-29],[11,-19],[26,-7],[38,-26],[-12,-19],[-35,-4],[-8,-51],[6,-23],[31,-22],[21,-1],[-7,-28],[-53,-9],[-22,17],[-34,-31],[-62,0],[-26,-30],[-4,-42],[-22,-2],[-13,-30],[-23,-10],[-18,-39],[-11,17],[-27,-4],[-29,-22],[-5,-31],[26,-3],[7,-39],[36,-59],[-20,-46],[-17,-20],[-53,0],[-50,26],[-45,-54],[-12,-22],[-22,0],[-25,-17],[-4,-50],[-27,-34],[-29,-6],[-23,15],[-85,12],[-63,-14],[-12,-16],[-3,42],[-11,11],[-66,27],[-18,-26],[-37,-9],[-42,-32],[-23,-26],[-34,-23],[-14,-30],[-31,-27],[-5,-26],[-35,-26],[-7,-23],[-29,-35],[-11,-31],[-1,-38],[15,-14],[-9,-19],[79,-42],[-23,-7],[-79,44],[-41,-63],[-2,-28],[19,-67],[72,19],[8,-5],[33,30],[46,75],[21,21],[12,-7],[-57,-75],[-60,-50],[-109,-22],[-23,50],[-33,13],[-53,-13],[-42,-18],[-13,-29],[6,-18],[-13,-43],[-31,-53],[-60,-55],[-27,-105],[-34,-28],[-28,1],[-14,-21],[2,-23],[-58,-157],[-22,-51],[-32,-32],[6,-27],[-32,-140],[-7,-97],[-28,-62],[6,-16],[-22,-18],[13,-17],[7,-37],[-13,-64],[-23,-51],[-3,-27],[11,-25],[42,-30],[43,-17],[-60,-17],[-14,-28],[-9,-61],[8,-33],[-17,-53],[-34,-40],[-14,-38],[-13,-62],[1,-26],[17,-19],[-2,-71],[-25,-47],[-8,-88],[-7,-15],[19,-18],[-15,-16],[16,-46],[-8,-23],[-36,-57],[-1,-97],[5,-25],[29,-27],[-4,-21],[-61,-32],[-43,-33],[-5,-14],[-41,14],[-42,-5],[-11,9],[-21,-26],[-53,-44],[-7,-15],[-62,-62],[-67,-80],[-17,-36],[-17,-16],[-39,9],[-78,-59],[-5,-38],[-65,-30],[-15,-30],[11,-13],[-20,-43],[1,-51],[-9,-39],[-45,-62],[-61,-65],[-5,-56],[-15,-55],[-21,6],[-8,-21],[21,-6],[-26,-58],[-22,-34],[1,-30],[-60,-86],[-14,-13],[-36,-9],[-35,-50],[6,-41],[-31,-44],[-39,-71],[-39,-103],[-42,-163],[-8,-19],[-31,-6],[-25,-86],[-26,-51],[-17,-22],[5,-37],[-32,7],[-218,-247],[-94,25],[3,-20],[-35,-56],[-36,-77],[-5,-27],[-60,-84],[-24,-72],[-3,-71],[-36,-90],[-18,-92],[-27,-79],[-10,-67],[-10,-32],[-13,-75],[4,-50],[-5,-28],[15,-12],[-4,-75],[4,-17],[-52,-43],[-34,-2],[-18,-45],[6,-85],[82,-63],[-5,-72],[-41,-41],[-75,19],[-18,-29],[-5,-83],[-10,0],[12,84],[20,32],[73,-19],[40,39],[3,64],[-83,65],[-17,7],[-21,-20],[12,-12],[-15,-14],[-79,28],[-30,-72],[-17,-17],[22,-8],[93,14],[-6,-14],[-71,-9],[-23,3],[-72,25],[-58,-45],[93,-138],[-73,103],[-71,-22],[-34,-1],[-39,-31],[-49,-60],[-67,-122],[-28,-63],[-14,-8],[-19,-118],[-26,-44],[-12,-56],[0,-42],[-10,-42],[-26,-44],[-57,-117],[-21,-4],[-3,-52],[-26,-3],[-7,-60],[-27,-48],[-7,-36],[-24,-46],[-40,-109],[-15,-118],[-33,-95],[-7,-56],[-30,-33],[-24,-41],[-52,-143],[-58,-167],[-49,-161],[-8,-12],[-45,-11],[20,-33],[6,-31],[-6,-130],[11,-46],[21,-49],[23,-21],[17,-34],[-2,-26],[19,-57],[27,-50],[32,-87],[-15,-51],[-27,-46],[-1,-38],[19,-10],[42,-101],[-4,-3],[-36,90],[-16,3],[-68,-23],[-14,26],[-21,10],[-45,-75],[46,-25],[36,18],[-46,-42],[59,-29],[63,38],[2,-4],[-68,-40],[-160,88],[-23,-1],[-44,-43],[-65,-79],[-73,-47],[-53,-62],[-22,-65],[-13,-12],[6,-24],[-28,-137],[2,-59],[-13,-73],[-20,-54],[3,-53],[-28,-138],[-14,-40],[-31,-61],[-5,-26],[-59,-108],[-34,-114],[-22,-88],[-63,-212],[-23,-70],[3,-58],[31,-124],[16,-24],[-5,-17],[2,-65],[-36,-74],[3,-44],[31,-13],[2,-14],[-25,-35],[-19,-10],[-63,-15],[-47,-61],[-14,-39],[-12,-94],[6,-52],[54,-111],[54,-29],[-10,-6],[-43,17],[-9,-7],[51,-26],[18,-17],[-5,-24],[-53,-38],[-42,-54],[-48,-48],[-47,-118],[-16,-69],[-1,-47],[-40,-89],[6,-14],[94,-74],[-46,-143],[-95,-101],[43,54],[-4,4],[47,49],[6,32],[33,101],[-80,62],[-29,27],[-38,-41],[27,-20],[-25,-28],[65,-50],[-34,-37],[-56,41],[-71,-76],[93,-71],[-18,-11],[-95,72],[-2,21],[-60,-34],[163,-318],[-10,-55],[-49,-20],[-77,154],[-133,-55],[56,-112],[-6,-2],[-72,-91],[-64,-194],[31,-13],[-16,-32],[-267,111],[-39,-48],[29,51],[-32,23],[-88,-117],[267,-166],[-62,-163],[-192,-3],[-345,84],[-56,-79],[-12,-43],[9,-9],[-24,-80],[-16,-25],[37,-8],[32,106],[22,-8],[-20,-67],[73,-19],[20,68],[-13,8],[272,-64],[329,-81],[70,-129],[272,120],[47,7],[9,-6],[-53,-8],[-562,-249],[-20,25],[-194,210],[-114,27],[-37,-149]],[[64915,57440],[-9,-6],[-247,360],[6,460],[45,209],[10,-2],[-45,-208],[-5,-458],[243,-356],[2,1]],[[65143,57515],[12,-1],[-4,-627],[-17,0],[5,350],[3,0],[1,278]],[[64736,58693],[-4,-99],[-25,-136],[-4,1],[24,136],[5,98],[4,0]],[[65831,61927],[67,47],[6,-9],[-80,-52],[7,14]],[[65038,59485],[-3,31],[10,11],[-7,-42]],[[64670,57067],[7,-2],[-21,-45],[-7,2],[21,45]],[[39436,24218],[-637,95],[-746,147],[-1319,-2],[-2,-4],[-125,-11],[-210,14],[-216,9],[-59,4],[-5,-14],[-177,-10],[-12,-5],[14,-89],[-31,-35],[3,-13],[-68,-17],[-78,-60],[-42,15],[-8,-21],[2,-75],[39,-3],[-6,-85],[24,-11],[23,-27],[13,-32],[61,-4],[0,-36],[-55,-4],[-6,-69],[-12,-32],[-73,-68],[-29,-6],[-41,8],[-34,-10],[-38,-32],[-21,-28],[-29,0],[-12,-27],[-133,-54],[-49,-9],[-40,-19],[-15,-26],[-3,-63],[-18,-49],[-8,-49],[-68,-65],[-62,-26],[-74,-10],[-87,-3],[-16,5],[-107,73],[-54,17],[-54,-2],[-1,-35],[-177,5],[-17,-116],[-39,-158],[-23,-13],[15,-74],[-38,-4],[-26,-50],[-15,-49],[-12,-117],[-16,-190],[1,-27],[-401,272],[-135,94],[-80,50],[-253,174],[-161,106],[-47,36],[-9,-12],[-169,-253],[-16,-10],[-50,-75],[44,-10],[111,-7],[-27,-88],[-13,-132],[-26,-126],[45,-39],[37,-19],[40,-38],[36,-85],[8,-77],[-21,-54],[-67,-26],[-117,-35],[-19,-2],[-59,15],[-33,15],[-37,-50],[-17,-34],[-6,-52],[8,-41],[38,-62],[3,-14],[-20,-34],[-30,-20],[-64,-11],[-26,-21],[7,-23],[46,-22],[14,-33],[-39,-95],[1,-85],[30,-75],[13,-73],[16,-43],[-20,-4],[-19,61],[-15,23],[-10,44],[-38,-4],[0,-25],[-71,0],[0,90],[-12,35],[20,83],[-17,53],[-19,15],[-69,0],[-46,-21],[-34,-1],[-30,-88],[-26,-44],[-45,-43],[-16,-68],[-29,-27],[-18,-36],[-32,-109],[-20,-50],[-57,-21]],[[32320,21321],[-65,55],[-44,-30],[-43,1],[-76,102],[-69,99],[-11,32],[-154,261],[-32,40],[-60,37],[-47,53],[-35,71],[-38,61],[-74,98],[-47,69],[-75,81],[-112,-7]],[[31338,22344],[-40,88],[-34,53],[-17,68],[-4,104],[-12,65],[-33,96],[-69,133],[-15,78],[-25,84],[-15,67],[-43,155],[-59,169],[-33,78],[-19,82],[1,38],[195,14],[82,-14],[89,-23],[58,181],[47,75],[22,44],[77,125],[20,38],[85,34],[186,66],[47,26],[58,15],[66,100],[-3,29],[22,29],[146,58],[20,31],[-4,50],[15,17],[84,30],[36,71],[-16,26],[6,31],[69,32],[43,25],[44,40],[24,12],[49,5],[32,14],[82,114],[28,34],[260,-101],[145,-50],[19,23],[45,-12],[29,74],[45,152],[4,39],[-11,21],[-2,45],[-15,51],[88,-3],[79,-11],[1,25],[-29,24],[-74,98],[-46,35],[-108,45],[-58,19],[-57,2],[-94,33],[-48,37],[-46,50],[-90,125],[-35,44],[-92,69],[-59,25],[-136,16],[-112,4],[-86,12],[-37,141],[-15,83],[-11,97],[15,73],[29,108],[0,116],[49,65],[14,62],[25,39],[40,39],[-8,23],[37,30],[-49,60],[-3,35],[36,60],[-102,14],[-8,102],[-24,-18],[-20,21],[-39,21],[-49,9],[-26,13],[-62,53],[-60,45],[-42,19],[-45,37],[125,140],[-22,19],[-23,36],[-20,4],[-96,1],[36,183],[8,24],[113,-22],[66,-16],[77,50],[69,20],[55,46],[34,102],[-8,11],[40,57],[-10,11],[29,23],[44,48],[-52,58],[27,88],[-9,2],[22,72],[-7,62],[80,18],[23,-3],[2,19],[22,20],[90,51],[-51,65],[-118,118],[-63,43],[-73,29],[-77,67],[-33,21],[-100,51],[-26,17],[-42,43],[-80,60],[-98,50],[-35,7],[-52,0],[-293,-12],[-68,23],[-88,12],[-47,-5],[-67,-19],[-63,-10],[-80,23],[-35,25],[-44,60],[-8,47],[-49,67],[-41,12],[-92,9],[-27,13],[-4,18],[25,50],[-8,18],[-23,7],[-72,-11],[-35,2],[-17,25],[0,44],[-25,30],[-24,12],[-16,51],[-49,45],[-58,-26],[-38,9],[-11,22],[29,57],[-3,11],[-54,36],[-64,57],[-53,35],[25,49],[40,28],[51,-12],[20,23],[-6,22],[-24,19],[-68,36],[-18,-23],[-20,-51],[-28,-2],[-38,-32],[-12,10],[-8,55],[25,7],[40,47],[-27,14],[-34,33],[-36,14],[-17,-20],[-18,36],[-9,49],[34,14],[51,-27],[11,8],[17,40],[-12,110],[14,27],[6,63],[-9,66],[52,16],[-1,31],[-36,26],[-89,-3],[-20,11],[-27,35],[-3,60],[16,28],[63,-1],[10,26],[-26,59],[-17,86],[-20,4],[56,45],[21,-8],[101,58],[72,-57],[33,37],[40,-25],[36,41],[53,-35],[40,54],[24,-63],[-68,-83],[47,-34],[15,15],[44,-31],[32,38],[15,-11],[-50,-57],[353,-254],[56,62],[86,102],[105,-43],[18,-40],[27,10],[9,-21],[83,29],[19,50],[49,-1],[1,43],[23,-3],[-7,67],[-13,28],[-41,35],[-32,-3],[-61,-37],[-45,65],[-30,-20],[-26,40],[-73,-40],[-77,117],[15,9],[-57,92],[-145,228],[-57,93],[190,93],[57,-99],[67,36],[-109,78],[12,19],[82,22],[64,-43],[35,22],[-71,65],[48,59],[49,73],[13,35],[7,76],[71,78],[6,49],[-13,63],[-4,241],[-16,78],[-41,147],[-30,35],[-55,36],[-83,31],[-26,89],[-5,47],[-3,109],[-9,22],[-71,71],[-36,47],[-20,13],[-50,13],[-61,45],[-62,23],[-195,28],[-19,84],[-49,131],[-12,48],[16,26],[11,37],[25,19],[112,21],[33,29],[26,49],[39,37],[30,12],[15,19],[1,61],[11,64],[-7,50],[25,69],[16,20],[106,74],[41,22]],[[30861,33747],[-1,-18],[67,-28],[43,-44],[41,-17],[78,5],[20,-4],[74,-63],[23,-47],[55,-53],[52,1],[20,-8],[41,-38],[28,-4],[31,20],[26,3],[52,-17],[48,13],[36,38],[34,53],[62,13],[73,30],[24,16],[57,-19],[40,2],[53,-28],[59,-4],[59,64],[28,55],[36,23],[28,0],[31,15],[28,39],[77,-32],[39,-34],[13,-36],[165,-56],[83,-31],[129,-23],[41,-48],[50,-27],[43,-4],[60,-21],[33,-18],[46,-35],[33,-10],[27,9],[31,33],[30,3],[25,-10],[59,-4],[31,19],[49,-9],[87,23],[101,5],[90,35],[2,-4]],[[33551,33470],[-11,-126],[-5,-25],[13,-45],[-2,-43],[-32,-64],[57,-74],[41,-32],[72,-6],[53,-19],[37,-66],[23,-20],[42,-15],[73,-10],[169,-28],[63,-24],[29,2],[51,17],[30,3],[88,-26],[198,-52],[127,-36],[108,-24],[49,-21],[93,-83],[58,-78],[80,-49],[66,-64],[66,-8],[68,-244],[28,1],[76,-130],[17,-40],[15,-53],[-3,-47],[19,-65],[42,-95],[20,-183],[8,-52],[21,-82],[49,-30],[53,-24],[24,-25],[-13,-78],[25,-32],[8,-31],[-60,-111],[-28,-29],[-161,-105],[-111,-75],[-49,-56],[-102,-151],[-66,-93],[-170,-151],[45,-75],[-54,-47],[-59,-60],[-65,-59],[-37,-48],[789,-146],[392,-43],[109,-27],[115,-31],[150,-51],[59,62],[91,-64],[73,-16],[46,33],[12,-1],[66,-55],[153,-134],[42,41],[22,-15],[94,-5],[226,19],[324,-89],[41,-10],[145,-11],[42,-15],[47,-4],[95,4],[157,12],[82,3],[138,-7],[79,0],[51,-4],[42,-34],[67,-22],[13,14],[22,-19],[-9,-7],[22,-19],[21,14],[78,-12],[23,-10],[61,-10],[90,-20],[101,-30],[95,-39],[-71,-216],[308,-90],[360,-108],[-19,-59],[69,-21],[41,28],[78,24],[78,4],[112,22],[108,16],[132,-45],[-39,-112],[39,-23],[140,-43],[54,-31],[94,-68],[15,3],[10,51],[31,25],[44,82],[-21,31],[-66,35],[-21,22],[-18,43],[19,-3],[57,-62],[44,-22],[41,3],[68,47],[0,-18],[-44,-41],[-8,-14],[1,-74],[5,-12],[46,-3],[73,-86],[14,-7],[63,19],[20,-25],[8,-83],[-16,-71],[-27,-64],[-14,22],[-30,70],[10,39],[-16,48],[34,35],[-9,5],[-62,-38],[14,-36],[-65,-17],[100,-113],[148,-170],[31,-17],[-8,-13],[-159,-93],[18,-24],[-86,-59],[-53,33],[-24,-31],[30,-20],[-51,-192],[-74,-260],[-40,-67],[-11,-30],[-22,-1],[-4,-66],[-58,-5],[-195,9],[-51,-25],[-37,43],[-11,111],[-13,88],[-9,25],[-46,-10],[-68,27],[-92,-36],[-165,-82],[-81,-43],[-125,0],[-74,6],[-34,11],[-45,-49],[-36,-55],[-74,-104],[83,-71],[80,-117],[0,-25],[-32,-82],[-21,-62],[-8,-56],[107,-37],[156,-76],[98,-39],[3,-32],[-23,-90],[-3,-39],[-11,-40],[-40,-24],[10,-38],[-7,-19],[18,-23],[-9,-26],[10,-27],[23,-25],[-7,-34],[-22,-3],[1,-24],[41,-31],[-3,-42],[-21,-17],[23,-23],[-20,-58],[-1,-57],[20,-43],[-12,-26],[36,-31],[3,-73],[-15,-4],[-40,-82],[-2,-285],[-49,-148],[-22,-19],[-166,-1240]],[[1540,30696],[-37,58],[-63,70],[-37,57],[-152,269],[-34,55],[-59,74],[-106,125],[-114,152],[-44,80],[-152,302],[-29,144],[-40,64],[-49,57],[-46,75],[-26,55],[-24,69],[-23,83],[-22,114],[-12,102],[-12,222],[-8,64],[-17,62],[-37,76],[-104,193],[-52,204],[-9,71],[-13,144],[13,164],[19,186],[19,140],[23,139],[38,208],[44,130],[47,99],[31,86],[-10,65],[-35,53],[-138,106],[-147,110],[-77,71],[-35,75],[-10,57],[-1,78],[6,74],[11,48],[5,36],[57,149],[117,255],[38,44],[30,20],[69,26],[74,-3],[129,-42],[51,-7],[64,21],[30,28],[69,-1],[0,-96],[-11,-73],[20,-32],[78,-33],[31,-8],[76,-2],[45,52],[25,2],[118,-41],[38,-18],[87,-88],[32,-20],[24,116],[25,97],[47,114],[32,57],[4,32],[-22,35],[4,76],[-15,7],[-91,15],[-1,24],[19,91],[15,17],[29,13],[145,-61],[62,-17],[26,41],[51,-2],[91,-23],[58,-20],[18,0],[17,22],[32,-4],[74,-26],[12,16],[14,54],[20,34],[73,39],[63,-12],[31,12],[84,-15],[-2,-42],[-18,-91],[22,-102],[-19,-22],[13,-26],[127,-47],[154,-37],[139,-29],[89,-28],[-49,-138],[23,-122],[5,-49],[17,-21],[105,55],[75,51],[77,46],[94,42],[158,81],[62,36],[41,-5],[160,72],[103,61],[110,88],[21,12],[115,42],[86,44],[115,93],[105,18],[93,59],[161,113],[80,58],[83,54],[113,104],[57,72],[94,97],[30,13],[96,60],[101,32],[164,60],[282,105],[176,57],[86,34],[49,36],[51,21],[87,-4],[14,4],[50,45],[145,43],[151,90],[74,38],[47,1],[66,24],[51,-26],[37,13],[83,3],[26,31],[6,44],[15,11],[52,20],[421,152],[360,141],[254,89],[108,40],[154,60],[213,80],[91,37],[244,92],[330,120],[238,90]],[[9191,38722],[29,-102],[34,-210],[-17,-69],[-84,-257],[-55,-152],[-62,-152],[-42,-39],[-94,-65],[-48,-53],[-13,-33],[-23,-193],[-25,-180],[-6,-55],[6,-166],[11,-71],[118,-185],[182,-266],[17,-53],[6,-67],[1,-89],[10,-67],[101,-141],[15,-13],[107,-48],[111,-55],[111,-50],[73,-45],[54,-39],[111,-88],[20,20],[3,69],[12,166],[-1,27],[-32,232],[-11,62],[-21,28],[-7,41],[-58,89],[-61,504],[-4,46],[37,4],[5,15],[25,3],[54,-13],[94,-2],[159,32],[36,14],[37,3],[64,18],[121,63],[72,20],[119,29],[59,78],[22,36],[36,78],[52,45],[120,-19],[-27,-67],[-3,-23],[16,-59],[9,-65],[7,-105],[27,-38],[47,-84],[25,-73],[67,5],[43,9],[36,-83],[46,-82],[25,-37],[17,-4],[164,0],[43,3],[75,-19],[23,1]],[[11411,36686],[13,-83],[14,-43],[1,-50],[-21,-75],[-4,-61],[17,-24],[-12,-59],[-29,-91],[3,-69],[43,-33],[119,-40],[32,-29],[44,-105],[29,-97],[27,-39],[123,-86],[82,-51],[33,-54],[32,-30],[80,-34],[21,-33],[0,-44],[72,-60],[6,-24],[-7,-67],[-6,-142],[15,-30],[60,-76],[37,-33],[-13,-21],[-36,-30],[-34,-111],[-34,-71],[-65,-116],[-13,-3],[-178,-4],[-9,-126],[14,-30],[16,-121],[56,-41],[-10,-35],[-1,-48],[14,-66],[52,-134],[33,-44],[-4,-26],[-29,-49],[-28,-26],[-31,-15],[-18,22],[-48,31],[-127,48],[-40,22],[-80,16],[-45,15],[-34,44],[-24,44],[-6,29],[10,52],[-7,18],[8,87],[-43,69],[-15,64],[-35,55],[-2,37],[-22,17],[-82,-30],[-89,-40],[80,-152],[-108,-38],[-27,-17],[17,-59],[24,-152],[2,-59],[34,-35],[29,-43],[4,-31],[-15,-42],[-11,-49],[5,-52],[12,-38],[5,-45],[15,-35],[54,-99],[6,-52],[-12,-40],[10,-96],[37,-84],[35,-53],[-39,-99],[-25,-28],[-4,-60],[-24,-34],[0,-38],[-26,-47],[-4,-32],[-44,-54],[-46,-80],[-28,-60],[-9,-100],[11,-41],[30,-57],[40,-39],[33,-70],[27,-34],[55,-26],[20,-29],[-20,-19],[38,-43],[36,-60],[-102,-72],[25,-39],[18,-67],[21,-28],[-22,-12],[41,-57],[22,8],[34,-16],[1,-33],[57,5],[4,40],[46,-4],[-10,-113],[-16,-233]],[[11572,31565],[-154,10],[-37,8],[-51,50],[-258,-195],[-42,108],[-37,82],[-43,-10],[-35,50],[-51,54],[-46,36],[-524,36],[-146,7],[-201,249],[-55,51],[-102,76],[-28,-7],[-200,6],[9,-58],[-9,-19],[-26,-2],[-5,31],[-21,-1],[7,-54],[-55,-7],[51,-66],[23,5],[-7,21],[16,7],[-5,40],[16,0],[20,-101],[17,-40],[50,11],[9,-8],[-9,-34],[14,-5],[-11,-46],[41,0],[1,-69],[49,1],[11,148],[-16,-9],[-46,11],[6,23],[-45,13],[8,38],[14,-1],[5,25],[23,14],[20,-3],[-3,-17],[36,-17],[-4,-19],[46,-14],[5,28],[17,-59],[-5,-110],[46,3],[-11,-31],[10,-39],[-80,-13],[-2,-20],[-29,-73],[-44,-64],[8,-8],[-40,-47],[-9,28],[-21,-6],[-2,-98],[35,-3],[18,-49],[32,-48],[-3,-38],[15,-44],[12,-60],[-5,-76],[-17,-39]],[[9722,31108],[-89,5],[-87,-6],[-51,-11],[-102,-12],[-88,-28],[-57,-24],[-102,-60],[-113,-91],[-47,-57],[-55,-3],[-116,-35],[-60,-8],[-93,-17],[-98,53],[-185,117],[-240,-20],[-5,211],[25,11],[42,0],[9,31],[-26,35],[-34,61],[17,160],[14,67],[-8,129],[15,100],[-2,38],[-33,123],[-223,18],[9,28],[0,60],[-15,135],[-9,31],[-50,85],[-81,-42],[40,-43],[-79,0],[-102,8],[-86,-18],[-86,-4],[-212,8],[-59,5],[-122,-1],[-94,3],[-132,-4],[-21,-10],[2,-16],[34,-48],[-108,1],[-96,-36],[19,-41],[0,-41],[-13,0],[-3,45],[-67,2],[0,27],[-56,1],[-13,43],[-48,36],[-85,-66],[-34,21],[-277,-5],[-27,-31],[-9,-54],[-24,-23],[-55,-5],[-2,-101],[5,-61],[-4,-40],[152,-33],[42,-55],[114,-138],[22,-31],[33,-14],[26,-24],[30,-48],[45,-130],[20,-40],[-3,-32],[22,-210],[6,-17],[-2,-103],[-15,-77],[-44,-127],[-67,-127],[-270,72],[-47,-6],[-49,10],[-105,6],[-73,0],[-22,8],[-60,-37],[-177,15],[-40,8],[-109,43],[-98,91],[-33,40],[-53,75],[-73,27],[-31,1],[-35,-228],[-47,-270],[-27,-163],[16,-9],[36,44],[-16,-113],[24,-27],[-164,-190]],[[4898,29935],[-56,30],[-65,55],[-50,50],[-98,73],[-109,62],[-121,62],[-59,25],[-151,52],[-158,44],[-79,4],[-89,-7],[-367,31],[-270,12],[-135,15],[-149,5],[-233,2],[-49,-1],[-221,-30],[-98,-11],[-43,-1],[-43,8],[-156,46],[-174,53],[-70,25],[-161,73],[-110,57],[-44,27]],[[30861,33747],[10,26],[-21,23],[-5,36],[-23,84],[-14,32],[-23,26],[-18,48],[2,17],[48,63],[-4,14],[-40,17],[-37,66],[-12,3],[-18,52],[-17,21],[-43,10],[-23,20],[-62,39],[-32,28],[-26,45],[-17,91],[-20,33],[-94,95],[-14,30],[-23,79],[-29,23],[-47,14],[-25,25],[-13,27],[59,60],[59,54],[19,44],[35,60],[8,36],[-15,52],[-32,68],[-19,62],[1,28],[-48,26],[-21,24],[-7,46],[-49,27],[-14,31],[8,48],[-30,52],[7,58],[19,39],[29,14],[58,-15],[24,9],[15,21],[-5,34],[-33,28],[-31,52],[3,63],[-6,39],[-23,21],[-53,65],[-38,36],[-9,25],[-30,25],[-89,22],[-22,19],[-16,36],[-19,137],[-50,116],[-17,17],[-35,59],[-28,31],[-33,50],[8,131],[24,107],[17,145],[14,44],[-15,60],[-20,15],[-149,76],[-47,38],[-35,44],[-12,36],[-27,44],[-73,45],[-19,21],[-73,55],[-3,27],[30,26],[32,73],[29,82],[18,28],[47,51],[-2,13],[-29,11],[-57,33],[-147,123],[-23,-4],[-89,-35],[-50,-12],[-54,-21],[-19,64],[-23,17],[-3,40],[-28,54],[-8,92]],[[29007,38076],[45,37],[306,207],[63,28],[29,55],[63,59],[2,33],[34,65],[27,38],[39,-4],[81,7],[21,37],[82,48],[21,28],[48,25],[72,14],[12,12],[5,44],[70,49],[18,23],[-4,27],[12,23],[48,25],[33,65],[74,31],[37,-38],[41,-13],[22,-20],[52,18],[50,-36],[20,-1],[86,14],[30,33],[5,63],[-27,52],[9,35],[-2,57],[-11,25],[6,58],[-50,56],[-23,13],[-25,32],[-57,57],[-63,4],[-2,31],[15,88],[35,35],[47,33],[85,76],[-28,41],[3,73],[33,53],[33,72],[13,13],[45,13],[86,72],[15,42],[-6,28],[32,103],[7,51],[-43,67],[-37,94],[-7,58],[-33,53],[0,98],[6,40],[26,44],[3,54],[19,45],[37,21],[73,55],[61,23],[32,-8],[61,19],[43,41],[35,18],[12,29],[62,31],[30,4],[30,30],[1,55],[-33,77],[13,15],[44,22],[43,6],[28,14],[56,69],[17,10],[62,-3],[22,14],[55,98],[-4,93],[29,48],[25,14],[13,75],[60,90],[18,61],[36,78],[70,97],[47,97],[19,71],[31,36],[29,77],[27,42],[34,31],[18,28],[-4,29],[-31,54],[-35,25],[-12,61],[6,81],[-12,73],[-23,58],[-59,114],[-42,27],[-87,98],[-49,23],[-49,42],[-60,28],[-98,89],[-27,33],[-7,22],[2,63],[-8,56],[-5,84],[19,79],[10,79],[47,69],[7,33],[-78,78],[-29,41],[49,11],[117,38],[32,19],[22,30],[60,39],[35,50],[66,37],[60,45],[50,73],[0,66],[35,61],[3,55],[42,64],[23,47],[20,18],[54,29],[32,41],[81,58],[34,4],[60,-13],[30,3],[55,38],[104,51],[92,-16],[48,2],[52,11],[52,34],[11,21],[6,62],[71,27],[57,30],[64,12],[31,-1],[68,-36],[64,28],[56,46],[50,22],[36,40],[41,18],[33,27],[17,-1],[85,-43],[85,-26],[59,0],[69,25],[76,-6],[86,33],[80,-5],[59,1],[47,-7]],[[33826,45017],[42,-18],[107,-59],[90,-32],[151,-46],[65,-4],[158,-71],[71,-18],[47,-4],[63,-13],[48,-1],[26,14],[37,44],[63,44],[58,25],[81,14],[47,32],[111,59],[18,16],[71,27],[38,39],[40,20],[45,11],[32,-7],[23,-18],[26,-36],[37,-39],[47,-20],[34,-92],[2,-26],[57,-65],[40,-19],[38,3],[39,19],[31,-1],[62,-12],[48,-22],[103,-8],[55,-16],[31,-20],[17,-50],[39,-52],[29,-55],[6,-32],[-6,-46],[34,-37],[50,13],[30,-32],[6,-52],[-14,-90],[35,-73],[38,-19],[117,-92],[35,-33],[46,-12],[30,-56],[76,-76],[16,-49],[46,-68],[67,-75],[12,-35],[0,-33],[-11,-46],[-4,-51],[-15,-29],[-16,-65],[22,-136],[35,-69],[16,-53],[26,-68],[38,-73],[103,-123],[63,-42],[23,-43],[68,-37],[42,-40],[37,-72],[25,-17],[66,-11],[33,-11],[29,-38],[42,-23],[41,-44],[39,-71],[26,-100],[31,-16],[62,6],[35,-13],[32,-31],[47,-55],[17,-89],[19,-33],[73,-69],[21,-9],[101,36],[62,-1],[136,-15],[39,5],[64,-18],[43,-24],[124,69],[66,21],[71,5],[33,-4],[10,-83],[0,-41],[13,-27],[61,-53],[84,-36],[25,-3],[26,-28],[33,-50],[68,-37],[43,-47],[45,-84],[32,-36],[6,-54],[8,-27],[46,-52],[49,-79],[52,-40],[6,-32],[-11,-18],[-1,-38],[9,-27],[75,-50],[67,-5],[29,-13],[59,7],[164,-34],[95,-10],[61,-54],[7,-19],[121,-156],[30,-31],[103,16],[56,12],[27,14],[64,78],[33,19],[113,55],[83,-6],[15,13],[113,-19],[105,-2],[99,5],[9,-7],[66,-3],[66,-13],[40,-1],[16,-12],[44,4],[30,15],[119,-11],[37,-30],[58,2],[53,-14],[80,-41],[21,15],[57,-13],[37,-17],[19,-24],[35,2],[134,35],[42,-5],[36,26],[116,59],[58,17],[73,34],[142,81],[19,-2],[33,20],[1,16],[54,30],[-20,60],[13,7],[107,2],[49,-25],[17,-1]],[[42305,41300],[236,-111],[69,-39],[38,-37],[239,-241],[101,-97],[111,-110],[3,-12],[-45,-1],[-126,21],[-72,15],[-80,5],[-79,-6],[-42,14],[-49,-4],[-59,19],[-131,-36],[-79,13],[-45,-26],[-44,-18],[-117,-18],[-139,-79],[-54,-10],[-83,-5],[-30,-25],[-55,-150],[0,-257],[-1,-271],[-21,-20],[-160,60],[-42,73],[-377,-3],[-8,-21],[-72,15],[-92,4],[-31,18],[-16,-6],[-138,-20],[-37,-33],[-60,7],[-25,-11],[-11,-56],[14,-52],[14,-24],[55,-33],[20,-26],[-54,-51],[10,-30],[-19,-16],[-44,-5],[-70,3],[-57,-71],[-33,-70],[-10,-53],[-41,-86],[-18,-97],[-22,-42],[10,-37],[-8,-51],[-42,-93],[-17,-84],[6,-17],[-37,-151],[-6,-62],[-86,-126],[-36,-62],[15,-9],[-40,-131],[-58,-124],[-30,-169],[6,-52],[12,-29],[-12,-82],[0,-80],[7,-36],[38,-83],[46,-59],[45,-65],[61,-120],[22,-23],[76,-41],[73,-8],[37,-12],[121,-67],[56,-22],[57,-11],[129,-66],[37,-8],[79,23],[32,-16],[60,-69],[113,-90],[55,-55],[52,-88],[38,-51],[26,-22],[88,-44],[106,-29],[223,-54],[57,-25],[26,-24],[95,-135],[83,-79],[25,-7],[60,2],[61,10],[130,43],[23,1],[29,-15],[114,-78],[61,-12],[38,3],[115,36],[63,-5],[36,-13],[35,-24],[42,-61],[23,-53],[17,-75],[10,-111],[-3,-152],[4,-81],[19,-58],[29,-45],[22,-21],[49,-21],[130,-28],[72,-21],[66,-42],[52,-53],[184,-216],[134,-159],[93,-99],[102,-85],[40,-14],[52,10],[263,68],[66,26],[113,52],[59,12],[44,-18],[32,-33],[32,-45],[35,-31],[30,-19],[192,-82],[147,-76],[25,-20],[44,-51],[9,-21],[18,-117],[27,-126],[-194,-46],[-68,-1],[-107,27],[-55,26],[-53,-2],[-69,-11],[-77,3],[-2,31],[21,85],[-16,26],[-114,62],[-35,-8],[-201,23],[-39,-1],[-60,-13],[-29,-14],[-36,-53],[-14,-36],[-43,-50],[-29,-19],[-88,4],[-67,8],[-105,44],[-99,-4],[-37,-15],[-102,-103],[-56,-42],[-75,-29],[-59,-16],[-90,-5],[-140,31],[-57,31],[-86,26],[-158,40],[-52,19],[-6,-100],[-41,-126],[-14,-171],[132,-152],[309,-34],[82,-3],[67,-10],[-25,-186],[-13,-72],[-9,-26],[-83,80],[-25,18],[-66,1],[-52,-12],[-125,-66],[-64,-20],[-35,-68],[-31,-29],[4,-176],[-3,-42],[-46,-87],[-21,-59],[16,-47],[-6,-46],[-23,-16],[5,-60],[-30,-69],[48,-61],[5,-66],[-30,-66],[-4,-26],[14,-80],[-9,-142],[91,-55],[19,-40],[36,-128],[13,-62],[47,-21],[411,-231],[291,-200],[331,-52],[328,-166],[211,-205],[175,-191],[197,-276],[240,-299],[243,-309]],[[45168,30289],[-506,-155],[-328,-48],[-49,-24],[-100,-27],[-29,5],[19,-60],[-24,-55],[-56,-56],[-43,-6],[-62,22],[-29,52],[2,41],[-9,14],[-58,32],[-53,-16],[-46,29],[-45,3],[-37,-8],[-54,26],[-35,8],[-195,63],[-119,29],[-163,31],[-113,48],[-190,-22],[-11,2],[-74,61],[-99,17],[-29,13],[-21,22],[-144,54],[-56,11],[-30,-12],[-57,42],[-81,34],[-51,9],[-12,-21],[-42,-7],[-14,76],[-76,-43],[-170,-91],[-70,15],[-19,-52],[-55,24],[-164,63],[-78,14],[-87,-5],[-4,16],[-154,-14],[-21,-19],[-49,-17],[-45,-26],[-118,96],[-105,3],[-229,20],[-165,6],[-82,1],[-159,6],[-103,2],[-206,-15],[-46,2],[-79,17],[-49,22],[-121,23],[-52,18],[-94,-29],[-112,0],[-222,-16],[-104,-22],[-136,-19],[-495,-40],[-114,4],[-20,5],[15,45],[78,67],[88,72],[68,81],[32,29],[46,68],[54,24],[31,37],[48,39],[-13,27],[67,42],[10,20],[36,25],[35,45],[-5,50],[7,59],[61,6],[65,37],[37,41],[36,81],[46,57],[14,35],[82,50],[37,2],[44,-9],[30,8],[31,35],[58,47],[23,39],[21,61],[65,44],[39,36],[30,65],[17,56],[16,18],[29,2],[34,-34],[35,-21],[31,41],[28,52],[77,182],[29,21],[46,59],[16,32],[6,36],[34,81],[44,78],[-15,40],[-18,-16],[-2,25],[-46,22],[81,127],[9,23],[-64,-8],[-61,8],[-7,199],[16,-9],[51,-52],[31,-23],[51,-2],[38,-54],[27,-12],[53,29],[98,23],[48,21],[73,62],[88,53],[44,15],[53,7],[5,9],[-68,67],[-32,59],[-14,66],[-26,44],[-6,37],[-57,126],[-22,75],[-32,64],[-53,-14],[-42,74],[-12,37],[-20,15],[-219,139],[-98,-119],[-30,22],[-179,96],[-30,-12],[-19,8],[-22,111],[32,29],[156,159],[-42,23],[-73,51],[-202,127],[5,52],[-57,34],[-39,30],[-11,-49],[-76,-159],[-39,76],[-59,45],[-69,-76],[-48,-42],[-56,-61],[-5,-24],[28,-25],[41,-2],[4,-10],[-20,-32],[8,-24],[-17,-16],[-30,22],[-34,-23],[-49,-15],[-30,-28],[-12,44],[-43,-5],[-23,11],[-57,56],[7,18],[22,-18],[32,32],[20,-14],[17,20],[38,-12],[18,21],[-29,26],[-20,-9],[-20,11],[25,148],[21,79],[7,64],[-7,87],[34,1],[49,-23],[24,53],[4,42],[-71,30],[-98,46],[-106,69],[-54,24],[-66,46],[-71,31],[-59,9],[-62,34],[-31,9],[-130,78],[-15,26],[-12,76],[-63,140],[-50,95],[-28,29],[-84,71],[-69,36],[-53,35],[-78,16],[9,30],[-19,6],[-3,34],[7,48],[-18,5],[37,98],[-1,19],[31,108],[4,67],[-40,41],[-42,16],[-4,39],[-40,42],[-53,34],[-70,78],[-147,13],[-55,-7],[-155,38],[-38,18],[-178,-11],[-83,6],[-77,13],[-52,-12],[-39,4],[-65,36],[-46,33],[-17,3],[-106,-48],[-36,-2],[-47,14],[-41,45],[-39,80],[-29,32],[-68,51],[-42,7],[-102,-16],[-74,-19],[-88,-38],[-34,-4],[-92,42],[-35,6],[-59,44],[-2,-12],[26,-41],[16,-87],[-4,-105],[-28,-117],[4,-71],[26,-82],[33,19],[34,7],[36,-7],[18,-20],[-25,-13],[6,-36],[-27,-30],[210,-117],[175,-96],[25,27],[32,4],[32,-12],[18,-29],[16,-104],[61,-25],[64,-65],[28,-15],[62,-14],[161,-116],[-5,-32],[-33,-75],[-41,-65],[-64,-14],[-106,2],[-85,-7],[-71,16],[-43,3],[-91,-5],[-70,-15],[-31,3],[-28,14],[-28,1],[-40,-33],[-68,-2],[-50,-6],[-112,21],[-32,-1],[-39,-27],[-20,-78],[7,-60],[-12,-57],[-5,-54],[9,-44],[-7,-27],[-42,-56],[1,-29],[-23,-35],[-42,-42],[-47,-19],[-105,-6],[-106,-28],[-38,-5],[-61,-36],[-51,-46],[-48,-18],[-57,-42],[-33,-11],[-112,46],[-13,-9],[-33,-63],[-52,-27],[-94,-18],[-110,-12],[-71,-82],[-42,-56],[-135,-22],[-58,-42],[-46,-20],[-24,-27],[-22,-52],[-29,-33],[-43,-86],[-33,-42],[-60,-37],[-55,-73],[-58,-46],[-88,-12],[-33,-15],[-40,-28],[-46,-9],[-102,-44],[-85,-30],[-33,-17],[-43,-4]],[[9191,38722],[28,19],[9,116],[10,24],[63,99],[139,194],[48,63],[60,94],[59,160],[51,154],[21,78],[27,179],[33,180],[51,257],[53,226],[31,84],[20,35],[130,178],[58,185],[25,49],[68,81],[172,157],[197,142],[25,47],[3,110],[-23,77],[-51,116],[-135,276],[-103,209],[-43,96],[-25,81],[-63,232],[-5,33],[10,131],[17,47],[97,149],[23,24],[59,82],[42,111],[10,34],[36,54],[3,20],[62,16],[37,40],[46,29],[4,22],[36,47],[21,65],[-9,29],[18,13],[14,60],[70,38],[10,54],[44,19],[5,20],[38,28],[14,111],[28,23],[51,61],[-5,20],[40,36],[10,19],[31,19],[18,44],[65,57],[67,24],[236,-40],[40,-44],[59,0],[140,-17],[1,16],[39,-4],[36,8],[86,61],[231,119],[107,164],[36,30],[22,-16],[16,9],[73,-55],[79,-72],[58,45],[63,-40],[38,-9],[25,4],[36,39],[17,55],[57,-6],[51,7],[-1,75],[-10,116],[26,25],[-39,29],[160,205],[51,-21],[3,30],[-39,167],[135,-13],[171,-12],[42,16],[64,-7],[32,-23],[20,-2],[68,-91],[12,-26],[-10,-55],[-3,-54],[-11,-30],[-28,-41],[-71,-76],[-46,-76],[-11,-59],[-48,-53],[-29,-48],[-23,-59],[-13,-89],[2,-47],[12,-84],[19,-35],[36,-23],[74,-62],[56,-4],[42,17],[19,17],[30,48],[35,17],[78,68],[36,13],[38,-1],[52,-21],[81,-7],[35,-12],[68,-38],[90,-27],[43,-33],[70,-77],[95,18],[96,30],[42,-56],[54,34],[54,25],[80,-135],[85,-131],[-44,-33],[-53,-51],[-101,-65],[-24,-8],[-42,7],[-32,20],[-31,-29],[-4,-17],[1,-113],[3,-50],[67,-2],[2,-90],[77,-21],[25,-14],[46,-12],[64,3],[33,29],[29,6],[-2,29],[12,18],[32,19],[5,-35],[-14,-26],[45,-3],[-13,-12],[21,-41],[1,-70],[90,-3],[2,-29],[77,0]],[[14778,43282],[-4,-65],[-75,4],[-2,-96],[-87,0],[-5,-50],[3,-50],[35,-92],[0,-44],[-43,-75],[-20,-19],[-40,-7],[-63,9],[-41,44],[-56,-6],[2,-87],[78,-15],[91,-1],[84,-22],[64,-12],[-13,-278],[75,-46],[161,-82],[93,-42],[23,-33],[35,-159],[56,-188],[19,-52],[-382,-464],[-2,-18],[28,-162],[13,-63],[6,-66],[-25,-65],[-43,-66],[-60,-51],[-20,-51],[-2,-31],[-25,-61],[-47,-101],[-23,-38],[-22,-17],[-269,-162],[-20,-9],[-45,-1],[-15,-8],[-38,-47],[-117,-126],[-85,-110],[-50,-60],[-73,-81],[-23,-34],[-29,-70],[-14,-67],[0,-42],[34,-74],[59,-94],[43,-51],[73,-74],[70,-48],[103,-57],[158,-108],[82,-45],[85,-59],[51,-54],[165,-193],[42,-59],[83,-81],[93,-110],[51,-78],[23,-99],[-20,-134]],[[14961,38329],[-249,-27],[-35,-11],[-253,-54],[-11,-8],[-12,-85],[18,-58],[80,-7],[10,-20],[80,-201],[-94,-61],[-26,-13],[-52,-42],[71,-106],[10,-67],[-9,-86],[-36,-31],[-30,-11],[-55,1],[-62,25],[-78,92],[-72,79],[-67,53],[-73,44],[-78,20],[-89,1],[-18,-5],[-72,-63],[-33,-47],[-17,-43],[-3,-55],[11,-83],[22,-76],[48,-76],[83,-199],[22,-104],[17,-66],[24,-141],[-85,-10],[-182,-99],[-58,-56],[-34,-11],[-29,-20],[-54,62],[-76,70],[-53,44],[-19,5],[-127,-31],[-20,20],[-25,69],[-43,25],[-32,6],[0,69],[-36,-2],[-15,-62],[-60,11],[-48,40],[2,10],[-60,64],[-35,31],[-9,38],[9,11],[-32,13],[-38,-38],[-47,36],[10,38],[-75,49],[-46,5],[0,131],[-54,-2],[-3,-8],[12,-120],[-76,-2],[-68,-9],[-19,-34],[-253,-326],[-147,94],[-20,18],[-47,21],[-81,45],[-25,19],[-54,63],[-45,86],[-54,74],[-93,-17],[-32,-27],[-10,-133],[31,-25],[-14,-57],[45,-17],[12,-19],[-13,-24],[-38,10],[-99,53],[1,-80],[-19,-16],[-36,-13],[-38,-1],[5,-58],[27,-125]],[[29284,16150],[8,10],[-280,193],[-115,60],[-354,182],[-266,110],[-86,49],[-75,53],[-61,53],[-66,76],[-77,97],[-9,78],[-50,84],[-167,271],[46,23],[-52,87],[-45,68],[-45,81],[-46,-7],[-59,269],[-35,148],[64,12],[-9,105],[4,79],[-34,160],[-34,144],[150,29],[-23,102],[-18,42],[-33,50],[14,10]],[[27531,18868],[12,9],[40,-63],[28,-84],[82,-374],[47,-7],[4,-29],[-17,-2],[30,-97],[14,-59],[-2,-48],[-23,-74],[-50,-110],[-19,-73],[-2,-45],[-15,-102],[9,-35],[78,-98],[70,-49],[44,-9],[33,-19],[46,-40],[72,-42],[29,-43],[22,-54],[43,-35],[68,-85],[66,-89],[125,-197],[16,-16],[18,-51],[16,-83],[13,-28],[34,-31],[64,-44],[215,-119],[20,7],[15,24],[61,-34],[137,-67],[47,83],[44,-67],[52,-47],[47,-31],[67,-27],[91,-53],[82,-34],[201,-101],[40,-10],[-13,-21],[73,-41],[105,-19],[27,1],[36,55],[-24,44],[-60,45],[-62,35],[-99,38],[-36,22],[-57,45],[-114,77],[-46,70],[-32,75],[7,30],[32,228],[-21,3],[8,61],[-39,5],[3,65],[-9,18],[-36,29],[-37,45],[-27,46],[-39,21],[-37,40],[-72,59],[-44,79],[-48,60],[-20,39],[1,51],[16,75],[31,47],[9,32],[40,0],[11,287],[9,221],[4,166],[-23,0],[0,72],[17,0],[-3,84],[-68,114],[-167,293],[-69,130],[4,110],[35,70],[5,41],[-137,31],[-10,17],[12,17],[-47,53],[-67,9],[-34,28],[-38,48],[-33,10],[-103,119],[-74,76],[-64,76],[-28,73],[-15,62],[-10,12],[-72,41],[-23,21],[-15,47],[-20,28],[-78,54],[-28,36],[-39,110],[-51,59],[-12,33],[-2,30],[24,59],[31,109],[5,54],[57,89],[22,83],[31,60],[17,7],[89,-17],[13,59],[70,-62],[21,-30],[-33,-256],[-15,-29],[13,-4],[-9,-161],[9,-73],[35,-70],[37,-48],[273,-308],[-16,-50],[150,-165],[354,-393],[96,-49],[102,-119],[12,-28],[7,-76],[13,-79],[37,-136],[35,-72]],[[29308,18618],[30,-41],[13,-44],[-16,-101],[-2,-31],[15,-72],[8,-67],[1,-96],[-22,-130],[6,-49],[26,-56],[14,-92],[-36,-99],[-5,-62],[44,-71],[8,-28],[-4,-94],[7,-48],[22,-33],[28,-28],[62,-47],[13,-35],[0,-75],[10,-28],[97,-93],[33,-37],[1,-46],[22,-25],[55,-29],[51,-13],[22,2],[86,43],[34,3],[101,67],[7,18],[-8,37],[55,22],[16,-45],[9,-62],[81,2],[4,-80],[-41,-81],[-29,5],[3,-36],[19,-74],[3,-38],[11,4],[64,-120],[48,-51],[29,-22],[79,-47],[117,-46],[0,-16],[37,-7],[46,-57],[30,-28],[25,49],[28,-11],[102,-23],[81,-31],[34,-70],[99,-12],[45,-77],[82,-38],[14,-12],[51,2],[122,-49],[38,-31],[74,-35],[19,-41],[42,-19],[73,-9],[77,-89],[26,-19],[32,-49],[55,-20],[58,0],[58,39],[26,35],[53,45],[22,32],[57,106],[31,75],[70,123],[78,88],[58,96],[15,46],[8,68],[18,86],[-2,38],[-68,132],[94,-61],[55,-54],[101,-106],[33,-39],[85,-113],[48,-57],[44,-43],[120,-103],[144,-69],[92,-72],[169,-230],[46,-54],[99,-111],[28,-121],[12,-113],[27,-80],[25,-133],[1,-20],[-17,-27],[-30,-19],[4,-23],[-44,-67],[46,-37],[11,-30],[32,43],[13,-16],[-18,-28],[12,-61],[25,34],[-9,22],[38,50],[24,5],[14,23],[38,9],[24,65],[75,166],[51,44],[-60,122],[10,19],[197,284],[62,94],[99,142],[63,80],[-65,-4],[-11,41],[13,39],[31,39],[-13,31],[5,45],[49,44],[64,75],[19,31],[46,119],[-1,32],[-27,64],[-5,47],[56,131],[9,11],[163,-6],[34,-6],[94,-78],[32,-70],[18,-19],[38,-19],[35,-34],[18,15],[25,71],[16,135],[3,122],[7,83],[39,64],[20,43],[5,36],[17,182],[-30,-1],[-4,65],[-24,3],[4,63],[66,-7],[49,-11],[135,-52],[98,-58],[75,-59],[45,-84],[51,-55],[35,-23],[89,-43],[113,-43],[32,-16],[146,-95],[96,-55],[71,-30],[288,-85],[78,-36],[184,-134],[164,-126],[64,-68],[56,-42],[177,-118],[109,-61],[34,-13],[58,-9],[105,1],[239,23],[93,13],[193,36],[50,5],[128,-3],[79,-7],[67,-17],[82,-51],[154,-131],[88,-55],[116,-49],[75,-50],[99,-79],[23,-22],[189,-129],[73,-61],[32,-46],[26,-69],[-4,-91]],[[38996,15370],[-4,-45],[3,-66],[42,-79],[40,-50],[73,-72],[88,-94],[48,-60],[64,-93],[-52,-59],[-66,-58],[-52,20],[-140,-1],[-71,-12],[-63,-21],[-85,-51],[-19,-45],[-42,-157],[-31,-91],[-35,-64],[-17,-52],[-29,-29],[-12,-65],[-26,-78],[-21,-79],[-39,-184],[-6,-43],[-21,-55],[-24,1],[-1,-73],[-10,-256],[-86,1],[-5,-81],[83,-57],[38,-12],[-31,-242]],[[38487,12968],[-387,-120],[33,-63],[-126,-42],[-23,5],[-253,-75],[-31,-22],[-36,-11],[-35,-23],[-6,-186],[-164,-64],[-31,25],[-239,-89],[-234,-206],[-120,-101],[-41,-32],[-38,-44],[1,-42],[-20,-27],[-58,-30],[-50,-2],[-33,-17],[-12,15],[-71,-41],[-13,0],[-58,-33],[-11,12],[-198,-114],[22,-32],[-89,-57],[22,-35],[-56,-36],[65,-103],[-28,-15],[26,-39],[-20,-13],[52,-71],[-92,-33],[7,-16],[-70,-27],[-9,-16],[10,-24],[-45,-33],[-184,-64],[88,-219],[-225,-84],[-81,-35],[-85,84],[-40,55],[-71,71],[-47,-7],[8,-15],[-54,-25],[-11,9],[-71,-28],[-15,22],[-75,-31],[19,-43],[-113,-52],[203,-243]],[[35274,10486],[-371,-181],[-35,52],[-137,157],[-181,197],[19,15],[-57,62],[12,10],[-98,121],[23,17],[-50,58],[-13,-7],[-41,45],[32,25],[-88,102],[-13,-6],[-107,129],[91,86],[6,15],[-148,167],[-185,-132],[-21,-9],[-41,47],[-54,-44],[-117,121],[-134,-109],[-39,-18],[-70,-1],[1,32],[-88,-1],[-2,78],[-134,-2],[1,-13],[-44,0],[1,-98],[-305,-4],[-2,25],[-34,10],[3,16],[-40,14],[-21,-32],[-37,-3],[-53,6],[-17,-63],[-35,8],[-2,-14],[32,-8],[-35,-117],[-31,8],[-12,-40],[32,-11],[-11,-53],[38,-14],[-34,-91],[-56,-67],[-40,-97],[-31,-39],[-27,1],[-18,15],[-68,-2],[-49,16],[-30,-14],[-95,13],[-27,-18],[-39,-4],[-25,8],[-37,31],[-30,8],[-77,-1],[-47,14],[-52,3],[-18,-8],[-18,-29],[-16,-8],[-84,6],[-78,-13],[-86,22],[-28,-4],[-85,-47],[-35,-10],[-24,4],[-49,24],[-27,-1],[-6,15],[2,76],[-267,3],[-4,31],[-30,15],[-8,-9],[-5,-51],[-32,-11],[-70,9],[-22,-30],[-74,-10],[-45,18],[-31,-27],[-33,-7],[-40,2],[-19,10],[-42,64],[-56,12],[-44,21],[-105,-14],[-69,0],[-31,8],[5,29],[-129,65]],[[30177,11060],[41,36],[90,99],[112,91],[-69,163],[-40,80],[-10,46],[2,51],[9,52],[18,33],[59,50],[59,-5],[48,-14],[37,-28],[55,-61],[33,-148],[10,-17],[33,-18],[27,-1],[44,18],[53,32],[71,62],[62,63],[55,29],[132,33],[65,11],[45,21],[143,171],[14,8],[134,-4],[272,-17],[155,0],[5,15],[-57,158],[-17,-5],[7,-40],[-15,-2],[-8,38],[-24,-3],[8,-47],[-22,-2],[-15,63],[71,20],[12,-6],[68,60],[36,-30],[36,34],[-72,73],[-60,-53],[7,24],[-218,44],[63,178],[41,-10],[42,162],[-20,1],[-2,41],[15,-13],[34,-5],[9,37],[1,48],[-131,22],[-68,22],[6,127],[-2,47],[-21,121],[-38,89],[-34,54],[-31,32],[-51,34],[-50,25],[-43,2],[-113,-27],[-75,13],[-31,23],[-229,235],[-57,38],[-42,19],[-190,51],[-30,28],[-106,176],[-37,41],[-47,33],[-194,71],[-32,30],[-27,57],[-22,83],[-3,66],[11,53],[38,113],[25,143],[95,-6],[73,-28],[15,7],[28,81],[29,43],[16,91],[18,39],[42,48],[8,94],[-180,74],[138,256],[6,36],[-97,70],[-168,134],[-64,54],[-32,19],[-42,15],[-143,63],[-87,64],[-192,188],[-102,102],[-55,38],[-122,79],[-137,92]],[[33326,15880],[-29,0],[-25,89],[-18,82],[24,5],[118,-24],[24,1],[8,-33],[41,-114],[-143,-6]],[[14947,38005],[141,49],[34,6],[140,38],[115,24],[68,-46],[21,21],[132,34],[10,-40],[365,80],[-31,25],[-68,41],[-106,50],[-18,28],[-3,39],[44,36],[35,62],[23,23],[44,2],[83,23],[43,42],[64,84],[25,7],[2,17],[86,42],[44,-10],[58,-2],[44,-9],[63,-25],[36,-7],[13,56],[-23,47],[30,54],[15,68],[-22,50],[14,34],[-7,38],[15,19],[161,34],[15,-50],[249,52],[50,14],[29,72],[31,27],[34,13],[47,-3],[116,-42],[63,-53],[21,-257],[16,-93],[11,-26],[22,-97],[119,-405],[17,-50],[23,-87],[88,-14],[62,-18],[25,-39],[72,-39],[39,-69],[125,-23],[105,-17],[24,-20],[18,2],[89,57],[101,14],[29,-15],[32,0],[23,12],[33,-1],[53,21],[-15,28],[7,74],[-18,59],[12,47],[-24,82],[22,39],[4,30],[-29,54],[14,43],[-6,38],[-28,48],[-22,16],[-52,-18],[-27,26],[42,52],[2,55],[69,-1],[6,-47],[16,-54],[14,-10],[45,-161],[29,-120],[16,-22],[11,-53],[13,-110],[32,-8],[57,-115],[47,-72],[33,-70],[-97,-53],[10,-19],[116,59],[44,-6],[57,-27],[43,-33],[38,-54],[6,-53],[19,-19],[32,-13],[54,1],[75,28],[62,-43],[-50,-66],[101,-74],[13,-3],[53,49],[27,58],[12,62],[13,117],[19,63],[-9,60],[21,56],[22,100],[-16,80],[6,150],[5,60],[20,1],[-7,-161],[6,-76],[28,24],[90,-37],[52,3],[239,24],[72,-1],[30,-10],[5,-17],[83,-1],[13,6],[-2,69],[36,80],[56,80],[32,70],[34,-5],[-6,-27],[301,23],[19,-170],[6,-5],[97,4],[21,-12],[112,-132],[26,14],[135,57],[95,-113],[164,96],[-4,-49],[18,0],[2,-57],[68,4],[2,95],[36,105],[18,105],[-23,11],[-1,66],[11,56],[16,21],[6,45],[-5,75],[-21,88],[-21,27],[-5,26],[45,19],[59,11],[16,-26],[8,-62],[-17,-38],[-9,-49],[4,-129],[-11,-55],[-1,-42],[21,-79],[2,-36],[-14,-54],[-8,-59],[8,-43],[68,-78],[6,-22],[-24,-74],[-2,-56],[37,-148],[18,-42],[0,-22],[-54,-44],[-12,-23],[27,-57],[41,-13],[127,4],[64,-9],[27,-32],[27,-72],[6,-51],[-20,-159],[-32,-35],[-16,-41],[-2,-47],[27,-28],[26,-12],[100,-20],[11,-31],[-26,-45],[-44,-42],[-35,-52],[-46,-43],[-11,-34],[7,-70],[36,-111],[34,-39],[54,-22],[-8,-22],[9,-53],[-124,-73],[-82,-67],[14,-17],[38,20],[61,23],[22,1],[36,-41],[134,-137],[253,73],[181,51],[94,-113],[76,-98],[18,-18],[88,62],[69,55],[149,-28],[11,75],[82,49],[47,59],[53,-23],[57,-62],[24,-55],[47,-63],[58,-53],[10,-20],[15,-91],[1,-52],[13,-45],[40,-58],[-1,-35],[-21,-49],[-3,-37],[40,-34],[15,-3],[60,14],[140,45],[139,54],[27,16],[152,107],[41,-41],[117,-104]],[[23932,35617],[-43,-2],[-9,-13],[10,-45],[-4,-30],[8,-46],[24,-25],[34,-2],[35,10],[63,-14],[10,-41],[-61,-14],[12,-29],[-43,-18],[77,-71],[-11,-5],[-159,28],[-65,7],[6,37],[132,36],[-71,69],[-157,-65],[-12,3],[-59,129],[-13,22],[-52,-36],[-28,-32],[49,-105],[22,-54],[-53,-1],[-96,-8],[-113,-17],[-88,-17],[-122,-33],[-108,-36],[-96,-49],[-76,-62],[-101,-77],[26,-34],[33,-64],[111,65],[21,-65],[35,-68],[-38,1],[3,-23],[-21,-2],[-103,-70],[25,-35],[-97,-58],[50,-60],[31,-30],[14,-27],[4,-68],[61,-15],[12,-77],[102,-41],[8,-13],[-16,-47],[-23,-4],[-30,-21],[-51,-8],[-25,-44],[-31,3],[-14,-15],[-4,-50],[81,-37],[187,-59],[-39,-62],[-35,-47],[-36,-59],[-61,-114],[-42,3],[-31,30],[-39,-18],[-1,-35],[-84,36],[-58,18],[-80,36],[-52,-46],[-12,-64],[-150,27],[-25,-118],[-32,-78],[-18,1],[-196,52],[-63,-92],[-15,-38],[-83,29],[-14,-4],[-16,-58],[-7,-67],[0,-58],[-17,-110],[24,-162],[-8,-68],[-16,-61],[-15,-76],[1,-87],[5,-51],[-4,-39],[-37,-69],[-86,-129],[-71,-83],[-37,-38],[-68,-59],[-22,-27],[-5,-25],[9,-38],[36,-42],[66,-51],[106,-114],[14,-27],[-9,-44],[-39,-47],[-58,-50],[-17,-39],[8,-32],[39,-56],[5,-35],[-28,-52],[-6,-30],[-5,-93],[-30,-107],[-7,-59],[11,-58],[-2,-52],[-33,-109],[-24,-62],[-64,-122],[-41,-66],[-52,-47],[-122,-67],[-36,-57]],[[21301,30679],[-91,10],[-22,7],[13,27],[-5,21],[-82,20],[-191,22],[-5,-46],[-68,1],[-10,-83],[3,-65],[-25,0],[-7,-118],[-112,-4],[30,116],[14,69],[13,26],[-149,48],[-564,189],[1,15],[-289,98],[-60,17],[-57,40],[-230,61],[7,95],[-46,2],[-1,-55],[-41,-3],[-3,67],[-182,7],[-2,-48],[-27,-1],[-6,-20],[-114,4],[-3,-12],[-66,2],[-4,61],[-114,-14],[-5,-27],[-69,29],[10,57],[3,62],[-52,4],[-1,84],[-40,4],[-8,44],[12,58],[-24,17],[-15,-31],[-36,-49],[-44,-48],[-30,7],[-71,36],[-42,-68],[-34,17],[-28,-35],[-188,-49],[26,-208],[-6,-134],[-16,-126],[-151,5],[-46,-59],[-6,-28],[-25,-28],[-135,-20],[-65,32],[-34,7],[-88,-4],[-148,-24],[-14,-12],[-38,3],[-32,14],[-62,48],[-53,0],[0,-14],[27,-5],[-6,-32],[-38,-59],[-15,3],[-94,-124],[-68,57],[-66,38],[-171,128],[-63,-67],[0,-21],[17,-105],[-71,-26],[-81,18],[-61,0],[-35,-38],[-35,-11],[-16,-100],[-23,-36],[-59,19],[-75,-6],[-45,2],[-85,-15],[-35,8],[-26,17],[-38,45],[-15,39],[7,131],[-10,48],[-11,148],[10,86],[21,78],[-1,36],[-26,39],[-32,86],[-5,57],[-78,71],[-111,149]],[[15838,31457],[6,63],[-3,135],[-7,59],[11,74],[26,102],[-8,121],[25,112],[28,67],[44,67],[87,73],[25,7],[68,-8],[12,39],[-111,-2],[-114,2],[-217,15],[-35,23],[-40,39],[-52,61],[-23,81],[-15,35],[25,91],[36,-16],[-14,73],[69,8],[0,13],[56,-5],[4,19],[-49,48],[58,76],[25,44],[72,-38],[39,49],[28,47],[32,-2],[-11,18],[24,66],[-20,13],[-8,22],[-24,21],[60,61],[55,-36],[49,-38],[29,43],[-5,12],[-45,15],[-48,24],[0,13],[29,28],[70,-23],[73,5],[-18,12],[9,14],[21,-5],[17,18],[31,-17],[66,-13],[95,-51],[74,-59],[11,-29],[83,-61],[34,-30],[18,-2],[125,40],[14,-35],[70,22],[35,-71],[-9,-10],[-67,-22],[1,-14],[74,-172],[-32,-12],[11,-25],[-67,-75],[-53,7],[-9,-32],[-81,-26],[-7,-26],[-57,-10],[9,-55],[-57,24],[-37,-48],[21,-37],[-86,-73],[-42,1],[-72,-17],[94,-78],[11,-17],[-4,-43],[-16,-53],[-67,-93],[68,-134],[31,-67],[259,101],[32,-62],[30,-8],[199,81],[32,-64],[65,22],[-34,68],[47,36],[28,43],[7,58],[23,32],[39,18],[33,-18],[32,-56],[66,-45],[104,-42],[18,62],[16,0],[12,73],[-2,41],[-38,26],[42,7],[29,55],[25,19],[49,-3],[-40,74],[2,28],[-22,59],[-47,109],[31,8],[100,15],[63,1],[4,168],[15,249],[-2,44],[-14,81],[-64,93],[-47,47],[-153,93],[-127,96],[-258,198],[-23,20],[3,87],[-1,148],[5,73],[23,92],[50,126],[62,107],[11,28],[23,110],[8,75],[3,187],[7,140],[-11,60],[-29,90],[-113,248],[-73,66],[-61,28],[-93,17],[-104,-14],[-102,-36],[-151,-63],[-81,-31],[-89,4],[-75,31],[-31,40],[-100,184],[-55,144],[-64,206],[-20,39],[-94,137],[-51,69],[-44,82],[-65,95],[-12,35],[-9,96],[3,58],[23,90],[46,134],[53,148],[18,97],[-2,71],[-15,61],[-32,69],[-31,56],[-78,103],[-305,345],[-117,82],[-93,77],[-55,59],[-45,75],[-17,54]],[[21109,30417],[-4,52],[19,-3],[39,-32],[41,-17],[-19,-35],[-62,13],[-14,22]],[[21301,30679],[6,-49],[30,-50],[36,-40],[27,-42],[15,-72],[-2,-62],[-20,-75],[-79,-121],[-7,-33],[-70,-6],[-65,-13],[-25,-14],[2,-93],[11,-19],[37,-26],[-26,-39],[19,-45],[20,-6],[73,0],[17,-42],[-22,-30],[14,-31],[28,14],[29,-2],[101,8],[36,-8],[58,-68],[16,15],[23,-26],[-35,-76],[-2,-26],[22,-27],[67,-39],[-35,-96],[16,-78],[14,-24],[-2,-22],[-48,-110],[-25,-74],[0,-61],[23,-96],[-17,-44],[-68,-69],[-37,-52],[-41,-83],[-10,-71],[-17,-21],[-41,-29],[-71,23],[-12,-27],[75,-47],[19,-58],[-21,-51],[41,3],[56,-6],[21,-53],[22,-36],[25,-24],[27,-41],[33,-70],[36,-104],[25,-39],[59,4],[173,72],[29,-16],[45,-97],[89,-63],[43,-105],[0,-107],[-14,-61],[-45,-65],[-35,-31],[-14,-46],[-21,-29],[-75,-52],[-126,-61],[-65,-70],[-54,-38],[-94,-38],[-155,-82],[-40,-27],[-7,-28],[15,-54],[-12,-48],[34,-80],[6,-48],[15,-33],[39,-62],[13,11],[74,35],[57,-1],[11,-13],[30,-81],[-6,-27],[-24,-42],[-4,-22],[17,-42],[47,-24],[18,-15],[38,-72],[43,-59],[4,-17],[-8,-90],[0,-47],[18,-82],[13,-27],[21,-83],[-52,-23],[-141,5],[-43,-10],[-16,-18],[-2,-39],[18,-114],[77,-16],[32,0],[82,14],[57,15],[114,-4],[12,-8],[55,-155],[26,-47],[40,-38],[78,34],[53,15],[62,9],[5,-27],[-203,-94],[-20,-13],[-18,-31],[-10,-46],[-20,-28],[-54,-53],[-49,-60],[-29,-70],[-14,-72],[22,-13],[91,48],[35,13],[25,-4],[52,-89],[21,-64],[-1,-34],[-16,-17],[-39,-4],[-79,35],[-52,28],[-14,-2],[-38,-35],[-10,-30],[16,-38],[63,-31],[47,11],[22,-15],[44,-4],[50,-14],[40,3],[42,-26],[-25,-22],[-46,-87],[1,-21],[59,-52],[35,-10],[62,12],[77,48],[173,119],[25,-18],[29,-39],[6,-27],[-7,-35],[-1,-65],[13,-24],[106,-114],[87,-120],[18,-30],[57,-57],[117,-100],[81,-52],[86,-87],[44,-65],[97,-169],[37,-75],[10,-45],[2,-58],[-7,-64]],[[23272,23700],[-48,-44],[-23,-61],[-8,-93],[4,-47],[39,-54],[41,-44],[-5,-49],[27,-27],[10,-41],[-27,-168],[-1,-51],[25,-56],[101,-85],[37,-67],[-1,-31],[-62,-73],[-44,-57],[-132,-147],[-68,-67],[-51,-25],[-30,4],[-84,40],[-45,-9],[-37,-31],[-27,-38],[-41,-81],[-22,-17],[-122,-10],[-103,-31],[-66,-4],[-126,14],[-22,27],[-41,-1],[-51,-11],[-52,-31],[-23,-25],[-11,-30],[84,-15],[73,-18],[21,-11],[-14,-54],[-37,-4],[-74,6],[-36,-9],[-19,-30],[-23,-85],[-28,-13],[-102,-9],[-19,-18],[34,-28],[-22,-72],[-23,-39],[-50,-36],[-56,-14],[-21,-37],[-6,-50],[-29,-19],[-50,7],[-31,61],[-45,42],[-27,2],[-17,-28],[-53,-34],[-61,-51],[22,-65],[-36,-18],[-28,26],[-97,117],[-60,-45],[21,-97],[-128,-126],[-59,-29],[-63,27],[-42,6],[-40,-9],[-32,-43],[1,-27],[13,-23],[73,-58],[25,-55],[3,-27],[-25,-51],[-51,-43],[-60,-14],[-9,19],[6,66],[-106,2],[-38,-19],[1,-28],[19,-23],[80,-76],[65,-85],[98,-120],[32,-66],[8,-43],[10,-9],[56,-5],[45,10],[31,-107],[110,24],[204,48],[51,-176],[-141,-33],[53,-192],[-318,-71],[-50,186],[-175,-40],[-10,-35],[-62,-9],[-27,-45],[-24,-63],[-89,-20],[-35,-23],[-25,-33],[-38,-80],[-25,-35],[-33,-26],[-75,-37],[-61,-3],[-44,15],[-79,55],[-44,14],[-79,0],[-49,27],[-9,25],[15,14],[95,51],[23,24],[12,54],[-14,32],[-21,18],[-34,12],[-38,-2],[-88,-21],[-27,0],[-8,17],[10,65],[-17,112],[-38,18],[31,104],[-12,34],[2,45],[-54,34],[-11,20],[-78,-30],[-52,-13],[-27,-14],[-31,-69],[-43,-112],[-46,-1],[-85,8],[-57,-1],[-81,-10],[-7,-20],[5,-102],[21,-79],[48,-111],[43,-68],[52,-68],[61,-108],[56,-110],[2,-16],[-93,-132],[-35,-17],[-59,-40],[-58,-63],[-9,-25],[-3,-53],[29,-23],[18,-33],[-13,-28],[18,-48],[-37,-83],[16,-77],[85,3],[7,-144],[14,-19],[10,-75],[-1,-59],[-10,-159],[-27,-14],[-65,-2],[-33,-82],[-48,-73],[-6,-44],[-48,-34]],[[19472,18441],[-35,-15],[-99,-29],[7,-67],[-44,-13],[-24,41],[-15,12],[-65,-16],[-2,-33],[-49,-16],[-94,-50],[-21,17],[-33,-6],[-46,-39],[-18,-4],[-27,14],[-29,1],[-14,37],[-30,-1],[-17,16],[-74,7],[-4,24],[-99,9],[-41,10],[-78,80],[-45,21],[-195,4],[-41,5],[-118,25],[-30,2],[-86,-23],[-26,4],[-46,40],[-39,9],[-61,-2],[-50,-19],[-81,4],[-34,7],[-112,3],[-53,9],[-47,25],[-30,0],[-65,-38],[-46,-2],[-13,-75],[-24,-23],[-105,-53],[-55,-32],[-65,-21],[-48,-29],[-7,-14],[40,-54],[46,-51],[23,-40],[-4,-23],[-45,-35],[-50,-18],[-88,-45],[-48,-44],[-8,-44],[8,-58],[21,-39],[13,-63]],[[16907,17733],[-108,83],[-10,4],[-220,38],[-211,29],[-122,13],[-41,-7]],[[16195,17893],[-6,66],[-6,119],[-17,440],[-7,126],[-7,173],[-14,318],[-34,323],[-80,85],[-12,60],[-4,112],[-16,21],[-56,40],[-41,49],[13,92],[16,66],[36,99],[18,90],[-13,49],[-24,56],[-31,117],[-7,61],[-38,190],[-14,59],[-104,1],[-10,145],[-37,119],[-3,26],[10,80],[-5,81],[39,32],[1,172],[107,-1],[21,27],[52,-9],[21,42],[56,74],[16,38],[4,32],[-9,44],[-19,36],[-17,80],[-40,50],[-7,21],[-8,67],[77,21],[34,19],[103,47],[132,25],[102,17],[60,25],[88,-15],[39,2],[38,29],[19,37],[47,17],[75,-25],[2,-20],[36,-11],[33,0],[-6,124],[105,-8],[188,56],[-32,68],[113,40],[34,-61],[62,31],[109,67],[2,21],[32,75],[28,19],[23,-56],[28,-50],[226,-155],[16,26],[77,2],[52,23],[33,0],[50,-26],[19,28],[-18,134],[5,137],[-3,49],[-115,57],[-44,26],[-42,38],[-9,38],[6,63],[24,44],[52,52],[73,49],[32,13],[51,11],[102,-25],[122,-20],[46,4],[28,17],[53,60],[23,55],[22,186],[16,37],[77,122],[21,56],[-9,79],[-13,23],[-25,18],[-24,1],[-74,-18],[-60,8],[-35,27],[-23,28],[-43,35],[-75,51],[-36,50],[2,34],[-13,29],[-10,84],[-46,51],[-85,37],[-75,69],[-70,36],[-9,26],[13,27],[27,2],[52,-14],[117,-21],[159,-44],[68,-10],[-146,-70],[47,-64],[-7,-6],[76,-106],[-42,-33],[43,-36],[27,-10],[71,20],[32,-4],[47,-30],[126,-37],[101,133],[-32,70],[-86,168],[7,8],[58,-39],[112,118],[-126,103],[49,49],[-206,187],[-49,43],[-24,40],[-26,20],[-196,-153],[-139,-107],[-81,-65],[-77,-57],[-163,124],[84,108],[44,46],[112,87],[-72,85],[-161,181],[-202,235],[-337,386],[-57,75],[-42,441],[254,22],[-10,129],[-32,313],[26,3],[-8,110],[12,10],[7,172],[21,177],[2,60],[-5,45],[-27,60],[-40,35],[-222,136],[-9,8],[-57,-31],[-101,-49],[-56,-36],[-121,124],[-442,454],[-256,265],[-86,82],[-78,-63],[-67,82],[-40,32],[-39,-5],[-28,13],[-37,37],[-44,25],[-47,56],[20,20],[-53,52],[-20,66],[-33,42],[-66,56],[-29,33],[-66,65],[-79,103],[-39,62],[-47,47],[-117,53],[-59,20],[-76,18],[-66,2],[-100,-7],[-79,-1],[-77,-7],[174,232],[-181,105],[-178,110],[79,129],[-25,28],[9,14],[-57,63]],[[14268,29545],[187,170],[15,21],[41,180],[-6,13],[-56,22],[-45,-31],[-48,20],[-25,22],[-12,25],[29,11],[-89,59],[-18,21],[21,15],[-20,78],[94,-2],[-6,58],[-98,-1],[0,45],[-13,-5],[-53,102],[127,35],[51,-74],[3,-40],[19,-17],[0,-40],[96,43],[-31,26],[-29,50],[-33,82],[-98,153],[-130,184],[101,-24],[16,-35],[35,-29],[53,-54],[54,-41],[138,89],[82,48],[80,53],[29,3],[41,26],[-21,29],[20,1],[75,-50],[22,2],[81,-63],[47,-25],[141,-53],[59,-10],[13,-56],[14,2],[-3,22],[44,0],[11,-12],[155,-20],[67,-21],[2,-35],[27,-12],[8,-80],[175,38],[-54,220],[-159,314],[49,20],[15,-52],[55,-30],[23,-21],[19,11],[12,39],[29,18],[13,33],[2,52],[9,16],[88,19],[26,14],[0,13],[27,17],[-18,88],[-17,122],[12,101]],[[53261,81416],[32,-16],[60,-5],[48,32],[52,8],[77,34],[22,22],[64,38],[26,23],[46,25],[35,33],[30,17],[88,38],[39,35],[22,38],[85,2],[35,38],[59,34],[45,-12],[25,7],[47,30],[71,-12],[15,4],[-11,39],[-41,50],[18,41],[39,26],[63,19],[30,23],[6,25],[-2,83],[5,51],[-6,60],[23,59],[11,49],[68,25],[72,39],[75,74],[15,68],[44,7],[21,32],[28,22],[11,25],[-13,39],[15,16],[69,32],[40,10],[27,22],[65,5],[52,19],[14,38],[-9,41],[-3,67],[12,46],[24,44],[-21,10],[-8,21],[19,37],[-8,40],[-22,18],[-45,56],[-43,11],[30,89],[8,60],[-62,31],[-15,18],[41,63],[71,34],[31,2],[18,-23],[49,-5],[36,30],[16,46],[41,4],[19,-13],[44,16],[30,-1],[20,-22],[-2,-55],[19,-16],[18,4],[38,34],[43,-35],[53,-8],[17,33],[42,42],[50,9],[90,-1],[48,-7],[55,-23],[82,-53],[32,32],[72,35],[25,26],[9,51],[-32,93],[5,24],[34,50],[13,47],[71,38],[63,-22],[50,-11],[79,-24],[41,-17],[60,-1],[42,7],[20,-26],[24,-11],[41,1],[34,12],[26,32],[9,47],[37,20],[69,-6],[39,16],[42,110],[15,22],[76,39],[52,65],[18,44],[12,69],[-6,60],[8,35],[31,43],[2,44],[22,82],[-24,50],[-8,41],[27,29],[42,5],[47,19],[21,34],[8,60],[-1,78],[-37,49],[92,52],[37,12],[43,-1],[36,29],[-7,33],[27,24],[131,47],[104,11],[71,19],[38,21],[76,50],[-14,37],[4,81],[39,29],[11,21],[-28,61],[-32,53],[3,17],[47,61],[-16,30],[4,86],[-3,46],[-16,24],[-47,29],[3,54],[19,34],[66,33],[81,23],[80,43],[98,26],[6,38],[26,46],[30,23],[60,22],[34,21],[32,67],[11,48],[98,89],[33,53],[4,27],[-14,58],[8,84],[22,53],[2,36],[37,21],[70,6],[93,35],[105,-46],[39,-21],[29,-5],[63,3],[58,-38],[20,-4],[95,9],[62,32],[28,38],[126,3],[18,31],[73,7],[19,10],[6,61],[20,24],[31,11],[38,-9],[92,40],[17,-3],[161,-106],[59,39],[69,35],[37,33],[72,149],[48,10],[93,-34],[23,-25],[29,-14],[66,1],[48,-25],[18,-2],[-12,23],[4,41],[28,70],[17,5],[54,-32],[71,-31]],[[60381,86954],[21,-18],[56,-24],[39,-36],[24,-84],[24,-100],[-9,-43],[-77,-17],[-18,-36],[-1,-45],[25,-32],[-2,-43],[-35,-34],[-16,-28],[-39,-22],[-13,-23],[-6,-41],[-48,-11],[-34,-18],[-24,-29],[-28,-13],[-31,-42],[-49,-54],[-48,-42],[-15,-20],[13,-40],[45,-41],[0,-40],[14,-31],[-18,-26],[-43,0],[-89,13],[-53,-2],[-58,-20],[-16,12],[-25,-18],[-16,-28],[-69,-35],[-4,-38],[18,-23],[-32,-23],[-18,-31],[6,-58],[21,-35],[52,-37],[-24,-60],[-33,-46],[-62,-5],[-62,-21],[-23,-15],[-16,-38],[-24,-25],[31,-34],[97,-52],[53,-25],[114,-47],[29,-57],[-11,-42],[20,-33],[-10,-58],[5,-39],[-12,-98],[24,-56],[24,-37],[33,-24],[-1,-12],[-84,-72],[13,-47],[-14,-150],[17,-75],[2,-36],[-10,-19],[-58,-48],[-7,-44],[-31,-49],[-28,-15],[-18,-25],[-83,-94],[-51,-7],[-50,44],[-42,-7],[-27,-62],[-54,-92],[-84,-80],[-20,-29],[-52,-41],[-39,-56],[-46,-45],[-5,-25],[13,-18],[-37,-73],[-32,-36],[7,-46],[-13,-41],[1,-50],[-42,-68],[-31,-17],[-16,-29],[-2,-28],[-49,-67],[-32,-19],[-41,-43],[-24,-44],[-80,-78],[-3,-29],[31,-37],[34,21],[22,0],[21,-18],[58,-65],[6,-17],[-31,-80],[11,-35],[23,-36],[-16,-32],[-75,-21],[-19,-13],[4,-35],[-38,-12],[-51,-52],[-17,-24],[-5,-41],[-95,-26],[-29,2],[-41,-13],[-49,5],[-45,-87],[8,-93],[-9,-35],[-25,-25],[1,-17],[32,-28],[10,-35],[-6,-79],[4,-39],[-29,-78],[1,-68],[-13,-71],[13,-15],[51,-30],[23,-48],[56,-49],[8,-32],[-15,-46],[-4,-62],[7,-41],[-8,-59],[5,-20],[30,-39],[35,-26],[8,-45],[-21,-40],[-42,-25],[-38,-38],[-22,-54],[5,-23],[46,-25],[96,-23],[104,-16],[20,-18],[19,-59],[-51,-61],[-44,-36],[-69,-8],[-60,-21],[-46,-4],[-23,-25],[1,-92],[-14,-39],[5,-41],[-22,-26],[-66,-41],[-24,-30],[-28,-60],[-54,-16],[-32,-31],[-7,-20],[11,-74],[-21,-66],[-50,-49],[-6,-24],[-33,-45],[-14,-63],[1,-27],[29,-87],[1,-76],[62,-26],[56,-10],[29,2],[22,16],[33,-5],[71,-39],[70,-12],[13,-15],[19,-118],[39,-55],[2,-17],[-10,-105],[18,-38],[46,-13],[49,-112],[5,-40],[36,-42],[27,-18],[17,-25],[64,-55],[49,-9],[36,-36],[71,-29],[63,-6],[38,11],[24,29],[52,21],[23,41],[35,27],[19,61],[11,11],[50,-16],[30,-18],[38,-57],[39,-15],[19,-20],[64,-28],[85,-56],[54,-12],[38,-105],[20,-34],[-50,-33],[-24,-112],[-24,-41],[-3,-58],[-16,-34],[-50,-44],[-13,-19],[-11,-120],[17,-48],[-73,-82],[-6,-18],[1,-80],[50,-16],[73,-34],[55,-40],[3,-32],[-38,-59],[-6,-27],[12,-16],[70,-37],[-22,-101],[-11,-11],[-38,-2],[-34,25],[-29,10],[-47,-75],[-15,-31],[15,-40],[8,-46],[14,-31],[39,-24],[14,-24],[-15,-38],[50,-25],[56,-60],[27,-62],[83,-27],[5,-31],[-8,-73],[33,-35],[92,-36],[17,-19],[-1,-24],[-28,-15],[-47,-66],[-10,-43],[37,-47],[32,-10],[44,-31],[15,-36],[-13,-67],[-17,-38],[-54,-24],[-65,-17],[-13,-23],[-2,-62],[-50,6],[-56,19],[18,-59],[-39,-40],[-74,-16],[-23,-29],[0,-27],[19,-22],[3,-59],[13,-48],[18,-34],[38,-19],[13,-49],[73,-39],[22,-19],[-12,-90],[7,-57],[-31,-37],[23,-66],[-43,-87],[-27,-39],[-2,-55],[-26,-68],[-25,-47],[-52,-23],[-27,-5],[-1,-45],[-13,-18],[-41,0],[-23,-47],[6,-54],[-19,-46],[-37,-40],[13,-80],[22,-42]],[[59855,58442],[-96,22],[-51,20],[-65,44],[-51,75],[-21,50],[-10,40],[1,77],[-11,99],[-29,68],[-61,90],[-68,75],[-94,62],[-63,29],[-103,22],[-79,10],[-127,-10],[-149,-27],[-109,-15],[-68,-45],[-42,-49],[-11,-64],[-41,-72],[-37,-34],[-106,-37],[-52,-9],[-124,-8],[-75,18],[-65,38],[-145,108],[-27,24],[-90,59],[-123,31],[-75,9],[-118,19],[-71,3],[-202,-8],[-262,-29],[-93,-6],[-160,-49],[-80,-31],[-72,-24],[-58,-36],[-21,-24],[-35,-74],[-51,-160],[-70,-130],[-26,-37],[-115,-127],[-34,-24],[-66,-9],[-18,-34],[-28,-32],[-8,-28],[-38,-47],[2,-34],[-13,-24],[21,-61],[-18,-20],[-51,-14],[-59,35],[-68,69],[-29,40],[-10,49],[20,86],[9,118],[-9,88],[-10,29],[-33,38],[-89,56],[-45,7],[-87,-19],[-22,-12],[-22,-29],[-16,-48],[16,-49],[-1,-45],[23,-49],[-14,-19],[-60,6],[-41,-5],[-98,-33],[-50,-34],[-70,-28],[-57,-1],[-63,14],[-62,40],[-104,91],[-47,38],[-129,95],[-47,55],[-58,51],[-44,29],[-162,86],[-200,90],[-165,87],[-64,22],[-286,79],[-165,102],[-66,53],[-49,26],[-80,33],[-112,73],[-74,73],[-80,110],[-33,26]],[[52991,59625],[-18,22],[-15,37],[-29,40],[-53,37],[-5,23],[20,119],[58,226],[-21,124],[-14,58],[-27,82],[-26,42],[-75,46],[-116,53],[-106,42],[-105,35],[-35,17],[-78,56],[-64,29],[-35,46],[5,103],[-2,53],[-17,108],[-17,28],[-61,69],[-29,42],[-28,65],[-61,117],[-52,78],[-71,91],[-15,102],[-21,56],[128,108],[-33,58],[-17,73],[-39,118],[-23,32],[-42,41],[-47,60],[28,35],[78,23],[42,-14],[34,-32],[120,-62],[123,-45],[51,-24],[54,-10],[45,14],[124,28],[-29,52],[-16,52],[1,39],[54,119],[-76,29],[-43,1],[-168,-11],[-126,-5],[-32,4],[-55,27],[-89,74],[-86,75],[-16,19],[-11,36],[11,43],[-72,44],[-14,3],[-46,-17],[-27,31],[4,22],[-17,17],[24,42],[23,-8],[-2,-30],[57,40],[15,-6],[15,29],[24,10],[-9,47],[40,9],[29,25],[-57,40],[-38,19],[-37,90],[-21,41],[-105,71],[-6,16],[42,43],[-15,107],[-6,67],[-28,31],[-7,62],[-72,21],[-14,-3],[-22,-30],[-36,-25],[-26,-44],[-27,-11],[-37,1],[-14,10],[-33,53],[-37,25],[-35,124],[-18,8],[-20,39],[-49,58],[8,74],[-1,54],[-14,19],[-59,54],[-13,44],[-69,94],[1,5],[76,25],[75,-69],[4,38],[57,-12],[31,8],[32,25],[45,-9],[54,7],[58,-21],[76,28],[77,-17],[7,7],[-3,53],[-20,45],[14,70],[51,26],[13,35],[4,61],[-39,37],[-10,20],[-18,81],[-17,43],[-30,24],[-66,-15],[-22,8],[-23,24],[-90,67],[-27,45],[-21,5],[-17,23],[-8,49],[-27,72],[28,27],[1,38],[10,35],[24,26],[-4,36],[-39,122],[-4,26],[-21,29],[-60,59],[-52,3],[-11,20],[-6,39],[-22,24],[-6,22],[17,33],[38,35],[-5,34],[-57,26],[-71,13],[-75,6],[-48,23],[-29,31],[-8,35],[13,12],[46,79],[-11,34],[13,26],[-9,37],[14,64],[-11,66],[-49,23],[-65,69],[-18,27],[-1,50],[22,54],[20,28],[-49,22],[-49,43],[78,70],[41,19],[10,40],[7,85],[29,69],[5,54],[20,48],[3,54],[35,63],[29,17],[24,28],[46,28],[-13,48],[4,27],[-17,45],[-27,32],[12,40],[61,23],[54,-1],[62,-9],[38,10],[49,37],[1,38],[20,20],[-10,38],[-28,28],[0,41],[-40,25],[0,73],[9,19],[50,54],[3,29],[48,40],[23,39],[8,32],[-24,41],[-2,31],[12,26],[2,36],[-28,59],[-42,29],[-36,-21],[-18,7],[-3,38],[-11,24],[-29,23],[-68,32],[-45,0],[-24,18],[-4,37],[-29,15],[-29,82],[-25,40],[-48,5],[-23,39],[-27,27],[-15,38],[-60,48],[-45,1],[-13,35],[-18,13],[-9,27],[-87,14],[-18,28],[-10,61],[-35,122],[-18,19],[-7,71],[28,89],[-19,64],[-25,60],[-51,-4],[-17,24],[-34,6],[-33,17],[-28,25],[-29,46],[-44,14],[-98,12],[-43,23],[-28,45],[-110,19],[-46,19],[-37,27],[23,95],[15,23],[50,21],[36,46],[0,46],[15,38],[-12,36],[-34,31],[2,18],[29,46],[53,10],[4,18],[-20,51],[0,92],[7,17],[53,30],[12,22],[-5,27],[14,11],[52,-12],[58,21],[64,49],[-7,18],[14,40],[20,21],[46,26],[20,23],[10,50],[16,30],[31,7],[20,74],[54,68],[10,60],[58,44],[11,46],[16,28],[25,-11],[50,-51],[48,-30],[32,-6],[13,-16],[65,-13],[74,45],[5,27],[25,69],[82,86],[22,33],[53,45],[3,22],[-21,72],[33,55],[20,99],[24,-20],[60,21],[22,49],[22,6],[42,-25],[62,45],[27,6],[34,-33],[9,-27],[-11,-94],[-44,-59],[35,-26],[-23,-45],[8,-24],[49,-37],[21,-4],[19,17],[101,59],[47,50],[54,29],[44,13],[55,44],[40,-14],[79,-17],[5,28],[44,30],[32,43],[42,37],[18,38],[7,53],[-16,40],[6,50],[12,33],[30,35],[34,83],[16,58],[32,34],[55,15],[45,19],[28,-1],[33,-37],[13,-3],[112,76],[20,51],[10,46],[-9,104],[6,30],[23,46],[-6,18],[-25,1],[-22,20],[-24,55],[-1,25],[49,37],[22,52],[-12,21],[-62,16],[-4,51],[-41,37],[-37,8],[-23,29],[-69,34],[-20,4],[-52,-11],[-32,9],[-46,26],[-46,37],[-51,89],[4,38],[-46,26],[-5,43],[-25,34],[-5,24],[-58,40],[-35,51],[-3,53],[37,46],[17,33],[56,40],[55,10],[37,52],[19,39],[63,43],[56,12],[36,15],[83,89],[-22,91],[3,52],[103,138],[31,74],[44,71],[47,68],[68,31],[86,5],[7,11],[-58,36],[-15,16],[-35,62],[-58,37],[-40,53],[-8,31],[2,78],[8,23],[2,49],[-10,30],[-23,26],[-26,51],[-39,-11],[-30,-42],[-28,-3],[-40,26],[-12,35],[-30,22],[-42,2],[-99,-49],[-54,6],[-63,45],[-21,34],[-17,51],[46,32],[-10,48],[-28,27],[-15,43],[-22,13],[-28,45],[-26,15],[-51,44],[-42,1],[3,28],[52,35],[24,-1],[28,-19],[28,7],[56,93],[-10,31],[-19,21],[-48,28],[-15,22],[3,47],[-44,-5],[-14,-24],[-47,13],[-7,24],[24,18],[22,45],[25,0],[12,15]],[[51838,74616],[-9,29],[-35,21],[31,33],[3,20],[-27,20],[-71,-21],[-31,1],[-7,19],[44,14],[14,24],[-30,58],[-21,29],[-35,23],[-23,56],[53,28],[-7,41],[-70,-6],[-8,27],[18,51],[-8,13],[-98,31],[-34,-11],[15,44],[-29,50],[-27,18],[4,42],[-6,33],[-30,56],[14,19],[39,-7],[20,14],[1,22],[22,26],[-15,25],[-50,16],[-42,-4],[-52,-34],[-42,-19],[-66,-19],[-43,-20],[-49,-41],[-48,-7],[-22,-11],[-42,-46],[-53,0],[-19,9],[-9,56],[-18,41],[-39,1],[-55,42],[3,61],[21,37],[-10,75],[-33,34],[-65,20],[-13,21],[5,26],[-20,46],[-5,48],[25,39],[34,21],[-9,29],[-71,20],[5,27],[40,64],[-19,29],[-7,40],[4,57],[25,108],[-39,49],[-18,11],[-50,-5],[-21,-49],[-82,-58],[-40,18],[-70,24],[-25,3],[-98,-30],[-52,0],[-46,11],[-31,30],[-15,95],[0,62],[-11,34],[-50,11],[-1,37],[28,64],[24,28],[-11,81],[-73,-34],[-50,1],[-31,17],[-55,18],[-24,43],[19,141],[92,66],[74,29],[62,16],[93,-3],[14,-10],[94,-10],[72,17],[23,21],[66,27],[36,8],[31,26],[65,7],[92,15],[23,20],[26,53],[16,66],[27,13],[78,-29],[49,-46],[32,-22],[76,-30],[40,-2],[73,-61],[48,-13],[108,-52],[24,-46],[49,-20],[29,-22],[69,-94],[66,-33],[27,-64],[70,-23],[27,-18],[31,-41],[30,-1],[25,14],[65,-9],[53,10],[52,18],[20,23],[20,64],[17,5],[68,-9],[35,10],[42,47],[26,42],[20,14],[60,18],[40,0],[11,48],[-13,18],[7,64],[-17,37],[-4,30],[4,56],[-31,74],[-11,41],[-1,46],[21,54],[38,24],[37,11],[17,17],[19,63],[-16,27],[-53,48],[-9,19],[-67,32],[-19,54],[38,10],[14,16],[-42,48],[-37,31],[-4,25],[26,11],[6,31],[-19,26],[4,27],[-24,68],[-33,71],[7,88],[-16,43],[8,39],[101,-73],[29,-11],[64,12],[70,23],[14,21],[-6,28],[-33,38],[10,35],[19,14],[161,40],[68,36],[27,4],[20,24],[37,27],[38,9],[21,14],[80,122],[19,50],[27,-36],[42,-25],[23,-27],[68,-7],[13,-10],[12,-54],[62,-23],[13,-40],[35,-30],[43,-81],[14,-63],[38,-10],[30,-18],[1,-25],[46,-65],[29,-28],[17,-31],[45,-56],[29,3],[39,-21],[46,1],[25,35],[13,57],[21,40],[61,66],[-36,28],[-13,26],[5,48],[-8,26],[-18,13],[-43,11],[-31,23],[-76,12],[-20,10],[-29,34],[-12,34],[35,35],[10,51],[-29,40],[-36,30],[-5,23],[36,24],[6,16],[-14,19],[-6,49],[45,19],[8,40],[17,27],[37,29],[30,57],[9,34],[26,16],[24,32],[28,22],[52,18],[13,21],[-1,42],[-25,26],[-1,60],[5,34],[-34,81],[-2,25],[-32,19],[26,87],[-30,24],[-2,22],[-32,46],[-5,74],[14,113],[-8,73],[-24,35],[-43,4],[-16,51],[11,31],[-11,52],[-13,24],[-31,21],[-31,52],[8,47],[-6,43],[-28,45],[-5,22],[24,101],[-4,18],[-24,20],[-11,53],[10,38],[-35,52],[0,36],[-18,30],[9,45],[27,32],[18,79],[21,54],[-4,28],[-27,20],[-18,32],[-7,37],[-18,44],[-29,32],[2,58],[-63,80],[18,74],[-17,21],[-2,31],[-16,62],[-19,40],[5,65],[-28,52],[40,50],[57,33]],[[60381,86954],[33,39],[40,36],[19,7],[54,-13],[97,-7],[28,9],[36,-6],[46,19],[15,62],[-37,67],[14,21],[50,46],[69,39],[26,31],[42,98],[20,9],[147,-22],[78,-57],[91,-81],[25,-11],[66,68],[27,12],[53,0],[19,11],[54,81],[61,71],[13,35],[0,50],[29,23],[14,50],[40,53],[6,30],[56,48],[60,22],[70,66],[27,-66],[16,-19],[34,-15],[89,-64],[49,10]],[[62057,87706],[48,-4],[66,2],[15,-28],[12,-49],[17,-23],[32,-11],[61,-5],[49,-24],[53,-8],[15,-24],[79,-5],[12,-49],[15,-16],[-9,-66],[10,-58],[96,-13],[57,10],[23,-39],[35,-16],[5,-14],[-26,-38],[13,-56],[-36,-76],[20,-56],[43,-82],[1,-12],[33,-50],[16,-92],[-6,-28],[-55,-31],[-25,-35],[-17,-73],[15,-31],[52,-30],[17,-26],[2,-99],[20,-21],[125,-67],[19,-47],[-10,-25],[-49,-38],[-1,-34],[-12,-42],[3,-37],[93,5],[50,-31],[49,-13],[40,-28],[-10,-37],[12,-35],[2,-40],[46,-37],[49,-15],[56,-61],[50,-29],[52,-62],[21,-34],[31,-13],[83,6],[81,-20],[59,-19],[66,-16],[64,-4],[35,-18],[19,-29],[25,-2],[59,11],[111,-22],[40,38],[35,-9],[26,-47],[54,-20],[70,7],[27,-6],[10,-21],[-10,-32],[32,-86],[45,-74],[18,-13],[35,7],[49,19],[46,-21],[16,-21],[2,-27],[30,-25],[34,-10],[63,-59],[44,-20],[41,-37],[61,-12],[20,-15],[8,-41],[-43,-60],[8,-24],[27,-11],[8,-19],[-38,-38],[-5,-35],[17,-28],[129,-68],[55,-54],[24,-37],[19,-5],[75,16],[88,24],[32,2],[46,25],[67,26],[19,2],[35,-25],[47,-65],[31,-22],[34,-9],[-36,-41],[-14,-41],[0,-58],[13,-77],[19,-27],[71,-2],[73,-7],[34,-24],[4,-34],[53,-42],[0,-57],[43,-51],[21,-34],[11,-103],[66,-117],[35,-15],[32,-60],[41,-57],[56,-34],[24,-40],[2,-50],[61,-60],[45,-16],[33,37],[18,8],[66,-7],[13,-18],[-25,-68],[12,-84],[-1,-55],[31,-86],[18,-9],[61,-7],[12,-17],[5,-37],[40,-41],[6,-82],[38,-26],[17,-22],[46,-119],[12,-47],[16,-10],[42,6],[49,-11],[50,-26],[94,-71],[65,20],[71,-47],[86,-13],[9,-12],[3,-54],[37,-25],[43,17],[37,36],[50,26],[50,4],[38,-30],[25,-59],[21,-10],[104,3],[45,-25],[52,-5],[46,14],[124,0],[28,-30],[84,-13],[-21,-39],[1,-32],[-38,-65],[55,-72],[55,0],[30,8],[20,-46],[25,-20],[2,-70],[49,-66],[30,-26],[48,-6],[13,-33],[-23,-60],[-50,-37],[-25,-31],[-14,-50],[-18,-30],[-47,-28],[-73,-9],[-37,-17],[-16,-27],[-50,-31],[-59,17],[-54,-15],[-29,3],[-53,-5],[-54,2],[-44,-12],[-26,-40],[-12,-34],[5,-117],[-74,-11],[-49,-13],[-45,-3],[-35,-22],[-28,-43],[-19,-57],[-31,-69],[-45,-20],[-92,-90],[-51,-42],[-12,-74],[30,-48],[-2,-59],[17,-56],[-6,-56],[-29,-48],[-102,-10],[-40,-21],[-48,-3],[-50,7],[-81,-35],[-31,-27],[-65,15],[-51,0],[-57,6],[-80,-11],[-63,-43],[-37,-3],[-68,-50],[-32,-14],[-50,-10],[-40,9],[-20,25],[-23,-9],[-28,-49],[-24,-21],[-11,-25],[5,-67],[-7,-48],[41,-58],[4,-29],[-14,-54],[-1,-48],[18,-132],[-3,-46],[-12,-27],[-67,-52],[-31,-8],[-26,-19],[-48,-19],[-55,-44],[-40,-2],[-47,19],[-64,-4],[-13,-37],[18,-22],[34,-64],[67,-35],[57,8],[53,-10],[32,11],[141,26],[48,-8],[41,7],[37,25],[24,3],[63,-12],[33,0],[54,14],[76,-49],[24,2],[4,29],[29,17],[69,-10],[91,-8],[48,-35],[53,-1],[39,12],[52,-8],[17,-9],[-1,-21],[25,-23],[45,-17],[-3,-44],[30,-30],[11,-26],[30,-24],[65,15],[28,-6],[30,-22],[25,-33],[24,-4],[36,9],[41,-39],[21,-50],[58,-30],[13,-30],[51,-60],[28,-47],[30,-20],[38,4],[32,-27],[57,-9],[22,-11],[-15,-50],[26,-28],[25,-69],[1,-61],[-24,-23],[22,-103],[41,-21],[27,-95],[40,-43],[55,-1],[35,-23],[41,-19],[38,-5],[48,7],[77,-3],[64,-17],[65,11],[83,-61],[51,-22],[55,-3],[75,30],[43,9],[13,40],[131,-4],[16,-24],[-92,-233],[-5,-70],[13,-32],[36,-27],[18,24],[-4,17],[7,60],[45,-18],[-59,-87],[65,-59],[55,-63],[36,-26],[167,-33],[39,-17],[44,3],[57,26],[30,1],[79,40],[52,9],[10,17],[-19,34],[22,46],[33,24],[21,-38],[27,15],[49,-8],[56,116],[96,-30],[63,-2],[70,8],[78,20],[49,-8],[59,-56],[36,-23],[67,-35],[21,4],[9,24],[72,-27],[59,-12],[39,-32],[49,-8],[38,-17],[35,-32],[20,-8],[95,-5],[127,27],[100,8],[77,22],[108,-44],[86,-6],[81,18],[153,64],[39,19],[81,20],[26,-23],[19,4],[86,-13],[99,-28],[2,-57],[47,-7],[12,20],[42,-12],[45,-1],[15,-9],[33,79],[51,-12],[12,-46],[57,-95],[24,-32],[34,-27]],[[71753,78093],[-91,-273],[-64,-164],[-20,-23],[3,-39],[-33,-164],[-27,-89],[-33,-183],[2,-35],[-18,-75],[-29,-236],[-16,-100],[-4,-81],[2,-54],[-10,-22],[-5,-77],[1,-72],[14,-76],[2,-90],[19,-35],[-8,-24],[11,-50],[24,-14],[-20,-51],[-43,-40],[-8,-34],[40,29],[30,-21],[17,-24],[-28,-31],[-36,14],[-30,-27],[20,-17],[24,6],[41,-16],[-23,-45],[-28,-13],[-18,-28],[1,-21],[21,-14],[-10,-21],[-40,-26],[-44,9],[136,-116],[2,-98],[-36,-62],[-6,19],[17,28],[-35,17],[-43,8],[-28,-4],[-71,-23],[-30,-42],[-34,-108],[-35,-60],[-21,-86],[-39,-39],[-9,-20],[-7,-64],[-32,-27],[-41,-57],[-11,-85],[-35,-44],[-9,-31],[2,-68],[-38,-41],[-17,-34],[-9,-60],[-36,-58],[-12,-30],[-9,-68],[-44,-52],[-15,-52],[0,-39],[-8,-27],[-37,-14],[-18,-46],[-6,-62],[-25,-47],[0,-30],[43,-16],[-9,-38],[60,-30],[-77,28],[-40,-45],[-61,-169],[-14,-58],[1,-29]],[[71751,75912],[-15,9],[23,25],[12,-19],[-20,-15]],[[72556,75332],[-28,-9],[16,29],[12,-20]],[[71540,75833],[13,-19],[-27,-2],[14,21]],[[61661,93304],[21,-4],[75,-89],[3,-41],[25,-69],[14,-54],[20,-37],[4,-29],[29,-71],[28,-55],[23,-22],[54,-33],[44,-40],[41,-10],[32,19],[27,68],[18,7],[39,-12],[35,-25],[41,-62],[-11,-34],[-38,-24],[-84,-93],[7,-38],[86,-103],[9,-88],[35,-74],[-37,-43],[-2,-43],[34,-61],[1,-18],[-33,-59],[-27,-23],[-3,-27],[35,-23],[-6,-14],[-42,-26],[-38,-47],[-9,-37],[20,-22],[77,-13],[57,-37],[101,-34],[46,-2],[68,-24],[21,-26],[25,-58],[36,-40],[38,-23],[100,-26],[-2,-27],[-34,-33],[-10,-43],[13,-44],[29,-21],[35,-2],[47,-17],[35,-33],[1,-78],[15,-22],[57,-38],[35,-72],[15,-59],[56,-37],[59,-75],[23,-23],[12,-26],[3,-68],[19,-59],[76,-37],[40,-42],[41,-10],[19,3],[43,-76],[72,-29],[71,30],[22,-10],[14,-29],[6,-52],[14,-21],[39,-18],[36,-40],[-3,-25],[33,-76],[52,-28],[6,-14],[-45,-103],[-21,-61],[5,-52],[51,-44],[123,15],[181,-46],[62,-32],[16,3],[46,55],[18,6],[46,-4],[32,-19],[68,-29],[78,-1],[26,-46],[18,-5],[104,59],[38,12],[9,-63],[12,-34],[19,-19],[56,-13],[76,-31],[9,-15],[1,-46],[69,-15],[57,-18],[78,-37],[71,-10],[35,0],[41,-51],[8,-33],[24,-24],[73,-1],[122,36],[140,53],[60,28],[30,5],[110,-13],[53,2],[94,22],[28,14],[8,19],[-3,48],[5,39],[19,16],[27,-3],[132,-48],[21,-15],[76,-35],[25,-1],[110,45],[54,18],[68,37],[34,3],[11,-32],[8,-99],[-9,-48],[33,-55],[19,-57],[44,-10],[48,13],[96,-10],[50,-17],[37,-23],[76,8],[36,-1],[83,-30],[87,18],[44,-15],[32,-30],[72,-59],[61,-22],[33,10],[191,-59],[27,-38],[71,-31],[49,14],[35,-9],[32,-27],[119,46],[86,0],[52,-30],[84,-10],[48,-21],[20,3],[51,28],[34,-38],[64,-42],[30,-40],[20,-13],[33,-38],[22,-5],[45,-37],[44,-7],[56,-1],[41,-19],[19,-20],[41,20],[35,-13],[76,-48],[15,-15],[-31,-63],[66,-22],[33,-1],[38,20],[34,7],[39,-5],[76,-67],[24,0],[54,57],[24,14],[58,3],[35,18],[22,-44],[32,-24],[29,-9],[40,-27],[7,-19],[-37,-58],[-3,-23],[14,-28],[32,-41],[62,-51],[36,-19],[29,-53],[23,-10],[106,11],[101,-13],[48,-24],[37,-38],[19,-54],[35,-22],[25,-5],[51,3],[35,-10],[21,-16],[-21,-34],[-46,-36],[-8,-27],[39,-37],[-15,-72],[4,-24],[44,3],[59,-14],[30,7],[81,-72],[34,-13],[45,-5],[18,-24],[8,-39],[32,-33],[16,-33],[82,-68],[40,-47],[52,-41],[53,-52],[54,-14],[88,2],[27,-5],[56,-33],[32,0],[34,17],[50,15],[30,-2],[26,-19],[27,-75],[23,-18],[54,-19],[54,15],[77,-1],[19,67],[-7,80],[9,34],[30,49],[30,14],[67,18],[63,8],[45,-6],[58,-19],[31,-1],[20,10],[47,6],[105,-46],[11,-20],[2,-74],[9,-13],[47,-18],[159,-48],[14,9],[31,53],[26,23],[53,14],[38,3],[33,37],[50,21],[32,35],[92,47],[18,39],[45,27],[35,-4],[33,-19],[56,-58],[19,-31],[22,-60],[48,-23],[58,-10],[16,-13],[8,-62],[73,-55],[25,0],[30,14],[70,-1],[36,-33],[76,-55],[41,-2],[142,15],[59,-22],[86,-9],[43,-10],[58,-28],[36,-73],[44,-49],[41,-33],[72,-19],[51,54],[13,28],[36,52],[-3,58],[17,94],[-8,55],[-42,20],[-48,-5],[-28,5],[-18,32],[10,4],[92,1],[47,-6],[20,-14],[4,-59],[19,-36],[68,-26],[20,-21],[-9,-15],[-83,12],[-20,-27],[11,-25],[-14,-54],[-23,-61],[-9,-68],[-12,-25],[11,-17],[73,0],[35,-23],[27,-84],[35,-13],[42,-59],[38,20],[16,69],[33,42],[-14,64],[26,-3],[17,-16],[13,-46],[-1,-29],[-29,-27],[-21,-60],[-43,-45],[-1,-25],[26,-39],[22,-6],[95,21],[2,25],[27,58],[-6,22],[9,49],[-46,109],[3,51],[13,0],[31,-65],[41,-75],[50,-40],[-5,-21],[-38,14],[-16,-31],[12,-20],[28,-10],[2,-30],[-48,2],[-9,-45],[9,-18],[30,0],[31,-32],[-4,-26],[-16,1],[-46,26],[-62,-3],[-32,-7],[7,-19],[78,-41],[44,-15],[72,3],[50,16],[43,31],[95,29],[64,38],[14,89],[-4,20],[-54,8],[-50,20],[-84,42],[-77,70],[-39,50],[-12,35],[12,33],[15,-23],[13,-48],[62,-60],[37,-21],[126,-55],[36,-8],[41,5],[31,41],[10,26],[-33,49],[-5,39],[-28,37],[-11,27],[10,46],[26,6],[16,-77],[43,-71],[42,-29],[35,20],[48,41],[168,22],[72,-22],[69,-48],[42,-51],[45,-73],[76,-108],[20,-16],[38,-7],[69,13],[91,-85],[39,4],[48,-6],[24,-21],[-21,-33],[-8,-40],[15,-56],[-10,-82],[-14,-32],[-31,-35],[-10,-36],[20,-53],[1,-29],[16,-31],[24,-16],[70,-1],[57,32],[24,2],[57,-14],[37,1],[37,34],[56,40],[6,25],[-10,65],[40,5],[38,-6],[44,2],[40,45],[64,13],[6,-11],[83,10],[33,-61],[-27,35],[-149,-70],[-58,-50],[110,-103],[41,35],[0,49],[64,29],[16,-28],[27,12],[-16,29],[11,27],[38,-67],[88,41],[11,35],[-6,-76],[-176,-79],[-2,-5],[57,-107],[10,-67],[48,-18],[33,6],[20,-21],[-16,-42],[23,-23],[-3,-16],[23,-44],[11,-51],[-10,7],[-12,48],[-52,-10],[-34,-34],[-39,-159],[10,-93],[15,-77],[18,-34],[56,12],[18,15],[9,-32],[-25,5],[-60,-13],[-21,-124],[11,-72],[18,-23],[-16,-15],[9,-56],[23,-54],[22,-14],[16,-51],[49,-76],[19,-14],[45,-12],[18,14],[43,-11],[66,-26],[54,-10],[-11,-34],[-26,-14],[3,-18],[26,-25],[41,3],[-19,-26],[19,-15],[-32,-16],[8,-29],[65,-1],[23,-15],[-75,-27],[-4,-12],[29,-20],[-34,-20],[1,-17],[25,-11],[46,11],[37,20],[-5,-48],[-19,-15],[-30,-53],[-27,-8],[-2,-19],[19,-52],[19,-4],[-34,-15],[-35,-3],[-14,-28],[8,-36],[32,18],[85,-56],[17,15],[28,-6],[33,-43],[28,-5],[9,-14],[-19,-46],[-18,-25],[-57,-45],[-48,-44],[-31,-2],[-54,12],[-112,-90],[-76,-46],[-9,-30],[-28,16],[-24,-2],[-21,29],[-32,-4],[-24,-49],[-50,-38],[-39,6],[-34,-5],[-38,8],[-26,16],[-166,-55],[-50,125],[-67,-5],[-166,-63],[-3,8],[168,64],[178,14],[14,67],[-5,21],[-57,9],[-61,43],[-35,-3],[8,-94],[-34,-2],[-8,98],[-134,-10],[12,-129],[-54,-4],[-12,129],[-134,-9],[15,-171],[46,3],[4,-41],[-69,-9],[8,-87],[-6,-1],[-10,115],[-27,-2],[-23,-160],[-28,2],[-12,147],[-138,-11],[12,-146],[-23,-4],[4,-40],[-15,32],[-3,60],[-120,3],[-75,-9],[-65,-21],[-79,-7],[-113,-48],[-95,-57],[-71,-51],[-43,-38],[-92,-100],[-99,-119],[-94,-102],[-37,-51],[-22,-45],[-43,-70],[-33,-80],[-38,-63],[-92,-186],[-18,-26],[0,-20],[-29,-68],[-9,-3],[-23,-66],[-37,-69],[-22,-67],[-32,-70],[-27,-83],[-26,-55],[-15,17],[-19,-44],[-5,-44],[-53,-119],[-6,-31],[-50,-95],[-18,-85],[-30,-56],[-11,-37],[-1,-57],[-27,-68],[-12,-86],[-23,-81],[3,-18],[-19,-48],[-39,29],[-51,11],[-51,-36],[-56,-56],[-82,-122],[-66,-119],[-24,-61],[-38,-39],[-17,-31],[0,-39],[-50,-55],[-25,-73],[-42,-44],[-11,-51],[-13,-28],[-23,-19],[-21,-40],[-11,-52],[-26,-39],[-15,-70],[-36,-59],[-13,-36],[-22,-29],[-25,-112],[-22,-31],[-24,-59],[-1,-68],[-8,-23],[-62,-95],[-1,-70],[-6,-16],[-36,-29],[-10,-23],[4,-55],[-35,-64],[-25,-58],[-1,-27],[-14,-40],[-41,-84],[-7,-23],[1,-52],[-53,-141],[-16,-33],[-17,-66],[-30,-47],[-26,-51],[-72,-173],[-5,-24],[-34,-107],[-20,-104],[-75,-154],[-3,-42],[-42,-73],[-84,-205],[-46,-128],[-55,-69],[-9,-55],[-19,-57]],[[62057,87706],[25,41],[9,62],[18,46],[6,47],[34,93],[1,72],[-23,83],[27,92],[-58,96],[-46,33],[-18,20],[-9,39],[-68,107],[-12,37],[-22,33],[-30,19],[-60,19],[-46,1],[-6,36],[-35,43],[-19,13],[-58,-7],[-36,32],[2,29],[39,44],[-7,20],[-77,66],[-38,44],[-24,50],[-34,26],[-11,41],[13,49],[-35,40],[-30,47],[-10,38],[-16,19],[-32,13],[-45,-36],[-23,-5],[-34,11],[-26,21],[-11,28],[-8,53],[1,82],[-22,29],[-4,30],[24,69],[15,70],[-2,28],[-16,37],[1,25],[25,48],[29,32],[-1,23],[-26,43],[6,29],[37,50],[16,37],[-13,52],[8,23],[0,48],[-7,26],[-138,54],[-72,78],[-41,37],[-57,3],[-3,47],[-9,33],[-21,23],[-108,49],[-26,36],[22,63],[2,27],[-10,35],[-43,54],[-112,85],[-21,2],[-66,-64],[-46,19],[-49,81],[-29,62],[-26,16],[-46,-2],[-31,-15],[-23,-42],[-79,-31],[-32,-19],[-22,22],[-3,134],[25,84],[26,59],[44,25],[4,37],[48,62],[23,49],[20,21],[6,30],[-3,55],[-17,53],[-3,65],[30,98],[7,39],[-10,75],[4,58],[57,116],[83,224],[42,130],[3,27],[-16,38],[-31,24],[-90,44],[-27,34],[-59,126],[-10,43],[5,47],[13,46],[48,54],[66,71],[46,40],[53,25],[96,34],[61,15],[34,-1],[29,-13],[34,-39],[30,-9],[20,17],[-9,58],[-28,71],[9,76],[9,19],[50,33],[42,13],[66,-33],[127,-2],[106,45],[63,-12],[59,5],[71,30],[14,16],[19,67],[27,23],[53,1],[86,62]],[[75639,83999],[205,68],[4,-10],[-347,-114],[-136,-146],[-9,6],[138,148],[145,48]],[[76303,86607],[4,36],[53,66],[6,57],[17,9],[-7,-68],[-55,-69],[-16,-133],[-14,1],[12,101]],[[73434,81607],[17,-18],[-8,-13],[-40,2],[-7,20],[38,9]],[[75352,83692],[-10,5],[73,105],[10,-6],[-73,-104]],[[76196,86654],[-111,0],[0,5],[148,1],[-37,-6]],[[73778,82491],[-33,23],[17,-1],[16,-22]],[[76589,84663],[16,14],[-1,-23],[-15,9]],[[46790,44403],[44,-59],[-15,-35],[-105,-43],[-36,7],[-15,14],[-49,-4],[-32,31],[-6,24],[-50,17],[-47,-1],[-29,32],[-37,2],[-33,-40],[-57,-55],[-57,-39],[-57,-17],[-105,-166],[-43,-52],[-45,-37],[-94,-48],[11,-73],[42,-64],[-15,-21],[74,-72],[28,-63],[20,-106],[7,-102],[-21,-46],[1,-71],[-23,-2],[-8,-33],[-35,-46],[-195,-46],[-2,-47],[-24,-252],[46,-84],[11,-34],[-19,-69],[-52,-105],[-35,-49],[-36,-38],[-20,-37],[6,-33],[-37,-115],[-1,-31],[-20,-45],[4,-38],[-23,-45],[-9,-33],[-21,-42],[-6,-45],[-25,-52],[-22,-31],[0,-57],[-35,-54],[-7,-40],[-25,-35],[-10,-40],[-20,-20],[-10,-36],[-47,-24],[-37,-75],[-91,-135],[-88,-111],[-68,-97],[-19,-18],[-85,-114],[-42,-63],[-4,-62],[15,-13],[8,-75],[13,-52],[0,-99]],[[44971,40744],[-33,-19],[-56,42],[-53,-43],[-13,24],[-34,29],[-67,107],[-152,89],[-37,65],[-45,37],[20,34],[-36,10],[-167,-110],[-78,24],[-350,134],[-48,25],[-152,97],[-17,-2],[-162,-102],[-30,6],[-31,51],[31,36],[17,36],[57,90],[13,32],[30,34],[44,67],[-3,5],[-136,78],[-21,-13],[-65,-134],[-50,-56],[-13,2],[-50,43],[-25,4],[-79,42],[-52,32],[-41,1],[-9,-65],[17,-24],[33,-11],[33,-24],[-17,-36],[-23,-23],[-101,65],[-3,35],[-13,48],[18,32],[16,46],[14,20],[3,30],[-40,62],[-14,85],[-35,16],[-21,22],[11,28],[-37,13],[-39,45],[-26,-11],[-11,-62],[6,-37],[-35,4],[-27,-26],[-6,-26],[-65,-70],[16,-47],[-14,-35],[-47,-63],[-96,-115],[-42,-3],[-97,52],[-38,-13],[-93,-153]],[[33826,45017],[68,61],[47,106],[14,23],[28,68],[8,72],[-24,87],[-38,74],[-19,24],[-28,10],[-35,43],[-25,47],[-15,51],[-20,18],[-62,32],[-49,17],[-19,17],[-20,39],[-29,33],[14,58],[1,44],[-13,50],[-14,84],[-40,52],[-42,29],[-23,6],[-73,2],[-49,32],[-48,75],[-97,-41],[-98,-20],[-115,-65],[-28,-8],[-42,0],[-43,11],[-55,43],[-62,0],[-23,7],[-46,48],[-9,25],[7,62],[-20,28],[-3,43],[-42,46],[-11,31],[5,62],[-62,62],[1,27],[22,78],[6,66],[17,22],[10,41],[1,73],[140,170],[4,46],[-44,75],[-2,47],[128,64],[-3,40],[9,17],[56,39],[30,28],[24,36],[3,48],[-21,64],[-61,83],[-10,29],[-9,94],[7,33],[18,15],[54,24],[28,20],[2,57],[-27,49],[5,43],[48,41],[22,29],[32,11],[54,-4],[46,15],[55,5],[53,14],[70,-6],[63,-34],[40,-33],[34,-14],[38,3],[91,35],[105,54],[34,28],[8,41],[-19,51],[-51,72],[-4,27],[25,21],[45,75],[37,97],[0,43],[20,52],[-2,45],[-13,20],[-70,43],[-48,22],[-43,90],[21,64],[-18,38],[-3,48],[39,9],[14,20],[22,61],[68,159],[16,7],[49,-15],[40,7],[25,15],[33,85],[59,49],[8,90],[18,40],[19,11],[70,12],[16,13],[7,66],[84,50],[69,32],[33,25],[43,52],[49,36],[50,8],[59,47],[32,40],[-4,18],[-61,24],[-47,24],[-16,20],[-9,81],[-29,44],[-5,98],[-54,39],[-37,62],[-23,78],[-69,71],[-9,67],[-40,96],[-14,69],[31,45],[71,38],[3,22],[-28,31],[-11,39],[-54,47],[-10,36]],[[34142,50994],[20,51],[22,27],[-2,62],[25,75],[13,21],[24,15],[85,23],[84,28],[4,10],[-18,98],[37,38],[141,18],[69,17],[9,9],[-7,73],[9,78],[73,86],[13,29],[49,51],[64,18],[27,31],[16,85],[31,82],[58,27],[14,57],[21,43],[-15,47],[30,48],[6,86],[17,28],[64,31],[51,60],[33,56],[18,59],[125,129],[33,37],[-8,42],[0,48],[-25,80],[-24,44],[-4,34],[25,48],[51,160],[-14,69],[8,93],[-83,40],[-30,26],[2,44],[-13,51],[-29,78],[20,40],[40,37]],[[35301,53661],[64,-3],[35,-12],[45,14],[99,39],[101,22],[57,-6],[15,-8],[97,-19],[29,-11],[16,51],[44,67],[2,23],[59,42],[55,-11],[55,-2],[146,2],[55,18],[154,28],[21,-8],[55,-41],[-7,-93],[10,-181],[13,-12],[36,-4],[33,-22],[39,-56],[40,-16],[70,8],[134,123],[52,32],[25,37],[52,50],[38,18],[26,32],[31,15],[21,24],[1,65],[50,36],[38,50],[35,55],[-5,50],[7,23],[24,17],[29,6],[28,25],[73,24],[60,-38],[28,-49],[2,-47],[50,-88],[32,-35],[30,-76],[40,-62],[29,-29],[34,-69],[31,-37],[4,-34],[15,-37],[40,4],[65,-18],[124,-6],[56,-30],[39,-4],[36,6],[52,-7],[58,29],[47,3],[46,10],[22,-19],[71,-2],[115,-8],[50,-27],[14,0],[78,28],[93,13],[103,-14],[18,20],[38,69],[55,33],[34,45],[38,34],[80,93],[46,-3],[50,-29],[44,-3],[31,42],[105,34],[23,22],[64,8],[47,17],[64,13],[22,-3],[36,-20],[57,-12],[51,-45],[53,-10],[54,-2],[23,21],[68,-12],[32,0],[28,11],[57,42],[51,-9],[39,1],[55,37],[42,-1],[64,20],[46,-5],[26,-26],[33,-5],[77,28],[36,18],[10,44],[31,2],[36,-19],[30,39],[51,5],[50,-45],[71,-14],[57,6],[79,23],[63,26],[20,1],[55,-15],[56,68],[35,16],[36,46],[28,70],[46,12],[30,30],[27,55],[33,22],[23,33],[28,21],[71,42],[34,15],[89,4],[39,-6],[40,61],[15,42],[-75,16],[-87,26],[-36,59],[-87,25],[-17,53],[33,42],[23,16],[40,6],[25,15],[26,54],[44,56],[32,19],[39,6],[35,15],[32,-1],[53,-38],[24,-48],[18,-82],[20,-53],[43,-73],[-4,-47],[27,-36],[35,-25],[25,4],[76,57],[31,-1],[61,-21],[109,-23],[36,-45],[24,-20],[24,11],[22,49],[43,-5],[76,38],[38,10],[41,-13],[33,-51],[0,-59],[-14,-61],[20,-41],[52,-43],[15,-3],[40,18],[23,2],[35,-23],[52,-56],[-21,-55],[25,-52],[33,-39],[17,-3],[41,41],[95,27],[54,32],[43,0],[31,36],[27,19],[40,4],[31,21],[57,-13],[62,-60],[43,21],[68,-32],[70,-23],[46,-8],[61,7],[48,-2],[25,-35],[3,-66],[72,-44],[27,-59],[34,-19],[13,-42],[54,-103],[21,-93],[30,6],[57,25],[58,4],[49,-26],[23,-20],[81,-37],[9,-19],[-28,-48],[-14,-59],[17,-34],[40,5],[43,-29],[29,-50],[43,2],[24,-58],[76,9],[30,10],[49,-10]],[[30177,11060],[-47,-49],[-70,-115],[-17,-128],[27,-153],[34,-82],[15,-69],[50,-131],[11,-63],[-20,-81]],[[30160,10189],[-64,57],[-110,71],[-135,67],[-62,23],[-311,65],[-233,65],[-142,54],[-134,66],[-60,33],[-159,102],[-263,162],[-128,60],[-301,116],[-89,28],[-164,38],[-322,13],[-44,-12],[-189,-133],[-209,-105],[-162,-173],[-71,-58],[-73,-34],[-84,-27],[-115,-31],[-45,7],[-108,54],[-244,162],[-134,105],[-71,93],[-147,205],[-81,125],[-77,133],[-58,39],[-148,79],[-173,87],[-132,31],[-253,44],[-168,22],[-110,35],[-69,29],[-83,45],[-79,56],[-194,166],[-57,45],[-222,124],[-314,169],[-185,126],[-101,86],[-132,136],[-55,86],[-102,130],[-66,62],[-59,41],[-140,63],[-133,41],[-119,27],[-136,13],[-138,-10],[-161,-18],[-315,-77],[-184,-29],[-199,-17],[-133,7],[-106,26]],[[21105,13184],[18,50],[55,125],[33,93],[149,324],[68,132],[87,-33],[27,39],[37,-17],[65,95],[-31,17],[-3,30],[3,123],[11,49],[5,88],[7,57],[-6,59],[21,38],[15,44],[48,29],[29,34],[11,26],[3,53],[18,45],[139,33],[37,44],[23,43],[177,-36],[147,-24],[45,-13],[86,62],[50,64],[47,43],[16,28],[-5,134],[3,28],[23,18],[67,36],[25,23],[21,51],[5,39],[32,86],[-48,152],[3,40],[-21,63],[-10,71],[59,18],[32,34],[6,25],[38,14],[22,37],[165,245],[15,27],[-42,20],[-53,-3],[-39,16],[-90,-133],[-139,80],[-1,5],[97,160],[-49,8],[-17,32],[-46,28],[78,118],[35,90],[23,70],[39,48],[38,29]],[[22808,16637],[69,-73],[117,-133],[110,-101],[32,-20],[102,-99],[46,-64],[47,-84],[41,-139],[17,-84],[4,-46],[22,-93],[34,-67],[36,-51],[87,-78],[84,-55],[63,-29],[85,-34],[72,-20],[160,-54],[125,-62],[131,-114],[47,-55],[107,-143],[51,-54],[31,-12],[18,20],[60,29],[86,19],[75,40],[43,49],[41,65],[36,41],[50,41],[156,110],[74,45],[52,23],[85,7],[29,-5],[84,-30],[48,-6],[104,-30],[80,-34],[53,-16],[59,-5],[70,21],[114,69],[78,61],[99,83],[145,133],[63,61],[103,86],[58,33],[74,28],[121,39],[95,23],[146,24],[90,5],[76,-2],[70,-14],[54,-22],[97,-66],[12,-1],[38,31],[25,35],[18,-9],[31,57],[37,-56],[4,-15],[-17,-102],[-20,-49],[-2,-50],[11,1],[29,35],[-18,17],[29,20],[17,-9],[9,30],[58,-13],[35,80],[29,53],[8,1],[124,-83],[110,-84],[15,-3],[54,117],[202,-77],[23,7],[36,40],[20,77],[97,-33],[86,181],[48,1],[225,-93],[153,-61],[124,-53],[67,-21],[166,349],[39,-22],[48,54]],[[32320,21321],[89,-74],[45,-41],[210,-177],[135,-99],[74,-57],[85,-73],[99,-67],[68,-58],[117,-107],[101,-105],[24,-35],[129,-133],[77,-130],[51,-79],[17,-50],[91,-205],[25,-13],[12,-115],[2,-49],[-12,-47],[-27,-182],[-10,-103],[12,-124],[4,-75],[10,-8],[58,-11],[6,-49],[16,-32],[31,-10],[47,-2],[42,-12],[40,-43],[43,-104],[37,-15],[148,-42],[55,-68],[18,-38],[23,-33],[111,-131],[30,-1],[87,30],[23,3],[137,-13],[-1,-36],[25,-138],[82,-64],[55,-3],[78,-16],[65,-53],[44,32],[119,-88],[111,-58],[49,-13],[73,42],[24,-2],[-5,-135],[2,-53],[12,-131],[75,-86],[28,-13],[82,2],[139,26],[41,48],[28,73],[33,44],[26,18],[57,70],[90,194],[50,115],[17,9],[88,14],[8,80],[-14,57],[14,54],[11,72],[20,51],[122,226],[13,18],[64,44],[20,5],[69,-15],[55,-7],[71,-64],[109,-86],[63,-32],[16,-18],[20,-67],[53,-60],[-14,-101],[21,-11],[2,-21],[155,-117],[23,-21],[63,71],[81,20],[49,47],[22,43],[79,15],[75,73],[113,100],[39,24],[78,37],[68,28],[122,40],[67,7],[11,10],[107,43],[21,4],[66,-3],[8,77],[41,38],[159,65],[107,30],[147,36],[36,-1],[59,-21],[95,-26],[49,-6],[41,-69],[15,-130],[33,-105],[53,-139],[29,-101],[89,30]],[[39110,18566],[24,-116],[57,36],[34,8],[29,-9],[33,-21],[39,-5],[72,-17],[-4,-68],[5,-45],[39,-189],[12,-65],[69,7],[119,-482],[21,-71],[29,4],[54,-185],[43,-138],[-160,-84],[79,-83],[55,-72],[60,-57],[3,-31],[54,-76],[19,-86],[25,-61],[72,-50],[50,-40],[-25,-43],[8,-51],[-23,-44],[-4,-34],[109,-375],[52,-184],[8,-35],[-77,-27],[-165,-68],[-80,-19],[-105,-13],[-51,0],[-38,-7],[-60,-79],[-34,10],[-32,-83],[-71,37],[-93,23],[-56,5],[-65,-2],[-47,-61],[-197,-150]],[[29308,18618],[89,36],[25,3],[230,92],[5,-58],[29,-46],[90,-65],[13,-16],[188,-7],[39,-32],[41,-19],[-2,-85],[107,-4],[1,19],[38,8],[34,29],[7,40],[-36,15],[4,54],[24,-9],[5,58],[25,15],[8,76],[35,-23],[48,13],[22,53],[-21,4],[3,28],[-16,41],[10,26],[37,47],[10,50],[29,66],[46,-7],[14,44],[98,-6],[45,1],[136,21],[126,14],[58,-9],[163,177],[14,9],[-66,91],[-36,55],[6,4],[-72,93],[-155,213],[-46,76],[6,40],[-7,53],[-11,27],[-64,97],[-10,75],[-107,80],[-9,69],[28,44],[14,60],[39,57],[7,23],[36,54],[98,65],[65,76],[19,-1],[47,-64],[58,21],[235,-33],[29,6],[21,23],[40,9],[47,42],[66,22],[-48,135],[-19,71],[-3,51],[-40,147],[-5,46],[-42,259],[-50,98],[-54,132],[-41,48],[-46,33],[62,76],[108,77],[17,36],[-23,102],[27,45],[12,47],[26,66],[10,54],[40,173]],[[27531,18868],[-28,39],[-66,71],[-28,37],[-26,67],[-9,59],[-29,290],[-8,41],[-20,58],[-100,207],[-140,263],[-13,31],[-125,63],[22,33],[-67,34],[-25,-32],[-21,28],[-88,57],[-52,56],[-24,103],[-8,15],[-63,54],[-109,100],[-23,28],[-117,94],[-58,28],[-37,11],[-151,62],[-37,70],[-23,57],[-17,4],[-40,89],[-95,201],[-13,16],[-50,35],[-59,-88],[-68,-53],[-63,-66],[-49,18],[-65,-54],[-39,12],[-12,21],[-58,-2],[-29,26],[-25,6],[-7,-45],[-21,-18],[-36,2],[3,49],[-17,30],[-26,-5],[-106,-87],[-56,35],[-58,-56],[-65,-56],[-73,-68],[56,-64],[-28,-25],[-84,72],[-78,61],[-58,38],[-27,34],[-105,110],[-13,24],[-42,39],[1,25],[26,47],[41,55],[2,23],[-44,86],[2,55],[16,33],[33,37],[17,30],[-4,42],[-33,38],[-59,52],[-5,78],[54,89],[96,172],[74,147],[63,9],[64,-15],[74,-29],[95,-63],[20,-107],[33,6],[24,-6],[-43,162],[-52,87],[-42,58],[-122,132],[-10,58],[4,99],[-10,99],[-28,0],[4,62],[-47,9],[-2,62],[-20,-2],[-28,74],[-27,53],[-62,101],[-72,110],[-135,180],[-70,80],[-12,6],[-73,-16],[-90,-37],[-39,-24],[-50,-47],[-47,-61],[-22,-3],[-5,35],[17,49],[-18,7],[-60,-41],[-26,17],[-56,100],[-103,26],[-21,20],[-88,28],[-16,13],[37,60],[-7,18],[-41,0],[-47,14],[-30,19],[8,23],[78,0],[5,11],[-22,25],[-49,-14],[-20,14],[3,30],[-29,7],[-21,-42],[-56,-30],[-25,18],[40,45],[0,15],[-31,18],[-53,-3],[-122,45]],[[23932,35617],[179,-46],[27,3],[30,56],[41,128],[82,-23],[23,-10],[42,1],[65,-29],[80,-15],[12,5],[30,91],[19,24],[108,69],[6,-7],[-60,-37],[-61,-54],[-11,-37],[13,-3],[16,38],[61,29],[54,42],[33,54],[9,57],[44,31],[46,-16],[9,-18],[20,7],[11,22],[-4,41],[-16,32],[34,31],[-18,16],[-3,70],[-17,68],[-24,1],[-1,29],[-14,-1],[-6,-56],[-12,-26],[-38,46],[-12,36],[-46,87],[-45,72],[-43,60],[2,27],[-59,158],[-26,78],[209,55],[15,-47],[35,-139],[24,-65],[68,1],[95,18],[29,-5],[427,67],[99,12],[49,45],[7,67],[-7,11],[-64,34],[-16,41],[-48,78],[-27,61],[-24,113],[-97,54],[-10,25],[-4,84],[-14,43],[11,37],[0,32],[-11,33],[8,52],[-31,14],[-56,53],[-16,71],[-11,17],[-14,54],[-33,52],[-23,57],[-13,58],[-90,32],[-36,24],[-14,31],[-31,38],[-22,62],[16,22],[26,8],[60,-13],[73,-3],[11,28],[-14,129],[37,19],[-23,47],[7,8],[62,-11],[74,-6],[22,26],[-28,31],[5,170],[8,18],[94,-25],[91,-14],[55,-4],[19,50],[34,-3],[36,-32],[9,-30],[0,-96],[30,-5]],[[25580,38332],[-16,-66],[2,-31],[-17,-51],[-20,-40],[5,-59],[-2,-138],[-13,-110],[-19,-78],[-2,-71],[-45,-60],[24,-13],[18,8],[27,59],[45,-45],[49,12],[100,10],[58,0],[127,14],[76,14],[39,17],[114,-7],[136,35],[64,5],[63,10],[108,-18],[71,-3],[49,4],[98,23],[141,45],[58,8],[184,17],[44,-5],[90,-36],[93,-11],[46,-9],[161,-16],[92,-3],[61,-16],[66,-10],[47,4],[54,-3],[67,-16],[81,8],[82,-10],[84,-16],[-2,8],[-65,119],[-20,46],[151,183],[208,8],[278,15],[287,13]],[[54646,51706],[13,20],[37,18],[88,190],[130,-58],[31,42],[185,343],[260,-121],[112,204],[44,-8],[147,62],[-4,109],[-45,59],[14,10],[-25,42],[1,19],[37,-23],[57,-24],[-30,43],[60,52],[93,61],[2,11],[35,3],[4,-9],[63,1],[32,-10],[53,-48],[52,-18],[57,4],[48,24],[30,7],[182,-48],[18,-36],[54,-1],[0,41],[49,80],[4,65],[24,50],[-1,59],[-10,22],[-56,35],[-24,32],[-42,34],[-19,53],[-20,87],[7,55],[1,63],[34,49],[10,29],[67,17],[34,-5],[22,-26],[35,3],[24,14],[23,-11],[-19,-33],[18,-17],[-26,-25],[21,-36],[40,-41],[19,-4],[124,55],[10,1],[52,-43],[63,27],[81,18],[9,10],[-8,50],[3,25],[-5,78],[13,57],[-26,87],[-40,170],[-18,113],[-25,65],[-51,51],[-62,49],[-37,37],[-21,44],[-23,31],[-6,50],[43,113],[5,30],[-12,51],[-10,110],[0,159],[25,124],[59,54],[50,66],[42,64],[3,25],[28,18],[143,70],[63,15],[117,10],[31,6],[50,-2],[215,35],[-40,53],[49,10],[19,13],[0,27],[-35,-4],[-51,-32],[-7,22],[21,21],[111,26],[28,-14],[41,-1],[55,-11],[15,27],[-17,46],[-5,43],[-17,71],[2,42],[-16,45],[5,29],[-7,44],[26,7],[6,23],[5,131],[-13,99],[5,69],[13,45],[31,40],[102,-70],[205,-114],[46,-41],[72,-58],[24,-25],[-4,-20],[-24,-27],[-12,-81],[30,-74],[131,-66],[161,38],[111,24],[32,25],[-3,78],[10,28],[-20,41],[-56,3],[-35,-9],[-22,20],[62,18],[51,0]],[[58666,55700],[29,-13],[7,-57],[-7,-46],[5,-57],[-30,-48],[-7,-40],[24,-63],[-5,-112],[49,-100],[31,-112],[8,-68],[11,-20],[19,-78],[-19,-55],[2,-24],[49,-11],[117,64],[70,11],[64,-10],[98,-37],[120,-17],[32,-22],[-30,-62],[30,-93],[-2,-17],[14,-113],[45,-9],[-23,-73],[-8,-119],[48,-28],[22,-26],[-7,-10],[85,-56],[-24,-52],[373,-166],[34,-2],[226,-57],[183,3],[214,6],[90,-44],[93,-78],[45,-4],[100,25],[133,3],[254,20],[94,19],[27,12],[59,87],[42,30],[55,-63],[40,-33],[-13,-38],[-9,-62],[-32,-45],[42,-15],[22,-33],[37,3],[21,14],[70,0],[28,19],[22,27],[14,-25],[33,-5],[13,-30],[-39,-6],[-19,-14],[-24,2],[-9,-28],[17,-57],[29,-31],[2,-24],[45,-20],[-6,-31],[28,-7],[47,-39],[22,17],[17,-15],[19,15],[31,-27],[26,-9],[31,-112],[7,-54],[-3,-35],[24,-31],[100,45],[48,33],[45,42],[59,44],[10,28],[18,10],[62,-35],[19,16],[192,-95],[278,-125],[302,-138],[-1,150],[139,-2],[0,64]],[[63309,53226],[108,1],[189,-2],[0,3],[482,-4],[-1,-63],[146,-1],[-1,-12],[-374,5],[-3,-241],[8,0],[-1,-140],[-228,2],[-154,0],[-3,-256],[14,0],[0,-42],[-14,0],[-1,-50],[15,0],[0,-55],[-16,0],[-2,-406],[83,0],[2,28],[12,1],[0,-29],[116,-2],[-1,-20],[-112,1],[-2,-3],[-3,-157],[-21,-2],[-22,-56],[-10,0],[2,204],[-235,1],[0,-54],[55,-1],[-1,-46],[-55,1],[-2,-146],[33,0],[0,-28],[-33,-1],[1,-133],[362,-4],[261,334],[-1,135],[17,-1],[-2,-130],[10,-15],[-294,-373],[-165,6],[-39,-143],[-8,-132],[-2,-143],[38,-123],[20,-123],[6,-15],[57,-221],[47,-148],[56,-166],[72,-159],[58,-84],[62,-55],[42,-27],[56,-14],[63,-2],[51,124],[10,-11],[-46,-111],[44,-18],[24,0],[11,42],[64,40],[2,-12],[-48,-36],[-21,-82],[1,-10],[89,7],[46,97],[-36,-13],[27,20],[31,-1],[-5,21],[-40,12],[-44,38],[-5,38],[22,2],[4,-32],[33,-30],[49,-22],[6,-58],[36,-48],[-1,-10],[46,-35],[33,-44],[9,-50],[22,-11],[37,-42],[53,-8],[-14,-8],[42,-26],[-15,-9],[-52,17],[-16,-60],[5,-77],[21,-48],[8,-70],[10,-41],[-12,0],[-26,-30],[-29,-57],[-16,-51],[-25,-8],[-58,-52],[-10,-34],[1,-58],[-11,-35],[-1,-59],[28,-49],[13,-40],[-8,-28],[-20,-6],[-8,-21],[24,-5],[-34,-8],[-4,-11],[36,-24],[6,-19],[-32,-36],[-3,-23],[39,-14],[-25,-2],[-5,-18],[-38,-19],[-24,1],[-6,-25],[-28,-30],[-25,-9],[-25,-68],[1,-67],[-16,-14],[-13,-63],[17,-55],[-9,-53],[-13,-23],[-20,7],[-11,-23],[40,-25],[-14,-26],[-25,-12],[-23,-36],[-4,-56],[-13,-25],[9,-18],[-8,-28],[-38,-21],[-65,11],[9,-24],[-22,-31],[-64,5],[-10,8],[-22,-27],[-44,-18],[27,-29],[-33,-23],[-28,12],[17,-24],[-56,-6],[-16,14],[-36,-23],[7,-29],[-31,-6],[-61,-40],[-32,-55],[40,-53],[-55,-53],[-16,-79],[-11,-22],[-17,11],[28,94],[43,40],[-10,35],[-36,21],[-24,-25],[-41,-26],[28,-37],[-19,-12],[-28,25],[-25,6],[-45,-38],[-17,-48],[2,-40],[103,10],[13,-3],[-125,-11],[-62,37],[-19,-56],[-42,-81],[-22,-30],[-40,-122],[-25,-138],[-36,-64],[28,-15],[-24,-38],[-14,-36],[46,-20],[119,-62],[-107,-179],[-119,61],[-197,-303],[36,-121],[-22,-9],[-37,126],[-15,7],[-27,-41],[-12,5],[23,42],[-4,30],[38,-18],[159,246],[-63,35],[-8,-12],[-26,14],[-42,-65],[42,-23],[-6,-10],[-42,23],[-58,-89],[42,-24],[-7,-9],[-44,20],[-37,-55],[43,-27],[-5,-11],[-48,16],[-28,-41],[-24,-71],[-9,-44],[-7,13],[27,106],[-77,41],[-81,-127],[-80,43],[58,138],[-116,61],[-178,-280],[3,-23],[31,-5],[3,21],[22,-2],[-15,-29],[-51,-21],[30,-78]],[[62225,46195],[-173,-18],[-226,-5],[-40,7],[-77,45]],[[62447,46292],[-49,4],[-25,17],[-73,-6],[3,-14],[-34,-5],[20,43],[69,13],[89,-41],[1,-5],[78,-16],[99,-32],[58,-23],[87,57],[13,-4],[-98,-66],[-34,21],[-131,42],[-73,15]],[[64330,53231],[57,-1],[0,-11],[-249,5],[0,11],[192,-4]],[[62968,46300],[-3,-76],[-7,0],[4,76],[6,0]],[[64016,15209],[92,88],[79,120],[68,159],[-63,70],[-188,176],[-241,166],[-190,167],[-91,183],[-95,290],[-139,290],[-201,167],[-169,231],[-277,148],[-503,19],[-145,206],[-87,461],[361,311],[123,392],[-96,127],[-427,484],[-410,609],[-693,480],[-403,562]],[[60321,21115],[74,626],[-100,746],[-55,486],[-201,281],[51,408],[-23,370],[-459,250],[-161,147],[1,524]],[[59448,24953],[443,34],[30,4],[63,23],[19,-53],[222,65],[-18,56],[80,34],[132,49],[24,24],[13,75],[-9,46],[38,96],[32,6],[39,25],[75,13],[53,-18],[61,-6],[34,-20],[46,-5],[43,8],[48,22],[63,-12],[11,32],[26,26],[28,56],[63,85],[45,48],[30,42],[39,21],[36,-1],[24,-31],[23,-2],[21,-32],[25,-21],[78,-28],[64,-2],[34,12],[45,41],[57,14],[27,-41],[35,-9],[34,14],[43,6],[19,20],[36,87],[57,68],[20,50],[4,45],[-24,60],[0,23],[19,86],[-1,48],[160,68],[87,45],[220,125],[37,10],[64,-18],[124,11],[79,-2],[169,-11],[34,7],[132,50],[30,29],[31,54],[54,19],[85,4],[16,-17],[97,9],[71,16]],[[63387,26535],[43,-114],[15,-53],[39,-74],[69,-149],[16,-5],[103,32],[-34,24],[24,0],[22,-26],[-2,-36],[-16,-1],[11,31],[-90,-35],[28,-67],[30,-91],[26,-64],[49,-109],[88,-215],[34,-98],[49,-110],[23,-34],[42,-40],[86,36],[-33,15],[12,11],[31,-8],[18,-44],[-20,-23],[-4,36],[-58,-25],[-5,-12],[27,-62],[36,-107],[20,-44],[20,-27],[25,-54],[17,-64],[42,-138],[26,-59],[51,-74],[83,28],[12,27],[20,-42],[-14,-28],[-17,-1],[14,37],[-69,-24],[4,-30],[22,-53],[55,-166],[51,-126],[30,-65],[10,-36],[39,-58],[19,-45],[35,-40],[28,-11],[65,18],[-34,18],[8,12],[30,-9],[18,-53],[-22,-18],[-19,16],[-23,-26],[-6,-38],[16,-62],[33,-96],[40,-77],[66,-186],[31,-72],[55,-94],[46,-86],[36,-28],[24,-4],[29,18],[-16,14],[30,2],[20,-17],[12,-41],[-27,-18],[-5,19],[-39,-29],[5,-64],[30,-74],[110,-215],[12,-13],[56,27],[10,-19],[-62,-28],[-1,-28],[37,-66],[59,-119],[50,-51],[34,-4],[32,11],[-10,31],[25,1],[26,-24],[7,-26],[-10,-22],[-28,16],[-28,-14],[-10,-22],[1,-31],[36,-82],[51,-138],[95,-172],[32,-34],[37,-5],[32,19],[-8,19],[31,0],[25,-51],[-17,-23],[-5,20],[-32,-6],[-21,-17],[-13,-51],[15,-49],[54,-128],[41,-88],[86,-170],[37,-49],[49,-21],[70,29],[-21,16],[21,15],[23,-12],[15,-45],[-13,-19],[-25,14],[-38,-33],[-5,-38],[61,-151],[51,-159],[64,-159],[49,-97],[32,-35],[43,-16],[50,22],[-22,9],[16,15],[23,-13],[14,-31],[-16,-15],[-36,-2],[-20,-14],[-12,-31],[-2,-34],[15,-41],[47,-101],[54,-127],[69,-121],[38,-88],[9,3],[60,-124],[110,47],[-30,9],[31,12],[29,-42],[-12,-30],[-17,0],[12,28],[-114,-42],[79,-184],[-12,-17],[40,-67],[65,-162],[18,0],[22,-52],[51,-88],[147,59],[-34,13],[25,7],[29,-42],[-23,-28],[9,36],[-130,-53],[3,-37],[71,-118],[51,-99],[-5,-2],[69,-147],[20,-22],[24,9],[8,-11],[-29,-9],[63,-106],[57,23],[5,-11],[-56,-22],[77,-174],[40,-6],[-38,-14],[77,-139],[51,-98],[49,-66],[54,-57],[75,28],[222,91],[8,-16],[-231,-93],[2,-29],[46,-52],[13,-49],[-1,-92],[17,-50],[56,-66],[82,-79],[48,-32],[41,-20],[80,-18],[59,-1],[75,29],[-48,97],[160,104],[11,-16],[-136,-91],[-6,-14],[67,-135],[8,-4],[160,70],[5,-12],[-32,-15],[41,-84],[-32,-12],[-27,49],[-58,-23],[27,-52],[-11,-4],[-27,52],[-57,-26],[49,-95],[-3,-20],[246,107],[-74,141],[-26,-10],[-6,11],[42,17],[-48,86],[32,33],[16,-23],[-9,-20],[33,-69],[-8,-5],[94,-186],[52,-5],[226,12],[462,36],[9,2],[175,-212],[325,-298],[103,49],[4,-7],[-110,-54],[-110,99],[-3,-2],[-221,202],[-6,10],[-276,-24],[-1,15],[-257,-20],[3,-17],[-175,-73],[-41,-30],[396,-777],[12,0],[158,-308],[-50,-38],[9,-18],[63,8],[51,-100],[185,-328],[-39,-32],[7,-14],[50,12],[145,-251],[118,-213],[34,9],[134,65],[4,-7],[-235,-113],[-12,9],[47,23],[-32,56],[-106,-51],[27,-58],[37,17],[2,-17],[-56,-28],[12,-24],[-27,13],[-84,-42],[40,-71]],[[69331,15150],[-19,-9]],[[69312,15141],[-40,72],[-11,1],[-60,-28],[-16,-18],[-49,-20],[-3,7],[-106,-51],[42,-76]],[[69069,15028],[-117,-55],[-117,-20],[-51,-2],[-341,-45],[-301,-38],[-162,-20],[-346,-48],[-477,-62],[-441,-59],[-103,9],[-73,-16],[-34,8],[-63,25]],[[66443,14705],[5,8],[-80,40],[-36,5],[-16,-25],[24,-13],[-52,-86]],[[66288,14634],[-109,30],[-67,4],[-52,20],[-172,11],[-59,7],[-20,-17],[-43,-84],[-324,82],[-214,49],[-47,109],[-239,-15],[-13,-17],[-299,-17],[-421,292],[-96,54],[-97,67]],[[70270,15588],[-16,-8]],[[70254,15580],[55,798],[52,879],[16,0],[-57,-945],[-50,-724]],[[68170,18113],[-4,-10],[-88,33],[5,10],[87,-33]],[[64016,15209],[-75,-78],[-58,-75],[-40,-71],[-25,-54],[-33,-99],[-15,-71],[-3,-46],[8,-126],[21,-130],[-3,-65],[-37,-38],[-78,-10],[-82,-19],[-105,-35],[-59,-25],[-88,-48],[-284,-177],[-125,-70],[-90,-45],[-38,-26],[-116,-88],[-1,-7],[37,-75],[31,-92],[29,-161],[3,-54],[-6,-182],[-14,-111],[-16,-44],[-52,-106],[-84,-143],[-82,-149]],[[62536,12689],[-23,17],[-172,62],[-103,27],[-337,94],[-73,21],[-24,15],[-50,87],[143,65],[-113,176],[-187,-99],[-72,116],[3,18],[35,19],[-82,124],[-29,18],[-19,61],[-48,100],[-58,107],[-54,68],[-53,55],[-54,35],[-71,32],[-101,76],[-261,104],[1,28],[73,26],[-82,70],[-127,95],[-149,88],[-250,157],[-113,69],[-281,152],[-124,54],[-451,160],[-130,52],[-84,37],[-216,106],[-217,114],[-269,144],[-165,102],[-65,44],[-109,91],[-61,62],[-60,70],[-107,135],[-65,106],[-39,51],[-44,46],[-174,160],[-65,51],[-108,73],[-248,166],[-157,121],[-68,62],[-108,106],[-62,46],[-86,57]],[[56523,16988],[-87,65],[-14,2],[-71,-58],[-41,-2],[-54,-23],[-97,-32],[-78,-13],[-9,42],[-227,-32],[-1,20],[-93,-18],[-118,-14],[-892,931]],[[54741,17856],[1029,332],[80,34],[27,23],[53,81],[14,46],[35,29],[87,25],[39,-25],[28,-26],[75,-14],[21,9],[35,51],[37,30],[83,39],[54,6],[78,56],[35,9],[25,24],[46,7],[5,41],[118,-49],[-11,29],[-46,22],[-15,74],[20,78],[-1,45],[-17,44],[8,185],[-17,49],[-61,55],[8,31],[-49,46],[-28,47],[1,18],[38,8],[21,32],[-8,24],[59,73],[-26,24],[-66,13],[58,84],[5,57],[-8,28],[-74,155],[-6,36],[9,106],[-38,44],[-82,81],[-5,12],[108,115],[-60,49],[-4,26],[-28,30],[19,30],[-29,49],[85,28],[56,6],[73,-10],[314,3],[58,-26],[155,5],[74,23],[81,5],[61,47],[127,61],[27,-7],[35,-46],[25,-12],[93,-16],[32,-16],[-15,-44],[5,-41],[27,-95],[5,-42],[-14,-96],[11,-27],[34,-38],[11,-49],[78,-27],[55,-44],[35,-13],[37,-23],[44,-68],[79,-107],[-57,-70],[-2,-25],[16,-50],[-13,-73],[6,-55],[23,-18],[67,-15],[11,-23],[-3,-25],[22,-8],[194,31],[46,18],[11,17],[-2,27],[-44,77],[-4,55],[23,48],[29,31],[12,41],[-22,86],[20,62],[16,18],[51,10],[-4,28],[-80,138],[-6,60],[15,51],[69,173],[40,60],[117,117],[-34,13],[66,58],[19,-16],[77,69],[-6,15],[44,41],[227,185],[615,144],[654,106]],[[19472,18441],[27,-52],[73,-70],[28,-71],[19,-70],[37,-43],[23,-54],[100,-72],[76,-7],[75,-35],[10,-23],[1,-65],[23,-58],[-7,-23],[9,-16],[51,-5],[95,-28],[37,8],[35,-3],[96,-42],[47,-11],[66,-38],[117,-11],[54,-32],[24,-38],[50,-19],[45,14],[17,-5],[104,-72],[37,-37],[20,-46],[2,-27],[-13,-48],[9,-15],[123,-31],[15,3],[26,104],[219,-41],[26,-16],[54,-52],[279,-253],[54,-45],[51,43],[37,-7],[40,58],[36,38],[28,18],[36,-37],[41,-28],[64,-20],[71,-113],[29,-27],[51,-35],[76,-35],[69,-21],[84,-21],[194,-39],[52,-18],[95,-40],[61,-42],[38,-33]],[[21105,13184],[-61,19],[-83,36],[-355,243],[-147,107],[-61,55],[-69,71],[-119,134],[-96,133],[-113,121],[-114,98],[-80,50],[-89,45],[-149,62],[-52,18],[-93,21],[-92,25],[-268,89],[-48,23],[-63,40],[-107,84],[-135,124],[-128,104],[-149,100],[-141,102],[-88,67],[-72,62],[-26,22],[-111,62],[-141,58],[-169,59],[-80,23],[-122,16],[-112,44],[-149,81],[-46,34],[-48,46],[-83,100],[-104,161],[-66,113],[-68,148],[-64,187],[138,275],[18,57],[-12,69],[59,93],[53,21],[150,301],[32,54],[0,81],[-56,159],[-32,61],[-38,51],[-48,55],[-101,85]],[[52991,59625],[-55,10],[-58,39],[-58,6],[-92,-33],[-40,-3],[-16,24],[29,36],[9,30],[-56,16],[-96,16],[-7,33],[-57,2],[-12,-18],[20,-113],[-13,-16],[-43,-7],[-46,10],[-86,58],[-47,-45],[-54,41],[18,25],[-29,23],[-26,-16],[-42,21],[-22,33],[2,23],[18,26],[-13,18],[-61,19],[-152,16],[-46,31],[-64,24],[-143,16],[-56,18],[-70,40],[-46,1],[-92,50],[-62,-89],[-123,74],[-22,-6],[-99,-143],[-25,-7],[-56,-3],[-47,11],[-55,-23],[-27,16],[-29,3],[-100,-26],[-36,3],[-65,-7],[-40,-19],[-94,53],[-37,-1],[-34,16],[-34,31],[-18,-15],[-31,1],[-30,16],[-29,28],[-73,22],[-58,30],[-20,2],[-51,-12],[-33,-34],[-98,-67],[-53,-23],[-53,-12],[-61,-1],[-54,-11],[4,-9],[47,-16],[-11,-11],[-64,-5],[-38,-40],[-42,-22],[-41,-73],[-2,-22],[47,-60],[81,-41],[15,-20],[7,-34],[34,-54],[44,-40],[21,-31],[-13,-33],[1,-26],[28,-40],[-6,-107],[-35,-74],[-19,-26],[16,-74],[-13,-93],[27,-48],[-20,-11],[-45,1],[-70,-26],[-64,-17],[-47,-22],[-9,-19],[-9,-60],[-33,-48],[6,-54],[-89,28],[-111,56],[-96,44],[-31,5],[-38,-11],[-56,-32],[-104,-74],[-64,-120],[6,-61],[-9,-29],[-41,-72],[-14,31],[-29,27],[-55,4],[-94,-103],[-44,-42],[-109,-89],[-24,-55],[-23,-2]],[[48514,58136],[-21,27],[-82,139],[-47,91],[-38,87],[-16,78],[-18,34],[-51,62],[-65,102],[-49,59],[-35,33],[-45,29],[-51,20],[-65,35],[-50,32],[-73,27],[-35,3],[-61,-10],[-4,70],[24,30],[-5,47],[-45,86],[-87,182],[-94,190],[-95,197],[-100,203],[-45,95],[-143,283],[-64,143],[-12,15],[-97,70],[-382,281],[91,109],[40,44],[-2,18],[-82,30],[-109,58],[-109,64],[-43,46],[-51,36],[-46,59],[-79,61],[-95,37],[-149,82],[-61,52],[-122,118],[-205,152],[-380,286],[-190,102],[-1,16],[-402,117],[-338,101],[-50,23],[-161,82],[-281,135],[-89,-126],[-61,46],[-60,-18],[-35,-29],[-33,-17],[-79,-59],[-41,3],[-46,21],[-54,3],[-20,-7],[-5,-25],[24,-12],[37,-5],[31,-29],[4,-27],[-9,-47],[-50,-44],[-29,-41],[3,-74],[-14,-53],[-25,-40],[7,-80],[21,-37],[-2,-27],[-37,-57],[0,-51],[-24,-62],[-73,-113],[-8,-20],[-22,-9],[-86,-20],[-66,-44],[-29,-24],[-51,-10],[-91,15],[-62,-11],[-103,5],[-62,-13],[-50,21],[-53,11],[-69,50],[-37,-10],[-84,26],[-51,9],[-70,35],[-71,-11],[-14,-8],[-50,-97],[-18,-68],[-23,-31],[-3,-30],[36,-33],[10,-22],[-24,-40],[12,-53],[-12,-24],[12,-31],[-7,-136],[25,-66],[16,-110],[-48,-68],[-22,-13],[-69,-14],[-51,-58],[-18,9],[-13,55],[-13,24],[-29,24],[-52,16],[-18,14],[-24,62],[-17,13],[-80,9],[-25,40],[-56,58],[-27,18],[-19,26],[-30,1],[-11,-19],[13,-44],[-13,-30],[-30,-36],[4,-50],[17,-46],[28,-32],[38,-77],[-84,-3],[-67,-42],[-77,-32],[-22,-27],[6,-45],[-82,-5],[-103,-47],[-31,-1],[-185,-57],[-51,-41],[-19,-32],[-28,-110],[-46,73],[-21,23],[-52,20],[-32,24],[-28,50],[-16,10],[-45,-4],[-112,57],[-20,23],[-30,15],[-95,91],[-51,42],[-49,79],[-143,89],[-37,59],[-58,63],[-78,55],[-59,-34],[-35,-11],[-20,-20],[-16,-53],[-3,-78],[-21,-72],[-12,-25],[-52,-21],[11,-91],[-13,-10],[-82,-2],[-33,8],[-66,-2],[-52,-22],[-16,-18],[-22,-52],[-31,-27],[-21,21],[-30,-6],[-28,-36],[-53,5],[-28,-13],[-50,10],[-70,0],[-46,-17]],[[38905,60591],[-31,55],[-22,52],[-52,40],[-31,47],[7,30],[16,17],[29,63],[3,65],[-37,60],[-26,66],[-33,44],[-33,24],[-50,13],[-34,25],[-43,59],[-48,98],[-82,177],[-6,55],[12,78],[-4,20],[-41,83],[1,22],[47,33],[14,18],[0,118],[-4,26],[5,87],[-15,63],[14,77],[5,118],[-21,58],[-2,30],[-34,38],[-24,123],[10,41],[36,38],[65,35],[25,30],[72,101],[32,34],[48,28],[17,19],[6,28],[-3,106],[5,47],[-11,43],[-27,31],[-33,19],[-52,20],[-17,15],[-59,137],[-6,24],[-30,43],[-122,80],[-54,67],[-121,159],[45,55],[49,79],[126,5],[-63,44],[13,24],[-45,25],[3,29],[54,21],[-15,32],[8,17],[43,33],[-30,28],[-60,74],[-1,39],[-11,43],[32,23],[-21,40],[-21,70],[2,36],[-27,28],[-42,24],[-104,81],[-16,37],[25,31],[85,36],[17,23],[16,50],[-1,66],[9,90],[11,55],[7,119],[18,81],[22,55],[-5,26],[-51,7],[-24,-15],[-45,48],[23,17],[12,32],[-14,46],[-52,29],[12,29],[45,79],[12,38],[-37,20],[-4,13],[11,47],[-8,63],[7,14],[40,18],[28,118],[46,67],[14,60],[22,59],[-9,64],[8,69],[41,25],[11,20],[1,41],[21,36],[7,29],[-19,39],[43,19],[26,22],[1,24],[48,101],[29,33],[-24,109],[2,16],[34,60],[-33,56],[24,50],[2,32],[-24,77],[-15,34],[-34,38],[-3,18],[17,36],[-2,36],[7,54],[-10,51],[1,41],[22,38],[3,28],[-19,118],[-79,139],[-101,98],[11,61],[-2,25],[-30,86],[-13,99],[-21,31],[-10,37],[-14,18],[-58,35],[-29,56],[-8,54],[-22,33],[-5,47],[-41,33],[-24,44],[-38,22],[-53,83],[-35,19],[-20,23],[2,37],[-17,8],[-60,-13],[-47,-58],[-108,-82],[-44,-6],[-52,28],[-22,42],[16,106],[-10,56],[10,33],[-7,37],[47,42],[0,29],[-29,45],[3,38],[-15,65],[1,62],[-33,30],[-6,67],[2,44],[-9,39],[-2,54],[-37,56],[12,22],[31,9],[66,-30],[88,10],[21,7],[45,58],[52,-6],[26,11],[52,-6],[48,25],[60,13],[55,28],[64,39],[2,39],[-57,45],[-2,64],[-13,31],[-6,46],[7,40],[19,47],[0,22],[-23,47],[5,36],[-16,50],[4,27],[-36,38],[-22,57],[-53,7],[-19,22],[-38,79],[9,40],[-2,40],[26,33],[5,56],[14,30],[60,52],[21,47],[-15,65],[7,51],[-24,65],[-44,49],[-35,6],[-32,25],[-45,92],[-27,16],[-35,-24],[-18,2],[-15,35],[2,66],[-25,44],[-45,25],[-15,38],[-2,48],[-35,30],[-67,24],[-24,19],[-16,33],[-32,37],[-48,29],[-80,37],[-22,66],[1,38],[-44,10],[-54,45],[-17,24],[9,27],[49,37],[94,11],[24,11],[30,103],[30,58],[-10,53],[-57,63],[-14,59],[2,76],[-8,83],[15,0],[-49,51],[-43,23],[-68,49],[-96,15],[-37,51],[-45,1],[-44,14],[-27,25],[-33,-9],[-65,11],[-113,11],[-15,8],[-21,43],[-39,54],[-5,13],[9,46],[38,30],[-1,30],[-17,67],[-30,50],[30,29],[27,-7],[74,-58],[30,-4],[66,28],[17,15],[-1,32],[-28,78],[-23,53],[18,26],[-18,69],[-31,32],[-12,56],[3,53],[-16,80],[-35,16],[-26,23],[-30,-19],[-46,-14],[-51,5],[-40,48],[-2,21],[29,35],[-9,109],[1,53],[19,16],[49,22],[74,56],[63,25],[38,40],[38,95],[13,16],[46,29],[39,35],[60,72],[20,58],[-3,41],[20,98],[37,54],[6,23],[34,66],[50,37],[13,45],[-1,23],[35,53],[48,26],[31,31],[126,51],[36,2],[59,18],[-18,-33],[68,-23],[80,-33],[80,24],[91,-35],[78,6],[32,-3],[47,-16],[38,-42],[6,-49],[28,-6],[42,24],[35,-6],[44,-30],[30,14],[22,101],[24,20],[3,43],[30,52],[24,69],[38,42],[32,19],[41,-3],[53,-18],[71,1],[65,13],[56,16],[58,-34],[93,7],[66,0],[42,32],[67,45],[48,0],[33,-17],[37,-38],[42,-6],[34,-52],[53,-18],[60,-9],[29,10],[46,3],[80,73],[60,-5],[80,5],[67,-2],[31,18],[55,14],[28,-5],[55,-30],[25,-4],[19,14],[13,46],[45,11],[14,40],[49,55],[52,45],[7,19],[-16,59],[-2,33],[16,27],[58,16],[50,30],[77,24],[87,41],[53,-60],[35,-25],[42,-5],[97,8],[130,19],[100,37],[43,22],[7,44],[79,97],[4,26],[-17,70],[34,7],[97,74],[48,21],[61,-19],[54,-10],[56,2],[76,-10],[36,2],[71,19],[74,13],[-4,16]],[[41486,75309],[81,19],[39,14],[39,34],[45,49],[28,8],[15,-18],[36,-78],[38,-33],[21,-38],[51,-27],[53,-66],[8,-4],[93,5],[29,19],[54,12],[58,-10],[16,-60],[41,-26],[17,-31],[12,3],[60,50],[52,34],[86,29],[81,45],[45,38],[61,23],[-4,35],[8,34],[25,39],[23,10],[52,-20],[46,3],[63,-8],[80,-43],[85,16],[30,34],[59,35],[-43,24],[-28,27],[-5,67],[-31,65],[8,108],[14,31],[33,111],[31,89],[39,88],[36,47],[47,17],[14,29],[36,22],[14,-24],[44,-99],[36,-30],[13,-24],[23,-11],[90,7],[103,-1],[26,10],[48,85],[62,21],[16,21],[88,7],[-6,59],[18,17],[31,-2],[65,29],[11,-19],[6,-48],[19,5],[49,48],[23,-32],[-29,-22],[-38,-45],[-109,-111],[22,-51],[43,-20],[-12,-93],[23,-42],[16,-46],[19,-15],[16,-62],[14,-10],[38,6],[40,-71],[62,23],[33,-84],[15,-28],[26,-77],[-100,-37],[7,-62],[13,-28],[50,7],[74,-10],[59,-16],[26,9],[15,43],[20,13],[63,21],[62,9],[54,0],[67,37],[69,-5],[28,-15],[5,-24],[75,-116],[-31,-28],[-62,-15],[-49,-4],[-55,-21],[-50,-35],[-26,-28],[-49,-14],[-44,-26],[-37,-12],[-88,-113],[-1,-35],[37,21],[26,-2],[57,-42],[39,-14],[95,-12],[32,-39],[2,-34],[65,-12],[95,5],[53,7],[31,-15],[28,-30],[10,-29],[23,-12],[68,0],[174,58],[81,8],[-3,-37],[7,-31],[18,-11],[48,-7],[51,-58],[32,-77],[20,-14],[53,-14],[41,-44],[58,-9],[12,-8],[-7,-58],[23,-105],[17,-28],[28,-10],[62,3],[58,24],[21,1],[57,-20],[94,34],[33,20],[137,17],[24,-36],[49,-53],[79,-41],[26,-21],[14,-42],[24,-45],[65,-47],[25,-3],[11,-15],[7,-56],[19,-26],[66,-26],[72,-45],[28,-44],[23,-10],[47,12],[43,2],[69,-12],[89,-7],[34,-29],[22,-62],[-9,-74],[38,-47],[103,-73],[25,-25],[61,-37],[75,-6],[124,-48],[88,-1],[48,-31],[50,-3],[41,-20],[46,-3],[43,-22],[35,-8],[50,-29],[15,-18],[-1,-32],[11,-46],[-4,-34],[39,-51],[1,-89],[7,-59],[7,-7],[56,3],[24,9],[3,70],[39,62],[29,26],[47,26],[40,3],[43,-25],[42,-5],[42,5],[36,-49],[54,1],[91,28],[49,30],[82,72],[78,39],[110,29],[25,12],[34,38],[33,4],[40,-12],[21,6],[42,39],[31,80],[37,56],[16,74],[33,-15],[14,-62],[-17,-80],[-2,-56],[-14,-54],[-2,-46],[33,6],[80,-38],[37,-3],[69,13],[-38,-39],[19,-12],[-5,-16],[-37,-2],[-11,-31],[24,-28],[47,-37],[4,-19],[-19,-5],[-63,19],[18,-21],[10,-31],[-1,-58],[-11,-53],[1,-44],[45,-20],[13,-22],[50,-4],[53,-20],[24,-93],[5,-38],[29,-13],[10,19],[44,24],[17,25],[26,78],[22,25],[16,36],[9,65],[12,30],[36,23],[58,53],[99,29],[108,21],[123,47],[51,15],[33,20],[24,26],[32,61],[3,32],[-39,36],[-12,40],[-38,25],[-45,46],[-60,41],[7,27],[24,3],[57,20],[49,2],[55,-7],[37,-39],[84,-43],[83,-10],[28,3],[22,-12],[39,-56],[8,-56],[16,-18],[21,-43],[104,-13],[34,22],[0,40],[11,21],[-20,38],[-39,9],[-15,32],[1,31],[-10,39],[44,31],[22,-25],[-9,-52],[9,-38],[18,-12],[49,14],[26,-52],[28,-14],[23,-33],[21,6],[2,-16],[-18,-46],[16,-19],[-57,-71],[13,-19],[77,21],[19,18],[42,67],[65,19],[-13,10],[-34,-3],[12,15],[32,9],[15,16],[-29,9],[-18,21],[67,9],[4,12],[-78,31],[0,14],[56,29],[13,30],[15,-5],[34,56],[17,44],[0,67],[-26,32],[-8,52],[45,14],[47,34],[-2,38],[-19,38],[-52,25],[-14,47],[-21,26],[-45,16],[-10,30],[32,53],[-5,51],[19,23],[43,21],[39,4],[59,65],[6,19],[93,41],[44,-10],[70,35],[8,47],[36,64],[-26,30],[-18,52],[7,16],[45,25],[212,16],[57,24],[106,73],[29,11],[96,-13],[30,-15]],[[49880,55831],[-44,45],[-32,41],[-34,23],[-48,45],[-21,37],[-3,36],[-43,128],[-26,49],[-33,6],[-48,-52],[-114,-3],[3,56],[15,77],[54,229],[16,94],[10,84],[11,239],[6,156],[1,159],[-13,50],[-51,136],[-47,71],[-43,47],[-85,83],[-32,25],[-105,56],[-40,18],[-76,43],[-141,48],[-194,-159],[-20,-14],[-70,-18],[-45,-36],[-81,-100],[-44,-25],[-42,7],[-131,39],[-111,37],[-80,44],[-98,44],[-16,28],[120,53],[219,93],[183,81],[-4,109],[11,96]],[[60301,58415],[-8,-46],[-42,-35],[-3,-34],[-29,-36],[-23,-48],[-25,-8],[-124,-25],[-43,4],[-74,20],[-155,-159],[-175,-184],[-30,-16],[-150,-67],[-10,-14],[-57,-1],[-102,-33],[-74,-12],[-12,-112],[10,-85],[-3,-28],[29,-43],[-35,-27],[-6,-54],[-23,-58],[-7,-43],[-26,-38],[-18,-63],[-48,-102],[-34,-23],[-57,7],[-118,1],[-51,-10],[-39,-17],[-23,-52],[-104,-36],[58,-109],[112,-249],[-67,-42],[-45,-38],[-82,-47],[-39,-64],[-53,-42],[-28,-40],[-10,-32],[-1,-87],[28,-39],[54,-47],[14,-28],[-28,-45],[31,-7],[7,-28],[23,-23],[45,-28],[0,-83],[6,-28],[6,-84],[23,-48]],[[14778,43282],[45,-2],[41,-54],[82,49],[68,45],[268,138],[27,22],[123,213],[80,148],[73,154],[19,89],[-4,53],[-21,16],[-300,-7],[-2,21],[21,146],[11,100],[34,241],[22,171],[68,499],[10,89],[-3,108],[-32,173],[-35,130],[-1,88],[52,115],[41,66],[74,103],[16,31],[35,9],[64,4],[108,56],[65,48],[37,38],[39,52],[95,74],[60,32],[50,55],[18,8],[158,13],[170,54],[27,40],[110,28],[79,3],[88,-2],[10,16],[128,3],[87,-7],[8,47],[-2,98],[77,16],[132,33],[83,24],[84,16],[175,19],[36,7],[1,91],[96,1],[0,52],[63,-1],[4,38],[121,1],[-2,18],[167,2],[-1,20],[125,2],[1,17],[436,12],[-14,55],[110,5],[56,9],[51,-6],[208,0],[21,69],[5,39],[-5,127],[-11,59],[11,100],[-54,11],[34,177],[43,2],[-12,41],[22,4],[21,45],[10,43],[-7,38],[-15,29],[-43,-1],[0,23],[20,57],[32,46],[20,13],[-24,52],[-12,53],[35,85],[7,37],[-27,41],[-20,53],[3,37],[69,94],[67,41],[62,63],[68,37],[30,45],[20,50],[15,74],[59,69],[38,27],[43,82],[9,36],[-12,145],[6,20],[54,47],[38,25],[25,-4],[35,-136],[9,-87],[2,-82],[17,-26],[87,-93],[76,-30],[77,-13],[21,-101],[17,-53],[26,-53],[162,36],[109,-11],[-11,-42],[92,-19],[-17,-82],[398,-80],[2,33],[23,62],[40,55],[30,26],[32,10],[64,4],[269,-6],[339,-118],[46,-4],[25,113],[12,16],[79,48],[-5,23],[-91,110],[-82,82],[-29,41],[4,39],[-28,24],[9,72],[-19,65],[1,34],[75,-13],[120,-38],[299,-56],[97,-13],[-11,-59],[58,19],[22,-20],[13,-38],[49,-67],[19,3],[50,44],[11,46],[7,75],[9,44],[30,56],[71,48],[87,26],[43,-15],[24,-30],[33,-27],[-53,-34],[-45,26],[-19,-7],[-32,-102],[71,-19],[18,66],[-1,17],[23,3],[3,-19],[21,3],[-6,23],[37,5],[36,-13],[169,-7],[47,20],[31,28],[29,12],[17,-14],[23,-49],[44,-10],[128,21],[53,-3],[66,-25],[39,4],[16,27],[1,47],[9,32],[80,24],[46,-29],[73,-5],[16,14],[20,46],[22,28],[43,-11],[73,6],[76,-5],[66,12],[33,26],[29,-36],[32,-17],[67,-24],[33,-23],[89,-46],[35,-34],[37,-69],[53,1],[62,16]],[[24280,49206],[5,-24],[67,-135],[13,-60],[-19,-62],[-46,-74],[-18,-10],[-43,-72],[-4,-25],[11,-82],[4,-65],[-15,-12],[-45,-8],[4,-53],[28,9],[60,-65],[38,-27],[-31,-43],[-26,14],[-39,0],[-2,-156],[159,-11],[-3,-53],[13,-5],[107,-2],[-1,-100],[63,-3],[26,-9],[50,59],[40,-22],[102,-30],[-5,-53],[106,-6],[-3,-121],[-7,-59],[-4,-97],[-62,-43],[-36,-37],[-53,-75],[-27,13],[-31,44],[-25,13],[-84,11],[-68,19],[-77,38],[-40,31],[-61,12],[-65,7],[-62,25],[-49,1],[-36,9],[-54,45],[-42,25],[-40,16],[-104,68],[-32,8],[103,-143],[141,-151],[14,-25],[77,-252],[55,-148],[62,-99],[191,-256],[173,-294],[41,-85],[137,-174],[104,-120],[27,-65],[32,-97],[12,-106],[19,-68],[17,-40],[-18,-21],[64,-182],[-90,-20],[-33,-2],[-55,-23],[116,-376],[-13,-3],[22,-55],[61,-208],[63,-319],[-19,-5],[14,-68],[-28,-7],[-1,20],[-30,-4],[-16,-97],[-23,2],[-57,-178],[-17,-41],[12,-47],[59,-159],[0,-36],[-54,-230],[14,-225],[-64,-105],[-226,-110],[-2,-234],[204,-192],[7,-10],[-18,-102],[-70,-434],[0,-194],[3,-47],[19,-23],[-22,-3],[2,-23],[-19,-3],[13,-29],[20,-9],[32,-50],[21,-75],[-14,-74],[-5,-84],[85,-3],[5,-65],[-15,3],[10,-60],[14,-25],[3,-39],[-18,-37],[-37,-31],[-10,-22],[67,-29],[167,-45],[12,8],[46,118],[82,55],[26,8],[114,11],[38,14],[43,28],[29,34],[42,68],[16,17],[45,-35],[18,-37],[48,-39],[27,-13],[53,-50],[42,-1],[49,19],[12,-34],[48,2],[72,26],[9,-21],[34,-38],[13,-39],[-32,-33],[-31,-2],[-1,-15],[74,-61],[-24,-24],[-38,-21],[-47,36],[-60,-53],[50,-42],[-57,-57],[-50,-28],[-40,-36],[-24,-41],[-90,69],[-13,-36],[44,-86],[3,-20],[26,-64],[28,-21],[9,-30],[92,37],[18,-80],[17,3],[8,-52],[37,-76],[-15,-37],[-2,-45],[-36,-54],[23,-43],[-31,-47],[-12,-126],[-49,-43],[-34,-50],[-37,-102],[138,-118],[62,-40],[4,-27],[-42,-46],[-58,-45],[-23,-101],[-107,-69],[-22,-24],[-16,-50],[14,-69],[49,-54],[23,-33],[-6,-38],[-50,-59],[-2,-35],[-18,-46],[-52,-37],[-2,-58],[-30,-40],[-9,-78],[26,-49],[29,-18],[14,-39],[-3,-58],[-24,-36],[-33,-1],[-12,-43],[0,-36],[-41,-64],[-18,-66],[27,-81],[-34,-44],[37,-48],[-25,-48],[-22,-25],[-1,-23],[31,-36],[9,-46],[-2,-74]],[[14947,38005],[-10,64],[-4,87],[16,109],[12,64]],[[11572,31565],[360,-23],[126,-26],[108,-32],[283,-30],[76,-10],[101,-49],[99,-54],[39,-26],[117,-104],[150,-131],[98,-88],[74,-62],[59,-62],[32,-91],[72,-164],[79,-188],[107,-119],[435,-482],[117,-126],[164,-153]],[[16195,17893],[0,-16],[-477,8],[-46,6],[-131,44],[-85,35],[-90,56],[-101,75],[-148,78],[-323,155],[-56,25],[-118,43],[-92,39],[-106,63],[-124,85],[-65,57],[-111,114],[-79,75],[-110,92],[-109,84],[-156,126],[-124,118],[-60,60],[-77,96],[-29,56],[-20,51],[-34,117],[-70,268],[-24,147],[-14,134],[-24,123],[-26,113],[-5,7],[-46,176],[-20,102],[-17,63],[-37,93],[-34,61],[-55,79],[-44,51],[-159,129],[-57,53],[-60,62],[-327,397],[-53,55],[-433,491],[-116,139],[-77,78],[-48,32],[-136,75],[-294,142],[-190,94],[-97,62],[-90,61],[-227,177],[-130,116],[-151,144],[-85,96],[-213,235],[-122,130],[-78,89],[-32,28],[-85,92],[-117,121],[-114,126],[-106,115],[-68,68],[-151,144]],[[9092,24603],[250,148],[130,78],[22,-23],[142,93],[85,13],[97,58],[135,1],[59,-10],[72,-41],[26,-50],[85,41],[84,51],[58,48],[20,8],[64,-1],[48,5],[81,19],[48,28],[86,5],[11,12],[33,75],[18,29],[16,56],[54,222],[10,25],[136,55],[100,48],[44,-72],[13,9],[35,-62],[-4,-19],[34,-56],[75,32],[-13,-18],[129,-59],[81,129],[-69,36],[15,22],[-41,-10],[-52,16],[-27,37],[-25,91],[-15,20],[-19,0],[-124,207],[-15,-7],[-20,32],[-6,-13],[-228,105],[18,31],[-130,62],[-29,-52],[-189,94],[-28,11],[-34,63],[-11,92],[15,0],[-52,462],[27,0],[-15,51],[11,59],[17,-1],[14,31],[-18,49],[-36,-11],[-32,66],[8,2],[-33,66],[38,16],[-27,56],[46,-6],[52,32],[-15,27],[67,45],[16,-9],[48,103],[6,30],[-4,74],[8,52],[22,69],[4,62],[37,67],[35,26],[-32,107],[-14,30],[10,6],[-15,41],[-8,47],[-33,96],[-13,67],[86,18],[44,15],[10,24],[-3,39],[-24,133],[-9,35],[-43,-6],[-23,94],[27,54],[-9,11],[16,92],[16,10],[-12,91],[-19,67],[-61,6],[0,70],[13,2],[4,104],[73,16],[41,0],[0,49],[76,0],[11,37],[94,21],[5,31],[28,7],[-20,177],[12,8],[-11,54],[-161,15],[-39,12],[3,95],[-8,0],[1,42],[-18,3],[3,99],[37,135],[16,80],[12,134],[198,-23],[20,71],[49,37],[12,-10],[24,23],[22,-19],[4,-52],[24,21],[-12,16],[14,22],[17,-6],[25,55],[-106,85],[34,54],[-33,12],[-77,15],[-11,-21],[-73,-1],[-69,28],[-33,1],[-181,47],[-38,5],[-139,-11],[-108,-19],[-67,108],[-25,83],[-61,-3],[3,98],[-23,10],[-36,42],[15,3],[-9,24],[-38,-2],[-20,72],[-15,3],[8,59],[9,171],[-4,65],[-26,96],[-119,-16],[-103,-35],[-7,-17],[-57,-4],[5,18]],[[10228,27312],[-58,160],[132,46],[-34,69],[34,2],[5,25],[100,38],[7,-23],[-8,-53],[-23,-65],[-62,-47],[-5,-12],[-8,-113],[-27,-36],[18,-77],[17,-18],[2,-38],[-32,-18],[-58,160]],[[10200,29021],[111,-8],[-18,-92],[-120,8],[-14,-44],[-31,1],[11,88],[21,66],[18,36],[25,-3],[-3,-52]],[[10483,26916],[38,12],[93,-26],[44,64],[49,42],[-5,40],[-24,77],[-19,39],[-133,28],[-41,-20],[-38,-47],[0,-11],[46,-62],[-43,-82],[33,-54]],[[10634,27661],[-10,-33],[8,-49],[53,-3],[4,30],[0,72],[-38,8],[-17,-25]],[[39110,18566],[109,62],[48,64],[87,60],[32,27],[31,8],[112,2],[209,-116],[71,-48],[101,-28],[53,-4],[44,3],[154,46],[56,34],[30,35],[57,55],[18,6],[39,-10],[26,3],[51,21],[54,-9],[22,-28],[70,-3],[189,28],[134,25],[114,30],[119,14],[48,-10]],[[41188,18833],[38,-15],[120,-78],[154,-116],[109,-77],[41,7],[28,44],[44,41],[33,18],[25,28],[10,41],[122,123],[-3,39],[-28,53],[-3,29],[3,127],[38,-5],[13,-55],[12,-20],[20,-3],[37,13],[33,-1],[35,-86],[-21,-24],[-47,-23],[-3,-73],[3,-26],[-6,-64],[21,-44],[1,-28],[-23,-52],[-24,1],[-72,-60],[-53,43],[-52,23],[-22,-13],[18,-27],[3,-59],[-11,-27],[24,-7],[48,43],[88,-68],[16,-37],[-57,-54],[9,-5],[24,26],[41,8],[28,-34],[97,-35],[10,-36],[-47,-13],[81,-14],[33,-22],[-24,-42],[33,-5],[21,46],[47,10],[34,-12],[30,-35],[37,-72],[12,2],[-42,91],[9,26],[59,29],[33,5],[20,-28],[6,44],[23,2],[18,73],[63,64],[19,9],[29,-61],[5,41],[14,37],[47,63],[-4,60],[14,53],[34,49],[22,14],[33,36],[9,49],[37,20],[44,37],[49,2],[27,47],[24,16],[30,-7],[1,19],[45,17],[49,73],[25,119],[48,66],[14,4],[54,-14],[-1,27],[31,66],[76,46],[174,40],[27,59],[64,105],[48,88],[162,281],[-25,40],[-99,116],[36,30],[58,25],[137,107],[37,33],[48,55],[32,48],[75,225],[579,-149],[370,-101],[776,-212],[141,-36],[89,-26],[-82,-251],[5,-301],[451,-96],[591,144],[497,94],[537,242],[830,1175],[652,922]],[[49540,21982],[1493,-1177],[778,-649],[744,-601],[628,-881],[242,-411],[689,-266],[627,-141]],[[56523,16988],[-146,-135],[-105,-121],[-139,-175],[-62,-83],[-54,-84],[-90,-175],[-96,-159],[-101,-178],[-27,-66],[-4,-81],[-89,-355],[-21,-215],[-11,-53],[-16,-43],[-38,-74],[-40,-58],[-40,-74],[-39,-48],[-55,-25],[-25,1],[-111,54],[-107,71],[-37,9],[-42,-12],[-53,-38],[-48,-66],[-22,-46],[-34,-103],[-13,-95],[0,-104],[7,-58],[14,-55],[69,-164],[38,-66],[42,-131],[41,-98],[30,-123],[10,-127],[24,-54],[74,-63],[149,-69],[42,-26],[57,-67],[40,-75],[29,-21],[98,-105],[311,-254],[13,-26],[-11,-6],[-67,2],[-104,18],[-178,39],[-262,78],[-128,42],[-200,56],[-197,53],[-109,34],[-53,24],[-75,43],[-170,130],[-292,217],[-118,86],[-40,43],[-49,63],[-84,130],[-39,42],[-256,177],[-49,31],[-9,17],[-407,221],[-151,82],[-26,-27],[-38,0],[-72,-92],[-278,-396],[-36,-63],[-104,-140],[-130,-173],[-173,-54],[-273,-72],[-300,-64],[-116,-33],[-76,-30],[-146,-72],[-168,-88],[-283,-154],[-89,-37],[-132,-39],[-120,-20],[-139,-8],[-79,2],[-153,30],[-81,25],[-352,135],[-122,30],[-139,10],[-261,10],[-240,-14],[-126,-22],[-173,-47],[-254,-80],[-234,-92],[-290,-128],[-132,-62],[-119,-46]],[[47444,12686],[-71,79],[-52,107],[0,27],[-144,155],[-7,77],[32,20],[-35,61],[79,37],[-165,295],[-34,-17],[-73,131],[-117,-77],[-56,99],[-99,-54],[9,-16],[-139,-73],[9,-16],[-76,-44],[9,-22],[-52,-28],[12,-26],[-72,-35],[32,-54],[-402,-197],[22,-48],[-31,-17],[5,-13],[-69,-35],[3,-32],[-52,-28],[-9,7],[-74,-35],[-6,11],[-67,-35],[3,-10],[-58,-28],[-130,298],[-54,-20],[112,-253],[-534,-264],[-209,-107],[-422,-205],[-248,-124],[-21,330],[-136,-71],[-7,139],[-22,325],[-231,-81],[-8,-40],[-14,-23],[10,-190],[-66,-4],[15,-253],[-95,-5],[2,-70],[27,0],[3,-41],[-16,1],[13,-175],[-138,-21],[3,-422],[-69,-22],[1,-62],[-259,-3],[-106,-446],[-19,-15],[-34,20],[-23,-34],[-110,-2],[96,416],[-11,-1],[-4,39],[-45,-8],[7,-40],[-163,-44],[-194,-48],[-119,-33],[-66,-25],[-683,-30],[-30,17],[91,234],[-32,11],[34,86],[73,202],[-181,10],[-158,6],[-45,14],[-239,9],[-461,13],[44,280],[-2,37],[9,20],[18,82],[-28,32],[-113,-71],[-40,-18],[-76,-14],[-271,-46],[-312,-44],[-41,135],[-84,-20],[-42,150],[72,13],[-21,70],[-30,12],[-47,-9],[-62,-41],[-44,-10],[-87,-37],[-35,15],[-40,63],[-104,-28],[-279,-78],[-212,254],[-255,300],[-101,118],[-114,-37]],[[45168,30289],[815,-41],[615,28]],[[46598,30276],[724,-743],[602,-524],[151,-398],[102,-367],[97,-459],[462,-501],[474,-713],[-193,-608],[-249,-896],[-129,-641],[-26,-1347]],[[48613,23079],[-1441,316],[-1124,246],[-1369,23],[-1092,110],[-839,193],[-836,-350],[-904,244],[-1051,275]],[[39957,24136],[-521,82]],[[24280,49206],[47,23],[19,0],[61,-23],[131,-10],[54,25],[26,5],[64,-2],[58,10],[68,41],[37,7],[39,48],[47,35],[54,27],[136,27],[30,28],[47,-6],[20,8],[22,59],[73,45],[31,13],[67,15],[46,-5],[51,22],[45,-8],[29,8],[42,46],[68,15],[43,27],[65,49],[19,27],[9,33],[35,61],[29,36],[107,117],[7,19],[23,124],[90,45],[61,69],[-34,62],[-17,78],[8,82],[-26,40],[-72,84],[-57,57],[-26,42],[-12,37],[-10,72],[-25,60],[-1,42],[15,114],[-1,47],[-22,53],[-4,39],[25,42],[33,30],[9,31],[-9,69],[20,47],[25,23],[60,-31],[54,-11],[104,8],[63,8],[145,26],[64,5],[195,24],[65,-6],[102,-40],[44,-23],[59,3],[48,26],[52,-47],[84,-13],[25,-22],[22,-46],[21,-77],[13,-31],[55,-65],[32,-18],[51,0],[25,-10],[29,-54],[60,-33],[52,-1],[41,18],[30,60],[31,92],[7,10],[66,14],[30,26],[31,41],[9,0],[47,-45],[44,-22],[51,-53],[43,-68],[42,-38],[42,-18],[107,-31],[25,-2],[57,21],[21,1],[112,-79],[55,-25],[29,18],[58,-7],[86,14],[61,2],[65,13],[37,-7],[49,8],[51,16],[56,3],[16,14],[36,10],[100,-11],[10,8],[-14,45],[-20,91],[-17,42],[-4,55],[-32,70],[2,35],[15,38],[15,69],[-8,36],[-29,33],[-37,62],[-9,76],[8,35],[17,28],[30,21],[101,49],[80,51],[34,71],[45,36],[20,44],[25,16],[41,9],[117,-8],[79,15],[65,27],[196,128],[115,43],[134,27],[37,0],[66,-19],[44,5],[107,25],[191,50],[16,0],[110,-55],[71,-63],[74,-35],[131,-36],[74,-15],[152,-22],[31,7],[29,72],[10,9],[100,36],[55,34],[20,-46],[38,-50],[0,-82],[10,-19],[33,-28],[32,-48],[50,-39],[19,-51],[34,-51],[48,-38],[5,-21],[0,-59],[7,-39],[16,-20],[65,-47],[30,-31],[44,-60],[98,-186],[10,-12],[83,-58],[66,-80],[112,-164],[21,-13],[41,7],[63,-6],[44,6],[63,-5],[75,27],[63,35],[71,22],[32,23],[94,7],[35,27],[43,21],[30,-3],[133,-26],[36,-42],[42,-16],[124,16],[75,-16],[42,7],[73,-49],[27,5],[58,25],[93,-14],[65,-54],[77,-48],[38,0],[41,24],[69,-16],[65,19],[138,31],[40,22],[76,-2]],[[66288,14634],[-80,-131],[134,-68],[-14,-24],[102,-19],[84,-40],[167,-98],[10,-33],[20,19],[28,-6],[208,-107],[397,-200],[-13,-5],[-120,60],[-8,-13],[49,-24],[-25,-42],[4,-15],[66,-33],[115,17],[74,-137],[-10,-4],[-66,121],[-3,-28],[18,-33],[-40,-66],[5,-20],[60,-30],[73,-19],[5,-12],[129,-236],[-17,-4],[-125,-57],[-2,-5],[42,-71],[104,48],[17,-224],[17,-38],[15,-183],[-39,-18],[9,-66],[27,-325],[12,-9],[21,-244],[177,-24],[77,-124],[7,4],[64,-104],[-7,-4],[160,-259],[13,7],[90,-146],[7,4],[138,-224],[-1,-182],[114,-185],[285,148],[0,16],[-380,616],[-105,173],[20,11],[-54,88],[-15,-7],[-318,516],[9,4],[-29,47],[-22,237],[-12,0],[-37,423],[3,14],[-9,98],[22,35],[175,112],[8,52],[11,7],[-18,-59],[80,52],[8,52],[11,7],[-18,-59],[80,52],[8,52],[11,7],[-18,-59],[646,415],[16,28],[199,128],[-8,4],[-141,-91],[-11,14],[144,93],[28,-12],[66,42],[5,33],[263,168],[21,-28],[77,-129],[-17,-4],[-11,19],[-34,-17],[35,-36],[-21,-10],[12,-19],[44,22],[-15,25],[15,6],[38,-60],[-10,-25],[37,-58],[155,36],[-5,18],[61,31],[-16,64],[-27,36],[-19,-4],[-7,24],[387,200],[50,728],[24,329]],[[70270,15588],[-28,-338],[-51,-737],[-12,5],[-253,-130],[10,-88],[22,-67],[29,-44],[36,-87],[-5,-6],[124,-199],[489,-795],[254,-409],[62,28],[-62,-36],[58,-91],[6,0],[325,-500],[3,-2],[280,-428],[58,-95],[131,-199],[311,-476],[113,-176],[225,-345],[-5,-27],[-8,25],[-45,68],[-87,-43],[-31,-86],[4,-75],[21,-64],[18,-73],[39,-62],[6,-43],[17,-21],[31,-73],[74,-86],[9,-59],[52,-56],[24,-45],[69,-98],[39,-75],[110,-162],[56,-71],[10,-24],[40,-47],[45,-84],[20,-30],[25,-60],[28,-35],[28,-76],[86,-112],[10,-30],[18,-7],[121,-170],[22,-25],[49,-72],[21,-47],[46,-80],[35,-36],[26,-44],[49,-59],[36,-79],[23,-24],[34,-73],[76,-85],[65,-90],[22,-46],[50,-80],[26,-24],[84,-135],[50,-55],[24,-35],[32,-62],[55,-81],[0,-32],[24,-14],[71,-91],[35,-57],[41,-47],[9,-22],[138,-199],[54,-100],[59,-83],[34,-67],[83,-102],[72,-105],[50,-56],[32,-28],[74,-154],[27,-53],[41,-64],[34,-45],[33,-61],[22,-24],[30,-55],[53,-76],[62,-69],[43,-83],[43,-72],[57,-83],[68,-57],[24,-10],[33,2],[48,30],[-31,20],[42,-7],[19,-29],[-21,-30],[-16,13],[-18,-28],[10,-64],[36,-75],[71,-99],[46,-71],[41,-69],[48,-59],[70,-134],[9,-63],[17,-20],[41,-14],[87,-129],[33,-61],[29,-43],[10,-3],[17,-42],[30,-43],[42,-41],[38,-46],[58,-39],[42,-1],[20,15],[-7,20],[21,4],[30,-27],[5,-21],[-42,-4],[-13,-13],[1,-38],[100,-178],[16,-9],[49,-86],[41,-80],[46,-64],[6,-23],[25,-16],[44,-71],[29,-35],[15,-31],[65,-93],[65,-82],[22,-9],[3,-21],[29,-37],[48,-30],[39,2],[28,12],[-17,21],[33,0],[26,-31],[1,-20],[-18,-17],[5,25],[-14,2],[-35,-39],[6,-39],[45,-92],[58,-79],[27,-56],[38,-48],[39,-65],[45,-45],[-19,-27],[26,19],[71,-83],[41,-36],[52,12],[11,19],[-24,11],[40,-5],[19,-35],[-10,-25],[-6,23],[-41,-19],[-1,-24],[14,-29],[49,-76],[72,-103],[31,-20],[34,-43],[36,-67],[24,-23],[11,-36],[17,-10],[64,-92],[22,-7],[24,-27],[39,-14],[37,15],[-25,3],[-7,15],[39,-5],[23,-41],[-37,-2],[-16,-22],[9,-43],[43,-47],[24,-34],[47,-43],[18,-30],[84,-118],[48,-56],[38,-27],[18,-44],[28,-41],[51,-39],[53,-49],[28,-19],[31,-38],[12,-31],[66,-78],[12,-8],[67,46],[6,-6],[-69,-45],[79,-69],[31,-9],[25,-25],[63,-47],[98,-58],[38,-14],[14,-18],[28,-11],[11,-20],[50,-30],[58,-8],[30,10],[340,278],[-72,74],[2,13],[82,-86],[-114,-92],[237,-223],[72,16],[1,-5],[-70,-16],[-53,-50],[18,24],[-103,99],[-72,61],[-42,45],[-232,-192],[20,-20],[12,10],[56,-57],[141,117],[31,-31],[-158,-131],[102,-104],[79,66],[39,-34],[-104,-101],[204,-177],[157,152],[-111,96],[3,54],[16,16],[177,-153],[-30,-29],[36,-79],[84,-41],[80,91],[40,204],[-191,168],[-58,195],[-39,121],[53,133],[59,53],[-21,57],[13,3],[21,-59],[-62,-57],[-50,-127],[92,-316],[189,-168],[0,-13],[-40,-197],[-82,-90],[295,-155],[-18,-76],[-33,-81],[-28,-37],[-63,-56],[-130,-74],[-52,-23],[-86,-22],[-87,-14],[-313,-39],[-172,-6],[-278,9],[-249,5],[-551,10],[-80,6],[-54,12],[-134,53],[-186,89],[-167,100],[-220,129],[-284,180],[-315,221],[-94,77],[-142,106],[-120,95],[-188,153],[-132,103],[-201,144],[-146,97],[-200,125],[-776,499],[-315,201],[-368,221],[-345,220],[-368,231],[-154,99],[-178,118],[-158,109],[-186,147],[-175,164],[-313,304],[-191,201],[-91,109],[-102,112],[-149,217],[-63,100],[-40,89],[-51,131],[-72,206],[-79,198],[-35,106],[-78,254],[-32,116],[-62,201],[-69,187],[-47,146],[-28,70],[-80,161],[-73,134],[-134,219],[-78,103],[-218,265],[-148,161],[-250,188],[-231,164],[-164,122],[-445,269],[-265,147],[-225,100],[-265,87],[-100,28],[-164,56],[-337,85],[-312,64],[-719,101],[-196,35],[-256,39],[-103,20],[-108,14],[-203,16],[-153,24],[-207,51],[-202,67],[-267,79],[-37,13],[-12,27],[-19,81],[-43,145],[-56,175],[-34,69],[-113,141],[-81,112],[-97,140],[-184,285],[-37,76],[-67,52],[-29,32],[-35,68],[-86,202],[-25,41],[-49,60],[-7,16],[-82,247],[-137,332],[-68,141],[-51,87],[-112,146],[-133,163],[-65,54],[-122,86],[-153,101],[-20,18],[-35,65],[-60,53],[-172,192]],[[69069,15028],[25,-43],[-118,-57],[10,-66],[60,-131],[-20,-13],[34,-45],[-652,-418],[-2,0],[-515,-331],[-64,-3],[-732,371],[-8,24],[120,198],[-279,142],[-91,-149],[115,-70],[-2,-14],[-28,1],[-33,-13],[-34,20],[-39,-4],[-85,44],[-10,22],[-14,-5],[-57,34],[-44,19],[-13,-5],[-31,18],[-30,91],[-11,19],[-84,31],[6,10]],[[69073,14913],[209,85],[129,96],[3,-3],[-130,-97],[-141,-59],[-1,-16],[69,9],[-62,-25],[47,-98],[22,-30],[-97,-62],[-18,23],[-39,90],[9,87]],[[69331,15150],[16,-31],[-19,-6],[-16,28]],[[79163,860],[13,14],[15,-13],[-14,-13],[-14,12]],[[49540,21982],[-927,1097]],[[46598,30276],[-235,820],[38,631],[3,25],[-16,99],[-18,45],[-53,93],[-48,-3],[-7,79],[24,4],[21,131],[24,91],[35,45],[246,-38],[-4,-15],[44,-6],[94,-73],[27,-6],[60,1],[0,20],[30,5],[58,-79],[51,-18],[71,-14],[41,5],[154,56],[44,27],[69,70],[34,28],[38,19],[46,-1],[92,-26],[57,-4],[71,7],[61,-11],[118,-131],[26,-3],[41,33],[95,20],[81,33],[113,21],[51,3],[70,-14],[60,10],[43,-7],[78,-5],[26,-61],[72,-111],[43,-72],[24,-49],[31,-36],[82,-62],[43,-55],[110,-116],[69,-92],[17,-50],[6,-160],[15,-52],[74,-88],[30,-45],[9,-30],[9,-96],[14,-70],[23,-52],[22,-34],[61,-39],[46,-50],[24,-59],[70,132],[108,63],[37,14],[32,26],[46,12],[45,25],[127,123],[17,21],[61,14],[152,14],[62,-9],[54,15],[27,14],[38,-14],[30,11],[3,44],[16,40],[90,78],[54,15],[32,29],[91,107],[76,74],[20,4],[27,-22],[52,53],[119,129],[145,155],[94,49],[73,73],[54,75],[21,37],[35,84],[28,56],[19,61],[46,193],[4,65],[5,313],[11,83]],[[51397,33020],[42,-1],[99,26],[23,0],[22,-26],[-4,-27],[12,-31],[32,-33],[78,-121],[132,-150],[56,-61],[65,19],[43,-1],[49,19],[25,-6],[56,-31],[19,-25],[79,-77],[91,-82],[69,-19],[48,2],[226,45],[57,6],[-12,-112],[-35,-145],[-38,-142],[-16,-35],[-28,-21],[-59,-1],[-79,-59],[1,-14],[38,-16],[53,48],[62,-6],[34,-29],[74,-10],[12,-20],[-2,-38],[-12,-36],[-36,-72],[-53,-72],[-23,-67],[-20,-105],[-23,-67],[-14,-23],[-76,-63],[-49,-46],[-58,-89],[-24,-52],[-48,-47],[-28,-43],[-115,-33],[-37,-40],[21,-20],[75,32],[40,0],[128,-32],[15,-9],[5,-30],[-10,-32],[-36,-37],[-61,-24],[-64,-46],[-45,-38],[-14,-33],[1,-20],[26,-29],[27,-6],[66,-78],[26,2],[38,24],[15,-17],[-77,-81],[-16,-31],[1,-57],[38,-83],[26,-27],[170,-123],[204,-162],[23,-20],[7,9],[254,-192],[59,-38],[94,-48],[69,-24],[74,-7],[93,12],[244,43],[547,93],[25,8],[106,98],[86,-3],[27,-6],[180,-87],[67,-6],[45,-36],[51,-19],[94,-15],[105,-24],[115,-53],[73,-7],[61,-11],[5,60],[-27,5],[-2,111],[-7,118],[6,13],[47,37],[15,21],[14,58],[21,26],[121,80],[-36,28],[16,27],[14,2],[41,-46],[31,-48],[2,-30],[-15,-48],[18,-37],[54,5],[126,71],[71,25],[75,13],[48,17],[37,-14],[45,0],[28,14],[-7,18],[-51,35],[23,13],[36,-35],[12,11],[-11,24],[33,60],[-35,14],[3,68],[46,-1],[19,-34],[27,-8],[23,-26],[62,-2],[86,88],[33,4],[15,-16],[63,-115],[143,-73],[-39,-64],[2,-21],[43,4],[18,-7],[16,-34],[24,-5],[67,17],[57,-24],[39,-34],[-12,-20],[-50,-38],[19,-27],[-9,-38],[-17,-26],[31,-27],[-83,-59],[47,-6],[15,-60],[23,-26],[42,4],[37,-25],[18,12],[48,-48],[5,4],[63,-57],[43,42],[35,-16],[2,-20],[64,-59],[40,36],[57,-53],[57,54],[222,140],[94,-153],[89,-58],[102,-239],[178,-167],[33,-142],[-23,-99],[-86,-91],[-124,-153],[-10,-141],[227,-119],[128,-172],[30,-302],[-212,-150],[-86,-123],[71,-125],[171,-152],[200,-86],[132,-80],[58,-97],[137,-188],[30,-73],[-109,-284],[24,-144],[40,-185],[269,-427],[-4,-292],[456,-215],[238,-343]],[[51397,33020],[16,50],[51,190],[20,59],[48,176],[123,463],[65,163],[34,72],[70,125],[35,30],[34,104],[66,28],[85,59],[45,-13],[70,11],[-6,29],[156,24],[-22,42],[-43,223],[-68,374],[-9,44],[-8,-2],[-147,225],[-25,31],[-75,111],[28,20],[-107,163],[-29,39],[-20,15],[-82,34],[-81,55],[-154,108],[-318,219],[-330,123],[-18,-37],[-56,21],[-9,-23],[-171,63],[3,11],[-63,23],[-11,27],[-21,6],[-89,-4],[-59,4],[-44,17],[-28,20],[-31,39],[-18,37],[-83,228],[-14,43],[-38,53],[-76,42],[-33,48],[-14,68],[-10,29],[-45,59]],[[49891,37188],[38,27],[30,-38],[62,57],[36,47],[30,53],[16,43],[36,139],[67,1],[66,20],[-5,23],[-129,73],[-27,19],[106,102],[120,86],[-19,203],[-10,73],[100,-17],[59,-31],[57,-45],[37,-8],[54,-34],[387,-111],[106,-42],[9,0],[30,38],[60,51],[36,41],[14,33],[65,102],[17,16],[24,-8],[82,87],[41,70],[23,63],[42,133],[29,128],[26,28],[50,27],[55,19],[16,-34],[64,-105],[49,-72],[13,-30],[0,-50],[10,-26],[46,-49],[5,-33],[-1,-77],[9,-57],[-16,-17],[-82,-22],[-40,-67],[-34,-30],[19,-18],[50,30],[35,58],[63,-2],[43,8],[20,-28],[52,-18],[6,-12],[-36,-73],[19,-12],[36,52],[76,-91],[19,5],[100,62],[26,22],[59,90],[20,50],[53,45],[13,42],[-1,150],[0,208],[117,-86],[9,12],[48,-13],[39,-44],[23,-16],[74,-29],[75,5],[51,9],[99,36],[106,1],[288,70],[100,37],[62,10],[83,8],[68,-1],[131,5],[88,-1],[72,-19],[-12,-63],[188,-38],[100,9],[-65,189],[48,115],[25,71],[-3,29],[-25,74],[68,-5],[92,-41],[116,-57],[85,42],[-21,54],[64,45],[26,8],[140,10],[9,29],[29,49],[53,75],[120,22],[44,-10],[163,-55],[19,10],[33,-6],[10,36],[71,33],[92,37],[75,6],[25,162],[15,73],[-79,19],[-56,28],[-86,35],[-12,22],[29,47],[53,44],[36,50],[5,54],[-23,47],[-40,53],[0,78],[-6,53],[12,30],[-2,82],[-32,73],[3,32],[14,23],[1,63],[-8,75],[3,73],[27,30],[26,2],[14,14],[35,64],[30,76],[23,79],[5,46],[-7,51],[-24,67],[18,114],[-6,33],[7,65],[-3,175],[-4,289],[32,1],[224,24],[293,26],[791,77],[457,47]],[[57289,41703],[110,-384],[67,-216],[12,-26],[-7,-32],[54,-122],[50,-96],[-32,-38],[69,-5],[100,-28],[34,-29],[32,42],[33,1],[48,-14],[16,-45],[51,-39],[39,-43],[60,10],[27,-4],[55,22],[51,-4],[60,-42],[20,-21],[38,-8],[11,24],[-21,25],[-1,26],[-28,55],[8,59],[-6,50],[9,37],[32,-7],[11,-14],[-5,-38],[8,-40],[-9,-51],[5,-34],[16,-21],[0,-24],[20,-47],[-29,-44],[18,-31],[45,-55],[54,1],[36,-39],[75,-19],[106,10],[41,43],[-34,13],[-34,-27],[-42,-13],[-63,-6],[-19,11],[2,17],[46,58],[32,20],[71,-17],[36,94],[36,43],[-16,10],[-53,-35],[-26,-2],[-39,-22],[-31,-53],[-65,47],[12,35],[43,37],[19,25],[21,5],[1,24],[-37,58],[-40,12],[-50,-6],[-10,29],[43,8],[49,21],[23,19],[44,-1],[-55,-35],[29,-47],[1,-27],[47,-28],[74,12],[16,-25],[54,13],[26,-51],[-11,-31],[-26,-33],[-5,-23],[20,-4],[35,47],[57,49],[35,47],[7,36],[29,7],[49,-1],[-20,-23],[-21,-84],[-25,-7],[-9,-72],[-48,49],[-53,-51],[-41,-67],[-8,-76],[58,-37],[20,10],[25,-19],[38,-15],[35,25],[23,-26],[56,47],[-24,44],[7,21],[4,57],[63,-6],[-17,-56],[20,-11],[-32,-54],[27,-51],[-33,-44],[3,-15],[47,-18],[16,6],[75,73],[-12,8],[-53,-37],[-22,17],[36,56],[42,-1],[15,-15],[43,-8],[6,31],[89,-12],[-8,-29],[-42,-76],[-27,-24],[26,-19],[73,98],[28,13],[19,-68],[38,-26],[8,21],[-20,20],[33,50],[36,-14],[22,30],[37,0],[59,-23],[40,-30],[37,-1],[-1,-35],[19,-104],[22,-191],[6,-14],[130,-9]],[[59838,39966],[7,-106],[23,-41],[41,-20],[22,7],[-1,22],[36,-17],[7,-37],[-22,-33],[-26,20],[-26,-3],[-40,-57],[-3,-66],[4,-80],[11,-166],[15,-61],[6,-107],[17,-75],[44,-39],[37,4],[3,22],[34,-25],[2,-36],[-10,-17],[-32,-4],[6,17],[-43,-2],[-39,-41],[1,-62],[20,-221],[-7,-46],[14,-26],[28,-224],[44,-37],[17,-5],[63,4],[-29,25],[33,1],[12,-19],[2,-33],[-15,-19],[-23,2],[21,18],[-11,7],[-60,-4],[-13,-13],[-24,-48],[26,-194],[2,-48],[22,-189],[6,-3],[13,-88],[34,-45],[31,-12],[56,5],[-28,31],[25,-1],[21,-41],[-8,-28],[-36,19],[-51,-22],[-18,-41],[-6,-175],[15,-85],[10,-122],[30,-37],[21,-134],[20,-46],[39,-37],[27,-4],[35,10],[-6,23],[32,-19],[6,-33],[-9,-23],[-30,1],[21,12],[-49,2],[-37,-33],[-7,-19],[-5,-78],[21,-107],[28,-171],[48,-211],[32,-32],[36,-11],[37,3],[12,15],[-27,12],[32,2],[16,-13],[6,-47],[-26,-19],[-2,16],[-25,9],[-46,-33],[-5,-39],[1,-100],[32,-148],[54,-269],[27,-46],[25,-17],[51,-4],[15,35],[32,-19],[8,-30],[-10,-30],[-25,-8],[2,17],[-31,-1],[-25,-25],[-13,-36],[2,-33],[17,-126],[21,-86],[11,-111],[11,-27],[26,-110],[18,-53],[30,-32],[37,-7],[17,10],[-13,17],[30,3],[22,-22],[2,-42],[-29,-18],[0,21],[-33,-5],[-16,-19],[-3,-72],[21,-160],[14,-59],[32,-102],[26,-129],[-2,-8],[36,-133],[17,-100],[32,-121],[13,-83],[19,-68],[36,-161],[18,-41],[22,-71],[33,-153],[20,-56],[25,-105],[21,-58],[-2,-14],[15,-60],[17,-42],[20,-98],[25,-67],[13,-19],[7,-58],[16,-36],[34,-134],[13,-69],[20,-44],[19,-80],[15,-39],[8,-59],[24,-64],[2,-27],[28,-62],[8,-59],[27,-69],[5,-34],[29,-117],[24,-70],[54,-198],[19,-58],[10,-58],[11,-22],[34,-110],[17,-38],[13,-54],[24,-53],[10,-46],[17,-32],[12,-49],[24,-43],[63,-184],[37,-45],[38,-11],[30,5],[13,20],[-18,15],[24,2],[18,-14],[11,-43],[-31,-23],[4,15],[-35,0],[-26,-28],[-5,-39],[42,-171],[54,-153],[-2,-13],[26,-60],[5,-37],[21,-54],[41,-69],[36,-20],[55,8],[11,21],[-23,12],[31,4],[17,-17],[8,-37],[-23,-25],[-15,27],[-22,-5],[-20,-22],[-15,-42],[2,-35],[26,-103],[11,-56],[20,-47],[13,-52],[23,-41],[16,-85],[46,-100],[38,-26],[43,-9],[21,8],[17,34],[21,-14],[9,-49],[-27,-19],[-2,21],[-43,-15],[-17,-23],[-3,-31],[8,-54],[38,-111],[16,-79],[10,-19],[102,-266],[28,-42],[32,-26],[30,-8],[36,9],[11,18],[-24,7],[28,13],[24,-17],[11,-42],[-34,-24],[-21,15],[-22,-25],[-7,-32],[11,-69],[24,-63],[6,-45],[24,-54],[4,-28],[37,-83],[10,-42],[27,-54],[8,-32],[30,-65],[22,-21],[53,-26],[30,10],[21,25],[-26,10],[22,9],[25,-13],[15,-34],[-17,-36],[-13,16],[-38,-10],[-16,-42],[5,-55],[33,-78],[24,-93],[23,-41],[1,-28],[17,-55],[45,-101],[25,-62],[56,-57],[37,-16],[77,27],[-32,25],[40,-7],[15,-44],[-10,-42],[-24,20],[-30,-38],[2,-53],[41,-107],[53,-182],[71,-187],[58,-169],[28,-27],[48,-27],[69,22],[14,31],[27,-46],[-25,-30],[-6,24],[-31,-5],[-29,-44],[8,-60],[31,-81],[26,-86]],[[44971,40744],[182,122],[271,185],[59,-3],[46,7],[42,-14],[110,19],[27,1],[12,35],[152,90],[32,-9],[50,-96],[-3,-28],[-23,-20],[-15,-118],[5,-24],[31,-44],[54,-22],[93,-81],[6,-27],[93,-95],[68,19],[30,34],[49,37],[259,-114],[212,-94],[162,-71],[43,-23],[94,-39],[58,-20],[87,-45],[71,-28],[74,-45],[156,-83],[76,-43],[19,-36],[26,-12],[25,-38],[114,-3],[4,-115],[40,-19],[-37,-84],[0,-27],[-23,1],[5,-48],[143,-17],[11,40],[102,0],[-37,-69],[49,2],[25,-14],[73,-1],[56,14],[-1,-94],[-7,-12],[-72,-20],[-81,-13],[-43,-1],[-72,9],[-20,-51],[4,-37],[-29,-107],[-33,-107],[-105,-210],[-1,-12],[87,-88],[-39,-200],[60,-2],[65,-21],[38,-18],[-20,-40],[183,-96],[34,-10],[104,-9],[45,46],[48,-9],[60,-25],[103,-55],[85,-56],[109,-77],[80,-83],[39,-57],[88,-137],[120,-218],[59,-33],[-26,-61],[45,-16],[8,19],[109,-46],[73,-49],[88,-72],[290,-233],[80,-65],[107,-127]],[[57870,43789],[21,-75],[28,-49],[41,-28],[31,-33],[17,-38],[1,-33],[-15,-137],[-12,-80],[-30,-118],[-57,-171],[-78,-177],[-84,-180],[-187,-396],[-98,-214],[-78,-181],[-81,-176]],[[62225,46195],[45,-121],[95,39],[26,5],[-120,-46],[-7,-16],[-40,-223],[-14,-117],[-14,-64],[-3,-71],[-7,-11],[3,-57],[-12,-51],[-3,-64],[-19,-84],[8,-31],[22,-33],[4,-27],[-25,-64],[9,-37],[19,-40],[0,-28],[-30,-25],[-17,-71],[-17,-4],[-18,-27],[9,-64],[-54,-28],[-53,-55],[-13,-67],[-17,-54],[-39,-18],[-14,-24],[-28,-23],[2,-25],[-30,-8],[-17,-42],[8,-26],[-27,-47],[-7,-29],[-41,-18],[-49,-43],[-21,3],[-21,-28],[1,-21],[19,-37],[-34,-16],[-28,-26],[-37,-9],[-17,-15],[10,-111],[-62,-14],[-167,-20],[-72,-12],[-125,-68],[-43,-66],[-1,-108],[2,-239],[81,-103],[-6,-18],[-92,115],[-3,61],[1,169],[-3,-1],[-1,125],[11,9],[43,76],[134,72],[256,31],[-5,91],[16,0],[-2,27],[-90,1],[-21,-15],[-1,-69],[-6,0],[1,69],[-130,2],[-1,-70],[-15,0],[1,70],[-135,2],[-1,-95],[-23,-2],[-4,-50],[2,147],[-88,1],[-2,-97],[-53,0],[-54,26],[-93,-160],[-76,-5],[-128,111],[-105,-101],[134,-115],[-64,-62],[-14,-3],[-83,72],[-37,-5],[17,-15],[-19,-17],[225,-195],[-7,-5],[226,-195],[-5,-5],[-135,117],[-35,33],[-45,-40],[-51,-28],[-62,-45],[-77,-70],[-74,-52],[-37,-20],[-160,-131],[-106,-113],[4,-23],[-21,6],[-62,-75],[-67,-99],[-41,-52],[-30,-56],[-20,-52],[-8,-83],[0,-66],[127,-22],[131,-49],[-7,-13],[-124,49],[-115,19],[-31,-52],[-14,-42],[-29,-32],[-6,-34],[-25,-36],[-12,-53],[-34,-66],[5,-15],[-8,-185],[-4,-133],[0,-110],[-4,-93],[-4,-422],[10,-83],[30,-30],[27,-10],[34,3],[6,30],[20,-4],[16,-25],[-6,-38],[-36,-10],[22,19],[-63,4],[-30,-29],[-11,-33],[17,-240],[2,-97],[16,-211],[23,-49],[18,-13],[44,-3],[-2,25],[36,0],[10,-35],[-6,-28],[-52,10],[-18,-10],[-26,-34],[-9,-28],[-2,-127],[4,-92],[20,-201]],[[61650,42777],[-67,107],[3,92],[5,558],[14,0],[-6,-646],[138,-223],[-11,-6],[-76,118]],[[62222,45040],[17,6],[-24,17],[15,4],[20,-25],[-25,-19],[-3,17]],[[62220,44946],[-17,17],[-5,32],[13,-3],[20,-39],[-11,-7]],[[62167,44810],[-7,39],[16,-2],[7,-24],[-16,-13]],[[35301,53661],[-21,84],[-17,85],[0,46],[-16,59],[0,30],[16,20],[3,29],[-13,59],[8,27],[36,37],[48,77],[3,31],[55,168],[74,60],[4,55],[9,23],[26,19],[17,68],[34,32],[19,48],[-22,31],[-42,33],[-42,57],[-30,28],[-11,79],[-14,22],[-51,37],[-22,43],[20,104],[-11,116],[-23,28],[20,38],[51,9],[30,27],[77,52],[53,69],[61,16],[33,15],[-9,62],[0,44],[38,56],[-12,37],[11,52],[-2,32],[-28,44],[-12,43],[19,58],[41,92],[22,65],[73,59],[52,-10],[39,24],[11,47],[46,9],[20,14],[19,37],[55,21],[16,33],[-20,38],[18,56],[0,31],[-18,31],[-26,18],[-27,78],[0,22],[16,34],[65,106],[43,65],[17,44],[36,47],[-1,108],[31,46],[38,30],[20,42],[23,25],[25,70],[70,40],[38,37],[73,41],[53,3],[52,-15],[46,3],[31,24],[48,49],[54,26],[15,34],[5,54],[22,39],[10,60],[36,19],[54,7],[34,21],[20,45],[62,52],[20,46],[6,64],[-52,47],[-15,49],[19,52],[42,39],[59,37],[86,48],[18,19],[16,43],[5,47],[14,32],[-3,38],[-15,46],[-4,62],[15,72],[28,22],[9,26],[1,44],[31,59],[-20,40],[-3,40],[19,48],[-23,51],[-58,53],[-4,39],[-35,70],[2,15],[49,24],[32,45],[64,-10],[46,13],[42,2],[53,-32],[95,18],[37,16],[10,52],[2,71],[42,-12],[21,-21],[97,-20],[44,-36],[78,-11],[16,-43],[49,-13],[26,2],[24,38],[-2,78],[-27,58],[5,12],[65,48],[18,19],[17,42],[-16,35],[4,47],[48,4],[58,-19],[39,-26],[38,36],[13,-23],[96,11],[37,-6],[47,25],[69,8],[19,21],[0,41],[-10,39],[-14,137],[-14,42],[-20,36],[-52,37],[-1,86],[5,40],[-26,36],[1,39],[22,19],[76,7],[45,-15],[74,11],[51,-25],[22,2],[62,45],[34,14],[39,42],[24,13],[93,11],[55,-3],[28,10],[53,-1],[64,8],[94,46],[39,11],[9,22],[-38,35],[2,61],[-15,47],[-25,24],[-51,26],[-131,77],[-99,66],[-29,33]],[[63569,57438],[-17,-67],[152,9],[-5,-23],[-111,-2],[-43,-59],[-35,-68],[-39,-60],[-22,-62],[-41,-72],[-39,-112],[-7,-85],[-15,-39],[-13,-163],[-3,-81],[-11,-87],[-37,-2],[32,-16],[38,-45],[31,3],[223,-19],[14,-26],[115,-181],[-9,-17],[-120,187],[-21,17],[-56,6],[-37,-6],[-12,-58],[-103,9],[-4,38],[-41,1],[-10,-56],[10,-17],[-11,-33],[-7,-71],[21,-22],[182,-13],[16,4],[83,56],[1,-19],[-85,-58],[-173,14],[-12,5],[-45,-49],[-7,-93],[-22,-20],[-32,-203],[6,-13],[-14,-76],[2,-42],[-35,-321],[3,-31],[-16,-154],[13,-31],[-2,-67],[16,-43],[4,-92],[7,-49],[19,-70],[13,-77],[13,-27],[17,-79],[10,-21],[22,-98],[17,-25],[22,4],[53,-24],[-7,-26],[-49,25],[-96,-51],[-20,-15],[4,-49],[-20,-33],[38,-48],[120,47],[136,30],[126,25],[31,2],[264,-2],[26,-3],[165,2],[21,-11],[720,-6],[-12,-7],[-369,2],[-2,4],[-7,-797],[-535,4],[0,55],[-192,2],[0,-56],[-451,3],[-3,-258],[-3,28],[-115,1],[-1,-143],[108,-1],[0,52],[20,3]],[[65082,51516],[2,-13],[228,-590],[64,-157],[-20,-6],[-59,158],[-229,590],[-3,18],[20,2185],[8,945],[17,0],[-8,-945],[-20,-2185]],[[64522,54030],[-3,-268],[-19,0],[3,245],[-3,23],[22,0]],[[39571,92378],[42,-15],[59,1],[36,-29],[36,-15],[40,-8],[126,-67],[104,-46],[85,-20],[70,-45],[68,35],[111,20],[78,10],[55,15],[45,49],[66,49],[11,14],[12,78],[12,16],[45,29],[58,30],[83,28],[84,20],[106,23],[32,1],[27,-13],[64,-46],[66,-55],[43,-54],[17,-10],[104,-27],[60,3],[108,20],[26,-53],[85,-76],[26,-64],[56,-26],[68,-80],[37,-31],[19,-1],[86,48],[59,-65],[62,-53],[163,-76],[19,-11],[-9,-67],[1,-43],[21,-21],[114,-74],[74,-42],[32,-58],[16,-47],[48,-60],[7,-127],[21,-57],[83,-30],[92,-76],[32,-58],[17,-61],[27,-26],[32,-16],[93,-5],[47,-66],[66,-48],[67,-55],[109,-25],[13,-18],[18,-76],[5,-65],[21,-41],[54,-52],[27,-17],[49,-51],[46,-39],[43,-26],[28,-31],[21,-56],[6,-34],[-11,-68],[11,-97],[45,-102],[22,-37],[9,-36],[-10,-79],[-8,-29],[-4,-74],[12,-111],[21,-78],[23,-40],[24,-59],[-24,-99],[1,-92],[13,-26],[103,-48],[21,-44],[46,-66],[45,-15],[82,-3],[63,3],[42,-8],[79,-52],[70,-28],[47,-52],[39,-31],[62,-10],[61,-30],[54,14],[48,4],[17,-11],[34,-61],[23,-20],[61,-5],[59,-37],[92,-48],[55,-8],[53,3],[51,-7],[38,2],[8,-27],[23,-17],[57,-17],[115,-25],[72,14],[30,13],[75,61],[60,27],[80,-3],[83,-28],[14,-24],[3,-31],[33,-23],[44,2],[27,-11],[67,-44],[27,-2],[38,18],[38,6],[81,38],[62,17],[31,-19],[47,-3],[49,41],[40,-16],[47,-5],[35,-28],[31,6],[18,-8],[23,-40],[54,-18],[49,11],[19,-5],[15,-54],[34,-41],[0,-48],[33,-35],[5,-43],[42,-15],[23,-21],[24,-37],[7,-67],[12,-37],[20,-30],[-1,-48],[12,-27],[0,-55],[61,-65],[3,-25],[-18,-45],[8,-49],[49,-39],[43,-48],[28,-44],[19,-55],[5,-45],[20,-26],[52,-12],[-11,-44],[-25,-39],[-89,-77],[-60,-64],[-19,-42],[-42,-24],[-18,-32],[-6,-71],[-15,-47],[54,-72],[29,-59],[7,-28],[-3,-31],[-59,-54],[-20,-91],[19,-44],[18,-69],[7,-72],[30,-38],[28,-64],[15,-88],[19,-27],[13,-63],[24,-15],[52,27],[26,-38],[1,-57],[11,-35],[42,-49],[27,-52],[35,-40],[40,-34],[39,-50],[21,-42],[16,-48],[-16,-83],[29,-32],[48,-66],[38,-18],[-11,-44],[-21,-26],[-11,-55],[3,-44],[33,-41],[41,-28],[17,-20],[5,-57],[-16,-19],[-42,-28],[-35,-7],[-33,-69],[30,-71],[1,-59],[36,-102],[25,-36],[109,-41],[91,-56],[34,-7],[50,14],[47,-25],[76,-31],[93,-22],[4,37],[67,-7],[41,-65],[43,-46],[26,-42],[56,-12],[76,-7],[82,-36],[71,-12],[43,-37],[58,-27],[58,-3],[46,-10],[55,0],[30,11],[88,52],[40,-6],[40,-28],[136,-54],[28,2],[63,46],[35,-16],[70,-73],[13,-6],[95,15],[109,34],[95,26],[27,-11],[149,-139],[17,-8],[39,11],[101,63],[17,5],[56,54],[17,8],[110,-7],[-8,-61],[-16,-40],[42,-62],[23,-55],[10,-50],[37,-30],[68,-30],[20,-42],[62,-59],[16,-6],[55,13],[20,-13],[3,-24],[43,-29],[34,-61],[48,-51],[22,-12],[13,-37],[-10,-35],[-45,-47],[16,-27],[38,-23],[17,-49],[31,-20],[8,-40],[19,1],[125,29],[103,2],[22,-15],[57,-21],[55,-82],[32,-25],[50,-25],[8,-32],[35,-28],[33,-53],[3,-21],[26,21],[113,68],[56,74],[76,47],[25,26],[65,101],[48,-17],[95,30],[13,-1],[5,-35],[31,-17],[32,-30],[1,-50],[25,-43],[24,-24],[-9,-69],[57,-32],[5,-21],[33,-22],[13,-22],[75,-30],[41,-48],[-2,-31],[38,-33],[8,-22],[-8,-32],[9,-21],[30,-2],[12,-23],[-33,-61],[3,-25],[60,-29],[15,-49],[46,-20],[11,-43],[30,-25],[6,-40],[34,-11],[14,-54],[56,1],[69,27],[20,-5],[16,-40],[28,4],[33,-36],[-4,-75],[22,-19],[12,-49],[20,-33],[33,0],[23,-59],[53,-23],[8,-31],[27,-51],[-14,-35],[10,-48],[75,-19],[18,-26],[55,-31],[81,4],[6,-75],[-8,-42],[73,-80],[-30,-39],[-7,-44],[40,-12],[91,14],[43,-48],[91,-29],[32,-6],[22,-14],[10,-22],[-15,-59],[-14,-32],[9,-54],[22,-26],[1,-88],[44,-54],[22,-50],[52,-48]],[[41486,75309],[-57,52],[-45,27],[-38,59],[-6,45],[-37,36],[-5,74],[-12,40],[-58,25],[-35,35],[-43,19],[-15,30],[3,59],[51,68],[-1,14],[-43,74],[7,38],[21,20],[8,70],[-14,9],[-45,-8],[-17,20],[4,49],[42,54],[8,45],[19,29],[-17,33],[-4,49],[-38,54],[-25,56],[9,17],[-111,163],[-12,36],[7,40],[-16,65],[-41,60],[-38,35],[-11,70],[-49,27],[-51,21],[-10,45],[-26,29],[-61,18],[-42,-10],[-17,11],[-12,40],[-70,61],[-21,24],[-32,9],[-1,54],[-11,28],[-80,30],[-88,26],[-69,27],[-39,-6],[-22,55],[-36,27],[-65,23],[-21,14],[-13,27],[-3,41],[-34,32],[-25,4],[-78,-41],[-19,41],[-45,43],[-48,128],[-24,50],[-82,64],[-42,42],[-53,74],[-15,11],[-27,-8],[-52,18],[-68,16],[-41,75],[-62,194],[-25,36],[-32,5],[-31,25],[-19,39],[4,38],[21,45],[8,44],[-35,48],[-47,25],[-20,33],[-11,38],[-77,21],[-16,16],[-45,81],[-17,56],[3,24],[-51,39],[-5,41],[31,25],[10,32],[-22,71],[7,33],[35,62],[-1,19],[-31,34],[-10,33],[71,91],[24,44],[17,12],[77,4],[51,-11],[31,3],[67,32],[27,46],[36,40],[-45,61],[-65,58],[-11,18],[8,63],[-42,25],[-21,44],[-84,48],[-90,32],[-21,29],[-46,31],[-37,74],[-53,53],[7,24],[51,34],[76,-1],[36,13],[16,18],[5,29],[23,36],[35,32],[8,25],[-20,40],[-72,29],[-36,27],[-21,28],[-6,36],[7,38],[23,40],[-3,15],[-64,67],[-22,45],[-42,28],[-7,44],[15,60],[67,7],[91,31],[36,36],[18,40],[54,20],[59,9],[51,34],[159,47],[51,-31],[63,-22],[27,15],[40,67],[13,65],[41,49],[18,34],[9,44],[25,38],[42,46],[3,44],[-20,79],[-15,30],[3,43],[-20,30],[5,55],[-84,34],[7,13],[89,71],[25,11],[20,56],[-8,44],[9,79],[28,70],[2,39],[-25,72],[-23,36],[-6,42],[-21,75],[-5,85],[-87,47],[20,83],[-2,58],[-11,52],[3,77],[7,69],[-17,23],[-67,65],[-22,38],[0,20],[28,69],[40,31],[26,54],[16,14],[67,9],[50,32],[6,30],[-9,39],[9,38],[-1,41],[15,32],[-2,74],[-11,41],[37,35],[10,32],[-10,42],[-44,48],[-9,40],[18,47],[-9,36],[4,50],[-21,35],[-12,58],[7,17],[37,41],[22,40],[-15,83],[-57,63],[-37,33],[-5,21],[18,23],[-24,66],[-34,44],[1,10],[56,55],[-3,14],[-34,36],[-9,29],[-25,45],[-15,11],[-30,-2],[-30,44],[-7,49],[-58,13],[-28,78],[28,37],[2,18],[-14,54],[-1,29],[37,70],[-5,36],[-16,36],[-57,60],[-27,46],[-44,12],[-54,2],[-19,-12],[-26,0],[-49,33],[-44,6],[-58,-6],[-36,57],[-23,66],[-63,47],[-30,107],[0,31],[21,36],[23,102],[39,59],[-4,46],[10,42],[18,32],[30,26],[1,16],[-22,88],[-25,17],[-67,0],[-46,31],[-68,27],[-51,15],[-15,12],[-9,40],[-39,81],[21,36],[-42,44],[-12,34],[14,32],[-3,32],[16,56],[-10,31],[18,27],[53,46],[9,57],[-4,39],[17,72],[2,49],[15,83],[22,31],[41,35],[-1,52],[-26,22],[-5,39],[13,41],[-7,62],[-16,47],[25,42],[-11,73],[12,51],[32,36],[-5,19],[19,76],[-16,50],[-7,50],[-16,51],[9,30],[59,81],[18,48],[27,37],[22,47],[39,53],[-5,53],[-48,54],[-31,53],[-8,37],[3,55],[-12,15],[-66,35],[-26,45],[-4,61],[5,26],[19,24],[20,87],[-6,27],[-31,39],[-14,42],[3,30],[29,26],[19,56],[44,35],[-1,35],[-26,55],[-63,48],[-64,34],[5,33],[37,44],[12,44],[-24,63],[22,58],[9,51],[-5,74],[40,57],[-12,68],[-38,28],[-16,47],[-2,58],[-15,34],[30,71],[-23,43],[-7,36],[-20,18],[-61,22],[-31,21],[-5,21],[36,39],[4,18],[-13,68],[-19,28],[-24,71],[-21,27],[-25,101],[6,38],[16,30],[-6,83],[-22,58],[1,39],[16,48],[-7,42],[-29,51],[-33,45],[-34,24],[-10,59],[-17,34],[7,74],[21,51],[2,20],[-19,44],[1,48],[47,69],[4,44],[-20,40],[12,54],[34,45],[5,47],[-22,36],[-2,32],[25,48],[-63,130],[-31,73],[-21,74],[-3,35],[33,76],[6,71],[96,42],[40,47],[5,58],[34,46],[17,63],[26,50],[21,56],[-1,62],[72,77],[35,23],[46,5],[139,158],[75,45],[81,15],[103,37],[43,3],[64,-26],[61,-9],[93,29]],[[41188,18833],[-45,36],[-235,352],[-105,-57],[-85,59],[-17,109],[-21,79],[-33,82],[-36,11],[-10,29],[-43,81],[-67,113],[-44,89],[-21,60],[8,39],[111,157],[20,41],[8,45],[55,12],[52,46],[30,49],[-18,124],[-11,20],[-63,60],[-15,37],[2,126],[-31,32],[-24,49],[-9,49],[-28,61],[-5,105],[-57,104],[-27,100],[-20,30],[-49,55],[0,32],[13,26],[43,58],[1,49],[-22,50],[-62,42],[110,262],[-146,74],[10,28],[-101,44],[-88,26],[-15,9],[41,54],[17,30],[4,41],[-31,150],[-2,67],[17,63],[-80,-16],[-42,26],[-11,38],[20,61],[-18,28],[-107,48],[-8,23],[-25,22],[-26,7],[20,11],[5,154],[71,0],[-2,127],[16,1285]],[[47444,12686],[-140,-42],[-71,-17],[-287,-68],[-124,-34],[-237,-70],[-188,-59],[-144,-64],[-166,-108],[-153,-118],[-121,-116],[-93,-105],[-53,-65],[-74,-124],[-33,-80],[-55,-163],[-58,-162],[-48,-78],[-54,-68],[-265,-207],[-180,-144],[-209,-201],[-156,-176],[-111,-109],[-141,-104],[-142,-99],[-535,-287],[-192,-86],[-58,-23],[-161,-24],[-276,0],[-326,12],[-93,18],[-194,48],[-285,104],[-221,97],[-189,93],[-317,177],[-58,32],[-168,84],[-185,64],[-153,27],[-98,4],[-97,-9],[-142,-38],[-181,-69],[-311,-132],[-151,-76],[-81,-51],[-349,-250],[-236,-165],[-311,-226],[-405,-287],[-120,-87],[-93,-61],[-84,-43],[-126,-36],[-116,-15],[-163,-15],[-158,3],[-110,6],[-82,10],[-70,20],[-178,67],[-110,62],[-227,154],[-182,101],[-229,122],[-98,45],[-71,21],[-53,9]],[[36098,9505],[54,125],[17,46],[43,65],[41,104],[36,45],[51,54],[-17,55],[52,315],[-30,73],[10,64],[-78,87],[-22,16],[-58,11],[-147,-81],[-266,-152],[-18,39],[-108,265],[-17,31],[-367,-181]],[[4898,29935],[84,-39],[25,-21],[184,-174],[98,-110],[124,-158],[149,-196],[201,-227],[185,-219],[81,-72],[40,-26],[84,-45],[150,-56],[124,-56],[95,-58],[157,-129],[121,-116]],[[6800,28233],[-120,-112],[-103,-85],[-97,-60],[-94,-51],[-82,-36],[-36,-24],[-72,-61],[-83,-116],[-24,-47],[-23,-141],[-9,-149],[8,-108],[10,-42],[-76,-54],[-111,-69],[-24,-21],[-47,-71],[-15,-44],[-10,-69],[20,-86],[14,-102],[-9,-79],[-41,-65],[-64,-54],[-41,-24],[-77,-31],[-66,-19],[-88,-12],[-82,0],[-179,34],[-215,47],[-93,28],[-151,56],[-62,32],[-293,177],[-65,36],[-154,61],[-92,44],[-121,10],[-83,1],[-103,-5],[-132,-11],[-163,-25],[-110,-20],[-114,-7],[-74,-1],[-129,14],[-70,33],[-32,24],[-31,42],[-25,53],[-80,129],[-4,198],[-8,221],[-4,69],[-15,142],[-22,172],[-15,196],[-10,63],[-3,150],[-8,81],[4,54],[-10,97],[2,71],[-9,87],[-11,61],[-19,69],[-67,127],[-117,164],[-114,145],[-186,212],[-164,158],[-148,160],[-82,96],[-41,70],[-31,74],[-28,91],[-8,46],[-45,127],[-42,110],[-42,232]],[[9092,24603],[-78,65],[-139,120],[-229,221],[-47,55],[-59,90],[-81,108],[-50,73],[-90,185],[-40,106],[-25,81],[-18,78],[-86,319],[-55,192],[-64,289],[-64,314],[-63,157],[-76,164],[-38,74],[-81,134],[-42,61],[-67,78],[-68,67],[-46,38],[-130,100],[-88,64],[-286,232],[-182,165]],[[36098,9505],[-92,3],[-288,-32],[-184,-24],[-70,-16],[-87,-29],[-276,-126],[-183,-106],[-205,-137],[-256,-199],[-80,-57],[-72,-42],[-62,-28],[-152,-51],[-221,-61],[-226,-72],[-247,-93],[-265,-124],[-182,-86],[-127,-43],[-338,-91],[-203,-63],[-90,-16],[-76,-3],[-120,5],[-116,22],[-101,28],[-90,39],[-78,48],[-124,94],[-56,72],[-97,134],[-118,170],[-90,119],[-276,299],[-202,227],[-61,78],[-48,69],[-154,278],[-81,173],[-78,208],[-35,81],[-31,36]]],"transform":{"scale":[0.000014570220879010794,0.000012927085119609064],"translate":[139.68769717,35.73913553]},"objects":{"city":{"type":"GeometryCollection","geometries":[{"arcs":[[0,1,2,3,4,5]],"type":"Polygon","properties":{"N03_001":"茨城県","N03_004":"水戸市","PREF_CODE":"08","MERGED_CODE":"08201","N03_007":"08201"},"id":"08201"},{"arcs":[[[6,7,8,9,10]],[[11]],[[12]],[[13]],[[14]],[[15]],[[16]]],"type":"MultiPolygon","properties":{"N03_001":"茨城県","N03_004":"日立市","PREF_CODE":"08","MERGED_CODE":"08202","N03_007":"08202"},"id":"08202"},{"arcs":[[17,18,19,20,21]],"type":"Polygon","properties":{"N03_001":"茨城県","N03_004":"土浦市","PREF_CODE":"08","MERGED_CODE":"08203","N03_007":"08203"},"id":"08203"},{"arcs":[[22,23,24,25,26,27]],"type":"Polygon","properties":{"N03_001":"茨城県","N03_004":"古河市","PREF_CODE":"08","MERGED_CODE":"08204","N03_007":"08204"},"id":"08204"},{"arcs":[[-21,28,29,30,31,32]],"type":"Polygon","properties":{"N03_001":"茨城県","N03_004":"石岡市","PREF_CODE":"08","MERGED_CODE":"08205","N03_007":"08205"},"id":"08205"},{"arcs":[[-24,33,34,35]],"type":"Polygon","properties":{"N03_001":"茨城県","N03_004":"結城市","PREF_CODE":"08","MERGED_CODE":"08207","N03_007":"08207"},"id":"08207"},{"arcs":[[[36,37,38,39,40,41,42]],[[43]]],"type":"MultiPolygon","properties":{"N03_001":"茨城県","N03_004":"龍ケ崎市","PREF_CODE":"08","MERGED_CODE":"08208","N03_007":"08208"},"id":"08208"},{"arcs":[[[44,45,46,47]],[[48]]],"type":"MultiPolygon","properties":{"N03_001":"茨城県","N03_004":"下妻市","PREF_CODE":"08","MERGED_CODE":"08210","N03_007":"08210"},"id":"08210"},{"arcs":[[-47,49,50,51,52,53,54],[-49]],"type":"Polygon","properties":{"N03_001":"茨城県","N03_004":"常総市","PREF_CODE":"08","MERGED_CODE":"08211","N03_007":"08211"},"id":"08211"},{"arcs":[[55,56,-9,57,58,59]],"type":"Polygon","properties":{"N03_001":"茨城県","N03_004":"常陸太田市","PREF_CODE":"08","MERGED_CODE":"08212","N03_007":"08212"},"id":"08212"},{"arcs":[[[60,61,62,-10,-57]],[[63]],[[64]],[[65]]],"type":"MultiPolygon","properties":{"N03_001":"茨城県","N03_004":"高萩市","PREF_CODE":"08","MERGED_CODE":"08214","N03_007":"08214"},"id":"08214"},{"arcs":[[[66,-62,67]],[[68]],[[69]],[[70]],[[71]],[[72]],[[73]],[[74]]],"type":"MultiPolygon","properties":{"N03_001":"茨城県","N03_004":"北茨城市","PREF_CODE":"08","MERGED_CODE":"08215","N03_007":"08215"},"id":"08215"},{"arcs":[[-1,75,76,-31,77,78,79]],"type":"Polygon","properties":{"N03_001":"茨城県","N03_004":"笠間市","PREF_CODE":"08","MERGED_CODE":"08216","N03_007":"08216"},"id":"08216"},{"arcs":[[-43,80,81,82,83]],"type":"Polygon","properties":{"N03_001":"茨城県","N03_004":"取手市","PREF_CODE":"08","MERGED_CODE":"08217","N03_007":"08217"},"id":"08217"},{"arcs":[[-19,84,85,-39,86],[-44]],"type":"Polygon","properties":{"N03_001":"茨城県","N03_004":"牛久市","PREF_CODE":"08","MERGED_CODE":"08219","N03_007":"08219"},"id":"08219"},{"arcs":[[-20,-87,-38,87,-50,-46,88,89,-29]],"type":"Polygon","properties":{"N03_001":"茨城県","N03_004":"つくば市","PREF_CODE":"08","MERGED_CODE":"08220","N03_007":"08220"},"id":"08220"},{"arcs":[[[-4,90,91,92,93]],[[94]],[[95]],[[96]]],"type":"MultiPolygon","properties":{"N03_001":"茨城県","N03_004":"ひたちなか市","PREF_CODE":"08","MERGED_CODE":"08221","N03_007":"08221"},"id":"08221"},{"arcs":[[[97,98,99,100,101,102,103,104,105]],[[106,107]],[[108]]],"type":"MultiPolygon","properties":{"N03_001":"茨城県","N03_004":"鹿嶋市","PREF_CODE":"08","MERGED_CODE":"08222","N03_007":"08222"},"id":"08222"},{"arcs":[[-98,109,110,111,112]],"type":"Polygon","properties":{"N03_001":"茨城県","N03_004":"潮来市","PREF_CODE":"08","MERGED_CODE":"08223","N03_007":"08223"},"id":"08223"},{"arcs":[[-52,113,-83,114]],"type":"Polygon","properties":{"N03_001":"茨城県","N03_004":"守谷市","PREF_CODE":"08","MERGED_CODE":"08224","N03_007":"08224"},"id":"08224"},{"arcs":[[-59,115,116,117,118]],"type":"Polygon","properties":{"N03_001":"茨城県","N03_004":"常陸大宮市","PREF_CODE":"08","MERGED_CODE":"08225","N03_007":"08225"},"id":"08225"},{"arcs":[[-3,119,-116,-58,-8,120,-91]],"type":"Polygon","properties":{"N03_001":"茨城県","N03_004":"那珂市","PREF_CODE":"08","MERGED_CODE":"08226","N03_007":"08226"},"id":"08226"},{"arcs":[[-35,121,122,-89,-45,123]],"type":"Polygon","properties":{"N03_001":"茨城県","N03_004":"筑西市","PREF_CODE":"08","MERGED_CODE":"08227","N03_007":"08227"},"id":"08227"},{"arcs":[[[-26,124,-54,125,126],[129],[130]],[[127]],[[128]]],"type":"MultiPolygon","properties":{"N03_001":"茨城県","N03_004":"坂東市","PREF_CODE":"08","MERGED_CODE":"08228","N03_007":"08228"},"id":"08228"},{"arcs":[[-40,-86,131,132,133,-112,134,135]],"type":"Polygon","properties":{"N03_001":"茨城県","N03_004":"稲敷市","PREF_CODE":"08","MERGED_CODE":"08229","N03_007":"08229"},"id":"08229"},{"arcs":[[-22,-33,136,137,138,139]],"type":"Polygon","properties":{"N03_001":"茨城県","N03_004":"かすみがうら市","PREF_CODE":"08","MERGED_CODE":"08230","N03_007":"08230"},"id":"08230"},{"arcs":[[-30,-90,-123,140,-78]],"type":"Polygon","properties":{"N03_001":"茨城県","N03_004":"桜川市","PREF_CODE":"08","MERGED_CODE":"08231","N03_007":"08231"},"id":"08231"},{"arcs":[[[-106,141,-107,142,-110]],[[-104,143]],[[144]],[[-102,145]],[[146]]],"type":"MultiPolygon","properties":{"N03_001":"茨城県","N03_004":"神栖市","PREF_CODE":"08","MERGED_CODE":"08232","N03_007":"08232"},"id":"08232"},{"arcs":[[-99,-113,-134,147,-138,148,149]],"type":"Polygon","properties":{"N03_001":"茨城県","N03_004":"行方市","PREF_CODE":"08","MERGED_CODE":"08233","N03_007":"08233"},"id":"08233"},{"arcs":[[-100,-150,150,151,152,153]],"type":"Polygon","properties":{"N03_001":"茨城県","N03_004":"鉾田市","PREF_CODE":"08","MERGED_CODE":"08234","N03_007":"08234"},"id":"08234"},{"arcs":[[-37,-84,-114,-51,-88]],"type":"Polygon","properties":{"N03_001":"茨城県","N03_004":"つくばみらい市","PREF_CODE":"08","MERGED_CODE":"08235","N03_007":"08235"},"id":"08235"},{"arcs":[[-32,-77,154,-151,-149,-137]],"type":"Polygon","properties":{"N03_001":"茨城県","N03_004":"小美玉市","PREF_CODE":"08","MERGED_CODE":"08236","N03_007":"08236"},"id":"08236"},{"arcs":[[-6,155,-152,-155,-76]],"type":"Polygon","properties":{"N03_001":"茨城県","N03_004":"茨城町","PREF_CODE":"08","MERGED_CODE":"08302","N03_007":"08302"},"id":"08302"},{"arcs":[[[-5,-94,156,-153,-156]],[[157]],[[158]],[[159]],[[160]]],"type":"MultiPolygon","properties":{"N03_001":"茨城県","N03_004":"大洗町","PREF_CODE":"08","MERGED_CODE":"08309","N03_007":"08309"},"id":"08309"},{"arcs":[[-2,-80,161,-117,-120]],"type":"Polygon","properties":{"N03_001":"茨城県","N03_004":"城里町","PREF_CODE":"08","MERGED_CODE":"08310","N03_007":"08310"},"id":"08310"},{"arcs":[[[-7,162,-92,-121]],[[163]],[[164]]],"type":"MultiPolygon","properties":{"N03_001":"茨城県","N03_004":"東海村","PREF_CODE":"08","MERGED_CODE":"08341","N03_007":"08341"},"id":"08341"},{"arcs":[[165,-60,-119,166]],"type":"Polygon","properties":{"N03_001":"茨城県","N03_004":"大子町","PREF_CODE":"08","MERGED_CODE":"08364","N03_007":"08364"},"id":"08364"},{"arcs":[[-133,167,-139,-148]],"type":"Polygon","properties":{"N03_001":"茨城県","N03_004":"美浦村","PREF_CODE":"08","MERGED_CODE":"08442","N03_007":"08442"},"id":"08442"},{"arcs":[[-18,-140,-168,-132,-85]],"type":"Polygon","properties":{"N03_001":"茨城県","N03_004":"阿見町","PREF_CODE":"08","MERGED_CODE":"08443","N03_007":"08443"},"id":"08443"},{"arcs":[[-41,-136,168,169]],"type":"Polygon","properties":{"N03_001":"茨城県","N03_004":"河内町","PREF_CODE":"08","MERGED_CODE":"08447","N03_007":"08447"},"id":"08447"},{"arcs":[[-25,-36,-124,-48,-55,-125]],"type":"Polygon","properties":{"N03_001":"茨城県","N03_004":"八千代町","PREF_CODE":"08","MERGED_CODE":"08521","N03_007":"08521"},"id":"08521"},{"arcs":[[-28,170,171]],"type":"Polygon","properties":{"N03_001":"茨城県","N03_004":"五霞町","PREF_CODE":"08","MERGED_CODE":"08542","N03_007":"08542"},"id":"08542"},{"arcs":[[[-27,-127,172,-171],[-128],[-129]],[[-130]],[[-131]]],"type":"MultiPolygon","properties":{"N03_001":"茨城県","N03_004":"境町","PREF_CODE":"08","MERGED_CODE":"08546","N03_007":"08546"},"id":"08546"},{"arcs":[[-42,-170,173,-81]],"type":"Polygon","properties":{"N03_001":"茨城県","N03_004":"利根町","PREF_CODE":"08","MERGED_CODE":"08564","N03_007":"08564"},"id":"08564"}]}}}