{"type":"Topology","arcs":[[[52259,32537],[-46,115],[-44,77],[-27,24],[-65,37],[-82,28],[-162,34],[-50,4],[-86,17],[-65,20],[-116,68],[-56,28],[-52,37],[-135,88],[-69,63],[-69,88],[-51,80],[-42,135],[-62,286],[-56,173],[-9,53],[-12,278],[-2,93],[-7,71],[-22,76],[-27,44],[-57,74],[-111,114],[-87,97],[-39,89],[0,55],[23,77],[54,110],[-81,3],[-23,30],[-25,2],[-18,31],[-19,3],[-267,12],[-146,4],[-36,18],[-3,317],[-163,-1],[-15,-3],[0,-36],[-33,3],[-75,-12],[-114,-9],[-90,19],[-74,2],[5,-38],[53,-5],[-16,-50],[15,-54],[74,10],[31,-77],[-29,-8],[-26,39],[-45,-7],[1,-102],[-52,-58],[-34,-68],[-24,-5],[-158,-5],[-132,2],[-113,-6],[-73,5],[-16,-10],[-41,6],[-214,9],[-20,6],[-3,26],[3,147],[-7,281],[35,27],[37,1],[228,-10],[5,98],[-27,5],[4,66],[10,13],[63,-12],[9,15],[2,96],[-259,7],[-96,-14],[-11,36],[12,90],[-8,60],[-3,183],[-7,58],[-16,27],[-41,4],[-34,21],[-42,13],[-17,67],[-98,-7],[-40,2],[-16,39],[-5,79],[-12,19],[-61,12],[-5,50],[-92,-3],[-11,11],[4,86],[-13,40],[1,49],[21,148],[-1,47],[-183,5],[-53,-3],[-32,25],[4,100],[-7,78],[-38,85],[34,10],[-1,136],[16,66],[70,-3],[12,78],[-5,181],[-37,31],[-30,11],[-15,-67],[-50,-133],[-119,-78],[3,-38],[-33,-76],[-83,-58],[-76,82],[-40,91],[-70,-14],[-115,0],[0,-23],[-32,-7],[-15,-123],[-57,-3],[-15,76],[-37,109],[-10,10],[-132,-19],[-16,78],[-13,24],[41,16],[133,64],[-7,31],[33,17],[18,-23],[97,38],[57,41],[-4,46],[-82,127],[-34,101],[-28,172],[0,22],[49,66],[6,19],[83,28],[18,90],[-10,51],[-39,39],[-18,122],[-11,20],[-78,74],[-25,32],[-6,63],[-18,1],[1,-30],[-79,1],[1,56],[-128,-74],[-35,3],[-3,17],[-76,30],[-3,88],[28,16],[96,-4],[1,49],[25,-12],[15,43],[-20,20],[-14,47],[-13,115],[45,7],[-8,18],[68,20],[9,-41],[112,1],[0,36],[58,10],[38,-2],[66,-74],[110,5],[133,14],[-5,86],[-43,33],[3,38],[51,112],[-5,75],[-40,68],[-73,66],[-79,57],[49,68],[-9,18],[-34,2],[-43,20],[-24,-22],[-24,7],[-37,183],[75,19],[-25,114],[64,15],[-25,119],[4,24],[50,68],[-4,12],[-70,5],[-155,17],[-1,55],[-12,42],[21,0],[-11,91],[-131,83],[-48,17],[-109,10],[-52,-14],[1,51],[91,13],[-25,113],[-83,-1],[6,41],[-54,8],[-195,9],[0,-48],[-62,4],[-63,-30],[-39,-59],[71,-46],[44,-44],[33,-113],[-54,-51],[34,-69],[0,-31],[-35,-11],[7,-66],[-42,-9],[-32,-26],[-47,-14],[23,-36],[-29,-27],[-17,13],[-10,-20],[-85,39],[-82,10],[-41,-4],[-100,-25],[-32,4],[-44,39],[-103,75],[-45,16],[2,50],[-13,26],[-7,99],[10,53],[18,144],[-2,21],[-31,78],[-69,113],[-38,26],[-8,31],[-136,55],[-8,53],[14,337],[12,56],[-31,41],[-71,21]],[[45459,41658],[-2,44],[36,295],[18,71],[1,96],[-12,30],[-43,-22],[-20,5],[-16,39],[33,28],[34,82],[5,31],[-32,39]],[[45461,42396],[103,34],[0,17],[31,-19],[17,15],[-15,47],[-21,30],[-26,11],[49,41],[4,87],[57,1],[7,57],[52,-4],[10,234],[-145,14],[8,77],[-31,21],[8,98],[32,5],[44,26],[55,-42],[59,-11],[77,-41],[99,1],[27,-6],[24,-27],[47,-73],[82,-11],[69,-18],[37,-18],[36,-61],[28,-60],[18,-73],[36,-31],[47,-67],[130,-208],[23,-83],[57,-131],[32,-42],[43,-102],[21,7],[55,-38],[-11,-39],[11,-16],[73,-14],[36,-42],[103,-32],[14,-24],[-31,-41],[41,-68],[28,-5],[20,-43],[8,-277],[300,5],[0,55],[59,36],[30,9],[13,65],[36,38],[11,32],[37,11],[-2,63],[43,2],[14,38],[-13,189],[5,57],[19,16],[-18,110],[-10,334],[-11,27],[-7,171],[33,-5],[9,-65],[41,-9],[6,-44],[32,-13],[14,-74],[37,-1],[96,-300],[72,-138],[43,-60],[16,5],[-9,62],[7,89],[-74,230],[-32,154],[-8,76],[-5,284],[3,12],[77,116],[123,177],[66,138],[28,90],[54,236],[11,63],[14,189],[-13,356],[6,30],[88,315],[35,102],[57,60]],[[48372,44785],[42,51],[46,40],[98,68],[157,72],[149,73],[116,63],[41,134],[19,13],[6,177],[-25,74],[24,19],[-5,58],[97,131],[18,35],[10,61],[29,86],[1,110],[51,98],[9,32],[6,103],[-10,74],[25,40],[-3,47],[54,69],[39,2],[24,24],[48,14],[43,118],[18,10],[-5,27],[37,24],[36,-4],[74,14],[33,62],[37,21],[15,34],[37,17],[30,38],[27,-8],[26,17],[50,11],[47,28],[25,27],[6,28],[79,82],[23,99],[1,91],[41,23],[42,54],[22,12],[51,57],[19,55],[69,93],[37,21],[13,49],[46,75],[50,44],[41,127],[37,59],[11,128],[30,82],[42,72],[15,3],[70,82],[75,108],[79,127],[93,207],[36,62],[57,64],[60,49],[24,1],[64,50],[85,79],[34,42],[37,29],[88,122],[89,141],[158,178],[146,143],[117,122],[97,106],[164,170],[189,210],[171,185],[82,93],[-1,34],[56,72],[37,57],[19,46],[-14,63],[31,47],[59,44],[4,41],[13,13],[65,-7],[98,5],[11,9],[26,89],[53,17],[41,-5],[100,19],[67,-13],[67,4],[32,12],[21,24],[52,35],[15,57],[27,28],[53,0],[83,17],[57,5],[65,34],[81,12],[47,34],[26,59],[74,80],[48,40],[25,51],[43,56],[1,22],[-33,77],[20,59],[39,44],[52,26],[78,62],[76,49],[75,39],[44,-9],[25,6],[23,31],[27,12],[61,5],[27,26],[25,56],[35,44],[78,46],[116,52],[34,53],[55,52],[74,44],[70,30],[52,41],[75,3],[46,22],[46,52],[63,36],[41,54],[58,164],[35,178],[603,831],[521,728],[626,73],[172,21],[43,67],[39,99],[50,38],[40,46],[23,48],[32,32],[55,9],[55,26],[60,48],[27,34],[34,80],[56,75]],[[57993,55323],[40,4],[39,17],[41,32],[78,11],[54,-16],[101,12],[83,-27],[28,-20],[82,-19],[52,-18],[73,11],[78,-107],[20,-36],[48,12],[67,-12],[40,-31],[32,-9],[53,5],[73,-42],[73,-25],[160,-28],[45,-43],[55,2],[38,16],[34,28],[100,44],[40,27],[122,-12],[60,6]],[[59802,55105],[33,-93],[8,-98],[-12,-65],[-27,-71],[-12,-101],[-61,-93],[-11,-36],[7,-39],[20,-32],[46,-38],[47,-75],[-6,-51],[-62,-137],[-9,-68],[-17,-67],[13,-50],[53,-93],[6,-94],[45,-99],[51,-56],[23,-44],[-10,-47],[-47,-104],[-21,-68],[-49,-27],[-62,-59],[-50,-80],[-141,-168],[-14,-45],[-2,-43],[12,-80],[14,-47],[4,-54],[-23,-123],[-27,-78],[-6,-41],[23,-67],[43,-57],[130,-97],[29,-44],[-2,-102],[-7,-40],[-37,-53],[-26,-67],[-41,-34],[-84,-42],[-98,-35],[105,-186],[36,-46],[-3,-59],[9,-20],[40,-31],[24,-36],[25,-92],[24,-41],[14,-42],[38,-68],[53,-78],[16,-49],[11,-85],[53,-143],[40,-64],[60,-64],[32,-60],[4,-50],[-18,-64],[-1,-82],[8,-56],[24,-60],[28,-42],[61,-127],[14,-58],[62,-86],[15,-44],[-4,-54],[12,-38],[-11,-45],[30,-102],[23,-53],[30,-126],[-12,-93],[2,-45],[32,-48],[3,-69],[-19,-60],[-1,-50],[23,-26],[48,-11],[16,-48],[-12,-62],[18,-102],[91,-151],[-6,-80],[-32,-65],[4,-20],[52,-19],[6,-35],[-34,-29],[-47,-16],[6,-28],[36,-39],[48,-127],[34,-49],[23,-50],[41,-7],[54,-37],[64,-20],[17,-58],[66,-190],[47,-141],[60,-203],[64,-199],[53,-153],[51,-136],[30,-33],[1,-98],[14,-139],[-2,-80],[-15,-166],[-10,-205],[-11,-37],[-6,-108],[2,-160],[16,-69],[13,-20],[5,-42],[3,-132],[9,-92],[5,-104],[-29,-59],[-6,-51],[32,-80],[36,-30],[31,-120],[48,-71],[29,-68],[28,-105],[13,-172],[-60,-150],[-5,-29],[31,-38],[25,-51],[25,-20],[58,-121],[18,-80],[15,-32],[40,-133],[-31,-34],[-44,-126],[-20,-73],[-39,-57],[-42,-17],[-37,13],[-21,-77],[-36,-101],[11,-17],[50,20],[56,-2],[39,6],[71,58],[60,41],[32,-14],[61,10],[36,-191],[45,-175],[3,-99],[-7,-89],[-23,-81],[85,13],[12,-61],[28,-84],[-1,-42],[-20,-11],[0,-43],[12,-4],[16,-53],[0,-61],[8,-63],[10,-170],[8,-70],[-17,-45],[11,-114],[-4,-76],[-20,-107],[1,-17],[35,-19],[57,10],[31,26],[52,12],[147,8],[49,9],[8,-39],[25,-44],[32,-24],[17,-36],[-8,-60],[31,-150],[45,-31],[-22,-73],[13,-50],[-3,-32],[17,-16],[82,0],[92,23],[-9,-106],[15,-32],[39,-49],[3,-38],[-3,-128],[3,-63],[39,8],[-1,-110],[-13,-13],[0,-54],[-39,-75],[-23,-59],[-31,-40],[-43,-2],[4,88],[-31,56],[-11,46],[-39,62],[-6,-28],[-22,12],[-8,32],[-78,-42],[-12,-57],[40,-49],[7,-22],[-28,-54],[4,-182],[42,-15],[14,-139],[39,-2],[5,-14],[-51,-117],[-1,-91],[-16,-36],[-93,-65],[-14,-47],[4,-34],[25,-28],[43,-26],[63,-112]],[[62288,40167],[-34,-14],[-123,-8],[-61,8],[-4,-73],[-86,-2],[1,-82],[-30,-20],[-15,-29],[18,-17],[-13,-14],[-108,97],[-31,-5],[-50,7],[-11,-14],[-29,16],[-17,-48],[-16,-15],[-77,8],[-11,-17],[-11,-68],[-2,-70],[8,-19],[-39,-26],[-53,-12],[-52,-68],[-7,-63],[28,-37],[10,-155],[14,-50],[17,-26],[-37,-38],[-45,-1],[-61,10],[-87,-40],[-46,-57],[-36,-25],[-47,-102],[-44,-63],[-87,-55],[-20,7],[-128,-47],[-13,8],[-28,-31],[5,-72],[-24,-173],[10,-100],[16,-38],[-1,-25],[-71,-53],[-50,-133],[-51,-120],[-25,-69],[-16,-75],[-19,-286],[-23,-108],[-40,-138],[-18,-103],[-26,1],[-6,20],[-49,30],[-53,22],[-31,-9],[-45,29],[-52,-3],[-83,-56],[-37,-44],[-95,-9],[10,-109],[-24,-2],[3,-37],[-88,-4],[-48,70],[-99,-10],[-35,-19],[-47,-58],[-47,-31],[7,-161],[7,-56],[-26,-91],[-4,-81],[-34,-53],[13,-23],[-23,-97],[-31,-52],[-22,-104],[-27,-32],[-38,4],[-17,-31],[-59,24],[-77,18],[-4,21],[-47,-44],[36,-52],[3,-38],[-51,-124],[-3,-44],[49,-85],[11,-36],[-5,-92],[-12,-30],[-25,11],[-40,-42],[-48,-5],[-41,-59],[-85,-51],[-63,-53],[-69,-48],[-46,-68],[-72,-142],[-48,-37],[-82,-83],[-84,-59],[-47,-41],[-124,-4],[-40,-32],[-10,-24],[-5,-70],[-31,-42],[-78,-17],[-9,-85],[-12,-44],[-26,-43],[-93,-62],[-104,-48],[-20,-33],[-25,-71],[-98,-49],[-68,-74],[-94,-45],[-8,-25],[-4,-78],[-44,-67],[-30,-23],[-37,-52],[13,-10],[-18,-43],[5,-31],[22,-46],[57,-72],[4,-26],[29,-6],[29,-30],[53,-93],[18,-42],[-22,-63],[-38,-31],[-60,5],[-64,-18],[-45,0],[-176,38],[-19,75],[-82,20],[-185,26],[-48,18],[-48,41],[-36,56],[-34,74],[-70,-16],[-25,25],[-51,30],[-182,91],[-25,-22],[-69,-43],[-74,-40],[-67,3],[-55,25],[-32,-23],[-22,-33],[-4,-28],[14,-96],[13,-52],[3,-130],[-42,-7],[-160,10],[-91,-50],[-24,-48],[-30,-31],[-46,-80],[-2,-93],[-414,-15]],[[55502,33500],[-507,-9],[-247,-4],[-220,-9],[-19,11],[-86,-2],[-136,2],[0,-10],[130,-160],[-22,-24],[88,-110],[289,-354],[-130,-2],[-31,-11],[-213,0],[-245,-4],[-66,-5],[-437,-5],[-54,2],[-153,-3],[10,-131],[0,-92],[-28,-97],[-20,-98],[-21,-72],[-3,-68],[13,-33],[84,-171],[8,-33],[-50,0],[76,-158],[52,-9],[-11,26],[51,6],[58,-21],[-6,-55],[-81,-2],[-35,-11],[-119,-20],[-65,-5],[-77,3],[-85,25],[-171,86],[-58,54],[-85,113],[-69,70],[-80,42],[-72,28],[-40,9],[-133,17],[-98,19],[-28,23],[-41,63],[-32,137],[-28,89]],[[52259,32537],[-98,-67],[-26,-32],[-12,4],[-72,-108],[8,-48],[6,-118],[-63,29],[-37,-19],[-7,-86],[-37,-316],[-36,-236],[-11,-99],[-15,-59],[109,-154],[160,-255],[40,26],[24,-25],[67,8],[2,16],[73,1],[0,-19],[-33,1],[0,-42],[34,0],[4,-101],[78,1],[-1,-25],[-83,0],[10,-25],[-22,-9],[48,-122],[-18,-9],[10,-21],[21,8],[15,-37],[42,6],[39,-102],[52,-92],[89,4],[0,-78],[32,-3],[25,-33],[45,-7],[36,-151],[84,-12],[-9,-209],[-90,2],[0,32],[-48,1],[-7,-44],[14,-34],[37,-6],[-3,-119],[-115,2],[9,-51],[-45,4],[-27,31],[19,5],[-4,25],[-23,2],[-10,-49],[17,-61],[-4,-29],[49,-3],[-1,-28],[-21,1],[2,-23],[-67,-15],[9,-46],[16,-1],[9,-50],[28,-2],[6,-55],[-16,30],[-33,2],[3,-60],[34,0],[2,-30],[-32,-2],[1,-43],[48,2],[2,-21],[-46,-5],[4,-49],[-15,-60],[-76,-7],[2,-40],[76,-35]],[[52536,29093],[-17,-26],[-135,14],[-12,6],[-82,145],[-14,9],[-261,51],[-289,55],[-63,10],[-322,1],[-320,-5],[-42,-13],[-6,-18],[-104,-172],[-49,-47],[-67,-35],[-147,-33],[-179,-48],[-129,-62],[-259,-66],[-43,-74],[-205,37],[-92,20],[-10,-22],[-125,-34],[-86,-69],[11,-11],[-41,-142],[-3,-56],[4,-101],[42,-145],[19,-40],[-11,-160],[-2,-123],[-11,-345],[2,-44],[-74,-67],[-97,-74],[-80,-49],[-69,-35],[-174,-64],[-18,-14],[-71,3],[-115,-5],[-58,10],[-139,44],[-260,63],[-84,-76],[-181,-170],[-88,-142],[-87,-125],[-55,-95],[-46,-122],[-33,-163],[-34,-63],[-93,-45],[-75,-12],[-161,27],[-33,-5],[-349,-19],[22,-114],[-110,-78],[-42,-20],[-98,-33],[-13,-120],[-7,-116],[8,-87],[10,-19],[53,-18],[27,12],[115,101],[89,54],[32,-14],[43,-56],[19,-63],[5,-121],[9,-39],[30,-81],[30,-102],[24,-96],[18,-31],[58,-21],[-8,-78],[-1,-113],[-48,-43],[-54,-86],[-42,-79],[-46,-45],[-54,-22],[-67,-55],[-53,-99],[-36,-91],[-58,-228],[-19,-97],[8,-101],[20,-47],[0,-39],[-25,-54],[-31,-10],[-25,-37],[-55,-26],[-51,-42],[-10,-22],[-101,-37],[-47,-147],[-6,-59],[22,-116],[32,-65],[45,-50],[0,-111],[12,-30],[-10,-33],[52,-111],[-4,-15],[-65,44],[-12,-27],[10,-74],[-6,-39],[9,-36],[71,-96],[-3,-32],[-18,-28],[11,-50],[-77,-16],[-39,33],[-38,-6],[-29,14],[-61,74],[-40,10],[-114,-25],[-37,-24],[-54,-58],[-60,-43],[-27,-32],[-74,-59],[-65,46],[-38,11],[-37,-8],[-72,-37],[-44,4],[-50,18],[-34,45],[-56,32],[-42,42],[-47,7],[-68,-5],[-54,12],[-89,32],[-57,-27],[-51,-11],[-24,-17],[-29,4],[-31,50],[-18,47],[-31,21],[-27,-16],[-54,-88],[-35,-46],[-15,-43],[-92,-158],[-44,-109],[-71,-102],[-43,-34],[-13,-48],[-37,-37],[-34,-8],[-36,-27],[-40,-7],[-160,39],[-85,16],[-59,1],[-40,-14],[-78,-43],[-99,-103],[-66,-117],[-19,-48],[17,-90],[18,-37],[-7,-39],[-28,-78],[2,-50],[37,-55],[0,-47],[-21,-24],[-31,-70],[-16,-65],[-11,-97],[-22,-57],[-24,-22],[-107,-59],[-45,-47],[-41,-30],[-63,-11],[-12,-11],[-28,-81],[-5,-33],[-34,-93],[-65,-53],[-124,93],[-29,27],[-98,3],[-51,27],[-62,-9],[-68,21],[-150,-23],[-29,6],[-52,42],[-18,7],[-32,-22],[-109,-58],[-62,-25],[-42,-47],[-52,-41],[-127,-50],[-158,6],[-70,-22],[-60,9],[-45,-22],[-31,-35],[-63,-44],[-41,-59],[-58,-40],[-102,-31],[-72,38],[-116,2],[-52,-6],[-65,11],[-45,15],[-61,40],[-55,-5],[-59,9],[-64,-31],[-73,-1],[-67,-8]],[[40991,20534],[11,91],[20,32],[46,42],[23,48],[92,219],[10,38],[-31,149],[35,53],[33,103],[34,51],[-11,85],[29,119],[68,33],[25,35],[20,114],[25,44],[56,67],[31,89],[61,89],[41,37],[27,0],[34,27],[42,18],[35,67],[-4,77],[12,51],[-6,48],[66,30],[76,24],[35,39],[78,19],[36,18],[191,60],[97,27],[82,9],[75,37],[17,19],[28,139],[4,80],[-20,44],[-66,69],[-13,30],[3,76],[-8,68],[-18,16],[-112,53],[-35,22],[-66,22],[-30,58],[-25,79],[2,26],[32,54],[5,77],[17,44],[1,30],[-30,40],[15,92],[81,-9],[47,17],[11,25],[-6,80],[-47,93],[-56,83],[-79,63],[-105,60],[-15,49],[-35,61],[-6,62],[5,60],[29,92],[-3,71],[-37,126],[-33,178],[-43,91],[-43,72],[-47,36],[-21,34],[-12,114],[-15,100],[32,212],[71,23],[83,10],[57,35],[16,36],[45,8],[38,54],[-3,41],[36,48],[19,76],[2,37],[-84,8],[43,52],[-33,0],[-6,37],[50,14],[1,49],[-12,15],[-52,-12],[9,89],[-31,61],[-88,53],[-35,39],[-19,41],[-14,0],[-35,-45],[-55,-10],[-36,-28],[-60,-21],[-34,-123],[28,-61],[0,-20],[-69,0],[5,24],[-6,66],[-13,46],[29,85],[-19,2],[-3,149],[5,64],[20,18],[-11,34],[52,57],[32,58],[-14,24],[-76,16],[-168,16],[-81,27],[-49,70],[-34,60],[4,56],[17,96],[-6,44],[-44,70],[-23,21],[-47,11],[-70,-8],[-38,-15]],[[41082,27128],[-35,21],[-53,4],[-284,34],[-22,29],[39,37],[-8,27],[-78,55],[-15,22],[23,90],[4,103],[19,79],[20,39],[77,84],[-46,51],[-22,12],[-50,1],[-45,-41],[-18,-55],[-24,-10],[-7,21],[27,86],[16,24],[44,8],[52,24],[13,18],[-12,57],[40,58],[152,74],[47,5],[32,25],[40,50],[13,28],[1,61],[49,86],[61,35],[27,45],[20,11],[71,9],[14,12],[26,85],[50,25],[64,105],[12,27],[18,79],[-14,56],[4,29],[25,55],[25,7],[24,32],[4,65],[15,60],[-1,43],[-22,37],[-17,53],[40,108],[-2,49],[-15,82],[-16,37],[30,50],[-2,25],[-61,36],[-52,71],[-9,93],[-24,101],[-20,38],[7,51],[45,83],[37,50],[-49,46],[21,47],[35,21],[47,11],[25,29],[-17,113]],[[41497,30346],[89,54],[64,-3],[18,22],[-4,90],[12,26],[-5,37],[20,29],[34,22],[7,36],[40,64],[37,28],[-54,9],[-37,15],[-8,72],[-10,10],[-46,-3],[-33,20],[-15,53],[3,70],[-1,151],[22,61],[-33,116],[-31,61],[-13,62],[7,47],[-103,163],[-19,42],[4,42],[-21,85],[-84,148],[-77,84],[-32,28],[-10,62],[10,76],[-6,68],[-1,111],[-12,63],[-30,83],[-20,28],[-9,43],[-36,82],[-43,52],[-12,40],[-62,58],[-31,40],[-99,10],[-141,90],[-58,7],[-12,11],[-18,104],[-57,87],[-38,109],[-27,116],[79,3],[128,13],[153,3],[120,-10],[115,-18],[113,-28],[105,-34],[113,-10],[100,1],[25,5],[38,193],[-21,38],[-130,14],[-258,51],[-38,-12],[-23,13],[-8,26],[-103,7],[3,22],[-22,30],[8,77],[17,68],[-110,15],[-76,-9],[-90,9],[-49,14],[-89,48],[-43,34],[59,44],[35,46],[44,112],[-80,36],[-32,32],[2,20],[58,124],[-79,64],[-24,5],[-133,95],[-64,71],[-4,180],[10,108],[-13,4],[-136,-2],[-132,-13],[-44,72],[-57,60],[-41,52],[-127,133],[-47,41],[-58,29],[-142,46],[-103,36],[-63,-71],[-152,-69],[-153,-89],[-180,-128],[-38,37],[-64,15],[-44,40],[-56,90],[-37,32],[-67,4],[-51,55],[-50,7],[-31,44],[-25,14],[-40,-2],[-65,14],[-26,16],[-47,61],[-51,38],[-18,28],[-129,128],[-40,50],[-45,18],[-87,-6],[-45,13],[-64,31],[-146,147],[-79,26],[-118,80],[-76,6],[-22,36],[-5,41],[-81,92],[-52,35],[-205,73],[-77,81],[-34,27],[-95,35],[-43,63],[-23,15],[-143,33],[-108,72],[-93,22],[-160,89],[-68,24],[-80,39],[-40,2],[-59,19],[-36,24],[-53,14],[-22,25],[-30,63],[-48,21],[-56,36],[-81,-15],[-27,8],[-28,-11],[-139,-3],[-59,15],[-59,57],[-12,21],[-41,11],[-30,28],[-16,34],[-44,3],[-33,32],[-109,59],[-49,11],[-101,86],[-76,-7],[-75,27],[-15,-3],[-29,-43],[-32,-11],[-43,24],[-105,16],[-36,-19],[-82,16],[-68,-5],[-76,-23],[-70,-38],[-75,-32],[1,-44],[55,-129],[-9,-34],[-37,28],[-73,19],[-84,1],[-68,28],[-116,-20],[-96,-11],[-109,-8],[-66,-34],[-20,-20],[-24,-2],[-51,41],[-79,10],[-111,64],[-45,9],[-121,-6],[-81,19],[-47,40],[-31,42],[-56,49],[-79,47],[-62,24],[-142,18],[-114,-7],[-51,45],[-27,-12],[-28,-44],[-93,-77],[-24,-7],[-39,12],[-25,-9],[-45,17],[-45,-17],[-57,-4],[-23,48],[-98,125],[-44,17],[-33,28],[-34,50],[-33,73],[-25,36],[-121,47],[-38,33],[-80,4],[-51,42],[-52,-7],[-44,46],[-40,31],[-81,40],[-32,2],[-86,-18],[-55,27],[-43,10],[-52,1],[-72,37],[-32,81],[-11,12],[-104,56],[-86,19],[-53,-8],[-38,-16],[-47,40],[-78,32],[-37,40],[-44,10],[-24,34],[-13,52],[-60,45],[-47,-9],[-54,13],[-64,3],[-62,63],[-29,21],[-124,-12],[-83,39],[-51,62],[-48,25],[-57,-11],[-65,31],[-41,1],[-50,45],[-41,10],[-37,41],[-43,24],[-60,-1],[-33,12],[-20,29],[-54,2],[-52,43],[-55,7],[-30,25],[-36,8],[-44,-7],[-34,21],[-42,46],[-77,8],[-48,26],[-136,30],[-48,59],[-32,-2],[-46,25],[-41,44],[-15,40],[-78,90],[-34,61],[-57,63],[-58,-2],[-104,28],[-43,59],[-76,-25],[-71,38],[-27,30],[-50,7],[-26,28],[-5,39],[-36,55],[-21,14],[-48,-5],[-26,19],[-34,4],[-103,44],[-25,50],[-28,75],[-37,81],[-24,31],[-40,25],[-49,10],[-33,54],[-88,32],[-8,22],[-46,0],[-32,13],[-18,43],[2,28],[-148,129],[-67,6],[-8,19],[-71,46],[-33,2],[-42,-20],[-26,6],[-43,28],[-52,54],[1,62],[-16,8],[-41,-8],[-79,5],[-97,-29],[-16,9],[-38,50],[-30,20],[-65,10],[-23,20],[-51,16],[-36,-4],[-63,-34],[-111,5],[-23,-9],[-51,58],[-30,17],[0,24],[-25,42],[-46,15],[-125,16],[-43,19],[-26,26],[-71,34],[-36,7],[-88,-11],[-182,56],[-26,14],[-16,35],[-26,29],[-62,45],[-92,5],[-66,-6],[-33,34],[-29,5],[-43,-20],[-59,9],[-34,14],[-35,54],[-44,20],[-132,13],[-35,15],[-78,55],[-84,9],[-22,17],[-73,78],[-76,-11],[-83,37],[-37,30],[-41,10],[-53,-17],[-56,-75],[-64,-12],[-27,-14],[-19,-28],[-9,-94],[-11,-24],[-41,-33],[-20,-34],[-5,-46],[-17,-35],[-31,-25],[-58,-15],[-94,-85],[-8,-65],[-35,-52],[-86,2],[-70,16],[-122,2],[-49,-13],[-82,-47],[-29,-2],[-55,28],[-57,20],[-68,5],[-38,35],[-46,70],[-49,56],[-106,26],[-66,35],[-91,22],[-71,39],[-71,8],[-100,-1],[-60,5],[-70,37],[-82,6],[-57,12],[-66,24],[-105,11],[-79,67],[-44,23],[-79,65],[-28,63],[-68,83],[-26,9],[-39,-5],[-35,-21],[-93,-24],[-26,-54],[-45,-39],[-12,-25],[-78,-17],[-31,-30],[-110,3],[-38,-15],[-61,-75],[-78,-51],[-46,6],[-78,-10],[-81,12],[-56,-3],[-23,-21],[-20,-44],[-24,-27],[-17,-44],[-29,-5],[-51,25],[-42,12],[-89,6],[-26,7],[-80,41],[-33,-7],[-75,-47],[-69,-27],[-31,-28],[-54,-21],[-36,-27],[-31,-59],[-31,-20],[-45,8],[-52,-22],[-43,-1],[-65,-20],[-61,-9],[-51,13],[-64,-77],[-42,-15],[-43,-28],[-46,-45],[-32,-4],[-85,32],[-97,-7],[-71,-10],[-73,11],[-42,-12]],[[18875,40519],[-15,60],[-29,57],[2,57],[-33,55],[-38,34],[-19,54],[-25,10],[-43,-6],[-30,7],[-68,53]],[[18577,40900],[-4,39],[-20,49],[-21,76],[1,30],[24,109],[-17,37],[37,38],[9,55],[53,35],[31,55],[9,68],[-49,62],[-14,27],[15,73],[-6,87],[64,119],[-34,52],[-5,153],[23,29],[108,79],[-2,19],[-30,19],[-14,28],[-8,73],[-51,84],[-25,52],[1,40],[-20,42],[-5,146],[-7,24],[-1,71],[-19,28],[-109,78],[-8,24],[10,61],[-9,35],[-2,90],[28,86],[-9,165],[-9,41],[-59,54],[6,24],[51,61],[28,62],[80,96],[47,47],[19,35],[13,65],[22,74],[27,62],[30,35],[73,36],[38,67],[49,24],[42,41],[21,34],[12,40],[0,97],[5,13],[69,37],[49,115],[57,41],[15,26],[154,150],[33,17],[13,34]],[[19386,44765],[35,49],[71,27],[37,46],[21,56],[22,33],[69,43],[64,2],[26,-25],[14,-39],[18,-14],[102,-3],[37,13],[6,40],[40,67],[93,93],[8,26],[2,67],[70,55],[14,36],[44,41],[4,36],[-11,40],[6,26],[28,36],[22,9],[61,3],[18,9],[23,75],[68,87],[87,41],[35,69],[67,10],[85,-13],[29,2],[47,81],[20,14],[70,-23],[24,0],[52,34],[56,10],[95,-7],[46,9],[34,25],[74,80],[20,10],[63,8],[88,35],[1,70],[19,40],[64,47],[29,48],[46,23],[14,30],[-3,92],[-24,68],[7,95],[38,30],[48,68],[56,49],[76,37],[25,75],[76,43],[29,9],[93,10],[54,-15],[43,11],[78,-8],[40,-17],[57,4],[20,-17],[91,-13],[107,-51],[60,-9],[41,10],[84,61],[58,1],[30,8],[122,91],[41,16],[103,55],[27,27],[23,44],[26,98],[16,22],[45,23],[43,49],[58,28],[115,19],[131,33],[28,-23],[37,-3],[39,27],[91,8],[11,9],[0,58],[88,59],[38,40],[55,1],[57,-32],[57,1],[121,65],[75,20],[49,-7],[110,-5],[35,42],[52,44],[55,3],[99,-68],[84,-43],[116,-125],[37,-31],[36,-13],[65,-54],[88,-52],[22,-23],[15,-35],[67,6],[46,-17],[49,-6],[121,-54],[50,4],[33,27],[167,56],[50,-10],[44,-75],[18,-19],[89,-15],[23,10],[70,57],[58,-23],[79,12],[25,-37],[40,-31],[69,-4],[112,-17],[77,20],[44,-55],[87,1],[63,19],[37,40],[68,10],[77,2],[35,-14],[24,-34],[64,0],[71,29],[60,46],[87,12],[63,47],[13,37],[44,63],[44,25],[78,16],[54,-9],[93,20],[99,-16],[155,-48],[31,-30],[58,-19],[92,12],[107,-6],[68,36],[45,6],[94,-17],[141,-6],[91,-17],[22,-19],[-3,-98],[-12,-61],[8,-92],[9,-44],[-14,-58],[-24,-136],[2,-96],[5,-28],[-8,-62],[-20,-86],[-22,-36],[-2,-104],[-25,-74],[-52,-117],[4,-41],[-18,-53],[4,-35],[18,9],[29,70],[37,12],[35,-6],[54,15],[95,72],[59,26],[68,1],[52,99],[85,48],[-3,89],[-11,42],[4,71],[-24,123],[-30,90],[17,49],[74,-18],[52,8],[79,-14],[50,34],[131,41],[86,21],[85,49],[94,14],[11,35],[19,7],[36,-17],[22,12],[24,39],[73,13],[25,16],[-4,75],[97,-20],[20,12],[34,-8],[54,8],[20,-30],[56,20],[58,-1],[25,28],[53,1],[59,31],[40,5],[27,-17],[4,-54],[44,-46],[91,-1],[38,48],[63,33],[28,6],[71,-28],[63,-82],[40,-19],[35,-42],[82,5],[97,-56],[27,-20],[75,2],[54,32],[49,15],[86,-5],[42,12],[115,1],[31,-9],[41,7],[37,-15],[42,2],[67,24],[45,9],[63,-4],[79,24],[81,-25],[134,-7],[130,-46],[101,-51],[68,-50],[43,-41],[34,-8],[88,19],[44,-4],[177,-3],[55,15],[75,-8],[39,7],[28,17],[65,8],[109,2],[98,-17],[22,8],[36,36],[23,6],[49,-16],[30,5],[61,36],[50,0],[84,47],[47,49],[22,11],[56,-1],[68,-23],[159,18],[89,-13],[63,17],[39,18],[46,99],[26,35],[52,33],[93,-26],[110,12],[40,-30],[77,-14],[45,-19],[15,-18],[15,-103],[14,-38],[105,-24],[75,-6],[55,-34],[54,-57],[39,-1],[27,100],[23,24],[52,114],[8,87],[-10,65],[18,97],[56,49],[65,69],[39,33],[60,70],[54,48],[37,13],[78,7],[125,-11],[58,17],[75,52],[53,-4],[36,-18],[19,-26],[62,31],[80,14],[55,31],[66,-6],[56,53],[39,24],[36,-17]],[[36074,47769],[17,-89],[66,-12],[83,-46],[52,-41],[196,-112],[69,18],[55,49],[33,9],[62,-11],[66,15],[64,37],[289,56],[119,19],[157,35],[37,-2],[95,-38],[43,-39],[138,-89],[-30,-86],[-9,-65],[8,-68],[41,-67],[-16,-70],[-1,-39],[-20,-16],[43,-55],[49,-101],[48,-9],[10,13],[142,25],[208,29],[48,0],[80,-35],[49,-33],[15,-74],[35,-56],[39,-45],[16,-89]],[[38470,46687],[-19,-78],[-40,-109],[-74,-88],[-33,-22],[-115,-57],[-42,-48],[-17,-85],[2,-170],[-17,-47],[-174,13],[-41,-3],[-114,-48],[-29,-56],[-8,-107],[24,-50],[27,-81],[49,-38],[22,-48],[-27,-44],[10,-56],[50,-62],[8,-54],[33,-15],[34,2],[130,32],[68,-18],[142,-47],[89,-74],[39,-81],[66,-37],[45,-81],[63,-48],[13,-27],[68,-61],[63,8],[24,-58],[29,-39],[24,-6],[7,-30],[110,-68],[29,-9],[55,-63],[76,-37],[100,-109],[43,-25],[44,-3],[105,31],[75,-23],[19,-34],[48,-13],[73,-2],[47,-44],[6,-56],[22,-29],[4,-32],[40,-36],[23,-9],[60,-97],[31,-30],[35,-79],[26,-15],[52,-87],[69,-13],[90,-98],[114,-70],[110,-153],[30,-48],[49,-101],[21,-57],[86,-112],[63,-60],[73,-39],[27,-6],[94,-56],[68,-50],[136,-109],[97,-49],[73,-12],[55,1],[36,-10],[40,-25],[100,-108],[107,-77],[-2,-56],[45,-40],[-26,-60],[43,-34],[-20,-71],[16,-17],[94,-65],[37,-11],[154,-88],[81,168],[24,25],[76,23],[7,-41],[44,-36],[59,44],[11,-8],[11,-57],[48,-79],[48,-51],[8,-53],[16,-39],[-94,-118],[-48,-73],[-82,-73],[110,-112],[-26,-35],[-67,-37],[13,-20],[-41,-24],[13,-25],[46,-24],[35,-60],[18,-81],[-14,-31],[91,-136],[40,-77],[32,-50],[76,60],[48,-69],[-38,-39],[73,-97],[19,-14],[40,60],[21,51],[-50,46],[32,56],[41,-54],[32,87],[21,-15],[33,31],[19,-9],[91,92],[-6,14],[-57,62],[14,22],[-40,49],[58,54],[-15,17],[43,33],[-22,33],[20,0],[58,-49],[32,33],[17,-47],[34,-20],[50,45],[41,-63],[17,-4],[19,-34],[2,-50],[21,-52],[43,-51],[58,-16],[13,-45],[67,-32],[31,-50],[16,-84],[83,-24],[33,-16],[21,-27],[73,-6],[24,17],[17,-16],[29,11],[-24,62],[-39,43],[25,57],[55,30],[38,31],[-8,33],[38,60],[23,12],[27,-31],[-3,-24],[57,-88],[34,-33],[26,13],[39,-76],[25,-23],[33,19],[-7,65],[-33,-6],[-7,24],[26,11],[-19,31],[27,25],[-40,58],[19,19],[37,-29],[15,17],[33,-14],[69,111],[2,13],[-42,21],[-74,56],[22,37],[76,-50],[67,-27],[25,4],[120,-65],[42,70],[33,12],[18,53],[-28,19],[26,25],[-25,31],[30,47],[29,0],[-39,43],[44,12],[42,52],[-3,32],[-49,11],[9,96],[-48,53],[34,35],[-19,23],[-1,29],[31,26],[23,38],[2,37],[-30,30],[-107,55],[-44,11],[-7,-25],[-23,-9],[-29,21],[-24,-30],[-16,1],[-15,31],[-27,12],[-61,-35],[-2,55],[22,78],[55,-27],[24,-22],[57,30],[71,-7],[29,-15],[22,-38],[113,9],[64,-78],[45,-10],[49,-65],[46,-5],[71,-39],[21,-52],[48,-38],[55,65],[22,14],[72,-74],[74,-43],[63,-2],[40,-24],[77,-27],[18,-42],[31,-32],[-3,-43],[26,-81],[72,-5],[43,-24],[37,-8],[31,29],[74,-29]],[[53592,28483],[40,266],[167,-71],[189,-106],[362,12],[9,-7],[164,7],[472,27],[18,-1]],[[55013,28610],[-17,-5],[-26,-54],[-87,-196],[-45,-112],[-25,-100],[-22,-36],[-80,-83],[-83,-105],[-204,-311],[-252,-339],[-51,-64],[-88,-53],[-176,-95],[-70,-42],[-113,-169],[-62,-80],[-64,-65],[-90,-77],[-50,-49],[-36,-47],[-7,-34]],[[53365,26494],[-39,-1],[-9,-50],[-12,-12],[-74,16],[-75,46],[-71,-96],[-75,55],[-133,61],[-67,59],[20,38],[8,126],[10,45],[-44,31],[-65,93],[31,32],[35,22],[75,16],[103,29],[39,17],[63,70],[40,93],[91,155],[-30,28],[-13,40],[-4,104],[-175,2],[-23,11],[-5,82],[-1,118],[12,26],[-42,27],[-84,12],[-304,173],[-16,46],[59,118],[36,60],[52,15],[50,-22],[11,56],[50,7],[97,-52],[34,-13],[171,-26],[17,29],[60,44],[111,28],[86,49],[31,37],[19,-8],[33,101],[74,-2],[103,5],[15,16],[-48,33]],[[75801,44190],[-40,-47],[-33,-15],[-40,-4],[10,-103],[-5,-76],[-21,-101],[-25,-58],[9,-83],[-35,-97],[-55,-76],[2,-105],[-66,-89],[-140,-32],[-93,-70],[-87,-2],[-50,-9],[-37,-23],[-53,-48],[-36,-18],[-80,-17],[-35,-30],[10,-54],[19,-30],[-6,-89],[7,-72],[19,-72],[-45,-64],[-10,-77],[-15,-49],[-113,-39],[-21,-21],[-28,-84],[6,-79],[9,-47],[-22,-81],[-1,-77],[-8,-16],[-83,-24],[-107,-139],[-37,-35],[-30,-5],[-99,5],[-50,-19],[-34,-51],[-1,-97],[-33,-53],[-25,-56],[-19,-14],[-125,-57],[-47,-3],[-35,-26],[-108,-120],[-9,-101],[-34,-95],[-12,-10],[-95,-36],[-19,-42],[-3,-87],[-45,-59],[-67,-151],[-16,-141],[4,-116],[-18,-72],[-13,-92],[-55,-60],[-11,-43],[19,-38],[48,-53],[1,-14],[-43,-92],[-15,-50],[10,-51],[-6,-152],[-10,-55],[-44,-68],[-68,-47],[-109,-40],[-55,-11],[-44,-19],[-94,-59],[-42,-79],[-40,-56],[-25,-72],[-18,-156],[-17,-71],[6,-43],[-22,-41],[-33,-21],[-22,-50],[-13,-55],[-18,-30],[-43,-45],[-72,-28],[-15,-97],[3,-36],[-11,-42],[-29,-38],[-24,11],[-36,-44],[-14,9],[-12,-30],[-33,-33],[-9,-29],[-53,-58],[-16,-72],[-62,3],[9,-70],[-13,-79],[76,-78],[-3,-34],[132,-135],[120,-104],[76,-58],[27,-130],[66,-165],[25,-79],[-11,-93],[3,-57],[23,-90],[6,-53],[-25,-71],[-22,-31],[-39,-1],[-44,-34],[1,-50],[31,-84],[38,-81],[48,-82],[45,-61],[87,-74],[44,-44]],[[73086,36547],[-96,-221],[-14,-25],[-78,5],[-44,11],[51,-63],[-70,0],[-86,16],[-41,49],[5,-43],[-16,-21],[4,-31],[-30,-21],[20,-42],[-56,-41],[-27,51],[1,-35],[-19,-12],[-36,105],[-33,40],[-66,42],[-56,25],[-38,1],[-24,-27],[-17,1],[-27,63],[-21,15],[-37,-3],[-71,-55],[-152,-166],[-83,-103],[0,-52],[-12,-77],[15,-31],[-8,-28],[-40,2],[-65,36],[-47,8],[-50,-6],[-52,-28],[-59,-65],[-55,95],[-21,55],[-77,10],[-30,-9],[-37,9],[-50,-3],[-68,31],[-52,-9],[-25,-27],[-48,41],[-100,36],[-86,-36],[-53,8],[-20,44],[12,68],[-12,89],[-14,29],[-71,30],[-27,94],[-22,17],[-123,-7],[-38,23],[-38,80],[-31,95],[-13,66],[-7,82],[30,41],[-34,32],[-52,12],[-155,-20],[-41,11],[-57,30],[-44,-40],[-47,9],[-61,120],[-28,28],[-34,14],[-34,34],[-3,72],[-13,79],[8,67],[-51,32],[-10,19],[5,54],[-11,35],[-76,16],[-63,4],[-133,-6],[-78,4],[-45,18],[-60,55],[-83,15],[-45,38],[-64,32],[-58,37],[-81,20],[-35,-21],[-223,77]],[[68829,37650],[0,14],[68,165],[45,144],[11,49],[-9,39],[22,39],[41,-20],[6,48],[-12,93],[-10,16],[-52,17],[30,45],[-1,68],[-36,55],[-12,54],[-18,15],[0,33],[19,35],[-3,22],[20,52],[-18,14],[57,186],[19,20],[-3,45],[-21,37],[9,35],[33,50],[-26,64],[0,43],[14,79],[-27,45],[-31,113],[21,130],[-28,21],[-118,59],[-103,39],[-51,27],[-100,85],[-84,35],[-70,45],[-139,103],[-23,60],[-156,116],[-190,130],[-223,156],[-244,181],[-177,124],[-76,31],[-106,15],[-201,-2],[-128,12],[-110,173],[-6,20],[12,55],[-12,60],[-34,49],[-24,15],[-11,36],[57,7],[33,16],[1,21],[22,1],[-1,60],[77,-1],[36,-16],[37,-32],[11,-35],[4,-53],[15,-79],[22,-3],[20,54],[15,-11],[0,-50],[16,46],[-2,60],[-41,85],[-24,38],[-40,2],[-8,75],[14,40],[18,2],[47,-78],[62,-26],[31,-40],[46,-143],[20,-5],[23,20],[-8,63],[-15,49],[-27,30],[-21,64],[32,5],[-91,84],[19,39],[1,64],[14,12],[26,-67],[15,-11],[6,-35],[20,-32],[67,-150],[10,8],[-8,63],[-32,66],[11,186],[9,13],[79,-33],[185,-39],[65,-7],[-33,64],[-19,61],[-84,166],[-52,148],[-83,68],[-65,48],[-136,115],[-108,69],[-100,48],[10,37],[29,41],[-21,23],[-51,34],[-7,18],[-104,71],[-16,36],[3,26],[66,87],[18,4],[48,-29],[55,-12],[30,9],[50,37],[52,61],[63,56],[74,44],[32,11],[111,-2],[13,22],[-47,79],[14,75],[-11,66],[-34,54],[-40,40],[-13,48],[12,115],[26,56],[33,41],[10,46],[39,76],[4,40],[-16,43],[23,46],[44,29],[34,52],[41,125],[2,48],[78,185],[-44,26],[-9,15],[25,62],[73,-18],[44,-18],[40,17],[78,104],[23,10],[51,-8],[81,7],[9,34],[20,20],[51,6],[11,11],[15,113],[9,24],[44,48],[4,36],[-40,89],[-48,82],[-2,27],[39,124],[8,126],[9,19],[55,15],[37,43],[106,147],[64,59],[8,31],[-13,71],[-2,85],[12,40],[17,10],[125,15],[27,18],[36,57],[100,9],[25,-4],[46,-29],[35,-2],[70,63],[71,19],[54,-12],[32,5],[50,36],[51,6],[40,24],[45,61],[32,14],[99,-4],[34,12],[34,48],[29,60],[36,32],[35,76],[-3,55],[9,50],[75,57],[90,27],[13,37],[-102,158],[-26,31],[3,86],[-19,54],[4,51],[80,51],[62,28],[50,35],[112,38],[73,76],[12,52],[37,69],[20,100],[-1,79],[18,24],[56,14],[31,58],[63,20],[59,50],[106,-1],[42,11],[24,22],[9,57],[-4,40],[11,30],[44,36],[21,87],[32,39],[39,105],[23,22],[4,23],[-26,49],[4,50],[-22,42],[11,101],[26,86],[-20,55],[-48,52],[-12,35],[4,44],[42,96],[68,140],[59,54],[60,-9],[74,18],[20,12],[27,42],[18,54],[85,50],[17,16],[23,51],[30,13],[76,13],[71,23],[64,-3],[28,10],[59,59],[44,13],[15,18],[9,57],[15,10],[79,16],[88,33],[92,-14],[97,2],[34,12],[47,53],[54,18],[111,140],[40,9],[28,-9],[101,20],[88,3],[52,-3],[88,26],[50,33],[12,29],[-25,75],[13,57],[-14,164],[-17,51],[-16,16],[-36,61],[-1,55],[14,73],[-29,45],[-5,41],[21,73],[81,129],[22,53],[2,43],[38,70],[6,61],[-17,53],[31,10],[66,42],[29,31],[49,76],[75,56],[88,3],[39,-6],[90,-54],[27,14],[45,52],[100,59],[25,55],[67,8],[46,-27],[23,-1],[75,31],[22,-10],[46,-57],[53,30],[44,8],[52,-12],[57,-2],[39,-43],[64,58],[15,32],[4,59],[25,135],[29,42],[8,39],[-8,74],[-17,30],[29,32],[61,100],[34,9],[47,-19],[68,7],[42,-12],[91,10],[50,-31],[137,-94],[34,11],[28,58],[-5,69],[4,48],[16,34],[1,59],[36,77],[7,73],[18,52],[19,20],[110,-50],[78,12],[86,29],[24,2],[67,32],[50,42],[36,19],[50,-50],[60,-6],[51,10],[114,42],[47,-6],[118,-51],[135,-22],[59,-55],[26,-15],[23,-40],[44,12],[50,84],[41,23],[22,39],[62,-17],[37,3],[94,46],[76,47],[44,19],[32,78],[30,20],[37,56],[90,97],[82,72],[14,51],[63,77],[59,52],[42,120],[25,48],[28,19],[12,69],[31,114],[3,93],[-6,70],[4,73],[22,86],[24,36],[68,51],[33,42],[69,37],[79,110],[11,41],[71,16],[24,36],[25,9],[67,-8],[19,21],[24,68],[36,54],[61,33],[23,73],[80,64],[14,19],[18,79],[57,28],[22,33],[3,43],[37,47],[26,58],[5,45],[20,81],[-14,28],[3,27],[95,113],[102,98],[41,-3],[50,26],[24,37],[109,51],[65,21],[28,21],[42,80],[72,6],[87,-4],[45,14],[109,4],[46,17],[32,37],[47,9],[66,-32],[63,-12],[49,-22],[50,-43],[52,-62],[34,-20],[48,-43],[55,-95],[76,-54],[61,-63],[37,-47],[39,15],[68,-44],[49,-3],[20,-19],[5,-79],[10,-44]],[[79150,54172],[-89,9],[-70,65],[-24,14],[-73,19],[-80,72],[-26,4],[-47,-14],[-44,14],[-64,72],[-23,14],[-92,8],[-17,-4],[-118,-60],[-50,-30],[-69,-62],[-19,-27],[-18,-70],[-49,-128],[-5,-40],[23,-80],[-5,-42],[4,-58],[-15,-34],[-6,-58],[9,-45],[-51,-50],[5,-97],[-25,-72],[-27,-42],[-5,-91],[30,-38],[40,-13],[6,-23],[-67,-17],[-38,-28],[-18,-60],[-3,-92],[8,-34],[47,-31],[6,-15],[-19,-58],[81,-85],[-55,-151],[-40,-59],[-32,-24],[-63,-12],[-59,8],[22,-80],[19,-11],[80,-14],[51,6],[50,-11],[63,-58],[78,-19],[132,11],[36,-14],[87,9],[8,-14],[-100,-94],[-11,-33],[4,-46],[28,-55],[-7,-47],[-72,-104],[-34,-74],[-28,-140],[-51,1],[-66,-16],[-41,-27],[-57,-49],[-15,-51],[-32,-19],[-32,-34],[-102,-125],[16,-149],[-14,-89],[-19,-22],[-113,-27],[-9,-51],[2,-84],[-5,-40],[-19,-19],[-58,7],[-17,-15],[8,-68],[17,-41],[-42,-54],[14,-57],[-24,-42],[-43,-48],[-23,-51],[-36,-28],[-79,-20],[-20,-16],[-29,-86],[-7,-49],[-23,-48],[-111,-12],[-63,-31],[-69,11],[-55,-27],[-38,-27],[-69,-38],[-42,-33],[-3,-25],[51,-68],[60,-27],[57,-68],[6,-54],[-8,-30],[-49,-74],[-19,-94],[-43,-44],[-136,-108],[-51,-30],[-67,-24],[20,-57],[-21,-53],[6,-29],[36,-37],[7,-25],[-14,-49],[-43,-75],[-51,-104],[-6,-47],[14,-41],[-1,-96],[-28,-91],[-2,-29],[76,-3],[73,-50],[80,-26],[119,-15],[8,-34],[-12,-36],[-62,-75],[-30,-49],[-12,-35],[5,-44],[21,-28],[31,-18],[36,-3],[82,12],[44,-2],[102,-24],[24,4],[107,34],[33,2],[37,-15],[-9,-53],[-43,-106],[-12,-68],[-24,-70],[-47,-79],[12,-75],[-33,-74],[-5,-42],[39,-55],[71,-30],[18,-22],[98,-56],[21,-23],[33,-60],[14,-114],[-8,-61],[5,-42],[-26,-98],[4,-38],[55,-12],[17,-29],[-13,-40],[25,-8],[16,-30],[1,-53],[27,-41],[6,-29],[-12,-59],[-28,-65],[53,-51],[8,-24],[-6,-57],[16,-89],[-20,-32],[-35,-34],[27,-25],[24,-1],[56,28],[51,78],[74,41],[78,136],[32,27],[86,30],[101,17],[-25,-56],[-11,-89],[-15,-53],[-6,-99],[12,-49],[-10,-29],[-3,-109],[-23,-42],[0,-68],[-18,-45],[6,-78],[-23,-141],[-58,-43],[-24,-56],[-2,-74],[-11,-7],[-106,-22],[-61,-4],[-62,-46],[-47,-59],[-66,-29],[-28,-49],[-49,-41],[-8,-24],[26,-42],[77,-10],[25,-53],[-2,-38],[-27,-75],[35,-80],[5,-37],[-16,-18],[-31,1],[-46,47],[-116,59],[-57,41],[-59,-6],[-40,21],[-47,5],[-76,-20],[-36,-26],[-64,-72],[-70,-66],[-86,-46],[-46,2],[-34,12],[-61,58],[-34,47],[-79,69],[1,57],[11,45],[-5,43],[-32,38],[-79,32],[-95,53],[-52,18],[-17,-13],[-81,-109],[-50,-38],[-52,-55],[-28,-61],[-46,-53],[-52,-6],[-59,7],[-44,-2],[-32,-16],[-28,-36],[37,-33],[12,-38],[49,-41],[29,-53],[38,-47],[31,-27],[50,-6],[16,-14],[20,-51],[-22,-55],[-2,-48],[33,-88],[19,-89],[-4,-99],[-26,-63],[-49,-77],[-64,-14],[-39,-27],[-25,-33],[-28,-71],[-123,-159],[-82,-35]],[[59802,55105],[-7,47],[3,58],[24,104],[-39,60],[-39,41],[-56,40],[-168,210],[-22,58],[6,66],[28,63],[76,145],[167,97],[56,45],[82,77],[44,21],[53,8],[58,-12],[65,-1],[69,16],[83,-13],[63,9],[83,30],[186,45],[87,54],[127,51],[36,6],[95,-2],[85,29],[127,59],[96,29],[108,42],[76,16],[127,51],[179,15],[88,-16],[74,-31],[90,-2],[70,-32],[78,37],[109,76],[86,34],[68,58],[32,13],[75,11],[53,40],[94,46],[103,76],[30,34],[7,39],[108,100],[67,-27],[11,3],[43,64],[64,42],[12,75],[14,39],[59,76],[44,70],[25,51],[20,108],[35,54],[60,38],[54,109],[36,25],[45,7],[97,-12],[68,52],[46,17],[37,-9],[46,-29],[123,-23],[54,0],[97,15],[149,2],[88,37],[48,-2],[74,-37],[60,69],[21,65],[25,44],[10,58],[69,75],[115,4],[74,28],[39,-37],[10,-53],[40,-30],[34,-2],[93,-40],[86,115],[29,14],[66,-10],[41,-44],[39,-14],[53,-55],[26,-13],[34,-52],[42,-10],[19,11],[60,75],[40,30],[49,-20],[61,17],[37,37],[72,28],[107,6],[39,-18],[41,-36],[0,-109],[12,-5],[88,27],[45,20],[49,-6],[18,-157],[59,-62],[61,-26],[25,-35],[21,3],[50,44],[87,52],[30,10],[13,43],[29,35],[61,3],[50,31],[39,7],[57,-27],[81,-15],[101,37],[45,76],[89,109],[82,51],[11,43],[98,86],[16,40],[37,15],[101,-6],[23,7],[18,32],[55,60],[67,23],[53,-11]],[[67643,58534],[67,-56],[23,-30],[54,-5],[25,-17],[22,-53],[25,-36],[-8,-34],[-54,-21],[-55,-59],[-2,-56],[-32,-57],[5,-37],[38,-53],[18,-72],[2,-70],[17,-27],[49,-41],[7,-26],[2,-85],[-40,-39],[-12,-39],[7,-38],[-31,-81],[11,-30],[50,-53],[30,-97],[50,-37],[-5,-34],[46,-73],[49,-32],[36,-52],[83,-88],[58,38],[68,26],[15,-7],[32,-52],[33,-90],[43,-88],[16,-15],[4,-49],[-9,-38],[10,-97],[2,-92],[11,-36],[23,-20],[34,-66],[5,-32],[-37,-112],[15,-70],[31,-77],[22,-8],[54,-45],[67,-19],[76,-34],[45,-70],[54,-56],[16,-32],[10,-88],[47,-62],[76,-19],[22,-17],[29,-75],[50,-69],[136,-9],[55,-40],[10,-18],[-5,-61],[8,-61],[-15,-58],[4,-68],[-53,-36],[-72,-68],[-16,-41],[-12,-74],[-16,-45],[-41,-47],[-15,-34],[9,-40],[-4,-36],[-31,-37],[-5,-82],[6,-30],[-23,-96],[25,-30],[9,-34],[-5,-134],[-50,-113],[0,-113],[14,-84],[-12,-44],[-43,-51],[21,-100],[-8,-132],[14,-83],[-16,-12],[-86,-110],[-11,-32],[-20,-5],[-72,26],[-55,30],[-37,-26],[-100,-34],[-40,4],[-41,-9],[-37,-19],[-14,-90],[-24,-62],[-28,-45],[-71,-70],[-43,-21],[0,-56],[-17,-22],[-38,-16],[-87,-22],[-44,-95],[-31,-50],[-30,-24],[-66,-37],[-54,-10],[-183,-90],[-24,-20],[-82,-40],[-24,-37],[-37,-35],[-51,-80],[-4,-23],[-58,-56],[-38,-76],[-20,-25],[-66,-56],[-10,-27],[4,-88],[-11,-27],[-44,-33],[-13,-21],[-22,-77],[-33,-36],[-12,-32],[4,-44],[37,-109],[-16,-135],[-43,-65],[8,-71],[16,-50],[-5,-29],[-48,-61],[-8,-26],[5,-60],[-20,-81],[-163,4],[-21,8],[-58,48],[-96,15],[-17,-10],[-91,-94],[-61,4],[-29,-6],[-37,-27],[-26,-51],[-2,-67],[-17,-51],[-56,-27],[-31,-31],[-20,-64],[4,-74],[-44,-18],[9,-108],[22,-64],[33,-27],[72,-14],[28,-37],[7,-48],[36,-32],[49,11],[48,-4],[68,8],[85,20],[72,1],[144,-44],[61,-25],[25,-31],[52,-91],[34,-34],[52,-8],[96,12],[16,-6],[13,-63],[45,-38],[40,-3],[73,19],[18,-69],[66,-28],[-8,-80],[-44,-81],[-46,-53],[69,-56],[153,-92],[37,-18],[93,-16],[156,-2],[115,-35],[48,-22],[-30,-30],[-63,-118],[-13,-104],[-90,-27],[-37,-35],[-21,-81],[-34,-57],[-53,-37],[-19,-29],[1,-46],[-19,-61],[-28,-63],[6,-35],[-8,-76],[-27,-43],[-8,-82],[-29,-110],[-11,-28],[-52,-76],[-27,-18],[-74,5],[-53,-25],[-64,-47],[-67,-12],[17,114],[-37,24],[-61,77],[-64,15],[-34,-2],[-78,-18],[-38,41],[-31,14],[-82,2],[-33,8],[-66,36],[-56,41],[-118,-20],[-61,17],[-50,-7],[-82,-86],[-29,-44],[0,-35],[-12,-37],[-34,-22],[-19,-36],[-12,-78],[-21,-40],[-34,-29],[-15,-29],[-41,-25],[-45,-40],[-74,-50],[-65,15],[-22,-8],[-40,-42],[-2,-45],[-18,-34],[-41,-28],[-43,-4],[-33,11],[-43,30],[-55,-21],[-64,-16],[-26,-38],[-8,-57],[-13,-19],[-69,-39],[-75,-103],[-46,-22],[-7,-26],[8,-43],[-7,-113],[5,-35],[-24,-40],[-77,-15],[-56,-17],[-24,5],[-53,38],[-43,1],[-13,-10],[-8,-56],[-39,-33],[-60,-22],[-88,-11],[-30,32],[-194,12],[-31,-2],[-150,46],[-30,18],[-35,48],[-48,13],[-40,-3],[-53,-31],[-36,25],[-51,14],[-34,-2],[-45,-24],[-28,-1],[-43,25],[-70,58],[-16,33],[6,23],[49,12],[27,27],[-5,58],[-31,33],[-66,44],[-22,44],[-135,10],[-33,-19],[-55,3],[-39,-38],[-56,5],[-38,-8],[-51,16],[-42,-1],[-223,-102],[-20,-7],[-175,-17],[-7,5],[-38,146],[-9,15],[-141,97],[-239,127],[4,-40],[45,-58],[8,-60],[-16,-71],[5,-28],[69,-103],[56,-76],[65,-142],[11,-44],[4,-69],[64,-234],[21,-86],[5,-70],[160,48],[5,28],[29,2],[48,-150],[4,-31],[-28,-16],[-4,-29],[-44,-78],[-54,-58],[-133,-94],[-12,-35],[33,-45],[11,-39],[-14,-105],[10,-27],[92,-92],[42,-81],[18,-14],[45,4],[87,66],[63,-36],[68,-80],[-18,-76],[-4,-45],[91,-16],[29,-11],[50,-44],[57,-24],[34,-43],[36,-60],[43,-30],[35,-62],[38,-29],[39,15],[84,-25],[130,-72],[42,-6],[82,25],[67,6],[37,-8],[35,-59],[5,-55],[-32,-55],[-6,-34],[7,-55],[69,-75],[90,-59],[62,-100],[51,-69],[32,-59],[38,-47],[53,-42],[88,-59],[121,-19],[60,13],[55,-8],[34,-42],[23,-45],[24,-17],[-21,-27],[15,-120],[16,-58],[-30,-151],[22,-48],[71,-28],[-38,-171],[48,-57],[-19,-175],[-32,-68],[-16,-72],[2,-148],[-10,-35],[-36,-57],[-100,-65],[-74,-15],[-30,2],[-73,-15],[-8,-47],[55,-76],[23,-66],[50,-59],[89,-22],[15,-45],[36,-177],[19,-21],[47,0],[40,-18],[38,-72],[37,-39],[28,-9],[13,-49],[78,-27],[3,-47],[20,-21],[3,-60],[-95,-273],[14,-48],[62,7],[6,-31],[84,10],[22,-18],[11,-52],[52,12],[5,-26],[34,5],[5,-156],[-3,-122],[17,-164],[-8,-100],[2,-58],[11,-27],[-7,-59],[-4,-106],[43,-16],[57,-114],[33,-8],[14,25],[20,-17],[1,-92],[21,-117],[38,12],[-2,-52],[-102,15],[-66,-1],[-56,47],[-131,57],[-72,16],[-123,-39],[-96,-42],[-112,-36],[-37,-19],[-56,-49],[-48,-59],[-40,-59],[-12,-42],[-29,-65],[-101,-92],[-48,-34],[-86,-37],[-149,-39]],[[64481,40553],[-18,6],[-91,-3],[-46,20],[-1,20],[-31,10],[-54,-153],[-30,4],[-82,-12],[-120,-10],[-68,-21],[-66,-12],[-66,-44],[-89,-23],[-35,-131],[12,-7],[-15,-34],[-48,-182],[-11,2],[-35,-52],[-74,-126],[-110,-170],[-18,-66],[-28,-48],[-59,14],[-13,-26],[-62,46],[-38,-33],[-57,-63],[-17,-37],[-65,-272],[-41,-44],[-53,66],[-18,9],[8,92],[-4,38],[29,70],[2,37],[-11,57],[7,24],[-54,19],[-26,-2],[-45,-35],[-33,26],[-13,-11],[-58,45],[-22,6],[-9,25],[5,50],[37,63],[20,107],[8,109],[-7,39],[79,197],[12,117],[-112,-1],[-85,33],[-59,17],[-29,-7],[-37,-55],[-40,-8],[-72,5],[-21,-34],[-74,-19],[-42,-18]],[[64481,40553],[-16,-131],[-21,-48],[-11,-74],[-24,-27],[-27,9],[-70,-106],[-19,-56],[-56,-102],[-40,-103],[-27,-35],[-24,-65],[-23,-42],[-52,-249],[-23,-64],[-2,-45],[16,-80],[33,-10],[136,-4],[104,5],[122,-10],[57,-10],[118,-42],[173,-26],[74,4],[61,-11],[60,-21],[146,-29],[50,-23],[76,-44],[102,-37],[1,-15],[-47,-122],[-10,-77],[25,-63],[3,-62],[39,-88],[15,-140],[-53,-112],[10,-10],[-1,-68],[-12,-62],[-12,-1],[-19,-99],[-11,-176],[-25,-168],[-2,-106],[17,-54],[3,-58],[18,-70],[14,0],[11,-67],[23,-31],[14,-90],[37,-55],[227,-6],[17,-178],[27,-96],[49,-108],[27,-72],[23,-27]],[[65782,36796],[5,-146],[-30,-190],[-68,-356],[-12,-108],[-35,-5],[-46,15],[-252,51],[1,-27],[86,-125],[49,-100],[10,-102],[-4,-38],[13,-70],[-27,-107],[-22,-124],[12,-36],[-8,-31],[17,-28],[-21,-69],[-25,-1],[-14,-115],[-29,-132],[-27,-107],[-7,-72],[-25,-10],[-73,13],[-99,4],[-6,-13],[-4,-270],[-3,-61],[-36,-13],[4,-55],[-14,-88],[14,-91],[4,-72],[68,-102],[31,-56],[13,-100],[-8,-72],[-20,-23],[-52,-18],[-30,-41],[-16,-109],[-16,-142],[-10,-23],[-61,-68],[-20,-11],[-17,-164],[-40,-71],[71,-65],[41,-25],[35,-37],[4,-125],[8,-111],[22,-116],[80,-38],[64,-16],[126,-22],[43,0],[54,-35],[14,-154],[6,-132],[-97,8],[-15,-14],[-10,-72],[-28,-150],[77,-19],[18,-100],[8,-167],[-128,24],[-16,-103],[91,-16],[3,-193],[10,-127],[-16,-85],[-36,-65],[-60,0],[1,-98],[14,-27],[24,-133],[24,-183],[5,-130],[-10,-134],[-107,18],[-62,-15],[-92,37],[-66,12],[-90,-10],[-73,0],[-114,-22],[-65,16],[-62,5],[-22,-142],[-9,-96],[36,-2],[-89,-113],[-22,-68],[8,-122],[-5,-64],[-43,-164],[139,-158],[473,-497],[48,61],[36,-34],[12,11],[55,-54],[207,-219],[128,-139],[77,-65],[28,-17],[16,42],[40,-4],[35,-44],[44,-7],[7,-57],[22,-49],[-5,-119],[61,-39],[86,-47],[-13,-66],[-38,-84],[-5,-55],[62,-16],[-4,-55],[-37,-169],[-26,0],[-111,23],[-127,30],[-24,-112],[-17,-164],[2,-48],[25,-188],[5,-125],[15,-94],[-1,-72],[-29,-48],[-34,-6],[-85,3],[-20,-32],[38,-66],[-60,-62],[-20,-67],[12,-109],[59,-235],[23,-45],[62,-87],[-38,-19],[-19,-110],[9,-72],[45,-76],[58,-63],[52,-19],[54,-11],[79,-8],[79,9],[87,37],[102,59],[15,3],[125,-66],[30,36],[41,-24],[38,-61],[79,-168],[19,-10],[15,-57],[-50,6],[-13,-41],[26,-5],[-1,-33],[-31,-81],[-16,-28],[-91,-31],[-336,-100],[-251,-79]],[[65750,25331],[-76,27],[-299,87],[-51,13],[-12,-13],[30,-463],[11,-94],[-4,-59],[-22,-133],[-97,-14],[-164,2],[-139,20],[-32,22],[-122,123],[-34,26],[-221,91],[-152,38],[-24,1],[-296,-57],[-192,-40],[-250,-38],[-24,7],[-77,30],[-202,65],[-192,68],[-59,41],[-105,89],[-136,130],[-102,213],[-58,111],[-26,32],[-83,51],[-5,9],[-323,360],[-43,53],[-72,72],[-21,1],[-869,-189],[-34,-11],[-7,18],[28,361],[-31,0],[-42,114],[-18,16],[-19,-18],[-31,-3],[-138,111],[-123,41],[-104,24],[-37,-42],[-29,-17],[-81,-13],[-99,24],[-34,-1],[-263,-37],[-42,18],[-316,152],[-166,90],[-246,142],[-237,88],[-160,81],[-144,87],[-431,275],[-218,137],[-40,31]],[[58145,27681],[15,24],[13,331],[-199,300],[-181,277],[-195,297],[-198,143],[-24,55],[-82,242],[-24,59],[-247,687],[-105,282],[-23,52],[-29,45],[-58,63],[-249,180],[-62,48],[-33,18],[-428,90],[-70,32],[-120,40],[41,108],[11,63],[88,-50],[38,-7],[69,-30],[-139,143],[30,38],[-54,67],[-33,67],[-118,330],[-61,119],[-97,134],[83,1],[-12,610],[-1,202],[-96,-2],[-3,58],[-6,427],[-78,-2],[-6,278]],[[64985,24835],[84,-18],[7,83],[-31,6],[-7,-21],[-34,13],[13,36],[-49,26],[-38,-105],[55,-20]],[[73086,36547],[108,-115],[92,-78],[165,-176],[163,-165],[58,-51],[196,-119],[84,-37],[55,-33],[20,-26],[98,-53],[109,-70],[59,-46],[28,-5],[92,-86],[31,-38],[76,-156],[89,-220],[66,-124],[75,-97],[71,-65],[96,-71],[166,-114],[55,-33],[262,-166],[274,-164],[170,-108],[204,-141],[197,-127],[82,-40],[80,38],[47,-10],[206,-138],[17,-55],[90,-52],[109,-152],[115,-126],[33,-28],[17,-45],[38,-64],[-46,-42],[113,-193],[43,22],[62,-65],[46,-94],[24,-32],[-13,-20],[9,-101],[-8,-13],[11,-56],[-13,-56],[-33,-42],[-33,-11],[-96,-3],[-30,4],[-14,33],[-18,105],[-30,8],[-19,-54],[13,-68],[-14,-55],[-20,-46],[-45,-44],[-25,-7],[-41,19],[-52,43],[-13,55],[-27,40],[-17,51],[17,42],[8,55],[-68,114],[-7,23],[-46,-18],[-3,-65],[-15,-11],[-53,-11],[-37,-59],[-77,49],[-22,4],[-63,-71],[2,-83],[37,-44],[59,-55],[-26,-74],[62,-39],[64,-18],[54,-49],[-74,-80],[-85,-50],[-31,-34],[-16,-56],[9,-30],[-10,-78],[16,-17],[107,-45],[32,-39],[-135,-103],[53,-79],[54,-90],[-27,-15],[-3,-24],[40,-72],[33,-11],[33,10],[34,59],[34,-10],[-19,-49],[42,-12],[36,-33],[35,-67],[19,-93],[25,-40],[47,-96],[27,-27],[73,-29],[27,-90],[163,-2],[54,4],[65,-87],[32,-8],[133,-69],[0,-36],[-26,-18],[-63,-8],[-57,-37],[-13,-61],[-24,-54],[10,-33],[66,-34],[36,-35],[20,-5],[90,-69],[86,-48],[47,-37],[6,-22],[-24,-80],[-6,-150],[-10,-83],[-23,-131],[-24,-67],[90,-60],[92,-74],[44,-45],[61,-36],[45,-43],[20,-69],[20,-25],[29,-2],[11,25],[17,120],[-16,130],[46,82],[0,46],[39,45],[8,33],[83,-14],[72,-23],[83,-102],[82,-51],[59,-20],[38,-40],[51,-42],[14,-26],[6,-136],[-1,-107],[4,-124],[0,-145]],[[78590,29086],[-188,-3],[-7,-112],[-220,-5],[-66,7],[-83,24],[-46,-20],[-12,-36],[-48,5],[5,72],[-24,-88],[-21,-17],[-69,41],[-114,-161],[-6,-22],[22,-33],[-19,-31],[-13,-133],[-85,0],[-14,-39],[-3,-115],[-18,0],[-17,-209],[80,-4],[-6,-169],[123,-6],[31,-126],[34,-97],[8,-39],[21,-46],[32,-45],[21,-46],[2,-47],[-18,-40],[-18,-74],[2,-81],[35,-150],[50,-68],[-9,-73]],[[77932,27100],[-282,107],[-53,-34],[-50,-76],[-47,11],[-26,20],[-148,168],[-40,23],[-161,10],[-68,-3],[-121,28],[-77,29],[-186,21],[-44,-9],[-49,7],[-176,14],[-47,-7],[-112,103],[-197,172],[-205,189],[-83,70],[-57,-68],[-316,-361],[-106,-126],[-49,-64],[-20,-43],[133,-122],[102,-87],[158,-146],[-45,-60],[-57,-66],[-81,42],[-178,134],[-67,-78],[-44,17],[-290,52],[-334,37],[-2,63],[-61,1],[-10,-119],[8,-114],[27,-59],[-27,-96],[3,-184],[-10,-37],[-82,-2],[-82,23],[-18,-1],[-24,-89],[-45,-96],[-28,-139],[-27,-66],[-28,-135],[8,-80],[-51,-88],[-36,-90],[-30,-48],[19,-41],[8,-64],[-8,-84],[-12,-33],[4,-67],[-7,-79],[15,-109],[30,-84],[19,-2],[65,-61],[-22,-121],[102,-19],[-13,-26],[-49,-57],[5,-71],[-12,-87],[-23,-79],[62,-33],[2,-12],[-149,-279]],[[74030,24240],[-142,166],[-127,152],[-54,77],[-84,164],[-62,78],[-86,35],[-188,50],[-83,12],[-308,124],[-126,152],[-186,204],[-159,151],[-54,41],[-115,68],[-80,10],[-49,-17],[-78,-48],[-43,-12],[-72,-59],[-29,12],[-31,-49],[-47,-1],[-82,105],[-49,52],[-46,68],[-17,49],[-30,-21],[-81,-22],[-139,-12],[-27,-14],[-67,-135],[-7,-40],[39,-26],[-34,-78],[-13,-83],[-27,-86],[-50,-73],[-77,-72],[-55,-46],[-45,-15],[-81,-13],[-95,-26],[-76,-43],[13,-79],[45,-125],[-238,-72],[-126,-13],[-56,5],[-62,-3],[-34,-10],[-313,-171],[-45,-18],[-47,-37],[-8,-63],[7,-242],[-224,-47],[-204,-26],[-199,-11],[-105,-1],[-115,5],[-116,8],[-115,14],[-118,19],[-209,46],[-66,19],[-219,72],[-119,48],[-183,87],[-332,200],[121,126],[-11,9],[-263,30],[-181,31],[-68,24],[-251,50],[-151,43],[-67,28],[-309,137],[-272,107],[-378,122]],[[65782,36796],[146,3],[59,5],[231,8],[35,24],[19,397],[42,2],[198,-5],[156,-7],[119,1],[37,-27],[80,6],[66,-9],[167,5],[141,12],[126,14],[7,-8],[1,-109],[7,-8],[105,-9],[38,2],[0,34],[99,-3],[38,31],[17,88],[15,10],[195,48],[44,-22],[26,4],[50,33],[55,19],[115,67],[-5,71],[50,14],[116,20],[112,27],[30,21],[53,112],[98,90],[18,-1],[49,-60],[39,-31],[53,-15]],[[71788,75663],[-7,-71],[64,-224],[45,-84],[2,-55],[-20,-32],[-28,-72],[-43,-81],[-10,-41],[-3,-88],[-27,-64],[-70,-47],[-72,-93],[1,-23],[35,-46],[81,-88],[98,-56],[71,-56],[50,-61],[-17,-46],[-6,-72],[-27,-83],[-4,-75],[15,-52],[-2,-56],[27,-60],[-5,-52],[-21,-116],[-19,-52],[51,-71],[16,-94],[51,-111],[82,-33],[42,-35],[80,-5],[62,-15],[62,-41],[56,-27],[22,-20],[53,-70],[54,-14],[79,-5],[92,9],[44,12],[46,-23],[116,-44],[85,-44],[46,-8],[116,10],[58,-2],[38,-29],[-11,-35],[-27,-33],[-71,-36],[-57,-40],[-18,-55],[-33,-44],[-37,-112],[-25,-34],[-42,-41],[-17,-58],[21,-109],[-6,-72],[10,-147],[-13,-33],[-76,-61],[-13,-29],[29,-71],[12,-108],[-7,-51],[-24,-39],[-108,-77],[-14,-22],[-2,-66],[-22,-122],[-25,-30],[-1,-26],[18,-52],[-18,-67],[5,-37],[24,-57],[19,-20],[25,-86],[5,-58],[19,-50],[58,-24],[5,-97],[-62,-55],[-59,-40],[-32,-51],[-5,-67],[11,-71],[-10,-108],[2,-74],[-39,-53],[-109,-88],[-132,-52],[-81,-67],[-24,-27],[28,-176],[68,-93],[8,-42],[-25,11],[-137,-29],[-26,-9],[-22,-56],[-30,-106],[-14,-13],[-40,-3],[-92,-85],[-42,-60],[59,-88],[27,-74],[0,-41],[-18,-62],[-70,-74],[-103,-82],[-56,-58],[-63,-57],[-21,-87],[-13,-26],[-103,-133],[-115,-135],[-26,-45],[-77,-59],[-113,-64],[-24,-28],[-121,-54],[-42,-33],[-25,-71],[-37,-33],[-47,-60],[-42,-81],[-53,-63],[-100,-48],[-131,-48],[-65,-49],[-11,-48],[13,-204],[75,-69],[41,-196],[35,-100],[12,-92],[-10,-25],[-139,-161],[-42,-88],[17,-69],[24,-38],[100,-97],[34,-119],[20,-46],[-4,-21],[-46,-15],[-66,-47],[-34,-37],[-88,-42],[-23,-43],[-19,-76],[-49,-106],[-10,-84],[5,-54],[65,-228],[-4,-37],[-35,-52],[-23,-62],[-80,-173],[0,-52],[39,-56],[12,-49],[-176,-114],[-89,-47],[-26,-21],[-42,-71],[-22,-67],[-18,-32],[9,-52],[-16,-35],[10,-32],[-4,-36],[-73,-87],[-24,-74],[-34,-30],[-39,-78],[-43,-48],[67,-133],[11,-111],[19,-68],[31,-38],[13,-79],[-20,-46],[-50,-16],[-45,-35],[-35,-60],[-1,-30],[58,-75],[13,-29],[-13,-79],[99,-78],[10,-36],[2,-62],[-9,-58],[2,-80],[50,-70],[58,-120],[21,-65],[7,-57],[-36,-144],[-33,-65],[-25,-32],[29,-71],[-16,-30],[-29,-21],[-24,-37],[-3,-96],[-18,-66],[26,-38],[-2,-33],[22,-49],[-43,-94],[-30,-51],[2,-22]],[[69917,62207],[-98,-4],[-94,12],[-16,-13],[-73,-101],[-7,-61],[-21,-36],[-118,-96],[-63,-74],[-15,-42],[-35,-32],[-70,-89],[-56,-105],[-61,-69],[-27,-16],[-103,-40],[-77,-46],[-63,-44],[-191,-97],[-28,-32],[2,-93],[-22,-65],[-22,-36],[-84,-55],[-39,-30],[-101,-109],[-67,-106],[-23,-78],[-31,-44],[-92,-71],[15,-59],[41,-122],[1,-31],[-53,-57],[-15,-67],[-49,-123],[-34,-46],[-58,-60],[-24,-41],[-33,-77],[-67,-81],[-23,-62],[-4,-52],[23,-69],[35,-59],[-16,-49],[-20,-137],[-53,-58],[-19,-29],[-84,-73],[-24,-44],[-21,-66],[-28,-36],[-42,-82],[-1,-76],[-8,-42],[51,-57],[3,-23],[-63,-91],[-7,-53],[16,-54],[-18,-25]],[[57993,55323],[-18,2],[-58,64],[-27,56],[-28,16],[-25,64],[-44,54],[-3,51],[-50,80],[-46,110],[-47,45],[-60,118],[-47,47],[-120,49]],[[57420,56079],[51,358],[8,104],[15,80],[-25,130],[4,52],[37,123],[-5,62],[-44,56],[-36,117],[-33,62],[-9,57],[-35,60],[-6,42],[-95,200],[-36,117],[-7,63],[7,66],[27,27],[-29,59],[10,16],[-55,87],[-30,16],[-42,0],[-38,30],[-54,27],[-40,42],[-43,119],[-81,43],[-21,51],[-43,68],[-32,33],[-62,45],[-82,146],[-62,39],[-29,27],[-30,93],[-93,157],[-23,87],[-21,40],[-55,68],[-19,37],[3,73],[37,26],[16,35],[-40,64],[26,75],[5,34],[-14,37],[-50,41],[-41,23],[-8,42],[-22,28],[-3,49],[-27,81],[8,41],[-5,44],[147,172],[-19,57],[-1,50],[-56,52],[-7,18],[-84,32],[-63,12],[-33,23],[-24,43],[-5,76],[38,102],[1,19],[-32,569],[-95,66],[-52,18],[-136,119],[-189,193],[-100,187],[-92,75],[-179,154],[-52,104],[-94,206],[-64,130],[21,21],[-30,93],[-79,211],[-184,508],[-24,108],[-31,90],[63,30],[182,74],[42,34],[-46,104],[-11,74],[42,75],[17,70],[-27,132],[-19,60],[-18,32],[-27,20],[-124,3],[-87,24],[-43,23],[-45,64],[-46,92],[-15,18],[-46,16],[-79,2],[-48,19],[-43,40],[-21,38],[-7,40],[-53,104],[-62,63],[-48,24],[-66,-9],[-36,-16],[-61,-46],[-51,-27],[-72,-4],[-159,-67],[-109,-27],[-76,-11],[-103,-4],[-43,3],[-94,-5],[-140,35],[-78,35],[-100,21],[-91,-5],[-81,-46],[-24,-5],[-30,15],[-67,56],[-50,-3],[-49,-14],[-76,4],[-55,-17],[-45,-29],[-64,-52],[-69,-7],[-46,-13],[-96,-40],[-214,-113],[-49,-46],[-67,-127],[-61,-59],[-47,-35],[-96,-57],[-104,-79],[-40,-46],[-57,-34],[-67,-13],[-99,-4],[-38,-6],[-106,-44],[-83,-30],[-112,-54],[-40,-27],[-88,-97],[-20,-35],[-30,-75],[-41,-74],[-70,-91],[-67,-48],[-64,-35],[-70,-54],[-55,-61],[-40,-69],[-24,-84],[-43,-247],[-42,-132],[-47,-113],[-44,-83],[-11,-40],[0,-86],[-32,-111],[-37,-164],[-19,-43],[-57,-82],[-75,-23],[-64,-48],[-89,-92],[-45,-64],[-26,-6],[-167,-148],[-159,-132],[-55,-31],[-127,-33],[-159,-53],[-79,-39],[-25,-25],[-29,-77],[-12,-98],[-50,-150],[-49,-100],[-69,-110],[-81,-80],[-20,-52],[8,-163],[0,-88],[8,-113],[14,-109],[41,-102],[57,-89],[120,-140],[81,-132],[47,-92],[133,-226],[41,-79],[23,-70],[19,-83],[9,-164],[-11,-118],[-13,-61],[-27,-193],[10,-79],[23,-65],[40,-56],[42,-39],[155,-132],[106,-100],[40,-50],[39,-67],[34,-41],[37,-29],[60,-24],[25,-19]],[[49631,57701],[18,-51],[-2,-46],[-31,-56],[-69,-60],[-52,-21],[-85,0],[-53,29],[-42,98],[-38,29],[-68,0],[-57,-21],[-52,-59],[-83,80],[-80,40],[-22,35],[-68,17],[-50,28],[-43,10],[-50,-10],[-47,18],[-13,25],[-56,40],[-32,-12],[-39,22],[-40,6],[-42,39],[-46,-18],[-30,2],[-72,24],[-69,-29],[-64,32],[-62,67],[-21,44],[-32,14],[-51,-19],[-24,-21],[18,-43],[-33,-25],[-62,-19],[-119,-72],[-57,21],[-42,2],[-22,-13],[-20,-87],[-40,-30],[-66,-7],[-34,-15],[-84,-3],[-76,-16],[-185,-19],[-70,-1],[-90,-25],[-166,-71],[-65,-23],[-48,-5],[-99,13],[-108,-53],[-28,-26],[-58,-98],[-35,-41],[-20,-57],[-31,-26],[-83,4],[-42,19],[-37,3],[-73,-29],[-66,11],[-57,-13],[-65,26],[-107,83],[-70,24],[-86,-10],[-40,3],[-26,20],[-57,76],[-76,67],[-13,26],[-4,98],[-11,42],[-10,84],[-48,63],[-60,43],[-45,18],[-66,14],[-31,80],[2,73],[-22,70],[-20,96],[-74,-1],[-79,-32],[-38,-7]],[[44920,58189],[-92,105],[-97,54],[-87,100],[-37,32],[3,65],[-6,36],[-41,86],[-34,44],[-86,58],[-3,14],[26,91],[4,35],[-15,49],[9,29],[114,115],[9,66],[-15,160],[-35,267],[21,20],[13,35],[5,59],[-32,103],[-18,104],[-26,121],[-15,121],[3,101],[20,112],[-30,57],[-17,58],[-6,88],[-12,66],[-36,75],[-10,46],[53,94],[-33,73],[-20,107],[10,40],[-14,82],[-31,67],[-47,39],[-29,50],[0,74],[-23,54],[51,78],[22,115],[21,42],[35,24],[79,-1],[40,39],[15,38],[-9,46],[33,101],[14,134],[14,24],[61,44],[13,22],[14,62],[-9,15],[-55,10],[-9,137],[16,97],[1,63],[-135,-11],[-47,-9],[-36,10],[-6,31],[-30,39],[-53,44],[-7,29],[8,37],[-32,38],[-6,42],[7,67],[-3,85],[79,78],[-16,107],[-46,59],[-33,96],[-17,21],[-65,-1]],[[44172,63293],[5,70],[18,44],[43,66],[41,82],[51,17],[50,74],[-11,68],[20,85],[54,14],[62,28],[17,19],[52,91],[30,82],[40,5],[49,-74],[33,-18],[41,-6],[70,-28],[128,-66],[96,10],[51,15],[69,39],[20,100],[22,48],[52,48],[28,38],[41,91],[35,29],[62,7],[33,-19],[95,-10],[1,26],[33,19],[38,-2],[63,26],[13,42],[100,86],[69,18],[26,17],[35,44],[26,-14],[30,11],[16,47],[-14,29],[17,10],[-7,65],[6,84],[11,49],[29,-16],[24,-34],[25,-72],[121,55],[33,-76],[-9,37],[21,-17],[72,-8],[60,59],[-8,23],[-137,136],[194,132],[20,96],[46,43],[24,72],[25,55],[-41,89],[30,23],[39,-40],[-12,79],[-21,49],[-7,39],[44,-2],[13,-58],[62,7],[11,-29],[53,33],[24,70],[28,42],[-17,52],[28,18],[19,88],[52,-15],[9,20],[42,-20],[-12,-47],[63,-19],[25,114],[39,11],[-53,47],[-37,9],[-72,37],[-6,11],[51,21],[77,50],[67,51],[-29,37],[18,17],[-45,54],[-49,7],[-58,23],[29,43],[-5,16],[27,25],[50,95],[14,76],[-27,14],[34,54],[-4,44],[9,20],[11,79],[39,16],[20,-19],[109,17],[29,9],[45,34],[11,49],[20,25],[62,7],[13,24],[-3,87],[44,3],[21,46],[51,28],[20,43],[25,26],[-19,33],[-42,43],[-30,54],[-4,66],[-29,72],[-70,92],[-48,6],[-59,19],[0,64],[10,28],[109,96],[22,42],[18,114],[25,37],[0,113],[-26,91],[-47,99],[-13,59],[25,123],[-7,69],[-28,75],[-1,35],[-29,79],[-120,258],[-85,145],[-50,108],[-11,88],[23,75],[83,140],[28,59],[35,92],[56,69],[18,53],[-1,55],[-21,85],[-29,13],[-44,-21],[-52,2],[-36,25],[-63,12],[-45,44],[-33,56],[10,78],[-6,38],[-46,92],[-29,21],[-3,21],[29,85],[0,43],[-32,97],[-46,74],[-42,21],[-116,39],[-39,-9],[-13,12],[9,94],[30,119],[34,50],[148,97],[74,93],[59,87],[-8,69],[-28,74],[-36,60],[25,67],[39,47],[59,34],[49,54],[79,71],[63,7],[40,-72],[64,-18],[56,-56],[27,-11],[46,0],[-32,31],[-38,77],[-118,102],[-17,39],[-67,13],[-113,36],[-28,37],[4,32],[29,101],[-8,65],[7,28],[129,63],[37,37],[42,64],[103,43],[32,33],[74,107],[67,54],[43,15],[77,14],[4,101],[12,50],[32,33],[41,61],[3,39],[-53,74],[-120,36],[-28,17],[-104,106],[-25,77],[-28,35],[-56,-21],[-32,-1],[-49,25],[-56,40],[-46,52],[21,111],[11,100],[-8,49],[-22,29],[2,30],[79,81],[25,38],[14,86],[18,71],[11,72],[79,103],[15,40],[81,136],[-4,74],[-28,70],[-46,61],[-7,66],[-95,64],[6,49],[-12,38],[-84,108],[-55,51],[-1,52],[-18,78],[-28,49],[-32,77],[6,32],[38,76],[11,43],[0,74],[-19,77],[7,80],[-12,118],[39,64],[23,-21],[78,-48],[46,-37],[26,-8],[30,9],[100,67],[35,1],[53,-19],[63,57],[58,41],[56,56],[31,44],[39,9],[94,-11],[100,52],[89,21],[23,51],[5,70],[-18,65],[-39,69],[-34,99],[-56,102],[1,72],[94,149],[27,57],[30,44],[6,31],[19,10],[63,-16],[48,3],[32,20],[64,60],[105,28],[35,4],[51,-16],[41,-4],[84,12],[55,65],[17,47],[72,142],[10,84],[-4,127],[-10,49],[107,81],[148,78],[39,51],[112,117],[29,11],[30,-14],[83,-87],[99,-80],[49,-25],[32,2],[48,20],[46,41],[23,86],[42,78],[18,100],[13,40],[56,-26],[30,-3],[32,-24],[64,-23],[38,-23],[46,2],[133,67],[34,-3],[21,-21],[55,-78],[42,-95],[40,-56],[68,-66],[48,-31],[69,-32],[47,14],[44,51],[75,125],[56,121],[24,30],[44,31],[79,23],[47,-13],[44,-35],[40,-64],[75,-95],[26,-22],[119,-44],[50,-9],[51,1],[31,13],[158,95],[84,61],[36,18],[155,51],[58,86],[20,4],[258,-41],[75,-27],[69,-2],[128,14],[59,13],[111,38],[99,48],[87,20],[56,5],[57,50],[90,29],[95,22],[75,22],[85,11],[98,62],[85,38],[70,13],[65,-10],[110,7],[99,11],[107,-10],[43,-19],[64,-55],[43,-27],[104,-81],[54,-37],[88,-31],[53,-3],[80,5]],[[54373,77651],[-4,-42],[12,-76],[-7,-41],[-20,-13],[-49,-65],[-48,-25],[-19,-56],[-6,-59],[-62,-104],[-30,-78],[-35,-50],[-17,-44],[42,-78],[-12,-65],[-4,-74],[10,-46],[33,-52],[9,-42],[-10,-26],[-116,-87],[-79,-75],[12,-96],[34,-111],[12,-54],[-6,-19],[-41,-35],[-66,-70],[-33,-43],[-55,-56],[-186,-119],[-49,-15],[-87,-63],[-53,-74],[-54,-34],[-105,-90],[-31,-39],[-30,-86],[-111,-96],[-18,-36],[-112,-148],[-85,-38],[-38,-35],[10,-178],[-9,-51],[-59,-51],[-134,-68],[-65,-56],[-14,-100],[-78,-107],[-53,-65],[-64,-54],[-30,-17],[-87,-74],[-37,-50],[-22,-157],[-4,-94],[-19,-62],[-49,-96],[-27,-64],[-26,-99],[-38,-63],[-56,-59],[-30,-76],[-64,-62],[-22,-94],[-30,-60],[-16,-129],[-8,-28],[-57,-115],[-4,-50],[-38,-80],[-21,-123],[-11,-123],[-8,-35],[-56,-82],[-22,-58],[-16,-183],[-17,-133],[0,-127],[22,-80],[51,-59],[11,-29],[-5,-67],[-26,-69],[-24,-1],[-28,-68],[-12,-56],[-63,-163],[-5,-92],[23,-98],[46,-88],[-4,-45],[18,-101],[18,-52],[64,-83],[17,-30],[9,-49],[-13,-131],[14,-92],[1,-48],[-47,-174],[0,-64],[-22,-97],[-22,-209],[13,-121],[-41,-107],[-10,-73],[-9,-122],[11,-162],[-5,-133],[7,-67],[19,-115],[-12,-17],[-193,31],[-51,-37],[-21,-65],[-3,-73],[-22,-50],[-10,-90],[15,-71],[9,-125],[32,-74],[6,-27],[30,-62],[10,-38],[18,-167],[21,-95],[-7,-46],[-25,-44],[-59,-61],[7,-34],[40,2],[44,-30],[24,-31],[15,-95],[-7,-74],[64,-13],[43,-18],[28,-29],[21,0],[30,-38],[23,-6],[24,-28],[13,35],[-14,42],[15,60],[58,-20],[-19,-54],[32,-24],[37,91],[73,-36],[-15,-43],[-23,-30],[-8,-39],[-60,-33],[-19,-25],[-32,-13],[-51,-38],[-25,-57],[-15,-54],[-42,-50],[6,-25],[41,-70],[7,-30],[-20,-90],[-17,-25],[-38,-17],[-6,-20],[17,-23],[72,-30],[40,-59],[-30,-36],[-5,-67],[-40,-58],[-71,-38],[-53,-72],[-7,-112],[-11,-56],[-18,-43],[-34,-49],[0,-40],[-30,-53],[-46,-40],[-8,-30],[24,-83],[2,-31],[-17,-25],[-35,-17],[-61,20],[-13,-13],[51,-30],[15,-27],[-2,-31],[-54,-150],[-38,-22],[-21,27],[-14,49],[-35,-5],[7,-62],[-4,-56],[-33,-97],[-66,-101],[-14,-36],[10,-73],[41,-156],[7,-50],[-35,-51],[-58,-7],[-65,-27],[-51,-10],[-64,2],[-16,-71],[91,-34],[75,28],[107,26],[87,32],[41,23],[28,34],[9,58],[105,102],[55,73],[64,59],[23,49],[65,60],[59,71],[30,15],[90,25],[34,24],[32,54],[61,15],[55,56],[84,57],[10,36],[22,23],[18,70],[92,51],[17,-14],[61,41],[56,60],[27,-25],[41,27],[63,-21],[21,-31],[46,-33],[2,-22],[-30,-20],[35,-96],[-16,-115],[24,-9],[2,-35],[-17,-89],[70,12],[59,3],[-5,126],[3,32],[94,0],[20,14],[76,-3],[95,29],[88,7],[137,-19],[36,35],[36,18],[-8,17],[83,39],[36,31],[45,97],[14,22],[53,41],[30,53],[-9,95],[-4,117],[7,126],[5,143],[17,62],[14,87],[19,87],[32,114],[19,146],[-13,109],[6,47],[30,85],[56,-18],[-15,-53],[48,-14],[16,53],[134,-41],[21,71],[395,-118],[22,64],[16,-30],[74,-18],[62,39],[45,-11],[52,36],[44,21],[92,-13],[44,2],[57,42],[42,13],[71,10],[38,44],[34,18],[18,24],[14,52],[23,23],[97,16],[22,-6],[27,-37],[25,-7],[51,-40],[66,-3],[47,-39],[46,-17],[107,-4],[56,13],[55,27],[34,39],[66,22],[31,-16],[38,-50],[56,-34],[72,-2],[48,-32],[64,-27],[72,-76],[53,-11],[22,8],[27,-59],[32,-96],[37,-38],[30,13],[39,61],[43,32],[82,17],[62,66],[90,33],[20,62],[-4,92],[60,77],[34,28],[21,36],[48,58],[4,88],[17,21],[57,5],[39,22],[37,46],[75,114],[62,69],[46,43],[125,2],[53,-26],[24,6],[41,43],[14,37],[42,46],[2,26],[-32,51],[167,92],[47,4],[92,-13],[30,-45],[74,21],[58,-25],[46,-40],[97,2],[112,91],[43,96],[39,12],[65,-36],[40,-52],[43,-24],[28,24],[10,57],[18,19],[50,16],[27,26],[9,33],[-13,63],[63,120],[41,121],[-32,47],[-15,54],[14,116],[-16,57],[10,68],[24,32],[120,127],[27,20],[82,22],[26,44],[45,33],[31,56],[69,30],[11,13],[9,56],[16,29],[61,-1],[18,15],[4,33],[45,60],[68,-26],[48,22],[61,3],[78,-26],[52,13],[34,29],[50,17],[44,42],[43,17],[58,64],[188,128],[59,10],[103,52],[53,38],[22,41],[9,46],[24,45]],[[60063,70299],[31,13],[53,2],[79,21],[44,32],[13,-3],[83,-77],[61,-10],[22,7],[4,-48],[16,-46],[14,-124],[64,-130],[34,-92],[53,-77],[37,-23],[65,-14],[49,-104],[9,-46],[39,-56],[81,4],[32,-5],[25,54],[0,94],[-6,34],[-60,140],[27,82],[-16,33],[0,32],[57,77],[10,85],[-18,66],[-48,82],[28,79],[31,26],[98,15],[36,36],[27,95],[18,25],[62,49],[42,87],[24,94],[14,103],[21,49],[24,15],[151,25],[99,58],[110,81],[29,9],[73,60],[32,62],[62,84],[16,36],[10,57],[-17,61],[8,29],[43,95],[26,44],[51,17],[38,68],[40,-23],[40,-11],[44,46],[5,62],[-39,74],[-4,61],[49,70],[76,84],[125,104],[93,93],[92,122],[33,114],[42,93],[45,62],[51,-8],[72,-25],[40,5],[46,31],[48,6],[34,-17],[20,-88],[29,-7],[50,18],[42,-3],[36,-27],[66,-21],[70,9],[28,23],[52,1],[80,37],[108,-27],[43,21],[35,3],[55,82],[51,2],[48,12],[35,45],[99,66],[101,57],[45,40],[53,-6],[67,42],[28,27],[22,3],[46,-23],[61,-43],[106,-35],[-8,-42],[10,-17],[59,-29],[18,-49],[23,-18],[18,15],[6,52],[24,36],[45,2],[29,-37],[38,31],[48,16],[27,19],[43,0],[15,-17],[78,-4],[42,10],[46,-10],[76,6],[53,16],[50,-65],[37,-64],[32,-11],[28,-31],[77,4],[114,-93],[52,-65],[29,-25],[31,-7],[40,8],[38,21],[63,-1],[26,15],[32,69],[-1,19],[-30,26],[-11,51],[10,24],[41,20],[40,4],[69,-23],[73,16],[45,-5],[36,19],[45,109],[26,44],[12,41],[39,72],[72,84],[36,17],[117,-10],[34,8],[65,40],[104,88],[74,105],[83,33],[35,23],[24,37],[24,70],[17,104],[28,82],[14,17],[100,54],[48,15],[69,33],[89,58],[24,67],[60,58],[71,53],[41,17],[111,16],[58,64],[173,131],[23,56],[86,163],[85,90],[21,-9],[39,-45],[117,-50],[65,-7],[61,43],[35,17],[45,39],[87,17],[24,21],[133,23],[40,44],[50,22],[75,11],[53,31],[42,56],[24,5],[60,-15],[60,6],[75,21],[62,27],[59,1],[77,-14],[90,-8],[14,35],[57,25],[34,25],[99,27],[27,36],[44,36],[53,18],[33,29],[91,48],[109,13],[57,-3],[68,20],[108,45],[47,29],[34,42],[4,107],[-21,70],[6,169],[35,63],[97,12],[49,-13],[94,34],[59,30],[83,9],[76,-12],[37,35],[86,9],[183,0],[45,18],[50,8],[94,58],[67,63],[32,1],[41,-28],[44,2],[53,-28],[55,-40],[37,-61],[73,-37],[39,-6],[122,-98]],[[82831,27909],[37,16],[36,51],[42,140],[15,79],[22,72],[36,67],[44,52],[36,7],[113,-23],[73,-38],[99,-76],[114,-99],[50,-20],[74,-16],[49,0],[47,-13],[63,9],[52,35],[29,55],[23,26],[14,84],[19,40],[35,37],[49,16],[73,-3],[189,-54],[65,4],[36,13],[78,81],[45,78],[42,87],[46,3],[41,20],[41,49],[86,47],[27,1],[62,-24],[68,-56],[66,-107],[36,-32],[76,-53],[69,-66],[35,-23],[18,-54],[74,-57],[69,-14],[55,-52],[20,-8],[58,8],[-15,76],[23,72],[75,103],[6,8],[50,-36],[80,-23],[73,-41],[64,-47],[18,-24],[-33,-151],[32,-21],[-6,-49],[-35,-64],[71,-35],[168,-62],[80,-25],[17,40],[21,1],[157,172],[71,84],[76,181],[44,-30],[50,-179],[35,-31],[44,14],[20,20],[20,56],[25,30],[60,16],[53,-21],[145,-136],[20,-31],[34,-106],[-134,-190],[-45,-72],[218,-252],[169,-198],[95,-125],[38,-37],[61,-36],[74,-21],[85,-4],[51,4],[80,18],[122,35],[273,59],[49,-9],[69,-77],[36,-19],[83,-11],[170,-13],[74,3],[101,18],[79,38],[258,137],[99,37],[47,5],[138,-15],[115,-38],[95,-12],[41,8]],[[89561,27192],[35,-83],[30,-5],[25,-30],[29,-59],[40,-49],[66,-14],[97,13],[103,-9],[69,-29],[56,-13],[281,-89],[15,-6],[-18,-194],[21,-37],[122,-8],[219,-25],[-2,-34],[58,-33],[51,-5],[352,-126],[134,-51],[-21,-74],[375,-133],[196,-115],[-22,-101],[382,-217],[-30,-62],[-23,-24],[-111,-78],[-80,-92],[-35,-57],[-39,-10],[-29,29],[-56,103],[-54,48],[-155,38],[-97,30],[-78,-16],[-101,-93],[-58,-67],[-58,-20],[-122,116],[-81,55],[-49,0],[-85,-45],[-24,1],[-68,-60],[-123,-121],[-32,-21],[-65,2],[-60,22],[-44,6],[-41,33],[-3,28],[20,140],[-4,41],[-35,108],[-26,152],[-2,51],[-59,57],[-147,-31],[-50,-221],[-27,-153],[-16,-23],[-129,48],[-24,24],[8,54],[-28,22],[14,49],[12,89],[-122,28],[23,-74],[11,-64],[45,-105],[-94,-245],[-91,39],[-70,-171],[-123,53],[-147,58],[-129,-334],[-7,-25],[-190,58],[-40,-103],[-95,-227],[-155,64],[-64,-163],[-41,19],[-82,25],[-65,30],[-72,-180],[-57,-177],[66,-44],[47,-192],[189,-161],[69,-97],[40,-64],[17,-45],[14,-82],[-2,-22],[-25,-2],[-17,-101],[-2,-64],[12,-74],[61,-120],[38,-46],[-6,-155],[7,-87],[0,-88],[-40,-39],[46,-53],[37,-60],[-28,-122],[8,-125],[-25,-102]],[[88901,22379],[-90,-24],[-30,10],[-41,41],[-59,45],[-4,39],[-96,122],[-34,55],[-71,36],[-82,2],[-148,-36],[-54,-19],[-69,-46],[-77,-63],[-68,-35],[-85,-25],[-93,-21],[-51,-20],[-137,-156],[-37,-47],[-52,-32],[-49,-14],[-89,6],[-61,40],[-61,64],[-49,32],[-84,12],[-113,-48],[-73,-22],[-50,-3],[-147,12],[-63,-13],[-36,-1],[-249,19],[-93,12],[-67,17],[-33,16],[-89,60],[-127,101],[-113,109],[-51,42],[-136,25],[-32,-3],[-59,-29],[-30,-25],[-47,-67],[-31,-13],[-44,-55],[-47,-87],[-10,-69],[-19,-25],[-65,-16],[-46,-41],[-365,71],[-84,13],[-44,-21],[-48,-50],[-120,-55],[-49,-15],[-31,3],[-131,37],[-183,35],[-183,-9],[-38,9],[-104,46],[-52,10],[-59,-22],[-47,9],[-34,-6],[-73,-98],[-37,-17],[-113,-9],[-58,13],[-51,-12],[-99,-113],[-98,-80],[-5,-49],[-31,-71],[-97,-146],[-117,-104],[-228,72],[-198,48],[-284,-6],[-98,2],[-212,42],[-16,-183],[-181,16],[-150,27],[-37,42],[4,107],[-89,3],[-58,-4],[-107,13],[-10,-54]],[[81245,21735],[-138,25],[-272,54],[-322,57],[-7,-22],[-102,45],[-96,30],[-81,20],[-122,19],[-51,13],[-46,-15],[-153,70],[-42,23],[-31,29],[-31,61],[50,83],[-28,18],[36,54],[-34,23],[20,32],[-18,16],[83,97],[-20,29],[165,167],[27,7],[12,31],[-31,41],[34,223]],[[80047,22965],[39,-1],[325,2],[393,-1],[-11,-272],[86,-53],[17,-28],[11,-58],[27,-31],[77,-41],[40,-29],[99,170],[27,-11],[6,67],[22,118],[34,128],[40,70],[50,47],[24,58],[52,-30],[10,10],[43,-47],[42,69],[103,-62],[72,128],[211,-124],[67,115],[44,-27],[38,67],[19,-15],[36,52],[16,-10],[33,24],[59,14],[66,-2],[77,19],[45,26],[65,28],[73,44],[-11,165],[-10,59],[-33,121],[-85,-30],[-96,295],[7,55],[-46,147],[-45,135],[-13,25],[211,76],[331,118],[40,23],[33,-81],[96,-288],[77,-52],[48,-9],[33,-39],[20,-4],[29,21],[-16,57],[-53,84],[-41,45],[-94,119],[-66,70],[-17,63],[-35,27],[-6,42],[37,4],[-27,76],[-123,-46],[-32,89],[-135,-45],[-318,-115],[-22,59],[-18,5],[-113,-41],[-8,19],[-179,-60],[-254,-95],[-37,1],[-10,32],[-52,-19],[-226,36],[5,71],[-25,11],[108,277],[109,289],[90,162],[21,24],[209,151],[236,165],[-12,73],[-31,73],[12,77],[27,45],[134,31],[93,12],[88,46],[53,13],[55,2],[39,30],[-16,18],[-38,6],[-61,-21],[-90,12],[-78,38],[-45,10],[-23,20],[-68,85],[-42,15],[-49,93],[5,19],[-34,45],[5,24],[27,-39],[9,16],[0,131],[30,36],[48,-64],[30,-4],[34,17],[-53,83],[7,38],[60,-29],[52,-13],[93,-67],[68,-23],[70,2],[50,-14],[15,26],[24,142],[4,59],[-68,34],[-2,12],[74,259],[52,17],[51,55],[12,27],[6,213],[-16,57],[18,107],[18,77],[31,32],[2,23],[49,11],[7,39],[73,58],[32,3],[9,19],[-27,130]],[[48372,44785],[-9,133],[6,60],[-55,150],[-59,-21],[-18,48],[-107,53],[-252,130],[-106,52],[-328,177],[-50,24],[-83,17],[-22,-19],[-14,-162],[-15,-8],[7,-166],[51,-145],[26,-52],[26,-86],[6,-57],[58,-92],[23,-76],[-11,-75],[-18,-54],[-49,1],[-37,15],[-27,-7],[-28,-53],[-46,-7],[-51,-48],[-22,-75],[-60,5],[-73,50],[-20,44],[-3,53],[-36,29],[-121,-47],[-41,8],[-7,24],[13,46],[-44,31],[-29,-38],[-15,-1],[-56,31],[-15,44],[-37,174],[28,10],[-8,34],[-22,2],[9,31],[-70,113],[-27,59],[-12,76],[-10,120],[-23,108],[-53,53],[-29,126],[-20,-13],[-5,29],[-113,-22],[-126,-20],[-58,19],[-96,-21],[-37,-41],[-52,13],[-83,51],[-10,38],[9,67],[-4,33],[51,96],[5,32],[-25,8],[-61,-4],[-71,11],[-153,-71],[-53,-17],[-54,-4],[-73,-51],[-90,-32],[-36,-30],[-59,-29],[-69,-21],[-86,13],[-25,18],[-55,-22],[-99,-20],[-55,6],[-122,77],[-76,43],[-63,4],[-30,10],[-87,7],[-91,22],[-78,49],[-209,91],[-145,51],[-87,37],[-164,31],[-52,21],[-45,61],[-38,12],[-19,-15],[-30,20],[-9,35],[-53,28],[-40,-18],[-10,46],[-53,34],[-33,-6],[-24,35],[-35,18],[-152,9],[-8,14],[23,26],[-28,35],[-63,25],[-56,46],[-67,15],[-17,13],[-9,52],[-23,44],[1,53],[-20,28],[-71,36],[-72,67],[-39,10],[-69,-19],[-109,9],[-54,25],[-35,85],[-51,15],[-30,-11],[-31,22],[-54,-10],[-13,-37],[-35,9],[-93,40],[-153,-99],[-54,17],[-115,5],[-20,-5],[-9,-27],[-17,0],[-36,-82],[-97,-124],[-41,-4],[-57,18],[-84,47],[-96,41],[-111,55],[-71,22],[-73,1],[-101,-10],[-42,13],[-116,5],[-54,-17],[-67,-49],[-37,-10],[-130,-4],[-71,4],[-48,-7],[-38,-19],[-41,2],[-77,-21],[-19,-33],[-51,-35],[-15,-22],[-120,-43],[-21,-19]],[[39954,46537],[-1,-73],[-34,-42],[-37,-24],[-54,-14],[-24,-21],[-53,-24],[-53,-8],[-114,-48],[-28,-7],[-39,-38],[-23,-43],[-59,-66],[-93,-5],[-286,45],[-90,6],[-145,85],[-90,72],[-18,25],[-1,35],[-44,34],[-24,68],[-9,67],[-14,33],[-32,23],[-75,38],[-44,32]],[[36074,47769],[129,23],[43,-51],[40,-7],[50,43],[15,38],[24,104],[19,59],[-13,78],[102,72],[48,49],[14,26],[-2,102],[19,35],[35,41],[14,30],[10,60],[51,68],[-6,39],[12,88],[-15,74],[9,40],[68,56],[26,97],[18,29],[46,40],[39,71],[0,54],[22,29],[46,41],[11,30],[53,77],[43,18],[24,37],[11,68],[39,64],[41,82],[28,13],[65,87],[30,-1],[93,86],[39,18],[60,44],[88,106],[69,27],[43,7],[167,61],[35,9],[29,21],[33,68],[71,81],[72,38],[36,4],[67,-17],[66,24],[94,0],[55,-11],[34,10],[32,-6],[84,40],[54,71],[36,39],[52,40],[53,8],[50,45],[38,89],[24,-28],[19,8],[43,57],[78,-1],[23,25],[39,-9],[16,20],[-17,59],[48,33],[13,58],[79,16],[84,-42],[12,-27],[42,-49],[56,-15],[62,5],[42,68],[17,66],[46,116],[54,38],[40,47],[21,52],[63,53],[34,11],[38,62],[46,49],[22,-1],[49,66],[71,53],[19,30],[12,54],[-9,37],[2,49],[-14,64],[20,32],[49,14],[34,42],[43,13],[33,38],[44,30],[70,24],[51,55],[10,62],[14,15],[46,-9],[59,61],[-3,48],[23,43],[-5,39],[52,-30],[26,8],[14,38],[53,31],[19,26],[13,43],[32,60],[33,-52],[36,-4],[30,31],[53,71],[-22,33],[9,67],[-25,86],[-23,25],[28,28],[40,-9],[28,16],[1,30],[-12,44],[33,48],[11,35],[44,23],[8,48],[39,51],[50,13],[27,63],[-1,39],[-57,36],[-13,28],[9,28],[-2,68],[-39,68],[-4,89],[13,45],[28,33],[7,31],[29,30],[47,99],[6,57],[57,119],[81,46],[33,8],[57,28],[58,9],[60,19],[64,-6],[33,9],[136,3],[19,19],[8,51],[-150,20],[-46,10],[-95,37],[-133,91],[-97,76],[-49,45],[-55,64],[-62,5],[-39,-15],[-63,-65],[-96,-107],[-80,-63],[-118,-73],[-56,-31],[-48,-13],[-38,16],[-118,106],[-59,50],[-147,104],[-87,73],[-85,52],[-61,24],[-190,59],[-284,15],[-71,-3],[-107,-27],[-60,-25],[-120,-79],[-97,-57],[-24,-8],[-106,-16],[-68,4],[-105,41],[-56,49],[-30,48],[-17,97],[-4,160],[-12,42],[-48,80],[-27,59],[-22,24],[-90,1],[-89,-20],[-278,-89],[-41,-3],[-49,8],[-67,26],[-74,63],[-72,95],[-80,119],[-10,22],[-126,175],[-13,50],[1,148]],[[37502,55348],[73,16],[62,39],[85,6],[77,26],[78,2],[53,44],[38,11],[25,69],[44,60],[8,54],[25,59],[58,95],[-30,121],[-87,74],[-91,48],[-43,17],[56,43],[30,56],[7,84],[16,27],[48,39],[38,46],[15,35],[-52,80],[-30,23],[-43,68],[-69,68],[-104,18],[-69,6],[-77,-12],[-32,15],[-7,28],[7,52],[-7,43],[-33,34],[-54,41],[-7,42],[47,53],[40,95],[0,40],[-48,90],[-41,43],[-30,68],[0,35],[34,47],[41,21],[65,-9],[45,42],[65,43],[54,84],[54,30],[91,94],[28,16],[57,-16],[124,29],[36,-6],[66,-38],[115,-87],[88,-41],[61,-38],[56,-44],[36,-5],[72,7],[76,-19],[106,34],[39,-6],[81,-39],[108,4],[31,23],[67,75],[101,54],[47,74]],[[39322,57678],[82,-1],[31,50],[48,18],[68,-13],[17,7],[79,-3],[58,21],[45,-1],[78,50],[88,-3],[83,-20],[38,-20],[58,-10],[50,-48],[86,-51],[120,-27],[36,-34],[59,-91],[11,-36],[-4,-87],[46,-130],[41,-79],[25,-4],[29,65],[12,48],[39,63],[54,58],[90,135],[79,11],[61,37],[51,17],[54,9],[98,29],[72,5],[74,-19],[52,5],[85,-13],[58,-18],[49,-46],[72,-29],[125,-70],[34,-3],[63,-39],[55,-25],[48,-6],[43,-27],[70,-31],[35,-5],[35,-19],[31,-35],[62,-42],[81,0],[68,27],[35,6],[30,-18],[11,-47],[29,-23],[40,9],[71,-1],[160,-42],[29,7],[26,-28],[61,25],[33,26],[44,13],[93,-23],[42,3],[95,43],[72,62],[114,49],[45,25],[82,35],[66,7],[44,12],[128,62],[101,36],[69,62],[65,18],[57,48],[55,30],[70,54],[53,74],[43,27],[45,5],[45,29],[67,57],[116,34],[146,-2],[134,45],[33,20],[31,63],[47,31],[29,43],[20,65]],[[49631,57701],[48,4],[105,34],[45,8],[76,-6],[146,14],[21,-2],[31,-55],[51,-33],[52,-89],[70,-165],[75,-113],[105,-139],[87,-100],[133,-1],[90,20],[32,0],[111,-43],[42,90],[87,164],[0,111],[11,49],[-31,34],[-44,2],[-31,11],[-60,-17],[-47,17],[-74,79],[-16,71],[19,63],[73,-35],[77,-8],[34,10],[58,-7],[69,1],[23,-28],[45,-88],[5,-31],[48,-44],[19,-43],[74,-45],[101,-22],[38,4],[51,27],[102,-15],[112,-9],[54,-45],[48,-60],[14,-39],[53,-56],[37,-24],[92,-39],[144,-23],[103,-30],[97,-33],[107,-45],[47,2],[49,22],[85,54],[64,16],[217,25],[86,38],[84,-4],[152,-33],[88,3],[87,23],[113,-34],[113,-64],[104,-74],[96,-34],[78,-15],[136,-99],[104,-42],[20,-15],[36,-66],[29,-87],[30,-54],[65,-50],[30,-10],[33,15],[16,23],[39,109],[34,41],[85,14],[63,25],[57,59],[86,23],[57,-6],[179,38],[39,25],[78,13],[27,12],[50,48],[33,7],[192,-32],[81,-39],[58,29],[114,4],[40,-9],[47,-22],[148,-86],[148,-67],[64,-8],[51,8],[44,16],[107,63],[63,44],[63,6],[94,-21],[63,-4],[36,-16],[49,-1],[34,-11],[85,-43],[58,-1],[114,59],[28,-12],[113,-144],[34,-62],[20,-72],[65,-123],[40,-92],[-4,-76],[11,-23],[33,-26],[45,-59],[50,-31]],[[52536,29093],[154,-49],[238,-61],[-13,-149],[116,-106],[70,-35],[38,-54],[83,-47],[88,-35],[10,-25],[29,-12],[17,41],[51,-19],[73,1],[102,-60]],[[53365,26494],[1,-34],[40,-65],[42,-38],[63,-80],[48,-32],[67,-25],[-65,-108],[-129,-248],[-60,-157],[-25,-51],[-95,-154],[-198,-296],[-268,-454],[-37,-58],[-85,-164],[-140,-254],[-32,-57],[-117,-183],[-200,-298],[-81,-144],[-136,-260],[-146,-342],[-62,-172],[-36,-87],[-47,-75],[-85,-156],[-56,-131],[-32,-134],[-80,-203],[-119,-197],[-197,-302],[-101,-142],[-98,-145],[-97,-135],[-121,-141],[-64,-64],[-132,-124],[-197,-195],[-107,-110],[-111,-164],[-31,-67],[-7,-55],[24,-214],[21,-129],[49,-265],[8,-77],[-12,-130],[-22,-57],[-89,-78],[-148,-75],[-96,-24],[-57,-31],[-102,-70],[-31,-40],[-43,-86],[-17,-99],[-6,-83],[11,-97],[48,-236],[32,-258],[15,-92],[0,-86],[-6,-104],[-20,-84],[1,-69],[15,-52],[46,-41],[12,-64],[-15,-89],[12,-23],[64,-33],[12,-22],[-2,-77],[-10,-18],[-54,-15],[-17,-22],[10,-52],[21,-24],[83,-44],[91,-56],[79,-71],[67,-117],[50,-164],[9,-70],[-24,-46],[-57,-46],[-41,-61],[-23,-52],[-20,-67],[-14,-86],[56,-158],[2,-51],[-30,-41],[-45,-20],[-45,-4],[-129,8],[-66,12],[-145,11],[-136,-13],[-226,-14],[-65,12],[-100,0],[-62,-14],[-55,-37],[-20,-32],[-7,-47],[23,-106],[-17,-61],[-52,-47],[-74,-28],[-112,-22],[-75,-3],[-21,-26],[-34,-228],[-22,-94],[-16,-200],[-36,-165],[0,-65],[-14,-60],[3,-22],[29,-40],[13,-57],[-1,-78],[-35,-61],[-15,-86],[-1,-42],[17,-109],[39,-127],[52,-62],[44,-73],[13,-73],[-35,-162],[-25,-74],[-41,-50],[-45,-30],[-76,-41],[-125,-46],[-53,-26],[-79,-25],[-135,31],[-130,32],[-111,51],[-46,34],[-75,84],[-20,32],[-66,69],[-40,29],[-36,3],[-82,-7],[-68,22],[-24,38],[20,82],[28,60],[16,74],[-10,46],[-73,59],[-58,20],[-71,-19],[-37,-51],[-64,-107],[-17,-20],[-83,-68],[-41,-19],[-51,-9],[-59,13],[-115,66],[-61,41],[-28,38],[-19,69],[-36,64],[-41,-6],[-64,-45],[-174,-98],[-88,-45],[-43,-5],[-48,6],[-123,55],[-97,57],[-95,23],[-36,-6],[-61,-68],[-22,-54],[23,-42],[61,-54],[105,-66],[36,-41],[-1,-45],[-22,-30],[-131,-137],[-98,-120],[-107,-118],[-43,-29],[-32,-4],[-72,10],[-238,55],[-119,-19],[-48,-15],[-80,-42],[-38,-39],[-51,-86],[-94,-168],[-31,-115],[-24,-56],[-43,-60],[-9,-30],[1,-47],[-30,-67],[-51,-28],[-79,1],[-29,-16],[-44,-93],[-68,-89],[-27,-8],[-71,14],[-151,120],[-65,19],[-41,-18],[-84,-63],[-59,-23],[-25,0],[-66,29],[-101,87],[-66,117],[-102,94],[-23,35],[-5,35],[11,73],[-19,40],[-53,50],[-69,38],[-73,59],[-32,32],[-56,102],[-21,20],[-52,1],[-59,-17],[-48,-4],[-50,6],[-64,43],[-57,75],[-36,28],[-46,8],[-72,-14],[-64,-23],[-43,-28],[-26,-34],[-76,-55],[-66,-30]],[[42245,13309],[-19,102],[-8,143],[-27,57],[16,97],[-32,58],[9,48],[61,97],[49,37],[65,19],[45,22],[71,71],[45,20],[5,31],[-13,148],[-13,43],[-41,41],[-57,41],[-83,39],[-11,31],[38,70],[67,45],[14,43],[13,91],[-34,60],[-7,44],[15,47],[-5,38],[-35,136],[-33,67],[-41,66],[-72,143],[-24,31],[-44,-8],[-55,5],[-43,-7],[-146,0],[-172,-11],[-90,12],[-85,31],[-73,18],[-35,17],[-77,55],[-102,79],[-80,47],[-120,44],[-116,68],[-85,30],[-93,26],[-67,-2],[-181,18],[-141,42],[-70,-30],[-96,-5],[-104,-24],[-59,19],[-47,44],[-54,31],[-47,45],[-100,33],[-87,-15],[-40,7],[-51,20],[-68,52],[-94,41],[-149,-12],[-191,-2],[-48,-7],[-68,3],[-69,-7],[-39,-23],[-58,-57],[-21,-42],[-87,-69],[-72,-16],[-43,-49],[-78,-42],[-38,-9],[-54,14],[-78,0],[-87,-32],[-34,-59],[-12,-43],[-40,-40],[-29,-49],[-64,-56],[-36,24],[-66,32],[-30,4],[-36,-17],[-67,-18],[-67,11],[-37,15],[-148,37],[-67,-38],[-64,-55],[-105,-71],[-116,-98],[-24,-9],[-175,-1],[-33,-15],[-88,-133],[-61,-32],[-55,20],[-134,34],[-175,-11],[-86,18],[-37,20],[-91,-13],[-55,7],[-55,-10],[-109,-74],[-58,-76],[-63,-67],[-47,-19],[-13,7],[-27,104],[-20,47],[-71,38],[-121,153],[-26,83],[-30,62],[-42,59],[-24,65],[-24,119],[-19,19],[-94,40],[-116,72],[-50,43],[-58,79],[-82,90],[-23,-1],[-53,-38],[-18,-45],[-50,-31],[-76,-88],[-20,-47],[-42,-34],[-40,-55],[-72,-29],[-29,-50],[-22,-15],[-65,2],[-56,-11],[-54,-28],[-36,-5],[-73,17],[-165,3],[-76,-6],[-124,1],[-55,-45],[-46,-28],[-172,-58],[-8,-25],[-34,-28],[-86,-21],[-93,-68],[-34,-13],[-103,-3],[-55,-12],[-133,-60],[-9,-12],[-56,-24],[-59,-6],[-153,21],[-97,-9],[-52,-15],[-61,-52],[-81,-7],[-83,16],[-16,8],[-47,72],[-17,14],[-38,2],[-110,27],[-31,15],[-52,42],[-34,49],[-171,-5],[-100,-34],[-33,24],[-58,16],[-87,-30],[-103,-61],[-126,-22],[-80,-27],[-63,-65],[-37,-58],[-115,-2],[-36,-23],[-86,-74],[-33,30],[-69,32]],[[31014,14986],[44,32],[34,37],[69,61],[69,128],[37,159],[2,68],[15,57],[37,32],[66,25],[45,33],[65,157],[35,1],[79,-36],[25,25],[17,49],[55,38],[53,12],[82,-7],[26,18],[26,64],[31,43],[44,39],[63,17],[10,34],[-18,31],[43,33],[54,55],[13,30],[41,165],[63,147],[24,38]],[[32263,16571],[172,27],[45,5],[49,15],[84,12],[90,6],[54,-2],[66,12],[62,44],[67,0],[52,-18],[75,0],[42,47],[26,16],[61,4],[40,23],[70,-14],[42,2],[51,31],[74,22],[51,-23],[36,-6],[49,18],[35,61],[56,83],[98,106],[61,-9],[30,4],[34,54],[48,54],[26,18],[51,15],[57,33],[34,11],[100,3],[80,-3],[56,21],[66,35],[52,14],[61,7],[27,11],[25,31],[51,15],[61,83],[49,53],[36,52],[35,36],[34,20],[96,17],[93,-28],[74,-7],[21,5],[130,69],[30,-7],[51,35],[53,9],[76,30],[21,16],[37,-6],[111,-31],[79,-36],[129,5],[61,7],[57,-48],[20,-37],[29,-23],[75,-27],[28,-2],[135,35],[39,48],[30,11],[48,-2],[42,-13],[34,2],[75,-29],[43,-23],[36,22],[47,61],[74,66],[46,27],[50,15],[26,28],[64,117],[21,26],[26,79],[34,51],[41,92],[61,22],[68,43],[125,36],[120,89],[57,25],[25,24],[24,48],[32,32],[51,4],[30,21],[23,84],[23,28],[48,28],[128,87],[63,55],[11,36],[3,54],[22,142],[32,105],[84,225],[38,58],[25,21],[100,60],[56,29],[34,61],[27,16],[89,73],[68,74],[58,121],[40,52],[89,45],[47,11],[88,-19],[264,-2],[171,66],[27,21],[76,28],[102,85],[34,9],[26,-12],[70,-75],[162,13],[10,17],[19,90],[47,45],[47,35],[21,25],[33,71],[42,9],[82,6],[95,33],[28,2],[300,85],[21,18],[42,-29],[84,-29],[40,-20],[70,5],[76,-36],[141,22],[6,108]],[[41082,27128],[-64,-31],[-73,-68],[-64,-25],[-76,-6],[-111,-2],[-94,-10],[-75,-21],[-96,-16],[-78,-29],[-57,-48],[-74,-124],[-39,-89],[-16,-142],[-18,-33],[-52,-38],[-108,-33],[-105,-17],[-180,8],[-123,-14],[-161,-23],[-13,-131],[-45,-83],[1,-14],[-50,-118],[15,-114],[27,-24],[-2,-33],[-34,-25],[-6,-32],[3,-197],[-104,-123],[-30,-80],[6,-103],[-25,-62],[2,-20],[36,-5],[26,-38],[-19,-86],[-28,-31],[-13,-98],[-11,-14],[-62,33],[-19,-4],[-1,-24],[-22,-49],[-26,-19],[-7,-45],[-24,-34],[-53,-35],[-167,2],[-65,-60],[-39,-55],[-47,27],[-64,-29],[-41,-37],[-35,-17],[-60,229],[-29,222],[-4,69],[6,55],[-27,-4],[-98,-70],[-16,6],[-18,-24],[-5,-39],[14,-10],[64,-1],[29,-15],[10,-27],[-16,-23],[-26,-8],[-47,7],[-41,-12],[-17,-23],[27,-52],[23,-90],[-8,-37],[-42,11],[-52,-23],[17,-32],[45,-28],[7,-43],[-44,-40],[-93,-33],[-30,-22],[-3,-37],[34,-24],[69,-8],[12,-23],[-33,-73],[0,-26],[22,-62],[-5,-30],[-95,-12],[-19,-23],[2,-57],[-27,-62],[-7,-36],[-4,-121],[5,-48],[-8,-35],[-3,-101],[-13,-51],[-21,-150],[-30,-28],[-14,-72],[-1,-51],[-26,-90],[-54,-111],[-13,-69],[-86,-49],[-22,7],[-31,36],[-37,-12],[-51,-65],[-40,17],[-70,-25],[-47,36],[-60,14],[-36,-8],[-40,-26],[-18,7],[-57,58],[-18,-3],[-50,-80],[-48,11],[-55,25],[-34,-26],[-43,14],[-40,45],[-47,13],[-78,-4],[-90,-98],[-71,-12],[-44,-25],[-43,16],[-101,4],[-107,-4],[-12,-11],[0,-66],[27,-61],[-14,-29],[-26,-21],[-41,-70],[-56,-34],[-28,-34],[-62,-97],[-2,-48],[-54,-104],[-45,-143],[2,-41],[23,-68],[29,-46],[73,-73],[71,-41],[56,-76],[-24,-63],[-5,-79],[-60,-69],[-46,-74],[-11,-78],[-22,-52],[-23,-124],[0,-64],[-15,-74],[8,-42],[77,-94],[-5,-21],[-73,-103],[-44,-53],[-93,-83],[-63,-2],[-116,41],[-96,23],[-211,19],[-24,20],[-40,55],[-140,23],[-95,-20],[-67,-46],[-69,-5],[-33,-21],[-45,-44],[-104,-34],[-26,3],[-49,38],[-69,15],[-58,-18],[-28,-40],[9,-51],[-17,-41],[-41,-68],[-2,-127],[16,-52],[35,-34],[-15,-66],[-13,-15],[-74,-24],[-86,-51],[-87,-26],[-63,-28],[-54,-32],[-27,-1],[-116,-68],[-30,-25],[-37,-67],[-39,-119],[-2,-74],[45,-34],[-3,-45],[-52,-115],[-17,-49],[3,-134],[-16,-43],[-26,-31],[-14,-38],[-69,-65],[-74,-53],[-67,-31],[-40,-72],[6,-45],[-5,-36],[-70,-45],[-25,-1],[-61,22],[-28,-1],[-39,-19],[-62,-54],[-24,-37],[-57,-44],[-19,-35],[-24,-105],[-33,-34],[-65,-97],[-56,-22],[-180,-34],[-24,-21],[-67,-8],[-93,-27],[-106,-6],[-25,-6]],[[32597,18536],[-27,10],[-32,52],[-23,152],[-25,35],[-12,66],[-66,97],[40,71],[76,74],[6,48],[36,50],[6,28],[-11,56],[-26,86],[-9,101],[26,34],[19,53],[25,36],[16,41],[17,106],[38,80],[55,94],[-17,37],[18,39],[13,74],[14,32],[-38,62],[1,40],[31,29],[14,31],[2,43],[-10,49],[1,201],[-10,108],[-24,101],[4,44],[-11,101],[-21,59],[-37,46],[-44,72],[-50,69],[-29,28],[-24,70],[18,81],[-10,93],[15,63],[-4,85],[-45,140],[4,79],[49,111],[30,47],[45,91],[16,122],[19,79],[-2,55],[29,49],[12,38],[-3,42],[-77,51],[-14,55],[-3,99],[72,54],[44,68],[47,96],[0,78],[74,21],[63,-1],[51,18],[51,-5],[7,108],[2,105],[8,85],[18,79],[32,17],[67,3],[47,78],[32,174],[-8,99],[7,21],[47,2],[62,27],[82,-6],[12,37],[-2,36],[-34,70],[-20,59],[-5,41],[-21,35],[-24,124],[0,174],[-41,22],[-78,9],[-73,-8],[-73,-27],[-135,-29],[-155,-28],[-154,-34],[-58,-17],[-90,-49],[-35,-26],[-71,-37],[-45,-5],[-39,9],[-149,53],[-67,17],[-159,27],[-56,1],[-113,-15],[-47,-14],[-27,-21],[-24,-65],[2,-44],[-17,-78],[-42,-59],[-23,-59],[-44,-75],[-31,-39],[-60,-16],[-65,-6],[-59,7],[-35,-5],[-167,-43],[-197,-63],[-173,-76],[-127,-79],[-85,-19],[-58,-25],[-71,-44],[-108,-84],[-87,-57],[-24,-26],[-31,-54],[-89,14],[-94,-25],[-43,-3],[-46,7],[-42,-33],[-52,20],[-59,3],[-11,79],[-29,112],[-15,8],[-57,-13],[-101,55],[-34,-12],[-40,-34],[-128,-27],[-22,3],[-53,-16],[-49,-48],[-70,-29],[-75,-1],[-10,24],[-60,68],[-25,87],[-5,47],[-98,148],[-11,40],[1,44],[-16,55],[-7,73],[-27,82],[-88,42],[-43,-1],[-31,33],[16,124],[-17,62],[52,74],[3,40],[-10,39],[-48,114],[-76,192],[-9,46],[-30,77],[-82,129],[-50,45],[-101,25],[-37,16],[-33,59],[-145,56],[41,65],[42,46],[15,89],[1,48],[-28,62],[-31,178],[-49,51],[-56,18],[-89,85],[-32,36],[-12,33],[-49,29],[-45,95],[-34,8],[-81,4],[-52,9],[-39,37],[8,75],[-20,53],[-16,85],[-21,26],[-184,166],[-10,32],[13,45],[-3,30],[-47,88],[-26,36],[-95,103],[-88,53],[4,65],[-77,45],[-39,38],[-126,156],[-77,50],[20,39],[-7,62],[11,81],[-23,32],[-51,37],[4,24],[28,42],[32,73],[-5,20],[-71,61],[13,47],[-8,45],[8,30],[73,77],[16,31],[-3,67],[-32,60],[-3,25],[22,34],[-3,43],[21,40],[9,41],[-6,149],[24,63],[10,45],[-10,87],[19,79],[21,37],[-24,91],[-14,21],[-48,33],[-144,83],[-53,11],[-30,-4],[-63,17],[-133,76],[-51,-3],[-23,51],[-42,20],[-38,63],[-27,78],[-21,28],[-61,21],[-25,21],[-41,-4],[-104,80],[-48,11],[-74,0]],[[25755,29241],[8,39],[-20,24],[29,57],[21,151],[-19,37],[-2,42],[16,22],[59,8],[22,14],[42,1],[53,33],[27,56],[11,56],[17,34],[48,55],[69,59],[111,47],[30,26],[63,88],[37,1],[54,-17],[22,29],[26,117],[30,31],[70,-29],[33,-47],[17,-2],[59,31],[30,35],[75,48],[136,141],[16,41],[24,27],[70,-3],[47,8],[88,54],[27,0],[78,-20],[39,1],[71,47],[84,11],[46,21],[114,26],[113,-25],[130,-3],[69,-11],[77,-3],[94,17],[61,-8],[49,-17],[108,-10],[93,-16],[44,0],[99,-13],[99,-23],[230,-72],[83,-39],[97,-72],[30,-13],[63,-12],[80,-51],[191,-91],[190,-86],[307,-136],[88,-18],[130,51],[50,-4],[115,-59],[83,-34],[165,-101],[90,-37],[79,-49],[62,-22],[111,-104],[46,-24],[61,-7],[103,58],[68,28],[44,-10],[39,-30],[-1,-18],[258,-228],[166,-119],[78,-71],[38,-17],[96,30],[144,-161],[129,-111],[398,-158],[95,-106],[26,-48],[8,-108],[73,-93],[90,-57],[-11,-35],[14,-9],[10,-41],[68,-19],[319,-11],[134,-9],[95,-12],[6,54],[137,-15],[-19,-164],[7,-7],[100,-8],[2,-26],[39,-14],[41,27],[34,-1],[2,26],[93,35],[64,46],[52,-6],[34,-28],[19,-1],[45,25],[55,-10],[91,-62],[76,-10],[118,-55],[31,-40],[61,-27],[88,125],[76,69],[63,52],[-2,67],[111,50],[74,-4],[56,52],[209,120],[70,58],[135,63],[282,117],[89,20],[45,41],[54,26],[45,70],[23,45],[120,128],[39,7],[187,-24],[53,9],[110,49],[106,-24],[86,14],[157,66],[26,7],[85,-3],[50,28],[46,4],[75,-14],[70,5],[43,29],[15,-2],[47,-66],[20,39],[64,24],[23,25],[35,13],[45,-28],[49,-4],[30,-33],[66,-37],[42,-34],[46,-6],[40,32],[28,55],[71,-12],[53,23],[62,84],[17,42],[3,92],[31,62],[8,61],[-50,45],[-65,98],[-8,23],[4,61],[-35,52],[-36,40],[104,92],[50,20],[31,-1],[66,90],[29,16],[50,-17],[55,36],[48,23],[64,3],[49,28],[18,44],[2,84],[13,68],[-6,73],[8,32],[46,48],[65,38],[29,43],[66,41],[75,64],[22,42],[33,10],[112,0],[40,-10],[8,-49],[30,7],[49,40],[66,42],[14,35],[68,61],[71,78],[50,-15],[32,15],[37,43],[93,17],[43,2],[35,-13],[91,-72],[57,-39],[19,-33],[63,-60],[21,10],[41,-33],[19,-29],[36,-143],[34,-33],[110,-7],[47,25],[39,5],[92,-10],[61,-30],[49,11],[75,-11],[51,-43],[17,-2],[61,41],[31,43],[81,54],[6,67],[36,27],[22,5],[41,-32],[27,-3],[38,39],[31,-1],[32,-43],[68,14],[43,-24],[72,-20],[12,-42],[64,-10],[52,-53],[37,20],[19,-6],[12,-68],[30,-30],[35,0],[39,-43],[78,8],[30,-55],[48,-12]],[[25755,29241],[-29,-52],[-16,-49],[-43,-43],[-39,-23],[-53,-58],[-62,-17],[-47,19],[-66,8],[-51,62],[-57,-17],[-57,-1],[-66,-12],[-63,27],[-36,-45],[-40,-19],[-35,-30],[-58,-7],[-34,-14],[-57,-9],[-46,-47],[-45,-3],[-76,8],[-66,21],[-69,14],[-90,-22],[-47,-21],[-58,-62],[-26,-2],[-83,-23],[-19,-16],[-11,-72],[-30,-12],[-84,34],[-79,13],[-69,-16],[-16,4],[-94,52],[-60,51],[-44,11],[-28,-13],[-27,-52],[-38,-38],[-56,-38],[-18,-61],[-20,-19],[-49,-15],[-27,-43],[-54,-28],[-34,-27],[-24,-40],[-44,-23],[-12,-21],[-11,-100],[-26,-23],[-50,4],[-67,-65],[-17,-4],[-75,23],[-79,36],[-59,-43],[-15,3],[-16,36],[-18,81],[-35,55],[-8,35],[-18,16],[-60,17],[-52,57],[-58,0],[-69,35],[-45,12],[-50,-16],[-50,-7],[-16,8],[-38,51],[-15,88],[10,38],[-38,92],[-3,56],[18,35],[-20,26],[-66,-23],[-50,-6],[-36,-23],[-16,-51],[-44,-17],[-44,-36],[-18,-36],[-34,-35],[-60,-43],[-21,-35],[-32,-21],[-35,-42],[-76,-57],[-47,-16],[-70,-55],[-67,-71],[-21,-28],[-48,-41],[-13,-25],[-40,-31],[-52,-16],[-35,1],[-47,-20],[-24,3],[-33,65],[-16,69],[-52,84],[1,111],[-101,26],[-11,20],[-7,80],[-10,49],[-26,52],[-66,7],[-61,88],[5,58],[-36,28],[-53,15],[-35,48],[-66,2],[-33,-7],[-47,-38],[-103,4],[-26,-46],[-64,-163],[-45,-73],[-32,-38],[-54,-36],[-43,-59],[-41,-19],[-70,-45],[-36,9],[-20,46],[-1,42],[-24,33],[-74,18],[-36,18],[-112,8],[-45,23],[-69,13],[-41,43],[-111,96],[-82,24],[-12,14],[0,90],[17,52],[5,86],[11,80],[-63,31],[-33,46],[-52,35],[-74,103],[4,63],[-5,45],[20,92],[-3,39],[-45,77],[37,48],[42,26],[37,46],[-20,60],[7,39],[56,80],[100,86],[47,64],[-31,42],[-40,81],[-40,30],[-67,30],[-38,45],[-40,5],[-60,22],[-36,-5],[-20,12]],[[19255,30496],[2,51],[-34,93],[-5,25],[24,55],[-19,71],[30,32],[27,46],[-3,23],[-43,68],[-58,-19],[-83,23],[-11,68],[-43,115],[-12,70],[-2,91],[-11,44],[-57,44],[-26,35],[-22,57],[-72,105],[-6,29],[2,77],[28,104],[21,48],[24,32],[67,197],[63,48],[47,0],[21,35],[32,79],[4,95],[15,30],[33,31],[20,74],[35,48],[1,23],[-29,74],[8,82],[-20,39],[-84,63],[-7,25],[76,92],[8,49],[38,80],[-1,36],[-19,36],[-33,12],[-40,-5],[-35,21],[1,35],[-12,48],[-40,24],[-19,34],[-10,137],[2,48],[23,59],[33,47],[-31,27],[-21,35],[-14,95],[-40,113],[-9,45],[22,102],[-16,81],[1,119],[56,76],[-1,51],[13,37],[27,29],[-42,150],[-20,30],[-7,49],[13,110],[25,49],[15,87],[31,62],[6,43],[-25,75],[-55,70],[-10,58],[0,69],[27,55],[24,106],[23,57],[106,116],[113,109],[4,82],[-6,17],[-82,51],[-39,38],[-13,40],[-3,202],[3,59],[16,43],[52,64],[22,36],[24,70],[37,68],[66,89],[55,51],[12,57],[31,22],[46,78],[14,66],[-16,22],[-130,124],[-38,51],[-62,104],[-17,20],[-46,22],[-105,33],[-19,37],[-6,44],[-21,241],[-14,54],[-61,123],[-30,89],[-7,49],[8,48],[29,54],[22,128],[75,112],[15,103],[47,123],[-5,60],[-34,127],[3,45],[26,149],[12,119],[-10,82],[-24,87],[-9,112],[3,55],[39,95],[1,31],[-15,71],[-56,29],[-32,47],[-25,71],[-28,25],[-49,24],[-75,156],[7,89],[-8,95],[2,93],[-24,72],[-3,47],[15,100],[-12,120],[14,68],[4,52]],[[81518,56903],[-19,-30],[-110,-61],[-35,-32],[-49,-74],[-101,-82],[-116,-87],[-116,-49],[-56,-7],[-54,-61],[-5,-34],[17,-90],[-12,-72],[7,-112],[17,-121],[-50,-70],[3,-27],[35,-49],[-3,-39],[-64,-50],[-49,-101],[-18,-4],[-160,54],[-40,-14],[-23,-70],[-21,-10],[-66,2],[-47,-11],[-52,-49],[-91,-46],[-17,-33],[6,-115],[-10,-67],[-24,-49],[-36,-39],[-93,-53],[-19,-26],[-17,-109],[-66,-71],[-2,-29],[35,-92],[-53,-157],[-54,-67],[-15,-88],[-84,-21],[-35,2],[-71,24],[-37,4],[-72,-34],[-68,-77],[-42,-27],[-119,-107],[-26,-19],[-53,-74],[-33,-22],[-85,11]],[[69917,62207],[38,-119],[32,-139],[15,-95],[6,-76],[19,-58],[-6,-54],[9,-19],[78,-50],[52,-13],[61,-1],[27,10],[59,54],[206,-8],[47,-19],[44,-4],[67,11],[38,-18],[45,-70],[19,-15],[89,-23],[68,-8],[103,-36],[66,-3],[46,6],[89,23],[12,-26],[5,-71],[-13,-146],[29,-66],[46,-40],[4,-17],[-18,-47],[14,-118],[30,-74],[36,-43],[130,-89],[57,-53],[53,-81],[80,-138],[31,-26],[40,-11],[70,-3],[63,-17],[36,-27],[62,22],[33,-6],[57,-24],[59,-37],[97,-44],[54,6],[71,20],[128,25],[51,23],[184,-103],[139,-71],[26,-2],[98,55],[72,-11],[30,-17],[47,-67],[46,-12],[111,14],[81,-2],[51,15],[90,8],[45,13],[64,34],[76,11],[58,18],[51,-31],[135,-30],[85,-43],[35,2],[51,-17],[102,6],[42,8],[43,-3],[23,-17],[136,-156],[123,-196],[79,-84],[20,-27],[1,-64],[20,-21],[64,-33],[54,-96],[58,-65],[58,-56],[66,-10],[43,-20],[16,-35],[71,-65],[30,-10],[40,15],[52,43],[78,28],[86,66],[89,-10],[26,7],[60,47],[36,17],[62,48],[100,3],[7,54],[-22,78],[-33,51],[-8,46],[-23,30],[-50,17],[-58,43],[-31,66],[102,5],[51,-8],[86,-33],[72,-9],[40,12],[58,-4],[115,-61],[62,6],[70,27],[29,-16],[32,-47],[29,-23],[31,-44],[76,-91],[65,-34],[51,-19],[66,-60],[121,-29],[47,-35],[41,-19],[55,15],[36,-7],[23,-34],[74,1],[67,-10],[81,6],[51,-31],[24,-31],[37,-22],[19,-84],[33,-57],[68,-15],[35,5],[88,27],[46,39],[49,3],[78,-11],[43,17],[84,1],[117,-14],[42,14],[56,-8],[92,74],[11,26],[3,69],[35,64],[82,34],[38,-1],[72,41],[62,50],[89,44],[87,7],[88,125],[30,17],[52,3],[27,-16],[65,-20],[25,-36],[90,-29],[72,-9],[54,13],[31,-1],[43,-60],[18,-66],[1,-40],[59,-108],[12,-5],[60,25],[42,4],[37,18],[109,84],[82,86],[31,44],[34,-1],[14,-21],[70,-14],[60,-24],[61,1],[39,-14],[91,2],[50,25],[69,-3],[65,49],[17,26],[15,-6],[35,-56],[44,-47],[78,-45],[72,-18],[121,-59],[25,-30],[15,-47],[67,-44],[-17,-68],[10,-41],[-28,-33],[2,-28],[29,-53],[26,-69],[44,-12],[35,-82],[-18,-39],[1,-35],[33,-42],[15,-68],[41,-57],[10,-37],[-4,-44],[66,-84],[16,-102],[-2,-41],[-26,-83],[-4,-49],[-42,-60],[-7,-67],[36,-26],[36,-64],[29,-14],[28,-69],[57,-118],[88,-24],[25,-23],[31,-67],[87,-30],[72,-13],[10,-103],[123,-117],[42,-5],[38,-29],[26,-107],[-7,-27],[-56,-59],[-9,-21],[-24,-193],[29,-71]],[[39954,46537],[60,-17],[80,-145],[20,-27],[300,-313],[82,-82],[60,-41],[97,-5],[98,-20],[63,-25],[36,-27],[42,-12],[40,0],[155,-32],[77,20],[44,-11],[42,-27],[51,-5],[118,-21],[60,-70],[40,-102],[39,-33],[77,-23],[61,-52],[34,-11],[48,28],[47,-27],[51,-6],[74,-20],[47,-22],[69,-66],[38,-13],[70,19],[53,-15],[106,-2],[36,24],[0,-46],[35,-20],[21,13],[23,-16],[36,9],[-21,-23],[-2,-38],[33,-27],[10,-27],[59,-44],[14,-21],[-5,-33],[26,-8],[31,74],[-23,16],[46,61],[58,-45],[47,-27],[83,-82],[25,-18],[31,5],[-30,48],[2,64],[22,52],[-34,55],[-71,64],[-27,43],[2,19],[27,7],[64,-42],[121,-38],[87,-20],[41,-2],[24,50],[80,18],[106,2],[40,36],[27,7],[28,-29],[61,46],[24,29],[71,-55],[25,-61],[44,-51],[99,-1],[30,-19],[9,-52],[108,-57],[23,-32],[106,-15],[32,18],[38,-8],[59,17],[33,-32],[24,-1],[9,-24],[0,-111],[28,-107],[26,-22],[31,-49],[71,-47],[54,47],[111,-4],[57,-12],[57,-62],[39,-9],[60,15],[-10,-80],[120,-17],[-8,-57],[-93,14],[-19,-115],[71,-35],[27,12],[-6,-95],[-78,13],[-5,-37],[19,-15],[-62,-10],[-9,-24],[20,-14],[-1,-81],[-21,-68],[2,-35],[39,-60],[25,-56],[20,-21],[-3,-70],[15,-50],[11,-81],[14,-61],[-9,-47],[-28,-11],[-48,-85],[-15,-41],[-6,-52],[31,-44],[10,-34],[1,-47],[-19,-24],[-82,-15],[-6,-61],[-29,-31],[-18,-59],[-7,-58],[-26,1],[-8,-48],[47,-9],[87,-58],[32,-15],[101,22],[44,-9],[22,-20],[79,13],[97,-41],[38,-8],[38,-53],[27,-10],[67,-6],[34,-28],[25,-39],[36,-34],[36,-48],[67,-22],[8,-32],[-9,-37],[33,-48],[-21,-27],[32,-73],[-2,-57]],[[23692,0],[-61,28],[-99,30],[-49,10],[-42,18],[-68,7],[-45,14],[-29,37],[-36,19],[-98,28],[-50,8],[-85,28],[-96,11],[-96,19],[-59,29],[-33,24],[-67,68],[-62,35],[-39,43],[-29,91],[-22,14],[-106,7],[-71,-36],[-46,5],[-56,28],[-105,-26],[-83,-14],[-39,22],[-72,56],[-48,15],[-64,124],[-30,36],[-76,141],[17,41],[25,25],[3,70],[-29,89],[-10,53],[37,82],[12,111],[-32,33],[-22,38],[-55,37],[-9,49],[-23,38],[-32,30],[-250,166],[-36,40],[-1,31],[18,117],[-7,40],[-28,70],[-25,88],[-37,76],[-10,39],[6,50],[28,57],[37,25],[5,18],[-83,91],[-34,14],[-88,5],[-56,-21],[-81,-11],[-98,8],[-50,19],[-55,1],[-64,12],[-93,29],[-78,2],[-38,-8],[-70,-54],[-60,-10],[-70,5],[-124,-10],[-47,9],[-31,18],[-44,8],[-139,-31],[-22,9],[-14,44],[4,50],[19,115],[0,50],[-43,79],[0,124],[-49,13],[-198,-1],[-100,24],[-37,29],[-31,58],[-21,23],[-116,71],[-43,19],[-98,-25],[-51,1],[-35,-8],[-64,4],[-120,89],[-42,23],[-84,24],[-61,-6],[-8,13],[16,97],[-20,86],[-38,82],[-16,89],[-28,40],[-46,7],[-42,-8],[-21,17],[-18,51],[-96,98],[-189,29],[-113,75],[-42,34],[-89,40],[-30,1],[-79,-11],[-86,-27],[-71,-36],[-38,0],[-17,26],[-27,102],[55,108],[45,115],[9,54],[22,51],[62,93],[37,66],[14,75],[40,64],[19,86],[6,109],[13,19],[57,6],[38,23],[13,65],[66,144],[19,57],[-1,45],[-13,58],[39,140],[52,62],[146,119],[31,50],[17,59],[11,148],[40,101],[46,71],[69,56],[0,24],[-30,93],[-43,42],[-10,24],[-18,116],[-20,35],[-14,68],[4,63],[-9,84],[42,33],[9,28],[-1,92],[-9,68],[-42,100],[-32,65],[-5,34],[70,109],[6,31],[-23,99],[2,76],[-4,230],[22,64],[-2,65],[23,56],[-17,70],[-1,71],[-20,48],[-29,39],[-86,59],[-33,56],[-3,22],[10,167],[-22,188],[-8,14],[-81,35],[-47,57],[-90,97],[-22,41],[-89,111],[-31,57],[-69,72],[-110,14],[-11,8],[20,80],[1,55],[-8,42],[-31,88],[-3,91],[-9,49],[-21,39],[-65,50],[-70,83],[-10,29],[14,36],[10,191],[17,117],[-10,63],[-16,56],[15,19],[39,14],[66,47],[112,2],[68,37],[32,5],[19,31],[-24,147],[46,43],[27,76],[57,43],[34,46],[9,53],[21,3],[90,-84],[88,68],[56,31],[59,44],[127,29],[41,28],[39,4],[79,46],[13,76],[8,96],[-19,116],[-18,73],[1,81],[12,31],[54,75],[32,34],[32,15],[63,86],[1,69],[-60,39],[-27,34],[0,69],[-13,28],[11,60],[2,51],[-15,35],[-17,6],[-46,51],[-33,18],[-63,20],[-61,64],[-62,25],[-18,29],[19,61],[24,52],[-15,65],[-40,44],[-4,89],[-14,44],[-24,29],[-38,8],[-54,71],[-7,36],[83,30],[106,92],[72,50],[42,39],[67,8]],[[18628,12891],[82,-62],[57,-53],[81,-34],[59,6],[130,-4],[64,-15],[101,10],[51,-16],[68,-76],[57,17],[49,-5],[97,-34],[46,-30],[40,6],[65,63],[36,23],[64,8],[68,-13],[129,76],[58,-4],[126,-88],[57,-10],[62,27],[168,45],[34,63],[57,73],[46,34],[91,43],[48,35],[52,52],[74,46],[49,47],[46,61],[15,29],[53,66],[27,15],[46,-2],[210,16],[48,10],[53,71],[60,55],[35,91],[13,15],[56,24],[73,54],[70,31],[120,36],[122,-136],[94,-20],[37,-37],[33,-53],[58,-3],[121,-51],[82,1],[82,50],[61,23],[56,4],[62,29],[69,2],[149,-55],[81,-27],[29,-18],[93,-116],[38,-80],[37,-41],[112,-30],[45,44],[112,38],[37,32],[22,45],[51,57],[46,11],[81,42],[189,-5],[55,-20],[92,53],[77,31],[61,3],[45,65],[54,46],[53,-14],[34,-50],[115,-36],[44,2],[17,-10],[0,-63],[13,-30],[48,13],[48,44],[102,4],[58,11],[25,33],[33,10],[127,8],[50,-8],[41,-27],[38,-59],[21,-11],[66,6],[38,-17],[43,-5],[69,-58],[105,16],[94,-5],[77,-26],[33,-18],[46,-53],[39,-69],[39,-84],[53,-80],[90,-115],[49,-70],[57,18],[20,49],[11,72],[28,35],[56,36],[67,61],[21,5],[67,52],[62,3],[44,-8],[122,-7],[108,29],[65,91],[-6,58],[9,79],[55,39],[19,40],[42,32],[30,5],[45,47],[57,35],[25,56],[62,95],[59,63],[34,-2],[122,-22],[44,-23],[36,-5],[82,7],[111,24],[87,4],[72,-4],[27,19],[120,50],[92,51],[32,32],[9,40],[69,93],[51,41],[55,13],[37,23]],[[28115,14142],[22,-18],[12,-80],[-5,-87],[31,-110],[0,-121],[-14,-116],[-30,-181],[18,-35],[50,-17],[151,4],[83,-5],[67,-19],[63,-9],[70,-58],[78,-23],[36,-28],[0,-38],[19,-94],[-19,-48],[-3,-129],[34,-112],[-2,-76],[-45,-135],[0,-32],[41,-42],[13,-34],[59,-94],[30,-40],[22,-49],[-8,-54],[-50,-89],[-37,-92],[10,-80],[11,-33],[-19,-72],[14,-31],[45,-30],[8,-62],[-20,-76],[4,-58],[22,-26],[-44,-235],[15,-74],[100,-54],[54,-56],[-8,-47],[11,-60],[22,-41],[50,52],[76,-25],[53,17],[66,-3],[37,29],[40,-13],[102,33],[85,48],[21,2],[40,-30],[69,-79],[71,-38],[37,-54],[21,-75],[29,-31],[47,-22],[46,10],[46,26],[57,-4],[115,-47],[98,-51],[-25,-55],[-16,-85],[12,-44],[2,-52],[20,-37],[62,-80],[24,-79],[31,-64],[-32,-112],[-31,-78],[40,-41],[37,-60],[20,-13],[65,-98],[58,-65],[53,-47],[98,-306],[7,-58],[19,-31],[58,-16],[37,-1],[44,-33],[18,1],[11,46],[25,-39],[46,-52],[55,-48],[112,-121],[21,-42],[49,-58],[22,-8],[97,12],[31,-1],[70,24],[77,-51],[58,58],[115,-103],[-10,-146],[-49,-158],[95,-6],[-65,-209],[-11,-17],[-69,-9],[-139,7],[22,-116],[122,-39],[-10,-60],[-44,-131],[-42,-105],[-61,-78],[-105,-109],[-4,-33],[-44,-58],[-30,-83],[13,-74],[48,-50],[2,-94],[19,-48],[29,-44],[40,-101],[-15,-148],[63,-44],[95,-47],[88,4],[9,-19],[-1,-80],[36,-75],[92,-63],[49,-19],[41,-60],[-13,-97],[-2,-71],[12,-29],[31,-31],[21,-50],[19,-89],[17,-36],[59,-88],[12,-38],[-19,-76],[55,-87],[11,-50],[39,-70],[67,-13],[33,-48],[8,-32],[70,-135],[36,-39],[57,-110],[31,-34],[63,-33],[52,-13]],[[32445,5373],[-9,-88],[-2,-162],[-21,-49],[-22,-86],[-201,15],[-70,-59],[-60,-12],[-58,-31],[-34,-2],[-60,31],[-27,4],[-65,-40],[-105,-25],[-91,-42],[-76,-13],[-87,-3],[-21,-8],[-35,-66],[-42,-41],[-43,-56],[-57,-21],[-41,1],[-54,15],[-64,-10],[-48,1],[-47,-10],[-45,-25],[-49,-11],[-39,14],[-34,32],[-85,52],[-57,0],[-83,-56],[-48,8],[-80,1],[-61,-17],[-19,-20],[-20,-47],[-38,-35],[-40,-17],[-78,-6],[-56,-36],[-98,-43],[-33,-25],[-44,10],[-49,-1],[-65,-70],[-43,-13],[-126,-11],[-66,-18],[-48,-47],[-20,-5],[-88,50],[-74,15],[-71,42],[-4,70],[-14,57],[-50,61],[-22,64],[-26,-5],[-80,26],[-24,19],[-36,9],[-76,-12],[-83,41],[-40,32],[-47,96],[-11,56],[-30,94],[-43,0],[-114,20],[-55,16],[-105,-8],[-70,52],[-39,52],[-67,41],[-39,13],[-45,3],[-87,-18],[-66,-29],[-44,-7],[-89,53],[-97,-31],[-84,-46],[-38,-29],[-54,-7],[-84,-84],[-57,-25],[-48,-10],[-42,-26],[-67,-15],[-66,-36],[-40,-53],[-25,-18],[-62,-5],[-115,-24],[-83,2],[-84,-7],[-60,3],[-34,-66],[-76,-320],[-10,-94],[3,-42],[49,-59],[5,-18],[-31,-54],[-13,-45],[-5,-56],[-12,-27],[-80,-76],[-78,-52],[-12,-46],[13,-43],[-2,-31],[-33,-44],[-51,-99],[-11,-36],[6,-96],[14,-29],[-5,-51],[-27,-45],[-37,-29],[-17,-43],[4,-46],[38,-85],[9,-77],[-23,-38],[-106,-93],[-30,-56],[-34,-27],[-82,-52],[-57,-26],[-18,-42],[-11,-111],[-29,-92],[-16,-99],[-47,-7],[-40,-42],[-23,-48],[-35,-23],[-30,-2],[-45,-19],[-40,-67],[-38,-26],[-41,-10],[-46,-26],[-65,-53],[-41,-3],[-41,-23],[-15,-28],[19,-79],[47,-101],[-27,-39],[-82,-69],[-11,-26],[2,-96],[-7,-27],[-67,-94],[-83,-101],[-35,-22],[-80,-98],[-44,-13],[-125,-10],[-30,-25],[-62,-85],[-75,-43],[5,-76],[-17,-24],[-72,-66],[-39,-28],[-48,-5],[-52,24],[-48,-2],[-46,-17],[-51,-2],[-31,-50],[-17,-9],[-73,1],[-45,-9],[-79,2],[-162,-60],[-43,-24],[-61,-86],[-22,-40],[-34,-97],[-44,-97],[-14,-46],[-2,-45],[9,-97],[0,-70],[-53,-82],[-31,-13],[-68,-54]],[[42245,13309],[-73,17],[-15,-7],[-14,-78],[26,-80],[-4,-55],[14,-71],[-8,-63],[-21,-56],[-9,-95],[-9,-23],[-38,-21],[-25,-35],[-25,-135],[5,-25],[-11,-96],[-18,-58],[-12,-186],[-13,-45],[-2,-47],[12,-45],[71,-101],[38,-32],[11,-42],[-18,-69],[9,-121],[-43,-34],[-46,-82],[-12,-70],[-76,3],[-42,-13],[-17,-24],[-30,-70],[-92,-72],[-66,-33],[-54,-44],[-48,-61],[-19,-39],[-27,-114],[11,-120],[-22,-40],[-45,-29],[-61,-27],[-32,-32],[-41,-62],[-36,-35],[-29,-47],[-39,-19],[-46,-74],[-39,-98],[-33,-27],[-133,-37],[-59,-3],[-66,-24],[-109,-59],[-50,-18],[-86,-12],[-18,-12],[-44,-90],[-88,-54],[-50,-39],[-81,-30],[-138,-147],[-29,-40],[-48,-48],[-32,2],[-150,55],[-53,49],[-121,-3],[-68,15],[-27,79],[-22,37],[-27,21],[-39,14],[-83,-5],[-171,56],[-112,98],[-81,43],[-55,13],[-99,68],[-76,-57],[-67,-31],[-32,-28],[-37,-66],[-98,-46],[-72,-47],[-64,-10],[-65,30],[-115,91],[-115,-15],[-41,1],[-82,-22],[-84,-11],[-92,8],[-21,-12],[-66,-66],[-31,-12],[-39,2],[-45,16],[-72,-4],[-72,-18],[-13,-65],[-16,-25],[-38,-31],[-66,-88],[-94,-92],[-24,-3],[-76,10],[-84,23],[-65,-26],[-75,-75],[-56,-21],[-31,-52],[-60,-41],[-40,-53],[-99,-82],[-70,-10],[-69,-51],[-113,13],[-47,1],[-86,-15],[-86,-21],[-141,-55],[-59,-15],[-124,-53],[-203,-116],[-79,-64],[-39,-74],[-104,-9],[-63,-26],[-122,-22],[-16,-11],[-29,-65],[-113,-43],[-60,-8],[-57,-37],[-13,-25],[-9,-60],[15,-33],[-19,-55],[0,-38],[-23,-36],[-106,-105],[-27,-54],[-1,-63],[-8,-40],[-20,-36],[-103,-59],[-38,-52],[-35,-32],[-125,-65],[-128,-42],[-39,-19],[-44,-9],[-84,60],[-75,-4],[-124,18],[-25,-12],[-30,-51],[-67,-89],[-55,-39],[-80,-8],[-111,-56],[-15,-44],[-22,-105],[-13,-162],[-29,-104],[4,-32],[21,-26],[1,-31],[-15,-48],[-25,-48],[-49,-50],[-22,-35],[-12,-50],[2,-128],[-27,-55],[-21,-81],[-19,-38],[-46,-37],[-24,-35],[-74,-54],[-49,-83],[-70,-148],[-27,-87],[-58,-74],[-69,-64],[-61,-14],[-38,2],[-76,49],[-27,-2],[-15,-75],[-42,-88],[-66,-44],[-57,-23],[-17,-31],[14,-44],[25,-22],[-22,-41],[-23,-97],[-6,-48],[-22,-51],[-30,-49],[-45,-45],[-30,-64],[-66,-71],[-9,-53]],[[28115,14142],[-24,18],[3,78],[26,100],[38,78],[55,59],[15,26],[2,36],[-20,36],[-76,79],[-127,106],[-39,41],[-68,39],[-87,67],[-25,28],[-89,48],[-21,37],[-37,35],[-28,51],[-40,30],[-15,103],[-35,209],[14,52],[28,24],[-16,83],[0,74],[10,27],[58,98],[25,35],[31,105],[-8,104],[-2,119],[-42,197],[-2,24],[20,61],[-2,49],[12,90],[-32,217]],[[27617,16805],[79,-56],[36,-178],[-7,-97],[-23,-35],[10,-52],[-6,-42],[28,-63],[5,-79],[29,-163],[-13,-104],[-17,-32],[-49,-28],[8,-82],[30,-56],[0,-50],[15,-52],[67,-93],[9,-106],[37,-66],[116,-114],[61,-47],[87,-93],[2,-16],[47,-99],[34,-49],[61,-105],[35,-16],[56,-64],[26,-51],[62,43],[30,-12],[88,-15],[87,19],[79,0],[72,40],[162,1],[34,-22],[44,-71],[102,-7],[55,10],[49,-6],[70,-41],[94,-80],[27,-33],[119,-52],[111,29],[61,-16],[56,28],[54,39],[45,15],[70,-1],[20,-7],[73,3],[55,-14],[36,0],[101,27],[92,-9],[104,33],[60,2],[34,30],[16,38],[40,38],[52,32],[36,86],[22,25],[62,15],[39,23],[36,8],[-38,82],[-39,41],[-45,79],[-16,43],[21,8],[37,-16],[71,-52],[59,-55],[54,-60],[81,1]],[[27617,16805],[-15,32],[-45,27],[-71,78],[-60,54],[-10,70],[5,21],[84,47],[57,64],[58,20],[4,81],[23,70],[30,54],[11,82],[-15,93],[-2,67],[-27,43],[-27,136],[-31,76],[-38,68],[-21,107],[-44,19],[-49,52],[-23,15],[-132,42],[-23,14],[-25,56],[-38,187],[-13,55],[0,70],[-20,61],[66,102],[7,49],[-16,23],[23,52],[1,133],[6,53],[59,83],[6,54],[-51,72],[-16,36],[6,24],[53,54],[45,36],[44,61],[26,150],[8,28],[-66,6],[-47,-6],[-60,14],[-143,-33],[-36,-19],[-97,-67],[-65,-19],[-74,5],[-43,-8],[-95,50],[-36,39],[-67,38],[-41,16],[-4,18],[49,90],[11,31],[32,47],[-4,32],[-71,48],[-48,42],[-64,99],[-20,15],[-76,-12],[-142,16],[-80,-13],[-58,-30],[-45,-43],[-63,-84],[-119,-33],[-53,-5],[-44,-14],[-70,-48],[-74,-40],[-48,5],[-18,20],[-60,109],[-28,82],[-25,42],[-13,45],[16,75],[7,94],[22,63],[8,72],[-16,79],[17,27],[77,22],[0,37],[-32,83],[-5,28],[-20,21],[-73,30],[-64,50],[-23,5],[-75,48],[-93,8],[-105,97],[-53,28],[-75,-4],[-26,9],[-44,43],[-44,31],[-46,18],[-83,-4],[-16,25],[-6,42],[-37,34],[-40,63],[-118,40],[-26,22],[-21,57],[-9,79],[-14,20],[-76,31],[-84,84],[-139,126],[-54,-34],[-38,0],[-46,18],[-104,12],[-61,2],[-40,20],[-73,2],[-46,25],[-82,11],[-51,53],[-70,38],[-30,25],[-19,103],[-10,24],[-41,16],[-19,-10],[-99,-155],[-21,-10],[-40,16],[-60,41],[-58,18],[-28,-15],[-67,-17],[-18,-18],[-10,-38],[-125,-68],[-79,-75],[-61,57],[-44,11],[-18,-25],[-47,-4],[-45,37],[-61,21],[-54,7],[-26,-11],[-17,-35],[-59,-66],[-14,-46],[-51,27],[-27,1],[-64,-26],[-58,-7],[-21,-13],[-22,-64],[-38,-29],[-70,-26],[7,-53],[1,-87],[-12,-53],[31,-34],[26,-79],[40,-47],[-12,-88],[21,-74],[3,-70],[-28,-24],[-51,-22],[-42,-37],[-147,-26],[-27,-14],[-60,-65],[-16,-35],[-16,-85],[-18,-32],[-32,-21],[-73,-26],[-19,-18],[-8,-93],[4,-35],[-11,-33],[-53,-46],[-58,-25],[-23,0],[-78,41],[-49,18],[-38,45],[-45,35],[-51,61],[-65,28],[-37,30],[-116,54],[-95,6],[-38,-23],[-19,-37],[-56,-53],[-32,-86],[-23,-38],[-108,-16],[-19,8],[-92,117],[-30,7],[-86,-4],[-67,40],[-25,-2],[-61,-24],[-24,5],[-26,32],[-19,88],[-32,47],[-66,40],[-18,31],[-30,88],[-90,38],[-108,-3],[-35,-22],[-58,-8],[-90,-61],[-15,-22],[-39,-19],[-34,26],[-36,0],[-97,68],[-38,16],[-46,-14],[-24,-41],[-61,-29],[-46,-43],[-75,-55],[-18,-49],[-51,-26],[-117,-5],[-74,-25],[-45,-36],[-67,8],[-35,-6],[-60,7],[-54,-29],[-22,8],[-71,1],[-22,14],[-29,50],[-24,25],[-52,15],[-13,48],[25,66],[0,18],[-46,50],[-61,83],[-34,65],[-87,54],[-56,45]],[[17997,21015],[-5,23],[-63,137],[-6,21],[25,50],[-22,43],[-65,68],[-25,44],[-8,40],[25,157],[6,93],[12,47],[-33,89],[6,91],[-10,20],[-65,45],[-34,166],[-14,22],[-104,88],[-15,7],[-108,-64],[-89,-79],[-33,-3],[-52,28],[-34,-1],[-56,-23],[-57,-51],[-47,-32],[-90,-37],[-55,-14],[-70,15],[-83,118],[-20,92],[-34,14],[-51,72],[-25,47],[-54,48],[-14,27],[-47,41],[-17,93],[2,84],[-11,55],[-41,53],[-91,75],[-77,106],[-12,44],[18,29],[12,51],[-26,88],[0,138],[-9,19],[-41,21],[-97,60],[-60,46],[-13,46],[26,91],[9,122],[-6,558],[33,166],[5,78],[-7,46],[-63,56],[-27,51],[1,67],[-81,126],[-64,27],[-85,21],[-44,20],[-14,24],[-6,102],[-7,20],[-102,48],[-56,20],[-139,63],[-46,31],[-20,27],[-27,77],[5,43],[18,39],[47,67],[7,24],[-10,58],[4,31],[41,97],[38,73],[48,56],[6,58],[-16,90],[4,43],[23,37],[3,27],[-19,64],[16,110],[-8,73],[-42,55],[-4,25],[7,126],[-31,53],[-16,74],[26,107],[68,133],[50,68],[23,72],[-69,96],[-57,117],[-22,16],[-13,36],[2,83],[13,55],[32,50],[8,36],[-44,24],[-42,45],[-24,66],[31,75],[12,61],[-6,23],[-47,42],[-23,44],[-95,96],[-49,75],[-29,74],[29,14],[62,3],[76,23],[110,19],[60,4],[48,30],[83,20],[46,2],[32,52],[50,31],[43,35],[33,45],[57,47],[56,13],[29,16],[9,75],[12,49],[31,11],[38,33],[10,43],[-11,126],[47,9],[68,-3],[38,-14],[29,8],[29,43],[29,7],[59,-20],[45,30],[177,38],[25,21],[38,-4],[16,-16],[43,-6],[70,32],[60,37],[65,23],[78,60],[80,-10],[35,9],[56,61],[37,5],[35,-21],[86,-23],[62,12],[62,-3],[35,14],[18,24],[45,26],[15,36],[50,81],[13,47],[77,40],[-3,20],[27,28],[40,12],[74,11],[27,53],[53,24],[43,61],[22,5],[41,-19],[43,26],[87,2],[18,-16],[39,-62],[32,-7],[40,17],[40,32],[27,37],[58,12],[26,-3],[27,-41],[21,-5],[40,32],[-1,96],[42,70],[3,62],[59,104],[10,56],[46,7],[79,77],[69,13],[75,-5],[42,14],[50,40],[-4,25],[-68,98],[-18,34],[8,72],[66,40],[70,58],[62,13],[52,39]],[[32597,18536],[-64,-58],[-7,-40],[5,-52],[19,-58],[-13,-37],[5,-65],[-25,-29],[27,-65],[-8,-72],[24,-59],[-33,-22],[-43,-64],[-27,5],[-34,-19],[-28,-34],[-76,-34],[4,-30],[-56,-55],[6,-40],[-9,-45],[22,-49],[4,-64],[27,-74],[48,-80],[-34,-51],[11,-44],[-5,-61],[-26,-26],[-36,-17],[-18,-29],[-30,-150],[-6,-115],[-21,-151],[5,-39],[58,-142]],[[18628,12891],[17,16],[4,38],[-51,100],[-28,14],[-94,-9],[-22,17],[-82,10],[-57,-4],[21,48],[-12,35],[-33,24],[-35,-7],[-16,18],[-10,79],[-46,27],[-43,-1],[-51,-34],[-28,32],[-17,49],[28,97],[-23,57],[-3,106],[20,48],[-8,45],[-33,58],[-31,110],[-1,69],[-11,59],[-70,114],[-72,137],[-40,24],[-78,-51],[-56,-23],[-93,-62],[-79,77],[-33,4],[-44,-25],[-48,-2],[-37,-13],[-36,-25],[-63,11],[-21,-6],[-119,-85],[-71,7],[-118,0],[-47,51],[-43,128],[-25,18],[-34,2],[-91,-33],[-79,-18],[-86,-37],[-32,4],[-60,65],[-46,35],[-41,12],[-48,-4],[-43,-25],[-36,-48],[-35,-9],[-48,57],[-110,102],[-48,34],[-79,34],[-89,29],[-73,16],[-74,3],[-129,-20],[-163,-51],[-47,-4],[-36,80],[-38,48],[-15,32],[-33,36],[-65,34],[-20,23],[-51,123],[-46,76],[-62,69],[-13,29],[5,68],[-5,32],[-56,77],[-32,62],[-19,50],[18,23],[57,38],[13,36],[-2,133],[-28,59],[3,70],[-23,50],[-66,58],[-47,76],[-9,33],[-4,68],[13,136],[0,66],[-12,25],[-34,28],[-145,100],[-15,33],[5,72],[-65,173],[-156,158],[-8,32],[8,104],[-45,36],[-90,-11],[-74,-35],[-72,-16],[-51,29],[-56,85],[-20,10],[-94,12],[-26,17],[-29,44],[-15,45],[1,82],[13,44],[45,68],[-38,50],[-13,40],[-2,75],[-19,-2],[-31,20],[-42,69],[-19,17],[-36,4],[-68,32],[34,53],[51,94],[68,69],[1,95],[9,53],[34,141],[37,54],[18,56],[-4,122],[14,15],[62,15],[2,32],[-22,100],[16,27],[108,91],[24,15],[20,-14],[11,-118],[25,-23],[65,-10],[71,1],[95,-26],[16,5],[42,81],[9,45],[0,63],[37,19],[61,-6],[95,-102],[5,-22],[-77,-88],[-43,-89],[-21,-59],[4,-45],[-46,-108],[-5,-32],[15,-78],[23,-50],[6,-51],[16,-33],[7,-54],[32,-20],[15,-64],[37,-37],[57,-17],[38,-32],[24,-75],[42,-42],[32,-59],[34,-4],[24,-17],[21,-51],[42,-27],[17,-29],[116,28],[48,-1],[39,-39],[71,21],[47,-1],[143,-44],[96,-42],[58,5],[39,-31],[46,-17],[69,-15],[72,-67],[26,-56],[48,-36],[76,-85],[40,9],[76,-28],[24,-3],[-6,30],[-33,61],[-43,123],[-6,53],[19,52],[-20,64],[110,52],[49,58],[61,84],[53,60],[50,49],[56,26],[68,13],[113,8],[100,28],[56,63],[57,38],[108,46],[92,33],[32,0],[19,-49],[26,-33],[30,-7],[43,42],[23,7],[95,-17],[70,30],[25,25],[47,8],[64,-7],[49,46],[76,43],[71,20],[41,41],[19,-2],[39,-40],[30,-8],[35,9],[41,-29],[56,-15],[34,-21],[37,-49],[84,-22],[33,109],[0,101],[18,30],[31,91],[8,48],[-74,80],[-13,45],[3,71],[-6,32],[-28,49],[-60,63],[-33,68],[-70,66],[-56,46],[-52,68],[-30,53],[-14,66],[-20,41],[-40,29],[-66,22],[-18,25],[33,138],[-5,44],[-24,92],[-62,82],[-20,67],[-39,92],[-25,89],[-14,70],[-6,90],[-23,49],[-74,92],[-103,89],[-30,33],[-66,192],[-39,73],[43,42],[48,97],[49,45],[59,85],[123,135],[81,24],[70,47],[13,24],[5,59],[72,67],[93,47],[51,-9],[49,35],[21,34],[58,38],[66,62],[76,-64],[67,-63]],[[37502,55348],[11,86],[-8,33],[-29,22],[-71,29],[-119,31],[-104,44],[-155,111],[-82,38],[-116,27],[-58,3],[-91,-5],[-201,5],[-66,16],[-68,41],[-29,32],[-8,32],[-6,160],[-6,39],[-24,55],[-87,100],[-60,65],[-42,28],[-258,65],[-84,28],[-89,51],[-51,53],[-44,56],[-32,55],[-104,221],[-44,112],[-57,45],[-121,72],[-180,87],[-69,8],[-98,-8],[-60,-12],[-269,-127],[-63,-25],[-65,-13],[-14,-16],[-78,-1],[-54,7],[-57,19],[-166,74],[-87,57],[-134,78],[-166,62],[-138,41],[-142,27],[-109,0],[-116,-17],[-55,-21],[-64,-62],[-36,-60],[-21,-64],[-192,127],[-63,62],[-35,21],[-64,12],[-121,-8],[-106,-32],[-40,-4],[-65,11],[-51,36],[-81,139],[-23,48],[-35,41],[-125,95],[-62,63],[-43,28],[-74,9],[-33,-8],[-56,-33],[-48,-41],[-76,-36],[-41,-33],[-35,-48],[-44,-41],[-63,-37],[-57,-47],[-72,35],[-122,84],[-70,26],[-76,13],[-80,40],[-96,19],[-82,-22],[-36,-35],[-35,-75],[6,-58],[45,-45],[58,-36],[3,-57],[-29,-47],[-21,-71],[-43,-42],[-29,-13],[-8,-20],[18,-54],[7,-54],[-8,-33],[-88,17],[-57,-11],[7,-71],[-13,-14],[-38,10],[-49,60],[-47,27],[-15,-5],[-34,32],[-21,-45],[-9,-54],[-32,-22],[-58,60],[-33,71],[-11,96],[-28,89],[-25,33],[-123,17],[-61,-6],[-107,-31],[-36,-45],[-75,-44],[-58,-13],[-49,-36],[-85,12],[-53,-15],[-47,-44],[-13,-34],[-29,-14],[-42,6],[-25,-11],[-50,-49],[-57,-10],[-37,-29],[-46,-55],[-116,-75],[-59,-64],[-65,-80],[-14,-10],[-50,32],[-48,-19],[-53,7],[-43,36],[-40,16],[-75,10],[-36,-6],[-41,28],[0,56],[-28,46],[-49,62],[-70,20],[-20,15],[-17,44],[-32,30],[-82,15],[-33,38],[-38,85],[-39,35],[-25,4],[-90,-31],[-90,90],[-41,76],[-48,26],[-62,57],[-46,8],[-43,19],[-68,3],[-68,28],[-129,37],[-6,70],[-18,45],[-46,34],[-42,69],[-45,34],[-97,142],[-42,28],[-27,48],[-22,19],[-87,4],[-89,-40],[-65,35],[-162,58],[-66,0],[-28,50],[-28,25],[-12,37],[-54,50],[-24,62],[-36,18],[-26,44],[-49,63],[-64,9],[-33,41],[-2,60],[-21,11],[-65,3],[-31,-63],[-71,-41],[-47,4],[-37,45],[-30,-13],[-23,12],[-16,31],[-21,12],[-33,-17],[-55,24],[-41,8],[-36,35],[-34,92],[-29,41],[-10,48],[-2,65],[7,40],[-78,-3],[-146,-40],[-72,-44],[-41,-3],[-46,16],[-61,8],[-81,1],[-35,-47],[-38,-30],[-39,-78],[-33,-11],[-42,-39],[-59,3],[-23,-58],[-51,-62],[-38,-116],[-52,-80],[-17,-8],[-98,-11],[-133,-45],[-32,-20],[-58,-15],[-51,-39],[-131,-71],[-103,-23],[-80,12],[-58,-1],[-146,26],[-73,53],[-44,15],[-48,-13],[-52,6],[-58,31],[-60,4],[-24,16],[-30,43],[-31,26],[-32,57],[-68,13],[-73,36],[-86,25],[-58,-41],[-44,-3],[-51,25],[-62,12],[-106,55],[-24,48],[-54,32],[-46,12],[-26,-16],[-58,4],[-46,-61],[-62,-43],[-59,-63],[-50,-17],[-35,7],[-39,-7],[-16,-18],[-100,-15],[-33,-46],[-34,0],[-41,-65],[-40,-21],[-53,48],[-64,21],[-64,75],[-54,2],[-39,-7],[-62,19],[-68,-10],[-27,-22],[-116,-7],[-70,-30],[-3,57],[27,50],[39,123],[-2,20],[-31,12],[-86,8],[-87,63],[-31,50],[-33,40],[-41,106],[-115,-80],[-76,-25],[-55,-41],[-14,-98],[-32,-64],[-21,-109],[109,-105],[80,-32],[66,-50],[36,-46],[15,-41],[3,-158],[35,-51],[15,-61],[54,-59],[43,-21],[51,-52],[53,-41],[2,-28],[-17,-61],[-2,-62],[27,-67],[52,-61],[35,-30],[17,-32],[29,-90],[32,-54],[31,-84],[15,-122],[-4,-17],[-161,-52],[-56,-46],[-17,-38],[-1,-33],[-19,-63],[9,-52],[28,-68]],[[21365,56600],[-25,-22],[-31,-81],[-29,-51],[-29,-33],[-23,-45],[-39,-105],[-23,-50],[-52,-73],[-131,-89],[-88,-24],[-76,-45],[-84,11],[-59,1],[-28,17],[-77,12],[-51,41],[-45,26],[-55,62],[-17,5],[-182,-24],[-55,5],[-101,45],[-42,9],[-98,-36],[-47,-11],[-90,7],[-154,41],[-149,3],[-144,-23],[-59,-3],[-80,18],[-71,0],[-65,-47],[-82,13],[-18,-6],[-42,-81],[-25,-13],[-63,1],[-13,-11],[-2,-40],[-30,-88],[-34,-28],[-4,-38],[9,-126],[-18,-63],[-3,-70],[-16,-39],[-21,-19],[-35,1],[-59,-26],[-36,-7],[-50,-24],[-29,0],[-53,25],[-78,20],[-21,-1],[-76,-38],[-37,-48],[-17,-55],[-5,-50],[16,-16],[51,-3],[23,-16],[-19,-20],[-139,-34],[-72,-28],[-72,-51],[-71,-70],[-32,-12],[-9,32],[-125,-55],[-65,-5],[-11,44],[-37,3],[-41,-39],[-34,-9],[-17,38],[-14,109],[-25,30],[-55,31],[-58,20],[-64,5],[-95,18],[-47,-8],[-94,24],[-27,50],[-43,43],[-45,17],[-27,60],[-9,43],[-61,33],[-38,8],[-42,-28],[-54,1],[-45,70],[-59,-31],[-16,1],[-25,58],[-26,20],[9,36],[43,27],[-6,25],[-50,25],[-36,54],[2,79],[-32,68],[-27,45],[-44,34],[4,15],[53,49],[-12,162],[18,38],[-58,48],[-173,103],[-95,74],[-47,16],[-45,-4],[-50,19],[-45,-1],[-91,30],[-44,3],[-132,84],[-103,41],[-71,33],[-37,25],[-80,75],[-96,118],[-52,82],[-104,54],[-62,45],[-57,56],[-36,46],[-29,52]],[[15000,57319],[-65,132],[-66,100],[-32,146],[-42,106],[-1,85],[-11,57],[-28,230],[-37,232],[-5,64],[12,173],[-4,144],[20,72],[45,39],[70,10],[472,7],[160,8],[118,-7],[239,-8],[139,239],[45,-6],[14,34],[-7,51],[21,36],[81,73],[72,29],[-14,48],[1,38],[52,-9],[24,11],[2,20],[33,66],[60,25],[37,31],[56,24],[59,-47],[-23,-35],[-8,-66],[16,-16],[-10,-24],[33,-33],[10,-63],[50,-5],[40,-25],[325,370],[82,89],[183,219],[150,171],[119,142],[38,52],[-15,222],[-1,60],[-16,146],[-41,135],[-15,21],[-67,53],[-30,148],[-88,105],[-44,58],[-34,60],[-25,82],[-47,34],[-21,32],[5,31],[33,48],[-12,48],[-32,77],[13,59],[-21,45],[-45,57],[-59,46],[-44,26],[-64,64],[-35,26],[-39,14],[-47,2],[-49,21],[-21,28],[-36,102],[-76,36],[-100,96],[-17,29],[-31,85],[-36,30],[-28,103],[-49,88],[-67,90],[-31,11],[-48,-3],[-64,19],[-58,36],[-122,11],[-148,91],[-65,70],[-56,38],[-106,52],[-108,31],[-27,14],[-54,57],[-18,10],[-75,3],[-47,-32],[-37,-2],[-87,39],[-36,-2],[-58,-46],[-41,-23],[-46,-13],[-50,-55],[-50,-18],[-81,6],[-49,15],[-102,-13],[-78,-46],[-49,-48],[-61,-95],[-18,-21],[-45,-14],[-31,20],[-108,46],[-84,-2],[-39,50],[-13,57],[-30,57],[-47,-24],[-63,6],[-108,-39],[-166,-53],[-54,-59],[-37,-13],[-49,5],[-60,-17],[-105,52],[-146,40],[-61,26],[-78,53],[-31,9],[-112,8],[-13,19],[-14,71],[4,29],[27,29],[-64,110],[-63,77],[-39,99],[-32,70],[-24,36],[-87,74],[-98,55],[-72,62],[-46,80],[-59,84],[-57,92],[-17,17],[-122,30],[-40,19],[-134,106],[-90,26],[-112,25],[-82,6],[-53,-10],[-47,-34],[-79,-22],[-52,12],[-99,-1],[-54,5],[-92,36],[-48,36],[-57,51],[-106,40],[-163,-2],[-229,12],[-58,21],[-67,-9],[-107,-31],[-119,-70],[-110,-83],[-103,-92],[-117,-109],[-38,-42],[-25,-53],[-39,-23],[-56,11],[-38,-18],[-79,30]],[[9618,63920],[28,60],[38,60],[43,49],[10,70],[37,-7],[33,13],[44,49],[47,28],[45,64],[-14,158],[8,64],[-13,24],[10,37],[22,18],[22,50],[29,42],[85,54],[53,104],[44,72],[22,59],[23,89],[42,94],[41,48],[14,45],[1,36],[-21,60],[-22,29],[-40,23],[-94,25],[-59,24],[-45,5],[-63,54],[-31,11],[-94,16],[-85,56],[-62,-14],[-22,3],[-37,49],[-19,70],[-21,36],[-85,97],[-19,37],[-41,45],[-25,40],[-85,98],[-39,37],[-56,31],[-46,40],[-117,142],[-4,39],[-22,37],[15,65],[36,50],[21,91],[26,16],[31,63],[10,44],[10,140],[-6,20],[-76,112],[-21,42],[6,111],[41,72],[75,74],[-20,38],[-30,93],[32,128],[-24,34],[-81,3],[-44,11],[-27,23],[-60,8],[-29,40],[-25,-28],[-37,-19],[-105,30],[-10,22],[23,40],[148,32],[111,37],[167,78],[28,36],[26,95],[22,33],[44,20],[64,16],[104,12],[32,14],[40,31],[79,80],[14,5],[61,-18],[28,55],[37,44],[65,25],[61,2],[31,10],[76,53],[46,-11],[42,-37],[53,-23],[117,2],[212,18],[-19,53],[9,35],[37,79],[59,73],[29,66],[30,38],[98,40],[45,38],[38,52],[93,72],[41,76],[32,22],[94,-7],[45,19],[40,-6],[30,-38],[45,16],[29,26],[61,21],[65,42],[63,-8],[44,30],[33,7],[53,-7],[51,-26],[50,2],[74,53],[81,40],[65,19],[4,42],[68,28],[93,11],[53,-1],[71,44],[48,-9],[26,-20],[64,-71],[31,-20],[45,-11],[90,6],[60,26],[56,12],[53,-23],[90,2],[46,38],[55,-3],[28,-45],[39,-22],[74,5],[62,-8],[32,10],[52,37],[10,28],[34,20],[67,59],[52,10],[21,-12],[27,-66],[27,-15],[33,5],[32,-79],[48,-30],[33,-2],[29,-37],[24,-6],[22,-31],[32,-18],[25,-35],[48,-38],[20,-44],[33,-28],[50,-23],[29,-34],[60,-45],[57,-33],[50,-12],[25,23],[18,59],[102,76],[52,86],[29,119],[47,70],[51,34],[37,65],[69,93],[37,29],[68,12],[41,19],[27,26],[26,7],[25,27],[65,100],[-10,54],[-41,33],[3,19],[43,87],[23,33],[10,60],[18,28],[16,52],[44,44],[60,27],[146,18],[71,-35],[81,-12],[57,-43],[53,-72],[44,-34],[51,-5],[20,-38],[12,-101],[34,-34],[64,-27],[18,-32],[4,-38],[-7,-58],[11,-36],[77,-81],[31,-39],[105,-39],[141,-65],[66,-16],[58,4],[21,19],[110,166],[27,60],[58,65],[128,90],[61,13],[57,54],[20,40],[4,30],[-12,34],[3,54],[-8,59],[8,65],[25,57],[61,67],[32,73],[35,19],[49,7],[41,76],[1,43],[31,43],[1,85],[22,18],[20,61],[24,30],[83,36],[74,20],[47,5],[82,-13],[28,-17],[41,7],[72,33],[33,-6],[93,-66],[71,-63],[35,3],[99,66],[90,30],[166,13],[43,14],[77,48],[33,35],[47,79],[34,40],[39,20],[63,15],[127,19],[48,25],[69,55],[131,1],[35,15],[86,111],[43,38],[94,57],[56,43],[76,-8],[45,-12],[53,-4],[42,14],[48,0],[59,28],[38,10],[133,-25],[12,9],[16,74],[35,49],[25,8],[134,-2],[67,28],[29,32],[62,-2],[54,-11],[79,34],[52,12],[41,-17],[55,-35],[108,-28],[26,24],[15,40],[65,86],[85,56],[48,6],[68,-19],[35,-20],[63,10],[130,2],[50,13],[68,7],[40,-3],[25,11],[64,-33],[54,61],[25,42],[94,63],[35,29],[76,34],[60,72],[15,5],[38,48],[31,26],[22,43],[54,16],[46,0],[34,20],[23,33],[24,60],[11,7],[75,-15],[200,67],[44,25],[138,31],[49,-15],[53,6],[36,21],[87,26],[36,20],[107,22],[18,13],[37,-20],[71,-64],[85,-27],[90,-7],[59,-17],[79,11],[17,-5],[102,-59],[63,4],[99,-2],[54,25],[79,45],[37,14],[101,23],[37,22],[57,68],[48,13],[93,-7],[28,6],[51,44],[15,61],[46,82],[8,39],[36,97],[-12,61],[-1,41],[65,99],[46,147],[39,12],[68,34],[76,-11],[24,13],[16,64],[50,53],[47,81],[34,36],[57,44],[47,52],[5,65],[0,118],[25,105],[-14,104],[-38,52],[-57,23],[36,126],[23,119],[9,71],[-14,92],[-12,42],[69,52],[73,144],[25,30],[108,87],[72,66],[24,57],[53,37],[43,-29],[42,-61],[54,-49],[43,-31],[57,1],[65,19],[96,-8],[131,13],[61,15],[36,-4],[41,-22],[133,-47],[73,-59],[23,-25],[91,-140],[28,-35],[24,-9],[112,-9],[84,-10],[125,-25],[63,-20],[97,-55],[66,-23],[67,-57],[39,-42],[69,-38],[69,-49],[68,-26],[74,-57],[110,-140],[94,-68],[5,-58],[43,-48],[53,-27],[49,-58],[80,-12],[73,-32],[19,-18],[14,-38],[57,-69],[28,-18],[39,2],[99,25],[92,-4],[32,-15],[28,-48],[31,-86],[27,-55],[80,-45],[166,-12],[59,-22],[72,11],[74,4],[93,76],[98,-4],[45,24],[39,0],[52,-13],[38,47],[61,3],[92,-23],[69,-26],[90,-20],[82,25],[20,-36],[29,-72],[30,-51],[22,-21],[95,-44],[39,1],[45,23],[27,2],[74,-21],[39,1],[108,-10]],[[29465,72905],[8,-63],[27,-60],[0,-43],[46,-187],[22,-63],[116,-86],[72,-90],[151,-79],[35,-34],[48,-97],[16,-49],[47,-77],[27,-65],[-4,-100],[11,-85],[38,-112],[35,-39],[22,-66],[28,-39],[63,-57],[17,-59],[-13,-70],[-40,-103],[-11,-69],[10,-70],[62,-33],[111,-117],[40,-96],[14,-61],[1,-54],[13,-68],[-3,-54],[6,-74],[-8,-61],[8,-25],[28,-26],[74,3],[68,-5],[40,-30],[62,-68],[25,-19],[48,-57],[23,-13],[68,-17],[82,-87],[40,-51],[29,-19],[76,-17],[79,-4],[26,-8],[24,-56],[30,-157],[25,-49],[46,-30],[45,-70],[19,-14],[35,-83],[13,-60],[31,-37],[49,-11],[53,-2],[61,-38],[46,-2],[42,-26],[52,-7],[27,-20],[16,-37],[97,-104],[30,-81],[46,-55],[25,-55],[26,-104],[31,-60],[-13,-67],[-1,-42],[-19,-57],[36,-71],[38,-108],[12,-110],[16,-15],[27,-65],[-13,-21],[-86,-10],[-40,-22],[-28,-86],[-4,-105],[-9,-35],[6,-53],[-12,-48],[-57,-90],[-28,-82],[12,-134],[-10,-92],[-38,-120],[-14,-73],[10,-86],[56,-102],[3,-21],[-25,-82],[-63,-58],[-27,-70],[-42,-83],[-3,-51],[10,-52],[51,-134],[17,-64],[-17,-91],[20,-36],[33,-156],[-13,-56],[9,-48],[34,-39],[46,-37],[9,-24],[-6,-195],[-22,-56],[-3,-50],[13,-48],[-62,-77],[-13,-95],[-110,-114],[-3,-54],[8,-85],[15,-41],[172,-13],[19,6],[68,50],[61,2],[53,-24],[21,-38],[55,-34],[106,19],[68,-8],[40,-25],[32,-33],[47,-10],[44,6],[65,-6],[62,10],[42,-8],[91,-71],[30,-9],[56,47],[48,13],[72,-20],[44,-24],[43,6],[21,35],[36,38],[23,5],[26,-22],[83,18],[108,55],[46,-2],[37,12],[33,31],[30,6],[62,-18],[70,9],[82,30],[71,44],[42,-6],[59,10],[35,24],[78,-57],[26,3],[93,36],[42,-7],[78,-58],[45,-6],[84,32],[135,-41],[101,-15],[90,16],[102,70],[30,32],[111,61],[45,-9],[50,24],[38,5],[37,-9],[65,19],[124,2],[44,24],[29,58],[98,30],[36,-11],[19,10],[32,-25],[85,-19],[42,-16],[27,-24],[20,-163],[53,-97],[0,-19],[-56,-86],[9,-41],[157,-97],[66,21],[63,-13],[119,-11],[45,-14],[85,-57],[24,-6],[79,41],[111,-43],[63,-64],[27,-45],[47,19],[25,-18],[74,-33],[94,-9],[13,-8],[12,-49],[24,-9],[22,-29],[45,-18],[85,-52],[76,-4],[70,-55]],[[37258,64484],[-19,-22],[-2,-102],[-6,-32],[-32,-52],[-6,-59],[-28,-24],[-23,-45],[-72,-66],[-11,-22],[-4,-49],[-32,-44],[-43,-33],[-28,-54],[-59,-47],[2,-40],[32,-16],[24,-58],[2,-48],[-29,-78],[12,-60],[-16,-57],[52,-91],[27,-78],[0,-34],[-15,-33],[-46,-26],[-49,-104],[24,-54],[-35,-73],[-9,-140],[20,-27],[7,-72],[-4,-29],[49,-115],[-4,-64],[41,-43],[18,-34],[-16,-63],[12,-27],[-9,-88],[-1,-86],[42,-111],[34,-137],[5,-54],[-4,-50],[-17,-44],[-4,-57],[6,-40],[44,-72],[15,-40],[-11,-47],[3,-41],[44,-47],[17,-34],[49,-201],[3,-41],[41,-106],[8,-41],[38,-87],[-22,-73],[-29,-38],[-68,-35],[-41,-73],[20,-40],[2,-55],[53,-46],[-1,-22],[50,-52],[38,-63],[-49,-51],[-35,-89],[17,-64],[3,-72],[66,-52],[86,-44],[23,-93],[83,-54],[4,-100],[53,-52],[16,-2],[36,26],[25,64],[58,-7],[10,-26],[32,-23],[78,14],[44,-1],[22,-12],[37,-57],[56,-41],[41,-64],[77,-66],[105,-49],[69,-130],[15,-57],[46,-52],[107,-144],[88,-45],[59,-125],[80,-128],[11,-95],[53,-80],[9,-47],[27,-68],[71,-76],[17,-36],[19,-89],[24,-41],[55,-32],[131,-116],[45,-67],[34,-157],[69,-112],[87,-99],[21,-59]],[[18577,40900],[-59,14],[-64,66],[-30,62],[-19,78],[-24,47],[-114,78],[-59,54],[-68,30],[-64,59],[-45,67],[-68,19],[-203,42],[-30,13],[-62,-14],[-161,-78],[-145,-96],[-101,-47],[-20,-4],[-141,21],[-147,38],[-117,34],[-26,33],[-133,245],[-11,28],[-5,55],[-18,29],[-25,13],[-76,-11],[-42,17],[-111,67],[-118,76],[-35,28],[-47,20],[-258,20],[-99,25],[-24,0],[-123,-18],[-90,-45],[-18,-32],[-48,-19],[-51,26],[-59,-6],[-47,7],[-104,34],[-43,137],[-42,9],[-302,16],[-211,6],[-132,-30],[-33,-18],[-17,-30],[-22,-72],[-16,-126],[-38,-51],[-67,-30],[-90,-27],[-27,-1],[-110,171],[-31,25],[-59,12],[-138,-77],[-70,-18],[-91,-12],[-304,-108],[-35,-21],[-43,-41],[-84,-35],[-40,-9],[-129,36],[-35,-1]],[[13059,41680],[-13,123],[62,352],[27,132],[-2,48],[-40,131],[38,224],[-1,71],[9,37],[53,98],[16,110],[69,135],[78,137],[48,136],[53,106],[63,242],[4,107],[26,65],[24,83],[4,48],[24,60],[57,175],[53,141],[26,88],[49,128],[7,62],[3,307],[-3,60],[5,95],[-47,7],[-90,-44],[-85,-29],[-66,-9],[-107,-2],[-159,-10],[-40,2],[-100,-11],[-132,-6],[-33,8],[-23,31],[-6,88],[-1,111],[-8,75],[11,124],[27,135],[91,160],[31,42],[2,24],[-19,73],[10,58],[-32,76],[-39,62],[4,71],[-11,22],[-45,29],[-4,34],[20,65],[-24,52],[-5,30],[12,74],[-13,22],[12,25],[0,57],[-10,56],[50,60],[-10,46],[19,92],[-22,43],[14,57],[-18,31],[23,32],[-22,50],[-9,85],[30,21],[-2,20],[-33,32],[35,41],[42,141],[13,75],[-5,42],[46,12],[26,23],[-3,36],[-23,35],[-8,54],[21,93],[45,31],[43,13],[21,69],[26,43],[26,79],[-11,52],[14,31],[-9,44],[6,37],[33,53],[28,10],[11,35],[34,34],[-31,31],[-15,52],[15,54],[-20,47],[-6,67],[-19,31],[7,19],[-23,28],[-27,90],[13,69],[24,28],[11,52],[-32,7],[36,37],[-21,52],[0,67],[-34,48],[-19,6],[-15,31],[-34,35],[-35,14],[-73,66],[-47,65],[-27,85],[-14,159],[-19,72],[-118,248],[3,27],[-34,44],[-90,145],[-86,173],[25,39],[-9,55],[20,30],[9,58],[-36,46],[-8,32],[2,53],[-43,13],[-4,107],[3,62],[0,132],[4,51],[10,321],[27,322],[-164,223],[-13,31],[-18,94],[37,103],[11,75],[-1,34],[-19,36],[-16,74],[10,57],[17,37],[77,100],[74,85],[46,42],[138,52],[55,14],[13,13],[118,183],[45,14],[33,43],[18,73],[17,28],[53,20],[-15,-85],[9,-37],[39,-72],[76,-68],[25,-80],[107,-74],[96,-106],[20,-74],[18,-138],[107,-135],[41,-37],[86,-58],[70,-70],[8,-118],[53,-66],[27,-7],[25,-96],[39,-102],[33,-44],[52,-48],[24,-36],[32,-18],[74,-20],[78,-3],[9,10],[-6,164],[6,48],[39,19],[28,26],[71,36],[35,25],[69,63],[60,11],[56,61],[56,44],[90,86],[64,42],[91,18],[-11,203],[-15,168],[-8,145],[2,67],[-14,22],[-61,62],[-78,99],[-12,125],[-16,51],[-40,174],[-12,108],[-24,128],[-8,98],[-17,97],[16,85],[27,67],[12,13],[60,26],[103,94],[36,42],[43,70],[54,116],[3,22],[-33,103],[-61,113],[-5,101],[-52,47],[-29,46],[-35,12],[-16,40],[-29,17],[-64,-21],[-24,9],[6,116],[20,75],[-12,85],[-55,54],[-13,23],[11,140],[-28,95],[3,79],[-25,16],[-67,-10],[-38,13],[-21,63],[-21,25],[-43,19],[-57,1],[-30,26],[2,40],[30,37],[13,33],[-14,86],[7,55],[-14,48],[-35,14],[-28,-7],[-73,38],[-39,-7],[-42,37],[-18,41]],[[14054,55881],[-14,39],[-29,45],[-124,131],[-1,46],[32,55],[7,47],[5,386],[15,80],[78,151],[61,93],[136,27],[81,26],[104,58],[166,56],[28,20],[70,23],[24,17],[40,59],[50,28],[151,39],[66,12]],[[21365,56600],[28,-66],[37,-27],[131,-34],[143,-13],[72,-37],[52,-68],[65,-112],[40,-49],[35,-31],[52,-164],[77,-27],[32,-23],[62,-9],[23,8],[38,59],[71,16],[79,32],[54,-10],[70,-1],[45,-10],[34,22],[84,22],[43,-3],[100,-62],[98,-43],[74,24],[49,4],[62,40],[74,1],[55,8],[72,-72],[26,-19],[39,-3],[43,-16],[44,18],[50,-48],[33,-72],[189,21],[51,-11],[26,-40],[50,-209],[36,-72],[28,-81],[56,-92],[36,-93],[16,-76],[-36,-61],[8,-42],[34,-46],[9,-56],[-3,-77],[24,-65],[42,-35],[65,-116],[66,-59],[39,-45],[9,-25],[1,-55],[17,-58],[-1,-50],[22,-70],[-19,-76],[2,-65],[51,-70],[9,-76],[18,-23],[1,-51],[-37,-74],[-29,-28],[-48,-19],[5,-30],[70,-52],[19,-75],[44,-101],[-51,-24],[-20,-24],[-35,-15],[-43,-56],[-61,-19],[-34,-20],[-82,-92],[-38,-17],[-13,-88],[-33,-52],[-7,-94],[-9,-33],[-37,12],[-99,11],[-14,-56],[1,-64],[11,-54],[-14,-70],[-25,-49],[-51,-74],[-100,-9],[-130,-35],[-137,-20],[-79,-20],[-35,-25],[-50,-7],[-57,-24],[-42,90],[-25,15],[-58,-19],[-61,7],[-32,53],[-28,11],[-156,28],[-12,-5],[-39,-75],[-24,-75],[-104,-84],[-55,-90],[-70,-33],[-30,-38],[-67,-55],[-7,-13],[-67,-48],[-11,-25],[-55,-38],[-53,-62],[-68,-39],[-48,-46],[-75,-113],[-86,-99],[-29,-54],[-86,-77],[-67,-33],[-28,-23],[-81,-13],[-157,31],[-24,-4],[-44,-59],[-7,-70],[16,-35],[32,-44],[-49,-65],[-27,-54],[-54,33],[-60,-10],[-44,-37],[-95,37],[-82,-6],[-71,-23],[-25,29],[-7,85],[-33,84],[-97,50],[-79,20],[-53,3],[-65,26],[-68,-10],[-38,5],[-72,33],[-83,2],[-87,20],[-62,-4],[-105,25],[-26,-7],[-17,-54],[-45,-67],[-17,-98],[-25,-47],[-58,-27],[-51,-4],[-70,-40],[-28,-27],[-12,-100],[-42,-53],[-44,-8],[-69,9],[-37,-37],[-43,-4],[-32,17],[-83,63],[-78,5],[-42,10],[-26,24],[-71,111],[-46,51],[-75,38],[-56,-18],[-43,-30],[-87,-100],[-30,-73],[-33,-98],[-50,-65],[-99,-66],[-42,-76],[5,-54],[47,-56],[17,-60],[8,-61],[-13,-34],[-110,-134],[-10,-24],[-2,-59],[-103,-67],[-16,-59],[9,-64],[-5,-25],[-41,-36],[-66,-88],[-8,-34],[6,-65],[-34,-51],[-31,-34],[-17,-38],[-2,-32],[37,-79],[47,-48],[20,-50],[-11,-98],[10,-88],[3,-114],[-7,-37],[-30,-34],[-8,-42],[19,-48],[7,-111],[-40,-72],[-4,-51],[36,-133],[-44,-92],[25,-95],[-9,-36],[19,-97],[-58,-101],[0,-18],[34,-48],[17,-41],[12,-78],[25,-38],[51,-30],[39,-51],[46,-79],[52,-75],[72,-79],[-14,-25],[-32,5],[-24,-13],[-12,-29],[2,-76],[-21,-88],[-26,-83],[-7,-55],[10,-95],[-14,-31],[-35,-38],[-10,-55],[-34,-33],[-22,-36],[-37,-101],[-7,-52],[15,-93],[31,-57],[-65,-166],[-49,-58],[-20,-66],[16,-96],[29,-53],[88,-70],[55,-51],[63,-38],[53,-14],[157,-72],[69,-24],[49,-38],[13,-71],[14,-36],[38,-35],[1,-65],[-25,-28],[-17,-45],[-3,-46],[-1,-126],[19,-48],[3,-37],[22,-70],[-10,-54],[81,-99],[22,-106],[96,-172],[26,-80],[95,-66],[68,-73],[61,-34],[83,-107]],[[13059,41680],[-92,-3],[-67,9],[-145,9],[-179,48],[-59,-10],[-56,-31],[-204,-84],[-118,-36],[-184,-33],[-92,-41],[-143,-112],[-40,-43],[-37,-139],[-19,-23],[-72,-41],[-28,-7],[-65,-60],[-30,-92],[-160,-308],[-40,-92],[-50,-77],[-161,-204],[-58,-57],[-80,-58],[-98,-119],[-23,-12],[-104,-22],[-238,-23],[-142,-5],[-145,17],[-129,37],[-65,26],[-93,50],[-172,98],[-207,127],[-120,45],[-119,35],[-160,54],[-86,52],[-97,80],[-206,160],[-286,226],[-148,118],[-102,81],[-51,13],[-73,-30],[-82,-70],[-280,13],[-157,12],[-33,6],[-94,-18],[-119,-49],[-76,-9],[-39,-13],[-38,-55],[-11,-51],[-27,-55],[-7,-68],[-37,-67],[-39,-24],[-71,-74],[-13,-23],[-1,-84],[-22,-69],[-11,-96],[14,-54],[1,-122],[12,-97],[29,-24],[55,-110],[-2,-60],[-42,-16],[-23,-34],[-81,27],[-125,26],[-37,20],[-51,8],[-64,27],[-97,62],[-118,43],[-130,64],[-32,-8],[-66,40],[-17,24],[-77,4],[-66,-35],[-45,-11],[-55,8],[-80,52],[-63,27],[-106,-9],[-160,-19],[-41,-1],[-100,-19],[-69,0],[-74,-12],[-74,17],[-132,0],[-71,8],[-50,-3],[-120,26],[18,39],[11,52],[-4,50],[-14,56],[29,31],[48,24],[27,35],[-7,29],[-45,80],[-38,41],[-38,59],[-22,59],[-27,28],[-63,45],[-20,27],[-47,69],[-8,36],[15,48],[34,43],[25,145],[-15,23],[-8,51],[37,116],[-11,101],[-38,66],[-26,120],[-70,36],[-44,-6],[-123,46],[-61,12],[-117,16],[-62,-31],[-50,-44],[-53,-32],[-107,-27],[-61,-50],[-91,34],[-291,260],[-14,22],[-24,4],[-174,59],[-543,171],[-167,60],[-223,91],[-425,178],[-47,14],[-327,243],[-70,48],[-43,14],[-234,56],[-107,15],[-248,70],[-87,20],[-102,-3],[-56,10],[-162,51],[-16,18],[-20,50],[-21,75],[15,47],[-6,55],[20,69],[22,156],[-14,79],[-29,67],[-15,71],[36,374],[-10,79],[9,56],[17,56],[55,127],[91,232],[13,51],[4,68],[-13,21],[-66,12],[-105,5],[-46,-5],[-78,-19],[-11,4],[-38,76],[54,155],[111,128],[11,94],[-1,125],[-29,189],[-43,113],[19,99],[10,90],[26,44],[44,31],[68,22],[38,41],[18,67],[23,131],[-89,144],[-44,29],[-33,9],[-4,24],[16,144],[-5,59],[-20,31],[-42,25],[-48,90],[-16,65],[20,98],[35,82],[56,183],[-3,31],[-36,57],[-25,138],[36,68],[13,67],[-6,56],[-20,41],[-26,30],[-126,114],[-88,65],[36,104],[-3,49],[20,28],[17,64],[-1,31],[-21,65],[-30,46],[-30,77],[-8,61],[8,101],[58,67],[7,18],[23,182],[26,98],[29,79],[90,273],[100,289],[29,63],[68,106],[23,27],[54,86],[81,163],[16,41],[64,119],[-19,109],[-55,91],[-59,210],[-7,51],[-28,107],[11,104],[-11,38],[-34,40],[-37,58],[-3,26],[23,54],[33,107],[29,167],[-7,130],[6,44],[24,75],[34,56],[76,101],[70,52],[111,57],[53,39],[113,107],[104,87],[9,38],[47,93],[25,67],[1,35],[63,173],[25,107],[-6,76],[-18,67],[-82,101],[-22,60],[-8,48],[19,62],[5,46],[-11,40],[-43,46],[-20,61],[-5,51],[36,117],[36,77],[61,52],[111,72],[46,11],[182,29],[28,14],[28,45],[12,84],[38,56],[53,32],[30,27],[55,80],[20,38],[55,82],[44,53],[96,55],[15,17],[10,49],[40,70],[32,39],[74,56],[-1,97],[42,110],[85,102],[55,94],[24,51],[3,64],[-26,110],[-22,32],[-80,73],[-53,42],[-23,79],[38,66],[93,109],[44,89],[25,89],[-12,135],[-1,94],[13,42],[-8,78],[-22,95],[-51,94],[-38,51],[-162,122],[-54,17],[-53,59],[-41,64],[-72,27],[-48,5],[-69,18],[-20,20],[-4,80],[8,123],[-7,139],[3,24],[32,97],[42,71],[70,68],[64,72],[79,79],[47,89],[33,94],[2,81],[23,71],[46,78],[48,123],[24,111],[-8,82],[-31,147],[-16,172],[-5,105],[20,96],[38,85],[50,97],[42,68],[39,73],[251,139],[28,-11],[51,14],[69,32],[76,50],[67,13],[86,-15],[75,-47],[73,-21],[159,19],[10,29],[-37,102],[-32,112],[-22,24],[-7,74],[-57,125],[-31,99],[7,37],[47,96],[12,35],[62,133],[38,131],[32,56],[71,-35],[123,-24],[101,9],[166,40],[75,14],[121,-3],[38,16],[31,36],[46,85],[49,35],[71,68],[97,50],[16,15],[4,78],[82,174],[14,42],[-10,153],[4,47],[64,71],[17,97],[16,37],[10,65],[36,70],[40,36],[13,23],[4,130],[14,26],[87,95],[26,67],[-10,43],[-35,64],[-118,128],[-15,28],[-10,51],[32,79],[-30,112],[-7,84],[14,105],[30,65],[35,44],[72,28],[93,6],[29,17],[44,93],[84,66],[66,7],[140,-26],[35,8],[58,48],[19,30],[36,113],[58,89],[93,77],[126,89],[39,40],[40,91],[22,108],[63,-3],[89,18],[55,34],[46,15],[65,-38],[72,-17],[60,19],[88,42],[63,45],[69,-32],[82,-26],[92,-14],[60,-26],[43,-35],[15,-90],[30,-60],[48,-38],[78,-39],[65,-23],[92,-5],[133,60],[51,19],[166,74],[93,19],[66,20],[66,71],[66,-5],[56,7],[83,24],[48,20],[39,2],[127,68],[28,33],[20,50],[14,76],[114,-7],[64,8],[20,18],[68,105],[24,17],[39,-14],[82,-52],[42,-14],[104,-70],[26,6],[174,174],[44,35],[81,31],[103,20],[142,37],[115,23],[80,49],[66,10],[72,-39],[52,16],[47,41],[16,34]],[[9618,63920],[31,-35],[18,-43],[10,-73],[12,-158],[6,-222],[-1,-173],[7,-84],[18,-86],[49,-146],[35,-67],[40,-35],[99,-58],[61,-27],[183,-25],[133,-54],[97,-49],[25,-23],[38,-70],[77,-72],[24,-38],[29,-100],[21,-54],[24,-25],[15,-129],[10,-142],[0,-60],[-11,-67],[-18,-43],[-35,-111],[-38,-48],[-8,-27],[-31,-41],[-14,-38],[-112,-18],[-49,-18],[-31,-37],[-13,-51],[13,-91],[-7,-171],[-31,-62],[-54,-29],[-135,-31],[-58,-17],[-78,-46],[-104,-48],[-41,-34],[-10,-29],[12,-41],[38,-24],[59,-56],[36,-24],[94,-38],[148,-102],[55,-48],[109,-120],[111,-162],[37,-64],[40,-105],[93,-76],[6,-41],[30,-27],[20,-40],[3,-33],[72,-177],[26,-31],[19,-141],[0,-55],[18,-33],[35,-34],[40,-54],[6,-21],[-17,-66],[-35,-46],[-34,-83],[-21,-89],[17,-80],[31,-41],[21,-50],[71,-45],[81,-11],[103,19],[37,-26],[66,-15],[43,-47],[66,-1],[37,-43],[99,-34],[76,-2],[24,-30],[49,-37],[34,2],[65,17],[16,-5],[14,-37],[25,-30],[26,-12],[50,-3],[54,-18],[25,2],[38,-17],[39,-41],[13,-30],[43,-31],[15,-26],[52,-8],[42,-18],[39,-84],[37,-41],[-2,-31],[35,-45],[48,-96],[-30,-42],[-6,-81],[-48,-27],[-38,-38],[-1,-43],[25,-61],[-6,-121],[21,-57],[48,-79],[34,-67],[102,-107],[43,-64],[63,-42],[55,-23],[34,-63],[0,-108],[48,-52],[103,-42],[78,3],[141,-19],[52,-40],[80,-22],[35,-20],[18,-26],[7,-58],[33,-62],[55,-13],[68,-30],[22,-31],[54,-26],[49,-3],[22,-67],[6,-60],[-14,-48],[14,-51],[105,-47],[47,-39],[28,-63],[46,-54],[18,-44],[2,-58],[23,-33],[63,-17],[30,12],[16,-31],[34,-16],[37,7],[12,-37],[83,2]],[[37258,64484],[62,3],[35,-10],[72,-38],[53,-13],[70,-3],[47,-12],[83,67],[97,47],[44,33],[72,42],[40,8],[114,-7],[55,36],[40,52],[60,27],[94,-8],[64,9],[95,40],[78,23],[36,0],[55,-13],[187,-32],[78,-47],[72,-19],[54,-4],[84,-22],[35,-22],[30,-56],[133,-120],[211,-8],[33,-10],[36,23],[40,47],[22,124],[23,44],[84,23],[100,106],[73,96],[88,8],[20,38],[51,11],[40,33],[57,-22],[54,-61],[76,-42],[48,23],[87,1],[59,-70],[34,-18],[74,-11],[52,2],[54,-24],[18,-57],[55,6],[48,-8],[98,-46],[54,-53],[40,0],[22,-42],[60,-81],[55,8],[49,25],[44,-15],[97,15],[27,-28],[23,-69],[12,-60],[57,-10],[105,-47],[66,-36],[14,-71],[27,-41],[24,1],[49,63],[25,11],[52,-29],[42,-8],[15,15],[40,4],[53,-31],[31,-5],[89,22],[21,15],[60,9],[39,19],[50,2],[46,-34],[88,-7],[56,61],[42,13],[32,34],[32,10],[69,-42],[54,-20],[19,-46],[22,-19],[29,4],[112,66],[50,-2],[13,-86],[-1,-32],[-19,-22],[3,-207],[13,-35],[53,-80],[18,-88],[26,-180],[111,-58],[125,-1],[31,-10],[43,-32],[46,8],[48,-60],[58,-16],[45,15],[122,-3],[63,-59],[53,-2],[42,-11],[41,45],[41,18],[87,-20],[54,-54],[43,11],[21,-12],[53,0],[14,10]],[[62690,91685],[-35,-17],[-48,30],[-60,-48],[0,-34],[26,-23],[20,-43],[-16,-35],[-37,-20],[-7,-26],[58,-129],[54,-23],[38,13],[-4,35],[-44,26],[6,33],[63,-5],[-10,-66],[30,-2],[30,32],[67,-39],[36,13],[7,17],[53,11],[8,-12],[-4,-52],[-30,-46],[13,-102],[-7,-73],[24,-9],[6,-26],[24,11],[15,-15],[73,24],[8,54],[18,4],[79,-32],[70,-34],[12,-21],[-12,-70],[33,-45],[-6,-48],[34,-96],[19,-21],[21,-57],[-5,-34],[30,-60],[22,-15],[26,16],[-14,37],[49,15],[12,-27],[44,-21],[62,14],[59,0],[9,33],[106,45],[48,-13],[13,8],[5,46],[51,-10],[36,10],[31,-27],[60,39],[42,-2],[52,29],[33,-24],[13,8],[10,44],[29,21],[133,56],[24,3],[104,-11],[32,17],[29,38],[89,45],[62,54],[43,56],[15,66],[29,29],[72,54],[15,35],[59,49],[16,38],[47,54],[82,26],[47,0],[62,33],[26,49],[5,117],[36,64],[79,23],[67,-17],[48,-51],[20,-74],[29,-51],[9,-53],[56,-42],[54,-57],[44,-62],[42,-27],[46,-55],[70,-63],[67,-24],[79,-55],[60,-91],[87,-12],[44,26],[49,9],[77,-44],[79,-78],[27,0],[35,-19],[18,-49],[50,-54],[29,-18],[36,3],[23,22],[34,-4],[84,27],[3,50],[19,28],[9,40],[-5,44],[22,23],[50,8],[34,37],[31,17],[83,8],[29,-26],[97,-3],[48,-18],[65,16],[18,16],[2,29],[45,-7],[26,24],[67,15],[13,-25],[24,-5],[68,22],[60,-23],[169,-178],[114,-113],[127,-131],[40,-49],[100,-104],[21,-45],[11,-71],[58,-85],[52,-40],[31,-13],[46,-1],[70,22],[59,32],[81,31],[87,25],[68,1],[175,-8],[195,-22],[64,-22],[149,-73],[49,-15],[51,7],[202,12],[104,30],[66,-1],[95,-25],[49,-22],[78,-52],[44,-38],[117,0],[240,-6],[67,3],[84,19],[76,68],[93,94],[95,80],[73,39],[38,11],[87,6],[63,-8],[83,-23],[23,-17],[12,-39],[27,-33],[38,-29],[103,-58],[12,-23],[-27,-86],[-15,-79],[3,-22],[30,-50],[45,-49],[39,-56],[49,-36],[51,-54],[78,-101],[16,-40],[36,-61],[53,-47],[3,-36],[-18,-197],[-12,-171],[-21,-66],[-4,-34],[16,-3],[52,119],[91,77],[101,62],[71,13],[70,27],[87,13],[59,36],[67,15],[86,-23],[42,-25],[105,-11],[45,13],[89,67],[52,30],[46,18],[51,59],[29,13],[77,-26],[120,1],[107,-54],[74,-17],[62,4],[68,45],[94,52],[27,2],[76,-53],[46,-21],[35,-30],[54,-22],[39,-42],[21,-37],[23,-18],[55,-9],[82,-37],[33,-27],[19,-33],[52,-21],[88,-69],[9,-44],[-15,-94],[19,-40],[128,-74],[38,2],[79,32],[33,7],[56,-32],[75,-13],[126,0],[116,5],[75,-23],[49,-24],[103,-13],[2,-97],[20,-70],[31,-44],[39,-35],[47,-57],[33,-74],[1,-73],[-17,-64],[-32,-89],[-46,-86],[-32,-32],[-83,-35],[-61,-43],[-200,-77],[-78,-53],[-32,-12],[-60,-43],[-13,-36],[-124,2],[-40,-6],[-85,-37],[-56,-53],[-46,-80],[-50,-24],[-106,-15],[-54,4],[-24,-54],[-55,-64],[-83,-27],[-55,-32],[-49,-85],[-48,-43],[-60,-38],[-53,-60],[-23,-51],[1,-88],[-9,-40],[-26,-53],[-56,-78],[-34,-62],[-59,-8],[-27,-23],[-10,-76],[-22,-53],[1,-20],[35,-24],[47,-114],[17,-79],[-23,-90],[10,-37],[40,-55],[13,-52],[-13,-50],[-68,-94],[-46,-46],[-53,-80],[-64,-46],[-14,-19],[16,-31],[55,-33],[45,-59],[8,-26],[-21,-16],[-46,-8],[-55,-36],[-59,-47],[-50,-15],[-88,2],[-70,-5],[-167,51],[-35,-1],[-56,-71],[-17,-47],[-18,-124],[-21,-79],[-48,89],[-145,237],[-19,26],[-36,22],[-45,6],[-65,-30],[5,-29],[51,-31],[18,-24],[27,-87],[6,-90],[37,-175],[10,-102],[-8,-55],[-36,-92],[-3,-44],[11,-106],[-53,-168],[4,-20],[44,-67],[5,-70],[-8,-30],[-46,-87],[-39,-49],[-101,-206],[-4,-48],[11,-43],[26,-41],[5,-60],[-1,-136],[-45,-44],[-23,-51],[-70,-63],[-41,-54],[-63,-60],[-72,-50],[-29,-62],[-33,-54],[-46,-46],[-109,-59],[40,-43],[106,-64],[37,-45],[32,-96],[49,-72],[41,-36],[49,-23],[51,-14],[107,-18],[116,-59],[23,-1],[97,16],[59,15],[46,-4],[65,-36],[51,-19],[65,-12],[112,-14],[25,-83],[53,-118],[11,-66],[43,-105],[42,-64],[24,-69],[-9,-76],[113,-7],[84,-12],[55,-19],[42,-36],[82,-30],[32,-5],[109,-62],[36,-41],[14,-53],[42,-44],[43,9],[48,33],[58,29],[24,4],[103,-47],[57,-53],[72,-41],[75,-73],[32,-3],[125,2],[50,-42],[35,-10],[64,-2],[49,-21],[68,-13],[15,-14],[42,-118],[29,-42],[21,-13],[117,-43],[110,-59],[67,-5],[22,19],[18,91],[21,61],[25,5],[111,-43],[49,8],[169,60],[91,-34],[48,-56],[26,-52],[17,-13],[105,-42],[25,-32],[144,-44],[82,-40],[63,-62],[54,-73],[21,-55],[-39,-15],[-13,-53],[-30,-28],[13,-33],[30,-27],[45,-23],[17,-26],[4,-37],[-23,-32],[-30,-14],[-44,-84],[-80,-55],[-82,-96],[-7,-95],[-14,-21],[-49,-41],[-40,-52],[-41,-30],[-87,-17],[-62,0],[-26,-8],[-47,-38],[-44,-16],[-88,-73],[-27,-37],[-132,-113],[-57,-75],[-10,-44],[-27,-63],[-101,-119],[-56,-77],[-3,-87],[15,-84],[28,-75],[72,-136],[17,-24],[68,-19],[1,-31],[-77,-79],[-116,-81],[-34,-18],[-75,-65],[-41,-45],[-39,-136],[-58,9],[-68,-20],[-54,-2],[-28,11],[-68,44],[-68,13],[-80,-21],[-32,-24],[-34,-49],[-34,-1],[-65,-23],[-35,-4],[-112,4],[-66,-15],[-22,-19],[-9,-40],[58,-53],[-6,-41],[-35,-56],[-110,-136],[-46,-43],[6,-39],[36,-74],[-32,-151],[16,-39],[121,-60],[16,-65],[12,-89],[5,-178],[-6,-122],[-55,-41],[-76,-9],[-46,-36],[11,-61],[30,-74],[10,-105],[35,-60],[-9,-25],[-47,-63],[38,-46],[-37,-55],[-35,-30],[-44,-75],[-50,-50],[-79,-35],[-63,-42],[-76,-32],[-67,-7],[-51,-15],[-100,39],[-64,43],[-41,-34],[-92,-51],[-41,-64],[-93,-47],[-29,-10],[-66,-61],[-42,-26],[-16,-107],[19,-41],[-14,-61],[-102,-169],[-50,-132],[-15,-25],[-81,-58],[-80,-25],[-52,-4],[-47,8],[-79,-4],[-151,-17],[-25,-49]],[[60063,70299],[-2,8],[-101,61],[-18,24],[-11,50],[8,56],[-80,96],[-41,89],[-33,39],[-14,37],[1,35],[27,114],[37,78],[14,82],[33,40],[-6,78],[5,65],[-41,25],[-56,16],[-38,48],[-51,99],[-5,54],[11,42],[66,55],[48,28],[62,26],[22,79],[49,49],[0,20],[-39,29],[-114,28],[-49,37],[-68,31],[-20,-11],[-42,-52],[-26,-7],[-35,30],[-68,6],[-37,10],[-62,-11],[-36,4],[-70,39],[-25,30],[-26,5],[-93,-60],[-107,18],[-24,22],[-70,116],[-91,115],[-61,70],[-38,74],[-85,58],[-82,64],[-70,29],[6,55],[-7,63],[-19,31],[-6,44],[-28,20],[-68,-33],[-61,57],[-49,38],[-43,-20],[-73,-2],[-59,21],[-28,-5],[-45,18],[-48,38],[-71,23],[-30,43],[-19,12],[-57,3],[-51,-25],[-56,0],[-21,-12],[-41,-62],[-27,-25],[-10,-61],[-16,-35],[-50,-56],[-57,-28],[-26,-26],[-21,-1],[-67,24],[-30,-28],[-48,-29],[-63,-49],[-49,-15],[-38,53],[-40,31],[-22,32],[-100,61],[-37,16],[-6,39],[-56,91],[-47,54],[-80,71],[0,12],[42,94],[-8,24],[-114,129],[11,49],[44,20],[56,38],[10,27],[-12,59],[-32,78],[-1,62],[15,37],[34,44],[6,44],[-49,141],[49,53],[76,55],[24,61],[18,9],[40,-7],[44,6],[41,25],[149,188],[25,67],[-29,63],[18,116],[34,114],[-23,59],[21,46],[-4,84],[-11,36],[-51,71],[-15,31],[21,85],[0,28],[-23,59],[26,67],[9,48],[-8,30],[15,45],[21,97],[23,41],[27,108],[-7,50],[18,97],[16,21],[45,16],[37,38],[20,45],[41,150],[-4,27],[-45,26],[-76,65],[-11,71],[-42,85],[-44,53],[-67,71],[-16,48],[-68,151],[-39,43],[-53,80],[-23,79],[-31,59],[-34,98],[-79,77],[-33,49],[-33,9],[-54,45],[-41,13],[-95,55],[-120,51],[-71,76],[-54,33],[-43,17],[-73,87],[-20,51],[-64,37],[-2,57],[-33,59],[-22,60],[-29,197],[-6,230],[-9,55],[-77,106],[-117,190],[-86,184]],[[55722,78546],[55,25],[56,8],[70,-10],[84,51],[15,73],[138,89],[106,45],[185,47],[105,13],[27,23],[73,45],[54,83],[67,135],[60,55],[51,31],[56,76],[117,117],[126,134],[55,48],[1,95],[-8,123],[-29,147],[-14,109],[6,306],[8,63],[21,46],[39,33],[153,44],[30,19],[29,37],[77,124],[70,67],[146,97],[44,38],[121,86],[107,67],[97,81],[66,83],[55,34],[119,15],[41,16],[43,57],[6,87],[21,53],[5,62],[24,98],[98,-5],[111,26],[45,3],[77,-14],[41,5],[111,38],[35,-1],[92,-43],[120,-25],[72,-55],[91,-42],[104,-25],[60,16],[72,28],[56,37],[37,46],[48,47],[99,56],[70,26],[30,22],[29,53],[37,32],[31,71],[40,49],[47,79],[2,35],[-37,66],[-111,105],[-26,62],[2,95],[-25,135],[-37,79],[-21,97],[-45,105],[-33,107],[-3,29],[7,84],[-11,61],[41,158],[54,111],[10,44],[32,58],[-49,9],[-61,22],[-68,38],[-127,58],[-83,62],[-38,21],[-117,28],[-101,32],[-103,65],[-69,65],[-35,23],[-100,9],[-76,-18],[-22,10],[-55,67],[-101,14],[-42,11],[-88,-30],[-51,15],[-67,46],[-158,47],[-27,12],[-31,68],[-2,23],[-149,12],[-104,31],[-61,31],[-137,51],[-118,77],[-34,10],[-46,-3],[-78,-22],[-39,-22],[-103,-93],[-67,-31],[-39,-44],[-76,-28],[-55,-50],[-25,-10],[-62,19],[-47,25],[-39,39],[-51,71],[-18,52],[-6,60],[-39,64],[6,34],[-12,118],[2,50],[-52,260],[-4,65],[-44,66],[-2,41],[11,68],[19,28],[62,41],[65,22],[62,57],[48,77],[77,103],[41,67],[24,79],[-11,76],[-41,71],[19,16],[57,-20],[42,26],[64,25],[55,77],[45,77],[136,159],[49,109],[39,53],[103,81],[72,68],[27,12],[87,12],[57,20],[74,40],[97,42],[50,17],[12,40],[-19,66],[9,81],[16,29],[44,31],[18,28],[-13,47],[-31,40],[-14,44],[-1,72],[7,25],[-46,136],[-26,102],[-12,80],[-2,128],[5,28],[-15,153],[8,75],[27,74],[-4,52],[41,37],[26,-1],[24,20],[18,35],[11,58],[28,43],[-10,73],[-21,59],[-26,99],[-48,97],[78,121],[14,65],[-3,73],[47,121],[57,67],[77,130],[1,128],[15,109],[-2,56],[-25,97],[-4,103],[-7,31],[-95,183],[0,92],[-17,51],[-46,58],[-21,44],[-5,38],[14,67],[43,102],[-23,134],[-30,115],[-62,75],[-33,76],[-5,46],[-16,39],[-38,49],[-82,72],[-75,41],[-56,63],[-83,-11],[-18,36],[3,115],[-18,86],[-38,37],[-10,94],[9,43],[27,53],[9,38],[-6,59],[10,38],[31,37],[36,86],[31,55],[18,79],[2,53],[-7,45],[-31,73],[-73,125],[-11,29],[11,58],[28,57],[49,175],[-8,129],[-37,92],[-25,118],[25,122],[30,41],[69,65],[38,53],[15,49],[6,51],[-1,71],[10,33],[29,18],[50,9],[30,49],[36,42],[34,25],[93,19],[62,21],[43,26],[86,78],[54,35],[61,108],[87,119],[19,53],[18,97],[53,37],[52,22]],[[58817,93988],[89,-84],[28,-75],[35,-73],[57,-59],[91,-55],[80,-36],[44,-39],[39,-21],[81,8],[80,-13],[44,2],[34,14],[100,63],[64,48],[45,3],[80,-16],[50,-45],[27,-64],[52,-86],[32,-8],[31,13],[38,-15],[38,-50],[55,-42],[46,-27],[94,35],[123,34],[44,1],[93,-123],[26,-29],[147,-84],[45,-8],[112,12],[42,-6],[24,13],[34,41],[129,39],[113,5],[75,-10],[64,6],[36,13],[8,75],[86,86],[133,113],[51,49],[40,29],[79,21],[127,23],[73,21],[128,49],[80,9],[124,-23],[144,-53],[30,-32],[19,-53],[111,-211],[13,-43],[13,-85],[-3,-62],[23,-71],[59,-88],[44,-95],[51,-52],[88,-67],[52,-69],[13,-43],[6,-105],[30,-145],[19,-47],[41,-73],[29,-28],[46,-21],[-3,-35],[-59,-71],[-75,-96],[-66,-111],[-47,-61],[-47,-47],[-48,-80],[-42,-45],[-58,-48]],[[54373,77651],[59,98],[72,44],[48,10],[48,22],[31,35],[72,25],[43,75],[45,133],[51,70],[29,73],[65,128],[46,104],[27,25],[50,61],[47,40],[62,74],[48,29],[67,3],[85,-23],[106,-51],[36,-24],[58,-18],[72,-38],[82,0]],[[29465,72905],[30,47],[74,69],[42,67],[100,111],[-22,125],[1,59],[13,145],[-4,71],[9,52],[69,164],[11,66],[32,40],[25,76],[7,64],[24,70],[33,47],[96,73],[43,26],[75,66],[53,32],[97,0],[33,26],[33,103],[32,58],[55,29],[82,-8],[47,7],[31,16],[92,112],[53,74],[43,25],[68,14],[146,14],[49,0],[55,-20],[55,-33],[85,-76],[43,-76],[38,-37],[77,-48],[55,-21],[87,-22],[61,-3],[22,72],[23,27],[142,86],[64,34],[31,40],[13,76],[26,56],[52,61],[40,58],[22,66],[30,42],[16,46],[48,37],[13,69],[70,170],[76,88],[-36,65],[-58,80],[-25,51],[-19,86],[-3,52],[36,71],[45,75],[36,43],[13,53],[60,93],[20,62],[64,111],[9,57],[17,55],[-8,47],[13,67],[8,96],[28,79],[9,62],[-6,81],[-11,42],[-38,72],[3,102],[-3,103],[-8,71],[10,82],[16,28],[51,47],[35,49],[90,67],[15,25],[-12,25],[-66,60],[-89,33],[-33,23],[-52,125],[-11,48],[-47,93],[-18,48],[-9,59],[-36,47],[-14,88],[-2,46],[45,86],[-32,82],[-3,60],[-11,32],[-6,73],[-25,73],[-91,126],[-30,3],[-46,97],[-39,67],[-28,65],[-15,92],[-23,31],[-39,99],[-11,78],[-21,83],[9,167],[-15,125],[3,74],[15,69],[95,-6],[204,5],[188,9],[98,8],[78,-18],[163,-134],[42,-24],[144,-45],[60,-13],[26,8],[70,75],[20,28],[116,59],[34,5],[57,-60],[26,-14],[80,3],[63,-20],[79,-42],[84,-67],[131,-62],[169,-101],[55,-48],[111,-83],[30,-8],[85,6],[51,13],[48,1],[57,-34],[68,-21],[73,6],[33,14],[33,29],[83,114],[50,-5],[32,7],[46,47],[87,58],[77,57],[60,57],[27,11],[52,43],[31,15],[91,17],[64,40],[24,0],[81,36],[73,0],[68,9],[163,86],[86,35],[46,3],[131,-6],[29,37],[76,210],[15,30],[67,76],[56,54],[25,54],[2,93],[26,59],[45,14],[110,55],[87,28],[95,18],[66,1],[30,-14],[55,-49],[22,-8],[53,5],[71,33],[141,59],[91,0],[159,24],[48,-4],[97,-17],[63,14],[63,24],[27,17],[85,1],[107,26],[30,0],[133,-21],[54,-1],[78,37],[57,12],[97,5],[29,-5],[96,3],[110,21],[195,41],[49,37],[35,59],[92,15],[141,33],[75,-1],[57,12],[79,26],[124,55],[76,28],[64,17],[96,-4],[46,8],[187,71],[41,27],[55,23],[109,11],[13,36],[34,15],[30,91],[-25,66],[-5,154],[15,51],[-8,53],[-44,96],[-42,48],[-63,36],[-19,34],[-43,139],[-7,69],[-14,29],[-22,83],[-3,42],[-73,118],[-28,71],[3,60],[-7,35],[-29,41],[-40,33],[-88,26],[-141,30],[-48,23],[-45,31],[-126,41],[-78,13],[-35,30],[-40,140],[10,154],[53,46],[21,37],[3,34],[-5,126],[12,58],[32,75],[16,59],[55,72],[65,63],[122,142],[57,88],[15,37],[-14,77],[23,48],[11,98],[-10,66],[-26,58],[-31,92],[-60,39],[-84,98],[-14,26],[-51,44],[-46,94],[-13,40],[-32,53],[-25,63],[-6,79],[75,94],[0,29],[-22,87],[13,58],[25,44],[45,54],[15,66],[41,80],[42,45],[35,65],[19,22],[72,45],[10,37],[-27,141],[6,34],[52,137],[43,132],[42,58],[41,35],[64,67],[125,30],[90,45],[40,41],[70,15],[93,53],[25,62],[34,42],[23,70],[-12,76],[5,79],[-8,82],[-17,42],[27,40],[41,110],[26,29],[44,35],[31,13],[61,-5],[66,-39],[59,-15],[59,16],[94,58],[39,10],[144,78],[96,-3],[99,-33],[98,-11],[42,-11],[75,1],[75,-6],[77,-24],[51,-28],[46,-66],[37,-17],[90,50],[86,11],[59,54],[29,49],[41,41],[56,17],[41,-36],[40,-21],[94,-27],[64,-7],[28,-12],[18,-88],[153,-77],[79,-4],[34,-15],[55,-42],[103,-29],[90,-4],[85,-24],[61,-29],[57,-99],[53,-51],[66,-86],[60,-45],[36,-40],[53,-43],[13,1],[116,81],[61,69],[81,105],[64,43],[55,22],[40,-7],[95,30],[60,32],[27,58],[9,137],[-15,44],[-1,50],[42,111],[-6,137],[15,79],[-25,89],[-7,88],[-20,98],[-9,96],[8,79],[18,43],[-10,85],[16,81],[-7,63],[-22,93],[-22,56],[-49,39],[-23,27],[-34,127],[1,38],[-20,46],[-34,47],[-17,47],[-78,64],[-62,91],[-27,56],[-7,40],[32,90],[34,71],[2,48],[-26,65],[3,41],[28,36],[111,68],[18,18],[14,49],[-12,44],[-1,68],[-29,63],[-1,73],[-60,133],[-56,49],[-11,46],[-35,37],[-53,80],[-26,15],[-34,40],[-30,12],[-61,54],[-45,89],[-50,81],[-61,60],[-29,17],[-72,95],[-120,152],[-11,34],[3,124],[-4,56],[17,60],[-1,40],[-22,56],[1,46],[-18,171],[-5,98],[18,61],[-3,35],[-56,162],[-18,182],[16,75],[-12,37],[-46,91],[-6,60],[21,88],[-42,163],[-19,37],[-9,75],[-1,142],[-26,72],[2,117],[-4,27],[25,55],[23,95],[-6,50],[42,92],[80,112],[8,61],[-31,143],[-3,94],[-23,82],[0,72],[13,76],[-2,150],[12,68],[-1,54],[17,38],[-15,95],[-16,42],[0,33],[24,37],[10,79],[34,143],[7,101],[69,134],[29,76],[2,79],[-40,95],[-6,33],[1,70],[20,76],[-4,45],[-24,53],[-35,38],[-9,32],[21,38],[56,34],[48,56],[70,57],[58,62],[69,2],[287,-22],[61,-41],[110,-32],[96,-15],[68,7],[100,-7],[130,-5],[110,-36],[122,24],[57,-16],[77,31],[44,1],[76,-23],[137,22],[40,-9],[136,-69],[46,-8],[43,10],[85,52],[37,2],[43,-14],[39,-30],[116,-28],[105,-16],[78,8],[73,71],[57,82],[31,34],[50,30],[79,33],[115,113],[70,48],[44,20],[58,15],[59,5],[60,45],[81,18],[67,47],[22,38],[6,35],[86,137],[15,18],[85,43],[58,39],[87,-28],[77,-41],[43,-36],[28,-9],[88,11],[45,-12],[94,3],[38,-13],[46,-38],[90,-32],[122,-111],[71,-13],[36,-19],[65,-5],[57,-27],[63,-18],[39,2],[24,-54],[22,-13],[30,9],[68,-1],[43,13],[155,-4],[56,21],[16,18],[17,54],[31,31],[58,21],[56,35],[78,33],[93,9],[98,4],[24,14],[49,54],[103,3],[109,36],[50,9],[125,-1],[26,36],[121,315],[23,32],[44,95],[22,81],[-6,52],[-13,31],[-12,85],[139,68],[64,39],[32,38],[40,98],[17,67],[17,21],[58,27],[80,10],[62,-1],[33,43],[80,72],[38,7],[146,58],[119,92],[58,78],[53,56],[51,104],[73,87],[138,41],[75,27],[44,39],[44,13],[98,10],[68,16],[34,26],[98,175],[85,6],[126,-4],[113,10],[52,-3],[147,2],[13,6],[25,68],[14,142],[17,56],[84,73],[76,88],[50,23],[101,79],[56,27],[106,116],[35,45],[31,55],[33,152],[67,77],[65,50],[25,8],[5,22],[-5,94],[-10,43],[-64,166],[-14,74],[17,105],[-30,67],[-5,53],[0,101],[-16,25],[-36,22],[-17,51],[3,59],[43,161],[-54,27],[12,37],[34,30],[4,172],[7,47],[23,69],[32,182],[31,72],[26,31],[3,84],[38,103],[0,35],[-69,243],[-6,105],[-9,64],[2,73],[30,114],[21,49],[15,117],[67,174],[23,15],[38,60],[92,283],[48,122],[-29,113],[38,98],[15,21],[139,150],[75,-45],[64,-21],[72,-36],[106,-22],[41,-2],[113,-31],[43,-17],[108,-74],[23,-9],[114,-16],[86,-36],[97,-7],[54,-16],[77,4],[56,-78],[53,-180],[38,-108],[6,-152],[24,-45],[39,-40],[64,-111],[26,-24],[111,1],[88,-15],[101,-1],[38,5],[135,3],[25,8],[70,-37],[42,-79],[40,-59],[73,-84],[-7,-55],[-30,-102],[6,-57],[-10,-66],[-1,-92],[60,-70],[13,-51],[41,-66],[48,-25],[92,-25],[-10,-121],[-10,-48],[9,-76],[41,-129],[61,-55],[-4,-89],[21,-68],[22,-34],[-3,-53],[14,-74],[26,-52],[78,-104],[60,-95],[15,-38],[-3,-38],[-23,-49],[-4,-44],[16,-58],[70,-23],[70,-42],[46,-14],[18,-56],[36,-26],[64,-23],[57,-13],[56,-34],[72,-12],[74,0],[191,-134],[78,-36],[33,-38],[22,-75],[24,-35],[56,-46],[41,-44],[31,-75],[49,-142],[28,-113],[57,-153],[31,-112],[28,-67],[61,-96],[34,-79],[59,-72],[38,-29],[72,-14],[53,-36],[93,-41],[24,-29],[49,-28],[56,-19],[62,-42],[31,-11],[80,-11],[55,-23],[107,-103],[52,-14],[37,-25],[69,-92],[113,-26],[23,-21],[122,-51],[9,-9],[113,-11],[46,-40],[27,-12],[131,-17],[41,6],[46,-21],[37,-94],[33,-67],[13,-127],[50,-103],[44,-63],[23,-84],[31,-59],[133,-117],[76,-47],[36,-33],[28,-59],[50,-78],[80,-146],[12,-50],[-15,-39],[-34,-49],[-10,-37],[7,-37],[-11,-64],[-25,-58],[-65,-102],[-28,-83],[-7,-57],[14,-44],[47,-59],[-26,-33],[-13,-38],[-9,-73],[-47,-100],[-29,-102],[11,-77],[-13,-31],[-6,-91],[25,-126],[-6,-51],[-53,-139],[-35,-107],[-1,-30],[24,-84],[-3,-59],[22,-48],[24,-98],[26,-69],[53,-85],[41,-46],[104,-88],[76,-120],[11,-29],[-5,-98],[10,-18]],[[58145,27681],[-143,99],[-73,64],[-111,103],[-73,63],[-161,169],[-252,-77],[-114,-27],[-93,-2],[-249,35],[-270,37],[-43,3],[-143,0],[-185,-9],[-296,-2],[-92,1],[-116,-4],[-233,-2],[-34,2],[-96,35],[-122,121],[-137,143],[-19,34],[-23,110],[-23,30],[-31,3]],[[91604,27712],[79,25],[75,9],[58,-1],[56,-12],[73,-36],[56,-49],[101,-106],[57,-47],[39,-22],[87,-19],[61,3],[184,24],[42,-3],[135,-23],[63,-19],[45,-26],[62,-64],[28,-60],[47,-131],[12,-45],[41,-104],[40,-62],[38,-91],[19,-103],[37,5],[44,27],[109,111],[88,65],[84,74],[23,8],[50,-27],[26,-64],[-18,-106],[-28,-68],[-16,-18],[-107,-57],[-131,-37],[-141,-73],[-48,-45],[-28,-79],[-52,-86],[-65,-66],[-81,-69],[-100,-102],[-79,-117],[-14,-45],[-18,-112],[5,-27],[42,-83],[48,-29],[72,9],[33,-7],[64,-64],[32,-56],[51,-123],[19,-8],[57,-169],[52,-141],[63,-139],[53,-78],[203,-233],[58,-82],[24,-65],[4,-59],[-7,-70],[-18,-14],[-22,-115],[-25,-109],[-8,-69],[5,-117],[20,-18],[35,1],[128,144],[32,52],[37,92],[17,81],[-11,80],[10,24],[37,12],[47,-27],[83,-102],[54,-35],[42,-81],[62,7],[44,17],[24,34],[7,50],[18,9],[46,-50],[12,-47],[38,-8],[46,-47],[28,-44],[50,-13],[85,-159],[-3,-124],[40,16],[17,-21],[-31,-67],[-42,-57],[-36,-33],[-9,-34],[24,-37],[66,-24],[76,-36],[68,11],[154,33],[25,-13],[-30,-40],[-73,-32],[-23,-23],[8,-23],[87,-15],[54,-1],[107,37],[100,30],[56,-2],[-1,-26],[-30,-55],[-78,-44],[-97,-34],[-54,-37],[-6,-23],[21,-72],[84,-154],[15,-35],[12,-79],[-8,-59],[-61,-106],[-99,-118],[-6,-24],[17,-70],[52,11],[65,41],[64,48],[244,156],[36,-3],[9,-49],[-2,-147],[7,-47],[33,-88],[53,-70],[28,-54],[14,-58],[-14,-71],[4,-67],[46,-59],[100,-54],[39,-33],[23,-78],[5,-104],[-8,-27],[-29,-36],[-48,-30],[-158,-73],[-88,-76],[-43,-46],[-52,-75],[-23,-73],[4,-69],[30,-88],[-83,-5],[-52,11],[-58,86],[-39,13],[-5,23],[45,89],[57,88],[51,42],[32,39],[15,70],[-29,52],[-179,181],[-55,47],[-34,16],[-52,-1],[-104,-40],[-106,-63],[-134,-56],[-69,-22],[-46,5],[-69,-23],[-56,-49],[-62,-27],[-20,-71],[-76,-9],[-20,-38],[-15,-54],[5,-56],[36,-82],[-1,-31],[20,-42],[4,-75],[-12,-26],[9,-78],[-4,-136],[24,-103],[1,-87],[77,-190],[27,-103],[8,-51],[-1,-78],[-20,-58],[-19,-25],[-113,-95],[-27,-11],[-9,-21],[-79,-11],[-92,12],[-138,35],[-191,39],[-62,19],[-63,10],[-184,0],[-74,-6],[-70,-32],[-293,-100],[-167,-46],[-87,-18],[-42,-22],[-67,-56],[-87,-106],[-39,-80],[-25,-101],[-10,-82],[-7,-134],[-22,-202],[-12,-42],[-83,34],[-138,114],[-81,41],[-168,121],[-157,126],[-105,89],[-159,162],[-115,137],[-120,159],[-31,48],[-81,146],[-38,60],[-94,126],[-73,89],[-141,165],[-84,88],[-74,69],[-112,91],[-154,116],[-117,73],[-167,88],[-97,39],[-147,49],[-78,14],[-161,38]],[[89424,21598],[25,114],[19,65],[39,102],[11,81],[81,9],[15,18],[73,212],[6,31],[-189,96],[-35,9],[-84,4],[-273,-11],[-32,8],[-41,32],[-138,11]],[[89561,27192],[16,3],[179,0],[297,-22],[171,-3],[45,4],[178,-7],[167,-16],[136,-7],[68,0],[77,-12],[81,9],[115,41],[111,63],[30,28],[107,150],[60,89],[49,81],[78,82],[78,37]],[[89424,21598],[-96,1],[-82,-16],[-122,-54],[-70,-37],[-156,-95],[-179,-118],[-68,-50],[-134,-114],[-91,-50],[-88,-55],[-115,-54],[-146,-58],[-184,-56],[-200,-38],[-399,-59],[-183,-29],[-179,-31],[-39,-12],[-214,-94],[-218,-104],[-65,-41],[-126,-94],[-94,-59],[-174,-92],[-220,-108],[-99,-45],[-154,-80],[-63,-28],[-111,-40],[-108,-23],[-92,-28],[-215,-48],[-77,-4],[-61,-10],[-149,-5],[-107,-7],[-135,-1],[-150,12],[-198,44],[-280,89],[-82,21],[-262,44],[-133,14],[-103,3],[-265,-7],[-104,-11],[-106,-20],[-204,-51],[-39,-7],[-154,-40]],[[82331,19853],[-10,76],[-48,290],[30,17],[-22,110],[-17,22],[-6,62],[-28,-3],[-25,64],[-26,228],[-19,212],[-140,-10],[-18,202],[-126,-28],[-50,13],[-35,-12],[-20,7],[6,95],[-119,6],[7,96],[-61,3],[-6,32],[16,203],[-66,29],[-86,-7],[-38,16],[-28,-30],[-177,67],[0,27],[26,95]],[[82331,19853],[-83,-21],[-245,-36],[-225,-45],[-209,-32],[-165,-35],[-503,-91],[-105,-13],[-234,-15],[-189,-3],[-281,20],[-94,16],[-269,67],[-163,46],[-109,38],[-63,32],[-175,121],[-97,63],[-406,271],[-84,61],[-119,101],[-139,137],[-69,71],[-216,216],[-53,60],[-136,133],[-201,204],[-189,184],[-95,64],[-166,98],[-136,84],[-37,2],[-259,-6],[-51,44],[3,75],[-24,420],[-11,22],[-155,123]],[[76579,22329],[-78,325],[41,56],[41,-30],[83,116],[-48,41],[47,69],[-43,32],[37,64],[30,39],[-105,204],[31,24],[-33,60],[-51,72],[-79,59],[-112,76],[-19,19],[-26,56],[-57,76],[-60,66],[-123,86],[-41,37],[59,15],[30,24],[51,7],[238,135],[85,8],[-4,80],[55,12],[59,33],[68,30],[9,21],[117,-21],[11,5],[15,93],[89,-14],[97,-23],[20,106],[38,-9],[7,45],[20,-4],[18,64],[25,-7],[9,23],[36,-8],[7,42],[65,-11],[20,43],[64,-15],[35,147],[-125,47],[39,117],[125,105]],[[77396,24966],[328,-410],[119,-47],[-59,-184],[53,-12],[-5,-24],[74,-22],[186,-66],[67,-32],[-3,-20],[70,-36],[-4,-16],[97,-34],[14,-11],[-19,-65],[71,-31],[3,-21],[0,-170],[15,-33],[-4,-100],[11,-38],[19,-18],[82,-26],[178,-77],[94,-35],[148,-42],[64,-7],[62,394],[141,-18],[63,-16],[116,-38],[75,-21],[6,-19],[-12,-145],[-20,-72],[-10,-77],[20,-60],[27,-5],[336,74],[23,1],[126,-33],[124,-95],[13,-18],[-3,-61],[-35,-215]],[[77932,27100],[-14,-169],[-39,-53],[8,-68],[111,-71],[16,15],[61,-82],[15,-11],[-54,-15],[-17,-50],[-53,-123],[-135,-18],[-44,-178],[-7,-89],[-21,-74],[-65,31],[-71,-171],[-24,-82],[-54,-159],[-12,-26],[-165,-485],[-56,-149],[84,-107]],[[76579,22329],[-81,66],[-282,247],[-250,211],[-76,-74],[-121,48],[-105,53],[-260,114],[-126,63],[-216,96],[-243,104],[-11,39],[-171,84],[-70,29],[-15,98],[25,62],[-137,161],[-122,147],[-194,246],[-94,117]],[[78590,29086],[126,-2],[176,6],[195,3],[94,6],[63,-2],[142,9],[37,8],[-18,39],[113,2],[80,11],[56,-35],[64,-16],[92,-73],[41,-48],[33,-19],[-3,-37],[-17,-20],[-11,-48],[29,-92],[30,-27],[39,-10],[61,-32],[-4,-40],[62,-66],[13,-33],[78,-56],[7,-12],[73,-54],[32,-10],[52,-39],[53,-68],[-14,-52],[54,-51],[37,-21],[-130,-11],[-88,16],[-92,-21],[-72,31],[-53,-7],[-51,-26],[-39,-32],[-32,-60],[-31,-22],[-76,-31],[-64,-38],[-27,-37],[4,-40],[68,-57],[26,-37],[13,-65],[34,-35],[49,-11],[26,-17],[27,-43],[45,-10],[24,-29],[-23,-62],[29,-37],[87,-56],[43,-11],[59,-3],[113,25],[34,-9],[89,-59],[57,-31],[59,20],[38,0],[51,-14],[50,-4],[36,22],[31,74],[-7,94],[-48,70],[1,26],[-30,72],[-8,100],[3,33],[59,17],[113,41],[53,-12],[88,-57],[5,-22],[-23,-96],[-6,-73],[20,-36],[84,-62],[39,-17],[105,-22],[73,0],[48,-35],[50,-51],[37,15],[18,44],[68,10],[22,34],[-1,42],[68,50],[-1,55],[139,125],[62,5],[48,21],[15,21],[33,17],[74,17],[98,-12],[51,-29],[33,-53],[14,-91],[35,-26],[50,-10],[35,2],[59,20],[73,39],[89,81],[118,43],[102,9],[104,30]]],"transform":{"scale":[0.000013317470575311438,0.000010418199493307245],"translate":[138.39702616,35.985333]},"objects":{"city":{"type":"GeometryCollection","geometries":[{"arcs":[[0,1,2,3,4,5,6,7]],"type":"Polygon","properties":{"N03_001":"群馬県","N03_004":"前橋市","PREF_CODE":"10","MERGED_CODE":"10201","N03_007":"10201"},"id":"10201"},{"arcs":[[[-1,8,9,10,11,12,13,14,15,16,17]],[[18,19,20]]],"type":"MultiPolygon","properties":{"N03_001":"群馬県","N03_004":"高崎市","PREF_CODE":"10","MERGED_CODE":"10202","N03_007":"10202"},"id":"10202"},{"arcs":[[[21,22,23,24]],[[-6,25,26,27]]],"type":"MultiPolygon","properties":{"N03_001":"群馬県","N03_004":"桐生市","PREF_CODE":"10","MERGED_CODE":"10203","N03_007":"10203"},"id":"10203"},{"arcs":[[-7,-28,28,29,30,31],[32]],"type":"Polygon","properties":{"N03_001":"群馬県","N03_004":"伊勢崎市","PREF_CODE":"10","MERGED_CODE":"10204","N03_007":"10204"},"id":"10204"},{"arcs":[[33,34,35,36,-30,37,-23]],"type":"Polygon","properties":{"N03_001":"群馬県","N03_004":"太田市","PREF_CODE":"10","MERGED_CODE":"10205","N03_007":"10205"},"id":"10205"},{"arcs":[[38,39,-26,-5,40,41,42,43,44,45,46]],"type":"Polygon","properties":{"N03_001":"群馬県","N03_004":"沼田市","PREF_CODE":"10","MERGED_CODE":"10206","N03_007":"10206"},"id":"10206"},{"arcs":[[47,48,49,50,51]],"type":"Polygon","properties":{"N03_001":"群馬県","N03_004":"館林市","PREF_CODE":"10","MERGED_CODE":"10207","N03_007":"10207"},"id":"10207"},{"arcs":[[-4,52,53,-17,54,55,56,-43,57,-41]],"type":"Polygon","properties":{"N03_001":"群馬県","N03_004":"渋川市","PREF_CODE":"10","MERGED_CODE":"10208","N03_007":"10208"},"id":"10208"},{"arcs":[[-10,58,-21,59,60,61,62]],"type":"Polygon","properties":{"N03_001":"群馬県","N03_004":"藤岡市","PREF_CODE":"10","MERGED_CODE":"10209","N03_007":"10209"},"id":"10209"},{"arcs":[[-12,63,64,65]],"type":"Polygon","properties":{"N03_001":"群馬県","N03_004":"富岡市","PREF_CODE":"10","MERGED_CODE":"10210","N03_007":"10210"},"id":"10210"},{"arcs":[[-13,-66,66,67]],"type":"Polygon","properties":{"N03_001":"群馬県","N03_004":"安中市","PREF_CODE":"10","MERGED_CODE":"10211","N03_007":"10211"},"id":"10211"},{"arcs":[[68,-24,-38,-29,-27,-40,69]],"type":"Polygon","properties":{"N03_001":"群馬県","N03_004":"みどり市","PREF_CODE":"10","MERGED_CODE":"10212","N03_007":"10212"},"id":"10212"},{"arcs":[[-2,-18,-54,70]],"type":"Polygon","properties":{"N03_001":"群馬県","N03_004":"榛東村","PREF_CODE":"10","MERGED_CODE":"10344","N03_007":"10344"},"id":"10344"},{"arcs":[[-3,-71,-53]],"type":"Polygon","properties":{"N03_001":"群馬県","N03_004":"吉岡町","PREF_CODE":"10","MERGED_CODE":"10345","N03_007":"10345"},"id":"10345"},{"arcs":[[71,72,73,74]],"type":"Polygon","properties":{"N03_001":"群馬県","N03_004":"上野村","PREF_CODE":"10","MERGED_CODE":"10366","N03_007":"10366"},"id":"10366"},{"arcs":[[-61,75,-74,76,77]],"type":"Polygon","properties":{"N03_001":"群馬県","N03_004":"神流町","PREF_CODE":"10","MERGED_CODE":"10367","N03_007":"10367"},"id":"10367"},{"arcs":[[-62,-78,78,79,-67,-65,80]],"type":"Polygon","properties":{"N03_001":"群馬県","N03_004":"下仁田町","PREF_CODE":"10","MERGED_CODE":"10382","N03_007":"10382"},"id":"10382"},{"arcs":[[-73,81,-79,-77]],"type":"Polygon","properties":{"N03_001":"群馬県","N03_004":"南牧村","PREF_CODE":"10","MERGED_CODE":"10383","N03_007":"10383"},"id":"10383"},{"arcs":[[-11,-63,-81,-64]],"type":"Polygon","properties":{"N03_001":"群馬県","N03_004":"甘楽町","PREF_CODE":"10","MERGED_CODE":"10384","N03_007":"10384"},"id":"10384"},{"arcs":[[-56,82,83,84,85,86,87]],"type":"Polygon","properties":{"N03_001":"群馬県","N03_004":"中之条町","PREF_CODE":"10","MERGED_CODE":"10421","N03_007":"10421"},"id":"10421"},{"arcs":[[-15,88,89,90,-84,91]],"type":"Polygon","properties":{"N03_001":"群馬県","N03_004":"長野原町","PREF_CODE":"10","MERGED_CODE":"10424","N03_007":"10424"},"id":"10424"},{"arcs":[[-90,92,93]],"type":"Polygon","properties":{"N03_001":"群馬県","N03_004":"嬬恋村","PREF_CODE":"10","MERGED_CODE":"10425","N03_007":"10425"},"id":"10425"},{"arcs":[[-85,-91,-94]],"type":"Polygon","properties":{"N03_001":"群馬県","N03_004":"草津町","PREF_CODE":"10","MERGED_CODE":"10426","N03_007":"10426"},"id":"10426"},{"arcs":[[-44,-57,-88,94]],"type":"Polygon","properties":{"N03_001":"群馬県","N03_004":"高山村","PREF_CODE":"10","MERGED_CODE":"10428","N03_007":"10428"},"id":"10428"},{"arcs":[[-16,-92,-83,-55]],"type":"Polygon","properties":{"N03_001":"群馬県","N03_004":"東吾妻町","PREF_CODE":"10","MERGED_CODE":"10429","N03_007":"10429"},"id":"10429"},{"arcs":[[95,-47,96,97,98]],"type":"Polygon","properties":{"N03_001":"群馬県","N03_004":"片品村","PREF_CODE":"10","MERGED_CODE":"10443","N03_007":"10443"},"id":"10443"},{"arcs":[[-46,99,-97]],"type":"Polygon","properties":{"N03_001":"群馬県","N03_004":"川場村","PREF_CODE":"10","MERGED_CODE":"10444","N03_007":"10444"},"id":"10444"},{"arcs":[[-42,-58]],"type":"Polygon","properties":{"N03_001":"群馬県","N03_004":"昭和村","PREF_CODE":"10","MERGED_CODE":"10448","N03_007":"10448"},"id":"10448"},{"arcs":[[-45,-95,-87,100,-98,-100]],"type":"Polygon","properties":{"N03_001":"群馬県","N03_004":"みなかみ町","PREF_CODE":"10","MERGED_CODE":"10449","N03_007":"10449"},"id":"10449"},{"arcs":[[-8,-32,101,-19,-59,-9]],"type":"Polygon","properties":{"N03_001":"群馬県","N03_004":"玉村町","PREF_CODE":"10","MERGED_CODE":"10464","N03_007":"10464"},"id":"10464"},{"arcs":[[102,103,-49,104]],"type":"Polygon","properties":{"N03_001":"群馬県","N03_004":"板倉町","PREF_CODE":"10","MERGED_CODE":"10521","N03_007":"10521"},"id":"10521"},{"arcs":[[-50,-104,105,106]],"type":"Polygon","properties":{"N03_001":"群馬県","N03_004":"明和町","PREF_CODE":"10","MERGED_CODE":"10522","N03_007":"10522"},"id":"10522"},{"arcs":[[-51,-107,107,108,109]],"type":"Polygon","properties":{"N03_001":"群馬県","N03_004":"千代田町","PREF_CODE":"10","MERGED_CODE":"10523","N03_007":"10523"},"id":"10523"},{"arcs":[[-36,110,-109,111]],"type":"Polygon","properties":{"N03_001":"群馬県","N03_004":"大泉町","PREF_CODE":"10","MERGED_CODE":"10524","N03_007":"10524"},"id":"10524"},{"arcs":[[112,-52,-110,-111,-35]],"type":"Polygon","properties":{"N03_001":"群馬県","N03_004":"邑楽町","PREF_CODE":"10","MERGED_CODE":"10525","N03_007":"10525"},"id":"10525"}]}}}