{"type":"Topology","arcs":[[[16396,70136],[387,-77]],[[16783,70059],[622,-124]],[[17405,69935],[-41,-18],[-51,-246],[412,-82],[-1,-3],[-412,82],[-7,-6],[46,215],[-5,8],[-144,49],[-140,26],[-200,25],[-77,6],[-125,14],[-59,-2],[-149,17],[-56,-8],[-30,-136],[51,255],[-21,5]],[[28150,59030],[-11,24],[-20,179],[-132,44],[-281,121],[-7,32],[-147,64],[-292,125],[0,20],[-31,12],[-19,-25],[-573,246],[-5,-12],[-300,129],[-14,300],[72,50],[362,123],[625,29],[-1,17],[62,3],[0,-17],[521,24],[42,-12],[150,4],[429,20],[106,2],[-1,23],[82,4],[1,-11],[53,-1],[0,14],[176,9],[7,7],[-6,118],[7,40],[-83,-6],[-370,-17],[-96,-2],[-23,18],[-240,-12],[-177,120],[-45,-7],[-73,1],[-31,162],[169,7],[15,18],[-86,434],[21,37],[-1,52],[-30,154],[-15,-1],[29,-143],[-23,-5],[-42,215],[22,5],[7,-35],[14,4],[-70,357],[-6,0],[-43,219],[4,1],[-50,249],[350,200],[3,11],[-45,78],[46,35],[27,-18],[9,-27],[53,-92],[66,-17],[49,33],[-80,137],[31,168],[50,24],[17,19],[-45,75],[0,10],[-51,27],[-23,-8],[-104,12],[-139,-146],[90,-82],[-66,-65],[-25,-1],[-66,61],[-368,-212],[-21,15],[9,18],[-146,99],[22,58],[229,526],[-211,251],[-158,-131],[149,-177],[-320,-483],[-949,55],[-13,25],[215,326],[22,-2],[-6,-89],[148,-9],[5,90],[18,-1],[33,-37],[54,-3],[98,81],[6,79],[-6,72],[-71,84],[35,28],[-7,9],[225,183],[-3,8],[60,78],[-61,56],[-2,18],[-51,61],[-16,19],[-193,-159],[10,-12],[54,43],[7,-9],[-101,-84],[-8,10],[38,31],[-10,12],[-95,-79],[-58,6],[-172,203],[-12,-9],[39,-46],[-10,-8],[-95,112],[10,9],[54,-64],[11,9],[-236,281],[-9,-8],[54,-62],[-13,-10],[-79,94],[12,10],[30,-18],[-47,57],[-23,-17],[-77,92],[12,12],[31,-38],[9,8],[-82,95],[12,-30],[-12,-11],[-75,88],[14,11],[27,-18],[-52,64],[-22,-18],[-63,75],[21,18],[-32,37],[-95,-79],[10,-12],[-120,-98],[-16,7],[-159,-132],[15,-3],[53,-63],[23,2],[114,-135],[-28,-9],[475,-564],[-3,-4],[-199,-458],[-2,0],[-1066,1265],[-85,85],[-61,36],[-108,-104],[-7,7],[64,64],[-30,45],[-83,91],[-86,89],[-199,211],[-99,120],[-57,60],[-60,56],[-49,30],[-17,-2],[-77,-77],[-9,8],[122,118],[-214,213],[-20,2],[-109,-107],[-31,-25],[-66,-29],[-38,-5],[-58,5],[-71,32],[-28,23],[69,-40],[59,-15],[40,0],[64,19],[59,37],[63,61],[-41,19],[-26,36],[-63,134],[-40,70],[-159,153],[-52,26],[-82,25],[-64,-64],[-4,4],[87,86],[-30,66],[-69,68],[-52,30],[-131,48],[-44,38],[-50,-49],[-36,-52],[-13,-33],[-9,-57],[18,-82],[42,-60],[-43,51],[-18,57],[0,68],[12,42],[46,68],[117,115],[-167,171],[-7,-3],[-222,231],[-117,87],[-59,35],[-97,-92],[-7,3],[97,90],[-36,77],[-47,58],[-76,75],[-178,167],[-42,47],[-62,57],[-46,36],[-51,59],[-94,77],[-29,38],[-114,-104],[148,141],[-169,175],[-150,-140],[-2,2],[143,134],[-148,149],[-39,46],[-34,10],[-91,59],[-135,105],[-76,68],[-25,28],[46,46],[-33,35]],[[20974,68265],[68,96],[290,391],[488,662],[41,41],[258,365],[25,25],[118,178],[248,361],[119,181],[184,-110],[32,50],[37,38],[38,-68],[24,3],[65,-11],[89,-29],[53,143],[1,43],[21,38],[28,21],[52,5],[21,-32],[-22,-55],[5,-26],[35,-25],[49,-59],[87,73],[41,-40],[46,-26],[3,-37],[-20,-76],[35,-28],[48,-10],[41,82],[9,58],[38,43],[45,20],[79,68],[11,26],[10,92],[80,-30],[171,-69],[-71,-140],[111,-60],[18,41],[65,72],[3,16],[-29,58],[22,24],[29,62],[41,-15],[5,-41],[46,-61],[46,-9],[13,-50],[44,-54],[30,-13],[18,-38],[30,59],[58,33],[6,42],[67,-4],[14,78],[20,79],[23,46],[27,80],[18,36],[97,141],[32,32],[84,59],[188,192],[96,114],[79,110],[122,211],[192,341]],[[25609,72078],[7,31],[87,-4],[-1,-23],[59,-11],[21,26],[73,-13],[142,-19],[105,-29],[160,-27],[51,-21],[183,-103],[24,49],[13,56],[-1,61],[21,68],[41,98],[49,99],[66,93],[65,99],[52,28],[14,17],[41,82],[45,67],[80,74],[68,54],[58,72],[64,130],[40,131],[17,28],[76,95],[36,81],[39,54],[86,42],[77,-38],[73,3],[20,12],[53,107],[51,119],[66,67],[66,36],[8,26],[37,16],[14,34],[-20,12],[4,56],[21,-2],[-2,-56],[35,-8],[32,-43],[56,-34],[48,-10],[28,-48],[115,-214],[16,-56],[26,-37],[36,2],[89,-72],[64,-12],[34,-17],[130,-89],[14,-19],[3,-70],[-10,-409],[20,-55],[48,-152],[43,-39],[138,0],[258,5],[354,60],[22,-4],[42,-35],[96,-116],[41,-42],[10,10]],[[29746,72351],[98,-107],[161,-155],[33,-106],[53,-66],[124,-53],[35,-21],[220,12],[76,1],[143,-45],[36,-37],[170,-162],[19,-21],[19,12]],[[30933,71603],[7,-91],[28,-71],[-2,-67],[36,-75],[26,-175],[12,-36],[24,-23],[-28,-39],[-3,-36],[-67,0],[-29,171],[12,64],[-43,93],[-23,130],[-15,11],[-47,-30],[-19,-33],[-79,-52],[-55,-80],[-8,-86],[-7,-17],[-46,-21],[-46,-52],[-4,34],[82,85],[22,106],[23,38],[60,74],[118,96],[10,42],[-10,21],[-49,35],[-47,67],[-52,31],[-28,28],[-54,20],[-25,-106],[-36,5],[12,100],[-5,26],[-60,27],[-11,14],[-30,-8],[-53,-36],[-35,-8],[-117,15],[-53,0],[-45,-32],[-41,-89],[-59,-70],[-95,-72],[-31,-31],[-11,-44],[1,-65],[9,-31],[-16,-59],[-52,-48],[-26,-45],[-16,-71],[-24,-53],[-1,-28],[17,-44],[-29,-80],[6,-44],[-10,-42],[-29,-41],[-34,-30],[7,-58],[65,-199],[60,-175],[12,-75],[-23,-81],[5,-53],[50,-11],[81,4],[112,-102],[10,-33],[-53,42],[-40,48],[-49,14],[-76,-7],[-63,3],[-11,-71],[-12,-23],[-49,-46],[-35,-52],[126,-54],[46,-15],[141,-57],[44,-11],[3,-125],[443,30],[201,16],[14,24],[42,38],[39,72],[10,37],[1,88],[8,73],[60,217],[-22,69],[4,25],[41,69],[8,94],[-14,26],[-33,22],[-16,31],[24,19],[9,25],[-7,55],[47,4],[9,-37],[-28,-75],[38,-61],[-9,-59],[13,-39],[-1,-31],[-50,-69],[-2,-14],[32,-84],[0,-61],[-25,-63],[-40,-137],[-24,-124],[-12,-38],[-62,-137],[-16,-50],[-11,-62],[5,-94],[30,-91],[37,-69],[6,-36],[-30,-102],[20,-59],[77,-99],[50,-23],[11,-97],[46,-34],[54,-25],[172,-95],[-8,-53],[-44,-243],[-31,-137],[-13,-79],[-4,-81],[8,-37],[87,-183],[64,-142],[27,-42],[369,-79],[62,-12],[64,53],[87,94],[26,37],[61,67],[29,48],[84,45],[54,69],[42,80],[93,49],[90,84],[41,11],[36,-24],[13,-21],[-5,-74],[-18,-90],[-40,-70],[-30,-65],[-38,-99],[-102,-165],[39,-30],[73,107],[47,60],[16,33],[34,115],[59,66],[10,160],[-1,115],[-7,135],[87,-3],[52,-18],[69,-35],[107,-108],[40,-62],[41,-45],[44,-39],[16,-37],[1,-52],[-14,-56],[137,-20],[49,4],[31,-16],[83,-95],[-96,-84],[-150,-156],[3,-118],[144,174],[215,140],[66,-97],[-40,-61],[-16,-42],[-6,-55],[10,-70],[61,-146],[32,3],[48,30],[132,61],[62,7],[17,9],[31,-69],[45,-68],[56,-47],[42,-71],[-9,-19],[139,-35],[55,8],[56,44],[29,48],[4,25],[34,1],[-51,-103],[-61,-51],[-81,11],[-20,-6],[-16,-36],[-27,19],[-56,21],[-32,-5],[-14,-93],[-1,-89],[-40,-10],[-50,-51],[-24,-15],[-30,2],[-34,-21],[-25,-77],[-64,-109],[-171,-111],[53,-88],[19,-51],[-59,-96],[-14,-36],[-55,-96],[83,-30],[118,-109],[26,-18],[64,-80],[28,-14],[17,-68],[31,-11],[15,14],[70,21],[122,63],[50,20],[56,101],[39,30],[9,64],[104,196],[35,60],[125,235],[11,27],[31,-15],[67,113],[91,121],[209,288],[-16,23],[63,94],[80,128],[25,57],[23,38],[163,179],[-1,12],[-43,25],[-50,-5],[-16,9],[-12,37],[-8,56],[-52,45],[-61,72],[-6,60],[-17,68],[-7,74],[30,9],[4,64],[38,6],[74,37],[87,65],[187,108],[83,22],[39,18],[60,-15],[47,13]],[[35476,68455],[7,-14],[151,20],[16,-1],[157,-103],[35,-27],[108,-110],[79,-227],[36,-112],[17,-25],[57,-18],[91,2],[14,-4],[-92,-86],[-24,-32],[-19,-54],[-7,-168],[29,-91],[26,8],[47,-130],[3,-49],[0,-166],[-8,-32],[-83,-157],[56,2],[41,-43],[50,-31],[42,7],[38,49],[25,10],[51,-4],[68,-57],[21,-66],[3,-57],[32,-52],[41,-28],[25,-66],[22,-31],[56,-15],[138,21],[75,-16],[47,-30],[84,-17],[42,8],[30,-9],[36,-35],[36,-21],[23,-46],[57,-24],[75,7],[52,-46],[93,4],[33,10],[62,42],[36,121],[56,11],[38,-50],[-9,-30],[-4,-134],[119,-5],[66,-19],[67,-34],[143,-88],[57,-18],[-23,-113],[85,-14],[17,-39],[56,-71],[21,-34],[28,-19],[32,5],[66,-50],[41,86],[38,-8],[31,-20],[2,-24],[57,-29],[5,-30],[84,8],[50,36],[75,34]],[[38804,65817],[89,36],[194,72],[71,3],[71,19],[106,-3],[12,28],[32,31],[13,-3],[53,-97],[-7,-151],[8,-44],[-21,-38],[-19,-59],[-36,-60],[-30,-99],[-6,-44],[7,-36],[24,-36],[41,-37],[16,-74],[45,-39],[28,-50],[41,-43],[8,-20],[-15,-56],[-10,-107],[11,-110],[-4,-53],[-17,-110],[23,-94],[42,-53],[-14,-42],[-7,-85],[-19,-69],[2,-34],[17,-39],[-21,-63],[-27,-19],[-53,11],[-199,-91],[-94,-12],[9,-37],[-43,-126],[-59,-46],[-23,-73],[0,-28],[20,-46],[12,-88],[22,-30],[-4,-37],[-21,-30],[2,-34],[39,-25],[74,-89],[27,-3],[37,26],[4,-16],[-34,-22],[-8,-44],[10,-23],[28,-18],[31,-67],[47,-69],[77,-47],[133,-75],[121,-87],[110,-99],[36,-52],[11,-47],[27,-44],[39,-40],[5,-39],[30,-41],[9,-26],[27,-9],[28,36],[18,2],[30,-38],[-4,-25],[60,-11],[17,-44],[24,-23],[42,26],[7,33],[9,-29],[-50,-59],[2,-12],[59,-58],[55,-37],[36,-6],[58,11],[36,28],[127,73],[13,-16],[-129,-93],[-63,-20],[-77,-4],[-29,10],[-53,33],[-57,47],[-12,-69],[14,-65],[-27,-59],[-10,-73],[-31,-59],[1,-38],[30,-88],[27,-33],[55,-15],[86,-38],[178,-15],[49,-32],[29,-30],[15,-31],[24,-10],[11,-50],[-55,2],[5,-76],[80,-26],[29,-67],[20,-77],[27,-51],[20,-70],[17,-101],[13,-38],[61,-46],[156,-18],[75,-14]],[[41000,61053],[7,-28],[52,-76],[50,-102],[14,-55],[49,-18],[38,-31],[-8,-8],[-42,30],[-51,2],[-10,-48],[-16,-32],[-3,-77],[24,-50],[3,-79],[11,-21],[85,-44],[77,-56],[32,-39],[57,-31],[20,-21],[46,-95],[27,-28],[7,-27],[-11,-90],[76,-90]],[[41534,59939],[-8,-32],[-68,-95],[-77,-122],[-43,-75],[-31,-66],[-16,-61],[1,-94],[15,-56],[4,-96],[-14,-61],[2,-65],[41,-160],[29,-31],[-2,-105],[-9,-5],[-115,37],[-104,23],[-86,13],[-63,14],[-20,-2],[-70,19],[-80,-18],[-98,-67],[-22,0],[-39,61],[-24,77],[-26,15],[-17,-10],[-6,-102],[-17,-99],[-55,-46],[-17,-30],[-3,-41],[23,-47],[17,-65],[-4,-88],[-19,-52],[15,-115],[14,-56],[42,-50],[58,-20],[77,-72],[105,-44],[46,-42],[38,-20],[48,-93],[15,-62],[46,-125],[18,-29],[51,-40],[64,-95],[17,-42],[37,-133],[102,-61],[61,-28],[2,-11],[-47,-67],[-17,-65],[5,-62],[-30,-35],[-67,-57],[-17,-46],[-26,-46],[-33,-83],[-30,-102],[-57,-133],[8,-15],[50,-19],[124,-77],[31,-10],[110,-11],[52,-16],[138,-70],[35,26],[74,40],[136,-9],[67,-85],[41,-30],[48,8],[69,-18],[-41,-30],[-44,-92],[-110,-57],[-124,-97],[-38,6],[-25,-18],[-45,3],[-24,-19],[-4,-51],[-58,-16],[-38,-24],[-7,-28],[-63,-32],[-40,14],[-76,-10],[-39,32],[-52,16],[-40,28],[-1,20],[22,76],[-1,45],[-11,55],[-56,87],[-22,1],[-91,-35],[-85,-11],[-57,-42],[-41,-39],[-30,-65],[-30,-6],[-9,-42],[-35,-49],[-8,-28],[2,-76],[-32,-70],[-7,-59],[-34,-72],[-84,-50],[-39,-18],[-103,2],[-78,-29],[-74,16],[-34,-38],[-29,-75],[-46,-73],[-33,-91],[-66,-73],[-5,-71],[15,-84],[30,-76],[7,-51],[-17,-75],[-40,-76],[-27,-70],[12,-82],[-6,-52],[13,-106],[-11,-57],[-35,-29],[-42,-50],[-43,-76],[-90,-46],[-46,-57],[-1,-35],[15,-30],[54,-48],[54,-68],[7,-27],[-18,-43]],[[39879,53864],[-80,11],[-62,-1],[-34,27],[3,66],[-8,59],[12,82],[12,29],[49,84],[40,87],[5,53],[-8,36],[-82,77],[-106,40],[-68,40],[-59,53],[-136,-125],[-73,59],[-99,94],[-26,-18],[-70,-9],[-34,-12],[-4,55],[-58,-12],[-43,-41],[-16,-72],[44,-63],[15,-62],[26,-30],[42,-29],[20,0],[8,-29],[12,27],[29,14],[12,-14],[53,18],[54,-74],[-15,-31],[-46,-5],[-42,20],[-8,-13],[33,-67],[-6,-86],[-14,-26],[0,-34],[19,-41],[5,-78],[-63,16],[-41,2],[-92,-48],[-150,-31],[-53,43],[-78,23]],[[38698,53928],[-97,18],[2,69],[-36,44],[-23,52],[4,19],[30,4],[62,-8],[1,18],[48,21],[-7,15],[-86,-21],[-61,8],[-39,45],[58,48],[32,33],[-68,57],[16,38],[8,44],[36,59],[-15,40],[3,34],[33,62],[27,69],[-84,-94],[-165,51],[-19,2],[-96,-44],[-133,4],[-5,32],[-38,107],[-15,14],[-48,9],[-18,34],[-34,-5],[-56,-26],[-38,0],[-95,-29],[-55,-3],[-72,38],[13,103],[21,50],[-255,-16],[-85,-10],[-19,-10],[-72,6],[-29,-17],[-236,-74],[-77,-32],[-39,30],[-2,48],[-23,7],[-20,42],[-8,53],[-43,22],[-18,48],[-36,49],[-70,46],[-33,31],[129,181],[-34,30],[-126,89],[-30,67],[1,47],[13,36],[43,77],[-97,-17],[-23,26],[-38,17],[-53,65],[-24,38],[-44,44],[-54,35],[-104,110],[-81,69],[99,69],[82,34],[13,33],[-21,17],[14,24],[-78,69],[-91,22],[-52,-9],[-10,18],[134,39],[100,8],[37,-4],[10,20],[-20,18],[-59,0],[-157,-27],[-11,26],[38,36],[-10,19],[-59,-52],[-15,10],[-5,54],[-17,90],[70,-4],[57,9],[56,35],[88,65],[21,7],[55,-8],[12,23],[48,133],[19,34],[1,41],[-29,44],[23,11],[32,-14],[49,8],[22,-6],[-3,39],[45,25],[29,-22],[40,-2],[4,31],[-31,31],[0,27],[68,81],[-13,64],[16,30],[51,54],[39,79],[92,67],[-14,94],[-56,185],[-23,45],[-97,136],[-25,68],[-124,136],[-17,22],[-73,60],[-133,83],[-64,35],[-43,15],[-105,12],[-140,27],[-27,26],[-123,18],[4,87],[-25,30],[-100,39],[-29,-44],[-85,-247],[33,-91],[-3,-21],[-40,-132],[-20,-28],[-49,19],[-23,37],[3,52],[-14,67],[-18,48],[-45,56],[-84,1],[-8,24],[-35,47],[16,14],[-16,67],[2,70],[-33,22],[-74,13],[-85,-56],[0,-43],[-106,-71],[-11,2],[-35,53],[-56,-36],[-42,-41],[-47,-23],[-27,-27],[-67,-41],[-82,-118],[12,-84],[-55,-48],[-132,95],[-65,43],[-114,64],[-88,53],[-118,79],[-26,-36],[-39,-30],[-38,-41],[-73,-89],[9,-102],[17,-7],[35,-50],[-36,-91],[4,-59],[-6,-34],[-23,-42],[-61,-30],[-52,-8],[-136,0],[-53,-15],[-162,-102],[-60,-33],[-78,-4],[-37,-15],[-37,2],[-52,-19],[-29,-39],[-49,-30],[-57,-47],[-70,-11],[-19,-18],[-74,-4],[-12,24],[-44,-4],[-95,14],[-28,30],[-35,-1],[-15,-16],[-43,14],[-25,57],[-16,57],[-20,38],[-86,54],[-89,43],[-110,-16],[-99,2],[-27,21],[-64,-5],[-39,13],[-55,61],[-78,-88],[-27,35],[-53,52],[-45,19],[-67,53],[-59,24],[-21,-19],[-6,-31],[-41,-49],[-7,-43],[-40,-33],[-39,-1],[-67,-54],[-60,22],[-117,102],[-165,182],[-76,115],[-40,48],[-114,92],[-74,47],[-75,81],[-103,50],[-91,79],[-120,119],[-208,193],[-57,46],[-154,152],[-66,43],[-51,41],[-82,-118],[-29,-33],[-51,-36],[-33,-14],[78,-76],[35,-44],[42,-38],[103,-71],[-34,-43],[-135,-203],[-40,-5],[-53,-95],[-91,5],[-39,16],[-37,31],[-46,57],[-24,56],[16,37],[23,26],[17,-6],[-8,-36],[14,-19],[43,6],[36,33],[-11,50],[-49,14],[-95,-15],[-51,-15],[-34,20],[-10,45],[16,42],[-12,46],[-16,22],[-35,5],[-105,-102],[-76,14],[-2,44],[63,49],[-8,38],[-61,23],[-48,32],[-6,56],[-71,-13],[-159,-79],[-85,97],[46,78],[-4,60],[-25,25],[-12,-13],[8,-44],[-6,-24],[-28,-26],[-17,5],[-69,88],[1,31],[36,50],[-9,32],[-24,5],[-22,-48],[-69,12],[-73,6],[-22,-9],[-22,-33],[-32,-14],[-106,-29],[-86,1]],[[27275,61970],[24,-3],[56,-282],[-22,-3],[40,-202],[327,-92],[11,-42],[65,-337],[31,-20],[30,2],[32,-163],[-535,-24],[-331,-17],[-899,-40],[-154,-8],[-121,610],[-161,809],[-56,289],[586,-32],[251,-12],[2,32],[247,-13],[-1,-33],[483,-25],[32,0],[43,-218],[-14,-3],[34,-173]],[[42120,56338],[25,29],[43,-1],[14,-19],[-25,-34],[-57,25]],[[25603,64176],[86,-99],[-8,-7],[-85,100],[7,6]],[[38947,54136],[-42,-56],[12,-27],[50,32],[23,28],[-25,35],[-18,-12]],[[39106,54284],[-11,-1],[-58,-74],[-32,-19],[6,-25],[65,9],[53,77],[2,20],[-25,13]],[[73471,82859],[84,-298],[39,-124],[86,-232],[78,-242],[56,-153],[44,-104],[68,-117],[163,-255],[111,-132],[99,-127],[209,-236],[342,-356],[191,-191],[202,-173],[173,-128],[194,-138],[168,-116],[401,-271],[377,-257],[402,-260],[343,-235],[847,-585],[219,-147],[158,-113],[219,-169],[145,-120],[205,-180],[131,-111],[154,-124],[103,-90],[344,-259],[310,-212],[240,-151],[183,-117],[202,-104],[146,-62],[59,-15],[87,-6],[602,-12],[272,-6],[302,-10],[189,6],[340,46],[96,17],[93,26],[57,27],[142,87],[68,65],[31,43],[36,95],[20,89],[195,-110],[115,183],[37,207],[-4,-57],[44,-8],[163,75],[25,4],[-187,-85],[-46,8],[-25,-143],[166,-9],[-1,-5],[-166,9],[-10,-73],[-67,-43],[-40,-66],[71,-41],[46,37],[38,7],[88,-19],[17,67],[42,-3],[4,17],[-35,9],[4,15],[88,-22],[-20,-76],[120,-30],[43,157],[96,-24],[-43,-162],[145,-37],[110,-90],[121,-220],[110,59],[3,-6],[-111,-59],[27,-43],[19,7],[11,-20],[312,163],[8,17],[-33,62],[-16,13],[-471,283],[-8,-13],[-44,26],[-57,84],[13,9],[-191,286],[-44,100],[-48,17],[4,11],[39,-16],[5,11],[52,-119],[243,-364],[531,-320],[198,-358],[346,-363],[3,3],[185,-192],[-11,-11],[-58,60],[-72,-68],[-10,10],[73,68],[-118,123],[-60,54],[-67,-62],[-7,6],[69,64],[-280,296],[-88,-45],[-148,267],[88,48],[-24,8],[-335,-175],[157,-286],[4,2],[75,-137],[-97,-52],[29,-64],[32,14],[246,131],[3,-5],[-305,-162],[12,-15],[110,60],[2,-6],[-93,-52],[-11,-29],[-64,-25],[-77,0],[5,-69],[85,-7],[155,-19],[10,-20],[45,-6],[249,187],[6,-8],[-249,-187],[-226,30],[-52,-11],[-26,15],[-16,-16],[2,-55],[16,1],[2,-36],[-18,-8],[-26,-73],[8,-64],[34,-65],[35,-181],[10,-93],[20,-80],[40,-45],[17,-4],[30,-43],[-12,-62],[1,-34],[18,-34],[24,-2],[11,-65],[25,-1],[-22,-42],[30,-36],[-19,-19],[-56,-23],[-79,-46],[-33,-34],[-53,-73],[-40,-78],[11,-8],[-29,-18],[-37,-66],[-18,-63],[-15,-28],[-11,-87],[9,-70],[-5,-34],[6,-97],[12,-34],[39,-57],[51,-37],[62,-19],[28,2],[62,-25],[26,-38],[-36,-49],[-41,-44],[17,-32],[-16,-27],[31,-11],[-19,-13],[-27,24],[-5,-27],[-25,23],[-37,-22],[-36,42],[-30,-15],[-43,27],[-21,-10],[-37,-42],[-29,15],[-47,-36],[-37,-53],[-15,-33],[11,-43],[-14,-51],[31,0],[-5,-26],[-42,2],[5,-38],[-40,-11],[-18,-37],[4,-94],[13,-2],[-16,-70],[2,-60],[9,-31],[-3,-59],[7,-37],[-9,-18],[27,-109],[28,-33],[17,-63],[20,-37],[35,-10],[27,-27],[-15,-7],[39,-37],[10,-27],[-20,-67],[-1,-35],[17,-30],[50,-7],[23,13],[6,-26],[-40,-48],[-28,-22],[-79,60],[-6,24],[19,11],[-8,36],[-32,28],[-105,40],[-44,-4],[6,-15],[-35,-3],[19,49],[-29,21],[-91,-14],[-52,28],[-62,-21],[-52,-3],[-23,-17],[-102,53],[-20,-3],[-129,67],[-98,16],[-33,-11],[-74,-76],[-59,-29],[-4,7],[58,27],[77,76],[32,11],[74,-10],[13,13],[131,-68],[13,24],[-112,64],[-29,29],[-91,33],[0,-47],[-17,0],[0,60],[-106,37],[-14,-1],[-2,-92],[-57,18],[2,93],[-136,3],[5,-6],[0,-92],[39,-49],[89,-35],[-11,-15],[-107,42],[-68,-6],[16,29],[0,90],[-45,18],[-39,-9],[-30,-39],[-53,32],[-21,69],[-125,-38],[-9,32],[-299,-93],[6,-50],[-20,55],[171,49],[145,46],[12,-25],[71,25],[35,91],[-2,37],[12,0],[26,-90],[50,11],[-9,42],[25,8],[-10,75],[-116,9],[-82,199],[6,3],[-29,72],[-258,-203],[-19,-8],[-124,-13],[-26,14],[-168,336],[-46,35],[5,6],[44,-34],[170,-340],[20,-10],[108,12],[-24,57],[8,21],[92,45],[8,21],[-114,228],[-20,8],[-54,-26],[-45,11],[1,37],[-18,-9],[-34,13],[37,51],[-4,9],[40,45],[55,-1],[25,43],[-1,46],[-33,74],[-100,-27],[-5,16],[98,20],[-9,65],[-42,140],[-63,54],[-31,0],[-60,-130],[19,-41],[-16,-7],[-74,66],[7,16],[46,-22],[13,47],[-22,76],[-44,30],[-34,6],[-69,0],[-9,27],[-50,36],[-56,15],[-27,-2],[-80,-60],[56,-25],[-8,-13],[-82,37],[19,8],[44,130],[-235,11],[-105,-7],[-213,-2],[-335,-15],[127,9],[-3,11],[-144,-10],[-171,-31],[0,-7],[120,16],[-80,-15],[-199,-25],[142,23],[-13,11],[-44,-10],[-125,-17],[-29,-15],[-44,6],[-98,-26],[-75,-5],[0,-10],[-145,-42],[-75,-1],[-96,-28],[-160,-78],[-124,-54],[-228,-81],[-254,-83],[-160,-57],[-408,-127],[-116,-37],[-91,-40],[-199,-68],[-151,-45],[-87,-35],[-65,-66],[-25,-17],[-56,-11],[-70,-24],[-129,-55],[-156,-12],[-128,-48],[114,47],[-4,13],[-165,-67],[-71,-42],[-45,-22],[-59,-8],[-40,-39],[-11,19],[-25,2],[-35,-20],[-66,-98],[-24,20],[-31,-5],[-70,-35],[-155,-55],[-42,16],[-36,-23],[-39,1]],[[76486,72392],[-14,47],[-33,27],[-37,72],[-30,15],[0,24],[-29,-6],[-53,72],[-10,51],[-28,21],[-38,-14],[-47,-33],[-24,9],[-30,35],[-6,58],[6,43],[-26,29],[-81,11],[-26,19],[-22,-1],[-56,-35],[-7,-18],[-26,7],[9,30],[-26,11],[-41,-4],[-47,-65],[19,-54],[-29,-16],[-3,-29],[-28,-7],[-29,9],[-13,26],[-51,-5],[-32,13],[-8,30],[78,38],[-7,32],[-65,28],[-27,70],[-40,48],[-55,17],[-34,-14],[13,-35],[38,-66],[-10,-45],[-11,61],[-22,33],[-43,-29],[-2,48],[-17,8],[-42,-24],[-12,-34],[17,-60],[42,-29],[15,-48],[21,22],[21,-3],[20,-57],[-62,-21],[-31,83],[-66,-19],[-15,32],[-44,-46],[-42,-1],[-6,22],[-134,-30],[-58,4],[-13,48],[-73,78],[-17,28],[0,52],[-16,31],[-43,15],[-48,7],[-28,-40],[-14,-35],[-37,-18],[-33,21],[7,21],[36,31],[1,25],[-24,9],[-44,-18],[-24,-20],[-38,-14],[-37,5],[-13,25],[19,30],[-113,28],[65,313],[-46,12],[4,36],[88,2],[11,45],[-56,53],[31,97],[66,4],[-10,56],[2,42],[31,-29],[26,-8],[11,16],[0,69],[101,-11],[14,26],[-24,42],[16,46],[68,149],[36,48],[1,24],[31,84],[35,12],[-12,33],[-11,66],[-20,57],[-5,34],[23,16],[-17,19],[109,108],[13,-37],[44,15],[8,-17],[29,12],[24,-59],[18,-15],[62,3],[-10,55],[-43,-11],[-17,18],[7,41],[-19,46],[36,45],[-59,12],[-26,53],[65,-35],[228,11],[94,34],[3,-8],[83,31],[21,18],[3,43],[-11,24],[-74,46],[0,35],[32,74],[-10,60],[-2,60],[14,73],[-9,31],[-35,54],[-14,67],[-21,26],[-44,26],[-20,-5],[-21,35],[-2,52],[-17,14],[-42,5],[-9,24],[46,25],[-1,86],[-35,56],[-20,2],[-40,-61],[-28,-13],[-14,13],[32,72],[-6,36],[28,13],[10,21],[-1,64],[-18,50],[19,97],[3,58],[-60,-9],[-59,-92],[-85,-94],[-55,-31],[-65,-64],[-11,41],[26,41],[-2,29],[110,40],[17,18],[-9,45],[15,14],[31,-3],[21,21],[12,69],[14,15],[70,3],[27,62],[5,75],[39,-10],[3,30],[-14,4],[7,41],[32,-5],[3,31],[-34,6],[60,54],[17,44],[-108,70],[36,72],[32,89],[-135,49],[5,-64],[10,-23],[36,-30],[-141,-223],[-146,-215],[81,-57],[-79,-108],[-39,-65],[16,-10],[-12,-29],[-20,11],[0,-33],[-17,-43],[-66,-27],[-43,-132],[-32,-11],[-97,109],[-100,-80],[27,-31],[-139,-59],[-138,-93],[-48,-49],[-26,-46],[-39,60],[-33,-21],[-50,-14],[-15,43],[51,4],[72,42],[42,66],[46,-37],[21,22],[-51,41],[36,50],[-27,22],[-62,-92],[-38,-48],[-23,-17],[-47,-16],[-100,7],[-62,44],[-128,65],[-38,25],[-26,30],[-7,25],[9,80],[-29,49],[23,40],[81,64],[-61,68],[-18,12],[-61,108],[-7,49],[6,94],[40,56],[21,76],[25,146],[-6,52],[60,62],[61,28],[6,32],[-69,54],[-49,-11],[-47,30],[-26,40],[1,24],[24,39],[-41,0],[21,41],[45,45],[61,36],[23,5],[-10,106],[7,56],[38,112],[40,28],[18,58],[-14,23],[-40,6],[-60,-23],[8,13],[60,46],[-19,44],[47,-2],[33,-14],[28,28],[7,26],[16,115],[-17,49],[-18,14],[-117,0],[-14,27],[-13,94],[-12,17],[-47,19],[-19,39],[-68,50],[-52,85],[-38,-4],[-24,-26],[3,-47],[-27,-25],[-32,-13],[-12,-21],[-29,-7],[-22,54],[-47,19],[-44,-48],[-86,-4],[-2,40],[-49,22],[5,72],[-5,39],[-53,-81],[-33,-29],[-36,14],[-35,67],[-70,55],[-43,19],[-60,56],[-366,4],[-40,24],[-22,60],[10,95],[-21,55],[7,63],[-10,36],[-33,41],[-23,13],[-15,27],[58,60],[-11,44],[29,60],[-6,56],[-19,45],[-5,45],[22,63],[6,75],[-6,28],[-27,39],[-53,16],[-47,46],[-28,12],[-55,-61],[-60,-12],[-52,-2],[-49,-10],[-29,8],[-46,40],[-54,96],[-25,78],[-17,26],[-33,4]],[[71890,79303],[78,105],[131,170],[30,59],[4,43],[12,12],[41,2],[29,27],[25,48],[1,65],[49,97],[4,19],[-6,96],[-6,27],[14,53],[-10,40],[-61,23],[-55,53],[-54,35],[-88,36],[-32,1],[-52,-35],[-52,41],[-5,17],[12,51],[0,84],[47,189],[23,144],[12,55],[-11,50],[-24,19],[-42,59],[-203,44],[-115,26],[-226,65],[-93,-6],[-58,5],[-17,13],[-21,163],[30,99],[46,74],[36,42],[7,59],[12,34],[68,112],[-32,27],[11,93],[-14,57],[15,20],[30,118],[110,26],[26,16],[302,57],[53,19],[47,32],[88,10],[83,-4],[36,4],[112,57],[48,58],[49,-9],[51,24],[-6,45],[6,23],[37,18],[19,28],[115,20],[70,0],[41,20],[46,4],[22,21],[187,61],[66,28],[96,54],[136,86],[251,128]],[[84009,77109],[5,8],[-31,73],[5,145],[-8,31],[30,1],[-3,-172],[34,-88],[-32,2]],[[85254,75273],[8,-10],[-131,-102],[-8,11],[131,101]],[[84496,72126],[42,9],[-3,-37],[-23,-18],[-21,29],[5,17]],[[84484,72045],[-26,-3],[8,43],[31,-7],[-13,-33]],[[76554,72397],[55,-10],[36,8],[247,69],[1,-3],[-247,-69],[-46,-8],[-46,13]],[[82279,72246],[7,-13],[-73,-38],[-7,13],[73,38]],[[84992,74268],[5,-20],[-39,16],[15,26],[22,2],[-3,-24]],[[83045,71955],[-87,88],[6,6],[86,-89],[-5,-5]],[[84206,72751],[4,-20],[-29,2],[4,35],[21,-17]],[[83746,76826],[122,56],[3,-6],[-122,-56],[-3,6]],[[83240,72078],[-109,-48],[-3,6],[109,49],[3,-7]],[[84481,73413],[14,-15],[-37,-4],[23,19]],[[83698,72030],[49,9],[-47,-23],[-2,14]],[[84368,71776],[41,34],[-8,-19],[-33,-15]],[[13383,68536],[-326,256],[-460,365],[-123,103],[-129,95],[-166,135],[-5,7],[14,162],[-48,46],[-59,46],[-106,50],[-72,14],[-72,30],[-73,45],[-118,45],[10,28],[-36,34],[-93,26],[15,51],[-38,14],[-220,5],[-137,9],[-25,-68],[-14,-1],[11,-64],[-93,-2],[-49,-10]],[[10971,69957],[-32,85],[-9,63],[7,189],[44,261],[17,75],[38,63],[75,67],[85,50],[134,69],[88,30],[113,33],[181,32],[262,35],[323,34],[95,21],[66,29],[91,65],[112,101],[147,188],[243,304],[79,123],[128,222],[159,270],[12,81],[-19,112],[-61,171],[-63,162],[-33,160],[-25,246],[-108,137],[-100,91],[-140,95],[-173,123],[-85,86],[-47,71],[-55,102],[-80,187],[-68,95],[-60,64],[-161,143],[-142,118],[-96,89],[-51,76],[-24,64],[-33,159],[-5,98],[9,131],[23,118],[27,117],[181,390],[40,117],[10,94],[-4,142],[-21,117],[-93,275],[-66,92],[-67,65],[-75,53],[-284,125],[-111,108],[-71,91]],[[11298,77131],[124,115],[16,33],[24,10],[109,-93],[39,-12],[24,5],[51,32],[40,45],[-61,98],[138,-39],[71,73],[30,15],[29,-8],[55,13],[31,84],[88,51],[52,78],[-33,62],[-4,23],[13,142],[93,362],[40,160],[45,105],[76,104],[36,40],[51,40],[94,-27],[136,-15],[23,-13],[31,-89],[20,-24],[56,-22],[41,0],[43,-17],[23,32],[31,-44],[68,-77],[92,-64],[83,-49],[133,12],[79,3],[81,-36],[123,-38],[121,-42],[-43,-132],[-21,-81],[-24,6],[-33,-171],[113,14],[90,5],[3,16],[175,-8],[37,10],[66,47],[-17,23],[36,32],[28,47],[47,-11],[44,52],[123,-12],[1,-123],[-23,-41],[3,-80],[44,-98],[17,-62],[9,-61],[-149,-35],[-11,-45],[13,-19],[-20,-30],[-41,26],[-34,-46],[-17,-37],[16,-16],[44,3],[27,-40],[-20,-37],[5,-13],[70,-58],[49,-14],[44,-58],[40,-18],[19,-49],[49,-33],[31,-5],[48,10],[26,17],[82,-18],[49,18],[33,48],[26,6],[11,-17],[-50,-60],[32,-31],[59,7],[27,-8],[46,-56],[4,-31],[47,-84],[146,106],[61,51],[65,73],[34,17],[62,53],[-72,115],[6,67],[-10,55],[27,127],[-32,119],[7,13],[63,27],[46,51],[0,43],[-42,68],[-33,12],[-95,-9],[-62,-11],[-83,-62],[-19,30],[35,22],[57,58],[33,10],[53,3],[58,20],[73,95],[112,111],[45,26],[46,16],[94,4],[174,-8],[6,-22],[25,-2],[-7,51],[36,44],[-7,84],[-21,112],[-43,126],[-61,38],[-82,30],[-33,2],[-32,16],[-2,31],[-30,34],[46,102],[65,9],[12,33],[20,102],[30,21],[41,7],[16,15],[55,17],[22,37],[146,46],[27,-79],[22,-30],[65,-49],[24,-34],[15,8],[-40,65],[-36,32],[-9,28],[-13,108],[40,43],[8,29],[51,16],[24,45],[50,53],[22,73],[19,32],[109,43],[233,-29],[25,-38],[55,-45],[61,-10],[40,6],[36,24],[225,-7],[224,99],[31,8],[76,-8],[38,-17],[143,-34],[7,-40],[30,-48],[36,-20],[29,0]],[[17701,79267],[-17,-38],[-7,-108],[-38,-261],[2,-73],[-52,-242],[-3,-135],[22,-74],[5,-41],[-22,-117],[8,-71],[-11,-33],[-37,-52],[-102,-45],[-93,-146],[-24,-45],[8,-134],[23,-23],[-23,-43],[16,-22],[0,-37],[153,1],[-1,-81],[31,7],[-3,22],[46,0],[31,-54],[1,-52],[-16,-61],[27,-47],[-79,-25],[-155,-27],[1,-39],[13,-48],[71,-37],[3,-54],[-11,-37]],[[17468,76995],[-3,-33],[55,-91],[6,-74],[50,-87],[23,-50],[13,-79],[-5,-43],[-25,-36],[-38,-27],[-54,-56],[-17,-34],[-11,-69],[5,-137],[47,-24],[48,-95],[85,-203],[13,-45],[37,-23],[66,-8],[0,-16],[-73,-11],[-131,17],[-36,-10],[-24,-19],[-14,-31],[5,-69],[-15,-83],[-22,-18],[-63,-20],[-84,14],[-45,25],[-29,28],[-22,45],[-55,-3],[-33,28],[-249,94],[-28,-5],[-18,20],[-20,-3],[-69,13],[-66,-39],[-25,-39],[-50,-20],[27,-125],[-5,-64],[-16,-126],[-31,-128],[-49,-151],[-82,-54],[-96,-112],[-10,-18],[-10,-83],[-7,-112],[-88,-82],[-13,-24],[133,-39],[-64,-195],[-61,-18],[-57,1],[-52,-8],[-21,-56],[-25,-9],[-120,-1],[-39,-8],[-49,-46],[-1,-16],[-31,-33],[-7,-38],[-74,-59],[-48,-60],[-59,-19],[-51,36],[-74,-20],[-59,0],[-33,32],[-18,56],[-34,42],[-12,30],[-11,83],[-37,41],[-52,-37],[20,-58],[21,-172],[-78,3],[-33,-13],[-226,-446],[146,-77],[-56,-111],[-118,-476],[-23,-107],[85,-26],[41,0],[45,-14],[42,-43],[29,-13],[93,232],[27,60],[9,63],[26,56],[53,144],[31,157],[48,-23],[-16,-33],[56,-29],[16,31],[43,-18],[-27,-50],[30,-15],[-8,-18],[51,-27],[19,67],[48,-22],[-23,-38],[53,-26],[-40,-92],[38,-20],[3,-16],[38,-10],[39,63],[89,-50],[5,26],[145,-60],[41,48],[63,35],[25,-6],[-11,-34],[14,-103],[34,-20],[21,40],[30,-13],[-14,-42],[17,-6],[21,41],[29,-13],[-14,-38],[18,-6],[154,-28],[15,26],[38,-18],[-7,-14],[24,-13],[-4,-27],[-2,-118],[88,-6],[0,-125],[19,-93],[32,-120],[9,-57],[13,-136],[10,-33],[25,-253],[0,-144],[-8,-36],[14,-205],[51,-603],[3,-46]],[[16750,70892],[-43,-17],[-209,-174],[-45,9],[-150,394],[-185,485],[-3,15],[-33,10],[-20,-27],[-36,-13],[-33,-40],[-56,-95],[39,-23],[57,-10],[92,-239],[53,-149],[4,-30],[-55,-15],[6,-19],[72,-1],[92,-239],[67,-192],[-366,-509],[-9,2],[-44,73],[-131,233],[-151,263],[-149,265],[-1,-6],[-139,-119],[-146,-154],[-159,-139],[1,-2],[-180,-157],[-132,-119],[-67,2],[-42,49],[-158,169],[-112,-108],[122,-129],[-319,-256],[66,-76],[650,181],[163,46],[329,91],[61,-28],[130,-281],[-506,-169],[-278,-38],[-119,-19],[1,-8],[-189,-26],[-37,6],[-173,-25],[-155,-119],[-554,-420],[-187,-444],[-1,-15]],[[16396,70136],[-1,6],[181,252],[-40,247],[11,26],[150,125],[15,35]],[[16712,70827],[37,-401],[24,-234],[10,-133]],[[14671,69551],[-208,-29],[-1,6],[266,37],[-57,-14]],[[17468,76995],[109,5],[181,40],[185,37],[23,46],[57,16],[117,127],[98,64],[-4,-119],[26,-27],[32,-78],[2,-40],[54,-115],[27,-31],[13,-72],[-78,-80],[-100,-110],[19,-12],[37,58],[63,68],[40,33],[48,-6],[88,-80],[53,-30],[33,-30],[5,-34],[41,-81],[125,-87],[68,-36],[32,-3],[56,-32],[79,-26],[35,27],[44,14],[46,3],[73,29],[35,39],[112,61],[69,15],[50,21],[60,-25],[66,-2],[94,-58],[116,-11],[128,-20],[50,25],[37,28],[-19,-38],[-9,-46],[63,-97],[65,-32],[17,-20],[37,-70],[13,-57],[0,-46],[23,-60],[12,-9],[51,16],[59,48],[36,6],[48,47],[80,9],[20,30],[-12,25],[-66,-12],[-80,-38],[-85,-64],[-29,0],[-16,30],[-1,68],[-18,46],[-43,40],[4,37],[-46,-2],[-25,12],[-83,113],[-2,13],[89,81],[56,-30],[22,16],[-11,17],[-61,34],[-12,77],[23,127],[0,39],[19,125],[73,33],[187,113],[85,63],[64,85],[162,163],[99,92],[51,37],[67,102],[6,31],[-1,65],[-100,18],[-74,34],[-63,17],[19,63],[-168,84],[20,59],[21,86],[34,4],[172,36],[39,21],[138,29],[132,13],[43,10],[51,-3],[-5,-119],[10,-62],[29,0],[28,37],[20,87],[28,27],[85,41],[128,121],[87,48],[34,13],[30,26],[-19,26],[-66,-7],[-21,-20],[-37,-12],[-40,-28],[-54,-55],[-62,0],[-71,47],[-102,111],[-113,33]],[[21077,78510],[259,194],[135,109],[288,222],[26,11],[59,-40],[63,-55],[128,-91],[47,-25],[94,-17],[156,-11],[26,-60],[19,-99],[40,-40],[71,11],[127,85],[22,20],[52,12],[50,71],[79,53],[38,58],[47,56],[89,27],[32,-23],[44,-2],[51,24],[71,17],[20,17],[98,57],[67,14],[54,52],[65,36],[49,47],[17,26],[35,18],[43,54],[85,13],[83,-19],[41,17],[23,29],[58,10],[67,43],[47,14],[67,29],[19,14],[58,72],[13,79],[44,51],[38,28],[9,32],[44,71],[42,40],[50,120],[23,35],[29,103],[1,39],[19,93],[36,58],[6,115],[16,94],[-1,47],[8,56],[2,63],[13,43],[-16,86],[-13,140],[2,51],[41,224],[16,117],[49,116],[45,92],[32,-9],[43,61],[32,-23],[25,31],[82,-66],[26,-7],[31,-33],[12,9],[275,-263],[135,-134],[54,-46],[226,-169],[21,-19],[22,-108],[11,-25],[61,-65],[20,-35],[24,-63],[41,-62],[105,-107],[-5,-8],[142,-140],[91,-84]],[[26208,80188],[-100,-49],[-20,-21],[-125,-191],[31,-18],[-23,-15],[-16,-44],[-27,-34],[-8,-110],[10,-95],[14,-34],[73,-105],[66,-76],[-24,-65],[-12,-128],[-18,-40],[-113,-88],[-39,-26],[-82,35],[-24,-83],[10,-32],[66,-33],[43,-14],[28,-28],[-12,-37],[-101,14],[6,-62],[79,-132],[41,-1],[12,-141],[-4,-9],[-79,-19],[5,-77],[10,-23],[34,-37],[67,-40],[6,-25],[33,-39],[33,-15],[79,-12],[71,-1],[18,-10],[-1,-30],[-33,-4],[-82,6],[-50,-3],[-12,-10],[-33,-102],[-37,-22],[-42,16],[60,78],[4,45],[-57,60],[-48,39],[-52,31],[-37,-41],[-130,-110],[-37,-56],[-20,-13],[-65,12],[-213,32],[-285,23],[-6,-38],[2,-75],[24,-81],[47,-55],[37,-28],[52,-61],[112,-57],[11,-20],[-2,-47],[29,-48],[57,-43],[-10,-42],[1,-55],[-8,-7],[-95,-33],[-36,-23],[-77,-26],[-44,-115],[-19,-76],[-55,-10],[7,-68],[-14,-2],[10,-108],[-237,-24],[-127,-22],[-261,-50],[-104,-224],[-14,-66],[16,-72],[4,-83],[-5,-22],[-53,-83],[38,-13],[-3,-43],[43,-17],[80,-51],[-6,-40],[60,-19],[124,-19],[1,-64],[48,-40],[-22,-77],[-59,11],[-135,-3],[-36,-69],[22,-49],[4,-36],[-9,-49],[124,-107],[5,-55],[-29,-86],[-8,-49],[-20,0],[-9,-46],[16,-12],[-58,-186],[-40,-117],[-89,-216],[-56,-220],[-42,-181],[-18,-110],[99,-44],[226,-127],[88,-45],[245,-111],[-25,-87],[-69,-145],[-33,-46],[-94,-93],[-45,-31],[-292,-154],[9,-140],[296,-90]],[[24619,73339],[12,-137],[-373,-32],[14,-141],[-136,-14],[26,-310],[15,-165],[-110,-8],[-9,-24],[-77,-5],[71,-106],[169,12],[12,-153],[55,-4],[6,-20],[65,-18],[-4,-22],[-31,2],[-59,-16],[4,-40],[-9,-55],[30,-25],[-37,-50],[-13,-41],[42,-70],[13,-70],[-26,-77],[-45,18],[-42,5],[-34,-28],[-30,-47],[-61,-29],[-18,2],[11,24],[51,36],[-2,36],[-31,24],[-71,20],[-39,5],[-1,15],[36,23],[9,36],[-47,116],[-43,26],[-23,37],[-79,42],[-59,16],[-152,77],[-126,55],[-9,-79],[-17,-42],[-146,-298],[-19,-21],[-86,-34],[-39,8],[-46,49],[-35,5],[-260,54],[-53,24],[-11,64],[-15,120],[-23,109],[-48,-23],[-44,-10],[9,29],[-9,23],[-26,2],[-59,-52],[-61,-43],[-16,-25],[-23,-5],[-43,9],[-43,44],[-76,13],[-115,54],[-49,-43],[-43,-60],[-17,-64],[-48,2],[-10,36],[-80,39],[-40,30],[-9,-5],[-33,-116],[4,-92],[-10,-22],[-58,-73],[-103,-118],[-35,-11],[-119,52],[-92,17],[-164,-3],[-168,6],[-133,-2],[-57,57],[-44,23],[-45,41],[3,19],[33,39],[-19,21],[-157,-87],[-77,-49],[-51,-22],[-51,34],[-19,26],[-69,56],[-67,66],[-143,125],[-29,2],[-49,-101],[-158,-308],[-55,-91],[-66,-87],[-2,-30],[-138,-183],[-116,-208],[-130,-266],[-59,-153],[-4,-49],[-46,-18],[11,-49],[73,-187],[113,-276],[17,-31],[51,2],[61,-140],[21,-32],[98,-106],[88,-99],[-223,-291]],[[19648,69455],[-7,4],[-1197,-164],[-25,192],[-72,498],[556,76],[-34,241],[-579,198],[238,623],[-39,14],[-13,37],[21,51],[-36,25],[30,81],[-8,3],[111,300],[2,22],[21,-3],[-101,41],[-19,-46],[-35,15],[13,30],[-133,55],[-40,-95],[129,-53],[7,-8],[-145,59],[-42,-102],[173,-107],[2,-7],[-58,-153],[6,-2],[-131,-345],[-16,-29],[-16,0],[-551,155],[-42,5],[-44,-130],[-86,6],[-338,36],[-19,89],[-31,9],[-22,21],[-13,-62],[-29,-112],[-14,-14],[-176,18],[-70,-1],[3,-34],[-29,0]],[[16712,70827],[37,3],[10,-102],[305,-61],[278,146],[487,-98],[46,-326],[-527,107],[33,-243],[527,-106],[20,-141],[11,2],[24,-170],[-37,4],[-142,30],[-356,72],[-23,-9]],[[18473,77106],[7,7],[-30,44],[-38,81],[0,36],[14,9],[45,-3],[88,-31],[47,1],[64,14],[30,36],[37,23],[22,39],[40,36],[61,158],[15,21],[71,21],[37,-9],[26,13],[47,-10],[17,-68],[54,-36],[30,-90],[42,-56],[20,-38],[87,-79],[99,-45],[62,-21],[-16,-88],[-29,-59],[-42,0],[-84,-101],[-55,-41],[67,-179],[36,-53],[18,-71],[-39,-3],[-53,-58],[-56,-27],[-44,-31],[-36,-3],[-52,10],[-85,-34],[-35,-4],[-140,77],[-76,73],[-60,48],[-24,29],[-78,120],[-68,63],[-51,111],[-29,130],[37,38]],[[17980,77396],[218,-58],[-76,-51],[-49,-40],[-16,45],[-39,-9],[-62,-40],[6,-50],[-19,-6],[-23,43],[-60,24],[-10,16],[15,26],[-16,51],[1,91],[130,-42]],[[18013,69523],[-18,1],[68,-477],[-2,-1],[-68,478],[-60,12],[-13,11],[-171,34],[78,21],[22,-38],[72,-14],[12,-11],[80,-16]],[[18124,68601],[-55,389],[0,16],[57,-405],[-2,0]],[[6361,1076],[-2,10],[47,83],[-7,43],[-17,41],[-43,48],[-108,51],[31,30],[-50,-28],[22,26],[-21,1],[28,31],[-9,6],[37,51],[-45,-16],[42,30],[-15,11],[18,44],[-20,-12],[-3,53],[31,27],[-14,6],[21,67],[23,44],[22,17],[-8,60],[17,-9],[5,-92],[31,0],[0,58],[-9,1],[69,63],[21,12],[-41,43],[-61,87],[15,10],[-30,41],[-72,-61],[49,-58],[18,12],[36,-43],[-11,-4],[-30,32],[-17,-4],[-56,66],[82,76],[11,29],[-25,-2],[55,52],[13,-5],[41,41],[-18,147],[7,0],[8,-63],[82,10],[-2,16],[89,12],[-8,56],[-91,-16],[-91,14],[90,-9],[37,10],[46,139],[0,64],[-23,13],[10,24],[-17,104],[-24,75],[-82,197],[-41,71],[-140,189],[-44,70],[-37,47],[-93,96],[-110,120],[-35,28],[-48,51],[-53,35],[-22,35],[-49,35],[-57,53],[-114,82],[-235,165],[-99,65],[-99,59],[-44,22],[-68,43],[-140,65],[-177,91],[-121,52],[-37,29],[-56,21],[-119,70],[-68,24],[-188,89],[-91,39],[-20,16],[-108,28],[-137,59],[-73,19],[-66,30],[-36,28],[-228,83],[-19,-7],[-59,31],[-97,40],[-73,4],[-42,15],[-11,-24],[-8,49],[-20,41],[-32,10],[-26,35],[-59,-31],[-3,22],[-16,-38],[-55,7],[-35,28],[-42,-15],[-23,-48],[-82,8],[-26,-32],[-28,-2],[-17,-17],[-76,-7],[-19,11],[30,18],[-18,12],[-40,-31],[-53,5],[22,7],[9,45],[-40,7],[-42,-10],[-18,-30],[5,-39],[-16,-13],[-23,17],[15,12],[-23,22],[-12,-12],[-37,-2],[-29,23],[-30,40],[-61,10],[25,26],[-40,23],[-4,22],[25,23],[0,40],[20,5],[4,28],[-29,12],[-97,19],[-29,38],[-25,-5],[-3,-20],[-129,-4],[-106,83],[-122,41],[23,-25],[-96,14],[6,-19],[-77,41],[21,-22],[-21,-4],[-103,41],[-11,14],[35,-2],[24,23],[16,43],[-6,20],[-26,8],[-13,34],[29,41],[-44,27],[15,20],[31,10],[-12,30],[-23,-7],[-25,-32],[-51,-35],[-27,6],[45,13],[4,22],[-34,16],[16,8],[-45,37],[-24,-5],[-39,27],[-5,41],[-17,-36],[-92,43],[10,9],[-31,71],[9,11],[-42,14],[23,7],[-57,36],[-8,24],[27,-4],[-19,21],[5,25],[-32,29],[38,11],[-52,31],[61,2],[17,42],[-63,16],[18,12],[21,-12],[-1,24],[57,-6],[18,32],[-25,9],[18,12],[-28,20],[34,4],[-62,31],[0,23],[30,-13],[-4,18],[59,-27],[8,28],[-19,14],[58,-16],[12,39],[-43,12],[20,19],[-16,67],[-25,61],[-16,6],[16,32],[-71,26],[-27,-3],[-25,70],[28,12],[-36,78],[21,-23],[-26,58],[27,-43],[-11,64],[32,4],[-4,39],[38,-25],[25,-5],[31,32],[-5,41],[12,29],[-30,9],[9,26],[31,9],[13,43],[-44,7],[-32,-13],[-34,20],[-10,36],[20,-14],[28,20],[-42,22],[32,-2],[25,39],[61,29],[46,-34],[40,-12],[14,17],[42,-10],[-19,-38],[30,16],[55,7],[62,-25],[-29,-69],[11,-26],[21,0],[8,-44],[33,1],[-27,-47],[12,-65],[47,-7],[1,41],[56,50],[5,15],[55,-18],[14,23],[-45,25],[0,23],[40,-17],[16,-30],[41,0],[1,24],[36,2],[18,-29],[10,23],[77,-28],[-10,-14],[12,-32],[40,-14],[7,-22],[63,-2],[43,16],[10,26],[29,-15],[33,19],[-1,35],[16,12],[42,-8],[49,32],[18,32],[8,-27],[37,-33],[14,0],[29,53],[37,-51],[20,5],[-4,20],[33,14],[-35,56],[79,-44],[51,61],[3,20],[48,31],[39,-21],[21,21],[27,-21],[41,-14],[-3,-11],[-47,-16],[7,-32],[-10,-27],[84,-52],[21,0],[8,-33],[80,-20],[63,7],[61,14],[52,40],[3,21],[50,-17],[20,33],[22,-8],[46,9],[0,9],[47,11],[20,19],[36,-39],[61,-20],[98,30],[-22,-13],[-83,-24],[31,-40],[-34,-37],[-14,10],[-42,-26],[8,-39],[34,-52],[30,-33],[22,-6],[23,-28],[21,30],[10,-13],[62,-17],[12,-11],[52,0],[11,-17],[102,1],[117,15],[175,47],[61,24],[78,13],[62,-21],[21,-21],[107,20],[53,30],[28,-18],[42,17],[27,25],[56,17],[115,71],[111,32],[-18,14],[54,17],[12,-23],[30,-1],[58,29],[22,3],[63,28],[95,32],[-9,120],[83,79],[4,-3],[-81,-79],[4,-61],[57,2],[-1,19],[86,5],[5,-35],[103,11],[77,34],[9,19],[65,26],[26,31],[-1,30],[61,15],[10,-32],[64,-44],[35,10],[67,-13],[49,24],[34,35],[1,32],[28,-10],[31,16],[-10,9],[29,48],[-6,-31],[14,-13],[-18,-17],[3,-31],[33,-14],[4,-31],[47,-30],[57,-4],[81,31],[157,101],[61,56],[20,6],[-4,44],[39,39],[17,-11],[13,43],[-13,38],[52,5],[-5,37],[-63,32],[-1,35],[291,497],[-11,20],[-11,61],[-25,44],[-25,10],[-34,-11],[-53,9],[-22,-7],[-98,18],[-20,44],[-5,34],[45,22],[21,38],[42,-8],[29,9],[21,-26],[9,23],[34,6],[-6,-15],[37,-2],[22,-16],[-25,-14],[2,-28],[38,-54],[52,-22],[57,-4],[56,90],[159,2],[497,11],[9,27],[19,5],[144,4],[101,36],[34,-42],[-7,-8],[26,-42],[16,-48],[46,-88],[22,12],[172,9],[0,-3],[-172,-9],[-98,-50],[-5,-11],[-6,-231],[1,-11],[45,5],[379,-5],[50,-70],[8,-30],[71,18],[39,19],[53,42],[-18,22],[81,73],[22,-24],[35,30],[-100,109],[-151,-51],[-1,3],[156,53],[99,-109],[37,19],[55,57],[-64,59],[22,24],[23,-21],[33,34],[25,-24],[21,28],[-23,24],[71,96],[32,-15],[26,26],[50,93],[30,74],[35,120],[-115,30],[1,5],[119,-31],[12,32],[-155,56],[2,6],[140,-53],[39,112],[21,111],[-1,31],[-125,31],[16,70],[9,-2],[-12,-54],[36,-16],[35,15],[49,56],[14,43],[11,88],[7,94],[2,120],[-19,62],[-59,61],[-32,-5],[7,15],[75,3],[19,67],[4,65],[-6,100],[-6,186],[-8,93],[1,86],[-10,75],[6,28],[-35,27],[-9,29],[3,46],[-43,181],[-66,217],[-45,131],[-73,190],[-58,96],[-98,146],[-39,44],[-84,52],[7,46],[-36,-111],[-148,-62],[-69,9],[9,9],[53,-9],[154,65],[29,85],[-125,42],[-27,-77],[-118,-57],[-3,3],[-94,-47],[45,32],[38,49],[125,61],[42,101],[-138,50],[-8,-32],[-114,-34],[25,-81],[-45,-13],[-19,44],[-24,84],[-52,-15],[7,-20],[-37,-10],[48,-91],[-16,-19],[44,-80],[-7,-4],[-59,110],[-43,-1],[-57,45],[-18,41],[-30,30],[-7,-7],[-47,66],[-10,77],[-29,79],[-54,77],[-28,26],[-70,22],[-55,-30],[-9,22],[-156,198],[-108,74],[-56,24],[-34,-3]],[[7000,12046],[33,34],[50,14],[5,28],[20,20],[27,1],[45,-29],[89,-40],[102,-30],[122,-12],[58,17],[71,-8],[63,-17],[112,4],[59,-25],[57,10],[35,30],[44,15],[15,16],[17,49],[22,19],[51,-2],[66,-18],[49,-25],[90,-6],[49,-36],[55,-11],[67,-2],[37,-11],[58,30],[3,25],[33,35],[32,6],[52,-23],[30,10],[48,43],[20,28],[54,26],[26,43],[33,12],[55,38],[53,-14],[73,-51],[33,-3],[27,17],[27,57],[-37,19],[-2,36],[50,134],[-4,64],[8,21],[35,9],[44,25],[63,-40],[116,3],[25,13],[45,43],[8,35],[59,33],[76,14],[59,34],[18,34],[2,79],[41,20],[62,84],[26,10],[23,35],[10,66],[-18,23],[-39,25],[0,17],[38,40],[72,17],[12,24],[22,-13],[35,18],[40,63],[39,21],[19,27],[32,0],[37,-23],[73,-1],[42,45],[43,87],[40,47],[86,62],[18,25],[1,28],[25,65],[54,63],[1,80],[-37,33],[-15,40],[-46,6],[-51,23],[42,50],[7,23],[36,20],[46,65],[8,58],[48,27],[8,42],[27,24],[105,2],[25,-6],[47,-70],[20,-61],[37,-63],[-26,-29],[-44,-10],[-35,-28],[-9,-21],[14,-75],[-24,-30],[-40,-83],[11,-36],[50,-18],[18,-22],[-12,-107],[-15,-58],[-32,-42],[-47,-33],[-23,-4],[-29,-50],[-2,-35],[11,-81],[-5,-25],[-50,-49],[-15,-24],[18,-63],[41,-26],[27,-47],[-10,-66],[16,-34],[0,-40],[114,-82],[-28,-56],[-5,-82],[-27,-52],[-7,-56],[-45,-29],[-12,-20],[1,-52],[10,-48],[23,-35],[110,-46],[14,-20],[2,-53],[14,-20],[18,-68],[-27,-50],[-3,-69],[-35,-46],[21,-121],[20,-63],[-2,-33],[21,-61],[-70,-72],[7,-31],[-18,-38],[14,-23],[35,-8],[12,-35],[-36,-40],[-3,-25],[36,-43],[-5,-21],[-56,-23],[-41,-57],[2,-56],[-49,-37],[-42,-16],[3,-60],[8,-14],[90,7],[52,-34],[8,31],[45,9],[31,-23],[157,47],[85,-3],[12,47],[21,31],[147,31],[29,2],[31,-85],[22,-19],[28,-53],[3,-60],[44,-21],[20,-31],[20,-82],[-4,-27],[-77,-21],[-59,9],[-48,-7],[-11,24],[-24,8],[-79,-23],[-57,7],[-30,12],[-70,65],[-23,-3],[-78,12],[-31,-16],[-3,-18],[23,-59],[46,-67],[4,-43],[22,-81],[20,-142],[-2,-221],[-15,-77],[-21,-58],[-73,-142],[26,-37],[-17,-51],[5,-13],[31,17],[12,-36],[-76,-143],[-127,-12],[-17,-8],[28,-49],[-42,-73],[11,-21],[63,-22],[44,38],[60,-6],[76,22],[35,2],[33,17],[12,28],[15,70],[54,28],[38,9],[59,-6],[30,6],[8,99],[129,-14],[66,-13],[69,14],[88,-6],[94,1],[114,24],[112,1],[0,-28],[98,34],[108,5],[87,26],[40,41],[55,4],[24,16],[19,36],[-20,86],[0,42],[-22,40],[-13,76],[27,94],[4,94],[-11,69],[10,67],[18,35],[25,27],[2,70],[207,1],[3,-66],[7,-7],[134,0],[-29,61],[34,8],[74,-1],[54,-19],[82,0],[33,11],[46,-7],[26,-14],[41,-48],[45,-19],[69,25],[51,-2],[50,46],[39,4],[33,-9],[35,17],[43,-51],[65,2],[26,18],[24,41],[57,39],[52,59],[42,8],[72,27],[37,43],[34,22],[18,29],[50,36],[25,29],[29,10],[70,37],[24,55],[-25,51],[10,48],[61,44],[55,54],[18,68],[56,-33],[38,-56],[52,39],[41,68],[46,29],[29,-15],[55,38],[17,-3],[26,-42],[-5,-61],[28,-73],[31,-8],[98,2],[52,-39],[9,-29],[-7,-72],[-30,-51],[8,-37],[-34,-61],[-37,-42],[-14,-42],[-3,-54],[-11,-21],[-57,-69],[-87,-143],[33,-69],[64,-24],[11,-26],[10,-96],[25,-32],[51,-33],[10,-26],[-8,-67],[20,-31],[43,-38],[32,-81],[40,-49],[4,-34],[-12,-21],[27,-56],[59,-71],[-33,-90],[-33,-20],[-49,-63],[3,-9],[54,-21],[15,-15],[56,-23],[17,-21],[64,-17],[63,-49],[35,-14],[29,-53],[53,-43],[13,-24],[-42,-26],[-83,-13],[-9,-15],[17,-59],[-20,-98],[-32,-31],[-30,-71],[-65,-24],[-51,-89],[-123,-53],[-52,-70],[0,-69],[-29,-85],[-40,-50],[-29,-10],[-60,-36],[-121,-59],[-17,-19],[-12,-68],[-46,-41],[-4,-62],[-13,-69],[12,-64],[-32,-139],[-64,-102],[4,-67],[-10,-32],[-2,-107],[-34,-109],[-12,-15],[-114,-60],[-22,-1],[-55,23],[-58,-10],[-61,-23],[-39,3],[-81,-63],[-48,-21],[-100,-23],[-75,-75],[-86,-63],[-38,-10],[-118,-8],[-60,-9],[-94,2],[-41,-11],[-58,-36],[-64,-15],[-93,-11],[-115,1],[-2,-105],[-11,-51],[11,-66],[-50,-71],[-25,-51],[-89,-88],[-17,-69],[-20,-52],[-8,-94],[16,-94],[-14,-44],[-42,-49],[-14,-38],[-9,-73],[-40,-93],[-32,-35],[-24,-44],[-83,-56],[-4,-83],[-29,-54],[-1,-54],[-19,-85],[-5,-115],[-28,-50],[-17,-68],[23,-38],[32,-20],[3,-21],[-18,-69],[2,-54],[-26,-62],[9,-39],[37,-57],[18,-47],[4,-75],[23,-70],[13,-79],[55,-25],[9,35],[21,14],[43,-5],[18,38],[45,-12],[22,4],[6,41],[16,18],[37,1],[28,-210],[-13,-69],[-26,-71],[-4,-37],[-20,-43],[-33,-42],[-39,-18],[-23,-49],[-28,-98],[2,-21],[27,-6],[87,42],[48,-3],[65,-59],[45,-64],[27,-65],[110,-16],[10,-42],[59,-20],[24,-37],[42,-11],[37,18],[88,-8],[38,-17],[64,56],[86,-2],[58,-29],[63,-64],[31,-42],[77,-27],[80,-59],[66,-28],[23,1],[117,32],[48,3],[16,-11],[-4,-78],[7,-33],[52,-31],[34,-42],[44,-9],[3,-16],[-29,-80],[-80,-134],[-9,-63],[9,-71],[-44,-108],[-44,-23],[-21,-47],[-67,0],[-3,-141],[-10,-54],[-107,-147],[-30,-22],[-23,-38],[-9,-38],[-26,-20],[-51,-17],[-19,-16],[-23,-71],[-34,-56],[-6,-78],[-106,48],[-39,-2],[-67,-19],[-34,-51],[-25,24],[-5,56],[-36,25],[-8,49],[-17,10],[-43,-28],[-22,1],[-25,33],[-15,0],[-59,-48],[-39,2],[-46,40],[-58,-4],[-18,-16],[-52,-9],[-11,-31],[-27,-19],[-33,15],[-7,51],[-33,-3],[-17,17],[-34,-30],[-30,0],[-18,17],[-28,-24],[-36,16],[-5,39],[-35,-37],[-36,-17],[-39,18],[-11,24],[-50,-2],[-21,8],[-30,-18],[-40,-54],[5,-64],[-7,-65],[-36,-21],[-28,17],[-12,40],[-24,27],[-78,23],[-42,-7],[-93,-2],[-18,-64],[-29,-58],[53,-24],[16,-26],[-56,-87],[-58,-49],[-33,6],[-19,28],[10,80],[-26,22],[-109,-54],[-39,2],[-54,43],[-1,30],[21,57],[39,18],[35,-17],[-9,25],[-43,16],[-55,0],[-1,34],[77,42],[50,9],[54,49],[33,87],[44,21],[1,15],[-33,38],[6,72],[13,36],[-2,56],[-13,54],[-20,45],[27,6],[5,18],[-36,79],[-38,54],[-8,23],[-34,28],[-27,3],[-28,-21],[-11,-50],[-29,-70],[-30,-41],[-17,-61],[-30,-38],[-23,-74],[-40,-41],[-84,-38],[-63,-8],[-23,-22],[4,-53],[-35,-69],[-56,-19],[-39,-48],[-28,-85],[-13,-13],[-47,-1],[-37,-81],[-55,-36],[-14,-26],[-32,5],[-15,30],[-32,9],[-68,-31],[-22,-62],[-20,-96],[-80,19],[-75,48],[-97,25],[-30,-12],[-21,-22],[-17,-41],[-57,-48],[-41,0],[-25,-19],[-44,-62],[-46,-10],[-39,-29],[-13,3],[-29,41],[-42,4],[-46,46],[-41,12],[-30,-3],[-22,-23],[-13,-62],[-27,-5],[-35,-27],[-27,4],[-78,25],[-15,-7],[-14,-54],[-17,-12],[-90,1],[-73,-93],[-31,-15],[-39,6],[-21,21],[-7,44],[-25,20],[-67,25],[-56,68],[-28,55],[-30,21],[-77,5],[-67,28],[-127,-14],[-14,-100],[-71,-23],[-65,-26],[-7,-74],[-20,-56],[34,-62],[-3,-25],[-32,-56],[-59,-23],[-59,-76],[-11,-38],[-32,-29],[-44,-20],[-16,-19],[-8,-70],[-26,-90],[-65,-3],[-46,-26],[-55,1],[-55,66],[-119,-25],[-55,0],[-53,-52],[-59,0],[-73,-36],[-32,-26],[-45,-15],[-39,-57],[-45,-26],[-58,-54],[-52,-20],[-32,-4],[-38,14],[-50,2],[-118,-36],[-213,-50],[-138,-20],[-41,12],[-143,84],[-93,43],[-71,38],[-112,-8],[-71,-39],[-54,-52],[-87,-24]],[[7424,11349],[-47,-27],[-12,4],[3,45],[25,18],[43,-11],[-12,-29]],[[1151,5780],[-32,14],[-48,42],[85,-26],[34,-19],[12,-24],[-37,20],[-14,-7]],[[973,6575],[3,79],[20,-16],[17,-39],[-9,-19],[-31,-5]],[[962,6673],[-5,33],[-32,40],[12,25],[46,-96],[-21,-2]],[[2476,4926],[-25,23],[7,30],[40,13],[-12,-21],[4,-38],[-14,-7]],[[1816,5345],[26,-4],[46,-40],[-24,-14],[-48,58]],[[1373,5413],[-11,-8],[-52,38],[6,12],[36,-12],[21,-30]],[[1110,5748],[-24,-4],[-21,44],[12,5],[33,-45]],[[7689,11305],[-37,38],[22,6],[20,-19],[-5,-25]],[[1379,5446],[49,-23],[-28,-6],[-21,29]],[[1041,6535],[21,9],[-8,-24],[-41,-4],[-12,12],[40,7]],[[1116,5838],[-37,40],[20,10],[21,-30],[-4,-20]],[[1155,5761],[-25,-9],[-24,24],[49,-15]],[[1847,5112],[26,-20],[-19,-11],[-19,17],[12,14]],[[1391,5454],[-4,17],[52,-27],[2,-11],[-50,21]],[[1468,5338],[-29,16],[20,9],[32,-29],[-23,4]],[[1495,5384],[-61,17],[-2,19],[70,-33],[-7,-3]],[[8764,9363],[-12,37],[2,31],[18,-23],[-13,-8],[5,-37]],[[7592,11305],[-22,-14],[-22,17],[44,-3]],[[1391,5378],[12,6],[25,-23],[-25,-5],[-12,22]],[[1385,5273],[28,4],[5,-19],[-33,15]],[[2604,4971],[-26,-8],[11,34],[15,-26]],[[1875,5206],[-26,-4],[-1,21],[27,-17]],[[2503,5008],[34,2],[-4,-16],[-30,14]],[[2835,5077],[-5,-20],[-20,14],[25,6]],[[1217,5776],[21,-20],[-13,-9],[-8,29]],[[2253,5041],[20,-12],[-30,-11],[10,23]],[[1069,5864],[3,-13],[-36,12],[33,1]],[[6328,2273],[-18,1],[34,22],[-16,-23]],[[2139,5107],[-29,18],[12,15],[17,-33]],[[7915,11086],[-56,107],[60,-106],[-4,-1]],[[2236,5055],[-7,-25],[-20,16],[27,9]],[[1814,5305],[13,19],[15,-11],[-28,-8]],[[15654,49202],[9,-47],[55,-103],[56,-130],[-54,-25],[43,-97],[-127,-193],[-184,-276],[-16,-45],[-15,-187],[1,-16],[71,-155],[-76,-34],[-116,-61],[-105,-67],[-54,-57],[-86,-111],[-167,-280],[145,-74],[91,70],[63,-31],[-12,-97],[2,-137],[23,-76],[59,-65],[83,-53],[78,-27],[108,-5],[137,-71],[95,-73],[33,-38],[33,-55],[60,13],[109,-7],[9,-47],[67,-28],[37,-53],[48,-52],[-3,-37],[21,0],[-1,-37],[83,0],[42,33],[-13,14],[26,39],[57,123],[43,8],[-11,32],[-34,10],[41,18],[19,-20],[58,7],[23,12],[63,-1],[43,19],[15,-10],[22,16],[87,38],[-9,20],[48,25],[40,-20],[3,37],[24,30],[27,-5],[36,-30],[-3,66],[-44,24],[37,117],[58,1],[2,58],[-142,25],[-21,149],[56,5],[211,29],[42,-3],[103,-56],[188,-113],[82,-53],[19,34],[158,-93],[-72,-200],[-26,-57],[-4,-28],[-48,-51],[-10,-33],[-35,-16],[-17,-29],[-33,-26],[-7,-58],[-34,-67],[-14,-59],[-1,-40],[75,-28],[59,-54],[78,-45],[58,-42],[33,-30],[135,79],[13,0],[91,-38],[68,-20],[19,106],[25,1],[12,35],[104,-14],[41,9],[114,-10],[112,-39],[122,-1],[163,-18],[-2,-20],[28,-7],[46,3],[24,18],[37,0],[16,-29],[5,-36],[55,-12],[68,-51],[160,0],[20,-30],[-17,-141],[40,-9],[56,-1],[76,-12],[48,17],[28,49],[22,0],[98,-23],[8,12],[150,-38],[3,15],[39,-11],[6,13],[92,-23],[7,13],[85,-19],[3,11],[65,-15],[6,16],[34,-8],[7,14],[85,-22],[3,8],[72,-1],[29,6],[158,-43],[-3,-9],[51,-13],[-68,-265],[43,-13],[-72,-272],[-168,38],[-5,-14],[33,-10],[-10,-67],[-38,-177],[-45,-31],[-22,-43],[-35,-113],[-74,66],[-164,116],[-80,52],[-110,50],[-92,7],[-97,-19],[-119,-59],[-90,-87],[-44,-39],[-142,-78],[-63,-6],[-5,-72],[39,14],[16,-91],[25,-20],[-6,-27],[101,-3],[23,-10],[-9,-56],[17,1],[3,-64],[29,-46],[48,6],[42,-6],[73,-49],[41,-46],[59,-20],[7,-38],[25,-30],[33,-13],[65,-10],[27,11],[63,8],[64,-12],[30,-23],[49,-77],[53,-10],[3,-16],[-24,-90],[-23,1],[-12,-66],[23,-42],[-2,-28],[-22,-25],[-12,-61],[-54,12],[-24,18],[-21,51],[-27,15],[-25,-3],[-44,-51],[-20,-101],[52,-113],[6,-53],[-20,-56],[-43,-59],[17,-7],[73,16],[-36,-45],[-35,-100],[-9,-62],[6,-36],[-4,-70],[26,-49],[14,-62],[46,-101],[15,-11],[6,-43],[-8,-63],[-89,-142],[-69,-61],[-23,5],[-40,-42],[-44,-65],[-24,-66],[2,-73],[34,-85],[6,-84],[10,-50],[45,-45],[130,-105],[38,6],[7,-38],[44,-46],[27,-61],[13,-66],[22,-71],[-27,-38],[-77,-134],[-25,-50],[-1,-116],[-24,-82],[-34,-66],[-7,-57],[16,-45],[-5,-31],[-46,-67],[-88,-79],[-111,-52],[-55,-11],[-62,23],[-68,-73],[8,-83],[12,-62],[41,10],[5,42],[-24,32],[7,31],[20,24],[21,-32],[5,36],[15,19],[31,8],[6,-40],[-27,-48],[-4,-33],[29,-4],[8,44],[24,8],[21,-25],[3,-42],[31,-11],[41,8],[18,42],[-15,72],[-22,23],[8,20],[27,11],[25,-22],[2,-73],[25,-15],[21,21],[0,114],[42,3],[14,-104],[42,-23],[27,-26],[-17,-24],[-35,4],[-57,-10],[-38,-25],[-30,-54],[14,-23],[5,-52],[54,-78],[35,-15],[33,13],[35,41],[27,3],[36,-16],[-11,-19],[-43,-6],[-33,-19],[10,-36],[15,-14],[97,-23],[-21,-20],[-56,1],[-19,-16],[8,-31],[34,-28],[28,-10],[71,-45],[15,-3],[62,21],[20,16],[19,111],[56,61],[23,17],[17,-27],[-49,-42],[-16,-34],[37,-23],[78,31],[90,11],[76,-62],[24,-4],[78,-33],[64,-16],[29,3],[66,-47],[24,6],[18,48],[30,38],[27,15],[30,0],[50,21],[27,35],[-1,32],[13,47],[65,78],[35,24],[38,55],[21,70],[45,28],[9,23],[47,45],[23,9],[6,22],[-27,66],[14,20],[16,-27],[23,-11],[14,25],[-25,29],[-41,83],[8,45],[122,-49],[39,2],[28,31],[26,-20],[101,44],[93,-1],[17,8],[3,33],[-44,101],[-28,81],[-25,37],[-30,94],[-20,34],[33,184],[1,30],[19,53],[33,38],[229,-11],[-1,46],[40,-22],[53,-4],[64,13],[73,-29],[39,3],[145,64],[19,16],[13,61],[4,52],[29,32],[-18,28],[35,28],[33,12],[18,40],[-23,160],[-2,34],[59,172],[24,85],[17,80],[-5,129],[47,6],[80,-16],[173,-6],[224,-5],[5,141],[77,-4],[6,46],[29,24],[16,36],[71,-19],[12,143],[14,-1],[20,220],[17,57],[42,15],[-53,56],[137,150],[149,-72],[292,-148],[130,252],[184,-96],[-10,-31],[99,-52],[10,12],[99,-39],[44,14],[129,175],[32,39],[72,38],[44,41],[47,64],[68,-8],[66,33],[59,8],[26,38],[81,-4],[50,27],[68,-24],[31,0],[86,-27],[39,10],[26,39],[37,17],[29,51],[42,21],[57,60],[18,0],[55,-29],[51,23],[48,10],[153,0],[60,-4],[18,-14],[44,5],[-6,-60],[35,3],[63,18],[29,-4],[22,-33],[31,-114],[17,-32],[35,-28],[34,-13],[28,4],[60,39],[103,25],[30,22],[21,1],[40,-20],[32,0],[89,91],[68,51],[8,75],[35,112],[10,62],[-33,56],[11,34],[41,-37]],[[26402,44300],[27,-13],[54,3],[9,-8],[-57,-106],[-26,-96],[-18,-131],[-26,-25],[-49,-17],[-37,-26],[-44,-84],[-8,-55],[7,-98],[40,-29],[56,-55],[16,-27],[48,-40],[57,-14],[45,-27],[98,-100],[114,-53],[58,-36],[73,-69],[105,-69],[52,-7],[84,25],[95,11],[52,31],[74,9],[8,24],[-45,59],[-13,31],[0,57],[77,14],[26,55],[26,39],[36,16],[-3,14],[-90,70],[-49,56],[0,16],[49,43],[-22,95],[-40,69],[-20,62],[-55,51],[-26,7],[-2,62],[77,-40],[82,-52],[36,20],[56,5],[44,-68],[12,-76],[43,-76],[24,-62],[28,-44],[37,-39],[93,-81],[20,-37],[20,-70],[39,-50],[4,-32],[-21,-103],[15,-57],[-57,-31],[23,-52],[30,-35],[36,-72],[50,-9],[18,-17],[8,-71],[18,-36],[45,-44],[30,-56],[27,-29],[66,7],[30,-13],[54,-125],[43,-62],[12,-60],[31,-25],[13,-49],[22,-36],[55,-12],[41,-66],[10,-49],[60,-22],[34,6],[55,-52],[17,-45],[-26,-4],[-44,-28],[-30,-33],[-6,-37],[-70,-48],[-13,-42],[13,-58],[37,-56],[22,-20],[42,-14],[85,-75],[54,2],[93,-60],[16,-53],[-16,-108],[-13,-47],[-37,-83],[-1,-32],[33,-63],[23,-86],[38,-46],[37,-133],[19,-38],[74,-89],[58,-26],[60,-89],[41,-40],[107,-78],[64,-34],[20,-62],[-16,-94],[-24,-58],[-34,-37],[-7,-112],[-13,-19],[-101,-75],[-24,2],[-40,-27],[-8,-36],[-20,-29],[2,-60],[-40,-61],[-30,-72],[-58,-39],[-77,17],[-34,2],[-24,-23],[-31,-86],[-38,-27],[-7,-20],[5,-98],[12,-57],[-22,-28],[-56,-42],[-13,-34],[9,-25],[61,-25],[3,-32],[-23,-27],[-70,-33],[-14,-25],[-8,-45],[-23,-55],[-17,-18],[-81,-59],[-41,-69],[-59,-74],[-32,-14],[-69,-14],[-78,8],[-55,35],[-32,11],[-21,-11],[-31,-63],[-42,-49],[-28,-52],[-35,-21],[-5,-75],[13,-61],[-16,-49],[-6,-50],[-21,-21],[-58,57],[-74,-15],[-45,-22],[22,-103],[-7,-62],[21,-94],[23,-46],[44,-47],[7,-24],[-16,-47],[-41,-54]],[[27675,38054],[-20,39],[-28,34],[-35,21],[-43,66],[-59,147],[-26,45],[-15,10],[-95,33],[-70,69],[-6,79],[25,68],[-40,85],[-35,21],[-78,-16],[-46,-18],[-28,15],[-36,40],[-20,56],[-30,43],[-43,-16],[-47,23],[-36,5],[-20,-18],[-11,-117],[-26,-14],[-39,11],[-55,70],[-33,80],[-28,-3],[-49,-39],[-68,8],[-27,46],[-10,74],[-42,57],[-64,31],[-75,-7],[-71,31],[66,108],[10,33],[66,110],[-23,29],[-81,-14],[-43,10],[-34,84],[-17,25],[-34,11],[-27,41],[-46,34],[-20,49],[7,41],[-55,75],[-28,12],[-55,-4],[-68,16],[-19,22],[-17,85],[-20,39],[5,82],[-38,103],[-37,72],[-16,126],[24,87],[-8,44],[4,37],[25,46],[33,46],[-20,13],[-62,7],[-32,-32],[-35,-86],[-139,10],[-54,-5],[16,-20],[95,-39],[42,-61],[4,-34],[-13,-5],[-19,54],[-16,23],[-74,23],[-49,33],[-28,75],[-102,43],[-39,2],[-10,-26],[22,-32],[-14,-23],[-70,51],[-65,4],[-72,-48],[-22,-39],[-61,-32],[-29,1],[-37,17],[-52,3],[-31,28],[-36,0],[-51,85],[-63,0],[-51,62],[-38,20],[-104,119],[-42,30],[-51,52],[-41,-3],[-39,8],[-52,45],[-91,33],[-43,26],[-69,-15],[-41,47],[-13,53],[-31,33],[-24,50],[-13,87],[-43,40],[-35,5],[-44,-20],[-28,2],[-75,32],[-22,19],[9,62],[-66,19],[-193,-5],[-23,-21],[-55,-1],[7,-300],[-233,-2],[1,-65],[30,-1],[0,-44],[-136,-4],[-45,-8],[86,-105],[52,-70],[-19,-60],[-49,-38],[-28,-9],[-67,3],[-31,11],[-117,56],[-35,-75],[-19,-3],[5,-156],[-28,-38],[27,-60],[79,-100],[25,-40],[24,-62],[-6,-74],[-32,-53],[-26,-29],[-68,-55],[-53,-34],[-17,-27],[48,-48],[53,-36],[-25,-77],[-184,52],[-10,-1],[-1,-73],[58,-135],[-123,-58],[-63,-8],[-39,-19],[-28,-27],[-38,-10],[-45,8],[-40,19],[-20,-8],[-42,-48],[-21,-40],[-67,-15],[-46,-28],[-83,-15],[-55,-43],[-39,-53],[-41,-21],[-59,-16],[-91,-110],[-27,-15],[-83,-20],[-84,-13],[-66,23],[-30,-7],[-77,1],[-50,24],[-26,3],[-59,-18],[-72,-13],[-35,-47],[-20,-41],[6,-72],[19,-146],[8,-35],[1,-55],[-13,-59],[8,-72],[-6,-31],[-45,-68],[-18,-39],[-21,-84],[-59,-32],[-56,-74],[-68,-110],[-65,-55],[-18,-24],[-18,-54],[-9,-90],[7,-37],[27,-47],[-65,-170],[-11,-64],[-115,-74],[-10,4],[-20,48],[-20,19],[-32,63],[-6,55],[-21,12],[-41,46],[-51,10],[-42,61],[-20,83],[-6,59],[-19,26],[8,75],[-25,44],[-78,45],[-43,98],[-36,20],[-31,-6],[2,81],[-38,69],[-42,53],[-61,142],[-35,53],[-20,64],[4,59],[-68,114],[-70,86],[-84,113],[-41,97],[9,82],[-9,70],[-12,5],[-8,-40],[8,-55],[-13,-48],[9,-53],[35,-95],[-15,-118],[-1,-114],[-16,-31],[-62,7],[-18,33],[-84,-51],[-71,-89],[-14,-51],[-3,-95],[7,-27],[-15,-117],[0,-52],[21,-55],[6,-69],[-10,-42],[-12,-127],[-30,-61],[-8,-70],[19,-32],[-58,57],[-38,-3],[-15,-35],[-2,-50],[35,-28],[38,-79],[-10,-10],[-40,41],[-23,-21],[-82,89],[-24,15],[-154,38],[-48,26],[-36,35],[-35,47],[-73,119],[-29,-43],[-51,-41],[-30,-36],[-34,-61],[-34,-12],[-20,39],[-30,23],[-14,44],[-33,26],[-20,38],[-59,18],[-74,8],[-25,-11],[-21,-28],[-32,-83],[-3,-34],[-16,-22],[-14,-73],[-25,-16],[-34,6],[-35,-12],[-18,-30],[-11,-56],[-14,-16],[7,-38],[-14,-8],[-33,22],[-32,52],[-15,66],[-31,63],[-62,-14],[-30,18],[-45,55],[-51,6],[-29,24],[-53,22],[-96,-25],[-51,7],[-5,113],[-9,39],[-17,25],[-5,64],[-40,57],[-49,81],[-58,29],[-56,64],[-79,55],[-42,24],[-29,31],[-44,68],[-32,38],[-108,55],[-31,29],[-40,77],[-18,54],[-19,113],[-5,75],[-30,100],[-102,-22],[-51,5],[-70,26],[-65,11],[-128,-25],[-34,7],[-59,-5],[-45,-47],[-67,-16],[-88,-42],[-50,16],[-57,-59],[-124,-12],[-10,7],[-16,62],[-23,28],[-57,46],[-73,34],[-41,50],[-2,80],[-48,34],[-57,-23],[-36,-32],[-4,-41],[-77,30],[-1,55],[-57,27],[-42,35],[-155,75],[-22,24],[-58,41],[-34,14],[-27,30],[-35,-5],[-45,-35],[-24,24],[-6,80],[-40,85],[-41,-15],[-32,-57],[-34,-21],[-17,17],[8,24],[55,47],[-27,50],[-20,2],[-86,-89],[-31,-14],[-33,3],[-44,28],[-29,-30],[-38,-10],[-14,20],[5,34],[-20,8],[-49,-17],[-17,17],[-3,52],[-21,18],[-38,-7],[-20,-80],[-51,-41],[-45,-54],[-3,24],[44,47],[-49,33],[6,58],[-12,23],[-50,-7],[-46,14],[-15,-14],[6,-41],[-27,-1],[-2,42],[-20,36],[-62,45],[-27,-15],[-3,-62],[69,-136],[-28,3],[-41,45],[-63,6],[-55,-7],[-16,52],[-18,25],[-52,-2],[-20,-41],[-41,10],[-24,23],[-28,77],[-35,16],[-8,37],[-36,-1],[-8,44],[-24,34],[-50,-14],[-3,-48],[-35,-33],[-19,13],[-27,59],[-21,5],[-12,-82],[-42,3],[-31,-9],[-20,-38],[-12,2],[-65,90],[-49,34],[-58,13],[-17,18],[-26,1],[-19,-44],[-20,-22],[-25,37],[-37,-13],[9,-30],[32,-24],[-26,-19],[-34,23],[-38,68],[-23,5],[-9,-19],[-13,-91],[-28,-9],[-45,8],[-26,-27],[-59,1],[-13,-11],[-36,-93],[-232,52],[-1,-43],[-20,-105],[-24,-84],[-34,-54],[-328,192],[-20,7],[-81,-3],[1,49],[40,78],[1,22],[-73,55],[6,59],[19,45],[-4,98],[-30,80],[-19,32],[-21,64],[-6,65],[2,62],[-22,16],[-10,41],[14,30],[-13,84],[-33,45],[-72,74],[-19,28],[-17,-4],[-17,41],[-50,83],[-154,306],[-154,294],[-118,231],[-102,208]],[[11079,41888],[285,0],[206,-394],[197,102],[21,25],[68,-16],[6,25],[-48,10],[5,22],[-65,15],[-166,313],[87,48],[-19,36],[-71,-37],[-23,4],[-192,187],[-269,512],[366,189],[147,-280],[388,202],[187,-357],[380,196],[-220,421],[-403,-207],[-111,211],[999,515],[122,-95],[19,-21],[105,-1],[26,45],[-141,259],[30,24],[62,30],[20,-51],[56,-60],[35,16],[-29,-29],[5,-24],[33,-42],[86,18],[-9,40],[15,3],[9,-41],[82,18],[-12,58],[-31,-13],[20,23],[5,57],[7,237],[-174,80],[20,68],[80,21],[61,-61],[32,-103],[48,16],[-26,93],[-14,3],[-6,35],[39,10],[-40,156],[20,39],[-15,7],[-47,-16],[-3,-11],[-202,-55],[-29,8],[-27,87],[-10,0],[-34,82],[-14,57],[-58,-20],[-17,-20],[-44,-2],[-364,-129],[-14,-17],[26,-65],[37,-59],[-29,34],[-29,71],[-184,514],[-153,426],[5,20],[123,85],[-38,22],[-26,4],[-21,-20],[-63,-2],[-26,45],[-61,27],[37,81],[40,-17],[29,67],[-40,18],[40,91],[-49,5],[-24,25],[-15,206],[-39,6],[-90,-14],[-18,47],[-16,101],[-72,88],[14,29],[-3,46],[-15,70],[-27,85],[-3,47],[38,60],[15,10],[-30,67],[-4,122],[3,63],[15,58],[44,97],[41,41],[19,0],[27,-62],[-17,-46],[35,-69],[-12,-26],[9,-20],[57,-4],[1,-14],[67,-8],[28,8],[69,-19],[109,-74],[4,22],[-32,34],[-142,61],[-52,13],[-4,28],[-103,69],[-3,45],[-31,63],[14,27],[-12,30],[-40,32],[-48,0],[-27,11],[-77,1],[3,373],[17,27],[1,37],[135,46],[6,-14],[-118,-40],[-11,-52],[44,-1],[0,17],[126,18],[44,0],[43,55],[75,79],[12,23],[0,44],[16,24],[-95,84],[15,148],[-8,-107],[134,-14],[17,-13],[7,65],[-38,39],[29,28],[16,58],[-8,8],[-66,-65],[-10,10],[116,114],[-20,37],[-125,-122],[-10,10],[149,145],[-29,30],[-149,-146],[-10,10],[169,165],[127,71],[17,-30],[24,-1],[164,47],[56,26],[58,39],[97,92],[49,42],[-6,8],[37,38],[62,49],[39,6],[112,74],[120,39],[58,26],[69,21],[-42,173],[84,102],[20,-16],[-73,-89],[23,-37],[64,78],[11,-9],[-82,-99],[23,-37],[73,89],[11,-9],[-86,-105],[22,-18],[36,24],[46,56],[21,-43],[30,14],[-15,61],[23,-9],[127,31],[-14,58],[-127,-32],[-15,7],[-63,124],[4,2],[50,-101],[131,32],[85,29],[51,5],[63,15],[22,-87],[-26,-15],[-121,-32],[10,-18],[66,16],[106,35],[57,24],[97,29],[36,-24],[27,2],[29,51],[57,22],[-12,39],[-56,-16],[60,27],[17,-33],[30,-8],[38,4],[115,35],[232,53],[31,3],[6,-62],[51,27],[-1,29],[31,23],[59,16],[-10,122],[187,35],[0,-4],[-183,-34],[7,-87],[82,7],[-3,53],[42,9],[4,-39],[86,6],[4,-49],[50,4],[-2,36],[-31,10],[49,4],[-3,36],[-51,-4],[-3,42],[217,15],[6,-80],[122,-45],[167,-8],[2,-9],[131,-33]],[[10145,51233],[38,-37],[264,-219],[-53,-62],[-219,181],[-75,57],[-8,-10],[-66,50],[9,11],[-57,49],[7,8],[-53,45],[42,49],[53,-45],[10,11],[58,-46],[9,10],[41,-52]],[[12767,44094],[84,20],[86,-46],[29,12],[30,-15],[-63,-119],[-78,49],[-227,228],[132,-131],[7,2]],[[13093,44261],[1,41],[-25,29],[284,78],[-20,-38],[-238,-69],[-2,-41]],[[10971,43282],[285,0],[154,80],[2,-5],[-155,-80],[-558,0],[0,5],[272,0]],[[11776,43550],[2,-5],[-341,-175],[-3,4],[342,176]],[[12007,46883],[20,-24],[61,-44],[-57,18],[-24,50]],[[12922,48682],[-35,-3],[39,27],[-4,-24]],[[11548,80074],[-70,155],[-64,229],[-87,290],[-38,81],[-73,117],[-51,105],[-29,96],[-3,66],[7,55],[14,48],[105,119],[27,53],[32,85],[9,116],[-11,90],[-24,89],[-55,152],[-44,168],[-17,94],[2,34],[49,148],[66,158],[16,107],[11,124],[67,388],[2,58],[-9,92],[-27,48],[-61,72],[-103,107],[-53,72],[-18,52],[-4,102],[54,203],[14,74],[-1,85],[-27,169]],[[11154,84375],[361,-3],[84,-4],[-3,-75],[28,0],[-6,-110],[126,-8],[1,-29],[222,-9],[72,-5],[22,77],[-51,26],[-2,21],[-100,37],[9,68],[-94,3],[3,95],[67,-41],[10,26],[39,-2],[-6,-29],[21,-2],[11,46],[152,-35],[40,192],[91,-25],[28,98],[185,-37],[10,55],[-23,5],[29,135],[14,30],[12,80],[317,2],[114,-2],[32,6],[94,45],[77,49],[51,55],[108,139],[38,63],[38,98],[12,76],[-9,87],[-36,99],[0,63],[27,62],[41,46],[183,164],[45,36],[67,38],[76,21],[94,16],[259,31],[41,-20],[22,-27],[46,-88],[30,-88],[35,-121],[16,-30],[170,-275],[89,-136],[79,-83],[36,-51],[27,-162],[26,-129],[23,-22],[15,-70],[26,-66],[37,12],[8,-54],[15,-34],[73,34],[7,35],[107,17],[40,27],[18,-19]],[[15120,84799],[2,-23],[-32,-34],[-16,6],[14,-51],[39,-56],[45,-38],[11,-31],[66,38],[62,2],[31,-44],[28,-24],[32,-56],[41,18],[3,-18],[33,4],[-12,16],[47,16],[41,-45],[11,6],[61,-45],[-38,-42],[-30,3],[-14,-24],[74,-56],[61,-34],[36,-33],[39,-11],[42,-81],[9,-51],[-6,-38],[-52,-61],[-60,-10],[21,-71],[27,-48],[-19,-33],[14,-12],[29,15],[54,-47],[16,-29],[33,-28],[18,-30],[16,-82],[-15,-80],[0,-62],[14,-39],[-5,-70],[23,-31],[30,-128],[-2,-26],[78,-40],[67,-81],[24,-61],[11,-49],[23,-34],[47,-93],[24,-37],[177,-328],[466,-78],[200,-37],[-8,-103],[-1,-73],[9,-140],[-61,0],[0,-21],[36,2],[5,-96],[17,-49],[410,-184],[448,-216],[17,68],[33,52],[13,87],[54,-24],[16,19],[68,-31],[42,90],[25,20],[50,58],[145,181],[33,63],[-13,19],[29,-2],[24,14],[-36,41],[36,55],[-25,38],[93,44],[28,-50],[-12,-9],[53,-41],[94,80],[102,-75],[-10,-14],[71,-32],[29,49],[17,-9],[-90,-138],[-13,-42],[-62,40],[-62,-82],[49,-30],[-1,-31],[36,-64],[81,-25],[33,-18],[75,119],[17,-8],[41,53],[81,-68],[65,-68],[39,30],[-29,29],[48,47],[146,118],[56,-65],[-75,-75],[19,-24],[-80,-84],[89,-95]],[[19353,81693],[-21,-50],[-104,-88],[-70,-28],[-12,-54],[-76,-34],[53,7],[44,-4],[91,-64],[71,5],[122,-38],[15,-14],[23,-83],[9,-11],[65,-20],[30,-55],[4,-28],[-58,-35],[4,-109],[24,-27],[37,-20],[-51,-72],[32,-35],[-111,-114],[-38,-55],[-64,-61],[-48,-18],[-59,-64],[-62,-1],[-17,-32],[-81,16],[-15,-8],[-22,38],[-108,52],[-85,52],[13,45],[-28,48],[-140,58],[-44,8],[-123,-27],[-61,-38],[-52,-18],[-27,-22],[-10,-46],[-29,-43],[-25,-13],[-74,-5],[-96,43],[-89,4],[-51,-13],[-98,-59],[-27,-48],[-42,17],[-50,-67],[-26,-54],[-23,6],[4,39],[-73,16],[-356,64],[6,-138],[-218,-1],[7,-220],[8,-180],[5,-336],[149,15],[141,0],[19,26],[10,137],[141,-56],[116,-54],[11,-27],[181,-77],[265,-90],[139,-58],[-35,-198],[-15,-53],[-47,0],[-111,14],[-175,38],[-129,43],[-89,0],[-26,-54]],[[11298,77131],[-35,44],[-155,223],[-101,122],[-188,257],[-63,110],[-40,307],[-32,93],[-109,157],[-53,108],[-27,75],[-19,67],[-6,44],[6,43],[29,113],[32,97],[36,79],[74,108],[82,61],[167,83],[255,121],[133,72],[131,77],[106,80],[29,36],[32,62],[17,48],[6,89],[-16,67],[-41,100]],[[13786,97088],[44,8],[134,-15],[229,-34],[240,-45],[11,-5],[119,-96],[109,-101],[53,-63],[41,-60],[35,-71],[61,-187],[0,-95],[-34,-63],[-165,-353],[-57,-25],[-64,-109],[12,-81],[-19,-67],[-151,-321],[70,-220],[75,-173],[72,-133],[113,-188],[91,-118],[52,-53],[50,-40],[163,-94],[122,-53],[133,-18],[87,-27],[185,-70],[153,-67],[122,-73],[28,-26]],[[15900,93952],[-99,-200],[-57,-103],[-62,-120],[-83,16],[-73,2],[-99,-94],[2,-46],[-10,-51],[-71,-31],[-20,0],[-32,23],[-35,-18],[-50,-14],[7,-33],[27,11],[17,-19],[-30,-28],[-68,-35],[25,-30],[21,-3],[65,23],[16,-31],[-69,-29],[-67,33],[-12,23],[-24,-14],[-21,10],[-2,26],[52,26],[21,52],[-25,-12],[-124,-92],[8,-27],[-24,-5],[-68,-43],[-154,-85],[-22,37],[-95,-62],[-10,9],[-47,-81],[-38,-139],[3,-54],[-58,-10],[-43,-40],[-41,-12],[-174,-202],[6,-26],[-16,-23],[-31,-9],[-32,-32],[3,-20],[-26,-30],[-25,-2],[-86,-52],[-82,-37],[-101,-25],[-13,-17],[-34,-11],[-71,2],[-49,12],[-87,6],[-89,18]],[[13524,92234],[-86,72],[-68,86],[-42,36],[-24,9],[-57,-2],[-25,28],[-44,26],[-27,-25],[-109,12],[-59,15],[5,-42],[70,-22],[10,-15],[-37,-23],[-83,-21],[-6,18],[-24,-35],[-24,-7],[8,-62],[41,-211],[-42,-1],[-72,9],[-95,33],[-43,22],[-78,29],[-40,3],[-60,-12],[-16,96],[-50,-18],[-59,11],[-55,48],[-45,8],[-35,23],[-13,43],[-58,-7],[-22,-16],[-59,-101],[-4,-138],[-7,-44],[-25,-16],[-110,3],[-57,8],[-92,2],[-122,11],[-27,17],[-81,13],[-111,-16],[-36,2],[-56,18],[-63,-4],[-70,-12],[-181,-39],[-140,-60],[-66,-6],[-163,-21],[-203,-47],[-82,-23],[-100,9],[-72,-5],[-110,-17]],[[10123,91876],[-216,265],[-46,76],[-36,81],[-33,108],[-35,165],[-45,135],[-56,137],[-82,175],[-107,188],[-45,66],[-166,209],[-140,144],[-29,23],[-112,71],[-88,52],[-154,76],[-87,62],[-169,106],[-168,98],[-93,66],[-82,65],[-39,45],[-91,129],[-60,104],[-120,213],[-99,175],[-98,181],[-180,318],[-93,180],[-39,117],[-99,255],[-69,203],[-6,56],[5,106],[18,136],[5,73],[-12,89],[-43,142],[-26,74],[-47,92],[-20,22],[-30,35],[-35,24],[-99,49],[-182,56],[-110,53],[-68,61],[-42,50],[-20,50],[-26,106],[-4,51],[10,60],[45,175],[38,120],[18,104],[17,138],[0,114],[-5,40],[-26,73],[-28,52],[-118,148],[-63,64],[-117,155],[-63,100],[-88,129],[-53,84],[-104,147],[-47,61],[-103,79],[-39,34],[-52,70],[-34,65],[-7,54],[5,51],[33,96],[55,74],[65,76],[26,51],[22,81],[4,73],[-25,198],[-36,187],[-62,394],[-13,103],[-24,275],[-17,130],[-67,331],[-23,189],[7,58],[37,113],[90,164],[156,263],[20,61],[6,66],[-8,58],[-18,67],[-79,197],[-64,195],[-52,79],[-76,75],[-39,31],[-208,175],[-137,122],[-118,93],[-42,33],[-62,35],[-73,65],[-37,50],[-48,81],[-96,200],[-43,82],[-39,48],[-63,63],[-123,100],[-95,106],[-78,134],[-76,112],[-43,49],[-115,87],[-34,29],[-50,29],[-51,53],[-48,81],[-33,87],[-27,89],[-30,78],[-49,112],[-94,166],[-115,154],[-48,56],[-157,208],[-43,65],[-25,97],[-4,96],[0,100],[-3,84],[-10,77],[-12,34],[-41,85],[-65,99],[-30,85],[-22,141],[8,151],[-12,87],[-51,163],[-15,37],[-84,141],[-46,99],[-43,133],[-35,153],[-11,50],[-8,125],[9,176],[25,165],[27,55],[90,136],[79,72],[39,27],[89,43],[103,59],[106,70],[112,100],[131,131],[199,-193],[311,-272],[97,-75],[141,-116],[51,-46],[74,-78],[73,-92],[46,-71],[87,-157],[43,-86],[82,-193],[70,-184],[69,-367],[70,-339],[59,-225],[95,-374],[19,-91],[28,-95],[43,-124],[99,-217],[54,-86],[88,-126],[65,-106],[51,-65],[250,-259],[151,-140],[86,-76],[164,-169],[74,-79],[117,-135],[123,-147],[128,-143],[93,-107],[35,-33],[85,-105],[133,-153],[232,-274],[94,-113],[164,-169],[142,-135],[248,-207],[98,-73],[106,-72],[207,-110],[321,-167],[148,-88],[52,-37],[84,-91],[127,-163],[472,-576],[59,-64],[356,-466],[65,-72],[63,-62],[173,-151],[49,-60],[59,-93],[38,-71],[39,-109],[19,-73],[22,-121],[51,-206],[5,-8],[28,-132],[26,-145],[16,-156],[26,-172],[76,-314],[38,-138],[21,-59],[32,-66],[84,-112],[65,-71],[135,-138],[170,-148],[120,-99],[119,-108],[87,-87],[120,-134],[72,-66],[136,-100],[115,-74],[100,-46],[129,-50],[61,-30],[352,-180],[161,-93],[111,-88],[98,-64],[93,-42],[142,-52],[52,-7],[519,-8],[1,18]],[[39879,53864],[76,16],[63,31],[124,47],[59,10],[57,-6],[45,32],[12,28],[-7,39],[9,25],[35,30],[145,199],[67,19],[43,42],[28,10],[24,-14],[54,-89],[83,-48],[44,12],[28,-3],[49,-80],[38,13],[116,29],[30,-13],[16,-36],[34,18],[46,-19],[48,-35],[54,6],[53,-3],[56,16],[32,0],[14,-30],[20,7],[52,54],[36,-5],[46,28],[100,7],[173,18],[0,14],[-51,-8],[-88,-1],[-30,13],[-5,27],[31,23],[47,15],[59,31],[48,-51],[31,-23],[7,-24],[44,-41],[18,-7],[59,55],[22,-23],[58,62],[-26,22],[-5,27],[17,16],[82,14],[64,28],[42,-37],[42,61],[33,21],[102,24],[23,13],[45,105],[44,13],[51,-1],[18,31],[26,-16],[68,-17],[87,49],[66,-10],[26,5],[28,-19],[32,35],[18,-9],[70,11],[-2,20],[24,-5],[2,-27],[19,36],[26,28],[13,-5],[-20,-102],[-2,-37],[20,-2],[1,-27],[22,-20],[44,-6],[5,25],[51,-7],[107,-154],[46,-3],[-8,46],[95,-23],[14,25],[53,24],[23,50],[-43,14],[7,34],[80,-19],[12,44],[96,-27],[10,29],[94,-29],[17,34],[184,-91],[36,-40],[36,-83],[40,-78],[4,-35],[-15,-17],[-46,13],[-24,-8],[-63,-155],[-30,-2],[-63,-92],[-45,-49],[-80,22],[-102,35],[-26,-48],[-1,-18],[150,-131],[66,-54],[24,-6],[44,14],[89,2],[88,-17],[48,-39],[42,-21],[23,18],[32,-4],[92,-45],[34,-10],[145,-32],[71,-25],[57,-48],[85,-29],[179,-96],[103,-61],[-14,-84],[7,-25],[40,-29],[76,-68],[46,-22],[90,-9],[33,5],[55,-24],[56,-13],[69,7],[-1,31],[40,59],[30,112],[59,187],[30,118],[61,150],[16,48],[28,130],[32,110],[55,122],[87,-38],[-5,-18],[-38,-2],[33,-15],[7,-57],[30,-13],[37,4],[20,47],[34,2],[64,-14],[-8,-38],[-43,-2],[-5,-27],[20,-39],[30,-33],[7,-32],[19,-11],[41,50],[1,27],[37,30],[21,-21],[10,31],[77,26],[9,30],[22,10],[98,-2],[49,-9],[12,-58],[15,3],[16,82],[48,-33],[18,-65],[21,-15],[24,78],[20,24],[36,-26],[77,-17],[7,13],[54,-75],[53,-47],[67,-17],[81,-10],[69,-3],[64,7],[175,64],[82,-7],[38,-22],[46,-48],[-22,-86],[42,-16],[-11,-63],[53,-59],[18,-5],[92,-102],[28,-15],[-32,-47],[-11,-44],[102,-72],[63,-33],[-14,-133],[-35,10],[-16,-77],[42,-8],[-18,-101],[-40,-18],[17,-44],[35,-61],[14,-85],[19,-49],[6,-68],[-44,4],[-28,-58],[53,-39],[41,-3],[6,-126],[-4,-24],[-40,-94],[67,-28],[10,41],[52,-18],[31,-23],[-25,-61],[57,-25]],[[48060,52222],[-45,-104],[-1,-17],[-34,6],[-31,-77],[-25,-31],[-21,-49],[-60,-162],[12,-36],[-20,-90],[-34,-60],[-22,-4],[-108,49],[-55,-9],[-55,1],[-81,17],[-19,-15],[-80,2],[3,15],[47,-2],[9,32],[-15,10],[29,59],[-5,46],[-64,-6],[-47,77],[-28,129],[-37,-3],[-36,87],[-56,28],[-103,7],[-151,-1],[-211,-21],[-96,3],[-31,7],[-17,27],[-86,-10],[57,-77],[31,-79],[-37,-50],[-16,-53],[1,-94],[-9,-69],[10,-163],[15,-79],[1,-65],[-74,-97],[-87,-71],[-216,-183],[-85,26],[-98,-53],[-45,-3],[-15,-25],[-57,-4],[-15,-27],[-103,8],[-15,-241],[-14,-313],[-271,17],[-11,-169],[3,-30],[-142,-13],[-156,-18],[3,-57],[29,-255],[-106,-14],[1,-108],[-16,0],[-1,-62],[8,-37],[38,-3],[-5,-78],[17,-21],[-35,-43],[-2,-36],[18,-2],[-1,-49],[-25,-4],[0,-59],[83,7],[-10,33],[11,51],[157,8],[17,-15],[0,-83],[32,0],[3,-78],[-22,-2],[-1,-42],[-84,0],[-2,-37],[-68,-2],[-1,16],[-80,2],[-10,-26],[-30,8],[-34,-16],[-15,9],[-92,9],[3,-44],[51,-6],[27,-88],[-3,-52],[-14,-3],[1,-63],[12,-55],[-33,-16],[0,-37],[42,-2],[-2,-182],[59,-7],[-11,-30],[17,-4],[300,-115],[32,18],[24,-8],[106,2],[2,-97],[43,1]],[[45571,48428],[2,-85],[-23,-1],[3,-130],[-24,-4],[-8,-156],[-34,3],[-6,-123],[-26,3],[3,49],[-278,24],[-5,-40],[-69,4],[-14,-145],[-23,-95],[-117,39],[-39,223],[-43,11],[2,-48],[-54,8],[1,-56],[-34,-39],[-72,16],[-29,-9],[-9,-56],[40,-22],[4,-42],[51,-11],[10,37],[72,-25],[-3,-13],[39,-11],[-5,-19],[-38,16],[-11,-36],[63,-19],[19,24],[21,-7],[-13,-65],[4,-21],[-13,-43],[-30,7],[-26,-64],[-15,67],[-23,18],[-45,59],[-50,31],[1,47],[-41,14],[-29,-70],[-33,15],[-24,-70],[-40,11],[-22,-63],[-51,19],[3,19],[-182,56],[23,-147],[143,-41],[249,-77],[-41,-157],[-7,-16],[-35,-17],[-46,-6],[-10,-40],[-11,-1],[-21,-101],[-151,46],[-217,69],[-22,-66],[-153,47],[0,-49],[-84,25],[-8,-22],[-63,15],[-6,-65],[-58,6],[-23,18],[-4,-45],[9,-186],[10,-71],[77,-234],[8,-58],[-25,-33],[8,-133],[-29,-21],[56,-211],[-62,-19],[-123,-63]],[[43692,46007],[-16,-9],[-46,89],[-25,-3],[-147,-60],[35,-73],[-131,-42],[38,-59],[-58,-42]],[[43342,45808],[-122,-94],[-69,-42],[-70,115],[-14,44],[11,71],[-28,6],[-17,-42],[-54,-15],[-20,-62],[-27,-39],[-16,-65],[-30,-35],[-3,-57],[23,-9],[66,-2],[83,39],[121,-117],[29,-39],[-1,-48],[93,-241],[34,-46],[115,-101],[48,-58],[8,-39],[-14,-92],[-5,-68],[8,-63],[31,-55]],[[43522,44654],[-28,-25],[-37,-2],[-28,-27],[-27,-90],[-10,-8],[-73,2],[21,16],[31,89],[-125,9],[-21,-3],[-26,-41],[-45,-17],[-52,36],[-52,-13],[-61,28],[-107,-8],[-1,-110],[-37,-34],[1,-91],[-35,-85],[1,-47],[16,-40],[-59,-63],[-47,-13],[-11,-73],[-30,-70],[4,-25],[26,-43],[-24,-30],[-94,-63],[-28,-46]],[[42564,43767],[-58,-32],[-68,2],[-65,-27],[-68,2],[-38,-27],[-34,-3],[-40,22],[-24,-16],[2,-54],[-33,-19],[-99,-6],[-57,23],[-25,-2],[-53,-58],[-59,-22],[-24,-32],[-77,-6],[-31,45],[-96,8],[-119,44],[-69,3],[-29,29],[-55,4],[-36,-21],[-106,-13],[-61,-34],[-33,33],[-71,51],[-63,12],[-26,-7],[-51,10],[-48,31],[-23,5],[-65,-12],[-12,-44],[-27,-14],[-48,5],[-49,-7],[-38,17],[-67,-32],[-69,-40],[-44,37],[-39,61],[-52,49],[-76,96],[-6,44],[22,38],[18,53],[59,56],[-21,37],[-25,80],[-56,-14],[5,178],[-62,120],[-9,23],[19,64],[30,43],[-33,70],[-25,85],[6,33],[49,61],[18,44],[11,60],[53,36],[63,32],[33,44],[67,44],[-13,172],[-12,11],[11,47],[-20,9],[-37,100],[-45,8],[-26,24],[-32,47],[-14,49],[27,29],[-4,75],[10,42],[-25,24],[-75,-22],[-102,29],[-84,48],[-86,-36],[-41,-85],[2,-43],[-21,-43],[-31,-12],[-86,-87],[-93,-43],[7,-49],[-16,-17],[-87,-15],[-51,14],[-38,-38],[-28,-13],[-141,-9],[-55,11],[-61,-9],[-22,-43],[-54,-38],[-21,-36],[-2,-26],[-37,-40],[-26,-14],[-44,32],[-58,24],[-22,57],[-84,13],[-28,16],[-24,61],[-23,-8],[-117,-15],[-27,1],[-39,35],[-24,54],[4,74],[59,22],[77,15],[31,56],[-9,35],[-36,32],[-9,31],[-12,88],[-34,114],[-19,6],[-19,-37],[-49,-25],[-20,-32],[-31,-6],[-52,35],[-57,-9],[-27,-57],[-26,3],[-25,-19],[-83,-18],[-27,20],[-44,-8],[-50,-53],[-38,32],[-8,84],[21,42],[-13,28],[20,60],[24,11],[43,-14],[69,20],[31,39],[43,29],[91,23],[21,22],[67,32],[52,15],[11,25],[24,11],[54,48],[5,39],[98,56],[34,34],[67,23],[69,35],[142,92],[32,45],[21,16],[25,62],[-12,27],[-7,65],[-45,82],[-5,109],[29,55],[31,34],[52,75],[12,60],[-26,32],[-46,26],[-1,30],[49,43],[24,49],[24,75],[53,60],[117,67],[13,42],[-13,8],[-72,1],[-60,21],[-64,-10],[-28,4],[-58,57],[-36,70],[-54,24],[-9,18]],[[38953,47650],[6,52],[74,59],[-34,60],[-28,118],[-44,39],[-12,65],[-16,20],[-9,46],[-18,18],[-4,79],[-20,40],[-25,12],[-10,68],[-14,41],[-62,52],[-84,39],[-52,42],[-37,67],[-49,75],[-33,21],[-15,22],[-57,31],[-48,-15],[-30,29],[-10,26],[-50,44],[-16,52],[-119,68],[-7,34],[16,58],[47,24],[24,83],[-6,28],[-42,43],[-65,102],[-6,32],[11,44],[-47,155],[-3,55],[8,109],[-10,21],[-43,-7],[-7,106],[29,114],[-20,28],[4,50],[-56,43],[-51,-4],[4,37],[-9,29],[49,69],[49,149],[30,4],[36,-20],[38,46],[-33,4],[-19,45],[34,51],[-1,67],[-32,35],[-10,25],[-21,10],[-37,60],[-45,8],[-102,39],[-28,38],[-9,29],[52,31],[31,30],[89,-7],[79,79],[53,33],[26,27],[35,78],[39,55],[-41,39],[-38,52],[-13,39],[4,59],[8,9],[64,4],[11,68],[13,19],[28,5],[62,-15],[47,42],[30,4],[45,-16],[11,52],[37,108],[-13,61],[31,21],[-11,55],[-32,45],[-44,28],[-26,42],[-50,56],[-33,63],[-4,60],[-34,45],[-5,41],[-48,65],[-12,31],[-24,27],[-17,41],[14,35],[2,72],[19,26],[34,10],[14,16],[-8,63],[-20,56],[26,28],[-17,54],[-33,8],[4,31],[49,3],[-1,42],[-53,-6],[-13,43],[-64,70]],[[38110,52790],[22,38],[-35,26],[-4,43],[-22,92],[1,54],[-16,41],[-2,36],[-17,61],[243,79],[54,42],[26,47],[0,110],[18,46],[-30,57],[139,-9],[8,36],[-93,8],[-36,46],[-55,52],[34,29],[46,12],[64,33],[18,21],[74,6],[35,25],[9,41],[20,31],[87,35]],[[40268,54105],[26,6],[25,34],[14,-11],[-41,-47],[-2,-74],[-22,-22],[-11,59],[-24,15],[-75,-13],[-21,11],[50,69],[16,9],[65,-36]],[[41171,88113],[345,-207],[206,-109],[242,-114],[310,-121],[212,-57],[102,-21],[356,-15],[300,0],[176,29],[64,27],[209,101],[584,336],[154,116],[155,122],[121,128],[170,206],[228,235],[196,169],[290,243],[58,79],[52,91],[64,191],[59,191],[37,93],[81,146],[57,75],[102,124],[131,136],[168,138],[181,127],[157,75],[205,69],[259,81],[135,40],[313,80]],[[47650,90917],[-9,-70],[-45,-108],[15,-55],[-18,-122],[13,-169],[14,-125],[35,-60],[222,-237],[63,-64],[30,-15],[132,-29],[47,-28],[98,-93],[23,-82],[12,-87],[53,-227],[97,36],[55,41],[15,-11],[71,39],[66,0],[70,-19],[39,10],[29,23],[33,-13],[88,-110],[1,-29],[-38,-30],[7,-53],[-12,-57],[10,-29],[43,-37],[15,-35],[27,-26],[53,-30],[69,-92],[50,-88],[46,-108],[68,-94],[66,-9],[54,-50],[44,-31],[37,-60],[21,-64],[5,-60],[39,-118],[26,-26],[-4,-30],[-84,-31],[-33,-44],[53,-17],[-22,-40],[-8,-42],[-55,-11],[-50,0],[-21,-17],[14,-29],[54,-7],[58,1],[18,-11],[2,-42],[26,-55],[19,-89],[-4,-28],[-46,-83],[-23,-67],[-16,-74],[-20,-139],[-36,-33],[-56,15],[-17,-4],[-6,-39],[31,-160],[-3,-58],[-16,-53],[1,-39],[21,-66],[-7,-16],[-56,-27],[-27,8],[37,59],[-5,100],[11,44],[-73,-15],[-59,-44],[-64,-85],[-44,-91],[58,-46],[70,-37],[25,-24],[62,-42],[104,-53],[-29,-76],[-127,-6],[-75,8],[-9,7],[-5,78],[-12,30],[-65,-3],[-31,22],[-72,-7],[-34,-123],[145,3],[9,-164],[118,18],[65,2],[50,-21],[123,8],[144,19],[113,30],[40,4],[29,140],[-2,35],[40,4],[33,71],[93,47],[23,-36],[161,58],[7,9],[-23,63],[105,-1],[23,15],[-39,64],[106,62],[64,51],[-34,54],[75,58],[78,54],[82,106],[101,89],[75,77],[45,82],[26,27],[60,38],[87,26],[52,-9],[120,-7],[63,-12],[11,-38],[-19,-53],[41,-14],[-36,-95],[31,-1],[21,-27],[-9,-36],[-9,-101],[3,-56],[-12,-41],[-2,-51],[9,-45],[18,-17],[41,66],[69,39],[3,45],[13,20],[53,46],[66,46],[49,21],[35,37],[49,13],[63,-14],[64,8],[24,-44],[92,69],[35,6],[63,34],[19,-49],[51,15],[69,9],[76,-9],[133,-60],[26,29],[57,-15],[37,83],[36,-9],[32,90],[-44,17],[20,52],[15,-4],[16,38],[18,-3],[17,49],[-11,6],[11,35],[-15,7],[21,42]],[[52486,87789],[31,-3],[-8,-30],[27,-4],[10,34],[35,-1],[35,36],[29,-31],[55,-41],[64,-70],[23,-36],[23,-115],[48,-45],[47,-17],[22,-24],[22,21],[-6,79],[28,78],[29,31],[-1,53],[40,51],[20,56],[30,30],[98,65],[9,28],[130,69],[53,14],[23,-97],[25,-74],[21,-31],[81,-78],[47,-52],[24,-64],[51,-73],[40,26],[70,-78],[23,-13],[81,-20],[78,-86],[34,-49],[16,-62],[-15,-143],[11,-73],[31,-53],[48,-50],[45,-35],[23,-38],[36,-136],[5,-39],[-5,-58],[6,-19],[75,-140],[33,-40],[106,-69],[-48,-87],[25,-17],[-29,-42],[377,-36],[37,0],[90,67],[38,4],[-4,-130],[-14,-485],[-7,-53],[-31,-22],[-36,20],[-25,52],[34,90],[-23,10],[-25,-40],[-51,-63],[-56,18],[-31,36],[-61,28],[-23,20],[16,67],[0,30],[-82,-110],[-23,-4],[-45,43],[-42,3],[-48,-8],[-63,-21],[-56,-270],[-53,-15],[40,-46],[68,-128],[11,-92],[7,-114],[350,-24],[18,-104],[33,-163],[-16,-24],[-57,-53],[-220,-161],[-251,-179],[-54,-19],[-43,-51],[-39,-35],[-117,-82],[-210,-156],[-7,-10],[-24,-287],[-10,-148],[-33,-234],[-4,-71],[56,18],[396,196],[130,68],[194,98],[44,12],[60,-71],[91,-90],[-25,-38],[-86,-76],[-62,-119],[-34,-36],[-102,-61],[-108,-73],[-76,-72],[-33,-53],[-246,-113],[-170,-86],[-118,-56],[-117,-62],[-112,-135],[-20,-40],[86,-180],[20,-25]],[[53343,82283],[-474,-308],[-84,-31],[31,-127],[-19,-34],[38,-173],[-6,-52],[-89,-326],[-32,-137],[-18,-99],[-7,-394],[-6,-30],[-36,-57],[-44,19],[-40,-32],[-78,-74],[-34,-8],[-10,-29],[-28,-3],[-1,39],[-17,84],[-31,14],[-58,-35],[-110,82],[-21,6],[-54,-36],[-83,-86],[-88,-68],[-12,-17],[191,-333],[32,-40],[17,-65],[-5,-36],[-87,-28],[-358,-187],[-182,-106],[-299,-179],[-63,14],[-22,16],[-72,-8],[-88,19],[-32,-16],[-8,-35],[-77,-10],[-54,9],[-93,55],[2,103],[35,67],[10,38],[5,100],[14,61],[-10,28],[1,104],[-125,163],[-116,146],[-41,56],[-61,39],[-85,16],[-109,-22],[-76,51],[-37,11],[-122,15],[-108,-45],[-55,-27],[-35,-27],[-81,-119],[-23,-24],[-37,12],[-36,-5],[-18,-55],[-1,-117],[6,-43],[-6,-88],[-16,-69],[-12,-94],[9,-26],[40,-67],[19,-125],[2,-68],[11,-72]],[[49676,79358],[-409,-177],[-81,-42],[-25,-23],[-13,-29],[-13,-70],[-19,-44],[-36,-33],[-6,-57],[10,-51],[-13,-30],[-53,-27],[-66,-53],[-42,14],[-46,3],[-30,28],[-43,-32],[-22,0],[-78,28],[-41,21],[42,-43],[57,-40],[-1,-18],[-28,-18],[-82,-22],[6,-17],[89,-3],[26,17],[28,44],[23,12],[61,0],[39,-8],[68,5],[122,-122],[-8,-19],[-105,-17],[-67,-116],[14,-7],[23,35],[31,71],[18,9],[127,3],[16,-32],[27,11],[78,-53],[4,-17],[-29,-65],[6,-11],[34,73],[102,-43],[46,-8],[33,-33],[-9,-33],[-101,-78],[-115,-73],[-19,-37],[5,-85],[-20,-29],[39,4],[-7,-65],[-39,-85],[-1,-52],[-38,-105],[-55,-42],[-35,-2],[-65,97],[-50,27],[-74,1],[-74,20],[-51,21],[-101,-28],[36,-10],[68,-2],[58,-11],[60,-24],[66,-3],[69,-41],[29,-82],[49,-8],[24,-17],[71,-23],[118,-25],[112,-56],[118,-65],[84,-34],[0,-31],[-15,-83],[-39,-127],[-53,-143],[-3,-66],[15,-119],[2,-54],[-14,-103],[25,-113],[41,-89],[125,-26],[14,-66],[-5,-31],[-52,-76],[-25,24],[-14,-19],[-89,62],[-47,26],[-55,16],[-42,-3],[-7,-41],[-47,-26],[-72,43],[-5,73],[-32,54],[-20,16],[-16,-13],[37,-45],[16,-32],[-1,-89],[-22,-51],[-18,-19],[-106,33],[-99,-53],[-33,-3],[-47,35],[-48,-34],[-30,-8],[-44,50],[-89,45],[-91,73],[12,50],[-5,23],[-23,7],[-19,-27],[-22,-60],[-122,-72],[-65,-33],[-64,8],[-22,20],[-10,35],[-6,71],[1,71],[-11,5],[-10,-68],[13,-35],[-7,-58],[-150,-40],[-15,-25],[15,-4],[99,37],[61,4],[35,-31],[44,-2],[21,-22],[1,-39],[25,-76],[-16,-49],[0,-61],[-32,-51],[-28,-81],[-20,-24],[17,-19],[24,-108],[28,-67],[69,-137],[49,-111],[115,-92],[60,-41],[-14,-45],[-24,-46],[68,17],[40,-7],[160,40],[18,-1],[59,-70],[28,-63],[-3,-25],[-19,-5],[-114,2],[-69,22],[-10,-17],[77,-26],[4,-38],[-23,-26],[-82,-48],[-47,-37],[-31,-40],[-153,-179],[-20,-18],[-161,156],[-39,46],[-116,97],[-58,16],[-20,21],[-9,32],[-75,34],[-53,65],[-40,29],[-66,121],[-2,46],[13,45],[13,2],[50,105],[-4,70],[-25,56],[-17,74],[-51,82],[-66,159],[-49,71],[-39,15],[-131,33],[-99,15],[-103,22],[-274,52],[3,-50],[-13,-64],[-20,-440],[17,-186]],[[47050,75406],[-379,66],[-11,11],[-4,82],[4,33],[35,84],[31,57],[-4,74],[-71,112],[3,19],[41,54],[10,42],[-4,70],[-22,52],[50,1],[112,-20],[21,9],[8,63],[-35,104],[-25,18],[-167,37],[-37,46],[-89,80],[-73,45],[-109,10],[-18,14],[17,34],[28,-8],[103,22],[53,43],[34,48],[70,43],[61,-14],[49,-2],[39,-20],[5,11],[-51,29],[-65,0],[-22,7],[26,78],[10,46],[27,27],[23,3],[42,-17],[66,-4],[54,-16],[83,44],[15,34],[-19,19],[-37,-45],[-56,3],[-2,-30],[-28,6],[-61,-2],[-62,24],[-25,-4],[-29,-32],[-17,-56],[-36,-62],[-21,-17],[-45,-13],[-42,-51],[-41,-38],[-40,-2],[-36,-20],[-40,-3],[-21,-23],[-125,93],[19,23],[-23,72],[10,11],[-21,71],[-7,91],[-74,270],[-22,37],[-49,63],[-16,-13],[-106,116],[-76,70],[-23,31],[-8,-9],[-153,132],[-122,111],[23,25],[-246,219],[-164,150],[-123,59],[-241,105],[-12,-30],[-66,28],[-182,71],[-137,64],[-33,20],[-75,91],[-37,85],[-32,64],[-24,21],[-2,54],[14,22],[27,80],[-9,39],[6,59],[-26,36],[-53,56],[-28,14],[-41,96],[-42,39],[-46,63],[-7,25],[-32,29],[-2,38],[-51,35],[-25,39],[-21,98],[-31,-2],[-98,41],[-59,-3],[-83,-78],[-107,-88],[-64,-30],[-64,-57],[-22,-12],[42,-43],[32,5],[38,-53],[2,-27],[-27,-79],[-57,-102],[-44,-175],[-41,-140],[34,-26],[-47,-72],[-43,-26],[-51,-65],[-98,-182],[-68,-46],[-42,-80],[6,-27],[21,-11],[13,-31],[-18,-42],[-53,0],[-14,-14],[44,-39],[-56,-81],[-12,-58],[14,-110],[36,-34],[85,0],[11,-14],[-19,-88],[3,-49],[12,-25],[-169,-212],[-60,-83],[-73,-77],[-82,-71],[-145,-100],[-126,-49],[-42,-38],[-89,-48],[-29,-30]],[[42203,76903],[-33,14],[-72,-24],[-82,-6],[-14,5],[-27,72],[-9,64],[-54,82],[-29,71],[-2,51],[-16,49],[14,37],[-64,92],[-41,12],[-29,35],[-1,17],[-29,56],[-58,-18],[-33,12],[-59,1],[-34,11],[-3,33],[-33,26],[-23,59],[-101,127],[-50,-7],[-63,3],[-47,20],[-89,-15],[3,-32],[22,-83],[50,-60],[20,-67],[0,-52],[14,-22],[42,20],[14,-10],[-14,-21],[-59,-34],[-12,-18],[-6,-51],[53,-62],[61,-40],[-40,2],[-73,48],[-126,-18],[-60,2],[-54,-24],[-116,-2],[-81,-22],[-20,118],[6,45],[-14,37],[-34,31],[-16,44],[-25,13],[-85,95],[-72,67],[-44,61],[-31,32],[-34,-7],[-107,10],[-125,-154],[-140,-100],[-12,-3],[-71,46],[-54,-20],[-120,43],[-54,-3],[-145,0],[-112,-12],[-4,10],[-228,-51]],[[39219,77538],[-88,370],[-47,124],[-80,110],[-118,151],[-73,98],[-10,45],[3,52],[20,73],[41,118],[26,87],[5,51],[31,453],[21,240],[3,88],[-8,42],[-29,55],[-35,46],[-47,44],[-123,82],[-143,89],[-74,61],[-153,140],[-91,108],[-36,77],[-26,88],[-24,103],[-4,69],[4,34],[95,399],[68,299],[7,43],[11,289]],[[38345,81666],[50,127],[130,299],[180,430],[60,150],[-122,191],[250,164],[18,-29],[426,312],[116,96],[16,86],[43,37],[19,87],[28,62],[11,67],[160,-92],[45,-21],[85,-25],[121,-17],[116,-31],[18,-15],[45,-82],[78,-86],[8,-45],[23,-34],[7,-30],[27,1],[29,69],[44,-11],[34,58],[26,21],[30,56],[-34,17],[82,164],[40,106],[22,37],[101,77],[29,34],[42,101],[128,124],[-31,37],[83,70],[-61,32],[-35,64],[-23,20],[-14,74],[36,51],[-8,13],[-46,-18],[-32,15],[-23,32],[-20,2],[-37,39],[-6,149],[-58,131],[-5,53],[-24,58],[1,55],[29,31],[-11,47],[26,66],[-6,46],[-75,115],[-48,25],[-2,50],[-26,1],[3,98],[-16,6],[2,47],[-16,1],[3,117],[11,159],[-9,-2],[5,60],[-104,3],[-4,-71],[-22,-3],[-39,14],[-56,-70],[-44,-9],[-24,11],[-22,46],[20,44],[4,29],[27,45],[32,22],[-54,110],[-10,9],[-85,-46],[-28,11],[-20,43],[-15,55],[-37,17],[4,31],[117,-8],[5,99],[7,27],[48,2],[0,44],[144,3],[2,32],[198,-9],[10,90],[80,342],[31,107],[12,63],[18,51],[-83,33],[12,32],[-42,20],[21,49],[-25,10],[20,45],[-15,7],[243,83],[34,25],[11,23],[17,79],[-5,20],[81,207],[64,110],[14,4],[12,72],[44,94],[23,79],[107,122]],[[29746,72351],[69,74],[112,60],[36,40],[-42,2],[-36,-38],[-53,-20],[-56,4],[-3,81],[67,-17],[53,127],[63,169],[-54,11],[-64,20],[-43,36],[-74,129],[-33,76],[0,37],[-19,72],[-24,15],[-88,96],[-70,94],[-120,143],[-32,48],[61,57],[-21,19],[55,197],[43,26],[-39,65],[19,13],[-20,31],[-393,-52],[-84,106],[104,87],[149,66],[38,0],[77,24],[28,14],[5,55],[60,20],[122,-52],[76,69],[69,17],[43,19],[44,39],[34,46],[93,46],[61,15],[43,58],[111,203],[6,55],[31,10],[-14,91],[-30,77],[-26,96],[-74,108],[-9,20],[-16,104],[1,63],[9,111],[-11,50],[-88,233],[-18,74],[2,75],[10,41],[31,47],[-6,100],[3,27],[37,70],[20,66],[-2,73],[-20,85],[9,33],[26,22],[64,12],[2,15],[-43,14],[-9,15],[9,45],[88,79],[55,105],[18,20],[78,39],[39,37],[54,9],[69,35],[46,57],[30,2],[48,-22],[71,62],[-5,62],[-22,0],[-15,36],[-58,-8],[9,29],[-27,-16],[-50,5],[-40,-24],[-200,143],[-224,-153],[-12,-12],[-105,91],[-38,-80],[-109,125],[-2,15],[49,39],[32,35],[35,77],[45,58],[42,-1],[13,-41],[54,6],[0,50],[95,-4],[93,55],[60,22],[100,-5],[79,-14],[26,21],[187,182],[33,10],[102,103],[125,134]],[[30875,77993],[139,-122],[113,-84],[292,-211],[361,-266],[268,-209],[87,-47],[98,-40],[80,-23],[64,-12],[96,-11],[112,-6],[119,-1],[225,10],[17,3],[87,-16],[113,-30],[87,-31],[95,-39],[228,-114],[72,-31],[44,-1],[45,16],[39,28],[85,89],[34,42],[32,56],[34,100],[50,163],[42,85],[63,108],[142,200],[78,102],[382,548],[51,68],[63,76],[61,60],[132,88],[67,27],[90,10],[39,-9],[105,-52],[130,-92],[327,-272],[250,-197],[85,-64],[164,-118],[444,-311],[133,-85],[594,-412],[545,-376],[459,-314],[113,-73],[44,-19],[114,-24],[95,1],[88,12]],[[38891,76173],[113,-359],[-49,-23],[-5,-31],[48,-157],[69,21],[62,-218],[-60,-22],[15,-43],[-18,-8],[-40,17],[-34,-5],[-17,-15],[-11,-38],[-37,-30],[-51,0],[8,-29],[39,-20],[-17,-34],[-94,-41],[-14,15],[9,43],[-36,19],[-49,12],[-95,-8],[-80,28],[-8,-19],[30,-41],[-9,-49],[20,-17],[-56,-112],[41,-51],[33,3],[-1,-51],[35,-22],[31,-5],[47,14],[47,-13],[6,-44],[-42,-37],[-4,-106],[8,-55],[22,-5],[46,10],[-26,-22],[-98,-10],[-6,47],[-22,17],[-36,-20],[-35,23],[-40,12],[-10,36],[-22,11],[-190,-62],[-40,-39],[-50,-32],[-40,-16],[-85,49],[-66,57],[-54,17],[-50,39],[-29,34],[-20,45],[-20,4],[-2,-23],[34,-55],[33,-33],[90,-67],[163,-107],[30,11],[120,-128],[57,-71],[18,-32],[13,-50],[-10,-51],[-53,-97],[-10,-62],[1,-47],[43,-84],[40,-37],[35,-60],[74,40],[87,28],[11,38],[32,-1],[107,16],[63,-46],[48,4],[70,-37],[-3,-56],[50,-105],[32,-226],[50,-8],[0,-30],[40,-51],[15,-36],[30,-31],[40,-62],[23,-77],[55,-86],[-12,-42],[18,-57],[-4,-65],[-28,-96],[-12,-120],[14,-50],[67,-68],[17,10],[27,-43],[150,-34],[54,48],[146,98],[105,46],[93,36],[45,-15],[49,57],[116,58],[12,10],[-27,79],[15,36],[75,82],[34,25],[54,-48],[8,8],[-40,52],[-2,28],[29,72],[32,49],[24,0],[119,-129],[64,-5],[37,-32],[6,-69],[-12,-32],[30,-13],[16,36],[27,2],[33,-16],[15,16],[12,-16],[-14,-103],[17,-70],[52,-8],[20,11],[7,-39],[30,-7],[65,21],[40,46],[36,24],[40,10],[12,-22],[35,0],[48,41],[31,56],[3,24],[64,56],[39,-8],[61,46],[56,33]],[[41328,73127],[12,-15],[-70,-44],[-33,-38],[-50,-32],[-54,-76],[17,-28],[80,-85],[24,-57],[40,-41],[47,-9],[59,50],[71,47],[38,60],[77,69],[-8,-25],[-32,-31],[-81,-110],[-57,-35],[-57,-51],[30,-31],[58,-18],[62,2],[46,20],[97,4],[23,-6],[58,6],[57,-3],[49,17],[32,2],[92,-28],[30,7],[0,-21],[54,-72],[24,-20],[-29,-3],[-38,54],[-32,32],[-117,31],[-35,-28],[11,-32],[-11,-11],[-29,40],[-31,10],[-61,-16],[-66,5],[-43,-6],[-98,-25],[-9,-23],[27,-61],[8,-35],[-9,-64],[6,-36],[98,-132],[-15,-14],[-29,26],[-39,72],[-39,48],[-8,44],[8,58],[-10,40],[-95,82],[-64,13],[-57,-51],[-19,4],[-68,-14],[-49,0],[-29,16],[-108,-145],[77,-39],[86,-58],[1,-66],[-23,-75],[24,-46],[-26,-32],[-60,-6],[-39,-160],[-18,-3],[-10,-123],[16,-79],[-62,-16],[-129,-17],[-102,-38],[-77,-86],[-58,-28],[-63,32],[-69,-50],[90,-69],[6,-19],[59,-54],[39,-49],[-40,-35],[36,-45],[38,32],[25,-38],[14,-42],[-41,-30],[14,-89],[1,-63],[-19,-135],[4,-44],[-1,-125],[27,-29],[9,-47],[49,-109],[8,-61],[15,-36],[39,-22],[14,-48],[4,-74],[-5,-106],[19,-88],[-34,-75],[-7,-135],[8,-43],[26,-63],[44,-62],[-7,-28],[-72,109],[-23,67],[3,150],[23,76],[-1,32],[-16,45],[12,147],[-15,50],[-31,72],[-29,95],[-55,94],[0,58],[-65,-18],[-72,8],[-73,1],[-42,115],[-54,133],[-211,-181],[4,-33],[60,-64],[23,-52],[40,-30],[68,-92],[20,-34],[51,2],[5,-30],[-51,4],[12,-48],[-5,-25],[20,-94],[-11,-36],[65,-47],[35,-68],[53,-13],[-26,-41],[-45,38],[-35,58],[-37,40],[-27,-14],[-32,-106],[-32,-20],[-37,-64],[-9,-81],[-1,-84],[24,-48],[31,-10],[25,-35],[1,-32],[-47,-49],[-32,-52],[-1,39],[63,68],[-7,33],[-59,39],[-20,33],[-60,-15],[-2,13],[58,27],[6,103],[23,97],[21,39],[26,22],[27,71],[23,96],[-15,66],[-3,61],[-21,47],[-5,36],[-30,49],[-56,39],[-53,89],[-59,43],[-48,112],[-38,40],[-36,49],[-74,74],[-31,-3],[-37,-154],[-25,-67],[-22,-39],[-55,-57],[-75,-63],[-139,-85],[52,-36],[33,-33],[83,-53],[32,-52],[2,-26],[-21,-28],[-78,-17],[-47,5],[54,-58],[22,-36],[80,-16],[41,-29],[-9,-7],[-50,22],[-47,-5],[9,-51],[-11,-118],[-16,-41],[-46,-84],[-34,-40],[-129,-264],[-92,44],[-48,17],[-166,18],[-1,-37],[-30,-11],[-78,20],[-53,31],[-71,7],[-40,-73],[-32,-41],[-84,-49],[-17,-33],[-17,-74],[-6,-55],[30,-21],[48,-13],[77,-74],[71,-13],[91,-26],[114,-19],[-2,-49],[-11,-29],[-38,-2],[22,-21],[56,-29],[74,-15],[42,-30],[27,-2],[-11,-25],[22,-41],[60,-44],[75,-33],[41,27],[5,-39],[43,-36],[99,-59],[36,-5],[55,-23],[17,9],[12,67],[10,4],[1,-64],[13,-31],[29,-11],[34,-27],[77,-13],[32,0],[54,-28],[17,-71],[28,-39],[67,-30],[51,27],[120,47],[20,33],[5,55],[19,23],[-1,-85],[-14,-33],[-26,-14],[-123,-47],[-7,-36],[103,-157],[24,-42],[41,-12],[-26,-17],[-1,-32],[13,-28],[47,-48],[72,-18],[95,-80],[3,-17],[-40,19],[-72,58],[-57,1],[-72,64],[-52,80],[-77,150],[-37,41],[-62,43],[-74,74],[-41,49],[-58,21],[-12,-14],[2,-72],[-19,-21],[-10,70],[-44,55],[-34,24],[-39,-8],[-49,19],[-17,23],[-39,3],[-45,38],[-64,31],[-29,31],[-43,-4],[-34,10],[-21,35],[-144,72],[-10,25],[-66,60],[-18,-25],[9,-83],[-9,-46],[16,-53],[8,-63],[-5,-49],[-43,-61],[3,-36],[24,-40],[-17,-5],[-26,53],[4,33],[37,57],[9,43],[-5,54],[-23,80],[9,48],[-5,40],[-35,63],[-43,14],[-31,32],[-36,23],[-15,23],[-77,21],[-36,-1],[-50,17],[-11,-34],[38,-147],[2,-67],[-45,-106],[-32,-28],[-36,-19],[-24,-28],[-28,-76],[-123,-54],[-15,-19],[-51,-105],[47,-57],[-8,-7],[-50,40],[-43,15],[-87,-80],[-40,-48],[-94,-7],[-43,-21],[-23,-105],[-21,-52],[-35,-30],[29,-36],[27,-122],[-5,-16],[-67,-121],[9,-72],[165,103],[64,19],[73,-3],[53,-9],[100,-30],[18,-10],[51,-61],[-13,-36],[-56,-53],[-50,-95],[-40,-61],[-31,-34],[-77,-32],[13,-16],[65,13],[68,51],[41,6],[24,-12],[6,18],[-43,33],[-2,19],[33,51],[20,58],[42,29],[42,9],[62,-18],[47,-26],[0,-16],[57,-13],[-91,-116],[-46,-66],[-75,-85],[-2,-37],[11,-28],[-29,-69],[-4,-34],[11,-49],[32,-25],[26,25],[33,-6],[49,-92],[-51,-26],[-116,-52],[-71,-27],[53,-125],[117,71],[6,-7],[2,-104],[39,-73],[-2,-87],[-17,-124],[-22,-186],[-3,-50],[9,-50],[48,-182],[40,-126]],[[35476,68455],[-20,83],[-28,139],[-18,45],[12,172],[9,66],[27,64],[106,91],[18,26],[15,56],[-8,52],[-45,98],[-43,54],[-59,45],[-36,49],[-54,90],[-66,135],[-14,93],[-20,46],[-2,41],[-34,73],[-53,42],[-35,-2],[-59,-23],[21,76],[70,306],[40,0],[12,52],[33,-8],[7,37],[-18,7],[-84,-28],[-15,3],[-151,78],[-58,34],[-35,33],[-71,102],[-73,131],[-22,81],[-48,210],[57,-18],[14,41],[-84,30],[-24,119],[-3,47],[10,51],[15,32],[109,135],[56,-27],[38,87],[-41,16],[207,543],[80,204],[-8,73],[-43,164],[-83,67],[108,76],[-13,43],[14,25],[-33,44],[-97,-60],[45,112],[0,87],[-30,77],[-36,52],[70,15],[-12,31],[-30,-2],[-43,-22],[-54,86],[-12,3],[-7,-78],[-54,-12],[8,-59],[-15,-10],[-46,-3],[2,-36],[-73,-33],[-4,9],[-230,-43],[-26,61],[-34,-7],[-37,-27],[-70,-20],[-28,-23],[-45,-94],[-65,-69],[-54,9],[-72,-67],[-58,74],[-4,40],[16,50],[-14,44],[-20,22],[-23,-5],[-64,-32],[-61,-61],[-37,-17],[-30,-49],[-3,-44],[-61,-35],[-45,-82],[-38,24],[-13,-23],[-43,-19],[-65,-45],[-138,-42],[-30,-28],[-62,-26],[23,-19],[2,-35],[-25,-84],[-75,-122],[-52,-39],[-53,-20],[-122,-37],[-119,-21],[-37,12],[-10,18],[2,75],[-30,72],[5,34],[-23,29],[-40,66],[-30,38],[-5,30],[-55,52],[-43,-86],[-84,-122],[-101,-79],[-86,-60],[-39,-45],[-44,-72],[-30,-9],[-25,13],[35,70],[4,49],[19,64],[-32,10],[-37,39],[-89,79],[-120,86],[-7,-22],[9,-56],[-10,-53],[-31,-61],[-61,-68],[-33,-45],[-25,-68],[-21,-98],[-14,-42],[-35,-34],[-51,-35],[-39,-56],[-9,-48],[-28,2],[2,32],[31,76],[42,54],[64,43],[13,43],[1,93],[17,69],[-21,19],[-37,-8],[-60,14],[-32,-2],[-76,-37],[-61,-4],[-28,-17],[-12,30],[-49,37],[2,29],[-237,126],[9,15],[-306,158],[-57,18],[11,21],[-112,60],[-44,-79],[49,-25],[-27,-144],[-23,-159],[83,-10],[16,26],[34,-12],[-32,-38],[-73,-46],[-34,-32],[-29,-47],[-22,-55],[-40,-75],[0,-31],[38,-13],[45,-31],[75,-23],[133,-92],[44,29],[12,-5],[-26,-58],[110,-127]],[[40095,73194],[23,35],[-8,9],[65,78],[48,76],[74,-60],[6,-16],[-54,-82],[-28,-88],[-24,-38],[-60,-56],[-93,98],[32,52],[19,-8]],[[41000,61053],[153,-25],[121,-10],[103,5],[28,8],[113,61],[63,54],[43,5],[192,96],[41,29],[34,43],[46,24],[269,160],[166,103],[85,57],[116,84],[210,160],[93,65],[14,42],[129,61],[153,65],[-7,45],[53,26],[11,-13],[73,29],[92,18],[182,12],[56,0],[91,-16],[257,-17],[143,-4],[106,-8],[48,1],[98,21],[84,-38],[101,-23],[122,1],[64,11],[56,46],[45,21],[16,17],[-2,37],[-39,8],[-21,37],[-30,78],[-61,93],[-10,24],[-1,86],[-19,11],[-133,-51],[-25,-33],[-82,-27],[-66,-6],[-10,-55],[7,-14],[-38,-10],[-135,98],[-43,13],[17,25],[9,78],[-34,77],[-40,-14],[-61,15],[-20,-4],[-48,-120],[-27,-25],[-17,13],[33,48],[26,112],[-43,19],[-63,-11],[-44,13],[-29,19],[-59,13],[-5,17],[40,4],[-32,93],[-5,38],[-43,86],[-75,69],[-9,18],[14,103],[29,80],[5,36],[-15,137],[35,80],[-15,24],[-94,-20],[-55,6],[-50,28],[-91,9],[-61,-27],[-94,-28],[-44,-28],[-88,-16],[-53,-4],[-67,8],[-41,17],[-36,-5],[-27,-25],[-13,-36],[-27,-16],[-17,-30],[8,-61],[0,-63],[-33,-5],[-37,26],[-64,-65],[-58,-77],[-4,-55],[-25,-31],[-87,-50],[-95,-73],[-21,11],[97,80],[60,33],[44,53],[14,66],[43,57],[62,65],[72,147],[58,53],[15,46],[-45,51],[12,12],[59,-44],[59,-13],[49,-25],[41,-6],[89,6],[59,12],[54,31],[79,53],[74,17],[53,-10],[94,-37],[10,3],[-1,137],[8,12],[68,27],[33,48],[71,42],[82,28],[87,35],[47,12],[94,13],[97,10],[40,47],[42,19],[-5,22],[-39,38],[-192,-39],[-81,61],[-39,10]],[[43869,64163],[25,77],[11,17],[46,8],[12,34],[-134,49],[-26,1],[-31,-29]],[[43772,64320],[-157,-100],[-162,-100],[-28,-21],[-96,-54],[-97,-45],[-101,-63],[-50,-53],[-12,3],[-33,130],[-24,62],[-23,18],[-42,-26],[-14,14],[30,19],[32,39],[50,12],[25,20],[40,8],[17,25],[-6,25],[-128,46],[-83,96],[-11,26],[21,79],[-46,102],[-26,13],[-20,-10],[-13,-46],[-24,-46],[-26,-22],[-9,-28],[-27,-30],[-64,-8],[-5,16],[55,16],[21,23],[8,33],[21,20],[5,37],[-19,21],[-85,68],[-36,40],[-6,54],[17,60],[32,33],[75,36],[29,29],[13,-17],[48,16],[20,20],[-4,26],[34,-8],[40,11],[38,41],[-3,37],[116,11],[51,23],[21,29],[-13,42],[-42,30],[-84,45],[-8,43],[-48,11],[-26,118],[-3,90],[-7,11],[-93,-1],[-94,14],[-81,40],[-102,67],[4,24],[26,38],[-12,18],[18,21],[-40,50],[4,10],[98,99],[124,139],[29,26],[43,18],[94,64],[84,72],[75,51],[55,18],[20,15],[30,55],[117,-28],[76,-35],[46,-42],[61,-85],[37,-26],[98,-49],[16,29],[45,9],[185,-201],[8,-1],[63,100],[12,56],[25,43],[22,-7],[140,294]],[[44153,66365],[30,-15],[51,-45],[62,-68],[32,5],[44,-53],[-9,-49],[106,-164],[45,-13],[16,-30],[-10,-42],[79,-139],[8,-32],[-19,-7],[-157,-29],[-19,-25],[35,-3],[33,-21],[45,10],[16,-10],[10,-51],[-7,-28],[20,4],[6,33],[30,3],[8,-46],[-35,-11],[-104,18],[-20,-48],[10,-48],[-37,12],[-2,-37],[39,-7],[6,12],[57,-13],[-7,-32],[37,-20],[64,-50],[77,3],[39,19],[54,-38],[5,20],[28,-14],[-1,-36],[-14,-11],[-26,20],[-48,15],[-34,-6],[-11,-16],[-42,-3],[133,-169],[-5,-33],[47,17],[38,-19],[48,26],[40,-25],[48,40],[60,-44],[5,-12],[-21,-52],[-55,40],[-15,-29],[44,-81],[-30,-5],[-37,-35],[-26,2],[-28,-23],[-23,14],[-3,32],[17,52],[-22,1],[-60,-26],[-24,-24],[10,-64],[-59,-31],[-1,-60],[-36,-6],[-41,45],[-25,4],[-1,-19],[26,-34],[-2,-24],[-67,34],[-38,-33],[-27,-7],[-36,-29],[-45,8],[-37,-4],[-119,-51],[19,-31],[-10,-40],[23,-10],[20,44],[22,23],[84,26],[60,-6],[11,-12],[12,-67],[-8,-23],[-34,-12],[-14,-38],[-51,4],[-82,-158],[-30,-1],[-26,119],[-88,-69],[-12,-46],[9,-37],[47,-126],[-14,-55],[42,-43],[25,-3],[203,-59],[42,-1],[61,21],[36,3],[154,-7],[50,-109],[-4,-56],[24,11],[-5,66],[-27,58],[-3,50],[49,13],[46,-30],[16,-59],[31,-37],[18,1],[11,25],[44,-8],[9,-52],[-11,-32],[-29,-24],[3,-16],[34,10],[34,41],[4,34],[-6,62],[43,6],[-5,52],[28,18],[21,38],[19,89],[15,28],[34,31],[67,-21],[82,-93],[2,-50],[55,-33],[22,7],[55,-65],[20,-2],[56,41],[14,49],[28,32],[50,7],[24,-11],[18,19],[9,79],[-12,46],[35,2],[21,-43],[25,-4],[27,88],[-77,74],[-17,23],[-2,53],[55,5],[80,-4],[137,-66],[37,-163],[15,-96],[13,-4],[65,27],[11,-8],[103,-127],[123,-146],[103,-142],[61,-73],[27,-9],[44,28],[91,1],[103,28],[119,3],[95,83],[52,-4],[14,16],[3,36],[72,31],[32,41],[20,49],[16,63],[28,51],[17,48],[25,-12],[28,-107],[16,-17],[38,-7],[-17,-48],[24,-8],[22,51],[22,-13],[46,-49],[-3,-37],[23,-19],[27,-49],[71,-34],[170,27],[34,-15],[16,30],[72,28],[106,3],[40,36],[49,24],[107,-1],[94,-173],[34,41],[11,-13],[-52,-56],[88,-76],[41,43],[95,-88],[-14,-47],[-44,-26],[-62,-8],[-8,-65],[-45,-156],[25,-9],[34,72],[84,-104],[-15,-15],[-43,34],[-36,-41],[-35,-4],[-21,-25],[4,-24],[32,-46],[-30,-81],[-29,3],[-3,-20],[16,-34],[10,-77],[12,-57],[19,-52],[25,-21],[4,-23],[60,-49],[4,-34],[22,-25],[219,-197],[175,-164],[143,-107],[54,40],[103,-66],[31,45],[1,27],[61,100],[43,23],[44,59],[47,28],[85,91],[113,-79],[49,-31],[55,-46],[40,-25],[47,-14],[166,192],[61,80],[48,36],[54,76],[34,22],[71,-72],[34,-3],[63,19],[-22,-56],[-31,-36],[-39,-66],[-28,-21],[22,-60],[11,-10],[63,1],[77,-6],[91,-16],[15,18],[87,-79],[137,225],[21,27],[67,59],[31,-29],[5,-21],[38,40],[42,80],[19,49],[35,38],[-28,74],[37,28],[-44,121],[255,92],[-13,41],[78,26],[101,-82],[34,8],[56,-170],[63,-181],[10,-79],[-5,-301],[37,-109],[28,-172],[38,-134],[10,-92],[21,-69],[25,-57],[17,-76],[23,-39],[79,-50],[18,-33],[28,-77],[9,-43],[9,-96],[-6,-118],[8,-67],[32,-64],[15,-57],[7,-106],[6,-25],[196,-338]],[[52077,60580],[46,-79],[11,-42],[-13,-48],[-69,-98],[-21,-66],[-43,-150],[-21,-51],[-50,-70],[-14,-54],[7,-42],[33,-67],[48,-61],[10,-51],[4,-114],[-156,44],[-84,26],[-40,-39],[-111,56],[-23,0],[-39,-54],[-56,-56],[-44,-68],[-15,-40],[-48,-47],[29,-13],[62,59],[52,-28],[37,47],[33,10],[0,-47],[-57,-126],[-54,-102],[39,-30],[-32,-75],[-157,31],[-10,-13],[-26,9],[-98,-28],[-38,-30],[-22,12],[28,49],[-133,63],[-62,-70],[-8,-44],[13,-13],[-14,-25],[-42,22],[15,23],[-61,28],[-40,-79],[9,-36],[21,-26],[62,-36],[17,-38],[25,-12],[60,-3],[12,-46],[48,-39],[11,-88],[-40,-96],[-6,-38],[-107,-206],[95,-54],[5,28],[30,-20],[-32,-55],[-36,20],[-10,-54],[-31,4],[-88,44],[-41,-69],[68,-1],[-8,-35],[-15,-160],[47,-30],[23,19],[89,-42],[-114,-221],[57,-34],[-62,-114],[26,-16],[-35,-56],[-14,8],[-4,-59],[-20,-64],[-59,-90],[18,-12],[-14,-25],[-17,12],[-128,-207],[-81,-125],[-19,-66],[-428,261],[-38,-6],[-36,21],[-17,-54],[-37,-51],[-53,-31],[-168,104],[-46,-67],[-80,46],[-26,-34],[-27,21],[-8,42],[-28,20],[-23,-27],[10,-44],[-94,-64],[-71,62],[18,18],[-94,91],[-121,131],[-40,49],[94,123],[26,7],[37,39],[-116,128],[-13,1],[-74,-188],[14,-71],[-23,-38],[24,-15],[-12,-22],[39,-47],[-19,-24],[52,-59],[-36,-69],[-81,-140],[-29,13],[17,26],[-30,19],[-26,-29],[-28,17],[44,54],[-11,6],[18,38],[-29,11],[-14,-32],[-22,12],[16,36],[15,-3],[46,60],[-26,20],[15,20],[-17,11],[-93,-116],[25,-27],[-35,-23],[26,-27],[28,-10],[-25,-25],[-104,106],[-38,-36],[37,-38],[-110,-109],[-54,22],[-100,53],[-7,-61],[34,-14],[-16,-36],[10,-6],[-33,-84],[75,-27],[16,42],[47,-24],[-19,-53],[43,-17],[38,34],[10,28],[19,-7],[10,23],[62,-35],[7,10],[135,-72],[110,-66],[143,-116],[86,-56],[67,-31],[56,-49],[7,13],[47,-23],[21,47],[32,51],[63,-54],[35,-21],[241,-103],[50,-26],[63,-47],[94,-80],[101,-70],[-12,-33],[-103,-143],[-161,-232],[-44,-140],[-11,4],[-29,-51],[-15,10],[-19,-27],[-16,9],[-23,-35],[68,-45],[-21,-67],[-83,-107]],[[49764,55276],[-240,-301],[-37,-11],[-236,72],[-62,23],[-127,60],[-31,57],[-124,63],[-40,15],[-107,75],[-76,-120],[3,-14],[-48,-115],[-109,-247],[-33,-93],[-162,-286],[-62,27],[-16,-17],[-75,26],[-27,-4],[32,74],[-125,42],[-23,-38],[-31,0],[-2,-22],[-57,4],[-5,-50],[-48,44],[25,36],[15,65],[6,242],[17,61],[48,77],[81,83],[36,62],[23,66],[25,25],[1,142],[-30,61],[-25,37],[-65,57],[-61,11],[-176,54],[-96,27],[-188,40],[-46,15],[-20,41],[-22,12],[-37,-33],[-37,-4],[-5,-17],[-71,17],[-17,57],[-23,-2],[-67,-40],[-151,19],[8,50],[-21,2],[-38,-30],[-4,44],[-38,8],[-23,-32],[-50,2],[-8,-26],[-111,27],[-74,28],[-18,-35],[-36,-5],[23,59],[-56,30],[-23,-73],[-58,23],[34,86],[-103,65],[-11,-18],[-48,9],[13,49],[84,133],[-125,81],[-135,78],[66,246],[23,75],[144,358],[52,101],[-17,19],[17,29],[12,-8],[22,34],[-21,13],[18,35],[-193,133],[-46,-63],[-31,21],[-36,-49],[-16,10],[-25,-35],[-15,11],[-23,-34],[-73,48],[23,35],[-95,69],[-25,-33],[-54,37],[22,34],[-9,10],[25,35],[-38,31],[111,159],[-26,18],[32,45],[-51,36],[19,29],[-497,342],[-104,-146],[-98,-134],[55,-36],[-22,-29],[60,-42],[-195,-277],[-182,123],[-91,64],[16,23],[-76,55],[-69,36],[-98,-116],[-46,-61],[-57,43],[-31,38],[23,54],[69,86],[16,34],[-17,70],[19,32],[-34,129],[-29,52],[-67,97],[-11,26],[-99,161],[-101,146],[-8,4],[-42,-105],[-105,110],[0,13],[36,64],[23,59],[5,39],[-18,30],[-31,30],[-46,4],[-42,-25],[-88,156],[-89,-60],[-85,-24],[-9,73],[-37,19],[-21,42],[-3,64],[-37,130],[22,11],[46,0],[74,33],[51,87],[30,58],[23,26],[-4,83],[-15,92],[-46,63],[-45,-6],[-45,-25],[-61,19],[-1,30],[31,22],[3,50],[-29,-20],[-30,19],[-80,-3],[-38,-10],[-55,9],[-29,-19],[-37,-4],[-41,-38],[-31,-4],[-31,-23],[-51,7],[-67,-61],[-50,-4],[-22,15],[-43,75],[-25,24],[-42,91],[-40,49],[-89,-52],[36,-96],[-62,-39],[-51,21],[-57,-13],[-64,-32],[-104,-66],[-46,-44],[-27,-42],[-10,-49],[-261,2],[-33,-11],[-61,-47],[-23,-5],[-27,36],[-37,99],[-24,34],[-43,31],[-59,-63],[-16,22],[-103,88],[-111,116],[-11,-7],[-12,34],[-2,90],[-82,1],[-150,9],[14,51],[3,59],[-23,18]],[[43810,58517],[-5,37],[30,60],[13,0],[5,-42],[15,-12],[32,37],[25,0],[11,-32],[20,10],[-1,29],[88,10],[60,45],[38,84],[40,13],[22,-34],[-34,0],[-57,-112],[-48,-58],[-28,-20],[-57,-3],[-31,-25],[-56,-23],[-24,-41],[-51,38],[-7,39]],[[44588,65517],[80,15],[1,-54],[-10,-28],[-46,-19],[-14,-26],[-45,22],[22,34],[12,56]],[[43685,64679],[35,22],[99,-74],[-29,-26],[-105,78]],[[43877,64691],[-25,-30],[-90,70],[26,29],[89,-69]],[[44811,65189],[31,-5],[2,-31],[-18,-5],[-27,18],[-20,-3],[-32,24],[-8,50],[72,-48]],[[48523,57515],[-162,170],[-5,-19],[-81,-25],[17,-52],[-80,-30],[14,-34],[16,6],[16,-48],[41,14],[46,-134],[23,5],[18,-52],[54,17],[10,-41],[-16,-20],[42,-44],[31,6],[37,-95],[41,13],[6,42],[127,118],[-23,24],[28,32],[-165,175],[-35,-28]],[[48945,57211],[-70,32],[-28,-27],[54,-53],[44,48]],[[43651,65019],[-25,22],[31,21],[20,-27],[135,57],[-10,24],[27,32],[-22,20],[-22,-11],[-6,50],[-14,13],[-49,-58],[1,-32],[16,-22],[-90,-18],[-28,-1],[-16,-115],[52,45]],[[43701,64630],[78,-45],[-13,-20],[83,-46],[9,26],[146,146],[60,-26],[25,15],[-8,42],[26,62],[-17,29],[-35,10],[-59,-44],[-35,36],[39,41],[1,49],[-13,3],[-104,-68],[79,-85],[-40,-34],[-20,1],[-82,72],[-18,25],[-74,-77],[-28,-23],[-48,-22],[-13,-41],[48,-39],[13,13]],[[44068,64298],[33,65],[43,31],[4,37],[91,60],[-9,19],[-40,14],[-16,20],[-57,-38],[-22,35],[50,37],[-8,14],[-84,-59],[-26,-5],[15,-23],[-41,-59],[-50,18],[-29,-21],[8,-52],[48,4],[24,-17],[26,-44],[-26,-41],[52,-60],[62,-92],[58,13],[-74,107],[-32,37]],[[76486,72392],[1,-7],[2,-9],[-20,-24],[-52,-38],[6,-33],[-66,-47],[-94,-13],[-84,-42],[-71,-41],[-87,-25],[-41,-34],[-72,-33],[-151,-58],[-36,-18],[-47,-11],[-49,0],[-49,15],[-141,1],[-87,-9],[-104,-28],[-40,-18],[-55,1],[-72,-9],[-144,-27],[-44,5],[-54,-16],[-90,-62],[-39,-15],[-91,-60],[-59,-50],[-70,-5],[-83,-55],[-56,-30],[-118,-79],[-27,-48],[29,-13],[-44,3],[-58,-40],[-80,-283],[-13,18],[125,436],[63,113],[312,2],[120,91],[37,41],[6,82],[-17,1],[9,108],[-51,3],[-84,132],[-69,-45],[84,-127],[64,-17],[6,-69],[-185,12],[-7,-106],[-70,4],[6,106],[-128,7],[-6,-105],[-66,4],[1,24],[-50,3],[-5,-96],[-124,8],[10,-85],[107,-59],[-4,-8],[-109,60],[-10,79],[-16,42],[-17,161],[-66,32],[-122,-1],[-6,-9],[-69,-7],[16,24],[-45,64],[-66,79],[-26,15],[-17,69],[1,66],[-13,24],[-55,46],[-57,92],[-30,25],[-59,5],[-73,24],[-23,41],[-33,21],[-37,6],[-44,-8],[-59,3],[-33,28],[-41,16],[-91,6],[-42,-6],[-75,4],[-28,13],[-50,-1],[-38,-23],[-37,-4],[-44,17],[-52,8],[-70,-18],[-36,-16],[-64,30],[-41,1],[-69,-23],[-42,-4],[-69,14],[-30,-3],[-70,-26],[-114,8],[-87,-17],[-51,2],[-44,-17],[-55,-10],[-71,5],[-66,-10],[-59,2],[-69,10],[-41,19],[-21,-6],[-24,-47],[-120,-45],[-78,-17],[-90,-32],[-54,-2],[-62,-12],[-17,-16],[-110,-17],[-14,5],[-143,-44],[-157,-60],[34,-72],[-25,-10],[-24,76],[-185,-75],[-3,7],[-130,-52],[-2,-6],[-134,-46],[-41,-22],[-19,8],[-40,-32],[-51,-59],[-36,-29],[-94,-13],[-64,-64],[-50,-21],[-51,3],[-44,-16],[-60,-56],[-65,-23],[-12,-10],[13,-28],[-20,-5],[-34,95],[-109,-11],[-109,-42],[-52,-27],[-111,-48],[-288,-148],[-98,-66],[-53,-30],[-21,-45],[54,-91],[-45,-28],[-10,16],[26,22],[-39,72],[-61,5],[-41,-9],[-73,-32],[-75,-50],[-86,-38],[-104,-68],[-46,-3],[-77,-45],[-5,11],[-80,-47],[-134,-67],[-81,-52],[39,-71],[-9,-8],[-31,55],[-36,0],[-172,-110],[-210,-143],[-263,-160],[-35,-18],[-38,-34],[-84,-62],[-20,-5],[-44,-46],[-14,-32],[-6,-53],[23,-30],[27,-14],[15,40],[3,-41],[-78,-65],[-34,4],[34,12],[-10,26],[-29,31],[-31,18],[-53,11],[-273,-200],[-29,-19]],[[66303,70095],[-11,26],[-101,188],[-96,214],[-43,82],[-80,-43],[21,-33],[-174,-81],[-92,-58],[-41,67],[-38,-21],[-14,30],[-298,-127],[-60,199],[-75,258],[-40,-4],[-20,78],[-9,108],[5,49],[23,104],[71,271],[9,118],[-37,-7],[-27,71],[52,26],[-54,39],[-97,8],[-81,25],[-62,27],[-6,11],[-157,64],[-93,67],[-15,1],[-19,77],[-13,87],[31,42],[-52,255],[-7,51],[11,40],[52,56],[75,31],[17,54],[82,-1],[28,68],[58,61],[6,134],[-79,241],[-94,314],[-268,-84],[-96,324],[-133,-32],[30,-107],[-141,-29],[47,-141],[-143,-41],[-13,26],[-29,17],[-21,54],[-107,-33],[-90,286],[-29,-7],[-150,-60],[-100,-33],[-323,-99],[-120,-46],[-88,180],[-48,-21],[-37,62],[-72,156],[306,143],[-20,53],[157,110],[41,40],[55,-3],[70,33],[227,85],[56,15],[71,2],[46,-9],[157,-39],[94,-9],[36,-14],[240,-41],[20,157],[-82,304],[13,-4],[32,28],[-25,82],[-11,61],[8,341],[20,299],[57,258],[385,43],[-26,304],[-50,-1],[-144,52],[-173,72],[-452,227],[-47,-45],[-9,-292],[-120,-97],[-52,18],[7,141],[-207,117],[-80,-164],[-64,37],[-7,-13],[-97,137],[-31,-21],[-30,-48],[41,-29],[-40,-201],[-43,9],[-23,-16],[-149,31],[-31,-7],[-13,14],[-161,-134],[-57,-27],[-147,-95],[-24,-9],[-75,-9],[-149,173],[-9,80],[-51,-6],[-356,418],[38,38],[298,247],[-115,133],[71,59],[35,22],[46,10],[43,36],[-130,205],[-33,-29],[-33,9],[-27,36],[-5,39],[24,53],[1,43],[-20,34],[34,52],[-24,36],[-64,14],[-2,41],[56,22],[-28,38],[-50,22],[-1,25],[-167,103]],[[61859,77573],[97,133],[2,26],[-14,59],[15,50],[57,88],[1,23],[40,34],[18,64],[87,117],[46,20],[83,68],[19,30],[1,99],[-8,18],[-37,23],[16,30],[-12,8],[64,113],[60,18],[32,24],[46,14],[45,56],[39,-97],[96,-93],[22,16],[-10,113],[8,37],[29,-27],[18,18],[19,-11],[20,31],[10,39],[28,31],[74,46],[132,50],[106,59],[164,163],[1,21],[23,-2],[58,35],[71,22],[59,1],[51,26],[86,34],[51,28],[25,24],[11,30],[-32,102],[58,61],[43,77],[85,116],[51,55],[39,6],[10,26],[-25,38],[77,34],[78,22],[-6,23],[8,50],[22,41],[52,46],[79,-148],[78,-239],[-14,-16],[34,-30],[-7,-10],[22,-139],[17,-45],[30,-52],[62,-6],[52,16],[49,-13],[39,-54],[43,26],[-48,51],[1,20],[49,48],[36,46],[92,149],[18,12],[84,31],[52,43],[60,-6],[-2,39],[26,33],[7,60],[26,21],[21,45],[24,23],[61,20],[-33,74],[56,28],[73,12],[16,-38],[104,22],[88,-13],[24,-35],[46,-10],[0,-19],[48,4],[-1,30],[52,-13],[61,-25],[34,1],[45,19],[14,49],[-15,49],[53,48],[10,35],[24,28],[85,36],[113,72],[84,87],[83,-4],[41,64],[37,-1],[21,33],[47,47],[30,-9],[6,61],[15,0],[1,45],[30,-2],[3,114],[-26,152],[-20,47],[-45,79],[-35,43],[-56,50]],[[66272,81064],[79,-8],[67,-1],[80,10],[58,33],[19,34],[56,-14],[19,35],[122,-48],[-37,-58],[30,-64],[-14,-40],[150,-58],[-24,-54],[6,-16],[37,18],[35,-11],[38,-67],[5,-102],[18,-76],[36,25],[15,-28],[44,26],[33,-2],[-46,-57],[16,-23],[67,-32],[59,-11],[4,-38],[18,0],[0,-37],[-18,-22],[38,-1],[23,11],[3,-29],[46,-11],[11,35],[59,-3],[79,19],[67,21],[159,98],[179,27],[127,-49],[215,0],[0,-32],[18,0],[2,-46],[21,1],[8,-53],[-13,-41],[82,-15],[24,148],[-4,21],[-41,51],[-48,74],[20,67],[4,62],[48,104],[75,19],[31,-1],[7,-38],[6,-99],[16,-63],[30,-83],[59,-122],[163,-360],[39,-100],[60,-132],[211,-495],[48,29],[63,-112],[131,-203],[113,-153],[226,-318],[75,-104],[17,-31],[53,157],[-24,12],[56,168],[92,269],[23,-5],[27,83],[150,20],[113,86],[348,274],[94,78],[-6,30],[-63,51],[24,35],[-64,84],[-54,96],[21,9],[50,-87],[65,-79],[75,67],[28,39],[57,26],[28,21],[113,154],[26,25],[160,-185],[36,23],[134,22],[42,-41],[68,-57],[163,-171],[193,-195],[-6,-17],[-79,-89],[37,-42],[21,-10],[118,1],[30,-20]],[[68034,81443],[-73,-26],[-49,20],[46,72],[95,-49],[69,-47],[30,-2],[35,109],[-19,19],[-1,36],[15,14],[51,15],[26,27],[40,-11],[50,3],[82,37],[16,35],[2,34],[-13,72],[-107,7],[-29,29],[8,13],[66,31],[118,41],[9,11],[0,72],[-7,135],[10,18],[37,10],[27,-7],[31,-183],[41,7],[34,-143],[-43,-11],[17,-63],[-3,-37],[-21,-12],[-138,-16],[-21,-34],[-27,-83],[-9,-62],[-12,-16],[-47,9],[-26,-6],[-40,-49],[-44,-98],[-11,-43],[-28,-8],[-39,16],[-88,14],[-15,10],[3,56],[-19,28],[-29,6]],[[67886,81535],[40,-3],[-46,-40],[-16,27],[22,16]],[[20974,68265],[0,14],[-230,223],[1,9],[-219,212],[-425,122],[-243,-222],[-1295,-177],[-21,163],[-45,315],[-6,33],[616,85],[7,-49],[162,-127],[447,61],[-46,329],[33,4],[-25,177],[-33,-4],[-4,22]],[[24619,73339],[126,-43],[459,-151],[216,-65],[216,-61],[-1,-16],[240,-82],[-16,-28],[-75,-105],[-73,-53],[-180,-37],[-67,-36],[-132,-9],[-52,7],[-10,-112],[-2,-98],[7,-73],[25,-98],[63,-68],[3,-41],[186,-67],[57,-25]],[[19143,91570],[115,-31],[146,-7],[217,19],[200,34],[344,90],[175,22],[152,12],[148,-16],[129,-31],[145,-48],[153,-75],[64,-47],[73,-73],[111,-153],[60,-101],[144,-158],[110,-101],[202,-148]],[[21831,90758],[-265,-355],[-183,-255],[-38,-45],[-212,-286],[-64,46],[-50,-66],[-51,-79],[41,-70],[-19,-10],[-59,121],[-24,84],[-53,272],[-40,-5],[-23,106],[-38,83],[-33,41],[-118,-162],[48,-35],[-44,-67],[-85,36],[-52,-52],[-46,-12],[-65,0],[-10,-29],[46,-35],[3,-20],[-28,-84],[-3,-47],[19,1],[9,58],[25,21],[-1,-38],[36,-12],[44,59],[20,-15],[52,72],[42,-30],[65,55],[43,-62],[25,-59],[-10,-7],[-23,30],[-36,-9],[-30,22],[-32,-30],[-44,26],[-33,-47],[-24,13],[-46,-58],[23,-15],[-65,-75],[-29,19],[-46,-66],[-107,-142],[-15,-36],[34,-45],[-8,-25],[5,-50],[-24,-69],[-75,-21],[-30,20],[-10,72],[-60,16],[-13,50],[-46,16],[-60,9],[-17,-5],[-11,-39],[-61,-39],[-158,-10],[-16,-11],[-5,-44],[-40,-48],[-38,7],[-62,-2],[-78,-23],[-57,-38],[-30,-49],[-4,-37],[23,-79],[-75,-83],[-2,36],[-31,-40],[-21,-12],[-8,31],[-52,-11],[-37,79],[-55,-52],[20,-82],[56,-66],[35,16],[19,-14],[-43,-61],[-45,-8],[-34,32],[7,25],[-57,93],[-30,15],[-29,-14],[8,-44],[-43,-24],[14,-42],[-18,-13],[-57,52],[0,9],[59,42],[1,27],[-30,49],[-38,29],[-44,-2],[-51,-13],[-30,-19],[-46,-48],[-5,-26],[-65,-74],[-6,-31],[110,-72],[55,-61],[14,11],[-36,52],[17,15],[52,-42],[27,8],[21,-28],[49,-36],[-44,-69],[37,-27],[31,-9],[19,45],[16,10],[44,-18],[2,-18],[-36,-73],[-37,-59],[-52,-37],[-2,-88],[-17,-57],[-78,-26],[-39,0],[2,-35],[15,-14],[12,-101],[44,10],[38,-60],[-13,-62],[59,-108],[54,-109],[88,-28],[152,-35],[866,-459],[202,9],[125,-6],[106,-10],[186,-30],[96,-8],[528,-31],[84,-12],[69,-38],[121,-113],[211,-221],[68,-24],[34,0],[86,40],[136,76],[222,133],[96,26],[90,9],[102,-16],[150,-72],[102,-73],[125,-127],[94,-107],[86,-77],[136,-91],[190,-107],[103,-46],[112,-41],[217,-35],[465,264],[-89,148],[545,-80],[468,-64],[753,-112],[4,35],[817,-111],[100,-22],[138,-64],[381,-167],[201,-85],[57,-11]],[[27841,85979],[-153,-374],[197,-33],[-202,-841],[-288,23],[-49,-11],[-154,-84],[-107,-69],[-159,-116],[50,-136],[22,-71],[-66,-31],[25,-46],[-262,-126],[-26,-15],[36,-67],[-159,-77],[-59,106],[-28,-11]],[[26459,84000],[-25,-14],[-143,118],[4,24],[48,64],[-100,97],[-65,85],[-63,33],[-108,4],[-9,12],[-38,143],[-80,-24],[-110,-113],[-141,4],[-2,38],[-164,2],[-4,-44],[-166,1],[-8,-15],[-44,2],[-11,27],[-87,28],[-7,-17],[-124,69],[-56,38],[-238,138],[-184,56],[-146,30],[-29,16],[-240,31],[-2,-18],[-90,9],[-235,19],[1,25],[-85,9],[-15,-42],[-24,-21],[-26,-65],[-153,-63],[-77,-28],[-140,-61],[-51,-41],[-259,-305],[-189,-219],[-124,-149],[-27,-42],[-193,-339],[-97,-176],[-51,-88],[-171,-93],[-28,-17],[-36,-77],[-10,-130],[-25,-50],[-91,-161],[-46,-260],[-27,-118],[-7,-49],[15,-5],[0,-41],[26,-122],[-21,-20],[11,-59],[-5,-51],[-69,-113],[-16,-145],[-22,-21],[-10,-58],[8,-55],[-16,-50],[-76,-146],[-34,5],[-9,-61],[-77,-87],[-10,-35],[-81,-162],[-63,-87],[-58,-68],[22,-24],[-61,-37],[-34,-49],[-20,-53],[-76,-55],[-27,-61],[-43,-60],[-41,-34],[-19,-35],[-21,-74],[-7,-59],[-12,-35],[-71,-135],[-7,-49]],[[20917,80142],[-21,-11],[-103,-175],[-15,-21],[-13,13],[33,64],[60,103],[51,148],[56,84],[9,116],[16,45],[32,48],[-6,31],[-43,26],[7,20],[91,-8],[67,84],[99,100],[61,84],[49,35],[44,94],[53,70],[75,150],[75,95],[20,41],[15,122],[-3,44],[-33,8],[-48,-19],[-50,-52],[-46,-20],[-56,-46],[-53,-17],[-61,-33],[-62,-70],[-27,-12],[-203,-44],[-83,-15],[-129,-4],[-36,9],[3,25],[24,-8],[83,-6],[52,4],[98,18],[-7,74],[-20,41],[-49,53],[-58,29],[-128,75],[-109,54],[-68,56],[-68,65],[-116,43],[-150,84],[-147,88],[-84,26],[-116,19],[-117,9],[-84,16],[-31,0],[-57,-27],[-33,-37],[-52,-43],[-5,-49],[-15,-54],[-13,-12],[-55,-6],[-64,-73]],[[15120,84799],[46,2],[34,-10],[75,15],[59,-10],[10,13],[-23,42],[-14,101],[32,37],[30,3],[38,-11],[54,-41],[41,-17],[42,-1],[48,52],[99,-38],[-18,-51],[144,-55],[-18,-77],[80,-6],[-18,52],[-1,44],[28,42],[39,-3],[85,130],[31,12],[-36,-72],[-47,-77],[-38,-34],[-13,-35],[19,-41],[35,-3],[-1,-29],[36,-18],[42,2],[117,-4],[74,15],[35,38],[49,29],[5,28],[-81,88],[1,49],[-32,1],[-17,40],[-71,0],[-7,66],[-29,89],[-14,4],[-30,62],[-118,177],[-23,83],[14,147],[29,205],[6,97],[6,214],[-2,139],[-10,23],[-29,8],[-65,-1],[-22,14],[-33,-5],[-42,41],[-202,221],[44,19],[7,19],[-10,40],[-74,51],[-28,-4],[-20,-25],[-12,-71],[-100,-88],[-22,-87],[-39,-59],[-20,-9],[-50,22],[-109,-65],[-39,8],[-10,25],[15,21],[-12,59],[-41,1],[-15,-31],[-40,6],[-122,-85],[-14,-58],[-30,-20],[-137,-35],[-42,29],[-18,-10],[-12,31],[-32,187],[13,30],[150,96],[64,68],[27,-3],[52,-55],[24,10],[4,36],[19,47],[-17,25],[-41,8],[-5,29],[26,36],[64,-4],[70,-25],[25,6],[59,69],[43,30],[27,33],[27,17],[40,-6],[44,-52],[34,-16],[44,4],[106,27],[134,21],[83,5],[-4,43],[-48,26],[-11,59],[-253,334],[-94,-11],[-16,61],[-21,2],[-20,69],[-94,-7],[-400,85],[-122,-15],[-227,-15],[-86,-19],[-29,-39],[18,-37],[-72,-5],[-20,-119],[17,-97],[15,-41],[-43,-30],[-31,19],[-49,61],[-1,35],[-28,-12],[-84,47],[-6,37],[15,35],[29,34],[-20,18],[-51,-51],[-39,62],[-10,30],[106,29],[7,18],[29,143],[36,142],[273,72],[38,23],[31,43],[60,53],[20,3],[13,-71],[7,-94],[10,-6],[102,-15],[44,5],[38,49],[57,-9],[68,5],[59,48],[57,64],[41,-7],[48,-46],[20,-30],[18,-88],[16,-15],[0,66],[39,65],[-8,55],[2,76],[46,39],[26,9],[102,12],[30,34],[-10,38],[60,93],[17,19],[61,35],[28,3],[57,-14],[57,-26],[34,-6],[40,6],[75,-47],[38,6],[-13,44],[-31,4],[-49,21],[-83,24],[-56,25],[-40,7],[-62,-12],[-92,-46],[-35,-74],[-52,-48],[-39,-19],[-83,-29],[-58,29],[17,54],[33,5],[-40,176],[-37,71],[-22,24],[-34,12],[16,139],[-5,41],[1,109],[5,69],[34,205],[0,102],[6,62],[18,15],[21,80],[-15,13],[-68,22],[-166,35],[-35,1],[-90,17],[-60,2],[-156,-22],[-112,105],[-3,49],[26,16],[73,6],[11,-30],[167,18],[12,11],[14,54],[-105,20],[37,151],[-90,16],[9,52],[26,7],[25,161],[-24,55],[-95,201],[-35,87],[-50,143],[-30,37],[-104,29],[16,84],[-17,60],[-26,52],[-468,-14],[-73,-11],[-226,-90],[-21,-50],[117,-70],[71,-33],[-41,-85],[1,-26],[74,-84],[104,-138],[72,-62],[115,-146],[96,-102],[123,-61],[12,-18],[-27,-46],[1,-67],[46,-46],[44,-128],[-19,-41],[-46,-21],[-49,11],[-27,-7],[3,-21],[27,-12],[9,-24],[-13,-54],[-23,-124],[-20,-11],[-37,1],[-29,16],[-34,-19],[-34,13],[-51,60],[-46,36],[-29,44],[-81,35],[-33,31],[22,43],[-10,39],[-35,32],[-19,0],[-50,-35],[-17,11],[-9,33],[47,75],[-2,22],[-54,13],[-12,13],[7,56],[-27,71],[21,14],[9,27],[-1,57],[30,44],[-27,10],[-67,-88],[-19,-8],[-32,24],[-62,23],[-14,22],[-2,43],[14,43],[-12,57],[-30,54],[-39,34],[-88,48],[-16,2],[-89,-56],[-28,40],[-17,81],[-9,76],[-25,85],[-54,106],[-2,30],[47,67],[124,3],[11,29],[55,4],[155,29],[62,-3],[-30,35],[-20,59],[6,132],[38,64],[16,66],[69,215],[0,62],[-33,46],[-14,44],[4,131],[-2,95],[12,45],[36,99],[-2,50],[40,130],[2,78],[28,54],[33,49],[-128,102]],[[15900,93952],[79,-72],[96,-79],[153,-119],[162,-118],[141,-121],[146,-146],[118,-98],[69,-47],[52,-27],[293,-105],[99,-29],[102,-24],[56,-21],[163,-73],[97,-52],[88,-60],[125,-114],[122,-143],[105,-155],[130,-157],[76,-83],[66,-64],[160,-125],[387,-286],[91,-42],[67,-22]],[[19285,89192],[9,22],[-69,32],[-76,-119],[0,-25],[34,4],[58,75],[36,-8],[8,19]],[[35363,19496],[-17,121],[1,36],[-55,96],[4,14],[75,63],[63,121],[3,15],[34,29],[14,34],[12,83],[-82,63],[-45,70],[-2,94],[-8,27],[9,53],[32,59],[-3,22],[-40,52],[8,34],[28,11],[48,54],[87,175],[46,15],[26,-3],[24,19],[18,39],[10,73],[-10,29],[-44,79],[0,41],[20,49],[35,17],[57,-3],[27,33],[-11,24],[-47,32],[-78,30],[-55,12],[-18,44],[-33,26],[-70,-2],[-61,-64],[-34,-21],[-33,1],[-19,32],[-11,53],[10,31],[44,49],[31,2],[36,17],[67,84],[24,56],[50,24],[15,60],[40,10],[64,52],[14,29],[4,42],[37,92],[-12,47],[-83,162],[19,81],[-3,10],[-62,34],[-13,27],[-69,64],[-44,59],[2,67],[-32,47],[2,110],[42,50],[19,66],[-58,76],[-32,13],[4,27],[-25,74],[-21,43],[17,62],[-1,32],[-57,38],[-71,12],[-43,-11],[-51,-34],[-22,-3],[-38,42],[-19,3],[-14,49],[14,38],[-13,63],[-36,19],[-37,1],[6,25],[35,30],[-8,31],[8,32],[26,27],[-14,72],[-30,13],[1,65],[15,19],[72,38],[11,26],[-26,39],[-5,80],[-19,28],[-50,12],[-51,36],[31,30],[2,24],[-25,32],[-14,36],[-26,12],[-43,2],[5,28],[-17,44],[20,80],[-45,36],[-32,115],[-77,59],[-12,16],[-31,119],[-14,29],[-34,28],[-53,-17],[-77,-1],[-84,22],[-19,29],[-48,23],[-47,43],[-70,26],[-28,-3],[-47,-28],[-34,-2],[-65,9],[-80,-29],[-51,-39],[-56,1],[-51,-37],[-52,11],[-33,-14],[-92,18],[-45,-4],[-20,-18]],[[33574,24546],[13,40],[15,97],[-3,57],[13,48],[-8,51],[8,101],[24,46],[-15,37],[30,27],[132,-8],[79,-20],[60,11],[35,25],[29,0],[19,-28],[34,18],[37,43],[117,53],[67,6],[36,14],[52,65],[36,18],[44,115],[5,45],[33,75],[-7,51],[12,57],[31,24],[3,40],[28,101],[60,5],[58,21],[27,-29],[31,-7],[97,14],[76,50],[38,-11],[57,-48],[54,-74],[56,-1],[69,-33],[48,-37],[62,-78],[64,-46],[19,-23],[7,-47],[24,-7],[62,9],[44,38],[49,57],[22,39],[53,25],[23,71],[36,40],[16,30],[65,29],[29,-7],[31,-47],[42,-7],[39,23],[33,6],[42,-44],[23,9],[13,33],[5,50],[46,56],[-8,96],[39,98],[24,38],[42,3],[54,-30],[29,23],[17,48],[100,21],[56,-48],[50,6],[81,-62],[91,-145],[62,-66],[23,-14],[9,-52],[14,-21],[43,-20],[41,-38],[-6,-50],[-22,-47],[8,-17],[120,-57],[76,-2],[28,-15],[47,-55],[42,7],[54,63],[38,17],[38,-75],[33,-30],[40,23],[34,32],[35,50],[25,61],[-11,86],[19,77],[35,27],[50,14],[20,31],[4,31],[29,78],[39,83],[49,24],[14,21],[37,105],[-15,24],[-11,49],[-21,22],[25,55],[31,22],[-15,57],[27,51],[13,42],[35,37],[22,-2],[18,-37],[27,-25],[19,-34],[34,5],[29,115],[1,43],[-25,95],[-1,101],[-8,47],[-23,37],[-25,88],[5,12],[73,23],[-17,63],[12,39],[-8,41],[-27,38],[-35,33],[-15,53],[3,42],[-19,62],[12,39],[46,60],[7,117],[-52,31],[-13,42],[-20,28],[-10,39],[13,23],[46,46],[8,35],[-20,20],[-31,53],[17,35],[-7,195],[18,40],[36,8],[23,46],[34,43],[-8,106],[17,59],[-25,129],[41,70],[29,8],[50,-16],[65,-38],[45,75],[64,44],[64,62],[5,46],[29,48],[2,25],[38,42],[3,34],[-57,58],[6,74],[-17,64],[-1,40],[16,26],[29,-1],[114,-23],[59,37],[27,26],[50,79],[32,-5],[49,-22],[39,3],[64,38],[69,-32],[38,10],[24,21],[105,143],[-38,37],[-52,98],[-1,47],[25,102],[-12,19],[-66,41],[-28,4],[-96,-46],[-45,7],[-21,24],[11,49],[-10,64],[-114,162],[-36,19],[-60,8],[-36,30],[-27,85],[-17,35],[79,46],[60,47],[44,-40],[21,9],[24,77],[36,20],[33,-4],[41,27],[42,-8],[20,-22],[65,-42],[110,-9],[21,23],[19,-4],[8,-35],[23,0],[56,-48],[69,23],[48,-11],[32,16],[33,53],[49,17],[98,-22],[81,-69],[47,-13],[34,33],[75,35],[46,-7],[98,28],[11,55],[48,25],[39,38],[7,25],[86,125],[41,107],[13,61],[15,30],[16,2],[67,-30],[59,11],[101,3],[40,6],[38,30],[16,81],[45,14],[32,39],[41,11],[39,35],[27,61]],[[40546,31095],[25,15],[48,-18],[33,-2],[29,31],[79,-43],[60,4],[12,30],[48,23],[-3,42],[-40,31],[-12,41],[59,-13],[95,47],[40,-96],[36,-14],[21,-36],[-14,-51],[-4,-58],[14,-33],[0,-64],[39,-115],[53,-71],[73,-112],[27,3],[29,63],[0,41],[11,36],[-1,59],[19,20],[19,-14],[81,-88],[23,-13],[106,37],[30,-14],[38,-41],[43,10],[22,-7],[3,-40],[56,-30],[-17,-95],[-19,-47],[-2,-31],[42,-78],[8,-58],[-7,-45],[-57,-84],[-33,-58],[-61,-30],[-56,-67],[-25,-17],[12,-46],[28,-22],[58,-27],[60,15],[20,22],[50,-16],[38,13],[74,-53],[50,-2],[39,-27],[10,-30],[-2,-44],[16,-62],[34,-40],[43,-36],[11,-51],[10,-9],[89,16],[55,17],[32,-5],[42,-31],[37,-5],[49,15],[47,-45],[51,-22],[20,-68],[-2,-94],[17,-75],[38,-31],[32,-38],[44,-14],[21,-19],[70,-27],[17,-23],[23,-80],[45,-43],[38,-20],[109,-10],[12,-19],[6,-118],[53,-40],[46,7],[31,16],[33,-11],[16,-40],[49,-54],[36,-20],[102,-107],[-2,-41],[-15,-32]],[[43308,28569],[-67,35],[-48,-1],[-15,-13],[5,-69],[-20,-62],[26,-48],[-22,-61],[-56,8],[-52,-25],[-59,14],[-48,-65],[-24,-12],[-104,31],[-26,-34],[-17,-92],[-22,-39],[-6,-33],[-24,5],[-75,-15],[-37,16],[-12,-45],[0,-47],[-18,-34],[-12,-94],[4,-41],[-18,-68],[18,-23],[4,-113],[-31,-78],[42,-56],[-6,-90],[30,-35],[38,-20],[13,-19],[32,-14],[1,-52],[19,-41],[-20,-2],[-61,28],[-104,32],[-36,-17],[-81,38],[-81,-19],[-46,-20],[-12,-46],[8,-45],[-11,-77],[-3,-68],[-21,-38],[-2,-42],[-25,-49],[11,-31],[38,-39],[-18,-97],[3,-54],[37,-44],[79,-64],[-30,-25],[-19,-42],[-8,-51],[36,-42],[18,-62],[90,-10],[27,-16],[65,-15],[31,64],[15,10],[43,-46],[28,4],[69,-51],[50,-12],[2,-56],[31,-38],[62,-32],[11,-38],[81,-86],[-20,-55],[62,-71],[36,-7],[13,-58],[22,-21],[-18,-42],[-59,-24],[-15,-33],[-38,-35],[20,-60],[-9,-37],[26,-105],[55,-34],[28,-43],[-12,-61],[12,-28],[40,-51],[-7,-37],[39,-102],[50,-33],[7,-63],[33,-26],[-2,-105],[139,-5],[15,63],[28,39],[55,8],[16,23],[79,-28],[37,-26],[52,-18],[23,2],[52,30],[54,-2],[-3,-24],[-40,-16],[-45,-33],[-68,-17],[-32,7],[-14,-32],[-39,-23],[6,-18],[119,47],[27,2],[63,32],[76,21],[29,-14],[61,6],[59,17],[33,28],[61,8],[61,36],[58,-10],[66,16],[0,34],[15,27],[66,56],[14,59],[10,5],[56,-20],[20,-31],[63,3],[91,52],[27,0],[17,-48],[22,-14],[30,11],[68,2],[34,-33],[17,-37],[68,-2],[15,-20],[3,-49],[28,1],[29,24],[43,5],[64,34],[14,0],[76,-28],[46,-24],[55,5],[44,32],[71,14],[95,0]],[[45470,25087],[-16,-52],[-26,-19],[8,-16],[-34,-18],[-21,-72],[-17,-29],[10,-32],[-63,-33],[-5,-39],[-53,-54],[-61,-46],[-50,-49],[-50,-24],[-89,-22],[-38,-18],[-61,-43],[-72,-76],[-33,-46],[-60,-58],[-140,-105],[-53,-89],[-122,-182],[5,-32],[-67,-156],[18,-162],[8,-11],[-2,-81],[60,-2],[15,-15],[-41,-15],[9,25],[-35,-14],[26,-54],[1,-42],[-32,-77],[31,-38],[-56,-108],[-14,-3],[48,96],[-31,24],[-68,-87],[-47,39],[-32,-36],[13,-22],[46,-35],[-30,-5],[-53,-58],[-11,9],[-59,-59],[61,-38],[130,130],[40,15],[5,-9],[-53,-32],[-36,-39],[-33,-70],[-38,-56],[-32,-62],[-17,8],[-44,-47],[-9,6],[41,47],[-30,-2],[-38,-60],[-15,18],[-42,-27],[-18,-123],[-29,-6],[-15,-39],[6,-20],[28,0],[-19,-22],[5,-102],[33,-34],[41,-6],[-32,-10],[45,-61],[-4,-35],[-13,3],[-3,57],[-62,72],[-34,-27],[-17,-126],[0,-53],[41,-2],[3,-22],[-20,-6],[-6,-68],[-32,-124],[71,-19],[7,24],[-13,106],[27,100],[-22,-4],[-1,25],[20,-17],[45,45],[-12,-35],[-22,-21],[-25,-100],[14,-112],[-30,-103],[-53,18],[-44,-43],[9,-30],[22,-1],[47,23],[20,-1],[-16,-38],[-39,-47],[-8,-25],[54,0],[-14,-58],[-43,-22],[14,-20],[-23,-7],[-28,40],[-33,-21],[16,48],[-33,15],[-10,-25],[-32,-11],[6,27],[-15,17],[-30,-9],[-27,9],[-23,-20],[13,-44],[33,-19],[34,-66],[-28,29],[-36,14],[-25,-10],[10,38],[-22,10],[-6,26],[-25,10],[-17,25],[-38,-9],[-16,-33],[13,-21],[-48,-35],[5,-27],[-21,-7],[-29,12],[-45,-38],[-20,-52],[-70,-14],[-16,21],[-33,6],[-18,30],[-33,27],[-36,-3],[-23,25],[-68,15],[-31,-13],[-49,-36],[-39,-56],[1,-38],[-40,-6],[-39,-25],[-7,-23],[-30,-22],[-25,-33],[-4,-31],[43,-13],[-8,-40],[-33,41],[-33,-34],[-2,-27],[23,-11],[-33,-16],[-38,9],[9,20],[-59,-7],[-17,34],[38,5],[-18,39],[11,43],[39,18],[-1,64],[24,54],[-10,33],[-58,33],[41,74],[7,0],[-40,-72],[54,-30],[26,29],[-30,48],[44,-51],[63,30],[-1,61],[-17,55],[-63,21],[42,95],[44,35],[6,30],[-22,36],[9,29],[-63,77],[-49,3],[-109,-6],[0,20],[51,-10],[125,13],[9,-30],[43,-54],[59,76],[-50,39],[-17,287],[-91,87],[-4,26],[-97,-14],[15,-70],[31,-228],[-8,-1],[7,-52],[-14,-4],[-30,209],[-22,179],[23,30],[-56,30],[-25,-7],[2,21],[-57,41],[-188,93],[-68,22],[-94,-30],[-25,-49],[-19,-6],[-44,76],[-69,19],[-111,-18],[-58,6],[-59,-11],[-43,-16],[-38,-28],[-32,-59],[-10,2],[-59,-86],[2,-55],[10,-32],[29,-18],[-14,-7],[-29,17],[-26,-43],[21,-23],[-17,-20],[-26,1],[4,-18],[-18,-32],[19,-5],[-10,-70],[-17,-4],[-24,32],[-31,-21],[-3,20],[-25,-18],[11,28],[-47,29],[8,23],[-53,-38],[-12,-24],[-35,-18],[-1,16],[-69,-33],[-28,-28],[-65,-9],[14,-40],[100,-35],[-3,-194],[-17,0],[5,111],[-4,77],[-45,18],[-44,-137],[69,-36],[-37,-23],[21,-62],[37,-13],[14,6],[23,-40],[-19,-26],[-16,14],[-22,-20],[-37,1],[-18,13],[-18,-17],[20,-22],[-46,-25],[4,-34],[54,4],[15,22],[34,9],[-6,-36],[-38,-14],[-15,-17],[16,-102],[51,-9],[53,23],[45,-2],[46,-13],[2,-17],[-53,4],[-15,-36],[-27,11],[-14,-33],[-22,-12],[-20,14],[-45,-47],[-7,-35],[-21,-5],[-65,45],[-112,41],[3,-25],[-52,-6],[-40,-34],[0,-25],[23,-15],[15,-53],[-21,-39],[-29,-80],[-40,-19],[-22,3],[-47,70],[-46,-2],[-19,-39],[0,-35],[-13,-60],[-38,-24],[-36,0],[10,76],[-32,-49],[-38,68],[-13,-4],[5,-39],[33,-42],[-2,-11],[-46,-15],[-41,35],[-35,-13],[-17,42],[21,68],[-63,-4],[0,-68],[14,-21],[-24,-26],[-43,13],[-8,85],[4,19],[-45,-1],[6,-103],[-20,-20],[-36,37],[-5,-53],[46,-14],[-13,-21],[16,-10],[14,19],[41,-23],[-20,-43],[-42,-32],[-19,-5],[-77,15],[6,-37],[-15,-25],[-46,10],[-20,19],[-48,-28],[-25,-44],[-14,23],[-34,-8],[4,31],[-46,25],[-8,18],[12,25],[-14,31],[26,10],[26,-19],[2,48],[59,59],[24,-20],[30,34],[-5,13],[26,28],[0,21],[32,21],[-25,85],[-28,45],[-84,90],[-61,49],[-39,18],[-72,23],[-87,1],[-9,-27],[-40,25],[-5,21],[-19,-11],[6,-34],[-41,-45],[-19,7],[-5,32],[-25,-24],[-48,-4],[-19,-36],[14,-39],[33,-19],[-20,-24],[12,-49],[-16,-3],[-26,-59],[16,-15],[-9,-20],[-44,3],[-10,63],[30,14],[-13,43],[-30,32],[-45,18],[-48,-24],[-18,-42],[6,-47],[-28,-11],[-6,-24],[-25,-12],[-9,17],[-65,-16],[-8,-17],[-33,24],[15,27],[-25,25],[-22,-46],[-35,-15],[10,-24],[-24,-1],[-10,-18],[-30,2],[-16,37],[12,32],[-29,1],[28,50],[23,-6],[-6,25],[22,15],[40,-5],[17,30],[-16,61],[-32,57],[-102,80],[-87,24],[-88,-13],[-65,-15],[-36,-1],[-54,-31],[-19,-35],[25,-27],[19,-4],[-29,-52],[-16,2],[26,40],[-9,16],[-47,-24],[-18,-40],[27,-6],[-13,-30],[33,17],[3,-36],[31,20],[24,-53],[-52,-3],[18,-13],[-6,-27],[-42,-34],[-25,1],[-6,41],[-45,-7],[-18,16],[-51,5],[-35,-19],[-73,-84],[-27,-7],[19,-12],[-32,-5],[-19,13],[-15,-26],[-42,-37],[31,41],[12,-1],[7,36],[18,13],[-29,107],[-8,-3],[-17,-123],[-7,1],[17,125],[-12,1],[-9,-83],[-33,-25],[23,31],[8,56],[-76,23],[-90,-16],[-54,-34],[-51,-60],[-19,-42],[-1,-37],[65,-28],[22,17],[11,-12],[-32,-18],[-74,32],[2,-88],[-9,-39],[18,-121],[-14,50],[-37,-3],[8,-47],[23,-35],[25,17],[42,-58],[62,-9],[3,28],[37,51],[-42,-85],[17,-26],[-7,-31],[65,-20],[41,103],[4,-3],[-41,-108],[-70,23],[-48,-36],[-71,-11],[-46,-18],[-23,-29],[-32,-20],[-29,-50],[2,-39],[-27,-60],[14,-17],[-29,-20],[-33,-38],[-34,24],[-28,3],[-54,-34],[-32,-9],[6,-40],[-18,2],[-20,28],[10,41],[-27,34],[-39,14],[-31,-4],[-61,-31],[-20,12],[-65,-49],[-27,-32],[-30,-95],[-77,-46],[-81,-26],[16,-110],[-78,-8],[-21,-27],[12,35],[78,11],[-5,43],[-73,-9],[-11,14],[-58,-8],[-32,-13],[3,-62],[-16,-17],[9,-76],[24,-27],[29,-5],[57,-60],[35,-23],[31,2],[75,-52],[-51,-61],[-22,-36],[-8,-37],[-18,-14],[-56,-14],[-81,4],[-43,-30],[-58,-51],[-48,-50],[-99,2],[-5,8],[-109,29],[-52,25],[-102,10],[-43,-17],[-24,-22],[-49,-13],[-19,-52],[-26,34],[-9,29],[-68,23],[-19,31],[-46,15],[-105,19],[-6,-49],[-65,6],[7,14],[48,-8],[5,39],[-146,11],[-34,-12],[-45,-36],[-53,-21],[-48,-35],[-44,-19],[-67,-5],[-123,-42],[-58,-33],[-7,8],[-47,-14],[-41,6],[-17,23],[-34,-14]],[[43468,21506],[3,-29],[-21,3],[-29,-16],[-20,60],[36,30],[55,0],[0,-21],[-24,-27]],[[43572,21604],[15,37],[42,3],[-5,-47],[-38,-12],[-14,19]],[[40357,20748],[24,-22],[-20,-20],[-21,36],[17,6]],[[38482,20692],[16,-20],[-10,-16],[-20,21],[14,15]],[[42646,21558],[-21,-20],[-8,22],[29,-2]],[[37452,19839],[22,4],[1,-29],[-23,25]],[[40964,21208],[-5,17],[31,-3],[-26,-14]],[[41326,21500],[-4,20],[25,-6],[-21,-14]],[[38340,20735],[-1,-6],[-81,25],[1,6],[81,-25]],[[41198,21415],[16,-15],[-25,-4],[9,19]],[[38865,21481],[26,9],[-19,-24],[-7,15]],[[38733,29158],[-17,-19],[53,-24],[31,0],[-58,53],[-9,-10]],[[39139,29103],[12,10],[-14,34],[-32,17],[-35,-2],[-4,-23],[44,-30],[29,-6]],[[38110,52790],[-78,26],[-35,-13],[-65,-2],[-23,-10],[-19,-39],[-77,-17],[-89,18],[-69,43],[-76,37],[-106,34],[-39,-8],[-24,-22],[-11,-29],[-55,-20],[-25,-69],[-40,-52],[-27,-14],[-40,2],[-55,14],[-53,38],[-80,34],[-45,9],[-53,-2],[-12,16],[-51,-1],[-48,35],[-41,16],[-74,11],[-50,38],[-36,45],[-65,102],[-20,15],[-71,23],[-105,21],[-46,15],[-28,25],[-69,-17],[-40,-1],[-92,-26],[-100,-9],[-68,17],[-44,31],[-37,14],[-149,21],[-124,9],[-88,28],[-126,66],[-124,-47],[-26,-57],[-44,-11],[-50,-23],[-147,-48],[-11,-32],[18,-124],[28,-83],[36,-85],[30,-20],[9,-22],[0,-52],[-114,-113],[10,-32],[-56,-42],[-84,-25],[-59,24],[-33,21],[-40,67],[-18,3],[-78,-37],[-20,-46],[-4,-89],[9,-86],[12,-29],[2,-52],[11,-58],[-26,-56],[-36,-15],[-146,15],[-73,-8],[-6,-21],[19,-83],[-3,-54],[-35,-48],[-25,-59],[-21,-14],[-62,-8],[-33,-19],[-60,-55],[-33,-9],[-29,95],[-74,-19],[-12,-10],[-37,44],[-59,44],[-132,79],[-79,22],[-106,60],[-94,48],[35,-216],[-18,-9],[3,-49],[-34,0],[27,-49],[-27,-183],[-147,78],[-52,-73],[-66,62],[-221,-51],[-32,3],[-125,-7],[-75,-13],[-7,18],[-61,5],[-100,45],[-11,-65],[5,-71],[-9,-91],[0,-83],[19,-143],[21,-185],[10,-130],[-30,-18],[-155,-184],[-56,-65],[-50,-66],[-4,-29],[83,-41],[149,-58],[177,-54],[45,-24],[36,-43],[37,-98],[29,-30],[108,-82],[92,-52],[72,-31],[79,-70],[45,-64],[27,-16],[43,-42],[72,12],[24,-8],[60,-39],[15,-40],[-19,-32],[-27,-67],[-16,-71],[11,-47],[47,-75],[-13,-48],[35,-38],[8,-28],[-19,-52],[0,-65],[-198,17],[-29,-2],[-8,-25],[14,-86],[-83,-21],[-16,-11],[-5,-67],[9,-27],[36,-29],[30,-62],[55,-3],[28,-37],[-9,-31],[22,-57],[-33,-24],[-61,-14],[-15,-14],[2,-50],[-54,-73],[-50,12],[-23,-11],[-52,-51],[-55,11],[-59,21],[-29,-11],[-58,-77],[-68,-119],[-27,-36],[-34,-8],[-32,50],[-44,6],[-75,-6],[-16,-9],[-78,-90],[-7,-25],[29,-111],[54,6],[50,-23],[14,-39],[-13,-70],[16,-34],[49,-26],[28,-68],[50,-48],[48,-96],[41,-49],[4,-27],[-9,-52],[6,-18],[79,-36],[27,-21],[58,-24],[25,-31],[61,-119],[49,-24],[24,-23],[4,-63],[-26,-29],[-69,-30],[-40,-62],[0,-49],[35,-99],[0,-45],[16,-45],[-23,-26],[3,-83],[27,-16],[42,7],[32,-11],[53,-36],[20,-29],[15,-56],[-6,-61],[19,-48],[-3,-34],[14,-29],[53,-41],[21,-26],[51,-19],[35,-58],[23,-22],[82,-16],[30,-27],[35,-70],[74,-17],[21,-26],[0,-37],[64,-58],[2,-34],[-54,-35],[-15,-77],[-10,-94],[-34,-22],[-12,-28],[42,-59],[25,-50],[50,-15],[-14,-26],[1,-85],[10,-53],[19,-41],[5,-49],[13,-43],[63,-35],[24,-60],[26,-20],[-15,-52],[36,-72],[105,-73],[9,-15],[-5,-76],[-10,-39],[55,-126],[62,-30],[9,-30],[-9,-44],[11,-22],[44,-27],[10,-22],[41,-30],[53,10],[57,-6],[38,-17],[57,-10],[53,16]],[[34489,44557],[65,-27],[8,-14],[25,-100],[32,-74],[-6,-23],[-39,-66],[6,-47],[28,-24],[5,-48],[19,-30],[45,-19],[14,-26],[2,-37],[18,-39],[56,-24],[38,-76],[-8,-38],[9,-31],[54,-63],[81,-70],[28,-85],[32,-73],[-8,-73],[-16,-15],[-63,-14],[-40,20],[-42,-29],[-61,4],[-80,-42],[-18,1],[-33,29],[-38,18],[-30,-12],[-39,-1],[-37,-29],[-33,-12],[-1,-74],[10,-51],[-4,-39],[-19,-41],[-23,-23],[-48,-22],[-20,-22],[6,-62],[35,-55],[30,-73],[-4,-23],[-43,-43],[-34,-70],[7,-51],[-32,-50],[19,-49],[13,-77],[15,-43],[25,-42],[31,-28],[22,-5],[33,-63],[55,-22],[59,-34],[94,-24],[76,-4],[112,29],[38,18],[72,69],[25,35],[37,36],[16,-5],[11,-54],[14,-15],[39,-93],[50,-36],[8,-107],[-10,-69],[-41,-86],[-36,-34],[-57,-30],[-68,4],[-26,-19],[8,-70],[-19,-39],[-21,-86],[38,-42],[64,-95],[27,-22],[55,-14],[13,-17],[-10,-63],[-32,-75],[12,-60],[-17,-68],[-7,-60],[30,-23],[26,-197],[-8,-54],[26,-20],[7,-146],[11,-49],[4,-77],[24,-47],[-22,-51],[3,-29],[92,-76],[127,-64],[43,-34],[10,-21],[-6,-67],[2,-83],[-5,-43],[6,-79],[32,-38],[34,-16],[19,-37],[-39,-76],[6,-43],[-56,-121],[1,-42],[15,-28],[53,-61],[10,-38],[-23,-83],[-46,-66],[-18,-45],[22,-58],[54,-50],[31,7],[42,-30],[5,-70],[93,-80],[26,-43],[43,-18],[16,-22],[12,-44],[131,-66],[49,-38],[40,-8],[51,27],[16,-92],[-40,-75],[14,-86],[-19,-33],[11,-41],[43,-13],[31,-24],[27,-5],[36,-41],[0,-54],[50,-31],[60,-68],[12,-42],[-13,-49],[16,-43],[-3,-64],[19,-16],[9,-70],[55,-49],[-16,-21],[-19,-63],[39,-25],[9,-27]],[[36370,37831],[20,-74],[24,-47],[22,-72],[54,-27],[48,-83],[-48,-120],[2,-26],[37,-83],[30,-32],[126,-95],[105,-195],[13,-49],[-33,-108],[-5,-38],[38,-95],[-42,-28],[-37,4],[-48,34],[-70,-15],[-12,8],[-50,97],[-70,39],[-25,54],[-38,48],[-20,2],[-57,-33],[-50,-6],[-81,-51],[-4,-62],[-11,-8],[-89,-6],[-50,-46],[-74,-54],[-61,-19],[-9,-31],[5,-57],[-9,-40],[-77,-118],[-41,-28],[-51,87],[-26,53],[-45,77],[-8,49],[-16,21],[-66,1],[-29,-79],[-11,-55],[-53,-82],[-33,-40],[-31,77],[-47,10],[-56,25],[-55,34],[-66,52],[-28,9],[-20,33],[-35,22],[-27,34],[-53,39],[-36,92],[-32,12],[-71,-43],[-47,4],[-45,50],[-18,1],[-76,-30],[-56,31],[-47,11],[-41,24],[-30,5],[-25,37],[-43,81],[-50,32],[-5,-143],[5,-74],[-30,-7],[-5,-31],[17,-22],[2,-66],[-47,-50],[39,-19],[10,-58],[20,-49],[9,-47],[-3,-53],[28,-61],[-27,-55],[-29,-37],[-8,-52],[39,-68],[35,-84],[0,-57],[37,-83],[42,-37],[25,-9],[60,-5],[85,-18],[48,-30],[14,-42],[25,-36],[-25,-86],[-8,-57],[-27,-59],[-4,-69],[8,-47],[-1,-65],[-25,-39],[0,-42],[-24,-88],[-48,-52],[-42,-34],[-66,-70],[-78,-45],[-23,4],[-53,-12],[-30,-25],[-44,-18],[-61,-41],[-21,-65],[-77,-68],[-29,-18],[-32,1],[-53,-38],[-31,-42],[-3,-23],[-27,-46],[-9,-63],[-26,-23],[-72,-20],[-20,-16],[-52,-95],[7,-79],[-47,-46],[-73,-41],[-39,13],[-42,64],[-34,18],[-32,-15],[-27,-48],[-37,11],[-46,38],[-59,3],[-43,-20],[-23,-29],[22,-68],[-17,-58],[-4,-66],[-8,-25],[-61,-33],[-51,39],[-29,56],[-22,20],[-58,23],[-42,4],[-87,-13],[-45,-77],[-37,-9],[-33,-40],[-4,-49],[18,-56],[-14,-81],[-14,-32],[-2,-64],[6,-51],[-12,-32],[11,-44],[-1,-38],[-17,-49],[-82,-38],[-11,-19],[3,-38],[-18,-15],[-10,-89],[-45,-48],[-15,-83],[-20,-52],[31,-47],[70,-53],[25,-63],[2,-27],[-37,-56],[16,-62],[-32,-16],[-25,-38],[15,-53],[9,-65],[-6,-14],[-58,-35],[-36,-57],[17,-55],[-20,-53],[-29,-35],[-11,-50],[50,-53],[21,-74],[0,-40],[-12,-42],[7,-29],[30,-23],[27,-51],[-5,-17],[-34,-25],[-40,-98],[-23,9],[-12,49],[-20,20],[-53,-11],[-27,28],[3,68],[-17,33],[-72,66],[-13,62],[-14,30],[-75,-2],[-52,-23],[-29,-2],[-54,25],[-51,-10],[-35,25],[-31,47],[-12,3],[-20,-48],[6,-75],[-104,-5],[-145,7],[-38,49],[-52,-12],[-96,-46],[-83,-74],[-37,-13],[-74,-7],[-53,-16],[-19,-41],[-1,-37],[17,-26],[60,13],[39,-42],[27,-52],[-44,-54],[-32,-18],[-56,8],[-138,142],[-23,3],[-37,30],[-35,14],[-16,-9],[6,-39],[105,-182],[55,-49],[14,-79],[-12,-21],[-25,-6],[-54,25],[-34,30],[-48,99],[-33,11],[-38,-30],[-54,14],[-44,-27],[-33,-61],[-6,-88],[18,-42],[43,-64],[4,-29],[-57,-66],[-28,-16],[-21,-39],[4,-69],[-6,-30],[-39,-69],[-22,-68],[-24,-49],[-7,-54],[-36,-26],[-6,-59],[-15,-42],[-41,-21],[-60,-58],[-16,-79],[-31,-43],[-58,-41],[0,-83],[-17,-56],[14,-28],[0,-50],[-11,-33],[-18,-7],[-59,25],[-45,98],[-41,-20],[-33,18],[-21,26],[-14,-82],[-7,-83],[7,-31],[-10,-47],[-42,-71],[-8,-48],[-33,-26],[-1,-33],[-17,-36]],[[30078,30078],[-39,14],[-26,-11],[-30,17],[-28,45],[-31,72],[-3,38],[-25,38],[-77,31],[-33,75],[-8,95],[13,25],[-17,34],[-3,34],[-50,64],[-45,-6],[-21,-12],[-32,-55],[-82,14],[-39,12],[-101,89],[-12,52],[14,27],[34,33],[8,20],[-1,61],[-11,37],[-55,34],[-35,30],[-19,33],[-25,88],[-50,76],[-24,11],[-44,-8],[-63,42],[-28,40],[-37,13],[-33,-1],[-46,-34],[-38,11],[-49,-27],[-39,29],[11,37],[-23,18],[-37,57],[-18,63],[7,27],[25,15],[2,22],[-31,24],[-59,14],[-57,22],[-14,23],[30,84],[9,51],[22,11],[-8,87],[3,38],[19,54],[-26,77],[7,44],[-10,86],[-8,16],[-56,67],[-17,11],[-53,65],[-30,3],[-9,28],[2,42],[-10,72],[-16,38],[14,86],[-33,109],[-23,100],[-70,80],[-11,57],[7,25],[-17,68],[61,150],[27,39],[34,87],[-57,67],[-11,60],[-21,31],[18,94],[-14,53],[-23,31],[-52,172],[-47,82],[25,46],[59,17],[15,36],[9,77],[-8,64],[-26,32],[3,53],[24,40],[24,98],[-2,126],[10,49],[33,60],[3,81],[48,82],[8,29],[-10,29],[-65,66],[-26,58],[-48,84],[-30,20],[-31,34],[-15,82],[-95,85],[-44,50],[-51,13],[-33,75],[6,42],[61,45],[89,9],[-8,79],[-30,42],[-46,28],[-9,34],[1,103],[-19,63],[1,21],[25,21],[18,64],[29,40],[18,44],[9,70],[-44,51],[-11,32],[38,67],[4,37],[23,54],[6,52],[31,41],[16,77],[-34,77],[13,45],[33,33],[2,25],[-20,81],[32,76],[35,16],[48,-11],[36,25],[62,15],[53,-4],[97,117],[22,40],[8,73],[-5,51],[10,41],[-4,53],[23,46],[-12,28],[-11,75],[2,62],[-21,94],[4,60],[-82,8],[-72,28],[-89,57],[-18,40],[-10,50],[-21,31],[-42,-12],[-36,-44],[-54,-7],[-22,-41],[-104,-45],[-34,-35],[-68,-29],[-29,-4],[-94,40],[-27,-12],[-48,1],[-61,14],[-53,-37],[-18,-33],[-13,-46],[-66,-37],[-33,13],[-35,52],[-17,12],[-102,36],[-37,60],[11,26],[-8,64],[20,42],[3,31],[-40,60],[-39,36],[-104,4],[-93,-5],[-8,5],[-14,59],[12,102],[-7,52],[10,82],[89,-3],[62,-22],[58,-42],[42,-1],[24,16],[60,-10],[44,-17],[55,-33],[48,-38],[77,-2],[15,23]],[[26402,44300],[3,97],[14,78],[-18,45],[13,123],[-12,62],[24,108],[-5,93],[10,94],[-104,27],[-229,121],[-43,27],[77,84],[112,78],[-80,103],[-2,30],[48,41],[87,57],[50,27],[22,28],[-11,49],[27,46],[0,28],[-23,64],[20,47],[67,129],[-18,46],[-28,30],[-23,46],[-6,46],[-27,43],[-5,29],[-37,81],[-21,99],[-34,49],[-48,30],[-10,66],[9,63],[-25,55],[-15,171],[-10,53],[6,21],[36,2],[65,-28],[35,57],[-2,27],[-63,99],[-31,62],[3,54],[37,45],[9,31],[-9,21],[-69,30],[-21,104],[-45,68],[-122,116],[65,73],[25,17],[0,176],[-11,13],[-57,22],[-39,44],[-24,12],[-150,52],[-26,-33],[-40,2],[-45,109],[-31,90],[-28,59],[-64,71],[-9,-1],[-137,-78],[-47,-36],[-99,-86],[-190,-61],[-135,-37],[-89,-20],[-184,-49],[-198,-65],[-398,-144],[-98,-20],[-136,23],[-190,19],[-11,-12],[-71,-8],[-61,-19],[-55,-3],[-47,17],[-55,-5],[-109,-67],[-120,-33],[-81,-8],[-149,-68],[-107,-28],[-140,-2],[-305,0],[-245,-7],[-144,4],[5,52],[27,51],[115,64],[138,64],[144,72],[34,26],[72,103],[58,56],[28,7],[7,45],[-63,272],[-13,72],[16,94],[40,65],[163,75],[19,91],[0,42],[-11,29],[-41,54],[-71,80],[-23,48],[9,52],[28,49],[-72,170],[-13,81],[-21,77],[-39,101],[-71,120],[-47,94],[-61,79],[-45,48],[-71,56],[-47,44],[-40,106],[-59,54],[-80,96],[-32,30],[-123,82],[-30,33],[-5,27],[-4,167],[-45,109],[-82,150],[-44,108],[-38,76],[-51,123],[-14,17],[-59,9],[-31,14],[-37,44],[-35,92],[13,111],[-34,40],[-104,66]],[[21205,51502],[19,13],[-104,73],[5,7],[106,-74],[35,31],[-218,152],[-172,254],[6,16],[85,119],[20,20],[-128,238],[-61,43],[-70,123],[111,160],[-491,337],[5,7],[81,-55],[56,80],[-81,55],[17,27],[-41,28],[-153,37],[1,3],[153,-37],[42,-28],[226,323],[18,9],[57,-34],[262,-180],[18,-7],[16,23],[-15,16],[-260,178],[-51,38],[-1,19],[445,636],[8,-3],[293,-200],[49,69],[81,-54],[148,212],[20,-14],[-148,-211],[382,-262],[10,2],[229,326],[-408,279],[-224,151],[2,2],[-191,131],[-3,13],[646,924],[18,-4],[341,-234],[13,13],[27,-27],[229,-157],[17,2],[258,367],[-4,24],[-374,258],[-151,-70],[-5,4],[149,70],[-227,156],[-2,9],[37,53],[-80,55],[4,6],[81,-55],[884,1261],[153,-105],[14,20],[-6,23],[29,-21],[-34,-24],[374,-257],[15,23],[-78,81],[11,10],[85,-88],[-26,-32],[35,-25],[222,316],[-34,31],[-10,-14],[-68,47],[9,14],[-35,25],[-16,88],[-83,-41],[-3,6],[85,37],[-4,23],[-54,37],[0,-19],[-117,-21],[48,15],[-2,12],[-73,-7],[106,19],[-22,-23],[44,8],[13,18],[-121,83],[-51,-28],[61,3],[-117,-21],[-8,7],[54,9],[-2,9],[-63,-12],[-6,7],[115,21],[14,7],[-163,112],[-1,4],[294,419],[11,39],[39,33],[233,333],[-26,-42],[25,-15],[8,-73],[205,5],[291,374],[124,126],[18,38],[-104,153],[-190,269],[4,2],[96,-138],[95,-130],[113,-168],[135,137],[119,-10],[96,-82],[120,-113],[20,0],[4,-22],[41,-38],[-5,91],[9,-5],[0,-90],[49,-46],[-4,73],[9,-6],[-1,-71],[279,-258],[-26,76],[12,-12],[18,-68],[59,-55],[-22,72],[12,-11],[17,-69],[60,-43],[-21,58],[12,-10],[12,-50],[56,-53],[-20,58],[13,-11],[18,-57],[170,-159],[18,3],[73,-69],[-4,-19],[50,-44],[14,24],[141,-77],[-7,-14],[72,-39],[5,-17],[316,-171],[73,58],[300,219],[-111,144],[-23,-14],[-14,17],[19,19],[-86,113],[-168,-126],[-10,13],[-101,1],[-199,108],[13,5],[-46,24],[-43,41],[-25,39],[-28,14],[316,239],[1,6],[-201,260],[-79,-54],[15,-18],[-45,-34],[34,37],[-9,11],[-63,-47],[11,-23],[-129,-97],[-77,105],[2,28],[-15,23],[6,47],[-43,55],[-29,-23],[-16,32],[248,185],[-65,85],[1,9],[305,228],[261,31],[167,17],[408,-177],[18,23],[220,-94],[-12,-28],[437,-188],[33,-119],[70,-41],[60,89],[83,113],[-11,22]],[[22062,55549],[4,5],[173,-118],[-12,-17],[-173,118],[8,12]],[[24756,59639],[-103,-45],[-3,6],[149,63],[536,384],[3,-3],[-537,-384],[-45,-21]],[[22634,55678],[273,-187],[-5,-7],[-265,181],[-86,-40],[-4,7],[87,46]],[[23954,58346],[-30,-24],[117,168],[7,-5],[-94,-139]],[[21716,55127],[-10,24],[24,-2],[-14,-22]],[[11154,84375],[-5,87],[5,92],[9,66],[23,97],[67,218],[5,107],[-24,214],[-9,107],[6,85],[15,92],[21,87],[34,83],[64,134],[70,163],[70,137],[39,53],[130,149],[33,51],[18,39],[47,197],[15,85],[25,98],[16,93],[39,112],[43,84],[75,132],[26,59],[19,60],[9,99],[-40,144],[-45,99],[-66,197],[-43,178],[-56,164],[-51,115],[-66,128],[-44,98],[-29,89],[-50,270],[-30,227],[-12,153],[-14,65],[-117,333],[-85,234],[-32,79],[-89,174],[-133,231],[-125,200],[-112,167],[-49,71],[-71,84],[-68,68],[-79,97],[-33,65],[-46,119],[-39,85],[-161,314],[-81,110],[-50,63]],[[26208,80188],[45,-21],[252,-9],[111,-10],[67,-17],[76,-43]],[[26759,80088],[185,-103],[278,-149],[91,-29],[54,-3],[64,17],[82,57],[45,12],[112,-26],[182,47],[326,-98],[36,-13],[5,-22],[-15,-47],[129,-51],[36,48],[77,-39],[-4,-78],[691,-242],[24,30],[-22,-64],[233,-71],[75,-44],[76,-101],[84,-118],[62,-81],[44,-66],[106,-141],[86,-106],[49,-21],[109,-20],[414,-71],[-109,-101],[-22,-43],[107,1],[131,9],[29,-12],[37,-38],[86,-132],[83,-120],[60,-66]],[[21831,90758],[343,-199],[242,-145],[62,-53],[211,-194],[87,-66],[91,-52],[75,-34],[120,-41],[183,-26],[277,-51],[144,-37],[188,-101],[161,-93],[64,-46],[84,-156],[88,-146],[160,-241],[78,-108],[147,-123],[265,-190],[118,-64],[49,-8],[126,37],[91,32],[80,39],[78,68],[176,202],[228,124],[206,156],[48,13],[352,-15],[179,-44],[97,-33],[328,-136],[140,-70],[287,-190],[173,-120],[66,-38],[146,-78],[155,-63],[255,-76],[339,-77],[67,-26],[147,-78],[120,-83],[71,-67],[33,-43],[39,-95],[85,-243],[88,-203],[168,-325],[52,-82],[67,-91],[220,-266],[301,-351],[98,-140],[129,-198],[106,-157],[61,-85]],[[30470,85782],[-185,-106],[-132,-51],[-62,-20],[-58,-10],[-158,16],[-62,-17],[-107,-49],[-171,-182],[-99,-29],[-44,2],[-64,34],[-48,9],[-168,78],[9,28],[-432,298],[-126,-154],[-48,-73],[-50,30],[-17,-16],[-47,18],[-38,78],[-95,222],[-13,65],[12,31],[1,48],[118,217],[-49,19],[-57,-99],[-160,-223],[-26,-3],[-253,36]],[[35363,19496],[-47,-10],[-33,-18],[-93,-11],[-78,1],[-61,-13],[-70,-56],[-41,-52],[-22,-6],[-69,-76],[-46,-96],[-25,-26],[-29,-5],[-21,-34],[-24,4],[32,-42],[-9,-14],[-46,25],[-64,12],[-11,18],[-41,0],[-34,-25],[-36,33],[16,39],[9,47],[-1,75],[-11,44],[-41,62],[-29,22],[-44,13],[-74,99],[-58,54],[-72,39],[-29,58],[8,68],[-10,6],[2,68],[-101,104],[-79,101],[9,16],[61,-88],[24,-26],[53,90],[5,-22],[-38,-64],[65,-70],[33,25],[8,-10],[59,26],[-2,55],[-24,-13],[22,92],[-12,61],[-119,9],[-5,16],[-71,13],[10,21],[15,-18],[69,-6],[-2,24],[77,25],[70,-7],[58,53],[-9,39],[-63,41],[-45,1],[-86,-19],[-17,-74],[-7,14],[8,50],[-42,24],[-40,79],[-26,12],[-29,49],[34,29],[22,-1],[-23,60],[18,8],[0,26],[-76,61],[-111,42],[-50,3],[-56,-5],[-55,-18],[-34,-40],[-13,11],[-66,-16],[-32,-29],[-15,1],[-33,-49],[-62,-37],[80,-35],[-27,-53],[-86,30],[-34,-101],[10,-3],[-18,-53],[56,-14],[24,7],[56,71],[2,-29],[-52,-57],[-50,-4],[1,10],[-58,14],[11,-133],[18,6],[-17,-39],[-23,-3],[-17,-21],[9,-47],[60,-21],[-13,-82],[-18,19],[9,18],[-38,-14],[-7,-19],[-25,31],[-5,26],[-26,-44],[-18,-5],[4,-52],[-36,-41],[-32,4],[-36,-33],[-44,22],[-20,-3],[-11,21],[17,32],[-45,-3],[7,29],[49,14],[-49,8],[4,52],[-13,7],[-25,-49],[-25,-19],[-32,6],[1,-52],[-21,-8],[1,32],[-15,-4],[-28,29],[11,37],[-33,35],[-17,35],[-28,23],[37,15],[-18,36],[2,34],[-30,6],[-55,-40],[-53,-14],[7,-17],[-45,-19],[-13,15],[-80,-13],[-44,-27],[-83,-21],[-65,33],[-13,21],[-23,-4],[4,53],[-22,10],[6,19],[-34,58],[-99,92],[-115,50],[-25,-13],[-62,12],[-66,-31],[6,-19],[-97,-33],[-2,-47],[-155,-15],[-26,-14],[-16,-29],[-12,6],[-52,-11],[-3,-21],[-32,-10],[-6,-25],[-22,3],[12,38],[-27,-18],[-8,34],[112,34],[-5,65],[30,8],[2,-18],[45,-17],[100,9],[-7,76],[-193,-16],[2,-21],[-82,-7],[-3,40],[-71,-51],[27,-30],[-28,-18],[-26,28],[-59,-53],[-8,-29],[36,-27],[46,24],[-32,-32],[74,-56],[0,-14],[49,-35],[3,-20],[-76,50],[-14,28],[-55,45],[-44,21],[-15,-23],[3,-26],[-21,32],[-5,-14],[-30,10],[-51,-1],[-54,42],[-74,6],[-75,-27],[-53,-43],[-41,-58],[11,-20],[-16,-89],[6,-46],[27,-12],[-9,-26],[-65,-103],[-44,-3],[-75,-29],[-59,0],[11,40],[-43,4],[-98,22],[-17,-6],[-74,14],[5,12],[-32,9],[-45,-80],[-83,36],[-16,42],[-56,22],[-23,-8],[15,44],[4,-20],[71,-30],[15,-42],[67,-29],[26,58],[-61,27],[0,31],[-112,61],[17,28],[-32,15],[-61,-20],[-6,10],[-97,33],[-16,-3],[-142,48],[-14,32],[-63,14],[-2,13],[-64,27],[-32,39],[-84,11],[-37,-13],[-33,16],[-33,-9],[-99,-45],[-52,-33],[-53,-24],[-187,-100],[-150,-74],[-110,-76],[-60,-32],[-124,-80],[-72,-39],[-104,-77],[-63,-33],[-18,-26],[-127,-87],[-139,-118],[-33,-18],[-84,-68],[-73,-71],[-43,-35],[-134,-130],[-123,-142],[-37,-27],[-41,-87],[-6,-48],[-24,-39],[-94,-60],[-30,-42],[-9,-31],[-60,-106],[-8,-33],[0,-74],[8,-118],[-7,-42],[3,-49],[77,20],[117,6],[26,-40],[-14,-10],[-20,42],[-106,-7],[-51,-15],[15,-52],[132,35],[-55,-19],[18,-62],[90,27],[34,67],[-7,24],[26,-19],[-41,-81],[-145,-40],[-77,-6],[10,-47],[65,6],[43,-17],[15,-35],[-21,-52],[59,-138],[-11,2],[-55,128],[15,54],[-13,30],[-30,13],[-65,-5],[12,-99],[36,4],[8,-25],[-25,-2],[9,-43],[22,-25],[49,-28],[-1,-26],[34,-17],[15,-43],[-33,-31],[-33,36],[-119,-107],[-21,2],[-15,-104],[127,-16],[125,76],[22,94],[-23,6],[25,12],[25,-12],[26,71],[31,10],[32,33],[6,-31],[-56,-41],[-11,-24],[28,10],[32,-6],[13,-21],[-33,-22],[-47,10],[-25,-121],[-109,-64],[-27,-23],[-26,15],[-161,20],[-38,-26],[-91,9],[-1,16],[-35,12],[-17,23],[-75,-33],[-29,-62],[-61,-65],[-5,-27],[24,-44],[42,-23],[20,-25],[47,-22],[8,-82],[-37,-30],[-66,-36],[-50,-13],[-18,9],[-28,-10],[-34,-41],[-15,-39],[-9,-101],[8,-50],[18,-51],[66,-48],[-20,-35],[3,-108],[19,-98],[21,-21],[33,5],[-10,-23],[33,-4],[25,-24],[25,10],[53,-44],[49,-7],[12,-20],[-22,-48],[-29,24],[20,-47],[-12,-3],[-47,-48],[-28,8],[-34,-50],[18,-10],[102,24],[2,-19],[-102,-18],[-106,34],[-20,18],[-18,-13],[43,-24],[-5,-17],[-33,17],[-6,-29],[-28,2],[-20,-20],[-2,-35],[38,-41],[3,-28],[-13,-43],[-41,21],[-12,24],[-49,22],[-28,-1],[-18,42],[-67,18],[-91,18],[-30,-30],[3,-31],[34,-43],[-32,11],[12,-36],[-55,-8],[-47,32],[-28,-13],[20,-34],[-21,-30],[-27,20],[-8,-12],[-47,22],[-3,-30],[-19,-2],[13,-23],[-39,21],[-16,-36],[19,-13],[11,-32],[-20,15],[-65,20],[4,-30],[-24,21],[-69,-9],[19,-40],[-20,-3],[-32,46],[-49,11],[-41,-12],[5,18],[-83,44],[-39,13],[-19,-22],[-34,-16],[-20,-53],[16,-69],[25,-25],[-36,-2],[-3,-78],[38,-33],[35,-9],[8,-26],[-18,-46],[-42,26],[-8,-23],[-30,17],[5,-31],[-13,-49],[-24,3],[-13,26],[-38,-23],[-6,-30],[-13,56],[-55,-14],[-1,-36],[-54,-1],[-16,23],[-126,-70],[-52,-2],[-42,-50],[-10,-51],[22,-28],[37,-8],[7,-19],[64,-24],[73,36],[10,-23],[42,-8],[27,12],[-23,-53],[36,-69],[-20,-21],[-68,-31],[2,-19],[62,10],[0,-14],[45,-3],[2,-59],[27,15],[7,-62],[20,37],[8,-44],[-12,-28],[-23,-5],[-15,26],[-49,-33],[-10,10],[-42,-7],[-36,-48],[-14,23],[1,-37],[-15,9],[-33,-19],[-20,11],[14,19],[-53,-15],[-12,-21],[-94,-10],[-1,7],[92,9],[20,37],[-6,55],[-65,-7],[1,-9],[-91,-9],[-1,8],[-87,-8],[44,-82],[-49,79],[-41,-32],[18,-23],[-1,-23],[39,-27],[-20,-22],[-52,21],[-17,-43],[58,4],[-13,-16],[-45,10],[12,-41],[29,19],[26,2],[-11,-41],[2,-64],[-33,-14],[7,-35],[-19,-8],[-19,15],[-56,-23],[-58,14],[-10,-28],[29,-46],[29,18],[42,9],[7,-49],[18,5],[28,-49],[-39,-49],[-14,7],[-14,-29],[-24,16],[-11,54],[6,-68],[9,-18],[-28,-8],[-26,-41],[-29,-24],[-54,-2],[-17,14],[21,25],[8,49],[28,2],[-62,31],[-37,0],[5,16],[-27,2],[13,28],[-58,-12],[-29,23],[22,13],[23,37],[-52,-47],[-16,-1],[-11,34],[19,37],[-21,14],[-52,-10],[1,-25],[-19,-27],[-43,-34],[-24,0],[4,31],[-35,-24],[-8,24],[-23,9],[-1,20],[-32,-20],[41,55],[-37,-40],[-8,24],[-21,5],[-14,-19],[-10,26],[26,36],[-32,12],[2,-30],[-28,-41],[-14,22],[26,43],[-9,11],[-17,-43],[-26,23],[9,-29],[-13,-8],[-13,41],[6,24],[-46,-1],[-25,-46],[-36,-7],[-49,8],[-28,-107],[-33,-24],[-47,13],[29,14],[0,16],[45,10],[13,28],[13,71],[-81,1],[0,-14],[-49,0],[8,-44],[38,-36],[-41,21],[-22,60],[-16,9],[7,37],[-77,7],[-64,-22],[-38,-40],[-13,-37],[-41,-13],[-35,19],[-13,-7],[-52,11],[-18,38],[-59,17],[-27,-16],[-68,-25],[-82,-65],[-39,-10],[-53,-25],[-99,-89],[-64,-38],[-74,-37],[-48,-14],[-70,-11],[-22,-19],[-35,0],[-17,-19],[-111,-27],[-69,-42],[1,-14],[-35,-7],[-90,-73],[-68,-8],[-132,-46],[-106,-57]],[[22323,13835],[-42,87],[-6,38],[7,66],[-39,69],[-30,14],[-31,-15],[-44,28],[-60,17],[-45,3],[-12,20],[-32,21],[-63,11],[15,52],[2,55],[-21,70],[-9,66],[17,58],[54,47],[14,4],[42,-20],[56,24],[13,20],[26,99],[55,51],[0,27],[-26,26],[3,57],[-9,33],[-37,19],[-7,34],[-70,52],[-34,-11],[-44,-73],[-32,-15],[-65,-9],[-25,24],[-23,-10],[2,34],[-13,41],[-65,101],[-8,68],[-42,124],[1,39],[64,43],[10,44],[-30,70],[16,47],[-16,79],[-19,54],[1,39],[-13,146],[-28,57],[-15,8],[-32,76],[-57,72],[-33,65],[-38,23],[-43,4],[-24,40],[-12,45],[15,73],[-8,42],[-39,108],[10,65],[-36,20],[-53,-8],[-56,-1],[-107,-12],[-30,20],[-50,49],[-69,17],[-33,38],[-19,54],[3,81],[-2,97],[19,68],[-5,23],[33,48],[-9,76],[3,26],[37,14],[-16,63],[-41,21],[-60,21],[-45,65],[-29,10],[-89,9],[-57,69],[-94,131],[-98,25],[-31,14],[-56,82],[-82,60],[-107,103],[-120,87],[-27,4],[-71,-27],[-42,-43],[-82,-6],[-99,-51],[-123,-23],[-66,-6],[-36,-28],[-23,-59],[-23,-20],[-156,0],[-64,10],[-35,-38],[-34,-1],[-14,84],[9,120],[-10,38],[23,3],[26,46],[114,57],[9,44],[35,17],[6,56],[-7,45],[-28,54],[4,37],[29,86],[45,33],[13,25],[-76,63],[-61,58],[-27,17],[-56,4],[-155,78],[-2,80],[-37,57],[4,47],[30,36],[33,20],[0,47],[-24,30],[-7,28],[-41,86],[6,38],[40,73],[59,30],[36,43],[6,47],[52,58],[28,21],[21,39],[17,89],[28,66],[2,30],[-17,34],[-50,42],[-29,15],[-72,-13],[-68,-4],[-35,-10],[-74,15],[-52,1],[-54,37],[-61,1],[-56,-46],[-44,5],[-38,33],[-93,16],[-26,22],[-40,12],[-66,3],[-65,-23],[-49,-7],[-109,-27],[-16,-21],[7,-61],[23,-57],[2,-78],[-17,-56],[-18,-31],[-14,-92],[-1,-59],[14,-106],[19,-22],[2,-81],[21,-53],[41,-63],[6,-34],[22,-32],[7,-65],[-24,5],[-68,-32],[-27,0],[-51,24],[-114,102],[-75,58],[-93,96],[-56,14],[-102,41],[-56,-5],[-70,12],[-82,45],[-49,43],[-45,98],[-43,53],[-3,19],[22,49],[-27,52],[11,51],[14,28],[-4,21],[-46,-33],[-26,-33],[-35,-90],[-61,3],[-35,-20],[-50,-52],[-18,8],[-79,86],[-19,6],[-126,-7],[-26,-10],[-98,-73],[-40,-6],[-65,27],[-73,37],[-55,10],[-143,-3],[-32,45],[-7,34],[8,77],[-12,136],[-25,57],[-62,88],[-57,31],[-53,57],[-48,23],[-46,5],[-85,24],[-33,-6],[-90,64],[-60,98],[-23,68],[-41,70],[-12,31],[-1,54],[-15,36],[-50,47],[-43,12],[-32,-4],[-146,-71],[-93,-26],[-128,-47],[-23,18],[-72,7],[-16,14],[-48,-29],[-42,-12],[-47,5],[-54,-31],[-31,-34],[-75,-2],[-55,16],[-38,-2],[-56,65],[-18,44],[-25,26],[-18,49],[-45,28],[-32,60],[-25,94],[-7,125],[-27,44],[-10,38],[-17,17],[-80,11],[-46,16]],[[14325,20782],[-1,68],[-24,41],[-17,68],[39,23],[-37,121],[-1,34],[54,13],[12,35],[-53,110],[-10,42],[-1,60],[27,16],[12,54],[66,78],[22,46],[-3,67],[24,32],[5,25],[-23,3],[-37,29]],[[14379,21747],[-6,76],[19,25],[0,58],[-67,109],[28,53],[10,96],[-2,56],[-16,78],[-29,108],[40,36],[33,59],[39,11],[53,2],[65,-9],[57,-21],[50,-56],[50,-30],[63,-11],[44,2],[30,-33],[22,-6],[85,53],[4,56],[43,11],[24,16],[36,-2],[47,14],[83,15],[8,25],[1,62],[-40,28],[28,114],[63,65],[22,44],[25,28],[60,20],[67,54],[49,29],[45,-18],[74,-42],[65,-21],[39,0],[37,29],[49,58],[56,21],[39,49],[59,-3],[39,-9],[24,-43],[44,-59],[45,-30],[115,-14],[14,5],[24,81],[26,66],[28,11],[86,-5],[30,6],[45,24],[91,37],[60,-6],[39,25],[50,-2],[43,12],[42,-35],[43,-21],[31,-76],[82,-10],[62,14],[27,-3],[95,-56],[92,-37],[81,-13],[43,-29],[64,-22],[45,78],[68,-6],[165,45],[24,-6],[99,37],[25,3],[101,-25],[69,48],[78,14],[51,-13],[65,32],[53,9],[129,8],[49,-28],[42,21],[21,21],[44,18],[38,3],[103,-3],[72,39],[146,50],[38,-3],[55,11]],[[18975,23219],[42,-10],[50,15],[73,-27],[32,2],[11,21],[58,0],[25,-9],[113,-19],[39,10],[62,32],[81,14],[7,-30],[29,-40],[34,-25],[44,-10],[101,-54],[85,-10],[69,89],[24,50],[54,-2],[37,11],[27,-14],[51,39],[38,58],[67,-91],[47,-25],[106,-31],[96,-16],[121,-77],[52,-3],[43,88],[58,-9],[27,9],[119,59],[22,45],[68,51],[32,39],[12,48],[24,32],[19,59],[70,119],[46,32],[18,1],[54,44],[65,46],[74,44],[56,43],[32,0],[46,33],[51,1],[59,53],[14,79],[46,34],[73,-23],[39,20],[12,-13],[-6,-62],[5,-68],[20,-24],[18,-59],[16,-25],[67,-47],[18,-24],[26,-78],[6,-43],[70,-21],[32,-19],[100,14],[69,-1],[67,-28],[27,44],[81,11],[110,37],[47,47],[30,46],[70,58],[23,34],[84,9],[41,-29],[134,-17],[15,-73],[57,-1],[91,-31],[56,39],[65,-3],[53,78],[47,-17],[19,3],[48,46],[71,15],[18,60],[27,24],[11,41],[-2,88],[18,29],[-6,55],[88,26],[58,35],[113,7],[98,-1],[42,-15],[54,-31],[45,17],[55,-17],[35,22],[66,120],[5,30],[88,39],[44,-1],[13,10],[27,74],[11,94],[49,0],[28,51],[29,-5],[17,40],[65,21],[-9,54],[49,50],[73,63],[14,58],[35,46],[49,-5],[48,-44],[26,10],[26,27],[32,11],[33,41],[30,2],[45,-15],[46,19],[24,24],[4,45],[34,7],[19,-19],[78,-46],[12,-1],[80,-50],[0,-72],[15,-38],[36,3],[62,-24],[29,-34],[27,-4],[53,23],[28,-46],[59,-13],[41,-18],[57,-2],[53,36],[66,-42],[12,-43],[31,-15],[33,13],[62,-22],[7,-20],[36,-25],[14,-26],[31,-22],[88,-22],[38,-49],[49,-44],[34,-16],[64,50],[20,38],[38,15],[62,7],[60,22],[81,49],[51,23],[10,67],[-6,70],[-32,49],[10,35],[47,56],[11,40],[-24,44],[-12,67],[33,77],[15,133],[14,26],[58,34],[18,29],[35,-15],[50,40],[-15,50],[5,32],[16,20],[23,-2],[40,42],[29,9],[38,39],[47,-27],[41,18],[36,31],[34,3],[43,35],[44,-35],[30,-13],[-11,-27],[25,-49],[23,-7],[77,-1],[33,-20],[23,0],[32,33],[42,-8],[41,25],[58,17],[39,-36],[24,-60],[19,-16],[56,32],[26,23],[80,27],[102,-33],[44,46],[41,8],[11,40],[52,84],[43,-1],[11,62],[46,146],[20,46],[64,4],[23,19],[-10,141],[18,100],[41,24],[31,80],[22,14],[8,28],[8,77],[33,53],[51,14],[64,-57],[38,-13],[39,-43],[22,-10],[108,30],[52,-9],[92,-70],[79,14],[141,-61],[26,1],[55,49],[152,78],[-38,27],[80,2],[20,-27],[24,7],[18,45],[20,21],[43,9],[26,-45],[18,-10],[65,7],[97,-15],[78,84],[20,4],[87,-57],[58,7],[66,-25],[37,-24],[40,-61],[9,-39],[59,-46],[21,-53],[63,-52],[8,-22],[-4,-44],[17,-15],[45,-83],[23,4],[66,43],[84,49],[101,-3],[35,-11],[48,-29],[17,-26],[-1,-60],[-31,-58],[-2,-19],[30,-37],[54,-6],[24,-61],[73,-24],[15,-16],[38,-81],[56,-39],[53,-19],[39,4],[38,38],[71,54],[30,12],[74,-31],[75,-65],[94,19],[39,-1],[19,-15]],[[31578,25549],[1,-35],[49,-70],[10,-67],[-2,-69],[27,-25],[49,-73],[53,-42],[-16,-31],[-64,-63],[-46,-31],[-29,-57],[2,-29],[-14,-37],[7,-27],[34,-66],[32,-33],[36,-17],[78,-50],[104,-95],[12,-32],[35,-21],[59,-115],[41,13],[33,29],[27,38],[34,16],[56,-2],[35,8],[28,-13],[69,-8],[23,-69],[21,-27],[42,-27],[22,-78],[37,-32],[5,-78],[20,-19],[22,-52],[-6,-22],[17,-14],[67,9],[17,94],[124,25],[63,-67],[11,-35],[25,0],[40,64],[38,21],[-22,71],[18,23],[39,0],[15,13],[38,64],[38,23],[48,-18],[35,7],[30,74],[28,20],[37,3],[43,-10],[16,29],[71,53],[43,-11],[35,5],[48,-67],[1,-69],[30,-13],[37,22],[20,71],[20,18]],[[27306,16153],[55,-26],[50,-55],[7,-62],[26,-9],[35,-37],[2,-31],[-27,-9],[-67,62],[-10,-16],[-24,13],[-15,-17],[-25,2],[-15,26],[-57,-8],[-45,17],[13,14],[-22,13],[4,31],[18,16],[42,-13],[52,-26],[-42,42],[-36,9],[-29,86],[43,24],[26,-27],[41,-19]],[[27494,15780],[-20,-7],[-15,21],[-32,9],[-1,35],[42,0],[35,-20],[30,-33],[21,10],[19,33],[25,-8],[54,-61],[10,-40],[-30,-17],[-36,3],[-9,36],[-55,9],[-38,30]],[[27699,17401],[80,-48],[-5,-27],[-54,-12],[-52,14],[-29,34],[19,41],[41,-2]],[[27147,17213],[-15,-18],[-41,-3],[-25,38],[17,20],[51,20],[19,-31],[-6,-26]],[[24940,14104],[-29,3],[-15,46],[16,15],[39,-4],[28,-21],[-2,-18],[-37,-21]],[[24260,14329],[-8,17],[50,-12],[5,-45],[-39,-1],[-8,41]],[[26324,15665],[-6,17],[37,-2],[12,34],[21,-1],[2,-51],[-10,-7],[-56,10]],[[25360,14604],[4,-27],[-48,10],[-14,21],[27,22],[31,-26]],[[27589,15875],[-19,8],[-15,30],[2,31],[24,-6],[18,-45],[-10,-18]],[[27655,15911],[-18,21],[6,31],[38,-30],[-6,-34],[-20,12]],[[23450,13745],[-34,1],[18,19],[47,10],[9,-28],[-40,-2]],[[23342,13810],[19,-2],[-5,-25],[-81,5],[27,24],[40,-2]],[[27296,16809],[-32,8],[0,17],[30,20],[15,-13],[-13,-32]],[[27770,15813],[-2,-23],[-52,29],[25,19],[29,-25]],[[24618,14312],[34,33],[13,-24],[-42,-24],[-5,15]],[[25175,14292],[0,51],[31,-34],[-31,-17]],[[27561,17207],[1,19],[38,3],[3,-24],[-20,-12],[-22,14]],[[22898,13600],[-53,13],[28,22],[21,-12],[4,-23]],[[25056,14091],[5,-22],[-24,-1],[-8,47],[13,12],[14,-36]],[[27467,16026],[-25,-5],[-11,42],[29,-11],[7,-26]],[[27793,15658],[-23,-5],[-11,44],[30,-10],[4,-29]],[[23851,14213],[-32,11],[34,12],[16,22],[9,-19],[-27,-26]],[[27630,15905],[33,-34],[-24,-10],[-27,29],[18,15]],[[24277,14231],[-22,-8],[-21,15],[-1,21],[20,-3],[24,-25]],[[28533,17221],[16,28],[26,-8],[-16,-32],[-26,12]],[[34433,19089],[-8,12],[34,23],[12,-16],[-38,-19]],[[27668,15815],[-44,18],[47,13],[-3,-31]],[[23398,13801],[-22,-19],[12,31],[33,3],[14,-19],[-37,4]],[[26919,15958],[-22,29],[22,12],[0,-41]],[[32330,20098],[-23,6],[6,34],[17,-40]],[[27121,16314],[29,1],[-2,-26],[-27,25]],[[27288,15950],[-22,26],[32,-12],[-10,-14]],[[24311,14303],[22,-10],[6,-23],[-21,2],[-7,31]],[[23900,14226],[5,31],[15,-11],[-20,-20]],[[34889,19149],[-12,25],[24,-9],[-12,-16]],[[26386,15025],[-5,-25],[-17,26],[22,-1]],[[33269,19850],[-37,-10],[7,18],[30,-8]],[[22698,13592],[-23,3],[9,22],[14,-25]],[[33217,19747],[10,11],[22,-24],[-32,13]],[[25906,15556],[-9,25],[29,-30],[-20,5]],[[27028,15972],[-16,29],[14,3],[2,-32]],[[24228,14326],[3,19],[19,-27],[-22,8]],[[25627,14695],[-10,-7],[-10,36],[20,-29]],[[33211,19796],[4,24],[17,-6],[-21,-18]],[[20917,80142],[22,-35],[81,-92],[122,-122],[31,-20],[51,-9],[341,-9],[-162,-163],[-206,-199],[-76,-45],[-67,-96],[-51,-55],[-85,5],[-57,10],[-21,-46],[-119,-214],[-41,-122],[-24,-87],[-17,-111],[84,-109],[28,-14],[127,-37],[164,-64],[35,2]],[[30078,30078],[3,-33],[18,-25],[-6,-54],[12,-57],[-18,-41],[-70,-60],[-80,-32],[17,-57],[0,-98],[50,-78],[16,-61],[27,-19],[8,-35],[29,-55],[49,-49],[56,-1],[23,-48],[25,-108],[-8,-62],[26,-53],[29,-42],[-1,-18],[-30,-32],[-9,-40],[16,-64],[85,-64],[28,-38],[18,-43],[42,-54],[21,-103],[21,-42],[55,-73],[33,-58],[34,-41],[-2,-63],[6,-112],[21,-49],[-20,-79],[6,-60],[12,-45],[25,-30],[56,-34],[38,-6],[41,14],[53,2],[70,-26],[12,-41],[-39,-71],[-12,-58],[1,-41],[12,-14],[71,-41],[-8,-67],[9,-50],[-8,-55],[39,-99],[-4,-90],[72,-124],[31,44],[53,11],[81,-76],[-16,-64],[-37,-27],[-9,-24],[4,-102],[-26,-28],[32,-93],[82,-95],[24,-35],[38,-82],[35,-37],[37,-12],[3,-70],[37,-26],[49,-56],[9,-30],[-7,-45],[13,-44],[-23,-110],[27,-39],[29,-26],[65,-134],[29,-110],[35,-60],[2,-27],[-67,-155]],[[18975,23219],[7,60],[44,73],[-31,37],[-35,68],[-6,95],[29,20],[33,43],[85,22],[80,40],[51,1],[69,-22],[36,6],[8,16],[-18,58],[5,41],[18,54],[4,51],[19,51],[42,60],[34,56],[8,68],[-11,59],[-56,63],[-13,74],[48,32],[31,50],[6,56],[24,25],[70,134],[10,49],[3,84],[-12,23],[-28,-3],[-44,58],[-25,46],[-32,21],[-5,85],[-19,54],[32,46],[5,51],[-8,61],[14,38],[-13,60],[-37,25],[-74,32],[-18,32],[-46,24],[-46,43],[-15,57],[-10,105],[4,22],[27,30],[-9,102],[-28,53],[1,42],[19,66],[0,44],[-15,24],[9,36],[45,14],[37,69],[6,54],[-17,43],[22,49],[-6,50],[22,71],[-7,96],[7,104],[-10,57],[-29,64],[-39,39],[-29,135],[-165,65],[-46,8],[-18,23],[-23,113],[-81,91],[-10,24],[13,36],[-40,47],[-24,51],[-85,13],[-31,19],[-34,48],[-31,20],[-32,58],[-51,59],[-50,42],[-12,45],[19,49],[-6,81],[8,34],[-18,28],[-9,40],[-43,12],[-76,71],[-30,85],[-43,37],[-37,57],[-43,54],[18,59],[6,51],[31,90],[39,73],[29,41],[-17,83],[-19,41],[-44,17],[-72,49],[-40,41],[-46,-1],[-27,13],[-13,29],[-65,21],[-27,56],[-4,41],[7,42],[-10,97],[23,61],[-19,57],[-25,11],[-13,40],[-29,20],[-11,24],[-26,101],[-45,46],[21,42],[8,67],[-5,54],[56,52],[7,46],[43,19],[23,29],[49,33],[3,66],[-15,28],[-59,60],[11,64],[-6,47],[7,57],[-3,65],[-28,45],[-48,56],[-38,84],[3,47],[24,60],[-61,58],[-1,23],[31,104],[2,34],[-28,66],[-35,64],[7,174],[4,18],[39,59],[7,40],[0,81],[39,86],[-4,35],[-30,19],[-51,99],[-13,43],[-32,9],[-50,-37],[-68,-4],[-63,19],[-30,-17],[-34,-35],[-17,-44],[114,-36],[39,-38],[49,-25],[40,-31],[8,-27],[-7,-64],[-71,-84],[-47,-24],[-20,-42],[-46,-17],[-74,-57],[-8,-25],[-28,-17],[-28,-48],[-31,-36],[-51,-6],[-32,18],[-20,35],[-8,77],[-42,21],[-34,-15],[-26,23],[-27,-23],[-30,10],[-28,-26],[-20,22],[-21,-24],[-20,10],[-55,105],[-9,33],[-108,99],[-35,24],[-90,35],[-44,41],[-44,24],[-38,40],[-82,-38],[-13,-24],[-37,-1],[-22,-29],[-58,31],[-10,-54],[-20,-16],[-44,-11],[-57,-2],[-14,-12],[-11,-46],[-39,19],[-38,-39],[-21,-2],[-64,-55],[-41,-56],[-35,6],[-46,21],[-28,38],[7,64],[-9,61],[-31,65],[-5,55],[9,96],[10,57],[12,11],[13,46],[-45,15],[-68,-20],[-56,8],[-40,-6],[-14,217],[-8,46],[-17,189],[43,97],[45,36],[107,46],[164,22],[75,4],[57,-13],[26,9],[-4,85],[10,42],[41,105],[10,61],[-4,60],[-57,4],[-77,-4],[-16,8],[-2,31],[14,53],[-13,45],[-114,55],[-22,18],[-13,38],[-18,15],[-91,-3],[-32,-44],[-41,-6],[-34,10],[-66,61],[-38,-4],[-63,-20],[-49,17],[-33,29],[7,80],[-12,40],[-36,79],[-27,32],[-44,27],[-28,-7],[-77,-65],[-73,-21],[-21,-17],[-43,-12],[-63,14],[-113,-38],[-57,0],[-101,-44],[-17,6],[32,89],[-7,95],[-35,58],[-2,47],[17,64],[1,33],[-34,48],[-21,15],[-34,0],[-32,-13],[-65,-10],[-15,-23],[-55,-20],[-48,-32],[-28,7],[-28,51],[-42,36],[-31,51],[-78,0],[-47,52],[-50,34],[-34,38],[-71,48],[-38,1],[-98,-22],[-71,28],[-28,72],[-55,41],[-21,57],[-26,17],[-66,16],[-52,-8],[-37,14],[-33,-4],[-73,-25],[-43,10],[-15,41],[-55,21],[-14,24],[-65,27],[-12,24],[11,66],[-4,67],[-24,59],[-36,33],[-48,-1],[-22,13],[-43,70],[-29,84],[-29,52],[-2,29],[-50,82],[-36,34],[18,91],[-6,27],[-49,72],[-95,39],[-25,40],[-2,47],[20,55],[-20,68],[71,120],[6,39],[-10,43],[-1,85],[21,77],[-16,49],[-22,5],[-61,-5],[-91,31],[-47,-18],[-45,12],[-28,44],[-86,6],[-29,32],[-31,3],[-53,-12],[-29,-18],[-49,36],[-36,48],[-56,29],[-22,46],[1,62],[25,77],[33,56],[-8,47],[-18,40],[-8,65],[-40,24],[-84,19],[-20,14],[6,75],[-5,81],[3,88],[-6,28],[-23,26],[-89,26],[-16,16],[-49,87],[-49,18],[-49,-31],[-38,-14],[-92,32],[-61,-2],[-27,15],[-69,64],[-82,36],[-65,1],[-37,-19],[-24,2],[-105,60],[-19,18],[-7,35],[14,97],[-21,61],[13,71],[-10,58],[-25,54],[-1,29],[14,48],[-24,45],[-11,63],[2,46],[-43,346],[-17,40],[-30,39],[-52,44],[-73,90],[-52,169],[-52,147],[-59,143],[-120,51],[-12,19],[2,57],[-21,8],[-62,-8],[-9,5],[-87,135],[-56,73],[-19,63],[-131,83],[11,83],[-19,17],[-83,26],[-77,45],[-36,29],[-22,64],[-25,27],[-44,16],[-99,86],[-42,20],[-120,-31],[-54,-5],[-32,44],[-51,22],[-62,53],[-26,33],[-37,72],[-15,51],[-2,59],[14,22],[-10,73],[7,35],[69,140],[13,39],[-9,105],[-30,-3],[-25,86],[-25,31],[-43,-76],[-78,21],[-124,26],[-8,9],[19,77],[-32,10],[19,74],[27,-7],[-15,98],[-48,134],[-2,45],[-31,0],[0,-40],[37,-125],[-5,-19],[-27,-12],[-83,9],[-93,48],[13,51],[-131,130],[-73,61],[-254,418]],[[8431,40784],[190,118],[82,-130],[-152,-95],[44,-69],[35,22],[8,-14],[-34,-22],[25,-39],[141,11],[0,14],[38,3],[28,17],[-36,35],[-42,67],[1,29],[-117,184],[6,4],[199,-312],[110,64],[-14,25],[42,24],[-59,98],[-44,-24],[-482,803],[-768,538],[-176,278],[16,34],[202,291],[8,-3],[47,67],[-6,8],[176,255],[9,-3],[57,81],[1027,-588],[166,-101],[27,-10],[28,-30],[36,-21],[66,-19],[24,0],[8,19],[774,-280],[2,-12],[47,-18],[4,10],[65,-24],[32,-22],[-6,-16],[141,-48],[313,-115],[41,2],[27,18],[292,0]],[[8691,39960],[8,57],[-139,15],[30,30],[14,-9],[34,29],[58,34],[29,30],[-7,29],[38,-27],[42,-62],[-35,-143],[-72,17]],[[10673,43277],[-931,0],[-1,6],[932,-1],[0,-5]],[[9717,43283],[0,-6],[-622,1],[0,6],[622,-1]],[[8894,39967],[34,-2],[-10,-67],[-45,-1],[0,58],[21,12]],[[14379,21747],[-29,-13],[-112,33],[-64,51],[-77,-10],[-32,-18],[-21,2],[-28,25],[-30,-3],[-50,-60],[-34,21],[-40,-30],[-21,7],[-68,81],[-49,16],[-99,2],[-24,7],[-85,-9],[-39,5],[-51,36],[-81,29],[-90,-29],[-64,-7],[-14,-13],[-25,-62],[-26,-6],[-69,-56],[-64,-13],[-19,84],[-38,57],[-7,58],[-28,37],[-26,13],[-24,34],[-54,28],[-40,85],[-26,36],[-1,38],[-17,47],[-78,63],[-29,41],[-100,85],[-27,41],[-47,41],[-30,52],[-1,55],[-12,25],[28,15],[19,27],[10,54],[-1,43],[-77,6],[-18,10],[-67,-1],[-36,-26],[-42,-2],[-33,19],[2,48],[-14,54],[5,59],[-7,24],[-14,136],[-33,63],[-10,36],[-64,64],[-126,-15],[-76,12],[-68,-23],[-31,-46],[-50,17],[-68,41],[-27,69],[17,23],[-5,31],[-35,84],[-46,33],[-30,1],[-33,-21],[-66,-71],[-50,-5],[-49,15],[-66,7],[-15,37],[-66,8],[-26,61],[-68,52],[-46,-40],[-30,-49],[-123,-89],[-99,-21],[-48,-46],[-22,2],[-53,46],[-46,1],[-42,-9],[-31,20],[-43,41],[-66,11],[-34,-94],[-92,-23],[-42,61],[-51,30],[-27,-5],[-11,-55],[-49,-70],[-25,-63],[-29,-39],[-35,-12],[-18,50],[-44,55],[-17,7],[-44,-9],[-59,20],[-6,133],[30,23],[11,31],[-56,35],[-36,-17],[-94,-11],[-67,95],[-28,61],[-78,3],[-45,-18],[-36,-1],[-18,13],[1,80],[-18,23],[-44,17],[-54,-37],[-52,-18],[-50,-35],[-24,2],[-32,37],[-52,5],[-96,-8],[-32,70],[3,43],[-26,28],[-40,19],[-20,40],[-160,58],[-71,12],[-58,18],[-27,-29],[-34,-10],[-45,1],[-49,-119],[-31,-27],[-37,-1],[-98,-20],[-60,0],[-37,18],[-84,-22],[-50,3],[-30,-8],[-27,-54],[-38,-33],[-87,-32],[-20,-23],[-58,3],[-39,-16],[-50,8],[-44,-13],[-54,7],[-106,-44],[-33,-28],[-63,-20],[-46,22],[-42,-1],[-42,15],[-28,-15],[-69,18],[-74,-22],[-59,-11],[-62,5],[-30,-10],[-116,-63],[-44,16],[-59,0],[-34,-16],[-85,-86],[-73,-49],[-48,-9],[-66,2],[-37,-13],[-91,-53],[-72,-50],[-20,-5],[-29,-28],[-48,-21],[-58,-12],[-108,-2],[-54,-7]],[[5884,23159],[-32,29],[54,41],[30,13],[-10,39],[-54,-2],[-15,30],[33,54],[-1,28],[-29,1],[64,71],[16,33],[-1,81],[-31,5],[9,23],[58,5],[1,47],[-57,14],[27,70],[-5,20],[-21,-22],[-1,39],[23,22],[-10,10],[77,117],[65,-4],[55,8],[72,119],[-32,137],[-38,0],[-33,-41],[-22,-124],[-5,1],[23,126],[38,44],[36,1],[-3,23],[-71,-7],[-7,41],[-58,63],[-69,33],[-63,-28],[-121,111],[17,66],[21,7],[31,-33],[46,8],[25,42],[-4,13],[-76,84],[-33,-18],[-24,19],[-33,58],[-24,17],[-11,55],[105,66],[23,-35],[28,-7],[27,53],[8,53],[-24,18],[-10,81],[19,17],[-12,21],[-55,-17],[-50,7],[-4,33],[-20,7],[-17,80],[7,49],[26,5],[38,72],[-10,16],[9,50],[51,8],[17,-44],[20,11],[10,28],[-24,15],[-17,34],[34,21],[-6,30],[-78,-21],[-5,14],[24,18],[-29,24],[16,27],[-22,23],[-6,35],[30,18],[6,-21],[43,11],[6,-10],[58,-7],[3,35],[-22,34],[-48,0],[-13,27],[9,32],[-3,45],[21,85],[-65,20],[-16,16],[-8,57],[-13,37],[20,-14],[11,48],[33,38],[40,-6],[32,18],[3,34],[-41,46],[-3,24],[16,87],[16,12],[18,70],[19,47],[-4,17],[20,26],[32,10],[37,56],[37,33],[36,46],[-1,24],[28,31],[32,11],[16,57],[-28,38],[4,45],[22,20],[15,41],[20,2],[16,31],[-3,29],[19,20],[42,12],[45,40],[-15,56],[-23,35],[34,-33],[11,9],[-2,68],[27,22],[113,44],[62,87],[13,4],[-69,-95],[15,-14],[60,28],[4,-6],[67,42],[39,86],[-69,-3],[-34,-22],[22,31],[104,-1],[42,17],[25,38],[36,83],[20,97],[-25,20],[-22,38],[93,59],[15,-24],[65,30],[24,25],[42,23],[72,18],[24,-22],[33,-6],[24,18],[43,51],[18,50],[23,-7],[25,27],[6,35],[76,46],[72,16],[76,7],[22,13],[97,87],[44,25],[35,7],[23,-14],[27,1],[19,22],[10,63],[6,-31],[-8,-52],[63,8],[49,30],[29,42],[13,33],[9,78],[-97,-70],[-1,9],[98,71],[39,-1],[-18,25],[35,10],[27,41],[7,26],[76,15],[27,56],[1,29],[43,18],[7,-8],[100,34],[99,23],[65,25],[35,6],[24,25],[34,-12],[75,24],[47,33],[30,3],[46,21],[17,21],[61,48],[43,-18],[76,24],[48,51],[37,53],[83,30],[47,30],[45,0],[30,10],[48,48],[-4,13],[-130,81],[4,8],[133,-83],[18,-18],[87,24],[-104,85],[4,6],[108,-89],[16,5],[-32,24],[8,11],[-86,67],[6,7],[91,-72],[-7,-10],[30,-24],[90,61],[30,9],[41,51],[49,81],[33,80],[1,26],[44,132],[15,77],[13,183],[-4,159],[-29,9],[116,0],[22,29],[-8,35],[5,161],[-20,128],[-27,79],[-14,75],[-2,59],[-10,67],[8,58],[-3,47],[-35,107],[14,97],[-4,65],[-32,136],[-20,159],[-126,447],[-36,140],[-48,144],[-79,151],[-65,119],[-10,33],[35,20],[-62,111],[-126,160],[-35,55],[-64,122],[-39,51],[-71,77],[-36,53],[-25,49],[-19,56],[-75,92],[-42,35],[-35,44],[-61,65],[-102,94],[-57,68],[-122,123],[-111,125],[-50,43],[-83,84],[-39,23],[-43,55],[-14,8],[41,46],[41,25],[47,43],[24,55],[5,57],[-8,69],[-47,138],[-98,144],[-50,-20],[-3,7],[106,44],[-6,84],[12,-83],[69,-79],[48,-47],[85,-62],[92,123],[-50,26],[11,22],[51,-26],[47,148],[-141,-9],[-110,-118],[108,120],[139,11],[16,99],[6,69],[-9,59],[50,3],[4,109],[-21,30],[-1,64],[-10,40],[-50,59],[-28,88],[-54,32],[-23,48],[-58,56],[-6,26],[-28,16],[-70,86],[-53,44],[-26,36],[-60,57],[-106,91],[-114,86],[-21,31],[-99,82],[-176,118],[-187,117],[-147,78],[-18,15],[-181,77],[-91,48],[-195,84],[-61,39],[-63,-103],[-122,74],[-82,1],[0,6],[84,-3],[113,-69],[13,7],[31,51],[-139,82],[21,52],[-326,132],[-23,-56],[-22,9],[22,56],[-139,56],[-75,-174],[-5,5],[-203,87],[63,152],[-78,65],[-47,26],[-229,87],[-70,28],[-119,39],[-191,47],[-121,42],[-57,13],[-218,73],[-151,30],[-117,37],[-69,33],[-86,34],[-47,-5],[-212,51],[-135,27],[-349,76],[-69,10],[-64,24],[-28,18],[59,-6],[34,33],[42,1],[12,19],[48,-8],[7,8],[221,21],[59,1],[257,25],[220,12],[77,10],[73,1],[192,21],[75,-1],[93,6],[153,35],[28,-12],[156,22],[114,25],[279,78],[-34,126],[110,111],[32,7],[66,-47],[1,-15],[-140,-145],[-16,-52],[17,-66],[138,35],[19,22],[-14,52],[24,6],[15,-53],[28,-8],[133,39],[-17,59],[16,5],[18,-62],[87,24],[8,19],[-11,39],[-13,-3],[-16,64],[-228,61],[63,24],[3,-11],[134,37],[-25,38],[-47,-13],[-5,16],[43,12],[-24,38],[-164,-47],[-17,47],[186,53],[51,28],[-180,283],[366,229],[39,54],[-238,373],[94,228],[-91,-226],[234,-368],[32,-33],[28,-63],[-194,-122],[87,-137],[194,121],[-44,70],[98,60],[-13,21],[433,271],[13,-21],[676,423],[-17,27],[34,21],[17,-27],[32,41],[-76,49],[-105,167],[-20,-13],[-13,21],[20,13],[-44,70],[-620,-97],[-104,159],[7,21],[-20,30],[-21,3],[-297,466],[-3,20],[78,92],[-175,80],[28,-8],[150,-67],[469,558],[82,98],[3,-3],[366,437],[107,127],[225,-354],[227,-358],[246,-389],[244,153],[5,-7],[131,82]],[[75,37353],[-51,6],[-24,19],[5,38],[51,8],[47,-18],[73,-11],[1,23],[47,8],[13,15],[24,-15],[32,38],[33,24],[40,-22],[-1,-27],[-39,-34],[-50,-53],[-4,-40],[-15,-13],[-42,5],[-19,30],[-121,19]],[[2067,37721],[43,0],[37,19],[90,-43],[69,17],[14,-56],[17,-18],[-11,-37],[-189,13],[-51,32],[-25,36],[6,37]],[[6265,36453],[0,-9],[117,-45],[-3,-5],[-116,45],[-251,5],[-19,8],[269,-7],[3,8]],[[5699,36535],[158,-67],[-3,-8],[-159,67],[4,8]],[[5848,36409],[55,21],[86,-39],[-2,-5],[-83,37],[-56,-14]],[[5755,25881],[-3,-25],[-25,-6],[5,33],[23,-2]],[[6014,40753],[239,-111],[-235,107],[-4,4]],[[13383,68536],[-8,-10],[434,-341],[1,1],[962,-758],[171,-165],[29,-31],[-5,-51],[-994,-656],[-445,-294],[-765,-505],[-7,0],[-388,375],[-1,81],[173,175],[-129,125],[-260,-263],[-24,0],[-83,80],[29,30],[-53,51],[-115,-111],[-5,-10],[-82,-83],[95,-92],[58,59],[373,-361],[183,-176],[-117,-117],[38,-37],[-616,-432],[-102,68],[-199,680],[-40,39],[-32,4],[-319,-321],[-347,98],[-833,232],[-10,682],[191,383],[-265,126],[289,179],[321,194],[227,147],[65,67],[21,47],[16,77],[100,320],[52,140],[66,197],[31,165],[5,56],[-4,87],[-14,430],[-3,239],[16,164],[4,145],[-10,79],[-87,213]],[[15654,49202],[8,-2],[96,667],[19,142],[26,214],[34,241],[3,4],[568,162],[260,73],[24,-66],[22,7],[-17,57],[12,4],[51,-186],[-23,50],[-24,-8],[19,-52],[25,-88],[7,10],[-13,59],[18,6],[45,-159],[-14,-4],[26,-32],[35,-119],[-20,-6],[-16,55],[-20,-6],[26,-88],[5,2],[47,-160],[-35,-72],[-21,-3],[-139,-39],[-2,-7],[-69,-20],[-5,6],[-256,-74],[5,-15],[-58,-17],[-4,16],[-41,-12],[-52,30],[-132,452],[-156,-44],[126,-432],[78,-275],[-54,-79],[75,-45],[45,-7],[119,179],[-4,-51],[32,-6],[10,66],[349,99],[386,112],[192,86],[3,-8],[-47,-18],[-146,-64],[22,-175],[35,2],[98,44],[352,165],[-138,295],[-115,392],[-169,65],[5,13],[158,-56],[-118,398],[-72,26],[-15,45],[75,64],[17,3],[-12,31],[-41,-2],[-74,22],[-16,54],[-21,-55],[-69,230],[36,7],[-85,287],[331,156],[407,190],[32,-32],[79,-36],[9,12],[-48,84],[6,8],[374,174],[31,10],[195,-409],[15,7],[233,-490],[251,-531],[76,-159],[-234,-274],[89,-203],[224,106],[-37,88],[120,145],[-3,10],[271,126],[-71,155],[-25,24],[-149,7],[-230,478],[-34,76],[21,10],[-97,202],[3,2],[-89,183],[-24,4],[42,21],[283,185],[-49,153],[4,1],[55,-150],[33,18],[126,-169],[9,17],[-73,136],[13,19],[113,-215],[147,-234],[-9,-7],[93,-132],[303,210],[-192,272],[-22,28],[-182,262],[-16,16],[14,15],[-61,89],[-36,28],[6,10],[35,-23],[71,-100],[543,357],[-103,154],[-120,183],[4,3],[225,-344],[74,51],[146,-97],[305,-199],[259,-420],[406,-421],[98,70]],[[41328,73127],[-10,126],[-11,64],[86,11],[113,27],[56,75],[35,58],[96,187],[45,64],[44,33],[71,14],[86,65],[39,42],[48,75],[34,60],[22,-3],[42,-62],[43,-50],[35,-19]],[[42202,73894],[36,-23],[51,-51],[48,-81],[-52,-58],[-44,-23],[-47,-1],[-27,-13],[-28,-69],[-46,-72],[-9,-29],[14,-16],[67,92],[11,50],[26,20],[38,-4],[20,-17],[49,-154],[16,-73],[25,-8],[-15,57],[-4,52],[-38,113],[2,41],[44,51],[73,41],[33,6],[58,33],[38,-8],[-3,-46],[-19,-60],[35,14],[18,56],[6,42],[50,16],[11,-8],[47,-107],[-4,-75],[5,-85],[9,-41],[35,-42],[-1,-128],[3,-100],[31,-84],[-13,-67],[-25,-41],[-80,-58],[-17,-22],[0,-38],[53,47],[41,26],[50,49],[19,59],[14,13],[66,-12],[28,-17],[12,-74],[24,-16],[3,70],[-31,85],[138,59],[86,27],[36,-16],[28,-58],[29,-106],[9,-118],[16,17],[-6,86],[-20,105],[-22,67],[6,27],[56,45],[32,-13],[19,37],[70,25],[73,45],[43,-6],[34,-71],[-29,-44],[6,-11],[43,20],[25,-23],[14,-91],[-14,-108],[-3,-126],[-51,-76],[-3,-76],[-20,-135],[-30,-75],[-34,-39],[-42,8],[-32,26],[-20,-70],[-28,-69],[-6,-68],[-25,-71],[-48,7],[-20,-8],[4,-21],[78,-17],[27,-32],[20,-57],[45,-24],[19,-23],[8,-81],[-2,-89],[-28,3],[-43,24],[3,-16],[65,-64],[49,-127],[42,-24],[24,-51],[74,-125],[4,-58],[13,-35],[68,-18],[44,-4],[79,-52],[65,-12],[38,-51],[47,-25],[2,-63],[21,-48],[10,-45],[52,-31],[499,-196],[575,-234],[249,-97],[110,-79]],[[45479,70457],[63,-45],[-41,-37],[47,-47],[53,-71],[59,-143],[1,-103],[-16,-28],[-29,10],[0,41],[-33,64],[-17,12],[-21,-22],[-10,-55],[-85,-50],[-70,-48],[-187,-135],[-134,-72],[-75,-33],[19,-42],[-15,-30],[8,-43],[-45,-30],[7,-42],[33,-5],[11,-17],[4,-84],[-59,17],[-4,-44],[-66,-12],[12,-20],[80,-37],[42,-8],[73,8],[141,65],[81,46],[110,10],[113,-27],[94,-5],[8,-7],[14,-87],[220,-42],[44,-24],[72,-13],[16,-24],[12,-227],[18,-133],[12,-118],[3,-71],[-85,-40],[-55,74],[-12,8],[-43,-27],[-37,46],[39,24],[-22,39],[-57,-16],[-41,50],[39,31],[-79,53],[-83,25],[-84,42],[-114,-2],[-8,-48],[-22,-4],[-44,19],[-4,29],[-101,21],[-32,-1],[-79,17],[-107,13],[-31,-25],[-100,-6],[-7,21],[-27,3],[-2,-24],[18,-26],[-157,7],[-22,-6],[-4,-28],[-57,-9],[-12,-43],[-34,0],[-14,59],[-28,25],[-85,-16],[-4,-33],[10,-35],[26,-14],[2,-43],[-23,-8],[-5,-85],[-50,-6],[-2,28],[11,106],[-30,-34],[-10,-36],[-30,-31],[-35,-87],[-37,-19],[-30,-40],[7,-28],[-23,-24],[-42,39],[-151,117],[-28,-16],[-40,24],[-4,32],[-22,17],[0,-59],[-9,-22],[48,-2],[43,-20],[2,-27],[-19,-130],[-34,-139],[22,-2],[19,64],[41,-4],[-4,-45],[-47,-35],[-101,-99],[0,-5],[73,-75],[30,-21],[84,-44],[1,-21],[-17,-59],[-35,-35],[-28,-48],[-71,-4],[-32,10],[0,25],[-49,23],[24,120],[-54,23],[-20,-47],[11,-55],[-10,-44],[-41,-5],[-1,-44],[-36,24],[-28,30],[-55,-7],[-41,4],[-82,-13],[-41,31],[3,-42],[24,-23],[-5,-18],[-30,-12],[7,-31],[-21,-111],[15,-11],[26,26],[24,-6],[215,-138],[9,-12],[1,-57],[22,-15],[18,12],[37,-52],[-48,-15],[-7,-48],[32,-5],[17,28],[73,26],[-14,-80],[-11,-24],[-150,-11],[-10,-12],[5,-213],[-22,-15],[-137,-36],[57,-89],[94,-135],[65,-79],[93,-98],[77,-62],[92,-52],[41,-3],[88,-70],[5,-12],[-14,-141]],[[43772,64320],[5,-67],[-13,-63],[17,-13],[88,-14]],[[44049,71312],[40,44],[35,-11],[-13,-16],[-16,14],[-33,-49],[-52,-31],[-28,10],[67,39]],[[30470,85782],[136,-110],[85,-56],[98,-46],[110,-33],[126,-25],[131,-6],[84,3],[98,19],[221,74],[368,107],[139,50]],[[32066,85759],[80,-42],[114,-44],[152,-49],[135,-34],[111,-20],[56,-18],[150,-60],[126,-30],[87,-30],[47,-24],[810,-456],[81,-40],[61,-23],[161,-39],[151,-21],[172,-20],[154,-21],[114,3],[108,21],[97,45],[80,64],[135,135],[33,27],[138,88],[34,15],[110,21],[117,1],[156,7],[318,31],[370,57],[342,67],[71,-208],[2,-58],[-20,-85],[-23,-67],[-5,-59],[6,-93],[19,-111],[36,-113],[11,-17],[55,-43],[236,-130],[69,-28],[75,-20],[133,-10],[170,-250],[119,78],[30,-62],[-137,-96],[40,-67],[-49,-15],[-48,-61],[-109,-10],[-190,-215],[-97,-105],[67,-62],[157,69],[93,-206],[119,-248],[90,166],[-31,20],[-19,-8],[-60,128],[42,16],[31,54],[33,-20],[67,106],[97,-52],[14,20],[260,34],[33,-6],[-20,-149],[5,-189],[8,-86],[28,-188],[54,-388],[9,-265],[6,-125],[-2,-117],[1,-328],[3,-35]],[[39219,77538],[39,-139],[106,-439],[22,-101],[7,-85],[-6,-62],[-49,-182],[-28,-75],[-71,-102],[-52,-49],[-63,-37],[-233,-94]],[[26759,80088],[96,168],[33,87],[121,190],[101,153],[122,212],[-36,199],[4,7],[156,122],[-60,88],[154,106],[142,72],[89,40],[141,57],[-49,101],[-201,362],[-47,90],[-116,-71],[-119,-65],[-94,-43],[-99,65],[-29,10],[-2,19],[139,92],[3,34],[-34,42],[-50,36],[-43,19],[-76,10],[-69,36],[-17,86],[33,-57],[14,-6],[39,87],[4,42],[-66,25],[-108,15],[-120,2],[-243,-6],[-282,196],[-38,66],[-19,113],[-25,120],[-87,90],[0,16],[236,238],[24,29],[56,48],[59,3],[73,260],[50,-13],[26,100],[-41,15],[-34,73],[29,12],[-48,94],[8,26]],[[37868,83344],[140,-79],[84,138],[-182,27],[-42,-86]],[[47050,75406],[4,-63],[-33,-58],[-26,-27],[-44,-74],[-23,-61],[-9,-47],[-20,-154],[157,-80],[107,-66],[128,-113],[42,30],[141,27],[121,28],[84,47],[82,15],[28,-57],[-2,-69],[-10,-83],[-10,-32],[-112,-112],[-21,-41],[1,-37],[35,-37],[99,-304],[15,-36],[39,-33],[40,-88],[22,-20],[39,-7],[61,10],[163,-20],[81,27],[51,-17],[50,-39],[72,-26],[24,-18],[-63,-59],[-20,-58],[-4,-49],[-20,-49],[-15,-82],[-16,-45],[-27,-27],[-108,-21],[-33,-17],[-19,-43],[-13,-71],[-17,-20],[-46,-19],[7,-15],[57,23],[46,67],[28,71],[30,-16],[9,-81],[15,-28],[2,-37],[-14,-82],[-39,-107],[-30,-105],[-40,-9],[-33,-25],[-43,-51],[-37,-28],[-34,-14],[-60,-9],[-66,0],[-62,-22],[-85,-44],[-60,-7],[-86,-21],[-41,-23],[-54,2],[-61,60],[-37,59],[-47,31],[-81,20],[-12,-11],[71,-16],[27,-14],[57,-82],[50,-46],[62,-70],[-9,-65],[-27,-50],[-10,-42],[-25,-41],[-20,-7],[-44,12],[-44,-24],[-20,-27],[-65,5],[2,-34],[66,-6],[51,39],[43,-20],[63,79],[10,34],[26,32],[19,54],[19,-7],[150,-159],[25,-71],[66,-100],[104,-126],[12,1],[56,-37],[66,-51],[-17,-56],[-32,-52],[-49,-63],[-6,-52],[19,11],[16,37],[56,50],[45,92],[35,38],[60,21],[72,-83],[47,-88],[4,-48],[24,-21],[110,-30],[9,-7],[-26,-85],[50,-19],[66,-2],[37,-8],[25,33],[32,-4],[31,26],[71,6],[28,24],[69,-4],[34,-12],[95,-18],[0,-59],[14,-10],[23,24],[29,-8],[18,-25],[7,-37],[-10,-43],[-38,-84],[28,-8],[36,65],[20,54],[-9,66],[-77,72],[31,32],[15,38],[48,83],[23,17],[78,-47],[50,-15],[60,-2],[11,-30],[-13,-25],[26,-2],[25,-22],[15,27],[145,-58],[34,87],[13,12],[12,-34],[13,7],[41,-17],[6,-23],[32,-2],[2,21],[50,21],[11,-19],[83,36],[48,90],[8,-2],[62,-146],[-9,-68],[5,-64],[-43,1],[-68,-13],[-74,-30],[-47,22],[-31,-4],[-40,-47],[-55,-239],[-2,-22],[47,-89],[14,-81],[-19,-46],[-9,-72],[-81,-137]],[[49441,70801],[-26,-21],[-43,-66],[-24,-59],[-121,-43],[-345,-95],[-14,-14],[-3,-58],[-53,-7],[-61,-30],[-40,26],[-80,71],[-76,52],[-20,23],[-57,23],[-31,23],[-180,171],[-59,51],[-31,-43],[-20,-58],[-44,-46],[-18,2],[-50,77],[-55,48],[-17,78],[-35,29],[-60,32],[-77,21],[-25,30],[-11,-4],[-102,-84],[-353,-293],[-29,38],[56,53],[122,103],[-2,11],[-52,64],[-47,87],[-21,30],[-86,94],[-56,53],[-80,64],[15,48],[-18,34],[-49,-26],[-26,38],[-25,91],[8,53],[39,47],[-28,0],[-48,-56],[-8,-60],[3,-31],[52,-105],[-17,-25],[-38,-23],[-45,-63],[-20,-63],[-17,-10],[-68,38],[-32,28],[-75,52],[-136,101],[-58,31],[-6,47],[-32,-18],[-17,-46],[-192,-78],[-68,-34],[-30,-28],[-77,-46],[-62,-42],[-35,51],[-102,-71],[-80,-73],[35,-26],[-142,-166],[-141,-171],[-96,-175]],[[42202,73894],[-31,33],[-38,68],[-59,84],[-25,74],[-50,62],[-69,10],[-37,26],[-65,13],[-27,12],[-32,33],[-64,28],[-15,21],[6,50],[15,28],[57,33],[-5,17],[34,52],[-5,14],[-103,-35],[-7,44],[-70,-9],[-16,75],[-56,199],[-52,21],[-44,161],[-17,153],[1,109],[-83,1],[-77,-15],[-51,-21],[-78,97],[-47,-26],[-17,35],[58,106],[33,19],[43,81],[55,136],[44,71],[56,57],[127,101],[79,91],[48,37],[88,103],[40,-9],[30,-44],[27,4],[45,95],[46,10],[86,-29],[9,-11],[-10,-66],[-23,-37],[-52,-48],[20,-15],[62,61],[22,44],[9,41],[16,14],[40,-26],[14,-31],[-25,-130],[51,-1],[5,65],[15,39],[45,14],[52,-2],[175,-23],[40,35],[46,28],[49,20],[136,35],[25,-23],[9,21],[-24,25],[-185,-23],[-23,-7],[-66,-62],[-25,6],[-18,26],[8,21],[39,34],[-10,66],[-120,227],[-60,117],[-103,166],[-43,64],[88,18],[26,24],[9,27]],[[7000,12046],[-104,43],[-57,-6],[-73,28],[-13,-23],[-37,13],[-79,10],[-81,-9],[-4,-26],[-72,-20],[-25,-21],[7,-41],[-16,-28],[-28,-18],[-38,4],[-69,39],[1,16],[-38,24],[-92,33],[-33,-2],[-59,16],[-21,22],[-61,22],[-62,34],[-21,31],[26,35],[-58,67],[-37,29],[-49,4],[2,18],[-30,7],[-38,-42],[-24,4],[4,19],[-20,23],[-18,46],[-36,30],[-59,-3],[10,14],[-69,6],[-29,24],[-18,-8],[-22,15],[-48,0],[-36,14],[-21,23],[-45,5],[0,104],[38,43],[-8,17],[54,34],[20,48],[40,26],[16,53],[-52,2],[-9,12],[35,48],[32,-17],[24,9],[7,27],[25,18],[19,30],[40,-22],[13,27],[35,8],[39,38],[-5,27],[16,1],[47,-67],[28,-111],[27,-34],[35,-63],[40,-45],[3,-26],[33,-42],[18,-38],[33,-21],[60,-1],[52,135],[106,100],[-15,-20],[-88,-83],[11,-3],[-36,-91],[116,-44],[30,78],[27,-10],[-32,-84],[59,-28],[12,-32],[70,27],[-70,174],[20,-5],[65,-165],[129,56],[83,53],[95,92],[80,86],[45,6],[74,123],[69,136],[41,95],[27,99],[7,102],[-17,75],[-21,21],[-70,17],[-29,-19],[-32,7],[21,17],[11,41],[-24,43],[69,-81],[36,25],[-42,75],[-3,17],[38,-23],[22,47],[-20,53],[-10,49],[-50,92],[-27,22],[-38,1],[-7,-14],[-46,6],[-41,-21],[-14,-23],[-15,24],[-26,13],[-14,-13],[-38,13],[-21,31],[21,37],[-3,41],[-27,20],[33,18],[-2,85],[-9,37],[4,99],[-12,1],[-51,109],[-19,72],[-9,82],[-18,58],[-41,88],[-27,67],[-82,146],[-40,51],[-31,54],[-65,8],[-27,25],[-44,22],[-72,19],[-66,6],[-19,17],[-17,45],[27,3],[64,31],[1,69],[15,3],[53,41],[3,54],[-21,7],[21,44],[-17,13],[19,24],[56,5],[14,35],[-11,30],[-26,-1],[-9,65],[-20,51],[-21,31],[27,60],[-2,13],[43,-1],[46,36],[53,29],[49,11],[25,19],[46,12],[35,35],[120,35],[16,22],[7,60],[32,-4],[62,51],[45,19],[62,-4],[92,49],[28,6],[77,50],[54,12],[47,19],[4,30],[43,30],[42,4],[78,19],[43,27],[25,123],[-22,-131],[15,-15],[48,-12],[6,24],[-15,31],[19,9],[15,-32],[35,17],[-10,7],[-29,113],[27,0],[55,163],[20,28],[89,-44],[46,91],[56,18],[20,99],[5,88],[-4,87],[23,42],[-23,61],[9,43],[-1,64],[-26,141],[-19,87],[-41,138],[-112,281],[-104,203],[-49,74],[-55,41],[-57,-43],[-10,11],[65,52],[-56,49]],[[7226,18153],[63,131],[44,19],[65,48],[19,38],[67,-31],[52,-61],[15,-9],[157,-48],[93,-43],[76,5],[33,75],[148,-12],[24,21],[12,37],[24,20],[-12,106],[8,43],[101,68],[62,32],[10,13],[33,105],[50,-28],[23,-4],[127,32],[42,87],[82,15],[24,56],[26,40],[57,7],[94,-2],[19,4],[44,-25],[42,-6],[26,14],[26,-9],[73,-42],[38,-7],[65,11],[59,49],[42,17],[72,-10],[45,6],[36,36],[62,24],[66,50],[43,22],[23,58],[43,32],[38,40],[79,-18],[71,-59],[43,-23],[63,2],[181,-38],[17,0],[94,-30],[68,15],[58,23],[65,-1],[96,-38],[44,43],[97,12],[27,9],[68,1],[55,-28],[61,-2],[75,21],[71,-12],[82,-8],[55,25],[119,35],[69,78],[22,10],[55,-13],[80,32],[55,-4],[107,38],[52,2],[20,11],[34,42],[20,41],[-1,28],[39,7],[78,-7],[19,8],[59,61],[61,20],[107,-5],[94,-12],[67,10],[40,-13],[57,-2],[70,-21],[53,18],[76,7],[60,25],[41,-1],[60,21],[51,-3],[105,11],[48,40],[51,2],[45,-18],[25,-49],[57,-20],[59,-32],[95,-18],[34,-11],[43,9],[61,57],[45,64],[72,30],[16,62],[60,74],[84,21],[38,62],[57,28],[1,34],[-17,52],[11,25],[-3,39],[-46,57],[27,76],[-30,74],[0,64],[33,56],[7,34],[55,38],[28,64],[1,41],[20,24],[28,91],[11,63],[41,19],[47,52],[34,18],[30,1],[38,35],[53,-25],[68,32],[21,28],[31,-6]],[[22323,13835],[-34,-21],[-57,-68],[-71,-48],[-123,-61],[-106,-77],[-28,-33],[-74,-31],[-47,-30],[-45,-39],[-87,-48],[-52,-36],[-92,-95],[-30,-40],[-35,-21],[-129,-121],[-136,-183],[-17,-32],[-58,-74],[-35,-72],[-29,-37],[-27,-63],[-61,-60],[-19,-61],[-30,-14],[-20,-27],[-36,-19],[12,-25],[1,-62],[-83,-49],[-67,-8],[-67,-28],[-5,-9],[-79,-33],[-51,-30],[-5,12],[53,23],[2,9],[151,63],[68,5],[80,49],[-1,34],[-39,-22],[37,36],[-5,22],[-60,-10],[-14,-27],[14,-28],[-26,-22],[-47,-21],[-12,31],[-77,-33],[-83,23],[17,21],[48,-4],[10,40],[-52,22],[-81,22],[-31,-14],[-3,-22],[39,-21],[-31,-27],[-37,18],[14,-70],[-91,-38],[12,-33],[80,30],[3,-6],[-85,-30],[24,-63],[56,-41],[-54,22],[-61,164],[-17,-6],[-63,8],[-87,-31],[-53,-49],[-46,-60],[-48,-34],[-1,-26],[-37,-40],[-10,8],[-39,-25],[-22,4],[-91,-46],[-120,-72],[-62,-41],[-68,-52],[-84,-78],[-111,-123],[-17,-31],[-99,-94],[-74,-76],[-111,-125],[-26,3],[-145,-180],[-36,-35],[-20,-32],[-51,-4],[23,-21],[-24,-51],[-37,-37],[-54,-94],[-79,-75],[-36,-3],[-2,-39],[-97,-106],[-75,-91],[-46,-32],[-27,-54],[-26,-28],[-79,-104],[-37,-38],[-19,-40],[-27,-28],[-26,-46],[-57,-73],[-86,-128],[1,-13],[-57,-78],[-33,-66],[-21,-58],[-29,-42],[-19,-60],[-25,-46],[-62,-136],[-63,-156],[-24,-86],[-41,-100],[-23,-38],[-2,-27],[-26,-50],[-50,-185],[-28,-67],[-15,-94],[-21,-66],[-38,-182],[7,-58],[-14,-65],[-7,-98],[6,-22],[-9,-170],[4,-37],[47,-51],[3,-24],[-36,-12],[-6,14],[-28,-4],[-3,-44],[-14,24],[-29,-4],[5,-36],[-35,-96],[-35,-49],[-15,-38],[9,-30],[-20,11],[-16,-35],[-35,-22],[4,-29],[-28,6],[-36,-8],[-31,-27],[-14,-44],[-29,-26],[-11,-52],[12,-2],[-17,-110],[8,-67],[24,-40],[37,-32],[57,-34],[2,-21],[-37,-54],[12,-17],[-10,-31],[-30,59],[-75,-14],[-56,-42],[-14,-28],[-110,-148],[-93,-186],[-21,-24],[-61,-119],[-20,-63],[-21,-39],[-4,-43],[-26,-89],[-23,-60],[-10,-82],[-4,-125],[16,-210],[11,-36],[40,-82],[168,-2],[17,-313],[-4,-3],[-18,285],[-114,2],[1,-76],[18,0],[0,-33],[45,0],[4,-58],[-31,-6],[-5,13],[-30,-15],[7,-37],[71,16],[5,-38],[-65,-8],[21,-189],[83,10],[4,-39],[-84,-10],[13,-85],[-12,-9],[49,-62],[18,-11],[52,6],[10,-26],[-31,-12],[25,-74],[-19,-20],[67,-56],[65,70],[-109,284],[15,-32],[40,-48],[21,-66],[21,8],[34,-51],[14,-54],[-4,-36],[-44,-59],[-28,-24],[36,-38],[3,-24],[-54,-33],[3,25],[-21,-1],[-2,33],[-32,-54],[32,-4],[3,-22],[-28,-14],[-16,-29],[22,-16],[-58,-22],[13,-26],[29,29],[19,-8],[-35,-16],[6,-15],[72,26],[-19,-18],[-43,-15],[11,-15],[33,17],[-27,-30],[42,1],[-16,-48],[34,11],[-1,-17],[-36,-20],[12,-21],[-12,-29],[-18,-1],[5,-23],[33,4],[-22,-38],[0,-36],[-22,-19],[-43,-2],[1,-35],[-28,-3],[8,-32],[35,-2],[6,-31],[36,4],[14,16],[10,-35],[-12,-31],[-49,5],[-21,-74],[-61,-6],[3,-22],[48,-2],[-12,-16],[-36,8],[-6,-51],[33,-22],[26,7],[-4,-55],[-61,-25],[-16,-43],[7,-14],[-43,-28],[-4,-20],[-38,8],[-33,-7],[-2,-45],[83,-57],[-18,-22],[-64,45],[-2,-51],[33,-34],[-41,22],[-18,-28],[-34,23],[-30,-41],[34,-24],[-28,-16],[-41,32],[55,-113],[35,26],[-22,-43],[-30,-17],[-27,11],[-2,-49],[-69,0],[-38,-17],[-8,-38],[-29,-8],[-33,7],[-25,27],[-36,-23],[18,-33],[21,13],[-4,-23],[23,-55],[-61,-51],[12,69],[-14,-10],[-7,-47],[-19,-10],[-20,-42],[-59,-29],[-12,14],[-7,-56],[-4,43],[-56,-33],[14,-50],[-28,1],[-29,-43],[48,-28],[-17,-17],[-26,20],[-43,-57],[20,-29],[41,52],[17,-14],[-60,-69],[22,-18],[20,22],[14,-12],[42,49],[29,5],[-11,-31],[-29,-24],[8,-14],[-30,-13],[5,-30],[-54,-71],[-18,33],[-48,-29],[2,-17],[-28,-8],[-37,-36],[-16,10],[-86,-40],[-56,5],[-35,-59],[10,-20],[-30,-45],[-7,25],[15,19],[-42,35],[-36,3],[-6,-65],[12,-3],[-12,-43],[1,-45],[-26,-11],[51,1],[-80,-57],[3,-19],[-30,0],[7,-35],[-25,-29],[-67,-45],[35,-8],[-90,6],[-51,-14],[5,34],[-59,-32],[-18,-25],[-53,17],[-14,-10],[-61,33],[20,23],[20,-6],[18,21],[-37,31],[-81,-96],[22,-18],[28,33],[7,-15],[54,-45],[-19,-8],[15,-34],[-12,-16],[20,-22],[-21,-38],[-6,-35],[16,7],[2,-51],[25,-2],[-24,-46],[27,-17],[-32,-38],[8,-27],[32,6],[-33,-26],[52,25],[-40,-30],[-28,-56],[-25,-13],[17,-18],[6,-38],[-25,-19],[31,2],[0,-23],[-23,-25],[-21,4],[-24,-31],[-52,-17],[-5,21],[-67,-9],[3,-42],[-42,-14],[-18,20],[-41,-20],[-17,-37],[-32,-2],[-8,-15],[-34,-3],[-3,63],[-34,-71],[-5,33],[-21,-16],[17,-21],[-26,-8],[-42,-30],[43,-7],[-31,-21],[3,-35],[-40,-12],[28,40],[-30,-7],[-2,-22],[-50,-23],[-102,20],[12,-23],[-40,13],[-53,-74],[-16,-48],[-36,-17],[-5,-20],[-20,17],[-28,-45],[-17,9],[23,23],[-120,-23],[-56,-18],[1,-13],[-163,-18],[-1,8],[-176,-19],[6,-58],[122,16],[1,-11],[-121,-18],[3,-28],[16,0],[165,-35],[6,76],[39,-5],[-3,-37],[119,-22],[7,-32],[-57,-14],[-136,-11],[-204,13],[-19,35],[-115,12],[-5,-8],[-51,8],[-31,-9],[0,-19],[37,0],[-63,-16],[-22,34],[-48,-29],[-17,-36],[-2,-53],[21,-49],[32,-14],[16,-27],[-8,-34],[20,-3],[-1,-33],[28,-11],[-44,0],[-21,43],[-26,-11],[2,-22],[-62,21],[-15,-13],[27,-6],[-18,-21],[-56,-11],[11,-24],[-23,-16],[-6,24],[-48,-37],[-39,-4],[-7,15],[-55,11],[-63,-23],[0,21],[-48,17],[-13,14],[-44,8],[-20,18],[-81,1],[-17,40],[-38,-29],[-32,22],[-58,1],[-35,-11],[-56,-43],[-34,-82],[11,-30],[42,33],[13,-43],[-34,-20],[7,-30],[-64,-49],[-23,1],[-38,-26],[-61,-10],[-26,6],[32,22],[-1,21],[-44,-5],[8,25],[-41,-14],[-28,11],[-4,-19],[-29,6],[-42,31],[-49,-10],[-7,-19],[-33,5],[-44,-29],[-29,6],[-31,-20],[-6,17],[-42,15],[-17,17],[-37,-9],[1,34],[-35,-13],[-3,15],[-43,10],[-7,46],[-16,11],[-44,-7],[-13,-23],[36,-115],[-64,17],[-6,32],[-29,3],[-44,-22],[-32,36],[-18,-5],[6,-42],[-14,33],[-23,-11],[1,44],[-50,18],[10,48],[-25,17],[-12,-34],[-137,3],[29,-66],[-59,-30],[-136,-52],[-18,11],[-3,-31],[28,-26],[-14,-11],[3,-49],[29,-28],[0,-50],[-30,14],[-8,-61],[18,3],[-12,-48],[9,-31],[-40,-12],[10,-39],[-27,22],[-21,-8],[-20,-55],[-15,-13],[5,-33],[-21,36],[-36,0],[-27,28],[-2,39],[-25,51],[8,46],[-33,36],[20,37],[-19,35],[76,24],[-7,42],[-111,-25],[3,23],[-54,1],[-28,-20],[-10,15],[-30,-15],[-6,18],[-71,-18],[0,-37],[-45,-3],[-3,32],[-27,-11],[-3,24],[27,-3],[-3,19],[-56,-12],[-32,17],[2,-21],[-41,2],[-18,36],[-10,-41],[-21,-12],[7,-18],[-26,7],[-39,45],[-24,1],[-48,-14],[-12,38],[-24,-43],[-75,-1],[-13,13],[-28,-7],[-4,35],[25,-5],[-72,39],[2,10],[-76,-12],[3,-18],[18,-13],[-25,-22],[-21,15],[-26,-22],[-62,-2],[-59,11],[-1,-15],[-34,-5],[-34,-31],[2,45],[-17,3],[-3,29],[-46,8],[-15,-38],[-27,-11],[-8,17],[12,32],[-46,60],[-8,58],[-56,47],[-63,38],[-78,35],[-53,6],[-95,31],[-45,-5],[-28,-16],[-109,-22],[-42,0],[-27,-11],[-63,-3],[-93,-26],[-58,-24],[-52,-11],[-99,16],[-87,-14],[-68,-27],[-77,-5],[-48,-18],[-140,-63],[-20,-16],[-90,-19],[-19,15],[-55,-30],[-66,8],[-51,27],[-43,-25],[24,-25],[-36,-7],[-19,-26],[-35,-12],[-24,-35],[-52,-20],[5,24],[-47,10],[10,-15],[-38,-35],[-28,11],[-13,30],[3,32],[-30,31],[-39,-1],[-55,31],[-37,7],[-5,-30],[-20,10],[-35,43],[-34,18],[-55,9],[-78,-15],[-39,-31],[-9,-35],[-54,106],[-30,73],[-29,39],[-53,49],[-54,32],[-47,6],[-62,36],[-44,-8],[-3,21],[-81,23],[-29,31],[-58,15],[1,-11],[-39,-3],[2,28],[-33,-22],[-9,24],[-34,27],[-57,86],[-22,10],[-54,-20],[-21,34],[-67,51],[-29,-7],[-36,28],[-40,-27],[4,16],[-31,17],[10,28],[14,3],[4,2]],[[11340,398],[-30,12],[-19,36],[86,31],[83,41],[-1,-29],[22,-2],[16,18],[16,-21],[-27,-26],[-72,-87],[-3,18],[-71,9]],[[11794,271],[-55,21],[-35,5],[17,32],[-22,12],[20,9],[29,-14],[19,12],[55,-11],[65,-55],[-10,-9],[24,-24],[-55,5],[-52,17]],[[11508,392],[-4,-9],[-55,-6],[48,-6],[-6,-10],[-55,5],[51,-20],[-50,2],[-11,24],[58,66],[49,-9],[-29,-11],[4,-26]],[[12118,421],[-12,5],[47,39],[30,11],[34,-9],[-23,-29],[-29,-8],[-44,5],[-3,-14]],[[13976,929],[13,16],[54,11],[-1,-21],[-69,-34],[-16,13],[19,15]],[[11663,324],[-48,38],[14,15],[23,-15],[50,-13],[-16,-31],[-23,6]],[[14231,997],[10,9],[7,-88],[-76,-87],[-7,7],[61,69],[15,27],[-10,63]],[[16919,3971],[36,-6],[-21,-32],[-25,0],[10,38]],[[16862,3961],[-25,-37],[-23,-4],[4,42],[44,-1]],[[6075,11734],[19,-8],[-7,-21],[-87,23],[75,6]],[[10901,349],[29,0],[-11,-23],[-35,-9],[-14,21],[31,11]],[[12219,447],[22,-11],[-27,-25],[-21,-3],[-10,22],[36,17]],[[16043,2630],[19,-13],[-38,-35],[19,48]],[[13603,634],[9,-15],[-32,-3],[-27,21],[14,16],[36,-19]],[[14224,1074],[9,-6],[134,2],[1,-6],[-114,-5],[-41,9],[11,6]],[[11765,203],[-44,5],[-42,27],[0,14],[86,-46]],[[12690,504],[-51,8],[59,27],[-8,-35]],[[17412,7782],[-86,-61],[55,50],[31,11]],[[16470,3269],[-23,-3],[0,32],[30,-1],[-7,-28]],[[11060,39],[11,-20],[-28,-18],[17,38]],[[13161,636],[-18,-17],[-23,9],[24,29],[17,-21]],[[10835,308],[-34,-10],[-2,18],[39,13],[-3,-21]],[[11924,148],[-43,-17],[-23,23],[40,-14],[26,8]],[[15826,2511],[13,-18],[-9,-23],[-25,12],[21,29]],[[11040,43],[-25,-16],[9,27],[33,10],[-17,-21]],[[16977,4143],[-32,0],[40,22],[-8,-22]],[[14884,1474],[-19,-17],[-39,-3],[7,14],[51,6]],[[15183,1599],[16,-15],[-40,-2],[24,17]],[[12494,415],[16,-16],[-47,-10],[2,16],[29,10]],[[13779,942],[58,15],[-21,-16],[-37,1]],[[16103,2688],[-5,-35],[-15,22],[20,13]],[[4834,15164],[-4,26],[19,0],[5,-27],[-20,1]],[[17410,7309],[22,20],[-3,-34],[-19,14]],[[16887,4087],[14,11],[-25,20],[25,1],[7,-20],[-21,-12]],[[13727,939],[13,45],[6,-23],[-19,-22]],[[14320,1013],[-28,-5],[16,22],[12,-17]],[[11700,267],[40,-15],[-27,-2],[-13,17]],[[15975,2694],[-20,-29],[-14,14],[29,29],[5,-14]],[[12419,459],[7,16],[24,-14],[-31,-2]],[[14341,1024],[9,22],[25,-5],[-34,-17]],[[6076,15296],[-3,27],[23,-18],[-20,-9]],[[6315,1024],[41,-4],[-17,-14],[-24,18]],[[10697,354],[3,-23],[-26,0],[23,23]],[[16302,3207],[-15,14],[23,18],[-8,-32]],[[9086,307],[-21,-16],[-10,16],[31,0]],[[12407,478],[-35,3],[0,14],[35,-17]],[[6954,12023],[-9,21],[27,-10],[-18,-11]],[[13163,572],[-11,-16],[-24,11],[35,5]],[[10189,396],[-29,16],[23,7],[6,-23]],[[16279,3211],[-8,-34],[-18,8],[26,26]],[[7687,285],[-27,0],[5,18],[22,-18]],[[16854,3893],[-4,-24],[-25,11],[29,13]],[[16471,3323],[10,8],[18,-26],[-28,18]],[[10067,331],[0,30],[23,-14],[-23,-16]],[[13390,546],[-24,-11],[-15,12],[39,-1]],[[16816,3621],[0,-19],[-22,5],[22,14]],[[15632,2498],[-22,9],[21,18],[1,-27]],[[13193,555],[17,-8],[-37,-7],[20,15]],[[16221,2879],[20,16],[-10,-30],[-10,14]],[[6531,13969],[-25,-4],[19,25],[6,-21]],[[16376,3326],[20,18],[-8,-31],[-12,13]],[[66303,70095],[-190,-124],[84,-114],[13,-1],[38,38],[0,-32],[-61,-43],[-27,15],[24,16],[-56,77],[-20,42],[-80,-53],[-233,-161],[-12,-21],[-60,-44],[-186,-144],[34,-32],[61,-73],[30,9],[4,-15],[-62,-42],[6,39],[-30,36],[-46,72],[-176,-137],[-18,21],[-45,-38],[3,-27],[-110,-97],[-189,-159],[-82,-65],[-150,-134],[-61,-49],[52,-55],[-12,-13],[-52,48],[-33,-22],[-133,-110],[-14,-2],[-40,-39],[7,-9],[-195,-168],[-184,-162],[-8,0],[-75,-67],[-29,-21],[-22,-41],[49,-56],[-20,-9],[-48,71],[-94,-58],[-28,-30],[-33,-19],[-51,-43],[-18,-30],[-48,-51],[-90,-83],[-62,-47],[-7,-44],[-28,-44],[-149,-138],[-25,-30],[-35,-20],[-34,-45],[44,-63],[-13,-6],[-38,41],[-34,52],[-30,-7],[-74,-61],[-17,17],[-29,-20],[-150,-139],[-65,-69],[-23,-15],[-24,-33],[-60,-59],[-104,-95],[-27,-41],[67,-72],[-20,-16],[-81,92],[-7,15],[-34,-9],[-65,-46],[-152,-135],[-50,-56],[-80,-62],[-121,-109],[-63,-72],[-88,-83],[29,-35],[-6,-23],[-43,48],[-63,-26],[-90,-74],[-142,-129],[-131,-127],[-60,-47],[-8,-16]],[[61395,66038],[-72,89],[-108,119],[-255,290],[-101,130],[-1,30],[-22,26],[-24,7],[-120,94],[3,10],[-175,220],[-64,-51],[-44,39],[-21,-31],[-109,76],[-20,23],[-68,109],[-88,129],[-145,226],[-114,173],[-34,-15],[-103,149],[-23,27],[-209,214],[-16,32],[-22,200],[0,35],[-125,143],[64,56],[-44,51],[-64,-55],[-91,108],[252,202],[2,22],[140,63],[-22,43],[188,88],[-17,39],[91,40],[46,26],[65,56],[90,93],[51,58],[-66,139],[-89,-42],[-8,15],[-44,-20],[-41,83],[54,22],[-7,20],[48,20],[-98,167],[-70,-51],[-30,37],[-49,25],[-74,-22],[-33,-32],[-20,44],[-49,-25],[-19,35],[-12,-2],[-51,110],[-66,-31],[-85,183],[66,27],[10,-18],[60,19],[-23,47],[-120,89],[-174,138],[-36,38],[-25,71],[-17,24],[-83,61],[-41,85],[-32,118],[-110,-41],[30,-59],[-24,-38],[-247,-216],[-29,-11],[-43,-52],[-7,-38],[3,-57],[-21,-33],[-45,-45],[-16,16],[-19,-13],[6,-19],[-120,-10],[-43,11],[-59,72],[-24,45],[-25,-24],[-168,194],[-24,31],[21,20],[102,43],[150,40],[14,25],[-153,218],[64,12],[46,17],[-17,27],[-44,115],[0,56],[-17,20],[-123,-6],[-12,15],[-19,94],[-17,12],[-80,-18],[-40,19],[-32,-65],[-46,21],[-27,-53],[-155,83],[-6,-11],[-203,107],[47,86],[-77,42],[27,50],[-64,41],[25,58],[-53,26],[15,121],[-46,11],[-55,4],[-42,67],[-40,54],[15,33],[44,36],[18,68],[-30,0],[-32,63],[21,15],[-146,280],[12,9],[-23,48],[112,60],[-48,69],[19,104],[-2,62],[30,88],[-6,78],[9,34],[18,21],[79,33],[30,64],[-1,27],[-18,33],[42,34],[-44,79],[-46,104],[-39,42],[-48,67],[-7,74],[-16,23],[-31,-17],[-137,65],[-33,11],[-45,-4],[-64,20],[-73,63],[16,101],[-75,4],[-11,-5],[-87,21],[-30,32],[-1,23],[-399,457],[-19,75],[-23,146]],[[55931,74499],[-20,166],[10,137],[30,20],[55,15],[-4,50],[49,57],[20,12],[131,49],[60,43],[54,68],[65,62],[108,139],[48,76],[69,67],[251,185],[65,-68],[27,24],[27,-27],[183,173],[-16,30],[37,-8],[-2,45],[-50,13],[0,101],[-8,218],[61,301],[25,41],[51,120],[22,28],[107,310],[90,253],[-32,9],[15,56],[3,45],[37,91],[-4,32],[-17,37],[-58,47],[-68,28],[-7,23],[9,92],[-6,103],[6,27],[-71,174],[241,77],[145,44],[361,-3],[104,2],[41,-25],[1,-24],[67,-151],[94,-206],[27,-70],[27,-33],[218,-150],[31,18],[2,61],[59,64],[28,-10],[-5,-57],[25,-3],[31,14],[82,-17],[54,-22],[35,-6],[22,32],[20,9],[91,-5],[27,38],[34,65],[6,113],[-2,133],[19,26],[26,56],[2,71],[25,22],[-8,37],[70,20],[0,20],[43,7],[105,-192],[29,-15],[124,-23],[-8,-39],[33,-45],[47,-46],[96,-47],[122,21],[48,-14],[20,8],[28,41],[38,3],[50,16],[45,-16],[52,15],[49,-2],[34,22],[29,-19],[49,-11],[55,7],[12,49],[65,-11],[56,13],[42,46],[49,93],[11,69],[20,29],[36,27],[61,14]],[[60723,78103],[37,-129],[37,-110],[27,-50],[27,-30],[32,-19],[89,-36],[29,-21],[91,-139],[63,-76],[27,8],[25,-40],[84,-41],[4,51],[116,43],[26,-16],[55,27],[39,11],[249,87],[79,-50]],[[58366,70129],[-118,-82],[-42,34],[112,79],[19,6],[29,-37]],[[57786,96027],[94,-67],[68,-53],[117,-125],[75,-72],[171,-142],[271,-194],[118,-86],[70,-60],[190,-187],[49,-54],[41,-60],[72,-125],[116,-157],[66,-82],[67,-73],[118,-106],[71,-52],[181,-119],[292,-170],[238,-133],[235,-124],[92,-43],[141,-62],[493,-188],[135,-62],[307,-178],[123,-81],[272,-184],[164,-104],[138,-111],[89,-81],[-80,-31],[-1,-33],[286,-122],[110,-89],[77,-37],[59,-41],[58,-65],[59,-80],[63,-125],[52,-117],[21,-72],[31,-21],[90,-145],[-37,-23],[-5,-21],[79,-135],[205,116],[122,-207],[-155,-76],[55,-102],[25,-17],[80,-25],[368,-109],[112,-32],[187,-74],[26,-19],[187,-226],[66,-61],[38,-76],[22,-21],[167,-119],[133,-100],[71,-64],[146,-191],[121,-171],[56,-102],[74,-165],[150,-389],[89,-290],[8,-19],[53,-70],[28,-48],[94,-236],[37,-80],[32,-38],[73,-60],[40,-90],[201,-333],[107,-165],[88,-130],[123,-166],[37,-81],[61,-204],[47,-171],[21,-94],[13,-33],[41,-15],[290,-93],[221,-77],[226,-61],[166,-27],[222,-19],[118,-17]],[[68014,86688],[-27,-106],[-61,-207],[-34,-106],[-41,-141],[-38,-143],[-36,-125],[-3,-42],[46,-55],[48,-28],[72,-84],[95,-192],[13,-49],[20,-128],[2,-35],[-15,-49],[7,-64],[-19,-33],[-5,-47],[-14,-44],[17,-6],[65,43],[17,-20],[-57,-44],[-29,-75],[3,-26],[25,-49],[19,-12],[71,-9],[106,-6],[29,-69],[-86,-261],[-13,-55],[-1,-65],[9,-101],[-34,-69],[39,-58],[24,14],[-3,-25],[-35,-52],[-17,-11],[-64,-1],[-34,-40],[-32,-22],[-7,-28],[-39,-78],[-18,-10],[-4,30],[23,43],[-6,64],[-30,6],[-71,-15],[-62,4],[-28,22],[-6,43],[-25,19],[-45,5],[-41,33],[-33,-18],[-48,-40],[-7,-65],[-14,-56],[-13,-1],[-5,-47],[3,-62],[41,-201],[7,-99],[68,-134],[-5,-106],[29,-58],[-3,-51],[-20,-62],[3,-64],[57,-90],[20,-48],[-25,-39],[1,-56],[-37,-85],[10,-4],[-36,-68],[-18,-58],[-21,-24],[-18,-46],[-48,-20],[-93,34],[-24,32],[0,42],[-57,-23],[-35,-3],[-40,-26],[-74,-71],[-51,-24],[-23,-24],[-92,-58],[-32,-27],[-48,2],[-31,-486],[-735,-217],[38,-107],[-36,-51],[-13,-45],[-61,-38],[-23,-38],[-3,-23],[25,-42],[36,-19],[17,-38],[27,-117],[28,-96]],[[60723,78103],[-32,44],[-145,116],[-29,33],[-20,81],[-61,85],[-17,44],[-31,218],[11,22],[16,98],[24,21],[87,45],[-5,36],[-120,11],[-58,-19],[-120,-9],[-31,2],[-8,22],[-5,175],[-46,154],[48,37],[5,16],[-33,69],[-23,-10],[-65,-48],[-93,-42],[-76,-11],[-45,-25],[-29,0],[-56,23],[-32,37],[-16,5],[-101,-3],[-48,36],[-61,-8],[-71,30],[-23,48],[-42,32],[-39,18],[-77,80],[-21,4],[-73,-11],[-70,-23],[-17,11],[-17,51],[-5,39],[31,64],[0,31],[-53,16],[-60,-58],[-15,-6],[-33,23],[-37,5],[-19,45],[-23,9],[-64,-2],[-13,22],[13,89],[16,46],[-28,-42],[-23,-86],[-64,-41],[-56,34],[-41,-22],[-93,163],[-64,71],[12,17],[-53,38],[-16,-15],[-38,20],[-34,7],[-121,-2],[-242,-121],[-60,-60],[-66,39],[-1,29],[23,163],[-12,35],[-57,112],[-70,-13],[-59,-22],[-51,-8],[-62,-27],[-29,-21],[-24,-35],[-56,18],[-93,4],[-18,8],[-8,35],[3,54],[17,14],[66,20],[-5,59],[-83,1],[-31,28],[5,40],[20,73],[54,86],[10,91],[-17,-15],[-122,36],[-18,-59],[-49,14],[-18,-83],[-106,24],[8,49],[-45,12],[11,45],[21,-4],[7,26],[43,-10],[10,49],[21,-5],[9,29],[68,-19],[7,22],[9,101],[-4,55],[-55,222],[-3,41],[11,87],[-42,62],[-30,-20],[-80,51],[-80,69],[-89,86],[-44,63],[-74,210],[-42,32],[-27,0],[-51,-20],[-572,-383],[-44,-7],[-143,-11],[0,-104],[-12,-41],[-31,-54],[-13,-37],[-20,-93],[-69,-97],[-16,-12],[-155,-209],[-32,-22],[-80,10],[-175,0],[-92,3],[-71,15],[-134,38],[-123,40],[-50,22],[-87,57],[-21,9],[-104,1],[-77,-22],[-53,-45],[-16,24],[95,85],[47,49],[3,13],[-27,70],[3,26],[38,114],[-10,86],[10,50],[24,63],[-39,15],[-71,42],[-15,30],[-72,71],[-102,90],[-37,20],[-75,-5],[-28,6],[-82,74],[-59,74],[-98,-67],[-56,41],[-355,292],[-80,72],[-58,75]],[[52486,87789],[-56,4],[15,157],[9,144],[-61,11],[-16,-63],[-16,-2],[-111,19],[-189,36],[27,45],[-10,53],[-122,54],[-101,22],[-54,42],[-33,4],[-65,-57],[-33,-52],[-46,-15],[-91,3],[-67,11],[-147,50],[-3,11],[20,83],[4,38],[-10,87],[19,12],[40,-11],[26,40],[72,96],[26,25],[15,50],[-5,22],[23,43],[1,39],[-23,34],[-32,100],[4,47],[-15,34],[-11,106],[3,44],[33,52],[52,-7],[14,16],[-35,92],[-63,118],[-35,40],[-45,34],[-36,41],[-21,50],[0,27],[63,151],[40,353],[13,57],[93,324],[114,380],[51,22],[32,132],[73,-2],[111,54],[-4,18],[86,39],[-13,31],[61,30],[3,16],[82,58],[77,84],[35,57],[-50,49],[-47,75],[-3,16],[-92,206]],[[52062,91768],[82,36],[127,38],[328,75],[297,84],[189,63],[142,203],[113,164],[40,75],[302,463],[79,107],[42,0],[29,33],[164,-96],[443,-260],[10,-19],[54,-37],[279,-207],[43,-50],[91,-152],[54,-73],[44,-50],[129,-102],[318,-254],[186,-152],[82,-50],[57,-29],[119,-40],[215,-62],[219,-66],[139,-49],[286,-91],[194,-45],[113,-22],[73,-3],[13,8],[-15,30],[-339,298],[-106,123],[-33,24],[-44,88],[-61,79],[-46,31],[-162,80],[-82,74],[-26,64],[-10,148],[-33,144],[-45,115],[-45,153],[-43,79],[-74,191],[-16,65],[-8,67],[1,122],[14,112],[37,120],[24,54],[52,78],[58,44],[46,14],[41,-11],[116,-82],[121,-63],[27,-2],[60,30],[43,56],[44,86],[44,69],[41,86],[17,51],[12,61],[23,252],[97,417],[5,94],[29,78],[110,208],[105,187],[99,204],[58,99],[67,98],[153,204],[114,142],[159,158]],[[49441,70801],[71,-59],[89,-57],[38,-15],[205,-55],[162,-80],[21,-30],[7,-37],[9,-109],[16,-25],[55,-49],[17,33],[65,-37],[134,16],[65,14],[75,76],[46,56],[35,64],[59,89],[-1,48],[85,69]],[[50694,70713],[58,-62],[27,23],[56,-56],[29,12],[21,-64],[20,-5],[181,46],[112,86],[32,73],[78,-9],[61,-21],[144,-41],[22,1],[23,63],[26,3],[23,-98],[30,-51],[91,-82],[35,-13],[80,15],[26,-43],[28,-17],[27,-110],[30,-53],[70,-96],[27,-29],[96,-76],[25,-26],[-44,-33],[26,-133],[6,-71],[-33,-146],[-8,-54],[-15,-26],[9,-28],[54,-42],[112,-70],[58,-111],[35,-9],[13,-93],[32,-141],[117,-222],[31,-52],[67,80],[58,47],[6,36],[48,70],[67,56],[50,10],[52,-39],[33,26],[35,8],[46,47],[126,22],[3,6],[-38,100],[41,48],[33,22],[11,22],[-11,36],[20,34],[24,17],[18,-6],[100,-81],[36,67],[18,4],[49,-16],[14,-55],[24,-27],[45,-26],[74,-23],[24,0],[70,17],[76,-38],[32,-10],[43,-55],[57,-50],[31,-19],[466,-231],[32,-22],[292,-287],[29,-26],[152,118],[95,7],[64,-10],[50,46],[25,-46],[-4,-29],[79,-74],[47,-53],[80,-126],[15,-28],[-20,-28],[-28,-20],[17,-31],[-285,-196],[-166,-178],[-183,-195],[-211,-185],[-86,-112],[204,-160],[226,-173],[39,-33],[-22,-31],[265,-210],[71,0],[28,10],[265,-151],[103,-114],[-31,-42],[26,-35],[65,18],[108,-109],[194,-117],[82,-27],[219,201],[17,-2],[53,53],[-6,6],[61,59],[-8,10],[231,213],[163,-111],[48,-50],[34,-49],[12,2],[42,-33],[-19,-19],[71,-100],[-101,-128],[63,-67],[-15,-17],[21,-23],[95,-141],[-50,-29],[39,-65],[-45,-81],[48,-59],[17,-58],[19,-33],[49,-33],[-37,-56],[-61,-7],[-89,-23],[-101,102],[-32,-8],[-97,53],[-13,-6],[-218,-215],[-114,-108],[33,-19],[-38,-27],[31,-51],[-65,-43],[75,-106],[-122,-87],[29,-50],[-56,-46],[58,-69],[-59,-67],[33,-29],[54,65],[85,-69],[76,-69],[-40,-64],[21,-22],[-21,-30],[43,-32],[188,-184],[38,-40],[316,254],[106,82],[231,185],[112,93],[198,-48],[26,-77],[69,-150],[26,-21],[19,31],[42,-41],[-12,-17],[28,3],[54,-53],[-13,-19],[215,-136],[17,-4],[76,11],[76,-4],[72,-31],[-70,-93],[63,-71],[24,-60],[176,-190],[107,-112],[105,-122],[77,-98],[34,-52]],[[58863,63701],[-99,-97],[-54,-35],[-28,-37],[-60,-57],[-26,-44],[-39,-22],[-75,-71],[-78,-87],[-64,-61],[-73,-87],[-103,-99],[-33,-45],[-60,-59],[-34,-40],[-73,-75],[-53,-43],[-46,-54],[-63,-57],[-209,-207],[-84,-77],[-116,-129],[-59,-57],[-50,-58],[-56,-49],[-70,-84],[-45,-62],[-69,-68],[-102,-125],[-68,-63],[-57,-87],[-33,-42],[-68,-59],[-108,-111],[-44,-26],[-10,-44],[-82,-114],[-64,-71],[-88,-127],[-56,-60],[-104,-130],[-149,-207],[-51,-55],[-85,-117],[-43,-46],[-57,-74],[-69,-103],[-22,-18],[-59,-85],[-19,-18],[-42,-66],[-38,-38],[-19,-33],[-65,-63],[-35,-64],[-74,-82],[-55,-81],[-58,-98],[-78,-109],[-1,-12],[-94,-141],[-24,-25],[-53,-79],[-11,-25],[-74,-102],[-60,-108],[-71,-103],[-49,-86],[-1,-20]],[[54704,58723],[-237,176],[-115,81],[-44,24],[-102,68],[-17,25],[-42,29],[19,26],[-118,103],[-93,97],[72,62],[-143,148],[-71,-65],[-154,157],[72,70],[-61,61],[-15,-14],[-128,131],[-67,-99],[-52,14],[10,28],[-94,95],[68,72],[-25,50],[-69,73],[-59,-56],[-99,111],[18,62],[-74,57],[-31,-12],[-59,-62],[-58,48],[-94,88],[-195,176],[-60,-70],[-185,178],[42,52],[13,74],[-19,4],[-15,-64],[-46,-50],[-127,40],[-53,76],[-30,-42],[19,-26],[-22,6],[-46,-87],[12,-10],[-53,-48]],[[40546,31095],[10,30],[55,13],[19,29],[6,38],[25,22],[14,52],[27,36],[9,30],[-5,38],[-31,88],[-45,92],[-29,25],[-17,50],[3,47],[-11,23],[-55,15],[-10,95],[20,16],[38,1],[47,22],[20,31],[-2,53],[66,41],[25,57],[49,42],[55,11],[18,50],[64,50],[18,34],[6,64],[-37,41],[-83,49],[-34,32],[-61,103],[-55,39],[-65,86],[-49,46],[-116,93],[-42,47],[-36,92],[-3,53],[6,76],[23,68],[-21,54],[-92,42],[-15,43],[-4,64],[-22,25],[-66,-1],[-64,53],[-48,-4],[-31,16],[-48,3],[-31,13],[-6,21],[20,40],[-10,19],[-66,25],[-10,50],[25,25],[-35,10],[-19,-27],[-27,-5],[-20,35],[-30,-6],[-83,-42],[-57,-12],[-9,-26],[-29,17],[-50,-11],[-39,22],[-144,131],[-23,13],[-142,34],[-153,26],[-106,4],[-32,14],[-27,58],[-96,20],[-15,30],[10,37],[-5,41],[-36,78],[-27,35],[-13,43],[0,41],[-37,78],[-24,30],[-19,48],[-43,25],[-57,110],[65,16],[25,54],[38,52],[-45,48],[-25,99],[54,31],[44,-36],[73,1],[18,34],[26,15],[29,40],[28,-14],[112,77],[22,7],[76,-14],[74,-8],[91,20],[89,-12],[132,2],[12,57],[4,78],[9,65],[4,129],[-15,54],[87,26],[49,-23],[49,-5],[44,8],[14,44],[20,26],[44,35],[30,76],[-3,80],[39,27],[56,-8],[86,52],[39,81],[32,34],[40,18],[26,69],[81,118],[36,60],[4,58],[21,86],[0,30],[-39,56],[-23,18],[-26,107],[-32,90],[7,39],[-52,85],[-35,-13],[-15,39],[11,96],[-16,39],[2,32],[40,23],[47,58],[44,69],[6,39],[-15,62],[-51,7],[-27,39],[-41,40],[-51,22],[-41,70],[-49,102],[-20,29],[-39,84],[4,129],[-14,25]],[[39816,37527],[33,55],[65,56],[21,66],[62,46],[41,57],[68,-9],[22,12],[3,42],[13,20],[32,15],[-1,27],[40,48],[42,27],[43,43],[29,2],[30,-12],[72,7],[22,32],[13,43],[33,17],[58,-26],[28,6],[20,-51],[28,-32],[16,1],[48,47],[55,42],[43,-89],[55,0],[27,33],[40,101],[34,48],[96,-39],[25,12],[2,20],[58,33],[18,23],[57,122],[2,50],[43,97],[65,20],[11,42],[40,54],[5,44],[-27,77],[18,36],[-14,44],[1,142],[23,26],[22,-8],[48,13],[20,23],[34,14],[0,96],[21,42],[7,71],[16,43],[-3,40],[30,25],[25,54],[24,9],[4,43],[19,38],[33,27],[66,13],[84,-12],[20,-12],[81,50],[42,75],[51,36],[16,41],[19,15],[31,-21],[19,2],[61,41],[37,44],[31,13],[60,-13],[13,-32],[48,-55],[5,-28],[25,-28],[44,-2],[14,40],[35,10],[33,95],[62,22],[31,23],[-3,46],[9,50],[92,54],[43,51],[24,11],[75,-6],[35,-13],[23,28],[56,-26],[17,26],[1,32],[49,12],[-8,33],[33,38],[7,45],[15,20],[24,-16],[18,12],[-3,84],[51,12],[22,15],[27,-33],[44,-8],[27,15],[34,0],[11,50],[-5,75],[79,-13],[23,9],[48,-14],[65,36],[21,2],[96,-32],[41,-31],[14,-66],[51,38],[72,39],[40,-31],[46,-82],[50,-43],[45,0],[55,75],[49,-67],[9,-31],[38,-14],[40,38],[70,13],[36,-33],[14,-35],[22,-11],[16,-29],[34,0],[32,35],[28,105],[30,16],[40,-6],[48,-44],[50,-83],[51,5],[36,-45],[63,-18],[29,10],[42,92],[28,7],[22,21],[37,-12],[26,5],[47,61],[6,48],[37,37],[11,22],[50,-4]],[[45107,40428],[-3,-17],[32,-20],[28,53],[107,11],[50,32],[51,-29],[7,-41],[34,-8],[16,20],[43,13],[22,-9],[28,-48],[26,9],[22,73],[71,19],[20,-43],[91,-48],[65,23],[22,60],[27,2],[47,-21],[45,0],[29,-40],[73,-31],[44,-37],[31,1],[54,29],[39,-12],[52,-91],[49,-15],[86,-15],[46,3],[173,46],[49,21],[63,6],[38,-65],[97,-11],[26,-22],[4,-55],[10,-12],[132,32],[46,18],[31,-12],[3,-75],[17,-6],[73,11],[66,-8],[19,6],[7,98],[37,18],[116,1],[24,-42],[40,1],[10,-13],[-2,-61],[-21,-55],[-2,-33],[16,-41],[2,-34],[-59,-80],[-47,-211],[2,-57],[-35,-20],[-33,-43],[38,-79],[-3,-19],[-75,-68],[1,-49],[14,-38],[58,-70],[4,-47],[-25,-66],[-31,-64],[4,-44],[23,-45],[46,-30],[39,-10],[43,12],[31,30],[109,82],[40,24],[36,9],[153,-5],[137,-14],[41,5],[128,-11],[64,20],[28,27],[56,23],[19,60],[28,4],[37,-13],[17,10],[-2,51],[17,67],[-17,23],[5,25],[60,51],[24,58],[34,2],[110,-67],[111,-104],[28,-17],[66,-12],[6,-15],[-15,-64],[14,-44],[19,-20],[51,-26],[97,13],[76,-27],[76,-52],[42,9],[55,41]],[[49280,39079],[39,-46],[58,-24],[90,34],[11,11],[27,-15],[54,-7],[8,9],[-6,-59],[-6,24],[-25,1],[-35,-24],[-47,-80],[72,-43],[35,49],[0,58],[32,-8],[0,-49],[41,0],[1,-13],[50,-1],[-1,88],[23,86],[-3,69],[18,-38],[-26,-88],[41,-11],[-16,-16],[8,-32],[38,-65],[23,-77],[18,-27],[64,-48],[4,-129],[64,-32],[2,-23],[31,-53],[25,-2],[5,-34],[28,-8],[-39,-21],[24,-74],[28,-50],[40,12],[44,-98],[0,-70],[36,-50],[29,-1],[26,26],[19,-5],[-1,-29],[-40,-14],[3,-25],[26,-22],[47,-133],[31,-52],[-3,-56],[61,-115],[46,-29],[50,-47],[42,-254],[-11,-7],[11,-50],[-15,-37],[47,-106],[30,-3],[10,-31],[-18,-14],[3,-33],[-11,-101],[11,-74],[28,-32],[3,-41],[-31,-12],[-11,-102],[-27,-45],[-50,-42],[-86,-105],[-60,-94],[-30,-82],[-9,-49],[-31,-65],[-54,-134],[-34,-129],[7,-16],[47,-41],[-6,-7],[-59,51],[-82,-92],[87,-47],[-4,-6],[-62,34],[-35,-35],[-23,-64],[-33,-58],[-15,-106],[-58,-77],[-27,-118],[-32,-59],[-16,-55],[-7,-69],[-35,-92],[-9,-119],[-23,-63],[-7,-85],[-15,-49],[-3,-88],[-25,-74],[-2,-66],[-55,-82],[-14,-76],[-50,-114],[-7,-102],[-37,-87],[-10,-124],[-18,-29],[-10,-66],[5,-66],[-24,-37],[-11,-82],[12,-16],[-28,-60],[-15,-76],[19,-57],[-1,-23],[-20,-52],[-4,-44],[15,-36],[5,-49],[-25,-50],[-7,-39],[9,-46],[38,-65],[-21,-16],[-17,-55],[-3,-40],[34,-56],[6,-30],[-11,-65],[16,-36],[53,-37],[47,-1],[0,51],[24,-9],[-9,-115],[-10,-22],[-80,-46],[21,-31],[-9,-25],[13,-28],[356,-209],[-19,4],[-41,-29],[-131,77],[-88,-54],[88,-143],[183,-106],[-51,-17],[-19,-18],[-154,88],[-72,118],[-69,-42],[71,-117],[16,7],[39,-62],[9,5],[95,-55],[27,44],[24,-14],[-9,-14],[52,-31],[21,36],[23,-13],[-27,-45],[50,-28],[41,74],[4,21],[-30,89],[11,-4],[10,98],[26,151],[7,-1],[-26,-151],[-10,-92],[21,-99],[-7,-24],[-48,-77],[62,-69],[-12,-74],[-12,-17],[-76,16],[-44,-29],[-23,-36],[10,-63],[-32,-45],[9,-28],[-20,-17],[3,-23],[-29,8],[-9,-23],[36,-22],[-7,-23],[-36,12],[-7,-14],[23,-39],[-4,-23],[20,-45],[17,103],[-9,-86],[-31,-85],[33,-60],[37,-17],[59,-185],[-3,-1],[-59,184],[-42,17],[9,-19],[30,-7],[21,-79],[12,-26],[-1,-100],[-16,-17],[35,-10],[-5,-28],[39,-36],[-36,-69],[-22,-17],[-3,-86],[-13,-87],[7,-25],[-34,-12],[-25,-43],[1,-24],[45,46],[-139,-149],[-36,-64],[-5,-41],[-37,-46],[-68,0],[-47,-114],[-41,-9],[-19,-30],[21,-17],[-11,-19],[16,-37],[-51,-87],[15,-28],[28,-22],[59,-75],[-2,-76],[-67,-203],[-74,-80],[-75,-54],[-19,-41],[-28,-102],[27,-47],[14,-106],[-71,-89],[-55,-123],[-24,-25],[-21,-81],[6,-37],[-21,-168],[24,-35],[-9,-39],[-15,-12],[12,-56],[-30,-32],[-32,-7],[-35,-54],[-29,-22],[-1,-32],[-55,-24],[-45,-68],[12,-50],[54,-4],[-3,-45],[-26,2],[-5,-45],[-34,3],[-5,-49],[32,-44],[45,-5],[10,-50],[-44,-2],[-14,-27],[-6,-66],[2,-101],[13,-12],[14,-129],[24,-60],[27,-35],[35,6],[5,-14],[-31,0],[-14,-15],[23,-28],[-71,-32],[4,-15],[-20,-44],[-37,-16],[-1,21],[-37,-3],[-101,-118],[-39,-19],[-35,-36],[-31,-66],[-32,-115],[-32,-3],[-37,-68],[-47,-43],[-58,-81],[-29,-69],[-23,-74],[-16,-23],[-30,-85]],[[48316,26555],[-119,-12],[-85,39],[26,35],[12,53],[-28,57],[-14,67],[-61,84],[-39,3],[-16,12],[-35,54],[-20,4],[-58,-18],[-75,98],[-32,17],[-35,-14],[-34,16],[-16,-26],[-84,-1],[-34,-29],[-44,-120],[-58,-66],[-47,-27],[-18,11],[-12,75],[35,56],[7,51],[-7,57],[-35,92],[-22,21],[-79,6],[-42,-10],[-54,-25],[-20,46],[-64,-56],[-24,-9],[-23,14],[-28,62],[-5,45],[5,60],[-17,46],[-48,58],[-74,-11],[-64,17],[-34,32],[-16,-2],[-88,-53],[-105,29],[-82,49],[-11,20],[0,132],[-30,52],[17,30],[8,101],[37,38],[-10,44],[35,9],[61,39],[54,21],[46,1],[51,11],[24,33],[-12,23],[-38,14],[1,20],[59,18],[32,31],[-4,36],[-46,8],[31,82],[-12,50],[-68,39],[-103,-4],[-7,21],[29,52],[-11,33],[25,27],[27,235],[19,110],[-2,34],[-28,93],[-147,-21],[-62,-5],[-98,15],[-101,-45],[-12,-60],[7,-133],[-39,37],[-55,15],[-40,61],[-49,15],[-64,-5],[-81,26],[-48,1],[-25,26],[-29,61],[-35,30],[-36,17],[-27,-4],[-44,-39],[-41,-54],[-27,-19],[-50,-8],[-78,3],[-22,-14],[-18,-42],[-77,13],[-78,-74],[-69,20],[-6,-31],[-34,-20],[-1,-33],[-22,-29],[-11,-46],[-13,-15],[-77,-1],[-48,-6],[-19,20],[-20,48],[-37,-13],[-100,28],[-15,17],[-24,69],[-47,83],[-45,65],[-5,53],[19,29],[0,51],[-23,45],[-93,137],[-51,8],[-46,-7],[-72,103],[-22,61],[-56,53],[-24,55],[-21,-1],[-47,-28],[-31,-8],[-79,-49],[-4,-63],[-18,-60],[30,-44],[8,-28],[-14,-75],[29,-25],[0,-28],[-56,-44],[-34,-66],[-53,-30],[-37,34],[-34,51],[-18,44],[-29,17],[-26,35],[-34,6],[-37,-33],[-95,14],[-13,-15],[-27,-135],[-12,-17],[5,-44],[20,-11],[16,-35],[-12,-74],[1,-31],[-18,-39],[-25,-117],[-15,-14],[-28,14],[-22,-4],[-63,11],[-42,26],[-51,0],[-49,-44],[-34,-14],[-33,21],[-33,36]],[[50096,32384],[11,0],[-86,-87],[-6,5],[81,82]],[[48831,27259],[26,37],[25,-8],[-51,-29]],[[48887,27200],[-17,11],[21,25],[13,-12],[-17,-24]],[[49764,55276],[160,-97],[117,-68],[262,-141],[146,-74],[98,-55],[30,-10],[567,29],[38,-16],[-30,-104],[-7,-66],[9,-41],[20,-44],[0,-42],[75,-51],[61,-31],[41,0],[68,-38],[319,-152]],[[51738,54275],[-14,4],[-80,-194],[-30,-48],[-46,-110],[-41,-73],[-35,-74],[-33,-45],[-1,-20],[-49,-108],[-58,-106],[-37,-96],[-31,-50],[-28,-62],[-16,-54],[-25,-36],[-37,-83],[-15,-48],[-37,-74],[-9,-32],[-34,-59],[-18,-53],[-60,-119],[-14,-39],[-20,-19],[0,-26],[-30,-59],[-8,-39],[-206,-476],[-47,-103],[-8,-54],[-23,-49]],[[50648,51871],[-95,22],[-167,45],[-124,20],[-293,54],[-60,0],[-297,93],[-6,42],[-46,12],[-434,70],[-149,20],[-364,56],[-195,32],[-59,-11],[-56,-1],[-69,21],[-18,-30],[-98,40],[-25,-50],[-33,-84]],[[35501,87259],[58,-10],[78,-26],[107,-53],[249,-142],[198,-118],[248,-181],[121,-72],[193,-78],[77,-24],[89,-12],[120,-7],[173,-3],[178,17],[126,18],[138,42],[91,50],[102,71],[130,102],[443,337],[339,264],[258,194],[381,292],[88,60],[164,90],[339,154],[199,81],[154,45],[106,10],[107,-4],[167,-32],[202,-75],[183,-98],[64,-38]],[[32066,85759],[199,101],[289,145],[269,109],[247,84],[242,72],[166,60],[66,32],[79,49],[87,67],[280,234],[223,160],[200,124],[301,148],[95,34],[76,19],[202,27],[314,38],[100,-3]],[[47880,90986],[130,54],[145,73],[316,150],[255,107],[278,94],[188,55],[137,27],[262,16],[285,-11],[152,-12],[132,-35],[385,-159],[89,-30],[166,-34],[86,-3],[152,9],[131,24],[144,46],[97,43],[309,180],[183,104],[160,84]],[[47650,90917],[78,20],[152,49]],[[55931,74499],[-184,2],[-33,3],[-15,22],[-57,2],[-123,19],[-19,-15],[5,-113],[-12,-141],[-156,-95],[74,-120],[20,42],[53,-3],[35,15],[37,2],[20,-39],[-19,-55],[-30,-33],[-53,-27],[-75,-18],[-64,-71],[-54,-93],[-39,-54],[-95,-92],[-36,-59],[-16,-56],[-31,-61],[-32,-105],[-56,-70],[-52,-130],[-42,-47],[-45,-91],[-27,-39],[-39,-41],[-37,-119],[-54,-68],[-23,-84],[-36,-58],[-34,-133],[-19,-48],[-20,-24],[-13,-103],[-20,-79],[-16,-90],[-23,-60],[-15,-66],[2,-82],[27,-99],[-85,24],[-105,-7],[-50,-20],[-223,-38],[-85,-21],[-6,17],[47,14],[-45,152],[-6,44],[19,129],[8,99],[-6,69],[-31,34],[-77,2],[-50,25],[-81,-2],[-12,53],[-27,37],[-72,12],[-25,33]],[[53578,72481],[-33,57],[-44,30],[-6,29],[19,79],[0,31],[-48,64],[11,28],[45,66],[18,41],[-4,41],[-26,62],[9,66],[-15,61],[-17,9],[-78,0],[-61,-15],[-73,-35],[-54,8],[-22,23],[-7,37],[-22,43],[2,29],[-22,40],[-48,27],[-59,73],[-1,91],[32,37],[6,27],[-12,96],[1,78],[-9,35],[-61,16],[-104,9],[-36,-2],[-82,-57],[-43,-11],[-37,8],[-21,28],[-31,86],[-37,30],[-24,81],[-57,37],[-62,50],[-68,70],[-68,83],[-45,39],[-64,11],[-57,-23],[-65,-16],[-94,9],[-29,-2],[-76,12],[-46,23],[-64,64],[-29,43],[-28,76],[-51,66],[-19,58],[13,37],[71,112],[79,53],[70,84],[45,72],[55,139],[124,253],[30,100],[-3,22],[-55,171],[-3,42],[19,73],[2,67],[-6,31],[-72,136],[0,53],[-30,50],[-54,54],[-50,61],[-23,203],[-29,147],[-50,116],[-24,46],[-30,39],[-47,74],[-32,64],[-48,158],[-20,97],[-18,111],[-29,66],[-51,61],[-121,80],[-60,65],[-23,63],[1,164],[-20,130],[-39,90],[-37,166],[34,111],[8,43],[-5,152],[20,75],[46,200],[15,158],[18,95],[-33,15],[-41,-5],[-21,18],[-50,92],[-61,70],[-47,76],[-41,38],[-70,-6],[-119,-3],[-102,-14],[-41,2],[-67,26],[-39,40],[-95,-52],[-118,-20],[-67,-18],[-134,-5],[-16,-21],[42,10],[34,-10],[6,-93],[-53,5],[4,-15],[48,-6],[-31,-82],[-23,-20],[-64,14],[-62,-22],[-68,3],[-67,13],[-71,120],[-37,44],[-47,74],[11,52],[28,23],[0,25],[-24,34],[-45,28],[-3,22],[-73,-5]],[[68014,86688],[113,-23],[279,-45],[213,-42],[785,-118],[341,-76],[367,-99],[179,-66],[110,-32],[288,-103],[246,-116],[288,-173],[486,-316],[179,-142],[252,-192],[273,-221],[162,-188],[238,-311],[85,-120],[146,-257],[79,-157],[88,-189],[30,-82],[52,-171],[75,-219],[68,-235],[35,-136]],[[54704,58723],[-20,-25],[-2,-31],[-80,-119],[-34,-74],[-39,-54],[-65,-126],[-62,-114],[-75,-172],[-17,-98],[0,-35],[26,-56],[24,-27],[20,19],[64,-10],[20,11],[35,-250],[10,1],[22,-162],[-19,-2],[-52,383],[-60,20],[-42,-39],[-15,-41],[48,-36],[-6,-7],[-40,33],[-21,-32],[47,-32],[-6,-8],[-74,3],[14,-86],[137,18],[1,-9],[-166,-21],[21,11],[-8,71],[-28,20],[-29,-6],[-38,27],[-72,5],[-98,-53],[-60,-81],[-41,30],[-7,-21],[-77,-55],[-57,-78],[354,-236],[140,85],[4,-5],[-139,-86],[-6,-9],[-359,244],[-120,-123],[-83,-113],[-6,-21],[18,-49],[-40,-44],[-40,2],[-58,-43],[-67,-103],[-34,-73],[4,-47],[16,-35],[-72,-80],[-34,-22],[-79,-21],[-54,-47],[-55,-76],[-57,-67],[-66,-101],[-33,-63],[-27,-34],[-119,-205],[-106,-159],[-57,-94],[-77,-139],[-61,-101],[-45,-87],[-107,-184],[-52,-82],[-17,-54],[-82,-133],[-32,-67],[-39,-61],[-64,-114],[-12,-31],[-79,-123],[-29,-76],[-23,-31],[-101,-198],[-31,10],[-19,-44]],[[53578,72481],[-22,-17],[-35,6],[-210,-189],[-326,107],[-71,34],[-65,-44],[1,-15],[35,-41],[-493,-331],[-280,-89],[-21,-9],[-131,-276],[-11,-14],[-305,-58],[-51,-12],[-83,-136],[-142,-81],[-130,-40],[-69,-6],[-78,1],[-1,-17],[50,5],[22,-24],[-24,-46],[-13,-46],[-20,-24],[-67,-9],[-112,8],[-16,-16],[-5,-114],[-24,-26],[-94,-27],[-43,-18],[-22,-20],[-33,-81],[7,-26],[34,-14],[8,-24],[-44,-39]],[[61395,66038],[-125,-81],[-57,-48],[-51,-54],[-64,-49],[-80,-70],[-20,-11],[-47,-55],[-187,-177],[-30,-17],[-16,-23],[-45,-37],[-109,-114],[-30,-21],[-33,-41],[-90,-71],[-146,-151],[-58,-41],[-23,-30],[-71,-64],[-15,-26],[-75,-61],[-51,-49],[-58,-63],[1,-7],[-70,-67],[-55,-47],[-34,-46],[-48,-40],[-5,-14],[-71,-72],[-79,-60],[-68,-32],[121,-111],[-4,-5],[-102,98],[-47,-62],[-55,-51],[-36,-21],[-95,-76],[-65,-67],[-82,-68],[-72,-77],[-59,-48],[-15,13],[-33,-25],[-81,-83],[3,-15]],[[45107,40428],[7,62],[45,27],[20,29],[9,40],[20,18],[12,105],[-21,38],[6,42],[58,58],[12,33],[-13,49],[23,84],[8,129],[-12,24],[-73,21],[-55,29],[-60,5],[-16,20],[10,37],[-3,50],[-21,146],[14,42],[35,51],[33,30],[9,72],[-38,8],[8,56],[26,29],[10,45],[53,68],[51,6],[0,64],[21,30],[-9,73],[13,13],[49,1],[33,14],[18,38],[37,39],[6,20],[-11,39],[-33,40],[-13,38],[-43,13],[-6,25],[42,72],[55,68],[7,-29],[-37,-38],[8,-32],[23,-4],[4,-22],[-11,-47],[4,-26],[50,36],[16,-25],[-7,-59],[28,-10],[13,-25],[24,0],[3,39],[-6,102],[-28,85],[12,56],[38,-7],[17,12],[-20,64],[23,40],[-34,72],[9,51],[-161,9],[0,29],[19,126],[-55,30],[-153,26],[-73,18],[-11,-62],[-13,-19],[-76,-17],[-18,6],[-33,43],[9,111],[27,99],[20,34],[30,14],[36,118],[59,-5],[11,58],[18,14],[53,15],[49,96],[15,-8],[25,-62],[47,-58],[49,-23],[63,8],[46,24],[29,35],[24,70],[5,52],[28,25],[99,44],[57,100]],[[45784,43651],[44,-13],[51,-1],[79,25],[134,50],[91,20],[56,-4],[33,-11],[6,85],[35,47],[-8,11],[16,34],[8,93],[57,-1],[4,77],[47,-4],[30,56],[24,29],[22,-24],[101,-12],[156,-30],[4,71],[38,19],[-9,88],[28,-2],[24,150],[360,-68],[-8,37],[-48,87],[179,2],[182,-11],[53,42],[94,-13],[28,-11],[-23,-136],[182,6],[3,-96],[122,12],[28,45],[223,112],[3,104],[81,3],[-3,82],[140,2],[14,-98],[114,3],[3,-186],[-17,-53],[-73,-3],[-36,-81],[22,-7],[-16,-55],[35,-6],[17,42],[92,-2],[-15,-63],[-30,-62],[250,-164],[44,-23],[27,-2]],[[48882,43843],[19,-4],[15,-58],[88,-6],[-2,-67],[-12,-19],[-12,50],[-44,-3],[-31,-12],[-31,-28],[-29,-61],[-26,-82],[-10,-87],[1,-47],[16,-39],[75,10],[-15,-22],[-69,1],[-6,-91],[17,-122],[18,-35],[46,-37],[43,-1],[31,14],[0,-108],[-12,0],[-7,47],[-66,0],[-36,-32],[-42,-76],[-15,-45],[-9,-57],[5,-33],[-2,-149],[15,-96],[-5,-95],[16,-93],[45,-93],[24,-4],[-38,-52],[-30,-90],[-7,-74],[6,-113],[10,-46],[2,-56],[13,-89],[12,-39],[26,-44],[112,5],[2,-58],[-14,3],[-3,35],[-50,-2],[-39,-31],[-19,-28],[-22,-73],[9,-76],[-5,-80],[5,-60],[19,-141],[25,-60],[36,-48],[120,10],[1,-5],[-126,-10],[-29,-83],[-10,-57],[-2,-78],[21,-79],[16,-27],[87,12],[1,-4],[-88,-12],[-14,-64],[6,-95],[-3,-31],[6,-102],[10,-32],[66,-128],[48,-73],[118,18],[1,-5],[-109,-17],[-50,-122],[37,-230],[91,14],[1,-5],[-93,-15],[13,-88],[26,-130],[14,-88],[13,-46],[80,31],[6,-21],[-85,-17],[32,-101],[38,-107],[29,-66],[51,-80],[32,-34]],[[43522,44654],[69,-59],[87,-34],[115,-87],[53,-45],[49,-29],[75,-25],[100,-17],[89,-27],[243,-91],[25,66],[9,62],[90,71],[69,16],[62,-6],[116,-26],[50,116],[52,58],[55,52],[69,14],[44,-24],[126,-97],[26,-56],[1,-84],[-19,-31],[-37,-34],[-42,-22],[6,-36],[-34,-134],[44,-14],[68,-35],[116,-67],[62,-42],[72,-57],[211,-178],[103,-80],[38,-21]],[[39816,37527],[-45,-2],[-33,28],[-26,44],[-28,24],[6,64],[-43,19],[-71,7],[-108,-9],[-42,-44],[-147,-39],[-14,-87],[-76,4],[-21,9],[-54,80],[-5,32],[-26,83],[-25,56],[-49,46],[-20,5],[-40,-17],[-23,25],[4,52],[-15,62],[-31,3],[-95,-39],[-19,9],[-18,51],[-19,31],[-54,5],[-16,-11],[-49,-62],[-63,-25],[-27,-26],[-66,-28],[-9,58],[-24,20],[-18,43],[-31,34],[-19,73],[-49,29],[-12,71],[15,80],[-19,54],[24,63],[10,70],[-8,56]],[[38318,38528],[23,54],[-4,72],[41,57],[17,89],[24,50],[20,83],[-31,77],[-4,25],[-23,32],[-3,29],[14,66],[-3,53],[14,57],[-10,85],[-25,41],[-7,47],[44,65],[-18,60],[-9,57],[5,43],[21,14],[57,13],[-13,39],[18,50],[2,61],[46,4],[51,21],[56,-45],[65,-33],[34,9],[27,33],[48,37],[71,112],[16,43],[46,24],[29,49],[25,110],[50,12],[15,17],[35,70],[26,38],[0,43],[47,43],[18,56],[-3,38],[91,57],[27,46],[40,41],[36,72],[-10,92],[48,11],[38,26],[30,36],[40,27],[11,22],[11,59],[-13,25],[7,32],[22,29],[-6,62],[37,71],[40,21],[4,50],[26,20],[23,36],[20,6],[3,35],[28,16],[56,4],[84,30],[10,18],[32,15],[-5,41],[-18,69],[25,38],[6,35],[17,21],[34,77],[44,4],[32,-22],[0,-69],[79,-45],[74,-11],[33,2],[51,19],[39,-49],[20,-14],[47,2],[68,23],[27,66],[25,33],[60,42],[34,11],[96,45],[53,-3],[29,-34],[45,-32],[25,8],[50,71],[28,25],[70,-1],[46,37],[26,4],[99,-61],[75,-16],[35,10],[34,30],[36,49],[50,-26],[59,18],[47,27],[17,25],[40,18],[62,-30],[70,16],[17,16],[122,41],[44,38],[63,9],[25,28],[30,-29],[64,-47],[46,-11],[129,-62],[114,-25],[48,39],[30,11],[80,59],[-25,161],[88,68],[45,26],[52,2],[-4,66],[12,45],[51,69],[12,25],[-52,37],[20,95],[-14,48],[-20,39],[-42,22],[-40,52],[-18,43],[17,67],[-44,77],[-19,21],[-1,81],[-34,28],[-11,36],[-1,51],[-52,57],[-7,77],[14,63],[29,59],[-47,14],[-66,60],[5,21],[25,8],[47,-26],[49,9],[30,32],[22,-31],[42,7],[33,30],[43,26],[35,71],[-14,27],[-37,11],[-41,66],[-19,20]],[[43692,46007],[40,-66],[98,-145],[38,-77],[49,-80],[-170,-72],[-34,7],[-199,191],[-81,-56],[-91,99]],[[45571,48428],[342,10],[-3,65],[211,4],[0,-40],[44,-30],[80,1],[0,77],[71,-3],[3,-62],[99,2],[65,-17],[9,-54],[36,-2],[13,46],[72,-17],[22,39],[48,-2],[104,-17],[4,-65],[44,-6],[2,-85],[189,-16],[-2,-80],[35,-1],[2,48],[66,-2],[170,-14],[251,-41],[-54,-319],[-23,1],[-20,-35],[22,-26],[16,-43],[29,-2],[-11,-103],[-13,-1],[1,-76],[64,-8],[28,-40],[50,-6],[65,-22],[60,-41],[56,-20],[131,-78],[40,-12],[99,-21],[330,-59],[31,-20],[189,-38],[19,-10],[576,-107]],[[49233,47080],[-13,-46],[91,-18],[-68,9],[-30,-62],[-7,-41],[-32,-82],[-17,-138],[-66,-145],[-18,-80],[-5,-68],[-20,-59],[-19,-102],[-7,-82],[9,-63],[-5,-33],[16,-63],[79,-10],[0,-5],[-84,10],[-27,-54],[-29,-129],[-12,-32],[0,-52],[-23,-120],[-24,-185],[-9,-23],[-5,-91],[-20,-136],[-10,-90],[-7,-116],[-2,-105],[22,-28],[-45,-160],[-6,-316],[6,-17],[86,-3],[0,-6],[-81,3],[-12,-119],[0,-139],[28,-84],[29,-60],[11,-45],[-3,-39],[-22,-13]],[[46984,47585],[-4,-125],[68,-8],[22,151],[-52,10],[-34,-28]],[[50648,51871],[-17,-29],[-85,-209],[-36,-106],[-43,-99],[-12,-16],[-35,-89],[-35,-137],[-34,-106],[-52,-107],[-29,-104],[-20,-49],[-23,-86],[-35,-95],[-33,-70],[-60,-215],[-37,-85],[-13,-56],[-20,-48],[-34,-106],[-18,-67],[-26,-62],[-73,-106],[104,6],[1,-4],[-103,-6],[4,-30],[-13,-77],[-41,-140],[-25,-112],[-12,-34],[-29,-151],[-60,-162],[-8,-45],[-25,-62],[-53,-172],[-22,-119],[-6,-55],[-15,-69],[-28,-164],[-40,-172],[-29,-94],[-57,-228],[-51,-185],[-59,-242],[-11,-64],[-22,-204],[-36,-83],[-9,-76]],[[38953,47650],[-32,90],[-15,63],[-22,40],[-41,24],[-99,26],[-85,15],[-70,-1],[-117,-49],[-98,0],[-120,25],[-49,-3],[-140,11],[-86,-6],[-99,-24],[-117,25],[-38,2],[-38,-14],[-37,-47],[-90,-4],[-28,-21],[-27,0],[-39,17],[-94,-14],[-14,-42],[-44,-26],[-13,-20],[-8,-50],[-29,-3],[-49,-27],[-44,4],[-42,-34],[8,-44],[-16,-19],[-57,-8],[-47,-53],[-52,-45],[-5,-31],[-49,-22],[-59,-10],[-15,-11],[-71,-95],[-37,-28],[-41,26],[-20,-9],[-49,-71],[-107,-59],[-53,-10],[-72,12],[-42,39],[-53,10],[-50,45],[-50,-22],[-61,7],[-54,-59],[-32,-12],[-60,-4],[-29,10],[-29,43],[-33,9],[-50,-46],[-42,16],[-24,-14],[-70,-61],[-57,-1],[-42,-31],[-38,-109],[-27,-57],[6,-33],[-22,-25],[7,-24],[-17,-23],[-17,-61],[21,-58],[-1,-62],[-15,-33],[-38,-41],[-81,-7],[-19,-24],[-3,-27],[30,-80],[-1,-46],[11,-25],[36,-28],[47,-23],[20,-27],[-31,-118],[-22,-108],[-21,-58],[-4,-60],[-59,-24],[-31,-83],[-64,-69],[-24,-49],[-7,-33],[-43,8],[-53,-21],[-44,20],[-20,-1],[-33,-23],[-45,-72],[-33,-10],[-21,27],[-23,59],[-33,55],[-15,47],[6,41],[-35,105],[-14,16],[-50,-83],[-78,-33],[-71,4],[-51,-7],[-22,-15],[-20,-38],[1,-31],[-20,-31],[-31,-13],[-26,-56],[-10,-40],[-4,-67],[-37,-78],[-71,-63],[-17,-45],[-54,-66],[-3,-34],[15,-79],[-29,-112],[22,-31],[10,-44],[47,-59],[69,-115],[1,-29],[-14,-31],[68,-118],[25,-24]],[[38318,38528],[-61,42],[-24,7],[-64,-71],[-59,-42],[-49,65],[-62,113],[-21,29],[-33,104],[-11,13],[-21,-20],[-74,-23],[-29,-46],[-25,-23],[-27,-7],[-43,15],[-57,-71],[-52,-30],[3,-35],[-54,-3],[-19,-23],[-52,-33],[-20,6],[-34,40],[-54,2],[-39,23],[-138,-135],[-89,-11],[-51,16],[-66,-1],[-41,-30],[-31,-61],[-64,-21],[-33,-47],[-29,-28],[-46,-114],[-51,-55],[-80,-62],[-56,-84],[-69,-27],[-123,-69]],[[48316,26555],[-9,-103],[-1,-67],[18,-38],[-4,-61],[-23,-61],[-19,-27],[0,-47],[12,-25],[-14,-21],[-13,13],[-27,-5],[-32,10],[1,19],[-32,2],[-57,-66],[2,-25],[-19,5],[-11,-52],[-15,-6],[13,-35],[-32,-14],[-27,-47],[8,-26],[-111,-19],[-75,-59],[-27,-6],[3,-16],[-50,-70],[-30,-80],[5,-51],[19,-9],[-21,-36],[-73,-59],[-74,-3],[-2,-22],[-55,-44],[3,-35],[-28,-20],[-15,44],[-41,6],[-51,-18],[-36,-32],[-38,-10],[-40,18],[-10,23],[-112,-12],[-130,-36],[-125,-53],[0,6],[111,51],[7,19],[-101,67],[-116,56],[-33,-77],[101,-44],[0,-12],[-112,50],[42,99],[-6,16],[-45,37],[-67,35],[-140,49],[-117,8],[-30,15],[-69,-16],[-122,-15],[-112,-2],[-36,-7],[-134,-1],[-42,-23],[-106,-45],[-55,-30],[-82,-66],[39,-37],[-49,-73],[-1,8],[42,64],[-42,40],[-16,-38],[-29,-41],[18,-26],[-28,11],[-50,-114],[41,-16],[-20,-17],[-14,-35],[8,-35],[-32,-32],[-54,-21]],[[45646,25068],[12,-15],[-48,-19],[36,34]],[[7226,18153],[-16,14],[-201,47],[-22,-13],[-116,-22],[-27,-9],[-196,-12],[-47,10],[-25,29],[19,35],[24,4],[35,27],[10,53],[77,20],[-8,43],[-20,-7],[-34,27],[-40,-10],[3,-20],[-46,-20],[2,-31],[-18,18],[-6,-25],[-47,-10],[-7,-30],[-23,16],[-33,-5],[-16,-31],[-30,-4],[-17,22],[-37,-12],[-62,3],[-14,23],[33,1],[54,37],[1,19],[23,32],[98,33],[-28,34],[36,48],[84,48],[-4,18],[-78,-23],[-4,29],[42,23],[45,42],[8,19],[-7,76],[-15,23],[-88,-2],[-47,-25],[-2,-19],[-35,9],[21,38],[-20,40],[-65,4],[-11,43],[-19,-14],[9,77],[17,0],[35,-40],[44,-1],[62,22],[3,87],[-11,30],[-22,12],[2,41],[158,-5],[29,49],[3,42],[-79,-6],[-1,25],[78,3],[-1,41],[-93,-4],[-1,36],[22,12],[-21,51],[9,12],[-77,61],[-35,-44],[50,-42],[13,-19],[4,-82],[-5,-3],[-5,83],[-63,61],[-57,82],[-51,26],[5,12],[66,-3],[82,65],[65,34],[59,63],[28,64],[21,99],[-13,107],[-97,50],[1,3],[95,-48],[19,23],[34,-18],[27,-29],[34,10],[46,43],[-25,29],[29,27],[38,-45],[21,19],[38,70],[13,66],[-5,39],[-21,42],[26,-1],[-6,27],[-39,3],[-5,-48],[-9,1],[5,56],[41,-2],[-16,59],[-29,-3],[-16,41],[50,11],[8,18],[48,23],[80,-13],[36,27],[16,-12],[37,5],[30,20],[34,42],[31,80],[25,24],[14,40],[-14,38],[-50,16],[-9,33],[34,22],[-25,5],[16,188],[-50,122],[41,-1],[72,-90],[180,-25],[7,38],[19,32],[-6,82],[6,9],[-169,-14],[-4,41],[94,8],[-8,89],[24,2],[-17,35],[-3,52],[-12,19],[-57,-3],[-1,-33],[-98,-33],[22,-57],[-8,-2],[-30,67],[22,47],[31,12],[0,135],[28,-18],[13,-40],[35,11],[-13,39],[9,33],[-20,123],[-43,107],[12,1],[-123,215],[-50,76],[-88,147],[-71,87],[-84,83],[-78,46],[-15,16],[14,26],[-16,11],[39,53],[17,64],[-21,111],[-15,41],[-60,54],[-28,49],[-40,94],[-41,56],[-24,-1],[-14,26],[-28,-2],[-85,34],[2,11],[-49,32],[-111,18],[-17,15],[-77,13],[-75,2],[-69,35],[-4,11],[-59,22],[-53,1],[-92,42],[-81,19],[-7,14],[29,5],[71,-10],[12,10]],[[5680,18964],[-13,-17],[-27,13],[-21,56],[-15,7],[-64,-43],[-31,81],[3,51],[16,48],[42,2],[50,54],[51,6],[14,-14],[15,-47],[29,27],[-10,-67],[15,-27],[-29,-4],[-11,-32],[-8,-80],[-6,-14]],[[6896,20381],[32,-34],[-2,-18],[-42,-20],[-42,6],[-14,30],[1,29],[45,18],[22,-11]],[[5709,18923],[15,-26],[-41,-25],[-25,26],[2,27],[17,18],[32,-20]],[[6273,19492],[10,-7],[-20,-37],[-43,41],[15,26],[38,-23]],[[6298,18872],[9,-11],[-27,-23],[-16,8],[-4,38],[16,10],[22,-22]],[[6316,18758],[-37,-4],[25,21],[4,27],[21,-27],[-13,-17]],[[6774,21382],[-12,35],[15,7],[17,-30],[-20,-12]],[[5748,18910],[27,19],[9,-14],[-20,-17],[-16,12]]],"transform":{"scale":[0.00001335403070590852,0.00001103168061609464],"translate":[139.73957003,34.89939624]},"objects":{"city":{"type":"GeometryCollection","geometries":[{"arcs":[[0,1,2]],"type":"Polygon","properties":{"N03_001":"千葉県","N03_004":"所属未定地","PREF_CODE":"12","MERGED_CODE":"12000","N03_007":"12000"},"id":"12000"},{"arcs":[[[3,4,5,6,7,8,9,10,11,12,13],[17],[18]],[[14]],[[15]],[[16]]],"type":"MultiPolygon","properties":{"N03_001":"千葉県","N03_004":"千葉市","PREF_CODE":"12","MERGED_CODE":"12100","N03_007":"12100"},"id":"12100"},{"arcs":[[[19,20,21]],[[22]],[[23]],[[24]],[[25]],[[26]],[[27]],[[28]],[[29]],[[30]],[[31]],[[32]],[[33]],[[34]],[[35]]],"type":"MultiPolygon","properties":{"N03_001":"千葉県","N03_004":"銚子市","PREF_CODE":"12","MERGED_CODE":"12202","N03_007":"12202"},"id":"12202"},{"arcs":[[[36,37,38,39,40,41]],[[-1,42,43]],[[44]]],"type":"MultiPolygon","properties":{"N03_001":"千葉県","N03_004":"市川市","PREF_CODE":"12","MERGED_CODE":"12203","N03_007":"12203"},"id":"12203"},{"arcs":[[[-41,45,46,47,48,49]],[[-2,-44,50]],[[51]],[[52]],[[53]],[[54]]],"type":"MultiPolygon","properties":{"N03_001":"千葉県","N03_004":"船橋市","PREF_CODE":"12","MERGED_CODE":"12204","N03_007":"12204"},"id":"12204"},{"arcs":[[[55,56]],[[57]],[[58]],[[59]],[[60]],[[61]],[[62]],[[63]],[[64]],[[65]],[[66]],[[67]],[[68]],[[69]],[[70]],[[71]],[[72]],[[73]],[[74]],[[75]],[[76]],[[77]],[[78]],[[79]],[[80]],[[81]],[[82]],[[83]],[[84]],[[85]],[[86]],[[87]],[[88]],[[89]]],"type":"MultiPolygon","properties":{"N03_001":"千葉県","N03_004":"館山市","PREF_CODE":"12","MERGED_CODE":"12205","N03_007":"12205"},"id":"12205"},{"arcs":[[[90,91,92,93]],[[94]],[[95]],[[96]],[[97]],[[98]],[[99]],[[100]]],"type":"MultiPolygon","properties":{"N03_001":"千葉県","N03_004":"木更津市","PREF_CODE":"12","MERGED_CODE":"12206","N03_007":"12206"},"id":"12206"},{"arcs":[[101,102,103,104,-39,105]],"type":"Polygon","properties":{"N03_001":"千葉県","N03_004":"松戸市","PREF_CODE":"12","MERGED_CODE":"12207","N03_007":"12207"},"id":"12207"},{"arcs":[[106,107,108,109]],"type":"Polygon","properties":{"N03_001":"千葉県","N03_004":"野田市","PREF_CODE":"12","MERGED_CODE":"12208","N03_007":"12208"},"id":"12208"},{"arcs":[[[-13,110,111,112,113,114,115,116,117,118]],[[119]],[[-19]]],"type":"MultiPolygon","properties":{"N03_001":"千葉県","N03_004":"茂原市","PREF_CODE":"12","MERGED_CODE":"12210","N03_007":"12210"},"id":"12210"},{"arcs":[[120,121,122,123,124,125,126,127,128]],"type":"Polygon","properties":{"N03_001":"千葉県","N03_004":"成田市","PREF_CODE":"12","MERGED_CODE":"12211","N03_007":"12211"},"id":"12211"},{"arcs":[[[-7,129,130,131,132,-9,133]],[[134]]],"type":"MultiPolygon","properties":{"N03_001":"千葉県","N03_004":"佐倉市","PREF_CODE":"12","MERGED_CODE":"12212","N03_007":"12212"},"id":"12212"},{"arcs":[[[-11,135,136,137,138,139,140],[146],[147],[148],[149],[150]],[[141]],[[142]],[[143]],[[144]],[[145]]],"type":"MultiPolygon","properties":{"N03_001":"千葉県","N03_004":"東金市","PREF_CODE":"12","MERGED_CODE":"12213","N03_007":"12213"},"id":"12213"},{"arcs":[[[-21,151,152,153,154]],[[155]],[[156]]],"type":"MultiPolygon","properties":{"N03_001":"千葉県","N03_004":"旭市","PREF_CODE":"12","MERGED_CODE":"12215","N03_007":"12215"},"id":"12215"},{"arcs":[[-5,157,-49,158]],"type":"Polygon","properties":{"N03_001":"千葉県","N03_004":"習志野市","PREF_CODE":"12","MERGED_CODE":"12216","N03_007":"12216"},"id":"12216"},{"arcs":[[159,160,161,162,163,-104,164,-108,165],[166]],"type":"Polygon","properties":{"N03_001":"千葉県","N03_004":"柏市","PREF_CODE":"12","MERGED_CODE":"12217","N03_007":"12217"},"id":"12217"},{"arcs":[[[167,168,169,170,171],[183],[184]],[[172]],[[173]],[[174]],[[175]],[[176]],[[177]],[[178]],[[179]],[[180]],[[181]],[[182]]],"type":"MultiPolygon","properties":{"N03_001":"千葉県","N03_004":"勝浦市","PREF_CODE":"12","MERGED_CODE":"12218","N03_007":"12218"},"id":"12218"},{"arcs":[[[-14,-119,185,186,187,188,-92,189,190]],[[191]],[[-18]],[[192]],[[193]],[[194]],[[195]]],"type":"MultiPolygon","properties":{"N03_001":"千葉県","N03_004":"市原市","PREF_CODE":"12","MERGED_CODE":"12219","N03_007":"12219"},"id":"12219"},{"arcs":[[196,-109,-165,-103]],"type":"Polygon","properties":{"N03_001":"千葉県","N03_004":"流山市","PREF_CODE":"12","MERGED_CODE":"12220","N03_007":"12220"},"id":"12220"},{"arcs":[[-6,-159,-48,197,198,-130]],"type":"Polygon","properties":{"N03_001":"千葉県","N03_004":"八千代市","PREF_CODE":"12","MERGED_CODE":"12221","N03_007":"12221"},"id":"12221"},{"arcs":[[[199,200,-161]],[[-167]]],"type":"MultiPolygon","properties":{"N03_001":"千葉県","N03_004":"我孫子市","PREF_CODE":"12","MERGED_CODE":"12222","N03_007":"12222"},"id":"12222"},{"arcs":[[[-168,201,202,203,204,205,206]],[[207]],[[208]],[[209]],[[210]],[[211]],[[212]],[[213]],[[214]],[[215]],[[216]],[[217]],[[218]],[[219]],[[220]],[[221]],[[222]],[[223]],[[224]],[[225]],[[226]],[[227]],[[228]],[[229]],[[230]],[[231]],[[232]],[[233]],[[234]],[[235]],[[236]],[[237]],[[238]],[[239]],[[240]],[[241]],[[242]],[[243]],[[244]],[[245]],[[246]],[[247]],[[248]],[[249]],[[250]]],"type":"MultiPolygon","properties":{"N03_001":"千葉県","N03_004":"鴨川市","PREF_CODE":"12","MERGED_CODE":"12223","N03_007":"12223"},"id":"12223"},{"arcs":[[-40,-105,-164,251,-46],[-52],[-53]],"type":"Polygon","properties":{"N03_001":"千葉県","N03_004":"鎌ケ谷市","PREF_CODE":"12","MERGED_CODE":"12224","N03_007":"12224"},"id":"12224"},{"arcs":[[[-93,-189,252,-206,253,254]],[[255]],[[256]],[[257]],[[258]]],"type":"MultiPolygon","properties":{"N03_001":"千葉県","N03_004":"君津市","PREF_CODE":"12","MERGED_CODE":"12225","N03_007":"12225"},"id":"12225"},{"arcs":[[[-205,259,260,-254],[-256],[-259]],[[261]],[[262]],[[263]],[[264]],[[265]],[[266]],[[267]]],"type":"MultiPolygon","properties":{"N03_001":"千葉県","N03_004":"富津市","PREF_CODE":"12","MERGED_CODE":"12226","N03_007":"12226"},"id":"12226"},{"arcs":[[-37,268]],"type":"Polygon","properties":{"N03_001":"千葉県","N03_004":"浦安市","PREF_CODE":"12","MERGED_CODE":"12227","N03_007":"12227"},"id":"12227"},{"arcs":[[-8,-134]],"type":"Polygon","properties":{"N03_001":"千葉県","N03_004":"四街道市","PREF_CODE":"12","MERGED_CODE":"12228","N03_007":"12228"},"id":"12228"},{"arcs":[[-91,269,-190]],"type":"Polygon","properties":{"N03_001":"千葉県","N03_004":"袖ケ浦市","PREF_CODE":"12","MERGED_CODE":"12229","N03_007":"12229"},"id":"12229"},{"arcs":[[[-10,-133,270,271,272,-138,273,-136]],[[274]]],"type":"MultiPolygon","properties":{"N03_001":"千葉県","N03_004":"八街市","PREF_CODE":"12","MERGED_CODE":"12230","N03_007":"12230"},"id":"12230"},{"arcs":[[275,276,-128,277,-131,-199,278,-162,-201],[279]],"type":"Polygon","properties":{"N03_001":"千葉県","N03_004":"印西市","PREF_CODE":"12","MERGED_CODE":"12231","N03_007":"12231"},"id":"12231"},{"arcs":[[-47,-252,-163,-279,-198]],"type":"Polygon","properties":{"N03_001":"千葉県","N03_004":"白井市","PREF_CODE":"12","MERGED_CODE":"12232","N03_007":"12232"},"id":"12232"},{"arcs":[[-126,280,281,-272,282],[-275]],"type":"Polygon","properties":{"N03_001":"千葉県","N03_004":"富里市","PREF_CODE":"12","MERGED_CODE":"12233","N03_007":"12233"},"id":"12233"},{"arcs":[[[-57,283,284,-203,285]],[[286]],[[287]],[[288]],[[289]],[[290]],[[291]],[[292]],[[293]],[[294]],[[295]],[[296]],[[297]],[[298]],[[299]],[[300]],[[301]],[[302]],[[303]],[[304]],[[305]],[[306]],[[307]],[[308]],[[309]],[[310]],[[311]],[[312]],[[313]],[[314]],[[315]],[[316]],[[317]],[[318]],[[319]],[[320]],[[321]],[[322]],[[323]],[[324]],[[325]],[[326]],[[327]],[[328]],[[329]],[[330]],[[331]],[[332]],[[333]],[[334]],[[335]],[[336]],[[337]],[[338]],[[339]],[[340]],[[341]],[[342]],[[343]],[[344]],[[345]],[[346]]],"type":"MultiPolygon","properties":{"N03_001":"千葉県","N03_004":"南房総市","PREF_CODE":"12","MERGED_CODE":"12234","N03_007":"12234"},"id":"12234"},{"arcs":[[[-153,347,348,349,350]],[[351]]],"type":"MultiPolygon","properties":{"N03_001":"千葉県","N03_004":"匝瑳市","PREF_CODE":"12","MERGED_CODE":"12235","N03_007":"12235"},"id":"12235"},{"arcs":[[352,353,-154,-351,354,-123,355,356]],"type":"Polygon","properties":{"N03_001":"千葉県","N03_004":"香取市","PREF_CODE":"12","MERGED_CODE":"12236","N03_007":"12236"},"id":"12236"},{"arcs":[[[-139,-273,-282,357,358,359,360],[-143],[-146]],[[-150],[-144],[-145]],[[-151]],[[-137,-274]],[[-149]]],"type":"MultiPolygon","properties":{"N03_001":"千葉県","N03_004":"山武市","PREF_CODE":"12","MERGED_CODE":"12237","N03_007":"12237"},"id":"12237"},{"arcs":[[[-170,361,362,363,364,365]],[[366]],[[367]],[[368]]],"type":"MultiPolygon","properties":{"N03_001":"千葉県","N03_004":"いすみ市","PREF_CODE":"12","MERGED_CODE":"12238","N03_007":"12238"},"id":"12238"},{"arcs":[[-12,-141,369,370,371,-111],[-16],[-120],[-142]],"type":"Polygon","properties":{"N03_001":"千葉県","N03_004":"大網白里市","PREF_CODE":"12","MERGED_CODE":"12239","N03_007":"12239"},"id":"12239"},{"arcs":[[-127,-283,-271,-132,-278],[-135]],"type":"Polygon","properties":{"N03_001":"千葉県","N03_004":"酒々井町","PREF_CODE":"12","MERGED_CODE":"12322","N03_007":"12322"},"id":"12322"},{"arcs":[[[372,-129,-277,373]],[[-280]]],"type":"MultiPolygon","properties":{"N03_001":"千葉県","N03_004":"栄町","PREF_CODE":"12","MERGED_CODE":"12329","N03_007":"12329"},"id":"12329"},{"arcs":[[374,-356,-122,375]],"type":"Polygon","properties":{"N03_001":"千葉県","N03_004":"神崎町","PREF_CODE":"12","MERGED_CODE":"12342","N03_007":"12342"},"id":"12342"},{"arcs":[[-124,-355,-350,376,377]],"type":"Polygon","properties":{"N03_001":"千葉県","N03_004":"多古町","PREF_CODE":"12","MERGED_CODE":"12347","N03_007":"12347"},"id":"12347"},{"arcs":[[378,-22,-155,-354],[-156],[-157]],"type":"Polygon","properties":{"N03_001":"千葉県","N03_004":"東庄町","PREF_CODE":"12","MERGED_CODE":"12349","N03_007":"12349"},"id":"12349"},{"arcs":[[[-140,-361,379,-370]],[[-147]],[[-148]]],"type":"MultiPolygon","properties":{"N03_001":"千葉県","N03_004":"九十九里町","PREF_CODE":"12","MERGED_CODE":"12403","N03_007":"12403"},"id":"12403"},{"arcs":[[-125,-378,380,-358,-281]],"type":"Polygon","properties":{"N03_001":"千葉県","N03_004":"芝山町","PREF_CODE":"12","MERGED_CODE":"12409","N03_007":"12409"},"id":"12409"},{"arcs":[[-349,381,-359,-381,-377],[-352]],"type":"Polygon","properties":{"N03_001":"千葉県","N03_004":"横芝光町","PREF_CODE":"12","MERGED_CODE":"12410","N03_007":"12410"},"id":"12410"},{"arcs":[[-364,382,383,384]],"type":"Polygon","properties":{"N03_001":"千葉県","N03_004":"一宮町","PREF_CODE":"12","MERGED_CODE":"12421","N03_007":"12421"},"id":"12421"},{"arcs":[[[-116,385,-383,-363,386,387]],[[-114,388]]],"type":"MultiPolygon","properties":{"N03_001":"千葉県","N03_004":"睦沢町","PREF_CODE":"12","MERGED_CODE":"12422","N03_007":"12422"},"id":"12422"},{"arcs":[[-113,389,390,-384,-386,-115,-389],[391]],"type":"Polygon","properties":{"N03_001":"千葉県","N03_004":"長生村","PREF_CODE":"12","MERGED_CODE":"12423","N03_007":"12423"},"id":"12423"},{"arcs":[[[-112,-372,392,-390]],[[-392]]],"type":"MultiPolygon","properties":{"N03_001":"千葉県","N03_004":"白子町","PREF_CODE":"12","MERGED_CODE":"12424","N03_007":"12424"},"id":"12424"},{"arcs":[[-118,393,-186]],"type":"Polygon","properties":{"N03_001":"千葉県","N03_004":"長柄町","PREF_CODE":"12","MERGED_CODE":"12426","N03_007":"12426"},"id":"12426"},{"arcs":[[-117,-388,394,-187,-394]],"type":"Polygon","properties":{"N03_001":"千葉県","N03_004":"長南町","PREF_CODE":"12","MERGED_CODE":"12427","N03_007":"12427"},"id":"12427"},{"arcs":[[[-169,-207,-253,-188,-395,-387,-362]],[[-185]],[[-184]]],"type":"MultiPolygon","properties":{"N03_001":"千葉県","N03_004":"大多喜町","PREF_CODE":"12","MERGED_CODE":"12441","N03_007":"12441"},"id":"12441"},{"arcs":[[[-171,-366,395]],[[396]]],"type":"MultiPolygon","properties":{"N03_001":"千葉県","N03_004":"御宿町","PREF_CODE":"12","MERGED_CODE":"12443","N03_007":"12443"},"id":"12443"},{"arcs":[[[-204,-285,397,-260]],[[398]],[[399]],[[400]],[[401]],[[402]],[[403]],[[404]],[[405]]],"type":"MultiPolygon","properties":{"N03_001":"千葉県","N03_004":"鋸南町","PREF_CODE":"12","MERGED_CODE":"12463","N03_007":"12463"},"id":"12463"}]}}}