{"type":"Topology","arcs":[[[402718,1145053],[-56,61],[-33,24],[-28,50],[-43,7],[-8,-26],[-25,8],[-10,68],[-19,-8],[-43,40],[-4,30],[39,25],[-32,38],[54,-27],[11,20],[-44,47],[-33,3],[-11,23],[60,-5],[7,21],[33,-12],[34,31],[33,74],[0,53],[19,58],[-31,37],[35,-15],[17,30],[-5,32],[-22,17],[36,23],[35,-1],[13,27],[38,19],[66,105],[20,60],[-5,29],[41,39],[-12,51],[41,8],[17,50],[37,48],[8,39],[35,3],[4,44],[49,27],[13,52],[36,-7],[20,48],[34,5],[17,32],[16,-23],[117,15],[36,39],[31,10],[19,-34],[88,30],[96,11],[24,66],[3,46],[22,27],[13,-16],[25,24],[42,-19],[73,10],[3,22],[41,-8],[36,12],[38,34],[42,-10],[18,14],[44,-7],[15,16],[35,-22],[43,-2],[20,30],[25,-27],[28,-2],[34,21],[20,-28],[29,3],[72,-31],[-1,-34],[36,-15],[35,23],[44,-15],[27,-45],[14,-48],[38,-4],[2,-39],[42,-34],[28,1],[52,-22],[71,-87],[14,-34],[55,-66],[114,-116],[25,-56],[41,-44],[52,-77],[42,-101],[77,-124],[10,-28],[-4,-82],[-17,-67],[-43,-111],[-23,-98],[15,-67],[-11,-46],[26,-103],[-8,-29],[-31,-9],[-31,-48],[-61,-189],[-3,-41],[-60,-101],[-49,-66],[-16,-71],[9,-13],[-30,-48],[-1,-33],[-64,-17],[-18,-24],[13,-36],[-18,-15],[-68,-22],[-36,-68],[-52,6],[-63,-19],[-53,14],[-34,-16],[-90,-3],[-87,-20],[-117,-14],[-77,-30],[-199,-105],[-66,-12],[-63,9],[-126,-3],[-27,30],[-54,31],[-155,113],[-40,61],[-152,137],[-43,58],[-85,87],[-33,44],[-76,71],[-56,38],[-17,-2],[-49,144],[-4,58],[-57,86]],[[356582,1726094],[561,364],[-582,856]],[[356561,1727314],[174,112]],[[356735,1727426],[263,-385],[254,-375],[66,-93],[298,193],[56,36],[313,203],[426,276],[197,121]],[[358608,1727402],[185,-346],[271,-498],[34,-67],[-1189,-769],[286,-418],[521,337],[6,-8],[-530,-343],[-291,427],[-573,-371],[-22,-17],[-472,586],[-252,179]],[[360371,1734207],[462,-21],[-6,-123],[-86,-1429],[3,-15]],[[360744,1732619],[-808,25]],[[359936,1732644],[37,562],[25,179],[10,143],[20,8],[16,56],[15,152],[-4,74],[31,12],[25,306],[9,4],[5,79],[246,-12]],[[379888,1254177],[31,8],[29,30],[24,-78],[-16,-35],[34,-91],[44,-49],[-46,-27],[-72,4],[-17,48],[-14,75],[3,115]],[[407720,1066789],[-16,16],[23,38],[31,4],[28,-29],[-19,-24],[-47,-5]],[[359004,1725816],[-185,-121],[-5,8],[185,121],[5,-8]],[[402443,1145512],[15,9],[43,-34],[-58,25]],[[367223,1305060],[-5,-43],[-18,12],[23,31]],[[346259,1750342],[192,-138],[337,-288],[195,-148],[195,-100],[181,-58],[53,-7],[261,-6],[137,3],[334,-2],[175,-14],[141,-41],[115,-59],[29,-21],[25,-56],[61,-210],[55,-90],[71,-37],[44,2],[159,23],[111,40],[219,95],[174,97],[57,23],[134,36],[55,-13],[84,-42],[100,-64],[173,-140],[33,-42],[-7,-174],[-21,-220],[-39,-389],[21,-35],[105,47],[182,70],[149,51],[105,53],[128,75],[72,53],[45,68],[29,119],[10,215],[57,-2],[71,-34],[78,-57],[16,21],[24,-15],[72,-13],[114,56],[19,-36],[28,14],[54,-1],[115,30],[28,52],[116,-6],[38,33],[-8,46],[91,119],[-30,37],[-6,81],[-28,41],[79,80],[156,172],[89,105],[13,33],[81,100],[24,123],[35,138],[17,89],[-16,54],[-75,119],[-72,52],[-81,72],[-185,196],[-47,65],[-46,99],[-69,56],[-114,114],[-113,104],[-117,89],[-30,34],[-18,68],[3,29],[41,41],[-60,84],[51,32],[-37,45],[34,34],[-3,65],[62,64],[8,-13],[38,37],[54,-42],[52,42],[79,-54],[59,47],[30,-35],[41,18],[3,51],[36,175],[146,-75],[42,-9],[78,8],[131,31],[143,65],[70,52],[127,109],[90,69],[61,32],[82,63],[-60,79],[43,44],[27,50],[73,36],[92,12],[101,-3],[155,-20],[97,-32],[42,-37],[105,-150],[410,-517],[29,-41],[3,-48],[74,-96],[24,-51],[69,-79],[39,12],[93,-96],[84,-42],[156,5],[79,-33],[243,2],[69,-4],[67,-22],[219,-90],[148,-55],[63,-14],[149,-11],[130,17],[128,52],[204,45],[81,45],[65,53],[41,75],[144,95],[60,12],[170,16],[78,-5],[389,-50],[164,-8],[188,9],[134,44],[173,97],[135,98],[19,113],[58,39],[-12,-79],[100,82],[83,-63],[55,24],[-95,155],[0,23],[48,110],[42,126],[61,-22],[162,-83],[29,-31],[118,-225],[-7,-103],[-20,-41],[-164,-141],[-42,-112],[-92,-180],[-35,-59],[-39,-89],[-42,-268],[-12,-117],[13,-129],[-41,-93],[-23,-70],[3,-70],[41,-99],[36,-65],[70,-89],[120,-126],[100,-53],[88,-27],[19,-24],[41,-90],[93,-66],[88,17],[56,32],[81,29],[80,14],[153,52],[87,53],[96,67],[81,109],[51,91],[40,55],[85,83],[33,40],[77,131],[58,55],[75,19],[145,-12],[151,-44],[116,-21],[102,-37],[46,-35],[45,-49],[144,-173],[85,-118],[44,-77],[126,-62],[150,-140],[244,-216],[87,-68],[96,-58],[68,-23],[61,-3],[54,15],[84,93],[65,105],[41,101],[31,98],[18,46],[27,29],[59,26],[85,-10],[55,-21],[141,-25],[97,-1],[156,94],[213,117],[96,37],[195,35],[94,3],[156,-20],[88,-35],[42,-36],[90,-115],[54,-84],[33,-110],[-3,-72],[-21,-66],[-38,-49],[-257,-204],[-163,-275],[-24,-67],[-10,-86],[14,-120],[39,-94],[27,33],[126,-241],[113,-131],[168,-61],[90,-8],[393,102],[167,57],[321,141],[73,24],[48,1],[97,-20],[234,-68],[245,-58],[53,-125],[20,-84],[-8,-113],[-21,-60],[-42,-77],[-37,-45],[-135,-101],[-167,-97],[-168,-90],[-326,-151],[-212,-105],[-105,-77],[-95,-136],[-45,-98],[-42,-123],[-36,-141],[-7,-54],[7,-55],[24,-85],[35,-94],[67,-135],[139,-198],[40,-117],[52,-385],[80,-138],[239,-322],[130,-153],[198,-281],[44,-56],[90,-114],[142,-136],[361,-156],[96,-66],[85,-82],[85,-116],[118,-346],[27,-147],[5,-177],[-13,-119],[-50,-146],[-231,-490],[-35,-147],[-30,-148],[-11,-165],[6,-123],[43,-199],[31,-81],[64,-96],[123,-111],[180,-148],[206,-180],[76,-80],[88,-120],[102,-235],[69,-128],[60,-89],[108,-108],[221,-154],[178,-120],[128,-114],[137,-171],[32,-309],[42,-201],[81,-204],[78,-216],[24,-139],[-16,-103],[-202,-339],[-163,-278],[-101,-155],[-310,-381],[-187,-236],[-143,-128],[-116,-81],[-84,-36],[-121,-27],[-412,-42],[-333,-44],[-231,-41],[-144,-41],[-113,-38],[-170,-86],[-109,-64],[-96,-83],[-48,-79],[-22,-95],[-55,-327],[-9,-238],[11,-79],[40,-107],[111,-267],[13,-99],[-4,-182],[-20,-206],[2,-301],[19,-540],[5,-109],[-6,-71],[-40,-206],[-84,-247],[-67,-177],[-126,-402],[-22,-96],[-27,-59],[-82,-84],[-289,-185],[-409,-243],[-368,-225],[-69,30],[-162,34],[-144,-37],[-104,-20],[-203,-19],[-181,3],[-140,14],[-97,18],[-149,39],[-173,64],[-111,52],[-91,51],[-129,85],[-106,82],[-193,30],[-49,43]],[[359936,1732644],[-69,-1035],[-333,-39],[-19,-22],[-271,-31],[-160,-14],[-297,-33],[-117,-16],[-299,-29],[-278,-34],[-12,-51],[-28,218],[1186,135],[77,1075],[-914,-105],[-203,-22],[-106,-2],[-120,-149],[-1173,-133],[-39,328],[102,38],[-16,153],[47,19],[7,56],[-31,-3],[-2,-28],[-30,23],[-110,-13],[-16,-23],[-79,-9],[-32,-37],[28,-239],[-18,-14],[23,-144],[47,-389],[11,-123],[-536,-62],[11,-404],[-110,-199],[177,-551],[-318,-507],[-27,5],[-218,321],[-408,596],[-447,-289],[-185,271],[-44,-11],[-294,431],[-6,-4],[-293,427],[1,38],[35,32],[47,23],[142,91],[19,6],[66,-32],[64,-93],[143,93],[22,107],[961,621],[138,-202],[152,97],[59,87],[-41,342],[3,14],[-89,64],[-121,142],[6,4],[-69,82],[-26,-20],[-55,65],[-50,-41],[-30,9],[-2,-30],[187,-221],[-37,-128],[-548,-354],[-310,-198],[-529,-343],[-131,2],[-258,303],[4,43],[999,807],[29,-5],[234,188],[30,-3],[262,211],[-140,165],[-3,29],[87,50],[-18,24],[-69,-43],[-21,163],[-105,-10],[0,0],[-102,-9],[-72,-60],[-724,-581],[-64,4],[-642,-517],[-94,102],[-215,255],[82,67],[-7,8],[227,184],[-104,129],[-312,-252],[-68,81],[-39,470],[82,65],[148,-173],[96,77],[-129,152],[-8,-7],[-191,217],[-147,-128],[-87,-69],[-22,-31],[-17,-24],[18,-20],[-195,-439],[-67,30],[0,17],[-47,21],[-30,-68],[-30,-104],[13,-4],[-97,-335],[-28,-120],[-18,-104],[-22,-69],[0,-50],[121,1],[7,-933],[-74,-1],[-70,-92],[-5,2],[71,94],[-78,54],[-195,126],[-48,-167],[-6,2],[50,168],[-112,72],[-66,-27],[-68,-150],[-101,-237],[-42,-112],[-20,-282],[-4,-95],[-37,-543],[-34,-43],[-3,30],[-67,-5],[3,-46],[43,8],[-105,-59],[-3,-58],[-2,-30],[153,22],[-10,-110],[-5,-183],[51,-7],[-4,-68],[-34,-3],[-19,-24],[-11,-336],[7,1],[-46,-557],[-23,-269],[-34,-422],[30,-9],[-8,-93],[-25,-82],[-192,-340],[-70,-7],[-7,-86],[15,-26],[-29,-92],[8,-1],[-36,-559],[2,-48],[-25,-386],[-24,0],[-8,-121],[-27,-57],[19,-52],[16,-43],[67,-31],[41,-94],[225,-613],[14,-60],[18,-11],[135,-367],[15,-84],[-37,-169],[-12,-13],[-143,-48],[-4,-47],[-17,-12],[39,-85],[39,-27],[35,6],[104,39],[44,-11],[142,-116],[27,-92],[33,-49],[-17,-8],[79,-214],[7,2],[29,-99],[58,-156],[-34,-60],[-550,-133],[-43,-85],[147,-181],[10,7],[146,-196],[-28,-19],[69,-109],[127,-51],[22,-30],[30,6],[40,129],[277,187],[232,-137],[198,-280],[61,-28],[209,288],[5,-3],[455,632],[24,52],[368,48],[296,36],[136,20],[578,77],[49,-84],[26,-10],[10,-72],[104,-173],[55,20],[-22,-30],[23,-85],[115,-193],[34,5],[23,-88],[12,-12],[87,-146],[50,-11],[44,-129],[70,-135],[28,-15],[38,-96],[98,-165],[40,15],[-14,-31],[41,-97],[82,-143],[30,-16],[9,-51],[129,-216],[18,-2],[13,-49],[123,-204],[44,0],[-22,-36],[125,-213],[31,-21],[17,-51],[257,-259],[166,-278],[204,-341],[36,-2],[28,-35],[64,-136],[-18,-66],[-152,-94],[-37,4],[-72,-20],[-250,-141],[-49,-18],[11,-18],[-224,-124],[-10,16],[-41,-33],[-381,-214],[-138,-82],[-491,177],[-205,71],[8,15],[-110,155],[-127,-73],[-76,25],[-224,377],[-11,16],[-46,-37],[-257,-172],[-218,-288],[-518,358],[-285,196],[-151,78],[-62,27],[-377,201],[-175,108],[-227,133],[-80,41],[-35,6],[-239,-12],[-372,15],[-73,-10],[-138,-58],[-104,-18],[-137,10],[-57,10],[-129,40],[-121,54],[-136,18],[-76,16],[-48,0],[-166,-83],[-42,-49],[-110,-172],[-107,-141],[-30,-26],[-94,-14],[-60,17],[-27,22],[-191,177],[-37,17],[-157,51],[-105,24],[-100,1],[-43,-12],[-171,-94],[-186,-130],[-120,-109],[-153,-162],[-81,-66],[-43,-27],[-86,-35],[-129,-38],[-144,-35],[-353,-93],[-166,-19],[-312,-15],[-90,6],[-126,34],[-119,49],[-142,85],[-77,67],[-48,62],[-57,96],[-85,194],[-14,108],[-3,154],[16,104],[49,84],[132,130],[91,103],[95,89],[118,78],[49,56],[52,120],[15,81],[-5,74],[-42,89],[-63,81],[-109,101],[-101,78],[-97,58],[-198,83],[-106,20],[-272,22],[-168,17],[-154,35],[-80,38],[-63,42],[-90,76],[-183,119],[-218,89],[-93,48],[-161,98],[-188,144],[-90,97],[-108,169],[-66,114],[-40,96],[-42,124],[-148,466],[-144,393],[-118,342],[-21,83],[-21,136],[-65,247],[-79,239],[-57,100],[-92,112],[-43,69],[-115,123],[-160,148],[-58,27],[-45,7],[-106,-1],[-221,-20],[-4,-19],[-102,-9],[-15,40],[-172,-11],[-52,5],[-110,47],[-182,116],[-146,84],[-121,78],[-61,90],[-83,171],[-55,45],[-137,79],[-62,50],[-288,199],[-321,225],[-27,26],[-45,68],[-114,134],[-62,78],[-39,32],[-133,31],[-58,29],[-62,49],[-232,197],[-4,38],[35,49],[-26,32],[-65,46],[-169,84],[-75,28],[-8,-25],[-80,78],[-44,29],[-120,29],[-51,24],[-54,40],[-86,135],[-54,47],[-128,51],[-150,91],[-180,131],[-63,14],[-49,-10],[-156,-53],[-20,0],[-155,115],[-47,14],[-34,27],[-65,116],[-23,16],[-240,63],[-65,8],[-55,-21],[-117,-74],[-68,-21],[-58,-1],[-108,42],[-245,151],[-201,142],[-49,11],[-228,-2],[-52,3],[-98,-16],[-131,-57],[-107,-33],[-116,16],[-157,82]],[[336006,1729849],[-41,186],[-36,92],[-9,45],[20,25],[18,79],[-22,126],[7,60],[34,74],[27,8],[112,-92],[60,-11],[13,27],[32,-7],[-19,48],[120,265],[37,5],[17,26],[-19,39],[-34,24],[-51,6],[-32,-11],[-29,21],[18,82],[-22,52],[57,83],[-28,24],[-30,92],[-102,69],[-1,24],[29,86],[-17,11],[2,108],[-38,-8],[-7,40],[-54,69],[-58,53],[-94,25],[-94,38],[-19,46],[-134,196],[-56,121],[-54,204],[-57,136],[29,25],[-8,43],[113,48],[3,55],[68,0],[20,58],[24,-2],[7,32],[-4,90],[30,47],[-34,61],[6,24],[74,37],[-22,54]],[[335758,1733007],[91,-44],[93,-73],[102,28],[136,59],[1,251],[-7,122],[8,185],[-12,63],[107,18],[1,29],[-23,210],[1,64],[-50,142],[-8,5],[-121,-17],[-47,83],[-58,136],[-21,161],[14,155],[-6,103],[26,25],[-102,77],[25,27],[-16,35],[-43,20],[-59,12],[-52,-11],[-50,106],[-33,54],[39,31],[70,15],[43,73],[125,87],[63,3],[-16,95],[-41,112],[-38,79],[4,65],[-27,60]],[[335877,1735652],[-37,126],[-346,169],[-32,19],[-27,62],[-131,68],[-38,10],[18,43],[45,25],[75,6],[48,-20],[86,12],[124,1],[64,-26],[9,31],[-22,61],[-40,0],[-7,90],[9,65],[-22,55],[-4,61],[13,75],[14,23],[74,41],[75,87],[-6,82],[-14,45],[-100,58],[7,55],[-96,32],[-44,24],[-35,59],[230,-34],[151,-9],[184,-5],[53,6],[-21,42],[-195,23],[-192,11],[-51,13],[-71,1],[-71,18],[83,22],[453,-72],[108,-15],[100,-36],[84,46],[-29,35],[-75,51],[23,92],[27,48],[-42,35],[-64,27],[6,42],[-85,43],[-106,180],[21,28],[81,61],[20,-9],[55,32],[18,-9],[53,10],[-23,64],[17,35],[75,4],[16,11],[-61,69],[-145,146],[-69,55],[-265,177],[-61,31],[-15,20],[-84,68]],[[335670,1738448],[140,160],[10,28],[187,-91],[12,42],[95,246],[110,301],[28,69],[3,57],[116,252],[49,62],[85,179],[-34,71],[-149,100],[-33,28],[-167,181],[-95,89],[-27,14],[-157,126],[-79,71],[-100,58],[-278,151],[-163,80],[-140,96],[-108,88],[-178,184],[-119,120],[-114,87],[-112,49],[-531,190],[-65,12],[-198,52]],[[333658,1741600],[5,112],[-41,185],[63,203],[8,114],[33,99],[18,32],[81,197],[24,74],[92,212],[78,195],[-199,251],[23,83],[37,89],[28,24],[-10,224],[5,203],[-4,105],[-23,150],[-9,13],[-61,205],[-28,32],[6,91],[-18,41],[197,18],[-3,58],[-48,78],[-48,146],[141,-8],[-11,56],[5,58],[-19,105],[-29,59],[-57,79],[-39,11],[7,209],[-64,15],[-24,80],[-45,15],[-8,74],[-44,16],[-2,30],[28,39],[-55,103],[-51,26],[-52,104],[-30,21],[-26,108],[-8,90],[-95,23]],[[333386,1746147],[20,50],[56,91],[110,-2],[7,-48],[34,-61],[154,12],[8,41],[-14,46],[55,29],[51,3],[10,-25],[42,3],[-13,78],[103,15],[14,-53],[25,15],[1,-34],[42,7],[86,32],[-14,78],[-36,23],[-32,51],[-21,78],[33,42],[35,-39],[92,32],[72,17],[-4,71],[120,7],[53,-42],[38,10],[-21,68],[-13,75],[9,81],[244,-14],[47,121],[66,38],[8,40],[1,117],[240,28],[-3,79],[24,0],[9,-76],[119,10],[-16,86],[-18,25],[12,43],[160,25],[8,8],[-16,89],[37,30],[-1,106],[24,20],[104,24],[116,-4],[64,82],[69,104],[24,70],[55,125],[262,-94],[182,-58],[39,26],[7,85],[24,61],[59,-11],[232,-27],[-27,-102],[22,-34],[-20,-87],[87,-24],[235,-49],[195,-34],[194,-51],[8,-42],[-47,-50],[-86,-1],[-38,18],[-177,-95],[-92,-58],[-135,-100],[-63,-91],[-38,-41],[5,-24],[87,-68],[-64,-28],[20,-63],[30,-26],[42,-5],[159,89],[128,62],[60,23],[55,38],[30,-12],[64,-84],[43,-17],[31,28],[166,84],[11,-57],[64,-123],[53,-5],[7,-39],[38,1],[56,-18],[37,81],[31,43],[71,73],[101,57],[16,-33],[0,-50],[29,-17],[-40,-54],[37,-39],[74,120],[21,10],[133,3],[72,38],[55,0],[125,-30],[47,-30],[-19,-68],[-23,-129],[3,-21],[49,-36],[24,-44],[14,-123],[165,20],[110,-8],[172,5],[55,8],[23,174],[36,147],[31,102],[14,76],[90,144],[23,-27],[32,84],[-19,18],[-13,59],[-94,50],[-9,54],[25,55],[0,158],[12,119],[-13,75],[27,62],[-1,125],[0,32],[-21,45],[3,35],[109,107],[15,33],[51,36],[78,24],[54,64],[18,70],[-5,104],[114,123],[122,-43],[128,111],[16,26],[-11,48],[29,17],[-2,66],[-44,56],[41,54],[70,70],[85,16],[50,60],[8,42],[60,27],[120,-14],[68,42],[68,4],[36,40],[-25,39],[168,149],[19,74],[91,477],[28,28],[51,15],[219,17],[191,-24],[58,-16],[125,-44],[60,17],[179,114],[205,123],[105,58],[145,13],[277,19],[162,1],[252,-3],[126,-5],[245,7],[130,-6],[229,-24],[123,-27],[71,-29],[194,-66],[200,-31],[110,-8],[124,0],[110,10],[225,44],[94,28],[357,123],[116,24],[130,5],[134,-9],[107,-16],[137,-30],[119,-40],[89,-42],[146,-88],[77,-52]],[[353041,1730760],[187,117],[53,63],[13,30],[75,-2],[67,54],[111,72],[1,43],[36,15],[87,71],[93,63],[82,42],[8,37],[-14,59],[-75,138],[-61,85],[-39,39],[-47,30],[-149,-100],[-53,-157],[-172,57],[48,143],[32,15],[72,-22],[7,27],[58,-11],[323,210],[23,-33],[24,15],[489,-719],[23,-31],[245,-359],[-27,-56],[-350,-225],[1110,-1629],[-169,-270],[-60,-45],[11,-32],[-314,-504],[-30,-30],[-916,1342],[32,19],[-43,-1],[-23,33],[-229,-147],[0,4],[225,149],[-156,228],[-112,-72],[-3,6],[111,72],[-42,60],[-108,-71],[-4,5],[109,71],[-136,199],[-27,4],[131,84],[-78,113],[-268,-174],[-209,280],[32,30],[-29,30],[-29,-26],[-49,66],[-7,422],[110,74]],[[351588,1730489],[32,541],[15,241],[119,308],[40,10],[87,0],[2,-12],[251,5],[15,-475],[2,-169],[33,-984],[-35,0],[1,-36],[-590,-5],[-2,101],[11,173],[-42,2],[5,83],[42,-3],[14,220]],[[352781,1731648],[24,11],[51,-17],[46,-1],[24,-21],[-28,-89],[-66,-31],[-93,30],[42,118]],[[353196,1731368],[-39,-4],[-131,-194],[-45,21],[150,230],[43,14],[22,-67]],[[352940,1731128],[45,-17],[-158,-247],[-46,10],[12,29],[147,225]],[[356735,1727426],[-176,257],[909,590],[496,320],[644,-1191]],[[355130,1726887],[-2,14],[85,161],[-117,172],[110,175],[-27,16],[286,456],[26,-16],[30,32],[47,25],[-21,32],[114,183],[-27,15],[253,404],[38,-23],[79,38],[24,29],[254,166],[754,486],[797,-491],[-23,-23],[-1661,-1076],[-277,-178],[-597,-387],[-60,-43],[-85,-167]],[[358702,1729121],[11,5],[409,477],[-174,252],[220,143],[-116,171],[-220,-142],[-190,-22],[-150,1241],[1065,122],[10,-83],[201,23],[-10,83],[95,10],[-144,-2038],[-294,-190],[-7,19],[-261,381],[-22,25],[-415,-483],[-8,6]],[[354643,1730626],[416,269],[256,-373],[302,-445],[-20,-21],[111,-115],[-14,-28],[132,-143],[-47,-79],[-40,16],[-92,-219],[-32,14],[-79,-181],[-48,17],[-805,1181],[-62,93],[22,14]],[[358584,1732278],[586,67],[-18,-245],[-729,-84],[40,-339],[-419,-49],[-69,573],[241,295],[-9,73],[314,35],[-128,-337],[1,-11],[190,22]],[[356582,1726094],[-1084,767],[-100,71],[397,258],[591,381],[61,-89],[114,-168]],[[354340,1732192],[-7,42],[349,227],[378,244],[26,-7],[-2,-37],[-726,-468],[-18,-1]],[[355165,1732729],[-6,42],[528,339],[29,5],[9,-35],[-526,-346],[-34,-5]],[[358242,1728867],[102,24],[2,-8],[-473,-109],[-2,8],[371,85]],[[356790,1730849],[1331,152],[0,-2],[-1403,-160],[72,10]],[[358120,1729943],[1,-1],[-408,-194],[-3,7],[407,194],[3,-6]],[[356940,1732095],[-6,25],[34,41],[818,93],[-1,-2],[-816,-93],[-32,-40],[3,-24]],[[357010,1731505],[59,-483],[-2,-4],[-59,489],[2,-2]],[[351203,1726483],[-12,39],[55,22],[18,28],[-6,56],[12,60],[-12,38],[12,41],[-47,67],[-55,28],[-65,-30],[25,195],[-14,73],[17,184],[-7,0],[17,304],[15,175],[2,71],[255,451],[14,83],[59,711],[10,135],[45,546],[319,2],[1,-75],[103,-1],[-1,76],[53,1],[219,-213],[-49,-46],[11,-25],[24,21],[32,-36],[-22,-21],[26,-13],[42,39],[48,-61],[46,11],[185,-652],[-39,-24],[120,-192],[803,-1283],[-25,-28],[372,-595],[-287,-314],[-16,13],[-38,-41],[-31,27],[-365,-399],[3,-3],[362,397],[34,-29],[-6,-40],[37,-40],[95,-82],[89,-70],[38,53],[43,21],[78,-69],[131,143],[-79,68],[9,9],[346,-298],[33,-7],[215,179],[6,-7],[-215,-177],[69,-82],[33,36],[42,-35],[-29,-32],[125,-110],[-4,-4],[261,-226],[35,-45],[-7,-42],[-30,8],[-69,-35],[-63,-95],[-64,-112],[12,-46],[-93,-8],[-46,11],[-21,-23],[-39,5],[-368,1],[0,-6],[-287,4],[-27,-9],[-169,1],[0,12],[-706,2],[-3,115],[-24,15],[46,60],[83,-1],[11,-10],[242,267],[-100,-104],[-26,7],[-45,51],[-52,38],[-49,54],[-162,-180],[-52,-51],[-49,-71],[-38,-29],[-36,-61],[-57,-9],[-91,-90],[-543,2],[-6,-12],[-77,0],[-48,26],[-104,83],[-24,36],[-103,293],[-63,168],[0,16],[-51,134],[-16,13],[-136,384],[-9,36],[-61,154]],[[352020,1724275],[-85,232],[44,337],[380,-1],[14,51],[0,-51],[147,2],[4,24],[46,-28],[1,33],[32,-15],[8,35],[32,21],[178,0],[1,-21],[671,-2],[31,-35],[-8,-29],[-119,-178],[-28,3],[-626,-898],[-681,403],[-42,117]],[[356821,1720034],[1094,1158],[313,166],[281,-259],[-1438,-1522],[-19,14],[-350,317],[119,126]],[[360772,1731830],[-18,0],[-1,49],[18,311],[19,64],[40,52],[46,30],[67,15],[96,-23],[230,-111],[53,-69],[24,-11],[69,2],[157,-49],[48,-31],[34,-49],[9,-45],[-15,-64],[-103,-140],[-33,-25],[14,36],[100,129],[-27,49],[-71,61],[-52,29],[-127,48],[-209,46],[-117,13],[-159,-2],[-75,-15],[-17,-300]],[[361575,1731689],[128,171],[46,48],[64,46],[52,24],[78,21],[114,1],[79,-19],[84,-34],[111,-62],[88,-63],[48,-72],[2,-71],[-101,-173],[-55,-35],[51,48],[73,124],[17,56],[-40,1],[-65,51],[-12,30],[-147,103],[-6,39],[-55,-42],[-28,-46],[-37,-20],[-56,20],[-27,24],[-65,10],[-1,59],[-62,26],[-42,-23],[-65,-53],[-154,-201],[-17,12]],[[361994,1731799],[37,6],[9,-30],[43,0],[18,-19],[-43,-31],[-75,23],[-13,34],[24,17]],[[305329,1728816],[-51,-14],[-85,-106],[-90,-7],[-27,-15],[-30,-86],[4,-100],[24,-97],[-12,-52],[-34,-57],[-20,-71],[-27,-36],[-8,-71],[-28,-73],[-73,2],[-62,-12],[-117,67],[-29,5],[-51,-17],[-76,34],[-75,43],[-90,14],[-76,58],[-26,8],[-83,-29],[-114,-96],[-69,-35],[-130,-42],[-55,-53],[-72,-37],[-98,97],[-43,77],[-20,13],[-123,40],[-86,101],[-69,42],[-72,34],[-105,-14],[-37,8],[-109,68],[-153,60],[-86,6],[-109,-11],[-82,38],[-65,16],[-40,29],[-35,55],[-18,48],[-10,167],[-31,59],[-92,-13],[-18,10],[-90,94],[-96,116],[-63,35],[-59,19],[-33,24],[-56,68],[-75,43],[-65,67],[-95,72],[40,191],[15,41],[-7,60],[-26,34],[-18,98],[-24,80],[-34,47],[-42,93],[-67,60],[-56,8],[-36,32],[-68,113],[-46,58],[4,79],[-58,52],[-128,63],[-38,26],[-115,53],[-216,65],[-46,26],[-32,49],[6,51],[65,104],[77,85],[47,94],[-3,34],[-32,66],[-30,31],[-4,34],[-80,60],[-71,95],[-34,80],[-12,87],[-13,24],[-69,20],[-51,52],[-47,22],[-13,29],[-1,71],[-11,49],[-47,83],[-55,49],[-14,39],[-6,72],[27,138],[-36,128],[-27,74],[-39,55],[-3,33],[24,64],[13,72],[-1,123],[32,68],[47,69],[9,45],[-26,64],[-48,43],[-16,50],[-52,29],[-55,67],[-75,30],[-77,59],[-59,63],[-40,10],[-105,0],[-78,35],[-133,8],[-75,34],[-31,31],[-22,53],[-71,85],[-55,29],[-79,-4],[-65,12],[-38,72],[-55,16],[-51,62],[-41,-45],[-30,-8],[-106,10],[-44,35],[-67,-8],[-52,17],[-43,-7],[-92,-57],[-34,-59],[-94,-74],[-63,-3],[-45,18],[-45,46],[-150,-165],[-11,-26],[-26,-210],[-17,-54],[-43,-48],[-59,-13],[-85,-75],[-80,-24],[-106,18],[-84,-40],[-63,-8],[-73,-32],[-123,-72],[-41,-17],[-84,33],[-48,5],[-78,26],[-73,10],[-184,-20],[-29,20],[-80,91],[-43,30],[-36,65],[-103,93],[-26,110],[-57,65],[-82,35],[-62,36],[-78,10],[-108,-11],[-114,58],[-98,72],[-80,-35],[-66,-3],[-58,-17],[-39,1],[-34,96],[-7,55],[15,46],[99,111],[13,68],[2,156],[61,115],[4,47],[-25,65],[0,100],[-106,61],[-30,60],[-1,116],[23,136],[-77,42],[-34,80],[-56,14],[-27,35],[-19,93],[20,92],[-15,36],[-73,29],[-36,85],[-57,39],[-57,14],[-53,27],[-34,48],[-13,57]],[[295098,1735481],[44,27],[84,86],[61,37],[23,50],[70,49],[21,40],[-2,90],[25,48],[47,51],[29,86],[24,157],[-8,86],[17,48],[58,68],[80,56],[42,56],[20,52],[16,78],[17,30],[93,111],[40,84],[-11,87],[10,59],[41,73],[11,96],[26,67],[90,61],[-2,70],[-56,144],[52,153],[2,97],[-27,75]],[[296035,1737853],[49,2],[137,23],[59,31],[68,-15],[114,-14],[60,22],[103,-21],[39,1],[53,28],[37,-3],[168,-105],[121,-27],[56,7],[29,40],[59,41],[80,27],[86,-33],[41,-6],[48,-50],[70,-29],[115,8],[67,-4],[78,-53],[108,23],[59,3],[68,36],[47,53],[66,51],[61,-21],[94,-2],[71,-48],[61,19],[68,7],[90,-17],[37,-68],[21,-8],[81,46],[18,58],[22,31],[34,126],[-7,181],[25,140],[-1,39],[-21,98],[18,101],[12,114],[30,61],[-29,47],[-7,76],[-22,71],[34,98],[43,-9],[58,6],[56,25],[110,-19],[34,8],[36,32],[74,23],[12,21],[-10,57],[22,41],[7,132],[-11,67],[32,77],[-39,53],[-43,97],[-14,50],[7,67],[37,64],[-34,100],[5,46],[42,43],[42,66],[13,49],[-17,70],[29,56],[7,77],[45,64],[10,108],[26,55],[33,23],[86,14],[60,45],[75,18],[28,18],[58,3],[77,48],[41,66],[58,50],[71,5],[51,42],[46,93],[40,28],[64,-4],[63,84],[83,71],[36,40],[49,75],[32,-91],[25,-35],[27,-11],[35,-50],[53,-45],[83,1],[48,-24],[51,-5],[29,-19],[40,1],[31,-26],[73,19],[29,25],[84,2],[57,-45],[166,-33],[95,44],[78,7],[73,-9],[59,-39],[55,-66],[50,8],[82,-8],[52,-36],[63,35],[46,-5],[93,-52],[60,-48],[17,-1],[68,47],[31,-54],[28,-14],[30,-43],[76,-63],[30,-12],[41,15],[53,40],[49,19],[24,26],[63,-3],[31,18],[66,-19],[145,-86],[34,-77],[34,-16],[106,25],[60,75],[16,-33],[3,-51],[26,-46],[26,-92],[53,-52],[105,-6],[83,16],[71,-29],[53,-33],[41,35],[11,43],[45,33],[32,44],[60,23],[32,24],[72,-20],[94,17],[58,-3],[77,54],[104,-3],[81,-33],[31,-24],[71,10],[78,-49],[68,-61],[80,-46],[37,-50],[114,-7],[77,-23],[153,10],[66,-49],[95,-4],[35,15],[37,42],[82,3],[18,-28],[55,-16],[42,10],[34,54],[43,24],[93,-2],[38,28],[61,86],[1,29],[40,79],[-10,70],[-35,43],[1,40],[22,61],[32,14],[63,-1],[77,18],[11,24],[40,-4],[121,-32],[56,-51],[69,-31],[155,-1],[109,-22],[51,-19],[67,-7],[69,17],[21,-5],[50,-56],[77,-42],[57,-2],[31,40],[109,12],[13,15],[128,5],[47,-26],[74,-9],[75,6],[74,32],[97,-7],[81,33],[35,-32],[48,-19],[43,8],[76,-17],[42,33],[28,-5],[59,-58],[22,-88],[70,-71],[51,0],[141,33],[60,-34],[34,53],[142,16],[52,-33],[45,0],[32,35],[38,19],[47,3],[89,150],[28,29],[47,-5],[-52,-60],[0,-36],[-24,-46],[37,-97],[63,-27],[37,10],[28,36],[33,11],[94,87],[-16,55],[16,35],[44,26],[81,71],[52,71],[8,101],[309,-144],[106,-53],[72,-23],[134,15],[86,19],[53,32],[51,77],[34,129],[148,264],[32,46],[44,1],[12,-24],[104,-83],[118,-118],[75,-93],[217,-382],[232,-288],[136,-41],[2,259],[205,131]],[[311287,1740667],[98,62],[22,-159]],[[311407,1740570],[-100,-83],[-11,-240],[27,-82],[40,-93],[61,-241],[32,-114],[8,-67],[56,-26],[73,-65],[54,-68],[80,-68],[82,-91],[11,-25],[-110,-261],[-6,-36],[41,-77],[24,-100],[-24,-142],[17,-36],[23,-3],[114,-79],[94,-10],[70,-79],[98,-72],[82,15],[101,-13],[39,-27],[46,-67],[56,-24],[113,-36],[69,-4],[72,-34],[66,8],[143,36],[52,8],[163,-9],[125,14],[158,73],[79,19],[52,-7],[550,39],[223,20],[280,-120],[130,-63],[288,-40],[50,-12],[44,14],[252,-20],[191,0]],[[315585,1738182],[131,-196],[62,-84],[47,-78],[70,-38],[20,-53],[59,-31],[-15,-59],[-52,-14],[-75,61],[-76,42],[-36,-35],[-179,-123],[-58,-58],[-2,-32],[24,-27],[-8,-113],[36,-30],[28,-47],[-8,-36],[-45,-42],[20,-74],[-53,-8],[2,-69],[71,-63],[-6,-92],[17,-77],[34,-77],[34,-55],[-9,-50],[-28,-59],[-3,-56],[18,-31],[-3,-39],[-50,-49],[-89,-107],[-134,-142],[-40,-28],[-71,-121],[-136,-284],[-50,-152],[112,-189],[74,-131],[-59,-22],[-87,-12],[-82,-42],[31,-48],[-4,-15],[-295,-174],[-201,-111],[-189,-109],[-92,-59],[-127,-61],[-37,-10],[-59,14],[-33,-39],[-57,-40],[-83,66],[-59,21],[-5,-14],[37,-56],[56,-57],[81,-100],[23,-74],[-1,-75],[-44,-53],[-48,-14],[-13,-54],[-48,30],[-43,-24],[5,-49],[69,-83],[2,-61],[103,-147],[67,-66],[69,-85],[17,-6],[44,-103],[122,-120],[94,-108],[27,-49],[38,-39],[115,-154],[130,-118],[191,-120],[77,-35],[85,-28],[50,-2],[190,8],[91,32],[174,116],[72,33],[97,-90],[95,-59],[30,-53],[-14,-105],[9,-50],[-12,-36],[-31,-8],[-33,48],[-32,-42],[39,-58],[-9,-40],[-79,-7],[19,-80],[26,-58],[41,-55],[27,3],[70,46],[42,-9],[30,14],[13,55],[78,35],[76,65],[40,18],[65,-33],[40,3],[90,34],[111,-4],[63,-35],[142,-33],[48,14],[86,-13],[103,50],[29,0],[68,-27],[42,-37],[14,-61],[53,-54],[62,-14],[52,24],[51,67],[33,6],[46,-18],[19,-45],[22,-5],[44,64],[38,22],[40,-3],[49,-64],[137,-13],[26,13],[32,84],[50,64],[85,37],[78,77],[92,41],[47,42],[100,56],[90,19],[39,40],[9,32],[89,65],[43,54],[35,10],[80,4],[62,-48],[77,-32],[37,3],[38,34],[73,-9],[72,51],[39,75],[101,65],[107,53],[100,-4]],[[319282,1733105],[-5,-32],[26,-60],[27,-22],[16,-57],[-11,-36],[135,-123],[33,-41],[38,-75],[44,-11],[62,0],[72,32],[64,-25],[11,-39],[-24,-32],[4,-43],[24,-18],[63,-16],[35,-28],[124,-45],[42,-50],[13,-54],[50,-75],[105,-84],[177,-97],[13,-35],[-14,-47],[20,-64],[48,-26],[25,-43],[77,-78],[-4,-25],[77,-8],[-3,-22],[-36,-3],[24,-114],[39,9],[25,-87],[-7,-36],[27,-51],[-7,-33],[-44,-34],[-39,24],[-45,-4],[-64,-27],[-75,22],[-33,-9],[-45,-52],[30,-61],[-139,-77],[-21,-7],[2,-36],[-143,5],[-77,-25],[-118,-70],[50,-28],[-7,-25],[-47,6],[-152,-7],[-107,-93],[0,-52],[23,-41],[-148,4],[-87,-69],[13,-11],[-92,-76],[-55,-19],[-103,-1],[-79,19],[-41,-62],[-21,14],[-72,-96],[-94,-52],[-75,-32],[-129,-90],[-76,-25],[-11,-87],[-35,-56],[-117,-35],[-139,-30],[-28,-21],[-28,-110],[-73,-124],[-47,-92],[-95,-126],[-58,-34],[-10,-34],[12,-68],[-44,-98],[-40,-55],[-80,-82],[-85,-57],[26,-50],[-38,-21],[-1,-32],[-86,-60],[-142,-109],[-236,-210],[30,-33],[-8,-17]],[[317268,1728683],[-90,-65],[5,-24],[-65,-28],[-15,-32],[-67,-10],[-48,17],[-59,1],[-50,-30],[-81,-82],[24,-40],[-25,-30],[-36,40],[-91,-78],[-12,-22],[11,-79],[43,-20],[26,-176],[-33,-18],[-16,-64],[-27,-54],[-32,-88],[-42,-93],[12,-82],[-2,-109],[-47,84],[-25,22],[-80,32],[-33,55],[-7,40],[-56,49],[-163,92],[-46,63],[-40,39],[-37,14],[-103,12],[-38,15],[-151,135],[-59,37],[-58,21],[-105,15],[-101,0],[-139,-11],[-44,15],[13,24],[-51,55],[-43,15],[-27,-27],[-62,11],[-11,33],[30,57],[-56,49],[-67,-66],[10,34],[-85,51],[-32,-4],[-33,52],[-30,15],[-2,29],[-34,10],[-111,84],[-41,5],[-11,23],[29,1],[-18,28],[-45,19],[-262,-262],[-69,-48],[-31,-41],[-44,-25],[-25,-37],[-19,29],[-50,-5],[-86,24],[-10,28],[26,24],[-44,68],[-46,-11],[-86,20],[-55,38],[-69,18],[-25,-52],[-5,32],[-26,-1],[1,-28],[-28,38],[-61,28],[-116,-2],[-32,6],[-108,47],[-18,27],[2,33],[-71,47],[-132,-4],[-69,-48],[-1,42],[-21,53],[-167,-16],[-34,11],[-43,50],[-29,108],[-18,34],[-27,-44],[-56,37],[-11,36],[-102,75],[-32,30],[-41,-78],[5,-16],[-34,-50],[-20,-66],[-26,21],[17,83],[52,72],[-74,-17],[1,23],[77,42],[-34,85],[-99,-3],[-43,-30],[-15,10],[88,81],[-62,50],[-50,-33],[-116,91],[-14,34],[18,20],[46,-2],[2,19],[-37,30],[31,51],[-23,27],[-18,53],[-4,61],[-34,4],[-5,30],[63,94],[-19,36],[48,-6],[57,17],[24,87],[21,40],[1,36],[-25,36],[-57,29],[-62,53],[-27,58],[-32,36],[4,58],[-70,50],[-25,47],[-6,49],[-35,-4],[-26,-53],[-28,-15],[30,-32],[-80,0],[48,-53],[50,-39],[-40,-35],[-17,-37],[22,-27],[41,9],[13,-19],[37,-130],[-4,-15],[-65,-41],[20,-23],[37,3],[0,-46],[-18,-97],[46,-28],[18,-69],[-106,-44],[4,-67],[-12,-66],[-35,-119],[-31,11],[-123,67],[-47,-6],[-75,-61],[-41,8],[-27,25],[-17,63],[-34,18],[-37,-18],[-148,20],[-22,10],[-38,84],[-51,30],[-29,-16],[-52,-67],[-81,-77],[-74,27],[6,18],[-56,38],[-71,3],[-30,-44],[5,-24],[-55,-21],[-81,21],[-50,1],[-23,22],[-28,-42],[-82,-20],[-51,40],[-72,42],[-69,-5],[-64,-32],[-94,-5],[-101,22],[-54,-14],[-35,-91],[-46,-53],[-17,-59],[-67,-62],[-44,0],[-50,85],[-54,55],[-56,37],[-109,39],[-117,35],[-108,76],[-101,28],[-59,-18],[-80,42],[-132,-41],[-61,3],[-201,-83],[-235,48],[-97,45],[-188,13],[-119,-69],[-51,-3],[-69,34],[-49,-35],[-49,-15],[-92,15],[4,27],[79,77],[33,62],[-21,56],[-76,104],[-9,27],[1,90],[-27,59],[15,74],[-37,42],[-104,14],[-69,-47],[-70,22],[-56,-24],[-63,-47],[-34,62],[-36,38],[0,31],[-22,29],[-93,29],[-36,21],[-48,-69],[-58,-59],[-24,-11],[-107,33],[-34,-24],[-31,-56],[-40,-5],[-32,50],[-32,1],[-89,-114],[-25,1],[-56,50],[-51,-28],[-52,8],[-28,-48],[-30,-17],[6,-60],[-28,-20],[-59,47],[-52,29],[-25,-8],[-67,-91],[-21,-107],[-6,-73],[-29,-70],[-54,-63],[-20,-40],[-98,-54],[-15,-18],[2,-68],[-53,-43],[-49,-9],[-82,8],[-48,15],[-44,-3],[-65,-63],[-86,-64],[-76,-27],[-34,-57],[31,-68],[-16,-64],[16,-49],[-10,-72],[-21,-62]],[[313560,1741990],[27,36],[-3,102],[-73,118],[-38,72],[-75,0],[-59,449],[-39,78],[16,30],[91,10],[2,13],[-34,212],[-18,134],[65,14],[186,52],[75,14],[255,60],[-23,149],[34,66],[24,23],[48,18]],[[314021,1743640],[94,-16],[439,-42],[205,-202],[177,-161],[77,168],[54,-18],[125,-24],[94,-12],[87,-24],[374,-179],[49,-180],[55,28],[105,75],[96,51],[43,-37],[180,-172],[84,67],[5,68],[-79,109],[25,40],[46,-10],[61,-33],[47,-47],[73,6],[97,-63],[121,-65],[48,27],[26,0],[72,-59],[104,1],[-1,30],[-111,120],[-149,124],[-70,78],[-37,64],[-210,68],[-25,26],[0,32],[23,119],[-9,82],[-29,8],[-3,60],[27,54],[-2,60],[-82,62],[-67,68],[-7,223],[3,45],[56,6],[-3,-35],[-33,-71],[12,-36],[47,-47],[140,-108],[110,-104],[31,-38],[8,-60],[2,-149],[13,-33],[37,4],[8,45],[27,-15],[252,-238],[153,-165],[116,-118],[170,-148],[35,-5],[19,29],[43,11],[21,41],[47,12],[33,27],[47,10],[38,38],[80,8],[80,-13],[20,-33],[12,-96],[47,-32],[117,-10],[36,70],[91,-5],[205,-26],[139,-14],[5,22],[115,-12],[34,4],[68,40],[12,-25],[-54,-27],[61,-118],[105,18],[161,16],[207,16]],[[319226,1742895],[9,-27],[37,-9],[126,-72],[237,-11],[80,-10],[212,-68],[81,-6],[56,-20],[26,14],[115,-3],[108,-14],[59,44],[25,6],[-24,-150]],[[320373,1742569],[-91,14],[-236,50],[-9,-62],[146,-57],[436,-145],[436,-151],[26,-15],[169,-250],[144,-24],[144,-29],[124,-32],[241,-46],[166,-35],[183,-48]],[[322252,1741739],[-64,-386],[-14,-149],[-33,-159],[-8,-86],[-68,-361],[-12,-108],[-15,-19],[-49,133],[-144,299],[-24,33],[-361,-92],[-122,-28],[-64,82],[-122,185],[-120,147],[-23,102],[-201,-38],[26,-73],[9,-54],[-295,-56],[47,-84],[32,-72],[24,-4],[156,21],[140,27],[30,-58],[-217,-27],[-103,-23],[-7,-17],[54,-128],[158,10],[32,-71],[-124,-24],[24,-38],[82,-162],[112,26],[17,-27],[-83,-25],[-41,-21],[27,-78],[169,-381],[158,16],[158,10],[18,-51],[-268,-31],[-27,-16],[61,-127],[54,-126],[19,-71],[-506,-21]],[[320744,1739538],[-68,98],[-80,-32],[-79,-42],[-64,-14],[-8,-65],[-95,-79],[-57,-55],[64,-183],[26,-52],[40,19],[174,129],[23,-80],[-174,-110],[28,-48],[-10,-43],[12,-33],[60,-17],[68,-34],[266,-111],[-135,-272],[-29,-85],[48,-24],[59,-2],[8,-126],[8,-249],[-267,96],[-131,-261],[-69,-29],[28,-65],[-62,-27],[-40,22],[-32,-21],[-15,-37],[46,-29],[-6,-43],[-55,6],[-18,-18],[-141,110],[-69,3],[-28,13],[-29,89],[-39,-2],[-72,-145],[-45,-108],[-72,-124],[-20,-46],[-100,-99],[-59,-97],[-7,-44]],[[319527,1737172],[-242,50],[-180,29],[-64,16],[-190,64],[-463,164],[-270,113],[-284,111],[-250,109],[-198,75],[-92,15],[-205,46],[-64,23],[-152,21],[-123,27],[-74,5],[-47,38],[-45,20],[-157,44]],[[316427,1738142],[140,92],[106,58],[34,7],[54,47],[22,36],[21,69],[-8,55],[-41,77],[37,45],[13,49],[-22,23],[49,116],[13,58],[77,42],[-4,81],[15,9],[107,8],[8,-31],[18,16],[-7,39],[39,-16],[79,8],[-8,63],[39,97],[21,33],[45,187],[-47,17],[26,63],[-33,10],[41,108],[73,-24],[21,43],[-3,33],[-74,45],[56,139],[62,10],[35,41],[52,101],[107,189],[107,211],[5,65],[-137,81],[-125,60],[-108,-143],[-78,97],[-90,137],[-79,75],[-90,112],[-104,-50],[-92,-57],[-110,149],[-70,111],[166,139],[-136,118],[-183,174],[-116,-10],[-93,13],[-78,31],[-40,-60],[-131,78],[-132,92],[-3,29],[54,34],[41,4],[30,24],[114,67],[-47,83],[-56,85],[-59,114],[-37,-15],[-84,-57],[-106,-85],[-51,11],[-78,130],[-221,-55],[-73,37],[-222,-72],[-86,-17],[24,130],[-2,21],[-43,-7],[-158,-46],[-104,-13],[-27,-16],[-133,-10],[-13,83],[-100,16],[-225,45],[-14,-58],[21,-77],[88,-61],[-38,-45],[-81,17],[-212,74],[-213,94],[-27,-59],[-175,-23]],[[335670,1738448],[-28,110],[-82,122],[-71,142],[-24,20],[-168,63],[-72,16],[-109,51],[-95,29],[-44,37],[-62,86],[-154,121],[-51,53],[-48,3],[-75,-33],[-6,-41],[-31,-58],[-44,-60],[-102,-68],[-74,-25],[-21,-77],[2,-55],[-17,-50],[-60,91],[-96,79],[-369,167],[-233,99],[-120,62],[-64,23],[-226,116],[-157,69],[-462,220],[-325,147],[-16,-3],[11,-84],[13,-181],[13,-127],[14,-274],[6,-310],[9,-342],[-3,-19],[-93,16],[-64,-12],[-393,113],[-40,9],[-195,68],[-16,-2],[-8,-160],[-213,8],[-227,1],[-101,-5],[-10,337],[-48,25],[-113,37],[-76,16]],[[330632,1739018],[-7,83],[-29,157],[-91,-1],[-6,122],[-26,5],[-7,83],[7,198],[5,261],[22,246],[-103,6],[-34,17],[-65,8],[-267,44],[-45,16],[2,103],[20,228],[-205,14],[-3,13],[58,242],[60,239]],[[329918,1741102],[44,140],[217,-89],[78,-26],[-24,-216],[-31,-320],[13,-6],[222,-16],[261,-77],[219,-69],[42,0],[99,58],[236,151],[125,65],[98,42],[119,61],[297,165],[176,96],[100,77],[145,146],[105,94],[144,122],[64,30],[188,78],[38,11],[128,15],[93,5],[187,-3],[205,-15],[152,-21]],[[335877,1735652],[-201,113],[-73,33],[1,31],[-82,37],[-11,-27],[-28,-6],[-24,-68],[-62,10],[-230,-1],[-18,-27],[-9,50],[-68,4],[-28,90],[39,9],[-50,107],[-55,-32],[-104,102],[-70,27],[-125,23],[-44,-11],[-77,-39],[34,-41],[199,-47],[90,-52],[52,-114],[-5,-58],[-82,-19],[-35,-156],[38,-6],[11,-51],[19,12],[-12,49],[58,2],[55,-142],[-37,-19],[32,-67],[-5,-45],[40,-111],[73,-27],[150,-32],[-37,-37],[-139,-96],[-46,-44],[-141,-113],[-44,-52],[-14,-110],[-92,-84],[-97,-32],[-24,1],[-43,48],[-87,116],[-59,98],[-84,42],[-3,67],[97,-58],[76,-98],[16,-53],[60,27],[-31,63],[-103,133],[-76,82],[-34,8],[-83,-37],[-158,-30],[-122,-14],[-88,3],[-112,38],[-59,45],[-54,92],[-55,198],[-27,124],[-30,74],[-6,55],[11,368],[-17,82],[-49,145],[-46,106],[-21,97],[-35,91],[-40,133],[14,16],[-2,49],[-33,150],[-32,93],[-49,87],[-32,156],[-200,-12],[-1,27],[-87,-38],[-26,13],[-80,-3],[1,-48],[-207,-21],[-82,-48],[-94,-43],[-57,2],[2,-57],[-133,-2],[-28,18],[-165,55],[-82,14],[-101,-6],[-6,66],[-127,-6],[2,-66],[-54,-1],[-17,-131],[-169,15],[-5,-65],[-45,-182],[-16,-119],[-23,-257],[-10,-164],[-17,-170],[-27,-158],[-4,-87],[26,-82],[26,-138],[33,-58],[37,-30],[67,-22],[100,-45],[-36,-79],[-34,-22],[-51,1],[-34,-85],[-23,-23],[-92,-57],[-101,22],[-139,9],[-68,22],[47,9],[-13,24],[10,50],[-47,27],[-31,-38],[-54,11],[10,59],[-19,9],[20,31],[-39,24],[30,54],[69,-34],[28,46],[-49,18],[-1,44],[-104,48],[-71,72],[-52,64],[-62,-22],[-46,-93],[26,-14],[-14,-58],[-17,-13],[-132,5],[-157,14],[74,175],[27,75],[-134,76],[-51,44],[-2,44],[15,70],[-53,6],[-36,32],[-24,50],[10,39],[-2,70],[-28,4],[21,215],[-59,10],[-32,-9],[-13,-78],[-40,-54],[-114,25],[27,108],[-50,16],[18,60],[46,20],[21,-17],[21,28],[-26,23],[45,59],[-149,-5],[-1,80],[9,82],[24,54],[-120,51],[9,99],[-4,50],[112,5],[202,29],[-2,70],[-42,-1],[-1,45],[61,76],[-73,52],[-98,48],[-13,54]],[[329963,1737338],[-45,127],[-7,124],[-11,59],[-74,92],[-97,76],[39,91],[-30,17],[30,84],[106,-44],[81,-26],[6,42],[52,0],[50,44],[39,1],[16,48],[204,-131],[91,-47],[50,-38],[-1,65],[-31,199],[-36,294],[-7,107],[270,30],[-13,226],[-5,176],[-8,64]],[[295282,1756309],[52,-9],[75,-51],[73,-31],[52,-11],[104,-3],[58,-8],[85,19],[32,-6],[63,-67],[118,-85],[145,-17],[58,17],[40,-26],[78,-13],[30,-43],[74,-83],[79,-40],[98,-29],[137,-86],[64,-29],[82,-79],[60,-6],[44,-34],[46,-86],[44,-16],[127,-8],[25,-27],[26,-62],[183,9],[39,12],[38,-13],[56,-72],[86,-21],[44,-20],[42,-57],[105,-26],[115,-62],[82,-37],[94,1],[29,-15],[112,-2],[87,-10],[72,14],[51,24],[77,70],[32,13],[102,16],[96,-3],[113,-18],[46,0],[110,16],[53,33],[16,62],[90,113],[9,175],[51,75],[85,78],[109,58],[77,-11],[76,4],[58,-20],[113,10],[81,33],[90,6],[14,-12],[1,-59],[108,-63],[31,7],[49,35],[82,-93],[3,-59],[16,-19],[86,-35],[77,-53],[64,-89],[107,-26],[41,-53],[31,-79],[19,-13],[161,-63],[57,-7],[59,12],[41,-25],[88,-2],[95,-56],[50,-22],[57,-42],[103,-46],[10,-57],[71,-68],[61,-32],[34,-53],[44,-33],[59,-19],[118,-17],[61,5],[41,33],[95,93],[26,45],[63,-31],[44,21],[30,33],[100,145],[13,40],[34,28],[95,11],[79,25],[184,-42],[26,-14],[17,-39],[2,-63],[26,-107],[78,-161],[53,-21],[56,27],[55,-11],[151,31],[94,-14],[77,56],[117,27],[68,-19],[151,12],[60,59],[47,20],[155,-22],[75,2],[110,-31],[73,-11],[-5,-69],[81,10],[45,-11],[91,21],[9,-66],[-7,-26],[25,-22],[135,-31],[79,71],[137,64],[85,26],[65,-1],[131,18],[56,54],[33,19],[95,-7],[57,11],[62,26],[12,19],[100,38],[107,69],[68,13],[215,-9],[236,-25],[73,21],[98,3],[123,-39],[28,6],[11,100],[15,56],[86,-37],[65,-96],[13,-59],[54,-153],[32,-55],[110,-93],[86,-39],[21,1],[95,101],[39,19],[143,21],[135,61],[78,19],[59,0],[53,-29],[89,-80],[52,-78],[46,-27],[52,-78],[156,-177],[34,21],[34,127],[28,35],[125,-5],[120,-55],[54,-16],[31,11],[8,33],[97,-24],[43,-30],[38,-48],[2,-34],[-39,9],[-23,-13],[0,-45],[-16,-69],[34,-98],[15,-67],[-5,-79],[-48,-116],[20,-59],[31,-25],[32,-55],[7,-46],[-13,-62],[6,-43],[61,-138],[5,-76],[-5,-59],[-24,-71],[15,-18],[52,25],[46,5],[55,-40],[64,-10],[11,-66],[-21,-102],[192,72],[159,84],[115,68],[75,29],[99,75],[64,19],[52,2],[213,-25],[31,-29],[-9,-52],[97,-98],[-20,-68],[0,-70],[36,-110],[16,-67],[0,-176],[-38,-67],[-58,-151],[-44,-72],[8,-131],[-11,-114],[2,-44],[26,-43],[139,-137],[4,-139],[49,-58],[35,-18],[33,-43],[31,-67],[36,-126],[8,-113],[57,-155],[30,-8],[4,-47],[35,-124],[61,-155],[68,-157],[78,-132],[31,-72],[-36,-75],[27,-64],[115,-202],[23,-46],[114,-146],[54,-42],[82,-14],[270,-71],[90,-15],[0,-82]],[[311204,1749792],[-25,-79],[-91,-95],[-34,-3],[-29,-33],[151,-132],[-87,-101],[-276,-307],[-402,313],[-80,-21],[161,-123],[71,-115],[-20,-35],[35,-59],[-100,-42],[-57,215],[-25,55],[-98,98],[-28,42],[-227,-38],[-8,-41],[79,-4],[48,-58],[67,-24],[27,7],[34,-25],[3,-60],[22,-30],[-18,-17],[-2,-43],[18,-41],[-4,-45],[-24,-17],[-15,-169],[5,-32],[27,-26],[-24,-82],[109,-55],[73,-46],[88,-75],[60,-84],[-35,-118],[-120,-142],[-136,-180]],[[310317,1747925],[-36,-47],[-215,183],[-85,-54],[-455,-256],[-48,-19],[-87,141],[-208,-120],[-111,174],[-108,-64],[-79,131],[-9,-15],[-50,22],[-85,18],[-118,10],[-79,47],[-50,111],[-2,43],[-111,8],[-57,60],[-27,76],[-142,13],[-82,-57],[-37,-123],[-68,-105],[-15,0],[-76,-127],[-96,-58],[-135,-113],[-91,-92],[12,-26],[28,-144],[-5,-56],[28,-97],[29,-54],[176,-204],[26,-50],[55,-155],[33,-112],[48,-134],[26,-186],[-11,-104],[-23,-66],[17,-117],[53,-108],[15,-125],[-19,-186],[-34,-242],[-39,-91],[6,-111]],[[307976,1745344],[-91,81],[-52,17],[-67,-5],[-45,35],[-30,61],[12,58],[-13,40],[-116,56],[-21,69],[-28,26],[-41,1],[-44,79],[-14,56],[-50,15],[-15,40],[-163,-51],[-23,-1],[-20,56],[4,25],[-24,68],[-53,6],[-64,-22],[-82,28],[-85,9],[-45,26],[-89,-30],[-18,19],[-91,22],[-51,-20],[-208,14],[-57,-5],[-98,34],[-71,-9],[-51,13],[-45,-6],[-65,-43],[-67,-29],[-50,-10],[-113,27],[-122,-31],[-53,25],[-178,6],[-61,-30],[-36,-43],[-68,-17],[-39,-34],[-59,-9],[-68,15],[-34,39],[-68,-13],[-49,26],[-40,-52],[-33,-14],[-138,2],[-51,-18],[-67,19],[-56,3],[-57,23],[-42,-7],[-110,10],[-96,21],[-17,31]],[[304190,1746046],[7,34],[-37,65],[-30,35],[-94,8],[-13,21],[-15,90],[-22,31],[-57,35],[15,58],[-72,8],[-52,-13],[-52,57],[-51,0],[-54,51],[2,46],[-57,76],[-82,30],[-44,39],[-96,10],[-112,3],[-98,67],[-34,8],[-102,3],[-106,-46],[-67,2],[-35,-24],[-131,14],[-40,19],[-55,1],[-182,-12],[-6,143],[-13,37],[-59,-1],[-31,34],[-58,-1],[-41,34],[-87,24],[-67,-21],[-79,-65],[-69,29],[-56,-16],[-66,18],[-40,58],[-61,68],[-61,5],[-68,75],[-100,13],[-60,79],[-20,59],[-87,-18],[-57,-1],[-118,68],[-36,41],[-41,3],[-77,-45],[-48,0],[-102,81],[-38,48],[-20,50],[-64,-44],[-116,-43],[-61,-6],[-46,-31],[-117,-13],[-41,36],[-62,-4],[-33,16],[-83,95],[-101,-14],[-42,3],[-46,-30],[-61,-15],[-117,-46],[-34,87],[-42,20],[-41,55],[13,86],[-6,58],[-55,44],[-60,17],[-86,102],[-80,130],[-73,-17],[-68,94],[4,46],[-49,50],[-88,23],[-17,34],[-13,74],[-13,22],[-53,27],[-3,40],[-38,67],[-50,15],[-36,63],[-49,13],[-10,53],[-52,40],[-86,22],[-26,19],[-41,94],[17,61],[-10,42],[-28,28],[-51,4],[-46,34],[-162,8],[-63,43],[-72,29],[-77,52],[-33,104],[-76,40],[-51,-45],[-41,-13],[-85,9],[-84,36],[-61,0],[-131,-63],[-81,-70],[-37,-14],[-128,0],[-38,7],[-107,-36],[-50,-4],[-81,16],[-40,-15],[-131,-81],[-90,-75],[-130,-44],[-33,-34],[-180,-67],[-148,-115],[-139,-146],[-46,-41],[-112,-49],[-80,-11],[-275,-64],[-64,-22],[-40,-35],[-28,-52],[-17,-68],[-136,-62],[-84,-53],[-31,-35]],[[295236,1748042],[-59,-43],[-51,-57],[-65,-34],[-59,11],[-187,85],[-36,-41],[23,-111],[-17,-47],[-33,-33],[3,-55],[23,-34],[19,-68],[-9,-56],[-32,-65],[-40,-30],[-10,42],[-56,15],[-83,7],[-28,-12],[-18,-39],[-91,-5],[-84,35],[-71,68],[-40,83],[-21,123],[-48,42],[-15,41],[-61,25],[-17,48],[-49,39],[-40,62],[-76,71],[-47,5],[-38,-113],[12,-123],[-20,-47],[13,-27],[3,-79],[-8,-19],[-52,-19],[-109,20],[-31,25],[-10,42],[-38,50],[-38,13],[-43,48],[-40,10],[-42,-46],[-46,-27],[-67,10],[-3,-37],[-41,-127],[-24,-32],[-47,-33],[-61,-20],[-33,-67],[-81,-75],[-40,-104],[-78,-19],[-88,62]],[[292811,1747380],[10,40],[-3,173],[-24,84],[-7,80],[3,78],[-14,76],[5,52],[-16,56],[26,39],[87,53],[88,2],[39,20],[78,-6],[44,59],[77,30],[71,122],[30,23],[86,-8],[130,33],[46,28],[68,10],[35,-19],[37,16],[34,33],[41,18],[-69,130],[-10,112],[-20,55],[10,49],[-38,79],[89,37],[-6,101],[-35,17],[-32,39],[-2,26],[25,59],[38,40],[27,52],[-3,99],[18,68],[-16,131],[-57,63],[-18,51],[14,45],[88,95],[84,68],[105,218],[45,34],[49,-5],[71,36],[112,11],[129,57],[54,17],[60,56],[98,50],[77,-11],[110,-27],[84,16],[98,46],[73,42],[76,91],[48,8],[52,26],[96,61],[99,87],[103,-8],[136,22],[118,89],[81,23],[73,46],[90,27],[40,23],[10,48],[2,128],[20,12],[122,140],[47,41],[89,27],[90,-22],[26,75],[2,73],[-51,88],[-23,72],[-10,86],[-30,72],[3,117],[-30,47],[-12,52],[9,57],[34,93],[30,119],[80,135],[46,111],[36,103],[31,134],[40,86],[-16,70],[-50,54],[-8,38],[18,44],[-17,110],[-53,133],[-17,62],[-5,84],[-22,72],[-37,89],[1,41],[60,63],[116,176],[80,101],[47,47],[-62,39],[-17,25],[2,78],[-26,105],[-43,34],[2,35],[30,63],[-3,60],[14,80],[-55,36],[-46,51],[-91,17],[-60,54],[-36,65],[0,93],[-43,7],[-58,33],[-99,146],[-17,37],[-32,16],[-61,-5],[-89,61],[-58,0],[-23,70],[-78,12],[-57,72],[-78,51],[-91,74],[-15,36],[44,121],[0,25],[-54,72],[-25,82],[-47,54],[-38,98],[-90,76],[-35,64],[-47,31],[-21,35],[-10,55],[54,81],[37,69]],[[329382,1733010],[-69,74],[-9,31],[-156,140],[-93,75],[-55,34],[-280,148],[-172,68],[-228,8],[-147,-16],[-130,-29],[-110,-68],[-139,-25],[-61,1],[-41,-15],[-48,-62],[-45,-33],[-79,9],[-4,66],[18,86],[-80,54],[-112,52],[-115,23],[-203,26],[-242,2],[-188,22],[-119,-7],[-52,-17],[-77,-43],[-104,26],[-55,47],[-85,58],[-32,3],[-181,-27],[-348,-33],[-128,-20],[-81,-21],[-420,-119],[-16,-19],[-2,-142]],[[324894,1733367],[-120,-6],[-67,48],[-66,36],[-191,90],[-121,45],[-129,38],[-201,65],[-455,131],[-88,20],[-331,102],[-350,130],[-417,122],[-241,76],[-257,85]],[[321860,1734349],[-39,120],[-46,82],[-41,52],[-184,196],[-193,228],[-125,163],[-145,180],[-102,112],[-46,73],[-80,91],[-46,62],[-61,48],[-55,57]],[[320697,1735813],[87,111],[67,61],[27,39],[157,-58],[135,-25],[108,-50],[14,2],[90,75],[116,-33],[143,-71],[35,-49],[74,-23],[59,9],[45,44],[-5,43],[-116,-12],[-17,28],[134,54],[89,8],[51,24],[42,-28],[88,-39],[39,3],[12,21],[-47,11],[-27,39],[-31,14],[74,9],[67,54],[5,44],[108,-45],[68,-65],[110,-15],[110,-49],[91,-47],[19,20],[124,-23],[21,-31],[86,26],[0,20],[-86,52],[-178,123],[-91,102],[-1,31],[39,-37],[37,-12],[35,-46],[28,4],[0,97],[-23,150],[-17,25],[9,31],[-10,48],[19,29],[57,-26],[21,32],[-34,36],[-17,39],[26,89],[77,12],[6,29],[-18,47],[-51,24],[6,95],[-31,50],[21,59],[-1,60],[14,28],[42,36],[7,99],[11,38],[56,10],[10,80],[37,158],[1,115],[14,114],[41,129],[61,36],[21,113],[30,41],[74,-2],[7,95],[85,-19],[23,5],[24,83],[76,-21],[28,58],[20,1],[49,-36],[35,-6],[-18,61]],[[323520,1738268],[2,54],[-49,38],[-11,36],[31,37],[41,9],[10,133],[-3,54],[11,144],[30,228],[18,117],[260,2],[28,-77],[19,-112],[22,-69],[32,-41],[-1,-22],[-72,-11],[48,-173],[68,-33],[96,-16],[93,34],[34,4],[93,-323],[-9,-40],[-74,8],[-43,-19],[-56,-56],[7,-70],[38,-44],[-50,-35],[-195,-51],[2,-30],[61,-12],[108,-74],[65,6],[27,-45],[47,1],[24,36],[42,1],[11,-48],[33,2],[116,40],[134,0],[82,24],[134,16],[1,40],[28,0],[21,-39],[124,4],[90,15],[146,10],[14,54],[58,12],[9,52],[129,4],[27,46],[113,-13],[27,84],[211,-21],[88,37],[16,61],[175,6],[18,11],[5,105],[59,-1],[16,27],[33,144],[25,34],[143,54]],[[326400,1738617],[16,-34],[-128,-255],[-57,-106],[19,0],[36,56],[26,8],[93,-6],[-20,-71],[-38,-104],[117,-44],[-8,-59],[100,23],[35,-39],[74,-25],[1,-19],[326,-100],[-7,-49],[51,-13],[24,48],[43,-6],[-2,-53],[-45,-4],[-20,-80],[-71,-1],[-6,-40],[84,5],[0,-24],[98,2],[-33,-51],[60,-32],[17,-41],[86,-4],[37,86],[76,90],[90,-33],[60,56],[141,-12],[-36,-87],[-88,-146],[-20,0],[-30,-74],[-76,7],[-8,-34],[154,-37],[30,10],[82,66],[106,139],[100,122],[35,1],[47,22],[-48,-58],[33,-12],[66,17],[14,-25],[269,-32],[100,-7],[286,-33],[93,26],[18,107],[15,152],[-38,7],[7,40],[37,3],[-21,39],[49,98],[28,16],[45,-13],[17,77],[40,-11],[9,26],[96,10],[33,52],[18,-15],[136,-165],[26,-45],[53,-30],[94,-90],[73,-113]],[[329519,1737696],[-33,-243],[-79,-223],[-57,-186],[73,-22],[-31,-103],[320,-93],[14,-58],[23,-193],[-38,-7],[-15,76],[-51,-10],[-1,-38],[-135,3],[-6,-62],[48,-41],[79,-7],[29,-32],[95,-6],[0,-44],[35,-3],[130,-413],[-70,-283],[-28,-76],[-34,-27],[-71,19],[8,-46],[-21,-56],[-4,-45],[-89,-9],[-28,-77],[-24,-38],[-47,-115],[-50,-99],[-3,-79],[-136,-260],[-73,-168],[-78,-105],[-69,-46],[-42,-84],[70,-23],[-50,-72],[2,-36],[-19,-39],[10,-55],[-45,-33],[-8,-92],[134,1],[96,-56],[74,-65],[47,-59],[3,-51],[-31,-55],[27,-92],[25,-111],[4,-199],[-17,-350]],[[327140,1737744],[27,-22],[-1,-31],[-78,-7],[0,60],[52,0]],[[311407,1740570],[95,92],[196,106],[227,120],[90,53],[41,115],[-24,40],[39,18],[-81,178],[20,7],[4,49],[34,3],[9,36],[42,2],[3,36],[36,18],[36,42],[104,76],[39,6],[16,-21],[84,43],[17,-1],[39,-53],[62,20],[52,2],[-5,-21],[97,-19],[44,2],[37,49],[-3,32],[229,-12],[1,19],[47,5],[51,57],[56,-23],[50,32],[38,-23],[29,42],[-12,16],[76,29],[41,72],[-27,26],[23,122],[201,28]],[[316427,1738142],[-113,20],[-137,10],[-178,6],[-414,4]],[[335758,1733007],[2,25],[-35,11],[-46,-13],[-59,-41],[-59,-57],[-61,93],[-60,59],[-28,149],[30,27],[-23,40],[-24,-28],[-147,-4],[-7,-17],[16,-83],[38,-37],[-75,17],[-38,-25],[-93,13],[-44,23],[1,28],[-68,15],[-35,34],[23,51],[91,27],[54,33],[-24,44],[-98,-75],[-27,15],[-8,-37],[-63,17],[-8,22],[-64,-1],[-57,34],[-65,115],[-135,25],[-75,22],[-72,-34],[-56,-8],[-62,-42],[-26,-53],[-48,-26],[-101,4],[-55,-11],[-43,-25],[-5,-28],[25,-55],[-1,-43],[-85,-51],[-108,2],[-87,11],[-94,-48],[13,-92],[-37,-85],[-44,-68],[-51,-140],[-61,-134],[-11,-50],[-37,-91],[-20,-173],[-8,-112],[15,-79],[-2,-90],[-27,-174],[-33,-20],[-58,-352]],[[333308,1731461],[-96,47],[-229,85],[-109,28],[-221,25],[-182,-3],[-131,-12],[-75,0],[-81,11],[-73,22],[-28,26],[-50,117],[-85,121],[-37,15],[-105,8],[-26,60],[-136,7],[-104,26],[-145,48],[-48,11],[-98,57],[-83,12],[-199,53],[-142,21],[-126,80],[-236,112],[-121,89],[-66,9],[-134,7],[-325,63]],[[329817,1732606],[-140,89],[-106,115],[-25,20],[-164,180]],[[329519,1737696],[74,18],[24,19],[27,54],[42,-27],[47,2],[1,-42],[25,-35],[42,-6],[35,-71],[-41,-65],[45,-55],[18,-70],[22,-29],[83,-51]],[[317268,1728683],[41,-18],[93,7],[42,21],[41,91],[44,63],[83,55],[103,37],[85,-22],[54,-4],[62,28],[29,-38],[20,-60],[6,-99],[20,-8],[40,39],[85,23],[50,25],[68,78],[83,33],[68,39],[49,42],[67,35],[106,72],[13,-107],[26,-17],[57,9],[35,-47],[39,-20],[45,-44],[59,23],[26,39],[67,56],[88,135],[64,-46],[49,-22],[66,-9],[40,7],[46,53],[27,4],[123,-43],[31,-29],[28,-60],[13,-57],[50,-32],[80,-16],[56,-25],[75,-10],[34,-87],[35,-5],[48,-26],[38,-37],[14,-32],[-5,-49],[82,-122],[54,38],[73,4],[22,-10],[15,-39],[97,-79],[41,-49],[24,36],[115,16],[42,26],[9,29],[-6,76],[2,113],[33,10],[105,-53],[11,-46],[28,-12],[125,5],[32,-27],[47,-88],[48,-22],[109,-15],[19,-59],[-11,-56],[32,-18],[38,55],[-21,20],[-7,63],[9,19],[60,10],[36,27],[58,20],[17,18],[73,164],[60,38],[31,57],[17,65],[37,42],[38,12],[45,-60],[138,-2],[121,-7],[118,-49],[55,-3],[19,48],[24,-2],[23,-39],[123,-40],[15,13],[37,101],[94,100],[18,33],[72,43],[83,60]],[[322553,1729092],[37,-86],[60,-66],[67,-52],[32,-47],[9,-70],[18,-43],[30,-33],[61,-38],[28,-31],[1,-27],[-32,-73],[28,-80],[52,-173],[14,-13],[74,45],[82,33],[109,108],[103,126],[77,41],[103,2],[33,16],[98,78],[89,-16],[60,-24],[66,-8],[29,10],[15,91],[43,32],[70,-10],[34,-33],[40,15],[27,71],[44,-5],[46,-58],[12,-40],[-2,-105],[-18,-71],[12,-58],[49,-36],[43,-70],[85,-94],[141,-111],[35,-41],[4,-83],[57,-110],[8,-59],[18,-24],[85,-41],[71,-65],[110,-49],[104,6],[144,-15],[30,-9],[108,-65],[35,-65],[25,-81],[38,-157],[24,-65],[42,-76],[0,33],[-27,54],[51,1],[56,17],[28,-48],[-54,-16],[-13,-64],[25,-22],[80,20],[59,59],[60,-26],[30,-31],[23,6],[58,43],[24,-27],[-62,-96],[-5,-20],[21,-68],[33,47],[52,31],[26,-6],[1,-63],[-37,-75],[8,-9],[77,15],[28,-79],[34,-36],[52,-29],[67,10],[9,-10],[-16,-100],[0,-58],[16,-28],[28,30],[18,62],[47,10],[48,-18],[-44,-65],[10,-27],[90,22],[-1,-27],[61,-20],[56,-50],[19,-29],[27,1],[32,34],[32,-54],[42,12],[-15,-49],[14,-9],[51,20],[36,57],[58,2],[24,-18],[18,-45],[-35,-91],[40,-140],[45,-31],[-97,-116],[-32,-106],[6,-23],[52,7],[-11,-71],[21,-31],[19,-71],[34,27],[27,-5],[16,-37],[53,10],[27,-41],[34,-15],[30,-56],[81,-15],[21,64],[63,-59],[110,-69],[134,-209],[160,-119],[-11,-72],[17,-45],[110,-30],[31,-28],[155,-201],[23,8],[114,110],[11,0],[12,-55],[41,-11],[-3,-25],[-58,-9],[0,-27],[33,-20],[7,-88],[-40,-91],[-34,-142],[-70,-50],[-22,-5],[-74,41],[-47,2],[-133,-47],[-85,-11],[-72,-51],[-67,-24],[-18,-28],[4,-55],[36,-134],[-83,-21],[-100,-53],[-82,2],[-34,-32],[-31,-75],[0,-66],[-76,-123],[-29,-75],[-96,28],[-56,-4],[-21,-17],[-13,-69],[-52,-68],[-56,-58],[-29,-53],[-109,-72],[-68,-53],[-86,24],[-47,0],[-37,19],[-34,53],[18,106],[-96,227],[-37,68],[-32,145],[-55,31],[-62,11],[-10,28],[29,90],[8,54],[-33,40],[-58,29],[-31,44],[-38,25],[-78,22],[-34,59],[-66,58],[45,45],[39,21],[64,178],[20,109],[15,133],[41,105],[44,141],[36,63],[23,19],[113,-23],[78,10],[55,219],[30,75],[65,294],[-2,74],[-24,19],[-118,-52],[-18,2],[-127,84],[-97,6],[-80,-16],[-123,-157],[-85,-70],[-58,-102],[-31,-25],[-39,-3],[-53,23],[-38,0],[-229,-113],[-39,-1],[-48,52],[80,85],[-22,40],[-77,-48],[-49,23],[-21,-28],[-25,-118],[-31,-34],[-42,-9],[-1,-70],[-62,-128],[-30,-46],[-98,-174],[-1,-32],[40,-101],[-12,-96],[-26,-93],[-40,-77],[-49,-69],[-38,-135],[-37,-59],[-84,-33],[-33,-24],[-36,-53],[-25,-45],[-23,-189],[-23,-97],[1,-70],[36,-76],[7,-46],[-60,-48],[-31,-97],[-38,-83],[8,-45],[72,-30],[33,-23],[39,-111],[7,-57],[27,-53],[34,-14],[114,4],[240,-84],[41,-8],[46,17],[17,66],[-7,101],[30,54],[69,92],[46,-25],[33,-80],[32,-16],[25,-97],[91,-93],[35,-25],[59,-18],[15,-77],[44,-103],[51,-85],[86,-112],[20,-51],[4,-106],[17,-155],[-2,-45],[-24,-62],[7,-90],[-6,-87],[7,-93],[52,-153],[-17,-144],[-34,-58],[-36,-32],[-3,-42],[-71,-34],[-37,-111],[-10,-64],[2,-100],[-7,-45],[18,-54],[62,-106],[44,-205],[94,-49],[130,-38],[43,-46],[50,-81],[-2,-75],[10,-47],[-14,-37],[-25,-15],[-9,-50],[29,-15],[179,-41],[10,-9],[-16,-90],[-29,-45],[20,-41],[-51,-188],[-24,-111],[46,-135],[36,-60],[15,-86],[37,-29],[59,-85],[-18,-32],[-62,-44],[-13,-43],[-27,-29],[21,-88],[39,-22],[41,-95],[-12,-75],[-25,-37],[-57,-48],[-40,-66],[-42,-51],[-8,-72],[16,-47],[42,-62],[19,-52],[-13,-52],[-59,-12],[-56,4],[-56,21],[-70,-64],[-51,-28],[-20,-65],[-51,-106],[-65,-99],[-143,-233],[-92,-119],[-112,-97],[-110,-132],[-8,-52],[71,-103],[12,-34],[163,-254],[59,-98],[56,-71],[7,-55],[28,-57],[143,-62],[213,-82],[-13,-17],[-238,-49],[-83,-34],[-96,-23],[-76,-54],[-88,-35],[-146,-69],[-69,-26],[-160,5],[-85,-16],[-104,24],[-124,68],[-81,9],[-91,-27],[-60,4],[-114,37],[-8,12],[22,100],[28,189],[2,148],[-26,94],[-47,83],[-140,169],[-113,188],[-46,136],[-31,143],[-6,115],[5,127],[-5,109],[-26,80],[-40,80],[-66,70],[-61,50],[-109,55],[-156,39],[-291,69],[-35,16],[-58,60],[-25,44],[-19,96],[12,59],[54,86],[92,122],[59,88],[31,74],[28,122],[40,-4],[39,-34],[8,59],[-22,14],[-2,77],[-41,3],[-3,57],[-52,-17],[-67,63],[-79,47],[-75,86],[-58,124],[-16,23],[-69,51],[-114,60],[-125,96],[7,25],[-40,4],[10,27],[-46,45],[-18,-14],[-35,34],[20,48],[-60,-12],[-55,70],[-37,85],[4,133],[-15,72],[-28,50],[-43,52],[-102,98],[-118,179],[7,64],[-7,44],[-64,40],[-45,-31],[-17,-28],[-294,121],[-57,38],[-43,42],[-143,217],[-51,-2],[26,25],[-26,24],[-154,95],[-75,-68],[-22,30],[-96,-6],[-19,13],[-34,-25],[-28,65],[-2,43],[-38,3],[-15,47],[-23,20],[-36,85],[5,11],[-197,109],[-115,77],[-88,88],[-41,6],[27,66],[36,-12],[-17,67],[-35,14],[-31,104],[-27,-7],[-56,90],[-89,96],[-138,116],[-50,88],[-30,206],[-25,60],[-35,49],[-57,43],[-200,100],[-65,45],[-84,77],[-27,20],[-28,-19],[-77,-1],[-60,24],[-13,52],[-23,-5],[24,65],[17,97],[-104,111],[-164,167],[-43,-12],[-19,28],[1,58],[-36,61],[-36,172],[-49,110],[-77,126],[-90,246],[-21,139],[-16,52],[-38,54],[-75,40],[-81,16],[-81,0],[-194,-36],[-67,-5],[-49,11],[-56,52],[27,69],[-37,-12],[-16,25],[-27,-33],[-33,34],[-49,89],[-10,66],[-2,190],[-24,81],[-51,14],[32,73],[-11,43],[-75,22],[-36,116],[-9,76],[32,34],[16,70],[-81,27],[-105,-52],[-28,33],[-34,-16],[-50,12],[-40,-26],[-11,-39],[-41,42],[-22,5],[-29,-36],[-34,15],[-4,79],[-54,90],[-33,2],[-89,-22],[-56,16],[-34,-29],[-87,-6],[-43,33],[-54,116],[-46,117],[-37,52],[-55,55],[-64,2],[-41,-45],[3,49],[-50,-6],[-162,-39],[-9,-81],[-86,17],[17,96],[-148,73],[4,35],[-26,48],[-59,-8],[-11,-30],[-95,47],[6,31],[-27,13],[-6,24],[-84,-37],[-65,1],[-27,28],[21,30],[-129,65],[-67,49],[-82,92],[-90,155],[-26,31],[-60,38],[-83,16],[-3,25],[-63,14],[-25,-55],[-103,-20],[-69,3],[-44,14],[-59,36],[-188,165],[-99,115],[-58,44],[-196,114],[-35,-14],[-13,43],[-66,28],[-69,12],[-66,-21],[-118,-41],[-83,-10],[-126,12],[-115,34],[-60,31],[-82,92],[-34,24],[-4,28],[-28,-16],[-29,10],[-36,-31],[-27,15],[-21,-37],[-37,41],[9,48],[-106,24],[-85,-9],[-54,7],[-212,72],[3,65],[-27,1],[1,-32],[-58,-4],[-13,51],[-5,-45],[-118,21],[-145,53],[-31,1],[-24,30],[-47,16],[-40,72],[-18,-3],[-1,-46],[-34,10],[-1,44],[-44,46],[-9,51],[-63,50],[-33,-17],[-64,66],[-29,15],[-63,-8],[-65,-64],[-35,-8],[-28,-56],[-51,16],[-75,-12],[-59,14],[-35,-33],[-25,3],[-10,31],[-32,-44],[-26,27],[-36,-3],[-2,-28],[-77,-42],[-40,9],[-18,39],[-64,16],[-71,-30],[-39,24],[-9,-46],[-56,-76],[-43,45],[-35,14],[-18,-37],[-30,18],[-42,-8],[-40,40],[-45,1],[-21,20],[-31,-18],[-30,21],[10,30],[-53,26],[-14,22],[-53,-10],[-12,32],[-31,2],[-40,26],[0,-49],[-27,44],[-26,3],[-2,-32],[-62,73],[-22,6],[-23,-35],[-15,43],[-39,15],[-28,33],[-31,-25],[-29,6],[-9,51],[-88,25],[-70,-31],[24,-50],[-35,21],[-35,-7],[-39,18],[-74,-15],[-30,-36],[-62,10],[-13,-38],[-22,16],[-43,-26],[-100,-1],[-36,21],[-42,-5],[23,-43],[-35,-37],[2,-40],[-36,-4],[-40,37],[-26,-30],[-29,-5],[3,32],[-46,0],[-130,-40],[-174,-10],[-126,38],[-47,29],[26,38],[-23,27],[-51,-1],[2,-30],[-47,32],[-48,10],[-14,-32],[-47,-29],[-43,16],[2,35],[-50,-12],[-3,-21],[34,-33],[-59,-20],[-52,9],[-15,49],[-91,32],[-93,67],[-50,-21],[-8,52],[26,14],[-37,20],[-46,-46],[-114,7],[-4,47],[-17,33],[-53,27],[33,49],[-46,10],[-30,28],[-79,-1],[-14,9],[-27,116],[12,48],[-25,58],[-37,32],[-47,-8],[-46,17],[-45,64],[-48,37],[3,-31],[-57,-5],[-43,-22],[-36,44],[-38,26],[15,57],[-43,-9],[2,24],[-75,27],[-7,-25],[-32,8],[9,27],[-71,13],[-27,19],[-20,-60],[-27,-6],[-33,19],[-92,6],[-25,25],[-59,20],[-133,-7],[-11,49],[-29,13],[-30,37],[-42,-15],[-16,-37],[-38,44],[-26,-3],[-14,-30],[-90,27],[-23,-28],[-102,-20],[-55,-34],[-58,-68],[-9,-29],[-39,-24],[-59,-10],[-163,17],[-98,-67],[-90,-12],[-125,23],[-71,-43],[-77,-37],[-58,3],[-51,-27],[-23,-33],[-65,-7],[-110,-40],[-67,-9]],[[316051,1726673],[-32,-3],[11,-24],[21,27]],[[326400,1738617],[128,187],[18,56],[3,56],[23,81],[5,166],[-71,45],[-179,0],[-1,52],[-99,34],[-206,55],[-111,43],[75,164],[27,72],[75,-38],[27,32],[80,248],[-42,80],[-121,138]],[[326031,1740088],[46,33],[417,-62],[100,-6],[68,216],[21,27],[36,-5],[228,-61],[8,2],[16,165],[14,70],[1,63],[17,103],[47,-13],[86,-6],[313,-76],[163,-15],[159,2],[153,-2],[216,3],[43,30],[21,370],[10,72],[224,31],[365,65],[229,57],[163,44],[138,31],[102,28],[75,29],[93,22]],[[329603,1741305],[-22,-162],[82,-16],[255,-25]],[[320373,1742569],[130,-17],[84,5],[68,33],[322,180],[173,103],[72,35],[56,11],[221,129],[405,225],[54,-34],[110,-56],[128,-60],[56,-7],[93,28],[56,26],[149,82],[66,43],[100,51]],[[322716,1743346],[272,149],[220,110],[209,116],[103,53],[117,67],[117,61],[141,109],[178,95],[113,47],[24,-4],[210,-82],[207,-65],[93,-40],[90,-52],[120,-97],[80,-49],[214,-87],[18,-53],[-1,-93],[-30,-127],[56,-13],[45,4],[1,-24],[55,-1],[5,-226],[190,-4],[234,-16],[-6,-58],[288,-3],[6,163],[19,161],[12,146],[17,126],[47,119],[-14,23],[-189,-12],[-42,150],[85,20],[-27,105],[44,11],[-5,54]],[[326032,1744129],[89,86],[87,47],[31,-102],[146,87],[22,-7],[19,-42],[75,-301],[32,-42],[34,5],[174,85],[306,161],[40,8],[132,69],[-6,172],[273,-194],[270,-149],[-49,-163],[137,-44],[-35,-91],[-13,-166],[-24,-230],[78,-11],[-12,-212],[-20,-295],[111,-16],[33,480],[49,-6],[9,170],[12,128],[6,132],[-104,34],[102,197],[176,-86],[-77,-143],[25,-35],[19,-58],[-5,-92],[181,-20],[79,-5],[166,-22],[7,248],[14,92],[-1,54],[49,-1],[-20,-205],[-14,-97],[118,-2],[0,139],[9,164],[90,-20],[-16,-242],[150,-2],[114,-8],[308,-9],[-14,-133],[-38,-264],[-37,-230]],[[329319,1742942],[-86,-80],[-120,-125],[-125,-120],[22,-106],[41,-113],[30,-139],[47,-31],[33,-40],[74,-61],[45,-26],[340,-320],[-22,-51],[42,-138],[64,-153],[44,-95],[-145,-39]],[[326031,1740088],[-56,80],[-77,97],[-213,281],[-110,134],[-67,90],[-51,-199],[-26,-46],[-90,-400],[-182,26],[-16,12],[-255,139],[-172,88],[-5,47],[6,210],[9,156],[-2,83],[-253,70],[-239,52],[-187,45],[-100,15],[-174,42],[-141,25],[-56,22],[-125,14],[-20,22],[-15,182],[-39,129],[-34,5],[-314,62],[-157,38],[-140,27],[-334,79],[-144,24]],[[319527,1737172],[0,-16],[71,-20],[65,-31],[125,-121],[114,-117],[87,-107],[339,-475],[55,-97],[119,-159],[48,-49],[147,-167]],[[321860,1734349],[-53,-8],[-216,-85],[31,-34],[97,-73],[-40,-37],[-86,-17],[-32,-29],[-9,-32],[-43,-70],[13,-133],[-33,-37],[-28,-222],[0,-44],[17,-43],[-30,-38],[-127,48],[-120,19],[-76,29],[-25,-3],[-30,-57],[-44,-106],[-7,-100],[-11,-30],[-60,-39],[-117,-17],[-46,-36],[-91,-9],[7,-26],[47,-3],[58,-53],[-10,-41],[-32,-29],[-99,-42],[-104,1],[-67,-38],[-32,-57],[-2,-122],[-56,5],[-73,58],[-37,55],[-112,66],[-68,7],[-220,90],[-18,17],[-20,63],[-52,4],[-149,128],[-102,60],[-99,46],[-34,-63],[-77,-104],[-39,-27],[-22,-36]],[[321741,1746762],[35,-17],[168,-10],[48,15],[74,-27],[76,0],[34,36],[46,78],[38,32],[120,55],[67,17],[173,18],[89,65],[42,3],[149,-88],[46,9],[38,82],[59,8],[60,20],[179,9],[37,-31],[72,-11],[48,42],[25,111],[-3,39],[12,76],[54,89],[34,10],[91,4],[41,69],[3,23],[78,14],[41,-5],[23,-46],[43,-20],[67,23],[36,52],[63,25],[83,-6],[93,13],[128,38],[165,6],[37,-45],[59,-45],[29,-1],[105,105],[52,16],[45,-3],[76,25],[14,33],[-24,75],[52,-30],[131,-14],[79,12],[32,27],[-70,89],[-64,-20],[-28,77],[66,23],[36,26],[36,61],[57,17],[111,61],[5,36],[68,54],[17,74],[80,37],[13,-17],[94,50],[74,12],[6,39],[30,8],[15,-44],[41,14],[171,-1],[85,-27],[66,-52],[144,-68],[57,-15],[37,61],[61,19],[4,-28],[-22,-33],[-35,15],[-15,-47],[56,-13],[17,25],[33,6],[-2,55],[-32,63],[31,42],[30,8],[49,-47],[-10,-28],[25,-26],[40,33],[217,-82],[-31,100],[7,141],[238,-11],[9,-44],[4,-121],[22,-106],[40,-59]],[[327086,1748094],[-2,-96],[-23,-106],[0,-52],[16,-101],[41,-62],[17,-59],[16,-161],[22,-109],[33,-22],[58,9],[11,33],[48,-74],[17,-72],[16,-20],[66,-151],[29,-148],[-6,-24],[64,-273],[-11,-18],[-167,-137],[-187,-149],[-17,-60],[101,-19],[218,-30],[195,-35],[178,-36],[32,-31]],[[327851,1746091],[-71,-28],[-107,-31],[-291,-91],[-138,-34],[-129,-21],[-221,-116],[46,-57],[-25,-24],[12,-27],[-23,-28],[35,-66],[-123,-64],[23,-105],[-42,-80],[13,-57],[-74,-56],[-81,-52],[124,-69],[-6,-30],[-46,-53],[-104,22],[-87,37],[-30,0],[-50,-83],[-27,-6],[-37,-67],[-18,-9],[-46,20],[-114,-120],[-31,-85],[-51,-2],[-40,-15],[-1,-43],[65,-123],[-17,-104],[-41,-109],[-80,19],[-59,-69],[-41,-71],[7,-20],[79,-62],[28,17]],[[322716,1743346],[-21,42],[-29,-13],[-28,75],[52,16],[-4,43],[-51,8],[0,45],[41,-1],[-3,26],[46,6],[10,-20],[40,10],[-19,42],[17,60],[-34,72],[44,0],[-5,77],[-62,0],[-2,62],[-20,19],[14,150],[20,117],[-22,31],[24,107],[30,7],[-20,100],[-80,-5],[-38,128],[-68,28],[-44,2],[-24,136],[40,8],[20,52],[-24,8],[-22,-35],[-56,-22],[-51,14],[-5,60],[21,11],[-3,36],[-41,50],[-33,160],[60,65],[-46,161],[-40,44],[-22,54],[-19,89],[-38,0],[-88,-18],[-7,17],[-62,11],[-55,119],[-149,183],[-18,39],[20,59],[-9,15],[-71,24],[-33,64],[-29,7],[-8,132],[25,26],[17,67],[-86,175],[47,221],[26,150]],[[323520,1738268],[-67,36],[-83,60],[-213,172],[-86,80],[-82,87],[-72,67],[-70,83],[-84,86],[-171,224],[-94,76],[-15,4],[-255,-74],[-90,-6],[-316,13],[-19,22],[-24,73],[-16,14],[-71,3],[-42,-18],[-100,6],[-87,13],[-79,1],[-133,-29],[-13,26],[-145,-38],[-44,75],[-107,-10],[-38,9],[-91,114],[-69,101]],[[311287,1740667],[-72,328],[-54,223],[-29,160],[-4,76],[-70,213],[-36,165],[8,63],[16,362],[-24,50],[-398,354],[-219,199],[-57,39],[-69,3],[-53,24],[-129,453],[-39,158],[-35,116],[-80,297],[-42,116],[-271,433]],[[309630,1744499],[256,179],[89,42],[74,95],[52,91],[58,8],[123,-62],[23,-20],[61,37],[19,52],[-59,99],[71,51],[89,47],[-75,118],[274,142],[58,-101],[87,54],[51,-83],[34,-86],[151,75],[45,-140],[207,84],[36,-161],[153,27],[14,-98],[152,10],[48,-2],[19,38],[39,19],[-17,23],[31,10],[34,-23],[3,-41],[30,12],[3,49],[47,5],[32,-136],[32,-23],[30,-51],[43,-8],[71,5],[105,-33],[75,8],[78,-2]],[[312376,1744809],[-31,-384],[1,-37],[82,12],[223,94],[71,-82],[74,-73],[480,-510],[29,30],[91,118],[-264,276],[-13,21],[-50,294],[101,-81],[353,-161]],[[313523,1744326],[132,-59],[-108,-263],[213,-111],[126,-61],[35,-37],[-26,-19],[-15,-49],[74,-31],[67,-56]],[[336006,1729849],[-34,26],[-66,22],[-92,53],[-176,130],[-133,64],[-210,66],[-115,2],[-53,8],[-94,38],[-76,2],[-78,-30],[-104,5],[-76,18],[-97,42],[-180,89],[-113,63],[-128,83],[-134,129],[-17,26],[-67,58],[-107,75],[-75,15],[-124,15],[-4,20],[21,118],[35,118],[-44,54],[-291,166],[5,83],[-19,30],[-52,24]],[[317056,1746347],[45,-8],[139,24],[135,48],[85,37],[147,-17],[95,36],[26,37],[15,50],[10,83],[96,99],[28,111],[38,49],[79,43],[152,-14],[41,15],[77,61],[52,7],[79,-40],[74,-23],[123,-19],[104,25],[62,3],[82,-19],[154,-66],[83,17],[28,-23],[23,-52],[28,-30],[66,-17],[84,-4],[33,-21],[29,-60],[115,-20],[88,6],[48,-22],[98,-6],[62,17],[27,20],[56,71],[96,105],[12,3],[109,-69],[86,-8],[66,16],[91,-34],[38,-28],[126,-31],[53,19],[62,39],[62,-4],[54,-24],[144,-42],[92,19],[68,95],[49,6],[44,-20],[120,-11],[61,3],[59,17],[41,33],[64,9],[43,33],[20,66],[-5,21],[-45,40],[32,53],[64,-1],[64,-42],[31,-82],[5,-95],[10,-19],[63,-50]],[[319226,1742895],[-77,254],[33,14],[-37,119],[-62,-13],[-26,9],[9,64],[-53,15],[-15,-19],[-79,38],[3,73],[17,41],[43,-1],[19,51],[31,3],[5,35],[-34,7],[-15,75],[-35,40],[-9,39],[-43,51],[-4,79],[-24,30],[-13,220],[-1,244],[7,179],[-17,60],[-42,27],[-102,22],[-144,20],[-9,12],[4,152],[-13,246],[22,112],[38,78],[108,151],[-8,70],[11,33],[29,22],[22,64],[-30,153],[-39,81],[-44,33],[-1,82],[-81,102],[-93,22],[-69,41],[-67,72],[-71,0],[-92,-84],[-79,-25],[-81,25],[-68,33],[-49,42],[-146,19],[-64,35],[-90,-2],[-101,43],[-76,-32],[-78,31],[-87,-63],[-27,-8],[-78,19],[-30,32],[-71,34],[3,51]],[[327086,1748094],[14,3],[45,92],[61,190],[49,14],[35,53],[45,43],[96,-2],[87,30],[233,50],[72,33],[57,-35],[154,-8],[69,52],[47,63],[5,46],[34,23],[12,31],[329,48],[63,32],[55,74],[23,138],[39,129],[24,17],[214,31],[53,20],[157,-42],[120,-21],[52,-3],[85,10],[132,88],[77,76],[34,48],[0,23],[-67,78],[8,57],[28,15],[125,-7],[77,12],[40,71],[112,18],[55,27],[151,139],[59,83],[21,41],[88,115],[71,69],[69,168],[93,141],[59,121],[75,116],[145,187],[45,77],[43,28],[128,114],[204,156],[86,84],[52,-8],[196,-68],[60,-143],[32,-91],[35,-44],[35,-13],[65,-45],[31,-46],[19,-71],[-11,-114],[-62,-189],[-20,-87],[-100,-157],[-30,-58],[10,-22],[-17,-44],[-67,-30],[-186,-145],[-135,-97],[-85,-72],[-28,-58],[-84,-116],[-117,-69],[-9,-12],[23,-84],[202,-70],[54,-27],[49,-6],[-3,-42],[50,10],[13,-40],[18,7],[149,-78],[61,-46],[6,-138],[-5,-472],[-6,-87],[-24,-111],[-48,-147],[-32,-30],[-105,-43],[-47,-40],[-123,-55],[10,-63],[-227,-103],[5,-16],[-68,-71],[-60,-17],[26,-38],[-50,-51],[-93,-60],[-63,-53],[-90,-46],[-109,-42],[-142,-21],[-254,24],[35,-45],[-201,-163],[-37,60],[-76,-7],[-108,-28],[-93,12],[-44,-30],[-128,-129],[-67,-58],[-41,-58],[-188,-217],[-72,-92],[-18,-71],[-78,-35],[-1,-34]],[[328957,1746600],[-11,-14],[-185,-105],[-311,-168],[-237,-115],[-190,-64],[-172,-43]],[[328957,1746600],[14,-10],[112,43],[169,99],[182,95],[255,38],[121,14],[165,27],[21,-52],[75,17],[55,30],[110,15],[50,0],[237,124],[62,8],[124,39],[81,16],[98,30],[139,53],[239,104],[104,41],[110,63],[120,86],[238,95],[105,10],[16,-28],[-9,-239],[-9,-91],[-57,-110],[-10,-65],[8,-175],[34,-146],[24,-63],[-22,-105],[-27,-40],[-12,-114],[10,-33],[4,-98],[-43,-6],[12,-226],[15,-46],[-57,-140],[-53,-114],[-67,-56],[-33,-90],[-41,-149],[23,-82]],[[331649,1745369],[-162,-158],[-66,-74],[-149,-149],[-328,-338],[-24,-40],[-327,-363],[-43,-37],[-97,-16],[-347,32],[-119,-122],[128,-124],[68,-56],[32,-38],[68,-59],[20,-29],[65,-56],[15,-23],[-83,-48],[-71,-14],[-179,-151],[-257,-204],[-47,-24],[-338,-259],[-89,-77]],[[315848,1747240],[-8,-88],[41,-97],[17,-87],[-2,-89],[16,-93],[51,-95],[43,-37],[60,-24],[73,16],[128,-57],[137,-30],[38,7],[154,74],[18,14],[140,67],[104,56],[98,23],[88,9],[18,-6],[7,-60],[-46,-136],[-84,-178],[5,-33],[49,-32],[63,-17]],[[313523,1744326],[119,62],[47,53],[-5,52],[-46,27],[-47,-34],[-8,76],[7,62],[50,38],[64,246],[9,11],[52,-50],[17,-37],[50,8],[2,43],[19,30],[-57,315],[2,22],[78,-50],[13,15],[50,123],[-228,111],[16,40],[68,-33],[21,42],[86,-12],[8,43],[-54,35],[14,34],[59,23],[-15,55],[6,53],[53,57],[-5,-35],[83,66],[11,97],[54,79],[119,-69],[48,67],[-32,23],[-55,17],[6,31],[-79,29],[30,38],[138,-78],[29,36],[49,-33],[25,18],[-85,112],[-53,-7],[-28,24],[68,26],[22,25],[65,131],[12,42],[98,-61],[29,28],[-98,80],[73,110],[70,91],[6,28],[-6,111],[66,29],[104,12],[-1,41],[-23,63],[60,28],[-62,4],[1,30],[53,0],[57,91],[-42,36],[18,25],[38,-25],[10,78],[-30,67],[-19,71],[8,57],[-26,17],[33,135],[37,34],[27,-56],[33,-27],[73,-36],[11,-36],[-6,-115],[87,-68],[76,0],[80,-36],[63,25],[5,-58],[23,-54],[-6,-37],[-32,-45],[0,-74],[32,-26],[24,17],[15,52],[30,28],[31,55],[36,-30],[-17,-44],[-34,-48],[7,-145],[-7,-56],[26,-10],[59,111],[-21,102],[12,41],[86,94],[51,-12],[47,5],[58,32],[33,50],[97,36]],[[313685,1744255],[133,-60],[46,105],[-134,59],[-45,-104]],[[324894,1733367],[-18,-113],[28,-73],[-2,-79],[-10,-24],[-113,-13],[-77,-39],[-118,-84],[-91,-53],[-79,-65],[11,-46],[7,-212],[-6,-163],[10,-80],[38,-75],[14,-53],[51,-139],[19,-105],[51,-104],[12,-106],[14,-58],[45,-92],[2,-25],[-31,-30],[-39,-7],[-14,-36],[-65,-45],[-42,-2],[-78,63],[-11,-53],[-7,-103],[-60,2],[-19,-13],[-19,-62],[-109,-15],[-94,-58],[-86,-84],[65,-100],[-37,-83],[-29,-97],[-4,-53],[-18,-45],[2,-75],[18,-59],[-32,-69]],[[323973,1730542],[-91,45],[-69,17],[-30,-21],[-66,-125],[-20,-92],[-50,-92],[-40,-27],[-54,-62],[-57,-49],[-65,-37],[-26,-30],[-40,-83],[-71,-60],[-86,-12],[-34,-26],[-42,-65],[-40,-14],[-87,21],[-43,-20],[-37,60],[-15,-6],[-6,-52],[-62,-164],[10,-100],[-46,-51],[-47,-31],[-62,-132],[-6,-82],[-138,-160]],[[329817,1732606],[-71,-101],[-35,-27],[-11,-100],[-22,-85],[-52,-123],[-126,-147],[-99,28],[-8,-40],[22,-74],[55,-33],[2,-38],[25,-85],[7,-95],[24,-40],[98,-76],[18,-61],[-8,-70],[-22,-26],[-255,-84],[-30,-20],[-55,34],[-61,-13],[-25,-22],[-27,-68],[-29,-10],[-72,11],[-45,-52],[-37,-69],[9,-93],[25,-101],[-15,-81],[-36,-86],[-26,-82],[-40,-39],[-110,-72],[-20,-8],[-192,-25],[-59,-27],[-44,-44],[-83,-53],[-76,83],[-31,3],[-82,-35],[-81,-11],[-98,-53],[-45,-47],[-74,18],[-150,-5],[-30,-9],[-33,-61],[-71,-44],[-81,-5],[-34,-17],[-43,-50],[-139,-124],[-113,-203],[-27,-19],[-40,3],[-67,-26],[-59,-44],[-108,-32],[-29,-31],[-15,-64],[0,-125],[71,-132],[11,-120],[48,-101],[43,-43],[41,-65],[25,-19],[58,-106],[70,-79],[59,-89],[10,-53],[79,-82],[20,-42],[-16,-55],[4,-45],[-13,-107],[-91,0],[-70,-47],[-48,-21],[-36,25],[-38,-18],[-130,67],[-73,-1],[-60,31],[-39,5],[-87,-13],[-74,-33],[-69,-21],[-95,-81],[-61,-24],[-49,40],[-11,65],[-29,62],[1,46],[-38,111],[-57,82],[-107,63],[-37,1],[-124,22],[-129,-2],[-36,22],[-73,100],[-105,42],[-25,45],[-51,143],[-37,55],[-14,95],[-27,27],[-84,31],[-28,23],[-46,0],[-79,-73],[-79,-4],[-29,20],[49,60],[18,57],[-3,121],[-69,261],[-4,73],[36,42],[-8,29],[-74,93],[-37,32],[-89,-36],[-112,13],[-52,-4],[-160,24],[-59,27],[-147,21],[-69,16],[-56,35],[-135,176],[15,51],[-18,70],[-47,71],[-113,52]],[[329055,1731153],[73,-16],[17,-34],[-25,-25],[-58,34],[-38,-13],[0,30],[31,24]],[[310317,1747925],[73,-73],[664,-596],[177,133],[83,47],[74,-88],[48,-84],[1,-43],[80,-9],[-4,-46],[18,-68],[-12,-139],[-40,-65],[-5,-63],[77,-43],[232,-135],[-9,-14],[-65,32],[-61,-25],[38,-101],[-60,-19],[48,-69],[73,-19],[22,-59],[-95,-46],[40,-79],[39,-10],[-44,-26],[31,-94],[-27,-110],[14,-37],[0,-92],[46,-61],[39,-71],[27,-30],[95,-55],[42,-59],[11,-76],[-17,-79],[74,-6],[-2,-100],[116,-97],[26,46],[66,-12],[84,22],[77,-43],[7,-71],[-42,-384]],[[309630,1744499],[-194,299],[-75,100],[-101,87],[-224,92],[-41,-11],[-49,59],[-172,137],[-175,131],[-44,25],[-47,-5],[-41,-31],[-237,-4],[-60,18],[-55,-6],[-65,-23],[-53,-36],[-21,13]],[[296035,1737853],[-52,20],[-72,68],[-39,25],[-15,36],[12,94],[93,68],[35,58],[77,75],[42,111],[-16,87],[4,159],[43,122],[-7,88],[-21,65],[10,75],[5,151],[-5,87],[-28,85],[-100,70],[-28,28],[-43,78],[-79,36],[-146,59],[-59,61],[-85,138],[-33,22],[-75,26],[5,57],[-7,106],[-20,95],[11,68],[-16,124],[26,79],[-17,37],[8,38],[52,85],[46,111],[19,90],[-16,194],[-28,77],[-8,84],[10,61],[-8,52],[-18,30],[11,37],[49,29],[38,69],[-4,39],[-28,46],[55,27],[-15,63],[37,70],[1,34],[-28,84],[-53,-19],[-86,-7],[1,189],[5,93],[-14,74],[-6,159],[7,29],[66,151],[8,81],[-56,65],[-60,42],[-13,116],[-36,51],[-14,79],[69,107],[26,88],[16,99],[33,94],[2,31],[-52,81],[-51,52],[-23,47],[-15,87],[-4,133],[-25,107],[4,79],[-70,15],[-129,84],[-53,75],[-27,21],[-203,55],[-121,89],[-116,45],[-27,33],[-27,79],[-3,107],[-54,90],[-115,99],[-25,47],[8,36],[-9,91],[5,33],[-70,53],[-124,106],[-26,47],[-70,99],[-61,50],[-92,117],[-48,7],[-138,-32],[-67,23],[-110,49],[-68,62],[-123,32],[-43,2],[-93,21],[-132,-27],[-44,64],[-32,185],[46,156],[22,25],[95,39],[52,47],[52,12],[107,1],[76,13],[69,64],[14,25],[65,33],[17,46],[80,38],[-7,22],[-52,53],[-96,123],[-50,31],[-28,76],[-40,80],[-82,105],[-68,34],[-156,91],[-116,35],[-76,31],[-55,43],[-69,69],[-41,11],[-120,119],[-5,15]],[[292664,1747133],[13,48],[38,41],[32,87],[64,71]],[[295236,1748042],[44,-44],[295,-264],[48,58],[136,-88],[332,-206],[430,-276],[52,-31],[105,-12],[79,-35],[38,-39],[69,-104],[55,-60],[25,-85],[-3,-125],[-52,-105],[-3,-37],[25,-161],[38,-70],[46,-63],[42,-18],[108,-9],[92,8],[123,-28],[95,-33],[32,-47],[37,-22],[40,-52],[35,1],[87,114],[45,12],[96,-48],[45,-6],[68,-29],[44,-35],[75,-10],[46,-27],[54,-14],[93,-63],[32,-11],[86,-52],[30,-59],[48,-26],[110,-125],[24,-12],[119,39],[64,1],[37,-34],[95,-26],[24,-28],[11,-56],[67,-4],[97,-78],[80,-32],[16,-30],[31,-142],[29,-57],[120,-4],[61,-60],[42,-22],[53,-56],[94,-37],[97,-15],[94,-32],[58,43],[70,7],[39,-21],[13,-54],[-16,-33],[9,-130],[-43,-183],[25,-43],[41,-11],[48,-56],[67,-53],[49,-49],[17,-49],[0,-142],[17,-29],[51,-37],[77,-4],[50,27],[57,-14],[94,-7],[39,-17],[64,-75],[84,-61],[109,20],[40,-23],[36,-78],[40,-63],[68,-61],[81,-43],[74,2],[22,-17],[62,-83],[34,-15],[67,-7],[64,27],[36,3],[49,-15],[25,-55],[69,5],[85,-8],[96,-47],[96,-20],[118,1],[89,-9],[37,43],[172,19],[93,24],[59,-27],[83,48],[13,-2],[46,-70],[75,8],[46,-10],[65,18],[48,-27],[67,-1],[28,-22],[52,-4],[20,-69],[34,-68],[73,-106],[75,-4],[75,11],[140,-10],[144,-24],[91,-7],[56,-61],[141,60],[147,-33],[272,-75],[85,-15],[5,-24],[-25,-65],[330,-95],[40,14],[52,-64],[46,-95],[154,9],[196,23],[241,53],[97,17],[207,19],[157,3],[138,9],[81,-22],[49,1],[133,34],[104,-72],[113,-56],[157,-73],[151,-62],[34,22],[41,79],[-19,236],[-57,324],[1,61],[46,91],[37,116],[16,93],[-3,29],[-100,-27],[-40,-2],[-73,24],[-254,148],[-44,31],[3,100],[-9,32],[23,14],[50,-3],[45,114],[24,134],[4,60],[-13,141],[-71,231],[-43,-4],[-51,44],[-38,9],[-8,81],[-57,107],[-20,98],[-26,1],[-36,32],[-71,31],[-28,49],[-44,39],[-92,21],[-101,12],[-64,-41],[-95,-14],[-41,10],[-101,-12],[-61,8],[-42,17],[-15,36],[-48,58],[-94,43],[-79,4],[-54,28],[-63,-8],[-31,35],[-57,12],[-87,-12],[-149,18],[-26,9],[-73,85],[-46,7],[-50,52],[-89,70],[-181,134],[-39,15],[-93,69],[-15,52],[15,45],[96,54]],[[331649,1745369],[23,-17],[73,31],[61,7],[52,16],[38,-111],[-24,-70],[22,-13],[53,13],[94,37],[130,63],[-5,101],[44,12],[62,-25],[64,35],[25,58],[61,3],[36,-40],[48,-7],[108,0],[52,18],[13,154],[1,75],[36,0],[2,33],[24,11],[11,85],[100,13],[3,32],[46,10],[7,25],[78,-17],[-2,-20],[46,8],[77,-15],[47,2],[140,44],[18,35],[-21,132],[84,36],[10,24]],[[316082,1747590],[-75,-70],[-33,-40],[-31,-150],[-48,-30],[-47,-60]],[[311204,1749792],[207,-187],[24,-10],[113,108],[87,98],[55,-4],[116,12],[32,10],[143,84],[164,-21],[82,0],[70,-10],[83,-33],[64,18],[0,58],[44,12],[276,182],[53,-10],[33,-33],[5,-73],[86,-38],[109,-16],[53,-171],[38,-15],[196,25],[33,-57],[41,-14],[-1,38],[28,17],[22,-17],[88,58],[29,-31],[136,4],[110,-41],[74,-16],[30,-119],[91,-35],[92,7],[183,25],[94,-23],[249,2],[91,7],[22,-38],[107,9],[123,23],[33,-94],[-148,-70],[18,-55],[57,-123],[35,-127],[-161,-47],[-33,-18],[31,-112],[-92,-51],[21,-67],[8,-73],[35,-41],[149,-87],[45,-73],[7,-30],[-6,-92],[147,7],[20,-123],[14,-22],[115,-70],[-43,-47],[-105,-55],[-97,-5],[-16,-55],[73,-9],[73,59],[71,16],[101,93],[76,47],[107,41],[47,-8],[148,-49],[171,-90],[74,-48],[5,-90],[-38,-84],[21,-33],[64,11],[63,31],[20,-41],[-14,-49],[-2,-113],[15,-116],[-6,-25]],[[295098,1735481],[-128,-17],[-88,-27],[-92,-51],[-91,-34],[-32,-35],[-90,16],[-62,-10],[-113,-41],[-68,-15],[-44,33],[-166,46],[-228,10],[-176,1],[-86,33],[-56,42],[-126,128],[-87,32],[-52,54],[-4,69],[-156,50],[-45,21],[-47,3],[-76,-17],[-51,10],[-77,93],[-27,19],[-106,100],[-37,5],[-56,-15],[-214,65],[-152,-59],[-55,-43],[-29,5],[-37,91],[-76,84],[-22,70],[-86,135],[-94,99],[-85,70],[-131,58],[-62,39],[-66,3],[-54,-31],[-23,5],[-59,98],[-35,37],[-87,67],[-34,14],[-64,57],[-66,25],[-35,43],[-21,82],[-18,30],[-194,207],[-54,65],[-42,2],[-83,20],[-62,33],[-72,0],[-57,50],[-39,18],[-32,53],[-89,96],[-28,44],[-18,57],[-36,66],[-54,36],[-79,77],[-39,48],[-41,67],[-105,72],[-82,33],[-64,40],[-58,-19],[-109,32],[-53,29],[-316,71],[-70,39],[-92,-12],[-87,10],[-28,-8],[-100,-89],[-34,-41],[-27,-6],[-73,35],[-73,-7],[-33,19],[-55,-2],[-69,-102],[-131,43],[-71,17],[-91,43],[-100,18],[-107,54],[-85,91],[-39,22],[-125,-2],[-78,148],[-49,16],[-75,98],[-26,20],[-93,0],[-165,8],[-59,12],[-73,-12],[-79,-61],[-53,-21],[-100,7],[-37,49],[-28,18],[-50,2],[-40,-17],[-86,-9],[-82,7],[-54,126],[-89,127],[-157,32],[-107,45],[-106,11],[-83,-63],[-53,-2],[-43,37],[-58,127],[-108,135],[-38,31],[-123,66],[-276,87],[-73,55],[-151,55],[-162,94],[-126,83],[-53,25],[-57,10],[-16,102],[-22,43],[-56,70],[-34,66],[-34,-3],[-63,44],[-59,7],[-60,24],[-44,38],[-23,71],[-32,33],[-68,26],[-40,-12],[-35,10],[-160,-2],[-79,15],[-52,20],[-65,53],[-139,74],[-53,1],[-55,23],[-51,5],[-30,19],[-48,55],[-43,91],[-56,50],[-52,23],[-45,37],[-132,162],[-78,32],[-62,38],[-37,45],[-54,28],[-92,12],[-108,-3],[-50,13],[-72,41],[-88,79],[-109,72],[-52,65],[-86,55],[-77,84],[-52,73],[-33,61],[-79,61],[-40,44],[-42,76],[-13,59],[17,141],[-13,71],[-52,135],[-52,120],[-40,59],[-45,41],[-80,93],[-84,131],[-24,54],[-11,71],[-121,92],[-87,123],[-73,14],[-44,129],[-69,71],[-35,123],[-50,92],[-47,183],[-12,21]],[[280848,1743537],[26,37],[98,16],[38,-49],[61,-14],[90,27],[43,35],[55,-5],[59,17],[25,46],[45,6],[195,46],[161,4],[49,21],[117,82],[56,29],[86,27],[100,42],[44,10],[67,45],[19,42],[5,89],[47,87],[44,26],[61,-27],[65,19],[130,-18],[55,7],[37,-19],[77,-79],[42,-16],[25,-36],[32,-14],[61,-52],[73,-5],[31,14],[61,53],[72,36],[47,40],[110,27],[123,69],[78,72],[66,104],[2,27],[-24,37],[2,71],[-8,67],[-39,103],[-95,156],[1,35],[27,51],[9,59],[40,-2],[30,120],[50,91],[72,102],[59,113],[19,89],[-24,144],[8,28],[38,31],[72,-6],[63,33],[119,16],[59,31],[68,71],[44,69],[59,38],[93,20],[57,-6],[75,-31],[143,6],[109,-16],[91,17],[70,43],[47,56],[37,69],[14,75],[67,155],[31,42],[78,58],[53,25],[52,-2],[86,-29],[114,-2],[113,68],[66,32],[75,71],[159,-18],[52,2],[64,21],[77,46],[70,79],[21,11],[75,2],[100,137],[49,52],[146,66],[43,48],[67,24],[30,34],[86,143],[26,62],[25,19],[125,-30],[55,-41],[72,-39],[77,-6],[50,-32],[33,-35],[27,-3],[42,-30],[157,-24],[113,1],[62,19],[137,62],[67,52],[104,20],[74,-62],[88,-58],[56,0],[95,-24],[32,2],[99,42],[73,-54],[72,-6],[45,14],[75,68],[37,51],[78,191],[-10,96],[8,136],[84,71],[33,65],[183,99],[85,7],[76,29],[93,57],[97,88],[110,37],[76,-8],[72,44],[89,11],[25,-50],[78,-105],[28,-62],[31,-42],[90,-41],[71,-54],[46,-56],[151,-51],[63,-30],[90,-74],[90,-34],[48,-35],[65,-108],[82,-48],[86,-69],[31,-15],[100,0],[108,-77],[44,-44],[66,-34],[68,-58],[101,7],[72,-23],[76,-61],[78,-53],[53,-94],[41,-20],[95,-14],[25,-18],[132,-18],[24,-18],[73,-100],[57,-52],[89,-43],[36,36],[84,61],[62,30],[17,22],[36,104],[27,34],[60,31],[41,40],[147,228]],[[274324,1756759],[-3,65],[-14,69],[-36,51],[-34,87],[19,112],[-18,103],[3,69],[-18,52],[38,52],[60,28],[16,52],[38,54],[52,127],[71,71],[75,94],[1,26],[-52,84],[-2,62],[-18,77],[-44,56],[-18,101],[28,39],[89,47],[71,13],[106,1],[42,20],[57,5],[64,53],[71,90],[42,80],[109,134],[154,167],[35,28],[15,35],[6,83],[74,45],[91,29],[74,47],[119,27],[69,32],[110,33],[117,11],[73,-14],[73,23],[84,47],[92,20],[49,28],[115,135],[32,75],[-4,114],[53,109],[31,49],[42,22],[231,-25],[195,-2],[53,16],[101,63],[87,37],[85,27],[84,83],[78,37],[22,24],[105,58],[51,-13],[79,-49],[68,-56],[133,-71],[63,-41],[59,-49],[57,-85],[94,-71],[98,14],[88,3],[84,-21],[64,-1],[106,61],[143,53],[86,41],[96,66],[125,19],[60,101],[64,35],[69,-2],[50,-32],[114,12],[101,-5],[132,-24],[38,23],[165,230],[62,53],[81,42],[54,37],[69,97],[93,158],[4,24],[-14,133],[10,212],[15,88],[68,95],[113,103],[79,115],[75,89],[22,-8],[98,44],[124,72],[48,16],[223,-9],[256,28],[38,-5],[59,-29],[90,-87],[51,-23],[121,-1],[134,24],[53,-19],[82,-138],[45,-52],[75,-50],[52,-47],[243,-201],[133,-77],[173,-71],[144,-77],[89,-61],[29,-31],[128,-62],[95,-55],[53,-59],[36,-68],[73,-110],[39,-24],[60,-56],[42,-17],[113,-17],[86,-47],[23,-25],[37,-74],[98,-110],[70,-10],[47,-27],[44,-71],[40,-46],[34,-68],[29,-36],[98,-33],[32,-52],[23,-62],[90,-156],[126,-67],[118,-7],[138,-34],[165,-49],[105,13],[109,-8],[37,-36],[94,-243],[23,-25],[68,-23],[124,-105],[53,-20],[115,-21],[94,-30],[36,-27],[62,-14],[94,10],[82,-46],[160,-39],[79,-27],[34,-23],[51,-9],[153,4],[47,16],[36,51],[128,127],[60,92],[76,60],[82,46],[116,36],[86,5],[124,-7],[131,-36],[114,-15],[74,-104],[65,-60],[180,-71],[56,-40],[117,-65],[54,-43],[93,-54],[98,-111],[58,-43],[76,-74],[113,29],[52,-1],[106,26],[149,-15],[171,-57],[118,-23],[38,-87],[76,-82],[80,-132],[30,-35],[40,58],[32,27],[46,13],[164,-28],[107,-10],[59,-37],[81,-19],[115,-11],[142,6],[197,-117],[150,54],[109,24],[76,-74],[73,-30],[128,15],[85,-10],[98,-24],[58,6],[186,67],[127,16],[96,-24],[142,22],[41,-2],[70,32],[57,37],[38,-10],[132,1],[108,-57],[36,-37],[51,-30],[119,-4],[67,17],[77,53],[131,38],[33,-8],[74,-47],[161,-61],[70,-40],[85,-27],[55,0],[78,-41],[73,-19],[107,16],[61,-25],[62,-36],[114,7],[117,-8],[72,-16],[87,-48],[126,-119],[48,-35],[116,-50],[91,-69],[37,-38],[57,-33],[81,-18],[80,-61],[39,-10],[107,-56],[58,-24],[145,-43],[60,-38],[32,-110],[25,-52],[76,-92],[45,-75],[22,-100],[63,-136],[104,-129],[27,-12]],[[280848,1743537],[-39,22],[-13,79],[-30,118],[-72,71],[-5,65],[-22,57],[-88,142],[-84,98],[-40,121],[-19,27],[-34,13],[-47,53],[-68,98],[-69,113],[-48,94],[-15,71],[12,99],[-127,12],[-58,-6],[-122,-41],[-148,39],[-48,34],[-101,40],[-56,34],[-52,48],[-45,14],[-66,65],[-48,86],[-40,53],[-46,33],[-101,55],[-57,45],[-99,66],[30,164],[0,71],[-23,40],[-121,137],[-20,44],[-38,146],[-47,79],[-10,69],[-41,89],[-23,68],[-37,40],[-70,40],[-40,59],[-46,36],[-44,104],[-35,60],[-134,81],[-68,67],[-9,26],[-2,90],[-49,79],[12,77],[2,127],[-24,85],[22,86],[32,54],[84,80],[20,53],[11,140],[23,183],[-3,91],[30,50],[16,147],[55,127],[1,38],[-52,24],[-7,24],[32,68],[-37,48],[-101,89],[-28,43],[-2,40],[36,123],[-39,55],[-93,22],[-110,67],[-61,62],[-74,24],[-52,2],[-39,-27],[-59,3],[-42,82],[-147,81],[-64,58],[-48,100],[6,22],[-35,112],[1,89],[23,28],[47,-4],[31,34],[-3,42],[-39,62],[-74,50],[-26,87],[-39,29],[-44,9],[-25,36],[-52,203],[-54,100],[-34,36],[-60,32],[-60,68],[-40,120],[1,45],[-26,110],[28,189],[-16,71],[-23,37],[-64,63],[-11,50],[36,77],[4,144],[30,113],[3,91],[-17,54],[27,86],[83,60],[25,70],[-12,164],[-18,50],[16,79],[-21,78],[-35,45],[-163,122],[-13,41],[12,141],[-16,115],[-13,44],[10,78],[40,83],[9,116],[-41,165],[9,114],[-1,89],[35,55],[4,113],[33,156],[-20,117],[-1,51],[-46,202],[-1,70],[-45,18],[-183,-95],[-51,-35],[-88,-11],[-159,-87],[-71,-10],[-79,12],[-47,24],[-36,43],[-5,32],[-36,44],[-86,36],[-93,28],[-41,37],[-52,131],[-21,25],[-77,44],[-87,78],[-61,72],[-64,39],[-113,119],[-80,59],[-60,91],[-77,91],[-74,57],[-82,83],[-67,90],[-36,38],[-68,141],[-47,50],[-41,63],[-14,67],[25,42],[36,132],[-5,104],[-14,121],[9,109],[52,73],[18,77],[-5,54],[-53,99],[-13,62],[-37,54],[-25,78],[-39,82],[-65,101],[-35,41],[-54,41],[-57,22],[-42,-10],[-21,30]],[[315453,1624942],[-14,29],[38,52],[-94,-35],[11,49],[-16,31],[-61,8],[25,51],[-8,23],[-101,103],[-45,-13],[-65,33],[-47,-30],[2,32],[-24,15],[-117,-1],[-67,7],[5,18],[-43,8],[-26,-69],[-28,31],[-6,69],[-147,-9],[-68,10],[-29,-9],[-60,24],[-12,17],[-59,6],[-1,32],[-50,12],[-40,-12],[-25,26],[-3,32],[-27,14],[12,20],[-46,17],[-58,-65],[-50,-33],[28,48],[7,40],[-30,-6],[-58,-47],[-47,46],[43,46],[-45,-29],[-52,-9],[-64,-103],[-22,-8],[-25,37],[32,70],[58,65],[-22,22],[18,19],[-5,42],[16,91],[33,16],[13,72],[20,54],[2,57],[15,88],[-3,89],[24,26],[2,33],[26,27],[22,65],[39,51],[15,55],[-17,77],[-88,134],[-38,-3],[-8,46],[-19,6],[-35,61],[-32,16],[-38,44],[-160,162],[-17,41],[2,52],[-36,53],[-104,69],[-38,13],[-33,36],[-74,60],[-18,70],[-63,65],[10,9],[-26,75],[0,105],[8,42],[-15,78],[14,12],[-19,163],[11,14],[-12,259],[-15,-18],[7,57],[25,-33],[18,30],[-4,76],[23,8],[29,97],[-6,50],[-24,38],[22,91],[9,131],[-14,132],[15,21],[-42,76],[10,45],[83,168],[26,-13],[-94,-195],[35,-58],[44,27],[68,124],[-60,30],[4,10],[59,-32],[33,-3],[11,62],[44,20],[56,71],[27,87],[20,-5],[18,42],[4,72],[-9,112],[-22,29],[-19,57],[28,78],[-13,52],[22,21],[-3,52],[-33,28],[-29,46],[13,26],[-5,46],[10,41],[31,32],[-10,58],[39,31],[-33,96],[-29,57],[-97,119],[-49,41],[-65,-26],[-28,23],[1,44],[-49,131],[-52,73],[6,14],[-70,-20],[-30,28],[66,93],[10,0],[-65,-97],[19,-12],[77,23],[26,34],[-29,134],[15,32],[14,91],[-16,5],[20,76],[-22,20],[4,40],[-61,35],[21,37],[-68,17],[-307,14],[3,51],[287,-13],[7,133],[28,26],[-11,66],[-80,4],[0,11],[64,-3],[-12,74],[-25,53],[-54,52],[-74,-7],[-7,9],[70,15],[12,72],[-84,133],[-18,16],[-34,91],[-24,44],[12,19],[19,127],[-24,42],[10,10],[-25,89],[23,41],[-45,60],[37,109],[3,45],[-14,68],[-34,78],[6,69],[15,41],[79,34],[28,23],[80,21],[40,53],[-4,149],[21,35],[45,-19],[11,20],[-2,67],[-87,80],[-7,44],[30,73],[22,15],[-6,46],[-19,23],[-57,116],[-41,37],[-34,73],[11,27],[-28,2],[-8,55],[-23,3],[-8,59],[19,-4],[39,30],[5,40],[-16,20],[-21,114],[-35,66],[-3,35],[18,56],[-20,17],[9,33],[42,6],[-3,62],[20,55],[-7,21],[-10,138],[11,17],[-6,88],[-23,49],[7,29],[36,19],[4,49],[36,61],[48,25],[33,-8],[61,31],[1,-23],[37,11],[43,64],[-17,58],[56,70],[4,64],[-27,16],[2,26],[33,45],[-13,45],[41,57],[4,70],[17,20],[-12,34],[29,31],[32,81],[57,29],[5,29],[37,7],[41,47],[12,34],[48,30],[72,-3],[49,63],[1,31],[70,31],[32,41],[21,58],[3,72],[22,70],[44,-14],[31,15],[8,106],[-14,63],[61,-14],[-30,39],[49,23],[-25,131],[-14,8],[-4,74],[15,24],[39,15],[77,-16],[170,-77],[47,-33],[63,-69],[135,-78],[67,-32],[75,-18],[54,14],[84,46],[24,27],[128,73],[29,38],[70,32],[62,17],[78,-34],[49,-61],[30,-55],[43,-29],[33,-58],[79,-105],[25,-55],[76,-68],[80,-43],[45,-8],[109,32],[135,17],[46,-51],[-10,-45],[16,-37],[73,-111],[-2,-38],[31,-55],[82,-76],[119,-80],[55,-25],[97,-15],[46,20],[109,-33],[34,-25],[40,-6],[16,-35],[56,92],[-23,-52],[67,-40],[37,19],[11,-58],[109,28],[51,38],[-47,27],[48,34],[-226,208],[-71,138],[84,41],[64,-124],[285,-259],[39,14],[46,-13],[-11,-30],[30,-15],[38,20],[-30,-35],[41,-44],[46,-18],[13,13],[77,-2],[122,-74],[63,-31],[51,16],[12,-10],[81,1],[38,9],[25,68],[78,-15],[-8,-42],[42,-52],[78,-21],[35,-35],[56,-9],[9,21],[48,11],[8,25],[74,2],[-2,-29],[42,-10],[66,41],[12,-15],[57,-16],[67,-38],[23,-54],[28,-2],[31,-37],[68,-4],[25,45],[-4,-40],[43,-12],[30,15],[73,12],[17,25],[64,-18],[47,75],[20,2],[8,-35],[16,33],[91,-20],[18,-23],[-60,-45],[-8,-28],[36,-8],[2,-29],[41,-29],[-12,-49],[41,15],[-8,-59],[27,-7],[6,-38],[27,-1],[-2,-33],[33,-20],[33,22],[-52,62],[29,48],[-11,38],[36,-44],[-25,-42],[47,-87],[-8,-37],[63,-3],[34,14],[-6,-67],[17,8],[40,-29],[37,14],[40,-58],[43,5],[-5,-52],[40,-23],[62,24],[-7,-17],[43,-25],[79,-27],[-7,-15],[53,-16],[15,39],[57,-26],[63,64],[37,-35],[20,1],[-15,-49],[31,-13],[37,14],[6,-59],[14,-26],[61,-7],[-3,-53],[68,-41],[-44,-29],[35,-53],[43,-39],[57,-1],[-18,-35],[15,-30],[85,-61],[33,31],[-27,-68],[59,-17],[10,-44],[46,10],[12,-17],[-19,-33],[17,-16],[37,23],[1,-27],[44,-68],[41,17],[15,-29],[39,-16],[47,-38],[-10,-31],[40,-54],[110,-79],[32,11],[21,-50],[45,-17],[37,-41],[35,-120],[19,-16],[35,-74],[44,-37],[42,0],[45,-72],[-16,-13],[34,-69],[28,-6],[-3,-45],[24,-5],[4,-33],[33,-24],[21,-119],[18,-23],[13,-78],[19,-14],[-22,-27],[5,-91],[44,-18],[-15,-21],[43,-14],[-7,-90],[21,-50],[27,-5],[10,-77],[36,-62],[-11,-32],[12,-43],[28,-15],[19,-69],[38,-16],[-20,-25],[6,-52],[22,-44],[0,-47],[23,-17],[41,-120],[29,-20],[15,-57],[-12,-22],[11,-57],[31,-13],[-26,-44],[44,-29],[8,-22],[-61,-21],[-20,-41],[-16,-130],[18,-127],[68,-34],[-21,-26],[36,-5],[21,-23],[-36,-15],[45,-16],[18,-25],[-25,-15],[21,-104],[37,-48],[28,-128],[63,-103],[69,-41],[80,-6],[25,44],[27,0],[8,-39],[32,-17],[-1,-24],[36,-32],[0,-25],[87,-121],[36,-16],[-4,-39],[18,-3],[41,-53],[21,-200],[27,-38],[-2,-43],[25,-3],[-29,-27],[45,-27],[-22,-3],[6,-46],[-21,-40],[58,-45],[-74,17],[-37,-93],[21,-90],[-25,-74],[-44,-34],[-23,-50],[27,-23],[-36,-9],[-21,-42],[-31,-24],[7,-38],[-36,-19],[-30,8],[23,-47],[-11,-16],[-68,15],[-17,-55],[-42,-19],[-9,-60],[-49,-48],[24,-20],[-29,-27],[36,-24],[-47,-30],[-23,-142],[21,-65],[23,5],[16,-44],[51,-40],[-11,-114],[43,-69],[-9,-28],[23,-81],[-67,-116],[-7,-40],[-1,-90],[8,-90],[34,-67],[42,-116],[56,10],[31,-20],[-57,-43],[17,-80],[41,-43],[17,7],[45,-67],[66,-47],[-45,-6],[5,-39],[45,-20],[43,-63],[57,-12],[-19,-32],[23,-104],[-13,-52],[10,-43],[-17,-65],[10,-43],[25,-17],[13,-134],[30,-29],[-30,-25],[-25,-46],[5,-31],[-26,-68],[13,-17],[-12,-38],[13,-18],[-21,-26],[-38,-4],[-6,-53],[-41,9],[-2,-35],[-27,5],[-11,-39],[-57,11],[-53,-54],[-27,-6],[-55,-69],[-52,-24],[-34,-60],[-15,-106],[-20,-33],[-13,-69],[-27,-203],[3,-78],[-13,-108],[-5,-145],[10,-75],[14,-29],[41,-28],[2,-18],[69,-47],[46,-50],[-2,-34],[43,-70],[129,-37],[42,-27],[53,-54],[29,-44],[27,-16],[10,-33],[54,-49],[-16,-32],[5,-67],[40,-31],[15,-69],[-50,-62],[-71,-124],[-60,-13],[-47,-29],[-35,-48],[-28,-73],[-36,-62],[3,-47],[-34,-66],[3,-67],[-31,-85],[9,-31],[-24,-54],[-113,-55],[-30,-88],[1,-54],[21,-57],[-9,-32],[15,-62],[-12,-60],[21,-53],[2,-63],[11,-16],[-5,-60],[-18,-13],[-45,13],[-43,-28],[-75,11],[-38,-6],[-9,39],[-27,21],[-49,7],[-63,30],[-101,7],[-49,21],[-33,131],[-20,4],[58,66],[-12,56],[-48,55],[-86,56],[-64,5],[-59,-74],[-20,-63],[42,-123],[38,-24],[9,-84],[16,8],[28,-54],[40,1],[18,21],[34,-85],[38,-57],[39,-40],[-8,-35],[81,-69],[20,60],[-13,-102],[-18,-4],[56,-44],[-45,-21],[11,-48],[22,-14],[198,37],[8,-43],[-25,8],[-66,-12],[-82,4],[-53,-12],[21,-46],[-61,-36],[21,-58],[-20,-34],[-34,-19],[-44,-45],[-31,1],[-20,-41],[-69,-10],[-71,-21],[-83,12],[-13,-29],[-28,9],[-66,-26],[-41,17],[-38,-30],[-38,5],[-19,24],[-31,-10],[-18,32],[-35,8],[-36,30],[-39,-15],[-23,60],[-29,-26],[-18,8],[-6,-55],[-60,5],[-62,18],[-19,49],[31,-12],[-28,64],[-27,-33],[-17,24],[25,13],[-57,29],[-8,77],[-69,24],[-5,59],[-62,-6],[-66,-29],[-92,119],[7,33],[-53,31],[-133,16],[-10,-58],[8,-24],[-23,-19],[0,33],[-76,0],[-43,14],[-32,30],[-38,1],[-97,-15],[-153,-59],[-34,-8],[-78,-41],[-64,-9],[-7,-14],[-113,-17],[-7,-37],[-51,47],[-31,-35],[-64,-23],[-57,17],[-62,-13],[-4,24],[57,10],[71,-13],[45,21],[5,43],[-28,-13],[-95,1],[-34,12],[-25,34],[-62,-13],[-21,-27],[-46,-3],[-44,27],[-36,-36],[-38,-1],[-6,-57],[-56,-18],[-55,7],[-52,39],[-28,-8],[0,-29],[-72,19],[-7,29],[-27,-18],[-71,11],[-11,29],[-50,39],[-48,-5],[-16,38],[-42,38],[-76,29],[-125,-21],[-10,-36],[-38,3],[-29,-16],[-46,21],[-30,-19],[0,29],[-54,34],[-40,5],[6,39],[-22,53],[-10,56],[-49,27],[-62,-33],[-53,20],[-92,-45],[6,31],[-32,15],[-27,-18],[-31,13],[-35,-26],[-27,24],[1,58],[-32,35],[-18,-26],[-28,16],[24,29],[-3,32],[24,13],[-23,19],[5,27],[-43,50],[6,50],[-9,70],[-60,-25],[-16,42],[-32,-34],[-50,11],[-12,22],[-24,-39],[-52,-11],[-10,21],[-52,-70],[-59,19],[35,61],[-9,68],[-58,-9],[-27,29],[14,46],[-54,-38],[5,27],[-83,82],[5,14],[-45,13],[-43,-9],[-20,43],[-62,50],[-92,25],[-17,32],[1,42],[-23,53],[-34,9],[-41,56],[4,30],[-52,-10],[-5,18],[57,18],[-19,10],[-35,-18],[-1,27],[-28,29],[-55,3],[-18,26],[42,47],[-14,40],[-35,25],[-123,112],[-144,98],[-113,35],[-83,-24],[-9,-23],[-23,29],[-47,-43],[-17,29],[-29,3],[-1,-38],[-27,49],[11,36],[-28,-14],[-21,-40],[-27,8],[-32,101],[0,26],[-78,-46],[20,48],[-31,20],[4,-36],[-21,-3]],[[322197,1623277],[-23,-9],[-63,141],[26,11],[60,-143]],[[313276,1630773],[-6,-28],[11,231],[6,2],[-11,-205]],[[322436,1624690],[13,-50],[-32,7],[19,43]],[[317846,1635445],[-18,-17],[3,43],[15,-26]],[[320715,1622853],[63,-38],[-59,18],[-4,20]],[[322193,1625620],[-20,-35],[-6,30],[26,5]],[[322223,1628142],[0,-27],[-26,8],[26,19]],[[317538,1623389],[-8,21],[26,23],[-18,-44]],[[305907,1603829],[-48,16],[-103,59],[-86,33],[-104,92],[-65,91],[-215,353],[-26,67],[-28,99],[-37,298],[6,77],[-3,63],[22,184],[22,131],[34,96],[59,100],[66,136],[70,77],[53,83],[60,71],[124,131],[85,67],[92,12],[80,-8],[9,120],[-5,6],[34,262],[26,-3],[-49,-362],[2,-21],[99,-6],[64,14],[36,-15],[134,-4],[92,48],[41,304],[7,27],[30,-4],[-6,-53],[-22,-29],[57,-8],[-3,-20],[-57,8],[-24,-175],[54,9],[-25,-22],[-9,-73],[128,13],[89,1],[-6,71],[-136,-12],[-2,23],[135,6],[-81,139],[8,55],[29,-3],[-8,-56],[64,-134],[7,-58],[12,15],[92,-57],[113,-35],[104,-67],[105,-34],[105,-78],[73,-69],[67,-32],[80,-93],[6,-25],[83,-110],[5,-23],[58,-111],[42,-151],[1,-92],[-27,-95],[-39,-85],[-71,-91],[-34,-84],[-172,-164],[-17,-35],[-79,-58],[-87,-104],[-70,-71],[-38,-47],[-116,-107],[-82,-91],[-96,-122],[-65,-96],[-72,-77],[-72,-49],[-81,-37],[-85,-29],[-156,-26],[-84,0],[-46,8],[-127,46]],[[303516,1584673],[-62,219],[-34,57],[-79,60],[-94,29],[-40,48],[5,16],[-122,93],[-16,1],[-29,50],[-37,36],[-8,43],[10,31],[-9,52],[7,155],[11,39],[33,54],[14,50],[-7,93],[5,65],[63,83],[-6,121],[-12,118],[-2,94],[-27,193],[-18,68],[-71,190],[-44,82],[-51,58],[-39,26],[-30,1],[-2,-45],[-38,-33],[-40,12],[-11,41],[33,41],[53,-2],[24,47],[-39,10],[34,32],[-66,30],[4,40],[32,17],[51,57],[23,41],[12,97],[-9,66],[-18,39],[29,101],[-73,87],[-139,110],[12,11],[-129,107],[13,15],[119,-98],[46,35],[-11,34],[124,-101],[110,-96],[-1,-142],[85,3],[84,34],[59,58],[23,72],[-68,49],[-8,24],[68,-49],[42,58],[-71,51],[6,7],[67,-48],[43,52],[15,-6],[42,71],[-113,82],[-164,-224],[-21,26],[43,40],[124,179],[11,0],[154,-106],[38,16],[70,125],[71,112],[-43,77],[-76,52],[-115,-128],[-24,3],[118,131],[48,8],[109,-77],[30,26],[19,76],[-55,29],[9,11],[47,-32],[66,83],[66,127],[24,96],[-56,21],[11,18],[44,-30],[31,48],[66,147],[19,101],[-38,12],[15,15],[27,-20],[24,35],[34,162],[48,105],[-70,32],[4,9],[79,-25],[-44,23],[37,34],[44,59],[16,43],[41,212],[30,187],[12,109],[3,181],[23,65],[36,185],[1,186],[5,60],[-13,60],[-34,5],[-66,36],[-28,-12],[-16,50],[-35,24],[-18,39],[32,28],[-36,73],[33,23],[-23,27],[18,9],[56,-17],[13,19],[-58,31],[69,28],[25,47],[-42,48],[10,30],[-28,30],[-14,66],[29,-13],[-44,86],[30,-23],[42,-1],[1,66],[-20,29],[36,-18],[14,30],[33,-40],[33,-8],[31,14],[44,51],[-24,8],[34,16],[15,-17],[42,15],[24,106],[45,-8],[41,112],[104,110],[59,12],[58,48],[102,41],[103,90],[7,23],[53,55],[27,-3],[99,49],[72,66],[-26,44],[18,29],[-57,121],[-33,34],[66,52],[17,40],[50,8],[32,63],[-1,25],[-51,130],[-26,50],[33,28],[-8,76],[13,4],[54,-62],[5,59],[23,37],[41,5],[-13,45],[17,37],[63,-22],[27,16],[7,67],[-50,5],[12,41],[61,-7],[23,-25],[70,-7],[80,34],[63,44],[60,-18],[22,-27],[134,60],[13,75],[77,81],[65,143],[23,8],[16,-32],[-68,-132],[-79,-77],[-12,-92],[-111,-46],[-8,-102],[82,-2],[0,25],[163,33],[-4,19],[-61,85],[13,9],[55,-87],[82,50],[46,43],[-100,100],[-37,-37],[-14,8],[56,59],[119,-123],[51,39],[18,37],[-16,24],[18,26],[36,-8],[36,12],[37,46],[14,44],[-110,39],[51,1],[48,-15],[18,14],[62,112],[32,79],[51,217],[6,147],[-14,89],[-30,115],[-33,44],[-22,68],[-26,16],[13,70],[-20,61],[24,31],[6,38],[-17,29],[22,7],[-37,50],[-81,10],[-47,65],[-20,60],[14,10],[-39,48],[7,16],[81,6],[78,-67],[51,-32],[27,13],[46,67],[25,-44],[23,3],[27,-26],[24,10],[8,-24],[48,9],[24,-16],[-17,-29],[8,-50],[70,-129],[27,-15],[59,36],[81,8],[80,-47],[43,-53],[54,-15],[64,-73],[16,-37],[-2,-72],[-12,-23],[7,-57],[29,-48],[52,-55],[48,-29],[76,-25],[15,26],[30,-42],[-13,-7],[41,-86],[-32,-23],[-1,-134],[18,-63],[-22,-117],[14,-114],[53,-41],[25,17],[41,-7],[-11,-30],[-66,-28],[-46,-34],[-10,16],[-34,-17],[-23,-36],[-4,-54],[-45,-37],[10,-17],[-42,-13],[0,-33],[-24,-26],[-44,0],[-13,-18],[17,-40],[-39,-13],[-14,-22],[-54,-28],[-93,-115],[-26,-207],[-1,-67],[12,-28],[64,-64],[48,-30],[45,-105],[41,-1],[133,-94],[71,-57],[52,-30],[5,-79],[-67,-42],[-38,6],[-11,-85],[-52,9],[-37,-15],[4,-53],[-25,-65],[5,-37],[23,-1],[-8,-53],[26,-132],[17,-21],[16,-86],[-22,-10],[-21,-72],[-100,-96],[-166,-31],[-37,-22],[-97,-35],[-19,-28],[-50,-149],[-30,-23],[-74,-29],[-27,-38],[-2,-34],[153,-113],[-10,-31],[-76,62],[-6,-28],[-50,-59],[89,-70],[66,81],[15,-1],[45,57],[20,-16],[-168,-207],[-187,160],[-12,-32],[-66,-78],[-76,-70],[-61,-91],[-54,-134],[-73,-108],[-34,-108],[-15,-21],[-2,-112],[-36,-153],[-9,-64],[-31,-149],[-25,-178],[3,-16],[-18,-111],[-9,-184],[-9,-269],[-16,-227],[-3,-156],[4,-22],[-12,-81],[-1,-146],[-13,-85],[0,-116],[-11,-239],[-9,-52],[-1,-113],[6,-203],[-1,-88],[8,-129],[4,-158],[-6,-52],[9,-104],[-10,-55],[11,-135],[-4,-93],[4,-185],[8,-30],[-10,-137],[9,-92],[-1,-100],[-8,-42],[1,-129],[18,-217],[-3,-54],[16,-86],[5,-174],[-11,-106],[-41,-198],[-4,-109],[16,-73],[1,-64],[-12,-57],[-37,-97],[-73,-24],[-64,-53],[-46,-59],[-35,-70],[-18,-101],[-11,-93],[-12,-26],[-49,-234],[0,-114],[-21,-249],[-40,-121],[24,-185],[-88,-1],[-28,8],[-79,50],[-167,70],[-68,46],[-135,56],[-217,47],[-64,35],[-121,30],[-78,29],[-120,70],[-41,31],[-26,1],[-45,32],[-27,36],[-42,15],[-57,77],[-2,15],[-102,102],[-66,91],[-79,57],[-63,23],[-46,0],[-80,37],[-41,41],[-1,18],[-65,73],[-33,92],[-63,82],[-22,70],[-38,62]],[[300404,1583532],[27,-1],[27,-65],[13,53],[19,9],[22,-26],[41,-12],[7,19],[25,-28],[44,-11],[62,26],[64,-25],[-1,-52],[45,-29],[18,10],[39,-28],[30,11],[25,-32],[42,-17],[17,19],[36,-20],[5,-41],[-48,-32],[-18,26],[-50,27],[-46,-17],[35,-9],[46,-42],[-9,-36],[25,-28],[87,38],[-36,23],[44,28],[70,3],[-40,58],[-39,21],[15,16],[67,-51],[19,-56],[25,28],[39,-7],[-2,-35],[18,-29],[-19,-15],[87,-19],[24,-32],[-49,-8],[14,-40],[46,-38],[28,-55],[-59,40],[21,-134],[-42,-36],[44,-30],[16,-46],[-66,-6],[25,-28],[40,22],[13,-51],[-14,-5],[-30,-58],[-66,34],[4,-44],[-32,-6],[-17,-33],[8,-35],[-22,-23],[22,-27],[-24,-33],[-21,35],[-11,-30],[-24,26],[-41,-20],[70,-57],[2,-33],[-43,-14],[-66,32],[-94,13],[-42,-10],[-24,-33],[-5,-39],[-42,-2],[-26,-21],[-100,-39],[-46,-38],[-25,-52],[4,-39],[34,5],[4,-59],[-36,20],[-2,-96],[97,6],[5,-20],[46,11],[5,-21],[-151,-37],[-26,16],[-45,-5],[-15,20],[59,12],[-31,102],[-50,-19],[3,-45],[-40,-2],[-25,-33],[-15,-97],[-31,-124],[-21,-13],[46,-23],[10,-21],[-7,-54],[-44,-8],[-27,-43],[-22,-2],[-13,48],[10,50],[-51,33],[-26,-15],[23,-31],[-14,-40],[-36,28],[-41,-20],[-9,56],[-35,-41],[-16,25],[-7,-74],[-12,-22],[0,68],[-21,60],[-29,-89],[-42,16],[11,-113],[-31,-29],[-33,15],[-20,71],[3,42],[-21,-29],[10,-20],[-13,-60],[-35,-37],[-52,43],[5,33],[44,10],[-35,64],[-48,-39],[38,77],[-10,10],[-39,-56],[-8,39],[31,45],[20,56],[-36,-11],[-58,-68],[-12,52],[-27,0],[-47,-60],[2,27],[-69,8],[-10,-36],[-59,6],[-11,28],[22,8],[-5,39],[-100,-56],[-11,63],[44,61],[27,8],[-42,39],[-18,1],[-3,40],[-28,-25],[-3,64],[24,-14],[9,24],[-25,29],[47,-4],[-14,64],[28,44],[-59,24],[-15,38],[-41,-35],[-102,-25],[-41,25],[-63,70],[-25,-26],[43,-52],[36,-90],[-16,-38],[-36,-25],[-17,34],[-24,6],[-28,57],[9,52],[-40,2],[18,-23],[2,-55],[-43,46],[-27,-20],[-19,-50],[0,-51],[14,-56],[-55,-84],[2,-45],[23,-11],[-10,-48],[-33,-15],[-11,-84],[-21,-49],[-45,-40],[-98,13],[-43,22],[-8,-23],[-41,16],[-73,-18],[-45,-28],[1,25],[-38,7],[-47,46],[-50,-36],[-24,5],[3,54],[110,32],[2,19],[46,41],[-34,-15],[-72,5],[-29,39],[-29,-10],[-106,42],[-16,40],[-45,67],[10,26],[-20,27],[11,28],[-27,16],[-6,36],[61,57],[25,-2],[-10,59],[57,57],[-18,8],[21,55],[15,-17],[-2,65],[32,-24],[34,87],[28,33],[0,-44],[27,2],[16,65],[27,-13],[21,54],[24,16],[20,-19],[37,5],[7,45],[32,-4],[50,15],[-27,32],[59,-10],[-26,31],[78,-18],[41,41],[38,0],[-6,40],[47,9],[29,-12],[3,38],[-75,62],[-18,-1],[11,73],[35,19],[15,39],[-16,27],[-54,41],[-34,82],[25,29],[46,0],[46,-35],[26,9],[37,-62],[-4,-24],[32,-17],[36,-64],[70,-13],[41,-36],[20,-39],[46,-16],[33,8],[47,61],[3,21],[-40,58],[8,14],[-47,41],[41,23],[-2,73],[39,-73],[-6,-60],[34,-35],[47,10],[27,39],[-7,63],[-15,22],[17,23],[-15,35],[8,46],[23,-31],[13,14],[-27,68],[35,17],[32,-45],[34,-24],[46,0],[45,38],[-22,62],[37,10],[-23,33],[30,3],[-69,94],[38,58],[-43,-31],[-71,28],[-4,31],[35,37],[-35,-15],[-32,28],[14,28],[41,3],[-23,20],[31,41],[-4,55],[-35,45],[5,-50],[-38,-31],[-24,11],[-6,44],[-12,-32],[-27,32],[67,35],[8,30],[50,-7],[50,12],[33,-43],[49,-9],[0,51],[19,24],[26,-14],[6,24],[-27,6],[-35,55],[52,39],[-7,25],[53,15],[102,-29],[-1,-54],[24,-26],[36,1],[48,37],[15,43],[76,44],[25,-50],[17,2],[27,-72],[13,-4],[36,-67],[14,-45],[27,0],[97,56],[-21,35],[15,9],[103,-174],[-23,-13],[-37,63],[-99,-58],[-19,-120],[-37,-23],[-16,-47],[15,-26],[47,0],[3,40],[39,66],[56,-18],[7,44],[77,3],[11,35],[39,-36],[14,16],[16,82],[15,-12],[-11,-63],[10,-25],[-32,-21],[-34,24],[22,-37]],[[307306,1599630],[-6,59],[-47,40],[-17,38],[-39,36],[-16,41],[27,26],[-33,0],[-64,57],[20,23],[-21,27],[-96,44],[-14,38],[55,5],[57,-18],[89,-44],[41,6],[19,-35],[-12,-37],[-24,-10],[-6,-35],[69,-36],[116,-8],[37,-24],[59,-73],[-1,-13],[100,-28],[58,-35],[45,-15],[54,-32],[78,-13],[66,-2],[-7,-53],[91,-49],[67,-52],[55,-60],[36,-60],[57,-23],[18,-33],[46,14],[-62,-70],[-1,-37],[53,-22],[-13,-23],[-30,4],[-49,-46],[-89,-13],[-45,20],[-105,-6],[-125,-14],[-84,2],[-90,13],[-33,21],[-79,3],[-4,63],[17,37],[-37,99],[-42,38],[-1,51],[-26,24],[0,46],[-41,8],[-71,136]],[[301107,1588122],[-12,-5],[-18,51],[-41,49],[-10,35],[27,17],[-40,68],[4,33],[29,-17],[30,30],[26,-21],[30,6],[78,-71],[23,4],[15,-68],[32,15],[32,-23],[1,-32],[40,-22],[49,-50],[38,-20],[52,-2],[72,-72],[5,-65],[-19,-62],[12,-32],[-39,5],[-18,-52],[-4,-62],[-19,-77],[-5,-89],[35,-57],[-9,-64],[21,-2],[-16,-41],[-84,-20],[-40,-18],[-35,47],[9,-37],[-36,2],[-37,22],[-50,58],[36,1],[50,-22],[-31,36],[-5,42],[27,-21],[27,13],[-9,27],[27,6],[-16,40],[40,9],[-9,44],[54,68],[-5,53],[12,55],[-7,31],[-70,69],[-63,10],[-42,22],[54,6],[-7,15],[-50,7],[-12,34],[-31,5],[-60,78],[-38,11]],[[306277,1582579],[-22,-17],[-47,3],[-55,-55],[-53,26],[-31,34],[-89,120],[-42,28],[10,85],[28,-14],[21,49],[4,49],[66,-19],[98,4],[72,-31],[-13,-15],[59,-36],[40,-43],[42,-81],[84,-12],[19,-24],[-24,-44],[-47,-18],[-42,-1],[-30,60],[-18,3],[-30,-51]],[[299813,1584033],[-61,2],[-23,-13],[-45,24],[3,32],[48,11],[24,46],[21,-2],[21,-54],[59,16],[26,-49],[-2,41],[39,-21],[1,-44],[28,-23],[-2,-42],[-20,-11],[-110,0],[-38,9],[33,32],[46,-8],[-12,30],[-36,24]],[[300943,1582248],[51,1],[-48,-26],[19,-45],[-13,-23],[-24,31],[-4,91],[-18,13],[-12,-53],[-28,25],[19,10],[-22,60],[3,26],[51,12],[66,-30],[38,-58],[-78,-34]],[[306504,1599900],[26,7],[-6,29],[18,44],[33,17],[38,-15],[1,-22],[105,-8],[3,-26],[-46,-19],[-43,12],[-13,-18],[-100,-17],[-16,16]],[[298919,1581570],[-16,-38],[7,-35],[-56,16],[8,-36],[-45,38],[-14,-18],[-29,25],[13,20],[77,-1],[45,40],[10,-11]],[[301265,1582562],[6,-64],[-31,-25],[-22,10],[-3,37],[33,15],[-37,29],[-8,36],[38,-7],[19,17],[5,-48]],[[307499,1599044],[25,43],[33,0],[5,-67],[-22,-27],[-50,13],[9,38]],[[300956,1588208],[50,-35],[-4,-24],[32,7],[-23,-31],[-41,4],[-37,23],[14,30],[-23,45],[32,-19]],[[301548,1587283],[-3,-54],[-69,4],[-15,12],[24,29],[56,22],[7,-13]],[[308405,1599557],[13,-33],[-49,-19],[-22,28],[10,41],[48,-17]],[[299550,1583869],[-30,-33],[-30,-5],[-20,25],[46,1],[-6,18],[40,33],[0,-39]],[[301256,1583253],[51,-34],[38,4],[9,-25],[-52,19],[-54,-10],[8,46]],[[306941,1594630],[22,-29],[-29,-9],[-49,26],[1,25],[55,-13]],[[298989,1583068],[4,-48],[22,-55],[-57,97],[15,34],[16,-28]],[[308427,1599447],[-45,-29],[-1,63],[46,-34]],[[300305,1581646],[-17,-35],[-35,5],[39,70],[13,-40]],[[307572,1593258],[67,27],[5,-24],[-60,-7],[-49,-35],[-8,16],[45,23]],[[299547,1581636],[10,62],[27,-40],[-2,-25],[-35,3]],[[307915,1599623],[-37,10],[-1,29],[50,13],[-12,-52]],[[300735,1582209],[-23,51],[66,-13],[-25,-40],[-18,2]],[[299838,1581545],[-48,-8],[7,48],[54,-23],[-13,-17]],[[299423,1583258],[-47,44],[19,22],[31,-21],[-3,-45]],[[307043,1590974],[17,-90],[-53,63],[36,27]],[[301577,1587115],[-7,-25],[-33,11],[-10,42],[22,8],[28,-36]],[[301325,1583203],[23,-39],[-43,-8],[-6,26],[26,21]],[[301066,1581877],[-26,-36],[-1,60],[35,9],[-8,-33]],[[299497,1583820],[39,-20],[-78,-14],[39,34]],[[300822,1588253],[33,-1],[10,-37],[-21,-20],[-22,58]],[[307540,1593087],[34,-18],[-39,-20],[-17,21],[22,17]],[[300474,1581639],[-22,39],[2,44],[31,-15],[-19,-48],[8,-20]],[[301161,1582118],[34,66],[3,-20],[-26,-56],[-11,10]],[[301550,1587205],[20,-12],[-58,-20],[-5,22],[43,10]],[[306565,1600090],[-26,10],[8,34],[32,-24],[-14,-20]],[[299653,1581730],[21,-26],[-28,-13],[7,39]],[[305037,1592402],[-25,34],[37,3],[-12,-37]],[[300637,1581885],[5,-30],[-30,30],[25,0]],[[308473,1599403],[-37,16],[16,20],[31,-11],[-10,-25]],[[299634,1581626],[11,28],[12,-35],[-23,7]],[[306901,1590949],[18,-26],[-32,-9],[14,35]],[[300525,1581765],[-36,-20],[-18,21],[54,-1]],[[308514,1599427],[-5,43],[27,-22],[-22,-21]],[[301071,1582147],[44,-1],[-9,-29],[-35,30]],[[301296,1582571],[-3,55],[28,-8],[-25,-47]],[[301307,1583015],[28,-22],[-3,-29],[-23,16],[-2,35]],[[306986,1600073],[-34,15],[19,18],[15,-33]],[[305051,1592471],[4,44],[17,-15],[-21,-29]],[[300388,1581615],[-6,41],[30,-30],[-24,-11]],[[307481,1593085],[19,20],[15,-27],[-34,7]],[[301133,1582210],[-9,23],[35,8],[-26,-31]],[[301422,1582981],[-37,10],[21,17],[16,-27]],[[300898,1588147],[28,-6],[-32,-18],[4,24]],[[301504,1587313],[-6,-29],[-17,36],[23,-7]],[[301450,1587356],[-5,36],[22,-17],[-17,-19]],[[304050,1591092],[28,-5],[-2,-24],[-26,29]],[[291599,1567191],[-43,20],[-40,-32],[-6,-37],[-36,19],[21,-73],[-11,-1],[-44,93],[-26,25],[-26,-12],[59,-91],[-56,0],[38,-41],[-36,-28],[-54,54],[-53,32],[-34,-6],[-63,63],[-26,-20],[-9,52],[-16,-15],[-72,63],[16,18],[-26,47],[41,9],[24,-86],[80,-8],[12,-56],[53,-33],[31,24],[-37,58],[-72,67],[-39,4],[-40,35],[12,37],[-12,34],[25,18],[66,-38],[10,12],[-57,56],[-1,35],[30,3],[-25,24],[-13,67],[50,-5],[-13,66],[18,44],[-39,14],[-38,-65],[-12,62],[38,34],[2,56],[33,4],[-22,59],[28,9],[-14,41],[34,-44],[15,59],[21,33],[28,10],[24,91],[-11,55],[-23,-1],[28,39],[9,37],[-21,44],[28,21],[-9,20],[21,32],[58,-26],[35,2],[-11,30],[45,-6],[47,61],[40,16],[64,-23],[61,59],[40,2],[-26,45],[45,22],[24,-38],[92,11],[97,30],[90,52],[18,-13],[108,-4],[55,13],[38,-13],[37,31],[45,91],[45,211],[14,102],[-3,122],[-31,115],[-14,20],[-137,47],[-26,19],[-63,99],[-21,75],[-252,-46],[-6,29],[362,69],[-4,41],[31,-8],[16,-54],[-42,-10],[-13,-39],[28,-20],[39,37],[16,-60],[-44,4],[27,-65],[103,0],[-17,64],[13,117],[-71,-14],[-2,10],[70,13],[13,23],[-6,57],[-56,75],[-50,0],[-36,-77],[-14,23],[40,85],[-39,55],[-3,47],[-23,30],[12,25],[-15,40],[40,44],[-11,11],[-5,94],[-61,62],[15,68],[-15,3],[19,44],[45,23],[34,-1],[58,38],[60,-3],[88,46],[13,85],[-19,56],[-90,54],[-97,-21],[-24,10],[5,32],[-36,-12],[-6,61],[-36,56],[-63,41],[-66,-31],[2,32],[-37,4],[-17,-41],[-29,36],[27,25],[-29,86],[14,10],[25,-37],[11,27],[-29,39],[-12,42],[7,60],[-16,30],[31,-3],[78,33],[61,4],[21,-31],[37,3],[39,23],[13,45],[33,-9],[-3,29],[87,3],[26,-16],[33,6],[34,-24],[93,17],[21,36],[-7,24],[75,4],[38,28],[67,95],[35,93],[-3,97],[10,190],[-62,84],[16,33],[8,80],[-6,60],[-38,57],[-42,40],[-70,27],[-5,14],[111,82],[15,29],[-6,40],[-78,89],[-36,13],[-19,49],[-54,55],[56,25],[-20,49],[33,10],[19,67],[21,-16],[7,45],[46,18],[-39,30],[21,16],[10,-27],[23,27],[66,-14],[64,24],[19,48],[-1,74],[25,8],[-19,25],[3,38],[-35,39],[-18,40],[19,32],[-22,25],[5,116],[64,74],[-12,20],[39,10],[17,-25],[34,-2],[32,64],[-6,25],[78,66],[34,10],[134,14],[49,19],[52,-9],[64,24],[58,-46],[14,-33],[27,5],[1,-44],[57,-28],[130,3],[16,-64],[35,-16],[-33,-23],[13,-29],[82,-62],[49,-6],[81,-123],[63,-30],[82,-15],[104,57],[82,18],[99,-22],[43,4],[102,-7],[67,-17],[100,-36],[105,-91],[55,-81],[43,-29],[35,-2],[141,-53],[60,-48],[53,5],[54,-26],[29,-37],[25,-7],[40,-38],[128,-39],[48,-29],[85,-34],[48,-40],[64,-27],[53,-7],[38,-101],[18,-11],[51,-79],[51,-32],[66,-76],[29,-46],[5,-51],[32,-55],[6,-99],[21,-12],[-25,-41],[50,-241],[17,-32],[-8,-97],[14,-96],[23,-54],[-17,-50],[7,-146],[-8,-68],[24,-92],[31,-12],[-29,-22],[61,-33],[-43,-28],[-19,8],[-9,-73],[23,-60],[48,-73],[48,-38],[36,11],[27,-48],[21,16],[47,-18],[47,-63],[-3,-25],[49,-46],[24,21],[14,-51],[-14,-26],[-47,5],[-51,-81],[-58,-42],[-31,-121],[29,-4],[-14,-29],[-22,22],[-25,-33],[-2,-52],[11,-100],[-11,-54],[16,-51],[20,-17],[122,-163],[-5,-76],[46,-38],[-67,0],[-11,-18],[12,-59],[102,-16],[46,-50],[-35,-34],[-15,-43],[-60,4],[-29,-14],[-10,-33],[64,-97],[-12,-15],[8,-52],[-8,-35],[9,-47],[-32,33],[-107,67],[-17,27],[-52,-26],[-33,4],[-74,49],[-11,17],[-34,-6],[-24,-30],[34,-50],[-18,-31],[-49,-17],[12,-34],[-69,13],[5,34],[-36,93],[-17,124],[-92,91],[-4,14],[44,37],[-30,47],[-46,19],[-41,-5],[-81,7],[-60,-21],[-95,-16],[-149,-66],[-32,-25],[-57,-11],[-51,-26],[-51,-66],[-62,-39],[-15,7],[-60,-22],[-122,-64],[-64,-25],[-130,-33],[-76,-52],[-103,-130],[-60,-108],[-11,-39],[36,-39],[51,-23],[29,-30],[171,-80],[-11,-23],[-194,88],[-68,19],[-98,54],[-33,-78],[-5,-75],[99,2],[0,-9],[-86,0],[-1,-101],[71,-81],[78,5],[-35,122],[41,76],[26,-13],[-33,-66],[18,-67],[57,-27],[-9,-44],[8,-49],[51,-27],[18,11],[90,132],[12,6],[76,102],[32,-23],[-216,-295],[-21,15],[6,-51],[25,-5],[-24,-25],[-29,28],[-6,-73],[-65,-148],[-70,5],[26,-28],[-30,-1],[0,-40],[32,-23],[-49,-10],[-46,49],[6,-46],[-32,-7],[-38,30],[10,36],[-25,20],[-46,10],[-23,-22],[79,-55],[55,-54],[-1,-79],[-15,-5],[-11,51],[-23,-16],[-46,5],[-42,-36],[-13,-45],[-34,-26],[-19,7],[-16,117],[-24,-33],[-20,21],[47,54],[-66,62],[-25,35],[-47,-17],[-53,67],[-32,-1],[0,103],[7,44],[-27,27],[-102,-17],[-64,-32],[-23,-43],[-56,-73],[-21,-121],[-1,-33],[31,-105],[-15,-171],[23,12],[2,-32],[-27,-34],[-41,-23],[-22,-53],[37,-14],[18,-60],[27,-53],[-6,-62],[-73,-73],[6,-22],[-44,-38],[-66,75],[-14,39],[-32,16],[1,-92],[-26,36],[-10,67],[26,70],[-45,18],[-14,-36],[14,-16],[-32,-39],[1,-48],[-24,-58],[9,-42],[-21,-39],[-45,-35],[15,-21],[-21,-61],[15,-42],[-35,-19],[-30,39],[-12,54],[6,32],[-19,22],[19,24],[-19,22],[13,43],[-21,14],[-27,-68],[-5,39],[-16,-14],[11,-35],[-36,-30],[6,-39],[-40,-36],[-4,43],[-13,-48],[-10,27],[13,115],[-30,-61],[-36,-98],[-82,3],[-25,-35],[21,-43],[-24,-5],[-47,97],[-20,-10],[-12,-58],[-8,67],[20,45],[30,21],[-56,3],[-4,-35],[-29,-26],[-21,32],[13,26],[-18,28],[-17,-20],[4,-62],[-10,-24],[-42,-34],[19,39],[-9,66],[-36,-24],[-7,49],[-44,0],[-40,-62],[-48,3],[-69,-12],[-8,32],[60,33],[-48,-3],[-14,16],[-41,-2],[5,-26],[-48,-18],[5,-28],[36,10],[-38,-70],[3,-35],[-21,-14],[-4,35],[-20,-4],[-38,-69],[-5,74],[-17,-41],[-34,12],[-9,-60],[-32,85],[-8,-83],[-24,-35],[-43,6],[-38,50],[-15,-20],[-32,51],[-3,-55],[17,-70],[-49,41],[-26,96],[25,12],[-24,40],[7,38],[-18,40],[20,6],[-33,40],[-28,-7],[-28,20],[10,-47],[-46,61],[-7,-43],[-23,-14],[-46,53],[-18,-57],[-11,31],[-33,-12],[9,-33],[-26,10],[-21,42],[-1,58],[32,18],[-5,32],[-10,24],[-22,25],[9,26],[-30,18],[6,74],[-19,-3]],[[297746,1569326],[-11,42],[20,5],[100,-22],[57,17],[42,56],[66,19],[42,-9],[40,-69],[-2,-92],[-21,-52],[-73,-79],[32,-66],[-16,-18],[-36,5],[-27,39],[-27,-8],[-126,118],[-60,114]],[[297644,1569607],[33,-120],[21,-19],[-21,-42],[-45,72],[-17,88],[-27,-9],[-46,71],[-50,48],[42,34],[45,65],[83,-10],[34,16],[49,2],[103,-50],[49,-13],[-8,-31],[-205,-45],[-40,-57]],[[286796,1566754],[53,-48],[32,-58],[60,-40],[-6,-48],[-24,5],[-22,46],[-70,42],[-70,-36],[-26,-46],[-63,-80],[-56,2],[-45,42],[-17,39],[40,68],[80,82],[89,53],[45,-23]],[[286854,1566928],[39,15],[45,47],[5,24],[79,11],[35,-47],[19,-58],[-13,-32],[-59,-55],[-5,-42],[41,12],[8,-15],[-56,-33],[-61,19],[-33,24],[-64,16],[-11,38],[10,68],[21,8]],[[298134,1568882],[54,-15],[-27,-26],[-50,-19],[-54,77],[1,67],[44,10],[28,-40],[-26,-26],[16,-54],[14,26]],[[292740,1573002],[-15,-39],[-47,35],[3,57],[37,27],[-18,42],[34,25],[-20,23],[13,18],[38,-40],[-10,-98],[-15,-50]],[[297135,1571058],[13,22],[57,-2],[-21,-99],[-52,21],[3,58]],[[287174,1566817],[-17,36],[-25,10],[-3,31],[24,40],[25,-5],[0,-65],[20,-46],[27,-23],[-28,-13],[-23,35]],[[298181,1569007],[-57,-19],[-48,27],[32,27],[57,11],[16,-46]],[[294623,1567932],[-52,11],[2,36],[40,18],[10,-65]],[[296476,1569061],[16,-90],[-20,-1],[-28,45],[6,43],[26,3]],[[291924,1566626],[2,-40],[-29,-23],[-12,72],[11,25],[28,-34]],[[292108,1570258],[1,-40],[-16,-50],[-19,8],[13,45],[-17,16],[24,36],[14,-15]],[[292704,1572942],[10,-21],[-29,-61],[-15,40],[34,42]],[[291654,1566865],[34,-10],[-13,-25],[-58,5],[37,30]],[[293684,1567323],[-12,-55],[-22,59],[30,31],[4,-35]],[[296569,1569537],[-21,-43],[-25,32],[46,11]],[[287282,1566883],[-32,36],[28,19],[18,-26],[-14,-29]],[[296895,1571083],[-42,5],[5,36],[37,-41]],[[291823,1566849],[-1,-20],[-37,-28],[-3,22],[34,56],[7,-30]],[[293715,1567332],[10,-51],[-15,-22],[-16,88],[21,-15]],[[286574,1566250],[-34,9],[25,43],[14,-3],[-5,-49]],[[292942,1573381],[-1,-31],[-33,3],[-4,37],[38,-9]],[[262083,1539560],[10,-39],[-21,-2],[-25,49],[36,-8]],[[262265,1539178],[-30,0],[6,44],[24,-44]],[[262277,1539111],[-30,0],[1,44],[25,1],[4,-45]],[[262183,1539530],[22,-30],[-40,8],[18,22]],[[293385,1567007],[-13,-13],[-16,61],[18,-4],[11,-44]],[[293777,1567362],[19,61],[-3,-54],[-16,-7]],[[291151,1567841],[14,-10],[-19,-35],[-16,9],[21,36]],[[291651,1567050],[-1,-30],[-31,41],[8,15],[24,-26]],[[291119,1567848],[-12,-32],[-12,33],[24,-1]],[[291863,1566688],[-21,-24],[-12,23],[33,1]],[[291279,1568023],[-29,-32],[6,36],[23,-4]],[[293333,1573438],[40,-30],[-42,9],[2,21]],[[287067,1566999],[-17,32],[31,-19],[-14,-13]],[[297202,1570856],[-26,4],[30,23],[-4,-27]],[[286406,1566561],[-21,-14],[-27,29],[48,-15]],[[292172,1569749],[10,-41],[-19,10],[9,31]],[[296514,1569525],[5,-23],[-33,-2],[28,25]],[[293854,1573038],[-22,-28],[-9,32],[31,-4]],[[327387,1550934],[-93,6],[-10,27],[-90,77],[-70,30],[-31,38],[-48,-8],[-54,48],[-54,20],[-84,8],[-49,-11],[-28,-35],[-60,-44],[-27,11],[3,37],[-53,23],[-10,56],[13,24],[-28,12],[-26,-29],[-86,54],[39,64],[-38,-1],[9,21],[-54,40],[-6,35],[-55,40],[-42,-49],[-10,55],[-61,54],[-54,36],[-88,8],[-65,-86],[24,61],[-120,47],[-47,-11],[-38,-32],[-42,-17],[-74,-57],[-20,27],[-42,0],[-6,-42],[-33,-1],[-20,27],[15,40],[-15,13],[-36,-23],[-7,32],[23,38],[-35,28],[16,30],[-36,83],[-4,40],[22,40],[11,48],[-6,146],[-29,82],[-30,51],[-50,32],[-36,-7],[-3,-29],[-55,-44],[-27,49],[14,38],[-20,17],[-27,-14],[-5,39],[27,35],[8,101],[-18,55],[-30,50],[-55,-26],[-14,21],[40,12],[-42,17],[21,68],[-27,25],[24,4],[5,41],[-25,28],[33,12],[-13,68],[29,1],[-21,28],[44,58],[-23,35],[-36,7],[13,25],[40,0],[-16,43],[24,-10],[24,79],[-52,40],[33,-2],[48,-36],[5,14],[-44,52],[50,-24],[54,30],[33,3],[18,54],[31,-10],[-22,-68],[63,-15],[38,89],[-51,19],[4,56],[59,-21],[42,115],[-57,22],[-14,-36],[-30,10],[-21,-58],[-28,10],[24,68],[-58,20],[-59,-166],[28,-10],[45,27],[8,-14],[-55,-32],[-76,22],[0,27],[37,-11],[70,196],[-78,30],[-168,-87],[-7,14],[216,111],[57,-27],[15,63],[18,20],[5,46],[-27,54],[-3,54],[-48,71],[-73,63],[-16,45],[-55,52],[-37,2],[13,-35],[-44,-5],[17,49],[-81,17],[-47,-22],[-23,33],[-35,3],[-45,25],[8,40],[-38,14],[25,23],[-58,0],[-6,23],[30,27],[-39,10],[23,29],[-31,30],[-31,5],[30,28],[-1,45],[-30,31],[13,39],[-48,-15],[12,20],[-28,28],[-54,0],[29,19],[19,37],[-5,56],[37,34],[28,56],[24,-1],[25,39],[37,0],[32,49],[26,-8],[3,31],[49,31],[16,38],[24,-15],[68,25],[98,24],[76,55],[29,41],[15,53],[52,53],[53,25],[106,109],[49,113],[6,77],[-33,60],[-52,-1],[-16,14],[23,49],[34,-1],[-16,52],[-31,2],[-35,-48],[-59,11],[-2,21],[32,15],[36,41],[-49,9],[21,28],[21,-25],[48,13],[49,34],[4,-31],[29,37],[-6,44],[-39,99],[39,26],[-15,42],[15,129],[-14,11],[40,27],[2,43],[29,29],[41,81],[59,44],[52,58],[76,12],[46,21],[57,73],[45,28],[12,36],[65,49],[48,82],[19,10],[10,44],[-32,75],[3,31],[-30,89],[-6,49],[-24,6],[21,48],[45,47],[-3,72],[19,89],[-46,27],[13,62],[142,90],[-86,132],[26,17],[98,-154],[-135,-76],[-10,-63],[20,-27],[50,26],[-27,53],[19,9],[16,-61],[34,-10],[39,12],[25,31],[65,2],[53,27],[97,85],[50,54],[-3,62],[73,62],[42,111],[-20,63],[2,49],[-31,74],[-50,67],[-88,66],[-36,82],[3,131],[-39,49],[-32,78],[-42,45],[-8,26],[-51,66],[-17,37],[-61,75],[4,93],[50,65],[-1,31],[39,132],[34,8],[23,87],[26,51],[-1,29],[26,55],[0,53],[23,11],[-1,51],[26,-10],[50,67],[47,84],[28,-12],[29,12],[28,36],[92,2],[34,26],[63,-7],[33,23],[32,-21],[-3,28],[37,-4],[42,32],[10,-14],[34,27],[77,123],[48,2],[113,-9],[54,-31],[25,3],[58,-25],[113,9],[52,21],[34,-3],[48,31],[77,15],[72,38],[74,52],[84,-23],[37,-33],[40,33],[8,-12],[-39,-28],[34,-80],[13,7],[40,-29],[35,73],[-65,88],[15,11],[63,-95],[-15,-38],[34,-2],[-34,-29],[24,-28],[76,-48],[82,-39],[110,-10],[86,10],[80,21],[76,50],[116,49],[85,71],[27,-15],[42,14],[38,47],[41,32],[56,68],[27,62],[105,61],[24,24],[78,22],[118,11],[80,-33],[56,-33],[96,-22],[100,15],[66,74],[45,11],[19,24],[67,-23],[59,-7],[68,23],[75,-14],[67,-30],[34,0],[4,-51],[58,6],[5,-33],[-81,15],[5,28],[-134,23],[6,-63],[232,-42],[6,37],[-10,59],[-29,84],[18,14],[23,-67],[-4,-33],[18,-23],[52,22],[79,-74],[39,19],[36,-8],[-1,-24],[30,0],[28,24],[67,-30],[-9,-39],[76,-7],[30,17],[35,-16],[53,10],[130,45],[-3,27],[47,19],[-7,-58],[41,-26],[39,-3],[0,-27],[29,-55],[58,-46],[65,-11],[42,-45],[81,-10],[44,-35],[67,-36],[14,-26],[46,-31],[34,-8],[28,-31],[32,-9],[57,-56],[5,-41],[31,-27],[-9,-27],[13,-76],[-14,-19],[15,-34],[-11,-51],[48,-61],[155,-8],[9,12],[86,-18],[96,-49],[-10,-34],[23,-37],[48,-25],[48,-51],[113,11],[21,15],[51,-18],[-9,-26],[-51,-23],[6,-55],[43,-61],[29,-18],[83,-91],[73,-21],[18,-30],[18,9],[29,-43],[76,1],[41,-41],[44,-7],[50,31],[35,5],[-56,-43],[30,-19],[-15,-17],[6,-47],[35,-65],[84,-111],[41,-17],[24,10],[7,-27],[81,-27],[-28,-35],[7,-30],[24,-9],[-16,-28],[24,-65],[52,-44],[4,-43],[31,-65],[20,-2],[-1,-37],[21,10],[-14,-116],[-28,-27],[1,-34],[30,-149],[21,-20],[94,-13],[2,-19],[53,19],[30,-48],[12,26],[19,-18],[-29,-34],[5,-40],[28,-22],[-43,-23],[-38,17],[-104,-47],[-8,-43],[16,-59],[34,-36],[25,-4],[35,-38],[-6,-33],[22,-24],[4,-38],[27,-36],[-4,-31],[25,-28],[-14,-65],[23,-22],[-3,-101],[-29,-42],[-34,-85],[15,-81],[14,-22],[73,25],[39,-36],[6,-25],[-31,-31],[-92,-28],[-62,-40],[8,-51],[-39,3],[-28,-39],[-6,-40],[24,11],[18,-41],[-76,-13],[-22,10],[-9,-45],[-30,-53],[0,-46],[25,-85],[17,3],[10,-63],[-33,-103],[-31,-35],[-40,6],[-62,-52],[-33,-72],[-16,-134],[13,-191],[31,-97],[19,-28],[36,-4],[51,-65],[16,-81],[0,-54],[38,-71],[84,16],[445,54],[65,81],[22,-17],[-66,-81],[-162,-17],[-50,-9],[8,-72],[-243,-27],[-46,7],[-46,-44],[-26,-52],[-20,-101],[6,-33],[-6,-71],[16,-42],[-6,-99],[24,-15],[-4,-42],[44,-19],[-48,-18],[55,-23],[-4,-94],[-46,-121],[16,-103],[-25,2],[-36,-44],[23,-87],[-32,-1],[9,-80],[-25,-14],[40,-24],[27,-54],[-48,-43],[-107,-8],[-22,18],[-45,-9],[-31,-64],[30,-28],[-22,-28],[13,-15],[-33,-34],[-58,1],[-15,-85],[13,-14],[-24,-79],[-19,-21],[-60,29],[-10,-8],[39,-56],[-33,-8],[4,-86],[-56,6],[-21,20],[-73,-16],[-30,-62],[-13,17],[-101,-51],[-33,10],[-11,-37],[17,-35],[-10,-20],[24,-21],[-24,-16],[36,-21],[-101,-55],[-21,-67],[-32,-10],[-7,-49],[-39,-59],[-38,-12],[-48,14],[-49,-24],[-110,-76],[-19,-34],[19,-38],[-31,-8],[5,-28],[-38,20],[-35,-4],[-89,-36],[-153,-21],[-103,-28],[-7,-55],[-15,6],[-71,-53],[-24,-1],[88,63],[-41,81],[-181,-94],[19,-39],[-21,8],[-94,-57],[5,-22],[42,-1],[103,62],[89,-90],[90,22],[6,-28],[-93,-21],[-68,80],[-38,19],[-85,-55],[-89,-2],[-79,46],[-46,-35],[-24,7],[-32,-26],[-65,-88],[-27,-69],[-66,-40],[-37,-58],[31,-38],[-4,-31],[-43,-7],[6,26],[-46,27],[-40,-3],[-86,-36],[-96,-13],[-86,-19],[-78,-47],[30,-91],[-10,-101],[-34,-59],[42,-34],[4,-49],[-21,-38],[-37,-15],[-11,-58],[-54,-10],[-33,-52],[-41,16],[-48,50],[16,-31],[-2,-53],[30,-12],[16,-56],[-43,-71],[-43,-6],[-36,36],[-38,15],[-52,-5],[2,-86],[-45,75],[-28,-75],[-97,8],[46,22],[-105,93],[-52,55],[-91,127],[-64,29],[-158,-26],[-48,-26],[-74,-63],[-57,-71],[-1,-66],[-53,6],[-24,-15],[-21,23],[-38,-19],[-6,-35],[-50,66],[4,17],[-47,-4],[17,-38],[-27,-27],[2,38],[-29,88],[-147,-27],[-60,23],[-23,-11],[-83,21],[-13,-6],[-156,50],[-15,13],[-84,14],[-69,2],[-92,-35],[-63,-13],[-77,-1],[-41,-87],[-22,22],[-37,-37],[-26,-8],[-40,30],[-151,12],[-48,-26],[-3,-35],[-35,27],[-21,-13],[-2,-36],[-45,18],[-19,-51],[-42,16],[-34,-34],[-26,8],[-20,-20],[-21,-55],[-19,-14],[-12,33],[-62,-22],[-25,6],[6,-33],[-15,-58],[-4,65],[-42,-13],[-22,24],[-29,-37],[-25,-3],[32,35],[-22,14],[2,36],[-38,-8],[9,34],[-36,28]],[[316272,1551230],[82,0],[53,-41],[10,-22],[-17,-59],[-26,-29],[-43,-18],[-78,60],[-29,60],[6,21],[42,28]],[[316417,1550854],[82,-53],[28,-31],[1,-30],[-98,36],[-20,-14],[-47,70],[13,54],[41,-32]],[[315966,1550940],[10,-37],[-21,-61],[-53,24],[-20,24],[44,11],[17,51],[23,-12]],[[325284,1553105],[2,-30],[-29,-1],[-10,145],[29,1],[8,-115]],[[315811,1550819],[38,-20],[-95,-16],[17,37],[40,-1]],[[327537,1550645],[-26,-10],[-8,25],[22,43],[28,11],[-16,-69]],[[332154,1552163],[-33,-32],[-26,16],[46,50],[13,-34]],[[329223,1559726],[-17,-27],[-12,44],[21,21],[8,-38]],[[316502,1551004],[-10,-25],[-32,37],[42,-12]],[[316117,1551121],[52,15],[-9,-24],[-43,9]],[[325545,1552047],[-39,8],[24,18],[15,-26]],[[325116,1554734],[-28,-1],[9,30],[19,-29]],[[339320,1529411],[-16,-23],[-38,-116],[10,-10],[-28,-61],[-57,-85],[-25,-3],[-29,-43],[-106,-94],[-36,-78],[-43,-65],[-70,-42],[-35,-46],[-58,5],[-43,19],[-146,21],[-59,-10],[-163,23],[-34,-3],[-133,36],[-15,17],[-121,60],[-172,47],[-160,20],[-130,25],[-91,23],[-96,6],[-127,24],[-146,7],[-171,15],[-88,-11],[-228,4],[-32,-6],[-102,2],[-93,10],[-64,-6],[-156,-24],[-69,14],[-41,20],[-52,9],[-58,34],[-81,32],[-130,64],[-66,26],[-145,83],[-220,95],[-182,105],[-105,71],[-78,70],[-40,48],[-42,86],[-41,65],[-50,124],[-6,32],[-56,142],[-32,135],[-9,108],[5,74],[22,122],[8,109],[3,270],[12,66],[5,139],[-6,69],[4,101],[-30,242],[-15,72],[-3,95],[14,104],[33,81],[25,96],[53,163],[0,15],[62,129],[67,121],[53,69],[84,140],[36,35],[81,135],[24,52],[151,209],[47,55],[124,166],[50,46],[66,80],[55,103],[31,-7],[-86,74],[-20,8],[28,45],[22,-19],[-19,-21],[77,-67],[89,77],[18,48],[-36,63],[-80,-58],[-13,14],[67,62],[-160,136],[17,20],[175,-148],[75,-36],[45,54],[8,-7],[46,82],[-56,48],[40,-16],[48,56],[7,28],[-47,37],[-96,-113],[-4,53],[26,17],[67,81],[85,-75],[34,20],[92,34],[170,52],[70,6],[242,74],[32,18],[113,21],[71,34],[48,45],[71,12],[117,9],[53,16],[111,-16],[51,5],[67,-16],[114,-67],[20,-24],[158,-106],[83,-20],[140,-119],[138,-183],[86,-99],[54,-53],[94,-61],[93,-87],[39,-59],[103,-68],[64,-4],[27,-24],[32,6],[5,-50],[38,-36],[115,-191],[53,-68],[15,-33],[81,-125],[94,-131],[58,-61],[161,-248],[24,-29],[54,-150],[46,-85],[48,-107],[29,-101],[45,-12],[-14,-28],[30,-97],[36,-87],[28,-20],[22,-48],[29,-26],[35,18],[-22,-32],[56,-94],[11,-106],[39,-145],[73,-135],[83,-98],[24,-83],[-6,-75],[9,-42],[-67,-291],[-35,-32],[-14,-54],[-19,-17],[-9,-52],[-22,-27],[-83,-166],[-13,-42],[-35,-57],[-33,-94],[-27,-53],[-2,-52],[-55,-73],[-4,-20],[-55,-83],[5,-13],[-87,-94],[-37,-55],[-32,-75],[-42,-66]],[[338879,1528669],[48,-51],[-6,-24],[-65,-7],[-25,26],[-39,8],[-25,46],[17,48],[59,-7],[36,-39]],[[308257,1505909],[-34,-24],[-13,-36],[-22,7],[4,33],[-27,11],[14,22],[-16,67],[22,36],[43,0],[29,-61],[0,-55]],[[338828,1528594],[-20,-18],[-19,34],[39,-16]],[[351218,1445074],[-59,111],[-29,25],[-40,10],[-25,24],[-3,33],[-22,1],[13,45],[-54,18],[-49,44],[-46,92],[-26,18],[-45,-8],[15,47],[-24,46],[-78,-24],[-22,10],[-21,58],[32,36],[-17,24],[22,28],[-21,46],[-26,18],[24,52],[-3,38],[-36,119],[-22,38],[-24,103],[-39,44],[-19,0],[-5,48],[-84,-23],[-12,18],[17,36],[48,-5],[-46,70],[-41,-5],[-28,63],[14,28],[-57,154],[-29,39],[-42,104],[-28,35],[13,18],[-11,37],[14,43],[-3,51],[-29,69],[-33,-10],[-16,21],[22,31],[34,-4],[15,54],[-15,66],[-59,143],[13,10],[-70,171],[5,34],[-15,82],[-13,13],[33,75],[16,108],[-18,53],[7,39],[-18,104],[33,-19],[-4,31],[23,27],[-18,36],[32,26],[-25,20],[54,0],[14,75],[-34,139],[33,48],[-59,14],[-35,27],[82,8],[-2,32],[55,39],[8,-13],[43,23],[17,32],[30,14],[-11,42],[36,14],[37,73],[29,-6],[-38,90],[36,6],[-20,20],[43,12],[31,43],[-2,41],[23,76],[33,-2],[-22,40],[24,9],[-68,27],[9,20],[58,-29],[25,32],[16,110],[27,37],[-17,41],[16,32],[-46,28],[4,43],[99,-14],[73,131],[54,38],[24,34],[-29,14],[20,18],[21,-28],[20,11],[50,-21],[-2,24],[33,13],[18,43],[87,51],[28,0],[67,33],[31,-6],[83,30],[128,1],[28,14],[-16,26],[29,17],[55,-21],[6,51],[128,-3],[15,-31],[56,2],[41,49],[74,-1],[-3,37],[43,-6],[19,-30],[3,47],[50,29],[6,42],[96,43],[92,2],[12,-26],[33,-13],[14,-29],[48,0],[8,32],[18,-15],[51,11],[124,-18],[19,-28],[68,1],[108,-55],[12,-34],[18,20],[15,-34],[52,22],[62,-5],[8,-16],[46,66],[12,-50],[35,71],[-9,-63],[35,10],[-4,-45],[48,-38],[128,60],[33,-11],[32,39],[21,-12],[100,14],[-4,25],[36,36],[45,-21],[-26,-62],[5,-34],[33,-34],[44,-15],[16,19],[81,-13],[35,54],[12,-62],[-10,-16],[27,-46],[40,-12],[14,-67],[47,27],[73,-32],[-21,-73],[28,-53],[90,-59],[19,31],[29,11],[35,-44],[-23,-21],[3,-37],[40,-35],[66,-35],[-1,-18],[70,-88],[36,-5],[52,-74],[13,-50],[69,12],[-11,-36],[88,-113],[-12,-9],[54,-48],[14,4],[45,-79],[68,-50],[53,-15],[93,-71],[41,29],[20,-68],[20,-11],[-6,71],[25,11],[22,-97],[63,-8],[4,-74],[71,-33],[47,-41],[21,33],[-24,-83],[61,13],[-2,-16],[76,-10],[23,35],[27,-22],[-34,-38],[83,-84],[50,-7],[31,-27],[56,-15],[7,50],[12,-58],[21,26],[1,-57],[19,-33],[53,-5],[-2,-24],[98,-85],[43,43],[62,-7],[-31,-40],[46,-14],[-21,-43],[64,-1],[-64,-64],[27,-20],[-20,-40],[33,-5],[-31,-38],[9,-68],[-13,-64],[38,-61],[23,-72],[23,-37],[-4,-41],[10,-66],[-24,-31],[2,-75],[22,-37],[44,27],[-9,-33],[66,-4],[23,18],[25,-10],[26,-75],[-48,2],[-22,-21],[-22,-88],[14,-19],[65,-5],[37,-33],[24,13],[12,-40],[25,-24],[13,20],[89,-49],[38,-8],[36,10],[25,-11],[53,52],[43,4],[30,-14],[9,-28],[38,15],[62,-13],[43,-39],[16,18],[59,10],[27,-47],[-79,-11],[57,-148],[21,-6],[-78,-27],[32,23],[-46,118],[-36,-14],[-15,33],[-53,-18],[-38,34],[8,20],[-103,43],[-35,-86],[104,-42],[11,28],[90,-51],[25,-72],[56,-82],[59,28],[14,-7],[-19,-58],[16,-9],[26,32],[64,12],[3,25],[44,21],[-42,108],[-39,-15],[5,23],[36,13],[5,28],[-22,32],[-83,201],[32,13],[77,-201],[19,0],[42,-80],[-25,-10],[34,-28],[11,-59],[99,-26],[76,12],[15,-21],[35,17],[-8,-30],[32,4],[10,-21],[-32,-11],[40,-49],[-11,-28],[55,-12],[-16,-27],[32,-5],[29,-38],[37,3],[-13,43],[23,-8],[31,-51],[52,-11],[50,31],[80,-31],[9,33],[-35,32],[-7,40],[39,-12],[-2,-22],[27,-47],[53,-40],[12,-37],[35,-34],[-30,-49],[12,-61],[50,-45],[39,-16],[42,42],[7,-29],[37,-37],[-16,-12],[-39,39],[-19,-19],[-17,-59],[19,-77],[46,-66],[68,28],[41,37],[29,-38],[-39,17],[-95,-62],[3,-46],[24,4],[56,-40],[186,88],[-27,-30],[26,-56],[73,40],[-21,47],[17,8],[22,-47],[70,31],[118,-42],[-7,-22],[-115,43],[-405,-192],[-36,-1],[24,-52],[-18,-12],[24,-60],[34,4],[-5,49],[18,2],[0,-61],[-55,-12],[5,-45],[59,-23],[23,-23],[37,13],[62,-6],[70,17],[31,22],[112,-31],[28,-19],[107,3],[57,-45],[23,6],[50,-16],[91,-62],[57,-75],[76,-48],[97,-36],[85,-5],[56,-14],[35,10],[119,-21],[46,0],[141,22],[51,16],[7,23],[115,15],[25,47],[39,-39],[116,32],[155,-15],[32,-25],[71,-32],[13,-24],[107,-42],[45,-7],[107,-36],[28,1],[42,-26],[138,-6],[14,14],[88,-13],[11,41],[59,44],[62,-7],[33,10],[-11,-35],[-41,-23],[-51,2],[-19,-55],[23,-27],[24,19],[0,-65],[22,-5],[36,29],[11,49],[8,-60],[-30,-9],[-31,-69],[30,-18],[21,-40],[36,-17],[19,-34],[70,-89],[12,-67],[48,-34],[2,-20],[47,-49],[25,-85],[0,-108],[38,-96],[23,-141],[49,-118],[28,-88],[84,-163],[67,-90],[32,-31],[42,-78],[38,16],[-18,-36],[40,-9],[43,-79],[104,-32],[-17,-35],[22,-17],[51,-95],[45,-57],[57,-16],[-2,-28],[35,-8],[1,-28],[27,-8],[-19,-27],[8,-59],[-27,-36],[-24,-67],[-33,-49],[-64,-62],[-6,-27],[-31,-16],[-38,-81],[18,-36],[-23,-4],[-3,-63],[-49,-69],[-7,-31],[11,-92],[15,-13],[-23,-140],[23,-75],[40,-32],[-5,-18],[74,-77],[0,-47],[28,-49],[16,0],[-1,-74],[58,-56],[62,-85],[33,-20],[26,-52],[52,-51],[-20,-52],[3,-46],[22,-73],[60,-33],[-15,-43],[-62,-72],[-21,-87],[-5,-52],[12,-19],[-90,-140],[-2,-27],[31,-41],[65,17],[16,-69],[-15,-33],[-44,-8],[-2,-21],[-47,10],[1,-28],[-31,-3],[-70,-42],[-20,-23],[-92,-39],[-17,-28],[-112,8],[-67,-6],[-50,14],[-32,-16],[-59,-5],[-89,14],[-7,26],[-33,-7],[-39,33],[-128,-16],[-49,-22],[-125,-79],[-10,5],[-83,-103],[-48,-82],[-33,42],[-67,-9],[-171,74],[-34,-6],[-26,-44],[-51,-12],[-27,14],[-50,-23],[6,-31],[59,26],[4,-21],[-48,-27],[18,-14],[6,-109],[-16,0],[-7,103],[-37,52],[-3,32],[-27,22],[-103,-115],[20,-67],[99,32],[-10,-18],[-90,-30],[-26,-130],[-80,-153],[-60,-189],[-77,-124],[-121,-122],[-62,1],[-82,-39],[-26,-28],[-24,-55],[-14,-134],[8,-42],[24,-24],[39,-115],[-14,-39],[23,-66],[-18,-45],[5,-40],[46,13],[-18,-121],[-30,-120],[-2,-59],[-20,-75],[4,-38],[39,12],[-25,-45],[5,-63],[-15,-122],[-11,-23],[-3,-74],[-15,-108],[8,-55],[44,-42],[26,-44],[33,-21],[53,-67],[28,-47],[60,-56],[20,-48],[19,-3],[10,-91],[36,-50],[-31,-78],[35,-22],[-27,-69],[-33,32],[-15,-12],[-49,-95],[-97,-130],[-41,-50],[-52,-35],[-63,-13],[-3,-27],[-46,-1],[-81,63],[25,-55],[93,-67],[-16,-39],[-24,-16],[-23,19],[-11,57],[-24,-1],[-62,58],[-3,22],[-97,57],[13,53],[-64,95],[-94,64],[-40,57],[-35,32],[-25,-1],[-32,29],[-67,94],[-54,48],[-28,74],[-35,41],[-50,38],[-41,91],[-27,17],[-64,85],[-78,82],[-42,36],[-37,72],[-92,115],[0,27],[-29,22],[-47,60],[-64,61],[-69,40],[-147,58],[-91,13],[-72,-95],[-9,5],[42,68],[-51,33],[-76,-66],[-2,-42],[65,-28],[49,2],[-2,-28],[-43,-9],[-40,29],[-43,-5],[-25,19],[4,107],[-32,19],[-97,22],[-35,-7],[-130,-71],[-33,-27],[-40,-7],[-92,22],[-83,46],[-67,4],[-74,58],[-44,19],[-56,1],[-35,26],[8,15],[43,-7],[29,13],[-19,34],[-7,57],[-47,68],[-24,9],[-11,34],[-62,39],[-26,39],[-42,30],[-161,78],[-96,10],[-77,-23],[-57,-42],[-13,-32],[-59,-24],[-115,-15],[-25,5],[7,-59],[-38,45],[-3,36],[-38,-21],[14,36],[-40,3],[-1,-49],[-21,-13],[-31,13],[-9,51],[-52,1],[7,27],[-49,94],[-11,44],[-81,98],[-78,52],[-82,11],[-68,27],[-54,33],[-25,-51],[-19,12],[4,32],[-85,50],[-68,65],[-19,-7],[-101,87],[0,20],[-69,59],[-130,70],[-4,-16],[-83,45],[-41,-54],[11,47],[-21,10],[-77,89],[9,13],[-78,75],[-13,37],[-54,26],[3,24],[-31,16],[-50,109],[5,33],[-38,71],[-11,81],[-38,57],[-33,16],[-31,-17],[9,35],[38,-15],[29,10],[-15,28],[23,18],[-10,27],[17,68],[-18,13],[18,54],[-18,54],[19,24],[-12,26],[-5,75],[14,67],[-4,174],[7,83],[-25,173],[0,71],[-42,183],[-11,98],[29,104],[-5,28],[10,146],[12,68],[-29,89],[13,19],[-6,51],[-2,154],[-12,52],[-58,39],[19,9],[24,47],[-27,64],[7,58],[-37,39],[-14,104],[-88,108],[-138,-97],[-153,13],[6,21],[152,-15],[128,82],[-40,74],[-69,76],[-31,-14],[-23,43],[58,41],[25,38],[-39,24],[-39,-1],[-3,17],[49,5],[50,-26],[22,33],[91,53],[27,-11],[91,16],[-16,91],[-86,-15],[8,-40],[-84,-44],[-30,49],[-86,-20],[-5,-52],[-56,-4],[-32,16],[-28,-54],[58,-31],[8,-38],[-39,-34],[28,-104],[-25,-13],[-32,121],[-8,51],[-36,-12],[-34,7],[-33,-25],[-25,13],[-39,-21],[3,-27],[-48,-36],[-18,35],[-22,-44],[25,-37],[-52,4],[11,39],[-53,31],[-14,-21],[-27,23],[33,24],[-15,27],[-57,9],[-33,-257],[-51,7],[31,228],[19,57],[-11,28],[41,5],[39,71],[-16,17],[-80,-85],[-51,-39],[-25,-6],[-47,29],[27,36],[44,-5],[-4,62],[-28,22],[9,30],[-37,-4],[-19,-25],[-16,43],[-53,-27],[-29,12],[-5,69],[18,26],[-17,18],[-23,-33],[-41,51],[-47,-30],[-57,31],[-27,-28],[-14,15],[-48,-74],[20,62],[-13,42],[-21,18],[-94,8],[-18,12],[-3,-44],[-20,-37],[-23,-2],[-48,42],[-30,-11],[-37,26],[-53,15],[-8,25],[-40,12],[-43,-10],[-93,3],[-2,-18],[-129,4],[-53,33],[-21,-2],[-56,66],[-43,13],[-28,60],[-57,-35],[2,32],[-50,18],[0,47],[23,-7],[10,60],[-37,41],[-42,-54],[-5,30],[-51,13],[-33,-20],[-6,60],[29,42],[-15,25],[-39,-9],[18,28],[-21,53],[-37,28],[47,11],[-49,27],[-1,29],[37,6],[-54,151],[-18,-9],[-11,38],[-31,27],[-9,54],[-20,28],[9,51],[32,7],[12,116],[19,17],[-12,55],[-35,40],[15,12],[-38,110],[-3,55],[-48,97],[2,18],[-51,90],[-12,-7],[-100,106]],[[344728,1445839],[-93,255],[-53,53],[-16,46],[-19,3],[-44,50],[-36,69],[-60,58],[-19,33],[-54,46],[-6,20],[-59,67],[-66,-30],[-23,65],[-46,83],[-32,6],[11,31],[28,-3],[112,111],[-5,84],[-46,0],[-52,20],[-27,54],[32,18],[37,-5],[-35,32],[36,20],[-7,39],[40,0],[-26,37],[47,-11],[-7,22],[-59,76],[31,2],[-10,26],[23,50],[28,4],[15,37],[41,-1],[36,-36],[39,-78],[38,-21],[-5,-34],[40,-79],[29,-9],[41,11],[15,64],[28,18],[40,-29],[59,11],[97,67],[45,105],[48,27],[68,-5],[42,-23],[35,22],[11,-20],[44,-12],[40,38],[27,6],[45,-52],[46,-22],[45,13],[23,-28],[-27,-23],[23,-48],[14,-130],[21,-46],[72,-99],[33,-62],[94,-119],[72,-28],[13,-27],[40,-20],[26,-35],[75,-42],[158,-32],[117,-65],[46,-3],[91,-71],[65,-76],[15,-47],[28,-35],[18,-67],[18,-17],[22,-116],[68,-82],[12,-197],[-13,-70],[20,-135],[-7,-43],[18,-66],[7,-79],[25,-37],[31,-75],[102,23],[22,-37],[-25,-76],[-107,-57],[-10,-21],[33,-55],[-28,-1],[-25,-25],[-78,-32],[-28,-20],[61,10],[-18,-29],[-27,-5],[-36,23],[-9,30],[12,66],[-12,21],[-90,22],[-135,51],[-192,25],[-16,-13],[-74,14],[-106,-18],[-87,-30],[-42,-2],[-51,-21],[-25,-32],[-18,4],[-56,-67],[-55,8],[-50,28],[-33,37],[-20,-11],[-36,37],[-78,16],[-75,46],[-23,5],[-88,77],[-19,31],[-19,151],[-25,67],[-22,13],[-45,82],[-18,74],[-32,60],[-11,53],[-38,69]],[[346291,1446576],[-4,50],[17,20],[29,-7],[59,-57],[17,-67],[-37,-12],[-46,23],[-35,50]],[[359694,1445366],[18,-6],[-1,-46],[-17,-43],[-20,10],[-14,61],[34,24]],[[346636,1445244],[-2,-64],[-31,-42],[-29,1],[35,39],[-5,27],[18,58],[14,-19]],[[344873,1444977],[42,33],[25,-34],[-36,-28],[-33,8],[2,21]],[[344129,1446633],[15,-31],[-7,-33],[-38,3],[-3,63],[33,-2]],[[345370,1444775],[-9,46],[33,-9],[20,-41],[-40,-25],[-4,29]],[[357765,1446020],[28,36],[39,-13],[-4,-23],[-63,0]],[[359585,1445329],[-3,-31],[-33,0],[-13,25],[49,6]],[[357789,1445995],[33,-13],[-22,-24],[-24,15],[13,22]],[[359967,1440091],[36,17],[-102,-74],[-6,8],[72,49]],[[353050,1443146],[28,34],[33,-15],[-61,-19]],[[351505,1443882],[29,1],[-11,-29],[-18,28]],[[360315,1445141],[19,-7],[-29,-25],[10,32]],[[352007,1368813],[58,68],[28,18],[-26,24],[10,41],[-68,57],[-34,47],[-53,30],[-46,8],[-35,25],[-33,-2],[-71,80],[10,39],[-31,30],[-16,46],[27,57],[-42,176],[14,38],[-4,41],[17,14],[19,107],[-14,59],[-9,156],[13,63],[8,96],[-3,253],[-17,163],[-31,107],[-15,7],[0,53],[17,150],[-9,133],[11,152],[51,258],[-6,40],[20,92],[11,84],[20,39],[54,43],[-2,22],[218,90],[41,27],[44,-3],[8,-20],[79,-59],[24,-40],[38,-16],[91,-60],[29,-29],[68,-34],[109,-28],[115,-24],[66,-23],[140,-38],[65,-42],[51,-3],[18,-31],[62,-50],[52,-27],[17,-31],[-8,-32],[67,-70],[22,-10],[8,-40],[33,-31],[17,-87],[26,-62],[92,-66],[46,-111],[43,-47],[44,-31],[31,-39],[37,10],[14,-35],[53,-34],[25,-42],[54,-37],[27,1],[66,-32],[26,38],[-11,-46],[51,-58],[-3,-35],[33,-53],[53,-29],[96,-172],[23,-12],[7,-86],[28,-34],[80,4],[-9,-28],[-46,-4],[-14,-60],[-15,-8],[-9,-136],[-27,-101],[9,-85],[26,-44],[23,3],[42,-42],[15,-70],[-4,-47],[-20,-70],[7,-121],[-48,-75],[15,-44],[-45,-53],[-27,-65],[-64,-43],[-22,-64],[-118,-49],[-151,-132],[-184,-77],[-95,-30],[-99,-68],[-35,-41],[-65,-32],[-61,-14],[-149,-22],[-22,-22],[-59,2],[-82,26],[-69,49],[-55,104],[-67,52],[-77,71],[-85,22],[-58,-24],[-65,22],[-38,35],[-80,-13],[-24,23],[-59,9],[-15,-29],[-27,15],[-45,-49],[-27,25],[53,60],[62,8],[-16,39],[-101,92],[-94,-105],[-18,15]],[[498547,492590],[-52,-99],[-97,-85],[-108,-41],[-129,-100],[-106,-110],[-63,-9],[-31,-15],[-133,-23],[-20,35],[26,133],[-8,144],[-20,83],[-33,18],[17,35],[-55,87],[-1,68],[8,51],[0,77],[-13,91],[9,65],[36,133],[37,86],[32,102],[35,88],[88,135],[50,89],[26,68],[68,132],[36,124],[-1,61],[-37,96],[8,113],[29,100],[1,24],[29,134],[73,218],[47,107],[54,145],[15,100],[54,172],[11,78],[-8,55],[-37,10],[-22,29],[-6,60],[10,13],[25,142],[-11,56],[22,81],[-7,78],[-18,100],[-36,170],[-21,154],[-20,121],[-27,74],[-33,48],[-84,85],[-34,61],[-63,42],[-22,-25],[-49,-11],[-19,-21],[-94,-20],[-36,20],[-31,44],[-32,13],[-28,38],[0,72],[31,34],[20,-24],[-1,83],[17,9],[12,63],[-9,12],[18,49],[-25,48],[29,-3],[28,81],[4,75],[20,33],[58,60],[31,90],[50,63],[43,8],[83,68],[16,40],[4,68],[46,70],[91,68],[74,35],[188,128],[110,57],[68,29],[79,55],[104,103],[159,101],[99,81],[157,154],[71,101],[101,110],[53,89],[19,59],[-7,119],[18,69],[53,50],[76,51],[211,105],[108,67],[43,37],[33,50],[42,36],[78,50],[96,82],[83,39],[75,11],[171,-6],[142,7],[68,24],[48,35],[45,58],[59,44],[62,34],[119,38],[104,-11],[129,16],[129,6],[107,12],[165,-25],[101,-26],[81,-28],[40,7],[0,-22],[211,-160],[133,-113],[75,-53],[126,-108],[109,-79],[36,-83],[63,-111],[43,-50],[83,-118],[66,-79],[20,-12],[78,3],[-2,-52],[-14,-13],[23,-32],[-31,-21],[9,-67],[38,-65],[74,-97],[117,-181],[24,-23],[19,-80],[34,-56],[73,-93],[111,-118],[47,-41],[25,-63],[-9,-68],[-10,-153],[40,-175],[18,-62],[38,-89],[55,-94],[61,-123],[18,-49],[53,-110],[33,-154],[9,-58],[-12,-147],[1,-59],[13,-103],[-16,-226],[-18,-137],[-26,-111],[-25,-78],[-57,-110],[-64,-106],[-17,-10],[-28,-63],[-29,-26],[-52,-15],[-24,-42],[-32,-101],[-17,-128],[-20,-29],[-67,-35],[-114,-75],[-39,-41],[-95,-10],[-73,-31],[-32,-22],[-93,-18],[-107,-64],[-93,-50],[-40,-33],[-98,-7],[-41,17],[-104,-19],[-138,-74],[-174,-45],[-101,-73],[-129,-111],[-155,-100],[-92,-65],[-136,-68],[-159,-94],[-107,-41],[-108,-24],[-86,-28],[-99,-51],[-101,-40],[-189,-88],[-64,-40],[-164,-85],[-121,-76],[-110,-46],[-201,-61],[-118,-50],[-269,-148],[-59,-36],[-18,-40],[-54,-46],[-15,34],[-34,9],[-64,-11],[-129,-69],[-163,-100],[-128,-72],[-107,-36],[-124,-72],[-117,-104],[-89,-64],[-54,-64],[-29,-167]],[[585860,758325],[-29,29],[-55,128],[-32,40],[-60,37],[-49,-5],[-27,-40],[-78,-52],[-18,4],[-51,-61],[-23,7],[19,102],[-26,28],[15,35],[24,-1],[-24,40],[-32,-38],[-2,52],[-45,4],[-28,-23],[-2,61],[-62,-16],[-16,33],[35,79],[-11,30],[54,60],[57,35],[2,45],[35,28],[-17,90],[-21,20],[-3,61],[34,10],[-16,59],[11,95],[17,24],[-4,78],[-14,19],[-10,67],[-21,47],[-19,4],[5,31],[-61,57],[-264,17],[-24,-17],[19,51],[8,-23],[151,-7],[118,245],[27,-15],[47,94],[-37,21],[-14,-30],[-170,94],[-7,-15],[-34,20],[-62,-129],[13,50],[-35,9],[-142,-44],[-10,-14],[74,-67],[-53,-89],[18,-20],[-14,-36],[-47,-20],[24,-26],[-188,-191],[-80,15],[-71,-52],[59,-69],[44,23],[-17,-25],[-89,-24],[-63,73],[-17,2],[-148,-99],[-30,-35],[-33,-61],[-41,-153],[50,-37],[45,6],[21,-15],[-6,-34],[110,-74],[-11,-22],[-16,38],[-53,32],[-30,-44],[-179,-27],[-44,-14],[-40,-40],[-118,-40],[-39,-50],[-26,-8],[-94,3],[-41,60],[36,118],[0,66],[-17,63],[-37,76],[-44,43],[-35,4],[-16,23],[-44,15],[2,19],[-42,55],[-60,12],[-45,31],[-34,-3],[-50,134],[-21,20],[16,24],[13,76],[32,58],[-6,27],[25,22],[-12,39],[21,4],[7,48],[-13,70],[-49,62],[4,54],[-15,52],[-23,39],[-20,81],[29,99],[0,24],[27,39],[-2,24],[28,12],[16,80],[26,58],[32,33],[33,10],[89,47],[60,46],[68,23],[34,33],[3,33],[59,28],[67,-1],[60,-30],[9,-38],[40,-19],[55,4],[76,-21],[76,6],[125,62],[30,54],[7,41],[42,-4],[21,15],[13,-130],[-26,-17],[-9,-31],[38,-65],[41,-24],[82,-9],[60,22],[30,23],[8,79],[-39,28],[114,79],[6,-67],[34,-20],[25,7],[31,-40],[60,21],[-4,75],[50,-26],[24,-46],[76,12],[32,-12],[14,19],[47,1],[42,-31],[63,-5],[20,34],[-3,40],[44,-9],[9,40],[50,-25],[50,1],[31,15],[40,-20],[6,24],[89,-19],[-8,-23],[-50,-9],[-13,-57],[17,-52],[71,-75],[82,4],[93,-46],[63,6],[-7,23],[47,-15],[49,-2],[74,-42],[79,-22],[48,33],[37,68],[-19,43],[37,-51],[34,11],[80,-32],[62,-52],[-18,-8],[-38,28],[-14,-25],[-4,-72],[23,-40],[52,-6],[54,-50],[-7,-10],[55,-43],[14,-26],[42,-29],[68,-23],[68,1],[44,18],[-6,24],[43,21],[34,-2],[22,70],[-18,15],[60,-6],[54,-54],[1,-46],[-28,29],[-37,-6],[-78,-85],[-17,-53],[30,-19],[1,-83],[23,-25],[70,-28],[-29,-5],[-20,-37],[23,-80],[11,-11],[58,2],[-15,-40],[27,-18],[-5,-29],[36,-37],[63,11],[25,19],[-6,24],[36,3],[36,-27],[7,-28],[-25,1],[31,-40],[-47,21],[35,-35],[-3,-53],[-15,-36],[39,-17],[36,-34],[28,-109],[17,7],[66,-25],[8,-25],[-22,-8],[8,-49],[27,-70],[22,-19],[48,10],[11,-18],[-35,-38],[-5,-41],[23,9],[36,-32],[-4,-52],[27,-3],[32,-28],[-4,-37],[16,-12],[-11,-41],[23,-74],[-19,-18],[11,-41],[-30,3],[-55,-61],[9,-25],[-33,-11],[-32,-91],[-29,-36],[-12,-57],[7,-51],[21,-32],[22,7],[55,-13],[-9,-36],[56,-37],[-6,-31],[-16,29],[-7,-51],[43,-27],[19,13],[9,-45],[-37,-13],[-29,-84],[24,-64],[37,-43],[85,-63],[53,15],[22,23],[47,-7],[20,13],[25,-25],[46,37],[-6,40],[29,-1],[15,-33],[64,-14],[45,38],[25,-61],[37,-32],[-20,-30],[6,-64],[31,-68],[38,-50],[56,8],[46,-40],[59,-65],[29,-99],[-14,-36],[-5,-68],[50,-73],[-1,-37],[-21,4],[-25,-75],[-27,-46],[37,-162],[-53,-30],[3,-53],[-21,18],[-44,-26],[-27,-48],[-4,-82],[10,-67],[-26,-39],[-4,-34],[-22,-35],[-9,-47],[16,-79],[33,-38],[-30,-63],[29,-59],[5,-54],[-15,-27],[63,-152],[-18,-39],[21,-51],[36,6],[0,-47],[37,-45],[18,-59],[-29,-3],[-38,27],[-55,-13],[-20,-63],[-22,-20],[1,-62],[-31,-13],[-74,-111],[0,-41],[25,-23],[-11,-32],[62,-28],[28,-30],[-3,-36],[17,-27],[32,9],[28,-39],[38,-20],[-36,-7],[-19,-22],[0,-72],[16,-44],[31,2],[57,-33],[40,40],[19,-43],[33,-3],[41,-27],[15,22],[36,-15],[45,-50],[0,-30],[48,-49],[52,-26],[-29,33],[56,-42],[-4,-41],[18,5],[34,-28],[38,-57],[-24,15],[-34,-20],[7,-29],[32,-27],[7,-48],[56,-56],[-67,33],[12,-47],[31,-49],[-13,-41],[-50,9],[0,-38],[-48,15],[-13,-34],[-92,-23],[-7,-17],[99,-22],[24,-16],[14,-57],[-92,-23],[-22,15],[-22,-15],[-23,24],[-39,2],[-24,-20],[-12,44],[-33,12],[1,52],[79,3],[-21,63],[-57,41],[-39,-5],[-138,115],[-64,64],[1,34],[-67,49],[-28,7],[-6,39],[-65,46],[-21,63],[22,63],[5,47],[-29,11],[-10,47],[-63,31],[-67,-26],[-5,-29],[-50,-72],[-37,8],[-15,-31],[9,-23],[-63,-21],[20,-41],[-36,-16],[-9,-27],[-43,1],[-13,-45],[-36,-53],[-90,-31],[-27,32],[-49,14],[-31,53],[-53,-18],[-39,-41],[-15,-35],[4,-52],[68,-21],[40,-94],[72,29],[65,-23],[31,-53],[3,-62],[58,-33],[82,-90],[-11,-55],[-42,-113],[-56,-36],[-1,-25],[26,-15],[-18,-37],[30,-54],[-6,-27],[22,-44],[16,-1],[18,-46],[-26,-22],[4,-37],[-59,-19],[-81,17],[25,31],[-41,33],[-50,23],[-36,-12],[-43,-40],[-16,-33],[-8,-67],[28,-87],[20,2],[42,-45],[32,-16],[27,11],[76,57],[-6,-62],[25,-31],[-1,-24],[-27,4],[-38,-36],[-41,2],[31,-18],[23,-56],[57,-52],[67,6],[38,-39],[64,-33],[-86,-27],[-13,-29],[25,0],[-30,-67],[-46,-53],[-40,-27],[16,-26],[68,-7],[1,-20],[87,65],[58,-28],[57,3],[30,-13],[-3,-21],[31,-47],[7,-35],[-30,1],[48,-41],[58,6],[36,-33],[8,-50],[-52,-23],[6,-57],[27,1],[-39,-56],[-48,5],[-34,-16],[-69,-2],[-10,23],[-51,-18],[-52,5],[-72,43],[-39,1],[-127,-35],[-60,13],[-35,-21],[-24,29],[-10,65],[-22,-17],[-43,24],[-2,-93],[-58,2],[-70,25],[14,15],[-36,9],[-13,-26],[-81,12],[3,13],[57,33],[55,10],[-15,35],[-53,12],[-50,-9],[-55,52],[16,67],[-22,-3],[12,44],[38,71],[26,18],[83,-12],[21,57],[-13,83],[-67,85],[-28,20],[-114,22],[-34,-8],[-44,13],[-78,-18],[-26,-20],[-20,-42],[-39,-8],[-61,-63],[-15,-32],[-46,-27],[-33,-66],[-19,-2],[-17,43],[-39,29],[-28,-31],[-69,127],[-39,-31],[-29,0],[-36,-34],[16,-71],[6,-78],[-11,-69],[-50,39],[-45,62],[9,87],[22,94],[-38,9],[-28,-18],[-20,35],[-29,-28],[-75,-52],[-59,22],[-24,54],[11,46],[-30,57],[-40,123],[-26,51],[-14,3],[-17,50],[-37,44],[-37,21],[-21,-36],[-13,23],[-57,8],[-38,-16],[-38,42],[-100,-8],[-44,29],[-20,-29],[-65,4],[-56,20],[-9,34],[-57,39],[-124,42],[-78,-12],[-51,-45],[-84,-28],[-57,-34],[-64,-70],[-26,-101],[-31,-63],[-31,-33],[-16,-71],[-50,-27],[-20,8],[-18,75],[-49,-14],[-37,7],[-2,34],[-46,15],[-59,-20],[-48,6],[-27,44],[-41,22],[0,29],[-35,21],[-26,60],[-47,10],[-65,34],[-20,-14],[-30,46],[-36,24],[-49,3],[-35,-15],[-5,-21],[-38,-17],[-16,-69],[12,-67],[-13,-68],[2,-56],[-24,-26],[6,-57],[32,-43],[-17,-39],[36,3],[-10,-42],[-23,-38],[-46,60],[6,21],[-17,89],[-2,60],[-43,60],[13,62],[-50,62],[-30,83],[4,68],[-13,35],[-33,35],[42,54],[58,-31],[25,32],[58,139],[-1,38],[-20,37],[18,27],[47,10],[71,-37],[62,0],[64,46],[19,31],[37,17],[43,108],[28,90],[-22,99],[-1,61],[-45,70],[15,3],[0,49],[-47,18],[28,30],[39,3],[14,41],[-28,46],[25,4],[-12,71],[28,16],[-19,66],[-41,51],[-39,18],[-49,4],[-49,-8],[-19,-18],[-1,-52],[-20,-77],[-9,14],[-65,-31],[-23,20],[1,34],[54,47],[2,66],[-20,-4],[9,86],[33,-20],[40,0],[34,40],[16,49],[-11,79],[-19,45],[26,50],[-18,22],[3,71],[-47,83],[4,57],[35,12],[48,47],[48,-16],[55,25],[42,-20],[-3,-44],[44,11],[12,-37],[72,-41],[4,-47],[39,-28],[36,13],[42,-26],[-5,-65],[65,29],[122,-6],[38,63],[21,15],[30,74],[14,89],[-81,48],[-4,41],[43,76],[-38,27],[-24,36],[-49,6],[-16,82],[-42,35],[-62,28],[-43,-27],[-49,-81],[-25,-3],[-24,29],[2,30],[23,15],[9,71],[122,125],[49,7],[22,55],[-5,51],[-47,77],[-47,-2],[-43,13],[-34,30],[-34,6],[-69,-12],[-33,-46],[-16,43],[-19,-8],[30,74],[23,26],[-4,61],[-22,38],[-37,28],[-49,4],[-32,-42],[-80,15],[-12,69],[3,54],[18,32],[-18,21],[-60,30],[-94,-51],[-63,-10],[-58,-22],[-67,-41],[-47,22],[-127,27],[13,55],[-3,40],[-76,114],[20,58],[47,49],[-8,38],[-47,-7],[-5,40],[68,23],[34,60],[89,18],[16,-6],[21,-60],[49,-38],[22,-46],[39,-46],[38,12],[8,96],[45,-138],[36,-64],[52,-11],[4,33],[60,5],[-4,40],[23,0],[12,-44],[18,41],[42,-3],[39,37],[26,-20],[83,16],[3,44],[25,-34],[35,18],[39,60],[3,43],[29,6],[24,59],[18,17],[26,-10],[30,26],[99,36],[-4,-37],[35,-17],[43,-39],[93,-18],[41,-23],[80,-6],[82,21],[13,31],[26,-16],[39,35],[37,-39],[93,-54],[74,13],[33,21],[15,-40],[-30,-48],[1,-30],[58,-42],[21,-31],[38,-19],[98,4],[53,28],[81,62],[60,64],[5,55],[56,10],[11,56],[-9,78],[-36,54],[-32,14],[-19,89],[64,15],[5,-27],[29,-9],[40,16],[46,65],[-2,17],[36,70],[-9,28],[4,67],[-29,9],[33,12],[1,31],[-38,60],[22,43],[31,34],[-10,54],[-20,7],[16,84],[18,26],[40,-25],[46,58],[6,91],[-12,43]],[[577867,715180],[-115,66],[-37,52],[-14,49],[58,94],[7,34],[-23,54],[26,62],[-29,19],[4,163],[-20,25],[-36,1],[4,54],[22,2],[21,60],[-1,47],[-18,34],[21,13],[-8,44],[19,44],[26,16],[11,43],[-22,36],[35,13],[40,-11],[14,33],[35,12],[71,-22],[19,21],[34,-6],[10,-36],[-51,-7],[-20,-59],[62,-34],[74,-77],[-17,-40],[13,-25],[56,-57],[6,-33],[51,5],[68,-26],[-32,-39],[-11,-40],[-37,6],[-34,-93],[32,13],[17,-21],[69,31],[-23,-28],[65,-16],[75,6],[14,-17],[-33,-44],[53,18],[33,-24],[-67,-14],[-23,-47],[-57,4],[-6,-38],[56,-21],[27,34],[38,5],[19,-18],[-70,-22],[25,-25],[-5,-26],[97,9],[-37,-47],[66,-6],[-30,-37],[13,-30],[19,11],[20,-24],[-7,-39],[-22,-27],[-44,-5],[26,-68],[-17,-105],[23,-21],[36,-4],[-21,-36],[23,4],[24,39],[17,-11],[-26,-35],[22,-4],[42,56],[-14,-52],[-25,-45],[20,-22],[-7,-28],[31,15],[53,-37],[-2,-72],[-21,-8],[49,-24],[6,61],[29,18],[17,-26],[-5,-49],[-47,-47],[10,-25],[44,31],[26,-33],[12,-40],[-28,-44],[29,-74],[42,-28],[37,-11],[39,11],[-7,62],[124,62],[-3,-38],[29,-2],[18,-31],[27,10],[49,-27],[9,17],[41,0],[25,-21],[41,5],[36,45],[-11,63],[22,13],[27,-52],[38,5],[24,-21],[34,-81],[7,-33],[50,-26],[57,-75],[44,-33],[41,29],[18,71],[-58,50],[-19,46],[-25,10],[-25,42],[-13,51],[0,55],[-32,32],[-1,41],[36,-11],[11,31],[-8,50],[17,-21],[23,27],[-21,72],[38,23],[-3,28],[-45,54],[-18,-5],[-30,58],[32,-5],[21,36],[-18,10],[-55,65],[11,34],[-28,70],[20,103],[15,13],[-31,58],[-32,27],[26,45],[46,-7],[45,10],[7,33],[29,-2],[7,-33],[48,-31],[21,9],[8,-44],[36,-23],[36,-1],[-23,-59],[-20,-83],[93,-1],[43,-29],[33,44],[24,-3],[-11,-37],[118,91],[39,19],[28,33],[39,22],[92,-12],[27,7],[50,-34],[26,-2],[-1,-43],[47,-58],[-5,-26],[18,-58],[61,48],[3,39],[19,6],[-3,37],[66,3],[60,-91],[42,45],[-29,52],[10,21],[-13,50],[24,28],[-7,58],[52,41],[35,-3],[6,39],[30,23],[-3,-54],[42,-4],[32,34],[4,-28],[34,-21],[5,-65],[40,3],[25,-51],[18,12],[-14,59],[36,-9],[-8,-17],[25,-56],[-21,5],[41,-41],[-21,-40],[41,-33],[45,5],[48,-27],[3,-48],[39,-28],[13,-83],[15,-32],[-11,-48],[6,-48],[44,3],[31,17],[34,-26],[5,-41],[22,16],[20,-28],[42,13],[15,-22],[33,4],[23,28],[-7,58],[37,12],[-31,71],[58,-31],[34,-45],[-12,-36],[-36,-44],[17,-34],[44,-11],[61,48],[45,-55],[17,24],[35,-21],[80,-28],[4,-50],[-22,1],[-20,-67],[-25,-39],[79,42],[-4,-28],[-40,-14],[11,-23],[-41,-2],[-6,-30],[-38,-40],[-70,-27],[-31,25],[-116,21],[-46,90],[-36,30],[-51,12],[-48,-52],[11,-16],[-45,-4],[-50,-38],[7,-31],[-51,20],[-16,-50],[29,-32],[-85,16],[-45,-1],[-21,-35],[-17,10],[1,-72],[-33,21],[-16,-42],[-95,-22],[-9,-31],[-38,40],[-73,6],[-28,-24],[-20,-43],[-39,25],[-25,-65],[-41,-49],[-88,-40],[-27,0],[-33,-55],[-4,-56],[36,-3],[-9,-170],[-21,-16],[-18,-58],[-57,9],[-4,23],[-41,16],[-65,-14],[4,20],[-67,7],[-49,-21],[39,-63],[8,-31],[-55,-168],[-15,7],[53,159],[-33,54],[-34,-25],[-29,47],[-92,-55],[-34,-45],[-4,-61],[31,-23],[-18,-24],[5,-36],[-26,-8],[-12,-33],[0,-84],[65,-16],[23,-38],[14,-57],[-1,-39],[33,-26],[-34,-27],[25,-13],[11,-53],[-44,-40],[34,-42],[-13,-8],[44,-67],[-25,-43],[4,-20],[-34,-50],[-4,-109],[25,-37],[98,-16],[52,-32],[32,-68],[35,-20],[60,-14],[49,4],[82,-10],[115,6],[76,35],[60,5],[110,63],[15,21],[27,-4],[113,66],[66,67],[48,20],[38,-24],[26,8],[5,34],[31,-14],[46,83],[31,-6],[34,16],[29,-17],[91,-21],[14,50],[31,-11],[44,7],[66,-40],[32,40],[13,-14],[52,10],[21,21],[69,-32],[52,3],[23,37],[45,18],[25,70],[-8,57],[14,45],[-21,41],[72,-32],[29,64],[76,33],[59,7],[-13,-49],[27,-13],[-54,1],[-9,-13],[44,-34],[-13,-66],[-34,-30],[-79,-21],[19,-31],[52,-8],[1,-86],[-25,-60],[6,-57],[-19,-2],[-26,-69],[-30,10],[-50,-37],[9,-28],[-54,3],[-6,-56],[13,-18],[-4,-43],[14,-44],[-2,-61],[19,-34],[16,24],[22,-53],[-29,0],[-5,-23],[24,-28],[-3,-48],[39,-43],[-37,-52],[-38,-4],[2,-61],[-21,26],[-72,-35],[-6,-58],[-32,-51],[18,-3],[20,-37],[7,-47],[-32,8],[-16,-33],[-48,15],[-31,-27],[-25,-62],[9,-10],[-21,-92],[2,-25],[-24,-32],[-47,-101],[-16,-53],[-21,-7],[-68,-76],[-12,-36],[-5,-66],[47,-151],[33,-80],[35,-126],[-22,-78],[20,-40],[-32,-26],[-32,-59],[11,-24],[-34,-107],[28,7],[5,-46],[24,6],[1,-57],[26,-45],[24,7],[14,-32],[-31,-44],[26,-36],[32,-16],[5,-23],[32,-2],[-1,-33],[-26,-30],[23,-32],[-25,-70],[-3,-37],[41,-22],[32,-54],[16,-48],[6,-64],[-47,-43],[33,-33],[49,-3],[81,-25],[9,-53],[22,2],[52,-36],[18,-24],[-34,-30],[4,-49],[35,-27],[11,27],[31,-1],[9,-37],[21,-9],[37,22],[38,-5],[93,29],[52,-15],[76,-53],[27,2],[-5,-30],[33,-28],[33,1],[8,-37],[41,-21],[50,-61],[62,-24],[111,-24],[53,0],[6,35],[26,-13],[31,35],[-9,42],[39,4],[46,-57],[-10,-44],[31,-35],[42,44],[70,-17],[57,-23],[69,-7],[129,95],[11,78],[56,-13],[49,-25],[46,13],[40,158],[-60,50],[5,32],[-19,7],[8,52],[28,27],[35,9],[2,-43],[25,-39],[23,28],[-11,39],[100,24],[3,-62],[21,-57],[33,-32],[21,34],[34,-6],[59,28],[13,56],[22,26],[22,-24],[30,3],[5,-31],[23,3],[14,39],[63,-6],[29,-23],[48,34],[38,-30],[9,-24],[-34,-35],[-64,-16],[7,-34],[-12,-55],[-26,-33],[-19,5],[-27,-53],[33,-29],[51,12],[34,-64],[-41,-28],[22,-42],[-6,-52],[-39,-30],[-58,38],[-30,-12],[-80,65],[-75,-4],[-20,24],[-48,0],[4,-38],[38,-60],[6,-32],[39,-87],[-57,-98],[-74,58],[-3,95],[-30,18],[-16,-24],[-43,-17],[-57,-6],[-26,-33],[-24,15],[-1,-65],[-56,-23],[-19,17],[-33,-5],[3,-42],[-43,23],[-28,-40],[-75,82],[-13,47],[-47,-4],[-33,50],[-35,14],[-86,-9],[-18,-19],[-96,44],[-41,10],[-27,-35],[-39,-25],[-13,22],[-43,-34],[-11,-36],[11,-49],[-12,-61],[-39,-50],[1,-90],[15,2],[20,-60],[7,-50],[-20,-52],[45,-81],[-6,-82],[-40,-14],[66,-49],[-25,-10],[1,-31],[27,-24],[-50,-41],[-9,-22],[-43,-27],[-28,14],[6,-47],[-19,-33],[16,-114],[-52,-13],[44,-23],[15,-60],[-21,-9],[-32,17],[-81,-113],[-83,-37],[-4,-26],[48,-69],[-17,-17],[21,-73],[47,-19],[37,-116],[-57,-21],[-30,2],[132,-81],[16,-63],[-17,-11],[15,-30],[-3,-68],[-27,-29],[12,-81],[-5,-48],[-26,-12],[-7,-61],[68,-55],[59,-26],[6,-22],[44,1],[52,-52],[65,-17],[14,-24],[128,-43],[18,-30],[-25,-28],[-1,-31],[26,-42],[79,-5],[34,-47],[47,-35],[43,-61],[51,-18],[15,-39],[21,-9],[18,-72],[-51,-37],[12,-27],[-12,-33],[25,-46],[33,-19],[30,-38],[8,-33],[-43,-48],[-13,-46],[9,-21],[-22,-28],[2,-60],[20,-41],[-21,-4],[20,-110],[-6,-37],[-25,-27],[0,-59],[49,-47],[34,2],[20,30],[12,-49],[40,-86],[-1,-38],[25,-2],[-44,-58],[16,-13],[-14,-52],[6,-25],[-31,-26],[33,-43],[-22,-27],[16,-37],[27,-7],[-41,-29],[27,-47],[-34,-64],[-49,-22],[-15,-32],[28,-25],[6,-69],[-14,-26],[33,-47],[-1,-35],[-47,-10],[38,-107],[-20,11],[-10,-47],[53,-91],[-22,15],[-56,-24],[114,-59],[16,-33],[12,-70],[-1,-98],[31,-15],[41,24],[34,-21],[4,-28],[-34,-8],[7,-46],[-40,-35],[-9,23],[-42,13],[-47,-42],[-16,7],[-9,-54],[25,-36],[-22,-45],[-57,16],[20,-51],[-39,-10],[-27,-52],[-25,10],[-43,44],[-45,-12],[7,-59],[-36,-81],[-27,-14],[-4,-30],[-37,-12],[-17,36],[-31,-1],[-33,45],[-23,53],[27,49],[-66,11],[8,32],[-22,18],[-119,5],[-47,-24],[-7,-114],[-70,-45],[-31,5],[1,39],[-17,9],[41,28],[-35,38],[12,94],[69,31],[19,28],[-10,54],[26,12],[-25,71],[47,-22],[31,33],[-10,85],[10,30],[43,-30],[24,17],[-5,65],[35,34],[49,18],[35,45],[-1,32],[33,51],[65,13],[-20,36],[35,15],[-44,16],[-42,-15],[-16,14],[7,42],[-43,43],[-56,-9],[3,27],[25,9],[-19,40],[21,19],[-15,48],[25,19],[36,-31],[17,10],[-25,99],[39,159],[-22,61],[-27,2],[-35,-40],[-63,20],[13,30],[53,29],[12,51],[-40,61],[-25,-5],[-30,19],[-17,-30],[-93,41],[-32,44],[-2,29],[50,37],[20,30],[36,-26],[25,18],[54,7],[5,36],[-23,9],[-5,37],[-30,7],[24,17],[31,-6],[31,23],[-7,22],[-29,1],[-40,24],[-64,12],[-19,-30],[-56,60],[-22,8],[26,19],[-16,76],[-81,-7],[17,57],[-20,20],[15,91],[-39,44],[14,72],[-31,35],[-61,-26],[-29,52],[22,40],[-9,45],[-49,46],[-3,73],[-23,17],[-3,39],[-23,-4],[-26,47],[-39,10],[-9,45],[-57,47],[-121,-18],[-18,-33],[-49,-30],[-13,-50],[-13,-1],[-61,52],[-12,-10],[-45,18],[-95,-31],[-23,-56],[-34,-46],[-28,-6],[-9,-55],[-72,-1],[-12,31],[-47,-29],[-57,42],[-27,2],[-46,96],[-17,-5],[0,58],[-14,16],[38,19],[-57,69],[53,31],[-10,84],[-30,-2],[32,62],[-42,78],[1,74],[-15,52],[11,39],[34,53],[-7,23],[15,53],[-25,55],[12,25],[-10,40],[30,41],[8,71],[-35,40],[-33,20],[-14,-12],[-56,9],[11,-111],[-110,-136],[-13,12],[-30,-26],[76,93],[-25,7],[-50,51],[-89,-110],[-21,-46],[102,-45],[-107,38],[108,-44],[-9,-15],[-77,30],[-7,-33],[-48,-71],[-10,-41],[88,-52],[54,40],[-30,-38],[-24,-10],[-74,37],[-28,3],[200,-98],[-5,-30],[-72,33],[-56,38],[-92,44],[-67,-7],[-25,35],[-36,-14],[-13,20],[-44,-28],[-39,24],[-18,92],[11,60],[-20,28],[4,35],[-30,64],[-24,14],[20,58],[-28,52],[-13,57],[17,31],[-9,51],[-29,38],[32,54],[8,38],[-6,79],[-57,39],[-21,70],[-8,96],[-14,25],[-50,32],[-5,55],[11,31],[64,49],[24,1],[26,37],[-4,51],[-69,97],[-21,10],[-90,12],[-75,19],[-2,25],[-80,3],[10,19],[4,68],[-42,36],[-44,-19],[-8,32],[16,55],[-13,59],[39,52],[-16,52],[-50,41],[-33,-11],[1,-30],[-42,4],[-34,49],[51,25],[-6,21],[-40,14],[-76,81],[38,79],[103,-53],[23,-40],[38,21],[21,29],[16,61],[-2,40],[-37,38],[-100,41],[-47,54],[34,36],[-1,32],[22,22],[-22,51],[-42,14],[-23,-21],[-29,29],[-45,-22],[-16,-51],[-37,-1],[-22,58],[28,47],[5,56],[-13,67],[20,19],[33,-2],[49,-25],[11,61],[28,31],[8,78],[44,27],[52,47],[-15,32],[41,51],[6,42],[22,-11],[85,85],[-11,62],[20,17],[-14,46],[37,59],[-9,80],[-3,118],[-38,-5],[25,57],[-25,18],[-1,42],[-29,45],[-92,91],[-41,-2],[-22,38],[-84,4],[-19,-42],[-26,7],[-9,-31],[35,-25],[-45,-52],[-34,10],[-14,-22],[-52,-21],[-23,46],[-23,-15],[18,-41],[-26,-24],[-32,-3],[-3,30],[-94,-8],[9,-29],[-41,-12],[-33,28],[-22,46],[-17,77],[45,8],[-27,58],[32,103],[24,18],[28,-16],[20,-34],[89,-29],[-21,38],[-31,26],[17,21],[-9,61],[-28,1],[28,29],[78,11],[24,52],[8,62],[-18,52],[-34,48],[-25,74],[-3,42],[21,0],[-1,31],[54,25],[69,157],[-1,93],[-28,103],[-43,65],[-39,14],[-65,-27],[-48,37],[-28,84],[-9,-6],[-65,42],[-36,3],[-55,53],[-50,15],[-14,-25],[-29,31],[30,30],[-48,15],[-9,37],[-27,-9],[6,51],[-72,30],[-15,34],[12,15],[-24,40],[-98,-7],[-39,41],[31,17],[-59,13],[17,58],[1,47],[-36,95],[26,-10],[17,49],[-14,63],[-60,50],[-13,51],[9,21],[-33,-10],[-34,64],[12,28],[-117,65],[-41,-5],[-5,34],[-33,21],[17,18],[-96,71],[-16,-3],[-32,93],[-33,26],[-34,-5],[-22,53],[-31,-5],[21,52],[6,84],[-26,58],[-54,44],[6,20],[-34,26],[23,13],[31,55],[-29,68],[9,116],[-10,46],[-26,13],[-110,104],[2,82],[-27,14],[24,14],[-33,54],[22,49],[5,45],[-19,59],[30,16],[19,44],[-19,5],[0,39],[-17,32],[-41,36],[15,23],[8,91],[21,11],[-32,76],[-86,-38],[-89,108],[5,48],[-36,28],[-33,-13],[-4,44],[-22,-4],[-6,63],[12,29],[-25,37],[25,7],[-4,26],[-43,61],[-51,38]],[[584156,762478],[-41,0],[-49,31],[-29,1],[-36,33],[-41,-13],[-75,19],[-39,29],[-4,49],[56,-3],[13,-32],[4,74],[18,36],[44,3],[17,25],[31,1],[4,-22],[25,24],[54,13],[31,27],[27,103],[15,-5],[16,76],[-22,73],[-65,54],[-13,31],[-26,6],[-35,40],[-79,27],[45,68],[-25,64],[-11,108],[-13,16],[-29,91],[-56,59],[-52,-18],[-5,25],[27,7],[19,45],[20,1],[38,-65],[25,19],[25,-17],[29,50],[66,71],[31,17],[36,44],[31,-2],[16,30],[102,50],[83,69],[48,20],[13,35],[-27,41],[-40,12],[-40,-25],[-32,72],[-43,30],[-17,41],[27,79],[-37,14],[-72,-4],[-23,38],[6,47],[-78,-11],[-20,31],[13,62],[21,41],[10,57],[22,13],[-7,39],[16,9],[18,72],[41,1],[44,44],[14,71],[-9,55],[33,-6],[9,48],[1,86],[-11,5],[-76,137],[-1,39],[71,53],[62,0],[36,-14],[6,-33],[-22,-80],[53,-7],[35,70],[23,12],[78,-9],[6,-26],[-25,-39],[8,-67],[-29,-63],[30,-29],[-18,-73],[13,-40],[50,-64],[21,10],[73,-3],[50,23],[16,-26],[-31,-30],[24,-39],[-34,-41],[2,-39],[-23,-16],[-16,-50],[-25,-28],[-39,-13],[151,-117],[26,-39],[60,-52],[-24,-61],[38,-25],[28,-37],[3,24],[54,-26],[24,-28],[23,18],[37,-13],[22,17],[36,-19],[16,-44],[35,-34],[20,-61],[-1,-82],[-18,-28],[82,57],[45,-34],[24,52],[46,-13],[23,21],[13,-25],[29,27],[-5,38],[28,37],[31,18],[13,45],[47,-8],[35,-41],[61,-25],[-22,24],[-8,42],[9,42],[25,3],[33,-62],[20,39],[51,-55],[47,5],[18,-18],[4,-99],[-14,-50],[-94,24],[44,-51],[-13,-49],[-46,-37],[-42,-81],[-37,-13],[26,-44],[-22,-68],[18,-48],[7,-122],[-14,-51],[19,-16],[2,43],[27,48],[22,-19],[-6,51],[45,20],[49,-7],[20,15],[54,-5],[68,18],[72,-4],[38,15],[19,35],[15,-23],[10,75],[50,39],[29,-45],[49,31],[23,47],[46,-20],[30,6],[10,28],[52,-7],[5,26],[93,19],[31,50],[29,-1],[52,29],[19,41],[24,11],[68,-12],[32,28],[6,105],[12,16],[194,-57],[18,-23],[74,-27],[2,-89],[-22,-26],[-30,-4],[25,-64],[-4,-34],[-23,-10],[10,-30],[-21,-18],[-39,-78],[-48,-19],[-26,-31],[33,-11],[9,-43],[28,-4],[45,32],[51,-42],[12,-29],[43,6],[15,-36],[18,-126],[31,4],[5,44],[50,35],[23,-41],[-35,-1],[41,-40],[-3,-52],[50,4],[38,-22],[51,-57],[23,-66],[-27,-60],[26,-54],[39,-30],[21,-39],[-29,-16],[34,-51],[32,11],[38,44],[53,-17],[15,36],[-1,42],[51,17],[15,-25],[35,17],[22,-20],[13,-51],[-21,-33],[11,-48],[-19,-39],[21,-19],[4,-38],[43,-30],[-28,-44],[-40,20],[-37,-17],[-22,-39],[7,-18],[-19,-48],[48,-82],[9,20],[58,15],[54,-36],[-4,-22],[-95,-10],[46,-53],[26,-76],[-9,-27],[-27,-1],[3,-31],[-22,-30],[10,-27],[-15,-21],[-58,-12],[-21,-18],[20,-27],[-4,-35],[43,-12],[35,14],[30,-12],[-5,-55],[45,-77],[106,1],[37,-16],[-4,-57],[19,-1],[39,37],[53,7],[-14,-39],[56,11],[39,-8],[7,-34],[73,9],[14,27],[36,5],[9,-37],[-15,-29],[22,-14],[34,23],[43,5],[9,30],[52,13],[17,-15],[111,-12],[30,-22],[31,-72],[-18,-10],[5,-54],[17,-12],[0,-43],[-30,-18],[-1,-28],[36,-34],[-34,-30],[-28,-48],[-36,-14],[-11,-43],[73,-28],[-13,-64],[-117,59],[-34,-38],[7,-41],[-17,-37],[-144,-5],[-65,16],[0,30],[-29,42],[-43,19],[-16,36],[-24,-3],[-40,-45],[-51,-9],[-63,15],[-23,21],[-44,4],[-58,44],[-51,-44],[-12,28],[28,12],[-32,20],[-24,39],[-57,12],[-37,-17],[-45,-48],[13,-20],[-72,1],[-41,15],[-19,30],[-100,-40],[-14,-36],[-37,34],[-50,4],[-108,45],[-69,-26],[-23,-41],[1,-39],[22,-24],[6,-95],[-23,-20],[-34,4],[-9,20],[-32,-17],[-16,40],[-28,-25],[-35,25],[-40,1],[-23,-58],[-74,-22],[-59,43],[-32,34],[-65,-14],[-45,27],[-52,11],[-41,-8],[-84,41],[-133,-14],[-27,17],[-53,-23],[-14,-32],[-44,-32],[-50,5],[-43,-17],[-86,32],[-31,55],[-63,1],[-33,-14],[0,-30],[-23,9],[-91,64],[-32,-32],[-29,74],[-23,22],[-34,4],[-169,-49],[-51,22],[-24,-31],[-94,-8],[-8,74],[-32,40],[22,53],[58,14],[29,38],[79,17],[21,-19],[19,44],[-6,45],[-52,1],[-13,52],[67,50],[-43,60],[-47,1],[-41,20],[82,79],[6,-25],[57,-45],[49,35],[-4,41],[28,-24],[45,34],[-9,47],[52,5],[64,31],[50,42],[18,46],[38,46],[7,61],[-4,72],[-45,65],[-55,0],[2,-24],[-64,22],[-15,24],[-57,20],[-2,28],[-64,40],[-53,9],[-23,-17],[-44,52],[18,29],[-4,44],[22,44],[-29,45],[-19,-20],[-25,22],[9,34],[-33,35],[-54,30],[-64,-7],[-44,26],[-44,10],[-31,23],[-40,55],[-51,20],[-83,2],[-43,-21],[-100,10],[-55,-36],[-77,34],[-34,5],[-77,-18],[-17,-13],[-47,-109],[-34,-11],[-15,-24],[-65,-49],[-35,-5],[40,-12],[-53,-17],[-36,9],[-21,-25],[37,-28]],[[496768,569141],[-24,85],[-32,24],[12,41],[-42,156],[-56,130],[-54,216],[-42,154],[-9,166],[0,93],[12,78],[-4,36],[21,60],[3,54],[15,35],[8,144],[4,151],[-9,118],[21,138],[-6,69],[31,131],[56,125],[61,81],[108,125],[83,106],[76,52],[61,85],[49,101],[68,73],[106,94],[72,36],[61,19],[87,41],[73,16],[39,-1],[77,-35],[59,-15],[38,-30],[129,-44],[69,-36],[51,-15],[43,-44],[14,-100],[35,-57],[66,-81],[25,-52],[27,-102],[-4,-92],[-12,-93],[22,-91],[31,-72],[55,-67],[124,-75],[45,-135],[19,-184],[-24,-104],[-16,-106],[-40,-86],[-6,-83],[18,-36],[1,-106],[34,-156],[4,-84],[33,-85],[26,-195],[2,-85],[-22,-98],[-38,-44],[-72,-104],[-103,-135],[-55,-97],[-92,-70],[-63,-25],[-12,-17],[-61,-25],[-42,-46],[-157,-51],[-78,-10],[-50,-18],[-104,-84],[-89,-30],[-82,-17],[-102,-7],[-77,5],[-83,-15],[-64,1],[-77,26],[-63,9],[-72,39],[-36,31],[-54,66],[-26,163],[-20,67]],[[585252,767671],[-100,-6],[-23,-33],[-54,-29],[6,-109],[8,-34],[52,-41],[-11,-114],[-24,-48],[-49,-12],[-37,-34],[-15,-35],[-7,-60],[-17,-38],[-34,-24],[-59,3],[-9,-58],[-20,-58],[-26,-36],[35,-41],[59,1],[13,-75],[32,17],[35,-13],[10,-46],[-32,-38],[-44,5],[-24,-38],[-52,-20],[-23,-32],[-17,-51],[26,-37],[-12,-52],[-71,-65],[8,-20],[-55,-10],[-4,-52],[-25,-5],[-21,-39],[-72,-63],[-24,6],[-21,-43],[-59,-4],[-32,-48],[-51,-39],[-56,-14],[35,-51],[-44,-100],[0,-54],[-52,-13],[-40,-33],[-49,21],[-31,-14],[-65,38],[-52,15],[-112,-36],[-33,-50],[18,-6],[20,-55],[-3,-79],[-44,-82],[-30,-36],[30,-19],[25,-87],[25,-51],[3,-39],[-14,-44],[47,-32],[17,-33],[3,-46],[-28,-24],[-76,0],[-41,41],[-78,3],[-92,46],[-28,-21],[-32,25],[-119,32],[0,30],[30,62],[-8,26],[-42,12],[-45,-14],[-34,-27],[-65,-25],[-41,8],[-35,26],[-49,11],[-23,66],[-12,76],[-51,31],[-11,43],[15,39],[19,7],[-5,60],[29,43],[2,-46],[42,52],[56,9],[-2,33],[-31,29],[-40,2],[4,36],[60,17],[34,-39],[37,5],[69,-22],[36,-26],[44,-1],[73,-52],[39,-12],[36,25],[55,79],[4,45],[-53,69],[6,46],[-42,61],[7,51],[33,29],[44,63],[22,65],[49,51],[-15,53],[-56,56],[-65,91],[-24,-11],[-22,65],[-60,-14],[-47,21],[-44,-19],[-94,-24],[-7,46],[-80,73],[18,35],[111,-11],[81,28],[9,49],[-16,32],[31,24],[23,-6],[49,24],[39,51],[-38,7],[26,66],[-61,40],[22,78],[38,55],[-39,72],[-33,128],[-8,77],[9,77],[-40,75],[-1,59],[98,65],[18,30],[-24,32],[1,84],[-13,46],[-30,42],[17,89],[32,3],[41,41],[21,51],[3,46],[-52,56],[-55,43],[1,29],[39,6],[23,-19],[100,-30],[34,8],[121,7],[39,42],[7,42],[-24,66],[-1,46],[-17,71],[16,58],[-1,93],[25,25],[3,57],[-13,83],[-105,-5],[-29,26],[-26,52],[14,92],[19,15],[3,56],[-71,21],[-65,-72],[-35,8],[40,30],[-24,38],[13,59],[86,53],[31,56],[61,70],[26,41],[75,83],[-2,33],[22,59],[-11,19],[2,62],[-8,89],[-54,-6],[-20,40],[-30,17],[-43,-39],[-41,11],[-19,134],[-20,55],[-28,42],[-81,69],[32,18],[37,-3],[14,-23],[99,-6],[39,11],[-8,54],[102,98],[26,11],[76,75],[5,34],[37,50],[41,-48],[18,-76],[-9,-28],[-30,-11],[-22,-46],[2,-35],[-16,-55],[51,-65],[42,-1],[22,-25],[53,-18],[31,-57],[28,-19],[74,-16],[51,-80],[25,-15],[5,36],[24,18],[38,-16],[40,1],[25,-39],[68,-3],[56,53],[23,-30],[8,-51],[-41,-43],[-59,-84],[-21,-77],[22,0],[60,66],[30,-2],[21,-27],[57,21],[13,-8],[30,-75],[27,-10],[163,48],[33,51],[4,42],[41,-11],[5,-52],[24,-41],[-2,-56],[-15,-27],[1,-83],[-44,-44],[-39,-18],[-56,17],[-31,-60],[-43,22],[-53,9],[-9,-11],[55,-35],[31,-88],[-8,-10],[-69,28],[-40,40],[8,-59],[-37,-12],[-56,44],[-18,-14],[-33,-65],[2,-37],[-48,-121],[8,-4],[-18,-75],[12,-40],[-22,-34],[22,-33],[-2,-34],[42,-82],[31,-8],[-7,-26],[-31,-25],[-7,-57],[1,-89],[56,-18],[32,-32],[35,-11],[6,-25],[48,-57],[0,-24],[54,-40],[7,-48],[33,4],[9,-38],[-22,-38],[27,-88],[-11,-26],[7,-67],[37,-43],[48,5],[70,85],[27,12],[80,1],[36,-40],[61,61],[33,-45],[-19,-46],[-26,-23],[-18,-51],[-1,-64],[-14,-49],[9,-24],[54,-30],[-14,-39]],[[514188,432851],[-32,15],[-76,-2],[-101,28],[-93,126],[-5,28],[-28,11],[-2,84],[8,30],[-12,60],[-37,89],[7,60],[-5,74],[18,97],[-5,95],[8,31],[-10,110],[6,85],[-7,34],[14,127],[5,107],[13,50],[-11,44],[19,21],[44,160],[17,119],[26,86],[7,59],[21,83],[39,61],[107,103],[89,79],[49,30],[15,26],[55,41],[38,12],[252,8],[28,8],[51,-37],[43,-7],[38,-29],[59,-25],[111,-26],[92,-44],[41,-30],[130,-56],[45,-32],[32,21],[22,-23],[57,-16],[57,-40],[70,-26],[57,-2],[29,24],[36,-15],[19,-54],[28,-21],[10,-39],[8,-153],[12,-25],[-22,-41],[-5,-136],[-11,-16],[-19,-101],[-10,-85],[3,-53],[-9,-94],[-25,-141],[-3,-60],[-18,-70],[-46,-109],[-32,-48],[-98,-123],[-36,-75],[-26,-166],[-47,-67],[-12,5],[-76,-24],[-62,-35],[-155,-42],[-59,-25],[-68,-18],[-123,-13],[-92,-35],[-63,-5],[-139,-48],[-64,-36],[-88,0],[-103,37]],[[459813,777191],[65,-78],[14,6],[29,-34],[2,-69],[22,6],[73,-174],[10,-43],[18,-3],[-8,-35],[14,-42],[21,-12],[-24,-21],[25,-18],[-36,-2],[-4,-55],[26,-45],[-37,11],[-23,-38],[19,-29],[-25,-2],[6,-31],[-31,-51],[-20,-54],[-60,-89],[-40,-100],[-115,-248],[-48,-41],[-57,-73],[-98,-59],[-16,-23],[-101,-9],[-21,-12],[-191,11],[-87,44],[-118,29],[-122,22],[-16,-28],[-36,11],[-9,-24],[-37,16],[-10,-42],[-27,28],[-54,-3],[-47,22],[-57,-5],[-31,34],[-56,12],[1,49],[-24,-11],[-33,45],[-43,110],[-54,78],[-106,128],[-49,-3],[-39,72],[-34,-12],[17,37],[-21,-1],[-34,58],[7,38],[-5,99],[-18,31],[28,-6],[40,79],[87,120],[38,90],[-1,128],[-15,113],[3,87],[-13,56],[24,7],[1,53],[46,105],[-10,27],[39,21],[1,63],[38,-1],[54,54],[-7,16],[50,43],[27,-1],[41,23],[68,13],[105,-4],[94,-13],[42,6],[96,-20],[9,12],[50,-23],[80,-16],[20,8],[133,-73],[78,-25],[57,-32],[112,-20],[37,-31],[48,-8],[19,21],[8,-45],[19,22],[6,-34],[36,12],[24,-50],[89,-81],[52,-74]],[[577854,826534],[-40,18],[2,75],[-31,18],[32,76],[-3,35],[108,26],[10,85],[17,34],[-12,47],[38,-5],[36,23],[107,22],[24,24],[38,5],[-2,30],[40,37],[45,-2],[33,-37],[55,6],[21,34],[-18,32],[33,36],[38,-11],[31,46],[34,19],[28,-16],[3,-58],[21,-10],[66,13],[43,50],[27,-17],[-9,-48],[-32,-16],[3,-22],[-30,-31],[-3,-62],[16,-49],[25,-159],[59,42],[37,9],[40,30],[64,9],[48,26],[11,40],[57,47],[53,-2],[-6,-69],[37,-16],[23,43],[38,5],[15,-33],[43,-10],[25,-25],[10,-69],[24,-15],[74,77],[46,15],[35,27],[4,22],[-35,109],[9,86],[36,-3],[52,29],[52,14],[23,-15],[63,5],[16,-38],[-6,-57],[-20,-79],[78,-109],[37,-4],[84,-37],[29,26],[4,-34],[31,-32],[24,-52],[28,17],[76,-30],[71,-58],[14,-41],[73,-67],[23,-97],[-9,-41],[-61,-1],[-7,-46],[41,-13],[6,-32],[56,-87],[-23,-99],[-44,-36],[0,-36],[35,-58],[-24,-78],[24,-29],[1,-44],[26,-37],[-15,-32],[-14,-175],[12,-50],[-13,-52],[16,-57],[16,-8],[20,-53],[-27,-61],[-59,-43],[-28,-54],[-31,-25],[-15,-43],[-47,-45],[-62,-43],[-31,-9],[-94,33],[-54,54],[-51,34],[-80,-22],[-15,-21],[-32,28],[-48,-13],[-62,5],[-27,21],[-3,39],[28,44],[40,16],[7,38],[-91,11],[-13,-41],[-79,-57],[-29,10],[-9,37],[-63,23],[10,44],[34,0],[37,23],[8,37],[-41,6],[-46,46],[-63,18],[-14,27],[33,32],[48,0],[-15,31],[9,29],[36,15],[5,29],[44,54],[-53,-3],[-44,18],[-37,62],[3,69],[22,29],[72,26],[-11,89],[-37,59],[-61,-18],[-48,27],[0,80],[-33,12],[-16,-31],[-30,-1],[-39,34],[-77,-1],[-23,50],[-1,85],[-17,32],[-33,20],[-20,-33],[-43,5],[-61,-27],[-34,-29],[24,-105],[-1,-92],[-9,-37],[-37,-9],[-23,22],[-13,65],[-68,12],[-20,-37],[20,-90],[-16,-22],[-40,-3],[-48,77],[-33,19],[-26,65],[-41,9],[-15,22],[-3,63],[-20,19],[21,34],[-39,61],[-55,8],[-72,-8],[-37,12],[-8,63],[-16,11],[15,45],[-34,33],[10,55],[-38,54],[-62,31],[-59,-20],[2,-29],[-34,-49],[-50,-10]],[[1708683,439569],[-81,5],[-86,19],[-39,38],[28,75],[29,52],[71,92],[58,49],[64,73],[22,10],[172,158],[191,193],[49,67],[86,96],[81,100],[92,130],[17,7],[40,77],[-17,13],[50,87],[42,50],[-2,16],[78,89],[39,26],[41,9],[58,-18],[27,-31],[4,-85],[-25,-253],[4,-120],[28,-352],[20,-62],[32,-213],[10,-17],[46,-253],[39,-142],[12,-89],[-14,-6],[5,-53],[-11,-70],[-38,-57],[-31,-32],[-125,-46],[-77,3],[-144,39],[-151,91],[-84,42],[-92,33],[-24,-58],[10,-4],[-60,-152],[-27,13],[91,231],[-56,13],[-15,-11],[-26,31],[-17,-34],[-2,35],[-136,12],[-103,57],[-153,27]],[[581034,696806],[-21,-8],[-40,-51],[-23,-9],[-19,53],[-23,22],[-5,-56],[-29,3],[-10,38],[-23,-16],[-28,14],[-3,38],[-26,9],[-63,-34],[11,78],[-17,12],[-11,47],[-38,-4],[-49,59],[-17,55],[34,45],[-21,48],[-40,-10],[-49,8],[-5,-25],[-62,-2],[-31,10],[-39,85],[-5,79],[23,42],[41,-7],[59,20],[39,-46],[10,-52],[18,74],[27,-57],[20,-8],[8,45],[19,25],[-23,19],[1,47],[41,-10],[48,53],[22,-7],[10,-42],[15,64],[37,93],[-17,53],[5,26],[-26,81],[-19,18],[-29,-45],[-23,-8],[0,100],[-14,-10],[-30,61],[-10,74],[21,40],[-34,37],[12,42],[52,14],[36,-4],[26,-43],[40,-2],[-18,57],[6,64],[-32,-20],[-7,33],[32,24],[-14,26],[-69,-10],[-6,-17],[-46,6],[-42,54],[-2,30],[32,31],[0,25],[-72,2],[-17,45],[14,9],[2,62],[48,30],[-4,29],[-71,14],[-20,25],[29,52],[31,5],[45,29],[40,47],[-37,5],[-34,49],[5,27],[-22,61],[8,112],[-19,28],[-32,-44],[-30,5],[-33,42],[20,69],[38,66],[22,15],[33,-5],[-8,54],[17,21],[61,-2],[19,38],[74,-7],[11,54],[35,-31],[5,-48],[17,-8],[49,49],[9,-41],[-12,-61],[33,-23],[5,-35],[-30,-66],[28,-29],[71,-52],[100,-28],[98,-1],[11,11],[128,-29],[42,-24],[31,-60],[1,-70],[-15,-25],[39,-28],[-11,-56],[-19,-19],[-35,-88],[-17,-18],[-51,-5],[-39,-28],[-18,-60],[26,-71],[-32,-29],[0,-26],[-25,-40],[15,-77],[-20,-32],[8,-55],[83,9],[32,21],[31,-52],[1,-51],[-62,-42],[14,-45],[15,6],[60,-31],[-4,-58],[10,-65],[21,-14],[-11,-51],[-54,28],[2,-47],[54,-64],[-19,-46],[24,-106],[-23,-28],[11,-60],[-46,-80],[-43,-33],[-7,-25],[-41,-3],[-22,-28],[-76,11],[-64,-8],[8,-67],[19,-53],[-22,-16],[-23,-67],[37,-64],[4,-28],[-41,-55]],[[577849,703656],[-76,-41],[-49,-9],[-26,26],[-4,64],[55,57],[45,81],[0,26],[32,28],[14,67],[-39,13],[-37,45],[17,22],[50,17],[94,9],[13,-33],[31,1],[59,41],[15,26],[22,101],[-2,26],[-57,9],[-17,59],[13,30],[71,47],[80,26],[84,2],[13,-35],[-31,-75],[6,-36],[61,-24],[36,38],[19,-51],[35,-15],[1,89],[19,52],[-2,53],[82,34],[26,-13],[80,-6],[14,-34],[-8,-75],[12,-17],[17,59],[40,18],[13,-62],[-38,-95],[6,-25],[73,3],[47,-16],[21,-37],[-31,-82],[-18,-19],[1,-69],[31,-8],[22,-38],[-4,-22],[59,-69],[48,-263],[21,-50],[11,-62],[41,-78],[-6,-50],[-19,-58],[-57,-47],[-27,-90],[-30,-35],[-20,2],[-29,-44],[-18,-148],[-23,-57],[-40,-6],[2,-27],[-25,-8],[-38,41],[-27,-11],[-8,-33],[14,-52],[-20,-24],[-17,25],[-71,41],[-10,-49],[-30,-21],[-9,-28],[-40,-37],[-4,-24],[-53,-2],[-63,15],[-39,155],[18,49],[-11,93],[-37,32],[-2,23],[-58,7],[-35,-52],[28,-45],[-10,-66],[-27,-35],[13,-17],[-13,-40],[-44,-24],[-14,26],[-35,0],[-45,-34],[-40,-5],[-18,63],[22,12],[4,92],[45,173],[103,58],[38,0],[19,56],[-5,35],[-36,71],[-44,-6],[-27,-45],[-35,9],[-51,37],[21,53],[28,33],[18,-32],[51,20],[-21,71],[-9,70],[-35,-12],[-16,31],[-40,33],[-32,3],[5,82],[-58,19],[-19,24]],[[582633,819785],[-36,-48],[-37,31],[-20,50],[-13,101],[12,38],[-16,110],[-30,7],[-25,-26],[-45,12],[20,-67],[-4,-25],[-33,8],[-4,56],[-44,67],[38,12],[7,63],[39,-31],[17,67],[-40,47],[8,101],[-11,21],[41,7],[34,-24],[-65,95],[-12,32],[-41,26],[-39,58],[31,48],[-24,55],[7,20],[-27,22],[-19,46],[14,14],[-5,39],[-35,40],[-5,33],[-30,-23],[-31,13],[-19,60],[48,23],[-8,24],[21,27],[28,-17],[5,-45],[85,-39],[20,-24],[31,-75],[73,-16],[16,49],[40,42],[-5,15],[25,80],[4,68],[48,35],[20,35],[53,9],[10,-19],[-12,-49],[25,3],[25,-35],[-16,-32],[41,-42],[19,-58],[23,20],[22,-16],[69,30],[10,-44],[81,-4],[-4,-64],[31,-55],[-8,-69],[13,-11],[27,-96],[51,15],[15,-13],[-23,-34],[32,-51],[47,4],[27,21],[26,-15],[35,33],[79,3],[51,-10],[70,-39],[20,-56],[13,-2],[43,-61],[6,-28],[-27,-20],[48,-97],[-5,-19],[15,-59],[-6,-37],[47,14],[7,-39],[58,8],[34,-27],[18,-57],[-24,-23],[-84,-22],[6,-19],[36,-8],[19,-51],[40,-2],[9,-33],[-44,-32],[36,-11],[16,-24],[-4,-43],[15,-23],[-34,-26],[43,-22],[-40,-42],[29,-43],[90,15],[33,-26],[-8,-40],[-42,3],[-6,-73],[-13,-19],[-51,-20],[15,-25],[36,-11],[2,-24],[-52,-5],[-27,-27],[-8,-32],[-25,-4],[-5,-50],[-67,-3],[-15,62],[2,34],[-69,27],[-3,43],[-62,5],[-36,43],[-7,92],[-34,45],[-28,19],[-36,74],[-25,-32],[-5,-35],[32,-101],[-35,7],[-11,39],[-35,54],[-36,-13],[-20,10],[-46,123],[-38,17],[-28,29],[-22,49],[9,36],[-40,65],[-27,4],[-2,61],[-21,23],[-32,0],[-14,24],[-37,-35],[56,-75],[7,-98],[-12,-56],[-57,-17],[-27,80],[-27,-4],[2,-52],[39,-36],[20,-51],[-5,-32],[-31,-38],[-61,-8],[2,-17],[-46,-82],[-36,-13],[-41,32],[4,28],[33,47],[26,15],[20,40],[-37,42],[-13,-29],[-21,19],[-7,54],[-57,8]],[[585465,698032],[-1,-68],[-25,-38],[-21,74],[-36,-17],[-32,-76],[-39,-41],[-37,-12],[-50,60],[-6,68],[39,14],[1,30],[-35,35],[16,57],[-24,70],[29,6],[70,50],[-55,-5],[-30,21],[19,57],[68,45],[27,46],[-6,16],[67,41],[-18,33],[69,22],[8,81],[24,70],[-23,-27],[-17,13],[15,26],[10,62],[-70,54],[-40,64],[16,30],[92,20],[15,-9],[3,-42],[40,-18],[25,43],[29,-23],[54,-17],[82,65],[11,23],[38,-1],[43,41],[42,78],[45,24],[35,-42],[3,42],[50,32],[82,-28],[107,6],[26,22],[2,35],[66,20],[90,-7],[34,-23],[38,7],[39,-21],[18,-33],[40,-5],[82,14],[42,-32],[7,-54],[45,-31],[35,13],[12,25],[50,14],[32,-35],[-31,-104],[30,-15],[-2,-31],[-24,-17],[-22,16],[-41,-55],[-22,15],[-48,-7],[-2,-100],[-53,-131],[17,-27],[-61,-37],[34,-21],[-4,-28],[-49,-69],[-20,-94],[-32,-17],[-83,-3],[-30,-26],[2,-30],[-37,-23],[6,-54],[-33,11],[-10,40],[-36,-14],[-29,42],[-44,-5],[-29,-23],[-22,35],[-44,2],[-44,-50],[27,-60],[-1,-34],[-28,-21],[-29,4],[-49,39],[-4,17],[-43,1],[-31,-17],[-35,-67],[-66,3],[-16,-18],[-40,10],[-51,-9],[-20,-71],[-26,34],[-3,56],[-21,-46],[-23,-1],[-3,57],[-80,15],[-42,-12],[-20,-24]],[[588118,699385],[-25,17],[-42,-17],[-54,-58],[26,-28],[-12,-21],[-44,11],[-25,-17],[-31,-54],[-33,14],[-16,-16],[17,-37],[-27,-16],[14,-29],[-80,-53],[-79,-7],[-72,14],[7,52],[-27,25],[-10,48],[68,51],[-21,39],[-28,-15],[-56,18],[-21,33],[-7,46],[34,66],[13,42],[48,26],[69,-37],[-20,108],[21,19],[71,13],[16,64],[-17,29],[-36,5],[-43,61],[-24,-3],[-17,33],[-30,13],[-17,38],[-1,40],[27,65],[42,44],[-2,25],[31,17],[28,54],[-1,43],[47,75],[39,27],[-14,26],[53,-14],[12,19],[19,92],[32,7],[53,-24],[-6,69],[9,20],[67,-22],[54,-92],[19,-90],[47,23],[85,-90],[-8,-55],[35,-15],[-4,-40],[73,-39],[56,-76],[12,-41],[83,-11],[15,-36],[66,-24],[33,33],[23,-24],[41,-3],[18,-25],[49,16],[30,-36],[24,-5],[16,-66],[61,8],[13,-14],[-58,-45],[24,-10],[41,32],[17,-24],[-4,-100],[-19,-61],[-26,5],[-20,36],[-53,2],[-45,38],[-42,-31],[-38,-5],[-69,-56],[-53,13],[-22,43],[-48,-53],[-90,-49],[-85,-53],[-43,-1],[-30,-42],[-26,36],[-42,13],[-35,-26]],[[585867,805613],[70,14],[75,46],[22,63],[32,32],[47,132],[38,20],[57,-56],[26,-81],[49,11],[7,-32],[-19,-41],[-43,-16],[38,-2],[6,-43],[-43,-3],[-26,-20],[11,-35],[91,13],[-4,-48],[25,-53],[-18,-55],[-47,-27],[-27,-38],[12,-38],[-18,-89],[2,-40],[48,10],[53,-19],[27,11],[10,-61],[-1,-53],[54,-6],[13,-20],[-17,-39],[-61,-14],[-34,-51],[24,-37],[35,-15],[60,-47],[20,-34],[-11,-48],[26,-25],[83,-28],[65,-64],[-17,-29],[-46,8],[-68,-1],[-17,-44],[19,-28],[-3,-46],[24,-68],[-28,-30],[-37,1],[-34,21],[-63,-23],[-32,47],[-78,4],[-25,31],[-27,2],[11,38],[-49,141],[-18,34],[2,57],[31,49],[38,7],[10,78],[-48,127],[-37,38],[-68,42],[-49,-3],[-76,-42],[-7,28],[-37,14],[-28,29],[-5,65],[-32,-47],[-52,-14],[-38,22],[-28,64],[-17,2],[-39,-33],[-63,22],[-34,41],[-17,0],[-42,45],[8,33],[42,44],[83,17],[-9,65],[-69,5],[-24,-19],[-65,-9],[-23,38],[18,65],[20,29],[62,22],[3,43],[36,44],[85,2],[22,-24],[3,-46],[26,-5],[9,49],[22,27],[86,1],[11,-92],[21,-12]],[[581742,761941],[13,43],[21,21],[5,48],[27,8],[-11,41],[-25,-3],[-49,56],[71,-9],[-42,75],[-34,90],[0,27],[-40,-2],[7,22],[-27,11],[-35,43],[-22,95],[-35,64],[19,10],[93,-44],[44,27],[28,-6],[97,-117],[54,-5],[29,12],[74,113],[32,-2],[20,26],[49,-51],[38,-9],[-8,-46],[26,-11],[-5,-25],[42,-111],[48,-25],[19,-128],[64,-134],[41,-40],[50,27],[4,-59],[-10,-14],[-33,30],[-42,-1],[0,-26],[-66,-38],[2,-75],[-30,-13],[6,38],[-37,-6],[-6,44],[-24,-34],[-20,-72],[-40,20],[-10,-31],[-58,-9],[-55,58],[-45,7],[-74,-66],[-16,-48],[11,-43],[-21,-1],[-24,-35],[8,-15],[-30,-43],[-20,-5],[-42,32],[-29,-30],[-84,25],[-104,5],[-23,-16],[-37,8],[-6,-24],[-56,42],[36,67],[-25,32],[-25,-27],[43,100],[7,39],[121,-3],[61,10],[39,38],[58,16],[39,-14],[-21,46]],[[580467,701267],[-31,-65],[-12,-52],[-66,-18],[-42,11],[-6,31],[-31,48],[-76,9],[-30,-28],[-61,-28],[-53,8],[-31,19],[21,63],[55,11],[25,23],[15,44],[36,36],[1,104],[57,63],[-10,39],[45,34],[59,2],[32,-43],[8,-46],[31,-8],[56,9],[34,16],[33,36],[33,65],[81,20],[17,60],[43,18],[4,19],[42,47],[68,-2],[9,-61],[50,-5],[24,41],[-4,26],[24,17],[98,16],[26,-30],[16,30],[29,10],[32,-13],[41,-52],[44,-6],[46,45],[37,-5],[16,29],[22,-19],[41,31],[-3,21],[51,2],[43,-49],[-7,-44],[-21,-40],[3,-68],[28,7],[13,-82],[-12,-47],[-32,35],[-37,-7],[-15,48],[-23,26],[-65,-7],[-49,-49],[-14,-54],[33,-11],[24,-36],[3,-76],[-59,-8],[-57,3],[-28,-86],[-25,-28],[-34,-2],[-52,31],[-37,9],[-12,23],[-46,35],[-68,-20],[-37,23],[-24,-17],[-13,32],[-61,-2],[-27,-20],[-24,9],[-118,-72],[-96,-78]],[[582651,752644],[-32,75],[-27,112],[2,84],[18,38],[-6,39],[11,42],[27,16],[-11,41],[-35,42],[-42,29],[9,75],[-27,92],[-18,34],[0,43],[41,9],[73,-7],[5,41],[-56,73],[-83,6],[-38,29],[14,36],[60,12],[-4,54],[-22,28],[-62,31],[-50,-42],[-34,13],[-2,26],[52,43],[87,20],[13,25],[-11,43],[-42,38],[19,14],[45,-3],[30,-61],[-16,-12],[38,-17],[41,-104],[31,-60],[15,-59],[-2,-57],[23,-4],[51,-52],[34,-96],[3,-61],[51,-63],[3,-37],[21,-30],[2,-50],[33,-35],[30,-82],[-6,-24],[41,-58],[-17,-34],[0,-45],[41,-87],[-38,-78],[-58,-3],[-17,23],[1,39],[23,56],[-15,59],[-46,78],[-14,-28],[-38,17],[-55,-11],[-5,-52],[29,-53],[-37,-3],[6,-51],[27,-53],[31,-36],[37,-2],[11,-131],[27,-13],[26,-43],[-10,-49],[15,-55],[-34,-27],[-49,21],[-13,21],[-26,-52],[-32,17],[-27,115],[4,36],[-17,79],[-27,56]],[[588960,759608],[10,42],[28,5],[41,-15],[65,3],[17,-20],[39,-2],[38,-37],[102,-17],[10,30],[69,16],[3,-39],[42,-15],[76,48],[-24,-42],[4,-23],[53,11],[30,20],[41,-19],[-28,-62],[-65,2],[88,-72],[13,-31],[52,22],[-13,-64],[58,-14],[-20,-58],[-50,-21],[-6,-27],[101,-67],[-84,-76],[-39,5],[-24,22],[-39,-34],[7,-48],[-39,25],[-24,-24],[-52,-8],[-40,53],[3,30],[-45,44],[9,41],[-29,45],[-79,11],[-77,59],[-8,23],[-46,49],[-34,22],[-6,40],[-87,73],[-41,94]],[[497687,498222],[18,48],[0,58],[22,69],[0,94],[35,91],[-3,80],[24,54],[-3,35],[26,97],[-1,53],[14,2],[24,80],[51,81],[28,19],[33,0],[17,24],[47,18],[-13,-22],[20,-74],[23,-28],[-24,-27],[-15,-62],[8,-39],[-36,-56],[18,-49],[-10,-94],[-41,-29],[13,-48],[-51,-114],[-21,-16],[2,-121],[-14,-94],[-15,-27],[11,-86],[-1,-62],[-29,-41],[-55,46],[-49,13],[-24,40],[-29,87]],[[575409,830482],[-56,64],[-112,48],[-47,30],[-15,68],[1,50],[24,26],[26,-6],[22,-47],[26,21],[52,13],[62,-30],[39,19],[44,-18],[-26,-40],[26,-40],[68,41],[34,-10],[12,-24],[29,-1],[-14,-42],[28,-18],[-17,-30],[11,-41],[42,1],[5,62],[56,9],[16,-22],[-39,-75],[-32,-14],[28,-73],[38,24],[39,-28],[-25,-55],[54,-23],[5,-31],[-21,-36],[-67,-38],[-56,15],[-45,105],[-83,56],[-81,21],[-51,69]],[[584541,770740],[-62,34],[-29,43],[-1,71],[20,112],[55,53],[45,-3],[50,55],[79,-43],[16,-21],[27,4],[87,-48],[27,14],[6,45],[45,79],[31,7],[-7,-44],[2,-73],[17,-19],[-26,-87],[-21,-27],[-45,-20],[-3,-27],[-74,-5],[-34,9],[-38,-30],[-2,-40],[-56,15],[-18,-58],[-23,-31],[-76,8],[8,27]],[[581094,823326],[-3,60],[39,9],[1,50],[17,-4],[6,45],[-21,33],[21,44],[-77,33],[-35,81],[-66,32],[-68,21],[-11,35],[21,67],[97,1],[5,27],[28,5],[-14,48],[15,45],[-30,33],[27,42],[-5,55],[8,57],[-19,30],[-19,73],[-43,11],[-17,44],[14,77],[21,-3],[69,-58],[37,-17],[29,-56],[38,-44],[14,-63],[-19,-30],[-36,-12],[14,-40],[-15,-20],[4,-51],[-8,-98],[-43,-20],[10,-92],[62,-9],[-10,-54],[52,-47],[1,-27],[-23,-36],[34,-18],[7,-31],[1,-119],[-41,-39],[11,-31],[-13,-49],[-24,2],[-45,-37],[-13,33],[15,12]],[[577885,825999],[-54,23],[-46,31],[-1,30],[39,11],[40,25],[77,25],[-52,43],[12,40],[139,87],[27,37],[24,-26],[14,-59],[-10,-64],[28,-62],[-9,-62],[-30,-28],[-20,-87],[-29,-53],[-40,-31],[-39,21],[-4,49],[24,34],[-90,16]],[[585763,804205],[34,3],[6,34],[-71,45],[-55,-19],[-53,14],[-31,-12],[-64,23],[5,47],[26,50],[100,21],[45,54],[27,6],[40,-19],[35,-42],[18,-45],[65,-33],[27,-46],[-12,-63],[-46,-12],[-1,-63],[-136,-18],[-56,31],[97,44]],[[581646,702243],[-62,12],[16,55],[-34,34],[20,43],[28,16],[37,-4],[22,-20],[24,14],[66,-68],[1,-23],[35,-74],[-30,-68],[79,28],[14,-7],[-11,-64],[-21,-43],[-35,30],[8,-47],[-22,-83],[-32,-52],[-13,2],[-14,64],[-25,7],[-25,59],[26,56],[-5,75],[-33,64],[-14,-6]],[[582862,763408],[12,18],[69,18],[65,1],[37,28],[48,-1],[50,-30],[-10,-75],[-13,-7],[22,-61],[51,-9],[12,-24],[59,-27],[85,6],[13,-10],[-16,-53],[-87,20],[-27,-18],[-49,-6],[-39,13],[-74,56],[-28,38],[-33,9],[16,15],[-79,20],[-37,-8],[-52,54],[5,33]],[[583747,761989],[4,29],[-27,35],[-30,13],[-32,65],[-36,-26],[-15,32],[-1,42],[-44,18],[29,21],[46,4],[11,40],[35,8],[28,-20],[8,-63],[30,8],[46,-20],[60,-72],[6,13],[38,-41],[43,-81],[24,-28],[-12,-21],[-38,7],[-21,-23],[-36,30],[-69,24],[-9,25],[-38,-19]],[[576268,830333],[-32,8],[1,36],[-71,-14],[-33,13],[-12,50],[6,42],[45,12],[88,-39],[28,-26],[32,-5],[-4,27],[49,14],[20,-18],[18,32],[80,12],[53,-36],[-2,-31],[-69,-20],[2,-39],[-45,5],[-38,27],[-36,5],[30,-31],[20,3],[65,-40],[3,-24],[-54,-31],[-38,-1],[-58,45],[-48,24]],[[582965,703592],[-1,-31],[-36,-10],[-7,-27],[-46,-19],[-22,-43],[9,-52],[-59,43],[-43,-43],[-25,17],[29,122],[39,17],[31,-17],[15,21],[-1,66],[-15,-2],[-1,48],[50,35],[28,49],[-15,58],[39,12],[14,-15],[0,-47],[38,-39],[0,-42],[-25,-60],[4,-41]],[[588795,754110],[-28,26],[4,36],[22,30],[40,-54],[52,4],[80,-61],[57,-29],[26,-108],[-25,7],[-21,-23],[-61,-14],[-42,51],[-54,-25],[-14,11],[30,76],[-4,20],[-62,53]],[[586904,804836],[-32,-33],[-46,13],[-26,60],[-11,184],[23,40],[-12,48],[12,58],[32,2],[39,-31],[24,-41],[-37,-126],[19,-9],[0,-43],[-26,-26],[22,-22],[19,-74]],[[582348,819697],[-31,6],[5,26],[-27,67],[-3,154],[20,47],[51,-31],[43,-44],[32,-49],[13,-48],[-12,-68],[-41,-42],[-50,-18]],[[582005,702433],[-20,50],[-25,25],[26,106],[25,36],[5,44],[41,24],[32,-9],[34,-40],[7,-46],[-20,-49],[9,-88],[-49,-44],[-14,63],[-22,-65],[-29,-7]],[[585824,697718],[-4,-13],[50,-22],[14,-58],[-6,-47],[-45,-19],[-45,26],[-37,76],[10,94],[10,27],[0,72],[18,27],[47,33],[28,-18],[0,-39],[-38,-20],[-2,-119]],[[580862,696459],[-9,-51],[-27,-56],[-52,-9],[-42,24],[-17,28],[23,120],[24,20],[35,62],[29,-21],[26,-44],[10,-73]],[[577974,830453],[81,-68],[-3,-38],[-34,-6],[-51,27],[-39,-19],[-28,8],[-7,57],[-77,43],[10,29],[33,14],[60,-11],[55,-36]],[[582132,821364],[-6,-93],[-61,-44],[-52,-5],[20,26],[-6,57],[17,24],[-26,25],[-31,-2],[11,48],[45,24],[41,-17],[48,-43]],[[583501,758717],[81,-50],[-2,-25],[32,-39],[-53,-15],[-55,12],[-65,-18],[-29,63],[27,70],[36,-19],[28,21]],[[588196,700775],[-27,-44],[-54,-17],[-47,59],[6,86],[19,25],[50,0],[30,-48],[43,-36],[-20,-25]],[[588002,700578],[36,23],[48,-19],[17,-106],[-32,-44],[-57,31],[-34,89],[22,26]],[[577755,716458],[-28,-13],[-12,31],[-13,-45],[-43,-34],[-48,-16],[-1,41],[58,62],[12,57],[52,6],[-1,-29],[54,20],[-5,-52],[-25,-28]],[[583531,705667],[-2,70],[13,22],[15,86],[26,14],[37,-61],[4,-63],[-21,-16],[-15,-44],[-36,-44],[-21,36]],[[585820,804034],[12,-29],[-20,-48],[6,-75],[-35,16],[-40,-16],[-43,20],[17,56],[51,33],[27,50],[25,-7]],[[577711,830369],[-31,-20],[18,75],[-40,14],[-2,50],[17,39],[51,24],[32,-9],[8,-54],[-46,-65],[-7,-54]],[[579874,709187],[-24,10],[-32,60],[-29,15],[41,33],[61,6],[47,-93],[-1,-37],[-63,6]],[[582675,703188],[-26,37],[43,31],[44,3],[30,-54],[9,-71],[-29,22],[35,-57],[-14,-25],[-21,44],[-23,7],[-16,43],[-32,20]],[[584434,760925],[16,41],[36,5],[18,-25],[-58,-32],[24,-18],[-28,-62],[-62,10],[-27,-7],[-22,30],[65,41],[2,18],[36,-1]],[[582899,819470],[6,-28],[-34,-2],[-18,-35],[-64,-10],[-14,43],[16,45],[67,56],[41,-69]],[[578047,704484],[19,5],[52,-22],[7,-23],[-55,-67],[-46,-4],[-15,14],[-7,62],[24,49],[21,-14]],[[586275,699351],[22,56],[30,0],[49,-43],[-9,-67],[-20,-14],[-44,3],[-36,34],[8,31]],[[581232,699154],[60,52],[10,-37],[-30,-50],[-19,-80],[-34,0],[-22,20],[-8,64],[43,31]],[[576254,830213],[40,24],[75,-2],[34,-29],[-13,-47],[-48,-12],[-85,39],[-3,27]],[[583068,753829],[12,6],[-3,-66],[-50,-32],[-62,-58],[-47,-2],[-76,-27],[38,59],[-5,32],[58,-36],[38,14],[67,63],[19,6],[11,41]],[[585097,764210],[13,-24],[-19,-57],[-42,5],[-35,42],[8,76],[29,12],[46,-54]],[[580994,827513],[-31,58],[-4,31],[22,26],[22,-17],[19,-59],[63,-83],[-40,-26],[-18,49],[-33,21]],[[580991,823677],[49,-14],[15,-43],[-7,-31],[-54,-14],[-26,13],[10,37],[-48,40],[8,23],[53,-11]],[[580338,697121],[-29,75],[5,23],[33,12],[28,-11],[37,-81],[-10,-20],[-56,-25],[-8,27]],[[581614,701976],[26,-52],[-20,-20],[19,-33],[-27,-36],[-26,82],[-32,2],[-14,29],[9,38],[56,4],[9,-14]],[[587002,763510],[-37,10],[-35,27],[-13,52],[32,19],[56,-20],[33,-71],[-36,-17]],[[583315,754127],[26,2],[9,-39],[53,-15],[4,-96],[10,-14],[-9,-59],[-26,8],[-11,58],[15,18],[-11,44],[-36,39],[-35,5],[11,49]],[[582920,763163],[44,-19],[18,-30],[41,-18],[29,-51],[-47,34],[-57,13],[-9,33],[-53,35],[-60,15],[-27,38],[44,-12],[77,-38]],[[581057,701219],[4,49],[37,21],[30,-4],[10,-23],[49,-43],[-42,-11],[-44,4],[-29,-20],[-15,27]],[[576583,830482],[-18,-19],[-32,4],[-70,63],[-13,23],[28,24],[29,-7],[49,-45],[27,-43]],[[578047,704517],[-15,44],[80,20],[30,-42],[-11,-47],[-26,-11],[-58,36]],[[586508,804780],[-41,43],[75,26],[52,-38],[0,-28],[-38,-20],[-48,17]],[[582521,703258],[-13,31],[10,64],[22,28],[31,-29],[10,-55],[-13,-33],[-47,-6]],[[584650,765176],[18,-80],[-13,-15],[-51,0],[-19,29],[11,42],[35,36],[19,-12]],[[582686,705047],[-22,22],[35,42],[-23,29],[31,3],[42,-46],[-35,-91],[-28,41]],[[580256,697186],[-46,-71],[-23,11],[33,113],[44,25],[12,-17],[-20,-61]],[[581438,699149],[-15,-69],[-19,-7],[27,-39],[-2,-36],[-21,-7],[-29,30],[-7,41],[23,26],[1,69],[42,-8]],[[576284,830306],[19,-43],[-58,-33],[-42,12],[0,25],[34,45],[47,-6]],[[577908,826515],[57,49],[41,-10],[-7,-44],[-29,-8],[-20,-26],[-46,6],[4,33]],[[584286,770591],[40,71],[20,-3],[14,-37],[-13,-73],[-25,-9],[-36,51]],[[575195,830813],[-23,25],[27,28],[51,3],[32,-23],[-10,-32],[-44,-18],[-33,17]],[[575710,830106],[25,68],[27,12],[36,-22],[-24,-64],[-51,-11],[-13,17]],[[587960,700819],[-5,76],[50,29],[30,-39],[-14,-35],[-61,-31]],[[580456,696384],[7,27],[41,64],[24,-31],[-17,-84],[-44,3],[-11,21]],[[580822,823798],[-33,31],[15,44],[43,-1],[27,-24],[-3,-45],[-49,-5]],[[588090,700627],[28,22],[40,-39],[-8,-42],[-47,-26],[-13,85]],[[582097,821107],[-15,8],[4,59],[51,33],[24,-6],[-30,-76],[-34,-18]],[[576635,830503],[27,23],[38,-4],[18,-29],[-22,-41],[-33,1],[-28,50]],[[587637,700140],[28,-73],[-34,-25],[-21,44],[-31,9],[-10,26],[44,-1],[24,20]],[[577817,702962],[14,-43],[-43,-43],[-31,8],[-16,28],[76,50]],[[583732,753024],[13,18],[53,-69],[-19,-48],[-34,3],[-2,77],[-11,19]],[[575059,831047],[11,35],[42,-19],[50,3],[10,-28],[-42,-28],[-27,25],[-44,12]],[[577848,703045],[-47,26],[-29,-10],[3,40],[26,26],[60,-50],[-13,-32]],[[575705,829835],[1,30],[26,12],[59,-22],[-13,-33],[-59,-12],[-14,25]],[[588525,756595],[-20,-22],[-67,8],[-21,-25],[10,45],[54,13],[16,20],[28,-39]],[[583789,769725],[-21,-59],[-31,3],[-26,53],[64,19],[14,-16]],[[584040,764570],[-15,-42],[-53,-25],[-12,46],[35,32],[45,-11]],[[577681,715339],[-56,-19],[-26,49],[44,16],[44,-17],[-6,-29]],[[583280,819430],[11,-34],[-52,-14],[-7,65],[9,29],[29,-4],[10,-42]],[[576797,831697],[8,-16],[-39,-52],[-28,26],[-1,28],[29,34],[31,-20]],[[579141,825284],[34,43],[49,-27],[-42,-41],[-35,0],[-6,25]],[[583639,709991],[-28,41],[6,68],[20,0],[31,-64],[-29,-45]],[[585255,697805],[-37,-44],[-27,5],[-2,43],[38,26],[25,-3],[3,-27]],[[583076,819736],[-7,-47],[-25,39],[-36,27],[10,27],[40,-6],[18,-40]],[[587739,762587],[22,-47],[-8,-33],[-24,-1],[-28,38],[9,33],[29,10]],[[581875,710052],[-16,23],[38,11],[26,-10],[-20,-18],[22,-30],[-7,-36],[-43,60]],[[582261,821094],[-5,-34],[-46,-5],[-13,50],[41,14],[23,-25]],[[581705,714652],[58,60],[41,24],[-14,-48],[-50,-41],[-35,5]],[[580203,826070],[-58,-19],[-16,35],[45,23],[33,-15],[-4,-24]],[[584574,771360],[7,-55],[-25,19],[-3,36],[-53,60],[16,19],[58,-79]],[[579061,825118],[-23,12],[1,34],[43,12],[25,-45],[-46,-13]],[[583325,753745],[49,0],[68,-36],[-27,-12],[-28,20],[-49,0],[-31,-22],[18,50]],[[581429,762428],[-10,27],[33,21],[31,-15],[7,-32],[-21,-19],[-40,18]],[[587744,753211],[-14,17],[20,26],[59,-5],[2,-35],[-67,-3]],[[578396,827440],[34,-22],[-19,-38],[-44,-1],[-8,25],[37,36]],[[579678,708666],[-6,-7],[-67,49],[91,-14],[22,-56],[-40,28]],[[583473,752960],[-15,28],[20,46],[28,5],[18,-32],[-51,-47]],[[585455,698933],[-25,34],[6,28],[25,11],[23,-24],[0,-30],[-29,-19]],[[581297,713179],[-22,-27],[-24,27],[-26,-14],[-23,20],[15,19],[48,6],[32,-31]],[[581329,760890],[6,-33],[-81,4],[16,36],[59,-7]],[[577228,717264],[-26,-6],[-6,45],[40,21],[20,-39],[-28,-21]],[[582457,752394],[41,-20],[-26,-51],[-34,36],[1,38],[18,-3]],[[582421,761916],[20,-10],[-34,-67],[-43,8],[57,69]],[[581132,699291],[-14,0],[2,57],[35,33],[5,-59],[-28,-31]],[[579659,711177],[-10,30],[44,17],[49,-35],[-14,-13],[-69,1]],[[584734,769133],[16,-24],[-42,-3],[-44,35],[28,22],[42,-30]],[[581844,702286],[-46,25],[7,42],[40,-18],[-1,-49]],[[580883,824385],[-16,52],[32,8],[27,-36],[-9,-21],[-34,-3]],[[585438,805550],[-15,-44],[-35,0],[-2,33],[26,36],[26,-25]],[[589019,754134],[-22,8],[-33,49],[16,11],[37,-41],[46,-28],[-44,1]],[[583436,763261],[15,-16],[-83,-1],[-2,45],[27,-2],[25,-29],[18,3]],[[577156,717035],[-21,34],[19,43],[32,-11],[-2,-46],[-28,-20]],[[584988,770904],[-28,-39],[-53,-16],[1,23],[42,36],[38,-4]],[[575234,831293],[49,6],[14,-41],[-57,4],[-6,31]],[[582539,752258],[15,10],[61,-40],[7,-28],[-50,18],[-33,40]],[[579150,825203],[2,-22],[-40,-23],[-25,27],[11,26],[52,-8]],[[577840,826146],[-9,-42],[-44,-3],[-5,29],[21,18],[37,-2]],[[586651,804978],[31,0],[0,-58],[-23,-4],[-19,35],[11,27]],[[588245,699316],[-44,-13],[-6,27],[35,26],[26,-6],[-11,-34]],[[582328,753897],[33,-4],[18,-43],[19,-9],[-14,-41],[-22,57],[-34,40]],[[577621,716466],[-14,-43],[-28,-28],[0,52],[36,45],[6,-26]],[[581904,702560],[23,-3],[1,-57],[-33,5],[-13,41],[22,14]],[[506706,496108],[6,-52],[-45,10],[24,57],[15,-15]],[[579230,701598],[-18,-12],[-29,33],[34,29],[22,-6],[-9,-44]],[[580323,825419],[-25,-39],[-23,19],[-1,32],[20,9],[29,-21]],[[585903,699434],[-20,21],[13,49],[30,-29],[-23,-41]],[[580621,826476],[52,10],[13,-37],[-50,-3],[-15,30]],[[579542,710546],[-9,46],[45,12],[-7,-52],[-29,-6]],[[583440,753086],[43,-13],[-23,-23],[-16,17],[-39,0],[8,42],[27,-23]],[[580102,708863],[12,-38],[-47,11],[7,38],[-21,44],[49,-55]],[[581510,698627],[3,-41],[-18,-25],[-25,14],[-1,38],[41,14]],[[582312,820695],[-8,-56],[-31,4],[-6,29],[45,23]],[[396,48],[23,8],[19,-34],[-24,-22],[-19,9],[1,39]],[[575645,830225],[29,-16],[3,-29],[-42,6],[-18,31],[28,8]],[[585221,767267],[-6,34],[41,2],[-1,-47],[-34,11]],[[582663,752182],[7,-19],[-25,-37],[-30,27],[28,33],[20,-4]],[[583694,819212],[-13,-21],[-46,30],[5,21],[43,-5],[11,-25]],[[582804,703260],[-15,49],[38,9],[6,-85],[-29,27]],[[585252,757758],[47,34],[14,-37],[-63,-11],[2,14]],[[581414,701160],[-15,-5],[-24,37],[48,33],[-9,-65]],[[581386,760804],[-48,33],[18,22],[46,-31],[-16,-24]],[[585069,767151],[34,-10],[-17,-38],[-37,11],[20,37]],[[580259,697113],[-2,-28],[-30,-1],[4,52],[32,13],[-4,-36]],[[580533,701765],[0,-51],[-21,-13],[-22,40],[43,24]],[[586324,699253],[29,-25],[-41,-21],[-15,47],[27,-1]],[[581324,707184],[14,-32],[-68,2],[-8,27],[62,3]],[[585052,697525],[7,30],[29,-2],[-7,-52],[-21,-11],[-8,35]],[[575225,831048],[-2,-34],[-53,-15],[13,35],[42,14]],[[585416,698742],[-39,-3],[10,48],[25,-13],[4,-32]],[[582807,703846],[27,51],[34,-40],[-34,-22],[-27,11]],[[580440,696437],[44,48],[-15,-52],[-35,-26],[6,30]],[[583277,757011],[-16,29],[10,26],[22,-34],[2,-77],[-27,30],[9,26]],[[577947,704384],[18,-36],[-47,-9],[29,45]],[[575096,830922],[-44,-22],[-25,2],[9,26],[34,12],[26,-18]],[[582238,752942],[-6,46],[38,3],[-4,-45],[-28,-4]],[[574893,831275],[3,27],[45,7],[5,-16],[-38,-32],[-15,14]],[[580466,698494],[-30,-19],[3,37],[34,23],[-7,-41]],[[583260,753909],[-53,-11],[-13,14],[75,20],[-9,-23]],[[580580,826429],[23,-23],[-2,-38],[-34,20],[13,41]],[[575285,831216],[-22,-17],[-41,19],[37,22],[26,-24]],[[583111,763110],[-16,54],[32,0],[8,-35],[-24,-19]],[[576163,830510],[-40,18],[12,30],[38,-14],[-10,-34]],[[582320,752679],[32,-81],[-24,-12],[1,28],[-24,63],[15,2]],[[586903,804884],[5,49],[33,-33],[-8,-28],[-30,12]],[[580555,698740],[7,-48],[-29,-4],[6,74],[16,-22]],[[584631,769076],[17,13],[36,-40],[-23,-17],[-30,44]],[[585197,767268],[-6,-54],[-27,24],[14,36],[19,-6]],[[575808,829875],[-21,0],[-22,33],[15,16],[34,-23],[-6,-26]],[[585225,767179],[-20,23],[9,35],[24,16],[-13,-74]],[[574993,830134],[-35,-2],[28,46],[21,-20],[-14,-24]],[[582682,703100],[-14,2],[3,54],[37,-45],[-11,-32],[-15,21]],[[581674,714576],[-38,2],[34,42],[19,-22],[-15,-22]],[[579110,708280],[-30,-3],[-8,39],[23,9],[15,-45]],[[583328,754204],[57,9],[27,-24],[-53,-16],[-31,31]],[[580022,701127],[-32,2],[-3,39],[37,-9],[-2,-32]],[[582563,705678],[29,50],[18,-25],[-18,-27],[-29,2]],[[578912,712816],[4,35],[38,7],[-8,-35],[-34,-7]],[[583221,754125],[4,-26],[-28,27],[-35,9],[37,15],[22,-25]],[[579970,700657],[-36,-8],[-20,27],[51,4],[5,-23]],[[575487,830853],[-24,-11],[-9,38],[24,21],[9,-48]],[[577861,702825],[-40,-53],[2,35],[24,37],[14,-19]],[[587697,762271],[-26,-3],[-14,23],[30,17],[10,-37]],[[579887,715369],[34,12],[10,-19],[-35,-29],[-9,36]],[[580995,824021],[-32,10],[4,38],[27,-8],[1,-40]],[[580347,697253],[-37,-12],[5,42],[17,5],[15,-35]],[[585303,767387],[7,-29],[-22,-28],[-20,14],[35,43]],[[586383,761060],[-27,-3],[16,35],[36,3],[-25,-35]],[[588529,761712],[-13,-28],[-28,34],[17,18],[24,-24]],[[579712,827051],[-21,10],[19,39],[21,-24],[-19,-25]],[[584635,771117],[-8,35],[42,-12],[-34,-23]],[[579504,711960],[34,9],[10,-40],[-44,31]],[[583180,757031],[25,-18],[-38,-20],[-6,35],[19,3]],[[582332,762403],[22,-39],[-26,-23],[4,62]],[[584114,770449],[-24,-18],[1,61],[21,-9],[2,-34]],[[583012,703706],[-12,36],[39,-19],[-10,-32],[-17,15]],[[582196,820506],[0,-28],[-37,4],[22,42],[15,-18]],[[582815,704149],[-26,-6],[-2,43],[28,-37]],[[580465,826560],[-24,11],[29,29],[20,-22],[-25,-18]],[[583273,820610],[-23,-30],[-19,15],[34,39],[8,-24]],[[582987,752448],[1,27],[34,5],[-2,-31],[-33,-1]],[[585614,764124],[-26,24],[12,37],[16,-7],[-2,-54]],[[577413,716558],[13,-8],[-12,-49],[-22,24],[21,33]],[[583407,753582],[16,15],[13,-30],[-35,-16],[6,31]],[[589118,699479],[-42,7],[9,33],[29,-14],[4,-26]],[[582060,753150],[-13,-48],[-14,40],[12,29],[15,-21]],[[582287,709844],[-7,26],[36,13],[-3,-33],[-26,-6]],[[585925,699342],[-16,-41],[-15,37],[31,4]],[[582396,753578],[-22,-25],[-46,5],[10,17],[58,3]],[[579560,711564],[-2,39],[35,-9],[-33,-30]],[[585878,699325],[-21,-26],[-18,22],[22,21],[17,-17]],[[584503,753433],[29,15],[1,-43],[-30,28]],[[575115,831112],[-22,-23],[-24,5],[20,34],[26,-16]],[[577656,715823],[-29,9],[-18,38],[24,-2],[23,-45]],[[578272,713746],[3,-18],[-37,-14],[-1,27],[35,5]],[[578887,826074],[-15,-36],[-24,2],[22,46],[17,-12]],[[584052,756527],[28,-13],[-18,-24],[-38,19],[28,18]],[[586278,805805],[1,35],[30,3],[-31,-38]],[[578026,826385],[-9,-21],[-28,18],[15,30],[22,-27]],[[575332,831116],[-4,-32],[-39,2],[43,30]],[[581999,753025],[-12,12],[51,4],[3,-24],[-42,8]],[[583537,753668],[29,19],[15,-21],[-32,-15],[-12,17]],[[581539,822215],[-15,52],[23,-6],[-8,-46]],[[586394,761121],[-19,26],[21,10],[-2,-36]],[[578654,702776],[-1,-43],[-15,2],[-10,55],[26,-14]],[[577984,704235],[-34,2],[12,27],[22,-29]],[[581842,762501],[5,-38],[-26,47],[21,-9]],[[584578,765139],[-6,-24],[-31,2],[12,33],[25,-11]],[[580029,713335],[19,30],[12,-26],[-31,-4]],[[581519,702093],[-36,-17],[6,33],[30,-16]],[[583473,705701],[-1,47],[21,7],[-7,-68],[-13,14]],[[579971,701275],[1,-31],[-25,10],[-8,27],[32,-6]],[[581600,714607],[28,19],[35,-5],[-21,-21],[-42,7]],[[576187,830315],[-22,15],[26,13],[22,-14],[-26,-14]],[[579518,715695],[24,34],[19,-42],[-22,-19],[-21,27]],[[576458,831644],[-30,-23],[19,41],[11,-18]],[[580091,826634],[-25,3],[8,32],[28,-12],[-11,-23]],[[578476,825906],[-17,-19],[-21,24],[27,18],[11,-23]],[[584622,768942],[-30,30],[37,-3],[-7,-27]],[[578760,714888],[23,41],[6,-23],[-29,-18]],[[580438,826606],[-43,2],[25,23],[18,-25]],[[575695,830140],[-32,-9],[6,33],[26,-24]],[[585867,699576],[24,-7],[-16,-45],[-8,52]],[[588781,759306],[8,17],[26,-32],[-12,-19],[-22,34]],[[578009,703401],[22,13],[21,-29],[-16,-9],[-27,25]],[[588832,753922],[19,29],[7,-29],[-26,0]],[[581373,701209],[-19,6],[35,30],[-16,-36]],[[574914,830690],[-34,-10],[37,31],[-3,-21]],[[583253,753412],[-23,-19],[-8,40],[31,-21]],[[579498,710576],[-7,35],[32,-35],[-25,0]],[[581511,699172],[-1,-27],[-31,11],[12,29],[20,-13]],[[582759,703767],[-2,21],[36,33],[1,-26],[-35,-28]],[[580661,825168],[5,-29],[-23,-3],[-6,31],[24,1]],[[580963,824550],[-31,37],[38,-13],[-7,-24]],[[575831,830053],[-30,-20],[0,31],[30,-11]],[[582624,702990],[1,44],[29,-47],[-30,3]],[[583985,763152],[29,-13],[-15,-17],[-14,30]],[[583531,753321],[5,-30],[-37,9],[32,21]],[[582297,754747],[-19,-17],[-2,34],[21,-17]],[[575805,830099],[-24,10],[31,14],[-7,-24]],[[579769,708646],[22,16],[26,-15],[-14,-16],[-34,15]],[[581514,702035],[-19,25],[32,13],[-13,-38]],[[579405,710784],[-32,13],[29,24],[3,-37]],[[577718,716348],[-8,-33],[-21,16],[29,17]],[[585395,805286],[-9,21],[40,6],[-31,-27]],[[586003,805773],[-22,18],[12,26],[20,-16],[-10,-28]],[[575408,830347],[37,4],[-15,-29],[-22,25]],[[579133,827085],[-29,-16],[7,31],[22,-15]],[[584121,764970],[-37,-24],[16,33],[21,-9]],[[585817,699744],[2,36],[24,-3],[-6,-32],[-20,-1]],[[583758,758281],[27,-9],[-19,-29],[-8,38]],[[582743,702917],[-21,23],[18,17],[25,-36],[-22,-4]],[[579742,709805],[-37,-4],[-1,21],[38,-17]],[[580336,825505],[-23,-21],[-1,32],[24,-11]],[[582158,820557],[-23,-19],[7,37],[16,-18]],[[583520,754236],[14,-34],[-20,1],[6,33]],[[585461,805618],[-9,25],[40,-8],[-31,-17]],[[579506,710785],[-18,4],[-2,50],[20,-54]],[[578312,713944],[33,23],[4,-22],[-37,-1]],[[577904,826450],[-29,3],[0,22],[32,-3],[-3,-22]],[[582552,761976],[0,40],[20,-30],[-20,-10]],[[582320,752743],[17,35],[10,-27],[-27,-8]],[[583858,762445],[-45,23],[42,-7],[3,-16]],[[578493,713299],[-9,22],[46,-29],[-14,-14],[-23,21]],[[581219,823830],[-17,27],[27,3],[-10,-30]],[[577051,714715],[-25,15],[31,7],[-6,-22]],[[580952,696719],[27,0],[-31,-25],[4,25]],[[581381,698433],[-29,-5],[10,26],[19,-21]],[[579121,714713],[28,23],[17,-22],[-45,-1]],[[588640,761539],[-32,0],[7,31],[25,-31]],[[589762,759143],[-3,29],[32,-7],[-29,-22]],[[580146,701441],[-29,0],[23,29],[6,-29]],[[588511,761487],[-3,20],[38,2],[-35,-22]],[[579749,827065],[-5,37],[23,-17],[-18,-20]],[[41,273],[-39,-3],[40,22],[-1,-19]],[[579153,712310],[27,22],[13,-21],[-40,-1]],[[577798,830406],[-26,17],[22,13],[4,-30]],[[582975,752555],[-24,9],[15,27],[9,-36]],[[497772,492130],[18,-19],[-37,-23],[19,42]],[[582407,761782],[-20,9],[23,22],[-3,-31]],[[588922,699521],[4,32],[22,-5],[-26,-27]],[[578009,703077],[-18,6],[19,30],[-1,-36]],[[582035,712917],[27,-27],[-18,-13],[-9,40]],[[585817,804455],[5,25],[29,-23],[-34,-2]],[[1118,303],[-31,10],[41,17],[-10,-27]],[[506667,495987],[-25,-31],[7,41],[18,-10]],[[585692,697919],[-26,-9],[-2,25],[28,-16]],[[582091,821207],[-21,5],[25,26],[-4,-31]],[[578733,714872],[-13,24],[27,9],[-14,-33]],[[583590,766136],[-1,-32],[-22,26],[23,6]],[[1,297],[37,2],[-38,-23],[1,21]],[[578251,714012],[31,-1],[-9,-25],[-22,26]],[[584288,760934],[5,-27],[-28,22],[23,5]],[[580532,715535],[-13,31],[31,2],[-18,-33]],[[582337,754798],[-25,6],[18,22],[7,-28]],[[578445,713344],[-55,66],[68,-62],[-13,-4]],[[581630,710656],[4,-29],[-29,14],[25,15]],[[579559,708711],[15,13],[20,-28],[-35,15]],[[580475,696809],[20,-18],[-26,-13],[6,31]],[[1085,322],[12,26],[28,-10],[-40,-16]],[[583997,756471],[27,18],[32,-7],[-59,-11]],[[579786,708766],[6,11],[35,-40],[-41,29]],[[580425,698578],[-17,-12],[-8,32],[25,-20]],[[579440,710781],[-23,8],[9,33],[14,-41]],[[588211,755823],[-37,-28],[2,19],[35,9]],[[588333,757552],[-16,31],[39,-33],[-23,2]]],"transform":{"scale":[0.000010478083104722147,0.000008784398903800428],"translate":[136.0695407,20.42274641]},"objects":{"city":{"type":"GeometryCollection","geometries":[{"arcs":[[[0]],[[1,2,3,4]],[[5,6,7]],[[8]],[[9]],[[10]],[[11]],[[12]]],"type":"MultiPolygon","properties":{"N03_001":"東京都","N03_004":"所属未定地","PREF_CODE":"13","MERGED_CODE":"13000","N03_007":"13000"},"id":"13000"},{"arcs":[[[13,-6,-8,14,15,16,17,18,19,20]],[[21]],[[22]],[[23]],[[24]],[[25]],[[-4,26]],[[27]],[[28]],[[29]],[[30]],[[-2,31]],[[32]],[[33]],[[34]],[[35]],[[36]],[[37]],[[38]],[[39]],[[40]],[[41]],[[42]],[[43]],[[44]]],"type":"MultiPolygon","properties":{"N03_001":"東京都","N03_004":"特別区部","PREF_CODE":"13","MERGED_CODE":"13100","N03_007":"13100"},"id":"13100"},{"arcs":[[45,46,47,48,49,50,51,52]],"type":"Polygon","properties":{"N03_001":"東京都","N03_004":"八王子市","PREF_CODE":"13","MERGED_CODE":"13201","N03_007":"13201"},"id":"13201"},{"arcs":[[53,54,55,56,57,58,59,60]],"type":"Polygon","properties":{"N03_001":"東京都","N03_004":"立川市","PREF_CODE":"13","MERGED_CODE":"13202","N03_007":"13202"},"id":"13202"},{"arcs":[[-19,61,62,63]],"type":"Polygon","properties":{"N03_001":"東京都","N03_004":"武蔵野市","PREF_CODE":"13","MERGED_CODE":"13203","N03_007":"13203"},"id":"13203"},{"arcs":[[-18,64,65,-62]],"type":"Polygon","properties":{"N03_001":"東京都","N03_004":"三鷹市","PREF_CODE":"13","MERGED_CODE":"13204","N03_007":"13204"},"id":"13204"},{"arcs":[[66,67,68,69,70,71,72]],"type":"Polygon","properties":{"N03_001":"東京都","N03_004":"青梅市","PREF_CODE":"13","MERGED_CODE":"13205","N03_007":"13205"},"id":"13205"},{"arcs":[[[73,74,75,76,77,78,79]],[[80]]],"type":"MultiPolygon","properties":{"N03_001":"東京都","N03_004":"府中市","PREF_CODE":"13","MERGED_CODE":"13206","N03_007":"13206"},"id":"13206"},{"arcs":[[-50,81,-61,82]],"type":"Polygon","properties":{"N03_001":"東京都","N03_004":"昭島市","PREF_CODE":"13","MERGED_CODE":"13207","N03_007":"13207"},"id":"13207"},{"arcs":[[-17,83,84,85,-80,86,-65]],"type":"Polygon","properties":{"N03_001":"東京都","N03_004":"調布市","PREF_CODE":"13","MERGED_CODE":"13208","N03_007":"13208"},"id":"13208"},{"arcs":[[-53,87,88],[89]],"type":"Polygon","properties":{"N03_001":"東京都","N03_004":"町田市","PREF_CODE":"13","MERGED_CODE":"13209","N03_007":"13209"},"id":"13209"},{"arcs":[[-63,-66,-87,-79,90,91,92],[-81]],"type":"Polygon","properties":{"N03_001":"東京都","N03_004":"小金井市","PREF_CODE":"13","MERGED_CODE":"13210","N03_007":"13210"},"id":"13210"},{"arcs":[[-57,93,94,95,96,-92,97]],"type":"Polygon","properties":{"N03_001":"東京都","N03_004":"小平市","PREF_CODE":"13","MERGED_CODE":"13211","N03_007":"13211"},"id":"13211"},{"arcs":[[-51,-83,-60,98,-76,99]],"type":"Polygon","properties":{"N03_001":"東京都","N03_004":"日野市","PREF_CODE":"13","MERGED_CODE":"13212","N03_007":"13212"},"id":"13212"},{"arcs":[[100,101,102,-95,103]],"type":"Polygon","properties":{"N03_001":"東京都","N03_004":"東村山市","PREF_CODE":"13","MERGED_CODE":"13213","N03_007":"13213"},"id":"13213"},{"arcs":[[-58,-98,-91,-78,104]],"type":"Polygon","properties":{"N03_001":"東京都","N03_004":"国分寺市","PREF_CODE":"13","MERGED_CODE":"13214","N03_007":"13214"},"id":"13214"},{"arcs":[[-59,-105,-77,-99]],"type":"Polygon","properties":{"N03_001":"東京都","N03_004":"国立市","PREF_CODE":"13","MERGED_CODE":"13215","N03_007":"13215"},"id":"13215"},{"arcs":[[-49,105,106,107,108,-54,-82]],"type":"Polygon","properties":{"N03_001":"東京都","N03_004":"福生市","PREF_CODE":"13","MERGED_CODE":"13218","N03_007":"13218"},"id":"13218"},{"arcs":[[-16,109,-84]],"type":"Polygon","properties":{"N03_001":"東京都","N03_004":"狛江市","PREF_CODE":"13","MERGED_CODE":"13219","N03_007":"13219"},"id":"13219"},{"arcs":[[110,-104,-94,-56,111]],"type":"Polygon","properties":{"N03_001":"東京都","N03_004":"東大和市","PREF_CODE":"13","MERGED_CODE":"13220","N03_007":"13220"},"id":"13220"},{"arcs":[[112,113,-102]],"type":"Polygon","properties":{"N03_001":"東京都","N03_004":"清瀬市","PREF_CODE":"13","MERGED_CODE":"13221","N03_007":"13221"},"id":"13221"},{"arcs":[[114,115,-96,-103,-114]],"type":"Polygon","properties":{"N03_001":"東京都","N03_004":"東久留米市","PREF_CODE":"13","MERGED_CODE":"13222","N03_007":"13222"},"id":"13222"},{"arcs":[[116,-112,-55,-109,117],[118]],"type":"Polygon","properties":{"N03_001":"東京都","N03_004":"武蔵村山市","PREF_CODE":"13","MERGED_CODE":"13223","N03_007":"13223"},"id":"13223"},{"arcs":[[-52,-100,-75,119,120,-88]],"type":"Polygon","properties":{"N03_001":"東京都","N03_004":"多摩市","PREF_CODE":"13","MERGED_CODE":"13224","N03_007":"13224"},"id":"13224"},{"arcs":[[[-74,-86,121,-120]],[[122]]],"type":"MultiPolygon","properties":{"N03_001":"東京都","N03_004":"稲城市","PREF_CODE":"13","MERGED_CODE":"13225","N03_007":"13225"},"id":"13225"},{"arcs":[[-69,123,-107,124]],"type":"Polygon","properties":{"N03_001":"東京都","N03_004":"羽村市","PREF_CODE":"13","MERGED_CODE":"13227","N03_007":"13227"},"id":"13227"},{"arcs":[[-48,125,126,-72,127,-70,-125,-106]],"type":"Polygon","properties":{"N03_001":"東京都","N03_004":"あきる野市","PREF_CODE":"13","MERGED_CODE":"13228","N03_007":"13228"},"id":"13228"},{"arcs":[[128,-20,-64,-93,-97,-116]],"type":"Polygon","properties":{"N03_001":"東京都","N03_004":"西東京市","PREF_CODE":"13","MERGED_CODE":"13229","N03_007":"13229"},"id":"13229"},{"arcs":[[[129,-118,-108,-124,-68,130]],[[-119]]],"type":"MultiPolygon","properties":{"N03_001":"東京都","N03_004":"瑞穂町","PREF_CODE":"13","MERGED_CODE":"13303","N03_007":"13303"},"id":"13303"},{"arcs":[[-71,-128]],"type":"Polygon","properties":{"N03_001":"東京都","N03_004":"日の出町","PREF_CODE":"13","MERGED_CODE":"13305","N03_007":"13305"},"id":"13305"},{"arcs":[[-47,131,132,-126]],"type":"Polygon","properties":{"N03_001":"東京都","N03_004":"檜原村","PREF_CODE":"13","MERGED_CODE":"13307","N03_007":"13307"},"id":"13307"},{"arcs":[[133,-73,-127,-133,134]],"type":"Polygon","properties":{"N03_001":"東京都","N03_004":"奥多摩町","PREF_CODE":"13","MERGED_CODE":"13308","N03_007":"13308"},"id":"13308"},{"arcs":[[[135]],[[136]],[[137]],[[138]],[[139]],[[140]],[[141]],[[142]],[[143]]],"type":"MultiPolygon","properties":{"N03_001":"東京都","N03_004":"大島町","PREF_CODE":"13","MERGED_CODE":"13361","N03_007":"13361"},"id":"13361"},{"arcs":[[144]],"type":"Polygon","properties":{"N03_001":"東京都","N03_004":"利島村","PREF_CODE":"13","MERGED_CODE":"13362","N03_007":"13362"},"id":"13362"},{"arcs":[[[145]],[[146]],[[147]],[[148]],[[149]],[[150]],[[151]],[[152]],[[153]],[[154]],[[155]],[[156]],[[157]],[[158]],[[159]],[[160]],[[161]],[[162]],[[163]],[[164]],[[165]],[[166]],[[167]],[[168]],[[169]],[[170]],[[171]],[[172]],[[173]],[[174]],[[175]],[[176]],[[177]],[[178]],[[179]],[[180]],[[181]],[[182]],[[183]],[[184]],[[185]],[[186]],[[187]],[[188]],[[189]],[[190]],[[191]],[[192]],[[193]],[[194]],[[195]],[[196]],[[197]],[[198]],[[199]],[[200]],[[201]],[[202]]],"type":"MultiPolygon","properties":{"N03_001":"東京都","N03_004":"新島村","PREF_CODE":"13","MERGED_CODE":"13363","N03_007":"13363"},"id":"13363"},{"arcs":[[[203]],[[204]],[[205]],[[206]],[[207]],[[208]],[[209]],[[210]],[[211]],[[212]],[[213]],[[214]],[[215]],[[216]],[[217]],[[218]],[[219]],[[220]],[[221]],[[222]],[[223]],[[224]],[[225]],[[226]],[[227]],[[228]],[[229]],[[230]],[[231]],[[232]],[[233]],[[234]],[[235]],[[236]],[[237]],[[238]],[[239]],[[240]],[[241]],[[242]],[[243]],[[244]]],"type":"MultiPolygon","properties":{"N03_001":"東京都","N03_004":"神津島村","PREF_CODE":"13","MERGED_CODE":"13364","N03_007":"13364"},"id":"13364"},{"arcs":[[[245]],[[246]],[[247]],[[248]],[[249]],[[250]],[[251]],[[252]],[[253]],[[254]],[[255]],[[256]],[[257]]],"type":"MultiPolygon","properties":{"N03_001":"東京都","N03_004":"三宅村","PREF_CODE":"13","MERGED_CODE":"13381","N03_007":"13381"},"id":"13381"},{"arcs":[[[258]],[[259]],[[260]],[[261]]],"type":"MultiPolygon","properties":{"N03_001":"東京都","N03_004":"御蔵島村","PREF_CODE":"13","MERGED_CODE":"13382","N03_007":"13382"},"id":"13382"},{"arcs":[[[262]],[[263]],[[264]],[[265]],[[266]],[[267]],[[268]],[[269]],[[270]],[[271]],[[272]],[[273]],[[274]],[[275]],[[276]]],"type":"MultiPolygon","properties":{"N03_001":"東京都","N03_004":"八丈町","PREF_CODE":"13","MERGED_CODE":"13401","N03_007":"13401"},"id":"13401"},{"arcs":[[277]],"type":"Polygon","properties":{"N03_001":"東京都","N03_004":"青ヶ島村","PREF_CODE":"13","MERGED_CODE":"13402","N03_007":"13402"},"id":"13402"},{"arcs":[[[278]],[[279]],[[280]],[[281]],[[282]],[[283]],[[284]],[[285]],[[286]],[[287]],[[288]],[[289]],[[290]],[[291]],[[292]],[[293]],[[294]],[[295]],[[296]],[[297]],[[298]],[[299]],[[300]],[[301]],[[302]],[[303]],[[304]],[[305]],[[306]],[[307]],[[308]],[[309]],[[310]],[[311]],[[312]],[[313]],[[314]],[[315]],[[316]],[[317]],[[318]],[[319]],[[320]],[[321]],[[322]],[[323]],[[324]],[[325]],[[326]],[[327]],[[328]],[[329]],[[330]],[[331]],[[332]],[[333]],[[334]],[[335]],[[336]],[[337]],[[338]],[[339]],[[340]],[[341]],[[342]],[[343]],[[344]],[[345]],[[346]],[[347]],[[348]],[[349]],[[350]],[[351]],[[352]],[[353]],[[354]],[[355]],[[356]],[[357]],[[358]],[[359]],[[360]],[[361]],[[362]],[[363]],[[364]],[[365]],[[366]],[[367]],[[368]],[[369]],[[370]],[[371]],[[372]],[[373]],[[374]],[[375]],[[376]],[[377]],[[378]],[[379]],[[380]],[[381]],[[382]],[[383]],[[384]],[[385]],[[386]],[[387]],[[388]],[[389]],[[390]],[[391]],[[392]],[[393]],[[394]],[[395]],[[396]],[[397]],[[398]],[[399]],[[400]],[[401]],[[402]],[[403]],[[404]],[[405]],[[406]],[[407]],[[408]],[[409]],[[410]],[[411]],[[412]],[[413]],[[414]],[[415]],[[416]],[[417]],[[418]],[[419]],[[420]],[[421]],[[422]],[[423]],[[424]],[[425]],[[426]],[[427]],[[428]],[[429]],[[430]],[[431]],[[432]],[[433]],[[434]],[[435]],[[436]],[[437]],[[438]],[[439]],[[440]],[[441]],[[442]],[[443]],[[444]],[[445]],[[446]],[[447]],[[448]],[[449]],[[450]],[[451]],[[452]],[[453]],[[454]],[[455]],[[456]],[[457]],[[458]],[[459]],[[460]],[[461]],[[462]],[[463]],[[464]],[[465]],[[466]],[[467]],[[468]],[[469]],[[470]],[[471]],[[472]],[[473]],[[474]],[[475]],[[476]],[[477]],[[478]],[[479]],[[480]],[[481]],[[482]],[[483]],[[484]],[[485]],[[486]],[[487]],[[488]],[[489]],[[490]],[[491]],[[492]],[[493]],[[494]],[[495]],[[496]],[[497]],[[498]],[[499]],[[500]],[[501]],[[502]],[[503]],[[504]],[[505]],[[506]],[[507]],[[508]],[[509]],[[510]],[[511]],[[512]],[[513]],[[514]],[[515]],[[516]],[[517]],[[518]],[[519]],[[520]],[[521]],[[522]],[[523]],[[524]],[[525]],[[526]],[[527]],[[528]],[[529]],[[530]],[[531]],[[532]],[[533]],[[534]],[[535]],[[536]],[[537]],[[538]],[[539]],[[540]],[[541]],[[542]],[[543]],[[544]],[[545]],[[546]],[[547]],[[548]],[[549]],[[550]],[[551]],[[552]],[[553]],[[554]],[[555]],[[556]],[[557]],[[558]],[[559]],[[560]],[[561]],[[562]],[[563]],[[564]],[[565]],[[566]],[[567]],[[568]],[[569]],[[570]],[[571]],[[572]],[[573]],[[574]],[[575]],[[576]],[[577]],[[578]],[[579]],[[580]],[[581]],[[582]],[[583]],[[584]],[[585]],[[586]],[[587]],[[588]],[[589]],[[590]],[[591]],[[592]],[[593]],[[594]],[[595]],[[596]],[[597]],[[598]],[[599]],[[600]],[[601]],[[602]],[[603]],[[604]],[[605]],[[606]],[[607]],[[608]],[[609]],[[610]],[[611]],[[612]],[[613]],[[614]],[[615]],[[616]],[[617]]],"type":"MultiPolygon","properties":{"N03_001":"東京都","N03_004":"小笠原村","PREF_CODE":"13","MERGED_CODE":"13421","N03_007":"13421"},"id":"13421"}]}}}