{"type":"Topology","arcs":[[[20739,25149],[28,7],[18,23],[15,53],[-5,146],[30,59],[18,63],[-3,158],[-19,46],[-9,154],[12,86],[-9,40],[-1,78],[33,50],[22,77],[0,44],[-14,127],[-13,73],[39,84],[23,82],[-3,41],[-20,68],[0,64],[-30,68],[11,87],[7,148],[15,106],[0,38],[-45,155],[-12,62],[45,77],[18,47],[87,100],[38,129],[34,84],[50,52],[-36,70],[-23,90],[-39,80],[-8,39],[5,37],[92,100],[-32,58],[-7,33],[-2,98],[-30,139],[-12,157],[16,45],[38,45],[66,50],[40,5],[95,43],[38,33],[13,54],[87,70],[39,59],[36,21],[15,64],[-12,26],[-54,28],[-27,32],[10,30],[33,47],[-21,39],[4,41],[-31,55],[-10,41],[0,83],[42,45],[46,73],[-8,44],[10,20],[38,5],[-1,46],[20,15],[5,44],[25,24],[79,7],[-14,46],[37,51],[46,17],[47,-5],[14,51],[-40,24],[36,32],[0,36],[-29,15],[36,65],[-17,65],[30,42],[8,28],[-24,28],[11,35],[-40,48],[-5,23],[29,27],[29,97],[29,2],[72,-44],[85,-19],[40,-1],[87,20],[18,22],[-4,59],[20,47],[13,63],[-5,49],[-69,31],[-10,45],[12,54],[-18,29],[0,30],[19,48],[-3,47],[10,110],[17,38],[38,38],[2,57],[-25,39],[-33,29],[-25,64],[-2,46],[12,45],[9,97],[-7,39],[13,16],[-13,79],[28,48],[29,8],[19,24],[13,78],[51,25],[53,104],[2,93],[16,140],[-69,60],[-48,59],[-13,45],[-30,43],[-21,51],[11,91],[24,26],[75,-1],[17,16],[-36,48],[-4,66],[9,53],[34,76],[78,108],[14,61],[-2,64],[25,75],[0,25],[-34,63],[1,40],[48,79],[60,45],[7,43],[-6,72],[11,18],[79,48],[95,94],[14,29],[21,83],[27,25],[66,25],[74,40],[109,101],[23,37],[58,38],[-2,46],[-12,25],[-38,39],[-25,43],[2,74],[-23,36],[-89,59],[-57,23],[-135,68],[-77,68],[-46,83],[-16,53],[-23,11],[-69,7],[-35,15],[-43,36],[-29,6],[-55,-12],[-50,-34],[-55,21],[-33,31],[-137,20],[-13,11]],[[21942,35059],[37,6],[67,37],[33,9],[23,22],[27,57],[41,36],[3,22],[-25,64],[17,91],[14,22],[61,54],[43,48],[66,115],[20,20],[51,10],[67,76],[51,36],[70,98],[47,42],[31,5],[57,29],[47,3],[43,22],[34,34],[23,57],[36,-1],[69,-39],[89,-19],[47,-22],[47,-51],[52,-101],[-22,-21],[-61,25],[-81,17],[-34,32],[-78,37],[-38,-9],[-28,-22],[-20,-53],[15,-27],[42,-31],[56,-14],[22,-87],[31,-31],[63,-48],[113,19],[50,45],[28,-12],[60,26],[44,-23],[86,5],[26,-20],[18,-36],[33,-34],[48,-145],[-7,-47],[8,-31],[33,-16],[132,-40],[85,-47],[116,-17],[77,15],[47,25],[44,39],[89,68],[1,18],[-27,46],[-22,13],[-73,-26],[-66,15],[-53,42],[-40,9],[-115,0],[-87,36],[-75,16],[-32,56],[-34,11],[-6,35],[-37,40],[-25,59],[-44,34],[-8,27],[21,55],[-15,69],[9,13],[96,-44],[58,-47],[83,-9],[40,-28],[47,-12],[62,48],[21,37],[6,60],[29,61],[9,41],[-29,27],[-18,55],[3,33],[41,55],[42,25],[88,3],[39,16],[-125,20],[-27,13],[-30,45],[-6,40],[96,27],[-4,57],[55,6],[12,19],[17,69],[27,14],[-8,67],[29,71],[-7,66],[44,41],[14,25],[27,-44],[14,-56],[-25,-84],[20,-37],[87,-2],[45,-27],[-20,-32],[-30,-11],[3,-42],[61,-20],[51,-2],[13,-11],[4,-53],[-23,-23],[-38,23],[-8,-35],[34,-30],[-10,-40],[30,-12],[-21,-86],[75,-58],[86,-32],[10,58],[25,32],[73,41],[21,20],[25,83],[29,71],[13,75],[28,73],[35,25],[-4,75],[18,50],[-4,26],[46,96],[41,10],[19,21],[3,62],[26,47],[20,76],[49,65],[9,27],[-4,43],[-47,52],[0,46],[23,35],[-12,29],[46,63],[63,26],[24,24],[44,66],[24,98],[23,70],[72,83],[38,8],[15,18],[29,79],[-29,59],[-8,34],[8,40],[-37,146],[44,-27],[10,-34],[20,-16],[75,20],[45,-1],[5,37],[52,74],[23,18],[37,67],[39,200],[-9,70],[8,12],[64,33],[18,23],[18,-13],[15,-91],[35,-43],[-1,-14],[-39,-58],[61,6],[31,-6],[10,-25],[-11,-23],[-56,-46],[5,-12],[56,8],[14,-7],[7,-53],[15,12],[5,40],[40,64],[48,3],[19,-38],[32,1],[20,26],[34,-7],[16,39],[32,6],[91,-86],[25,-18],[64,50],[86,34],[53,74],[8,27],[-11,27],[17,79],[24,51],[-5,35],[33,-12],[6,76],[73,-14],[2,-41],[44,-19],[57,44],[-8,43],[59,23],[2,-24],[22,-19],[37,-3],[52,-27],[111,-47],[25,16],[62,-6],[30,46],[42,1],[37,43],[29,59],[65,-31],[62,13],[1,60],[44,32],[-7,74],[32,21],[-13,82],[76,19],[18,12],[-4,55],[16,32],[40,42],[8,32],[-14,57],[-5,88],[-78,15],[-18,36],[-53,28],[-9,27],[34,83],[18,29],[26,6],[59,-15],[93,51],[21,148],[-54,18],[-4,72],[-23,64],[-73,25],[9,59],[-5,129],[-19,14],[-49,12],[-3,27],[70,26],[5,40],[-19,28],[62,21],[12,17],[11,100],[-4,41],[-56,6],[-19,15],[-45,4],[-24,20],[-30,-14],[-30,-45],[-30,28],[58,129],[-77,29],[2,68],[-28,4],[6,30],[30,-1],[2,27],[-78,7],[4,47],[-117,9],[3,61],[-11,45],[15,20],[-9,40],[13,43],[29,-4],[-8,95],[51,36],[175,17],[75,23],[23,-8],[61,5],[-8,27],[25,8],[11,-26],[47,21],[24,23],[-1,23],[74,85],[22,0],[20,31],[-5,55],[-22,-7],[-125,0],[-61,28],[-4,32],[12,91],[23,30],[6,124],[68,12],[53,44],[154,9],[25,56],[34,7],[10,21],[91,14],[12,39],[44,12],[-3,78],[7,19],[34,7],[11,25],[-6,85],[-1,163],[48,8],[11,12],[-8,92],[9,13],[69,14],[13,13],[135,6],[22,-5],[62,-93],[38,-7],[72,-28],[56,-14],[52,17],[13,-10],[56,44],[44,20],[46,0],[13,32],[29,1],[80,-17],[12,4],[58,-23],[92,-17],[39,-25],[59,11],[-8,55],[16,5],[-7,86],[34,92],[-17,9],[48,112],[-43,19],[45,106],[-10,23],[51,111],[0,45],[125,267],[37,-16],[64,161],[107,-41],[29,91],[-207,84],[-3,37],[42,-2],[28,26],[-16,5],[24,67],[73,180],[81,-31],[45,115],[20,14],[129,-51],[54,123],[129,-55],[58,125],[108,-46],[64,131],[100,-43],[53,119],[154,-64],[65,-31],[141,-60],[28,56],[46,-19],[11,25],[84,8],[60,-28],[27,60],[47,-17],[44,97],[85,-47],[8,101],[177,-8],[7,132],[252,-20],[10,135],[66,-4],[36,394],[-20,2],[71,523]],[[31892,45614],[62,-27],[209,-27],[27,-6],[250,-16],[32,18],[51,-9],[61,9],[49,20],[66,59],[32,-20],[-121,142],[84,70],[164,87],[2,-4],[-101,-54],[-58,-36],[-41,-35],[14,-16],[19,15],[25,-29],[11,9],[69,-74],[76,68],[-33,36],[56,49],[32,-35],[44,39],[-41,44],[-10,24],[70,-13],[47,6],[250,-94],[177,-52],[105,-12],[96,27],[53,-31],[69,-4],[47,34],[41,4],[46,-22],[44,7],[65,24],[62,-17],[52,12],[40,29],[37,-13],[96,1],[167,36],[56,75],[30,22],[43,-3],[74,-33],[90,-5],[135,32],[41,-10],[111,14],[242,36],[81,202],[35,149],[4,-1],[-35,-149],[-61,-151],[154,-38],[137,-23],[21,97],[45,177],[-106,107],[31,-25],[88,2],[70,63],[7,-7],[-72,-67],[-18,0],[-1,-51],[214,1],[-78,-7],[1,-70],[113,1],[-1,42],[140,1],[-1,94],[21,0],[1,38],[-177,36],[-35,3],[-171,35],[-26,0],[4,19],[424,-87],[1,-78],[10,-11],[47,-1],[79,25],[85,-17],[54,10],[55,-16],[77,-6],[71,20],[83,38],[70,11],[100,-24],[62,-10],[124,-30],[98,-37],[167,-26],[89,-21],[159,-56],[128,-39],[44,0],[103,-41],[146,-14],[127,-50],[27,5],[12,20],[77,20],[39,-33],[47,-6],[43,16],[69,-40],[113,0],[65,-14],[35,6],[55,-19],[59,23],[42,-10],[68,-1],[49,-31],[32,-1],[49,20],[58,-26],[24,5],[74,-26],[58,-1],[60,-29],[43,-4],[22,-15],[131,-34],[51,6],[32,-24],[51,-10],[162,-45],[48,-4],[65,-24],[135,-9],[24,34],[46,-8],[19,-35],[64,-24],[132,-32],[80,-10],[50,13],[64,0],[47,-22],[45,-9],[41,-21],[20,-34],[47,-21],[60,-17],[171,13],[13,-3],[39,95],[29,20],[128,19],[-5,-12],[-96,-15],[-48,-19],[-25,-59],[4,-23],[109,16],[-6,64],[17,2],[7,-42],[116,18],[8,-13],[39,2],[21,-66],[-25,-8],[33,-103],[54,17],[-24,72],[18,6],[-16,51],[-24,-7],[-15,41],[28,8],[-21,74],[-17,16],[-55,-5],[-58,36],[-2,11],[62,-40],[56,4],[27,-25],[12,-70],[69,26],[-32,62],[2,24],[-45,38],[-66,-2],[-4,14],[37,2],[50,-13],[125,0],[38,14],[63,-6],[94,6],[96,-7],[26,5],[59,-10],[32,14],[49,-4],[27,7],[68,-12],[34,6],[57,-23],[153,-10],[70,-22],[130,-22]],[[42416,45674],[-23,-112],[10,-57],[-4,-39],[-32,-84],[24,-85],[31,-31],[37,-12],[67,7],[81,28],[39,7],[114,-13],[63,-160],[31,-21],[68,-107],[60,-68],[60,-11],[135,11],[-1,92],[51,-4],[122,-51],[36,-34],[13,-85],[36,-38],[105,-149],[30,-79],[-11,-75],[-27,-107],[28,-52],[22,-19],[79,-46],[73,-31],[57,-31],[230,-38],[42,-16],[65,-74],[26,-68],[28,-42],[-27,-51],[-5,-73],[30,-67]],[[44179,43789],[-75,-72],[-50,-70],[-79,-125],[-24,-45],[9,-38],[-35,-13],[-29,-53],[11,-47],[45,-94],[4,-23],[38,-47],[46,-30],[83,-36],[225,-46],[-20,-123],[35,-4],[-12,-86],[86,-9],[10,-58],[29,-45],[58,-118],[-111,-12],[-1,-12],[-44,-7],[-36,-17],[-50,-8],[-3,-53],[-68,-8],[6,-57],[-179,-25],[-12,77],[-59,-6],[-15,61],[-110,-15],[-18,41],[-20,13],[-144,35],[-25,0],[-104,-32],[-99,8],[-77,-6],[-138,-2],[-29,5],[-117,163],[-133,-9],[-6,-66],[-113,8],[58,-355],[6,-144],[-1,-54],[9,-55],[67,-118],[49,-37],[34,-75],[111,-103],[-6,-35],[15,-35],[-79,-48],[-113,-29],[-68,5],[-103,1],[-41,9],[-97,42],[-22,14],[-33,-56],[-1,-47],[-57,-193],[-38,10],[-43,-85]],[[42476,41295],[-17,-3],[-61,18],[-56,-9],[-82,-65],[-71,-42],[-34,-3],[-115,50],[-27,-7],[-36,-43],[-25,-43],[12,-65],[4,-75],[-27,-36],[-119,-98],[-91,18],[-29,37],[90,295],[-64,49],[-74,71],[-42,46],[-39,-13],[-66,-43],[-52,-94],[-93,-7],[-8,-59],[-22,-9],[-144,-18],[0,-106],[-37,-57],[-98,0],[-25,-7],[-16,-60],[-40,-56],[-72,-56],[-32,-34],[-46,-31],[-46,-15],[-23,-22],[-11,-49],[-50,-56],[-16,-54],[-28,-28]],[[40648,40516],[-8,-44],[-23,-55],[-47,-62],[-54,-85],[-24,-53],[8,-37],[-11,-75],[-9,-122],[-12,-47],[-23,-39],[-80,11],[-46,-103],[-83,165],[-29,-72],[-44,-143],[-31,-70],[-51,0],[-21,75],[-261,-54],[-136,-17],[-227,-15],[69,-257],[132,-584],[56,-274],[71,-402],[47,-208],[39,-206],[32,-153],[17,-199],[-4,-100],[3,-184],[-9,-209],[-15,-315],[-13,-137],[-17,-436],[-5,-201],[-8,-226],[1,-69],[14,-285],[28,-157],[32,-96],[56,-212],[35,-141],[22,-65],[58,-135],[201,-432],[129,-174],[95,-153],[63,-140],[104,-176],[43,-65],[91,-88],[52,-63],[126,-163],[164,-222],[119,-170],[110,-212],[73,-117],[127,-161],[125,-147],[135,-141],[92,-91],[103,-143],[73,-119],[161,-279],[78,-141],[29,-65],[12,-45],[52,-99],[67,-115],[46,-96],[19,-56],[29,-127],[15,-188],[-2,-55],[8,-71],[28,-139],[78,-115],[29,-73],[30,-50],[117,-129],[83,-102],[99,-110],[104,-86],[124,-68],[164,-73],[95,-30],[36,-21],[105,-112],[29,-50],[55,-188],[60,-57],[96,-70],[85,-57],[144,-87],[38,-13],[126,-63],[78,-27],[94,-15],[188,-86],[43,-9],[89,0],[190,-16],[225,-62],[106,14],[50,-5],[87,-34],[56,-43],[158,-68],[48,-32],[64,-27],[112,-7],[95,9],[118,28],[125,47],[129,22],[78,8],[80,1],[65,-6],[142,-2],[36,-11],[58,0],[97,23],[85,47],[100,62],[70,27],[97,16],[80,23],[46,36],[81,40],[115,30],[84,34],[81,8],[103,33],[78,41],[158,-35],[78,-7],[63,3],[52,16],[82,40],[198,68],[92,16],[89,22],[41,19],[127,34],[96,9],[56,26],[101,2],[45,11],[91,33],[145,85],[130,65],[87,33],[91,20],[104,32],[86,33],[226,114],[96,30],[80,19],[35,-2],[260,-48],[33,-33],[38,-17],[126,-19],[319,9],[81,23],[100,17],[74,30],[59,35],[127,42],[27,19],[141,47],[53,4],[87,-32],[66,-16],[61,-27],[56,-34],[28,-34],[0,-75],[12,-98],[20,-71],[23,-17],[106,-9],[124,-43],[81,-32],[149,-28],[51,-29],[134,-153],[85,-55],[46,-57],[86,-60],[33,-39],[47,-80],[40,-50],[25,-15],[112,-122],[51,-22],[73,6],[97,20],[57,-4],[64,-32],[110,-105],[29,-10],[149,-36],[76,-2],[94,-31],[37,-22],[59,-52],[72,-33],[26,-23],[73,-92],[75,-74],[107,-78],[102,-51],[36,-8],[84,1],[58,-5],[90,11],[86,47],[147,40],[69,14],[58,-10],[112,-60],[76,-12],[42,-25],[68,-63],[61,17],[59,-3],[31,-13],[18,-23],[74,-60],[22,-58],[24,-30],[74,-62],[50,-29],[105,-47],[31,-56],[53,-63],[32,-79],[54,-70],[28,-16],[57,10],[50,-30],[49,-68],[52,-29],[111,11],[34,34],[54,34],[21,27],[38,23],[53,-6],[35,-34],[65,-80],[39,-100],[28,-30],[19,-44],[39,-28],[32,-9],[80,-3],[20,-18],[23,-66],[76,-46],[30,-60],[64,-44],[38,-101],[-9,-53],[0,-59],[-22,-37],[-58,-44],[-17,-30],[-7,-41],[29,-34],[73,-56],[53,-68],[44,-24],[144,-20],[37,-17],[127,-14],[73,25],[34,-6],[59,-44],[30,-14],[74,-2],[39,-16],[79,-53],[49,-50],[22,-12],[39,1],[53,-12],[31,30],[68,15],[26,14],[60,58],[44,-3],[30,13],[26,60],[40,26],[40,2],[58,18],[75,78],[86,28],[86,-1],[101,-21],[49,9],[81,48],[67,19],[65,5],[78,-14],[48,17],[34,1],[64,-58],[44,6],[53,-14],[57,18],[129,-46],[55,-48],[20,-26],[0,-68],[16,-40],[1242,441],[6,34],[34,63],[24,26],[95,56],[83,41],[30,31],[25,7],[82,1],[37,7],[56,-14],[61,11],[61,-3],[58,36],[49,5],[27,38],[70,77],[33,10],[49,40],[25,10],[59,0],[93,15],[53,1],[67,-11],[103,-26],[77,-30],[24,-2],[66,28],[61,-28],[73,-7],[90,52],[36,8],[109,7],[60,-2],[72,-12],[52,-16],[145,-25],[102,-24],[56,-28],[86,-27],[30,3],[25,-23],[17,-50],[31,-27],[53,-67],[72,-70],[55,-17],[75,-57],[110,-31],[108,-66],[100,-80],[26,-38],[47,-100],[1724,-1010],[1949,-1150],[37,-26],[1,-28],[-41,-36],[-3,-36],[57,-52],[13,-24],[72,-42],[85,-1],[78,-38],[36,-11],[83,-94],[25,-40],[40,-27],[92,-36],[55,-6],[29,6],[35,37],[55,16],[33,22],[15,26],[62,40],[75,61],[80,23],[34,20],[71,67],[39,66],[55,37],[36,15],[50,-1],[95,16],[104,50],[64,52],[41,7],[71,-10],[84,7],[35,-13],[39,22],[59,16],[59,77],[44,2],[64,-61],[26,-9],[70,7],[30,-5],[111,-51],[88,-20],[9,-33],[21,-21],[72,-46],[94,-83],[91,-44],[117,-13],[74,-23],[39,-30],[110,-29],[97,-59],[65,-20],[38,-22],[75,-28],[67,-13],[87,-50],[43,-10],[96,3],[93,39],[33,26],[31,84],[42,27],[32,35],[55,37],[23,25],[28,109],[21,51],[29,30],[24,88],[21,48],[44,70],[34,19],[61,14],[106,16],[39,-7],[86,-43]],[[72440,23799],[-11,-75],[-59,-112],[3,-54],[39,-83],[21,-35],[-3,-66],[63,-186],[45,-56],[28,-55],[-1,-52],[15,-55],[-65,-6],[-87,-23],[-26,-34],[-68,-32],[-24,-27],[-17,-44],[-36,-36],[-70,-10],[-100,-28],[-68,-43],[-77,-17],[-25,-20],[2,-49],[-50,-38],[-75,-128],[-55,-44],[-14,-37],[-10,-64],[-38,-2],[-47,13],[-43,36],[-21,45],[-4,30],[-32,79],[-46,45],[-94,42],[-75,-7],[-105,19],[-76,-12],[-91,8],[-33,-27],[-12,-48],[-22,-16],[-131,-15],[-41,24],[-54,13],[-66,32],[-53,16],[-81,4],[-46,13],[-69,47],[-40,7],[-22,-62],[-23,-31],[-27,-125],[-51,-29],[-6,-27],[-104,-54],[-40,-4],[-94,-41],[-77,-15],[-82,26],[-72,-34],[-61,-65],[-38,-107],[-1,-66],[-19,-61],[-71,-39],[-11,-32],[25,-109],[-7,-121],[-20,-66],[-2,-93],[19,-99],[-3,-51],[-26,-40],[15,-89],[13,-38],[-5,-88],[14,-33],[17,-96],[19,-41],[-38,-91],[-15,-78],[-15,-38],[-45,-56],[-94,28],[-61,37],[-57,5],[-34,-9],[-153,5],[-95,-20],[-94,-48],[-77,-9],[-40,-27],[-56,-56],[-65,-32],[-77,-66],[-40,-44],[-69,-95],[-8,-41],[-32,-51],[-51,-50],[-6,-19],[-2,-92],[15,-49],[-15,-77],[5,-42],[-18,-70],[-21,-51],[9,-73],[-2,-56],[-22,-118],[-38,-116],[11,-64],[59,6],[39,-86],[23,-74],[51,-4],[10,-62],[-7,-69],[26,-58],[-11,-72],[94,-100],[20,-34],[25,-85],[40,-106],[74,-107],[6,-18],[-25,-32],[-35,-24],[-1,-175],[-6,-44],[-47,-83],[-12,-32],[-31,-156],[1,-80],[24,-62],[-5,-34],[15,-120],[39,-60],[-15,-27],[-3,-113],[-26,-43],[-47,-21],[-101,-20],[-106,0],[-110,-157],[-56,-116],[-14,-53],[-151,-18],[-52,-21],[-29,17],[-91,-6],[-10,-67],[-32,-65],[-28,-28],[-38,-72],[-3,-51],[11,-92],[-35,-70],[-27,-109],[-40,-51],[-26,-18],[-106,-115],[-45,-33],[-38,-50],[-5,-36],[12,-65],[-4,-79],[-40,-90],[-14,-79],[-36,-84],[5,-119],[10,-33],[-33,-82],[8,-90],[-12,-95],[-66,16],[-17,-99],[-13,-41],[-2,-143],[51,-119],[6,-73],[-15,-53],[-51,-84],[-56,-110],[11,-85],[-129,-102],[-52,-60],[-31,-21],[-13,-29],[-6,-61],[-20,-47],[-28,-12],[-73,-17],[-33,0],[-60,-42],[-114,-37],[-70,-13],[-105,2],[-67,-13],[-79,6],[-41,21],[-88,7],[-40,-16],[-29,-23],[-33,-46],[-20,-10],[-43,-44],[-8,-40],[-99,-126],[-41,-29],[-35,-41],[-40,-79],[-86,-53],[-47,-5],[-70,8],[-44,-2],[-32,11],[-84,60],[-118,24],[-41,-13],[-276,0],[-9,-18],[19,-40],[67,-91],[-48,-67],[-34,-72],[2,-59],[23,-41],[-69,-82],[-35,-60],[4,-34],[21,-34],[-13,-23],[-144,-30],[-69,-37],[-35,-54],[-21,-89],[0,-186],[46,-74],[22,-69],[26,-138],[36,-71],[-17,-107],[8,-122],[-10,-18],[-56,-45],[-74,-34],[-60,-54],[-63,-48],[-97,-90],[-59,-68],[-65,-125],[-68,-88],[-16,-70],[-19,-30],[-86,-100],[-30,-19],[-75,-29],[-76,-18],[-40,-18],[-12,-32],[16,-49],[-33,-126],[-13,-28],[-49,-51],[-18,-74],[-69,-9],[-142,2],[-63,6],[-60,14],[-58,-1],[-34,-1],[-40,13],[-48,-14],[-44,21],[-47,53],[-68,4],[-111,36],[-93,8],[-38,31],[-52,15],[-129,104],[-47,28],[-71,2],[-102,-16],[-87,-27],[-59,1],[-22,-14],[-27,-40],[-123,-269],[-28,-8],[-164,36],[-45,2],[-97,-29],[-50,-29],[-157,-48],[-110,-31],[-38,-4],[-88,21],[-138,-66],[-116,55],[-190,28],[-163,41],[-104,37],[-265,110],[-119,-8],[-105,-34],[-79,40],[-64,12],[-62,47],[-47,17],[-127,31],[-18,23],[-13,46],[-20,10],[-21,40],[-15,85],[-19,25],[-11,41],[-51,27],[-99,121],[-60,91],[-51,61],[-50,43],[-93,56],[-48,7],[-61,27],[-26,39],[-7,66],[-28,89],[-16,21],[-44,120],[-61,43],[-31,36],[-40,11],[-133,6],[-66,-16],[-55,16],[-47,4],[-35,15],[-13,69],[-18,45],[-53,44],[-174,45],[-77,-1],[-44,25],[-69,80],[-57,100],[-86,107],[-34,87],[-43,61],[-47,41],[-68,21],[-6,11],[12,87],[3,69],[-5,72],[-10,17],[-64,26],[-19,32],[-4,47],[-18,61],[-69,54],[-9,67],[-17,47],[-5,45],[3,84],[-18,75],[20,91],[-9,139],[-31,51],[-12,67],[-68,70],[-105,32],[-171,1],[-35,-10],[-49,1],[-48,21],[-67,42],[-36,56],[-359,-6],[-74,41],[-75,8],[-56,-7],[-78,-45],[-286,-160],[-63,-33],[-29,-3],[-107,6],[-70,-6],[-46,12],[-58,6],[-98,-4],[-146,6],[-99,-8],[-46,10],[-106,38],[-80,6],[-38,11],[-75,-1],[-43,31],[-55,27],[-217,42],[-39,-4],[-17,-50],[-9,-82],[-37,-90],[-3,-45],[-13,-23],[-81,-55],[-72,-90],[-13,-34],[-43,-59],[-14,-50],[-76,-121],[-12,-45],[-50,-56],[-70,-45],[-59,-22],[-99,-58],[-81,-61],[-40,-42],[-41,-25],[-43,-55],[-45,-9],[-70,-43],[-31,-78],[-129,27],[-45,4],[-82,30],[-104,61],[-154,103],[-58,50],[-67,83],[-25,15],[-43,-4],[-84,-28],[-40,7],[-18,27],[-3,38],[-36,20],[-91,-69],[-74,-75],[-137,-220],[-21,10],[-31,56],[-26,28],[-49,31],[-51,3],[-75,-6],[-32,22],[-27,43],[-64,70],[-52,18],[-18,78],[3,69],[-34,24],[-68,-17],[-28,14],[-99,148],[-16,50],[-45,60],[-91,31],[-110,2],[-70,56],[-56,1],[-127,-43],[-103,-22],[-95,-45],[-38,17],[-2,60],[-22,70],[-18,26],[-40,32],[-32,10],[-109,6],[-89,18],[-74,-11],[-109,16],[-39,46],[-54,95],[-25,21],[-75,16],[-19,16],[-26,51],[-34,26],[-33,3],[-97,-10],[-74,-26],[-87,1],[-203,-55],[-51,-8],[-33,4],[-36,19],[-60,56],[-103,26],[-96,53],[-94,36],[-56,31],[-17,22],[-24,155],[-85,113],[-59,25],[-32,81],[-71,103],[-32,28],[-61,24],[-36,27],[-26,71],[-75,39],[-19,18],[-57,133],[-60,20],[-25,25],[-1,37],[19,37],[7,94],[-3,89],[-31,55],[-1,41],[17,45],[-35,97],[25,46],[11,49],[-11,75],[3,84],[-14,72],[6,64],[-30,228],[11,30],[52,55],[50,112],[-5,47],[-43,122],[-23,117],[-31,213],[-8,28],[-28,29],[-65,45],[-39,83],[-39,55],[-20,14],[-79,31],[-15,12],[-79,108],[-24,-3],[-1,-73],[-12,-30],[-48,-69],[13,-47],[-5,-24],[-34,-26],[-55,-14],[-127,-93],[-43,-12],[-78,70],[-41,-5],[-57,-62],[-17,-37],[-30,-29],[-91,-3],[-33,-25],[-40,-8],[-81,24],[-54,-91],[-22,-55],[-53,-62],[-96,-40],[-39,7],[-47,52],[-34,21],[-84,-15],[-53,57],[-29,5],[-50,-12],[-133,-15],[-2,25],[-27,-2],[1,-32],[-86,-32],[-68,-42],[-57,-64],[-85,-86],[-20,-9],[-89,2],[-124,-54],[-81,-14],[-77,-4],[-3,-100],[-10,-34],[-33,-70],[-14,-80],[-30,-21],[-44,-48],[-14,-33],[-32,-39],[-30,-21],[-33,-45],[-33,-120],[-16,-34],[14,-44],[24,-46],[62,-69],[14,-44],[15,-117],[-16,-76],[1,-90],[-47,-115],[-46,-50],[-102,-41],[-130,-34],[-37,-49],[-87,-8],[-54,1],[-35,-16],[-75,-5],[-8,-51],[32,-30],[3,-50],[-33,-38],[-85,6],[-47,25],[-40,33],[-49,59],[-67,-23],[-87,47],[-102,-115],[-42,-24],[-29,4],[-45,24],[-63,-6],[-58,6],[-146,0],[-26,9],[-89,48],[-43,-20],[-74,-101],[-84,-67],[-52,-64],[-37,-28],[-10,-31],[5,-45],[-46,-29],[-86,-5],[-87,40],[-70,54],[-14,4],[-97,-58],[-39,-27],[-30,-56],[-44,-42],[-34,-18],[-108,-24],[-62,6],[-76,-3],[-28,-58],[-48,-45],[-73,-86],[-62,-17],[-40,-47],[-52,-25],[-43,-41],[-9,-36],[-35,-21],[-71,-1],[-75,10],[-56,37],[-108,-10],[-72,24],[-61,-13],[-28,7],[-43,30],[-111,132],[-57,40],[-46,48],[-31,47],[-33,75],[-34,40],[-18,58],[8,36],[-9,63],[11,66],[-71,-4],[-39,11],[-47,35],[-38,67],[-2,67],[31,81],[-23,30],[-93,68],[-9,29],[11,36],[65,40],[51,49],[29,56],[43,15],[49,-2],[9,24],[-17,49],[7,47],[46,77],[39,9],[86,3],[26,62],[18,19],[96,-26],[7,75],[122,17],[-57,122],[-23,92],[-52,66],[-10,26],[19,39],[87,56],[16,33],[11,53],[1,89],[-30,74],[-6,36],[24,28],[61,17],[30,51],[32,30],[40,15],[65,0],[51,21],[44,50],[-2,26],[-30,93],[-56,255],[-8,145],[-11,92],[5,77],[64,107],[8,47],[-30,65],[-18,18],[-123,13],[-61,-6],[-81,8],[-56,32],[-53,18],[-32,24],[-58,17],[-29,18],[-104,48],[-22,23],[-10,62],[-11,6],[-98,-5],[-50,14],[-80,-47],[-52,-43],[-38,-64],[-60,-42],[-34,1],[-54,22],[-113,-47],[-15,-17],[-20,-67],[-23,-20],[-41,-72],[-9,-76],[-45,-49],[-57,-9],[-182,82],[-146,43],[-43,30],[-64,21],[-97,-22],[-101,7],[-60,19],[-67,41],[-57,83],[-12,7],[-92,-16],[-34,-14],[-47,20],[-59,85],[-50,13],[-23,34],[-62,70],[-17,42],[-40,47],[-34,13],[-145,-1],[-63,38],[-97,-23],[-43,-20],[-53,-44],[-97,-63],[-91,-78],[-52,-33],[-39,-16],[-163,-33],[-77,-40],[-125,-76],[-60,-26],[-100,-74],[-68,-74],[-103,-27],[-19,-17],[-17,-42],[-10,-139],[-16,-43],[-25,-39],[-40,-36],[-33,-43],[-91,-68],[-38,-19],[-85,-25],[-64,-32],[-8,-37],[-72,-69],[-68,-77],[-28,13],[-2,65],[-38,54],[-26,61],[-13,76],[-59,89],[-158,108],[-23,46],[27,42],[3,43],[-15,61],[-17,36],[-28,30],[-82,53],[-53,52],[-81,49],[-22,30],[-16,42],[-7,66],[-41,5],[-87,-55],[-88,-77],[-73,-107],[-112,-116],[-42,-50],[-119,-224],[-41,-71],[-3,-52],[-17,-114],[-20,-50],[-60,-65],[-120,-98],[-74,-68],[-55,-116],[-14,-16],[-57,-103],[-34,-51],[-98,-66],[-65,-118],[-25,-30],[-55,-23],[-162,-2],[-87,10],[-258,-16],[-87,-17],[-117,-34],[-29,-33],[-25,-130],[-18,-45],[-62,-113],[-64,-78],[-108,-75],[-79,-13],[-16,6],[-57,55],[-78,15],[-65,-22],[-43,-24],[-52,-77],[-11,-202],[10,-130],[2,-98],[16,-49],[28,-49],[35,-87],[-1,-30],[-37,-59],[-58,-26],[-33,0],[-101,42],[-60,4],[-19,9],[-68,71],[-32,11],[-56,-39],[-25,-54],[-17,-75],[-6,-79],[-11,-42],[-24,-43],[-54,-40],[-64,-13],[-12,21],[-18,75],[0,58],[-19,115],[-12,96],[-6,106],[10,76],[25,52],[-25,180],[-2,86],[-46,75],[-110,122],[-59,48],[-85,59],[-46,81],[-49,57],[-61,180],[-33,141],[-7,80],[-18,26],[-79,4],[-61,14],[-49,22],[-81,22],[-37,42],[-76,67],[-21,42],[-2,25],[42,59],[36,62],[-1,71],[-7,38],[-4,112],[38,88],[-37,49],[-88,51],[-83,42],[2,60],[-79,-26],[-79,-61],[-97,-15],[-114,-57],[-65,-8],[-16,-21],[-121,-27],[-82,-10],[-75,-34],[-168,-15],[-29,7],[-41,46],[-54,7],[-4,105],[-22,16],[-23,-10],[-89,-150],[-61,-141],[-47,-75],[-16,-15],[-35,17],[-40,75],[-16,43],[-19,94],[-19,26],[-78,76],[-47,35],[-46,72],[-52,-1],[-43,11],[-48,35],[-58,27],[-39,4],[-135,-18],[-47,-49],[-47,-35],[-61,-17],[-63,22],[-53,59],[-40,60],[-47,51],[-59,30],[-24,1],[-78,-18],[-7,-31],[-76,-126],[8,-69],[-38,-70],[-86,-69],[-48,-17],[-35,-68],[-49,-153],[-31,-75],[-13,-12],[-91,-40],[-42,-40],[-15,-48],[-20,-16],[-49,0],[-40,16],[-55,0],[-43,-16],[-65,-38],[-63,-25],[-30,-32],[-90,-65],[-57,-6],[-89,20],[-30,-4],[-47,-46],[8,-27],[-40,-69],[-32,-35],[-50,-26],[-35,-67],[26,-81],[-4,-30],[23,-56],[8,-119],[36,-82],[7,-57],[-40,-38],[-73,-10],[-55,25],[-124,-38],[-85,-11],[-70,7],[-58,-14],[-95,-97],[-44,-74],[-39,-79],[-46,-30],[-94,-24],[-48,-2],[-2,-49],[-40,-35],[3,-68],[30,-22],[-8,-66],[-28,-43],[-57,-44],[-50,-100],[-39,-52],[1,-19],[29,-45],[-17,-77],[-54,-44],[-5,-33],[-100,-93],[-20,-95],[-5,-120],[-57,-48],[-62,-67],[-142,-56],[-27,-90],[-32,-131],[-26,-21],[-20,-44],[-7,-57],[-22,-69],[-38,-54],[-100,-49],[-32,11],[-22,53],[-53,81],[-67,26],[-90,10],[-13,-13],[-39,-120],[-39,-98],[-69,-26],[-44,3],[-100,-21],[-85,-2],[-59,-22],[-31,-43],[-23,-65],[-51,-29],[-35,-59],[7,-126],[-37,-30],[-28,-81],[-60,-63],[-8,-24],[42,-76],[9,-70],[33,-59],[-1,-33],[-67,-40],[-54,-61],[-65,-43],[-68,-31],[-33,-34],[-61,-33],[-11,-14],[-36,-97],[-18,-175],[-29,-39],[-69,-36],[-57,-45],[-4,-22],[12,-99],[-26,-14],[-33,10],[-65,3],[-79,34],[-76,-2],[-42,-16],[-29,-41],[-56,14],[-39,31],[-55,-13],[-31,-27],[-49,-92],[-39,-41],[-107,-54],[-34,-27],[-17,-31],[17,-102],[45,-70],[87,-72],[52,-51],[25,-40],[30,-167],[-7,-34],[-25,-49],[-2,-24],[67,-86],[-15,-148],[-21,-121],[22,-64],[0,-45],[-43,-97],[-26,-7],[-151,-20],[-69,-19],[-38,-38],[-97,-32],[-53,-4],[-183,9],[-32,20],[-18,48],[-99,19],[-84,23],[-30,0],[-167,-27],[-19,1],[-143,57],[-43,2],[-86,-41],[-79,-21],[-42,-32],[-33,-85],[-23,-35],[-110,-8],[-16,-8],[-55,-92],[-26,-29],[-58,-21],[-36,-23],[-16,-22],[-29,-117],[-54,-86],[-54,-22],[-86,-18],[-36,-27],[-52,-63],[-28,-52],[-39,-32],[-62,-28],[-171,-22],[-110,-26],[-88,-33],[-37,-31],[-65,-41],[-24,-40],[-55,-108]],[[22468,9207],[-57,-24],[-81,-1],[-79,-21],[-14,-39],[-42,-8],[-71,4],[-35,-16],[-31,-53],[-98,-21],[-95,-31],[-12,2],[-76,104],[-40,1],[-42,-13],[-15,22],[-1,50],[-22,20],[-66,29],[-7,12],[-6,101],[42,37],[22,60],[29,54],[23,65],[42,86],[35,42],[-35,87],[2,70],[-14,48],[-20,26],[-2,70],[28,66],[22,16],[63,7],[22,20],[11,59],[-3,100],[-18,31],[2,43],[48,37],[27,61],[5,102],[21,55],[18,23],[87,17],[56,37],[25,49],[-3,84],[10,88],[-14,110],[6,42],[42,26],[9,45],[0,95],[19,41],[62,41],[23,41],[0,56],[45,69],[59,33],[12,47],[37,70],[37,48],[1,100],[-16,23],[-34,87],[-6,66],[-12,37],[-42,48],[-6,51],[19,156],[-7,57],[8,42],[-1,62],[-30,96],[-28,38],[-1,44],[47,48],[15,57],[4,68],[31,52],[19,56],[-4,33],[-21,21],[-49,22],[-29,54],[-30,24],[10,47],[73,149],[34,39],[23,85],[41,71],[-1,50],[-38,19],[-26,42],[17,49],[26,32],[56,43],[47,79],[33,37],[-8,64],[14,29],[-4,43],[22,66],[-10,85],[90,53],[43,52],[14,146],[16,52],[3,47],[-9,45],[-32,47],[-21,13],[-52,56],[-7,24],[-36,38],[-63,4],[-58,33],[-98,105],[-8,21],[-5,133],[-8,83],[-14,46],[-3,80],[-13,83],[-21,59],[-30,14],[-30,38],[-17,36],[-28,16],[-32,46],[-2,28],[27,40],[64,54],[3,33],[-20,48],[11,79],[20,37],[2,64],[11,15],[84,37],[47,44],[49,14],[51,60],[20,56],[28,31],[4,50],[33,100],[-3,85],[5,16],[74,65],[59,90],[38,37],[60,40],[19,28],[-9,84],[6,33],[60,129],[-1,36],[-29,71],[-5,50],[-33,137],[-1,38],[-29,24],[-12,26],[13,78],[-9,47],[-56,100],[-6,58],[-57,111],[-14,127],[-30,47],[-65,17],[-25,19],[-56,87],[-23,130],[-11,33],[0,47],[-18,54],[5,72],[46,56],[-27,116],[38,89],[49,36],[21,43],[-15,104],[-21,40],[4,35],[-50,47],[-72,7],[-16,12],[-60,174],[-2,44],[-34,76],[-100,161],[-17,24],[-6,69],[20,118],[-9,36],[-50,86],[-8,38],[-4,76],[-31,242],[-31,65],[-18,54],[-11,60],[2,42],[24,102],[-39,118],[2,75],[-8,90],[-19,48],[-17,100],[27,45],[4,87],[28,63],[20,64],[-7,23],[-84,83],[-33,63],[-45,22],[-43,49],[-44,34],[58,68],[-2,30],[-26,29],[-7,46],[1,101],[-5,75],[-9,31],[-37,23],[-67,21],[-47,49],[-80,43],[-45,68],[-14,87],[-113,11],[-53,-1],[-140,-38],[-93,5],[-96,-42],[-91,2],[-58,-23],[-69,-102],[-20,-64],[-43,-53],[-50,-48],[-19,-29],[-10,-45],[-36,-24],[-62,-58],[-51,-26],[-55,20],[-36,0],[-24,-15],[-47,-51],[-124,91],[-13,57],[-83,96],[-14,46],[6,65],[-4,52],[-20,100],[9,66],[11,26],[48,70],[80,92],[113,206],[55,59],[89,179],[24,13],[43,40],[25,58],[-8,63],[-16,55],[-15,111],[34,100],[-7,223],[5,61],[-22,92],[-5,129],[-13,92],[-34,58],[-2,34],[15,28],[4,39],[-35,38],[-10,47],[24,98],[20,48],[5,58],[-4,69],[-23,46],[1,80],[-32,47],[-26,113],[-8,111],[11,31],[61,68],[51,183],[48,71],[30,62],[48,70],[50,87],[15,41],[4,46],[-47,52]],[[32864,46005],[5,-7],[-76,-44],[-4,7],[75,44]],[[12038,38741],[-45,103],[-115,71],[-29,27],[-25,59],[-6,78],[-32,67],[-4,119],[-144,3],[-31,27],[-135,9],[-10,-11],[-9,-114],[6,-6],[103,-5],[-5,-94],[-109,8],[-15,-55],[-55,3],[-3,-37],[-71,0],[-8,-39],[-23,-6],[-5,-25],[-119,10],[4,42],[-129,10],[12,127],[-27,10],[18,220],[-102,4],[-4,-19],[-32,-4],[-80,9],[23,58],[-8,24],[-56,57],[-6,15],[33,27],[1,22],[-21,40],[-33,32],[-14,94],[3,65],[8,10],[38,154],[8,58],[55,186],[-2,31],[-19,50],[-38,16],[-41,5],[-81,-12],[-28,9],[-94,93],[-42,37],[-31,-11],[-168,-95],[-156,-107],[-62,-26],[-86,-47],[-41,-8],[-58,2],[-88,-13],[-90,0],[-113,-21],[-59,-37],[-13,28],[-53,-23],[-43,116],[-2,116],[47,107],[-15,50],[-31,66],[-7,41],[-73,24],[-43,45],[-26,48],[-30,25],[-99,55],[11,81],[-3,37],[-34,67],[-2,47],[18,49],[-21,90],[10,45],[46,31],[11,28],[-8,85],[15,37],[-9,96],[-37,40],[-13,64],[-26,42],[-2,32],[-33,64],[4,77],[-8,19],[-41,-29],[-36,-8],[-57,-49],[-20,-4],[-78,13],[-108,-27],[-21,11],[-10,57],[-50,10],[-35,30],[-105,6],[-33,-22],[-64,-3],[-14,42],[-73,42],[-49,86],[-35,33],[-216,98],[-56,50],[-56,15],[-66,79],[-60,79],[-58,66],[-24,56],[9,72],[-13,25],[-78,58],[-76,22],[-62,51],[-33,10],[-72,-23],[-54,-37],[-57,-51],[-30,-61],[-29,-10],[-38,35],[-67,97],[-43,27],[24,117],[-44,40],[-41,98],[1,56],[32,52],[-6,17],[-60,20],[3,74],[-78,20],[-33,-2],[-15,33],[38,28],[46,9],[-27,64],[-29,17],[-46,-17],[-17,33],[59,65],[-27,26],[-57,-30],[-72,-21],[-66,4],[-60,-7],[-39,-47],[-43,-18],[-30,8],[-32,24],[-21,44],[-22,120],[-39,95],[-24,12],[-69,-9],[-38,-25],[-29,2],[-42,29],[-100,-11],[-22,-8],[-139,-10],[-51,13],[-60,46],[-43,-23],[-52,6],[-19,-15],[-51,15],[0,23],[-95,43],[-7,93],[-54,106],[-67,60],[-73,137],[-22,61],[-25,37],[-89,49],[-152,42]],[[5042,44210],[57,21],[85,71],[42,30],[55,15],[62,9],[136,45],[29,25],[21,55],[32,36],[0,44],[49,76],[9,48],[-8,82],[80,50],[30,31],[-4,29],[14,48],[68,83],[41,107],[52,5],[10,29],[4,120],[40,130],[49,61],[174,155],[28,49],[51,49],[21,57],[14,132],[18,27],[5,80],[13,59],[-5,107],[12,45],[57,165],[11,42],[-15,107],[27,72],[75,71],[51,87],[-10,48],[-60,87],[-20,17],[-117,67],[-71,66],[-15,29],[0,60],[15,112],[-28,91],[-97,76],[-71,17],[-17,11],[-33,50],[-47,54],[-66,120],[-49,57],[-35,57],[-10,34],[-9,94],[6,37],[27,25],[186,73],[93,43],[69,57],[6,31],[26,30],[72,65],[80,46],[31,28]],[[6388,48346],[3,-26],[42,-45],[47,-28],[84,-15],[95,2],[60,-20],[49,-31],[62,33],[95,33],[52,8],[73,-28],[61,-55],[100,-48],[85,10],[92,-8],[57,3],[59,-16],[103,-65],[121,-47],[87,-3],[45,-45],[84,-16],[38,0],[47,-23],[89,-30],[22,43],[75,51],[33,13],[43,-8],[26,-36],[19,-8],[51,6],[37,19],[15,36],[50,80],[-18,30],[-54,22],[40,43],[98,64],[21,-11],[47,-112],[24,-43],[63,-45],[8,-14],[110,-83],[20,14],[18,60],[70,72],[32,94],[128,-63],[65,-6],[40,-59],[84,-77],[8,-13],[-31,-220],[-5,-81],[-39,-189],[74,-12],[31,-16],[70,-66],[122,-84],[21,-59],[90,-13],[18,-53],[108,-37],[54,-10],[62,6],[59,63],[24,12],[83,-16],[51,-46],[19,-6],[46,16],[18,25],[16,83],[18,27],[66,70],[50,35],[30,61],[92,99],[43,39],[92,69],[63,71],[23,8],[34,-17],[74,-121],[44,-43],[38,-140],[58,-147],[30,-27],[80,-7],[99,-37],[84,-17],[93,-47],[52,-11],[23,-27],[15,-57],[35,-24],[65,-14],[75,-8],[34,13],[34,28],[19,34],[22,14],[71,-99],[56,-45],[110,0],[53,-47],[20,-59],[15,-20],[99,-14],[48,-14],[44,-49],[17,-2],[70,23],[74,50],[35,35],[7,73],[83,78],[49,1],[30,11],[-5,170],[6,8],[130,18],[54,-58],[52,-18],[126,23],[65,39],[73,-15],[21,20],[47,103],[24,27],[55,29],[106,33],[23,18],[51,77],[71,147],[-4,46],[27,51],[39,35],[93,34],[69,61],[89,58],[82,21],[51,-6],[67,-49],[29,10],[23,27],[88,73],[-12,45],[25,151],[-12,26],[-84,75],[-90,58],[-59,72],[21,23],[54,-11],[38,4],[21,15],[59,79],[29,47],[73,24],[54,0],[35,20],[68,92],[59,12],[42,-18],[45,-46],[74,-38],[48,-31],[39,-52],[6,-80],[28,-60],[15,-60],[-6,-66],[2,-152],[68,-121],[-12,-63],[9,-12],[78,-29],[62,-15],[98,-6],[30,54],[-18,51],[5,39],[33,54],[9,48],[92,33],[40,85],[70,3],[48,63],[30,29],[96,19],[65,31],[39,0],[6,14],[112,96],[115,40],[193,98],[24,48],[55,19],[60,-3],[77,-37],[29,-55],[127,-11],[41,-27],[47,11],[74,-10],[34,-28],[46,2],[37,52],[35,28],[3,49],[-32,61],[13,20],[44,20],[4,46],[30,59],[37,11],[16,48],[35,24],[8,22],[-9,41],[14,26],[38,3],[73,-61],[59,-34],[125,-14],[102,-5],[26,7],[43,54],[56,36],[28,53],[11,60],[18,14],[79,-10],[38,7],[30,-8],[40,7],[40,24],[74,13],[103,-56],[39,-32],[35,-74],[-8,-74],[70,-6],[70,19],[66,-19],[41,-5],[43,28],[37,80],[84,-15],[107,-83],[58,1],[41,-9],[53,-31],[60,-54],[58,-21],[69,-45],[31,10],[38,-4],[160,-98],[30,-14],[123,-24],[52,-21],[-2,26],[-21,23],[-51,26],[-31,69],[8,89],[-7,47],[0,58],[16,23],[36,5],[76,-18],[43,33],[50,88],[43,36],[17,92],[29,52],[-4,29],[-89,91],[-83,40],[-27,24],[-62,152],[-77,104],[-25,75],[-40,-20],[-13,-32],[-24,-15],[-31,3],[-51,-11],[-25,5],[-85,40],[-59,21],[-91,-5],[-18,15],[-12,36],[-47,20],[-57,-4],[-44,-17],[-57,14],[-29,30],[-4,45],[-17,38],[-108,82],[-40,42],[-52,79],[-29,62],[-22,67],[-12,60],[16,55],[-59,60],[3,68],[63,6],[104,31],[75,3],[69,81],[-5,35],[-17,16],[-74,-39],[-94,-4],[6,18],[86,23],[30,19],[24,52],[-12,60],[20,7],[4,-27],[127,-22],[80,-44],[-4,-93],[16,-31],[49,-2],[14,31],[-19,104],[10,42],[20,30],[12,46],[3,52],[-20,46],[-29,37],[16,64],[27,12],[27,-12],[5,-67],[77,-30],[13,17],[-1,36],[39,-13],[42,22],[75,-91],[16,-3],[40,35],[34,67],[-4,37],[-19,43],[38,55],[2,95],[-94,4],[-21,102],[18,140],[15,147],[72,-11],[97,-27],[32,7],[-206,161],[170,236],[229,311]],[[19240,52351],[292,-241],[72,-35],[64,-18],[24,-46],[46,-33],[57,-24],[28,-44],[47,-53],[96,-65],[153,-123],[68,-28],[76,13],[17,-24],[131,32],[57,-2],[-70,-6],[-79,-19],[23,-90],[68,16],[21,-17],[45,17],[-26,-21],[-41,-8],[49,-45],[15,16],[21,-42],[43,-37],[24,-50],[38,-31],[32,-7],[84,-36],[56,-50],[94,-34],[55,-44],[82,-16],[-13,-45],[148,-80],[69,-28],[53,-44],[121,-53],[34,3],[4,-40],[94,-79],[27,-10],[22,-34],[40,-107],[41,-58],[48,-41],[108,-66],[73,-64],[39,-3],[-16,-43],[23,-85],[28,-6],[26,-39],[9,-65],[39,-60],[80,-46],[36,-59],[29,-29],[57,-4],[-53,-51],[4,-13],[170,-177],[100,94],[5,11],[-28,348],[6,1],[30,-358],[61,-63],[305,288],[394,-400],[65,62],[6,-6],[-245,-231],[-1,2],[-132,-126],[18,1],[69,-73],[51,-38],[119,-122],[-7,-14],[61,-101]],[[23219,49005],[-121,-44],[-41,-19],[-141,-77],[-144,-99],[-101,-78],[-65,-61],[-77,-89],[-55,-73],[121,-111],[-20,-62],[-29,-51],[-44,-56],[53,-24],[88,-14],[29,-12],[8,-26],[27,-19],[50,-6],[40,-34],[49,-23],[393,6],[39,-19],[23,-27],[86,-45],[82,-34],[222,-117],[13,-2],[-24,-104],[62,-222],[7,-58],[-13,-35],[-81,-134],[-43,-78],[0,-26],[45,-16],[38,-2],[56,17],[67,8],[142,-40],[158,24],[44,-15],[23,9],[37,-8],[66,-41],[14,12],[-10,45],[-20,41],[19,31],[47,3],[2,-41],[17,-5],[43,66],[27,26],[43,22],[38,-5],[24,-42],[23,-3],[49,30],[62,47],[115,-39],[114,-44],[23,-20],[-4,-63],[-21,-208],[26,-8],[109,-5],[42,8],[32,19]],[[25102,46935],[-20,-145],[52,-7],[-21,-58],[33,-7],[-4,37],[35,-15],[105,60],[131,-35],[13,51],[175,-50],[16,57],[371,-100]],[[25988,46723],[-231,-88],[-71,-40],[-13,-19],[42,-86],[29,-46],[-28,-34],[-49,-32],[-217,-125],[-14,-4],[-204,-107],[-134,-73],[-46,-14],[27,64],[9,39],[-30,24],[-52,19],[-66,9],[9,30],[-23,9],[-90,11],[-106,7],[-4,-30],[-208,5],[-4,-229],[-69,0],[-10,-29],[-115,4],[-83,54],[-65,5],[-45,-25],[-30,2],[-70,36],[-45,39],[-107,51],[-162,72],[-20,-5],[-128,67],[-29,29],[-78,40],[-40,28],[-15,31],[-43,24],[-3,26],[-30,-1],[-80,31],[-8,124],[-10,39],[-39,-15],[-68,-50],[-89,-35],[-88,-16],[-78,-7],[-126,7],[-85,20],[-55,21],[-5,74],[-18,106],[-31,76],[-33,38],[-48,17],[-362,73],[-29,-5],[-19,-47],[-75,-56],[-46,-21],[-86,10],[-25,-84],[-17,-111],[-34,-275],[-9,-53],[-51,0],[-6,-51],[3,-75],[53,-145],[52,-128],[12,-59],[3,-123],[40,-26],[7,-39],[3,-198],[12,-93],[-4,-65],[-58,-226],[-1,-16],[-69,-208],[-110,-256],[-30,-86],[-57,-145],[-75,-169],[-66,-238],[-14,-75],[-45,-21],[-193,-109],[-96,-79],[-43,-78],[-81,-84],[-101,-243],[-46,-122],[205,-99],[-121,-143],[-52,-70],[-61,-117],[-96,-133],[-90,-107],[-51,-41],[-152,-191],[-108,-148],[-110,-169],[-227,-353],[-185,-252],[-289,-377],[-218,-236],[-56,-64],[-98,-140],[-158,-233],[-141,-219],[10,-12],[208,-108],[33,-2],[125,13],[34,-16],[50,-99],[16,-22],[146,-50],[150,-61],[93,-41],[114,-40],[91,-3],[93,-14],[43,-16],[25,-59],[80,-12],[60,-19],[265,-57],[30,-21],[241,-102],[7,-15],[103,-52],[53,-41],[79,-43],[10,-41],[-9,-28],[41,-19],[2,-39],[-30,-30],[18,-14],[-72,-46],[-46,-55],[22,-14],[50,56],[72,42],[-3,-22],[-41,-39],[-27,-13],[-21,-29],[-10,-49],[-8,-119],[-28,-86],[-57,-68],[-6,-45],[-24,-64],[-7,-46],[-29,-94],[-65,-89],[-14,-28],[-5,-52],[-16,-73],[-32,-72],[64,13],[30,44],[58,65],[38,-38],[-42,-48],[25,-28],[-17,-30],[52,-41],[10,15],[26,-20],[37,31],[64,-39],[41,36],[47,-51],[11,0],[66,-41],[90,-118],[51,-73],[15,-43],[-13,-54],[84,-44],[150,-39],[47,7],[111,-23],[-32,-93],[-40,-50],[-52,-84],[-50,-97],[-35,-28],[-23,-38],[-24,-16],[-74,40],[-38,-46],[-10,-43],[19,-26],[50,-32],[52,-54],[-5,-36],[31,-33],[90,-41],[65,-10],[27,-29],[7,-47],[-14,-79],[5,-87],[-37,-62],[-5,-41],[8,-53],[21,-50]],[[21590,36351],[-134,-26],[-50,-1],[-74,-19],[-28,-16],[-36,-97],[-13,-104],[-17,53],[-38,41],[-37,24],[-86,14],[-73,2],[-49,-9],[-32,6],[7,42],[-152,77],[-38,-73],[-225,116],[-46,20],[0,69],[-8,41],[9,95],[18,39],[66,70],[-63,27],[-24,-10],[-57,55],[-26,-52],[-35,-26],[-49,2],[-92,37],[-56,14],[-63,59],[-42,23],[-105,46],[-84,41],[-9,-24],[-85,40],[-102,25],[-9,32],[41,186],[62,196],[3,28],[-24,63],[1,28],[-103,5],[-1,27],[-30,21],[-232,-62],[-36,-44],[-32,-9],[-11,17],[-73,14],[-13,22],[-283,61],[-96,22],[14,-54],[-67,-120],[-3,-49],[-53,-27],[-1,-38],[31,-76],[15,-52],[-58,-20],[-95,-19],[-22,-44],[-30,-139],[-13,-171],[-4,-194],[-7,-185],[-10,-92],[-225,24],[-29,-5],[-95,12],[-61,13],[-328,28],[-21,-88],[-145,11],[-14,-27],[-31,0],[-12,-38],[-121,6],[-14,-22],[-43,-1],[-26,-50],[-17,3],[-32,-43],[-14,0],[-22,-45],[-109,4],[-3,-41],[-12,-4],[-137,7],[-38,38],[-62,2],[-4,13],[55,423],[48,29],[1,58],[-24,8],[-65,0],[0,65],[59,1],[27,11],[2,41],[111,9],[1,29],[-73,11],[2,49],[76,6],[5,65],[28,52],[-8,92],[3,43],[-6,122],[-9,44],[-75,26],[12,48],[-113,43],[-44,-12],[-163,-89],[-60,-12],[-78,7],[-86,17],[-46,2],[-23,23],[-91,33],[-91,40],[-45,8],[-20,-64],[-72,-34],[-34,-42],[-37,-4],[-17,-26],[-88,-107],[-24,-112],[-20,-1],[-8,-54],[28,-14],[6,-68],[-32,-7],[-7,-24],[-95,-8],[-3,-25],[-51,-33],[-79,-7],[11,62],[-30,6],[18,88],[-17,16],[-18,-88],[-162,-8],[-172,0],[-3,-73],[-31,-2],[8,-134],[9,-33],[-16,-176],[-17,-69],[-45,-14],[-62,1],[-3,19],[-64,1],[-7,-21],[-82,0],[-18,15],[-56,-2],[-94,23],[-110,5],[-5,46],[-95,-4],[-74,14],[-7,58],[41,7],[-2,102],[-24,7],[-3,27],[-24,1],[-7,84],[20,1],[1,90],[104,3],[-1,31],[48,3],[0,25],[-75,5],[-15,44],[-40,-15],[27,90],[23,12],[-4,131],[-15,67],[-8,120],[-75,-21],[-26,86],[-94,-20],[-17,52],[-28,-9],[-4,19],[-98,-25],[-13,49],[102,24],[-52,184],[-91,-20],[-21,74],[83,-11],[7,40],[-5,132],[-63,4],[-3,53],[-45,1],[-15,132],[-16,0],[-20,159],[-20,25],[-190,-9],[1,-32],[-212,-4],[-5,364],[-6,51],[-16,45],[-113,6],[-19,-46],[29,-66],[13,-78],[-146,-89],[-6,28],[12,43],[-64,39],[-29,130],[33,10],[-27,118],[-152,-2],[-10,-132],[-42,0],[-30,-40],[-52,1],[-9,-13],[7,-74],[-133,15],[4,138],[-46,13],[5,60],[-61,22],[16,24],[-38,25],[-66,10],[-33,44],[-20,-34],[-10,-79],[-133,12],[-4,50],[-81,12],[-11,21],[25,23],[-123,3],[-129,-81],[-53,-14],[-8,-19],[-88,22],[-17,-27]],[[25188,47007],[47,216]],[[25235,47223],[172,-98],[56,-97],[18,-144],[-19,-45],[-140,38],[19,90],[-153,40]],[[22862,50701],[6,6],[273,-277],[-3,-2],[267,-265],[365,-370],[-15,2],[-440,445],[-184,182],[3,2],[-236,239],[-36,38]],[[22070,50543],[-24,-7],[-8,20],[29,28],[21,-22],[-18,-19]],[[21467,50949],[-12,-16],[-22,19],[16,22],[18,-25]],[[23772,49765],[-11,-105],[-10,1],[12,105],[9,-1]],[[52644,41424],[15,57],[-3,39],[-25,47],[-47,64],[-15,33],[-14,71],[-24,40],[-25,113],[-103,109],[-73,82],[-34,101],[-28,112],[-82,181],[-37,56],[-45,54],[-55,40],[-76,18],[-94,85],[-151,205],[-69,110],[-56,81],[-62,259],[-31,78],[-3,49],[-66,111],[-41,135],[-59,94],[-15,86],[-35,66],[-73,63],[-56,60],[-33,50],[-54,163],[-41,155],[-18,39],[-39,42],[-12,53],[-80,87],[-161,154],[-133,145],[-134,181],[-119,135],[-68,87],[-126,82],[-59,57],[-49,63],[-56,83],[-93,128],[-44,66],[-95,123],[-55,78],[-43,75],[-55,119],[-71,168],[-80,140],[-198,299],[-89,139],[-90,136],[-38,70],[-52,135],[-22,82],[-21,54],[-141,329],[-73,157],[-65,152],[-62,119],[-94,118],[-118,118],[-127,139],[-73,86],[-171,217],[-213,298],[-55,81],[-91,122],[-103,166]],[[47548,49613],[12,23],[74,12],[42,23],[38,9],[64,28],[107,60],[79,58],[12,33],[102,72],[23,26],[61,46],[59,69],[57,54],[103,157],[-19,12],[28,21],[-7,15],[20,102],[-60,11],[5,33],[77,-13],[15,131],[-82,10],[-52,-102],[-83,-146],[-27,-36],[68,117],[91,169],[89,-8],[-1,29],[-112,7],[43,19],[36,59],[31,78],[16,96],[-8,111],[7,6],[-27,117],[-48,146],[-18,124],[-22,0],[-14,80],[18,-54],[28,-1],[2,45],[14,0],[-2,-39],[91,-7],[7,94],[-104,6],[-11,-5],[4,57],[10,-26],[103,-8],[8,98],[-70,5],[1,19],[-34,3],[21,140],[-85,11],[-26,-165],[-4,-44],[-38,-86],[46,298],[69,156],[22,13],[105,-12],[13,34],[89,166],[23,51],[83,223],[6,63],[-20,71],[11,22],[82,80],[36,66],[-2,46],[10,44],[-4,51],[25,62],[38,24],[41,54],[24,53],[13,-3],[32,39],[1,21],[102,111],[27,15],[31,49],[25,11],[57,57],[69,93],[72,140],[3,24],[39,53],[56,37],[46,39],[150,152],[9,32],[50,58],[8,-2],[42,81],[17,42],[15,68],[19,154],[-22,7],[8,88],[13,-1],[5,53],[-27,12],[11,82],[10,-2],[-10,-75],[32,-4],[36,91],[-42,10],[22,95],[-51,13],[10,43],[-58,13],[-40,-168],[6,-72],[-14,-3],[-22,-40],[-11,-52],[-65,-2],[56,109],[30,92],[14,119],[-2,40],[-15,19],[7,101],[-16,95],[-44,104],[-26,25],[-17,47],[-3,70],[13,6],[40,66]],[[49668,55331],[55,-30],[98,-65],[74,-39],[109,-78],[73,-37],[70,-42],[96,-32],[150,-55],[213,-101],[87,-58],[196,-249],[81,-26],[155,-195],[37,-89],[80,-69],[95,-12],[41,18],[52,48],[10,20],[47,45],[66,-24],[0,25],[26,41],[75,-37],[75,-73],[18,-48],[31,-138],[4,-87],[20,-84],[33,-49],[84,-60],[97,-36],[204,-21],[62,-13],[85,-40],[84,-54],[110,-56],[122,-36],[85,-19],[99,-14],[87,-20],[32,-20],[59,-57],[91,-113],[68,-64],[46,-34],[83,-48],[112,-51],[151,-37],[231,-60],[61,20],[159,-44],[132,-63],[89,-34],[79,-24],[142,-32],[137,-7],[192,50],[85,7],[187,4],[50,8],[51,-11],[111,-53],[78,-76],[98,-83],[146,-103],[153,-64],[221,-95],[109,-23],[121,-38],[75,-43],[75,-76],[37,-24],[71,-31],[51,-36],[109,-43],[56,-34],[141,-49],[230,-74],[88,-42],[11,-28],[-2,-63],[-20,-155],[22,-51],[1,-53],[-17,-70],[10,-95],[-6,-66],[7,-73],[-18,-69],[10,-58],[-15,-78],[-99,-51],[-36,-49],[8,-41],[-31,-45],[24,-65],[-23,-30],[8,-48],[-13,-25],[-23,-4],[-41,-78],[-40,-31],[-41,-51],[-37,-25],[-15,-78],[-29,-76],[-27,-45],[-7,-46],[-85,-151],[-14,-51],[7,-95],[99,-96],[117,-66],[25,-58],[33,-40],[38,-26],[53,-82],[30,-92],[5,-49],[-16,-75],[16,-35],[89,-52],[42,-32],[24,-32],[4,-28],[-5,-73],[13,-44],[11,-95],[-6,-97],[-73,-192],[-1,-283],[4,-17],[50,-43],[89,-66],[47,-23],[144,6],[21,-28],[4,-49],[19,-28],[-2,-77],[11,-20],[38,-24],[37,-78],[70,-36],[144,14],[81,0],[21,-10],[44,-122],[33,-130],[45,-46],[156,-64],[77,-23],[49,-9],[74,21],[67,7],[48,20],[43,43],[69,92],[37,25],[73,12],[94,-10],[94,-19],[79,0],[86,33],[49,43],[66,70],[40,29],[69,-7],[117,-97],[45,-7],[57,-36],[10,-30],[18,-120],[19,-73],[30,-61],[81,-123],[57,-24],[52,-34],[40,-84],[105,-180],[67,-100],[80,-85],[47,-10],[49,13],[64,3],[135,-61],[63,-39],[165,-63],[63,-15],[46,-20],[37,-41],[27,-17],[132,-35],[112,6],[92,-23],[126,-27],[118,12],[54,11],[21,-34],[54,-40],[75,-33],[10,-17],[67,-183],[48,-47],[16,-48],[-50,-87],[-24,-7],[24,-34],[42,-19],[173,-46],[67,-2],[80,-17],[36,-15],[60,-53],[42,-48],[71,-25],[107,-52],[32,-53],[70,-70],[43,-10],[43,-34],[83,9],[47,-32],[35,-73],[14,-63],[79,-21],[26,-34],[74,2],[60,-45],[114,-38],[56,-36],[102,-106],[5,-24],[-24,-49],[-3,-64],[72,-155],[45,-22],[35,-63],[12,-57],[-5,-46],[28,-127],[35,-56],[37,-40],[20,-84],[46,-96],[49,-91],[79,-67],[5,-25],[-4,-71],[24,-96],[16,-36],[34,-43],[40,-24],[25,-29],[42,-10],[38,2],[64,-29],[36,-59],[48,-33],[33,-80],[19,-66],[36,-21],[92,-28],[31,-22],[47,-50],[39,-78],[19,-98],[16,-41],[26,-11],[140,-16],[105,-35],[135,9],[202,-28],[53,-17],[18,-16],[50,-75],[28,-53],[64,-89],[35,-87],[86,-86],[13,-73],[-5,-113],[-18,-9],[-96,-89],[-54,-67],[-10,-34],[8,-112],[17,-61],[22,-35],[65,-68],[-8,-32],[-66,-66],[-76,-36],[-35,-54],[-16,-59],[-12,-90],[-16,-40],[47,-74],[-13,-25],[-36,-22],[-75,-26],[-45,-3],[-59,-61],[-88,-63],[-81,-82],[-30,-38],[-67,-45],[-58,-49],[-51,-32],[13,-39],[-11,-105],[-32,-31],[-56,-30],[-25,-40],[-146,-67],[-18,-23],[-33,-72],[-9,-36],[-26,-49],[-32,-38],[-56,-96],[-28,-23],[-183,-99],[-80,-34],[-24,-42],[-47,-44],[-148,-102],[-59,4],[-32,-15],[-47,-264],[-1,-62],[30,-127],[-10,-79],[5,-31],[3,-116],[-18,-61],[-17,-82],[-22,-67],[26,-50],[42,-61],[120,-134],[81,-49],[17,-72],[1,-124],[18,-100],[-4,-38],[-29,-58],[0,-20],[74,-80]],[[63670,38373],[30,-137],[-21,-104],[-54,-93],[-40,-95],[-77,-54],[-90,-31],[-60,-5],[-68,-23],[-81,-73],[-61,-15],[-130,-17],[-63,-38],[-42,-40],[-57,-27],[-60,7],[-41,32],[-94,29],[-88,-5],[-90,-28],[-158,-82],[-39,-9],[-117,0],[-137,30],[-75,50],[-29,35],[-73,62],[-49,32],[-101,48],[-73,3],[-43,15],[-60,9],[-30,14],[-99,-1],[-79,-13],[-80,-31],[-88,-18],[-97,13],[-33,-11],[-70,-86],[-82,-34],[-64,-13],[-53,4],[-31,32],[-24,49],[-61,74],[-60,57],[-60,9],[-61,-9],[-143,23],[-64,42],[-53,12],[-65,-6],[-26,5],[-64,47],[-48,45],[-38,21],[-74,10],[-99,-51],[-46,-19],[-73,-19],[-60,2],[-95,-70],[-55,-19],[-46,0],[-81,36],[-64,72],[-24,45],[-59,76],[-63,59],[-157,64],[-213,45],[-56,16],[-105,-38],[-121,6],[-118,-17],[-71,0],[-30,-13],[-78,-54],[-51,-18],[-102,-46],[-74,-6],[-33,15],[-74,87],[-30,81],[-4,58],[-12,45],[-3,58],[-10,33],[-34,17],[-116,41],[-32,41],[-22,50],[-29,40],[-81,59],[-77,50],[-14,72],[3,54],[24,81],[1,27],[-52,91],[-48,61],[-80,46],[-18,19],[10,40],[92,42],[66,26],[13,29],[-4,33],[-73,162],[-24,78],[3,87],[28,36],[20,85],[-10,75],[-37,63],[-4,37],[30,71],[23,30],[45,29],[15,26],[-20,117],[-15,39],[7,65],[15,46],[72,102],[25,46],[49,56],[6,34],[-80,161],[-20,85],[-39,88],[3,79],[-36,39],[-109,49],[-126,128],[-183,165],[-25,34],[-19,48],[1,38],[-55,92],[-66,68],[-32,56],[-45,66],[-8,81],[-19,38],[-56,61],[-78,22],[-79,56],[-121,73],[-8,18],[-140,48],[-35,-4],[-61,-52],[-81,-60],[-46,3],[-103,52],[-40,29],[-71,85],[-30,15],[-45,6],[-103,-4],[-77,31],[-128,16],[-81,-8],[-173,-39],[-93,-25],[-148,4],[-67,-13],[-71,-47],[27,-39],[21,-101],[29,-81],[26,-43],[0,-36],[-16,-59],[5,-34],[-25,-53],[4,-44],[25,-75],[-3,-39],[-62,-53],[19,-51],[-8,-28],[-48,-103],[-82,-142],[-10,-51],[-64,-131],[-15,-62],[-27,-64],[-55,-82],[-9,-50],[-4,-79],[-22,-47],[-7,-55],[-37,-97],[-18,-31],[-25,-75],[-6,-51],[-28,-17],[-35,18],[-66,66],[-58,96],[-25,63],[-76,58],[-76,41],[-52,36],[-53,-10],[-17,-28],[-9,-78],[-99,-24],[-29,-49],[3,-91],[-6,-28],[13,-74],[2,-81],[-11,-19],[-58,-16],[-71,36],[-43,3],[-92,-8],[-133,-30],[-29,7],[-73,66],[-35,49],[-102,115],[-38,36],[-24,40],[0,32],[22,84],[-9,30],[-30,36],[-39,87],[-49,84],[-31,121],[-32,42],[-50,97],[-33,92],[-94,59],[-43,42]],[[6388,48346],[38,96],[-14,54],[36,152],[21,35],[15,96],[62,90],[48,79],[29,68],[14,60],[-4,48],[-40,61],[-21,15],[-30,43],[-5,35],[8,158],[-45,73],[-85,96],[-44,90],[-15,55],[-1,136],[18,118],[-12,106],[-36,35],[15,94],[-6,84],[-21,46],[-134,111],[-9,37],[72,127],[3,52],[-19,98],[5,26],[36,54],[104,99],[50,119],[55,96],[31,25],[81,15],[44,15],[45,27],[27,30],[17,88],[-63,120],[-12,42],[19,57],[51,57],[36,56],[69,42],[52,95],[-5,79],[9,62],[27,63],[84,128],[35,20],[32,33],[44,80],[-5,29],[-25,30],[-36,86],[2,56],[-16,90],[-39,119],[-2,90],[-71,136],[-70,50],[-21,38],[-8,66],[6,23],[40,43],[13,43],[-16,52],[-29,59],[123,85],[75,5],[27,11],[36,51],[40,14],[56,-61],[19,-7],[39,24],[71,94],[44,72],[-8,24],[-75,67],[-19,49],[-8,231],[2,70],[9,32],[57,50],[34,51],[33,19],[62,10],[31,19],[51,59],[115,51],[22,30],[-13,54],[-58,18],[-54,30],[-101,82],[-64,65],[-94,40],[-64,37],[-26,24],[1,18],[31,31],[52,80],[41,42],[60,38],[9,55],[-27,49],[-18,100],[-48,100],[-2,24],[149,34],[131,4],[59,22],[62,61],[37,15],[64,2],[102,31],[82,53],[21,42],[14,117],[57,162],[16,72],[59,76],[15,11],[119,-26],[44,3],[32,19],[96,81],[45,72],[27,108],[61,85],[64,65],[15,26],[15,88],[37,86],[48,40],[49,104],[45,37],[34,66],[2,29],[-23,56],[-17,117],[-1,54],[-34,125],[10,56],[-12,65],[10,13],[73,56],[30,108],[20,17],[89,42],[39,26],[13,26],[-24,70],[-26,19],[-94,34],[-57,29],[-52,51],[-75,93],[-29,44],[-12,37],[-3,119],[-17,51],[-22,32],[-69,46],[-31,86],[10,115],[-17,130],[6,61],[-39,70],[-4,36],[14,79],[-43,60],[-14,39],[-1,48],[36,163],[23,47],[4,116],[35,112],[-12,92],[0,109],[32,41],[52,21],[79,61],[31,16],[62,96],[35,17],[23,86],[22,48],[35,42],[31,59],[69,48],[29,65],[2,72],[16,37],[98,53],[58,56],[12,34],[-2,55],[-27,75],[10,22],[52,-3],[47,26],[88,60],[40,15],[80,7],[43,24],[42,36],[23,36],[4,60],[18,101],[32,40],[76,52],[60,127],[22,90],[-8,65],[85,-19],[107,-9],[69,17],[73,42],[74,92],[24,20],[68,13],[82,-11],[83,26],[25,26],[38,3],[28,-30],[38,-4],[23,22],[-2,37],[64,101],[111,97],[77,21],[81,-1],[59,44],[25,8],[179,35],[41,-4],[51,17],[48,31],[50,57],[9,25],[13,123],[-9,43],[29,18],[57,-20],[34,5],[7,41],[32,72],[34,27],[9,85],[15,53],[4,60],[12,38],[36,28],[27,2],[148,-31],[63,28],[12,30],[-28,90],[35,160],[32,40],[36,24],[63,80],[61,63],[47,60],[63,26],[17,35],[9,108],[3,87],[-26,62],[8,47],[28,20],[83,3],[48,54],[126,57],[17,25],[20,80],[-29,65],[67,-21],[138,-16],[70,15],[57,-43],[43,-5],[18,15],[92,113],[27,17],[158,41],[35,16],[31,56],[46,28],[88,12],[104,27],[52,30],[75,61],[161,81],[111,34],[101,14],[103,-1],[155,38],[46,-9],[30,-80],[34,-58],[23,-24],[59,-32],[36,-28],[37,-54],[67,-57],[71,-52],[34,-17],[82,-5],[34,-8],[31,-22],[41,-78],[73,-60],[70,-108],[65,-28],[31,6],[59,30],[80,23],[32,-38],[109,-68],[109,-24],[84,-2],[36,-21],[70,-56],[14,-27],[5,-79],[75,-136],[39,4],[70,64],[197,209],[101,135],[231,263],[40,63],[105,223],[23,93],[39,206],[8,194],[0,97],[-14,29],[6,90],[-7,99],[4,46],[109,73],[29,51],[-1,31],[0,112],[9,24],[50,57],[64,9],[41,-23],[64,-6],[80,25],[77,-3],[86,-28],[44,-5],[212,22],[77,-9],[56,-43],[89,-124],[80,-126],[31,-34],[50,-25],[99,-26],[43,3],[50,-24],[61,-8],[18,-26],[43,-92],[63,-30],[68,6],[59,-6],[73,28],[81,-8],[48,14],[35,48],[74,81],[24,6],[58,-33],[111,-8],[44,12],[65,43],[62,-35],[50,15],[55,2],[108,-5],[71,12],[55,50],[93,32],[35,4],[61,-18],[106,-18],[137,-46],[68,-37],[75,-17],[151,127],[88,63],[106,51],[72,1],[51,37],[154,62],[75,12],[69,73],[42,17],[104,-67],[62,-35],[117,-56],[41,-13],[32,2],[27,-15],[38,-50],[96,-53],[59,-15],[26,-25],[47,-112],[105,-92],[237,-166],[95,-52],[-35,-53],[-10,26],[-49,-4],[-29,-19],[-33,-3],[-37,-18],[-8,-23],[-51,2],[5,-23],[-21,-17],[-21,-58],[-8,-50],[-19,-48],[-62,-68],[-63,-42],[-77,-21],[-35,-60],[-6,-57],[-24,-46],[-38,-33],[-58,-22],[-39,-29],[-29,-38],[32,-75],[-46,-38],[-44,82],[-75,-49],[32,-40],[-10,-8],[-24,31],[-32,-25],[-27,-41],[67,-34],[-12,-15],[-85,-54],[0,11],[-48,46],[-51,-31],[-36,-38],[-9,-36],[-19,-16],[-13,-50],[-45,-56],[-71,-64],[-73,-99],[-83,-72],[-50,-90],[-51,-58],[-45,-21],[-82,-14],[-43,-27],[-29,-50],[-40,-48],[-95,-76],[-9,-46],[-16,-4],[-33,-81],[21,-166],[-16,-35],[19,-24],[-18,-39],[20,-43],[-3,-43],[21,-30],[17,-66],[-5,-45],[53,-143],[33,-42],[57,-104],[24,-34],[80,-181],[-15,-26],[6,-45],[20,-53],[40,3],[11,-78],[34,-114],[-15,-46],[21,-56],[29,-32],[-58,-82],[-59,-38],[-7,-59],[-73,36],[-32,-14],[22,-50],[-20,10],[-68,-29],[-28,-63],[14,-25],[-45,-154],[-1,33],[-31,8],[-38,-12],[-42,-64],[-4,-31],[27,-28],[36,-2],[14,41],[11,-10],[-32,-113],[-13,-2],[9,56],[-29,2],[-35,-18],[-36,-54],[6,-47],[20,-23],[49,-11],[-31,-48],[-52,-48],[-5,-52],[-40,-46],[-130,-59],[-27,-33],[-25,-2],[-51,-43],[2,-101],[-9,-6],[0,102],[-44,51],[-99,-79],[38,-45],[-21,-5],[-52,59],[-87,-72],[-13,-28],[-21,4],[-30,-41],[-15,-63],[-23,-61],[-11,-5],[-36,-122],[-19,-40],[-37,-40],[-49,-32],[-29,-38],[-8,-38],[2,-76],[-7,-32],[-18,5],[-26,-65],[-8,-42],[17,-17],[-67,-7],[-41,-63],[13,-14],[-75,-154],[-44,-39],[-12,-26],[7,-39],[-12,-44],[-122,-76],[-89,-126],[-26,-25],[-5,-44],[33,-66],[-10,-4],[-23,53],[-72,-60],[30,-42],[-43,-4],[-18,-94],[51,-9],[13,75],[50,17],[2,-11],[-18,-98],[-16,-34],[-26,-24],[-54,-12],[-64,17],[-30,-34],[-25,-11],[-61,-75],[-9,-93],[-27,-46],[-100,-120],[-19,-13],[0,-44],[-25,-73],[-10,34],[17,54],[-65,52],[-69,-41],[-89,-44],[-51,-51],[-41,-64],[-46,-51],[-12,-27],[-20,5],[-25,-150],[8,-13],[-28,-24],[5,-12],[-43,-116],[-27,4],[-4,24],[25,69],[-84,53],[-51,-78],[79,-51],[-80,45],[-26,-22],[-29,-63],[-32,-97],[-14,-127],[-23,-50],[-5,-57],[18,-33],[-20,-38],[-64,39],[-83,4],[-30,-7],[-19,20],[-44,20],[-23,-32],[-46,6],[-31,34],[-42,-11],[-88,-40],[-69,-83],[-60,-110],[-15,-50],[-11,-81],[7,-25],[106,-19],[-3,-10],[-119,14],[-5,-32],[121,-18],[-2,-9],[-54,8],[-38,-246],[5,-110],[23,-77],[22,-19],[-24,-44],[-2,-48],[35,-113],[22,-40],[57,-72],[26,-7],[63,4],[5,12],[57,-170],[-4,0],[39,-121],[-53,-68],[42,-22],[45,65],[106,0],[164,-23],[-3,-5],[-86,9],[-54,13],[-125,6],[-45,-66],[-4,-27],[38,-25],[-33,-52],[29,-36],[36,29],[20,-26],[0,-38],[-82,-64],[41,-161],[69,33],[11,30],[-20,127],[20,13],[-3,92],[8,17],[23,-17],[27,-186],[79,11],[12,-89],[-146,-96],[41,-159],[171,46],[-68,461],[33,37],[76,-522],[-233,-62],[-10,-48],[12,-45],[9,-79],[135,-226],[98,-174],[81,-112],[20,-45],[62,-93],[192,-245],[38,-41],[115,-146],[31,-32],[95,-119],[196,-207],[150,-167],[89,-83],[20,-32],[125,-110],[91,-90],[26,5],[11,-29],[172,-158],[66,-67],[77,-69],[97,-81],[10,3]],[[21082,61988],[-45,-3],[42,37],[24,33],[47,14],[34,-18],[-14,-13],[-74,-10],[-14,-40]],[[17597,55613],[-20,0],[13,26],[27,14],[25,-8],[-20,-30],[-25,-2]],[[17563,55550],[31,-113],[-7,-2],[-31,113],[7,2]],[[21241,62065],[-19,-15],[-13,15],[30,19],[2,-19]],[[17587,55670],[-30,38],[9,6],[30,-38],[-9,-6]],[[42416,45674],[56,-2],[27,-12],[63,15],[23,-27],[44,4],[22,-19],[118,23],[-30,58],[95,19],[26,16],[75,21],[-19,19],[86,19],[5,-9],[-58,-13],[2,-14],[63,16],[15,27],[47,17],[11,-11],[-58,-19],[0,-10],[173,73],[226,59],[183,57],[126,55],[16,18],[18,-17],[10,25],[46,49],[69,122],[7,45],[-7,27],[-28,17],[85,69],[9,17],[97,101],[29,50],[75,53],[6,-8],[62,46],[116,137],[108,78],[41,49],[16,37],[32,141],[31,73],[56,52],[38,52],[28,73],[-4,79],[-33,-8],[-48,3],[-17,-28],[-13,31],[83,74],[-5,10],[36,41],[13,52],[10,-1],[40,65],[111,133],[129,84],[29,43],[84,29],[104,62],[71,78],[51,29],[43,33],[49,16],[54,44],[45,61],[33,64],[30,13],[20,32],[4,40],[31,-10],[83,24],[28,17],[42,60],[47,19],[19,-14],[118,124],[163,91],[-3,5],[116,53],[51,37],[10,39],[-12,62],[49,33],[107,47],[40,23],[69,18],[106,35],[152,60],[61,15],[18,15],[116,35],[48,22],[76,53],[56,49],[27,58],[13,105],[49,43],[150,45],[64,50],[-1,-12],[39,-9]],[[52644,41424],[-46,-65],[-33,-110],[12,-23],[55,-46],[86,-53],[51,-65],[26,-52],[3,-25],[-61,-82],[15,-85],[1,-47],[-13,-61],[-44,-54],[-17,-43],[-4,-79],[18,-30],[67,-46],[18,-26],[20,-62],[22,-95],[64,-79],[25,-65],[0,-65],[-53,-39],[-52,-15],[-43,26],[-59,48],[-129,79],[-56,25],[-80,50],[-18,27],[-4,64],[-10,16],[-43,17],[-42,71],[-61,33],[-62,49],[-68,109],[-37,36],[-82,11],[-177,8],[-46,38],[-27,64],[-21,25],[-83,-1],[-55,9],[-59,-15],[-65,-7],[-33,60],[12,54],[37,73],[7,84],[18,39],[33,107],[11,61],[-5,114],[-27,79],[2,16],[40,53],[83,49],[22,25],[33,94],[11,64],[34,37],[40,116],[-22,32],[-4,37],[-29,56],[-37,20],[-30,34],[-53,-3],[-90,-37],[-129,-22],[-67,75],[-10,53],[-16,29],[21,25],[9,48],[-2,63],[-18,57],[-33,28],[-2,33],[-34,56],[-51,37],[-43,16],[1,47],[-20,20],[-69,23],[-31,37],[-28,18],[-62,62],[-57,7],[-23,17],[-49,5],[-54,-37],[-36,-37],[-9,-38],[13,-75],[-31,-68],[1,-46],[-27,-45],[4,-69],[-34,-26],[-46,-75],[-65,-72],[-62,-24],[-40,-46],[-22,2],[-64,51],[-14,25],[-57,13],[-41,-40],[-43,3],[-102,24],[-65,25],[-81,-29],[-110,-32],[-39,27],[-39,49],[-94,-29],[-27,12],[-102,109],[-90,44],[-65,26],[-44,7],[-94,-74],[-78,-72],[-69,-27],[-63,-77],[-61,-51],[-58,-98],[-38,-30],[-33,-5],[-43,-43],[-79,-39],[-45,-37],[-97,4],[-55,-12],[-85,69],[-31,-34],[-67,-52],[-24,15],[-52,-55],[19,-12],[19,-67],[-14,-8],[-24,33],[-21,51],[-32,14],[-48,41],[-69,72],[-43,22],[-79,74],[-29,63],[-77,79],[-15,59],[-70,86],[-154,113],[-78,26],[-47,33],[-6,17],[-154,105],[-32,7],[0,-17],[58,-57],[52,-63],[27,-50],[130,-143],[24,-41],[-7,-34],[-39,-11],[-21,14],[-49,76],[-43,15],[-32,41],[-29,20],[-60,-6],[-25,10],[-24,-11],[-80,80],[-139,89],[1,14],[-37,17],[-29,-15],[-102,55],[-14,71],[-39,-6],[3,-52],[-21,-22],[-38,-2],[-58,38],[-35,8],[-9,-27],[53,-22],[2,-23],[-90,-43],[-24,0],[-7,52],[5,47],[-52,-19],[-216,-62],[-63,-11],[-34,-49],[-69,-75],[-75,-15],[15,-96],[-38,-12],[30,-181],[-154,-23],[-17,9],[-25,115],[-22,47],[-6,84],[-30,185],[5,128],[-2,122],[-21,26],[-85,-13],[-44,-14],[-35,9],[-97,111],[-72,106],[-44,22],[-102,77],[-287,130],[-53,31],[-25,-77],[-12,-58],[-4,-73],[-177,47],[25,87],[-16,5],[11,43],[-26,9],[48,129],[-88,94],[-85,85],[-392,350],[-97,-97]],[[47872,42277],[35,-73],[93,-161],[57,-49],[59,78],[28,26],[22,-15],[62,75],[7,23],[-95,127],[-49,123],[-58,102],[-31,-67],[-29,12],[-44,-69],[-41,13],[-24,-48],[14,-10],[96,-24],[-15,-17],[-83,-11],[-16,-12],[12,-23]],[[49668,55331],[28,17],[38,44],[74,62],[24,39],[66,79],[16,-2],[9,47],[27,42],[-4,47],[45,-1],[65,74],[-40,33],[-113,-114],[-6,7],[127,129],[44,-44],[53,60],[-13,17],[48,40],[60,67],[26,41],[34,74],[44,162],[36,206],[17,112],[8,197],[-3,13],[7,168],[11,129],[-5,109],[-11,61],[9,3],[-12,50],[-9,-2],[-24,145],[-24,84],[-17,21],[-44,148],[-71,181],[-48,116],[-72,134],[24,14],[-12,62],[34,53],[19,9],[96,-23],[39,-24],[7,-20],[63,-17],[14,41],[20,16],[-45,18],[37,123],[-89,24],[-39,-130],[-46,1],[-82,23],[-51,-88],[-55,-34],[24,-38],[32,-87],[-12,-9],[-33,92],[-44,80],[-24,62],[-44,91],[-42,54],[-80,90],[-43,39],[-8,34],[-35,54],[-27,67],[-34,-62],[11,43],[21,24],[-6,86],[-34,-46],[3,32],[32,24],[3,48],[19,47],[89,148],[36,50],[141,231],[133,202],[59,101],[16,49],[-10,43],[32,5],[20,19],[79,129],[-9,7],[28,36],[0,18],[35,44],[3,26],[33,62],[36,46],[6,52],[-31,9],[51,77],[44,117],[2,95],[26,51],[10,53],[-14,36],[-32,-37],[38,70],[10,-5],[70,52],[41,68],[26,11],[47,61],[44,73],[28,12],[110,104],[68,92]],[[50946,61106],[23,-24],[241,-229],[95,-82],[124,-122],[68,-103],[75,-138],[95,-96],[249,-189],[239,-162],[305,-212],[230,-181],[313,-211],[97,-57],[93,-43],[213,-79],[295,-40],[79,-18],[138,-9],[129,-18],[127,-28],[109,-29],[112,-47],[96,-17],[263,-71],[153,-49],[309,-87],[59,-22],[131,-37],[173,-71],[192,-83],[73,-29],[260,-120],[54,-28],[209,-94],[162,-67],[126,-63],[50,-31],[97,-69],[132,-131],[84,-89],[131,-136],[42,-74],[28,-34],[43,-33],[146,-83],[64,-51],[197,-190],[222,-83],[91,-47],[74,-53],[67,-36],[127,-80],[5,-12],[0,-88],[15,-35],[50,-36],[101,-46],[50,-29],[92,-25],[222,-9],[118,17],[61,4],[190,-55],[74,-28],[78,-39],[123,-89],[93,-63],[60,-50],[114,-164],[53,-52],[136,-100],[126,-57],[102,-12],[34,-16],[-47,157],[-12,54],[-62,212],[-9,89],[22,82],[14,20],[22,75],[2,34],[-18,59],[5,132],[-1,117],[37,156],[-20,90],[-10,13],[-45,152],[-74,204],[-29,54],[-94,67],[-23,36],[1,44],[29,104],[-54,142],[-15,59],[-95,143],[-28,111],[-24,50],[63,43],[114,13],[4,-26],[126,17],[18,-93],[106,11],[10,-65],[0,-98],[18,-95],[83,9],[14,-86],[98,11],[23,-184],[58,6],[23,-166],[16,-28],[29,-240],[82,7],[40,-328],[-1,-50],[10,-25],[37,-12],[42,-315],[75,10],[13,-63],[128,27],[231,56],[203,54],[5,21],[42,-21],[32,1],[57,-36],[27,-28],[80,-50],[53,-73],[78,-30],[35,-8],[51,-30],[51,-50],[56,-24],[43,-35],[95,-61],[120,-106],[94,-52],[15,-16],[22,-73],[25,-39],[74,-41],[70,-17],[47,1],[55,-19],[46,-3],[60,12],[106,-1],[43,24],[45,-21],[60,-16],[15,-40],[58,-30],[71,12],[15,-7],[41,-118],[12,-22],[53,-43],[51,-9],[43,-22],[25,-47],[45,-45],[37,-48],[-12,-51],[-27,-62],[-26,-28],[-42,-22],[-30,-157],[14,-86],[10,-31],[32,-18],[74,4],[54,-25],[-3,-79],[16,-108],[16,-24],[-4,-44],[56,-125],[-16,-27],[-16,-90],[7,-45],[79,-70],[49,-21],[126,15],[56,-20],[74,1],[62,17],[24,15],[66,20],[29,-2],[29,22],[11,31],[32,18],[30,37],[99,57],[76,85],[12,41],[-2,36],[60,115],[9,42],[57,24],[46,35],[28,71],[33,66],[43,11],[60,-1],[15,16],[52,12],[7,28],[69,42],[40,123],[97,46],[36,29],[97,43],[40,29],[42,74],[63,43],[29,38],[7,85],[28,32]],[[65248,55850],[42,-20],[72,-16],[60,-46],[91,-21],[91,-71],[70,-22],[56,1],[30,-10],[47,3],[48,-10],[-3,-61],[7,-32],[41,-51],[15,-55],[20,-29],[90,-40],[34,-53],[62,-58],[57,-90],[34,-31],[45,-9],[35,-61],[36,-13],[116,1],[54,-18],[37,-3],[56,12],[14,14],[13,-91],[-13,-69],[27,-62],[7,-50],[-6,-84],[-17,-50],[24,-29],[61,-48],[56,-81],[34,-31],[26,-42],[65,-77],[37,24],[68,29],[91,27],[35,16],[49,-2],[31,26],[47,19],[47,-17],[45,-29],[149,-4],[55,-6],[71,21],[148,-22],[96,-30],[44,-61],[49,-26],[51,-47],[54,-12],[31,-40],[24,-90],[-20,-82],[-36,-32],[-17,-47],[-19,-27],[-6,-63],[37,-127],[17,-13],[7,-40],[40,-48],[18,-61],[37,-23],[32,-49],[-4,-52],[-29,-30],[-17,-44],[-27,-4],[-62,-45],[5,-51],[31,-23],[24,-105],[1,-24],[-26,-64],[-33,-58],[1755,-1480],[1383,-1166],[1413,-1191],[1721,-1452],[1462,-1233],[34,-46],[11,-92],[51,-143],[27,-91],[56,-117],[36,-89],[13,-50],[42,-77],[10,-91],[23,-57],[84,-140],[60,-73],[26,-64],[39,-35],[46,-81]],[[76349,45243],[-75,-60],[-43,-21],[-38,-44],[-16,-63],[-11,-87],[13,-22],[38,-24],[35,-68],[46,-59],[28,-87],[38,-54],[14,-32],[55,-92],[36,-88],[-15,-129],[-19,-65],[1,-42],[59,-73],[72,-60],[128,-68],[33,-3],[20,-25],[-36,-66],[-30,-83],[-34,-161],[-36,-54],[-77,-17],[-46,-43],[-18,-51],[13,-57],[-8,-46],[-84,-41],[-42,-72],[-7,-147],[15,-12],[51,-11],[24,-21],[17,-46],[-20,-106],[-17,-37],[-87,-72],[-39,-89],[-47,-23],[-80,-15],[-56,-24],[-18,-60],[15,-87],[18,-55],[4,-90],[-5,-32],[-40,-48],[1,-14],[52,-24],[47,-103],[26,-87],[3,-38],[31,-75],[-20,-114],[17,-62],[0,-66],[-19,-83],[-72,-122],[-22,-63],[13,-95],[32,-63],[0,-34],[-39,-110],[-63,-229],[0,-60],[30,-53],[6,-44],[-24,-72],[-43,-83],[1,-38],[31,-61],[37,-126],[-10,-60],[-19,-64],[44,-70],[82,-56],[64,-20],[80,-42],[94,-79],[22,-55],[2,-88],[28,-46],[-3,-14],[40,-31],[21,-39],[-6,-32],[-1,-102],[-10,-41],[-39,-44],[-64,-25],[-37,-45],[-32,-56],[-51,-41],[2,-37],[23,-37],[1,-88],[11,-47],[-5,-53],[6,-74],[10,-42],[21,-16],[139,-35],[77,-46],[107,-22],[83,-25],[-19,-40],[-5,-113],[7,-21],[-9,-52],[-21,-64],[19,-103],[29,-29],[12,-88],[-46,-122],[-12,-18],[-21,-99],[25,-60],[-2,-33],[-35,-37],[-20,-43],[14,-50],[34,-26],[-15,-29],[-16,-81],[25,-48],[43,-36],[23,-53],[19,-21],[-7,-64],[33,-34],[38,-87],[7,-59],[-12,-47],[-52,-71],[-12,-36],[67,-60],[28,-38],[36,-26],[10,-91],[-6,-69],[-21,-31],[-71,-34],[-19,-88],[-41,-80],[-30,-94],[-8,-45],[-36,-71],[-40,-48],[-45,-24],[-38,-10],[-23,-24],[-4,-53],[-19,-28],[-53,-13],[-72,-6],[-75,-52],[-47,-2],[30,-92],[5,-69],[15,-42],[30,-48],[36,-9],[5,-34],[95,-184],[14,-67],[-12,-53],[-45,-46],[6,-49],[8,-172],[37,-53],[-10,-114],[-24,-40],[-39,-122],[-9,-92],[-27,-105],[-5,-59],[-16,-42],[-64,-69],[15,-119],[42,-69],[0,-15],[-38,-138],[-63,-134],[-19,-8],[-4,-40],[-36,-65],[9,-90],[13,-18],[40,-13],[-11,-22],[-44,-29],[-11,-59],[-20,-64],[-2,-87],[-26,-56],[-4,-41],[-26,-77],[-2,-57],[29,-124],[-40,-46],[-105,-60],[-100,-52],[-59,-7],[-88,-87]],[[75780,33031],[-76,-9],[-75,27],[-86,62],[-34,9],[-51,-8],[-83,-40],[-93,-31],[-53,-2],[-73,-18],[-39,-24],[-65,-26],[-53,-5],[-59,4],[-73,-10],[-147,6],[-34,-8],[-68,-58],[-49,-34],[-100,-18],[-97,5],[-73,14],[-39,29],[-63,27],[-44,11],[-82,54],[-50,20],[-28,31],[-43,6],[-45,34],[-65,-1],[-83,14],[-84,53],[-38,12],[-62,-1],[-102,41],[-28,23],[-23,74],[-66,70],[-50,32],[-8,34],[-18,16],[-53,19],[-35,-2],[-34,25],[-46,10],[-25,16],[-42,71],[-45,42],[-62,27],[-80,59],[-41,66],[-135,93],[-36,19],[-37,55],[-19,8],[-58,-22],[-43,43],[-51,33],[-56,91],[-22,26],[-10,40],[-74,120],[-40,40],[-60,12],[-80,79],[-78,32],[-44,38],[-45,13],[-42,30],[-15,47],[-22,24],[-31,7],[-58,40],[-61,-3],[-34,20],[-27,37],[-32,70],[-55,28],[-9,16],[-540,139],[-24,-37],[-43,-108],[-38,-131],[-34,-49],[-29,-54],[-34,-46],[-20,-70],[-18,-21],[-87,-9],[-43,-11],[-29,-22],[-51,-6],[-44,-14],[-22,-26],[-16,-45],[-40,-41],[-32,-14],[-78,2],[-33,-14],[-56,-75],[-21,-71],[-17,-22],[-75,3],[-123,-8],[-57,-14],[-111,12],[-115,-55],[-30,-4],[-97,23],[-132,22],[-103,42],[-39,8],[-17,20],[-52,16],[-101,-1],[-81,-27],[-39,-21],[-38,-33],[-50,-2],[-50,14],[-31,-4],[-36,-26],[-44,6],[-54,-5],[-99,33],[-116,3],[-65,11],[-63,0],[-85,-26],[-117,5],[-34,-19],[-93,-8],[-44,37],[-12,54],[-64,118],[-12,64],[-55,115],[-134,28],[-36,0],[-48,-27],[-55,-3],[-44,-22],[-90,-10],[-53,-36],[-32,-6],[-102,15],[-59,-18],[-81,8],[-66,22],[-73,-15],[-112,30],[-72,-9],[-35,9],[-66,54],[-69,17],[-100,-5]],[[66531,34455],[-29,45],[-14,48],[-52,8],[-26,23],[-50,81],[-20,22],[17,40],[-46,24],[5,57],[-16,40],[-34,39],[-61,48],[-24,58],[-2,29],[-32,55],[6,108],[16,102],[-66,54],[-33,68],[-40,44],[-5,29],[44,44],[1,27],[-64,168],[12,66],[-57,61],[-37,21],[-58,-13],[-103,-5],[-80,30],[-92,13],[-69,36],[-67,99],[-3,28],[-48,70],[-58,58],[-115,153],[1,22],[26,28],[-15,54],[-58,44],[-47,116],[-29,27],[-47,14],[-53,50],[-32,59],[22,52],[-1,65],[-15,31],[-26,108],[-74,70],[-56,39],[-45,55],[-64,41],[-44,5],[-32,21],[-22,34],[-60,53],[-54,79],[-50,35],[-29,55],[-51,54],[-34,57],[-21,18],[-121,75],[-58,70],[-8,56],[-65,77],[-67,60],[-34,53],[-56,45],[-47,9],[-29,20],[-74,136],[-31,44],[-19,50],[-42,59]],[[50241,59913],[-48,-85],[-17,9],[48,85],[17,-9]],[[50295,60034],[14,-8],[-48,-82],[-15,9],[49,81]],[[50468,60506],[-34,-81],[-12,5],[34,81],[12,-5]],[[49938,55796],[-9,9],[48,48],[9,-9],[-48,-48]],[[20739,25149],[-14,0],[-184,-40],[-123,49],[-82,-14],[-86,10],[-93,-5],[-61,30],[-114,-24],[-52,-6],[-152,14],[-153,2],[-46,32],[-33,49],[-67,25],[-38,24],[-76,-22],[-38,-3],[-33,10],[-62,-14],[-85,3],[-79,21],[-66,1],[-47,10],[-40,20],[-35,30],[-75,36],[-52,16],[-75,11],[-151,11],[-139,-6],[-145,-2],[-77,17],[38,66],[52,124],[19,60],[-132,70],[0,26],[55,78],[17,36],[18,70],[79,24],[-27,50],[-49,-4],[-84,58],[-68,1],[-66,80],[-25,14],[-233,-24],[-95,-1],[-27,17],[-76,-7],[-72,32],[-37,46],[-51,130],[-18,25],[-26,2],[-12,-23],[-29,4],[-19,26],[-31,12],[-84,-4],[-34,26],[-11,104],[-70,136],[-37,41],[-13,36],[10,66],[54,133],[1,20],[-41,55],[-5,21],[-37,18],[-42,-5],[-186,-39],[-66,-31],[-69,94],[-37,71],[-62,70],[-27,-10],[-21,18],[-66,86],[-32,48],[-11,76],[-31,36],[-42,-5],[-27,-14],[4,62],[24,31],[19,54],[-28,85],[-54,88],[-56,36],[-60,12],[-3,44],[-42,12],[-16,58],[2,39],[-31,22],[-53,10],[-53,45],[-18,-11],[-34,49],[56,12],[24,62],[-5,28],[-89,51],[3,15],[-100,56],[23,55],[65,117],[32,39],[-112,55],[-153,69],[-83,53],[15,61],[11,8],[100,-64],[49,92],[-27,20],[56,87],[-79,65],[15,18],[-26,27],[45,61],[-71,42],[-34,6],[-28,29],[49,69],[30,61],[-53,32],[-71,51],[-42,45],[-101,90],[-55,57],[-56,79],[-38,27],[-12,32],[-25,-1],[-61,43],[-56,31],[-14,59],[-72,-2],[-11,95],[-54,-8],[-95,112],[0,83],[55,-3],[11,34],[28,10],[65,-19],[25,26],[-159,236],[-126,167],[-50,-38],[-28,9],[-16,-28],[-124,71],[-12,-16],[-70,39],[-40,-74],[-19,-17],[-97,10],[69,133],[-176,102],[-65,-65],[-244,150],[29,60],[164,-97],[9,8],[49,-36],[29,42],[-43,37],[-22,48],[-138,114],[-230,169],[-38,22],[-45,-8],[-204,-2],[-28,7],[-61,76],[-81,33],[-67,52],[-28,-73],[-160,68],[-21,14],[-19,-26],[-68,-8],[-21,22],[14,52],[-195,138],[-68,86],[-27,25],[-34,-19],[13,-37],[-42,-10],[-4,48],[-276,112],[20,45],[-19,10],[-22,-48],[-188,81],[38,86],[47,-11],[37,82],[-4,43],[37,66],[-167,103],[44,73],[-52,39],[-14,-18],[-29,16],[21,69],[-74,22],[-18,-66],[-70,28],[2,46],[-86,26],[-10,-30],[-82,37],[8,16],[-180,54],[-39,39],[32,114],[-23,6],[-252,113],[-56,-89],[-8,62],[-177,-82],[-25,52],[-59,-27]],[[10878,32729],[3,27],[-124,21],[9,63],[-99,12]],[[10667,32852],[11,78],[9,10],[85,-4],[12,37],[-5,262],[-26,2]],[[10753,33237],[50,83],[116,87],[-1,18],[50,-3],[27,222],[4,103],[-3,68],[13,85],[15,25],[60,56],[3,-56],[114,-17],[77,-7],[9,45],[100,68],[225,233],[110,123],[-88,60],[57,104],[136,1],[-2,-34],[47,1],[21,29],[31,97],[-42,33],[-36,5],[-128,4],[-6,-9],[-100,-30],[-71,-28],[-12,5],[-85,117],[-29,47],[-25,78],[35,50],[-38,47],[50,63],[-91,99],[-149,155],[-15,38],[9,26],[-19,23],[113,96],[-28,47],[3,15],[-51,55],[-63,-29],[-4,27],[125,75],[19,49],[74,32],[65,45],[39,47],[20,46],[36,45],[-18,27],[47,21],[11,21],[-135,218],[89,56],[-33,51],[-62,-26],[-8,21],[52,30],[-14,23],[82,48],[20,-24],[62,35],[-53,86],[-146,-81],[-64,43],[12,45],[-18,93],[-17,33],[42,4],[33,-16],[49,-1],[57,32],[-12,31],[-50,-23],[-19,26],[-46,0],[-21,20],[-90,160],[2,11],[80,48],[-30,54],[163,95],[21,-26],[78,43],[10,12],[-12,34],[-110,65],[5,17],[-31,37],[11,100],[51,89],[69,-5],[17,13],[40,0],[7,14],[89,-1],[48,261],[-12,34],[113,-11],[15,196],[127,-9],[-18,-210],[119,-11],[1,-81],[52,-22],[90,-8],[19,15],[257,-23],[2,-10],[146,-14],[115,-8],[42,20],[149,-20],[-5,-75],[118,-11],[5,88],[-143,16],[-2,62],[-112,12],[31,326],[-12,8],[-143,10],[1,17],[-133,14],[3,70],[-132,13],[4,33],[-97,15],[6,108],[-57,9],[0,59],[-18,22],[-52,3],[-15,22],[29,54],[-48,11],[-30,23],[-1,17],[-34,10],[-16,27],[-1,47],[-28,7],[7,65],[-52,5],[2,60],[-60,5],[28,36]],[[21590,36351],[-5,-79],[18,-80],[25,-27],[46,-14],[-8,-33],[9,-50],[39,-64],[-13,-63],[19,-32],[46,-3],[58,18],[22,23],[38,3],[36,-20],[7,-19],[6,-86],[63,-57],[38,-51],[43,-6],[68,-79],[-45,-1],[-51,-21],[-33,-44],[-61,-127],[28,-44],[-29,-84],[20,-41],[-18,-91],[16,-47],[-30,-73]],[[10753,33237],[-3,49],[-14,31],[-57,40],[-5,-29],[-23,-3],[-18,-40],[-85,8],[-26,-25],[-34,-55],[-40,-46],[-24,-62],[4,-33],[52,-6],[3,-31],[22,-6],[4,-70],[18,-22],[53,-10],[3,-29],[145,-116],[78,-90],[17,-27],[-22,-47],[-8,-112],[63,-114],[10,-45],[-13,-58],[2,-35],[42,-73],[63,-34],[44,-40],[-16,-12],[-87,8],[-107,29],[-142,24],[-16,-83],[-16,-47],[17,-28],[10,-62],[-13,-83],[-43,-10],[-29,-24],[-76,-94],[-48,-52],[-51,-83],[-19,-54],[-22,-112],[7,-119],[-13,-99],[-21,-69],[-19,-24],[-13,-97],[-33,-68],[-36,-33],[-133,25],[-97,30],[-45,30],[-33,9],[-92,-1],[-86,4],[-31,7],[-124,2],[-160,8],[-50,9],[-55,0],[-54,20],[-38,41],[-56,40],[-42,9],[-20,-17],[-12,-38],[-66,-15],[-59,15],[-23,-20],[-33,-72],[-27,-19],[-70,-14],[-64,-2],[-65,32],[-83,5],[-22,8],[-62,54],[-34,15],[-146,10],[-47,-2],[-190,-73],[-53,-37],[-110,-6],[-60,-15],[-134,-44],[-11,72],[-19,25],[-51,10],[-30,29],[18,48],[-40,41],[-35,9],[-42,-45],[-32,-51],[-50,-62],[-18,-12],[-15,27],[-9,57],[-34,35],[-81,1],[-35,-48],[-29,-15],[-24,-35],[-10,-68],[-14,-10],[-95,-8],[-18,46],[17,42],[-14,15],[-40,-5],[-51,79],[-76,20],[-40,22],[-62,-97],[-44,-54],[-30,-81],[36,-97],[1,-108],[-20,-44],[-40,-41],[-69,-23],[-17,-22],[-4,-42],[-45,-24],[-44,-50],[-31,-50],[-1,-80],[-15,-34],[5,-95],[36,-95],[10,-49],[-21,-31],[-57,-22],[-58,-65],[-23,-81],[-14,-95],[12,-53],[64,-100],[3,-23],[-43,-90],[-75,-67],[-68,-4],[-53,-53],[-48,-8],[-25,5],[-27,29],[-85,10],[-121,-39],[-15,6],[-40,66],[-25,17],[-75,25],[-39,48],[-29,16],[-37,40],[-33,22],[-106,48],[-15,25],[-16,82],[4,42],[-8,54],[-127,87],[-76,28],[-147,174],[-22,44],[-57,16],[-39,42],[-1,51],[-48,59],[8,31],[-16,26],[-35,24],[-55,81],[-79,13],[-56,-5],[-55,9],[-68,32],[-54,-11],[-54,-29],[-40,0],[-50,63],[-14,38],[-47,39],[-50,72],[-73,-48],[-94,-11],[-60,1],[-101,29],[-32,25],[-4,23],[-30,33],[-10,48],[14,60],[1,42],[-53,49],[-23,6],[-58,-5],[-86,-27],[-41,-34],[-24,-48],[-40,-31],[-16,-28],[-53,11],[-83,-28],[-114,42],[-33,44],[-27,94],[-9,62],[8,63],[-15,25],[93,53],[22,2],[23,24],[-13,51],[8,20],[63,66],[25,88],[-97,41],[-25,47],[3,79],[12,38],[46,74],[42,113],[44,151],[16,35],[27,13],[42,-6],[27,8],[-20,36],[-9,109],[-28,62],[-50,19],[-57,-27],[-45,2],[-66,45],[-92,-6],[-151,42],[-45,-30],[-38,29],[-52,7],[-80,-33],[-52,34],[-32,-2],[-44,18],[-87,-26],[-24,17],[-38,5],[-25,-13],[-31,-41],[-17,-40],[-43,-17],[-8,-25],[-26,-15],[-32,16],[-23,-14],[-44,-100],[-31,-43],[-73,-58],[-14,-22],[16,-48],[3,-56],[-35,-37],[4,-26],[67,-49],[69,-20],[86,-95],[10,-41],[-51,-49],[6,-41],[-34,-20],[-49,-6],[-35,-23],[-44,-15],[-23,-23],[-4,-80],[-26,-88],[-38,-62],[-74,-60],[-123,27],[-155,49],[-132,32]],[[1638,31226],[-52,82],[-88,77],[-24,86],[-37,35],[-50,21],[-13,19],[7,64],[-29,69],[-14,51],[14,107],[-16,49],[-2,35],[17,36],[1,33],[-81,27],[-56,58],[-45,67],[-12,50],[16,35],[-4,32],[-23,31],[17,53],[45,23],[-7,78],[61,79],[1,56],[-38,47],[0,31],[19,56],[-11,65],[10,53],[-5,70],[-16,125],[33,58],[29,31],[8,27],[-64,124],[-1,34],[34,50],[13,53],[68,61],[18,39],[16,5],[55,6],[155,33],[97,47],[146,84],[23,2],[58,-34],[66,-2],[79,46],[-7,55],[5,40],[60,49],[45,27],[29,4],[38,19],[34,67],[7,47],[-14,65],[19,12],[72,18],[99,55],[18,32],[7,47],[-6,99],[-25,62],[-4,133],[18,59],[-3,79],[-17,38],[12,113],[-16,71],[5,38],[44,82],[-2,70],[40,61],[36,27],[145,62],[63,4],[13,-30],[92,-29],[103,12],[51,36],[19,29],[28,94],[7,52],[29,77],[18,29],[53,48],[16,28],[-45,34],[-38,0],[-35,-13],[-29,32],[-29,101],[29,96],[58,50],[33,76],[43,40],[72,124],[1,54],[10,29],[53,60],[69,11],[42,22],[117,16],[43,45],[27,67],[83,81],[37,53],[-13,76],[-38,72],[14,43],[42,48],[78,105],[14,61],[69,137],[30,13],[128,-12],[39,11],[46,24],[71,53],[57,64],[28,46],[4,43],[-11,69],[-44,150],[-4,64],[-11,49],[-43,23],[-71,2],[-23,10],[-35,43],[-12,42],[14,118],[17,42],[26,20],[33,49],[7,104],[-23,81],[10,28],[70,91],[2,37],[-28,41],[-43,34],[-45,93],[-11,48],[-28,60],[-16,12],[-95,28],[-44,33],[-76,69],[-42,11],[-59,-9],[-66,-50],[-75,-40],[-56,15],[-125,1],[-44,8],[-36,20],[-24,50],[-45,69],[-16,51],[11,30],[65,86],[18,82],[-3,53],[14,91],[17,48],[56,85],[-14,44],[-58,85],[-3,44],[13,49],[41,82],[94,114],[1,68],[25,64],[25,107],[52,-2],[14,9],[64,112],[1,45],[-63,52],[-69,93],[-55,90],[-41,41],[-75,4],[-60,39],[-153,22],[-106,49],[-55,46],[-68,68],[-98,112],[-33,53],[-18,43],[-7,46],[-156,14],[-130,61],[-107,43],[-20,21],[-101,193],[-96,96],[-36,21],[-53,7],[-77,39],[-5,85],[-31,81],[-21,8],[-57,-4],[-14,11],[-36,67],[-22,23],[-130,74],[-33,45],[-16,104],[39,33],[35,47],[41,14],[75,2],[71,27],[36,29],[25,77],[39,71],[-21,56],[3,55],[-13,104],[4,68],[18,98],[1,67],[40,10],[39,36],[64,81],[9,84],[28,36],[37,13],[132,-13],[62,35],[35,9],[55,-27],[77,-27],[38,-34],[41,-17],[101,11],[58,0],[81,-25],[51,-33],[65,-19],[27,15],[16,93],[21,40],[24,20],[77,17],[67,-3],[110,12],[109,-17],[82,31],[33,-3],[96,-28],[16,-42],[23,-13],[25,9],[83,51],[124,19],[74,27],[14,24],[9,97],[14,68],[21,138],[-19,46],[6,56],[21,27],[38,21],[26,111],[-30,80],[3,20],[31,12],[38,53],[9,30],[-9,44],[-28,53],[19,30],[69,68],[155,88],[40,7],[25,-28],[52,-23],[34,0],[78,-27],[40,34],[70,7],[61,23],[68,12],[41,-2],[42,-16],[87,37],[11,50],[17,32]],[[10878,32729],[-25,-58],[-28,13],[-31,43],[-127,125]],[[22468,9207],[-30,-75],[14,-30],[40,-29],[19,-62],[-15,-66],[-31,-72],[10,-42],[69,-63],[22,-4],[75,10],[89,-34],[15,-14],[11,-69],[-13,-37],[-44,-74],[-44,-59],[-27,-70],[-5,-89],[-8,-15],[-67,-29],[-32,-49],[11,-51],[-4,-59],[-10,-22],[-60,-56],[-20,-77],[-25,-47],[-34,-21],[-20,-43],[-5,-75],[-26,-67],[3,-95],[-40,-59],[-62,-31],[-33,-25],[-7,-36],[11,-50],[-7,-43],[-22,-24],[-87,-49],[-45,-63],[-137,-104],[-41,-18],[-30,-29],[39,-125],[-20,-44],[-33,-32],[-44,-126],[-33,-37],[-5,-44],[21,-42],[25,-15],[87,-14],[20,19],[50,-1],[136,-64],[20,-16],[37,1],[117,-47],[90,3],[42,-28],[115,-52],[-12,-30],[-58,-62],[-9,-19],[-83,-87],[-77,-61],[-77,-41],[-95,-66],[-69,-8],[-15,-44],[-35,-200],[11,-50],[9,-211],[-24,-55],[-7,-58],[-23,-93],[30,-74],[38,-19],[-4,-48],[-59,-129],[-45,-31],[-28,-37],[-47,-28],[-49,-16],[-55,-38],[-68,-19],[-42,-83],[-25,-28],[-112,-43],[-20,-20],[0,-57],[-85,-113],[-4,-49],[-12,-28],[-28,-9],[-72,1],[-25,-18],[-46,-104],[-30,-51],[-65,-39],[-75,-20],[-66,-43],[-9,-51],[-39,-59],[-33,-26],[-57,0],[-89,17],[-78,-7],[-72,24],[-109,-18],[-168,-42],[-21,46],[-23,22],[-91,-26],[-94,-55],[-51,32],[-50,-8],[-74,-45],[-38,-12],[-29,27],[-23,58],[-67,32],[-57,42],[-58,16],[-58,-16],[-74,-8],[-13,-15],[-23,-90],[29,-76],[1,-18],[-29,-33],[-68,6],[-22,-48],[2,-36],[23,-45],[-38,-7],[-1,-27],[23,-30],[-2,-49],[8,-109],[-9,-67],[16,-31],[69,-56],[68,19],[52,-71],[31,-75],[-53,-94],[-20,-47],[-74,-10],[-58,-36],[-24,-24],[-29,-80],[-86,-77],[-16,-24],[-59,-24],[-102,-52],[-10,-90],[-31,-64],[15,-49],[6,-79],[-5,-20],[-52,-15],[-40,-66],[-69,-48],[21,-45],[-5,-34],[-20,-23],[-63,-20],[-35,-31],[23,-89],[-19,-70],[-6,-49],[3,-76],[54,-85],[54,-26],[38,-31],[-8,-39],[-88,-3],[-50,-33],[-41,-17],[-182,-35],[-22,-26],[-4,-50],[18,-159],[-135,-117],[-103,-67],[-88,13],[-40,-11],[-15,-60],[-28,-20],[-82,-3],[-128,-17],[-68,1],[-97,-61],[-54,6],[-21,31],[-36,117],[-44,-4],[-106,7],[-140,-43],[-45,0],[-38,-22],[-77,15],[-25,-6],[-61,-55],[-49,-13],[-42,-45],[-43,4],[-99,31],[-28,-33],[-29,-115],[-1,-36],[15,-23],[56,-29],[23,-29],[-2,-56],[-13,-29],[-32,-23],[-25,5],[-37,-11],[-71,-82],[-80,-16],[-23,-13],[-43,-103],[-47,-39],[-34,-13],[-68,-4],[-35,-13],[-19,-38],[0,-103],[-16,-30],[-49,-23],[-34,-34],[-97,-61],[-60,-10],[-39,-21],[-40,-54],[-28,-89],[-71,28],[-42,40],[-26,10],[-52,-1],[-19,31],[-38,21],[-24,59],[-35,47],[-36,76],[-16,6],[-86,-113],[-28,-52],[-36,-50],[-33,-16],[-46,1],[-20,23],[-15,68],[-29,48],[-12,65],[-20,24],[-41,4],[-61,-58],[-69,5],[-72,-28],[-35,2],[-100,19],[-94,-10],[-27,7],[-36,29],[-102,28],[-31,13],[-10,24],[24,70],[-10,42],[-40,68],[27,32],[23,63],[25,42],[20,80],[12,24],[64,50],[82,30],[48,54],[26,71],[-40,90],[-65,76],[2,81],[18,42],[99,127],[54,86],[18,18],[79,32],[29,32],[47,73],[61,48],[16,52],[-7,46],[20,129],[-27,57],[16,15],[79,13],[38,13],[47,58],[14,48],[0,43],[-12,56],[-32,55],[-11,80],[29,76],[30,55],[6,55],[25,141],[30,84],[8,78],[-11,47],[5,24],[29,43],[120,202],[38,45],[95,97],[54,44],[3,16],[-83,70],[-7,29],[-2,129],[-38,189],[-37,114],[-40,39],[-94,57],[-96,79],[-45,29],[-57,20],[-123,56],[-66,10],[-46,59],[-14,88],[-29,80],[-44,78],[-98,103],[-21,75],[-36,50],[-13,66],[-18,48],[30,89],[59,86],[1,21],[-72,121],[-31,92],[-81,120],[-53,21],[-22,27],[-2,80],[-18,138],[-76,211],[-80,161],[-41,64],[-12,54],[-18,24],[-99,1],[-36,8],[-60,-1],[-66,-26],[-36,8],[-50,77],[-9,48],[-48,97],[-10,48],[-35,31],[-15,26],[-32,14],[-33,45],[-19,58],[-29,57],[-26,30],[-2,56],[-25,31],[-130,38],[-36,42],[-33,23],[-94,25],[-81,53],[-120,98],[-58,42],[-38,13],[-50,-6],[-67,-37],[-68,-20],[-21,-19],[-56,-23],[-37,-5],[-61,10],[-93,-4],[-42,5],[-31,18],[-50,71],[-160,163],[-77,72],[-50,27],[-73,11],[-26,19],[-38,47],[-45,81],[-19,21],[-101,55],[-101,44],[-74,7],[-48,23],[-69,1],[-81,15],[-42,14],[-137,71],[-60,42],[-8,22],[-63,3],[-78,27],[-93,21],[-83,45],[-55,21],[-30,25],[-49,26],[-118,78],[-33,33],[-25,47],[-41,34],[-33,-39],[-49,-9],[-49,-56],[-41,-66],[-43,-46],[-24,-67],[-41,-75],[-30,-96],[-27,-34],[-92,-28],[-44,-30],[-78,-63],[-49,-53],[-62,-43],[-142,-8],[-13,-18],[9,-72],[-4,-64],[-10,-33],[-145,-153],[-12,-22],[-74,-78],[-111,-81],[-49,-24],[-76,-47],[-58,-137],[-112,34],[-36,-5],[-93,-43],[-84,-65],[-62,-55],[-95,-131],[-84,-67],[-66,-9],[-74,44],[-38,52],[-55,95],[-53,75],[-25,13],[-57,-12],[-67,-45],[-62,-50],[-41,-57],[-56,-39],[-27,4],[-30,22],[-12,26],[7,88],[12,58],[14,25],[64,76],[83,89],[3,25],[-15,90],[-37,153],[-13,38],[-50,6],[-55,-16],[-77,-32],[-79,-2],[-27,-6],[-117,-60],[-26,4],[-24,29],[-22,135],[0,88],[26,82],[53,76],[56,0],[120,-22],[47,22],[52,95],[36,47],[39,14],[69,63],[5,48],[-10,53],[25,87],[6,190],[-4,59],[-19,42],[-39,14],[-115,-3],[-52,13],[-45,57],[-8,89],[3,41],[22,40],[35,36],[24,62],[-32,179],[-26,55],[-42,25],[-37,-1],[-48,33],[-23,2],[-57,-31],[-60,-41],[-45,-49],[-56,-47],[-18,-30],[5,-19],[43,-43],[11,-29],[1,-56],[-30,-78],[10,-57],[-46,-171],[-54,-43],[-18,-71],[-9,-87],[-25,-48],[-55,-73],[-69,-71],[-60,-95],[-5,-51],[78,-90],[-37,-55],[1,-41],[57,-47],[33,-52],[16,-50],[-16,-41],[-54,-30],[3,-66],[-9,-24],[-46,-8],[-45,9],[-72,-57],[-30,5],[-41,32],[-34,11],[-131,-7],[-102,-24],[-32,7],[-53,51],[-22,3],[-66,-13],[-54,3],[-40,-22],[1,-32],[23,-73],[-16,-46],[-34,-39],[-51,-16],[-66,31],[-68,-20],[-49,-4],[-14,12],[3,71],[-32,10],[-61,-23],[-46,7],[-25,34],[1,45],[-27,10],[-45,-21],[-22,2],[-68,134],[-16,20],[-39,13],[-111,-12],[-76,40],[-31,2],[-44,-39],[-21,-6],[-47,12],[-41,-25],[-3,-46],[-25,-28],[-150,-105],[-51,-64],[-41,-24],[-90,-32],[-14,-19],[27,-35],[4,-25],[-20,-60],[4,-63],[56,-28],[10,-26],[-68,-61],[-10,-38],[9,-31],[56,-108],[46,-144],[18,-94],[27,-109],[20,-34],[63,-66],[41,-36],[25,-50],[22,-71],[5,-53],[60,-127],[18,-47],[0,-51],[-39,-103],[-6,-37],[-19,-16],[-51,-82],[-51,-125],[-43,-71],[10,-124],[-37,-44],[-62,-99],[-10,-32],[-2,-113],[-16,-55],[-41,-62],[-28,-31],[-58,-100],[-4,-82],[-25,-51],[-70,-96],[-61,-141],[-69,-57],[-23,-77],[-19,-19],[-49,-15],[-11,-50],[16,-71],[-11,-103],[-49,-27],[-13,-26],[5,-49],[-14,-50],[-60,-131],[1,-58],[-22,-102],[-6,-57],[35,-29],[104,-11],[14,-47],[-92,-37],[-50,-25],[-81,-53],[-34,-38],[-61,-24],[-61,-15],[3,-23],[27,-16],[-10,-16],[-53,-17],[-22,-43],[15,-56],[-30,-36],[-55,2],[-38,33],[-58,1],[-128,40],[-15,0],[-37,-43],[-40,-20],[-56,-9],[-95,25],[-45,30],[-131,-2],[-44,23],[-85,-20],[-24,-29],[-75,2],[-45,35],[-22,6],[-67,-11],[-32,4],[-84,-36],[-81,-2],[-53,-33],[-39,15],[-27,122],[-31,24],[-117,71],[-55,26],[-70,65],[-65,25],[-21,-4],[-99,-56],[-129,-31],[-93,-27],[-112,-48],[-104,-78],[-142,-93],[-47,-57],[-69,-72],[-125,-196],[-18,55],[-72,72],[-38,143],[35,89],[4,33],[-13,63],[-45,121],[0,69],[-21,146],[-27,68],[2,76],[-11,41],[-23,41],[-47,31],[-31,189],[28,70],[38,57],[52,40],[22,27],[11,71],[25,75],[-41,129],[-14,96],[-36,78],[-21,81],[23,52],[23,12],[51,78],[-1,53],[-24,97],[-34,86],[-16,18],[-27,63],[-69,77],[-139,128],[-55,77],[-54,33],[-82,73],[-17,24],[-7,54],[13,26],[111,56],[31,39],[43,127],[50,78],[7,97],[-84,93],[19,49],[-1,38],[-18,58],[-24,46],[-1,108],[-11,56],[40,52],[10,39],[-3,93],[-21,69],[-98,52],[15,142],[19,49],[25,32],[19,74],[67,76],[16,27],[11,92],[39,72],[37,32],[26,-3],[76,-38],[77,-25],[34,-2],[45,18],[44,0],[67,30],[70,10],[23,29],[35,19],[48,41],[45,10],[44,102],[2,48],[28,51],[33,35],[38,10],[71,4],[30,-8],[177,55],[55,33],[44,107],[29,21],[27,1],[33,24],[40,15],[54,47],[42,7],[61,-10],[19,10],[26,61],[26,87],[81,127],[39,36],[-22,34],[-49,121],[-13,59],[-23,28],[-29,62],[-3,41],[20,88],[-92,51],[-32,35],[-103,95],[7,58],[-6,62],[-17,40],[-125,112],[-72,79],[-29,44],[-36,86],[-8,244],[34,93],[2,21],[-18,105],[5,42],[21,58],[7,55],[-1,68],[-21,110],[-3,96],[9,84],[-18,46],[-37,49],[-34,71],[-16,93],[-39,52],[-33,22],[-124,15],[-4,13],[25,45],[75,92],[2,24],[-13,141],[-17,83],[-10,99],[-40,124],[32,80],[-3,115],[-146,126],[-5,25],[36,57],[5,46],[-17,100],[-1,56],[-15,78],[17,97],[-21,94],[-12,101],[-46,25],[-57,15],[-63,48],[-41,101],[-106,100],[-322,358],[-52,74],[-66,64],[-31,-1],[-39,-26],[-36,-2],[-32,15],[-56,91],[-76,87],[-99,83],[-19,65],[-61,52],[-42,51],[-18,37],[-85,28],[-24,1],[-142,-25],[-69,6],[-72,-26],[-110,-17],[-87,1],[-83,61],[-29,30],[-9,33],[8,80],[23,80],[11,72],[65,71],[25,60],[7,77],[13,22],[-18,111],[-12,119],[-41,12],[-33,24],[-138,24],[-13,18],[30,122],[13,32],[17,93],[-7,144],[-30,88],[0,17],[34,72],[29,111],[12,14],[136,95],[150,65],[61,19],[21,-3],[73,-70],[50,-25],[102,-28],[50,-53],[20,2],[105,90],[30,34],[66,94],[10,41],[23,45],[87,80],[42,62],[70,76],[97,87],[100,102],[38,88],[26,24],[47,-4],[68,8],[26,12],[107,94],[30,35],[70,46],[166,93],[111,74],[104,97],[13,24],[-1,38],[-17,28],[-157,51],[-136,27],[-120,48],[-82,64],[-21,32],[-65,158],[-10,67],[-22,74],[-29,168],[7,42],[66,131],[85,82],[74,77],[124,116],[44,73],[37,32],[91,53],[129,97],[80,90],[45,41],[5,18],[-65,69],[-74,89],[-77,20],[-53,26],[12,17],[91,68],[16,23],[-26,55],[72,113],[57,76],[42,79],[-9,39],[-99,76],[-70,111],[-23,65],[5,40],[33,64],[-6,21],[-48,22],[-16,26],[20,143],[18,37],[49,61],[23,38],[12,62],[34,41],[28,125],[40,77],[7,43],[79,90],[12,89],[34,105],[31,36],[42,23],[46,8],[24,47],[24,23],[46,23],[14,26],[-11,56],[-49,36],[-7,32],[6,54],[32,74],[4,61],[-12,33],[-3,48],[20,92],[-3,18],[-42,27],[-36,11],[-78,-16],[-47,-28],[-56,-9],[-19,14],[-26,79],[-38,66],[-81,99],[-59,15],[-39,29],[-23,39],[-4,79],[-40,160],[-23,25],[-51,29],[17,21],[123,36],[26,35],[3,71],[29,102],[13,97],[20,53],[11,65],[-11,29],[-33,29],[-11,43],[3,67],[-9,33],[-30,39],[-16,92],[32,63],[9,64],[-22,41],[-59,50],[-13,20],[-15,121],[26,65],[-5,75],[98,93],[9,30],[-27,49],[79,17],[86,103],[68,130],[27,36],[-22,91],[2,32],[66,158],[-21,152],[-1,74],[42,-23],[67,-17],[61,44],[27,8],[63,79],[62,47],[7,29],[14,156],[12,21],[55,20],[20,25],[33,121],[42,97],[36,44],[46,42],[11,36],[0,127],[9,40],[43,48],[5,45],[40,71],[70,59],[41,54],[119,268],[18,96],[43,33],[25,39],[-1,45],[-14,21],[-6,97],[9,101],[36,98],[50,120],[34,50],[-3,39],[29,41],[48,156],[36,76],[40,36],[31,51],[15,49],[-14,87],[-5,128],[53,129],[-9,62],[-87,132],[-24,109],[-30,62],[-105,86],[-20,22],[-120,187],[-26,67],[-1,71],[-77,59],[-71,7],[-64,44],[-93,27],[-45,66],[-31,70],[-44,62],[-27,52],[-47,45],[-11,59],[-31,42],[-89,34],[-18,14],[-60,85],[-11,31],[8,51],[-12,23],[-57,29],[-57,51],[-112,30],[-59,-1],[-53,-10],[-46,-20],[-40,-56],[-47,-15],[-60,-1],[-47,-10],[-113,-12],[-55,-32],[-16,3],[-39,54],[-56,28],[-34,60],[28,133],[29,58],[86,129],[4,70],[39,107],[41,26],[6,22],[5,99],[-15,103],[-21,72],[-16,105],[-20,57],[31,77],[31,51],[47,39],[24,31],[38,101],[2,138],[-4,27],[-54,119],[7,96],[-49,93],[-8,47],[4,45],[15,49],[-86,15],[-45,50],[-30,14],[-56,5],[-50,28],[-54,9],[20,35],[-7,35],[-34,51],[-76,15],[-35,39],[28,84],[2,141],[-4,46],[20,75],[39,60],[0,42],[-23,21],[-13,88],[4,53],[21,69],[-2,53],[-61,113],[23,42],[42,-7],[55,17],[59,43],[14,34],[-3,51],[-19,46],[-90,98]],[[25988,46723],[635,-172],[8,-13],[-17,-58],[-30,-23],[-98,-124],[-5,-85],[-94,-148],[173,-106],[22,43],[159,252],[25,4],[84,-57],[25,-4],[454,-314],[1,-49],[48,-31],[49,-42],[34,-10],[131,-129],[467,-152],[74,47],[90,-30],[20,-21],[12,13],[92,281],[-118,39],[13,38],[-23,16],[-66,4],[-49,16],[-3,-10],[84,-28],[1,-22],[-484,159],[1,31],[-37,-6],[-333,233],[-228,155],[33,242],[27,-4],[5,26],[28,8],[-25,23],[10,80],[-24,3],[20,150],[77,-8],[4,21],[25,8],[-65,21],[-96,-2],[65,-15],[-24,-6],[-66,13],[-14,44],[26,14],[-7,20],[-36,5],[-18,39],[-35,5],[-3,17],[14,108],[26,20],[154,-43],[3,56],[-35,7],[1,42],[-129,6],[49,6],[92,1],[27,36],[5,105],[3,-44],[80,-27],[24,9],[12,32],[-20,7],[61,171],[5,26],[-156,54],[0,-139],[-6,-26],[-1,281],[-50,1],[0,11],[50,0],[-1,38],[-79,208],[-19,9],[30,12],[81,-212],[1,-166],[148,-54],[82,-24],[408,-141],[159,-47],[318,-108],[91,-34],[69,-20],[44,-25],[-52,-155],[312,-107],[58,12],[-8,-19],[-52,-9],[-138,47],[-4,-11],[-148,50],[-17,-48],[96,-33],[39,-19],[-25,-40],[-111,38],[15,-23],[-41,-127],[6,-13],[93,-29],[-13,-41],[88,-30],[25,79],[59,168],[6,-2],[-46,-130],[46,-17],[-36,-5],[-8,-45],[20,-38],[46,-8],[82,-28],[-2,-6],[85,-27],[38,28],[7,41],[-38,3],[0,21],[52,-4],[54,18],[57,-2],[-18,-16],[-64,-11],[-17,-17],[34,-59],[38,-36],[44,-28],[71,-20],[28,-1],[22,33],[22,0],[-6,-28],[20,-49],[157,-49],[83,16],[4,36],[-11,39],[-33,32],[18,11],[35,-39],[11,-41],[-18,-115],[80,-60],[38,-18],[69,-46],[69,-24],[40,-34],[57,-5],[-14,22],[43,-30],[-27,6],[-18,-26],[59,-38],[37,15],[9,-39],[30,-19],[40,-1],[14,19],[15,-33],[68,-1],[163,-32],[86,-28],[88,-18],[34,-16],[60,2],[91,-40],[25,2],[71,-21],[46,-3],[69,-37],[39,-8],[9,12],[58,-31],[77,-22],[50,-6],[118,-37],[63,-5],[40,11],[25,-22],[81,-30],[20,5],[18,-20],[53,-20],[40,-3],[23,-18],[91,-29],[78,-38],[48,14],[51,-2],[50,-41]],[[23219,49005],[19,-32],[33,7],[39,-42],[-44,33],[-24,-5],[11,-41],[23,-25],[80,-59],[63,-38],[31,-2],[68,27],[120,-20],[93,-47],[408,-194],[12,-2],[305,-160],[-8,-4],[-148,74],[-33,-45],[33,-29],[-178,123],[-47,-51],[71,-66],[35,38],[30,-27],[-34,-35],[94,-88],[44,45],[33,-30],[-47,-48],[52,-49],[1,-64],[-38,-43],[52,-26],[48,31],[25,34],[80,-64],[103,-62],[105,-37],[122,-34],[-3,-9],[-89,25],[-109,24],[57,-23],[180,-50],[-19,17],[29,13],[42,115],[-3,32],[65,47],[12,-15],[-56,-42],[-32,-89],[-8,-45],[156,-52],[9,26],[82,-28],[27,79],[-139,47],[1,3],[151,-52],[-34,-97],[244,-83],[19,54],[-73,25],[8,23],[73,-25],[30,84],[-230,78],[-51,33],[6,9],[-36,25],[-55,95],[-9,-15],[-116,62],[-40,-41],[-16,20],[58,54],[138,-77],[48,-87],[83,-55],[4,11],[293,-98],[1,-17],[83,-28],[21,29],[55,160],[12,57],[618,-207],[24,-10],[360,-123],[65,63],[0,-9],[-97,-112],[54,-45],[2,-12],[-60,51],[-69,-90],[-27,17],[-213,72],[-36,-14],[-47,-119],[11,-23],[230,-77],[-61,-111],[16,-19],[135,-62],[65,-47],[13,-17],[46,-20],[-8,-73],[-27,-16],[-43,14],[-67,-11],[8,-20],[-81,16],[-21,-75],[-75,20],[-23,-86],[-153,41],[-5,-16],[-303,83],[-177,-63],[-503,199],[-56,15],[-29,-32],[49,-26]],[[25188,47007],[-73,20],[-13,-92]],[[24390,48189],[-8,39],[27,116],[17,7],[-29,-130],[17,-32],[-24,0]],[[28902,47044],[16,14],[56,-54],[-19,-3],[-53,43]],[[26475,47724],[26,-20],[-48,16],[22,4]],[[42476,41295],[31,-57],[7,-68],[-63,-110],[-23,-74],[-23,-107],[-4,-75],[-27,-84],[13,-83],[18,-38],[50,-57]],[[42455,40542],[50,-36],[56,-78],[29,-3],[121,56],[48,9],[26,-76],[-19,-99],[-111,16],[-9,-29],[-74,9],[-22,-18],[-8,-59],[-26,-25],[14,-85],[-7,-14],[-42,-14],[-47,-1],[-139,-49],[-24,-47],[-47,-22],[-20,-44],[-77,-37],[-6,-53],[-24,-67],[-21,-28],[-15,-45],[-19,-22],[-21,4],[51,164],[-1,13],[-47,18],[-10,19],[-40,9],[-34,-117],[-14,-27],[-70,53],[14,-71],[3,-95],[39,-21],[7,-90],[15,-61],[39,-40],[36,-15],[51,8],[20,-14],[3,-40],[-51,-34],[-60,-26],[-14,-16],[-50,27],[-51,-24],[82,-46],[-35,-67],[-8,-32],[-67,-39],[-88,-68],[-45,-44],[-36,2],[-20,-82],[-43,-5],[1,21],[-72,31],[7,17],[-85,12],[-36,-24],[-34,9],[14,71],[-24,23],[-74,-8],[-30,-25],[-28,9],[-12,-30],[-43,11],[-31,-35],[2,-87],[-15,-83],[-69,-64],[-23,12],[9,36],[20,22],[22,59],[-41,2],[-3,15],[-51,-3],[-12,11],[-6,46],[-16,7],[-15,68],[-2,83],[5,42],[37,7],[19,28],[-2,157],[12,81],[33,97],[82,124],[28,59],[13,46],[-1,86],[38,16],[170,125],[10,78],[25,0],[-16,192],[-231,-4],[-38,2],[-94,36],[79,112],[22,62],[-61,2],[27,52],[0,23],[-236,-4],[-151,-34],[-72,1]],[[66531,34455],[-60,-46],[-57,-27],[-30,-52],[-57,-22],[-29,-37],[-14,-83],[-71,-50],[-44,-22],[-58,-51],[-44,-57],[-59,-29],[-79,11],[-53,-4],[77,-65],[26,-87],[66,-47],[26,-26],[40,-97],[27,-43],[35,-22],[30,-49],[5,-41],[-48,-155],[10,-61],[-10,-15],[-84,-22],[-45,-45],[-28,-18],[-86,-39],[-38,-5],[-23,-67],[-38,-18],[-2,-50],[-28,-27],[-35,-64],[-46,-30],[-31,-4],[-22,-18],[-58,-100],[-1,-29],[-40,-50],[7,-82],[-30,-67],[15,-87],[63,-56],[-9,-26],[-24,-4],[-22,-34],[0,-51],[-33,-44],[17,-53],[-56,-104],[5,-21],[38,-53],[1,-107],[-41,-52],[-109,-73],[-24,-22],[-81,-47],[-26,-29],[-59,-96],[-5,-22],[-46,-50],[-32,-17],[-14,-74],[-36,-42],[-19,-50],[59,-89],[41,-74],[2,-49],[-30,-53],[-24,-74],[6,-42],[25,-32],[23,-64],[-1,-58],[8,-42],[30,-28],[10,-70],[-11,-33],[-26,-146],[-77,-35],[-41,9],[-67,-27],[-79,-68],[-55,-63],[-25,-1],[-60,-24],[-28,-33],[-49,-29],[-63,-50],[-38,-16],[-197,22],[-30,-2],[-17,-56],[-41,-46],[-85,-43],[-11,-19],[-88,-26],[-41,-7],[-72,11],[-54,-15],[-34,8],[-25,-11],[-87,-10],[-72,-1],[-60,18],[-78,-1],[-76,18],[-44,18],[-60,8],[-45,17],[-86,13],[-62,-6],[-45,41],[-16,29],[-23,2],[-27,47],[-6,63],[-33,93],[-31,35],[11,37],[-15,111],[-75,73],[-45,11],[-59,2],[-99,14],[-137,58],[-43,-5],[-83,5],[-87,-13],[-103,12],[-84,-21],[-42,-46],[-69,-9],[-30,-19],[-14,-29],[-41,-38],[-75,-30],[-31,3],[-33,-15],[-86,-58],[-39,-5],[-20,-31],[-103,-33],[-56,-8],[-57,8],[-103,-15],[-11,-9],[-128,-4],[-34,13],[-63,42],[-38,-16],[-118,5],[-68,20],[-82,60],[-33,37],[-1,23],[-74,43],[-72,56],[-57,57],[-72,40],[-72,58],[-56,26],[-61,36],[-59,-8],[-34,39],[-33,3],[-23,20],[-27,45],[-40,32],[-22,40],[-57,30],[-45,61],[-28,55],[-30,18],[-14,33],[13,59],[-3,29],[-96,82],[-59,61],[-24,-1],[-16,-27],[-152,-28],[-72,12],[-60,18],[-161,21],[-75,29],[-30,17],[-68,5],[-32,17],[-42,-9],[-57,-60],[-48,-64],[-35,-36],[-25,-50],[-50,-42],[-139,-52],[-77,-49],[-63,3],[-28,-54],[-26,-20],[-52,-14],[-90,-77],[-39,-5],[-125,-51],[-60,-54],[-59,-20],[-59,11],[-103,-6],[-80,9],[-46,-12],[-26,43],[-175,4],[-33,-15],[-37,-40],[-70,-28],[-46,11],[-97,-18],[-62,-17],[-53,24],[-70,-15],[-42,8],[-36,26],[-112,-7],[-47,10],[-48,-38],[-31,13],[-16,39],[-34,44],[5,86],[16,45],[9,65],[2,101],[-26,57],[-14,66],[-1,42],[-23,116],[9,28],[22,8],[34,79],[4,89],[-125,-29],[-40,1],[-69,-13],[-47,-21],[-60,-6],[-72,15],[-57,33],[-58,10],[-63,43],[-111,20],[-65,-16],[-134,-7],[-52,-11],[-33,25],[-85,30],[-52,38],[-11,-41],[-63,-35],[-63,-64],[-57,-41],[-223,-136],[-33,-7],[-71,21],[-75,40],[-23,3],[-76,-13],[-67,34],[-110,6],[-49,31],[-59,11],[-58,-13],[-41,-39],[-34,-13],[-86,4],[-133,-32],[-66,-58],[-68,-44],[-116,-39],[-48,-37],[-43,-15],[-57,11],[-74,-47],[-81,-21],[-57,-28],[-78,-71],[-31,-84],[-51,-15],[-64,-31],[-80,-20],[-48,7],[-59,61],[-59,39],[-53,-27],[-65,-21],[-79,-62],[-98,-7],[-132,26],[-24,-2],[-93,-39],[-31,-5],[-162,53],[-46,39],[-113,49],[-43,-2],[-52,-26],[-63,81],[-71,60],[-11,41],[19,108],[-4,44],[-50,112],[-19,151],[8,80],[-35,88],[-14,73],[-64,76],[-38,34],[-25,58],[-25,23],[-27,68],[-8,81],[-11,23],[-101,136],[-118,93],[-37,35],[-41,79],[-46,50],[-61,99],[-24,31],[-57,47],[-68,27],[-28,21],[-65,72],[-72,103],[-25,70],[-28,19],[-227,-49],[-61,-1],[-46,22],[-93,31],[-69,56],[-76,3],[-72,32],[-56,10],[-79,-24],[-88,-49],[-31,0],[-43,79],[-76,20],[-27,22],[-29,45],[-41,17],[-164,29],[-19,-1],[-77,-76],[-33,-12],[-45,0],[-203,-12],[-67,2],[-125,139],[-26,54],[180,364],[11,35],[-36,25],[-18,30],[1,40],[-72,-11],[-104,21],[-53,46],[-123,52],[-12,25],[9,59],[-9,24],[-49,12],[-56,-1],[-117,52],[-44,40],[-61,99],[-28,10],[-36,-9],[-90,-46],[-35,-26],[-25,-3],[-101,129],[-54,84],[-20,47],[162,93],[8,14],[-33,57],[-43,25],[-70,2],[-42,40],[-120,3],[-55,6],[-42,77],[-9,74],[-42,78],[-3,49],[10,61],[-48,115],[1,17],[40,46],[-8,27],[-50,40],[-41,44],[-25,12],[-53,3],[-14,29],[-58,10],[-82,42],[-27,-19],[-55,-5],[-50,-14],[-13,42],[-28,33],[-82,55],[-57,101],[-44,110],[-24,46],[17,57],[-47,62],[-47,82],[-71,-23],[-154,-29],[-71,9],[-51,34],[-55,-13],[-128,-4],[-38,9],[-68,35],[-71,63],[-115,113],[-88,141],[-22,49],[-58,79],[-24,54],[-92,97],[-64,-11],[-35,25],[-47,14],[8,71],[-125,18],[11,107],[-30,4],[10,74],[27,-3],[11,114],[-20,2],[8,83],[22,0],[-34,55],[-238,30],[-6,-38],[-124,23],[-2,-25],[-45,1],[-27,69],[12,37],[75,77],[58,121],[27,85],[-10,123],[-8,20],[-5,80],[-14,104],[-36,72],[-71,49],[-41,59],[-18,135],[-41,95],[-65,109],[19,15],[-49,11],[-36,46],[-27,-8],[-8,-45],[-89,-3],[1,125],[-96,3],[0,-130],[-75,0],[-8,11],[3,144],[-95,-1],[3,41],[-27,16],[-36,-5],[-14,-44],[5,-22],[-13,-72],[-38,-1],[-28,-15],[-30,68],[-35,-14],[1,-27],[-58,-2],[-22,8],[0,122],[-92,3],[-1,210],[26,26],[59,1],[6,40],[-93,-1],[-8,33],[-34,-2],[-1,19],[-34,1],[-9,43],[-83,0],[0,90],[75,4],[0,28],[-59,2],[-15,78],[-93,0],[1,141],[-46,5],[-2,-19],[-38,1],[-6,-47],[-38,-22],[-57,7],[-6,41],[-77,12],[-17,-16],[2,-45],[-82,-34],[-16,-16],[-44,39],[-29,103],[-33,78],[-24,43],[-100,118],[-28,39],[23,39],[-7,40],[-18,11],[-4,33],[38,6],[9,74],[64,38],[121,13],[11,26],[-9,47],[-33,55],[46,22],[4,16],[-28,46],[58,15],[19,19],[-77,55],[-51,111],[-19,30],[-67,64],[-163,147],[-51,36],[-53,16],[-81,4],[-260,2],[-198,-12],[-104,-1],[-63,-23],[-87,-45],[-63,-23]],[[75780,33031],[-36,-74],[-16,-93],[-25,-69],[-15,-94],[-23,-72],[-23,-116],[-31,-58],[-28,-89],[-3,-76],[7,-216],[-19,-37],[-9,-73],[1,-47],[38,-119],[38,-87],[6,-62],[39,-71],[24,-71],[12,-83],[32,-103],[54,-76],[41,-91],[15,-95],[75,-54],[35,-44],[4,-69],[46,-50],[28,-16],[42,-51],[40,-102],[1,-100],[21,-91],[27,-39],[52,-125],[27,-97],[12,-98],[-9,-38],[-29,-59],[-24,-26],[-50,-33],[-43,-41],[-30,-93],[20,-63],[13,-96],[-18,-59],[-55,-38],[-106,-44],[-74,-58],[-73,-6],[-138,36],[-56,-5],[-136,15],[-136,38],[-50,8],[-56,19],[-80,15],[-45,-7],[-58,-42],[-41,-5],[-101,32],[-79,16],[-59,1],[-81,-11],[-142,0],[-66,-32],[-43,-43],[-83,-47],[-24,-8],[-74,15],[-75,-11],[-67,7],[-72,-27],[-43,-52],[-32,-29],[-19,-52],[6,-51],[-36,-20],[-27,-31],[-21,-49],[-94,-5],[-81,-48],[-40,-41],[-82,-16],[-33,-24],[-24,-37],[-73,-66],[-31,-37],[-6,-73],[-44,-52],[-46,-8],[-34,-57],[-70,-38],[-26,-67],[6,-27],[-67,-19],[-80,-59],[-22,-24],[-61,-22],[-94,-24],[-20,-52],[-63,-53],[-33,-12],[-38,-59],[-56,-26],[-79,-62],[-65,-43],[-208,-123],[-88,-37],[-78,-6],[-30,-36],[-55,-48],[-75,-26],[-76,-2],[-48,-8],[-43,-29],[-59,5],[-19,11],[-39,-3],[-17,-64],[-31,-66],[-47,-29],[-23,-69],[-51,-52],[-90,-150],[-115,-128],[-49,-59],[-53,-41],[-4,-33],[9,-94],[-4,-44],[22,-64],[25,-144],[17,-145],[26,-107],[32,-55],[17,-69],[-4,-47],[-33,-101],[-34,-26],[-16,-57],[2,-37],[-21,-96],[-34,-70],[-14,-116],[-63,-104],[6,-97],[-10,-20],[-61,-46],[-21,-25],[-19,-56],[-26,-33],[58,-112],[5,-25],[-50,-113],[-24,-172],[-2,-142],[-22,-39],[71,-60],[25,-4],[76,-71],[38,-15],[62,15],[84,5],[48,22],[57,15],[72,38],[42,4],[192,-18],[42,8],[54,-3],[45,15],[47,37],[137,-19],[95,-42],[34,-27],[58,-5],[48,-31],[142,10],[42,27],[47,-14],[68,-32],[99,-22],[50,-7],[51,4],[101,16],[25,-6],[58,-35],[-5,-34],[-29,-76],[-22,-33],[-51,-29],[-51,-49],[-65,-104],[-41,-120],[-36,-31],[-68,-118],[-19,-26],[-20,-61],[-64,-94],[-11,-36],[-52,-44]],[[50946,61106],[49,96],[-21,2],[4,87],[10,11],[-19,48],[20,-25],[91,-53],[34,40],[-37,33],[82,92],[-18,15],[-59,-14],[-57,-61],[26,-22],[-58,33],[-64,-28],[-9,11],[27,22],[42,5],[17,-9],[59,62],[14,27],[41,32],[121,54],[35,54],[62,23],[51,34],[18,30],[179,132],[8,-4],[63,67],[42,-10],[-9,30],[19,16],[61,5],[56,12],[143,83],[12,18],[73,41],[13,0],[67,39],[10,-10],[386,169],[227,49],[107,26],[87,27],[204,75],[415,170],[87,44],[204,128],[121,130],[39,99],[95,79],[151,63],[250,79],[99,27],[44,-4],[192,77],[93,47],[22,21],[118,63],[51,56],[42,5],[39,35],[71,23],[139,112],[23,4],[244,209],[-2,15],[81,65],[9,-11],[160,116],[33,15],[128,31],[-4,18],[42,11],[2,-11],[92,22],[233,90],[57,12],[127,0],[19,13],[35,-9],[53,13],[302,86],[22,28],[54,0],[43,22],[67,5],[51,23],[48,-2],[69,15],[53,33],[24,-11],[59,16],[52,-5],[73,15],[-2,11],[109,20],[1,-10],[229,19],[0,6],[185,11],[36,31],[30,-23],[204,30],[43,-4],[57,6],[18,26],[66,-23],[76,28],[52,-16],[55,10],[45,26],[43,-16],[66,20],[52,-11],[74,6],[31,13],[57,-8],[130,32],[61,50],[46,-19],[51,4],[85,19],[56,-13],[199,-9],[63,8],[36,-11],[52,6]],[[59982,64771],[23,-283],[-12,-171],[-15,-79],[-25,-179],[-55,-224],[-38,-167],[-52,-259],[-15,-52],[7,-85],[39,-140],[-75,-14],[-23,-11],[25,-70],[-48,4],[-49,-43],[-66,6],[13,75],[-43,12],[-36,-164],[-156,33],[-39,2],[-98,-11],[3,-56],[-82,17],[-77,-18],[-29,-64],[25,-35],[-13,-78],[-15,-34],[-33,-33],[8,-36],[-11,-11],[-65,0],[-11,-69],[33,-30],[-34,-176],[-74,18],[-9,-37],[75,0],[-10,-57],[-80,6],[25,-83],[-17,-107],[-19,-62],[2,-19],[26,-15],[-20,-117],[55,-76],[2,-45],[-79,-195],[74,-13],[-27,-108],[-117,26],[2,-80],[91,-21],[-10,-45],[-41,10],[12,-100],[-4,-102],[-28,-47],[-22,-108],[36,-109],[60,1],[17,-12],[9,-42],[-17,-45],[33,-16],[16,27],[56,-17],[20,34],[48,-17],[-22,-65],[-17,-12],[-19,-48],[13,-36],[-16,-46],[9,-80],[40,-102],[3,-152],[25,-17],[-12,-32],[23,-50],[8,-87],[23,-57],[21,1],[31,-51],[-24,-15],[12,-58],[71,3],[118,44],[127,43],[-6,21],[47,15],[35,-72],[26,7],[-16,27],[70,15],[26,-43],[-17,-47],[11,-42],[28,-21],[27,36],[-19,33],[159,95],[-24,46],[166,99],[29,-41],[47,-9],[0,-46],[131,6],[222,4],[136,4],[7,49],[112,2],[122,6],[65,10],[4,-17],[68,-10],[6,31],[59,-4],[1,-60],[20,-22],[189,1],[43,-2],[1,-275],[6,-315],[0,-329],[-86,0],[0,-231],[-79,3],[0,-157],[-43,-34],[-45,-3],[13,-105],[-10,-80],[-26,-74],[0,-53],[24,-87],[16,-27],[57,-42],[58,-79],[40,-113],[1,-114],[93,-9],[71,4],[58,-7],[13,-11],[18,-60],[14,-15],[84,-20],[114,-14],[74,18],[48,31],[41,38],[61,28],[46,8],[18,-78],[-3,-37],[42,-38],[5,-29],[-3,-74],[-25,-23],[-46,-18],[-9,-58],[11,-88],[108,-28],[59,-30],[50,-2],[56,29],[68,10],[79,-9],[101,-28],[108,-35],[189,-29],[53,-49],[45,-5],[31,-18],[83,-5],[37,-11],[45,9],[74,-4],[46,10],[34,71],[46,49],[74,127],[54,21],[36,29],[19,53],[19,26],[101,28],[68,-6],[69,43],[21,29],[5,41],[65,65],[48,12],[17,-47],[32,-55],[45,-42],[78,-106],[25,-29],[112,-86],[20,-23],[77,-161],[81,-38],[35,-24],[57,-16],[29,-43],[3,-42],[37,-29],[33,-77],[2,-31],[36,-48],[70,-110],[33,-30],[111,-42],[66,-32],[64,-42],[142,-78],[56,-54],[66,-96],[25,-63],[0,-54],[15,-63],[58,-19],[11,-52],[-12,-58],[11,-82],[-10,-62],[8,-63],[13,-37],[43,-51]],[[67121,66538],[47,-116],[32,-46],[129,-144],[81,-63],[72,-48],[216,-107],[41,-36],[200,-122],[57,-60],[166,-75],[61,-62],[67,-56],[80,-52],[33,-29],[60,-96],[49,-67],[13,-67],[26,-48],[40,-40],[13,-47],[-12,-48],[26,-59],[54,-48],[2,-19],[71,-50],[58,-72],[34,-66],[46,-140],[27,-39],[83,-54],[69,-75],[84,-57],[52,-55],[152,-83],[45,-36],[62,-75],[18,-47],[64,-58],[8,-30],[-4,-59],[27,-34],[1,-36],[-13,-45],[-6,-86],[20,-41],[53,-10],[102,11],[79,23],[103,40],[97,11],[96,-28],[36,-19],[88,-82],[90,-54],[96,-16],[109,-36],[74,-13],[49,-39],[48,-60],[43,-30],[119,-38],[86,-68],[38,-39],[35,-69],[35,-42],[138,-101],[20,-5],[112,31],[22,-1],[60,-34],[61,4],[52,-14],[137,-18],[44,-24],[70,13],[60,23],[62,1],[107,-60],[59,-4],[122,33],[73,28],[77,10],[73,21],[36,2],[181,70],[66,34],[52,4],[88,-11],[138,1],[26,5],[37,-11],[27,-63],[14,-66],[-17,-73],[-8,-82],[2,-53],[43,-71],[24,-28],[120,-163],[3,-23],[-14,-56],[24,-76],[-6,-47],[-41,-65],[9,-54],[20,-61],[43,-62],[44,-23],[69,-5],[38,-14],[22,-56],[50,-201],[19,-18],[43,-9],[19,-24],[12,-67],[156,-177],[5,-18],[-70,-128],[-25,-59],[-49,-80],[-52,-115],[-13,-17],[-114,-101],[6,-24],[47,-41],[42,-105],[-16,-37],[7,-22],[4,-86],[25,-91],[3,-75],[-5,-147],[30,-69],[2,-26],[-32,-77],[-36,-49],[-12,-51],[18,-75],[-14,-55],[14,-68],[-9,-20],[13,-22],[3,-44],[30,-98],[-18,-52],[-56,-29],[-34,9],[-70,-4],[-49,-23],[-23,-36],[-31,-79],[-77,-72],[-50,-65],[-2,-55],[15,-130],[17,-51],[21,-90],[29,-40],[45,-26],[14,-77],[-6,-111],[-64,-79],[-5,-48],[16,-63],[-1,-52],[-27,-90],[-21,-39],[1,-22],[39,-137],[3,-82],[19,-21],[16,-53],[51,-57],[32,-106],[28,-47],[48,-59],[95,-77],[50,-24],[69,-53],[19,-30],[77,-200],[53,-62],[28,-48],[62,-54],[15,-50],[80,-87],[18,-27],[20,-62],[47,-34],[16,-42],[-3,-41],[42,-43],[79,-8],[70,-35],[124,-94],[24,-69],[43,-83],[31,-46],[59,-46],[31,-15],[93,-1],[14,-14],[-8,-61],[18,-102],[54,-143],[43,-74],[34,-46],[2,-32],[-69,-84],[-28,-69],[29,-79],[7,-130],[15,-79],[0,-91],[19,-97],[23,-36],[2,-54],[-23,-100],[-32,-91],[-44,-71],[-27,-26],[4,-24],[29,-23],[63,-24],[50,-31],[32,-36],[21,-52],[12,-76],[-18,-114],[-17,-69],[1,-90],[25,-74],[5,-49],[-18,-113],[-58,-110],[-28,-88],[-38,-155],[-21,-49],[-11,-47],[2,-57],[29,-51],[42,-49],[25,-64],[2,-47],[-26,-130],[-19,-127],[-9,-91],[-2,-100],[-40,-100],[-21,-23],[19,-50],[29,-44],[30,-66],[36,-117],[-4,-50],[7,-47],[22,-73],[-9,-39],[-33,-66],[-56,-52],[-33,-65],[-6,-47],[-12,-23],[-43,-25],[-83,-82],[-64,-38],[1,-32],[53,-33],[6,-95],[89,-135],[77,-64],[74,-67],[67,-36],[135,-101],[34,-11],[41,-31],[33,-39],[30,-62],[69,-36],[75,-3],[32,-20],[10,-63],[23,-26],[56,-22],[48,-61],[36,-30],[92,-48],[66,-74],[20,-70],[-4,-76],[21,-99],[22,-43],[56,-41],[85,-82],[47,-55],[45,-5],[47,-51],[8,-28],[-5,-89],[12,-105],[27,-74],[8,-71],[-30,-96],[-1,-59],[19,-32],[60,-42],[32,-31],[9,-30],[-13,-79],[16,-85],[-8,-40],[43,-94],[38,-57],[45,-51],[98,-96],[24,-36],[9,-41],[-5,-43],[-18,-70],[6,-68],[-53,-67],[-24,-54],[-37,-34],[-32,-47],[-32,-32],[-52,-30],[-20,-23],[1,-29],[37,-120],[18,-73],[-10,-45],[-55,-110],[-17,-22],[-27,-92],[-3,-60],[27,-57],[33,-100],[-1,-83],[-13,-47],[-28,-45],[-16,-58],[-55,-74],[5,-63],[13,-45],[38,-59],[61,-63],[96,-130],[63,-47],[70,-28],[64,-38],[67,-50],[46,-22],[52,-5],[47,-25],[29,-25],[74,-90],[83,-85],[48,-76],[123,-133],[12,-31],[15,-82],[10,-18],[48,-34],[16,-42],[-69,-81],[-4,-115],[-21,-66],[-49,-44],[-77,-29],[-44,-40],[-13,-95],[-34,-73],[-21,-66],[1,-85],[-5,-66],[-381,-580]],[[59982,64771],[55,13],[47,24],[-4,20],[55,7],[400,38],[398,30],[31,-8],[135,4],[10,23],[47,-8],[75,26],[49,0],[81,15],[57,-8],[54,10],[107,1],[32,5],[94,-4],[183,24],[37,-5],[42,17],[198,12],[143,26],[22,31],[20,-13],[70,19],[23,-9],[37,33],[144,148],[100,130],[19,16],[98,56],[91,32],[99,86],[37,47],[98,32],[30,23],[91,91],[41,85],[93,108],[9,22],[30,-27],[161,36],[-8,33],[17,22],[-248,-58],[-19,21],[-34,-3],[-55,-107],[-16,-19],[63,123],[-19,6],[102,3],[0,14],[41,52],[61,-7],[48,13],[50,30],[83,-9],[94,7],[180,-2],[124,-7],[115,3],[167,14],[102,16],[161,17],[93,52],[33,-11],[114,11],[79,13],[72,1],[127,14],[160,-4],[185,50],[83,-3],[112,24],[104,29],[56,5],[154,36],[98,4],[17,22],[37,4],[56,34],[23,-21],[61,12],[25,17],[102,13],[36,18],[36,-6],[64,17],[19,21],[89,-6],[35,20],[36,7],[24,-10],[54,8],[63,27],[40,0],[57,-13],[147,12]]],"transform":{"scale":[0.000012911415150650003,0.000010601949383068538],"translate":[136.76835562,36.27436403]},"objects":{"city":{"type":"GeometryCollection","geometries":[{"arcs":[[[0,1,2,3,4,5,6,7,8]],[[9]]],"type":"MultiPolygon","properties":{"N03_001":"富山県","N03_004":"富山市","PREF_CODE":"16","MERGED_CODE":"16201","N03_007":"16201"},"id":"16201"},{"arcs":[[[10,11,12,13,14,15,16,17]],[[18,19]],[[20]],[[21]],[[22]],[[23]]],"type":"MultiPolygon","properties":{"N03_001":"富山県","N03_004":"高岡市","PREF_CODE":"16","MERGED_CODE":"16202","N03_007":"16202"},"id":"16202"},{"arcs":[[24,25,26,27]],"type":"Polygon","properties":{"N03_001":"富山県","N03_004":"魚津市","PREF_CODE":"16","MERGED_CODE":"16204","N03_007":"16204"},"id":"16204"},{"arcs":[[[-13,28]],[[29]],[[30]],[[31]],[[32]],[[33]]],"type":"MultiPolygon","properties":{"N03_001":"富山県","N03_004":"氷見市","PREF_CODE":"16","MERGED_CODE":"16205","N03_007":"16205"},"id":"16205"},{"arcs":[[-4,34,-25,35],[36]],"type":"Polygon","properties":{"N03_001":"富山県","N03_004":"滑川市","PREF_CODE":"16","MERGED_CODE":"16206","N03_007":"16206"},"id":"16206"},{"arcs":[[[-27,37,38,39,40,41,42]],[[43]],[[44]],[[45]],[[46]]],"type":"MultiPolygon","properties":{"N03_001":"富山県","N03_004":"黒部市","PREF_CODE":"16","MERGED_CODE":"16207","N03_007":"16207"},"id":"16207"},{"arcs":[[-1,47,48,49,50,-18,51]],"type":"Polygon","properties":{"N03_001":"富山県","N03_004":"砺波市","PREF_CODE":"16","MERGED_CODE":"16208","N03_007":"16208"},"id":"16208"},{"arcs":[[[-11,-51,52,53]],[[-49,54]]],"type":"MultiPolygon","properties":{"N03_001":"富山県","N03_004":"小矢部市","PREF_CODE":"16","MERGED_CODE":"16209","N03_007":"16209"},"id":"16209"},{"arcs":[[-9,55,-53,-50,-55,-48]],"type":"Polygon","properties":{"N03_001":"富山県","N03_004":"南砺市","PREF_CODE":"16","MERGED_CODE":"16210","N03_007":"16210"},"id":"16210"},{"arcs":[[[-2,-52,-17,56]],[[-15,57,-19,58]],[[59]],[[60]],[[61]]],"type":"MultiPolygon","properties":{"N03_001":"富山県","N03_004":"射水市","PREF_CODE":"16","MERGED_CODE":"16211","N03_007":"16211"},"id":"16211"},{"arcs":[[-6,62,63]],"type":"Polygon","properties":{"N03_001":"富山県","N03_004":"舟橋村","PREF_CODE":"16","MERGED_CODE":"16321","N03_007":"16321"},"id":"16321"},{"arcs":[[[-5,-36,-28,-43,64,-63]],[[-37]]],"type":"MultiPolygon","properties":{"N03_001":"富山県","N03_004":"上市町","PREF_CODE":"16","MERGED_CODE":"16322","N03_007":"16322"},"id":"16322"},{"arcs":[[-7,-64,-65,-42,65]],"type":"Polygon","properties":{"N03_001":"富山県","N03_004":"立山町","PREF_CODE":"16","MERGED_CODE":"16323","N03_007":"16323"},"id":"16323"},{"arcs":[[-39,66,67]],"type":"Polygon","properties":{"N03_001":"富山県","N03_004":"入善町","PREF_CODE":"16","MERGED_CODE":"16342","N03_007":"16342"},"id":"16342"},{"arcs":[[68,-40,-68,69]],"type":"Polygon","properties":{"N03_001":"富山県","N03_004":"朝日町","PREF_CODE":"16","MERGED_CODE":"16343","N03_007":"16343"},"id":"16343"}]}}}