{"type":"Topology","arcs":[[[34645,26603],[-1,297],[-5,288],[-10,344],[8,6],[384,8],[94,13],[0,274],[-5,133],[-14,22],[8,29],[-7,441],[7,45],[-1,161],[-7,60],[0,110],[5,26],[4,302],[-10,118],[-3,100],[-9,29],[4,149],[7,75],[-7,77],[-1,203],[-8,104]],[[35078,30017],[-5,93],[1,167],[6,52],[-19,92],[7,229],[3,262],[-6,36],[11,22],[17,92],[-8,57],[-22,19],[-14,377],[-179,-4],[-26,11],[-172,5],[-81,8],[-17,35],[37,6],[-1,43],[-56,93],[-48,68],[-16,56],[-68,101],[-9,36],[-56,63],[-45,83],[-21,22],[-48,9],[-20,18],[-18,48],[-33,13],[-34,34],[-20,61],[-52,80],[-79,94],[-15,46],[-45,29],[8,51],[-2,62],[-41,7],[-48,-44],[-32,21],[-9,47],[5,38],[27,79],[2,56],[15,48],[39,91],[28,-1],[9,37],[0,75],[17,9],[-17,32],[10,115],[50,71],[10,36],[36,27],[79,-18],[104,25],[272,1],[38,-1],[51,-25],[30,-4],[439,7],[26,60],[-11,172],[5,38],[-2,133],[54,-2],[-10,440],[-122,4],[-8,-32],[-245,-1],[-55,8],[-43,17],[-55,53],[-67,22],[-22,20],[47,80],[54,-1],[99,-23],[41,32],[25,49],[5,56],[-3,195],[-44,24],[2,111],[-12,18],[-66,2],[-74,16],[21,58],[-55,44],[-15,22],[10,55],[-44,47],[25,44],[179,-11],[54,13],[37,-6],[49,50],[20,58],[11,66],[68,16],[108,-2],[25,11],[-24,45],[-36,40],[-51,34],[5,35],[49,15],[2,29],[-29,18],[-75,6],[-22,50],[11,80],[-21,39],[11,59],[39,51],[20,60],[-96,83],[-95,109],[-69,2],[-69,41],[-201,105],[-42,10],[-55,-6],[-61,4],[-43,71],[-57,26],[-57,-4],[-32,8],[-86,75],[-117,45],[-73,61],[-23,50],[-5,53],[38,71],[63,72],[102,75],[32,35],[62,24],[67,76],[9,46],[29,56],[-4,82],[-21,50],[-30,44],[-24,67],[5,32],[98,60],[52,55],[91,52],[28,23],[14,64],[-17,14],[-35,-4],[-6,61],[-49,84],[0,53],[-24,53],[-58,66],[-63,103],[-51,-1],[-40,39],[-28,13],[-61,-1],[-88,14],[-40,-14],[-73,-4],[-122,114],[-44,57],[-29,70],[-49,48],[-52,36],[-1,84],[16,35],[63,15],[62,41],[35,1],[85,-67],[78,-47],[38,-1],[14,28],[-15,141],[22,83],[43,-7],[19,-45],[42,-43],[38,-13],[71,20],[95,-6],[72,-27],[53,-4],[24,19],[-17,111],[49,3],[84,-13],[79,0],[46,-14],[83,-10],[60,3],[30,36],[40,25],[-23,56],[23,140],[10,14],[92,58],[58,15],[12,59],[22,43]],[[34941,39183],[92,8],[101,2],[35,-14],[35,-29],[60,3],[39,-54],[19,-97],[16,-37],[7,-53],[94,-169],[21,-14],[68,-3],[46,-13],[41,-28],[21,-79],[5,-79],[19,-30],[48,-23],[21,-23],[15,-47],[37,-51],[84,-71],[18,-48],[72,-55],[10,-85],[-9,-70],[24,-50],[82,-17],[49,-74],[14,-61],[-4,-36],[-27,-50],[16,-36],[55,-62],[31,-20],[41,1],[39,16],[37,-7],[25,-55],[20,-13],[67,5],[67,29],[66,-17],[7,-22],[-25,-89],[-6,-47],[15,-54],[27,-49],[13,-69],[4,-71],[39,-26],[22,-34],[9,-71],[22,-13],[91,15],[51,-11],[100,68],[57,18],[40,-5],[38,-43],[10,-99],[76,7],[27,-10],[36,-34],[84,-30],[47,-8],[19,-28],[6,-49],[18,-46],[56,-32],[35,-9],[104,-5],[61,16],[51,-43],[26,-94],[-11,-85],[-22,-33],[-7,-37],[31,-48],[83,-21],[86,-31],[30,-28],[42,-99],[33,-50],[10,-45],[28,-53],[44,-41],[95,-107],[39,-32],[69,-74],[107,55],[55,21],[5,56],[58,79],[30,69],[22,21],[54,-13],[56,-36],[47,11],[66,-37],[18,15],[26,53],[18,-8],[92,-122],[38,-9],[55,11],[67,51],[58,20],[74,-5],[64,-27],[52,-46],[17,-63],[33,-10],[53,-32],[48,-12],[31,-45],[2,-23],[25,-1],[31,-60],[41,-24],[13,-34],[-13,-32],[38,-39],[-2,-46],[44,27],[39,-13],[19,-53],[50,-77],[29,9],[20,29],[30,3],[54,27],[12,35],[32,22],[35,4],[31,41],[37,-7],[57,88],[45,-14],[-4,-62],[25,-78],[46,-8],[33,-62],[53,-15],[24,-17],[9,-50],[-11,-35],[33,-22],[3,-47],[27,-21],[28,-48],[38,-43],[5,-21],[-1,-124],[17,-22],[69,11],[38,-8],[65,8],[32,-14],[41,7],[42,-36],[77,-2],[69,-47],[50,-12],[30,-38],[4,-62],[-23,-92],[19,-92],[53,-87],[12,-60],[23,-46],[44,-31],[-3,-42],[20,-50],[55,-23],[23,-19],[82,-94],[27,-15],[61,-2],[47,-17],[-1,74],[32,33],[66,-22],[4,11],[78,-30],[62,-73],[15,-50],[86,-12],[71,20],[50,73],[35,-11],[42,67],[97,-2],[-3,-28],[124,-14],[146,-27],[41,-25],[48,23],[58,40],[87,76],[31,15],[66,-56],[77,-8],[21,-33],[2,-77],[-13,-88],[17,-113],[-13,-68],[41,-56],[39,-75],[10,-43],[21,-28],[29,-73],[62,5],[113,55],[45,36],[44,49],[45,15],[42,-69],[15,-11],[62,16],[57,-10],[68,-25],[-1,34],[-22,44],[-7,47],[24,44],[16,57],[41,43],[-6,45],[27,99],[-45,73],[-10,34],[13,85],[-25,51],[8,35],[33,30],[22,39],[28,19],[53,-37],[65,-15],[92,28],[51,25],[-13,35],[-42,-11],[-2,27],[-2,379],[116,2],[54,60],[-32,5],[8,42],[27,3],[26,23],[6,50],[-24,140],[-28,55],[-45,52],[-43,-47],[-42,49],[-106,99],[-65,22],[-35,51],[-9,80],[74,17],[27,16],[107,7],[43,-26],[61,-3],[71,22],[91,5],[64,25],[50,7],[61,48],[16,56],[14,11],[83,18],[50,0],[14,63],[44,17],[45,29],[52,-5],[77,60],[35,73],[73,72],[-102,122],[1,23],[-59,38],[-13,23],[-47,29],[28,100],[25,23],[5,50],[39,67],[-22,56],[14,41],[-43,96],[-51,34],[-24,39],[-42,94],[14,36],[46,51],[-1,67],[14,34],[36,34],[-36,104],[-51,78],[-76,54],[-40,52],[-56,58],[41,7],[49,38],[20,64],[43,111],[34,48],[63,1],[28,54],[16,105],[54,41],[17,25],[64,16],[30,18],[46,77],[-23,60]],[[44781,38104],[44,5],[85,39],[65,12],[58,27],[33,0],[115,-101],[59,-25],[6,-94],[19,-49],[28,-46],[54,-10],[11,26],[30,-15],[55,16],[16,33],[55,19],[51,62],[30,19],[56,-34],[49,7],[52,-50],[0,-22],[29,-49],[-2,-26],[55,-116],[7,-55],[30,-31],[38,-109],[66,-52],[36,-10],[52,-37],[57,-7],[138,-49],[32,4],[71,-22],[29,-25],[-9,-39],[11,-63],[-18,-79],[8,-29],[-9,-35],[-3,-69],[35,-75],[32,-46],[11,-42],[28,-21],[34,23],[7,49],[62,18],[40,-11],[42,6],[85,-55],[76,-15],[34,-23],[-61,-116],[-4,-66],[-11,-38],[59,-46],[73,-86],[-42,-133],[7,-97],[106,-41],[81,-60],[22,-32],[32,-16],[54,-4],[17,-47],[8,-58],[19,-30],[2,-56],[17,-66],[61,-34],[16,-39],[38,-43],[119,8],[38,15],[49,73],[29,32],[96,58],[124,-80],[83,-16],[233,99],[156,56],[52,-17],[35,0],[53,-52],[48,-27],[88,-28],[-123,-128],[-25,-78],[-3,-109],[-15,-75],[-18,-50],[18,-117],[36,-90],[-6,-45],[-145,-33],[-25,6],[-81,69],[-38,71],[-102,110],[-110,67],[-31,28],[-5,37],[-103,62],[-28,-28],[-103,-76],[-91,-55],[-88,-41],[-55,-56],[-156,-144],[-119,-133],[41,-13],[133,-23],[4,-24],[5,-180],[-8,-14],[-89,-28],[-176,-41],[19,-66],[39,-176],[-19,-42],[-35,-41],[-36,-81],[-17,-73],[20,-121],[20,-46],[14,-113],[-40,-112],[-158,-169],[-26,-46],[-27,-107],[1,-87],[10,-119],[23,-117],[49,-156],[10,-74],[-7,-85],[-18,-90],[-11,-28],[-63,-89],[-101,-113],[-158,-155],[-62,-69],[-44,-61],[-39,-79],[-16,-127],[12,-87],[31,-74],[36,-61],[29,-28],[127,22],[31,-287],[329,216],[123,78],[63,26],[71,43],[82,58],[165,85],[25,20],[37,3],[73,-20],[-22,30],[90,15],[0,20],[44,-17],[26,7],[36,-21],[64,-51],[58,-26],[32,-26],[97,-53],[78,-60],[69,-27],[32,-25],[19,-45],[-29,-26],[-5,-36],[10,-109],[35,-10],[17,15],[45,-21],[85,55],[-6,-40],[34,-32],[33,11],[13,-32],[25,6],[24,-35],[91,10],[15,-14],[30,38],[35,-25],[34,-3],[19,38],[31,5],[48,-8],[134,59],[28,27],[25,-17],[19,-50],[126,-96],[7,83],[15,33],[64,11],[81,27],[57,-30],[130,-36],[43,-6],[63,30],[19,-32],[-4,-91],[41,-29],[10,-21],[29,-6],[54,-37],[41,-42],[170,-64],[119,8],[27,-14],[17,-65],[48,-93],[29,-31],[69,-22],[18,-28],[30,-19],[38,0],[85,-18],[69,-23],[76,14],[24,-13],[0,-68],[59,-70],[8,-48],[-11,-62],[-153,-2],[-18,-6],[11,-49],[65,-9],[15,-38],[-83,12],[-21,-78],[28,-43],[40,-30],[-3,-17],[-137,-141],[-21,-50],[-29,-35],[-26,-61],[12,-59],[-1,-149],[16,-66],[2,-42],[-29,-63],[-29,-42]],[[50312,29768],[-74,32],[-61,34],[-63,45],[-61,28],[-45,11],[-95,-11],[-52,4],[-44,-19],[-149,-20],[-53,24],[-43,-27],[-70,-20],[-50,-29],[-48,-63],[-49,-27],[-82,-5],[-21,-8],[26,-240],[0,-52],[-28,-101],[-20,-51],[33,-42],[49,-25],[28,-3],[118,-70],[42,-12],[-11,-123],[-23,-14],[-137,-25],[-45,-34],[-50,-10],[-42,-25],[-96,-31],[-92,-18],[-61,-2],[-34,-18],[-65,-15],[-25,5],[-60,-12],[-35,5],[-125,-22],[-80,-5],[-14,-45],[-22,-217],[2,-59],[13,-46],[31,-41],[-23,-120],[-14,-30],[-83,-135],[5,-170],[-107,-22],[-313,10],[-234,-4],[-129,0],[-134,-8],[-152,-37],[-78,-11],[-22,97],[-26,70],[-68,147],[-135,321],[-114,-20],[-127,-36],[-21,-69],[-78,-54],[-114,-17],[-54,-32],[-67,2],[-32,-14],[-102,-18],[-58,0],[-61,-26],[-68,-1],[-93,-23],[-98,18],[-112,44],[-71,-13],[-93,9],[-72,19],[-37,-19],[-68,-63],[-47,-81],[-24,-28],[-169,34],[-159,0],[-264,24],[-47,-123],[-12,-64],[2,-124],[-5,-133],[-12,-2],[3,-94],[55,1],[2,-93],[95,-87],[23,-29],[38,-6],[39,-28],[3,-27],[-16,-39],[-78,-81],[-103,-50],[-9,-95],[-24,-56],[1,-66],[60,-16],[1,100],[94,-65],[-15,-141],[-38,-80],[-26,-156],[-32,-54],[2,-40],[21,-46],[0,-64],[-11,-45],[-36,-45],[-7,-46],[-24,-36],[26,-52],[6,-310],[-12,-22],[-55,-56],[-20,-59],[2,-61],[-46,-49],[-9,-26],[70,-13],[-24,-175],[25,-27],[18,-53],[100,42],[56,-7],[26,-193],[-7,-37],[-38,3],[-82,-19],[-28,-34],[-23,-52],[-32,-26],[-93,-57],[134,-106],[84,-57],[-20,-32],[14,-102],[54,-23],[-12,-51],[-27,-46],[-36,-45],[-87,85],[-22,-17],[-46,39],[-27,-24],[-20,-44],[8,-71],[-12,-8],[-9,-111]],[[44593,24287],[-127,-11],[-135,61],[-66,23],[-57,2],[-237,-83],[2,-42],[-22,0],[-135,22],[-7,147],[-12,38],[-56,105],[-89,130],[-53,24],[-136,8],[-45,-4],[-116,96],[-37,60],[1,63],[-99,17],[-146,54],[26,50],[-177,102],[14,29],[-27,44],[-78,85],[-52,32],[-79,61],[-76,43],[-130,38],[-84,10],[-70,-5],[-78,-21],[-161,-27],[-65,-41],[-39,-35],[-46,-19],[-167,-8],[-10,-25],[46,-145],[-229,-84],[-49,-22],[-29,19],[-25,34],[-35,73],[-85,-33],[-14,29],[-88,-41],[-42,-36],[-68,-72],[-32,-50],[2,-79],[-37,-39],[-67,14],[-37,-41],[-74,-176],[-23,-127],[-26,-55],[3,-39],[15,-25],[74,-45],[0,-52],[-60,-37],[-13,-22],[-11,-73],[2,-38],[-148,-54],[-34,-19],[-46,-158],[-5,-39],[54,-45],[-32,-63],[36,-20],[61,26],[31,-12],[10,-64],[27,-56],[-2,-55],[-25,-26],[-50,-9],[-74,38],[-24,-29],[-19,-53],[-85,2],[1,-34],[-33,-36],[-33,-8]],[[40430,23434],[-78,0],[-87,11],[-49,-10],[-55,-62],[-59,11],[-32,-20],[-25,-37],[1,-74],[-63,-43],[-24,23],[-137,-82],[-34,27],[-45,-25],[-18,-61],[16,-9],[42,31],[82,-38],[3,-44],[-207,-263],[-29,-41],[-58,-40],[0,-19],[-37,-15],[-24,-61],[98,-22],[65,-8],[21,-32],[33,-126],[109,-54],[97,-73],[67,-101],[-27,-37],[-116,-11],[-73,16],[-79,4],[-86,-9],[-91,-15],[-102,13],[-12,-68],[-27,-7],[-102,15],[-20,-29],[-97,16],[-15,-51],[-77,19],[-2,-10],[-60,16],[-13,-54],[-82,18],[-13,-46],[-20,1],[-27,-68],[-55,-228],[-23,-83],[-403,89],[6,23],[-409,89],[-67,-140],[-47,7],[-42,-227],[-121,0],[-30,-32],[-54,-12],[0,-41]],[[37617,21335],[-79,2],[-30,-16],[-46,-51],[-31,-23],[-18,-36],[-9,-53],[-24,-74],[0,-25],[25,-52],[-52,-48],[-25,-3],[-50,32],[-33,-33],[-201,-91],[-2,108],[-11,28],[-43,25],[-61,51],[-86,93],[-59,29],[-105,34],[-85,4],[-86,-16],[-39,-44],[-38,-60],[-69,-68],[-81,-37],[-52,-13],[-24,-33],[-17,-67],[-42,-35],[-18,-35],[-216,44],[-50,14],[-100,40],[-45,29],[23,42],[-58,32],[30,46],[-29,17],[-53,-81],[-83,38],[-67,38],[-71,52],[-30,32],[-59,79],[-48,56],[-74,47],[-224,-149],[-57,-12],[-29,42],[-34,-7],[-28,44],[-36,20],[-45,4],[-65,-68],[-85,-55],[-28,-10],[-112,-56],[-207,-177]],[[34246,20929],[-3,200],[-4,45],[3,314],[10,232],[9,66],[35,178],[19,77],[25,72],[86,200]],[[34426,22313],[29,58],[75,134],[54,82],[72,87],[207,231],[263,264],[115,117],[163,178],[72,96],[127,192],[53,84],[54,104],[22,65],[12,61],[6,105],[-2,107],[-12,120],[-40,171],[-34,88],[-69,155],[-37,102],[-67,140],[-39,68],[-26,-1],[-24,85],[-114,433],[-25,132],[-153,-27],[-39,39],[-7,29],[32,111],[-17,72],[-3,85],[-35,12],[-3,120],[-55,-2],[-86,-22],[-29,1],[2,35],[-217,2],[-1,210],[-5,167]],[[9597,14685],[-57,54],[-11,25],[3,149],[17,67],[57,23],[18,19],[37,91],[40,23],[67,9],[43,35],[15,24],[-6,83],[13,38],[24,24],[82,5],[25,15],[34,94],[34,47],[50,32],[27,51],[-1,77],[20,27],[69,27],[32,48],[-8,76],[12,16],[151,73],[121,25]],[[10505,15962],[22,-19],[104,-69],[60,-15],[119,-71],[75,-24],[103,-26],[52,-41],[64,-70],[1,-69],[25,-28],[75,-39],[45,-10],[27,-45],[32,-92],[37,-31],[62,-20],[54,-62],[94,-93],[34,-25],[70,-23],[33,-27],[18,-37],[15,-120],[28,-30],[35,-11],[55,-53],[47,-27],[49,-65],[18,17],[58,16],[78,2],[41,138],[109,118],[35,13],[94,94],[44,87],[13,48],[-20,57],[78,135],[11,43],[58,79],[8,30],[-6,52],[92,13],[36,40],[52,163],[-4,48],[-92,99],[-47,79],[-76,184],[-76,100],[-10,30],[12,71],[-24,88],[34,23],[30,36],[55,22],[18,-2],[72,-34],[47,5],[123,129],[39,13],[23,-5],[33,-39],[16,-59],[26,-30],[126,-23],[106,-27],[57,-27],[96,10],[83,-15],[51,17],[51,-9],[54,39],[65,14],[90,82],[92,-9],[19,18],[59,13],[55,3],[33,15],[45,54],[8,52],[53,42],[42,5],[58,48],[90,-13],[70,43],[65,17],[29,25],[96,57],[27,-2],[94,80],[60,40],[22,70],[25,19],[39,7],[89,-26],[16,7],[60,77],[29,12],[67,-2],[12,45],[-22,57],[44,42],[15,46],[36,54],[-43,106],[-5,85],[-8,22],[-38,37],[-39,63],[-4,24],[12,79],[40,65],[8,110],[-14,59],[-15,11],[-61,3],[-24,19],[-13,77],[-67,14],[-2,54],[-16,71],[20,45],[1,64],[47,89],[-10,35],[33,39],[13,44],[65,71],[85,16],[37,40],[47,130],[51,44],[4,38],[78,152],[25,60],[70,29],[20,28],[1,88],[19,42],[31,39],[46,99],[38,102],[72,139],[47,58],[26,46],[7,34],[36,59],[61,48],[39,15],[87,-29],[24,-30],[114,-83],[70,-11],[80,8],[25,-29],[43,45],[28,42],[16,57],[29,3],[53,42],[-1,59],[21,46],[4,47],[18,53],[59,93],[12,42],[27,45],[21,97],[0,24],[38,149],[48,108],[33,23],[81,87],[21,34],[17,65],[111,99],[36,64],[11,45],[1,59],[24,55],[53,22],[28,25],[35,12],[34,35],[13,31],[74,29],[103,-42],[4,-47],[43,-29],[40,-1],[52,18],[226,-27],[53,-30],[49,-51],[56,-6],[39,29],[22,30],[57,35],[93,36],[39,21],[59,59],[56,12],[48,34],[59,11],[34,26],[39,10],[32,-11],[36,-56],[78,-53],[27,-26],[20,-90],[39,-59],[76,-97]],[[18731,21331],[36,-33],[2,-64],[40,-51],[76,-27],[32,-26],[5,-84],[69,-72],[27,-82],[60,-39],[-4,-24],[16,-37],[42,-49],[24,-64],[38,-17],[48,-39],[66,-78],[16,-50],[152,-158],[66,-8],[47,9],[47,-9],[31,-54],[30,-14],[78,-7],[41,-10],[111,105],[22,36],[27,21],[79,10],[64,76],[33,9],[52,45],[86,-14],[85,30],[26,16],[64,-10],[53,-25],[23,-36],[4,-43],[-7,-64],[4,-55],[51,-51],[65,-30],[119,-11],[25,3],[45,33],[31,5],[28,-24],[71,-121],[21,-52],[-18,-30],[-55,-8],[-42,-47],[-46,-96],[-9,-37],[11,-41],[30,-28],[65,-112],[48,-39],[33,-13],[68,-3],[24,-11],[90,-8],[38,-28],[117,-125],[28,-55],[36,-31],[19,-49],[-9,-68],[9,-90],[22,-37],[95,-53]],[[21552,19088],[-19,-41],[5,-31],[60,-75],[-4,-14],[-79,-28],[-112,-73],[-40,-60],[65,-97],[103,-127],[-191,-186],[-120,131],[-71,59],[-163,124],[-70,45],[-236,163],[-168,96],[-33,-40],[1,-43],[-119,30],[-16,-1],[-26,-38],[-48,4],[-3,15],[67,32],[-13,53],[10,79],[-120,30],[-83,11],[-151,-5],[-5,14],[-60,-11],[-64,-28],[-75,-63],[-15,-46],[29,-69],[-2,-40],[19,-35],[-140,-139],[-37,-76],[-33,-82],[-35,-57],[-36,-38],[-75,-50],[-13,-58],[18,-69],[-120,-106],[-78,-87],[-52,-28],[-31,-44],[48,-36],[39,-49],[-3,-23],[-46,-82],[-10,-101],[25,-37],[-4,-41],[12,-38],[31,-50],[47,-49],[71,-172],[18,-17],[75,-15],[21,-57],[38,-57],[67,-36],[24,-23],[64,-101],[46,-60],[79,-57],[102,-32],[42,-27],[-5,-37],[-25,-25],[-55,-12],[-16,-18],[0,-259],[3,-102],[12,-91],[12,-11],[80,-21],[50,33],[72,-3],[56,8],[74,-15],[52,-33],[31,-69],[60,-46],[17,-24],[70,-31],[14,-29],[-45,-116],[3,-44],[33,-87],[32,-100],[4,-49],[-25,-26],[-105,-9],[-77,-38],[-86,10],[-39,-11],[-34,-42],[-5,-32],[48,-75],[0,-54],[-25,-85],[3,-48],[82,-141],[59,-47],[241,-80],[34,-35],[-48,-79],[-5,-57],[-59,-33],[-60,-62],[-11,-41],[-42,-73],[-6,-38],[33,-85],[33,-61],[49,-26],[65,-53],[62,-28],[53,-38],[45,-59],[-30,-64],[-46,-51],[-92,-26],[-38,-18],[-40,-45],[-40,-110],[9,-107],[48,-74],[-9,-72],[10,-41],[40,-52],[3,-44],[17,-29],[2,-48],[28,-22],[3,-56],[44,-71],[30,-30],[3,-119],[31,-42],[62,-20],[5,-116],[-13,-27],[-75,2],[-27,-28],[-13,-72],[-31,-58],[-19,-106],[-49,-71],[-20,-63],[25,-43],[44,-35],[11,-26],[45,-34],[67,-23],[36,-25],[10,-57],[40,-34],[47,-15],[4,-59],[34,-52],[12,-37],[-12,-67],[20,-81],[17,-41],[30,-40]],[[20891,11853],[-90,-35],[-28,-37],[-137,-72],[-45,-56],[-73,-39],[-106,-20],[-105,-74],[-40,-9],[-88,38],[-139,18],[-72,-28],[-46,-35],[-40,-65],[-47,-59],[3,-63],[-26,-108],[-86,-37],[-16,-73],[-24,-60],[63,-36],[8,-31],[-17,-30],[-33,-9],[-34,-64],[21,-70],[-38,-38],[-62,-23],[-30,-35],[-12,-90],[-19,-53],[19,-88],[0,-93],[-19,-50],[-19,-106],[-46,-59],[23,-102],[-13,-37],[-39,-41],[-106,-30],[-20,-16],[-18,-53],[-36,-57],[-45,-49],[-42,-21],[-83,-57],[-82,-6],[-54,32],[-47,0],[-86,-40],[-13,-14],[-154,34],[-49,27],[-20,32],[-53,19],[-87,62],[-63,33],[-20,29],[-11,67],[-77,-8],[-100,10],[-50,-3],[-38,-18],[-85,-20],[-46,-25],[-74,4],[-37,-22],[-49,-14],[-30,-61],[-15,-47],[-20,-27],[-45,19],[-46,54],[-82,55],[-54,67],[-22,70],[-62,35],[-51,15],[-63,39],[-72,11],[-68,41],[-30,5],[-10,-17],[41,-77],[12,-40],[-2,-48],[24,-39],[-6,-25],[-43,-30],[-20,-54],[-22,-15],[-57,-2],[-5,-40],[10,-35],[-46,-46],[-51,0],[-47,-62],[-42,42],[-24,67],[-89,57],[-91,43],[-64,-18],[-65,60],[-87,44],[-62,10],[-41,-6],[-47,-66],[-9,-81],[-27,-35],[-38,-13],[-33,-32],[-27,-74],[-44,-31],[-3,-27],[21,-76],[-26,-12],[-14,19],[-82,43],[-114,113],[-16,68],[-43,149],[-25,46],[-4,34],[-27,38],[-16,-10],[-20,-45],[-68,-36],[-6,-31],[-30,-1],[-88,-57],[-6,-36],[-20,-5],[-119,50],[-39,-49],[-53,-153],[-49,-55],[-98,-57],[-52,-12],[-42,-47],[-44,-20],[-34,-48],[-39,-31],[-47,-124],[-56,-77],[-39,17],[-16,21],[-48,27],[-10,-34],[-39,-44],[-45,-26],[-20,-28],[-71,-140],[-87,-282],[-42,-6],[-11,-15],[5,-50],[-16,-19],[-65,-14],[-31,-63],[-111,-94],[-30,-38],[-11,-38],[-28,-52],[-71,-3],[-94,-31],[-52,-37],[-27,-40],[-18,-94],[-27,-39],[-67,-43],[-69,-10],[-56,-21],[-107,94],[-117,46],[-37,27],[-32,62],[-135,49],[-85,76],[-11,47],[6,58],[-27,29],[-49,131],[-64,62],[-1,60],[16,53],[-10,65],[-29,50],[21,48],[-1,52],[49,85],[-89,76],[-44,25],[-70,17],[-31,-4],[-26,-29],[-63,-27],[-31,-49],[-34,-14],[-70,-45],[-62,-57],[-24,-39],[-79,-80],[-16,-24],[-69,-41],[-7,-71],[-16,-17],[-106,-13],[-90,-65],[-42,-59],[-43,-18],[-52,-42],[-187,-103],[-52,-58],[-39,-17],[-96,2],[-48,-67],[-28,-74],[1,-106],[-102,43],[-144,20],[-18,12],[16,54],[-37,88],[-46,72],[-34,34],[-1,36],[-147,155],[-57,55],[-63,-5],[-47,6],[-50,37],[-67,10],[-61,-12],[-53,40],[-67,82],[-26,6],[-68,-37],[-45,5],[-41,62],[-32,22],[-101,-11],[-38,23],[-7,105],[-29,77],[-15,10],[-60,4],[-84,33],[-47,26],[-62,10],[-41,29],[-51,9],[-129,41],[-33,20],[43,35],[42,12],[31,28],[-13,78],[-52,88],[-28,95],[-53,77],[-56,19],[-123,3],[-87,-13],[-41,25],[-101,12],[-121,44],[-13,26],[0,81],[-17,73],[-21,30],[-38,100],[-67,81],[-6,31],[-35,29],[-29,7],[-55,52],[-72,7],[-87,21],[-54,19],[-58,42],[-28,97],[-37,25],[-59,22],[-24,37],[6,14],[66,29],[69,65],[6,57],[-34,31],[-1,31],[19,30],[24,138],[7,11],[88,64],[29,31],[34,11],[25,-30],[33,-13],[52,5],[93,21],[49,-8],[88,-2],[29,12],[118,77],[37,20],[115,11],[36,17],[59,57],[30,37],[95,54],[76,84],[48,60],[57,50],[34,17],[-8,37],[25,44],[28,71],[147,154],[30,41],[28,57],[-2,17],[-66,42],[-102,41],[-32,20],[-11,29],[0,61],[-72,190],[15,77],[62,119],[2,49],[-34,48],[-3,45],[18,63],[48,95],[-3,101],[-19,101],[8,109],[-17,67],[22,114],[33,86],[34,38],[15,50],[11,68],[-6,267],[4,63],[-11,26],[0,42],[22,126],[-18,68],[-102,135],[-14,64],[33,41],[-53,91],[-71,153],[-14,19],[-112,88]],[[23627,20123],[-2,43],[-16,81],[57,58],[59,85],[32,110],[-98,-2],[-19,79],[-78,-11],[-9,-38],[-65,-6],[1,-68],[-24,-31],[-36,47],[6,53],[-8,18],[-10,116],[0,53],[-67,15],[-32,129],[-25,34],[-8,33],[23,104],[47,24],[16,59],[-16,78],[19,96],[66,32],[12,32],[-22,71],[-10,96],[83,25],[54,-6],[39,8],[53,-8],[62,8],[72,-22],[40,1],[0,43],[-74,1],[-9,10],[-8,128],[-14,46],[8,70],[-43,239],[-3,63],[-23,159],[15,31],[4,47],[-22,185],[-21,100],[-9,14],[-53,12],[-80,-12],[-75,14],[-36,19],[-83,95],[-58,145],[-14,7],[-106,5],[-142,81],[-41,9],[-97,-2],[-136,36],[-23,17],[-72,84],[-203,211],[-61,-17],[-131,-49],[-67,50],[142,52],[119,79],[20,41],[94,1],[35,55],[2,76],[-105,3],[-1,63],[142,-3],[15,337],[2,209],[-28,41],[-13,51],[-41,-7],[-41,12],[-57,76],[-29,26],[-36,60],[-1,77],[19,34],[49,32],[-13,45],[-22,14],[13,31],[-43,23],[-27,37],[-36,-31],[-24,9],[-49,59],[-36,10],[-58,54],[-89,19],[13,69],[-29,60],[-37,48],[-15,68],[34,29],[-16,32],[15,64],[44,22],[136,-3],[51,-15],[63,6],[102,-16],[37,-11],[-7,-43],[30,-15],[120,-28],[67,-10],[21,-17],[-79,-158],[-87,-163],[-11,-28],[8,-35],[54,-11],[37,13],[24,25],[73,-3],[35,107],[44,80],[34,34],[86,151],[37,26],[38,-14],[-2,-24],[-35,-59],[-27,-21],[14,-10],[49,39],[31,86],[58,52],[33,-37],[40,26],[36,0],[10,18],[-71,21],[-19,20],[-47,14],[-66,-14],[-96,0],[-84,10],[-29,-7],[-117,-71],[-27,-7],[-66,15],[-66,74],[7,25],[21,-24],[75,-59],[35,-2],[107,59],[-7,16],[-91,20],[-40,22],[-21,26],[-71,11],[-29,33],[-12,49],[-63,101],[-6,74],[-13,29],[5,46],[83,43],[22,74],[57,47],[47,129],[-2,86],[17,50],[14,10]],[[22625,26199],[73,6],[112,43],[46,5],[45,28],[47,4],[56,19],[72,41],[42,14],[47,47],[24,62],[57,43],[58,-22],[33,-28],[26,-2],[69,-40],[44,16],[74,-21],[40,10],[61,-16],[49,58],[50,19],[52,48],[32,-5],[18,-58],[41,-33],[57,-1],[128,-40],[78,-77],[48,-40],[239,-94],[77,-86],[44,-41],[73,-52],[104,-52],[138,-39],[49,11],[-14,54],[-11,110],[3,53],[40,61],[31,15],[12,37],[103,57],[42,-22],[34,0],[-9,27],[90,8],[75,-11],[25,-70],[82,38],[48,-87],[176,77]],[[25655,26273],[19,-83],[-6,-29],[-74,-83],[235,-12],[1,-46],[144,-9],[-7,-63],[141,-9],[-3,-51],[37,-2],[-53,-133],[109,-7],[-5,-79],[51,-1],[1,-53],[79,-10],[-5,-67],[32,-2],[2,-44],[28,-33],[-6,-126],[81,-6],[-4,-52],[130,-7],[3,49],[315,-24],[9,-201],[-10,-66],[17,-94],[-5,-87],[318,-2],[0,-41],[180,-8],[5,-94],[192,12],[-5,92],[-43,-2],[-33,366],[98,8],[-17,172],[117,10],[-18,259],[105,8],[-18,177],[13,1],[-10,131],[222,11],[139,2],[31,-20],[86,-14],[171,34],[94,-54],[84,-16],[53,-39],[43,26],[77,-1],[45,-35],[29,-36],[-2,-53],[33,-61],[-9,-20],[-68,-32],[-39,2],[-50,-11],[-37,14],[-6,-33],[18,-53],[18,-111],[1,-216],[-2,-242],[-5,-48],[-26,-106],[17,-25],[66,-6],[124,24],[9,-6],[71,-120],[35,-104],[48,-99],[55,-67],[51,-36],[49,-15],[66,-1],[68,46],[56,56],[57,67],[29,5],[28,-27],[138,-161],[44,-21],[124,-11],[232,7],[52,-14],[62,-45],[126,-7],[0,45],[20,2]],[[30322,24307],[145,-2],[67,-9],[56,-20],[165,-96],[113,-93],[95,-109],[86,-77],[62,-66],[89,-76],[80,-55]],[[31280,23704],[45,-43],[105,-116],[65,-76],[41,-64],[58,-122],[43,-151],[16,-129],[-3,-129],[5,-278],[14,-254],[53,-516],[7,-99],[-5,-514],[-6,-148],[-5,-217],[-11,-88],[-16,-76],[-32,-106],[-46,-120],[-31,-66],[-52,-88],[-90,-110],[-74,-70],[134,-136],[-27,-27],[146,-146],[-92,-150],[-86,-96],[-33,31],[-40,-52],[-83,101],[-41,6],[-224,-13],[-261,-19],[-195,-11],[-177,-145],[-52,-51],[-40,-26],[-82,-77],[-53,-62],[-56,-80],[-27,-72],[-24,-226],[-2,-143],[7,-107],[67,-334],[10,-81],[27,-171],[46,-217],[5,-62],[15,-52],[51,-63],[70,-103],[-5,-110],[-7,-37],[-46,-94],[-35,11],[-23,-23],[-13,-39],[-52,-113]],[[30163,17135],[-13,-11],[-181,-55],[-80,-29],[-60,-31],[-43,-31],[-133,-116],[-100,-98],[-60,-41],[-84,-83],[-160,-140],[-121,-102],[-132,-120],[-181,-32],[-176,-57],[-54,-12],[-62,-44],[-43,-66],[-48,-19],[-34,-95],[-132,-416],[-8,-17],[-87,-79],[-112,-56],[-46,-1],[-87,12],[-140,-22],[-48,-33]],[[27738,15341],[-50,69],[-71,82],[-81,81],[31,47],[-84,51],[-119,81],[-262,156],[-51,17],[-57,-24],[-215,73],[-84,26],[-49,22],[-73,59],[-71,85],[-27,46],[-38,44],[-19,42],[-13,71],[-16,175],[13,31],[111,44],[102,-20],[20,3],[8,29],[-60,131],[-71,57],[-18,62],[-35,72],[-15,78],[5,160],[6,40],[37,100],[-7,66],[-40,145],[-58,162],[-23,32],[-68,61],[-164,77],[-142,85],[-137,93],[-40,3],[-30,-19],[-7,-49],[-54,32],[-9,23],[18,78],[21,53],[62,93],[12,29],[58,57],[77,52],[33,45],[19,69],[-4,57],[-57,68],[-31,9],[-10,-18],[-19,-102],[-15,-4],[-41,102],[-78,15],[-53,-5],[-116,47],[-115,39],[-1,19],[93,35],[40,43],[1,20],[-74,10],[-50,15],[-60,93],[-27,94],[41,56],[-21,66],[-33,125],[-13,114],[27,74],[26,48],[37,41],[-10,94],[-30,110],[-26,65],[-35,3],[10,-62],[-7,-41],[10,-60],[-85,-35],[-37,19],[-38,41],[10,57],[-40,-4],[0,42],[-27,2],[-16,-59],[-72,8],[-13,30],[14,39],[-5,43],[-43,10],[-67,-2],[-51,11],[-54,-25],[-39,-6],[-31,10],[-8,39],[-39,32],[-37,3],[-56,-38],[-28,-4],[-41,26],[-34,55],[-48,5],[-84,23],[-29,-20],[-25,5],[-51,31],[-31,44],[-158,-32],[-32,7],[-30,-17],[-34,2],[-55,37],[-37,59],[-211,-18],[-29,-17],[-54,32]],[[34246,20929],[6,-205],[16,-418]],[[34268,20306],[-344,-145],[-38,11],[-60,-17],[-49,-3],[-99,7],[-53,13],[-58,44],[-97,39],[2,60],[55,-5],[9,86],[-72,2],[-48,36],[-38,0],[-3,-18],[-75,26],[-8,30],[-89,18],[-53,-22],[-8,-13],[-85,-4],[-66,-29],[-91,23],[12,73],[31,24],[26,66],[1,104],[18,87],[-20,38],[150,145],[24,98],[-154,42],[-13,33],[31,25],[12,59],[-25,22],[13,57],[41,74],[-41,74],[-9,80],[62,142],[18,87],[46,21],[94,-11],[22,205],[-51,53],[-25,1],[-6,37],[-36,5],[-21,94],[-21,22],[-65,-20],[-37,9],[10,97],[-28,16],[-6,47]],[[32953,22351],[40,2],[288,-31],[26,3],[67,29],[18,340],[114,-9],[37,-19],[46,-75],[28,83],[36,64],[47,-45],[60,-76],[41,-65],[73,-162],[33,-41],[49,-15],[96,-7],[4,-30],[72,9],[26,11],[16,62],[21,25],[235,-91]],[[104995,120532],[22,-40],[21,-10],[14,-48],[20,-23],[135,-31],[51,-18],[67,-47],[68,-12],[85,-41],[112,35],[129,8],[284,-111],[112,-39],[174,-41],[204,-28],[125,-57],[147,67],[95,-20],[40,4],[119,31],[168,49],[53,29],[105,30],[48,-2],[175,-37],[31,8],[132,273],[29,41],[23,14],[64,-1],[93,27],[110,17],[76,-3],[50,-28],[139,-105],[55,-16],[40,-31],[101,-8],[118,-37],[74,-4],[51,-54],[46,-21],[51,14],[43,-13],[37,1],[-16,-20],[-13,-66],[-28,-84],[6,-95],[36,-71],[-29,-83],[5,-42],[-26,-123],[12,-55],[66,-66],[0,-110],[-21,-89],[-65,-128],[-26,-159],[-4,-103],[26,-82],[25,-45],[35,-117],[32,-61],[-5,-32],[-23,-22],[-9,-54],[126,-61],[59,-34],[48,-48],[82,-19],[237,-137],[50,-9],[71,19],[39,32],[79,93],[24,10],[142,-3],[111,-11],[40,-15],[47,-33],[101,-7],[103,-50],[31,-39],[24,-56],[102,-2],[53,-32],[96,-42],[49,-49],[99,-19],[87,2],[143,19],[107,0],[91,-28],[61,-52],[59,6],[87,-26],[120,-64],[55,-43],[43,-45],[28,-57],[5,-36],[23,-61],[99,-140],[133,-152],[-4,-80],[23,-71],[29,-40],[17,-46],[49,-90],[-2,-53],[38,-79],[59,-68],[37,-65],[71,-34],[30,-33],[82,-61],[1,-27],[23,-62],[-5,-43],[25,-83],[66,-41],[51,-52],[33,-18],[34,-56],[35,-25],[7,-39],[44,-74],[53,-42],[68,-78],[30,-14],[58,-6],[34,-16],[34,-53],[-16,-21],[62,-157],[127,-36],[157,-1],[96,-15],[98,-25],[76,9],[141,4],[85,-21],[47,5],[15,-44],[30,-84],[-22,-105],[15,-78],[0,-76],[12,-68],[-12,-78],[15,-29],[-17,-65],[-1,-43],[44,-112],[8,-134],[-9,-184],[50,-31],[105,-9],[23,-9],[23,-88],[51,-37],[81,-84],[25,-13],[30,-136],[22,-127],[-13,-30],[2,-63],[35,-19],[50,-68],[19,-91],[-52,-44],[-47,-12],[-40,-23],[-11,-39],[26,-89],[-6,-54],[35,-115],[14,-77],[-87,-86],[-55,-62],[9,-76],[-6,-37],[-34,-102],[2,-47],[-15,-39],[37,-111],[-18,-85],[-47,-103],[3,-35],[54,-81],[80,-91],[28,-69],[25,-25],[54,-17],[37,-28],[67,-94],[-19,-44],[-41,-64],[-29,-109],[-47,-53],[-115,-71],[-30,-36],[-84,-65],[-3,-66],[-33,-21],[-12,-100],[-23,-11],[-40,-99],[-39,-49],[8,-33],[59,-102],[23,-55],[-5,-50],[9,-49],[-9,-40],[28,-69],[-8,-53],[2,-116],[-40,-59],[-1,-33],[14,-49],[-66,-45],[-77,-34],[-32,-4],[-45,-34],[-131,-34],[-51,-56],[-66,-43],[-68,-69],[-62,-32],[-86,-15],[-74,-22],[-89,-73],[0,-56],[-52,-34],[-53,-15],[-18,-25],[-44,-27],[-30,-51],[-131,-84],[-56,-28],[-42,-37],[-69,-49],[-29,-50],[-38,-23],[-111,-29],[-60,-54],[-42,-147],[-27,-40],[-48,-13],[-30,-62],[7,-57],[-40,-64],[-8,-61],[3,-53],[-19,-94],[-19,-39],[-40,-32],[-14,-28],[-63,-49],[-76,-22],[-63,-56],[-24,-37],[-13,-51],[-54,-47],[-75,-89],[-10,-79],[-17,-14],[-71,-20],[-30,-1],[-103,-55],[-104,-93],[-97,33],[-62,-11],[-29,-20],[-2,-177],[-82,-193],[-51,-99],[-34,-136],[9,-33],[-16,-67],[-87,-57],[-39,-48],[-66,-94],[-34,-40],[-62,-27],[-180,-146],[-8,-68],[35,-84],[-5,-18],[-80,-103],[-20,-49],[-11,-92],[-178,-88],[-62,-26],[-57,-12],[-61,-24],[-26,-32],[-16,-58],[-29,-37],[-55,-26],[-18,-21],[-72,-55],[-50,-22],[-90,-95],[-81,-60],[-46,-88],[-20,-54],[2,-77],[-21,-65],[19,-85],[-12,-57],[19,-31],[-3,-74],[-10,-29],[-38,-52],[-59,-28],[-86,-3],[-37,-93],[-37,-38],[-87,-52],[-46,-118],[-5,-78],[-77,-88],[-7,-49],[-6,-121],[10,-66],[-8,-30],[-98,-109],[-49,-43],[-57,-11],[-59,35],[-29,7],[-123,-18],[-60,10],[-24,-5],[-43,-42],[38,-56],[3,-31],[-8,-106],[39,-101],[43,-74],[-69,-75],[0,-78],[-56,-89],[-22,-15],[-57,0],[-23,-30],[-75,-8],[-53,-15],[-102,-14],[-73,-38],[-45,0],[-47,42],[-108,61],[-87,2],[-43,-13],[-33,-29],[-60,-110],[-7,-23],[76,-42],[38,-62],[46,-35],[21,-71],[55,-91],[20,-90],[-48,-96],[-43,-66],[-120,-153],[-11,-57],[56,-79],[13,-90],[39,-163],[37,-85],[6,-31],[-37,-75],[30,-105],[81,-55],[144,-148],[16,-64],[39,-103],[15,-71],[1,-80],[-11,-61],[11,-40],[70,-4],[41,-43],[6,-29],[44,-94],[35,-29],[172,-74],[112,-55],[45,-51],[100,-65],[75,-12],[104,-35],[118,-51],[94,-66],[27,8],[45,54],[23,12],[66,0],[128,17],[22,-33],[2,-40],[21,-19],[20,-65],[-36,-92],[-35,-21],[-25,-76],[-41,-54],[-90,-42],[-31,-21],[-79,-85],[-15,-32],[1,-30],[24,-48],[-17,-79],[20,-59],[42,-40],[55,-41],[-17,-19],[-36,-90],[16,-56],[-23,-60],[-3,-102],[-44,-101],[9,-46],[45,-42],[18,-38],[63,-22],[57,-51],[16,-40],[1,-61],[23,-38],[13,-70],[-4,-84],[10,-24],[76,-50],[-2,-38],[-50,-55],[-38,-56],[-59,-64],[-57,-41],[-48,-25],[-11,-56],[19,-243],[-8,-48],[-54,-79],[-13,-92],[-32,-31],[-132,-54],[-57,-54],[-30,-15],[-108,-75],[-89,-19],[-138,-70],[-85,-60],[-76,-9],[-75,-17],[-72,0],[-49,9],[-103,-32],[-74,-13],[-81,-73],[-98,-53],[-83,-18],[-34,-37],[-25,-49],[-57,-30],[-39,-45],[-41,-31],[-126,-30],[-32,-21],[-27,-74],[-84,-26],[-54,-32],[-28,-27],[-10,-43],[24,-187],[-5,-110],[-22,-75],[16,-126],[-7,-48],[-37,-41],[-99,-80],[-68,-47],[-124,-29],[-77,-43],[-118,-30],[-68,-24],[-91,-10],[-27,-30],[-30,-112],[-37,-57],[-32,-80],[-47,-37],[-35,-42],[-65,-38],[-131,-8],[-17,-25],[5,-72],[-3,-153],[34,-112],[86,-196],[134,-227],[137,-131],[87,-22],[7,-22],[-32,-101],[-48,-102],[-9,-59],[-6,-114],[-26,-93],[-55,-125],[-44,-69],[-34,-88],[-40,-55],[-8,-35],[43,-58],[6,-23],[-15,-77],[11,-77],[-15,-54],[-32,-58],[-101,-50],[-60,-9],[-106,-6],[-113,-31],[-23,-12],[-58,-120],[-12,-114],[-28,-27],[-44,-74],[-12,-59],[39,-211],[17,-49],[102,-69],[59,-83],[30,-20],[33,-59],[96,-141],[15,-44],[48,-9],[16,-49],[33,-16],[95,-92],[46,-38],[247,-100],[85,-29],[13,-44],[-14,-134],[9,-37],[37,-61],[56,-72],[73,-32],[49,-44],[76,-39],[182,-19],[29,-31],[26,-106],[4,-86],[29,-47],[52,-65],[87,-84],[44,-54],[58,-89],[71,-245],[34,-46],[55,-41],[95,-43],[110,-9],[58,-35],[17,-29],[52,-50],[25,-60],[23,-22],[68,-20],[55,56],[97,-16],[83,25],[77,-13],[47,-34],[77,-74],[26,-17],[103,-30],[67,-38],[117,-85],[47,-43],[53,-23],[111,-65],[101,-29],[44,11],[56,-2],[77,-67],[19,-40],[65,-43],[26,-34],[3,-60],[42,-129],[3,-43],[76,-48],[23,-25],[52,-12],[68,13],[71,44],[197,25],[40,-7],[41,-21],[36,-5],[141,28],[67,37],[48,5],[37,16],[69,16],[81,62],[118,13],[97,-17],[99,-2],[80,-66],[82,-76],[-1,-18],[-38,-71],[-48,-53],[1,-57],[-13,-40],[-92,-44],[-19,-71],[9,-76],[-26,-80],[-8,-88],[31,-103],[3,-36],[-52,-107],[2,-31],[29,-43],[32,-25],[32,-72],[36,-54],[14,-39],[26,-35],[99,-87],[37,-40],[15,-96],[-8,-27],[-61,-70],[-12,-45],[-7,-98],[-30,-24],[-90,-52],[-128,-104],[-36,-18],[-51,-43],[-61,-38],[-43,-14],[-122,-69],[-9,-39],[18,-101],[1,-45],[-12,-39],[-31,-48],[-106,-83],[-9,-85],[5,-112],[26,-80],[-11,-52],[-23,-21],[-50,-7],[-57,-39],[-101,-94],[-23,-15],[-74,7],[-61,-69],[-16,-70],[-38,-58],[-55,-51],[-27,-42],[-65,-68],[-39,-75],[-3,-68],[15,-61],[22,-46],[7,-87],[1,-87],[-9,-119],[7,-53],[46,-247],[26,-92],[15,-176],[48,-140],[19,-76],[3,-72],[-67,-92],[-26,-72],[-2,-32],[34,-56],[0,-25],[-31,-62],[-58,-145],[4,-53],[-17,-69],[-53,-89],[-28,-71],[-22,-38],[-89,-75],[-10,-17],[1,-111],[11,-49],[-1,-48],[-122,-171],[-40,-72],[1,-46],[66,-65],[-4,-41],[-68,-102],[-133,-140],[-47,-84],[-38,-49],[6,-86],[-40,-62],[-39,-76],[-13,-11],[-92,-31],[-50,-49],[-67,-17],[-48,-22],[-97,-61],[-41,-32],[-46,-49],[-38,-57],[-93,-36],[-84,-47],[-70,-72],[-62,-23],[-66,-64],[-88,-105],[-17,-62],[-78,-50],[-93,-99],[-63,-22],[-13,-43],[-6,-117],[-84,19],[-117,8],[-83,-8],[-77,17],[-68,-23],[-90,14],[-29,-8],[-19,-79],[-13,-27],[-32,-22],[-122,-45],[-105,-104],[-56,-12],[-72,-86],[-70,-53],[-20,-53],[-63,-56],[-99,-51],[-83,-24],[-141,-2],[-109,-31],[-41,-31],[-129,-31],[-21,-30],[-137,-62],[-69,-6],[-70,-19],[-74,-2],[-30,-17],[-94,-149],[-24,-7],[-113,14],[-26,-14],[-46,-49],[-72,-61],[-31,-7],[-40,7],[-56,-75],[-55,-43],[-11,-41],[0,-142],[-30,-33],[8,-43],[64,-62],[94,-125],[7,-40],[-4,-67],[-26,-75],[-10,-145],[1,-56],[-30,-74],[9,-60],[-5,-42],[-36,-45],[-67,-30],[-38,-47],[-30,-21],[-43,-71],[-26,-84],[0,-72],[35,-31],[23,-59],[-7,-91],[-21,-31],[-74,28],[-41,-26],[-41,-68],[-48,5],[-44,-10],[-104,-50],[-40,-62],[-64,2],[-25,-12],[-5,-33],[-63,-38],[-48,-60],[-143,-94],[-22,-30],[-22,-92],[-9,-87],[-28,-86],[-55,-97],[-16,-67],[-77,-110],[-52,-87],[-23,-146],[-62,-69],[-86,-86],[-20,-64],[-18,-83],[-57,-150],[-64,-102],[-25,-86],[-76,-183],[-4,-70],[26,-169],[-43,-28],[-136,-38],[-94,-39],[-163,-93],[-23,-27],[-9,-36],[-46,6],[-55,30],[-244,63],[-95,18],[-67,-6],[-171,21],[-93,-44],[-41,-10],[-146,0],[-148,7],[-56,-7],[-57,-20],[-55,-44],[-81,-134],[-58,-83],[-39,-88],[-36,-116],[-101,-219],[-83,-169],[-17,-76],[-32,-99],[-35,-75],[-184,-165],[-77,-46],[-24,-23],[-73,-40],[-85,-60],[-42,-96],[-32,-120],[-166,-261],[-17,-51],[-196,-223],[-39,-25],[-108,-48],[-56,-35],[-26,-25],[-31,-82],[-34,-139]],[[100297,74682],[-94,21],[-83,60],[-64,35],[-198,93],[-79,26],[-71,34],[-161,66],[-76,41],[-63,64],[-57,49],[-82,88],[-68,67],[-68,99],[-87,72],[-100,59],[-59,47],[-51,107],[-32,34],[-52,24],[-82,16],[-37,17],[-73,69],[-37,70],[-25,65],[-27,19],[-118,21],[-84,35],[-81,76],[-125,145],[-30,19],[-52,63],[-16,45],[-42,71],[-44,39],[-40,12],[-12,29],[-35,36],[-65,89],[-53,103],[-87,223],[-43,56],[-131,70],[-194,79],[-71,43],[-81,94],[-34,69],[-1,26],[67,62],[30,75],[15,91],[-10,37],[-60,86],[-8,144],[32,63],[-6,136],[-60,38],[-50,50],[29,44],[-5,59],[-31,53],[-11,73],[-66,79],[-22,35],[-6,51],[-28,35],[15,64],[15,29],[-16,55],[-46,42],[-47,114],[-12,47],[-88,51],[-31,28],[-24,51],[-92,73],[-31,4],[-59,31],[-46,13],[-192,-29],[-28,9],[-62,53],[-145,6],[-31,18],[-37,0],[-37,-14],[-92,7],[-21,11],[-24,46],[-33,36],[-65,56],[-68,82],[-49,18],[-11,62],[40,68],[41,42],[12,61],[-109,102],[-15,28],[-9,75],[-53,67],[-47,-2],[-30,12],[-28,56],[-72,29],[-65,8],[-77,-11],[-72,-3],[-92,22],[-55,-6],[-49,-37],[-75,-87],[-50,-96],[-116,-50],[-15,-21],[-16,-60],[-33,-12],[-162,-24],[-80,-36],[-36,1],[-66,25],[-24,53],[-32,23],[-60,-5],[-103,50],[-45,14],[-35,-10],[-18,-23],[-89,-35],[-53,-8],[-72,-32],[-62,-39],[-71,-11],[-18,-13],[-1,-43],[-21,-21],[-65,-33],[-14,-20],[-8,-94],[11,-139],[22,-50],[-10,-68],[-22,-26],[-41,-18],[-55,-50],[-108,-26],[-73,-41],[-37,-6],[-102,5],[-68,-66],[-116,-61],[-65,-73],[-28,-93],[-129,-158],[-47,-63],[-43,-10],[-119,0],[-42,-15],[-30,-26],[-46,-67],[-71,-50],[-24,-83],[12,-103],[-71,-36],[-92,-26],[-39,-5],[-105,-50],[-87,-93],[-8,-50],[-55,-15],[-66,8],[-35,-8],[-76,-44],[-53,-17],[-93,-55],[-35,-32],[-65,18],[-135,-33],[-21,-11],[-61,14],[-132,-36],[-32,-28],[-26,-38],[-150,-23],[-21,19],[-7,166],[-8,24],[-53,52],[-91,115],[-92,135],[-6,47],[9,27],[81,137],[31,91],[-4,109],[17,66],[120,78],[132,109],[69,51],[-49,47],[-70,94],[9,86],[23,55],[-22,41],[-78,62],[-9,42],[53,58],[11,53],[37,65],[56,36],[90,90],[-20,137],[-32,77],[22,69],[-45,81],[-34,44],[-52,46],[-232,107],[-105,55],[-22,19],[-76,90],[-67,36],[-63,20],[-88,7],[-63,14],[-180,79],[-81,66],[-97,38],[-8,13],[-10,87],[-80,87],[-24,83],[-80,119],[-84,157],[-14,45],[2,36],[32,45],[3,43],[-19,24],[-47,24],[-64,19],[-30,31],[-14,113],[-79,158],[-8,80],[-23,37],[-82,28],[-82,35],[-58,47],[-35,9],[-95,7],[-82,-50],[-39,-6],[-92,49],[-4,27],[9,76],[-3,43],[34,53],[29,114],[-8,77],[32,79],[56,104],[66,55],[14,25],[72,210],[-1,27],[-59,175],[-41,107],[-117,-53],[-160,-45],[-107,-25],[-139,-7],[-70,-9],[-37,-31],[-24,-42],[-55,12],[-107,-34],[-154,14],[-162,-9],[-50,-20],[-46,-108],[5,-102],[-51,-92],[-22,-87],[-22,-27],[-80,-49],[-36,-8],[-84,3],[-46,12],[-44,0],[-74,-47],[-30,-10],[-120,-5],[-59,13],[-36,-2],[-76,-36],[-31,-4],[-107,21],[-104,-13],[-127,6],[-82,-22],[-120,9],[-36,-4],[-92,-54],[-47,-15],[-113,-63],[-41,-6],[-128,-64],[-26,-31],[-100,-162],[-57,-44],[-51,-11],[-78,11],[-56,-4],[-153,10],[-32,-8],[-127,-69],[-105,-20],[-42,-56],[-63,-38],[-84,4],[-59,-16],[-81,-56],[-53,-6],[-75,29],[-37,-20],[-34,-4],[-48,-30],[-32,-49],[-15,-7],[-180,-9],[-69,7],[-58,71],[-3,38],[36,74],[-24,25],[-89,2],[-47,41],[-9,57],[-53,14],[-49,-3],[-80,61],[-31,3],[-84,-22],[-65,-51],[-18,-87],[-51,-17],[-46,-44],[-28,-86],[-28,-14],[-46,-43],[-49,46],[-59,86],[-61,36],[-115,17],[-35,24],[-239,54],[-107,17],[-64,30],[-94,86],[-58,17],[-185,-13],[-25,-7],[-126,-112],[-72,-47],[-120,-54],[-46,-35],[-38,17],[-12,62],[-58,146],[-61,74],[-24,48],[-5,48],[23,87],[-4,39],[-16,21],[-69,50],[-38,7],[-76,-13],[-102,-57],[-26,-8],[-43,10],[-30,25],[-27,53],[-30,19],[-65,2],[-79,55],[-25,79],[-79,51],[-83,20],[-86,-16],[-34,1],[-51,77],[-67,37],[-60,46],[-25,56],[-23,105],[-38,134],[-31,42],[-29,63],[-26,17],[-34,63],[-109,64],[-48,93],[20,31],[-65,89],[-2,52],[-18,40],[-48,26],[-8,36],[-75,55],[-20,34],[-3,61],[-30,34],[-47,22],[-23,32],[-66,41],[-29,43],[-14,51],[-48,46],[-32,86],[-95,98],[-37,111],[19,68],[3,46],[30,68],[0,62],[-27,47],[-64,72],[3,27],[52,69],[3,71],[-16,98],[-13,24],[-43,42],[-178,-28],[-96,-19],[-93,1],[-56,44],[-89,55],[-93,47],[-101,85],[-170,60],[-141,30],[-123,4],[-84,-16],[-81,20],[-41,26],[-121,104],[-82,52],[-95,82],[-30,-6],[-97,-45],[-43,-25],[-219,-71],[-46,-3],[-37,23],[-50,64],[-97,70],[-51,13],[-28,24],[-34,50],[9,56],[-16,40],[-50,59],[-121,-67],[-104,-25],[-31,-19],[-9,25],[-67,106],[-13,10],[-94,27],[-15,14],[-31,84],[-45,65],[-31,94],[4,59],[-25,112],[-17,54],[-29,134],[-31,56],[-36,-20],[-65,-62],[-38,-19],[-48,-9],[-73,-33],[-93,-68],[-19,-2],[-79,63],[-26,3],[-69,-28],[-63,0],[-103,55],[-17,25],[-59,52],[-91,-13],[-66,15],[-39,-12],[-71,-67],[-68,-47],[-78,-22],[-57,-39],[-73,-37],[-62,-72],[-10,-20],[-2,-57],[-28,-45],[-34,-22],[-43,18],[-26,-2],[-46,-27],[-28,-27],[-72,-97],[-18,-55],[-32,-45],[-22,-68],[-53,-60],[-31,-13],[-75,-12],[-70,-21],[-25,3],[-69,54],[-57,28],[-36,8],[-5,-50],[-18,-30],[-64,-56],[-20,4],[-58,-33],[-38,-41],[-70,-23],[-24,-64],[-97,-99],[-19,-38],[-24,-15],[-67,2],[-38,-14],[-18,-31],[-23,-127],[0,-45],[-12,-21],[-108,-21],[-154,-55],[-61,-17],[-122,-115],[-39,-97],[-19,-82],[-36,-30],[-13,-36],[-73,-112],[-130,-12],[-27,-12],[-45,-43],[-22,-103],[5,-106],[-28,-65],[3,-52],[-42,-60],[-74,-35],[-17,-17],[-10,-46],[-63,-37],[-11,-25],[25,-50],[0,-29],[-81,-123],[-114,-148],[29,-117],[2,-55],[-19,-29],[-53,-34],[-201,-93],[-83,2],[-62,-24],[-50,-38],[-87,-19],[-50,-1],[-39,-11],[-52,-37],[-129,-62],[-23,-26],[-30,-161],[-59,-82],[-39,-33],[-78,-17],[-55,-58],[-145,-53],[-81,3],[-34,12],[-53,1],[-49,-9],[-84,-97],[-52,-28],[-27,-29],[-84,-130],[-54,-107],[-7,-55],[-20,-49],[-9,-55],[9,-58],[-34,-87],[-56,-92],[-91,-40],[-71,-19],[-29,-19],[-22,-57],[-92,-82],[-63,-2],[-34,-40],[-5,-114],[-36,-84],[-33,-44],[-7,-103],[5,-75],[-59,-21],[-63,-52],[-14,-21],[3,-74],[-27,-52],[-55,-26],[-42,-73],[-13,-36],[9,-132],[34,-86],[-23,-61],[3,-69],[-38,-44],[6,-38],[24,-27],[-40,-44],[-56,-5],[-41,-28],[-47,-15],[-33,-27],[-60,-70],[-48,-32],[-38,-81],[-64,-67],[-36,-73],[-30,-41],[-45,-32],[-27,-41],[-52,-32],[-32,-33],[-28,-71],[16,-33],[-36,-57],[-37,-75],[-27,-76],[-18,-115],[-49,-130],[-15,-56],[-35,-36],[-67,-48],[-9,-59],[33,-32],[17,-88],[15,-38],[28,-29],[85,-52],[188,-57],[68,-31],[114,-127],[101,-60],[72,-86],[93,-55],[127,-47],[74,-52],[36,-19],[34,-3],[112,53],[106,-106],[24,-44],[7,-58],[-11,-48],[1,-57],[-24,-120],[-12,-23],[-48,-37],[-78,-33],[-4,-58],[-20,-96],[-4,-54],[-76,-96],[-28,-60],[-18,-63],[18,-56],[-5,-20],[-69,-53],[-87,-82],[17,-131],[-48,-69],[5,-45],[-42,-82],[-15,-15],[-91,-32],[-36,-24],[-11,-63],[-25,-58],[-33,-140],[-9,-19],[-45,-17],[-29,2],[-72,42],[-53,0],[-39,-51],[-32,-61],[-47,-60],[-11,-56],[-55,-10],[-25,-41],[-31,-22],[-9,-28],[5,-66],[-14,-42],[-17,-8],[-99,-3],[-34,-52],[-115,-92],[-93,12]],[[68645,75816],[-77,30],[-82,49],[-29,70],[-67,21],[-55,-8],[-32,48],[-73,54],[-53,17],[-117,24],[-55,-1],[-22,-37],[-57,-17],[-18,-25],[24,-67],[-38,-34],[-62,-84],[9,-62],[40,-51],[-7,-51],[-1,-89],[-58,-115],[-50,-49],[-55,-29],[-46,-50],[11,-51],[22,-51],[-17,-48],[-51,-55],[-25,-50],[0,-31],[22,-40],[-1,-46],[13,-31],[2,-75],[12,-19],[97,-73],[57,-67],[6,-33],[50,-58],[-17,-48],[1,-79],[-18,-46],[25,-69],[9,-69],[13,-29],[38,-38],[-21,-107],[8,-81],[-28,-85],[3,-65],[-22,-16],[-51,-6],[-6,-75],[42,-32],[11,-32],[-24,-122],[-44,-89],[0,-45],[-17,-38],[3,-53],[-41,-95],[-22,-24],[-37,-6],[-35,-76],[-37,-10],[-112,13],[-49,32],[-66,-1],[-42,-23],[-42,-67],[-121,-28],[-36,69],[35,77],[-5,59],[3,73],[-27,52],[-53,204],[0,55],[-23,71],[31,75],[-13,79],[51,73],[-18,88],[-28,20],[-127,46],[-59,35],[-16,21],[-8,44],[-47,43],[-11,54],[-73,76],[-40,130],[-34,6],[-66,-4],[-46,60],[-56,-7],[-31,-64],[-87,-73],[-33,-5],[-31,20],[-40,50],[-56,13],[-44,50],[-56,47],[-65,139],[-4,51],[-73,88],[-13,41],[-49,42],[17,119],[18,83],[-7,18],[-38,25],[-62,20],[-15,14],[-19,105],[44,74],[-21,50],[-6,53],[-30,61],[-4,28],[34,125],[32,37],[9,41],[-17,47],[-69,70],[-98,109],[-5,32],[42,95],[4,59],[-26,60],[-46,32],[-26,0],[-24,21],[-12,61],[-38,60],[1,75],[11,37],[66,25],[63,14],[27,17],[17,60],[-24,120],[9,14],[64,29],[54,78],[14,75],[18,46],[-62,113],[-66,0],[-34,31],[6,76],[-19,65],[-44,34],[-64,21],[-54,31],[-90,20],[-81,-38],[-24,18],[28,101],[1,40],[-15,29],[-72,63],[-15,4],[-75,-26],[-37,24],[-29,83],[-59,51],[-27,14],[-98,93],[-4,68],[-34,51],[-12,72],[-36,26],[-45,48],[-20,49],[13,28],[-4,100],[-28,50],[-61,67],[-23,131],[5,44],[-21,110],[-51,31],[-17,27],[-51,14],[-53,44],[-18,49],[-49,32],[-54,18],[-58,58],[-34,60],[-34,22],[-57,8],[-31,-13],[-57,-62],[-46,-78],[-9,-73],[-23,-40],[-28,-23],[-62,-27],[-26,-34],[-54,-103],[-33,-28],[-67,-27],[-9,-36],[-26,-29],[-57,-21],[-122,18],[-43,-7],[-50,-28],[-36,-48],[-45,8],[-93,31],[-7,22],[40,68],[-15,49],[-115,96],[-29,1],[-77,-30],[-31,-4],[-84,22],[-34,29],[-87,0],[-39,9],[-39,26],[-130,70],[-46,-1],[-91,-21],[-39,12],[-31,25],[-2,65],[-72,39],[-31,36],[-96,37],[-96,74],[-72,-16],[-20,8],[-153,-19],[-20,-13],[-31,-50],[-26,-19],[-61,-6],[-31,-24],[-20,-39],[-19,-144],[-18,-58],[-37,-61],[-11,-41],[-33,-29],[-25,-56],[-54,-60],[31,-28],[7,-28],[-17,-88],[-55,-39],[-47,-4],[-74,-59],[-33,-17],[-65,4],[-124,29],[-49,7],[-98,-13],[-115,-35],[-33,-17],[-56,-53],[-47,-81],[-90,-116],[-64,-96],[-7,-30],[-32,-46],[-9,-44],[-25,-28],[-63,-99],[-54,-92],[-62,-45],[-45,-80],[-43,-30],[-40,-62],[-110,-140],[-52,-54],[-77,-35],[-25,-124],[3,-71],[-15,-44],[-4,-66],[23,-52],[7,-45],[-10,-52],[12,-25],[41,-37],[41,-53],[22,-40],[8,-40],[-9,-54],[31,-118],[-3,-20],[-72,-100],[-14,-63],[-38,29],[-28,3],[-105,-46],[-25,-5],[-69,11],[-33,-12],[-92,-64],[-53,1],[-53,27],[-24,-2],[-90,-83],[-78,-91],[-81,-57],[-38,-149],[-15,-40],[-17,-74],[-39,-68],[-13,-46],[7,-41],[-8,-30],[-66,-41],[-172,-141],[-28,-33],[-26,-101],[-44,-21],[-44,-4],[-46,30],[-39,89],[-31,25],[-121,4],[-77,11],[-92,-7],[-29,7],[-75,129],[-26,37],[-61,63],[-21,61],[-26,45],[-46,36],[-140,74],[-69,51],[-9,27],[29,86],[54,58],[10,23],[18,118],[-7,32],[-2,82],[23,44],[13,73],[-17,70],[-54,101],[-5,69],[-86,95],[39,177],[28,55],[-16,114],[17,71],[-6,47],[-29,52],[4,47],[-13,45],[-33,45],[-22,89],[-37,94],[-3,104],[-43,58],[-34,96],[-33,142],[-39,57],[-4,69],[-39,53],[-5,37],[17,37],[35,35],[18,68],[25,28],[60,-4],[41,30],[19,59],[19,89],[40,78],[-20,92],[-37,77],[7,91],[34,82],[-11,24],[-102,19],[-22,77],[-35,34],[-97,24],[-65,57],[-10,26],[2,59],[-42,63],[-74,28],[-9,47],[-34,45],[-12,50],[-1,72],[-34,66],[-13,114],[43,112],[-19,39],[-14,66],[-3,64],[-40,43],[-71,31],[-91,47],[-86,78],[-64,94],[-28,28],[2,27],[48,57],[-1,44],[-34,37],[-3,91],[-18,108],[2,51],[24,41],[-38,32],[-17,35],[-10,72],[-36,90],[-50,-1],[-48,-34],[-56,-5],[-77,40],[-26,38],[-11,45],[-62,58],[-40,25],[-32,42],[-42,11],[-49,-15],[-57,-43],[-117,-44],[-44,5],[-116,67],[-20,39],[-56,36],[-77,65],[-25,28],[-24,67],[-3,47],[-19,16],[-47,1],[-33,20],[-59,-38],[-32,2],[-11,34],[-4,74],[-48,65],[-48,37],[-16,27],[-30,94],[-24,52],[-90,123],[-11,47],[36,96],[2,26],[-108,2],[-57,-49],[-115,-72],[-92,-25],[-40,108],[-5,74],[-14,52],[4,55],[-8,29],[-46,92],[-8,36],[-2,93],[-15,69],[-16,36],[-28,8],[-169,-31],[-21,0],[-39,39],[-1,35],[-22,89],[-41,111],[-6,83],[-15,76],[-14,127],[-21,83],[-7,56],[8,163],[-25,38],[-9,38],[31,32],[-6,15],[-50,21],[-95,65],[-38,16],[-63,48],[-233,143],[-234,111],[-116,52],[-396,190],[-321,111],[-45,6],[-66,-5],[-99,-69],[-65,-13],[-73,4],[-32,50],[-18,5],[-53,-39],[-18,12],[23,119],[30,73],[59,73],[15,29],[-11,41],[-51,77],[-71,49],[-78,-7],[-35,6],[-105,33],[-18,18],[8,68],[-15,46],[-86,100],[-7,48],[30,67],[15,62],[7,76],[-9,21],[-60,29],[-65,61],[-51,9],[-45,-4],[-28,19],[-21,82],[-20,33],[-60,61],[-38,11],[-41,-8],[-49,-30],[-37,10],[10,72],[-81,52],[-56,-19],[-48,16],[-33,-8],[-23,-24],[-31,-5],[-29,-38],[-83,-4],[-33,-31],[22,-55],[-28,-78],[-8,-78],[-56,-35],[-34,-47],[-40,-25],[-81,-21],[-98,-38],[-94,-100],[-72,-22],[-62,7],[-76,33],[-21,-1],[-51,-40],[-46,0],[-48,-22],[-17,-21],[-24,-140],[22,-99],[-15,-20],[-36,-6],[-157,8],[-32,-6],[-116,-65],[-98,-7],[-77,-25],[-38,-35],[-28,-70],[-25,-30],[-159,19],[-55,17],[-86,0],[-52,-18],[-77,-45],[-72,-52],[-189,-27],[-37,-16],[-39,2],[-54,22],[-31,-9],[-98,-64],[-104,-76],[-34,-17],[-220,-69],[-76,-41],[-37,-35],[-89,-67],[-84,-42],[-89,-52],[-94,-29],[-411,-67],[-60,-17],[-180,-14],[-21,-16],[-46,-87],[-44,-57],[-136,-145],[-94,-78],[-119,-126],[-171,-162],[-47,112],[-6,84],[-51,59],[-22,75],[-43,57],[-32,64],[-58,169],[-32,12],[-85,-3],[-27,11],[-23,42],[-43,45],[-86,42],[-33,32],[-40,60],[-26,64],[-26,34],[-62,23],[-132,-25],[-95,-8],[-57,-11],[-33,-23],[-53,-64],[-51,-38],[-39,-2],[-109,34],[-31,22],[-49,74],[-74,-40],[-52,-14],[-56,-3],[-57,7],[-227,89],[-37,28],[-163,189],[-63,85],[-16,62],[-18,124],[-49,106],[-62,68],[-11,226],[-7,60],[-32,81],[-20,33],[-46,49],[-57,41],[-20,35],[-1,148],[-16,76],[-45,122],[-47,74],[-56,62],[-103,79],[-84,78],[-52,42],[-54,24],[-86,-3],[-188,-25],[-99,3],[-70,20],[-27,28],[2,24],[46,64],[69,34],[40,36],[-2,73],[-31,119],[5,53],[19,81],[11,72],[-8,115],[-19,114],[13,47],[33,38],[102,52],[40,33],[58,84],[21,44],[-55,51],[-69,77],[-17,73],[-46,84],[-40,38],[-51,84],[-29,98],[-18,33],[-65,69],[-70,130],[-60,60],[-41,20],[-197,57],[-217,-29],[-192,-5],[-48,13],[-94,75],[-45,26],[-55,-3],[-68,-25],[-30,-3],[-38,15],[-62,81],[-48,52],[-53,30],[-102,7],[-72,-20],[-60,-33],[-106,-127],[-47,55],[-52,41],[-63,14],[-55,80],[-55,64],[-67,55],[-46,28],[-36,61],[-75,45],[-65,11],[-105,-2],[-38,-10],[-32,18],[-23,37],[-23,109],[-34,58],[-23,90],[-61,63],[-40,29],[-46,46],[-30,77],[-1,66],[10,51],[-12,42],[3,96],[-16,107],[-43,105]],[[40547,89415],[11,46],[48,118],[-8,96],[-20,46],[-3,58],[-21,71],[-16,111],[-6,78],[-20,48],[-40,45],[-44,25],[-50,50],[-44,22],[-36,50],[-41,103],[-13,53],[29,49],[-3,37],[-62,83],[-28,47],[-38,23],[-96,2],[-81,73],[-68,148],[-28,46],[-25,115],[-39,78],[-47,44],[-39,17],[41,62],[-1,85],[-53,126],[-14,101],[15,43],[64,73],[30,63],[46,141],[33,77],[15,57],[-41,145],[-13,69],[3,59],[31,51],[1,75],[38,40],[75,35],[27,33],[70,57],[39,50],[34,69],[76,89],[104,90],[43,25],[57,58],[57,41],[109,35]],[[40605,93046],[84,-20],[174,2],[77,-13],[80,-41],[63,-4],[42,6],[44,-10],[69,-66],[57,-44],[39,-50],[152,-67],[33,-5],[85,3],[72,-49],[51,-13],[110,7],[50,-25],[35,-46],[91,-100],[60,-53],[71,-42],[18,-27],[23,2],[37,32],[17,31],[38,7],[38,-48],[130,-92],[87,-32],[48,19],[96,155],[66,88],[36,17],[65,-1],[87,59],[80,38],[90,11],[42,70],[72,53],[41,37],[12,77],[47,80],[33,46],[49,48],[129,-2],[63,-19],[65,-40],[106,22],[53,2],[66,-14],[123,8],[44,-11],[65,3],[29,-106],[7,-140],[9,-20],[106,-12],[38,-15],[56,-52],[15,-57],[34,-57],[20,-10],[123,-24],[78,-3],[11,-74],[66,-47],[62,-90],[41,-102],[24,-36],[61,-67],[25,-72],[95,-188],[29,-23],[98,48],[76,23],[85,13],[76,40],[95,70],[43,38],[71,33],[47,-4],[30,9],[74,46],[19,19],[51,10],[32,-5],[56,-27],[98,-62],[80,15],[106,79],[59,24],[67,-7],[38,-24],[36,-1],[39,20],[56,6],[51,-6],[86,31],[91,50],[145,72],[47,14],[23,-21],[75,-39],[138,-21],[65,2],[110,83],[51,82],[36,38],[78,50],[126,51],[53,-15],[88,-16],[29,15],[176,126],[89,47],[66,42],[64,78],[52,88],[15,49],[22,20],[47,-4],[92,-21],[46,3],[40,20],[69,-6],[39,-19],[36,-2],[82,-23],[66,-3],[46,14],[91,58],[53,18],[63,-20],[114,-82],[76,-62],[56,-53],[13,-23],[4,-63],[19,-33],[62,2],[118,44],[55,27],[45,10],[229,3],[40,-4],[19,-67],[17,-32],[47,-8],[117,19],[53,2],[88,38],[79,25],[56,46],[36,11],[70,35],[139,-2],[82,11],[55,19],[77,3],[38,25],[40,13],[71,-22],[55,-63],[56,-5],[15,50],[39,38],[96,63],[46,43],[55,21],[75,12],[113,1],[44,-11],[5,-43],[20,-70],[65,-81],[43,-30],[52,-60],[71,-69],[65,-80],[199,-65],[131,-20],[114,-39],[199,34],[57,17],[87,6],[50,-8],[59,-27],[80,19],[75,5],[76,20],[57,7],[37,-91],[50,-80],[22,-46],[74,-109],[50,-48],[92,-39],[162,-80],[146,-61],[173,-54],[46,-10],[215,309],[72,85],[112,121],[87,103],[221,221],[109,118],[22,40],[4,37],[-74,221],[-59,198],[-65,236],[-3,27],[27,42],[90,38],[211,67],[22,4],[74,46],[85,21],[124,14],[108,-11],[123,128],[37,4],[87,44],[37,39],[65,9],[24,19],[115,7],[41,-12],[69,14],[73,29],[28,-42],[24,-6],[120,14],[111,36],[49,26],[86,-29],[64,89],[3,24],[-103,87],[-26,71],[-10,79],[3,128],[-4,53],[7,55],[15,43],[53,84],[124,275],[-96,84],[-69,37],[-41,0],[-62,-29],[-76,-11],[-37,4],[-30,26],[-49,62],[-64,41],[-106,102],[-65,53],[-29,53],[-2,26],[40,122],[-4,26],[-60,53],[-44,29],[-82,78],[-65,106],[-107,119],[-98,82],[-97,71],[-68,63],[-64,87],[-89,91],[-55,32],[-75,14],[-153,9],[-153,-4],[-1,39],[10,111],[2,61],[15,63],[67,63],[34,60],[19,52],[34,142],[22,79],[46,130],[15,116],[32,138],[41,94],[46,52],[66,61],[-2,21],[-44,82],[-16,60],[-6,77],[3,224],[8,82],[-9,36],[-39,93],[-12,53],[23,25],[97,55],[22,30],[71,44],[-15,33],[-66,33],[13,118],[26,48],[60,63],[76,56],[55,13],[71,53],[57,32],[37,29],[40,76],[3,57],[-22,42],[-1,65],[-31,39],[26,54],[35,37],[25,53],[-11,60],[-38,77],[-12,66],[3,44],[42,93],[30,43],[60,51],[91,97],[34,46],[21,58],[3,65],[21,80],[-9,76],[6,58],[-10,37],[-50,111],[-31,110],[-33,90],[-3,35],[39,58],[10,30],[18,117],[27,57],[35,53],[24,74],[32,55],[46,61],[-18,64],[-29,42],[-1,39],[15,68],[23,70],[32,57],[10,43],[-3,61],[-19,84],[-51,97],[-30,36],[-10,35],[-6,100],[2,76],[-27,97],[-41,73],[-11,41],[-6,87],[-18,74],[12,54],[0,75],[27,73],[20,31],[-5,37],[11,23],[55,39],[153,59],[26,2],[131,-93]],[[56100,102988],[-14,-86],[8,-90],[11,-34],[26,-27],[44,-19],[24,-30],[12,-54],[-4,-83],[44,-59],[14,-84],[38,6],[78,-23],[57,-39],[54,-63],[54,-37],[70,-17],[41,-24],[32,-67],[59,-41],[61,-176],[46,-82],[45,-39],[67,-19],[61,-29],[57,-19],[81,-150],[16,-11],[60,2],[67,-26],[43,2],[113,-6],[110,-21],[38,25],[65,-21],[131,6],[77,13],[56,-6],[146,-25],[29,5],[48,29],[46,-13],[51,-52],[65,-132],[49,-52],[43,-32],[67,-29],[118,-25],[40,-14],[35,-31],[37,-9],[26,13],[97,83],[61,38],[109,21],[51,52],[71,47],[155,79],[29,6],[65,-10],[39,-14],[83,-43],[63,-16],[66,-8],[66,2],[45,24],[58,74],[67,4],[124,21],[38,27],[68,3],[35,-54],[54,-38],[58,-80],[49,-33],[64,36],[38,5],[106,-9],[103,-69],[75,-3],[63,-24],[62,14],[28,-12],[36,-118],[81,-2],[39,-36],[31,-89],[42,-11],[72,25],[42,-20],[76,54],[53,-11],[53,21],[93,49],[29,-8],[60,-57],[13,-33],[56,-26],[32,1],[31,20],[107,1],[113,12],[38,-10],[30,15],[166,29],[40,54],[79,41],[137,57],[12,63],[28,78],[29,43],[-9,115],[63,34],[37,37],[11,82],[28,26],[148,51],[107,-21],[163,7],[47,-4],[92,20],[67,-8],[83,9],[42,-1],[52,-43],[33,-10],[123,-10],[74,-40],[65,-50],[152,-13],[136,-24],[108,5],[23,-7],[48,-72],[88,-61],[36,-45],[25,-73],[48,-89],[39,-24],[125,89],[69,58],[78,36],[120,106],[73,56],[28,40],[24,87],[109,103],[49,32],[42,70],[41,89],[67,-26],[58,-33],[168,-37],[41,-1],[93,30],[36,0],[93,-18],[126,-44],[71,-14],[34,7],[36,88],[115,178],[38,83],[41,37],[19,58],[82,37],[36,66],[65,59],[34,18],[127,91],[2,62],[22,25],[62,35],[45,90],[42,29],[38,44],[14,36],[-14,51],[23,57],[187,55],[23,16],[22,42],[2,40],[59,70],[21,63],[-15,82],[48,64],[28,64],[170,153],[37,19],[113,30],[40,-21],[133,-92],[16,5],[23,63],[-15,49],[34,37],[67,31],[29,34],[61,13],[114,-20],[107,-4],[75,9],[36,18],[28,-5],[39,15],[31,54],[67,25],[28,26],[71,-8],[57,16],[61,-14],[86,-45],[132,-104],[27,-10],[95,-9],[66,-64],[16,-25],[3,-149],[7,-48],[19,-53],[-53,-95],[18,-39],[64,-40],[3,-19],[-24,-125],[42,-37],[29,-55],[-19,-83],[-78,-59],[-35,-16],[-7,-72],[-31,-78],[-6,-34],[11,-91],[31,-60],[0,-16],[-35,-41],[31,-74],[34,-37],[105,-93],[9,-52],[16,-29],[58,-38],[47,-87],[-4,-50],[-12,-23],[-5,-64],[26,-52],[-1,-35],[40,-96],[63,-58],[84,-11],[105,-46],[7,-47],[41,-53],[7,-24],[-3,-98],[7,-55],[-16,-98],[15,-72],[-20,-90],[59,-13],[78,-34],[8,-17],[11,-96],[2,-84],[65,-62],[29,-41],[11,-35],[4,-76],[128,-116],[95,-11],[23,-21],[160,-36],[79,25],[42,40],[104,53],[44,48],[87,40],[39,33],[55,11],[52,82],[121,95],[75,29],[66,69],[37,15],[57,1],[37,78],[155,65],[35,21],[33,54],[89,61],[48,15],[84,-3],[44,73],[20,107],[-16,76],[-4,86],[37,112],[70,51],[18,39],[34,27],[43,15],[25,31],[-5,101],[43,43],[0,38],[-17,95],[39,50],[19,-15],[36,-55],[29,-12],[110,0],[196,-15],[95,-14],[52,-29],[53,-1],[82,30],[32,1],[64,-42],[33,-7],[47,25],[127,-4],[22,5],[85,51],[76,36],[8,45],[32,51],[90,99],[31,61],[106,70],[2,8],[-45,136],[-72,93],[16,60],[3,86],[19,58],[-2,37],[-94,77],[27,43],[24,67],[49,31],[35,12],[22,47],[20,111],[82,79],[96,34],[28,-2],[40,-46],[31,4],[61,25],[49,0],[153,-79],[50,-11],[39,78],[13,62],[45,-9],[62,2],[18,-41],[8,-51],[41,-44],[48,-5],[39,28],[63,-18],[74,31],[80,18],[43,-9],[23,-49],[-19,-102],[35,-66],[39,-22],[26,2],[66,34],[111,-3],[92,-7],[25,68],[31,38],[47,22],[75,13],[85,79],[29,43],[88,93],[26,38],[42,83],[85,74],[15,88],[48,70],[5,43],[15,18],[47,13],[66,1],[42,29],[147,178],[141,-114],[108,-117],[42,-39],[287,-106],[195,-68],[218,-101],[144,-74],[84,-52],[114,-82],[168,-145],[44,29],[-91,181],[57,15],[-41,33],[-21,102],[-45,109],[-122,112],[-61,45],[-57,0],[-22,15],[29,26],[-18,20],[141,153],[23,-29],[43,-26],[8,76],[12,22],[-16,19],[21,18],[-25,32],[32,24],[-46,25],[-73,25],[-161,178],[-74,106],[-163,160],[-246,235],[31,56],[-22,11],[104,104],[-49,50],[154,185],[24,8],[29,55],[134,88],[198,61],[66,49],[55,59],[109,67],[32,51],[13,105],[56,47],[96,5],[39,22],[36,5],[90,-27],[149,45],[70,13],[25,65],[46,97],[76,87],[32,66],[21,27],[50,31],[-61,148],[-22,86],[-74,108],[-82,45],[-13,34],[5,40],[67,96],[21,12],[135,-1],[22,77],[39,76],[47,41],[52,15],[51,-4],[32,9],[97,121],[26,82],[4,65],[30,-11],[52,-1],[42,14],[26,-6],[35,-34],[40,-20],[58,20],[62,0],[136,-46],[19,-19],[72,-32],[83,13],[74,-49],[26,-1],[107,36],[55,11],[76,-10],[50,28],[42,46],[46,-19],[61,-8],[26,24],[35,11],[68,2],[165,-27],[111,-70],[29,16],[14,48],[49,74],[21,16],[121,8],[-18,44],[0,32],[25,90],[21,131],[19,34],[44,43],[65,19],[79,50],[46,11],[41,57],[42,42],[50,33],[82,35],[98,-13],[19,8],[72,76],[79,12],[62,20],[55,62],[7,60],[26,24],[47,6],[53,-38],[70,-23],[120,18],[32,16],[30,60],[108,58],[64,48],[28,91],[61,7],[48,-7],[82,-37],[76,17],[75,48],[79,66],[3,54],[-12,60],[31,32],[53,26],[19,57],[37,53],[58,25],[53,34],[29,68],[46,70],[16,42],[28,113],[1,103],[25,59],[88,51],[21,22],[105,167],[5,43],[108,109],[79,51],[35,55],[5,33],[48,173],[12,69],[20,42],[28,19],[68,15],[138,-1],[33,-4],[136,8],[43,-5],[83,19],[61,-19],[78,12],[66,17],[27,66],[62,-6],[68,2],[57,11],[128,-2],[90,-29],[7,18],[50,9],[17,34],[87,4],[191,-52],[52,0],[26,-10],[63,-52],[52,-19],[94,-13],[61,23],[55,-20],[92,32],[31,3],[63,-13],[137,-51],[84,54],[17,2],[81,-27],[45,-2],[114,27],[59,30],[112,42],[71,41],[71,32],[81,19],[51,42],[57,-24],[62,-45],[136,23],[80,70],[43,3],[71,-49],[62,-33],[61,-15],[40,-52],[81,-20],[69,-42],[77,-2],[115,35],[45,-1],[53,11],[70,-31],[155,-47],[41,0],[129,31],[21,12],[18,71],[-62,47],[-19,83],[50,101],[44,58],[10,62],[-7,63],[33,43],[13,59],[22,52],[54,64],[54,33],[77,27],[83,40],[30,40],[19,83],[56,144],[17,63],[10,72],[30,28],[29,7],[103,8],[59,-1],[103,-15],[253,-12],[155,4],[136,-80],[148,-63],[86,-29],[421,-110],[124,-27],[140,-13],[317,1],[156,8],[75,14],[18,24],[51,119],[37,129],[52,67],[4,32],[-24,145],[-28,77],[4,20],[89,12],[52,51],[58,24],[79,43],[68,61],[30,44],[53,30],[70,96],[1,32],[-22,44],[-74,98],[-17,54],[-10,88],[-31,43],[-148,97],[-108,55],[-51,18],[-11,38],[14,82],[31,138],[21,48],[28,29],[47,5],[24,22],[37,62],[98,113],[53,107],[-76,113],[-36,90],[-62,81],[-54,117],[-56,67],[-67,66],[-21,61],[-98,90],[-55,56],[-129,71],[-31,37],[-76,44],[-37,45],[45,45],[31,64],[54,38],[37,49],[14,66],[19,31],[-10,49],[16,56],[48,49],[-15,113],[-15,37],[-101,92],[-34,45],[-51,51],[-26,61],[31,45],[11,78],[30,49],[1,55],[-37,121],[-33,64],[-110,84],[-30,46],[-26,144],[21,110],[45,40],[115,112],[70,76],[42,66],[22,107],[38,37],[68,35],[38,9],[58,-4],[61,-21],[139,-76],[58,-25],[39,-3],[74,21],[45,-12],[35,-82],[61,0],[66,-19],[22,-27],[7,-37],[38,-78],[33,-32],[38,-16],[104,-10],[30,-86],[31,-28],[55,-26],[77,-52],[79,17],[50,-43],[48,-23],[51,-11],[70,16],[98,-2],[97,19],[26,-11],[59,-58],[63,-20],[49,-3],[61,16],[32,0],[51,-28],[54,-7],[107,61],[61,-1],[100,6],[81,-15],[36,-13],[24,-24],[45,-95],[58,-31],[84,2],[32,9],[47,48],[52,85],[36,25],[158,-56],[31,1],[35,19],[72,-48],[24,4],[4,47],[27,29],[24,-1],[69,-27],[58,13],[72,6],[33,13],[44,38],[49,62],[64,45],[79,33],[46,-2],[60,17],[93,49],[132,90],[160,131],[64,49],[128,73],[157,75],[84,33],[25,43],[-59,105],[-3,87],[-115,102],[-26,37],[-26,57],[-55,241],[-18,57],[-15,8],[-105,13],[-14,33],[32,97],[42,44],[86,24],[88,5],[89,33],[28,18],[43,79],[27,102],[63,100],[64,153],[32,88],[32,65],[31,41],[81,72],[10,131],[24,19],[126,-50],[57,-11],[55,1],[218,53],[31,22],[11,44],[39,48],[11,61],[20,46],[33,15],[118,16],[79,53],[21,-54],[45,-49],[60,-18],[70,10],[146,10],[88,-1],[112,-18],[54,-21],[85,-51],[65,-23],[112,-18],[51,-15],[11,-38],[12,-165],[-5,-53],[26,-46],[13,-51],[107,41],[86,15],[56,43],[69,151],[29,41],[95,70],[157,69],[97,22],[60,-3],[99,-50],[21,-3],[130,34],[189,38],[239,57],[230,50],[90,25],[267,59],[145,24],[32,9],[67,72],[90,51],[72,24],[68,-5],[122,-82],[74,-76],[-24,-121],[48,-52],[64,-38],[90,-41],[109,38],[68,-7],[44,-45],[156,-28],[115,-3],[51,40],[25,36],[31,20],[98,23],[68,-21],[18,4],[30,59],[19,13],[60,5],[23,13],[104,85],[37,15],[52,56],[43,71],[122,175],[16,45],[40,48],[12,38],[-14,85],[10,17],[222,148],[20,93],[48,40],[89,-7],[84,24],[111,-7],[99,32],[45,-5],[68,-33],[130,-11],[182,19],[86,15],[92,9],[72,0],[136,-41],[64,-6],[96,-43],[44,-10],[140,-70],[52,-2],[136,8],[53,-6],[64,-19],[81,6],[27,33],[71,39],[68,-14],[15,6],[86,65],[51,27],[62,56],[34,55],[133,56],[51,48],[39,54],[240,63],[57,86],[42,43],[68,49],[86,38],[144,111],[64,86],[100,113],[144,93]],[[68132,15028],[-20,-14],[-73,9],[-107,46],[-54,49],[-37,52],[-57,56],[-27,2],[-84,-26],[-49,-9],[-166,-5],[-92,10],[-88,-7],[-65,15],[-89,-25],[-71,-1],[-67,-13],[-62,-3],[-36,7],[-19,28],[2,58],[-9,112],[10,74],[-91,76],[-19,36],[52,53],[26,94],[40,49],[14,52],[12,93],[-7,31],[-74,80],[-11,26],[12,50],[-3,51],[-33,68],[3,26],[49,45],[30,71],[60,65],[-21,26],[-149,133],[-71,0],[-42,20],[-67,7],[-89,-62],[-76,1],[-57,-9],[-109,45],[-19,2],[-103,-17],[-33,69],[-55,59],[-60,21],[-110,50],[-57,9],[-58,-7],[-76,21],[-12,15],[19,54],[0,105],[27,69],[-19,46],[-81,83],[-30,135],[-28,85],[-28,48],[-11,48],[-106,196],[-2,37],[45,170],[3,29],[89,43],[43,66],[46,37],[23,40],[37,25],[170,131],[50,53],[40,24],[28,-2],[79,38],[92,26],[19,11],[23,62],[-27,41],[-5,80],[-47,69],[-6,51],[-30,103],[8,29],[-26,35],[-67,2],[-39,25],[-10,25],[-17,104],[-20,35],[-77,90],[-16,117],[-16,78],[-34,23],[-54,-12],[-81,39],[-65,-8],[-67,14],[-70,-8],[-13,53],[13,70],[-30,74],[-48,18],[-28,27],[-60,30],[-59,8],[-121,-42],[-99,3],[-83,-22],[-105,-50],[-45,-7],[-28,-35],[-3,-30],[-29,-63],[-38,-38],[-27,-6],[-61,22],[-46,32],[-22,-1],[-69,-63],[-68,-22],[-29,-32],[-25,-65],[-28,-35],[-29,1],[-48,27],[-92,73],[-18,83],[-43,58],[19,45],[-4,27],[-83,181],[-14,64],[1,133],[23,138],[-2,29],[-34,65],[44,134],[-12,89],[18,57],[-6,28],[9,122],[-11,21],[-55,33],[-21,67],[-21,26],[-8,53],[24,34],[47,34],[108,43],[41,57],[8,98],[17,32],[54,151],[8,142],[14,97],[24,57],[3,35],[32,57],[3,25],[-25,92],[-47,85],[-33,141],[-45,45],[-22,97],[-13,27]],[[64090,22112],[18,82],[17,22],[79,33],[53,15],[35,-4],[19,12],[39,58],[0,31],[-25,44],[30,44],[22,57],[24,9],[41,-15],[81,-2],[45,13],[90,-15],[22,16],[18,122],[-11,97],[-22,59],[-53,70],[-7,57],[-29,48],[-38,88],[-9,42],[18,58],[-3,52],[-15,60],[15,56],[38,30],[31,56],[18,71],[-19,80],[37,115],[33,131],[31,98],[37,75],[53,90],[80,77],[82,116],[36,91],[1,17],[46,55],[13,29],[57,66],[60,55],[29,16],[101,32],[20,37],[-18,63],[22,23],[85,-4],[76,-43],[27,23],[6,44],[29,28],[13,30],[163,46],[61,28],[0,19],[-69,-6],[-56,41],[-36,-3],[-74,-21],[-35,9],[-42,70],[-40,4],[-11,-46],[-41,-33],[-66,-4],[-37,35],[-22,40],[-6,36],[12,71],[-7,55],[12,55],[13,131],[-13,43],[-38,49],[-73,72],[-28,77],[-16,119],[14,81],[30,0],[105,-19],[33,-18],[17,-53],[37,-56],[88,-39],[27,-19],[68,-75],[84,4],[49,-80],[25,-27],[-15,-98],[81,-17],[17,-48],[-6,-64],[-21,-31],[-39,-19],[12,-10],[72,0],[76,-11],[7,-91],[14,-62],[17,-30],[40,-19],[-12,-69],[-58,-50],[13,-21],[68,-2],[46,-21],[-20,-67],[62,-55],[-2,-40],[66,-44],[-11,-69],[12,-36],[-3,-47],[20,-24],[88,-4],[38,-32],[31,-40],[3,-66],[63,-25],[26,-64],[37,-9],[12,-34],[36,10],[44,-53],[9,-28],[-6,-47],[-57,-56],[1,-37],[-19,-24],[-44,20],[12,-30],[41,-57],[10,-51],[-48,-79],[47,-57],[19,-56],[24,-105],[38,-119],[69,35],[52,-22],[50,-54],[-19,-58],[3,-29],[-27,-74],[7,-16],[45,-6],[8,-14],[-5,-73],[10,-14],[49,-11],[42,-32],[173,-29],[29,-13],[41,-75],[65,-41],[40,-16],[24,-50],[32,-1],[59,48],[18,2],[25,-32],[30,-6],[50,20],[21,-26],[21,-51],[15,-6],[23,31],[28,4],[40,-26],[28,6],[28,37],[-23,67],[36,34],[62,28],[56,-52],[64,32],[36,-14],[15,-50],[29,-45],[45,-45],[53,-18],[21,7],[22,69],[45,15],[46,73],[63,8],[45,-41],[36,-11],[41,9],[35,-23],[11,-53],[14,-1],[31,48],[31,27],[66,18],[36,0],[42,-50],[35,7],[7,27],[34,40],[-11,74],[-18,28],[41,31],[81,2],[29,38],[16,3],[102,-10],[38,-24],[79,-104],[83,-45],[42,-8],[57,25],[82,-14],[2,-35],[-31,-112],[24,-31],[47,-22],[70,-87],[56,-21],[59,1],[49,13],[57,39],[137,159],[160,152],[94,128],[109,59],[66,60],[-57,39],[-64,100],[-88,91],[-41,50],[-41,84],[3,27],[42,23],[43,10],[55,42],[72,33],[84,74],[30,48],[13,74],[33,63],[28,28],[51,13],[84,70],[48,-3],[54,-16],[120,2],[45,-13],[28,-37],[23,-48],[172,-117],[14,-41],[60,-43],[88,0],[113,-65],[63,-24],[78,-8],[100,-47],[138,1],[40,-61],[122,44],[55,1],[33,-16],[48,-68],[117,-65],[50,-9],[54,23],[53,-11],[53,-51],[18,-36]],[[72199,23294],[210,-546],[25,-84],[-45,-32],[-20,-39],[-2,-49],[82,19],[100,38],[39,-70],[13,-9],[99,9],[46,-12],[39,-138],[12,-63],[-8,-33],[15,-45],[37,-37],[-53,-19],[5,-45],[40,-8],[54,-25],[18,-40],[14,-68],[28,-25],[-1,-39],[45,-21],[31,-65],[14,-14],[64,-18],[28,-26],[10,-71],[44,-51],[23,-100],[-7,-31],[-25,-36],[10,-48],[38,-17],[66,-47],[51,-110],[-65,-83],[-105,-118],[-30,-105],[-59,-48],[0,-64],[-152,-41],[-100,-34],[-88,-24],[-105,-23],[-169,-30],[-138,6],[-92,-12],[-26,-48],[15,-40],[29,-7],[20,-80],[-11,-50],[17,-87],[97,-21],[30,-30],[8,-29],[-18,-29],[45,-39],[32,-13],[16,-51],[25,-25],[62,-9],[5,-48],[-48,-14],[-12,-16],[32,-60],[83,-86],[29,-56],[134,-189],[49,-41],[75,-51],[51,-46],[18,-44],[83,-64],[49,-71],[71,-75],[1,-38],[32,-41],[5,-93],[26,-67],[26,-47],[6,-36],[31,-53],[42,-42],[69,-12],[20,-15],[10,-157],[-20,-48],[6,-79],[-28,-30],[-58,-22],[-54,-62],[-97,-43],[-47,-53],[-95,-90],[-59,-19],[-131,-2],[5,-58],[-29,-55],[37,-80],[18,-68],[47,-25],[-8,-21],[-44,-25],[10,-34],[169,-64],[62,-13],[149,-54],[92,-13],[66,5],[83,62],[122,7],[29,24],[24,-4],[5,-50],[29,-11],[74,0],[101,-66],[70,-77],[10,-37],[14,-145],[67,-145],[60,-8],[32,-51],[91,-14],[42,-18],[57,-45],[8,-54],[59,-32],[-24,-78],[10,-32],[5,-93],[30,-12],[11,-21],[57,-26],[46,-46],[10,-24],[25,-116],[20,-36],[32,-32],[21,-44],[76,-63],[20,-61],[56,-51],[24,-69],[-14,-82],[14,-56],[35,-89],[45,-56],[21,-64],[57,-85],[-54,-35],[-14,-31],[4,-134],[40,-202],[57,-102],[42,-29],[40,-15],[29,-29],[3,-34],[-30,-33],[5,-27],[87,-63],[23,-68],[20,-19],[9,-66],[-12,-65],[27,-41],[-51,-62],[-52,-17],[-61,-41],[-134,-38],[-42,-40],[-91,-27],[-56,-39],[-95,-122],[28,-25],[25,-59],[80,-50],[56,-21],[22,-46],[31,-31],[45,-1],[47,-38],[52,-16],[48,-47],[49,-14],[12,-42],[40,-19],[42,-33],[99,-17],[69,-36],[42,-48],[34,-23],[42,-72],[59,-56],[-67,-43],[-30,-39],[-30,-140],[13,-42],[-26,-24],[-53,-24],[-52,-38],[-65,-19],[-52,7],[-116,-6],[-50,-10],[-26,-18],[-41,-72],[-61,-35],[-47,-51],[-12,-43],[-48,-53],[-98,-24]],[[74763,13083],[-71,40],[-113,88],[-19,43],[4,86],[12,78],[-9,39],[-57,82],[-42,20],[-70,-20],[-36,1],[-110,47],[-32,32],[-9,41],[19,57],[-1,87],[-36,33],[-39,2],[-36,26],[-93,115],[-43,35],[-21,68],[-27,41],[-9,35],[-46,61],[-9,104],[-34,-20],[-46,-7],[-39,-26],[-64,4],[-47,35],[-34,-87],[-30,-29],[-97,35],[-44,-11],[-98,-4],[-83,-37],[-42,-28],[-81,-22],[-60,-38],[-52,-88],[-54,-39],[-29,-11],[-129,-13],[-20,5],[-57,47],[-24,35],[-52,19],[-12,50],[-39,34],[-61,28],[-27,-35],[-64,-51],[-41,-18],[-47,-1],[-36,-34],[-78,-32],[-38,13],[-36,34],[-89,28],[-30,24],[-20,86],[-51,73],[-38,82],[-12,51],[-83,40],[-37,37],[-7,63],[-27,41],[-96,47],[-50,29],[-23,44],[13,81],[-107,71],[-147,155],[-48,10],[-111,137],[4,79],[-10,14],[-46,-9],[-60,69],[-34,24],[-65,-86],[-38,1],[-43,63],[-34,88],[-60,33],[-49,-44],[-22,-4],[-70,24],[-48,75],[-24,18],[-51,9],[-105,-2],[-36,24],[-24,36],[-50,-28],[-34,0],[-72,28],[-23,27],[-101,29],[-29,54],[-73,65],[-16,1],[-45,-41],[-69,0],[-35,-16],[-50,8],[-55,75],[-24,44],[-29,19],[-93,4],[-30,19],[-60,3],[-30,-32],[-97,48],[-44,14],[-131,69],[-40,-8],[-109,15],[-76,3],[-84,19],[-168,76],[-36,24],[-59,14],[-108,-3],[-2,-57],[9,-120],[-30,-59],[-128,-99],[-81,-52],[-39,-40],[-12,-64],[32,-113],[66,-160],[13,-80],[-3,-26],[-32,-55],[-48,-30],[-97,-24],[-19,-11],[-24,-55]],[[32395,62365],[104,184],[61,73],[3,50],[25,26],[110,57],[6,19],[111,63],[39,34],[29,38],[3,47],[42,17],[41,2],[102,-16],[41,-21],[9,86],[23,31],[63,28],[87,59],[19,-15],[16,-61],[18,-36],[174,-126],[91,-32],[52,-57],[100,-27],[193,-6],[86,22],[48,5],[48,-21],[40,0],[81,29],[30,-4],[69,-51],[128,80],[76,75],[32,9],[94,-9],[28,3],[31,21],[147,161],[55,96],[19,21],[49,-11],[101,5],[53,17],[40,0],[94,-42],[104,-111],[59,-44],[64,5],[46,-12],[55,-59],[49,1],[55,47],[43,2],[110,-41],[64,13],[88,37],[24,58],[30,39],[43,33],[50,80],[14,46],[93,63],[48,3],[75,69],[29,10],[101,11],[44,11],[41,30],[20,34],[14,50],[52,17],[47,31],[35,39],[37,92],[79,67],[25,73],[7,64],[20,93],[16,30],[64,41],[67,131],[-10,112],[-45,79],[16,91],[38,38],[34,11],[95,-4],[28,-11],[90,-59],[105,-15],[107,11],[85,-33],[126,-9],[45,-20],[67,-15],[75,-62],[99,-56],[82,-24],[39,-19],[8,-72],[76,-21],[59,-46],[31,-65],[45,-26],[74,-26],[49,-64],[55,-46],[32,0],[54,29],[140,88],[28,63],[58,52],[57,77],[55,14],[66,28],[36,33],[62,12],[75,46],[76,24],[105,109],[91,14],[50,26],[40,80],[51,16],[67,72],[81,32],[41,-11],[81,12],[153,13],[34,10],[82,46],[132,26],[99,-9],[81,11],[43,-20],[89,-97],[34,-24],[91,-10],[23,-20],[120,-31],[47,-54],[33,-22],[157,-87],[59,-1],[74,26],[101,-36],[-4,-27],[-34,-78],[1,-47],[20,-68],[-4,-42],[-42,-79],[1,-37],[32,-27],[16,-68],[0,-60],[-18,-42],[11,-60],[157,-116],[45,-3],[60,11],[107,-13],[45,11],[93,-8],[114,51],[43,10],[38,-28],[54,-97],[14,-3],[78,33],[97,25],[92,1],[69,-18],[85,58],[65,24]],[[42624,63730],[83,-25],[21,-39],[40,-49],[63,-13],[35,-25],[-6,-78],[15,-61],[56,-66],[5,-37],[-16,-61],[-45,-95],[-5,-62],[46,-66],[21,-81],[32,-71],[0,-85],[19,-34],[-9,-62],[23,-94],[-16,-42],[-65,-75],[49,-55],[63,-40],[30,-80],[50,-2],[90,18],[61,-12],[95,12],[41,-83],[32,-47],[31,-28],[26,-44],[21,-60],[20,-17],[75,-37],[38,22],[178,54],[65,6],[47,-4],[30,17],[33,39],[16,70],[18,42],[61,44],[24,40],[74,-23],[51,15],[40,-3],[69,17],[66,-17],[6,-54],[27,-120],[52,-57],[-4,-69],[10,-61],[3,-103],[21,-20],[37,-8],[37,16],[137,-16],[23,3],[79,50],[65,13],[84,-16],[45,-63],[21,-16],[57,-18],[21,-21],[50,-15],[52,-1],[121,-112],[13,-3],[72,41],[20,3],[88,-12],[55,-17],[31,-56],[45,-61],[21,-58],[35,-26],[93,-16],[49,28],[68,15],[42,27],[41,4],[63,30],[77,-6],[88,70],[57,-51],[29,-14],[35,5],[43,27],[84,-16],[27,11],[104,18],[72,-25],[123,-22],[9,-12],[-8,-73],[42,-94],[48,-70],[78,-54],[-5,-94],[46,-33],[-7,-61],[12,-41],[-6,-79],[-19,-22],[-4,-57],[46,-41],[36,-75],[5,-67],[-70,-58],[-55,-21],[-53,-63],[-86,11],[-72,1],[-55,-21],[-26,6],[-54,-25],[-27,3],[-60,30],[-16,-8],[-54,-57],[14,-20],[60,-39],[-17,-52],[-4,-56],[14,-36],[-4,-33],[-33,-22],[-60,-10],[7,-53],[-26,-33],[2,-65],[-15,-57],[-28,-46],[2,-34],[-30,-29],[-11,-87],[16,-102],[-7,-43],[-43,-52],[4,-43],[-28,-147],[53,-73],[26,-51],[42,-52],[-7,-23],[76,-45],[17,-25],[54,9],[37,-37],[23,-62],[28,-30],[39,-13],[35,4],[41,23],[4,26],[64,72],[54,42],[133,-22],[40,-18],[99,-20],[32,-37],[64,-27],[19,-32],[-1,-40],[61,-80],[39,8],[46,-15],[68,11],[41,-4],[65,-58],[28,-55],[67,-37],[134,91],[61,-15],[42,-23],[10,-46],[77,-35],[23,-49],[39,-55],[-46,-55],[-29,-46],[-11,-41],[-59,-61],[21,-62],[7,-75],[-13,-84],[-32,-72],[4,-32],[67,-122],[29,-97],[1,-29],[-23,-23],[-4,-47],[-19,-70],[10,-74],[-31,-97],[14,-86],[22,-56],[-39,-152],[-79,-213],[10,-76],[21,-31],[16,-208],[40,-94],[-1,-109],[-104,-149],[-89,-171],[-42,-38],[-55,-110],[-1,-28],[20,-94],[-6,-41],[-30,-62],[-63,-93],[-18,-47],[3,-92],[-11,-53],[-30,-88],[3,-33],[30,-75],[-98,-45],[-117,-81],[-55,-24],[-61,-7],[-56,10],[-16,-13],[-111,-144],[-36,-31],[-58,-68],[-84,-79],[-13,-79],[-9,-128],[-34,-61],[6,-28],[43,-77],[7,-45],[-26,-50],[-31,-103],[30,-55],[8,-39],[-4,-58],[20,-51],[68,-80],[12,-84],[115,-41],[98,-22],[14,-24],[31,-97],[51,-81],[44,-108],[33,-104],[1,-32],[50,-52],[66,-139],[68,-100],[54,-10],[112,-48],[53,3],[68,-24],[71,-7],[10,-51],[64,-59],[21,-99],[36,-26],[46,-62],[52,-42],[9,-36],[-3,-158],[7,-123],[165,-95],[-3,-83],[55,-63],[26,-59],[-8,-64],[3,-43],[24,-84],[32,-30],[15,-46],[2,-44],[46,-59],[-3,-163],[-8,-40],[15,-44],[86,-143],[78,-89],[140,-128],[83,-33],[70,-56],[60,-62],[19,-4],[113,21],[76,-32],[53,8],[60,-43],[122,-33],[46,-113],[98,-72],[28,-58],[12,-79],[-8,-83],[12,-35],[-22,-140],[-11,-33],[53,-32],[30,-40],[15,-51],[62,-25],[9,-62],[43,-22],[69,-57],[5,-20],[53,-75],[14,-41],[53,-25],[2,-34],[57,-44],[46,-22],[43,-67]],[[50134,49645],[-116,-29],[-87,-38],[-56,-12],[-84,-65],[-18,-6],[-39,-45],[-62,-103],[-25,-26],[-69,-29],[-30,-27],[-47,-6],[-103,13],[-30,-8],[-80,-125],[-3,-88],[28,-40],[1,-49],[-20,-43],[11,-60],[57,-76],[-15,-57],[12,-39],[-36,-102],[-1,-68],[15,-58],[12,-91],[5,-105],[0,-115],[-121,-5],[-94,50],[-65,-10],[-58,3],[-103,40],[-79,10],[-77,-8],[-122,-38],[-73,-30],[-67,-44],[-28,-7],[-53,7],[-137,-45],[-52,-22],[-51,-1],[-44,-17],[-42,-63],[-62,-117],[-2,-53],[6,-55],[-15,-36],[18,-57],[-4,-89],[8,-18],[53,-36],[5,-29],[-18,-46],[-21,-23],[-15,-74],[-30,-37],[-13,-42],[-30,-43],[-27,-67],[10,-36],[-17,-87],[13,-41],[42,-59],[8,-119],[-23,-29],[-19,-52],[-66,7],[-69,-30],[-48,-76],[-42,-28],[-66,-13],[-38,-32],[-66,-79],[-31,-17],[-19,-46],[-45,-67],[-6,-24],[13,-41],[-1,-80],[58,-32],[63,-58],[85,-35],[22,-27],[81,-60],[84,-132],[1,-42],[29,-32],[18,-49],[46,-42],[13,-42],[-37,-17],[-47,-70],[-51,-41],[11,-58],[-13,-52],[-35,-42],[10,-87],[43,-50],[-10,-131],[51,-137],[-72,-11],[-63,-29],[-90,-59],[-60,-83],[-15,-32],[-50,-61],[-48,-42],[-77,-97],[-51,-50],[-28,-82],[-11,-98],[18,-121],[-20,-8],[-110,47],[-50,-3],[-24,-11],[-30,-56],[-105,-89],[-3,-30],[-24,-31],[65,-88],[86,-47],[83,-71],[61,-67],[49,-30],[46,-43],[23,-35],[-88,-64],[-14,-35],[-41,-44],[-19,-68],[-71,-49],[-43,-66],[-67,-62],[16,-35],[11,-104],[63,-69],[13,-76],[15,-39],[-12,-75],[28,-47],[-8,-48],[-33,-49],[34,-30],[63,30],[63,8],[36,24],[35,-16],[45,-6],[44,-38],[-6,-23],[-34,-31],[-27,-79],[-35,-52],[27,-90],[-77,-104],[20,-50],[-5,-46],[11,-46],[-3,-40],[17,-48],[36,-48],[78,-44],[8,-76],[-30,-53],[-18,-14],[-46,-84],[44,-85],[7,-57],[-9,-94],[-44,-21],[-61,-11],[-67,-26],[-53,-42],[-10,-29],[-83,-33],[-47,-31],[-45,-51],[-72,-34],[-28,-41],[-83,9],[-22,-12],[9,-68],[-20,-38],[-31,-31],[-37,-21],[13,-88],[-14,-26],[1,-44],[-18,-31],[7,-43],[-7,-57],[50,-54],[14,-42],[-1,-62],[30,-72],[-24,-58],[81,-24],[-11,-54],[11,-125],[41,-69],[83,-169],[62,-75],[17,-61],[60,-17],[77,1],[52,-32],[54,-45],[32,-1],[63,13],[49,-8],[36,11],[49,0],[48,-15],[119,-92],[43,-49],[133,-27],[13,-35],[28,-27],[70,-34],[22,-26],[-26,-54],[0,-23],[32,-60],[-8,-44],[-45,-45],[-13,-57],[-16,-140],[3,-101],[9,-86],[45,24],[51,-10],[50,-61],[68,5],[38,-71],[59,-78],[4,-42],[56,-51],[20,-8],[29,14],[24,-12],[21,-57],[29,-2],[36,32],[80,-106],[-29,-70],[-10,-58],[35,-73],[29,-32],[12,-138],[10,-23],[15,-94],[18,-61],[78,-45],[-19,-35],[-4,-57],[12,-50],[-5,-56],[13,-41],[40,-20],[-12,-57],[-41,-55],[10,-53],[-6,-49],[73,0],[70,-16],[60,16],[55,0],[19,-30],[47,-22],[16,-23],[10,-104],[54,-24],[124,-91],[20,-53],[34,-2],[61,32],[82,59],[24,-48],[35,-41],[32,-8],[104,14],[81,-68],[64,6],[26,-12],[55,-2],[31,-47],[36,-20],[45,10],[18,-22],[40,4],[10,-26],[47,-48],[57,-10],[57,-37],[67,-19],[45,12],[29,-16],[-7,-20],[10,-72],[18,-52],[-10,-49],[24,-53],[84,5],[23,-28],[104,-15],[41,4],[69,-20],[-6,-51],[15,-27],[49,-56],[17,-41],[42,0],[39,-26],[77,11],[80,-25],[60,-51],[95,-30],[54,-28],[61,-21],[88,-45],[135,46],[68,13],[125,38],[41,18],[-15,32],[-60,-24],[-106,-25],[-1,32],[-19,96],[-54,30],[5,36],[-22,15],[33,58],[-21,36],[95,58],[15,81],[17,50],[73,157],[27,44],[108,-10],[74,-170],[22,7],[-23,108],[7,51],[-28,165],[-6,100],[8,128],[17,89],[24,67],[69,157],[12,67],[32,28],[62,-12],[-1,-55],[47,45],[24,-3],[9,-29],[64,-9],[219,-61],[26,31],[86,3],[34,20],[140,10],[7,-45],[44,14],[12,22],[54,31],[21,-53],[33,-2],[40,12],[34,-14],[18,-27],[33,-2],[61,-28],[54,18],[33,-44],[91,2],[17,-20],[44,-82],[51,-19],[44,-32],[36,-39],[51,-7],[66,-29],[35,-86],[37,-48],[42,7],[45,26],[36,38],[47,26],[22,32],[21,61],[17,18],[63,-42],[26,-39],[21,-48],[89,-90],[82,19],[37,24],[60,127],[53,-15],[75,34],[57,1],[67,-25],[49,60],[104,51],[20,40],[-31,43],[-53,43],[-31,121],[-63,58],[-56,36],[-1,14],[54,38],[40,60],[7,68],[43,-12],[8,10],[-3,78],[-35,65],[28,73],[50,5],[62,22],[100,79],[15,19],[-23,89],[10,24],[36,19],[22,60],[62,24],[23,106],[14,24],[53,44],[83,53],[33,-29],[40,50],[38,-40],[18,12],[-3,-34],[30,-8],[53,87],[34,16],[14,27],[41,133],[4,126],[-14,62],[-3,69],[17,106],[55,82],[59,124],[42,48],[74,5],[30,-6],[61,8],[66,-19],[108,-5],[90,23],[55,-18],[71,-59],[82,23],[70,48],[117,31],[108,7],[65,-7],[22,13],[16,48],[72,23],[70,80],[42,65],[7,59],[33,15],[26,38],[-54,64],[-12,116],[-68,89],[-20,36],[-8,50],[-63,78],[-58,120],[28,75],[59,54],[17,34],[-1,36],[-30,26],[-3,48],[-46,29],[-27,46],[-10,69],[-52,41],[-27,83],[20,48],[-27,54],[2,86],[51,28],[59,43],[29,80],[55,-11],[105,-34],[101,-4],[5,42],[62,20],[24,32],[-4,29],[28,59],[20,79],[35,48],[10,39],[62,54],[16,43],[74,12],[59,52],[15,31],[63,37],[18,28],[69,56],[24,37],[-8,65],[-48,46],[9,29],[-5,54],[-29,38],[-5,40],[15,42],[-25,59],[8,57],[34,136],[31,52],[1,78],[-10,48],[-25,45],[-59,67],[55,70],[31,16],[-10,37],[39,57],[82,21],[73,-17],[22,-14],[51,0],[46,37],[11,34],[24,30],[96,42],[115,-1],[39,18],[4,87],[-9,38],[-45,18],[-31,58],[-34,32],[-23,48],[6,16],[48,29],[38,64],[43,33],[-3,37],[11,33],[2,99],[74,134],[27,22],[68,135],[0,94],[-11,40],[3,41],[-18,27],[-2,44],[-20,77],[6,20],[40,16],[25,42],[-5,22],[28,46],[60,34],[67,90],[0,80],[28,45],[29,10],[-55,166],[-109,71],[-54,26],[34,55],[37,133],[56,52],[-1,49],[42,105],[-11,65],[4,57],[-37,38],[-33,61],[16,67],[4,56],[41,78],[12,50],[-1,120],[18,34],[9,71]],[[58361,46113],[50,19],[70,8],[40,44],[52,4],[28,20],[83,-6],[115,32],[22,18],[57,76],[29,11],[19,55],[32,51],[19,12],[44,1],[-20,39],[-8,51],[-1,68],[-25,88],[-17,40],[17,102],[-3,40],[-26,18],[-16,33],[-7,46],[4,50],[56,54],[30,57],[-5,58],[-18,32],[-16,69],[-35,50],[-45,41],[6,69],[-78,34],[-66,43],[37,75],[-75,44],[-23,22],[-20,49],[23,72],[-13,30],[25,55],[-1,55],[24,68],[-19,45],[-4,57],[-39,67],[-1,50],[-47,12],[-106,45],[-57,78],[-50,40],[-4,24],[36,91],[43,55],[3,78],[140,29],[25,24],[61,28],[52,50],[62,20],[70,50],[63,-13],[82,3],[61,36],[12,25],[32,9],[39,-6],[84,16],[42,57],[63,35],[30,43],[0,24],[-36,71],[50,70],[19,43],[5,91],[-6,35],[42,103],[0,37],[30,25],[83,-3],[76,19],[76,-17],[54,-27],[83,-11],[38,-25],[73,-6],[186,-76],[28,7],[34,29],[73,11],[42,28],[46,-30],[24,-3],[107,23],[78,46],[106,40],[58,53],[61,7],[53,19],[65,1],[78,17],[30,37],[81,20],[54,-3],[24,-17],[40,-56],[47,-28],[62,-15],[34,-44],[65,-7],[53,17],[46,3],[52,25],[49,-16],[44,-51],[25,-43],[2,-29],[-14,-110],[1,-112],[40,-46],[12,-99],[17,-75],[24,-23],[67,-5],[71,-74],[31,-79],[23,-30],[62,-35],[62,-69],[47,15],[53,44],[74,33],[63,10],[54,-39],[58,-7],[38,-15],[37,-31],[36,-44],[41,2],[85,63],[73,42],[92,-3],[45,72],[36,21],[81,12],[22,61],[42,47],[75,43],[64,138],[39,62],[93,87],[61,141],[34,34],[42,-15],[66,-10],[92,-35],[67,-6],[277,24],[88,28],[53,47],[57,77],[45,43],[-14,27],[-62,38],[-40,34],[-18,39],[3,22],[51,100],[12,103],[36,54],[-9,68],[21,48],[59,82],[44,21],[17,20],[19,76],[-10,78],[12,36],[37,31],[47,26],[39,35],[77,45],[61,45],[44,68],[-8,43],[-32,45],[-92,40],[-32,41],[-19,56],[-40,59],[-18,71],[-33,40],[-79,39],[17,41],[71,77],[9,24],[-7,60],[-19,32],[-17,100],[-78,31],[-42,63],[-34,18],[-43,-4],[-28,15],[-34,92],[25,50],[52,43],[-1,75],[-10,21],[-8,71],[25,24],[-37,56],[16,85],[-14,112],[-36,106],[26,81],[44,203],[-5,62],[23,66],[79,52],[-36,45],[4,37],[48,64],[74,44],[18,24],[-2,45],[-24,107],[-64,81],[-19,93],[-26,58],[9,63],[19,55],[65,105]],[[64371,53643],[77,-1],[77,-26],[31,-44],[17,-69],[41,-60],[86,-2],[70,-9],[54,-48],[41,-53],[87,2],[90,-8],[50,8],[62,29],[17,-5],[68,-62],[30,-87],[31,-65],[48,-36],[44,-85],[129,-56],[67,-52],[-5,-48],[-18,-71],[21,-10],[70,25],[91,25],[51,-2],[107,-57],[47,-2],[126,35],[40,-18],[41,-66],[125,43],[28,17],[60,11],[57,0],[105,13],[41,-15],[122,-73],[41,-54],[69,-58],[25,-31],[16,-95],[1,-57],[66,-97],[59,-36],[7,-61],[-40,-66],[-5,-26],[23,-73],[23,-33],[46,-5],[58,36],[37,9],[33,-14],[18,-26],[50,33],[41,13],[15,29],[52,15],[52,-18],[30,-45],[8,-31],[28,-44],[21,-11],[90,13],[57,-6],[34,23],[50,51],[47,22],[74,123],[18,11],[86,-23],[77,14],[50,-13],[63,10],[49,-10],[53,20],[136,30],[59,-31],[72,11],[65,-33],[-97,-87],[-31,-52],[-39,-32],[-16,-37],[7,-55],[-17,-83],[-50,-59],[29,-45],[-2,-24],[-25,-60],[27,-29],[14,-43],[-18,-56],[13,-134],[-45,-53],[3,-54],[-13,-32],[-46,-35],[24,-63],[1,-201],[-38,-82],[4,-86],[-7,-39],[-39,-107],[-30,-42],[0,-75],[-10,-36],[18,-56],[-6,-48],[-16,-31],[-6,-73],[-27,-34],[16,-61],[-2,-26],[-26,-28],[-44,-11],[-41,4],[-141,-87],[-132,28],[-94,-9],[-69,-63],[-35,-18],[-32,-108],[-17,-41],[-47,-77],[-53,-48],[-29,-90],[-36,-74],[-29,-42],[-32,-97],[5,-87],[59,-41],[57,-3],[23,-37],[66,-74],[69,-102],[28,-72],[22,-24],[32,38],[46,16],[90,-2],[59,9],[19,-12],[3,-62],[15,-131],[12,-32],[58,-69],[66,-140],[26,-29],[49,-13],[-39,-68],[-30,-76],[-23,-204],[-27,-54],[-66,-40],[-61,-117],[-35,-96],[-2,-24],[-84,-171],[-2,-29]],[[67705,47650],[-27,-13],[-52,57],[-21,5],[-122,-5],[-44,28],[-49,3],[-39,74],[-46,24],[-19,-1],[-27,-43],[-44,-33],[-39,-57],[-19,-12],[-131,1],[-20,-9],[-60,-64],[-11,-20],[12,-71],[12,-27],[-32,-21],[-42,-5],[-18,-18],[-4,-37],[-93,-66],[-75,26],[-73,1],[-92,12],[-58,-74],[-69,-30],[-33,0],[-42,56],[-24,2],[-71,-63],[-139,-24],[-78,-38],[-6,-17],[21,-46],[22,-93],[2,-78],[-8,-70],[-88,-25],[-87,-52],[-79,-4],[-82,-55],[-36,13],[-55,-1],[-73,41],[-123,37],[-23,22],[-65,-18],[-115,11],[30,-61],[37,-59],[5,-46],[-9,-75],[0,-55],[-10,-37],[-41,-86],[-2,-96],[-23,-68],[-11,-86],[-17,-80],[-39,-93],[-3,-35],[60,-55],[-8,-45],[-2,-93],[-27,-75],[-54,-31],[-32,-7],[-48,-50],[-2,-18],[31,-109],[52,-29],[-23,-64],[-4,-156],[-41,-181],[-42,-17],[-95,-17],[-116,-6],[-53,-81],[-35,-79],[12,-63],[-3,-45],[-29,-61],[-34,-98],[-10,-47],[-18,-25],[-15,-70],[38,-65],[-37,-53],[-34,-112],[5,-59],[31,-76],[-61,-55],[-9,-22],[6,-42],[85,-30],[71,-20],[61,12],[64,-28],[19,-27],[-29,-117],[-17,-38],[29,-33],[7,-66],[43,-16],[43,-2],[18,-38],[-1,-42],[-24,-64],[4,-25],[27,-21],[0,-23],[-22,-40],[8,-30],[-42,-65],[20,-55],[-5,-32],[48,-64],[53,-15],[51,-36],[25,-51],[35,-8],[56,31],[61,-16],[77,-43],[90,-57],[-6,-57],[-36,-34],[137,-110],[41,17],[32,-50],[-7,-21],[-39,-35],[-32,-50],[-3,-35],[11,-47],[-38,-57],[-30,-93],[14,-66],[121,-74],[58,-53],[59,-8],[80,20],[58,2],[26,34],[67,7],[55,-5],[90,-32],[62,-107],[52,3],[18,-46],[-30,-30],[-90,-51],[-8,-17],[-2,-119],[-46,-56],[-87,-32],[-78,-58],[-74,-96],[-80,-5],[-35,-43],[-25,-10],[-123,6],[-88,15],[3,-76],[-15,-27],[-65,-24],[-50,-42],[-47,-71],[-27,-19],[-149,-67],[-112,-63],[-67,-52],[-77,-86],[-35,-24],[-48,-49],[-30,-17],[-33,-1],[-48,-27],[-44,-76],[-70,-52],[-119,-50],[-3,-30],[-20,-32],[-51,-46],[-37,-53],[-33,-89],[9,-51],[-6,-26],[-142,-85],[-18,-25],[-9,-48],[-59,-93],[-71,-63],[-17,-54],[-74,-117],[-63,-86]],[[63793,39817],[-46,4],[-110,141],[-52,34],[-76,6],[-19,31],[0,33],[-38,49],[-47,20],[-82,60],[-61,13],[-79,-14],[-45,-29],[-28,-95],[-55,-101],[-73,-111],[-13,-66],[13,-69],[-30,-50],[-64,-47],[-3,-30],[-43,-51],[-4,-82],[-39,-53],[-6,-51],[6,-91],[-19,-33],[-41,-44],[-94,-56],[-32,-60],[-54,-55],[-21,-50],[5,-64],[-14,-50],[-33,-8],[-50,17],[-173,-9],[-35,19],[-34,-55],[-74,-42],[-22,3],[-30,40],[-25,-8],[-23,-36],[-52,-50],[-64,-29],[-79,26],[-63,-10],[-15,-16],[-5,-49],[-20,-18],[-33,10],[-69,-23],[-55,-1],[-56,14],[-54,-14],[1,-49],[-23,-47],[-93,-68],[-18,-63],[-35,-36],[-32,-12],[-96,9],[-54,-29],[-46,0],[-43,-23],[-26,-32],[-21,-57],[2,-71],[-8,-42],[-53,-53],[-22,-65],[-4,-107],[-46,-83],[-88,-59],[-43,-75],[18,-69],[-6,-40],[-49,-60],[-21,-8],[-118,4],[-82,-43],[-39,-89],[-43,-32],[-44,6],[-21,-9],[16,-89],[-51,-81],[21,-42],[-8,-76],[21,-55],[51,-39],[-186,-167],[-5,-37],[-42,-10],[-50,10],[-169,-15],[-24,-17],[-98,21],[-92,8],[-82,22],[-67,-4],[-35,-29],[-10,-52],[-29,-49],[-41,-44],[-2,-22],[36,-46],[-16,-71],[55,-43],[10,-37],[35,-40],[-20,-58],[37,-75],[29,-28],[51,-26],[25,-49],[-60,17],[-139,10],[-6,-92],[43,-76],[-16,-51],[5,-40]],[[59499,35843],[-62,-7],[-71,-33],[-36,43],[-22,0],[-39,-30],[-16,-49],[-64,-43],[-35,11],[-101,71],[-117,45],[-14,15],[-53,129],[-67,59],[-32,44],[-115,-10],[-122,-63],[-37,8],[-48,-14],[-72,-51],[-32,-13],[-28,-28],[-69,-34],[-89,1],[-122,-32],[-59,10],[-86,-18],[-65,3],[-60,-19],[-53,24],[-30,-11],[-51,33],[-54,64],[-84,-24],[-126,-85],[-13,25],[-36,-3],[-82,28],[-89,-4],[-58,-34],[-45,-2],[-37,-67],[-16,-79],[-46,-69],[-45,-10],[-47,25],[-61,6],[-74,17],[-99,3],[-123,22],[-72,42],[-70,22],[-36,18],[-106,32],[-41,25],[-51,-45],[-70,-49],[-145,5],[-19,-27],[-22,-104],[-31,-47],[-3,-134],[7,-63],[-5,-63],[-52,-60],[-17,-35],[-20,-174],[2,-66],[62,-5],[67,-23],[54,-59],[74,-172],[5,-32],[39,-2],[-12,-73],[14,-239],[0,-89],[7,-115],[1,-127],[6,-59],[91,-52],[37,-133],[21,3],[65,53],[62,21],[62,13],[23,-7],[28,-93],[32,-53],[6,-38],[55,8],[38,-10],[60,27],[120,19],[49,-46],[182,-22],[76,-72],[71,-58],[-69,-61],[-79,-52],[-117,-23],[-85,-24],[-32,-22],[-17,-55],[-73,-203],[-37,-92],[-28,-54],[-80,-134],[-70,-95],[-109,-127],[-43,-68],[0,-19],[81,-37],[70,-42],[4,-24],[34,-18],[18,-48],[-29,-55],[288,-143],[164,-68],[128,-32]],[[57060,32043],[-24,-137],[-16,-70],[-18,-19],[-11,-111],[-28,-20],[3,-29],[26,-18],[-10,-48],[26,-54],[41,-36],[-12,-67],[-25,-4],[-10,-126],[-24,-101],[-26,0],[-4,-25],[-36,-70],[-6,-33],[2,-97],[-14,-106],[-24,-74],[-18,-97],[-21,-45],[-20,-72],[-13,-81],[36,-83],[-20,-73],[-8,-88],[-35,-78],[-5,-29],[-38,-70],[3,-47],[42,-44],[12,-35]],[[56785,29956],[-7,-13],[-50,-10],[9,-48],[-12,-55],[-51,-89],[-31,-100],[-23,-40],[-27,-16],[-38,-88],[-2,-187],[-14,-92],[-30,-16],[-53,7],[-72,-55],[14,-32],[-8,-76],[0,-67],[17,-59],[-1,-94],[24,-35],[-8,-52],[14,-27],[-8,-63],[-21,-74],[-36,-93],[-23,-27],[-55,-25],[-94,-14],[-73,12],[-40,-2],[-72,-27],[-98,4],[-22,-9],[-9,-37],[-29,-46]],[[55856,28311],[-64,-12],[-114,-8],[-50,-24],[-39,-44],[-31,-2],[-181,-87],[-68,-22],[-34,6],[-78,33],[-112,41],[-64,18],[-225,86],[-83,27],[-32,34],[-10,53],[-84,34],[-65,55],[-59,33],[-60,8],[-59,37],[-69,-1],[-36,13],[-34,38],[-50,88],[-48,48],[-47,12],[-80,-16],[-35,2],[-72,31],[-180,145],[-42,2],[-28,-22],[-33,5],[-93,78],[-34,52],[-92,28],[-84,10],[-64,21],[-37,21],[-45,56],[-45,75],[-38,22],[-79,21],[-36,17],[-31,31],[-69,48],[-45,19],[-84,-15],[-105,42],[-62,32],[-2,52],[33,73],[-16,27],[-51,40],[-22,47],[-108,101],[-60,30],[-98,70],[-86,7],[-118,24],[-11,-39],[-50,-79],[-13,-51],[-75,-3],[-39,-22],[-32,-52],[-38,-38],[-46,-4],[-41,17],[-117,10],[-48,25],[-72,3],[-49,31],[-43,69],[-17,5],[-36,-51],[-24,-11],[-116,7],[-129,24],[-77,34],[-12,15],[-2,106],[-25,19],[-166,-6],[-52,-21],[-13,-17],[-4,-79],[-10,-38],[-28,-46],[-41,-36],[-36,-6],[-129,19],[-116,32]],[[44781,38104],[-17,31],[-31,21],[-5,77],[-60,-5],[-50,12],[-23,111],[-45,43],[-35,113],[-37,3],[-45,18],[-29,-6],[-28,-34],[-31,-4],[-20,18],[-15,61],[-7,75],[1,59],[16,47],[-19,137],[-32,106],[10,37],[47,15],[17,19],[-87,32],[85,236],[-59,21],[39,127],[-72,24],[24,90],[7,52],[277,-40],[8,1],[45,121],[-46,86],[43,93],[4,73],[-8,57],[6,43],[37,60],[-32,51],[-28,9],[21,110],[54,45],[51,28],[83,30],[26,57],[30,6],[67,45],[48,11],[6,69],[28,60],[78,61],[45,57],[82,41],[32,24],[2,64],[-10,30],[-82,121],[-19,19],[-7,33],[-99,110],[-9,85],[-18,26],[-5,59],[19,61],[2,45],[-41,4],[-28,18],[-85,-46],[-28,3],[-46,-59],[-33,-1],[-58,-30],[-38,2],[-26,17],[-22,75],[-83,15],[-35,96],[-105,60],[-45,47],[-69,38],[-15,23],[-15,91],[-43,51],[-108,38],[-77,68],[-13,21],[-63,58],[-62,-4],[-13,-31],[8,-42],[-3,-100],[13,-59],[-18,-98],[-42,-58],[-35,-13],[-77,16],[-49,-4],[-47,-22],[-49,36],[-22,0],[-28,-33],[-65,48],[-120,-1],[-37,35],[-42,17],[-117,-35],[-17,8],[-3,129],[-51,-1],[-59,22],[-13,71],[6,92],[23,47],[11,52],[29,60],[2,80],[12,71],[-6,25],[-33,40],[-9,50],[22,112],[-12,33],[-57,43],[-35,0],[-44,43],[-34,99],[25,39],[-12,38],[12,51],[-17,50],[39,70],[93,89],[57,107],[66,56],[32,58],[10,63],[29,71],[20,28],[-23,84],[6,62],[16,60],[4,103],[-53,1],[-60,43],[-80,-25],[-46,11],[-50,38],[-51,13],[-70,39],[-97,77],[-72,-3],[-30,26],[-52,22],[-33,50],[-66,47],[9,62],[-29,51],[-95,66],[31,29],[96,36],[125,22],[10,52],[41,24],[44,-12],[49,-34],[55,-6],[77,22],[28,37],[42,27],[57,-16],[54,10],[81,-30],[38,0],[89,44],[87,116],[52,13],[27,44],[47,29],[7,84],[50,109],[34,19],[62,52],[14,57],[61,59],[32,18],[32,53],[34,37],[44,29],[58,80],[23,70],[37,40],[90,57],[12,47],[-9,82],[53,80],[18,60],[-232,125],[31,48],[-69,31],[4,43],[-24,41],[2,53],[-19,41],[-5,41],[48,85],[31,31],[2,54],[64,73],[-19,58],[10,74],[23,42],[53,52],[15,44],[35,31],[10,89],[17,36],[-18,54],[-7,102],[-14,39],[-53,52],[-33,14],[-15,50],[32,87],[5,74],[-13,42],[20,66],[-32,66],[-24,28],[-31,97],[-35,52],[-1,39],[-31,51],[-31,32],[-18,38],[26,26],[1,62],[43,42],[73,11],[37,23],[16,36],[-37,67],[6,46],[50,45],[14,35],[-3,49],[10,52],[-36,50],[-38,69],[-11,32],[-6,83],[11,48],[-24,76],[4,91],[-27,94],[1,32],[22,58],[5,47],[-19,59],[8,95],[-17,160],[53,48],[66,44],[-1,66],[-51,160],[4,69],[-21,48],[-41,54],[-23,61],[-65,88],[-41,35],[-65,78],[-55,51],[-31,17],[-22,61],[-54,63],[1,60],[-28,36],[-74,58],[-65,2],[-101,59],[-84,-2],[-72,-12],[-75,24],[-79,9],[-90,-43],[-45,66],[-67,80],[-49,20],[-72,18],[-148,128],[-54,11],[-43,-25],[-51,-1],[-55,-16],[-90,-51],[-44,-37],[-27,48],[-43,49],[-30,176],[-22,71],[-36,29],[-42,-12],[-41,3],[-16,-13],[-36,5],[-83,-5],[-74,-30],[-94,29],[-69,-2],[-75,53],[-48,-10],[-91,-3],[-39,16],[-66,-13],[-19,21],[-4,109],[-47,120],[11,15],[-46,75],[-52,65],[-34,23],[-4,125],[24,116],[-14,35],[-46,65],[8,67],[-8,47],[45,67],[-24,115],[-60,76],[-6,35],[8,85],[-50,96],[-4,84],[-30,85],[-35,-2],[-125,17],[-78,27],[-45,30],[-46,18],[-57,-1],[-81,26],[1,-29],[-27,-44],[-73,-76],[-77,-70],[-15,-26],[-72,-58],[-230,-155],[-66,3],[-66,26],[-75,5],[-50,13],[-73,33],[-42,56],[-39,31],[-45,11],[-51,-30],[-87,12],[-29,65],[-12,110],[-33,20],[-40,2],[-60,-16],[-31,53],[-64,63],[-74,16],[-30,28],[-29,1],[-64,-30],[-41,4],[-46,19],[-46,-20],[-57,-3],[-45,-43],[-35,-2],[-87,-31],[-40,20],[-12,40],[-78,56],[-93,152],[-36,33],[-17,87],[-77,161],[-9,37],[15,60],[-10,37],[3,49],[16,52],[-57,93],[-68,19],[-44,40],[-96,13],[-78,-3],[-60,-26],[-54,-2],[-29,-20],[-10,-61],[-30,-41],[-95,-21],[-100,-46],[-34,7],[-23,30],[-10,41],[-37,88],[-51,20],[-17,35],[-50,61],[-98,17],[-66,4],[-81,-8],[-86,43],[-56,-6],[-32,-76],[-36,-5],[7,45],[-6,53],[49,48],[11,51],[-14,47],[36,22],[53,-13],[53,62],[45,5],[44,-32],[35,32],[17,45],[0,44],[18,146],[-4,48],[19,25],[74,-9],[41,9],[65,50],[32,49],[-5,66],[29,62],[-1,25],[40,40],[14,68],[17,42],[70,91],[59,54],[13,51],[4,60],[23,49],[4,59],[52,112],[14,85],[40,82],[-10,70],[-14,15],[-77,44],[-22,36],[-56,58],[6,65],[-13,71],[-17,46],[-24,16],[-47,-28],[-63,-13],[-58,-24],[-35,8],[-66,-4],[-40,42],[-33,6],[-103,-48],[-78,-15],[-39,-21],[-86,-14],[-59,-40],[-87,27],[-79,6],[-51,27],[-12,84],[-19,74],[-26,40],[-74,44],[-45,37],[-68,69],[-81,-25],[-22,-40],[-48,-52],[-63,-33],[-123,-38],[-68,9],[-23,53],[-95,63],[-71,74],[-91,0],[-116,15],[-91,1],[-21,17],[-39,4],[-139,-42],[-112,21],[-54,-14],[-100,-98],[-103,-40],[-21,-19]],[[34856,55842],[-20,25],[-62,40],[-31,41],[-25,77],[-69,87],[-27,83],[-57,19],[-78,12],[-70,2],[-88,13],[-88,47],[-48,14],[-88,39],[-85,-1],[-26,37],[-14,99],[-15,26],[-62,44],[-37,46],[-11,58],[23,59],[90,63],[38,50],[78,25],[41,19],[-16,84],[19,57],[6,54],[-34,50],[2,73],[-19,41],[-51,27],[-80,92],[-74,62],[-44,22],[-84,13],[-16,44],[-28,27],[-55,10],[-32,29],[5,36],[46,30],[-2,26],[-51,145],[-8,52],[12,46],[41,56],[-6,121],[21,57],[70,64],[-25,51],[-1,56],[-18,63],[-1,42],[12,19],[92,-1],[37,23],[25,40],[26,20],[34,61],[-16,45],[28,80],[0,75],[-19,39],[17,50],[131,27],[40,36],[33,56],[44,35],[76,8],[66,-8],[49,16],[14,15],[34,73],[103,165],[5,33],[-25,32],[-43,18],[-74,54],[-37,167],[-17,56],[-21,33],[-142,69],[-31,46],[-59,41],[-79,140],[24,77],[10,76],[-13,25],[-43,33],[-39,56],[-33,66],[-47,57],[-3,89],[-17,106],[0,85],[-13,88],[-68,171],[-4,46],[24,44],[6,106],[-197,-5],[-63,-37],[-27,-7],[-48,30],[-24,31],[-35,74],[-71,80],[-21,10],[-85,8],[-47,23],[-152,106],[-74,48],[-57,15],[-57,-33],[-39,-12],[-83,33],[-24,17],[-32,89],[8,62],[16,38],[0,48],[-33,127],[-41,37],[-34,49],[-15,61],[12,58],[-33,28],[-42,96],[-23,27],[-1,44],[-59,68],[-13,68]],[[112620,35945],[-15,-26],[-220,-178],[5,-52],[40,-43],[-1,-25],[-39,-79],[-85,-79],[-36,-89],[2,-38],[62,-115],[-6,-25],[-181,-19],[-93,-22],[-32,-31],[-8,-127],[19,-113],[21,-85],[1,-47],[-12,-82],[3,-78],[-22,-57],[-11,-60],[57,-43],[62,-77],[3,-18],[-14,-113],[-14,-59],[15,-78],[-2,-60],[-20,-43],[9,-36],[55,-56],[8,-29],[0,-76],[62,-55],[16,-53],[-26,-57],[12,-40],[167,-53],[54,-34],[-27,-133],[-19,-73],[13,-33],[94,-48],[11,-23],[1,-50],[-11,-102],[-56,-75],[-22,-57],[18,-47],[71,-39],[25,-24],[45,-113],[58,-44],[15,-42],[-63,-100],[-5,-20],[27,-55],[9,-83],[-12,-42],[1,-64],[-9,-30],[-72,-46],[-24,-47],[-29,-27],[-56,-14],[-37,-40],[-23,-65],[-36,-22],[-76,44],[-81,14],[-51,-22],[-96,1],[-84,-41],[-52,-34],[-75,29],[0,39],[-21,44],[-58,55],[-66,-49],[-90,-39],[-90,5],[-30,-27],[-2,-68],[-43,-68],[3,-40],[-41,-96],[-136,-125],[-54,-23],[-115,-18],[-14,-53],[-35,-53],[-73,-71],[-31,-59],[-51,-42],[-20,-45],[-12,-65],[-54,-34],[-70,-9],[-51,-19],[-78,-18],[-15,-12],[-61,-151],[-17,-19],[-67,-32],[-76,-1],[-101,-85],[-31,-74],[-68,-76],[-57,-32],[-65,-64],[-62,-35],[-95,-31],[-96,-46],[-29,-38],[-211,-184],[-68,-112],[-76,-56],[48,-43],[22,-34],[44,-39],[30,-51],[33,-31],[33,-46],[133,-125],[108,-37],[1,-20],[38,-79],[13,-8],[99,-120],[39,-31],[52,-77],[21,-8],[115,14],[78,-6],[43,-20],[164,-45],[132,-57],[68,-69],[8,-64],[29,-59],[29,-35],[111,-114],[72,-68],[37,-68],[39,-34],[69,-78],[145,-105],[33,-44],[22,-45],[20,-67],[12,-71],[97,-110],[21,-59],[-12,-25],[-81,-62],[-30,-40],[-52,-140],[1,-55],[62,-122],[86,-89],[46,-79],[21,-54],[55,-86],[35,-29],[36,-55],[61,-69],[1,-21],[-35,-84],[-23,-76],[19,-48],[29,-25],[38,-59],[52,-153],[40,-47],[28,-10],[72,3],[106,-52],[34,-29],[73,-19],[98,15],[59,-7],[78,1],[154,31],[58,-10],[76,-37],[7,-14],[-13,-65],[20,-71],[-2,-61],[-53,-95],[-40,-35],[-4,-23],[39,-40],[34,-47],[71,-20],[55,-62],[76,-122],[41,-86],[18,-90],[-5,-65],[-13,-46],[-44,-106],[-29,-52],[-21,-17],[-114,-51],[-78,-78],[-64,-21],[-93,0],[-45,-12],[-100,-54],[-96,-45],[-51,-33],[-35,-41],[-61,-18],[-47,-28],[-48,-53],[-78,-31],[-63,-38],[-111,-18],[-95,-33],[-21,-28],[-45,-97],[-23,-20],[-53,1],[-99,18],[-158,49],[-64,-25],[-56,-42],[-30,-2],[-69,88],[-22,12],[-76,5],[-27,12],[-94,16],[-65,32],[-124,12],[-160,40],[-143,-40],[-99,3],[-68,8],[-114,-12],[-48,48],[-88,1],[-73,11],[-84,-14],[-28,8],[-103,120],[-54,-63],[-51,-35],[-54,-65],[-53,-11],[-87,19],[-62,-14],[-27,6],[-67,44],[-47,19],[-39,32],[-29,60],[-51,16],[-106,23],[-133,71],[-47,12],[-40,37],[-26,74],[-46,17],[-115,11],[-37,25],[-29,54],[-69,45],[-121,-7],[-66,79],[-75,39],[-23,-1],[-76,-31],[-14,-13]],[[107924,25493],[-82,-29],[-81,-53],[-62,-17],[-35,-1],[-27,17],[-34,50],[-63,59],[-29,67],[-96,98],[-33,53],[-62,61],[-43,23],[-66,-3],[-104,17],[-90,25],[-11,-33],[-13,-94],[18,-55],[-32,-57],[-43,-38],[-18,-28],[-44,-28],[-39,-46],[-21,-43],[-45,-52],[-12,-51],[-134,-89],[-36,-60],[-45,-24],[-16,-23],[-43,-131],[-8,-69],[3,-63],[22,-62],[38,-44],[14,-46],[-17,-57],[-6,-57],[7,-66],[-32,-33],[-118,-69],[-42,-2],[-35,-28],[-23,-33],[-30,-21],[-48,-53],[-75,-35],[-41,-64],[-25,-10],[-93,-1],[-55,-34],[-65,9],[-20,-8],[-111,-3],[-44,17],[-38,-43],[-56,-15],[-46,-54],[-55,-32],[-13,-20],[-35,-10],[-100,-47],[-27,-56],[-51,-55],[-16,-42],[-37,-61],[-28,-92],[-73,-57],[-41,-55],[-25,-78],[-25,-16],[-62,-71],[-79,-25],[-34,-3],[-53,28],[-65,14],[-55,4],[-59,-41],[-57,-14],[-91,-78],[-18,-28],[-21,-97],[-14,-7],[-57,8],[-24,-45],[-104,-61],[-67,-71],[-35,-19],[-40,11],[-78,60],[-51,15],[-56,4],[-31,18],[-98,75],[-37,54],[-38,1],[-12,-23],[-52,-56],[-24,-15],[-59,8],[-79,42],[-38,43],[-26,1],[-53,-20],[-30,-23],[-27,-43],[-22,-1],[-58,27],[-44,-1],[-83,-64],[-22,0],[-37,29],[-63,13],[-82,25],[-87,-31],[-31,-55],[-99,-26],[-41,-3],[-34,-25],[-67,5],[-39,-9],[-50,-68],[-11,-40],[-39,-71],[-42,-39],[-44,-21],[-38,-41],[-5,-86],[-68,-41],[-41,3],[-86,69],[-68,10],[-54,-35],[-42,-13],[-27,-25],[-63,-101],[-15,-38],[-37,-29],[-21,5],[-62,41],[-48,-19],[-51,-6],[-31,-35],[-3,-39],[-33,-14],[-24,-41],[-54,-41],[-36,-50],[-35,-86],[-24,-26],[-9,-39],[-46,-39],[-52,4],[-130,-48],[-31,-39],[-3,-51],[-50,-51],[-5,-45],[21,-45],[-5,-27],[-33,-42],[-73,-4],[-75,-26],[-52,-36],[-33,23],[-12,30],[-39,22],[13,47],[-25,33],[-40,12],[-30,22],[-47,53],[-24,12],[-19,-18],[-79,37],[-170,116],[-6,27],[-59,73],[-52,23],[-22,35],[-3,40],[-25,29],[-37,23],[-81,33],[-77,24],[-62,29],[-69,-16],[-57,0],[-227,30],[-45,22],[-36,49],[-45,32],[-39,15],[-122,26],[-65,26],[-33,24],[-58,61],[-102,59],[-15,21],[-22,66],[-8,76],[-14,60],[-47,114],[-22,32],[-44,103],[-184,279],[-45,61],[-72,79],[-24,37],[-76,70],[-14,58],[-51,98],[-27,64],[-31,35],[-39,23],[-100,87],[-52,50],[-7,58],[-42,57],[-56,11],[-65,54],[-82,6],[-37,29],[-58,63],[-27,12],[-69,9],[-53,64],[-60,39],[-53,18],[-33,22],[-43,59],[-34,92],[-4,51],[8,28],[-12,88],[-30,78],[-3,33],[-36,61],[10,79],[26,44],[-7,38],[-17,12],[-100,38],[-17,27],[-54,3],[-51,-18],[-63,17],[-50,2],[-9,25],[9,68],[-10,22],[-40,30],[-39,92],[0,42],[-25,65],[-2,39],[-54,52],[-24,80],[-5,47],[-24,31],[-58,11],[-37,37],[-1,73],[-12,41],[29,67],[-14,64],[-44,91],[-17,82],[-35,57],[-7,30],[13,85],[-20,41],[4,45],[-69,101],[-79,76],[-44,57],[-51,-15],[-31,3],[-43,27],[-118,90],[19,79],[40,61],[54,18],[36,-2],[111,-33],[4,15],[-91,68],[-29,31],[-6,60],[-40,95],[-32,26],[-35,-24],[-8,-36],[-26,-31],[-48,-8],[-50,21],[-41,47],[-12,67],[-44,105],[-17,61],[7,53],[16,23],[78,-34],[57,-19],[90,-54],[113,-97],[55,-19],[156,-7],[74,26],[39,43],[128,82],[95,16],[104,-11],[62,12],[29,33],[5,33],[20,23],[64,19],[619,84],[54,-4],[34,20],[61,-3],[28,12],[33,33],[21,48],[77,35],[65,-25],[67,-14],[34,-28],[58,-31],[61,8],[32,44],[49,48],[18,41],[54,40],[36,55],[28,21],[119,15],[126,-15],[89,5],[77,25],[175,-48],[46,9],[104,2],[34,7],[50,24],[129,35],[104,10],[84,0],[50,19],[46,47],[33,4],[57,-12],[88,-27],[35,-2],[36,15],[102,2],[30,-19],[95,-31],[84,9],[78,-16],[65,36],[137,32],[59,36],[55,13],[18,13],[63,101],[27,28],[40,15],[95,-9],[59,37],[130,6],[39,13],[38,34],[19,50],[25,36],[55,30],[41,84],[86,5],[29,32],[20,62],[67,88],[32,59],[52,-3],[33,38],[18,58],[52,40],[77,72],[43,16],[46,70],[21,54],[-28,29],[-31,5],[-68,-8],[-84,37],[24,43],[-1,38],[-42,-6],[-89,-28],[-17,4],[-87,53],[-58,-32],[2,-38],[-33,-7],[-105,25],[-54,27],[-40,11],[-472,62],[-197,27],[-58,13],[-56,-5],[-79,12],[-85,34],[-41,-1],[-115,-63],[-12,-20],[21,-72],[-26,-42],[-120,-42],[-68,5],[-95,23],[-86,15],[-54,-21],[-35,-31],[-42,-4],[-141,14],[-41,49],[-25,55],[-23,11],[-88,7],[-85,-22],[-114,10],[-78,-10],[-66,3],[-40,-29],[-89,-27],[-66,14],[-36,-18],[-24,-33],[-34,-17],[-88,-2],[-23,13],[-60,97],[-52,138],[-25,24],[-66,140],[-78,118],[-40,-19],[-61,-52],[-25,11],[-18,40],[-62,54],[-79,107],[-50,43],[-79,47],[-53,64],[4,52],[-9,12],[-100,63],[-94,81],[-49,51],[-92,41],[-42,8],[-90,42],[-76,47],[5,37],[-46,42],[-22,-12],[-46,13],[-84,-8],[-67,21],[-36,61],[-75,39],[-11,18],[7,45],[-71,70],[-11,55],[-17,14],[24,117],[47,63],[13,34],[-1,35],[-108,84],[-18,37],[-158,147],[-81,120],[-94,96],[-22,76],[-22,32],[-14,55],[-85,97],[-6,81],[-47,116],[11,54],[-15,59],[-18,25],[3,45],[-39,36],[-8,57],[-49,73],[-63,60],[-74,9],[-63,16],[-87,32],[-484,381],[-38,32],[-101,48],[-241,130],[-98,10],[-51,-23],[-74,-52],[-15,-83],[-40,-33],[-35,12],[-30,-46],[-25,-12],[-51,6],[-26,14],[-30,40],[-46,17],[-68,-16],[-28,14],[-16,56],[-47,68],[-18,46],[-41,16],[-59,99],[-168,250],[-185,-155],[-96,-63],[-55,-19],[-165,-9],[-666,-9],[-7,5],[25,64],[-18,143],[8,71],[28,73],[13,70],[5,124],[-4,41],[-17,39],[-33,38],[-146,98],[-118,38],[-17,22],[-9,65],[2,107],[20,41],[97,89],[35,77],[71,76],[29,48],[8,36],[-4,67],[74,80],[37,28],[68,28],[19,28],[19,81],[0,67],[-44,54],[7,36],[42,58],[6,24],[-49,122],[-32,61],[-1,88],[-39,29],[-60,19],[-28,21],[-37,85],[9,102],[-30,71],[-30,24],[-87,7],[-74,-1],[-53,33],[-37,8],[-122,-23],[-60,19],[-58,-47],[-87,-48],[-68,-54],[-43,-10],[-103,-39],[-39,0],[-27,13],[-70,54],[-49,29],[-44,11],[-219,18],[-100,-36],[-86,-16],[-106,-35],[-78,-38],[-66,-50],[-176,-112],[-69,-27],[-92,18],[-99,7],[-32,14],[-39,49],[-26,14],[-42,-23],[-29,2],[-39,32],[-95,-10],[-79,27],[-31,26],[-24,57],[-46,57],[-32,50],[-35,24],[-77,20],[-95,72],[-71,21],[-80,-19],[-71,2],[-54,-23],[-56,10],[-187,63],[-17,44],[5,52],[-20,62],[-47,48],[-100,32],[-75,41],[-24,30],[1,48],[13,146],[-2,30],[-26,42],[-2,28],[21,69],[36,59],[-23,63],[18,120],[16,22],[23,91],[-21,33],[3,92],[31,97],[-22,65],[26,34],[8,35],[39,83],[27,93],[-7,89],[15,77],[-4,78],[19,74],[34,54],[27,96],[-4,81],[9,45],[-9,67],[-24,37],[-38,120],[-5,47],[-25,58],[-24,86],[-25,68],[-32,45],[-34,26],[-88,49],[-33,-7],[-61,21],[-82,4],[-53,43],[-168,3],[-34,41],[-12,45],[-53,52],[-3,35],[9,83],[-8,89],[-10,54],[-38,130],[-28,27],[-10,38],[1,54],[23,56],[53,60],[18,62],[-3,51]],[[88508,39655],[78,95],[74,75],[103,56],[23,29],[8,34],[-18,104],[-4,66],[21,84],[29,40],[18,49],[-5,17],[-44,47],[-7,59],[-37,42],[-66,43],[43,70],[-19,59],[2,45],[40,61],[-58,69],[1,28],[30,59],[-82,-5],[-14,15],[6,71],[-27,103],[28,32],[76,-27],[16,-33],[57,-32],[39,-45],[33,9],[29,35],[91,48],[58,4],[40,36],[58,2],[73,-11],[48,39],[130,50],[66,5],[168,34],[48,57],[23,-10],[15,-31],[93,8],[88,-32],[19,42],[50,41],[115,25],[46,31],[41,10],[73,4],[79,34],[62,2],[60,-9],[74,26],[87,0],[43,24],[40,34],[52,17],[90,-5],[42,-25],[80,-83],[95,-52],[123,-27],[53,-21],[126,-66],[20,-3],[81,36],[32,6],[118,-31],[103,-22],[88,-53],[29,-9],[103,-12],[31,-32],[70,-49],[94,-24],[63,-2],[54,-11],[93,45],[67,-13],[37,-31],[38,-6],[62,6],[83,-13],[18,3],[66,64],[38,10],[71,-35],[147,-6],[41,12],[34,50],[-1,34],[-24,49],[2,60],[-40,64],[-14,35],[-22,92],[-8,97],[6,15],[62,44],[82,127],[115,159],[37,69],[82,47],[-9,115],[-33,68],[-8,43],[-47,91],[-4,24],[22,61],[-4,67],[70,195],[3,25],[-47,108],[2,60],[-126,15],[-55,46],[-36,78],[-108,140],[-50,133],[-18,99],[-38,71],[-91,53],[-36,32],[-24,78],[-28,28],[-33,52],[-37,77],[-27,23],[-13,64],[3,138],[-30,88],[-41,62],[-95,83],[2,111],[-41,176],[-73,65],[14,108],[43,53],[-9,120],[-30,108],[37,76],[113,54],[49,16],[31,39],[39,11],[98,-1],[83,-21],[137,41],[22,18],[-14,16],[7,69],[-77,145],[7,35]],[[92788,45438],[54,15],[23,-6],[51,-41],[54,20],[45,67],[51,6],[114,83],[45,59],[43,43],[79,54],[73,22],[15,25],[47,38],[32,13],[37,56],[75,73],[91,61],[1,42],[41,41],[20,36],[2,118],[51,125],[0,22],[-47,96],[26,65],[-3,93],[-31,73],[6,34],[19,25],[47,28],[58,48],[63,32],[38,35],[65,15],[46,53],[33,18],[114,26],[66,36],[62,50],[25,36],[-13,106],[-19,92],[-17,44],[-49,95],[-23,25],[-10,39],[3,51],[-11,57],[15,55],[-11,29],[-33,31],[3,66],[19,36],[-29,70],[10,44],[-20,52],[10,112],[-3,60],[46,41],[-7,32],[-164,16],[-26,11],[-73,70],[-51,4],[-38,36],[-46,67],[-10,35],[-66,59],[-7,26],[-49,57],[-23,59],[-30,23],[-10,88],[18,55],[1,37],[-26,25],[-66,13],[-67,24],[-121,57],[-64,16],[54,23],[18,45],[26,33],[225,194],[56,74],[36,24],[56,84],[23,77],[10,70],[38,8],[68,42],[31,71],[6,51],[79,57],[23,35],[15,59],[-43,83],[-7,114],[-170,147],[-61,77],[-12,43],[-102,-3],[-40,11],[-41,35],[-32,7],[-28,-16],[-117,15],[-32,-6],[-70,-40],[-35,0],[-59,18],[-45,5],[-40,40],[-73,23],[-26,38],[-18,72],[-28,61],[-68,79],[-91,40],[-195,51],[-124,29],[-152,10],[-64,1],[-39,-11],[-55,13],[-79,123],[-55,44],[-102,5],[-119,47],[-91,25],[-48,32],[-26,36],[-156,62],[-198,101],[-195,68],[-57,26],[-52,49],[-103,108],[-92,62],[45,90],[13,43],[-43,15],[-58,4],[-76,44],[-46,59],[-152,162],[-59,24],[-41,33],[-33,93],[-45,86],[-17,89],[18,64],[-23,59],[-58,73],[-6,29],[-40,103],[-36,41],[-84,55],[-123,157],[-64,48],[-28,49],[-55,73],[-127,119],[-92,110],[-49,120],[-38,51],[-32,55],[-84,58],[-26,77],[-38,-8],[-16,-72],[-29,-39],[-49,-3],[-41,-41],[-114,2],[-51,-30],[-52,20],[-101,17],[-84,70],[-92,7],[-49,31],[-24,30]],[[88687,53826],[29,46],[-11,105],[-83,17],[-32,37],[-15,72],[-30,36],[-37,116],[18,73],[20,20],[120,48],[36,5],[32,22],[-5,42],[47,52],[3,29],[-61,17],[-25,17],[-48,54],[-55,80],[-44,90],[-13,51],[-33,50],[-24,16],[-82,25],[-49,-1],[-132,-29],[-25,11],[-17,72],[-29,24],[-38,12],[-50,56],[-74,9],[-52,-18],[-82,8],[-64,45],[-80,90],[-67,39]],[[87635,55264],[29,72],[-3,60],[-12,48],[-41,28],[-15,30],[19,86],[36,73],[20,18],[5,76],[52,62],[9,27],[-21,123],[-46,57],[10,69],[-16,64],[21,64],[-12,145],[13,136],[-9,28],[-42,39],[-8,24],[22,69],[-11,40],[10,24],[-16,52],[18,35],[-7,49],[-53,41],[-9,45],[-33,46],[-6,55],[21,57],[9,64],[-32,123],[-18,127],[17,37],[68,36],[-2,29],[-38,61],[-15,75],[6,44],[25,20],[-35,17],[-43,55],[-40,30],[-25,64],[-34,65],[-51,39],[8,26],[32,31],[25,62],[33,36],[-21,47],[-43,18],[-20,28],[-6,49],[-29,101],[-24,42],[-49,58],[-23,44],[-5,72],[-18,31],[-54,33],[-33,61],[-8,63],[9,10],[112,15],[50,19],[18,20],[24,61],[26,32],[95,57],[103,90],[3,48],[24,54],[7,134],[52,132],[82,123],[67,88],[14,35],[11,70],[43,90],[-3,89],[26,59],[28,98],[-6,57],[-20,39],[28,39],[-1,66],[-34,42],[4,21],[68,48],[67,23],[39,35],[8,39],[30,65],[86,83],[36,60],[47,61],[24,79],[35,28],[64,17],[30,19],[63,82],[19,44],[14,68],[29,51],[50,31],[116,26],[26,33],[-13,132],[5,22],[53,71],[72,60],[36,66],[20,83],[45,67],[57,98],[26,63],[12,68],[25,22],[39,4],[97,51],[58,56],[69,33],[22,20],[104,138],[35,41],[4,51],[-13,77],[7,53],[-9,94],[25,41],[58,37],[76,18],[20,29],[-8,47],[12,58],[111,175],[90,61],[24,56],[13,72],[24,48],[75,71],[65,45]],[[90066,63402],[65,26],[57,53],[37,78],[37,35],[70,14],[47,24],[61,16],[61,6],[116,45],[38,-7],[132,-49],[21,3],[75,62],[39,21],[66,21],[50,29],[111,51],[30,5],[76,-9],[128,4],[213,22],[114,32],[74,29],[21,-2],[93,-50],[102,-48],[22,-16],[45,-57],[121,-70],[47,-5],[188,22],[59,3],[90,-9],[112,-29],[96,-47],[74,-43],[25,-24],[6,-44],[-33,-99],[-1,-59],[117,-201],[39,-126],[58,-98],[-11,-28],[-53,-37],[-26,-39],[52,-87],[10,-195],[23,-100],[53,-40],[-45,-18],[-70,-76],[-61,-49],[-13,-20],[-26,-120],[-36,-43],[-62,-36],[-126,-57],[-45,-28],[-3,-24],[73,-148],[40,-56],[67,-55],[36,-16],[78,-13],[30,-19],[67,-71],[22,-13],[48,-5],[81,-20],[110,-46],[83,-20],[76,16],[96,-12],[43,5],[73,46],[117,33],[293,69],[97,-7],[85,32],[46,-2],[101,-27],[97,-19],[71,-20],[60,-24],[47,-9],[83,-1],[60,-63],[0,-65],[30,-57],[59,-49],[53,-23],[190,29],[70,18],[41,20],[39,37],[15,45],[19,5],[35,-76],[62,-68],[45,-59],[30,-60],[51,-55],[44,-29],[83,-33],[39,-5],[78,9],[67,20],[137,-8],[61,-18],[67,-4],[74,7],[33,-28],[-23,-94],[-26,-144],[-16,-61],[26,-77],[43,-78],[70,-71],[62,-50],[50,-50],[63,-98],[20,-90],[5,-128],[15,-43],[40,-43],[65,-50],[82,-105],[45,-7],[101,1],[124,8],[131,-8],[60,-12],[81,6],[124,36],[80,43],[41,-6],[24,9],[34,49],[9,37],[0,56],[-28,46],[26,22],[62,23],[43,40],[58,114],[19,9],[22,-78],[39,-39],[56,-7],[77,-30],[99,-15],[82,-54],[48,-5],[82,14],[72,21],[42,-68],[39,-27],[26,-55],[51,-72],[17,-51],[22,-29],[80,-40],[83,-99],[70,-41],[-2,-76],[-23,-111],[0,-27],[25,-92],[-1,-42],[41,-89],[11,-76],[3,-87],[24,-87],[76,-68],[66,-21],[27,-40],[31,-79],[-39,-53],[-19,-46],[-61,-75],[-49,-74],[-36,-36],[-8,-28],[62,-102],[32,-31],[-11,-62],[1,-54],[22,-25],[123,-63],[32,-32],[23,-48],[73,-49],[4,-61],[20,-60],[62,-118],[-3,-59],[48,-6],[70,-31],[36,-45],[7,-64],[25,-44],[129,-122],[123,-71],[49,-52],[35,-26],[67,-32],[28,-39],[7,-86],[-2,-88],[45,-158],[29,-27],[62,-6],[68,-15],[271,-112],[71,-6],[26,-31],[45,-152],[14,-62],[36,-60],[11,-37],[-5,-48],[21,-93],[-1,-48],[10,-37],[-17,-47],[87,-203],[-11,-47],[-5,-118],[-14,-88],[-16,-150],[-10,-38],[-90,-152],[3,-71],[-23,-81],[-7,-85],[17,-71],[-3,-100],[27,-51],[134,-40],[40,-5],[143,-65],[77,-11],[11,-13],[-7,-37],[49,-73],[37,-76],[1,-35],[-14,-89],[10,-41],[107,-88],[70,-39],[131,-50],[149,-15],[25,-27],[40,-139],[47,-45],[-33,-68],[-58,-141],[5,-29],[28,-49],[6,-81],[-19,-140],[-40,-100],[-12,-133],[101,-115],[22,-10],[64,11],[31,-10],[110,-93],[9,-33],[61,-100],[105,-30],[83,0],[12,-12],[51,-101],[41,-33],[179,-88],[95,34],[52,-4],[89,-104],[77,-49],[52,-100],[13,-83],[35,-40],[111,-42],[61,-65],[70,28],[82,-22],[58,-35],[90,30],[78,9],[51,-24],[68,-66],[66,-74],[51,-113],[85,-135],[113,-157],[53,-23],[149,-20],[73,-33],[71,-56],[14,-25],[39,-22],[75,-69],[92,-59],[103,-50],[50,-82],[187,-106],[6,-20],[-45,-143],[29,-52],[9,-52],[17,-37],[32,-141],[73,-102],[117,-91],[45,-56],[47,-43],[24,-81],[84,-80],[30,-39],[44,-39],[68,-129],[69,-78],[56,-52],[65,-92],[43,-42],[24,-40],[-2,-72],[-31,-64],[-5,-44],[-107,-36],[-59,0],[-47,-43],[-125,-97],[-77,-30],[-23,-21],[-13,-38],[-22,-134],[12,-50],[-8,-62],[22,-31],[63,-60],[47,-37],[7,-43],[-67,-132],[-67,-68],[-25,-37],[-39,-82],[-38,-40],[-70,-4],[-34,-27],[-67,-19],[-77,21],[-34,-28],[-50,2],[-34,16],[-57,4],[-67,-15],[-88,-58],[-38,-42],[-15,-53],[-19,-21],[-34,-10],[-46,21],[-52,5],[-51,-18],[-60,-62],[-28,-57],[-41,-45],[-10,-43],[-7,-81],[7,-49],[-22,-33],[26,-62],[76,-62],[42,-54],[2,-25],[-24,-52],[0,-71],[-52,-47],[-107,-24],[-58,-25],[-30,-30],[-23,-78],[-54,-58],[-11,-96],[-44,-74],[-6,-70],[-20,-51],[2,-23],[39,-57],[4,-83],[-19,-79],[-39,-95],[-45,-18],[-85,22],[-37,0],[-44,23],[-34,-1],[-68,-36],[-63,-16],[-16,-45],[-76,-18],[-35,-64],[-1,-143],[-16,-55],[0,-61],[-23,-32],[-56,-34],[-22,-47],[26,-72],[-16,-103],[-78,-155],[-3,-48],[-18,-39],[0,-33],[-15,-50],[-10,-65],[83,-79],[41,-28],[67,-31],[52,-47],[34,-81],[29,-32],[53,-25],[9,-21],[-14,-82],[3,-48],[40,-29],[76,14],[39,-14],[-28,-116],[9,-88],[29,-51],[115,-37],[28,-43],[46,-47],[59,-71],[27,-18],[33,6],[38,-13],[51,-32],[83,-64],[68,-32],[49,-46],[83,-16],[2,-66],[130,-125],[31,-14],[52,4],[97,-44],[-2,-102],[49,-69],[-15,-28],[-96,-66],[-35,-37],[-17,-31],[29,-74],[29,-30],[27,-56],[102,-39],[52,11],[58,-7],[43,-22],[59,-10],[89,-47],[34,-34],[52,-103],[5,-97],[58,34],[86,25],[83,10],[113,39],[84,43],[81,29],[56,33],[149,54],[53,7],[64,-2],[62,-20],[58,2],[98,52],[43,6],[126,-44],[63,-47],[83,-45],[127,-24],[93,-23],[166,-20],[203,6],[120,-17],[76,-18],[56,-39],[31,-3],[81,19],[125,52],[96,32],[40,-92],[43,-59],[183,-17],[-9,-50],[-61,-86],[-17,-67],[24,-122],[-10,-84],[-40,-62],[-43,-40],[-47,-94],[-43,-44],[-12,-28],[16,-85],[65,-101],[10,-22],[-37,-61],[-10,-78],[-64,-79],[-72,-162],[-79,-34],[-15,-15],[-62,-95],[-78,-42],[-7,-56],[31,-36],[5,-32],[-2,-123],[26,-51],[123,18],[16,-65],[28,-60],[64,-21],[34,-33],[41,-56],[85,10],[124,-106],[-2,-57],[46,-28],[35,-47],[24,-78],[-36,-76],[57,-130],[0,-30],[-62,-63],[-29,-18],[1,-65],[-9,-51],[-15,-37],[-35,-139],[-15,-29],[81,-24],[56,-43],[1,-32],[-42,-40],[-14,-70],[50,-41],[87,-41],[23,4],[40,-20],[22,-31],[42,-88],[-13,-30],[-35,-118],[0,-63],[11,-53],[-58,-123],[24,-53],[47,-19],[186,40],[27,-33],[-12,-34],[7,-38],[37,-41],[65,-50],[77,-43],[71,-102],[32,-57],[13,-48],[-5,-37],[36,-93],[14,-11],[70,-3],[64,26],[112,-20],[65,-25],[126,-34],[43,10],[40,-5],[47,-22],[27,-29],[26,-78],[65,-58],[78,-101],[221,-51],[111,-42],[70,-39],[59,12],[101,51],[15,1],[76,-36],[60,-18],[63,-105],[80,-58],[134,-139],[25,-13],[45,35],[45,53],[89,83],[148,74],[68,27],[71,-44],[59,-85],[133,-182],[69,-18],[64,-29],[142,-106],[132,-134],[37,-59],[45,-39],[97,3],[60,-13],[37,-38],[16,-43],[1,-71],[-18,-82],[5,-33],[53,-96],[8,-93],[64,-1],[58,-39],[61,-22],[124,-59],[-8,-39],[-48,-63],[-11,-42],[133,-225],[48,-13],[30,-41],[42,-38],[20,-32],[9,-67],[32,-105],[-7,-65],[13,-34],[102,-29],[85,-18],[111,-71],[74,-20],[32,-21],[46,-57],[14,-70]],[[50134,49645],[71,-5],[40,5],[76,-17],[53,-45],[62,-5],[45,-20],[35,-4],[46,-27],[32,-39],[14,-38],[34,5],[42,-17],[80,15],[70,27],[58,36],[55,17],[27,-64],[-6,-42],[45,-58],[-3,-47],[36,-57],[77,-4],[45,-13],[63,-7],[85,-45],[49,-67],[86,-52],[67,-5],[156,-93],[22,-48],[-3,-30],[-29,-70],[2,-23],[71,-100],[11,-26],[-11,-58],[28,-50],[7,-54],[-13,-64],[51,-93],[58,-31],[36,-50],[43,-41],[20,-39],[8,-65],[24,-35],[15,-52],[24,-145],[29,-64],[-18,-76],[24,-94],[19,-49],[55,-61],[14,-44],[-29,-135],[-13,-101],[57,-23],[88,-18],[46,-36],[45,-87],[115,-80],[23,-36],[64,-35],[89,-5],[34,-8],[31,-52],[50,-8],[8,-44],[26,-21],[42,0],[23,-49],[-3,-50],[39,-76],[53,-42],[14,-47],[29,-36],[-9,-59],[14,-53],[2,-53],[32,-68],[-6,-52],[10,-37],[8,-99],[36,-109],[39,-103],[30,-37],[16,-39],[83,-45],[28,-71],[44,-73],[42,-11],[102,-60],[23,-33],[33,-19],[7,-44],[54,-53],[2,-35],[36,-65],[45,-13],[30,-36],[14,-61],[39,-51],[6,-93],[-31,-69],[31,-32],[30,-91],[48,-11],[34,-40],[18,-37],[61,-26],[57,8],[69,26],[79,15],[54,-24],[125,5],[48,-3],[19,-71],[56,-65],[79,-54],[17,-24],[36,-5],[120,-42],[31,1],[58,20],[50,-8],[190,18],[103,-14],[167,-49],[57,43],[48,107],[58,191],[42,51],[-53,139],[9,48],[25,27],[20,43],[50,33],[33,36],[46,97],[21,29],[55,44],[48,57],[34,62],[46,29],[61,82],[53,88],[32,15],[43,112],[-11,139],[27,23],[37,13],[41,41],[73,44],[106,-13],[82,-1],[70,16],[46,-16],[88,-8],[47,-17],[66,63],[51,59],[60,25],[27,-1],[44,24],[48,11],[65,-4],[40,-20],[99,2],[18,-10],[62,17],[78,-27],[37,-30],[68,8],[23,-16],[109,30],[51,34],[84,-2],[109,57],[14,24],[54,3],[47,46],[77,-24],[29,0],[29,-17],[77,-7],[41,9],[57,-26],[39,-56],[94,-88],[29,-9]],[[85729,15072],[-44,-7],[-112,-41],[-63,-13],[-39,-48],[-19,1],[-79,53],[-21,-1],[-64,-32],[-60,32],[-46,-79],[-26,-12],[-55,-4],[-174,-80],[-71,5],[-61,75],[-6,45],[-37,8],[-30,-13],[-61,5],[-31,-13],[-39,-45],[-139,-84],[-97,-12],[-27,-19],[-84,27],[-68,-36],[-149,53],[-37,3],[-216,-45],[-65,41],[-53,-48],[-18,-47],[-20,-4],[-60,15],[-62,-2],[-22,10],[-57,54],[-100,-27],[-38,-18],[-54,12],[-73,43],[-40,40],[12,85],[-21,36],[-57,35]],[[83046,15020],[99,99],[9,18],[16,222],[9,83],[-3,193],[5,58],[18,84],[8,67],[40,240],[50,361],[29,158],[29,198],[31,166],[35,211],[15,161],[16,26],[186,217],[-42,29],[-90,94],[-22,47],[-34,29],[-7,-31],[-210,-61],[-53,-62],[-73,-42],[-37,-41],[-50,-25],[-59,61],[-32,44],[8,72],[-64,138],[-10,62],[-33,55],[-7,49],[5,77],[-17,50],[-45,26],[-74,0],[-57,36],[9,50],[-23,52],[-80,-25],[-40,-4],[-84,5],[-54,-26],[-59,-7],[-99,0],[-43,-22],[-79,-10],[-81,34],[-16,32],[4,78],[-9,24],[-66,56],[-43,67],[-47,17],[-45,2],[-34,47],[-76,3],[-28,25],[-50,23],[-23,40],[7,77],[24,49],[-9,40],[-23,43],[-75,53],[-56,-3],[-35,-54],[-43,-25],[-57,-6],[-30,-36],[-50,-36],[-11,-27],[-30,-3],[-81,-52],[-11,-32],[5,-42],[-35,-45],[-22,-7],[-105,5],[-50,-32],[-17,108],[-33,26],[-65,18],[-58,56],[-54,1],[-29,17],[-113,127],[-47,37],[-35,73],[-9,49],[21,86],[24,63],[-103,70],[-85,121],[13,61],[46,39],[27,48],[37,24],[17,39],[40,56],[-14,31],[-110,-11],[-18,9],[-6,64],[-37,34],[-22,37],[-4,89],[-43,-36],[-49,-9],[-50,25],[-83,114],[-29,115],[-22,29],[-44,7],[-35,37],[-51,70],[-33,13],[-58,-38],[-39,-15],[-121,-26],[-49,33],[-50,76],[-72,98],[-35,27],[-38,75],[-45,14],[-59,79],[-150,139],[-55,69],[-34,19],[-71,86],[-90,83],[-30,69],[-45,15],[-20,57],[-52,3],[-36,21],[-20,66],[-84,29],[-66,92],[-14,49],[-58,31],[-36,40],[-14,39],[35,62],[59,55],[0,31],[-30,173],[-18,50],[-37,70],[-17,127],[-21,37],[9,71],[54,38],[64,28],[17,26],[8,59],[22,37],[90,76],[19,62],[36,37],[97,1],[37,11],[33,39],[13,66],[-74,12],[-70,23],[-2,64],[-42,114],[-73,164],[-38,69],[-15,57],[-15,90],[2,100],[-49,100],[9,78],[-28,162],[-39,60],[-23,64],[-17,154],[-35,47],[-6,59],[-46,55],[-17,36],[-17,95],[4,31],[-15,34],[15,56],[-29,71],[9,77],[-7,64],[-34,45],[25,119],[2,74],[-25,55],[-18,14],[-74,-8],[-34,45],[-104,24],[-36,-6],[-30,-32],[-70,-10],[-58,3],[-48,50],[-42,17],[-68,13],[-22,16],[-64,13],[-60,35],[-6,40],[-25,35],[-69,57],[-54,30],[-47,50],[-84,51],[-105,45],[-47,3],[-34,15],[-40,71],[-23,14],[-132,23],[-65,26],[-56,7],[-24,16],[-49,73],[-46,8],[-84,-29],[-36,-23],[-21,3],[-53,59],[-27,41],[-68,200]],[[76265,25858],[-27,78],[-38,161],[1,104],[-87,116],[-82,163],[83,98],[67,-8],[57,-18],[98,-68],[61,-22],[90,5],[93,68],[47,51],[27,41],[48,26],[-55,123],[-3,32],[-58,109],[-21,20],[-31,89],[-32,57],[13,93],[-29,42],[3,22],[35,66],[-6,32],[23,48],[45,22],[40,6],[32,19],[3,68],[29,44],[75,18],[35,-11],[40,-69],[31,15],[69,71],[24,50],[77,44],[32,52],[10,49],[45,4],[62,69],[47,36],[-3,47],[19,90],[-19,45],[-55,75],[-58,55],[-12,24],[-4,83],[-16,33],[-28,27],[-26,78],[-12,12],[-83,23],[-37,104],[-28,15],[-72,6],[-26,59],[-55,71],[-27,68],[26,120],[-23,47],[-13,49],[-37,46],[-26,47],[-5,32],[13,28],[42,31],[-5,55],[17,66],[3,58],[-18,71],[14,57],[35,77],[-1,102],[-19,67],[-9,66],[7,72],[-10,53],[-65,49],[-3,18],[24,82],[-15,51],[-38,11],[-9,55],[-74,37],[-25,37],[20,63],[40,-2],[30,49],[40,33],[16,45],[23,19],[204,53],[70,-2],[38,10],[44,94],[-17,50],[7,37],[-76,139],[-102,115],[-71,71],[-19,33],[-1,46],[23,83],[46,77],[69,82],[17,48],[7,59],[43,55],[15,38],[-6,91],[-27,29],[2,36],[21,46],[-1,25],[-30,82],[2,32],[52,60],[30,97],[41,103]],[[77032,32168],[108,-14],[72,9],[57,17],[105,43],[106,68],[69,69],[105,129],[70,76],[56,42],[58,26],[76,14],[42,0],[56,-22],[83,-66],[99,-131],[91,-135],[78,-97],[57,-34],[61,-23],[51,-9],[57,2],[49,24],[51,44],[59,64],[108,86],[83,74],[95,45],[103,14],[131,-40],[126,-81],[52,-47],[20,-55],[0,-66],[-88,-323],[-4,-94],[9,-81],[26,-111],[29,-82],[79,-131],[26,-134],[32,-89],[40,-66],[83,-68],[73,-45],[43,-11],[41,13],[83,59],[167,106],[204,61],[62,31],[40,36],[29,42],[41,142],[37,75],[40,54],[48,34],[90,39],[104,26],[83,2],[71,-18]],[[80954,31661],[71,-42],[77,-68],[76,-51],[48,-9],[234,44],[103,16],[112,35],[130,61],[61,3],[61,-12],[78,-42],[59,-92],[34,-101],[30,-61],[9,-52],[27,-94],[49,-109],[45,-57],[39,-62],[35,-31],[84,-53],[18,-18],[105,-164],[46,-85],[49,-67],[88,-87],[76,-37],[188,-39],[230,-69],[180,-41],[138,-23],[109,-42],[64,-43],[51,-45],[56,-9],[25,11],[51,62],[37,148],[47,240],[-8,74],[12,38],[112,150],[38,31],[267,118],[122,118],[42,56],[42,93],[64,66],[19,-4],[52,-53],[36,-24],[41,-52],[33,-27],[108,-65],[78,-61],[14,-70],[16,-148],[29,-92],[20,-139],[-11,-86],[-43,-78],[-8,-79],[17,-14],[55,-10],[29,-27],[68,-8],[27,-25],[23,-77],[66,-40],[36,-71],[29,-26],[92,2],[131,-18],[-22,-92],[43,-66],[25,-81],[21,-22],[107,-30],[66,-68],[63,-28],[27,-32],[47,-35],[41,-56],[66,-26],[34,-24],[85,0],[34,-12],[33,7],[37,26],[47,18],[42,31],[91,30],[73,47],[80,24],[53,40],[43,3],[121,-31],[141,-16],[109,4],[54,51],[55,16],[113,-25],[66,-22],[54,-45],[59,-34],[31,-5],[43,-34],[37,-53],[44,-34],[56,-60],[15,-41],[-4,-64],[-19,-70],[13,-20],[11,-88],[56,-76],[41,-26],[11,-39],[46,-67],[38,-131],[-4,-80],[29,-63],[26,-35],[39,-30],[9,-21],[-98,-131],[-55,-31],[-62,-55],[-52,-62],[-27,-43],[-38,-91],[15,-15],[77,27],[78,0],[63,-29],[9,-52],[48,-10],[19,-43],[31,-11],[28,20],[29,-24],[34,-11],[39,-28],[21,-31],[30,-9],[12,-34],[29,-15],[95,0],[-18,-29],[1,-33],[24,-24],[78,-40],[70,2],[65,-58],[60,-10],[69,-49],[46,-8],[58,10],[48,-8],[73,-51],[86,-103],[55,-8],[50,-38],[50,-29],[89,-9],[35,-109],[34,-52],[52,-31],[15,-49],[-15,-33],[-113,-80],[-100,-57],[-89,-56],[-23,-59],[32,-77],[-12,-107],[-16,-24],[-43,-8],[-91,12],[-115,-36],[-43,-44],[-40,-2],[-170,-48],[29,-161],[-8,-35],[-28,-37],[-107,-71],[-16,-35],[1,-90],[48,-155],[-1,-57],[-52,-82],[-155,-176],[-27,-60],[11,-104],[14,-43],[16,-9],[79,23],[30,-4],[64,-29],[38,-2],[96,30],[18,-5],[95,-143],[34,-105],[39,-60],[20,-57],[3,-33],[-25,-57],[-12,-51],[-20,-20],[-85,-23],[-72,-6],[-9,-31],[17,-36],[-1,-29],[-25,-23],[-7,-40],[21,-66],[3,-78],[-42,-71],[-38,-100],[16,-73],[-74,-73],[-63,-141],[1,-37],[28,-29],[24,-52],[4,-45],[-25,-39],[34,-55],[2,-35],[-73,-58],[-51,-67],[-122,-56],[-53,-44],[-64,-14],[-65,4],[-116,-54],[-6,-11],[-3,-94],[-12,-48],[6,-22],[37,-43],[-4,-37],[-29,-84],[-34,-35],[-53,-13],[-18,-20],[-8,-61],[-46,-44],[-33,-7],[-55,-28],[-10,-17],[-14,-77],[-90,-128],[-55,-57],[-25,-43],[-80,-51],[-33,-4],[-47,-35],[-75,-112],[-38,0],[-16,-13],[4,-29],[-12,-43],[-2,-64],[-74,-73],[31,-31],[12,-39],[-24,-44],[-5,-35],[-39,-46],[-19,-45],[-46,-36],[-66,-2],[-9,-12],[8,-72],[-9,-48],[-64,-32],[30,-81],[75,-141],[8,-35],[73,-61],[10,-32],[-4,-40],[23,-71],[-1,-32],[-70,-86],[-40,-97],[-53,-58],[-63,-45],[-52,-18],[-67,-3],[-127,-50],[-74,-44],[-20,-1],[-100,37],[-77,-11],[-86,-21],[-70,-28],[-59,-38],[-27,-25],[-77,-110],[-45,-22],[-60,-73],[10,-19],[-16,-67],[-30,-61],[-8,-55],[-23,-52],[-80,-93],[-13,-30],[-5,-53],[-43,-66],[-36,-10],[-41,-52],[-67,-32],[-78,-52],[12,-26],[-3,-48],[25,-17],[2,-25],[-36,-28],[-32,-3],[-37,-46],[-42,-30],[-34,10],[-22,26],[-17,-11],[2,-40],[-24,-29],[-39,-6],[-20,-16],[-1,-88],[-15,-41],[-29,-35],[-56,-44],[-53,-12],[-41,-68],[-2,-39],[46,-50],[17,-66],[-49,-50],[-40,-10],[-24,8],[-39,-22],[-17,-42],[5,-66],[-8,-53],[12,-44],[4,-109],[-27,-78],[-54,-88],[-98,-36],[-24,-16],[-11,-42],[14,-39],[48,-90],[36,-33],[39,32],[92,92],[118,93],[125,4],[125,-15],[57,-21],[25,-22],[21,-79],[31,-49],[55,-31],[99,-16],[39,4],[70,25],[50,31],[27,38],[30,64],[19,137],[23,21],[93,26],[35,20],[26,74],[26,33],[63,21],[71,-3],[42,43],[24,92],[40,48],[50,-2],[50,-51],[68,-57],[64,-19],[56,9],[72,39],[90,-65],[69,-20],[52,6],[219,58],[76,12],[84,6],[141,-2],[66,-14],[29,28],[27,84],[7,41],[33,41],[31,-13],[49,-74],[69,-19],[57,19],[53,72],[52,-43],[84,-40],[10,-88],[57,-79],[21,-64],[61,-64],[32,-74],[93,-65],[29,-76],[41,-52],[44,-27],[45,-15],[24,23],[45,-20],[19,-62],[-8,-40],[-24,-30],[-29,-71],[20,-92],[-4,-63],[91,-92],[10,-54],[41,-61],[24,-50],[27,-12],[37,-43],[23,-91],[33,-31],[84,-21],[147,-69],[37,-31],[-14,-22],[-175,-29],[-84,-60],[-20,-50],[-10,-66],[15,-66],[-27,-47],[-9,-53],[-127,-123],[-98,-5],[-10,10],[23,33],[-1,27],[-34,47],[-10,49],[-18,20],[-74,-23],[-87,13],[-63,-51],[-28,-47],[-25,-11],[-59,5],[-31,-34],[-95,-42],[-17,-30],[-11,-216],[-74,-124],[-40,-5],[-58,-44],[-48,10],[-23,51],[-34,-12],[-23,-47],[1,-36],[-24,-34],[-40,-31],[-23,-44],[-34,-37],[-74,-55],[-48,-13],[-19,-22],[-15,-50],[-37,-20],[-27,-44],[-1,-61],[12,-68],[-23,-38],[-2,-121],[-29,-40],[-61,-54],[-64,-44],[-25,-33],[0,-26],[44,-61],[31,-57],[44,7],[53,48],[92,-25],[-4,-72],[56,-22],[22,-30],[-6,-43],[30,-50],[-18,-117],[-25,-92],[16,-36],[26,-24],[12,-47],[-20,-32],[-62,19],[-42,5],[-64,-55],[-39,-6],[-53,21],[-59,43],[-48,27],[-92,14],[-40,30],[0,31],[-92,60],[-27,-2],[-28,-39],[-74,-41],[-92,-35],[-97,-27],[-132,-24],[-36,-27],[-29,3],[-30,20],[-76,21],[-70,6],[-62,25],[-59,-36],[-40,-4],[-114,11],[-35,-11],[-68,-51]],[[37617,21335],[33,15],[123,12],[55,-17],[34,-26],[28,-51],[56,-22],[56,-38],[28,-38],[87,-150],[-15,-131],[-73,-79],[-79,-75],[-29,-147],[293,-65],[-5,-21],[152,-31],[-5,-30],[124,-26],[-5,-21],[34,-13],[95,0],[15,-154],[145,-21],[112,-23],[10,36],[63,-12],[7,26],[45,-11],[14,51],[49,-12],[6,30],[43,-7],[-2,-14],[45,-12],[82,110],[452,-151]],[[39690,20217],[-146,-373],[-118,-280],[-55,-147],[-127,-257],[-126,-232],[-119,-181],[-178,-283],[-102,-157],[-259,-461],[-217,-400],[-172,-357],[-22,-68],[-151,-371],[-154,-357],[-145,-320],[-39,-85],[-145,-260],[-68,-129],[-122,-176],[-164,-221],[-61,-76],[-67,-74],[-114,-110],[-102,-84],[-461,-361],[-185,-135],[-85,-99],[-122,-151],[-73,-98],[-67,-98],[-135,-236],[-43,-87],[-75,-169],[-79,-169],[-41,-95],[-135,-343],[-75,-212],[-90,-232],[-61,-134],[-112,-180],[-136,-174],[-197,-232],[-114,-114],[-79,-50],[-185,-132],[-73,-46],[-199,-171],[-114,-110],[-188,-186],[-79,-88],[-63,-120],[-61,-150],[-20,-111]],[[33370,10275],[-120,51],[-102,33],[-61,32],[-120,74],[-109,50],[-55,38],[-47,41],[-86,107],[-94,137],[-64,107],[-68,98],[-10,25],[-74,126],[-47,68],[-16,11],[-94,-18],[-35,0],[-23,78],[-227,58],[15,47],[-56,0],[-13,-35],[-55,21],[-70,70],[-32,39],[-27,55],[-36,160],[3,71],[8,31],[60,97],[35,67],[60,93],[18,52],[150,194],[37,33],[137,79],[138,86],[105,77],[29,52],[51,24],[151,101],[213,126],[108,71],[60,54],[87,103],[56,97],[39,109],[64,147],[39,100],[28,123],[3,94],[-7,36],[-29,88],[-29,109],[-27,78],[-66,249],[-85,280],[-54,201],[-72,197],[-39,99]],[[32915,15166],[-24,54],[-157,240],[-84,134],[-103,205],[-81,195],[-65,185],[-10,60],[-20,68],[-28,138],[-24,182]],[[32319,16627],[-14,104],[-6,110],[1,153],[16,98],[49,148],[57,129],[118,198],[97,121],[72,65],[106,79],[60,38],[212,117],[158,99],[231,117],[102,59],[213,149],[132,118],[54,58],[78,107],[46,71],[46,94],[42,105],[36,104],[47,184],[32,207],[3,117],[-17,266],[-11,289],[-11,175]],[[107924,25493],[14,-24],[43,-123],[12,-72],[-11,-99],[13,-80],[2,-122],[8,-104],[16,-71],[29,-50],[33,-150],[67,-51],[51,-2],[55,20],[37,36],[92,22],[69,-7],[34,-21],[50,-47],[153,-40],[66,11],[46,-30],[50,4],[7,-12],[2,-87],[13,-25],[58,-49],[24,-35],[7,-75],[65,-89],[68,-11],[7,-38],[40,-10],[62,2],[16,-7],[14,-66],[34,-34],[46,-19],[54,2],[60,-44],[66,-123],[52,-18],[46,-63],[11,-70],[26,-24],[37,-11],[47,-46],[77,-20],[56,-22],[20,-41],[-12,-94],[25,-189],[-13,-24],[-45,-32],[-8,-25],[2,-116],[63,-82],[-6,-25],[-33,-40],[-30,-102],[6,-48],[-14,-53],[17,-49],[22,-21],[13,-71],[-20,-57],[16,-45],[-8,-31],[-41,-68],[17,-81],[95,-112],[28,-124],[51,-35],[22,-50],[44,-33],[28,-37],[5,-61],[34,-11],[22,-25],[-11,-58],[22,-91],[35,-72],[-13,-33],[-70,-20],[-35,-53],[-11,-34],[9,-111],[32,-45],[45,-16],[44,-48],[2,-47],[-43,-37],[-66,11],[-27,-11],[-84,-100],[-8,-77],[17,-71],[43,-71],[2,-82],[-47,-123],[4,-145],[79,-7],[44,-25],[33,-101],[-14,-54],[-38,-53],[-25,-75],[-48,-80],[-1,-37],[45,-65],[70,-32],[9,-66],[46,-77],[28,-61],[46,-66],[47,-103],[15,-62],[-13,-18],[-89,-45],[-14,-21],[57,-47],[31,-56],[11,-132],[-21,-64],[-25,-33],[-22,-8],[-60,7],[-37,-13],[-31,-99],[-51,-19],[-59,24],[-54,-12],[-72,2],[-68,25],[-45,30],[-44,-29],[-21,-55],[-28,-25],[-33,4],[-47,81],[-42,7],[-45,-22],[-76,-90],[-15,-10],[-66,0],[-62,47],[-38,13],[-48,-24],[56,-182],[-1,-45],[-13,-15],[-126,-89],[-129,-135],[4,-97],[-5,-42],[-33,-44],[-69,-39],[-100,-31],[-89,-63],[-91,-57],[-22,-43],[2,-75],[33,-119],[-14,-24],[-118,-50],[-26,0],[-88,34],[-111,15],[-115,-13],[-98,-47],[-83,-73],[-55,-59],[-65,-23],[-33,15],[-31,42],[-67,47],[-38,43],[-61,7],[-39,-28],[-166,-155],[-135,-108],[-30,-60],[11,-33],[109,-44],[26,-15],[0,-29],[-23,-19],[-96,-39],[-35,7],[-43,41],[-83,28],[-52,-4],[-31,-18],[-15,-37],[18,-41],[8,-77],[49,-45],[7,-21],[-23,-31],[-60,13],[-59,44],[-27,11],[-54,-7],[-57,-64],[-50,-68],[-44,-28],[-49,-10],[-64,24],[-64,55],[-107,-32],[-25,-21],[-37,-66],[133,-256],[46,-73],[7,-23],[14,-151],[16,-34],[14,-66],[-5,-155],[-50,-93],[-21,-56],[-9,-98],[15,-56],[-29,-98],[-28,-42],[-75,-41],[-22,-21],[-19,-44],[101,-78],[9,-52],[109,-156],[31,-16],[56,-79],[43,-46],[38,-76],[25,-98],[54,6],[6,-23],[-5,-71],[6,-59],[-10,-62],[-40,-14],[13,-35],[-5,-28],[-62,-58],[-10,-23],[11,-51],[54,-50],[3,-54],[33,-21],[-1,-28],[-32,-13],[-74,10],[-40,-4],[-86,21],[-66,49],[-25,6],[-101,-15],[-154,-17],[-136,33],[-110,19],[-49,1],[-28,-10],[-117,-89],[-110,-131],[-55,-32],[-84,9],[-64,-11],[-86,-32],[-54,-39],[-64,-17],[-71,39],[-56,23],[-111,-5],[-87,63],[-119,-14],[-92,5],[-68,47],[-19,3],[-15,-46],[-20,-17],[-76,46],[-48,-69],[-18,-2],[-53,76],[-13,6],[-104,-7],[-47,17],[-53,32],[-33,31],[-24,51],[-3,50],[-43,18],[-143,17],[-222,1],[-101,-33],[-60,13],[-54,0],[-54,19],[-26,-10],[-53,-54],[-45,2],[-20,-17],[-16,-38],[-39,18],[-29,0],[-13,-31],[8,-62],[-12,-67],[68,-150],[28,-70],[28,-101],[-4,-114],[13,-49],[34,-73],[10,-77],[-9,-141],[-32,-9],[-66,59],[-43,12],[-71,54],[-57,14],[-108,9],[-35,-23],[-42,-65],[-60,-53],[-115,-128],[-18,-41],[15,-79],[64,-52],[17,-43],[-1,-40],[-20,-25],[-71,-48],[-182,-57],[-50,-37],[-87,-128],[-29,-20],[-44,-7],[-67,20],[-114,10],[-18,-17],[4,-113],[-9,-76],[-26,-83],[-60,-50],[-61,-3],[-141,27],[-125,39],[-302,57],[-21,-3],[-32,-47],[-8,-57],[5,-58],[35,-63],[48,-39],[34,-58],[8,-55],[-13,-44],[-77,-62],[-35,-10],[-154,-3],[-86,13],[-123,36],[-43,-12],[-167,-68],[-125,-69],[-44,-15],[-158,-12],[-119,-22],[-35,-24],[-29,-44],[-6,-120],[-61,-52],[-93,-49],[-159,-39],[-162,-33],[-96,-24],[-24,-17],[-107,-186],[-26,-37],[-92,-66],[-36,-38],[-40,-55],[-16,-36],[-29,-104],[-61,-83],[-62,-61],[-98,-77],[-61,-11],[-48,16],[-65,46],[-59,58],[-47,3],[-28,-25],[-78,-102],[-113,-97],[-16,-21],[-17,-61],[-14,-92],[-23,-65],[-39,-65],[-53,-49],[-64,-41],[-55,-20],[-185,-41],[-51,1],[-79,26],[-110,61],[-31,11],[-58,2],[-44,-9],[-16,-19],[-33,-72],[-64,-111],[-29,-94],[-54,-154],[-46,-69],[-47,-22],[-133,-17],[-52,-21],[-124,-60],[-78,-17],[-118,15],[-146,-11],[-26,-16],[-23,-60],[-22,-130],[3,-139],[-19,-26],[-69,-7],[-71,29],[-57,2],[-43,-34],[-21,-38],[-44,-133],[-17,-121],[-28,-61],[-105,-141],[-67,-40],[-161,-52],[-85,-17],[-120,-44],[-94,-8],[-66,27],[-38,53],[-14,52],[-11,80],[-11,21],[-42,30],[-40,5],[-55,32],[-77,83],[-53,94],[-38,117],[-32,204],[-20,58],[-61,81],[-158,116],[-18,33],[-63,247],[-41,106],[-59,108],[-83,105],[-48,26],[-47,-5],[-44,-31],[-55,-83],[-75,-83],[-50,-34],[-179,-138],[-170,-123],[-35,-29],[-60,-10],[-39,20],[-15,33],[-1,162],[-15,42],[-79,65],[-84,25],[-85,-14],[-51,9],[-65,43],[-33,35],[-85,139],[-46,90],[-47,17],[-57,-13],[-148,-63],[-131,-67],[-123,-40],[-131,16],[-258,5],[-126,-3],[-43,8],[-61,40],[-75,71],[-44,81],[-40,116],[-41,77],[0,15],[34,56],[-2,39],[-52,58],[-94,59],[-41,20],[-28,33],[-3,35],[25,25],[66,30],[51,41],[53,22],[41,66],[94,235],[-8,58],[-44,61],[-14,60],[-15,103],[-27,90],[3,69],[-18,139],[-16,80],[-20,32],[-87,59],[-33,43],[-47,9],[-150,-35],[-70,-59],[-78,-45],[-47,-4],[-61,8],[-45,15],[-24,57],[-70,-11],[-42,25],[-62,87],[-27,49],[-16,61],[-55,81],[-64,71],[-46,8],[-131,-32],[-68,-117],[-98,-129],[-18,-10],[-57,16],[-69,9],[-82,23],[-100,-9],[-136,17],[-94,5],[-26,-7],[-50,-42],[-123,-12],[-51,-10],[-69,-66],[-28,-15],[-64,-15],[-91,-62],[-52,-17],[-132,-32],[-55,24],[-37,26],[-131,-107],[-70,-35],[-43,-6],[-65,10],[-28,17],[-7,37],[-27,20],[-45,3],[-53,-42],[-40,-8],[-32,31],[-31,9],[-81,1],[-80,-7],[-42,82],[3,29],[36,31],[83,55],[21,29],[6,36],[-22,113],[-16,10],[-97,-27],[-65,-36],[-36,1],[-47,96],[-50,144],[-62,12],[-56,65],[5,32],[50,89],[54,35],[42,81],[76,65],[95,65],[107,55],[20,23],[19,71],[63,71],[5,53],[-21,28],[-69,43],[-8,18],[-4,85],[-46,64],[-99,38],[-72,3],[-15,9],[-22,57],[-89,34],[-53,-7],[-216,74],[-19,-6],[30,-64],[9,-45],[-17,-24],[-104,25],[-67,44],[-30,32],[-48,94],[-32,23],[-23,41],[-27,20],[-92,8],[-55,-44],[-46,-25],[-30,5],[-11,22],[60,95],[24,20],[-66,32],[-62,4],[-34,11],[-77,114],[-64,28],[-46,41],[-32,2],[-69,-22],[-82,6],[-33,32],[-57,37],[-9,53],[-27,37],[-50,20],[-39,44],[-148,142],[-24,12],[-81,3],[-23,12],[-118,94],[-65,-11],[-46,39],[-137,51],[-49,8],[-153,80],[-20,18],[-16,40],[-28,11],[-44,-18],[-85,56],[-32,-23],[-30,33],[-14,41],[-83,19],[-49,52],[-19,88],[19,55]],[[80954,31661],[-46,73],[-20,62],[4,16],[65,21],[30,80],[-2,42],[22,20],[64,16],[-19,62],[27,16],[66,-10],[52,4],[88,20],[46,28],[49,49],[63,-6],[65,13],[26,40],[-28,24],[-56,2],[-42,17],[-9,27],[21,41],[32,39],[-31,49],[16,32],[-8,21],[-61,17],[-16,31],[16,57],[-66,20],[-29,30],[-22,52],[2,26],[38,44],[35,9],[39,-8],[83,35],[16,19],[13,67],[43,31],[3,35],[-18,30],[-130,135],[-4,31],[15,12],[90,-3],[77,-21],[62,10],[40,-2],[38,-21],[50,-45],[54,86],[79,65],[49,-5],[44,34],[67,-17],[38,21],[32,41],[10,53],[-15,25],[-37,14],[-44,113],[-51,57],[-10,59],[23,45],[-9,34],[40,35],[23,72],[25,45],[63,56],[62,22],[23,28],[7,48],[19,58],[4,42],[-13,37],[49,56],[-6,31],[-65,51],[-38,2],[-2,26],[80,54],[69,56],[82,25],[78,56],[44,125],[48,42],[52,20],[47,2],[34,-18],[36,-2],[39,18],[43,2],[66,23],[109,-17],[25,3],[43,40],[63,81],[29,15],[26,38],[28,59],[52,-1],[44,22],[71,-34],[30,33],[15,53],[24,45],[0,54],[-23,69],[9,26],[51,16],[58,-9],[84,55],[55,30],[9,14],[0,116],[37,42],[96,80],[43,0],[22,19],[5,48],[28,27],[47,3],[41,19],[-1,31],[-58,101],[22,88],[-18,25],[-180,173],[-42,69],[-37,44],[30,30],[22,48],[-22,48],[-56,28],[-26,24],[-81,26],[-18,55],[-48,89],[-1,36],[14,62],[-40,127],[-54,34],[-12,23],[-26,110],[-26,50],[-56,52],[-23,1],[-46,30],[-83,89],[-35,-21],[-21,-33],[-11,-74],[-212,69],[-27,14],[4,105],[-8,48],[-87,146],[-21,52],[-36,39],[-104,57],[-53,46],[-44,75]],[[82482,37649],[86,76],[158,108],[140,63],[2,14],[115,1],[83,19],[14,15],[13,97],[34,22],[116,-109],[31,-23],[40,21],[118,26],[113,15],[139,-8],[56,11],[71,52],[24,8],[120,-11],[75,0],[51,6],[123,5],[31,-12],[54,-3],[91,16],[201,14],[55,8],[63,40],[64,14],[162,49],[134,-22],[50,-13],[25,31],[84,133],[15,54],[83,44],[146,5],[52,9],[99,40],[120,12],[54,23],[48,36],[109,10],[130,-64],[51,-35],[41,2],[66,18],[35,-3],[82,-30],[58,-69],[74,-21],[49,14],[69,-22],[43,2],[127,46],[97,0],[50,17],[91,60],[53,148],[30,52],[52,40],[35,4],[70,-13],[50,45],[89,56],[97,125],[121,92],[138,99],[78,52],[49,-4],[104,51],[32,30],[31,51],[14,42],[45,56],[-1,41],[116,139],[75,19],[47,-7],[83,26],[93,51]],[[63793,39817],[69,-5],[51,-42],[111,-51],[120,-68],[40,-15],[30,-78],[35,-26],[74,-23],[46,-45],[95,-29],[115,-14],[45,-1],[80,20],[40,1],[107,-23],[31,1],[71,20],[15,16],[15,75],[6,88],[19,81],[0,35],[-31,73],[-18,109]],[[64959,39916],[32,-6],[23,-31],[18,4],[12,45],[40,18],[65,-14],[44,-56],[77,-52],[43,-23],[176,-49],[22,-16],[94,-35],[23,-1],[119,-66],[27,-51],[17,-63],[23,-24],[22,-103],[6,-61],[-15,-26],[16,-32],[2,-43],[-18,-85],[-23,-32],[-60,-33],[-44,-46],[-44,-106],[-31,-32],[-24,-59],[-46,-90],[42,-49],[25,-41],[-9,-65],[58,-106],[48,-72],[12,-100],[-24,-140],[14,-79],[29,-1],[54,41],[97,31],[40,51],[32,-4],[-1,-45],[13,-36],[-23,-54],[-42,-54],[-49,-87],[-9,-35],[57,-18],[72,36],[12,29],[38,32],[62,23],[23,-6],[-9,-29],[-53,-38],[-20,-26],[-58,-45],[-30,-11],[-46,-37],[-65,22],[-99,26],[-61,-1],[-36,-12],[-83,-57],[-92,-53],[-155,-225],[-27,-89],[-41,-89],[-58,-97],[-72,-62],[-86,-24],[-83,-15],[-18,-15],[-30,-60],[-12,-40],[4,-48],[-12,-51],[-45,-38],[-8,-100],[-22,-25],[-64,4],[-169,-36],[-60,-27],[-40,-47],[-20,-65],[-26,-62],[19,-68],[-12,-39],[-34,-54],[0,-30],[28,-32],[7,-46],[-11,-58],[5,-19],[33,-19],[-36,-75],[4,-29],[48,-30],[14,-46],[46,-42],[8,-20],[-19,-34],[-44,-13],[-76,-5],[-121,29],[-9,15],[-63,0],[-12,-31],[-28,-17],[-34,15],[-78,-39],[-13,-26],[-94,-41],[-67,-6],[-45,-106],[-58,-30],[-31,-54],[-31,-5],[-87,15],[-87,-47],[-33,-55],[-64,-17],[-26,-21],[9,-49],[-12,-37],[-43,-63],[-12,-55],[-51,-47],[-31,-45],[-51,-56],[-5,-69],[19,-70],[-3,-60],[-50,-96],[-11,-79],[35,-103],[46,-27],[35,9],[22,-39],[64,-26],[-5,-86],[30,-39],[56,9],[31,-9],[36,-38],[42,-23],[18,-32],[55,-17],[111,16],[74,-18],[29,28],[41,-17],[8,-93],[9,-27],[64,-52],[69,-89],[87,-56],[134,-8],[38,5],[74,32],[13,-37],[15,-137],[30,-111],[-56,-31],[-8,-69],[-21,-36],[-36,-95],[49,-57],[13,-32],[60,-48],[56,-21],[15,-85],[-8,-196],[-21,-56],[-92,-123],[-34,-98],[9,-66],[-8,-30],[-43,-30],[-62,-80],[-14,-29],[-22,-105],[8,-57],[76,-145],[21,-51],[-10,-34],[8,-25],[52,-48],[4,-66],[-5,-64],[8,-138],[-9,-46],[-37,-37],[-41,-20],[-17,-34],[-6,-163],[25,-74],[76,-101],[110,56],[37,-73],[4,-26],[88,22],[-11,27],[-84,365],[0,54],[20,42],[51,45],[228,136],[156,114],[77,73],[60,74],[36,66],[49,107],[63,162],[24,47],[58,82],[72,82],[149,149],[97,53],[82,27],[221,52],[84,-65],[144,-93],[-58,-230],[27,-5],[-16,-69],[202,-43],[-8,-24],[146,-32],[49,17],[21,-5],[91,26],[16,25],[10,53],[27,32],[37,13],[105,15],[122,0],[54,-9],[14,-13],[4,-88],[-9,-37],[-24,-35],[-1,-34],[30,-115],[-19,-61],[38,-18],[31,31],[39,-20],[61,19],[59,-65],[33,-8],[8,-54],[50,-74]],[[67333,32116],[-15,-89],[-15,-40],[42,-41],[-12,-44],[-67,-40],[-3,-51],[-36,-19],[2,-118],[-29,-59],[-57,-145],[-16,-62],[-3,-47],[-20,-20],[-89,-19],[-66,4],[-192,-120],[-44,-13],[-41,6],[-109,45],[-28,-3],[-107,-91],[9,-58],[45,-104],[63,-64],[30,-54],[14,-72],[-23,-52],[-40,-6],[1,-19],[32,-92],[6,-43],[-50,-47],[42,-139],[-26,-25],[2,-29],[-79,-40],[0,-45],[38,5],[-4,29],[71,32],[31,0],[18,-81],[-25,-16],[-14,29],[-56,-11],[0,-39],[25,-29],[8,37],[26,4],[-1,-42],[21,-24],[-4,-33],[26,-31],[13,8],[-16,126],[47,11],[-5,34],[59,15],[21,-48],[-24,-5],[16,-45],[48,-24],[32,36],[-7,33],[-25,34],[57,22],[51,-54],[-26,-20],[21,-20],[-26,-31],[45,-38],[45,-22],[7,22],[-55,23],[48,58],[14,46],[6,69],[38,-4],[-17,-80],[81,-14]],[[67062,30223],[-12,-89]],[[67050,30134],[-14,-87],[-67,-232],[-31,-84],[-58,-100],[-36,-46],[-52,-49],[-184,-132],[-61,-34],[-84,-37],[-115,-36],[-165,-22],[-74,0]],[[66109,29275],[-54,13],[-122,44],[-130,70],[-63,44],[-104,84],[-100,100],[-72,56],[-115,53],[-184,42],[-314,40],[-177,4],[-90,-16],[-117,-29],[-70,-34],[-131,-71],[-183,-115],[-126,-72],[-225,-133],[-70,-34],[-332,-133],[-160,-70],[-143,-51],[-127,-42],[-162,-35],[-234,-22],[-256,4],[-377,12],[-192,-3],[-224,-10],[-202,-18],[-159,-24],[-88,-38],[-133,-89],[-67,-57],[-43,-52],[-34,-58],[-32,-81],[-21,-99],[-3,-100]],[[60673,28355],[-204,66],[-142,79],[95,130],[-21,106],[0,53],[-16,82],[-40,258],[-91,1],[38,264],[-44,20],[-22,-84],[-34,-5],[-91,43],[-145,43],[2,31],[-72,14],[-102,11],[-134,-35],[-105,102],[-9,46],[-28,47],[-10,381],[-25,13],[-1,65],[110,371],[-106,80],[-65,16],[-72,-4],[-178,-19],[-66,-11],[-32,-16],[-22,-28],[-25,-73],[-47,-58],[-49,-42],[-34,-52],[-36,-34],[-40,-80],[-1,-37],[-336,102],[-69,25],[-102,50],[-84,61],[-188,153],[-19,8],[-40,-25],[-34,-41],[-58,-103],[-34,-4],[-74,36],[-41,3],[-86,47],[-13,0],[-45,-248],[-1,-84],[20,-45],[47,-50],[50,-41],[-59,-126],[-56,32],[-148,116],[-27,-12],[-71,-90],[-102,-82],[-51,35],[-86,20],[-59,67],[-73,5],[-53,23],[-115,29],[-17,-4]],[[57060,32043],[19,56],[31,178],[11,127],[17,41],[11,71],[12,29],[40,39],[-40,28],[34,144],[-13,24],[42,298],[5,65],[-13,98],[90,3],[27,-7],[74,-41],[19,-49],[18,-8],[103,7],[9,-28],[11,-119],[-2,-140],[11,-62],[-5,-44],[-1,-124],[-11,-129],[104,-39],[-13,-42],[68,-13],[0,-54],[11,-16],[220,-5],[2,17],[176,-30],[364,-2],[114,-5],[44,11],[150,-2],[5,152],[-2,219],[3,40],[23,7],[1,355],[17,6],[172,-7],[26,16],[130,-13],[23,-8],[76,-58],[56,-2],[82,-38],[61,22],[81,-9],[43,9],[77,5],[72,44],[78,37],[63,18],[61,27],[21,35],[65,40],[43,15],[109,76],[59,22],[25,24],[-9,35],[9,55],[27,21],[63,14],[69,3],[51,27],[52,50],[19,3],[72,-22],[81,18],[87,-38],[42,-3],[61,46],[55,32],[23,59],[50,36],[43,65],[43,30],[16,53],[27,48],[-19,40],[4,71],[-22,28],[-100,31],[-66,40],[-21,47],[-36,54],[-22,75],[-59,60],[-14,38],[13,114],[43,46],[41,-44],[-57,-40],[16,-17],[41,9],[24,-16],[-23,-52],[-42,-11],[16,-37],[29,-19],[18,-91],[44,-45],[19,37],[-12,44],[4,98],[1,137],[58,-4],[57,-26],[32,-37],[47,-75],[16,-39],[34,-15],[16,20],[-60,117],[-35,39],[-94,41],[-87,-1],[-50,34],[-17,36],[-13,99],[-74,-22],[-36,-33],[-55,-81],[-81,-60],[-40,-18],[-101,-29],[-99,-15],[-83,-42],[-61,-21],[-106,19],[-226,147],[-13,19],[0,39],[17,15],[105,8],[38,24],[37,57],[49,61],[66,39],[39,33],[71,116],[68,55],[11,41],[-9,58],[-108,45],[-24,28],[-8,47],[-79,61],[-29,34],[-233,-9],[-16,13],[26,35],[74,-4],[123,18],[8,52],[-24,58],[-27,39],[-8,50],[19,42],[6,42],[-109,-34],[-16,36],[91,57],[-15,19],[-64,-33],[-92,-30],[-91,-5],[-12,17],[11,40],[102,28],[50,-23],[72,41],[-26,43],[-48,52],[-58,-43],[-40,-5],[-7,26],[34,23],[3,22],[-57,28],[-64,-4],[-102,33],[-28,-40],[-40,-15],[-27,-53],[-44,1],[-15,29]],[[66458,30056],[68,-38],[35,17],[10,-19],[-65,-47],[16,-21],[23,22],[33,-1],[-22,-23],[11,-22],[30,-9],[32,-44],[-30,-55],[62,-42],[67,77],[89,86],[13,4],[46,-53],[8,6],[-26,44],[39,-29],[15,27],[-81,67],[-11,43],[-61,11],[-47,61],[39,26],[-51,27],[-27,-16],[1,-52],[-19,-17],[31,-43],[-25,-21],[-30,41],[-18,-13],[-21,50],[-44,-6],[-1,62],[-47,-19],[-2,-28],[-58,-20],[18,-33]],[[72199,23294],[94,76],[64,28],[140,82],[106,50],[63,61],[69,118],[29,137],[55,83],[18,94],[-8,96],[51,133],[9,97],[-28,83],[5,33],[33,37],[50,23],[37,55],[12,151],[-21,43],[0,42],[26,42],[36,84],[21,14],[59,15],[48,31],[107,46],[19,26],[11,48],[19,29],[79,86],[14,34],[37,49],[3,19]],[[73456,25339],[39,3],[40,-10],[29,-23],[83,-35],[59,-9],[39,-21],[29,-37],[54,-103],[30,-46],[61,-58],[82,-46],[70,-80],[159,-88],[49,-24],[29,8],[71,65],[46,59],[36,32],[60,25],[41,8],[101,-12],[94,-75],[43,-11],[30,-25],[17,-36],[61,-44],[64,-33],[74,-11],[24,34],[36,-2],[36,46],[63,9],[12,21],[176,100],[14,23],[-2,42],[17,21],[47,0],[70,49],[29,30],[58,14],[217,-2],[28,7],[69,40],[68,63],[68,108],[21,76],[-8,32],[-50,77],[19,146],[-30,151],[16,14],[115,17],[106,30]],[[83046,15020],[-58,-12],[-38,-116],[-31,-43],[-13,-35],[-5,-56],[-49,1],[-105,-128],[-39,-41],[-61,-20],[-34,9],[-40,48],[-20,11],[-88,0],[-29,22],[-40,-2],[-130,-53],[-60,-8],[-72,-46],[-109,-26],[-69,-23],[-25,-44],[-28,-123],[-80,-33],[-43,-48],[-42,-76],[-9,-51],[13,-29],[65,-32],[-6,-21],[-44,-30],[-68,-135],[61,-56],[36,-83],[21,-177],[-5,-22],[-82,-65],[-42,-8],[-47,36],[-76,28],[-26,-18],[-10,-224],[-18,-14],[-40,3],[-78,29],[-105,-4],[-62,5],[-51,-29],[-22,-37],[-15,-90],[-21,-21],[-72,-25],[-9,-17],[9,-50],[-7,-29],[-67,-39],[-62,-66],[-85,-15],[-159,-3],[-60,-7],[-59,10],[-25,14],[-32,38],[-60,-27],[-48,-11],[0,-94],[45,-25],[11,-37],[-9,-28],[-34,-46],[-61,-34],[-49,-110],[-39,-24],[-47,-6],[-23,14],[-27,43],[-49,29],[-40,-60],[-64,-4],[-105,66],[-55,2],[-89,-33],[-46,-24],[-79,-76],[-49,-137],[9,-68],[-36,-57],[-25,-19],[-30,-3],[-61,15],[-74,2],[-93,-4],[-20,-10],[-27,-48],[-54,-31],[-23,-29],[-22,-50],[-46,-51],[-104,-41],[-25,-17],[-30,-44],[-74,-63],[-36,-51],[-102,-51],[-137,-11],[-12,9],[-32,93],[-6,74],[22,216],[-29,42],[-17,-6],[-59,-68],[-19,-36],[-41,-25],[-96,-4],[-29,61],[-38,11],[-58,-23],[-77,10],[-101,-23],[-27,9],[-29,34],[-37,12],[-57,-29],[-42,36],[-82,-25],[0,-62],[-19,-42],[-41,-18],[-83,-12],[-27,-20],[-46,-69],[7,-29],[27,-23],[-25,-44],[-32,-181],[-55,-94],[-60,-40],[-49,16],[-25,45],[-22,70],[-31,42],[-25,10],[-81,10],[-56,-6],[-44,-40],[-6,-25],[5,-86],[-38,-95],[-24,2],[-25,34],[-21,8],[-27,-17],[-5,-36],[-79,-70],[-33,-15],[-30,31],[-22,5],[-100,95],[-88,48],[-21,5],[-101,-4],[-71,4],[-49,17],[-105,9],[-24,9],[-77,3],[-57,26],[-45,-26],[-20,-30],[-10,-49],[-50,-37],[-94,17],[-58,33],[-42,6],[-40,-10],[-120,61],[-63,39],[-43,37],[-8,19],[3,67],[-11,21],[-94,88],[-47,62],[-74,40],[-56,50],[-66,-23],[-49,64],[-22,17],[-68,27],[-34,27],[-50,62],[-54,45],[-20,90],[-42,126],[-8,88],[5,74],[-33,31],[-81,1],[-102,16],[-9,16],[27,33],[73,27],[96,50],[26,23],[67,127],[69,50],[-6,95],[-31,31],[-8,53],[-46,25]],[[55856,28311],[37,-15],[172,-126],[87,-86],[3,-21],[-89,-105],[-71,-106],[10,-74],[20,-35],[-4,-29],[-46,-48],[-5,-30],[40,-31],[23,-52],[23,-14],[34,-63],[-1,-53],[-23,-29],[-1,-30],[35,-54],[-3,-29],[16,-29],[-18,-42],[28,-63],[-25,-66],[-46,-29],[-15,-40],[122,-54],[19,-25],[9,-62],[48,-27],[49,27],[43,-3],[96,53],[58,4],[79,24],[57,3],[31,-9],[49,-30],[111,-23],[95,-2]],[[56903,26888],[-1,-25],[21,-96],[105,-358],[33,-148],[6,-141],[-19,-163],[-5,-154],[-17,-132],[-26,-101],[-48,-100],[-61,-68],[-142,-121],[-62,-43],[-151,-85],[-226,-75],[-104,-21],[-198,-50],[-194,-86],[-86,-48],[-165,-76],[-316,-154],[-115,-61],[-207,-103],[-110,-63],[-72,-49],[-262,-263],[-238,-227],[-142,-122],[-104,-77],[-162,-96],[-176,-83],[-52,-14],[-208,-48],[-99,-17],[-52,-15],[-235,-36],[-166,-12],[-314,-12],[-103,1],[-251,9],[-380,20],[-398,24],[-115,0],[-66,-4],[-56,-4],[-203,-6],[-88,-7],[-142,-22],[-54,-15],[-205,-88],[-72,-35],[-81,-31],[-132,-64],[-186,-75],[-165,-56],[-174,-46],[-236,-47],[-103,-7],[-173,-19],[-239,-3],[-250,-336],[-55,-69],[-67,-49],[-53,-29],[-51,-10],[-83,-62],[-263,-141],[-306,-147],[-227,-99],[-21,-29],[-110,-42],[-224,-98],[-152,-88],[-244,-138],[-209,-121],[-234,-132],[-17,-5],[-23,-3],[-184,59],[-113,30],[-154,21],[-188,39],[-290,79],[-183,43],[-270,55],[-86,9],[-253,19],[-390,13],[-343,37],[-177,37],[-112,39],[-341,152],[-121,30],[-191,60],[56,122],[42,128]],[[43024,22244],[192,-75],[299,-106],[67,167],[-5,276],[-147,-16],[0,66],[333,56],[-44,73],[387,208],[-64,88],[389,79],[8,-48],[434,79],[-8,65],[306,49],[94,-42],[-28,51],[-46,112],[-35,72],[-9,61],[-55,19],[-1,150],[-7,47]],[[45084,23675],[2,51],[24,0],[-4,42],[19,3],[7,42],[4,154],[21,87],[-208,-19],[-29,248],[-80,5],[-4,20],[-243,-21]],[[43005,22545],[9,-67],[-146,25],[-14,76],[151,-34]],[[64090,22112],[-57,93],[1,45],[-73,7],[-54,57],[-28,59],[-66,8],[-57,-22],[-237,-35],[-34,11],[-79,54],[-69,3],[-38,-14],[-45,30],[-91,7],[-90,1],[-38,13],[-79,4],[-7,28],[14,55],[-18,14],[-63,-12],[-28,8],[-142,109],[-95,55],[-42,80],[-13,60],[4,32],[39,99],[4,29],[-16,32],[-35,1],[-7,54],[-68,53],[4,71],[-25,10],[-66,-48],[-48,-47],[-21,-5],[-83,17],[-78,-16],[-122,-10],[-65,17],[-72,47],[-95,-5],[-54,30],[-58,53],[-78,15],[-73,62],[-54,11],[-23,22],[-9,124],[-20,61],[-28,14],[-18,40],[-2,34],[16,33],[-10,45],[-30,24],[-61,18],[-82,-1],[-61,-23],[-68,-1],[-61,21],[-33,-39],[-63,20],[-50,-6],[-83,17],[-51,-17],[-72,26],[-48,7],[-46,-11],[-53,-38],[-59,-21],[-85,3],[-76,25],[-10,10],[10,68],[3,88],[-8,23],[-101,61],[-57,66],[-57,47],[-45,95],[1,15],[43,40],[4,46],[-26,56],[1,31],[-20,23],[13,162],[-5,24],[-46,63],[-30,52],[-19,0],[-36,-32],[-48,-18],[-39,23],[-26,48],[-5,63],[-59,65],[-28,14],[-55,3],[-38,32],[-23,0],[-80,-71],[-107,23],[-15,113],[-99,58],[10,27],[-5,42],[-70,73],[5,44],[48,76],[-9,65],[8,32],[-11,24],[-94,112],[-2,53],[24,56],[-105,41],[-32,37],[-30,7],[-70,-9],[-74,4],[-33,-13],[-54,-35],[-41,-1],[-30,12],[-41,-18],[-104,14],[-63,32],[-26,83],[-21,17],[-65,-5],[-50,19],[-50,7],[-6,27],[21,68],[-18,78],[0,46],[11,56],[18,36],[71,57],[46,50],[25,62],[73,93],[50,42],[67,31],[14,31],[63,42],[38,65],[53,51],[22,66],[3,57],[-26,59],[33,42],[55,28],[37,30],[84,51],[-7,38],[-23,20],[-60,77],[-61,52],[-2,15],[49,55],[5,68],[10,45],[33,73],[89,47],[88,1],[75,113],[58,59],[30,77],[162,40],[44,27],[18,38]],[[59569,27809],[154,-11],[163,-24],[123,-11],[93,2],[367,70],[72,18],[74,49],[56,66],[31,53],[11,54],[-40,280]],[[66109,29275],[14,-52],[-55,-60],[-173,-110],[12,-32],[71,31],[86,24],[26,-2],[30,-47],[-203,-97],[-50,-60],[42,-43],[27,-62],[5,-75],[-10,-49],[20,-7],[7,29],[27,12],[19,-17],[-9,-37],[20,-39],[24,18],[19,-48],[-7,-97],[-21,-44],[-66,-74],[32,-26],[33,29],[60,79],[-3,62],[16,43],[25,22],[113,47],[88,-3],[65,9],[62,32],[127,39],[104,-105],[6,-125],[15,-27],[136,63],[67,71],[53,94],[75,54],[23,9],[107,-1],[107,23],[67,41],[112,116],[49,36],[106,18],[47,-19],[83,-54],[44,-21],[62,-7],[48,17],[48,45],[95,101],[101,77],[86,25],[55,-5],[90,4],[-15,-46],[-25,-29],[-3,-38],[39,-2],[-8,-148],[21,-6],[0,-200],[137,-1],[2,-27],[156,4],[2,-80],[-24,0],[1,-70],[355,3],[-26,-45],[5,-84],[-19,-37],[-54,-46],[6,-61],[-12,-26],[-71,-44],[-19,-36],[-1,-53],[12,-30],[67,-81],[46,-11],[51,-95],[52,-41],[42,-89],[-10,-50],[-21,-48],[-104,-95],[-41,-22],[-22,-71],[8,-143],[69,-32],[100,-84],[106,-42],[48,-63],[38,-25],[27,11],[45,64],[58,33],[71,-15],[47,-39],[34,-5],[62,28],[13,16],[58,145],[21,22],[71,16],[70,27],[133,38],[125,63],[20,-15],[-30,-146],[21,-35],[159,-43],[15,-34],[8,-80],[-4,-112],[6,-38],[31,-63],[15,-16],[37,18],[177,8],[62,-4],[128,-67],[81,26],[50,6],[121,47],[37,20],[59,16],[35,-3],[38,-20],[34,-46],[24,-73],[48,-47],[51,-28],[47,-14],[87,-69],[47,-27],[52,-15],[68,-62],[40,-56],[65,-69],[22,-41],[16,-68],[26,-33],[33,-10],[21,-22],[10,-51],[65,-14],[43,14],[30,23],[58,20],[65,-3],[197,11],[22,-16],[10,-39],[68,-69],[82,-19],[118,-93],[65,3],[52,-30],[82,-11],[54,-127],[35,-31],[89,-17],[34,-21],[26,-40],[32,-24],[93,-44],[132,-118],[65,-77],[21,-33],[70,-50]],[[67062,30223],[29,168],[25,102],[35,85],[72,88],[75,58],[243,152],[152,122],[136,103],[80,78],[87,65],[64,69],[64,115],[65,45],[111,50],[87,30],[38,24],[173,66],[149,86],[82,-110],[63,-25],[107,-14],[191,-12],[54,-12],[56,4],[36,-8],[-1,-53],[10,-33],[48,-45],[29,-86],[-3,-58],[16,-114],[26,-22],[32,-63]],[[69493,31078],[-41,-36],[-43,-8],[-27,-34],[-21,-3],[-43,31],[-68,-59],[-30,16],[-72,-14],[-32,8],[-32,26],[-35,-11],[-42,14],[-12,-10],[6,-60],[25,-93],[-16,-43],[-45,-46],[-39,-18],[-47,8],[-24,-31],[13,-89],[-45,-79],[-77,-43],[-8,-45],[-29,-29],[-38,-6],[-19,-16],[5,-34],[-19,-64],[-12,-3],[-43,59],[-19,57],[-9,112],[-18,2],[-32,-64],[4,-77],[-24,-24],[21,-69],[28,-5],[31,-45],[22,-12],[-10,-22],[-33,4],[-53,-35],[3,-32],[27,-25],[-1,-19],[-43,-53],[28,-27],[-15,-20],[-33,30],[-20,-9],[-55,42],[-24,-28],[-60,-19],[-50,16],[-24,33],[5,83],[-16,25],[-67,-3],[-17,21],[-7,44],[-26,47],[14,68],[19,54],[-79,39],[-41,113],[-24,5],[-27,-31],[-75,6],[-27,14],[-79,7],[-29,-48],[-27,-26],[-16,-42],[10,-37],[-31,-37],[-21,-92],[5,-18],[-20,-74],[-5,-80],[-33,-149],[0,-73],[-30,-3],[-64,46],[-77,73],[-26,17],[-208,63],[-4,16],[-151,29]],[[34941,39183],[-7,27],[-64,125],[2,50],[-26,95],[12,42],[3,82],[-15,14],[-60,14],[-73,29],[-75,54],[-47,57],[-27,20],[-63,30],[-42,35],[-57,24],[-22,33],[-5,33],[-43,70],[-40,51],[2,54],[-23,66],[9,67],[-15,67],[-15,35],[-84,20],[-52,-23],[-26,11],[-32,48],[-21,55],[-6,85],[-29,54],[-64,92],[-3,54],[12,101],[-9,53],[-38,81],[-28,74],[4,80],[-15,57],[20,55],[49,61],[21,58],[-13,33],[-28,23],[-10,53],[-39,38],[-36,80],[-56,75],[-67,51],[-56,103],[33,91],[20,97],[33,74],[18,86],[65,81],[14,39],[-3,72],[-14,43],[-40,62],[-46,37],[-98,54],[-61,42],[-22,71],[-71,161],[1,27],[-70,52],[-29,30],[-16,41],[-7,104],[-58,54],[-85,106],[-83,54],[9,41],[-40,62],[-123,73],[-76,34],[-55,78],[-47,30],[-124,15],[-44,20],[-4,44],[22,18],[-13,109],[11,42],[2,79],[-6,147],[-24,138],[-23,28],[-25,104],[-69,74],[-45,56],[-41,37],[-47,24],[-63,52],[-32,43],[-14,72],[-48,50],[-31,45],[-8,54],[34,40],[60,47],[35,12],[9,55],[52,79],[39,41],[52,40],[21,55],[14,81],[-2,67],[17,32],[49,63],[35,74],[48,70],[1,49],[-14,85],[25,62],[-1,38],[-18,54],[23,55],[-17,60],[4,115],[10,33],[-37,69],[49,63],[-25,64],[-15,69],[-50,69],[-10,33],[10,26],[10,143],[-1,36],[-182,217],[-41,44],[-23,60],[-20,91],[80,81],[27,90],[17,37],[52,29],[45,2],[65,64],[63,129],[16,14],[90,14],[53,1],[38,13],[80,45],[16,17],[30,137],[39,114],[20,30],[104,106],[68,40],[23,61],[38,67],[9,36],[-28,48],[-20,72],[-44,63],[-11,39],[5,53],[46,96],[24,118],[60,234],[23,37],[-2,86],[-33,53],[-51,180],[1,58],[-30,103],[-33,29],[-35,70],[-22,62],[-7,115],[-23,83],[12,16],[153,83],[30,10],[76,9],[57,56],[113,72],[77,38],[45,41],[33,13],[160,7],[164,76],[102,73],[63,31],[64,17],[29,36],[26,82],[5,63],[45,152],[21,109],[12,100],[54,110],[25,67],[6,64],[33,45],[61,38],[108,25],[12,15],[-60,56],[-17,252],[1,68],[-28,90],[-6,39],[-37,76],[-7,79],[-25,34],[-77,81],[25,73],[-35,96],[-22,27],[-6,84],[-29,28],[3,140],[-8,45],[12,31],[63,27],[47,38],[26,124],[40,42],[-1,35],[33,42],[5,25],[42,44],[28,66],[19,28],[49,29],[34,46],[27,75],[1,52],[-40,41],[8,66],[-8,64],[-17,55],[-14,86],[-35,72],[25,86],[65,68],[31,88],[7,74],[-10,59],[5,23],[40,53],[-12,39],[11,94],[-31,79],[10,129],[-24,15],[-20,54],[-39,27],[-48,55],[-24,88],[5,122],[-4,36],[24,48],[5,38],[-13,57],[25,32],[96,76],[61,33],[-6,60],[-37,56],[0,30],[54,64],[34,64],[4,38],[38,79],[-32,36],[-11,137],[-51,108]],[[32953,22351],[-69,12],[-67,53],[19,74],[-13,14],[-58,-21],[-97,39],[-368,157],[-153,64],[9,289],[-11,30],[-45,51],[-70,22],[-16,175],[-272,-110],[-19,78],[0,23],[43,63],[30,65],[38,26],[2,30],[-21,42],[-26,91],[-26,16],[-68,8],[-50,57],[-15,59],[-39,92],[-48,-20],[-263,-126]],[[30322,24307],[-174,110],[-39,36],[-48,60],[32,18],[-30,57],[-17,71],[4,33],[25,45],[21,6],[56,97],[94,117],[175,48],[-93,284],[-23,97],[-53,271],[-10,66],[-16,149]],[[30226,25872],[-6,74],[-5,169],[7,92],[-42,192],[-62,217],[-32,98],[-35,82],[-129,248],[-197,350],[-51,139],[-39,161],[-30,158],[11,170],[25,226]],[[29641,28248],[162,-15],[219,4],[124,-2],[24,22],[104,-15],[7,-28],[-22,-14],[22,-18],[62,14],[28,-48],[30,1],[0,-118],[-11,-23],[10,-69],[128,-89],[35,-34],[100,-150],[36,-16],[49,4],[56,-14],[20,5],[214,80],[22,27],[118,49],[68,-78],[14,-33],[8,-79],[20,-39],[39,1],[10,-54],[32,-1],[13,-23],[40,-3],[36,63],[122,-54],[82,-6],[103,1],[196,8],[204,-11],[325,5],[299,10],[5,-114],[-13,-71],[-11,-114],[95,-4],[192,19],[221,6],[78,23],[40,-35],[33,-4],[94,45],[131,95]],[[33654,27354],[-28,-65],[-59,-102],[13,-30],[64,19],[74,-11],[10,-12],[-26,-58],[13,-124],[1,-110],[330,4],[72,6],[4,-51],[60,-78],[18,1],[1,-50],[150,4],[-2,-92],[296,-2]],[[64989,118548],[59,110],[26,40],[69,42],[41,32],[94,33],[118,26],[183,22],[67,29],[41,32],[30,53],[56,64],[39,27],[92,19],[58,22],[58,87],[31,119],[17,23],[39,23],[63,21],[27,29],[59,93],[17,9],[118,8],[25,36],[35,86],[46,32],[84,22],[93,42],[46,-2],[153,-59],[20,-1],[179,27],[32,0],[91,-23],[106,-19],[19,-48],[34,-21],[197,-9],[57,4],[103,32],[41,39],[75,20],[162,19],[27,8],[46,99],[1,45],[-24,65],[22,123],[17,150],[-73,88],[3,24],[27,49],[7,35],[-32,170],[-27,40],[-56,52],[-93,73],[-49,71],[-17,104],[17,31],[37,28],[115,54],[42,41],[52,94],[33,27],[60,14],[41,-32],[60,-14],[31,42],[45,16],[82,2],[85,-35],[69,-3],[36,-10],[28,15],[-13,100],[4,22],[62,45],[73,37],[31,40],[20,177],[39,100],[11,14],[66,33],[35,34],[74,32],[68,43],[59,62],[71,41],[2,34],[-36,59],[-10,71],[-45,78],[9,24],[64,63],[31,83],[40,30],[-9,128],[38,60],[55,30],[25,66],[32,44],[65,22],[90,2],[107,21],[47,-3],[75,26],[42,99],[41,123],[14,13],[97,-11],[72,-26],[57,-82],[23,-54],[35,-10],[107,49],[41,55],[23,70],[8,58],[21,44],[28,22],[34,132],[30,92],[152,57],[66,68],[62,48],[4,122],[22,97],[108,94],[4,33],[59,45],[18,78],[-32,46],[-1,20],[43,52],[54,102],[61,44],[29,44],[9,66],[-33,23],[-3,69],[44,36],[2,50],[51,2],[101,24],[49,30],[42,80],[47,76],[102,98],[63,14],[75,-7],[90,12],[134,38],[58,-26],[79,11],[43,38],[-8,58],[-38,83],[-9,121],[-25,57],[5,30],[-28,83],[37,68],[54,26],[34,36],[44,69],[-9,28],[50,47],[32,4],[96,-20],[61,5],[97,67],[31,32],[69,25],[69,39],[46,16],[59,0],[43,-16],[52,-1],[22,17],[17,49],[44,41],[98,40],[14,13],[33,75],[53,155],[37,70],[52,17],[92,70],[41,71],[-8,70],[81,128],[7,32],[84,18],[26,-1],[63,-30],[50,-52],[44,-61],[56,-60],[68,-23],[65,18],[51,35],[50,50],[144,18],[42,-4],[62,-28],[53,-35],[46,-11],[55,1],[50,-73],[50,-35],[84,-78],[20,-26],[21,-96],[16,-43],[43,-76],[38,-18],[17,15],[51,77],[64,143],[97,152],[24,10],[24,-16],[4,-106],[58,-7],[44,-47],[31,-7],[180,15],[80,34],[89,11],[130,27],[16,21],[70,8],[123,58],[104,16],[85,62],[85,26],[-3,-61],[89,-43],[95,-52],[39,-49],[-40,-90],[4,-114],[7,-38],[1,-72],[-38,-63],[-45,-60],[1,-26],[24,-42],[81,-67],[40,-44],[87,-22],[52,-22],[66,-15],[84,-3],[20,-27],[7,-81],[36,-143],[65,-182],[53,-58],[49,-83],[91,-60],[63,-49],[118,-123],[50,-77],[2,-86],[26,-183],[-26,-53],[-11,-77],[6,-108],[13,-97],[21,-117],[0,-59],[19,-76],[13,-21],[69,13],[58,40],[25,44],[12,43],[7,80],[17,76],[27,55],[60,40],[35,-12],[73,-72],[20,-9],[65,-4],[107,-43],[36,1],[63,26],[39,60],[1,30],[-38,88],[-29,50],[-18,50],[-2,100],[-10,131],[11,205],[57,79],[46,24],[68,22],[85,-16],[61,-55],[17,-6],[85,14],[116,75],[68,80],[67,114],[19,46],[27,131],[31,34],[126,35],[93,17],[276,16],[93,-10],[175,2],[58,23],[28,31],[69,120],[105,67],[37,52],[61,104],[15,17],[59,117],[80,69],[128,99],[64,67],[22,50],[18,116],[3,52],[45,73],[127,227],[45,51],[120,118],[79,109],[94,77],[93,56],[44,-4],[7,-67],[17,-44],[24,-30],[88,-50],[56,-53],[88,-53],[30,-31],[18,-36],[16,-62],[-3,-44],[-28,-42],[24,-47],[170,-110],[63,-90],[14,-78],[28,-61],[40,-55],[2,-66],[30,-13],[73,79],[78,69],[9,38],[68,33],[92,25],[40,19],[97,69],[36,43],[43,37],[27,39],[16,44],[12,141],[17,43],[21,17],[111,28],[73,75],[107,75],[64,27],[134,77],[83,40],[175,33],[41,16],[57,35],[97,79],[104,64],[57,44],[46,20],[104,24],[68,-39],[155,1],[37,-13],[42,-48],[19,-42],[67,-71],[24,-35],[54,-13],[63,-87],[50,-20],[37,14],[98,17],[14,-7],[60,-84],[72,-42],[65,-19],[108,-8],[104,22],[69,-21],[46,-30],[156,-44],[195,-83],[62,10],[48,49],[10,77],[43,73],[25,20],[22,68],[16,18],[121,47],[58,-22],[37,-1],[64,43],[41,65],[56,43],[86,48],[53,-14],[105,5],[12,-6],[11,-63],[23,-23],[112,-49],[31,-19],[62,-17],[34,-24],[58,-18],[60,-33],[87,-8],[64,6],[133,-13],[19,-18],[32,-66],[-8,-48],[-69,-109],[-6,-78],[13,-94],[8,-146],[60,-259],[32,-95],[2,-26],[-46,-51],[-55,-21],[-70,0],[-43,-15],[-35,-31],[-32,-51],[-65,-18],[-25,-28],[5,-36],[33,-76],[-1,-90],[-12,-54],[-17,-34],[-94,-57],[-20,-39],[10,-26],[56,-67],[25,-94],[61,-123],[-131,-18],[-7,-76],[-103,26],[-19,-19],[-29,-63],[-92,-3],[-41,-9],[-49,-78],[-8,-48],[18,-50],[-10,-24],[-52,2],[-46,-15],[-31,-57],[-55,-49],[-70,-41],[-12,-36],[10,-30],[100,-70],[25,-29],[-34,-83],[3,-68],[41,-67],[50,-36],[41,-12],[77,4],[-12,-66],[10,-65],[-10,-36],[20,-58],[36,-42],[35,-76],[34,-47],[49,-49],[62,-41],[119,-134],[46,-30],[29,-7],[66,13],[78,-25],[116,11],[60,-37],[81,-11],[75,1],[38,22],[9,36],[47,42],[55,25],[44,48],[66,17],[78,87],[52,46],[30,59],[81,3],[66,-6],[116,25],[36,18],[48,42],[32,56],[42,28],[104,59],[15,-4],[75,-55],[94,-40],[91,4],[50,31],[-5,45],[11,32],[39,28],[56,65],[90,68],[80,102],[46,21],[95,-49],[28,-9],[156,-1],[62,-5],[69,6],[47,-25],[32,-3],[45,23],[109,118],[93,-49],[72,24],[53,-60],[42,-33],[51,-26],[92,-6],[35,39],[-3,51],[-35,30],[9,51],[81,6],[37,16],[57,-1],[94,8],[40,50],[140,34],[109,42],[49,51],[50,117],[0,91],[16,77],[-15,119],[-16,44],[-66,71],[-26,46],[-14,45],[17,34],[35,122],[35,45],[32,22],[35,40],[15,33],[47,49],[32,21],[15,81],[36,71],[10,35],[4,102],[82,4],[87,13],[133,55],[95,-2],[21,10],[92,87],[61,65],[73,43],[93,32],[-2,32],[29,2],[2,-24],[143,14],[53,13],[32,-6],[57,-57],[90,15],[37,-22],[49,-53],[42,-6],[103,40],[57,63],[24,56],[58,93],[87,-25],[42,8],[36,25],[97,4],[32,29],[19,38],[62,63],[43,5],[84,-72],[46,12],[136,95],[60,14],[35,27],[6,24],[-14,47],[52,71],[13,30],[0,74],[27,3],[84,-110],[16,-12],[85,-31],[21,-14],[42,-55],[42,-85],[69,-46],[31,-30],[9,-28],[33,-216],[24,-119],[46,-124],[6,-47],[-54,-114],[-55,-56],[-13,-30],[32,-232],[-5,-64],[15,-74],[-4,-85],[12,-76],[-12,-50],[-27,-46],[38,-99],[-19,-46],[1,-42],[34,-55],[4,-91],[-8,-94],[-21,-39],[2,-37],[26,-25],[64,-21],[62,-134],[20,-19],[80,-39],[29,-73],[38,-27],[65,-24],[35,-29],[76,-105],[34,-82],[64,-25],[91,-114],[25,-158],[19,-23],[60,-31],[101,-36],[102,-54],[111,-27],[65,-56],[38,-19],[36,-5],[54,8],[218,57],[93,-1],[79,25],[105,10],[35,-2],[37,-26],[27,-52],[21,-16],[80,-17],[27,-21],[58,-97],[42,-47],[117,-16],[79,12],[96,-19],[116,-6],[35,-10],[43,-32],[19,-26],[24,-72],[2,-61],[41,-17],[101,45],[111,23],[137,44],[59,-1],[76,-57],[117,-2],[98,-32],[49,-61],[17,-50],[106,-151],[29,-14],[73,17],[37,-24],[-3,-70],[19,-79],[56,-18],[69,-72],[28,-43],[35,-23],[80,7],[55,-3],[52,-31],[29,-29],[33,-57],[23,-10],[146,223],[80,77],[97,69],[39,-20],[3,-38],[19,-28],[44,-7],[89,28],[47,5],[26,-16],[72,-84],[62,-51],[166,-104],[111,-63],[89,-30],[47,-4],[138,-27],[34,79],[76,44],[48,9],[45,55],[44,26],[44,43],[86,62],[106,58],[64,23],[75,45],[53,57],[13,46],[81,123],[16,50],[46,60],[14,35],[77,91],[88,56],[13,23],[3,46],[40,92],[10,82],[18,51],[42,4],[233,-42],[58,-28],[46,-31],[81,1],[41,-11],[86,-6],[114,-39],[49,-10],[106,8],[157,-6],[104,4],[63,-6],[50,-12],[74,6],[115,-6],[31,3],[68,33],[307,162],[83,47],[60,7],[81,-9],[80,-41],[384,6],[39,-57],[72,-42],[51,-22],[53,-1],[37,11],[184,-2],[112,-32],[74,-71],[12,-68],[33,-52],[10,-141],[-22,-93],[20,-75],[-4,-86],[6,-46],[19,-47],[9,-69],[74,-54],[19,-62],[4,-48],[21,-32],[69,-26],[10,-18],[6,-73],[-4,-70],[-13,-89],[7,-10],[73,-22],[50,-41],[46,-62],[37,-88],[92,-109],[62,-102],[73,-81],[48,-25],[82,1],[187,-46],[56,-44],[20,-46],[14,-70],[38,-15],[50,-4],[59,-17],[71,17],[142,-6],[43,-12],[34,-37],[65,-43],[47,-122],[18,-21],[30,-90],[7,-67],[28,-40],[66,-27],[51,-8],[99,-57],[54,-43],[55,-62],[64,-92],[106,-123],[55,-27],[12,-42],[21,-25],[16,-87]],[[56100,102988],[44,95],[74,100],[8,69],[-22,114],[-24,71],[-50,64],[-19,47],[-10,83],[-31,74],[59,47],[16,34],[-21,67],[-7,50],[12,30],[37,43],[40,96],[12,116],[14,64],[2,82],[40,167],[39,105],[18,32],[103,49],[30,35],[47,107],[15,49],[57,42],[60,80],[-92,85],[-23,66],[-58,55],[-52,37],[-99,82],[-43,22],[-49,56],[-9,51],[3,73],[12,63],[-13,13],[-86,5],[-45,29],[35,36],[91,65],[84,52],[140,66],[5,28],[-31,48],[-37,105],[-47,155],[-14,83],[11,51],[50,88],[70,136],[35,85],[54,92],[24,54],[10,78],[36,85],[13,58],[31,58],[35,26],[65,19],[72,39],[50,37],[33,65],[25,23],[10,74],[48,34],[57,98],[51,32],[2,16],[-30,45],[-10,42],[8,62],[29,67],[-5,18],[-47,29],[-10,67],[42,60],[37,28],[30,41],[14,74],[-6,21],[92,148],[51,59],[7,53],[39,46],[45,15],[64,5],[72,35],[3,33],[33,25],[51,-6],[29,7],[79,59],[19,0],[60,-27],[110,2],[25,11],[6,31],[-15,29],[21,39],[-2,44],[20,79],[65,49],[13,90],[14,24],[-2,85],[28,35],[22,60],[1,30],[-18,66]],[[58081,109203],[30,90],[43,55],[41,21],[65,10],[105,62],[35,35],[53,23],[17,30],[0,105],[21,39],[37,13],[73,4],[37,13],[50,40],[46,104],[25,13],[86,17],[76,82],[40,12],[27,-6],[33,24],[15,30],[2,57],[-25,29],[-60,29],[-17,24],[2,36],[31,117],[30,34],[107,-32],[45,-4],[46,45],[52,14],[65,56],[27,6],[83,-16],[40,23],[49,0],[150,44],[114,-7],[47,4],[38,-119],[23,-31],[58,-6],[104,61],[73,-1],[138,18],[87,2],[30,20],[17,61],[42,12],[95,-13],[110,68],[145,118],[-20,161],[5,52],[23,26],[196,35],[44,18],[54,33],[93,3],[10,40],[-41,31],[-58,26],[-58,87],[-4,77],[7,49],[20,71],[-24,91],[37,32],[68,20],[22,23],[5,35],[-23,45],[74,49],[43,67],[56,15],[5,20],[-6,81],[-16,50],[33,64],[11,92],[109,53],[63,24],[18,25],[92,78],[31,81],[25,25],[63,36],[79,9],[22,48],[57,96],[-33,76],[-57,72],[-72,-20],[-74,58],[-18,31],[10,68],[-8,111],[2,49],[-25,31],[1,27],[41,7],[-25,46],[-2,36],[24,49],[73,-5],[31,33],[-1,18],[-31,77],[24,92],[14,15],[79,7],[63,17],[62,-16],[61,-43],[72,-32],[25,-59],[30,-28],[42,13],[79,45],[53,8],[55,-32],[101,56],[98,26],[24,-22],[23,-47],[180,42],[117,19],[78,-24],[83,7],[95,-17],[61,0],[36,26],[42,60],[9,52],[72,44],[80,19],[69,41],[32,51],[49,105],[28,19],[77,-1],[30,9],[13,29],[4,49],[91,115],[0,58],[22,20],[120,43],[27,29],[45,84],[72,19],[60,39],[53,16],[50,29],[30,37],[48,31],[63,132],[4,49],[-40,19],[-32,75],[24,94],[8,59],[25,56],[-10,214],[-11,51],[37,202],[17,46],[74,8],[102,67],[83,41],[82,62],[89,88],[10,20],[61,63],[14,30],[-123,53],[-46,28],[-97,-3],[-124,48],[-40,-1],[-22,16],[-146,66],[-54,0],[-21,-20],[-93,15],[-27,15],[-23,43],[6,45],[35,37],[48,128],[35,33],[21,44],[-42,127],[32,30],[45,18],[146,106],[49,64],[93,50],[24,24],[8,43],[-12,50],[7,37],[36,26],[66,31],[42,60],[-2,96],[27,69],[6,76],[21,43],[37,22],[27,47],[21,79],[64,57],[11,22],[4,60],[-11,52],[34,49],[72,30],[9,15],[5,90],[29,71],[46,60],[48,75],[14,37],[-12,70],[-16,15],[-96,35],[-79,-11],[-24,4],[-74,65],[-12,42],[34,73],[17,67],[-21,62],[-44,30],[-14,31],[32,76]],[[19731,60173],[-42,115],[-9,68],[2,47],[65,191],[-9,43],[-54,53],[-13,35],[7,188],[-15,40],[-59,79],[-18,67],[17,28],[40,35],[28,59],[11,63],[3,81],[13,61],[27,21],[47,66],[94,87],[85,68],[76,40],[30,36],[37,24],[32,51],[14,68],[107,140],[13,47],[-7,68],[12,38],[51,61],[53,49],[29,67],[46,47],[18,47],[23,137],[-4,61],[25,7],[183,-20],[62,-65],[204,-92],[80,-47],[30,-33],[26,-54],[47,-75],[48,-32],[100,-9],[41,-15],[46,-34],[86,-49],[72,-60],[98,-107],[80,6],[85,-1],[55,-12],[120,-57],[64,-12],[72,-24],[125,-76],[124,-38],[100,44],[79,12],[50,33],[24,53],[43,18],[39,30],[114,36],[56,-18],[113,-18],[120,4],[65,19],[73,4],[89,-39],[137,-73],[24,-25],[42,-20],[72,5],[47,-20],[68,-48],[35,-3],[46,28],[93,33],[93,15],[86,20],[137,-53],[97,-137],[59,-31],[115,7],[31,9],[100,51],[43,33],[78,82],[72,96],[99,67],[45,16],[57,38],[47,7],[82,-15],[126,12],[99,98],[99,69],[154,18],[57,25],[77,56],[-36,94],[-2,82],[-13,52],[-43,68],[-3,58],[24,63],[10,90],[43,66],[14,60],[-2,30],[17,25],[121,116],[22,49],[49,83],[78,75],[37,72],[19,1],[137,-51],[78,-9],[100,31],[102,-6],[33,8],[85,90],[40,25],[18,32],[72,45],[32,32],[33,54],[29,24],[42,2],[33,-13],[71,-55],[21,-47],[25,-26],[79,-54],[68,-25],[-23,-104],[40,-75],[18,-14],[93,-34],[59,-58],[111,-102],[155,2],[66,10],[4,-68],[21,-70],[-1,-71],[27,-41],[113,-89],[28,-6],[83,3],[56,-7],[34,7],[52,41],[66,9],[73,-59],[30,-5],[49,-27],[60,1],[65,-19],[113,10],[75,-8],[64,-24],[22,-37],[2,-52],[27,-7],[62,82],[42,30],[110,98],[95,31],[88,61],[58,96],[-40,54],[-28,10],[-11,39],[19,43],[2,72],[-29,54],[-5,39],[-26,48],[-18,57],[27,114],[16,22],[84,-72],[91,-18],[76,-21],[73,-6],[158,10],[102,27],[43,23],[58,6],[97,30],[67,34],[83,32],[28,18],[40,144],[23,60],[33,31],[39,166],[82,173],[63,61],[54,79],[30,34],[91,32],[49,75],[36,27],[42,12],[96,-71],[25,-24],[24,-60],[154,-152],[41,-67],[26,-83],[60,-113],[84,-119],[35,-20],[63,-67],[41,-102],[2,-67],[-46,-106],[-5,-39],[3,-114],[27,-85],[28,-26],[10,-51],[-13,-59],[-34,-85],[3,-29],[39,-79],[66,-106],[7,-60],[-25,-76],[38,-97],[10,-49],[18,-17],[49,-9],[58,-27],[26,-53],[34,-42],[66,-41],[26,-41],[73,6],[142,-9],[48,16],[52,51],[51,36],[92,36],[70,35],[109,2],[67,-14]],[[35078,30017],[-67,2],[-18,44],[-72,0],[-30,34],[-2,109],[-153,-3],[-186,-8],[-4,-37],[20,-67],[3,-52],[17,-29],[41,-5],[4,-49],[-61,-1],[-1,-51],[-14,-105],[1,-79],[-26,-32],[-1,-37],[-19,-106],[-114,4],[-241,-14],[-69,-24],[-36,0],[-126,15],[-70,0],[-41,-10],[-32,-36],[-145,-75],[-181,-76],[-65,25],[-92,54],[30,-101],[58,-125],[36,-63],[32,-111],[184,-194],[-168,-42],[-69,-36],[31,-219],[111,-59],[31,-59],[48,-30],[14,-25],[0,-55],[42,-43],[8,-73],[-28,-37],[1,-27],[40,-16],[24,-132],[5,-60],[93,-2],[0,-233],[-51,-17],[-52,-41],[0,-135],[-9,-40],[-31,-61],[-24,-18]],[[29641,28248],[56,420],[46,553],[25,243],[18,92],[29,104],[71,151],[-59,173],[-10,-13],[-24,65],[-25,-9],[-15,37],[57,30],[35,-26],[35,-10],[19,24],[195,48],[156,69],[82,95],[88,138],[99,226],[114,370],[68,296],[35,128],[56,229],[41,179],[39,134],[48,92],[91,155],[150,247],[195,291],[157,263],[60,107],[59,201],[70,280],[162,525],[20,104],[8,180],[-3,62],[-72,173],[-47,81],[-92,170],[-36,78],[-18,54],[0,76],[68,176],[17,62],[71,95],[31,57],[11,38],[32,53],[24,69],[22,131],[-22,102],[-36,74],[-43,44],[-83,46],[-48,-6],[-149,-60],[-60,-33],[-84,-3]],[[31375,35978],[-27,11],[-57,52],[-40,49],[-28,51],[4,115],[10,45],[-29,109],[-56,78],[-14,39],[-69,77],[-73,48],[-56,25],[-78,13],[-106,3],[-90,18],[-76,29],[-163,47],[-23,26],[-131,242],[-59,135],[-24,99],[13,26],[233,80],[281,111],[62,32],[122,101],[78,92],[34,51],[43,129],[-1,65],[-25,73],[-56,114],[-67,67],[-44,29],[-103,98],[-89,53],[-234,85],[-76,49],[-14,18],[-23,77],[-10,82],[-134,96],[-21,20],[-20,87],[-34,109],[-29,64],[-64,96],[-75,57],[-108,50],[-49,40],[-19,55],[-95,189],[-2,62],[17,54],[168,145],[101,66],[56,20],[82,4],[151,28],[104,-10],[71,-14],[87,-4],[122,11],[128,44],[16,41],[2,75],[-16,30],[-30,17],[-58,8],[-137,67],[-27,40],[-21,112],[-67,75],[-62,22],[-83,113],[-40,81],[-33,86],[-3,23],[-45,63],[-45,50],[3,82],[-5,32],[-21,33],[-70,33],[-52,43],[-33,54],[-23,77],[-68,129],[-9,79],[67,247],[30,77],[58,80],[65,47],[141,133],[17,35],[17,75],[-10,38],[-72,66],[-25,15],[-159,-78],[-111,-33],[-130,-30],[-83,-33],[-96,-60],[-92,-36],[-72,-53],[-58,-63],[-32,-14],[-40,6],[-60,30],[-76,52],[-26,48],[-72,8],[-43,15],[-48,31],[-92,-6],[-89,-51],[-94,5],[-78,17],[-93,-13],[-67,2],[-41,30],[-17,99],[-6,87],[-31,65],[-86,70],[-81,73],[-17,2],[-90,-37],[-44,-9],[-43,3],[-38,16],[-69,-3],[-63,23],[-55,44],[-49,10],[-77,31],[-23,37],[-88,29],[-73,-4],[-90,-17],[-59,-3],[-43,20],[-45,35],[-56,21],[-73,-7],[-87,11],[-65,-3],[-115,-40],[-65,6],[-80,-9],[-127,16],[-49,-16],[-65,-3],[-73,-61],[-73,3],[-81,12],[-45,-15],[-69,3],[-71,-18],[-40,2],[-139,-30],[-106,2],[-35,17],[-29,79],[-22,42],[-61,80],[-69,69],[-14,28],[-9,71],[-21,17],[-102,47],[-44,-8],[3,-36],[-13,-31],[-32,-17],[-58,-10],[-27,-19],[-23,-49],[-50,-32],[-30,1],[-89,-35],[-101,22],[-124,39],[-82,-11],[-63,26],[-14,20],[-74,-4],[-29,29],[20,55],[-53,28],[-35,45],[-62,20],[-11,48],[14,176],[-11,52],[-18,22],[-59,35],[-61,10],[-44,26],[-78,-7],[-96,0],[-36,5],[-84,52],[-66,67],[7,49],[13,22],[-17,56],[12,37],[54,56],[-21,77],[1,150],[-20,86],[11,49],[-17,64],[16,65],[48,53],[-4,106],[-34,32],[-37,84],[-46,53],[-32,99],[-54,32],[-59,78],[-53,39],[5,39],[29,53],[9,42],[35,52],[58,48],[-15,144],[27,139],[45,91],[12,101],[-15,86],[39,61],[22,125],[9,30],[-38,37],[-54,89],[-53,41],[-13,32],[-6,83],[16,31],[3,52],[-18,62],[-78,94],[-17,85],[-65,185],[-40,47],[-38,24],[-15,32],[5,60],[19,38],[81,90],[37,21],[26,59],[5,42],[-8,138],[-27,62],[15,115],[-3,57],[-12,29],[-61,25],[-58,43],[-116,25],[-56,45],[-94,107],[-40,89],[-34,35],[-113,92],[-52,33],[-59,56],[-79,27],[-68,13],[-32,33],[-32,48],[-55,37],[-107,57],[-36,134],[-33,95],[0,51],[-21,31],[-45,27],[-54,4],[-89,46],[-53,42],[-69,19],[-124,64],[-131,95],[-75,48],[-71,72],[-79,54],[-27,9],[-5,22],[27,33],[3,164],[7,19],[65,83],[9,102],[-6,59],[28,61],[-29,115],[-28,33],[-99,41],[-103,71],[-76,22],[-38,26],[-82,32],[-38,76],[-8,56],[-31,57],[-58,60],[-183,233],[-53,80],[-31,30],[-77,46],[-200,83],[-102,82],[-39,47],[-109,99],[-33,52],[-35,111],[-38,92],[-102,127],[-23,42],[-19,60],[9,70],[20,45],[-13,23],[-66,71],[-43,84],[-32,43],[-46,30],[-32,34],[-21,98],[14,100],[-1,75],[28,56],[98,73],[139,162],[60,48],[62,13],[43,62],[21,54],[39,70],[-1,79],[15,84],[37,82],[-1,74],[27,48],[38,25],[74,24],[75,68],[66,21],[83,45],[68,75],[14,8],[134,20],[40,-11],[123,15],[45,0],[74,34],[96,-1],[97,61],[91,23],[52,77],[21,50],[-7,56],[30,89],[36,62],[5,70],[24,53],[1,28],[-35,90],[-37,42],[-9,31],[19,45],[2,103],[-10,55],[-32,40],[-93,46],[-37,24],[-39,38],[-68,120],[-46,29],[-97,41],[-42,35],[-33,50],[13,28],[65,66],[25,90],[9,71],[-41,43],[-31,73],[4,66],[-21,68],[-3,49],[-50,97],[-16,61],[-37,78],[11,202],[-22,91],[-76,65],[-17,44],[1,38],[22,119],[26,57],[38,49],[52,42],[25,39],[36,84],[40,34],[52,22],[55,68],[-40,30],[-23,37],[13,60],[59,47],[66,71],[20,35],[-56,123],[0,55],[21,48],[84,132],[-13,142],[5,96],[10,44],[62,73],[-1,33],[-56,105],[-9,83],[0,91],[-39,44],[-86,57],[-7,27],[13,66],[-12,45],[-51,38],[-13,47],[0,59],[13,60],[-39,104],[-6,47],[-54,63],[-22,42],[11,165],[-8,70],[-37,76],[-12,49],[-15,144],[-37,85],[-3,53],[-21,78],[-3,60],[21,86],[-87,43],[-17,14],[-72,20],[-50,26],[-145,49],[-38,-9],[-96,30],[-119,18],[-23,19],[-43,78],[-38,80],[-70,57],[-71,78],[-43,22],[-17,28],[-26,105],[0,71],[-8,25],[-43,34],[-19,31],[-67,70],[-55,88],[-42,27],[-38,42],[-28,16],[-71,7]],[[42624,63730],[15,21],[33,101],[13,57],[-11,76],[25,49],[47,74],[27,98],[81,92],[32,59],[15,74],[17,22],[69,14],[101,102],[81,59],[5,27],[-23,88],[-19,98],[61,132],[41,109],[8,84],[17,54],[15,110],[32,42],[43,31],[45,83],[-49,62],[-7,22],[7,115],[42,134],[-17,31],[-9,67],[-3,76],[-18,90],[56,107],[-30,77],[-7,35],[-62,87],[-22,89],[16,36],[94,73],[51,98],[33,103],[1,111],[-19,102],[7,29],[40,73],[-5,83],[6,95],[11,68],[64,141],[42,70],[20,60],[36,180],[-13,126],[48,77],[82,-29],[111,-31],[96,-47],[55,2],[68,29],[37,4],[69,-7],[67,-60],[82,39],[51,-3],[46,-39],[40,-6],[69,39],[61,-21],[159,-13],[76,28],[108,112],[34,9],[89,-4],[79,-20],[94,18],[60,43],[67,28],[92,26],[40,21],[64,14],[73,50],[52,61],[44,128],[113,83],[57,80],[29,33],[51,79],[15,59],[61,40],[4,38],[-14,61],[12,64],[49,50],[3,24],[-25,67],[0,78],[35,86],[33,40],[10,31],[-10,67],[-21,31],[1,40],[29,37],[-17,103],[-43,93],[-65,64],[-45,126],[-5,96],[-16,49],[8,73],[-5,25],[-37,58],[-46,89],[-41,34],[-68,101],[-41,37],[-91,52],[-36,35],[-8,94],[16,75],[28,41],[4,38],[-15,109],[6,46],[-10,28],[-70,23],[-30,-5],[-53,43],[-71,162],[-21,95],[-15,19],[-75,30],[-82,48],[-63,46],[-28,44],[-74,172],[124,74],[21,23],[44,108],[25,39],[53,50],[55,161],[2,64],[-17,151],[2,77],[-11,40],[1,51],[35,84],[54,87],[8,55],[-37,60],[-49,52],[-25,120],[-10,105],[-8,18],[-54,47],[-45,58],[5,90],[-16,39],[-62,52],[-44,19],[-46,135],[-46,41],[-35,16],[-99,-4],[-30,10],[-14,36],[-30,30],[-27,51],[7,79],[64,121],[-6,66],[-44,44],[-4,38],[-17,17],[-72,20],[-33,37],[5,48],[19,61],[-2,27],[-50,88],[-10,71],[-21,46],[-121,74],[-12,57],[-51,34],[-108,12],[-154,21],[-93,-30],[-84,2],[-31,17],[-31,112],[-12,21],[-60,44],[-85,48],[-47,19],[-32,36],[-50,87],[-72,97],[-36,29],[-100,16],[-42,37],[34,118],[4,49],[-40,31],[-52,14],[-90,0],[-72,27],[-97,-6],[-52,24],[-38,36],[-39,-2],[-57,-65],[-43,-14],[-47,-3],[-99,5],[-166,45],[-102,46],[-27,27],[-56,24],[-89,86],[-54,79],[-14,65],[-26,60],[-31,40],[-26,125],[21,70],[86,110],[36,81],[42,55],[5,24],[0,96],[60,99],[20,97],[77,86],[8,41],[85,105],[68,124],[65,66],[83,48],[69,55],[32,126],[55,46],[17,154],[-1,30],[-32,115],[4,69],[18,78],[-18,38],[-49,21],[-42,45],[-59,10],[-37,38],[-86,47],[-74,95],[-23,11],[-168,32],[-72,-34],[-86,-10],[-43,15],[-74,55],[-145,62],[-66,42],[-202,12],[-37,8],[-86,50],[-29,0],[-88,-43],[-51,-16],[-86,2],[-58,-25],[-95,-11],[-139,19],[-61,21],[-35,36],[-3,42],[-24,27],[-67,22],[-80,57],[-50,26],[-95,22],[-58,-1],[-77,26],[-127,88],[-45,16],[-199,39],[-50,20],[-38,44],[-35,22],[-81,10],[-59,-35],[-53,4],[-72,58],[-96,9],[-54,25],[-130,128],[-86,105],[-30,49],[-17,118],[8,69],[-39,46],[-40,169],[22,68],[45,47],[9,59],[51,87],[11,67],[30,24],[113,35],[104,48],[8,43],[-45,86],[21,91],[-1,65],[-37,66],[-21,50],[-14,75],[11,62],[29,91],[-12,57],[9,154],[31,66],[9,57],[-14,90],[-22,82],[-31,80],[-36,151],[-1,23],[48,58],[8,20],[-21,57],[5,61],[-55,105],[-8,30],[15,44],[-8,28],[-30,38],[31,35],[30,68],[-1,26],[-61,73],[-59,100],[-93,46],[-53,1],[-71,-28],[-69,52],[-43,-2],[-99,29],[-189,11],[-72,11],[-92,26],[-113,62],[-138,54],[-30,-19],[-28,2],[-41,35],[-70,-5],[-95,2],[-58,9],[-78,50],[-125,24],[-156,48],[-79,9],[-62,36],[-118,45],[-27,31],[54,44],[80,112],[24,150],[41,95],[21,127],[-8,160],[-17,29],[-11,77],[10,66],[-9,99],[-48,92],[-12,45],[53,58],[9,21],[-10,109],[73,66],[36,51],[13,38],[51,92],[61,56],[25,7],[31,41],[-2,25],[-95,286],[-27,125],[8,39],[34,50],[144,87],[20,17],[68,90],[18,44],[-7,69],[-56,79],[-25,61],[-18,92],[-12,103],[4,117],[15,101],[28,67],[50,83],[67,97],[29,62],[36,153],[-17,115],[-2,59],[-46,56],[0,18],[43,45],[12,32],[0,53],[-11,39],[-12,105],[0,70],[41,124],[-4,45],[-18,65],[-33,62],[-30,35],[-6,30],[22,52],[72,78],[2,48],[-45,164],[-3,86],[15,91],[-8,20],[-72,40],[-125,39],[-19,15],[44,37],[47,12],[108,76],[20,26],[19,64],[20,27],[127,99],[70,65],[110,27],[28,18],[48,69],[6,60],[-12,104],[-32,87],[142,2],[34,27],[46,95],[77,74],[65,90],[65,34],[85,15],[82,47],[82,59],[32,14],[37,-3],[62,-35],[33,-10],[76,21],[52,26],[84,65],[31,41],[46,96],[65,79],[73,42],[42,11],[107,13],[53,48],[38,74],[67,46],[87,9],[117,-11],[33,4],[198,56]],[[68645,75816],[-12,-46],[13,-114],[-11,-90],[3,-29],[25,-59],[36,-48],[-1,-69],[88,-44],[43,-40],[16,-30],[63,-43],[-4,-37],[23,-34],[119,-83],[14,-23],[-40,-115],[52,-105],[71,-62],[99,-23],[38,15],[98,9],[36,46],[25,1],[136,-58],[34,0],[43,20],[102,14],[34,-8],[31,-36],[17,-65],[5,-112],[30,-33],[-5,-122],[34,-41],[36,-16],[38,9],[99,57],[44,-2],[46,-34],[69,17],[37,-7],[58,-81],[3,-48],[32,-68],[26,-98],[14,-15],[56,-19],[58,-33],[33,-43],[11,-76],[33,-139],[50,-24],[20,-67],[69,-57],[11,-83],[20,-54],[-6,-62],[25,-46],[72,-107],[105,-84],[79,-22],[24,-16],[-28,-61],[-18,-63],[1,-28],[27,-43],[16,-77],[25,-34],[93,-57],[39,-78],[45,-52],[13,-76],[58,-82],[8,-44],[57,-47],[39,-63],[6,-26],[-3,-94],[-30,-61],[12,-95],[-30,-34],[1,-49],[65,-89],[41,-1],[42,-14],[64,-39],[88,-72],[63,-14],[42,-36],[71,40],[28,6],[122,-22],[31,-26],[94,-59],[70,19],[59,7],[37,22],[32,-2],[32,-148],[-4,-43],[14,-47],[-1,-39],[-34,-56],[-14,-108],[11,-26],[94,-30],[84,-86],[30,-76],[110,-108],[19,-51],[42,-49],[17,-51],[98,-100],[48,-123],[90,-134],[23,-13],[114,4],[41,8],[35,-10],[36,-42],[19,-115],[35,-41],[72,-58],[26,-56],[72,-47],[15,-33],[13,-64],[42,-83],[41,-24],[26,-30],[11,-58],[12,-8],[127,8],[24,-7],[4,-63],[17,-27],[92,-91],[9,-31],[-7,-64],[23,-80],[-6,-68],[3,-105],[18,-100],[-11,-77],[35,-103],[1,-73],[39,-32],[38,-55],[18,-44],[-53,-90],[-41,-112],[-16,-83],[-84,-73],[-6,-84],[-39,-21],[-99,9],[-66,-37],[-51,21],[-100,-25],[-79,-1],[-62,-25],[-27,-31],[-73,-20],[-38,-19],[-79,10],[-76,-36],[-60,39],[-72,17],[-135,110],[-54,58],[-26,15],[-56,8],[-68,-1],[-56,25],[-22,83],[-46,53],[-105,45],[-226,64],[-48,8],[-84,-36],[-150,2],[-43,-3],[-88,-21],[-72,7],[-52,-14],[-107,17],[-106,-23],[-66,-29],[-64,-44],[-102,-94],[-124,-151],[-22,-11],[-78,-15],[-36,-32],[-11,-29],[-38,-224],[-33,-104],[-37,-59],[-36,-149],[-1,-68],[-20,-21],[-117,-44],[-62,-50],[-78,-52],[-50,-63],[-42,-74],[-47,-124],[-7,-52],[24,-93],[69,-85],[73,-30],[42,-78],[-14,-59],[4,-63],[-10,-27],[-93,-127],[-10,-26],[36,-129],[46,-60],[39,-66],[6,-38],[-12,-53],[41,-60],[12,-76],[30,-79],[64,-73],[43,-60],[89,-69],[49,-69],[-9,-51],[-21,-36],[-79,-94],[-36,-70],[-33,-124],[15,-117],[15,-32],[50,-63],[25,-20],[1,-35],[-46,-129],[35,-67],[3,-58],[14,-52],[73,-55],[-3,-57],[7,-40],[37,-47],[6,-57],[-20,-57],[5,-26],[43,-96],[56,-94],[-14,-42],[-80,-16],[-24,-37],[-37,-26],[-15,-67],[2,-43],[28,-36],[36,-84],[-56,-55],[-2,-17],[23,-58],[-26,-99],[44,-47],[18,-70],[-2,-28],[-26,-52],[25,-80],[2,-29],[42,-90],[0,-39],[47,-32],[10,-61],[-48,-61],[-3,-49],[-22,-73],[-56,-48],[38,-96],[28,-17],[38,-2],[37,19],[47,-20],[11,-34],[-3,-61],[56,-57],[65,-14],[15,-48],[1,-51],[-28,-49],[-3,-35],[28,-47],[-13,-22],[-94,-87],[-24,-31],[-26,-77],[-45,-59],[-63,-37],[-34,12],[-23,-16],[-8,-84],[-42,-51],[-8,-35],[22,-44],[-3,-75],[-30,-60],[-5,-39],[-34,-55],[4,-33],[26,-25],[45,-98],[60,-36],[12,-23],[8,-65],[-3,-51],[48,-36],[38,-75],[39,-142],[14,-30],[3,-48],[41,-76],[-64,-98],[-65,-75],[25,-63],[19,-83],[70,-86],[34,-78],[-16,-52],[-1,-74],[-11,-53],[23,-38],[-7,-19],[-56,-61],[1,-38],[17,-59],[-31,-28],[-65,-28],[-7,-50],[13,-29],[63,-92],[9,-44],[-16,-73],[9,-126],[43,-88],[4,-44],[42,-51],[31,-86],[-4,-55],[16,-30],[-11,-22],[-55,-26],[-26,-52],[-13,-130],[17,-52],[25,-138],[-3,-21],[-27,-29],[1,-84],[16,-42],[36,-137],[-18,-85],[20,-143],[-7,-28],[-150,-144],[-55,-31],[-52,18],[-38,55],[-44,48],[-42,14],[-63,7],[-123,1],[-155,14],[-20,-18],[-22,-52],[2,-46],[18,-67],[45,-112],[25,-40],[21,-111],[-3,-24],[-171,-33],[-87,4],[-75,-25],[-41,-37],[-75,-14],[-44,4],[-71,32],[-80,8],[-107,2],[-95,-4],[-34,5],[-72,-22],[-67,0],[-51,-25],[-33,-45],[-53,-157],[-25,-39],[-48,-41],[-27,-38],[-75,-40],[-20,-54],[-54,-24],[-28,-2],[-104,47],[-98,3],[-40,-7],[-101,-74],[-56,-20],[-28,-23],[-88,-21],[-29,5],[-82,38],[-28,28],[-52,19],[-29,-21],[-32,-43],[-10,-42],[7,-36],[-5,-93],[-9,-36],[-42,-93],[-156,3],[-129,-5],[-122,-60],[-18,13],[-40,72],[-33,9],[-54,-39],[-54,1],[-82,28],[-63,-34],[-42,-35],[-63,20],[-37,-3],[-73,-32],[-70,35],[-23,0],[-103,-58],[-61,24],[-70,-6],[-66,-40],[-52,-64],[-2,-33],[-18,-10],[-72,4],[-26,-6],[-88,2],[-23,-28],[3,-22],[-79,-91],[-13,3],[-38,83],[-41,26],[-14,35],[-63,57],[-41,67],[-48,-75],[-41,-46],[-21,-45],[-60,-83],[-54,-19],[-40,-52],[-8,-53],[-92,-99],[-28,-57],[18,-67],[-6,-57],[81,-80],[55,-62],[31,-51],[27,-27],[-49,-15],[-37,19],[-40,-16],[-84,-18],[-46,-31],[-25,-44],[-35,-33],[-37,-81],[-50,-84],[3,-24],[32,-39],[7,-93],[38,-72],[-6,-42],[-39,-32],[-19,-49],[-22,-91],[2,-20],[38,-74],[-1,-29],[-29,-83],[6,-69],[-19,-44],[18,-78],[-6,-65],[51,-78],[8,-50],[20,-20],[3,-68],[-31,-12],[-115,-17],[-77,-76],[-42,-16],[-58,-4],[-94,20],[-99,55],[-143,28],[-27,14],[-22,47],[-56,21],[-48,-8],[-33,-57],[-49,-120],[-13,-17],[-50,-15],[-49,-42],[-39,-58],[-122,-2],[-167,43],[-39,-1],[-38,-34],[-63,-17],[91,-96],[45,-75],[0,-79],[-29,-82],[0,-80],[-14,-39]],[[99694,72789],[-60,-36],[-124,-28],[-144,-19],[-166,-42],[-228,-13],[-135,-1],[-59,7],[-7,-62],[-24,-46],[-132,-98],[-63,-28],[-37,-67],[-31,-17],[-38,-1],[-98,24],[-110,-23],[-26,7],[-49,37],[-176,75],[-96,61],[-117,57],[-125,8],[-101,34],[-138,62],[-84,52],[-53,55],[-105,164],[-73,108],[-121,119],[-108,91],[-59,39],[-66,25],[-118,24],[-33,17],[-63,139],[-33,140],[-3,192],[-90,4],[-136,38],[-101,-15],[-98,-2],[-96,-65],[-89,-2],[-67,-20],[-72,-33],[-126,-6],[-67,-16],[-160,-61],[-49,13],[-128,83],[-55,10],[-76,0],[-53,18],[-50,-1],[-85,-30],[-88,-49],[-73,-60],[-33,-35],[-35,-55],[-58,-45],[-41,-21],[-70,-2],[-143,-42],[-36,-1],[-126,-64],[-84,-33],[-102,-24],[-98,-49],[-77,-58],[-53,-33],[-109,-42],[-128,-26],[-88,-48],[-96,-12],[-38,-17],[-134,-96],[-297,-53],[-129,-8],[-34,-9],[-87,-51],[-50,-23],[-109,-7],[-164,-17],[-76,-31],[-84,19],[-160,-65],[-43,-38],[-113,-8],[-65,-21],[-61,-82],[-87,-70],[-16,-24],[6,-86],[-67,-91],[-52,-28],[-144,-59],[-135,-105],[-40,-53],[-29,-93],[1,-33],[26,-48],[-10,-27],[-126,-49],[-86,-22],[-37,-17],[-28,-36],[-27,-116],[-34,-37],[-134,-47],[-58,-73],[-45,-24],[-62,-9],[-51,-22],[-71,-46],[0,-13],[38,-58],[38,-40],[127,-61],[30,-27],[84,-248],[-3,-50],[-32,-80],[-56,-69],[-13,-26],[6,-40],[88,-96],[1,-40],[-39,-81],[-13,-78],[-33,-121],[-5,-109],[-56,-65],[43,-94],[-30,-65],[58,-184],[35,-98],[-4,-23],[-41,-39],[-3,-103],[-36,-69],[-12,-61],[-22,-59],[-64,-91],[-5,-38],[11,-108],[-1,-86],[-48,-63],[-45,-30],[-56,-64],[-17,-41],[-4,-59],[26,-67],[-49,-6],[-16,-15],[-31,-108],[-55,-76],[-21,-39],[-25,-93],[-19,-46],[-156,-162],[-104,-81],[-44,-5],[-44,-33],[-13,-52],[-46,-12],[-35,-20],[-128,-17],[-98,45],[-57,3],[-46,33],[-56,-17],[-154,-22],[-83,-22],[-82,39],[-97,17],[-32,28],[-126,1],[-58,-35],[-35,-5],[-60,19],[-90,85],[-56,11],[-129,12],[-34,-16],[-64,6],[-72,-6],[-85,15],[-52,-62],[-46,-31],[-58,-64],[-70,-59],[-58,-63],[-40,-60],[-30,-95],[-1,-85],[-10,-69],[-28,-66],[8,-112],[-26,-51],[-35,-116],[-6,-48],[-23,-74],[10,-127],[-25,-152],[15,-108],[-11,-31],[-53,-81],[-116,-141],[-72,-58],[1,-28],[66,-40],[13,-27],[-5,-58],[3,-62],[13,-59],[32,-90],[2,-33],[-107,-27],[-45,-33],[-11,-27],[14,-162],[-28,-52],[-51,-72],[-61,-72],[-27,-42],[2,-31],[28,-46],[47,-33],[31,-62],[-2,-55],[-13,-47],[-41,-63],[-89,-108],[42,8],[81,2],[56,-19],[44,-29],[61,-77],[49,-32],[46,-2],[39,-17],[71,-51],[49,-9],[108,-32],[10,-29],[3,-68],[-8,-49],[-41,-47],[-6,-20],[41,-41],[43,-62],[7,-40],[-27,-65],[87,-29],[32,-68],[63,-48],[-10,-75],[-34,-30],[11,-56],[58,-77],[49,-144],[51,-58],[112,-59],[40,-16],[111,-17],[64,6],[73,37],[54,18],[90,8],[86,-2],[119,73],[82,40],[98,31],[217,94],[85,47],[67,-8],[53,8],[97,-19],[63,-45],[128,-124],[109,-121],[136,-123],[74,-75],[36,-26]],[[87635,55264],[-46,-38],[-136,-51],[-46,-49],[-38,-19],[-109,-28],[-78,-49],[-56,-4],[-73,40],[-53,-1],[-48,-28],[-33,-38],[-120,-39],[-51,28],[-77,1],[-28,-9],[-36,-65],[-17,-9],[-122,-17],[-127,2],[-120,-43],[-49,-10],[-32,-36],[-21,-92],[-13,-23],[-3,-76],[-38,-33],[-79,11],[-55,-29],[-76,40],[-75,8],[-39,21],[-31,-7],[-34,-27],[-50,-9],[-36,-31],[-61,-18],[-35,5],[-33,-22],[-26,-48],[-19,-14],[-46,-1],[-79,-16],[-32,-19],[-6,-32],[12,-60],[-43,-100],[-40,-66],[-16,-76],[-26,-50],[-15,-67],[-22,-50],[-4,-33],[-29,-47],[29,-64],[-25,-33],[-38,-9],[-66,9],[-93,-23],[-36,-34],[-65,-16],[-104,-2],[-151,-21],[-64,8],[-39,24],[-72,-35],[-36,-35],[-20,-61],[-62,-27],[-20,0],[-52,26],[-60,44],[-54,-4],[-33,-42],[-37,-23],[-44,-6],[-37,-28],[-9,-37],[-78,-75],[-79,-4],[-54,-10],[-66,33],[-81,-26],[-37,-5],[-35,28],[-23,34],[-78,11],[-89,-31],[-65,-4],[-73,46],[-83,17],[-118,-28],[-38,-29],[-43,67],[-82,61],[-63,81],[-11,24],[11,82],[-66,116],[-15,91],[-71,20],[-57,64],[-57,9],[-39,26],[-41,-11],[-46,-40],[-49,-29],[-56,-6],[-54,-44],[-71,-18],[-22,-36],[24,-60],[-17,-46],[-8,-64],[-58,-17],[-41,-33],[-78,-5],[-83,-43],[-46,-14],[-119,27],[-36,-11],[-41,-96],[-76,-25],[-66,-7],[-64,-28],[5,-46],[-45,-95],[-26,-23],[-78,-12],[-45,-34],[-66,-36],[-42,-12],[-90,5],[-44,22],[-49,-4],[-15,-18],[-8,-50],[-39,-21],[-61,-114],[-10,-34],[-3,-88],[20,-82],[-4,-36],[25,-63],[-53,-87],[0,-27],[37,-65],[-20,-72],[-9,-116],[29,-86],[-24,-29],[-75,-6],[-88,-59],[-14,-37],[-57,-51],[-36,-62],[42,-106],[3,-21],[-36,-45],[-38,-1],[-70,-37],[-48,-7],[-37,9],[-48,31],[-100,-4],[-20,9],[-86,79],[-30,18],[-60,58],[-82,5],[-53,-8],[-60,-25],[-69,-3],[-59,11],[-123,0],[-91,14],[-30,70],[-68,56],[-27,47],[-22,16],[-121,32],[-42,3],[-58,21],[-21,-2],[-90,22],[-73,3],[-16,11],[-22,62],[-37,18],[-55,6],[-56,45],[-70,1],[-61,42],[-115,-3],[-46,23],[-60,10],[-26,-5],[-44,-110],[-68,-3],[-85,-55],[-38,-56],[-21,-52],[-38,-31],[-36,3],[-107,32],[-101,2],[-52,-25],[-61,-53],[-49,-28],[-101,-7],[-25,-10],[-104,-7],[-97,-38],[-40,38],[-32,3],[-21,-15],[-73,-141],[-61,-92],[-38,-48],[-64,-34],[-12,-16],[8,-36],[-10,-32],[-50,-47],[-51,-13],[-61,-42],[-37,-55],[-145,-38],[-29,-14],[-143,-19],[-60,-114],[-30,-24],[-26,-81],[-23,-25],[-70,-32],[0,-42],[32,-86],[56,-94],[25,-71],[27,-9],[30,-41],[5,-27],[-9,-53],[38,-92],[-40,-36],[-51,-63],[-83,-59],[11,-45],[53,-46],[35,-64],[35,-32],[9,-31],[26,-32],[108,-82],[34,-58],[39,-26],[-16,-97],[-14,-22],[-93,-8],[-127,18],[-56,-6],[-65,-21],[-247,-137],[-21,-49],[22,-115],[-22,-53],[25,-38],[-60,-87],[-62,-46],[-13,-28],[-42,-137],[-50,13],[-77,1],[-63,41],[-20,4],[-167,5],[-33,20],[-18,45],[-116,77],[-58,-7],[-51,38],[-36,-13],[-35,13],[-21,-51],[-5,-70],[42,-40],[-33,-83],[-27,-194],[-23,-62],[-139,2],[-15,-16],[-9,-163],[-21,-16],[-96,-35],[-26,-15],[-34,-47],[-43,-33],[-28,-44],[-64,-12],[-59,-23],[-60,-11],[-12,-17],[4,-50],[-52,-70],[-22,-59],[-9,-56],[-31,-39],[-5,-61],[-59,-42],[-51,-13],[-50,2],[-55,20],[-68,-51],[-160,-25],[-125,17],[-51,-48],[-78,-29],[-41,-6],[-53,13],[-50,-7],[-44,4],[-87,-59],[-62,1],[-94,-25],[-34,-24],[-95,-17],[-33,-12],[-90,-59],[-58,-3],[-82,-22],[-64,-61],[-64,-6],[-73,19],[-31,1],[-96,-31],[-29,-21],[-34,-42],[-79,-47],[-19,3],[-76,42],[-42,13],[-82,1],[-37,9],[-21,-10],[15,-87],[-24,-56],[4,-32],[81,-93],[-19,-39],[-33,-21],[-37,-70],[-4,-93],[-25,-45],[-63,-58],[-52,-34],[-29,-38]],[[71807,47022],[-10,-26],[-40,-24],[-116,-15],[-42,-31],[-113,-11],[-39,19],[-209,-19],[-15,-9],[-10,-50],[-24,-42],[-36,-19],[21,-38],[-1,-101],[-29,-43],[-37,-33],[-45,-25],[-86,0],[-53,27],[-13,19],[-3,110],[15,48],[37,48],[0,28],[-54,11],[-99,-41],[-58,45],[-97,-8],[-89,-46],[-51,-46],[-124,-42],[-91,24],[-26,14],[-34,75],[-24,23],[-64,8],[-29,18],[-51,51],[-63,-18],[-64,-4],[-85,-87],[-71,-24],[-89,4],[-96,-70],[-131,-88],[-42,27],[-44,5],[-75,64],[-68,4],[-37,18],[-11,46],[37,66],[13,38],[-25,93],[-46,31],[-47,9],[-52,-6],[-84,-22],[-39,41],[-42,19],[-51,49],[-20,2],[-146,-39],[-60,-2],[-69,34],[-35,-12],[-50,6],[-50,-6],[-85,-32],[-132,-41],[-47,-3],[-61,16],[-64,47],[-43,23],[-69,73],[-66,121],[-8,44],[-34,66],[-11,58],[10,67],[-26,52],[-37,45],[-48,15]],[[100297,74682],[-14,-46],[12,-122],[50,-170],[-2,-44],[40,-84],[-1,-28],[-94,-122],[-49,-36],[-116,-71],[-20,-46],[16,-122],[54,-379],[-78,-199],[-19,-23],[-61,-12],[-14,-85],[-51,-74],[-115,-12],[-89,-39],[-39,-79],[16,-86],[-29,-14]],[[33370,10275],[-8,-151],[6,-90],[26,-200],[48,-399],[15,-76],[45,-192],[35,-122],[27,-102],[63,-321],[20,-184],[19,-127],[11,-109],[3,-180],[-4,-68],[4,-88],[14,-123],[19,-135],[6,-83],[-3,-69],[-11,-87],[-12,-153],[9,-99],[0,-74],[16,-170],[11,-42],[70,-142],[19,-49],[9,-75],[-20,-237],[-66,-132],[-108,-128],[-47,-63],[-128,-134],[-125,-109],[-133,-110],[-200,-200],[-47,-64],[-33,-73],[-11,-45],[-19,-228],[-14,-92],[-30,-248],[-17,-234],[-5,-145],[1,-111],[-23,-309],[7,-104],[26,-124],[50,-213],[69,-407],[86,-523],[30,-206],[25,-244],[5,-81],[-10,-130],[-13,-74],[-163,-506],[-50,-165],[-42,-202],[-18,-124],[-1,-103],[15,-112],[48,-226],[33,-132],[48,-127],[-262,-100],[-40,71],[-39,137],[-19,89],[-37,225],[-13,118],[-15,71],[-34,76],[-29,48],[-160,229],[-122,165],[-80,104],[-88,149],[-50,99],[-98,212],[-145,332],[-111,288],[-82,203],[-32,41],[-136,69],[-76,63],[-101,60],[-148,81],[-284,141],[-28,-72],[-74,-134],[-31,-84],[-3,-88],[58,-142],[20,-78],[21,-137],[29,-149],[-3,-90],[-33,-102],[5,-93],[-6,-89],[-1,-128],[-10,-101],[7,-70],[25,-112],[2,-68],[-15,-36],[-53,-66],[1,-194],[-65,-15],[-30,33],[-187,173],[-158,97],[-41,17],[-34,0],[-34,-21],[-79,-5],[-90,45],[-77,-11],[-28,6],[-21,26],[-38,126],[-44,33],[-149,24],[-148,13],[-59,-19],[-64,-67],[-51,-67],[-51,-49],[-91,-60],[-149,-65],[-52,-27],[-42,-66],[-21,54],[-26,29],[-10,31],[-55,26],[-29,66],[-60,43],[-108,-13],[-35,23],[-48,71],[-52,30],[-51,18],[-43,3],[-68,-22],[-32,0],[-45,33],[-26,107],[-32,64],[-36,42],[-58,48],[-21,31],[-17,47],[6,80],[18,56],[-30,32],[-65,124],[-25,65],[-6,44],[11,55],[25,66],[4,48],[-27,38],[-89,56],[-12,20],[-4,72],[-12,24],[-59,38],[-52,19],[-30,42],[-41,23],[-6,57],[-76,109],[-17,86],[-16,28],[-161,126],[-11,17],[-29,114],[1,23],[25,39],[39,34],[22,37],[21,74],[-4,99],[7,36],[-23,37],[-29,7],[-18,33],[-3,80],[-37,24],[-9,27],[22,71],[-4,19],[-47,38],[-50,-5],[-22,27],[-6,38],[-27,46],[-18,67],[-46,62],[-61,38],[-35,5],[-35,-27],[-84,-46],[-44,-66],[-115,-12],[-47,17],[-18,21],[12,64],[20,33],[-25,50],[-3,45],[-24,33],[-54,32],[-60,19],[-56,35],[-33,35],[-22,34],[-45,44],[-44,84],[-31,89],[-52,23],[11,74],[-35,84],[2,22],[55,33],[24,25],[1,31],[-28,7],[-84,-39],[-17,-35],[-55,-28],[-44,-31],[-51,-21],[-28,-31],[-67,-26],[-40,0],[-7,21],[31,78],[25,142],[-9,19],[-40,-5],[-30,34],[-36,100],[-29,6],[-80,-8],[-35,12],[-41,-3],[-17,26],[15,93],[-9,37],[-56,39],[-4,43],[69,86],[-3,18],[-38,30],[7,66],[47,43],[7,38],[25,20],[-2,22],[-34,37],[-35,14],[-21,39],[-65,62],[-8,42],[-17,21],[-40,8],[-16,20],[-62,13],[-28,-16],[-38,1],[-72,-31],[-42,-5],[-123,19],[-51,1],[-11,31],[5,53],[-14,69],[-39,20],[-46,55],[-7,46],[-25,40],[25,44],[6,100],[13,28],[-14,35],[-43,-2],[-59,-48],[-27,-3],[-103,41],[-32,28],[-71,34],[-85,3],[-57,-13],[-56,26],[-8,67],[-60,14],[-57,47],[-9,19],[-104,-15],[-16,30],[-50,34],[-14,49],[-27,0],[-41,-21],[-52,10],[-79,-4],[-49,41],[-36,1],[-54,-24],[-27,9],[-20,34],[-35,29],[-63,20],[-22,26],[53,106],[70,66],[16,29],[-82,202],[-39,48],[0,106],[-35,30],[-5,35],[14,37],[-9,74],[9,43],[33,53],[-58,49],[-68,67],[-74,15],[-1,30],[27,67],[-39,41],[-5,86],[-28,94],[0,37],[-21,18],[-41,-10],[-93,-49],[-34,1],[-36,38],[-19,0],[-88,-29],[-75,-9],[-52,-48],[-65,-21],[-92,-15],[-16,9],[-12,40],[-86,43],[-67,4],[-10,18],[28,41],[2,59],[-37,28],[-8,41],[-18,27],[3,79],[45,49],[4,87],[38,31],[16,34],[-9,82],[3,54],[-83,92],[59,49],[20,53],[33,27],[51,19],[12,22],[-15,24],[-45,24],[7,58],[38,38],[51,28],[48,56],[-15,46],[29,46],[-7,33],[-35,34],[-15,48],[-41,30],[-70,38],[-27,4],[-49,-17],[-7,38],[-21,22],[-50,-7],[-31,6],[-96,-1],[-31,-11],[-51,1],[-39,30],[-49,11],[-73,83],[-24,40],[-68,36],[-13,34],[23,49],[-1,31],[-71,106],[-1,33],[-18,49],[-21,10],[-1,49],[68,102],[8,29],[3,77],[22,30],[50,40],[4,16],[-21,161],[-51,46],[-40,0],[-59,54],[-122,-1],[-46,17],[-91,58],[-2,51],[27,58],[-14,76],[-22,67]],[[21611,11151],[61,-51],[116,4],[27,9],[26,31],[53,39],[30,12],[101,82],[72,30],[90,55],[73,31],[67,99],[129,145],[66,39],[135,33],[38,32],[143,41],[51,82],[-3,52],[-29,77],[8,33],[141,162],[31,24],[40,13],[207,49],[26,2],[58,-27],[187,-133],[30,-8],[57,9],[276,83],[91,17],[88,-6],[34,8],[85,0],[37,-8],[41,13],[27,-23],[60,-22],[34,-79],[125,-324],[27,-73],[29,-46],[85,-101],[236,-184],[39,11],[109,128],[65,-72],[8,-33],[40,-55],[64,-60],[64,-48],[113,-179],[-2,-59],[178,161],[-15,18],[18,15],[-21,26],[350,114],[-122,306],[4,59],[24,47],[381,132],[88,-254],[35,-120],[99,-293],[-15,-36],[-38,-36],[9,-83],[-26,-31],[-49,-27],[-79,-104],[-11,-37],[12,-56],[-35,-83],[9,-53],[30,-98],[-51,-14],[-87,58],[-9,-10],[-66,29],[-95,2],[-40,-36],[-39,-10],[-18,30],[-38,6],[-258,171],[-27,15],[-74,-133],[199,-70],[39,-23],[66,-15],[58,0],[103,23],[29,35],[122,-10],[56,-30],[52,-51],[-6,-58],[24,-56],[-6,-66],[6,-39],[-15,-172],[-15,-56],[20,-17],[60,-142],[36,-74],[84,-91],[33,-74],[36,7],[-11,53],[142,35],[-26,97],[224,51],[18,25],[-42,155],[103,23],[11,-27],[33,-23],[126,216],[30,23],[18,-7],[9,-43],[10,-248],[0,-61],[30,-25],[-6,-38],[-33,-88],[0,-76],[24,-82],[52,-128],[0,-52],[-26,-146],[2,-76],[-8,-56],[24,-32],[290,-128],[107,-34],[71,-29],[-20,80],[6,71],[53,105],[67,99],[46,105],[26,46],[-8,23],[-48,13],[-51,29],[-7,19],[8,51],[-50,73],[-33,24],[35,75],[53,-48],[14,-44],[44,-45],[21,-38],[109,-67],[134,95],[39,33],[109,125],[98,141],[99,164],[30,92],[1,52],[-14,146],[-3,84],[-19,154],[-27,123],[7,30],[66,84],[80,53],[49,40],[226,223],[130,62],[131,129]],[[28995,11381],[52,58],[136,131],[25,48],[1,80],[-10,74],[-27,138],[-35,73],[-41,70],[-41,102],[-10,99],[14,92],[24,113],[13,39],[34,43],[81,51],[59,18],[136,-7],[48,-6],[74,3],[50,10],[87,2],[166,-10],[80,-13],[114,7],[58,23],[65,38],[74,68],[114,133],[100,58],[91,31],[110,24],[85,11],[55,1],[121,19],[78,28],[148,67],[47,36],[70,64],[80,97],[32,54],[73,103],[53,88],[19,73],[7,60],[-16,60],[-72,130],[-42,85],[-66,151],[-34,92],[-62,136],[-37,104],[-2,99],[15,92],[28,77],[52,57],[111,78],[58,21],[63,2],[128,-19],[153,-48],[59,-7],[78,3],[228,27],[99,4],[221,0],[40,5],[73,28],[106,105],[229,212]],[[45084,23675],[-246,-32],[-40,2],[-103,52],[-95,76],[-79,-8],[-13,93],[-106,-12],[-5,26],[-42,-6],[9,-51],[-258,-29],[-271,-32],[-9,66],[-23,-3],[30,-191],[-109,-32],[-1,-37],[-92,-11],[-58,2],[-29,11],[5,-84],[21,-94],[92,5],[-18,-61],[-114,-14],[-51,-56],[-23,-40],[-224,-45],[-26,118],[-35,-4],[-121,4],[3,73],[-63,-2],[-2,-57],[-21,2],[-2,-38],[-79,-2],[-12,87],[-213,-6],[-102,2],[6,182],[-322,12],[2,32],[-146,5],[5,146],[-88,6],[-72,-18],[5,-17],[-104,-35],[-12,50],[-14,0],[-18,49],[-108,-7],[22,-363],[-87,-3],[5,-185],[32,-10],[0,-103],[-15,-3],[-1,-149],[-216,-2],[-13,-26],[-66,0],[0,26],[-200,-4],[-109,0],[-6,77],[137,19],[-11,28],[-80,-12],[-2,15],[-89,-17],[-7,58],[-80,-11],[-12,57],[-191,-21],[-13,45],[-55,27],[-14,25],[26,49],[-29,15],[13,52],[-95,50],[-8,22],[25,40],[-15,7],[-36,-33],[-47,-5],[-26,17]],[[41622,22573],[-126,9],[-86,0]],[[41410,22582],[24,149],[12,106],[-14,64],[100,12],[81,0],[9,-253],[0,-87]],[[43024,22244],[34,198],[-2,19],[-972,74],[-462,38]],[[41410,22582],[-66,-5],[-81,-20],[-186,-87],[-154,-102],[-55,-44],[-519,-554],[-118,-169],[-71,-121],[-40,-86],[-88,-237],[-139,-397],[-124,-343],[-79,-200]],[[21552,19088],[64,10],[47,-4],[114,-33],[111,29],[286,10],[178,3],[283,11],[35,-1],[77,13],[118,33],[165,40],[33,-9],[53,9],[-5,78],[-34,12],[-18,127],[8,25],[-13,162],[-11,53],[-15,296],[0,145],[179,12],[4,42],[64,-19],[149,-15],[144,-81],[59,87]],[[27738,15341],[-90,-66],[-36,-15],[-137,-115],[-65,-49],[-26,-35],[-9,-50],[61,-49],[136,-121],[10,-31],[75,-45],[54,-3],[69,-55],[-5,-117],[-11,-80],[-5,-82],[-15,-57],[-84,-153],[-20,-200],[-13,-50],[-48,-111],[-14,-49],[-4,-63],[-16,-97],[-11,-31],[-29,-32],[-134,-122],[-26,-35],[1,-55],[23,-46],[125,-143],[84,-114],[26,-73],[-5,-74],[-58,-178],[-47,-169],[-9,-85],[33,-78],[25,-16],[179,-57],[78,-42],[62,-52],[17,-29],[12,-70],[8,-148],[14,-76],[22,-47],[36,-44],[86,-64],[85,-23],[181,3],[45,-5],[102,-35],[77,-57],[65,-103],[42,-17],[171,18],[47,-7],[25,-16],[66,-87],[32,-58]],[[21611,11151],[24,53],[-17,30],[-71,47],[-46,72],[12,38],[-18,27],[-31,14],[-40,40],[-14,31],[-31,147],[37,57],[18,74],[-2,29],[-53,4],[-51,17],[-125,2],[-124,11],[-64,14],[-92,6],[-32,-11]],[[18731,21331],[52,28],[113,92],[23,28],[12,94],[19,66],[44,111],[10,44],[-14,75],[4,50],[-12,43],[-2,98],[-29,51],[-1,74],[25,98],[-11,67],[-5,72],[3,112],[21,43],[29,21],[63,95],[57,29],[25,34],[53,8],[55,89],[-2,31],[41,33],[2,56],[41,57],[2,28],[-56,34],[-64,53],[-36,-15],[-97,-6],[-67,-18],[-89,17],[-182,-85],[-118,6],[-99,-22],[-86,-48],[-43,-17],[-160,-37],[-51,-23],[2,-53],[-38,-68],[-55,-48],[-43,-65],[-51,-25],[-24,-38],[-66,-59],[-26,-12],[-37,-44],[-32,-18],[-79,-15],[-38,-44],[-20,-9],[-128,174],[-26,12],[-55,-27],[-28,54],[-34,41],[-71,19],[-59,29],[-80,131],[-54,65],[-74,74],[-63,42],[-49,12],[-31,36],[-3,27],[15,47],[-7,38],[-30,35],[-24,8],[-57,-5],[-98,61],[-57,55],[-92,172],[41,60],[5,59],[-11,41],[48,47],[39,76],[38,58],[3,22],[-43,39],[-7,72],[-41,64],[10,107],[-67,25],[-161,51],[-24,39],[-70,70],[-13,32],[-69,100],[-10,30],[-65,79],[-55,32],[-41,51],[-58,31],[-38,37],[-46,16],[-76,8],[-81,28],[-137,65],[-32,39],[-20,85],[-25,48]],[[15583,25010],[5,46],[-9,22],[7,79],[-16,47],[11,110],[42,69],[2,29],[-42,49],[53,125],[14,57],[21,43],[-14,69],[43,106],[39,39],[64,28],[44,86],[40,33],[12,56],[-26,39],[-11,41],[9,51],[-18,54],[-4,96],[7,73],[28,47],[11,42],[45,77],[51,0],[64,38],[36,13],[23,23],[5,28],[-6,95],[27,59],[-14,61],[13,10],[55,-24],[71,9],[47,-3],[74,-38],[88,-5],[55,5],[107,21],[53,-9],[19,10],[22,40],[42,47],[54,5],[43,35],[91,16],[26,18],[21,42],[64,6],[50,-23],[56,-57],[47,-19],[44,-39],[45,-5],[48,28],[22,26],[17,73],[-14,30],[-10,66],[25,24],[3,30],[-22,96],[-17,38],[64,43],[10,28],[-6,40],[41,89],[36,7],[72,54],[108,38],[47,43],[29,101],[47,58],[-9,39],[-34,70],[-5,57],[9,23],[90,72],[7,21],[88,59],[84,80],[51,66],[32,55],[22,59],[24,34],[161,185],[77,-1],[36,12],[28,28],[104,-33],[55,4],[48,-48],[66,-15],[17,-13],[21,-97],[25,-18],[89,-7],[49,-26],[59,21],[48,1],[60,-11],[9,14],[109,-9],[33,19],[23,33],[50,12],[57,66],[9,57],[135,133],[70,99],[29,50],[51,4],[22,23],[78,32],[53,3],[87,44],[80,17]],[[20010,29108],[75,-121],[38,-31],[64,-77],[-6,-38],[-41,-69],[-4,-70],[2,-108],[12,-16],[74,-26],[60,-51],[41,-78],[18,-190],[17,-115],[16,-46],[31,-44],[38,-86],[10,-50],[-45,-62],[-6,-40],[12,-42],[43,-49],[40,-88],[2,-64],[32,-48],[63,-75],[14,-53],[43,-36],[24,-73],[43,-40],[35,-3],[131,36],[58,21],[73,45],[66,24],[30,-3],[72,-29],[80,-58],[25,-29],[15,-44],[30,-35],[63,-30],[24,-54],[89,-83],[37,-13],[57,-1],[49,-13],[152,-131],[10,-1],[44,60],[98,5],[29,21],[11,56],[23,32],[15,95],[22,11],[58,-43],[74,-9],[32,-61],[31,-29],[2,-42],[18,-33],[46,-17],[63,-54],[5,-40],[71,-50],[38,-43],[60,-39],[42,-18],[26,-22],[19,-43],[90,-34],[14,-14],[-53,-62],[-5,-68],[-39,-40],[-45,-13],[-16,-77],[4,-29],[32,-22]],[[10505,15962],[38,13],[10,20],[1,115],[-23,69],[22,69],[58,26],[50,7],[78,33],[55,50],[38,24],[21,35],[3,60],[19,80],[-6,36],[18,46],[4,38],[-8,61],[-44,75],[-4,33],[13,24],[71,71],[46,27],[135,158],[92,87],[41,49],[51,92],[19,48],[4,77],[-3,136],[-17,70],[12,107],[-7,41],[9,100],[-9,103],[16,49],[25,44],[74,83],[5,55],[-29,99],[-27,59],[-30,37],[-83,62],[-24,29],[-7,35],[31,113],[47,19],[19,33],[-9,103],[29,101],[39,39],[116,24],[21,48],[-10,34],[49,34],[19,27],[24,105],[-18,39],[8,64],[-18,39],[17,45],[45,52],[25,61],[35,48],[38,68],[16,56],[15,18],[90,46],[25,51],[0,35],[-35,94],[15,48],[55,70],[-22,76],[17,53],[39,42],[23,45],[45,32],[94,100],[43,95],[-38,109],[-49,114],[-28,92],[-3,69],[67,84],[4,27],[-28,34],[-159,0],[-73,22],[-74,-32],[-54,28],[-38,61],[-39,1],[-99,-47],[-32,-38],[-64,-25],[-2,-81],[-44,-47],[-38,-11],[-106,0],[-46,7],[-35,31],[-7,24],[6,70],[19,68],[-71,72],[-8,21],[0,79],[-17,60],[28,56],[11,46],[38,53],[46,16],[53,-2],[108,71],[23,27],[18,50],[0,43],[-22,125],[30,178],[-8,81],[-40,47],[-68,34],[-1,102],[38,82],[25,37],[-28,90],[-38,36],[-18,51],[-4,44],[69,63],[64,43],[38,38],[29,78],[33,68],[35,40],[36,21],[44,2],[148,-20],[119,-22],[45,-14],[56,-31],[53,4],[60,50],[40,17],[85,2],[128,23],[47,-26],[48,-8],[55,20],[115,66],[106,75],[123,78],[87,50],[227,155],[61,39],[90,44],[34,30],[76,108],[72,130],[76,118],[34,34],[51,29],[79,84],[61,116],[24,66],[34,44],[21,69],[23,46],[52,67],[17,74]],[[13969,24480],[37,-1],[82,23],[65,0],[32,-19],[45,-47],[53,-26],[49,103],[21,151],[27,41],[16,50],[54,37],[30,34],[61,49],[101,41],[73,-4],[44,-10],[76,-32],[155,-3],[42,17],[70,-10],[75,42],[69,-3],[45,15],[62,33],[29,29],[11,44],[46,-2],[93,-27],[51,5]],[[25655,26273],[1,36],[36,92],[-12,17],[32,83],[-9,35],[-53,-20],[-49,87],[18,8],[-18,37],[98,45],[-37,80],[-45,340],[147,21],[9,129],[-68,-1],[-21,132],[-30,241],[101,9],[-40,120],[-13,139],[-8,127],[-20,258],[-67,0],[37,108],[76,111],[99,156],[29,95],[1,70],[24,23],[2,110],[74,-4],[15,276],[114,-5],[11,213],[17,-2],[14,286],[99,-4],[0,16],[76,-4],[9,25],[50,3],[0,-28],[46,-1],[0,-25],[68,-3],[0,15],[106,-4],[-15,35],[5,100],[38,7],[14,24],[47,20],[1,60],[23,0],[66,34],[192,136]],[[26945,30131],[169,-178],[115,-131],[40,-38],[119,-150],[110,-166],[215,-379],[66,-126],[82,-142],[89,-164],[98,-174],[142,-239],[151,-225],[163,-256],[262,136],[13,22],[-1,147],[413,3],[233,0],[-20,-160],[1,-89],[12,-101],[17,-76],[30,-86],[-10,-20],[79,-145],[41,-88],[-109,0],[8,-63],[-49,9],[-60,66],[-20,36],[-5,50],[-44,0],[-1,-22],[-130,-15],[-55,-17],[-181,-73],[127,-242],[55,-98],[64,-85],[106,-125],[92,-98],[81,-77],[79,-65],[98,-64],[247,-139],[67,-47],[100,-91],[49,-68],[133,-206]],[[30163,17135],[37,3],[40,-21],[56,-48],[190,-44],[6,-17],[-22,-79],[28,-37],[78,-5],[49,14],[26,72],[13,7],[89,-19],[80,-4],[115,-17],[65,-33],[42,-49],[60,-135],[36,-31],[132,-4],[232,-19],[123,5],[37,14],[92,68],[123,100],[110,-3],[98,-67],[221,-159]],[[11611,62107],[53,-30],[24,0],[89,36],[83,-20],[83,-66],[99,-64],[141,-67],[44,-36],[39,-70],[10,-52],[47,-36],[80,-16],[163,-68],[58,-44],[106,-48],[53,-49],[39,-70],[15,-10],[207,-36],[170,-25],[105,47],[81,-2],[84,-42],[57,8],[43,18],[62,41],[62,5],[158,-50],[30,-28],[32,-53],[25,-16],[58,-9],[38,-19],[41,-42],[20,49],[47,70],[32,20],[66,23],[143,96],[43,5],[71,68],[54,27],[128,-14],[47,7],[59,42],[72,73],[89,36],[49,3],[75,54],[95,31],[40,-3],[180,-31],[27,-20],[8,-58],[15,-23],[95,-96],[41,-61],[52,-34],[32,-55],[26,-24],[129,-58],[38,-64],[35,-33],[47,-5],[75,-28],[26,9],[35,34],[81,-3],[106,-44],[48,-13],[74,25],[91,-20],[28,19],[29,58],[39,17],[130,25],[51,23],[32,-2],[128,-42],[110,12],[99,44],[51,36],[52,11],[81,28],[32,76],[4,54],[58,-4],[-9,-69],[-49,-57],[-17,-37],[5,-25],[35,-73],[53,-59],[221,-134],[69,-59],[103,-112],[65,-23],[26,-53],[55,-82],[33,-65],[45,-39],[46,15],[48,-49],[39,-24],[130,-101],[77,-249],[-16,-52],[-15,-111],[0,-45],[52,-95],[85,-116],[12,-40],[1,-82],[7,-38],[39,-105],[97,-158],[32,-33],[47,-62],[27,-49],[68,-82],[56,-87],[21,-14],[110,-32],[54,-9],[47,4],[119,186],[46,120],[-14,51],[-43,62],[-8,43],[9,60],[56,117],[40,39],[91,28],[49,43],[105,26],[28,14],[28,35],[14,36],[13,122],[27,63],[67,95]],[[31375,35978],[-28,-58],[-37,-41],[-53,-21],[-90,-27],[-6,-32],[20,-69],[3,-48],[-17,-115],[-20,-28],[-33,-12],[-83,-69],[-37,-25],[-59,-53],[-24,-38],[-51,10],[-38,-13],[-9,-20],[-13,-102],[-25,-42],[-116,-51],[-53,15],[-100,-2],[-38,18],[-48,39],[-59,30],[-34,32],[-41,74],[-21,16],[-87,25],[-156,150],[-103,65],[-21,2],[-76,-49],[-41,-13],[-53,-77],[-48,-36],[-55,-30],[-43,-35],[-61,-15],[-42,-24],[-70,0],[-62,12],[-72,5],[-49,32],[-63,2],[-70,-10],[-22,-17],[0,-58],[-8,-31],[-58,-127],[-37,-63],[-162,-82],[-72,-25],[-42,-4],[-62,6],[-61,36],[-71,-11],[-45,0],[-22,-43],[9,-43],[-6,-98],[-57,-8],[-51,-32],[-37,-61],[-67,-33],[-31,-73],[-8,-39],[-32,-60],[-74,-42],[-31,-80],[-43,-49],[-101,-46],[-49,20],[-68,39],[-67,-20],[-34,-33],[-17,-82],[-37,-20],[-124,-16],[-86,16],[-19,-8],[-56,-53],[-8,-24],[-99,-44],[-74,-1],[-40,15],[-44,44],[-42,-14],[-91,14],[-47,-46],[-62,-27],[-39,-1],[-61,27],[-44,10],[-103,1],[-45,-9],[-35,-26],[-35,-54],[-56,-14],[-33,-24],[-75,-129],[-27,-25],[5,-122],[42,-50],[26,-77],[4,-81],[22,-86],[-3,-17],[-58,-21],[-12,-30],[-44,-43],[-35,-56],[27,-72],[33,-67],[67,-96],[39,-18],[117,-99],[79,-20],[60,-26],[50,-69],[28,-23],[56,-22],[46,-34],[88,-26],[40,1],[34,-14],[33,-32],[72,-6],[111,14],[14,-6],[-44,-44],[10,-7],[150,10],[10,-37],[1,-227],[-51,1],[-21,-16],[-13,-38],[11,-59],[55,0],[-18,-39],[-9,-57],[25,-30],[55,-44],[73,-23],[-2,-95],[66,0],[6,-31],[11,-364],[-37,-1],[2,-77],[-371,-4],[-204,25],[-82,-40],[-26,44],[-183,-93],[-64,110],[-102,-51],[5,-64],[-173,-68]],[[26306,31266],[-135,178],[-113,126],[-85,87],[-172,-58],[-66,-16],[17,-64],[-105,-26],[-121,-23],[-135,-2],[-124,-53],[-42,1],[-102,-16],[-386,11],[0,72],[-24,1],[0,89],[-45,1],[-223,47],[10,140],[-53,7],[-1,30],[55,-1],[7,14],[-10,82],[-14,43],[-90,-3],[-3,49],[84,8],[-2,41],[-41,-2],[-4,213],[10,106],[-7,18],[-37,10],[-20,80],[-19,46],[-234,-90],[-55,-28],[-45,-11],[-78,-5],[-536,-8],[-468,-15],[-96,-13],[-98,-19],[-146,-52],[-43,-38],[-101,-35],[8,-51],[-16,-65],[-114,0],[-85,48],[-163,81],[-182,98],[-48,30],[-236,14],[-197,15],[-35,-9],[-127,18],[-3,-8],[87,-43],[167,-106],[165,-112],[5,-20],[-39,-106],[-24,-50],[-120,-23],[-29,-12],[-121,-92],[-95,-8],[-57,1],[-33,-15],[-115,-70],[-48,-11],[-24,-48],[-150,-82],[-26,-23],[-39,-60],[-24,-74],[-29,-126],[2,-49],[13,-42],[-18,-46],[-61,-70],[-20,-50],[-66,-60],[-18,-45],[16,-63],[-9,-45],[-28,-53],[-56,-47],[-45,-28],[-19,-29],[-10,-78],[-15,-25],[-3,-44],[-19,-31],[-62,2],[-161,-164],[6,-54],[-2,-86],[21,-16],[51,12],[12,-15],[5,-54],[24,-36],[-20,-50],[-7,-49],[7,-55],[-13,-66],[-30,-31],[-40,-22],[-32,-40],[27,-108],[-3,-89],[-56,-93],[-32,-37],[-11,-133],[-39,-61],[18,-69],[40,-52]],[[13969,24480],[-8,15],[-76,17],[-61,55],[-79,28],[-23,21],[-26,51],[0,50],[-18,84],[7,52],[-4,52],[-93,39],[-64,4],[-95,59],[-57,11],[-22,22],[-23,123],[6,24],[-11,42],[-146,55],[-90,-6],[-22,6],[-57,61],[-65,25],[-51,49],[-8,46],[-87,8],[-88,52],[-75,26],[-26,16],[-32,104],[-40,38],[-96,39],[-21,23],[-41,71],[-42,45],[-29,73],[0,41],[18,58],[7,120],[-57,49],[-83,36],[-90,135],[-28,55],[-14,54],[-63,99],[-25,121],[-100,103],[-93,90],[-151,90],[-43,34],[-69,82],[-45,32],[-53,27],[-152,87],[-6,226],[-11,50],[20,88],[54,43],[37,39],[68,58],[21,42],[93,74],[100,44],[96,72],[69,34],[36,72],[11,37],[-21,53],[-67,74],[-124,103],[-12,22],[-1,51],[-52,68],[-4,75],[19,94],[39,36],[89,31],[77,79],[107,45],[55,58],[88,124],[28,52],[35,92],[21,26],[75,61],[5,19],[-54,51],[-32,60],[-3,37],[8,104],[60,100],[21,79],[35,84],[107,144],[89,102],[17,27],[5,75],[-51,69],[-6,53],[-40,81],[-14,51],[-24,166],[-60,64],[-77,31],[-65,39],[-36,38],[-22,49],[-13,76],[-2,63],[-10,52],[-32,89],[-2,118],[14,119],[20,99],[-6,162],[-20,122],[-27,88],[-14,27],[-50,48],[-35,47],[-38,24],[-80,-38],[-56,-5],[-70,-17],[-68,-30],[-70,-6],[-55,14],[-56,56],[-29,15],[-95,69],[-159,48],[-54,8],[-100,3],[-95,36],[-56,5],[-120,-17],[-38,4],[-47,28],[-93,36],[-81,26],[-17,20],[-5,96],[5,47],[22,70],[11,106],[-43,69],[-66,65],[-56,79],[-30,94],[-40,96],[-30,87],[-52,88],[-5,105],[-7,30],[-41,36],[-108,34],[-45,28],[-42,76],[-86,54],[-11,14],[-16,89],[-41,63],[-38,40],[-35,11],[-59,-36],[-31,4],[-45,25],[-52,66],[-70,45],[-50,51],[-62,21],[-47,38],[-45,57],[-18,72],[16,185],[5,142],[32,50],[47,24],[26,30],[18,89],[-4,42],[-43,99],[0,74],[82,51],[50,60],[11,58],[17,39],[24,86],[64,98],[47,97],[43,119],[36,75],[49,14],[15,35],[45,20],[13,18],[1,81],[8,33],[34,44],[32,16],[90,8],[41,13],[45,34],[13,107],[-21,44],[41,78],[110,60],[75,22],[11,81],[21,13],[55,6],[9,60],[-51,117],[7,22],[30,-3],[56,-37],[29,-4],[45,13],[24,-6],[16,-36],[10,-60],[52,-41],[32,-39],[24,-2],[38,75],[8,73],[15,39],[31,19],[53,-15],[-21,72],[-5,56],[-30,79],[-32,60],[-14,44],[-109,72],[-10,13],[-13,76],[-27,63],[-81,40],[-144,131],[-43,34],[-20,40],[49,84],[59,63],[59,41],[13,86],[33,80],[14,56],[-55,51],[-32,52],[-75,36],[47,63],[-19,75],[21,131],[-56,59],[-28,55],[-76,29],[-71,38],[-57,-28],[-111,-42],[-79,24],[-140,37],[-110,0],[-121,12],[-22,52],[-63,28],[-56,12],[-113,-24],[-24,3],[-74,44],[-14,1],[-63,-27],[-34,-1],[-30,16],[-41,87],[-13,50],[-21,29],[-57,20],[-12,13],[-23,89],[35,80],[-4,19],[-33,17],[-76,10],[-26,24],[5,85],[-18,42],[0,47],[-14,66],[-50,79],[-7,199],[7,46],[29,74],[-14,35],[18,47],[-16,85],[-45,63],[-54,91],[-83,59],[-39,53],[-10,73],[-78,72],[-65,83],[-51,137],[-5,27],[27,50],[6,40],[-24,72],[-23,110],[-33,68],[-45,136],[8,52],[-43,90],[-23,21],[-70,15],[-56,-15],[-101,-68],[-35,-8],[-76,32],[-60,7],[-150,27],[-89,39],[-21,-4],[-50,-37],[-85,-47],[-40,-16],[-42,-2],[-20,-32],[6,-60],[-15,-64],[30,-93],[-7,-42],[-21,-47],[-21,-147],[-6,-19],[-47,-62],[-37,-96],[-6,-34],[5,-87],[-57,-51],[-27,-46],[-48,-17],[-31,-63],[-10,-87],[3,-91],[-26,-61],[-6,-138],[-8,-50],[-33,-66],[-27,-29],[-60,-23],[-33,-39],[4,-80],[-33,-57],[-6,-28],[25,-59],[6,-41],[-37,-43],[-55,-40],[-36,-35],[-170,-19],[-50,-1],[-55,9],[-41,-16],[-96,-79],[-65,-21],[-96,78],[-116,-45],[-43,-54],[-22,-87],[-14,-12],[-14,5],[-50,74],[-29,13],[-40,-5],[-29,9],[-60,43],[-190,-26],[-26,76],[-16,68],[-46,73],[-27,78],[1,37],[26,55],[38,30],[61,29],[29,52],[-12,42],[-103,86],[-26,76],[5,117],[-19,72],[-58,189],[-58,87],[-68,75],[-91,-1],[-114,7],[-62,-21],[-43,-1],[-47,16],[-44,27],[-67,-6],[-56,19],[-105,27],[-16,-4],[-39,-45],[-102,-54],[-55,3],[-56,-31],[-31,-6],[-11,-25],[-47,-46],[9,-68],[35,-81],[-43,-149],[-68,-50],[-83,-1],[-30,-20],[-26,-33],[-44,-22],[-29,-1],[-56,34],[-45,47],[-107,79],[-41,52],[-108,55],[-25,25],[-22,78],[-36,52],[-18,49],[-3,40],[18,58],[-5,69],[52,101],[8,39],[-30,147],[1,59],[-53,83],[-15,43],[-3,94],[9,47],[29,37],[43,86],[42,186],[9,95],[40,62],[-4,55],[19,56],[-6,42],[28,74],[3,65],[11,25],[135,173],[69,69],[40,65],[48,36],[20,28],[7,52],[-19,47],[-35,32],[-20,69],[0,47],[23,46],[29,102],[38,50],[20,42],[2,38],[-35,143],[-11,137],[44,88],[2,22],[-38,88],[-34,54],[-20,69],[16,57],[36,71],[4,50],[120,52],[19,52],[-19,91],[-58,58],[-13,74],[-28,31],[-56,82],[-17,62],[-5,83],[37,81],[-17,47],[35,208],[-5,45],[-61,25],[-41,36],[-12,184],[7,74],[13,42],[11,125],[-48,68],[-21,84],[-27,48],[-19,116],[-84,118],[-19,97],[-40,26],[-30,42],[-28,19],[-85,31],[-49,35],[-102,28],[2,48],[60,27],[47,53],[107,67],[53,76],[66,107],[46,46],[43,23],[33,34],[18,96],[37,90],[29,48],[77,86],[58,103],[41,108],[0,24],[-52,37],[-75,96],[-36,74],[-48,36],[-63,25],[-56,67],[-47,87],[-41,40],[-59,14],[-116,2],[-35,38],[-17,79],[-16,24],[8,40],[-21,0],[-89,-27],[-93,-9],[-127,-22],[-92,47],[-50,4],[-52,-14],[-128,-46],[-86,-24],[-37,-17],[-109,-90],[-6,-27],[19,-72],[-4,-25],[-62,-4],[-49,42],[-28,-15],[-6,-65],[-23,-21],[-113,-15],[-67,-29],[-127,-73],[-75,-55],[-41,-10],[-92,49],[-63,16],[-149,-20],[-67,23],[-90,70],[-123,71],[-27,24],[-13,48],[-30,13],[-120,-13],[-25,17],[-39,114],[-9,74],[-41,96],[-25,69],[-6,115],[25,237],[-97,140],[-34,38],[-118,107],[-54,34],[-18,52],[-24,158],[-40,73],[-20,22],[-113,72],[-101,85],[-44,23],[-22,32],[-15,165],[42,51],[8,59],[17,27],[33,17],[105,13],[20,15],[49,74],[30,29],[14,32],[-3,62],[23,84],[4,47],[-50,161],[-49,55],[-23,59],[-2,90],[-29,28],[-100,51],[-36,39],[-19,52],[-31,31],[-58,26],[-55,43],[-91,106],[-29,96],[10,122],[24,91],[43,83],[49,46],[173,213],[37,24],[40,10],[4,52],[35,56],[89,66],[26,69],[22,28],[67,54],[22,25],[43,106],[30,26],[82,31],[87,53],[85,39],[129,42],[83,42],[32,69],[-4,28],[-68,61],[-39,72],[-48,113],[-9,70],[-19,47],[5,42],[46,63],[88,56],[32,0],[104,59],[37,65],[72,56],[62,31],[50,50],[123,61],[62,-21],[37,19],[32,91],[110,103],[2,108],[-9,13],[-51,10],[-98,68],[-44,10],[-69,52],[-51,4],[-58,60],[-29,95],[-62,103],[-32,26],[-55,30],[-25,33],[0,43],[15,52],[-18,75],[-10,73],[-55,66],[-21,37],[7,21],[43,40],[31,124],[-4,74],[14,26],[51,37],[62,24],[51,-23],[100,-11],[13,5],[62,70],[32,13],[101,-8],[22,16],[20,85],[103,73],[44,65],[38,97],[53,76],[26,78],[52,94],[73,97],[56,42],[53,90],[14,69],[38,52],[132,-47],[20,3],[53,55],[52,116],[54,38],[48,2],[33,22],[69,114],[46,92],[0,63],[-40,50],[-1,93],[30,87],[-7,85],[-20,88],[15,30],[34,29],[64,77],[112,90],[49,-1],[141,27],[60,8],[23,22],[38,77],[27,16],[42,-1],[83,-14],[85,21],[126,59],[60,35],[63,13],[31,50],[74,57],[-25,65],[-12,58],[-117,92],[-57,74],[-57,161],[-23,105],[6,38],[108,104],[92,40],[56,51],[43,102],[20,21],[75,12],[-39,58],[-8,61],[79,144],[38,102],[41,76],[29,31],[1,19],[-49,41],[-57,144],[16,83],[-26,63],[-9,105],[-12,48],[-31,35],[-33,58],[-18,114],[3,120],[-27,46],[17,40],[29,111],[12,76],[38,44],[0,34],[-14,97],[-21,17],[-130,73],[-47,40],[-52,21],[-56,75],[-25,11],[-51,0],[-31,15],[-48,60],[-25,48],[-1,43],[27,84],[-12,33],[-39,32],[-39,52],[9,17],[55,33],[20,21],[3,41],[-16,50],[47,46],[-6,58],[16,80],[-3,117],[4,72],[31,46],[3,69],[-17,73],[93,164],[62,72],[9,43],[-29,46],[-14,75],[19,50],[3,38],[-29,114],[10,47],[75,67],[37,18],[69,61],[70,21],[0,18],[-55,59],[-11,21],[8,124],[25,47],[57,32],[18,92],[112,114],[45,114],[38,65],[35,85],[62,-7],[84,18],[187,71],[71,41],[45,9],[75,-12],[74,9],[54,-15],[44,-88],[13,-57],[19,-5],[71,61],[57,8],[48,28],[58,14],[88,-13],[84,38],[36,-2],[59,-43],[20,-1],[95,57],[77,15],[38,0],[65,-33],[39,16],[47,95],[47,43],[9,76],[14,32],[3,82],[17,34],[110,77],[24,10],[22,34],[61,72],[67,27],[25,46],[26,23],[50,24],[76,17],[89,56],[82,35],[80,130],[9,101],[95,9],[52,-6],[96,12],[32,25],[100,50],[66,19],[50,3],[89,17],[36,21],[30,37],[54,37],[7,36],[58,28],[94,12],[90,53],[44,42],[222,104],[31,35],[60,41],[112,55],[107,70],[54,75],[47,24],[93,2],[46,-13],[65,-64],[19,-11],[70,-2],[64,-17],[79,-4],[66,-29],[61,-59],[42,-14],[93,3],[54,-17],[126,-11],[53,-48],[91,-40],[28,-56],[-1,-93],[34,-69],[0,-57],[-17,-56],[1,-28],[176,13],[97,22],[123,-15],[106,-4],[46,-16],[86,31],[24,18],[49,10],[103,45],[73,23],[25,-11],[43,-121],[-3,-60],[41,-40],[9,-65],[12,-18],[129,-53],[21,-13],[16,-74],[3,-72],[69,-70],[71,-17],[214,-81],[26,-26],[1,-52],[47,-95],[30,-36],[12,56],[150,98],[125,46],[91,22],[75,34],[81,-5],[28,-10]],[[26945,30131],[-188,244],[-201,249],[-29,59],[-82,216],[-42,118],[-97,249]],[[59569,27809],[-10,6],[-146,35],[-160,16],[-77,-2],[-229,-24],[-142,-48],[-166,-38],[-107,-31],[-164,-57],[-125,-33],[-109,-18],[-49,-14],[-47,-31],[-31,-8],[-78,15],[-102,28],[-72,7],[-127,-1],[-99,-8],[-106,-21],[-144,-35],[-106,-50],[-79,-74],[-60,-90],[-73,-160],[-16,-60],[-9,-102],[-33,-93],[0,-30]],[[64959,39916],[-6,54],[7,112],[-7,29],[-31,29],[71,92],[41,33],[60,-13],[94,-3],[63,-20],[60,-57],[47,-22],[77,2],[43,-39],[0,-25],[-41,-87],[17,-19],[48,-22],[70,-2],[95,-22],[15,-14],[73,7],[59,-35],[49,-5],[70,9],[66,-16],[30,8],[59,46],[123,65],[86,-6],[82,16],[58,35],[62,17],[92,-28],[34,3],[26,-80],[82,-16],[57,-21],[43,0],[84,-54],[34,-10],[47,-37],[65,-28],[52,-48],[31,0],[61,-40],[71,10],[35,-19],[130,-131],[71,-65],[81,-30],[147,-9],[125,-33],[64,-37],[71,-13],[66,26],[18,38],[74,70],[39,58],[27,75],[0,22],[-39,85],[-115,102],[-32,38],[-72,46],[-20,28],[-26,88],[-2,54],[30,51],[36,32],[55,35],[57,24],[67,57],[44,16],[71,-3],[56,-16],[89,-49],[22,-24],[61,-30],[79,-48],[170,-79],[52,-17],[36,-30],[28,-54],[35,-31],[38,-80],[81,-32],[-39,-36],[-50,-10],[-61,-44],[-181,24],[-61,-35],[-19,-79],[-34,14],[-27,36],[-87,-1],[-32,-7],[-18,-44],[88,-201],[5,-29],[-49,-19],[-44,-69],[22,-37],[108,46],[108,1],[63,-4],[55,29],[31,3],[228,111],[28,1],[78,-44],[14,-19],[-24,-26],[-80,12],[-31,-13],[-41,-85],[-31,-160],[-47,-28],[-83,-20],[-19,-23],[16,-25],[66,-40],[59,-11],[33,-47],[76,-64],[-5,-81],[-40,-86],[-47,-206],[-3,-70],[33,-62],[-6,-38],[15,-42],[26,-33],[2,-98],[47,-59],[-9,-61],[24,-31],[14,-55],[2,-64],[16,-58],[-7,-100],[38,-6],[45,30],[55,-9],[9,-56],[-7,-63],[-18,-1],[-32,52],[-23,7],[-36,-34],[38,-55],[-2,-47],[-20,-59],[6,-48],[17,-34],[1,-38],[-55,-28],[12,-84],[26,-27],[7,-60],[-15,-50],[15,-20],[-79,-65],[-84,-173],[-6,-33],[149,-22],[90,-9],[93,12],[141,9],[48,39],[27,51],[26,24],[15,-107],[9,-17],[59,-34],[59,-72],[28,-11],[50,8],[33,87],[17,22],[63,6],[44,38],[73,50],[37,8],[55,-28],[35,-9],[52,-77],[30,-23],[57,-13],[26,-38],[-25,-71],[29,-21],[35,2]],[[70356,36645],[116,-53],[23,1],[147,36],[58,-4],[21,-13],[12,-61],[34,-34],[43,-6],[77,6],[37,-9],[68,-63],[83,-93],[36,-51],[12,-43],[4,-134],[33,-76],[-23,-128],[4,-137],[-15,-25],[-43,-33],[-40,-76],[11,-70],[-5,-66],[-22,-43],[-68,-79],[-84,-70],[-57,-67],[-30,-19],[-93,-30],[-46,-29],[-42,43],[-45,34],[-87,30],[-58,38],[-45,21],[-102,19],[-72,3],[-47,31],[-89,32],[-84,90],[-28,71],[-15,13],[-132,45],[-47,-22],[-20,-76],[-25,-48],[-31,-7],[-42,7],[-44,-27],[-57,-48],[-23,-53],[40,-52],[41,-20],[57,-67],[49,-24],[-9,-18],[-118,-99],[-81,-62],[-6,-87],[-60,-39],[-22,-40],[-28,-22],[-65,-18],[-62,3],[-49,14],[-51,-12],[-55,-52],[-54,-88],[0,-54],[-51,-60],[-44,-40],[-10,-48],[-67,-47],[-31,-52],[-48,-35],[-12,-23],[-17,-107],[-62,-113],[-70,-47],[-25,-45],[-63,-21],[-53,-7],[-36,9],[-79,64],[-49,7],[-155,-19],[-187,-2],[-53,-25],[-62,-12],[-34,6],[-45,30],[-108,172],[-53,24],[-87,-18],[-21,-27],[-35,-84],[-26,-11],[-88,-4],[-69,-37],[-141,-101],[-47,-74],[9,-59],[-3,-40],[-71,-122],[11,-12],[-40,-119],[-23,-95],[64,-32],[13,-41],[38,-39],[-4,-50],[96,-135],[-51,-58],[110,-114],[15,-30],[43,-31],[18,-32],[107,-96],[31,-55],[117,-104],[63,-2],[49,-13],[48,-86],[8,-56],[-51,-31],[-51,-62],[-69,-31],[-80,-46],[-17,-52],[-39,-37],[-48,-4],[-15,-27],[-1,-44],[-57,-17]],[[71807,47022],[-11,-97],[-21,-51],[4,-74],[-22,-48],[-89,-60],[-26,-55],[-4,-43],[9,-56],[17,-28],[96,-66],[16,-38],[-9,-41],[-97,-75],[-34,-67],[-19,-138],[-14,-47],[-66,-95],[-24,-57],[-73,-58],[-25,-38],[-31,-81],[6,-32],[68,-47],[38,-70],[25,-23],[48,-16],[62,-2],[105,19],[36,25],[20,51],[64,47],[136,169],[60,114],[18,23],[47,17],[130,8],[79,10],[37,12],[100,70],[69,17],[149,29],[21,-6],[111,-67],[76,-37],[68,-17],[77,-5],[68,19],[31,-11],[38,-55],[73,-57],[26,-29],[5,-46],[-31,-58],[-3,-42],[-18,-44],[-2,-52],[14,-44],[-27,-41],[-7,-43],[10,-50],[-7,-28],[-47,-58],[-37,-18],[-60,-61],[-56,-21],[-23,-27],[-11,-52],[-30,-30],[-17,-52],[-32,-26],[-54,2],[-96,-20],[-24,-61],[-70,-13],[-62,12],[-27,-51],[-49,-37],[-21,-51],[5,-25],[26,-31],[-12,-35],[-62,-51],[-46,-5],[-62,24],[-40,4],[-42,-15],[-35,-62],[-27,-9],[-70,9],[-73,37],[-20,-10],[-11,-49],[-118,-87],[-150,-64],[-15,-23],[14,-53],[21,-28],[68,-16],[39,-25],[21,-26],[-6,-76],[37,-73],[11,-35],[68,13],[130,-38],[73,36],[71,5],[43,-64],[62,-52],[22,-33],[42,-22],[101,-36],[32,4],[69,-32],[49,-9],[61,17],[40,-1],[90,-34],[40,-44],[47,-20],[33,-41],[53,-26],[78,-56],[-35,-33],[-9,-27],[2,-52],[59,-127],[55,-107],[5,-45],[73,-47],[32,-99],[36,-65],[7,-40],[28,-49],[76,-57],[73,-75],[82,-45],[95,-78],[14,-37],[-6,-56],[25,-84],[1,-50],[52,-56],[63,-28],[52,-9],[45,-30],[33,-38],[152,-33],[55,15],[54,-14],[64,4],[20,-20],[40,-4],[55,-23],[20,-19],[4,-73],[102,-64],[55,-16],[39,-62],[52,-48],[39,-81],[23,-26],[89,-73],[67,-104],[67,-165],[29,-81],[64,-43],[24,-28],[20,-50],[5,-176],[13,-77],[49,-69],[60,-60],[84,-65],[40,-15],[-8,-95],[14,-245],[11,-74],[72,-187],[17,-116]],[[75494,40175],[-20,-74],[-16,-29],[-50,-29],[-58,-4],[-84,-20],[-101,20],[-55,21],[-92,-59],[-33,-33],[-31,-55],[7,-48],[37,-46],[48,-32],[26,-69],[56,-65],[-145,-5],[-63,-18],[-48,-34],[-33,-40],[-37,-66],[-50,-24],[-47,18],[-27,-4],[-56,-31],[-43,-3],[-30,12],[-42,51],[-24,68],[-101,-2],[-113,45],[-118,20],[-92,-5],[-34,-12],[-94,-63],[12,-29],[36,5],[52,25],[36,-6],[44,-21],[96,-88],[79,-43],[11,-20],[4,-102],[-12,-119],[-37,-27],[-205,-169],[-83,64],[-45,-19],[-67,-7],[-53,15],[-71,44],[-60,61],[-19,11],[-61,-80],[-11,-66],[64,-194],[43,-116],[7,-75],[21,-28],[-4,-41],[-37,-45],[-12,-68],[4,-37],[23,-70],[-65,13],[-51,0],[-35,73],[66,68],[-43,31],[-151,71],[-15,73],[37,47],[25,60],[-3,79],[-43,71],[-9,32],[3,93],[-46,31],[-136,53],[-163,81],[-162,88],[-73,-43],[-42,-39],[-42,-54],[-19,-75],[-31,-17],[-24,4],[-103,41],[-19,0],[-36,-25],[-17,-48],[-8,-154],[-9,-16],[-58,15],[-35,20],[-26,-37],[-70,-31],[-62,26],[-108,-203],[-54,-120],[0,-60],[-15,-36],[-44,-27],[-41,-1],[-65,24],[-33,24],[-14,26],[-73,76],[-30,80],[-36,-1],[-149,-106],[5,-15],[49,-15],[52,-34],[52,-10],[81,-111],[22,-44],[9,-79],[-50,-85],[-20,-52],[-10,-76],[-48,-50],[-36,-73],[-93,-6],[-53,-46],[-67,-81],[7,-26],[-69,-24],[-46,-27],[-23,5],[-4,95],[-25,0],[-20,-110],[-56,-80],[11,-12],[72,1],[64,-42],[21,-1],[6,-34],[-82,-56],[-79,-18],[-22,-21],[9,-41],[-11,-79],[28,-83],[67,-108],[-2,-27],[-21,-11],[-63,16],[-59,-23],[22,-50],[-25,-23],[-43,25],[-47,1],[-28,-34],[-52,-2],[-50,22],[-30,-4],[-29,-29],[-59,-30],[-61,-6],[-43,12],[-52,-8],[-30,-23],[-40,-7],[-30,14],[-63,-10],[-31,-21],[-37,-60],[15,-61],[-18,-49],[-68,-51]],[[77032,32168],[-72,26],[-206,94],[-78,45],[-108,83],[-85,54],[-121,51],[-83,18],[-128,7],[-182,-8],[-150,-15],[-318,-55],[-118,-24],[-163,-41],[-153,-65],[-244,-125],[-80,-33],[-268,-80],[-124,-54],[-142,-73],[-81,-56],[4,-52],[-42,-68],[2,-107],[-14,-82],[-80,-424],[-6,-113],[-60,-50],[-68,-24],[-50,-65],[-21,-75],[-46,-43],[-10,-40],[50,-35],[7,-16],[-27,-60],[20,-35],[-16,-20],[-41,27],[-11,27],[-45,10],[-42,-3],[-27,-38],[-49,-5],[-92,-55],[-61,-21],[-42,0],[-89,33],[-48,9],[-154,1],[-72,8],[15,55],[-127,21],[-58,16],[-72,7],[-27,-11],[-30,21],[-61,75],[-46,1],[-35,28],[-28,6],[-46,-14],[-61,-2],[-50,9],[-41,-17],[-34,1],[-170,24],[-35,-8],[-16,-48],[10,-108],[-10,-52],[5,-71],[-23,-28],[-62,-25],[-62,7],[-41,-17],[-37,3],[-65,30],[-49,-8],[-10,-63],[-37,-18],[10,-41],[-41,-28],[-69,-26],[-59,26],[-32,-19],[-58,-9],[-51,-23],[-65,0],[19,33],[-12,94],[-35,19],[-20,-5],[-23,-37],[-30,-3],[-27,37],[-38,11],[-59,33],[-67,13],[-66,-9],[-125,6],[-92,9],[-37,35],[-11,60],[-43,6],[-45,-59],[-15,-1],[-20,36],[-24,17],[-53,5],[-46,36],[-80,9],[-54,-9],[-83,-33],[-76,-70],[-65,-20],[-67,62],[-81,30],[-69,-8],[-49,39],[-52,25],[-39,-3],[-36,41],[-12,65],[-67,66],[-79,88],[-16,63],[-43,102]],[[75494,40175],[89,-3],[53,15],[81,-18],[78,-1],[56,30],[79,-22],[122,24],[138,-4],[72,16],[62,-26],[32,-1],[24,16],[45,-2],[39,13],[33,-6],[35,22],[53,0],[28,18],[-30,34],[4,13],[66,6],[31,-14],[64,44],[55,-31],[73,-79],[39,-5],[59,-51],[50,-24],[56,-54],[-12,-48],[-29,-48],[-41,-46],[-8,-38],[48,-65],[14,-77],[69,-58],[77,-97],[67,-111],[1,-86],[31,-73],[67,11],[47,16],[50,36],[115,35],[68,38],[-7,69],[19,54],[45,34],[53,124],[20,77],[44,52],[82,48],[312,171],[104,99],[10,38],[32,18],[30,-53],[73,-39],[78,-29],[55,22],[71,71],[35,-7],[52,-57],[33,-11],[48,15],[24,-30],[60,-3],[17,-12],[53,-65],[14,-73],[75,-60],[-3,-45],[98,-78],[100,-2],[63,-16],[46,-31],[38,-49],[-14,-73],[153,-38],[119,-3],[40,17],[51,-3],[51,-32],[62,-65],[45,-36],[35,-50],[7,-26],[35,-42],[12,-43],[-9,-92],[13,-77],[39,-49],[43,-10],[58,0],[72,-9],[117,-68],[47,-8],[47,2],[83,-44],[130,-92],[75,-73],[37,-15],[46,24],[54,-10],[18,-44],[23,-22],[40,-12],[18,-58],[32,-22],[42,-1],[-9,-73],[46,-32],[26,-48],[-28,-55],[-1,-74],[-23,-57],[5,-18],[58,-42],[32,6],[159,-170],[41,-37],[35,-3],[49,35],[22,2],[39,-38],[59,-80],[42,-15],[63,-4],[54,25],[116,-11],[94,-19],[52,-29],[119,32],[52,-6],[28,-28],[73,-19],[31,-52],[102,-82],[41,-21],[57,-52],[9,-18]],[[88687,53826],[-55,-1],[-109,-67],[-41,-3],[-89,-106],[-74,-57],[-68,-44],[-69,-18],[-70,34],[-58,12],[-84,-43],[-34,-30],[-66,-18],[-86,-4],[-145,-81],[-87,-60],[-67,-26],[-15,-14],[-9,-67],[-164,-113],[-105,-83],[-41,-16],[-101,-68],[-69,-54],[-69,-16],[-90,-3],[-22,-8],[-50,-73],[-13,-34],[24,-73],[21,-27],[35,-13],[39,-67],[-24,-65],[-41,-39],[-21,-55],[2,-82],[-45,-39],[-93,-44],[-172,-40],[-35,-27],[-21,-74],[-26,-59],[-7,-78],[-49,-82],[-22,-18],[-44,-72],[-36,-32],[-17,-37],[-84,-14],[-68,-43],[-78,-40],[-63,-68],[-28,-53],[-56,-43],[-37,-91],[-19,-10],[-88,-9],[-35,-14],[-29,-30],[-96,-72],[-21,-22],[-67,-149],[-43,-50],[-12,-26],[-66,-7],[-73,60],[-31,8],[-66,-6],[-34,4],[-94,51],[-89,2],[-59,-21],[-34,1],[-31,-17],[-133,-122],[-30,-63],[4,-75],[16,-68],[-12,-17],[-50,-30],[-85,-72],[-39,-43],[-77,-48],[-56,-110],[-25,-39],[-15,-99],[-37,-26],[-40,-46],[-15,-43],[-11,-82],[-67,-64],[-75,-42],[-56,-18],[-44,-4],[23,-36],[-53,-191],[-30,-42],[-9,-83],[-68,-52],[-14,-76],[30,-64],[43,-38],[101,-19],[19,-14],[-2,-45],[32,-37],[30,-70],[-19,-37],[-64,-32],[-50,-44],[-61,-91],[-69,-40],[-57,-26],[-66,-74],[-35,-63],[-114,-15],[-61,-22],[-47,-28],[-21,-28],[-29,-62],[25,-43],[-17,-45],[-62,4],[-102,-12],[-33,-23],[-31,-80],[-107,-42],[-122,-118],[-21,-69],[-6,-48],[-17,-31],[-49,-14],[-55,9],[-77,-26],[-58,-127],[-43,-16],[-55,65],[-52,16],[-51,65],[-30,27],[-38,-52],[-108,-113],[-39,-47],[-9,-56],[-21,-15],[-35,3],[-40,19],[-127,-16],[-35,3],[-52,37],[-43,1],[-64,-46],[-79,-11],[-63,-18],[-51,-28],[-50,-63],[-51,-55],[-8,-32],[43,-56],[49,-29],[92,-28],[60,-49],[69,-115],[19,-57],[32,-39],[8,-29],[-5,-48],[-26,-64],[32,-55],[2,-24],[-22,-38],[-46,-15],[-42,-48],[0,-62],[-37,-34],[-52,-34],[1,-32],[-17,-36],[1,-39],[70,-109],[19,-84],[-57,-54],[-28,-57],[-1,-43],[52,-43],[30,-50],[22,-8],[19,-70],[42,-61],[33,-62],[74,-65],[68,-105],[9,-22],[8,-163],[-7,-68],[-22,-36],[0,-55],[55,-49],[47,-18],[94,-6],[105,-31],[42,-33],[64,-36],[74,16],[142,-93],[46,-57],[45,-38],[61,-6],[17,-13],[-4,-139],[32,-80],[80,-77],[56,-90],[69,-80],[-3,-80],[-16,-48],[56,-28],[32,-39],[72,-10],[71,-35],[80,-22],[78,24],[61,-26],[42,-32],[122,-29],[67,11],[28,20],[11,62],[39,32],[79,24],[65,3],[102,68],[76,36],[151,44],[122,20],[58,35],[48,52],[62,19],[98,9],[82,48],[57,-27],[33,6],[24,56],[25,7],[72,-14],[52,5],[52,27],[84,-4],[48,72],[109,120],[69,47],[14,69],[12,9],[232,-19],[52,4],[83,66],[14,43],[99,151],[21,5],[78,-19],[54,0],[150,13],[111,34],[36,47],[9,26],[77,5],[39,16],[49,35],[51,2],[89,23],[16,54],[105,39],[20,27],[103,57],[47,59],[81,36],[53,2],[46,14],[77,-8],[29,26],[24,64],[-2,164],[20,49],[167,64],[47,35],[46,15],[60,82],[83,35],[38,64],[30,34],[37,64],[33,39],[60,47],[118,-16],[105,-29],[119,-2],[53,-19],[67,-33],[51,-6],[42,-17],[67,-48],[58,-50],[86,-86],[97,-42],[47,-38],[53,-70],[14,3],[83,-37],[57,-8],[73,-22],[29,-21],[76,42],[24,20],[103,3],[68,-12],[74,33],[76,-23],[79,-14],[69,-25],[35,19],[20,65],[58,22],[88,9],[83,-9],[48,25],[48,-20],[33,-39],[31,-6],[144,1],[156,-23],[58,-31],[127,-30],[32,-33],[2,-50],[195,-59],[23,-35],[109,-23],[53,11],[65,-25],[99,-2],[115,-26],[16,-15],[11,-45],[34,-66],[73,-22],[66,6],[40,-10],[45,-50],[96,-4],[116,-23],[103,-34],[64,-58],[55,-31],[96,-2],[55,-27],[35,-3],[74,-25],[55,-31],[45,-3],[103,44],[59,52],[72,1],[18,-13],[27,-56],[34,-16],[105,-29],[76,-81]],[[42876,111581],[135,200],[74,73],[50,58],[152,94],[111,80],[121,48],[100,27],[138,32],[107,57],[22,4],[69,-25],[76,-67],[59,-26],[125,-72],[33,-24],[29,-124],[42,-15],[57,33],[87,2],[90,36],[35,-3],[72,10],[23,-6],[48,-35],[80,-2],[26,30],[91,20],[48,-23],[140,1],[48,-30],[103,-26],[60,10],[42,20],[40,44],[17,0],[136,-41],[63,-1],[40,-33],[59,-3],[33,37],[-17,57],[25,43],[55,18],[12,16],[-30,16],[-2,23],[65,15],[65,26],[37,38],[86,54],[54,25],[99,37],[-15,48],[-112,11],[-37,30],[7,58],[23,104],[-1,58],[64,133],[15,51],[-5,50],[14,26],[52,27],[13,104],[-18,73],[12,51],[52,15],[21,20],[24,78],[74,58],[66,142],[75,98],[27,52],[4,83],[62,102],[31,31],[44,62],[17,57],[2,114],[11,33],[66,100],[39,45],[-10,126],[46,72],[55,126],[55,84],[20,16],[6,37],[42,105],[0,52],[-19,48],[-65,129],[-5,53],[-24,73],[-26,50],[-45,37],[-67,67],[-22,35],[-29,110],[-19,95],[-48,146],[-61,110],[-9,32],[10,38],[73,62],[-11,26],[-60,29],[-5,64],[22,60],[-4,26],[-29,35],[15,20],[96,32],[45,25],[54,65],[161,106],[27,29],[4,47],[43,24],[51,-12],[22,6],[47,40],[34,-2],[81,-41],[119,13],[42,-14],[18,-20],[73,-136],[23,-1],[48,21],[29,-11],[-1,-45],[26,-35],[51,-7],[65,24],[34,-10],[-3,-73],[15,-12],[52,5],[73,20],[71,-32],[55,17],[36,39],[17,46],[-25,75],[0,32],[43,22],[58,-3],[70,13],[24,-3],[57,-51],[33,-8],[110,25],[140,7],[37,-11],[44,-32],[33,-5],[77,57],[48,-9],[49,8],[10,25],[-3,66],[58,31],[17,41],[-17,51],[-36,54],[-61,47],[0,42],[39,55],[-84,92],[5,52],[65,96],[74,72],[59,74],[27,49],[10,88],[19,72],[58,44],[49,174],[-11,57],[33,80],[-2,57],[-11,28],[-47,44],[-5,19],[19,31],[60,47],[49,50],[64,42],[61,31],[25,-2],[52,-33],[39,1],[45,-25],[28,-56],[34,-182],[-26,-62],[-37,-37],[-23,-41],[-4,-42],[8,-90],[49,-58],[56,-13],[124,3],[41,-14],[21,-43],[4,-60],[-7,-192],[-27,-89],[11,-53],[-5,-49],[-74,-64],[-42,-15],[-38,-47],[-56,-96],[-51,-23],[-129,22],[-59,0],[-57,-77],[-28,-83],[-1,-90],[24,-136],[26,-30],[28,-3],[126,60],[29,7],[84,1],[82,33],[60,16],[53,-6],[14,-39],[40,-155],[16,-91],[-3,-26],[-89,-90],[-69,-78],[-15,-25],[-13,-59],[-7,-89],[13,-26],[32,-22],[29,-5],[59,40],[44,58],[67,51],[72,45],[61,13],[27,-13],[57,-76],[59,-97],[40,-53],[81,-45],[69,9],[91,68],[102,134],[66,55],[91,67],[99,43],[39,5],[121,-34],[62,138],[81,48],[53,24],[119,82],[79,80],[13,22],[155,156],[11,33],[4,65],[-10,73],[15,18],[151,8],[67,44],[53,54],[83,64],[48,30],[98,29],[30,35],[32,97],[44,76],[26,68],[45,47],[44,67],[53,57],[53,9],[35,39],[44,-34],[27,-49],[36,-32],[126,-80],[52,-26],[32,-26],[60,-21],[88,-45],[100,-22],[84,-28],[68,-2],[9,-23],[64,-43],[146,-71],[46,-15],[86,-14],[75,-2],[51,-24],[80,-6],[107,-45],[109,-55],[20,-22],[48,-82],[41,-48],[28,-20],[79,-11],[53,-27],[83,-73],[171,-165],[54,-73],[33,-18],[46,-5],[100,4],[65,-10],[39,6],[61,22],[22,19],[73,21],[72,38],[53,6],[42,-13],[61,-43],[129,-100],[87,-53],[101,-25],[35,-24],[39,-43],[139,-38],[27,-31],[2,-58],[28,-30],[31,-58],[21,-58],[35,-47],[35,-14],[15,-26],[38,-32],[10,-48],[52,-98],[10,-50],[54,-78],[38,-8],[71,26],[64,2],[39,-8],[106,-2],[20,-24],[12,-55],[44,-65],[86,-162],[81,-215],[20,-140],[2,-82],[23,-27],[57,-21],[87,-122],[33,-93],[78,-123],[-2,-21],[-62,-88],[-32,-90],[18,-49],[14,-66],[40,-51],[22,-76],[105,-105],[47,-79],[31,-82],[15,-89],[49,-60],[71,-10],[132,-57],[62,-20],[48,-29],[103,-81],[101,-58],[42,-39],[40,-115],[40,-193],[3,-130],[7,-30],[89,-71],[-3,-16],[-57,-45],[-102,-99],[-42,-45],[-128,-205],[-31,-43],[-6,-25],[12,-48],[-8,-79],[-33,-86],[-26,-142],[-6,-56],[-33,-56],[-32,-77],[13,-81],[34,-56],[13,-57],[0,-44],[-15,-48],[-51,-60],[-40,-12],[-85,-14],[-18,-15],[30,-58],[-22,-131],[7,-46],[-17,-54],[-65,-48],[-50,-74],[-32,-32],[-84,-33],[-20,-18],[-57,-87],[-106,-129],[-20,-43],[-2,-82],[70,-77],[43,-91],[-28,-72],[-52,-55],[-87,-31],[-70,-51],[-12,-24],[-22,-81],[-27,-43],[-24,-64],[-29,-32],[42,-70],[12,-42],[-27,-71],[11,-24],[34,-14],[109,-28],[39,-30],[29,-7],[101,10],[107,-19],[38,-1],[77,28],[74,-6],[65,59],[45,-3],[20,-25],[13,-66],[31,-49],[17,-69],[21,-23],[49,-1],[35,16],[40,51],[30,53],[92,115],[17,-7],[39,-77],[37,-48],[26,-59],[41,-22],[20,-31],[56,0],[27,-9],[45,-41],[77,-28]],[[40605,93046],[40,37],[-8,74],[9,50],[71,113],[63,89],[7,27],[-8,72],[64,58],[21,45],[63,39],[9,86],[32,74],[29,23],[22,82],[51,102],[-8,55],[-52,80],[-21,59],[9,50],[30,57],[23,65],[4,64],[-7,73],[12,100],[21,59],[-2,55],[33,70],[72,97],[29,32],[4,78],[87,3],[69,21],[30,24],[48,90],[59,70],[124,90],[40,9],[57,-3],[9,27],[-48,103],[-50,44],[-2,52],[26,33],[66,34],[15,19],[12,72],[64,34],[27,27],[3,86],[-6,48],[-20,52],[28,127],[-12,35],[7,54],[-2,97],[-8,48],[49,113],[27,51],[-1,37],[-23,34],[-58,2],[-61,23],[-76,19],[-46,68],[-40,25],[-80,10],[-22,25],[-3,64],[-12,40],[4,174],[-17,87],[64,62],[16,37],[-4,29],[-57,90],[-32,23],[-120,39],[-23,20],[-4,27],[9,75],[-10,66],[-69,139],[-75,91],[3,33],[47,108],[23,29],[67,39],[-29,41],[-38,25],[-37,9],[-68,59],[-57,9],[-138,-1],[-77,32],[-57,75],[-24,20],[-82,31],[-17,65],[29,93],[8,54],[68,54],[40,66],[56,36],[112,2],[-8,-37],[23,-15],[39,-2],[79,28],[137,15],[71,15],[105,50],[89,69],[56,65],[35,24],[57,9],[288,19],[136,-3],[97,-50],[64,-8],[78,1],[39,10],[108,82],[65,72],[62,51],[42,44],[49,35],[62,71],[124,62],[111,30],[142,33],[128,48],[58,62],[43,20],[26,93],[53,116],[1,61],[16,69],[29,42],[21,53],[9,71],[3,92],[-23,78],[-29,65],[-20,97],[30,62],[18,95],[30,70],[1,39],[30,43],[67,61],[37,48],[-3,109],[31,61],[45,44],[98,59],[124,49],[18,46],[46,55],[13,58],[64,152],[25,23],[66,33],[46,9],[27,27],[10,74],[96,142],[15,66],[47,43],[119,67],[46,51],[109,72],[83,93],[56,39],[32,10],[24,24],[88,51],[60,20],[96,-53],[92,-29],[24,-2],[29,24],[86,99],[20,44],[-1,49],[-17,36],[-85,56],[-56,56],[-37,47],[-27,50],[-48,115],[-2,38],[43,68],[4,90],[13,47],[47,64],[3,47],[18,48],[-9,30],[69,49],[58,51],[43,56],[35,27],[82,28],[107,54],[47,57],[5,39],[64,77],[297,146],[81,78],[-11,70],[24,93],[34,60],[-4,135],[19,116],[-11,95],[80,105],[43,64],[116,47],[51,35],[8,26],[51,94],[88,174],[65,61],[93,47],[79,95],[-5,36],[-49,56],[-6,24],[38,63],[39,40],[111,71],[17,75],[26,49],[37,41],[78,60],[8,110],[62,150],[53,41],[66,103],[18,39],[15,68],[25,32],[-4,126],[24,92],[12,22],[7,63],[39,51],[139,67],[73,16],[97,-20],[28,27],[-9,30],[1,62],[-36,72],[-34,39],[-24,84],[0,27],[23,52],[7,39],[-10,30],[-36,26],[-68,12],[-171,47],[-73,54],[-81,7],[-35,19],[-61,113],[10,55],[-25,62],[-20,110],[-6,67],[46,117],[-24,38],[-50,40],[-37,-1],[-93,-21],[-91,102],[-102,47],[-84,-25],[-61,-9],[-162,111],[-23,25],[-46,96],[-73,69],[-70,103],[13,66],[-3,27],[-57,14],[-146,22],[-66,1],[-99,-24],[-66,-33],[-67,-16],[-60,20],[-109,13],[-103,37],[-107,13],[-63,0],[-127,-62],[-25,-6],[-113,18],[-104,-11],[-102,18],[-103,37],[-69,14],[27,84],[11,107],[-2,45],[-51,139],[-36,40],[-64,47],[-46,55],[-48,42],[-88,106],[-66,19],[-28,30],[-109,68],[-89,60],[-124,59],[-15,124],[-33,74],[17,179],[-4,72],[26,45],[11,55],[2,65],[-15,60],[21,76],[-15,70],[-21,31],[-94,38],[-18,23],[-10,50],[-16,18],[-72,40],[-40,31],[-22,131],[-49,82],[-19,47],[-61,81],[-148,51],[-69,31],[-105,76],[-100,30],[-26,17],[-12,52],[5,67],[-15,57],[-89,116],[-13,27],[-22,95],[-27,52],[-53,71],[-37,39],[-1,67]]],"transform":{"scale":[0.00001203636489203612,0.000010445124431194095],"translate":[136.27621706,35.13372908]},"objects":{"city":{"type":"GeometryCollection","geometries":[{"arcs":[[0,1,2,3,4,5,6,7,8,9]],"type":"Polygon","properties":{"N03_001":"岐阜県","N03_004":"岐阜市","PREF_CODE":"21","MERGED_CODE":"21201","N03_007":"21201"},"id":"21201"},{"arcs":[[[10,11,12,13,14]],[[15,16,17,18,19,20,21]],[[-9,22,23,24]]],"type":"MultiPolygon","properties":{"N03_001":"岐阜県","N03_004":"大垣市","PREF_CODE":"21","MERGED_CODE":"21202","N03_007":"21202"},"id":"21202"},{"arcs":[[25,26,27,28,29,30]],"type":"Polygon","properties":{"N03_001":"岐阜県","N03_004":"高山市","PREF_CODE":"21","MERGED_CODE":"21203","N03_007":"21203"},"id":"21203"},{"arcs":[[31,32,33,34]],"type":"Polygon","properties":{"N03_001":"岐阜県","N03_004":"多治見市","PREF_CODE":"21","MERGED_CODE":"21204","N03_007":"21204"},"id":"21204"},{"arcs":[[35,36,37,38,39,40,41,42,43,44,45,-4,46,47]],"type":"Polygon","properties":{"N03_001":"岐阜県","N03_004":"関市","PREF_CODE":"21","MERGED_CODE":"21205","N03_007":"21205"},"id":"21205"},{"arcs":[[48,49,50,51,52,53,54]],"type":"Polygon","properties":{"N03_001":"岐阜県","N03_004":"中津川市","PREF_CODE":"21","MERGED_CODE":"21206","N03_007":"21206"},"id":"21206"},{"arcs":[[-38,55]],"type":"Polygon","properties":{"N03_001":"岐阜県","N03_004":"美濃市","PREF_CODE":"21","MERGED_CODE":"21207","N03_007":"21207"},"id":"21207"},{"arcs":[[56,57,58,59,60]],"type":"Polygon","properties":{"N03_001":"岐阜県","N03_004":"瑞浪市","PREF_CODE":"21","MERGED_CODE":"21208","N03_007":"21208"},"id":"21208"},{"arcs":[[-8,61,62,63,64,65,-23]],"type":"Polygon","properties":{"N03_001":"岐阜県","N03_004":"羽島市","PREF_CODE":"21","MERGED_CODE":"21209","N03_007":"21209"},"id":"21209"},{"arcs":[[66,-61,67,68,-50]],"type":"Polygon","properties":{"N03_001":"岐阜県","N03_004":"恵那市","PREF_CODE":"21","MERGED_CODE":"21210","N03_007":"21210"},"id":"21210"},{"arcs":[[-42,69,70,71,72,73,74,75,-44,76],[77]],"type":"Polygon","properties":{"N03_001":"岐阜県","N03_004":"美濃加茂市","PREF_CODE":"21","MERGED_CODE":"21211","N03_007":"21211"},"id":"21211"},{"arcs":[[-34,78,79,-58,80]],"type":"Polygon","properties":{"N03_001":"岐阜県","N03_004":"土岐市","PREF_CODE":"21","MERGED_CODE":"21212","N03_007":"21212"},"id":"21212"},{"arcs":[[[-5,-46,81,82,83,84]],[[85]]],"type":"MultiPolygon","properties":{"N03_001":"岐阜県","N03_004":"各務原市","PREF_CODE":"21","MERGED_CODE":"21213","N03_007":"21213"},"id":"21213"},{"arcs":[[[-33,86,87,-75,88,-79]],[[-73,89,90]]],"type":"MultiPolygon","properties":{"N03_001":"岐阜県","N03_004":"可児市","PREF_CODE":"21","MERGED_CODE":"21214","N03_007":"21214"},"id":"21214"},{"arcs":[[-3,91,-47]],"type":"Polygon","properties":{"N03_001":"岐阜県","N03_004":"山県市","PREF_CODE":"21","MERGED_CODE":"21215","N03_007":"21215"},"id":"21215"},{"arcs":[[-10,-25,92,-19,93,94,95,96]],"type":"Polygon","properties":{"N03_001":"岐阜県","N03_004":"瑞穂市","PREF_CODE":"21","MERGED_CODE":"21216","N03_007":"21216"},"id":"21216"},{"arcs":[[97,-31,98,99]],"type":"Polygon","properties":{"N03_001":"岐阜県","N03_004":"飛騨市","PREF_CODE":"21","MERGED_CODE":"21217","N03_007":"21217"},"id":"21217"},{"arcs":[[100,-48,-92,-2,101,-96,102,103]],"type":"Polygon","properties":{"N03_001":"岐阜県","N03_004":"本巣市","PREF_CODE":"21","MERGED_CODE":"21218","N03_007":"21218"},"id":"21218"},{"arcs":[[104,-28,105,-39,-56,-37]],"type":"Polygon","properties":{"N03_001":"岐阜県","N03_004":"郡上市","PREF_CODE":"21","MERGED_CODE":"21219","N03_007":"21219"},"id":"21219"},{"arcs":[[106,-54,107,108,-40,-106,-27,109]],"type":"Polygon","properties":{"N03_001":"岐阜県","N03_004":"下呂市","PREF_CODE":"21","MERGED_CODE":"21220","N03_007":"21220"},"id":"21220"},{"arcs":[[-64,110,111,112]],"type":"Polygon","properties":{"N03_001":"岐阜県","N03_004":"海津市","PREF_CODE":"21","MERGED_CODE":"21221","N03_007":"21221"},"id":"21221"},{"arcs":[[[-6,-85,113]],[[114,115]]],"type":"MultiPolygon","properties":{"N03_001":"岐阜県","N03_004":"岐南町","PREF_CODE":"21","MERGED_CODE":"21302","N03_007":"21302"},"id":"21302"},{"arcs":[[-7,-114,-84,116,-116,117,-62],[-86]],"type":"Polygon","properties":{"N03_001":"岐阜県","N03_004":"笠松町","PREF_CODE":"21","MERGED_CODE":"21303","N03_007":"21303"},"id":"21303"},{"arcs":[[-14,118,-22,119,-112,120]],"type":"Polygon","properties":{"N03_001":"岐阜県","N03_004":"養老町","PREF_CODE":"21","MERGED_CODE":"21341","N03_007":"21341"},"id":"21341"},{"arcs":[[-13,121,122,123,-16,-119]],"type":"Polygon","properties":{"N03_001":"岐阜県","N03_004":"垂井町","PREF_CODE":"21","MERGED_CODE":"21361","N03_007":"21361"},"id":"21361"},{"arcs":[[-12,124,125,-122]],"type":"Polygon","properties":{"N03_001":"岐阜県","N03_004":"関ケ原町","PREF_CODE":"21","MERGED_CODE":"21362","N03_007":"21362"},"id":"21362"},{"arcs":[[-18,126,127,-94]],"type":"Polygon","properties":{"N03_001":"岐阜県","N03_004":"神戸町","PREF_CODE":"21","MERGED_CODE":"21381","N03_007":"21381"},"id":"21381"},{"arcs":[[-21,128,-65,-113,-120]],"type":"Polygon","properties":{"N03_001":"岐阜県","N03_004":"輪之内町","PREF_CODE":"21","MERGED_CODE":"21382","N03_007":"21382"},"id":"21382"},{"arcs":[[-20,-93,-24,-66,-129]],"type":"Polygon","properties":{"N03_001":"岐阜県","N03_004":"安八町","PREF_CODE":"21","MERGED_CODE":"21383","N03_007":"21383"},"id":"21383"},{"arcs":[[129,-104,130,131,-123,-126,132]],"type":"Polygon","properties":{"N03_001":"岐阜県","N03_004":"揖斐川町","PREF_CODE":"21","MERGED_CODE":"21401","N03_007":"21401"},"id":"21401"},{"arcs":[[-95,-128,133,-131,-103]],"type":"Polygon","properties":{"N03_001":"岐阜県","N03_004":"大野町","PREF_CODE":"21","MERGED_CODE":"21403","N03_007":"21403"},"id":"21403"},{"arcs":[[-17,-124,-132,-134,-127]],"type":"Polygon","properties":{"N03_001":"岐阜県","N03_004":"池田町","PREF_CODE":"21","MERGED_CODE":"21404","N03_007":"21404"},"id":"21404"},{"arcs":[[-1,-97,-102]],"type":"Polygon","properties":{"N03_001":"岐阜県","N03_004":"北方町","PREF_CODE":"21","MERGED_CODE":"21421","N03_007":"21421"},"id":"21421"},{"arcs":[[-45,-76,-88,134,-82]],"type":"Polygon","properties":{"N03_001":"岐阜県","N03_004":"坂祝町","PREF_CODE":"21","MERGED_CODE":"21501","N03_007":"21501"},"id":"21501"},{"arcs":[[-43,-77]],"type":"Polygon","properties":{"N03_001":"岐阜県","N03_004":"富加町","PREF_CODE":"21","MERGED_CODE":"21502","N03_007":"21502"},"id":"21502"},{"arcs":[[-71,135,136]],"type":"Polygon","properties":{"N03_001":"岐阜県","N03_004":"川辺町","PREF_CODE":"21","MERGED_CODE":"21503","N03_007":"21503"},"id":"21503"},{"arcs":[[-41,-109,137,138,-136,-70]],"type":"Polygon","properties":{"N03_001":"岐阜県","N03_004":"七宗町","PREF_CODE":"21","MERGED_CODE":"21504","N03_007":"21504"},"id":"21504"},{"arcs":[[[-60,139,-90,-72,-137,-139,140,-68]],[[-78]]],"type":"MultiPolygon","properties":{"N03_001":"岐阜県","N03_004":"八百津町","PREF_CODE":"21","MERGED_CODE":"21505","N03_007":"21505"},"id":"21505"},{"arcs":[[-51,-69,-141,-138,-108,-53,141]],"type":"Polygon","properties":{"N03_001":"岐阜県","N03_004":"白川町","PREF_CODE":"21","MERGED_CODE":"21506","N03_007":"21506"},"id":"21506"},{"arcs":[[-52,-142]],"type":"Polygon","properties":{"N03_001":"岐阜県","N03_004":"東白川村","PREF_CODE":"21","MERGED_CODE":"21507","N03_007":"21507"},"id":"21507"},{"arcs":[[-59,-80,-89,-74,-91,-140]],"type":"Polygon","properties":{"N03_001":"岐阜県","N03_004":"御嵩町","PREF_CODE":"21","MERGED_CODE":"21521","N03_007":"21521"},"id":"21521"},{"arcs":[[142,-99,-30,143]],"type":"Polygon","properties":{"N03_001":"岐阜県","N03_004":"白川村","PREF_CODE":"21","MERGED_CODE":"21604","N03_007":"21604"},"id":"21604"}]}}}