{"type":"Topology","arcs":[[[10709,38054],[-220,-338],[-807,622],[-69,55],[292,372],[-184,146],[3,5],[185,-146],[360,443],[562,351],[379,81],[0,-857],[-300,-427],[-164,-249],[29,-20],[295,-231],[-3,-5],[-296,231],[-28,20],[-34,-53]],[[16980,59032],[82,37],[49,35],[28,55],[17,58],[5,67],[-14,61],[-2,129],[42,10],[30,32],[47,17]],[[17264,59533],[83,-58],[28,-12],[114,36],[115,15],[83,16],[48,-30],[91,-79],[28,-41],[10,-55],[-14,-64],[-7,-83],[13,-34],[72,6],[66,53],[105,50],[84,7],[124,-7],[23,5],[116,75],[54,-20],[56,35],[12,20],[15,67],[24,24],[28,55],[69,71],[86,18],[46,-40],[54,46],[-5,47],[9,35],[55,74],[83,-39]],[[19032,59726],[-21,-38],[67,-32],[56,140],[32,-14],[99,42],[5,-148],[-12,-199],[-25,-299],[-19,-192],[-12,-106],[-124,-15],[-59,-47],[14,-44],[-25,-47],[-71,-26],[-29,-157],[58,3],[14,-8],[12,-64],[34,11],[44,43],[39,-3],[62,24],[40,5],[20,-41],[-73,-8],[-36,-27],[15,-34],[-22,-3],[15,-29],[45,-17],[12,-31],[-17,-33],[-72,4],[-18,-15],[25,-68],[57,-33],[-22,-87],[65,-4],[14,61],[90,-35],[-13,-32],[46,-30],[-41,-67],[0,-38],[94,-8],[83,36],[95,13],[95,58],[13,-61],[155,45],[51,-23],[62,22],[2,10],[51,11],[5,-207],[-7,-46],[-32,-107],[-93,-152],[-64,-75],[-71,-59],[21,-78],[89,27],[64,6],[119,-7],[146,0],[184,-24],[147,-6],[129,11],[113,29],[147,42],[96,13],[91,5],[136,20],[67,2],[76,-7],[153,-30],[291,-23],[139,1],[39,3],[88,22],[194,24],[122,26],[126,70],[95,89],[96,119],[27,39],[49,43],[37,23],[72,89],[137,142],[68,63],[70,45],[43,20],[214,13],[182,29],[55,26],[46,108],[56,172],[4,46],[-18,137],[-48,270],[0,175],[14,91],[22,60],[38,57],[80,86],[79,47],[35,14],[203,-10],[85,8],[341,-20],[147,-18],[129,0],[99,26],[57,37],[75,69],[75,85],[60,83],[39,85],[48,381],[12,63],[41,88],[44,46],[69,37],[65,14],[70,-3],[115,10],[94,21],[139,25],[167,90],[110,85],[64,57],[54,57],[83,105],[120,119],[73,79],[53,29],[111,-4],[160,-42],[96,-18],[161,-18],[163,13],[102,5],[75,11],[206,25],[153,30],[101,15],[23,9],[128,29],[45,26]],[[28225,61303],[51,-51],[42,-27],[22,-34],[48,-53],[39,-9],[31,-41],[8,-43],[0,-59],[-45,-52],[-6,-44],[10,-30],[40,-22],[-4,-36],[-16,-24],[3,-87],[33,-59],[1,-37],[20,-43],[48,-54],[19,-71],[77,-7],[73,-18],[44,15],[48,62],[32,28],[54,-10],[23,-33],[55,-128],[11,-53],[22,-57],[0,-26],[-32,-44],[-41,-86],[-1,-12]],[[28934,60058],[-99,0],[-140,-26],[-57,-82],[-17,-57],[-82,-70],[-24,-7],[-79,2],[-29,-20],[-55,-24],[-2,-44],[-36,-19],[-30,-63],[-15,-81],[6,-21],[40,-36],[16,-26],[25,-74],[-63,-45],[-123,4],[-20,-65],[-93,15],[-90,20],[-52,17],[-52,48],[-44,65],[-29,62],[-14,45],[-40,56],[-34,-7],[-44,-21],[-101,-37],[-76,-44],[-21,-35],[-29,-80],[-40,-79],[-52,-47],[-37,-12],[-52,-2],[-26,12],[-21,29],[-102,23],[-29,1],[-23,-16],[-40,-75],[-65,-64],[-61,-80],[-79,-40],[-37,-42],[-131,0],[-243,-35],[-80,-106],[-19,-16],[-24,-52],[-44,-27],[-56,-49],[-38,-22],[-206,9],[-93,-139],[-81,-83],[-25,-18],[-61,-66],[-34,-56],[-48,-108],[-40,-25],[-26,-62],[-53,-45],[-40,-84],[-61,-99],[-19,-37],[-59,-79],[-74,-61],[-84,-56],[-84,-34],[-39,-23],[-25,0],[-26,-39],[-61,-52],[-34,-61],[2,-32],[-28,-70],[16,-76],[-6,-25],[-58,-83],[48,-40],[-51,-134],[-25,-4],[-67,-116],[-102,-143],[6,-12],[195,0],[34,15],[123,15],[2,35],[101,7],[34,14],[30,-12],[3,-25],[20,-27],[7,-40],[-16,-19],[-71,-47],[-114,-142],[-50,-42],[12,-19],[114,9],[57,28],[38,2],[47,-9],[37,-30],[1,-164],[4,-37],[45,6],[16,-11],[18,-57],[16,-6],[86,-93],[48,-44],[36,-44],[-1,-70],[15,-25],[25,4],[41,61],[25,-11],[10,-53],[-29,-94],[-13,0],[-50,44],[-65,-19],[-33,9],[-6,-59],[-8,-208],[-13,-120],[26,-11],[101,-24],[60,6],[180,-6],[2,-44],[115,-15],[46,-22],[38,-1],[46,20],[57,82],[47,25],[97,37],[40,21],[-10,67],[-75,28],[-102,21],[-87,58],[6,70],[125,111],[67,106],[49,37],[162,37],[36,16],[13,-58],[-12,-48],[30,-58],[3,-41],[-11,-33],[14,-59],[-44,-60],[-36,-30],[-83,2],[-75,-23],[-25,-30],[71,-36],[5,-64],[21,-5],[26,-67],[33,2],[29,20],[-13,37],[374,135],[5,-2],[45,-123],[19,-35],[35,-98],[-105,-37],[-41,60],[-214,-76],[-79,-30],[6,-49],[14,-35],[81,12],[335,-56],[42,1],[25,-18]],[[26879,55195],[4,-22],[-19,-3],[-20,-31],[-51,-17],[-32,12],[-26,-16],[-23,-42],[-24,-1],[-76,17],[-23,-46],[-90,64],[-31,14],[-185,17],[-81,0],[-111,-40],[-91,-7],[-32,2],[-46,-72],[-67,-85],[-26,-20],[-17,-37],[34,-31],[110,-35],[71,-27],[95,-17],[60,-21],[70,-41],[68,-28],[46,-40],[33,-45],[26,-89],[4,-67],[-45,-72],[-3,-20],[23,-30],[-19,-33],[40,-60],[15,-48],[36,-91],[-24,-55],[-4,-105],[-26,-63],[16,-70],[-21,-72],[-106,0],[-140,-8],[-11,-52],[-39,-60],[31,-29],[35,-13],[31,3],[48,25],[21,-16],[6,-50],[56,16],[16,-6],[-7,-43],[-34,-72],[5,-38],[46,-27],[-5,-52],[8,-25],[51,-31],[36,-1],[40,-28],[19,-29],[-2,-52],[-18,-47],[-59,-117],[-51,-53],[-57,-70],[-18,-44],[-81,-92],[-56,-71],[11,-40],[25,-8],[61,1],[-16,-51],[3,-26],[26,-96],[27,-31],[10,-33],[1,-57],[17,-30],[-6,-54],[5,-32],[46,-68],[55,-44],[42,-58]],[[26489,52013],[-58,-59],[-26,-51],[-32,-23],[-58,-12],[-48,-21],[-53,-8],[-65,-44],[-29,-43],[0,-56],[13,-78],[-5,-59],[-43,-69],[-17,-71],[-44,-77],[-27,-23],[-67,1],[-28,-12],[-50,-66],[1,-49],[172,-65],[2,-44],[36,-14],[11,-33],[-21,-66],[-54,-84],[-37,-28],[31,-29],[80,57],[61,-59],[26,-44],[6,-40],[27,-52],[-3,-49],[21,-64],[0,-26],[-47,-17],[-37,-23],[-76,-36],[-21,2],[-93,-48],[-23,-17],[-90,-83],[-10,-84],[-79,5],[-12,46],[-44,38],[-2,16],[28,43],[41,7],[21,25],[5,67],[-65,-6],[0,-51],[-59,-88],[-28,13],[17,71],[-15,16],[-11,-78],[-66,14],[-56,27],[-17,-13],[-49,2],[-143,-73],[-31,-33],[-27,-8],[-11,-2],[-42,-47],[-71,31],[-30,6],[-45,-5],[-22,-14],[-1,-58],[50,-74],[1,-27],[19,-15],[7,-64],[22,-8],[-9,-63],[-4,-163],[-32,-28],[-62,-22],[-23,4],[-45,46],[-101,-2],[-107,-47],[-69,-14],[-117,2],[-41,-30],[0,-15],[40,-45],[21,-4],[62,-44],[112,-51],[59,-46],[26,-35],[41,-74],[36,-56],[21,-20],[42,-14],[20,-44],[84,-75],[40,-45],[54,-100],[67,-72],[33,-54],[18,-65],[74,-95],[32,-27],[87,-88],[34,-24],[39,-43],[27,-41],[59,-149],[60,-75],[50,-76],[10,-25],[5,-60],[89,-10],[38,-20],[10,-17],[5,-53],[11,-29],[49,-86],[21,-63],[39,1],[46,19]],[[26050,47873],[50,-202],[22,-71],[15,-67],[-7,-119],[37,-76],[56,-96],[-4,-63],[-48,-60],[-17,-32],[7,-56],[23,-36],[-20,-98],[-49,-93],[-32,-51],[-115,-103],[46,-48],[-10,-21],[20,-24],[-13,-18],[51,-123],[18,-30],[-3,-171]],[[26077,46215],[-45,-8],[7,30],[-6,48],[12,60],[-3,49],[-19,67],[-53,91],[-20,14],[-39,-34],[-33,-3],[-5,22],[8,54],[-104,-110],[-77,-14],[30,-85],[24,-52],[27,-10],[-1,-41],[-24,-93],[-25,-73],[-36,-25],[-43,-121],[-11,-46],[6,-55],[-49,-12],[-28,-68],[-65,-49],[-11,-42],[-21,-23],[-26,-9],[-68,-5],[-16,-16],[20,-43],[83,-54],[8,-28],[-23,-57],[2,-91],[-16,-24],[-15,5],[-46,45],[-20,-1],[-9,-24],[2,-74],[-30,-14],[-20,26],[-41,-2],[-54,-49],[22,-35],[85,-47],[1,-40],[-25,-58],[-1,-45],[-20,-54],[-38,-66],[-38,-131],[-66,-66],[-27,-14],[-55,3],[-16,-20],[-18,-67],[-91,-88],[-86,-44],[-39,-1],[-114,17],[-80,22],[-126,61],[-62,-19],[-15,29],[2,56],[-14,41],[-18,5],[-26,-19],[-10,-30],[-25,-25],[-27,0],[1,-51],[-41,-7],[-18,-54],[-24,-15],[-109,-26],[-125,46],[-115,51],[-75,-26],[-25,-1],[-48,48],[-86,48],[-51,-101],[-11,-52],[-5,-91],[8,-129],[-29,-68],[2,-33],[17,-67],[-5,-17],[-60,-80],[-23,-16],[-40,-3],[-17,-22],[19,-19],[-27,-193],[20,-74],[-24,-3],[-11,-76],[28,-35],[7,-39],[16,-18],[-12,-23],[-29,-16],[-77,67],[-100,-1],[-37,-11],[-104,0],[-61,29],[-68,-10],[-60,9],[-182,79],[-103,66],[-22,-13],[36,-53],[65,-38],[13,-35],[-45,-48],[-56,-77],[-99,-175],[-5,-35],[-55,-119],[34,-23],[-2,-58],[27,-35],[-28,-67],[45,-45],[-18,-39],[-50,-5],[5,-52],[53,-28],[-3,-32],[36,-11],[82,-8],[8,-58],[19,-4],[7,-71],[-15,-3],[1,-33],[-13,-4],[4,-44],[-82,-43]],[[22535,42446],[-6,-15],[32,-60],[9,-70],[-40,-76],[-66,-83],[-26,-64],[-24,-163],[-64,1],[-24,-13],[-16,-55],[-34,-2],[-17,45],[-41,-1],[-97,21],[-26,-24],[-194,26],[-37,-9],[-99,-159],[-72,-92],[-50,-50],[-89,18],[-33,-10],[-33,-35],[-41,-6],[-9,19],[44,47],[44,15],[78,41],[20,37],[-11,25],[-47,65],[14,57],[-29,33],[-52,14],[-55,76],[-32,79],[-25,32],[34,15],[1,76],[-35,13],[-36,44],[-61,53],[-58,31],[-16,-17],[-38,17],[1,-33],[-33,-47],[-78,-72],[-17,-31],[-57,-8],[3,-83],[-59,-3],[-172,-19],[-134,-27],[-146,-3],[-20,14],[-66,74],[-40,37],[-58,36],[-19,23],[-23,77],[-5,75],[-97,92],[2,94],[-54,111],[-9,78],[-38,35],[-93,67],[-16,-14],[-26,3],[-30,21],[-28,-3],[-27,-46],[-28,12],[10,30],[-37,5],[-21,-17],[-56,-94],[3,-43],[-17,3],[-63,-63],[-15,-51],[20,-58],[-60,-6],[-25,-47],[-14,-41],[-27,-11],[-34,11],[41,87],[-12,15],[-65,10],[-40,-21],[-34,25],[0,65]],[[19365,42601],[0,29],[-64,25],[-3,31],[-63,19],[-59,-1],[-17,10],[12,39],[53,53],[11,44],[-46,74],[-38,46],[5,36],[-65,122],[-38,35],[-75,91],[4,40],[39,51],[-4,24],[-16,-10],[-47,-56],[-15,27],[-30,-12],[-7,-22],[-38,6],[10,45],[-26,34],[16,47],[-14,12],[-24,-27],[-28,2],[-75,24],[-5,36],[-26,21],[-15,35],[107,52],[79,4],[36,10],[5,16],[-35,70],[44,25],[-58,114],[-103,-61],[-14,8],[-59,-16],[-23,68],[-123,-40],[46,-114],[-35,-11],[-30,86],[-81,-23],[-23,-19],[-50,-12],[13,-91],[-89,-48],[-23,-27],[-14,12],[-81,227],[-35,93],[-111,305],[-11,25],[-170,-32],[-25,-8],[-62,1],[-225,14],[-58,19],[-110,27],[-85,15],[-117,4],[-48,0],[-69,-28],[-154,-46],[-39,-4],[-429,-3],[-104,-79],[-429,12],[-41,0]],[[15844,44076],[-59,191],[6,84],[13,21],[117,-6],[16,350],[11,11],[112,-6],[8,-7],[-16,-354],[20,10],[50,-4],[-2,-9],[143,-6],[10,203],[40,0],[0,13],[-34,2],[-15,18],[15,294],[31,44],[45,3],[194,-12],[0,-4],[197,-12],[6,78],[-422,27],[-33,26],[13,223],[2,0],[16,296],[8,47],[90,-11],[2,-13],[39,7],[97,-12],[9,-9],[179,-27],[19,10],[14,116],[-152,20],[-271,39],[-16,10],[-10,36],[-34,11],[17,325],[37,-2],[3,49],[16,50],[45,50],[34,19],[-10,65],[-41,28],[-242,75],[-62,-70],[9,-7],[-74,-92],[-10,8],[-52,-67],[9,-6],[-73,-204],[-322,45],[30,204],[-123,18],[-30,-205],[-154,23],[-107,61],[-55,-34],[5,-13],[-58,-161],[-86,-60],[-35,57],[66,44],[22,61],[-7,16],[-44,-19],[-8,18],[-69,-28],[-23,6],[-214,-82],[-11,-29],[-124,-266],[93,-128],[18,-9],[81,-114],[-130,-277],[-2,1],[-210,-450],[-12,-1],[-181,253],[-81,-172],[200,-279],[-82,-173],[-10,-1],[-177,247],[-75,-3],[0,-7],[-164,-3],[-30,13],[-7,71],[0,432],[-92,-54],[0,-362],[-5,-17],[0,-364],[58,0],[0,65],[186,0],[117,-149],[1,-273],[-43,-151],[-12,-121],[-23,0],[-62,-306],[-7,-9],[-168,61],[-46,0],[-8,-71],[39,-27],[1,-147],[-3,-3],[-146,-1],[-3,8],[-449,-1],[-12,32],[0,101],[11,94],[-5,28],[-173,-28],[-4,28],[-173,-28],[-5,7],[232,446],[13,65],[98,407],[-2,3],[88,260],[17,95],[14,192],[66,206],[-8,24],[-63,26],[9,30],[-117,368],[-368,-33],[29,-138],[17,-116],[15,-189],[-1,-115],[-4,-80],[-12,-113],[-33,-190],[-44,-203],[-83,-320],[-2,1],[82,319],[45,203],[32,190],[12,113],[5,81],[0,114],[-14,188],[-17,117],[-29,138],[-255,-22],[-21,-6],[-421,-55],[-19,1],[-142,29],[-240,75],[-18,-4],[-58,-69],[-134,-167]],[[11435,45234],[-303,295],[-310,305],[-66,73],[-189,217],[-81,118],[-79,103],[-62,62],[-89,54],[-142,79],[-274,77],[-70,13],[-166,21],[-160,74]],[[9444,46725],[1,171],[9,268],[-10,61],[-37,137],[-95,169],[-66,172],[-21,43],[-131,111],[-36,72],[-22,68],[-37,96],[20,97],[2,120],[44,118],[-7,32],[62,220],[-33,34],[62,190],[-14,32],[-18,12],[8,20],[40,-7],[251,-6],[6,15],[23,139],[-41,13],[0,78],[16,22],[-23,53],[6,57],[-6,38],[7,38],[0,105],[36,2],[195,-8],[88,-21],[17,7],[17,56],[50,62],[-18,41],[3,19],[-34,29],[-4,18],[18,36],[-15,54],[-18,29],[-39,5],[0,46],[-94,10],[-4,22],[-4,349],[3,198],[28,240],[19,126],[49,257],[-53,8],[10,61],[10,128]],[[9664,51287],[85,-2],[144,-13],[177,-8],[193,-16],[7,71],[9,173],[18,289],[-127,13],[-164,21],[-29,-3],[-118,12],[-67,11],[-30,14],[-20,35],[5,103],[-2,78],[-16,113],[2,49],[17,80],[46,130],[-66,34],[35,68],[54,92],[3,41],[11,4],[75,135],[36,39],[80,-46],[86,133],[36,75],[13,80],[20,-6]],[[10177,53086],[9,-58],[40,-22],[77,23],[24,25],[39,12],[45,-2],[159,-30],[54,-13],[28,-24],[20,-42],[-14,-94],[12,-8],[129,-48],[39,-7],[100,-33],[25,4],[-18,-234],[16,-69],[-74,-18],[3,-125],[-15,-59],[67,-19],[125,-22],[59,-6],[110,-20],[211,-30],[123,11],[56,-14],[29,-23],[45,-3],[50,-20],[93,-6],[30,7],[71,39],[7,24],[117,-16],[64,-5],[145,-2],[-8,35],[-68,23],[-154,76],[-28,11],[-44,56],[-14,46],[4,66],[-26,44],[27,26],[0,52],[-38,65],[16,57],[-18,59],[28,45],[35,-5],[11,-22],[75,-2],[8,111],[13,49],[30,66],[70,95],[44,85],[35,41],[52,40],[133,125],[114,115],[82,92]],[[12656,53610],[213,226],[45,51],[253,303]],[[13167,54190],[148,179],[47,47],[129,150],[79,85],[216,219],[97,74],[95,48],[360,123],[164,66],[69,28],[90,47],[78,64],[55,70],[21,48],[39,119],[78,147],[83,105],[46,71],[103,142],[42,69],[34,90],[15,71],[34,61],[62,83],[58,70],[87,73],[-23,31],[-5,141],[-16,3],[-11,45],[-131,27],[-140,15],[-55,-11],[-104,20],[-18,11],[-35,75],[-32,27],[-90,31],[-3,-16],[-149,51],[-21,-73],[-38,-82],[-38,-99],[-69,-47],[-34,-147],[-74,5],[-28,-95],[-40,12],[-13,98],[-81,19],[-143,26],[-30,32],[97,141],[130,182],[105,155],[-58,27],[26,30],[6,53],[-21,63],[-73,-7],[-23,5],[-176,-2],[-15,52],[-24,1],[-44,52],[-35,65],[-56,9],[-5,55],[-21,42],[-7,41],[-36,-3],[-12,-18],[-21,65],[-14,74],[-7,89],[7,27],[-16,146],[-2,122],[-20,321],[11,50],[-20,95],[1,58],[-9,28],[79,-4],[80,2]],[[13902,58654],[36,4],[142,-3],[297,10],[39,0],[166,11],[61,-2],[0,-13],[200,21],[34,7],[13,32],[68,4],[23,-69],[19,-35],[11,-62],[17,-4],[27,-64],[32,-53],[1,-25],[55,-108],[14,-18],[-41,-34],[46,-89],[147,69],[86,31],[257,99],[163,70],[201,92],[252,131],[134,74],[324,170],[118,67],[136,65]],[[15162,42769],[-180,-258],[-530,24],[183,563],[193,598],[-9,13],[-192,9],[106,336],[32,93],[320,346],[0,-7],[124,-6],[1,24],[203,-9],[-12,-25],[247,-11],[42,-82],[30,-18],[-2,-91],[-23,-6],[-134,-418],[11,-23],[-11,-28],[-20,-10],[-52,-157],[-229,-711],[36,-9],[-11,-44],[-51,13],[-72,-106]],[[12426,42689],[-4,10],[195,374],[599,2],[4,-4],[-1,-181],[254,0],[26,121],[187,-2],[-218,-1023],[-79,-10],[-241,273],[-115,-114],[302,-440],[-101,-67],[-242,273],[-115,-114],[302,-440],[-51,-69],[-98,144],[-37,-25],[73,-212],[-58,-90],[-24,3],[-276,787],[-282,804]],[[14801,45832],[27,-84],[-60,172],[33,-88]],[[61601,22608],[9,-33],[25,-45],[68,-57],[30,-90],[32,-42],[43,-41],[-30,-61],[-31,-41],[-56,-46],[-43,-25],[-21,-2],[-144,-63],[-108,-75],[-50,-26],[-13,-15],[-42,-95],[-7,-52],[-29,-100],[-28,-118],[-31,-47],[-43,-33],[-101,-50],[-118,-32],[-58,-29],[-93,-80],[-44,-45],[-9,-54],[24,-51],[16,-119],[28,-51],[92,-104],[34,-84],[55,-72],[66,-60],[33,-23],[48,-16],[55,-46],[54,-57],[30,-65],[21,-90],[-10,-71],[-27,-72],[-39,-138],[-11,-105],[-25,-51],[-90,-91],[-7,-18],[26,-67],[2,-144],[5,-112],[68,-94],[10,-48],[0,-66],[-18,-68],[0,-49],[10,-136],[-53,-49],[-40,-62],[-35,-33],[-83,-55],[-113,-58],[-89,-21],[-111,-11],[-56,-22],[-42,-27],[-62,-26],[-128,-45],[-13,-12],[-16,-48],[-32,-66],[-64,-58],[-64,-74],[-42,-36],[-73,-208],[-5,-61],[-16,-35],[-70,-71],[-2,-37],[51,-93],[59,-84],[57,-71],[8,-23],[-147,-247],[-23,-68],[23,-272],[3,-156],[20,-196],[11,-72],[-10,-27],[-28,-36],[-20,-76],[35,-69],[17,-91],[-81,-38],[-104,-93],[-11,-58],[5,-68],[27,-146],[4,-89],[-35,-48],[-53,-60],[39,-78],[43,-61],[25,-18],[6,-77],[35,-87],[39,-32],[104,-42],[35,-83],[47,-101],[22,-63],[-8,-53],[59,-72],[34,-70],[-22,-22],[-70,-33],[2,-79],[14,-236],[-95,-52],[26,-19],[-28,-15],[28,-121],[34,-53],[99,-95],[32,-11],[38,-40],[-23,-23],[30,-45],[0,-14],[-63,-19],[33,-55],[-57,-61],[9,-38],[26,-222],[101,-32],[14,-16],[-5,-86],[-1,-107],[19,-101],[-21,-64],[-22,-36],[-1,-28],[15,-56],[41,-64],[78,-46],[60,-42],[99,-85],[43,-16],[69,-63],[34,-61],[53,-163],[15,-180],[63,-81],[10,-57],[-7,-70],[-4,-161],[4,-62],[11,-63],[13,-125],[40,-100],[72,-109],[29,-75],[-1,-28],[-21,-64],[-38,-208],[-16,-75],[-18,-50],[-20,-143],[30,-106],[-45,-99],[-22,-81],[-66,-314],[31,-49],[-50,-67],[-41,-67],[-42,-47],[-46,-33],[-46,-44],[-13,-41],[-31,-8],[17,-77],[-51,-34],[-40,-10],[-3,-20],[24,-102],[24,-62],[34,-140],[13,-71],[-4,-24],[-35,-90],[-1,-29],[-32,-38],[-31,-82],[6,-53],[17,-61],[11,-78],[-1,-37],[-205,-35],[-54,-15],[-81,-15],[-81,-5],[-157,-36],[-87,-3],[-163,-23],[-75,-15],[-94,-26],[-167,-27],[-142,-31],[-55,-3],[-219,-36],[-241,-47],[-181,-33],[-130,-19],[-90,-19],[-58,-7],[-144,-30],[-105,-17],[-181,-38],[-120,-17],[-163,-38],[-60,-10],[-91,-6],[-190,-33],[-50,-21],[-110,-23],[-73,-11],[-82,-20],[-42,-3],[-157,-51],[-81,-11],[-263,-67],[-25,-16],[-171,-36],[-222,-61],[-80,-14],[-87,-33],[-51,-13],[-80,-7],[-76,-16],[-118,-38],[-65,-17],[-121,-22],[-94,-22],[-213,-44],[-19,1],[-113,-27],[-18,0],[-212,-56],[-58,-6],[-103,-25],[-162,-51],[-111,-14],[-50,-13],[-102,-37],[-119,-28],[-141,-43],[-121,-11],[-125,-42],[-83,-12],[-141,-26],[-52,0],[-60,-9],[-122,-32],[-78,-15],[-38,-17],[-180,-42],[-87,-27],[-110,-22],[-111,-41],[-46,3],[-95,-22],[-56,-22],[-294,-85],[-67,-4],[-54,-13],[-146,-19],[-89,-23],[-31,3],[-66,-32],[-173,-58],[-71,-13],[-34,-19],[-92,-16],[-66,-38],[-51,5],[-34,-20],[-79,-11],[-85,-25],[-78,-11],[-24,-14],[-54,-5],[-63,-15],[-44,-23],[-28,2],[-49,-14],[-40,-21],[-132,-26],[-104,-28],[-23,6],[-207,-58],[-100,-31]],[[49880,6604],[-77,130],[5,37],[24,97],[18,92],[54,49],[6,19],[-36,69],[-52,59],[-17,41],[-24,102],[-54,308],[15,4],[-9,76],[-23,113],[-92,164],[-41,51],[-103,-93],[-86,-58],[-48,-14],[-296,-13],[-127,-44],[-17,0],[-67,34],[-60,15],[-52,-37],[-141,-38],[-174,76],[-213,33],[-34,17],[-93,36],[-79,9],[-66,-4],[-26,8],[-96,61],[-39,6],[-70,-10],[-58,28],[-41,30],[-170,38],[-77,5],[-54,29],[-82,105],[86,57],[-13,30],[5,64],[18,46],[34,51],[25,21],[15,56],[20,48],[51,69],[18,83],[32,63],[85,112],[13,36],[-6,58],[-30,155],[-14,28],[-50,45],[-124,85],[-15,22],[-44,4],[16,132]],[[47330,9499],[26,-9],[70,130],[24,21],[112,60],[28,10],[36,-5],[32,-28],[12,13],[-21,23],[-8,52],[5,32],[97,193],[41,76],[100,134],[96,62],[-13,28],[-25,3],[-65,27],[-142,77],[-93,39],[-34,27],[-125,62],[-63,5],[-5,48],[66,107],[174,269],[29,-3],[112,-38],[48,-11],[122,-41],[97,12],[23,20],[40,-8],[69,5],[20,-7],[31,-39],[168,-87],[6,13],[-26,23],[19,6],[41,-28],[-23,3],[-10,-20],[42,-22],[49,53],[-10,22],[-76,46],[241,573],[0,72],[-207,-1],[-22,-16],[1,-226],[-158,0],[-1,40],[-263,-2],[-41,-40],[-297,-2],[-2,114],[-150,-1],[-57,112],[-37,0],[0,168],[36,1],[0,22],[-36,0],[-4,692],[20,0],[20,35],[-1,166],[-30,-1],[-2,225],[-10,10],[-1,322],[16,0],[-1,369],[-17,33],[81,1],[2,-37],[73,1],[0,34],[32,2],[0,-16],[174,1],[15,16],[271,-1],[39,-23],[770,-5],[8,28],[1,215],[7,-7],[0,-220],[9,-12],[110,-4],[1,-24],[90,-35],[-33,-29],[-58,-7],[-1,-102],[6,0],[0,-86],[-6,-31],[122,0],[-1,-178],[35,-14],[82,-3],[3,197],[393,-5],[8,334],[340,221],[97,-130],[205,132],[152,-91],[69,34],[21,1],[41,-22],[72,86],[-75,49],[-130,97],[-42,53],[-54,127],[-29,86],[-631,-315],[-746,161],[17,79],[-649,143],[35,164],[40,115],[2,41],[-30,-12],[-36,24],[3,39],[0,142],[-10,60],[-26,86],[-4,69],[32,17],[10,62],[2,189],[-1,110],[4,98],[-31,-27],[-20,-38],[-24,-3],[4,33],[53,61],[17,39],[3,93],[-6,20],[10,50],[1,313],[6,254],[-14,50],[13,3],[2,62],[6,532],[-11,90],[6,38],[-8,96],[-18,266],[-1,122],[10,80],[12,48],[30,44],[37,0],[86,-13],[9,13],[35,-17],[69,-4],[9,16],[35,6],[59,-28],[18,53],[-76,5],[-25,-19],[18,35],[12,54],[-4,-56],[43,2],[33,22],[27,65],[34,50],[14,72],[-4,35],[16,9],[32,-13],[14,32],[246,507],[-83,52],[1,17],[-54,115],[6,8],[-102,153],[-173,103],[-22,-27],[-99,-84],[-152,-149],[-19,-27],[61,-61],[19,-5],[-32,-15],[3,16],[-37,35],[-38,15],[-59,-56],[-16,-27],[-39,-33],[-21,-28],[26,-15],[-10,-23],[-35,36],[-799,-152],[-156,506]],[[47282,18830],[30,10],[356,100],[214,61],[-28,100],[56,15],[-11,44],[115,32],[92,21],[108,3],[86,-23],[189,-100],[107,191],[31,81],[-16,132],[52,92],[287,293],[26,31],[25,0],[45,21],[53,40],[41,-11],[-6,-57],[-39,-75],[1,-89],[28,-42],[21,-4],[31,21],[29,0],[-27,-115],[-34,-68],[-60,-70],[-27,-49],[-25,-106],[49,-19],[127,29],[59,3],[37,-78],[27,-12],[186,-17],[15,-5],[69,-150],[29,-23],[73,-17],[13,-19],[79,-5],[63,3],[44,19],[13,52],[25,48],[-1,86],[16,26],[67,30],[92,28],[61,9],[65,34],[127,106],[36,67],[71,64],[104,55],[34,29],[-25,-43],[-17,-74],[-36,-71],[-52,-75],[-9,-31],[1,-52],[11,-53],[2,-48],[-7,-58],[-16,-47],[26,-49],[14,-57],[-142,-86],[-38,-26],[-36,-38],[157,-40],[57,30],[408,257],[149,90],[19,40],[62,30],[124,13],[165,84],[81,52],[34,65],[88,-5],[8,-27],[-26,-18],[7,-16],[-25,-12],[62,-107],[32,-5],[26,14],[52,61],[56,27],[27,-19],[66,21],[24,-1],[51,19],[45,-45],[45,30],[47,4],[20,16],[84,20],[21,0],[23,22],[54,3],[36,24],[73,17],[21,24],[40,6],[75,68],[36,22],[53,50],[95,73],[67,56],[-8,42],[-22,39],[62,50],[-41,51],[66,55],[12,-12],[28,18],[-10,17],[169,130],[57,40],[17,21],[31,5],[57,40],[73,-97],[38,-58],[16,6],[53,-34],[15,-27],[100,39],[23,-84],[13,-1],[2,-32],[26,3],[-3,34],[161,6],[5,-56],[-14,-3],[4,-51],[22,1],[-1,21],[76,0],[2,-29],[42,2],[0,31],[15,-30],[17,2],[-1,31],[17,-1],[3,-29],[87,4],[65,-37],[47,30],[25,43],[46,36],[30,10],[81,-2],[90,-15],[7,-34],[41,-92],[30,-58],[10,-40],[36,-58],[7,-25],[45,-80],[75,4],[95,10],[35,-38],[10,-26],[-32,-39],[15,-21],[17,14],[15,-48],[40,14],[10,-29],[-25,-46],[9,-16],[79,-12],[-38,136],[-28,70],[-61,108],[-42,65],[-77,95],[-105,119],[-54,90],[-49,111],[-32,119],[2,105],[30,85],[30,57],[35,40],[58,33],[227,72],[242,71],[100,37],[131,76],[136,63],[76,40],[89,57],[47,56],[57,59],[73,38],[100,1],[233,-29],[195,-43],[116,-22],[44,-43],[24,-7],[50,19],[37,34],[83,139],[24,53],[3,128],[-12,49],[12,73],[1,71],[8,9],[168,-6],[37,-33],[70,50],[68,27],[38,-16],[20,-34],[34,51],[-23,129],[37,37],[68,29],[-68,94],[-36,59],[-15,98],[43,16],[28,22],[-3,22],[22,23],[32,-2],[-26,33],[0,18],[24,13],[60,-15],[46,20],[40,49],[58,100],[-74,55],[-72,27],[-35,37],[-131,89],[-28,33],[-69,51],[-42,6],[-65,-2],[-47,-18],[-50,-33],[-106,-43],[-61,-33],[-59,-66],[-66,-62],[-38,57],[-32,79],[-10,72],[-25,76],[-32,44],[-83,167],[-27,66],[-45,139],[-43,86],[-86,130],[-40,96],[-98,204],[-11,36],[-6,67],[9,61],[41,97],[25,39],[36,38],[45,31],[68,27],[197,41],[47,4],[39,-7],[32,-20],[69,-19],[109,3],[82,20],[140,59],[60,35],[44,36],[48,55],[30,67],[18,54],[12,76],[89,-24],[60,-3],[33,-58],[50,-36],[92,-43],[80,-26],[51,-21],[70,-49],[50,-24],[38,9],[127,46],[33,17],[118,86],[75,8],[97,28],[117,38],[73,34],[48,33],[64,66],[48,104],[31,41],[97,97],[73,98],[42,80],[18,83],[-7,72],[-21,50],[-1,43],[16,36],[33,43],[19,66],[-6,65],[4,49]],[[58807,25459],[120,48],[57,58],[72,45],[97,15],[154,53],[80,-17],[82,5],[132,23],[24,-7],[32,-29],[99,-36],[69,12],[62,-9],[50,-14],[63,-28],[54,-45],[10,-41],[2,-90],[10,-34],[77,-32],[119,-20],[35,-18],[12,-85],[-3,-24],[-31,-46],[-58,-141],[-16,-88],[-23,-79],[-32,-77],[-7,-121],[-13,-83],[12,-36],[41,-38],[47,-24],[88,-32],[61,1],[49,13],[24,-22],[25,-59],[35,-41],[67,-51],[19,-26],[56,-24],[74,-150],[8,-28],[2,-134],[-16,-93],[34,-65],[12,-39],[-23,-63],[18,-55],[-6,-35],[-32,-61],[9,-69],[17,-63],[65,-142],[30,-45],[2,-41],[-62,-147],[99,-62],[48,4],[59,-9],[35,-14],[51,5],[63,-30],[67,-86],[61,-60],[37,-55],[35,-20],[93,-24],[30,-16],[131,-10]],[[47402,14559],[3,346],[14,-13],[107,-1],[4,387],[295,-5],[34,14],[3,328],[4,9],[158,-1],[2,-4],[202,-2],[-12,-1043],[14,-163],[-37,-166],[-791,172],[0,142]],[[44634,14643],[-4,5],[1469,1000],[1,-2],[-1462,-997],[-4,-6]],[[40265,26254],[-29,20],[-18,28],[-71,60],[-22,43],[-8,55],[-42,66],[16,51],[-7,74],[27,64],[32,48],[14,54],[52,82],[15,55],[-23,44],[-16,96],[-19,73],[-52,51],[-50,70],[-23,-16],[-94,-35],[-46,8],[-48,32],[-77,21],[-16,11],[-37,51],[-70,43],[-16,17],[-48,85],[-20,52],[-54,45],[-30,53],[-38,33],[-36,84],[31,32],[55,13],[48,34],[21,38],[30,13],[50,59],[-1,51],[13,44],[-11,45],[-44,47],[-58,-11],[-13,18],[7,71],[-3,84],[21,36],[37,27],[123,36],[70,43],[59,-9],[18,-13],[62,-7],[50,41],[-33,37],[-21,46],[-14,77],[-48,37],[-51,57],[-8,47],[-37,46],[-4,44],[-22,31],[-41,14],[-44,84],[-59,73],[-47,16],[-40,2],[-122,27],[-76,-20],[-18,7],[-67,98],[-30,36],[-52,33],[-33,5],[-61,-41],[-98,85],[-30,60],[-15,43],[-59,83],[11,87],[-23,48],[-69,19],[-50,30],[-88,-23],[-90,2],[-42,-20],[-10,17],[4,45],[29,103],[-17,20],[-61,4],[-26,22],[-12,58],[-31,22],[-39,-2],[-86,-37],[-45,-5],[-64,-46],[-19,-7],[-56,28],[-59,48],[-59,9],[-70,-3],[-39,13],[-20,50],[-20,23],[-81,0],[-65,14],[-91,-34],[-21,-48],[-25,-19],[-62,-9],[-56,-20],[-41,-24],[-44,-50],[-46,-21],[-39,11],[-76,8],[-25,-13],[-91,-66],[-72,-15],[-30,-27],[-16,-35],[15,-79],[-2,-19],[-51,-70],[-31,-59],[-19,-73],[-14,-30],[-93,-58],[-90,-33],[-59,-31],[-52,-20],[11,-28],[1,-85],[-8,-39],[-43,-125],[-45,-73],[-45,-40],[-40,-18],[-35,-53],[0,-18],[25,-45],[77,-94],[-72,-84],[-8,-37],[-22,-44],[-28,-83],[-38,-134],[-18,-21],[-77,31],[-31,4],[-34,29],[-50,-67],[-26,-43],[-31,-146],[-17,-10],[-57,14],[-194,65],[-124,34],[-108,40],[-119,93],[-85,18],[-153,-11],[-34,5],[-104,34],[-156,39],[-96,13]],[[34734,28297],[-47,3],[-148,-3],[-117,-17],[-163,-33],[-148,-26],[-66,-15],[-87,-44],[20,-31],[-63,-65],[-35,23],[-140,-180],[-95,-101],[-113,-79],[-119,-77],[-40,-45],[-61,-87],[-22,-22],[-44,-89],[-39,-61],[-43,23],[-56,-31],[-56,-53],[-47,1],[-59,-10],[-43,1],[-204,-9],[-39,-21],[-265,0],[-245,6],[-28,4],[10,36],[76,181],[10,29],[46,82],[29,67],[82,29],[-69,76],[-38,-36],[-27,22],[-74,78],[83,56],[141,120],[82,-91],[47,40],[96,94],[21,15],[66,-72],[55,44],[118,29],[66,60],[89,100],[21,101],[-40,61],[-14,38],[3,104],[-8,64],[-45,-13],[-76,122],[36,29],[-28,48],[73,56],[9,42],[24,40],[20,1],[12,132],[-20,1],[22,97],[-70,45],[-71,78],[-16,22],[35,37],[-8,19],[-40,-11],[-29,13],[1,84],[-12,15],[-87,11],[-42,38],[-35,16],[-63,5],[-69,-3]],[[32514,29510],[2,31],[-18,115],[-45,173],[-26,93],[-53,94],[-28,83],[-18,90],[3,51],[14,50],[48,106],[58,98],[164,208],[52,86],[63,121],[133,151],[78,62],[78,39],[69,25],[55,57],[34,49],[102,163],[47,64],[25,43],[-141,99],[-62,36],[-33,25],[-35,-15],[-55,21],[32,59],[-13,15],[96,81],[-130,141],[-29,5],[-1,39],[60,21],[7,18],[37,43],[114,144],[55,75],[-73,0],[-259,-30],[-70,42],[-51,39],[-15,-1],[-90,-113],[-59,-6],[-76,7],[-15,27],[-39,39],[-8,22],[4,46],[-39,50],[24,34],[27,23],[8,55],[-18,72],[-37,65],[17,9],[-57,99],[-32,26],[46,55],[-64,60],[22,24],[-50,45],[175,195],[-39,31],[178,215],[119,-95],[85,-74],[85,154],[-166,136],[-41,30],[18,38],[-17,18],[104,125],[57,61],[191,222],[47,60],[-58,48],[90,104],[-25,40],[-52,30],[81,101],[-4,6],[42,55],[-43,38],[-15,24],[2,41],[31,-8],[33,40],[22,61],[12,-7],[50,63],[16,-6],[78,99],[-36,32],[-88,54],[-23,57],[-43,59],[-41,14],[-44,27],[-31,51],[0,32],[-46,17],[11,125],[-44,25],[-163,105],[-19,-22],[-49,33],[-72,25],[-40,21],[-94,84],[-59,36],[16,101],[41,188],[58,-30],[59,90],[63,-41],[-44,-71],[90,-58],[32,28],[-16,-51],[136,-86],[31,49],[26,-17],[24,39],[41,-27],[12,17],[102,-67],[14,23],[40,-21],[9,17],[53,-7],[45,25],[61,-85],[3,38],[62,7],[0,21],[53,4],[3,109],[15,15],[44,-38],[49,-62],[68,-72],[24,-14],[-1,-22],[30,1],[45,33],[19,24],[44,103],[-34,20],[53,133],[-109,46],[-4,6],[63,209],[-106,-51],[-28,36],[-5,34],[-48,48],[4,31],[-41,24],[-34,-17],[-41,9],[-35,35],[-27,43],[-34,8],[8,-65],[-11,-21],[-24,-3],[-46,29],[-35,45],[-26,93],[11,35],[1,45],[-14,39],[-18,13],[16,98],[-67,9],[-11,22],[-58,253],[-4,60],[-33,191]],[[33138,37298],[30,217],[6,101],[16,-3],[3,-287],[15,-17],[94,-16],[257,-51],[69,-9],[10,35],[28,152],[162,-31],[76,389],[10,57],[184,-35],[38,181],[311,-62],[28,141],[168,-50],[-7,-34],[16,-30],[72,-15],[9,-45],[68,13],[82,-6],[33,10],[45,-20],[10,-178],[18,-7],[91,2],[5,-146],[8,-73],[3,-80],[39,4],[68,48],[72,2],[-16,49],[-7,53],[15,106],[12,5],[84,-23],[-10,38],[22,47],[20,-14],[50,-102],[20,-23],[-71,-50],[10,-25],[72,-110],[7,-5],[166,65],[163,58],[88,34],[52,15],[135,52],[128,28],[106,60],[79,49],[188,132],[69,68],[182,372],[7,28],[-31,79],[-60,100],[-47,89],[-52,134],[-10,83],[0,94],[-24,104],[-62,163],[-20,65],[-73,156],[-53,137],[-20,76],[-26,129],[-36,130],[-10,120],[4,59],[17,97],[2,103],[21,132],[32,62],[44,48],[95,52],[79,61],[84,81],[97,107],[100,87],[37,44],[98,92],[89,94],[45,43],[91,57],[30,5],[348,-55],[35,-3],[104,-31],[140,-82],[81,-64],[36,-34],[75,-60],[70,-33],[65,-20],[60,4],[63,66],[91,148],[59,73],[124,96],[46,45],[85,109],[54,82],[93,32],[74,12],[32,-8],[64,-71],[38,-28],[64,-1],[10,-21],[-22,-41],[-1,-39],[27,-13],[73,-126],[20,-50],[51,2],[43,-8],[65,6],[61,-4],[97,-59],[67,-13],[105,-48],[49,-17],[62,-8],[27,12],[17,25],[30,199],[28,96],[60,126],[77,120],[63,121],[40,52],[52,40],[41,1],[37,-19],[63,-83],[-10,-104],[11,-32],[46,-13],[56,28],[49,-32],[65,-67],[26,-19],[97,9],[150,67],[134,32],[13,26],[86,32],[101,53],[62,6],[41,-17],[37,-69],[52,-8],[86,5],[55,-6],[28,-31],[28,24],[39,77],[29,27],[60,4],[23,-28],[32,-114],[44,-5],[15,32],[1,63],[11,20],[52,5],[39,-10],[55,-29],[73,-22],[25,-19],[20,-35],[23,-80],[53,-85],[36,-34],[90,-22],[21,-27],[-4,-48],[-15,-32],[2,-26],[46,-36],[25,-63],[9,-46],[-8,-81],[6,-41],[-7,-70],[14,-32],[30,-23],[17,-28],[-1,-65],[32,-30],[44,4],[54,17],[62,8],[85,-11],[85,-26],[80,-10],[44,-21],[15,-21],[104,-53],[36,-2],[90,79],[93,54],[28,10],[43,-8],[48,-31],[58,-57],[-14,-61],[-24,-158],[-20,-155],[7,-91],[33,-41],[32,-10],[53,12],[25,18],[24,35],[89,86],[36,22],[47,8],[23,-5],[7,-29],[-24,-97],[-32,-52],[-9,-135],[11,-88],[45,-27],[52,-49],[20,-57],[9,-87],[21,-45],[29,-9],[96,36],[67,5],[38,11],[83,-49],[31,-5],[48,17],[36,34],[30,53],[-3,37],[-56,102],[-5,28],[18,46],[93,141],[14,53],[2,70],[11,92],[48,93],[47,38],[6,34],[-7,44],[6,29],[43,46],[8,52],[-10,11],[-91,44],[-27,23],[-46,62],[-33,28],[2,36],[34,9],[31,-7],[23,-39],[23,-12],[71,-13],[85,-33],[68,-59],[94,-19],[58,9],[32,18],[32,-40],[-3,-89],[10,-18],[71,-19],[22,3],[15,23],[38,19],[84,-8],[21,-29],[-15,-64],[-56,-47],[-23,-36],[-11,-36],[15,-48],[59,-44],[36,-39],[62,-31],[23,-2],[87,-27],[-9,-20],[50,-26],[76,-123],[58,-29],[1,-26],[21,-22],[23,-3],[49,19],[38,-34],[58,-23],[26,-25],[46,13],[101,3],[42,-18],[14,-22],[-3,-57],[27,-37],[21,-13],[24,7],[17,25],[40,10],[50,24],[108,-8],[38,27],[34,8],[93,5],[39,-19],[51,10],[71,-39],[38,-12],[39,13],[22,-33],[38,-37],[47,-29],[14,-39],[28,-10],[25,33],[49,-20],[49,0],[18,-9],[122,8],[69,49],[50,29],[43,-55],[24,-4],[40,34],[22,-1],[37,-37],[25,-51],[53,-27],[28,4],[104,100],[31,71],[15,6],[34,-19],[53,-14],[31,21],[24,57],[-19,39],[21,97],[47,-33],[67,7],[78,44],[71,-27],[41,-58],[9,-33],[-3,-52],[25,-17],[65,-7],[30,-21],[8,-26],[-30,-74],[6,-80],[60,-15],[31,-27],[106,28],[56,-13],[24,21],[119,28],[93,6],[11,40],[52,43],[22,30],[11,35],[70,-16],[33,-20],[73,-12],[7,-64],[22,-55],[-7,-41],[-33,-54],[6,-15],[46,-3],[86,19],[107,7],[57,-36],[104,-44],[40,-26],[33,3],[80,-7],[15,-8],[35,-66],[-1,-17],[-43,-119],[14,-15],[83,0],[78,10],[31,-60],[36,3],[39,22],[39,52],[52,13],[48,-24],[56,-14],[37,-67],[38,-12],[51,-2],[30,-74],[28,-23],[51,-17],[15,9],[52,101],[36,57],[27,62],[-1,32],[-16,49],[-36,43],[-10,31],[7,77],[41,19],[20,49],[16,17],[105,-43],[36,-4],[117,10],[74,11],[48,53],[31,-27],[14,-46],[66,-41],[51,-2],[88,33],[48,8],[32,-4],[69,-27],[32,2],[83,22],[56,32],[49,19],[22,0],[37,-40],[40,-25],[89,-14],[68,7],[63,15],[71,25],[195,13],[20,-4],[120,40],[53,-30],[15,-35],[-5,-38],[-53,-89],[25,-19],[90,-40],[18,-18],[-4,-54],[59,-111],[47,-112],[16,-18],[50,-7],[47,-17],[38,-32],[47,-83],[6,-58],[-39,-64],[-41,-40],[-25,-36],[-67,-65],[9,-24],[66,-45],[20,-69],[-11,-42],[-70,-46],[-13,-27],[43,-20],[66,26],[32,-1],[14,-38],[-40,-60],[-51,-55],[-22,-60],[1,-18],[38,-22],[6,-17],[-13,-31],[-27,-30],[0,-23],[43,-16],[69,-39],[38,-44],[50,-21],[21,-24],[62,-13],[72,-44],[29,-9],[18,-46],[36,-25],[34,-36],[82,-62],[9,-26],[42,-37],[9,-34],[108,-142],[24,-20]],[[53138,37245],[-37,-74],[-69,-7],[-15,-9],[5,-28],[71,-52],[56,19],[110,59],[71,13],[60,-17],[10,-17],[-12,-32],[28,-17],[-19,-29],[-52,-20],[-13,-18],[-13,-57],[-32,-22],[0,-15],[68,-27],[17,-20],[6,-47],[47,-32],[26,-44],[-11,-68],[-34,-57],[29,-26],[74,-26],[35,-32],[69,-2],[83,10],[108,-17],[52,-25],[135,-96],[46,-1],[59,8],[38,-8],[55,40],[61,18],[19,-4],[31,-40],[60,-28],[48,4],[93,-32],[37,-47],[70,-69],[7,-42],[42,-35],[-29,-44],[-21,-49],[-43,-45],[-35,-23],[-67,-59],[-23,-12],[-60,2],[-117,-38],[-73,3],[-4,-93],[-31,-87],[-31,-50],[-13,-67],[13,-29],[-15,-18],[-90,-57],[-47,-41],[-12,-42],[-23,-24],[-12,-54],[5,-59],[-16,-72],[-42,37],[-35,7],[-49,-17],[-20,-20],[-16,-80],[-23,-18],[-47,-10],[-22,-49],[-27,-38],[-89,-49],[-4,-9],[42,-32],[25,-36],[12,-39],[35,-24],[46,-13],[63,2],[38,-15],[48,-80],[31,-33],[57,-23],[78,5],[26,-4],[25,-30],[19,-46],[52,-2],[115,-60],[49,-35],[73,-10],[27,-16],[26,-51],[75,-18],[46,-29],[31,-7],[24,-23],[156,-20],[62,28],[22,-22],[-3,-67],[6,-80],[-28,-92],[-50,-20],[-49,11],[-111,-40],[-40,-6],[-71,-54],[-23,-31],[3,-62],[-16,-32],[3,-43],[-64,-84],[-11,-24],[-17,-85],[56,-23],[10,-22],[-9,-52],[-31,-74],[9,-26],[18,15],[74,32],[41,-9],[30,-49],[74,-10],[49,-30],[33,-72],[87,-85],[43,-24],[17,10],[18,50],[30,30],[47,23],[49,6],[21,-19],[10,-59],[-4,-61],[6,-40],[39,-62],[57,-32],[44,-78],[5,-28],[-11,-31],[-42,-61],[-7,-32],[-28,-54],[19,-72],[-78,-6],[-32,-17],[-56,-76],[-8,-32],[8,-56],[46,-64],[23,-46],[4,-109],[-26,-17],[10,-107],[11,-25],[48,-58],[30,-69],[31,-43],[31,-70],[0,-28],[-49,-140],[-4,-41],[-34,-44],[-6,-32],[30,-94],[9,-13],[66,-17],[7,-30],[44,-28],[51,-84],[29,-18],[58,-11],[31,-29],[82,-1],[36,-46],[8,-32],[10,-150],[66,-88],[16,-48],[-12,-58],[-32,-46],[0,-48],[80,-48],[36,-41],[41,-58],[80,-78],[15,-87],[-38,-50],[-24,-86],[51,-138],[3,-27],[-29,-128],[-16,-17]],[[55772,30013],[-25,-24],[-91,-56],[-74,-74],[-20,-7],[-80,22],[-54,3],[-73,-34],[-48,-42],[-43,-14],[-17,9],[-49,68],[-48,41],[-18,-2],[-12,-88],[-10,-19],[-123,-77],[-61,-54],[-43,-2],[-63,-51],[-32,-74],[-53,-50],[-55,-14],[-49,2],[-146,-102],[31,-43],[13,-52],[-4,-38],[5,-169],[19,-72],[-28,-60],[-15,-70],[-31,-96],[54,-80],[49,-82],[-14,-20],[-101,-86],[-62,-16],[-40,-23],[-24,-52],[-18,-89],[-112,-66],[-49,-137],[-40,-44],[-8,-66],[-16,-29],[16,-93],[0,-65],[-13,-26],[-116,-90],[-103,-26],[-12,-16],[-68,-12],[-27,25],[-43,22],[-76,23],[-70,-3],[-35,26],[-96,134],[-35,65],[-28,31],[-77,26],[-59,-17],[-65,5],[-60,-5],[-122,25],[-32,12],[-48,37],[-26,48],[-16,58],[-23,48],[-31,38],[-19,54],[-19,121],[-30,31],[-42,27],[-58,2],[-39,17],[-33,32],[-40,20],[-68,4],[-67,21],[-39,-20],[-34,-29],[-34,-57],[-27,-97],[-70,0],[-73,-24],[-81,-83],[-35,-43],[-89,2],[-44,18],[-70,-36],[-44,-1],[-54,-51],[-36,-8],[-27,-29],[-89,-52],[-20,-58],[-29,-22],[-70,1],[-69,-53],[-43,-68],[-54,73],[-14,66],[-35,43],[-35,54],[2,47],[15,67],[-29,86],[-31,46],[-57,-8],[-36,-18],[-40,-4],[-72,12],[-85,-5],[-83,36],[-72,-9],[-28,14],[-5,20],[17,60],[18,26],[21,71],[-3,32],[-29,61],[0,54],[15,78],[-24,25],[-80,41],[-3,57],[-11,44],[-32,39],[-42,9],[-58,-24],[-79,-66],[-44,-26],[-16,-38],[-61,-16],[-8,-31],[-44,-63],[-40,0],[-36,-22],[-43,-51],[-41,5],[-30,-38],[-45,-30],[-57,-24],[-17,-18],[-33,0],[-83,58],[-153,12],[-81,-2],[-40,-58],[27,-50],[-10,-27],[-84,-132],[-46,-33],[-48,-13],[-22,-47],[-42,-32],[-19,-26],[-17,-106],[-49,66],[-23,5],[-43,-42],[-29,-6],[-48,-70],[-21,-19],[-55,5],[-50,44],[-27,36],[-39,26],[-74,-18],[-45,-21],[-29,24],[-24,5],[-168,-32],[-23,-22],[-32,-63],[-90,-38],[-54,-59],[-62,-1],[-85,-38],[-36,-10],[-59,-43],[-90,-10],[-37,-18],[-48,-35],[-31,-34],[5,-49],[-13,-9],[-119,33],[-67,-37],[-20,-23],[3,-48],[-66,-83],[-44,-37],[-30,15],[-57,-1],[-25,-8],[-44,-37],[-27,-6],[-61,-28],[-42,-38],[-73,-15],[-36,3],[-16,-14],[-55,-100],[-8,-60],[-28,-26],[-32,28],[-86,65],[-62,86],[-11,50],[13,74],[-6,21],[-32,35],[1,31],[-35,56],[-56,38],[-13,46],[-32,56],[-89,48],[-16,31],[5,59],[-43,39],[-118,-56],[-28,11],[-38,-56],[-22,-22],[-55,-3],[-36,-35],[-2,-31],[-17,-35],[-3,-71],[-24,-24],[-58,-29],[-46,-12],[-57,-7],[-35,8],[-39,-18],[-35,-33],[-18,-3],[-58,22],[-27,1],[-92,-24],[-52,-32],[-36,0],[-61,-28],[-61,-15],[-68,2],[-103,30],[-61,10],[-86,1],[-27,8],[-28,39],[-52,15],[-64,37],[-45,87],[-48,64],[-39,24],[-34,63],[-56,-29],[-60,2],[-57,25],[-74,-20],[-17,2],[-60,47],[-90,3],[-39,-10],[-34,-40],[-38,-15],[-53,-7],[-51,-23],[-16,-33],[-52,-61],[-28,10],[-44,-54],[-28,-55],[-43,-33],[8,-87],[18,-32],[11,-68],[-15,-51],[-43,-88],[9,-41],[-12,-188],[-8,-38],[-21,-31],[-2,-22],[-21,-23],[-63,-17],[-61,-26],[-29,-27],[-42,-62],[-59,-67],[9,-63],[-7,-40],[-89,-73],[-63,-28],[-34,-40],[1,-143],[30,-49],[101,-192],[12,-41],[-13,-76],[-31,-65],[-19,-23],[-26,-84],[3,-48],[-44,-23]],[[43554,25660],[-18,-19],[-56,-31],[-40,32],[-82,39],[-34,27],[-24,38],[-41,20],[-49,2],[-55,31],[-32,10],[-56,-2],[-91,7],[-24,7],[-84,59],[-23,3],[-61,-15],[-58,-44],[-53,45],[-48,23],[-49,31],[-28,36],[-18,46],[-48,40],[-42,16],[-70,7],[-39,25],[-85,83],[-17,2],[-35,-24],[-86,-36],[-60,3],[-43,24],[-39,2],[-104,-23],[-59,-121],[-36,-20],[-66,12],[-26,29],[-67,10],[1,31],[-70,0],[1,37],[38,62],[-24,15],[-57,75],[-66,46],[-53,59],[-21,62],[-59,22],[-30,31],[-64,16],[-60,-4],[-84,-39],[-50,-4],[-39,10],[-27,-7],[-42,-27],[-62,0],[-65,9],[-141,-15],[-47,-28],[-158,-51],[-83,-38],[-44,-39],[-37,-3]],[[2496,62673],[121,220],[60,92],[66,91],[109,140],[76,93],[165,126],[413,337],[92,77],[102,103],[60,70],[54,70],[147,206],[109,164],[62,120],[129,243],[36,79],[129,298],[138,333],[136,347],[19,62],[154,334],[194,373],[233,430],[91,146],[159,264],[107,169],[112,216],[114,240],[49,137],[106,261],[132,347],[70,187],[111,320],[125,370],[78,222],[36,79],[64,114],[106,157],[464,516],[50,41],[137,96],[167,81],[72,19],[60,4],[76,0],[114,-9],[413,-35],[871,-69],[2,-18],[-31,-184],[-37,-119],[-51,-114],[171,-56],[109,-28],[306,-142],[100,-36],[158,-34],[307,-36],[349,-11],[227,-18],[77,-9],[242,-51],[164,-40],[260,-73],[168,-37],[138,-19],[101,-28],[165,-55],[20,2]],[[12129,69848],[3,-62],[12,-44],[106,-101],[45,-36],[71,-44],[10,-29],[-16,-106],[71,-20],[-8,-27],[-28,-5],[-10,-34],[-23,-18],[-26,-3],[-70,-48],[-84,-86],[-46,-32],[-41,-50],[-86,-64],[-8,-53],[11,-16],[61,-45],[27,-4],[19,124],[97,-12],[-6,-48],[96,21],[100,-21],[8,-57],[21,4],[6,-49],[21,4],[5,-19],[151,46],[89,4],[-39,-296],[-23,-73],[7,-56],[-10,-31],[7,-35],[-48,-102],[55,0],[14,-64],[-6,-30],[21,-31],[53,-26],[21,-26],[40,-16],[63,1],[23,-11],[31,-71],[4,-45],[45,-204],[29,-146],[5,-58],[-10,-103],[-84,-38],[-89,-35],[-129,-41],[-98,-44],[9,-30],[80,28],[60,29],[42,-5],[72,-31],[19,4],[67,-19],[166,-4],[4,-18],[84,-46],[18,21],[107,20],[74,-47],[98,-91],[61,-48],[42,-52],[28,-23],[160,-80],[21,-41],[28,-86],[-13,-68],[-40,-2],[-42,-33],[-121,14],[8,-49],[107,-11],[14,-20],[45,1],[2,-18],[-73,-78],[-28,-44],[18,-34],[-2,-25],[-29,-77],[3,-13],[80,-38],[21,-29],[-1,-47],[23,-11],[93,-1],[22,19],[78,-12],[-3,-16],[63,-38],[63,-54],[90,-70],[-1,-10],[-89,-132],[25,-29],[-26,-54],[42,-66],[65,-74],[158,-27],[26,158],[15,1],[125,-23],[24,108],[146,-30],[28,0],[-5,-120],[-15,-67],[-25,-39],[54,-27],[-2,-25],[83,-1],[54,-7],[27,-24],[61,-7],[-2,-52],[-18,0],[-11,-38],[-16,-212],[74,-14],[0,-47],[19,-14],[32,25],[65,-27],[-10,-23],[44,-24],[32,6],[17,-14],[-15,-22],[13,-16],[20,10],[90,-57],[34,6]],[[15345,65056],[-34,-42],[-75,-131],[-99,-102],[-37,-48],[-78,-60],[-15,-26],[-50,-11],[-64,-6],[-57,26],[-97,7],[-117,-2],[-54,-7],[-37,-20],[-42,-67],[-16,-13],[-35,0],[-16,-263],[-17,-135],[-6,-108],[-12,-35],[-139,-146],[-16,-39],[-71,-206],[-64,-114],[-22,-48],[-29,-125],[15,-12],[-1,-152],[-73,-9],[-77,3],[-115,-3],[-2,-108],[-152,0],[1,-13],[-103,5],[-96,-4],[-200,6],[3,-165],[-35,-31],[-27,2],[-95,-117],[-12,-33],[1,-54],[-11,-62],[-87,-4],[-17,28],[-25,2],[-4,-31],[-139,-6],[6,-79],[15,-76],[24,0],[4,-76],[14,-65],[32,-42],[102,-72],[17,-34],[39,-8],[5,-14],[-14,-81],[-13,-40],[3,-26],[80,-7],[0,-24],[-27,-1],[2,-104],[66,4],[159,35],[65,23],[67,10],[10,-17],[-21,-39],[-69,-1],[-37,8],[-20,-9],[10,-71],[79,-8],[-11,-49],[-14,-13]],[[13368,61701],[-48,-24],[-33,-35],[-18,-53],[-17,-22],[-70,-66],[-40,-30],[-36,-41],[-116,-99],[-6,-53],[-29,-8],[-14,39],[-76,-23],[-57,-24],[-48,-58],[-45,-67],[-40,-34],[12,-18],[28,9],[68,-5],[16,-12],[-7,-25],[-54,-36],[11,-46],[43,2],[41,-205],[-41,-17],[14,-73],[7,-67],[-3,-62]],[[12810,60548],[-172,0],[-28,7],[21,-111],[-51,-13],[-16,9],[-96,17],[1,-48],[-111,22],[-25,16]],[[12333,60447],[-3,91],[-50,173],[-17,41],[-39,46],[-19,9],[-39,53],[-14,51],[25,23],[-13,101],[-59,-4],[-19,87],[43,42],[-18,33],[-49,63],[-53,-20],[-19,-32],[-92,-2],[-4,61],[-57,43],[-91,-4],[-2,59],[-23,3],[-8,80],[62,2],[-8,159],[-8,3],[-11,110],[-40,-5],[14,18],[-7,50],[44,59],[7,61],[-5,67],[-65,-21],[-36,90],[-30,57],[56,24],[12,-20],[45,16],[67,58],[20,62],[-5,103],[-6,33],[-70,67],[-58,10],[-24,-7],[-137,-56],[-8,15],[-47,-15],[-5,51],[-26,-9],[-59,98],[-6,24],[58,75],[-9,16],[32,25],[-23,29],[46,18],[40,40],[-17,21],[-23,2],[-69,-19],[-85,-56],[-31,-5],[-41,20],[-26,28],[-126,-27],[-58,-5],[-15,-81],[-176,46],[-126,30],[-8,-19],[-90,25],[-8,19],[-25,3],[-27,-21],[-31,-51],[-96,3],[-61,12],[-92,49],[-34,9],[-108,8],[-22,-7],[1,-51],[-19,-36],[-131,-197],[-82,-140],[-34,-50],[-64,9],[-154,-6],[-22,-20],[-153,8],[-9,-101],[2,-76],[-185,-13],[-64,-11],[-279,-16],[-1,-114],[-221,0],[-9,-61],[-22,0],[-13,-80],[-90,-8],[8,-95],[-30,2],[15,-96],[-334,-4],[-78,0],[-140,-6],[-50,-174],[-109,23],[1,-79],[-64,-13],[1,-19],[-79,-11],[-79,7],[-3,23],[-52,9],[-134,-5],[-99,17],[-186,68],[0,32],[-67,8],[-104,25],[3,52],[-111,0],[44,66],[-22,-2],[-40,-28],[-66,24],[-100,17],[-1,97],[-39,20],[1,83],[-39,4],[-4,166],[-71,-5],[-5,39],[-109,0],[-26,-11],[10,-104],[-68,14],[-68,24],[-99,-14],[-32,-9],[-7,-46],[-117,-7],[-9,17],[-59,-32],[2,-31],[-12,-72],[-23,-54],[-41,-57],[-94,-60],[-29,74],[-15,-11],[27,-73],[-229,-130],[-29,-20],[-103,-57],[-82,-87],[-51,-69],[-24,-44],[-32,8],[-40,-20],[-11,-24],[-25,-6],[-45,26],[-41,106],[29,86],[-1,21],[-31,69],[-36,101],[-38,142],[-36,99],[-51,27],[-36,46],[-6,173],[-45,8],[-84,2],[-24,30],[-41,5],[-72,-36],[-75,-8],[-134,50],[-31,32],[-23,104],[-61,37],[-75,14],[-80,-1],[-247,55],[-112,22],[-94,-18],[-48,-1],[-209,7],[-185,44],[-53,18],[-16,18],[-3,45],[-120,26],[-68,7],[-141,42],[-6,21],[-134,43],[-80,37],[-102,58]],[[31643,64023],[21,51],[18,10],[86,23],[44,28],[28,51],[2,25],[-11,74],[-59,150],[-29,105],[11,60],[35,37],[73,48],[114,93],[27,55],[-8,111],[1,54],[98,3],[53,-14],[31,-22],[151,-71],[76,-18],[67,-3],[98,-14],[36,8],[117,-64],[40,-13],[86,-45],[27,30],[54,-3],[27,-18],[83,-4],[26,-17],[22,-42],[49,-69],[44,-7],[32,15],[62,0],[40,37],[15,-1],[65,-60],[26,-50],[91,-28],[20,-25],[64,-26],[31,0],[45,26],[21,-33],[32,-23],[94,2],[46,-8],[22,-17],[43,-70],[62,-22],[20,3],[44,42],[54,-31],[30,-83],[39,-58],[34,-1],[58,81],[31,-23],[53,-65],[42,9],[8,-13],[-3,-73],[99,-128],[43,-10],[132,-145],[96,-66],[-12,-76],[21,-40],[44,-27],[86,-44],[24,-39],[7,-58],[33,-35],[74,-37],[11,-48],[34,-76],[46,-68],[18,-80],[26,-23],[80,-26],[32,-31],[34,-13],[70,30],[32,32],[42,1],[37,17],[57,47],[25,33],[54,-26],[36,-32],[10,-47],[46,-17],[22,-33],[51,-44],[18,-4],[115,12],[26,10],[49,36],[47,83],[53,35],[73,20],[38,26],[74,35],[88,4],[39,10],[87,-32],[27,27],[30,81],[43,-33],[56,-4],[35,24],[42,7],[30,18],[9,-97],[41,-56],[7,-33],[24,-38],[20,-63],[38,-34],[83,-107],[33,-24],[35,-1],[31,-31],[1,-82],[-16,-53],[8,-38],[28,-30],[99,-44],[32,-1],[62,19],[38,-19],[51,-76],[9,-36],[-11,-73],[-4,-80],[17,-40],[101,-83],[64,-37],[41,-23],[7,-49],[28,-29],[5,-89],[-61,-46],[-60,-119],[-24,-21],[-86,-47],[-65,-25],[-25,-31],[9,-15],[91,-15],[73,0],[29,-30],[-4,-68],[7,-83],[38,-117],[18,-84],[48,-42],[45,-58],[31,-25],[60,-25],[20,-16],[44,-60],[59,22],[50,-47],[67,-37],[42,-58],[83,-82],[11,-19],[-4,-64],[8,-17],[39,-35],[56,-36],[107,-56],[36,9],[38,-6],[51,-31],[85,-16]],[[38579,60619],[-44,-57],[-62,-63],[-53,-5],[-46,-54],[-72,-8],[-57,-25],[-34,-1],[-29,-17],[-33,-43],[-30,-58],[-12,-58],[-1,-65],[24,-52],[-34,-40],[-21,-40],[-49,-14],[-47,-33],[-9,-48],[-54,-23],[-15,-20],[13,-72],[-13,-24],[-35,-17],[-14,-24],[-7,-77],[-35,-89],[7,-37],[31,-33],[8,-28],[-7,-48],[-58,-81],[-14,-77],[-54,-102],[-33,-21],[44,-99],[52,-60],[11,-74],[52,-69],[72,-54],[25,-5],[45,-43],[44,-8],[64,14],[29,-6],[60,-90],[34,-16],[-17,-53],[0,-36],[-17,-21],[-11,-65],[-31,-30],[-49,2],[-57,16],[-44,-3],[-52,8],[-17,-11],[-32,-61],[-53,-72],[-32,-27],[-79,-89],[-13,-22],[10,-64],[-12,-29],[-52,-69],[-7,-23],[-30,-18],[-36,-2],[-19,-19],[-33,-129],[-35,-34],[-11,-30],[2,-61],[-8,-23],[-49,-15],[-22,-35],[-12,-76],[-23,-42],[9,-115],[17,-77],[-9,-29],[-60,-38],[-25,-77],[7,-31],[-7,-55],[42,-38],[-4,-18],[-38,-31],[-5,-29],[17,-35],[2,-33],[-35,-62],[-3,-38],[-32,-55],[-50,-58],[-50,-14],[-19,-30],[-3,-81],[-8,-58],[-16,-22],[-104,-88],[-81,36],[-67,0],[-31,10],[-73,52],[-31,-13],[-34,5],[-42,-34],[-67,20],[-50,7],[-45,30],[-43,-4],[-53,-73],[-53,13],[-40,-4],[-21,-35],[-30,-26],[-33,-57],[-35,-26],[-65,-24],[-61,-1],[-17,-34],[-29,-12],[-74,8],[-48,15],[-19,-11],[6,-76],[-12,-39],[-28,-35],[-63,-18],[-78,-110],[-60,-25],[-22,-33],[-37,-8],[-24,-28],[-7,-31],[-34,-60],[-37,-24],[-67,4],[-33,10],[-50,28],[-24,-6],[-44,-64],[-15,-43],[-86,-6],[-31,-39],[2,-39],[22,-91],[-9,-45],[3,-49],[-12,-78],[-81,-37],[-42,-36],[-29,-10],[-46,3],[-37,-9],[-37,-36],[-69,-14],[-144,30],[-87,-3],[-37,-20],[-83,-94],[-24,-39],[-37,-42],[-37,-21],[-35,-3],[-41,-58],[-47,-27],[-73,0],[-33,-34],[-10,-96],[-24,-38],[-3,-23],[18,-33],[-1,-57],[28,-40],[-8,-54],[-42,-54],[-33,-13],[-30,-42],[-63,-23],[-20,-23],[-34,-8],[-25,-37],[-101,27],[-19,27],[-4,31],[-34,44],[-75,61],[-67,20],[-62,47],[-34,2],[-24,-22],[-47,-7],[-35,-43],[-85,-35],[-53,-4],[-69,42],[-46,17],[-16,36],[-38,25],[-27,-9],[-37,6],[-36,17],[-38,0],[-59,-25],[-142,20],[-35,13],[-73,5],[-44,-30],[2,-79],[-8,-45],[-32,-37],[-19,-68],[-73,-7],[-8,-24],[-18,-109],[-26,-33],[-1,-137],[-16,-40],[-46,-9],[-30,13],[-50,42],[-25,11],[-52,2],[-73,23],[-65,38],[-50,56],[-42,1],[-57,51],[-31,4],[-24,-11],[-51,-81],[-41,19],[-24,0],[-61,-104],[-40,-11]],[[31598,54086],[-129,3],[-105,-4],[-31,6],[-53,82],[-13,31],[-28,22],[-11,71],[-27,40],[-85,16],[-47,45],[-62,39],[-41,108],[-26,35],[41,102],[-25,71],[-45,61],[-53,55],[-20,92],[-21,54],[-37,23],[-45,-4],[-61,-21],[-76,-58],[-37,-34],[-13,0],[-58,51],[-54,-36],[-20,-1],[-10,42],[-62,29],[-36,-2],[-57,-35],[-20,18],[-21,40],[-75,82],[-54,-21],[-69,-11],[-71,24],[-91,55],[-53,60],[-42,68],[-69,67],[-25,10],[-20,27],[-11,40],[-41,50],[-50,23],[-71,58],[-26,-67],[-62,-88],[-113,-95],[-54,-61],[-53,-13],[-56,13],[-43,2],[-51,-33],[-31,-55],[-48,-28],[-48,-2],[-97,58],[-95,19],[-40,22],[-107,38],[-12,28],[-99,49],[0,49],[-119,-6],[-57,-8],[-57,48],[-13,27]],[[28187,55456],[-91,239],[152,53],[-77,228],[77,19],[-1,20],[-62,-25],[-6,83],[-47,95],[144,95],[52,28],[35,35],[34,64],[72,64],[63,45],[189,143],[61,31],[65,23],[93,42],[32,-4],[136,-57],[37,60],[58,27],[10,24],[55,52],[19,33],[21,70],[26,33],[40,10],[76,81],[75,87],[34,17],[-5,22],[-64,85],[-41,38],[-50,21],[-23,-4],[-36,-56],[-88,-31],[-67,-3],[-48,-23],[-29,-34],[-35,-71],[-33,21],[-31,8],[-6,70],[-23,-4],[-66,10],[-4,95],[29,9],[3,26],[-25,55],[-56,95],[-25,57],[-34,32],[47,26],[-31,53],[-45,109],[-31,99],[57,81],[-3,28],[-27,59],[-1,25],[15,84],[32,22],[69,67],[77,118],[34,97],[17,32],[35,31],[21,33],[9,34],[-7,80],[7,23],[43,28],[24,31],[15,60],[16,25],[66,26],[0,41],[29,33],[49,-1],[18,43],[-11,79],[35,73],[15,60],[3,137],[-7,71],[-22,64],[-23,41],[-54,62],[-162,159],[-43,68],[-21,87],[-21,1],[-23,30],[-49,18],[-18,50],[5,40],[-7,42]],[[28225,61303],[121,85],[64,74],[19,42],[87,112],[63,107],[45,35],[43,14],[68,3],[109,-20],[89,-25],[52,14],[33,-14],[88,-107],[61,-52],[70,-48],[101,-41],[58,-5],[42,3],[67,23],[64,50],[87,101],[166,181],[75,88],[102,101],[194,168],[111,134],[46,74],[131,175],[14,40],[16,84],[30,181],[1,25],[23,68],[89,132],[53,59],[70,49],[50,20],[47,34],[60,62],[48,97],[34,81],[149,108],[62,52],[32,45],[40,32],[113,49],[113,38],[43,6],[86,-2],[42,7],[39,21],[11,21],[-14,44],[-58,51],[-31,44]],[[15534,30760],[43,-61],[50,-83],[105,-150],[22,-17],[128,-173],[26,-21],[85,-27],[18,-16],[53,-90],[48,-8],[101,48],[156,-13],[94,-1],[67,-18],[67,1],[58,31],[74,74],[39,-60],[60,36],[-36,74],[136,101],[59,27],[100,-15],[34,5],[76,-21],[80,-16],[35,-12],[92,8],[55,-25],[71,-52],[103,5],[56,-23],[68,1],[48,-36],[37,-45],[55,-17],[11,41],[64,-15],[-5,-15],[75,-24],[20,-52],[100,-21],[45,17],[55,78],[42,74],[23,16],[84,23],[76,28],[62,-14],[94,-32],[38,-37],[38,-1],[34,28],[60,66],[36,28],[47,13],[64,-5],[67,-17],[44,-35],[-19,-77],[3,-37],[13,-25],[84,-69],[64,3],[30,14],[79,79],[65,41],[76,87],[319,-253],[96,111],[8,16],[-36,23],[-52,52],[-37,56],[-104,80],[-89,48],[-59,20],[-17,19],[12,23],[39,30],[20,32],[3,39],[23,116],[22,95],[-1,36],[-28,58],[-50,63],[-17,31],[16,2],[6,46],[-2,100],[9,44],[47,56],[93,77],[133,176],[-22,20],[-60,32],[-33,29],[-26,79],[36,197],[18,42],[64,50],[13,52],[78,20],[16,13],[-14,129],[8,66],[1,123],[56,87],[61,-7],[66,8],[11,32],[6,123],[62,68],[98,93],[74,88]],[[20333,32871],[81,-5],[51,-8],[12,-19],[25,1],[48,24],[28,-1],[64,-17],[125,-67],[32,-42],[48,-115],[82,-13],[100,-62],[15,-5],[73,17],[28,-16],[65,12],[97,-28],[42,5],[28,18],[23,63],[17,18],[8,73],[61,-4],[51,22],[88,-44],[92,-60],[144,-119],[108,-74],[35,-41],[-31,-74],[25,-16],[-33,-55],[-56,-154],[10,-3],[616,-58],[101,-8]],[[22636,32016],[-82,-730],[-38,-324],[-16,-175],[-12,-88],[-6,20],[-28,0],[-55,-37],[-11,-46],[16,-12],[-82,29],[-199,-201],[36,-25],[250,-206],[-12,-15],[40,-8],[-64,-295],[-51,-43],[-104,-464],[-6,-2],[-18,-120],[1,-22],[-63,-135],[-235,-553],[-383,-712],[-100,-123],[-122,-272],[224,-112],[298,-298],[-108,-214],[-214,105],[-6,-3],[-76,-373],[-146,71],[77,380],[-447,218],[-31,-59],[-539,265],[-317,-322],[-260,82],[-44,-39],[-112,-275],[112,-48],[-3,-7],[90,-31],[27,-19],[24,33],[130,133],[5,-5],[91,91],[395,-193],[-17,-429],[-376,-588]],[[20069,25820],[-471,193],[-56,27],[-229,98],[-296,120],[-109,18],[-58,84],[-52,107],[-33,17],[-40,-5],[-67,-71],[-29,-7],[-111,-51],[-48,-11],[-100,10],[-64,-9],[-138,-4],[2,105],[-44,-1],[4,-58],[-63,8],[-20,-11],[-13,13],[-9,48],[-131,2],[5,65],[-68,14],[-104,11],[-189,7],[-101,7],[-42,-5],[-2,27],[-81,18],[-9,22],[-86,25],[-286,120],[-42,5],[-41,20],[-55,71],[-32,19],[-46,8],[-80,39],[-64,-14],[-52,9],[-71,-14],[-103,-34],[-161,-31],[-162,-19],[-43,0],[-3,-37],[-114,2],[-3,41],[-68,12],[-20,-15],[-60,63],[-2,39],[-58,68],[-18,55],[-77,62],[-10,-26],[-25,9],[-41,38],[-16,48],[-28,17],[-51,16],[-56,-3],[-100,9]],[[15229,27210],[-1,49],[33,20],[-21,215],[-43,52],[-27,75],[8,78],[91,285],[42,30],[25,39],[5,31],[-5,200],[-11,102],[-16,101],[-9,31],[15,87],[25,67],[0,46],[-21,98],[-27,45],[-39,35],[-75,30],[-43,4],[-30,-29],[-53,25],[-38,-3],[-71,-18],[-34,-24],[-64,5],[-21,20],[-2,42],[-48,28],[-65,15],[-17,13],[6,57],[-34,46],[-61,-1],[-114,53],[-11,12],[9,32],[46,73],[17,38],[7,59],[18,22],[38,13],[27,20],[10,33],[6,96],[15,21],[49,29],[19,23],[29,65],[-39,60],[-3,18],[37,75],[-16,84],[1,32],[18,57],[63,37],[32,25],[-5,18],[102,111],[37,-13],[59,34],[-3,53],[11,30],[46,25],[75,50],[63,87],[145,86],[60,41],[-22,48],[57,32],[21,56],[-30,49],[1,49],[56,-79]],[[27925,68384],[75,-169],[3,-26],[-17,-41],[38,-55],[17,-77],[82,-68],[43,-25],[26,-1],[25,33],[23,61],[26,29],[61,20],[61,59],[20,1],[41,-30],[55,-20],[24,5],[34,36],[26,59],[3,27],[25,33],[40,7],[94,46],[74,21],[89,-3],[109,39],[52,-7],[54,-28],[25,-25],[43,-18],[27,-68],[-12,-65],[12,-50],[62,7],[61,-13],[58,8],[72,-37],[49,12],[30,-22],[14,-72],[15,-110],[69,-83],[18,-33],[15,-97],[9,-24],[35,-22],[60,-2],[23,-33],[-7,-27],[27,-97],[5,-46],[42,-65],[5,-75],[24,-38],[-21,-58],[-16,-10],[-83,-24],[-70,-36],[-25,2],[-37,-23],[-44,-48],[-152,-123],[-34,-23],[-20,-38],[-42,-34],[-38,-61],[-80,-41],[-3,-27],[-39,-158],[1,-35],[95,-183],[10,-45],[25,-44],[25,-79],[27,-126],[73,-78],[16,-43],[-24,-63],[0,-99],[-16,-50],[10,-14],[68,-19],[52,6],[51,-8],[99,-47],[54,-20],[49,-55],[29,-64],[92,15],[17,-1],[98,-42],[51,9],[68,-1],[80,57],[60,-7],[37,-18],[64,0],[133,-124],[20,-24],[-54,-60],[-27,-67],[-44,-42],[-3,-24],[29,-63],[3,-48],[-10,-47],[9,-24],[67,-74],[6,-29],[-11,-87],[-12,-49],[-36,-45],[-23,-88],[-47,-50],[17,-33],[82,-71],[-10,-69],[9,-104],[-2,-54],[17,-27],[32,-6],[56,3],[60,12],[63,1],[80,23],[58,-14],[79,7],[82,-10],[149,5],[44,8],[75,25],[24,-2],[51,-53],[34,-48],[48,-45],[95,-43],[66,-9],[18,13]],[[19032,59726],[350,358],[-11,22],[-73,-17],[26,120],[15,24],[68,20],[24,34],[-6,26],[11,25],[-57,-2],[-29,9],[-3,33],[22,35],[-33,173],[10,29],[-10,22],[-56,55],[-27,-1],[-96,117],[-32,51],[26,79],[75,33],[3,30],[34,29],[11,27],[-46,28],[-15,31],[23,10],[27,-17],[67,-66]],[[19330,61043],[18,-33],[-1,-23],[-45,-70],[38,-57],[33,-2],[9,35],[-20,53],[10,10],[60,18],[25,47],[6,45],[-11,66],[22,43],[34,19],[1,32],[16,84],[45,9],[24,30],[40,20],[1,38],[-30,26],[-72,12],[-29,40],[-82,88],[-65,22],[-44,32],[-9,21],[11,40],[29,11],[-14,58],[-15,19],[12,46],[-9,183],[-15,60],[1,29],[18,23],[13,156],[5,93],[12,32],[5,79],[27,5],[27,40],[23,5],[98,-14],[29,10],[40,-1],[26,29],[53,24],[93,17],[182,17],[19,-7],[34,28],[7,33],[75,20],[29,32],[2,29],[-35,86],[60,3],[30,11],[124,-3],[24,-23],[7,-33],[48,7],[30,26],[26,6],[20,22],[5,58],[-63,15],[2,43],[-25,54],[-9,47],[-23,32],[17,14],[-13,42],[-31,0],[-20,31],[-26,12],[-19,79],[54,24],[28,25],[-1,33],[-57,24],[-31,34],[15,28],[-21,19],[-25,49],[-28,16],[-15,44],[67,-32],[-31,70],[-30,-2],[-15,-15],[-27,22],[6,11],[101,94],[38,-13],[15,-17],[30,2],[48,-15],[143,-66],[110,-46],[369,-136],[58,-23],[-23,-59],[37,-15],[50,-82],[36,-25],[53,-9],[56,-21],[18,-37],[74,-8],[76,-19],[103,12],[-15,43],[-52,55],[-8,22],[78,21],[25,52],[21,19],[61,16],[39,22],[85,31],[86,5],[58,13],[65,133],[34,59],[-125,70],[-9,28],[89,62],[142,92],[62,-61],[111,-101],[85,-123],[54,-28],[40,-33],[58,-12],[79,-25],[94,-35],[143,-12],[10,5],[34,65],[58,-16],[34,26],[10,-26],[19,-1],[-4,-31],[-46,-60],[3,-65],[-16,-56],[12,-45],[80,-49],[47,1],[154,41],[35,-8],[26,15],[76,24],[51,24],[39,4],[32,-30],[59,-139],[49,-71],[40,56],[21,12],[36,-7],[46,63],[77,33],[72,43],[39,-21],[137,15],[-20,26],[13,26],[27,0],[76,56],[48,28],[53,-4],[14,15],[54,7],[29,-14],[92,-7],[3,81],[13,21],[3,39],[24,-15],[4,-35],[30,0],[1,35],[78,41],[36,7],[74,-5],[43,37],[-19,44],[-49,17],[2,30],[24,14],[46,7],[38,-54],[33,-36],[29,-104],[42,-54],[30,10],[6,16],[-29,78],[-6,55],[7,18],[38,12],[37,-10],[42,-41],[21,33],[9,85],[21,14],[22,-22],[42,-128],[41,-35],[40,5],[28,-20],[6,-98],[15,20],[-5,64],[-12,22],[-57,51],[-27,32],[-31,60],[-16,46],[9,18],[29,0],[64,-88],[113,-100],[69,-71],[34,-7],[-4,28],[-39,50],[-99,104],[-26,21],[-22,51],[4,41],[25,111],[5,48],[-16,62],[31,50],[32,-20],[53,88],[62,130],[44,13],[5,81],[-5,112],[-20,75],[-9,85],[3,37],[39,34],[17,30],[12,50],[-12,21],[-97,71],[-57,16],[-27,-12],[-3,-34],[-26,7],[-22,54],[-68,-7],[-28,41],[-97,24],[-29,-12],[-11,17],[42,67],[16,12],[54,-19],[38,-38],[212,-79],[85,-30],[35,-29],[-37,58],[7,34],[-33,29],[-34,14],[-62,40],[-10,26],[28,30],[61,-40],[73,-68],[22,3],[59,89],[13,66],[-2,27],[-25,53],[-37,2],[-42,-13],[5,-31],[-19,-18],[47,-24],[28,-30],[-12,-36],[-32,7],[-8,30],[-111,105],[15,21],[56,-39],[18,27],[-49,52],[30,27],[44,12],[22,15],[110,26],[34,0],[88,-22],[38,-16],[14,30],[1,70],[-14,22],[-32,10],[-6,25],[-8,145],[24,51],[-11,50],[-40,52],[-47,73],[8,51],[35,-2],[8,14],[30,146],[1,26],[28,44],[21,7],[84,-8],[48,19],[21,82],[-30,30],[3,40],[-105,118],[1,23],[48,45],[51,57],[5,57],[-13,57],[-35,32],[-3,51],[17,30],[51,-1],[66,14],[27,21],[175,202],[38,49],[41,68],[22,-2],[30,-24],[98,32],[55,-5],[27,14],[34,38],[40,29],[91,17],[103,50],[50,49],[60,42],[36,34],[84,68],[117,66],[34,10],[50,1],[115,29],[36,-3],[54,10],[49,38],[52,62],[-36,44],[36,97],[13,70],[19,27],[43,97],[23,24],[29,63],[27,90],[37,2],[49,-24],[34,-2],[10,19],[1,96],[7,25],[64,108]],[[27919,68375],[6,9]],[[47282,18830],[-32,106],[-10,12],[-14,66],[-176,571],[10,4],[899,308],[10,-20],[78,26],[6,16],[-11,88],[-52,1],[-11,45],[-20,16],[-1,52],[-39,76],[-48,56],[-85,-36],[82,45],[-22,36],[-23,8],[-14,32],[-3,43],[-25,-16],[22,-67],[-7,-6],[-43,40],[4,27],[-45,98],[-40,66],[-76,111],[-66,72],[-107,85],[-27,27],[-33,14],[-102,24],[-2,17],[35,59],[-7,7],[-26,-47],[-17,-16],[-7,71],[-22,-65],[-17,-3],[-69,50],[-104,108],[-56,39],[-13,17],[-34,7],[-36,24],[10,-24],[-15,-8],[-32,35],[-61,17],[9,-24],[-55,14],[-40,32],[-24,4],[-4,32],[-17,6],[-2,-39]],[[46655,21169],[4,121],[-3,40],[-19,61],[-25,17],[-73,24],[-92,89],[-3,45],[-14,41],[-72,22],[-43,22],[-4,29],[13,77],[-1,33],[-20,106],[-23,61],[-30,24],[-47,59],[-37,85],[-111,142],[-47,82],[50,18],[49,32],[44,3],[57,31],[141,24],[105,-79],[59,-19],[44,63],[21,-38],[28,11],[76,-129],[17,6],[7,59],[28,36],[65,-7],[69,26],[31,51],[34,39],[5,39],[-13,66],[-18,23],[-42,20],[-59,13],[-12,41],[13,41],[-31,35],[-53,36],[-29,49],[-50,26],[-27,126],[-25,20],[-9,56],[-52,16],[-29,35],[-4,27],[-25,45],[-53,18],[-24,22],[-111,9],[-35,10],[-30,20],[10,-33],[31,-54],[-12,-12],[-69,-2],[-46,9],[-115,9],[-33,18],[-31,-11],[-69,5],[-45,39],[-15,28],[-2,43],[-19,22],[-120,5],[-15,-3],[-91,30],[-100,13],[-90,-14],[-49,-12],[-83,31],[-27,-13],[-63,-12],[-39,17],[-31,-4],[-39,-22],[-88,-37],[-26,-23],[-9,-31],[-20,-6],[-58,38],[-111,84],[-46,31],[-86,94],[-57,48],[-9,56],[-14,17],[-66,1],[-52,-11],[-75,15],[-46,27],[-68,29],[-4,55],[-21,36],[-26,75],[-79,81],[6,46],[-32,99],[13,37],[-35,46],[-8,36],[-55,42],[-40,44],[-51,20],[-37,31],[1,51],[-43,20],[0,145],[-41,33],[-24,43],[-50,72],[-17,58],[0,46],[-29,54],[17,46],[-1,38],[-43,111],[-18,72],[-42,84],[5,54],[-23,65],[3,43],[46,90],[8,62],[-10,125],[-43,22]],[[55772,30013],[89,-70],[-1,-30],[44,-60],[34,-7],[-43,-48],[-11,-45],[-26,-51],[62,-170],[38,-73],[50,-39],[76,-22],[50,-20],[36,-28],[45,-74],[42,-29],[19,-28],[62,-39],[40,-59],[59,19],[37,0],[39,-17],[50,-5],[69,-62],[27,-15],[109,-20],[44,-46],[63,-9],[49,-63],[28,-22],[63,-2],[87,17],[46,-28],[70,4],[121,-11],[52,-31],[47,-16],[3,-45],[26,-41],[2,-36],[-12,-42],[8,-82],[16,-57],[-16,-69],[28,-69],[51,-35],[10,-53],[78,-58],[54,-4],[100,-138],[38,-64],[37,-32],[4,-54],[15,-42],[18,-13],[6,-32],[69,-83],[14,-43],[42,-53],[18,-39],[27,-14],[30,30],[19,-2],[18,-31],[-5,-46],[18,-10],[48,35],[30,-38],[-2,-69],[71,-18],[6,-40],[21,-36],[74,-87],[12,-84],[70,-239],[28,-60],[7,-43],[16,-32],[34,-28],[31,-41],[117,-192],[-14,-29],[-206,-89],[-163,-74],[16,-71],[-116,-28],[30,-52],[-44,-27],[72,-110],[-5,-8],[-96,-67],[37,-61],[-67,-42],[45,-77],[15,-49],[6,-63],[24,-27],[199,42],[28,1],[76,-74],[70,-28],[39,-47],[38,-32],[12,-35],[39,-49],[55,-30]],[[46789,20427],[-41,141],[17,116],[-45,15],[47,-6],[3,9],[-138,20],[12,3],[16,107],[-10,-107],[121,-18],[15,134],[11,38],[29,201],[-125,18],[-8,-43],[-34,-14],[-9,-29],[-36,-241],[-10,1],[42,265],[23,24],[26,9],[5,30],[163,-25],[291,-258],[137,-59],[109,-89],[96,-151],[9,-9],[99,-155],[44,-222],[-223,-65],[-2,2],[-279,-84],[-35,115],[-192,-58],[39,-116],[-65,-148],[-4,2],[63,147],[-32,102],[-13,27],[-116,371]],[[6885,55901],[85,-26],[32,2],[118,-23],[109,-38],[127,-23],[57,-6],[95,-31],[-5,-88],[71,3],[-4,-39],[10,-79],[41,1],[-7,-17],[0,-128],[-21,-16],[-25,3],[-2,-102],[73,-10],[7,-33],[39,8],[-8,-191],[159,-5],[-8,-134],[-4,-292],[2,-102],[115,-4],[133,1],[0,-32],[-29,-28],[-14,-60],[-25,-23],[-12,-30],[100,-3],[1,-40],[-18,-46],[39,-17],[3,-28],[2,-148],[-4,-87],[6,-311],[-1,-43],[-18,-49],[4,-135],[131,1],[254,-7],[108,-1],[-2,-135],[4,-25],[-17,-32],[-5,-43],[-26,-66],[7,-50],[49,-11],[-25,-111],[-9,-59],[-144,17],[-14,-19],[-23,-139],[-21,-161],[-39,3],[-1,-70],[-13,-131],[53,-11],[46,0],[76,-13],[72,-3],[18,-104],[3,-46],[-60,-38],[-74,-55],[-10,-22]],[[8446,52121],[-8,-27],[17,-70],[32,-76],[-38,-51],[-31,-27],[-25,3],[38,-88],[3,-43],[-26,-70],[-25,-24],[-70,-88],[-42,-121],[-88,-26],[-76,-6],[-31,4],[-103,-23],[-164,-16],[-31,18],[-36,5],[-36,46],[-1,37],[27,42],[1,53],[-12,-2],[-19,-53],[-143,-141],[-12,1],[-52,-47],[-76,-62],[12,-22],[-35,-61],[-38,-98],[10,-31],[-29,-72],[-4,-48],[14,-53],[41,-53],[81,-50],[26,-28],[33,-54],[18,-54],[17,-107],[8,-101],[-8,-22],[-118,-53],[3,-28],[-29,-21],[13,-24]],[[7434,50289],[-98,-39],[-91,-18],[-22,-10],[-82,-123],[-78,-46],[-139,-92],[-103,-40],[-1,18],[-25,6],[1,41],[-32,4],[1,29],[-50,-3],[-113,-18],[1,26],[-17,51],[-11,100],[-12,32],[20,11],[-22,25],[-25,64],[-29,-6],[-41,103],[24,12],[-13,40],[35,9],[-9,27],[-41,-11],[-19,49],[31,13],[-49,141],[49,19],[-33,83],[30,12],[-20,56],[59,26],[22,-4],[-4,46],[-29,84],[-32,-3],[-5,14],[24,16],[-14,35],[-79,-26],[-102,-38],[-36,-5],[-89,224],[26,24],[-41,102],[-38,-17],[-58,19],[-9,23],[27,18],[-23,22],[-25,-3],[-13,28],[-28,-4],[-19,61],[-45,-14],[-14,10],[-13,60],[0,51],[-31,102],[-34,89],[5,84],[-206,80],[-16,26],[-17,95],[-43,52],[7,72],[-17,27],[-36,23],[-83,8],[-45,-30],[-41,0],[-18,18],[12,44],[-65,17],[-4,49],[-75,48],[15,106],[-73,22],[-43,21],[-108,15],[-16,93],[0,50],[-56,10],[-186,21],[-1,19],[-110,23],[-20,19],[2,38],[-38,12],[11,95],[-49,26],[-135,53],[-163,58],[-66,16],[-34,-113],[-48,13],[-12,-30],[-59,21],[-15,-41],[-20,-22],[-96,10],[-145,21],[-9,-64],[-188,30],[-54,38],[-46,-47],[25,-76],[-91,-141],[-33,23],[-68,69],[-23,40],[-133,-6],[4,-61],[-107,-38],[-101,-40],[-23,310],[3,10],[38,-28],[75,-34],[-83,235],[-39,88],[-19,80],[25,22],[1,20],[-101,298],[-47,129],[34,21],[-5,21],[-76,200],[-8,51],[17,-5],[20,145],[14,73],[23,161],[29,175],[51,324],[197,-32],[38,-21],[60,-67],[45,31],[78,-36],[37,6],[94,36],[-6,57],[95,-4],[166,-41],[33,-15],[70,-74],[80,-149],[36,-42],[11,-1],[49,66],[29,30],[58,82],[33,29],[59,2],[66,54],[36,-4],[72,92],[51,37],[70,-35],[43,-12],[32,64],[46,-22],[-30,-82],[-45,-48],[-2,-55],[-18,-57],[-16,-112],[-9,-140],[21,-16],[73,-2],[90,5],[31,-7],[76,-32],[19,39],[11,85],[25,334],[17,-1],[218,-53],[48,-24],[29,-30],[48,-89],[2,-30],[-15,-27],[20,-106],[-7,-101],[-19,-41],[-29,0],[-38,-60],[-29,-18],[-7,-82],[11,-18],[88,-5],[3,-19],[25,-1],[23,29],[94,0],[11,-46],[42,-1],[-2,-21],[57,-4],[19,6],[19,78],[24,36],[233,-21],[8,-108],[23,-77],[72,-155],[7,-50],[-5,-29],[113,10],[112,23],[47,71],[77,23],[93,59],[16,2],[-12,170],[16,122],[15,146],[13,44],[-27,19],[-9,65],[1,48],[82,-19],[25,3],[43,76],[133,-5],[-6,139],[-41,0],[91,137],[49,61],[-39,13],[30,58],[-1,36],[-110,9],[-29,25],[13,219],[48,2],[197,21],[49,-2],[13,48],[37,-4],[7,19],[-30,23],[-3,63],[20,5],[4,76],[11,0],[6,69],[17,1],[0,39],[35,14],[6,24],[-15,14],[6,33],[21,30],[41,11]],[[22813,29798],[167,6],[105,-1],[40,5],[2,13],[74,0],[23,-6],[26,26],[41,13],[40,24],[69,29],[-5,55],[59,40],[194,108],[149,62],[27,4],[4,26],[51,28],[26,23],[189,125],[28,22],[102,47],[54,72],[43,22],[45,77],[62,-31],[47,-48],[17,17],[105,-104],[104,80],[53,57],[104,84],[45,56],[84,93],[181,177],[104,119],[202,171],[112,105],[123,100],[-9,12],[205,153],[126,88],[188,177],[61,52]],[[26280,31976],[18,14],[82,92],[60,45],[83,43],[68,52],[102,90],[81,88],[72,63],[12,-9],[26,-54],[45,-112],[37,-79],[19,-54],[-37,-54],[12,-224],[21,-52],[23,-30],[49,-35],[-1,-16],[-56,-40],[-68,-59],[-28,-32],[129,-71],[38,-12],[94,-45],[-25,-166],[-43,-249],[-20,-34],[-87,-55],[-144,-79],[-39,-13],[-87,-46],[-57,59],[-20,-13],[-153,-159],[56,-54],[-257,-270],[-76,-65],[-105,-67],[-160,-75],[-65,-53],[-131,-196],[-35,-44],[-79,-75],[-88,-119],[-76,-129],[-4,-25],[52,-37],[26,-34],[51,-91],[54,-149],[14,-63],[-1,-28],[-21,-81],[-35,-88],[-20,-37],[-16,-80],[5,-63],[11,-46],[38,-68],[71,-56],[70,-31],[25,-3],[93,26],[19,-53],[212,75],[18,3],[53,-46],[28,0],[39,-38],[-32,-33],[79,-65],[-8,-7],[68,-53],[35,41],[31,-21],[125,-97],[22,-22],[-29,-88],[71,-143],[277,126],[28,8],[190,30],[90,19]],[[27199,28265],[7,-20],[64,4],[310,-35],[-34,-36],[-31,-20],[-14,-29],[-18,-141],[-93,9],[-128,-2],[-186,-45],[-75,-30],[-89,-44],[-146,-88],[-165,-116],[-221,-176],[-61,-41],[-78,-71],[-85,-90],[-130,-123],[-49,-36],[-55,-31],[-199,-103],[-177,-70],[-94,-53],[-47,-15],[-70,-35],[-99,-42],[-113,-59],[-115,-73],[-104,-77],[-48,-42],[-99,-75],[-62,-61],[-57,-48],[-34,-39],[-72,-107],[-84,-111],[-122,-221],[-60,-141],[-50,-93],[-117,-227],[-214,-399],[-153,-280],[-86,-155],[-215,-396],[-124,-221],[-143,-269],[-34,-61],[-116,-224],[-166,-311],[-193,-368],[-353,-666]],[[22302,22062],[-319,185],[-152,0],[-76,129],[-63,102],[-197,333],[-39,62],[46,35],[-38,22],[-27,1],[37,25],[-38,22],[-48,-4],[-128,214],[-40,288],[98,53],[-27,47],[9,53],[-41,6],[-82,152],[-105,744],[93,161],[340,4],[18,2],[261,1],[32,4],[-29,142],[91,34],[-12,54],[-17,13],[-317,27],[-2,-17],[-243,21],[2,16],[-41,4],[-96,115],[991,1507],[-138,67],[-4,12],[102,203],[11,4],[217,-59],[277,-128],[38,81],[22,8],[16,34],[-8,22],[35,74],[-298,139],[-7,-14],[-88,41],[7,14],[-33,16],[460,1412],[524,-3],[12,172],[-82,4],[13,160],[-202,16],[-1,-15],[-47,3],[-11,-223],[-164,3],[4,280],[-38,0],[1,120],[40,0],[11,587],[1,149]],[[20758,22249],[-490,-374],[-3,5],[163,123],[34,431],[660,504],[176,-271],[68,46],[-608,-464]],[[23233,34142],[-3,5],[-28,283],[-4,83],[2,118],[12,80],[10,115],[-20,376],[-8,55],[3,65],[-16,207],[-7,58],[-24,79],[-48,138],[-45,200],[-46,139],[-85,228],[-17,72],[-8,129],[7,87],[38,183],[24,55],[46,76],[17,39],[40,167],[20,125],[13,118],[8,158],[0,176],[5,84],[0,152],[-33,121],[-18,91]],[[23068,38204],[5,144],[17,74],[20,34],[33,31],[76,49],[140,98],[82,65],[97,103],[62,73],[49,86],[31,75],[23,96],[-20,65],[-94,166],[-34,98],[-3,95],[15,53],[27,44],[76,103],[27,62],[38,152],[14,39],[33,56],[26,24],[77,37],[63,8],[157,-12],[106,12],[107,46],[45,43],[48,62],[83,94],[20,33],[88,73]],[[24602,40485],[96,82],[26,69],[12,129],[19,76],[19,50],[44,89],[59,84],[77,44],[37,7],[104,47],[57,32],[98,77],[120,127],[96,49],[145,53],[69,43],[79,76],[41,82],[13,42],[27,41],[106,93],[124,123],[55,76],[39,117],[98,141],[102,154],[87,78],[63,69],[57,51],[120,85],[68,17],[61,-1],[123,17],[56,14],[71,36],[39,49],[4,55],[29,108],[35,73],[41,42],[75,50],[51,39],[73,82],[12,22],[84,97],[53,71],[66,43],[22,69],[-2,68],[-20,89],[-14,24],[-34,28],[-7,60],[-13,46],[64,106],[44,55]],[[27672,44130],[78,69],[81,50]],[[27831,44249],[-11,-51],[-17,-44],[54,-27],[32,23],[11,-8],[-34,-46],[5,-10],[126,-101],[93,-80],[156,-99],[13,-2],[58,33],[67,12],[64,29],[20,3],[26,28],[151,133],[42,-40],[21,-4],[28,26],[56,-63],[28,-20],[219,31],[26,-33],[-56,-51],[31,-38],[131,-120],[53,-52],[156,-43],[48,-1],[84,-21],[40,1],[10,-27],[34,-20],[-2,-129],[-19,-151],[-7,-101]],[[29568,43186],[-22,8],[-104,3],[-89,25],[-70,-19],[-23,-84],[-38,-77],[-3,-43],[10,-33],[-11,-150],[-33,-23],[-13,-23],[6,-42],[17,-48],[1,-77],[-64,0],[-36,-7],[-120,-59],[-93,4],[-162,-118],[-13,-70],[-25,-59],[-32,-57],[-140,-170],[-36,-68],[-35,-102],[-92,-197],[-60,-110],[-59,-127],[-27,-140],[-34,-74],[-59,-71],[-50,-48],[-87,-43],[-72,-56],[20,-45],[59,-115],[26,-42],[66,-145],[56,-76],[-237,-213],[-36,-13],[57,-246],[-10,-29],[-87,28],[-53,-4],[-79,22],[-79,34],[-28,-55],[1,-18],[-36,-8],[-29,-39],[-77,-49]],[[27434,40018],[-198,-117],[-52,-37],[-83,-42],[-105,-32],[-10,-47],[31,-42],[102,-125],[6,-33],[25,-23],[4,-42],[-34,-60],[2,-9],[78,-35],[4,-63],[-20,-39],[-54,-19],[-69,-34],[-54,-56],[-63,-86],[-18,-14],[-98,-9],[-21,-24],[-36,-71],[2,-8],[77,-45],[-43,-74],[-77,-115],[-76,-56],[-189,-50],[-164,-4],[-102,2],[5,-56],[-189,19],[-212,29],[-57,4],[-32,-11],[-14,-26],[19,-34],[28,-28],[58,-3],[9,16],[64,-106],[20,-20],[-12,-32],[-41,-46],[71,-58],[7,-27],[-23,-58],[-3,-35],[-16,-31],[-8,-80],[-17,-88],[8,-80],[22,-21],[10,-49],[38,-91],[-9,-32],[-27,-28],[17,-43],[49,-39],[62,-112],[45,33],[102,56],[25,-13],[30,5],[31,-29],[10,-52],[40,-95],[86,-91],[67,65],[24,-26],[-73,-69],[41,-38],[-26,-23],[-60,-32],[-57,-48],[-79,-10],[-119,-120],[-79,-69],[62,8],[44,-26],[47,-17],[30,0],[49,20],[41,40],[26,11],[44,-4],[92,-23],[73,-44],[60,-26],[-3,-24],[29,-6],[69,5],[2,12],[74,11],[16,15],[91,-5],[138,-23],[14,51],[117,-39],[60,-17],[116,-46],[-29,-49],[107,-50],[75,-76],[46,33],[31,-13],[93,-78],[-24,-34],[121,-97],[27,8],[48,-44],[43,-3],[26,-16]],[[27889,36341],[-121,8],[-48,-90],[16,-9],[76,-10],[-48,-98],[16,-30],[45,-25],[5,-18],[-18,-33],[115,-62],[38,-92],[24,-15],[-23,-45],[39,-22],[10,-40],[50,-32],[-38,-63],[25,-16],[-39,-71],[-84,42],[-39,-69],[3,-25],[-137,-7],[-13,-16],[5,-77],[-19,-7],[-67,-1],[-28,-12],[11,-21],[51,-54],[-11,-23],[24,-8],[45,4],[7,-26],[-53,-7],[-40,3],[-23,-29],[-8,-82],[14,-31],[-61,-36],[41,-22],[82,-34],[13,-14],[-5,-44],[33,-58],[-3,-33],[38,-66],[-43,-26],[-62,-48],[22,-35],[116,63],[142,-233],[-65,-24],[11,-20],[-117,-75],[-23,-26],[52,-65],[-130,-111],[-52,60],[-28,10],[27,122],[-189,131],[-104,69],[-158,111],[-43,25],[-86,3],[-175,-6],[-17,13],[-24,-16],[3,-72],[-2,-246],[-90,0],[-22,-6],[-75,107],[-65,-94],[-28,28],[-31,-46],[-34,-33],[-42,-26],[-219,-157],[-72,-88],[-84,-61],[-177,-143],[-60,-43],[-96,-37],[18,-38],[-109,-48],[-82,-67],[-31,-38],[-31,-60],[-45,-65],[-61,-64],[-44,-33],[-54,-28],[-48,-15]],[[25262,33374],[-35,-6],[-55,85],[-3,25],[-112,-20],[-15,34],[-46,2],[-41,-43],[-236,206],[-219,113],[3,40],[35,62],[-62,78],[4,40],[-45,28],[-142,55],[-34,-2],[-28,-25],[-49,8],[-7,40],[-59,44],[-55,17],[-64,2],[-62,23],[-45,99],[-29,9],[-250,-61],[-295,-68],[-83,-17]],[[66297,63900],[2,37],[24,22],[88,-7],[71,0],[98,23],[77,-13],[35,-36],[11,-26],[-6,-72],[-12,-44],[3,-53],[13,-19],[53,-23],[47,-35],[-8,-87],[156,-223],[0,-33],[-31,-40],[-113,-62],[-165,-32],[-22,-20],[-18,-40],[-53,-41],[-8,-18],[-8,-104],[-47,-26],[-19,-55],[-13,-14],[-44,13],[-51,-15],[-46,-1],[-48,-14],[-43,-23],[-39,-66],[-89,-49],[-73,-30],[-48,-49],[-29,-17],[-75,-12],[-33,-15],[-3,-110],[13,-79],[69,-70],[24,-34],[8,-69],[-47,-62],[-11,-37],[19,-50],[51,-74],[24,-49],[12,-73],[0,-125],[-31,-60],[-21,-23],[-76,-64],[-64,-73],[-36,-36],[-39,-68],[-46,-51],[-79,-60],[-39,-40],[-56,15],[-218,-30],[-61,-68],[3,-63],[27,-94],[2,-24],[-20,-61],[-38,-59],[-28,-57],[-48,-54],[-5,-61],[-10,-39],[3,-68],[-6,-62],[9,-26],[52,-19],[49,4],[33,-36],[54,-116],[25,-71],[19,-97],[5,-135],[23,-132],[21,-71],[39,-94],[64,-76],[66,-95],[29,-57],[33,-26],[65,-20],[35,-26],[15,-67],[15,-21],[37,-22],[88,-19],[54,-74],[37,-19],[67,-7],[136,-44],[101,-65],[67,-35],[18,-34],[2,-53],[37,-36],[77,-41],[26,-26],[37,-83],[11,-56],[64,-66],[37,-51],[10,-46],[46,-21],[19,-32],[11,-45],[43,-82],[76,-6],[36,-19],[59,-47],[78,-12],[40,-26],[18,-64],[3,-111],[-10,-50],[15,-32],[70,-32],[70,-1],[14,-49],[42,-58],[15,-34],[-3,-53],[-17,-38],[8,-21],[38,-11],[43,3],[39,-11],[44,-34],[48,-21],[33,-23],[8,-44],[-22,-21],[-25,-43],[4,-45],[-23,-57],[-4,-32],[35,-69],[4,-42],[-27,-54],[-11,-44],[-31,-82],[-43,-62],[7,-75],[37,-31],[24,-48],[-10,-47],[35,-91],[-18,-80],[-36,-55],[-24,-19],[-27,-58],[-11,-41],[11,-85],[22,-20],[-2,-68],[6,-72],[-27,-56],[-7,-36],[10,-35],[43,-21],[44,-40],[-2,-25],[-27,-90],[1,-66],[24,-67],[57,-51]],[[67537,55789],[0,-12],[-38,-47],[-14,-38],[2,-79],[-25,-59],[42,-39],[-6,-76],[13,-18],[42,-24],[24,-86],[78,-48],[38,-53],[20,-46],[5,-112],[-70,-47],[-42,-64],[-20,-58],[-19,-29],[-53,-49],[-62,-33],[-35,2],[-75,-29],[-44,-58],[-18,-51],[-73,-3],[-57,36],[-13,22],[-26,-7],[-77,13],[-34,0],[-33,-14],[-3,-36],[-15,-20],[-43,-2],[-51,23],[-3,51],[-51,60],[-7,60],[-19,77],[-132,-35],[-93,8],[-27,13],[-48,-4],[-31,14],[-28,30],[-44,-3],[-39,-29],[-49,2],[-67,-7],[-55,24],[-65,-44],[-40,-62],[-53,13],[-56,44],[-46,66],[-52,17],[-91,15],[-19,-15],[-49,-63],[-19,-7],[-74,3],[-13,-29],[-42,4],[-21,22],[-12,34],[-47,41],[-29,-8],[-26,-29],[-52,-37],[-84,-9],[-46,-12],[-30,-23],[-10,-62],[-22,-4],[-36,32],[-18,69],[-22,29],[-79,-8],[-44,6],[-32,32],[-89,18],[-29,45],[-76,46],[-68,64],[-25,98],[-68,-39],[-32,-65],[-55,-29],[-7,-59],[-18,-26],[-43,-35],[-54,-8],[-34,-14],[-49,-50],[-43,-16],[-68,-52],[-22,-44],[-39,-19],[-42,-39],[-90,-41],[-25,-71],[-12,-71],[-19,-16],[-69,-14],[-77,2],[-26,-28],[-49,-30],[-39,-41],[-75,-46],[-39,-17],[-57,10],[-46,-14],[-34,-56],[-55,-44],[-36,-15],[-55,-43],[-26,-42],[-22,-17],[-33,-52],[-48,-29],[-11,-29],[-38,-28],[-65,-12],[-27,10],[-15,27],[-9,44],[-34,108],[-32,27],[-51,-10],[-32,11],[-90,5],[-13,21],[22,27],[11,74],[38,64],[37,29],[-58,60],[-100,115],[-58,42],[-39,-14],[-43,4],[-72,-19],[-108,12],[-79,-44],[-111,-24],[-59,4],[-53,-6],[-67,6],[-80,-15],[-84,43],[-44,-5],[-94,11],[-46,105],[2,74],[-10,33],[-32,46],[42,31],[7,30],[-6,101],[38,65],[62,67],[4,48],[13,37],[50,33],[7,26],[-19,56],[-5,73],[-33,41],[55,66],[63,33],[28,38],[7,47],[-10,58],[-12,9],[-110,-39],[-39,0],[-37,-12],[-33,-22],[-46,1],[-22,15],[-59,-3],[-39,35],[-42,7],[-86,-7],[-30,29],[-99,-33],[-96,-55],[-137,-56],[-27,-8],[-195,-118],[-45,-41],[-31,-8],[-23,-85],[-38,-48],[-37,-61],[-21,-82],[-25,-56],[-55,-96],[-39,-97],[-16,-89],[-15,-27],[-73,-86],[-15,-30],[-12,-81],[-31,-64],[3,-70],[55,-121],[19,-60],[3,-35],[39,-78],[-411,-546],[-237,-313],[-71,-60],[-205,-185],[-245,-242],[-197,-197],[-68,-62],[-128,-126],[7,-16],[106,-20],[61,-37],[38,-14],[49,-7],[46,-22],[43,-38],[19,-38],[24,-98],[-8,-52],[5,-28],[28,-68],[34,-57],[87,-98],[65,-56],[56,-33],[23,-29],[70,-60],[59,-10],[31,-15],[23,-31],[64,-56],[6,-14],[-41,-109],[-27,-100],[-8,-63],[3,-39],[-14,-41],[-19,-8],[-32,45],[-92,-6],[-16,-51],[-16,-22],[-13,-48],[6,-59],[-44,-60],[-55,-58],[-4,-33],[-18,-33],[-42,-25],[-27,-27],[-11,-42],[-20,-30],[-82,-41],[-72,-53],[-68,-26],[-86,-27],[-65,-43],[-36,-83],[-10,-60],[-60,-51],[-42,-17],[-83,-9],[-25,-12],[-69,-68],[-11,-31],[7,-54],[-106,-102],[-147,31],[-54,7],[-51,-13],[-122,-46],[-35,-24],[-15,1],[-50,54],[-67,91],[-74,9],[-57,19],[-52,52],[-15,25],[-52,45],[-43,17],[-89,16],[-53,-8],[-36,-41],[7,-102],[27,-88],[18,-23],[9,-46],[-6,-70],[18,-75],[-10,-99],[9,-30],[37,-25],[26,-44],[1,-29],[41,-39],[60,-18],[26,-21],[10,-32],[-2,-45],[11,-37],[29,-54],[37,-50],[-1,-39],[-27,-67],[-17,-78],[-12,-83],[-6,-86],[-42,-49],[-12,-27],[24,-51],[33,-24],[10,-36],[-15,-40],[-49,-61],[-33,-86],[-18,-69],[-46,-47],[-34,-56],[-113,-37],[-7,-17],[24,-37],[2,-49],[-16,-51],[9,-53],[49,-24],[25,-36],[-4,-43],[-32,-48],[-43,-28],[-89,-71],[-83,-26],[-32,-1],[-53,-20],[-60,-8],[-60,-28],[-60,-10],[-31,-45],[-44,-32],[-70,-15],[-105,17],[-73,-2],[-1,-75],[-36,-32],[-63,-100],[-11,-79],[-19,-36],[-104,-16],[-69,-5],[-10,-44],[38,-82],[5,-37],[-15,-69],[9,-29],[34,-27],[18,-94],[6,-98],[-26,-71],[0,-37],[-14,-82],[2,-90],[6,-43],[15,-12],[81,-6],[28,-14],[74,-91],[61,-41],[45,-86],[30,-102],[-5,-63],[-42,-74],[-36,-29],[-13,-95],[12,-54],[-2,-64],[14,-14],[87,15],[83,-6],[16,-9],[76,-85],[70,-68],[12,-91],[-11,-33],[-72,-52],[-19,-38],[29,-1],[22,-16],[30,-39],[45,-8],[84,-27],[95,-19],[133,-45],[37,-58],[1,-53],[13,-33],[33,-37],[18,-66],[43,-62],[1,-49],[41,-66],[-31,-110],[3,-40],[-14,-31],[-38,-18],[-82,-78],[6,-57],[26,-34],[95,-17],[25,-40],[41,-10],[48,35]],[[57692,44493],[-7,-50],[-21,-26],[-47,-25],[-16,-25],[-4,-52],[-15,-33],[3,-64],[48,-72],[8,-23],[-8,-33],[-56,-36],[-11,-19],[26,-107],[15,-101],[13,-44],[-5,-37],[-113,-28],[-51,-29],[-41,-13],[-42,2],[-38,-20],[-121,-32],[-41,-42],[-12,-64],[-34,-58],[-53,-35],[9,-125],[-11,-20],[-64,-38],[-34,-10],[-11,-15],[5,-45],[-6,-40],[-34,-46],[-64,-30],[-17,-23],[-11,-47],[-58,-33],[-23,-70],[-56,-40],[-68,-82],[-24,-44],[-53,-21],[-42,35],[-86,-9],[18,-44],[8,-47],[-9,-28],[31,-61],[-13,-140],[14,-33],[84,-39],[50,-38],[15,-37],[-3,-76],[12,-75],[-30,-59],[8,-38],[-40,-121],[-64,-109],[-30,-30],[9,-88],[-29,-105],[40,-138],[17,-12],[95,-15],[33,-33],[61,-36],[38,-46],[25,-91],[25,-27],[17,-61],[34,-29],[4,-56],[-8,-33],[51,-68],[-21,-65],[20,-72],[-21,-41],[-42,-24],[-27,-36],[-44,-15],[-45,-1],[-33,-19],[-64,-64],[-11,-42],[12,-34],[-2,-28],[-31,-28],[-104,6],[-58,-29],[-81,-49],[-33,-55],[-122,-118],[-12,-18],[10,-73],[-7,-55],[12,-58],[15,-28],[-1,-72],[18,-46],[-43,-30],[-11,-28],[-4,-90],[5,-14],[37,-3],[24,-91],[4,-44],[-17,-31],[-38,-8],[-14,-18],[-5,-97],[11,-96],[-22,-78],[0,-65],[-6,-62],[18,-77],[15,-42],[30,-130],[-25,-25],[-24,19],[-16,45],[-44,51],[-15,51],[-19,17],[-15,38],[-31,13],[-52,-2],[-19,-21],[-37,1],[-187,26],[-15,-29],[53,-43],[21,-58],[-2,-54],[9,-55],[-16,-10],[-72,23],[-25,17],[-134,31],[-68,44],[-23,36],[-43,45],[-20,45],[-54,69],[-37,-1],[-29,-23],[-62,-27],[-40,3],[-53,-16],[-20,16],[-30,64],[-51,-3],[-5,64],[-44,33],[-34,-3],[-52,-34],[-67,-11],[-18,-30],[-19,-7],[-60,-91],[-38,-17],[-26,-59],[-42,-37],[-35,-59],[-65,-56],[-50,-14],[-81,-6],[-72,-34],[-69,-50],[-45,-7],[-34,30],[8,56],[-26,25],[-25,-21],[-35,-125],[-8,-46],[-21,-60],[36,-81],[10,-132],[-130,-55],[-25,-34],[-83,-28],[-6,-66],[-35,-6],[-10,-44],[8,-58],[-27,-53],[-30,-38],[-8,-37],[-24,-18],[-13,-58],[27,-64],[-12,-54],[22,-68],[22,-37],[0,-28],[-55,-33],[-28,-51],[-103,-47],[-78,-5],[-99,-20],[-37,-19],[-63,-44],[-54,-46],[-63,-29],[-31,-24],[-11,-49]],[[33138,37298],[-40,219],[-14,67],[-65,187],[-20,46],[-20,78],[-56,148],[-69,136],[-33,76],[-43,9],[-43,69],[-42,85],[-28,36],[-68,47],[-49,43],[-19,-4],[-82,-125],[-51,-54],[-82,-23],[-51,8],[-19,-17],[-42,-6],[-49,7],[-37,-16],[-32,-28],[24,-41],[-31,-26],[-57,88],[-49,-39],[-35,-49],[-31,17],[29,54],[47,34],[-27,9],[-51,-11],[-56,22],[-9,17],[94,165],[69,-8],[48,18],[47,52],[66,15],[61,61],[-13,30],[-19,12],[7,55],[-54,18],[-170,76],[-99,-63],[-39,-15],[-183,-42],[-152,-1],[-35,5],[-53,19],[-37,1],[-164,30],[-25,-22],[-88,68],[-1,113],[-5,18],[-43,-14],[-18,66],[-17,-4],[-58,40],[-60,5],[-89,-111]],[[30808,38948],[-52,-52],[-114,-79],[-92,-36],[-44,-11],[-67,-6],[-84,5],[-95,24],[-114,168],[-37,68],[-20,16],[-54,19],[11,99],[-47,42],[-37,15],[1,20],[36,56],[22,23],[44,23],[-1,29],[-46,-8],[-4,16],[22,48],[2,67],[53,80],[-50,44],[-35,3],[-48,57],[-61,-15],[9,-20],[-12,-53],[-29,23],[-47,-76],[-9,12],[-79,-76],[-50,-57],[-62,-81],[-8,-26],[19,-67],[-1,-68],[-17,-12],[-77,23],[-21,-4],[-48,-38],[-56,-75],[-25,-10],[-30,10],[-21,-48],[-46,-37],[-43,3],[-28,-22],[-31,0],[-28,44],[-30,-6],[-13,-23],[18,-31],[-5,-24],[-39,3],[-72,50],[-50,48],[3,55],[-92,81],[-47,31],[-90,26],[-95,2],[-177,35],[-19,-49],[5,-23],[-45,-59],[-17,-38],[-25,-21],[-72,-5],[-51,-12],[-107,4],[-31,-14],[-48,2],[-2,28],[33,49],[70,43],[47,18],[35,35],[11,51],[-11,13],[-69,16],[-57,21],[-70,33],[-51,61],[-28,62],[-46,67],[-81,55],[-79,2],[-2,20],[38,4],[9,29],[-1,128],[11,67],[-7,13],[-89,22],[-184,78],[-101,63]],[[29568,43186],[16,-16],[40,6],[23,-21],[-11,-32],[127,-131],[15,-4],[80,106],[61,-24],[38,-7],[-20,93],[23,21],[63,-33],[10,9],[61,96],[16,0],[70,-51],[42,43],[46,37],[129,62],[24,-60],[12,-3],[96,25],[81,28],[23,-39],[48,15],[11,-13],[65,41],[49,66],[1,29],[-25,83],[-11,59],[-6,89],[41,-36],[30,-11],[87,-65],[35,-9],[98,33],[51,-10],[43,6],[38,-43],[63,-29],[43,-6],[59,8],[40,-62],[58,3],[33,-21],[46,-4],[81,-34],[32,9],[11,107],[36,40],[60,19],[61,29],[127,108],[24,31],[48,14],[75,67],[18,36],[16,89],[40,70],[29,99],[9,127],[-44,100],[-17,68],[-29,56],[-32,92],[8,43],[64,95],[11,70],[-5,55],[42,43],[12,43],[-4,144],[28,106],[60,65],[-10,96],[31,95],[46,74],[-25,44],[-42,27],[-11,24],[33,15],[13,43],[42,36],[18,84],[26,30],[52,32],[38,78],[27,103],[41,48],[62,84],[116,132],[44,-15],[60,32],[15,119],[18,33],[9,88],[49,72],[12,31],[-62,29],[-56,6],[-46,38],[-9,63],[29,46],[57,51],[49,78],[20,51],[-4,27],[-33,68],[-7,36],[-51,89],[-31,36],[80,10],[27,29],[9,48],[60,37],[60,17],[60,-1],[17,14],[17,79],[22,162],[39,85],[11,103],[10,15],[32,-8],[34,-24],[12,6],[9,96],[62,90],[32,85],[5,30],[-8,114],[17,40],[55,77],[86,39],[59,35],[65,16],[61,1],[47,-19],[28,12],[6,54],[26,30],[114,74],[98,8],[103,-2],[4,74],[-41,1],[-2,60],[31,35],[-48,83],[-39,116],[-25,57],[-36,50],[-83,30],[-111,35],[-16,38],[-47,25],[-75,17],[-38,2],[-73,32],[-36,-5],[-82,7],[-44,61],[-111,127],[-51,48],[-11,71],[-47,114],[-45,63],[-84,68],[-32,18],[-56,-1],[-26,27],[-48,-2],[-38,-20],[-73,-71],[-36,-26],[-36,-15],[-87,-60],[-25,41],[-27,74],[-79,24],[-27,30],[-38,18],[-47,-12],[-64,-2],[-37,17],[-53,188],[-15,60],[-9,74],[-14,69],[-44,60],[-23,65],[-40,40],[-57,20],[-33,31],[-104,120],[-76,108],[-34,61],[-6,24],[23,150],[4,66],[-12,20],[-54,0]],[[31733,50985],[9,56],[44,41],[32,49],[3,113],[-7,82],[-17,89],[-48,87],[27,29],[8,54],[15,26],[-23,26],[-7,53],[-20,38],[-26,77],[0,81],[19,17],[5,53],[-14,31],[-52,48],[-34,55],[-16,13]],[[31631,52103],[-38,34],[-34,73],[2,73],[-26,44],[-8,51],[19,27],[4,55],[19,25],[2,95],[-36,25],[-3,15],[40,38],[15,25],[18,67],[-30,19],[-10,23],[42,60],[19,41],[3,35],[-6,69],[-24,22],[-65,22],[72,101],[56,40],[10,34],[-8,91],[7,58],[42,32],[-6,37],[3,50],[21,37],[-6,48],[-45,14],[-39,33],[1,20],[36,32],[22,42],[-1,68],[40,47],[-3,25],[-42,16],[-14,76],[-36,50],[-46,94]],[[38579,60619],[44,35],[10,45],[18,29],[40,23],[51,-23],[69,-3],[21,-9],[94,-8],[44,-16],[64,-4],[90,4],[19,-4],[79,-45],[90,-88],[19,-5],[27,-30],[29,15],[71,65],[5,34],[24,15],[19,-7],[22,-32],[22,-2],[33,89],[-4,80],[6,23],[39,38],[50,5],[73,-9],[22,-9],[28,-40],[20,-65],[22,-42],[44,-15],[54,37],[49,89],[29,168],[22,41],[-24,22],[-7,26],[42,65],[24,18],[74,11],[37,18],[17,39],[0,58],[73,23],[38,-34],[51,27],[33,-11],[26,-32],[25,-8],[90,21],[69,-9],[51,21],[34,-10],[26,-57],[87,4],[37,23],[17,34],[52,64],[16,5],[26,-39],[-20,-201],[5,-70],[29,-86],[11,-8],[122,9],[92,48],[32,48],[66,58],[27,42],[22,16],[93,38],[42,47],[19,47],[21,27],[49,28],[23,45],[18,10],[84,4],[66,-3],[54,-13],[28,2],[22,18],[32,53],[-8,64],[44,127],[70,71],[42,23],[80,30],[49,-1],[94,-62],[57,4],[37,56],[43,-28],[25,-39],[20,-13],[42,5],[35,23],[44,103],[54,31],[31,43],[8,26],[-10,34],[-40,23],[0,89],[43,10],[53,24],[29,-35],[23,-13],[53,-9],[53,7],[142,2],[76,14],[56,62],[60,36],[6,27],[-8,47],[8,16],[65,23],[18,20],[14,84],[20,34],[46,27],[55,-5],[94,4],[70,-27],[36,-2],[16,13],[9,208],[23,17],[68,-26],[42,-33],[38,7],[73,60],[5,21],[-19,165],[-32,78],[-55,52],[61,126],[39,28],[6,19],[-59,30],[-11,27],[8,47],[38,71],[38,45],[71,31],[26,115],[22,40],[62,22],[98,24],[65,43],[53,8],[117,49],[35,2],[26,-21],[79,0],[18,-10],[36,-45],[31,-8],[54,19],[35,38],[93,119],[45,-1],[5,53],[11,32],[27,40],[34,109],[53,10],[50,-32],[19,-34],[-10,-78],[36,-38],[65,-40],[49,-11],[34,17],[89,25],[51,-51],[19,-9],[56,2],[54,-14],[18,4],[16,44],[47,44],[59,-38],[193,41],[33,-2],[134,-49],[60,34],[76,-26],[24,18],[87,11],[125,78],[34,42],[28,12],[55,-4],[26,11],[33,-7],[6,-42],[55,-69],[64,-5],[156,75],[49,3],[23,11],[41,74],[54,-30],[57,30],[19,1],[71,-50],[16,-1],[35,45],[57,12],[100,39],[39,6],[-16,-51],[16,-82],[45,-49],[74,-18],[12,-37],[28,-31],[28,21],[76,-52],[39,16],[25,-10],[15,-37],[18,-17],[137,-74],[44,-8],[123,-47],[40,-36],[59,10],[106,-89],[20,-10],[72,-3],[23,-12],[132,-131],[35,-42],[45,-18],[23,-35],[9,-50],[51,-33],[29,-31],[73,-6],[62,21],[29,-1],[41,-39],[57,-26],[70,-106],[30,-11],[56,-3],[59,-30],[-22,-19],[-54,-88],[10,-21],[28,-5],[41,23],[49,42],[82,-8],[24,-18],[20,-39],[30,-21],[42,-88],[27,-29],[61,-42],[92,-23],[16,22],[-8,43],[-27,59],[17,6],[194,-69],[47,7],[80,-32],[19,-54],[14,-8],[64,-2],[89,-36],[41,-60],[3,-79],[8,-17],[61,-40],[19,-26],[-4,-50],[-57,-65],[-16,-67],[-18,-21],[-96,-52],[-86,-60],[-68,-61],[-37,-75],[-48,-33],[-45,-84],[-5,-29],[51,-61],[55,-10],[44,-135],[43,-90],[32,0],[58,34],[87,24],[15,-9],[19,-106],[-5,-33],[-19,-27],[-75,-51],[-31,-30],[-3,-26],[38,-77],[71,7],[73,-1],[27,-8],[29,-30],[35,8],[48,40],[40,-3],[24,-19],[7,-35],[25,-16],[58,-9],[39,5],[63,33],[117,100],[33,-24],[49,-22],[119,29],[46,16],[81,58],[58,14],[25,14],[61,61],[46,10],[110,11],[45,39],[24,7],[84,-5],[122,-16],[89,9],[74,-22],[62,-8],[50,-15],[17,9],[88,121],[61,108],[117,31],[40,-8],[58,-66],[49,-76],[14,-57],[25,-46],[56,-80],[37,-24],[63,10],[21,-52],[40,-15],[55,-7],[42,4],[71,42],[62,55],[134,32],[42,-8],[30,-40],[77,-55],[19,-30],[14,-75],[16,-130],[-2,-64],[24,-84],[13,-96],[13,-56],[39,-56],[7,-55],[-84,-218],[-37,-63],[-47,-20],[-46,-38],[-59,-28],[-22,-23],[2,-33],[25,-31],[37,-18],[84,-56],[47,-54],[2,-36],[-31,-52],[0,-14],[37,-72],[36,-108],[39,-76],[67,-66],[55,-37],[38,-7],[113,3],[232,-6],[117,-15],[109,38],[118,63],[132,58],[52,12],[42,-15],[41,-84],[76,-130],[30,-33],[58,-40],[46,-8],[76,13],[75,-24],[71,-60],[13,-39],[1,-151],[14,-31],[35,-18],[54,8],[30,28],[153,114],[160,129],[45,31],[67,78],[49,78],[40,29],[42,4],[43,-25],[74,-97],[53,-101],[36,-98],[58,-231],[15,-31],[142,-108],[55,-75],[18,-54],[28,-190],[34,-110],[47,-87],[70,-78],[49,-30],[35,-4],[38,-29],[10,-19],[10,-74],[12,-49],[34,-49],[60,-25],[84,7],[107,41],[76,16],[144,48],[61,38],[93,131],[25,57],[16,113],[39,124],[19,35],[38,32],[52,-2],[63,-27],[62,7],[17,24],[-2,130],[19,120],[21,56],[23,16],[131,10],[106,-14],[70,16],[110,55],[47,20],[119,16],[42,21],[41,64],[49,143],[26,88],[57,104],[30,67],[14,17],[40,9],[51,-2],[28,-11],[98,-56],[71,-24],[46,-1],[166,38],[49,18],[57,39],[48,45],[35,61],[20,61],[13,85],[15,57],[14,20],[102,91],[70,95],[25,23],[42,-3],[52,-54],[58,-43],[44,-14],[55,10],[87,71],[55,57],[55,77],[26,98],[15,33],[35,51],[32,36],[83,61],[23,35],[96,174],[22,15],[86,22],[145,31],[142,37],[84,46],[54,48],[5,111],[27,41],[31,23],[106,21],[142,11],[39,14],[112,64],[149,64],[39,11],[111,-34],[76,-12],[138,3],[32,9],[68,58],[13,41],[-8,51],[-30,54],[-43,37],[-32,59],[-4,54],[7,53],[29,44],[19,2],[270,-53],[112,-37],[127,-24],[54,2],[53,47],[24,77],[8,72],[-4,105],[16,16],[102,-9],[61,-19],[39,6],[26,18],[78,121],[44,34],[164,53],[63,44],[18,24],[2,38],[-16,39],[-58,48],[-13,75],[16,38],[103,119],[54,49],[37,61],[32,22],[97,-9],[51,-13],[63,-50],[39,-11],[59,-55],[29,8],[8,131],[-9,72],[-30,68],[-12,46],[3,106],[-25,94],[-25,66],[-60,139],[10,63],[-7,58],[11,29],[27,0],[34,-17],[14,36],[19,15],[40,-1],[47,50],[23,9],[49,-17],[48,-1],[54,-12],[91,31],[199,-1],[128,-16],[38,-17],[2,-46],[22,-48],[30,-29],[48,-30],[41,-15],[94,6],[11,-6],[48,-70],[16,2],[42,64],[68,-43],[19,16],[13,43],[17,-3],[61,-44],[82,-4],[107,12],[78,-58],[99,4],[50,-21],[64,-37],[57,16],[49,37],[77,30],[57,10],[75,-9],[49,30],[99,123],[104,82],[26,10],[44,-1],[98,-18],[122,-30],[138,15],[90,14],[23,-5],[59,-46],[77,-20],[36,4],[66,-9],[29,12],[1,26],[-30,20],[-3,50],[-48,46],[-9,48],[8,22],[56,54],[5,26],[-13,32],[37,14],[9,58],[-6,54],[5,67],[-6,21]],[[32514,29510],[-9,-39],[-57,-123],[-88,-166],[-60,-61],[-101,-85],[-9,-14],[-72,-61],[-100,-101],[-60,-52],[-146,-146],[-55,-46],[-63,-37],[-139,-71],[-173,-102],[-110,-68],[-134,-57],[-230,-36],[-285,-39],[-116,-7],[-166,-2],[-147,15],[-203,5],[-120,-9],[-163,-19],[-264,-23],[-90,-11],[-59,-3],[-3,115],[-7,78],[-15,102],[-2,132],[-8,87],[-28,75],[-15,90],[-6,133],[-7,37],[-45,155],[-2,101],[9,40],[51,101],[21,75],[56,36],[91,81],[30,60],[33,36],[28,146],[5,81],[57,73],[50,50],[-62,13],[-29,-2],[-61,16],[-24,-14],[38,86],[53,142],[-61,29],[-108,42],[-17,-41],[-107,55],[-40,17],[-27,-64],[-111,-280],[-81,-192],[-50,-23],[-27,-21],[-45,-58],[-67,-72],[-44,-35],[-58,-36],[-146,-77],[-121,-75],[-23,-18],[-122,-118],[-74,-60],[-94,-53],[27,-43],[13,-58],[65,-71],[5,-35],[-29,-82],[-31,-32],[-94,-38],[-46,-24],[-28,-47],[22,-28],[-61,-78],[-56,0],[-42,17],[-17,48],[31,82],[-101,44],[-37,-86],[-36,10],[-128,22],[-49,0],[-126,-260],[-40,-46],[-78,-138],[-45,-89]],[[26280,31976],[-174,-67],[-129,-68],[-18,11],[18,67],[-82,24],[-22,-5],[-36,23],[-80,-48],[-28,-23],[-12,18],[16,12],[-80,201],[-53,45],[-221,160],[-4,47],[-17,3],[-8,68],[8,80],[-8,17],[29,89],[35,49],[3,84],[-10,34],[7,47],[-16,28],[20,64],[-12,113],[-8,41],[-72,86],[-91,88],[41,45],[0,28],[-14,37]],[[27889,36341],[132,2],[5,-42],[47,-10],[6,-84],[148,14],[45,28],[52,19],[93,48],[14,-1],[109,52],[155,0],[138,-39],[31,-4],[80,-28],[30,-22],[164,20],[-14,96],[48,13],[150,90],[14,32],[-88,160],[-6,18],[128,14],[59,14],[187,28],[92,5],[36,-13],[54,55],[62,7],[6,9],[-41,135],[-25,103],[-24,16],[24,52],[-43,19],[-3,48],[-14,32],[-10,136],[57,-21],[52,144],[-117,66],[15,43],[-43,62],[-4,105],[-8,22],[11,45],[40,31],[57,30],[12,34],[73,35],[63,38],[41,6],[100,-13],[60,35],[52,17],[89,11],[0,45],[53,5],[15,16],[-1,58],[4,160],[30,-1],[0,33],[114,5],[35,-49],[30,53],[31,-1],[70,95],[67,30],[60,66],[76,151],[16,38],[-57,30],[-15,19],[62,68],[0,23],[-62,51]],[[34734,28297],[1,-126],[-10,-66],[10,-81],[20,-47],[4,-42],[51,-54],[22,-56],[11,-76],[86,-82],[22,-26],[-27,-33],[-51,-34],[-121,3],[-86,-20],[-46,27],[-113,-9],[-4,-43],[34,-13],[15,-60],[-2,-78],[39,-120],[15,-15],[104,21],[2,-20],[-15,-65],[-20,-135],[-17,-88],[21,-65],[-2,-24],[-34,-5],[-55,-38],[-8,-32],[-23,-28],[-45,-4],[5,-53],[-10,-25],[-64,-87],[-18,-47],[-73,-121],[-32,-12],[-43,52],[-15,27],[-26,7],[-58,-19],[-70,5],[-17,-29],[-126,-45],[-27,-72],[-80,67],[-33,48],[-37,37],[-50,0],[-44,-14],[-49,12],[-42,35],[5,28],[-8,62],[-20,23],[-42,20],[-36,35],[-54,74],[-36,13],[-27,-22],[-2,-23],[25,-34],[64,-39],[4,-21],[-33,-2],[-33,16],[-35,37],[-17,33],[-9,48],[-35,-4],[-9,-46],[-46,-30],[-11,-26],[6,-24],[34,-42],[82,-51],[-2,-25],[-49,-8],[-52,28],[-20,-39],[14,-20],[46,-21],[31,-44],[46,-9],[99,-66],[-4,-17],[-49,-2],[-67,-13],[-98,99],[-50,22],[-33,27],[-66,5],[-39,14],[-29,-6],[1,-24],[33,-53],[41,-23],[4,-19],[-25,-61],[-24,3],[-22,38],[-15,77],[-13,1],[-31,-30],[-15,-34],[-8,-67],[-39,-17],[-5,-16],[-2,-91],[-8,-56],[-35,-74],[-33,-20],[-39,-7],[-110,6],[-50,36],[-20,-4],[-35,-39],[-82,7],[-10,-7],[-6,-50],[-14,-41],[-45,-35],[-16,-57],[35,-38],[43,-78],[22,5],[11,28],[-10,57],[-20,47],[46,3],[20,14],[17,-11],[-11,-122],[59,1],[39,-13],[71,8],[-10,39],[-42,33],[2,35],[-13,21],[-40,20],[-21,27],[10,16],[29,-4],[67,-72],[67,-36],[38,7],[9,-22],[-12,-51],[24,-11],[101,0],[15,28],[-1,41],[25,5],[33,25],[-10,37],[2,61],[-30,62],[-19,88],[25,0],[14,-44],[43,-58],[23,-76],[34,0],[23,42],[56,38],[-7,61],[-39,39],[-49,34],[13,7],[60,-9],[89,-106],[22,5],[27,26],[52,25],[25,27],[55,27],[54,40],[43,49],[45,-39],[-20,-30],[-104,-51],[-37,-44],[-8,-35],[15,-31],[36,-19],[81,-29],[-7,-76],[-25,24],[-30,48],[-110,42],[-20,-3],[-67,-38],[-39,-41],[-3,-20],[33,-20],[68,-6],[100,-41],[49,-8],[75,18],[66,-16],[23,9],[7,22],[26,10],[42,-15],[67,26],[56,38],[35,5],[10,-13],[-17,-21],[-79,-38],[-7,-59],[-20,-6],[-73,22],[-31,-13],[-125,9],[-59,-6],[-146,31],[-60,-6],[-62,15],[-59,-2],[-76,-68],[2,-26],[-24,-94],[-19,-24],[6,-16],[86,-11],[72,8],[92,-32],[180,-31],[80,-3],[23,-12],[4,-142],[-4,-34],[10,-23],[42,-4],[70,-67],[13,-37],[44,-20],[28,-34],[47,-79],[93,-54],[-8,-37],[-29,-22],[-10,-62],[-46,-72],[-27,-23],[-18,-42],[-1,-57],[-25,-8],[-43,13],[-25,-8],[-37,-40],[-4,-22],[7,-61],[-35,-15],[-34,-31],[-5,-23],[31,-80],[-1,-39],[-45,-34],[-62,-8],[-48,23],[-52,64],[-46,11],[-64,33],[-39,47],[-39,71],[-66,37],[-49,51],[-67,90],[-19,39],[-14,63],[-14,27],[-41,39],[-56,90],[-22,18],[-38,12],[-58,51],[-14,37],[-39,-42],[28,-57],[107,-72],[60,-53],[24,-40],[-13,-20],[-25,16],[-25,-48],[-16,26],[0,53],[-8,20],[-108,43],[2,-31],[19,-37],[30,-122],[-29,-10],[-11,54],[-19,47],[-24,30],[-8,82],[-113,87],[-45,49],[-28,14],[-31,0],[-10,-22],[47,-65],[19,-36],[46,-33],[24,-27],[11,-34],[38,-62],[22,-102],[-20,-40],[-18,12],[-14,107],[-41,64],[-22,47],[-26,23],[-16,-55],[-15,15],[-6,49],[-50,87],[-23,19],[-38,13],[-29,-13],[-5,-19],[15,-39],[29,-18],[16,-35],[38,-44],[21,-53],[-10,-30],[-53,26],[-25,24],[-33,12],[-47,-20],[-29,14],[-30,-10],[8,-26],[141,-98],[33,-2],[22,-50],[32,-44],[77,-35],[44,-4],[81,-90],[27,6],[23,-38],[50,-18],[3,-19],[-68,-28],[-28,-29],[20,-29],[78,-5],[58,3],[2,-16],[-30,-16],[-34,0],[-58,-13],[14,-35],[70,-59],[78,-43],[54,-46],[-17,-22],[-44,-4],[-46,-54],[-27,-13],[2,31],[16,34],[-22,18],[-17,-15],[-12,-62],[-50,-42],[-11,1],[24,66],[-9,115],[-77,21],[-33,32],[-18,5],[-48,-19],[-17,-36],[-23,-2],[-49,26],[-6,33],[-48,-19],[-35,58],[16,33],[-31,20],[-86,87],[-18,26],[-12,78],[-37,12],[-26,22],[-35,71],[-27,17],[-56,4],[-29,19],[-23,56],[-28,-1],[1,-65],[30,-66],[6,-31],[78,-25],[100,-89],[-37,-66],[60,-52],[78,-113],[33,-34],[14,-54],[33,-55],[26,-18],[6,-51],[57,-48],[-59,-5],[-17,41],[-19,22],[-23,-8],[1,-60],[-18,3],[-13,33],[-26,23],[31,54],[1,47],[-35,35],[-55,69],[-37,34],[-30,50],[-4,-78],[-12,-58],[-38,-69],[-35,-19],[1,48],[33,40],[16,54],[-7,66],[-21,30],[-39,-85],[4,-54],[-19,-16],[-4,-73],[-12,-57],[96,-50],[58,-6],[37,-25],[34,-41],[92,-86],[84,-1],[29,10],[16,28],[100,56],[22,40],[36,19],[34,-18],[50,-80],[32,-19],[68,-1],[119,-46],[24,-19],[37,-50],[65,-17],[23,-14],[64,-18],[35,-17],[48,30],[55,-25],[108,46],[51,30],[27,38],[26,53],[42,130],[33,19],[34,36],[13,40],[0,43],[19,37],[47,30],[87,-53],[23,-5],[99,-69],[56,-7],[28,-37],[7,-26],[-4,-49],[13,-34],[161,-59],[11,-13],[-6,-100],[19,-32],[37,-22],[37,-56],[45,-30],[35,-50],[32,-93],[24,-35],[58,-43],[28,-36],[10,-33],[22,-17],[67,1],[22,-14],[148,-37],[50,-64],[10,-58],[106,25],[51,-2],[7,-46],[68,-90],[34,-57],[17,-13],[19,-40],[4,-73],[14,-9],[43,12],[23,-20],[-48,-32],[17,-19],[50,20],[25,-3],[25,-33],[6,-33],[23,10],[13,30],[48,5],[14,-13],[5,-39],[-33,-43],[48,-52],[5,-58],[-35,-23],[-3,-20],[57,-1],[9,-66],[23,-43],[11,-80],[-37,-53],[-6,-61],[22,-9],[44,29],[35,12],[49,-3],[90,-34],[24,16],[-2,36],[-69,4],[-33,25],[-37,7],[20,21],[51,25],[78,22],[58,26],[132,26],[87,6],[22,52],[44,-3],[51,-28],[10,-30],[54,3],[26,-8],[50,-41],[38,-129],[4,-114],[43,-47],[23,-39],[37,-94],[39,-68],[28,-71],[67,-113],[-3,-46],[11,-9],[44,2],[39,-13],[56,-50]],[[36659,21551],[36,-28],[26,-8],[95,5],[86,-14],[60,-31],[73,-50],[58,-14],[2,-31],[58,-21],[34,-37],[21,-45],[-33,-65],[-24,-18],[-33,-51],[38,-103],[-19,-35],[-4,-59],[-12,-46],[5,-79],[-14,-19],[27,-110],[-13,-80],[14,-62],[4,-65],[19,-30],[-3,-60],[22,-45],[84,-84],[8,-17],[-26,-27],[-109,-69],[-17,-27],[22,-45],[-19,-51],[19,-49],[3,-58],[-8,-21],[-81,-63],[-8,-47],[30,-60],[11,-44],[-9,-29],[41,-75],[-12,-27],[-37,-25],[9,-59],[-10,-26],[-33,-30],[-14,-57],[-50,-42],[2,-26],[26,-51],[5,-130]],[[37009,19111],[-6,1],[0,-240],[-247,0],[-5,10],[0,79],[13,24],[-75,-2],[-31,-25],[40,50],[-104,36],[-106,-60],[-28,-9],[18,22],[-17,23],[-38,-19],[-1,-25],[24,-27],[13,-41],[42,5],[81,-7],[10,-15],[54,16],[-42,-23],[-1,-31],[48,-68],[-5,-3],[-48,69],[-58,19],[-125,8],[-89,-59],[-7,-31],[11,-52],[-87,-26],[-83,0],[-85,-20],[-82,-65],[-91,-54],[-69,-23],[-104,67],[-80,17],[2,18],[-29,41],[-55,43],[-37,56],[-40,-1],[-22,46],[-39,22],[-51,71],[-65,27],[-28,22],[-69,-21],[76,31],[28,-22],[66,-26],[47,-61],[61,30],[-40,94],[-64,91],[-38,-59],[-35,-23],[36,42],[25,54],[-40,49],[-38,32],[-34,17],[-13,-19],[-31,17],[-37,-75],[-11,6],[14,43],[-59,35],[-13,-29],[-23,10],[-6,26],[-53,-12],[-28,9],[-15,23],[16,-182],[-97,-8],[-17,197],[-89,14],[-1,-43],[-160,-14],[-14,-26],[-6,47],[-15,14],[-87,-29],[-45,-9],[-5,-51],[22,-31],[52,-4],[70,6],[75,-64],[-3,-4],[-72,60],[-97,-12],[-50,-18],[-75,-57],[-33,-37],[-18,-32],[3,-47],[29,-65],[24,-25],[17,-36],[-11,-29],[2,-37],[-35,-20],[-14,-70],[-25,-14],[-89,1],[-49,28],[-37,-9],[-20,13],[-134,52],[-45,-27],[-77,9],[-39,-5],[-53,13],[-90,34],[-69,58],[6,42],[-24,34],[-83,64],[-94,11],[145,-7],[14,-23],[65,-54],[24,30],[-9,34],[-33,43],[-21,-31],[-22,2],[26,39],[-31,51],[-62,51],[-43,0],[-122,41],[-42,4],[-17,-18],[-31,37],[-41,37],[8,9],[-12,42],[-50,44],[-50,13],[-8,-9],[-61,12],[-4,10],[61,-11],[25,33],[65,-19],[28,2],[-3,33],[-65,33],[-11,-9],[-124,44],[-7,-16],[15,-65],[-9,-2],[-24,100],[-14,5],[-155,-19],[-22,-53],[-54,16],[-83,15],[-66,-19],[0,29],[-108,14],[-60,14],[-22,22],[-44,-24],[-10,9],[-47,-16],[17,-81],[26,-8],[26,-29],[52,-95],[1,-15],[56,-109],[-30,46],[-38,-27],[-75,-41],[23,-42],[-14,-7],[-41,74],[-91,-49],[-10,-21],[-16,25],[-39,23],[-37,-8],[-8,-112],[76,-13],[32,65],[10,-14],[-25,-60],[-6,-36],[15,-11],[95,-36],[12,-15],[-133,50],[-58,-24],[-46,-57],[-28,28],[-50,3],[-41,-36],[-41,-21],[-56,17],[-63,-17],[-55,-63],[-13,-39],[-28,-16],[-44,-55],[-45,-41],[-18,-5],[-53,-46],[-28,-36],[-17,9],[-22,-62],[-32,-33],[48,-118],[-92,-72],[-107,-65],[-37,-27],[9,19],[130,79],[-43,68],[-112,-56],[-9,14],[30,40],[36,17],[-18,34],[-43,-21],[-62,-66],[17,-47],[25,1],[23,-29],[-59,23],[4,-32],[-24,-10],[-19,23],[-53,-4],[-68,-42],[-24,-37],[-12,-45],[40,-21],[-55,18],[-25,37],[-44,9],[14,53],[-78,98],[-52,78],[-72,7],[19,15],[-8,23],[50,-32],[26,26],[12,60],[-126,47],[-64,94],[64,43],[-1,39],[-98,148],[-55,24],[-336,109],[-3,24],[-31,29],[-27,121],[-49,-6],[-33,-27],[-271,-28],[-55,4],[-62,16],[-116,-35],[-212,-68],[-60,-38],[7,-166],[-11,7],[-4,98],[4,28],[-42,-1],[1,-13],[-85,-3],[4,-105],[40,2],[2,-16],[-51,-3],[-11,-37],[-18,-13],[-130,-57],[-9,6],[-157,-46],[-107,-23],[-6,10],[-37,-20],[-24,-44],[-45,-24],[-215,-41],[-24,11],[-272,-63],[34,-127],[-25,-45],[-32,-19],[-75,-25],[-39,-25],[-16,7],[-36,-22],[-32,-1],[-19,-21],[-42,7],[-17,-18],[-34,2],[-20,-22],[-18,5],[-39,-21],[-35,6],[-28,-13],[-14,8],[-41,-10],[-65,6],[-83,21],[-36,2],[-16,13],[-384,118],[0,9],[-67,-214],[-224,-5],[0,3],[171,4],[25,9],[24,78],[-218,67],[-72,42],[-72,-16],[-98,19],[-42,21],[-57,44],[-302,328],[-22,17],[-57,118],[-23,70],[11,15],[-59,62],[-180,99],[-167,164],[66,70],[74,-76],[159,151],[15,-15],[34,34],[47,-12],[-72,29],[-64,50],[-30,-7],[-101,-92],[21,34],[22,69],[-135,28],[-5,-29],[-22,1],[-1,30],[-70,11],[12,72],[-105,19],[13,79],[-85,14],[38,236],[-19,3],[4,25],[19,-3],[-102,58],[-3,21],[-116,70],[-141,75],[-93,57],[-143,144],[-147,163],[-96,122],[-44,77],[-124,320],[-37,102],[-25,89],[-7,46],[2,65],[9,63],[23,96],[-60,55],[3,5],[52,-52],[19,21],[98,-23],[136,-44],[8,18],[-49,27],[-120,92],[-10,-21],[-63,50],[11,14],[-43,35],[8,12],[-46,44],[-26,39],[-129,1],[-314,77],[-37,-128],[-1041,273],[-33,6],[-398,147]],[[26959,13523],[23,16],[1,37],[30,3],[10,26],[-25,34],[-80,-40],[12,13],[-80,38],[16,40],[-53,43],[-28,-12],[-36,43],[0,18],[43,38],[35,3],[73,-29],[18,14],[43,6],[44,-38],[45,37],[48,21],[42,-20],[32,28],[34,49],[16,45],[-36,36],[-14,55],[7,73],[17,18],[72,49],[19,22],[28,11],[33,51],[22,5],[56,-37],[95,-35],[50,0],[39,-26],[26,-49],[40,-32],[153,-70],[43,5],[57,-62],[49,-29],[3,-25],[50,2],[113,-67],[76,19],[36,18],[117,-66],[28,-3],[23,-22],[69,-19],[18,-17],[36,-65],[1,-17],[-27,-25],[-9,-27],[-37,5],[-48,-74],[-64,-41],[-82,-7],[-45,-46],[-9,16],[-50,-17],[-25,-41],[23,1],[14,39],[10,-38],[32,2],[5,-40],[114,7],[2,41],[12,-62],[33,-26],[69,-24],[34,20],[84,-42],[58,22],[25,-8],[-5,-34],[-25,-37],[-20,-1],[-66,-28],[-47,-1],[-39,-25],[-35,-47],[-3,-45],[-14,-48],[2,-43],[16,-43],[-21,-25],[-18,-52],[-6,-40],[17,-22],[-14,-34],[-7,-74],[-68,2],[-14,-35],[-52,-30],[-10,-25],[-29,7],[4,23],[-60,21],[-18,-3],[-104,-62],[6,-39],[-23,-29],[-46,-12],[-17,31],[30,31],[0,44],[13,5],[44,-23],[94,57],[9,39],[-2,83],[21,89],[35,66],[20,55],[-11,40],[-52,56],[-47,13],[-4,-15],[-87,22],[-3,17],[-48,6],[-32,145],[-25,15],[-41,-5],[-44,26],[37,78],[2,41],[-34,36],[-27,40],[35,16],[0,57],[-23,34],[-52,42],[-51,13],[-110,0],[-14,-4],[-28,-54],[-71,-5],[-77,-35],[-1,-31],[-65,-28],[-66,-63],[-9,-26],[26,-30],[-38,-30],[6,-21],[-39,-46],[-5,-33],[14,-13],[-2,-37],[9,-41],[38,-24],[13,-39],[-12,-11],[-45,6],[-18,31],[-67,47],[-67,11],[-19,-4],[-45,52],[-45,24],[-37,56],[-36,23],[-24,-2],[-57,17],[-22,45],[15,13],[51,-13],[31,20],[28,56],[24,9],[-8,20],[23,16]],[[31856,17166],[-41,17],[-8,100],[27,135],[44,32],[60,-2],[72,12],[24,16],[34,0],[3,-73],[42,-85],[36,-9],[32,11],[21,-16],[-35,-48],[-61,-55],[-70,-10],[-29,-22],[-58,7],[-81,-14],[-12,4]],[[35359,17766],[47,14],[35,45],[10,27],[-6,-59],[33,-21],[7,-44],[-21,-82],[-91,-64],[-54,15],[-78,11],[-21,31],[25,31],[2,68],[28,20],[84,8]],[[35262,18410],[-8,10],[47,21],[35,-5],[-13,-43],[29,-32],[5,-28],[-33,-53],[-57,-20],[-66,18],[-27,42],[-34,21],[-66,-22],[-33,13],[27,47],[54,20],[60,-32],[48,14],[32,29]],[[27871,12769],[-8,-46],[-39,-25],[-41,9],[-14,26],[-6,81],[13,62],[21,11],[46,2],[38,82],[-6,10],[28,61],[9,-4],[38,73],[-92,-196],[-8,-34],[-4,-99],[25,-13]],[[34858,18875],[275,30],[0,-5],[-404,-43],[-1,5],[130,13]],[[31496,17754],[-48,-28],[-15,4],[62,66],[23,-25],[-22,-17]],[[30519,18703],[-31,-97],[168,-249],[-4,-1],[-169,250],[36,107],[0,-10]],[[27829,12637],[-38,-52],[-21,2],[14,30],[45,20]],[[27441,13333],[28,-6],[-1,-25],[-21,-4],[-25,16],[19,19]],[[27006,13946],[-11,-21],[-21,15],[22,23],[10,-17]],[[31788,17135],[-1,-23],[-47,16],[33,15],[15,-8]],[[32540,18944],[14,21],[-47,94],[52,-94],[-19,-21]],[[35082,17565],[-14,5],[32,25],[1,-30],[-19,0]],[[31252,18034],[39,-17],[-126,38],[2,5],[85,-26]],[[31608,17546],[-10,18],[24,18],[-14,-36]],[[27349,13002],[-24,10],[15,17],[9,-27]],[[27360,12919],[-21,-3],[6,23],[15,-20]],[[27355,12857],[11,-36],[-12,-5],[1,41]],[[27126,13156],[-22,-9],[10,23],[12,-14]],[[35826,18501],[37,-37],[-18,1],[-19,36]],[[46655,21169],[-91,42],[-52,17],[-54,4],[-33,14],[-34,30],[-35,3],[-63,20],[-104,0],[-25,27],[1,-31],[-85,43],[-51,13],[-78,9],[-59,-21],[-47,-5],[-19,-69],[33,-7],[62,2],[96,-14],[87,-34],[232,-34],[21,2],[36,-20],[31,-57],[-3,-53],[-46,-317],[-39,-71],[-66,-44],[-57,4],[-69,41],[-183,28],[-163,-25],[-21,20],[4,38],[-13,9],[-119,11],[-84,-8],[-65,-22],[-106,-67],[2,12],[-57,2],[-30,21],[-16,27],[-4,35],[15,22],[-32,126],[-33,21],[0,20],[42,10],[96,40],[0,130],[-97,16],[-88,2],[-19,-15],[-47,10],[-150,-30],[0,-81],[-37,-6],[-6,-55],[27,-12],[89,0],[17,-9],[-5,-27],[0,-101],[25,-20],[0,-52],[-38,-7],[69,-80],[65,0],[19,-68],[120,-31],[0,-5],[-119,29],[-65,4],[-157,179],[-70,-17],[-131,-45],[-60,-37],[-59,-54],[-49,-60],[55,-84],[36,-33],[67,-41],[32,-7],[1,-19],[-46,19],[-49,30],[-42,36],[-42,53],[-26,46],[-13,6],[-47,95],[-109,355],[4,26],[-28,-7],[118,-378],[-173,-53],[56,20],[-20,60],[-67,27],[-7,-18],[-45,2],[-6,17],[-62,-22],[41,-125],[-56,160],[16,17],[-22,23],[-60,1],[-89,-30],[-69,-35],[-21,-40],[-23,-11],[-75,6],[-30,-15],[-46,7],[-97,-22],[-20,34],[-175,137],[-67,25],[-19,-8],[-67,-53],[-40,-6],[-12,12],[-66,-60],[-20,1],[-19,25],[36,39],[-11,24],[16,15],[-59,63],[19,20],[-189,203],[-27,6],[84,76],[33,24],[-20,31],[-12,-11],[-21,19],[-28,-29],[-35,34],[33,34],[-78,75],[-54,-69],[-39,30],[64,89],[-67,33],[32,60],[-38,20],[-27,-50],[-99,52],[-11,11],[8,46],[-108,2],[-28,-16],[9,-90],[59,-33],[75,-32],[81,2],[18,-19],[-93,-1],[-7,-75],[9,-31],[103,-105],[-54,47],[-106,-102],[-4,6],[106,101],[-49,50],[-14,29],[-44,30],[-296,61],[-62,22],[-42,-11],[-9,-25],[-29,42],[-170,62],[-11,10],[-135,47],[-42,22],[-174,78],[-188,14],[60,-1],[9,133],[-32,56],[-81,0],[-11,-127],[-5,-1],[12,128],[-123,41],[-28,-76],[-100,36],[36,102],[-530,283],[-58,56],[-59,12],[-3,-128],[509,-442],[-178,-200],[-5,0],[-309,269],[-134,-151],[347,-303],[-75,-129],[-34,-10],[-131,-227],[0,-17],[-162,-176],[1,-12],[121,-111],[17,-6],[-137,-150],[-150,135],[-153,-167],[-279,251],[39,47],[-9,8],[-47,-50],[-57,51],[5,6],[-93,84],[-16,-18],[-205,184],[-127,-138],[-3,3],[144,156],[-179,159],[-195,-211],[181,-158],[0,-5],[-275,239],[-48,-22],[-44,-41],[131,-127],[10,-13],[-167,-216],[-9,-25],[203,-91],[-2,-3],[-152,66],[-33,-43],[-30,-62],[-77,-222],[-29,-98],[-6,-61],[172,-47],[-1,-6],[-186,53],[-26,-81],[-70,-19],[30,-41],[-30,-67],[-5,4],[-20,-80],[45,-92],[-5,-4],[-46,97],[20,78],[-53,59],[-35,-66],[-21,2],[42,81],[-37,18],[-35,-59],[-14,-55],[46,-21],[13,-51],[-19,-14],[-59,-147],[-18,2],[-20,-49],[-27,-6],[-19,-21],[-25,-87],[45,-12],[5,37],[38,72],[7,-11],[-30,-60],[87,-25],[9,28],[54,97],[92,10],[47,-51],[-33,-256],[-167,21],[-10,-71],[-35,18],[-40,-122],[40,-23],[-12,-20],[-38,21],[-4,-36],[9,-62],[23,-35],[69,-12],[-13,140],[42,60],[48,48],[170,-21],[-1,-4],[-169,22],[-46,-47],[-33,-57],[13,-142],[37,-36],[6,-28],[-7,-57],[-32,-70],[8,-125],[-87,-8],[-13,-62],[60,3],[3,-48],[-29,7],[-35,-7],[3,-35],[27,-38],[-33,-12],[34,-64],[57,-27],[33,40],[-29,68],[17,40],[16,-62],[19,-33],[44,-29],[11,-27],[40,-25],[15,-51],[-31,-128],[10,-11],[-27,-59],[-18,-61],[-66,-56],[-71,-98],[-48,-41],[-68,-89],[-69,-42],[-67,-72],[-63,-75],[-53,-79],[-24,-46],[-183,-82],[-33,-83],[-100,-133],[-62,-24],[-91,1],[-50,-40],[4,11],[-24,44],[-43,30],[-30,7],[-37,-6],[-29,-22],[-33,17],[-63,-7],[-52,-52],[-21,20],[-32,-24],[-73,1],[-18,33],[10,40],[-10,35],[-22,32],[-14,-5],[-8,40],[-39,91],[17,82],[44,39],[-80,80],[-21,41],[2,52],[-16,40],[52,27],[85,67],[-2,-8],[-69,-61],[-32,-87],[-4,-43],[13,-21],[72,-73],[51,27],[-5,10],[68,35],[5,-11],[32,16],[2,16],[50,-13],[28,-39],[36,-1],[65,12],[32,28],[11,-12],[27,26],[35,52],[-81,46],[25,41],[71,-17],[35,133],[-5,69],[-34,11],[-6,-37],[-84,-96],[56,74],[31,67],[-33,12],[-14,46],[-18,17],[1,30],[17,6],[21,38],[32,36],[12,35],[18,11],[21,59],[-3,38],[-29,56],[6,5],[30,-59],[4,-39],[115,11],[37,-23],[30,66],[-81,16],[0,40],[47,11],[-15,99],[-106,-37],[-11,31],[107,37],[-29,82],[-137,-60],[-25,55],[78,34],[-45,101],[-166,-68],[24,-119],[-5,-1],[-23,121],[94,39],[-32,72],[44,19],[16,56],[-18,34],[-65,47],[-89,78],[-151,56],[-60,12],[-71,-3],[-22,28],[4,34]],[[36659,21551],[62,46],[20,23],[49,101],[101,120],[47,33],[28,38],[23,83],[19,20],[48,8],[21,14],[69,72],[14,28],[4,80],[35,28],[17,54],[54,33],[57,25],[28,2],[49,-20],[54,11],[55,-13],[75,60],[37,4],[51,34],[42,41],[21,59],[33,23],[26,-13],[60,-97],[11,-31],[11,-87],[-5,-67],[53,2],[99,17],[60,15],[63,-14],[90,9],[16,53],[53,-4],[26,-38],[53,-41],[-3,-50],[19,-88],[-40,-82],[-15,-100],[56,-30],[49,-11],[64,7],[25,11],[26,50],[67,87],[83,11],[15,57],[-6,86],[-14,30],[-63,63],[14,31],[45,42],[2,30],[-42,-6],[-8,21],[53,31],[29,-13],[23,6],[155,-69],[18,-12],[41,15],[102,62],[-18,11],[-8,31],[-28,39],[-30,19],[24,8],[61,38],[66,5],[11,-22],[6,-48],[26,-60],[21,-5],[94,0],[23,6],[27,113],[-39,57],[-16,10],[-56,4],[-31,37],[-45,33],[-53,20],[-44,5],[-55,31],[-21,75],[-16,18],[-65,32],[-16,22],[-24,93],[-21,36],[-33,1],[-30,17],[-46,71],[-8,34],[1,105],[-20,38],[15,55],[54,47],[63,21],[24,52],[33,52],[89,36],[44,71],[5,25],[-9,46],[37,52],[87,63],[41,55],[9,31],[-26,65],[-5,71],[-36,148],[-16,32],[-26,20],[-39,-1],[-44,43],[-72,57],[-111,161],[-4,27],[18,34],[82,60],[10,51],[75,71],[19,79],[17,36],[59,45],[32,37],[53,12],[26,14],[72,22],[107,14],[50,35],[53,15],[45,33],[65,32],[16,29],[91,67],[55,27],[-14,74],[-40,75],[-7,33],[0,95],[11,47],[-40,89],[2,25],[45,79],[9,53],[12,22],[112,56],[30,31],[9,41],[2,57],[31,32],[36,18],[38,30],[47,14],[63,31],[46,56],[47,33],[48,6]],[[41832,19274],[70,74],[1,23],[34,-22],[35,-9],[22,-21],[1,-27],[18,-14],[47,-2],[-3,-25],[-49,-77],[-24,-47],[16,-27],[-33,-44],[-8,-29],[-30,-4],[-50,31],[-62,-5],[-17,-11],[-46,11],[-22,-5],[-41,14],[-29,-17],[-53,-2],[-9,-26],[-30,17],[-33,-6],[-16,16],[-10,63],[-15,24],[5,44],[20,-9],[48,16],[43,37],[45,-24],[37,-3],[47,18],[45,27],[46,41]],[[41678,21278],[36,25],[25,-5],[24,-24],[-7,-22],[8,-89],[-15,-34],[-44,-37],[-14,4],[-2,65],[-18,10],[-3,50],[9,11],[1,46]],[[42078,18770],[3,56],[41,-12],[11,-42],[-33,-39],[-22,37]],[[37315,18494],[107,-122],[1,-15],[-112,128],[4,9]],[[38763,19084],[71,552],[4,0],[-72,-552],[-3,0]],[[43520,20506],[42,-8],[42,18],[15,-5],[19,-40],[39,-17],[-44,7],[-13,25],[-27,12],[-34,-9],[-39,17]],[[44042,20483],[-42,-11],[-34,12],[-48,-21],[27,39],[54,-21],[43,2]],[[41540,21556],[94,1],[-405,-19],[-1,4],[312,14]],[[37201,17864],[-3,8],[126,77],[-2,-9],[-121,-76]],[[41751,18418],[-5,22],[41,-15],[-36,-7]],[[42064,18860],[23,-28],[-16,-2],[-7,30]],[[28022,70629],[13,-26],[19,-89],[40,-43],[30,-131],[42,-80],[22,-86],[-2,-23],[-29,-52],[-2,-33],[-22,-53],[-13,-91],[-7,-133],[-48,-141],[-15,-29],[-7,-92],[-37,-52],[-97,-40],[-42,-32],[-22,-32],[8,-49],[19,-25],[18,-63],[50,-30],[10,-19],[-9,-114],[6,-27],[-16,-53],[10,-83],[-39,-125],[30,-60],[2,-27],[-21,-129],[-1,-124],[13,-59]],[[27919,68375],[-46,-41],[-49,-16],[-48,-3],[-31,-14],[-80,-55],[-28,-57],[-69,-107],[-110,-49],[-62,-9],[-63,22],[-67,-37],[-38,-45],[-26,-15],[-82,-11],[-14,-16],[-80,-18],[-24,-24],[-28,8],[-39,-3],[-42,-16],[-69,3],[-34,11],[-60,-22],[-52,19],[-45,-1],[-45,14],[-85,-4],[-44,-9],[-102,22],[-58,-16],[-43,-2],[-36,22],[-1,40],[-33,-4],[-41,-36],[-126,73],[16,49],[-22,23],[-85,-17],[-22,-28],[53,-82],[15,-36],[-24,-17],[-67,101],[-63,10],[40,-59],[16,-44],[-16,-20],[-18,9],[-48,92],[-35,21],[-15,-51],[-13,4],[-24,47],[-270,-18],[-21,-13],[16,-39],[-24,-66],[-19,-105],[-5,-57],[-42,-55],[-37,-24],[-16,-28],[-73,-37],[-37,9],[-32,39],[-37,28],[-86,18],[-44,-4],[-110,-1],[-64,-29],[-53,14],[-113,48],[-29,24],[-76,40],[-58,8],[-62,-23],[-41,-33],[-48,-57],[-68,-16],[-57,15],[-38,-34],[-69,-49],[-82,23],[-88,12],[-140,27],[-34,-26],[-39,24],[-39,-10],[-22,-73],[-70,-112],[-43,-87],[-1,-66],[-32,-100],[1,-52],[-48,-103],[-32,-44],[-1,-38],[-15,-43],[-26,-114],[-47,-29],[-25,-35],[-70,68],[-112,5],[-32,22],[-43,42],[21,41],[14,57],[-15,101],[-12,9],[-55,-25],[-33,4],[-66,46],[-50,-57],[-46,-41],[-28,-52],[-36,-20],[-63,-18],[-77,-9],[-77,36],[-34,52],[0,42],[-54,-12],[-34,-27],[-70,-38],[-39,-31],[-49,-12],[-52,-31],[-4,-46],[-12,-15],[-63,-27],[-13,-54],[-41,-6],[-22,-26],[-51,-81],[-28,-59],[-23,-18],[-14,-30],[-1,-49],[-69,-92],[-83,-19],[-37,-15],[-22,-24],[-21,-48],[-26,-11],[-36,16],[-4,17],[-26,-3],[-75,-49],[-28,0],[-41,-40],[-38,4],[-65,26],[-77,41],[-65,-42],[-36,-7],[-26,-40],[-40,13],[-38,-84],[-24,-27],[-12,40],[-81,-5],[-23,-29],[-36,-28],[-44,16],[-33,-18],[-19,-24],[-53,1],[-145,18],[-45,30],[23,52],[13,52],[49,76],[2,96],[19,47],[4,32],[-17,5],[8,45],[-1,65],[13,48],[-82,20],[164,140],[-9,24],[27,27],[11,121],[-283,28],[-42,-2],[-123,-24],[-47,7],[-191,39],[-60,-1],[-41,-10],[-46,-57],[-20,-5],[-62,-96],[-67,10],[-25,-14],[-38,-37],[-44,-7],[-6,36],[-45,9],[-56,32],[-98,3],[-39,13],[-32,-16],[-40,6],[-23,-19],[-243,104],[-67,-136],[-70,25],[-32,-67],[-95,-53],[-133,-66],[-59,-25]],[[18656,66575],[165,344],[31,70],[50,-1],[-1,86],[144,89],[42,8],[16,18],[17,56],[84,65],[43,10],[109,90],[41,51],[47,67],[11,40],[-17,82],[17,21],[45,22],[14,28],[17,108],[-7,20],[7,57],[0,71],[-20,105],[2,32],[47,101],[69,129],[19,25],[11,46],[4,105],[14,42],[19,27],[35,22],[34,40],[4,35],[-3,75],[-36,10],[-9,23],[-4,74],[-32,57],[0,31],[154,135],[24,39],[10,221],[34,47],[38,16],[132,10],[2,39],[52,61],[6,39],[10,145],[15,78],[-5,122],[2,185],[-11,43],[-84,3],[-10,29],[-10,68],[-41,94]],[[20003,70330],[-10,22],[-54,10],[-31,-3],[-115,81],[-38,-6],[-3,98],[6,40],[33,80],[13,47],[19,32],[-16,96],[-24,67],[-12,71],[-35,72],[-76,85],[-53,28],[-76,31],[-37,0],[-46,-73],[-39,-50],[-65,-116],[-27,-37],[-23,4],[-91,36],[-76,37],[-84,20],[-38,22],[-30,-33],[-3,-21],[-28,-36],[-8,-92],[-82,19],[-32,17],[-38,34],[-127,-129],[-56,19],[-17,22],[28,43],[-9,46],[-69,38],[-78,68],[-163,215],[51,58],[63,38],[66,48],[177,147],[112,65],[6,35],[-49,119],[-45,94],[-40,71]],[[18634,71909],[46,13],[158,78],[145,89],[93,72],[127,114],[214,212],[234,245],[65,45],[99,59],[184,96],[104,57],[282,144],[149,70],[76,45],[174,80],[177,47],[94,19],[202,70],[135,80],[56,40],[127,112],[55,65],[43,92],[23,95],[15,123],[4,143],[17,152],[-5,132],[-29,138],[-94,334],[-19,89],[0,24],[1,28],[29,86],[8,95],[15,56],[65,149],[54,85],[71,68],[94,47],[129,32],[96,21],[89,6],[113,2],[65,-7],[90,-26],[71,-14],[27,8],[43,28],[44,13],[97,17],[112,30],[147,54],[96,29],[148,36],[128,44],[205,23],[68,1],[144,-15],[130,-32],[10,-6],[-17,-35],[-39,-25],[-145,-38],[-26,-71],[-53,-55],[-67,-106],[-79,-1],[-79,-44],[-30,-68],[-9,-42],[-5,-63],[-44,-52],[2,-13],[55,-49],[54,-71],[21,-19],[6,-36],[-76,-48],[-33,-27],[-49,-26],[-29,-39],[23,-56],[-3,-53],[-20,-62],[-47,-47],[-34,-60],[-57,-39],[-12,-29],[-60,-29],[-45,-39],[-65,-87],[-22,-58],[-42,-47],[-63,-53],[-17,-33],[-10,-52],[0,-43],[16,-73],[-18,-64],[5,-24],[45,-8],[45,-17],[58,4],[19,-16],[23,-76],[57,-30],[93,-13],[36,16],[27,-11],[37,1],[48,33],[30,11],[67,-3],[62,8],[27,-6],[28,-34],[95,-39],[-22,-52],[2,-50],[84,-104],[9,-22],[-6,-30],[8,-61],[-44,-71],[-3,-40],[62,-69],[4,-39],[-9,-25],[89,-54],[14,-106],[96,-21],[71,66],[21,0],[33,-30],[50,-2],[25,-14],[53,-60],[4,-59],[24,-44],[35,-22],[42,17],[33,30],[17,0],[26,-49],[42,-59],[5,-22],[-12,-151],[18,-22],[-1,-28],[23,-53],[-4,-43],[-38,-36],[-1,-15],[41,-88],[50,-45],[51,-61],[91,-56],[7,-22],[-3,-82],[-8,-63],[8,-10],[69,-24],[75,-2],[54,19],[47,36],[41,11],[43,-7],[65,-25],[45,17],[74,-17],[46,6],[56,-19],[29,37],[55,-20],[61,1],[55,22],[73,1],[55,-17],[27,-22],[9,-43],[-15,-31],[2,-31],[16,-38],[25,-13],[18,-57],[8,-115],[21,-20],[48,-11],[65,-58],[71,-14],[51,-49],[49,-28],[84,4],[65,-43],[58,-16],[110,9],[69,16],[75,-17],[19,5],[43,44],[58,45],[23,-10],[-4,-66],[62,-49],[5,-51],[32,-1],[15,-29],[-4,-27],[-35,-93],[-4,-30],[12,-56],[38,-75],[84,-51],[128,-101],[25,-8],[57,12],[15,-14],[-12,-51],[6,-26],[71,-3],[34,-13],[81,-1],[81,-6],[40,-28],[34,12],[63,-2],[70,-51],[30,-9],[212,32],[52,21],[59,-8],[25,-55],[49,-53],[65,-7],[-1,-41],[50,-87]],[[15229,27210],[5,-126],[13,-79],[46,-60],[21,-68],[78,-12],[20,-63],[85,-103],[34,-4],[63,12],[13,-22],[-65,-41],[5,-47],[28,-86],[25,-33],[34,-92],[22,-82],[67,7],[37,-42],[16,-43],[23,-19],[48,-12],[45,-25],[33,8],[50,-27],[35,11],[55,-41],[55,-61],[34,-27],[44,-52],[14,-30],[-53,-27],[-9,-14],[14,-83],[60,-84],[34,-56],[32,-137],[13,-38],[29,-45],[24,-143],[1,-72],[24,-4],[19,-70],[-13,-32],[-2,-41],[6,-69],[74,9],[6,-32],[-106,-23],[-89,-32],[-54,-49],[-75,-53],[-127,-26],[-66,-20],[-60,-6],[-63,6],[-76,-30],[-37,-27],[-28,-8],[49,-342],[13,-73],[35,0],[3,-19],[-36,-10],[49,-220],[25,-108],[22,-70],[34,-87],[13,-103],[11,-122],[-6,-46],[-48,-87],[30,-44],[19,-81],[43,-117],[-11,-46],[-31,-22],[-12,-62],[20,-50],[-35,-130],[8,-21],[-12,-33],[1,-46],[26,-62],[-6,-64],[-36,-12],[-78,-42],[-8,-24],[5,-36],[-32,-29],[-1,-40],[-14,-48],[23,-62],[-17,-65],[27,-65],[19,-29],[53,-43],[16,-22],[12,-67],[41,-39],[-19,-57],[-46,-39],[5,-43],[53,-45],[48,-95],[-7,-47],[9,-42],[30,-58],[45,-13],[42,-63]],[[16064,21555],[44,-74],[-2,-110],[-29,-35],[-41,-23],[-120,49],[-44,39],[-51,16],[-48,-13],[-18,-30],[-24,-16],[-68,-28],[-43,-6],[-27,25],[-68,-7],[-76,14],[-50,27],[-20,20],[-53,11],[-36,40],[-38,15],[-20,22],[-115,-2],[-45,-18],[-46,7],[-45,17],[-22,-13],[-23,-34],[-74,-79],[-137,54],[-52,-76],[-85,-5],[-31,13],[-86,74],[-23,55],[-66,-3],[-52,15],[-35,-2],[-22,-32],[-75,8]],[[14198,21470],[-1,14],[34,168],[-2,32],[13,11],[1,35],[13,6],[28,101],[-11,50],[9,46],[-2,44],[11,31],[-5,69],[34,-9],[12,16],[24,80],[18,3],[5,41],[14,0],[35,120],[-5,39],[19,24],[20,80],[9,84],[-24,85],[-36,1],[28,199],[58,3],[-4,57],[-22,43],[-45,2],[-65,-37],[-42,-106],[-25,-43],[59,154],[71,40],[24,3],[15,43],[7,75],[21,33],[-11,45],[34,172],[15,114],[22,143],[-8,146],[-12,38],[-21,28],[-76,-38],[-51,73],[8,10],[50,-70],[52,26],[-22,43],[-11,-6],[-54,108],[-28,79],[-43,-21],[22,24],[-25,68],[10,7],[-15,40],[-14,88],[19,63],[-20,28],[-38,143],[-53,109],[-16,52],[-21,12],[-22,101],[-32,23],[0,17],[-27,53],[-20,10],[-52,-16],[-3,69],[-26,40],[-48,-2],[-1,12],[53,8],[-125,5],[-143,114],[9,9],[39,-41],[99,-79],[60,-2],[-9,40],[-23,-3],[-11,80],[-17,5],[-17,112],[-55,-13],[14,-100],[-8,-13],[-16,77],[-1,47],[65,9],[0,13],[-69,3],[33,16],[4,46],[39,81],[9,64],[-10,84],[7,5],[3,60],[-13,107],[-16,86],[-21,67],[-26,40],[-54,119],[-25,39],[-41,27],[-24,58],[-51,42],[-20,-10],[-47,44],[-149,125],[-22,5],[-84,150],[-24,23],[-24,-16],[6,24],[-76,29],[-36,-11],[-66,24],[-23,-38],[-109,30],[11,18],[54,-16],[10,35],[-34,31],[-11,-12],[-90,21],[1,7],[86,-21],[10,11],[-84,76],[-38,-22],[3,-36],[-36,52],[-454,316],[-3,11],[69,140],[-134,66],[1,10],[138,-66],[27,55],[9,-5],[-22,-44],[165,-80],[26,16],[-14,55],[-36,-5],[61,22],[-15,42],[-42,-15],[-5,11],[42,15],[-26,62],[-80,-42],[9,-34],[-57,107],[99,52],[-27,51],[-28,-14],[-68,129],[22,11],[-48,90],[15,8],[-16,28],[-9,84],[-77,-5],[-1,-20],[-82,-229],[-57,-7],[31,-224],[-254,-528],[-95,-93],[-24,-11],[117,108],[58,122],[-217,182],[-163,-109],[114,-152],[-8,5],[-181,238],[-68,104],[-97,168],[3,5],[-50,94],[-66,135],[-38,86],[-6,0],[-55,133],[14,8],[29,-79],[3,29],[-13,28],[22,22],[19,51],[4,49],[-5,48],[-23,62],[-2,98],[-16,24],[-76,-136],[-6,-34],[-10,35],[60,107],[30,42],[42,18],[-4,47],[44,67],[59,78],[91,105],[67,63],[66,42],[-29,23],[-4,18],[-42,29],[-75,-58],[-5,6],[70,51],[-1,65],[-10,40],[-72,-10],[9,12],[2,58],[-11,44],[-37,-4],[30,17],[3,49],[-18,55],[-36,-6],[-1,81],[-28,83],[-13,5],[-18,64],[-16,21],[-29,113],[-17,43],[5,143],[-10,34],[-30,10],[-23,34],[9,6],[22,-33],[46,22],[13,-21],[2,-123],[38,-8],[26,67],[13,-19],[47,-8],[32,86],[-10,24],[-26,9],[-28,-79],[-28,9],[23,67],[-23,65],[-69,2],[-1,-31],[-22,2],[-10,49],[-45,-1],[-29,-70],[-37,-10],[26,19],[25,58],[37,10],[4,54],[-16,0],[0,160],[-22,0],[0,25],[-20,0],[-15,-25],[-9,-73],[-8,0],[-1,-144],[-11,-9],[1,187],[20,94],[71,16],[35,89],[24,117],[-3,62],[6,72],[-93,19],[9,223],[6,-1],[-9,-218],[47,-7],[9,213],[-5,20],[30,-18],[8,15],[5,120],[8,64],[11,23],[-44,12],[-52,-56],[-9,5],[-41,-155],[-6,2],[43,154],[57,60],[29,-8],[26,42],[16,59],[-3,41],[16,32],[15,119],[8,122],[-11,110],[15,49],[-6,75],[18,73],[-1,79],[18,43],[-8,105],[21,22],[-18,10],[14,38],[-9,19],[11,29],[-1,75],[-8,68],[-19,57],[-83,7],[-25,44],[7,5],[21,-44],[38,0],[2,40],[-38,76],[-19,17],[-28,-28],[-11,-58],[3,56],[33,47],[21,50],[30,51],[-26,15],[-29,-84],[-7,6],[28,81],[0,46],[109,254],[38,20],[17,60]],[[11457,32657],[84,-14],[49,1],[64,-21],[23,14],[61,-24],[10,-45],[-17,-75],[26,-9],[32,-74],[34,23],[74,31],[94,19],[100,10],[65,2],[35,-8],[153,-86],[4,-13],[41,-20],[9,12],[139,-23],[77,-21],[208,-75],[-18,-24],[16,-9],[278,-216],[24,-1],[79,97],[218,-149],[93,46],[92,16],[84,6],[27,43],[37,36],[55,94],[8,52],[95,130],[-4,23],[29,64],[31,14],[-10,27],[197,53],[51,17],[24,18],[14,42],[59,37],[16,20],[4,82],[26,57],[29,23],[51,-6],[53,-37],[57,-7],[286,15],[-2,22],[41,11],[-5,20],[55,24],[87,-3],[98,14],[33,16],[69,-37],[35,-11],[17,12],[28,-18],[33,15],[42,55],[147,-38],[57,28],[41,-5]],[[15599,32929],[29,-13],[23,-25],[80,-31],[24,-17],[29,-2],[37,25],[30,4],[98,-20],[97,-33],[60,7],[44,-5],[6,-56],[28,2],[64,-41],[102,-19],[69,9],[3,-36],[15,-25],[-33,-68],[-10,-72],[36,-5],[14,-33],[-7,-32],[-30,-53],[-67,-59],[-34,-85],[-35,-45],[-33,-108],[-59,-144],[-113,-236],[-22,-100],[-24,-47],[-144,-372],[-26,-135],[-32,-89],[-54,-31],[-58,-46],[-49,-30],[-123,-103]],[[9528,26736],[-47,227],[-1,29],[16,53],[33,38],[54,26],[292,57],[91,1],[64,-20],[38,-20],[439,-265],[84,-65],[71,-66],[79,-82],[119,-141],[138,-184],[76,-117],[59,-105],[63,-128],[38,-88],[51,-150],[-272,-54],[47,-236],[277,54],[6,-2],[17,-95],[17,-141],[30,-441],[-7,-5],[17,-249],[-67,-17],[-450,-90],[-360,-70],[-3,-2],[116,-583],[-8,-5],[-397,-78],[-70,14],[-45,36],[-18,32],[-49,241],[13,265],[-50,245],[-48,244],[-107,533],[-71,47],[-4,28],[45,71],[-64,323],[-2,1],[-139,699],[-111,235]],[[12129,69848],[16,5],[209,123],[187,113],[219,128],[136,82],[201,92],[99,40],[18,26],[204,93],[274,137],[235,131],[75,58],[46,9],[47,27],[60,46],[49,65],[224,312],[214,3],[155,18],[92,7],[211,44],[156,42],[148,53],[167,70],[118,59],[72,29],[65,33],[183,82],[49,14],[127,20],[79,7],[181,5],[51,4]],[[16496,71825],[50,-106],[40,-63],[57,-119],[75,10],[49,-24],[40,-53],[41,-15],[57,-45],[21,-25],[7,-43],[40,-68],[-18,-13],[-26,-62],[-55,-103],[-43,-109],[-34,-67],[-29,-39],[-23,-66],[16,-91],[-32,-66],[7,-76],[20,-53],[-2,-23],[-43,-69],[-25,-53],[-27,-18],[-8,-29],[65,-61],[50,-64],[6,-30],[-66,-101],[-102,-182],[-88,-139],[-85,-105],[30,-33],[18,-36],[51,-141],[65,-128],[-26,-24],[29,-1],[-2,-62],[18,-77],[46,-66],[12,-61],[-137,-113],[-88,-51],[-4,-27],[100,-121],[70,-52],[43,-17],[193,-45],[132,-42],[31,-14]],[[17012,68544],[-7,-41],[-31,-43],[-151,-201],[-44,-65],[-15,-43],[-133,-136],[-25,-83],[-93,-219],[-139,-219],[80,-36],[-49,-107],[-100,-243],[19,-26],[91,-41],[-55,-125],[-50,21],[-61,-146],[-25,-34],[-133,-6],[-133,5],[-13,-4],[-30,-51],[-99,-202],[5,-38],[35,-70],[0,-41],[-25,-23],[-17,-63],[-10,-84],[-26,-68],[-19,-171],[0,-57],[15,-121],[-5,-85],[378,-183],[56,-25],[-18,-36],[11,-6],[-21,-34],[-66,-132]],[[16109,65262],[-54,22],[-101,9],[-46,-95],[-3,-98],[-19,-82],[-38,-220]],[[15848,64798],[-26,-4],[-4,-23],[-59,24],[-18,26],[-57,-11],[-7,22],[-42,16],[-3,30],[-45,23],[1,16],[-94,9],[7,48],[-124,58],[-32,24]],[[19330,61043],[27,19],[0,33],[14,39],[-31,96],[-78,-27],[-17,39],[-49,-18],[-23,45],[-37,38],[-86,-12],[-41,-13],[-37,84],[-36,22],[-35,2],[-15,18],[-26,62],[-33,28],[-24,50],[-3,34],[-86,42],[-62,17],[-100,-7],[-29,-10],[-65,50],[-23,10],[-63,55],[-56,12],[-156,-70],[-46,-3],[-94,-43],[-153,-100],[-79,-48],[-48,-44],[-61,-15],[-25,-30],[-53,-48],[-104,-81],[-17,-52],[-31,-25],[-50,-16],[-22,-100],[-9,-127],[-16,-71],[-141,2]],[[17211,60880],[-89,15],[-164,3],[-31,-17],[-86,4],[0,327],[31,1],[3,113],[-4,17],[-50,9],[-28,107],[-39,0],[1,78],[-97,-3],[-13,30],[-53,-2],[-59,30],[-88,-17],[-152,19],[-7,20],[-349,29],[-185,9],[-47,9],[-59,48],[73,50],[-125,101],[6,10]],[[15600,61870],[21,22],[41,73],[22,75],[58,47],[37,59],[-34,22],[12,18],[69,191],[16,38],[52,162],[25,58],[10,105],[13,204],[15,0],[19,277],[7,138],[-13,92],[-18,55],[-61,61],[-87,224],[-19,79],[-5,46],[0,132],[14,169],[8,59],[27,80],[-20,14],[-6,85],[45,128],[-8,93],[17,69],[-14,20],[5,33]],[[16109,65262],[45,-7],[74,155],[22,17],[102,36],[29,1],[62,-47],[37,-19],[7,-37],[181,30],[19,26],[44,29],[1,35],[-36,79],[28,72],[-17,50],[183,-22],[36,1],[0,46],[43,21],[14,17],[85,-1],[22,12],[-6,59],[40,97],[34,60],[27,-13],[73,142],[124,-55],[25,53],[126,-63],[72,167],[-14,20],[5,128],[-113,3],[-1,63],[37,82],[38,-5],[16,29],[-6,29],[-24,11],[30,94],[44,58],[87,66],[17,22],[44,14],[35,-19],[-12,84],[71,36],[75,60],[40,49],[1,29],[27,38],[48,2],[3,51],[39,31],[40,0],[4,-23],[45,8],[8,-48],[3,-80],[-61,-48],[-24,-74],[17,-23],[-42,-140],[0,-34],[-23,-80],[28,-8],[62,-52],[24,-12],[75,1],[40,-12],[105,-4],[-7,28],[124,-28],[12,36],[81,-17],[53,7]],[[509,59591],[18,104],[55,139],[56,112],[70,82],[169,174],[102,102],[178,160],[66,43],[165,122],[71,48],[102,105],[176,217],[122,162],[100,168],[55,125],[81,216],[67,198],[121,320],[37,89],[70,157],[67,158],[39,81]],[[12333,60447],[-31,-91],[-43,-41],[-68,-36],[-18,-17],[-23,-54],[-17,-115],[-51,-24],[-28,-25],[-203,-152],[-45,-43],[-49,-66],[-6,-40],[16,-60],[26,-32],[14,-51],[7,-57],[-35,-48],[-18,-59],[20,-52],[24,-115],[22,-26],[-13,-48],[83,-68],[38,-48],[34,-79],[60,-81],[14,9],[30,-46],[-13,-14],[35,-42],[24,-16],[145,-112],[78,-69],[56,-41],[59,-31],[37,-43],[-43,16],[-26,-2],[4,-56],[-24,-7],[-50,-39],[-33,41],[6,6],[-28,48],[-15,-9],[-96,101],[-69,-59],[32,-4],[-4,-76],[53,11],[88,-104],[13,-31],[-14,-105],[-48,-159],[-20,-48],[-10,-74],[-12,-42],[-40,-10],[-29,-25],[-13,8],[-36,-25],[-49,22],[-271,6],[-44,-16],[-86,7],[-87,-2],[1,-149],[9,-125],[-1,-88],[6,-35],[-34,5],[-87,-39],[1,-87],[28,0],[2,-50],[-27,-14],[-152,-9]],[[11289,57296],[-1,53],[-12,43],[-58,-5],[0,58],[-8,24],[-106,28],[-102,11],[-59,-19],[-45,-28],[-18,19],[-33,-19],[30,-16],[39,-82],[-16,-31],[12,-72],[-55,32],[-83,20],[-29,16],[-104,4],[-97,80],[-69,32],[-65,24],[-30,-9],[-74,18],[-15,11],[-61,1],[2,-57],[-39,-6],[-49,-47],[18,-129],[-60,-11],[-30,-23],[8,-105],[-71,-4],[-23,-40],[-46,-19],[-102,-21],[-41,6],[-41,-36],[-14,2],[-195,81],[-67,-17],[-178,-2],[-61,14],[-68,23],[-191,-87],[-55,-38],[-83,-37],[-44,-44],[-85,-6],[-114,5],[-21,-8],[-76,-51],[-89,-42],[-147,-39],[-37,-25],[-40,-43],[-73,-63],[-36,-22],[-64,-24],[-166,-21],[-87,0],[-26,-6],[-137,0],[-143,-7],[-163,-3],[-30,-24],[-112,-58],[-60,-41],[-88,19],[-115,-10],[-98,-26]],[[6793,56397],[-185,-46],[-85,-8],[-102,4],[-148,-25],[-50,-40],[-137,24],[-2,32],[-71,24],[-40,-60],[-46,-26],[-11,-16],[-24,-77],[-18,-40],[-27,2],[-81,-66],[-71,-105],[-30,-15],[-47,-52],[-18,-57],[-9,-54],[6,-50],[-33,-49],[-39,-4],[24,-40],[-19,-39],[20,-47],[-33,5],[-78,25],[-80,-3],[-7,-11],[7,-94],[-3,-21],[-26,-9],[-117,-13],[-20,13],[-20,40],[-131,-6],[-66,-7],[-27,-26],[-23,-73],[-29,-18],[-53,20],[8,31],[-26,0],[-95,19],[5,29],[-198,82],[-150,72],[-109,47],[-60,34],[-129,63],[-170,114],[-49,60],[-44,74],[0,28],[55,71],[23,5],[48,35],[71,34],[63,21],[-61,42],[119,38],[146,66],[17,20],[51,83],[36,71],[18,54],[10,68],[-7,122],[-36,189],[-53,174],[-10,77],[-2,114],[29,-1],[69,-41],[-25,74],[-5,67],[42,109],[37,43],[124,77],[36,32],[-92,58],[-79,-7],[-19,-19],[-25,24],[-19,2],[-27,-32],[-56,-19],[-39,3],[-127,36],[-46,25],[-92,37],[-69,18],[-75,31],[-61,8],[-23,-25],[-45,-82],[-14,-11],[-54,11],[-40,21],[-11,20],[-61,17],[-103,7],[21,177],[33,95],[79,144],[94,209],[31,-12],[17,37],[-30,17],[28,78],[11,71],[-6,120],[-10,75],[-11,128],[4,79],[-25,8],[-123,13],[-85,-3],[-17,-49],[-37,-14],[-45,-86],[-27,-77],[-38,0],[-56,18],[-7,-80],[18,-11],[-5,-35],[-19,-18],[24,-24],[-11,-54],[-70,7],[-4,-25],[-125,18],[-157,15],[-8,-42],[-65,7],[-6,11],[11,76],[-62,7],[-76,23],[-159,67],[-161,72],[-257,119],[1,30],[-56,0],[-8,10],[-65,25],[-18,-59],[-61,7],[7,60],[-58,4],[-25,46],[-35,25],[-43,10],[-8,-37],[-17,-2],[-12,-42],[-43,9],[-7,20],[-104,11],[-54,1],[-139,18],[-8,-29],[-71,4],[-16,-112],[-77,8],[-23,-219],[121,-10],[-55,-65],[-22,-63],[-32,-41],[-30,-25],[-42,-4],[-26,33],[-47,-13],[-45,-54],[-34,-13],[-304,-59]],[[658,58444],[-31,113],[-41,180],[-13,70],[-43,373],[-23,186],[-5,84],[7,141]],[[76933,39388],[-1,-13],[31,-68],[-46,-59],[-24,-64],[3,-67],[-13,-44],[0,-43],[-109,-99],[-14,-33],[32,-80],[-2,-80],[-28,-33],[-12,-106],[2,-36],[-14,-31],[-42,-25],[-13,-21],[-4,-48],[-34,-51],[3,-39],[15,-42],[-3,-77],[25,-63],[39,-53],[-1,-16],[-31,-76],[2,-43],[22,-43],[39,-31],[44,-17],[15,-17],[23,-53],[29,-27],[41,-64],[109,-1],[94,17],[24,-4],[-18,-57],[6,-31],[50,-74],[-18,-50],[-56,-63],[-59,-96],[-44,-46],[-43,-7],[-18,-50],[-63,-69],[-26,-70],[-50,-84],[-5,-39],[-64,-52],[-23,-43],[-13,-76],[-46,-29],[-72,-67],[-12,-18],[-1,-60],[35,-27],[16,-25],[15,-63],[35,-69],[22,-62],[16,-84],[48,-48],[23,-75],[107,-210],[38,-59],[67,-71],[75,-100],[23,-66],[27,-101],[-18,-45],[-40,-32],[-68,-17],[-35,-23],[-18,-42],[-43,-46],[-24,2],[-70,29],[-98,-9],[-81,29],[-76,16],[-36,0],[-110,93],[-23,12],[-30,-8],[-57,-36],[-55,-57],[-57,-47],[-26,-38],[-8,-37],[13,-105],[-14,-45],[-27,-33],[-43,-69],[-33,-41],[-57,-48],[-35,-55],[-56,-56],[-11,-28],[-27,-23],[-33,1],[28,-52],[22,-21],[11,-47],[-22,-48],[-24,-83],[21,-57],[-4,-49],[-78,-60],[29,-48],[1,-55],[-6,-104],[-11,-15],[-134,-44],[-40,-65],[-39,-18],[-26,-47],[-27,-9],[-106,0],[-76,52],[-35,-20],[-31,-72],[-11,-42],[-32,-47],[-83,-105],[-25,-24],[-24,-177],[6,-29],[-14,-30],[-43,-17],[-54,-6],[-66,-39],[-32,-86],[-10,-75],[-14,-20],[-57,-29],[-17,-30],[-44,-29],[-88,66],[-48,2],[-52,57],[-105,97],[-69,39],[-74,4],[-78,-8],[-64,-32],[-74,-19],[-63,-4],[-75,-47],[-56,-12],[-27,20],[-26,-2],[-51,-66],[-107,-77],[-19,-2],[-55,-45],[-59,-40],[-68,-102],[-34,-39],[-16,-44],[-15,-74],[-49,-72],[-54,-112],[4,-44],[21,-82],[-24,-21],[-68,-86],[-16,-39],[-34,-39],[-62,-34],[-34,-30],[-81,-41],[-15,-16],[-88,-127],[-4,-21],[12,-82],[18,-40],[30,-45],[63,-64],[8,-29],[-5,-120],[18,-95],[20,-71],[-6,-60],[-17,-45],[1,-30],[-42,-39],[-17,-47],[-46,-53],[-42,-90],[-6,-72],[-18,-41],[-51,-85],[-65,-68],[-53,-33],[-98,-70],[24,-132],[-44,-96],[56,-130],[11,-49],[-14,-64],[31,-103],[1,-31],[-24,-30],[-28,-55],[-15,-81],[-18,-24],[-7,-40],[-17,-34],[1,-57],[-27,-27],[-47,-22],[-48,-2],[-101,34],[-49,-28],[-19,-73],[-35,-51],[-66,-61],[-34,-52],[-16,-55],[7,-124],[-10,-106],[3,-71],[25,-117],[-1,-19],[-41,-64],[-12,-51],[35,-34],[45,-83],[64,-41],[2,-50],[-19,-63],[-24,-46],[-13,-56],[-1,-107],[-82,-55],[-67,-117],[-36,-30],[-48,13],[-55,0],[-38,-71],[-19,-18],[-61,-37],[-38,-107],[-32,-36],[-21,-36],[-37,-102],[-36,-82],[-62,-20],[-79,-4],[-25,-11],[-72,-71],[-15,-35],[-42,-61],[-69,-59],[-59,-37],[-99,-47],[-52,-3],[-48,-33],[-41,-3],[-48,8],[-43,-58],[-137,-79],[-62,-57],[-61,-13],[-73,11],[-71,-44],[-82,-23],[8,-107],[-8,-76],[-50,-84],[-62,-11],[-46,-19],[-51,2],[-46,-36],[-23,-8],[-50,10],[-67,1],[-28,29],[-34,7],[-75,-3],[-44,11],[-132,-20],[-109,-44],[-34,-23],[-47,17],[-98,-8],[-37,-12],[-69,-45],[-42,-14],[-93,-13],[-77,-21],[-129,-54],[-34,-37],[-36,-65],[-48,-60],[-17,-54],[36,-43],[23,-41],[-5,-63],[-12,-38],[-1,-158],[-29,-38],[14,-47],[33,-45],[-3,-98],[-16,-54],[-45,-84],[-5,-40],[14,-43],[-8,-75],[-34,-115],[-35,-64],[-51,-38],[-6,-18],[-87,-131],[-62,-48],[-23,-34],[-20,-53],[-45,-53],[-17,-47],[-27,-47],[-53,-58],[-67,-46],[-20,-23],[-89,-64],[-8,-83],[18,-41],[-36,41],[-47,15],[-69,-11],[-40,2],[-80,27],[-76,-22],[-25,2],[-52,27],[-42,2],[-51,16],[-79,-5],[-38,8],[-113,58],[-51,-1],[-40,-22],[-18,-32],[-38,-4],[-81,-23],[-90,37],[-54,7],[-58,-16],[-70,31],[-43,24],[-114,20],[-149,-3],[-87,50],[-44,5],[-28,-37],[-72,-13],[-70,23],[-95,-26],[-97,-11],[-67,1],[-55,-44],[-20,-7],[-73,17],[-53,39],[-46,12],[-174,15],[-119,2],[-53,-42],[-18,-30],[25,-63],[2,-83],[-32,-45],[-55,-5],[-36,-13],[-31,-36],[-69,-41],[-66,-53],[-49,-54],[-98,-69],[-35,-33],[-29,-46],[-9,-38],[-24,-48],[-10,-75],[-14,-21],[-42,-31],[-50,-50],[-31,-2],[-92,18],[-67,-14],[-66,-25],[-67,13],[-62,31],[-29,74],[-35,34],[-120,58],[-18,3],[-118,-15],[-74,-24],[-158,-19],[-31,-94],[-40,-51],[-57,-27],[-59,-13],[-84,5],[-93,-27],[-28,-1],[-40,-20],[-13,-40],[-101,-81],[-27,-31],[-57,-44],[-25,-32],[-16,-54],[3,-35],[-11,-24],[-103,-44],[-20,-31],[-33,-24],[-49,-18],[-82,12],[-52,1],[-51,-18],[-62,-40],[-135,-51],[-41,23],[-39,-6],[-62,-30],[-65,-17],[-46,3],[-98,46],[-44,-29],[-151,-45],[-43,-19],[-94,-58],[-61,18],[-17,-17],[-23,-51],[5,-38],[-52,-20],[-83,-44],[-31,-27],[32,-64],[-12,-87],[-73,-58],[-19,-37],[-8,-71],[-1,-84]],[[57692,44493],[90,71],[14,48],[41,16],[45,-26],[64,22],[36,-32],[22,-2],[83,40],[50,-64],[-7,-51],[16,-44],[101,-75],[32,-51],[15,-40],[-16,-76],[-33,-28],[-49,-9],[-15,-39],[-49,-70],[-36,-18],[-33,-39],[7,-88],[-6,-48],[-16,-51],[-9,-70],[16,-47],[7,-61],[-6,-71],[-7,-14],[-74,-63],[-26,-38],[-57,-55],[-11,-40],[0,-80],[35,-107],[67,-36],[47,-156],[59,-28],[22,-56],[32,-9],[45,21],[119,-2],[64,35],[68,60],[39,-4],[43,7],[77,43],[26,1],[22,-18],[15,-36],[32,-36],[64,-24],[22,-63],[33,-42],[93,-34],[37,20],[68,-8],[58,10],[34,18],[60,69],[46,-10],[60,9],[120,-20],[68,-37],[70,12],[20,42],[42,34],[57,59],[42,60],[61,105],[21,61],[0,43],[12,67],[21,45],[39,36],[27,44],[3,41],[16,57],[65,11],[65,34],[42,55],[28,19],[82,28],[45,6],[142,-4],[73,14],[53,27],[60,-1],[24,-37],[19,-52],[28,-34],[21,-6],[38,22],[31,37],[37,17],[85,11],[-1,81],[-48,132],[-31,60],[-2,43],[9,31],[26,158],[71,-2],[82,11],[51,-3],[67,-15],[27,16],[12,27],[65,54],[56,-9],[45,-34],[16,-24],[15,-82],[18,-40],[28,-23],[40,-16],[63,-1],[40,-22],[19,3],[25,-30],[28,-14],[28,-29],[47,-5],[36,17],[78,-59],[39,-6],[79,-28],[2,-62],[35,-48],[45,-29],[23,-43],[15,-58],[8,-66],[1,-94],[-8,-31],[16,-23],[44,-24],[28,-37],[19,-126],[14,-40],[11,-100],[20,-43],[25,-83],[47,-131],[14,-96],[7,-105],[0,-111],[7,-32],[24,-31],[75,63],[21,37],[42,14],[43,-55],[6,-28],[-15,-48],[-31,-23],[-3,-25],[-21,-29],[-1,-54],[-23,-75],[-86,-73],[-22,-28],[45,-74],[-24,-67],[-46,-23],[-84,-124],[-46,-83],[-31,-31],[-38,-19],[53,6],[52,-30],[25,-35],[25,-13],[49,6],[32,-7],[74,-49],[24,-28],[154,15],[47,-4],[59,36],[52,49],[44,26],[48,56],[30,25],[30,43],[31,59],[17,101],[14,19],[11,63],[41,102],[48,50],[5,54],[28,38],[39,34],[59,25],[24,46],[44,27],[24,-31],[54,-32],[96,-29],[78,-10],[25,-37],[-2,-44],[-13,-108],[20,-20],[80,-27],[23,-26],[14,-70],[2,-136],[21,-24],[33,-1],[74,27],[59,12],[82,-41],[81,-7],[83,4],[52,26],[24,39],[-4,74],[9,86],[39,150],[23,49],[38,56],[28,115],[15,80],[14,47],[-2,50],[16,42],[48,53],[34,15],[72,5],[84,-24],[31,-22],[39,-8],[41,22],[34,-7],[2,-29],[-13,-45],[-25,-50],[-52,-27],[-23,-26],[-12,-48],[36,-48],[25,-1],[65,18],[72,68],[47,69],[13,63],[-15,51],[-78,88],[-49,89],[-18,57],[4,13],[99,74],[63,25],[20,51],[40,30],[16,34],[22,17],[93,22],[46,-2],[46,9],[25,-10],[74,18],[72,7],[87,-25],[47,-9],[47,-18],[87,-23],[2,-17],[-72,-75],[-14,-49],[56,-23],[46,-46],[76,-20],[34,6],[40,45],[49,2],[81,34],[48,-16],[96,-2],[78,-8],[27,-10],[44,11],[83,121],[31,68],[3,54],[16,16],[35,8],[47,25],[57,-8],[26,15],[69,-13],[26,32],[34,23],[44,9],[23,71],[49,11],[51,31],[32,11],[99,5],[79,-2],[37,-20],[67,-17],[37,-29],[41,-10],[45,3],[49,-18],[44,-4],[116,15],[132,-4],[92,2],[56,10],[-2,-67],[23,-91],[90,-31],[55,-51],[70,-34],[54,-60],[-46,-32],[-17,-35],[-23,-75],[-40,-66],[-7,-38],[-42,-42],[6,-25],[58,-38],[45,-49],[45,-13],[22,-18],[32,-88],[38,-24],[22,-34],[0,-40],[15,-40],[1,-41],[32,-47],[18,-49],[7,-42],[97,-192],[20,-50],[49,-79],[17,-44],[26,-31],[-9,-46],[-23,-47],[36,-31],[28,-39],[25,-88],[35,-41],[27,-66],[5,-33],[-22,-21],[-18,-73],[-19,-17],[-4,-29],[23,-107],[-1,-68],[12,-15],[65,-26],[42,-47],[57,-29],[39,-29],[56,-57],[84,12],[20,-19],[1,-72],[46,-44],[31,-50],[43,-47],[46,-80],[9,-27],[1,-52],[20,-77],[23,-33],[42,-36],[41,-24],[27,-32],[13,-149],[-26,-27],[-62,-44],[-2,-30],[33,-62],[38,-103],[30,-48],[-4,-47],[15,-84],[61,-59],[30,-9],[63,-42],[50,-50],[31,-13],[59,-39],[20,-1],[90,67],[38,3],[39,18],[69,12],[76,0],[25,-10],[48,-2],[37,-13],[62,-7],[44,-20],[18,4],[42,36],[60,24],[112,-10],[67,16],[64,8],[52,32],[77,25],[39,24],[70,20],[66,-1],[3,34],[84,119],[-18,62],[19,64],[-7,24],[28,56],[2,42],[-17,64],[-8,90],[4,81],[13,66],[18,129],[20,53],[67,65],[58,75],[16,67],[39,87],[24,92],[-3,37],[-105,129],[-4,18],[2,109],[17,37],[-27,92],[-14,101],[12,78],[-3,39],[29,52],[33,45],[59,58],[18,83],[50,52],[14,54],[27,47],[0,39],[-29,90],[8,63],[16,14],[58,17],[66,58],[23,11],[56,-13],[127,-16],[15,7],[39,58],[18,43],[-47,84],[-36,32],[-47,83],[-39,38],[-28,54],[0,45],[10,51],[-4,28],[-28,73],[49,68],[71,33],[37,30],[61,15],[43,26],[20,55],[29,25],[36,57],[41,30],[15,27],[10,56],[-2,52],[-42,54],[-24,51],[2,30],[38,70],[22,78],[5,81],[26,84],[27,18],[82,-6],[62,-56],[54,2],[39,14]],[[71939,43811],[47,-25],[23,-24],[25,-52],[14,-59],[42,-44],[12,-46],[34,-37],[49,-18],[63,-65],[50,-23],[44,0],[130,-44],[46,-39],[20,-44],[5,-41],[-8,-45],[-26,-87],[2,-53],[19,-10],[65,-1],[89,-21],[128,4],[50,-13],[56,-51],[82,-41],[22,-43],[25,-69],[7,-65],[12,-29],[29,-12],[19,-29],[9,-49],[36,-68],[33,-40],[64,0],[56,-27],[52,-56],[54,-10],[55,-28],[16,0],[68,33],[32,0],[43,-15],[80,69],[54,22],[31,-13],[28,-36],[11,-75],[12,-39],[30,-35],[60,-53],[19,-160],[7,-89],[67,-72],[12,-51],[36,-62],[35,-13],[97,-56],[30,-50],[81,-29],[73,2],[62,20],[37,-7],[90,-4],[58,-22],[32,-3],[39,25],[-2,14],[35,25],[33,50],[49,28],[54,-4],[27,11],[35,-18],[54,3],[45,-7],[28,7],[16,31],[46,29],[21,-4],[95,-57],[41,3],[13,-21],[74,-34],[14,-71],[26,-38],[28,-9],[67,-2],[51,44],[29,9],[94,-2],[61,-32],[41,-70],[6,-32],[64,-57],[33,-4],[46,-26],[14,-47],[32,-23],[8,-61],[-29,-38],[35,-84],[43,-57],[-48,-65],[-38,-27],[-23,-36],[-7,-89],[15,-57],[15,-22],[20,-69],[25,20],[51,20],[78,78],[18,28],[45,-1],[69,-30],[40,14],[106,-50],[87,-15],[60,-41],[103,-25],[10,-11],[31,-121],[9,-99],[-8,-69],[5,-41],[50,-108],[171,-154],[46,-57],[28,-47],[1,-35],[-18,-27],[-5,-50],[-19,-32],[-1,-38],[-31,-64],[-16,-45],[-47,-53],[-21,-33],[-5,-28],[69,-145],[36,-49],[-1,-33],[-17,-35],[10,-21]],[[19365,42601],[-101,-4],[-62,-13],[-67,-7],[-1,-14],[45,-15],[3,-78],[7,-54],[64,-15],[-1,-54],[-57,-4],[-29,-46],[-7,-42],[34,-66],[10,-59],[47,-85],[90,-97],[86,-66],[24,-12],[131,-21],[-9,-43],[-69,-14],[-77,-56],[-36,-34],[-34,-61],[-26,-70],[55,-54],[-58,-55],[-31,-40],[-44,-76],[-43,-146],[-37,-101],[-51,-80],[-39,-77],[-65,-164],[26,-40],[53,-42],[35,-47],[37,-80],[40,-48],[166,-139],[30,-18],[48,3],[46,-64],[20,-49],[6,-42],[-6,-31],[-24,-35],[-47,-38],[3,-77],[30,-14],[0,-44],[-67,-24],[39,-95],[45,-36],[28,-55],[20,-23],[71,-45],[47,-21],[71,-7],[23,-35],[12,21],[93,-51],[-13,-30],[54,-46],[67,5],[31,-9],[25,-29],[14,-48],[-14,-57],[-16,-30],[-84,-61],[-26,-10],[-28,-29],[-89,-40],[21,-51],[-52,-27],[-73,-22],[-83,-39],[-50,-5],[-57,34],[-117,58],[-223,118],[-134,56],[-124,-259],[-59,4],[-8,58],[-35,2],[-42,-15],[-67,-44],[-23,-41],[-23,-10],[22,-33],[48,-27],[-3,-30],[-21,9],[-47,-91],[-43,21],[-103,27],[-14,34],[-13,-5],[-37,39],[-81,65],[-60,14],[-30,-100],[48,-15],[6,-53],[73,-127],[62,-80],[11,-79],[-13,-46],[-54,-108],[-12,-39],[31,-50],[9,-35],[-8,-31],[-31,-68],[21,-53],[-33,-38],[-16,-99],[17,-67],[-30,-85],[-9,-66],[3,-66],[-14,-117],[-1,-99],[20,-80],[-4,-43],[9,-74],[-7,-85],[11,-53],[-10,-90],[7,-45],[27,-83],[33,-69],[-13,-85],[-33,-53],[-42,-44],[-50,-78],[-22,-61],[-36,-32],[-51,-80],[10,-39],[22,-39],[169,-12],[98,50],[8,-1],[32,-74],[24,-22],[25,-97],[34,-27],[59,-30],[34,-31],[41,-59],[58,-101],[9,-26],[-5,-58]],[[18769,35916],[-34,0],[-152,-46],[-45,-18],[-39,-27],[-26,-42],[-30,-24],[-107,-16],[-102,-63],[-102,-110],[-41,-9],[12,-67],[-26,-22],[-4,-24],[15,-26],[9,-58],[9,-9]],[[18106,35355],[-58,-1],[-35,54],[-12,36],[-4,74],[-12,55],[-48,121],[-45,52],[-49,92],[-53,80],[-38,-7],[-50,51],[-50,86],[-24,74],[-37,-8],[-37,-22],[-84,-14],[-8,19],[66,71],[70,55],[-18,77],[-21,21],[-36,-12],[-89,-16],[-56,53],[-77,12],[-67,120],[-31,10],[-76,-19],[-43,-1],[-4,-31],[-59,-16],[-26,-36],[-29,41],[-29,-1],[-69,-40],[-8,23],[27,49],[-4,50],[-26,20],[-38,-16],[-32,23],[17,29],[-28,64],[34,32],[-27,72],[-8,71],[-46,168],[-20,41],[-127,-17],[-14,96],[-85,-12],[-9,65],[136,22],[-41,276],[-46,347],[-240,-34],[-13,91],[-17,51],[-68,72],[37,36],[-48,51],[28,29],[-27,38],[-75,-62],[-37,-40],[-59,-49],[-15,-36],[-41,-27],[-85,124],[1,30],[215,144],[17,28],[83,112],[-69,72],[-111,-78],[-25,10],[-80,-47],[26,-36],[-199,-133],[-34,23],[18,73],[-5,51],[-20,25],[-32,-18],[-57,99],[-37,20],[10,14],[-27,19],[-57,15],[-99,4],[-29,24],[-78,98],[-48,36],[-64,32],[-243,98],[-129,70]],[[14790,38817],[12,24],[-56,39],[150,229],[-47,89],[-549,95],[-3,-14],[-50,8],[1,30],[-77,12],[-6,-14],[-335,57],[-180,36],[-134,21],[-50,106],[208,359],[-42,7],[145,251],[273,463],[16,-9],[121,210],[-7,23],[62,108],[-13,8],[403,694],[18,-11],[88,152],[87,51],[252,1],[217,0],[745,1],[0,17],[48,0],[0,-17],[152,0],[3,287],[-117,36],[-42,-1],[0,-16],[-147,0],[-1,16],[-129,0],[0,-16],[-164,0],[0,15],[-48,0],[-103,138],[123,382],[13,-4],[47,146],[-13,4],[170,527],[13,-5],[46,137],[-13,9],[53,164],[15,-2],[49,155],[0,46],[14,3],[16,82],[-180,130]],[[22535,42446],[89,-60],[83,-47],[32,-30],[87,-113],[46,-22],[113,-21],[27,-13],[60,-49],[82,-101],[79,34],[43,-8],[35,-60],[14,-66],[90,-32],[46,-29],[66,-5],[94,-20],[48,-17],[3,-38],[-13,-33],[-53,-89],[2,-50],[-68,-114],[101,-65],[85,-61],[35,-1],[93,-63],[-3,74],[-47,35],[-17,30],[20,31],[42,2],[24,50],[19,14],[88,-14],[136,72],[72,14],[71,-33],[17,-38],[-31,-52],[-15,-87],[29,-32],[66,-17],[-1,-110],[86,-2],[2,-303],[35,-1],[-3,-194],[120,-6],[0,-128],[-18,-24],[56,-69]],[[23068,38204],[-163,2],[-145,6],[-57,6],[-53,-5],[-52,-37],[-18,-64],[-37,-45],[-97,11],[-8,-55],[-66,18],[-89,31],[-134,56],[-174,90],[-74,18],[-34,23],[-72,70],[-42,22],[-116,31],[-39,-21],[-63,-48],[-32,-8],[-48,-47],[-45,-18],[3,-90],[-11,-15],[-74,-51],[-25,-26],[-105,-60],[-32,-28],[-35,-48],[-71,-68],[-24,-16],[-40,-52],[-27,-59],[-41,21],[-172,135],[0,33],[47,52],[0,26],[44,56],[-4,38],[-26,-2],[-52,-75],[-8,-44],[-46,-35],[-61,-67],[-37,-93],[-45,-88],[-14,-69],[-72,-65],[1,-29],[51,-11],[33,-29],[-55,-89],[-37,-46],[-34,9],[-53,-15],[-86,-12],[-23,-45],[-10,-67],[-31,-7],[-110,34],[-50,8],[-67,-3],[-17,-11],[2,-84],[-20,-68],[-36,12],[-50,34],[-79,18],[-61,-2],[-37,-26],[-3,-55],[13,-32],[-13,-45],[-31,-18],[1,-32],[-62,-73],[-13,-4],[-76,33],[-44,0],[-28,-24],[4,-35],[51,-122],[-8,-44],[-59,-49],[-115,-34],[-41,-5],[-91,0],[-35,-87],[-41,-36],[-41,-72],[-44,-106],[-97,-140],[-1,-69],[-8,-37],[-58,-57],[-49,-36],[-24,-36],[-31,10]],[[11457,32657],[45,48],[16,67],[6,76],[23,89],[27,129],[10,166],[-17,196],[1,67],[-11,83],[17,88],[-14,33],[-1,62],[19,17],[-9,46],[-31,44],[14,-2],[35,32],[31,106],[-25,55],[12,-5],[35,34],[3,28],[26,38],[-8,35],[21,26],[7,41],[16,22],[28,132],[-7,14],[15,49],[-19,56],[1,48],[23,45],[-60,47],[-591,405],[4,12],[31,-15],[552,775],[228,326],[374,-210],[190,328],[-352,198],[-2,5],[153,262],[-32,18],[-1,22],[38,65],[48,-15],[11,20],[-851,662],[5,6],[850,-662],[21,36],[43,-23],[539,931],[93,164],[6,2],[386,-66],[228,390],[-17,54],[-781,135],[0,16],[141,242],[28,37],[125,-21],[17,123],[15,-2],[90,157],[17,-27],[835,-144],[0,2],[236,-44],[10,52],[129,-22],[-9,-52],[17,-45],[-56,-97],[-32,-47],[170,-129],[37,54],[-6,22],[167,248]],[[18106,35355],[42,-11],[34,-50],[17,-5],[73,-70],[-16,-114],[41,-52],[-17,-72],[32,-56],[15,-136],[22,5],[14,39],[51,6],[19,-25],[-58,-69]],[[18375,34745],[-53,0],[-34,-12],[-29,5],[-110,-35],[-11,-91],[-10,-30],[-65,-34],[-64,-57],[1,-26],[-36,-22],[-20,-46],[-20,-25],[-18,-71],[-25,-18],[-25,-113],[-42,-17],[-76,11],[-17,-4],[-72,-40],[-6,-10],[13,-70],[165,2],[64,-27],[8,-29],[-39,9],[-15,-66],[-27,-30],[-30,-14],[-49,-6],[-115,-37],[-58,3],[-38,-27],[-43,0],[-33,17],[-48,75],[-43,21],[-100,91],[-85,9],[-50,-5],[-68,15],[-33,25],[-44,56],[-1,128],[-11,10],[-62,16],[-8,-40],[-68,-36],[-126,-42],[-3,98],[-44,29],[-32,59],[-3,74],[-28,-43],[-84,-68],[-100,-41],[-57,-53],[-30,-66],[-52,-64],[-24,-15],[-67,6],[-83,47],[-75,28],[-32,27],[-19,36],[-34,-21],[-48,-66],[12,-17],[-62,-111],[-18,-21],[-34,-15],[4,-15],[-72,-16],[4,-34],[-87,-73],[-38,33],[-52,29],[-7,43],[-54,-9],[7,-60],[-25,-9],[-103,-19],[14,-23],[-3,-42],[72,6],[15,-91],[75,-66],[-15,-36],[-2,-49],[-27,0],[52,-85],[31,-1],[2,-119],[-21,2],[0,-126],[53,-77],[2,-73],[-8,-122]],[[10456,34008],[-39,26],[570,854],[46,-14],[244,-169],[-70,-100],[196,-132],[13,5],[64,90],[32,-24],[-200,-653],[-30,-27],[-69,-37],[-78,-64],[-55,-84],[61,-39],[-36,-54],[-82,51],[-436,284],[-131,87]],[[28187,55456],[-24,-23],[-167,-40],[-48,-31],[-33,-100],[-39,-65],[-54,-32],[-104,-27],[-9,29],[-63,93],[-46,8],[-101,-32],[-78,-40],[-67,-24],[-48,25],[-98,34],[-55,29],[-94,-12],[-32,16],[-121,-33],[-27,-36]],[[22813,29798],[1,34],[-16,1],[3,121],[15,-1],[11,533],[86,69],[-11,91],[32,346],[-81,8],[44,469],[-9,-111],[129,-13],[102,331],[32,91],[-117,175],[-52,98],[-34,81],[-10,44],[2,56],[16,121],[27,121],[43,169],[5,40],[20,56],[-9,13],[2,84],[21,56],[42,208],[116,-22],[-17,15],[30,27],[78,248],[-41,26],[8,23],[49,-1],[59,175],[71,158],[6,46],[-210,-20],[-12,2],[22,140],[-4,0],[35,213],[-65,7]],[[23232,34126],[1,16]],[[15600,61870],[-25,-3],[-50,-64],[-130,-218],[-52,-109],[-99,-146],[-29,-56],[-43,-107],[-40,-29],[-58,-1],[-44,9],[-44,24],[-62,20],[-49,-6],[-49,32],[-54,58],[-65,94],[-51,39],[-36,17],[-77,24],[-92,-63],[-26,-4],[-36,14],[5,40],[58,6],[32,32],[-76,59],[-61,67],[-39,30],[-89,17],[-95,62],[-58,9],[-38,-10],[-73,-37],[-41,-7],[-135,20],[-40,-2],[-102,-47],[-23,-3],[-58,16],[-72,32],[3,35],[-5,73],[-18,8],[-25,-24],[-19,-67],[-52,-3]],[[26077,46215],[62,-108],[44,-66],[49,34],[16,-23],[67,13],[64,36],[12,-22],[59,48],[27,49],[58,34],[49,-42],[-44,-39],[-27,-40],[5,-55],[-14,-47],[3,-56],[-12,-9],[-10,-78],[29,-63],[-3,-43],[7,-56],[72,-8],[37,-13],[9,-70],[14,-13],[26,5],[45,39],[38,-16],[111,46],[39,0],[33,-13],[8,-28],[47,-20],[83,-9],[41,-22],[48,-87],[31,-38],[7,-65],[33,-84],[169,-113],[98,0],[35,-20],[3,-37],[-24,-42],[-2,-23],[33,-114],[-61,-54],[-11,-33],[26,-35],[-6,-40],[60,-42],[48,18],[27,-6],[16,-19],[11,-57],[-12,-27],[-31,-35],[-83,-59],[10,-51],[33,-23],[67,-18],[8,-34],[27,-35],[-11,-74],[-24,-60],[6,-66],[23,-35],[-3,-22]],[[26489,52013],[51,-28],[28,-45],[26,-8],[48,10],[33,37],[48,-18],[82,-73],[42,4],[-1,53],[7,40],[19,37],[51,25],[3,55],[10,26],[56,47],[57,54],[42,48],[48,100],[29,19],[58,1],[68,-13],[48,27],[74,23],[83,167],[60,19],[69,37],[92,-52],[38,6],[63,48],[13,24],[3,47],[13,25],[27,21],[95,140],[-1,27],[85,107],[104,46],[33,-18],[30,-66],[29,6],[24,-45],[66,25],[6,-7],[173,29],[55,6],[42,13],[100,52],[69,52],[38,17],[47,-3],[12,-101],[38,-7],[-53,-158],[-37,-23],[-19,-56],[47,-53],[17,-52],[-37,-30],[-2,-16],[47,-92],[30,-5],[98,-49],[45,-46],[65,-32],[79,-6],[49,4],[21,-29],[71,-22],[170,-5],[67,-35],[48,-37],[78,-22],[44,-25],[121,-14],[132,-40],[60,-2],[76,-14],[156,27],[88,3],[91,14],[68,28],[52,-10],[34,-15],[24,-38],[18,-10],[26,-59],[27,-16],[26,11],[43,70],[23,3],[89,-30],[46,5],[38,-43],[47,-23],[111,-4],[59,20],[47,3],[85,39],[67,1],[43,-8],[74,5],[21,-6],[61,-43],[28,-11]],[[31733,50985],[-100,7],[-24,-6],[-87,-65],[-51,-90],[-57,-22],[-29,-26],[-12,-68],[-21,-49],[-17,-16],[-83,25],[-32,-15],[-59,-78],[-59,-49],[-65,-33],[-9,-40],[-37,-73],[-50,-20],[-2,-65],[21,-138],[38,-28],[117,-169],[40,-39],[47,-21],[23,-23],[39,-104],[17,-75],[-13,-41],[-48,-2],[-68,10],[-24,-16],[-17,-69],[-38,-56],[-89,-60],[-24,-5],[-21,30],[-43,18],[-16,-3],[-102,-47],[-21,-191],[6,-12]],[[30763,49261],[-28,-91],[-40,-12],[-32,-66],[-42,-30],[-16,-78],[-39,-40],[-37,-61],[-53,-27],[-110,-78],[-31,-12],[-25,9],[-82,-37],[-59,-11],[-79,-3],[-67,7],[-50,14],[-78,69],[-33,40],[-48,0],[-25,32],[-107,12],[-71,-9],[-91,-5],[-75,-33],[-58,-53],[-85,-33],[-36,-23],[-57,-13],[-53,-2],[-47,-21],[-4,-60],[38,-217],[-113,-41],[-15,-30],[-29,-9],[-100,8],[-143,45],[-28,24],[-51,6],[-14,-11],[-96,11],[-91,3],[-31,-27],[-34,-63],[-32,-88],[-33,-38],[-9,-28],[-47,-38],[-71,-68],[-46,-19],[-82,3],[-17,68],[-34,63],[-65,-6],[-7,31],[-38,14],[-40,-19],[-61,-3],[-8,-16],[10,-87],[-6,-10],[-89,-46],[-43,-14],[-66,2],[-8,-22],[68,-20],[-25,-31],[-32,-21],[-36,-58],[-58,-47],[-80,-78],[-29,6],[-84,89],[-12,21],[-56,54],[-49,56],[-85,11],[-122,83],[-79,41],[-47,39],[-64,77],[-8,-15],[61,-100],[-12,-26],[-31,-13],[-57,4],[-62,-53],[-37,-39],[-65,-10],[-32,-74],[-40,-67],[-15,-51],[-18,-14],[-120,-36],[-117,-46],[-39,84],[-81,41],[-93,42]],[[49880,6604],[2,-18],[-63,-24],[-126,-32],[-66,-25],[-194,-60],[-209,-54],[-81,-16],[-53,-18],[-233,-62],[-160,-47],[-71,-28],[-110,-37],[-101,-26],[-78,-28],[-107,-24],[-163,-45],[-45,-16],[-145,-35],[-40,-16],[-140,-28],[-136,-37],[-99,-21],[-239,-75],[-89,-33],[-56,-17],[-173,-66],[-192,-62],[-112,-43],[-228,-72],[-25,-14],[-121,-31],[-188,-61],[-110,-38],[-41,-7],[-251,-80],[-101,-39],[-97,-29],[-60,-23],[-135,-46],[-156,-46],[-148,-55],[-46,-10],[-285,-108],[-49,-23],[-107,-36],[-115,-57],[-90,-13],[-178,-64],[-73,-33],[-201,-52],[-103,-28],[-240,-82],[-78,-37],[-111,-58],[-80,-26],[-102,-49],[-76,-20],[-83,-29],[-50,-9],[-131,-48],[-74,-40],[-129,-39],[-89,-36],[-69,-15],[-59,-25],[-100,-55],[-179,-70],[-117,-56],[-72,-26],[-66,-36],[-73,-30],[-136,-39],[-55,-21],[-77,-39],[-104,-32],[-63,-40],[-88,-31],[-82,-47],[-69,-30],[-48,-40],[-42,-3],[-35,10],[-34,-6],[-27,14],[-26,34],[-74,-3],[-151,-48],[-90,-36],[-72,-4],[-130,-30],[-59,-19],[-79,-35],[-94,-28],[-213,-85],[-125,-53],[-183,-84],[-80,-33],[-213,-103],[-275,-116],[-171,-84],[-85,-54],[-54,-46],[-27,-51],[-10,-83],[13,-36],[70,28],[5,-17],[-134,-53],[-22,-23],[-14,-76],[-23,2],[10,20],[44,233],[-6,18],[-15,191],[19,72],[-66,26],[-36,65],[49,49],[-50,57],[-69,-56],[5,-14],[-54,57],[-131,-89],[73,-107],[128,62],[79,-95],[-36,-47],[37,-76],[26,-94],[-4,-24],[-10,62],[-17,40],[-72,-27],[-49,-34],[-38,-36],[-20,-42],[-5,-41],[73,-8],[-1,-10],[-82,10],[-61,138],[-16,23],[-24,-5],[-74,-53],[-64,-26],[-126,-26],[-65,-20],[-49,0],[-189,-85],[-14,-23],[-46,-29],[-49,-13],[-51,-25],[-34,-5],[-83,-41],[-69,-19],[-68,-38],[-54,-20],[-33,-22],[-53,-17],[-75,-35],[-60,-41],[-86,-41],[-84,-35],[-55,-33],[-14,8],[-44,-38],[-23,0],[-136,-46],[-25,-21],[-62,-24],[-73,-18],[-108,-46],[-58,-30],[-37,-30],[-14,-23],[18,-36],[-15,4],[-17,34],[-22,5],[-79,-5],[-106,-34],[-64,-32],[-66,-45],[-39,-44],[-27,-5],[-83,26],[-62,-6],[-141,-35],[-82,-64],[-119,-54],[-77,-24],[-50,-26],[-36,-5],[-10,-17],[-28,6],[-78,-28],[-35,6],[-12,13],[-50,-20],[-108,-16],[-64,-22],[-95,-2],[-57,-15],[-50,-31],[-71,-20],[-64,-8],[-47,-16],[-84,5],[-51,16],[-106,-11],[-40,8],[-50,-4],[-87,-28],[-81,-7],[-42,-18],[-124,-35],[3,-24],[-22,16],[-64,-15],[-8,13],[-69,5],[-12,-7],[-72,17],[-71,0],[-44,-13],[-80,-12],[-20,16],[-52,14],[-33,-9],[-85,54],[-53,16],[-33,-3],[-40,20],[-68,-4],[-35,35],[-56,23],[-51,-3],[-33,-18],[-113,-20],[-21,-14],[-28,11],[-49,-9],[-28,6],[-8,24],[-105,25],[-85,6],[-41,-8],[-53,14],[-24,15],[-42,7],[-40,20],[-37,45],[-72,2],[-59,-8],[-41,18],[-45,31],[-1,14],[-33,10],[-90,9],[-24,-7],[-82,-8],[-179,-40],[-177,-31],[-124,-25],[-130,-30],[-141,-39],[-104,-22],[-305,-59],[-98,-30],[-259,-59],[-85,-23],[-212,-47],[-56,-18],[-87,-12],[-75,-27],[-26,-2],[-113,-34],[-337,-91],[-260,-61],[-51,-19],[-178,-54],[-112,-26],[-132,-40],[-174,-45],[-37,-20],[-101,-33],[-69,-9],[-119,-36],[-82,-19],[-122,-38],[-89,-16],[-60,-25],[-64,-34],[-37,-50],[-46,17],[-55,-2],[-53,-27],[-40,2],[4,17],[-48,8],[-37,17],[-27,49],[-19,13],[2,27],[-45,81],[-53,24],[-113,6],[-135,-28],[-210,-31],[-104,-23],[-104,-10],[-164,-30],[-105,-32],[-33,-20],[-64,-17],[-58,-30],[-32,-5],[16,31],[-45,9],[-84,44],[-52,44],[-20,52],[13,79],[40,34],[30,9],[75,67],[20,26],[21,86],[-4,72],[36,26],[42,83],[39,90],[15,107],[31,53],[26,62],[6,-3],[-32,-78],[35,-69],[-83,-108],[-62,-151],[185,-74],[73,28],[2,15],[38,15],[21,-9],[34,83],[-27,17],[30,0],[30,66],[-41,27],[-141,63],[2,5],[161,-73],[56,75],[37,75],[51,83],[79,46],[25,22],[38,54],[56,135],[26,78],[74,249],[13,52],[-4,28],[19,29],[25,126],[14,45],[-5,38],[13,52],[-9,31],[9,58],[-8,22],[15,57],[-8,35],[29,-4],[36,73],[0,31],[19,33],[8,-10],[36,67],[57,94],[-11,6],[70,127],[38,52],[3,44],[17,73],[-49,27],[17,14],[72,-42],[36,58],[-3,65],[64,53],[32,69],[-14,71],[64,27],[23,43],[8,42],[-7,38],[-21,37],[13,15],[38,3],[50,38],[12,28],[109,210],[83,171],[41,73],[22,51],[13,48],[41,95],[73,196],[90,208],[64,153],[63,131],[17,46],[99,209],[227,501],[28,69],[50,107],[29,74],[27,43],[34,86],[28,60],[54,85],[17,38],[27,92],[24,28],[21,64],[96,193],[60,132],[25,75],[29,43],[50,113],[28,32],[47,22],[36,54],[49,47],[49,59],[67,107],[98,133],[135,132],[139,128],[121,62],[388,96],[-11,-9],[50,-14],[38,14],[-2,-24],[48,-20],[75,-9],[113,-27],[127,-10],[39,-7],[8,13],[48,-60],[87,-58],[76,-35],[31,-35],[20,0],[64,-55],[-5,-6],[49,-43],[70,-47],[-7,-7],[27,-18],[24,-39],[76,-36],[76,9],[44,16],[31,50],[12,-2],[-68,-109],[-20,-51],[18,-31],[11,-138],[7,-30],[-21,-24],[-18,12],[4,34],[-30,-11],[-20,-221],[34,-17],[-4,-141],[-41,1],[-235,-91],[-88,-137],[153,-55],[41,137],[49,21],[30,-56],[117,-4],[15,7],[3,81],[-17,17],[63,-2],[-3,-131],[21,-18],[93,-19],[129,-4],[91,-73],[89,-20],[53,5],[66,-2],[49,11],[78,3],[74,-16],[60,-19],[35,-23],[52,-63],[15,-3],[14,-30],[125,-57],[94,-84],[11,-33],[3,-49],[-10,-22],[-78,-75],[-80,-71],[-34,-52],[-48,-1],[-73,15],[-14,-44],[-6,-72],[46,-10],[33,23],[-29,-40],[2,-73],[-15,-1],[1,-37],[-21,-1],[7,-77],[1,-169],[16,-96],[72,8],[30,-7],[-4,122],[90,4],[33,91],[-22,7],[55,91],[10,-10],[25,27],[18,-12],[54,45],[26,5],[211,-8],[140,-25],[21,-9],[50,-41],[24,-11],[81,-5],[92,27],[74,13],[62,16],[-36,-39],[-33,-23],[9,-56],[47,-30],[35,13],[-21,77],[9,1],[22,-85],[80,-23],[-32,-28],[41,8],[54,74],[86,30],[58,37],[38,33],[15,1],[86,46],[63,57],[23,-14],[63,30],[29,34],[23,-10],[84,6],[27,14],[49,-11],[42,7],[60,51],[46,-11],[83,28],[35,46],[37,0],[-17,69],[31,-38],[13,-32],[38,50],[7,27],[31,5],[57,34],[106,44],[7,55],[40,18],[51,84],[73,70],[56,108],[44,34],[8,29],[18,-17],[20,8],[-10,32],[-33,50],[1,14],[-146,223],[-39,76],[-55,69],[-99,30],[-10,-24],[-22,-9],[-16,29],[-71,-10],[-9,-24],[-37,8],[19,25],[-8,17],[-18,-24],[-20,27],[4,28],[-41,28],[-79,-18],[-59,-5],[-28,-11],[-53,2],[6,18],[-46,92],[-15,18],[-34,-4],[-7,46],[-59,37],[-65,92],[40,-10],[66,43],[122,67],[46,19],[84,11],[21,-13],[70,0],[41,-13],[39,5],[48,-8],[64,4],[55,-14],[93,-14],[48,-16],[95,-51],[90,-19],[35,-16],[180,-53],[33,-5],[79,2],[123,19],[90,5],[45,-7],[127,21],[69,18],[25,-13],[71,20],[139,59],[80,38],[90,51],[105,68],[0,27],[17,0],[-6,-35],[-104,-103],[0,-57],[29,-5],[68,-44],[208,31],[53,-23],[38,2],[86,24],[122,66],[13,17],[16,-37],[39,3],[103,26],[108,45],[42,-1],[64,11],[54,29],[35,31],[25,10],[159,128],[59,26],[55,13],[90,83],[59,64],[32,49],[-21,15],[72,102],[7,-4],[-66,-96],[41,-56],[51,70],[32,3],[68,100],[10,41],[35,19],[36,37],[3,54],[38,-33],[29,20],[32,48],[104,106],[83,123],[21,46],[67,92],[85,69],[33,16],[66,7],[86,-52],[29,4],[70,36],[15,-65],[63,-66],[93,-34],[24,-14],[59,-15],[32,10],[29,-5],[117,59],[2,24],[69,72],[-35,-46],[24,-33],[12,17],[93,79],[64,81],[12,34],[20,10],[34,60],[23,9],[53,80],[14,37],[22,11],[33,60],[9,-1],[52,70],[15,31],[45,56],[35,59],[13,-7],[33,39],[63,98],[108,50],[18,-1],[50,-47],[24,-13],[106,8],[52,44],[53,72],[73,-48],[49,2],[-16,-19],[49,-35],[41,-7],[-5,-31],[28,-24],[88,-40],[49,6],[13,-32],[84,-17],[50,0],[-8,-19],[68,-37],[44,-3],[36,14],[17,-13],[58,19],[0,-51],[31,13],[21,-8],[47,5],[39,24],[16,-15],[37,20],[1,15],[44,15],[40,24],[82,62],[39,36],[98,67],[28,28],[69,44],[31,30],[32,48],[43,92],[36,24],[15,48],[51,62],[-149,89],[-78,49],[47,-20],[25,26],[60,123],[24,68],[26,-8],[31,35],[43,97],[27,93],[-26,24],[93,-53],[56,63],[7,-5],[-56,-64],[95,-61],[16,-16],[44,50],[52,43],[105,62],[4,27],[-23,104],[6,-1],[25,-110],[-17,-54],[61,-42],[37,11],[21,35],[35,-17],[81,10],[145,11],[17,-3],[-9,125],[-283,33],[-512,760],[953,630],[0,284],[7,0],[-1,-283],[476,-97],[16,7],[284,-525],[-14,-7],[27,-50],[143,75],[-106,-60],[99,-184],[-23,-40],[68,-4],[20,16],[34,1],[3,-28],[75,-10],[23,-21],[20,54],[96,38],[-66,162],[27,14],[318,720],[69,153],[-383,647],[-245,-21],[0,5],[242,20],[491,383],[238,187],[990,773],[1170,-253],[28,-4],[4,-845],[-17,0],[4,-1098],[4,-755],[16,0],[1,-49],[-17,0],[2,-314],[-776,-5],[-1,-64],[-9,-28],[41,60],[-10,-57],[19,-27],[12,-55],[-1,-56],[-17,-50],[-110,-237],[-35,-55],[-161,-194],[-20,-18],[40,-47],[28,-64],[5,-47],[-5,-38],[-48,-148],[-29,-60],[-19,-22],[64,-58],[78,65],[96,47],[150,30],[172,25],[11,28],[18,0],[-2,175],[7,5],[65,-23],[412,-165],[6,1],[368,-68],[44,-11],[25,-18],[8,-55],[36,0]],[[43065,12250],[-35,-9],[-46,1],[-39,14],[-72,44],[5,13],[-17,-1],[-29,45],[-9,6],[-18,52],[12,28],[35,34],[81,32],[27,2],[38,21],[41,9],[119,-28],[57,-34],[33,37],[80,170],[4,-2],[-94,-203],[18,-54],[-10,-76],[-46,-48],[-56,-29],[-79,-24]],[[33043,6349],[46,-26],[-40,-10],[33,-29],[6,-55],[-44,-17],[-109,-3],[-14,3],[-7,34],[15,183],[14,6],[-1,30],[28,13],[139,-7],[0,-88],[-66,-34]],[[33819,7099],[31,-30],[2,-27],[50,-21],[-18,36],[-21,10],[-28,38],[59,13],[18,-22],[-4,-21],[35,-84],[14,-1],[3,-32],[20,-12],[-66,-22],[-18,-28],[10,-34],[-7,-22],[-102,0],[-11,87],[5,11],[-29,49],[17,42],[-29,-7],[12,30],[28,34],[-19,32],[48,-19]],[[33810,6791],[66,-28],[9,-30],[-23,-5],[23,-53],[24,-5],[1,-22],[19,16],[-33,56],[-5,31],[41,-10],[13,-20],[85,-48],[-22,-42],[-45,16],[-38,-33],[-50,10],[-79,115],[-55,7],[-9,-34],[40,-16],[-27,-14],[-33,10],[-34,42],[5,40],[49,28],[51,-14],[27,3]],[[31282,7034],[8,86],[36,110],[12,-3],[-22,-74],[30,-19],[61,-17],[106,-3],[30,11],[-6,-23],[37,-28],[23,4],[-16,-83],[-18,-16],[24,-31],[12,-59],[-48,21],[-23,40],[-10,60],[7,51],[-40,-2],[-27,-21],[5,35],[-49,14],[-75,-26],[-38,-33],[-19,6]],[[31983,7050],[-4,12],[56,10],[28,-17],[17,45],[-11,-96],[-19,-44],[-14,47],[-17,1],[-20,37],[-16,5]],[[32266,6964],[22,-17],[23,19],[-5,-38],[32,-37],[9,-52],[-16,5],[-28,51],[-24,14],[-13,55]],[[33946,7139],[34,-54],[-28,-21],[-15,24],[8,29],[-51,52],[5,20],[-46,63],[8,6],[85,-119]],[[42170,10436],[-6,2],[-154,-60],[-56,-63],[-7,6],[56,63],[166,64],[1,-12]],[[44979,13933],[-4,-3],[-250,314],[5,4],[249,-315]],[[31838,6991],[17,-2],[-1,-32],[15,-39],[-6,-47],[-5,55],[-46,100],[15,-21],[-1,40],[16,17],[-4,-71]],[[33359,6573],[-25,12],[21,18],[35,-6],[18,-69],[-15,-7],[-5,51],[-29,1]],[[31813,7037],[-36,35],[-4,37],[23,-24],[24,-5],[-7,-43]],[[32753,6645],[8,-52],[14,-35],[-17,-17],[-9,40],[4,64]],[[25581,598],[-14,-20],[-27,28],[10,18],[24,-4],[7,-22]],[[34540,7406],[28,-23],[4,-19],[-57,33],[25,9]],[[34519,6880],[-7,-17],[-28,13],[32,19],[3,-15]],[[27350,363],[22,-21],[-16,-11],[-6,32]],[[32840,1234],[20,22],[18,-20],[-38,-2]],[[33633,7629],[31,-9],[-20,-19],[-11,28]],[[26509,0],[-12,13],[35,22],[10,-7],[-33,-28]],[[31260,6738],[-4,0],[6,201],[4,0],[-6,-201]],[[32122,1368],[24,3],[10,-24],[-41,10],[7,11]],[[25619,477],[-20,16],[25,13],[-5,-29]],[[27196,322],[-21,-16],[-17,21],[38,-5]],[[41158,9183],[92,63],[-56,-46],[-36,-17]],[[26744,160],[5,31],[17,-1],[-22,-30]],[[31082,7494],[-4,-6],[-69,47],[4,7],[69,-48]],[[33381,1227],[22,2],[-4,-22],[-18,20]],[[36338,7423],[-63,37],[128,-67],[-65,30]],[[26628,67],[-28,9],[15,15],[13,-24]],[[33795,7554],[20,-12],[-18,-12],[-2,24]],[[36237,7334],[70,14],[1,-8],[-71,-6]],[[42846,12258],[-23,-26],[48,80],[-25,-54]],[[33095,6566],[16,-18],[-8,-24],[-8,42]],[[130,50103],[-43,118],[-30,123],[-43,211],[-13,104],[1,96],[16,116],[37,189],[46,153],[145,472],[12,69],[9,121],[-5,76],[-22,228],[-27,192],[-76,487],[-63,380],[-45,198],[-22,116],[-7,97],[21,288],[-1,103],[4,136],[15,218],[28,231],[12,86],[17,213],[10,42],[29,68],[43,59],[179,187],[118,103],[112,101],[115,125],[42,59],[97,119],[59,124],[18,220],[-8,70],[-17,46],[-63,132],[-10,39],[-14,159],[0,69],[-8,93],[11,142],[10,81],[2,64],[-5,78],[-17,126],[-13,114],[-4,83],[4,63],[-2,168],[-10,101],[-17,119],[-18,171],[-56,300],[-25,95]],[[6793,56397],[-20,-88],[-12,-23],[-43,-144],[-2,-78],[218,-15],[-24,-116],[-25,-32]],[[7434,50289],[37,-29],[32,-12],[10,-21],[-9,-105],[3,-32],[-19,-130],[-3,-69],[26,-56],[97,-1],[9,-25],[-83,7],[35,-129],[33,-20],[6,-85],[14,-79],[-2,-45],[-18,-32],[-35,-21],[-6,-90],[-64,-62],[-50,-133],[-126,37],[-70,-12],[-15,32],[-18,98],[-19,-10],[-36,27],[11,16],[-14,41],[-83,53],[-36,11],[-94,-10],[-19,-58],[42,-161],[-3,-37],[-19,-37],[15,-36],[-55,-42],[30,-23],[34,2],[31,-31],[28,5],[72,-36],[52,-39],[83,-23],[218,-90],[-11,-31],[-88,-134]],[[7357,48632],[-18,10],[-84,8],[-83,-5],[-93,-33],[-166,-116],[-99,-55],[-43,-8],[-88,14],[-59,26],[-118,81],[-37,33],[-64,72],[-61,115],[-66,-8],[-10,25],[-11,154],[-13,50],[4,26],[38,141],[24,63],[39,125],[-22,32],[23,145],[1,87],[-144,65],[-21,-21],[-60,-121],[-59,-2],[-117,-150],[-30,17],[-45,57],[-19,43],[-23,21],[-26,77],[-29,46],[-77,52],[-44,20],[-51,11],[-3,-38],[-64,10],[-42,-11],[-51,4],[-34,-13],[-11,-53],[44,-13],[6,-19],[-63,-14],[-23,-41],[-196,23],[-14,-13],[-23,26],[-101,-37],[-37,-51],[-28,-6],[-34,-62],[10,-48],[96,-145],[-51,-76],[-36,52],[-86,87],[20,25],[-52,52],[-14,45],[-64,65],[-58,13],[-29,-23],[-59,83],[-19,36],[4,43],[-208,36],[-3,-19],[30,-21],[-22,-88],[-72,-37],[-56,-8],[-60,21],[-160,38],[-23,-93],[-33,6],[-175,46],[12,43],[-96,25],[15,87],[-37,10],[26,102],[-73,11],[-68,18],[-41,48],[-54,4],[-58,24],[-61,-6],[-47,-22],[-91,20],[-71,4],[-1,-25],[42,-9],[2,-36],[36,-8],[3,-39],[13,-2],[-3,-63],[-70,-3],[-18,-23],[-74,11],[-34,-2],[-12,31],[-43,1],[-28,13],[-14,-51],[-48,5],[-28,-156],[83,-13],[10,51],[29,-5],[10,-44],[-6,-34],[-108,-63],[-87,2],[12,-41],[-30,-10],[-42,87],[-44,79],[-80,-26],[-147,-6],[76,-392],[38,6],[31,-139],[28,-80],[-403,-235]],[[2261,48660],[-110,149],[-180,194],[-173,192],[-25,12],[-143,4],[-174,48],[-192,58],[-42,15],[-114,60],[-108,42],[-252,104],[-60,8],[-29,-13],[-161,23],[-99,20],[-107,223],[-162,304]],[[13167,54190],[-21,18],[-68,4],[-75,-14],[-45,39],[-26,12],[40,62],[2,15],[-74,44],[41,111],[-10,71],[25,116],[-9,75],[13,27],[-58,87],[-6,17],[26,29],[34,0],[49,-23],[15,12],[-3,48],[-23,51],[-30,19],[-63,89],[-15,55],[0,31],[13,36],[25,22],[-68,138],[-72,-21],[-46,8],[-68,38],[-69,53],[-74,69],[-72,56],[-53,57],[-7,30],[9,28],[97,119],[21,42],[3,32],[-57,75],[-64,124],[-1,23],[72,117],[-8,55],[-34,68],[-20,10],[-90,-23],[-60,-7],[-45,2],[-176,-6],[-150,-11],[-118,-15],[-44,14],[-424,-24],[-13,136],[-7,149],[8,28],[18,1],[10,33],[-11,206],[-10,227],[-12,222]],[[12810,60548],[28,-12],[26,-142],[22,-96],[-76,-4],[-5,18],[-59,-8],[7,-76],[-15,-17],[-62,-4],[-52,-13],[2,-44],[-36,-4],[-15,-41],[0,-68],[-62,5],[84,-179],[164,-338],[3,-27],[-47,-22],[127,-219],[217,26],[38,-8],[137,6],[11,139],[10,37],[37,66],[39,-12],[19,-118],[28,-85],[546,-591],[3,-41],[-25,-1],[-2,-21]],[[17211,60880],[-10,-41],[-11,-102],[-38,-109],[26,-60],[216,-307],[-91,-139],[-98,-163],[-29,-67],[-8,-106],[25,-134],[0,-62],[71,-57]],[[7357,48632],[54,-33],[40,-36],[87,-108],[59,-88],[51,-67],[23,12],[55,-49],[84,-31],[18,-14],[4,-25],[-23,-2],[-4,-25],[95,-20],[78,6],[61,-12],[92,31],[22,-35],[81,-57],[48,19],[167,-78],[45,-28],[49,-84],[44,-93],[32,-39],[34,-63],[43,-36],[0,-27],[24,-37],[20,-91],[116,-113],[341,-334],[128,-120],[6,-11],[-3,-67],[-15,-97]],[[9313,46780],[-122,20],[-102,-5],[-40,8],[-29,-83],[-28,-41],[-70,-64],[-99,-79],[-68,-45],[-18,0],[-43,-24],[-37,-46],[-19,0],[-133,-104],[-40,-27],[-87,-36],[-127,-37],[-100,-24],[0,31],[24,8],[2,37],[-45,196],[-44,145],[-47,64],[-70,78],[-47,10],[-106,10],[-146,10],[-243,22],[79,-145],[44,-116],[1,-27],[-22,-75],[-89,-107],[-37,-25],[-95,-37],[-119,-28],[-205,-38],[-106,-13],[-250,-8],[-84,12],[-47,-29],[194,-272],[186,-239],[42,-47],[45,-37],[93,-58],[57,-26],[93,-29],[146,-26],[248,-42],[144,-26],[60,-17],[73,-35],[51,-34],[82,-75],[57,-60],[81,-111],[77,-134],[52,-79],[56,-69],[89,-91],[322,-316],[92,-87],[90,-80],[244,-189],[82,-56],[464,-267],[100,-58],[278,-157],[-3,-362],[-1,-415]],[[10093,42674],[-728,-2],[0,-216],[271,1],[2,-59],[0,-299],[5,-40],[1,-305],[-16,0],[1,-240],[16,-1],[1,-442],[-16,-1],[0,-57],[16,-1],[0,-59],[-16,0],[1,-292],[-16,-19],[-361,205],[5,16],[-694,392],[-405,-187],[-4,-28],[182,-149],[22,-32],[96,-80],[154,-123],[24,-28],[60,-50],[-11,-13],[27,-20],[19,23],[372,-309],[243,-200],[-16,-20],[18,-43],[19,-6],[-224,-628],[227,-179],[-9,-5],[-425,336],[-144,112],[-2,-2],[-247,192],[-52,5],[-73,-28],[-189,-104],[-17,3],[-243,328],[-49,31],[-18,-4],[-171,-11],[-318,-51],[-70,102],[225,161],[-473,639],[-409,551],[-126,313],[-429,1053],[-84,531],[-43,255],[-4,80],[9,178],[7,256],[14,368],[-14,148],[-26,201],[-40,254],[-13,61],[-24,63],[-25,36],[-42,43],[-186,156],[-124,109],[-57,46],[-102,74],[-104,82],[-53,54],[-94,110],[-185,228],[-166,214],[-87,126],[-68,108],[-66,100],[-69,71],[-51,32],[-217,149],[-239,109],[19,37],[-22,15],[-197,107],[-46,3],[-22,43],[-51,44],[-15,4],[-119,-52],[-17,2],[-303,211],[-435,544],[-314,390],[-193,266]],[[9657,41658],[-2,-51],[-1,318],[3,-50],[0,-217]],[[27831,44249],[66,36],[39,36],[27,36],[27,54],[48,133],[98,184],[42,73],[17,38],[52,251],[59,168],[208,446],[42,122],[19,70],[15,89],[4,80],[16,92],[12,42],[23,23],[157,92],[86,41],[133,131],[48,42],[145,91],[103,48],[71,29],[27,2],[80,-26],[48,-31],[25,-24],[32,-13],[35,16],[49,34],[25,1],[70,-50],[65,70],[60,44],[29,31],[34,8],[77,-16],[37,8],[75,64],[33,51],[113,11],[86,-33],[65,-52],[88,-29],[39,7],[53,44],[47,54],[133,58],[78,7],[64,57],[35,68],[32,51],[8,189],[-16,80],[-32,9],[-53,-2],[-100,40],[-2,16],[42,80],[18,51],[27,132],[15,44],[-18,207],[18,87],[34,79],[-21,82],[-1,35],[18,50],[70,112],[11,34],[6,69],[-9,60],[-28,60],[30,86],[17,95],[29,92],[8,56],[29,112],[0,22],[-19,29],[-71,53],[-80,50],[-45,20],[-49,12],[-95,12]],[[12656,53610],[-152,135],[-83,39],[-37,33],[-32,13],[-6,17],[34,65],[32,29],[-6,139],[-18,-3],[-4,22],[-4,200],[-19,2],[-1,33],[-23,-1],[-2,46],[-30,1],[-2,51],[-45,1],[0,27],[-49,-3],[-9,147],[-74,3],[-60,-5],[-7,-34],[19,-94],[-24,-10],[12,-129],[-11,-156],[-11,-55],[-32,-101],[-262,37],[-136,27],[-7,37],[-85,39],[-76,6],[-81,-5],[-21,10],[14,52],[-5,64],[4,55],[18,94],[-35,102],[-1,127],[10,124],[-86,3],[-150,-1],[-196,1],[-172,-2],[-107,2],[-1,202],[-15,116],[-47,-1],[1,-61],[-212,5],[-16,-9],[-76,-5],[0,-107],[-8,-350],[-1,-242],[-2,-37],[2,-254],[9,-134],[-28,-135],[-15,-93],[-15,-53],[-28,-70],[-44,-145],[-10,-56],[-2,-150],[32,-2],[8,-96],[7,-31]],[[9664,51287],[-60,1],[-278,25],[-18,-73],[-191,20],[11,114],[-1,59],[-51,35],[-16,45],[-89,-24],[-21,5],[-98,-14],[-68,8],[-62,-1],[-73,-33],[-46,1],[-37,36],[-18,32],[-16,64],[20,118],[42,157],[0,23],[-50,33],[-29,-9],[-30,73],[-1,139],[-38,0]],[[17012,68544],[9,14],[-1,46],[79,95],[10,25],[118,112],[33,35],[65,44],[45,3],[80,-19],[97,-14],[30,62],[32,48],[83,140],[67,99],[162,-89],[46,51],[88,77],[73,32],[87,14],[105,44],[93,68],[44,41],[38,-18],[224,-57],[202,-39],[96,-26],[37,-4],[47,20],[31,-8],[136,37],[3,-90],[257,21],[154,11],[1,42],[83,8],[10,22],[5,148],[12,44],[2,48],[101,86],[37,38],[24,43],[2,29],[-33,16],[-12,189],[4,26],[57,67],[22,13],[-43,51],[20,45],[29,96]],[[16496,71825],[59,4],[103,0],[356,-23],[341,-18],[225,-9],[92,-1],[281,12],[149,11],[210,33],[47,14],[88,16],[187,45]],[[9444,46725],[-56,36],[-75,19]],[[11435,45234],[-90,-119],[-21,-60],[110,-89],[6,-19],[-26,-8],[-100,83],[-74,-87],[30,-4],[90,-72],[-31,-47],[26,-275],[-17,-38],[-59,-2],[-174,18],[-36,-14],[-46,-349],[-33,-268],[31,-110],[34,-46],[24,18],[81,13],[54,-30],[15,16],[55,13],[28,-11],[0,-25],[41,5],[0,437],[270,-138],[14,1],[73,-39],[59,-36],[18,10],[4,-21],[32,8],[-4,-22],[259,-134],[0,-85],[19,1],[2,-318],[-245,-471],[1,-193],[-20,0],[0,-170],[-961,-3],[-1,121],[-672,-1],[1,-121],[-3,0],[-1,121],[-105,0]],[[10403,41306],[-58,4],[-2,1163],[173,0],[0,-24],[39,0],[-1,24],[132,1],[1,-25],[40,0],[0,24],[1101,2],[68,4],[372,-1058],[228,-654],[-23,-8],[-190,-44],[-16,45],[-23,-5],[-10,52],[-37,-63],[-678,-153],[13,-63],[-596,-135],[-15,63],[-405,-92],[-111,87],[-2,855]],[[11291,43876],[-20,30],[29,21],[18,-22],[-12,-34],[-15,5]],[[11403,45088],[69,90],[6,-4],[-74,-96],[-1,10]],[[18375,34745],[-5,-21],[17,-24],[48,-6],[56,-25],[24,-22],[40,-58],[1,-49],[31,-37],[11,-41],[33,-36],[88,-24],[62,-51],[66,-20],[36,24],[126,-180],[7,-51],[-22,-28],[31,-45],[17,8],[46,-44],[37,-5],[103,13],[43,-44],[42,-33],[16,-47],[121,-53],[45,-30],[66,-72],[53,-48],[72,-30],[47,73],[46,35],[27,-22],[-15,-25],[-38,-94],[144,-6],[38,-20],[30,-4],[9,-127],[86,-24],[-40,-160],[5,-10],[113,-37],[20,-2],[31,-33],[16,-47],[8,-64],[32,-29],[34,2],[23,-33],[0,-29],[28,-104],[3,-35]],[[23232,34126],[-34,8],[-130,85],[-12,-107],[-30,-159],[-24,-81],[-25,-63],[-18,-29],[25,-41],[10,-46],[-80,-349],[-75,-309],[-21,-14],[-110,46],[-36,20],[-37,37],[-35,-2],[-10,-17],[98,-57],[28,-21],[-7,-145],[19,13],[81,-16],[-69,-289],[-38,-37],[-25,-133],[-3,-82],[-10,-71],[-28,-251]],[[20173,15523],[38,19],[23,-8],[-26,-48],[23,-98],[47,-46],[9,-48],[25,-27],[50,-13],[-18,-16],[29,-46],[26,-12],[7,-39],[54,-38],[24,-36],[26,-9],[43,-30],[1,-11],[81,-81],[33,-19],[39,-56],[16,9],[21,-59],[44,-48],[45,-29],[31,-34],[82,-20],[238,-14],[91,-18],[82,-35],[168,-57],[13,-34],[171,-110],[120,-70],[63,-51],[48,-52],[13,-46],[41,-44],[1,-83],[52,-132],[1,-73],[9,-85],[22,-81],[41,-63],[68,-60],[10,17],[16,-33],[42,-26],[-7,-27],[-34,-43],[-64,-47],[-33,3],[-51,-68],[-27,-27],[-21,21],[-53,16],[-32,-9],[-145,-13],[-48,-89],[18,-15],[87,-34],[36,82],[4,-2],[-61,-145],[2,-74],[11,-30],[-34,-15],[-18,37],[-3,77],[-53,-2],[-18,46],[-63,8],[8,-64],[28,-16],[16,-76],[38,-59],[109,-83],[79,19],[32,41],[9,-3],[2,113],[7,0],[-5,-109],[52,42],[-6,-24],[124,18],[67,-54],[-23,-46],[23,-38],[13,0],[57,-34],[59,-18],[54,32],[13,24],[39,0],[12,-33],[-16,-20],[9,-64],[-53,-138],[-12,-69],[-36,-38],[-8,-69],[-17,-9],[-20,-39],[-30,13],[-6,-13],[-131,56],[-26,-28],[-21,-44],[20,-6],[-4,-34],[-25,1],[-2,-158],[55,9],[10,29],[93,15],[61,-110],[35,-12],[25,-56],[117,-220],[-10,-35],[-27,-16],[53,-47],[35,15],[-14,51],[45,47],[11,-10],[-32,-34],[14,-32],[75,14],[-15,101],[-51,64],[5,4],[50,-64],[8,-44],[93,14],[78,-203],[36,-188],[-5,2],[-32,163],[-94,-14],[23,-147],[-70,-8],[4,49],[-23,51],[-70,-3],[-38,-39],[-19,9],[-17,-36],[60,-31],[15,-62],[-20,-14],[-15,-129],[-33,-2],[-44,-53],[-8,2],[47,57],[-44,68],[-55,-26],[-42,-57],[-6,-50],[-10,0],[7,56],[-38,8],[-20,-56],[25,-9],[-9,-65],[89,8],[7,-23],[40,4],[4,-36],[76,-55],[-9,-33],[16,-1],[86,115],[3,-2],[-86,-116],[-20,1],[-13,-26],[-11,19],[-27,-17],[-29,-36],[-6,-40],[-19,13],[-9,-27],[-26,42],[-13,41],[26,5],[-18,49],[-45,40],[-23,0],[-24,41],[-46,35],[-109,120],[-22,44],[-3,37],[-71,29],[-49,10],[-14,-7],[-13,-48],[-13,-1],[22,62],[-10,8],[-35,-54],[14,40],[-7,23],[-87,33],[-127,15],[1,11],[-103,2],[-138,-69],[-47,-36],[-37,-19],[-74,-2],[-58,-31],[-37,-6],[-48,-18],[-93,25],[-52,-9],[-44,32],[-37,-12],[-72,10],[-23,-18],[-15,12],[-64,-39],[-16,37],[-28,-3],[-28,-19],[-6,21],[-18,-21],[7,35],[-46,28],[3,15],[-36,15],[-138,16],[-17,-2],[-9,36],[18,-21],[52,-6],[4,80],[-54,3],[-16,-42],[-17,0],[-1,-54],[-10,-31],[-36,23],[-46,2],[-16,-39],[-16,34],[-30,-6],[-20,12],[-22,-12],[-26,29],[7,29],[-20,-16],[-40,43],[16,18],[-16,46],[-7,-11],[-41,38],[-28,9],[-34,-7],[-27,23],[19,15],[-62,54],[40,14],[55,-34],[77,118],[-99,103],[-23,-22],[44,-45],[-14,-8],[-92,94],[-83,-78],[-87,10],[17,118],[-57,96],[-17,-10],[-29,40],[-85,-50],[-14,25],[-31,-19],[-23,-34],[37,-55],[-33,-24],[-22,5],[-23,-109],[22,1],[125,76],[-54,-37],[-9,-16],[20,-16],[25,-40],[-17,-12],[-39,19],[-55,-34],[-5,-20],[46,-74],[25,-9],[123,77],[-45,28],[112,-54],[-58,23],[-126,-78],[-15,-82],[-42,-23],[-267,74],[43,152],[-14,11],[-87,100],[-79,35],[-90,21],[-58,6],[-93,27],[-100,52],[-8,0],[-49,-70],[-74,14],[-5,13],[74,-14],[48,70],[-30,5],[-43,30],[8,17],[-37,19],[-35,0],[-22,-47],[-74,44],[16,33],[-127,58],[-20,-42],[21,-44],[4,-34],[-38,77],[37,84],[-40,23],[-110,83],[-10,-21],[-39,26],[-9,18],[-43,25],[10,17],[-33,12],[-23,-10],[16,-15],[-130,58],[-14,-6],[72,-43],[-54,22],[-8,-14],[-24,15],[-52,15],[-88,53],[-9,19],[16,16],[-3,39],[-57,46],[-1,13],[-93,50],[-127,77],[-66,24],[-38,6],[-67,-19],[-38,0],[-28,49],[-72,47],[-25,-2],[1,-20],[-105,-11],[59,47],[-22,25],[-63,-12],[6,29],[-13,19],[-82,41],[-16,18],[-75,21],[-20,31],[-56,26],[-54,8],[-87,5],[-36,28],[-47,25],[-41,2],[-13,-13],[-87,24],[2,11],[-41,11],[-40,30],[-44,10],[-60,-1],[-59,15],[-73,53],[4,16],[-73,68],[-57,0],[-21,13],[-42,52],[-43,33],[-14,-1],[-51,52],[6,27],[-15,22],[-80,59],[-53,23],[-14,33],[-52,53],[-26,8],[-14,31],[-65,36],[-70,30],[-22,15],[-21,-12],[-54,38],[-29,7],[-51,29],[-12,18],[-43,-8],[-32,30],[-59,-34],[-16,-20],[-15,8],[7,34],[-27,29],[-27,1],[-23,-21],[-15,9],[20,32],[8,55],[-12,26],[-31,0],[-8,19],[-29,1],[11,-17],[-48,-2],[-2,-14],[-43,-2],[38,14],[5,67],[-26,29],[-17,41],[-41,57],[-14,-5],[-35,52],[-57,62],[51,-5],[-4,51],[-22,19],[-13,-17],[-157,-69],[113,53],[-22,91],[-26,45],[-41,45],[-101,98],[-50,32],[-79,36],[-48,14],[-85,12],[-100,-11],[3,-23],[-116,-27],[-82,60],[50,-30],[76,58],[-30,39],[-1,20],[-29,-15],[-32,50],[-77,40],[-70,-54],[-10,-22],[35,-89],[-37,79],[-1,16],[14,20],[97,76],[2,30],[-23,44],[-4,40],[9,48],[-30,73],[-18,10],[0,29],[-30,38],[-40,-3],[-6,55],[-50,54],[1,27],[-53,25],[-2,20],[-39,37],[-67,38],[-20,-4],[-36,13],[-27,45],[-43,5],[13,17],[-12,23],[-50,50]],[[13454,15624],[49,14],[26,-4],[102,-42],[41,18],[57,-40],[18,-50],[49,-42],[37,-43],[29,-10],[27,9],[26,35],[40,22],[26,88],[11,17],[56,-13],[29,13],[44,-6],[12,28],[-21,16],[-20,85],[15,60],[28,5],[49,-21],[21,15],[41,75],[17,54],[67,47],[43,-23],[16,9],[24,94],[-24,50],[0,32],[26,43],[1,46],[25,56],[59,23],[41,-13],[41,5],[40,-21],[70,-1],[72,-41],[54,76],[56,3],[22,19],[-2,40],[23,40],[58,-3],[22,-25],[52,-17],[48,8],[30,-27],[42,-22],[59,-6],[15,78],[-33,64],[11,36],[65,61],[35,63],[9,37],[1,68],[21,37],[25,-1],[45,-26],[63,12],[37,-12],[68,11],[67,23],[20,20],[18,40],[21,22],[97,54],[21,28],[-1,92],[66,22],[52,-16],[34,17],[51,54],[38,101],[14,15],[53,19],[23,-15],[43,-64],[55,-30],[45,-39],[37,-4],[60,-22],[106,-7],[62,5],[20,-6],[54,-41],[26,-10],[144,-6],[61,-8],[36,-26],[12,-50],[-3,-44],[-16,-60],[20,-67],[89,-136],[0,-63],[-44,-107],[29,-105],[-36,-100],[4,-48],[127,-64],[42,-27],[27,-30],[21,-47],[19,-138],[31,-27],[42,-60],[-30,-73],[-19,-97],[98,-45],[19,-24],[32,-87],[-5,-103],[32,-133],[13,-41],[25,-5],[71,24],[59,-62],[51,-68],[53,-85],[57,-47],[63,-137],[9,-33],[-16,-43],[-3,-35],[20,-72],[14,-24],[83,60],[33,1],[45,-24],[79,-58],[36,-15],[39,-54],[28,-91],[42,-18],[25,-32],[55,10],[86,-12],[33,-50],[34,-16],[20,-44],[-1,-30],[-44,-59],[11,-107],[-43,-65],[-3,-41],[35,-24],[15,-22],[-19,-111],[76,-119],[45,-4],[72,18],[66,29],[58,-13],[41,20],[2,12],[-38,119],[10,11],[81,23],[54,29],[-35,39],[-5,53],[46,47],[-3,33],[30,48],[26,9],[23,-20],[45,52],[15,33],[49,26],[11,19],[-5,55],[20,17],[29,-10],[23,17],[-6,68],[38,26],[33,40],[28,177],[20,-13],[41,-8],[16,36],[35,-17],[63,59],[-13,22],[124,132],[62,59],[17,44],[52,42],[-13,35],[-36,21],[-13,31],[13,53],[-12,50],[34,40],[77,69],[54,42],[57,26],[64,-10],[97,67],[42,19],[39,38],[98,40],[17,12]],[[24479,8647],[-24,20],[-31,-19],[-19,8],[-12,-25],[-19,19],[-35,1],[15,119],[56,48],[-6,16],[50,21],[18,19],[-45,143],[29,-75],[32,-18],[40,14],[5,177],[-36,0],[-29,-11],[55,40],[32,42],[-14,10],[-21,50],[-14,-15],[-13,33],[1,34],[-47,19],[40,42],[18,-21],[31,25],[-18,21],[29,24],[53,-17],[17,-17],[8,-44],[17,-17],[61,-6],[8,35],[-58,40],[37,-8],[27,-19],[19,-31],[77,-6],[-11,56],[36,8],[9,-43],[104,21],[47,40],[-54,87],[-23,0],[0,196],[-44,43],[29,33],[35,-35],[14,14],[53,12],[39,153],[-15,5],[10,52],[-18,20],[40,34],[46,58],[5,-19],[-18,-38],[16,-34],[4,-66],[119,-64],[17,-15],[-4,-35],[-17,-32],[21,-12],[-13,-41],[20,-28],[2,-32],[-11,-52],[-16,-197],[-15,-1],[-4,-31],[10,-59],[-2,-35],[-44,-45],[-65,-25],[-18,20],[-32,-9],[-21,-20],[-72,-49],[-25,-24],[-101,-143],[-30,-99],[-1,-66],[48,-76],[21,3],[44,-15],[9,-25],[-44,-17],[-2,-18],[-29,-21],[-5,-38],[17,-18],[26,4],[20,-21],[-13,-67],[9,-10],[47,7],[-13,-35],[-36,7],[-14,-38],[33,-25],[4,-20],[-26,-45],[18,-27],[-40,-11],[-60,-37],[1,48],[-24,8],[-38,-38],[-51,10],[8,59],[-23,13],[-14,-27],[-28,-20],[-22,6],[-13,37],[11,29],[31,15],[24,-6],[18,56],[-10,34],[-47,16],[9,48],[-24,35],[9,20],[-51,43],[-65,11],[-24,-37],[-27,9]],[[24417,11342],[-24,-9],[-81,79],[-115,-1],[-7,134],[6,1],[6,-110],[48,1],[1,56],[23,-1],[4,103],[-23,-14],[-77,-2],[4,10],[74,0],[21,10],[2,41],[-28,74],[-30,41],[-44,-13],[84,89],[40,2],[77,66],[129,97],[2,-3],[-81,-62],[-12,-18],[50,-87],[43,3],[-68,-22],[-7,14],[-54,-21],[-73,-1],[3,-40],[19,-26],[176,11],[59,19],[41,-8],[-8,62],[-13,-1],[-5,84],[28,45],[15,6],[-12,27],[27,11],[10,-23],[87,36],[25,-48],[49,19],[49,-7],[28,-18],[41,-46],[23,18],[-16,68],[-33,4],[-23,-21],[-13,13],[24,33],[45,19],[10,-21],[37,15],[-22,50],[-37,16],[-155,-63],[-61,67],[-156,-45],[-2,4],[173,49],[57,-55],[130,52],[109,36],[25,-77],[19,-37],[29,-14],[86,8],[83,-40],[30,5],[14,-25],[61,-13],[17,13],[31,-24],[51,-6],[16,-47],[61,-2],[-59,-20],[-8,16],[-77,-38],[-27,-21],[-45,-57],[-3,-34],[-39,-20],[-26,-41],[45,-58],[-17,-86],[-4,1],[15,84],[-23,30],[-38,-28],[-20,26],[-38,-32],[48,-66],[-24,-8],[-31,43],[-33,-3],[-53,-48],[-13,-1],[-53,29],[-26,2],[-135,-52],[-89,-47],[-42,-14],[-115,-8],[-41,-12],[-96,-37],[-55,-40]],[[24645,9546],[-32,0],[1,185],[130,0],[-1,-162],[162,0],[0,-80],[-133,0],[-35,-9],[-50,-38],[-42,-1],[0,105]],[[25096,7436],[-40,-18],[-10,46],[-29,20],[6,16],[-13,32],[-26,2],[19,17],[-25,1],[12,19],[-25,4],[31,19],[-2,32],[27,18],[16,50],[68,-20],[6,-88],[22,-18],[15,-31],[-12,-66],[-20,-4],[-20,-31]],[[24939,10513],[21,15],[-6,57],[27,7],[25,52],[44,5],[37,-12],[29,-25],[11,-107],[-74,-30],[-56,22],[-25,-14],[-33,30]],[[24467,9483],[-19,-53],[-33,3],[-37,-12],[-55,58],[8,40],[-16,26],[33,49],[67,10],[25,-4],[2,-31],[27,-28],[11,-39],[-13,-19]],[[24133,8307],[-62,1],[-11,21],[12,24],[18,-2],[47,27],[31,0],[10,-23],[-45,-48]],[[24005,11630],[6,-40],[-20,-45],[-25,11],[-20,37],[52,52],[7,-15]],[[22574,11202],[-13,48],[7,64],[34,23],[25,-50],[18,-6],[-1,-28],[-58,58],[-2,-34],[-17,4],[-3,-31],[34,-118],[-24,70]],[[24475,9651],[54,134],[270,148],[4,-2],[-270,-148],[-54,-133],[-4,1]],[[23816,8613],[-47,-22],[-6,34],[24,17],[29,-29]],[[24382,8837],[-22,-8],[-30,21],[4,18],[56,-9],[-8,-22]],[[24394,12028],[-1,4],[150,138],[-27,-30],[-122,-112]],[[22262,13001],[-7,-19],[-14,27],[21,-8]],[[24918,7750],[21,-27],[-35,4],[14,23]],[[25277,12013],[-46,-8],[20,24],[26,-16]],[[22852,11398],[5,-3],[-127,-36],[-3,3],[125,36]],[[13999,14676],[-107,-3],[0,6],[107,2],[0,-5]],[[26122,12457],[2,-39],[-20,13],[18,26]],[[25310,11488],[0,-6],[-98,-9],[-1,6],[99,9]],[[19837,11633],[118,-24],[-1,-5],[-117,29]],[[24985,8515],[-17,-25],[-3,22],[20,3]],[[22464,10650],[-9,20],[14,16],[-5,-36]],[[16064,21555],[37,-12],[48,4],[70,55],[50,10],[101,-8],[124,14],[67,29],[58,-44],[45,0],[18,-85],[29,-21],[27,-3],[36,-31],[97,-33],[70,-10],[81,11],[91,33],[67,-2],[49,29],[19,22],[47,21],[47,6],[65,-7],[75,1],[83,-69],[17,1],[28,35],[38,-6],[5,-40],[49,-21],[35,3],[74,65],[23,12],[78,14],[37,-48],[-3,-39],[21,-34],[41,0],[19,-71],[-54,-12],[-33,38],[-50,27],[-11,-12],[23,-32],[34,-67],[33,-33],[85,2],[47,-42],[73,25],[39,27],[-5,36],[45,10],[11,41],[41,8],[45,19],[16,34],[62,12],[196,-19]],[[18624,21398],[0,-10],[-53,-87],[-43,-105],[74,-166],[18,-135],[7,-9],[-13,-89],[5,-55],[33,-9],[-9,-44],[-2,-90],[16,-24],[36,-6],[-16,-25],[-104,-219],[-69,-164],[-33,-89],[1,-43],[19,-31],[44,-38],[36,-48],[6,-31],[17,-11],[13,-126],[-21,-97],[-2,-34],[24,-7],[-89,-162],[-1,-8],[-107,-239],[-9,-42],[-62,-148],[-20,-65],[-47,-114],[-43,-134],[-23,-131],[8,-5],[-37,-139],[10,-7],[-18,-67],[-6,-73],[80,-16],[-79,9],[6,-43],[70,-29],[-24,-133],[82,-15],[74,89],[5,-8],[-75,-88],[-102,18],[-11,-21],[-42,-128],[-27,-162],[-2,-116],[20,-87],[58,-70],[87,-48],[54,-65],[65,-106],[43,-54],[49,-42],[112,-68],[56,-11],[14,76],[32,56],[0,-19],[-25,-44],[-3,-46],[96,-16],[-3,-48],[21,14],[29,-5],[17,94],[-113,125],[3,3],[114,-127],[-15,-81],[82,-25],[17,19],[40,-9],[18,-28],[60,-7],[2,-77],[20,-7],[3,-199],[-6,-43],[3,-51],[10,-19],[-1,-65],[-11,0],[-11,-57],[23,-106],[36,-32],[68,-31],[84,-78],[359,-154],[16,-16],[52,-95],[34,-26],[-13,-9],[13,-32],[26,-23],[8,-44],[60,-88],[63,-24],[125,-54],[36,-22],[42,-43],[28,-48],[57,-44]],[[13454,15624],[-36,18],[-34,32],[11,24],[-17,26],[-14,63],[-29,51],[-24,57],[-25,35],[-80,139],[-79,128],[-65,73],[-39,23],[-14,-8],[-42,13],[7,25],[-34,25],[-2,47],[-23,30],[-32,23],[16,2],[-18,87],[-17,17],[-4,35],[-34,18],[20,32],[4,43],[-36,41],[-18,2],[-18,33],[5,39],[-57,58],[-7,57],[18,37],[-2,45],[-141,-1],[-1,199],[6,-3],[1,-133],[41,0],[-1,14],[58,0],[-1,48],[90,2],[12,28],[35,25],[-42,24],[-123,-1],[0,5],[123,1],[23,-14],[19,34],[-5,28],[34,38],[32,65],[3,27],[54,131],[18,77],[10,3],[41,97],[23,83],[39,92],[3,45],[38,82],[14,52],[25,49],[27,87],[28,59],[35,98],[18,32],[12,46],[20,44],[75,198],[32,73],[10,56],[25,64],[1,21],[44,109],[14,47],[23,8],[-69,25],[72,-19],[33,72],[28,83],[0,22],[60,141],[10,47],[27,70],[31,37],[22,79],[31,56],[18,64],[-9,8],[29,85],[8,66],[13,50],[17,27],[5,34],[16,24],[29,94],[8,2],[41,149],[27,229],[-18,51],[-105,21],[21,20],[50,148],[-3,30],[17,3],[27,92],[-4,22],[14,40],[20,-7],[66,194],[67,166],[72,212]],[[20069,25820],[-76,-119],[-243,104],[-9,-19],[-411,176],[8,19],[-200,85],[-39,-52],[27,-566],[53,-24],[76,57],[420,-165],[-9,-22],[95,-70],[-1,-183],[-85,2],[-29,-37],[-5,-238],[3,-17],[-6,-142],[3,-56],[-31,-9],[-203,-2],[-4,5],[-100,0],[-45,-29],[5,-115],[-4,2],[-20,479],[-92,70],[-1,-7],[-125,-8],[1,-44],[24,-8],[2,-51],[136,23],[5,-10],[-200,-39],[9,-159],[55,2],[6,-135],[5,0],[7,-145],[-3,-41],[93,5],[8,-11],[134,6],[-12,-21],[27,11],[5,-44],[8,-192],[-9,-7],[2,-46],[-28,-2],[3,-56],[-76,-271],[494,-289],[-45,-517],[-866,-37],[-15,206],[-43,0],[-9,-40],[-35,-50],[-14,-31],[-8,-57],[20,-8],[-29,-116],[7,-3],[0,-72],[84,-3],[10,-24],[11,23],[248,-7],[-55,-568],[895,-20],[0,-5],[-602,14],[-293,7],[-22,-228],[7,-2],[-38,-412],[-53,0],[-173,-17],[-32,-39],[-28,-18],[-15,7]],[[67537,55789],[98,-9],[88,10],[45,29],[32,38],[57,32],[42,10],[92,-17],[109,17],[82,3],[121,-43],[174,4],[15,4],[459,253],[228,129],[112,66],[95,94],[3,23],[-32,17],[-2,19],[79,23],[41,23],[50,18],[112,-6],[66,20],[81,51],[51,25],[39,33],[73,34],[55,5],[71,19],[31,21],[29,56],[60,55],[45,16],[41,1],[43,-24],[32,-42],[28,-23],[62,16],[163,33],[7,16],[-8,55],[18,16],[66,1],[132,-26],[58,5],[144,36],[96,62],[47,-4],[10,-18],[88,-6],[153,40],[162,16],[33,-3],[37,-31],[25,-62],[173,-70],[216,-60],[46,-26],[34,19],[29,-28],[191,-32],[82,8],[17,84],[-9,54],[37,97],[-6,34],[-33,34],[-15,40],[20,82],[46,23],[44,-6],[86,3],[115,40],[42,39],[22,45],[47,60],[133,61],[98,58],[17,15]],[[73107,57493],[68,-34],[44,-37],[31,-60],[68,-23],[48,-53],[5,-32],[-18,-71],[-6,-114],[8,-22],[34,-30],[20,-50],[11,-121],[-4,-51],[-25,-88],[-33,-65],[-9,-60],[9,-78],[-4,-50],[18,-57],[-12,-98],[0,-41],[-68,-132],[-5,-62],[-47,-109],[-26,-118],[15,-80],[155,-355],[35,-72],[78,-177],[64,-155],[10,-12],[124,-49],[74,-57],[40,-46],[35,-58],[34,-89],[29,-51],[-14,-58],[2,-50],[67,-88],[41,-29],[46,-58],[-48,-21],[-29,-73],[-13,-90],[22,-86],[-100,-65],[-30,-48],[44,-49],[13,-34],[0,-40],[32,-25],[42,-2],[72,-40],[57,-16],[100,-93],[-3,-32],[18,-51],[41,-50],[3,-105],[-36,-88],[21,-24],[51,-10],[32,-37],[14,-44],[-8,-133],[-15,-56],[0,-30],[-15,-81],[-22,-29],[16,-34],[71,2],[33,20],[38,-12],[17,-33],[57,-49],[23,-62],[-2,-59],[69,-173],[72,-59],[33,-33],[23,-48],[26,-79],[39,-46],[45,-29],[17,-53],[-12,-86],[-40,-120],[-11,-60],[-21,-58],[34,-137],[65,1],[31,-22],[18,-34],[3,-50],[-18,-53],[-66,-12],[-3,-26],[14,-79],[0,-81],[-43,-82],[3,-66],[15,-41],[16,-69],[32,-61],[-2,-22],[-39,-42],[-23,-73],[-44,-46],[-10,-26],[25,-110],[32,-65],[-52,-68],[-45,-5],[-61,36],[-50,2],[-33,41],[-38,7],[-39,-13],[-96,47],[-34,26],[-33,-6],[-59,-28],[-106,2],[-58,25],[-27,3],[-28,-26],[-54,-89],[-27,-19],[-54,24],[-81,-7],[-69,3],[-47,12],[-65,25],[-148,48],[-178,-115],[-99,-42]],[[73244,50517],[-56,27],[-56,15],[-69,29],[-22,19],[-13,126],[38,84],[15,55],[-3,41],[-27,73],[-33,59],[-33,30],[-109,60],[-65,-5],[-62,12],[-42,-10],[-69,5],[-101,-20],[-67,-54],[-92,-1],[-132,-43],[-105,-92],[-90,-75],[-58,-14],[-80,-60],[-68,12],[-81,62],[-24,12],[-99,-41],[-100,-14],[-46,7],[-68,-10],[-35,-24],[-26,-37],[-54,-6],[-69,-42],[-54,-70],[-68,19],[-84,-36],[-98,-28],[-109,-68],[-69,-63],[-41,-59],[-37,26],[-66,-2],[-122,79],[-55,55],[-26,0],[-18,17],[-14,42],[-57,11],[-77,54],[-27,-14],[-24,-40],[-33,-24],[-52,-14],[-61,17],[-156,-29],[-7,-59],[17,-111],[-2,-53],[35,-62],[10,-72],[-11,-51],[-26,-41],[-19,-84],[-43,-40],[14,-106],[-6,-41],[-23,-60],[7,-52],[33,-50],[1,-60],[18,-34],[-2,-76],[-12,-54],[3,-33],[54,-64],[2,-52],[-39,-64],[-11,-62],[15,-47],[13,-77],[1,-34],[-30,-191],[-26,-48],[25,-66],[-31,-54],[-44,-103],[-14,-51],[5,-73],[-22,-101],[-9,-68],[-32,-80],[-26,-31],[-25,-13],[-79,-66],[-12,-17],[-14,-75],[24,-171],[-15,-53],[-2,-44],[9,-48],[12,-147],[-14,-101],[-63,-74],[63,-50],[50,-77],[26,-65],[17,-123],[23,-44],[75,-80],[20,-60],[31,-49],[67,-18],[62,-5],[28,-20],[48,-14],[24,16],[59,-19],[40,6],[114,-2],[31,18],[122,13],[69,25],[26,20],[76,7],[88,-10],[14,-23],[28,-81],[40,-28],[48,-49],[54,-16],[17,-31],[-23,-101],[2,-38],[21,-44],[-7,-36],[9,-27],[51,-55],[40,-18],[26,-23],[44,-116],[-3,-18],[-29,-7],[-14,-65],[8,-18],[49,-10],[28,-39],[56,-17],[26,-17],[62,-9],[45,-72],[51,-38],[24,-35],[15,-63],[17,-22],[87,-47],[0,-23],[33,-39],[51,-13],[39,-22],[40,0],[37,21],[41,6],[39,26],[58,23],[62,-9],[84,-36],[30,-39],[76,-68],[10,-33],[-8,-25],[-48,-60],[-2,-48],[-22,-43],[-53,-39],[-33,-37],[-26,-81],[-41,-36],[-66,-10],[-109,12],[-34,-24],[1,-28],[33,-73],[21,-150],[-4,-47],[-21,-33],[-37,-24],[-13,-44],[-58,-82],[6,-27],[30,-9],[52,3],[23,-9],[31,-72],[38,-51],[39,-28],[79,-39],[45,-48],[10,-49],[32,-50],[54,-42],[8,-20],[-20,-84],[-1,-116],[-11,-53],[-25,-39],[-10,-40]],[[82391,46965],[-12,-93],[-33,-50],[-44,-26],[-18,-24],[22,-66],[-20,-44],[-32,-44],[-11,-47],[-8,-75],[-17,-45],[-47,-60],[-56,-44],[0,-98],[-11,-68],[-41,-22],[-35,-5],[7,-52],[69,-80],[15,-62],[-2,-35],[20,-72],[-21,-31],[-34,-7],[-15,-33],[29,-57],[-17,-33],[9,-34],[-11,-77],[25,-97],[31,-59],[12,-54],[26,-190],[13,-45],[14,-103],[-11,-33],[-56,-39],[-41,8],[-47,-6],[-72,-74],[13,-56],[-7,-53],[-39,-33],[-33,-72],[-51,-7],[-29,-14],[-41,-35],[-11,-31],[-25,-31],[-87,-28],[-50,-1],[-29,26],[-61,-3],[-75,10],[-44,-20],[-87,-25],[-37,-58],[27,-58],[-12,-44],[-73,-5],[-35,-62],[-3,-36],[-32,-61],[-93,-22],[-99,-6],[-58,15],[-40,-33],[-34,-17],[-53,-56],[-1,-46],[11,-64],[-1,-45],[-13,-39],[-38,-4],[-52,37],[-39,0],[-40,-20],[-48,-12],[-39,-22],[-33,-39],[-86,-26],[-17,-25],[-41,-98],[-102,-65],[-76,-58],[-108,-98],[-102,-42],[-76,-107],[-75,-62],[-56,-7],[-60,-38],[-51,-18],[-66,-59],[-2,-57],[-49,-79],[-49,-40],[-42,-19],[-21,-28],[-18,-50],[-104,-91],[-18,-50],[-27,-39],[-19,-123],[-21,-72],[-1,-106],[-78,-52],[-25,-30],[-87,-61],[-25,-33],[-61,-62],[-16,-27],[-54,-156],[-30,-53],[-12,-55],[-63,-51],[-36,-110],[-62,-25],[-48,-5],[-41,5],[-34,-6],[-138,-44],[-83,-37],[-22,-30],[-1,-105],[-25,-64],[-36,-46],[-23,-5],[-43,9],[-61,-40],[-47,15],[-64,-4],[-43,19],[-8,-13],[32,-100],[-18,-24],[-83,37],[-14,-6],[-8,-38],[17,-75],[-33,-33],[8,-29],[39,-53],[7,-26],[-13,-78],[0,-44],[-28,-61],[-20,-74],[-17,-169],[-56,-58],[-18,-39],[-53,-71],[-88,-15],[-47,-2],[-22,-18],[-48,-88],[-26,-28],[-55,-93],[-20,-63],[14,-45],[4,-67],[-32,-43],[-77,-69],[-24,-45],[-39,-27],[-52,-10],[-19,-29],[-69,-76],[-23,-85],[-27,-31],[-18,-43],[-6,-47],[-42,-21],[-20,-22]],[[73244,50517],[15,-55],[34,-49],[14,-63],[29,-71],[1,-54],[24,-76],[32,-45],[23,-57],[8,-54],[14,-30],[45,-45],[15,-42],[34,-49],[30,-97],[9,-105],[-17,-50],[82,8],[50,-11],[45,-28],[50,-9],[43,10],[32,25],[30,37],[52,-5],[41,19],[54,-10],[63,17],[35,20],[22,-40],[58,-23],[64,21],[26,2],[76,-18],[57,43],[50,3],[131,46],[59,2],[37,11],[16,24],[38,-1],[68,20],[119,-12],[45,77],[15,16],[51,19],[53,44],[120,32],[57,-19],[53,12],[10,-36],[17,-15],[79,25],[44,8],[73,-2],[105,18],[78,33],[21,-46],[31,-44],[41,-89],[5,-82],[-13,-66],[33,-35],[51,-11],[36,2],[84,-68],[10,-119],[14,-41],[31,-39],[15,-44],[23,-108],[59,1],[54,34],[63,-31],[85,14],[37,-5],[55,8],[45,-11],[47,34],[74,91],[26,14],[52,-4],[46,6],[40,-34],[32,-51],[85,-57],[48,-76],[77,4],[61,30],[41,40],[51,90],[33,16],[76,10],[89,1],[26,9],[30,67],[69,111],[41,91],[60,10],[32,25],[58,109],[7,70],[13,29],[26,-17],[55,12],[64,-12],[43,13],[39,-3],[32,9],[35,-3],[99,-33],[1,-45],[24,-139],[23,-49],[48,15],[87,66],[28,7],[24,-10],[26,-73],[27,-34],[109,-58],[47,-20],[73,-16],[51,-36],[17,-50],[96,-42],[68,-18],[32,-44],[30,-4],[48,-23],[51,4],[72,-84],[73,-15],[81,9],[34,-20],[54,-2],[65,-51],[102,-10],[54,23],[164,21],[67,-1],[35,-12],[104,0],[13,-84],[-22,-75],[4,-63],[11,-35],[27,-47],[-9,-63],[-20,-32],[10,-24],[54,-70],[31,-30],[43,-74],[31,-30],[5,-27],[-5,-67],[46,-31],[53,-17],[53,-4],[72,-35],[35,-82],[20,-17],[31,-57],[74,-78],[32,26],[17,70],[18,25],[61,2],[118,-17],[157,-5],[75,-17],[38,0],[124,-15],[63,12],[41,24],[61,24],[65,40],[39,17],[109,21],[5,-46],[-18,-37],[-23,-20],[-134,-81],[-46,-66],[-24,-76],[-15,-91],[13,-25],[83,-57],[32,-9],[31,-24],[12,-42],[20,-28],[95,-88],[82,-68],[41,-25],[93,-89],[42,-23],[25,-24],[70,-46],[136,-134],[36,-73],[35,-18],[92,-8],[96,-35],[83,-15]],[[77141,58784],[24,-43],[64,-66],[38,-17],[74,-45],[22,-26],[11,-35],[69,-48],[29,-5],[75,16],[91,32],[88,44],[89,4],[42,-19],[35,-30],[34,-14],[87,21],[43,22],[18,62],[33,33],[58,13],[31,-11],[19,-21],[25,-78],[8,-57],[-5,-96],[-38,-89],[6,-56],[-7,-15],[-39,-10],[-44,-36],[-3,-78],[48,-127],[69,-110],[46,-38],[67,-4],[76,49],[47,-5],[31,-45],[91,-37],[127,-19],[36,-1],[0,38],[17,33],[38,22],[51,10],[202,16],[83,15],[63,19],[96,-88],[24,1],[69,28],[23,2],[40,-36],[77,-21],[59,-32],[13,-86],[22,-21],[39,-7],[56,-30],[62,-51],[51,-5],[58,15],[79,54],[66,71],[20,9],[57,-71],[51,-16],[81,-1],[25,34],[34,67],[51,16],[29,-7],[49,-38],[33,-11],[39,0],[77,19],[52,28],[34,3],[68,-15],[26,11],[43,66],[102,52],[76,8],[20,-11],[15,-50],[48,-73],[32,-8],[68,16],[65,-25],[15,-14],[45,-11],[26,-21],[55,-104],[43,-30],[21,0],[47,32],[16,1],[57,-30],[64,2],[-12,-37],[4,-50],[19,-28],[44,-41],[39,-65],[3,-41],[-6,-99],[-12,-50],[-43,-91],[-48,-49],[-52,-84],[-49,-48],[-19,-27],[-11,-46],[54,-113],[44,-119],[23,-45],[36,-20],[18,-22],[34,-1],[35,-32],[29,-6],[52,20],[59,-50],[63,16],[60,-13],[40,-21],[38,-54],[4,-41],[17,-43],[-22,-58],[51,21],[33,3],[42,-10],[38,10],[68,-11],[37,15],[50,10],[25,-19],[39,-63],[42,20],[24,38],[1,26],[33,41],[22,11],[72,-4],[36,15],[46,37],[26,41],[0,30],[25,32],[36,-11],[62,-1],[72,-13],[44,-26],[92,-25],[58,-63],[31,-4],[65,25],[53,48],[51,-4],[22,-32],[39,-8],[30,29],[87,6],[55,-11],[78,-80],[10,4],[61,69],[26,17],[71,-4],[54,4],[45,17],[69,16],[49,18],[34,25],[81,88],[32,49],[57,25],[80,67],[189,117],[48,13],[63,0],[95,15],[20,16],[101,115],[85,34],[44,28],[51,13],[67,7],[48,18],[20,19],[27,70],[27,20],[43,10],[34,26],[48,23],[125,18],[63,44],[88,33],[169,28],[46,0],[64,-15],[64,13],[46,1],[111,-47],[115,-33],[130,-26],[123,-51],[85,-20],[282,-134],[-33,-37],[-51,-39],[-110,-37],[-96,-11],[-81,-2],[-136,9],[-124,27],[-75,11],[-57,-19],[-25,-55],[0,-66],[14,-120],[23,-46],[41,-36],[112,-50],[33,-30],[38,-67],[6,-58],[-23,-46],[-49,-38],[-92,-16],[-68,1],[-85,11],[-156,29],[-60,-1],[-82,-32],[-56,-51],[-33,-59],[-26,-94],[-19,-123],[-8,-145],[-20,-94],[-24,-70],[-24,-25],[-78,-137],[-98,-117],[-22,-34],[-30,-71],[-13,-96],[0,-218],[-11,-97],[-20,-36],[-46,-58],[-76,-62],[-68,-33],[-55,0],[-82,13],[-53,26],[-114,86],[-49,16],[-62,5],[-63,-8],[-56,-42],[-50,-49],[-87,-116],[-62,-74],[-48,-82],[-9,-57],[19,-57],[25,-50],[9,-94],[40,-90],[40,-55],[77,-67],[36,-19],[62,-75],[65,-72],[88,-78],[78,-85],[52,-22],[130,-48],[38,-2],[75,30],[57,52],[34,15],[93,6],[48,-15],[46,-28],[102,-97],[136,-143],[235,-276],[72,-62],[28,-48],[15,-74],[-23,-81],[-23,-38],[-66,-87],[-93,-113],[-42,-65],[-75,-135],[-34,-109],[-3,-45],[5,-76],[11,-37],[42,-66],[62,-44],[84,-44],[94,-33],[72,-16],[82,-24],[53,-45],[58,-114],[25,-98],[-12,-62],[-175,-142],[-269,-162],[-42,-31],[-43,-14],[-63,7],[-36,12],[-102,61],[-42,32],[-70,83],[-57,119],[-51,96],[-40,20],[-41,-9],[-41,-37],[-25,-34],[-48,-81],[-21,-46],[-36,-120],[-30,-135],[-15,-199],[-1,-72],[15,-76],[62,-100],[72,-91],[51,-59],[-2,-43],[-31,-31],[-97,-73],[-140,-90],[-81,-79],[-23,-35],[-56,-138],[-81,-178],[-47,-83],[-74,-91],[-39,-37],[-107,-46],[-90,-13],[-72,4],[-94,31],[-66,64],[-29,52],[-22,93],[-20,125],[-30,77],[-85,71],[-50,19],[-67,-6],[-46,-13],[-120,-52],[-49,-41],[-22,-40],[-33,-103],[-15,-119],[-17,-205],[8,-107],[26,-42],[31,-30],[78,-38],[91,-22],[98,-5],[66,-13],[56,-35],[43,-47],[25,-66],[15,-111],[2,-54],[-15,-69],[-29,-86],[-35,-144],[-2,-36],[14,-137],[28,-123],[19,-112],[66,-275],[56,-259],[32,-113],[14,-72],[9,-92],[-4,-39],[-21,-40],[-53,-30],[-227,-102],[-151,-103],[-18,-26],[-17,-61],[-25,-171],[-33,-159],[-27,-91],[-43,-108],[-3,-56],[-24,-16],[-75,-17],[-73,1],[-74,21],[-51,29],[-41,13],[-57,-1],[-69,-22],[-45,-3],[-33,14],[-26,34],[-97,34],[-97,10],[-72,0],[-57,30],[-24,26],[-62,41],[-19,66],[-7,46],[-31,17],[-32,34],[-27,7]],[[73107,57493],[22,39],[-2,88],[-19,66],[-6,134],[-8,21],[-68,119],[-3,29],[17,21],[40,23],[41,53],[3,16],[-2,126],[6,61],[9,22],[90,57],[70,59],[68,22],[107,-9],[64,-14],[36,-26],[77,-37],[38,-11],[45,31],[67,25],[73,3],[44,-10],[67,-28],[60,3],[66,-16],[67,3],[58,22],[45,54],[62,31],[80,19],[42,21],[38,52],[79,99],[25,48],[65,-22],[40,0],[26,12],[40,-1],[23,-13],[83,-6],[91,5],[32,20],[30,40],[18,79],[18,49],[49,48],[52,138],[21,14],[42,-16],[28,-25],[0,-56],[8,-23],[58,-67],[34,-14],[36,-52],[55,-50],[17,-51],[56,-31],[89,-18],[69,-1],[35,9],[45,29],[40,54],[50,87],[71,39],[116,12],[85,37],[55,-57],[36,-12],[121,-24],[52,-45],[43,-1],[43,-47],[45,-15],[31,14],[94,57],[70,48],[42,11],[82,75],[52,17],[102,-8],[3,-36],[23,-28],[98,-60],[22,-40]]],"transform":{"scale":[0.000013438837570816706,0.000011201292470458196],"translate":[136.67103326,34.57355723]},"objects":{"city":{"type":"GeometryCollection","geometries":[{"arcs":[[0]],"type":"Polygon","properties":{"N03_001":"愛知県","N03_004":"所属未定地","PREF_CODE":"23","MERGED_CODE":"23000","N03_007":"23000"},"id":"23000"},{"arcs":[[[1,2,3,4,5,6,7,8,9,10,11,12,13,14,15,16,17,18,19]],[[20]],[[21]],[[22]]],"type":"MultiPolygon","properties":{"N03_001":"愛知県","N03_004":"名古屋市","PREF_CODE":"23","MERGED_CODE":"23100","N03_007":"23100"},"id":"23100"},{"arcs":[[[23,24,25,26,27]],[[28]],[[29]]],"type":"MultiPolygon","properties":{"N03_001":"愛知県","N03_004":"豊橋市","PREF_CODE":"23","MERGED_CODE":"23201","N03_007":"23201"},"id":"23201"},{"arcs":[[30,31,32,33,34,35,36]],"type":"Polygon","properties":{"N03_001":"愛知県","N03_004":"岡崎市","PREF_CODE":"23","MERGED_CODE":"23202","N03_007":"23202"},"id":"23202"},{"arcs":[[37,38,39,40,41,42]],"type":"Polygon","properties":{"N03_001":"愛知県","N03_004":"一宮市","PREF_CODE":"23","MERGED_CODE":"23203","N03_007":"23203"},"id":"23203"},{"arcs":[[43,44,45,46,-5,47]],"type":"Polygon","properties":{"N03_001":"愛知県","N03_004":"瀬戸市","PREF_CODE":"23","MERGED_CODE":"23204","N03_007":"23204"},"id":"23204"},{"arcs":[[48,49,50,51,52]],"type":"Polygon","properties":{"N03_001":"愛知県","N03_004":"半田市","PREF_CODE":"23","MERGED_CODE":"23205","N03_007":"23205"},"id":"23205"},{"arcs":[[53,-48,-4,54,55,56]],"type":"Polygon","properties":{"N03_001":"愛知県","N03_004":"春日井市","PREF_CODE":"23","MERGED_CODE":"23206","N03_007":"23206"},"id":"23206"},{"arcs":[[[-27,57,58,-36,59]],[[60]]],"type":"MultiPolygon","properties":{"N03_001":"愛知県","N03_004":"豊川市","PREF_CODE":"23","MERGED_CODE":"23207","N03_007":"23207"},"id":"23207"},{"arcs":[[61,62,63]],"type":"Polygon","properties":{"N03_001":"愛知県","N03_004":"津島市","PREF_CODE":"23","MERGED_CODE":"23208","N03_007":"23208"},"id":"23208"},{"arcs":[[[64,65,66,67]],[[68]]],"type":"MultiPolygon","properties":{"N03_001":"愛知県","N03_004":"碧南市","PREF_CODE":"23","MERGED_CODE":"23209","N03_007":"23209"},"id":"23209"},{"arcs":[[69,70,71,72,73,74,75,76,77]],"type":"Polygon","properties":{"N03_001":"愛知県","N03_004":"刈谷市","PREF_CODE":"23","MERGED_CODE":"23210","N03_007":"23210"},"id":"23210"},{"arcs":[[78,79,80,-34,81,82,-75,83,84,85,-45,86]],"type":"Polygon","properties":{"N03_001":"愛知県","N03_004":"豊田市","PREF_CODE":"23","MERGED_CODE":"23211","N03_007":"23211"},"id":"23211"},{"arcs":[[-33,87,-66,88,-77,89,-82]],"type":"Polygon","properties":{"N03_001":"愛知県","N03_004":"安城市","PREF_CODE":"23","MERGED_CODE":"23212","N03_007":"23212"},"id":"23212"},{"arcs":[[[-32,90,91,92,-67,-88]],[[93]],[[94]],[[95]],[[96]],[[97]],[[98]],[[99]],[[100]],[[101]],[[102]],[[103]],[[104]],[[105]],[[106]],[[107]],[[108]],[[109]],[[110]],[[111]],[[112]],[[113]]],"type":"MultiPolygon","properties":{"N03_001":"愛知県","N03_004":"西尾市","PREF_CODE":"23","MERGED_CODE":"23213","N03_007":"23213"},"id":"23213"},{"arcs":[[[-37,-59,114,-92,115]],[[116]],[[117]],[[118]],[[119]],[[120]],[[121]],[[122]],[[123]],[[124]],[[125]],[[126]]],"type":"MultiPolygon","properties":{"N03_001":"愛知県","N03_004":"蒲郡市","PREF_CODE":"23","MERGED_CODE":"23214","N03_007":"23214"},"id":"23214"},{"arcs":[[127,-57,128,129,130,131]],"type":"Polygon","properties":{"N03_001":"愛知県","N03_004":"犬山市","PREF_CODE":"23","MERGED_CODE":"23215","N03_007":"23215"},"id":"23215"},{"arcs":[[[-53,132,133,134,135,136]],[[137]]],"type":"MultiPolygon","properties":{"N03_001":"愛知県","N03_004":"常滑市","PREF_CODE":"23","MERGED_CODE":"23216","N03_007":"23216"},"id":"23216"},{"arcs":[[138,139,140,141,142,-39]],"type":"Polygon","properties":{"N03_001":"愛知県","N03_004":"江南市","PREF_CODE":"23","MERGED_CODE":"23217","N03_007":"23217"},"id":"23217"},{"arcs":[[-56,143,144,145,-142,146,-129]],"type":"Polygon","properties":{"N03_001":"愛知県","N03_004":"小牧市","PREF_CODE":"23","MERGED_CODE":"23219","N03_007":"23219"},"id":"23219"},{"arcs":[[147,-43,148,149,150,151]],"type":"Polygon","properties":{"N03_001":"愛知県","N03_004":"稲沢市","PREF_CODE":"23","MERGED_CODE":"23220","N03_007":"23220"},"id":"23220"},{"arcs":[[152,-28,-60,-35,-81,153,154]],"type":"Polygon","properties":{"N03_001":"愛知県","N03_004":"新城市","PREF_CODE":"23","MERGED_CODE":"23221","N03_007":"23221"},"id":"23221"},{"arcs":[[-12,155,156,157,158]],"type":"Polygon","properties":{"N03_001":"愛知県","N03_004":"東海市","PREF_CODE":"23","MERGED_CODE":"23222","N03_007":"23222"},"id":"23222"},{"arcs":[[-11,159,-71,160,-156]],"type":"Polygon","properties":{"N03_001":"愛知県","N03_004":"大府市","PREF_CODE":"23","MERGED_CODE":"23223","N03_007":"23223"},"id":"23223"},{"arcs":[[[-136,161,-158,162,163]],[[164]]],"type":"MultiPolygon","properties":{"N03_001":"愛知県","N03_004":"知多市","PREF_CODE":"23","MERGED_CODE":"23224","N03_007":"23224"},"id":"23224"},{"arcs":[[-76,-83,-90]],"type":"Polygon","properties":{"N03_001":"愛知県","N03_004":"知立市","PREF_CODE":"23","MERGED_CODE":"23225","N03_007":"23225"},"id":"23225"},{"arcs":[[-6,-47,165]],"type":"Polygon","properties":{"N03_001":"愛知県","N03_004":"尾張旭市","PREF_CODE":"23","MERGED_CODE":"23226","N03_007":"23226"},"id":"23226"},{"arcs":[[-65,166,167,-78,-89]],"type":"Polygon","properties":{"N03_001":"愛知県","N03_004":"高浜市","PREF_CODE":"23","MERGED_CODE":"23227","N03_007":"23227"},"id":"23227"},{"arcs":[[-40,-143,-146,168]],"type":"Polygon","properties":{"N03_001":"愛知県","N03_004":"岩倉市","PREF_CODE":"23","MERGED_CODE":"23228","N03_007":"23228"},"id":"23228"},{"arcs":[[-10,169,-72,-160]],"type":"Polygon","properties":{"N03_001":"愛知県","N03_004":"豊明市","PREF_CODE":"23","MERGED_CODE":"23229","N03_007":"23229"},"id":"23229"},{"arcs":[[-8,170,-85,171,172]],"type":"Polygon","properties":{"N03_001":"愛知県","N03_004":"日進市","PREF_CODE":"23","MERGED_CODE":"23230","N03_007":"23230"},"id":"23230"},{"arcs":[[[-25,173]],[[174]],[[175]],[[176]],[[177]],[[178]],[[179]],[[180]],[[181]],[[182]],[[183]],[[184]],[[185]],[[186]],[[187]],[[188]],[[189]],[[190]],[[191]],[[192]],[[193]],[[194]],[[195]],[[196]],[[197]],[[198]],[[199]],[[200]],[[201]],[[202]],[[203]],[[204]],[[205]],[[206]],[[207]],[[208]]],"type":"MultiPolygon","properties":{"N03_001":"愛知県","N03_004":"田原市","PREF_CODE":"23","MERGED_CODE":"23231","N03_007":"23231"},"id":"23231"},{"arcs":[[209,-151,210,-64,211,212,213]],"type":"Polygon","properties":{"N03_001":"愛知県","N03_004":"愛西市","PREF_CODE":"23","MERGED_CODE":"23232","N03_007":"23232"},"id":"23232"},{"arcs":[[-19,214,-149,-42,215]],"type":"Polygon","properties":{"N03_001":"愛知県","N03_004":"清須市","PREF_CODE":"23","MERGED_CODE":"23233","N03_007":"23233"},"id":"23233"},{"arcs":[[-2,-20,-216,-41,-169,-145,216]],"type":"Polygon","properties":{"N03_001":"愛知県","N03_004":"北名古屋市","PREF_CODE":"23","MERGED_CODE":"23234","N03_007":"23234"},"id":"23234"},{"arcs":[[[-213,217,218,219]],[[220]]],"type":"MultiPolygon","properties":{"N03_001":"愛知県","N03_004":"弥富市","PREF_CODE":"23","MERGED_CODE":"23235","N03_007":"23235"},"id":"23235"},{"arcs":[[-74,221,-172,-84]],"type":"Polygon","properties":{"N03_001":"愛知県","N03_004":"みよし市","PREF_CODE":"23","MERGED_CODE":"23236","N03_007":"23236"},"id":"23236"},{"arcs":[[-18,222,-16,223,-62,-211,-150,-215]],"type":"Polygon","properties":{"N03_001":"愛知県","N03_004":"あま市","PREF_CODE":"23","MERGED_CODE":"23237","N03_007":"23237"},"id":"23237"},{"arcs":[[-7,-166,-46,-86,-171]],"type":"Polygon","properties":{"N03_001":"愛知県","N03_004":"長久手市","PREF_CODE":"23","MERGED_CODE":"23238","N03_007":"23238"},"id":"23238"},{"arcs":[[-9,-173,-222,-73,-170]],"type":"Polygon","properties":{"N03_001":"愛知県","N03_004":"東郷町","PREF_CODE":"23","MERGED_CODE":"23302","N03_007":"23302"},"id":"23302"},{"arcs":[[-3,-217,-144,-55]],"type":"Polygon","properties":{"N03_001":"愛知県","N03_004":"豊山町","PREF_CODE":"23","MERGED_CODE":"23342","N03_007":"23342"},"id":"23342"},{"arcs":[[-130,-147,-141,224]],"type":"Polygon","properties":{"N03_001":"愛知県","N03_004":"大口町","PREF_CODE":"23","MERGED_CODE":"23361","N03_007":"23361"},"id":"23361"},{"arcs":[[225,-131,-225,-140]],"type":"Polygon","properties":{"N03_001":"愛知県","N03_004":"扶桑町","PREF_CODE":"23","MERGED_CODE":"23362","N03_007":"23362"},"id":"23362"},{"arcs":[[-17,-223]],"type":"Polygon","properties":{"N03_001":"愛知県","N03_004":"大治町","PREF_CODE":"23","MERGED_CODE":"23424","N03_007":"23424"},"id":"23424"},{"arcs":[[-15,226,-218,-212,-63,-224]],"type":"Polygon","properties":{"N03_001":"愛知県","N03_004":"蟹江町","PREF_CODE":"23","MERGED_CODE":"23425","N03_007":"23425"},"id":"23425"},{"arcs":[[[-14,227,-219,-227]],[[228]],[[229]],[[230]]],"type":"MultiPolygon","properties":{"N03_001":"愛知県","N03_004":"飛島村","PREF_CODE":"23","MERGED_CODE":"23427","N03_007":"23427"},"id":"23427"},{"arcs":[[-49,-137,-164,231]],"type":"Polygon","properties":{"N03_001":"愛知県","N03_004":"阿久比町","PREF_CODE":"23","MERGED_CODE":"23441","N03_007":"23441"},"id":"23441"},{"arcs":[[-50,-232,-163,-157,-161,-70,-168,232]],"type":"Polygon","properties":{"N03_001":"愛知県","N03_004":"東浦町","PREF_CODE":"23","MERGED_CODE":"23442","N03_007":"23442"},"id":"23442"},{"arcs":[[[233,234]],[[235]],[[236]],[[237]],[[238]],[[239]],[[240]],[[241]],[[242]],[[243]],[[244]],[[245]],[[246]],[[247]],[[248]],[[249]],[[250]],[[251]],[[252]],[[253]],[[254]],[[255]],[[256]],[[257]]],"type":"MultiPolygon","properties":{"N03_001":"愛知県","N03_004":"南知多町","PREF_CODE":"23","MERGED_CODE":"23445","N03_007":"23445"},"id":"23445"},{"arcs":[[-134,258,259,-235,260]],"type":"Polygon","properties":{"N03_001":"愛知県","N03_004":"美浜町","PREF_CODE":"23","MERGED_CODE":"23446","N03_007":"23446"},"id":"23446"},{"arcs":[[-52,261,-259,-133]],"type":"Polygon","properties":{"N03_001":"愛知県","N03_004":"武豊町","PREF_CODE":"23","MERGED_CODE":"23447","N03_007":"23447"},"id":"23447"},{"arcs":[[-31,-116,-91]],"type":"Polygon","properties":{"N03_001":"愛知県","N03_004":"幸田町","PREF_CODE":"23","MERGED_CODE":"23501","N03_007":"23501"},"id":"23501"},{"arcs":[[262,263,264,-154,-80]],"type":"Polygon","properties":{"N03_001":"愛知県","N03_004":"設楽町","PREF_CODE":"23","MERGED_CODE":"23561","N03_007":"23561"},"id":"23561"},{"arcs":[[265,-155,-265,266]],"type":"Polygon","properties":{"N03_001":"愛知県","N03_004":"東栄町","PREF_CODE":"23","MERGED_CODE":"23562","N03_007":"23562"},"id":"23562"},{"arcs":[[267,-267,-264,268]],"type":"Polygon","properties":{"N03_001":"愛知県","N03_004":"豊根村","PREF_CODE":"23","MERGED_CODE":"23563","N03_007":"23563"},"id":"23563"}]}}}