{"type":"Topology","arcs":[[[44435,90917],[66,-89],[39,-28],[66,-34],[18,-58],[4,-101],[13,-32],[70,-88],[75,-40],[43,-40],[39,-67],[7,-36],[-9,-44],[76,-106],[101,-53],[12,-25],[-31,-84],[27,-73],[5,-67],[41,-108],[-20,-55],[15,-25],[80,-16],[73,-45],[60,-4],[41,-18],[35,-39],[47,-73],[88,-69],[1,-69],[10,-86],[-14,-34],[9,-44],[30,-51],[11,-41],[3,-70],[20,-25],[-32,-22],[-69,-74],[-29,-58],[-3,-76],[15,-12],[98,-5],[59,-22],[26,-30],[6,-80],[75,-72],[36,-47],[10,-34],[-64,-95],[-12,-32],[-4,-89],[-24,-14],[-102,7],[-58,-36],[-30,-29],[-15,-35],[1,-52],[-66,-96],[-33,-34],[-111,-62],[-52,-91],[-22,-9],[-79,40],[-23,0],[-53,-47],[-80,-36],[-121,-77],[-31,-7],[-65,15],[-82,-14],[-57,-50],[-77,-33],[-65,-11],[-129,8],[-30,-33],[-22,-109],[16,-44],[61,-82],[32,-68]],[[44381,87233],[-60,-59],[-59,-104],[-87,-102],[-50,-45],[-78,-44],[-110,9],[-28,-9],[-44,-41],[-75,-83],[-105,-104],[-43,-15],[-25,7],[-67,56],[-51,98],[-21,60],[-117,222],[-36,160],[-140,-6],[-85,-25],[-8,-18],[42,-142],[-67,-26],[-8,87],[-18,53],[-86,-59],[-32,63],[-75,62],[-18,-31],[50,-66],[0,-22],[-37,-27],[-59,5],[-8,-24],[24,-29],[16,-55],[-12,-29],[-86,-8],[-51,21],[-30,40],[-7,61],[-21,48],[-73,-8],[-29,-56],[46,-106],[1,-34],[-18,-14],[-48,2],[-38,-22],[-10,-38],[67,-63],[42,-3],[52,-24],[34,-64],[-3,-60],[19,-30],[24,3],[28,42],[2,52],[-65,120],[4,30],[29,6],[23,-44],[6,-67],[28,-80],[-7,-36],[-35,-43],[-4,-24],[-45,-62],[9,-73],[57,-83],[-28,-26],[-46,19],[-28,39],[-70,25],[-11,-43],[-60,-91],[-29,-5],[-61,32],[-31,63],[-19,-1],[-28,-32],[-31,9],[-15,73],[-56,-2],[-86,106],[-52,51],[-29,52],[-13,0],[-52,-59],[-7,-37],[9,-34],[-56,-95],[-106,138],[-21,48],[-66,33],[-38,-35],[-56,-84],[-71,3],[-56,-61],[-7,-30],[19,-58],[-83,-119],[-43,-85],[15,-52],[-28,-49],[19,-37],[-15,-42],[-18,-98],[-72,-82],[-27,-103],[-26,-45],[-5,-39],[-24,-50],[-12,-104],[-29,-30],[-79,-48],[-36,-52],[-59,-45],[-83,-16],[-52,-34],[-9,13],[40,78],[-30,32],[-143,-2],[-13,-25],[-47,-10],[1,-47],[-33,19],[-46,-16],[-13,29],[-76,-33],[6,-14],[-41,-6],[-14,54],[-22,17],[-56,19],[-108,-13],[-56,-21],[-55,13],[-67,-2],[-33,36],[-22,0],[-9,-33],[-26,-23],[-13,20],[6,56],[-16,51],[-23,36],[-44,17],[-47,-8],[-93,-59],[-73,-9],[-36,-22],[-21,-37],[-82,-37],[-16,2],[-24,44],[16,67],[-24,19],[-75,-9],[-29,7],[15,130],[-14,30],[-44,11],[-93,-37],[-127,-34],[-170,-2],[-68,-11],[-47,7],[-65,-93],[-32,1],[-15,50],[48,79],[-45,68],[-2,90],[-15,40],[-34,55],[-11,47],[-36,44],[7,127],[-6,25],[-39,50],[-34,66],[-22,108],[15,36],[-4,78],[-33,87],[0,54],[18,50],[-16,179],[-36,105],[-32,-38],[-44,-12],[-52,-35],[-55,-51],[-59,4],[-46,-13],[-33,3],[-31,31],[-45,105],[-30,40],[-21,6],[-68,-16],[-29,-136],[-2,-115],[23,-49],[-13,-105],[-24,-64],[18,-45],[-39,-61],[-57,-39],[-18,-27],[35,-128],[39,-89],[-18,-25],[-41,-14],[-66,-44],[-64,-13],[-110,-41],[-65,-30],[-88,-53],[-42,11],[-61,-25],[-67,-62],[-72,-39],[-47,-49],[-53,-33],[-22,-52],[-23,-84],[-31,-23],[-100,-8],[-64,15],[-50,49],[-129,26],[-146,-10],[-58,-20],[-26,3],[-108,46],[-71,10],[-19,-5],[-72,-67],[-30,-11],[-78,-85],[-26,-13],[-63,-3],[-58,6],[-45,-44],[-21,-100],[-17,-43],[-42,-44],[-94,-36],[-39,-28],[-39,-53],[-34,-73],[5,-48],[29,-72],[-19,-102],[13,-111],[0,-40],[56,-36],[54,-62],[39,-71],[-41,-64],[-8,-135],[13,-21],[56,7],[39,-39],[30,-46],[34,4],[51,-13],[17,-24],[19,-99],[79,15],[46,-5],[31,-20],[73,-71],[-64,-124],[-11,-75],[-15,-51],[27,-26],[-5,-69],[13,-40],[25,-15],[19,-62],[-10,-58],[21,-132],[28,-34],[-8,-56],[-72,-32],[-37,-62],[4,-72],[12,-25],[35,-19],[2,-61],[-20,-17],[-76,-13],[39,-28],[46,-78],[36,-86],[87,-49],[-16,-85],[17,-58],[-20,-16],[-16,19],[-32,4],[-67,-86],[-52,-43],[-61,13],[-93,-35],[-97,-57],[-63,-11],[-2,-23],[62,-24],[37,1],[28,41],[42,18],[13,-52],[-28,-35],[32,-27],[96,40],[42,-27],[36,-56],[48,-11],[57,53],[54,4],[76,-18],[44,26],[18,43],[58,13],[124,-51],[62,16],[19,24],[-30,41],[42,60],[47,27],[38,-6],[25,-116],[25,-11],[93,38],[110,-6],[38,32],[70,4],[62,-15],[51,20],[36,2],[78,-40],[42,20],[64,12],[117,50],[82,20],[53,2],[77,27],[31,31],[35,73],[73,44],[36,2],[2,29],[-15,45],[-31,16],[-57,66],[-160,15],[-67,33],[-33,1],[-54,-21],[-75,18],[8,33],[63,-8],[11,11],[38,-12],[127,6],[48,-29],[87,5],[77,-65],[75,-28],[44,7],[48,46],[30,18],[43,-1],[31,42],[-26,56],[3,21],[41,25],[16,58],[-21,86],[0,84],[-15,41],[-44,65],[-24,20],[-28,-36],[9,-68],[-54,-61],[-37,13],[-64,85],[7,27],[49,27],[16,35],[-58,24],[6,45],[45,27],[93,124],[61,18],[21,55],[42,53],[115,18],[74,39],[99,38],[81,41],[46,1],[115,-60],[57,-2],[87,11],[36,-57],[33,-16],[85,-24],[-46,-103],[-27,-106],[-50,-127],[34,-28],[5,-26],[58,-63],[-61,-87],[-59,-20],[-29,-64],[-88,-80],[3,-122],[-18,-113],[-21,-50],[-50,-45],[-13,-41],[-45,-22],[-87,-17],[-100,-30],[21,-21],[59,-4],[107,10],[77,-88],[44,-34],[64,-27],[52,-8],[40,-67],[80,-74],[106,-33],[-32,-67],[-54,-53],[3,-16],[64,-20],[-7,-50],[-21,-49],[-79,-71],[1,-15],[123,-16],[131,-74],[48,-138],[51,-44],[87,-99],[12,-70],[47,-68],[9,-61],[-4,-92],[20,-29],[55,-42],[16,-25],[22,-70],[8,-55],[-32,-70],[12,-81],[-6,-20],[-39,-23],[-14,-25],[9,-46],[-1,-66],[-43,-39],[-61,-22],[-76,-79],[-71,-53],[-18,-34],[-30,-19],[-46,-10],[-134,-2],[-22,-15],[-9,-55],[27,-42],[11,-45],[42,-65],[2,-54],[-32,-81],[-1,-100],[-266,-87],[166,-206]],[[39029,79507],[-49,-70],[-42,-25],[-18,-33],[-12,-72],[14,-17],[51,18],[57,5],[35,-15],[43,-1],[40,-30],[33,18],[15,-10],[18,-120],[22,-96],[15,-30],[55,-58],[57,-9],[47,12],[100,-7],[57,-30],[47,-58],[-10,-90],[19,-99],[-3,-175],[-36,-47],[-98,-32],[-38,-29],[-16,-79],[-42,-35],[-96,-43],[-40,-112],[-52,-27],[-43,-75],[6,-70],[-27,-92],[32,-49],[11,-48],[-30,-67],[-35,-47],[-121,-78],[-66,19],[-34,-1],[-59,17],[-48,26],[-43,38],[-52,-56],[-56,-39],[-55,-53],[-53,-80],[-32,-22],[-109,-32],[-117,-10],[-12,-15],[19,-51],[38,-43],[19,-48],[-24,-61],[2,-62],[-22,-7],[-5,-31],[16,-43],[-60,17],[-78,-4],[-40,-24],[-50,-9],[-40,17],[-117,11],[-95,-33],[-11,-15],[58,-61],[-10,-53],[-17,-35],[24,-52],[25,-92],[38,-40],[-22,-14],[-101,0],[-37,15],[-8,-19],[52,-42],[43,8],[38,-16],[-54,-18],[-26,-19],[-63,-7],[-14,-22],[-36,18],[-42,59],[-59,-35],[17,-21],[-33,-10],[-51,25],[-12,-23],[13,-24],[42,-18],[77,-3],[-22,-35],[33,-26],[33,13],[58,6],[28,-15],[27,32],[67,56],[72,-12],[43,-58],[-4,-50],[-17,-40],[1,-36],[34,-36],[-17,-16],[-40,0],[-34,-20],[-140,-21],[-24,10],[-22,34],[-56,-2],[-106,-62],[13,-54],[28,-5],[31,-31],[23,48],[29,18],[81,-14],[40,12],[76,-11],[21,15],[58,1],[49,30],[18,-3],[-37,-48],[-66,-43],[-57,2],[-15,-22],[-91,-35],[-76,-48],[-67,6],[-23,-31],[-114,-25],[-91,-58],[-91,-41],[-21,-27],[-16,-60],[-44,-54],[-52,-89],[-20,-66],[3,-63],[-8,-33],[-68,-17],[-31,-26],[-12,-37],[-8,-76],[-3,-92],[7,-22],[108,-76],[48,-46],[43,-83],[126,52],[23,15],[24,-10],[17,-89],[25,-44],[32,-6],[25,33],[7,81],[51,16],[37,-7],[44,-35],[53,-80],[20,-60],[-4,-98],[28,-56],[-4,-44],[24,-51],[4,-33],[-35,-52],[-96,-55],[-113,-33],[-69,-35],[-83,-28],[-3,-15],[41,-40],[20,-35],[29,-87],[14,-21],[46,-22],[20,-29],[-10,-38],[12,-47],[-19,-86],[-39,-71],[-44,-148],[10,-70],[20,-30],[52,-45],[52,-29],[-7,-61],[-36,-77],[-26,-103],[3,-41],[76,-163],[41,-72],[19,-49],[-4,-48],[-16,-44],[-105,-64],[-58,-68],[-48,-42],[-13,-34],[0,-63],[16,-78],[0,-116],[-27,-52],[-35,-43],[-58,-25],[-43,-28],[-178,15],[-66,18],[-77,3],[-61,38],[-36,11],[-25,46],[-18,6],[-70,-35],[-57,13],[-31,-7],[-105,-80],[-55,-4],[-51,-44],[-34,-18],[-150,-10],[-109,0],[-80,22],[-52,57],[-34,14],[-80,1],[-90,-15],[-74,-50],[-56,11],[-59,76],[-33,20],[-89,-5],[-48,7],[-51,-19],[-84,-18],[-56,-1],[-42,58],[-61,54],[-51,14],[-71,7]],[[35014,72492],[-21,25],[-54,18],[-29,24],[-83,106],[-24,96],[-49,17],[-16,20],[32,80],[-13,20],[-56,9],[-11,58],[14,54],[37,42],[65,47],[60,64],[1,33],[-43,43],[-83,62],[12,38],[-10,41],[-23,33],[-66,34],[-80,63],[-24,34],[-19,104],[-46,72],[5,114],[-44,107],[-32,12],[-184,-33],[-44,14],[-24,87],[-18,42],[12,51],[5,72],[-33,27],[-8,27],[8,46],[26,45],[9,39],[-13,50],[-41,43],[-28,65],[-61,56],[-9,62],[-56,55],[-11,47],[-21,26],[-79,30],[-46,39],[-65,8],[-122,56],[1,41],[28,47],[29,26],[17,85],[-5,31],[-50,65],[-23,48],[-54,60],[-35,108],[-69,71],[-65,-42],[-56,10],[-128,70],[-18,59]],[[33183,75595],[131,55],[66,14],[42,19],[64,44],[48,-51],[67,46],[37,92],[10,116],[23,54],[67,86],[88,94],[32,-7],[110,-76],[52,-1],[67,-32],[31,14],[138,-43],[22,38],[78,77],[48,65],[21,103],[-3,133],[-28,22],[18,63],[-37,33],[-38,58],[-86,52],[-48,45],[-38,90],[-30,41],[49,16],[26,70],[4,39],[102,35],[154,26],[32,17],[48,72],[0,47],[-29,88],[15,66],[-66,47],[-32,37],[-11,31],[-100,64],[-61,52],[-79,26],[-30,21],[-32,53],[-101,-9],[-56,96],[2,60],[-17,69],[-24,32],[15,24],[65,-36],[29,-8],[65,7],[52,26],[76,70],[61,-29],[35,-6],[20,17],[6,59],[31,57],[43,114],[66,66],[46,102],[77,61],[15,37],[87,52],[60,66],[48,22],[21,22],[24,59],[44,40],[110,75],[67,0],[78,17],[67,25],[179,31],[-2,101],[39,65],[-1,20],[-114,62],[-14,30],[7,65],[-63,109],[-50,26],[-2,17],[31,55],[1,20],[-50,40],[-42,56],[3,25],[49,45],[-50,102],[-22,84],[-84,-3],[-92,14],[-63,1],[-96,32],[7,70],[-6,54],[-19,47],[-61,41],[30,49],[9,71],[18,25],[50,29],[0,68],[-21,48],[-60,2],[-14,52],[47,89],[-48,31],[-52,3],[-53,47],[19,47],[-42,30],[-32,-11],[-25,21],[-71,104],[-52,-17],[19,113],[1,96],[-99,-25],[-26,47],[-43,-16],[-49,8],[-179,-8],[-105,40],[-124,-61],[-49,4],[-19,-13],[-72,2],[-24,81],[-44,52],[-15,35],[-48,56],[-55,33],[-42,7],[-75,44],[-31,-2],[-20,-37],[-66,-93],[-28,-104],[-14,-29],[22,-76],[36,-72],[31,-118],[11,-133],[-17,-17],[-15,-74],[17,-66],[-5,-30],[29,-51],[-6,-118],[14,-45],[-4,-56],[-23,-124],[7,-55],[-7,-22],[-55,-57],[-50,-71],[18,-47],[-5,-86],[-16,-33],[-48,-22],[-127,86],[-47,24],[-59,19],[-137,-2],[-34,-33],[-39,-18],[-37,4],[-60,39],[-77,-21],[-102,-62],[-86,-35],[-71,4],[-138,-1],[-81,22],[-55,44],[-15,43],[4,73],[-11,41],[-69,23],[-70,35],[-43,4],[-66,43],[-58,8],[-64,-7],[-31,21],[-21,-16],[-74,53],[-49,-2],[-38,-31],[-49,25],[1,57],[-21,44],[-31,8],[-39,44],[-50,-13],[-48,22],[-28,61],[-43,15],[-65,4],[-55,15],[-38,-38],[-33,-7],[-93,27],[-46,2],[-29,-22],[-65,-72],[-18,-37],[-76,-72],[-20,-53],[52,-118],[62,-40],[9,-160],[-20,-101],[12,-49],[-17,-45],[-52,-49],[-23,-35],[-1,-66],[12,-61],[-53,-57],[-49,-36],[18,-35],[68,-75],[62,-29],[-58,-125],[-44,-106],[-14,-15],[-1,-79],[-42,-10],[-18,-90],[-62,-78],[-42,-27],[12,-68],[47,-59],[-11,-103],[11,-35],[42,-73],[91,-79],[25,-203],[-11,-126],[-35,-40],[-76,-9],[-67,-33],[-26,-57],[-16,-6],[-48,24],[-86,24],[-55,8],[-24,22],[-162,44],[-45,24],[-59,15],[-42,-12],[-32,11],[-53,0],[-80,48],[-93,10],[-39,12],[-41,44],[-51,27],[-96,8],[-105,64],[-63,-45],[7,-26],[-17,-19],[-77,5],[-29,-26],[-28,-59],[-38,-6],[-81,17],[-24,-7],[-2,-39],[-18,-40],[24,-51],[-31,10],[-23,36],[-16,-21],[6,-72],[-12,-20],[10,-67],[-28,-10],[-15,36],[-13,71],[-20,12],[-12,-32],[2,-84],[9,-86],[-10,-9],[-32,36],[-14,-6],[20,-69],[1,-32],[-17,-11],[-26,62],[-11,62],[-23,30],[-12,44],[-54,65],[-31,8],[-6,-17],[25,-91],[5,-42],[-24,-42],[-17,-2],[-19,114],[-31,48],[-35,2],[-43,-23],[-11,-53],[-39,-2],[-19,33],[-28,92],[-11,6],[-34,-44],[-17,14],[8,27],[62,65],[35,53],[30,21],[28,43],[5,40],[38,27],[18,40],[-6,118],[-15,86],[-32,97],[-59,103],[2,61],[-30,107],[-21,55],[21,79],[28,42],[9,57],[-44,7],[-89,27],[-62,-7],[-116,-35],[-78,-37],[-218,-154],[-49,48],[-92,33],[-81,-18],[-47,16],[-128,-3],[-81,16],[-70,-1],[-45,20],[-85,117],[-21,16],[-91,105],[-69,106],[0,33],[38,44],[144,18],[30,31],[-7,27],[-42,49],[-22,143],[-13,34],[-31,23],[-45,-3],[-94,-27],[-82,0],[-131,-17],[-58,33],[-64,15],[-66,-5],[-61,-32],[-11,5],[3,94],[-6,65],[61,-18],[56,30],[14,28],[45,51],[58,35],[4,28],[-55,35],[4,112],[19,46],[36,9],[50,52],[31,19],[16,55],[-3,127],[-368,9],[-2,144],[8,30],[92,1],[3,102],[93,53],[-3,19],[-59,62],[13,53],[-10,12],[-63,-37],[-42,5],[-78,-48],[-76,-6],[-73,-16],[-159,-52],[-93,-25],[-21,10],[21,19],[-51,-9],[-68,30],[-83,-8],[-4,-125],[-50,-8],[-226,-2],[1,-258],[-38,-13],[-54,-1],[-42,14],[1,65],[-72,1],[-6,65],[-19,39],[-111,3],[-86,-3],[-4,193],[-182,5],[-325,0]],[[24460,80440],[-129,0],[-358,-16],[-115,-1],[3,126],[-6,166],[-135,6],[0,39],[-87,0],[-1,26],[92,20],[13,38],[93,7],[-17,195],[11,464],[-125,-35],[-67,-28],[-60,-4],[-34,7],[-47,60],[-28,9],[-98,-47],[-22,23],[35,57],[-25,71],[-76,-13],[-27,63],[-135,-3],[-60,-9],[-155,-2],[-1,162],[-6,244],[-725,0],[-150,-85],[-39,-7],[-1,156],[7,160],[27,227],[-7,48],[-36,15],[-9,39],[-1,102],[23,1],[-26,61],[-17,86],[-3,58],[-45,7],[-278,2],[-14,5],[-194,3],[-471,-14],[-21,14],[-219,6],[-100,10],[-84,3],[-89,11],[-102,5],[-132,-19],[-115,-30],[-93,10],[-63,0],[-42,-44],[-116,-93],[-46,-19],[-27,-34],[-33,-68],[-178,-56],[-48,-44],[-29,-41],[-80,-1],[-333,7],[-64,-25],[-160,-5],[-59,15],[-134,-11],[-61,-13],[-75,17],[-111,51],[-94,27],[-116,24],[-75,-15],[-38,12],[-32,81],[-36,37],[-20,62],[-34,34],[-52,1],[-45,-23],[-59,-16],[-179,42],[-86,7],[-69,39],[-28,37],[-19,89],[-32,78],[-26,42],[-58,63],[-91,39],[-198,39],[-58,83],[-38,12],[-52,-8],[-32,49],[-53,26],[-56,-17],[-54,21],[-40,33],[-158,22],[-49,-13],[-112,-75],[-83,-78]],[[16148,83329],[-29,40],[-5,73],[-53,41],[-8,58],[97,176],[-12,42],[-34,42],[-2,61],[20,79],[-20,64],[24,64],[-1,25],[-95,29],[-46,51],[-47,21],[-71,21],[-30,36],[28,81],[-13,54],[-33,38],[-11,76],[-16,45],[1,81],[-74,42],[-7,14],[38,60],[-67,148],[-45,-7],[-27,46],[-10,87],[-9,26],[-69,70],[-10,61],[44,66],[14,51],[-28,83],[-21,138],[-23,71],[-40,82],[-10,78],[-71,41],[-27,50],[-61,73],[10,157],[-24,59],[1,63],[32,54],[-9,48],[47,84],[-2,34],[-99,160],[-73,83],[-10,24],[19,84],[42,72],[81,44],[7,52],[-38,71],[8,34],[54,42],[14,56],[-51,25],[-158,40],[-73,12],[-62,28],[-19,20],[-1,69],[19,69],[-11,20],[-44,29],[-7,38],[20,60],[59,40],[31,12],[22,-17],[40,11],[43,28],[32,48],[31,17],[169,-52],[89,-24],[63,-8],[107,3],[22,16],[-13,64],[76,78],[49,-5],[37,78],[97,-3],[50,4],[59,37],[62,7],[98,33],[4,38],[49,29],[59,-24],[23,2],[29,106],[-17,33],[-77,42],[-49,36],[-3,21],[39,48],[68,-16],[52,6],[9,40],[71,104],[56,40],[6,30],[-34,61],[19,49],[29,11],[28,-16],[19,-45],[35,18],[7,40],[36,11],[55,-71],[62,-54],[-21,138],[-15,37],[22,60],[36,24],[8,38],[-7,40],[22,41],[109,26],[61,3],[8,46],[-31,101],[-44,94],[41,56],[65,71],[30,66],[120,91],[12,45],[-24,38],[-21,74],[-43,54],[2,126],[15,27],[-1,55],[-13,42],[2,60],[93,-13],[47,-27],[-17,-47],[-40,-6],[-36,-46],[67,-10],[13,-61],[-40,-19],[-51,22],[-24,-83],[6,-22],[29,1],[72,39],[-15,-31],[4,-34],[-41,-59],[17,-26],[64,14],[-6,-38],[-21,0],[-13,-49],[25,-41],[20,-60],[35,-38],[1,-53],[-25,-84],[34,-61],[35,-2],[7,53],[24,47],[-6,72],[41,2],[25,48],[-5,24],[-65,7],[-23,43],[12,41],[-11,41],[24,56],[-11,22],[-57,53],[-9,38],[5,94],[18,113],[46,22],[62,-37],[52,33],[89,45],[71,-24],[28,-21],[0,-22],[-140,-102],[-62,-77],[-9,-61],[53,-74],[22,-4],[41,35],[73,3],[-1,53],[38,15],[3,27],[-28,34],[24,107],[45,13],[35,-68],[10,0],[14,76],[16,6],[15,-38],[-22,-79],[30,-46],[33,-29],[-35,-5],[-1,-40],[37,-9],[117,21],[98,-14],[75,11],[51,-19],[81,-52],[61,-20],[38,17],[-11,18],[-82,48],[-1,16],[39,18],[4,43],[-35,10],[-2,75],[55,2],[41,-44],[20,-82],[33,-70],[17,1],[6,50],[44,28],[27,38],[54,25],[24,51],[6,56]],[[18594,89777],[11,1],[65,90],[39,0],[82,-30],[116,-62],[91,-64],[97,-95],[41,0],[56,14],[71,0],[37,-27],[68,-31],[74,-6],[55,-15],[70,3],[72,37],[82,-8],[62,11],[26,-8],[79,-56],[15,3],[99,70],[121,-5],[45,-19],[25,-29],[-9,-26],[-55,-47],[23,-47],[50,25],[41,-24],[43,-3],[17,-18],[54,-2],[77,-62],[73,-27],[35,6],[10,72],[37,4],[10,-48],[65,-33],[114,-10],[72,7],[85,33],[98,30],[64,84],[118,-3],[30,-26],[65,-1],[21,28],[162,-4],[41,-5],[80,40],[71,9],[48,-15],[72,-43],[78,-38],[50,-12],[72,-34],[17,-17],[20,-68],[-1,-44],[-27,-44],[50,-75],[4,-51],[37,-7],[62,32],[36,7],[15,60],[32,65],[54,53],[29,41],[33,0],[44,-57],[70,-27],[99,-11],[19,-13],[112,-2],[33,-12],[16,-60],[6,-87],[14,-70],[73,-123],[77,-59],[32,-10],[50,13],[57,-4],[82,-34],[38,1],[98,-17],[78,-8],[103,16],[24,-32],[-21,-93],[-7,-98],[-21,-54],[-29,-2],[-96,27],[-41,2],[-22,-25],[58,-45],[85,-23],[75,3],[32,9],[69,71],[91,-15],[133,-76],[50,-3],[41,-83],[43,-46],[106,-75],[93,-51],[36,-3],[65,29],[85,16],[83,6],[66,28],[57,52],[9,57],[81,-19],[35,5],[74,32],[24,-10],[42,-62],[25,-63],[36,0],[124,36],[59,90],[20,7],[53,-40],[63,17],[46,-19],[151,-87],[173,-4],[95,-52],[65,-6],[89,1],[41,-44],[13,-68],[32,-39],[32,-3],[39,-28],[21,-30],[58,-47],[109,-27],[75,-7],[118,13],[66,-28],[105,-6],[103,-21],[85,-36],[4,-29],[-34,-83],[-4,-119],[160,8],[14,-31],[203,16],[118,4],[58,8],[41,25],[52,17],[92,5],[40,11],[24,29],[57,7],[62,19],[151,-44],[64,11],[95,-58],[79,32],[19,22],[1,103],[52,73],[31,-17],[22,15],[16,96],[12,22],[167,91],[98,17],[90,31],[102,50],[47,-3],[74,11],[23,19],[46,69],[58,61],[45,36],[123,62],[42,-13],[19,-19],[20,-86],[52,-48],[58,5],[103,49],[35,27],[97,99],[41,0],[82,-64],[76,-30],[87,8],[65,45],[80,-65],[84,-126],[90,-63],[53,-29],[48,-58],[-5,-62],[9,-78],[16,-38],[34,-30],[30,9],[4,32],[-11,76],[13,79],[26,94],[34,63],[-4,45],[9,34],[60,96],[-15,64],[16,31],[26,90],[19,121],[4,110],[-9,70],[28,55],[43,60],[47,36],[33,170],[76,150],[-29,70],[15,46],[50,85],[7,28],[62,20],[63,2],[34,56],[7,71],[18,64],[-2,159],[-13,44],[-31,36],[35,166],[47,43],[39,15],[46,-2],[26,-16],[41,0],[102,-30],[49,25],[23,53],[40,29],[72,95],[35,85],[-22,39],[-18,68],[15,137],[13,31],[50,21],[66,-5],[65,31],[46,125],[55,70],[88,80],[40,74],[7,59],[33,59],[112,63],[51,55],[76,68],[40,70],[9,62],[-6,62],[10,52],[25,49],[40,36],[68,23],[18,39],[-25,43],[26,108],[-5,92],[33,79],[31,43],[56,44],[7,49],[-6,74],[21,41],[58,51],[20,70],[25,3],[75,-17],[27,22],[131,-29],[106,-50],[50,-1],[25,27],[0,67],[12,39],[58,49],[18,12],[40,66],[27,27],[36,58],[2,37],[48,53],[31,49],[76,5],[49,-22],[73,-56],[52,-8],[63,2],[79,-7],[-1,-31],[-50,-51],[-59,-73],[-28,-85],[4,-17],[87,-105],[43,-63],[8,-51],[-7,-35],[-31,-58],[-132,-154],[-47,-120],[-60,-65],[-49,-105],[-22,-69],[-41,-63],[-102,-60],[-11,-61],[37,-47],[32,-69],[-18,-47],[-30,-33],[0,-60],[43,-70],[88,-61],[54,-53],[53,19],[83,-39],[81,-79],[45,-14],[97,-48],[76,-65],[79,-2],[40,-41],[40,-9],[94,55],[36,11],[26,54],[33,32],[75,38],[48,60],[40,15],[41,-7],[58,-33],[47,-91],[41,0],[12,35],[22,15],[102,-39],[70,-1],[37,-18],[20,-36],[9,-71],[42,-37],[45,2],[20,25],[11,67],[2,110],[35,83],[2,82],[10,28],[71,54],[101,8],[32,14],[47,52],[108,178],[24,21],[129,-18],[21,19],[18,72],[41,39],[46,77],[47,44],[77,37],[61,-4],[31,21],[29,62],[46,44],[27,0],[48,-69],[6,-72],[14,-29],[58,-62],[14,-39],[31,-31],[52,-35],[29,-41],[22,-89],[-17,-65],[4,-69],[27,-164],[33,-64],[86,4],[98,24],[24,-4],[33,-40],[49,-12],[22,9],[25,51],[67,29],[29,25],[25,76],[27,38],[86,52],[62,50],[36,-51],[104,-93],[41,-49],[37,-27],[106,-55],[78,38],[28,57],[31,40],[50,24],[74,1],[24,-14],[18,-56],[23,-21],[48,-10],[45,-67],[36,-3],[74,73],[24,-3],[44,-58],[-7,-40],[-25,-66],[0,-23],[54,-85],[23,-55],[76,-89],[61,-35],[59,-1],[38,24],[32,36],[36,-1],[21,-16],[13,-48],[4,-129],[17,-50],[37,-21],[155,-28],[19,-24],[-8,-77],[-29,-79],[-58,-56],[17,-90],[30,-56],[35,-43],[56,-47],[28,-48],[5,-49],[40,-107],[41,-54],[33,-72],[8,-40],[-17,-43],[-26,-36],[-1,-60],[30,-54],[-5,-70],[-16,-27],[5,-51],[19,-69],[-23,-108],[-35,-105],[-22,-115],[20,-61],[58,-71],[41,-39],[-31,-49],[13,-81],[-5,-99],[48,-18],[54,6],[33,-6],[44,-35],[95,11],[62,-23],[17,-67],[39,-26],[37,20],[51,52],[50,14],[18,-19],[-13,-68],[-72,-115],[6,-25],[33,-27],[43,2],[77,27],[80,7],[146,38],[61,50],[27,-9],[111,28],[64,-46],[60,-12],[37,49],[153,104],[28,30],[28,110],[78,57],[47,18],[37,48],[39,32],[26,1],[77,-48],[65,-19],[88,5],[122,-11],[49,-58],[158,-130],[82,-80],[63,-91],[9,-102],[22,-80],[-11,-66],[-59,-182],[-8,-36],[12,-43],[74,-43],[104,2],[61,9],[88,22],[145,45],[79,1],[280,-128],[185,-75],[174,-52],[67,-4],[101,26],[-46,131],[-5,89],[4,88],[-30,45],[2,33],[42,44],[23,42],[-2,39],[-18,24],[20,63],[2,60],[19,59],[36,51],[24,12],[90,-4],[39,-11],[19,12],[32,126],[21,18],[145,74],[11,49],[-9,75],[15,58],[101,62],[89,20],[59,42],[89,51],[56,-3],[26,38],[66,40],[4,61],[24,112],[-2,120],[16,96],[70,147],[29,131],[1,63],[19,56],[27,26],[0,29],[-37,101],[-17,90],[3,67],[24,95],[6,56],[33,108],[-1,66],[9,39],[37,77],[26,34],[35,79],[73,75],[90,43],[170,-2],[17,5],[58,56],[74,10],[47,16],[72,54],[95,12],[75,-7],[96,-16],[165,-9],[43,16]],[[18177,64365],[-186,-3],[-9,11],[-107,7],[-387,-11],[-62,-7],[8,70],[67,131],[128,236],[47,43],[72,29],[15,53],[-3,152],[2,232],[83,1],[-3,89],[-493,6],[-429,-16],[-86,0],[-2,75],[6,219],[-40,17],[8,450],[-4,15],[-165,-7],[-1,-76],[-172,-5],[-6,55],[-26,28],[-1,143],[-18,200],[-36,15],[1,81],[35,61],[11,88],[-20,95],[-1,75],[15,158],[-5,251],[-409,1],[-48,-7],[-158,1],[-225,-4],[-160,1],[-22,37],[-6,485],[-26,5],[-286,-2],[-24,13],[-2,184],[11,213]],[[15058,68253],[194,3],[0,221],[-7,477],[3,57],[256,-2],[41,8],[1,66],[10,141],[0,205],[118,4],[308,6],[145,1],[92,4],[-4,33],[55,7]],[[16270,69484],[34,2],[38,19],[35,-27],[15,17],[28,-10],[5,-26],[65,-28],[-49,10],[1,-72],[-20,-27],[20,-41],[-25,-18],[-1,-23],[33,3],[-4,-41],[-18,-11],[48,-55],[-8,-10],[49,-33],[30,-7],[43,27],[32,71],[49,15],[-11,35],[-51,22],[10,59],[26,-2],[54,-60],[105,-6],[39,-11],[15,-22],[10,-62],[-3,-74],[26,-12],[1,-22],[235,8],[2,97],[154,-1],[42,14],[-1,87],[22,22],[91,-2],[195,-15],[18,-80],[80,-2],[0,213],[146,-5],[39,5],[219,1],[1,38],[23,12],[-2,67],[28,0],[0,44],[493,21],[231,4],[49,5],[0,-90],[89,-12],[3,-84],[98,1],[121,-5],[4,-104],[94,4]],[[19365,69307],[-3,-177],[4,-172],[-10,-159],[13,-84],[20,-55],[-1,-32],[-32,-141],[3,-49],[24,-40],[70,-78],[43,-17],[1,-201],[-220,-9],[1,-97],[-82,-3],[-1,-88],[-101,-6],[-14,-13],[-4,-87],[-10,-27],[-189,-4],[-14,-284],[-34,-124],[131,20],[16,-133],[-46,-1],[0,-185],[26,-19],[4,-119],[22,-4],[1,-86],[7,-81],[-161,-10],[-25,-66],[-5,-92],[2,-123],[-7,-236],[-6,-97],[0,-114],[-108,0],[6,-103],[142,13],[131,-2],[10,-19],[2,-157],[-6,-135],[-95,-2],[-2,-71],[-20,-9],[0,-163],[-16,-31],[26,-58],[-1,-137],[21,-64],[28,-6],[583,-10],[1,-187],[-9,-136],[0,-162],[-323,-10],[-86,-5],[2,-181],[-106,-6],[3,-124],[-5,-278],[-71,-3],[-7,-106],[-436,-11]],[[18452,63851],[4,122],[-6,162],[7,234],[-46,-21],[-38,12],[-76,-15],[-48,5],[-19,17],[-53,-2]],[[24460,80440],[-2,-105],[-100,0],[-6,-28],[9,-285],[31,-41],[72,-32],[4,-15],[6,-230],[-10,-230],[2,-155],[18,-118],[-24,-24],[-62,-19],[-56,-4],[-375,27],[-43,-3],[-98,-29],[-105,-77],[-106,-96],[-45,-3],[0,-366],[45,1],[-1,-110],[42,-9],[2,-188],[223,-5],[1,-107],[381,2],[3,-200],[-397,-4],[-1,-189],[-189,7],[-58,13],[-38,-23],[-50,-9],[-19,-117],[-475,-6],[-3,57],[3,196],[-23,15],[-69,-3],[-4,-49],[-150,6],[-151,-22],[-24,-36],[-72,1],[-383,17],[-50,19],[-118,3],[-9,-27],[8,-143],[11,-115],[-7,-229],[8,-218],[5,-237],[-1,-139],[-175,-12],[-162,-2],[0,-199],[-130,-1],[-19,-283],[-42,0],[-8,-50],[-86,-7],[-7,-35],[-126,-4]],[[21255,76166],[-4,133],[-8,46],[-345,-2],[-11,-111],[-307,-4],[-30,2],[-19,-76],[-22,-22],[-211,39],[-16,-35],[-42,-3],[-83,33],[-188,99],[-106,51],[-100,19],[-106,-22],[-30,-14]],[[19627,76299],[-14,76],[-3,192],[9,50],[7,121],[-118,-1],[-5,241],[20,124],[40,75],[73,59],[59,29],[20,62],[-41,36],[-37,15],[0,47],[51,19],[14,70],[55,11],[-10,77],[-20,43],[-78,-28],[-122,16],[-24,-16],[-57,-63],[-48,-172],[86,-51],[-7,-221],[-69,-4],[10,67],[-60,54],[-64,4],[-9,11],[-1,73],[-104,7],[-4,82],[-128,14],[-10,207],[8,19],[50,4],[6,104],[-8,13],[-3,128],[15,59],[0,271],[-18,42],[13,25],[-4,218],[-59,5],[-1,36],[-149,2],[-72,9],[-99,-28]],[[18717,78532],[-74,-51],[-53,-21],[-46,11],[-204,-183],[-61,-59],[-13,37],[-2,75],[6,79],[-1,167],[-207,12],[-15,209],[-2,265],[-89,79],[-61,89],[-57,26],[-63,-9],[-75,5],[-90,39],[-27,28],[-39,64],[-39,88],[-28,15],[-144,41],[-73,3],[-190,24],[-8,39],[9,84],[-5,61],[-14,24],[-71,19],[-120,80],[-69,53],[-64,32],[-93,4],[-86,-20],[-23,-18],[1,-68],[-75,-2],[-36,19],[-38,-9],[-38,14],[-81,54],[-35,34],[-56,29],[-45,56],[-19,41],[-15,82],[-27,39],[-5,34],[43,51],[84,64],[145,102],[-17,128],[8,22],[45,23],[21,33],[17,55],[-7,41],[-21,48],[-99,52],[-27,50],[20,86],[-18,53],[-19,24],[-48,29],[-19,25],[-22,62],[-26,5],[-96,-33],[-88,-52],[-27,-5],[-29,-77],[-33,-30],[-43,1],[-46,26],[-48,45],[-13,46],[10,91],[-25,49],[-8,166]],[[15671,81426],[109,54],[167,91],[109,36],[45,44],[10,35],[0,105],[61,15],[27,17],[5,36],[-14,49],[18,55],[3,56],[30,26],[33,134],[10,73],[-65,44],[-8,110],[8,59],[-7,24],[47,51],[88,57],[12,55],[-7,25],[-35,36],[-30,78],[-51,60],[-20,89],[-99,113],[-20,54],[4,57],[31,54],[16,111]],[[33183,75595],[-19,52],[-51,-19],[-58,-43],[-68,-34],[-57,29],[-45,4],[-23,56],[-57,56],[-29,42],[-151,-53],[-57,22],[-61,1],[-30,-8],[-49,-36],[-67,-20],[-142,-137],[-18,5],[-59,75],[-52,16],[-36,59],[-100,14],[-35,31],[-108,7],[-41,-117],[-14,-96],[-14,-33],[23,-67],[29,-127],[0,-63],[13,-81],[-51,-47],[-59,-16],[-9,-50],[15,-30],[43,-32],[85,13],[43,-7],[5,-34],[-129,-154],[-58,-42],[-62,-29],[-57,-55],[-27,-68],[9,-49],[-21,-40],[-63,-44],[-21,-30],[-57,-22],[-74,6],[-9,-46],[7,-43],[-31,-28],[-98,-62],[-26,-24],[-58,-87],[-43,-24],[-93,-11],[-7,-13],[37,-16],[28,-33],[13,-85],[20,-43],[92,-104],[-26,-56],[-43,-10],[-42,-76],[-92,-79],[-45,-31],[-47,5],[-21,-20],[-5,-57],[-63,-28],[-41,-53],[-23,3],[-47,61],[-124,-37],[-31,-20],[-69,20],[-52,-3],[-46,-46],[-36,-67],[-67,-69],[-52,-20],[-57,38],[-71,35],[-45,13],[-41,-24],[-37,-41],[-96,-83],[18,-76],[49,-46],[29,-44],[0,-73],[-8,-50],[19,-85],[-14,-55],[-46,-33],[-52,-3],[-21,-17],[-19,-52],[-76,-9],[-34,-21],[-29,-49],[-82,-24],[-16,-22],[-8,-55],[-55,-59],[-27,-18],[-47,-3],[-40,33],[-38,16],[-50,-20],[-29,16],[-41,54],[-77,8],[-25,26],[-12,33],[-36,27],[-46,15],[-24,22],[-53,21],[-71,5],[-28,-7],[-45,-30],[-21,-38],[21,-108],[-9,-33],[-63,-70],[-56,-42],[-13,-25],[0,-53],[57,-100],[-18,-52],[-8,-88],[-31,-48],[15,-17],[1,-84],[-10,-37],[-54,-61],[-112,-47],[-24,-50],[-36,-43],[-58,-27],[-51,-45],[-56,-87],[-19,-70],[-38,-25],[-138,65],[-107,-10],[-38,-11],[-87,-54],[-88,-43],[-59,6],[-96,29],[-40,3],[-110,73],[-111,58],[-105,33],[-130,15],[-77,2],[-88,-6],[-61,-14],[-84,-36],[-50,-32],[-73,-75],[-52,-10],[-187,-7],[-49,8],[-165,14],[-46,18],[-64,60],[-89,7],[-34,10],[-10,81],[-74,-1],[-185,6],[-10,30],[-6,155],[-62,2],[-186,-5],[-213,-1],[-85,-4],[-3,-76],[4,-168],[-2,-156],[-215,-3],[-209,5],[-52,-2]],[[24679,71277],[-11,284],[-8,12],[-110,20],[-11,196],[-178,-2],[6,60],[-32,39],[-71,-1],[-10,12],[-21,381],[-12,245],[-416,-4],[-93,3],[-71,-4],[-5,22],[-51,0],[-26,58],[51,9],[-3,179],[-103,5],[-6,88],[-9,14],[-71,-2],[2,42],[-1,464],[115,-1],[0,125],[-6,40],[24,36],[-20,185],[-26,69],[-4,47],[-61,9],[-60,-5],[-103,6],[-42,8],[-32,28],[-60,218],[-20,46],[-40,59],[-6,65],[-3,165],[-1,325],[88,5],[4,120],[-92,2],[2,262],[-10,181],[0,116],[-139,-4],[-40,28],[-17,-1],[-5,-248],[4,-72],[-4,-265],[-89,-1],[-1,-83],[-12,-10],[-119,-4],[-80,54],[-38,9],[-90,-9],[-64,15],[-12,-85],[48,-18],[-12,-126],[12,-9],[-38,-152],[-27,-18],[-6,-179],[0,-117],[-123,0],[-4,102],[-30,4],[-153,-4],[32,46],[0,38],[-49,40],[6,72],[-115,-4],[-35,-43],[-279,-2],[3,-156]],[[21590,74306],[-68,-1],[-16,41],[-39,1],[-46,-44],[-96,47],[-26,24],[-27,102],[-3,57]],[[21269,74533],[9,63],[2,78],[19,12],[-11,104],[-2,143],[-13,176],[76,-2],[99,8],[25,-8],[5,-93],[95,6],[55,84],[1,32],[58,1],[18,34],[-7,72],[57,-59],[19,-42],[66,-18],[0,55],[53,16],[49,48],[-33,40],[12,24],[30,-2],[9,29],[43,42],[1,254],[-239,-1],[-174,10],[-15,402],[-108,-7],[-1,84],[-212,1],[0,47]],[[19365,69307],[172,-1],[109,189],[10,37],[6,203],[15,57],[66,23],[49,42],[37,53]],[[19829,69910],[26,-5],[267,1],[430,6],[205,9],[191,-4],[-1,-43],[48,-23],[11,-55],[-21,-145],[-4,-296],[49,-44],[225,5],[3,110],[156,-2],[189,4],[91,11],[48,20],[1,14],[77,2],[11,-28],[225,-3],[6,147],[-5,129],[7,128],[-18,220],[170,1],[15,-28],[72,4],[47,93],[436,3],[14,-109],[30,-4],[167,10],[4,-103],[104,0],[3,-94],[189,-2],[559,0],[48,37],[52,-5],[60,6]],[[24016,69877],[0,-105],[13,-105],[-3,-101],[-11,-61],[14,-132],[16,-6],[161,-3],[7,-32],[51,-5],[7,-298],[-3,-72],[30,-5],[26,-24],[101,6],[140,2],[18,-17],[2,-59],[-31,-18],[-81,-16],[-79,36],[-37,-37],[-2,-84],[-183,-1],[-21,-11],[0,-98],[-108,1],[4,-141],[-4,-273],[1,-137],[15,-341],[-3,-113],[4,-36],[-12,-171],[71,23],[35,-6],[46,-23],[143,-3],[345,13],[8,-126],[4,-196],[-3,-66],[6,-118],[6,-236],[176,1],[45,-5],[83,-69],[24,-48],[38,-39],[37,5],[5,71],[-18,72],[34,1],[34,-115],[-3,-70],[-59,8],[-52,26],[-30,-1],[-13,-26],[-10,-113],[-88,-51],[-6,-30],[-79,-118],[-102,-169],[-4,-26],[5,-109],[-86,-162],[31,-20],[32,-1],[33,58],[78,-39],[36,-37],[45,-79],[-9,-99],[43,-46],[54,-99],[142,-5],[1,-40],[-29,-209],[-27,-33],[-73,-51],[-102,-144],[-71,-28],[-42,-1],[-23,17],[-46,-15]],[[24713,64844],[-35,54],[-62,74],[-33,68],[26,45],[-24,78],[-65,10],[-59,-14],[-71,-65],[-8,-19],[-49,-191],[-11,-26],[-16,26],[8,201],[-92,108],[-72,20],[-7,31],[-144,3],[3,-78],[-55,-13],[-49,1],[-7,-18],[-65,65],[-9,82],[-20,33],[-7,49],[2,100],[-91,-4],[-9,83],[-151,4],[-85,20],[-18,48],[-35,26],[-62,25],[-7,74],[-90,52],[17,-328],[15,-22],[50,-5],[112,2],[2,-86],[17,-40],[30,-8],[16,-46],[34,-18],[6,-94],[-69,-10],[-11,118],[-97,-5],[-35,-57],[40,-60],[14,-81],[52,-127],[9,-36],[54,-133],[-93,-38],[41,-72],[23,-53],[-7,-22],[-98,-4],[-2,27],[-80,1],[-11,-74],[-37,-3],[-11,-108],[-81,9],[-74,16],[6,-129],[18,-53],[0,-107],[5,-65],[31,-63],[4,-109],[13,-41],[29,-42],[-36,-56],[-37,-41],[6,-53],[24,-54],[1,-82],[15,-98],[14,-38],[-7,-42],[4,-58],[-23,-70],[-69,-35],[-35,-46],[-26,-61],[-49,-37],[-121,-8],[-63,39],[-226,3],[-145,13],[-56,-57],[-14,-81],[-55,-7],[-30,106],[-10,0],[-20,-60],[-87,-22],[-82,0],[-68,27],[-37,-7],[-68,-96],[-114,-35],[-54,-68],[-35,-30],[-56,-5],[-128,79],[-59,25]],[[21430,62875],[-113,65],[-40,3],[-95,-6],[-94,18],[-126,55],[-73,64],[-59,38],[-101,47],[-74,14],[-55,-4],[-51,-24],[-41,-31],[-26,18],[-14,95],[-41,48],[-61,36],[-47,0],[-88,-32],[-108,-89],[-27,-42],[-80,-77],[-48,-65],[-39,-66],[-7,-42],[-34,-31],[-51,-14],[-29,10],[-65,-27],[-17,3],[-45,74],[-37,1],[-29,-41],[-52,-17],[-24,-37],[-45,-10],[-72,53],[-64,18],[-3,-72],[-65,-128]],[[19290,62680],[-72,-53],[-37,-51],[-57,-39],[-56,-63],[-46,-25],[-48,28],[-132,102],[-53,27],[-58,59],[-106,-45],[-23,16],[-38,-39],[-183,7],[-111,11],[1,96],[-96,-3],[-2,227],[298,4],[3,185],[4,51],[0,116],[2,335],[-24,130],[-4,95]],[[35014,72492],[53,-103],[27,-38],[26,-109],[-7,-51],[22,-133],[-24,-64],[-40,-70],[-11,-40],[-30,-20],[-18,7],[-43,-18],[-13,-31],[-38,5],[-3,-70],[-24,-22],[-53,8],[-68,-29],[-73,-106],[-58,-35],[-67,-80],[-66,-23],[-6,-30],[28,-42],[16,-68],[13,-96],[25,-52],[28,-95],[-35,-60],[-13,-104],[-23,-66],[18,-50],[53,-38],[6,-48],[-22,-62],[7,-40],[79,-114],[41,-35],[-3,-44],[-25,17],[-14,-17],[-1,-51],[-13,-46],[-39,-36],[-49,-20],[-43,-40],[-83,-63],[-16,-42],[-51,-64],[12,-38],[-10,-98],[-17,-35],[-119,-50],[-102,-29],[-41,-45],[-32,-87],[-39,-52],[6,-69],[38,-70],[0,-41],[-124,8],[-60,-9],[-78,8],[-128,-20],[-37,-25],[-115,3],[22,-106],[-7,-99],[3,-96],[25,-91],[-2,-55],[-15,-97],[-29,-19],[-54,-12],[-97,-37],[-35,-2],[-72,-32],[-112,-79],[-99,-81],[-69,-43],[-82,-91],[-31,-15],[-60,-5],[-94,-28],[-50,-63],[-79,-57],[-25,-5],[-97,13],[-51,-6],[-26,-24],[-59,-16],[-61,-5],[-63,-48],[-82,-14],[-61,-20],[-84,14],[-45,-11],[-11,-65],[-24,-97],[33,-107],[-7,-86],[14,-66],[-5,-112],[-53,-1],[-61,-19],[-23,-18],[-11,-95],[-26,-79],[1,-40],[-14,-54],[11,-29],[117,-81],[103,-33],[44,-50],[94,-49],[5,-123],[24,-49],[55,-48],[-5,-18],[-66,-22],[-36,-38],[-18,-97],[-59,-25],[-60,-13],[-11,-13],[-75,-15],[-21,-13],[-27,-51],[-86,8],[-29,-13],[-58,-68],[-51,-21],[2,-56],[-28,-52],[-67,-32],[-13,-32],[-4,-52],[-70,-42],[-12,-61],[-24,-40],[23,-70],[-17,-31],[8,-32],[36,-18],[7,-26],[-45,-27],[-22,-46],[-5,-45],[5,-67],[-27,-43],[-65,-46],[-16,-55],[-87,-68],[-1,-25],[24,-78],[-41,-95],[-37,-34],[-28,-62],[-58,-49],[-28,-37],[-30,-70],[-48,-57],[-16,-41],[-64,-43],[-80,-20],[-52,-55],[-91,-17],[-53,-1],[-36,-27],[-45,-68],[-23,-51],[-6,-90],[-42,-87],[-10,-36],[-33,-59],[-44,-48],[-5,-48],[-22,-41],[-23,-75],[-56,-51],[-100,-38],[-25,-21],[-38,-4],[-39,-25],[-2,-63],[-18,-21],[-66,-37],[-50,-79],[5,-40],[62,-6],[33,-13],[32,-38],[-7,-39],[10,-45],[57,-54],[43,-96],[57,-79],[10,-42],[-2,-69],[-16,-122],[28,-111],[96,-203],[31,-80],[38,-229],[-11,-16],[-15,-107],[76,-102],[-5,-43],[-46,-43],[-27,-86],[-51,-88],[-25,-23],[-69,-7],[-59,-53],[-4,-72],[-30,-38],[1,-29],[39,-50],[26,-119],[-12,-37],[-52,-76],[-39,-30],[-24,-63],[-37,-3],[-69,-26],[8,-71]],[[29956,61443],[-24,-13],[-82,-5],[-61,-60],[-37,-17],[-50,-43],[-81,6],[-60,-33],[-52,-43],[-97,-26],[-63,31],[-82,-18],[-24,-58],[-47,-75],[-97,-54],[-36,-69],[-23,-23],[-22,-69],[-97,-112],[-14,-73],[30,-40],[-4,-37],[-63,-49],[-22,-39],[-61,-4],[-57,-41],[-34,-10],[-161,37],[-62,-8],[-68,-52],[-136,-30],[-51,-20]],[[28218,60396],[17,102],[-11,130],[-27,16],[-57,4],[-72,58],[-10,31],[10,53],[-29,56],[-28,23],[-38,56],[-41,41],[-1,91],[-23,22],[-11,44],[-56,68],[-52,84],[-34,73],[0,43],[82,59],[10,36],[81,76],[14,36],[11,93],[18,51],[101,112],[83,2],[62,11],[68,28],[81,50],[8,28],[-111,6],[-81,-28],[-110,-18],[-96,29],[-48,8],[-65,-10],[-40,6],[-89,-1],[-52,-20],[-61,-39],[-73,-16],[-27,16],[-15,41],[-10,67],[-21,69],[12,88],[-12,25],[-32,5],[-21,-39],[3,-58],[45,-93],[10,-78],[-21,-24],[-59,9],[-40,22],[-41,179],[-52,107],[-53,45],[-79,48],[-55,24],[-172,53],[-58,31],[-37,36],[8,29],[48,8],[22,67],[33,38],[-4,43],[-63,14],[-61,-4],[-62,-18],[-22,19],[6,89],[-44,39],[8,72],[-142,51],[-69,17],[3,20],[56,104],[39,18],[38,-2],[40,61],[5,25],[-7,82],[-21,18],[-57,16],[-117,-28],[-190,19],[-115,-16],[-121,18],[-120,33],[-42,-7],[-10,74],[-11,21],[-93,41],[-11,26],[-45,39],[-6,29],[-45,26],[-60,50],[-46,17],[-62,53],[-62,29],[-82,54],[-46,10],[-9,61],[-89,148],[-5,97],[-15,30],[-42,30],[-94,40],[-79,17],[-50,40],[-43,53],[-59,43],[-43,9],[-37,-7],[-115,32],[-39,17],[-79,59],[-14,105],[202,6],[28,9],[60,93],[0,35],[-53,155],[5,15]],[[24016,69877],[-9,409],[-13,356],[60,15],[0,197],[103,12],[86,-4],[136,9],[-4,53],[-24,59],[270,7],[-18,54],[9,37],[64,1],[3,195]],[[9601,54187],[138,23],[72,-13],[23,5],[76,50],[50,128],[85,126],[71,57],[66,68],[26,44],[13,56],[52,78],[44,97],[6,103],[32,54],[65,25],[45,0],[45,60],[60,52],[24,29],[26,130],[33,127],[4,80],[20,59],[19,19],[43,10],[90,-30],[46,-5],[117,75],[77,5],[62,-12],[27,5],[49,47],[52,24],[60,9],[30,-16],[151,52],[54,6],[31,18],[70,8],[50,27],[48,58],[21,51],[7,98],[15,83],[-38,88],[-11,53],[9,57],[18,48],[-30,65],[3,32],[60,73],[54,34],[70,73],[126,44],[31,59]],[[12088,56783],[177,-65],[96,-81],[52,-60],[49,-29],[26,-47],[22,-65],[22,-92],[32,-49],[62,-73],[46,-27],[52,-18],[78,-15],[92,12],[82,-8],[104,-34],[93,-41],[189,-144],[70,-63],[37,-80],[67,-45],[44,3],[48,17],[68,12],[22,-7],[65,-50],[68,-44],[60,-64],[41,-11],[93,44],[34,3],[11,18],[-12,86],[0,103],[10,23],[46,9],[121,-47],[56,-3],[47,14],[112,-40],[109,14],[81,3],[66,-26],[27,-25],[75,-43],[27,-24],[48,-18],[26,-25],[58,-29],[54,-11],[31,-66],[-19,-111],[27,1],[40,78],[54,42],[54,-28],[-17,-56],[6,-22],[47,-42],[-85,-76],[-8,-25],[43,-25],[15,-92],[17,-54],[-27,-104],[-55,-41],[-21,-32],[3,-71],[18,-30],[56,-23],[38,0],[76,-107],[36,-16],[106,14],[45,34],[69,24],[13,112],[33,2],[61,-21],[61,-65],[19,-45],[-8,-39],[39,-1],[63,-76],[5,-62],[-18,-42],[33,-23],[6,68],[14,15],[36,-3],[28,-21],[29,-1],[13,59],[25,27],[56,-23],[48,6],[66,31],[56,-23],[14,-44],[40,-36],[70,-25],[31,-21],[44,-59],[54,-26],[77,-3],[82,60],[36,0],[67,-22],[40,5],[64,25],[29,53],[64,6],[22,16],[63,-15],[97,-32],[36,-6],[106,6],[47,20],[132,82],[13,147]],[[17496,54819],[69,-132],[87,18],[10,51],[-33,75],[75,-32],[42,-2],[55,21],[64,0],[17,31],[48,-26],[132,-42],[25,-18],[91,-17],[67,-3],[106,-42],[71,-53],[10,-52],[43,-34],[77,38],[15,-25],[-31,-27],[-55,-27],[41,-65],[87,52],[78,-9],[20,-35],[-3,-58],[-30,-89],[0,-43],[-22,-106],[-51,-82],[37,-63],[9,-62],[32,-66],[-1,-29],[21,-80],[23,-18],[73,-10],[68,-124],[50,-77],[171,32],[106,16],[107,5],[71,37],[411,140],[139,32],[82,29]],[[20000,53848],[-16,-119],[2,-116],[-24,-52],[165,-34],[21,-24],[-1,-42],[18,-56],[-1,-46],[12,-61],[-24,-56],[-94,-31],[-46,-69],[-103,-31],[-9,-56],[61,-113],[64,-46],[18,-49],[8,-65],[-23,-66],[18,-64],[64,-131],[-5,-14],[-71,-7],[-16,-24],[-81,-71],[-9,-61],[-26,-53],[-28,-86],[-28,-123],[-69,-35],[-67,-49],[-11,-29],[-3,-64],[-29,-19],[-9,-34],[23,-54],[-19,-79],[30,-81],[27,-26],[57,-26],[15,-77],[38,-52],[56,-53],[37,-108],[-5,-53],[30,-38],[36,-26],[32,-105],[3,-77],[-9,-32],[9,-86],[-26,-56],[-37,-27],[-25,-68],[-5,-35],[11,-63],[38,-74],[13,-79],[-8,-69],[5,-37],[24,-44],[5,-53],[-13,-34],[-98,-65],[-44,-52],[-36,-23],[26,-90],[32,-48],[64,-57],[29,-113],[1,-106],[-18,-76],[-16,-15],[-72,-14],[-50,-26],[4,-99],[-24,-99],[-33,-36],[-11,-67],[-3,-106],[-44,-69],[-55,-44],[2,-30],[43,-45],[29,-71],[43,-64],[5,-26],[47,-64],[-7,-46],[15,-183],[-2,-134],[27,-58],[65,12],[57,-12],[103,38],[34,1],[48,-50],[34,-10],[92,25],[95,-88],[85,-13],[94,-42],[55,-5],[45,21],[28,-20],[11,-81],[-13,-60],[-59,-52],[-24,-54],[12,-154],[-17,-53],[53,-153],[2,-125],[36,-81],[13,-70],[-5,-77],[-70,-4],[-129,22],[-20,-36],[-177,-123],[-105,-22],[-51,-29],[43,-36],[56,-23],[31,-28],[36,-75],[20,-84],[20,-21],[79,-14],[23,-49],[52,-25],[5,-65],[61,-119],[46,-44],[48,-23],[16,-31],[-53,-129],[-15,-67],[0,-105],[23,-19],[-13,-21],[-123,-66],[-41,-54],[-103,-84],[-5,-26],[39,-105],[1,-57],[-35,-116],[-45,-85],[-17,-85],[10,-73],[35,-125],[-4,-40],[-38,-64],[2,-55],[22,-47],[0,-56],[-39,-88],[-26,-107],[-70,-100],[-2,-63],[90,-84],[97,-45],[33,-25],[25,-38],[71,-14],[37,2],[61,29],[79,-8],[103,-101],[34,-42],[42,-71],[146,-91],[81,1],[111,-50],[69,-7],[72,5],[33,-7],[59,-30],[46,18],[52,-3],[61,-47],[68,-31],[36,-2],[130,-45],[173,-12],[68,22],[104,55],[47,5],[51,-18],[56,-42],[152,-36],[66,23],[193,58],[53,44],[68,79],[77,32],[61,-5],[29,-13],[90,-96],[74,-71],[59,-80],[60,-38],[76,-28],[69,-5],[127,19],[45,30],[113,-35],[96,-12],[83,-20],[107,-38],[91,-40],[110,-40],[67,-51],[54,-50]],[[24340,43496],[-20,-121],[-26,-52],[-14,-105],[69,-41],[110,-31],[49,-37],[78,-75],[53,-26],[59,-81],[37,-17],[86,10],[121,49],[61,-17],[76,-3],[112,-75],[139,30],[86,27],[58,-5],[70,25],[79,-64],[82,-31],[92,-68],[92,-33],[23,-21],[56,-85],[50,-57],[79,-59],[52,-58]],[[26149,42475],[-7,-55],[77,-109],[20,-69],[55,-78],[18,-78],[-5,-96],[-47,-69],[-55,3],[-77,-15],[-129,-88],[-48,-72],[-75,-16],[-32,-47],[-125,-95],[-65,-129],[-123,6],[-116,-57],[-52,-10],[-24,-17],[-31,-47],[-130,-52],[-26,-25],[-11,-34],[-53,-25],[-21,-22],[-22,-68],[-42,-69],[-50,-59],[-71,-67],[-41,-74],[-29,-31],[-89,-18],[-79,-7],[-75,3],[-48,-11],[-73,-31],[-79,-7],[-39,-34],[-59,-25],[-52,-31],[-59,-61],[-24,-47],[-6,-48],[-93,-75],[29,-76],[-39,-125],[-23,-41],[43,-48],[84,-135],[-10,-42],[-36,-64],[-1,-48],[41,-51],[-18,-61],[-56,-46],[-139,-71],[-23,-58],[10,-66],[-52,-62],[-227,-16],[-41,-10],[-98,12],[-63,-10],[-75,1],[-91,14],[-48,-26],[-39,-96],[-5,-27],[10,-56],[-172,-159],[-36,-26],[-66,-73],[-28,-117],[-75,-4],[-87,-37],[-52,22],[-136,13],[-34,-6],[-63,-35],[-81,24],[-102,-28],[-62,-44],[-105,25],[-39,-29],[-33,2],[-65,-39],[-62,-25],[-43,-49],[-45,-24],[-57,-61],[-49,5],[-90,-35],[-38,103],[-67,69],[-64,87],[-66,57],[-34,54],[-2,127],[-8,48],[-51,67],[-23,118],[-14,18],[-48,9],[-104,68],[-59,12],[-53,29],[-81,16],[-94,42],[-34,8],[-52,-9],[-85,79],[-66,-11],[-97,-2],[-66,14],[-92,-14],[-18,-16],[-40,5],[-92,32],[-64,-36],[-49,-18],[-77,-8],[-44,-11],[-49,-29],[-86,-36],[-33,-27],[-78,-23],[-45,-55],[-57,-25],[-43,-43],[-98,-48],[-78,25],[-68,-17],[-62,-28],[-85,-50],[-55,-73],[-79,-23],[-32,-27],[-52,9],[-54,-9],[-66,-54],[-84,-25],[-77,-78],[-17,-29],[-105,1],[-52,-15],[-131,5],[-80,-24],[-70,-11],[-41,-29],[-23,-31],[-86,-52],[-35,-46],[28,-99],[8,-167],[-3,-40],[39,-64],[0,-70],[17,-85],[-16,-46],[42,-64],[36,-24],[55,-71],[24,-45],[10,-88],[20,-71],[38,-69],[6,-41],[-26,-262],[-20,-43],[-10,-76],[-23,-65],[-61,-113],[-37,-24],[-54,-93],[-39,-80],[-33,-19],[-33,-42],[-53,-97],[-25,-34],[-92,-49],[-56,-16],[-47,-32],[-142,-85],[-36,-33],[0,-60],[82,9],[147,22],[30,0],[2,-47],[-11,-68],[-84,-153],[-13,-47],[-9,-79],[-29,-77],[-6,-56],[6,-69],[19,-122],[20,-37],[58,-71],[24,-106],[51,-79],[51,-57],[14,-36],[-16,-91],[-39,-80],[-41,-69],[-5,-29],[26,-194],[49,-19],[66,-72],[81,6],[54,-17],[88,-91],[37,-19],[89,-29],[55,-85],[71,-44],[8,-43],[36,-13],[131,48],[89,38],[35,-6],[57,-32],[40,-3],[124,32],[40,-25],[11,-97],[35,-53],[62,-112],[32,-50],[4,-26],[-13,-67],[70,-20],[60,-29],[91,-72],[87,-86],[26,-16],[66,-69],[99,-6],[59,-60],[30,-6],[159,61],[57,15],[51,-45],[105,-34],[78,6],[87,53],[83,32],[34,-8],[53,-40],[55,-19],[67,0],[40,-17],[63,-57],[64,-20],[85,23],[113,-4],[108,-43],[31,-23],[201,21],[110,-59],[25,-27],[68,-50],[102,-36],[44,-26],[98,-99],[104,-49],[61,-42],[30,-38],[80,-177],[43,-80],[10,-58],[43,-44],[56,-17],[60,18],[125,58],[100,12],[79,52],[44,58],[81,33],[94,15],[98,75],[21,28],[26,87],[-4,71],[24,73],[51,60],[45,8],[51,-4],[76,13],[66,4],[42,12],[53,39],[40,71],[64,39],[106,6],[42,-4],[133,46],[62,42],[38,40],[90,-40],[83,-56],[44,-9],[86,-32],[111,-76],[55,-50],[28,-8],[79,20],[36,0],[45,-23],[71,-50],[142,-2],[76,-17],[37,-18],[59,98],[14,76],[51,140],[25,50],[124,25],[72,-4],[78,25],[38,31],[71,34],[97,5],[123,79],[33,0],[30,-20],[43,-3],[77,-25],[66,3],[69,110],[30,10],[98,166],[58,35],[43,46],[78,37],[90,15],[65,28],[111,-9],[58,-18],[112,-54],[79,-14],[105,-2],[83,-7],[108,1],[26,42],[113,106],[105,85],[42,56],[47,116],[47,32],[50,-54],[81,-72],[39,-50],[127,-52],[64,-31],[78,-53],[42,-46],[-41,-73],[-73,-178],[-41,-57],[-54,-48],[-59,-96],[-17,-45],[-47,-30],[-17,-43],[-23,-25],[30,-51],[2,-21],[-30,-38],[-46,-29],[4,-96],[18,-96],[49,-214],[47,-133],[49,-180],[44,11],[98,-21],[64,-19],[128,-7],[65,5],[44,19],[252,67],[99,32],[39,18],[50,59],[72,41],[32,10],[144,3],[108,20],[70,3],[61,26],[67,93],[38,15],[58,1],[87,20],[63,30],[60,79],[118,122],[72,28],[55,44],[62,87],[60,49],[185,93],[99,-2],[44,-10],[65,-47],[48,16],[85,-6],[58,-31],[63,-51],[118,-77],[7,-13],[-6,-92],[6,-75],[27,-51],[37,-49],[70,-129],[29,-44],[3,-65],[65,-126],[0,-25],[58,-87],[64,-72],[25,-69],[51,-32],[95,-27],[95,-51],[44,-57],[39,-36],[74,-54],[49,-49],[89,-101],[91,-64]],[[31343,32161],[-7,-92],[33,-119],[-2,-62],[13,-45],[30,-25],[15,-44],[-19,-59],[23,-86],[44,-87],[121,-154],[110,-87],[21,-98],[23,-65],[22,-30],[0,-72],[23,-54],[70,-98],[57,-105],[49,-117],[-27,-102],[4,-159],[-10,-41],[-36,-57],[-56,-113],[-21,-80],[-4,-48],[-32,-59],[-72,-73],[-82,-97],[-26,-64],[-52,-72],[-14,-88],[-33,-88],[-31,-35]],[[31477,29486],[-111,23],[-41,17],[-53,37],[-101,46],[-80,52],[-38,8],[-37,-12],[-45,-36],[-114,5],[-113,-10],[-127,-76],[-71,-62],[-23,-32],[-32,-76],[-12,7],[-9,55],[-36,51],[-95,73],[-57,35],[-7,74],[-19,50],[-88,90],[-69,51],[-72,44],[-76,62],[-65,34],[-125,18],[-210,127],[-68,7],[-52,15],[-139,11],[-68,-8],[-49,21],[-100,21],[-92,-3],[-87,-26],[-98,-43],[-94,-55],[-61,-22],[-57,-12],[-175,0],[-42,-12],[-63,1],[-74,-36],[-105,-3],[-84,-24],[-138,26],[-80,-58],[-84,-147],[-40,-32],[-87,-88],[-98,-35],[-21,-16],[-106,-24],[-61,18],[-123,-33],[-53,-45],[-65,-86],[-104,-34],[-23,-21],[-49,-78],[-59,-41],[-53,-87],[-45,-39],[-57,-31],[-53,-44],[-33,-51],[-82,-90],[-49,11],[-50,30],[-16,58],[-30,30],[-93,39],[-78,55],[-80,41],[-54,17],[-31,-2],[-31,-19],[-57,-13],[-93,-92],[-51,-36],[-80,-10],[-27,7],[-85,53],[-110,9],[-60,14],[-95,42],[-80,18],[-44,58],[-40,16],[-74,-13],[-112,60],[-60,21],[-21,-4],[-26,-33],[-76,-46],[-193,-45],[-110,-82],[-61,-60],[-29,-8],[-40,40],[-29,9],[-52,-11],[-92,-48],[-97,-32],[-122,-19],[-44,-18],[-53,-3],[-70,-31],[-102,-22],[-77,0],[-53,-36],[-85,-26],[-59,-4],[-71,19],[-111,-10],[-73,37],[-136,8],[-36,-10],[-59,-56],[-40,-9],[-92,16],[-23,-8],[-73,-76],[-45,-21],[-96,-5],[-77,-31],[-58,-40],[-29,-7],[-95,-59],[-110,-5],[-215,2],[-49,-63],[-34,14],[-72,-34],[-84,-12],[-77,-100],[-37,-9],[-150,31],[-53,16],[-21,20],[-123,198],[-36,79],[-98,140],[-38,148],[-28,61],[10,57],[-17,53],[-16,-7],[-132,-173],[-82,-113],[-10,-3],[-22,75],[15,89],[-1,59],[-14,60],[-62,153],[-33,52],[-115,149],[-56,99],[-65,63],[-88,7],[-16,9],[-53,85],[-42,23],[-183,-3],[-87,3],[-109,19],[-42,19],[-64,3],[-15,12],[15,49],[74,128],[30,79],[-205,68],[-160,57],[-34,29],[-42,0],[-144,32],[-236,20],[-322,47],[-80,38],[-22,0],[-232,-94],[-32,-9],[-110,7],[-31,-28],[-46,34],[-17,-3],[-25,-44],[25,-271],[27,-115],[33,-168],[-19,-19],[-84,-9],[-177,-34],[-66,-42],[-145,-28],[-117,-46],[-32,-20],[-83,-185],[-7,-36],[44,-90],[54,-88],[18,-63],[49,-138],[-6,-99],[-60,-239],[-9,-18],[-54,-34],[-40,-77],[-69,-70],[-42,-138],[-61,-51],[-49,-8],[-75,-24],[-69,-45],[-88,-37],[-58,-72],[-69,-46],[-81,-97],[-51,-126],[-28,-46],[-51,-48],[-27,-94],[-26,-31],[-92,-73],[-110,-53],[-67,-41],[-56,-53],[33,-55],[34,-78],[3,-22],[-30,-41],[-37,-109],[-129,-92],[-21,-39],[-43,-38],[-64,-31],[-65,-18],[-36,-52],[6,-58],[-23,-64],[-37,-27],[-121,-45],[-16,-24],[-12,-55],[11,-58],[39,-79],[51,-124],[3,-24],[-15,-69],[-1,-49],[16,-53],[-14,-39],[-80,-109],[-41,-44],[-31,-88],[-104,-58],[-25,-19],[-32,-63],[-28,-79],[-55,-88],[-70,-40],[-24,-87],[-47,-45],[-11,-35],[-42,-29],[-27,-44],[-81,-100],[-24,-19],[-68,-29],[-45,-46],[-39,-62],[-50,-50],[-15,-28],[-1,-46],[26,-94],[-21,-55],[5,-58],[-27,-63],[-42,-133],[-26,-56],[-24,-81],[-18,-110],[-22,-80],[3,-53],[-15,-53],[9,-58],[-10,-27],[-115,-96],[-42,-24],[-85,-9],[-93,-42],[-48,-46],[-93,1],[-43,-10],[-40,-45],[-94,-57],[-59,-26],[-73,-22],[-63,8],[-72,47],[-53,14],[-73,63],[-67,-1],[-99,16],[-62,-34],[-82,-21],[-53,-31],[-105,-31],[-128,-80],[-134,-57],[-15,-17],[-40,-89],[-33,-25],[-96,-36],[-60,6],[-40,24],[-75,88],[-36,26],[-105,4],[-78,21],[-77,-81],[-35,-28],[-94,-30],[-100,11],[-140,34],[-33,-5],[-89,-54],[-75,-65],[-70,6],[-47,25],[-45,39],[-74,42],[-93,16],[-91,-4],[-130,19],[-20,-3],[-97,-46],[-42,-33],[-27,-5],[-55,18],[-76,-6],[-54,6],[-34,17],[-65,63]],[[10796,23297],[54,32],[40,46],[31,54],[55,159],[2,80],[38,105],[15,103],[11,22],[62,33],[16,23],[34,84],[35,35],[183,106],[44,57],[17,7],[150,11],[136,58],[64,64],[42,19],[74,-19],[87,-39],[75,-3],[90,7],[72,41],[108,0],[60,29],[40,37],[27,43],[56,45],[37,56],[74,62],[13,21],[4,86],[19,30],[69,59],[37,63],[119,28],[70,33],[48,7],[40,22],[61,101],[36,33],[52,19],[40,75],[24,26],[175,67],[11,87],[-12,174],[16,67],[-57,124],[-18,84],[52,48],[47,72],[30,29],[98,44],[184,110],[32,32],[-4,31],[-41,46],[-23,55],[47,114],[18,61],[12,105],[-1,292],[-8,81],[12,27],[77,53],[36,34],[44,59],[48,31],[88,37],[77,112],[15,70],[4,100],[25,67],[163,209],[19,42],[59,159],[22,20],[105,55],[32,23],[66,67],[115,76],[113,2],[109,54],[126,28],[110,0],[30,12],[49,50],[18,47],[109,87],[99,31],[40,42],[20,55],[62,66],[37,69],[48,69],[81,17],[62,-36],[101,22],[102,66],[60,21],[75,8],[81,-3],[27,68],[-14,69],[-33,62],[-59,91],[-21,43],[6,112],[-8,69],[-13,20],[-76,72],[-23,56],[3,69],[-30,74],[-7,66],[-14,44],[-36,66],[12,62],[17,45],[63,66],[42,72],[71,32],[27,29],[4,76],[-20,67],[44,74],[-7,41],[23,48],[78,138],[-1,44],[-18,50],[0,82],[-35,49],[-41,40],[-12,88],[-57,86],[-27,98],[-70,53],[-28,34],[-66,20],[-63,-8],[-86,23],[-95,-10],[-125,43],[-49,7],[-111,46],[-100,15],[-104,30],[-92,63],[-90,16],[-67,61],[-79,22],[-56,46],[-84,21],[-49,33],[-56,9],[-42,19],[-7,58],[-52,120],[-1,94],[14,72],[-42,129],[-59,97],[-8,79],[-30,38],[-81,159],[-100,9],[-45,-6],[-77,-23],[-87,-3],[-256,79],[-159,-6],[-32,30],[14,109],[-5,33],[-33,64],[-15,51],[1,76],[-7,64],[25,73],[39,60],[-25,38],[-62,8],[-67,-17],[-146,59],[-96,50],[-72,72],[-31,22],[-30,75],[-36,28],[-27,56],[-29,32],[-44,26],[-79,31],[33,44],[11,44],[21,8],[69,76],[89,83],[40,30],[48,54],[73,55],[48,72],[48,20],[42,44],[99,72],[62,23],[4,94],[-10,104],[9,78],[23,61],[-18,29],[-68,10],[4,78],[16,43],[28,36],[128,92],[48,7],[41,19],[43,-3],[48,-23],[69,48],[10,74],[49,50],[3,58],[16,34],[27,116],[43,80],[51,61],[29,-16],[38,-49],[32,-217],[43,-61],[32,-7],[35,33],[43,95],[30,34],[32,13],[65,-9],[13,72],[64,41],[48,48],[50,36],[12,20],[14,94],[48,85],[73,89],[42,26],[30,60],[71,60],[21,41],[-18,34],[-58,19],[-73,0],[-25,10],[-63,72],[-42,6],[-119,77],[-34,8]],[[14640,36160],[17,12],[28,87],[91,72],[35,46],[32,95],[2,81],[24,68],[33,27],[56,78],[28,19],[104,-6],[50,14],[192,38],[21,30],[6,46],[38,81],[95,14],[45,47],[95,115],[86,52],[45,80],[58,40],[125,15],[26,8],[38,46],[106,17],[41,-2],[21,13],[-22,111],[36,94],[4,33],[-17,68],[16,59],[37,32],[21,59],[31,55],[-11,102],[33,88],[19,26],[86,55],[-27,126],[-2,77],[16,99],[-1,40],[-25,82],[-15,101],[-36,106],[-52,101],[-37,22],[-147,42],[-29,34],[-45,79],[-96,101],[-47,122],[-31,57],[-6,29],[18,84],[-6,65],[18,88],[-32,106],[-72,62],[-35,43],[4,43],[-25,98],[6,37],[-67,156],[-4,46],[-52,77],[-37,110],[38,63],[13,117],[-27,79],[-41,172],[-45,56],[-2,40],[19,104],[-1,52],[-26,50],[16,118],[-11,61],[14,64],[-12,34],[-1,78],[-38,56],[-33,130],[-1,78],[-9,36],[-34,29],[-119,147],[-39,57],[-34,11],[-63,-57],[-32,-5],[-55,16],[-62,33],[-19,46],[-27,31],[-98,28],[-20,16],[-13,40],[-47,81],[-33,34],[-69,24],[-114,12],[18,57],[8,183],[16,72],[-27,31],[-88,-20],[-48,-20],[-49,2],[-48,14],[-74,-20],[-88,10],[-39,46],[-84,142],[-98,112],[2,46],[-38,50],[-92,45],[-92,65],[-80,7],[-127,45],[-197,62],[-103,47],[-32,26],[-31,-28],[-37,-71],[-67,-73],[-2,-57],[-21,-69],[-36,-90],[2,-83],[-30,-66],[-43,-140],[-184,-98],[-115,-13],[-49,10],[-78,28],[-71,-19],[-33,-48],[-40,-19],[-99,33],[-70,12],[-19,12],[7,32],[47,32],[-3,32],[-21,11],[-109,21],[-21,37],[8,34],[73,77],[-13,33],[-76,15],[-17,36],[-34,21],[-97,24],[-21,-20],[-21,17],[-14,77],[-17,29],[34,62],[-5,17],[-52,29],[1,42],[27,58],[-76,34],[-33,94],[-90,66],[23,76],[-20,22],[-48,-37],[-35,5],[3,88],[-25,28],[-50,19],[1,37],[36,45],[6,106],[38,67],[4,62],[-27,48],[20,67],[8,75],[52,66],[34,79],[36,32],[12,33],[-11,35],[-39,49],[9,27],[61,46],[-11,43],[-70,36],[-39,52],[1,141],[-9,25],[-41,19],[-8,73],[-15,20],[-98,-25],[17,93],[-12,59],[-28,12],[-68,-32],[3,46],[87,32],[2,43],[-36,35],[-85,-6],[-22,8],[-52,46],[-58,4],[27,49],[23,65],[-13,30],[-38,7],[-46,-24],[-5,12],[20,66],[48,66],[-25,28],[-58,-18],[-2,45],[25,54],[-8,43],[-25,-4],[-74,-47],[-21,7],[17,51],[85,25],[11,33],[-8,40],[-70,87],[15,34],[65,-42],[36,32],[1,55],[-19,38],[-37,39],[-109,47],[-6,22],[52,-13],[20,7],[34,54],[39,33],[19,33],[4,55],[-170,131],[-40,40],[-13,34],[5,70],[40,51],[-21,47],[23,35],[8,40],[-29,67],[-66,35],[-21,23],[21,14],[79,-47],[37,1],[25,50],[27,102],[-30,38],[-7,37],[104,25],[35,83],[2,20],[-32,49],[-21,58],[-8,75],[-35,107],[65,-20],[14,7],[7,43],[-34,27],[-60,8],[-26,45],[19,111],[45,100],[-1,91],[53,59],[1,18],[-43,43],[8,63],[-6,62],[-25,42],[-4,84],[-38,28],[-83,9],[-38,51],[-101,23],[-96,5],[-180,57],[-32,-7],[-104,-44],[-21,16],[22,65],[7,49],[-23,64],[24,44],[-4,25],[-53,67],[4,43],[-27,63],[-11,125],[-36,54],[13,48],[-9,68],[92,42],[2,58],[-47,51],[28,18],[44,48],[-13,55],[-33,50],[1,22],[41,16],[54,34],[46,19],[3,26],[-38,52],[3,112],[-6,24],[-58,57],[7,28],[33,48],[56,147],[49,26],[22,43],[-16,41],[-37,-11],[-78,92],[12,34],[39,23],[22,68],[40,27],[69,87],[7,40],[-11,51],[-38,46],[13,28],[0,86],[-37,43],[-13,37],[16,25],[-2,52],[39,41],[40,86],[-8,105],[16,72],[32,66],[-1,102],[-38,46],[-11,46],[-68,163],[-28,26],[-49,6],[-20,41],[9,43],[-20,63],[-22,24],[-57,34],[-49,109],[-49,73],[-24,22],[-68,139],[-38,37],[-18,35],[-42,45],[-23,96],[-47,66],[-3,68],[-23,55],[4,48],[-29,51],[-22,99],[9,73],[-9,60],[32,18],[3,73],[-20,71],[-19,35],[-59,55],[-41,155],[-51,100],[-20,86],[-29,94],[-58,143],[-48,89],[-5,101],[-14,82],[13,71],[-17,128]],[[12088,56783],[16,60],[-31,60],[-62,56],[-52,106],[-49,27],[-22,44],[0,39],[20,74],[-7,53],[-45,50],[-151,-9],[-74,-44],[-69,-57],[-68,-20],[-105,23],[-75,47],[-83,19],[-54,26],[-35,69],[-49,116],[-27,43],[-69,47],[-24,59],[-10,92],[2,49],[-17,30],[-45,4],[-11,14],[30,46],[12,50],[-8,103],[-24,108],[4,40],[-13,37],[-44,19],[-40,-1],[-37,16],[-37,33],[26,57],[63,61],[44,22],[67,50],[62,60],[41,31],[46,65],[39,36],[31,6],[80,-50],[110,-44],[75,-8],[28,53],[42,43],[75,146],[8,56],[61,31],[111,86],[32,42],[47,38],[26,68],[72,74],[48,33],[72,111],[23,61],[50,219],[69,107],[36,76],[-4,68],[-36,56],[-15,71],[23,48],[1,40],[-22,71],[10,69],[34,57],[27,82],[47,71],[36,26],[105,130],[70,47],[52,71],[43,77],[36,48],[12,41],[30,49],[-1,81],[12,34],[-11,63],[4,45],[17,56],[-28,84],[-60,10],[-51,100],[-43,50],[-3,39],[-74,14],[-134,177],[0,22],[44,41],[15,46],[-37,118],[-4,52],[-19,41],[-2,101],[-40,95],[5,179],[44,94],[-27,123]],[[12275,62628],[83,12],[56,-25],[45,3],[74,19],[40,-30],[48,-11],[56,11],[49,-26],[47,-12],[24,32],[33,97],[41,32],[65,23],[88,-2],[96,8],[37,-10],[65,12],[111,-13],[55,-50],[69,-26],[144,-17],[135,13],[83,-6],[88,5],[51,15],[60,-2],[68,54],[140,60],[54,15],[24,33],[56,16],[7,-56],[14,1],[67,64],[128,40],[29,15],[15,52],[-32,41],[-77,33],[13,58],[24,0],[40,-79],[39,-41],[55,48],[-3,30],[-51,52],[30,18],[19,34],[23,12],[123,26],[57,18],[66,-8],[8,-20],[-5,-70],[41,21],[54,-27],[19,14],[0,32],[19,9],[50,-12],[1,-25],[40,-20],[-5,-38],[28,0],[13,37],[25,15],[3,32],[39,-8],[-6,-86],[-52,-15],[-15,-123],[58,-35],[50,-10],[44,25],[73,13],[36,-7],[45,47],[45,32],[48,11],[129,-11],[112,9],[28,15],[15,82],[64,92],[14,40],[5,66],[54,11],[43,72],[37,29],[31,92],[-1,21],[289,4],[110,-2],[13,-88],[193,-3],[0,-100],[39,1],[-2,-107],[71,0],[3,91],[156,2],[-2,-91],[46,-3],[300,-5],[13,112],[92,2],[13,8],[-44,48],[-34,69],[-4,40],[17,58],[48,63],[206,0],[-1,-100],[220,-5],[76,2],[-2,-49],[78,0],[2,50],[56,3],[6,21],[0,109],[-8,193],[0,108],[6,82],[83,106],[0,161],[5,59]],[[19290,62680],[-16,-63],[27,-160],[-31,-164],[-5,-115],[31,-83],[24,-123],[12,-141],[-19,-27],[-6,-78],[-23,-122],[48,-14],[4,-107],[80,1],[98,-7],[28,-19],[29,-48],[130,-163],[20,-78],[19,-47],[53,-76],[-8,-153],[15,-69],[-4,-75],[-20,-41],[-51,-55],[82,-55],[28,-48],[63,-2],[17,-13],[84,-25],[36,-63],[-10,-65],[-65,-89],[-46,-49],[-9,-24],[31,-82],[-57,-29],[-9,21],[3,72],[-8,26],[-49,10],[-44,-30],[-49,-7],[-54,52],[-46,18],[-69,-7],[-97,-22],[-23,-66],[12,-56],[-25,-94],[-38,-32],[-89,-41],[-87,-88],[-40,-63],[8,-127],[-14,-43],[-29,-40],[-47,-96],[-22,-69],[-7,-78],[-53,-42],[-8,-104],[3,-46],[-13,-75],[-67,-137],[7,-28],[74,-71],[20,-63],[45,-108],[5,-54],[-32,-180],[5,-16],[84,-25],[69,-30],[78,-70],[62,-36],[90,-72],[16,-46],[-13,-75],[19,-46]],[[19447,58025],[-15,-45],[-64,-11],[-39,-19],[-91,11],[-41,-37],[-56,7],[-75,-82],[-28,-62],[-4,-39],[-32,-71],[-45,-9],[-37,-25],[-72,-22],[-33,-39],[-37,-132],[20,-27],[-104,-119],[-41,-20],[-36,-54],[-81,17],[-33,38],[-56,2],[-65,13],[-73,-11],[-126,26],[-50,29],[-57,-15],[-2,-67],[51,-55],[15,-70],[-25,-54],[-8,-47],[11,-21],[56,-51],[53,-67],[4,-91],[-55,-30],[-95,6],[-28,-23],[-24,-41],[-40,-130],[-29,-9],[-55,28],[-14,25],[-38,23],[-164,55],[-24,51],[-68,2],[-72,18],[-46,-88],[-22,-61],[-18,-16],[-46,-92],[-21,-67],[-48,-66],[-92,-164],[-16,-39],[57,-125],[54,-39],[33,-59],[34,-80],[-24,-106],[21,-65],[2,-72],[-29,-35],[14,-88],[68,-35],[42,-47],[-15,-53],[36,-55],[62,-32],[57,-54],[10,-33],[-10,-28],[-32,-36],[7,-29],[0,-99],[-13,-63],[-15,-31],[-86,-50],[7,-55]],[[16278,94993],[45,-56],[9,-64],[-18,-73],[3,-29],[61,-109],[3,-51],[-18,-88],[15,-97],[5,-105],[17,-55],[51,-54],[11,-81],[-25,-49],[-6,-34],[10,-52],[-35,-60],[3,-145],[30,-86],[50,-67],[33,-6],[56,-74],[4,-29],[-31,-97],[5,-61],[27,-68],[-3,-62],[21,-84],[-4,-33],[29,-82],[-8,-80],[-45,-88],[8,-40],[28,-31],[83,-46],[-21,-153],[27,-11],[169,43],[100,12],[0,-213],[-16,-94],[22,-54],[8,-63],[-35,-46],[-11,-55],[12,-27],[163,-59],[56,-49],[25,-67],[29,-12],[84,-7],[220,-50],[31,-20],[47,-8],[104,-35],[30,-15],[69,-2],[70,-38],[76,-75],[2,-45],[-53,-116],[-5,-52],[15,-46],[105,-117],[19,-58],[18,-24],[154,-77],[56,-68],[51,-46],[81,-107],[91,-35],[61,-67],[68,-49],[39,-48],[50,-25],[24,-35],[-2,-50],[-19,-33],[-62,-36],[-65,-70],[-7,-33],[8,-100],[-1,-110],[4,-151],[-25,-107],[-29,-49],[3,-52],[34,-53],[28,-23]],[[15671,81426],[-124,-25]],[[15547,81401],[-27,49],[-57,46],[-23,86],[-23,12],[-74,4],[-60,20],[-67,-11],[-120,-52],[-38,9],[-54,38],[-42,52],[-69,32],[-27,-1],[-65,-101],[-113,-8],[-86,-20],[-117,-13],[-75,-3],[-117,19],[-132,38],[-64,28],[-85,51],[-50,21],[-52,1],[-90,-15],[-89,39],[-49,74],[-73,17],[-92,35],[-57,92],[-23,89],[-41,63],[-41,29],[-145,39],[-42,60],[-34,15],[-52,-54],[-15,-56],[-7,-96],[3,-39],[-45,11],[-23,63],[-95,18],[-44,17],[-19,39],[16,128],[-22,95],[-46,76],[-147,302],[-22,65],[-18,16],[-67,-9],[-89,30],[-127,29],[-99,36],[-34,-4],[-120,-40],[-64,23],[-55,51],[-177,87],[-74,3],[-77,-30],[-64,5],[-105,-7],[-124,-36]],[[11322,82958],[-47,51],[-32,58],[-7,64],[66,142],[-7,39],[19,98],[-3,81],[6,21],[100,108],[75,105],[68,79],[9,43],[-8,43],[7,46],[44,96],[154,180],[24,47],[38,186],[106,127],[43,61],[3,46],[-16,64],[-53,101],[8,124],[16,153],[13,71],[-24,128],[-67,37],[-47,72],[-8,75],[-59,140],[-173,189],[-52,72],[-24,8],[-9,157],[5,91],[10,42],[-12,101],[5,35],[45,100],[30,219],[14,68],[-5,39],[-80,175],[26,30],[-4,79],[-29,32],[2,34],[28,49],[109,52],[31,24],[6,62],[37,37],[64,30],[64,62],[63,122],[33,42],[39,31],[39,48],[41,107],[15,60],[94,83],[66,88],[105,73],[27,14],[166,-10],[117,35],[51,-1],[49,-18],[25,31],[17,46],[80,101],[41,68],[35,15],[60,87],[18,15],[152,79],[65,122],[119,66],[53,51],[129,99],[13,60],[48,92],[61,56],[42,28],[74,29],[47,3],[39,-22],[103,41],[51,34],[23,37],[30,21],[7,53],[89,55],[9,39],[-43,76],[-60,20],[-16,19],[-104,263],[-7,55],[-77,188],[-8,75],[-38,86],[-29,104],[21,121],[-15,83],[33,52],[-9,73],[-70,134],[-18,64],[-96,153],[-28,54],[-11,57],[-45,124],[2,55],[18,82],[-28,78],[0,40],[23,37],[94,25],[44,33],[31,51],[12,43],[-14,60],[-45,68],[-19,52],[-44,62],[-7,57],[11,90],[30,29],[59,10],[84,29],[52,34],[35,35],[67,5],[54,-13],[62,-58],[61,-47],[101,-114],[32,-14],[79,-8],[57,26],[14,49],[21,170],[30,27],[36,111],[26,35],[43,31],[37,9],[55,32],[22,44],[17,76],[-9,167],[-28,103],[-19,97],[-53,83],[-12,34],[110,188],[-65,53],[-39,46],[-11,36],[14,235],[-5,66],[-41,116],[3,79],[14,48],[1,72],[-8,72],[43,144],[27,43],[46,51],[12,32],[-9,26],[-86,37],[-47,5],[-52,-32],[-48,-16],[-29,32],[-26,48],[6,36],[31,33],[60,143],[26,49],[68,62],[4,19],[62,139],[16,46],[19,156],[-5,47],[-24,45],[-2,35],[28,37],[63,-2],[36,61],[22,18],[51,6],[20,-30],[86,-90],[44,-24],[52,-1],[69,12],[44,-11],[68,-49],[12,-18],[39,-133],[26,-47],[78,-72],[79,-97],[23,-50],[72,-84],[42,-16],[70,-3],[82,21],[178,85],[92,53],[82,-12],[62,39],[40,36],[76,146]],[[9778,71116],[104,53],[52,78],[26,53],[41,44],[-2,60],[41,83],[-1,49],[40,109],[-27,71],[8,93],[-55,13],[-41,-18],[-78,11],[2,41],[56,34],[35,49],[90,63],[55,75],[8,31],[-6,56],[8,61],[28,103],[-21,75],[34,112],[-1,82],[-9,44],[-18,12],[-48,-8],[1,51],[78,57],[97,100],[135,92],[100,77],[125,112],[72,74],[47,40],[63,36],[87,30],[123,88],[181,79],[66,8],[90,2],[67,23],[61,56]],[[11492,73570],[112,9],[146,79],[31,69],[138,47],[67,78],[20,-7],[46,-103],[33,-28],[59,-5],[54,21],[35,28],[7,37],[-18,79],[-58,135],[13,15],[107,-10],[35,-10],[60,7],[27,16],[50,3],[50,40],[89,4],[29,-15],[78,-67],[99,-76],[25,-3],[58,73],[53,26],[47,-19],[25,-48],[31,-34],[73,-54],[91,-47],[60,-73],[23,-38],[42,2],[86,28],[51,-6],[42,9],[84,57],[69,-16],[13,7],[53,78],[105,39],[12,46],[91,5],[8,-71],[157,-5],[28,15],[105,-3]],[[14233,73884],[-39,-177],[4,-42],[-5,-80],[-20,-70],[-5,-45],[36,-29],[61,-13],[95,30],[34,-6],[0,-79],[15,-111],[-9,-16],[-70,-41],[27,-16],[-3,-56],[-39,-4],[7,-40],[-30,-14],[-28,19],[11,-40],[4,-61],[-45,-31],[-75,-36],[55,-124],[30,-32],[38,-98],[13,-245],[4,-247],[12,-476],[-22,-206],[6,-80],[31,-21],[18,-150],[20,-8],[193,9],[109,33],[35,-1],[114,-27],[25,48],[47,-2],[10,18],[49,17],[13,34],[26,19],[9,31],[36,11],[38,54],[106,128],[65,4],[33,-36],[52,-36],[39,-9],[75,11],[35,-29],[27,11],[-11,60],[35,3]],[[15524,71590],[28,-29],[17,-152],[11,-309],[19,-33],[90,-46],[241,-83],[210,-76],[79,-41],[-111,-308],[-37,-85],[-31,-99],[160,-117],[48,-40],[111,-81],[-77,-114],[-121,-165],[-18,-82],[6,-50],[95,-26],[53,-26],[25,-43],[-38,-39],[-14,-62]],[[15058,68253],[-73,-4],[-114,1],[-492,-3],[-14,16],[-21,119],[-11,162],[-2,112],[13,57],[0,151],[-18,19],[-64,4],[-46,-25],[-223,2],[-173,4],[-267,-27],[-18,16],[-20,92],[-21,224],[-22,49],[28,133],[48,11],[-12,25],[18,19],[-17,91],[-27,3],[-7,44],[30,66],[-51,-16],[6,102],[-104,-24],[-24,24],[27,61],[61,35],[-3,38],[-29,19],[3,62],[12,20],[-19,45],[-29,23],[-135,-74],[-57,-5],[-95,45],[-25,-7],[-81,-83],[-56,-47],[-58,-34],[-96,-35],[-62,-6],[-34,14],[-56,-8],[-52,36],[-74,17],[-20,-11],[14,-66],[-44,59],[-31,7],[-124,-9],[-113,-22],[-72,50],[-146,-102],[-32,-6],[47,115],[32,51],[52,29],[-20,34],[43,37],[26,51],[-8,71],[37,95],[38,46],[-3,65],[-69,60],[8,34],[-26,34],[-28,-5],[-71,-59],[-44,-11],[-43,-29],[-50,-49],[-41,-6],[-49,45],[-23,40],[-9,74],[8,80],[-19,16],[-28,-7],[-145,-70],[3,-28],[47,-126],[8,-77],[-10,-108],[-19,-34],[-50,-48],[-21,0],[-79,43],[-39,-4],[-52,-90],[-84,-14],[-161,128],[-18,-5],[-36,-69],[-46,-52],[-25,-15],[-78,-74],[-2,-20],[43,-70],[51,-123],[11,-71],[9,-118],[10,-33]],[[11011,69449],[-40,-42],[-26,-71],[-24,-33],[-31,-2],[-117,69],[-54,10],[-53,-18],[-24,-35],[-33,-5],[-55,54],[-3,75],[-25,55],[-35,49],[6,69],[-21,81],[-4,68],[10,30],[44,73],[2,30],[-14,112],[-25,88],[-34,54],[-86,71],[-29,15],[-14,72],[35,66],[17,120],[-14,118],[-21,36],[-20,64],[-1,74],[-29,-6],[-83,-41],[-55,-51],[-21,-60],[-69,-68],[-60,-6],[-61,27],[-28,0],[-90,-52],[-33,6],[-51,39],[-95,60],[-48,71],[-60,76],[-6,42],[61,103],[81,108],[56,50],[47,22]],[[11685,66852],[58,36],[72,59],[7,28],[-17,87],[-50,32],[-17,30],[5,42],[59,54],[43,8],[28,28],[1,25],[-21,110],[0,104],[-17,158],[-19,104],[-2,79],[31,119],[-9,81],[2,35],[21,68],[-17,37],[-1,49],[-47,92],[-28,128],[-40,121],[11,61],[25,52],[82,152],[-22,67],[-99,109],[-60,60],[-102,78],[-73,74],[-42,87],[-31,20],[-79,18],[-82,64],[-52,25],[-50,-9],[-55,39],[-48,5],[-39,-19]],[[12275,62628],[0,39],[13,37],[-17,99],[10,83],[-3,34],[32,55],[5,30],[-12,69],[40,38],[24,40],[-4,61],[-13,37],[-36,54],[-4,47],[30,32],[15,89],[-4,111],[-14,41],[24,76],[16,91],[-31,54],[-80,71],[-5,67],[-37,48],[-7,30],[5,56],[-29,41],[0,58],[36,103],[39,32],[47,-9],[37,10],[32,53],[68,63],[2,38],[48,58],[-6,32],[-40,62],[1,29],[38,52],[-13,21],[-67,21],[-18,16],[-18,57],[-46,75],[-32,82],[-49,56],[-71,2],[-37,27],[-24,50],[-11,87],[-69,136],[-16,85],[-24,87],[10,50],[56,83],[25,99],[-41,38],[-17,43],[-30,22],[-34,64],[-18,79],[-25,36],[-6,54],[18,51],[4,47],[-55,36],[-27,53],[-30,28],[-55,24],[-44,50],[-31,9],[-69,-4],[-99,71],[-41,59],[-5,26],[77,90],[52,77],[15,40],[55,86]],[[45037,78658],[-11,-48],[24,-93],[-34,-53],[16,-86],[-9,-36],[-85,1],[-19,-62],[-87,-67],[-59,-81],[-56,-52],[-14,-25],[-8,-79],[-26,-50],[-60,-84],[-55,-45],[-58,-85],[-8,-44],[-23,-24],[-80,-5],[-52,-36],[-91,-133],[-93,-94],[-48,-13],[-50,-35],[-60,-112],[23,-95],[-16,-76],[-13,-27],[-57,-60],[-58,-33],[-100,-92],[-39,-53],[-14,-51],[-50,-77],[3,-26],[55,-71],[30,-80],[25,-183],[36,-114],[73,-112],[38,-34],[73,-43],[96,-32],[31,-25],[21,-55],[-5,-35],[-37,-118],[-3,-48],[-39,-61],[3,-25],[63,-65],[13,-52],[-52,-55],[-16,-55],[-56,-121],[-62,33],[-43,14],[-91,2],[-38,-24],[-77,-91],[-45,-76],[0,-34],[117,-148],[79,-113],[39,-71],[21,-57],[24,-122],[19,-3],[122,70],[17,-18],[6,-112],[15,-71],[29,-42],[97,-30],[51,-7],[83,26],[66,-60],[28,-10],[92,15],[84,-25],[43,18],[19,-21],[-43,-84],[0,-19],[48,-32],[33,-8],[82,-71],[60,-64],[28,-74],[4,-50],[-57,-115],[-19,-134],[3,-94],[-13,-53],[11,-54],[26,-18],[80,-25],[81,-58],[47,-3],[48,-20],[45,-35],[49,-70],[41,-20],[54,-1],[146,82],[49,6],[34,-14],[71,-70],[23,-9],[45,18],[58,51],[55,12],[49,-61],[35,-28],[69,-3],[51,-10],[121,-125],[41,-97],[59,-18],[92,-46],[81,-73],[31,-12],[48,12],[66,1],[51,-14],[29,-30],[55,-35],[45,-15],[22,-21],[20,-48],[0,-84],[44,-31],[25,-131],[23,-22],[95,29],[36,-14],[101,-102],[42,6],[51,24],[95,15],[62,-8],[54,29],[38,-20],[25,-34],[38,-114],[67,-45],[54,-1],[70,13],[41,23],[45,45],[59,24],[85,13],[36,-3],[15,-24],[19,-72],[23,-22],[53,-8],[41,-23],[45,-45],[37,-22],[32,5],[41,31],[35,-20],[81,60],[24,3],[40,-93],[15,-12],[30,29],[10,66],[66,-27],[54,-9],[64,15],[93,112],[28,-46],[50,-19],[23,-49]],[[48873,72079],[-28,-66],[-42,-75],[16,-170],[-28,-72],[4,-82],[-21,-27],[-72,-30],[-30,-27],[-33,-144],[-2,-66],[-19,-39],[-46,-58],[-43,-31],[-30,-90],[-88,-31],[-49,-44],[-38,-53],[-60,-53],[-44,-112],[-48,-80],[-40,-141],[-54,-116],[-2,-32],[20,-48],[27,-30],[84,-46],[48,-11],[78,10],[53,-10],[3,-81],[61,-84],[25,-88],[0,-29],[-26,-117],[-3,-62],[-47,-57],[-46,-28],[-9,-55],[-25,-42],[-16,-54],[23,-95],[67,-72],[56,-33],[3,-35],[-14,-42],[21,-51],[2,-72],[-21,-66],[-48,-39],[-67,2],[-76,55],[-55,-8],[-41,-23],[-103,6],[-69,-79],[-63,-12],[-121,13],[-41,-32],[-94,-46],[-67,-18],[-39,17],[-82,-24],[-40,8],[-38,-10],[-33,-51],[-46,-96],[-2,-32],[39,-50],[-10,-68],[-1,-81],[-24,-70],[-37,-38],[-2,-31],[46,-97],[42,-46],[56,-86],[39,-28],[93,-111],[20,-3],[56,-50],[53,-32],[14,-31],[-8,-45],[-49,-115],[-42,-40],[-54,-12],[-61,-39],[-121,-137],[-40,-57],[-63,-36],[-49,-81],[-78,-61],[-48,-20],[-21,-46],[1,-27],[58,-127],[36,-108],[25,-90],[31,-90],[-21,-34],[-84,-50],[-113,-95],[-19,-22],[-7,-39],[7,-45],[-48,-78],[-23,-61],[-7,-101],[-21,-59],[-30,-28],[-5,-49],[-36,-99],[-114,-46],[-15,-16],[-6,-87],[11,-72],[-10,-37],[-59,-57],[-35,-50],[-9,-59],[-22,-30],[-79,-24],[-31,-47],[-31,-18],[-93,50],[-67,2],[-85,-6],[-50,-16],[-51,-1],[-151,-73],[-144,-52],[-17,-37],[12,-33],[-83,-102],[-45,-80],[-56,-76],[-13,-39],[8,-114],[-40,-135],[13,-50],[26,-48],[21,-79],[23,-42],[45,-52],[39,-71],[29,-28],[23,-45],[20,-62],[63,-86],[37,-2],[24,-50],[39,-48],[1,-51],[36,-83],[-20,-69],[-35,-43]],[[45918,63896],[-128,-25],[-53,-38],[-40,-2],[-65,14],[-101,70],[-43,17],[-50,6],[-41,-15],[-46,22],[-52,7],[-37,26],[-107,15],[-59,43],[-37,41],[-20,3],[-39,-26],[-110,-43],[-49,-27],[-56,-7],[-94,15],[-111,32],[-41,3],[-29,28],[-71,44],[-72,7],[-71,-16],[-109,-55],[-79,-49],[-34,-30],[-38,-3],[-257,24],[-23,-4],[-93,14],[-78,2],[-125,39],[-126,-1],[-104,24],[-59,47],[-77,39],[-37,5],[-63,38],[-39,-23],[-58,-3],[21,-60],[38,-60],[16,-62],[87,-61],[30,-58],[54,-49],[56,-31],[40,-58],[84,-66],[62,-24],[78,-68],[44,-61],[77,-15],[87,-40],[51,-33],[21,-35],[67,-66],[43,-60],[55,-17],[31,9],[18,-24],[4,-38],[-12,-49],[-27,-51],[-47,-42],[-71,-18],[-63,-37],[-27,-54],[-37,-28],[-34,-45],[-19,-71],[-21,-24],[-127,-4],[-72,-19],[-28,-40],[-9,-35],[-38,-60],[-6,-85],[-48,-75],[-42,-8],[-63,-41],[-75,-16],[-82,9],[-25,-7],[-140,-68],[-20,-30],[-7,-67],[-16,-20],[-86,-19],[-58,-31],[-62,16],[-34,-7],[-41,-43],[-66,-31],[-69,-60],[-71,-35],[-7,-34],[35,-68],[-4,-43],[-34,-54],[-23,-71],[-27,-17],[-39,27],[-106,6],[-9,-33],[-51,-14],[-43,20],[-27,-1],[-65,-29],[-104,-65],[-91,14],[-58,-1],[-74,14],[-104,33],[-92,-11],[-46,-26],[-113,-31],[-57,0],[-24,-37],[-2,-70],[-48,-46],[-33,3],[-21,23],[-52,6],[-85,24],[-51,-20],[-48,5],[-44,-30],[-11,-68],[-26,-33],[5,-49],[-14,-83],[-19,-33],[-45,-48],[-46,-21],[12,-82],[-20,-89],[-84,-53],[-39,-73],[3,-49],[-58,-84],[-17,-84],[-64,-48],[-53,-74],[-24,-59],[-74,-6],[-59,-35],[-56,13],[-134,-14],[-43,-27],[-12,-50],[-33,30],[-100,27],[-52,34],[-36,9],[-49,-29],[-82,3],[-63,10],[-67,38],[-34,33],[-34,0],[-105,-25],[-42,-20],[-50,-43],[-40,15],[-61,81],[-50,29],[-49,-52],[-18,-41],[-53,-20],[-24,-28],[-39,-17],[-84,-18],[-50,8],[-32,-25],[-66,-20],[-18,-24],[-40,-18],[-55,-58],[-87,11],[-49,-21],[-43,-58],[-42,-34],[-17,-64],[-32,-35],[-48,-6],[-49,-18],[-47,14],[-53,-12],[-33,-34],[-80,-43],[-21,-29],[3,-87],[-31,-41],[-29,-9],[-59,9],[-60,-11],[-74,2],[-28,-19],[-42,4]],[[37546,59705],[-35,93],[-44,27],[-27,-2],[-97,18],[-63,-10],[-97,22],[-29,-8],[-31,-36],[-34,-19],[-80,7],[-82,20],[-23,-7],[-23,-43],[-109,-40],[-48,16],[-27,-9],[-17,-75],[-27,-39],[-48,-27],[-97,-24],[-48,56],[-54,2],[-114,24],[-60,6],[-31,24],[-20,-13],[1,-65],[-7,-90],[-90,-122],[-51,-51],[9,-108],[-40,-36],[-80,-34],[-56,-6],[-38,-41],[-50,-16],[-47,28],[-73,27],[-36,35],[-79,114],[-5,49],[-47,52],[-23,53],[-70,51],[-41,41],[-48,28],[-22,25],[-126,-4],[-106,-106],[-48,-17],[-8,-15],[13,-66],[-10,-62],[-94,-98],[-25,-63],[3,-34],[26,-36],[16,-72],[-25,-57],[24,-98],[24,-41],[-6,-69],[-29,-37],[-159,24],[-70,-4],[-157,13],[-90,-5],[-67,23],[-52,27],[-54,45],[-84,-2],[-128,106],[-44,6],[-68,60],[-15,29],[7,110],[40,57],[-23,50],[-62,24],[-69,112],[-65,43],[-44,42],[-30,-8],[-61,21],[-45,77],[-92,3],[-100,40],[-81,63],[-60,12],[-36,47],[4,110],[-18,63],[-31,139],[-17,29],[-87,83],[-101,47],[2,28],[26,55],[-28,62],[-85,64],[-71,79],[-54,18],[-61,45],[-33,14],[-53,4],[-90,21],[-48,22],[-84,23],[-87,15],[-40,-8],[-67,68],[-36,8],[-74,-8],[-49,7],[-108,33],[-23,25],[-93,55],[-33,10],[-89,-14],[-68,33],[-27,-9],[-10,-30],[-40,-40],[-4,-80],[-52,-37],[-20,-36],[-70,-58],[-56,-63],[-28,-13],[-65,-50],[-68,13],[-134,-13],[-27,-14],[-99,-110],[-18,-52],[-37,43],[-52,32],[-10,368],[-35,59],[-6,26],[-28,15],[-101,-28],[-130,-10],[-87,29],[-16,49],[-39,47],[-22,47],[-40,60],[-28,64],[-50,69],[-33,73],[-98,48],[-64,77],[-9,34],[-53,61]],[[39029,79507],[58,20],[83,-5],[45,-37],[59,-8],[73,-23],[63,-6],[300,-82],[113,-36],[77,-40],[37,-41],[13,-43],[28,-18],[80,17],[34,45],[26,119],[69,72],[76,11],[72,-27],[88,-1],[64,12],[33,22],[109,26],[46,16],[155,73],[42,42],[78,47],[55,54],[59,26],[37,46],[11,74],[-24,34],[68,46],[65,80],[62,50],[26,31],[50,33],[17,57],[76,76],[19,7],[99,5],[37,-8],[94,12],[130,-47],[51,-58],[83,-68],[66,-92],[84,-33],[51,-51],[24,-48],[28,-29],[85,-65],[37,-49],[63,-24],[52,-49],[42,-63],[90,-35],[54,-44],[17,-45],[32,-46],[57,34],[25,30],[9,74],[38,5],[23,-48],[47,-16],[7,-61],[-49,-38],[8,-43],[73,-8],[17,51],[18,-15],[6,-45],[20,-18],[84,0],[10,-6],[-7,-86],[35,-71],[-12,-106],[67,-8],[31,-19],[23,-59],[31,5],[-5,72],[-65,21],[-7,42],[16,18],[87,19],[76,39],[19,39],[-3,87],[16,48],[35,-41],[-9,-86],[5,-260],[-9,-80],[13,-12],[46,13],[47,56],[69,33],[51,-6],[82,-54],[89,-49],[68,-45],[88,-34],[67,-40],[82,10],[99,-9],[109,19],[124,5],[97,19],[63,23],[45,-5],[44,-20],[151,-107],[79,-30],[117,-18]],[[47042,84496],[32,-42],[30,-71],[-17,-41],[-104,-102],[-57,-17],[-13,-37],[29,-70],[4,-35],[-123,-54],[-10,-15],[-14,-94],[-60,-94],[39,-159],[10,-26],[45,-50],[2,-21],[-33,-79],[-50,-80],[-35,-77],[-26,-20],[-79,-31],[-91,-7],[-36,-17],[-69,-78],[-55,-117],[4,-67],[35,-74],[-31,-142],[-2,-74],[-11,-36],[-31,-1],[-42,39],[-48,12],[-34,-4],[-75,-56],[-141,-20],[-69,-35],[-95,-26],[-85,-13],[-22,-19],[-6,-71],[-97,-83],[-67,-33],[-23,-21],[-18,-73],[-41,-78],[-96,-89],[-71,-48],[-60,-54],[-22,-30],[-26,2],[-56,40],[-84,36],[-89,8],[-40,23],[-89,74],[-38,40],[-167,68],[-28,32],[-70,43],[-63,14],[-96,41],[-57,15],[-100,11],[-15,62],[-71,52],[-79,27],[-132,74],[-42,17],[-143,26],[-79,34],[-67,58],[-95,31],[-42,26],[-37,111],[-49,63],[-49,35],[-19,52],[-21,29],[-63,31],[-25,44],[-43,-46],[-28,-50],[-19,-76],[-29,-72],[9,-45],[49,-45],[21,-34],[43,-104],[37,-35],[92,-23],[39,-28],[30,-37],[57,-112],[29,-25],[61,-31],[86,-54],[107,-99],[56,-70],[86,-55],[37,-53],[102,-90],[72,-23],[86,13],[164,41],[72,21],[61,-28],[35,-1],[98,35],[79,-5],[61,-41],[75,-89],[101,-79],[36,-13],[64,4],[76,-15],[51,21],[42,95],[26,7],[39,-19],[14,-31],[2,-96],[27,-78],[12,-76],[22,-43],[89,-94],[76,-99],[20,-70],[-18,-96],[23,-112],[108,-64],[26,-66],[1,-67],[17,-42],[22,-5],[40,-62],[42,-5],[26,-34],[5,-55],[-22,-44],[5,-62],[57,-55],[-29,-129],[20,-30],[86,-14],[54,-52],[10,-120],[16,-30],[1,-75],[-24,-49],[-57,-54],[-41,-25],[-13,-40],[20,-32],[44,-43],[6,-37],[-31,-45],[-6,-53],[-26,-43],[-105,-71],[-86,-32],[-39,-47],[-5,-89],[-28,-54],[-21,-66],[48,-60],[-8,-56],[43,-42],[16,-30],[-33,-21],[-36,-56],[3,-99],[-18,-21],[-9,-53],[-60,-33],[-63,-9],[-57,10],[-26,-10],[-44,-55],[-29,-19],[-53,-53],[-65,-21],[-91,-16],[-63,-37]],[[44381,87233],[59,48],[40,9],[71,-19],[81,-72],[19,-24],[40,-91],[18,-78],[25,-50],[27,-27],[59,-23],[133,-1],[44,-7],[89,-64],[69,-35],[123,-5],[153,-64],[101,-22],[80,-1],[49,6],[108,-7],[158,47],[101,4],[56,-21],[40,-42],[15,-77],[32,-107],[41,-85],[18,-53],[19,-143],[12,-38],[45,-71],[14,-42],[3,-80],[37,-39],[50,-22],[40,-49],[16,-49],[22,-114],[2,-62],[-9,-116],[38,-58],[7,-72],[-16,-102],[8,-37],[31,-50],[48,-54],[54,-42],[99,-44],[30,-58],[7,-53],[-13,-104],[-50,-86],[20,-30],[86,-12],[47,-18],[67,-43],[21,-22],[6,-55],[48,-19],[23,-92]],[[10259,78118],[28,9],[-3,22],[-110,137],[12,27],[47,179],[37,121],[14,26],[38,121],[11,57],[0,99],[-26,16],[-38,54],[32,69],[26,26],[48,5],[80,118],[15,47],[5,90],[28,48],[10,126],[77,40],[35,47],[16,45],[12,164],[-1,107],[6,118],[-45,41],[-101,72],[-44,105],[0,33],[95,-31],[23,7],[35,46],[4,44],[-11,73],[-26,119],[12,132],[-7,80],[51,109],[53,48],[19,34],[4,103],[15,17],[47,23],[41,36],[3,54],[-11,64],[16,68],[2,242],[4,28],[30,68],[-18,54],[-29,25],[-45,9],[-42,22],[-10,26],[14,110],[41,99],[10,49],[29,20],[55,8],[68,48],[64,107],[26,109],[18,26],[18,74],[60,54],[31,-5],[28,30],[19,87],[34,88],[-5,59],[93,157],[-4,51]],[[15547,81401],[-9,-55],[-40,-80],[3,-44],[-27,-43],[-74,-40],[-25,-33],[-13,-57],[-34,-83],[-26,-118],[-29,-27],[-77,-39],[9,-57],[41,-39],[74,-43],[55,-67],[60,-105],[31,-31],[-8,-24],[-47,-43],[-36,-83],[-32,-49],[-1,-35],[32,-110],[0,-65],[63,-69],[30,-57],[-2,-34],[-52,-46],[20,-153],[52,-97],[96,-100],[48,-58],[4,-30],[-27,-80],[-42,-34],[-32,-81],[-102,-44],[-11,-42],[9,-29],[-15,-88],[-29,-82],[41,-139],[1,-39],[-47,-69],[-23,-116],[-29,-53],[-88,13],[-89,-33],[-7,-80],[-19,-40],[-47,-44],[-39,-99],[-61,-26],[-19,-20],[1,-90],[-25,-75],[51,-26],[37,-29],[-118,-15],[-26,-16],[-4,-31],[27,-74],[1,-51],[-19,-36],[-97,-46],[-25,-32],[-97,-40]],[[14664,77601],[-11,22],[-90,-12],[-82,7],[-34,12],[-144,91],[-48,21],[-123,-4],[-61,7],[-54,77],[-10,39],[-28,180],[-125,37],[-20,17],[-77,102],[-77,28],[-72,17],[-40,-5],[-89,15],[-46,-12],[-93,-7],[-7,-18],[12,-88],[-321,-119],[-48,-26],[-10,-75],[9,-68],[-38,-51],[0,-24],[33,-31],[-19,-49],[-88,-52],[-19,15],[-90,-41],[-70,-76],[-171,-27],[-5,20],[66,42],[46,47],[53,-1],[35,29],[-7,31],[-50,22],[-57,12],[-37,27],[-57,-16],[-116,25],[9,29],[103,1],[73,-8],[146,-40],[63,-24],[67,8],[68,31],[-6,53],[-32,22],[-41,81],[-62,53],[-45,23],[-86,9],[-40,23],[-60,22],[-28,39],[-57,19],[-145,-39],[-65,-8],[-46,-23],[-119,-24],[-55,-33],[-54,-15],[-58,-2],[-44,-25],[-46,-8],[-108,-109],[-50,-120],[-44,-10],[-17,-18],[10,-50],[-13,-49],[-43,-73],[-16,-11],[-81,0],[79,-205],[59,-30],[40,1],[55,28],[4,45],[25,20],[27,-8],[-19,-55],[-40,-40],[-77,-8],[-110,27],[-74,36],[-69,50],[-43,8],[-39,75],[-27,5],[-11,-18],[-47,8],[-58,52],[-114,153],[-49,71],[-46,15],[-62,96],[-14,88],[-12,16],[-65,-13],[-68,16],[-101,-22],[-87,-10],[-33,5],[-62,44],[-125,140],[-40,63]],[[9658,77299],[-72,25],[-57,47],[-15,34],[36,75],[16,53],[1,66],[22,25],[79,16],[31,31],[71,21],[-2,48],[24,22],[76,-7],[100,29],[86,-1],[30,11],[15,109],[34,13],[7,77],[33,29],[47,84],[39,12]],[[14664,77601],[21,-65],[-30,-12],[-9,-31],[-27,-10],[20,-58],[-29,1],[0,-32],[36,14],[22,-50],[-8,-24],[55,-137],[-25,-10],[-8,-58],[68,-21],[73,-5],[33,-66],[-10,-21],[-49,-6],[-54,-54],[-3,-80],[38,-76],[30,-33],[-19,-181],[-15,-44],[-97,-12],[-65,-42]],[[14612,76488],[-91,148],[-23,24],[-79,23],[-168,3],[-343,9],[-72,5],[-74,-4],[-93,-29],[-64,-36],[-47,-36],[-72,-75],[-32,-50],[-98,-238],[-9,-52],[6,-46],[52,-95],[94,-112],[13,-57],[-21,-49],[-77,-75],[-80,-51],[-87,-47],[-87,-31],[-164,-66],[-84,-60],[-32,-62],[-74,-77],[-97,-69],[-151,-98],[-186,-50],[-76,-42],[-56,-71]],[[12240,75022],[-20,21],[-84,11],[-13,29],[-2,112],[20,28],[-52,81],[-47,32],[-59,12],[-51,0],[-39,24],[-45,71],[-13,52],[21,49],[69,41],[86,80],[-13,40],[-33,11],[-81,-25],[51,47],[-6,22],[-41,44],[31,137],[-5,25],[-95,162],[-37,75],[9,79],[-39,82],[2,92],[-109,133],[49,97],[29,70],[-18,23],[-56,-6],[-50,36],[-49,17],[-35,40],[-58,14],[-31,23],[-7,39],[-29,23],[-69,18],[-134,-82],[-31,-9],[-176,-20],[-29,10],[-74,-35],[-109,-13],[-166,-14],[-136,-27],[-86,9],[-60,46],[-165,13],[-56,37],[-84,25],[-63,-6],[-31,10],[-36,-16],[-32,2],[-104,32],[-48,58],[-15,101],[-20,64],[5,67],[-13,64]],[[18717,78532],[-11,-163],[-19,-200],[-14,-91],[-64,-82],[-137,-186],[-20,-134],[-43,-43],[-30,-50],[-37,-29],[-33,-80],[-20,-18],[-1,-78],[-27,-18],[-372,-14],[-38,-93],[-9,-51],[0,-134],[-11,-62],[-30,-53],[-57,-55],[-62,-46],[-34,-45],[-65,51],[-55,3],[0,-24],[-76,-5],[4,-23],[-4,-129],[-82,13],[-26,-167],[-10,-94],[-80,7],[-5,-134],[75,0],[20,28],[63,0],[106,-14],[-14,-57],[3,-40],[-112,-331]],[[17390,75891],[-118,-10],[-110,-42],[-87,-42],[-239,-56],[-212,-34],[-222,-19],[-156,-37],[-121,-21],[-70,5],[-92,28],[-55,29],[-51,47],[-28,61],[-21,107],[-6,76],[-21,104],[-29,36],[-50,33],[-55,12],[-36,-4],[-249,-99],[-121,-7],[-76,8]],[[15165,76066],[-120,29],[-111,54],[-131,99],[-82,83],[-109,157]],[[19627,76299],[-46,-48],[-86,-53],[-55,-10],[-172,-13],[-73,-60],[-38,-64],[0,-99],[13,-32],[-5,-103],[-28,-41],[-46,-30],[-49,-14],[-49,7],[-73,41],[-76,28],[-80,-13],[-28,-28],[-14,-42],[-18,-172],[-25,-58],[-40,-38],[-51,-6],[-107,38],[-52,55],[-110,167],[-60,53]],[[18259,75764],[-94,59],[-93,39],[-68,10],[-98,-3],[-114,-18],[-88,-1],[-314,41]],[[21269,74533],[-255,-7],[-255,0],[-122,-4],[-223,-3],[-69,13],[-17,-58],[-90,15],[-24,12],[10,44],[-78,16],[-1,34],[-121,0],[7,-19],[-35,-31],[-39,-18],[-30,-31],[-114,9],[-222,-20],[-21,5],[-46,37],[-27,-9],[-8,-36],[-25,-27],[-142,-1],[-57,-6],[-130,-2],[-37,-7],[-79,-47],[-77,2],[-27,77],[-4,109],[-7,9],[-202,7],[1,84],[-92,1],[-2,-98],[-217,5]],[[18392,74588],[-22,3],[-174,-6],[-32,110],[-1,35],[62,298],[55,0],[51,38],[35,9],[20,44],[-36,91],[-45,50],[-84,18],[-21,139],[-30,130],[-25,81],[24,55],[90,81]],[[21590,74306],[5,-160],[11,-256],[25,-44],[36,-38],[71,-93],[67,-29],[-23,-54],[28,-67],[-16,-57],[0,-58],[10,-52],[20,-15],[54,-10],[28,-16],[-12,-52],[20,-73],[-41,-48],[-103,8],[-9,-19],[-58,35],[-309,9],[2,199],[-95,-1],[-21,18],[-3,56],[-106,1],[0,-278],[-194,-7],[-3,139],[-84,3],[-6,101],[-40,43],[-80,3],[-179,-4],[-9,19],[-419,-7],[-1,88],[-117,2],[-3,-92],[-64,-1],[-5,-14],[3,-183],[74,-1],[14,-13],[-3,-78],[111,-1],[-1,-206],[-264,-3],[-135,-6],[-4,-110],[-241,-10],[-73,1],[-24,-11],[-3,-76],[-16,-78],[-23,-36],[-86,-50],[-25,-7]],[[19271,72617],[-3,123],[8,113],[13,86],[38,162],[18,111],[-18,77],[-133,-9],[-62,95],[-45,12],[-8,60],[14,77],[42,135],[13,10],[98,-46],[-19,76],[54,9],[-5,72],[-68,-4],[-41,59],[-49,42],[-55,29],[-171,34],[-109,80],[-84,55],[-103,76],[-156,102],[-61,54],[-41,48]],[[18338,74355],[53,37],[34,47],[4,35],[-17,71],[-20,43]],[[19829,69910],[-41,32],[-45,66],[-38,96],[-45,40],[-65,-1],[-67,-61],[-48,51],[1,17],[114,107],[71,50],[40,56],[2,38],[-14,56],[-75,91],[-5,61],[7,40],[62,185],[-33,79],[-19,22],[-71,24],[-85,-20],[-17,36],[-6,50],[67,25],[35,39],[2,67],[-51,69],[-52,36],[-10,55],[-35,110],[-37,27],[-22,75],[7,64],[-26,51],[-26,20],[-110,51],[-33,45],[-5,30],[47,92],[-7,122],[15,103],[29,54],[39,104],[4,79],[-56,111],[-15,49],[0,87],[59,27]],[[53585,71251],[-71,-40],[-23,-53],[-54,-44],[-17,-27],[91,-85],[29,-88],[51,-79],[28,-11],[156,-145],[50,-122],[73,1],[35,-24],[16,-46],[28,-24],[59,-107],[30,-19],[83,12],[128,-72],[16,-16],[94,-132],[6,-38],[61,-234],[-6,-70],[-50,-58],[-8,-75],[19,-70],[-58,-90],[-23,-66],[5,-49],[19,-71],[-29,-56],[-16,-76],[-5,-74],[-16,-27],[-172,-118],[-58,-151],[-1,-60],[26,-120],[23,-206],[-27,-78]],[[54077,68343],[-50,-112],[-29,-39],[-84,-73],[-44,-105],[-111,-124],[-90,-8],[-99,-36],[-59,2],[-71,-19],[-14,-79],[-24,-23],[-177,-72],[9,-143],[-9,-98],[-2,-111],[-22,-79],[-8,-105],[42,-47],[9,-28],[-15,-19],[-90,-38],[-39,-28],[-56,-76],[-82,-36],[-182,-64],[-76,-73],[-1,-56],[10,-55],[-8,-95],[18,-38],[-14,-107],[18,-134],[-40,-72],[-112,-50],[-58,-37],[-117,-86],[-21,-53],[-22,-27],[-87,-8],[-43,18],[-95,-6],[-32,26],[-34,-7],[-18,-46],[-66,-87],[-37,29],[-62,13],[-65,-29],[-54,-5],[-130,13],[-61,-25],[-54,-47],[-34,-15],[-34,-44],[-46,-21],[-49,-11],[-51,-39],[-145,-7],[-46,-10],[-39,26],[-39,6],[-60,-20],[-37,0],[-48,28],[-49,14],[-164,-9],[-20,4],[-61,65],[-66,46],[-42,6],[-60,-54],[-130,-67],[-103,-41],[-97,-13],[-116,14],[-32,22],[2,39],[-12,47],[-31,41],[-54,26],[-71,0],[-83,-14],[-31,-14],[-26,-34],[30,-39],[62,-59],[-26,-37],[-95,-44],[-42,-37],[-33,-57],[-88,-106],[-33,-3],[-158,26],[-61,-8],[-73,15],[-37,-61],[-30,-26],[-128,-58],[-30,-22],[-8,-94],[-33,-34],[-12,-108],[-21,-62],[-40,-67],[-31,-93],[-48,-51],[-39,-66],[-16,-69],[-41,-26],[-2,-129],[-21,-62],[-76,-77],[-87,-32],[-20,-52],[-9,-97],[-28,-38],[-11,-50],[-23,-17],[-66,-19],[-28,-48],[-48,-23],[-37,-74],[-72,-11],[-36,9],[-41,-22],[-106,14],[-88,-60],[-34,1],[-35,29],[-32,3],[-78,-24],[-98,35],[-50,-7],[-64,12],[-97,-92],[-104,-35],[-28,-2],[-44,28],[-74,11],[-76,-43],[-17,-76],[-14,-12],[-117,-33],[-44,-4],[-36,-32],[-56,5]],[[46717,63500],[-22,37],[-13,82],[-34,11],[-108,3],[-88,43],[-40,75],[-37,42],[-100,66],[-36,-6],[-45,-64],[-42,29],[-26,38],[-29,20],[-71,-1],[-59,21],[-49,0]],[[48873,72079],[42,-41],[36,-3],[57,70],[33,21],[39,7],[65,-12],[38,-27],[24,-80],[32,-46],[14,-104],[-22,-57],[-2,-73],[16,-33],[63,-74],[-48,-35],[-17,-32],[36,-67],[48,-51],[8,-86],[73,-128],[19,-50],[-3,-38],[21,-80],[31,-50],[46,-3],[39,21],[78,65],[29,15],[38,0],[47,-31],[76,-30],[46,17],[37,105],[60,55],[78,21],[60,39],[29,9],[39,-52],[72,-29],[65,19],[11,28],[-3,90],[9,17],[115,83],[54,33],[136,103],[262,183],[94,62],[137,101],[65,36],[88,109],[92,140],[3,42],[75,113],[61,70],[19,97],[16,22],[30,-1],[20,-50],[64,-81],[19,-44],[38,-8],[101,22],[39,-8],[104,-172],[34,-22],[63,-17],[73,-32],[97,-71],[55,-51],[45,-15],[133,10],[95,-14],[50,-41],[58,16],[32,32],[-12,63],[11,56],[-10,125],[-34,77],[28,40],[84,10],[57,19],[150,16],[79,14],[32,-96],[-2,-27],[-40,-89],[3,-28],[31,-98],[-6,-62],[32,-34],[60,-13],[84,-2],[38,-19],[13,-24],[-8,-55],[-58,-101],[-7,-67],[8,-12],[147,-154],[16,-77],[90,-99],[77,-45],[33,-70],[-10,-10]],[[54077,68343],[50,-40],[85,3],[90,-35],[19,-33],[52,-44],[85,-59],[105,-26],[44,-4],[91,19],[66,-24],[162,-27],[153,-30],[111,-30],[37,-21],[118,-1],[18,7],[10,37],[6,85],[10,26],[54,79],[245,198],[27,35],[23,73],[36,42],[93,66],[31,31],[107,65],[37,-5],[73,-34],[220,-10],[124,18],[115,26],[92,55],[46,61],[45,19],[89,14],[97,42],[112,58],[74,17],[113,54],[35,3],[79,33],[50,0],[55,35],[66,15],[44,26],[42,38],[42,1],[87,59],[101,-4],[72,-17],[76,-3],[77,6],[76,-10],[51,20],[41,-39],[63,-23],[19,-39],[-31,-206],[4,-75],[17,-94],[-10,-37],[-36,-73],[33,-55],[109,-142],[37,-61],[29,-66],[36,-123],[32,-136],[51,-182],[-20,-294],[1,-119],[-7,-140],[-37,-56],[-61,-51],[-55,-61],[-48,-40],[-117,-74],[2,-42],[17,-44],[-10,-31],[-60,-58],[-7,-58],[23,-74],[-15,-93],[-20,-67],[-29,-43],[3,-45],[17,-47],[-17,-69],[40,-45],[9,-48],[35,-55],[6,-43],[45,-39],[85,-60],[68,-87],[-2,-37],[23,-30],[87,-33],[42,-25],[61,-4],[138,22],[62,-60],[88,-53],[107,-16],[159,0],[45,-10],[45,-43],[95,-15],[20,-79],[44,-69],[7,-44],[-9,-104],[-56,-177],[-28,-33],[-23,-79],[-19,-12],[-95,-24],[-60,-52],[-67,-22],[-87,-91],[-66,-37],[-99,2],[-86,-78],[-92,-46],[-67,-9],[-65,-28],[-67,-60],[-12,-28],[15,-66],[-6,-16],[-54,-29],[-44,-38],[-79,-121],[-41,-27],[-25,-36],[-20,-73],[-43,-80],[27,-119],[26,-58],[-46,-96],[-33,-137],[-32,-70],[12,-28],[47,-62],[4,-89],[-13,-60],[-56,-28],[-27,-68],[-35,-26],[-34,-50],[-54,-23],[-60,-41],[-8,-36],[-63,-94],[-57,-53],[-46,-126],[-27,-40],[20,-40],[7,-63],[-2,-113],[-28,-35],[-17,-65],[-6,-114],[-9,-55],[-43,-92],[-72,-60],[-11,-36],[-10,-195],[6,-31],[70,-27],[22,-63],[-9,-76],[20,-130],[-9,-89],[-58,-112],[-15,-160],[-45,-53],[-53,-83],[-2,-65],[11,-91],[-31,-52],[-77,-34],[-104,49],[-49,2],[-74,37],[-51,-15],[-25,8],[-27,31],[-63,8],[-95,-33],[-73,3],[-42,29],[-38,39],[-37,8],[-43,-7],[-72,-27],[-80,-7],[-46,26],[-75,5],[-170,-33],[-54,33],[-152,34],[-81,44],[-76,-92],[-195,-164],[-41,-2],[-80,-59],[-45,-22],[-57,-15],[-89,-79],[-55,-5],[-57,23],[-32,-2],[-57,-25],[-80,-84],[-84,-9],[-60,23],[-108,-8],[-87,15],[-110,9],[-102,30],[-91,7],[-60,26],[-59,54],[-47,30],[-88,22],[-129,71],[-99,31],[-56,-16],[-42,5],[-65,29],[-78,-21],[-125,-6],[-84,18],[-61,38],[-93,20],[-17,-8],[-37,-82],[-63,-59],[-40,-87],[-44,-40],[-74,-49],[-129,-19],[-41,-39],[-12,-104],[-12,-46],[-63,-49],[-27,-89],[-43,-76],[-56,5],[-130,-26],[-50,6],[-59,30],[-30,4],[-90,-31],[-70,-3],[-67,-37],[-70,-27],[-27,5],[-29,31],[-78,37],[-87,2],[-116,29],[-91,-3],[-41,95],[-34,12],[-118,-39],[-75,12],[-16,23],[-38,19],[-53,56],[-38,20],[-39,-3],[-22,15],[-24,58],[-48,-37],[-57,-12],[-56,25],[-24,70],[-12,9],[-79,5],[-52,27],[-49,-18],[-62,-4],[-34,-40],[-82,-78],[3,-59],[-40,-16],[-26,7],[-66,-5],[-52,-23],[-51,29],[-189,-17],[-54,-11],[-60,0],[-43,-26],[-50,-12],[-86,15],[-62,-30],[-43,-63],[-61,-74],[-7,-58],[-99,-111],[-71,-53],[-19,-37],[-18,-78],[-28,-55],[-19,-68],[-82,-29],[-77,-72],[-59,-27],[-83,10],[-48,22],[-35,2],[-110,-28],[-43,3],[-51,-43],[-110,3],[-39,25],[-152,29],[-97,-36],[-53,-10],[-99,42],[-157,-15],[-157,-52],[-89,-1]],[[47917,59564],[19,29],[-4,43],[-28,69],[4,96],[-34,94],[-15,124],[3,45],[-30,149],[-51,27],[-57,74],[-75,42],[-24,31],[-19,49],[-43,42],[-23,42],[-14,53],[-40,103],[-2,40],[12,55],[-1,48],[-26,52],[-8,51],[11,127],[-12,29],[-40,48],[-59,30],[-23,39],[-80,33],[-24,23],[-4,98],[-46,88],[2,58],[29,123],[-6,21],[-61,50],[-19,38],[0,29],[23,51],[3,54],[-25,120],[-34,18],[-13,41],[-5,70],[-31,78],[-18,109],[73,43],[4,18],[-24,54],[14,87],[-18,26],[-45,23],[-67,10],[-28,75],[-30,29],[-46,7],[-59,77],[-45,28],[-17,56],[10,36],[-11,53],[-29,66],[-13,71],[12,61],[-42,73],[-67,33],[-13,61],[54,104],[11,45],[64,67]],[[21430,62875],[-28,-54],[-46,-11],[-24,-19],[-40,-103],[-33,-15],[-45,1],[-3,-29],[-22,-30],[-57,-5],[-38,-20],[-124,-21],[3,-41],[-60,-4],[25,-76],[-118,-2],[-1,-44],[-68,-13],[22,-207],[119,-12],[102,-32],[70,-46],[69,-1],[141,-42],[124,-11],[62,-23],[11,-47],[16,-16],[72,26],[58,50],[58,29],[219,23],[72,18],[74,0],[3,-31],[17,41],[65,51],[36,17],[63,-23],[-24,-62],[-7,-84],[37,-53],[14,-85],[13,-23],[0,-67],[25,-48],[47,-59],[107,-56],[29,-27],[1,-27],[29,-9],[7,-32],[98,-18],[27,-57],[-9,-85],[15,-25],[58,-30],[8,-53],[16,-23],[-12,-42],[-42,-6],[-48,-121],[-11,-41],[5,-47],[78,-69],[19,-52],[-10,-52],[6,-58],[-33,-62],[16,-59],[65,-100],[46,-16],[78,-13],[12,-27],[3,-79],[34,-22],[77,-22],[38,-47],[49,-15],[31,-22],[32,-42],[15,15],[-72,68],[-41,54],[-23,56],[-42,19],[-13,31],[32,36],[62,-9],[61,-86],[8,-42],[63,-2],[8,-16],[-44,-48],[3,-25],[34,-17],[27,8],[34,48],[77,73],[25,-3],[-3,-69],[59,-23],[115,-25],[39,6],[27,54],[48,46],[73,42],[41,34],[50,71],[45,17],[43,-29],[44,-1],[77,25],[43,26],[65,-10],[39,8],[11,28],[9,82],[17,42],[33,9],[36,-34],[109,-54],[98,-36],[50,-26],[56,-1],[57,17],[54,-10],[13,-52],[-30,-58],[-40,-22],[4,-17],[61,30],[55,6],[32,-17],[30,-40],[56,-46],[82,-51],[8,-21],[-30,-51],[12,-12],[56,79],[68,-40],[45,-69],[53,-56],[105,-47],[39,-27],[58,-58],[39,-70],[29,-26],[68,-37],[18,-35],[5,-70],[-13,-47],[14,-37],[64,-24],[82,-2],[39,-33],[29,-49],[70,-37],[15,-40],[72,-58],[13,-2],[87,45],[43,-8],[3,-61],[23,-145],[10,-36],[77,-23],[25,-40],[41,1],[15,-41],[43,-9],[9,-35],[62,1],[-1,-70],[84,-40],[15,-52]],[[26454,58916],[-28,-4],[-28,-29],[-14,-49],[-22,-15],[-85,12],[-14,-11],[-52,-110],[-103,-165],[-26,-63],[-13,-11],[-86,3],[-77,25],[-69,39],[-50,19],[-37,-57],[-47,35],[-35,49],[-73,56],[-31,33],[-27,3],[-55,-34],[-176,2],[-85,38],[-50,4],[-67,-20],[-55,7],[-80,-25],[-13,-12],[-21,-66],[-30,-34],[-71,-40],[-18,-35],[-16,-84],[-28,-29],[-57,-27],[-62,-14],[-55,-41],[0,-56],[-10,-43],[1,-50],[-16,-53],[2,-43],[16,-35],[10,-67],[19,-48],[-6,-19],[-46,-51],[-76,-22],[-40,-19],[-19,-30],[0,-46],[-14,-41],[-35,-24],[-21,-34],[-7,-70],[-86,-19],[-68,-26],[-40,-35],[-42,-85],[-100,-32],[-19,-40],[-43,-48],[-93,-15],[-131,18],[-24,15],[19,55],[-17,61],[-50,30],[-42,64],[-25,59],[-64,30],[-52,45],[-19,82],[25,37],[-12,72],[-21,57],[34,66],[5,85],[27,34],[4,95],[-20,111],[-31,38],[-85,1],[-38,-56],[-43,-27],[-38,6],[-72,40],[-68,-6],[-66,-57],[-83,-52],[-51,-10],[-143,4],[-15,81],[-49,-13],[-43,7],[-41,-45],[-43,7],[-27,-61],[-91,-60],[-57,30],[-66,-15],[-58,-1],[-28,-34],[-17,-48],[-41,-61],[-99,-4],[-104,-48],[-85,22],[-86,7],[-27,13],[-36,-8],[-42,8],[-43,30],[-74,67],[-49,54],[-118,45],[-39,68],[-30,-33],[-6,-73],[-40,-68],[-55,-38],[-40,-8],[-80,42],[-15,15],[-109,32],[-37,21],[-40,-47],[-3,-131],[-58,-45],[-6,-39],[-21,-17],[-124,-3],[-32,-22],[-44,2],[-55,36],[-26,5],[-48,-26],[-50,26],[-28,72],[-37,15],[-61,-40],[-75,-34],[-54,20],[-41,-9],[-33,-28],[-63,-18],[-52,37],[15,39],[-28,25],[-50,15],[-27,27],[-50,99],[-8,53],[14,49],[-17,19],[-135,-1],[-99,-46],[-43,-50],[-84,-55],[-23,6],[-61,48]],[[28218,60396],[-92,-50],[-32,14],[-27,33],[-65,-22],[-80,-80],[-43,-28],[-65,11],[-73,-18],[-27,38],[-41,7],[-34,-31],[-37,-12],[-34,-41],[-18,-43],[-67,-50],[-36,-3],[-20,-28],[-3,-52],[-34,-30],[-4,-156],[-21,-28],[-53,-31],[-47,-56],[-79,-58],[-35,-36],[-23,-77],[49,-62],[-85,-52],[-79,-13],[-81,-26],[-55,-55],[-87,-24],[-27,-20],[-56,-69],[-64,-37],[1,-66],[-38,-83],[-45,-37],[-67,-109],[-40,0]],[[14233,73884],[60,335],[61,10],[22,47],[42,51],[83,25],[58,31],[62,20],[34,25],[22,50],[1,92],[15,35],[85,32],[65,50],[9,24],[1,70]],[[14853,74781],[15,33],[35,-2],[-9,-70],[397,2],[0,-81],[162,-2],[2,-162],[45,-40],[102,-71],[132,-103],[36,-8],[163,7],[39,-31],[116,-2],[41,-16],[12,-29],[2,-364],[-31,-25],[-93,0],[4,-184],[-28,-25],[-25,-47],[10,-57],[82,-80],[79,-48],[53,-101],[25,-102],[50,-55],[53,-42],[0,-38],[-56,-58],[-24,-55],[-30,-36],[-38,-125],[-37,-69],[-13,-44],[-46,-69],[-6,-62],[-30,-63],[-22,-78],[-24,-143],[11,-48],[53,-63],[8,-73],[-22,-62]],[[16046,71990],[-53,-11],[-120,-49],[-51,-49],[-44,-19],[-72,3],[-95,-40],[-61,-46],[-29,-40],[-8,-38],[12,-36],[-1,-75]],[[11492,73570],[20,46],[4,47],[-46,74],[-59,70],[-87,121],[-37,84],[-9,123],[28,32],[69,34],[34,34],[-8,15],[-69,45],[-9,34],[37,107],[0,83],[134,8],[45,-15],[62,-39],[72,1],[48,26],[96,94],[90,57],[140,58],[41,24],[75,63],[31,67],[46,159]],[[15165,76066],[2,-96],[-19,-38],[-10,-50],[8,-81],[20,-30],[43,-27],[17,-27],[-31,-72],[-12,-48],[-143,10],[-54,23],[-27,-91],[-42,10],[-64,-61],[-17,39],[-5,41],[-61,62],[-20,-21],[-9,-133],[-14,-35],[-28,-13],[-73,-8],[-44,-259],[7,-61],[27,-93],[7,-116],[44,-51],[44,-31],[54,-17],[88,-11]],[[16046,71990],[47,-35],[68,25],[31,44],[28,70],[31,4],[15,36],[23,12],[15,39],[37,20],[14,-44],[36,-35],[109,-50],[32,45],[-46,65],[4,30],[71,29],[61,2],[32,-15],[76,-9],[83,8],[68,18],[50,1],[42,-20],[47,9],[107,38],[-17,72],[-14,7],[-30,-35],[-26,0],[-4,43],[28,39],[-70,-15],[-3,26],[23,53],[-5,20],[-50,42],[9,56],[26,5],[29,-27],[25,0],[41,24],[16,30],[-37,51],[22,22],[58,-17],[33,22],[-5,26],[-57,38],[-82,8],[-58,37],[-3,35],[49,-18],[17,17],[17,113],[36,11],[2,-44],[31,-51],[15,-46],[114,-53],[28,2],[53,33],[20,58],[-5,57],[-18,55],[-27,16],[-88,3],[-69,13],[-30,44],[-54,114],[-21,31],[10,75],[-35,32],[-73,11],[-22,15],[-1,62],[-53,14],[-11,50],[22,-10],[159,-15],[16,70],[-30,187],[23,40],[51,41],[39,59],[-3,74],[30,109],[-46,157],[-46,45],[0,30],[31,23],[51,7],[18,-74],[73,-8],[57,11],[18,21],[-30,83],[61,-9],[65,17],[48,34],[64,23],[44,-2],[76,-31],[62,1],[72,18],[38,2],[87,-23],[76,-32],[100,-1],[64,8],[187,47]],[[17282,72298],[-1,62],[77,82],[40,56],[29,60],[37,11],[30,74],[-24,8],[-129,-27],[-39,-53],[-24,-4],[-25,55],[-30,-11],[-15,-39],[16,-52],[-26,-12],[-34,-39],[-4,-35],[17,-80],[-13,-70],[27,-33],[91,47]],[[37546,59705],[-10,-61],[3,-38],[29,-70],[50,-35],[9,-45],[25,-42],[161,-88],[23,-24],[-9,-49],[42,-34],[9,-22],[-21,-71],[-1,-61],[12,-73],[22,-53],[-5,-37],[-27,-15],[-30,-45],[-19,-70],[-19,-31],[-47,-26],[-31,-30],[-103,-118],[2,-77],[-27,-28],[-23,-3],[-41,39],[-96,-111],[-18,-37],[-60,-35],[-61,3],[-52,-15],[-99,4],[-23,-13],[-36,10],[-16,25],[-72,30],[-42,-10],[-15,-19],[16,-54],[9,-102],[-13,-73],[-3,-108],[-16,-38],[-104,9],[-110,-40],[-60,7],[-38,-33],[-83,-9],[-132,-59],[-33,-25],[-27,-97],[-26,-34],[-29,-102],[-120,-99],[-99,-43],[6,-56],[-49,-38],[-30,-50],[-3,-67],[9,-43],[-18,-41],[40,-105],[61,-26],[15,-27],[26,-4],[61,-37],[23,-43],[-5,-31],[-49,-28],[11,-82],[-10,-39],[10,-99],[31,-47],[-17,-50],[-59,-58],[-62,-23],[-67,-75],[-32,-9],[-15,32],[-27,14],[-47,-10],[-46,53],[-41,23],[-36,6],[-76,-19],[-28,-35],[-43,-19],[-70,-82],[-76,-11],[-39,-19],[-72,-8],[-8,-10],[13,-55],[-4,-34],[-99,-24],[-45,22],[-45,-13],[-85,-87],[-48,-83],[-46,-2],[-69,-29],[-26,-37],[-21,-52],[-72,-67],[-28,-9],[-52,11],[-79,-3],[-40,-22],[-14,-64],[-26,-16],[-71,-3],[-46,-31],[-40,-48],[-4,-22],[30,-89],[-5,-56],[-20,-57],[-11,-105],[-11,-29],[-50,-55],[-7,-45],[-35,-33],[-39,-2],[1,-36],[31,-74],[-11,-37],[15,-84],[-8,-51],[7,-44],[78,-73],[43,-59],[169,-141],[88,-42],[7,-21],[4,-106],[-40,-179],[-17,-106],[6,-55],[-64,-36],[-10,-35],[14,-57],[-18,-22],[-66,-46],[-124,-24],[-14,-84],[-31,-36],[-87,-68],[-17,-27],[-10,-132],[23,-122]],[[34204,53331],[-69,11],[-74,38],[-9,-8],[5,-82],[-29,-125],[7,-68],[-85,-45],[-35,-76],[-18,-128],[-36,-97],[-31,-13],[-39,5],[-71,51],[-62,66],[-22,62],[-55,40],[-65,5],[-130,69],[-75,23],[-40,50],[13,124],[39,91],[-108,74],[-71,79],[-120,9],[-102,0],[-42,-65],[-1,-69],[16,-100],[-10,-57],[-6,-84],[27,-102],[24,-59],[62,-64],[21,-132],[27,-82],[50,-61],[26,-14],[70,-6],[101,-93],[-8,-26],[-74,-172],[-16,6],[-94,78],[-69,49],[-25,0],[-43,-30],[-77,-14],[-84,30],[-81,-36],[-68,11],[-80,-43],[-39,-46],[-77,8],[-39,-9],[-43,-57],[-37,-9],[-56,6],[-51,-57],[-65,-20],[-65,-38],[-27,-91],[-32,-63],[-3,-82],[-12,-38],[-37,-57],[-88,-73],[20,-64],[-3,-32],[-24,-59],[-17,-14],[-135,-48],[-25,-38],[-48,-48],[-77,-45],[-30,-7],[-20,-31],[-14,-70],[-50,-63],[-30,-24],[-124,-58],[-78,6],[-45,-32],[-82,-38],[-55,-83],[-82,-104],[-93,-82],[-53,-29],[-47,-40],[-82,-15],[-14,-47],[-2,-55],[-32,-43],[-24,-61],[2,-95],[-26,-26],[-85,-37],[-57,-112],[-42,-14],[-41,-48],[-67,-17],[-61,-65],[-18,-65],[-89,-30],[-57,-54],[-82,-68],[-2,-88],[36,-81]],[[30042,49701],[-58,-15],[-43,-25],[-82,-65],[-74,-31],[-138,-41],[-79,-74],[-31,-54],[-4,-33],[-57,-88],[-5,-88],[-41,-103],[-80,-70],[-24,-3],[-48,-32],[-65,-13],[-53,14],[-32,28],[-29,47],[-89,85],[1,36],[71,74],[24,64],[-5,50],[-29,76],[19,67],[2,72],[11,81],[-28,80],[-99,95],[-44,85],[-31,17],[-51,-8],[-42,7],[-78,0],[-88,33],[-73,59],[-112,-7],[-60,18],[-28,71],[-51,56],[-3,80],[-36,74]],[[28280,50320],[-9,36],[3,110],[-12,41],[-3,80],[17,92],[14,20],[91,81],[12,58],[26,45],[3,49],[-56,39],[-23,39],[-17,72],[-39,47],[-43,21],[-97,29],[-50,24],[-71,22],[-94,4],[-90,30],[-46,9],[-160,16],[-78,22],[-31,-3],[-137,28],[-20,-12],[-101,43],[-90,32],[-92,-13],[-79,12],[-88,38],[-13,14],[7,101],[-9,36],[-28,13],[-49,-1],[-117,-63],[-34,-9],[-39,18],[-22,44],[-60,50],[-32,95],[-46,68],[-21,57],[-35,66],[-24,19],[-102,22],[-27,-24],[-44,-70],[-9,-33],[-47,-57],[-17,-42],[-113,-52],[-27,-19],[-29,14],[-11,38],[10,29],[70,6],[9,25],[-15,28],[-28,13],[-20,57],[0,54],[-20,39],[-41,46],[-71,24],[-54,-23],[-51,25],[0,48],[15,44],[49,23],[44,-35],[18,22],[0,58],[-55,8],[13,114],[37,91],[0,109],[-38,103],[-76,52],[-14,-52],[-22,-34],[-64,-49],[-62,-58],[-131,-62],[-90,24],[-83,-26],[-39,1],[-32,20],[-71,16],[-112,54],[-45,50],[-27,71],[-33,51],[-34,24],[-78,28],[-42,27],[-51,75],[-33,22],[-3,38],[-25,17],[-33,54],[-45,1],[-92,56],[-61,58],[-96,40],[-69,40],[-24,42],[25,72],[-25,20],[-50,11],[-21,25],[-30,117],[-20,42],[0,30],[25,122],[-75,159],[1,116],[23,157],[-24,92],[-2,56],[-25,65],[-32,47],[-1,84],[-19,96],[-30,101]],[[23977,54616],[18,0],[146,39],[188,40],[276,97],[83,33],[85,13],[108,33],[158,54],[67,19],[224,74],[148,45],[403,96],[278,61],[6,35],[30,252],[4,57],[50,47],[-2,57],[12,25],[-1,41],[16,32],[-13,64],[42,109],[21,40],[33,28],[47,-7],[51,17],[76,-41],[79,-10],[40,-31],[51,-88],[34,-28],[61,-5],[58,8],[152,-4],[63,71],[44,33],[57,11],[64,79],[16,29],[-6,79],[15,64],[57,84],[-8,65],[-19,43],[6,28],[63,51],[63,72],[-15,118],[2,51],[14,38],[7,65],[-17,72],[15,71],[19,29],[0,59],[-41,87],[-30,33],[23,123],[-6,116],[18,56],[47,76],[-36,47],[-34,67],[-29,36],[-38,70],[-13,48],[-24,15],[-79,12],[-27,19],[-23,46],[-35,27],[-48,12],[-78,5],[-20,99],[-21,18],[-95,35],[-49,62],[34,93],[72,148],[-8,18],[-163,94],[-21,43],[-64,45],[-81,6],[-64,64],[-5,24],[19,54],[-80,132],[7,56]],[[23977,54616],[-71,-22],[-214,-85],[-122,-31],[-75,-23],[-38,-22],[-65,-16],[-247,-19],[-205,3],[-158,-16],[-82,1],[-294,41],[-109,0],[-99,-42],[-106,-71],[-69,-62],[-26,-31],[-43,-76],[-121,-102],[-22,-27],[-80,-66],[-83,-46],[-92,-34],[-77,-21],[-82,-34],[-99,-25],[-44,13],[-33,43],[-168,174],[-45,61],[-78,69],[-29,39],[-53,32],[-72,-23],[-133,5],[-27,-5],[-43,-31],[-67,-62],[-55,-31],[-204,-75],[-65,-38],[-129,-85],[-53,-28]],[[28280,50320],[-36,-23],[-227,-108],[-108,-64],[-39,-14],[-165,-93],[-89,-45],[-107,-113],[-40,-61],[-9,-79],[12,-147],[-1,-33],[-28,-100],[9,-98],[-21,-55],[-43,-56],[-37,-32],[-159,-73],[-26,-44],[-3,-77],[-48,-57],[-39,-57],[-50,-53],[-35,-97],[-41,-56],[-40,-5],[-51,12],[-41,37],[-30,63],[-33,13],[-199,-35],[-32,4],[-94,43],[-125,31],[-109,32],[-89,1],[-89,9],[-86,37],[-51,6],[-165,-36],[-59,1],[-118,-27],[-63,-25],[-67,-17],[-62,-60],[-73,-15],[-77,-27],[-51,-46],[-15,-29],[-4,-69],[-20,-56],[3,-100],[-29,-33],[-59,-44],[-78,-77],[-68,-78],[-149,-70],[-61,-21],[-36,-55],[-117,-48],[-165,-15],[-59,-23],[-10,-83],[-24,-51],[-36,-33],[-1,-101],[24,-55],[-14,-50],[-48,-128],[-40,-58],[-46,-28],[-41,-41],[-35,-86],[-64,-53],[-9,-30],[28,-110],[-14,-22],[-59,-35],[-83,-99],[-100,-80],[22,-99],[60,-86],[-1,-147],[34,-25],[68,0],[175,-127],[65,-35],[87,-90],[83,-13],[39,-22],[45,-42],[41,-53],[40,-36],[-36,-72],[-43,-34],[-86,-104],[-41,-82],[-8,-30],[28,-109],[-15,-82],[-44,-48],[-43,-32],[-2,-27],[27,-59],[10,-44],[-25,-90],[-45,-75],[39,-143],[-9,-71],[-20,-34],[18,-166],[48,-67],[16,-80],[43,-60],[100,-122],[8,-29],[-3,-68],[-58,-104],[17,-162],[-7,-46],[74,-190],[2,-110],[19,-57],[3,-55],[-10,-18],[-63,-47],[-29,-32]],[[30042,49701],[3,-34],[37,-52],[64,-53],[41,-64],[18,-76],[-6,-49],[107,-44],[-3,-23],[69,-48],[17,-58],[32,-27],[28,7],[27,-26],[87,-17],[113,-61],[55,-21],[131,-24],[71,-29],[59,-47],[45,-8],[101,-53],[59,-65],[36,-28],[90,-30],[67,-128],[49,-66],[-10,-159],[16,-111],[53,-127],[38,-154],[13,-37],[32,-30],[128,-54],[96,-113],[47,-34],[34,-35],[13,-62],[25,-76],[-1,-27],[26,-82],[18,-105],[77,-65],[13,-18],[15,-87],[29,-51],[40,-95],[-4,-37],[-72,-93],[-41,-81],[-33,-107],[0,-54],[37,-60],[37,-77],[71,-111],[-14,-51],[-37,-42],[-27,-92],[20,-58],[-1,-65],[28,-103],[60,-87],[-19,-118],[7,-23],[39,-52],[-24,-135],[-3,-73],[-11,-54],[28,-106],[44,-80],[26,-191],[40,-119],[117,-119],[33,-50],[19,-112],[-1,-81],[18,-74],[-8,-96],[-32,-32],[-17,-42],[-68,-268],[-66,-114]],[[32287,43998],[-14,42],[-115,116],[-59,44],[-102,41],[-148,89],[-38,32],[-35,77],[-30,31],[-55,30],[-81,28],[-40,24],[-65,11],[-38,17],[-75,51],[-74,73],[-54,36],[-70,84],[-78,-60],[-51,-16],[-125,8],[-87,-12],[-72,-74],[-82,-35],[-45,-34],[-32,-54],[-87,-16],[-54,-73],[-75,-48],[-74,11],[-51,-19],[-60,5],[-44,21],[-79,22],[-109,51],[-59,48],[-62,-9],[-34,-34],[-35,-10],[-70,-2],[-44,-18],[-42,-44],[-30,-12],[-101,36],[-38,-8],[-54,-41],[-59,-23],[-93,8],[-69,-26],[-87,-23],[-214,-28],[-65,-1],[-26,-12],[-60,-65],[-55,-28],[-78,-60],[-13,-41],[-92,-153],[-38,-34],[-161,35],[-88,-21],[-35,2],[-83,21],[-74,-49],[-52,-23],[-81,-19],[-60,3],[-64,-13],[-55,6],[-50,17],[-87,8],[-212,-7],[-76,-9],[-100,-29],[-57,-36],[-156,-53],[49,-222],[-16,-48],[-42,-42],[-39,-107],[-3,-62],[30,-50],[-68,-92],[-30,-60],[0,-76],[-16,-32],[-43,-35],[-135,-12],[-97,-2],[-66,-42],[-98,21],[-52,-35],[-24,-109],[-50,-143],[-44,-64],[-55,-34],[-32,-33]],[[32287,43998],[64,-113],[73,-40],[71,-50],[66,-9],[32,-20],[46,-80],[84,-7],[66,-44],[66,7],[212,-139],[33,-48],[55,-6],[169,-84],[124,18],[116,7],[65,-10],[77,-48],[168,-39],[40,7],[125,46],[39,-7],[72,-58],[50,-49],[44,-31],[51,-50],[35,-59],[52,-69],[92,10],[59,-1],[153,-54],[38,-4],[138,28],[77,33],[97,27],[68,12],[63,35],[80,7],[86,27],[44,94],[43,14],[89,-31],[127,31],[39,0],[50,-34],[194,-70],[35,-42],[69,-60],[32,-11],[76,-3],[27,-34],[52,-30],[72,3],[93,-26],[78,1],[46,-56],[10,-54],[-8,-48],[-24,-58],[-47,-71],[-83,-81],[-113,-91],[-92,-62],[-59,-24],[-55,-41],[10,-48],[102,-148],[71,-93],[17,26],[123,109],[69,5],[85,57],[61,10],[12,-11],[-40,-108],[5,-26],[45,-106],[1,-39],[-16,-93],[5,-36],[46,-98],[5,-33],[-9,-92],[5,-59],[15,-60],[36,-56],[-5,-63],[16,-9],[101,-16],[46,-15],[140,-102],[78,-17],[57,-36],[77,-18],[104,14],[16,-6],[38,-86],[-7,-42],[-43,-45],[-54,-71],[-10,-42],[-3,-94],[11,-51],[-11,-34],[-42,-77],[-10,-44],[4,-43],[-28,-56],[-40,-61],[-25,-62],[-39,-162],[-4,-31],[19,-46],[49,-69],[14,-36],[-24,-99],[-99,-143],[-75,-68],[-82,-55],[-23,-33],[-39,-111],[-53,-79],[-21,-91],[-27,-44],[-43,-31],[-18,-32],[-19,-81],[-46,-59],[-11,-39],[-51,-97],[-29,-43],[8,-49],[50,-49],[16,-39],[48,-25],[52,-5],[23,-27],[-10,-21],[-75,-79],[2,-59],[47,-21],[-3,-65],[-106,-65],[-18,-44],[-9,-59],[24,-39],[-20,-56],[-28,-103]],[[36466,38130],[-85,-60],[-52,-29],[-108,-77],[-92,-36],[-89,6],[-121,-29],[-62,3],[-10,-13],[-12,-130],[-34,-43],[-27,-68],[-50,-41],[-56,-71],[-1,-34],[27,-30],[37,-114],[-21,-31],[5,-31],[43,-67],[18,-55],[-42,-36],[-35,-176],[-26,-27],[-12,-138],[-45,-68],[-21,-57],[-64,-140],[-23,-98],[-27,-78],[-20,-37],[-58,-19],[-53,-28],[-85,-65],[-22,-30],[-53,-187],[-93,-63],[-23,-88],[-55,-53],[-75,-53],[6,-92],[24,-70],[5,-85],[-21,-115],[20,-84],[-8,-68],[-22,-58],[11,-97],[-8,-31],[-114,-144],[-9,-37],[-8,-103],[5,-40],[34,-65],[1,-43],[86,-96],[22,-32],[29,-136],[6,-168],[-33,-136],[-73,-135],[-89,-114],[-66,-58],[-4,-28],[6,-99],[29,-106],[38,-57],[14,-68],[-63,-128],[-13,-59],[-101,-10],[-105,-59],[-41,-5],[-62,54],[-76,20],[-107,43],[-120,-4],[-35,-10],[-39,-64],[-84,-70],[-35,-13],[-89,-10],[-32,-27],[-81,-16],[-46,19],[-120,15],[-66,47],[-94,-62],[-62,-7],[-84,40],[-80,29],[-70,12],[-53,31],[-33,7],[-195,-48],[-86,-12],[-103,8],[-128,38],[-27,2],[-74,-17],[-59,16],[-69,39],[-31,3],[-69,-19],[-153,-57],[-42,-26],[15,-116],[-14,-129],[-59,-97],[-80,-113],[-121,-61],[-45,-41],[-47,-14],[-40,-49],[-14,-78],[-18,-31],[-38,-26],[-52,-21],[-83,-56],[-59,-81]],[[10796,23297],[-57,17],[-63,-19],[-100,-66],[-39,-33],[-43,-86],[-111,-183],[-39,-55],[-59,-30],[-115,-6],[-106,-36],[-121,-34],[-28,-41],[-30,-20],[-121,-46],[-56,-30],[-44,-44],[-76,-21],[-60,11],[-38,-7],[-133,-8],[-61,14],[-90,0],[-120,-42],[-96,-27],[-116,-46],[-55,-42],[-74,1],[-43,-39],[-127,-85],[-32,-45],[-4,-29],[30,-104],[-17,-75],[-58,-75],[-77,-42],[-31,-104],[-66,-95],[-75,-30],[-80,-63],[-169,-87],[-144,-43],[-84,-19],[-50,7],[-41,20],[-100,67],[-37,14],[-47,-2],[-38,-24],[-165,-123],[-57,-90],[-24,-23],[-83,-33],[-57,-9],[-80,23],[-122,-1],[-19,78],[-21,33],[-96,91],[-105,23],[-109,82],[-68,13],[-142,77],[-73,33],[-57,37],[-63,65],[-29,99],[-27,47],[-77,14],[-45,25],[-71,68],[-64,44],[-90,45],[-68,46],[-142,84],[-83,37],[-69,-7],[-16,-19],[-95,76],[-26,30],[-39,80],[-41,120],[-41,54],[-85,36],[-92,-23],[-88,25],[-136,-5],[-71,21],[-64,-84],[-66,-30],[-67,29],[-128,-33],[-108,29],[-135,-4],[-55,4],[-151,-7],[-77,25],[-103,58],[-85,19],[-76,-31],[-163,-9],[-29,9],[-81,-36],[-108,-9],[-126,23],[-25,-3],[-65,-42],[-79,-86],[-59,-32],[-83,-25],[-50,-25],[-88,-70],[-32,-47],[-71,-22],[-50,-40],[-39,-20],[-150,-51],[-37,-22],[-92,-17],[-92,-79],[-169,-97],[-115,-50],[-86,-26],[-42,-21],[-41,-41],[-89,-28],[-32,-26],[-57,-9],[-51,-34],[-72,-26],[-79,15],[-43,-14],[-107,-102]],[[1002,21651],[-57,6],[-86,-18],[-123,-17],[-76,36],[-77,54],[-26,46],[-20,71],[-37,77],[-74,86],[-23,12],[-70,-7],[-50,14],[-40,26],[-46,53],[-51,89],[-37,44],[-51,83],[-57,64],[-1,44],[12,37],[2,107],[55,103],[73,45],[24,32],[25,60],[38,31],[35,68],[16,47],[17,90],[31,28],[100,26],[47,27],[118,52],[90,14],[118,74],[70,108],[3,19],[-28,43],[-11,82],[40,88],[9,61],[-2,77],[9,91],[-13,128],[-31,62],[-30,40],[-11,102],[-14,32],[2,43],[27,94],[-31,74],[-10,59],[6,87],[-7,40],[-27,32],[-43,24],[-109,37],[-34,31],[59,123],[30,117],[210,26],[38,21],[172,169],[38,7],[104,-53],[47,32],[97,39],[75,8],[60,33],[67,7],[50,27],[21,27],[-2,28],[-63,102],[-44,83],[-22,58],[-3,43],[17,55],[1,86],[142,62],[107,87],[43,20],[65,3],[39,12],[33,52],[121,69],[43,49],[57,88],[85,52],[82,1],[182,34],[65,-24],[54,5],[47,53],[169,100],[46,11],[62,35],[44,7],[35,-7],[195,19],[35,31],[41,14],[29,29],[30,58],[45,230],[27,58],[-17,86],[43,101],[23,118],[60,160],[33,143],[62,110],[16,50],[-6,59],[14,47],[-16,66],[22,67],[45,52],[20,46],[16,80],[54,73],[62,94],[23,58],[-10,96],[27,70],[23,286],[-11,150],[36,44],[-40,167],[6,43],[23,27],[108,69],[68,88],[47,117],[17,147],[-11,114],[40,63],[144,159],[47,34],[127,3],[89,-33],[20,0],[50,59],[80,75],[82,69],[74,44],[121,12],[31,20],[42,48],[88,75],[61,35],[74,22],[150,23],[71,39],[26,58],[15,11],[92,22],[65,24],[93,45],[98,-27],[53,1],[86,19],[94,-17],[53,7],[38,19],[218,67],[58,2],[85,-10],[60,66],[90,68],[82,41],[69,4],[53,55],[88,28],[23,132],[42,73],[24,240],[-18,36],[-62,31],[-78,145],[-11,73],[-36,62],[12,97],[-24,71],[-2,35],[16,49],[65,28],[72,3],[58,46],[34,42],[37,161],[11,74],[12,11],[125,13],[20,14],[7,42],[63,79],[15,38],[34,37],[49,26],[28,32],[19,135],[14,47],[23,37],[109,36],[124,23],[99,-9],[64,28],[49,59],[67,40],[62,1],[31,48],[25,9],[64,0],[86,11],[18,29],[6,99],[10,50],[21,38],[63,39],[70,51],[95,26],[77,45],[14,28],[-10,95],[55,113],[15,50],[24,28],[34,143],[80,55],[56,61],[5,102],[18,85],[-6,42],[-41,26],[-58,-18],[-62,5],[-122,62],[-43,9],[-22,56],[-11,80],[-24,41],[-58,12],[-33,19],[-95,92],[-25,31],[-83,65],[-37,81],[-64,20],[-33,44],[3,37],[-47,68],[-75,36],[-15,19],[-1,83],[26,68],[6,50],[18,48],[17,89],[36,66],[8,31],[-14,96],[-43,38],[-20,38],[-3,47],[60,77],[64,49],[48,49],[60,34],[24,25],[70,44],[62,62],[100,88],[85,50],[3,28],[-35,57],[-27,60],[-1,62],[10,77],[31,109],[35,70],[39,48],[59,42],[91,109],[22,12],[68,4],[112,43],[43,73],[63,66],[26,65],[59,84],[66,4],[86,-41],[52,-40],[19,-55],[18,-18],[87,-49],[46,-32],[101,-9],[91,-16],[55,-24],[93,48],[30,49],[70,39],[37,1],[42,33],[54,28],[62,2],[52,18],[136,-8],[41,5],[18,16],[6,47],[20,24],[78,63],[41,92],[25,40],[51,50],[77,46],[60,92],[44,94],[43,39],[168,37],[106,-8],[70,-18],[49,3],[20,-11],[46,-75],[136,-42],[82,25],[64,-6],[49,13],[60,4],[64,-18],[43,-66],[113,-54],[51,-5],[73,-49],[27,-1],[56,55],[53,-17],[96,-86],[94,-73],[52,-86],[14,-41],[10,-105],[78,-40],[56,-49],[54,18],[137,-14],[96,-24],[78,2],[84,18],[65,-23],[25,-35],[22,-66],[96,-87],[29,-103],[68,-122],[72,-81],[27,-48],[68,-25],[166,81],[38,9],[68,-19],[137,-87],[105,-101],[87,-33],[26,-89],[56,-29],[109,-78],[21,-4],[78,17],[59,45]],[[28873,273],[-61,-23],[-83,-12],[-6,-84],[4,-132],[-15,-17],[-69,-5],[-67,12],[-44,26],[-56,17],[-44,41],[-52,16],[-92,3],[-84,-18],[-26,11],[-39,42],[-84,39],[-85,109],[-74,50],[-62,15],[-51,26],[-61,139],[-58,158],[5,69],[64,68],[23,91],[-1,117],[-13,98],[42,69],[-4,96],[-23,109],[23,118],[-2,297],[-44,-25],[-119,-21],[-84,-54],[-76,-117],[-39,-134],[-32,18],[-65,94],[-63,83],[-81,87],[-92,43],[-55,46],[-28,61],[-35,175],[-41,253],[-6,57],[30,38],[65,24],[21,44],[-6,81],[8,45],[54,45],[12,35],[4,122],[72,101],[11,64],[-48,82],[-33,28],[-72,31],[-96,75],[-24,43],[-23,87],[4,48],[23,101],[-16,81],[-36,73],[-37,30],[-54,-2],[-67,20],[-48,33],[-51,49],[-64,83],[-68,46],[-62,14],[-46,-4],[-178,1],[-89,31],[-45,6],[-124,-4],[-95,-19],[-39,-16],[-49,-37],[-71,-66],[-80,-30],[-69,12],[-43,18],[-123,75],[-47,36],[-77,33],[-83,15],[-98,41],[-122,100],[-86,90],[-142,62],[-218,129],[-179,125],[-93,56],[-30,9],[-111,0],[-25,13],[-99,100],[-67,92],[-57,50],[-80,21],[-44,26],[-28,2],[-141,-30],[-139,14],[-91,-10],[-48,18],[-94,47],[-52,-47],[-47,-29],[-33,-34],[-85,-107],[-33,-22],[-126,-47],[-62,-49],[-13,-26],[-8,-100],[5,-62],[-39,-131],[-13,-122],[-8,-127],[-70,-197],[-12,-12],[-51,8],[-74,-2],[-172,-33],[-125,-5],[-41,-10],[-80,-51],[-34,-8],[-91,-4],[-51,6],[-66,-14],[-104,-52],[-69,-21],[-31,-22],[-60,-61],[-34,-23],[-122,-20],[-41,-15],[-102,-9],[-61,-21],[-32,-29],[-106,-47],[-36,-84],[-76,-70],[-143,-102],[-117,-59],[-97,-10],[-54,-20],[-62,16],[-31,-2],[-86,26],[-117,93],[-63,70],[-28,16],[-57,-24],[-65,-6],[-142,50],[-40,32],[-79,11],[-121,-15],[-59,8],[-49,-5],[-75,-76],[-42,-83],[-49,-179],[-22,-16],[-95,9],[-118,31],[-27,-1],[-91,-50],[-55,-39],[-126,-102],[-132,-68],[-40,-6],[-58,54],[-83,101],[-33,30],[-74,48],[-36,37],[-53,159],[-19,23],[-145,-81],[-98,-49],[-48,-55],[-78,76],[-55,32],[-24,42],[-26,6],[-64,-8],[-42,126],[-19,26],[-53,8],[-47,-29],[-49,-12],[-24,-21],[-52,-10],[0,46],[-46,46],[-81,32],[-8,48],[14,25],[4,64],[-54,45],[-104,37],[-8,93],[1,55],[-14,14],[-87,-14],[-57,16],[-22,-8],[-37,-63],[-21,-4],[-35,65],[-52,68],[-21,50],[-52,8],[-31,-21],[-58,0],[-67,34],[-33,39],[-52,102],[-36,94],[-28,102],[-26,53],[-24,22],[-47,8],[-39,21],[-45,62],[-95,56],[-137,96],[-164,77],[-34,-7],[-116,-98],[-30,4],[-66,36],[-137,4],[-110,41],[-60,-19],[-97,-22],[-67,18],[-47,-4],[-86,-24],[-42,1],[-139,34],[-75,46],[-59,55],[-53,34],[-27,5],[-192,4],[-96,13],[-79,-59],[-70,-25],[-94,12],[-211,3],[-96,-23],[-116,12],[-52,-2],[-72,-20],[-63,8],[-133,-16],[-78,14],[-107,-7],[-72,-12],[-66,1],[-287,72],[-78,2],[-80,-12],[-50,-24],[-63,-111],[-74,-42],[-28,-41],[21,-81],[-89,-100],[-28,-54],[-67,-44],[-100,-16],[-76,-57],[-70,-28],[-84,-3],[-73,22],[-101,1],[-99,40],[-105,14],[-123,84],[-30,40],[-53,33],[-124,-23],[-141,-16],[-163,-13],[-180,-35],[-47,-19],[-148,-128],[-89,-59],[12,-37],[77,-59],[42,-98],[45,-225],[-5,-70],[-38,-211],[11,-158],[-6,-19],[-109,-156],[-47,-83],[-65,-50],[-35,-1],[-160,-60],[-15,-9],[-49,-125],[-12,-69],[-45,-63],[-5,-161],[-110,-32],[-66,-28],[-99,-21],[-114,-13],[-23,-18],[-57,-67],[-16,-33],[-12,-66],[-63,-114],[-75,-32],[-48,-59],[-47,7],[-74,31],[-96,18],[-44,0],[-112,-31],[-30,-19],[-64,-66],[-120,70],[-81,63],[-122,-16],[-64,29],[-46,-22],[-73,-9],[-98,-49],[-26,-28],[-123,-177],[-39,-17],[-67,8],[-96,-46],[-100,2],[-58,-69],[-25,-52],[-26,-19],[-115,-4],[-165,42],[-105,-7],[-109,-41],[-68,-2],[-29,22],[-58,-26],[-31,-35],[-36,-71],[-28,-12],[-76,13],[-135,14],[-9,13],[18,129],[-5,97],[6,23],[41,53],[80,118],[63,68],[93,52],[125,119],[12,41],[27,18],[23,46],[25,121],[-37,111],[45,70],[32,35],[99,30],[58,-17],[39,27],[6,69],[18,87],[-25,76],[-21,97],[4,101],[-46,30],[-11,94],[-15,28],[-80,66],[-12,27],[-9,75],[-14,36],[-60,72],[-37,126],[3,18],[-31,103],[-11,112],[18,130],[15,60],[-21,38],[17,77],[-59,46],[-106,35],[-128,71],[-76,-7],[-115,-27],[-111,-21],[-52,-3],[-80,71],[-40,1],[-91,-58],[-40,-18],[-46,15],[-96,57],[-47,6],[-128,1],[-46,-17],[-63,-5],[-68,-25],[-44,-2],[-64,54],[-77,81],[-48,63],[-31,22],[-67,29],[-80,71],[-72,37],[40,97],[26,176],[-12,55],[-22,45],[-75,105],[-11,43],[-42,67],[16,30],[80,37],[80,74],[56,10],[46,29],[73,16],[135,67],[41,58],[52,56],[84,57],[46,22],[115,-10],[58,30],[25,48],[5,63],[-40,104],[-3,38],[41,117],[21,111],[-2,123],[47,43],[14,69],[45,59],[8,32],[44,69],[8,25],[-33,94],[21,174],[128,100],[7,22],[-21,143],[-3,86],[-54,89],[-37,146],[-97,76],[-84,34],[-98,96],[-9,25],[31,112],[77,176],[16,61],[-4,75],[32,71],[78,26],[62,37],[108,4],[77,-75],[65,11],[94,-1],[30,64],[-41,87],[-2,45],[26,72],[46,45],[30,73],[39,36],[14,49],[-8,106],[19,91],[0,89],[-43,95],[-71,115],[-62,60],[-60,72],[-42,96],[13,42],[47,61],[-11,97],[4,35],[-14,66],[14,37],[1,44],[79,173],[100,81],[26,0],[37,-53],[90,-81],[53,-29],[147,13],[50,-7],[56,-36],[24,-59],[140,-121],[5,-81],[34,-15],[37,8],[38,-8],[148,-61],[43,-1],[93,14],[93,-52],[41,1],[38,23],[110,20],[45,15],[82,49],[83,31],[111,11],[25,10],[-17,24],[-8,94],[-17,80],[-44,126],[-7,65],[1,80],[-17,77],[-23,67],[7,95],[-14,57],[4,107],[86,48],[73,88],[96,96],[28,47],[15,86],[-13,76],[16,44],[68,128],[21,88],[11,161],[-9,69],[-41,114],[7,92],[-20,53],[1,60],[27,183],[-10,61],[-22,42],[-107,81],[-57,149],[-4,36],[51,218],[36,188],[-6,44],[-23,34],[16,45],[62,95],[6,19],[-28,102],[-5,65],[-16,82],[-55,121],[-54,105],[-38,86],[-8,41],[2,72],[-14,63],[-42,92],[-40,42],[-49,26],[-27,2],[-101,-22],[-80,3],[-165,-25],[-42,14],[-23,40],[-10,64],[-13,132],[17,120],[-14,63],[-30,60],[-24,79],[-21,125],[-19,23],[-84,29],[-8,56],[-29,33],[-74,56],[-49,23],[-141,15],[-11,19],[-30,137],[-27,63],[16,47],[80,78],[44,125],[23,126],[5,50],[-12,83],[-11,30],[-164,161],[-56,34],[-42,44],[-37,11],[-127,-19],[-74,-21],[-33,9],[-72,-25],[-116,-4],[-57,18],[-122,10],[-74,23],[-54,25],[-104,20],[-24,16],[-40,157],[-20,29],[-70,61],[-64,14],[-88,80],[-14,4],[-225,-97],[-72,-24],[-91,21],[-78,-13],[-72,2],[-71,-12],[-31,4],[-68,-19],[-108,3],[-65,-5],[-103,-23],[-105,-46],[-28,14],[-112,102],[-43,58],[-34,112],[-11,60],[-25,84],[-19,131],[-42,91],[-27,90],[-25,62],[10,30],[59,50],[36,66],[102,103],[42,51],[86,135],[12,34],[20,115],[-8,97],[-52,72],[-21,89],[2,33],[79,133],[73,91],[82,73],[126,68],[52,38],[4,29],[-46,171],[-31,46],[-63,65],[-18,68],[-22,49],[-60,47],[-90,47],[-32,93],[-20,88],[-37,77],[-8,45],[25,124],[-29,88],[21,109],[-1,49],[-24,71],[-47,62],[-89,74],[-49,76],[-70,63],[-76,14],[-239,-1],[-29,14],[-43,66],[-26,85],[-15,23],[-99,67],[-52,42],[-31,36],[-27,85],[-39,86],[-65,126],[-56,54],[-43,74],[-34,39],[14,67],[-5,48],[-86,61],[-11,43],[1,135],[-115,27],[-137,-2],[-39,21],[-168,51],[-110,0],[-101,-28],[-131,4],[-104,-20],[-68,-29],[-55,-39],[-129,-43],[-18,27],[-35,89],[-24,31],[-100,82],[-29,42],[-18,126],[-13,63],[-32,84],[-35,69],[-28,19],[-59,12],[-150,17],[-49,-2],[-67,12],[-145,-3],[-74,20],[-79,33],[-75,21],[-44,19],[-105,25],[-76,41],[-34,32],[-27,100],[-31,90],[-10,96]],[[31477,29486],[42,-103],[42,-61],[14,-52],[38,-78],[11,-43],[64,-96],[44,-141],[17,-108],[1,-70],[13,-57],[45,-65],[97,-76],[129,-52],[81,-14],[51,2],[-19,-41],[4,-73],[12,-42],[6,-112],[61,-99],[18,-86],[-1,-162],[40,-86],[59,-89],[11,-34]],[[32357,27648],[6,-54],[-8,-79],[-19,-82],[9,-54],[-84,-93],[-47,-68],[-66,-54],[-64,-42],[-40,-44],[-46,-76],[-48,-33],[-24,-121],[-17,-24],[-43,-23],[-43,-7],[-136,-76],[-77,-67],[-39,-19],[-99,-74],[-34,-51],[-60,-39],[-44,-53],[-41,-18],[-78,-12],[-27,-19],[-14,-39],[11,-59],[-5,-47],[44,-115],[-12,-63],[6,-53],[-9,-33],[22,-46],[-7,-33],[23,-74],[-1,-70],[-27,-68],[-4,-98],[15,-43],[47,-48],[31,-80],[63,-57],[64,-31],[44,-2],[-38,-70],[-8,-70],[69,-72],[40,-66],[-11,-49],[49,-47],[17,-66],[-3,-54],[-57,-73],[-15,-36],[-7,-111],[-145,-109],[-50,-44],[-98,-42],[-26,-31],[-89,-76],[-8,-67],[-1,-103],[22,-68],[17,-23],[-53,-92],[-54,-76],[-44,-77],[-4,-91],[-9,-49],[-62,-138],[-29,-36],[57,-131],[44,-67],[66,-153],[53,-211],[19,-151],[10,-42],[1,-58],[-21,-60],[-59,-61],[-50,-40],[-44,-56],[-24,-19],[-86,-33],[-76,-6],[-58,-26],[-35,-35],[-99,-153],[-118,-143],[-16,-54],[-28,-161],[-17,-46],[-42,-39],[-58,-80],[-42,-80],[-10,-63],[21,-44],[71,-90],[35,-104],[25,-24],[96,-29],[50,-71],[33,-60],[39,-54],[29,-56],[13,-79],[28,-68],[7,-77],[22,-64],[48,-55],[4,-41],[-35,-91],[-149,-189],[-41,-76],[-56,-143],[-39,-58],[-88,-89],[-1,-69],[24,-63],[38,-170],[26,-62],[45,-73],[143,-77],[5,-24],[-10,-104],[41,-94],[9,-86],[42,-62],[34,-80],[0,-56],[31,-54],[70,-84],[244,-202],[33,-57],[25,-13],[13,-51],[26,-33],[44,-21],[56,-41],[49,-12],[47,-127],[149,-68],[34,-5],[68,9],[16,-25],[91,-204],[69,-55],[47,-84],[68,-92],[49,-52],[3,-56],[-15,-64],[-83,-107],[12,-69],[-24,-185],[12,-37],[-19,-40],[-59,-71],[-28,-19],[-64,-21],[-43,-41],[-54,-26],[-32,-44],[-45,-40],[-78,-36],[-91,-26],[-58,5],[-72,-53],[-64,-90],[10,-64],[-1,-73],[-9,-59],[15,-124],[15,-60],[38,-95],[68,-108],[58,-37],[55,-105],[-1,-130],[18,-30],[111,-62],[34,-49],[-11,-41],[28,-147],[-8,-40],[-90,-166],[-11,-34],[-24,-168],[59,-19],[70,-96],[18,-5],[84,-68],[39,-54],[30,-94],[17,-137],[-8,-60],[-14,-33],[-59,-58],[-71,-46],[-27,-8],[-56,-46],[-31,-74],[-31,-42],[-28,-18],[-32,-67],[-44,-52],[-61,-50],[-17,-22],[13,-83],[-25,-59],[-59,-92],[-2,-18],[35,-97],[5,-73],[-16,-177],[13,-72],[-2,-97],[-27,-59],[-54,-82],[-53,-59],[-83,-64],[-82,-80],[-14,-27],[-53,-47],[50,-47],[61,-73],[66,-30],[59,-61],[89,-56],[47,-46],[70,-47],[31,-56],[57,-32],[31,-71],[31,-34],[51,-4],[31,-17],[53,-60],[81,-59],[97,-38],[92,21],[42,-9],[56,-36],[39,-35],[61,-86],[77,-42],[55,-21],[73,-67],[77,-51]],[[32391,11746],[-34,-87],[-12,-84],[27,-97],[-6,-43],[4,-59],[48,-120],[0,-34],[-32,-29],[-32,-92],[-41,-55],[-113,-74],[-68,-87],[-59,-18],[-39,2],[-66,23],[-85,1],[-58,-18],[-104,-45],[-106,-68],[38,-59],[-24,-41],[-6,-90],[26,-110],[0,-70],[-15,-58],[0,-58],[-12,-23],[-39,-12],[-54,-119],[-25,-30],[-60,-110],[-87,-39],[-39,-27],[-42,-46],[-38,-56],[-27,-16],[-47,22],[-120,-18],[-96,5],[-64,-10],[-62,50],[-17,-1],[-15,-85],[20,-39],[-2,-26],[-45,-58],[-57,-22],[-99,-95],[-27,-65],[-69,-38],[-20,-55],[28,-26],[69,2],[10,-17],[-24,-73],[-51,-20],[-32,-38],[-15,-98],[-39,-26],[-43,-73],[2,-70],[62,-66],[5,-129],[-12,-64],[-39,-59],[-14,-37],[12,-87],[63,-84],[21,-39],[-8,-25],[-42,-42],[-5,-25],[21,-14],[44,2],[79,-60],[-2,-75],[14,-103],[9,-18],[44,-8],[16,-35],[-10,-37],[16,-17],[107,-45],[19,-53],[65,-32],[15,-38],[22,-189],[18,-115],[3,-56],[-11,-36],[23,-66],[1,-47],[-30,-41],[1,-50],[19,-52],[-19,-48],[3,-33],[47,-66],[20,-82],[56,-54],[29,-12],[115,-18],[108,-39],[23,15],[114,126],[43,9],[79,-63],[83,-56],[66,-34],[190,-139],[12,-57],[-28,-61],[-16,-59],[-6,-154],[-18,-105],[-45,11],[-153,51],[-191,97],[-55,45],[-83,51],[-54,21],[-94,-11],[-59,1],[-73,35],[-135,22],[-118,-17],[-99,-27],[-81,-40],[-64,-53],[-21,-27],[26,-103],[68,-139],[65,-54],[63,-64],[90,-160],[40,-171],[8,-74],[-32,-266],[-37,-116],[-67,-155],[-62,-81],[-53,-33],[-87,-17],[-95,8],[-168,34],[-138,17],[-87,23],[-101,12],[-142,-18],[-72,14],[-139,49],[-73,34],[-43,47],[-40,89],[-39,24],[11,39],[-7,49],[39,72],[-6,38],[-58,34],[-39,79],[-6,60],[7,25],[64,96],[93,55],[11,26],[-23,62],[-51,42],[-25,74],[-26,53],[-12,66],[-19,14],[-92,2],[-81,-29],[-89,-57],[-21,30],[-1,42],[-22,38],[-179,0],[-44,15],[-164,92],[-167,56],[-106,27],[-44,27],[-88,28],[-68,53],[-63,104],[-16,-13],[-20,-109],[4,-90],[58,-135],[59,-121],[15,-44],[5,-86],[77,-48],[76,-140],[-5,-30],[-101,-98],[-104,-138],[-69,-77],[-31,-46],[-37,-114],[-29,-48],[-75,-71],[-43,-71],[17,-63],[-30,-137],[-7,-62],[-17,-27],[-44,-31],[-68,-13],[-33,-20],[-46,-65],[-71,-68],[-88,-192],[16,-30],[64,-33],[1,-73],[36,-76],[3,-30],[-92,-90],[-55,-92],[22,-236],[18,-89],[34,-121],[77,-117],[10,-49],[-48,-156],[2,-55],[34,-99],[83,-107],[32,1],[30,38],[73,69],[88,45],[72,48],[25,3],[101,-35],[75,-6],[128,11],[53,18],[30,-3],[51,-25],[134,0],[15,-8],[36,-174],[137,-177],[40,-35],[48,-101],[37,-9],[183,33],[96,-6],[45,-85],[59,-10],[78,-85],[39,-77],[67,-69],[9,-49],[36,-81],[43,-86],[-52,-30],[-58,-116],[-13,-90],[-32,-76],[-95,-50],[-65,-16],[-49,-23],[-9,-59],[-63,-58],[-51,-23],[-40,6],[-72,-57],[-49,-6],[-30,-20],[-39,-170],[-27,-70],[-64,-12],[-10,-128],[-32,-84],[6,-52],[34,-40],[52,-99],[12,-57],[-29,-16],[-8,-33],[18,-71],[45,-138],[44,-197]],[[44447,18217],[-60,44],[-41,-5],[-61,-37],[-45,-50],[5,-68],[22,-41],[0,-43],[-61,-116],[-26,-2],[-47,19],[-42,41],[-51,76],[-41,23],[-75,18],[-69,34],[-365,145],[-35,27],[-33,98],[-10,77],[5,27],[48,64],[-11,146],[-25,73],[-29,16],[-90,-21],[-40,-21],[-41,-41],[-30,-45],[-7,-55],[18,-149],[-8,-37],[-27,-36],[-42,-35],[-54,-7],[-64,17],[-61,53],[-55,88],[-5,41],[17,99],[11,123],[-36,51],[-63,-87],[-80,-100],[-44,-106],[-26,-36],[-92,-165],[-61,-136],[-56,-94],[-75,-212],[-194,76],[-141,20],[-27,12],[-52,76],[-76,82],[-78,36],[-52,97],[-59,26],[-74,56],[-73,3],[-50,20],[-166,5],[-22,-11],[-42,-55],[-44,-33],[-33,-122],[-40,-30],[-14,-48],[-28,-39],[-8,-84],[26,-91],[1,-29],[-44,-79],[5,-35],[-20,-212],[-20,-37],[-63,-42],[-7,-17],[-19,-177],[-30,-119],[-26,-36],[-70,-41],[-14,-17],[-4,-44],[-17,-32],[-51,-34],[-50,-14],[-67,-82],[-66,-62],[-67,-18],[-86,-11],[-27,-24],[-21,-47],[-90,-39],[-8,-61],[31,-57],[0,-18],[-43,-53],[-49,-174],[-17,-33],[1,-76],[-40,-64],[-94,-39],[-55,-29],[-43,-41],[-9,-43],[2,-75],[16,-151],[-15,-106],[-10,-26],[-48,-185],[-38,-88],[-89,-82],[-58,-23],[-95,18],[-67,4],[-44,-5],[-52,-27],[-54,-59],[-62,-1],[-52,-14],[-46,2],[-127,-8],[-26,-11],[-102,-96],[-128,-42],[-36,-59],[-49,-43],[-33,-44],[5,-114],[-5,-27],[-35,-43],[-14,-45],[5,-118],[-14,-47],[-27,-39],[-45,-26],[-132,-139],[-76,-105],[-63,-71],[-2,-47],[34,-108],[9,-44],[-12,-81],[-48,-43],[-77,-21],[-82,-5],[-51,-52],[-51,-12],[-159,-7],[-31,-13],[-101,-80],[-75,-8],[-88,-130],[-28,-154],[-12,-30],[-34,-35],[-73,-39],[-169,-23],[-79,3],[-121,24],[-159,1],[-83,-28],[-115,-21],[-49,0],[-54,-17],[-78,2],[-100,-54],[-29,-25],[-45,-15],[-65,18],[-32,-14],[-40,-53],[-72,-79],[-70,-122],[-59,-57],[-45,-28],[-80,-35],[-233,-60],[-32,17],[-34,43],[-134,13],[-161,-28],[-91,11],[-98,-11],[-29,-10],[-54,-42],[-38,-55],[-89,-40],[-39,-66],[-13,-52],[-71,-71],[8,-65],[-20,-37],[-92,-15],[-110,-64],[-32,111],[-47,60],[-42,28],[2,44],[28,67],[24,81],[6,49],[-27,41],[-49,31],[-96,32],[-56,-3],[-88,-38],[-113,-38],[-100,-13],[-139,16],[-45,22],[-75,22],[-59,-9],[-62,-19],[-96,-11],[-33,15],[-95,71],[-71,29],[-46,-19],[-42,-55],[-27,-89],[-19,-37],[-93,-68],[-157,-35],[-193,-218],[-64,-123],[-35,-35],[-95,-64],[-106,-117],[-61,-55]],[[32357,27648],[60,18],[131,88],[41,-8],[63,-27],[50,32],[178,21],[96,1],[85,9],[139,-68],[107,-38],[88,-17],[79,-30],[61,-55],[26,-69],[43,-13],[112,-73],[105,3],[66,-20],[67,-37],[169,-115],[43,-54],[2,-233],[13,-64],[60,-33],[36,-33],[105,-66],[64,-60],[27,-53],[0,-51],[35,-63],[69,-89],[54,-34],[34,-34],[25,-60],[84,-59],[29,-59],[29,-40],[17,-59],[13,-6],[117,15],[125,-10],[77,-36],[181,-13],[91,5],[83,-9],[127,12],[100,-40],[131,-92],[65,-77],[13,-41],[40,-41],[15,-30],[1,-75],[55,-77],[11,-66],[16,-18],[53,-15],[30,-23],[177,-44],[67,-29],[96,-7],[24,-21],[77,-129],[55,-55],[120,-77],[31,-57],[-10,-153],[36,-173],[46,-120],[32,-42],[8,-40],[31,-30],[25,-49],[-1,-170],[-11,-25],[-66,-87],[-21,-50],[-48,-73],[-24,-24],[-21,-62],[-8,-141],[7,-147],[-23,-67],[56,-47],[25,-38],[55,-50],[86,-147],[57,-81],[-37,-64],[-36,-81],[8,-62],[-17,-43],[0,-74],[-19,-67],[0,-39],[30,-53],[2,-29],[-27,-125],[7,-73],[33,-50],[-8,-120],[-30,-60],[-14,-86],[68,-32],[34,-42],[40,-76],[43,-101],[8,-69],[-59,-34],[-115,-102],[-32,-78],[-4,-54],[22,-137],[68,-103],[79,-57],[48,-43],[41,-105],[-11,-65],[7,-20],[117,-22],[54,-37],[39,-8],[95,-1],[26,-13],[37,-46],[39,-10],[42,8],[61,-18],[66,-8],[86,-78],[122,10],[62,97],[24,26],[27,59],[40,40],[90,35],[49,34],[69,76],[93,32],[71,43],[78,60],[25,61],[41,42],[47,-12],[62,13],[75,2],[74,44],[42,15],[80,46],[50,9],[93,66],[119,54],[85,49],[102,29],[18,10],[64,97],[52,53],[18,41],[-3,37],[18,59],[56,105],[26,78],[61,4],[50,15],[63,47],[124,38],[73,50],[146,-40],[58,-46],[128,-123],[81,-55],[27,-28],[6,-48],[53,-60],[-3,-66],[12,-29],[39,-37],[5,-48],[-35,-74],[-65,-50],[-29,-51],[-27,-78],[13,-40],[45,-56],[117,-72],[38,-15],[54,-44],[113,-115],[41,-76],[36,-40],[64,-47],[46,-11],[165,-67],[38,-9],[60,-32],[61,-54],[18,-38],[47,-55],[26,-15],[40,-52],[56,-54],[85,-65],[53,-57],[43,-12],[34,8],[58,-11],[40,-33],[44,-18],[40,-39],[139,-103],[68,-36],[53,-43],[65,-9],[62,27],[41,-3],[132,14],[43,19],[53,90],[98,69],[56,99],[-35,69],[-2,25],[18,41],[47,-48],[52,-19],[44,9],[28,-25],[13,-62],[43,-32],[31,-3],[55,25],[73,-62],[54,4],[15,-9],[-65,-51],[-45,-7],[-16,-28],[27,-46],[1,-56],[17,-44],[-16,-56],[38,-50],[-3,-20],[-34,-24],[5,-25],[53,-64],[28,-18],[35,-3],[45,20],[97,-46],[70,-73],[40,-22],[53,-85],[66,-44],[35,-99],[28,-26],[20,-47],[22,-88],[49,-61],[33,-62],[2,-22],[-29,-102],[-12,-85],[105,-33],[57,-10],[76,7],[24,-11],[-21,-46],[-3,-65],[38,-36],[21,-69],[-6,-38],[9,-167],[34,-31],[118,-51],[56,-49],[73,-23],[48,-36],[72,-103],[35,-83],[4,-58],[-56,-53]],[[48659,26378],[-9,-79],[31,-129],[28,-56],[-1,-54],[34,-47],[1,-53],[17,-60],[-35,-39],[-41,-23],[-63,-19],[-11,-76],[-15,-38],[18,-110],[28,-70],[68,-85],[99,-84],[18,-29],[79,-41],[38,-27],[5,-25],[-85,-102],[-147,-156],[-29,-23],[-17,-33],[-46,-22],[-57,-89],[-9,-39],[7,-43],[33,-51],[2,-24],[-46,-39],[-21,-46],[-67,-40],[8,-23],[86,-41],[26,-51],[-33,-75],[47,-22],[34,-50],[48,-23],[82,-14],[32,-30],[37,-72],[30,-92],[31,-29],[60,7],[45,-63],[53,-39],[21,-28],[42,-91],[29,-38],[70,-35],[76,-55],[79,-127],[35,-21],[107,-51],[35,-51],[113,-77],[77,-28],[18,-24],[39,-135],[15,-21],[59,-24],[10,-17],[-85,-30],[-144,-28],[-88,64],[-27,6],[-58,-20],[-49,-4],[-32,17],[-73,-12],[-155,85],[-104,27],[-74,39],[-58,-28],[-60,1],[-128,41],[-106,-4],[-74,11],[-66,26],[-44,30],[-45,55],[-80,77],[-64,44],[-54,23],[-80,-2],[-52,39],[-46,-32],[-97,-8],[-106,-139],[-41,-41],[-21,-73],[-42,-54],[-30,-52],[3,-32],[55,-90],[89,-115],[136,-158],[20,-47],[12,-180],[-2,-59],[-13,-24],[-98,-32],[-72,-89],[3,-75],[-33,-60],[-24,-150],[1,-15],[49,-120],[-7,-113],[-43,-78],[17,-58],[-41,-186],[-46,-64],[10,-28],[63,-52],[14,-31],[9,-90],[53,-42],[-10,-29],[-37,-21],[19,-83],[45,-50],[38,-71],[35,-93],[63,-130],[21,-97],[-4,-70],[-55,-143],[-12,-73],[-39,-59],[-78,-169],[-28,-22],[-17,-91],[-69,-134],[-79,-143],[-54,-80],[13,-41],[73,-40],[94,-27],[79,-80],[58,-45],[72,-82],[106,-72],[27,-40],[32,-112],[10,-95],[72,-185],[41,-57],[110,-72],[15,-66],[-11,-84],[-21,-59],[3,-25],[44,-65],[31,-74],[35,-41],[34,-65],[4,-42],[-31,-59],[3,-128],[38,-193],[35,-103],[54,-90],[39,-78],[9,-114],[-29,-113],[-61,25],[-48,1],[-75,-16],[-45,0],[-36,-21],[-9,-16],[7,-61],[-22,-47],[-74,-73],[-108,18],[-96,-6],[-38,-27],[9,-43],[-38,-25],[-5,-43],[-17,-21],[-69,42],[-54,9],[-98,39],[-72,47],[-29,58],[-77,94],[-33,23],[-87,27],[-30,40],[-40,13],[-53,-7],[2,67],[-11,40],[-25,10],[-96,-11],[-32,42],[15,41],[-13,16],[-71,45],[-73,22],[-110,-45],[-56,-4],[-55,-65],[-21,-13],[-52,0],[-48,49],[-67,48],[0,52],[60,48],[-66,4],[-52,13],[-18,-88],[-32,-33],[-74,-4],[-33,22],[-5,88],[15,112],[-18,15],[-74,-15],[-54,17],[-30,27],[-6,94],[-28,15],[-51,-11],[-74,39],[-103,14],[-12,18],[-1,77],[-16,33],[-29,18],[-82,-10],[-60,17],[-84,-27],[-87,-1],[-65,-36],[-43,11],[-56,50],[-42,8],[-29,-8],[-30,-30],[-103,-4],[-42,-32],[-46,-68],[-50,-31],[-66,-3],[-51,28],[-34,69],[-98,8],[-75,50],[-91,46],[-43,11],[-135,2],[-56,88]],[[36466,38130],[3,-14],[126,-111],[60,-114],[22,-21],[47,-20],[94,-7],[93,12],[30,-11],[90,-56],[95,18],[84,3],[80,-25],[73,14],[112,33],[51,25],[175,52],[96,57],[105,28],[177,14],[39,27],[31,40],[61,47],[42,18],[172,12],[142,-3],[160,-36],[102,46],[92,28],[63,6],[86,-5],[156,5],[127,28],[111,95],[34,19],[101,40],[81,48],[99,84],[33,104],[78,62],[74,33],[33,0],[136,-20],[64,-19],[47,3],[96,-18],[59,26],[57,-6],[75,3],[116,36],[89,35],[107,12],[95,-9],[117,36],[58,-1],[29,15],[26,45],[55,57],[59,89],[38,17],[56,44],[25,-4],[102,-74],[75,-37],[83,-65],[121,-13],[27,-15],[23,-76],[16,-26],[27,-91],[-18,-49],[23,-71],[-2,-56],[47,-71],[3,-72],[12,-99],[26,-74],[35,-43],[-19,-36],[-69,-43],[-55,-46],[6,-69],[-13,-49],[-45,-44],[-8,-44],[43,-82],[14,-85],[90,-50],[8,-16],[-4,-76],[12,-71],[19,-30],[3,-35],[34,-55],[42,-31],[12,-54],[-24,-54],[1,-37],[56,-107],[-5,-112],[16,-29],[102,-87],[28,-47],[16,-52],[52,-12],[24,-26],[23,-54],[31,-128],[43,-43],[52,-37],[15,-56],[26,-31],[58,-38],[52,-60],[29,-94],[26,-7],[113,3],[110,-31],[49,-35],[58,2],[41,42],[146,65],[130,17],[58,30],[38,-20],[67,-100],[91,-64],[45,-18],[119,-33],[62,8],[99,-1],[78,24],[53,-13],[44,-26],[61,16],[91,-6],[148,55],[82,-2],[82,-14],[81,-6],[55,-42],[28,-38],[16,-107],[41,-66],[12,-50],[48,-41],[59,-69],[23,-52],[70,-86],[91,-154],[58,-62],[44,-17],[111,17],[67,28],[27,-5],[98,-55],[43,-17],[108,-2],[87,40],[88,48],[20,58],[84,19],[32,21],[103,10],[81,-66],[84,-40],[74,-67],[37,-11],[79,8],[72,-2],[65,-29],[48,-35],[72,-24],[43,81],[35,13],[105,-27],[97,19],[37,0],[74,-26],[91,-13],[55,18],[25,-67],[87,-64],[98,-130],[18,-35],[63,-7],[149,-25],[67,-23]],[[47706,34806],[20,-42],[-6,-90],[6,-35],[40,-55],[-4,-36],[-122,-290],[1,-26],[123,-25],[33,-16],[23,-30],[38,-96],[85,-75],[125,-49],[66,-47],[62,-25],[98,-30],[64,11],[66,2],[86,16],[33,-33],[176,-55],[85,-51],[57,-18],[173,4],[13,-51],[-23,-82],[16,-57],[-5,-31],[-33,-63],[4,-68],[35,-57],[-11,-42],[-89,-110],[-13,-99],[-37,-140],[-7,-142],[0,-93],[-64,19],[-68,8],[-22,-6],[-33,-98],[-42,-80],[98,-206],[48,-47],[87,-44],[51,-39],[80,-94],[100,-81],[17,-19],[66,-41],[106,-55],[3,-34],[-15,-79],[-48,-63],[-30,-65],[-1,-50],[41,-33],[105,-48],[60,-15],[34,-78],[-11,-67],[8,-33],[64,-76],[18,-55],[4,-87],[-10,-46],[-88,-56],[-50,-56],[-26,-55],[-54,-44],[-45,-71],[-22,-81],[-15,-94],[-26,-41],[-92,-36],[-70,-38],[-62,-10],[-46,10],[-48,-24],[-126,-129],[-5,-47],[21,-70],[-13,-59],[33,-97],[30,-56],[-1,-17],[-50,-47],[39,-69],[16,-44],[4,-44],[-17,-64],[0,-46],[21,-44],[8,-57],[-40,-134],[-18,-16],[-45,-6],[-51,-21],[-144,-94],[-57,-28],[-53,-97],[1,-26],[52,-100],[57,-65],[17,-32],[6,-55],[-21,-80],[-32,-73],[22,-16],[98,9],[19,-15],[-7,-63],[23,-62],[12,-65],[18,-40],[10,-56],[24,-37],[63,-71],[35,-160],[20,-62],[50,-89],[72,-56],[-9,-103],[-20,-61],[34,-67],[12,-58],[-102,-111],[-24,-122],[-26,-27],[-40,-3],[-82,-64],[-13,-52],[-142,-59],[-102,-13],[-49,-14],[-41,-27],[-42,-43],[-69,-108],[-19,-15],[11,-93],[-26,-35],[-7,-46],[18,-22],[54,-28],[5,-21],[-21,-84],[19,-53],[120,-16],[-4,-48],[12,-17],[89,-48],[22,-18],[79,-8],[45,-110]],[[47478,52052],[94,-52],[165,-50],[60,-39],[42,-46],[46,-96],[6,-172],[30,-86],[40,-64],[67,-89],[21,-71],[7,-59],[-16,-62],[7,-31],[62,-73],[33,-50],[10,-39],[-28,-55],[-41,-54],[-50,-100],[-45,-57],[6,-57],[32,-91],[23,-91],[27,-40],[37,-130],[20,-42],[102,-128],[59,-83],[39,-16],[61,-7],[44,-51],[11,-27],[-2,-130],[-9,-24],[-55,-67],[-7,-42],[7,-45],[-11,-83],[41,-119],[61,-121],[72,-64],[51,-24],[21,-46],[51,-36],[35,-8],[68,-67],[24,-68],[68,-54],[151,-168],[9,-99],[20,-63],[22,-21],[144,-65],[221,-39],[38,-33],[44,-73],[80,-78],[96,-27],[109,21],[73,-9],[62,9],[31,15],[40,40],[24,0],[99,-63],[27,-58],[30,-20],[52,-139],[10,-72],[100,-185],[100,-90],[47,-65],[52,-90],[113,-69],[27,-36],[45,-102],[82,-108],[-13,-27],[-68,-63],[-63,-38],[-127,-58],[-95,-108],[-69,-108],[-42,-46],[-79,-68],[-63,-78],[-75,-25],[-43,4],[-78,22],[-46,2],[-73,-15],[-55,-25],[-147,-43],[-54,-59],[-64,-28],[-104,-153],[-53,-95],[-84,-25],[-16,-29],[0,-73],[-27,-18],[-133,27],[-94,-55],[-70,-19],[-87,28],[-46,-7],[-170,74],[-190,6],[-72,-20],[-55,3],[-56,18],[-26,-16],[-110,-100],[-112,-86],[-147,-67],[-64,-121],[-11,-33],[19,-61],[41,-82],[-9,-91],[24,-132],[30,-64],[5,-54],[-7,-158],[-15,-87],[0,-64],[70,-48],[21,-37],[54,-174],[22,-25],[-13,-132],[10,-97],[20,-16],[79,-7],[101,-42],[33,-30],[51,-141],[28,-43],[54,-40],[104,-36],[44,-33],[78,-120],[65,-93],[166,-73],[41,-60],[156,-39],[49,-47],[99,5],[52,-20],[29,-73],[94,-131],[6,-107],[26,-62],[51,-65],[26,-79],[7,-94],[45,-77],[121,-10],[-11,-71],[40,-62],[4,-55],[14,-47],[0,-63],[82,-61],[49,-17],[38,-31],[23,0],[67,23],[27,-10],[6,-41],[26,-43],[-17,-70],[18,-47],[77,-114],[-4,-30],[-38,-34],[-130,-61],[-41,-26],[-52,-75],[-13,-62],[-8,-117],[43,-65],[-1,-33],[-25,-83],[-55,-89],[211,-40],[152,-84],[47,-85],[32,-20],[91,-12],[85,1],[26,-17],[74,-80],[121,-70],[21,-184],[28,-90],[15,-17],[126,-46],[158,-155],[-43,-17],[-87,-118],[-57,-93],[-24,-62],[9,-47],[58,-48],[12,-26],[-2,-56],[30,-79],[-10,-108],[7,-143],[-26,-136],[-52,4],[-115,-21],[-113,-66],[-97,-62],[-74,-4],[-32,-11],[-43,-60],[-93,-77],[-45,-22],[-30,-96],[-43,-44],[-11,-60],[-44,-98],[-66,-20],[-41,-33],[-19,-54],[-50,-53],[-23,-47],[-66,-43],[-51,-55],[3,-86],[-42,-93],[-46,-78],[14,-111],[-48,-43],[-24,-36],[-106,-21],[-80,-59],[-103,35],[-110,2],[-42,15],[-38,-36],[-36,-64],[-8,-36],[37,-29],[38,-56],[-53,-56],[-7,-86],[4,-49],[-22,-54],[-2,-65],[95,-27],[57,11],[51,38],[25,5],[72,-15],[48,-46],[37,-24],[46,-5],[53,-21],[34,-3],[76,16],[65,-44],[-37,-162],[1,-35],[26,-39],[17,-81],[-2,-61],[-46,-36],[4,-77],[24,-39],[12,-93],[42,-73],[82,-90],[-30,-54],[-9,-63],[-20,-23],[-57,-15],[-32,-43],[1,-79],[-17,-48],[-42,-67],[-75,-90],[-14,-48],[-60,27],[-28,1],[-68,-21],[-44,-1],[-71,13],[-65,38],[-95,33],[-48,0],[-88,-39],[-62,-35],[-44,-92],[-23,-33],[-2,-155],[17,-45],[-54,-71],[-59,-19],[-54,-36],[-70,1],[-58,-26],[-44,-38],[-49,-22],[-81,-53],[-37,-63],[-12,-74],[-96,-14],[-44,-35],[-165,-46],[-23,-12],[-25,-51],[-38,-167],[9,-88],[-36,-126],[-31,-12],[-52,-71],[-134,-113],[-49,-72]],[[34204,53331],[47,29],[120,48],[102,53],[96,3],[143,13],[68,1],[68,-11],[62,-37],[74,-10],[56,-20],[37,28],[42,14],[87,-41],[60,-19],[92,50],[39,6],[58,-6],[92,-80],[19,-49],[18,-16],[49,12],[165,-29],[115,89],[91,39],[67,3],[15,17],[19,89],[-9,73],[11,50],[22,19],[84,9],[71,-25],[53,-36],[28,0],[40,33],[91,-25],[108,-8],[25,-11],[64,41],[61,15],[34,24],[48,56],[22,98],[47,73],[126,93],[30,-7],[45,-32],[101,-36],[-14,-63],[14,-49],[34,-45],[31,-73],[71,-31],[39,-3],[68,-35],[29,-34],[12,-49],[8,-139],[-4,-68],[9,-37],[-15,-83],[38,-58],[33,-121],[22,-30],[8,-91],[47,-135],[47,-71],[44,-45],[59,-83],[18,-82],[60,-74],[32,-79],[62,-100],[69,-88],[9,-68],[50,-77],[22,-74],[-12,-91],[14,-123],[28,-57],[-18,-55],[-36,-53],[-12,-56],[16,-79],[-7,-106],[-25,-78],[12,-13],[162,-12],[111,-14],[44,10],[72,-58],[146,-71],[53,-34],[53,-21],[37,-43],[79,-32],[42,-36],[17,4],[98,58],[57,5],[41,-12],[92,-53],[164,-117],[85,-25],[75,-30],[101,75],[36,61],[27,100],[11,87],[12,11],[120,19],[49,20],[109,76],[56,16],[83,-20],[95,16],[85,-16],[157,-72],[47,-29],[15,5],[38,72],[47,48],[101,63],[41,55],[104,64],[48,12],[92,-28],[69,-5],[83,44],[49,-9],[123,-140],[15,-50],[78,-74],[50,21],[196,33],[64,-13],[26,-20],[117,-124],[14,-20],[52,-14],[78,-49],[41,-46],[24,-68],[34,-63],[-8,-77],[6,-52],[42,-73],[50,-40],[92,-126],[23,-71],[15,-9],[104,20],[141,19],[83,38],[52,9],[61,-7],[56,-21],[27,-39],[66,-29],[102,-29],[181,-76],[127,-27],[90,2],[133,-18],[51,-36],[64,-17],[109,4],[101,26],[205,106],[34,22],[136,22],[178,53],[203,33],[102,-16],[61,-29],[107,-17],[45,9],[144,45],[56,7],[34,19],[57,105],[11,44],[48,47],[-8,34],[20,122],[1,53],[14,64],[47,106],[51,74],[12,69],[44,47],[59,78],[47,52],[-9,60],[-21,38],[-60,57],[-56,65],[-68,96],[-47,118],[-24,41],[14,82],[78,15],[45,101],[78,69],[9,48],[31,87],[48,49],[116,5],[102,11],[31,-6],[109,-64],[55,-24],[60,-9],[120,2],[70,-5],[99,-18],[43,-1],[94,11],[55,-7],[92,49],[72,22],[120,6],[118,-26],[80,-9],[73,-21],[127,32],[67,-17],[54,-53],[22,-48],[30,-20],[91,24]],[[47917,59564],[-52,-60],[-58,-39],[-116,-208],[-39,-84],[-118,-136],[-85,-54],[-104,-45],[-48,-46],[8,-34],[51,-52],[27,-46],[11,-49],[9,-106],[-12,-81],[6,-67],[28,-73],[79,-98],[4,-45],[-29,-50],[0,-66],[-51,-110],[20,-75],[-17,-52],[-4,-89],[21,-99],[0,-55],[-16,-64],[-82,-73],[-36,-104],[-50,-32],[-40,-76],[-67,-11],[-17,-18],[3,-88],[-23,-36],[-47,-33],[-33,-42],[-56,-33],[-61,-101],[-74,-28],[-214,14],[-50,-19],[-35,-39],[-55,-77],[-99,-32],[-39,-50],[-11,-61],[-37,-48],[-23,-11],[-37,-54],[-36,-93],[3,-49],[-29,-59],[-12,-47],[26,-59],[-8,-37],[-44,-48],[-23,-77],[-39,-77],[-32,-86],[8,-58],[43,-50],[10,-35],[-59,-53],[-51,-65],[-31,-57],[-73,-69],[-161,-82],[-23,-25],[-70,-39],[-36,-35],[-3,-41],[61,-151],[-7,-89],[-38,-176],[1,-51],[25,-45],[44,-40],[70,-42],[56,-15],[23,-17],[13,-62],[35,-22],[76,-1],[50,-8],[54,2],[116,-60],[73,-11],[34,3],[63,22],[31,-7],[67,-89],[190,-169],[76,-33],[43,-119],[17,-30],[100,-120],[190,-141],[17,-25],[19,-70],[21,-187],[-20,-88],[9,-30],[91,-72],[104,-42],[41,-32],[19,-52],[25,-184],[32,-68],[82,-142],[22,-60],[41,-68],[1,-24],[-45,-64],[-72,-73],[-15,-66],[6,-34],[-8,-154],[20,-141],[-6,-61],[22,-28]]],"transform":{"scale":[0.000011607890275488618,0.000009674794520547934],"translate":[135.53968167,33.85895639]},"objects":{"city":{"type":"GeometryCollection","geometries":[{"arcs":[[0,1,2,3,4,5,6,7]],"type":"Polygon","properties":{"N03_001":"奈良県","N03_004":"奈良市","PREF_CODE":"29","MERGED_CODE":"29201","N03_007":"29201"},"id":"29201"},{"arcs":[[8,9,10,11,12]],"type":"Polygon","properties":{"N03_001":"奈良県","N03_004":"大和高田市","PREF_CODE":"29","MERGED_CODE":"29202","N03_007":"29202"},"id":"29202"},{"arcs":[[-6,13,14,15,16,17]],"type":"Polygon","properties":{"N03_001":"奈良県","N03_004":"大和郡山市","PREF_CODE":"29","MERGED_CODE":"29203","N03_007":"29203"},"id":"29203"},{"arcs":[[-5,18,19,20,21,-14]],"type":"Polygon","properties":{"N03_001":"奈良県","N03_004":"天理市","PREF_CODE":"29","MERGED_CODE":"29204","N03_007":"29204"},"id":"29204"},{"arcs":[[-12,22,23,24,25,26,27]],"type":"Polygon","properties":{"N03_001":"奈良県","N03_004":"橿原市","PREF_CODE":"29","MERGED_CODE":"29205","N03_007":"29205"},"id":"29205"},{"arcs":[[-4,28,29,30,-25,31,-19]],"type":"Polygon","properties":{"N03_001":"奈良県","N03_004":"桜井市","PREF_CODE":"29","MERGED_CODE":"29206","N03_007":"29206"},"id":"29206"},{"arcs":[[32,33,34,35,36,37,38,39,40,41]],"type":"Polygon","properties":{"N03_001":"奈良県","N03_004":"五條市","PREF_CODE":"29","MERGED_CODE":"29207","N03_007":"29207"},"id":"29207"},{"arcs":[[42,43,-13,-28,44,45,-34]],"type":"Polygon","properties":{"N03_001":"奈良県","N03_004":"御所市","PREF_CODE":"29","MERGED_CODE":"29208","N03_007":"29208"},"id":"29208"},{"arcs":[[46,-7,-18,47,48,49]],"type":"Polygon","properties":{"N03_001":"奈良県","N03_004":"生駒市","PREF_CODE":"29","MERGED_CODE":"29209","N03_007":"29209"},"id":"29209"},{"arcs":[[50,51,52,53,-10,54,55]],"type":"Polygon","properties":{"N03_001":"奈良県","N03_004":"香芝市","PREF_CODE":"29","MERGED_CODE":"29210","N03_007":"29210"},"id":"29210"},{"arcs":[[56,-55,-9,-44,57]],"type":"Polygon","properties":{"N03_001":"奈良県","N03_004":"葛城市","PREF_CODE":"29","MERGED_CODE":"29211","N03_007":"29211"},"id":"29211"},{"arcs":[[58,59,60,61,-29,-3,62]],"type":"Polygon","properties":{"N03_001":"奈良県","N03_004":"宇陀市","PREF_CODE":"29","MERGED_CODE":"29212","N03_007":"29212"},"id":"29212"},{"arcs":[[63,-63,-2,64]],"type":"Polygon","properties":{"N03_001":"奈良県","N03_004":"山添村","PREF_CODE":"29","MERGED_CODE":"29322","N03_007":"29322"},"id":"29322"},{"arcs":[[65,-49,66,67]],"type":"Polygon","properties":{"N03_001":"奈良県","N03_004":"平群町","PREF_CODE":"29","MERGED_CODE":"29342","N03_007":"29342"},"id":"29342"},{"arcs":[[68,-68,69,70,71]],"type":"Polygon","properties":{"N03_001":"奈良県","N03_004":"三郷町","PREF_CODE":"29","MERGED_CODE":"29343","N03_007":"29343"},"id":"29343"},{"arcs":[[-17,72,73,74,-70,-67,-48]],"type":"Polygon","properties":{"N03_001":"奈良県","N03_004":"斑鳩町","PREF_CODE":"29","MERGED_CODE":"29344","N03_007":"29344"},"id":"29344"},{"arcs":[[-16,75,76,-73]],"type":"Polygon","properties":{"N03_001":"奈良県","N03_004":"安堵町","PREF_CODE":"29","MERGED_CODE":"29345","N03_007":"29345"},"id":"29345"},{"arcs":[[-15,-22,77,78,-76]],"type":"Polygon","properties":{"N03_001":"奈良県","N03_004":"川西町","PREF_CODE":"29","MERGED_CODE":"29361","N03_007":"29361"},"id":"29361"},{"arcs":[[-21,79,80,81,-78]],"type":"Polygon","properties":{"N03_001":"奈良県","N03_004":"三宅町","PREF_CODE":"29","MERGED_CODE":"29362","N03_007":"29362"},"id":"29362"},{"arcs":[[-20,-32,-24,82,-80]],"type":"Polygon","properties":{"N03_001":"奈良県","N03_004":"田原本町","PREF_CODE":"29","MERGED_CODE":"29363","N03_007":"29363"},"id":"29363"},{"arcs":[[83,84,85,-60,86]],"type":"Polygon","properties":{"N03_001":"奈良県","N03_004":"曽爾村","PREF_CODE":"29","MERGED_CODE":"29385","N03_007":"29385"},"id":"29385"},{"arcs":[[87,88,-85]],"type":"Polygon","properties":{"N03_001":"奈良県","N03_004":"御杖村","PREF_CODE":"29","MERGED_CODE":"29386","N03_007":"29386"},"id":"29386"},{"arcs":[[-27,89,90,-45]],"type":"Polygon","properties":{"N03_001":"奈良県","N03_004":"高取町","PREF_CODE":"29","MERGED_CODE":"29401","N03_007":"29401"},"id":"29401"},{"arcs":[[-26,-31,91,-90]],"type":"Polygon","properties":{"N03_001":"奈良県","N03_004":"明日香村","PREF_CODE":"29","MERGED_CODE":"29402","N03_007":"29402"},"id":"29402"},{"arcs":[[-53,92,93,94]],"type":"Polygon","properties":{"N03_001":"奈良県","N03_004":"上牧町","PREF_CODE":"29","MERGED_CODE":"29424","N03_007":"29424"},"id":"29424"},{"arcs":[[95,-71,-75,96,-93,-52]],"type":"Polygon","properties":{"N03_001":"奈良県","N03_004":"王寺町","PREF_CODE":"29","MERGED_CODE":"29425","N03_007":"29425"},"id":"29425"},{"arcs":[[-11,-54,-95,97,-81,-83,-23],[98]],"type":"Polygon","properties":{"N03_001":"奈良県","N03_004":"広陵町","PREF_CODE":"29","MERGED_CODE":"29426","N03_007":"29426"},"id":"29426"},{"arcs":[[[-74,-77,-79,-82,-98,-94,-97]],[[-99]]],"type":"MultiPolygon","properties":{"N03_001":"奈良県","N03_004":"河合町","PREF_CODE":"29","MERGED_CODE":"29427","N03_007":"29427"},"id":"29427"},{"arcs":[[-30,-62,99,100,101,102,103,-92]],"type":"Polygon","properties":{"N03_001":"奈良県","N03_004":"吉野町","PREF_CODE":"29","MERGED_CODE":"29441","N03_007":"29441"},"id":"29441"},{"arcs":[[-35,-46,-91,-104,104]],"type":"Polygon","properties":{"N03_001":"奈良県","N03_004":"大淀町","PREF_CODE":"29","MERGED_CODE":"29442","N03_007":"29442"},"id":"29442"},{"arcs":[[-36,-105,-103,105]],"type":"Polygon","properties":{"N03_001":"奈良県","N03_004":"下市町","PREF_CODE":"29","MERGED_CODE":"29443","N03_007":"29443"},"id":"29443"},{"arcs":[[-37,-106,-102,106,107]],"type":"Polygon","properties":{"N03_001":"奈良県","N03_004":"黒滝村","PREF_CODE":"29","MERGED_CODE":"29444","N03_007":"29444"},"id":"29444"},{"arcs":[[-38,-108,108,109]],"type":"Polygon","properties":{"N03_001":"奈良県","N03_004":"天川村","PREF_CODE":"29","MERGED_CODE":"29446","N03_007":"29446"},"id":"29446"},{"arcs":[[-41,110,111]],"type":"Polygon","properties":{"N03_001":"奈良県","N03_004":"野迫川村","PREF_CODE":"29","MERGED_CODE":"29447","N03_007":"29447"},"id":"29447"},{"arcs":[[112,-111,-40,113,114,115]],"type":"Polygon","properties":{"N03_001":"奈良県","N03_004":"十津川村","PREF_CODE":"29","MERGED_CODE":"29449","N03_007":"29449"},"id":"29449"},{"arcs":[[116,-115,117]],"type":"Polygon","properties":{"N03_001":"奈良県","N03_004":"下北山村","PREF_CODE":"29","MERGED_CODE":"29450","N03_007":"29450"},"id":"29450"},{"arcs":[[118,-118,-114,-39,-110,119,120]],"type":"Polygon","properties":{"N03_001":"奈良県","N03_004":"上北山村","PREF_CODE":"29","MERGED_CODE":"29451","N03_007":"29451"},"id":"29451"},{"arcs":[[121,-120,-109,-107,-101,122]],"type":"Polygon","properties":{"N03_001":"奈良県","N03_004":"川上村","PREF_CODE":"29","MERGED_CODE":"29452","N03_007":"29452"},"id":"29452"},{"arcs":[[123,-123,-100,-61,-86,-89]],"type":"Polygon","properties":{"N03_001":"奈良県","N03_004":"東吉野村","PREF_CODE":"29","MERGED_CODE":"29453","N03_007":"29453"},"id":"29453"}]}}}