{"type":"Topology","arcs":[[[107130,44247],[-14,-49],[-5,-78],[9,-61],[15,-33],[52,-222],[-85,4],[-32,-21],[-2,-29],[24,-65],[18,-76],[8,-77],[23,-64],[46,-49],[46,-17],[55,-3],[119,-142],[32,-47],[-11,-123],[16,-61],[-25,-90],[-3,-46],[-33,-66],[-2,-86],[22,-33],[19,-63],[16,-89],[32,-106],[-2,-45],[29,-229],[-4,-70],[18,-185],[36,-71],[19,-69],[4,-75],[-16,-38],[-11,-78],[15,-225],[14,-62],[25,-63]],[[107597,41245],[39,-128],[11,-78],[5,-109]],[[107652,40930],[-84,-123],[-80,-66],[-22,-10],[-50,11],[-90,-18],[-97,-36],[-51,-53],[-79,-66],[-84,-17],[-65,-6],[-106,42],[-56,8],[-29,-8],[-30,-33],[-68,-97],[-63,-58],[-64,4],[-58,54],[-64,-8],[-124,19],[-93,61],[-91,-5],[-84,-65],[-56,-14],[-60,-34],[-67,-6],[-72,-47],[-91,-11],[-94,-58],[-63,16],[-56,42],[-88,17],[-51,78],[-79,71],[-53,19],[-93,-3],[-73,24],[-15,37],[4,130],[-17,14],[-83,12],[-129,57],[-59,43],[-46,46],[-27,-1],[-64,-29],[-61,25],[-93,12],[-30,30],[-91,60],[-50,16],[-55,-56],[-27,-12],[-56,37],[-48,3],[-64,-39],[-50,-55],[-80,-51],[-88,-79],[-156,-32],[-100,-37],[-76,-3],[-77,23],[-44,-4],[-88,-40],[-59,2],[-24,-8],[-38,-68],[-84,-79],[-49,-18],[-24,36],[-49,45],[-19,45],[-45,42],[-53,32],[-47,66],[13,57],[-31,26],[-15,42],[-27,36],[-62,38],[-20,-64],[-1,-59],[12,-67],[-17,-81],[-33,-56],[-9,-34],[-45,-75],[0,-73],[-49,-114],[22,-53],[-4,-81],[-59,-57],[-22,-96],[-36,-16],[-75,7],[-39,-12],[-76,-46],[-108,-77],[-17,0],[-48,62],[-17,-1],[-27,-45],[-36,-92],[-49,-22],[-62,-9],[-41,-18],[-46,-65],[-16,-39],[-62,-8],[-35,-24],[-85,-28],[-52,-43],[-43,-14],[-57,21],[-48,45],[-26,7],[-61,-28],[9,-122],[-8,-21],[-36,-12],[-54,37],[-38,-7],[-77,-46],[-104,6],[-110,-23],[-38,-3],[-57,14],[-56,34],[-32,-25],[-44,8],[-44,-36],[-47,-3],[-63,17],[-42,3],[-40,-27],[-45,26],[-46,-3],[-139,-51],[-61,-86],[-17,14],[-35,82],[-94,62],[-34,38],[-93,32],[-108,16],[-40,32],[-52,67],[-70,59],[-32,15],[-10,36],[10,46],[19,25],[1,39],[-21,22],[-53,15],[-54,29],[-109,-35],[-79,31],[-84,-9],[-36,-25],[-21,-75],[-38,-33],[-96,-21],[-152,-60],[-22,-2],[-47,23],[-43,7],[-43,-11],[-54,6],[-31,-34],[-27,1],[-38,33],[-95,57],[-26,60],[-65,40],[-95,1],[-31,-25],[-23,5],[-22,61],[-23,20],[-58,-8],[-32,11],[-32,32],[-69,19],[-66,50],[-27,43],[-58,62],[-167,77],[-38,10],[-45,34],[-35,53],[-76,41],[-47,75],[-63,22],[-40,23],[-85,157],[-10,94],[-12,26],[-97,116],[-101,-34],[-48,-24],[-48,66],[-34,23],[-45,-2],[-62,-18],[-142,97],[-56,11],[-174,-14],[-28,20],[-35,60],[-64,71],[-35,25],[-14,27],[-1,72],[-30,46],[-87,63],[-67,7],[-67,82],[-125,50],[-96,-19],[-36,-21],[-48,-50],[-88,12],[-57,-35],[-69,-26],[-43,-35],[-46,21],[-99,-1],[-13,-101],[-25,-56],[-41,-34],[-47,6],[-16,34],[-37,41],[-43,6],[-108,-16],[-32,69],[-26,13],[-62,-43],[-46,8],[-56,-12],[-62,-38],[-47,32],[-18,29],[3,48],[-62,33],[-18,34],[-48,33],[-4,68],[-26,124],[-38,16],[-8,74],[-18,64],[2,48],[-34,134],[-35,55],[-89,43],[-47,-5],[-34,-37],[-75,-9],[-68,-59],[-17,-55],[11,-108],[-16,-85],[25,-66],[-28,-58],[-31,-25],[-16,-56],[10,-38],[-11,-49],[-25,-33],[-21,-59],[-31,-12],[-69,-4],[-54,-15],[-37,-64],[-60,-8],[-91,-28],[-52,-34],[-53,-93],[-13,-51],[-27,-21],[-100,-19],[-50,3],[-60,-133],[-14,-49],[-39,-62],[-47,-109],[32,-37],[17,-74],[0,-46],[-14,-57],[-29,-63],[-25,-94],[-43,-51],[-3,-71],[-20,-85],[-91,-14],[-60,-24],[-34,11],[-55,44],[-59,22],[-18,-4],[-48,-49],[-3,-20],[36,-7],[3,-33],[-225,-84],[-45,1],[-37,-13],[-51,1],[-40,20],[-33,-4],[-121,-54],[-103,-54],[-64,-11],[-91,2],[-89,41],[-199,49],[-106,-79],[-49,-47],[-135,-37],[-49,-19],[-56,-46],[-19,-41],[-34,-30],[-57,-10],[16,-89],[-11,-41],[-46,-14],[-16,-72],[41,-71],[20,-85],[-32,-145],[-12,-83],[-12,-20],[-60,14],[-40,-5],[-83,-39],[-29,-71],[-22,-34],[-93,-41],[-33,-8],[-65,-37],[-82,-32],[-46,-43],[-68,-48],[-41,-83],[-17,-19],[10,-91],[-16,-60],[-93,-42],[-140,-95],[-101,-32],[-64,10],[-131,-11],[-81,-21],[-85,20],[-107,-26],[-51,-4],[-39,22],[-42,2],[-115,-71],[-103,7],[-48,-45],[-61,-32],[3,-40],[79,-43],[14,-23],[16,-65],[67,-167],[-5,-92],[6,-67],[46,-136],[0,-17],[-57,-171],[-6,-43],[-48,-127],[65,-76],[29,-24],[108,-68],[-25,-67],[66,-37],[-40,-80],[22,-47],[79,-36],[-29,-35],[-31,-122],[11,-17],[60,8],[59,-36],[45,-58],[66,-29],[95,-121],[66,-36],[19,-73],[29,-41],[89,-85],[117,-26],[53,-59],[124,-116],[22,-14],[86,19],[79,0],[49,-10],[62,-51],[17,-39],[30,-133],[22,-76],[17,-18],[142,-104],[36,-58],[8,-65],[-96,-138],[-55,-129],[-83,-88],[-32,-44],[-26,-106],[52,-70],[61,-160],[6,-43],[-52,-216],[-18,-101],[-73,-145],[-19,-107],[6,-74],[-52,-92],[-20,-9],[-21,-38],[5,-30],[36,-53],[6,-28],[-25,-157],[30,-46],[39,-17],[19,-22],[-32,-90],[48,-44],[9,-45],[1,-95],[25,-19],[28,-54],[51,-35],[66,-112],[32,-77],[-5,-33],[-34,-76],[-9,-120],[82,-51],[69,-70],[91,-107],[63,-55],[22,-56],[4,-45],[22,-20],[77,-10],[40,-21],[61,-46],[46,-58],[67,-186],[8,-139],[-11,-29],[-33,-37],[-60,-92],[-52,-41],[-50,-86],[8,-63],[-9,-40],[-62,-85],[-35,-36],[-12,-32],[14,-172],[-20,-113],[-2,-53],[29,-87],[17,-88],[-20,-51],[3,-27],[43,-7],[12,-31],[-5,-98],[19,-61],[49,-112],[53,-108],[83,-196],[21,-153],[-16,-58],[18,-27],[38,-29],[58,-68],[34,-76],[66,-45],[9,-38],[-16,-117],[22,-55],[61,-111],[13,-42],[-35,-81],[80,-56],[58,-14],[66,-32],[96,-69],[25,-10],[46,16],[95,84],[126,6],[38,19],[122,-18],[12,-54],[-22,-79],[16,-46],[49,-71],[21,-122],[-16,-135],[-20,-101],[16,-48],[-18,-62],[4,-23],[55,-86],[51,-143],[11,-84],[101,-148],[8,-87],[55,-24],[31,-40],[65,2],[21,-85],[21,-29],[99,-51],[78,1],[36,-22],[32,-42],[131,-4],[78,-18],[108,-7],[66,17],[140,-10],[20,-14],[18,-54],[3,-176],[79,-89],[5,-36]],[[93608,26917],[-51,-82],[-36,-72],[-32,-87],[-42,-40],[-69,-31],[-73,-64],[-96,-46],[-95,10],[-56,-29],[-51,-12],[-46,-38],[-56,-19],[-65,-33],[-52,-11],[-47,-41],[-74,-8],[-151,-54],[-43,-36],[-48,-16],[-70,-97],[-26,-140],[-14,-22],[-68,-60],[-12,-24],[7,-77],[-18,-46],[-15,-91],[-101,-122],[-28,-11],[-110,1],[-48,-11],[-40,-31],[-64,81],[-25,56],[-31,44],[-72,54],[-60,23],[-79,-1],[-36,25],[-62,5],[-59,-56],[-82,-58],[-83,-20],[-101,14],[-29,-3],[-56,-34],[-34,-4],[-48,39],[-56,132],[-47,-44],[-77,-53],[-18,-37],[-27,-91],[-99,41],[-92,20],[-75,51],[-97,18],[-80,-22],[-52,2],[-41,28],[-127,5],[-83,-16],[-30,6],[-29,28],[-89,-26],[-94,-16],[-57,19],[-53,65],[-17,150],[-13,45],[-43,50],[-42,65],[-62,15],[-40,26],[-36,-104],[-28,-36],[-56,-106],[-30,-43],[-58,-40],[-68,-63],[-144,-162],[-20,-51],[-14,-81],[-38,-80],[-85,-42],[-63,-17],[-62,-27],[-43,-33],[-70,-20],[-70,-45],[-42,-60],[-39,-109],[-19,-92],[-2,-44],[-18,-32],[-62,-37],[-86,-25],[-94,-8],[-21,-29],[-87,-37],[-90,-90],[-48,22],[-75,18],[-30,-6],[-48,-35],[-39,6],[-18,-17],[-34,-82],[3,-73],[-8,-82],[-35,-53],[8,-75],[-42,-91],[-6,-153],[12,-75],[-51,-101],[-84,22],[-26,-15],[-14,-49],[-23,-28],[-67,-39],[-121,-2],[-52,-18],[-70,13],[-113,2],[-66,29],[-27,35],[-32,-46],[-46,-16],[-127,-1],[-310,-129],[-58,-64],[-23,-3],[-46,20],[-180,-65],[-32,6],[-86,38],[-96,-18],[-76,-47],[-50,3],[-98,-32],[-48,12],[-48,-61],[-58,29],[-178,-71],[-28,-27],[-90,-48],[-12,-34],[-117,-49],[-123,-3],[-49,45],[-76,28],[-47,-1],[-44,-22],[-48,-40],[-61,-9],[-49,-40],[-49,-74],[-20,-77],[-64,15],[-38,-1],[-103,-42],[-87,3],[-77,38],[-70,61],[-32,101],[-39,50],[-34,76],[-31,22],[-36,7],[-93,59],[-19,77],[-70,42],[-25,37],[-38,17],[-38,-3],[-39,61],[-46,4],[-16,16],[-3,133],[34,44],[12,99],[18,69],[-31,47],[-16,4],[-72,-38],[-32,-45],[-55,66],[-40,19],[-82,-38],[-32,-33],[-55,-30],[-32,2],[-76,42],[-24,22],[-55,0],[-29,-16],[-102,38],[10,-62],[-33,-77],[-8,-57],[-23,-68]],[[82776,23708],[-96,61],[-29,31],[-29,51],[-71,43],[-25,28],[-24,49],[-19,89],[-59,30],[-70,54],[-38,-69],[-20,-118],[-26,-29],[-54,-11],[-40,-31],[-35,-41],[-39,-21],[-37,-1],[-60,21],[-53,9],[-87,-11],[-67,-16],[-92,7],[-85,26],[-69,48],[-58,15],[-84,-7],[-31,10],[-95,83],[-60,38],[-184,101],[-63,30],[-133,8],[-19,15],[-36,64],[-56,69],[-61,14],[-7,56],[14,44],[61,66],[7,21],[-16,93],[-28,89],[-68,24],[-92,53],[-38,3],[-28,24],[13,97],[-5,33],[-57,0],[-51,24],[-38,29],[-5,52],[17,40],[-25,25],[-60,37],[-46,75],[-49,36],[-54,6],[-43,35],[-9,29],[-117,54],[-47,4],[-30,28],[-29,69],[-35,14],[-37,58],[-7,36],[12,51],[-17,36],[14,72],[-40,99],[5,101],[-16,17],[-89,-20],[-59,6],[-46,98],[-58,43],[-8,42],[-37,73],[-44,46],[-13,40],[59,53],[8,39],[-17,46],[-31,34],[-32,85],[-77,-10],[-35,-24],[-41,20],[-36,0],[-53,-22],[-24,14],[-17,98],[-42,1],[-33,-55],[-46,-21],[-65,-43],[-54,-7],[-75,42],[-66,18],[-71,38],[-72,96],[-79,10],[-43,27],[-16,-8],[-41,-93],[-45,-39],[-11,-42],[-1,-93],[10,-100],[-21,-37],[-63,-32],[-14,-51],[-102,-26],[-40,-28],[-53,-2],[-117,28],[-72,10],[-117,1],[-65,14],[-111,0],[-61,-23],[-5,-53],[-74,-72],[-49,-20],[-37,-46],[-41,-18],[-30,-47],[-58,-56],[-72,-39],[-19,-58],[-18,-154],[-191,161],[-138,104],[-115,104],[-11,34],[-4,81],[-39,49],[-86,51],[-77,33],[-38,0],[-63,-22],[-38,-28],[-45,-58],[-28,-21],[-63,-24],[-38,-28],[-23,-37],[-19,-66],[-88,-70],[-113,-98],[-67,-67],[-55,58],[-37,-3],[-55,-40],[-52,-24],[-50,11],[-79,56],[-81,-7],[-129,-20],[-26,64],[-29,9],[-44,63],[-45,48],[-22,49],[-107,89],[-18,34],[-26,83],[-13,19],[-88,52],[-54,42],[-37,8],[-49,-21],[-48,33],[-100,-5],[-77,48],[-75,34],[-36,-4],[-76,-63],[-206,4],[-40,17],[-26,31],[-64,26],[-83,69],[-74,0],[-21,14],[-43,103],[9,85],[-6,18],[-117,51],[-40,-8],[-39,-37],[-47,5],[-53,-9],[-61,14],[-66,-37],[-87,-73],[-38,-44],[-44,-13],[-65,-39],[-33,6],[-74,40],[-51,2],[-83,-35],[-48,-1],[-114,29],[-79,89],[-90,25],[-100,-3],[-80,-23],[-33,4],[-46,50],[-26,16],[-64,16],[-57,1],[-128,54],[-37,33],[-20,83],[-17,16],[-156,77],[-54,41],[-112,126],[13,55],[-3,53],[-76,46],[-86,11],[-30,20],[-71,73],[-79,68],[6,39],[34,45],[23,96],[50,78],[11,47],[28,27],[5,32],[-58,78],[2,32],[22,70],[26,55],[76,54],[34,32],[25,61],[59,53],[17,26],[66,186],[1,71],[-39,57],[76,61],[47,56],[107,93],[42,9],[55,-5],[52,55],[34,21],[44,95],[20,54],[44,34],[65,-4],[47,10],[12,14],[25,77],[81,117],[29,89],[144,143],[14,40],[-6,76],[-60,78],[-11,32],[-35,32],[-74,13],[-60,40],[-72,82],[-26,37],[-11,52],[-23,38],[-3,130],[-8,50],[68,73],[50,86],[39,33],[23,45],[17,69],[93,86],[33,69],[56,63],[31,75],[9,41],[-30,128],[18,71],[-3,50],[-47,91],[-28,90]],[[72511,31348],[15,29],[107,116],[76,16],[26,46],[80,172],[16,64],[21,33],[39,29],[36,105],[-26,98],[8,80],[-40,134],[-47,51],[-13,77],[-32,27],[-22,69],[69,59],[18,31],[14,73],[1,115],[110,-13],[45,14],[94,54],[133,-12],[22,4],[28,32],[-6,85],[0,162],[6,38],[-2,101],[9,45],[49,-25],[28,5],[131,69],[40,13],[96,0],[46,-77],[32,-34],[18,-35],[63,-64],[95,-72],[69,-26],[47,-6],[52,46],[8,35],[-29,86],[17,61],[12,10],[89,10],[43,41],[9,38],[-1,66],[31,51],[76,65],[25,58],[72,101],[29,15],[85,8],[159,94],[36,30],[-13,21],[-16,132],[26,75],[-7,69],[66,112],[-32,-6],[-52,17],[-66,-19],[-49,1],[-149,28],[-151,81],[-40,33],[-63,36],[-36,6],[-36,-10],[-131,33],[-36,-1],[-40,-20],[-38,47],[-80,39],[-28,40],[-77,21],[-56,62],[-37,19],[-64,109],[-91,18],[-41,22],[-117,37],[-48,39],[-61,81],[-119,32],[-57,1],[-99,77],[-30,61],[-54,45],[-42,3],[-34,42],[-60,32],[-40,-7],[-77,-43],[-43,-32],[-87,144],[-47,31],[-81,18],[-42,26],[-33,7],[-66,49],[-60,-16],[-62,-2],[-48,-62],[-25,90],[-26,53],[-65,14],[-63,59],[-44,11],[-49,-25],[-19,-31],[-54,71],[-8,38],[-22,16],[-81,8],[-49,-33],[-101,-54],[-121,-84],[-70,103],[-37,11],[-58,38],[-102,-10],[-20,16],[-25,59],[-73,67],[-78,17],[-70,33],[-102,76],[-44,66],[-18,58],[-4,60],[3,181],[103,119],[18,53],[-21,82],[52,85],[40,33],[36,54],[70,71],[70,54],[6,19],[-31,26],[-21,40],[-1,68],[56,75],[41,36],[95,60],[58,74],[88,13],[64,47],[55,30],[26,25],[-5,49],[-36,72],[-11,69],[-43,57],[-27,88],[2,61],[-42,139],[-25,39],[-51,52],[-39,95],[-36,12],[-43,-13],[-31,7],[-75,85],[-16,32],[3,53],[-58,30],[-2,25],[33,13],[16,25],[-37,7],[-32,43],[-18,211],[32,84],[32,38],[71,37],[30,88],[1,107],[23,127],[-55,57],[-74,12],[-54,34],[-21,-2],[-37,-44],[-77,-37],[-40,-1],[-88,-49],[-7,-21],[-110,-146],[-32,-32],[-17,30],[-59,29],[-84,66],[-51,21],[-83,48],[-21,36],[-25,104],[-34,67],[-58,12],[-26,21],[-5,47],[-24,23],[-80,15],[-65,-21],[-48,-72],[-46,0],[-74,24],[-89,58],[-48,-37],[-26,-1],[-60,-74],[-26,-1],[-32,-26],[-89,-5],[-49,6],[-38,-55],[-67,-69],[-27,-51],[-51,14],[-59,-8],[-32,-20],[-13,49],[-32,50],[-35,26],[-39,53],[-64,41],[-49,1],[-98,-17],[-76,18],[-46,42],[-18,30],[-8,83],[-24,106],[-14,13],[-53,7],[-31,28],[-125,-5],[-51,-16],[-90,52],[-52,-25],[-45,3],[-56,35],[-118,0],[-62,12],[-72,2],[-104,-13],[-49,-13],[-78,29],[-71,17],[-35,39]],[[67278,39676],[-24,53],[-13,103],[-42,45],[-40,93],[21,137],[-11,115],[46,96],[9,130],[34,38],[47,22],[-43,39],[-27,57],[-75,-27],[-55,1],[-49,14],[-40,31],[-40,89],[12,63],[20,55],[-4,29],[-35,76],[-4,66],[-15,65],[23,76],[31,35],[31,56],[34,33],[3,58],[36,35],[40,22],[-5,103],[5,24],[76,142],[27,72],[25,123],[39,51],[5,39],[-20,140],[28,3],[91,-34],[37,15],[13,43],[-28,81],[-14,82],[-19,39],[-8,53],[-30,46],[-23,55],[-61,25],[-106,14],[-98,74],[-82,3],[-1,52],[24,96],[-63,177],[-44,82],[-29,75],[-13,63],[1,75],[-38,88],[45,67],[-4,139],[31,60],[31,25],[3,50],[61,85],[-16,100],[-1,46],[19,47],[22,89],[10,90],[73,113],[15,41],[30,42],[21,52],[5,57],[-1,101],[14,32],[77,115],[35,43],[13,46],[7,74],[-9,67],[18,218],[14,124],[29,72],[50,71],[10,31],[-6,60],[47,6],[43,83],[-24,44],[-5,36],[11,42],[-18,66],[17,29],[10,71],[11,11],[117,39],[5,20],[-31,40],[-39,90],[-36,43],[-27,65],[0,22],[27,14],[13,33],[-5,91],[33,85],[0,43],[24,35],[3,33],[-30,48],[13,45],[32,45],[31,21],[11,76],[46,101],[1,174],[-6,32],[-38,36],[21,58],[25,15],[40,69],[-9,51],[16,35],[58,14],[24,18],[41,83],[24,6],[98,-4],[50,60],[80,80],[43,12],[85,51],[65,63],[17,38],[14,123],[20,30],[108,32],[96,98],[41,112],[34,31],[35,52],[26,21],[37,68],[5,38],[-19,82],[-37,49],[-9,50],[77,47],[35,59],[79,75],[16,35],[-2,69],[-24,70],[-12,79],[18,61],[-8,99],[13,89],[-1,45],[-25,105],[-56,91],[-40,28],[-58,83],[-48,77],[-136,124],[-109,47],[1,40]],[[68418,49816],[84,-20],[47,-2],[95,-35],[81,-49],[64,-20],[79,58],[16,39],[21,6],[-118,54],[3,5],[126,-58],[38,-11],[-72,-96],[21,-16],[87,17],[35,27],[-26,52],[20,44],[21,14],[0,53],[45,-99],[30,30],[22,-7],[0,32],[37,-36],[20,27],[32,-42],[76,25],[40,4],[30,-18],[48,-3],[37,-25],[-22,47],[21,2],[21,-75],[86,-12],[84,17],[5,30],[34,80],[51,55],[-1,15],[48,80],[28,2],[21,37],[37,11],[-24,41],[35,-18],[19,-50],[30,-51],[-19,-46],[23,-39],[4,-74],[142,-42],[241,37],[93,12],[48,57],[27,74],[20,17],[21,73],[25,35],[42,15],[33,-11],[49,14],[63,-22],[77,-65],[32,-54],[14,-81],[22,-21],[64,34],[-38,92],[16,-19],[82,5],[30,-20],[-3,29],[99,27],[107,59],[107,100],[50,69],[20,41],[20,71],[32,28],[-95,156],[3,10],[60,-97],[76,54],[-35,61],[14,10],[-28,40],[1,32],[33,13],[-9,27],[-60,-17],[-10,-25],[-182,-64],[-5,16],[171,55],[26,63],[30,15],[-28,54],[18,8],[34,-16],[41,28],[-31,69],[33,67],[16,-99],[30,1],[43,48],[-6,22],[50,40],[-10,21],[41,11],[-15,20],[19,55],[-9,69],[-28,57],[19,56],[29,16],[44,62],[56,61],[104,57],[47,-4],[27,-19],[24,-58],[33,-18],[40,-40],[12,-37],[31,-28],[30,-62],[27,-94],[3,-52],[97,-131],[-10,-53],[46,-37],[56,-16],[20,-34],[-16,-27],[16,-46],[-20,-89],[-23,-24],[28,-42],[51,-17],[14,46],[99,33],[22,-15],[9,-38],[-8,-32],[33,-14],[33,-88],[-6,-87],[37,-62],[5,-95],[9,-24],[66,-76],[42,-27],[-8,-66],[11,-58],[79,26],[48,-5],[-108,-40],[-19,11],[-14,-41],[-59,-82],[-10,-2],[49,-72],[52,36],[22,103],[8,-6],[-21,-100],[21,-30],[107,-73],[108,169],[-67,104],[9,7],[85,-132],[-123,-193],[19,-20],[14,21],[27,-18],[9,-42],[62,-39],[49,-7],[54,-23],[192,-33],[89,-26],[77,26],[0,20],[83,-25],[113,-18],[54,-23],[142,-3],[146,-16],[59,7],[73,-3],[64,5],[54,-8],[87,13],[41,-12],[107,8],[46,-3],[74,12],[46,15],[66,-6],[84,7],[57,-16],[187,-3],[79,10],[52,-6],[77,10],[58,-4],[89,9],[57,-6],[63,11],[245,18],[96,1],[42,-12],[12,34],[20,-10],[57,3],[183,31],[81,4],[51,11],[192,15],[39,12],[98,0],[252,23],[276,31],[215,42],[28,-5],[144,29],[177,61],[102,61],[68,75],[39,76],[-10,20],[5,66],[19,40],[38,41],[3,26],[28,0],[48,-35],[74,-14],[32,15],[20,-43],[20,-3],[17,60],[181,82],[4,-11],[-61,-28],[-38,-94],[1,-18],[58,-33],[50,-12],[29,11],[-27,61],[31,10],[13,-49],[53,40],[64,35],[-27,54],[-46,4],[-2,-44],[-14,51],[9,11],[95,-10],[17,-31],[91,-44],[27,-6],[81,-45],[87,-19],[4,-9],[175,-10],[18,-16],[21,19],[56,-9],[53,4],[89,26],[23,14],[32,53],[-52,40],[40,-12],[8,43],[29,36],[36,-20],[26,45],[17,76],[24,-33],[28,26],[10,-14],[63,-2],[79,-40],[33,-59],[-6,-25],[30,-38],[45,17],[19,33],[-25,72],[7,35],[22,7],[46,-37],[8,-77],[64,-44],[73,-15],[88,-1],[36,15],[46,4],[34,-14],[40,37],[38,-13],[-6,33],[23,26],[-13,62],[12,18],[-18,46],[77,-3],[48,-42],[42,23],[38,-32],[62,-25],[72,-17],[120,-7],[68,12],[61,-3],[131,5],[99,36],[73,4],[333,32],[96,27],[17,19],[30,-2],[23,22],[99,18],[78,37],[38,-6],[35,12],[37,-9],[69,10],[21,14],[104,23],[42,-1],[104,24],[37,18],[76,11],[64,20],[63,-2],[56,15],[48,-1],[171,25],[24,13],[87,-5],[84,16],[91,1],[136,39],[62,0],[125,16],[101,30],[90,1],[99,19],[46,15],[44,35],[6,110],[453,-31],[105,-1],[48,28],[-20,105],[14,0],[24,-108],[101,-1],[82,23],[117,22],[-4,36],[22,-24],[57,0],[164,41],[65,41],[-21,108],[12,3],[21,-107],[58,-7],[78,15],[115,46],[46,29],[-27,118],[6,1],[23,-108],[78,6],[56,35],[64,24],[52,51],[57,-15],[82,21],[91,37],[46,7],[22,19],[-8,431],[503,81],[-7,36],[-21,1],[-7,31],[31,-6],[10,-26],[2,-93],[-14,46],[-398,-64],[4,-222],[382,8],[-2,140],[65,5],[51,-80],[1,-39],[76,-3],[7,8],[268,-201],[221,-154],[90,-91],[60,-92],[46,25],[125,-106],[70,35],[-16,29],[-190,416],[-60,7],[-30,-7],[-119,-1],[-383,278],[-16,333],[158,46],[66,-271],[155,20],[-46,177],[134,37],[-75,197],[-11,42],[-7,198],[7,-1],[4,-153],[13,-69],[80,-212],[14,2],[126,-329],[206,95],[-104,214],[8,5],[101,-216],[31,-8],[142,25],[55,-8],[125,17],[53,-10],[54,16],[51,-2],[99,18],[49,1],[51,15],[168,22],[206,41],[46,18],[127,30],[114,20],[177,50],[31,18],[154,41],[197,35],[87,26],[106,19],[79,30],[39,4],[66,27],[167,49],[81,18],[71,35],[86,22],[95,31],[62,42],[89,28],[93,39],[84,23],[95,55],[46,35],[120,36],[105,58],[46,1],[18,21],[137,50],[7,17],[91,90],[27,6],[146,4],[105,12],[127,61],[51,49],[79,43],[66,-8],[48,3],[230,87],[39,8],[125,56],[11,-3],[130,56],[77,75],[42,17],[83,14],[50,25],[87,64],[99,35],[84,62],[110,49],[83,22],[46,35],[59,63],[40,15],[117,-1],[161,93],[78,62],[19,22],[56,105],[52,86],[34,110],[-2,21],[37,34],[9,33],[-42,14],[77,31],[-5,50],[-47,85],[-72,-39],[-9,15],[-78,-48],[-6,11],[71,44],[37,4],[31,81],[2,32],[27,-9],[10,33],[-18,29],[31,-10],[3,28],[28,49],[46,33],[24,-23],[15,31],[-18,33],[57,-23],[30,62],[-5,189],[-43,6],[16,21],[23,-10],[-2,26],[-30,-2],[-6,29],[14,32],[2,47],[18,-13],[11,-74],[28,5],[-17,64],[23,-46],[42,35],[-47,36],[-6,35],[34,8]],[[94207,55157],[52,-159],[58,-87],[28,-104],[22,-45],[27,-20],[136,-20],[13,-32],[-1,-73],[15,-25],[56,-39],[113,50],[37,10],[40,-20],[22,4],[69,43],[43,-2],[53,-83],[55,-54],[81,-96],[39,-27],[30,-55],[12,-76],[24,-37],[74,-80],[16,-67],[25,-35],[117,-4],[37,-17],[103,0],[33,-28],[10,-27],[-7,-69],[-2,-99],[7,-59],[52,-107],[6,-82],[12,-47],[11,-108],[13,-31],[52,-61],[13,-71],[81,-91],[-6,-53],[-27,-26],[-51,-26],[18,-92],[11,-92],[27,-25],[6,-47],[76,-65],[23,-44],[7,-53],[17,-23],[52,-17],[106,14],[49,-7],[32,11],[141,-87],[34,-30],[123,-34],[18,-12],[-2,-61],[10,-52],[41,-121],[49,-76],[23,-62],[12,-112],[16,-91],[-1,-63],[-16,-83],[-2,-87],[25,-66],[64,-39],[46,-46],[101,-31],[101,1],[22,18],[19,51],[91,-50],[46,-9],[62,15],[53,23],[42,-16],[88,20],[43,-26],[32,-63],[-30,-40],[-9,-101],[21,-63],[40,-21],[66,-15],[115,-8],[40,-14],[58,-42],[115,-45],[93,-19],[75,-25],[164,-12],[36,-16],[19,-37],[-68,-99],[22,-33],[66,-30],[19,-33],[0,-38],[15,-94],[55,-223],[-4,-34],[-28,-75],[-8,-45],[-60,-41],[-35,-56],[-17,-83],[26,-73],[15,-84],[-1,-51],[-17,-47],[-54,-87],[-49,-47],[-15,-33],[-46,-43],[-36,-97],[14,-58],[32,-26],[9,-45],[-63,-169],[-39,-41],[1,-23],[25,-31],[2,-33],[-42,-40],[-38,-53],[-9,-70],[-39,-136],[23,-33],[48,-16],[27,-38],[-11,-31],[42,-83],[76,-48],[50,-8],[39,-22],[5,-48],[-55,-120],[-45,-9],[-56,-85],[-21,-96],[59,-77],[11,-39],[-9,-43],[-52,-71],[-2,-75],[-12,-43],[-50,-60],[-33,-86],[-2,-90],[22,-72],[24,-43],[-1,-37],[-20,-53],[-3,-39],[39,-121],[12,-60],[-116,-50],[-45,-24],[-59,-60],[-47,-86],[-11,-64],[7,-102],[-13,-67],[-43,-69],[-64,-27],[-55,-74],[-14,-84],[22,-51],[49,-37],[39,-18],[24,-28],[-5,-107],[-72,-200],[36,-63],[23,0],[76,26],[74,-11],[30,-12],[36,-41],[45,-31],[40,-2],[61,46],[40,-41],[18,-33],[58,3],[31,-16],[93,7],[62,-16],[33,-29],[8,-98],[31,-43],[16,-64],[56,18],[80,-42],[15,-40],[32,-48],[32,-80],[39,-48],[58,-2],[30,-46],[46,-91],[68,-38],[56,-55],[36,-48],[157,81],[68,45],[101,-4],[62,-22],[35,-39],[36,-7],[46,11],[56,-14],[38,-38],[24,-1],[32,33],[36,9],[30,-18],[43,-70],[48,-10],[107,18],[97,42],[38,-16],[143,-29],[11,4],[34,84],[3,29],[-17,49],[36,99],[22,28],[82,14],[13,48],[3,88],[55,27],[150,-4],[22,-46],[22,-12],[76,-7],[28,104],[26,19],[70,-17],[56,15],[26,28],[89,26],[75,65],[3,36],[-37,162],[22,45],[26,7],[93,-5],[44,16],[29,47],[-3,115],[13,21],[65,-2],[19,10],[68,154],[21,24],[82,17],[77,-14],[31,12],[159,172],[47,58],[130,36],[24,54],[-3,74],[34,70],[40,41],[62,106],[17,103],[31,64],[15,91],[11,107],[79,37],[40,81],[23,26],[127,26],[32,14],[45,-5],[158,-33],[62,-2],[60,-25],[138,-40],[24,6],[43,38],[42,3],[30,-19],[23,-62],[16,-77],[20,-26],[56,-35],[36,-2],[213,143],[67,0],[25,-9],[115,67],[51,68],[47,-14],[30,-24],[19,-33],[26,-150],[32,-59],[40,-35],[37,-62],[34,-22],[12,-38],[43,-85],[-15,-31],[2,-77],[48,-42],[58,-81],[72,-71],[21,-45],[26,-25],[57,-12],[-15,-96],[13,-93],[12,-35],[109,-132],[52,-47],[90,-49],[69,0],[44,-50],[59,0],[102,-13],[71,-15],[19,-14],[6,-38],[73,16],[55,48],[6,45],[99,33],[36,18],[63,56],[70,55],[38,47],[22,11],[68,-32],[90,-27],[51,-8],[74,-48],[31,-6],[111,2],[123,-126],[133,-81],[39,-12],[144,-10],[55,32],[104,44],[21,-65],[61,-45],[12,-19],[-18,-52],[38,-57],[6,-165],[13,-78],[-30,-70],[-5,-43],[45,-108],[25,-79],[28,-39],[105,-42],[75,-53],[25,-35],[3,-51],[16,-48],[-4,-28],[-40,-68],[-22,-60],[-3,-43],[45,-53],[52,-33],[4,-71],[41,-36],[25,-41],[13,-91],[30,-21],[44,2],[76,-65],[10,-24],[8,-80]],[[86276,52405],[-22,15],[269,-2],[563,320],[8,-16],[-404,-229],[-159,-89],[-255,1]],[[82651,51707],[-34,-85],[-65,35],[-15,25],[53,-8],[34,44],[27,-11]],[[86402,51959],[40,18],[32,28],[21,-21],[-31,-77],[-30,1],[-11,43],[-21,8]],[[90988,54109],[-53,16],[-11,32],[48,10],[40,-13],[1,-31],[-25,-14]],[[86453,52039],[-6,-29],[-6,108],[82,140],[14,-8],[-84,-140],[0,-71]],[[72880,50047],[178,-18],[-2,-20],[-40,9],[-137,11],[1,18]],[[81849,50811],[4,25],[55,-18],[-5,-42],[-41,12],[-13,23]],[[68838,49924],[-13,11],[39,48],[96,43],[5,-11],[-88,-39],[-39,-52]],[[94087,55052],[-15,-36],[-27,26],[38,46],[4,-36]],[[80521,50347],[-22,-7],[30,73],[20,-7],[-28,-59]],[[82606,51600],[-23,-15],[-44,29],[2,14],[65,-28]],[[78420,50353],[-5,42],[52,38],[8,-13],[-51,-37],[-4,-30]],[[86997,52343],[0,15],[99,3],[1,-15],[-100,-3]],[[79970,50210],[-24,8],[-12,29],[41,-10],[-5,-27]],[[86414,51836],[-4,69],[15,1],[3,-69],[-14,-1]],[[93646,54389],[59,60],[8,-10],[-58,-60],[-9,10]],[[86385,51974],[15,-22],[-58,17],[43,5]],[[80565,50395],[-13,39],[22,25],[-9,-64]],[[78621,50387],[-65,23],[5,14],[64,-25],[-4,-12]],[[78779,50297],[-18,23],[25,4],[-7,-27]],[[82590,51787],[30,15],[2,-34],[-32,19]],[[69092,49968],[-39,42],[11,9],[38,-40],[-10,-11]],[[78834,50104],[17,4],[0,-34],[-17,30]],[[15556,33906],[-9,30],[-54,42],[-24,109],[23,67],[3,89],[-27,44],[-77,65],[-85,133],[-26,76],[-80,39],[-55,99],[-14,44],[-2,94],[-20,56],[-54,36],[-42,64],[-86,9],[-63,94],[-37,26],[-11,48],[44,66],[-10,31],[-53,-8],[-89,-28],[-31,9],[-18,66],[9,21],[41,27],[9,21],[-38,89],[21,47],[37,43],[52,104],[6,38],[-7,83],[56,60],[63,91],[40,31],[100,2],[28,11],[74,71],[34,67],[93,68],[12,53],[-59,49],[-39,65],[-12,54],[27,92],[-27,66],[1,44],[117,54],[30,45],[-18,80],[1,54],[11,30],[-2,51],[-13,46],[-43,41],[-18,37],[-7,64],[61,130],[12,53],[-35,114],[13,37],[34,45],[-4,13],[-74,69],[-10,29],[2,167],[-9,24],[-48,67],[8,48],[-62,88],[-318,738],[-27,55],[-159,359],[-138,316],[-227,511],[-262,235],[-396,346],[-192,80],[-294,118],[-342,140],[-346,160],[-347,159],[-728,330],[-118,53],[-52,40],[-437,359],[-295,244],[-230,200],[-514,474],[-274,250],[-412,381],[-141,131],[-59,49],[-94,91],[-208,189],[-526,480],[-485,448]],[[7505,44925],[4,9],[306,370],[39,43],[451,548],[107,126],[110,119],[38,47],[86,90],[28,52],[130,137],[64,79],[27,50],[22,66],[36,59],[99,88],[57,19],[89,20],[108,75],[90,70],[97,58],[62,-14],[27,28],[41,21],[32,38],[87,40],[37,-3],[18,21],[51,4],[38,-67],[32,-35],[20,12],[246,178],[93,79],[196,124]],[[10473,47476],[141,-189],[41,-60],[169,-212],[146,-175],[118,-127],[142,-145],[85,-97],[107,-108],[147,-131],[139,-143],[55,-47],[116,-120],[164,-139],[71,-51],[132,-117],[63,-61],[62,-43],[120,-101],[60,-60],[70,-57],[37,-17],[36,-38],[81,-65],[119,-56],[105,-122],[49,-37],[43,-16],[19,13],[49,90],[8,-3],[-35,-74],[61,-71],[87,-39],[61,-54],[53,-23],[42,75],[-7,-34],[22,-42],[60,-59],[53,-30],[78,-72],[6,3],[305,-168],[26,-1],[56,-42],[72,-34],[52,-44],[35,-17],[68,3],[20,-24],[66,-27],[69,-50],[20,31],[9,-34],[31,62],[-12,-48],[154,-92],[77,-23],[48,-33],[22,-29],[37,-20],[60,-2],[68,-62],[111,-32],[100,6],[75,-34],[44,-30],[58,-79],[32,-27],[82,-31],[20,18],[111,-39],[130,-50],[78,-12],[60,-24],[15,45],[11,-4],[-15,-50],[60,-11],[13,41],[12,-4],[-13,-42],[57,-18],[14,45],[13,-4],[-15,-47],[56,-20],[14,47],[13,-5],[-14,-45],[61,-20],[11,47],[11,-5],[-19,-50],[62,-10],[12,41],[16,-6],[-13,-38],[58,-16],[75,20],[36,24],[21,-11],[39,-66],[95,-58],[9,26],[45,3],[346,-107],[46,-27],[9,31],[-20,6],[10,43],[-38,17],[-111,102],[19,6],[96,-94],[40,-8],[16,-58],[30,-27],[37,1],[33,25],[36,-4],[32,-21],[16,-35],[47,-22],[49,23],[38,-4],[53,-78],[40,-5],[50,40],[41,-11],[17,-43],[26,-31],[43,-6],[49,38],[30,7],[36,-63],[47,-25],[43,14],[29,32],[45,-9],[20,-43],[58,-13],[93,56],[25,-56],[62,-29],[55,44],[32,0],[30,-62],[24,-18],[47,-1],[54,44],[27,-1],[26,-59],[53,-23],[38,13],[41,43],[34,1],[22,-51],[21,-15],[54,3],[36,52],[28,-7],[-2,-24],[25,-39],[94,-10],[47,53],[18,2],[27,-65],[52,-32],[39,7],[43,56],[24,-6],[13,-62],[25,-24],[42,-8],[30,-24],[161,-35],[4,12],[115,-29],[17,-66],[143,-44]],[[19649,42690],[-30,-169],[-41,-169],[-16,-155],[-16,-92],[-36,-86],[-32,-93],[-96,-403],[-66,-256],[-111,-461],[-2,-58],[-41,-201],[-49,-206],[152,-65],[59,-10],[-7,-64],[160,-30],[5,-11],[79,-17],[42,18],[56,7],[64,-8],[0,-64],[35,-2],[14,66],[37,80],[33,49],[51,-275],[14,-9],[-3,-72],[63,-8],[158,-53],[91,65],[14,94],[54,-10],[106,-91],[6,57],[26,21],[-8,70],[99,9],[-19,42],[23,19],[1,59],[19,50],[26,151],[30,65],[-7,59],[-27,58],[-31,36],[13,55],[-45,68],[-12,57],[62,25],[39,3],[38,-14],[86,24],[-18,91],[4,33],[-12,136],[21,32],[64,42],[17,39],[8,64],[-4,57],[15,35],[27,17],[59,57],[53,36],[46,59],[21,48],[29,143],[-8,48],[8,81],[21,49],[12,77],[-2,43],[13,44],[-13,37],[-14,86],[41,226]],[[21097,42425],[3,-24],[63,-9],[37,29],[5,35],[-33,12],[91,-2],[-31,-11],[20,-42],[37,-12],[64,30],[38,-29],[43,-5],[38,19],[41,-30],[73,0],[25,21],[8,41],[37,-55],[65,-3],[35,54],[10,-47],[24,-24],[87,-2],[42,-50],[39,-7],[36,53],[35,3],[73,39],[23,74],[12,-2],[20,-53],[42,-27],[41,-1],[48,42],[16,55],[22,-45],[69,-38],[56,18],[24,64],[19,-33],[37,-19],[50,10],[24,52],[21,-35],[51,13],[85,36],[78,90],[66,-24],[72,27],[39,49],[72,12],[71,22],[70,40],[64,13],[102,57],[71,25],[-12,27],[34,16],[7,-16],[73,44],[88,9],[68,37],[7,22],[57,41],[59,55],[66,85],[22,56],[-42,42],[-12,80],[26,76],[10,-2],[-22,-111],[65,-67],[31,20],[-9,15],[37,25],[55,116],[-5,93],[-79,-10],[-27,20],[72,8],[-2,107],[-109,-3],[-27,-43],[-143,-44],[-48,0],[1,13],[48,-4],[138,42],[25,40],[101,3],[9,56],[36,-16],[40,12],[25,26],[32,56],[-8,67],[28,34],[-25,120],[8,50],[30,46],[13,72]],[[24208,44146],[244,-26],[16,-94],[43,-3],[133,1],[3,-92],[13,-130],[10,-447],[21,2],[-101,-147],[81,-65],[-76,-95],[10,-3],[297,5],[339,3],[-8,285],[33,14],[148,-45],[57,-61],[61,-29],[45,-5],[160,0],[35,13],[48,48],[88,44],[8,-34],[73,15],[162,8],[39,-16],[57,-41],[34,-4],[24,-47],[62,-52],[23,-78],[-32,-42],[-30,-146],[24,-52],[-7,-66],[9,-55],[46,-99],[75,-69],[55,-159],[28,-52],[72,-98],[40,-32],[-5,-65],[8,-23],[-29,-69],[-44,-137],[12,-105],[-14,-65],[13,-18],[196,34],[155,16],[94,0],[38,7],[13,-45],[8,-73],[24,-45],[11,-87],[65,-89],[91,-88],[44,-29],[106,-94],[40,-44],[51,-37],[61,-71],[44,-84],[13,-48],[81,25],[94,7],[83,14],[54,-59],[91,-39],[81,-56],[34,-16],[73,-52],[63,-60],[91,-60],[25,-43],[-6,-130],[-31,-107],[-15,-79],[-34,-88],[-3,-30],[1,-178],[16,-129],[-6,-41],[-25,-33],[-107,-92],[-58,-66],[-71,-39],[-68,-60],[-129,-128],[-131,-119],[-49,-33],[-131,-131],[-38,-6],[-59,7],[-32,-17],[-12,-72],[9,-75],[-81,-113],[-9,-60],[19,-34],[-44,-77],[25,-135],[-34,-31],[-29,9],[-55,-48],[-5,-72],[-36,-26],[-105,-5],[-75,25],[-60,10],[-48,-12],[-115,3],[-84,12],[-31,17],[-112,-20],[-20,6],[-92,-9],[-97,-36],[-60,2],[-60,31],[-60,-1],[-42,10],[-37,24],[-49,8],[-65,0],[-48,-17],[-52,-35],[-59,-11],[-20,-15],[-41,-71],[-66,-17],[-49,-22],[-77,-6],[-69,-14],[-150,0],[-69,11],[-54,-16],[-15,-88],[-3,-83],[74,-150],[42,-56],[1,-21],[-52,-39],[-14,-37],[13,-91],[38,-120],[17,-86],[11,-123],[12,-71],[42,-122],[59,-88],[12,-35],[0,-104],[-16,-108],[25,-33],[13,-116],[19,-35],[-7,-72],[20,-61],[34,-29],[-8,-31]],[[25558,36422],[1,-67],[45,-67],[-1,-54],[31,-54],[13,-95],[-69,-187],[-45,-53],[-155,-22],[-41,-54],[-74,-56],[-110,-51],[-27,-31],[-116,26],[-444,85],[-85,12],[-112,-19],[-56,6],[-53,29],[-62,-13],[-206,-33],[-342,-98],[-135,-19],[-18,-49],[31,-26],[-24,-26],[-57,-26],[-64,-41],[-68,47],[-36,10],[-67,-8],[-81,39],[-96,12],[-20,9],[-7,46],[-41,13],[-54,35],[-22,50],[-31,-8],[-43,70],[-62,17],[-35,21],[-3,28],[-102,160],[-35,-24],[-140,213],[-109,-95],[-27,107],[-37,112],[-20,33],[-53,52],[-98,9],[-24,10],[-29,40],[-19,65],[14,51],[-23,96],[-13,80],[-39,145],[25,46],[-26,142],[-5,48],[-67,75],[-82,-11],[-13,-89],[-20,-4],[-4,-93],[1,-112],[-135,10],[-12,-203],[-152,-118],[3,-22],[44,-76],[57,-197],[32,-174],[-146,-8],[-4,45],[-53,3],[3,70],[-27,12],[-268,21],[-17,8],[3,74],[-192,5],[-18,-269],[5,-27],[78,-9],[-1,-84],[29,-13],[-27,-20],[-3,-88],[-23,-4],[-179,22],[-12,-3],[-15,-243],[-14,-188],[-16,-133],[-20,-3],[1,-57],[-40,-11],[57,-57],[77,-46],[134,-25],[-59,-178],[-10,-5],[-40,42],[-86,19],[-119,50],[-98,86],[-116,140],[-4,48],[7,87],[-59,62],[-44,-109],[-54,-118],[-15,-45],[23,-32],[63,-33],[-40,-128],[-59,6],[-4,-82],[40,-3],[8,-59],[-9,-35],[-56,-32],[-2,-103],[-37,-13],[-76,32],[-93,-92],[-43,-36],[-143,-141],[-118,-37],[-34,28],[-82,-1]],[[19562,34386],[-94,8],[-103,-3],[-47,-8],[-34,7],[-33,41],[-18,48],[-174,5],[-56,21],[-68,0],[-104,8],[5,85],[-347,29],[-1,28],[-59,12],[-79,178],[-134,14],[12,188],[-15,30],[-53,5],[6,82],[-26,31],[-65,-39],[-21,28],[-31,-25],[-124,-70],[-66,-43],[-37,25],[-8,62],[40,100],[24,42],[6,64],[-9,23],[-39,28],[-15,-7],[-10,-47],[-28,-24],[-61,-14],[-36,-25],[-21,-82],[-36,-41],[-69,10],[-62,-61],[-31,-8],[-57,17],[-124,58],[-7,25],[14,65],[-23,49],[-55,62],[-40,16],[-63,64],[-12,-57],[25,-85],[0,-50],[-49,-38],[-82,-130],[-30,-2],[-128,14],[-32,-10],[-25,-64],[-22,-23],[-20,-72],[0,-31],[21,-74],[-40,-42],[-89,-27],[-55,-9],[-100,-6],[-60,-62],[-26,-47],[-13,-127],[-30,-27],[-69,11],[-51,-56],[-33,-73],[-49,-43],[-25,-50],[-9,-52],[-25,-68],[-64,-113],[-75,-86],[-104,-25],[-86,-37],[-35,-2],[-42,30],[-70,21],[-26,-29]],[[51682,27139],[-18,3],[-68,-27],[-53,-38],[-45,-21],[-27,-31],[-11,-94],[-52,-61],[-56,-27],[-113,-14],[-37,35],[-73,101],[-49,46],[-57,69],[-34,16],[-58,-2],[-112,26],[-97,52],[-27,56],[-8,130],[-36,91],[-28,36],[-47,21],[-7,20],[25,82],[-6,97],[-32,74],[-111,122],[-65,46],[-68,65],[-59,39],[-44,-71],[-24,-102],[-79,-100],[-76,-57],[-69,12],[-94,-9],[-20,9],[-69,88],[-78,70],[-10,43],[-38,44],[-22,3],[-70,-54],[-126,4],[9,-168],[20,-56],[-13,-30],[-47,-5],[-38,32],[-30,45],[-89,53],[-60,14],[-83,-17],[-78,25],[-27,-14],[-65,-66],[-155,29],[-94,142],[-22,23],[-50,80],[-38,41],[-33,-25],[-64,-22],[-134,-16],[-86,5],[-56,-5],[-27,14],[-22,57],[-92,-26],[-27,4],[-74,40],[-47,52],[-80,68],[-29,96],[-80,95],[-54,28],[-34,43],[-113,30],[-30,46],[-79,32],[-47,-17],[-82,77],[-126,11],[-66,-21],[-85,-55],[-59,-16],[-114,18],[-107,49],[-41,-10],[-42,4],[-58,44],[-161,72],[-52,38],[-49,79],[-23,11],[-86,-24],[-76,-73],[-141,-92],[-73,-72],[-57,-47],[-27,-41],[-9,-47],[8,-55],[26,-73],[-17,-59],[10,-92],[-13,-52],[-29,-24],[-81,1],[-55,-28],[-62,-14],[-34,-33],[-117,-1],[-86,37],[-33,-8],[-165,-102],[-59,2],[-88,19],[-93,9],[-153,-4],[-38,-6],[-81,38],[-91,94],[-22,59],[-67,54],[-42,142],[-34,67],[-24,21],[-93,12],[-56,19],[-91,-65],[-79,-15],[-40,2],[-43,16],[-77,63],[-52,9],[-89,1],[-59,26],[-50,75],[-45,33],[-88,15],[-96,163],[-74,37],[-74,69],[-21,57],[-22,19],[-47,8],[-78,35],[-65,66],[-29,85],[-36,40],[-42,16],[-75,59],[-86,103],[-57,57],[-61,140],[-52,48],[-102,50],[-27,53],[-33,41],[-36,23],[-70,28],[-95,10],[-100,0],[-203,-11],[-60,-24],[-99,41],[-63,14],[-80,5],[-119,111],[-7,69],[-22,65],[-34,21],[-63,8],[-122,28],[-165,-18],[-84,45],[-58,5],[-75,-30],[-80,-53],[-36,-33],[-51,-18],[-65,-7],[-44,-13],[-123,-6],[-70,1],[-65,-29],[-95,-72],[-61,-17],[-44,-37],[-44,-15],[-59,34],[-33,32],[-58,26],[-71,85],[-124,133],[-72,19],[-48,29],[-19,72],[-35,19],[-61,-54],[-40,-26],[-100,-20],[-58,1],[-52,13],[-61,54],[-75,14],[-32,43],[-26,63],[-38,15],[-109,8],[-53,-18],[-127,-76],[-37,0],[-56,63],[-45,93],[-42,65],[-38,22],[-113,1],[-35,10],[-216,96],[-62,49],[-54,21],[-45,4],[-32,-13]],[[37994,30760],[-62,63],[-10,22],[11,80],[-6,55],[-64,88],[-34,91],[-19,90],[-26,34],[-16,70],[4,89],[-62,4],[-66,-34],[-90,0],[-116,77],[-77,-15],[-56,8],[-144,-5],[-54,14],[-25,25],[-41,69],[-76,144],[-142,343],[-84,98],[-67,97],[-42,14],[-139,28],[-66,0],[-69,60]],[[36356,32369],[20,114],[-52,127],[-3,64],[-25,83],[13,71],[20,177],[32,22],[154,54],[47,-3],[76,27],[96,84],[30,11],[133,2],[53,13],[66,29],[21,-1],[78,-59],[146,-8],[57,-16],[36,44],[74,35],[52,9],[98,37],[66,57],[140,164],[71,-89],[57,-49],[32,8],[35,50],[55,27],[153,5],[52,18],[79,11],[42,-5],[17,33],[103,93],[164,96],[38,46],[36,89],[33,22],[120,-7],[55,46],[44,72],[84,11],[43,14],[74,59],[66,15],[19,67],[22,9],[34,-23],[76,44],[41,11],[119,66],[103,-10],[90,43],[49,-5],[197,4],[83,-23],[42,18],[107,105],[92,39],[137,13],[37,39],[38,22],[71,70],[76,102],[91,25],[40,31],[21,39],[39,32],[70,94],[46,18],[21,49],[108,22],[42,55],[41,-1],[20,-32],[61,19],[37,23],[45,65],[42,33],[97,119],[44,124],[15,172],[15,37],[-1,89],[73,66],[17,33],[102,63],[28,40],[2,86],[11,73],[46,83],[91,66],[11,25],[-19,41],[-29,11],[-27,109],[0,24],[58,185],[28,183],[17,44],[54,102],[95,128],[57,24],[18,71],[45,54],[31,69],[56,62],[29,15],[21,39],[36,35],[102,9],[45,27],[41,-9],[19,42],[58,17],[37,46],[74,51],[34,47],[27,18],[74,18],[17,39],[79,26],[95,54],[95,37],[5,22],[-57,61],[-20,58],[6,32],[61,43],[22,58],[60,12],[47,37],[5,69],[46,43],[58,42],[38,71],[36,37],[94,34],[17,50],[46,32],[53,18],[7,14],[-30,41],[14,63],[70,51],[103,26],[89,-12],[26,16],[38,-17],[25,24],[0,30],[42,43]],[[44113,38826],[15,2],[108,-33],[28,-21],[19,-42],[28,-1],[89,28],[24,47],[66,19],[22,33],[32,11],[50,-21],[54,30],[69,26],[51,-2],[92,17],[41,-14],[54,17],[43,-9],[42,-25],[58,6],[86,27],[70,12],[52,40],[105,1],[34,5],[76,65],[50,19],[99,21],[31,18],[44,74],[26,29],[80,28],[50,61],[34,12],[62,43],[68,14],[58,-9],[71,22],[75,68],[53,30],[67,26],[57,14],[11,48],[24,37],[41,33],[52,27],[125,108],[40,15],[73,5],[75,23],[30,19],[38,61],[31,65],[47,48],[40,13],[63,-1],[49,39],[107,59],[22,23],[12,40],[101,24],[163,29],[52,22],[42,-41],[75,-9],[95,65],[39,-24],[46,32],[36,4],[308,311],[60,49],[-19,27],[97,91],[105,87],[180,139],[61,-5],[101,62],[37,-28],[35,0],[68,14],[88,9],[22,65],[32,25],[65,7],[14,13],[29,70],[85,145],[63,89],[32,4],[62,68],[44,114],[60,43],[167,65],[86,41],[42,29],[78,71],[68,10],[51,34],[57,74],[54,93],[75,110],[64,40],[61,21],[65,11],[48,31],[43,55],[74,36],[37,10],[63,60],[-1,44],[-26,68],[-12,3],[-70,-35],[-17,72],[-17,40],[-22,90],[-11,13],[-53,2],[-8,48],[11,55],[-21,72],[-30,30],[-28,61],[-20,99],[15,30],[50,40],[96,103],[81,67],[67,31],[-14,40],[-34,57],[120,85],[51,25],[-15,29],[25,12],[-52,81],[54,40],[201,105],[28,-34],[13,16],[158,137],[104,96],[227,187],[109,-28],[57,-9],[-5,-60],[14,-24],[91,-94],[98,-69],[0,-9],[-60,-70],[20,-21],[120,16],[346,50],[121,22],[25,16],[56,68],[59,50],[45,73],[45,98],[-6,83],[23,11],[48,-17],[132,-85],[-81,-164],[11,-22],[201,-106],[-21,-35],[-58,-43],[97,-117],[53,-73],[70,-24],[7,-28],[28,-8],[21,-36],[30,-22],[53,-18],[24,-29],[20,-56],[44,-18],[32,-28],[52,-16],[125,31],[31,33],[55,35],[28,37],[-14,56],[68,43],[33,-2],[45,43],[26,51],[49,2],[31,21],[20,71],[56,44],[29,-18],[53,-6],[69,48],[54,22],[76,45],[15,18],[36,86],[100,51],[32,-8],[19,-48],[28,-40],[32,-24],[72,43],[15,-68],[66,-77],[18,-48],[96,-94],[9,-43],[25,-39],[71,5],[126,-23],[37,-38],[15,-65],[-6,-79],[-14,-67],[-29,-52],[-6,-117],[7,-96],[20,-18],[45,25],[23,-47],[48,36],[21,-13],[28,9],[50,49],[12,-2],[50,-71],[29,-27],[100,7],[-15,64],[40,52],[25,10],[36,-21],[49,-11],[23,-20],[-23,-125],[-37,-3],[-2,-41],[78,-33],[43,13],[0,38],[126,-64],[107,-13],[46,-19],[44,31],[22,-14],[41,-55],[28,-16],[152,-28],[14,7],[-8,104],[7,80],[18,57],[50,93],[17,8],[72,82],[97,100],[-48,59],[17,8],[66,-5],[84,-25],[44,46],[35,5],[71,-29],[35,54],[2,38],[-17,82],[2,49],[59,21],[12,53],[-31,233],[-4,132],[2,76],[14,59],[39,98],[16,26],[0,34],[-26,18],[-11,40],[29,9],[-21,100],[-67,178],[73,-29],[4,7],[-54,122],[-5,22],[68,228],[93,277],[221,-84],[135,-49],[32,22],[16,66],[144,-45],[154,-59],[-25,-64],[-40,-122],[284,-107],[36,95],[176,-63],[14,51],[70,-23],[3,44],[285,11],[69,10]],[[58637,45061],[52,-7],[286,-91],[-13,-57],[119,-56],[4,-37],[42,-8],[15,58],[150,-13],[13,385],[94,113],[14,-6],[26,-83],[28,-45],[78,-78],[44,-98],[63,-31],[27,-37],[56,-46],[58,-66],[24,-11],[54,-62],[62,-26],[29,-40],[7,-49],[29,-66],[28,-22],[68,-11],[35,-45],[6,-68],[63,-66],[20,-48],[12,-227],[-3,-42],[-45,-82],[-11,-37],[-1,-59],[9,-76],[33,-98],[22,-149],[35,-73],[23,-15],[-9,-52],[-54,-55],[-29,-60],[4,-38],[31,-57],[-7,-47],[-24,-41],[-54,-40],[-82,14],[-39,-22],[-56,-95],[-13,-105],[3,-56],[30,-100],[-15,-47],[-39,-67],[66,-60],[-1,-43],[-41,-146],[38,-108],[-24,-59],[-97,-68],[-18,-83],[7,-43],[-28,-53],[-8,-54],[12,-43],[-13,-88],[21,-65],[-2,-67],[-25,-62],[-3,-118],[-55,-133],[31,-67],[93,-65],[48,5],[67,-43],[51,1],[20,-22],[28,-73],[36,-62],[66,-20],[85,10],[80,29],[34,-93],[30,-57],[-10,-75],[22,-28],[52,-33],[68,-57],[8,-32],[-16,-72],[11,-30],[37,-46],[14,-58],[23,-12],[42,4],[77,33],[136,-15],[41,-37],[48,-12],[51,1],[51,-62],[36,-57],[12,-39],[82,-69],[86,-3],[80,31],[97,-49],[31,-70],[20,-122],[32,-67],[33,-8],[33,12],[54,-10],[21,-103],[19,-27],[105,0],[17,-6],[20,-74],[28,-41],[79,-52],[27,-7],[-2,-53],[10,-152],[-7,-59],[6,-96],[-5,-43]],[[62006,39173],[-88,9],[-59,-24],[-56,4],[-51,14],[-56,-7],[-49,-25],[-44,-98],[-60,-5],[-59,-32],[-73,13],[-34,-9],[-36,-35],[-8,-52],[-44,-39],[-76,-4],[-37,-24],[-34,-42],[-89,2],[-39,-72],[-63,-33],[-63,36],[-55,8],[-77,-2],[-71,-14],[-76,46],[-44,11],[-78,47],[-59,83],[-30,20],[-14,43],[-19,18],[-51,-14],[-43,-116],[-56,-165],[-41,-83],[-6,-52],[-41,-79],[-68,-1],[-34,-80],[45,-89],[-11,-44],[-72,-34],[-54,-56],[-32,-21],[-71,-4],[-38,-85],[-2,-74],[-60,-100],[14,-112],[-26,-63],[-54,-19],[-81,-11],[-47,-29],[-8,-18],[-19,-112],[-23,-42],[-55,4],[-119,48],[-69,-14],[-59,7],[-142,-3],[-50,-21],[-35,-39],[-42,-88],[-61,-75],[-35,-97],[-60,-68],[-20,-59],[-25,-23],[-46,-19],[-65,-44],[-73,-2],[-18,-28],[-4,-60],[38,-63],[16,-66],[-33,-66],[-16,-72],[-24,-51],[5,-74],[-33,-43],[-8,-77],[-24,-19],[-42,-59],[-43,-17],[-1,-57],[-47,-97],[13,-124],[-45,-122],[-18,-88],[-15,-39],[-35,-11],[-107,0],[-18,-12],[-35,-53],[-108,-49],[-7,-21],[53,-70],[1,-33],[-22,-96],[-42,-23],[-51,-94],[-79,-82],[38,-94],[-65,-88],[-52,-21],[-2,-55],[-45,-32],[-18,-94],[18,-42],[6,-61],[-19,-47],[14,-57],[-18,-41],[1,-44],[-34,-46],[0,-72],[-42,-20],[-20,-33],[7,-32],[-50,-39],[-17,-48],[-32,-35],[4,-97],[33,-12],[24,-29],[12,-56],[-22,-32],[-4,-68],[-27,-38],[-10,-112],[-112,-101],[-30,-39],[66,-66],[0,-60],[25,-103],[66,-120],[43,-23],[63,-73],[53,-52],[-4,-53],[-28,-55],[-73,-39],[-52,-45],[-57,-11],[-42,-111],[4,-101],[-33,-144],[-61,-76],[12,-115],[3,-88],[-30,-67],[6,-63],[-2,-137],[-12,-35],[-54,-59],[-12,-67],[-29,-21],[-49,-14],[-48,-105],[-87,-19],[-37,-47],[-29,-18],[-33,-64],[-23,-16],[-48,-3],[-135,7],[-69,16],[-19,-36],[-8,-138],[-11,-47],[5,-55],[-35,-57],[-33,-28],[-74,-107],[-95,-33],[-75,27],[-32,-35],[-46,-29],[-155,-5],[-88,52],[-60,57],[-25,3],[-29,-33],[-50,-28],[-28,-31],[-45,-14],[-73,-60],[-19,-28],[-35,-12],[-39,12],[-41,-16],[-27,12],[-41,43],[-34,-29],[-15,-46],[-89,-49],[-45,-107],[-31,-48],[-94,-59],[-35,-37],[-16,-69],[-37,-50],[1,-52],[16,-38],[-36,-59],[-7,-69],[-50,-28],[-45,15],[-93,-29],[-80,-109],[2,-110],[-36,-38],[-17,-66],[-46,-50],[-86,45],[-117,-26],[-55,-23],[-18,-18],[-52,-10],[-31,-66],[-181,-53],[-37,-33],[-33,-46],[-18,-41],[-27,-33],[-92,8],[-68,-21],[-67,24],[-80,12],[-31,-59],[17,-56],[2,-125],[-31,-41],[-18,-73],[-63,-101],[-31,-40],[-46,-82],[-36,-31],[-54,-94],[-44,-34],[-69,-32],[-9,-18],[46,-99],[-25,-46],[-60,28],[-54,16],[-58,-45],[-60,-87],[-36,-9],[-54,6],[-48,25],[-30,50],[-37,31],[-45,3],[-48,83],[-47,-77],[-1,-59],[-50,-156],[10,-40],[-71,-80],[-45,-5],[-11,-17],[0,-55],[18,-54],[9,-64],[-45,-29],[-45,-2],[-21,-13],[-93,-107],[-13,-26],[-59,-32],[-56,-96],[-45,-20],[-31,-33],[-75,-51],[-13,-41],[-83,16],[-69,-6],[-62,21],[-47,-23],[-17,-54],[35,-92],[-17,-63],[-32,-27],[-8,-25],[7,-74],[-43,-53],[-6,-26],[-39,-59],[-17,-131]],[[7505,44925],[-359,328],[-41,126],[-23,79],[-76,225],[-39,127],[-233,718],[-62,183],[-58,184],[-323,794],[-13,17],[-326,789],[-161,303],[-154,299],[-92,206],[-28,53],[-23,75],[-161,343],[-156,383],[-8,33],[-34,258],[27,91],[24,38],[24,15],[-14,22],[26,70],[57,178],[95,283],[21,19],[701,523],[386,349],[132,123],[203,171],[39,24],[243,118],[185,42],[293,90],[280,18],[224,37],[389,-59],[501,30],[54,-174],[-3,52],[78,5],[-54,-14],[6,-101],[20,-16],[3,-71],[106,7],[-13,196],[77,6],[12,-185],[143,10],[128,76],[5,-9],[531,311],[5,-9],[47,36],[165,41],[15,-10],[339,82],[8,13],[400,97],[85,15],[60,-2],[28,-10],[-336,-266],[-51,-13],[27,-122],[-7,-2],[-54,245],[-106,-28],[-1,-125],[-17,-20],[-1,-35],[-35,-39],[-80,-114],[-293,-390],[-202,-143],[59,-94],[-214,-152],[-460,-323],[106,-235],[-294,-156],[-24,-6],[44,-214],[102,-24],[-2,-6],[-104,28],[-21,85],[-71,354],[-80,-18],[35,-175],[-14,-3],[-35,174],[-122,-27],[24,-123],[63,14],[3,-20],[-62,-13],[24,-123],[89,19],[3,-15],[-89,-19],[11,-61],[-22,-5],[12,-52],[13,1],[-4,-42],[-24,-20],[39,8],[19,-94],[179,39],[3,-14],[-180,-40],[43,-236],[333,21],[-49,236],[5,1],[49,-237],[56,4],[0,14],[388,25],[3,-15],[393,-898],[248,119],[1,-3],[-387,-186],[-19,-31],[-15,15],[-446,-214],[111,-265],[-8,-4],[-75,177],[-177,-86],[-19,2],[47,-112],[108,49],[17,-114],[23,-77],[33,-62],[30,-74],[17,-20],[34,-83],[22,-32],[64,-136],[57,-102],[221,-356],[43,-54],[20,-43],[62,-79],[18,-36],[156,-204]],[[10547,50305],[-156,361],[-35,188],[-65,373],[55,90],[264,391],[843,736],[-1,133],[8,11],[-1,-146],[-845,-738],[-309,-457],[-4,-17],[97,-562],[372,-855],[47,-106],[-7,-3],[-263,601]],[[10840,49645],[39,-91],[-44,88],[5,3]],[[101809,59642],[21,-62],[43,-53],[1,-87],[-8,-66],[15,-82],[-26,-77],[33,-50],[25,-124],[27,-43],[108,-39],[116,-10],[49,15],[245,-256],[51,-6],[35,-33],[60,-120],[34,-37],[38,-4],[16,-17],[82,-53],[41,-7],[39,35],[51,10],[84,2],[79,27],[66,-12],[76,1],[30,-15],[46,-97],[134,-93],[68,-23],[97,-13],[104,-9],[30,-17],[20,-145],[0,-34],[-19,-153],[15,-25],[67,-21],[50,5],[65,-24],[53,5],[55,-17],[42,-27],[66,-63],[73,-20],[34,-39],[71,-52],[34,-2],[39,-25],[40,-43],[35,-62],[27,-23],[48,-63],[27,-14],[25,-51],[11,-93],[29,-102],[47,-101],[45,-54],[64,-29],[31,-26],[110,5],[51,-25],[-8,-91],[4,-96],[-59,-24],[-31,-66],[-68,-31],[-14,-25],[-18,-81],[-28,-82],[17,-97],[63,-263],[18,-97],[28,-92],[-1,-230],[-7,-108],[-15,-113],[-15,-49],[-46,-60],[5,-62],[-24,-42],[-26,-77],[13,-100],[-10,-26],[-45,-54],[6,-39],[61,-68],[41,-119],[87,-207],[28,-147],[29,-49],[51,-41],[100,-167],[24,-10],[58,21],[62,-11],[32,15],[20,42],[35,41],[112,27],[75,-8],[79,-36],[42,-58],[34,-27],[77,-16],[70,-2],[111,33],[37,-10],[85,1],[15,-15],[18,-63],[3,-120],[-8,-134],[3,-110],[19,-116],[9,-25],[5,-97],[29,-104],[20,-43],[58,-165],[59,-93],[63,-80],[-3,-51],[-32,-49],[-82,-76],[-41,-55],[-15,-59],[-2,-169],[-19,-89],[-59,-74],[-14,-67],[-18,-32],[-48,-44],[9,-27],[73,-79],[34,-23],[42,-76],[46,-65],[43,-39],[73,-20],[58,7],[-64,-151],[-22,-73],[-56,-54],[-56,-114],[-36,-49],[-15,-57],[-4,-62],[17,-68],[49,-119],[-3,-34],[-36,-18],[-92,-3],[-60,-33],[-68,-69],[-18,-60],[10,-184],[0,-80],[21,-71],[27,-127],[-28,-123],[-54,-73],[-87,-172],[-30,-15],[-44,10],[-30,-9],[6,-147],[-6,-28],[-56,-118],[-9,-77],[-29,-44],[-59,-22],[-48,-38],[-37,-119],[-40,-36],[-7,-50],[-20,-46],[-47,-68],[21,-58],[-8,-44],[-33,-33],[-7,-35],[3,-67],[-9,-51],[21,-59],[68,-56],[145,-35],[48,0],[62,37],[113,31],[52,-21],[26,-30],[76,-116],[44,-58],[101,-115],[104,-84],[71,-88],[36,-65],[139,0],[68,8],[58,-19],[67,-162],[12,-41],[13,-107],[20,-95],[44,-64],[111,-193],[-18,-49],[-45,-39],[-47,-85],[-56,-22],[-33,-27],[-23,-42],[-31,-140],[-31,-228],[18,-90],[30,-50],[59,-38],[21,-119],[12,-45],[51,-48],[39,-70],[19,-106],[4,-55],[54,-175],[25,-117],[45,-87],[47,-134],[52,-91],[35,-38],[33,-70],[13,-67],[6,-98],[18,-48],[53,-255],[50,-153],[20,-35],[33,-19],[34,-84],[25,-42],[83,-47],[4,-26],[-71,-92],[11,-44],[42,-44],[-4,-34],[-35,-36],[-31,-76],[-57,-53],[-53,-62],[-68,-43],[-39,-65]],[[94207,55157],[4,22],[57,-37],[76,34],[38,53],[103,70],[39,16],[91,58],[54,-7],[157,-54],[48,12],[76,-46],[39,-2],[11,-29],[42,-2],[64,13],[89,81],[36,96],[4,42],[54,58],[-320,233],[-96,72],[156,239],[-8,-48],[-106,-161],[271,-197],[87,135],[-74,54],[7,11],[75,-53],[58,91],[-90,66],[17,5],[9,56],[-96,21],[-81,-90],[20,41],[52,55],[414,-79],[3,6],[184,-39],[19,82],[-65,16],[-230,45],[-146,42],[7,4],[152,-43],[215,-42],[68,-16],[10,35],[-128,25],[-188,121],[-8,35],[-96,-24],[-21,59],[97,25],[4,18],[-82,99],[-15,2],[-83,-26],[-31,-70],[-15,3],[-10,-56],[-8,11],[-351,-112],[-5,15],[362,109],[11,70],[20,44],[23,-3],[-8,36],[13,22],[39,1],[-25,22],[1,34],[20,19],[-21,20],[25,22],[45,5],[31,-13],[-7,46],[25,6],[-61,37],[-39,37],[-8,44],[18,8],[23,-34],[79,-13],[-26,70],[25,20],[18,-51],[39,-7],[38,17],[37,53],[-40,29],[23,33],[-29,18],[2,29],[46,24],[14,-23],[65,-8],[8,32],[50,31],[28,-22],[35,6],[19,45],[29,-3],[71,16],[40,-53],[-12,39],[68,27],[25,-15],[-4,-23],[42,2],[22,-44],[45,-3],[-6,-26],[32,-6],[33,25],[19,31],[34,-43],[29,15],[24,31],[-8,41],[17,35],[-48,64],[49,31],[-61,21],[-21,36],[34,40],[64,-3],[33,-26],[20,15],[40,-8],[26,35],[-29,20],[36,41],[10,-30],[26,-16],[33,29],[-9,-28],[10,-45],[52,-44],[23,10],[40,-51],[28,-6],[-13,25],[16,23],[5,-54],[19,-7],[59,18],[10,18],[40,-18],[32,11],[-8,48],[30,1],[13,44],[17,-45],[27,-16],[38,23],[-43,63],[19,27],[-2,71],[57,44],[-2,-47],[24,1],[12,-59],[14,38],[-16,25],[7,39],[23,-25],[28,42],[46,-21],[35,17],[-9,22],[37,16],[22,-17],[29,13],[49,70],[19,-6],[78,78],[-36,15],[42,52],[59,23],[10,-47],[-17,-25],[-56,-36],[62,27],[19,23],[39,-10],[146,38],[3,-14],[-146,-43],[-10,6],[-112,-42],[-5,5],[-128,-139],[-102,-38],[-16,-47],[51,-19],[135,53],[27,-81],[22,-2],[13,121],[19,12],[76,-40],[-14,-39],[24,20],[9,-42],[-6,-60],[18,-1],[27,57],[14,-30],[23,17],[-6,26],[22,34],[1,-41],[24,41],[26,-17],[-5,-29],[-30,-57],[37,-38],[52,43],[-35,116],[-28,21],[4,26],[-21,77],[8,2],[23,-87],[23,-33],[43,-131],[-23,-16],[1,-26],[36,-23],[84,-36],[36,19],[8,-32],[15,31],[21,-32],[76,-61],[85,-34],[168,8],[31,-6],[121,10],[53,18],[41,-5],[51,22],[161,17],[89,53],[74,21],[145,69],[69,81],[32,-6],[47,22],[38,80],[-18,47],[12,28],[22,-3],[-18,30],[46,69],[-59,31],[-2,35],[32,-16],[18,12],[-31,19],[-28,42],[17,18],[56,8],[39,-59],[9,33],[28,-46],[17,2],[22,43],[-45,24],[0,31],[41,-3],[25,-34],[27,17],[-1,34],[32,2],[24,65],[-7,52],[-76,73],[-23,50],[-29,6],[-32,-30],[-50,24],[20,11],[-60,39],[15,17],[-32,9],[-3,39],[39,41],[23,9],[-51,53],[8,14],[50,-37],[3,35],[23,0],[18,-37],[18,38],[-3,36],[102,5],[45,32],[-2,26],[-29,17],[28,23],[-20,10],[16,37],[14,-8],[17,34],[-36,22],[29,7],[-5,31],[-31,24],[-10,30],[-75,-6],[-39,42],[-26,48],[-18,56],[-4,69],[16,30],[29,20],[1,29],[55,24],[-10,26],[37,13],[-2,-29],[21,-17],[41,33],[47,-55],[15,13],[11,-10],[12,15],[45,-54],[69,-2],[14,-24],[-3,66],[20,22],[38,-28],[2,67],[33,21],[33,-9],[6,32],[31,17],[-8,36],[26,3],[16,-21],[-1,-42],[35,-70],[-1,-44],[113,-109],[-8,-10],[-70,66],[-32,40],[-93,-72],[-34,-5],[-2,-49],[25,-15],[3,-28],[90,14],[3,-24],[30,-2],[-127,-19],[-13,-15],[25,-37],[-27,-42],[47,-119],[113,-153],[99,-82],[145,-59],[95,-23],[46,5],[29,28],[-15,25],[6,27],[22,-9],[-9,32],[-29,30],[33,-10],[11,16],[58,-19],[36,-40],[-3,-16],[52,-26],[10,25],[32,22],[36,5],[-16,-23],[105,-64],[26,-10],[58,0],[41,-17],[74,-6],[135,17],[92,45],[58,21],[166,21],[108,42],[102,24],[41,20],[104,83],[110,76],[39,50],[79,79],[-22,16],[34,17],[11,51],[23,57],[-25,50],[-16,8],[-14,76],[-44,59],[-19,49],[20,-4],[14,80],[-36,24],[-5,35],[16,13],[-28,44],[-1,50],[27,63],[-22,77],[19,69],[3,76],[29,27],[5,28],[-18,40],[5,45]],[[96427,57421],[-57,11],[-10,-43],[-38,2],[-12,22],[4,62],[31,1],[-11,19],[59,-6],[-21,-15],[18,-33],[25,11],[12,-31]],[[94785,56295],[33,-13],[-148,-21],[0,-6],[-122,-15],[-3,24],[240,31]],[[97491,57769],[197,128],[9,-16],[-197,-128],[-9,16]],[[95589,56995],[-15,-7],[-39,46],[22,43],[33,-34],[-1,-48]],[[96138,57048],[-13,-20],[-45,0],[11,26],[-18,27],[37,21],[-3,-31],[27,4],[4,-27]],[[95642,57095],[31,-5],[39,-77],[-12,-17],[-32,28],[-26,71]],[[95495,57033],[27,-40],[-37,-24],[-41,42],[51,22]],[[97885,57232],[45,17],[13,-37],[-61,-15],[3,35]],[[95349,56789],[-7,14],[40,3],[31,-59],[-30,-10],[-1,26],[-33,26]],[[99015,57404],[-41,4],[-17,45],[19,11],[39,-60]],[[94195,55194],[-2,9],[28,36],[17,-24],[1,-34],[-44,13]],[[100674,58174],[29,24],[9,-22],[-20,-29],[-24,-3],[6,30]],[[100373,58280],[-37,52],[53,-31],[-16,-21]],[[99498,58910],[4,49],[23,-9],[2,-29],[-25,-30],[-4,19]],[[99321,58469],[-21,12],[36,8],[41,-36],[-56,16]],[[96823,57824],[31,42],[13,-33],[-44,-9]],[[95227,56463],[-31,3],[-14,24],[38,5],[7,-32]],[[96428,57398],[-46,-12],[26,29],[20,-17]],[[96577,57483],[-2,-33],[-30,18],[32,15]],[[96798,57177],[-18,7],[-6,52],[10,9],[14,-68]],[[96295,57303],[5,-21],[-31,13],[-2,23],[28,-15]],[[99471,58906],[-13,8],[-10,40],[16,0],[7,-48]],[[96126,56951],[-33,34],[33,-9],[0,-25]],[[99400,58964],[-30,8],[22,19],[8,-27]],[[100403,58330],[-2,-17],[-42,29],[44,-12]],[[95626,57067],[-26,37],[5,18],[28,-35],[-7,-20]],[[95340,56688],[2,-14],[-53,30],[0,18],[51,-34]],[[99233,58637],[11,20],[18,-29],[-29,9]],[[96265,57075],[-25,-3],[-5,22],[30,-19]],[[112775,33016],[37,-93],[15,-160],[-13,-69],[3,-52],[93,-124],[0,-29],[-33,-89],[5,-48],[36,-35],[81,-31],[112,-78],[33,-50],[27,-82],[50,-58],[7,-56],[17,-33],[38,-31],[49,-22],[76,-61],[116,-39],[128,-31],[20,-22],[15,-47],[-9,-101],[-79,-134],[-58,-10],[-56,13],[-46,-5],[-52,-42],[14,-160],[-8,-84],[-19,-109],[-46,-72],[1,-100],[34,-109],[-14,-118],[-3,-74],[-32,-107],[-66,-61],[-60,-40],[-27,-36],[-12,-86],[-23,-95],[-23,-69],[-64,-66],[-91,-54],[-34,-14],[-16,-82],[14,-122],[-10,-95],[-59,-130],[-55,-176],[-29,-122],[-12,-79],[4,-95],[-54,-248],[13,-73],[76,-107],[16,-63],[20,-207],[23,-70],[23,-33],[8,-62],[-42,-82],[-18,-86],[6,-77],[30,-23],[32,-60],[71,-154],[39,-52],[76,-45],[12,-17],[38,-120],[110,-106],[83,-28],[72,-16],[58,-63],[14,-28],[-31,-95],[5,-35],[19,-21],[107,-35],[13,-26],[3,-46],[25,-31],[48,-9],[33,-21],[81,-130],[-58,-184],[-22,-17],[-102,-12],[-80,-42],[-6,-92],[-62,-135],[-8,-36],[12,-31],[62,-101],[-3,-36],[-22,-35],[29,-49],[-5,-63],[-77,-116],[-17,-54],[7,-109],[11,-41],[-16,-37],[-28,-9],[-21,-102],[-45,-127],[-4,-60],[41,-118],[46,-104],[36,-52],[-13,-77],[13,-67],[70,-169],[70,-128],[52,-61],[-63,-184],[-6,-82],[29,-110],[-10,-79],[23,-52],[37,-47],[6,-90],[10,-38],[35,-27],[63,-29],[25,-21],[33,-65],[-4,-73],[12,-51],[-14,-48],[-104,-26],[-37,-20],[-99,-29],[-43,-91],[-47,-75],[-95,-91],[-89,-9],[-64,-31],[-37,-30],[-51,-79],[-100,-60],[-96,-41],[-86,-76],[-93,-116],[-38,-66],[-15,-70],[-51,-34],[-52,-22],[-86,-50],[-83,-16],[-116,-5],[-91,-31],[-49,-30],[-40,-14],[-98,-102],[-66,-41],[-29,-36],[-51,-84],[-34,-72],[-41,-58],[-74,-90],[-19,-49],[-7,-51],[-24,4],[-98,63],[-153,73],[-30,-5],[-43,-82],[-47,-48],[-74,-60],[-61,-66],[-14,-35],[-10,-73],[-29,-143],[-16,-52],[-32,-151],[-2,-148],[-11,-45],[-35,-44],[-58,-34],[-78,-158],[-49,-64],[-44,-20],[-35,-34],[-57,-30],[-15,-23],[-9,-83],[-55,-52],[-34,-9],[-105,15],[-52,-6],[-130,22],[-46,-11],[-91,2],[-12,-25],[15,-81],[-90,-49],[-45,7],[-55,-42],[-35,-93],[-28,-38],[-48,11],[-42,-46],[-68,-21],[-59,-45],[-21,-40],[-44,-11],[-41,-53],[-63,-15],[-43,-27],[-78,21],[-36,-17],[0,-99],[46,-97],[-12,-61],[21,-39],[27,-106],[71,-87],[12,-96],[4,-124],[-29,-62],[-53,-14],[-55,48],[-62,16],[-70,31],[-78,18],[-81,-6],[-107,41],[-76,-20],[-51,8],[-90,-17],[-114,18],[-44,-22],[-56,-10],[-50,14],[-86,-6],[-201,20],[-56,-16],[-34,-27],[-63,-89],[-67,-27],[-56,15],[-40,27],[-88,-114],[-28,-133],[-33,-42],[-55,-41],[-25,-44],[-9,-73],[-51,-20],[-29,-88],[-20,-21],[-160,-112],[-74,-37],[-71,-50],[-89,-47],[-29,3],[-59,42],[-47,23],[-79,11],[-75,70],[-82,71],[-32,7],[-29,24],[-26,41],[-47,15],[-35,-23],[-29,4],[-91,-21],[-48,56],[-3,117],[-17,30],[-151,160],[-36,8],[-66,46],[-11,43],[2,98],[-39,31],[-107,-20],[-76,29],[-132,-1],[-125,74],[-39,11],[-56,35],[-29,49],[-59,31],[-54,-9],[-56,35],[-208,55],[-39,-2],[-69,15],[-34,-2],[-57,-34],[-56,-9],[-40,41],[-104,81],[-95,35],[-44,0],[-27,-28],[-57,-11],[-50,14],[-40,24],[2,55],[-33,-2],[-60,66],[-15,28],[-7,70],[19,89],[-28,86],[2,33],[25,30],[3,60],[-32,43],[-60,28],[-20,30],[-19,69],[-16,26],[-94,75],[-35,62],[14,74],[-43,67],[-35,23],[-105,-19],[-32,4],[-41,27],[-36,78],[-76,18],[-33,29],[-16,93],[-33,8],[-126,-26],[-102,-15],[-48,-20],[-42,-67],[-61,-58],[-37,-19],[-45,-39],[-37,-16],[-65,14],[-70,-16],[-22,-19],[-32,-67],[-32,-37],[-53,-1],[-51,-24],[-50,-8],[-40,14],[-51,-7]],[[102753,20474],[-2,43],[-32,72],[4,50],[-21,50],[5,21],[72,55],[53,1],[93,29],[20,23],[14,51],[46,54],[67,30],[-2,105],[17,25],[111,92],[25,35],[-9,27],[9,74],[-12,62],[12,90],[48,92],[-2,63],[-46,-6],[-48,31],[-6,45],[-29,55],[-43,15],[-3,73],[10,68],[42,75],[65,152],[1,48],[-24,58],[25,60],[-9,83],[28,55],[-16,60],[17,50],[11,83],[16,46],[-8,79],[17,102],[-17,47],[11,155],[-29,72],[-14,90],[31,42],[-21,80],[-10,104],[28,35],[16,82],[-10,58],[14,45],[-11,43],[-45,55],[-45,135],[-24,44],[-64,3],[-73,49],[-34,44],[-7,28],[16,101],[-13,102],[-60,109],[-36,75],[-46,23],[-13,45],[8,78],[102,144],[5,28],[-39,138],[-4,41],[21,86],[27,51],[-16,28],[-89,31],[-28,35],[-25,121],[-28,26],[-71,-43],[-33,0],[-62,16],[-132,71],[-83,67],[-9,21],[3,52],[-55,30],[-31,3],[-95,-38],[-55,-28],[-122,-12],[-65,-23],[-45,28],[-76,-45],[-71,-13],[-84,115],[-86,42],[-45,50],[-35,74],[-34,38],[-98,59],[-86,103],[-45,19],[-36,52],[-17,7],[-84,-14],[-62,22],[-38,74],[-5,134],[-15,50],[-49,97],[-2,97],[17,52],[-13,50],[-43,39],[-112,5],[-61,56],[-38,3],[-144,91],[-25,5]],[[100505,26729],[13,185],[16,65],[-7,53],[7,36],[39,55],[31,10],[20,28],[26,83],[-32,23],[-25,42],[-61,43],[-7,50],[12,24],[43,37],[57,35],[1,32],[19,28],[83,64],[8,17],[-14,46],[36,56],[34,75],[15,66],[39,74],[64,79],[27,60],[-8,32],[-64,81],[-6,36],[23,41],[-19,113],[11,45],[47,62],[21,119],[-37,95],[3,68],[125,166],[27,130],[-11,76],[13,91],[24,77],[0,24],[-88,160],[-105,34],[-60,46],[1,29],[35,37],[-23,69],[8,69],[-19,58],[-20,32],[1,57],[35,33],[38,-6],[57,-32],[177,4],[99,50],[64,-13],[71,0],[46,23],[103,75],[76,33],[102,80],[26,33],[44,81],[40,11],[106,-3],[42,8],[140,70],[75,69],[92,52],[-8,68],[5,32],[-8,66],[11,43],[31,29],[13,66],[-14,58],[-32,44],[-11,119],[-14,90],[-17,64],[1,41],[32,94],[7,69],[-27,85],[-17,93],[-24,59],[12,79],[6,111],[-27,98],[-21,32],[-28,104],[52,124],[5,50],[38,119],[-7,95],[18,55],[133,12],[114,25],[3,-54],[26,-84],[76,-112],[31,13],[166,-237],[22,-27],[129,-107],[58,-30],[37,-67],[41,-55],[112,-115],[31,-25],[58,66],[-105,87],[62,77],[138,-127],[39,8],[76,95],[4,20],[-57,91],[-21,46],[-1,51],[-13,53],[-76,82],[-10,96],[15,83],[-7,70],[-25,102],[-39,118],[-13,80],[38,106],[2,38],[30,85],[14,92],[-2,29],[18,137],[41,109],[83,93],[90,126],[16,43],[0,59],[52,63],[-4,14],[-60,44],[-29,64],[-72,47],[-11,25],[-4,84],[-38,93],[-23,36],[-47,33],[-12,63],[53,49],[37,16],[118,87],[25,36],[54,113],[28,3],[31,-16],[87,-24],[88,0],[55,11],[80,-5],[68,7],[68,23],[56,54],[17,45],[48,46],[78,42],[43,48],[96,65],[153,64],[43,29],[44,52],[30,19],[58,13],[43,42],[37,96],[-19,49],[7,37],[46,57],[21,70],[27,24],[45,-69],[48,27],[-1,78],[140,78],[37,-20],[110,32],[58,-32],[36,6],[84,-4],[20,7],[7,38],[38,32],[62,2],[56,39],[44,-5],[20,46],[48,17],[44,-25],[92,4],[32,15],[54,0],[69,23],[24,41],[70,33],[47,-24],[40,28],[58,-38],[73,19],[61,7],[22,76],[15,19],[57,33],[71,54],[74,79],[29,47],[29,75],[48,31],[35,43],[61,19],[30,21],[88,7],[76,35],[-1,58],[23,104],[54,43],[6,43],[35,49],[4,56],[20,48],[74,45],[-17,53],[6,48],[24,36],[0,85],[40,159],[0,102],[-8,84],[18,59],[48,28],[36,55],[1,138],[41,23],[83,6],[52,24],[19,22],[15,70],[79,77],[28,44],[50,54],[73,97],[35,71],[13,92],[-5,114],[35,70],[18,97],[-6,66],[37,163],[36,49],[-3,36],[13,104],[-12,68],[15,48],[-2,30],[-29,74],[-64,75],[-8,53],[46,42],[24,81],[-8,37],[11,25],[6,70],[28,65],[-19,59],[23,112],[-28,98],[20,36],[58,54],[16,49],[16,122],[22,62],[-4,22],[-40,25],[-14,27],[-21,109],[16,93],[-5,28],[-38,36],[-69,18],[-56,33],[-30,28],[-48,84],[-26,31],[-55,127],[-17,68],[-27,50],[-30,23],[-48,13],[-21,22]],[[107597,41245],[55,10],[54,28],[23,-1],[53,-65],[73,-26],[227,-30],[34,-38],[40,-155],[65,-133],[49,-57],[127,-54],[84,-10],[41,-40],[43,-74],[35,-35],[25,-2],[142,20],[118,-2],[74,-14],[247,22],[47,14],[164,4],[47,-5],[77,-74],[121,-87],[47,-19],[5,-18],[-22,-67],[14,-97],[46,-42],[48,-18],[55,2],[39,14],[42,29],[72,29],[41,-4],[14,-24],[22,-91],[54,-150],[44,-77],[73,-54],[42,-11],[80,10],[80,-15],[50,-43],[89,-27],[74,1],[56,-40],[50,-79],[87,-49],[34,-54],[-10,-155],[-10,-58],[-31,-23],[-53,22],[-22,-2],[-102,-65],[-68,-18],[-35,-21],[-18,-44],[50,-90],[81,-52],[28,-32],[36,-64],[6,-44],[-10,-120],[-84,-173],[-7,-40],[2,-69],[18,-109],[0,-34],[-17,-56],[-35,-79],[-3,-24],[21,-33],[66,-45],[96,-116],[69,-16],[38,-34],[51,-25],[52,-143],[3,-30],[-13,-78],[-25,-87],[-23,-127],[-4,-69],[-77,-62],[3,-74],[-7,-100],[11,-40],[36,-22],[22,-60],[-12,-68],[-27,-74],[-79,-119],[-86,-14],[-17,-18],[-35,-73],[5,-82],[-18,-99],[6,-57],[-2,-93],[-12,-65],[11,-72],[25,-35],[-29,-18],[-30,-60],[-29,-92],[-37,-25],[-42,-66],[-55,-72],[-42,-27],[-48,-76],[-2,-38],[34,-95],[4,-35],[-37,-184],[5,-78],[29,-49],[14,-70],[-12,-20],[-65,-25],[-13,-16],[-23,-91],[8,-88],[-53,-90],[-41,-57],[-20,-49],[-20,-83],[-10,-140],[40,-77],[51,-138],[54,-32],[10,-20],[1,-88],[107,-133],[15,-83],[18,-11],[37,16],[51,3],[86,-30],[25,-25],[18,-46],[24,-22],[65,12],[51,-14],[70,38],[23,3],[30,-20],[44,-54],[34,-14],[41,2],[50,-12],[39,-45],[18,-79],[16,-16],[145,-63],[32,-46],[4,-70],[37,-81],[16,-17],[51,2],[46,-11],[62,-49],[38,-79],[19,-6],[50,40],[44,17],[91,10],[52,-12],[43,-62],[72,-11],[82,-26],[54,-48],[77,4],[45,26],[41,9],[77,-36],[111,6],[45,-12],[54,-30],[36,-40],[46,-33],[51,-15],[58,11]],[[93608,26917],[29,-8],[100,-57],[41,-63],[65,-40],[11,-68],[5,-184],[44,-45],[2,-69],[30,-59],[32,-30],[215,-38],[16,-48],[21,2],[113,69],[64,16],[65,-18],[51,22],[32,-25],[45,-64],[88,-40],[51,42],[92,16],[41,42],[137,44],[75,10],[20,30],[-7,64],[-16,35],[5,48],[31,79],[65,89],[-7,45],[18,80],[31,65],[60,64],[31,48],[80,-10],[35,3],[137,72],[38,31],[83,30],[106,-5],[66,50],[78,25],[84,-2],[150,16],[104,-6],[72,-45],[54,-79],[14,5],[74,83],[70,150],[10,77],[35,41],[78,38],[42,2],[51,-55],[101,25],[51,-8],[49,-54],[17,-36],[119,25],[45,0],[104,-27],[49,-30],[52,-47],[44,-14],[71,-8],[34,21],[58,76],[62,50],[64,96],[45,-13],[54,-29],[42,-38],[44,-15],[81,-47],[60,-10],[75,-40],[65,-22],[42,-65],[29,-13],[87,-5],[67,-73],[5,-33],[41,-70],[49,-26],[63,-16],[42,-52],[16,-7],[132,8],[68,-18],[44,-29],[72,-3],[41,15],[151,-8],[76,-13],[47,-21],[24,-35],[12,-52],[23,-52],[64,35],[116,1],[66,6],[39,-27],[39,9],[86,75],[66,21],[90,-18],[56,35],[30,-3],[34,-31],[34,-71],[89,49],[39,13],[19,-35],[21,-7],[70,33],[63,0],[59,-43],[143,8]],[[102753,20474],[-57,-103],[-79,-65],[-71,-13],[-14,-64],[-65,-19],[-77,7],[-123,-31],[-65,6],[-49,-42],[-27,-13],[-51,19],[-17,-9],[-28,-49],[-1,-69],[27,-53],[44,-35],[56,-119],[4,-104],[20,-63],[-14,-76],[-60,-77],[1,-48],[64,-44],[43,-94],[-15,-85],[-71,-86],[-35,-61],[-101,-114],[-20,-69],[-100,-48],[-51,-40],[-62,-91],[-36,-83],[-25,-13],[-52,-2],[-89,-68],[-61,-3],[-50,19],[-85,-37],[-60,-36],[-70,-61],[-90,-98],[-121,29],[-19,-8],[-35,-48],[-86,-39],[-73,-24],[-70,-49],[-29,-48],[-56,-38],[-76,-9],[-28,-21],[-46,-81],[-83,-104],[-41,-24],[-64,-10],[-22,-17],[-30,-61],[-3,-35],[-27,-39],[-35,-28],[-113,6],[-79,-20],[-108,-19],[-94,-68],[-22,-31],[-51,-26],[-73,-58],[-57,-15],[-55,-1],[-75,46],[-147,19],[-50,-38],[-71,-64],[-47,-10],[-100,-78],[-10,-119],[25,-87],[-7,-35],[-83,-125],[-20,-55],[-26,-37],[-9,-40],[10,-118],[-7,-60],[-28,-30],[-109,-55],[-93,-7],[-26,-13],[-75,-110],[-7,-52],[-33,-60],[-32,-30],[-100,-58],[-64,-95],[-27,-65],[-74,-103],[-80,-84],[-42,-73],[-60,-69],[-52,-44],[-76,-42],[-29,-43],[11,-43],[-20,-40],[-60,-23],[-39,-58],[-24,-19],[-53,-9],[-45,-31],[-66,40],[-57,53],[-120,2],[-40,-9],[-58,-73],[-64,-71],[-60,-7],[-49,-26],[-57,8],[-158,52],[-95,-37],[-46,-2],[-128,24],[-53,24],[-71,55],[-105,4],[-100,-7],[-101,39],[-85,7],[-57,-23],[-116,-11],[-49,2],[-35,-15],[-44,-41],[-21,-36],[-84,23],[-75,-33],[-27,-48],[-94,-84],[-18,-27],[-54,-22],[-40,4],[-38,52],[-48,36],[-23,5],[-47,-30],[-131,-47],[-136,-3],[-54,-15],[-58,-33],[-48,-37],[-77,-39],[-36,-8],[-54,9],[-52,-21],[-82,-16],[-53,-94],[-28,-32],[-25,-2],[-116,23],[-96,-3],[-46,51],[-36,21],[-52,68],[-67,74],[-10,76],[-50,29],[-38,51],[-41,30],[-115,28],[-55,1],[-87,-18],[-21,15],[-42,54],[-19,43],[-44,61],[-37,116],[-58,56],[0,41],[-15,57],[5,58],[-15,132],[16,41],[-31,41],[2,48],[-9,63],[-30,15],[-52,0],[-104,-20],[-183,45],[-35,44],[-27,49],[-40,39],[-113,46],[-35,55],[-68,-106],[-78,-23],[-20,-34],[-70,-27],[-56,-8],[-64,-53],[-69,1],[-101,-37],[-49,-106],[-4,-42],[-60,-103],[-31,-28],[-13,-64],[-28,-66],[7,-84],[14,-44],[-9,-37],[-61,-37],[-86,-166],[-38,-38],[-52,-27],[-120,-43],[-51,-2],[-40,-17],[-66,-44],[-22,-35],[-104,-70],[-101,-7],[-63,-11],[-70,76],[-186,18],[-75,14],[-134,10],[-94,-16],[-43,10],[-23,-8],[-102,-81],[-15,-43],[-58,-79],[-36,0],[-55,-16],[-61,5],[-83,-11],[-71,1],[-50,14],[-51,-20],[-22,-43],[-16,-76],[-57,-38],[-69,-26],[-5,-35],[14,-52],[45,-52],[-4,-40],[-31,-60],[-21,-20],[-150,-9],[-40,-10],[-30,-32],[-7,-32],[-59,-100],[-12,-73],[-31,-19],[-100,26],[-37,-3],[-190,-44],[-62,-76],[-32,-3],[-75,39],[-114,33],[-43,25],[-38,39],[-50,-4],[-40,-66],[-30,-27],[-53,-5],[-170,20],[-129,-79],[-136,-1],[-86,11],[-48,-34],[-89,-25],[-62,10],[-56,37],[-33,45],[7,87],[-29,16],[-60,-12],[-160,3],[-37,-16],[-100,-67],[-53,-29],[-40,-10],[-103,-3],[-40,-8],[-65,-40],[-21,-38],[19,-58],[52,-31],[22,-39],[-7,-78],[-20,-58],[12,-77],[-9,-111],[-22,-39],[-64,-24],[-33,-97],[-5,-107],[-52,-65],[-24,-97],[-35,-12],[-13,-30],[1,-51],[-30,-38],[-10,-49],[5,-47],[19,-51],[-22,-107],[-9,-71],[-15,-23],[-261,-209],[-126,-70],[-55,-51],[-122,-72],[-71,-29],[-115,-20],[-42,-34],[-40,-82],[-62,-77],[-33,-11],[-91,-62],[-26,-1],[-70,19],[-176,30],[-153,14],[-24,11],[-88,68],[-55,28],[-108,108],[-23,13],[-71,-16],[-36,11],[-18,45],[6,40],[22,56],[25,90],[42,80],[2,57],[-21,60],[-14,68],[-27,72],[-13,88],[56,69],[44,100],[8,68],[-32,59],[-58,64],[-50,97],[-10,52],[-2,75],[-29,43],[2,62],[-9,40],[-55,103],[-30,71],[-3,95],[-49,76],[-87,78],[-48,23],[-19,20],[-30,76],[-15,15],[-91,19],[-36,50],[7,66],[-19,64],[-72,32],[-105,88],[-29,17],[-61,-5],[-23,8],[-58,59],[-72,-16],[-34,4],[-49,83],[-65,32],[-25,69],[-54,63],[-3,77],[91,147],[9,38],[-2,57],[-34,96],[-53,44],[30,52],[31,19],[13,54],[2,76],[29,23],[17,56],[-17,80],[5,132],[-9,86],[28,44],[21,116],[16,18],[83,41],[31,2],[-15,90],[18,52],[6,88],[61,55],[20,39],[60,21],[56,30],[25,89],[54,66],[23,39],[2,70],[38,92],[40,66],[51,105],[28,44],[-32,53],[28,87],[17,97],[17,41],[59,19],[21,41],[-15,102],[-11,36],[-75,51],[-48,53],[-10,57],[5,81],[11,45],[39,37],[19,66],[-19,53],[5,46],[44,31],[52,89],[35,35],[24,114],[-66,54],[-31,53],[-28,96],[-49,38],[2,39],[-13,66],[-47,79],[7,63],[-50,53],[-54,14],[-86,86],[-34,13],[-41,52],[-28,-15],[-42,15],[-53,-3],[-42,-23],[-58,-17],[-97,-71],[-81,-12],[-94,-25],[-110,4],[-42,8],[-67,-46],[-33,-8],[-36,-26],[-23,-36],[-21,-6],[-100,6],[-39,-4],[-39,-47],[-32,-17],[-100,-27],[-40,21],[-38,37],[-43,70],[-41,14],[-24,26],[-101,147],[-29,55],[-36,42],[5,64],[-32,33],[-94,41],[-114,237],[-4,42],[15,22],[88,71],[87,105],[38,34],[88,34],[39,-6],[63,-34],[54,6],[96,89],[51,38],[60,61],[7,62],[-15,21],[-116,67],[-18,32],[9,40],[41,65],[3,30],[-29,33],[-55,96],[-42,114],[-13,132],[8,71],[15,68],[21,35],[89,41],[48,58],[7,32],[-35,84],[0,45],[38,21],[81,-32],[53,9],[36,52],[20,59],[4,55],[92,112],[62,116],[47,49],[59,39],[-3,42],[-43,169],[-25,39],[-43,13],[-73,51],[-85,32],[-72,-17],[-77,7],[-5,39],[52,68],[-37,22],[-47,59],[-121,111],[-81,-8],[-27,14],[-56,92],[-43,34],[-50,111],[8,49],[-51,66],[-7,53],[20,50],[-144,53],[-29,25],[-32,69],[-2,49],[18,47],[-14,77],[51,90],[-8,61],[9,31],[32,18],[51,-16],[31,32],[54,23],[44,86],[30,36],[9,42],[-27,58],[-3,67],[-18,33],[6,61],[-26,61],[-38,55],[-18,80],[-46,25]],[[72511,31348],[-118,-86],[-46,-25],[-35,-2],[-36,16],[-190,4],[-44,17],[-11,19],[-19,93],[-51,75],[-18,3],[-139,-36],[-118,-5],[-110,20],[-59,4],[-81,35],[-171,117],[-118,5],[-50,15],[-69,-41],[-69,-26],[-85,-73],[-24,-84],[-60,-50],[-57,-87],[-31,-89],[-45,-59],[-54,0],[-96,17],[-70,28],[-46,-35],[-86,-44],[-33,-29],[-69,-81],[-80,-20],[-49,8],[-82,-44],[-59,-49],[-40,-13],[-97,-49],[-69,-59],[-71,-85],[-35,-53],[-25,5],[-54,71],[-87,18],[-23,51],[-55,62],[-71,54],[-27,4],[-52,-23],[-50,0],[-142,40],[-28,46],[-72,70],[-41,62],[-51,19],[-59,-5],[-53,-25],[-48,-38],[-119,-71],[-54,-26],[-43,7],[-85,30],[-56,-52],[-27,-53],[-50,-44],[-20,-86],[-42,-49],[-34,-15],[-123,-6],[-86,37],[-64,-92],[-74,-80],[-81,-44],[-90,-15],[-71,-84],[-64,-58],[-15,-24],[-18,-72],[0,-77],[18,-85],[-21,-20],[-91,-57],[-93,-76],[-27,-39],[-96,-67],[-112,-138],[-103,-96],[-64,-35],[-100,-80],[-18,-3],[-72,35],[-60,47],[-44,68],[-21,12],[-78,6],[-42,37],[-33,7],[-69,-44],[-71,-32],[-51,1],[-39,14],[-27,27],[-18,56],[-6,54],[-27,31],[-129,7],[-34,-8],[-86,-46],[-51,-45],[-69,-48],[-35,-33],[-57,-79],[-88,-187],[-39,-93],[-17,-60],[-22,-291],[-35,-102],[-26,-18],[-20,-88],[-44,-91],[-1,-112],[-7,-118],[-7,-30],[41,-66],[67,-45],[15,-27],[86,-102],[96,-97],[20,-35],[21,-75],[5,-91],[-8,-63],[-14,-38],[-40,-38],[3,-78],[-8,-36],[-50,-83],[-38,-85],[-25,-32],[-20,-76],[-44,-47],[-64,-28],[-13,-61],[-28,-32],[-41,-20],[-50,14],[-49,-44],[10,-49],[31,-47],[-28,-109],[-62,-35],[-21,-30],[10,-43],[-17,-30],[-55,-2],[-77,19],[-51,-49],[-75,19],[-107,-41],[-78,52],[-29,43],[-64,7],[-59,29],[-37,-4],[-79,-62],[-26,15],[-51,5],[-60,24],[-30,-10],[-53,-60],[-38,-4],[-22,43],[-45,9],[-81,-10],[-42,9],[-132,-22],[-37,-13],[-57,41],[-101,-44],[-31,-21],[-11,-161],[-14,-17],[-154,-29],[-102,-37],[-79,-50],[-36,-9],[-114,17],[-50,41],[-25,10],[-91,-5],[-49,-15],[-38,-50],[-31,-121],[-49,-126],[-44,-28],[-106,-39],[-82,-94],[-66,-6],[-59,18],[-35,-83],[-64,-69],[-86,-66],[-75,-41],[-52,-19],[-27,-44],[-4,-74],[-17,-42],[3,-69],[-16,-25],[-88,-50],[-62,-45],[-53,48],[-18,57],[-44,80],[-24,-6],[-23,-36],[-29,-91],[-80,-31],[-28,-20],[-78,-33],[-60,-5],[-28,14],[-46,58],[-21,13],[-78,-1],[-106,58],[-103,-3],[-50,-21],[-90,-19],[-56,-48],[-8,-82],[-28,-46],[-33,-15],[-40,26],[-47,2],[-36,-20],[-62,-73],[-33,-5],[-74,63],[-158,6],[-70,10],[-88,28],[-60,-27],[-68,-9],[-111,-37],[-44,-37],[-24,-97],[5,-61],[-24,-72],[-37,-32],[33,-55],[-51,-140],[-5,-65],[17,-65],[30,-46],[33,-16],[85,2],[33,-18],[66,-15],[39,3],[57,-18],[33,-51],[68,-54],[-16,-165],[-68,10],[-36,-14],[-65,-49],[12,-45],[-6,-124],[18,-32],[77,-75],[9,-18],[-12,-50],[-73,-143],[-14,-73],[-33,-39],[-31,-17],[37,-69],[24,-125],[48,-48],[7,-93],[64,-90],[25,-93],[-21,-22],[-50,2],[-74,-37],[-41,-11],[-25,-44],[-86,-14],[-43,-21],[-33,-29],[-112,-77],[-70,-62],[-56,-83],[-30,-32],[-48,-17],[-85,0],[-62,14],[-21,-11],[-30,-91],[-27,-31],[-42,-24],[-96,-117],[-16,-54],[-8,-79],[-31,-105],[-5,-61],[-19,-53],[-59,-105],[-39,-44],[-51,-32],[-77,-32],[-26,-90],[-20,-43],[-39,-31],[-28,-46],[-28,-116],[-26,-44],[-62,-19],[-37,-34],[-63,-121],[-24,-64],[-35,-34],[-55,-31],[-33,-66],[18,-59],[87,-150],[-39,-70],[-2,-76],[6,-72],[-93,-18],[-48,14],[-71,-7],[-39,14],[-51,79],[-93,63],[-26,26],[-46,11],[-79,-10],[-90,-39],[-31,-42],[-41,-26],[-62,-13],[-82,-71],[-42,-19],[-137,-33],[-217,42],[-103,54],[-59,5],[-49,-33],[-42,8],[-44,42],[-29,11],[-54,-3],[-84,51],[-88,6],[-63,34],[-148,106],[-71,17],[-39,36],[-60,31],[-32,107],[-7,58],[5,49],[-16,88],[14,30],[14,87],[30,30],[21,43],[-3,79],[-25,136],[-50,72],[-73,59],[-8,48],[6,109],[-21,54],[-27,25],[-8,44],[18,32],[-3,29],[-51,75],[-25,58],[-32,17],[-47,46],[-64,8],[-26,15],[-28,47],[-53,32],[-58,69],[-9,86],[-18,33],[-41,42],[-23,49],[-41,14],[-42,-7],[-51,16],[-95,111],[-10,26],[12,29],[18,115],[34,78],[38,71],[40,58],[35,77],[3,34],[-13,48],[-6,69],[-44,46],[31,59],[-8,20],[-52,40],[-34,85],[-49,33],[-56,57],[-59,37],[-45,41],[-38,48],[-13,36],[24,86],[21,38],[-21,42],[-58,47],[-60,31],[-117,74],[-24,49],[-63,84],[7,80],[-29,81],[3,39],[58,45],[-11,44],[-86,47],[-77,52],[-26,68],[-37,71],[88,61],[14,33],[-2,34],[-35,84],[20,98],[-94,29],[-52,94],[-30,23],[-88,8],[-31,-18],[-35,5],[-31,26],[-33,-15],[-33,-77],[-20,-26],[-59,-27],[-32,0],[-104,34],[-91,4],[-65,9],[-64,26],[-29,46],[-8,55],[47,87],[-15,58],[-18,29],[15,65],[42,65],[-6,23],[-63,-9],[-66,-55],[-15,-50],[-69,-103],[-34,-31],[-59,-26],[-47,-9],[-113,0],[-43,-13],[-31,13],[-12,25],[-17,89],[-30,39],[-10,36],[-12,131],[-69,37],[-83,24],[-28,16],[-36,49],[-20,8],[-85,-11],[-51,23],[-49,-10],[-45,40],[-50,-10],[-34,14],[-46,62],[-18,61],[-17,27],[-72,34],[-38,49],[-25,15],[-3,56],[-13,35],[-72,44],[-48,62],[-74,20],[-44,26],[-32,31],[-34,59],[-33,134],[-22,65],[-101,164],[-25,28],[-106,36],[-75,-16],[-69,3],[-56,32],[-21,27],[14,68],[-36,33],[-37,80]],[[62006,39173],[94,4],[72,-23],[36,-3],[37,-34],[50,1],[62,37],[72,12],[44,26],[44,5],[50,-29],[83,-22],[35,-30],[19,-33],[19,-64],[22,-1],[85,25],[91,-9],[54,67],[17,74],[19,8],[118,-18],[50,17],[46,49],[39,66],[34,89],[26,32],[16,48],[70,15],[146,-14],[111,45],[78,65],[29,68],[8,60],[25,24],[24,-3],[66,-37],[64,13],[115,1],[145,-20],[79,-46],[26,-29],[24,-6],[130,22],[35,22],[173,-66],[53,-34],[63,-27],[61,46],[69,3],[90,26],[23,18],[38,3],[77,50],[145,38],[30,-12],[54,45],[33,8],[48,-7],[71,18],[57,37],[55,58],[43,34],[61,21],[92,-11],[53,12],[72,-24],[35,0],[45,17],[74,-36],[96,-20],[75,18],[72,-3],[69,12],[45,51],[50,38],[38,66],[30,21],[51,11],[74,-12],[35,-22],[80,-67],[47,-59],[67,3],[74,-24],[56,-62],[82,-74],[107,-65]],[[58637,45061],[67,200],[6,9],[76,-18],[13,20],[30,96],[28,29],[61,18],[42,163],[-18,17],[-50,10],[-51,48],[28,116],[52,146],[77,148],[101,138],[71,70],[22,34],[-110,147],[55,82],[64,112],[38,84],[44,122],[36,147],[9,61],[39,185],[21,199],[4,227],[-16,183]],[[59376,47854],[87,-3],[87,10],[114,4],[257,28],[193,31],[133,14],[93,-10],[106,17],[377,51],[94,20],[38,41],[24,206],[15,44],[42,61],[8,-9],[-35,-43],[-28,-89],[-16,-143],[30,-12],[67,58],[16,155],[100,13],[2,-10],[-87,-11],[-9,-87],[14,-2],[4,-44],[55,4],[26,18],[9,-39],[62,-10],[74,29],[15,23],[115,-13],[74,-20],[74,-13],[107,7],[134,41],[37,47],[-3,89],[27,-28],[49,23],[2,37],[14,-33],[32,27],[21,-13],[7,26],[16,-54],[21,10],[42,-21],[10,-24],[24,19],[11,-28],[15,28],[12,-34],[26,26],[-9,-31],[24,-17],[2,-39],[69,-20],[66,16],[100,4],[104,17],[62,-17],[91,3],[71,-9],[26,31],[69,10],[45,22],[16,24],[40,15],[71,63],[108,75],[56,46],[68,26],[81,-33],[74,2],[26,25],[56,-17],[29,43],[5,-46],[29,-41],[83,-66],[94,-7],[57,-14],[72,-3],[73,31],[46,-3],[73,22],[40,33],[42,-28],[61,-25],[57,-2],[65,14],[51,-8],[129,19],[70,-16],[71,-2],[107,40],[179,52],[80,-24],[100,12],[74,46],[80,8],[77,34],[60,11],[161,53],[121,21],[75,44],[83,73],[61,64],[79,67],[-87,130],[147,153],[-18,-36],[-86,-93],[91,-132],[145,117],[-30,63],[9,81],[9,-23],[-7,-63],[15,-34],[44,-56],[81,147],[-26,60],[-39,-41],[-5,42],[-26,30],[-69,-19],[-28,10],[60,11],[68,36],[-9,34],[47,60],[31,7],[26,-15],[69,5],[9,33],[13,-36],[52,-11],[24,-30],[25,4],[-8,23],[94,-29],[37,16],[39,33],[10,48],[32,37],[81,16],[113,-34],[10,-16],[76,-1],[35,-36],[10,-60],[90,-51],[56,-15],[149,-18],[19,-7],[124,37],[112,54],[47,-2],[44,10],[112,64],[62,47],[46,52],[22,59],[-31,12],[49,22],[-18,50],[-34,22],[34,-5],[3,34],[31,25],[-30,27],[-29,-26],[20,-24],[-52,1],[60,60],[-7,46],[43,9],[15,42],[-46,114],[-24,-1],[27,25],[-26,38],[-21,-4],[14,62],[45,17],[-14,17],[52,9],[27,-9],[39,17],[40,-36],[49,-93],[30,-98],[42,-73],[13,-8],[87,35],[49,-3],[24,-15]],[[65805,49186],[6,197],[13,0],[-6,-194],[-5,-4],[111,-178],[-5,-3],[-114,176],[0,6]],[[66006,49322],[-68,5],[0,18],[219,-12],[-1,-18],[-137,10],[-13,-3]],[[65841,49498],[-13,16],[83,-5],[-1,-15],[-69,4]],[[36356,32369],[-14,5],[-95,-70],[-20,-39],[19,-137],[-12,-45],[-66,-85],[-37,-39],[-43,-29],[-80,-36],[-32,-42],[-74,23],[-19,21],[-94,156],[-31,17],[-29,46],[-20,73],[-29,66],[-16,99],[-11,26],[-66,61],[-35,77],[-79,35],[-137,15],[-71,-11],[-49,23],[-134,22],[-101,116],[-79,51]],[[34902,32768],[72,802],[43,524],[42,538],[488,-70],[969,-156],[4,23],[-32,37],[-53,86],[-41,79],[-37,131],[51,61],[58,109],[71,98],[41,128],[16,23],[78,67],[47,15],[98,69],[40,64],[12,88],[-23,81],[-7,80],[-37,80],[-8,60],[34,93],[-7,110],[-28,46],[-47,130],[-37,88],[31,189],[37,178],[8,53],[26,59],[74,71],[41,29],[24,38],[6,66],[-38,141],[-12,111],[11,92],[-7,74],[20,75],[20,27],[3,50],[-11,78],[-60,194],[-36,95],[-26,121],[-9,93],[-7,194],[-9,78],[-21,45],[-41,143],[-39,91],[-68,70],[-48,19],[-110,165],[-2,61],[-20,52],[-30,-4],[-15,46],[49,44],[16,52],[-30,174],[-3,60],[-15,55],[-10,80],[-12,27],[-101,122],[-15,110],[-72,76],[60,19],[42,0],[14,-32],[50,-34],[51,20],[74,-3],[78,3],[41,22],[96,-1],[9,-65],[20,-69],[18,-33],[-8,-90],[29,-8],[112,-7],[23,4],[29,41],[6,71],[-11,111],[-13,46],[19,45],[6,75],[52,4],[39,-36],[59,-11],[17,13],[54,92],[-13,61],[48,143],[30,114],[13,82],[53,76],[60,141],[-5,98],[29,40],[15,74],[7,97],[20,5],[50,-36],[41,2],[14,15],[-27,65],[9,35],[90,70],[61,39],[24,50],[66,44],[45,16],[19,66],[21,36],[78,54],[21,45],[13,66],[36,33],[36,7],[25,51],[17,100],[102,216],[0,67],[-85,33],[-16,23],[37,20],[57,83],[1,21],[-44,99],[25,134],[-15,48],[27,71],[-11,175],[-13,53],[-16,190],[46,0],[7,33],[35,23],[65,-67],[19,-4],[-13,36],[-44,178],[-26,131],[-25,95],[-70,235],[0,70],[-26,104],[19,94],[-2,123],[-15,56],[10,39],[-1,109],[5,59],[-10,68],[-7,138],[5,175],[24,45],[14,64],[29,43],[8,50],[-25,74],[25,99],[3,94],[-17,57],[14,139],[26,48],[32,112],[29,30],[47,170],[19,105],[9,89],[-24,90],[6,56],[57,96],[7,105],[-35,90],[-19,31],[-11,69],[39,192],[4,95],[17,46],[51,52],[20,134],[3,58],[-11,105],[-20,83],[0,30],[28,115],[-10,81],[11,166],[23,69],[5,53],[25,73],[49,78],[7,52],[-18,36],[-31,27],[-49,17],[-43,4],[27,45],[-7,44],[-34,55],[-8,54],[34,54],[-10,35],[-25,28],[-29,71],[1,115],[-10,16],[-79,66],[7,42],[-36,2],[-29,-44],[-44,26],[-15,29],[121,71],[108,152],[33,39],[55,39],[46,45],[-8,32],[38,32],[136,84],[106,60],[60,47],[-45,88],[-64,102],[20,32],[95,192],[49,15],[29,33],[32,82]],[[38963,49745],[89,-30],[106,-65],[35,-12],[68,-4],[63,25],[93,6],[179,-19],[104,-25],[59,-26],[102,-29],[112,-11],[36,2],[40,-14],[73,-11],[98,-60],[141,-33],[128,-19],[208,-10],[86,11],[116,32],[129,-1],[51,-19],[89,-61],[170,-44],[94,-31],[110,-73],[85,-37],[89,-27],[85,-50],[94,63],[-29,-37],[-65,-36],[20,-77],[32,-33],[61,-20],[175,31],[116,10],[44,13],[-2,-34],[56,-49],[-8,-17],[88,-56],[68,-2],[40,36],[-44,143],[12,5],[19,-54],[24,-100],[49,7],[35,-9],[271,-163],[68,-32],[57,21],[44,-48],[72,-18],[-34,-1],[-16,-45],[-78,91],[-69,-27],[-24,-20],[38,-217],[18,0],[69,64],[23,-16],[-39,-42],[-49,-24],[60,-50],[1,-19],[77,-3],[1,37],[20,0],[32,31],[34,0],[10,76],[185,-64],[-5,-22],[24,-10],[64,211],[-278,18],[1,7],[284,-22],[-90,-287],[34,-17],[37,0],[36,-72],[61,-26],[71,-9],[48,17],[46,-38],[129,-27],[86,-54],[60,-17],[44,5],[5,13],[77,-19],[128,-23],[56,15],[6,14],[73,-17],[157,17],[58,19],[-4,96],[10,-100],[77,-8],[145,18],[119,2],[159,-7],[177,49],[93,16],[51,-8],[74,23],[72,3],[108,-13],[111,-39],[106,-17],[92,-33],[55,-3],[167,10],[112,1],[171,-13],[172,8],[78,31],[89,17],[20,74],[117,56],[5,-15],[-59,-28],[24,-44],[31,-31],[65,-45],[178,-82],[108,-53],[148,11],[163,-4],[71,-11],[57,-18],[48,-50],[64,-51],[135,-43]],[[47978,47800],[-16,-93],[26,-102],[13,-88],[20,-48],[28,-21],[98,-34],[38,-143],[16,-26],[66,-26],[-21,-73],[-75,-234],[183,-36],[-58,-287],[-54,-8],[-58,-80],[54,2],[65,-378],[-72,-14],[17,-159],[-15,-43],[-37,-6],[-1,-108],[-16,-33],[-11,-165],[16,-29],[32,93],[15,-4],[4,-51],[-1,-137],[-36,-84],[-17,-94],[-53,-134],[-57,-122],[-33,-81],[52,-86],[48,-50],[49,-88],[83,-119],[28,-51],[43,-109],[59,-131],[14,-46],[39,-67],[33,-82],[58,-118],[15,-74],[39,-81],[18,-64],[2,-50],[-49,-67],[-29,-84],[7,-92],[-12,-41],[-34,-26],[15,-102],[-12,-36],[-146,-78],[-41,-17],[-51,-39],[-42,-57],[-37,-32],[-44,-82],[-49,-52],[-65,-53],[-23,-8],[-94,-64],[-20,-37],[-9,-55],[-86,-49],[-77,-80],[-15,-50],[-3,-65],[-15,-42],[-36,-50],[-28,-8],[-105,-122],[-46,-34],[-22,-35],[-4,-52],[15,-66],[-27,-41],[-51,-18],[-61,-38],[-42,-10],[-38,-56],[-43,-32],[-44,-18],[-64,-64],[-39,-26],[-67,-7],[-156,-39],[-32,-17],[-54,-55],[-73,-64],[-95,-64],[-32,-61],[-110,-160],[-17,-53],[-50,-70],[-42,-33],[-20,-57],[-76,-60],[-13,-18],[-10,-62],[-81,-120],[-27,-52],[-123,-163],[-102,-109],[-140,-114],[-61,-38],[-47,-52],[-67,-44],[-15,-82],[-22,-60],[-29,-37],[-91,-27],[-52,-45],[-41,-14],[-114,-21],[-32,-19],[-25,-66],[-57,-49],[-38,-58],[-37,-34],[-66,-37],[-35,-30],[-56,-21],[-52,-62],[-31,-60],[-50,-50],[-60,-83],[-111,-74],[-47,-23],[-129,-13],[-84,-44],[-10,-29],[16,-113],[-107,-103],[-5,-68],[-40,-48],[-24,-52]],[[43015,48752],[-6,6],[145,136],[63,-5],[-1,-15],[-56,4],[-106,-101],[-39,-25]],[[43472,48716],[-149,156],[8,10],[151,-155],[-10,-11]],[[43191,49183],[2,18],[66,-5],[-3,-18],[-65,5]],[[41976,49171],[3,6],[76,-58],[-3,-6],[-76,58]],[[47978,47800],[98,-36],[110,-16],[184,-37],[106,-10],[91,-24],[141,-11],[62,0],[103,-23],[54,6],[35,-14],[182,-18],[64,-3],[104,-18],[69,4],[61,-14],[74,-1],[46,-17],[96,-17],[230,-5],[92,-13],[130,0],[130,8],[33,-4],[102,-47],[58,3],[55,15],[69,-21],[63,-4],[86,19],[70,-6],[118,-28],[83,1],[115,-10],[70,30],[74,-15],[53,18],[55,-23],[83,1],[61,-8],[76,14],[104,-19],[88,17],[167,-20],[64,9],[39,-17],[114,-8],[49,19],[51,3],[86,-26],[40,6],[77,-3],[92,22],[28,-10],[74,5],[117,-6],[43,-12],[50,2],[29,22],[51,-13],[51,0],[35,15],[195,-28],[100,5],[81,20],[74,-21],[81,11],[53,-9],[58,16],[100,-9],[90,16],[70,-15],[35,21],[73,-10],[144,-5],[34,9],[134,8],[321,3],[123,-7],[135,19],[290,17],[139,12],[98,0],[250,9],[130,0],[91,7],[176,-2],[84,14],[84,36],[92,9],[74,-14],[233,30],[108,-9],[36,6],[94,-1],[127,18],[147,3],[69,19],[184,0],[47,9],[90,-3],[191,32],[69,-5],[156,13],[49,10],[56,1],[71,15],[108,8],[105,-10],[106,20],[121,6],[20,8],[96,9],[198,34],[46,-2],[88,23],[104,5],[182,48],[53,-7]],[[19649,42690],[47,-15],[51,-2],[85,40],[42,-24],[89,37],[46,-45],[47,-14],[60,20],[18,-6],[45,-58],[32,-13],[71,15],[59,-46],[8,7],[84,-19],[57,34],[32,-47],[46,-25],[57,12],[40,-27],[66,1],[-6,-36],[78,-16],[7,44],[-73,50],[12,7],[43,-28],[33,1],[90,-17],[-32,-8],[11,-49],[73,-13],[16,40],[-25,20],[91,-17],[-31,-8],[9,-35],[63,-39],[7,14]],[[24208,44146],[6,135],[16,55],[76,53],[23,24],[23,69],[72,74],[12,25],[29,119],[-12,79],[17,50],[62,45],[69,83],[18,42],[23,94],[-5,30],[-48,106],[-69,100],[-46,-11],[-38,17],[89,117],[76,64],[36,41],[58,93],[95,68],[147,63],[51,15],[130,53],[98,61],[101,109],[23,35],[34,85],[8,58],[-13,103],[15,93],[23,56],[102,123],[55,97],[53,80],[60,61],[47,29],[104,40],[51,12],[154,16],[125,23],[88,29],[39,20],[158,114],[38,31],[86,45],[37,-9],[44,36],[118,40],[80,-8],[137,-49],[100,-20],[103,-9],[105,4],[125,26],[207,34],[115,30],[40,21],[84,75],[48,28],[57,55],[112,47],[102,65],[23,8],[62,48],[181,119],[56,41],[91,47],[127,58],[72,55],[109,160],[68,36],[135,105],[124,30],[56,45],[36,52],[27,102],[75,104],[57,48],[57,35],[-20,95],[39,37],[-12,-36],[19,-93],[52,11],[52,66],[-9,8],[14,60],[-67,-4],[-8,20],[41,2],[10,94],[-161,-9],[-1,9],[176,6],[28,-13],[24,44],[23,71],[68,43],[46,17],[59,-8],[86,-3],[148,-44],[83,-1],[155,61],[49,2],[36,18],[28,-11],[138,8],[73,29],[89,9],[126,74],[58,24],[111,20],[134,17],[73,-3],[17,23],[54,18],[37,42],[46,113],[22,33],[148,111],[58,23],[77,-32],[85,-90],[44,-31],[43,-9],[70,5],[67,27],[74,-10],[163,2],[90,-15],[106,-7],[51,3],[118,54],[56,40],[60,83],[14,61],[44,104],[34,59],[39,42],[52,32],[53,16],[58,-1],[106,-25],[30,-18],[51,-53],[24,-50],[25,-26],[45,-70],[54,-47],[78,-24],[97,11],[56,43],[59,20],[59,-29],[37,-9],[89,5],[49,52],[73,24],[47,28],[46,13],[76,10],[18,21],[109,58],[38,5],[3,15],[105,17],[78,-16],[40,7],[102,43],[47,26],[62,60],[34,57],[16,50],[29,34],[36,70],[48,52],[148,101],[26,-5],[89,6],[69,18],[69,31],[-8,17],[50,40],[14,-19],[87,71],[-45,62],[-140,22],[1,9],[147,-20],[54,-75],[55,34],[89,32],[83,5],[128,-37],[160,-3],[59,8],[68,18],[130,25],[78,-7],[77,-43],[65,-10],[68,7],[59,15],[83,35],[170,61],[124,13],[118,24],[105,33],[138,7],[77,19],[72,4],[47,-31],[6,-19],[202,-39],[-27,-6],[-10,-47],[-14,3],[14,46],[-17,-4],[-147,34],[30,-100],[17,-80],[40,-95],[68,-119],[44,-52],[70,-59],[39,-23],[81,-26],[124,0],[107,26],[60,-2],[48,-12],[56,-30],[37,-34],[27,-43],[51,-45],[87,-110],[57,-48],[72,-29],[58,-3],[44,-20],[48,-45],[33,-15],[101,-24]],[[34902,32768],[-133,-323],[-17,-55],[-29,-129],[-18,-139],[-12,-55],[-38,-80],[-57,-32],[-62,23],[-77,13],[-51,-19],[30,-53],[-14,-61],[-80,-106],[-87,-160],[-34,-81],[-9,-64],[3,-64],[23,-129],[3,-101],[-20,-118],[-24,-79],[-54,-64],[-29,-15],[-1,51],[19,65],[-16,66],[-19,23],[-41,13],[-53,68],[-90,74],[-156,80],[-9,78],[16,157],[8,41],[-28,-19],[-64,-99],[-23,-90],[-62,-66],[-27,-60],[-17,-1],[-58,73],[-35,70],[-87,104],[-59,100],[-63,44],[-125,170],[-40,59],[-84,54],[-154,20],[-91,86],[-109,45],[-40,52],[-25,53],[-35,33],[-99,-6],[-43,14],[-54,49],[-45,64]],[[32307,32342],[-106,151],[9,43],[-33,102],[-55,111],[-4,43],[-54,45],[-2,23],[-54,70],[-42,66],[-29,65],[-1,40],[-38,78],[-8,44],[-36,46],[-30,75],[-35,58],[-7,42],[21,142],[15,248],[-5,99],[18,106],[41,140],[37,102],[2,165],[21,91],[31,93],[23,22],[35,61],[11,74],[35,13],[15,38],[-67,15],[-84,50],[-58,61],[-115,72],[2,17],[116,121],[112,76],[-7,62],[-30,70],[-44,69],[-68,65],[-46,26],[-170,57],[-53,37],[-18,42],[-71,80],[-57,57],[-73,87],[-44,83],[-8,74],[77,128],[10,68],[-67,28],[-157,83],[-88,27],[-82,14],[-248,65],[-641,119],[-8,-21],[-274,35],[-52,4],[-77,28],[-68,14],[-170,17],[-145,8],[-103,-9],[-84,-14],[-160,-45],[-228,-115],[-133,-58],[-42,-8],[-261,-23],[-126,-17],[-48,-1],[-34,10],[-43,49],[-23,60],[-63,23],[-228,26],[-82,6],[-82,-4],[-63,-30],[-99,-21],[-131,-82],[-82,-14],[-216,32],[-48,32],[-47,18],[-33,-6],[-208,-61],[-121,-7],[-150,4],[-59,-6],[-91,-1],[-108,-39],[-219,-105],[-59,40],[-125,57],[-152,55]],[[35240,50689],[14,-2],[-11,-95],[-14,2],[11,95]],[[29465,48627],[-10,-1],[-7,61],[9,2],[8,-62]],[[19562,34386],[39,-41],[46,-106],[9,-108],[23,-50],[-19,-94],[8,-9],[56,74],[26,-22],[-68,-82],[11,-28],[48,-41],[43,17],[36,-4],[133,-46],[28,-17],[66,-19],[33,0],[45,42],[121,-71],[50,-78],[28,-16],[75,18],[145,50],[33,15],[67,15],[58,4],[86,-14],[52,14],[100,41],[147,84],[40,-21],[41,-100],[14,-63],[1,-59],[35,-191],[55,-58],[30,-59],[51,-70],[69,-38],[21,-32],[63,-20],[111,81],[52,10],[56,-18],[11,-34],[32,-35],[38,3],[59,-110],[56,-36],[-5,-74],[17,-94],[3,-59],[-69,-90],[2,-36],[41,-33],[131,0],[54,-24],[10,-16],[27,-124],[23,-154],[-5,-54],[34,-61],[-16,-96],[7,-43],[-41,-19],[-2,-21],[36,-78],[31,-44],[26,-3],[75,-72],[11,-32],[51,-70],[49,-21],[49,65],[88,63],[46,50],[22,42],[29,16],[100,-103],[10,-22],[5,-87],[80,-191],[50,-43],[27,-8],[72,0],[21,-17],[159,38],[80,23],[57,-15],[70,50],[54,25],[85,22],[30,17],[26,38],[41,-4],[38,-29],[53,-56],[5,-50],[16,-27],[43,-32],[29,-46],[44,-47],[24,0],[21,-48],[55,-94],[21,-9],[79,-2],[26,-79],[9,-106],[-6,-41],[15,-143],[-3,-74],[-14,-40],[-40,-62],[-54,-1],[-67,-65],[-43,20],[-22,-9],[-104,-78],[-39,-38],[-50,-73],[-44,-83],[-8,-59],[-36,-19],[-114,-34],[-60,-68],[-63,-53],[-22,-40],[-14,-166],[-88,-88],[-3,-84],[-20,-89],[-69,-46],[-46,-66],[-74,-44],[-85,-17],[-66,-51],[-47,-27],[-72,4],[-10,52],[-120,-23],[-125,-93],[-7,-41],[14,-69],[-10,-54],[37,-154],[33,-41],[27,-72],[36,-27],[57,13],[42,-23],[22,-132],[26,-45],[23,-111],[21,-60],[1,-42],[-37,-39],[-34,-64],[-44,-50],[-71,1],[-30,-25],[-19,-79],[-55,-74],[-10,-62],[-40,-36],[-29,6],[-47,62],[-54,12],[-46,78],[-83,-32],[-56,21],[-21,51],[-52,-8],[-30,-42],[-32,-9],[-76,31],[-26,28],[-38,-1],[-28,14],[-70,-6],[-27,10],[-45,-9],[-22,17],[-24,44],[-85,239],[-53,2],[-55,-24],[-71,-78],[-38,-77],[-46,-21],[-60,-13],[-61,-68],[-25,-47],[-60,18],[-61,-26],[-84,37],[-32,34],[-48,20],[-35,31],[-93,-2],[-35,-13],[-70,31],[-69,-8],[-49,-29],[-71,-2],[-1,-68],[-10,-28],[26,-56],[1,-33],[38,-44],[4,-24],[-19,-71],[17,-50],[-37,-97],[-20,-101],[-7,-108],[11,-96],[28,-49],[1,-28],[-46,-84],[-10,-71],[-61,-29],[-24,-70],[-9,-90],[-17,-39],[-70,-91],[-21,-110],[-12,-92],[-30,-42],[-19,-94],[-49,-60],[-1,-14],[77,-98],[17,-161],[11,-21],[55,-31],[65,-70],[23,-105],[-22,-105],[39,-34],[86,-124],[-9,-43],[-30,-71],[4,-24],[57,-83],[21,-49],[13,-71],[39,-112],[3,-70],[-68,-134],[6,-106],[-4,-49],[-14,-11],[-50,3],[-60,-61],[-64,-4],[-26,-40],[21,-51],[0,-44],[16,-64],[20,-30],[6,-63],[33,-47],[64,-44],[1,-20],[-45,-115],[17,-81],[95,-153],[49,-96],[12,-58],[41,-83],[38,-109],[-11,-101],[-31,-65],[48,-153],[11,-69],[-13,-134],[1,-73],[11,-51],[-95,-121],[-28,-67],[-8,-55],[-31,-67],[-6,-43],[-62,-18],[-56,-4],[-48,-53],[-36,-16],[-83,6],[-76,-15],[-52,-28],[-47,-8],[-49,-107],[-49,-7],[-62,60],[-40,20],[-23,-4],[-46,-43],[-45,-25],[-45,-42],[-105,-17],[-68,-60],[-13,-42],[-28,-35],[-4,-66],[-100,10],[-22,-57],[-36,-10],[-40,-44],[-27,-15],[-130,10],[-48,32],[-63,2],[-46,-116],[-29,-33],[-81,2],[-89,-7],[-53,-92],[-43,-8],[-59,-38],[-80,-11],[-42,13],[-81,-113],[-15,-79],[-34,-61]],[[18331,21778],[-21,-22],[-45,-15],[-77,2],[-92,-26],[-28,-64],[-8,-101],[-55,-43],[-45,-51],[-34,-11],[-54,-52],[4,-41],[22,-16],[63,-15],[36,-20],[33,-59],[18,-74],[46,-75],[5,-55],[37,-54],[52,-14],[26,-37],[48,-41],[14,-26],[0,-59],[14,-50],[49,-44],[24,-59],[2,-52],[41,-67],[-1,-70],[37,-44],[3,-43],[21,-31],[41,-32],[5,-21],[-81,-53],[-56,-75],[-82,-25],[-63,-11],[-72,-37],[-17,-34],[16,-46],[67,-52],[31,-84],[-20,-137],[23,-60],[-4,-73],[10,-72],[-51,-54],[0,-47],[-21,-34],[-66,-56],[-67,-97],[-25,-18],[-46,5],[-50,-59],[-112,-47]],[[17826,19130],[-3,45],[-24,43],[-59,22],[-79,49],[-5,29],[-66,38],[-66,0],[-120,-16],[-61,-40],[-46,-133],[-19,-35],[-26,-83],[-41,-52],[-29,-87],[-7,-74],[-14,-64],[-50,-60],[-47,0],[-28,22],[-55,13],[-27,37],[-55,-62],[-43,-36],[-21,20],[-8,80],[-28,30],[-21,75],[-25,22],[-12,64],[-63,21],[-73,-53],[-47,-19],[-33,14],[14,104],[-41,33],[12,101],[-24,53],[-41,65],[-17,75],[-77,83],[-41,4],[-25,80],[5,50],[-8,33],[-51,58],[-14,92],[-24,29],[-50,21],[-5,39],[-28,39],[2,30],[-80,103],[3,74],[11,51],[-12,112],[45,59],[33,23],[65,26],[49,63],[77,52],[16,31],[-2,35],[-46,35],[-45,88],[-13,92],[7,144],[-7,52],[44,27],[19,30],[16,111],[-8,59],[-47,89],[-8,54],[-28,57],[-25,24],[-44,19],[-49,54],[-9,81],[-70,44],[-53,14],[-15,35],[-21,103],[-12,16],[-65,39],[-16,45],[0,77],[-32,24],[-79,16],[-83,9],[-57,-51],[-107,14],[-30,46],[-26,17],[-80,-21],[-73,33],[-13,17],[-49,0],[-26,32],[-51,10],[-10,43],[-55,25],[-52,1],[-19,42],[-45,3],[-18,19],[2,34],[33,75],[-45,59],[-53,-27],[-59,14],[-37,51],[-61,40],[-44,8],[-43,74],[-65,84],[-49,-7],[-38,-21],[-55,-45]],[[14403,22565],[-51,42],[-3,61],[-16,44],[-33,45],[-8,55],[12,83],[-42,52],[14,98],[-3,50],[-22,46],[-41,136],[32,46],[12,35],[-16,81],[5,67],[-26,63],[-12,133],[-24,71],[-64,74],[-15,61],[46,55],[-9,50],[-57,52],[-48,30],[-86,86],[-6,59],[-44,77],[19,32],[-42,52],[17,72],[-9,24],[-54,81],[-23,19],[-49,69],[-62,98],[8,43],[-21,40],[-19,99],[-24,22],[-91,12],[-34,43],[-15,59],[1,42],[40,184],[18,47],[60,26],[100,102],[21,49],[50,160],[32,53],[42,115],[22,37],[65,68],[29,53],[11,56],[54,66],[10,62],[56,92],[0,30],[-90,57],[-45,6],[-45,20],[-30,52],[-35,21],[-108,46],[-27,44],[-16,147],[-51,34],[8,81],[-29,80],[-61,33],[-65,115],[5,61],[-12,17],[-53,29],[-46,11],[-19,18],[12,54],[37,36],[-5,37],[-56,52],[-49,67],[-7,54],[-34,35],[-16,47],[-63,74],[-51,94],[-35,52],[-87,65],[-40,2],[-71,115],[-5,60],[11,133],[80,18],[113,84],[66,18],[19,18],[8,84],[36,23],[158,200],[9,22],[-46,51],[-41,66],[-11,47],[-63,7],[-43,30],[-28,76],[-14,126],[24,42],[-2,71],[24,31],[3,113],[48,45],[11,61],[-55,84],[-32,71],[10,87],[38,92],[-8,56],[-17,33],[4,30],[73,123],[13,63],[-26,90],[-25,34],[-51,35],[-10,36],[-49,60],[0,56],[48,138],[-5,69],[-23,54],[3,18],[36,23],[36,49],[9,90],[-10,26],[-45,18],[-23,27],[-36,74],[51,92],[25,162],[0,43],[39,55],[62,54],[30,39],[52,116],[27,74],[44,52],[43,12],[69,61],[10,25],[-12,66],[10,71],[33,71],[17,17],[70,25],[38,51],[15,78],[4,110],[8,24],[105,63],[87,169],[41,115],[65,112],[98,193],[3,109],[61,45],[21,26],[46,-2],[60,-53],[54,-15],[48,7],[49,-9],[48,-27],[139,-12],[160,4],[45,62],[11,121],[34,38],[80,21],[23,13],[80,116],[2,52],[-51,72],[25,71],[-22,79],[-36,59],[-5,37],[22,100],[61,-24],[69,-45],[95,-23],[101,31],[57,38],[83,36],[22,34],[2,53]],[[32307,32342],[-35,-43],[-209,-454],[-28,-38],[-185,-121],[-205,-158],[-59,-222],[23,-277],[-1,-40],[-79,-53],[-134,-73],[-171,-86],[-44,-27],[30,-51],[42,-150],[-34,-67],[-49,-77],[-211,-352],[-52,-74],[-1,-34],[-56,-100],[-30,-103],[-76,-100],[19,-17],[41,33],[67,35],[82,27],[73,13],[161,4],[13,-10],[2,-64],[-22,-46],[-169,-122],[-44,-26],[-69,-10],[6,32],[74,97],[7,39],[-16,34],[-22,-1],[-100,-95],[-59,-51],[-46,-14],[-75,-66],[-54,-69],[37,-14],[2,-92],[-39,-84],[-1,-62],[-64,-58],[-7,-27],[22,-10],[63,2],[81,-14],[9,-32],[-1,-100],[-14,-17],[-105,17],[-42,-13],[-90,7],[-131,-38],[5,-34],[-44,19],[-31,-42],[-45,-19],[-64,-6],[-105,-63],[-50,-48],[-99,-27],[-51,2],[-72,-15],[-119,-4],[-90,18],[-46,35],[-31,-80],[-103,-147],[-100,52],[-102,17],[-31,18],[-77,-6],[-65,-33],[-137,-49],[-110,-64],[-32,-50],[-65,-37],[-39,-38],[-51,-12],[-97,-56],[-45,-43],[-71,-23],[-23,-208],[12,-49],[-52,-90],[-96,-39],[-62,-12],[-35,-25],[-21,-61],[40,-41],[-4,-19],[-65,-4],[-8,-65],[8,-44],[-14,-20],[-57,-26],[-44,-53],[-90,-34],[-54,-58],[-56,-39],[-44,-50],[-38,-26],[-65,-27],[-70,11],[-44,-16],[-120,-11],[-51,1],[-45,-11],[-53,-26],[-93,-62],[-56,-29],[-31,-32],[-25,-52],[-34,-51],[-31,-27],[-53,-19],[-29,-38],[-2,-54],[-12,-19],[-60,-42],[-13,-122],[-22,-30],[-13,-46],[-54,-66],[-13,-33],[-2,-80],[-20,-25],[-62,-18],[-23,-48],[-32,-6],[-49,72],[-28,-1],[-127,-126],[-94,-44],[-52,-83],[-22,-2],[-69,25],[-86,49],[-59,9],[-51,-38],[-26,-40],[-41,-95],[-40,-31],[-6,-50],[-21,-11],[-46,7],[-22,-17],[-42,-135],[-47,-69],[-30,-15],[-36,9],[-28,-12],[-4,-90],[-20,-91],[-32,-48],[-3,-44],[18,-33],[45,-43],[10,-24],[-16,-25],[-53,-13],[-22,-20],[-32,-64],[8,-74],[59,-65],[97,-69],[65,-57],[50,-16],[-21,-61],[-1,-82],[34,-25],[20,-57],[37,-33],[30,-97],[56,-72],[23,-81],[-2,-45],[-27,-27],[-5,-46],[-32,-85],[-31,-35],[-2,-30],[20,-55],[44,-70],[40,-104],[-7,-31],[-43,-87],[-16,-92],[-14,-21],[-76,-53],[-70,-141],[-56,-51],[-20,-30],[-9,-92],[-46,-77],[-6,-60],[8,-63],[-20,-38],[-19,-135]],[[25471,22804],[-54,0],[-93,10],[-113,32],[-57,-58],[-49,-21],[-46,-38],[-35,-48],[-40,-28],[-54,-77],[-45,-53],[-48,-9],[-24,16],[-45,-4],[-42,-35],[-48,-57],[-71,-16],[-27,5],[-52,-37],[-30,-57],[-15,-48],[-108,-30],[-109,-13],[-17,-55],[6,-68],[-33,-35],[-61,-99],[-5,-70],[-11,-40],[-29,-20],[-43,11],[-81,-87],[-20,-51],[-43,-53],[-23,-9],[-83,-8],[-22,-25],[-14,-134],[-21,-59],[-91,-57],[-52,-14],[-45,-34],[-48,-16],[-76,-5],[-68,28],[-36,43],[-22,-4],[-58,-43],[-46,-59],[-71,-63],[-140,-81],[-26,-5],[-65,20],[-111,-44],[-17,-33],[2,-108],[-30,-82],[-69,-113],[-33,-35],[-51,-37],[-106,-49],[-90,-79],[-95,-45],[-57,2],[-57,-17],[-33,-146],[17,-49],[-5,-25],[-76,-65],[-43,-80],[-109,-60],[-76,-17],[-47,-33],[-15,-34],[-48,-41],[-7,-88],[-18,-42],[4,-107],[-10,-34],[4,-49],[20,-52],[1,-53],[-12,-20],[-58,-49],[-38,-54],[-82,-83],[-63,-19],[-68,4],[-54,-30],[-45,-77],[-51,-16],[-74,11],[-33,13],[-30,-7],[-33,-71],[-21,-15],[-67,22],[-88,-7],[-81,-25],[-32,0],[-81,28],[-72,-3],[-54,-47],[-62,-41],[-53,14],[-186,-1],[-50,-4],[-49,-57],[-65,-14],[-14,6],[-42,62],[-9,74],[-40,72],[-1,30],[-27,64],[-72,56],[-23,31],[-7,34],[-52,72],[-92,42],[-10,159],[45,60],[6,78],[-19,27],[-30,84],[-14,84],[-38,31],[-12,62],[-13,14],[-80,6],[-32,36],[-79,6],[-20,59],[-39,34],[-32,76],[-25,37],[-38,7],[-43,-10],[-47,28],[-13,121],[2,73],[13,49],[40,41],[14,33],[-10,55],[10,37],[-10,54],[-80,24],[-61,-2],[-34,46],[7,28],[-13,31],[-75,27],[-89,-12],[-36,18],[-77,73],[-87,8],[-106,-54],[7,134],[-50,48],[-28,42],[-22,76],[-29,59],[-6,37],[-26,47],[-48,135],[-72,56],[-16,45],[-40,45]],[[17826,19130],[-41,-90],[1,-116],[18,-31],[2,-51],[-59,-96],[-1,-51],[50,-54],[4,-48],[-5,-100],[21,-53],[7,-58],[-19,-60],[2,-102],[-16,-74],[-2,-71],[20,-51],[42,-42],[95,-37],[39,-77],[6,-120],[-11,-119],[-15,-47],[33,-99],[-4,-130],[-22,-106],[-36,-48],[-28,-60],[-60,-71],[-72,-102],[-37,-35],[-20,-76],[-35,-37],[-81,-31],[-95,1],[-53,28],[-31,-26],[-107,-69],[-30,-26],[-77,8],[-47,14],[-93,73],[-35,-1],[-53,-24],[-46,29],[-28,36],[-96,40],[-113,-3],[-47,28],[-85,8],[-86,-36],[-85,-19],[-34,-115],[-12,-76],[-39,-84],[-56,-89],[-59,-72],[-35,-60],[-37,-105],[-38,-55],[-47,14],[-41,-8],[-24,-27],[-39,-15],[-24,-41],[-26,-17],[-25,-57],[-65,-70],[-43,29],[-42,4],[-54,37],[-42,17],[-72,-56],[-33,-37],[-22,-108],[-18,-19],[-56,31],[-11,32],[-23,3],[-66,-54],[-36,-5],[-80,48],[-43,41],[-64,-11],[-107,15],[-114,-88],[-193,-166],[-132,-107],[-41,-48],[-39,13],[-100,2],[-87,-16],[-67,1],[-51,68],[-45,26],[-5,18],[17,79],[-14,58],[-6,104],[18,62],[-38,37],[-2,58],[-14,46],[-50,39],[-9,20],[42,61],[12,39],[35,16],[31,41],[7,130],[-56,74],[-34,-9],[-34,17],[-49,-8],[-14,26],[-6,70],[-22,27],[-69,25],[-25,-12],[-50,-72],[-41,-30],[-25,-40],[-87,-38],[-15,-30],[-7,-80],[-79,-53],[-80,-6],[-47,-64],[-51,-113],[-15,-46],[-66,-60],[-11,-85],[-32,-71],[-9,-51],[-61,-127],[-42,-58],[-32,-25],[-33,-2],[-16,-20],[-32,-121],[-7,-119],[11,-45],[25,-50],[-6,-54],[-24,-51],[-1,-28],[23,-69],[-1,-58],[13,-47],[55,-110],[30,-39],[76,-276],[29,-31],[40,-13],[80,-8],[21,-14],[1,-28],[57,-69],[30,-79],[89,-125],[49,-20],[70,3],[50,17],[53,6],[76,28],[112,-38],[17,-64],[37,-58],[129,-117],[113,-113],[16,-35],[-15,-71],[-5,-63],[14,-28],[72,-26],[103,-19],[122,-46],[20,-22],[15,-64],[37,-12],[72,8],[29,-13],[26,-35],[37,-23],[49,-60],[65,-52],[58,-3],[44,-22],[57,-7],[27,-76],[36,-27],[82,-5],[32,29],[75,34],[33,-8],[95,-62],[88,-107],[49,-38],[66,-79],[94,-56],[80,-11],[32,-21],[85,-15],[20,-28],[21,-121],[31,-85],[-19,-103],[113,-76],[6,-40],[29,-77],[42,-47],[41,-61],[17,-96],[44,-29],[59,-58],[20,-53],[7,-106],[25,-70],[8,-90],[13,-26],[37,-9],[42,7],[92,-6],[86,-105],[47,-36],[77,-48],[140,39],[23,-6],[42,-70],[93,-36],[53,-60],[106,-7],[75,72],[54,24],[45,46],[32,77],[55,94],[58,-16],[40,4],[29,23],[93,-1],[34,63],[58,39],[49,52],[55,28],[18,-2],[79,-92],[32,-2],[78,28],[41,-8],[53,25],[27,-58],[50,-68],[-4,-73],[14,-26],[47,-20],[37,-62],[11,-45],[2,-57],[20,-62],[-5,-47],[38,-25],[32,14],[88,-10],[130,-91],[77,-19],[24,11],[42,-58],[36,-72],[32,-104],[60,77],[100,12],[69,29],[85,72],[54,22],[1,55],[38,46],[30,84],[4,104],[7,55],[25,30],[19,94],[38,24],[3,59],[-13,38],[-1,67],[-17,50],[4,66],[-6,122],[14,16],[71,-3],[104,123],[37,59],[-1,23],[-46,95],[16,51],[34,6],[42,37],[16,33],[-4,148],[7,112],[15,21],[56,7],[65,25],[46,44],[91,65],[27,-60],[99,-121],[23,-5],[68,10],[106,-82],[49,-29],[122,-20],[63,38],[53,-7],[40,-20],[36,-2],[99,26],[64,62],[91,47],[50,15],[68,36],[105,-20],[50,26],[64,69],[28,57],[54,2]],[[21347,12814],[-1,-40],[-19,-95],[23,-71],[3,-96],[9,-41],[176,-178],[-123,-87],[-30,-60],[-56,-72],[-87,-136],[-17,-108],[5,-48],[24,-52],[43,-68],[60,-56],[53,-40],[119,-69],[83,-11],[17,-18],[5,-56],[33,-70],[-13,-67],[34,-176],[107,-128],[18,-41],[36,-140],[-7,-94],[-23,-65],[2,-59],[-27,-107],[16,-125],[-3,-56],[12,-46],[67,-97],[65,-65],[80,-54],[18,-27],[8,-81],[63,-115],[42,-54],[-5,-57],[-22,-76],[-10,-168],[10,-46],[33,-61],[23,-111],[1,-58],[22,-38],[77,-40],[46,-7],[78,-72],[86,-60],[66,-81],[33,-107],[81,-51],[35,-29],[3,-166],[20,-88],[-28,-57],[0,-21],[41,-96],[45,-39],[24,-37],[10,-60],[-60,-84],[1,-61],[-16,-75],[10,-75],[41,-59],[22,-87],[-21,-39],[30,-57],[5,-32],[-24,-76],[-28,-32],[-13,-41],[2,-100],[10,-76],[20,-32],[10,-50],[-58,-225],[-5,-39],[8,-82],[-77,-69],[-57,-31],[-63,-24],[-70,-4],[-29,-13],[-128,-137],[-76,-56],[-49,-120],[-19,-108],[-58,-52],[-29,-70],[-43,-47],[-35,-4],[-75,11],[-39,14],[-61,47],[-68,11],[-60,-14],[-54,-30],[-85,-11],[-76,-42],[-45,12],[-31,-13],[-78,-61],[-103,7],[-78,-16],[-90,-39],[-61,17],[-63,-17],[-89,2],[-67,-37],[-31,-3],[-61,37],[-31,60],[-24,69],[-51,31],[-40,13],[-59,-11],[-101,10],[-44,31],[-212,-9],[-115,-28],[-100,-44],[-84,-55],[-42,-13],[-70,0],[-40,-11],[-79,-40],[-67,-18],[-55,-40],[-5,-65],[-22,-27],[-30,-13],[-43,-46],[-78,-61],[-40,-12],[-176,-14],[-68,-24],[-9,-24],[-5,-94],[-23,-47],[-44,-55],[-126,-78],[-46,-16],[-13,-22],[-19,-81],[-46,-73],[-71,-63],[-74,-34],[-89,-23],[-51,-2],[-45,-186],[-23,-62],[-46,-16],[-104,23],[-28,-58],[-112,-94],[-20,0],[-55,33],[-28,51],[-42,5],[-208,178],[-67,83],[-21,46],[-41,12],[-26,21],[-39,11],[-80,77],[-48,19],[-56,-21],[-107,-12],[-62,-13],[-54,10],[-122,46],[-131,17],[-103,60],[-64,-3],[-33,-73],[-104,-119],[-98,-152],[-71,-68],[-65,-32],[-8,-32],[-105,-90],[-2,-47],[59,-125],[-5,-19],[-138,-62],[-33,-28],[-49,-62],[-53,-101],[-47,-56],[-97,-70],[-2,-28],[19,-74],[-10,-29],[-28,-14],[-62,-8],[-22,-14],[-94,-99],[-154,16],[-59,33],[-41,53],[-27,-1],[-58,-63],[-34,-17],[-129,20],[-72,50],[-39,96],[-70,47],[-29,73],[-46,24],[-8,83],[-21,29],[-85,-18],[-63,-2],[-39,19],[-31,43],[-33,17],[-23,-12],[-20,-41],[-39,-16],[-25,-42],[-36,-38],[-35,-54],[-28,-5],[-26,21],[-90,107],[-38,95],[-19,123],[-87,16],[-55,-9],[-56,8],[-51,-16],[-49,25],[-47,11],[-97,-23],[-13,3],[-44,60],[4,53],[-34,75],[-75,76],[-58,47],[-67,94],[-39,47],[-26,8],[-87,-71],[-41,-13],[-78,-59],[-77,-78],[-80,-16],[-78,3],[-100,-61],[-33,-46],[-68,-36],[-12,-40],[1,-96],[16,-81],[-16,-72],[-28,-38],[-29,-19],[-18,-61],[-18,-31],[-117,-38],[-7,-96],[-20,-37],[-15,-62],[5,-92],[19,-76],[26,-50],[44,-29],[68,-86],[42,-62],[-14,-143],[-13,-78],[-22,-67],[22,-94],[-6,-35],[10,-83],[32,-61],[27,-80],[-19,-84],[23,-55],[-13,-66],[-19,-13],[-4,-107],[-36,-60],[-73,-59],[-7,-89],[7,-66],[-17,-100],[10,-50],[-13,-175],[-19,-53],[32,-91],[48,-19],[61,-48],[-7,-57],[4,-56],[49,-51],[16,-70],[-9,-74],[-56,-23],[-36,-64],[-37,-42],[-10,-70],[-31,-51],[-48,-4],[-34,-20],[-49,-63],[-61,-57],[-72,-22],[-86,-83],[-10,-84],[-20,-9],[-30,42],[-31,15],[-86,-19],[-60,10],[-91,-5],[-118,-14],[-70,42],[-61,15],[-51,-12],[-25,-57],[-113,-133],[-8,-20],[-2,-105],[-36,-51],[-66,-26],[-44,-27],[-84,-70],[1,-110],[24,-82],[-45,-55],[-208,-125],[-35,-42],[-36,29],[-81,95],[17,46],[-50,87],[-53,42],[-39,44],[-30,48],[-73,61],[-55,11],[-140,39],[-90,50],[-57,65],[-12,81],[-12,12],[-27,135],[-46,50],[-6,93],[-18,43],[-55,37],[-34,78],[-34,32],[-134,104],[-54,74],[-37,78],[-22,63],[2,37],[-19,37],[-23,119],[-28,76],[-21,112],[-87,19],[-72,35],[-21,151],[13,36],[-46,53],[-22,46],[-53,18],[-59,51],[-66,-37],[-56,6],[-37,-25],[-53,9],[-60,-20],[-70,30],[-25,-3],[-18,-41],[-84,-11],[-15,15],[-50,-6],[-48,30],[-120,32],[-31,26],[-63,-4],[-42,48],[-26,4],[-28,-49],[-91,-40],[-91,-115],[-50,-36],[-52,-3],[-41,32],[-49,-28],[-143,19],[-17,-17],[-3,-96],[21,-110],[47,-14],[9,-15],[-18,-73],[-35,-82],[-22,-107],[-1,-142],[12,-25],[70,-66],[13,-30],[-8,-64],[-142,-19],[-40,-57],[-6,-49],[-31,-27],[-49,-19],[-101,9],[-34,-8],[-100,17],[-91,40],[-136,78],[-57,45],[-59,14],[-35,44],[-87,61],[-44,38],[-69,35],[-74,0],[-113,-20],[-45,120],[-45,53],[-84,33],[-41,44],[-37,23],[-102,4],[-43,-15],[-71,14],[-75,32],[-37,2],[-104,-12],[-76,-25],[-60,-28],[-72,5],[-84,-17],[-146,-92],[-50,-51],[-36,-16],[-66,3],[-68,28],[-67,17],[-123,8],[-64,-28],[-121,-88],[-82,28],[-69,-40],[-55,-10],[-34,-81],[-53,-5],[-70,8],[-90,-56],[-57,13],[-74,-31],[-70,28],[-70,2],[-158,-20],[-105,-49],[-98,-73],[-66,-29],[-39,-5],[-96,49],[-45,-20],[-46,17],[-44,-81],[-2,-43],[-30,-47],[-115,-7],[-89,80],[-88,-54],[-20,-2],[-21,50],[-61,25],[-27,33],[-52,40],[-29,38],[-32,6],[-29,-27],[-87,-24],[-55,3],[-70,-26],[-25,-21],[-53,-74],[-60,-25],[-51,15],[-24,20],[-12,49],[-23,24],[-23,-2],[-12,105],[-115,-6],[-17,105],[12,36],[-6,55],[-30,76],[-46,69],[-56,54],[-58,-31],[-26,14],[-33,59],[-25,12],[-49,64],[-27,1],[-60,-57],[-59,-10],[-28,-49],[-28,-29],[-45,-123],[-66,2],[-8,51],[-82,36],[-14,-18],[-64,-5],[-34,-30],[-88,-12],[-21,-21],[-3,-77],[-15,-20],[-21,-77],[-12,-14],[-25,-92],[-120,-82],[-85,-18],[-33,-35],[-105,-72],[-25,-24],[-37,1],[-51,62],[-16,33],[-62,1],[-42,-63],[-4,-65],[-25,-58],[-91,-58],[-95,-40],[-62,-41],[-35,-3],[-24,87],[-14,13],[-66,19],[-45,30],[4,45],[-12,40],[-45,29],[-39,72],[5,30],[-61,51],[-19,31],[-62,50],[-63,-18],[-32,38],[-8,71],[-25,31],[21,42],[11,94],[-14,61],[29,58],[9,56],[-11,89],[42,16],[69,8],[65,71],[18,34],[28,18],[57,17],[18,-14],[65,-3],[13,36],[33,29],[-19,54],[7,33],[-29,63],[-36,55],[-43,21],[5,62],[-39,34],[16,44],[29,22],[46,8],[30,24],[24,83],[35,24],[47,1],[-50,107],[3,37],[-33,35],[-86,4],[-22,46],[-7,53],[-28,49],[-58,8],[-54,48],[-36,14],[-28,47],[7,83],[44,125],[7,55],[-42,52],[-77,43],[78,60],[-3,39],[-60,57],[-17,45],[18,47],[57,30],[15,21],[14,74],[-9,78],[50,57],[32,65],[4,25],[-23,89],[0,72],[92,62],[47,56],[55,49],[16,86],[-14,14],[-57,15],[-36,44],[-15,39],[15,87],[78,54],[50,42],[77,99],[35,117],[63,71],[91,47],[48,45],[21,37],[13,59],[-21,115],[6,58],[-12,38],[-35,58],[6,39],[-16,82],[-19,58],[-23,188],[-52,33],[-23,30],[4,51],[-16,17],[-74,18],[-24,42],[-23,74],[-19,95],[-5,71],[-37,49],[-25,61],[-28,102],[-7,71],[16,36],[46,8],[110,67],[16,25],[3,99],[10,53],[32,49],[135,37],[35,25],[24,65],[26,95],[77,57],[-39,95],[-14,76],[16,121],[-1,78],[-37,199],[-8,122],[-38,104],[11,65],[52,59],[55,101],[14,87],[-11,108],[14,98],[145,122],[0,18],[-39,45],[-4,33],[25,66],[4,125],[12,37],[27,12],[82,67],[69,71],[25,42],[63,36],[57,45],[53,53],[69,53],[64,12],[36,57],[17,122],[17,54],[-29,48],[-13,61],[7,44],[43,62],[35,28],[62,14],[51,60],[40,13],[70,8],[67,16],[96,-16],[81,-72],[45,-7],[70,46],[87,19],[140,14],[20,12],[63,110],[76,79],[40,120],[73,41],[68,68],[74,46],[157,42],[45,7],[49,31],[46,8],[52,-8],[43,11],[58,45],[50,63],[50,43],[58,15],[134,-14],[219,70],[57,-10],[75,56],[14,34],[14,80],[28,57],[25,24],[60,16],[77,48],[104,146],[43,113],[20,3],[73,-23],[38,3],[77,48],[63,75],[8,30],[-2,54],[9,28],[40,34],[18,56],[80,91],[-35,134],[6,47],[96,167],[24,67],[7,59],[-77,104],[-14,34],[-1,89],[-27,58],[1,54],[12,42],[0,59],[-11,42],[3,128],[19,158],[-9,48],[-71,79],[-23,56],[-77,133],[-77,17],[-11,56],[21,63],[-8,47],[-44,54],[-12,116],[-41,65],[-20,84],[-49,46],[-105,12],[-49,-10],[-102,-3],[-25,8],[-23,46],[-119,106],[-41,74],[-74,78],[-20,100],[55,105],[14,103],[23,53],[-12,101],[6,63],[104,186],[25,30],[13,45],[-34,109],[-20,131],[-22,94],[-26,54],[-66,86],[-6,93],[-51,86],[-41,50],[-51,79],[-33,10],[-33,-10],[-85,13],[-57,38],[-23,89],[-134,128],[-26,9],[-73,-5],[-117,18],[-35,29],[-33,90],[-41,40],[-23,164],[-29,35],[-151,-12],[-59,6],[-15,63],[-22,11],[-55,-7],[-22,-15],[-57,-143],[-51,-27],[-67,3],[-29,-16],[-38,-63],[-60,-15],[-35,-31],[-52,21],[-39,1],[-34,-30],[-65,-1],[-123,26],[-27,-1],[-41,-86],[-43,-50],[-19,-45],[-7,-73],[-21,-25],[-38,-7],[-67,24],[-53,-2],[-25,-24],[-37,-63],[-43,-14],[-47,38],[-43,66],[-17,9],[-60,-45],[-17,6],[-12,54],[-48,122],[-21,83],[-48,34],[-6,40],[64,20],[20,18],[48,87],[36,77],[28,102],[-6,24],[-55,80],[-18,73],[-43,76],[-40,44],[-4,40],[44,90],[-26,62],[-19,94],[22,49],[4,49],[-7,53],[43,33],[28,61],[4,37],[-12,49],[21,78],[23,7],[98,-20],[42,1],[47,25],[15,33],[32,172],[16,21],[62,29],[78,71],[55,19],[47,27],[125,25],[89,10],[47,69],[24,-5],[78,-107],[86,69],[63,36],[42,35],[39,60],[45,32],[73,25],[72,50],[51,97],[18,9],[84,-9],[15,6],[33,46],[60,47],[51,-2],[9,28],[-58,106],[10,51],[74,29],[57,8],[178,64],[151,47],[21,23],[32,71],[25,75],[41,35],[63,72],[56,31],[53,46],[69,82],[74,16],[31,30],[73,-4],[79,7],[36,12],[87,58],[148,73],[47,17],[84,47],[26,0],[110,-49],[59,-58],[61,23],[16,47],[51,86],[91,68],[34,45],[98,17],[76,38],[8,22],[40,24],[32,63],[67,14],[69,-7],[80,5],[57,51],[115,40],[44,4],[71,24],[63,-3],[39,46],[72,60],[99,-12],[48,4],[46,17],[57,2],[91,-34],[92,-20],[37,5],[86,75],[3,63],[47,28],[49,10],[93,109],[122,53],[17,37],[79,70],[135,61],[132,111],[31,35],[20,52],[35,59],[39,30],[90,11],[61,1],[65,36],[16,1],[59,-95],[26,-28],[46,-25],[14,-19],[8,-68],[25,-43],[35,-18],[148,13],[62,21],[46,-4],[21,-41],[21,-11],[52,0],[65,16],[61,45],[3,42],[18,52],[30,10],[54,42],[36,57],[28,7],[46,-13],[39,13],[31,33],[118,20],[57,81],[53,28],[64,-49],[40,-17],[56,2],[108,47],[15,56],[29,64],[80,139],[58,83],[0,82],[26,31],[119,31],[92,66],[41,46],[44,28],[56,22],[56,155],[87,141],[43,41],[68,38],[108,21],[102,35],[45,28],[103,34],[36,22],[50,6],[34,-37],[73,-21],[97,-82],[47,-50],[42,-67],[28,-20],[69,-11],[55,-31],[31,-4],[95,4],[65,24],[65,-12],[52,20],[75,-2],[47,15],[57,-19],[173,-27],[44,-1],[147,-53],[69,-10],[96,19],[108,75],[75,45],[26,64],[82,82],[-11,73],[8,17],[44,8],[45,43],[60,25],[30,39],[17,2],[61,-25],[32,5],[40,-16],[98,-98],[109,-16],[42,27],[74,6],[46,-55],[57,20],[68,62],[19,0],[43,-61],[42,7],[57,-31],[30,62],[45,19],[37,72],[18,3],[20,-30],[28,17],[61,60],[38,10],[14,19],[13,63],[1,52],[14,15],[46,10],[46,-12],[50,11],[72,32],[36,4],[60,-39],[84,12],[15,-5],[57,-96],[101,-27],[183,147],[5,20],[-14,66],[10,36],[39,25],[38,-1],[84,-20],[41,14],[110,56],[21,53],[44,54],[100,64],[-7,49]],[[25471,22804],[5,-94],[12,-77],[-19,-78],[1,-56],[20,-57],[5,-82],[62,-82],[53,-79],[25,-24],[35,-111],[63,-72],[19,-52],[68,-145],[23,-39],[67,-35],[24,-38],[112,-58],[15,-70],[22,-49],[48,-69],[48,-115],[62,-65],[65,-82],[19,-62],[20,-36],[110,57],[165,107],[186,164],[68,-106],[16,-43],[22,-121],[96,-245],[58,-84],[41,-83],[53,-54],[70,-124],[34,-32],[91,-11],[38,-22],[33,-89],[13,-89],[29,-102],[48,-69],[5,-36],[-32,-63],[-32,-26],[-32,-77],[-34,-35],[-62,-40],[-71,-18],[-49,8],[18,-99],[25,-74],[37,-67],[27,-142],[-6,-75],[17,-43],[3,-117],[-19,-147],[12,-61],[23,-35],[55,-45],[8,-31],[-36,-114],[30,-63],[30,-119],[68,-78],[51,-86],[27,-18],[51,17],[124,56],[74,84],[112,51],[91,23],[95,55],[48,13],[60,-7],[68,11],[49,-20],[28,2],[68,44],[70,9],[65,43],[91,-21],[147,-27],[67,-24],[33,-24],[83,-19],[6,27],[0,101],[31,106],[103,90],[18,62],[16,24],[149,152],[109,36],[51,56],[12,42],[21,25],[82,30],[47,52],[49,-14],[20,-43],[105,-37],[47,-93],[32,3],[46,-40],[20,-47],[49,-36],[60,-26],[45,12],[80,-15],[30,-50],[46,-1],[45,12],[128,-28],[27,21],[29,-6],[35,-30],[13,-44],[42,-75],[6,-38],[61,-100],[44,-45]],[[30707,18779],[-32,-71],[5,-98],[-74,-126],[-21,-75],[-21,-42],[-67,-108],[2,-55],[24,-39],[65,-44],[13,-97],[19,-73],[37,-62],[38,-30],[29,-6],[58,-48],[144,-187],[47,-72],[54,-36],[121,-41],[106,-5],[57,-23],[53,-96],[38,-125],[16,-31],[43,-43],[24,-78],[33,-51],[60,-22],[21,-73],[-50,-142],[22,-44],[55,-53],[58,-75],[17,-101],[114,-133],[6,-123],[9,-24],[58,-90],[-4,-45],[-114,-148],[-24,-58],[6,-33],[36,-53],[4,-67],[27,-34],[-14,-53],[61,-168],[-4,-35],[55,-68],[15,-41],[5,-57],[38,-79],[-48,-82],[11,-70],[38,-83],[0,-16],[-36,-85],[30,-17],[62,-111],[75,-87],[35,-52],[56,31],[43,-24],[11,-38],[-17,-41],[-42,-54],[18,-41],[-11,-64],[9,-83],[-13,-36],[12,-30],[34,-28],[36,-85],[59,-98],[36,-25],[44,-56],[24,-48],[-3,-32],[-30,-39],[-62,-18],[-55,-61],[4,-69],[-16,-56],[-62,-69],[-12,-105],[-11,-17],[-63,13],[-46,35],[-119,10],[-62,-73],[-52,-19],[-57,-52],[-38,1],[-50,30],[-38,34],[-47,24],[-5,49],[-25,124],[-14,114],[16,54],[-5,39],[-32,42],[-40,12],[-57,40],[-12,64],[-19,44],[-10,51],[-26,59],[8,52],[-13,70],[-30,33],[-54,17],[-47,1],[-49,-30],[-24,-56],[-27,-26],[-57,-8],[-48,-26],[-54,13],[-32,23],[-63,16],[-26,55],[-47,70],[-32,10],[-16,78],[-45,28],[-33,78],[-69,-18],[-74,-9],[-108,-49],[-39,-27],[-115,-46],[-36,-2],[-52,22],[-27,59],[-51,35],[-59,-42],[-28,-97],[-57,-77],[-41,-184],[-35,-86],[-73,-60],[-78,-22],[-22,-21],[-21,-59],[-103,-18],[-40,4],[-84,44],[-61,10],[-55,67],[-19,6],[-45,-27],[-119,18],[-17,-38],[-65,-84],[-35,-13],[-107,20],[-38,-1],[-93,-21],[-9,-25],[4,-99],[-17,-74],[-19,-29],[-85,-15],[-78,-106],[-33,-80],[-57,-10],[-206,-1],[-105,7],[-95,-22],[-75,-26],[-42,-2],[-57,12],[-21,-9],[-63,-81],[-43,-31],[0,-144],[-12,-102],[-16,-46],[-43,-49],[-13,-54],[-32,-22],[-125,52],[-55,-65],[-71,-33],[-66,-108],[-42,-29],[-47,-14],[-63,22],[-25,28],[-13,64],[-26,50],[-85,62],[-28,8],[-45,47],[-77,11],[-42,-20],[-71,-8],[-51,7],[-48,18],[-16,-7],[-46,-65],[-7,-41],[-78,-48],[-22,-34],[-18,-90],[-70,-177],[-32,-46],[-78,-42],[-56,-6],[-64,35],[-46,7],[-95,-14],[-122,-63],[-33,-22],[-58,-22],[-44,-34],[-143,-33],[-12,7],[-29,80],[-37,55],[-53,28],[-223,21],[-76,2],[-36,30],[-32,7],[-131,-17],[-38,-10],[-117,-13],[-20,6],[-31,54],[-51,30],[-85,24],[-35,23],[-51,59],[-125,57],[-76,17],[-130,67],[-74,23],[-49,38],[-56,57],[-36,10],[-68,-37],[-48,-1],[-57,-30],[-61,-15],[-66,8],[-190,-64],[-38,45],[-28,50],[2,127],[-25,59],[21,60],[-22,137],[-20,43],[-143,78],[-40,39],[-44,72],[-87,73],[-79,110],[-42,29],[-54,-10],[-126,-7],[-121,6],[-49,-14],[-44,-37],[-61,4],[-179,175],[-38,7],[-30,-17],[-57,-51],[-52,-16],[-64,-50],[-24,-37],[-53,-12],[-24,-56],[-31,-39],[-23,-77],[-26,-42],[-76,-74],[-39,-14],[-53,17],[-65,-47],[-37,-12],[-68,-43],[-59,-10],[-87,41],[-37,1],[-30,-28],[-57,-104],[-10,-49],[-29,-38],[-23,-121],[-2,-38]],[[37994,30760],[-41,-75],[-58,-196],[-23,-51],[-12,-60],[-22,-59],[-20,-19],[-89,-52],[-39,-80],[-49,-40],[-70,-26],[-109,-73],[-52,-23],[-80,-96],[41,-51],[39,-79],[6,-46],[-12,-99],[-12,-53],[20,-51],[47,-34],[57,20],[49,-30],[55,-9],[27,-39],[6,-89],[13,-98],[-21,-39],[-67,-54],[-33,-60],[-81,-30],[-56,-35],[1,-52],[47,-34],[20,-37],[-6,-48],[-65,-74],[-43,-76],[-68,-96],[-141,-138],[-95,-20],[-20,-35],[-10,-92],[-28,-63],[-47,-46],[-51,26],[-35,-10],[-15,-24],[-29,-119],[-37,-55],[-50,-30],[14,-117],[-3,-130],[-44,-25],[-33,-32],[-96,-23],[-39,-38],[-65,-33],[-50,-86],[-46,-32],[3,-64],[16,-98],[29,-42],[-9,-45],[-44,-46],[-20,-37],[-9,-64],[7,-213],[-3,-96],[-20,-200],[-26,-47],[-9,-55],[20,-41],[-20,-61],[76,-72],[12,-89],[18,-64],[-13,-44],[-61,-42],[-31,-36],[-7,-46],[30,-109],[14,-25],[96,-64],[15,-137],[-67,-24],[-16,-32],[14,-117],[-13,-27],[-56,-62],[-40,-81],[-22,-22],[-25,-57],[-2,-64],[-53,-24],[-18,-31],[40,-186],[0,-44],[-71,-52],[4,-73],[-17,-39],[-39,9],[-38,-23],[1,-42],[-161,-99],[-10,-46],[16,-69],[37,-80],[43,-182],[45,-128],[16,-76],[-13,-96],[-16,-62],[-22,-43],[-24,-20],[-65,-16],[-41,-56],[-22,-52],[-83,-101],[-15,-69],[41,-66],[40,-32],[79,-39],[68,-112],[12,-33],[2,-97],[26,-79],[-54,-146],[-24,-41],[-52,-53],[-62,-17],[-10,-38],[-60,-81],[-43,-16],[-34,-45],[-41,-139],[-24,-58],[-21,-90],[8,-58],[19,-52],[27,-28],[9,-67],[20,-51],[-7,-91],[-28,-66],[-38,-44],[6,-101],[59,-52],[42,-77],[3,-60],[-34,-76],[0,-31],[31,-84],[-25,-49],[-63,-43],[-40,-65],[-69,-31],[-101,-15],[-58,-17],[-80,-35],[-40,-29],[-16,-30],[-9,-102],[20,-91],[-8,-92],[-45,-114],[-9,-54],[17,-108],[-73,-206],[-33,-39],[-121,-51],[-89,-15],[-46,-44],[-26,-57],[1,-95],[-37,-74],[-18,-56],[-23,-28],[-72,-33],[-32,-59],[-20,1],[-104,44],[-66,4],[-48,12],[-44,-4],[-108,30],[-50,32],[-44,54],[-38,33],[-34,3],[-78,-31],[-106,22],[-168,-52],[-115,-87],[-84,-22],[-53,-42],[-32,-61],[-95,-16],[-23,-19],[-30,-57],[9,-107],[-17,-39],[-80,-45],[-34,-58],[-89,-88],[-106,-53],[-107,19],[-88,-21],[-95,25],[-67,-13],[-78,-4],[-60,-14],[-39,2],[-81,104],[-58,116],[-55,69],[-28,10],[-123,-23],[-65,-3],[-27,11],[-82,59],[-165,42],[-67,10],[-167,42],[-40,-8],[-115,-168],[-17,-36],[-21,-80],[-7,-135],[-20,-60],[-6,-75],[-45,-28],[-48,-51],[-61,-33],[-68,-8],[-108,-57],[-74,-2],[-32,-8],[-40,-43],[-45,-10],[-7,-24]]],"transform":{"scale":[0.000012121332747561558,0.000009337487005801204],"translate":[133.13587917,35.05767833]},"objects":{"city":{"type":"GeometryCollection","geometries":[{"arcs":[[[0,1,2,3,4,5,6,7,8]],[[9]],[[10]],[[11]],[[12]],[[13]],[[14]],[[15]],[[16]],[[17]],[[18]],[[19]],[[20]],[[21]],[[22]],[[23]],[[24]],[[25]],[[26]],[[27]],[[28]],[[29]],[[30]],[[31]]],"type":"MultiPolygon","properties":{"N03_001":"鳥取県","N03_004":"鳥取市","PREF_CODE":"31","MERGED_CODE":"31201","N03_007":"31201"},"id":"31201"},{"arcs":[[32,33,34,35,36,37,38,39]],"type":"Polygon","properties":{"N03_001":"鳥取県","N03_004":"米子市","PREF_CODE":"31","MERGED_CODE":"31202","N03_007":"31202"},"id":"31202"},{"arcs":[[40,41,42,43,44,45]],"type":"Polygon","properties":{"N03_001":"鳥取県","N03_004":"倉吉市","PREF_CODE":"31","MERGED_CODE":"31203","N03_007":"31203"},"id":"31203"},{"arcs":[[[-34,46]],[[47]],[[48]]],"type":"MultiPolygon","properties":{"N03_001":"鳥取県","N03_004":"境港市","PREF_CODE":"31","MERGED_CODE":"31204","N03_007":"31204"},"id":"31204"},{"arcs":[[[49,-9,50]],[[51]],[[52]],[[53]],[[54]],[[55]],[[56]],[[57]],[[58]],[[59]],[[60]],[[61]],[[62]],[[63]],[[64]],[[65]],[[66]],[[67]],[[68]],[[69]],[[70]],[[71]],[[72]],[[73]],[[74]],[[75]],[[76]],[[77]],[[78]],[[79]]],"type":"MultiPolygon","properties":{"N03_001":"鳥取県","N03_004":"岩美町","PREF_CODE":"31","MERGED_CODE":"31302","N03_007":"31302"},"id":"31302"},{"arcs":[[80,81,82,-2,83]],"type":"Polygon","properties":{"N03_001":"鳥取県","N03_004":"若桜町","PREF_CODE":"31","MERGED_CODE":"31325","N03_007":"31325"},"id":"31325"},{"arcs":[[-4,84,-82,85]],"type":"Polygon","properties":{"N03_001":"鳥取県","N03_004":"智頭町","PREF_CODE":"31","MERGED_CODE":"31328","N03_007":"31328"},"id":"31328"},{"arcs":[[-3,-83,-85]],"type":"Polygon","properties":{"N03_001":"鳥取県","N03_004":"八頭町","PREF_CODE":"31","MERGED_CODE":"31329","N03_007":"31329"},"id":"31329"},{"arcs":[[-6,86,-46,87]],"type":"Polygon","properties":{"N03_001":"鳥取県","N03_004":"三朝町","PREF_CODE":"31","MERGED_CODE":"31364","N03_007":"31364"},"id":"31364"},{"arcs":[[[-7,-88,-45,88,89]],[[90]],[[91]],[[92]]],"type":"MultiPolygon","properties":{"N03_001":"鳥取県","N03_004":"湯梨浜町","PREF_CODE":"31","MERGED_CODE":"31370","N03_007":"31370"},"id":"31370"},{"arcs":[[[-43,93,94,95,96]],[[97]],[[98]],[[99]],[[100]]],"type":"MultiPolygon","properties":{"N03_001":"鳥取県","N03_004":"琴浦町","PREF_CODE":"31","MERGED_CODE":"31371","N03_007":"31371"},"id":"31371"},{"arcs":[[-44,-97,101,-89]],"type":"Polygon","properties":{"N03_001":"鳥取県","N03_004":"北栄町","PREF_CODE":"31","MERGED_CODE":"31372","N03_007":"31372"},"id":"31372"},{"arcs":[[-36,102]],"type":"Polygon","properties":{"N03_001":"鳥取県","N03_004":"日吉津村","PREF_CODE":"31","MERGED_CODE":"31384","N03_007":"31384"},"id":"31384"},{"arcs":[[[-38,103,-95,104,105]],[[106]],[[107]]],"type":"MultiPolygon","properties":{"N03_001":"鳥取県","N03_004":"大山町","PREF_CODE":"31","MERGED_CODE":"31386","N03_007":"31386"},"id":"31386"},{"arcs":[[-40,108,109,110,111]],"type":"Polygon","properties":{"N03_001":"鳥取県","N03_004":"南部町","PREF_CODE":"31","MERGED_CODE":"31389","N03_007":"31389"},"id":"31389"},{"arcs":[[-39,-106,112,113,-109]],"type":"Polygon","properties":{"N03_001":"鳥取県","N03_004":"伯耆町","PREF_CODE":"31","MERGED_CODE":"31390","N03_007":"31390"},"id":"31390"},{"arcs":[[-111,114,115]],"type":"Polygon","properties":{"N03_001":"鳥取県","N03_004":"日南町","PREF_CODE":"31","MERGED_CODE":"31401","N03_007":"31401"},"id":"31401"},{"arcs":[[-110,-114,116,117,-115]],"type":"Polygon","properties":{"N03_001":"鳥取県","N03_004":"日野町","PREF_CODE":"31","MERGED_CODE":"31402","N03_007":"31402"},"id":"31402"},{"arcs":[[-42,118,-117,-113,-105,-94]],"type":"Polygon","properties":{"N03_001":"鳥取県","N03_004":"江府町","PREF_CODE":"31","MERGED_CODE":"31403","N03_007":"31403"},"id":"31403"}]}}}