{"type":"Topology","arcs":[[[51055,34549],[59,30],[113,-16],[59,18],[37,-15],[28,77],[32,32],[101,80],[30,36],[44,143],[4,74],[-43,123],[-6,31],[27,7],[13,36],[29,6],[79,-14],[198,-20],[9,114],[-27,79],[-128,-31],[-83,203],[-162,502],[-102,356],[-28,91],[-62,239],[-84,237],[3,32],[200,64],[26,-86],[211,62],[-25,65],[-70,239],[189,53],[-27,85],[-74,206],[-79,-20],[-20,19],[-8,53],[-41,103],[23,31],[-31,110],[46,23],[5,55],[-34,46],[-136,74],[-3,47],[-68,25],[-71,56],[-30,44],[-84,19],[-111,82],[-41,-42],[-104,85],[-67,44],[-95,51],[-16,21],[-16,67],[-73,218],[-191,-70],[-104,6],[-156,-37],[-183,-55],[-149,2],[-283,-13],[-28,-17],[-67,-107],[-21,-18],[-70,-6],[-89,-63],[-51,-5],[-81,10],[-35,-17],[-139,-32],[-129,-97],[-84,-49],[-47,-46],[-141,-48],[-95,-46]],[[48428,38190],[-96,72],[-96,155],[-85,102],[-95,94],[-59,189],[2,58],[-59,47],[7,48],[-14,115],[-39,-9],[-17,57],[-56,58],[-72,87],[63,-12],[68,-45],[15,12],[28,97],[7,191],[-6,50],[8,26],[-6,74],[-14,7],[27,58],[68,49],[52,64],[59,21],[142,27],[55,32],[108,10],[7,49],[53,95],[-16,115],[56,60],[39,72],[64,75],[63,113],[9,106],[0,171],[-162,206],[-62,44],[-109,39],[-177,42],[-37,83],[-51,52],[-25,51],[-164,283],[-68,145],[-17,27],[-100,-48],[-32,4],[-137,248],[-25,33],[-35,18],[-31,-32],[-83,-43],[21,-52],[3,-43],[-50,-17],[-73,-79],[-62,-51],[-4,-106],[-30,-3],[-42,91],[-60,73],[47,76],[-37,3],[-91,23],[-131,72],[-179,55],[59,62],[81,-7],[382,200],[289,155],[307,160],[347,187],[5,76],[-4,129],[58,173],[70,110],[13,29],[-54,39],[-17,44],[-66,33],[-17,36],[11,80],[-28,73],[-2,44],[34,23],[-38,152],[1,19],[83,32],[-48,96],[-62,184],[-34,127],[-22,105],[-1,54],[25,76],[-102,86],[3,68],[-30,3],[-34,42],[11,44],[-26,40],[-64,12],[-50,69],[-28,24],[-41,70],[-9,37],[6,88],[-26,50],[-54,33],[-64,133],[-47,54],[-36,79],[-21,13],[-94,15],[-50,-14],[-40,34],[-19,69],[-94,109],[-65,47],[-53,24],[-94,25],[-52,67],[-121,45],[-67,71],[-80,-1],[-96,132],[-69,70],[-4,31],[-50,61],[-30,55],[-37,28],[-60,6],[-134,49],[-98,2],[-46,12],[-73,38],[-84,71],[-15,75],[-165,7],[-25,45],[-28,19],[-69,-19],[-112,-101],[-29,-11],[-46,9],[-88,70],[-63,16],[-4,73],[-17,31],[-38,26],[-49,16],[-43,27],[-11,39],[-27,25],[-101,43],[-18,17],[-33,104],[-6,87],[27,62],[9,42],[-20,51],[-65,-2],[-56,17],[-48,-1],[-93,-30],[-30,5],[-56,34],[-62,20],[-20,16],[-23,51],[-75,-25],[-81,-81],[-37,-66],[-4,-49],[-19,-17],[-50,-1],[-31,29],[-15,52],[-69,-6],[-81,13],[-44,17],[-47,-4],[-140,-49],[-43,23],[-42,50],[-38,27],[-56,-3],[-161,33],[-53,30],[7,35],[72,45],[51,44],[8,61],[-16,58],[-1,52],[-15,116],[-25,58],[-40,17],[-55,-6],[-43,46],[-27,50],[-19,60],[-40,66],[-81,62],[-19,27],[-10,96],[27,71],[-31,29],[-33,90],[-47,44],[-52,29],[-18,45],[-67,76],[-6,114],[42,86],[-13,58],[-9,213],[33,65],[10,99],[-42,35],[1,23]],[[42877,49256],[-2,37],[-27,28],[3,91],[57,38],[89,81],[37,52],[10,55],[28,49],[44,21],[72,67],[21,56],[3,74],[-14,46],[-12,154],[33,90],[62,-17],[82,-11],[57,20],[36,55],[37,117],[49,86],[88,106],[22,42],[15,65],[33,57],[6,36],[-21,95],[-27,13],[-91,128],[-8,23],[1,81],[38,39],[11,31],[-14,142],[-6,18],[41,-10],[75,-68],[86,-56],[67,-9],[64,-30],[114,-29],[32,-44],[25,-79],[28,-64],[39,-54],[55,-32],[29,-34],[48,-108],[47,26],[46,85],[29,23],[28,44],[32,128],[38,62],[28,28],[58,18],[114,6],[102,42],[64,3],[28,14],[6,37],[31,71],[49,19],[91,61],[72,29],[46,39],[57,87],[32,10],[12,-71],[72,-117],[4,-122],[10,-19],[90,1],[116,-21],[264,-15],[56,57],[9,78],[20,67],[-1,68],[-24,70],[-2,55],[16,59],[39,71],[6,55],[-5,78],[-11,65],[3,47],[40,89],[-2,26],[-39,58],[4,50],[22,28],[-18,40],[-3,63],[51,69],[12,100],[19,54],[-162,11],[-11,40],[180,142],[130,137],[74,11],[58,35],[38,73],[83,61],[27,41],[94,209],[14,85],[28,85],[-23,63],[10,21],[140,18],[32,8],[40,38],[-4,41],[-27,55],[30,46],[47,29],[74,14],[62,29],[62,-42],[75,-21],[68,16],[115,129],[13,35],[3,93],[22,21],[55,24],[77,23],[133,17],[105,-17],[113,-38],[39,2],[21,67],[6,106],[-27,110],[24,73],[86,72],[-2,50],[-15,39],[-50,29],[-3,18],[34,25],[59,68],[55,-15],[232,-45],[-43,-87],[7,-45],[-9,-35],[-46,-66],[-8,-35],[16,-73],[1,-80],[13,-42],[38,-45],[107,-13],[98,-21],[25,-26],[34,-65],[41,-39],[95,-15],[55,-32],[221,-65],[0,-28],[67,-30],[4,-33],[-38,-83],[-6,-67],[20,-109],[30,-49],[117,-59],[210,-66],[114,-78],[89,-27],[123,-69],[141,3],[55,23],[44,49],[47,14],[78,37],[-9,35],[21,88],[35,60],[12,77],[24,22],[10,46],[37,75],[-1,28],[-78,92],[-73,95],[-30,79],[36,83],[-26,106],[-18,32],[21,60],[-27,50],[-32,13],[-14,39],[12,69],[34,113],[20,23],[51,10],[67,31],[21,-18],[35,3],[19,21],[5,42],[-56,35],[-8,65],[23,44],[-54,49],[-35,79],[-26,42],[3,28],[-48,31],[-66,67],[-21,107],[1,104],[-61,50],[-1,56],[26,78],[-7,38],[-49,73],[-21,59],[53,215],[32,90],[15,84],[29,102],[3,55],[18,27],[55,36],[113,-4],[44,21],[49,112],[58,51],[68,42],[54,24],[63,13],[66,77],[56,125],[135,52],[149,110],[47,65],[39,21],[120,39],[80,1],[62,-8],[56,83],[32,29],[65,25],[34,-7],[61,-45],[-19,-49],[-58,-61],[-33,-73],[-1,-30],[93,72],[62,31],[122,23],[105,-5],[50,24],[126,29],[62,24],[179,90],[71,46],[61,53],[21,72],[-22,35],[-53,36],[-15,41],[23,96],[-16,60],[4,34],[48,114],[35,64],[70,63],[34,19],[20,38],[63,56],[86,48],[52,58],[59,106],[-13,53],[-40,17],[-55,55],[8,58],[-6,103],[-29,46],[-103,25],[13,63],[2,70],[-29,65],[-30,96],[22,47],[83,140],[20,59],[6,61],[52,94],[8,33],[-13,47],[-21,26],[-149,139],[-27,47],[-36,188],[-57,78],[-37,25],[22,54],[-6,43],[41,91],[-1,35],[60,131],[58,-23],[18,27],[6,57],[31,54],[30,71],[54,69],[13,44],[-6,126],[44,126],[0,28],[78,82],[102,7],[89,53],[11,33],[-68,38],[-34,46],[-5,37],[19,92],[-13,51],[-105,147],[-4,41],[37,77],[-7,63],[11,52],[62,31],[34,27],[16,39],[38,44],[33,8],[124,-60],[63,22],[-2,25],[-88,70],[-29,48],[-12,66],[19,104],[23,49],[80,92],[108,100],[74,32],[9,25],[-10,73],[108,90],[86,90],[16,-2],[54,-63],[75,-43],[106,-22],[55,9],[63,57],[52,35],[96,25],[80,35],[128,72],[31,25],[72,118],[8,30],[-44,76],[-8,85],[64,70],[95,24],[74,-34],[47,-1],[56,16],[112,-4],[152,9],[73,24],[116,79],[57,44],[46,50],[44,18],[104,-5],[150,99],[3,11],[-77,148],[-44,103],[-42,66],[-62,38],[-115,38],[-38,5],[-97,-14],[-118,-33],[-89,-44],[-120,-49],[-79,-26],[-85,-14],[-40,2],[-128,33],[-175,58],[-32,19],[-73,70],[-79,120],[-67,135],[-62,107],[-99,139],[-63,64],[-154,105],[-175,83],[-101,31],[-45,3],[-86,20],[-76,31],[-69,45],[-57,56],[-70,99],[-95,175],[-33,72],[-59,156],[-15,63],[-6,80],[9,56],[31,81],[39,70],[25,29],[113,103],[128,74],[65,52],[53,83],[26,78],[12,100],[-4,78],[-12,82],[-26,94],[-49,100],[-69,118],[-70,86]],[[52864,66689],[20,8],[82,93],[67,89],[19,130],[45,149],[-14,78],[-85,83],[-16,28],[-20,72],[-59,77],[-19,68],[-1,50],[92,42],[156,59],[75,51],[-44,43],[46,-5],[53,-36],[46,-10],[33,-28],[36,-85],[96,-62],[42,-2],[100,34],[199,53],[42,-12],[33,-60],[35,-118],[61,-36],[15,-20],[16,-105],[-2,-88],[15,-33],[4,-67],[56,-113],[13,-39],[92,-24],[29,-18],[29,-51],[27,-92],[52,-109],[34,-46],[49,-24],[108,-102],[68,-27],[13,11],[-13,89],[-13,31],[-44,47],[-17,45],[-57,81],[-13,36],[-2,96],[-35,81],[6,17],[85,46],[105,38],[64,39],[29,34],[41,21],[70,14],[123,12],[166,38],[93,69],[31,84],[35,38],[25,47],[43,34],[81,85],[86,53],[108,103],[52,100],[75,62],[71,140],[30,78],[182,-4],[58,-70],[24,-42],[80,-60],[57,-31],[27,-46],[-7,-74],[47,-124],[39,-30],[56,24],[110,98],[54,11],[62,-15],[58,0],[18,-55],[47,-3],[18,18],[111,24],[49,-12],[55,-27],[51,54],[48,-22],[87,-4],[14,-17],[-7,-99],[69,-69],[59,-11],[42,2],[75,22],[89,0],[31,45],[5,58],[14,38],[-27,30],[25,85],[-1,51],[-29,65],[51,-10],[89,-72],[79,41],[25,37],[16,72],[65,52],[8,20],[-8,69],[29,60],[197,-32],[33,-11],[58,-45],[81,-34],[101,-5],[40,-13],[37,-27],[84,-97],[-47,-30],[-108,-20],[-30,-16],[-27,-73],[1,-147]],[[58291,67682],[-16,-56],[-65,-70],[-25,-12],[-75,-80],[-72,-31],[-28,-86],[-4,-51],[-23,-97],[-36,-111],[11,-61],[-1,-107],[6,-29],[35,-41],[18,-46],[-5,-53],[47,-57],[109,-73],[77,-107],[8,-37],[-20,-56],[25,-82],[-16,-50],[-33,-39],[-41,-70],[-19,-75],[0,-119],[20,-66],[-17,-49],[-38,-29],[-35,-59],[-24,-11],[-36,-54],[-75,-23],[-75,4],[-32,34],[-57,11],[-24,-9],[-74,21],[-23,-14],[-15,-54],[-29,-33],[-15,-55],[-65,-67],[-69,-24],[-43,-56],[-4,-26],[26,-22],[18,-70],[40,-40],[32,-10],[21,-34],[56,-12],[118,-51],[91,-58],[83,-79],[38,-56],[-34,-52],[-108,-47],[-23,-22],[-26,-91],[-18,-36],[-27,-17],[-126,42],[-59,-18],[-53,-41],[-53,-118],[-31,-40],[-61,-23],[-64,-45],[-43,-16],[-65,8],[-39,29],[-30,5],[-70,-9],[-112,17],[-43,-16],[18,-93],[-3,-51],[-30,-39],[-23,-52],[0,-36],[19,-56],[8,-88],[62,-48],[-14,-35],[27,-34],[44,-24],[108,-36],[44,-4],[41,-24],[56,-16],[38,-124],[69,-51],[32,-60],[-7,-101],[5,-29],[42,-98],[38,-54],[79,-79],[45,-22],[52,-11],[16,29],[37,149],[89,-6],[13,28],[-9,79],[67,-9],[14,40],[9,78],[15,12],[95,-14],[90,-5],[50,12],[34,57],[13,47],[27,29],[17,46],[26,-30],[128,-40],[77,19],[59,-48],[-54,-128],[68,-109],[59,-54],[78,-20],[48,3],[53,24],[32,-10],[124,2],[41,-18],[26,-62],[44,25],[45,-6],[69,-61],[31,-45],[92,-58],[61,-13],[-39,-49],[7,-12],[129,49],[84,54],[4,-109],[-23,-30],[-43,-18],[-38,-30],[-45,-61],[-52,-133],[35,-30],[10,-52],[-35,-47],[-13,-36],[-27,-130],[51,-63],[32,-17],[64,-12],[16,-68],[30,-38],[41,-14],[86,-8],[54,4],[99,25],[49,36],[106,-97],[5,-18],[-18,-48],[61,-100],[46,-38],[44,-55],[22,-61],[110,-168],[114,-101],[77,-42],[140,-53],[35,-49],[47,-17],[7,-18],[-9,-62],[16,-19],[86,-3],[58,21],[67,3],[58,18],[39,-30],[-16,-57],[-52,-77],[-75,-80],[-99,-84],[-59,-41],[-73,-77],[-86,-114],[-35,-84],[-34,-54],[-101,-69],[-73,-88],[-102,-21],[-90,-101],[-69,-34],[-17,-49],[4,-103],[-7,-48],[19,-79],[42,29],[42,49],[51,81],[55,19],[43,-7],[56,7],[43,-26],[75,6],[12,-72],[71,-38],[26,2],[52,42],[53,-17],[32,-41],[51,-94],[37,-41],[114,-56],[42,0],[72,24],[93,-8],[114,17],[82,-56],[88,-49],[41,-29],[44,-11],[66,-1],[29,-25],[59,1],[94,70],[28,51],[60,20],[62,-7],[65,19],[86,-6],[107,66],[35,45],[66,-2],[88,-57],[17,24],[66,24],[93,50],[25,25]],[[62389,60225],[92,0],[55,-53],[47,-27],[87,-29],[68,-174],[85,-117],[87,-95],[-25,-33],[7,-51],[31,-43],[12,-42],[9,-111],[-7,-56],[1,-108],[12,-13],[92,-19],[66,8],[52,-126],[44,-137],[26,-54],[74,-54],[38,-40],[-28,-70],[1,-23],[36,-28],[-8,-29],[19,-18],[46,-2],[28,-41],[5,-82],[30,-87],[43,-30],[101,-107],[-36,-86],[7,-52],[-25,-24],[-138,-8],[-81,-41],[-90,-26],[-19,-26],[-11,-51],[-41,-28],[-121,-56],[-47,-32],[-48,-46],[-14,-39],[60,-5],[44,12],[48,27],[86,-3],[55,-31],[106,-6],[185,-122],[39,-9],[34,15],[79,-4],[45,-26],[44,-45],[79,7],[12,-53],[34,-36],[-19,-78],[14,-28],[43,-37],[52,39],[65,25],[52,5],[46,-10],[43,-25],[64,-59],[16,-26],[-11,-51],[-44,-31],[-60,-7],[-17,-17],[54,-56],[86,-48],[72,-2],[83,-15],[33,23],[-81,139],[-6,31],[37,55],[10,36],[0,66],[-32,71],[7,32],[38,41],[52,86],[35,79],[93,34],[9,32],[-28,107],[5,54],[38,29],[35,98],[57,97],[21,104],[34,37],[42,-5],[110,-38],[141,-23],[18,-7],[50,-70],[23,-80],[30,14],[10,36],[8,90],[21,17],[34,-14],[32,-52],[65,-60],[82,-40],[131,-72],[134,-48],[32,-29],[30,-55],[59,-60],[40,-25],[-3,-87],[-66,-60],[11,-53],[-12,-122],[-32,-48],[-21,-69],[6,-211],[-10,-93],[21,-102],[0,-76],[-50,-58],[-25,-57],[-29,-29],[-4,-54],[-87,-141],[-12,-63],[-38,-32],[-80,1],[-21,-18],[-6,-34],[-38,-58],[-70,-37],[-7,-52],[48,-63],[19,-191],[67,-12],[56,-20],[106,-14],[1,-20],[-83,-42],[-44,-79],[-62,-8],[-38,-18],[-11,-40],[8,-72],[14,-23],[87,-92],[36,-87],[100,-33],[17,-44],[-24,-44],[-44,-33],[-19,-50],[5,-73],[-16,-35],[-28,-22],[-39,0],[-140,-92],[-28,-27],[-32,-95],[-9,-77],[-75,-48],[-38,-10],[-57,-35],[-14,-29],[6,-78],[17,-27],[48,-12],[58,-65],[56,-74],[0,-42],[-29,-57],[1,-31],[28,-49],[-16,-69],[9,-127],[24,-63],[-33,-39],[-115,-61],[-12,-33],[15,-46],[-23,-66],[16,-79],[82,-147],[10,-27],[-6,-75],[-43,-100],[-48,-69],[-51,-47],[-42,-18],[-84,8],[-26,-12],[-40,-48],[-74,-34],[-66,26],[-61,-5],[-17,-16],[-9,-52],[-58,-28],[-86,-54],[-210,22],[-41,-6],[-58,-40],[-62,-19],[-40,-82],[-31,-24],[-20,-36],[-30,-104],[-6,-110],[-8,-42],[-45,-93],[-99,-45],[-56,-15],[-26,-33],[21,-98],[0,-41],[-35,-10],[-43,16],[-53,-7],[-44,-79],[-93,-120],[-24,-42],[-13,-59],[16,-52],[-6,-35],[-64,-58],[0,-82],[-11,-17],[-90,-49],[-46,-55],[-40,-114],[-20,-16],[-51,-10],[-94,-48],[-50,0],[-47,-41],[-27,-61],[18,-97],[0,-51],[-18,-68],[19,-36],[70,-4],[91,31],[42,4],[78,-29],[91,-71],[128,-56],[90,-8],[76,37],[27,2],[66,-57],[41,-63],[15,-58],[58,-99],[26,-2],[40,29],[77,13],[46,-53],[97,-62],[63,-71],[19,-45],[60,-24],[91,46],[59,14],[125,20],[53,-12],[15,-25],[1,-134],[55,-60],[3,-43],[-19,-41],[2,-108],[-10,-42],[18,-69],[-32,-74],[-38,-22],[-62,2],[-50,-10],[-63,-50],[-10,-29],[36,-48],[-15,-60],[-67,-110],[-48,-92],[-11,-76],[-2,-110],[26,-45],[33,-25],[86,-30],[69,-60],[29,-87],[53,-7],[85,-29],[54,-49],[17,-2],[46,31],[50,60],[59,30],[159,36],[79,23],[44,-18],[12,-29],[9,-73],[-55,-155],[20,-106],[-35,-69],[-6,-69],[3,-160],[-17,-69],[-23,-25],[-91,-30],[-58,-40],[-7,-20],[5,-111],[-18,-54],[-57,-62],[-91,-78],[-29,-34],[-31,-60],[-22,-76],[-26,-2],[-30,40],[-37,14],[-54,-15],[-206,-25],[-37,-9],[-44,-37],[-65,-28],[-95,-26],[-93,4],[-77,-39],[-26,-84],[-52,-88],[-14,-57],[-15,-125],[2,-111],[58,-116],[51,-84],[13,-34],[-5,-66],[-18,-110],[24,-76],[104,57],[40,16],[67,10],[54,-9],[85,-30],[162,-28],[8,-102],[27,-3],[90,36],[81,15],[184,22],[26,-8],[34,-40],[34,-108],[-4,-27],[-251,72],[-55,-12],[-38,-24],[-51,-70],[2,-74],[20,-36],[40,-29],[60,-27],[53,-49],[88,-24],[165,-84],[10,-16],[-21,-50],[-78,-55],[-70,-75],[93,-76],[31,-9],[112,8],[103,-33],[26,-16],[32,-45],[9,-36],[-26,-229],[9,-43],[45,-29],[150,-34],[128,-133],[29,-37],[28,-71],[109,-143],[-60,-129],[24,-26],[73,-46],[128,-14],[11,-22],[-31,-118],[-28,-138],[-1,-71],[-25,-58],[-28,-33],[-32,-95],[4,-56],[79,-69],[28,-85],[31,40],[13,53],[45,229],[33,13],[36,-25],[27,-44],[66,-1],[70,51],[30,38],[4,68],[23,31],[97,87],[150,150],[43,29],[61,19],[53,-9],[79,-42],[40,6],[66,30],[83,2],[44,27],[128,-37],[66,-13],[123,-12],[36,15],[15,28],[-15,88],[-39,42],[5,45],[38,98],[101,42],[37,81],[69,19],[157,7],[23,29],[70,17],[68,38],[65,68],[98,6],[35,59],[140,41],[113,77],[50,15],[81,-1],[78,28],[41,60],[60,65],[69,8],[23,15],[96,134],[44,36],[76,30],[136,26],[34,18],[35,37],[30,54],[115,123],[37,-9],[50,81],[69,47],[110,65],[11,20],[-33,93],[8,30],[89,91],[59,31],[129,21],[144,-6],[31,5],[61,59],[29,76],[-1,40],[19,31],[175,84],[41,34],[43,60],[97,59],[59,22],[50,6],[14,22],[-5,183],[46,73],[37,72],[177,122],[-49,108],[-54,150],[-8,62],[59,73],[13,50],[95,56],[32,78],[72,112],[120,147],[-14,111],[-31,108],[-17,3],[-50,-47],[-84,0],[-53,16],[-49,70],[32,31],[33,50],[21,191],[15,35],[75,46],[15,59],[17,28],[60,51],[49,32],[45,50],[16,36],[32,32],[58,-1],[74,-18],[37,-19],[41,-39],[10,-38],[45,-42],[81,-15],[179,-65],[37,31],[56,75],[5,44],[-22,114],[16,67],[37,34],[44,72],[-18,38],[-53,70],[6,61],[19,54],[88,190],[28,46],[70,68],[45,58],[14,56],[55,59],[67,44],[78,80],[29,19],[58,15],[100,-12],[58,36],[105,40],[93,48],[31,47],[5,71],[32,39],[53,27],[65,-9],[78,-44],[47,-39],[93,-45],[78,-10],[45,19],[48,39],[45,13],[51,-1],[86,-20],[122,-90],[31,38],[76,70],[65,68],[48,17],[70,-5],[41,-19],[110,-73],[82,-36],[64,-4],[129,23],[10,-67],[60,-116],[9,-47],[-45,-148],[9,-67],[20,-57],[10,-108],[66,-82],[100,-85],[66,-97],[13,-64],[-37,-34],[-29,-79],[-4,-91],[47,-46],[60,-12],[50,3],[126,-42],[-69,-181],[-93,-327],[-82,-278],[-15,-27],[10,-59],[117,-46],[141,-29],[83,-3],[49,8],[33,23],[87,-4],[37,20],[78,-10],[82,-53],[33,3],[31,26],[61,7],[64,-26],[75,-10],[45,-66],[104,-103],[104,-73],[84,-52],[55,-48],[76,-53],[73,-72],[18,-7],[123,-17],[11,14],[-8,109],[-27,125],[4,37],[41,44],[-44,90],[-10,63],[15,9],[78,-9],[53,-21],[33,-27],[67,-79],[208,-60],[39,-51],[27,-84],[24,-21],[55,-11],[191,-17],[122,-2],[112,-8],[11,-44],[-70,-99],[-7,-29],[12,-99],[0,-89],[59,-67],[102,-7],[92,-26],[71,-2],[18,11]],[[77535,47660],[39,-73],[-16,-57],[-9,-139],[-16,-13],[-114,-58],[-26,-25],[-6,-81],[-105,-109],[-80,4],[-159,30],[-74,-2],[-106,-46],[-85,-70],[-112,-84],[-25,-11],[-125,7],[-27,-17],[-22,-35],[-7,-38],[17,-70],[59,-66],[10,-30],[-2,-74],[-13,-78],[-31,-26],[-330,-14],[-114,38],[-4,-151],[-15,-175],[-30,-188],[-22,-110],[-32,-129],[-23,-70],[-78,-288],[-138,-470],[-11,-32]],[[75703,44910],[-68,-209],[-91,-181],[-124,-173],[-134,-174],[-263,-326],[-164,-232],[-113,-108],[-70,-58],[-365,-280],[-138,-130],[-62,-69],[-89,-123],[-20,-35],[-13,-58],[0,-72],[7,-79],[59,-344],[10,-140],[-6,-114],[-24,-152],[-25,-113],[-33,-92],[-69,-113],[-95,-140],[-45,-88],[-87,-256],[-28,-104],[-62,-274],[-26,-135],[-32,-125],[-56,-191],[-98,-186],[-111,-141],[-93,-100],[-87,-76],[-82,-59],[-191,-113],[-156,-84],[-216,-126],[-332,-213],[-151,-90],[-72,-53],[-104,-131],[-38,-58],[-163,-274],[-72,-129],[-69,-152],[-57,-106],[-79,-122],[-35,-43],[-132,-131],[195,-84],[24,-38],[22,-134],[7,-5],[67,60],[240,146],[128,89],[79,-7],[-17,-130],[-16,-77],[25,-24],[76,-5],[16,-44],[-60,3],[-46,-25],[-76,-25],[-24,-22],[-21,-144],[-13,-49],[-39,-96],[13,-83],[-11,-84],[16,-30],[64,-57],[48,-70],[34,-31],[76,-11],[60,21],[39,1],[178,-17],[42,-11],[-1,-146],[66,-8],[110,19],[23,-20],[27,-69],[171,79],[53,30],[200,25],[35,-15],[88,12],[143,29],[210,66],[8,18],[142,13],[86,-10],[219,-33],[82,-4],[30,-18],[64,-10],[-37,-26],[-328,-122],[-334,-129],[-26,-101],[-78,-6],[0,-21],[82,-8],[-2,-94],[79,9],[-106,-107],[-47,-21],[5,-106],[-25,-75],[12,-98],[-9,-63],[24,-14],[-7,-24],[-27,-9],[-37,-73],[-82,-90],[-40,-5],[17,-32],[16,-75],[24,-47],[43,-156],[23,-22],[33,-3],[46,23],[42,0],[62,-37],[41,-57],[78,-21],[40,-30],[96,-103],[84,-36],[43,13],[89,69],[57,23],[72,-13],[63,-34],[70,-28],[49,8],[59,-7],[17,-38],[52,12],[83,69],[115,53],[56,-14],[49,-28],[54,-44],[43,54],[47,38],[38,67],[46,20],[99,-2],[46,56],[62,37],[13,19],[4,81],[-26,82],[5,17],[46,10],[89,-1],[81,-31],[22,10],[3,33],[23,39],[144,64],[46,1],[52,76],[44,31],[74,-4],[73,-62],[25,-31],[12,-88],[72,-13],[8,-20],[-20,-73],[18,-27],[21,9],[50,76],[10,27],[35,-12],[36,-146],[11,-84],[-22,-61],[-52,-81],[-7,-74],[28,-25],[65,-16],[72,29],[36,-23],[74,29],[50,67],[69,32],[86,82],[33,3],[88,-20],[-110,-328],[-39,-55],[5,-16],[88,6],[91,-32],[121,-48],[42,-68],[91,-51],[-18,-33],[17,-27],[90,-22],[108,-62],[6,-28],[-83,-97],[-2,-24],[56,-1],[51,-60],[33,-79],[84,-89],[7,-41],[-26,-28],[-51,-26],[-7,-89],[-152,34],[-62,28],[-1,-58],[32,-181],[84,-25],[82,-30],[28,-25],[-24,-36],[-109,20],[-31,-3],[-27,-30],[-139,35],[-38,-9],[-41,-46],[15,-113],[-32,-55],[23,-73],[-41,-30],[-22,-75],[-59,27],[-34,-6],[-9,-34],[-39,33],[-105,69],[-61,16],[-10,-17],[29,-61],[26,-81],[5,-49],[-12,-48],[-124,-101],[50,-93],[64,-84],[-21,-27],[14,-11],[16,-88],[-1,-35],[29,-49],[2,-39],[-91,-52],[-2,-44],[32,-47],[39,-29],[13,-26],[24,-96],[-2,-80],[14,-29],[65,-35],[59,-55],[54,-37],[48,-66],[-38,-33],[-10,-35],[31,-95],[23,-45],[51,-56],[8,-50],[-22,-162],[-56,-57],[-4,-45],[29,-95],[2,-33],[-46,-89],[-10,-43],[29,-127],[53,-48],[96,-153],[-10,-38],[-48,-52],[-95,-54],[-9,-147],[41,-42],[-11,-107]],[[76599,30417],[-84,38],[-48,46],[-99,8],[-68,-26],[-57,0],[-10,53],[31,30],[11,32],[-50,30],[-1,-27],[31,-25],[-32,-24],[-35,43],[-69,-11],[-1,-21],[-58,-24],[-21,-29],[46,-25],[-78,26],[-54,2],[-16,30],[-123,-10],[-74,-74],[-99,-146],[-12,-32],[26,-23],[-75,-100],[15,-90],[-3,-19],[-23,121],[70,89],[-55,46],[38,62],[-16,10],[-44,-52],[20,-37],[-60,-59],[8,-24],[-52,-76],[16,-98],[-42,-9],[-25,35],[-38,23],[-60,-32],[-59,-84],[-37,-98],[86,31],[-125,-55],[3,-23],[-99,9],[-43,-18],[-47,-55],[-19,-57],[-110,-19],[-61,-41],[-107,-15],[-99,27],[-26,26],[-52,9],[-49,-18],[-65,-46],[-27,-33],[-62,18],[-40,-4],[-42,-35],[-41,-7],[-37,29],[4,34],[-55,42],[-31,-23],[-247,302],[31,58],[-29,34],[-144,98],[20,31],[-60,42],[-71,-15],[-121,3],[-176,-52],[-189,-46],[-89,-39],[-169,-42],[-100,-42],[-47,-30],[-34,-53],[-32,55],[-26,10],[-200,42],[-76,-4],[-37,-14],[-38,17],[-80,2],[-66,19],[-143,4],[-88,-9],[-74,141],[-48,21],[-157,17],[-96,-14],[-83,29],[-84,13],[2,38],[-69,168],[10,95],[-17,47],[-33,38],[-9,73],[22,27],[12,134],[19,90],[47,101],[-25,88],[23,21],[19,-29],[57,-14],[52,40],[17,61],[-208,12],[217,449],[78,169],[71,-4],[19,41],[0,68],[42,56],[68,8],[60,-21],[41,-74],[20,-18],[82,-20],[60,46],[69,236],[15,9],[137,-30],[41,25],[2,107],[-43,136],[1,24],[-46,62],[-43,31],[1,14],[-67,13],[-23,-6],[-82,-69],[-44,-23],[-47,42],[-21,-1],[-170,-39],[4,-33],[-11,-66],[-12,-15],[-93,-44],[-287,-260],[-11,1],[-154,156],[43,43],[-41,7],[-72,-62],[-32,-51],[-46,3],[11,-17],[-173,-157],[24,-50],[64,-32],[114,-144],[0,-18],[-189,-175],[26,-37],[-103,-93],[13,-51],[-186,169],[-102,-3],[-36,36],[8,41],[17,-5],[44,62],[14,1],[1,50],[17,105],[-15,89],[-149,455],[-57,27],[4,28],[-56,49],[-19,50],[-474,35],[-403,46],[-5,-12],[18,-111],[-8,-54],[-33,-85],[2,-21],[-72,-262],[-11,10],[53,188],[23,69],[-6,14],[39,106],[2,49],[-43,6],[-38,-90],[-46,-46],[-71,-35],[-3,11],[-81,-13],[29,-59],[27,-163],[10,-22],[-46,12],[-32,193],[-25,29],[-78,1],[-103,12],[-127,39],[-146,71],[-243,125],[0,23],[-44,1],[-89,40],[-7,12],[-68,28],[-389,96],[-18,10],[-240,55],[-457,97],[-100,22],[-4,-24],[-29,32],[-223,45],[-57,8],[-500,56],[-7,-10],[-77,11],[-55,-12],[-107,-62],[-4,6],[-106,-60],[-93,9],[-9,14],[-93,-52],[17,-34],[-26,-44],[-52,45],[-115,-64],[21,-48],[-17,-31],[-198,-110],[-351,-191],[-2,-19],[-111,-66],[-10,16],[-41,-24],[32,-49],[150,94],[33,0],[68,-96],[-127,-82],[180,-260],[-164,-105],[-181,259],[-75,-48],[86,-121],[-90,-58],[-86,121],[-74,-47],[165,-236],[148,5],[3,-53],[-259,-5],[-69,8],[-57,16],[-104,54],[-56,42],[-78,69],[44,-28],[24,24],[4,86],[-150,3],[70,-65],[-6,-7],[-109,100],[-49,29],[-178,-154],[-188,-162],[-13,-36],[-30,-42],[-92,-36],[22,-39],[66,18],[4,-14],[-86,-17],[-14,50],[-191,-54],[-173,-41],[-281,-75],[68,-91],[-38,31],[-53,76],[-47,-30],[-40,55],[-28,-17],[-34,13],[47,-65],[-185,-47],[44,17],[-104,139],[-19,9],[-172,237],[-5,2],[-137,190],[-3,33],[-222,-148],[-43,-43],[77,-106],[-123,-80],[-20,47],[-69,28],[-17,21],[-151,-100],[0,-17],[65,-94],[265,-366],[154,83],[101,45],[103,36],[77,16],[-123,-37],[-86,-33],[-109,-51],[-113,-64],[4,-11],[-53,-32],[-29,1],[-15,21],[-36,1],[13,-51],[-34,-25],[76,-81],[94,-93],[34,-24],[-14,-23],[373,-372],[24,12],[27,-28],[-27,-30],[115,-116],[29,28],[33,-32],[-15,-22],[129,-128],[-1,-11],[87,-85],[35,-16],[7,-26],[66,12],[110,7],[35,20],[37,62],[1,27],[-27,45],[29,14],[-87,75],[81,48],[5,17],[-100,3],[-33,50],[-3,32],[95,57],[55,14],[68,94],[18,83],[31,-18],[84,-25],[10,19],[-14,38],[322,190],[13,71],[66,23],[43,-30],[-1,39],[115,45],[147,66],[71,27],[17,-23],[85,54],[10,-31],[42,-19],[90,7],[0,11],[58,26],[54,2],[93,-19],[11,-15],[57,31],[390,51],[68,-1],[75,10],[34,26],[55,0],[55,-23],[92,18],[161,-38],[65,-4],[11,20],[1,-106],[6,-28],[106,-29],[65,-45],[-8,172],[9,13],[297,8],[51,10],[16,-11],[71,19],[57,-22],[56,-39],[1,-20],[30,-16],[-4,-61],[65,-27],[383,-24],[10,12],[20,92],[41,9],[76,84],[9,-35],[37,-7],[4,35],[116,34],[41,37],[-2,-25],[50,-9],[55,21],[46,31],[66,22],[38,34],[4,-26],[23,7],[47,65],[-7,45],[87,88],[46,10],[6,-60],[17,38],[72,-7],[15,-71],[18,3],[-10,66],[20,6],[45,-33],[57,28],[210,23],[178,27],[13,34],[32,3],[3,-28],[57,10],[-19,32],[65,30],[7,-26],[35,-30],[63,-2],[104,51],[302,5],[93,-17],[114,-73],[-5,-12],[45,-28],[43,-2],[9,49],[174,-20],[127,-21],[79,-84],[36,-73],[1,-29],[-59,-63],[-76,-47],[-92,-6],[17,-11],[82,6],[208,-461],[80,5],[27,19],[-26,27],[133,101],[130,-115],[11,-27],[40,-34],[-7,-29],[4,-105],[10,-34],[37,-46],[59,-29],[26,-27],[17,-47],[-8,-88],[29,-139],[-17,-53],[32,-76],[-48,-45],[12,-26],[-36,19],[-31,-1],[-20,-60],[21,-18],[53,-180],[4,-33],[-18,2],[-157,-37],[30,-13],[27,11],[93,11],[43,-15],[3,32],[38,-34],[67,-14],[25,-52],[58,-19],[29,-28],[31,-99],[50,-13],[32,26],[-34,26],[52,-22],[31,21],[30,-38],[15,11],[42,-19],[16,-31],[35,-24],[46,-84],[-7,-33],[-32,0],[-55,-73],[-57,8],[-55,40],[-26,0],[-58,-25],[-82,30],[-82,-44],[-48,47],[-44,21],[-72,-6],[-136,-48],[-50,-58],[-68,-64],[-57,12],[-22,-16],[-54,-79],[-25,16],[-10,33],[-32,-10],[-83,-66],[-22,8]],[[69530,28875],[-46,32],[-66,24],[-68,44],[-79,132],[-26,28],[-68,113],[-8,61],[-33,29],[-85,27],[-59,-40],[-78,-26],[-43,-24],[-87,-70],[-63,-65],[-53,-16],[-54,2],[-37,-13],[-53,-80],[-50,3],[-31,48],[-48,28],[-92,35],[-40,29],[-42,66],[-66,31],[-117,-16],[-44,37],[-46,-20],[-81,-65],[-25,5],[-33,37],[-73,38],[-64,-33],[-55,-54],[-91,-24],[-24,-17],[-12,-43],[-135,-117],[-135,17],[-76,-6],[-120,36],[-32,30],[-72,100],[-76,33],[-88,-53],[-26,-2],[-90,29],[-45,5],[-67,-23],[-66,3],[-55,27],[-75,3],[-90,-34],[-50,-29],[-33,26],[-46,77],[-40,28],[-36,2],[-128,-65],[-77,-8],[-116,-53],[-59,-1],[-50,-46],[-34,-7],[-34,15],[-42,38],[-48,18],[-33,31],[-66,28],[-25,32],[-52,22],[-99,-4],[-54,-44],[-11,-89],[14,-54],[-7,-68],[-14,-27],[-115,-114],[-81,-112],[-47,-43],[-34,-15],[-4,-55],[14,-89],[28,-47],[-79,-96],[-54,-2],[24,-52],[-18,-48],[71,-70],[14,-43],[29,-38],[1,-33],[-37,-47],[-49,-115],[-38,-63],[-27,-64],[-39,-42],[-47,-22],[-22,-33],[-4,-57],[-16,-19],[-56,-23],[-65,-83],[-50,-104],[-41,-48],[-203,-81],[-56,14],[-73,4],[-65,-27],[-156,-142],[-34,-6],[-58,19],[-21,22],[-17,58],[-73,16],[-45,23],[-82,-2],[-63,-25],[-54,-1],[-91,42],[-42,12],[40,75],[-32,102],[8,81],[-23,49],[-154,217],[-64,69],[-16,42],[-20,116],[-111,10],[-151,64],[-44,8],[-24,19],[-30,68],[-77,25],[-2,67],[-41,96],[-23,80],[-202,-4],[-110,21],[-85,-21],[-43,3],[-86,40],[-131,50],[-34,33],[1,46],[-70,75],[-111,24],[-708,363],[-491,-1088],[-137,-307],[-52,-39],[-677,-1228],[-235,-429],[-133,-212],[-137,-72],[-873,-462],[-575,-304],[-33,34],[-225,301],[-201,275],[-224,-153],[-125,167],[-492,-335],[-42,-26],[-239,-163],[217,-120],[-78,-126],[147,-70],[-138,-231],[-17,-46],[-7,-287],[-1,-214],[53,-239],[-12,-41],[-185,-46],[-111,-13],[-94,-26],[-57,18],[-60,48],[-59,-31],[-79,-13],[-38,16],[-27,42],[-28,-6],[-57,-57],[-60,-23],[-53,-1],[-100,24],[-19,-3],[-12,-90],[-33,-69],[-6,-66],[-14,-32],[-26,-17],[-54,-7],[-118,-62],[-64,-1],[-51,-18],[-59,-32],[-31,-28],[-26,-47],[-46,-19],[-79,-3],[-86,-19],[-53,-33],[-35,-44]],[[54337,23082],[-47,89],[-49,36],[-156,25],[-104,3],[-59,-7],[-54,-60],[-44,-69],[-40,32],[-43,14],[-78,-30],[-111,89],[-25,12],[-56,3],[-29,33],[-23,74],[-139,-35],[-95,-85],[-28,42],[-77,56],[-51,23],[-56,41],[-25,93],[4,86],[-13,39],[1,57],[-37,160],[-64,145],[15,56],[98,138],[62,58],[13,30],[-71,75],[3,50],[-16,34],[-60,32],[-45,61],[-23,9],[-50,-16],[-32,-26],[-63,-86],[-35,-62],[-42,-91],[-42,-25],[-93,0],[-85,35],[-12,44],[-90,42],[-25,33],[-44,25],[-14,31],[-7,92],[-70,87],[-38,74],[4,36],[-61,23],[-102,-23],[-34,7],[-36,58],[-52,109],[-45,29],[-60,-32],[-172,-3],[-19,-5],[-53,-65],[-79,-43],[-54,-49],[-82,-24],[-38,18],[-43,-10],[-75,-44],[-70,16],[8,47],[-23,62],[-33,11],[-52,-13],[-28,8],[-23,36],[2,78],[-49,82],[-26,108],[-84,-30],[-29,7],[5,51],[-16,51],[-64,76],[-30,54],[-10,47],[-27,52],[-22,107],[12,36],[-17,172],[-52,56],[-37,16],[-65,5],[-60,24],[-18,21],[-27,142],[-20,68],[-22,38],[-77,-62],[-90,58],[-45,-43],[-93,86],[-42,-39],[-65,45],[100,120],[67,92],[109,138],[17,10],[190,57],[100,13],[69,-47],[69,-4],[109,44],[67,16],[119,39],[77,40],[190,109],[252,162],[26,7],[-49,18],[-26,37],[23,193],[-8,99],[-59,183],[-39,96],[-110,202],[-136,169],[-62,53],[-100,72],[-106,82],[-32,19],[19,22],[58,23],[51,42],[51,11],[45,25],[12,34],[31,31],[39,-1],[15,19],[184,-74],[20,-3],[85,48],[57,20],[238,299],[366,491],[160,198],[84,95],[44,90],[27,176],[-9,79],[25,379],[2,92],[19,362],[-34,79],[-431,840],[-17,46]],[[51781,31545],[115,99],[19,26],[-105,157],[-132,207],[-152,228],[-21,37],[51,79],[-24,64],[-59,259],[-46,99],[-2,36],[36,103],[-19,96],[76,14],[34,38],[11,70],[-24,84],[-29,55],[25,47],[22,109],[-11,44],[-29,8],[-99,-26],[-4,15],[41,70],[14,77],[17,30],[26,1],[66,44],[-7,26],[-52,54],[-39,84],[4,108],[-42,61],[-9,31],[11,46],[-15,86],[-20,61],[-51,96],[-136,-41],[-41,108],[-75,46],[-51,68]],[[64978,32346],[10,78],[144,58],[136,29],[88,-142],[-113,-197],[-99,-58],[-154,220],[-12,12]],[[65960,32720],[-7,30],[35,8],[23,-50],[-51,12]],[[65699,32457],[1,-3],[-153,-35],[-1,4],[153,34]],[[75182,27520],[-22,31],[-57,50],[-45,57],[5,31],[37,15],[58,94],[36,42],[86,45],[64,-19],[18,-67],[51,-1],[18,12],[-8,38],[-27,29],[37,25],[-18,22],[-21,106],[2,17],[57,68],[64,44],[80,-13],[28,-28],[51,-13],[20,-49],[33,15],[10,48],[40,28],[23,-33],[48,-6],[10,-84],[-10,-39],[42,-3],[5,38],[20,29],[5,93],[31,16],[2,56],[-82,27],[79,-14],[29,13],[27,-95],[37,-162],[18,-43],[58,-69],[9,-80],[-27,-70],[7,-43],[-29,-82],[6,-86],[-89,-36],[-19,-49],[-2,32],[-66,26],[-48,-2],[-67,-37],[-20,32],[-47,25],[-3,51],[-27,42],[-46,4],[-53,-39],[-27,-34],[5,-60],[-46,12],[-18,35],[-80,23],[-11,28],[-33,21],[-36,-6],[-23,-24],[-2,-28],[28,-32],[4,-29],[-90,-44],[-14,-33],[-24,-13],[-59,76],[8,69]],[[75298,28105],[12,-20],[28,-131],[-17,-14],[-211,-39],[-39,13],[-55,54],[-7,97],[58,193],[34,32],[38,-19],[44,-57],[107,-93],[8,-16]],[[76227,27711],[-25,79],[16,75],[18,6],[72,-37],[100,-80],[24,-34],[21,-63],[14,-77],[30,-24],[10,-34],[-21,-30],[-7,51],[-28,-9],[16,-32],[-12,-17],[-104,-6],[-11,39],[-23,27],[-46,5],[-25,-37],[-24,-5],[-19,37],[21,66],[24,8],[3,45],[-24,47]],[[74700,27505],[-25,-4],[-30,50],[39,2],[26,25],[1,59],[37,-2],[45,18],[19,27],[48,-1],[28,27],[21,-13],[-23,-17],[-57,-14],[-37,-28],[-16,-41],[-38,7],[-13,-37],[47,-36],[24,-45],[-21,-55],[-36,18],[-15,41],[-24,19]],[[74866,27253],[64,-61],[-42,-46],[-5,-21],[-36,-2],[-21,27],[8,29],[-18,16],[-3,67],[-29,19],[15,25],[33,-2],[10,-37],[24,-14]],[[67602,32414],[-6,25],[29,10],[15,-35],[-4,-41],[-36,-7],[2,48]],[[70451,31695],[-9,23],[53,4],[-44,-27]],[[73592,30068],[197,-134],[-2,-3],[-198,134],[3,3]],[[65579,31728],[-36,-13],[-53,16],[-35,41],[2,98],[-75,93],[17,50],[-43,68],[-5,38],[39,53],[-2,43],[30,11],[53,-20],[25,-161],[42,-52],[56,-50],[26,-129],[-14,-81],[-27,-5]],[[63316,30784],[-28,-10],[3,23],[25,-13]],[[51055,34549],[-40,-38],[-56,-34],[-17,-55],[-29,-50],[-37,-21],[-130,-19],[-16,-41],[-79,-99],[-101,-64],[-29,2],[-39,-21],[-48,-45],[-56,-27],[-83,-21],[-54,-34],[-111,-84],[-45,-20],[-127,-35],[-22,-29],[-8,-77],[-53,-32],[-52,-67],[-30,-74],[-36,-21],[-73,-2],[-88,45],[-32,-105],[-55,-112],[0,-47],[46,-70],[17,-59],[8,-87],[2,-117],[-7,-17],[-135,-61],[-289,-107],[-59,11],[-44,27],[-102,2],[-196,-12],[-63,-9],[-35,-25],[-177,-231],[-3,-18],[64,-79],[171,-238],[28,-43],[45,-91],[2,-31],[-17,-35],[0,-83],[9,-33],[38,-69],[-20,-92],[30,-30],[-15,-47],[153,-399],[181,124],[37,16],[18,-31],[28,1],[52,28],[103,42],[71,35],[61,15],[94,-4],[70,5],[96,-32],[79,-3],[91,-41],[71,-25],[88,-18],[45,-60],[379,-95],[-7,-61],[24,-536],[44,12],[196,85],[80,9],[148,122],[66,68],[95,52],[55,22],[37,125],[12,16],[86,57],[88,74],[313,254],[20,10]],[[54337,23082],[-37,-64],[-14,-42],[-14,-110],[4,-63],[17,-106],[26,-76],[18,-112],[0,-35],[-20,-89],[15,-123],[32,-36],[89,-21],[47,-63],[63,-43],[-63,-91],[-3,-62],[-31,-145],[4,-34],[71,-73],[87,-51],[-6,-99],[-39,-43],[-33,-21],[-4,-43],[50,-123],[68,-128],[7,-44],[-27,-94],[-109,-49],[-22,-79],[-87,-114],[-20,-39],[-11,-51],[42,1],[4,-30],[67,-12],[76,58],[35,-32],[21,-38],[39,-34],[-17,-105],[30,-112],[-30,-28],[-18,-43],[-115,28],[-90,2],[-18,-14],[-18,-53],[-11,-79],[7,-54],[-8,-28],[-25,7],[-18,45],[9,75],[36,77],[-116,-12],[-79,-1],[-39,13],[-55,63],[-52,103],[-75,5],[-23,-42],[-56,-11],[-67,-33],[-32,-38],[16,-21],[42,-8],[67,5],[23,-35],[38,31],[39,3],[34,-16],[12,-33],[-34,-9],[28,-56],[23,-18],[8,-35],[-57,-34],[0,-18],[45,-32],[-9,-32],[-58,-58],[-45,2],[-13,-28],[56,-54],[10,-46],[-11,-64],[15,-47],[2,-46],[-53,-99],[-166,34],[-5,-19],[66,-85],[59,-46],[-40,-52],[29,-40],[-162,-47],[-151,-137],[7,-36],[26,-13],[61,79],[23,16],[115,52],[70,-11],[4,-25],[-19,-137],[-11,-22],[-70,-26],[-3,-13],[44,-26],[110,-12],[-11,-55],[17,-65],[-2,-49],[-17,-60],[22,-45],[84,-83],[16,-62],[51,-7],[109,-2],[32,-62],[98,-58],[29,-8],[129,14],[84,57],[46,-6],[27,85],[64,0],[78,-31],[88,-25],[14,-61],[38,-27],[64,-7],[34,-14],[67,-72],[23,-5],[78,9],[13,-99],[29,-14],[93,-11],[17,-45],[-23,-17],[-6,-75],[-19,-9],[-41,38],[-49,1],[-50,-184],[43,-110],[2,-77],[-14,-63],[25,-37],[79,-46],[21,-36],[-1,-134],[42,-106],[15,-19],[51,-23],[62,9],[44,-36],[92,-49],[14,-39],[92,-115],[-45,-74],[34,-59],[6,-83],[-27,-103],[-61,-113],[-90,-99]],[[55574,16614],[-111,104],[-77,127],[-85,74],[-58,27],[-68,52],[-6,25],[-46,32],[-43,-3],[-72,125],[-24,19],[-36,58],[-45,47],[-95,41],[-32,47],[-58,54],[-27,2],[-11,33],[-40,50],[-52,49],[-30,-10],[-162,141],[-84,33],[-57,-7],[-12,14],[-8,-71],[-195,31],[-45,80],[-119,-50],[3,-14],[-58,-22],[-6,12],[-52,-21],[-21,15],[0,74],[-10,1],[-8,-65],[11,-112],[12,-61],[37,-66],[-10,0],[-38,71],[-14,118],[-21,10],[-113,-32],[17,11],[-14,44],[-33,47],[-105,129],[-58,22],[-7,32],[-42,4],[-323,7],[-13,-46],[-347,90],[18,77],[-131,0],[-61,-15],[26,-55],[64,-51],[-59,36],[-20,23],[-100,4],[-125,-1],[-31,-10],[-45,-34],[14,-48],[-91,-11],[-92,-32],[-56,13],[-160,124],[-51,17],[-108,81],[-43,44],[122,85],[-13,21],[-90,208],[-14,12],[-160,-31],[-4,21],[-67,-13],[-1,-37],[-64,-39],[9,-45],[-41,-26],[99,-181],[6,-1],[-219,-113],[-8,2],[-85,219],[-39,114],[-77,187],[37,29],[60,18],[-2,25],[-99,-21],[-13,-33],[-141,-106],[6,-6],[117,84],[16,3],[91,-215],[-42,-36],[11,-14],[-77,-58],[-10,13],[-188,-137],[34,-44],[-27,-21],[-18,21],[-129,-87],[-396,-104],[-15,2],[-65,104],[-80,-32],[7,-36],[51,-97],[-16,-14],[-191,-102],[-27,-6],[-131,129],[-44,-22],[47,-81],[-57,-38],[-4,-20],[105,-151],[70,41],[80,-119],[-215,-134],[-15,-35],[-112,-129],[106,-83],[-40,-63],[-343,86],[-41,23],[-127,36],[-36,3],[21,-41],[-12,-51],[-106,-304],[-7,-37],[44,14],[48,135],[196,-70],[23,38],[-111,-269],[17,-353],[75,2],[15,-39],[-8,-35],[-26,-35],[-12,-94],[-62,-5],[-31,-65],[18,-325],[-4,-5],[88,-115],[12,-45],[47,8],[93,-352],[-86,29],[36,-165],[53,-24],[41,22],[-7,39],[43,-78],[70,35],[11,-20],[26,13],[-69,123],[77,42],[172,-309],[-6,-3],[-78,131],[-59,-30],[-33,37],[-80,-45],[35,-18],[-13,-70],[20,-70],[44,-63],[68,-36],[41,39],[39,61],[-11,-40],[-43,-49],[14,-27],[39,-10],[17,12],[87,-57],[31,-37],[30,-11],[41,-40],[11,-68],[36,-78],[33,-30],[60,-154],[46,-52],[18,-8],[13,-40],[59,-83],[46,-16],[32,-45],[25,-67],[-9,-34],[-53,-13],[-15,-23],[-60,-4],[-22,-11],[-9,50],[-115,65],[-78,105],[-72,53],[-63,15],[-24,-15],[-41,28],[-57,-6],[-39,-28],[-82,-36],[-43,4],[-57,39],[-58,13],[-31,30],[-43,69],[-101,43],[-42,48],[-32,16],[-16,-22],[-31,17],[-15,32],[-50,34],[-32,-28],[47,-34],[-207,123],[14,58],[35,-14],[10,43],[-98,68],[-35,9],[-48,-41],[43,-38],[32,1],[9,-36],[-297,127],[10,21],[-52,24],[-32,-3],[-22,-31],[-21,-72],[-66,0],[-125,24],[-247,33],[-11,-78],[93,-16],[-148,19],[-105,37],[-32,37],[10,82],[-29,25],[-193,126],[-37,45],[-60,18],[-64,-12],[21,-93],[65,-6],[-38,-50],[-55,0],[-100,-52],[-24,3],[17,-48],[32,-1],[-6,-35],[-80,-97],[-93,-38],[-73,5],[-55,33],[-46,46],[-30,-17],[-33,46],[3,20],[-49,108],[-35,34],[-37,8],[-53,-7],[-21,24],[6,32],[-23,8],[-18,52],[-97,33],[4,43],[33,28],[-12,127],[-12,2],[-33,187],[-88,-15],[40,-214],[-5,-1],[-39,214],[0,4],[37,6],[-21,69],[4,1],[21,-66],[50,6],[-18,109],[13,8],[-33,109],[-37,-13],[23,-116],[-13,27],[-23,126],[-45,113],[-29,44],[-30,25],[-122,47],[-26,25],[-60,121],[-25,17],[21,11],[-21,26],[-30,-15],[-19,26],[3,46],[-62,174],[-29,17],[23,13],[-26,56],[-34,-17],[14,29],[-41,52],[-60,45],[-40,10],[-53,67],[-30,12],[-70,73],[-14,90],[-13,43],[-32,40],[26,23],[29,-14],[74,35],[40,-30],[84,-14],[33,25],[55,83],[46,-9],[19,34],[-115,34],[2,8],[115,-34],[18,79],[-20,51],[0,84],[-27,104],[-56,103],[-101,60],[-17,-49],[10,-63],[-62,57],[-38,-16],[-45,0],[-84,32],[-55,-11],[-22,-29],[-54,-26],[-44,1],[-97,64],[-23,-10],[-27,31],[3,55],[39,50],[-46,591],[-53,-4],[13,-172],[-21,-1],[-20,268],[74,6],[-17,215],[-94,45],[-11,-46],[-106,25],[38,10],[-59,15],[0,-14],[-56,1],[-4,-50],[-19,1],[-21,-226],[-253,14],[-18,-159],[-8,0],[18,159],[-42,3],[-21,-190],[-114,14],[41,436],[-37,13],[-137,12],[3,5],[138,-11],[12,132],[53,77],[-12,9],[20,37],[-32,82],[-17,13],[-58,3],[-64,-44],[35,-82],[-21,21],[-30,-13],[-82,97],[49,36],[-6,25],[46,19],[9,58],[-18,46],[0,64],[25,7],[2,51],[12,14],[-15,38],[4,32],[39,38],[-5,90],[-21,55],[-25,22],[13,52],[61,71],[149,312],[-452,159],[-52,11],[-23,-56],[-237,82],[-41,87],[-34,34],[-109,29],[-72,33],[-99,256],[-394,976],[-28,20],[29,391],[16,8],[-12,55],[21,307],[13,30],[96,135],[-47,30],[58,82],[24,-14],[57,63],[-111,111],[-62,-34],[-97,121],[5,37],[-31,-2],[-205,203],[3,21],[-77,159],[58,555],[-10,0],[18,228],[-43,12],[-125,-42],[-49,-174],[-37,-329],[-30,-292],[1,-236],[7,-12],[1,-302],[-9,-54],[40,0],[-1,-299],[-34,0],[-5,-84],[-97,-92],[-38,-23],[-13,-78],[0,-394],[5,-56],[-1,-326],[-185,-3],[0,5],[-311,-1],[-183,66],[-6,-17],[-277,99],[6,17],[-164,59],[-24,-10],[-66,24],[1,315],[-247,0],[1,-775],[5,-8],[1450,-521],[-7,-19],[200,-72],[57,-220],[23,-3],[61,-240],[-20,-16],[26,-91],[33,-44],[68,-260],[-32,-7],[80,-296],[29,5],[82,-314],[157,-608],[-207,-49],[-83,-24],[-252,91],[-203,209],[4,4],[-172,178],[-45,6],[-145,-369],[-554,198],[-56,-145],[828,-298],[-2,-6],[-835,300],[58,151],[-455,164],[-58,-146],[131,-47],[4,-8],[-1354,486],[-171,63],[17,722],[7,252],[35,1408],[6,241],[32,1292],[4,100],[22,-2],[4,187],[-21,4],[0,82],[-17,1],[1,43],[17,-1],[11,414],[-1315,-25],[-54,38],[-41,19],[-34,40],[25,78],[3,104],[-185,-16],[-3,28],[-395,-36],[2,-22],[-218,-18],[4,-33],[-69,-7],[-3,34],[-49,-9],[-61,-45],[-26,-58],[2,-71],[511,52],[6,-54],[30,4],[542,-362],[-19,-761],[3,-23],[-19,-766],[-4,5],[19,784],[-433,9],[0,-9],[-63,1],[1,10],[-91,2],[-4,-220],[20,-1],[-9,-349],[-27,-1],[-490,11],[-171,6],[-569,13],[15,566],[492,222],[15,-3],[-5,-113],[109,-3],[4,121],[-29,2],[13,360],[-9,7],[-639,-65],[-15,149],[-428,1],[-200,30],[-34,-5],[-236,33],[-22,15],[0,93],[-82,-47],[-75,-191],[-60,-162],[-10,-42],[1,-70],[-59,-15],[-35,46],[-37,16],[-57,-17],[-53,-55],[1,-36],[-32,-18],[-13,21],[-355,-231],[-173,-108],[3,-24],[80,-40],[4,-186],[113,-38],[34,-4],[12,53],[24,41],[17,-22],[-33,-38],[-25,-89],[18,-30],[-89,-68],[-8,-33],[-27,-8],[22,-35],[-47,-3],[-51,-30],[-35,-45],[-39,-108],[-1,-47],[96,-59],[-16,-37],[-62,15],[11,19],[-79,-61],[-237,75],[-112,24],[-113,7],[-56,-15],[2,39],[-22,-56],[65,-132],[-14,-3],[-70,153],[-20,-10],[-25,52],[-188,-83],[-14,-43],[67,-100],[26,-14],[-66,-25],[1,-54],[-42,-65],[-51,18],[-29,-90],[-16,-21],[31,89],[-68,36],[-121,29],[-114,18],[-147,8],[-92,1],[-93,-8],[-118,-30],[-48,-26],[-44,-38],[68,-155],[-4,-2],[-79,180],[-33,16],[-105,-16],[-97,-49],[-6,-55],[-21,-47],[-75,-74],[-71,-105],[-8,-44],[34,-39],[-1,-31],[-47,-65],[31,-56],[-14,-38],[-49,-65],[-56,-19],[-29,-62],[-31,-43],[10,-30],[-89,-37],[-39,-65],[-56,-45],[-21,-29],[-57,2],[-92,-19],[-41,-55],[-43,26],[-11,33],[-15,103],[-18,27],[-11,120],[-38,6],[-8,29],[-86,41],[-45,14],[-246,33],[-132,0],[-66,9],[-158,-9],[-92,-26],[-19,-14],[13,-36],[-19,-25],[-33,2],[-30,64],[-70,-7],[-14,13],[-88,4]],[[30530,20630],[-10,80],[-28,61],[-26,33],[-15,51],[3,40],[22,52],[4,61],[-29,89],[15,19],[6,88],[11,45],[-65,71],[-7,59],[10,58],[65,-7],[45,29],[52,8],[42,-6],[73,10],[63,69],[11,75],[61,79],[46,82],[83,34],[74,46],[52,7],[118,-20],[91,52],[97,35],[52,28],[118,-10],[81,-17],[59,2],[62,-27],[20,18],[58,152],[16,65],[2,56],[115,9],[77,26],[68,43],[43,41],[31,44],[9,65],[70,60],[8,41],[-7,87],[-25,45],[-20,76],[-55,76],[2,119],[-25,73],[-13,87],[0,48],[25,28],[53,11],[37,-44],[39,-25],[52,7],[31,80],[24,23],[60,18],[80,50],[16,96],[36,49],[50,37],[158,-136],[49,-36],[36,14],[95,-2],[20,10],[50,77],[3,41],[-61,189],[11,64],[78,81],[40,62],[-3,83],[31,80],[79,55],[20,28],[60,115],[92,60],[42,59],[6,42],[-22,101],[9,36],[60,38],[25,27],[18,114],[-20,41],[-8,51],[7,38],[39,44],[102,24],[69,26],[25,30],[55,21],[52,83],[-28,26],[-13,40],[41,115],[-6,50],[33,16],[218,153],[633,458],[-15,14],[-62,-20],[-34,-1],[-72,33],[-341,188],[-151,86],[58,78],[106,98],[-2,70],[-27,16],[-3,34],[15,40],[41,9],[35,92],[73,98],[11,94],[82,19],[35,-19],[24,11],[15,84],[-3,93],[25,100],[-20,47],[-51,31],[-69,23],[-167,96],[-46,37],[-57,-15],[-107,48],[-65,50],[-180,77],[-76,-37],[-29,23],[10,75],[-18,45],[19,54],[-20,48],[18,35],[85,71],[18,53],[-2,39],[-37,32],[-5,38],[-36,48],[-99,-20],[-48,22],[-15,23],[-35,108],[42,80],[6,58],[-47,130],[-21,14],[-129,35],[-51,38],[-19,33],[11,80],[-26,64],[-74,-19],[-68,34],[-42,72],[-60,58],[-59,22],[-42,31],[-57,78],[-40,4],[-105,-27],[-21,2],[-46,53],[-49,21],[-27,30],[-53,38],[-88,157],[-102,71],[-73,89],[-9,52],[9,72],[24,56]],[[32300,29579],[31,58],[75,83],[33,16],[66,12],[79,-11],[77,-3],[90,15],[38,25],[10,61],[21,29],[35,9],[112,-9],[79,27],[28,20],[44,7],[48,-40],[31,-7],[130,15],[75,-13],[58,2],[46,69],[1,145],[52,0],[18,45],[-52,83],[15,52],[53,74],[72,21],[0,44],[26,50],[82,67],[64,27],[83,54],[121,132],[23,36],[17,56],[69,54],[45,47],[104,51],[26,2],[81,-48],[19,73],[27,62],[29,27],[65,27],[61,38],[58,70],[-358,338],[-295,295],[-36,55],[-42,39],[-33,46],[-72,80],[-46,97],[-80,75],[-42,133],[-50,90],[8,150],[-66,73],[-9,24],[3,117],[-7,113],[-44,189],[50,-3],[-3,38],[-54,176],[-59,149],[-19,82],[4,91],[-17,74],[-71,73],[-23,37],[-31,90],[-56,134],[-10,49],[-17,159],[12,51],[-15,129],[-26,24],[-61,27],[-13,27],[2,67],[46,86],[78,49],[23,64],[-28,103],[0,89],[-12,40],[-84,98],[-20,54],[17,90],[39,85],[6,97],[46,81],[61,20],[0,153],[10,50],[-14,37],[-72,30],[-27,25],[-33,63],[-28,77]],[[33097,36012],[33,49],[44,39],[220,136],[202,82],[74,-6],[72,12],[68,44],[35,8],[112,6],[94,27],[61,-6],[75,-26],[30,15],[32,98],[27,24],[34,-2],[67,-39],[72,-33],[119,-24],[61,-53],[44,1],[164,75],[88,60],[121,109],[43,4],[161,28],[35,-2],[38,30],[59,20],[52,115],[50,46],[40,19],[85,6],[65,-7],[58,25],[68,68],[33,-3],[24,-29],[71,-171],[44,-60],[30,-6],[61,58],[22,33],[66,27],[71,-3],[43,93],[11,73],[0,65],[18,48],[49,22],[40,52],[10,142],[8,38],[45,61],[105,34],[32,29],[27,65],[50,41],[198,102],[12,73],[19,27],[69,25],[11,31],[-2,78],[62,43],[93,21],[43,-18],[135,33],[36,-24],[21,-68],[-2,-61],[12,-37],[32,-18],[70,-2],[124,-99],[32,0],[21,70],[17,22],[45,7],[48,-8],[30,52],[40,40],[53,21],[43,56],[63,52],[41,68],[98,10],[68,-8],[66,7],[19,34],[-35,148],[27,40],[40,15],[109,6],[67,33],[67,24],[82,15],[60,-45],[17,-43],[-7,-67],[10,-33],[60,-64],[76,-114],[80,-136],[22,-28],[124,-56],[73,-10],[87,25],[64,-15],[36,-23],[30,-41],[45,-111],[12,-13],[75,32],[72,56],[138,43],[45,-13],[20,-22],[-8,-46],[9,-44],[34,-13],[59,29],[61,-34],[42,-5],[56,-30],[58,-48],[71,-28],[70,-19],[54,8],[28,24],[92,6],[79,72],[115,37],[45,93],[65,37],[69,88],[10,-21],[16,-137],[-27,-120],[42,-75],[62,-88],[122,-187],[84,-116],[22,-60],[60,-102],[48,-69],[95,-164],[26,-25],[17,-93],[25,-49],[5,-63],[176,44],[165,35],[4,-127],[28,-367],[14,-210],[-1,-90],[-12,-194],[-29,-311],[-22,-105],[-52,-151],[-17,-81],[2,-44],[38,-113],[124,-289],[54,-93],[44,-64],[133,-126],[48,-172],[-5,-52],[211,95],[122,40],[165,62],[127,30],[94,8],[98,-15],[164,-45],[137,-55],[221,-105],[37,29],[84,83],[46,89],[55,86],[82,103],[88,45],[138,16],[37,30],[34,50],[64,117],[52,63],[109,41],[89,49],[50,106],[59,49],[-101,147],[-93,107],[-64,29],[-93,-14],[-183,25],[2,13],[101,57],[52,69],[1,32],[-58,102],[14,21],[55,19],[92,-13],[29,22],[11,58],[57,52],[52,28],[23,74],[71,114],[99,142],[139,18],[79,67],[163,51],[41,42],[-10,126],[9,11],[53,-3],[56,9],[14,-75],[-5,-71],[11,-44],[35,-25],[98,-7],[68,-14],[31,-22],[40,-82],[75,-78],[87,-59],[48,-8],[132,5],[86,142],[123,97],[22,58],[90,52],[165,104],[11,-66],[67,7],[124,3],[131,18],[38,33],[23,-13],[66,-110],[29,-59],[57,-39],[69,51],[117,60],[76,0],[22,-14],[87,-87],[107,42],[38,-1],[35,-76],[21,-8],[68,17],[51,42],[48,7],[33,-13],[49,-49],[100,-115],[64,-51],[23,-69],[-5,-98],[18,-46],[37,16],[54,84],[55,19],[77,-6],[38,5],[121,65],[80,11],[30,18],[28,51],[21,73],[18,32],[97,81],[13,27],[-67,59],[-74,43],[-19,31],[22,62],[-11,37],[-44,27],[-12,23],[7,38],[-16,108],[-22,83],[50,79],[128,13],[16,31],[-22,74],[-13,88],[-33,73],[-6,64],[-56,76],[-14,108],[33,76],[20,83],[49,31],[47,7],[38,23],[4,33],[-21,54],[3,32],[23,45],[-11,45],[14,142],[58,54],[4,44],[-25,60],[20,137],[-8,38],[-21,29]],[[37770,20755],[-13,-746],[-19,-81],[-35,-50],[-71,-46],[-88,-12],[-1111,18],[6,330],[-1,98],[13,660],[6,388],[3,38],[498,224],[118,2],[333,-9],[0,26],[431,-8],[-10,-576],[-56,1],[-4,-257]],[[44899,13280],[-15,101],[-50,81],[-54,-17],[-62,-2],[-24,33],[15,50],[-9,18],[27,63],[-1,47],[21,42],[5,56],[-19,42],[-36,29],[7,26],[-19,60],[39,21],[3,24],[69,-20],[87,23],[61,1],[30,-43],[-27,-91],[29,-47],[31,0],[17,-58],[-53,-62],[19,-49],[94,-93],[127,-30],[73,13],[21,-56],[55,-28],[31,-5],[99,-55],[63,-6],[104,16],[32,27],[42,-7],[-48,-13],[33,-15],[68,-5],[41,12],[60,33],[84,70],[51,-11],[24,-23],[17,-94],[27,-46],[-8,-93],[18,-49],[61,-68],[43,-21],[8,-20],[-18,-48],[26,-42],[-13,-43],[-73,-11],[-45,32],[-87,5],[-35,-19],[-30,-46],[-85,-3],[-31,-20],[-24,-70],[-30,-35],[-31,-17],[-26,7],[-49,-20],[-40,-48],[-20,-40],[-47,-3],[-53,19],[-54,5],[-75,25],[-67,-19],[-58,13],[-30,36],[-47,29],[-52,-8],[-9,10],[-59,-3],[-26,51],[-4,43],[-28,45],[-70,17],[-24,-14],[-47,31],[36,50],[3,72],[-9,110],[3,120],[17,28]],[[51298,12810],[-21,-71],[-12,-75],[-17,-46],[-29,-9],[-13,-24],[-18,-111],[-74,25],[-64,70],[-11,67],[-103,205],[-35,47],[-79,82],[-30,70],[44,107],[32,23],[35,5],[61,-28],[80,-9],[50,7],[52,38],[56,-29],[44,-12],[117,-2],[74,27],[25,33],[47,12],[59,39],[59,72],[17,3],[13,-53],[-46,-144],[-64,-26],[-24,-62],[-19,-16],[-66,-147],[-78,11],[-62,-79]],[[39942,17316],[-23,21],[30,67],[67,26],[101,-64],[41,-3],[52,19],[50,55],[31,60],[-14,76],[14,16],[45,-7],[42,-23],[66,-57],[61,-7],[78,-36],[95,-102],[49,-46],[55,-38],[20,-28],[24,-115],[-61,-69],[-75,23],[-135,84],[-54,-17],[-136,-11],[-40,-32],[16,-27],[-9,-42],[-36,-24],[-69,-13],[-29,6],[-17,70],[-13,14],[-6,63],[-38,47],[-56,10],[-45,54],[-66,32],[-15,18]],[[53056,15468],[11,21],[-26,12],[-22,59],[14,41],[1,56],[-31,49],[-47,23],[-18,46],[-26,35],[27,29],[36,-24],[43,-13],[20,20],[49,98],[66,-2],[34,-36],[28,-67],[23,-26],[37,-18],[41,-42],[6,-43],[-44,-53],[-91,-148],[8,-43],[31,-14],[-29,-50],[-37,-17],[-57,24],[-21,59],[-26,24]],[[38453,17078],[-50,-20],[-37,-68],[-84,67],[-32,5],[-61,40],[11,33],[45,-10],[52,13],[59,99],[-6,42],[46,43],[1,46],[-18,26],[19,22],[61,-2],[19,-41],[49,-37],[7,-53],[73,-63],[6,-19],[-24,-62],[-21,-26],[-109,-18],[-6,-17]],[[49825,13192],[-38,37],[-48,-9],[-83,33],[-69,72],[3,24],[64,-34],[37,5],[71,38],[30,1],[38,22],[108,-22],[48,1],[26,-44],[-14,-66],[-55,-62],[-65,33],[-13,31],[-54,-30],[14,-30]],[[44016,15801],[32,-17],[15,-27],[47,-13],[63,-74],[-8,-54],[-26,-38],[-32,-5],[-58,30],[-38,64],[-47,60],[-56,58],[0,37],[55,20],[32,-37],[21,-4]],[[44893,17183],[-67,-25],[-43,-8],[-22,21],[-15,62],[-32,56],[19,18],[3,69],[41,11],[34,-45],[48,-20],[18,-28],[58,-30],[-29,-41],[-13,-40]],[[44453,15184],[-62,21],[-23,32],[22,45],[72,17],[30,-21],[61,-16],[54,-74],[29,-8],[28,-57],[-34,-20],[-80,15],[-25,23],[-72,43]],[[43797,15810],[-4,-32],[-49,12],[-27,47],[-29,22],[-83,34],[-33,40],[-27,90],[33,43],[28,-13],[62,-102],[69,-54],[16,-31],[35,-28],[9,-28]],[[43401,16450],[62,-6],[13,33],[50,-68],[48,-40],[-18,-46],[-33,-14],[-27,20],[-31,-7],[-42,25],[-26,33],[-13,60],[17,10]],[[35921,23027],[31,-54],[-20,-10],[-56,8],[-25,46],[28,44],[42,-34]],[[38977,15730],[-50,-7],[-8,58],[36,19],[-2,42],[17,2],[24,-63],[-17,-51]],[[35733,20974],[-234,285],[5,4],[427,-521],[-6,-4],[-192,236]],[[35338,21457],[-233,286],[5,3],[364,-445],[-5,-4],[-131,160]],[[38656,15526],[-34,-12],[-30,10],[2,25],[65,15],[25,-12],[-4,-32],[-24,6]],[[36051,22940],[7,1],[12,-177],[25,-189],[-7,-1],[-25,191],[-12,175]],[[35054,22492],[221,140],[6,-8],[-221,-140],[-6,8]],[[49367,15530],[-30,408],[5,0],[17,-239],[8,-169]],[[45908,17060],[45,-91],[29,-132],[-10,-2],[-28,132],[-44,89],[8,4]],[[43231,20860],[-79,199],[6,3],[80,-199],[-7,-3]],[[35472,22744],[-5,8],[171,108],[5,-7],[-171,-109]],[[48728,14363],[112,-40],[-142,43],[-150,63],[-18,13],[170,-71],[28,-8]],[[35678,22873],[-5,8],[177,113],[4,-7],[-176,-114]],[[49917,17569],[35,-84],[-18,-7],[-36,84],[19,7]],[[49508,15205],[-19,-6],[14,-78],[-55,210],[7,-1],[33,-126],[20,1]],[[54194,15995],[-19,-13],[-33,38],[24,19],[28,-44]],[[34854,22356],[-4,6],[169,106],[4,-6],[-169,-106]],[[35309,22653],[124,78],[5,-8],[-123,-78],[-6,8]],[[39074,16015],[-27,0],[4,38],[22,-3],[1,-35]],[[45878,17014],[-15,-7],[-34,70],[15,7],[34,-70]],[[38751,15547],[33,-11],[-11,-21],[-32,5],[10,27]],[[51667,12986],[33,28],[13,-31],[-46,3]],[[43554,16174],[-1,23],[35,-1],[-2,-24],[-32,2]],[[49588,16811],[1,-3],[-240,-56],[0,3],[239,56]],[[43675,19942],[14,-5],[-19,-49],[-14,4],[19,50]],[[49328,15700],[-3,75],[8,0],[3,-75],[-8,0]],[[69165,105597],[23,-13],[81,-1],[92,-67],[69,-26],[29,-30],[44,-17],[227,-4],[83,62],[39,4],[82,-33],[85,-47],[110,4],[53,-32],[53,21],[41,-8],[60,-41],[97,-51],[14,-19],[28,-81],[20,-33],[117,-88],[25,-47],[48,-47],[50,-61],[31,-9],[29,-64],[142,21],[88,6],[87,-55],[55,-11],[57,24],[60,39],[41,3],[61,-57],[73,66],[125,96],[96,68],[21,65],[25,36],[42,28],[69,23],[30,21],[50,57],[42,27],[69,21],[41,1],[86,-32],[94,-51],[42,-48],[6,-79],[11,-33],[126,-102],[152,-102],[210,-158],[20,151],[20,57],[80,38],[64,55],[32,46],[45,18],[41,45],[53,20],[82,70],[6,52],[66,22],[122,0],[72,-13],[128,-1],[79,-10],[128,-28],[58,2],[45,27],[111,26],[16,50],[69,31],[24,37],[-11,97],[1,92],[12,40],[49,39],[45,91],[18,8],[47,-26],[87,-10],[78,-94],[79,-37],[72,-18],[83,-41],[59,6],[71,42],[51,21],[36,54],[47,-1],[18,-96],[26,-14],[58,22],[40,0],[45,-20],[38,24],[85,9],[36,-83],[33,-33],[19,-45],[-9,-38],[-65,-52],[14,-39],[49,-46],[41,-70],[8,-42],[64,-42],[50,-96],[66,-6],[97,20],[18,-17],[-6,-99],[45,-97],[-17,-71],[19,-35],[-12,-49],[6,-35],[42,-57],[38,-15],[31,-67],[34,-27],[51,-4],[129,-52],[10,-29],[47,-35],[59,-5],[54,-36],[51,-73],[66,-36],[27,-25],[-19,-39],[6,-51],[41,-28],[56,-24],[63,0],[6,-32],[-15,-95],[31,-23],[42,-4],[100,-52],[76,-23],[31,-87],[17,-92],[-7,-19],[-68,-65],[-15,-43],[7,-55],[67,-14],[62,-67],[39,-63],[22,-15],[145,-8],[69,-29],[203,-99],[66,-37],[104,-82],[34,-9],[92,7],[64,-15],[76,-47],[93,-25],[101,-8],[74,16],[95,11],[59,-8],[65,-22],[41,2],[42,21],[39,40],[44,30],[59,11],[29,28],[22,116],[42,67],[76,-53],[66,-30],[20,-87],[26,-48],[28,-27],[78,-42],[32,-50],[32,-30],[106,-60],[50,-24],[19,-79],[42,-53],[29,-60],[-6,-60],[19,-32],[4,-66],[29,-57],[-10,-41],[-32,-35],[-49,-84],[-59,-23],[-35,-31],[-55,16],[-36,-18],[-10,-30],[9,-60],[-56,-88],[16,-75],[-21,-47],[3,-48],[35,-67],[32,-24],[158,-53],[-21,-49],[6,-52],[57,-64],[-9,-48],[55,-109],[48,-33],[60,-91],[31,-13],[88,8],[134,-109],[50,-58],[41,-21],[-57,-67],[6,-38],[84,-7],[79,17],[94,-31],[81,-50],[47,-13],[27,-38],[47,-165],[3,-42],[-65,-38],[-51,-48],[-68,-113],[-101,-110],[-4,-54],[-23,-58],[-39,-51],[-58,-8],[-89,31],[-42,-21],[0,-44],[38,-82],[-7,-31],[-53,-57],[-97,-40],[-24,-34],[-17,-67],[-8,-69],[15,-130],[45,-111],[60,-94],[33,-33],[-4,-29],[-44,-64],[-10,-39],[19,-32],[127,-65],[17,-20],[-8,-61],[-66,-60],[-56,-37],[-105,-87],[-60,-6],[-68,33],[-43,6],[-97,-33],[-42,-34],[-96,-102],[-96,-70],[-16,-21],[4,-41],[125,-233],[103,-40],[35,-32],[-5,-63],[39,-41],[33,-54],[110,-144],[27,-25],[45,-14],[47,-68],[41,-37],[45,-20],[110,27],[35,16],[42,46],[43,4],[110,-6],[23,6],[25,35],[40,26],[36,7],[74,45],[46,-8],[121,-3],[103,24],[89,12],[107,69],[63,17],[47,23],[58,3],[45,-15],[32,14],[44,-51],[37,-12],[95,-84],[59,-14],[55,-52],[-7,-61],[51,-78],[15,-65],[-2,-38],[54,-37],[30,-94],[34,-52],[73,-53],[-27,-111],[-38,-35],[-57,-87],[-49,-30],[-5,-45],[21,-52],[-21,-64],[-43,-37],[-12,-44],[-5,-80],[10,-55],[54,-52],[81,-50],[13,-36],[16,-99],[-23,-41],[-64,-18],[-20,-40],[-18,-95],[-31,-85],[35,-52],[-30,-43],[-57,-103],[-44,-65],[-41,-89],[-2,-69],[-25,-38],[-60,-65],[-27,-87],[-62,-29],[-65,-21],[-23,-38],[-67,-55],[-6,-86],[-20,-50],[16,-88],[-34,-2],[-91,-41],[-17,-17],[-24,-114],[-30,-43],[10,-84],[-6,-129],[19,-79],[-19,-54],[-32,-22],[-2,-76],[-14,-52],[-34,-19],[-33,-51],[58,-43],[38,-93],[2,-57],[-10,-37],[-100,-144],[3,-75],[60,-61],[27,-68],[72,-32],[53,-81],[37,-3],[79,15],[64,-58],[25,-8],[67,5],[32,-16],[116,-86],[79,-32],[21,-62],[-8,-65],[39,-49],[101,-19],[16,-15],[32,-74],[21,-20],[53,-22],[95,-77],[55,-74],[3,-92],[33,-71],[61,-100],[10,-40],[-3,-61],[32,-41],[2,-73],[11,-52],[55,-95],[64,-62],[35,-58],[-9,-66],[-49,-98],[-61,-68],[15,-86],[29,-71],[16,-67],[23,-58],[-3,-56],[-46,-78],[-27,-89],[-25,-54],[-6,-39],[19,-45]],[[81613,91588],[-31,-97],[-59,-58],[-45,-22],[-31,-47],[-46,-19],[-103,3],[-175,-4],[-96,7],[-35,-68],[-40,-32],[-85,-23],[-98,-40],[-56,-13],[-139,-11],[-84,-52],[-74,-10],[-98,-21],[-139,42],[-79,6],[-46,-25],[-59,-78],[-73,-37],[-65,-46],[-53,-82],[-69,-57],[-64,-67],[-49,-102],[-50,-16],[-110,1],[-179,19],[-52,-4],[-18,-15],[-33,-83],[8,-83],[60,-135],[24,-138],[17,-55],[102,-112],[19,-223],[20,-75],[9,-65],[-2,-96],[-39,-142],[-16,-82],[-8,-153],[10,-94],[60,-206],[1,-182],[-8,-174],[-12,-142],[-66,-330],[-62,-247],[-64,-96],[12,-30],[-75,-168],[-40,-74],[-31,-12],[-87,-210],[-45,-141],[-21,-90],[-27,-175],[-13,-248],[-23,-84],[-121,-249],[-114,-207],[-90,-134],[-4,-28],[26,-105],[3,-51],[-14,-62],[1,-158],[11,-54],[-13,-30],[-2,-67],[-49,-90],[-71,-72],[-57,-108],[-9,-39],[11,-148],[-24,-71],[4,-133],[-36,-238],[-1,-50]],[[78334,84381],[-12,-72],[-17,-17],[-60,-3],[-58,-19],[-105,-19],[-76,-38],[-76,-65],[-68,-97],[-43,-13],[-41,-40],[-13,-47],[2,-85],[12,-49],[-8,-68],[-26,-41],[-37,-22],[-63,-6],[-12,-28],[-49,-17],[-41,-31],[-10,-60],[-17,-44],[-74,-56],[-121,-107],[-54,-2],[-65,-42],[-1,-55],[-54,-154],[-2,-47],[-14,-31],[-47,-51],[-43,-13],[-71,-57],[-89,-84],[-161,-170],[-51,-39],[-78,-36],[-93,-10],[-57,-26],[-64,-61],[-66,-114],[-136,51],[-123,36],[-46,-26],[-91,3],[-5,-66],[-38,-5],[-18,-122],[22,-26],[-20,-56],[-52,0],[22,-44],[-13,-18],[-39,-177],[-29,-57],[-27,-143],[-33,-71],[-18,-115],[-17,-70],[-7,-96],[-22,-125],[-5,-93],[-21,-105],[-56,-22],[50,-83],[58,-32],[51,-56],[52,-24],[73,-52],[27,-62],[75,-28],[34,-24],[11,-44],[-21,-53],[-26,-31],[17,-102],[20,-72],[0,-41],[-30,-21],[42,-70],[7,-51],[-6,-79],[-13,-44],[16,-77],[-57,-44],[-11,-75],[-31,-16],[-97,-26],[-38,-18],[-19,-42],[-8,-66],[32,-63],[83,-54],[29,-75],[-12,-89],[-56,-96],[-32,-42],[-5,-91],[11,-43],[-18,-44],[-44,-48],[43,-50],[-42,-95],[-78,-22],[-74,-4],[-86,9],[-52,16],[-58,-15],[-30,7],[-23,60],[-74,53],[-56,74],[-49,35],[-84,-2],[-37,15],[-45,39],[-56,69],[-43,2],[-19,-40],[-54,76],[-38,25],[-52,-10],[-65,-27],[-74,-5],[-82,-22],[-139,-19],[-73,-104],[-36,5],[-29,-17],[-7,-35],[-41,-25],[-70,14],[-23,-18],[-71,-18],[-32,-27],[-18,-53],[-38,-20],[-103,1],[-43,30],[-34,8],[-64,-34],[-49,7],[-29,-49],[24,-84],[-3,-123],[9,-17],[78,-48],[32,-40],[31,-18],[117,13],[32,47],[61,34],[46,14],[42,-3],[35,-28],[26,-47],[27,-72],[3,-208],[-19,-50],[-44,-56],[6,-59],[-15,-38],[-57,-75],[-31,-59],[16,-19],[2,-49],[83,-77],[-7,-36],[-78,-52],[-26,-34],[-37,-20],[-6,-46],[34,-68],[52,-28],[-32,-60],[-33,-42],[-68,-31],[-16,-24],[-5,-46],[29,-109],[-55,-40],[-18,-114],[6,-19],[132,-57],[71,-23],[-76,-138],[-16,-74],[-5,-120],[9,-68],[-9,-85],[5,-55],[-34,-58],[-9,-47],[25,-93],[50,-107],[45,-120],[20,-103],[-23,-101],[-4,-82],[74,-62],[5,-30]],[[74077,75600],[-60,-7],[-37,24],[-50,78],[-100,86],[-117,120],[-59,44],[-49,49],[-21,48],[-40,24],[-46,56],[-87,43],[-37,55],[-84,-52],[-40,-3],[-52,23],[-77,17],[-37,-5],[-91,-63],[-58,-59],[-50,-64],[-30,-64],[-26,-13],[-66,2],[-74,50],[-50,-2],[-133,-43],[-177,-17],[-61,-56],[-22,-56],[-40,-48],[-10,-37],[-34,-12],[-84,8],[-129,32],[-46,25],[-23,54],[-61,44],[-16,68],[-70,18],[-8,39],[6,60],[-43,47],[-18,42],[-128,65],[-89,34],[-66,-13],[-44,-29],[-21,-32],[-80,21],[-100,-16],[-55,3],[-2,35],[-26,15],[-41,53],[-53,-13],[-12,-20],[-63,-20],[-66,39],[-100,9],[-70,27],[-28,2],[-119,-56],[-61,15],[-52,-25],[-44,-48],[-54,-21],[-31,-34],[-26,-93],[-48,-20],[-18,-31],[2,-49],[-14,-60],[47,-105],[-55,-81],[-41,-19],[-95,-100],[-118,-63],[-55,-64],[-44,-7],[-89,-72],[-50,-20],[-60,-75],[-68,-56],[-20,2],[-92,75],[-75,51],[-24,8],[-88,-12],[-95,-41],[168,-202],[106,-155],[100,-187],[131,-231],[156,-291],[9,-25],[117,-186],[59,-66],[69,-65],[38,-93],[-165,-59],[-34,-7],[-90,23],[-141,84],[-86,24],[-30,0],[-167,-73],[-74,-19],[-59,31],[-69,-6],[-32,6],[-62,50],[-38,130],[-24,38],[-36,22],[-147,29],[-88,63],[-64,35],[-103,-14],[-117,8],[-52,-7],[-139,6],[-222,27],[-77,18],[-27,70],[-60,190],[-24,98],[-30,55],[-41,46],[-54,44],[-40,77],[-104,128],[-91,95],[-98,75],[-46,52],[67,90],[23,41],[8,76],[-30,110],[-63,-15],[-207,-87],[-106,-61],[-65,-47],[-59,-32],[-74,-23],[-63,62],[-27,46],[-14,119],[-35,48],[-77,28],[-71,69],[-78,100],[-47,84],[-21,67],[-66,51],[-43,46],[-103,91],[-46,-12],[-115,18],[-148,-12],[-67,38],[-39,50],[-53,0],[-18,15],[-34,60],[-9,72],[-16,41],[-23,15],[-161,23],[-55,34],[-40,0],[-81,-119],[-88,-53],[-70,-15],[-47,14],[-78,-61],[-46,-27],[-98,-81],[-89,-48],[-41,-29],[-55,-16],[-343,-245],[-74,-93],[-64,-61],[-39,-52],[-75,-72],[-116,-151],[-41,-48],[-31,-53],[-19,-78],[13,-114],[22,-41],[59,-77],[2,-26],[-51,-2],[-40,11],[-28,-20],[-72,-30],[-181,-23],[-61,18],[-107,-3],[-79,-11],[-50,11],[-94,45],[-65,6],[-107,-7],[-18,-38],[-7,-97],[-62,-114],[-28,-103],[-16,-36],[-41,-47],[-39,-7],[-32,16],[-58,63],[-53,3],[-51,62],[-30,22],[-139,4],[-122,-51],[-57,-7],[-78,20],[-63,1],[-119,19],[-34,23],[-29,40],[-21,56],[-72,110],[4,180],[-51,99],[-22,109],[-52,30],[-33,55],[-10,72],[-25,66],[13,114],[107,157],[37,63],[4,39],[-31,72],[9,29],[58,93],[28,104],[-17,83],[3,49],[-68,30],[12,67],[49,64],[31,148],[-37,53],[9,90],[32,64],[30,26],[14,36],[42,31],[173,202],[47,123],[55,96],[23,90],[-4,151],[-16,53],[1,43],[23,51],[82,49],[5,31],[-46,60],[-13,46],[36,80],[87,67],[8,31],[-27,64],[19,33],[44,40],[-36,93],[3,39],[41,25],[2,47],[-52,23],[-34,29],[-31,76],[-2,81],[32,51],[-47,35],[-28,53],[4,50],[-29,34],[-61,40],[-58,55],[-45,80],[-21,55],[-81,14],[-244,11],[-78,10],[-30,-170],[-8,-81],[15,-63],[59,-161],[-3,-101],[18,-64],[52,-55],[20,-109],[-31,-42],[-46,15],[-45,36],[-115,-14],[-39,7],[-171,-27],[-88,-24],[-76,3],[-31,-13],[-28,-49],[-56,-35],[-15,-55],[-53,-48],[-47,-22],[-78,-9],[-94,20],[-98,-51],[-42,-1],[-42,36],[-63,29],[-42,-6],[-21,-30],[-39,-18],[-67,-54],[-53,-19],[-83,-44],[-32,15],[-13,29],[-160,-23],[-69,2],[-5,-35],[41,-41],[57,-41],[51,-55],[24,-13],[124,-12],[36,-16],[13,-40],[141,-62],[48,6],[134,-56],[49,-37],[-21,-55],[6,-53],[19,-36],[58,-199],[-8,-259],[3,-90],[-28,-80],[-43,-68],[-25,-15],[-124,-40],[0,-34],[-42,-82],[-9,-38],[21,-104],[-60,-38],[1,-120],[27,-31],[-5,-72],[-34,-48],[-55,-22],[-88,-4],[-29,-18],[-28,-53],[-62,-73],[-53,-15],[-65,-48],[45,-43],[-102,-77],[-2,-93],[-53,-88],[14,-84],[104,-39],[0,-138],[12,-47],[-65,-78],[-44,-9],[-13,-46],[-28,-30],[-55,-30],[-53,-13],[-94,-75],[-53,-68],[-67,-49],[-40,-15],[-131,-21],[-76,15],[-63,4],[-59,23],[-41,35],[-80,-13],[-34,4],[-30,27],[-20,-23],[-1,-54],[21,-29],[55,-23],[47,-35],[14,-39],[19,-184],[-10,-37],[-47,-45],[-30,-70],[-47,-50],[-3,-75],[32,-46],[-8,-25],[-50,-46],[-33,-17],[-27,-51],[-53,-73],[-80,-16],[-97,-50],[-67,-14],[-50,-42],[-24,-39],[-41,-18],[-72,-78],[-120,-34],[-59,-37],[-57,-64],[-30,-62],[-18,-57],[9,-64],[26,-34],[3,-28],[-58,-64],[-6,-30],[20,-53],[-11,-63],[-26,-37],[-76,-63],[-83,-37],[-74,-55],[-42,-59],[-94,2],[-49,-10],[-16,-20],[-4,-65],[-34,-55],[-49,-44],[-104,-44],[-67,-4],[-32,-20],[-34,-54],[-72,-83],[-17,-43],[6,-85],[-28,-88],[-68,-38],[-109,-28],[-54,-33],[-66,-60],[-45,-55],[-56,-2],[-108,12],[-107,78],[-29,30],[-58,134],[-20,26],[-28,65],[-10,61],[-51,160],[-59,67],[-43,11],[-41,54],[-91,27],[-67,82],[-45,112],[-31,54],[-59,41],[-52,-10],[-122,-64],[-62,-16],[-253,-120],[-70,-48],[-55,-94],[-113,167],[-23,86],[-11,105],[-45,111],[-23,118],[0,47],[53,63],[2,63],[-40,151],[-38,61],[-59,65],[-44,96],[-1,94],[-55,59],[-43,68],[12,27],[-8,100],[-55,128],[-93,97],[-31,12],[-15,71],[7,200],[30,20],[61,98],[71,38],[16,27],[8,54],[25,17],[110,0],[26,26],[26,67],[51,32],[43,47],[29,3],[69,-31],[50,47],[62,26],[53,-10],[-55,97],[-5,66],[-18,48],[7,86],[-6,53],[-91,128],[-18,58],[19,78],[39,53],[16,60],[1,144],[6,32],[-17,60],[-27,28],[-41,84],[-7,95],[-11,35],[-51,80],[-27,81],[46,80],[36,24],[14,59],[-24,58],[2,58],[-22,45],[12,73],[-1,68],[-17,40],[-55,78],[-5,92],[10,42],[65,69],[6,20],[-22,166],[-16,65],[-125,-17],[-65,7],[-59,35],[-95,0],[-33,81],[11,57],[55,98],[5,121],[34,85],[40,76],[-27,51],[-40,9],[-182,5],[-107,20],[-117,-11],[-155,12],[-101,-27],[-175,-29],[-36,-22],[-68,-86],[-9,-27],[-9,-103],[-64,-8],[-57,28],[-29,1],[-50,-52],[-47,16],[-73,-3],[-77,6],[-54,31],[-47,8],[-29,-28],[-35,-60],[-29,16],[-49,77],[-81,-35],[-23,-19],[-51,0],[-34,24],[-57,80],[-32,-25],[-15,-45],[-63,-41],[10,-49],[-30,-3],[-46,21],[-59,43],[-62,-46],[-39,-5],[-33,15],[-40,39],[-38,1],[-73,-27],[-29,59],[-30,17],[-77,-37],[-32,15],[-41,-5],[-57,-42],[-37,25],[-54,-48],[-19,-63],[-20,-10],[-16,-45],[-53,-24],[-58,57],[-71,21],[9,64],[-23,39],[28,11],[-9,30],[-35,25],[-28,-23],[-51,24],[12,32],[-16,35],[-36,2],[-23,40],[17,38],[-12,69],[-21,46],[-72,55],[-43,85],[-39,95],[-55,69],[-73,50],[-14,17],[-1,56],[-74,66],[-36,-26],[-63,-67],[-82,-46],[-69,-12],[-10,-29],[-40,-24],[-25,-117],[-64,45],[-57,-12],[-31,-37],[-32,1],[-45,-17],[-35,31],[-36,3],[-57,-38],[-54,8],[-30,-8],[-42,52],[-19,-3]],[[50677,78248],[-45,22],[-33,34],[-83,42],[-60,52],[-41,56],[-52,26],[-54,107],[29,43],[5,56],[-16,59],[-51,83],[15,85],[44,9],[66,34],[-7,65],[7,32],[75,13],[49,115],[-4,55],[-54,118],[14,73],[-10,76],[0,81],[-12,96],[59,46],[-5,54],[-25,36],[25,77],[-46,99],[-12,91],[-18,58],[-36,208],[-55,175],[-8,13],[-73,29],[-15,15],[-25,71],[9,31],[26,7],[42,-12],[29,22],[48,7],[18,27],[3,44],[69,53],[-2,56],[21,23],[39,88],[70,17],[52,51],[20,144],[21,32],[52,6],[29,16],[37,62],[9,34],[61,55],[29,42],[-3,66],[21,96],[-1,76],[16,34],[48,29],[74,79],[43,59],[46,44],[60,80],[149,126],[29,10],[64,-19],[31,15],[40,51],[13,61],[-11,57],[27,44],[-2,21],[-52,79],[10,74],[52,138],[-8,24],[-94,37],[-79,7],[-21,25],[-82,38],[-62,17],[-2,94],[16,57],[72,8],[26,91],[54,149],[1,60],[54,107],[35,13],[12,35],[12,100],[20,46],[70,47],[-24,44],[22,58],[18,78],[6,61],[17,47],[64,13],[39,-10],[44,-32],[54,3],[42,29],[39,10],[47,-9],[69,35],[7,35],[27,16],[105,19],[93,42],[46,28],[66,69],[52,15],[26,32]],[[52444,84215],[36,72],[27,18],[66,5],[48,-15],[55,50],[50,34],[48,9],[87,-7],[39,-20],[123,23],[31,20],[79,81],[120,52],[85,61],[69,22],[46,0],[82,-28],[51,-7],[66,15],[55,-4],[81,-41],[85,-58],[40,-48],[48,-19],[96,-1],[19,-20],[38,-82],[50,-6],[66,18],[29,-14],[22,-54],[58,-9],[56,16],[68,-32],[8,-114],[24,-66],[-17,-50],[7,-88],[55,9],[61,-64],[65,-45],[18,-94],[-8,-66],[75,-122],[44,-102],[6,-35],[65,-133],[44,-25],[56,-94],[57,-18],[52,-74],[6,-23],[-48,-64],[14,-98],[-10,-122],[-13,-35],[-54,-76],[-10,-96],[24,-14],[109,-3],[70,-15],[81,-31],[42,-43],[29,-9],[56,-62],[42,4],[36,-17],[41,-63],[17,-47],[-15,-58],[54,-101],[41,-58],[43,-19],[44,0],[107,16],[62,-38],[97,-7],[107,26],[105,-1],[61,40],[45,-23],[27,-29],[28,6],[56,43],[54,24],[105,-12],[54,-15],[40,-47],[54,9],[43,-7],[176,-66],[109,11],[91,-134],[18,-52],[39,-71],[37,-28],[76,0],[46,-44],[66,2],[51,26],[94,-88],[-6,-43],[46,-73],[47,-41],[138,-22],[41,30],[36,-58],[84,-95],[15,-58],[33,-46],[42,-23],[69,10],[24,-15],[12,-46],[33,-66],[34,-30],[169,-7],[41,-38],[31,-78],[74,-109],[50,-110],[49,-50],[72,-43],[27,16],[42,50],[41,9],[29,-15],[41,-56],[54,-18],[60,-43],[9,-48],[-43,-73],[-5,-41],[15,-45],[80,-52],[99,-20],[63,34],[29,35],[30,5],[65,-65],[37,-28],[45,-13],[45,5],[79,49],[46,7],[100,-46],[13,-73],[43,-4],[15,17],[29,74],[49,31],[139,-23],[86,23],[68,9],[67,-18],[39,4],[99,48],[34,25],[39,-11],[71,-121],[9,-103],[63,33],[-2,58],[88,-61],[26,-2],[27,43],[21,73],[68,-38],[34,7],[-6,203],[20,22],[9,101],[21,9],[56,-19],[8,-19],[72,1],[34,21],[11,79],[-21,5],[0,63],[12,40],[-4,91],[80,9],[69,42],[56,88],[14,10],[126,55],[31,28],[-31,85],[20,67],[-11,74],[31,36],[-1,21],[-36,55],[-36,94],[-13,57],[-31,64],[12,46],[-27,50],[2,21],[38,27],[-8,54],[172,3],[2,377],[-130,2],[-31,8],[51,11],[-77,49],[30,5],[-33,59],[15,59],[-38,40],[81,53],[-12,55],[38,39],[92,51],[48,1],[33,20],[43,0],[-21,25],[15,23],[-36,70],[21,44],[36,-17],[53,-4],[38,29],[56,-8],[21,27],[42,-12],[24,39],[-44,56],[1,41],[50,62],[-35,64],[20,61],[43,49],[-40,82],[9,24],[58,38],[68,112],[-13,51],[34,70],[47,3],[135,-38],[92,45],[61,20],[13,53],[51,105],[61,54],[20,68],[40,63],[7,95],[-42,57],[-1,58],[-21,176],[10,66],[20,22],[34,-3],[39,27],[43,77],[87,68],[22,77],[54,44],[93,26],[58,-7],[47,-18],[30,-45],[27,18],[37,59],[84,51],[20,28],[6,112],[67,83],[38,11],[41,38],[5,23],[-4,87],[18,59],[-9,36],[-63,90],[-22,52],[-28,18],[-33,0],[-12,41],[44,58],[13,93],[-37,30],[-42,18],[-36,81],[50,173],[22,57],[34,41],[64,38],[31,75],[30,219],[18,41],[68,70],[74,39],[68,46],[32,32],[6,46],[-8,56],[12,27],[47,44],[22,69],[2,101],[-7,78],[4,75],[27,85],[-44,136],[-3,43],[20,64],[-33,69],[-22,146],[5,45],[-8,54],[-36,59],[67,56],[13,56],[-23,66],[18,62],[59,80],[44,40],[69,94],[23,72],[29,45],[53,5],[38,22],[30,39],[66,42],[56,27],[51,50],[27,59],[29,25],[-3,87],[-11,40],[-59,124],[6,25],[34,48],[37,26],[3,25],[-34,65],[-14,99],[24,66],[-9,94],[-59,79],[-2,25],[63,138],[22,26],[50,93],[4,73],[17,64],[-1,36],[24,18],[50,-2],[19,54],[4,95],[85,31],[-4,27],[-41,79],[39,56],[-8,45],[15,38],[37,8],[84,53],[101,52],[58,-2],[90,14],[108,76],[79,18],[17,65],[23,48],[68,13],[19,25],[66,33],[9,51],[36,132],[62,122],[-21,31],[27,73],[2,40],[-19,27],[-58,34],[2,56],[28,102],[24,37],[3,64],[53,44],[12,64],[26,70],[47,22],[90,4],[26,20],[2,58],[33,70],[30,38],[13,50],[22,33],[45,28],[44,102],[37,35],[52,-7],[12,48],[22,17],[58,-4],[37,22],[62,1],[17,14],[12,65],[33,24],[8,33],[-22,87],[8,97],[-14,25],[9,95],[41,47],[-53,78],[20,183],[39,60],[86,82],[15,30],[-5,85],[0,152],[7,40],[34,46],[6,94],[-11,75],[77,51],[63,72],[19,34],[2,43],[16,72],[0,55],[-19,37],[-81,66],[-36,21],[-18,29],[37,93],[17,18],[23,101],[59,62],[57,84],[-24,33],[11,45],[-34,104],[-23,33],[-49,26],[-32,52],[-29,25],[18,62],[51,35],[5,40],[-101,201],[7,148],[-33,70],[12,50],[-31,39],[0,84],[15,51],[-59,56],[-12,49],[3,55],[43,64],[34,146],[27,47],[4,42],[-8,80],[53,47],[-15,61],[-55,73],[-56,93],[-24,153],[21,76],[19,26],[83,58],[-2,77],[56,152],[52,37],[9,37],[25,29],[60,18],[56,42],[31,175],[77,-14],[43,5],[40,37],[43,74],[61,1],[97,50],[48,16],[44,144],[27,34],[99,79],[81,38],[124,5],[82,94],[87,23],[46,42],[-7,42],[-51,35],[-17,49],[-83,118],[-145,114],[-47,55],[-16,56],[-37,61],[-27,24],[-58,29],[-35,41],[-28,123],[-51,74],[-48,47],[-71,56],[-33,107],[7,30],[38,45],[25,99],[34,97],[60,90],[2,33],[-16,53],[-88,99],[-53,104],[-38,25],[-51,56],[-70,32],[-101,73],[15,120],[-25,78],[24,89],[-20,75],[-43,41],[-15,29],[-12,73],[-21,209],[-12,28],[99,47],[115,21],[106,-9],[103,25],[22,23],[4,93],[92,44],[14,35],[-26,80],[96,44],[87,1],[31,178],[63,136],[-39,76],[85,16],[52,55],[69,40],[116,46],[15,29],[63,37],[58,12],[95,5],[43,15],[54,40],[101,51],[91,86],[39,44],[33,56],[61,73],[27,75],[13,64],[29,92],[-5,110],[19,36],[41,14],[49,59],[57,42],[-16,83],[9,107],[24,53],[2,42],[-24,134],[6,80],[-42,65],[-52,134],[-5,87],[-19,57],[-168,109],[-120,105],[-12,48],[8,27],[42,36],[17,54],[8,95],[57,43],[3,30],[-23,82],[0,52],[27,84],[-15,65],[44,36],[15,29],[-45,63],[3,22],[35,33],[65,-20],[26,2],[35,49],[53,53],[-3,80],[17,23],[81,13],[68,25],[41,33],[-21,77],[9,29],[75,65],[34,48],[62,1],[19,11],[4,78],[17,116],[43,59],[1,64],[42,47],[96,197],[58,74],[13,33],[19,120],[19,29],[62,42],[53,96]],[[69530,28875],[-73,-36],[-26,-28],[-89,-135],[-101,-194],[-38,-100],[-6,-33],[-47,-144],[-21,-127],[-18,-73],[-16,-130],[73,-53],[20,-24],[1,-34],[69,-57],[0,-10],[72,-8],[0,-91],[-7,85],[-64,7],[-59,-35],[-5,-29],[99,-18],[-8,-6],[-95,18],[-39,-108],[-6,-95],[14,-137],[43,-38],[34,-4],[51,26],[45,-15],[75,-9],[79,5],[37,-32],[-3,-28],[-44,-33],[-34,18],[-90,16],[-65,-9],[-25,-41],[-87,-81],[-93,20],[-37,-72],[-21,-113],[0,-59],[16,-97],[40,-47],[61,15],[97,-31],[13,15],[40,-10],[66,23],[7,-48],[-34,-54],[10,-78],[-53,-37],[-14,-28],[-43,26],[-68,-50],[-75,0],[-26,29],[-25,95],[-83,50],[-61,-8],[-28,7],[-38,49],[-4,41],[-46,28],[-71,-22],[-119,-75],[-40,-40],[-117,-151],[-65,-138],[-28,-104],[-7,-83],[14,-64],[50,-29],[37,-2],[18,-73],[-9,-42],[-34,-37],[-33,-4],[-63,-87],[-5,4],[62,89],[-19,9],[-124,-63],[-1,-24],[-59,-22],[-15,-20],[-29,36],[-66,-2],[-38,-40],[-20,25],[-5,39],[-86,34],[-97,112],[-8,81],[40,37],[64,27],[26,21],[1,77],[-51,111],[-69,106],[-49,46],[-90,11],[-8,-14],[-21,-175],[-79,5],[-137,-27],[-1,8],[136,26],[10,98],[-140,13],[-42,-49],[69,103],[-99,14],[-51,-22],[19,-100],[-8,-2],[-19,100],[-64,-55],[15,-15],[-56,-52],[39,-38],[82,18],[67,-72],[-5,-5],[-65,70],[-82,-19],[-70,69],[-225,-321],[-21,-24],[-108,-189],[-4,9],[47,78],[-127,51],[-29,-61],[-31,3],[-7,-27],[49,-23],[-132,41],[49,-7],[8,24],[-91,16],[-17,-74],[-110,-210],[-195,-478],[-191,-474],[-10,-30],[14,-36],[58,-24],[6,-48],[50,-22],[32,7],[29,-13],[13,-46],[46,-55],[58,-42],[84,-28],[60,-51],[38,-15],[30,-41],[-34,-26],[-58,-9],[-70,-34],[-50,-12],[-113,-11],[-18,6],[-22,-34],[-10,13],[24,30],[-48,17],[-10,-20],[-48,-13],[-32,-55],[-18,-128],[3,-91],[9,-44],[28,-46],[72,-3],[39,21],[51,-21],[20,-33],[-16,-49],[21,-24],[-2,-26],[-33,-30],[-5,-27],[9,-142],[16,-90],[24,-44],[80,13],[15,-48],[-15,-18],[18,-47],[65,-78],[43,-27],[67,-2],[21,23],[6,43],[31,38],[66,26],[32,-63],[-28,-27],[1,-23],[-48,-40],[-49,6],[-19,-12],[-3,-64],[24,-50],[33,-28],[32,-1],[13,34],[28,-18],[56,26],[42,-30],[34,5],[21,20],[119,58],[36,-36],[24,11],[21,-18],[-23,-69],[35,0],[45,-42],[10,-31],[-14,-46],[-32,19],[-36,-21],[-19,-47],[-59,-14],[-35,4],[-11,-52],[29,-28],[28,8],[13,-40],[-59,-21],[-14,-39],[25,-64],[-47,-11],[-78,3],[-31,-33],[-19,-76],[2,-38],[-71,39],[-16,48],[-45,44],[-18,-5],[-14,42],[-9,94],[-22,48],[-63,85],[-106,105],[-76,7],[-53,58],[-5,35],[-80,68],[-69,25],[-53,-17],[-45,10],[-29,35],[-86,15],[-18,-21],[-50,18],[8,54],[-32,114],[-47,68],[-1,69],[-24,55],[-43,36],[23,32],[-3,32],[-25,51],[8,47],[-26,76],[-40,77],[-86,106],[-23,20],[-44,-5],[-17,30],[12,69],[-19,38],[0,39],[20,19],[-7,53],[-39,83],[-57,70],[-62,48],[-158,33],[-23,-12],[-30,31],[-62,20],[-33,0],[-31,30],[-122,22],[-73,-3],[-118,40],[-66,38],[-5,29],[-141,22],[-355,-178],[-158,-51],[-136,-40],[1,-19],[-46,-41],[-23,22],[22,18],[-25,26],[-40,-8],[11,-38],[-61,-15],[-10,10],[-58,-84],[-67,-51],[-62,-9],[-39,-96],[-79,-48],[-80,-33],[-122,-83],[-51,-55],[-56,-109],[-37,-59],[-90,-73],[8,-17],[-36,-26],[-13,14],[-62,-42],[67,-133],[35,-82],[37,0],[16,-45],[-5,-24],[19,-28],[74,-45],[18,-22],[0,-45],[-55,-22],[-27,-74],[-61,-15],[-19,52],[-86,23],[-107,-61],[-44,-41],[-93,-279],[429,-123],[65,210],[6,7],[-202,-654],[-252,-270],[-57,14],[-30,-99],[64,-41],[24,-38],[-31,-32],[5,-58],[145,-151],[21,-33],[37,21],[-14,36],[47,-73],[45,-1],[-5,-16],[-67,-17],[8,-47],[-31,-14],[31,-37],[78,-58],[146,-85],[42,19],[10,40],[39,-42],[-52,-84],[-4,-18],[35,-100],[39,-79],[68,-44],[32,-104],[-61,-35],[22,-22],[51,3],[31,-18],[-9,-50],[-62,-69],[-17,-64],[-26,-31],[-75,-24],[-39,-37],[2,-21],[-61,-37],[-72,-5],[-98,24],[-52,25],[-150,-10],[16,-87],[-6,-1],[-17,88],[-111,-4],[-60,117],[-24,-2],[-1,-45],[-22,34],[-19,-3],[-6,-42],[-3,-184],[114,-66],[-2,-18],[-277,-3],[1,252],[-201,-1],[-154,67],[-5,-11],[-140,-14],[158,8],[92,-39],[-18,-87],[5,-311],[34,-18],[-16,-108],[-101,-144],[-93,56],[81,117],[-93,59],[-175,-35],[19,-17],[14,-94],[15,-47],[24,10],[9,-30],[69,-45],[33,-42],[0,-50],[-45,-32],[10,-18],[-123,-60],[-76,-83],[1,-26],[-106,-52],[-28,9],[-22,46],[-129,-43],[-96,-38],[-246,-113],[-11,-27],[-36,3],[-31,-102],[19,-14],[-11,-84],[54,-8],[35,-190],[43,-202],[-6,-8],[-374,-70],[-16,-19],[-47,-17],[-7,-30],[4,-86],[63,-56],[36,-53],[111,35],[5,-13],[-113,-44],[28,-16],[31,-48],[-6,-16],[61,-105],[1,-31],[90,-44],[-2,-15],[49,-10],[65,-32],[7,-13],[-30,-46],[26,-47],[153,-234],[-26,-28],[43,-35],[94,35],[11,-47],[37,16],[81,-53],[28,-40],[-3,-151],[-12,-39],[-22,-21],[-49,-20],[13,-39],[-24,-9],[12,-35],[-11,-191],[-87,4],[-3,-32],[45,-33],[26,-34],[31,-90],[61,-106],[7,-72],[-12,-11],[-8,-71],[-24,-13],[-76,-15],[-125,-5],[-93,-25],[3,-32],[-29,-4],[-8,27],[-55,22],[-49,0],[-70,-39],[-67,-75],[13,-54],[-1,-81],[13,-58],[-103,0],[-27,-27],[-26,-54],[-44,-20],[-24,25],[-55,25],[-83,-18],[-28,24],[-16,60],[19,53],[-43,52],[-58,30],[-93,-19],[-1,7],[93,19],[-20,34],[73,66],[-96,100],[-116,-102],[-14,11],[32,33],[-140,147],[-139,15],[-29,-63],[-128,-33],[-13,-63],[16,-1],[27,-81],[92,-106],[34,3],[57,-44],[159,20],[-35,-12],[6,-40],[-119,-141],[-718,-91],[-13,-17],[-53,-7],[-65,41],[-34,78],[-23,31],[-126,37],[-21,-47],[27,90],[-7,5],[-215,55],[-14,-21],[20,-17],[-19,-81],[-25,-2],[-13,-51],[-201,42],[-84,-43],[-43,15],[-65,59],[-33,12],[-78,-5],[-82,38],[-139,133],[-30,6],[-103,115],[-193,143],[-27,7],[-84,46],[5,19],[-51,20],[-42,-24],[33,38],[-32,12],[-14,-16],[-89,26],[-47,-30],[-18,18],[4,47],[-40,-13],[23,-74],[-62,-15],[-92,0],[-162,-10],[-27,-17],[-12,19],[-93,13],[-70,-6],[-122,22],[-51,18],[-59,10],[-148,-5],[-58,-13],[-75,-39],[-45,-13],[-92,11],[-171,-21],[-78,5],[-87,29],[-72,39]],[[67119,20934],[-12,25],[12,97],[40,-6],[25,21],[49,110],[111,59],[16,77],[28,35],[46,-8],[40,48],[7,64],[17,17],[47,-7],[27,19],[64,19],[-82,-40],[25,-9],[90,17],[37,20],[51,69],[-24,-46],[10,-21],[45,38],[-6,49],[-16,-7],[9,49],[64,48],[15,-6],[73,61],[35,17],[45,59],[6,35],[29,30],[34,11],[13,-16],[119,-6],[116,29],[19,27],[37,9],[9,-63],[69,-27],[55,32],[-12,30],[29,16],[23,-34],[38,3],[7,-21],[-120,-68],[-34,-51],[-20,-64],[-63,-143],[-14,-15],[-97,-5],[-54,-18],[-35,-104],[-4,-46],[10,-76],[53,-45],[-16,-42],[-51,-54],[17,-65],[6,-65],[-22,-44],[-71,-66],[-59,-63],[-64,-49],[-24,-65],[-159,88],[-94,-45],[-99,5],[-67,-19],[-25,21],[-12,46],[-33,40],[-8,39],[-32,35],[-22,47],[-66,10],[-200,-42]],[[59194,12594],[-12,53],[-24,15],[-4,45],[71,62],[-4,32],[24,40],[53,18],[24,-7],[42,33],[33,3],[55,36],[68,12],[27,-10],[80,-121],[13,-38],[23,-140],[-137,4],[-94,-2],[-238,-35]],[[67900,22551],[33,-10],[44,17],[21,-23],[5,-50],[-17,-26],[-44,-7],[-51,-38],[2,-33],[-33,3],[-38,35],[2,39],[78,51],[-2,42]],[[63211,21405],[-5,-29],[-46,-16],[-23,31],[27,50],[42,-19],[5,-17]],[[68589,25973],[-24,-28],[-26,3],[-6,26],[29,33],[27,-34]],[[66989,22361],[17,20],[34,-13],[-16,-43],[-21,-4],[-14,40]],[[62587,22737],[50,150],[270,-76],[1,-5],[-270,75],[-51,-144]],[[63097,21549],[8,-24],[-21,-22],[-20,24],[19,53],[14,-31]],[[60995,19197],[-12,-62],[-68,-78],[-5,5],[66,77],[19,58]],[[16320,19071],[-50,90],[11,101],[-3,33],[-52,68],[19,73],[43,70],[41,48],[100,72],[84,32],[-24,126],[-30,66],[16,68],[16,21],[218,173],[9,33],[-22,25],[-5,48],[44,79],[210,110],[37,38],[51,93],[60,67],[26,95],[-6,210],[50,131],[20,76],[-4,34],[-111,160],[-1,62],[40,79],[0,52],[-88,184],[-56,91],[-57,67],[-24,7],[-122,-12],[-58,16],[-46,-4],[-63,-53],[-57,-28],[-117,-1],[-74,-46],[-32,-6],[-112,33],[-59,5],[7,110],[-4,53],[14,84],[7,154],[90,70],[34,51],[-6,96],[39,40],[42,13],[102,-25],[51,-44],[53,11],[25,59],[-12,31],[-60,64],[-30,71],[-11,71],[-43,68],[-19,52],[3,39],[37,95],[-6,46],[-102,208],[-17,65],[8,54],[17,26],[94,36],[27,25],[15,106],[85,132],[10,50],[-11,158],[31,91],[21,27],[98,46],[23,82],[119,157],[60,41],[23,33],[13,69],[28,71],[-64,112],[-24,164],[-7,88],[-59,132],[-42,63],[-78,163],[-18,25],[-36,12],[-57,-14],[-43,0],[-27,17],[-59,100],[11,42],[54,69],[-1,42],[-19,41],[-3,50],[24,75]],[[16549,25624],[89,36],[61,63],[80,54],[93,47],[63,17],[87,0],[51,-28],[63,-57],[54,-9],[66,-54],[31,-55],[64,-81],[57,-62],[47,-34],[46,-75],[42,-24],[51,30],[51,99],[40,24],[79,-1],[63,25],[70,-2],[84,42],[9,80],[-7,78],[-12,50],[41,25],[27,-2],[75,36],[9,26],[-18,38],[3,44],[65,13],[87,-48],[55,-17],[48,13],[133,77],[38,48],[42,6],[30,-21],[28,6],[37,36],[38,75],[38,16],[48,-1],[32,-55],[55,-15],[28,13],[56,3],[77,-45],[30,11],[88,102],[32,78],[55,68],[98,38],[39,51],[59,52],[34,51],[33,20],[150,11],[55,-10],[93,0],[145,111],[88,53],[23,34],[93,265],[28,54],[28,26],[77,24],[49,23],[90,72],[50,26],[52,4],[42,15],[55,66],[20,2],[19,38],[52,39],[102,47],[105,-22],[63,37],[88,25],[34,-29],[54,2],[31,17],[63,141],[9,78],[19,6],[46,-19],[69,-14],[58,50],[60,31],[40,1],[17,40],[2,97],[18,180],[14,38],[34,37],[10,28],[-36,94],[-7,116],[-19,48],[-43,48],[-74,118],[-1,41],[18,39],[58,37],[79,40],[27,44],[64,31],[11,17],[-38,49],[-86,64],[-27,42],[43,207],[-6,53],[-39,89],[-14,73],[21,45],[39,34],[202,134],[41,73],[101,64],[47,37],[0,90],[15,50],[46,82],[5,39],[-39,107],[-29,60],[-12,101],[11,72],[34,27],[33,56],[40,32],[18,39],[-5,110],[30,35],[72,23],[128,11],[44,-6],[76,-26],[35,2],[144,106],[42,8],[104,-24],[46,7],[52,60],[51,18],[48,-9],[108,-57],[50,-14],[88,9],[38,53],[-6,68],[14,54],[-21,141],[6,76],[64,14],[77,36],[64,84],[79,122],[63,124],[22,27],[64,8],[74,-13]],[[23790,31592],[106,-18],[114,-28],[115,-21],[105,13],[38,24],[28,35],[42,94],[45,29],[135,50],[88,13],[138,33],[66,52],[111,123],[52,34],[69,-3],[125,-44],[30,-5],[71,-36],[101,-61],[68,-20],[108,-71],[19,-33],[17,-68],[48,-65],[80,-57],[43,0],[80,43],[30,-12],[93,-196],[66,-146],[44,-66],[51,-151],[18,-69],[27,-27],[111,-69],[55,-17],[93,16],[68,22],[26,-2],[142,-74],[115,-130],[51,-83],[26,-67],[-10,-63],[8,-55],[38,-96],[-1,-30],[26,-44],[39,-12],[139,3],[37,-19],[47,-59],[68,-27],[81,8],[166,-83]],[[27486,30057],[130,-12],[33,-9],[35,-30],[-4,-64],[-29,-26],[-37,-7],[-27,-24],[-1,-115],[-22,-45],[-48,-29],[-43,-98],[-113,-126],[-107,-64],[-17,-48],[-90,-99],[44,-119],[13,-50],[-17,-54],[-71,-32],[-6,-148],[-38,-83],[-73,-55],[-168,-101],[-15,-40],[35,-69],[-23,-48],[-81,-58],[-39,-48],[-20,-45],[-2,-56],[16,-27],[37,-21],[-10,-36],[-27,-39],[-19,-90],[28,-95],[14,-120],[9,-31],[53,-66],[-7,-58],[-18,-8],[-75,8],[-41,-34],[-24,-75],[3,-117],[45,-72],[-18,-48],[-60,-57],[-50,-32],[-13,-31],[-5,-74],[5,-60],[-26,-79],[-24,-36],[-53,-47],[-67,-4],[-24,-12],[-58,-114],[-8,-56],[-71,-96],[-80,-67],[-35,-4],[-27,36],[-66,-72],[-79,-39],[-66,-13],[-80,-93],[-32,-5],[-84,20],[-123,-8],[-42,24],[-79,22],[-52,64],[-67,7],[-126,-53],[-71,-38],[-61,5],[-80,42],[-7,20],[24,46],[-19,5],[-23,-51],[-76,0],[-32,-38],[27,-127],[28,-30],[9,-35],[-12,-26],[-52,-62],[2,-58],[22,-37],[93,-19],[84,-55],[54,-51],[53,-66],[41,-9],[109,11],[-7,-28],[-62,-51],[-80,-37],[-19,-24],[35,-54],[9,-135],[19,-49],[-6,-26],[-39,-35],[-60,-77],[5,-78],[-10,-57],[9,-69],[-19,-56],[14,-78],[0,-86],[-20,-38],[-57,-55],[-1,-25],[75,-75],[85,-17],[37,0],[71,-61],[39,-69],[47,-132],[1,-85],[19,-82],[164,-175],[22,-29],[36,-21],[39,-6]],[[25618,24064],[-3,-49],[-50,-70],[-9,-60],[3,-122],[-12,-39],[-56,-60],[-56,0],[-32,-18],[-19,-52],[-42,-35],[-9,-30],[16,-72],[18,-181],[-10,-40],[17,-80],[-8,-45],[-29,-40],[-38,-5],[-19,19],[-62,14],[-51,-6],[-76,4],[4,-47],[57,-36],[27,-41],[31,-76],[39,-33],[8,-46],[-9,-45],[-30,-67],[-29,-29],[-35,-60],[-4,-41],[24,-105],[-10,-34],[-44,-93],[-43,-16],[-95,-18],[-119,-113],[-25,-29],[-110,-48],[-50,-32],[-101,-36],[-61,-110],[-95,-67],[0,-128],[-10,-107],[-43,-42],[-106,-118],[-101,-158],[-122,-176],[-74,-118],[-117,-167],[-23,-41],[5,-19],[240,-77],[76,-21],[81,-35],[124,-46],[111,-35],[36,-95],[36,-35],[35,0],[176,45],[21,-1],[48,-53],[84,-68],[62,-13],[25,5],[38,50],[24,3],[49,-29],[112,-47],[77,-15],[97,-71],[33,-17],[3,-30],[103,4],[123,14],[101,88],[108,42],[70,-7],[34,7],[36,56],[71,1],[188,-57],[60,30],[177,9],[46,12],[67,46]],[[26602,20461],[51,1],[20,-15],[16,-60],[19,-31],[8,-49],[-39,-79],[-7,-58],[69,-53],[26,-63],[-7,-32],[-121,-89],[-41,-47],[151,11],[85,-61],[112,2],[54,-18],[69,-55],[46,-59],[69,16],[78,-19],[42,-29],[19,-31],[21,-87],[49,-51],[3,-27],[-50,-81],[-2,-80],[18,-189],[-2,-95],[19,-43],[58,-45],[28,-136],[44,-81],[40,-117],[-52,-41],[7,-23],[79,-95],[-9,-53],[3,-96],[-8,-53],[36,-122],[36,-90],[54,-103],[100,-144],[5,-35],[-17,-134],[-15,-58]],[[27766,17564],[-34,-1],[-11,18],[-79,-10],[-54,4],[-103,-15],[-96,6],[-56,36],[-84,38],[-237,93],[-269,59],[-45,18],[-100,2],[-80,-41],[-4,25],[-44,-8],[-105,-53],[-37,-35],[2,-27],[32,-3],[-80,-166],[71,-36],[-179,81],[-29,-11],[-60,-59],[-94,-69],[-22,-55],[-22,52],[-26,8],[-69,-10],[-196,-127],[-22,-28],[-52,-3],[-49,27],[-64,-8],[-40,-20],[-86,-67],[-41,-10],[-89,7],[-121,-13],[-91,-44],[-84,21],[-62,-18],[-66,-32],[-67,49],[-44,50],[-74,56],[-56,31],[-71,123],[-81,119],[-62,61],[-47,19],[-48,52],[-28,44],[12,14],[-56,69],[-90,78],[-42,26],[-96,117],[-62,38],[-19,38],[60,21],[-45,81],[17,16],[-12,38],[-33,51],[7,86],[-18,96],[-41,139],[13,63],[-3,68],[-19,69],[-24,-18],[-213,126],[-41,8],[-128,-4],[-32,4],[-12,-135],[21,-142],[22,-36],[15,-73],[-8,-39],[-42,-9],[-73,29],[-35,-5],[-53,10],[-77,70],[-4,55],[36,41],[-38,42],[-18,-9],[-79,59],[2,14],[-105,91],[-55,25],[-10,-7],[-39,51],[-3,71],[34,57],[-12,61],[-18,24],[40,13],[-7,18],[55,20],[-31,82],[-42,-15],[-20,34],[-252,647],[0,45],[39,36],[86,30],[16,15],[-1,40],[-167,-48],[-45,16],[-467,590],[-122,153],[89,89],[74,87],[-70,71],[12,41],[-31,31],[-54,4],[-57,-57],[-48,-15],[15,-53],[-63,-14],[-25,9],[-10,40],[-88,-20],[-51,10],[-29,-22],[-56,67],[-46,127],[31,1],[81,124],[-68,60],[4,12],[-57,73],[-30,-6],[-34,58],[11,18],[76,64],[-24,0],[-60,29],[-42,-39],[-22,12],[-30,-32],[-10,-76],[14,1],[2,-55],[-16,-1],[10,-131],[18,-50],[-61,-43],[-26,11],[-344,246],[1,49],[-27,43],[-59,-31],[-223,163],[-15,0],[-43,56],[-10,33],[-2,116],[-29,66],[-39,20],[-93,17],[-7,82],[50,40],[-83,97],[-29,-20],[-68,198],[14,4],[-27,64],[-48,0],[-3,25],[-25,-2],[-97,49],[-67,49],[-32,-19],[-57,-15],[-32,-39],[-31,-16],[21,-36],[124,6],[245,-400],[57,-7],[29,-31],[-8,-27],[-49,-12],[-8,-93],[-16,-55],[-22,1],[-28,-44],[79,-39],[6,-17],[57,-35],[231,-163],[332,-239],[62,-41],[18,-1],[188,-133],[21,-40],[374,-472],[407,-511],[207,-362],[13,0],[26,-47],[-7,-10],[131,-229],[23,-17],[69,-121],[31,-36],[26,-65],[42,-209],[64,-61],[29,-49],[47,-12],[56,6],[86,-67],[28,-55],[10,4],[24,-74],[-21,-127],[2,-21],[37,-94],[-4,-56],[27,7],[17,-66],[21,-23],[2,-44],[32,-8],[46,-39],[202,-82],[59,-31],[60,97],[95,-34],[33,6],[5,-34],[119,-68],[11,16],[25,-23],[36,-142],[50,-101],[9,-64],[-47,-145],[-19,-108],[-24,-59],[-17,-85],[-16,-38],[-105,-199],[-65,-175],[4,-140],[-18,-78],[15,-66],[33,-47],[147,-100],[24,-35],[35,-132],[3,-104],[-26,-44],[-104,-82],[-92,-29],[-34,-43],[-45,-82],[-83,0],[-159,-87],[-73,-7],[-102,-26],[-76,-9],[-72,-42],[-48,-17],[-61,-2],[-135,-19],[-74,-4],[-71,21],[-67,49],[-31,40],[-25,-15],[-45,23],[-171,146],[-62,38],[-40,-28],[62,-108],[-168,7],[-22,21],[9,-67],[22,-28],[158,-72],[-2,-4],[-158,73],[-23,28],[-21,153],[-98,4],[-113,-24],[-42,-33],[-22,-45],[-35,44],[-55,39],[-31,10],[-40,-11],[4,-20],[-49,-9],[-4,23],[-35,29],[-45,-17],[-56,-74],[-12,-32],[0,-80],[-28,-36],[-72,-32],[-79,-52],[-35,-40],[-73,-111],[-122,-216],[-5,-32],[-51,-77],[-21,0],[-53,-69],[-51,-30],[-42,-12],[-47,-30],[-76,-76],[-95,-4],[-22,-35],[-90,-32],[-7,-29],[-49,-24],[-52,-3],[-37,15],[-108,-7],[-30,38],[-85,43],[-39,-26],[-33,26],[-74,25],[-74,33],[-74,-1],[-8,-27],[-70,-59],[-66,18],[-6,53],[-20,24],[-78,41],[-149,58],[-83,-13],[-56,-73],[0,-23],[-90,-43],[-43,0],[-97,-53],[-8,57],[-35,66],[-2,92],[-13,22],[4,98],[13,57],[1,62],[-35,78],[6,106],[16,20],[14,71],[41,110],[34,51],[-31,15],[-1,20],[-57,27],[8,15],[98,-44],[15,29],[76,89],[56,80],[63,39],[22,27],[118,77],[67,12],[120,-9],[57,10],[121,42],[26,44],[-5,62],[12,43],[-36,24],[-53,-12],[9,18],[33,1],[59,-15],[39,42],[54,23],[64,-2],[44,13],[75,74],[37,10],[183,-26],[33,5],[44,34],[75,99],[31,61],[6,61],[-5,62],[-47,61],[-395,461],[-93,106],[-83,-51],[51,-75],[8,1],[-305,-188],[-59,76],[-1095,-677],[-42,-24],[-432,-266],[-585,7],[-2,274],[5,262],[-3,86],[6,449],[8,610],[-3,6],[-118,1],[-1,53],[-13,0],[-3,-48],[5,376],[15,-35],[4,361],[-47,10],[-497,5],[-187,183],[0,61],[-22,45]],[[22640,9219],[49,51],[80,-6],[26,18],[14,48],[-1,62],[57,162],[161,151],[147,12],[92,55],[30,-11],[18,-114],[55,3],[38,-78],[-31,2],[2,-32],[37,-63],[-46,-3],[-7,-36],[26,-26],[62,-11],[173,-3],[-11,83],[126,15],[99,119],[28,-22],[50,41],[-29,27],[-22,-16],[-27,66],[-19,7],[-160,-18],[0,5],[157,16],[-19,75],[1,60],[17,42],[53,14],[72,-10],[-8,-14],[16,-61],[25,6],[-23,37],[0,30],[82,-6],[62,12],[25,18],[34,69],[-19,56],[49,43],[62,-4],[-6,-29],[104,-54],[23,1],[52,33],[-55,32],[137,144],[-36,59],[21,113],[-6,143],[-23,1],[17,28],[-46,42],[114,180],[30,-17],[21,34],[57,7],[180,-19],[71,11],[11,-52],[35,15],[-30,7],[-3,45],[50,69],[10,1],[92,-59],[59,4],[46,44],[28,9],[34,-25],[14,-63],[44,-39],[81,-25],[32,-21],[50,-66],[8,-29],[-18,-69],[45,-67],[61,-60],[32,-55],[75,-82],[53,-109],[18,-129],[7,-18],[92,-100],[51,17],[7,24],[-40,72],[27,31],[-3,70],[14,26],[25,-4],[36,-41],[54,-40],[72,-3],[55,7],[53,44],[-5,90],[61,53],[42,-26],[35,14],[48,-11],[-15,-93],[-19,-54],[30,-41],[10,-57],[35,-56],[-38,-7],[-38,49],[1,14],[-49,48],[-65,-4],[-75,-37],[-85,-90],[26,-43],[2,-53],[-48,-79],[-33,-13],[-22,35],[-71,72],[-56,-9],[9,-22],[-78,6],[-31,-52],[-67,-57],[-32,-97],[43,-77],[-11,-55],[20,-99],[-26,-69],[-35,-39],[-43,-26],[-74,-82],[-51,-75],[6,-88],[-6,-33],[-87,-135],[-56,-46],[-24,-9],[-51,-76],[-31,19],[-9,-85],[-24,-53],[43,-124],[-23,-98],[-1,-77],[45,-20],[67,17],[27,-22],[178,-180],[66,15],[88,2],[27,10],[44,41],[29,-2],[17,51],[43,-4],[52,-20],[32,1],[35,-41],[19,-45],[86,-60],[70,-11],[30,50],[34,18],[51,-17],[77,17],[50,46],[0,37],[25,50],[84,13],[10,-9],[43,21],[27,-19],[-8,-18],[24,-35],[-58,-92],[-97,-33],[-60,-68],[-16,1],[13,-69],[61,-90],[1,-64],[109,-160],[55,-34],[3,-31],[-23,-58],[-25,-35],[-61,-21],[-16,-21],[-9,-89],[-12,-40],[20,-56],[-23,-11],[-77,7],[-40,-8],[-66,59],[-76,13],[-99,-69],[-67,44],[-99,6],[-40,-8],[-24,38],[-73,45],[-120,53],[-82,26],[-69,7],[-74,-11],[-35,-30],[-15,-57],[6,-24],[-53,-74],[-44,-32],[-24,-35],[-93,35],[-30,30],[-73,41],[-114,47],[0,43],[-58,40],[-63,66],[-42,21],[-33,30],[-22,-3],[-65,46],[-2,39],[-29,47],[-52,6],[-76,105],[29,20],[-85,108],[-79,51],[-56,11],[-7,-14],[-91,-30],[-36,-52],[-21,-11],[-60,-1],[-64,36],[-4,32],[-38,64],[9,35],[-25,73],[-80,121],[-25,23],[-26,-19],[-8,34],[-57,82],[-42,20],[-76,85],[-68,19],[-87,-78],[-66,2],[-74,93],[-55,21],[-75,46],[-41,41],[-26,-5],[-37,60],[-75,39],[-27,-6],[-30,16],[-6,26],[-75,78],[-109,42],[-42,2],[-45,24],[-62,-18],[-22,39],[16,26],[-26,61],[-37,48],[-8,50],[28,17],[-4,125],[17,44]],[[21776,10623],[-8,52],[25,26],[-11,60],[-21,19],[-13,67],[-32,63],[-19,-6],[-70,74],[-27,18],[0,27],[40,67],[0,15],[57,58],[-28,21],[1,36],[29,35],[-21,17],[-19,77],[-87,16],[14,36],[44,22],[33,-48],[36,-17],[51,10],[44,22],[34,0],[37,25],[13,-9],[105,-8],[31,-18],[14,-58],[40,-11],[76,11],[64,26],[27,0],[94,110],[61,88],[44,94],[10,40],[-7,33],[56,41],[96,39],[3,31],[42,19],[15,-8],[-8,-40],[65,-21],[29,-27],[-49,-97],[48,-48],[-8,-6],[-39,46],[-30,-60],[64,-78],[101,38],[24,50],[12,113],[32,70],[-5,19],[22,42],[-19,21],[19,39],[2,55],[24,19],[7,42],[-15,26],[-26,-2],[-9,37],[31,63],[64,44],[47,-8],[30,20],[13,76],[-4,28],[62,35],[62,0],[61,24],[50,-14],[34,28],[40,4],[114,-31],[64,-3],[24,-34],[-30,-32],[30,-25],[-20,-46],[-77,-64],[-31,-6],[-39,-49],[-64,-34],[-24,-39],[10,-71],[23,-96],[30,-25],[33,17],[26,-8],[29,-45],[-5,-18],[-38,-12],[-10,-25],[-41,-38],[71,-80],[2,-251],[-5,0],[-2,190],[-24,0],[-1,27],[-118,0],[2,-210],[-27,-4],[-22,-85],[47,-60],[10,-36],[-22,-17],[24,-79],[29,-54],[37,-92],[30,-50],[26,-3],[-8,-72],[17,-43],[-27,-53],[9,-42],[50,-34],[-2,-45],[-30,-61],[-73,-19],[-53,2],[-20,22],[-99,21],[-88,-5],[-17,-52],[-84,-29],[-30,-68],[-22,-9],[-11,-135],[-28,-85],[-56,-33],[-18,-32],[14,-30],[-35,-51],[-42,0],[-77,-89],[-15,3],[-77,-48],[-5,-43],[-87,-80],[-18,-29],[-3,-45],[-29,-32],[-54,-21],[-32,-39],[-3,-29],[-46,-7],[-29,36],[-95,15],[-15,-8],[-46,67],[-6,65],[17,26],[-37,61],[-18,-7],[-87,39],[19,18],[-87,93],[-27,38],[32,73],[-4,40],[-30,58],[37,14],[16,104],[-4,42],[-24,70],[-32,44],[-30,-6],[-27,40],[18,28],[-21,29],[-59,0],[-24,39],[-3,32]],[[27156,5706],[13,44],[76,13],[74,35],[24,-21],[29,11],[41,54],[8,42],[-30,36],[-20,48],[-2,52],[17,18],[79,32],[66,40],[36,-2],[42,41],[0,21],[45,46],[31,53],[23,78],[63,38],[5,30],[31,-10],[22,-30],[1,-44],[-16,-24],[19,-75],[42,-75],[-5,-61],[22,-35],[64,-28],[34,37],[160,-32],[183,130],[3,-4],[-144,-99],[22,-71],[-37,-6],[-14,-49],[71,5],[76,16],[29,19],[8,36],[-29,17],[70,62],[13,-7],[62,46],[11,51],[-13,53],[-53,-4],[-6,87],[17,112],[23,13],[-16,38],[35,75],[0,41],[20,31],[30,4],[9,22],[130,2],[9,-34],[98,5],[38,39],[32,13],[64,52],[68,71],[2,21],[39,18],[49,-10],[57,10],[95,-59],[38,0],[51,-55],[4,-30],[28,-20],[60,-68],[4,-28],[-39,-75],[11,-63],[30,-72],[-3,-39],[-81,-29],[-112,8],[-40,-8],[-63,-32],[-44,28],[-137,8],[-65,-10],[-66,-34],[-38,-70],[-24,-68],[-13,-100],[-39,-32],[-55,-100],[2,-94],[-101,-28],[-37,-31],[-28,-104],[14,-109],[-15,-17],[-85,7],[-50,-16],[-44,-34],[-20,-30],[-60,-28],[-62,21],[-45,-4],[-47,-24],[-16,-91],[-112,-24],[-20,6],[-48,-16],[-13,-67],[-18,-45],[-28,20],[-47,1],[-72,62],[-14,47],[-43,51],[-85,-6],[-45,5],[-6,35],[-43,3],[-41,38],[-18,42],[-73,5],[-49,22],[-30,29],[17,43],[24,8],[-13,43],[-58,32],[-27,35],[4,24]],[[21120,13161],[-20,23],[-13,135],[1,46],[72,103],[37,69],[-5,54],[-33,37],[1,20],[55,1],[34,25],[5,66],[-17,103],[-28,29],[5,39],[38,18],[56,-13],[8,-26],[-4,-61],[-19,-19],[38,-22],[49,-11],[4,22],[36,7],[5,-25],[33,12],[18,40],[-24,19],[8,74],[8,-5],[136,69],[47,60],[21,65],[70,36],[91,-66],[19,-31],[34,-24],[14,-29],[65,-27],[59,-5],[85,21],[51,27],[37,59],[-28,85],[38,70],[7,54],[-14,37],[8,20],[44,8],[4,-53],[29,-56],[63,-68],[72,-35],[74,-11],[107,61],[15,90],[27,15],[12,30],[49,-14],[21,-73],[-37,-91],[-37,-34],[-25,-4],[-33,-38],[21,-66],[-45,-62],[-78,-62],[-5,-49],[23,-34],[46,-1],[36,-28],[0,-64],[-10,-28],[-34,-16],[-46,-1],[-59,-27],[-34,-61],[-18,-7],[-38,-71],[-47,-24],[-45,13],[-21,-14],[-48,-77],[-56,-25],[-56,30],[-31,-10],[-72,4],[-54,-8],[4,-19],[-71,-18],[-26,-38],[-153,-63],[-33,-58],[-48,30],[-71,-6],[-93,64],[-4,16],[-87,-8],[5,-22],[-49,-39],[-40,-68],[-79,-26],[-57,35]],[[21084,4350],[-61,-4],[-20,26],[-38,7],[-22,-15],[-23,30],[-39,2],[-14,61],[12,26],[10,81],[96,44],[30,63],[-14,99],[10,21],[42,27],[23,31],[-2,43],[-33,55],[-98,-5],[-20,-29],[-40,-5],[-36,16],[-6,34],[48,61],[31,15],[-4,32],[12,70],[-11,45],[19,62],[-28,146],[7,59],[48,16],[50,-29],[68,-9],[13,7],[44,-44],[-28,-50],[-8,-63],[25,-85],[3,-62],[44,-42],[72,-15],[56,0],[87,-40],[54,-67],[0,-57],[26,-33],[38,-7],[86,4],[46,22],[49,2],[55,-17],[28,-37],[-7,-43],[33,-47],[12,-68],[41,-23],[45,14],[71,-13],[47,63],[-52,-81],[1,-21],[40,-14],[-27,-49],[27,-7],[6,-32],[-22,-102],[-58,-120],[-15,-44],[-41,-59],[-25,-67],[5,-19],[-26,-86],[13,-40],[-9,-23],[21,-100],[12,12],[14,-53],[-36,27],[-5,-25],[-52,37],[-26,-3],[-31,56],[-44,43],[-82,66],[-39,17],[-40,-3],[-70,-61],[-62,22],[-18,94],[17,40],[-2,34],[-38,39],[-12,51],[-46,16],[-35,-5],[-29,20],[10,86],[-28,23],[-78,-16],[-47,-28]],[[24145,35],[-28,14],[-9,31],[-89,41],[-66,-8],[-44,18],[-51,-14],[-26,4],[-66,39],[-21,44],[-43,16],[21,50],[-38,53],[6,54],[-45,32],[-44,60],[-84,-5],[7,85],[26,39],[-37,70],[-43,-16],[-8,58],[39,55],[-15,84],[45,21],[38,52],[0,71],[-15,15],[25,21],[29,-7],[47,-52],[55,-4],[46,34],[42,11],[22,-47],[60,-20],[52,-1],[37,24],[31,-25],[55,-22],[38,13],[19,-13],[33,22],[49,13],[19,25],[71,-14],[49,9],[34,-16],[80,20],[-17,21],[-20,64],[65,106],[-54,-99],[12,-20],[71,-40],[52,86],[-12,36],[5,35],[26,27],[26,0],[66,-67],[49,-79],[20,-6],[60,-54],[-5,-43],[-62,-3],[-26,9],[-52,-23],[-26,-51],[0,-75],[-26,-49],[-37,-17],[-97,-115],[22,-16],[-16,-48],[-30,-12],[-2,-54],[26,-59],[5,-122],[13,-8],[-22,-69],[-59,-66],[-83,-14],[-34,-66],[-22,2],[-73,-69],[-29,-11],[-17,35]],[[22627,5373],[-54,80],[-10,46],[51,88],[20,64],[51,-58],[24,-5],[41,-75],[48,-49],[15,12],[57,-43],[11,-31],[40,0],[7,-27],[42,-25],[28,-35],[89,-21],[84,-74],[31,-65],[17,-106],[3,-70],[-10,-130],[-27,-45],[14,-43],[-4,-47],[-24,-12],[-101,60],[-42,5],[-23,-20],[-48,-8],[-37,30],[-79,-8],[-21,62],[9,38],[-50,100],[56,-100],[11,23],[48,22],[15,33],[7,62],[-16,43],[-37,38],[-21,-3],[-26,29],[-111,68],[-30,29],[-13,37],[3,57],[-13,59],[-25,15]],[[28623,8628],[27,19],[87,2],[29,-38],[54,-7],[42,17],[27,55],[50,8],[22,-17],[47,-5],[97,22],[62,8],[23,-33],[-5,-19],[-44,-43],[-40,-97],[-85,-87],[-48,-30],[-23,-57],[-1,-34],[-25,-54],[-25,-14],[-57,53],[-69,34],[-40,52],[-109,8],[-40,45],[1,118],[35,33],[8,61]],[[21116,14092],[2,-32],[-27,-28],[-51,-79],[-14,-72],[-25,-44],[-77,18],[-20,47],[-36,20],[-55,-33],[-55,28],[-6,14],[24,64],[26,3],[28,-27],[55,43],[7,60],[40,28],[10,30],[-28,92],[16,93],[-18,13],[27,83],[44,43],[5,24],[53,58],[29,-27],[-3,-82],[45,-9],[49,7],[24,-40],[-24,-65],[20,-47],[-18,-20],[9,-45],[-7,-34],[-49,-84]],[[29012,7999],[-2,-52],[16,-59],[16,-22],[-4,-33],[-29,-63],[-114,-64],[-83,31],[-57,-12],[-41,13],[6,36],[-13,109],[15,34],[66,51],[59,74],[62,67],[25,10],[72,-85],[6,-35]],[[21183,8872],[24,-10],[-34,-33],[1,-20],[-59,-55],[-62,16],[-98,41],[-54,-9],[-11,-20],[-48,6],[-18,30],[-47,42],[-3,45],[13,10],[-63,96],[-56,23],[20,29],[51,-3],[81,-60],[77,18],[25,36],[17,-2],[23,-90],[-1,-33],[28,-34],[194,-23]],[[21307,14858],[41,34],[30,9],[102,-4],[45,-44],[8,-35],[-16,-38],[12,-116],[-33,-65],[-28,-25],[-26,-43],[-51,-45],[-25,18],[19,70],[-59,75],[-17,106],[12,15],[-14,88]],[[22138,12963],[-42,-19],[-13,42],[28,52],[44,42],[44,1],[9,-15],[52,-13],[64,22],[43,49],[18,40],[42,14],[16,-10],[65,15],[62,-8],[70,19],[43,-35],[-58,-12],[-27,-46],[-45,-32],[-93,-23],[-46,-50],[-94,-32],[-50,-9],[-59,26],[-57,-23],[-16,5]],[[29564,7910],[69,-24],[23,-16],[-8,-31],[-33,-31],[12,-48],[-30,-18],[-81,6],[-29,20],[8,112],[29,60],[40,-30]],[[20249,14042],[20,20],[26,-28],[1,-26],[-37,-73],[-29,-28],[-7,-34],[-29,-33],[-30,8],[-36,108],[18,28],[41,31],[52,11],[10,16]],[[22631,2239],[-35,16],[21,16],[-5,33],[17,59],[78,39],[50,-31],[-19,-48],[-21,-15],[-5,-58],[-25,-23],[-56,12]],[[23532,18239],[-98,31],[-11,58],[30,21],[53,17],[34,-22],[10,-93],[-18,-12]],[[25878,5843],[-4,-60],[-79,-59],[-2,54],[-25,51],[51,40],[48,-3],[11,-23]],[[22576,12785],[-41,2],[28,45],[46,15],[31,-7],[7,-40],[28,-34],[-1,-20],[-75,37],[-23,2]],[[22392,11869],[13,-33],[-13,-38],[-52,14],[30,40],[11,36],[11,-19]],[[20767,12895],[-27,-18],[-16,18],[10,44],[24,-3],[9,-41]],[[21834,14232],[-37,-8],[10,47],[41,-7],[-14,-32]],[[22399,8502],[22,-4],[-10,-26],[-51,-5],[2,28],[37,7]],[[21233,14862],[-7,-17],[-37,11],[1,30],[38,-5],[5,-19]],[[20138,9748],[-33,3],[15,37],[26,-10],[-8,-30]],[[22403,12396],[31,-25],[-29,-14],[-17,18],[15,21]],[[26496,17620],[-108,-181],[-4,2],[108,181],[4,-2]],[[24403,11498],[-31,23],[39,7],[-8,-30]],[[24415,10491],[-124,-160],[-4,3],[124,160],[4,-3]],[[20848,13803],[-22,-36],[-17,16],[39,20]],[[23510,511],[0,-50],[-14,0],[14,50]],[[19317,16488],[116,60],[3,-6],[-115,-59],[-4,5]],[[25295,10915],[-24,-16],[10,34],[14,-18]],[[19694,16683],[4,-8],[-81,-42],[-5,8],[82,42]],[[19564,16615],[3,-6],[-81,-43],[-5,8],[83,41]],[[28506,6801],[150,-4],[0,-4],[-151,4],[1,4]],[[20878,9305],[-26,14],[17,18],[9,-32]],[[16549,25624],[-27,47],[-4,44],[18,111],[-26,66],[-27,26],[-71,40],[-52,143],[2,68],[22,47],[0,41],[-35,53],[-55,29],[-101,23],[-3,32],[28,48],[52,57],[-4,26],[-68,45],[-36,34],[6,29],[101,57],[12,32],[-2,117],[-49,74],[-4,20],[32,100],[-18,24],[-160,31],[-52,15],[-26,79],[24,93],[-25,16],[-172,3],[-104,68],[-31,36],[-88,128],[-35,27],[-47,60],[15,50],[-5,35],[-62,11],[-35,45],[-44,88],[-56,54],[-36,51],[-26,63],[-27,27],[-54,-18],[-104,38],[-53,34],[-92,4],[-49,-6],[-50,78],[-123,111],[-169,94],[-62,18],[4,79],[18,53],[52,65],[11,39],[-11,32],[-182,339],[-70,101],[-89,199],[-60,91],[-35,124],[1,87],[-39,216],[-24,37],[75,101],[26,105],[0,52],[-43,63],[-47,44],[-107,42],[-28,29],[-125,-31],[-87,-55],[-90,-27],[-54,7],[-21,-15],[-52,17],[-34,45],[-61,11],[-64,-16],[-90,3],[-44,27],[2,81],[24,90],[-1,49],[-49,36],[-141,27],[-74,-6],[-66,15],[-117,-6],[-64,-46],[-114,1],[-29,7],[-20,68],[-29,65],[-29,26],[-85,32],[-72,80],[-109,0],[-155,146],[-13,73],[-109,-20],[-174,117],[1,41],[60,38],[30,30],[16,85],[0,91],[-6,23],[-72,129],[-58,222],[1,136],[-43,73],[-4,50],[-29,47],[4,113],[-34,75],[-55,30],[-35,36],[2,82],[-11,13],[-82,25],[-94,38],[-20,50],[13,60],[58,81],[3,14],[-40,81],[10,101],[-57,31],[-84,-22],[-52,27],[-30,64],[-39,56],[-54,32],[-62,105],[-116,102],[-135,92],[-102,51],[0,81],[-32,102],[-3,56],[-65,71],[11,45],[25,27],[-5,40],[-36,65],[-9,48],[71,109],[35,66],[7,64],[-5,74],[32,47],[108,53],[205,129],[22,41],[-18,63],[2,34],[35,78],[-9,20],[109,57],[23,49],[47,34],[42,9],[63,38],[2,18],[-25,96],[-75,57],[-52,28],[-30,34],[-61,96],[-96,49],[-35,44],[-9,34],[-34,51],[-13,43],[35,87],[-14,104],[4,61],[15,25],[92,48],[28,0],[10,65],[-26,25],[-80,52],[-9,17],[52,193],[10,62],[89,27],[72,-14],[39,28],[10,55],[27,48],[14,172],[29,118],[17,180],[20,46],[40,11],[78,-14],[133,-6],[56,80],[37,85],[64,91],[20,75],[-15,149],[15,55],[-25,119],[64,45],[55,51],[31,63],[-1,113],[34,52],[29,18],[73,18],[59,62],[9,41],[-37,90],[19,98],[66,90],[59,164],[22,39],[44,-5],[3,41],[20,98],[27,95],[-11,91],[8,102],[-16,83],[0,45],[73,189],[-60,75],[-13,57],[-106,90],[-116,52],[-181,66],[-121,30],[-65,-24],[-49,-41],[-67,-99],[-22,-18],[-83,118],[-96,97],[-39,0],[-68,-68],[-84,32],[-42,84],[-150,39],[-53,37],[-59,15],[-53,3],[-64,17],[-31,27],[-63,206],[-13,29],[-54,15],[-92,4],[-26,34],[-4,41],[17,47],[77,71],[74,37],[47,165],[33,19],[112,10],[10,36],[-11,57],[-23,51],[-44,44],[-91,53],[-104,152],[-37,41],[-8,81],[-47,127],[-123,164],[-49,45],[-41,22],[-61,2],[-84,-10],[-75,38],[-40,42],[-89,135],[-42,30],[-118,15],[-37,20],[-18,45],[3,98],[30,96],[-11,37],[-43,83],[-22,118],[4,29],[72,86],[-5,70],[-25,54],[-84,78],[-75,97],[18,62],[-4,41],[-47,67],[26,53],[38,36],[55,13],[0,130],[-29,76],[-81,67],[-120,75],[-99,32],[-1,14],[75,214],[63,71],[27,52],[2,46],[-24,128],[-19,61],[-57,47],[-17,104],[-29,96],[-45,-1],[-81,37],[-11,24],[14,49],[29,36],[74,71],[23,49],[-10,58],[-48,78],[-1,60],[35,71],[-19,51],[-38,43],[-88,22],[-133,11],[-79,30],[-116,36],[-40,63],[-40,140],[-36,13],[-106,10],[-35,16],[-23,34],[-23,79],[-42,83],[-37,179],[7,54],[-38,63],[-15,46],[-46,60],[-98,73],[0,15],[144,78],[52,5],[43,40],[25,84],[34,68],[86,92],[36,48],[66,131],[23,37],[20,103],[51,66],[69,22],[63,3],[35,21],[23,40],[28,117],[38,73],[45,46],[37,22],[90,29],[26,53]],[[9319,46787],[22,-152],[17,-64],[36,-55],[110,3],[63,22],[80,-20],[180,-23],[32,5],[116,67],[141,52],[32,26],[43,15],[50,-24],[85,-1],[73,-30],[44,2],[68,36],[152,21],[12,-53],[48,-78],[34,-17],[59,-1],[21,-19],[25,-71],[-48,-93],[-9,-30],[27,-44],[57,-47],[69,-108],[71,-38],[74,-8],[123,-80],[29,-25],[74,-121],[86,-44],[11,-14],[96,-24],[180,1],[86,9],[-16,45],[105,35],[60,-15],[-4,-64],[99,-30],[2,-37],[25,-29],[88,-67],[37,-3],[31,30],[2,64],[20,62],[67,41],[23,57],[34,10],[38,-19],[43,-79],[59,-6],[17,-103],[-65,-34],[-7,-16],[13,-77],[-27,-111],[51,-159],[-5,-45],[-25,-72],[18,-50],[71,-16],[90,-59],[90,-25],[84,3],[49,-13],[42,-30],[74,-112],[-7,-65],[12,-57],[-1,-86],[31,-70],[-9,-52],[22,-114],[-32,-35],[-2,-29],[23,-75],[52,-15],[110,-45],[-47,-40],[11,-136],[-6,-148],[72,-71],[20,-31],[8,-51],[-27,-94],[4,-21],[44,-56],[85,-91],[139,-140],[77,-16],[39,-35],[33,-73],[45,-36],[61,-15],[58,-2],[91,-137],[33,-25],[40,-9],[-4,-114],[21,-36],[51,-18],[5,-28],[41,-78],[0,-50],[-44,-107],[-39,-34],[8,-33],[42,-25],[70,-23],[39,-67],[33,-77],[5,-39],[-14,-47],[22,-29],[85,-31],[11,-53],[27,-58],[20,-7],[6,-82],[23,-44],[55,-50],[33,-54],[52,-63],[35,-21],[78,-17],[81,-27],[120,17],[166,0],[93,46],[34,-17],[4,-72],[17,-70],[1,-69],[28,-31],[52,-16],[26,-35],[47,-100],[45,-57],[41,-11],[37,-27],[66,-73],[45,-32],[183,1],[43,34],[104,15],[46,-57],[70,-65],[17,-63],[80,-44],[14,-29],[35,-9],[18,-37],[51,-52],[34,-57],[72,-83],[31,-26],[42,-6],[22,-23],[63,-9],[77,42],[22,-23],[148,-106],[89,-8],[145,-42],[42,7],[31,42],[50,34],[66,-23],[22,15],[27,80],[18,77],[41,104],[6,32],[-15,56],[-44,30],[-10,61],[33,142],[9,101],[31,-5],[70,-62],[39,-25],[62,-5],[56,9],[22,-12],[49,-80],[35,-95],[9,-58],[60,-150],[10,-43],[-28,-95],[11,-40],[-1,-49],[39,-59],[39,-27],[91,4],[-12,42],[80,58],[71,42],[60,17],[39,23],[5,26],[-10,107],[30,77],[79,15],[72,5],[71,-22],[43,14],[19,27],[47,20],[29,36],[93,28],[70,35],[71,91],[52,9],[31,-47],[77,-46],[95,-86],[29,-14],[60,-4],[62,19],[82,93],[9,20],[74,57],[51,-1],[53,-36],[42,3],[29,33],[-5,79],[5,44],[23,49],[-40,49],[9,40],[137,26],[12,37],[60,21],[64,-26],[68,23],[36,40],[79,23],[40,-7],[99,25],[81,26],[28,37],[61,40],[64,71],[50,16],[45,-10],[91,-48],[49,-9],[92,9],[-23,-78],[-6,-62],[12,-11],[125,-26],[54,-26],[33,7],[24,30],[36,85],[43,10],[53,-35],[52,6],[45,-9],[66,44],[107,12],[14,37],[49,45],[64,80],[29,15],[37,42],[62,39],[61,161],[-9,53],[20,82],[-9,40],[-28,56],[6,56],[-8,50],[-64,157],[-22,26],[79,116],[35,40],[75,27],[60,3],[44,79],[94,68],[33,53],[110,82],[93,25],[59,-2],[117,-14],[51,14],[141,14],[41,-10],[33,-37],[91,70],[187,51],[70,71],[29,83],[229,92],[116,-10],[60,15],[40,35],[83,7],[42,25],[49,49],[32,56],[17,58],[-8,42],[24,114],[37,22],[54,11],[53,52],[59,24],[112,106],[42,32],[-7,26],[-55,56],[-107,71],[-5,24],[-40,12],[-35,30],[-53,166],[-24,16],[7,105],[-33,81],[-66,44],[-73,21],[-37,-2],[-38,-28],[-37,-4],[-71,46],[-101,135],[-39,89],[0,60],[32,87],[-33,89],[-40,74],[7,30],[-5,108],[38,89],[2,28],[-41,135],[-26,41],[30,84],[109,40],[13,33],[16,139],[44,36],[148,49],[134,21],[51,26],[41,114],[11,81],[33,17],[95,30],[103,53],[40,5],[147,-27],[26,-16],[46,-2],[46,26],[26,57],[41,49],[48,26],[43,50],[77,38],[31,30],[51,23],[65,-11],[91,-26],[116,-49],[47,-37],[52,-15],[76,-57],[30,2],[44,34],[72,-4],[44,-17],[161,-30],[25,-20],[17,-56],[29,-21],[74,-15],[64,12],[194,17],[99,-12],[15,32],[45,17],[31,35],[65,-3],[60,16],[39,-6],[105,-45],[121,-30],[176,21],[99,-30],[55,7],[39,25],[-22,-58],[-52,-56],[-18,-68],[-46,-33],[-41,-75],[-86,-117],[-52,-60],[-1,-35],[16,-70],[-81,-65],[-38,-87],[-75,-60],[-13,-94],[44,-117],[47,-26],[15,-58],[-44,-78],[15,-55],[110,-152],[31,-25],[51,-17],[57,-63],[62,17],[77,71],[31,-14],[26,-76],[-11,-75],[-13,-17],[-46,-16],[42,-33],[-20,-48],[11,-50],[42,-55],[66,-1],[24,-27],[0,-80],[55,-79],[33,-74],[28,-106],[-2,-72],[42,-70],[42,-6],[29,58],[31,30],[4,43],[73,62],[33,5],[85,-7],[62,61],[17,-16],[36,-77],[61,-52],[27,-35],[26,33],[4,54],[18,14],[64,13],[52,-7],[64,-39],[88,-19],[68,94],[31,23],[75,32],[39,-4],[57,37],[89,-9],[136,-69],[26,2],[88,39],[44,-56],[62,-53],[81,-79],[20,-7],[81,21]],[[28544,44130],[53,7],[51,-5],[55,-30],[79,-54],[-8,-86],[-12,-28],[-77,-52],[-13,-56],[3,-126],[-22,-47],[26,-63],[64,-133],[-3,-75],[31,-53],[92,-92],[58,0],[37,-11],[22,-31],[59,-34],[97,86],[71,47],[73,14],[123,7],[59,27],[39,46],[57,9],[78,55],[35,9],[25,-25],[42,-10],[97,5],[33,-88],[82,-35],[80,-92],[107,0],[28,-56],[9,-72],[30,-49],[105,-18],[44,16],[116,9],[93,-13],[56,0],[89,-56],[104,-140],[67,-29],[87,-52]],[[30965,42756],[-66,-90],[-44,-103],[-24,-41],[-75,-63],[-8,-56],[-31,-14],[-42,27],[-58,21],[-37,63],[-40,19],[-116,-23],[-63,-87],[-130,-93],[-31,-51],[-15,-56],[-22,-40],[-31,-26],[-64,-21],[-134,26],[-189,-86],[-204,-132],[22,-88],[-4,-49],[-38,-94],[0,-23],[93,-103],[35,-32],[2,-47],[-42,-61],[-4,-164],[-14,-90],[-26,-105],[-2,-65],[17,-36],[99,-105],[5,-76],[-31,-59],[-198,-161],[-34,-33],[-112,-3],[-49,-23],[-46,-100],[-16,-10],[-52,24],[-49,-28],[-26,-45],[24,-53],[-11,-42],[-26,-11],[-62,4],[-47,-7],[-26,-18],[-97,2],[-46,-21],[-38,-33],[-48,-88],[-30,-113],[-73,12],[-75,2],[-48,39],[-126,40],[-99,21],[-75,3],[-57,-7],[-37,7],[-22,86],[-42,10],[-85,-17],[-103,-42],[-16,-16],[-12,-70],[-79,-48],[-113,48],[-27,-8],[-30,-32],[-22,-50],[14,-87],[0,-95],[-11,-112],[28,-78],[49,-66],[6,-46],[-39,-67],[-38,-39],[-34,-70],[6,-84],[-48,-85],[0,-89],[-23,-79],[-82,-116],[-71,-36],[-75,-126],[-84,-161],[-26,-120],[-34,-76],[-47,-80],[-34,-33],[-88,-105],[-18,-60],[-35,-23],[-51,-7],[-19,-18],[-39,-69],[-54,-52],[-4,-21],[32,-131],[4,-69],[-12,-118],[-20,-85],[38,-83],[3,-61],[59,-44],[31,-57],[-8,-97],[22,-38],[31,-9],[106,-98],[-7,-86],[11,-55],[-22,-31],[-57,-5],[-95,4],[-44,-21],[-37,-63],[-30,-88],[-17,-119],[-45,-50],[-57,-19],[-94,23],[-57,-16],[-72,-39],[-36,-33],[-104,-70],[-75,-82],[-92,-52],[-23,0],[-161,81],[-56,14],[-60,94],[-10,85],[-87,118],[-21,20],[-159,51],[-82,42],[-15,0],[-22,-50],[-58,15],[-165,85],[-46,-35],[-18,-30],[-38,-25],[-35,0],[-13,-45],[-76,-58],[-82,-75],[-30,1],[-187,86],[-61,-25],[-66,11],[-102,-11],[-55,-31],[-57,-16],[-107,-12],[-162,-48],[-58,0],[-93,62],[-31,49],[-63,38],[-18,30],[14,35],[-12,29],[-58,76],[-72,141],[-37,36],[-65,42],[-125,14],[-136,5],[-54,-22],[-21,-33],[21,-46],[42,-45],[16,-50],[-58,-179],[3,-33],[64,-60],[35,-83],[34,36],[44,30],[52,15],[49,46],[46,2],[44,-29],[2,-51],[-41,-98],[1,-47],[23,-39],[-42,-195],[-71,-43],[-9,-30],[20,-67],[20,-22],[44,0],[79,67],[33,86],[35,34],[68,17],[72,-26],[67,13],[52,-14],[74,-4],[127,-34],[115,78],[39,0],[44,-23],[73,-108],[12,-35],[47,-38],[14,-72],[-14,-113],[2,-85],[-49,-71],[0,-25],[-54,-88],[-13,-38],[8,-35],[119,-166],[35,-107],[38,-61],[2,-37],[-25,-34],[-70,-69],[-56,-1],[-93,-49],[-20,-19],[-32,-81],[-38,-13],[-122,30],[-72,11],[-118,43],[-88,43],[-90,-3],[-70,25],[-19,63],[-63,47],[-20,5],[-78,-26],[-27,-44],[-44,-25],[-42,10],[-89,-15],[-3,-120],[-12,-22],[-49,-22],[-27,3],[-68,63],[-124,-34],[-79,-29],[-35,-24],[32,-50],[49,-125],[21,-38],[3,-81],[10,-11],[75,-7],[40,-25],[69,-147],[16,-65],[61,-36],[31,-36],[76,-60],[75,-2],[68,-12],[95,-63],[40,-54],[37,-98],[24,-88],[-22,-58],[4,-48],[22,-70],[-6,-36],[43,-74],[62,-23],[26,-25],[52,-98],[46,-11],[133,27],[63,-36],[16,-33],[-9,-52],[-27,-16],[-68,3],[-35,-44],[-54,-109],[0,-30],[100,-119],[18,-55],[-8,-83],[-18,-48],[23,-58],[-7,-68],[23,-67],[32,-59],[-9,-48],[-43,-14],[-52,0],[-8,-28],[-80,-49],[-17,-37],[-42,-26],[-71,-23],[-43,-44],[-35,-14],[-27,-31],[20,-72],[3,-56],[-36,-117],[9,-57],[124,-67],[35,-53],[8,-51],[-13,-77]],[[33097,36012],[-90,-1],[-44,30],[-43,50],[-47,92],[-50,126],[-4,34],[14,54],[-127,5],[-94,-61],[-111,-32],[-56,-8],[-66,2],[-76,46],[-86,-4],[-43,10],[-34,-10],[-64,-50],[-40,-12],[-151,1],[19,21],[17,59],[-3,166],[15,39],[98,13],[58,31],[22,80],[-5,56],[25,12],[57,-2],[36,15],[4,110],[20,55],[29,39],[6,31],[-31,28],[-13,41],[28,137],[-13,107],[34,62],[8,45],[33,62],[-1,42],[-29,67],[1,57],[16,71],[-63,29],[-52,0],[-20,49],[-24,25],[-80,37],[-56,2],[-50,29],[-46,41],[-31,14],[-39,83],[-23,33],[-58,56],[-17,30],[-2,46],[50,84],[2,78],[-31,26],[-10,38],[6,154],[19,58],[43,73],[-66,19],[-78,58],[-71,36],[-53,55],[-97,27],[-20,47],[2,35],[-44,52],[-57,4],[-20,26],[42,131],[70,43],[69,13],[94,47],[22,47],[-21,39],[-3,51],[18,26],[125,45],[99,62],[7,64],[-59,84],[-20,13],[-183,5],[-35,231],[2,86],[-29,63],[-10,54],[6,162],[15,26],[106,41],[62,29],[70,21],[91,62],[53,73],[50,5],[121,0],[68,13],[57,-13],[47,6],[15,25],[34,15],[18,36],[2,52],[-15,42],[0,43],[23,75],[57,75],[42,87],[16,72],[55,31],[18,43],[-43,53],[-8,40],[16,44],[41,47],[48,102],[32,27],[28,46],[17,96],[34,80],[-14,102],[-19,93],[-78,95],[-2,31],[71,154],[-65,30],[-42,40],[-32,66],[-65,-2],[-86,15],[-123,-40],[-193,-9],[-22,26],[-10,62],[-47,79],[-13,45],[-31,179],[-35,52],[-70,11],[-77,-4],[-135,-42],[-73,11],[-114,-7],[-29,10],[-72,56],[-84,23],[-73,-23],[-72,-31],[-53,-9],[-71,11]],[[28544,44130],[31,46],[0,84],[20,35],[-15,112],[66,83],[53,26],[42,32],[18,44],[-15,41],[39,55],[55,16],[88,66],[77,9],[28,26],[38,2],[40,-33],[99,-14],[35,39],[44,5],[48,-23],[82,25],[17,19],[21,85],[56,43],[27,66],[140,216],[49,64],[125,142],[79,7],[49,36],[57,62],[31,103],[73,49],[53,52],[24,86],[46,16],[31,-7],[9,-28],[33,-18],[57,7],[49,20],[78,0],[39,20],[46,47],[83,64],[-17,80],[8,40],[28,39],[41,19],[42,57],[36,11],[52,-4],[50,21],[63,-2],[127,92],[-41,58],[0,108],[30,63],[52,30],[96,85],[44,76],[20,17],[116,21],[95,72],[35,42],[101,64],[82,76],[229,198],[196,182],[28,59],[-13,67],[-155,229],[183,183],[83,74],[13,24],[-7,70],[7,36],[74,120],[12,33],[66,-19],[28,17],[37,73],[69,50],[33,11],[74,55],[68,32],[63,49],[21,-2],[40,-88],[75,-22],[31,-27],[22,-41],[40,-30],[10,-93],[62,-25],[54,16],[115,5],[50,20],[114,5],[54,122],[180,121],[86,30],[26,48],[10,68],[91,76],[92,31],[9,31],[65,7],[0,34],[33,46],[24,15],[78,25],[36,22],[141,65],[31,34],[38,81],[-36,49],[-45,44],[-15,55],[-1,129],[8,66],[100,144],[56,122],[6,48],[47,57],[11,105],[33,37],[119,81],[54,69],[110,67],[13,88],[49,32],[27,38],[-4,50],[100,118],[42,17],[34,42],[56,4],[58,20],[74,-8],[114,19],[105,-28],[59,-3],[52,22],[56,46]],[[35747,50669],[-8,-55],[73,-88],[1,-134],[22,-44],[81,-71],[88,-64],[52,-49],[61,-94],[70,-145],[26,-118],[121,-123],[69,-79],[37,-66],[73,-69],[99,-68],[60,-26],[61,-74],[45,-77],[47,-61],[107,-102],[-16,-57],[-3,-57],[-19,-81],[1,-117],[33,-54],[92,-8],[74,3],[37,-51],[18,-50],[26,-26],[45,-117],[11,-111],[41,-43],[-23,-81],[10,-40],[30,-57],[34,-91],[53,-84],[-20,-78],[2,-72],[18,-39],[80,-86],[-3,-43],[-23,-46],[-1,-73],[26,-44],[104,-39],[38,-51],[-4,-67],[17,-38],[30,-11],[39,26],[31,-8],[27,-117],[28,-26],[46,-23],[111,-34],[51,-28],[149,-113],[7,-43],[-42,-83],[-26,-30],[-14,-45],[-1,-72],[37,-1],[23,19],[90,105],[59,79],[23,64],[3,102],[27,102],[-13,90],[15,43],[53,66],[12,99],[13,31],[73,103],[11,55],[4,78],[-9,66],[13,56],[-21,66],[5,53],[29,19],[41,0],[70,15],[-36,80],[49,86],[89,-57],[70,1],[80,-9],[35,15],[27,32],[93,29],[35,4],[23,49],[88,113],[17,123],[-46,15],[41,56],[51,36],[34,10],[29,-19],[-6,-62],[-25,-54],[13,-27],[135,84],[69,53],[26,1],[109,-34],[32,9],[46,36],[9,82],[26,9],[70,0],[11,15],[76,29],[41,-18],[92,22],[73,30],[84,13],[162,-15],[72,37],[8,38],[-25,35],[3,79],[-8,35],[12,40],[-16,64],[3,44],[64,12],[72,-8],[53,-27],[52,-2],[23,12],[38,52],[10,176],[8,28],[207,53],[74,49],[21,78],[-7,97],[39,90],[-10,37],[-6,91],[28,51],[-6,71],[14,73],[56,36],[129,-26],[40,-19],[48,-60],[52,-16],[111,-1],[40,-18],[60,5],[131,29],[65,-30],[114,-25],[3,-28],[-19,-34],[-2,-35],[-29,-117],[-28,-45],[3,-18],[62,-78],[34,-28],[37,-9],[62,-63],[104,-49],[58,-9],[36,-24],[95,-10],[68,-28],[82,-3],[87,11],[76,-35],[87,-5],[61,-27],[105,6]],[[9319,46787],[39,129],[28,110],[-3,95],[-10,33],[-92,52],[-70,23],[-77,33],[-32,48],[-1,25],[56,126],[22,128],[-58,76],[5,27],[-55,72],[-49,51],[-35,17],[-149,-18],[-95,42],[-130,86],[41,63],[24,74],[5,78],[21,56],[57,60],[81,115],[58,43],[45,2],[25,19],[28,62],[98,15],[45,35],[7,51],[-69,40],[-39,49],[-56,117],[-81,109],[56,49],[0,52],[-34,23],[-58,96],[20,55],[78,80],[104,12],[-1,65],[14,124],[9,29],[-13,101],[-27,96],[18,53],[34,64],[10,77],[39,9],[92,-25],[93,67],[39,49],[5,53],[34,21],[20,45],[64,74],[8,39],[-11,48],[2,74],[35,97],[34,46],[87,28],[318,154],[-74,35],[-266,168],[-65,45],[-35,58],[-53,17],[-84,59],[-8,42],[5,79],[16,142],[0,61],[-12,16],[-65,20],[-8,34],[10,65],[120,106],[113,43],[-9,76],[10,38],[45,19],[60,-14],[33,79],[109,26],[31,32],[29,66],[7,37],[-13,30],[4,107],[-14,46],[78,51],[103,24],[0,113],[-20,27],[-6,112],[-60,149],[62,79],[96,85],[2,69],[-24,99],[11,25],[10,154],[-22,47],[-4,224],[-20,45],[-50,28],[-108,170],[-80,179],[-35,97],[-31,63],[-151,72],[-42,-34],[-23,-34],[-48,-15],[-66,1],[-59,13],[-32,34],[-62,44],[-57,21],[-19,67],[-58,121],[6,123],[12,121],[-165,-5],[-91,73],[-71,-20],[-36,52],[-52,19],[-66,-27],[-74,45],[-52,-40],[-104,2],[-106,-32],[-21,17],[-52,102],[-66,97],[-6,26],[33,64],[-19,58],[-78,46],[-13,58],[-8,103],[11,146],[-27,35],[-70,61],[-134,91],[-36,86],[-11,133],[-37,30],[-101,39],[-177,52],[-132,26],[-83,1],[-46,-16],[8,-53],[104,-143],[17,-42],[-9,-58],[-18,-6],[-48,28],[-68,60],[-110,-2],[-73,8],[-127,45],[-112,23],[-79,120],[-60,64],[-82,68],[-23,93],[-45,53],[-120,18],[-38,37],[-109,16],[-18,16],[13,72],[-9,62],[-39,62],[-119,77],[-44,15],[-20,33],[-42,149],[-32,85],[-7,57],[35,54],[63,46],[17,31],[3,96],[15,63],[29,35],[94,71],[2,41],[-54,105],[-19,69],[-16,90],[-41,49],[-143,95],[-101,44],[-59,34],[-1,28],[32,42],[21,86],[-72,135],[-143,77],[18,13],[163,75],[8,27],[-18,45],[3,41],[51,59],[-17,25],[-45,16]],[[5787,58462],[47,59],[118,104],[-5,86],[47,41],[48,-21],[48,60],[95,93],[30,122],[9,59],[66,32],[82,59],[75,86],[51,75],[21,65],[2,47],[-13,82],[-77,43],[-31,88],[-68,-1],[-56,72],[44,146],[44,50],[62,17],[53,-12],[54,-31],[152,-33],[73,16],[50,-46],[28,-2],[171,66],[28,33],[24,72],[45,55],[73,49],[39,62],[72,57],[9,27],[-32,43],[6,33],[45,76],[66,57],[20,34],[80,40],[71,47],[69,23],[61,33],[72,58],[67,65],[21,-29],[198,-134],[107,-80],[52,-19],[90,-53],[40,-2],[77,18],[110,-6],[62,-25],[72,23],[66,33],[106,18],[58,-65],[128,-74],[71,-20],[99,-12],[62,4],[49,22],[52,2],[81,39],[140,12],[76,-12],[59,4],[87,-49],[59,-25],[121,-25],[58,-3],[192,20],[35,-5],[39,-40],[59,-35],[41,-76],[37,-7],[70,18],[77,-18],[21,-45],[36,-50],[95,-34],[139,9],[87,-24],[51,-58],[97,-83],[80,-6],[62,67],[118,-3],[65,8],[52,50],[50,72],[85,28],[64,45],[7,70],[87,67],[59,65],[74,60],[16,35],[-13,11],[33,40],[50,10],[49,-19],[15,-27],[40,-13],[53,43],[64,1],[66,-22],[9,19],[36,-18],[108,-75],[17,-18],[36,-3],[19,55],[33,52],[40,35],[36,16],[59,50],[22,33],[34,88],[21,26],[46,27],[25,36],[43,32],[125,23],[3,70],[23,18],[33,57],[37,-3],[56,16],[23,-38],[44,-30],[25,-62],[110,-84],[34,-44],[36,-67],[56,-1],[68,28],[72,53],[-3,73],[53,101],[3,68],[10,19],[75,47],[84,12],[122,100],[-19,65],[-4,77],[17,30],[69,12],[59,45],[33,49],[36,101],[41,45],[49,9],[33,33],[22,41],[59,8],[19,-20],[2,-45],[19,-49],[38,-53],[2,-38],[-19,-33],[22,-20],[44,-5],[41,-20],[66,-63],[109,0],[66,14],[44,-47],[53,-30],[52,-47],[84,-21],[30,-15],[85,0],[125,-61],[-3,-44],[36,-70],[80,36],[47,31],[77,64],[14,20],[38,121],[28,37],[73,40],[179,35],[51,47],[15,-6],[102,-160],[30,-86],[44,-85],[-2,-62],[78,-123],[107,-60],[118,-122],[46,0],[50,12],[25,-21],[39,-95],[53,-57],[63,-86],[14,-36],[-3,-49],[25,-23],[58,1],[58,50],[24,45],[45,60],[34,9],[109,-10],[84,-21],[52,4],[62,22],[83,6],[133,39],[138,5],[62,14],[155,50],[108,-40],[19,0],[44,41],[52,-2],[103,122],[29,14],[107,16],[22,16],[55,105],[23,141],[-3,58],[-20,40],[25,60],[-7,42],[7,59],[24,36],[1,47],[27,36],[55,12],[82,56],[40,13],[18,24],[10,53],[33,16],[69,-20],[91,-141],[7,-63],[31,-41],[85,-44],[29,7],[38,-50],[-9,-49],[33,-115],[25,-16],[87,-32],[12,-18],[-4,-53],[-42,-40],[-21,-63],[-80,-62],[61,-80],[46,-82],[91,-52],[87,-28],[30,-21],[42,-62],[52,-35],[-6,-111],[9,-44],[48,-93],[71,-65],[53,-17],[82,14],[45,19],[20,29],[76,37],[87,105],[58,33],[44,45],[49,37],[74,27],[50,-20],[50,18],[69,102],[18,85],[25,32],[45,17],[15,56],[86,80],[19,-18],[78,-163],[21,-27],[51,-28],[65,-138],[32,-50],[35,-34],[35,29],[35,65],[31,21],[84,103],[123,30],[61,-15],[43,5],[13,-41],[-25,-64],[31,-108],[-34,-71],[2,-71],[21,-52],[58,-41],[82,-69],[64,-30],[92,27],[96,-14],[82,-70],[93,-28],[113,-8],[45,-62],[67,-53],[84,-5],[81,6],[55,16],[47,-10],[114,-71],[34,-66],[20,-113],[30,-85],[17,-27],[87,65],[66,40],[124,87],[48,3],[41,-18],[44,14],[84,82],[165,118],[29,36],[21,49],[56,75],[26,82],[46,72],[19,149],[36,59],[46,46],[2,38],[-32,53],[-37,88],[96,21],[101,-3],[137,-46],[77,55],[70,6],[25,-59],[31,-29],[62,0],[42,13],[105,6],[77,-11],[117,51],[61,19],[62,-10],[47,32],[0,20],[46,83],[39,24],[86,-7],[88,26],[51,56],[38,89],[54,35],[50,14],[82,6],[54,53],[26,67],[54,25],[215,-5],[42,29],[9,58],[47,-58],[69,-44],[42,-1],[110,-85],[37,-9],[65,12],[15,148],[31,14],[126,-37],[65,5],[42,51],[20,39],[17,97],[44,55],[142,39],[49,24],[131,17],[111,68],[24,25],[128,47],[81,37],[44,-18],[83,-52],[75,-18],[35,11],[16,75],[-3,80],[41,177],[49,188],[24,144],[-1,68],[-12,37],[-37,49],[-65,44],[-25,26],[-19,60],[-13,112],[6,47],[35,49],[88,63],[63,18],[81,2],[37,-8],[147,-61],[44,0],[24,34],[0,30],[-40,84],[-38,36],[-39,89],[-51,91],[-58,90],[-4,65],[-22,39],[-8,102],[-30,141],[-21,43],[-47,47],[-4,21],[26,41],[89,14],[27,28],[-16,65],[-25,35],[-29,11],[-134,16],[-29,43],[-10,105],[-89,71],[-16,22],[-41,150],[-36,48],[-78,140],[-18,91],[84,45],[20,64],[47,-10],[20,18],[-12,38],[13,24],[51,19],[40,32],[73,28],[43,55],[35,67],[-1,39],[-81,51],[-19,47],[30,27],[118,-19],[28,23],[9,42],[64,62],[29,40],[17,67],[-42,90],[-31,30],[-51,81],[-29,71],[9,33],[24,8],[117,-64],[64,0],[34,93],[-9,80],[-19,63],[-69,179],[-3,45],[13,66],[73,-1],[44,10],[70,-25],[56,1],[109,-13],[8,31],[-41,62],[23,20],[9,59],[29,21],[63,20],[51,-17],[42,-40],[11,-54],[69,-29],[25,-20],[14,34],[42,11],[35,-11],[21,51],[37,17],[26,-56],[61,-25],[59,28],[53,-34],[25,5],[4,70],[24,52],[65,17],[40,-4],[10,23],[46,10],[58,-35],[81,-6],[65,-38],[18,-20],[5,-51],[17,-34],[79,-31],[81,64],[5,60],[44,65],[6,94],[71,48],[55,92],[59,23],[58,39],[12,64],[-29,31],[10,88],[69,116],[-55,55],[-5,75],[-33,62],[-91,63],[-86,15],[-71,67],[-54,104],[-21,104],[-81,101],[-16,47],[5,78],[35,57],[4,51],[-29,66],[-19,95],[-23,45],[32,61],[69,40],[120,0],[50,15],[56,-9],[54,-25],[117,20],[21,14],[16,40],[-33,71],[22,112],[16,38],[65,77],[48,9],[43,-9],[130,10],[55,-21],[87,-10],[145,21],[89,41],[73,2],[76,-18],[55,44],[42,22],[83,88]],[[30284,68629],[56,-9],[80,-46],[28,-2],[68,19],[43,-1],[36,-48],[6,-39],[-10,-66],[-68,-113],[-36,-81],[-9,-72],[26,-161],[26,-68],[87,-116],[32,-74],[56,-76],[44,-102],[15,-139],[93,-28],[6,-12],[-25,-104],[3,-64],[43,-31],[88,-3],[50,-38],[46,-63],[78,-40],[27,-28],[8,-68],[-4,-68],[136,-5],[35,-31],[9,-57],[33,-44],[-24,-135],[6,-39],[25,-42],[46,-51],[56,-36],[49,-20],[55,-6],[126,34],[38,-36],[5,-83],[36,-58],[22,-63],[7,-100],[-11,-177],[10,-68],[-27,-188],[41,-89],[14,-52],[14,-93],[39,-80],[134,-85],[0,-36],[-57,-81],[-45,-38],[-8,-30],[17,-51],[4,-47],[48,-71],[25,-89],[36,-59],[11,-49],[-18,-52],[-51,-56],[-16,-57],[59,-95],[55,-53],[2,-73],[-20,-118],[24,-55],[6,-46],[0,-99],[28,-79],[-24,-57],[-3,-76],[-51,-42],[-78,-39],[0,-69],[-91,-71],[-56,-80],[20,-99],[-23,-51],[-18,-78],[-73,-51],[11,-23],[70,-68],[48,-25],[57,-15],[73,26],[36,3],[116,46],[93,-22],[122,7],[138,59],[127,61],[52,18],[121,61],[78,-25],[78,-11],[71,98],[83,73],[-4,80],[11,31],[38,15],[24,25],[11,112],[31,92],[9,61],[-7,103],[-16,48],[3,33],[22,2],[91,-49],[113,29],[32,14],[25,70],[28,42],[44,27],[106,-17],[78,28],[105,24],[57,30],[84,86],[81,27],[97,-5],[56,46],[57,100],[76,55],[93,25],[222,39],[32,20],[38,78],[5,54],[-36,97],[29,22],[6,35],[-86,97],[-24,37],[-6,55],[14,38],[37,38],[56,37],[-8,21],[-48,27],[-29,40],[2,25],[37,68],[20,75],[-1,32],[-31,31],[-25,47],[-74,192],[-46,46],[0,20],[42,41],[4,18],[-27,89],[-67,33],[34,54],[43,90],[-35,74],[12,50],[-8,30],[-38,22],[-79,-10],[-22,36],[-6,107],[-14,21],[-80,67],[-27,47],[-52,49],[-27,83],[7,26],[40,31],[11,33],[-63,75],[-7,58],[62,41],[60,10],[80,65],[44,79],[76,35],[2,72],[16,19],[93,28],[42,39],[3,99],[22,27],[44,-1],[32,-23],[98,-21],[66,-56],[61,-80],[-1,-65],[31,-34],[73,0],[51,10],[17,-30],[64,-20],[-4,-67],[28,-44],[107,9],[41,-23],[46,-3],[137,70],[64,27],[82,46],[108,6],[97,42],[74,25],[99,45],[95,61],[59,27],[92,16],[50,29],[93,22],[90,28],[73,-23],[30,11],[14,71],[-17,58],[-33,47],[-45,24],[9,107],[19,39],[31,-13],[18,-61],[43,-18],[62,14],[32,34],[22,65],[49,-30],[37,-3],[102,106],[4,32],[-20,103],[-7,67],[-55,65],[-46,103],[-53,23],[12,72],[66,38],[68,2],[31,-40],[6,-37],[38,-19],[40,8],[29,22],[33,65],[79,40],[39,6],[69,-8],[50,19],[85,16],[64,-15],[39,-44],[41,-13],[80,-105],[47,-30],[69,-61],[73,-26],[68,-85],[70,-60],[97,-46],[68,-5],[45,9],[57,39],[223,28],[120,43],[69,14],[75,29],[47,45],[111,44],[30,19],[130,102],[64,62],[34,47],[133,133],[41,31],[100,26],[49,44],[14,37],[-16,55],[36,155],[57,71],[-11,74],[12,52],[95,142],[18,12],[60,-12],[203,43],[119,-40],[38,-41],[33,-110],[43,-82],[31,-5],[41,18],[101,-25],[47,32],[17,-10],[65,-105],[45,-18],[56,-3],[32,-34],[56,-8],[73,-23],[-29,-55]],[[40786,68889],[-36,-23],[-66,-73],[-5,-62],[-61,-59],[-12,-27],[-54,-23],[-25,-30],[49,-89],[5,-26],[50,-96],[48,10],[43,-23],[26,-37],[78,-41],[17,-81],[-9,-22],[-49,-24],[-26,-31],[-6,-82],[7,-10],[114,3],[31,-34],[8,-76],[21,-50],[31,-23],[14,-80],[-18,-50],[-74,-57],[5,-48],[81,-108],[71,-84],[5,-42],[-20,-45],[-59,-60],[-16,-29],[-5,-53],[40,-56],[50,-192],[3,-78],[-12,-62],[-23,-34],[6,-71],[81,-115],[2,-20],[-43,-50],[-6,-68],[-39,-6],[-52,-41],[-19,-82],[-52,-23],[-28,-101],[-64,-65],[-6,-45],[20,-40],[72,-36],[28,-66],[-12,-66],[-59,-83],[-44,-8],[-35,14],[-22,35],[-59,23],[-19,-31],[-6,-82],[-23,-26],[-86,-26],[-28,-36],[-5,-48],[8,-40],[-4,-112],[-45,-76],[-109,-93],[-20,-37],[0,-93],[25,-87],[63,-116],[24,-28],[53,-167],[92,-139],[14,-75],[40,-73],[59,-42],[54,-65],[85,-48],[18,-22],[12,-62],[8,-147],[-7,-34],[-40,-65],[-104,-74],[-165,-87],[-26,-62],[-25,-24],[-109,-46],[-110,-85],[1,-78],[-44,-42],[-18,-35],[9,-58],[-58,-103],[-45,-54],[-63,-36],[-25,-28],[-9,-46],[-56,-19],[-36,-24],[-88,-169],[-16,-108],[-30,-71],[-32,-98],[-69,-97],[8,-42],[32,-51],[-1,-55],[-21,-42],[-62,-34],[-49,-5],[-34,23],[-102,22],[-35,65],[-39,-6],[-38,-38],[-71,-30],[-65,25],[-56,-3],[-71,-22],[-53,-42],[-44,-119],[-118,-9],[-78,-24],[-59,12],[-80,4],[-55,-29],[-61,-98],[-37,-43],[-55,-43],[-72,-91],[-28,-23],[-87,-23],[-129,-42],[-80,-49],[-32,-36],[-37,-83],[-31,-40],[-51,-131],[2,-59],[-34,-39],[-98,-27],[-73,8],[-29,39],[-61,43],[-34,1],[-14,-27],[41,-67],[66,-53],[27,-32],[-7,-36],[-65,0],[-80,30],[-34,-40],[26,-45],[59,-43],[67,-73],[18,-69],[-1,-70],[-55,-98],[-47,-13],[-37,66],[-50,27],[-81,29],[-46,-1],[-41,-106],[-35,-12],[-111,6],[-108,-38],[-55,-6],[-56,9],[-119,56],[-36,8],[-24,-14],[-39,-56],[-131,-54],[-35,5],[-29,-14],[-139,-160],[-71,-48],[-85,-41],[-113,-17],[-85,-1],[-151,-45],[-28,-24],[-17,-66],[12,-42],[88,-149],[-3,-60],[-25,-65],[-48,-97],[-43,-74],[0,-62],[26,-103],[23,-31],[46,-90],[87,-91],[-3,-39],[-70,-120],[-195,-305],[-80,-141],[-62,-91],[-46,-84],[-94,-154],[-48,-54],[-44,-77],[-47,-66],[-15,-34],[-43,-53],[-110,-192],[-62,-69],[-33,-17],[-80,-22],[-60,1],[-52,28],[-47,-12],[-44,-30],[3,-35],[66,-139],[-37,-12],[-90,-62],[-106,-34],[-82,-3],[-43,-26],[-39,-66],[-74,-89],[-26,-41],[-28,-93],[-27,-67],[-14,-60],[7,-34],[-36,-138],[-29,-60],[-2,-67],[-30,-86],[-137,-122],[-90,-21],[-19,-75],[-21,-45],[-55,-55],[-40,-55],[-7,-45],[13,-83],[2,-104],[26,-28],[-8,-45],[-84,-107],[-2,-37],[44,-101],[14,-52],[82,-117],[94,-28],[73,-40],[15,2],[122,-53],[48,-35],[62,10],[32,-11],[34,-37],[62,-42],[44,-72],[11,-39],[-40,-67],[0,-71],[15,-55],[72,-69],[-42,-104],[6,-78],[-20,-51],[2,-84],[-19,-57],[12,-82],[21,-14],[102,-15],[57,5],[62,-39],[74,-20],[-23,-26],[-35,0],[-64,52],[-119,13],[-38,-9],[-21,-85],[6,-48],[3,-145],[-32,-68],[6,-68],[-6,-53],[12,-43],[30,-31],[28,-63],[36,-3],[92,55],[84,-47],[26,-131],[-49,-46],[-24,-63],[19,-65],[42,-10],[82,-37],[69,-88],[57,-62],[65,-53],[45,-84],[42,-15],[-11,-32],[89,-121],[43,-19],[17,-62],[52,-36],[26,-62],[-9,-19],[26,-48],[76,2],[-25,-46],[-22,-2],[24,-54],[20,-14],[70,-156],[45,-32],[17,-33],[-96,-58],[15,-34],[86,-116],[32,-99],[36,-30],[-1,-44],[-26,-116],[-19,-44],[-62,-45],[-25,-37],[-8,-40],[6,-155],[13,-26],[68,-35],[6,-41],[51,-80],[14,-65],[23,-36],[20,-73],[57,-24],[39,-179],[-80,-61],[2,-23],[31,-65],[-9,-61],[-53,-59],[1,-36],[48,-124],[34,-31],[-9,-40],[-58,-37]],[[213,79619],[38,41],[229,122],[49,54],[-26,80],[-2,108],[93,69],[49,26],[71,25],[40,50],[3,103],[9,19],[124,131],[27,56],[56,12],[67,-15],[76,-41],[131,13],[100,5],[65,-10],[95,19],[33,-14],[34,-41],[21,8],[12,83],[93,81],[80,21],[66,56],[54,62],[38,20],[53,3],[34,50],[11,68],[41,42],[39,62],[61,23],[11,72],[-18,69],[-54,50],[-5,54],[8,57],[-67,47],[-53,18],[-34,89],[20,52],[14,172],[-10,48],[18,99],[-7,64],[7,87],[80,58],[40,59],[4,105],[21,12],[15,65],[-26,54],[22,82],[-30,78],[-36,60],[-11,81],[7,35],[-24,92],[24,65],[15,77],[15,140],[-46,60],[-76,85],[-47,28],[-29,49],[-21,74],[-6,90],[17,61],[22,36],[8,94],[128,38],[20,30],[20,59],[32,19],[31,37],[17,71],[-17,79],[-1,94],[13,39],[74,36],[36,45],[110,59],[86,-3],[87,16],[85,76],[86,58],[45,13],[96,69],[28,-8],[43,-45],[73,-92],[64,-46],[83,-75],[37,-73],[-5,-52],[49,-59],[14,-3],[107,23],[51,-11],[54,-25],[57,16],[60,-7],[61,8],[96,-15],[21,-121],[41,-93],[99,-105],[28,-21],[32,6],[38,53],[39,36],[28,42],[43,15],[22,41],[24,11],[37,-17],[34,-42],[43,-18],[69,2],[93,17],[23,-28],[9,-81],[51,-24],[32,-71],[77,-47],[42,-93],[79,-49],[142,-20],[37,17],[65,62],[29,1],[45,-53],[65,-32],[169,-15],[103,96],[24,15],[68,7],[31,14],[11,28],[-21,73],[2,27],[107,69],[51,54],[58,100],[54,60],[37,28],[151,60],[6,19],[-65,122],[3,46],[115,88],[8,31],[72,32],[77,66],[108,149],[114,117],[37,72],[71,3],[112,-60],[144,-16],[134,-45],[60,-9],[67,12],[118,12],[62,20],[52,-19],[88,-75],[42,-10],[30,-21],[45,-12],[23,-45],[73,-82],[229,-174],[46,-4],[30,-50],[61,-33],[22,0],[123,93],[31,56],[113,-23],[52,16],[25,61],[49,182],[56,2],[98,22],[81,33],[78,62],[51,72],[20,79],[14,22],[52,15],[138,77],[48,54],[25,45],[5,93],[11,23],[74,24],[193,13],[45,13],[85,59],[48,46],[33,12],[23,26],[6,64],[61,40],[73,16],[87,40],[43,10],[78,0],[46,13],[92,54],[109,43],[128,28],[232,9],[48,-31],[111,-9],[65,10],[44,-13],[56,-30],[26,-67],[34,-59],[67,-37],[34,3],[74,36],[97,-1],[70,16],[67,-16],[99,38],[85,15],[114,-7],[85,60],[34,13],[49,-11],[85,41],[92,10],[59,30],[66,14],[75,-11],[67,-47],[44,-13],[82,-11],[38,4],[47,47],[32,67],[64,52],[21,105],[54,118],[82,55],[141,133],[33,14],[76,4],[70,23],[61,30],[86,68],[-9,80],[5,39],[64,220],[-11,49],[-22,31],[-11,75],[-2,97],[14,40],[31,32],[26,75],[-5,31],[-33,55],[23,39],[-25,85],[-44,57],[-11,74],[17,73],[-1,60],[66,83],[-11,58],[-26,37],[-50,37],[-45,95],[0,20],[30,56],[-21,86],[-4,162],[-38,29],[-89,50],[-36,105],[-72,79],[-95,59],[-85,70],[-50,7],[-86,39],[-24,38],[-1,56],[-25,109],[-37,60],[-10,45],[10,164],[25,75],[5,55],[-46,54],[-69,112],[-8,80],[-20,26],[-88,52],[-71,64],[-74,95],[-13,45],[2,55],[-17,122],[29,105],[-1,58],[25,63],[8,93],[-40,137],[-19,40],[-119,125],[-37,173],[15,65],[-37,68],[-5,55],[-19,18],[-91,11],[-131,68],[-58,38],[-66,55],[-47,67],[-26,51],[-5,47],[18,105],[95,134],[62,71],[32,58],[136,85],[-193,174],[-10,41],[-3,94],[-26,70],[21,92],[2,39],[1,38],[25,118],[32,37],[12,49],[62,101],[33,28],[41,-1],[95,-41],[65,10],[74,42],[41,12],[71,46],[59,-16],[43,13],[83,73],[28,40],[26,76],[34,39],[26,54],[58,11],[27,37],[71,49],[57,15],[62,50],[34,17],[40,-7],[198,-171],[66,-4],[49,36],[53,14],[133,-6],[138,7],[60,10],[46,-29],[87,-107],[95,-72],[48,-70],[45,-38],[157,-76],[22,-43],[24,-134],[-23,-59],[28,-57],[-3,-125],[31,-49],[41,-44],[209,63],[73,-8],[66,14],[63,30],[53,1],[75,36],[40,-10],[61,-56],[54,-37],[81,-23],[143,-65],[83,-17],[137,-56],[57,-57],[38,-22],[93,-24],[56,-30],[35,-52],[21,-6],[129,13],[41,9],[144,17],[36,-7],[39,-29],[83,-2],[245,-21],[59,-28],[41,-53],[31,-79],[13,-6],[157,32],[49,33],[64,22],[36,22],[134,61],[103,14],[52,-7],[69,-34],[62,5],[86,42],[35,45],[77,173],[19,88],[25,33],[86,48],[7,40],[51,63],[17,7],[53,-18],[55,-6],[80,8],[45,19],[85,-10],[49,-47],[30,-8],[94,-60],[29,-49],[14,-63],[28,-27],[69,-21],[52,13],[46,28],[72,106],[78,32],[60,64],[138,-51],[35,22],[15,52],[46,48],[18,46],[13,99],[0,142],[47,30],[70,79],[23,9],[62,-12],[46,2],[82,26],[105,21],[115,-7],[226,1],[63,10],[37,78],[85,104],[94,14],[21,29],[18,73],[-5,96],[11,25],[101,21],[42,0],[118,-19],[38,13],[71,82],[20,37],[130,-18],[49,27],[21,-6],[61,-66],[67,-9],[92,-43],[43,-5],[114,18],[23,58],[24,20],[85,22],[81,59],[39,84],[45,181],[62,75],[31,94],[65,42],[56,-34],[29,-58],[58,-22],[39,2],[126,45],[43,27],[119,48],[81,9],[76,17],[36,-76],[50,-28],[17,-76],[35,-10],[52,-69],[29,-53],[69,-16],[35,-23],[59,-12],[53,25],[62,9],[30,25],[26,54],[54,30],[52,-1],[59,-17],[33,-32],[15,-69],[-10,-50],[29,-59],[11,-49],[21,-43],[13,-63],[62,-39],[44,-12],[36,-41],[5,-38],[-18,-53],[16,-112],[28,-121],[5,-48],[52,-23],[42,-34],[55,-30],[41,-1],[62,52],[58,18],[67,71],[132,-9],[50,-34],[69,-13]],[[23496,92748],[13,-41],[-18,-49],[29,-76],[24,-15],[21,-79],[-18,-53],[15,-39],[87,-70],[92,-35],[31,-21],[18,-48],[37,-58],[30,-14],[50,-3],[43,-25],[48,-13],[65,-37],[83,-9],[67,21],[66,-5],[84,-54],[15,-67],[-9,-26],[-68,-88],[-52,-55],[33,-52],[-30,-59],[17,-89],[-34,-111],[45,-17],[58,-6],[71,17],[123,10],[44,-8],[42,-50],[16,-36],[37,-16],[38,-43],[7,-85],[68,-53],[78,7],[6,-81],[-6,-73],[4,-70],[-23,-55],[13,-95],[28,-67],[1,-55],[-63,-73],[3,-58],[-47,-60],[-74,-37],[-66,-78],[-27,-55],[-51,-46],[-20,-30],[-93,-36],[-15,-46],[-35,-30],[-24,-39],[25,-44],[-4,-81],[15,-34],[64,-55],[-5,-41],[55,-143],[-19,-77],[19,-86],[41,-54],[62,-49],[137,-1],[59,-8],[147,23],[100,2],[110,-39],[28,28],[46,6],[45,-65],[110,-2],[76,-39],[32,-4],[33,20],[79,19],[89,30],[81,7],[42,-27],[55,4],[92,53],[45,10],[104,-82],[1,-49],[20,-61],[51,-43],[44,-54],[18,-8],[60,12],[72,0],[93,-19],[82,7],[35,-14],[90,-80],[100,5],[20,36],[51,29],[55,59],[46,13],[46,-10],[58,4],[103,19],[53,-6],[47,19],[10,-41]],[[27291,89203],[39,-79],[47,-31],[9,-49],[79,-61],[6,-20],[68,-29],[168,-97],[31,-70],[39,-30],[62,26],[86,20],[106,-45],[45,15],[61,-4],[13,-37],[111,-63],[50,-70],[35,-91],[19,-20],[59,-2],[63,12],[30,-19],[6,-55],[23,-27],[51,1],[62,-38],[119,-11],[36,-10],[31,-26],[62,-33],[44,-42],[94,-18],[40,-72],[57,-40],[39,-13],[51,10],[103,-20],[13,-88],[42,-56],[3,-30],[-45,-125],[-35,-57],[-54,-55],[-37,-63],[-9,-53],[9,-24],[-8,-44],[-57,-135],[-50,-60],[-7,-53],[16,-45],[-22,-75],[1,-42],[-22,-31],[-51,-43],[-79,-29],[-10,-29],[22,-37],[-43,-182],[18,-52],[-13,-56],[-53,-60],[-8,-49],[-56,-57],[-15,-46],[2,-38],[-14,-78],[-13,-28],[4,-77],[-25,-115],[-8,-128],[2,-48],[-13,-77],[3,-62],[-45,-60],[-31,-86],[-7,-58],[-22,-39],[-71,-45],[-70,-62],[-96,-48],[-34,18],[-55,5],[-65,-33],[-75,-11],[-61,7],[-103,-11],[-9,-46],[-37,-53],[-4,-64],[12,-81],[45,-132],[2,-22],[-73,-139],[5,-75],[-14,-62],[-1,-126],[-22,-59],[-36,-67],[13,-95],[25,-107],[-4,-59],[-33,-66],[105,-97],[58,-141],[-20,-84],[22,-87],[-16,-23],[-116,-62],[17,-77],[4,-71],[44,-50],[74,-51],[16,-25],[-12,-81],[24,-72],[-17,-38],[75,-60],[92,-5],[79,-58],[28,-76],[-9,-62],[25,-69],[26,-35],[29,-14],[54,-58],[23,-14],[61,-5],[75,19],[24,25],[44,6],[91,-40],[30,-28],[-25,-80],[45,-52],[93,-60],[32,-44],[48,-104],[29,-40],[82,-68],[35,2],[70,-26],[-11,-41],[-1,-86],[32,-13],[11,-111],[-13,-79],[-18,-62],[3,-152],[-25,-69],[-34,-65],[1,-63],[50,-89],[50,-42],[-19,-43],[21,-43],[-2,-26],[-36,-73],[-58,-56],[-24,-53],[-32,-27],[-43,-83],[-43,-45],[0,-70],[51,-65],[-4,-47],[-37,-61],[-1,-50],[31,-76],[-11,-185],[10,-30],[49,-34],[-25,-58],[-5,-95],[5,-75],[-80,-87],[5,-50],[-10,-40],[-32,-32],[-23,-68],[5,-37],[-11,-45],[24,-32],[12,-68],[-17,-43],[15,-42],[32,-44],[-13,-24],[-41,2],[-52,-27],[-37,-37],[17,-98],[35,-69],[54,-13],[42,-22],[-10,-52],[6,-53],[41,-17],[37,14],[31,-29],[27,-46],[47,-25],[-13,-57],[8,-35],[-24,-76],[21,-64],[54,-1],[50,-28],[71,-20],[16,-14],[0,-49],[30,-94],[-17,-26],[-3,-54],[-30,-32],[-40,-8],[-49,-58],[-20,21],[-47,-7],[-45,-46],[-50,-83],[-23,-20],[-62,-24],[-39,-46],[-14,-33],[-53,-62],[-62,-32],[-49,-7],[-33,-30],[-31,-106],[-8,-97],[29,-48],[9,-43],[25,-25],[14,-57],[-43,-82],[41,-59],[4,-44],[-13,-36],[-79,-81],[-16,-77],[-37,-68],[11,-17],[92,-37],[13,-22],[-5,-38],[-31,-67],[3,-54],[58,-51],[85,-27],[85,-59],[44,-106],[22,-15],[57,-1],[68,-24],[38,-31],[12,-60],[-32,-54],[24,-18],[4,-116],[-50,-65],[-14,-31],[-66,-45],[5,-60],[26,-34],[31,13],[40,46],[23,1],[48,-30],[19,-31],[117,-47],[131,-34],[40,-27],[83,-2],[76,-40],[27,-42],[52,7],[70,-20],[104,49],[38,1],[123,-26],[80,-108],[24,-40],[8,-57],[-57,-83],[-81,-52],[-20,-24],[-19,-112],[-52,-44],[7,-39],[35,-17],[12,-38],[-10,-26],[85,-21],[38,-37],[1,-57],[-46,-9],[-11,-92],[-22,-38],[-42,-2],[-53,-23],[-55,23],[-42,-27],[2,-44],[-27,-25],[-17,-58],[-35,-30],[-71,-14],[-9,-78],[-36,-39],[-6,-68],[-36,-38],[-13,-47],[5,-41],[-26,-71],[-71,-14],[-43,-17],[-72,3],[-54,-33],[-77,11],[-73,-9],[-37,-30],[-19,-56],[-33,-39],[-41,-21],[-65,-70],[-36,-69],[-14,-51],[-43,-108],[-30,-53],[-20,-73],[9,-66],[-28,-43],[-27,-81],[-48,-40],[-117,-10],[-41,-31],[2,-76],[57,-95],[13,-53],[41,-87],[87,-8],[85,-41],[72,-14],[22,-14],[50,-84],[10,-30],[-1,-65],[34,-65],[43,-35],[151,-19],[19,4],[21,71],[46,31],[60,24],[35,68],[-11,168],[31,79],[32,38],[76,68],[19,88],[68,110],[66,42],[73,26],[47,46],[54,33],[33,5],[119,-35],[49,-55],[8,-24],[-13,-41],[38,-38],[0,-47],[17,-13],[64,-5],[26,-11],[104,-128],[92,-74],[139,-79],[100,-7],[56,-35],[6,-47],[19,-32],[98,-65],[6,-22],[-16,-52],[10,-61],[-8,-31],[17,-53],[63,-73],[5,-29],[-27,-93],[2,-41],[-45,-76],[-48,-16],[-30,-60],[-74,-32],[59,-4],[2,-24],[-75,6],[-33,28],[-325,103],[-50,19],[-52,-20],[-16,-47],[13,-53],[0,-80],[24,-44],[-6,-41],[20,-71],[31,-31],[145,-73],[22,-61],[52,-50],[71,-31],[61,-64],[78,-37],[165,-31],[101,-42],[92,-55],[133,-111],[57,-60],[26,-46],[5,-34],[-27,-31],[-144,6],[-40,-10],[-54,-34],[-2,-20],[24,-69],[45,-48],[69,-28],[73,-9],[51,-43],[52,1],[101,-11],[87,-92],[69,-42],[76,-99],[54,-54],[95,-65],[40,-39],[10,-30],[9,-92],[-7,-37],[-73,-118],[-25,-90],[21,-108],[80,-147],[33,-100],[29,-49],[57,-32],[30,-38],[30,-58],[39,-103],[10,-69],[15,-49],[-34,-45],[-99,-5],[-255,24],[-94,-13],[-95,13],[-59,-18],[-43,-33],[-66,-12],[-76,-1],[-51,-28],[-46,-12],[-37,-28],[-37,-10],[-96,6],[-58,-21],[-70,-54],[-106,-68],[-37,-99],[11,-47],[78,-85],[-7,-35],[-44,-62],[-117,-67],[-51,-53],[-104,-42],[-81,-3],[-91,20],[-108,1],[-22,14],[-12,48],[-3,66],[-72,57],[-10,21],[10,64],[38,95],[17,58],[-69,67],[-41,16],[-66,0],[-51,-23],[-90,-22],[-50,-29],[-29,-29],[-81,-127],[44,-65],[92,-75],[42,-62],[49,-55],[29,-83],[23,-22],[103,-6],[42,-19],[60,-65],[19,-5]],[[5787,58462],[-86,16],[-136,52],[-108,75],[-156,71],[-138,85],[-60,53],[-48,92],[-12,54],[9,37],[138,102],[7,18],[-11,112],[0,118],[-11,19],[-110,46],[-23,29],[-25,85],[-43,15],[-113,-9],[-38,5],[-75,39],[-86,10],[-130,56],[-28,60],[-61,31],[-42,35],[-28,65],[-32,10],[-14,24],[5,125],[12,102],[-17,108],[-20,32],[-61,6],[-76,24],[-37,31],[-42,13],[-162,18],[-68,36],[-108,147],[-95,122],[-45,73],[-7,30],[23,88],[-14,38],[-50,79],[-37,102],[44,59],[-16,59],[-31,44],[-54,35],[-34,38],[-99,70],[-90,24],[-40,41],[-45,1],[-55,42],[-48,97],[-42,63],[-3,66],[-97,143],[-89,143],[-25,22],[-56,16],[-16,33],[31,2],[59,59],[1,35],[-33,91],[-80,117],[-12,31],[21,102],[-10,45],[-91,59],[-39,41],[-7,39],[11,40],[48,60],[20,52],[17,89],[41,50],[23,67],[-5,72],[-37,57],[0,75],[-48,7],[-14,77],[-73,66],[-81,37],[-3,16],[46,45],[80,17],[31,20],[15,101],[37,39],[54,-7],[118,127],[18,30],[6,82],[-15,36],[-65,95],[-9,70],[107,66],[54,109],[59,90],[42,44],[71,34],[93,10],[65,25],[27,27],[22,52],[7,70],[-12,66],[16,78],[80,107],[29,86],[0,82],[-8,143],[-27,142],[16,53],[-5,34],[-21,28],[-15,49],[-31,57],[-92,144],[-7,136],[-41,171],[-26,38],[-12,42],[0,55],[51,97],[100,112],[93,47],[36,45],[70,39],[21,37],[13,108],[23,52],[29,25],[47,17],[32,94],[31,38],[118,87],[23,55],[-21,103],[1,70],[-24,72],[-85,179],[-17,21],[-108,84],[-30,79],[-34,45],[-38,79],[-77,53],[-33,41],[-25,80],[-51,97],[-44,42],[-17,33],[-39,144],[-50,148],[-14,27],[-111,84],[-90,88],[-94,49],[-26,53],[-44,190],[-35,83],[2,44],[47,99],[23,11],[28,-19],[27,9],[55,95],[60,55],[45,85],[44,54],[45,34],[45,49],[0,71],[32,38],[10,53],[-10,37],[-72,54],[-3,43],[17,17],[83,38],[33,40],[33,7],[57,-10],[92,79],[-2,132],[-21,72],[10,85],[-26,83],[-8,52],[13,86],[-9,49],[-47,81],[-60,59],[-14,44],[17,20],[62,29],[127,27],[39,22],[44,50],[64,44],[108,50],[38,9],[87,-8],[65,8],[52,22],[45,79],[80,49],[14,82],[27,54],[70,51],[23,81],[-40,129],[2,43],[68,89],[31,59],[54,46],[80,44],[62,50],[46,27],[73,12],[101,-8],[49,8],[56,37],[-4,133],[11,48],[48,117],[39,61],[51,101],[8,58],[-8,43],[-71,91],[-17,36],[-16,101],[12,63],[28,66],[0,46],[-17,59],[-28,49],[-59,57],[-9,24],[9,100],[-13,116],[-21,108],[-25,72],[19,79],[12,124],[-11,123],[20,77],[49,59],[70,49],[22,47],[-13,69],[-27,56],[2,68],[26,33],[61,38],[-45,31],[-65,28],[-46,43],[-12,41],[2,44],[-27,73],[-50,11],[-45,33],[-86,25],[-37,29],[-15,31],[0,53],[-35,63],[-43,20],[-34,74],[-10,60],[-79,11],[-91,62],[-37,2],[-111,-15],[-25,8],[-40,64],[-49,21],[-37,-40],[-78,-16],[-59,39],[-1,47],[-22,42],[-116,20],[-95,5],[-46,46],[-35,7],[-49,-13],[-47,17],[-20,49],[-72,83],[-33,85],[23,70],[-13,149],[16,44],[-8,38],[-28,37],[-62,15],[-49,46],[-77,41],[-29,41],[-52,123],[-45,32],[-144,86],[-96,43],[33,125],[-13,34],[-66,46],[-56,56],[-23,74],[21,58],[10,107],[-34,40],[-107,52],[-43,78],[-40,36],[-25,46],[0,38],[-31,59],[-10,57],[-82,69],[-12,73],[-55,130],[-39,46],[-81,37],[-53,32],[-43,50],[-70,-13],[-34,37],[-39,98],[-25,45],[-64,31],[-74,130],[-69,25],[-84,-10],[-55,-47],[-60,6],[-54,69],[5,68],[-59,39],[-28,-16],[-75,-67],[-32,14],[-16,92],[-47,48],[-39,14],[-57,67],[-89,40],[-68,23],[-42,42],[-72,6],[-35,40],[-3,97],[-29,80],[-50,55],[-13,65],[-123,21],[-41,31],[-85,114],[-24,18],[-86,16],[-44,27],[-53,108],[-64,57],[-68,92],[-12,57],[13,32],[62,31],[8,30],[-8,72],[28,68],[6,42],[33,69],[16,86],[55,64]],[[93218,54492],[-3,-57],[-22,-40],[4,-33],[39,-48],[-4,-66],[115,-33],[10,-27],[47,-26],[33,-64],[10,-72],[33,-17],[109,57],[25,0],[38,-25],[51,-9],[21,12],[31,88],[55,4],[47,-48],[108,-48],[37,-80],[39,-43],[41,-22],[38,7],[122,-95],[38,-38],[2,-25],[-47,-104],[-45,-138],[59,-71],[24,-49],[122,-29],[12,-21],[-25,-67],[-8,-78],[26,-32],[73,-20],[44,-37],[37,-57],[-17,-59],[10,-53],[51,-50],[40,-13],[155,20],[107,32],[105,-33],[93,-17],[67,-65],[2,-14],[-46,-84],[-2,-27],[17,-79],[48,-61],[11,-49],[-16,-95],[-12,-36],[-59,-52],[52,-50],[48,-71],[13,-40],[-24,-138],[66,-116],[-6,-25],[-179,-97],[-3,-27],[38,-22],[34,-40],[15,-39],[72,-113],[60,-68],[62,-101],[13,-47],[-1,-76],[-33,-69],[-4,-27],[14,-75],[-7,-35],[-76,-80],[-20,-66],[-63,-52],[-57,-12],[-22,-41],[-50,-169],[70,-103],[72,-36],[23,-38],[6,-131],[33,-19],[88,16],[56,-5],[86,-103],[8,-39],[-59,-64],[2,-11],[77,-18],[76,-51],[65,-26],[22,-66],[49,-17],[69,35],[85,27],[88,38],[55,-38],[111,-56],[33,-11],[133,3],[16,-71],[22,-24],[87,-63],[5,-13],[-33,-163],[30,-44],[76,-14],[141,-70],[46,25],[73,-76],[7,-48],[-58,-90],[-67,-215],[-17,-28],[-80,43],[-108,42],[-63,97],[-17,3],[-21,-51],[-26,-29],[-72,11],[-142,-28],[5,-66],[41,-124],[-12,-55],[-121,-61],[-95,-13],[-82,7],[-43,-68],[-37,-37],[-50,-28],[-40,-37],[-96,-26],[-30,-93],[-65,-130],[-19,-74],[-7,-95],[-24,-40],[-84,-65],[-51,-74],[-11,-36],[-10,-102],[-17,-46],[-21,-110],[24,-36],[27,-86],[-2,-67],[-16,-63],[-92,-159],[-29,-153],[7,-108],[-8,-70],[-26,-97],[9,-140],[-8,-24],[-82,-115],[-82,-130],[-8,-103],[-83,-36],[-21,-49],[15,-75],[-22,-40],[-35,-29],[23,-31],[96,-43],[49,-44],[19,-29],[22,-74],[59,-28],[54,-66],[31,-16],[61,-4],[103,8],[140,22],[27,11],[22,-24],[47,-134],[46,-81],[56,-46],[97,-41],[21,-24],[5,-51],[-15,-76],[-158,-143],[-78,-52],[-7,-20],[20,-82],[4,-71],[45,-96],[16,-99],[4,-133],[-30,-111],[10,-147],[-25,-15],[-65,91],[-49,127],[-16,89],[-7,127],[-21,121],[-9,113],[-25,39],[-31,18],[-53,60],[-35,74],[-79,51],[-40,38],[-28,54],[-47,31],[-68,58],[-108,52],[-84,24],[-13,28],[-63,63],[-67,9],[-19,-63],[-396,84],[-94,0],[-342,76],[-75,38],[-38,41],[-46,29],[-197,74],[-411,-53],[-85,-13],[-13,-16],[13,-55],[-39,-9],[-7,28],[-56,-14],[-18,10],[-209,-35],[0,-7],[-76,-12],[-121,-37],[-106,-50],[-69,-71],[-3,-56],[33,1],[-21,-61],[-42,-35],[-35,-75],[-33,-29],[-26,-68],[-80,-35],[-60,4],[-57,35],[-72,74],[0,79],[-29,98],[-17,14],[-45,-4],[-21,22],[-24,97],[-325,65],[-114,-130],[19,-49],[76,-24],[55,-64],[41,-123],[11,-94],[-41,-13],[19,-71],[9,-95],[-467,-207],[-77,157],[91,40],[-36,75],[-105,146],[-18,19],[8,27],[68,31],[-10,48],[-132,-8],[-4,-27],[-79,-82],[-21,-9],[33,-98],[86,31],[3,-8],[-87,-32],[18,-75],[42,-76],[9,-52],[25,-21],[5,-185],[-15,-66],[-28,-60],[54,-78],[-10,-2],[45,-72],[27,-1],[11,-31],[-31,-44],[-17,-47],[-6,-72],[-71,-38],[-16,-27],[9,-106],[-31,-5],[-74,-35],[-42,-2],[-287,-38],[-137,7],[-34,9],[-178,29],[-90,-48],[-155,-30],[-146,6],[-40,-8],[-48,16],[-107,10],[-82,-11],[-78,21],[-74,-17],[-66,-91],[-45,-38],[-33,-8],[-94,-51],[-38,-7],[-114,-39],[-63,-29],[-43,-5],[-124,-46],[-53,14],[-33,71],[-20,21],[-23,106],[-31,40],[-38,28],[-39,50],[-41,13],[-35,30],[-90,44],[-40,6],[-40,43],[-40,20],[-44,0],[-94,30],[-56,38],[-47,12],[-25,-15],[-108,59],[-47,-32],[29,-68],[-24,-33],[17,-43],[-26,-28],[-87,13],[-31,21],[-166,62],[-42,31],[-36,-5],[-75,11],[-36,23],[-90,-12],[-27,-47],[-78,-69],[-60,16],[-21,22],[0,45],[15,10],[4,73],[84,-9],[32,46],[-14,61],[17,29],[38,-9],[50,-31],[57,15],[18,33],[-16,50],[32,44],[26,-19],[108,-2],[18,9],[134,-39],[40,49],[-14,101],[5,44],[32,48],[-3,42],[-28,87],[-51,95],[-68,110],[-15,56],[-69,17],[-49,153],[8,16],[-27,65],[-29,19],[-49,8],[-391,-25],[-11,64],[-61,-1],[-15,-181],[-164,-14],[-36,-14],[-24,14],[-8,95],[-82,-6],[-6,8],[-140,-87],[-13,13],[-3,50],[-50,6],[-98,24],[-102,-7],[14,-24],[-78,-15],[1,10],[-60,11],[8,28],[-55,23],[-8,-33],[-118,68],[-63,4],[-61,-6],[-96,-23],[-6,31],[-6,-76],[-45,0],[-5,-30],[-67,16],[-9,-62],[-365,47],[7,39],[-141,66],[-12,-4],[-337,93],[-121,51],[-39,26],[-175,99],[25,58],[-49,21],[-36,-48],[-241,126],[-104,62],[-79,52],[-230,121],[-39,26],[-55,56],[1,50],[35,48],[132,105],[35,47],[-12,14],[-65,-47],[-132,178],[-7,16],[31,58],[-24,9],[-56,-86],[6,-11],[-18,-61],[30,-96],[-47,-51],[-57,83],[-25,20],[-94,-109],[-32,25],[-42,-36],[-165,-188],[12,-4],[-116,-145],[45,-79],[-76,3],[-1,-24],[82,-7],[22,-10],[38,-53],[-175,-91],[80,-133],[22,24],[8,94],[87,50],[105,45],[220,-4],[7,-13],[110,-52],[124,1],[183,-69],[61,-14],[14,15],[110,-66],[86,-68],[317,-285],[154,-57],[-2,-7],[216,-56],[-7,-63],[83,-15],[93,-39],[114,-21],[146,-15],[55,-31],[13,-55],[-11,-34],[-48,-344],[-105,14],[-33,-18],[-161,-110],[-81,-44],[-126,-30],[-63,-9],[-18,8],[-119,-27],[-70,59],[-73,71],[-49,-65],[-40,-12],[-8,-111],[-150,-19],[142,-35],[-65,4],[-85,-15],[86,8],[122,-38],[4,-250],[59,27],[11,50],[89,7],[5,17],[105,-49],[40,-86],[-28,-15],[11,-57],[-16,-63],[31,-48],[90,-11],[44,21],[18,26],[36,-6],[47,-41],[68,-19],[50,8],[60,41],[21,49],[68,26],[5,30],[80,117],[90,-8],[57,14],[34,-47],[33,-25],[43,-5],[52,18],[68,-16],[12,-59],[-35,-41],[19,-37],[46,-7],[51,23],[38,47],[45,16],[112,126],[41,13],[54,-11],[57,-29],[65,-56],[14,-53],[-17,-50],[-36,-6],[-78,-40],[-92,-23],[-72,16],[-16,-9],[-36,-59],[-25,-14],[-70,-7],[-32,-56],[-37,-36],[-60,-42],[-44,-1],[-7,28],[-39,22],[-56,-27],[-13,-57],[-139,-54],[-46,-34],[-58,-26],[0,-11],[-134,-50],[-64,-47],[-16,-45],[-27,-29],[-42,1],[-51,-35],[-44,7],[-34,-45],[-33,-20],[-109,-49],[-7,-29],[30,-16],[104,64],[166,30],[61,33],[82,92],[39,22],[57,12],[51,-2],[37,11],[32,25],[82,26],[34,-8],[61,-78],[45,-39],[289,42],[299,18],[88,-16],[64,1],[47,-14],[77,-7],[54,-22],[35,16],[87,-11],[1,-13],[-44,-44],[18,-16],[45,46],[32,-28],[-112,-113],[10,-24],[93,55],[102,31],[23,30],[1,45],[-27,32],[35,-16],[44,5],[76,93],[37,18],[89,77],[58,3],[31,-11],[87,15],[73,56],[43,11],[75,0],[65,25],[68,83],[-11,59],[-38,46],[-2,47],[50,33],[57,-5]],[[87216,43659],[10,-70],[24,-29],[60,2],[66,-127],[18,-108],[-52,-95],[-2,-19],[32,-55],[9,-103],[21,-52],[-8,-74],[39,-39],[-6,-50],[-55,-70],[-118,-61],[-36,-33],[-112,18],[-89,25],[-27,-19],[-24,-101],[-23,-30],[-31,-10],[-84,-6],[-94,-28],[-46,-49],[-57,-5],[-88,-42],[-30,-2],[-90,36],[-73,41],[-26,-17],[-19,-41],[-76,2],[-46,11],[-106,45],[-28,27],[-42,5],[-24,-17],[-66,-22],[-73,-44],[-24,-5],[-134,111],[-30,16],[-104,-55],[-39,-48],[-58,-36],[-32,-41],[-29,-16],[-156,-14],[-40,-76],[-39,-5],[-96,19],[-62,-18],[-161,8],[-52,-19],[-47,-60],[-4,-30],[-76,-60],[-33,-50],[-29,-27],[-77,-30],[-62,15],[-57,-15],[-27,-56],[-61,-44],[-60,-95],[-43,-30],[-146,27],[-34,-25],[-48,-174],[-139,-69],[-21,-18],[-64,-101],[-33,23],[-124,-5],[-78,36],[-60,12],[-62,-49],[-53,-98],[-23,-20],[-43,-9],[-10,-19],[-4,-92],[-19,-112],[-51,-91],[-72,-44],[-76,-5],[-35,-19],[-50,-52],[-85,-46],[-164,-52],[-100,-9],[-100,-88],[-22,-13],[-99,-29],[-49,-25],[-41,-54],[-59,-44],[-88,-4],[-87,14],[-45,-14],[-91,-3],[-77,-29],[-41,2],[-49,48],[-65,16],[-119,-33],[-92,4],[-49,-29],[-49,-61],[-73,-5],[-83,13],[-117,29],[-28,16],[-30,62],[-39,53],[25,62],[-12,66],[-49,78],[4,42],[35,68],[-18,59],[-66,163],[17,18],[45,-33],[51,21],[45,51],[41,24],[77,24],[-5,20],[-76,57],[-18,-1],[-27,-52],[-30,21],[-54,76],[-8,40],[-40,57],[-16,39],[-1,44],[22,108],[-4,138],[7,81],[-36,47],[-119,46],[6,30],[35,39],[-13,33],[16,33],[-17,54],[-49,37],[50,68],[7,59],[45,48],[27,82],[80,58],[48,149],[-40,59],[28,75],[8,85],[-10,82],[10,61],[68,36],[34,29],[85,43],[-24,71],[-2,60],[56,71],[34,19],[16,84],[52,44],[-3,75],[42,94],[-29,46],[-36,23],[-49,9],[-82,40],[-70,10],[-106,-3],[-47,25],[-24,54],[-32,106],[-34,76],[-68,32],[-39,38],[-27,2],[-69,-22],[-99,81],[-93,51],[-41,34],[-40,15],[-72,54],[-48,105],[-33,33],[-19,70],[-68,48],[-39,60],[9,85],[74,123],[-8,21],[-41,33],[-48,13],[-97,-60],[-155,-46],[-58,14],[-74,64],[-78,26],[-66,-36],[-117,-49],[-49,-46],[-23,-104],[-50,-68],[-70,-50],[-84,-17],[-42,-39],[-18,-35],[-54,-15],[-8,-24],[3,-81],[-19,-18],[-102,-40],[-44,-44],[-21,-38],[-45,-109],[-21,-21],[-70,-30],[-44,0],[-71,32],[-48,6],[-15,-16],[-49,-124],[-45,-9],[-97,31],[-62,-10],[-140,-11],[-64,-10],[-79,-22],[-107,41],[-46,0],[-2,-77],[-12,-39],[-53,-49],[-42,-25],[-45,-11],[-12,-51],[20,-157],[-44,-67],[-54,-65],[-137,-177],[-64,-95],[33,-26],[252,-166],[-109,-157],[62,-38],[-138,-196],[95,-60],[-122,-176],[-124,83],[-98,71],[-128,117],[1,103],[-13,20],[-65,36],[-289,206],[-46,19],[-107,80],[-35,0],[1,30],[66,104],[-25,13],[-137,101],[-107,49],[-55,-14],[-149,75],[-47,-3],[6,29],[56,65],[54,99],[52,77],[11,40],[-2,67],[20,82],[70,111],[10,51],[-62,88],[11,121],[0,90],[-14,44],[120,506],[0,99],[-27,28],[-76,29],[-156,27],[-95,-64],[-49,-81],[-6,-54],[-69,-3],[-320,48]],[[77535,47660],[28,33],[9,42],[-19,83],[41,67],[-26,123],[55,9],[100,-45],[42,21],[35,99],[28,19],[109,-9],[92,63],[51,15],[41,26],[63,-4],[40,7],[58,61],[122,5],[62,7],[32,71],[95,137],[30,59],[30,-3],[63,39],[48,69],[48,28],[60,7],[25,15],[41,58],[43,13],[34,-17],[45,-4],[13,60],[36,30],[29,49],[68,55],[29,34],[33,64],[22,20],[37,-4],[95,-40],[67,-14],[50,26],[54,121],[20,14],[47,-35],[49,-18]],[[79709,49116],[21,-74],[25,-41],[55,-42],[11,-18],[-15,-61],[20,-28],[125,-75],[23,-38],[-35,-49],[-7,-54],[29,-56],[46,-22],[94,-33],[39,-28],[109,19],[49,-5],[55,-62],[47,-6],[40,-24],[48,-67],[16,-9],[60,5],[49,16],[170,85],[80,59],[39,41],[20,-6],[142,-159],[24,-19],[69,-21],[78,4],[121,33],[160,36],[51,-9],[149,-77],[64,-1],[91,14],[190,42],[126,51],[90,71],[55,7],[64,-62],[25,-10],[47,8],[49,43],[81,117],[51,99],[109,51],[54,35],[35,37],[70,115],[27,15],[103,-14],[158,-65],[23,-32],[18,-69],[64,-59],[71,41],[38,5],[49,-15],[55,56],[131,82],[43,11],[42,-49],[10,-69],[39,-25],[57,2],[111,70],[37,3],[22,-34],[4,-45],[20,-45],[23,-2],[23,38],[37,137],[19,23],[87,44],[28,4],[197,2],[88,29],[41,45],[110,100],[7,27],[-87,80],[-51,61],[-9,45],[42,72],[11,43],[-85,238],[-92,90],[-11,30],[-26,124],[-35,61],[-35,86],[-67,34],[-74,71],[-57,90],[-26,25],[-50,26],[-123,40],[-180,6],[32,101],[-4,77],[6,106],[47,26],[58,59],[102,69],[85,3],[147,42],[69,15],[21,18],[3,44],[25,63],[11,92],[39,114],[81,116],[56,188],[15,25],[-3,77],[-13,39],[-153,123],[-18,11],[-61,-2],[-109,77],[-47,19],[-89,-19],[-39,3],[-74,33],[-32,36],[-46,105],[5,52],[-24,55],[12,62],[-23,60],[-8,57],[8,37],[50,124],[-11,28],[-46,-10],[-28,17],[-87,101],[-6,33],[45,64],[37,92],[60,58],[53,66],[26,74],[22,100],[32,76],[0,79],[-23,113],[-25,87],[-54,59],[10,20],[122,11],[83,26],[75,52],[98,98],[29,42],[62,132],[10,57],[-48,109],[-11,209],[11,71],[41,85],[50,50],[47,28],[81,20],[52,-24],[38,-1],[27,52],[0,62],[17,25],[75,56],[26,61],[38,59],[65,29],[157,22],[70,112],[26,77],[65,79],[24,56],[-1,79],[22,56],[60,37],[15,31],[-15,32],[-46,49],[-11,54],[32,108],[99,45],[86,65],[18,41],[-4,64],[10,49],[28,57],[48,60],[2,67],[-17,38],[-66,45],[-2,13],[78,130],[42,54],[42,102],[21,29],[40,18],[65,6],[42,13],[17,25],[5,96],[166,58],[38,37],[6,36],[-30,42],[-77,47],[-134,39],[-133,50],[-74,16],[-65,5],[-46,43],[-37,61],[-113,106],[3,36],[68,110],[94,11],[29,18],[15,48],[3,103],[32,55],[4,60],[-32,127],[-26,37],[-44,17],[-83,70],[-60,42],[-165,204],[-20,74],[8,129],[-6,119],[-19,43],[-63,69],[-57,16],[-40,24],[-73,-1],[-68,-23],[-62,-42],[-25,-7],[-75,12],[-84,-17],[-42,11],[-77,63],[-78,39],[-90,15],[-48,38],[-13,30],[-27,8],[-53,-33],[-76,-73],[-29,-4],[-66,23],[-34,30],[-38,12],[-71,5],[-23,42],[-54,29],[-74,3],[-61,70],[-28,48],[9,84],[-7,66],[-28,7],[-116,-16],[-92,-31],[-47,-28],[-73,-13],[-84,-34],[-41,-43],[-109,-35],[-80,22],[-56,-12],[-67,-28],[-46,17],[-1,42],[26,144],[17,177],[-4,63],[33,103],[17,26],[53,46],[25,52],[40,21],[34,34],[8,73],[50,82],[-15,47],[-53,47],[44,44],[52,82],[16,56],[0,101],[44,97],[0,56],[-61,138],[-4,31],[8,171],[46,111],[29,44],[37,-5],[53,-96],[76,-154],[94,-24],[64,-28],[62,31],[61,69],[97,73],[31,64],[3,85],[38,38],[117,83],[14,22],[0,87],[17,47],[7,87],[32,40],[50,-5],[26,-25],[35,-84],[30,-7],[-3,112],[16,103],[-17,62],[-56,68],[-21,93],[23,64],[59,23],[43,28],[21,93],[56,28],[-11,54],[-54,73],[-25,95],[-2,89],[23,55],[26,21],[96,46]],[[84276,62142],[47,2],[53,33],[28,69],[-1,73],[80,126],[44,41],[31,98],[0,62],[-87,126],[-42,103],[-27,29],[-98,75],[-76,19],[-21,18],[0,50],[32,54],[-3,23],[-41,38],[-81,19],[-17,16],[3,61],[62,52],[15,23],[5,66],[83,135],[22,126],[-6,40],[-64,46],[-31,73],[-22,105],[-27,203],[-42,88],[18,63],[-23,59],[-2,44],[32,117],[59,89],[55,39],[90,-50],[53,-11],[65,12],[58,58],[49,15],[102,-17],[77,1],[27,-8],[78,-77],[65,-52],[63,-80],[36,-31],[13,-31],[16,-158],[11,-34],[52,-34],[100,0],[96,34],[140,-9],[59,24],[58,9],[61,-13],[42,-25],[149,19],[122,67],[38,1],[31,-45],[22,-165],[22,-49],[116,-66],[76,-12],[60,-28],[109,-3],[30,-19],[18,-43],[18,-94],[29,-20],[121,81],[84,22],[35,24],[59,79],[11,60],[17,21],[97,28],[98,-12],[7,42],[-46,30],[-17,31],[-3,50],[-46,47],[-48,68],[-61,18],[-36,38],[-14,86],[21,115],[-50,112],[-2,23],[38,127],[48,39],[70,9],[72,-2],[49,24],[1,49],[-31,66],[-2,27],[22,45],[1,28],[-28,92],[37,50],[58,56],[3,35],[-54,57],[-11,29],[0,70],[-42,58],[4,19],[85,41],[48,15],[64,45],[17,-2],[70,-46],[35,-3],[43,53],[82,65],[85,28],[36,35],[19,66],[45,47],[28,8],[59,41],[64,30],[29,58],[7,59],[27,27],[26,64],[-2,45],[-17,66],[10,92],[-16,103],[-36,98],[-1,126],[-14,80],[10,61],[19,47],[15,108],[46,9],[86,-6],[193,36],[119,36],[52,4],[53,55],[78,57],[36,57],[89,46],[24,24],[74,37],[99,71],[17,102],[-40,47],[-6,28],[27,39],[-17,98],[-27,30],[-122,24],[4,111],[-45,79],[25,20],[114,28],[13,15],[8,101],[48,19],[109,-8],[33,34],[50,19],[36,2],[62,23],[59,10],[35,-9],[78,-48],[39,-34],[-35,-71],[171,-33],[25,-21],[5,-79],[11,-36],[56,-17]],[[89466,67908],[38,-67],[-20,-61],[-56,-51],[-44,-12],[45,-37],[10,-48],[-4,-67],[-46,-55],[19,-54],[2,-84],[11,-70],[2,-119],[36,-82],[-3,-68],[50,9],[76,-21],[60,-85],[93,-32],[30,-60],[67,-7],[24,-33],[-1,-111],[9,-35],[51,3],[71,35],[24,40],[25,133],[47,70],[55,42],[69,40],[47,12],[16,-21],[16,-65],[0,-63],[25,-12],[44,24],[70,64],[25,-75],[94,-42],[73,-43],[41,-2],[13,18],[-12,93],[55,-63],[84,-133],[18,-60],[57,-32],[141,-28],[49,-66],[45,-16],[51,-1],[19,-12],[13,-42],[27,-44],[66,-46],[52,-17],[15,-19],[-8,-50],[1,-75],[107,-8],[-19,-85],[-26,-66],[3,-61],[19,-38],[-39,-133],[-6,-66],[-43,-72],[-7,-46],[59,-32],[85,-28],[62,-27],[9,-78],[53,-67],[44,-40],[52,-13],[56,4],[67,21],[139,-36],[143,-7],[110,-37],[14,-24],[6,-68],[-24,-53],[-29,-35],[-61,-48],[-13,-27],[64,-172],[15,-13],[84,-16],[56,-22],[59,-40],[93,-85],[4,-18],[-7,-117],[7,-27],[-9,-95],[18,-36],[125,-116],[96,-75],[60,6],[108,29],[87,49],[5,-79],[24,-116],[-13,-129],[11,-24],[173,-72],[-13,-89],[-2,-124],[-14,-69],[15,-83],[-41,-27],[-27,-97],[-47,-10],[-85,15],[-26,-32],[-8,-73],[-16,-31],[-133,-29],[-23,-28],[-7,-65],[-63,-14],[-107,12],[-15,-42],[1,-37],[21,-31],[62,-43],[18,-69],[-21,-59],[-77,-21],[-74,-30],[-211,-16],[-75,0],[-37,-32],[-20,-46],[-11,-99],[-79,-18],[-37,13],[-101,64],[-101,-14],[-82,-54],[-125,-14],[-61,-57],[-114,-60],[-21,-17],[-14,-42],[-41,-41],[-128,-43],[-20,-19],[-48,-126],[21,-48],[-9,-32],[-68,-74],[-26,-15],[-59,13],[-84,2],[-97,-76],[-27,-85],[-25,-45],[12,-82],[-11,-78],[72,-58],[7,-51],[26,-102],[21,-54],[-40,-24],[-93,12],[-49,-10],[-57,-30],[-26,13],[-37,71],[-32,27],[-119,41],[-41,39],[-25,3],[-37,-34],[-67,-12],[-37,-42],[-15,-40],[-17,-139],[-12,-65],[36,-71],[-7,-43],[37,-65],[18,-62],[25,-27],[62,-32],[6,-26],[-26,-47],[-3,-33],[16,-18],[151,-30],[51,-61],[-6,-80],[43,-30],[25,-57],[-56,-119],[-28,-40],[-33,-22],[-20,-74],[-86,-59],[-29,-27],[-85,-117],[-26,-8],[-54,12],[-74,-1],[-65,-62],[-41,-12],[-109,-1],[-28,-12],[-4,-23],[24,-76],[-13,-91],[28,-16],[62,-62],[10,-46],[-13,-39],[-49,-93],[-10,-89],[-19,-47],[-38,-39],[-24,-127],[-1,-65],[-100,-52],[-79,-53],[-26,-54],[-28,-26],[-24,-56],[-28,-36],[-3,-27],[67,-116],[-8,-17],[-75,-73],[-34,-45],[-66,-32],[-33,-114],[8,-93],[-4,-98],[11,-63],[-13,-40],[-74,-80],[-9,-43],[25,-54],[57,-5],[35,-20],[22,-42],[0,-91],[25,-64],[85,-96],[45,-23],[104,66],[55,0],[44,-48],[22,-41],[36,-112],[32,5],[45,36],[33,0],[80,-28],[35,-26],[20,-41],[60,-29],[54,-59],[2,-27],[-91,-118],[2,-45],[45,-56],[59,-118],[2,-48],[59,-53],[97,-37],[50,-26],[-19,-106],[36,-74],[-9,-40],[-72,-109],[-39,-34],[-38,-14],[-58,-3],[-22,-45],[-63,-22],[-36,-44],[68,-106],[49,-123],[25,-91],[-16,-49],[-37,-37],[-78,-58],[-16,-21],[3,-74],[41,-77],[1,-49],[16,-37],[93,-145],[36,-86],[37,-21],[62,22],[40,-27],[43,-62],[42,-21],[73,45],[131,-1],[132,74],[9,65],[28,-1],[78,-54],[88,-35],[26,0],[72,68],[96,49],[31,44],[18,59],[14,-19],[43,-13],[28,-29],[61,13],[23,-12],[66,-4],[150,39],[149,65],[94,14],[56,69],[79,-6],[41,-27],[6,-32],[35,-14],[140,9],[43,-16],[59,-3],[47,-16],[76,-47],[7,-15],[-33,-42],[11,-45],[28,-47],[-14,-52],[7,-26],[-35,-98],[14,-59],[-36,-51],[-6,-72],[19,-50],[-4,-129],[10,-26],[80,-36],[141,-106],[60,-21],[104,11],[39,-82],[20,-21],[35,-71],[131,35],[32,-4],[37,-33],[17,-39]],[[91321,43540],[21,67],[5,78],[56,48],[64,97],[23,80],[30,58],[18,111],[-24,64],[6,18],[-13,148],[-20,34],[5,34],[46,17],[61,-1],[18,25],[65,26],[48,-7],[35,17],[67,0],[45,-38],[76,-89],[59,-120],[60,-62],[160,-107],[29,-49],[29,-3],[29,44],[61,-9],[47,33],[7,77],[24,48],[5,79],[-36,7],[-32,55],[3,54],[-24,26],[-24,54],[-15,97],[-52,82],[23,36],[30,8],[39,-13],[43,19],[50,45],[83,101],[25,43],[49,52],[60,42],[81,72],[28,37],[80,47],[68,87],[62,34],[67,26],[70,6],[16,-16],[97,7],[88,28],[148,-12],[44,-26],[98,-20],[81,-30],[101,-19],[40,-24],[111,0],[69,-23],[96,-21],[14,-22],[45,-24],[58,1],[65,-11],[96,-45],[129,-21],[72,-29],[102,-89],[30,-46],[65,-133],[32,-88],[53,-117],[19,-31],[21,-67],[41,-65],[77,-101],[34,-85],[48,-97],[46,-114],[31,-35],[32,-55],[41,-31],[1,-15],[98,-59],[83,-43],[64,-14],[34,-37],[127,-55],[30,4],[79,39],[29,6],[190,182],[63,153],[25,98],[73,59],[63,95],[51,50],[70,85],[32,29],[69,29],[13,16],[-10,60],[30,31],[154,1],[44,-31],[45,-9],[35,-26],[25,0],[79,-62],[41,-20],[32,-36],[37,-15],[35,-40],[66,-48],[44,-60],[19,-75],[-5,-65],[9,-18],[-17,-38],[2,-51],[31,-52],[80,-33],[72,-62],[31,-52],[8,-36],[47,-69],[89,-48],[26,-59],[3,-36],[25,-78],[52,-51],[-1,-16],[41,-43],[78,-51],[61,-8],[66,-49],[-9,-52],[12,-31],[31,-5],[9,-29],[-18,-16],[6,-39],[-9,-55],[-26,-37],[-61,9],[-65,-33],[-58,-3],[-34,-29],[-11,-30],[-86,-27],[-39,-29],[-2,-63],[-27,-34],[-20,-68],[36,-61],[13,-47],[-15,-51],[-30,7],[-20,-18],[-45,4],[-54,59],[5,56],[-29,62],[5,13],[-43,68],[-10,37],[3,80],[-26,29],[-65,21],[-57,-57],[-39,18],[-28,-26],[-41,36],[-30,54],[9,73],[49,16],[25,31],[-17,63],[-34,31],[-42,74],[-3,35],[15,37],[-15,22],[-95,33],[-70,7],[-68,-8],[-32,-28],[2,-51],[23,-48],[-1,-45],[-38,-78],[-80,-14],[-102,-57],[-37,25],[-49,11],[-34,52],[-39,33],[-53,13],[-21,50],[-57,29],[-24,70],[-49,43],[-53,68],[-42,14],[-81,-19],[-146,-80],[-26,-24],[-18,-69],[-9,-85],[-27,-81],[-13,-2],[-27,-74],[3,-23],[59,-82],[50,2],[54,-47],[24,8],[-12,-63],[-20,-5],[5,-126],[17,-35],[0,-38],[-35,-30],[-26,-3],[-83,68],[-65,-10],[-64,-97],[-47,-48],[-57,-16],[-5,25],[-30,10],[-131,6],[-12,16],[-62,13],[-42,-16],[-84,-68],[-30,5],[-74,63],[-21,90],[-7,68],[-38,21],[-35,4],[-37,-23],[-39,-83],[-51,-74],[-30,0],[-79,56],[-25,55],[12,42],[-51,68],[-34,13],[-83,-4],[-16,-10],[-90,9],[-20,62],[-31,62],[29,43],[44,35],[39,17],[16,24],[-11,46],[-46,22],[-32,50],[-22,6],[2,35],[58,21],[54,34],[60,-22],[23,24],[-7,56],[-14,21],[-83,38],[-20,40],[-29,22],[-37,0],[-3,-65],[-32,-7],[-44,18],[-75,89],[-7,111],[-15,38],[9,70],[-14,61],[-48,51],[-38,-12],[-22,-75],[-35,-81],[-42,-36],[-47,-6],[-27,-17],[-25,-38],[-87,27],[-46,-35],[-13,-36],[45,-86],[33,-36],[49,-114],[-7,-73],[7,-38],[-15,-90],[-23,-2],[-43,42],[-47,15],[-25,-5],[-18,-38],[-92,9],[-50,30],[-52,-23],[4,-78],[-9,-41],[-49,13],[-39,-7],[-37,23],[-54,-26],[-38,98],[-66,21],[-30,26],[-45,-1],[-95,-53],[-52,-73],[-66,-68],[-50,-6],[-54,18],[-67,-50],[-96,-30],[-46,12],[-75,-11],[-10,9],[-66,-15],[-142,12],[-37,-17],[-53,-4],[-50,17],[-59,55],[-38,11],[-78,-19],[-53,3],[-35,29],[-21,57],[5,30],[62,50],[37,7],[46,-9],[42,26],[19,29],[1,38],[58,45],[73,-6],[50,16],[43,43],[16,34],[41,28],[-16,100],[12,43],[52,29],[5,60],[-33,39],[-45,-20],[-40,1],[-30,28],[-68,2],[1,-93],[-26,-86],[-28,-25],[-38,-3],[-50,-39],[-43,-6],[-70,48],[-29,-3],[-15,-106],[-26,-41],[-30,-24],[-44,-2],[-24,-29],[-47,-10],[-34,15],[-34,54],[-66,17],[-42,-19],[-22,38],[-19,73],[-19,35],[1,53],[-41,41],[-70,56],[-53,30],[-8,18],[-50,17],[-3,17]],[[89052,41647],[-16,13],[13,89],[29,77],[41,-30],[27,0],[-21,98],[63,67],[-9,16],[-46,-12],[-42,3],[14,80],[34,50],[68,24],[24,31],[7,45],[23,36],[83,24],[31,43],[5,50],[-24,52],[-99,28],[-8,50],[26,67],[-11,38],[-45,13],[-12,25],[-70,37],[-23,31],[7,26],[44,12],[50,-3],[14,14],[132,34],[81,0],[60,32],[48,3],[63,-34],[28,-25],[66,-5],[16,18],[-34,52],[18,29],[36,-11],[47,35],[29,-20],[45,26],[37,-18],[13,-40],[62,-43],[77,4],[20,-10],[62,40],[41,-5],[31,-25],[86,19],[25,-7],[48,-44],[10,-31],[-2,-71],[-49,-47],[-13,-35],[-58,-28],[-63,-1],[-29,-93],[5,-4],[203,-6],[103,-34],[17,-24],[5,-40],[31,-75],[80,-57],[20,-4],[46,45],[48,10],[58,-14],[49,-66],[57,-53],[65,-31],[24,-28],[48,-92],[11,-50],[-28,-50],[3,-55],[34,-50],[0,-62],[-42,-41],[-26,6],[-60,-24],[-79,22],[-38,-64],[-47,-3],[-32,42],[-9,65],[37,55],[6,30],[-16,22],[-39,5],[-32,-24],[-26,12],[-41,62],[-50,4],[-43,-42],[-56,6],[-76,76],[-17,-2],[-38,32],[-26,42],[-55,-28],[-4,-31],[32,-107],[-22,-34],[-58,-16],[-32,-44],[-61,-12],[-12,-30],[32,-26],[43,-7],[32,-46],[12,-58],[-15,-48],[-25,-10],[-56,44],[-40,-15],[-13,-25],[-56,-24],[-41,-3],[-57,16],[-18,-57],[18,-76],[51,14],[36,-25],[39,9],[67,-24],[2,-13],[59,-46],[11,-21],[-23,-16],[-48,-2],[-31,32],[-79,-12],[-34,-50],[-35,-27],[-10,-32],[-30,-20],[-66,-18],[-27,-34],[-45,41],[-56,36],[-31,6],[-40,-49],[-37,-5],[-61,79],[-3,50],[32,41],[-23,24],[-42,-15],[-35,-32],[-61,28],[-33,-18],[-76,11],[-30,39],[-51,0],[-35,28],[22,43],[85,51],[46,-2],[54,25],[35,0],[56,-42],[28,12],[16,36],[65,23],[14,36],[-16,50],[-77,-4],[-26,20],[-12,42],[-26,23],[-93,-65],[-95,14],[-51,-9],[-34,23],[-33,39],[-56,9]],[[89070,43140],[-40,5],[-59,-12],[-117,18],[4,43],[20,20],[134,10],[27,89],[43,10],[43,36],[44,55],[45,5],[30,19],[66,-2],[54,-30],[68,-2],[26,27],[53,14],[48,31],[39,-19],[60,-12],[97,59],[43,-8],[53,33],[37,-18],[56,-4],[118,11],[61,-24],[56,7],[8,12],[94,1],[64,24],[2,17],[52,24],[86,-2],[36,-9],[45,-39],[19,-88],[30,-29],[36,-68],[56,-54],[18,-36],[58,-40],[44,-50],[8,-45],[-29,-93],[-26,-18],[-43,15],[-60,42],[-52,-9],[-24,-63],[-42,-14],[-24,15],[-67,72],[-56,-21],[-39,5],[-70,57],[-71,-40],[-10,-80],[-43,-34],[-91,2],[-108,-10],[-89,6],[-43,41],[-13,38],[-55,10],[-68,-24],[-79,18],[-21,20],[-82,38],[-41,-19],[-27,-32],[-74,-16],[-95,28],[-33,19],[-48,7],[-57,33],[-85,28]],[[92054,41961],[92,1],[8,64],[-20,36],[43,-29],[7,76],[-91,1],[-12,15],[-107,55],[9,44],[-36,7],[-43,27],[-30,36],[-44,17],[-17,51],[-55,56],[-7,41],[29,13],[112,-11],[40,-22],[55,41],[33,35],[126,-29],[122,1],[33,23],[14,35],[34,17],[77,-62],[65,-19],[38,27],[108,-14],[58,9],[71,-38],[24,-32],[6,-37],[54,-82],[-16,-50],[-36,-32],[-31,-60],[-31,-31],[0,-42],[48,-43],[24,-73],[79,-40],[35,-65],[-26,-36],[11,-29],[-1,-59],[-24,-10],[-58,28],[-17,64],[-51,31],[-43,9],[-60,-11],[-23,-55],[-32,-35],[-17,-48],[-32,0],[-60,56],[-152,19],[-213,-1],[198,8],[0,28],[94,70],[-13,44],[-66,15],[-41,-34],[-106,1],[-33,21],[-103,7]],[[92865,40600],[11,-29],[41,-47],[17,-68],[41,-22],[65,5],[50,45],[2,39],[37,-6],[20,-25],[91,-17],[19,-15],[57,10],[27,54],[-13,16],[28,91],[-19,-89],[77,-100],[10,-48],[78,10],[23,37],[114,17],[-32,125],[47,65],[19,45],[32,26],[-1,-47],[29,-24],[19,-51],[53,-38],[14,-71],[-6,-17],[18,-83],[21,-50],[-11,-76],[-97,2],[-14,-20],[-25,15],[-44,-49],[-28,-15],[0,-29],[-35,22],[-14,-12],[-1,-43],[-77,-13],[-56,62],[-71,-59],[-1,-23],[-32,-31],[-20,-45],[-62,0],[-41,21],[-45,-18],[-38,5],[0,105],[-27,37],[-35,19],[-10,30],[18,21],[-57,39],[-30,-17],[-23,44],[-47,12],[-12,-15],[-38,5],[25,30],[-25,38],[-78,64],[-45,7],[-17,-14],[-32,9],[-28,34],[11,20],[49,6],[-12,130],[-16,46],[17,30],[58,47],[23,-29],[20,-74],[34,-56]],[[86055,44616],[31,-23],[97,-20],[62,-31],[37,-42],[23,-79],[-1,-80],[-78,-14],[-67,34],[-59,14],[-31,-17],[-29,-61],[-101,-66],[-54,-4],[-64,40],[-61,23],[-35,70],[-42,66],[-46,-5],[-14,-72],[-32,-52],[-17,-57],[-27,-28],[-56,-35],[-61,-9],[-43,51],[-10,115],[6,41],[47,113],[31,43],[58,27],[17,20],[15,53],[14,90],[-5,62],[22,33],[142,18],[40,-32],[32,-53],[58,-16],[59,-4],[92,-38],[50,-75]],[[95461,41589],[-51,48],[-33,7],[32,35],[0,33],[-41,52],[5,83],[23,37],[5,52],[49,3],[112,-21],[62,-2],[40,24],[63,-45],[41,-18],[29,10],[17,-21],[-26,-46],[4,-50],[20,-21],[-2,-74],[-14,-49],[-34,0],[-90,-130],[-66,-80],[-58,-50],[-57,92],[6,28],[-23,31],[13,11],[-26,61]],[[85844,43358],[-35,20],[-47,63],[19,6],[141,-25],[13,-54],[19,-32],[-24,-22],[-40,12],[-46,32]],[[95250,42074],[42,-65],[-5,-28],[-37,-8],[-27,-23],[-16,17],[5,41],[-27,78],[13,14],[52,-26]],[[89436,41188],[6,-53],[-22,-21],[-67,2],[-33,46],[32,32],[66,8],[18,-14]],[[95473,41211],[-20,13],[8,28],[-8,46],[61,41],[19,-20],[5,-45],[-32,1],[-33,-64]],[[90353,41646],[-23,-5],[-24,46],[-11,48],[32,3],[9,-33],[26,-15],[-9,-44]],[[86748,43452],[20,63],[36,-12],[2,-47],[-43,-24],[-15,20]],[[94567,42518],[-23,-25],[-31,27],[20,38],[47,0],[-13,-40]],[[85296,43306],[-44,-2],[-4,41],[71,-8],[-23,-31]],[[91243,42524],[-26,-16],[-39,68],[38,-6],[27,-46]],[[96533,42902],[7,-31],[-38,-9],[-11,19],[19,45],[23,-24]],[[95066,42113],[-30,18],[55,20],[-7,-40],[-18,2]],[[90976,44758],[51,50],[217,96],[1,-3],[-216,-95],[-53,-48]],[[87216,43659],[27,25],[44,-7],[68,-44],[32,-3],[68,46],[35,37],[30,5],[60,-42],[90,-11],[21,11],[91,-6],[27,-8],[15,-32],[-10,-32],[26,-39],[13,-101],[-29,-48],[-31,-14],[-21,-151],[27,-57],[22,-6],[13,38],[35,-37],[-7,-15],[84,-48],[46,-34],[-21,-20],[31,-22],[62,-89],[109,-115],[22,-5],[92,-82],[57,-60],[3,-39],[-21,-73],[-1,-50],[59,-91],[29,-18],[36,21],[96,-25],[20,5],[68,-16],[-21,-63],[-26,-28],[16,-41],[46,-14],[10,-39],[-87,-63],[-37,-10],[-77,78],[-37,-13],[-23,-87],[-12,-81],[52,-105],[9,-74],[51,-18],[53,99],[39,12],[44,-9],[-6,-33],[-27,-45],[-18,-64],[-30,-40],[-29,-5],[-25,43],[-61,-13],[-10,-144],[-31,-32],[-88,-15],[-40,24],[-26,94],[-12,96],[-17,74],[-28,32],[-19,46],[-115,125],[-62,12],[-25,17],[-33,-19],[-5,-25],[14,-81],[45,-131],[6,-48],[-21,-29],[5,-58],[16,-46],[-5,-119],[-49,-21],[-54,9],[-44,-39],[-28,-73],[-25,-25],[-14,-60],[12,-109],[-19,-28],[-48,4],[-76,-8],[-52,19],[-37,-19],[-79,-4],[-48,-31],[-24,-29],[-37,-4],[-33,37],[-62,22],[-43,-7],[-29,36],[-255,10],[-15,-20],[11,-91],[72,-11],[-10,-65],[-48,-50],[34,-30],[56,15],[51,-1],[14,-24],[-16,-65],[-23,-48],[-50,-45],[-61,-24],[-80,-19],[-112,4],[-110,-64],[-40,-9],[-30,-49],[-1,-57],[70,-147],[-4,-3],[-70,146],[-29,-11],[-207,-60],[-20,-16],[-79,-23],[-34,-29],[-5,-42],[-118,4],[1,45],[-34,13],[-22,32],[-65,5],[-19,-10],[-90,12],[-64,26],[-101,-113],[47,-21],[10,-28],[75,-47],[16,11],[74,-57],[141,-8],[26,-6],[73,-44],[131,-4],[-1,69],[87,7],[39,12],[17,75],[23,-32],[73,-13],[-7,-49],[47,-79],[32,-20],[44,-3],[14,-85],[-22,2],[-56,38],[-16,-1],[-73,-58],[-23,-5],[-115,44],[-37,-23],[65,-82],[17,-32],[-21,-140],[18,-18],[76,67],[5,-6],[-79,-68],[-18,-69],[-19,3],[-51,-49],[-46,-27],[-19,-57],[-63,-45],[-89,26],[-52,34],[-60,-8],[-124,-49],[-38,-31],[-12,-53],[12,-20],[-5,-61],[-13,-30],[25,-28],[1,-33],[-22,-43],[-27,2],[-11,25],[-65,0],[-45,-42],[-61,-18],[-72,-2],[-71,12],[-16,11],[-84,13],[-19,-21],[-65,21],[-62,-3],[-12,15],[-112,55],[-76,74],[-38,1],[-29,-117],[10,-57],[38,-49],[59,-95],[84,-69],[34,-53],[76,-38],[10,-16],[-51,-40],[-24,20],[-20,-62],[26,-21],[41,28],[72,84],[33,2],[94,30],[55,-3],[44,14],[26,-30],[-47,-22],[-21,-57],[4,-161],[19,-56],[-19,-51],[-50,-22],[-51,10],[-56,43],[2,15],[-74,58],[-89,36],[-20,40],[-42,6],[-28,-12],[-114,-127],[-13,-39],[22,-97],[-44,-44],[-49,-18],[-24,-40],[-20,-61],[-36,-51],[-78,-33],[-50,4],[-22,80],[-58,42],[-59,3],[-79,-39],[3,-19],[-41,-19],[-36,10],[-65,56],[-42,-6],[-41,14],[-75,8],[-33,-19],[-73,56],[-141,0],[-56,32],[-37,-58],[-12,-60],[-46,-31],[-1,-54],[40,-24],[85,18],[10,-15],[0,-110],[38,-32],[15,9],[55,-10],[21,-16],[7,-40],[72,-57],[54,-29],[62,14],[33,-12],[52,-40],[80,-22],[42,-30],[1,-54],[-16,-46],[-42,-29],[-44,5],[-25,16],[-53,-30],[-49,12],[-64,-9],[-28,-29],[14,-11],[-8,-87],[-24,-12],[-38,-50],[-10,-40],[13,-23],[-19,-24],[-84,39],[-30,-11],[-5,-38],[-54,-16],[-74,-86],[-59,-85],[-18,-38],[-34,-27],[6,-51],[40,-33],[46,-6],[2,-25],[-37,-10],[-16,23],[-61,-22],[-6,-15],[-52,-10],[-15,-43],[-58,-53],[-66,8],[-95,50],[-55,11],[0,11],[-53,-2],[-13,-14],[-83,-15],[-23,7],[-56,-28],[-57,17],[-7,35],[23,35],[45,39],[14,94],[-37,55],[-35,16],[-86,-8],[-20,-23],[-33,-77],[-75,-24],[-42,16],[-99,113],[-47,38],[2,27],[34,145],[5,43],[-90,37],[-22,45],[-125,-59],[-32,-77],[19,-3],[-1,-75],[32,-100],[-26,-53],[-43,-2],[-37,25],[-77,-60],[6,-29],[-20,-18],[-79,-3],[-15,-69],[-13,2],[12,50],[-115,26],[-46,-50],[-6,17],[46,48],[11,39],[-77,16],[-3,-32],[-30,7],[-11,-40],[-31,7],[-46,-130],[7,-2],[-29,-92],[41,7],[79,-8],[21,-29],[-4,-95],[49,-14],[20,17],[6,87],[25,9],[62,60],[5,-5],[-67,-63],[-12,-145],[0,-78],[60,-410],[17,-72],[36,-245],[-4,-53],[42,-282],[60,-428],[79,-32],[-30,-20],[0,-54],[-20,-32],[-105,-79],[-7,-26],[24,-47],[106,-71],[107,-18],[36,17],[22,74],[38,21],[44,-28],[30,-4],[68,36],[15,18],[-4,57],[10,87],[-20,71],[17,47],[82,104],[29,65],[180,55],[69,34],[102,8],[75,-77],[-3,-51],[-30,-31],[-3,-46],[20,-131],[24,-104],[48,-54],[84,31],[31,-1],[38,-46],[-12,-62],[-46,-50],[-35,-5],[-49,23],[-22,24],[-54,-10],[-65,-33],[-55,0],[-56,-44],[-56,8],[-42,-18],[-6,-17],[-78,-21],[-17,15],[-48,2],[-21,18],[-44,5],[-80,-42],[-47,-113],[-30,-107],[0,-53],[-27,-52],[-21,-104],[27,-34],[-27,-63],[11,-39],[-6,-61],[-60,-61],[-74,3],[-21,32],[-62,-20],[-36,-67],[-5,-68],[-24,-77],[-41,-42],[-20,-95],[-57,-93],[7,-109],[14,-99],[-78,-21],[-62,-73],[-34,-9],[-5,-20],[-98,-59],[25,-80],[19,-95],[-52,-45],[-28,-7],[-87,22],[-56,-10],[-63,-40],[-73,-13],[-73,49],[-106,113],[-72,84],[-15,29],[-133,82],[-88,18],[-23,-4],[-141,22],[20,-96],[-26,-8],[-21,104],[-148,5],[22,-78],[39,6],[8,-48],[-126,-20],[-54,65],[100,52],[-3,18],[-89,-39],[-70,-62],[-153,-50],[-38,25],[-52,11],[4,24],[-265,64],[-150,31],[-75,20],[-14,29],[-84,-11],[52,-16],[-12,-83],[55,35],[-17,-36],[-15,-210],[159,-4],[1,-7],[-118,3],[-2,-55],[-56,-2],[11,-46],[-1,-145],[-55,-3],[-54,-52],[1,-48],[-26,-90],[-24,-26],[-32,-4],[-86,39],[-89,-23],[-106,-73],[-27,-133],[-25,-1],[-107,174],[-15,1],[-34,57],[14,6],[-71,123],[-142,-121],[-169,-151],[-107,-92],[21,-51],[59,-55],[35,-18],[5,-45],[-45,-119],[-5,-33],[10,-65],[29,-57],[32,-27],[45,-4],[52,11],[63,-64],[28,-6],[23,-76],[-40,-47],[-16,-45],[6,-39],[43,-77],[19,-51],[-22,-37],[-67,-5],[-101,-33],[-46,-32],[-25,-5],[-77,-67],[-52,-105],[-56,-12],[-26,26],[-35,74],[-114,42],[-22,0],[-24,-45],[-76,-9],[-66,18],[-79,42],[-55,43],[-78,-45],[-48,-37],[-105,-96],[-126,-132],[-25,-42],[8,-15],[-36,-53],[-63,-63],[16,-12],[-58,-69],[-81,-153],[33,-52],[32,5],[8,-53],[-38,-7],[-4,-67],[-83,-45],[-35,-75],[-42,-28],[-51,9],[-37,23],[-20,37],[-50,17],[60,-7],[-42,44],[-91,6],[0,-17],[-66,-17],[-62,-27],[-23,-40],[-35,16],[-26,-24],[92,-59],[-4,-6],[-93,61],[-115,-49],[-27,11],[-55,-7],[-60,12]],[[81352,32373],[12,-25],[180,78],[-1,104],[-148,3],[180,1],[24,8],[-10,72],[36,41],[23,46],[153,28],[48,17],[57,71],[60,6],[35,28],[40,15],[28,34],[45,28],[34,6],[30,38],[26,1],[5,-34],[-36,-44],[2,-74],[-14,5],[-47,-34],[12,-88],[71,-86],[75,-53],[44,-13],[106,21],[36,0],[59,-24],[40,48],[94,14],[89,45],[47,55],[77,38],[34,35],[27,10],[88,-10],[54,29],[75,5],[44,-22],[31,2],[36,24],[52,76],[36,17],[43,59],[50,134],[51,59],[23,5],[133,-33],[122,9],[49,53],[60,53],[37,19],[50,-1],[66,14],[37,-2],[94,18],[54,-31],[26,23],[61,-1],[39,13],[18,24],[-13,39],[12,39],[101,23],[40,-11],[17,-24],[49,-4],[-7,-53],[18,8],[37,-32],[43,37],[34,-11],[39,-52],[-16,-44],[-25,-19],[2,-51],[-28,-47],[-84,-30],[1,-39],[-75,-56],[-22,-54],[-64,-73],[-13,-82],[-23,-13],[-49,8],[-35,-39],[-6,-52],[16,-18],[-15,-30],[-28,-13],[-21,-43],[-42,-37],[-47,-11],[7,-50],[-49,-4],[-9,-24],[-35,-27],[9,-74],[-33,-16],[-53,8],[-6,-15],[-53,23],[-61,-31],[2,-16],[-35,-54],[-14,3],[-31,-37],[-69,-31],[-44,16],[-57,-8],[-3,-22],[-90,33],[-53,-32],[-11,-44],[-30,-8],[-65,23],[-1,-33],[-45,7],[4,23],[-30,19],[-77,-21],[-35,-26],[-25,49],[-53,28],[3,44],[-77,31],[-11,-8],[-76,18],[-62,3],[-25,-20],[-49,6],[-50,-20],[-25,-47],[2,-58],[-33,12],[-65,-24],[-12,-21],[-46,9],[-31,-28],[-46,-82],[-29,-38],[-29,35],[-2,65],[-69,7],[-35,-17],[7,-44],[-37,-9],[-16,38],[-59,5],[-50,-11],[-85,-49],[-2,-71],[-29,-24],[-52,-21],[-43,33],[-36,1],[-17,-26],[-53,7],[-69,-26],[-3,16],[-48,26],[-71,-24],[-28,-36],[-54,13],[-18,-6],[-37,22],[-63,13],[-59,81],[0,26],[-91,29],[-9,12],[-4,85],[82,121],[-2,28],[-77,164],[37,-72]],[[89096,40478],[28,-4],[74,-78],[16,-4],[18,-54],[-14,-104],[84,-26],[46,72],[-4,82],[-12,16],[20,62],[6,114],[33,60],[56,47],[10,73],[74,69],[92,48],[86,-64],[44,0],[35,29],[78,11],[53,-24],[41,-43],[52,-28],[78,-80],[-14,-33],[17,-55],[32,-31],[23,-41],[45,-2],[35,-30],[62,-36],[14,-51],[-27,-70],[32,-42],[72,-50],[67,-16],[51,0],[69,22],[33,30],[-7,40],[-28,58],[15,39],[44,11],[28,-39],[18,-64],[-2,-39],[-29,-46],[15,-25],[54,-13],[43,45],[-5,68],[17,37],[39,22],[141,-8],[52,21],[24,27],[66,8],[70,-12],[49,-122],[21,-66],[-30,-21],[17,-67],[-13,-37],[-33,17],[-18,-37],[-25,-8],[-36,12],[-19,-50],[9,-66],[-62,22],[-48,-34],[12,-49],[-23,-14],[-36,33],[-31,-18],[1,-33],[-21,-38],[-19,-96],[-35,-8],[-55,25],[-16,21],[-3,49],[-33,24],[-69,-17],[-20,-46],[-21,23],[-53,-18],[-75,-66],[-53,-55],[-6,-19],[25,-31],[-24,-8],[-29,16],[-58,-14],[-52,-36],[-9,-43],[-78,-21],[-28,-16],[-77,62],[-68,-10],[-25,22],[-32,60],[-7,30],[10,71],[-27,31],[-68,27],[-49,109],[-52,32],[-72,3],[-10,54],[-16,22],[-78,19],[-110,-13],[-60,-32],[-19,-32],[-54,-56],[30,-44],[-37,-2],[-77,-49],[-11,-15],[-76,53],[19,91],[-24,31],[-122,61],[-64,8],[-83,-8],[-89,17],[-187,-81],[-12,-18],[-40,12],[7,27],[-21,14],[-63,0],[-15,53],[-39,-5],[-21,20],[-1,32],[63,34],[44,-17],[53,22],[34,56],[48,3],[54,38],[44,-15],[95,5],[4,65],[-27,44],[-47,-4],[-34,23],[-2,33],[45,75],[30,18],[72,0],[73,-36],[42,7],[58,35],[28,31]],[[86673,38814],[-44,3],[-27,36],[10,63],[-21,121],[-24,13],[-45,-6],[-55,16],[-34,84],[-26,46],[0,38],[-23,84],[-17,16],[-91,42],[-58,62],[31,47],[-18,90],[35,36],[73,-7],[20,47],[22,15],[55,1],[42,25],[50,6],[76,-22],[79,8],[40,15],[48,-9],[31,-37],[59,-36],[73,-106],[-5,-95],[5,-61],[-17,-98],[-52,-71],[46,-83],[31,9],[40,112],[36,53],[25,62],[26,29],[-19,108],[9,63],[-25,87],[5,37],[32,17],[63,-3],[33,43],[63,26],[1,27],[-68,67],[7,68],[56,22],[77,-18],[58,21],[90,-1],[55,-41],[30,-10],[70,15],[27,28],[54,-7],[34,-47],[21,-51],[44,-15],[66,37],[54,-13],[76,17],[47,21],[54,0],[92,18],[44,24],[15,38],[33,28],[41,15],[12,-30],[-17,-27],[18,-82],[52,-5],[73,-19],[116,62],[4,15],[40,-12],[4,-31],[45,-86],[12,-46],[9,-129],[27,-90],[-10,-24],[-18,-146],[-37,-64],[-81,-68],[-64,-3],[-80,20],[-100,3],[-59,8],[-42,-23],[-56,20],[-28,43],[-50,41],[-85,7],[-53,-11],[-175,-186],[21,-39],[-16,-56],[-39,-47],[-26,-12],[-51,1],[-51,-36],[-39,-15],[-50,22],[-39,48],[17,39],[5,50],[-17,35],[-55,27],[-50,7],[-88,-3],[-74,-35],[-89,-69],[-4,-20],[-44,-21],[-89,-94],[17,-51],[-9,-27],[15,-24],[-48,8],[-68,-39],[-5,-12],[-105,-21],[-37,48],[-74,30]],[[83649,31635],[-8,19],[48,24],[5,69],[-24,63],[-4,47],[35,14],[37,-23],[-20,-40],[18,-37],[33,-19],[2,-22],[55,-47],[38,-20],[58,4],[18,51],[33,27],[49,-15],[24,7],[43,-15],[9,-21],[42,-34],[61,-15],[136,21],[-3,18],[44,33],[16,31],[80,16],[35,29],[51,-17],[41,-109],[-2,-58],[15,-31],[43,-12],[9,-32],[-37,-11],[-12,-39],[25,-31],[-20,-48],[-32,-6],[-45,29],[-24,2],[-38,-44],[-63,25],[-37,-34],[27,-36],[-8,-33],[16,-31],[-20,-66],[-50,-14],[-39,42],[-42,85],[-59,11],[-25,-48],[-38,-25],[-97,24],[-32,-21],[-2,-137],[-33,-48],[-28,13],[-8,113],[-33,14],[26,108],[-63,1],[-7,-37],[-81,-45],[-27,20],[-4,29],[-42,34],[-28,-6],[-1,-30],[-29,-25],[-9,54],[-28,33],[8,74],[22,39],[33,14],[6,33],[-13,62],[-26,50]],[[84664,32519],[55,20],[45,42],[28,49],[38,37],[170,77],[70,8],[9,17],[84,46],[54,44],[13,29],[70,59],[89,14],[19,21],[110,-81],[9,-34],[-24,-22],[-29,24],[-60,-32],[-76,-12],[0,-15],[-71,-53],[-32,-105],[-23,-18],[-91,11],[-41,44],[-34,-5],[-43,-47],[-46,-9],[-34,-40],[-42,-28],[-20,-38],[-4,-55],[-19,-26],[-76,-20],[-40,3],[-50,-19],[-13,52],[15,25],[-10,37]],[[80718,31521],[21,-9],[55,7],[32,25],[47,82],[58,38],[56,15],[68,-31],[31,1],[38,-22],[72,-16],[24,-46],[-43,-11],[-36,-35],[-4,-59],[-32,22],[-84,-32],[-35,-42],[-9,-42],[-60,-11],[-25,-47],[-110,24],[-40,-19],[-32,40],[25,46],[9,46],[-34,58],[8,18]],[[85965,38587],[9,-12],[3,-69],[-38,-21],[38,-55],[-10,-32],[-34,1],[-60,25],[-73,-10],[-52,-36],[-62,-71],[-24,22],[-5,52],[13,34],[-27,50],[28,28],[80,7],[25,25],[-7,108],[18,18],[51,-4],[73,16],[37,-3],[-1,-41],[18,-32]],[[86798,40046],[-18,48],[-66,56],[8,22],[45,37],[58,5],[63,-24],[45,-34],[9,-61],[-37,-55],[-1,-44],[-43,-19],[-42,12],[-21,57]],[[89248,39665],[79,-129],[-43,-3],[-10,-23],[-32,31],[-34,13],[-23,29],[-5,57],[33,46],[35,-21]],[[80596,31517],[-12,-34],[-79,9],[5,48],[19,30],[57,14],[-13,-33],[23,-34]],[[81236,33103],[-50,34],[-697,38],[1,6],[699,-37],[47,-41]],[[84382,35782],[-58,0],[-5,40],[34,19],[33,-4],[10,-37],[-14,-18]],[[80370,31401],[-34,-7],[-7,46],[47,26],[16,-44],[-22,-21]],[[84827,35532],[-34,-9],[23,55],[45,-1],[-1,-26],[-33,-19]],[[88458,42735],[20,-39],[-37,-21],[-19,21],[1,34],[35,5]],[[84041,34882],[-29,5],[12,59],[16,16],[16,-36],[-15,-44]],[[88396,40741],[-21,-17],[-24,15],[7,26],[38,-24]],[[81935,33112],[-8,0],[-7,125],[8,1],[7,-126]],[[77123,30457],[-178,-108],[-4,6],[179,105],[3,-3]],[[82031,33237],[-19,-12],[101,130],[6,-4],[-88,-114]],[[76861,30373],[58,-90],[-5,-4],[-59,90],[6,4]],[[89606,39766],[-29,-7],[16,28],[13,-21]],[[85464,33016],[-32,8],[32,19],[0,-27]],[[62389,60225],[45,43],[41,15],[69,-6],[37,9],[158,-23],[67,-41],[52,58],[13,45],[41,92],[171,-32],[61,0],[32,28],[22,57],[43,53],[50,49],[61,45],[66,-3],[40,-24],[41,11],[96,77],[71,36],[69,59],[14,1],[37,-54],[43,-19],[32,9],[63,-29],[13,20],[71,39],[64,98],[58,3],[74,67],[23,75],[55,50],[1,18],[-46,43],[-20,81],[16,92],[83,76],[42,21],[45,46],[91,144],[81,96],[78,0],[25,14],[141,19],[180,0],[51,6],[104,-10],[84,13],[92,2],[31,15],[59,48],[28,11],[77,3],[25,10],[26,45],[44,34],[114,-2],[68,44],[44,57],[103,53],[94,63],[74,43],[32,5],[83,-42],[71,-4],[45,21],[146,140],[20,122],[22,36],[40,25],[102,39],[35,65],[24,12],[70,-8],[39,8],[1,83],[-16,50],[-44,64],[-46,52],[-115,101],[-35,41],[-25,63],[-17,112],[-3,174],[-7,40],[-56,90],[0,18],[95,65],[20,24],[26,83],[15,98],[-69,115],[0,21],[41,80],[52,62],[58,37],[6,16],[-67,70],[-18,46],[-37,35],[-8,27],[9,48],[45,49],[53,34],[35,6],[67,-17],[58,32],[63,-13],[70,-3],[30,12],[35,59],[6,40],[30,45],[9,34],[-8,75],[50,43],[43,-5],[27,23],[-11,54],[18,40],[3,44],[19,27],[72,7],[101,51],[6,63],[-24,81],[-30,63],[47,54],[19,35],[-8,72],[60,94],[-31,30],[-29,100],[1,46],[76,82],[11,40],[-6,137],[38,78],[13,49],[36,49],[27,81],[-2,45],[42,51],[5,65],[-80,102],[-41,65],[9,29],[42,71],[14,52],[30,42],[9,45],[39,74],[11,67],[-6,60],[34,58],[34,109],[119,127]],[[67886,67105],[108,66],[70,64],[62,91],[59,62],[13,42],[-53,105],[-5,66],[11,45],[-4,38],[-49,126],[17,70],[35,17],[29,-3],[14,-24],[60,5],[108,43],[27,26],[55,29],[21,60],[37,55],[16,77],[87,126],[103,122],[72,-67],[-7,-60],[18,-17],[47,-1],[57,-39],[74,-126],[54,-67],[112,-89],[107,-18],[27,-27],[24,-45],[73,-77],[113,-69],[65,-2],[69,28],[70,0],[124,-96],[106,-38],[36,1],[53,35],[153,-11],[26,-50],[54,-77],[81,-92],[99,-58],[63,-43],[91,-14],[74,-36],[103,-88],[115,-68],[68,-32],[-44,-72],[10,-68],[75,1],[115,36],[38,4],[141,69],[115,49],[111,2],[119,-13],[46,2],[66,36],[20,24],[35,77],[74,-34],[128,-29],[57,-42],[48,-22],[61,-6],[63,-17],[130,-58],[115,-13],[88,-54],[24,67],[20,22],[137,23],[90,54],[111,91],[96,212],[95,-21],[115,-16],[244,-11],[76,5],[229,51],[304,91],[161,46],[88,8],[112,-15],[75,-39],[54,-45],[42,-51],[26,-52],[41,-131],[26,-103],[13,-78],[2,-79],[-10,-60],[-80,-166],[-62,-146],[-148,-233],[-23,-61],[-10,-60],[20,-79],[84,-59],[254,-153],[36,-19],[351,-157],[87,-46],[87,-73],[33,-46],[28,-76]],[[75367,65537],[111,-257],[35,-112],[22,-132],[-47,-90],[-22,-69],[-3,-49],[-22,-65],[-82,-151],[-35,-105],[-68,-157],[-101,-204],[-70,-126],[-49,-77],[-90,-117],[-71,-82],[-88,-76],[-91,-61],[-128,-99],[-139,-120],[-55,-61],[-101,-145],[-87,-164],[-53,-123],[-12,-88],[29,-78],[17,-21],[84,-67],[147,-75],[49,-18],[55,-5],[68,19],[62,31],[87,75],[121,51],[71,40],[121,56],[49,17],[74,12],[30,-12],[53,-59],[46,-89],[26,-159],[4,-58],[-7,-77],[-34,-91],[-93,-139],[-268,-379],[-45,-95],[-10,-47],[10,-83],[31,-61],[70,-79],[129,-72],[109,-41],[38,-9],[341,-30],[80,-17],[94,-35],[40,-23],[58,-59],[6,-36],[-34,-193],[-13,-20],[-213,-44],[-79,-56],[-65,-54],[-67,-47],[-74,-3],[-24,-20],[-31,-76],[-47,-22],[-48,-40],[-122,-40],[-81,-20],[-27,13],[-25,36],[-40,30],[-65,32],[-45,-13],[-55,-62],[-18,-78],[-25,-29],[-77,-45],[-106,-37],[-27,8],[-25,48],[-8,56],[-15,22],[-117,10],[-43,65],[-52,30],[-68,71],[-120,6],[-120,46],[-130,46],[-67,-7],[28,-136],[27,-93],[28,-66],[-13,-75],[19,-79],[-7,-202],[-36,-62],[-1,-82],[64,-110],[6,-65],[-37,-56],[-6,-56],[-25,-17],[-107,23],[-72,-16],[-34,-24],[-52,-70],[-36,-74],[0,-39],[47,-71],[-20,-64],[-44,-38],[-64,-27],[-56,-14],[-79,-31],[-129,-90],[-55,-22],[-45,-36],[5,-102],[-11,-39],[-48,-31],[-98,-11],[-48,5],[-82,27],[-125,13],[-96,-2],[-81,27],[-79,62],[-24,1],[-7,-44],[43,-83],[1,-58],[-15,-39],[-48,-38],[-15,-26],[16,-91],[-22,-41],[-83,-104],[-62,-59],[-34,-14],[-84,2],[-26,-12],[-69,-59],[-41,-23],[-27,5],[-53,59],[-187,21],[-84,17],[-16,33],[-1,73],[-16,46],[-52,69],[-30,23],[-35,5],[-80,-12],[-139,-46],[-102,-8],[-84,30],[-33,-3],[-58,-27],[-38,-6],[-49,84],[-46,27],[-56,-13],[-73,-2],[-227,15],[34,-107],[9,-60],[-2,-123],[14,-105],[54,-52],[46,-27],[24,-71],[-19,-61],[-6,-82],[-14,-43],[0,-67],[13,-129],[-46,-92],[-7,-35],[-49,-39],[-33,-40],[-57,-87],[-41,-37],[-89,-18],[-72,-30],[-36,-7],[-74,14],[-46,-20],[-62,-2],[-81,-49],[-39,-7],[-4,-20],[141,-110],[23,-24],[36,-68],[6,-34],[0,-120],[9,-60],[-11,-67],[26,-51],[3,-58],[-11,-59],[4,-78],[-52,-81],[-37,-29],[-22,-44],[20,-30],[54,-24],[39,11],[67,-47],[18,-59],[-59,-112],[-72,-84],[-31,-24],[33,-76],[14,-71],[64,-86],[51,-11],[64,10],[147,-12],[47,-29],[64,-65],[170,-158],[49,44],[51,125],[28,16],[103,-1],[21,23],[0,60],[-42,67],[4,61],[39,97],[32,18],[46,-9],[38,10],[32,29],[25,-3],[166,-45],[125,28],[83,-30],[27,-53],[2,-44],[-53,-130],[17,-44],[133,-88],[87,-35],[48,-43],[30,-52],[12,-74],[20,-46],[49,-76],[80,-74],[95,-63],[72,-8],[76,18],[74,30],[9,28],[-54,44],[-22,30],[29,49],[27,66],[122,55],[91,54],[90,-1],[73,-22],[59,-25],[56,-48],[128,-60],[63,-17],[66,-3],[33,-14],[54,-43],[29,-39],[38,-86],[40,-24],[139,-23],[54,1],[87,22],[47,29],[55,56],[46,24],[104,36],[24,-17],[11,-52],[21,-35],[58,-50],[41,-12],[45,9],[34,20],[35,-4],[88,-57],[104,-54],[81,-14],[47,-56],[101,-148],[31,-31],[36,-56],[10,-83],[-14,-71],[20,-67],[54,-77],[6,-64],[28,-93],[14,-107],[66,-152],[1,-30],[-26,-73],[5,-44],[101,-36],[92,-70],[39,-15],[157,-26],[49,-13],[19,-85],[-16,-35],[-40,-145],[-23,-48],[8,-58],[80,-48],[21,0],[94,-39],[104,-76],[75,-34],[82,-65],[83,-102],[84,-66],[51,-55],[47,-1],[298,88],[39,2],[51,-42],[63,-15],[79,-55],[84,-24],[61,-59],[21,-37],[111,-70],[33,-81],[52,-44],[18,-29],[-4,-29],[-48,-68],[39,-23],[117,3],[222,-90],[264,-112],[31,-28],[-4,-235],[11,-9],[173,-19],[473,-33],[333,-2],[168,-10],[261,4],[10,-6],[14,-216],[15,-30],[42,-6],[121,23],[180,-20],[26,-79],[23,-33],[93,-50],[104,-65],[86,-17],[28,-27],[13,-70],[65,-82],[98,4],[42,-13],[49,-43],[57,-93],[59,-44],[119,-45],[75,-14],[83,-55],[-17,-136],[46,-49],[37,-92],[31,-35],[5,-28],[-78,-81],[-3,-22],[34,-85],[13,-78],[51,-91],[8,-35],[-15,-67],[2,-93],[-28,-42],[4,-26],[66,-64],[17,-28],[-4,-57],[51,-50],[2,-16],[-93,-91],[-58,-74],[-64,-39],[-77,-20],[-14,-17],[8,-113],[-58,-75],[-16,-35],[-4,-64],[-17,-34],[-57,-29],[-65,-2]],[[29866,109737],[35,13],[50,-4],[59,-21],[68,-47],[238,-94],[38,-10],[124,-2],[42,-21],[45,-64],[51,-91],[60,-61],[41,0],[140,74],[58,17],[120,-7],[41,-15],[29,-62],[36,-42],[81,-13],[68,-53],[57,-13],[63,-1],[111,20],[43,25],[67,53],[39,-19],[21,-70],[53,-29],[78,-19],[137,-129],[78,-84],[63,-25],[37,-31],[65,-34],[47,15],[49,36],[66,16],[105,71],[72,29],[76,-1],[135,6],[49,13],[72,6],[55,18],[40,32],[87,52],[83,29],[64,-5],[92,-44],[181,18],[134,-28],[70,-7],[37,-21],[24,-63],[7,-68],[131,-109],[88,-5],[69,-13],[110,-41],[65,24],[223,11],[110,0],[104,-10],[77,-27],[40,-23],[36,-40],[29,-51],[112,-50],[57,-47],[67,-137],[63,-55],[94,-102],[82,-57],[47,-16],[40,-39],[31,-84],[71,-64],[87,-34],[51,-8],[25,-19],[22,-55],[81,-68],[82,-37],[105,-158],[96,-15],[50,-33],[55,-73],[65,-25],[98,-2],[57,-8],[84,-63],[48,-15],[44,-2],[86,15],[100,63],[61,-18],[103,-12],[27,-20],[37,-66],[46,-139],[74,-53],[23,-58],[100,-92],[90,-37],[41,6],[168,4],[102,-9],[97,-18],[65,-3],[181,101],[37,7],[93,-36],[129,1],[38,32],[68,14],[60,27],[89,0],[32,23],[15,51],[-12,90],[19,57],[-28,72],[-9,54],[9,46],[30,40],[62,46],[81,70],[155,91],[83,71],[95,23],[25,-10],[54,-77],[56,-37],[178,-71],[64,-43],[46,-4],[45,10],[117,-48],[126,-18],[64,16],[94,53],[72,21],[138,-10],[90,-76],[52,16],[86,-30],[34,-46],[124,-29],[37,-42],[60,-28],[87,-93],[32,-94],[88,-66],[52,-51],[81,-39],[30,-4],[101,25],[24,-55],[29,-15],[62,5],[95,-4],[146,15],[71,22],[36,24],[42,-40],[55,-78],[24,-23],[103,-138],[170,-29],[71,64],[30,14],[86,-24],[91,17],[66,-15],[98,-51],[33,-44],[41,-31],[52,4],[15,30],[-23,55],[-10,164],[139,-4],[76,53],[25,-3],[41,-43],[11,-42],[87,-68],[76,-86],[21,-10],[104,9],[75,-12],[84,57],[86,97],[27,100],[48,69],[65,-38],[74,-63],[71,-45],[123,-120],[35,-72],[6,-96],[-27,-79],[8,-20],[52,-20],[31,-36],[38,-89],[9,-127],[30,-55],[107,-51],[123,-26],[64,2],[37,-15],[63,-67],[53,-45],[81,-100],[40,-34],[124,14],[61,26],[57,60],[12,92],[30,30],[50,21],[58,37],[75,26],[20,-3],[40,-78],[39,-32],[-14,-66],[23,-27],[61,-31],[76,-4],[82,16],[116,-35],[28,-28],[111,-160],[24,-63],[36,-132],[37,-57],[36,-31],[48,-25],[82,-20],[52,-61],[79,-42],[14,-35],[4,-55],[27,-15],[42,-47],[79,-34],[19,-26],[19,-60],[51,-61],[37,-14],[55,11],[49,-40],[54,10],[57,-22],[93,10],[22,-8],[39,-48],[31,-15],[91,-24],[76,-36],[13,-128],[12,-35],[32,-38],[18,-88],[13,-24],[35,-13],[47,13],[124,-1],[52,10],[65,25],[37,31],[75,100],[17,49],[73,54],[69,9],[6,-23],[-46,-63],[-16,-64],[20,-28],[16,-57],[-51,-86],[8,-53],[32,-45],[70,-26],[71,-9],[101,-3],[114,-34],[35,0],[65,27],[22,25],[36,76],[36,14],[35,-25],[38,-5],[34,17],[97,-7],[33,-23],[56,-92],[104,-28],[-22,-96],[38,-82],[3,-34],[-16,-32],[-97,-60],[42,-70],[28,-66],[84,-51],[95,-46],[11,-43],[-63,-44],[-3,-38],[31,-80],[-7,-78],[69,-82],[27,-48],[128,-73],[66,-30],[64,-45],[23,-42],[-23,-37],[-26,-85],[14,-34],[41,-48],[50,-39],[65,-37],[61,-55],[54,-34],[37,-83],[57,-39],[9,-19],[-33,-57],[47,-46],[7,-68],[14,-47],[-3,-33],[-39,-75],[-44,-57],[-41,-69],[-37,-77],[-20,-113],[-14,-27],[11,-26],[105,-109],[56,-16],[46,8],[45,-14],[25,-49],[45,-41],[20,-32],[10,-84],[64,-68],[58,-31],[31,-46],[28,-15],[71,-7],[51,-46],[35,-16],[28,-57],[56,-73],[3,-29],[-19,-31],[8,-43],[30,-24],[23,-53],[-7,-107],[8,-47],[81,-58],[55,-71],[27,-133],[3,-77],[-22,-42],[-33,-30],[-16,-85],[-15,-29],[17,-86],[-5,-48],[8,-57],[35,-105]],[[49956,100062],[-40,-77],[0,-39],[34,-104],[-5,-98],[56,-108],[79,-99],[79,-27],[26,-50],[0,-147],[-29,-89],[43,-53],[-11,-69],[-35,-61],[24,-76],[-37,-59],[-95,-91],[-42,-58],[-10,-45],[27,-52],[23,-104],[-21,-53],[-63,-64],[-25,-40],[-15,-60],[1,-76],[-43,-48],[-17,-38],[-44,-42],[-66,-23],[-58,-76],[-18,-56],[-18,-115],[-16,-48],[-30,-33],[-106,-40],[-79,-8],[-49,-30],[-34,-37],[-33,-61],[-65,-8],[16,-40],[22,-127],[32,-43],[47,-110],[56,-63],[31,-85],[79,-94],[54,-47],[50,-59],[56,-125],[-2,-50],[68,-135],[61,-87],[-1,-25],[-32,-57],[-55,-13],[-68,-28],[-74,10],[-57,41],[-52,58],[-27,17],[-222,44],[-64,27],[-78,14],[-37,-10],[-25,-54],[-68,-68],[-68,-126],[-89,-106],[-142,-88],[-77,-21],[-45,-34],[-13,-51],[-63,0],[-78,21],[-62,-28],[-54,5],[-70,34],[-179,117],[-52,26],[-85,26],[-109,64],[-116,25],[-54,0],[-118,36],[-86,19],[-109,47],[-100,61],[-72,76],[-29,51],[-70,19],[-79,8],[-143,46],[-108,46],[-171,109],[-37,13],[-107,9],[-15,-17],[-14,-121],[-27,-50],[9,-80],[44,-83],[18,-155],[27,-65],[-1,-52],[49,-29],[40,-38],[60,-83],[49,-99],[22,-122],[-8,-23],[-98,-86],[-47,-32],[-77,-144],[-55,-46],[-22,-30],[-70,-56],[-47,-138],[-25,-27],[-77,-43],[-52,-46],[-64,-24],[-56,-8],[-37,-18],[-53,-8],[-18,-15],[-11,-63],[32,-90],[6,-95],[-27,-72],[9,-54],[49,-58],[154,-49],[117,-50],[61,-75],[21,-59],[-12,-79],[43,-65],[55,-39],[42,-50],[5,-95],[18,-91],[35,-84],[11,-196],[17,-36],[40,-29],[31,-41],[52,-113],[39,-27],[4,-36],[-57,-15],[-80,-57],[-18,-28],[-61,-64],[-1,-90],[-38,-91],[-38,-65],[-2,-46],[46,-101],[4,-71],[31,-77],[-11,-88],[-45,-79],[-34,-76],[-52,-52],[36,-55],[-13,-54],[15,-84],[-10,-53],[14,-63],[56,-82],[70,-56],[5,-16],[-77,-103],[-120,-130],[-48,-73],[-33,-16],[-96,-5],[-54,10],[-143,-67],[-20,-53],[-69,-20],[-55,8],[-25,-44],[-54,-41],[11,-57],[-5,-77],[7,-122],[13,-31],[69,-30],[36,-87],[32,-44],[-38,-77],[-7,-62],[-36,-23],[-2,-57],[16,-26],[-2,-42],[-82,-78],[-5,-39],[-60,-60],[-62,-30],[-24,-71],[-22,-22],[-109,-76],[-27,-40],[-104,-59],[-11,-73],[34,-36],[-3,-49],[40,-28],[21,-47],[59,-53],[58,29],[64,-55],[30,-52],[68,-38],[92,5],[41,-7],[55,12],[38,-3],[21,17],[34,-8],[51,18],[39,-15],[47,0],[46,-14],[50,-35],[29,-50],[80,-20],[26,-35],[40,-10],[41,-41],[64,3],[38,-26],[72,-10],[37,-57],[49,-9],[14,-45],[40,-47],[46,-85],[1,-53],[47,-35],[-19,-18],[-47,-6],[-22,-64],[23,-79],[12,-94],[18,-24],[50,-28],[49,10],[48,-34],[19,-29],[9,-76],[51,-76],[43,-17],[93,-8],[50,-46],[-5,-79],[11,-29],[-33,-22],[-4,-41],[137,-79],[45,-7],[64,40],[31,-13],[3,-29],[-58,-32],[-3,-29],[33,-53],[88,-20],[69,-39],[46,-9],[7,-21],[-11,-96],[12,-41],[51,-53],[14,-55],[42,-58],[58,-29],[76,-73],[63,-18],[28,-26],[-4,-23],[-42,-9],[-33,-29],[9,-38],[83,7],[108,30],[44,-2],[52,-20],[11,-26],[12,-107],[222,-154],[42,-9],[89,-40],[76,-62],[22,-3],[127,13],[106,16],[23,-11],[37,-70],[36,-28],[38,3],[126,50],[32,-2],[87,-39],[72,-1],[27,9],[18,68],[95,42],[82,0],[53,34],[44,57],[37,5],[49,-38],[46,4],[137,-39],[9,-13],[23,-109],[62,-88],[31,-61],[48,-42],[33,-13],[116,-4],[60,-79],[20,-76],[25,-41],[78,2],[87,22],[69,-47],[75,55],[105,67],[44,20],[83,-12],[25,-30],[67,-12],[26,-36],[26,5],[38,31],[14,-8],[-9,-44],[86,-19],[42,0],[41,35],[15,-7],[30,34],[85,37],[74,11],[-4,-82],[-13,-53],[4,-73],[-8,-39],[-32,-65],[-18,-62],[-42,-67],[-31,-79],[23,-27],[75,-6],[43,-74],[11,-53],[46,-29],[35,-60],[99,-24],[31,-60],[48,-32],[70,-9],[-21,-114],[13,-13],[111,46],[98,3],[38,15],[47,-54],[67,-36],[26,-36],[60,-50],[38,-80],[97,2],[14,-33],[-1,-101],[7,-23],[42,-37],[26,-48],[-13,-124],[-31,-59],[-14,-81],[-29,-63],[3,-26],[27,-22],[45,-67],[10,-41],[-8,-102],[-40,-57],[-49,-85],[-53,-22],[-19,-79],[3,-38],[57,-143],[17,-83],[27,-67],[90,-105],[55,-86]],[[50677,78248],[-45,-27],[-38,-9],[-38,-42],[-35,-7],[-82,-41],[-22,-46],[-19,-75],[-15,-14],[-90,-11],[-78,19],[-32,27],[-23,57],[-35,28],[-38,64],[-40,104],[-54,-4],[-45,-21],[-48,-66],[-92,-32],[-73,1],[-29,-11],[-9,-65],[110,-46],[30,-23],[13,-59],[-12,-48],[26,-103],[2,-57],[-18,-61],[3,-27],[81,-37],[121,-36],[19,-36],[-45,-69],[14,-114],[23,-50],[-56,-42],[-6,-26],[9,-62],[-49,-5],[-53,-22],[-45,3],[-66,-23],[-26,-23],[19,-41],[-14,-23],[-58,-30],[-26,-35],[-59,-45],[-1,-14],[70,-70],[4,-18],[-91,-50],[-39,-34],[-60,-13],[-81,-28],[-46,-36],[-20,-57],[11,-45],[-14,-82],[2,-32],[-41,-65],[-79,11],[-29,-18],[-110,36],[-40,-17],[-25,-56],[-89,-3],[-43,-12],[-37,5],[-101,-6],[14,-139],[-51,-50],[-67,-51],[-58,-97],[-85,-92],[-56,40],[-57,-67],[-101,-60],[-94,-6],[-33,8],[-51,58],[-95,4],[-62,-80],[-47,-6],[-48,12],[-55,-5],[-87,35],[-63,4],[-28,-15],[-16,-35],[-45,-42],[-70,-19],[-71,8],[-76,-22],[-48,3],[-56,-43],[-49,-17],[-58,7],[-66,-18],[-59,-5],[-46,27],[-36,-4],[-26,-41],[7,-51],[-24,-31],[-8,-94],[-23,-27],[-20,-60],[6,-19],[50,-38],[6,-43],[27,-23],[63,1],[73,43],[44,-52],[6,-75],[58,-14],[61,-76],[14,-34],[-21,-71],[6,-70],[-5,-54],[9,-27],[52,-15],[32,-127],[26,-79],[-54,-78],[-14,-76],[-26,-78],[14,-54],[-25,-43],[-39,-21],[-42,10],[-25,-34],[5,-51],[-59,-31],[-27,-82],[-27,-48],[-13,-109],[17,-22],[70,-11],[57,-88],[7,-35],[-12,-64],[-45,-96],[-37,-139],[-7,-49],[-25,-75],[32,-55],[-18,-43],[-5,-73],[25,-25],[76,-44],[5,-29],[82,-86],[5,-38],[-51,-108],[8,-67],[43,-119],[-16,-46],[-57,-32],[-26,-36],[12,-97],[47,-99],[31,-52],[53,-57],[84,-63],[147,-99],[72,-80],[113,-172],[55,-58],[113,-58],[325,-116],[50,-22],[151,-48],[100,-50],[91,-72],[35,-46],[20,-47],[15,-171],[21,-66],[31,-55],[3,-50],[-38,-115],[-14,-106],[4,-88],[13,-34],[93,-53],[-41,-76],[2,-31],[35,-119],[-6,-35],[-54,-73],[-143,-165],[-61,-60],[14,-33],[43,-155],[32,-88],[62,-61],[69,-36],[15,-18],[5,-68],[33,-46],[28,-12],[65,-6],[19,-33],[5,-47],[90,-100],[14,-32],[4,-109],[30,-70],[-25,-44],[21,-87],[-1,-107],[82,-8],[31,-21],[15,-72],[-20,-55],[-46,-49],[-11,-55],[11,-86],[-58,-10],[-127,7],[-48,-5],[-135,23],[-81,32],[-83,79],[-53,24],[-89,16],[-67,19],[-35,26],[-18,58],[17,130],[-12,48],[11,94],[-16,95],[-25,84],[-49,94],[-102,52],[-50,18],[-82,5],[-42,-11],[-83,-43],[-109,6],[-64,-8],[-150,-38],[-47,-8],[-24,-28],[-85,-162],[-24,-38],[12,-51],[-24,-47],[-31,-20],[-111,2],[-76,-58],[-36,-38],[-55,-1],[-85,68],[-39,72],[3,22],[42,108],[-34,62],[-89,104],[-66,29],[-73,10],[-9,99],[-31,41],[-86,68],[-106,15],[-147,-27],[-83,6],[-58,-37],[-68,14],[-40,-3],[-17,-35],[-75,-29],[-52,-1],[-24,32],[-49,20],[-71,-9],[-73,-53],[-92,-108],[-75,-149],[-69,-80],[-28,-15],[-70,-14],[-56,13],[-64,-9],[-50,-48],[-32,-17],[-37,-77],[-85,-31],[-28,-20],[-67,-83],[-57,-99],[-57,-80]],[[44860,68588],[-68,19],[-43,-8],[-120,40],[-151,-19],[-145,-60],[-61,-17],[-14,-41],[-31,-41],[3,-28],[80,-73],[6,-42],[-35,-14],[-85,21],[-62,-20],[-57,-87],[-54,-52],[-51,-70],[-13,-38],[-64,-29],[-73,-86],[-30,-78],[-42,-29],[-63,-23],[-55,-10],[-52,11],[-48,60],[-26,57],[-47,42],[-78,44],[-94,34],[-76,-21],[-26,-36],[-33,-103],[-75,-21],[-42,17],[-25,43],[-76,40],[-72,58],[-105,24],[-64,38],[-72,-12],[-24,11],[-22,44],[-76,51],[-45,21],[-32,36],[-41,23],[-70,90],[-51,0],[-46,-29],[-49,-10],[-93,17],[-148,6],[-52,11],[-138,-29],[-76,-22],[-140,-53],[-33,-29],[-73,-20],[-40,9],[-33,40],[-42,4],[-52,-36],[-20,4],[-42,59],[-29,98],[9,41],[-2,117],[37,79],[-41,57],[-67,36],[-27,31],[-8,37],[-27,20],[-3,-31],[-59,16],[-78,44],[-22,22],[-80,46]],[[27291,89203],[36,1],[42,-19],[130,-1],[67,20],[75,-12],[32,7],[184,77],[48,11],[51,44],[64,32],[48,-12],[58,64],[26,57],[63,47],[190,64],[72,73],[37,19],[68,70],[50,42],[79,23],[28,32],[31,67],[44,26],[46,42],[13,36],[52,67],[36,13],[2,25],[-29,114],[-19,49],[-8,71],[-75,138],[-7,46],[-49,17],[-27,68],[-30,18],[-15,58],[-39,16],[-44,36],[-39,0],[-52,116],[40,47],[24,45],[4,63],[-25,98],[10,80],[1,98],[41,14],[5,35],[27,25],[-19,54],[5,86],[-11,118],[-33,37],[-36,76],[30,82],[50,69],[42,37],[44,11],[29,23],[69,6],[94,-19],[29,9],[69,-1],[94,34],[17,13],[-15,60],[-18,31],[-12,54],[-23,40],[13,37],[-2,43],[45,14],[20,60],[-15,19],[-12,56],[28,114],[77,26],[-32,63],[-1,45],[-29,46],[6,89],[23,81],[100,26],[60,24],[64,106],[51,35],[19,42],[98,69],[69,-34],[51,-6],[37,-48],[63,-30],[46,-58],[51,-8],[32,23],[30,52],[102,34],[55,-18],[61,6],[27,-26],[57,-16],[23,-48],[32,-9],[84,26],[76,49],[49,-5],[116,-40],[47,-26],[68,4],[12,43],[57,67],[-1,110],[-53,60],[-46,89],[9,42],[-27,45],[76,26],[14,39],[61,12],[38,23],[15,25],[59,28],[42,105],[25,45],[11,45],[-22,96],[-28,18],[-25,48],[-42,34],[0,64],[-16,64],[4,79],[-7,38],[-23,40],[-7,108],[-53,15],[-19,35],[27,58],[-8,108],[-27,61],[12,61],[-19,54],[51,80],[-17,90],[-37,42],[-2,84],[-24,53],[-55,18],[-46,68],[-90,88],[-11,37],[1,59],[-86,83],[-71,58],[-48,76],[-41,39],[-45,73],[-123,160],[-30,74],[-64,12],[-117,95],[-59,113],[16,33],[48,23],[1,29],[-20,66],[-11,76],[48,51],[59,37],[-13,55],[20,57],[-2,61],[29,68],[57,54],[17,59],[12,92],[-34,48],[2,48],[63,92],[0,11],[-55,110],[-25,38],[-1,72],[-22,18],[-70,21],[-27,71],[-67,27],[-35,54],[-13,48],[-29,50],[-17,78],[-30,56],[-67,27],[-35,25],[-46,70],[-119,106],[2,72],[14,44],[3,72],[-23,49],[4,29],[75,128],[11,29],[-7,63],[34,48],[47,116],[23,34],[175,126],[-3,30],[-44,60],[-35,25],[-60,87],[-48,13],[-81,136],[-61,-17],[-83,45],[-73,27],[-73,12],[-40,-23],[-89,6],[-38,-8],[-37,56],[-31,27],[-36,63],[-30,27],[-52,23],[-133,-24],[-77,-1],[-47,13],[-78,6],[-112,62],[-50,14],[-47,48],[-91,112],[-96,129],[-100,32],[-96,78],[-17,57],[2,52],[-16,20],[-91,16],[-187,101],[-51,-3],[-55,16],[-46,32],[-87,-19],[-52,2],[-46,48],[-88,36],[-65,49],[-60,72]],[[27168,100372],[43,63],[70,43],[27,48],[-33,81],[-1,31],[38,74],[-3,59],[-46,75],[-66,51],[-6,99],[41,43],[32,65],[7,89],[-22,50],[-10,66],[-30,27],[-20,51],[-9,57],[23,88],[27,57],[44,135],[38,45],[47,16],[66,79],[11,37],[68,17],[57,52],[27,40],[58,142],[-28,78],[-2,94],[-13,33],[-75,110],[-87,38],[-43,31],[-45,65],[15,68],[92,98],[24,52],[46,54],[70,16],[27,19],[24,43],[18,60],[14,94],[-18,75],[-50,125],[-46,178],[-41,79],[-18,67],[12,46],[176,96],[0,42],[40,22],[44,-9],[18,38],[-4,71],[78,52],[0,43],[-44,182],[20,30],[58,24],[2,62],[28,56],[23,22],[45,79],[61,61],[15,26],[-16,115],[18,31],[73,24],[-16,133],[-106,64],[-15,24],[-33,107],[8,44],[34,35],[67,42],[14,43],[-20,63],[-13,86],[-83,71],[21,60],[-21,40],[10,54],[29,46],[21,196],[3,94],[-7,209],[10,62],[21,36],[49,45],[10,45],[-33,41],[-16,96],[-3,62],[50,31],[54,84],[72,33],[42,37],[107,23],[36,31],[48,25],[3,127],[-15,114],[54,30],[41,54],[32,116],[16,24],[39,9],[56,-25],[52,45],[30,62],[11,90],[22,34],[105,20],[155,135],[74,94],[48,74],[70,73],[8,46],[-23,37],[-51,33],[-2,51],[63,34],[89,29],[35,59],[74,53],[23,38],[-15,97],[-6,87],[-29,37],[-61,9],[-53,30],[-63,-20],[-52,34],[-22,50],[14,52],[13,96],[-7,45],[-43,78],[-45,50],[88,94],[57,22],[120,72],[76,26],[54,38],[43,79],[98,51],[22,19],[24,57],[13,59],[25,50],[65,191],[44,74]],[[101136,93960],[42,-19],[21,-34],[63,-34],[121,-23],[92,-66],[62,-5],[53,-36],[85,-15],[78,20],[141,4],[56,27],[27,-7],[38,-44],[102,-48],[33,-38],[51,-6],[39,-84],[134,-68],[184,-119],[49,-90],[40,-30],[157,-11],[143,20],[108,-5],[67,4],[140,-6],[207,-32],[86,-41],[126,2],[63,-99],[26,-59],[7,-84],[32,-46],[-1,-155],[10,-126],[0,-93],[-30,-96],[1,-64],[38,-95],[-6,-60],[-47,-87],[-19,-75],[-89,-96],[-25,-43],[-41,-105],[-59,-125],[-22,-27],[-64,-44],[-31,-46],[-2,-102],[-44,-47],[-55,-21],[-14,-122],[-45,-63],[8,-71],[-2,-61],[-37,-139],[18,-11],[54,-2],[32,-12],[25,-49],[-10,-37],[29,-59],[155,-48],[122,-54],[21,-22],[6,-43],[-8,-61],[5,-48],[49,-93],[71,-119],[51,-26],[16,-38],[-46,-116],[-11,-44],[-4,-130],[-21,-147],[8,-85],[-31,-104],[-34,-72],[-83,-74],[-63,-49],[-42,-53],[-30,-56],[-54,-142],[5,-55],[-150,-56],[-159,74],[-126,66],[-430,276],[-151,88],[-64,17],[-91,-5],[-29,7],[-69,40],[-32,4],[-74,-43],[-30,-8],[-101,26],[-47,6],[-41,-30],[-88,-43],[-88,-5],[-80,-58],[-32,8],[-33,33],[-158,46],[-150,25],[-72,21],[-24,-4],[-64,-58],[-19,-28],[-64,-1],[-140,-95],[3,-53],[-19,-75],[-19,-40],[-52,-9],[-42,10],[-84,-5],[-41,23],[-65,74],[-43,64],[-53,33],[-56,-10],[-66,-75],[-37,-27],[-160,-94],[-25,-55],[-16,-78],[-21,-24],[-80,-35],[-82,12],[-83,-21],[-57,2],[-37,-15],[-16,-26],[-26,-80],[-7,-58],[-65,-136],[-55,-26],[-31,-71],[-78,-64],[-26,-67],[-61,-65],[-80,-127],[-5,-29],[24,-46],[0,-30],[-44,-54],[-37,-95],[4,-20],[110,-119],[22,-86],[-79,-107],[-64,-14],[-79,-51],[-33,32],[-24,-18],[-17,-66],[78,-70],[4,-62],[-39,-52],[10,-188],[-9,-56],[-26,-51],[-46,-62],[-40,-99],[-92,-82],[-36,-45],[-36,-9],[-94,-122],[-16,-52],[54,8],[59,-10],[149,-65],[62,-42],[29,-35],[23,-105],[-14,-73],[43,-96],[-5,-21],[-59,-38],[-25,-33],[-132,-116],[-35,-56],[-27,-61],[-72,-8],[-27,-29],[-28,-68],[-74,-103],[-95,-32],[-47,-29],[-33,-35],[-45,-92],[-32,-110],[-6,-49],[-23,-89],[0,-95],[19,-155],[-13,-132],[7,-112],[59,-64],[31,-48],[10,-52],[-5,-107],[26,-52],[-42,-97],[3,-35],[54,-70],[9,-26],[-12,-60],[5,-41],[35,-34],[63,-44],[1,-45],[-70,-58],[-9,-49],[-78,-34],[-21,-93],[-79,-47],[-87,6],[-9,-60],[-39,-77],[-65,-86],[-1,-27],[27,-27],[34,-94],[-12,-40],[-42,-24],[8,-84],[18,-41],[-52,-29],[1,-46],[-22,-11],[-75,12],[-65,20],[-69,52],[-29,-6],[-61,-64],[-17,-7],[-64,8],[-70,-31],[-68,11],[-76,-5],[-77,-18],[-54,-39],[-31,-68],[-22,-15],[-67,-5],[-43,39],[-63,8],[-21,18],[-19,54],[-30,32],[-20,63],[-79,61],[-6,-130],[-36,-67],[-16,-77],[-66,-31],[-26,-52],[-43,-47],[-78,-61],[-45,-21],[-78,-60],[-22,6],[-24,86],[-32,37],[-59,-1],[-53,-25],[-229,-157],[-31,-11],[-50,3],[-70,31],[-74,4],[-86,-18],[-168,-125],[-65,-35],[-119,-18],[-107,-36],[-57,-26],[-16,-37],[20,-38],[32,-24],[54,-70],[2,-35],[-15,-53],[-5,-91],[-42,-99],[3,-62],[45,-88],[3,-101],[7,-18],[65,-38],[-1,-19],[-60,-27],[-18,-24],[13,-32],[78,-80],[14,-33],[12,-85],[42,-67],[-88,-74],[19,-36],[36,-138],[-3,-77],[32,-38],[11,-51],[-52,-137],[-88,-9],[-57,-31],[-64,-74],[-60,-51],[-92,-29],[-66,-167],[38,-60],[-5,-23],[-46,-55],[-17,-51],[-49,-49],[-27,-65],[-67,-27],[15,-168],[-37,-95],[11,-23],[75,-64],[-12,-41],[-32,-61],[-5,-27],[12,-101],[28,-60],[1,-26],[-53,-78],[16,-47],[-10,-82],[49,-63],[-76,-124],[-3,-19],[34,-56],[28,-23],[11,-75],[32,-81],[58,-66],[60,-20],[33,-40],[4,-37],[-67,-105],[2,-31],[62,-28],[0,-79],[-10,-67],[-14,-35],[-49,-35],[-44,24],[-50,44],[-52,20],[-51,38],[-24,42],[-42,30],[-59,-50],[-49,15],[-28,56],[-32,5],[-90,-25],[-83,-7],[-25,7],[-46,43],[-103,43],[-1,-43],[-54,-69],[-54,-56],[-25,-42],[26,-35],[51,-32],[-28,-37],[5,-35],[67,-82],[-17,-35],[-92,-51],[-60,-69],[-39,-16],[-99,32],[-133,-4],[-27,5],[-98,108],[-17,27],[-7,61],[-36,35],[-24,7],[-83,-15],[-158,52],[-71,-11],[-39,-96],[0,-57],[-52,-28],[-58,44],[-24,-8],[-46,-53],[-38,-26],[-17,-29],[-17,-70],[-58,-19],[-36,-37],[-8,-41],[10,-134],[-20,-19],[-46,-12],[-108,-3],[-53,-8],[-73,-42],[-55,48],[-42,-1],[-77,-68],[-86,-36],[-63,10],[-36,37],[-38,90],[-17,16],[-89,23],[-39,-8],[-171,-78],[-38,-38],[-10,-60],[-24,-33],[-3,-46],[64,-123],[11,-80],[-50,-56],[-53,-30],[-49,-63],[-26,-86],[4,-77],[-94,-71],[17,-72],[-19,-26],[-72,-7],[-13,-26],[-14,-95],[-30,-53],[-16,-62],[-87,-112],[2,-33],[27,-49],[-2,-21],[-75,-124],[-29,-17],[-64,11],[-71,0],[-58,29],[-43,0],[-107,-52],[-99,-70],[-108,-15],[-84,-32],[-55,-57],[-4,-27],[17,-155],[82,-165],[-2,-21],[-135,-75],[-58,24],[-24,-2],[-67,-47],[-95,-40],[-8,-14],[14,-82],[56,-158],[18,-27],[68,-56],[57,-24],[84,-19],[70,-33],[16,-33],[-47,-17],[-75,42],[-89,-4],[-70,43],[-57,-37],[-61,-7],[-30,-45],[-40,-90],[17,-47],[30,-11],[157,-12],[9,-118],[62,-67],[20,-76],[-67,-48],[-13,-173],[-51,-58],[4,-23],[46,-36],[32,0],[86,46],[28,2],[42,-28],[58,-131],[30,-20],[106,-23],[32,-16],[94,-15],[28,-23],[141,-10],[54,-26],[73,4],[66,-50],[51,-18],[30,-45],[0,-29],[30,-45],[57,-12],[87,65],[42,1],[29,-41],[-23,-83],[6,-19],[64,-29],[36,-45],[24,-66],[57,-87],[144,-135],[45,-4],[178,23],[65,13],[82,-32],[21,-50],[-9,-44],[-41,-45],[-111,-47],[-107,-31],[-59,-52],[-17,-75],[-167,-151],[-52,-33],[-132,-43],[-35,-108],[-27,-107],[-15,-31],[-29,-178],[-26,-29],[-60,-23],[-64,-12],[-54,-41],[-114,-7],[-60,3],[-66,25],[27,-62],[-6,-35],[-38,-46],[-23,-52],[-50,-44],[-78,-13],[-18,-14],[-22,-49],[-5,-41],[50,-125],[-3,-28],[-33,-38],[-44,-74],[-52,-125],[-9,-52],[28,-31],[30,-9],[59,5],[24,28],[72,33],[50,-16],[38,-47],[52,-43],[6,-55],[19,-40],[50,-9],[70,18],[137,3],[28,-18],[16,-123],[-74,-107],[-40,-100],[-28,-142],[-68,-83],[-17,-47],[12,-47],[32,-72],[-26,-47],[-11,-52],[28,-38],[-4,-36],[-30,-34],[-106,-59],[-6,-14],[43,-70],[43,-105],[45,-28],[37,-47],[29,-63],[88,-84],[42,-32],[-9,-29],[-93,-23],[-20,-12],[-29,-65],[-19,-6],[-72,9],[-41,-43],[-43,-88],[-67,-92],[-120,-62],[-92,-5],[-60,-16],[-45,-69],[-43,-52],[-84,-30],[-34,-33],[-38,-128],[1,-125],[-22,-64],[-55,-46],[-67,-29],[-76,-70],[-60,-28],[-81,-63],[-27,0],[-38,23],[-180,-3],[-23,-7],[-5,-78],[-20,-65],[-48,-43],[-29,-48],[-31,-115],[-17,-41],[-52,-85],[-69,-73],[-28,-16],[-120,-24],[-95,-50],[-11,-23]],[[84276,62142],[-112,38],[-113,21],[-35,-3],[-69,-49],[-49,-74],[-55,-8],[-21,20],[-22,69],[-53,46],[-68,2],[-36,18],[-44,55],[-39,27],[-74,37],[-13,179],[-3,184],[35,55],[-26,113],[-34,65],[-27,18],[-28,-5],[-18,-31],[-4,-56],[-45,-58],[-80,-18],[-95,11],[-92,104],[-77,1],[-84,-63],[-47,-16],[-58,-5],[-162,2],[-34,21],[-15,91],[-25,5],[-63,-16],[-47,2],[-113,19],[-46,-3],[-67,-19],[-31,7],[-71,46],[-78,29],[-22,-15],[-3,-37],[12,-74],[-5,-72],[18,-41],[8,-55],[-19,-61],[-2,-48],[18,-113],[-16,-97],[-33,-41],[-29,-15],[-93,-3],[-34,-176],[-48,-77],[-91,-96],[-18,-47],[-3,-44],[15,-51],[3,-63],[-27,-40],[-69,-74],[1,-83],[-10,-60],[-24,-63],[20,-95],[-26,-100],[-68,-71],[-24,-95],[-78,-15],[-164,23],[-88,-16],[-117,4],[-29,9],[-113,97],[-30,52],[-9,61],[-56,33],[-41,59],[-103,80],[-26,73],[-96,165],[-84,33],[-61,44],[-55,7],[-51,-52],[-55,-1],[-74,22],[-110,-3],[-19,6],[-83,72],[-43,21],[-54,9],[-223,-51],[-62,18],[-70,55],[-50,60],[-59,37],[-72,-1],[-123,-52],[-26,-20],[-147,-181],[-32,-19],[-78,-5],[-90,29],[-60,48],[-139,86],[-59,62],[-21,62],[-35,-2],[-118,-53],[-77,-56],[-78,-2],[-66,-32],[-32,4],[-45,54],[-58,19],[-24,51],[-72,74],[-68,-6],[-145,36],[2,39],[43,88],[14,53],[-38,59],[4,110],[9,23],[92,102],[2,22],[-45,65],[-32,25],[49,69],[0,28],[-33,96],[-20,122],[8,66],[31,42],[125,57],[16,43],[-13,54],[22,128],[0,63],[-13,94],[-28,105],[-63,174],[-35,82],[5,32],[32,33],[19,68],[-17,67],[34,49],[67,30],[52,45],[17,30],[8,61],[19,57],[-6,44],[-32,65],[-23,24],[-58,24],[-74,20],[-83,42],[-44,5],[-53,-20],[-29,7],[-35,44],[-46,92],[-20,55],[-5,74],[-16,8],[-12,-59],[-32,-19],[-145,-11],[-110,-188],[-71,-73],[-124,18],[-84,-2],[-35,-13],[-16,-63],[-24,-26],[-44,-14],[-29,-47],[-31,6],[-32,29],[-101,-35],[-39,-45],[-68,-49],[-31,-43],[-75,-11],[-39,22],[-6,21],[44,91],[-4,40],[-42,75],[0,48],[-23,35],[-51,38],[-44,71],[-41,35],[-55,-23],[-87,-5],[-19,14],[-20,79],[9,95],[-10,29],[-45,40],[-53,103],[-4,29],[42,90],[22,27],[4,41],[-15,98],[8,63],[-67,36],[-196,57]],[[75715,65463],[39,87],[92,102],[113,46],[131,24],[125,14],[77,20],[2,41],[-26,63],[3,52],[-13,40],[-81,78],[-1,20],[79,84],[48,30],[68,17],[76,42],[58,40],[43,12],[54,-2],[19,15],[-22,40],[-11,66],[3,87],[9,22],[103,-17],[138,-40],[141,-68],[141,-20],[110,12],[126,4],[51,27],[38,81],[28,143],[2,77],[-34,94],[-54,50],[-85,-18],[-21,63],[-40,61],[-27,22],[-183,38],[-68,35],[-101,27],[-132,44],[-52,55],[-64,44],[-41,55],[-124,31],[-69,56],[-121,168],[-54,51],[-12,26],[20,110],[-64,44],[-14,60],[-32,29],[-41,57],[-8,33],[22,64],[-49,52],[-54,31],[-37,66],[-59,39],[-19,52],[19,24],[13,69],[-67,43],[-18,32],[5,58],[-69,63],[-7,68],[-64,1],[-28,25],[-9,39],[-33,62],[-50,13],[-69,-12],[-23,53],[-26,13],[-61,-4],[-128,-47],[-41,8],[-73,52],[-71,28],[-67,63],[-82,12],[-53,36],[-19,31],[0,62],[-42,29],[-4,37],[23,99],[28,74],[58,51],[5,32],[-43,14],[-36,29],[-46,65],[-14,53],[19,58],[14,80],[-19,70],[-14,16],[-114,-21],[-94,-35],[-59,25],[-46,36],[-19,43],[115,54],[73,20],[50,31],[62,27],[73,-3],[81,-46],[38,-6],[38,16],[46,80],[35,25],[92,-3],[96,18],[58,-39],[40,10],[131,68],[16,49],[36,73],[9,48],[-9,83],[51,48],[24,37],[74,36],[86,110],[44,39],[76,35],[55,54],[75,11],[37,14],[93,7],[-23,144],[0,60],[-48,55],[66,44],[10,17],[-21,47],[-31,20],[-40,48],[-31,17],[-71,-1],[-119,-57],[-14,-17],[-4,-70],[-26,-32],[-136,-77],[-59,23],[-59,52],[-12,29],[5,63],[82,33],[-22,45],[10,186],[23,149],[26,118],[23,24],[31,-17],[52,4],[64,29],[95,21],[90,2],[-17,69],[-31,42],[-32,13],[-89,-16],[-57,-1],[-42,15],[-118,90],[-84,10],[-32,14],[-4,61],[-21,58],[-4,57],[-44,44],[34,71],[16,76],[-4,73],[11,39],[56,28],[95,28],[19,62],[19,24],[116,7],[62,-30],[41,-6],[120,36],[21,-12],[25,-62],[37,-30],[44,-9],[46,16],[162,83],[22,30],[10,42],[35,78],[75,131],[-53,0],[-33,-18],[-74,-3],[-44,-53],[-18,-56],[-21,-14],[-91,3],[-87,27],[-1,95],[-102,51],[-87,37],[-54,52],[-140,104],[-10,36],[-93,90],[-33,50],[-53,22],[-98,-58],[-88,-16],[-29,-52],[-44,-34],[-67,-99],[-56,-113],[-91,-119],[-7,-33],[16,-69],[12,-87],[-17,-27],[-40,-29],[-38,-115],[3,-67],[-21,-79],[28,-50],[-19,-22],[-40,24],[-46,46],[-57,26],[-30,24],[-27,67],[-71,-35],[-67,27],[-36,-11],[-25,-24],[-11,-43],[-46,-9],[-108,32],[-48,35],[2,60],[41,86],[37,16],[41,80],[-10,108],[-40,26],[-47,61],[-3,50],[-15,34],[-69,44],[-17,59],[9,99],[48,60],[19,173],[13,29],[70,93],[16,44],[76,74],[82,26],[46,29],[-5,96],[4,55],[-52,44],[-4,49],[90,139],[11,50],[-33,67],[-9,84],[-25,60],[-6,79],[-37,60],[-65,-5],[-24,32],[-8,73],[-63,50],[-31,74],[0,31],[39,41],[19,40],[1,136]],[[74419,74793],[92,45],[48,44],[43,61],[39,19],[100,-5],[46,7],[91,32],[43,32],[118,24],[33,-42],[42,19],[19,27],[19,75],[15,17],[68,-7],[104,58],[37,64],[58,30],[43,44],[22,41],[175,10],[42,-2],[24,-18],[22,-58],[32,-41],[51,-9],[66,-68],[60,-39],[30,-30],[60,-13],[125,9],[-1,25],[-53,105],[9,20],[41,-14],[85,5],[21,-106],[85,-3],[116,-53],[46,19],[49,39],[112,28],[71,6],[82,41],[45,38],[35,16],[50,3],[94,-14],[65,1],[39,36],[46,111],[20,15],[68,19],[83,88],[66,33],[41,2],[74,-72],[97,-52],[86,-29],[93,6],[79,21],[125,61],[24,-5],[31,-70],[83,3],[49,17],[42,-7],[44,47],[53,15],[74,89],[112,18],[31,-8],[44,-37],[172,8],[60,-7],[73,-31],[3,-41],[32,-9],[20,17],[25,71],[-21,22],[4,52],[15,46],[103,145],[15,66],[-10,42],[-49,50],[-4,61],[5,64],[-3,209],[21,114],[-35,83],[-62,197],[-12,85],[-1,150],[84,122],[0,23],[-64,59],[-61,12],[-123,66],[-10,28],[57,70],[81,113],[33,73],[-60,36],[-3,27],[57,100],[5,41],[-16,35],[11,38],[-25,53],[-37,141],[-113,89],[-10,31],[12,69],[-9,102],[-26,48],[-38,97],[-4,76],[32,48],[81,90],[69,17],[41,20],[31,-10],[14,-41],[23,-22],[28,4],[28,36],[55,18],[65,-34],[60,-10],[85,-33],[187,-18],[85,10],[82,20],[124,-24],[81,6],[37,-22],[13,-28],[9,-72],[26,-11],[73,27],[46,-15],[43,2],[111,51],[93,-2],[60,6],[112,-12],[67,14],[127,71],[65,46],[20,108],[17,25],[70,-29],[101,-113],[24,-67],[65,-78],[22,-56],[64,-57],[63,-25],[78,13],[144,-6],[49,-21],[134,-85],[50,-11],[55,11],[94,-29],[115,-3],[92,-65],[27,-2],[114,46],[162,79],[41,27],[48,135],[76,18],[13,34],[-5,64],[14,44],[4,60],[12,28],[80,73],[54,60],[13,26],[16,94],[26,37],[40,32],[39,57],[14,52],[-13,42],[-58,32],[-70,15],[-31,34],[6,56],[-15,76],[22,51],[-4,86],[-11,55],[-38,79],[-94,89],[-40,54],[-16,66],[-1,45],[14,93],[-36,44],[-4,53],[18,23],[73,40],[110,-6],[59,26],[30,-4],[38,-32],[44,-1],[33,27],[60,-11],[24,-35],[42,-11],[85,22],[30,-7],[25,-29],[61,-2],[20,66],[88,134],[-8,65],[-29,34],[-60,37],[-56,46],[-22,30],[9,58],[-59,77],[-75,59],[-23,8],[-76,-5],[-130,6],[-48,14],[-152,10],[-63,25],[-5,20],[21,77],[25,41],[-13,71],[-69,32],[-15,20],[-2,104],[10,21],[60,48],[-1,13],[-58,42],[-7,70],[-86,-10],[-47,58],[-74,22],[-73,53],[-41,8],[-102,72],[-61,34],[-95,41],[-15,26],[26,104],[49,130],[47,62],[68,34],[22,21],[18,119],[38,21],[-7,37],[-45,61],[-49,52],[-11,42],[14,24],[103,92],[-3,21],[-66,58],[3,24],[73,57],[37,7],[16,72],[-27,98],[10,80],[59,39],[19,50],[-10,41],[9,21],[44,19],[28,33],[55,137],[45,68]],[[82408,83248],[68,20],[44,-2],[103,-64],[90,-82],[96,-59],[68,-56],[71,-35],[81,-28],[65,16],[67,53],[55,80],[117,60],[105,96],[67,18],[75,0],[60,-65],[79,-8],[-18,83],[-33,75],[11,101],[-3,42],[-55,43],[-8,39],[45,94],[-29,79],[51,93],[98,42],[39,46],[39,20],[97,-3],[126,26],[-17,81],[20,20],[48,9],[-8,77],[33,55],[28,10],[75,-13],[54,42],[16,56],[75,73],[32,74],[26,19],[48,-24],[7,-75],[-18,-93],[-24,-66],[-30,-44],[1,-73],[15,-26],[235,48],[130,13],[60,35],[49,44],[61,75],[58,48],[46,0],[34,14],[52,77],[2,41],[95,21],[-7,-66],[-16,-36],[-22,-117],[-56,-139],[-31,-39],[1,-65],[-10,-43],[27,-59],[11,-56],[-8,-132],[-8,-24],[132,-69],[17,4],[66,82],[72,68],[50,-13],[42,34],[29,49],[98,43],[42,45],[106,21],[96,90],[89,-7],[63,10],[34,-19],[60,-2],[44,15],[31,167],[86,67],[-20,75],[5,68],[-17,56],[43,32],[72,4],[59,19],[22,39],[67,24],[6,23],[-18,35],[15,80],[13,25],[69,45],[140,27],[33,27],[-14,38],[49,-4],[37,10],[206,111],[29,12],[99,-5],[81,30],[47,36],[37,74],[-6,91],[9,43],[44,64],[72,74],[-3,35],[-78,36],[-32,27],[-85,134],[-71,22],[-138,-22],[-89,47],[-42,8],[-76,55],[-5,22],[11,170],[-7,68],[-145,84],[-67,46],[2,19],[55,45],[44,58],[23,96],[18,23],[177,92],[127,30],[49,27],[147,32],[22,20],[0,80],[35,85],[50,49],[18,35],[1,87],[9,57],[-50,68],[17,87],[-23,81],[-113,90],[-11,66],[-71,55],[-110,10],[-90,65],[-51,-1],[-35,14],[-79,83],[-24,50],[-34,135],[-21,38],[-61,63],[-10,45],[10,57],[-20,80],[-6,96],[-18,119],[1,85],[29,91],[-36,112],[115,29],[111,-9],[69,207],[104,147],[39,65],[68,135],[-7,20],[-52,69],[-32,59],[-42,43],[-47,82],[-24,27],[34,28],[41,145],[-12,83],[28,44],[110,121],[7,82],[-15,64],[1,35],[-27,30],[-112,51],[-17,35],[-11,115],[-13,49],[-56,36],[-32,33],[-55,75],[-70,56],[-84,144],[-104,85],[-81,49],[41,48],[13,116],[24,147],[13,25],[-40,115],[-13,69],[4,44],[24,51],[0,55],[21,87],[-8,47],[-48,71],[1,48],[41,69],[60,61],[53,33],[106,36],[25,32],[-8,101],[-23,56],[-21,17],[-73,22],[-103,127],[-43,26],[33,56],[-15,38],[-68,20],[-60,41],[-88,91],[-32,95],[10,58],[-12,52],[-47,95],[-14,94],[-47,13],[-60,-12],[-27,22],[-32,135],[-3,95],[10,52],[-16,95],[-3,55]],[[86052,93440],[35,3],[68,75],[209,43],[40,2],[110,-25],[35,19],[13,71],[64,98],[8,32],[33,31],[44,10],[164,9],[24,19],[33,59],[5,39],[-49,50],[-15,52],[5,34],[75,25],[64,37],[17,75],[24,42],[56,19],[55,-13],[78,-1],[92,11],[66,-5],[60,16],[40,0],[63,77],[17,42],[113,79],[24,8],[47,-9],[104,15],[147,-9],[82,-14],[204,-18],[78,-74],[69,11],[110,6],[115,69],[24,34],[72,43],[44,17],[57,2],[131,42],[58,26],[41,37],[94,163],[67,36],[11,37],[-16,42],[-7,83],[31,65],[14,62],[33,27],[67,101],[4,41],[54,104],[111,36],[75,-1],[70,52],[62,8],[77,26],[22,34],[85,22],[75,105],[39,-55],[124,-45],[44,-38],[29,-48],[39,-43],[201,-44],[114,20],[57,0],[33,-16],[11,-60],[-3,-48],[34,-40],[-18,-40],[16,-129],[-5,-57],[17,-56],[-1,-41],[64,-54],[42,-114],[47,-59],[22,-42],[45,-53],[23,-14],[96,17],[61,-2],[126,-27],[45,-29],[41,-50],[55,-29],[11,-74],[74,-72],[57,-67],[40,-20],[50,-50],[106,2],[127,-22],[28,2]],[[91925,94197],[-22,-44],[-36,-35],[-9,-98],[-48,-75],[-2,-78],[18,-83],[-7,-75],[33,-75],[-22,-58],[52,-58],[39,-56],[129,-108],[54,-51],[44,-60],[9,-47],[-4,-49],[8,-124],[-55,-106],[-24,-126],[1,-65],[-14,-32],[13,-49],[82,-114],[124,-95],[20,-52],[63,-65],[71,-16],[63,-33],[31,-57],[31,-28],[77,-15],[32,-36],[8,-57],[-39,-43],[6,-53],[-42,-44],[-66,-30],[-17,-50],[-47,-80],[-14,-43],[16,-142],[43,-32],[21,-37],[8,-54],[51,-88],[-4,-61],[14,-42],[1,-72],[33,-56],[5,-27],[49,-53],[-14,-51],[15,-82],[-8,-96],[18,-75],[22,-45],[70,-89],[55,-55],[93,-149],[12,-36],[3,-64],[38,-45],[42,-65],[1,-31],[137,1],[82,-52],[31,-51],[82,10],[105,-33],[81,-61],[32,-81],[8,31],[39,61],[65,55],[61,-1],[120,-96],[95,-94],[43,-31],[25,-41],[32,-24],[299,-90],[47,-31],[73,-20],[108,-84],[26,-7],[97,31],[51,-1],[106,-75],[57,8],[36,-6],[163,-1],[44,-9],[18,-70],[34,-47],[80,-62],[48,-98],[40,-62],[48,-61],[6,-100],[9,-22],[45,26],[75,80],[43,11],[14,-15],[-2,-49],[21,-28],[66,82],[127,-54],[88,-47],[108,-35],[44,-35],[89,-33],[78,-7],[68,-26],[108,-12],[58,-43],[132,-21],[34,-16],[23,-38],[48,70],[83,61],[36,45],[17,41],[30,-9],[77,40],[43,45],[68,15],[78,111],[-8,93],[17,26],[71,64],[35,56],[-4,128],[15,47],[55,87],[27,70],[-1,50],[-51,115],[65,79],[63,39],[74,-5],[27,12],[70,79],[45,119],[37,36],[32,65],[24,146],[-11,63],[59,14],[30,26],[132,75],[47,11],[86,57],[52,61],[69,48],[127,50],[95,-2],[127,68],[19,45],[33,23],[-6,23],[19,93],[26,38],[49,36],[56,66],[55,95],[46,53],[-19,75],[31,39],[72,52],[65,70],[26,60],[32,99],[40,56],[72,24],[70,41],[40,35],[131,70],[74,22],[97,-6],[68,84],[29,20],[95,36],[78,62],[-1,96],[26,71],[111,63],[21,29],[19,62],[26,37],[29,72],[22,17],[198,38],[128,117],[56,25],[32,104],[67,48],[-1,21],[61,60],[76,15],[29,20],[25,55],[-23,60],[-10,87],[22,48],[41,39],[21,84],[57,71],[36,61],[11,52],[-11,51],[20,115],[23,67],[17,22],[128,33]],[[30530,20630],[-34,-18],[-20,-46],[-85,-32],[-18,7],[-31,76],[-138,-70],[-60,-56],[-153,-111],[39,-49],[-69,-48],[56,-118],[-34,-19],[-85,179],[31,-89],[-184,-93],[-84,60],[-62,-57],[-67,-74],[15,-13],[-58,-53],[18,-16],[-125,-180],[-7,5],[-47,-62],[-17,-57],[-8,15],[-66,-291],[-13,-36],[-55,-81],[244,-263],[75,-76],[239,-259],[35,27],[-27,-38],[62,-69],[48,-41],[63,41],[-63,67],[10,5],[80,-85],[68,58],[10,-5],[-48,-42],[18,-26],[78,-4],[77,-23],[35,-25],[14,-79],[18,-33],[51,-33],[63,-6],[36,-20],[-2,-44],[-56,-38],[-93,-18],[-42,-20],[-31,-32],[-36,-8],[-24,26],[-89,-1],[-100,-42],[-54,-47],[-147,-203],[-31,-27],[-37,0],[-50,20],[-52,38],[-27,33],[-8,60],[-1212,-23],[-16,-19],[-34,-84],[119,-54],[1,-9],[-123,57],[-72,-91],[-12,-55],[14,-14],[18,-113],[-21,-45],[-64,-71],[-37,-20],[-41,-1],[-65,21],[-52,-25],[-113,39]],[[26602,20461],[10,44],[92,141],[17,18],[84,40],[77,87],[18,-5],[17,-38],[10,-71],[109,-76],[38,-4],[62,24],[69,82],[48,37],[7,100],[28,77],[-13,17],[-92,49],[-49,35],[-33,53],[14,46],[-5,53],[-30,56],[8,76],[-66,126],[-37,52],[-63,113],[-81,135],[2,11],[96,46],[60,133],[15,19],[51,22],[5,81],[102,154],[12,31],[20,125],[51,32],[73,-7],[47,88],[16,135],[194,52],[55,23],[49,56],[-13,57],[61,16],[213,76],[103,48],[99,26],[5,38],[-70,239],[-44,133],[-37,133],[-3,52],[14,45],[-28,34],[-69,60],[-8,32],[30,36],[61,29],[70,-10],[45,29],[83,18],[29,56],[37,5],[50,24],[127,46],[53,33],[49,-1],[179,70],[40,38],[59,109],[17,20],[80,36],[23,52],[-13,110],[-60,43],[-5,73],[-32,-6],[-41,-86],[-87,-44],[-14,-30],[-9,-125],[-57,-44],[-9,-34],[-34,-15],[-30,32],[-153,6],[-29,61],[19,12],[70,-7],[32,12],[19,58],[-22,49],[9,24],[78,35],[-14,47],[4,84],[12,44],[43,70],[-20,14],[-27,-15],[-37,-63],[-45,18],[-22,23],[-96,-110],[-13,-57],[-28,-33],[-51,6],[-51,37],[-58,-4],[-45,-24],[-58,-76],[-155,-46],[-88,-63],[-95,15],[-126,190],[-23,53],[-45,60],[6,30],[-16,58],[-66,54],[-75,118],[-52,57],[-73,-64],[-44,-10],[-87,44],[-22,21],[-38,95],[-118,104],[-63,15],[-103,56],[-29,-1],[-77,-50],[-46,2],[-23,-16],[-24,-60],[-62,-56],[5,-76],[-29,-72],[0,-34],[56,-81],[42,-47],[20,-62],[-14,-72],[1,-48],[17,-78],[-29,-20],[-115,-39],[-72,3],[-83,44],[-72,7],[-78,-21],[-132,-67],[-62,-58],[-61,-8],[-70,20],[-113,59],[-91,-78],[-9,-31],[5,-69],[-24,-107]],[[27486,30057],[10,94],[45,67],[34,36],[23,52],[100,39],[63,48],[18,27],[98,72],[53,18],[61,1],[89,-24],[35,18],[40,53],[45,31],[98,7],[71,-17],[145,-13],[62,14],[65,-7],[91,28],[38,-11],[45,-36],[-13,-68],[-18,-178],[-32,-62],[-31,-140],[-1,-35],[22,-23],[-12,-101],[-17,-67],[-36,-85],[93,-63],[39,-45],[25,25],[73,19],[41,-17],[46,-64],[7,-65],[29,-26],[64,-25],[81,-21],[64,15],[89,-16],[25,-27],[-7,-73],[43,-62],[79,-29],[44,-40],[48,-30],[81,-33],[53,-45],[61,-4],[29,19],[108,-3],[66,-25],[70,1],[118,18],[87,28],[48,5],[59,-59],[120,-20],[89,8],[61,75],[104,73],[35,-57],[45,-48],[28,-83],[32,-60],[86,-50],[93,-85],[75,-51],[59,0],[24,87],[65,103],[57,65],[130,102],[51,32],[61,22],[160,32],[34,46],[-5,57],[37,58],[49,33],[69,8],[34,-6],[130,-43],[30,15],[19,93],[20,46],[86,36],[82,-62]],[[30154,19115],[-523,474],[3,3],[523,-474],[-3,-3]],[[29483,19736],[-5,20],[140,195],[3,-2],[-139,-194],[1,-19]],[[75367,65537],[62,-7],[129,-34],[157,-33]],[[23496,92748],[13,17],[12,103],[68,67],[18,55],[-5,68],[61,59],[68,18],[34,38],[2,31],[-25,47],[-49,55],[-39,25],[-66,96],[-39,83],[-38,27],[-12,30],[14,34],[-10,82],[12,62],[-19,40],[46,53],[18,41],[-12,37],[-47,23],[-62,-30],[-38,51],[-83,85],[-67,109],[-34,16],[40,84],[0,15],[-42,82],[-12,68],[53,81],[-42,77],[-6,56],[-16,40],[-60,67],[4,34],[-67,164],[16,52],[-30,33],[-5,66],[-40,52],[-6,33],[27,56],[125,145],[4,44],[-64,88],[-10,24],[-7,120],[-124,131],[-19,98],[-64,73],[-60,53],[-24,42],[55,140],[-23,72],[-66,20],[-36,51],[-27,76],[-47,42],[-17,31],[-42,122],[-59,94],[-62,23],[-117,5],[-132,40],[-60,35],[-51,70],[-158,183],[-64,47],[-32,6],[-42,29],[-40,62],[-21,70],[-15,96],[-71,42],[-26,39],[-3,54],[74,106],[23,41],[23,73],[82,123],[-7,96],[36,70],[8,23],[49,10],[44,42],[35,8],[82,2],[118,56],[75,8],[67,32],[53,50],[49,27],[7,74],[22,59],[8,131],[22,79],[19,35],[127,165],[43,7],[184,-41],[73,-9],[181,-41],[91,-59],[29,-10],[72,3],[135,22],[30,-9],[60,-68],[64,-114],[89,-101],[44,-2],[65,14],[85,3],[74,14],[105,-25],[96,20],[118,-18],[116,51],[98,86],[38,58],[87,43],[19,38],[-10,105],[33,57],[25,18],[105,16],[34,59],[59,42],[92,21],[127,86],[184,50],[116,-22],[86,31],[38,-3],[41,-32],[48,-53],[55,-31],[119,-30],[48,4],[53,-12],[73,-4],[113,-42],[22,-2],[36,58],[79,32],[25,28],[20,54],[40,73],[-1,93],[30,56],[50,43],[97,15],[133,49],[37,39],[79,201],[-18,106],[9,53],[50,112],[9,90],[-22,88],[10,100],[17,30],[45,29],[87,34],[64,17],[111,14],[76,31]],[[67775,110313],[31,-88],[52,-90],[3,-49],[-19,-69],[32,-125],[-10,-41],[-33,-73],[-62,-61],[-36,-68],[-102,-84],[-19,-68],[-25,-44],[-44,-32],[-54,-85],[-75,-71],[9,-49],[3,-127],[25,-37],[13,-51],[28,-36],[80,-81],[65,-39],[81,-13],[39,-31],[12,-32],[66,-76],[7,-74],[-16,-39],[-158,-140],[-32,-87],[-88,-115],[-28,-75],[-14,-14],[-52,-10],[-70,4],[-49,-33],[-21,-53],[-49,-94],[-37,-20],[-57,-54],[-61,5],[-46,-9],[-118,-90],[-51,-56],[-84,-59],[44,-56],[-2,-70],[-73,-181],[-18,-26],[-65,-52],[-28,-59],[-37,-32],[-83,-52],[-29,-55],[-24,-68],[-2,-32],[64,-76],[-6,-31],[-30,-27],[-13,-45],[-55,-77],[-25,-94],[-37,-45],[-6,-37],[86,-67],[78,-71],[33,-20],[94,-11],[84,-44],[3,-53],[-15,-54],[124,-123],[59,-40],[171,-75],[19,-16],[22,-82],[41,-32],[140,-53],[63,-1],[70,-15],[29,-16],[51,-49],[36,-4],[87,23],[111,3],[98,-25],[87,-87],[124,-28],[53,1],[91,34],[56,-2],[82,-40],[36,-5],[71,38],[49,12],[42,44],[95,71],[73,36],[67,-13],[58,9],[52,-5],[43,36],[44,8],[128,-50],[6,-18],[-9,-83],[47,-101]],[[49956,100062],[66,-31],[42,-34],[79,-17],[162,-104],[69,-33],[97,-6],[92,-50],[60,3],[32,-11],[48,-41],[46,-8],[54,32],[64,-4],[114,-54],[238,-41],[151,33],[45,18],[91,70],[68,13],[45,25],[34,41],[99,39],[87,9],[50,-10],[28,-26],[103,-61],[56,-78],[42,-13],[79,7],[52,-14],[102,17],[-7,71],[3,74],[43,68],[-95,147],[-21,58],[37,65],[60,30],[39,33],[26,64],[69,118],[41,33],[68,18],[29,43],[30,114],[31,45],[42,31],[22,41],[30,89],[84,32],[56,30],[42,44],[66,102],[20,52],[6,60],[34,103],[8,77],[18,53],[106,114],[46,24],[29,31],[33,89],[24,10],[68,-13],[93,0],[52,17],[34,30],[61,82],[77,60],[123,76],[36,28],[47,21],[94,14],[29,43],[44,11],[82,36],[55,-2],[22,21],[-27,92],[-70,88],[-8,90],[-53,48],[-26,122],[-41,67],[35,17],[36,38],[15,72],[80,139],[14,49],[-10,18],[-85,74],[-20,31],[7,121],[-13,44],[71,48],[40,14],[74,-9],[17,161],[-74,53],[-36,49],[-62,19],[-44,-4],[-72,15],[-36,18],[-93,-2],[-37,15],[-33,46],[-19,63],[6,64],[56,137],[-36,54],[40,31],[27,71],[-6,59],[27,96],[48,35],[122,37],[75,9],[65,26],[97,-27],[76,-10],[174,-6],[82,-62],[36,5],[68,72],[39,19],[52,-1],[44,-26],[37,15],[30,45],[9,80],[61,47],[100,19],[55,20],[112,3],[117,-57],[85,2],[24,-14],[50,-57],[30,-13],[67,5],[86,32],[30,19],[88,32],[32,88],[25,36],[27,5],[48,-78],[19,-56],[58,-47],[69,44],[97,49],[17,25],[-3,67],[18,41],[5,73],[30,43],[56,19],[83,40],[94,65],[70,67],[39,81],[65,-17],[73,5],[90,92],[116,39],[48,27],[54,123],[34,119],[41,49],[54,15],[101,4],[27,-9],[55,-41],[125,-16],[39,8],[87,49],[112,37],[170,29],[15,16],[13,157],[33,21],[111,43],[63,-40],[41,13],[144,21],[46,-9],[89,10],[50,-9],[24,-42],[42,4],[57,59],[34,10],[66,-23],[56,-6],[28,-15],[87,62],[41,4],[64,-29],[70,-7],[33,-42],[86,-51],[117,40],[82,-18],[56,48],[85,-19],[60,2],[18,29],[-10,43],[22,29],[69,34],[30,106],[-34,47],[-11,48],[55,43],[55,-14],[44,20],[32,31],[13,60],[70,27],[49,47],[23,74],[26,31],[42,83],[55,82],[9,35],[-4,76],[44,37],[16,37],[9,62],[-6,89],[-23,74],[-22,34],[-105,95],[-94,100],[-17,26],[-74,45],[-45,64],[8,29],[7,115],[2,110],[48,90],[22,85],[29,19],[38,99],[24,285],[19,59],[43,91],[96,183],[63,78],[38,31],[77,47],[55,45],[95,45],[37,8],[142,-7],[29,-30],[7,-54],[20,-54],[30,-27],[42,-13],[56,-1],[78,31],[76,43],[36,-6],[47,-37],[85,-6],[23,-12],[48,-66],[66,-46],[79,-35],[20,4],[110,78],[70,34],[114,94],[122,135],[106,66],[29,38],[103,75],[99,55],[24,20],[-20,83],[0,75],[20,71],[16,23],[71,57],[77,82],[100,15],[88,44],[82,78],[70,90],[94,-37],[136,7],[37,14],[46,48],[22,84],[55,43],[29,52],[62,51],[93,-30],[47,-6],[59,25],[132,69],[52,38],[58,25],[65,5],[55,-20],[46,-60],[79,-69],[30,-45],[157,-38],[55,0],[57,22],[30,-4],[77,-53],[61,-61],[25,-49],[96,-19],[59,-69],[28,-4],[38,51],[78,84],[76,58],[106,48],[45,12],[64,48],[90,43],[54,-8],[87,20],[76,79],[36,29],[96,42],[49,35],[78,-27],[105,-17],[59,0],[50,58],[33,87],[64,85],[65,48],[26,83],[94,72],[76,25],[75,40],[55,-14],[130,-5],[187,-115],[90,-35],[65,-4],[120,-19],[130,5],[152,36],[21,-4],[56,-73],[20,-91],[13,-19],[48,-16],[209,-4],[39,-16],[38,2],[51,25],[129,84]],[[78334,84381],[66,-120],[32,-109],[14,-20],[106,-89],[33,-58],[113,-29],[100,-67],[22,22],[35,4],[4,54],[34,69],[24,96],[24,7],[84,-23],[6,62],[38,149],[-3,104],[34,7],[169,-27],[74,-6],[66,4],[43,33],[69,-31],[12,-21],[97,-67],[38,3],[51,63],[67,-15],[11,-16],[-2,-83],[-25,-182],[15,-167],[25,-19],[20,-68],[107,-60],[90,-74],[23,-37],[42,-96],[34,-15],[29,19],[82,2],[22,-15],[44,13],[89,57],[63,12],[46,-33],[74,-70],[68,-46],[87,-30],[87,4],[48,29],[46,76],[116,-5],[128,-87],[13,80],[92,-1],[63,-30],[52,-52],[33,10],[18,25],[36,4],[177,-68],[121,-86],[147,-34],[75,-52],[23,-7],[111,-1],[97,17],[53,-16],[142,-26]],[[74419,74793],[-37,2],[-48,45],[-19,69],[11,124],[34,103],[-15,73],[-78,73],[-81,12],[-44,43],[7,92],[-14,43],[-28,33],[-28,67],[-2,28]],[[81613,91588],[40,-10],[78,15],[25,-12],[119,-106],[60,-28],[97,-66],[27,-11],[168,-13],[193,-30],[77,-18],[28,1],[101,60],[35,11],[69,75],[43,81],[47,33],[126,20],[78,28],[134,71],[60,49],[139,69],[286,205],[17,22],[10,70],[24,104],[-21,50],[-6,47],[11,48],[34,37],[-1,50],[14,29],[38,12],[27,95],[56,63],[6,105],[37,95],[70,24],[23,38],[11,108],[-14,76],[22,57],[8,75],[-24,39],[-58,31],[-20,56],[23,37],[72,40],[43,8],[114,3],[44,9],[57,28],[110,66],[41,16],[176,-3],[65,12],[32,-16],[-7,-85],[36,-44],[62,-36],[68,-10],[97,25],[54,33],[94,-11],[148,1],[143,77],[186,-19],[59,4],[33,27],[44,65],[55,4],[41,-39],[47,-24],[125,-32],[83,-39]],[[102932,98845],[-116,-175],[-80,-191],[-48,-105],[-29,-130],[-39,-129],[-39,-99],[4,-63],[-33,-60],[-15,-50],[-81,-36],[-43,-47],[-20,-63],[32,-101],[-32,-84],[11,-73],[-16,-25],[-40,0],[-92,-21],[-39,3],[-86,-38],[-43,-40],[-21,-74],[-26,-26],[-134,-60],[-54,-7],[-35,-19],[-70,-20],[-113,-88],[-90,-30],[-115,33],[-59,-1],[-29,-27],[-36,-99],[-80,-22],[-45,-49],[-89,-8],[-11,-15],[-41,-116],[0,-72],[12,-31],[-31,-61],[-54,-28],[-7,-21],[9,-58],[34,-61],[51,-36],[0,-32],[-63,-74],[-38,-80],[3,-89],[-22,-74],[16,-26],[-16,-93],[14,-31],[37,-38],[10,-37],[-64,-84],[-67,-19],[-9,-26],[8,-95],[23,-71],[49,-88],[17,-93],[32,-64],[10,-193],[74,-189],[3,-56],[18,-51],[0,-59],[19,-142],[40,-47],[45,-25],[-9,-52],[-43,-91],[-2,-28],[25,-58],[33,-106],[-5,-63],[-57,-62],[1,-26]],[[91925,94197],[30,32],[58,91],[91,16],[57,21],[59,-10],[39,9],[86,38],[51,36],[65,32],[59,15],[149,3],[143,46],[52,29],[26,-5],[53,-35],[42,-51],[43,-3],[59,21],[21,26],[103,83],[29,46],[83,33],[92,-22],[23,35],[48,40],[39,15],[53,-2],[128,10],[63,23],[93,-7],[111,-38],[110,7],[115,-4],[77,-54],[60,-23],[140,-24],[50,2],[104,37],[174,-51],[63,-9],[54,26],[65,7],[71,69],[63,71],[44,9],[132,-2],[63,-52],[72,-38],[50,30],[58,8],[26,19],[43,57],[65,22],[23,40],[-12,42],[32,42],[83,41],[58,43],[65,68],[46,71],[88,83],[82,100],[29,64],[70,93],[110,57],[35,29],[36,59],[9,51],[81,107],[29,13],[103,7],[119,54],[30,29],[9,59],[-11,116],[9,39],[29,36],[22,53],[91,123],[8,35],[-28,85],[11,116],[110,77],[52,10],[78,62],[55,37],[161,-18],[83,-46],[59,2],[63,14],[81,57],[55,26],[24,30],[104,66],[118,19],[87,19],[124,-6],[39,28],[30,38],[3,34],[33,60],[24,17],[70,10],[46,23],[90,102],[51,79],[31,21],[84,9],[61,37],[31,47],[78,48],[80,24],[94,38],[38,46],[21,9],[133,-29],[100,96],[76,59],[66,36],[93,36],[56,-18],[67,2],[97,67],[57,3],[28,12],[39,81],[68,90],[56,39],[110,46],[22,68],[111,111],[38,60],[79,84],[16,84],[-47,92],[-70,43],[-2,47],[66,75],[16,75],[-23,61],[-4,102],[-62,117],[-48,34],[-30,52],[2,67],[30,48],[19,9],[57,-18],[29,12],[53,41],[71,-6],[136,31],[85,-7],[71,19],[15,62],[79,13],[86,64],[63,100],[56,7],[44,-13],[55,8],[55,23],[59,1],[35,37],[35,65],[24,19],[77,15],[72,-14],[41,16],[49,38],[40,18],[67,58],[47,65],[52,20],[112,14],[138,26],[37,-8],[17,-91],[36,-28],[84,-18],[39,-76],[46,-27],[34,-3],[116,18],[38,-23],[47,-65],[-15,-72],[39,-61],[103,-74],[18,-25],[21,-68],[22,-29],[65,-28],[35,-42],[-3,-58],[-27,-30],[-2,-32],[30,-85],[-21,-86],[8,-69],[16,-27],[66,-65],[37,2],[-2,-53]],[[58291,67682],[53,26],[82,25],[155,77],[114,83],[87,69],[201,99],[48,83],[9,89],[19,58],[19,22],[149,22],[41,10],[7,58],[30,17],[52,8],[36,24],[48,187],[18,29],[11,90],[-4,50],[-24,63],[19,45],[26,16],[46,68],[126,84],[87,119],[27,57],[9,41],[-1,83],[-35,27],[0,82],[-49,83],[37,73],[35,43],[-5,41],[19,14],[99,32],[60,37],[46,8],[37,-35],[76,56],[50,56],[-5,48],[27,54],[74,3],[65,-10],[63,13],[41,24],[78,76],[56,66],[29,103],[-9,67],[-14,40],[-14,104],[21,74],[10,121],[-7,67],[-26,68],[16,38],[34,28],[11,46],[42,24],[81,25],[120,10],[29,-10],[68,-118],[38,-34],[23,-43],[83,-18],[20,-45],[48,-62],[17,-97],[27,-74],[52,-116],[84,-33],[40,-7],[140,-95],[55,-60],[56,-114],[26,-33],[54,-35],[116,21],[61,-18],[19,-33],[16,-80],[17,-40],[116,-19],[116,-44],[107,-8],[43,3],[123,-49],[122,-96],[136,-98],[63,-29],[32,-27],[66,-34],[79,-16],[132,-16],[62,-53],[50,-3],[28,57],[114,24],[28,22],[25,60],[33,22],[69,24],[97,-8],[32,-10],[105,8],[82,29],[90,-18],[62,1],[192,23],[146,77],[84,63],[89,88],[50,18],[82,-6],[47,14],[59,3],[76,-17],[41,5],[40,-39],[75,-37],[175,21],[46,18],[69,45],[22,-42],[-27,-90],[117,8],[86,21],[118,-23],[67,-6],[48,13],[27,21],[35,65],[30,32],[81,49],[38,-18],[55,-65],[67,-17],[135,5],[100,10],[101,34],[54,-6],[110,-29],[181,9],[135,34],[41,-17],[-23,-67],[-69,-51],[-42,-88],[6,-57],[26,-62],[19,-102],[60,-56],[53,-37],[27,-70],[-18,-22],[-150,8],[-29,-26],[-13,-65],[-5,-81],[25,-162],[-17,-67],[-49,-37],[-92,-37],[-65,-33],[12,-85],[35,-41],[-16,-48],[7,-21],[81,-36],[34,-33],[10,-30],[1,-82],[-48,-26],[-6,-38],[63,-135],[15,-10],[68,18],[27,-23],[25,-49],[15,-62],[19,-30],[4,-82],[-29,-65],[-39,-58],[0,-106],[-12,-70],[-33,-71],[4,-18],[102,-81],[75,-23],[47,-72],[41,-113],[40,-42],[0,-35],[-33,-31],[-46,-22],[-10,-42],[52,-49],[61,-42],[115,-23],[66,8],[104,30],[70,28],[42,26],[49,9],[65,-11],[68,11],[128,6],[132,54]],[[52864,66689],[-54,52],[-72,80],[-129,132],[-43,56],[-52,95],[-29,76],[-18,109],[-10,206],[-12,111],[-31,93],[-33,48],[-67,53],[-45,20],[-61,13],[-64,0],[-165,-28],[-164,-24],[-164,-4],[-48,4],[-68,21],[-36,48],[-37,96],[-21,84],[-17,103],[-34,148],[-54,96],[-81,71],[-100,43],[-89,23],[-105,20],[-240,36],[-258,53],[-126,18],[-59,-3],[-64,-20],[-105,-78],[-196,-179],[-99,-101],[-57,-95],[-50,-117],[-52,-85],[-72,-55],[-45,-16],[-83,0],[-117,45],[-78,-60],[-58,-119],[-30,-167],[-31,-55],[-9,-52],[-35,-18],[-30,8],[-31,-68],[-39,-20],[-63,-97],[-103,-28],[-61,-27],[-83,7],[-94,-8],[-91,35],[-30,-8],[-59,-40],[-38,-5],[-114,28],[-48,-6],[-36,-23],[-18,-63],[4,-48],[30,-69],[36,-63],[27,-102],[2,-50],[-53,-55],[-6,-30],[27,-43],[2,-34],[-63,-56],[-26,-43],[-49,-1],[-64,-24],[-87,-10],[-67,-51],[-89,24],[-46,-22],[16,-70],[-2,-55],[-22,-70],[-67,-26],[-34,-34],[-9,-53],[24,-49],[-53,-34],[-63,-15],[-56,-59],[-28,-6],[-32,39],[-19,72],[-43,25],[-49,-31],[-39,-60],[-44,-31],[-22,9],[-1,51],[-53,87],[-67,45],[-94,20],[-64,54],[-35,-10],[-24,-26],[-16,-81],[-110,-52],[-41,16],[-41,35],[-55,-4],[-54,-30],[-48,9],[-37,80],[-38,55],[-16,52],[11,86],[-4,39],[23,43],[-14,41],[16,31],[-42,3],[-27,85],[-40,97],[-23,34],[-97,50],[-34,-25],[-18,-77],[-23,-53],[-72,-89],[-77,71],[-38,53],[1,60],[-19,35],[-115,95],[-40,-14],[-87,7],[-35,10],[-35,-8],[-76,-53],[-18,6],[-53,52],[-107,64],[-82,13],[-38,132],[-24,105],[-3,87],[49,81],[8,28],[-25,74],[-14,78],[-36,60],[-17,45],[-208,169],[85,36],[30,42],[-17,49],[-25,22],[-12,35],[2,108],[-46,55],[-84,55],[-3,63],[27,77],[13,131],[-78,73]]],"transform":{"scale":[0.00001103666916981967,0.000009536398404717133],"translate":[133.26679333,34.29840349]},"objects":{"city":{"type":"GeometryCollection","geometries":[{"arcs":[[[0,1,2,3,4,5,6,7,8,9,10,11]],[[12]],[[13]],[[14]],[[15]],[[16]],[[17]],[[18]],[[19]],[[20]],[[21]],[[22]],[[23]],[[24]]],"type":"MultiPolygon","properties":{"N03_001":"岡山県","N03_004":"岡山市","PREF_CODE":"33","MERGED_CODE":"33100","N03_007":"33100"},"id":"33100"},{"arcs":[[[-1,25,-11,26,27,28,29,30]],[[31]],[[32]],[[33]],[[34]],[[35]],[[36]],[[37]],[[38]],[[39]],[[40]],[[41]],[[42]],[[43]],[[44]],[[45]],[[46]],[[47]],[[48]],[[49]],[[50]],[[51]],[[52]],[[53]],[[54]],[[55]],[[56]],[[57]],[[58]],[[59]],[[60]],[[61]],[[62]],[[63]],[[64]],[[65]],[[66]],[[67]],[[68]]],"type":"MultiPolygon","properties":{"N03_001":"岡山県","N03_004":"倉敷市","PREF_CODE":"33","MERGED_CODE":"33202","N03_007":"33202"},"id":"33202"},{"arcs":[[69,70,71,72,73,74]],"type":"Polygon","properties":{"N03_001":"岡山県","N03_004":"津山市","PREF_CODE":"33","MERGED_CODE":"33203","N03_007":"33203"},"id":"33203"},{"arcs":[[[-10,75,-27]],[[76]],[[77]],[[78]],[[79]],[[80]],[[81]],[[82]],[[83]],[[84]]],"type":"MultiPolygon","properties":{"N03_001":"岡山県","N03_004":"玉野市","PREF_CODE":"33","MERGED_CODE":"33204","N03_007":"33204"},"id":"33204"},{"arcs":[[[85,86,87,88,89,90,91]],[[92]],[[93]],[[94]],[[95]],[[96]],[[97]],[[98]],[[99]],[[100]],[[101]],[[102]],[[103]],[[104]],[[105]],[[106]],[[107]],[[108]],[[109]],[[110]],[[111]],[[112]],[[113]],[[114]],[[115]],[[116]],[[117]],[[118]],[[119]],[[120]],[[121]],[[122]],[[123]],[[124]],[[125]],[[126]],[[127]],[[128]]],"type":"MultiPolygon","properties":{"N03_001":"岡山県","N03_004":"笠岡市","PREF_CODE":"33","MERGED_CODE":"33205","N03_007":"33205"},"id":"33205"},{"arcs":[[-87,129,130,131,132]],"type":"Polygon","properties":{"N03_001":"岡山県","N03_004":"井原市","PREF_CODE":"33","MERGED_CODE":"33207","N03_007":"33207"},"id":"33207"},{"arcs":[[-2,-31,133,-132,134,135]],"type":"Polygon","properties":{"N03_001":"岡山県","N03_004":"総社市","PREF_CODE":"33","MERGED_CODE":"33208","N03_007":"33208"},"id":"33208"},{"arcs":[[-131,136,137,138,139,-135]],"type":"Polygon","properties":{"N03_001":"岡山県","N03_004":"高梁市","PREF_CODE":"33","MERGED_CODE":"33209","N03_007":"33209"},"id":"33209"},{"arcs":[[140,141,142,-138,143]],"type":"Polygon","properties":{"N03_001":"岡山県","N03_004":"新見市","PREF_CODE":"33","MERGED_CODE":"33210","N03_007":"33210"},"id":"33210"},{"arcs":[[[144,145,-7,146,147,148,149]],[[150]],[[151]],[[152]],[[153]],[[154]],[[155]],[[156]],[[157]],[[158]],[[159]],[[160]],[[161]],[[162]],[[163]],[[164]],[[165]],[[166]],[[167]],[[168]]],"type":"MultiPolygon","properties":{"N03_001":"岡山県","N03_004":"備前市","PREF_CODE":"33","MERGED_CODE":"33211","N03_007":"33211"},"id":"33211"},{"arcs":[[[-8,-146,169]],[[170]],[[171]],[[172]],[[173]],[[174]],[[175]],[[176]],[[177]],[[178]],[[179]],[[180]],[[181]],[[182]],[[183]],[[184]],[[185]],[[186]],[[187]],[[188]],[[189]],[[190]],[[191]],[[192]]],"type":"MultiPolygon","properties":{"N03_001":"岡山県","N03_004":"瀬戸内市","PREF_CODE":"33","MERGED_CODE":"33212","N03_007":"33212"},"id":"33212"},{"arcs":[[-6,193,194,195,-147]],"type":"Polygon","properties":{"N03_001":"岡山県","N03_004":"赤磐市","PREF_CODE":"33","MERGED_CODE":"33213","N03_007":"33213"},"id":"33213"},{"arcs":[[196,197,-74,198,199,-139,-143,200,201]],"type":"Polygon","properties":{"N03_001":"岡山県","N03_004":"真庭市","PREF_CODE":"33","MERGED_CODE":"33214","N03_007":"33214"},"id":"33214"},{"arcs":[[202,-149,203,204,205,206,207,208]],"type":"Polygon","properties":{"N03_001":"岡山県","N03_004":"美作市","PREF_CODE":"33","MERGED_CODE":"33215","N03_007":"33215"},"id":"33215"},{"arcs":[[[-29,209,-91,210,-89,211]],[[212]],[[213]]],"type":"MultiPolygon","properties":{"N03_001":"岡山県","N03_004":"浅口市","PREF_CODE":"33","MERGED_CODE":"33216","N03_007":"33216"},"id":"33216"},{"arcs":[[-148,-196,214,-204]],"type":"Polygon","properties":{"N03_001":"岡山県","N03_004":"和気町","PREF_CODE":"33","MERGED_CODE":"33346","N03_007":"33346"},"id":"33346"},{"arcs":[[-12,-26]],"type":"Polygon","properties":{"N03_001":"岡山県","N03_004":"早島町","PREF_CODE":"33","MERGED_CODE":"33423","N03_007":"33423"},"id":"33423"},{"arcs":[[-90,-211]],"type":"Polygon","properties":{"N03_001":"岡山県","N03_004":"里庄町","PREF_CODE":"33","MERGED_CODE":"33445","N03_007":"33445"},"id":"33445"},{"arcs":[[-30,-212,-88,-133,-134]],"type":"Polygon","properties":{"N03_001":"岡山県","N03_004":"矢掛町","PREF_CODE":"33","MERGED_CODE":"33461","N03_007":"33461"},"id":"33461"},{"arcs":[[215,-201,-142]],"type":"Polygon","properties":{"N03_001":"岡山県","N03_004":"新庄村","PREF_CODE":"33","MERGED_CODE":"33586","N03_007":"33586"},"id":"33586"},{"arcs":[[216,-75,-198,217]],"type":"Polygon","properties":{"N03_001":"岡山県","N03_004":"鏡野町","PREF_CODE":"33","MERGED_CODE":"33606","N03_007":"33606"},"id":"33606"},{"arcs":[[-72,218,-206,219]],"type":"Polygon","properties":{"N03_001":"岡山県","N03_004":"勝央町","PREF_CODE":"33","MERGED_CODE":"33622","N03_007":"33622"},"id":"33622"},{"arcs":[[220,-207,-219,-71]],"type":"Polygon","properties":{"N03_001":"岡山県","N03_004":"奈義町","PREF_CODE":"33","MERGED_CODE":"33623","N03_007":"33623"},"id":"33623"},{"arcs":[[221,-209,222]],"type":"Polygon","properties":{"N03_001":"岡山県","N03_004":"西粟倉村","PREF_CODE":"33","MERGED_CODE":"33643","N03_007":"33643"},"id":"33643"},{"arcs":[[-5,223,-194]],"type":"Polygon","properties":{"N03_001":"岡山県","N03_004":"久米南町","PREF_CODE":"33","MERGED_CODE":"33663","N03_007":"33663"},"id":"33663"},{"arcs":[[-4,224,-199,-73,-220,-205,-215,-195,-224]],"type":"Polygon","properties":{"N03_001":"岡山県","N03_004":"美咲町","PREF_CODE":"33","MERGED_CODE":"33666","N03_007":"33666"},"id":"33666"},{"arcs":[[-3,-136,-140,-200,-225]],"type":"Polygon","properties":{"N03_001":"岡山県","N03_004":"吉備中央町","PREF_CODE":"33","MERGED_CODE":"33681","N03_007":"33681"},"id":"33681"}]}}}