{"type":"Topology","arcs":[[[76899,131607],[12,-87],[0,-77],[37,-37],[118,-83],[40,-18],[108,-24],[105,-41],[58,-52],[68,-75],[55,-121],[32,-85],[52,-10],[104,-72],[104,-14],[58,-67],[56,-88],[40,-113],[36,-47],[111,-83],[18,-36],[-12,-108],[-33,-38],[-46,-16],[-139,-3],[1,-26],[30,-57],[49,-53],[69,-25],[40,7],[78,-17],[30,-55],[4,-57],[24,-54],[38,-58],[80,-19],[116,-15],[47,-32],[85,-37],[125,-17],[66,-20],[65,-58],[83,-27],[125,-131],[66,-40],[93,-67],[74,-8],[49,-41],[59,-24],[79,28],[51,62],[9,82],[56,91],[67,45],[25,48],[39,37],[37,9],[82,79],[55,24],[63,-5],[162,10],[-16,61],[16,74],[24,67],[-7,26],[59,57],[49,-11],[-7,-95],[105,-48],[46,80],[25,-41],[34,-24],[49,-61],[59,-59],[105,-84],[125,-118],[50,-24],[105,-80],[79,17],[17,-28],[-14,-56],[-26,-27],[6,-93],[97,28],[72,7],[25,-16],[39,-134],[120,7],[37,-15],[39,-98],[71,-46],[56,-25],[73,-11],[66,-77],[49,32],[137,38],[69,6],[21,-11],[59,-78],[46,-37],[76,-8],[32,-33],[64,-28],[58,7],[51,-26],[50,0],[108,33],[57,2],[62,20],[77,44],[96,35],[51,-7],[64,-26],[90,41],[82,8],[73,23],[51,-15],[75,-44],[44,6],[48,38],[56,-21],[24,8],[61,71],[25,9],[161,-31],[53,-17],[90,-4],[33,9],[52,-27],[82,-68],[17,-60],[72,-66],[27,-56],[18,-74],[55,-63],[26,-2],[39,49],[54,18],[44,-36],[106,-135],[30,-15],[30,-40],[30,-100],[145,-149],[57,-65],[-27,-81],[1,-119],[-43,-54],[-23,-67],[10,-50],[-32,-49],[-67,-142],[-12,-60],[11,-88],[-40,-37],[-12,-51],[8,-56],[-10,-97],[42,-70],[1,-71],[22,-57],[13,-67],[12,-151],[-29,-52],[12,-74],[-16,-49],[-12,-96],[16,-35],[55,-46],[41,-13],[83,-54],[-52,-4],[-120,-77],[-87,-41],[-24,-44],[-1,-135],[-45,-66],[-69,-29],[56,-110],[-11,-76],[15,-69],[-18,-74],[-8,-95],[29,-38],[23,-53],[24,-28],[11,-46],[-48,-167],[-58,-81],[-14,-62],[-27,-40],[-28,-13],[-15,-35],[19,-157],[10,-32],[81,-75],[50,-80],[10,-40],[-22,-91],[4,-70],[-56,-121],[-21,-95],[46,-154],[72,-124],[10,-53],[-8,-44],[22,-47],[133,-76],[86,9],[50,-5],[84,-36],[53,-38],[43,-60],[44,-30],[162,-142],[74,31],[25,-55],[64,-92],[141,-30],[70,5],[50,-15],[41,5],[108,-70],[84,-10],[119,-77],[53,-87],[19,-46],[56,-54],[22,-34],[66,-63],[128,-44],[78,-67],[39,-78],[84,2],[36,-14],[61,-50],[76,-40],[62,-49],[25,-66],[19,-136],[64,-3],[86,33],[50,56],[133,65],[22,-8],[-5,-71],[21,-42],[129,-81],[48,-49],[67,25],[132,37],[66,-1],[32,-12],[79,-76],[24,-33],[5,-72],[-34,-61],[-9,-102],[10,-71],[25,-49],[56,-52],[76,-35],[64,-60],[119,-157],[14,-33],[58,-59],[17,-93],[48,-145],[-87,-122],[32,-56],[70,-186],[-50,-82],[-4,-44],[11,-82],[57,-101],[3,-81],[-18,-129],[-18,-48],[48,-54],[42,-91],[22,-130],[22,-60],[-16,-42],[34,-101],[6,-47],[-9,-75],[22,-96],[-12,-63],[-25,-28],[-13,-61],[-28,-57],[-6,-62],[-26,-61],[-51,-36],[-40,-134],[-38,-63],[-36,-106],[10,-83],[53,-62],[35,-100],[60,-64]],[[88213,118479],[-95,-117],[-61,-31],[-14,-37],[-51,-69],[-52,-46],[-99,-50],[-49,-65],[-19,-64],[8,-52],[-17,-37],[-88,-64],[23,-189],[51,-69],[11,-54],[-58,-77],[-26,-62],[-51,-39],[-88,-81],[-41,-57],[-41,-79],[-35,30],[-56,13],[-101,-33],[-35,-21],[-78,-11],[-45,-30],[-29,-36],[-11,-72],[-20,-41],[-91,-77],[-54,-26],[-46,-1],[-47,-23],[-37,-45],[-73,24],[-81,6],[-35,18],[-56,-7],[-53,-40],[-18,-50],[-23,-23],[-14,-46],[-68,-71],[-93,6],[-113,-6],[-95,-15],[-146,52],[-24,41],[-40,20],[-103,-95],[-104,-49],[-66,-18],[-48,0],[-31,-16],[-92,-84],[-54,-29],[-52,-61],[-50,-77],[-63,-56],[-13,-76],[-28,-33],[-45,-3],[-63,14],[-86,-13],[-43,8],[-147,-150],[-91,-44],[-43,-72],[-61,-45],[-25,-56],[-37,-29],[-116,-25],[-74,-4],[-40,-36],[-32,-84],[-65,-42],[-11,-23],[23,-101],[-39,-50],[-55,-12],[-29,-62],[-11,-70],[-25,-44],[-122,-99],[-47,-55],[-15,-44],[36,-63],[32,-29],[50,-138],[15,-88],[-5,-68],[-70,-73],[-62,-85],[-127,-46],[-41,-85],[-23,-70],[-22,-128],[-11,-110],[-75,-217],[-73,-40],[-43,-81],[32,-75],[7,-45],[35,-83],[32,-40],[62,-110],[51,-197],[35,-55],[9,-62],[37,-67],[24,-86],[49,-90],[78,-91],[34,-64],[97,-8],[51,-113],[56,-99],[2,-176],[-20,-46],[45,-120],[9,-75],[83,-120],[15,-75],[-89,-127],[-59,-21],[-19,-97],[-44,-44],[-11,-134],[-49,-60],[-5,-75],[-26,-22],[-4,-104],[-39,-45],[-57,-26],[-41,-49],[-60,-112],[-47,-55],[-23,-64],[-62,-46],[-26,-104],[-61,-57],[-9,-130],[-14,-22],[-56,-25],[-106,-132],[-6,-55],[-59,-164],[41,-116],[-17,-65],[-64,-118],[-3,-57],[26,-61],[-9,-89],[-50,-94],[-34,-37],[-49,-87],[-77,-53],[-71,-36],[-36,-44],[-31,-14],[-53,2],[-98,-41],[-43,-40],[4,-37],[38,-120],[19,-133],[8,-135],[49,-91],[10,-54],[-26,-155],[10,-88],[-5,-58],[-51,-149],[-58,-5],[-81,-46],[-47,-16],[-53,-53],[-28,-83],[-25,-123],[-84,-381],[4,-64],[-20,-39],[-4,-65],[9,-124],[-50,-10],[-28,-24],[-102,-22],[-41,0],[-267,-67],[-100,-43],[-69,-62],[-145,-79],[-71,0],[-53,-71],[-67,-19],[-101,-46],[-141,-81],[-106,-31],[-57,9],[-166,-106],[-136,-60],[-19,-38],[1,-119],[16,-62],[-196,-44],[-63,-56],[-30,18],[-68,-52],[-53,-31],[-196,-41],[-327,-19],[-114,-1],[-74,-8],[-75,6],[-132,-30],[-125,-10],[-89,12],[-82,24],[24,97],[40,99],[-5,67],[-112,3],[-173,12],[-118,15],[-141,0],[-178,20],[-120,-26],[-7,-23],[-10,-242],[63,-13],[237,-5],[52,-12],[-13,-135],[103,17],[-2,-30],[50,33],[73,22],[145,1],[31,-48],[2,-44],[-7,-350],[-117,12],[-33,-25],[-91,-2],[-9,-9],[8,-93],[-12,-64],[-205,-13],[-3,-60],[-36,-3],[-5,-67],[0,-281],[-6,-124],[5,-46],[200,-3],[147,-14],[221,-50],[212,-68],[345,-81],[157,-32],[232,-52],[0,-246],[152,-99],[11,-21],[-108,-6],[-100,-19],[-150,-12],[-81,-17],[13,-37],[-126,-11],[69,-197],[7,-135],[9,-60],[128,-98],[82,28],[145,-146],[76,-83],[0,-102],[25,-27],[37,2],[13,-25],[43,17],[66,-132],[18,-61],[25,-33],[117,-123],[49,-146],[48,-56],[101,-212],[39,-73],[39,-49],[17,-70],[-25,-76],[-45,-42],[-25,-100],[-15,-89],[-30,-112],[8,-63],[-4,-72],[26,-50],[98,-32],[69,-15],[38,-55],[48,-27],[43,0],[40,28],[57,12],[61,-15],[104,-82],[8,-109],[17,-77],[20,-43],[1,-68],[16,-60],[47,-94],[56,-63],[14,-29],[24,-104],[39,-41],[202,-62],[170,-43],[32,-1],[60,-37],[75,-25],[40,-77],[56,-61],[84,-61],[-2,-59],[-75,-75],[-6,-27],[30,-78],[54,-93],[113,-167],[29,-26],[73,-42],[33,-47],[26,-57],[-15,-61],[15,-97],[-38,-71],[5,-33],[62,-66],[39,-93],[34,-38],[43,-15],[49,-42],[26,-44],[92,-126],[104,-101],[88,-120],[51,-43],[69,-26],[20,-48],[95,-4],[16,-11],[56,-111],[49,-48],[21,-35],[-3,-30],[27,-75],[56,-74],[5,-35],[-20,-49],[-48,-81]],[[83333,97862],[-62,-39],[-134,-149],[-14,-26],[-44,-135],[-25,-54],[12,-89],[-22,-119],[-64,-113],[11,-64],[-9,-49],[17,-51],[-32,-139],[-18,-52],[19,-44],[-2,-37],[-34,-47],[0,-27],[58,-65],[-24,-97],[9,-28],[80,-18],[15,-66],[-23,-127],[-60,-88],[-25,-12],[-82,-9],[-49,-24],[-144,-15],[-39,-63],[-111,-86],[-60,9],[-110,-20],[-45,-75],[-54,-48],[-53,-65],[-49,-23],[-45,-6],[-91,-61],[-6,-65],[1,-193],[-41,-19],[-86,-114],[-104,0],[-110,-50],[-123,-79],[-33,-29],[-38,-91],[-52,-72],[-34,-92],[-70,-61],[-66,-169],[-72,-60],[-36,-62],[-13,-75],[42,-163],[12,-100],[40,-51],[25,-63],[1,-31],[-36,-82],[12,-52],[-32,-86],[19,-58],[-3,-70],[-162,-101],[-59,-26],[-41,-44],[-64,-7],[-34,-16],[-40,-66],[-7,-57],[-36,-25],[-181,-6],[-58,16],[-130,6],[-47,-13],[-89,19],[-31,42],[-90,31],[-28,-3],[-87,-57],[-61,-13],[-147,27],[-69,-28],[-23,16],[-33,-10],[-38,-48],[-71,27],[-107,-92],[-55,12],[-35,-28],[-90,50],[-33,2],[-59,-71],[-56,-41]],[[79166,93150],[-51,26],[-67,53],[-17,27],[-62,140],[-61,78],[-19,60],[-55,45],[-46,57],[-35,92],[-30,45],[-81,85],[-149,34],[-60,24],[-25,25],[-18,62],[8,122],[-4,43],[11,78],[52,134],[3,62],[-27,78],[-41,78],[-34,89],[-11,126],[15,64],[3,87],[-21,82],[99,-10],[-15,42],[26,29],[-72,25],[15,43],[-49,44],[-31,57],[-92,124],[-3,43],[-61,58],[-14,25],[-10,78],[4,110],[29,124],[30,71],[33,147],[39,43],[79,50],[92,25],[46,90],[27,76],[37,74],[-5,66],[-18,66],[-50,101],[-50,63],[-18,60],[-3,88],[-46,83],[-13,204],[-43,76],[-73,50],[-69,29],[-90,13],[-32,21],[-21,40],[-65,84],[-83,49],[-24,25],[-34,134],[-8,71],[40,20],[6,21],[-48,58],[-17,108],[15,147],[19,77],[-43,147],[-15,82],[-72,60],[-77,95],[-126,104],[-97,58],[-101,133],[-54,59],[-8,106],[-39,64],[-46,43],[-54,29],[-70,17],[-71,-7],[13,25],[-9,46],[-75,135],[-55,55],[-74,26],[-20,58],[22,93],[-7,81],[35,111],[-2,46],[-70,210],[7,72],[38,76],[20,83],[-11,59],[-36,103],[-92,136],[-27,107],[-46,128],[-31,35],[-126,100],[-86,7],[-94,32],[-43,-8],[-93,15],[-127,92],[-21,38],[-14,93],[-48,56],[-12,107],[-74,70],[10,55],[51,110],[3,54],[-14,150],[-14,50],[-119,188],[-111,50],[-45,49],[-18,73],[11,60],[45,68],[-4,17],[-57,61],[-7,47],[25,38],[239,194],[34,63],[5,61],[-54,105],[-3,141],[15,111],[-1,112],[-9,46],[5,107],[-44,47],[-3,25],[15,166],[39,68],[37,30],[28,58],[37,-16],[45,22],[23,-8],[22,37],[51,-23],[9,74],[52,85],[5,63],[61,67],[35,-23],[149,21],[14,-7],[72,-90],[50,10],[78,-82],[46,-12],[45,-37],[19,5],[-27,41],[25,8],[-36,48],[25,50],[81,-6],[12,31],[-46,38],[-153,26],[-117,11],[-122,70],[-97,11],[-224,169],[-6,16],[15,158],[-320,9],[-214,18],[-145,8],[-197,19],[-196,44],[-70,22],[-135,64],[-110,81],[-128,111],[-107,79],[-337,214],[-208,111],[-245,154],[-268,150],[-71,35]],[[73243,105725],[-73,39],[-318,239],[-284,215],[-207,134],[-156,95],[-180,63],[-121,49],[-235,132],[-89,60],[-144,53],[-273,56],[-101,6],[-202,-13],[-219,21],[-284,-7],[-156,-20],[-160,-5],[-141,-16],[-284,-13],[-321,-1],[-144,10],[-74,18],[-307,130],[-321,148],[-90,53],[-63,17],[-152,-13],[-59,0],[-214,-20],[-77,2],[-115,-13],[-186,-39],[-91,-42],[-123,-93],[-43,-21],[-110,-29],[-160,-53],[-136,-22],[-136,-1],[-116,-16],[-339,-2],[-599,-8],[-598,-11]],[[65042,106807],[-23,24],[6,61],[-7,104],[20,103],[-11,71],[-42,36],[-169,4],[116,576],[77,93],[-39,143],[6,3],[40,-144],[46,12],[153,-355],[-21,-19],[132,-135],[41,3],[0,-44],[50,-53],[50,-28],[25,14],[26,119],[-11,4],[61,141],[1,18],[-77,58],[11,15],[-51,45],[-4,17],[66,-45],[197,-151],[124,-78],[163,-42],[26,65],[15,71],[-111,24],[18,192],[-159,58],[5,13],[-89,33],[34,354],[-377,120],[-3,4],[343,660],[30,65],[-159,139],[-107,88],[188,421],[-61,163],[-333,173],[-66,168],[276,321],[394,-338],[54,63],[-17,15],[5,1062],[-240,463],[11,6],[225,-437],[11,-32],[-3,-472],[349,-2],[1,189],[35,-1],[65,-47],[4,-84],[-5,-120],[-9,-41],[145,-1],[16,423],[-138,33],[-13,63],[16,34],[6,82],[61,75],[-32,11],[-9,45],[8,79],[-427,264],[64,423],[-22,418],[10,1],[23,-417],[498,27],[-70,1022],[-6,19],[-97,142],[6,5],[104,-153],[5,-102],[62,-925],[136,8],[-6,124],[11,1],[6,-124],[141,7],[-7,140],[10,0],[8,-138],[116,6],[3,104],[151,9],[-3,51],[297,17],[-13,282],[-176,160],[-2,6],[-16,384],[84,3],[89,-92],[40,-130],[-21,-7],[24,-69],[19,-23],[51,-8],[96,17],[31,25],[-27,246],[-17,10],[-116,-16],[-97,100],[-36,186],[-208,14],[-83,399],[101,23],[-4,49],[40,-160],[35,-52],[40,-25],[40,-6],[2,66],[38,-45],[127,0],[-6,74],[14,28],[43,12],[56,54],[55,18],[53,-31],[22,-101],[36,-87],[61,-4],[-26,90],[16,24],[104,-7],[28,-27],[31,-85],[69,-8],[-13,76],[105,-27],[16,-81],[120,-6],[-25,98],[-26,32],[-60,35],[-151,37],[8,67],[-29,27],[14,38],[-15,9],[-27,-89],[-145,23],[-15,46],[-126,47],[-140,-41],[-41,-33],[-79,-1],[0,68],[-23,54],[14,51],[-8,105],[-15,90],[-25,63],[-62,60],[-73,-32],[31,26],[27,55],[-1,44],[-38,120],[-70,118],[-19,17],[-108,47],[-154,144],[16,28],[-30,24],[-53,12],[-36,-12],[-12,-61],[-52,4],[-136,42],[-26,-7],[-64,12],[-3,13],[-57,-3],[-52,44],[-7,41],[-71,31],[8,47],[-21,75],[35,44],[130,104],[4,123],[13,10],[2,-103],[68,53],[13,68],[-16,17],[-63,14],[42,9],[3,40],[61,40],[-8,107],[-15,7],[-14,121],[-24,18],[64,7],[-76,107],[-15,49],[5,37],[40,53],[154,92],[-8,47],[-111,-67],[0,9],[324,194],[32,36],[26,166],[33,-6],[32,212],[79,0],[5,154],[-52,65],[56,-57],[-4,-130],[102,-7],[-5,170],[-86,8],[82,6],[-18,40],[-90,140],[31,-7],[10,59],[52,34],[61,80],[24,72],[-55,32],[46,21],[42,38],[45,79],[14,52],[-7,77],[19,92],[-5,33],[-38,63],[-4,31],[19,106],[30,63],[63,71],[17,50],[-8,52],[-23,53],[-1,42],[-24,26],[-46,19],[-1,28],[39,24],[57,-59],[27,14],[133,4],[48,-8],[118,-43],[56,-7],[50,6],[46,-8],[117,-82],[66,-30],[227,-51],[-18,-112],[61,-4],[7,39],[34,-4],[11,50],[-54,12],[10,14],[338,-76],[304,-19],[36,-12],[251,-16],[-22,-317],[109,-9],[-10,-149],[49,-8],[22,46],[87,34],[27,38],[-65,44],[-26,125],[11,120],[-34,58],[-19,60],[207,59],[-16,-16],[-159,-45],[-24,-16],[51,-70],[1,-60],[123,12],[0,51],[35,-19],[149,-7],[169,16],[69,24],[-5,61],[16,-59],[21,2],[11,61],[2,-61],[39,-6],[186,30],[150,41],[46,29],[-24,62],[46,-59],[122,20],[163,52],[180,86],[-13,33],[133,67],[24,-11],[9,40],[23,31],[73,47],[-46,73],[44,-21],[55,14],[160,84],[53,37],[-6,11],[52,35],[118,116],[57,68],[36,31],[23,112],[-9,66],[16,116],[-23,7],[40,49],[38,79],[-6,17],[43,46],[26,45],[-14,10],[41,44],[64,147],[14,88],[-14,72],[-61,166],[-5,47],[9,190],[-17,79],[11,35],[-36,41],[3,25],[39,31],[63,123],[81,87],[55,-13],[27,41],[-48,48],[39,43],[53,107],[52,82],[-2,63],[48,46],[26,43],[-25,50],[63,154],[-42,24],[-70,-104],[70,115],[43,-34],[13,33],[-30,15],[59,189],[9,108],[-10,46],[32,56],[-3,66],[-17,47],[29,87],[35,42],[27,62],[39,-10],[23,82],[-21,30],[44,96],[84,64],[4,24],[65,152],[78,333],[86,162],[31,24],[30,54],[1,38],[30,53],[14,57],[-6,50],[17,27],[18,107],[11,19],[-22,60],[10,55],[44,71],[-12,30],[0,127],[22,8],[7,107],[-19,9],[-2,46],[-47,0],[-25,17],[117,-23],[19,-72],[58,-7],[40,157],[-52,13],[-65,-68],[-29,11],[33,73],[-4,54],[-60,4],[44,10],[9,119],[-10,70],[-44,24],[58,-14],[35,50],[9,69],[70,127],[3,37],[58,96],[23,25],[21,130],[-12,67],[12,71],[-19,69],[7,82],[-17,54],[8,47],[-24,89],[8,29],[-11,92],[-17,17],[5,74],[-17,117],[6,53],[-18,16],[-58,12],[-25,162],[8,34],[25,-172],[50,7],[-14,130],[6,23],[-34,108],[-53,210],[-24,9],[3,56],[28,-2],[5,69],[46,-28],[37,13],[10,-22],[-1,-84],[95,-5],[4,70],[65,183],[-98,30],[-33,-87],[-61,-17],[12,33],[-38,-1],[-13,-24],[-45,-6],[-1,37],[97,183],[34,-4],[32,47],[30,67],[14,63],[-9,131],[-49,124],[-13,6],[-21,110],[-1,96],[37,-1],[25,65],[2,42],[41,85],[15,-4],[48,47],[35,85],[46,41],[11,30],[38,-12],[27,58],[11,75],[29,72],[15,79],[-19,43],[23,43],[-11,140],[-25,29],[4,85],[-23,5],[-2,43],[-63,62],[-121,102],[-61,-34],[-56,-2],[-20,14],[3,35],[32,3],[41,-20],[5,74],[-57,124],[-44,72],[-15,68],[-75,-2],[-15,37],[-64,22],[-48,29],[-28,-26],[-65,59],[-54,9],[-48,-55],[-23,19],[15,32],[-43,67],[-39,22],[32,52],[24,-2],[13,34],[29,11],[22,39],[-8,46],[94,-14],[34,54],[-5,30],[94,-107],[59,-19],[45,3],[23,-55],[119,21],[21,19],[60,13],[71,41],[13,26],[44,15],[43,48],[20,42],[49,31],[15,35],[34,18],[176,223],[23,66],[-6,35],[-29,26],[44,-3],[54,-60],[21,-2],[89,31],[96,62],[174,172],[149,54],[45,33],[82,78],[9,38],[60,51],[10,45],[35,-3],[33,-48],[43,0],[27,35],[40,23],[5,-27],[70,17],[69,33],[58,39],[36,49],[11,-27],[59,-5],[119,24],[71,-6],[50,-17],[4,-18],[51,-13],[66,8],[78,-37],[60,-4],[109,24],[75,40],[10,-23],[126,29],[143,75],[113,94],[2,42],[49,5],[38,38],[3,29],[26,1],[74,82],[68,90],[47,82],[142,200],[16,89],[23,35],[39,22],[67,61],[31,64],[17,11]],[[59132,124410],[1,41],[46,4],[-10,77],[-48,3],[-24,-187],[-33,49],[-36,0],[-1,24],[-75,1],[-89,-9],[-10,-57],[53,-83],[164,-23],[-1,-8],[-167,21],[-59,90],[8,45],[-177,74],[-70,8],[-203,52],[-51,-53],[-122,-7],[-106,-32],[-92,-40],[-52,-47],[-19,-56],[24,-1],[-21,-57],[104,-9],[-39,-17],[-74,-8],[-48,-18],[-89,-12],[-75,-40],[-30,-25],[-31,-57],[15,-19],[3,-60],[-39,-116],[-27,-34],[-71,-12],[-46,-22],[-91,-13],[-43,-20],[-13,20],[-89,-32],[-48,-27],[-49,-42],[16,-12],[-28,-35],[0,-44],[-23,-2],[-32,-69],[-19,-2],[3,-82],[84,-73],[157,171],[6,-6],[-158,-171],[18,-8],[-77,-87],[-26,-95],[21,-64],[-12,-87],[12,-44],[-8,-31],[-139,-31],[-18,-53],[3,-27],[-38,26],[-51,12],[-59,-64],[-22,27],[-58,10],[-31,-17],[-22,47],[26,42],[-15,42],[-131,140],[-25,56],[-77,56],[-60,69],[-58,44],[-77,117],[-78,90],[-129,107],[-81,8],[-44,22],[-14,39],[32,45],[-15,33],[-97,101],[-14,29],[21,41],[20,0],[35,42],[15,40],[70,34],[25,88],[0,134],[-39,140],[-68,134],[-86,79],[-38,86],[-59,82],[-36,3],[-17,62],[-69,73],[-36,14],[-6,27],[-108,106],[-161,128],[-187,139],[-122,80],[-15,41],[-51,66],[-66,57],[-73,36],[-150,142],[-3,22],[37,14],[66,100],[26,64],[25,5],[84,-15],[45,22],[92,1],[24,-28],[40,-16],[12,-28],[172,-14],[99,5],[253,41],[-18,53],[69,60],[6,-6],[-66,-58],[17,-46],[30,33],[115,46],[57,35],[-38,57],[-59,-25],[80,48],[60,89],[47,40],[29,-4],[6,75],[-75,108],[-15,10],[27,42],[62,16],[186,74],[38,31],[26,0],[63,53],[40,11],[13,32],[38,29],[55,93],[5,70],[-28,18],[49,10],[111,92],[21,50],[40,5],[32,27],[65,31],[67,61],[-1,22],[137,94],[4,21],[84,55],[58,51],[22,-21],[4,32],[64,41],[90,82],[-20,58],[0,82],[18,-110],[44,32],[-15,15],[35,27],[96,143],[-15,9],[46,112],[-28,8],[36,132],[14,-2],[-2,56],[-18,40],[6,41],[-38,58],[-80,22],[-54,52],[-20,48],[18,91],[27,25],[94,20],[29,-6],[65,29],[19,43],[50,51],[40,93],[54,20],[41,44],[26,77],[18,-9],[-15,-64],[29,-28],[-5,-64],[37,-63],[29,-2],[81,-43],[89,-33],[73,-14],[67,-28],[93,-20],[50,-18],[63,-8],[92,-2],[152,18],[60,-1],[199,65],[69,32],[29,-16],[51,32],[-6,24],[122,95],[92,84],[108,136],[58,91],[27,71],[-39,111],[1,43],[22,77],[7,68],[-27,37],[17,29],[54,-20],[57,21],[50,-69],[44,-9],[7,17],[54,5],[63,21],[55,33],[88,85],[77,86],[58,94],[33,66],[5,39],[-26,90],[35,75],[-39,95],[9,17],[116,3],[49,43],[81,106],[31,-22],[61,-16],[68,28],[71,18],[59,43],[52,11],[40,26],[69,-25],[125,87],[31,48],[10,52],[51,15],[38,-6],[60,-48],[84,43],[8,34],[33,8],[33,53],[28,72],[13,126],[-78,36],[34,48],[-2,83],[-32,3],[-12,48],[38,19],[0,40],[-22,84],[-28,30],[-80,0],[-16,39],[25,30],[8,157],[18,56],[20,0],[80,39],[22,37],[34,-30],[27,1],[-5,-65],[32,-36],[17,11],[28,-36],[25,-59],[49,-83],[-3,-40],[67,-61],[62,6],[60,-18],[9,41],[71,-26],[13,-34],[38,-25],[107,-37],[66,-81],[-6,-17],[-52,-17],[-13,-74],[-36,-9],[-68,-87],[4,-61],[18,-53],[-18,-19],[-48,0],[-36,-22],[-50,-1],[-17,-47],[-60,-67],[-11,-78],[10,-100],[-43,-59],[-17,13],[-73,-5],[-38,-24],[-51,-99],[-31,-16],[-45,3],[-74,-15],[-35,28],[12,16],[-78,37],[-62,-103],[-6,5],[59,95],[-49,10],[-58,-5],[-49,-30],[-86,-154],[-18,-67],[2,-127],[-8,-64],[57,-184],[16,-17],[59,-16],[-8,-133],[-30,-38],[-83,-71],[-84,-121],[32,-164],[33,-66],[-10,-75],[78,-121],[-6,-4],[-77,118],[-29,-38],[19,-20],[-19,-28],[16,-49],[-17,-11],[35,-105],[29,-40],[70,-124],[107,-210],[30,-14],[28,-57],[-18,-77],[23,-19],[66,-17],[23,-17],[69,-91],[7,-41],[-70,-69],[4,-42],[-38,-60],[12,-28],[-4,-90],[38,-53],[24,-62],[-1,-58],[-23,-59],[25,-122],[41,-46],[-49,-15],[-13,11],[-59,-34],[-21,-68],[2,-58],[33,-80],[-46,0],[-63,-25],[-52,-6],[-61,31],[-89,11],[-51,-6],[-57,12],[-61,-5],[-61,-20],[-70,-50],[-95,34],[-80,-15],[-70,-42],[-54,-55],[70,-60],[-3,-8],[-99,83],[-32,-63],[-34,-12],[8,-84],[71,-299],[-7,-5],[-72,304],[-8,76],[-25,44],[-28,-5],[3,-28],[-31,-5],[-11,30],[-130,-22],[6,-48],[105,14],[1,-7],[-105,-15],[-26,-94],[-49,3],[132,-70],[-3,-7],[-87,49],[-38,-107],[-26,11],[2,-56],[-48,0],[25,-17],[-15,-109],[33,-5],[23,-135],[54,-127],[96,-201],[67,-45],[54,-21],[48,78],[38,35],[33,64],[-61,81],[-16,150],[8,0],[16,-149],[48,-64],[74,28],[16,-21],[354,21],[37,13],[55,40],[63,-108],[-13,-25],[5,-40],[43,-36],[34,-104],[34,-48],[31,-19],[-4,-31],[-32,-42],[28,-224],[2,-75],[31,-48],[-17,-60],[23,-122],[36,-89],[20,-13],[114,-123],[-19,-28],[-179,-145],[-48,-49],[-15,-61],[31,-171],[-17,-59],[-52,-20],[-14,-21],[-33,-104],[-26,-1],[31,112],[-19,71],[-78,29],[-44,-1],[-74,31],[-74,-9],[-112,-51],[-14,-31],[-31,18],[-25,-83],[-26,-48],[-102,-54],[-86,-80],[-61,-77],[-73,-8],[-36,49],[-2,40],[-66,49],[-45,-45],[5,27],[-108,100],[-63,19],[-179,68],[-83,22],[-71,-12],[-87,16]],[[65868,119728],[-2,-117],[-66,-44],[13,-135],[-4,-15],[-13,118],[-158,43],[-31,-17],[19,-38],[-74,-48],[-34,-50],[-13,-48],[5,-169],[58,-164],[73,-143],[88,-146],[23,-109],[42,-107],[5,-60],[-45,-79],[11,-94],[-31,-21],[-84,-5],[-84,12],[-72,-8],[-77,5],[-13,13],[-109,-8],[-88,-15],[-85,-41],[-15,-26],[-49,-40],[-32,14],[-26,-26],[-40,-75],[-34,-18],[-54,-63],[-18,53],[-46,53],[-46,-6],[-6,31],[-31,3],[-34,27],[-30,1],[-12,-46],[-10,33],[-159,59],[-50,-6],[-8,14],[-122,-21],[-57,-32],[-335,-224],[-26,-115],[-18,-121],[-6,-134],[25,-59],[69,-75],[-3,-38],[-58,6],[-48,25],[-68,-43],[-33,-59],[37,-16],[8,-32],[1,-107],[-51,0],[0,-31],[24,1],[-13,-69],[18,-73],[59,-50],[36,-94],[44,-93],[58,-101],[18,-13],[57,-85],[31,-32],[43,-67],[121,-131],[79,-56],[42,-7],[65,8],[28,-37],[95,-78],[29,-6],[54,23],[92,-25],[49,-25],[-15,-35],[-61,-1],[-88,-21],[-40,-44],[-16,-50],[31,-48],[-50,-26],[-14,23],[-20,-61],[29,-14],[-3,-48],[47,-1],[-1,-49],[28,-132],[32,-19],[-50,-8],[97,-106],[42,56],[118,-95],[-7,-3],[-92,75],[-17,-46],[88,-63],[-2,-17],[81,-47],[68,-16],[31,29],[64,-30],[24,2],[67,-42],[165,-69],[63,-43],[45,-71],[16,-83],[-19,-24],[-73,-13],[-106,-47],[-47,-4],[-129,11],[-42,-22],[-26,17],[-103,-33],[-58,-52],[-19,-60],[16,-24],[45,-13],[-49,-30],[-58,5],[-41,-23],[30,55],[-11,48],[-119,89],[-128,65],[-87,24],[-86,-20],[-36,-38],[-78,-10],[-102,25],[-69,-13],[-45,28],[-41,3],[-141,-15],[-73,-36],[-26,-32],[12,-24],[-22,-19],[-14,46],[-78,4],[-56,-25],[-20,-23],[-16,-57],[5,-27],[-39,-19],[56,-16],[-17,-53],[45,-42],[17,33],[21,-20],[31,22],[-18,-48],[9,-53],[-14,-85],[-43,-45],[-138,-12],[-43,-38],[-36,11],[-82,54],[-80,65],[-75,75],[-38,4],[-153,71],[-23,1],[-60,58],[-47,84],[-11,44],[4,80],[23,91],[-38,123],[-62,42],[29,45],[25,6],[56,42],[39,79],[66,72],[26,40],[8,63],[68,63],[31,87],[4,81],[12,51],[-12,45],[14,43],[6,87],[23,71],[-5,57],[18,47],[6,58],[73,163],[15,21],[3,53],[-15,74],[-32,84],[-61,125],[-8,38],[44,8],[65,-7],[46,69],[7,95],[-16,117],[23,21],[89,29],[49,30],[16,40],[0,50],[-24,84],[16,78],[-35,47],[-35,20],[-29,73],[-37,25],[41,56],[-6,22],[-54,73],[1,30],[-29,45],[-53,13],[14,33],[-32,48],[-23,55],[-90,50],[-39,53],[-76,26],[-5,21],[-41,30],[-33,-17],[-81,31],[-27,-15],[15,66],[-63,28],[-72,-26],[-42,19],[6,-25],[-55,-28],[-28,8],[-63,-45],[17,-48],[61,-5],[-1,-14],[-82,-9],[-80,-21],[-37,-29],[-15,-32],[14,-37],[23,-7],[-46,-40],[-8,-54],[-43,-24],[-69,33],[-94,-7],[-61,-34],[-12,-52],[47,-69],[-22,-14],[-58,29],[3,30],[-34,26],[-51,10],[-15,51],[20,102],[55,45],[47,72],[17,53],[54,15],[53,29],[38,65],[129,121],[53,26],[50,64],[10,60],[62,40],[36,73],[11,95],[2,90],[-7,104],[45,33],[9,72],[-22,72],[3,44],[30,23],[76,9],[88,-39],[60,-17],[49,3],[107,-24],[70,-4],[39,17],[127,-7],[9,-23],[143,-5],[51,10],[30,-11],[52,-53],[56,-10],[46,-33],[120,7],[78,38],[48,-12],[16,-36],[47,-1],[93,35],[69,57],[37,42],[96,-7],[-6,-22],[36,-35],[70,21],[62,49],[24,5],[47,73],[9,41],[62,119],[50,135],[8,116],[-90,121],[16,73],[10,95],[0,89],[-53,51],[3,48],[-18,46],[24,146],[-10,31],[22,51],[43,-16],[66,24],[40,44],[49,-8],[173,-1],[53,22],[39,-16],[55,12],[35,-34],[70,-11],[104,7],[66,12],[68,24],[105,69],[51,84],[9,61],[-19,36],[20,10],[53,118],[17,62],[4,70],[-13,23],[-14,87],[47,-52],[49,-4],[48,-53],[59,-19],[50,6],[84,-52],[128,-23],[57,9],[55,28],[2,49],[59,17],[70,3],[63,59],[79,-45],[109,-19],[56,24],[7,46],[22,15],[63,3],[40,-20],[13,-32],[-11,-51],[-64,-18],[-28,-76],[-4,-143],[38,-146],[-100,-4],[-21,43],[-68,64],[-48,2],[-85,-23],[-9,-29],[-20,66],[-47,-21],[-7,21],[-110,-40],[-14,-28],[16,-46],[98,27],[24,-1],[-159,-55],[-18,15],[-41,-50],[-44,-25],[-44,-106],[-16,-103],[22,-1],[-23,-68],[-5,-101],[24,-90],[32,-44],[-28,-46],[-3,-60],[-15,7],[-31,-50]],[[50578,125520],[-98,103],[-65,116],[-79,92],[-2,50],[62,81],[61,13],[71,61],[86,12],[45,-23],[50,0],[57,29],[52,69],[43,91],[41,114],[7,151],[8,-37],[-7,-115],[36,20],[73,74],[15,-15],[49,45],[-32,31],[-57,-34],[30,31],[-19,10],[-4,59],[-13,8],[-3,69],[-39,115],[-41,82],[-77,124],[-65,77],[-22,40],[-97,-84],[-68,76],[-91,-72],[72,-99],[-5,-4],[-79,104],[99,78],[-32,44],[70,73],[-2,45],[25,81],[65,69],[6,67],[-21,59],[-87,136],[-132,164],[-55,52],[-16,37],[59,77],[38,81],[1,44],[-27,54],[22,-3],[20,-43],[173,-13],[75,19],[49,46],[49,24],[76,-8],[43,13],[61,60],[89,13],[101,43],[106,92],[66,169],[21,2],[-8,-57],[167,-101],[116,-56],[98,-36],[95,-24],[116,-8],[51,12],[62,38],[58,55],[62,86],[16,128],[19,102],[18,36],[33,24],[55,8],[61,38],[21,25],[9,-30],[44,-15],[125,-13],[71,26],[52,66],[-1,42],[71,18],[130,-51],[43,-69],[189,-100],[91,-9],[65,11],[83,38],[86,80],[57,1],[-89,-118],[-11,-56],[-29,-41],[-77,-52],[-5,-31],[-37,-7],[-33,-86],[-23,-19],[-23,-52],[-62,-70],[20,-104],[36,-82],[60,-55],[53,-17],[27,-49],[-15,-84],[-43,-37],[-88,-14],[-50,26],[-35,42],[-23,75],[-87,42],[-74,14],[-54,-5],[-54,-18],[-110,-57],[-56,-41],[9,-8],[-56,-71],[-24,9],[-44,-101],[20,-5],[-21,-70],[11,-82],[53,42],[47,118],[8,-3],[-49,-120],[-55,-45],[-40,-134],[-35,1],[0,-120],[17,-97],[21,-79],[-5,-26],[-43,-54],[-6,-75],[8,-21],[-61,-39],[-46,15],[-72,-11],[-57,-44],[-125,-156],[-32,-107],[-62,-104],[-39,-26],[-57,-62],[-44,-4],[-19,-78],[-22,-23],[-3,-69],[15,-11],[-9,-49],[20,-45],[-1,-43],[29,-116],[-13,-42],[-34,-46],[-59,15],[-51,-2],[-48,-15],[-25,19],[-58,6],[-97,-21],[-90,-38],[-90,-81],[-30,-52],[-22,-68],[-31,-188],[-58,-19],[-34,-58],[-9,-49],[0,-134],[12,-12],[-3,-77],[-45,-77],[-1,-64],[-39,-85],[-20,-11],[-77,44],[-85,113],[-58,60],[-59,13],[-63,122],[-87,147],[-20,44],[-47,61]],[[61533,124538],[-34,88],[40,87],[3,39],[-61,93],[-1,31],[-32,39],[36,96],[0,38],[130,217],[24,104],[25,76],[29,44],[51,39],[35,53],[28,83],[92,23],[36,31],[88,13],[95,79],[58,21],[66,6],[54,26],[102,27],[94,48],[43,37],[29,46],[12,47],[-9,43],[-50,115],[-11,93],[34,96],[48,50],[29,68],[40,-63],[68,-64],[177,-101],[30,-26],[70,7],[50,-47],[230,-149],[123,-61],[95,-39],[95,-24],[81,29],[15,17],[29,86],[0,73],[87,65],[-11,-29],[26,-59],[-13,-19],[-60,-33],[-24,0],[-23,-73],[22,-1],[36,-50],[5,-63],[-22,-87],[-12,-142],[-39,-188],[-1,-89],[35,-96],[12,-101],[14,-59],[12,-105],[1,-160],[34,-125],[22,-187],[100,-274],[40,-83],[46,-204],[-6,-111],[-27,-52],[-30,3],[-60,-42],[7,45],[-20,65],[-22,112],[2,28],[-39,99],[-62,60],[-158,106],[-149,74],[-88,36],[-67,19],[-3,18],[-121,11],[-54,-3],[25,-118],[-121,-24],[-7,47],[-30,-3],[-3,25],[-49,-65],[-20,-93],[14,-97],[49,4],[68,61],[6,-6],[-70,-62],[-53,-5],[-33,-21],[-17,-52],[-69,-86],[0,-21],[-41,-20],[-30,-42],[14,-49],[-26,-19],[-50,28],[-34,36],[-76,22],[-49,4],[-50,-10],[-40,-31],[-4,-41],[-49,-51],[-35,-6],[-41,16],[-32,-43],[-39,-11],[-30,54],[-75,50],[-24,51],[-1,49],[-52,72],[-218,155],[-80,75],[-60,47],[-21,4],[-16,71],[-49,76],[-54,44],[-4,45]],[[46972,125831],[-47,-31],[-105,-21],[-63,-4],[-73,-47],[-10,-96],[-19,5],[-51,-29],[-56,-57],[-9,-61],[11,-5],[-24,-59],[39,-61],[-63,4],[-18,-12],[-30,22],[-52,-9],[-24,126],[11,51],[-12,43],[2,64],[33,53],[12,44],[-2,64],[-20,55],[-60,17],[-35,61],[-75,33],[-20,24],[86,13],[38,41],[72,7],[-6,-50],[-29,-55],[17,-32],[53,-19],[64,-5],[36,-14],[68,12],[80,39],[6,19],[105,4],[6,-16],[72,9],[37,36],[92,124],[45,78],[56,136],[33,136],[9,76],[-17,52],[-36,15],[-10,28],[3,67],[-64,78],[-14,63],[-20,15],[-57,10],[-47,57],[-57,34],[-8,22],[-31,-4],[-32,49],[-50,15],[-17,65],[-36,75],[10,92],[68,43],[29,-40],[56,-4],[42,-26],[48,25],[86,68],[15,41],[26,4],[84,85],[101,136],[54,82],[85,139],[26,53],[46,123],[-31,42],[-56,132],[24,57],[39,-4],[26,-40],[-11,-46],[18,-69],[49,-29],[99,-45],[121,13],[119,-39],[73,5],[134,34],[124,61],[70,57],[82,107],[-28,37],[-10,58],[56,-18],[82,-56],[120,-43],[47,6],[54,-8],[65,-74],[29,-21],[43,10],[102,71],[1,32],[35,-5],[8,-41],[95,-67],[49,2],[105,29],[37,20],[37,40],[7,63],[25,-1],[35,-57],[1,-69],[20,-39],[-9,-39],[6,-59],[-12,-58],[11,-47],[-20,-48],[-46,-32],[-64,-68],[-82,-51],[-15,-25],[-53,-187],[-7,-60],[-42,-1],[-32,37],[-120,17],[-52,0],[-93,-16],[-108,-44],[-5,23],[-89,-36],[-95,-64],[37,-34],[55,-10],[194,69],[2,-7],[-195,-70],[-24,-3],[-18,-153],[-9,0],[19,155],[-66,47],[-50,-57],[-14,-32],[29,-13],[-32,-99],[-37,3],[-4,-48],[9,-91],[28,-67],[48,-94],[35,20],[-14,49],[48,-83],[-17,-36],[-45,-46],[-11,-28],[8,-61],[-8,-52],[-39,-42],[-67,-30],[-28,13],[-50,-12],[-140,7],[-77,-8],[-32,8],[-151,-18],[-98,-30],[-33,-20],[-32,-44],[6,-96],[-24,-33],[-4,-119],[9,-63],[22,-24],[-3,-33],[-29,-33],[-112,-13],[-14,-37],[-95,19],[-102,-6],[-73,-33],[-26,-40],[-106,-39],[-57,-40],[-44,-15]],[[48846,121637],[106,61],[73,36],[91,74],[28,42],[28,113],[3,59],[-12,68],[51,11],[47,-7],[50,11],[113,-33],[32,-21],[28,-53],[-25,-67],[65,-71],[73,-60],[39,-14],[52,13],[71,50],[52,-10],[67,15],[35,20],[25,53],[42,38],[51,84],[25,11],[24,-69],[55,-31],[11,-24],[98,-73],[55,-29],[157,-64],[80,-23],[121,-24],[-14,113],[9,1],[9,-78],[55,-4],[60,59],[108,1],[1,-9],[-106,0],[-56,-55],[-15,-49],[63,6],[65,26],[20,-7],[137,30],[28,13],[32,62],[-12,59],[-59,-7],[-10,46],[46,42],[68,-23],[111,0],[56,34],[52,64],[32,24],[26,-14],[18,-70],[58,-30],[104,-27],[92,6],[64,38],[46,90],[50,63],[9,75],[44,18],[13,34],[30,16],[38,-4],[17,-43],[40,-24],[97,-13],[47,22],[35,-1],[89,-36],[51,-51],[49,-66],[6,-57],[-14,-63],[-41,-78],[2,-84],[-71,-81],[-79,-14],[-20,16],[-95,8],[-72,-33],[-119,-27],[-168,21],[-37,-5],[-25,-29],[-126,0],[-53,-31],[-46,9],[-141,-10],[-67,-38],[-5,-66],[-32,-42],[-49,-29],[-164,-32],[-25,-11],[-31,-42],[-36,-22],[-59,-65],[-27,-4],[-32,-52],[-43,-103],[-49,-71],[-46,-43],[-82,-33],[-47,6],[-34,23],[-104,19],[-129,37],[-51,-6],[-81,-58],[-26,-44],[-62,-57],[-48,8],[-131,-10],[-22,-11],[-39,26],[-51,9],[-25,51],[-46,55],[-93,76],[-144,91],[-125,71],[-62,23],[-57,-8],[-109,-96],[-21,-1],[-28,-40],[-122,-82],[-33,-10],[-3,99],[-20,48],[17,40],[-36,12],[-7,32],[29,41],[-5,40],[-77,114],[-26,66],[-75,66],[-14,41],[200,5],[45,18]],[[64756,126185],[-25,102],[19,28],[98,-59],[52,-9],[61,7],[75,-7],[43,-65],[63,-21],[74,12],[0,29],[23,54],[29,24],[-38,-56],[-6,-43],[25,-19],[69,27],[63,54],[-6,12],[47,59],[46,131],[-15,53],[-66,65],[-54,-97],[-8,4],[56,97],[-63,53],[-40,-45],[-76,61],[-57,-111],[-6,4],[80,159],[14,107],[30,26],[89,35],[57,-31],[104,-87],[61,-6],[36,-26],[45,29],[19,-40],[45,-27],[150,6],[-9,-60],[-60,-46],[-61,-152],[19,-76],[-3,-64],[21,-60],[80,-148],[117,-151],[68,-69],[15,-54],[-12,-26],[28,-125],[91,-103],[23,-13],[12,-61],[-254,-1],[-13,12],[-94,13],[-122,30],[-92,-8],[-66,-24],[13,-65],[-26,-19],[-34,18],[-178,36],[-70,-5],[-64,-31],[-36,-42],[-52,-21],[-15,16],[-3,64],[14,61],[19,26],[14,81],[-12,75],[-27,40],[-93,66],[-98,43],[-67,47],[-44,69],[23,137],[-9,71],[-56,30]],[[48635,112250],[-20,81],[8,41],[44,56],[63,52],[117,52],[111,-46],[65,13],[42,-43],[174,-106],[59,-30],[36,-3],[99,19],[49,18],[99,54],[117,83],[140,155],[38,27],[79,17],[73,-16],[73,-44],[234,-219],[40,-60],[39,-78],[5,-93],[-35,-107],[-41,-97],[-20,-175],[6,-52],[-21,-12],[-28,20],[-51,1],[-38,-26],[-24,-72],[3,-87],[-7,-22],[21,-50],[42,-2],[21,-52],[-29,-48],[-60,-20],[-31,11],[-48,-9],[-107,16],[21,42],[16,109],[-40,44],[-16,47],[4,36],[-35,112],[-28,4],[-29,45],[1,24],[-34,51],[-19,8],[-42,108],[-85,115],[-55,63],[-45,39],[-43,20],[-82,-4],[-55,-32],[-25,-31],[-54,44],[-49,26],[-28,-26],[101,-51],[5,-31],[-35,-13],[-48,34],[-63,24],[-8,-12],[-78,-6],[-10,14],[-96,-5],[-41,14],[-72,-4],[-93,-28],[-57,3],[-59,-10],[-61,80]],[[60413,116869],[-44,98],[-46,130],[10,173],[25,48],[65,-4],[86,-88],[23,1],[49,-39],[15,8],[30,-30],[-15,-23],[83,-23],[71,-5],[86,-36],[111,-73],[87,-100],[70,-62],[57,-26],[35,-53],[-16,-73],[2,-102],[-13,-52],[-7,-112],[-18,-32],[-69,-73],[-93,-59],[-82,-21],[-70,5],[-72,18],[-65,39],[-47,44],[-40,67],[-26,91],[-182,364]],[[55606,132320],[-26,4],[-10,41],[-41,79],[-29,37],[48,54],[38,61],[59,62],[50,28],[8,19],[107,105],[23,-5],[65,47],[-3,16],[42,47],[47,0],[114,82],[24,-21],[76,55],[62,1],[64,35],[19,33],[39,-12],[-45,-78],[-3,-44],[-44,-18],[-21,-68],[-45,-42],[-10,-52],[1,-82],[36,-114],[-4,-26],[54,-49],[-21,-10],[-42,18],[-39,-5],[-101,-69],[-66,-9],[-52,-26],[-87,-27],[-28,-21],[-42,7],[-129,-52],[-76,13],[-12,-14]],[[66645,137305],[12,57],[22,-7],[41,59],[14,50],[-5,100],[-23,39],[9,30],[96,113],[83,85],[27,15],[33,-11],[25,-37],[67,-14],[54,49],[43,-29],[20,66],[27,-27],[39,-4],[42,26],[34,65],[11,75],[40,15],[10,-31],[-11,-33],[18,-10],[16,-62],[24,-20],[64,31],[32,-22],[-8,-46],[20,0],[31,-62],[-17,-15],[13,-36],[33,-25],[-12,-21],[17,-66],[-10,-57],[-21,-11],[-5,-46],[-19,-26],[-119,13],[-26,71],[-63,11],[-6,18],[-61,11],[-73,3],[-143,-25],[-98,-31],[-47,-46],[-20,-40],[-7,-93],[25,-39],[-23,-28],[-62,26],[-50,-36],[-30,-65],[4,-70],[-24,-31],[-35,-8],[-9,-62],[-27,-20],[-52,32],[12,71],[28,39],[29,126],[-9,16]],[[72759,126217],[-43,51],[-43,-23],[17,-43],[-58,-1],[14,13],[-27,31],[-63,-12],[-36,-31],[-9,70],[-77,19],[1,29],[-39,16],[15,31],[-11,113],[23,64],[32,36],[54,10],[24,20],[71,-20],[146,31],[25,-37],[62,-26],[18,-35],[-16,-20],[10,-80],[63,-108],[-25,-27],[-128,-71]],[[48858,128509],[-23,38],[-8,55],[23,14],[-13,74],[-90,140],[19,43],[66,40],[61,-29],[41,-51],[26,-6],[107,-55],[10,-18],[-12,-72],[15,-94],[80,-96],[56,-39],[-14,-51],[-57,12],[-42,57],[-55,25],[-105,3],[-77,-22],[-8,32]],[[52623,121031],[-74,-7],[-35,18],[-9,60],[28,1],[48,34],[42,13],[91,-4],[46,-24],[101,-80],[130,-59],[24,7],[50,-27],[53,-44],[14,-60],[-77,-31],[-123,-20],[-100,54],[-42,59],[-33,14],[-63,62],[-71,34]],[[68809,135187],[20,12],[6,76],[18,54],[33,30],[12,44],[35,-3],[27,31],[-8,19],[70,59],[29,-18],[-13,-78],[18,-40],[4,-130],[10,-18],[-32,-34],[-26,-67],[-24,-17],[-63,-16],[-37,15],[-44,49],[-41,-8],[6,40]],[[56680,133586],[-9,13],[14,64],[-5,41],[25,43],[75,41],[-1,10],[121,39],[15,33],[24,-22],[36,0],[28,-23],[21,-75],[-23,-67],[-58,-56],[-61,3],[-111,-23],[-58,-25],[-25,-37],[-8,41]],[[59975,123767],[7,17],[94,2],[35,-16],[31,-40],[46,-130],[129,-62],[-29,-90],[33,-52],[-28,-5],[-27,41],[-43,-11],[-50,7],[-47,33],[-41,56],[7,13],[-42,84],[-70,71],[-11,35],[6,47]],[[53103,125869],[77,94],[18,-4],[53,39],[5,-26],[97,-57],[23,3],[6,-40],[-16,-38],[-66,-66],[-51,-91],[-37,-89],[-32,52],[-7,64],[-81,116],[11,43]],[[55458,118992],[-76,42],[-18,35],[-63,30],[23,72],[29,55],[118,-3],[68,-23],[43,-50],[30,-81],[-23,-70],[-58,-15],[-73,8]],[[53844,120322],[38,-88],[4,-33],[-45,-35],[-43,-2],[-58,28],[-28,33],[-5,55],[28,55],[61,60],[27,-58],[21,-15]],[[50181,124246],[19,-41],[-29,-12],[-59,12],[-51,-9],[-53,38],[-2,39],[18,9],[119,-2],[38,-34]],[[66114,126829],[-26,-44],[-28,-14],[-28,35],[-7,45],[-34,58],[17,40],[82,6],[21,-15],[-39,-20],[-5,-55],[39,-14],[8,-22]],[[62315,131415],[18,90],[42,55],[26,-13],[5,-78],[-35,-54],[-50,-35],[-6,35]],[[49170,128894],[-82,38],[43,8],[42,24],[23,48],[37,-75],[-23,-41],[-40,-2]],[[50521,124278],[63,2],[35,13],[23,-23],[-42,-28],[-6,-23],[-31,12],[-52,-25],[-31,38],[41,34]],[[72456,122337],[-15,-69],[-21,33],[-12,-35],[-7,46],[18,41],[40,52],[71,58],[0,-24],[-54,-63],[-20,-39]],[[64180,125576],[-14,27],[6,39],[36,66],[22,-16],[12,-56],[-19,-67],[-22,-13],[-21,20]],[[60993,122965],[7,-24],[-31,-18],[-69,41],[-2,29],[47,31],[48,-59]],[[66465,113520],[-112,528],[-73,76],[7,6],[74,-76],[118,-566],[-14,32]],[[62213,131164],[-65,17],[-10,55],[29,25],[26,-6],[23,-60],[-3,-31]],[[46582,126583],[-24,-1],[-63,41],[19,21],[57,18],[32,-74],[-21,-5]],[[50631,119746],[-35,4],[-4,72],[32,5],[32,-50],[-25,-31]],[[55720,123918],[-6,31],[20,20],[41,-10],[-15,-52],[-40,11]],[[73221,128729],[-66,94],[26,3],[52,-74],[-12,-23]],[[62205,131285],[-41,29],[37,29],[25,-21],[-21,-37]],[[73010,124321],[2,107],[24,-1],[-2,-110],[-24,4]],[[73166,124787],[-18,10],[61,111],[19,-10],[-62,-111]],[[63668,114876],[14,-13],[-87,-89],[-15,14],[88,88]],[[64929,108081],[-151,215],[7,5],[165,-236],[-21,16]],[[73013,124450],[-2,108],[22,0],[1,-109],[-21,1]],[[58034,123969],[266,-108],[-3,-7],[-266,107],[3,8]],[[73167,128882],[-24,-12],[-25,103],[21,-2],[28,-89]],[[72600,127088],[7,37],[1,-115],[92,-233],[-4,-2],[-95,234],[-1,79]],[[66122,115382],[-8,-30],[-33,21],[33,34],[8,-25]],[[62964,117408],[28,-21],[-56,-10],[-3,52],[31,-21]],[[66506,117115],[29,27],[0,-53],[-34,-2],[5,28]],[[76558,131211],[11,-9],[-60,-87],[-9,12],[58,84]],[[76422,131009],[57,85],[13,-3],[-59,-88],[-11,6]],[[73042,124039],[-6,84],[17,0],[5,-82],[-16,-2]],[[72985,124017],[11,-4],[-12,-116],[-12,-1],[13,121]],[[71908,126157],[39,3],[-3,-33],[-36,30]],[[55638,124848],[6,6],[93,-122],[-6,-6],[-93,122]],[[66985,137341],[5,-7],[-96,-35],[-3,8],[94,34]],[[58671,124416],[146,-47],[-2,-8],[-146,47],[2,8]],[[72976,123823],[-15,-88],[-13,0],[17,92],[11,-4]],[[72943,123707],[13,-2],[-16,-88],[-13,0],[16,90]],[[55831,124597],[-88,115],[6,6],[88,-116],[-6,-5]],[[51375,122265],[37,-13],[-44,-11],[7,24]],[[55541,124974],[91,-107],[-6,-5],[-91,106],[6,6]],[[58783,128648],[103,56],[3,-7],[-103,-56],[-3,7]],[[71662,126316],[-22,-19],[-22,19],[44,0]],[[73052,124223],[5,51],[9,-47],[-14,-4]],[[57448,121970],[34,8],[-10,-24],[-24,16]],[[50417,127014],[27,-2],[-22,-25],[-5,27]],[[76899,131607],[41,-15],[198,42],[38,18],[55,48],[94,98],[64,39],[64,72],[-8,24],[46,-10],[39,-39],[63,18],[74,77],[-20,17],[36,51],[26,-13],[74,125],[90,199],[33,-11],[71,7],[22,28],[16,-30],[74,10],[54,31],[63,70],[25,42],[38,34],[12,70],[22,-68],[123,5],[68,65],[62,94],[-67,64],[78,-55],[128,62],[49,32],[78,87],[67,135],[14,56],[49,100],[30,35],[26,58],[-8,17],[28,45],[28,-5],[161,249],[5,-3],[-141,-223],[202,-135],[161,40],[113,117],[38,50],[-6,57],[3,25],[125,383],[2,-9],[-122,-374],[-4,-42],[19,-73],[26,16],[25,-14],[40,38],[11,-13],[-65,-45],[43,-42],[62,45],[-11,82],[43,120],[-65,33],[17,32],[47,-22],[63,150],[-10,20],[70,49],[30,106],[14,99],[20,51],[78,96],[-53,130],[35,-69],[53,5],[44,23],[39,36],[21,43],[14,-11],[57,37],[28,77],[47,-4],[40,-48],[35,-6],[70,16],[32,24],[70,78],[207,56],[75,87],[8,-4],[36,133],[320,31],[99,-166],[0,35],[40,25],[40,54],[27,7],[37,70],[-3,37],[23,33],[10,83],[62,82],[-74,26],[9,38],[52,112],[-22,34],[47,65],[50,428],[743,524],[351,-98],[-3,-219],[67,-1],[0,-13],[91,-3],[40,22],[11,29],[63,15],[49,30],[37,-24],[58,-19],[66,17],[66,41],[62,14],[27,-51],[93,34],[123,78],[21,-26],[110,64],[48,51],[14,-21],[40,-6],[59,41],[27,-36],[132,21],[84,4],[63,65],[67,-70],[132,-8],[92,45],[98,81],[95,133],[97,93],[111,1],[40,-30],[110,66],[45,74],[80,150],[43,23],[89,-10],[32,9],[68,59],[39,67],[-7,9],[47,39],[69,42],[45,58],[26,-5],[44,29],[61,97],[53,105],[1,-88],[11,10],[90,-89],[30,-75],[91,-8],[24,-41],[45,-19],[116,-20],[80,-32],[89,-81],[63,-37],[93,6],[23,-23],[76,0],[37,12],[42,-89],[88,-49],[52,-11],[31,-32],[52,-21],[76,-9],[151,20],[55,32],[68,56],[37,-36],[-2,42],[23,-4],[37,25],[86,98],[30,-16],[83,83],[-18,18],[-86,-1],[-14,23],[-3,112],[152,4],[85,90],[-9,-27],[30,-30],[29,17],[37,-21],[33,5],[38,-17],[-50,-13],[71,-58],[12,-23],[63,43],[-62,46],[-99,141],[-98,30],[41,180],[-11,17],[48,-11],[73,310],[-239,57],[5,20],[254,-59],[23,-13],[29,76],[12,110],[18,86],[-18,15],[-8,60],[-41,27],[-85,25],[26,31],[71,-27],[21,12],[55,90],[16,191],[-29,56],[52,134],[22,93],[-5,132],[-28,130],[-37,70],[-75,60],[-30,8],[-65,-8],[-20,-96],[-36,-5],[-25,-24],[-21,20],[-52,88],[-8,47],[34,26],[19,64],[-24,62],[40,104],[69,73],[50,3],[6,-28],[46,-23],[82,26],[13,-24],[32,11],[41,41],[61,5],[11,19],[48,-5],[27,34],[35,82],[32,13],[17,75],[49,-23],[9,-41],[23,-21],[50,3],[37,-19],[14,-50],[0,-49],[25,-21],[106,18],[57,24],[89,94],[55,104],[48,148],[29,211],[0,122],[-16,103],[-75,66],[-18,32],[-71,39],[-9,37],[-47,58],[-10,38],[-33,46],[0,78],[-21,31],[4,93],[27,56],[-23,19],[6,27],[-15,102],[12,2],[15,-101],[49,2],[25,20],[-64,249],[-76,-21],[-50,182],[98,26],[-30,78],[1,29],[-33,125],[-60,157],[-17,27],[-16,107],[-10,-4],[-61,156],[-46,-4],[-7,54],[34,9],[10,-52],[32,5],[-6,34],[56,29],[-32,49],[-32,22],[-52,-5],[21,-57],[-78,-14],[-35,29],[-87,-31],[32,-206],[-5,0],[-32,193],[-82,79],[-47,56],[-103,50],[-47,-19],[-66,66],[-98,-22],[-40,7],[-57,-30],[-6,-59],[-27,-14],[-52,46],[-38,-19],[-43,5],[-29,-28],[-25,46],[-70,29],[-33,2],[-61,71],[-88,76],[-50,-10],[-57,32],[-18,-17],[-51,40],[-83,5],[-55,-53],[-51,-100],[-12,-5],[-51,52],[-37,0],[-39,46],[-129,79],[-69,-54],[-35,59],[-21,7],[-68,-9],[-47,-34],[-123,11],[-69,-75],[-11,-72],[34,-13],[-66,-27],[-35,-98],[-69,-61],[-48,-1],[-42,-17],[-10,-22],[-56,-6],[-44,-70],[-29,-1],[-58,80],[3,30],[27,12],[-21,63],[-73,38],[-53,16],[-13,-16],[-53,19],[-30,-19],[-14,39],[-25,0],[-12,61],[7,38],[-28,17],[39,11],[53,-11],[9,76],[-16,33],[25,17],[37,-21],[37,21],[13,41],[-13,92],[-43,91],[-55,8],[-53,-37],[-31,37],[72,3],[51,28],[-2,61],[-19,50],[-60,1],[27,16],[-11,42],[-31,47],[-59,50],[-37,9],[-17,-41],[-76,-3],[-33,-32],[-36,17],[-45,-8],[-77,25],[6,54],[26,26],[-15,20],[80,22],[17,20],[75,-26],[123,83],[17,61],[31,-9],[91,23],[43,46],[61,-7],[17,-37],[54,-6],[73,20],[14,24],[31,-19],[-17,-36],[39,-20],[75,140],[11,3],[348,-190],[13,-23],[258,160],[57,1],[108,-53],[7,15],[73,-36],[66,-123],[223,116],[26,-45],[25,40],[56,42],[29,-4],[52,62],[77,66],[21,-17],[10,-55],[45,-19],[55,-6],[16,-48],[-23,-29],[31,-95],[71,-99],[-6,-35],[61,-49],[66,-26],[21,-45],[60,-29],[129,4],[23,-15],[90,-17],[14,-76],[45,-14],[8,28],[45,-7],[75,25],[117,70],[97,112],[-4,19],[40,88],[3,25],[-52,48],[2,76],[17,50],[35,31],[46,65],[32,62],[-9,67],[38,13],[27,52],[56,69],[89,-26],[48,22],[43,-9],[12,16],[35,-28],[28,32],[62,27],[23,63],[40,60],[32,104],[25,-2],[50,23],[44,88],[10,-5],[-41,-86],[-24,-31],[62,-83],[86,28],[57,57],[-89,62],[78,-43],[51,51],[49,84],[64,146],[-6,34],[21,12],[54,246],[-16,28],[37,17],[18,80],[-18,67],[26,15],[10,42],[-18,27],[12,48],[29,35],[-36,38],[-4,-30],[-25,4],[17,131],[26,-4],[-10,-71],[29,-10],[18,19],[-5,50],[16,149],[14,61],[-18,58],[-27,18],[-15,52],[-35,25],[113,-20],[32,36],[-10,58],[23,-8],[32,62],[36,20],[-8,23],[40,75],[-11,106],[18,35],[27,2],[21,46],[37,26],[8,62],[25,55],[-8,-77],[48,-33],[-3,-27],[72,-81],[-34,-78],[37,-83],[166,-156],[69,-28],[42,1],[51,-22],[-47,-102],[0,-65],[-19,-48],[60,-82],[69,-75],[81,-45],[31,-74],[-8,-17],[22,-79],[-25,-45],[1,-66],[18,-35],[-40,-63],[23,-78],[105,-145],[75,-82],[72,-50],[32,29],[36,8],[25,-23],[-28,-29],[77,-73],[62,68],[-131,127],[5,4],[134,-130],[-83,-100],[27,-28],[90,23],[20,-91],[-50,-16],[8,-29],[86,-58],[44,-91],[-53,82],[-74,55],[-49,-46],[-33,-15],[7,-34],[78,-106],[80,-58],[23,31],[20,-9],[-2,-37],[104,-102],[25,21],[57,-51],[52,44],[8,-9],[-75,-69],[28,-27],[-17,-23],[62,41],[47,-31],[45,39],[140,-84],[7,11],[100,-59],[51,85],[299,-179],[-12,-16],[139,-109],[-10,-38],[-35,-21],[23,-59],[42,-62],[30,-73],[34,-32],[-20,-13],[2,-82],[27,-43],[42,-39],[17,10],[94,-78],[-10,-26],[36,-42],[-17,-38],[11,-94],[17,-2],[28,-85],[17,-2],[45,-249],[-12,0],[-6,-143],[4,-144],[25,-23],[131,-15],[-12,50],[-29,6],[13,185],[19,-1],[-3,-77],[91,94],[18,51],[-13,5],[-17,133],[27,1],[3,72],[-18,-1],[-2,42],[94,5],[-3,54],[-36,3],[-4,28],[-26,7],[-4,33],[59,33],[-17,66],[-80,-9],[-2,13],[94,10],[-3,48],[42,4],[28,56],[5,68],[31,18],[35,49],[-25,29],[12,22],[48,-18],[42,35],[78,-23],[10,23],[105,-6],[22,21],[43,-28],[21,14],[63,-62],[52,4],[-13,-75],[49,-151],[5,-27],[-18,-66],[-9,-84],[25,-54],[21,-106],[51,-97],[46,-2],[20,-42],[72,-28],[20,-151],[-27,-4],[11,-45],[38,-13],[-54,-133],[16,-7],[-35,-77],[-30,14],[-59,-16],[14,-147],[26,-115],[77,12],[-4,30],[39,19],[11,-107],[89,-37],[0,-50],[21,-93],[29,-4],[9,-76],[41,-106],[10,-6],[102,-277],[63,-109],[53,21],[32,-2],[-68,146],[6,12],[83,-182],[38,-64],[47,-53],[73,2],[18,-40],[40,-18],[43,-74],[18,-13],[76,-207],[35,-25],[11,-51],[67,-105],[50,-1],[46,-134],[62,-154],[2,-29],[112,40],[7,-5],[-91,-33],[-1,-71],[19,-25],[-9,-65],[7,-53],[22,-29],[-18,-38],[132,3],[78,-25],[14,-41],[-28,27],[-67,22],[-127,-1],[7,-35],[74,-206],[54,-129],[53,-113],[42,-64],[29,11],[76,-117],[-6,-8],[50,-64],[179,47],[192,-325],[-10,-5],[-107,180],[-6,-3],[-70,117],[-90,-54],[70,-117],[-14,-25],[-75,-33],[118,-216],[198,-272],[46,-25],[26,5],[73,-91],[42,34],[-96,123],[-9,74],[10,2],[8,-73],[104,-134],[22,15],[30,-42],[-1,-137],[7,-27],[40,-26],[38,72],[9,-5],[-46,-88],[19,17],[41,-4],[-9,-33],[46,-42],[-8,-23],[134,-160],[10,-29],[43,-53],[-55,-46],[-122,146],[-56,-43],[180,-283],[52,37],[-7,9],[144,102],[-59,162],[1,249],[40,1],[-14,66],[-155,173],[-71,94],[-21,99],[12,3],[19,-98],[69,-91],[156,-174],[10,-50],[-1,-111],[48,-42],[269,-326],[68,55],[13,-3],[311,-255],[101,-28],[8,9],[66,-19],[53,-83],[38,-21],[72,-311],[183,42],[-61,278],[17,24],[-55,102],[9,5],[50,-93],[8,1],[175,-191],[32,-160],[-27,-50],[34,-204],[41,-178],[140,-591],[-15,1],[-110,-65],[10,-44],[32,-55],[84,-113],[19,-7],[143,82],[-73,129],[5,3],[74,-128],[452,262],[8,-14],[84,49],[6,415],[9,0],[-5,-422],[-89,-50],[253,-433],[-247,-200],[-57,-60],[-113,-80],[2,-44],[52,-104],[88,-125],[164,-179],[184,-181],[111,-113],[84,-51],[26,-93],[-2,-42],[-42,-165],[-15,-120],[61,-194],[73,-171],[119,-229],[145,-241],[73,-125],[143,-231],[91,-128],[15,-10],[135,29],[25,-11],[75,-142],[-6,-3],[-63,120],[-21,-28],[-53,-27],[5,-14],[127,-121],[-7,-13],[-166,158],[-26,16],[-111,-8],[14,-20],[134,-260],[84,48],[12,-23],[-57,-34],[3,-48],[52,-131],[110,-170],[94,-119],[77,-114],[61,-4],[-128,-8],[-14,-34],[15,-127],[60,-96],[-2,-74],[35,-71],[38,-49],[32,-83],[25,-36],[-32,-16],[10,-68],[79,-138],[-11,-14],[26,-58],[71,-115],[0,-13],[52,-81],[133,-166],[105,-150],[-2,-33],[58,-103],[127,-202],[75,-108],[40,-74],[134,-217],[106,-164],[52,-93],[-62,-14],[-35,17],[-33,-17],[-20,-56],[9,-95],[21,-63],[68,-135],[-2,-30],[166,-291],[12,-60],[62,-110],[92,-149],[39,-50],[11,-46],[75,-124],[87,-131],[96,-156]],[[101837,127433],[-115,-2],[-129,-43],[-207,43],[-30,-9],[-63,-57],[-77,5],[-210,-5],[-64,-20],[-52,-29],[-26,-29],[-87,-12],[-29,5],[-108,79],[-46,-8],[-75,-31],[-37,-33],[-52,4],[-26,-22],[-47,-86],[-23,-25],[-54,-27],[-86,-4],[-121,-33],[-107,-73],[-123,-14],[-55,-13],[-128,-84],[-82,4],[-118,-29],[-60,-39],[11,-89],[-6,-40],[-23,-15],[-129,-49],[-31,-36],[-8,-63],[-30,-99],[2,-32],[30,-95],[-7,-56],[-42,-84],[-6,-73],[47,-108],[16,-23],[80,-53],[13,-23],[27,-200],[-36,-37],[-119,-32],[-71,-47],[-60,-20],[-14,-18],[-2,-79],[-62,-54],[-51,-82],[15,-81],[-18,-40],[-104,-46],[-19,-17],[-16,-59],[8,-182],[12,-36],[34,-47],[-32,-22],[-35,4],[-102,48],[-135,-13],[-45,4],[-72,41],[-62,10],[-42,-20],[-59,5],[-141,67],[-48,-4],[-81,24],[-122,101],[-96,33],[-60,-10],[-55,-123],[-16,-80],[-89,-27],[-101,26],[-61,0],[-83,45],[-86,22],[-46,50],[-36,5],[-20,-30],[-12,-105],[-27,-89],[-12,-104],[-30,-62],[-122,-124],[-49,-8],[-109,28],[-95,12],[-31,-5],[-75,-40],[-76,-60],[-68,-86],[-64,-70],[-125,-67],[-31,-24],[-37,10],[-60,112],[-52,70],[-31,71],[-50,65],[-28,51],[-181,18],[-61,-88],[-55,-53],[-90,-35],[-62,-6],[-87,8],[-119,-61],[-175,-57],[-146,70],[-72,40],[-33,-18],[-61,-2],[-130,23],[-132,47],[-103,-36],[-61,-41],[-29,-34],[-52,-25],[-93,-28],[-62,-31],[-4,-45],[24,-117],[-31,-31],[-34,-10],[-54,-59],[-43,-29],[-41,-74],[-62,-68],[-45,-61],[-204,-107],[-87,-71],[-102,-46],[-36,-39],[-70,-46],[1,-59],[21,-89],[-18,-50],[-40,-42],[-92,-141],[-3,-23],[47,-106],[5,-58],[-15,-85],[47,-131],[65,-109],[2,-38],[-62,-80],[-18,-66],[-60,-74],[-8,-90],[39,-87],[-15,-55],[-45,-48],[-76,-32],[-73,-11],[-55,-28],[-2,-161],[-6,-54],[57,-90],[1,-114],[14,-75],[-1,-60],[24,-100],[-6,-23],[-59,-76],[-12,-31],[21,-194],[38,-98],[-16,-59],[-82,-24],[-36,-22],[-25,-64],[-26,-145],[-27,-47],[77,-163],[-16,-110],[23,-47],[68,-79],[3,-59],[-27,-50],[6,-170],[9,-72],[-12,-41],[12,-47],[-10,-24],[-63,-60],[-5,-40],[54,-50],[53,-77],[39,-103],[1,-82],[-19,-70],[11,-46],[-46,-44],[-85,-8],[-29,-16],[-30,-42],[1,-49],[17,-46],[-8,-33],[20,-75],[-36,-111],[1,-38],[-32,-66],[-84,-74],[-32,-10],[-75,-61],[-67,-13],[-119,65],[-47,49],[-77,43],[-59,-5],[-77,-29],[-50,18],[-22,32],[-50,14],[-45,-34],[-48,17],[-36,-41],[-19,-84],[-61,-4],[-85,-38],[-17,-79],[-103,-172],[-31,-30],[-72,-11]],[[91544,118146],[-42,6],[-55,64],[-5,64],[22,62],[-9,27],[-125,97],[-10,39],[-27,16],[-74,0],[-43,46],[-41,-3],[-75,39],[-66,8],[-53,-26],[-19,-31],[-61,-27],[-48,-5],[-61,20],[-20,45],[-44,18],[-54,60],[-23,53],[-45,51],[-103,33],[-71,-5],[-92,-97],[-49,-5],[-44,-20],[-76,0],[-56,19],[-43,-11],[-34,-42],[-57,-4],[-79,41],[-109,-47],[-46,-40],[-4,-33],[-25,-29],[-57,-3],[-71,-68],[-62,-10],[-18,-29],[-22,-88],[-50,-110],[-46,-36],[-27,-58],[-18,-69],[-26,-7],[-89,35],[-34,-2],[-77,67],[-54,19],[-91,-37],[-28,-2],[-37,36],[-21,56],[-80,57],[-103,11],[-56,36],[-48,77],[-70,8],[-56,40],[-19,73],[-94,-16],[-48,8],[-63,-38]],[[95358,153648],[-194,-120],[-134,-68],[-40,-55],[-11,-51],[-4,-110],[-8,-21],[77,-17],[-79,-34],[-47,-47],[-55,-77],[-153,-164],[-142,-83],[-106,-32],[-30,-22],[-174,-62],[-138,1],[-113,-8],[-118,-33],[-125,29],[-72,-7],[-43,-29],[-68,-66],[-26,-55],[-65,-24],[-101,-89],[-59,-8],[-119,-46],[-66,-39],[-47,-8],[-31,-34],[-77,-25],[-3,-39],[-52,11],[-255,-101],[-24,-40],[-31,2],[-73,-24],[-62,-60],[-46,-27],[-11,-24],[-42,-13],[-58,15],[-35,-19],[-73,5],[-43,-48],[-94,11],[-77,-37],[-113,-23],[-58,-42],[-24,-63],[25,-19],[3,-40],[-22,-11],[-30,31],[-81,42],[-31,8],[-37,-30],[-72,17],[-64,-55],[-10,-44],[-97,46],[9,81],[-86,74],[-124,72],[-179,75],[-45,1],[-70,-16],[-27,9],[-141,-113],[-21,-11],[-21,31],[-45,6],[-93,-17],[-36,-19],[-99,-4],[-15,48],[50,23],[5,33],[-24,52],[-79,80],[21,61],[14,6],[47,-55],[64,-6],[67,39],[36,41],[45,98],[13,6],[14,68],[32,15],[-12,35],[-198,397],[-34,64],[150,116],[-22,130],[76,38],[-47,55],[-44,32],[-31,-25],[-49,19],[-45,44],[-42,25],[-66,6],[-129,-69],[-6,-36],[-65,-8],[-32,-17],[-47,-54],[-1,-18],[-72,-21],[-122,9],[-69,-5],[-27,22],[-4,44],[35,182],[32,117],[-26,59],[47,43],[19,40],[11,87],[-7,85],[52,0],[25,-61],[37,-15],[63,-3],[68,12],[61,33],[56,47],[16,40],[66,100],[47,162],[90,89],[50,101],[38,130],[12,117],[33,22],[118,39],[71,52],[32,63],[18,88],[7,75],[3,152],[14,121],[28,103],[69,101],[40,36],[134,55],[67,44],[50,2],[41,-49],[64,-17],[40,5],[15,20],[64,-29],[-8,-57],[50,-36],[77,-17],[60,5],[1,-15],[71,-73],[30,-14],[-20,-16],[9,-70],[22,-47],[80,9],[190,-124],[38,-1],[-41,27],[-85,94],[-54,95],[19,14],[41,-104],[19,17],[41,142],[27,73],[22,113],[-77,28],[-32,-42],[-2,-38],[-35,-24],[-102,-18],[-41,64],[-30,14],[106,112],[46,34],[40,77],[39,117],[-2,76],[-31,69],[65,-55],[78,-3],[152,66],[8,17],[48,-3],[36,14],[116,9],[82,-21],[5,-52],[43,-45],[94,-50],[131,-16],[95,24],[45,-43],[72,11],[108,54],[52,-34],[34,-5],[66,17],[38,28],[100,93],[24,13],[96,112],[25,-130],[-45,-23],[-5,-44],[78,-208],[58,-103],[16,-15],[98,0],[42,-21],[71,13],[92,30],[19,22],[58,17],[37,57],[-16,56],[34,25],[22,-17],[-5,-41],[13,-38],[-36,-78],[27,-58],[-44,-18],[53,-57],[7,40],[54,-1],[11,-27],[119,1],[62,-6],[67,68],[51,124],[-12,55],[-49,60],[-11,75],[10,35],[55,49],[23,45],[36,35],[11,108],[32,95],[-36,30],[18,17],[50,215],[-13,40],[28,202],[-7,147],[-33,26],[-148,77],[5,57],[15,-27],[47,-2],[-4,-40],[30,-30],[79,-11],[42,34],[2,93],[-46,-12],[0,165],[-12,60],[-24,15],[65,3],[0,21],[-70,-1],[-7,69],[24,0],[30,74],[47,73],[24,58],[74,71],[23,48],[6,-18],[61,61],[-27,178],[-49,112],[-66,12],[-66,-18],[-45,7],[-16,28],[-59,32],[-35,2],[-58,-35],[-54,50],[-62,-10],[-100,39],[-15,65],[-23,53],[-26,26],[6,62],[77,21],[140,-21],[72,-32],[79,0],[29,-16],[50,21],[10,-36],[49,-79],[7,-42],[49,-15],[31,54],[-52,15],[-13,26],[64,-19],[32,25],[41,-30],[59,26],[64,-3],[14,40],[-39,51],[-69,0],[15,95],[-89,26],[8,30],[27,-2],[19,92],[-58,22],[16,126],[84,0],[-3,-18],[56,9],[18,36],[-51,28],[24,31],[-38,4],[-60,-14],[-58,11],[-136,-58],[-57,36],[-54,8],[-35,50],[-121,-15],[-17,50],[40,61],[58,121],[98,135],[43,87],[13,-2],[84,138],[1,67],[-70,129],[23,18],[-23,59],[-34,18],[10,20],[-55,83],[24,14],[-43,53],[-91,93],[-139,94],[-83,42],[-76,20],[-193,-139],[-19,-28],[-60,20],[-113,-71],[-24,4],[-67,-45],[-28,-4],[-81,40],[-51,15],[-60,-45],[-76,-15],[-61,5],[-108,-88],[-102,-117],[-97,-81],[-72,-21],[-195,-47],[-66,-10],[-67,32],[-75,21],[-70,1],[-211,113],[-65,90],[-53,117],[-55,35],[-29,43],[-22,96],[13,19],[-10,55],[-40,85],[43,7],[61,49],[73,78],[67,56],[65,95],[24,51],[38,39],[40,133],[27,64],[64,86],[77,72],[101,-14],[67,-1],[85,25],[68,-11],[35,18],[15,-22],[88,25],[55,-17],[101,33],[90,53],[16,22],[73,-4],[86,-33],[83,-48],[25,-38],[-15,-29],[59,-147],[52,-13],[68,10],[105,36],[34,2],[87,78],[34,66],[5,33],[-21,7],[66,206],[83,280],[-3,31],[-48,234],[-45,174],[-35,114],[32,26],[-3,35],[-77,127],[-76,82],[-113,75],[-60,-50],[-48,46],[16,9],[-12,62],[37,7],[-8,51],[-46,-2],[-1,25],[-50,44],[22,118],[3,105],[-45,35],[74,50],[17,48],[61,83],[36,31],[22,59],[15,6],[44,99],[48,56],[16,40],[67,2],[70,54],[52,20],[56,-8],[147,-54],[147,-16],[80,-30],[66,-41],[67,-30],[71,-19],[41,12],[37,-32],[89,7],[81,-26],[96,18],[74,32],[81,53],[143,63],[93,72],[138,134],[113,141],[56,100],[34,81],[55,42],[47,85],[-1,67],[39,26],[84,16],[58,-12],[30,11],[93,6],[174,66],[71,40],[58,67],[-6,33],[20,47],[-24,30],[16,23],[58,-20],[60,-41],[118,-46],[282,-134],[187,-78],[122,-69],[55,-20],[110,-28],[37,-21],[156,-21],[37,12],[78,-19],[54,-26],[-5,-17],[48,-30],[32,30],[1,-21],[122,-100],[-31,-9],[-21,-28],[41,-31],[42,69],[55,-75],[-25,-25],[57,-50],[34,39],[57,-49],[-55,-66],[76,-74],[85,-67],[34,-58],[22,-92],[30,-60],[39,-53],[103,-62],[111,-100],[27,4],[97,-198],[6,-81],[-32,-58],[-42,-16],[-17,-32],[-20,-98],[-3,-57],[80,-201],[12,-44],[97,-139],[28,-73],[-3,-27],[-43,-71],[2,-72],[24,-53],[49,-57],[42,-71],[36,-42],[17,-66],[-3,-38],[23,-64],[55,-104],[166,-345],[48,-13],[46,-31],[5,-63],[148,50],[47,-99],[152,-210],[-4,-2],[-153,211],[-44,93],[-96,-31],[42,-93],[47,-180],[60,-133],[-38,-20],[-24,6],[-54,-47],[37,-58],[53,32],[13,-8],[147,-284],[42,-24],[-22,-7],[-61,-80],[85,-114],[59,54],[25,-4],[86,112],[228,-173],[-101,-173],[-7,-34],[29,-10],[37,20],[80,-28],[115,-20],[24,7],[24,103],[17,-3],[-23,-99],[85,-12],[26,30],[40,16],[-96,33],[6,17],[149,-50],[126,-7],[78,-19],[32,-18],[139,-16],[21,-35],[-34,-65],[-78,-64],[-49,-50],[-35,-71],[-36,-43],[-49,-87],[-64,-179],[20,-33],[27,-140],[46,-73],[-8,-138],[10,-45],[-15,-12],[6,-101],[-8,-56],[21,-54],[-17,-50],[-16,20],[-30,-5],[21,-36],[-39,-167],[-72,-213],[-60,-164],[67,-88],[-73,84],[-43,-25],[-59,-4],[5,-161],[17,-103],[21,-46],[41,-15],[32,-144],[43,-117],[60,-61],[5,-38],[-21,-65],[25,-35],[-56,33],[-30,-52],[-2,-63],[35,-38],[37,-140],[-26,-129],[-54,-149],[-7,-58],[-30,-32],[-21,-104],[2,-116],[22,-34],[-26,-11],[0,-31],[23,-24],[57,-10],[123,-151],[36,-94],[36,-1],[13,-68],[47,-24],[-12,-29],[88,-46],[1,-72],[65,-89],[21,8],[98,-161],[1,-70],[-27,-17],[-26,-80],[-52,-22],[-17,-59],[-44,-19],[-34,-36],[2,-39],[-63,9],[-74,-32],[-35,-57],[17,-19],[-38,-35],[-40,-4],[-88,-70],[-16,-34],[-61,-47],[-84,-47],[-96,-43],[-38,-35],[-205,68],[-87,20],[-68,-1],[-92,-14],[-68,-72],[-5,-34],[-32,-17],[-33,-49],[-54,-26],[-49,-40],[-64,-86],[-6,-27],[-75,-40],[-32,-31],[-108,8],[-68,-29],[-85,-68],[-13,-32],[-63,-28],[-160,-5],[-155,-79],[-100,-16],[-71,-59],[-39,6],[0,21],[-51,5],[-39,-25],[-49,23],[-32,-2],[-41,-29],[-44,19],[-118,75],[-52,11],[-34,-16],[-30,6],[-141,86],[-183,37],[-23,-32],[-150,90],[-167,33],[-95,-10],[-54,-31],[-64,14],[-27,-24],[-79,5],[-31,-12],[-58,6],[-95,36],[-47,1],[-66,-41],[-26,-5],[-112,26],[-105,-7],[-64,-19],[-77,7],[-62,-21],[-137,7],[-41,-27],[-50,-52],[-80,-15],[-164,29],[-74,-2],[-150,-48],[-79,-8],[-75,-20],[-91,-100]],[[105823,148780],[20,-11],[-2,-54],[-57,-58],[-10,-31],[-21,5],[-22,-94],[-51,-8],[-25,-20],[-37,-78],[-53,29],[-49,-20],[-58,-67],[-66,-7],[-46,-39],[-61,5],[-53,-68],[-36,-88],[-17,-89],[1,-66],[31,-94],[-47,-60],[-60,-20],[-9,33],[-50,22],[-181,-16],[-28,21],[-79,5],[-88,-26],[-70,-36],[-60,-73],[-10,7],[-46,-55],[-53,34],[-39,0],[-84,-37],[-110,-6],[-38,9],[-58,48],[-84,-12],[-58,25],[-86,-40],[-82,-47],[-55,-73],[-53,-125],[-38,-73],[-21,-17],[-38,-119],[-22,-2],[-88,-107],[-9,9],[76,89],[-22,0],[-25,48],[-93,-34],[-64,-95],[57,-13],[-63,-61],[-33,-126],[-38,4],[-14,-68],[-59,-24],[-25,-82],[1,-106],[-12,-38],[2,-55],[-21,-29],[-32,-88],[6,-24],[-30,-43],[-7,-58],[-15,-15],[-15,-70],[20,-25],[-31,-31],[-35,34],[-34,-13],[-66,-70],[-44,-89],[-114,-72],[-62,-72],[-36,-30],[-58,11],[-41,-19],[-30,4],[-27,-30],[-53,-103],[-5,-27],[-36,-13],[-19,-37],[-67,-14],[-26,-27],[-34,-77],[-17,-64],[5,-36],[-77,36],[-56,-50],[-67,-140],[-38,-33],[-56,8],[-72,-60],[-19,17],[-34,-12],[-134,-125],[-43,-31],[-66,-11],[-84,-44],[7,-32],[-102,-54],[-19,-21],[-52,-138],[-5,3],[49,138],[26,20],[88,54],[-17,52],[-71,-25],[-18,-32],[-5,36],[-64,-9],[-23,-61],[-32,-29],[38,-27],[-34,-65],[-12,-43],[-24,8],[-72,-117],[-23,-83],[-1,-93],[-44,-70],[-57,-24],[-42,-1],[-21,-27],[-52,-126],[-47,-20],[-16,-72],[-9,-102],[3,-47],[-50,-39],[-19,-86],[-29,-49],[-27,17],[-74,-39],[-42,-135],[-24,5],[-65,-50],[-22,-48],[0,-38],[-24,-11],[-60,59],[-56,-8],[-84,-47],[-16,41],[-65,8],[-94,-30],[-24,-28],[-51,-29],[-77,-57],[-50,-15],[-74,-47],[-17,-29],[-41,-133],[-33,-180],[-3,-83],[-18,-71],[-29,-37],[-39,-84],[-15,-104],[-21,-29],[-11,-61],[-47,-35],[-41,1],[-68,26],[-46,2],[-109,-16],[16,27],[-18,22],[-84,-7],[-58,-40],[-103,-39],[-36,-63],[-14,-57],[-53,-94],[-39,-42],[-35,-62],[-40,-116],[-20,-94],[11,-84],[-7,-27],[-45,30],[-123,26],[-33,-9],[-61,45],[-22,57],[-64,44],[-30,3],[-22,49],[-64,41],[-67,24],[-108,-20],[-84,-28],[-31,-24],[-9,-38],[-38,31],[-92,-40],[-33,-24],[-18,-111],[-12,-7],[-46,37],[-49,62],[-122,43],[-133,18],[-60,-5],[-51,-37],[-26,9],[-81,0],[-64,22],[3,33],[-32,17],[-66,5],[-57,-54],[-53,21],[-44,31],[-73,-3],[-54,-21],[-104,60],[-31,55],[-48,13],[-15,63],[30,33],[-20,50],[-8,70],[31,39],[42,14],[-1,73],[-42,52],[73,113],[48,23],[11,27],[-19,54],[54,43],[2,26],[56,64],[44,16],[35,-84],[44,-7],[60,11],[45,20],[23,26],[24,74],[-21,70],[5,30],[32,25],[54,-33],[43,23],[70,3],[72,79],[87,207],[25,128],[0,71],[-14,40],[-26,-2],[23,48],[-7,30],[22,53],[29,-7],[71,38],[10,34],[3,97],[-35,127],[-31,11],[-170,178],[-61,-45],[41,-70],[-9,-7],[-43,72],[-53,17],[-6,23],[-73,-40],[27,-51],[-69,-37],[-11,20],[-35,-24],[-36,-49],[-25,17],[-52,2],[-30,50],[-63,-13],[-37,66],[-57,-37],[23,58],[-19,61],[-18,8],[39,27],[-3,21],[57,-13],[30,21],[-1,47],[53,-33],[116,67],[18,-8],[37,66],[30,76],[35,122],[15,73],[-2,73],[19,178],[28,101],[15,98],[-2,54],[-33,-2],[-11,178],[15,16],[-32,102],[-66,66],[6,8],[-56,48],[-32,9],[-59,-46],[-1,-27],[-30,59],[-37,34],[-56,30],[22,41],[-11,39],[-25,19],[0,55],[40,14],[39,53],[73,9],[71,72],[47,35],[36,65],[47,-11],[34,14],[37,39],[102,64],[26,33],[24,134],[61,-11],[61,48],[100,137],[74,122],[34,87],[-65,10],[19,246],[17,0],[1,45],[28,-2],[-15,100],[-41,55],[51,32],[63,118],[56,152],[-38,46],[1,33],[58,37],[39,49],[9,40],[27,-18],[1,-30],[42,-55],[76,-11],[21,-30],[136,7],[112,-77],[65,18],[-26,-21],[19,-42],[62,-78],[160,85],[-210,-116],[26,-65],[-38,1],[10,-54],[32,5],[25,-125],[54,-53],[82,-172],[143,65],[190,91],[65,-28],[53,-67],[15,-74],[-18,-69],[-333,-161],[-81,-47],[22,-44],[34,4],[3,-62],[18,-5],[37,63],[-13,16],[41,32],[34,-10],[325,42],[-13,81],[52,6],[-12,130],[19,-104],[149,16],[12,381],[-229,11],[81,2],[23,74],[-37,10],[27,91],[37,-11],[17,62],[-153,25],[122,-7],[28,28],[-3,51],[17,26],[8,77],[16,26],[-17,119],[-22,80],[-18,1],[-4,89],[-12,37],[-54,87],[-67,40],[-17,27],[-32,95],[-26,22],[-76,10],[-64,49],[-4,90],[-57,94],[-8,38],[14,78],[-12,37],[8,39],[-11,48],[3,100],[-26,-11],[-12,80],[38,-31],[-10,67],[-23,9],[-7,-32],[-11,81],[14,-26],[31,6],[-13,105],[-44,32],[3,17],[-43,112],[-91,108],[-61,14],[-66,30],[-17,18],[-59,-13],[1,-30],[-43,-49],[-40,40],[-86,33],[-62,-11],[-41,-57],[-30,52],[-91,26],[-9,-16],[-76,16],[-35,28],[-28,78],[-47,75],[-42,134],[-30,8],[-63,45],[-36,1],[-27,-32],[-68,8],[-45,54],[-12,89],[-137,194],[-3,88],[15,34],[7,75],[38,65],[23,118],[21,67],[1,115],[23,48],[34,8],[53,77],[27,21],[37,-14],[56,16],[49,60],[18,65],[26,46],[-31,-124],[65,-25],[15,15],[13,68],[25,-11],[107,13],[49,15],[42,79],[26,84],[24,153],[-11,50],[33,64],[-8,89],[19,161],[40,53],[10,106],[38,62],[25,20],[56,-27],[70,-10],[54,15],[44,62],[29,61],[46,17],[44,-14],[212,88],[43,0],[58,36],[78,-53],[57,-10],[28,-29],[53,-6],[54,30],[23,-54],[21,-17],[65,-8],[32,8],[2,44],[-21,4],[346,13],[24,-88],[60,-15],[3,13],[97,-10],[2,-12],[103,-37],[51,-7],[72,4],[113,-25],[84,-6],[98,41],[26,-17],[25,-54],[11,5],[68,-63],[-14,-19],[88,-39],[52,-7],[86,22],[53,-8],[60,24],[45,-5],[194,70],[30,-25],[-24,-80],[34,-13],[59,-3],[84,21],[3,35],[25,-1],[-6,-82],[52,4],[33,23],[110,-15],[81,5],[92,-26],[150,38],[51,5],[33,25],[22,-11],[83,-6],[40,-49],[10,-42],[45,-52],[70,-12],[28,7],[39,-29],[27,-51],[71,-65],[34,-19],[-2,-22],[53,-30],[31,14],[26,-11],[-2,-29],[142,-150],[19,-59],[62,-42],[8,-123],[62,-81],[-7,-70],[31,-146],[-15,-43],[6,-37],[28,-42],[1,-40],[-35,-38],[-12,-58],[-42,-100],[-4,-161],[19,-136],[63,-107],[38,-28],[63,-169],[22,-105],[57,-100],[134,-129],[165,-134],[52,38],[61,29],[-106,-68],[142,-101],[78,30],[0,21],[235,-54],[-3,53],[122,9],[-24,236],[-321,-33],[-1,7],[373,38],[25,-238],[16,4],[14,58],[12,-4],[-21,-59],[39,-16],[68,8],[83,33],[70,69],[40,90],[-39,12],[13,46],[27,-2],[7,48],[49,34],[11,35],[-12,34],[44,18],[83,-4],[183,3],[131,21],[28,19],[55,10],[75,31],[49,50],[7,38],[22,13],[13,-28],[102,-48],[92,-25],[40,38],[88,-48],[132,-19],[35,55],[65,-4],[39,-18],[123,15],[108,42],[30,46],[59,24],[36,96],[-16,20],[49,73],[37,41],[3,33],[43,51],[-5,48],[41,-8],[42,11],[33,34],[56,-37],[49,-15],[53,30],[36,2],[-43,-48],[-91,6],[-8,-45],[-24,-44],[-27,-5],[-42,-56],[-10,-36],[11,-137],[17,-17],[-28,-39],[4,-20],[-46,-12],[-29,-44],[4,-146],[-22,-60],[4,-84],[12,-35],[42,-226],[-46,-12],[-91,40],[-43,-5],[-40,-33],[-40,-62],[-15,-102],[-3,-169],[5,-11]],[[107466,153571],[-39,-221],[88,-15],[110,108],[57,145],[5,-2],[-58,-146],[-112,-110],[-104,18],[-17,38],[22,126],[-122,7],[-4,-18],[-190,-52],[-43,13],[-82,-53],[-44,-178],[10,-16],[-98,34],[11,35],[-6,80],[-41,12],[-50,-20],[-49,-120],[33,-108],[44,-4],[6,51],[36,0],[44,-21],[-18,-15],[-3,-56],[30,-60],[31,-16],[47,32],[68,-4],[-6,-46],[83,-5],[45,298],[4,-3],[-42,-274],[35,-1],[152,40],[4,-12],[-78,-22],[68,-260],[-63,-27],[23,-54],[21,-10],[69,13],[40,-42],[72,4],[87,-52],[41,7],[-8,-41],[-39,-46],[11,-25],[-8,-79],[27,-26],[14,-61],[-14,-28],[6,-70],[49,-58],[-3,-31],[-24,13],[-35,-12],[-46,9],[-51,-31],[-26,-44],[-34,-7],[-49,-75],[-58,11],[-32,-13],[-68,52],[-70,-26],[-99,35],[-31,-11],[-38,72],[-111,20],[-86,-5],[-116,-24],[-139,-49],[-53,-3],[-47,-24],[-164,-198],[-107,-167],[-96,-38],[-44,5],[-38,74],[-17,4],[-43,89],[-43,23],[-27,84],[-114,64],[-51,1],[-27,48],[-81,32],[-32,26],[51,30],[12,26],[-6,63],[28,55],[-51,58],[-78,-3],[-42,18],[17,56],[26,-14],[72,11],[26,30],[-23,95],[-87,101],[-57,2],[-34,26],[-81,22],[-71,-4],[-37,-37],[2,-54],[-48,-40],[-53,10],[-29,30],[-18,49],[16,87],[30,14],[44,-15],[28,47],[-25,22],[19,25],[-75,57],[-2,15],[107,137],[-57,38],[-93,91],[-116,67],[-92,23],[-125,-4],[-6,-108],[-126,-109],[-4,4],[126,107],[-5,100],[-71,-10],[-37,-22],[22,-20],[-84,-69],[-23,28],[-16,-41],[-107,-86],[-53,-54],[-35,-19],[-83,-69],[-41,-54],[-37,-77],[-19,8],[-12,-38],[53,-39],[15,-27],[31,24],[-57,-65],[-55,39],[-150,-160],[-34,3],[-21,-24],[-10,-67],[-60,-25],[-30,-34],[-36,-65],[2,-30],[-23,7],[-117,-83],[-32,-30],[-5,-50],[-41,-17],[-23,-42],[-42,-24],[-15,-27],[2,-79],[-21,-22],[-72,37],[-46,-12],[-21,-36],[-72,85],[-43,13],[-16,-18],[-30,15],[-73,85],[-16,49],[-82,71],[-39,11],[-16,39],[11,41],[-7,64],[-22,88],[-19,9],[-54,112],[12,40],[-114,15],[26,7],[15,43],[-12,89],[-40,56],[-35,-14],[-5,-29],[-19,68],[24,-19],[31,3],[12,42],[-26,113],[-34,40],[-60,11],[-107,339],[66,52],[-110,178],[-68,-50],[-20,-105],[-7,0],[23,103],[-22,36],[-19,-5],[-41,32],[10,13],[-68,62],[-58,13],[18,76],[-76,19],[7,29],[-27,2],[-59,-49],[-30,11],[-39,-68],[36,-51],[-66,51],[-130,63],[-45,4],[-56,-34],[3,-23],[-39,-50],[-123,42],[-50,-8],[-41,-27],[-22,-49],[-61,-54],[-36,-5],[-51,-56],[-90,-22],[-35,17],[-38,54],[6,35],[-42,81],[-51,36],[-18,-21],[-96,45],[-54,-3],[-57,13],[-22,27],[16,54],[-29,88],[-39,64],[-46,117],[-30,39],[-35,16],[43,29],[19,40],[58,67],[90,83],[22,-1],[31,43],[9,37],[36,25],[20,53],[32,20],[7,-19],[43,-6],[48,34],[45,-6],[86,67],[65,-33],[38,-50],[89,33],[27,-3],[91,24],[108,55],[-13,57],[33,-33],[132,30],[12,89],[-10,7],[23,148],[62,-58],[-3,26],[30,24],[4,90],[-9,59],[-20,12],[-33,66],[25,17],[-138,-11],[-26,11],[9,35],[-39,59],[-85,41],[-32,-19],[-49,13],[-45,-2],[-31,40],[8,22],[-23,81],[-27,20],[-50,-4],[-22,45],[-36,28],[16,42],[-11,83],[-46,81],[-44,8],[-47,82],[-33,99],[1,61],[21,59],[29,18],[81,135],[16,74],[24,38],[1,66],[35,32],[6,31],[40,91],[40,40],[71,46],[53,52],[27,77],[63,30],[-2,56],[39,-8],[91,13],[17,16],[142,14],[82,66],[35,-26],[59,-3],[61,57],[76,45],[13,-25],[-49,-103],[5,-35],[-20,-27],[81,-117],[74,-78],[60,-44],[55,-15],[-7,-63],[-17,-9],[12,-37],[38,-43],[-25,-32],[43,-49],[33,33],[94,-28],[11,6],[26,85],[14,-8],[-16,-70],[63,-41],[126,-38],[2,-52],[25,56],[66,-16],[-15,-70],[30,43],[35,-2],[12,-54],[7,49],[64,5],[23,-45],[-5,52],[269,55],[136,57],[46,31],[-9,35],[60,35],[31,-43],[81,28],[73,-1],[120,154],[-3,34],[-57,20],[25,57],[-7,47],[-42,16],[10,23],[58,-12],[43,29],[60,10],[96,46],[55,41],[29,-10],[56,44],[91,86],[17,3],[79,80],[36,54],[2,28],[63,-34],[73,-10],[47,19],[38,92],[24,2],[11,-45],[53,-14],[1,-28],[41,-8],[1,-20],[-48,-15],[-31,-55],[20,-3],[124,-80],[-18,-26],[39,-11],[-16,-18],[30,-50],[348,-25],[79,13],[76,63],[46,60],[15,46],[-22,36],[-11,49],[-48,2],[43,66],[2,-31],[53,-6],[37,25],[72,92],[25,13],[63,132],[0,59],[-25,38],[56,25],[12,-23],[64,17],[7,22],[58,57],[1,-34],[-43,-36],[22,-62],[35,-43],[35,20],[34,-16],[-18,-23],[2,-55],[29,-33],[-11,-66],[-46,-27],[-10,-27],[14,-79],[57,-97],[47,-49],[86,-30],[36,-71],[-22,-57],[31,-56],[59,-42],[15,-91],[-100,51],[-54,5],[-26,22],[-46,-33],[-38,-65],[28,-33],[-9,-36],[26,-25],[-37,-38],[-93,-18],[-16,11],[-30,-36],[26,-59],[-39,56],[-44,-8],[-14,-25],[3,-73],[-11,-16],[22,-100],[52,-34],[43,-57],[29,7],[43,-96],[21,-19],[58,-14],[32,-52],[28,-14],[17,-44],[-57,-41],[-17,-35],[-85,-39],[-15,-34],[7,-105],[-15,-16],[-1,-48],[30,-43],[-19,-11],[40,-124],[-3,-54],[-35,-29],[-71,-37],[-29,-82],[88,-46],[72,145],[31,-15],[320,-339],[94,-94],[220,-67],[18,79],[24,-4],[71,28],[104,4],[16,-233],[-10,-23],[112,-50],[31,12],[188,26],[5,26],[57,35],[54,74],[8,41],[39,81],[12,44],[44,-6],[6,-29],[46,-40],[12,-47],[-42,-39],[1,-17],[113,-127],[100,11],[13,47],[71,51],[-21,50],[37,0],[28,-42],[13,-92],[168,-88],[101,-17],[103,4],[23,11],[20,-22],[-16,-35],[42,-37],[56,-14],[43,-28],[87,17],[83,42],[21,20],[0,40],[22,29],[6,74],[58,43],[47,54],[18,46],[-17,36],[24,54],[69,48],[102,112],[52,92],[-12,49],[46,57],[44,-8],[43,-57],[-8,-23],[-61,-66],[-15,-92],[-16,-35],[25,-69],[-39,-20],[-50,-62],[-83,-139],[-50,-117],[-13,-56],[9,-92],[13,-47],[70,-34],[64,18],[14,-30],[-29,-27],[7,-41],[-32,-26],[1,-86],[-21,-30],[5,-33],[-19,-61],[-88,-68],[-47,-4],[-15,25],[-34,-15],[30,49],[4,49],[20,40],[-10,21],[-86,54],[-92,14],[-29,-13],[-30,-48],[-32,4],[-6,42],[-46,64],[-50,18],[-144,-24],[-103,-56],[-163,-167],[-29,-18],[-62,9],[-67,-30],[-64,-81],[-34,19],[-47,-25],[-46,-103],[-19,-105]],[[83341,152074],[51,-71],[37,-26],[52,-2],[37,-17],[54,-62],[28,-5],[82,-62],[92,-25],[65,-64],[134,-88],[49,-23],[87,-13],[62,18],[171,90],[70,44],[111,19],[68,20],[100,1],[127,-6],[52,-19],[57,-37],[90,-81],[112,-71],[35,-32],[31,-103],[-32,-42],[-42,-22],[-15,-35],[-7,-67],[31,-8],[-4,-22],[-56,-45],[-48,-112],[46,-49],[65,-12],[41,-45],[11,-59],[-17,-74],[-59,-59],[-8,21],[-54,0],[-38,-30],[-69,-15],[-11,18],[-77,-16],[-1,-25],[-34,36],[24,49],[-5,21],[-55,32],[-60,5],[-4,-26],[-152,6],[-22,-7],[-5,-90],[159,-22],[-9,-5],[-156,24],[-4,-35],[-32,28],[-42,1],[-14,18],[-48,-15],[-43,43],[-53,-42],[60,78],[-40,40],[-67,0],[-80,-66],[16,-19],[-35,-32],[-19,21],[-47,-55],[-15,-70],[57,-74],[61,49],[137,15],[-7,-9],[-107,-12],[-71,-52],[8,-80],[-27,-63],[-40,-4],[-27,-29],[-59,-35],[-86,-136],[82,-21],[13,47],[-23,-142],[-14,-48],[-38,6],[-7,-117],[24,-26],[25,-65],[-19,-57],[23,-80],[-13,-25],[-38,-15],[-71,14],[-32,23],[-20,58],[19,65],[-8,61],[-52,-20],[25,27],[-42,58],[-124,62],[-76,-5],[-27,57],[-30,15],[-44,48],[-68,32],[-9,93],[-30,35],[-56,29],[12,85],[-34,48],[-46,31],[-30,63],[-33,32],[-98,64],[-63,59],[-44,23],[-56,64],[12,48],[-52,178],[-56,70],[-41,7],[-98,50],[-17,31],[-167,171],[-72,37],[-83,72],[-62,41],[-108,144],[-15,6],[-80,88],[-25,58],[-9,53],[20,53],[-13,17],[49,3],[53,53],[77,20],[141,-29],[61,-35],[109,-33],[104,-9],[208,32],[93,44],[62,64],[117,194],[16,80],[39,24],[98,-165],[94,-120]],[[87713,151327],[8,-15],[110,-51],[25,-19],[36,8],[24,35],[-15,10],[43,85],[-1,62],[-28,13],[-78,-14],[9,15],[-17,189],[-59,20],[-45,93],[-14,1],[-13,91],[-36,42],[-46,25],[-47,-26],[-21,29],[25,33],[-8,42],[55,23],[25,88],[-4,44],[-52,80],[11,30],[-15,161],[10,93],[31,43],[22,67],[44,72],[62,83],[179,101],[108,27],[74,-29],[42,-74],[34,-38],[62,-135],[88,-134],[49,-126],[52,-94],[52,-78],[36,-74],[16,-85],[64,-137],[13,-42],[13,-148],[37,-131],[-5,-116],[34,-86],[106,-118],[50,-45],[50,-81],[59,-64],[63,-99],[22,-55],[8,-94],[-46,-53],[3,-29],[-37,-11],[1,-40],[-105,-45],[-36,-22],[-37,11],[-69,-10],[-12,30],[-45,-14],[-25,13],[-61,-1],[20,36],[-22,18],[-53,-1],[-47,15],[1,-38],[-53,-2],[-70,129],[-85,44],[-63,-28],[-71,19],[-60,-48],[-36,17],[-37,-18],[-26,26],[-36,-9],[-7,-23],[-31,0],[-73,35],[-3,33],[-34,-1],[3,32],[-22,25],[-37,2],[13,27],[-27,30],[-37,2],[-33,31],[-42,-12],[8,25],[-31,52],[-22,-13],[-22,23],[11,26],[-52,15],[-16,66],[-22,44],[-10,85],[-19,32],[8,65],[47,-2],[79,-33],[-2,-39],[77,-29],[56,16]],[[95410,147706],[60,-32],[33,-30],[74,-14],[5,-57],[33,-63],[-39,7],[87,-99],[20,-40],[70,-58],[75,-23],[184,-2],[134,21],[85,32],[14,26],[35,-52],[-4,-30],[49,-55],[81,-23],[27,7],[27,-29],[3,-49],[-31,-50],[-18,-4],[-32,-65],[-1,-58],[30,-127],[-24,-15],[-42,-68],[-33,-121],[-76,-31],[-60,-36],[-32,-39],[-66,-7],[-50,-22],[-56,22],[-16,32],[-36,17],[-79,-31],[-23,10],[-6,45],[-73,84],[-49,29],[-34,-11],[-78,33],[-45,-8],[-41,-51],[-39,-20],[-48,47],[-44,16],[-39,-20],[-46,11],[-111,64],[-32,32],[-71,46],[-38,7],[-91,-18],[-40,11],[-77,-19],[-44,-29],[-55,-5],[-14,23],[-44,22],[-33,-34],[-31,20],[-23,51],[-39,17],[-14,57],[-39,45],[-45,9],[19,47],[-16,18],[40,30],[12,69],[-10,21],[20,41],[-32,58],[-2,36],[-41,56],[21,19],[26,-24],[49,46],[64,98],[2,24],[66,50],[61,-7],[44,39],[44,-16],[8,21],[36,-4],[42,-34],[65,31],[51,91],[-15,58],[55,44],[46,13],[43,69],[119,-67],[79,-89],[79,-36]],[[103438,150728],[-23,84],[29,87],[-15,45],[-61,10],[11,56],[33,25],[0,36],[-40,28],[7,33],[75,38],[28,71],[-4,35],[24,7],[16,40],[51,52],[37,22],[14,44],[-16,50],[55,-19],[121,139],[6,43],[31,13],[-8,64],[-38,8],[6,41],[43,28],[38,-17],[26,26],[19,58],[-40,41],[1,31],[72,97],[1,26],[28,-74],[26,-34],[-31,-75],[11,-37],[51,-17],[48,-37],[26,-42],[44,-28],[74,11],[8,-13],[105,43],[44,36],[85,11],[33,-35],[-6,-26],[31,-30],[-5,-71],[12,-30],[-16,-23],[-55,-205],[5,-24],[-24,-125],[-63,-37],[-34,-70],[-61,-59],[-32,-7],[-25,18],[-55,-50],[-15,-32],[-36,-19],[-33,9],[-47,-91],[-20,-84],[7,-28],[-11,-85],[-28,-19],[-88,20],[-32,24],[-38,-10],[-82,-88],[-28,-65],[-62,-55],[-47,19],[15,16],[-26,21],[-74,5],[-27,-27],[-22,40],[21,22],[14,47],[-18,51],[-31,-8],[-15,25]],[[112904,141930],[-134,-61],[-20,2],[-82,-25],[-58,45],[-25,59],[10,70],[39,53],[46,4],[51,51],[15,82],[-7,107],[24,43],[45,36],[83,37],[32,5],[109,-22],[72,-8],[37,10],[106,-8],[55,-29],[33,-39],[19,-61],[-16,-49],[-50,-99],[-1,-44],[29,-43],[70,-50],[119,-15],[39,11],[30,29],[-7,45],[26,40],[-32,41],[20,15],[34,-51],[32,27],[33,-22],[45,32],[36,-43],[8,-43],[129,-55],[19,-64],[-8,-80],[-13,-32],[-51,-45],[-9,-27],[-48,6],[-134,-39],[-47,1],[-25,-27],[-24,-87],[-5,-63],[20,-36],[47,-42],[-9,-31],[-42,-30],[-16,-39],[-91,32],[-20,20],[-67,14],[-25,-13],[-154,15],[-9,-12],[-47,25],[-69,8],[-16,-10],[-60,55],[13,12],[-20,38],[-44,9],[-35,99],[-6,57],[112,101],[53,68],[58,56],[-62,75],[-8,-38],[-21,-10],[17,-61],[-41,-18],[-37,63],[-70,-27]],[[85749,151564],[-13,25],[-2,65],[18,48],[46,48],[32,76],[40,58],[27,16],[65,7],[63,-15],[37,16],[59,61],[101,33],[152,-43],[32,-15],[48,-59],[30,-54],[45,-13],[-1,-29],[-32,-68],[-38,-51],[-48,-38],[-59,-85],[44,-143],[39,-18],[-102,-72],[-54,-58],[-139,-108],[-85,-53],[-95,-27],[-46,6],[-118,-13],[-46,-47],[-68,-27],[-86,-9],[-120,82],[-27,-1],[-5,43],[-80,86],[-29,75],[22,69],[-3,98],[45,55],[39,24],[89,80],[54,64],[-13,-31],[19,-50],[18,-8],[-2,-40],[104,-24],[37,38],[6,26]],[[90462,157483],[-89,45],[-81,-3],[-104,-44],[-51,28],[-95,14],[-9,38],[-49,27],[-45,63],[-6,34],[22,36],[70,11],[19,39],[66,17],[54,-10],[36,22],[28,-16],[49,8],[21,19],[60,-24],[54,34],[59,62],[-1,65],[-45,22],[21,32],[10,53],[57,-11],[47,-23],[52,72],[5,66],[-10,78],[-13,25],[-56,10],[-14,21],[-38,0],[0,51],[-28,21],[15,39],[62,30],[14,-27],[47,-32],[16,-84],[63,-52],[99,-17],[16,27],[25,-1],[45,-41],[27,12],[46,-16],[64,36],[26,-38],[42,-26],[50,17],[16,-22],[-26,-80],[31,-59],[25,-15],[-28,-45],[25,-53],[54,-54],[43,-11],[42,-29],[-27,-58],[21,-84],[-42,-17],[-68,23],[-40,-4],[-46,-31],[6,-57],[-95,45],[-24,-5],[-74,43],[-18,-9],[-55,31],[-54,13],[-68,1],[-53,-33],[11,-57],[-61,-7],[-11,-33],[-116,-62],[-21,-40]],[[112973,142902],[-42,-11],[-60,20],[-41,49],[43,20],[16,30],[-6,77],[25,96],[3,67],[16,59],[61,43],[42,50],[2,28],[70,74],[4,47],[60,88],[91,27],[95,48],[14,37],[67,-12],[72,16],[21,-12],[35,24],[106,-10],[23,17],[129,-39],[40,33],[95,-15],[-121,-75],[30,-75],[-57,-21],[-41,-1],[-33,-29],[-63,-8],[-52,15],[-57,-54],[-56,-81],[-75,-26],[-37,-38],[-3,-82],[47,-61],[-18,-23],[11,-42],[61,-53],[31,-54],[29,-15],[-13,-50],[-40,-21],[-58,-10],[-57,-47],[-15,14],[-55,-21],[-64,9],[-44,39],[-21,-7],[-52,26],[-49,-18],[-28,-28],[-55,-25],[-26,11]],[[93034,143982],[-18,83],[44,45],[23,68],[-64,63],[54,19],[16,-44],[51,10],[86,34],[56,37],[35,37],[32,7],[21,32],[165,24],[71,49],[39,-35],[77,2],[28,-15],[31,8],[75,-53],[-16,-110],[-37,-70],[4,-115],[-12,-45],[-92,-102],[-33,-15],[-29,-39],[-51,-20],[-39,-47],[-11,-41],[-88,-27],[-52,18],[-44,-10],[-18,-33],[-104,18],[-61,-26],[9,47],[-85,37],[-56,-12],[-83,-55],[-49,-72],[-25,-18],[-49,7],[69,105],[121,223],[9,31]],[[94394,143024],[-19,41],[41,9],[79,36],[3,41],[-39,63],[-81,-13],[-36,41],[101,25],[45,37],[24,-4],[66,66],[36,68],[-7,26],[39,139],[-3,33],[52,24],[20,31],[32,-53],[26,-17],[58,3],[-14,-48],[58,-91],[44,-2],[14,-27],[-4,-54],[58,-21],[-24,-49],[34,-59],[-16,-26],[38,-61],[34,-21],[-46,-29],[-53,-4],[-20,-27],[-23,-69],[28,-43],[-28,-127],[17,-73],[-20,-109],[37,-38],[16,-42],[-44,-56],[-49,25],[-46,-15],[-39,-30],[-94,35],[-80,-29],[-28,-33],[11,-27],[-57,6],[-7,53],[58,31],[10,30],[-2,94],[-16,47],[-58,72],[-67,45],[55,9],[-3,145],[-92,8],[-19,14]],[[104250,131946],[-56,84],[-64,21],[-14,18],[45,29],[108,-25],[30,12],[13,40],[103,-9],[37,18],[65,59],[112,14],[55,47],[37,-4],[49,25],[41,85],[47,34],[14,43],[31,-22],[31,-50],[26,-16],[-16,-54],[21,-37],[80,-90],[30,-21],[-11,-36],[-47,16],[-62,-10],[-73,-25],[-64,-59],[-36,-60],[-45,-109],[-24,-93],[-20,-44],[-21,2],[-67,-66],[-53,38],[-48,16],[-79,92],[-23,3],[-64,83],[-42,2],[-46,49]],[[88847,152570],[-36,30],[-32,83],[-52,43],[-23,45],[75,37],[13,55],[66,39],[87,23],[85,-2],[84,43],[45,76],[-11,66],[16,59],[50,18],[21,33],[11,88],[31,9],[56,-29],[20,-43],[62,-80],[31,-102],[-15,-84],[18,-50],[-8,-47],[-41,-53],[-11,-73],[-54,-52],[-102,-4],[-45,12],[-84,-21],[-25,-43],[3,-40],[-29,-41],[-67,-26],[-107,8],[-32,23]],[[104750,136170],[-46,11],[-15,39],[7,107],[-55,97],[38,82],[1,43],[30,20],[76,-31],[10,-42],[62,-53],[65,-19],[82,-13],[68,1],[71,-41],[20,-55],[108,-62],[66,-6],[62,10],[63,49],[13,46],[-27,49],[23,14],[56,-24],[25,-108],[64,-58],[-29,-50],[-40,-8],[-13,-69],[23,-17],[-3,-81],[-73,-9],[-13,44],[-46,61],[-32,1],[-21,27],[-62,-10],[-40,-28],[-1,-24],[-45,-37],[-43,51],[-40,15],[-50,-12],[-45,44],[-79,14],[-85,-35],[-61,47],[-69,20]],[[110698,143924],[50,-2],[48,-56],[55,-8],[31,-33],[8,-61],[42,-51],[9,-71],[-12,-32],[7,-46],[-44,-48],[-56,-33],[-40,-132],[-48,-37],[-9,-41],[22,-66],[0,-50],[-33,-18],[-78,71],[-31,39],[-30,62],[-25,18],[-57,109],[-46,74],[-30,25],[-17,89],[-27,62],[4,46],[58,61],[36,57],[68,-36],[58,-4],[42,28],[51,74],[-6,10]],[[89758,151582],[36,54],[63,-33],[58,21],[50,-5],[47,9],[29,-18],[-33,-65],[-38,-40],[-111,-12],[-54,-25],[-24,-38],[10,-43],[-10,-29],[10,-40],[-30,-41],[-70,-36],[-45,46],[-49,19],[-68,-2],[-20,-28],[-55,-23],[-33,-45],[-31,33],[-70,15],[-39,-16],[-32,-41],[-33,6],[-19,69],[33,124],[58,58],[17,57],[35,-30],[47,-8],[82,4],[40,-35],[26,3],[53,45],[12,45],[-13,30],[76,19],[22,-46],[54,4],[19,38]],[[96180,146420],[0,33],[52,19],[48,-46],[40,-55],[118,-72],[97,-88],[-41,-13],[-24,-26],[-10,-88],[-18,-51],[-39,-19],[-17,-40],[27,-36],[-89,9],[-18,48],[-26,3],[-9,97],[-14,37],[-56,45],[11,89],[-12,81],[-20,73]],[[102604,151962],[-77,56],[-67,77],[-20,65],[-27,18],[-44,-7],[6,25],[57,46],[51,-20],[25,-65],[59,2],[47,32],[45,75],[16,7],[58,-51],[0,-28],[51,-42],[-1,-56],[62,-32],[12,-39],[-14,-118],[6,-35],[-46,33],[-96,93],[-27,6],[-76,-42]],[[96170,143673],[41,-2],[113,20],[179,-84],[13,-65],[-19,-46],[-40,-23],[-76,12],[-19,-43],[-32,-16],[-17,14],[-60,-6],[-6,39],[24,42],[-34,58],[-7,38],[-66,-8],[-28,-55],[-24,-1],[-1,68],[-49,13],[-54,87],[10,61],[33,3],[14,-29],[46,-6],[10,-46],[28,3],[21,-28]],[[105849,136526],[-10,29],[35,99],[32,46],[26,0],[77,-28],[96,-87],[42,-9],[14,24],[32,-27],[-8,-25],[43,-48],[46,-3],[21,-31],[-27,-23],[21,-61],[-24,-8],[-7,42],[-52,51],[-85,17],[-104,-15],[-22,15],[-95,-20],[-51,62]],[[90849,158428],[-54,-26],[-34,51],[-1,35],[-53,58],[-1,33],[-36,45],[-19,92],[-3,57],[52,38],[39,-49],[89,-7],[49,28],[27,-42],[6,-40],[42,-30],[-38,-43],[-56,-11],[-39,-79],[9,-77],[21,-33]],[[105237,132071],[27,36],[18,-4],[53,44],[22,35],[39,1],[72,26],[72,-5],[32,-54],[-9,-52],[-25,-66],[-3,-40],[-37,-23],[-51,24],[-65,-36],[-75,17],[-46,40],[-38,7],[14,50]],[[95785,142979],[-37,-31],[-115,46],[-8,37],[-35,18],[-27,42],[-39,19],[16,62],[108,11],[64,-54],[40,13],[86,-70],[75,23],[13,-34],[-76,-59],[-65,-23]],[[92383,143044],[-24,147],[13,13],[3,88],[40,43],[11,-26],[93,-105],[58,-15],[10,-38],[-28,-9],[10,-37],[-86,-44],[24,-49],[-50,-45],[-56,38],[-18,39]],[[112279,142002],[50,-28],[46,-98],[-26,-77],[-27,-20],[-98,11],[-11,39],[-63,30],[-28,37],[-21,58],[18,35],[55,28],[17,33],[50,-8],[38,-40]],[[92963,163839],[-67,0],[-52,-166],[-17,-15],[-57,48],[-8,38],[40,40],[13,55],[60,56],[33,-2],[13,27],[6,69],[86,15],[38,-41],[-9,-80],[-21,-41],[-58,-3]],[[83869,137855],[4,31],[113,54],[49,9],[29,-30],[51,0],[-34,-29],[-13,-43],[-41,-39],[-37,-15],[-54,-89],[-55,33],[-34,62],[22,56]],[[91773,161669],[13,6],[9,71],[31,-39],[40,0],[33,19],[39,-25],[12,-51],[-10,-21],[-87,-60],[-44,3],[-37,-30],[-29,28],[-21,-11],[-31,18],[11,57],[36,28],[35,7]],[[105866,147653],[-41,49],[-45,117],[41,42],[7,26],[-21,50],[21,76],[34,20],[28,-23],[41,9],[22,-24],[-36,-18],[41,-77],[-91,-9],[-30,-61],[9,-58],[35,-33],[3,-49],[-18,-37]],[[103551,146560],[36,-1],[28,31],[100,6],[53,-58],[-49,-55],[-34,2],[-71,-51],[-28,-10],[-52,70],[-7,50],[24,16]],[[89267,154935],[72,3],[72,-25],[103,-25],[-55,-58],[-79,-18],[-59,29],[-88,15],[-14,43],[48,36]],[[93580,162020],[-40,-37],[-20,49],[-42,-2],[-45,50],[10,43],[-12,56],[31,84],[28,-36],[45,-25],[-14,-49],[17,-19],[-5,-55],[47,-59]],[[103283,150726],[46,20],[6,-24],[-46,-19],[-54,-92],[-11,-68],[-28,44],[-6,39],[-64,35],[16,89],[26,3],[13,-31],[59,16],[43,-12]],[[100223,162559],[88,-1],[2,-138],[-41,-18],[-51,5],[-28,27],[8,69],[22,56]],[[107072,149010],[32,-22],[-20,-21],[-24,-61],[-74,-20],[-32,15],[-62,1],[7,26],[69,47],[42,7],[62,28]],[[96058,143940],[-20,-94],[-20,-15],[-33,20],[-27,58],[-38,3],[13,36],[36,-4],[38,45],[24,54],[27,-103]],[[89132,146230],[-47,-34],[-26,-55],[3,-22],[-33,-47],[-47,-3],[50,80],[18,62],[53,10],[11,30],[-21,59],[-28,13],[-8,33],[32,15],[35,-33],[10,-35],[-2,-73]],[[87648,137508],[-391,89],[5,20],[389,-89],[-3,-20]],[[100811,157824],[66,61],[34,-2],[-33,-61],[-40,-16],[-29,-63],[-59,29],[7,22],[54,30]],[[87258,138737],[50,44],[22,-83],[-48,-44],[-28,41],[4,42]],[[90317,151553],[43,4],[50,-42],[-15,-25],[-38,1],[-48,27],[-2,-29],[-36,19],[46,45]],[[106529,150275],[46,-14],[-52,-32],[-112,-9],[28,42],[51,17],[39,-4]],[[97638,147292],[-56,-9],[-49,45],[125,13],[29,-35],[-49,-14]],[[95581,138058],[-29,35],[-180,243],[-63,115],[10,6],[60,-116],[180,-241],[22,-42]],[[96412,143812],[36,1],[-15,-50],[6,-34],[-28,-12],[-15,72],[16,23]],[[89356,144787],[13,55],[26,-5],[-29,-128],[-26,6],[16,72]],[[89337,144578],[-25,6],[29,126],[25,-5],[-29,-127]],[[89283,144448],[29,130],[24,-5],[-29,-130],[-24,5]],[[89369,144845],[22,127],[26,-4],[-22,-127],[-26,4]],[[87288,138643],[-23,-34],[-61,-23],[-2,55],[56,-8],[30,10]],[[89250,144329],[32,115],[24,-7],[-31,-115],[-25,7]],[[103212,150447],[-26,-39],[-20,-2],[5,72],[32,20],[9,-51]],[[88246,141597],[22,-59],[95,-355],[-4,-4],[-113,418]],[[95096,138929],[-48,-53],[65,98],[-18,46],[17,7],[19,-56],[-35,-42]],[[107901,153034],[-54,-133],[-6,3],[159,386],[6,-2],[-105,-254]],[[81091,135168],[-36,8],[0,36],[50,-2],[-14,-42]],[[104452,136319],[-16,-25],[-39,42],[27,29],[28,-46]],[[95005,139265],[18,6],[44,-124],[-17,-5],[-45,123]],[[103148,149429],[-26,113],[8,2],[26,-113],[198,-125],[-2,-4],[-204,127]],[[84166,137950],[50,35],[7,-32],[-56,-38],[-1,35]],[[96103,143850],[46,19],[16,-38],[-44,-20],[-18,39]],[[98043,141818],[17,75],[20,-55],[-13,-39],[-24,19]],[[101017,157921],[-38,-9],[56,37],[19,34],[16,-20],[-15,-32],[-38,-10]],[[87136,138400],[7,-9],[-47,-45],[-23,12],[20,30],[43,12]],[[99787,154220],[-69,-70],[-12,13],[67,70],[14,-13]],[[99780,154240],[73,63],[11,-14],[-74,-62],[-10,13]],[[104234,152206],[-6,17],[44,16],[-6,-48],[-32,15]],[[95865,143744],[25,5],[15,-31],[-34,-15],[-6,41]],[[95725,164106],[-28,-42],[1,46],[19,25],[8,-29]],[[87719,151454],[-8,-1],[-23,190],[8,0],[23,-189]],[[90645,151424],[-11,-58],[-20,25],[31,33]],[[104544,136997],[-34,24],[37,24],[-3,-48]],[[97781,148028],[4,-27],[-34,-1],[30,28]],[[98239,148068],[-21,17],[17,32],[22,-11],[-18,-38]],[[88275,141968],[106,-321],[-4,4],[-104,317],[2,0]],[[103231,151721],[-42,24],[48,8],[-6,-32]],[[90468,151504],[28,-23],[-7,-25],[-36,9],[15,39]],[[93893,141055],[-13,35],[95,-188],[-3,-2],[-79,155]],[[84488,150604],[-118,-147],[-5,3],[118,148],[5,-4]],[[99108,142297],[-19,-17],[-24,41],[34,-3],[9,-21]],[[88774,143957],[24,17],[-61,-88],[-8,6],[45,65]],[[88662,143777],[-9,6],[59,85],[9,-6],[-59,-85]],[[107691,154899],[-8,34],[22,13],[3,-50],[-17,3]],[[102997,149765],[-46,136],[6,2],[44,-128],[-4,-10]],[[94823,139607],[-17,89],[10,4],[18,-90],[-11,-3]],[[96516,143635],[56,-4],[-60,-19],[4,23]],[[86411,138586],[-39,-20],[1,22],[38,-2]],[[104678,136665],[-5,-32],[-19,21],[24,11]],[[108882,155223],[17,25],[-2,-45],[-15,20]],[[98805,149056],[-12,81],[10,1],[12,-80],[-10,-2]],[[96317,143899],[-24,36],[17,8],[7,-44]],[[94716,143736],[18,-24],[-28,-17],[10,41]],[[88421,141483],[-38,143],[5,2],[38,-143],[-5,-2]],[[88053,143059],[-134,-63],[-2,4],[134,64],[2,-5]],[[90232,151571],[12,38],[16,-16],[-28,-22]],[[96315,145921],[-20,-24],[-11,24],[31,0]],[[89433,151162],[-27,6],[34,18],[-7,-24]],[[35361,16008],[-6,82],[30,32],[82,39],[25,-9],[41,42],[74,15],[39,-14],[54,31],[30,42],[33,-18],[28,27],[-9,20],[12,56],[70,63],[19,-7],[32,46],[-6,36],[83,-19],[60,-89],[39,-29],[62,-18],[30,30],[102,54],[87,-21],[68,-90],[59,-9],[40,26],[22,-25],[25,25],[48,-21],[29,7],[-13,54],[54,44],[7,41],[56,34],[23,40],[61,34],[28,-12],[84,17],[40,-53],[40,21],[-2,51],[13,59],[61,36],[68,83],[4,32],[-56,42],[4,47],[19,16],[28,108],[24,19],[42,146],[20,-4],[25,49],[-11,45],[5,52],[-13,67],[6,120],[22,24],[-29,34],[-93,29],[-21,52],[-45,30],[7,24],[-29,3],[-78,39],[-21,58],[-28,21],[-22,41],[22,-3],[45,41],[9,28],[103,-4],[21,42],[-15,58],[13,41],[-12,39],[28,33],[11,56],[24,-4],[56,-96],[111,-60],[23,-22],[59,-3],[-3,-44],[25,-47],[62,-56],[52,7],[65,35],[77,78],[-7,72],[30,24],[17,39],[2,88],[-14,55],[11,28],[35,27],[12,30],[-39,72],[-28,12],[42,32],[30,78],[53,36],[10,62],[29,93],[4,131],[-18,34],[-37,27],[-9,52],[26,53],[-20,133],[-35,49],[-36,23],[30,25],[-37,72],[-66,23],[-21,54],[-61,27],[-72,-30],[-53,-10],[-54,6],[-56,-28],[-27,3],[26,108],[-20,23],[26,48],[-8,37],[-49,41],[-71,-9],[-17,50],[-105,-22],[24,93],[41,33],[3,86],[-25,82],[-43,12],[16,54],[54,22],[65,60],[66,18],[105,-3],[75,25],[41,30],[24,-11],[71,32],[56,63],[24,76],[35,50],[45,-9],[127,55],[56,69],[46,79],[23,72],[7,52],[-29,68],[-36,16],[-32,104],[-20,12],[35,67],[9,171],[-1,68],[-34,53],[-21,-6],[-25,26],[-57,32],[36,18],[-81,6],[-11,71],[-27,18],[49,15],[37,-6],[-3,-19],[34,-11],[37,41],[63,0],[23,-45],[31,-26],[116,37],[70,94],[-26,28],[49,-2],[44,68],[26,11],[75,-1],[21,51],[54,8],[18,-43],[38,-9],[50,22],[78,63],[52,9],[7,54],[46,-4],[17,21],[42,5],[32,-22],[1,-23],[92,-19],[-31,-56],[-53,-51],[-22,-92],[-47,-40],[-32,-44],[-16,-87],[7,-26],[-29,-31],[-63,-4],[-16,-81],[7,-39],[73,-103],[7,-36],[-53,-68],[-58,-28],[-2,-48],[36,-15],[26,-43],[-17,-131],[105,-45],[102,100],[19,31],[96,7],[23,-6],[19,-133],[20,-36],[46,-14],[43,4],[43,37],[81,6],[49,21],[2,26],[-23,82],[2,97],[12,27],[69,54],[45,1],[82,27],[31,37],[29,70],[26,19],[29,-7],[71,12],[64,37],[79,30],[32,-2],[14,-74],[37,-44],[33,-14],[46,-62],[89,-33],[9,-52],[-6,-110],[-20,6],[-37,-75],[-5,-43],[13,-33],[72,-46],[53,7],[46,-9],[4,-41],[-37,-33],[-13,-60],[-48,-15],[-32,-32],[-35,-78],[-89,-52],[-35,-76],[2,-58],[35,-55],[83,-16],[44,-47],[10,6],[54,-84],[32,2],[76,28],[96,-16],[63,-69],[45,-12],[64,13],[46,-3],[17,-25],[-25,-43],[7,-36],[-39,-127],[18,-53],[15,7],[-4,-76],[34,-28],[20,17],[15,-28],[41,6],[49,81],[11,40],[32,32],[17,43],[36,28],[51,9],[56,-23],[80,5],[47,11],[66,40],[43,63],[-12,75],[14,10],[23,-61],[31,-18],[53,-1],[65,37],[72,-16],[102,15],[62,38],[100,86],[-15,14],[28,31],[16,86],[-38,6],[-68,90],[4,68],[-32,104],[97,136],[32,82],[-65,86],[51,28],[17,41],[12,94],[-58,20],[13,79],[54,-49],[74,-6],[161,61],[15,37],[37,-2],[-27,-43],[9,-108],[-11,-42],[19,-49],[-18,-92],[24,-60],[78,-7],[42,13],[37,-42],[-10,-92],[25,-38],[-49,-102],[-70,-78],[-29,-60],[-37,-39],[-14,-74],[-1,-76],[60,-1],[65,-18],[15,-66],[0,-48],[14,-86],[54,-10],[77,24],[-8,27],[90,28],[140,-35],[26,74],[28,-10],[132,21],[36,95],[61,7],[53,-74],[71,17],[13,22],[6,71],[47,95],[101,36],[39,25],[27,36],[18,69],[-7,75],[-27,46],[12,15],[53,-32],[63,37],[33,68],[49,25],[33,41],[27,-2],[50,46],[96,-18],[153,30],[33,-7],[41,-34],[-31,-35],[4,-68],[38,-42],[6,-28],[-25,-14],[-14,39],[-35,-9],[-4,-25],[63,-44],[43,-3],[47,68],[148,8],[8,10],[124,41],[62,-84],[36,-7],[54,18],[76,6],[22,-31],[-16,-13],[24,-33],[41,-9],[103,64],[40,80],[45,4],[57,109],[4,36],[48,64],[54,16],[5,25],[40,44],[32,14],[-11,62],[32,7],[25,-28],[50,10],[25,29],[57,12],[98,1],[-25,-112],[-36,-39],[-21,-59],[16,-72],[-21,-36],[21,-71],[42,-21],[3,-95],[-46,-48],[3,-40],[36,-38],[-29,-35],[27,-67],[31,-20],[29,6],[0,-52],[-41,-78],[4,-86],[38,-69],[48,-16],[31,9],[0,42],[40,46],[70,0],[84,-97],[68,47],[31,3],[40,63],[-68,71],[-8,24],[0,82],[-26,34],[-13,64],[-50,67],[-2,44],[16,31],[-34,64],[13,36],[-8,37],[21,36],[19,76],[-41,65],[57,43],[69,80],[14,-14],[142,46],[89,1],[29,-19],[89,-3],[105,42],[39,49],[9,62],[-7,44],[-97,19],[4,32],[-46,68],[-30,25],[-112,37],[-1,-15],[-55,3],[-87,-18],[-51,15],[6,40],[-134,167],[-25,22],[-23,-12],[-58,74],[-24,80],[9,42],[-148,27],[-43,42],[10,71],[45,4],[36,27],[40,3],[31,46],[53,-13],[40,45],[24,56],[58,5],[-9,16],[143,81],[16,31],[104,90],[59,59],[-85,110],[-80,-9],[-86,-46],[-136,-14],[-84,6],[-53,-20],[-71,-11],[7,35],[40,23],[9,81],[-163,83],[-44,0],[-2,71],[-24,24],[26,155],[-21,144],[53,21],[8,36],[38,66],[-26,132],[-26,48],[-108,37],[-45,-5],[-31,-45],[-34,-106],[-56,-29],[-48,30],[-42,-74],[-75,22],[-114,-42],[-29,-35],[-29,-89],[26,-37],[38,-9],[62,16],[86,-27],[8,-17],[-11,-81],[20,-42],[3,-62],[22,-28],[-8,-58],[-43,-12],[-64,8],[-58,-127],[-2,-43],[-57,-51],[-18,-45],[22,-38],[47,-40],[-22,-8],[-35,-72],[4,-53],[52,-79],[90,-6],[59,-25],[-56,-70],[-84,-81],[76,-93],[-9,-15],[-89,-20],[-65,-96],[-30,14],[-16,35],[11,27],[-24,46],[-69,33],[24,70],[1,45],[-69,76],[13,41],[-15,111],[-14,35],[-30,22],[9,46],[-9,93],[-12,13],[-74,-16],[-30,42],[-26,5],[-42,-64],[-51,1],[-22,75],[-38,-2],[-32,-21],[-28,7],[-20,45],[-50,-1],[-30,-23],[7,-41],[-15,-33],[-56,-53],[-4,-35],[-28,-53],[-67,-19],[2,27],[-29,32],[-68,51],[-39,-2],[-34,58],[-45,24],[32,118],[112,-16],[31,16],[70,11],[118,-2],[49,39],[62,22],[55,58],[45,65],[123,53],[93,15],[47,64],[2,61],[18,2],[18,134],[-31,67],[12,52],[-3,112],[-22,57],[-31,11],[-39,73],[-84,19],[-9,-23],[-64,14],[8,52],[-72,113],[-134,-5],[-56,-26],[-29,-32],[-16,-87],[-57,-24],[-54,17],[-24,68],[-88,31],[-19,-48],[-27,-20],[-63,114],[6,42],[47,19],[23,49],[-25,62],[25,50],[29,12],[73,-1],[83,38],[16,146],[20,32],[-3,42],[15,50],[-40,24],[7,51],[-23,38],[4,40],[-100,91],[-5,43],[40,5],[30,-49],[26,-2],[27,-38],[83,13],[44,-11],[39,-273],[56,-5],[27,16],[14,-41],[156,-35],[91,58],[20,-22],[125,74],[26,40],[65,11],[47,67],[9,51],[53,50],[58,42],[62,-27],[53,16],[33,35],[91,-4],[42,40],[38,61],[16,65],[27,7],[74,-43],[58,29],[21,61],[3,68],[97,8],[38,54],[-3,106],[89,48],[-49,132],[-99,28],[-118,-64],[-72,-29],[-54,-12],[-43,-67],[-42,-20],[-199,5],[-9,-75],[2,92],[-74,26],[-93,52],[-16,17],[-23,72],[-27,43],[-76,26],[1,62],[-19,66],[-19,29],[91,52],[20,27],[43,141],[36,31],[59,5],[27,27],[80,13],[28,13],[42,86],[23,72],[19,104],[-1,56],[-22,107],[-26,60],[-32,47],[-48,28],[-28,-37],[54,-74],[15,-44],[-8,-41],[-14,77],[-45,43],[-26,74],[-17,-14],[-75,59],[-112,50],[-81,87],[-59,22],[-38,-9],[-39,-28],[-63,58],[-56,14],[-31,32],[0,37],[-30,48],[-42,12],[-83,-9],[-38,30],[-13,50],[71,0],[121,83],[28,83],[15,97],[1,112],[-10,117],[-32,143],[-42,67],[-48,29],[-69,4],[-38,20],[-26,-15],[-100,-2],[-15,87],[-63,130],[-38,51],[-26,54],[-40,47],[-110,88],[-119,49],[-69,5],[-66,-16],[-22,-25],[-29,-67],[-5,-40],[-29,-10],[-70,61],[0,11],[-67,60],[-80,34],[-64,3],[-79,-23],[-74,-7],[-77,8],[-59,-42],[-3,-50],[-41,-32],[-109,-6],[-60,23],[-110,89],[-67,10],[-71,-42],[-30,-34],[0,50],[28,21],[-4,33],[20,64],[-6,64],[-37,23],[22,40],[61,-35],[82,-13],[14,-22],[86,-25],[45,-35],[57,-28],[61,-2],[114,-17],[41,16],[48,-4],[88,50],[74,90],[46,30],[84,38],[70,-2],[30,-22],[62,19],[99,10],[54,21],[36,40],[17,42],[78,51],[48,54],[67,29],[45,3],[72,-17],[117,-43],[33,-4],[66,24],[59,53],[75,18],[50,-11],[55,-34],[15,-43],[-37,-34],[-125,65],[-76,-43],[-10,-26],[61,-32],[98,5],[103,48],[43,41],[51,13],[-14,-65],[30,-147],[-23,-33],[30,-78],[35,-20],[-19,-78],[30,-56],[101,-43],[-1,-26],[27,-45],[35,-27],[141,-18],[29,-24],[-89,-84],[-74,-96],[-35,-20],[-65,-13],[-71,-64],[-23,-61],[-57,-62],[-43,-25],[3,-108],[23,-82],[63,-67],[67,-44],[33,-12],[59,45],[-14,23],[21,53],[-8,78],[17,72],[51,46],[22,158],[31,2],[43,36],[54,103],[52,119],[27,18],[73,-5],[177,-58],[127,-19],[92,29],[93,70],[31,13],[15,-118],[29,-90],[43,-13],[2,20],[89,-18],[41,16],[65,88],[36,104],[-2,44],[12,85],[-38,83],[2,108],[24,66],[54,17],[65,-12],[2,-52],[60,-25],[103,116],[27,11],[52,-14],[115,-113],[38,-76],[29,-99],[-10,-44],[4,-81],[15,-16],[104,-62],[52,-62],[66,-10],[143,49],[35,18],[73,62],[23,30],[8,50],[25,26],[90,-35],[-10,-10],[42,-63],[60,-33],[9,-60],[39,-15],[149,13],[20,18],[18,-30],[8,323],[-11,16],[63,457],[44,9],[22,-18],[61,-4],[9,69],[108,182],[49,51],[-82,102],[-84,-21],[-61,-35],[-40,-123],[-41,-29],[-25,9],[-163,-48],[-46,0],[-110,-93],[87,95],[76,44],[18,54],[6,81],[-14,110],[-23,49],[-20,103],[40,-23],[28,32],[12,53],[-14,61],[50,23],[18,79],[40,-8],[65,24],[3,56],[30,-24],[37,48],[5,41],[-18,137],[-30,74],[-49,32],[-6,-16],[-59,5],[-14,-16],[-43,6],[-96,58],[-66,15],[-101,-61],[-63,-54],[12,-7],[-42,-86],[-31,35],[41,85],[-8,19],[-101,63],[-42,7],[-55,-11],[-13,21],[-26,-24],[7,-21],[-59,6],[-42,35],[-4,-27],[-159,-22],[-43,-45],[-140,-24],[-96,-24],[-126,32],[-20,50],[-9,57],[-26,35],[-18,-18],[-51,53],[-61,6],[-57,-34],[-76,8],[-38,36],[-27,99],[-72,31],[-53,84],[3,52],[-39,33],[-119,59],[-69,5],[-104,-95],[82,-149],[17,-87],[-13,-1],[11,-100],[16,-26],[-33,-8],[12,-121],[29,0],[25,-62],[-19,-38],[-65,-43],[-27,-45],[-78,-29],[-92,-1],[-85,19],[-60,52],[-39,17],[-69,129],[-42,146],[-20,46],[-75,93],[-1,27],[60,71],[5,41],[-22,76],[-49,45],[-55,-17],[-102,-74],[-38,5],[-25,21],[-123,23],[-53,-3],[-43,-48],[-54,-24],[6,-10],[-49,-33],[-28,-1],[-39,-31],[-12,-39],[11,-57],[23,-6],[-2,-61],[-44,10],[-46,-12],[-98,-10],[-47,-24],[15,47],[-25,13],[-32,58],[-62,40],[-24,2],[-85,-74],[-4,-92],[-17,-62],[-49,-8],[-53,28],[-30,66],[-55,84],[-5,55],[-23,100],[-25,17],[-85,13],[-47,68],[-47,30],[-5,-20],[-68,24],[-35,50],[-36,28],[-35,7],[-59,37],[-51,-9],[-50,-56],[-3,-69],[28,-34],[58,13],[17,-22],[-39,-19],[-14,-48],[-28,-31],[56,-77],[35,-3],[51,-55],[44,-11],[28,-32],[7,-62],[37,-33],[9,-43],[-35,-63],[-7,-83],[107,48],[-94,-59],[-11,-72],[13,-50],[-18,-53],[-63,-36],[3,-54],[-51,-49],[-33,-48],[-34,-8],[-36,-46],[-92,-85],[-22,36],[-42,14],[4,34],[-23,47],[-68,71],[-102,87],[-3,29],[-36,51],[-55,30],[-39,-1],[-78,-46],[-84,42],[-46,-5],[-114,58],[4,59],[-57,38],[-36,-19],[-49,19],[15,21],[-12,54],[-38,39],[-90,67],[-81,-7],[-29,29],[65,49],[26,41],[87,47],[33,34],[26,67],[5,102],[15,87],[65,106],[10,34],[-235,13],[-5,4],[-96,241],[7,3],[96,-241],[202,-12],[15,198],[-61,5],[1,22],[62,-5],[14,197],[-71,150],[-52,24],[-101,-238],[-5,2],[119,283],[-65,30],[-106,77],[-88,38],[-25,-5],[-115,50],[-51,15],[-140,79],[-37,-28],[-2,50],[-43,35],[-48,-3],[-49,32],[-24,-10],[-35,46],[-61,24],[-56,3],[-39,32],[-32,-23],[-31,-1],[6,34],[-85,58],[-60,2],[-17,22],[-31,-3],[-26,39],[-41,16],[-55,-2],[-7,18],[-57,2],[-23,48],[-73,58],[-118,46],[-5,-31],[-87,32],[19,15],[-23,64],[4,43],[40,98],[19,6],[15,49],[33,32],[11,51],[51,14],[18,37],[12,-16],[47,13],[71,-10],[67,-60],[9,-51],[34,-18],[94,-13],[30,-47],[0,-115],[-16,-57],[29,-174],[20,-23],[57,-27],[54,-49],[38,13],[37,38],[19,-12],[21,44],[-32,-9],[19,87],[-29,26],[35,127],[1,155],[7,37],[45,85],[-9,62],[-21,29],[12,73],[-11,89],[-38,73],[-21,5],[-1,44],[19,40],[34,35],[-6,56],[-40,99],[-1,42],[23,65],[118,70],[81,20],[17,51],[-41,105],[34,73],[-27,56],[-36,30],[-57,5],[-32,23],[-22,53],[-56,11],[-46,32],[-32,-9],[-73,54],[7,20],[69,3],[20,-40],[26,20],[58,9],[67,-30],[61,17],[26,96],[25,8],[42,-18],[4,-31],[72,-33],[39,51],[67,-61],[72,-26],[139,48],[4,-49],[31,-1],[-28,-33],[90,-66],[10,23],[64,-5],[26,-15],[-9,-26],[38,-39],[77,0],[64,31],[123,87],[29,40],[35,101],[40,49],[98,23],[73,46],[13,47],[47,73],[43,126],[-4,28],[23,33],[6,49],[-23,26],[50,45],[19,-5],[11,185],[8,6],[-13,-204],[11,-46],[24,9],[-18,-39],[32,-32],[57,-8],[-4,-41],[-61,-90],[-8,-55],[33,-34],[121,6],[92,-19],[95,86],[62,-30],[28,-48],[13,8],[26,-53],[43,-28],[76,19],[24,-14],[4,-60],[-26,-59],[37,-75],[34,-131],[64,-53],[41,-1],[48,25],[18,-17],[56,-7],[7,16],[59,19],[45,129],[39,32],[30,-8],[68,21],[122,64],[32,-61],[36,15],[43,56],[31,92],[19,94],[-24,41],[-38,12],[-71,66],[-177,14],[-39,29],[-64,119],[-63,39],[-61,22],[-41,52],[-8,33],[-36,4],[9,54],[-11,24],[63,-11],[4,76],[-16,29],[-56,55],[-11,24],[-2,73],[-33,66],[-78,57],[-122,59],[-30,61],[-28,25],[-64,19],[-74,67],[-49,31],[-19,-2],[-36,82],[-39,33],[-58,24],[-2,16],[-63,48],[-39,3],[-103,60],[-51,4],[-37,25],[-25,-13],[-82,35],[-27,31],[12,23],[60,40],[-1,43],[28,74],[-33,89],[-28,51],[10,34],[-21,49],[-41,63],[34,48],[26,137],[-4,72],[45,103],[7,61],[-20,33],[-53,29],[-54,11],[-53,-49],[10,-10],[-41,-71],[-53,-8],[-22,-67],[16,0],[-33,-76],[-47,-39],[-103,2],[-45,-37],[-44,-129],[-97,-85],[-29,-60],[1,-63],[33,-64],[-11,-38],[-20,21],[-22,-41],[-37,-12],[-108,-78],[-93,8],[-19,64],[18,42],[3,45],[37,40],[27,8],[13,37],[-11,71],[-43,61],[-58,33],[-64,78],[-33,52],[2,54],[36,20],[7,34],[50,27],[64,105],[5,90],[-6,70],[-85,130],[-15,44],[-30,20],[-114,10],[-31,43],[30,9],[4,77],[26,25],[-8,28],[-54,68],[-1,37],[-54,39],[-12,23],[-59,21],[-42,-11],[-96,48],[12,29],[-23,52],[-102,76],[-99,32],[-28,47],[45,60],[-16,70],[14,72],[-21,10],[13,50],[26,3],[-92,124],[-88,67],[-70,18],[-15,17],[-58,10],[-36,-12],[-57,6],[-37,43],[-47,13],[-100,4],[-44,48],[18,84],[-53,61],[-63,29],[-37,5],[-21,34],[-12,77],[-26,25],[-109,22],[-96,-19],[-31,-15],[-84,-119],[-25,-6],[-70,-60],[-2,-45],[-87,-80],[-13,-37],[-61,-68],[-65,33],[-49,-20],[-62,-72],[-2,-53],[-46,19],[-55,-6],[-49,14],[-77,46],[-46,1],[-51,31],[-114,26],[-23,-25],[-53,49],[6,29],[-36,19],[-64,-11],[-65,-33],[-138,6],[-72,10],[-15,-17],[-46,21],[-135,-9],[-23,-13],[-26,-68],[34,-25],[69,-30],[-14,-91],[1,-49],[19,-29],[53,-13],[15,-28],[-91,-15],[-76,10],[-4,-108],[17,-23],[-17,-57],[43,-75],[121,-29],[42,26],[26,-13],[56,5],[26,24],[26,78],[43,8],[133,-50],[70,-80],[-7,-32],[-57,-90],[-93,-11],[-37,-92],[-8,-59],[-52,-104],[80,-87],[49,16],[28,-7],[99,41],[23,-24],[73,-23],[68,9],[45,56],[84,-22],[4,61],[43,7],[79,43],[30,33],[20,65],[45,9],[-8,-45],[12,-55],[29,-6],[118,17],[94,-30],[67,35],[27,-6],[32,-33],[11,-55],[28,-10],[-69,-75],[-9,-30],[-49,-38],[-26,-40],[-15,-85],[-34,-33],[-64,-112],[-21,-89],[34,-40],[79,-39],[15,-29],[-31,-15],[-32,31],[-48,-25],[5,-20],[-51,-5],[-36,-49],[-9,-56],[10,-28],[72,-49],[-23,-52],[-67,23],[-30,-4],[-42,38],[-29,-56],[-40,12],[-2,18],[-92,40],[-17,-3],[-55,34],[-56,-9],[-22,-34],[-38,-28],[-20,19],[-109,32],[-88,-11],[-36,11],[-64,-8],[-98,-49],[-72,-107],[-86,-40],[-29,14],[-32,-22],[8,-27],[-26,-18],[-39,-72],[-33,-152],[30,155],[35,73],[-21,11],[-41,-34],[10,-9],[-33,-71],[-18,-8],[-16,-66],[32,-8],[-7,-31],[-48,8],[-37,-39],[-84,-61],[-83,17],[-3,20],[-39,-15],[-26,8],[-4,45],[-122,73],[-31,0],[-135,109],[-104,46],[40,28],[-17,45],[6,47],[111,44],[15,47],[-4,99],[12,40],[32,5],[21,50],[-14,39],[38,49],[-24,57],[1,55],[25,42],[47,29],[43,67],[-7,78],[9,24],[-14,52],[-92,129],[-79,72],[-70,54],[-29,37],[-89,48],[-84,8],[-74,-36],[-33,0],[-46,-27],[-41,17],[-44,-37],[-67,-12],[-66,56],[-38,2],[-41,39],[5,70],[28,-2],[38,62],[-11,54],[-38,28],[7,15],[160,9],[37,63],[37,37],[34,-9],[58,24],[51,34],[28,69],[14,-4],[-5,78],[-17,24],[-73,54],[-10,20],[15,44],[-10,127],[58,25],[35,37],[65,44],[23,44],[-22,60],[25,-8],[25,-41],[107,-47],[55,14],[44,30],[38,-11],[64,-64],[1,-28],[61,2],[23,-18],[84,26],[98,66],[32,43],[101,10],[31,27],[43,-14],[27,8],[45,-42],[94,7],[55,-26],[58,28],[47,-15],[45,16],[47,36],[63,21],[105,-16],[85,17],[46,-3],[19,-27],[73,-14],[70,24],[85,65],[30,11],[65,64],[91,-29],[43,22],[22,47],[30,9],[50,43],[-3,47],[69,11],[16,-9],[36,51],[-12,21],[29,48],[-23,59],[-44,49],[-28,59],[32,10],[8,-31],[67,15],[30,-39],[105,20],[71,69],[33,57],[-19,48],[21,7],[16,44],[-28,17],[16,43],[-4,76],[-49,51],[58,-32],[3,-20],[55,-32],[50,14],[-13,-113],[6,-46],[27,-38],[4,-95],[28,-80],[54,-40],[44,-17],[60,-6],[13,18],[67,-28],[-12,-13],[17,-56],[50,-27],[50,11],[46,27],[27,39],[-22,37],[57,3],[-8,-52],[38,-34],[-24,-66],[6,-60],[21,-20],[58,-15],[7,33],[63,7],[44,-35],[11,-29],[33,-5],[56,14],[49,-14],[41,27],[24,57],[26,20],[71,-2],[65,29],[23,23],[49,5],[-12,-95],[35,-108],[15,-14],[31,-77],[62,-9],[65,68],[52,-36],[-29,-73],[2,-40],[29,-62],[83,-30],[70,6],[48,24],[0,27],[43,15],[10,40],[42,4],[-15,-30],[26,-1],[-28,-186],[43,-67],[56,-28],[12,28],[89,-33],[3,-36],[76,20],[26,26],[20,51],[90,60],[62,-104],[-14,-96],[7,-73],[-37,-50],[-19,-57],[13,-32],[72,-44],[113,10],[78,-52],[42,7],[59,142],[35,-11],[7,20],[47,24],[37,-1],[54,-30],[69,29],[2,23],[38,-27],[52,29],[-8,71],[19,22],[6,57],[-42,45],[8,35],[-9,55],[12,40],[44,8],[56,-13],[44,20],[-5,31],[62,-19],[40,8],[46,28],[15,24],[12,85],[-18,2],[-9,61],[12,50],[12,-11],[86,29],[18,94],[-10,53],[-46,62],[25,18],[35,-42],[72,36],[17,59],[20,-15],[23,20],[43,-32],[97,38],[2,28],[41,21],[26,-31],[40,-9],[71,-41],[53,-45],[27,-39],[0,-45],[19,-23],[78,-47],[12,-81],[30,-28],[-36,-39],[-87,63],[-65,1],[-70,34],[-106,-61],[-48,-1],[-73,-57],[-8,-59],[52,-26],[1,-22],[-135,21],[-165,-281],[27,-62],[-7,-39],[134,-131],[-1,-18],[70,52],[78,-4],[32,52],[66,4],[36,-78],[1,-32],[37,-34],[43,3],[50,-31],[-50,-80],[-22,-57],[-48,-11],[-48,36],[-83,6],[-42,-51],[14,-59],[-36,-29],[-62,-26],[7,-50],[54,-29],[-4,-63],[16,-59],[255,-77],[1,-23],[-51,6],[-64,-17],[-32,-30],[-33,-56],[-37,-30],[4,-23],[-126,40],[-70,28],[-37,5],[-55,-38],[-4,-56],[102,-110],[-20,-32],[-48,-15],[-68,-46],[-2,-39],[32,-43],[26,-8],[55,13],[40,-45],[97,37],[6,-15],[49,2],[36,27],[31,-3],[48,27],[40,-12],[47,-38],[39,-5],[43,13],[21,-13],[-33,-61],[-78,-18],[-70,-38],[-124,-21],[-48,-50],[7,-46],[33,-83],[25,-7],[9,-39],[50,-60],[31,-22],[28,-83],[-24,-35],[-53,15],[-72,-48],[-15,-31],[5,-64],[29,-44],[45,-6],[36,-40],[-16,-97],[120,-111],[14,-25],[71,-22],[18,-23],[2,-105],[11,-20],[94,-9],[-1,-23],[82,11],[37,34],[103,29],[32,-12],[85,19],[54,-76],[14,-42],[-32,-24],[-63,-76],[40,-77],[-5,-40],[-26,-31],[-10,-62],[48,-91],[33,-23],[31,19],[11,33],[59,0],[29,47],[33,8],[19,41],[9,56],[81,36],[79,5],[29,-23],[41,-75],[-20,-49],[39,-29],[-8,-34],[7,-65],[-24,-49],[20,-43],[95,-11],[30,15],[48,76],[-12,58],[41,35],[16,37],[-44,89],[21,54],[-3,69],[-16,39],[32,3],[17,-28],[58,-38],[47,-51],[110,21],[44,59],[27,13],[48,61],[5,33],[-36,38],[-11,62],[41,53],[4,32],[-27,39],[28,26],[-10,60],[47,30],[64,18],[9,16],[45,-11],[38,35],[20,-14],[26,-66],[-31,-62],[43,-49],[78,-22],[49,25],[22,51],[-16,52],[27,27],[57,-18],[17,91],[25,15],[9,37],[-17,44],[21,32],[57,1],[63,22],[39,-33],[1,-72],[51,-37],[-8,-10],[23,-65],[-11,-34],[13,-40],[-19,-32],[10,-31],[52,6],[23,-12],[62,0],[-6,-50],[20,-46],[-26,-11],[-23,-41],[-51,-11],[-29,-40],[-41,-22],[-21,-61],[-33,-40],[-5,-45],[31,-39],[-108,-28],[-9,-32],[16,-19],[-20,-30],[-43,-21],[-5,-27],[26,-41],[-33,-38],[-72,2],[-4,-34],[-47,-29],[-39,-7],[-66,-34],[31,-76],[55,-8],[38,-30],[45,4],[65,-13],[59,13],[28,-13],[55,19],[58,5],[58,33],[15,23],[96,0],[13,-41],[-18,-21],[-62,1],[-43,-29],[-28,-51],[-88,-41],[-29,4],[-37,-31],[29,-51],[-57,-92],[-36,-20],[-36,2],[-60,-90],[-38,6],[-33,-34],[-45,1],[-62,-47],[-71,-27],[-94,-25],[-4,-90],[15,-44],[68,-27],[33,-59],[37,-17],[18,-27],[44,-5],[59,-26],[75,-113],[63,-52],[61,-20],[3,20],[75,-15],[129,40],[55,33],[38,-12],[59,8],[18,19],[25,-20],[-11,-37],[-69,-24],[-63,-34],[-31,-39],[38,-151],[22,13],[32,-38],[61,-31],[87,-9],[62,40],[5,23],[75,3],[5,-21],[52,-6],[64,21],[-3,60],[28,38],[74,-9],[9,-17],[47,27],[5,72],[-19,5],[-12,42],[10,93],[28,29],[21,74],[-6,49],[-19,31],[-61,24],[-10,31],[19,69],[-32,34],[31,74],[30,4],[45,-48],[21,-43],[-14,-34],[47,-56],[43,-15],[37,4],[17,-17],[-26,-122],[73,1],[57,40],[5,29],[-64,87],[-6,33],[48,19],[49,-9],[38,54],[-17,57],[129,7],[30,31],[51,-12],[40,60],[-12,32],[-35,15],[-29,60],[-31,93],[-87,34],[-10,28],[14,68],[35,1],[16,96],[-18,32],[-48,6],[3,49],[60,22],[52,50],[6,42],[-16,29],[62,-2],[20,62],[-15,47],[-55,49],[-33,-17],[-63,-1],[-18,28],[25,86],[-10,52],[-105,50],[1,54],[67,144],[-11,40],[-102,95],[-21,8],[-8,43],[-78,61],[3,30],[30,-17],[76,-1],[16,-53],[21,-15],[42,4],[71,-97],[35,-9],[78,45],[28,54],[30,-16],[12,-63],[24,-17],[47,33],[41,9],[4,26],[36,12],[30,-28],[46,-16],[15,-64],[35,-8],[26,-30],[-23,-59],[-48,3],[-32,-22],[-11,-39],[-44,-69],[-1,-45],[20,-24],[55,19],[4,-20],[38,-9],[47,34],[34,2],[39,-36],[45,20],[2,28],[48,-3],[68,55],[40,-21],[4,-25],[65,-47],[46,-4],[35,-36],[-4,-17],[-114,-37],[-49,-43],[29,-38],[39,-11],[8,-41],[-45,-18],[-27,-42],[-49,-49],[10,-62],[34,-27],[51,-15],[41,8],[25,-55],[25,-89],[-23,-82],[-48,-65],[-44,-25],[-22,-102],[-26,-14],[-69,8],[-24,16],[-51,-24],[-29,-41],[-69,-62],[-1,-38],[37,-51],[47,-9],[-4,-20],[-42,-31],[23,-39],[38,-17],[67,-2],[70,17],[55,-2],[194,-53],[47,47],[-6,65],[96,25],[30,33],[47,19],[45,67],[19,52],[21,15],[42,-38],[13,-39],[49,-22],[29,15],[5,32],[93,-2],[26,17],[37,-15],[9,-80],[28,-19],[58,-3],[-8,-118],[17,-25],[41,-9],[68,56],[11,-28],[48,6],[65,83],[22,-16],[31,34],[-91,29],[31,102],[62,-19],[-57,46],[-25,41],[-77,89],[-29,10],[-86,3],[-37,97],[-77,66],[8,19],[-22,41],[-28,19],[-123,25],[-23,38],[9,74],[-35,63],[27,30],[14,48],[-29,61],[-21,4],[-10,84],[85,27],[12,24],[-19,49],[-26,29],[-22,61],[42,98],[0,43],[-47,56],[-47,-9],[-36,16],[-18,46],[49,23],[30,83],[7,47],[76,-19],[30,49],[36,84],[8,60],[-37,53],[22,0],[-13,86],[-79,60],[-29,11],[-75,104],[-50,4],[20,70],[-26,38],[-24,-31],[-58,-49],[-29,1],[-15,-65],[-30,-12],[-62,43],[-22,-48],[-69,-77],[-38,-3],[-7,41],[23,92],[-32,45],[22,53],[-3,53],[30,9],[1,53],[24,48],[48,1],[18,23],[57,-45],[28,2],[24,33],[24,2],[79,44],[45,37],[-15,63],[-30,1],[-10,33],[54,65],[23,5],[1,38],[20,29],[-51,39],[-58,-24],[-6,40],[-75,23],[-35,-53],[-56,-58],[-41,-18],[-72,-3],[-22,-12],[-15,-56],[-54,-5],[-13,-62],[-41,-21],[-28,-33],[-48,-19],[-53,24],[-49,-22],[-3,-53],[-43,7],[-57,-82],[-57,32],[-43,90],[-30,17],[-111,-9],[-48,53],[-90,4],[-80,26],[-79,48],[-78,-7],[-123,55],[-40,75],[-21,10],[-24,59],[-57,49],[-83,21],[2,65],[-18,41],[26,46],[-53,40],[-36,52],[-53,25],[-28,52],[-33,18],[-3,34],[24,42],[20,83],[29,45],[49,4],[83,25],[17,51],[63,11],[0,-39],[-64,-48],[-23,-84],[38,-49],[-14,-50],[-45,1],[-42,-72],[43,-55],[4,-37],[30,-47],[38,-14],[93,-9],[78,-34],[21,-23],[58,2],[45,123],[38,-35],[75,-45],[33,-6],[82,25],[42,-29],[76,34],[15,-37],[73,1],[8,43],[35,-22],[30,-98],[69,-9],[29,14],[19,-20],[-24,-45],[16,-62],[72,12],[43,-73],[17,-4],[32,36],[26,-3],[33,24],[2,44],[27,-6],[19,39],[-6,76],[-33,68],[57,-2],[101,9],[19,-14],[98,71],[28,61],[-3,65],[-96,42],[-19,30],[64,-1],[19,31],[-68,154],[-28,21],[35,63],[7,35],[-19,37],[-109,27],[-10,26],[-58,32],[-36,-1],[-47,-62],[-43,-4],[-25,94],[-32,5],[-69,-22],[-87,36],[-9,14],[49,51],[-14,54],[24,44],[9,64],[63,-1],[31,-54],[12,-45],[59,-14],[22,-34],[51,-38],[59,-15],[53,10],[79,81],[-10,30],[-67,50],[4,49],[22,59],[-12,50],[-26,41],[2,37],[42,73],[22,-13],[22,32],[-4,28],[37,21],[19,-27],[73,-34],[-15,-134],[29,-41],[90,21],[10,20],[79,38],[44,34],[12,-22],[72,79],[12,98],[26,116],[21,43],[20,84],[68,161],[54,67],[77,72],[-12,51],[13,59],[-25,35],[-2,34],[81,-16],[85,29],[81,80],[6,-7],[-79,-78],[13,-59],[55,-48],[39,4],[58,54],[-5,46],[22,-11],[51,17],[11,65],[-19,49],[-71,35],[-11,29],[37,5],[22,93],[37,-18],[61,-76],[9,-26],[38,-1],[-10,-75],[-17,-4],[8,-62],[70,-58],[39,-58],[72,-3],[16,79],[116,39],[-5,-33],[49,-18],[56,4],[81,51],[52,83],[55,-31],[142,-4],[108,17],[2,14],[137,55],[3,-6],[-137,-53],[-8,-53],[63,-24],[78,25],[18,-43],[139,48],[64,45],[26,-16],[89,-6],[61,-41],[77,71],[-38,102],[-29,51],[5,22],[37,-13],[22,36],[-20,21],[-1,37],[19,47],[30,6],[61,-52],[71,45],[27,4],[28,-20],[11,-101],[1,-90],[61,-7],[30,49],[-20,42],[-35,1],[49,34],[106,23],[33,32],[51,-27],[22,-51],[-52,-129],[-10,-84],[6,-32],[49,-26],[24,36],[6,51],[61,141],[20,14],[79,-13],[28,-38],[-17,-57],[8,-118],[25,4],[13,98],[44,-7],[-27,28],[105,-19],[44,-44],[63,-16],[55,-56],[106,-37],[13,6],[51,110],[1,23],[-105,63],[-52,8],[-170,96],[-52,83],[-6,68],[16,105],[51,53],[35,64],[-10,45],[-85,76],[-14,72],[-117,80],[-51,72],[-8,54],[7,89],[-7,61],[22,80],[-11,58],[28,64],[16,65],[29,31],[107,29],[45,-1],[87,-29],[47,-38],[50,-14],[20,-24],[69,71],[5,-5],[-68,-70],[63,-107],[29,-95],[49,-30],[62,-65],[73,-129],[9,-85],[32,-10],[-25,-62],[31,-4],[31,55],[19,120],[228,-37],[175,-61],[173,-136],[28,-134],[-16,-11],[9,-44],[128,31],[103,32],[15,-5],[33,-91],[14,13],[-31,99],[161,52],[-14,237],[-28,-19],[-116,-27],[-67,39],[-87,7],[-54,44],[8,24],[-27,45],[-36,-23],[-47,76],[0,99],[-29,58],[-103,26],[-82,0],[-2,36],[55,-1],[11,20],[141,123],[84,-4],[2,57],[-245,12],[-82,-157],[-4,2],[82,157],[-17,10],[71,134],[-1,29],[-27,-15],[-2,178],[250,-51],[75,-12],[-4,13],[56,54],[-92,105],[-12,52],[-64,-9],[-13,-40],[-139,52],[13,295],[52,1],[10,230],[-127,6],[-22,38],[-29,-11],[-1,-112],[-16,0],[1,94],[-75,-36],[-4,-59],[49,-22],[18,-66],[-47,-95],[-59,-32],[-32,-2],[-38,23],[-28,-3],[-46,-62],[-26,-15],[-74,-5],[-73,-17],[-48,18],[-15,28],[-13,74],[-65,22],[-101,-14],[-27,28],[26,94],[33,52],[-46,22],[-132,-77],[-95,-24],[-31,25],[-1,33],[-60,12],[-5,-14],[-65,-20],[-64,-7],[-52,73],[-8,40],[12,57],[-25,43],[-34,19],[-33,41],[4,63],[-12,29],[-47,-12],[-56,68],[-8,43],[-87,51],[-62,0],[-79,20],[-70,-33],[-43,39],[27,40],[60,6],[46,-18],[29,64],[-22,45],[22,60],[-20,93],[-48,-7],[-18,21],[-11,76],[20,5],[-1,70],[-29,69],[-84,58],[-60,22],[-33,58],[-66,19],[-108,-8],[-28,10],[-80,-2],[-52,-14],[-96,9],[-56,-18],[-2,-17],[-54,2],[-64,25],[-27,-27],[-38,9],[-41,-21],[-57,14],[-39,-25],[-52,46],[-8,63],[-24,70],[-43,54],[-37,28],[-5,47],[-57,69],[-35,21],[-35,107],[7,41],[36,52],[43,39],[69,80],[65,13],[50,49],[18,63],[36,62],[32,15],[61,-15],[88,22],[47,-3],[76,26],[21,19],[62,6],[135,26],[44,-6],[95,54],[37,52],[43,3],[53,-23],[50,22],[72,4],[46,15],[54,40],[69,90],[70,58],[24,2],[47,-35],[40,3],[45,-15],[88,46],[41,88],[41,51],[26,0],[61,-27],[41,33],[50,105],[47,35],[20,89],[23,34],[-7,40],[16,91],[63,39],[7,35],[29,15],[-43,104],[42,-80],[26,-8],[8,62],[-21,79],[-13,20],[-100,38],[-16,45],[91,137],[6,45],[-28,51],[13,43],[1,66],[68,258],[-2,150],[-59,126],[-101,-17],[-3,-38],[-50,4],[-109,35],[-83,-119],[-15,11],[42,50],[-29,35],[-3,38],[-24,31],[-81,62],[-69,-60],[36,-61],[95,-69],[10,-46],[24,-10],[-9,-28],[27,-173],[20,-39],[-9,-69],[-58,-111],[-94,-73],[-31,-16],[-137,-33],[-74,-66],[-126,-52],[-88,-30],[9,-31],[-61,-16],[-63,11],[-58,-37],[-85,-13],[-80,34],[-69,7],[-104,-40],[-67,-1],[-61,-49],[-17,-78],[19,-30],[-43,33],[-91,6],[-20,13],[-87,-13],[-53,-26],[-45,-62],[-63,-34],[-39,0],[-31,31],[-34,5],[-38,-28],[-72,-1],[-33,13],[-50,53],[-34,15],[-45,69],[0,31],[49,105],[28,96],[-12,36],[-54,5],[-61,21],[13,14],[-68,8],[-134,-55],[-74,-4],[-55,9],[-97,30],[-50,-48],[16,-76],[27,-29],[65,-21],[29,-27],[11,-43],[30,-29],[26,-97],[20,-26],[17,15],[21,-25],[-17,-15],[21,-22],[12,-63],[31,-35],[-31,-81],[-79,-6],[-97,-15],[-61,-38],[-76,10],[-74,-16],[-32,12],[-114,-19],[-66,-30],[-138,29],[-108,27],[-16,-30],[-54,59],[-9,35],[-74,98],[-28,11],[-64,-14],[-43,41],[-30,79],[-5,52],[64,58],[18,52],[79,29],[-11,70],[-25,56],[-15,-6],[-81,54],[33,144],[-9,65],[13,45],[-23,75],[-82,11],[-22,41],[-9,54],[-159,138],[-90,-26],[-15,26],[-57,29],[-29,-6],[-9,-44],[-119,12],[-81,49],[-23,25],[-108,30],[-166,15],[-71,-33],[-32,-55],[30,-31],[-72,-73],[-42,16],[-32,-56],[-42,-22],[-61,35],[-56,16],[-9,-23],[-80,24],[-46,63],[-97,196],[21,148],[-23,98],[-39,41],[-45,12],[-10,-34],[-55,-12],[-58,50],[-51,25],[-69,14],[-31,35],[-76,5],[-210,-62],[-16,-19],[41,-46],[31,-71],[6,-52],[-70,-159],[-33,11],[-32,-15],[-37,17],[-5,71],[-69,22],[-74,122],[-33,-24],[21,-62],[8,-67],[-20,-31],[-41,-14],[-7,-48],[72,-18],[7,-25],[-28,-29],[-70,-25],[-39,17],[-12,-20],[-28,21],[-55,-77],[134,-94],[88,-7],[-1,-61],[52,-51],[61,-9],[15,-46],[80,2],[4,-23],[-41,-67],[-9,-48],[23,-62],[80,23],[20,98],[31,91],[60,15],[36,27],[47,-32],[56,0],[31,-66],[8,-55],[24,-49],[-6,-29],[-76,-110],[-109,-64],[-85,-90],[-60,-39],[-179,-54],[-51,19],[-36,-7],[-81,27],[-29,-12],[-41,-62],[20,-72],[-15,-30],[-68,-46],[-40,-13],[-39,-40],[-5,-102],[39,-82],[4,-32],[-23,-44],[12,-27],[-27,-115],[-17,-27],[26,-28],[133,145],[4,-4],[-134,-145],[25,-41],[-52,-116],[-62,-64],[-38,-15],[-81,10],[-54,-20],[-52,16],[-28,49],[-47,25],[-65,-41],[-80,13],[-27,-51],[-47,-49],[14,-51],[-30,-31],[-53,45],[60,59],[-2,39],[27,17],[-55,35],[-18,53],[34,19],[-1,41],[18,23],[47,10],[67,54],[-11,34],[31,27],[-3,170],[61,117],[8,76],[31,18],[95,-24],[39,19],[40,68],[-33,134],[8,64],[41,83],[95,104],[57,51],[11,64],[37,92],[4,71],[21,103],[-15,66],[-17,32],[-68,38],[-19,22],[-8,51],[-91,47],[31,35],[-26,74],[9,56],[-44,61],[57,18],[20,78],[17,13],[3,99],[53,59],[23,-7],[42,66],[44,-10],[77,27],[2,46],[21,-85],[18,-3],[90,40],[38,89],[19,4],[62,65],[5,79],[-26,34],[15,62],[73,91],[14,43],[5,83],[23,53],[8,118],[20,34],[29,-26],[-4,-39],[20,-71],[24,-15],[81,6],[34,-8],[121,87],[44,80],[7,39],[-58,128],[9,69],[-26,57],[13,10],[1,69],[-57,57],[-36,22],[-47,51],[51,79],[-2,48],[-33,37],[31,64],[36,33],[50,24],[-23,76],[-33,-5],[-13,26],[115,36],[63,31],[16,39],[97,45],[-4,50],[34,-11],[102,68],[62,-1],[23,18],[58,9],[11,57],[43,81],[39,45],[4,63],[-39,10],[-11,48],[65,6],[81,38],[11,45],[38,8],[-25,-38],[43,-10],[55,20],[77,63],[96,13],[38,35],[62,90],[-1,32],[86,28],[35,-13],[69,64],[67,12],[84,61],[43,18],[44,-32],[138,31],[30,25],[27,116],[5,63],[20,41],[77,120],[23,-58],[22,-15],[68,-10],[9,-120],[61,-21],[13,18],[0,53],[28,-8],[60,50],[66,24],[15,20],[18,114],[-73,33],[75,58],[-3,107],[14,31],[-32,89],[47,4],[38,20],[68,12],[8,58],[109,45],[29,-34],[63,-2],[28,19],[60,-44],[68,-13],[10,-32],[44,-24],[14,9],[64,-58],[3,-20],[91,5],[-2,16],[51,8],[38,20],[65,3],[35,15],[-7,26],[50,22],[49,-30],[58,-21],[76,97],[57,-4],[62,18],[8,-46],[60,-32],[20,-56],[58,-36],[72,-1],[81,41],[114,-6],[37,-53],[24,-13],[44,6],[77,55],[32,3],[24,60],[-17,6],[33,78],[40,15],[26,-39],[103,58],[31,1],[37,41],[10,46],[-27,10],[-16,75],[32,11],[11,205],[-34,113],[-62,42],[-13,22],[-97,-30],[-12,31],[32,23],[-23,84],[52,21],[-11,66],[-25,40],[-20,-12],[-67,43],[-34,75],[-32,26],[-64,-4],[-42,41],[-16,74],[-53,60],[-47,12],[-90,-39],[-91,-16],[-25,-45],[52,-57],[-81,72],[9,75],[-63,43],[-87,6],[-50,-27],[-35,13],[10,25],[-116,109],[-25,-17],[-66,22],[-30,30],[-16,45],[35,13],[-65,76],[-115,-70],[90,-155],[5,-21],[-104,186],[-55,6],[-8,34],[-71,47],[-20,-23],[-35,-7],[-115,-63],[-70,-26],[-40,-34],[-10,-54],[-29,-49],[-90,-58],[-35,-42],[-53,46],[-4,62],[-21,76],[-28,3],[-125,-35],[-47,-55],[-30,-109],[-22,-124],[-90,-126],[-15,-45],[-51,-7],[-36,36],[-104,26],[-87,-59],[-90,-89],[-93,-64],[0,10],[1,2]],[[46923,49565],[-11,97],[-18,46],[13,63],[-34,123],[10,52],[37,39],[57,26],[33,46],[6,112],[9,27],[57,89],[51,49],[17,52],[1,53],[36,179],[-14,154],[27,88],[0,116],[19,75],[13,98],[12,30],[-3,59],[32,92],[64,82],[26,20],[98,26],[64,46],[57,69],[76,49],[85,35],[38,3],[-16,73],[15,145],[-26,109],[32,125],[-10,98],[8,13],[88,4],[248,-39],[122,-4],[85,15],[72,20],[47,25],[60,55],[124,60],[141,81],[15,29],[56,49],[153,47],[48,-6],[75,-57],[72,-117],[117,-7],[110,-31],[110,11],[48,-16],[128,-184],[67,-38],[161,-121],[69,-62],[195,-98],[147,-110],[32,-52],[15,-118],[70,-32],[81,-62],[58,-23],[155,-35],[76,12],[69,-15],[80,-30],[100,-25],[105,-43],[82,9],[123,-7],[170,2],[42,-13],[64,-58],[94,-22],[138,-53],[126,-40],[78,-45],[183,-71],[206,21],[110,37],[155,87],[89,33],[107,30],[194,34],[70,7],[153,-10],[91,-17],[87,-30],[51,-6],[79,6],[131,37],[13,62],[35,119],[44,47],[63,28],[99,24],[87,13],[238,66],[52,10],[182,-71],[148,-76],[91,-8],[66,-19],[98,-78],[68,-26],[201,-9],[83,3],[121,14],[107,-2],[119,8],[178,2],[187,-23],[58,10],[116,-6],[139,-39],[178,-38],[175,8],[112,22],[49,24],[59,56],[30,54],[23,170],[73,87],[18,64],[19,14],[138,69],[340,51],[69,-2],[101,-56],[64,-28],[187,-58],[54,-12],[108,-6],[106,-17],[60,11],[61,-12],[59,20],[197,-40],[187,7],[81,30],[49,34],[470,45],[143,-11],[48,3],[90,-36],[128,-12],[50,-36],[56,-110],[89,-59],[55,-14],[211,-29],[88,-61],[55,-16],[220,-48],[88,-12],[160,-2],[36,7],[115,62],[111,32],[118,55],[31,28],[58,112],[23,18],[79,-5],[89,10],[39,22],[75,18],[29,55],[49,56],[88,6],[70,23],[65,51],[57,30],[99,20],[77,-6]],[[62255,51934],[117,-41],[50,-42],[54,-77],[187,-131],[55,-18],[81,-73],[64,-121],[85,-101],[37,-87],[13,-123],[33,-37],[67,-5],[74,-37],[103,-101],[58,-79],[-25,-97],[11,-91],[-7,-87],[-2,-118],[-52,-185],[39,-131],[12,-85],[-7,-144],[-27,-148],[-40,-130],[-81,-119],[-2,-69],[9,-42],[-3,-145],[27,-53],[-9,-105],[14,-81],[-59,-36],[-50,20],[-30,-40],[50,-76],[96,-79],[15,-28],[-1,-47],[-17,-54],[-9,-127],[5,-36],[-9,-97],[24,-116],[28,-81],[20,-20],[76,-33],[5,-57],[-20,-81],[8,-56],[27,-37],[37,-96],[13,-72],[67,-59],[27,-108],[54,-61],[8,-48],[-54,-45],[-66,-14],[5,-39],[-34,-75],[-1,-55],[23,-103],[1,-82],[130,0],[60,-41],[31,-138],[16,-40],[67,-72],[33,-65],[28,-134],[17,-43],[-7,-61],[7,-74],[23,-68],[14,-77],[-25,-83],[3,-86],[-34,-84],[-14,-60],[8,-59],[38,-45],[-5,-61],[-26,-95],[18,-99],[-47,-165],[-47,-80],[-54,-22],[-65,-72],[-143,81],[-28,40],[-40,8],[-26,-76],[-17,-22],[-71,-3],[-11,16],[2,63],[-62,108],[-67,73],[-4,54],[35,78],[-11,51],[-35,56],[-9,65],[16,54],[-34,52],[-79,35],[-43,49],[-66,7],[-55,19],[-48,-20],[-40,6],[-112,96],[-18,33],[-68,57],[-40,0],[-40,-31],[-51,-57],[-74,-69],[-40,-51],[-49,-130],[-71,25],[-24,-5],[-76,-61],[-17,-29],[-108,-267],[-16,-100],[-2,-63],[11,-157],[-130,3],[-9,77],[-19,27],[-60,45],[-62,8],[-92,-59],[-38,-53],[-27,-11],[-137,20],[-91,-6],[-82,-36],[-87,-1],[-77,7],[-71,-9],[-61,-39],[-43,13],[-67,68],[-69,48],[-72,3],[-79,-56],[2,-26],[77,-148],[-9,-42],[-64,16],[-26,-20],[-34,8],[-40,97],[-58,80],[-36,15],[-32,42],[-86,-56],[-12,75],[6,60],[78,47],[2,56],[-59,40],[-39,51],[-82,11],[-26,-37],[-69,-28],[-60,23],[-65,-9],[-151,28],[-40,14],[-68,2],[-133,-75],[-30,8],[-42,43],[-60,-6],[-37,-51],[-52,-34],[-85,0],[-82,17],[-111,40],[-157,48],[-142,121],[-27,-7],[-32,-57],[-3,-85],[7,-68],[-29,-93],[-1,-75],[22,-86],[39,-78],[8,-61],[-19,-89],[-47,-95],[-32,-78],[0,-63],[39,-211],[-5,-21],[-53,-66],[-16,-39],[-25,-221],[6,-59],[17,-46],[1,-56],[-31,-66],[-124,-133],[-31,-82],[-37,-71],[-46,-53],[-38,-20],[-58,13],[-176,25],[-89,-38],[-68,-12],[-93,13],[-60,61],[-56,11],[-73,-22],[-101,17],[-31,-79],[-38,-67],[-11,-40],[-1,-167],[-140,-233],[-133,-175],[-54,-43],[-79,-131],[-74,-95],[-50,-46],[-6,-36],[43,-129],[30,-68],[92,-67],[35,-53],[4,-28],[-14,-186],[-4,-180],[24,-4],[25,28],[8,87],[39,75],[27,23],[44,2],[85,-10],[121,-49],[99,-63],[60,-9],[5,-34],[-53,-88],[1,-96],[-66,-138],[-8,-86],[15,-57],[30,-51],[132,-195],[20,-64],[10,-83],[25,-108],[35,-47],[188,-161],[11,-42],[-14,-175],[0,-98],[26,-107],[2,-64],[-12,-86],[12,-27],[0,-136],[-6,-52],[15,-62],[35,-79],[9,-60],[-17,-84],[29,-68],[25,-107],[-2,-40],[21,-103],[32,-85],[67,-127],[3,-229],[-20,-84],[-115,-188],[-22,-53],[-14,-107],[-1,-71],[30,-100],[-38,-178],[7,-91],[75,-153],[19,-59],[-8,-58],[-49,-71],[-18,-56],[1,-116],[11,-64],[-89,-88],[-30,-48],[0,-33],[-22,-52],[1,-112],[18,-146],[-9,-69],[109,-32],[69,-39],[54,-62],[69,-41],[27,7],[87,-82],[79,23],[101,12],[72,19],[156,31],[165,63],[123,52],[184,10],[60,20],[81,69],[34,88],[95,62],[106,78],[58,24],[95,26],[123,87],[58,49],[99,25],[60,38],[-21,97],[13,50],[40,53],[31,138],[106,213],[33,43],[60,35],[185,12],[62,0],[210,38],[27,-8],[112,-77],[30,-7],[45,13],[103,61],[119,59],[65,-8],[133,-49],[55,10],[64,29],[52,2],[55,19],[71,9],[75,25],[91,13],[106,-1],[122,-29],[74,-42],[110,-24],[90,42]],[[62421,38166],[82,-48],[36,-32],[87,-100],[120,-107],[-1,-72],[15,-48],[64,-62],[43,-26],[83,-92],[72,-61],[59,-66],[-1,-105],[14,-25],[87,-20],[33,-44],[68,-42],[18,-25],[82,-63],[-103,-100],[-36,-72],[-108,-56],[-55,-74],[-52,-53],[-73,-50],[-104,-97],[-51,-65],[-84,-80],[-152,-123],[-23,-90],[-15,-24],[-223,-201],[-39,-85],[-53,-11],[-73,9],[-58,-5],[-159,27],[-74,-32],[-102,-28],[-27,-18],[-37,-103],[-55,-56],[-49,-127],[-64,-78],[-92,-49],[-54,-54],[-139,-79],[-147,-105],[-80,-48],[-173,-164],[-70,-44],[-76,-34],[-51,-7],[-97,0],[-56,-84],[-140,-67]],[[60338,34801],[-32,38],[-106,152],[-174,-68],[-151,-47],[-106,-25],[-106,-39],[-91,-12],[-112,-28],[-132,-60],[-61,-15],[-48,20],[-78,-3],[-79,-107],[-154,-67],[-45,-34],[-108,-36],[-46,-35],[-76,-84],[-5,-74],[6,-169],[38,-183],[-6,-171],[-22,-44],[4,-76],[-11,-144],[-49,-75],[-82,-93],[-130,-113],[-146,-115],[-40,-89],[14,-85],[28,-75],[109,-204],[68,-75],[93,-80],[23,-92],[31,-36],[42,-94],[24,-26],[63,-19],[42,-29],[81,-90],[63,-95],[31,-25],[147,-53],[55,-34],[45,-42],[88,-156],[39,-86],[40,-134],[31,-61],[15,-56],[14,-110],[12,-45],[31,-37],[124,-84],[65,-27],[24,-25],[37,-74],[46,-39],[49,-87],[111,-152],[-26,-101],[-42,-118],[-11,-62],[4,-90],[10,-51],[-88,-186],[-15,-47],[-11,-88],[14,-50],[-21,-66],[-11,-117],[-45,-207],[-16,-53],[-33,-36],[-41,-73],[-32,-105],[-3,-90],[-27,-142],[10,-85],[61,-129],[42,-48],[41,-24],[115,-24],[89,1],[161,-16],[100,18],[112,92],[50,3],[36,-31],[77,-32],[34,-91],[3,-79],[30,-180],[11,-170],[20,-45],[104,-91],[117,-131],[46,-87],[75,-55],[17,-23],[110,-95],[103,-137],[3,-228],[69,-183],[79,-135],[25,-52],[-20,-95],[59,-76],[89,-71],[125,-72],[102,-98],[84,-47],[50,-41],[82,-114],[96,-100],[73,-55],[92,-8],[54,-12],[160,-22],[67,-30],[88,-19],[114,4],[21,10],[127,-1],[156,-66],[28,-4],[24,-17],[43,-89],[17,-141],[22,-96],[57,-131],[41,-118],[14,-95],[-11,-138],[21,-180],[30,-117],[24,-46],[69,-175],[81,-147],[87,-218],[64,-236],[-11,-132],[36,-117],[7,-64],[13,-254],[-1,-70],[21,-73],[7,-90],[-9,-21],[-76,-90],[-78,-85],[-75,-103],[-28,-77],[-16,-94],[-42,-67],[-2,-46],[58,-92],[56,-60],[58,-126],[-9,-50],[-46,-138],[1,-45],[44,-139],[63,-285],[19,-73],[29,-72],[-76,-144],[-35,-85],[-54,-108],[-52,-116],[-60,-122],[-93,-84],[-39,-46],[-102,-79],[-82,-39],[-100,-72],[-118,-148],[-65,-102],[-138,-189],[-73,-134],[-47,-120],[-9,-51]],[[62327,19976],[-65,8],[-82,-7],[-78,-18],[-83,-4],[-110,21],[-165,-14],[-200,111],[-64,43],[-80,4],[-65,25],[-47,41],[-59,116],[-30,21],[-213,51],[-133,49],[-54,40],[-45,46],[-100,29],[-35,34],[-150,57],[-32,23],[-58,67],[-15,-1],[-175,-123],[-71,-34],[-65,-8],[-27,-16],[-32,-75],[-28,-22],[-147,-62],[-40,-23],[-61,-67],[-55,-82],[-78,-77],[-60,-50],[-54,-96],[-39,-39],[-73,-49],[-54,-25],[-50,-66],[-86,-39],[-166,-141],[-76,-61],[-75,-38],[-60,-46],[-66,-67],[-55,-70],[-56,-46],[-15,-42],[-35,16],[-99,10],[-84,-4],[-53,8],[-195,94],[-47,13],[-55,-2],[-117,-39],[-65,0],[-44,31],[-122,107],[-35,36],[-54,35],[-48,13],[-104,71],[-101,-23],[-141,-23],[-96,0],[-97,22],[-171,55],[-37,0],[-115,30],[-93,12],[-59,-12],[-54,-64],[-67,-120],[-88,-126],[-32,-80],[-34,-28],[-54,-16],[-93,-52],[-72,-19],[-116,-6],[-96,28],[-127,-81],[-59,-14],[-37,-26],[-33,-47],[-45,-29],[-49,-70],[-32,-78],[-32,-19],[-82,9],[-43,-10],[-58,-36],[-59,-50],[-49,-19],[-53,4],[-162,63],[-203,57],[-61,-11],[-36,-47],[-36,-125],[-58,-65],[-14,-49],[-5,-99],[-50,-81],[41,-61],[-3,-15],[-127,-61],[-72,-44],[-20,2],[-2,109],[-33,57],[-50,34],[-85,6],[-12,-24],[-6,-86],[-85,-133],[-47,-35],[-238,-29],[-90,-71],[-74,-28],[-58,-10],[-103,-3],[-35,-13],[-139,3],[-87,59],[-129,16],[-55,21],[-16,25],[-7,64],[-23,23],[-29,-19],[-88,-25],[-63,13],[-60,24],[-66,11],[-84,-33],[-73,-3],[-101,47],[-27,4],[-279,5],[-176,45],[-39,-4],[-109,68],[-50,4],[-57,-19],[-33,3],[-66,45],[-41,6],[-202,-77],[-49,-28],[-31,-38],[-9,-37],[-27,-31],[-47,1],[-11,-22],[10,-75],[-58,-95],[-41,-39],[-40,-22],[-169,-119],[-57,-35],[-85,-84],[-120,-104],[-79,-34],[-56,-37],[-47,-17],[-29,19],[-31,78],[-96,76],[-50,47],[-193,134],[-70,30],[-34,-5],[-91,-35],[-80,-11],[-88,-21],[-146,6],[-60,32],[-38,81],[-49,49],[-107,86],[-94,42],[-98,73],[-33,1],[-163,-86],[-80,-11],[-118,-9],[-69,41],[-41,-6],[-148,30],[-84,-22],[-61,-45],[-72,-73],[-101,10],[-129,-52],[-116,-55],[-57,-12],[-45,199],[-24,26],[-76,35],[-61,75],[-71,61],[-19,44],[8,64],[-19,63],[-18,17],[-41,-28],[-113,-46],[-125,10],[-45,12],[-80,64],[-32,6],[-92,-30],[-34,18],[-194,11],[-120,35],[-51,56],[-113,107],[-68,30],[-59,43],[-52,63],[-79,39],[-88,124],[-67,53],[-161,89],[-148,100],[-54,82],[-145,74],[-43,68],[-98,68],[-60,-33],[-67,-1],[-60,-16],[-82,-33],[-216,29],[-34,21],[-72,17],[-75,31],[-28,69],[-37,61],[-67,44],[-85,8],[-49,29],[-137,62],[-97,-23],[-27,-26],[-39,-9],[-38,25],[-44,55],[-268,-9],[-52,10],[-71,-25],[-69,-6],[-100,-47],[-37,-42],[-41,-27],[-55,-75],[-7,-24],[2,-94],[-11,-20],[-61,-3],[-145,34],[-43,0],[-144,-40],[-81,-28],[-96,1],[-102,-26],[-172,-63],[-37,11],[-39,61],[-153,12],[-41,-10],[-76,-2],[-78,-33],[-68,-54],[-49,8],[-37,57],[-104,122],[-112,-7],[-171,53],[-87,44],[-64,-7],[-75,-71],[-46,-21],[-63,-7],[-34,-16],[-122,20],[-45,-9],[-28,-33],[-52,-32],[-55,-15],[-56,2],[-69,31],[-130,30],[-107,71],[-15,25],[-35,127],[-37,56],[-35,17],[-223,0],[-131,96],[-95,56],[-124,50],[-31,23],[-96,126],[-12,38],[4,151],[-12,13],[-116,37],[-90,10],[-79,31],[-53,6],[-28,-12],[-85,-13],[-90,-28],[-80,48],[-57,16],[-95,-44],[-57,16],[-58,-13],[-45,-32],[-88,-27],[-78,19],[-70,6],[-43,-23],[-45,-46],[-39,-18],[-33,-47],[-54,-17],[-58,-87],[-44,-35],[-103,-61],[-47,-5],[-183,-112],[-57,-97],[11,-34],[52,-15],[40,-44],[14,-159],[-1,-92],[127,-143],[34,-69],[-14,-66],[6,-70],[-3,-136],[7,-31],[37,-66],[-3,-68],[18,-53],[-10,-48],[-5,-133],[16,-74],[-31,-62],[-7,-96],[-54,-107],[-20,-138],[20,-155],[-74,-40],[-112,-95],[-64,-42],[-67,-125],[-56,-39],[-28,-101],[-49,-54],[-2,-82],[14,-61],[3,-106],[-24,-102],[-5,-76],[-33,-92],[-26,-121],[-29,-79],[-39,-48],[-88,-64],[-18,-29],[6,-77],[-41,-91],[-44,-120],[-28,-37],[-44,-30],[-199,-85],[-42,-117],[-54,-33],[-90,15],[-114,5],[-70,-26],[-102,24],[-92,-23],[-163,29],[-183,16],[-41,-2],[-42,-41],[-37,-12],[-72,23],[-129,7],[-67,-3],[-61,28],[-81,13],[-81,-28]],[[47848,39897],[-31,18],[-2,27],[27,63],[-17,18],[39,48],[27,69],[57,58],[120,8],[73,59],[61,13],[5,47],[43,-3],[41,50],[78,-30],[38,82],[-46,64],[22,55],[-2,61],[15,24],[-13,29],[15,37],[68,-44],[26,17],[27,49],[-17,90],[71,15],[18,90],[38,63],[30,88],[2,45],[71,58],[32,8],[10,32],[-31,94],[26,36],[31,14],[86,-29],[111,-104],[41,-12],[60,-75],[68,-24],[40,-25],[23,-45],[94,-70],[79,15],[56,-36],[96,25],[21,80],[52,-11],[62,-76],[15,-33],[20,-123],[-24,-24],[24,-53],[84,-73],[14,-45],[-11,-76],[32,-34],[122,-57],[38,-43],[14,-94],[19,-33],[74,-12],[18,-64],[24,-22],[56,-1],[20,-16],[3,-77],[61,-79],[34,-145],[23,-37],[65,-35],[-14,-39],[-46,-7],[12,-44],[62,-50],[-12,-42],[-71,-39],[-6,-45],[34,-73],[-3,-91],[-171,-86],[-2,4],[169,84],[1,54],[-207,-3],[-12,-75],[-36,1],[-116,-60],[-35,0],[-13,-64],[-41,-4],[-86,26],[-81,-49],[-46,10],[-80,50],[-52,-38],[22,-56],[25,-102],[-30,-11],[-16,32],[-63,13],[-97,53],[-69,-39],[36,-56],[-10,-6],[-32,59],[-66,-37],[-7,-29],[44,-60],[-6,-19],[-58,-10],[-4,-53],[25,13],[26,-51],[-61,-38],[-27,-92],[-71,-39],[-82,-29],[-41,2],[-80,44],[-97,14],[-1,30],[49,107],[-22,54],[-16,86],[-24,61],[-29,38],[-46,7],[-18,23],[-74,-9],[-20,38],[9,78],[-14,46],[-27,15],[-57,-12],[-12,21],[-2,94],[-48,52],[-78,2],[-173,40],[-84,47],[0,39],[31,44],[26,79],[-23,71],[-74,3],[-14,34],[-41,12],[-56,-3],[-97,55],[-26,3],[-14,33]],[[35000,37500],[-110,-36],[-75,-40],[-42,-36],[-9,-36],[-53,-65],[-117,-63],[-68,-109],[-23,-95],[-20,-53],[-56,19],[-28,-6],[14,57],[-54,46],[-198,-51],[-11,25],[-78,-43],[-89,-105],[-39,24],[17,22],[-26,43],[-25,14],[-57,-6],[-77,-45],[-41,-34],[-78,-97],[-18,-80],[31,-111],[39,-63],[42,-10],[77,-118],[9,-39],[-33,-56],[-10,7],[-104,-38],[-21,48],[9,36],[-51,1],[-24,-38],[-105,-63],[-8,-45],[14,-19],[103,-57],[-13,-34],[57,-34],[5,10],[109,-59],[85,147],[11,-8],[-55,-78],[-40,-79],[19,-34],[-16,-22],[-67,-40],[33,32],[-58,1],[-30,-39],[-17,-83],[26,-110],[63,-70],[59,-80],[46,-43],[103,-56],[49,-41],[52,-16],[21,-45],[21,2],[2,-57],[-45,-23],[-97,-70],[-26,-39],[21,-60],[-37,-6],[-42,14],[-42,-15],[-100,16],[-10,21],[-58,-11],[-64,42],[-65,85],[-78,22],[-47,-17],[-44,2],[-4,22],[37,15],[-21,41],[2,90],[48,45],[15,41],[4,55],[-15,33],[-36,25],[47,34],[40,49],[-55,95],[8,15],[-59,43],[-35,-12],[-22,13],[-70,-8],[-12,40],[56,90],[-12,40],[16,55],[-18,60],[2,71],[33,21],[26,42],[16,66],[17,24],[-24,79],[6,45],[-83,87],[-62,16],[-35,-41],[-61,-27],[-48,-40],[-55,-7],[-56,12],[16,69],[33,17],[-8,50],[59,42],[41,-12],[33,14],[20,42],[3,80],[-75,126],[-60,66],[-67,21],[-93,69],[-100,51],[-64,18],[-60,51],[-33,11],[-121,16],[-217,-14],[-49,-24],[-21,4],[-96,-32],[-36,-22],[-46,14],[-145,78],[-55,7],[-40,27],[-9,30],[41,-15],[54,4],[28,-45],[80,-16],[24,-14],[92,32],[21,44],[49,-35],[7,-29],[28,-11],[76,24],[80,58],[10,51],[-18,20],[22,20],[40,-15],[61,61],[-13,44],[34,55],[35,-12],[53,-52],[35,-53],[79,2],[50,19],[51,-8],[15,-25],[33,-2],[31,27],[58,-6],[14,-16],[3,-76],[70,-53],[64,-64],[7,-40],[98,-92],[70,-6],[78,27],[104,53],[57,-16],[45,21],[113,107],[27,13],[21,-22],[33,15],[33,42],[15,51],[-19,37],[66,16],[43,-24],[62,-3],[21,-17],[58,24],[28,25],[67,-6],[70,57],[23,39],[8,51],[-37,55],[-13,59],[-45,56],[-2,57],[-29,39],[96,73],[-13,32],[35,39],[67,-6],[76,58],[70,96],[37,-25],[93,-14],[14,13],[15,-42],[61,20],[2,-18],[38,1],[52,57],[33,51],[6,121],[21,41],[50,13],[27,51],[37,-2],[9,39],[123,2],[37,-15],[75,47],[43,52],[63,18],[30,53],[13,57],[26,21],[-1,53],[-18,26],[-38,12],[-101,103],[-61,19],[-33,-16],[-33,43],[30,-2],[13,28],[-2,47],[-52,47],[91,-30],[25,-58],[85,-59],[39,6],[167,-144],[79,-40],[41,-66],[9,-67],[40,-101],[-3,-31],[-41,-61],[-23,-92],[9,-54],[53,-93],[35,-9],[72,-75],[54,-73],[53,-16],[17,-46],[-28,-32],[-60,-166],[31,-71],[36,-7],[-38,-45],[15,-53],[-85,14],[-32,-7],[-104,-64],[-46,36],[-78,-26],[-38,-35],[-51,-3],[-98,60],[-59,0],[-67,-13],[-49,-43],[-38,1]],[[26388,32715],[-36,13],[-21,-20],[-68,36],[21,45],[-47,-10],[12,36],[-34,-7],[21,47],[-10,59],[-51,-17],[21,22],[-21,30],[-40,19],[-58,-24],[-25,21],[11,41],[-84,22],[-36,-12],[-60,37],[-142,35],[-75,-27],[-7,-57],[-35,3],[-16,25],[-39,-3],[-17,18],[-74,22],[-162,5],[-62,-7],[-29,-26],[-32,4],[-95,-28],[-113,2],[-48,-10],[-168,-72],[-27,13],[-53,-12],[-7,-22],[-54,4],[-16,-17],[-133,-2],[18,47],[-26,43],[-24,-2],[-15,36],[16,15],[-41,99],[-21,26],[7,69],[-55,165],[-40,64],[-28,25],[-73,-6],[8,36],[-20,1],[2,46],[-25,-12],[-10,26],[53,24],[-29,132],[29,15],[9,114],[-7,44],[17,31],[6,74],[23,36],[-10,32],[26,38],[-1,54],[53,63],[10,52],[-16,86],[-17,19],[34,22],[-19,27],[41,13],[-5,59],[-37,71],[-58,20],[-10,21],[-48,6],[-18,26],[-68,9],[-21,38],[-37,9],[-25,-29],[-20,11],[26,24],[-28,8],[23,28],[82,17],[136,17],[69,-27],[29,22],[37,-2],[64,-27],[21,-22],[21,-57],[-19,-102],[21,-103],[19,-34],[37,-15],[33,-166],[-12,-39],[-43,-50],[-29,-108],[9,-79],[-28,-61],[-11,-63],[6,-75],[44,-60],[1,-48],[-52,-70],[-12,-46],[62,-52],[94,20],[46,-25],[76,-63],[29,-42],[49,10],[-14,58],[-25,26],[16,72],[-37,134],[21,36],[24,114],[15,-4],[43,93],[96,13],[28,20],[-3,64],[43,14],[-7,-59],[27,-59],[59,-64],[20,3],[12,-48],[42,-45],[78,-53],[17,-1],[-17,-80],[30,-63],[40,-22],[23,-43],[-2,-48],[34,-45],[33,-10],[15,-57],[-14,-38],[44,-46],[34,-2],[65,-31],[72,14],[37,67],[27,29],[58,7],[51,25],[16,25],[22,86],[-8,92],[-12,14],[19,39],[-20,10],[8,34],[65,56],[44,16],[23,54],[35,49],[33,18],[4,-28],[58,-94],[5,-41],[31,-32],[14,-51],[39,-9],[63,-61],[16,-42],[63,-27],[117,12],[46,31],[20,27],[-11,106],[9,33],[77,-15],[58,45],[70,-27],[45,24],[38,56],[-25,76],[27,121],[24,-15],[41,4],[15,61],[76,23],[40,-16],[37,16],[93,-6],[39,34],[-10,34],[30,83],[68,61],[45,-22],[41,-60],[-6,-25],[19,-83],[-67,-193],[-47,-92],[-29,-38],[-33,-139],[7,-43],[-7,-94],[57,-73],[78,-72],[54,5],[61,-49],[-63,-29],[-99,15],[-24,15],[-73,92],[-41,-24],[3,-50],[-52,-45],[-17,-48],[54,-66],[3,-96],[-36,-59],[-54,-27],[-107,-5],[-29,-15],[-14,-55],[26,-49],[3,-60],[-37,-30],[-84,-39],[-66,-89],[49,-92],[41,19],[25,-12],[37,-77],[-24,-110],[-34,-39],[-1,-37],[-50,-3],[-82,36],[-57,-1],[47,55],[-21,74],[-58,80],[-58,26],[-63,59],[9,29],[-41,-13],[15,34],[-19,51],[-27,25]],[[26949,31471],[-35,0],[-18,22],[24,29],[-56,7],[-3,37],[-22,5],[-9,52],[-24,-6],[16,36],[-60,7],[-19,42],[36,32],[-30,80],[-48,46],[-22,-5],[1,33],[-41,-14],[-10,24],[-24,-12],[-44,12],[32,26],[-9,38],[-29,18],[-43,-1],[34,55],[40,-21],[-18,45],[22,37],[27,-5],[-14,31],[38,11],[52,98],[48,25],[32,-37],[-45,-73],[31,-44],[31,6],[41,-44],[44,4],[16,-49],[72,-30],[63,-39],[34,-2],[-34,-48],[-3,-98],[61,-46],[40,-15],[68,-6],[34,16],[54,-29],[58,-9],[31,19],[30,57],[59,-20],[48,26],[-10,120],[-18,29],[31,55],[-8,53],[-29,45],[10,14],[38,-18],[16,-37],[61,-30],[46,-80],[46,-15],[67,20],[0,21],[74,61],[10,-79],[-7,-98],[39,-38],[25,6],[41,-26],[99,43],[34,-3],[39,42],[44,-17],[79,16],[33,21],[11,32],[40,-2],[32,51],[20,9],[-6,63],[19,38],[65,29],[73,83],[12,41],[38,31],[-13,12],[56,85],[27,1],[45,-38],[55,3],[23,27],[32,2],[5,-28],[30,-3],[17,23],[46,-43],[-68,-58],[-25,-63],[-10,-52],[-46,-27],[-53,-9],[-54,-80],[-65,24],[-28,-36],[-67,-41],[-33,-105],[23,-28],[-25,-16],[-118,-171],[-45,-46],[-39,-77],[15,-70],[1,-57],[63,-19],[27,10],[9,-26],[-36,-99],[3,-37],[-46,-71],[18,-64],[58,-71],[96,-80],[101,-49],[13,27],[192,-37],[51,-20],[55,4],[2,-60],[78,-3],[6,89],[-50,-30],[-50,43],[-27,-2],[-66,15],[-111,59],[2,5],[114,-58],[63,-14],[22,3],[14,-12],[149,59],[120,64],[80,0],[16,-37],[-29,-72],[24,-32],[-44,-6],[-47,-33],[-51,-61],[8,-21],[-63,-27],[36,-16],[-94,-53],[15,-18],[-32,-9],[-7,-25],[-40,-37],[-130,-49],[-42,7],[-23,28],[28,5],[-27,39],[-86,-33],[-20,17],[33,14],[-17,39],[-62,22],[-10,-17],[-39,42],[-41,13],[-101,6],[-49,-23],[-76,-21],[-88,27],[-58,40],[-22,32],[9,38],[-28,28],[13,13],[-57,61],[9,7],[-37,65],[-39,46],[6,20],[-41,6],[-30,42],[-35,24],[-111,36],[9,24],[-42,34],[-90,49],[-57,12],[-72,-34],[-40,13],[-40,-7],[-37,17],[-91,-19],[-11,14],[-54,-41],[-59,34],[-62,15],[-8,27],[-41,13],[25,10],[-29,23],[-15,78],[-64,53]],[[29898,25211],[-14,-42],[-34,6],[2,38],[-52,-4],[0,-16],[-66,-3],[-26,20],[-53,14],[-36,-10],[4,-59],[-54,3],[6,32],[-62,12],[2,37],[-27,1],[11,47],[-33,33],[27,24],[6,107],[13,66],[63,192],[-1,64],[96,91],[6,18],[97,30],[53,-24],[45,12],[25,-11],[14,22],[9,-53],[92,-34],[51,-7],[156,20],[80,40],[71,63],[68,74],[68,27],[88,-29],[166,-2],[87,22],[51,43],[34,-12],[1,-32],[64,-47],[58,-26],[70,9],[64,28],[7,22],[48,-29],[20,-36],[18,-101],[22,-21],[15,-53],[-19,-6],[37,-69],[-18,-39],[-94,-68],[-46,-7],[-89,-42],[-43,27],[-49,-26],[9,-35],[-50,-19],[-1,21],[-48,7],[1,39],[-38,-34],[5,34],[-58,19],[-55,-3],[-105,-52],[-40,-84],[-73,-20],[8,31],[-62,-31],[-83,38],[-28,-62],[-50,-29],[-43,35],[21,-58],[-30,17],[6,-50],[-42,-20],[-46,-40],[-26,-2],[-31,26],[-61,-49],[-4,22],[-47,-28],[-38,15],[-24,-19],[-66,-5]],[[38183,25653],[37,38],[74,5],[-28,46],[26,30],[115,33],[24,29],[10,72],[42,5],[35,31],[30,61],[16,107],[-29,22],[15,36],[93,8],[111,26],[31,34],[43,-6],[99,84],[50,-2],[82,46],[47,44],[46,25],[51,-7],[54,13],[85,8],[69,108],[83,32],[138,-30],[34,2],[-9,-44],[38,-50],[74,-12],[64,-22],[50,-30],[70,-73],[58,-22],[-4,-26],[-72,14],[-28,32],[-51,15],[-112,48],[-49,34],[-64,10],[-51,-5],[-73,-29],[-56,-48],[-35,-46],[-72,46],[-58,14],[-107,-22],[-132,-59],[-74,-63],[-36,-81],[50,-99],[-22,4],[-51,-107],[-34,-18],[11,-24],[53,-4],[70,-59],[98,-56],[55,-57],[40,-24],[2,-27],[-31,-51],[-45,10],[-36,-8],[-79,-37],[-49,-68],[-32,-74],[-11,-50],[14,-31],[-54,-89],[-6,-32],[-60,21],[-53,-9],[-34,19],[-35,-33],[-120,-24],[12,44],[-30,50],[27,8],[0,64],[-45,82],[-51,32],[-30,33],[-61,10],[-27,34],[-37,14],[-30,-23],[-25,77],[-41,7],[-42,-35],[-15,49]],[[30119,31154],[-114,-78],[0,-20],[-48,-4],[-32,42],[36,36],[40,-2],[72,84],[62,25],[38,-3],[65,81],[2,25],[63,94],[103,18],[87,-14],[65,16],[32,88],[21,30],[95,50],[70,7],[36,38],[49,-23],[78,27],[43,58],[6,33],[-22,14],[48,48],[17,-19],[65,1],[15,35],[52,-9],[69,51],[11,60],[49,35],[6,24],[69,36],[30,-24],[25,3],[18,74],[54,15],[29,-56],[122,-62],[159,0],[54,-13],[81,-35],[172,-8],[31,-67],[-34,-54],[-32,-9],[-42,18],[-204,36],[-8,32],[-39,2],[-107,-13],[-5,-59],[-30,-7],[-2,27],[-56,-3],[-143,-24],[-65,-44],[-27,24],[-41,-15],[-3,-61],[-28,-23],[-27,32],[-80,-10],[-32,-49],[-29,3],[-52,-34],[-2,-28],[-30,-25],[-41,-70],[-62,-19],[-53,-66],[-36,-17],[-45,-42],[4,-37],[26,-38],[-43,-2],[-20,-40],[28,-25],[-98,-110],[11,-29],[-45,24],[-26,37],[6,40],[-36,35],[-31,4],[0,28],[-54,22],[-72,8],[-62,-7],[-120,-47],[-22,-24],[-52,6],[-62,-58]],[[33376,39836],[-43,20],[15,11],[-32,64],[-71,22],[-65,-31],[-23,20],[28,16],[129,35],[8,-26],[125,67],[14,27],[0,59],[14,32],[66,53],[1,23],[32,14],[44,-5],[47,39],[75,17],[34,-27],[6,-86],[29,-24],[39,-73],[58,-15],[60,-60],[7,-80],[-25,6],[-67,-26],[-15,-46],[11,-24],[3,-157],[59,-32],[15,4],[112,-63],[1,-17],[-50,-95],[-12,-47],[13,-79],[-30,-25],[-49,41],[-19,33],[-29,-3],[-44,-77],[-28,21],[0,37],[-122,61],[-48,48],[-11,55],[19,45],[-3,97],[-27,71],[-79,58],[-32,10],[-28,-16],[-77,41],[-35,-13]],[[34183,34946],[-8,25],[45,14],[16,31],[-16,46],[47,3],[53,29],[12,22],[75,-18],[75,10],[99,-45],[55,-17],[94,-54],[52,-48],[49,10],[25,-10],[5,-148],[62,-53],[39,-53],[4,-38],[30,-16],[-7,-37],[-58,-69],[3,-26],[-55,2],[-34,30],[-47,9],[-65,-4],[-122,-35],[-89,-58],[-6,-36],[30,-16],[-55,-28],[-52,3],[-19,17],[65,37],[-55,123],[34,89],[-12,31],[-39,33],[-28,76],[-50,11],[-5,30],[-53,12],[-2,24],[-31,17],[-31,50],[-30,25]],[[44976,38210],[-20,-16],[-65,5],[41,60],[84,59],[38,64],[-16,58],[43,21],[30,-31],[29,34],[99,34],[68,-13],[34,28],[28,53],[-21,59],[27,28],[-16,16],[27,40],[63,16],[-11,43],[13,29],[51,20],[-9,17],[37,9],[-1,-35],[36,-170],[-2,-45],[37,-47],[70,-44],[57,25],[39,43],[-6,32],[66,52],[53,22],[2,22],[51,24],[37,0],[34,64],[34,25],[3,47],[56,-46],[33,-1],[18,28],[69,24],[14,37],[43,9],[25,-31],[38,1],[-29,-39],[-60,-7],[-85,-74],[-30,-56],[-28,-3],[-66,-31],[-25,-37],[-56,-30],[-29,-39],[-9,-41],[14,-19],[72,-27],[55,8],[-26,-42],[-47,-19],[-18,-33],[1,-38],[-27,-34],[-91,33],[-11,-17],[-50,19],[-33,-11],[-31,-32],[-46,19],[-49,62],[14,36],[-70,52],[-52,1],[-26,-25],[-69,-10],[-56,-30],[6,-88],[-54,24],[-62,-12],[-13,-28],[-117,-20],[-23,-42],[-107,-9],[-27,-30]],[[37233,32593],[35,-32],[15,-43],[-19,-7],[-19,31],[-33,-18],[18,-34],[27,-10],[-52,-32],[-5,-27],[31,-32],[-31,-22],[0,27],[-42,-46],[2,-45],[-45,-9],[-74,-41],[24,-32],[-36,-48],[-41,3],[-23,34],[3,40],[-58,-5],[-16,11],[-50,78],[-12,-28],[-56,-22],[-39,47],[-42,-1],[-24,35],[-3,74],[39,-22],[22,52],[49,36],[7,38],[46,1],[-16,17],[14,33],[65,-11],[47,40],[13,-12],[65,39],[47,82],[29,115],[53,-40],[22,3],[13,-85],[52,-96],[-2,-36]],[[37393,34145],[26,-79],[-16,-15],[-57,14],[-49,-17],[-11,55],[-21,29],[86,47],[23,36],[-3,60],[-33,37],[-33,12],[-20,33],[44,54],[11,71],[-12,36],[39,10],[13,-17],[26,40],[71,15],[3,37],[35,22],[85,14],[118,-5],[73,9],[-2,-45],[31,-23],[57,-11],[47,33],[80,2],[100,32],[29,-34],[-21,-80],[-35,-34],[-53,-26],[-59,4],[-78,-17],[-24,-17],[-19,17],[-54,-39],[-73,-25],[-16,-20],[-85,-41],[-33,11],[-139,-59],[-54,-71],[3,-55]],[[24409,35215],[-79,-6],[-6,32],[21,18],[-18,43],[-21,10],[-149,5],[-104,-8],[-54,-27],[3,16],[-47,-6],[-34,29],[5,34],[-28,10],[20,34],[-4,47],[48,5],[42,29],[82,9],[93,-66],[57,-15],[63,-5],[21,-30],[47,-33],[57,-24],[31,-1],[3,-28],[39,-26],[58,-3],[42,43],[-13,17],[59,41],[33,-7],[50,27],[31,-38],[-15,-20],[33,-17],[39,38],[36,-10],[32,28],[34,0],[0,-46],[-66,-5],[-41,-60],[-23,-13],[-107,0],[-139,-24],[-64,15],[-67,-12]],[[45120,40860],[-66,29],[37,114],[56,-9],[36,-33],[20,-62],[28,-27],[57,1],[43,-16],[101,5],[17,-10],[89,23],[5,-29],[74,-64],[5,-21],[56,-28],[7,-54],[-41,-20],[-71,-12],[-183,74],[-70,-10],[-108,40],[-38,60],[-54,49]],[[47153,37157],[15,-57],[-49,28],[2,51],[-87,47],[-25,33],[-56,37],[-2,71],[-65,10],[-21,19],[22,25],[22,57],[36,1],[62,29],[9,35],[19,-10],[28,-107],[49,-132],[4,-87],[37,-50]],[[24880,35148],[8,32],[36,21],[59,-53],[-6,-23],[106,-86],[28,-7],[39,-44],[-63,-11],[-53,-28],[-79,0],[-30,55],[-51,70],[6,74]],[[36558,37465],[-42,-25],[-73,17],[-24,29],[-55,15],[-22,46],[82,18],[21,28],[68,35],[22,-56],[42,-56],[-19,-51]],[[48540,38773],[-18,-13],[-37,19],[-29,68],[-138,23],[-63,-6],[-41,17],[-42,-10],[-31,-30],[39,84],[41,26],[50,-47],[40,-18],[66,16],[-3,-17],[43,-3],[10,-16],[99,-8],[56,-39],[18,14],[-16,29],[61,-13],[12,-33],[-47,1],[-59,-16],[-11,-28]],[[28558,25186],[-22,-13],[-31,24],[10,43],[32,38],[-32,7],[5,26],[54,41],[64,-3],[0,-40],[19,10],[16,-57],[-37,-45],[-78,-31]],[[32626,25509],[21,42],[67,4],[20,27],[25,-4],[29,27],[2,-28],[-25,-9],[14,-35],[-3,-47],[-20,-17],[-104,-27],[-23,27],[-3,40]],[[31290,37545],[-6,32],[41,22],[-19,50],[25,1],[11,-39],[69,-13],[42,-76],[-7,-38],[-35,21],[-61,6],[-6,15],[-54,19]],[[30486,25330],[16,43],[31,25],[72,-51],[-63,-85],[-34,-23],[-8,41],[-20,13],[6,37]],[[41516,25433],[-28,-35],[-43,-17],[-112,-19],[-15,19],[40,40],[68,29],[64,2],[26,-19]],[[32540,25499],[-36,3],[-19,41],[17,21],[62,34],[46,-17],[18,-35],[-16,-19],[-72,-28]],[[39808,27366],[32,49],[31,19],[54,65],[65,-21],[-7,-26],[-52,-41],[-92,-47],[-31,2]],[[29756,30972],[21,22],[125,21],[42,-26],[-26,-19],[-114,-35],[-71,13],[23,24]],[[40808,38138],[-18,13],[0,54],[44,10],[15,-23],[215,68],[-191,-67],[1,-24],[-29,-56],[-37,25]],[[28882,25094],[10,48],[57,5],[18,-38],[-51,-81],[-24,-6],[-10,72]],[[34316,39071],[20,6],[22,51],[57,-4],[-8,-66],[-126,-22],[35,35]],[[41167,34769],[69,19],[28,-71],[-31,-19],[-78,30],[12,41]],[[39343,34689],[49,34],[50,-9],[4,-26],[-38,-30],[-39,-10],[-26,41]],[[41534,28087],[79,-22],[18,-18],[-17,-28],[-50,28],[-50,-8],[-32,26],[52,22]],[[36863,32295],[30,-54],[-8,-51],[-57,46],[12,51],[23,8]],[[30967,25396],[-60,4],[1,41],[100,8],[-41,-53]],[[35809,37474],[-38,-5],[-44,50],[30,34],[23,-6],[33,-49],[-4,-24]],[[47739,35039],[-8,-30],[-60,31],[5,24],[43,31],[27,-1],[-7,-55]],[[39777,27428],[25,14],[20,-34],[-63,-43],[-13,34],[31,29]],[[43855,36022],[61,-10],[-27,-36],[-45,14],[11,32]],[[41163,24964],[5,30],[39,18],[12,-46],[-42,-21],[-14,19]],[[44004,37432],[-3,27],[44,-5],[-21,-50],[19,-25],[-44,9],[5,44]],[[32777,25421],[26,13],[14,-67],[-62,23],[22,31]],[[39279,34948],[57,22],[30,-10],[-4,-25],[-81,-8],[-2,21]],[[27117,31238],[19,4],[40,-44],[-53,-11],[-26,39],[20,12]],[[32997,25259],[46,24],[-5,-46],[-31,-35],[-10,57]],[[48116,38356],[38,1],[-1,-49],[-45,-4],[-21,21],[29,31]],[[31264,25620],[79,37],[-9,-26],[-39,-31],[-31,20]],[[29969,31011],[-30,-8],[-33,15],[39,27],[48,-11],[-24,-23]],[[28949,25209],[30,49],[22,8],[11,-38],[-29,-29],[-34,10]],[[28804,25180],[71,22],[2,-26],[-73,-32],[0,36]],[[41160,29385],[139,4],[0,-6],[-356,-12],[0,7],[217,7]],[[43561,34951],[34,17],[25,-14],[-23,-27],[-49,-17],[13,41]],[[28428,25320],[54,30],[8,-44],[-72,-1],[10,15]],[[32353,25567],[46,38],[35,1],[5,-23],[-41,-6],[-53,-30],[8,20]],[[34503,36974],[55,-10],[-7,-34],[-30,5],[-18,39]],[[29054,25299],[9,22],[30,-19],[-41,-59],[2,56]],[[32931,25291],[34,-29],[-36,-23],[-19,42],[21,10]],[[35135,34775],[-31,-18],[-15,26],[47,20],[-1,-28]],[[45870,32630],[35,7],[-14,-54],[-34,36],[13,11]],[[34101,39077],[70,-45],[-56,7],[-14,38]],[[39785,31453],[15,-23],[-51,1],[-7,24],[43,-2]],[[24172,33935],[-40,0],[46,26],[32,-8],[-38,-18]],[[30973,25460],[-36,4],[48,32],[-12,-36]],[[28974,32426],[29,31],[27,-24],[-56,-7]],[[28427,25425],[38,7],[-28,-42],[-10,35]],[[23920,35789],[38,-3],[-46,-29],[8,32]],[[26827,31506],[36,-2],[-38,-25],[2,27]],[[44851,38161],[58,14],[-33,-37],[-25,23]],[[23853,35386],[42,-5],[-17,-25],[-32,5],[7,25]],[[38793,35246],[-3,-22],[-60,48],[63,-26]],[[47780,35699],[26,-13],[-23,-24],[-3,37]],[[32834,25433],[19,-22],[-29,-5],[10,27]],[[26549,31900],[13,-25],[-43,5],[30,20]],[[44220,37452],[-7,-14],[-38,32],[11,17],[34,-35]],[[28749,30531],[29,-2],[2,-26],[-43,11],[12,17]],[[40089,27476],[21,-12],[-47,-22],[-8,18],[34,16]],[[33899,36498],[-10,76],[10,1],[0,-77]],[[29885,30939],[-50,-36],[-18,17],[68,19]],[[35152,34763],[-22,-22],[-23,9],[48,34],[-3,-21]],[[37808,21342],[-31,-5],[7,28],[24,-23]],[[33058,25169],[22,-17],[-24,-23],[2,40]],[[34929,34455],[-47,-2],[31,24],[16,-22]],[[39815,31388],[22,3],[29,-30],[-51,27]],[[39304,34688],[29,-8],[-34,-19],[5,27]],[[29767,24944],[-20,6],[0,37],[20,-43]],[[47897,37384],[-69,-46],[109,86],[-40,-40]],[[40031,27476],[-4,-21],[-30,14],[34,7]],[[29815,25197],[19,12],[-9,-41],[-10,29]],[[42436,28642],[-26,-30],[3,32],[23,-2]],[[32925,25328],[36,-8],[-47,-17],[11,25]],[[30128,31125],[-1,28],[32,2],[-31,-30]],[[39871,21222],[26,-15],[-29,-12],[3,27]],[[37287,34048],[22,-16],[-31,-10],[9,26]],[[30003,30940],[-11,33],[33,-15],[-22,-18]],[[24389,32887],[25,29],[9,-19],[-34,-10]],[[34722,67892],[26,39],[14,59],[153,82],[26,78],[43,38],[-10,56],[6,43],[30,34],[-17,57],[3,43],[28,60],[34,108],[49,30],[46,45],[67,88],[11,301],[-83,116],[7,63],[-14,100],[29,92],[4,96],[-7,118],[-21,50],[-59,37],[-6,66],[-31,69],[-11,110],[-37,43],[-20,56],[3,50],[51,103],[40,37],[110,57],[23,49],[-32,33],[-40,82],[2,52],[-77,115],[-27,68],[-32,216],[-46,160],[-41,17],[-52,-7],[-41,15],[-145,-8],[-104,78],[-34,15],[-41,48],[25,156],[-9,40],[-38,63],[-6,33],[13,124],[13,52],[-64,52],[-55,22],[-105,29],[-49,44],[-26,59],[-65,83],[48,126],[48,85],[2,29],[-52,51],[-70,43],[-52,20],[-90,16],[-125,144],[-111,39],[-101,29],[-81,74],[-31,41],[1,66],[20,76],[-10,93],[-38,139],[-60,75],[-40,21],[-70,77]],[[33321,73250],[53,36],[42,-18],[57,-4],[25,32],[31,-12],[15,19],[21,-26],[40,3],[25,-39],[41,-11],[72,12],[14,33],[35,7],[86,40],[52,37],[47,86],[-20,29],[39,19],[41,-3],[23,-22],[86,16],[88,35],[49,49],[41,25],[111,90],[84,93],[39,56],[-7,31],[17,26],[45,14],[43,-11],[13,-21],[42,-11],[177,48],[81,50],[3,19],[97,35],[122,84],[49,64],[31,56],[19,65],[23,-20],[15,21],[-16,58],[-68,-70],[-18,14],[78,65],[-16,42],[31,4],[9,39],[80,42],[33,2],[67,31],[3,-15],[47,7],[67,51],[23,-7],[35,21],[18,41],[45,1],[57,60],[10,77],[39,27],[15,35],[-29,46],[1,30],[75,-9],[52,39],[20,41],[30,-62],[48,-72],[20,13],[98,-61],[-70,34],[-44,-74],[61,-60],[42,39],[104,8],[8,55],[4,-108],[78,-10],[90,45],[101,90],[11,85],[-50,37],[37,14],[-64,20],[-3,32],[66,20],[3,51],[-66,52],[52,37],[-10,43],[20,-18],[48,8],[64,64],[99,34],[32,31],[38,-4],[19,37],[-13,44],[38,23],[50,10],[-17,49],[-52,29],[31,18],[2,32],[50,20],[-11,16],[48,22],[23,-7],[17,-37],[34,10],[39,-54],[49,-1],[35,23],[8,69],[-14,47],[-32,25],[20,25],[46,11],[33,38],[37,-21],[23,50],[51,16],[-3,45],[63,0],[20,-37],[53,38],[48,13],[102,53],[64,47],[16,44],[2,74],[-85,109],[3,38],[44,16],[-41,17],[13,27],[-18,37],[64,45],[29,-50],[4,-96],[54,3],[10,-82],[17,-22],[67,-23],[75,-4],[77,17],[45,23],[73,54],[51,48],[73,101],[-5,29],[-40,19],[47,14],[135,-25],[64,12],[62,36],[39,41],[8,63],[38,14],[18,32],[94,18],[12,18],[55,-23],[32,-47],[49,31],[-16,48],[-7,72],[82,37],[6,-11],[-53,-32],[47,-78],[58,57],[14,-6],[-30,-39],[-84,-48],[2,-42],[127,41],[-14,38],[20,10],[17,-74],[43,12],[108,45],[88,58],[54,68],[6,43],[-27,42],[39,30],[44,-1],[-6,25],[33,24],[65,-27],[12,26],[-28,24],[30,6],[24,28],[42,-24],[52,43],[8,30],[-27,52],[38,31],[-1,45],[49,-11],[26,-28],[61,37],[21,76],[-38,10],[31,68],[72,44],[43,62],[-28,21]],[[39878,77390],[44,-12],[182,-18],[72,-13],[101,-38],[4,-73],[-41,-126],[-19,-139],[12,-78],[-1,-102],[11,-76],[-40,-184],[-12,-119],[-85,-214],[16,-46],[8,-87],[16,-28],[117,-105],[168,-129],[82,-100],[45,-27],[119,-19],[110,-115],[79,-12],[51,-56],[71,-106],[50,-44],[122,29],[219,86],[71,-1],[49,26],[57,14],[160,4],[155,52],[60,10],[86,-12],[175,9],[42,-116],[31,-60],[63,-94],[49,-45],[65,-35],[47,-48],[30,-48],[39,-26],[107,4],[76,-45],[62,22],[13,32],[87,48],[21,27],[183,89],[37,51],[120,46],[63,10],[87,50],[370,54],[59,-63],[61,-77],[37,-72],[79,-51],[105,-110],[33,-48],[16,-61],[-8,-121],[7,-60],[53,-110],[-27,-94],[3,-176],[12,-39],[46,-44],[172,-70],[71,-11],[102,20],[155,9],[106,-71],[204,-77],[67,-63],[48,-59],[37,-96],[48,-36],[91,-86],[26,-36],[-4,-38],[-117,-109],[-46,-116],[-53,-61],[18,-54],[17,-115],[3,-74],[-21,-129],[-66,-58],[-24,-54],[7,-115],[9,-58],[31,-92],[-14,-54],[-28,-45],[-82,-217],[51,-49],[21,-54],[-6,-78],[-45,-63],[-19,-56],[-55,-20],[-99,28],[-89,-31],[-69,2],[-89,28],[-28,-4],[-14,-57],[-20,-20],[-71,2],[-52,28],[-43,2],[-71,-13],[-23,-31],[-7,-68],[-41,-54],[-92,-162],[-24,-67],[-41,-10],[-103,24],[-91,-13],[-42,-46],[-25,-91],[-14,-89],[-25,-92],[-18,-177],[26,-62],[-8,-39],[-65,-136],[8,-69],[-22,-137],[-11,-31],[-84,-116],[-42,-44],[-37,-79],[-92,-127],[-32,-35],[-32,-91],[-3,-42],[22,-65],[44,-69],[35,-23],[84,-4],[91,-48],[68,-50],[18,-45],[44,-63],[84,-53],[161,-229],[18,-32],[27,-100],[34,-42],[32,-4],[83,37],[64,-8],[75,56],[78,40],[82,84],[44,-12],[51,-41],[79,3],[51,39],[47,-1],[68,-49],[78,-34],[67,21],[87,6],[30,53],[44,-27],[87,-35],[106,38],[26,1],[92,-37],[59,-9],[36,-24],[39,-47],[43,10],[76,-5],[41,-68],[119,-41],[56,-35],[23,-38],[-1,-73],[-35,-64],[-86,-101],[-5,-76],[-23,-82],[-72,-92],[5,-39],[29,-38],[94,-24],[33,-44],[30,-15],[74,0],[102,-106],[50,-65],[50,-92],[103,-64],[60,-4],[78,-19],[68,27],[80,1],[46,-41],[32,-50],[16,-82],[33,-17],[44,-92],[90,-83],[103,-173],[-42,-88],[-13,-120],[-65,-40],[-17,-41],[4,-35],[54,-57],[3,-47],[-54,-77],[-9,-47],[-24,-32],[-59,-35],[-33,-79],[56,-103],[28,-34],[9,-43],[-5,-119],[77,-141],[52,-129],[81,-98],[4,-34],[-58,-98],[-11,-63],[87,-149],[64,-62],[60,-41],[23,-79],[52,-105],[75,-72]],[[47309,65601],[-18,-137],[-25,-73],[-111,-67],[-90,-34],[-69,-69],[-95,-21],[-102,-13],[-70,-1],[-116,-18],[-38,-18],[-81,-90],[-96,-9],[-29,-32],[-57,-15],[-62,-36],[-25,-32],[-63,-16],[-74,-92],[-78,-46],[-54,-52],[-32,-60],[-22,-157],[3,-43],[28,-54],[11,-53],[-47,-150],[1,-30],[-42,-62],[4,-69],[-23,-104],[-2,-70],[-65,-111],[-90,-50],[-122,-92],[-68,-83],[-72,-116],[-39,-51],[-30,-80],[14,-106],[-44,-107],[28,-124],[59,-107],[15,-54],[-42,-72],[-78,-34],[-52,-50],[-71,-114],[-109,-140],[-27,-13],[-108,-18],[-37,-61],[-83,-103],[-28,-79],[-32,-144],[-7,-123],[55,-31],[195,11],[15,-13],[-14,-71],[3,-41],[39,-84],[11,-60],[43,-44],[71,-40],[3,-82],[13,-44],[38,-47],[80,-50],[35,-77],[-4,-86],[-22,-144],[11,-34],[54,-79],[47,-55],[-11,-82],[-84,27],[-118,-46],[-60,7],[-31,-42],[-42,-26],[-53,7],[-78,42],[-111,8],[-43,-32],[-74,-8],[-52,12],[-47,28],[-30,-3],[-36,-31],[-25,-39],[-43,-105],[-25,-79],[-64,-51],[-145,-12],[-54,-32],[-102,-37],[-74,66],[-25,9],[-88,-33],[-119,22],[-91,44],[-30,-1],[-41,-37],[-59,-10],[-51,-144],[-84,-120],[-56,-5],[-74,39],[-102,1],[-26,-36],[-38,-9],[-72,37],[-19,-39],[-36,-18],[-30,7],[-23,29],[-35,-15],[-47,-76],[-50,-12],[-52,26],[-126,1],[-39,-11],[-95,-55],[-102,-25],[-98,186],[-16,66],[-36,95],[-58,86],[-7,31],[24,82],[30,69],[43,38],[18,56],[4,105],[-7,17],[-94,-43],[-78,6],[-75,-20],[-80,6],[-80,42],[-150,38],[-81,35],[-176,28],[-26,30],[-90,23],[-63,-22],[-79,19],[-91,8],[-64,18],[-91,10],[-23,19],[-74,-17],[-46,-1],[-68,-23],[-111,-89],[-44,-67],[-186,-28],[-33,21],[-28,53],[-1,136],[-22,48],[-88,95],[-34,117],[-30,46],[-76,180],[-29,79],[-30,108],[-36,63],[-133,84],[-18,31],[-82,70],[-47,4],[-51,-20],[-23,-38],[-90,-76],[-37,-71],[-6,-45],[-35,-36],[-142,-66],[-49,-42],[-72,-87],[-67,-34],[-96,-95],[-51,-69],[-93,-101],[-53,-72],[-41,-22],[-98,-4],[-85,-27],[-63,-45],[-132,-122],[48,-115],[11,-48],[-44,-95],[-58,-80],[2,-73],[27,-81],[-18,-24],[-93,-62],[-61,-64],[3,-15],[70,-32],[50,-83],[4,-73],[-41,-67],[-34,-78],[5,-131],[-39,-67],[-58,-29],[-31,-38],[-24,-65],[-81,-49],[-110,-48],[-30,-60],[-120,-75],[-68,-100],[-138,-94],[-38,-55],[-85,-75],[-48,-89],[-51,-19],[-69,-56],[-31,-79],[-30,-181],[-46,-122],[-26,-34],[-34,-6],[-84,29],[-138,-38],[-99,4],[-67,-18],[-86,2],[-42,-35],[-59,-95],[-43,-47],[-83,-6],[-124,-30],[-42,2],[-56,45],[-55,111],[-8,39],[-54,74],[-73,6],[-52,17],[-68,-17],[-82,-43],[-50,-8],[-63,-28],[-90,-19],[-64,-47],[-82,-32],[-23,-19],[-106,-142]],[[35385,58025],[8,91],[-17,46],[21,8],[49,53],[7,58],[-25,37],[12,56],[41,69],[56,71],[78,7],[31,18],[73,87],[106,99],[46,30],[40,2],[50,35],[84,87],[48,32],[89,8],[57,18],[56,-30],[80,-21],[39,15],[54,59],[29,44],[51,33],[76,35],[50,3],[44,36],[52,92],[30,38],[79,47],[64,23],[151,147],[28,99],[-34,100],[-26,9],[60,43],[-49,39],[-64,3],[-11,-36],[-38,25],[12,45],[-10,69],[-41,57],[-100,22],[-62,-14],[-64,48],[-42,15],[-15,69],[7,63],[-66,86],[-81,60],[-78,44],[-8,31],[52,42],[58,30],[94,13],[61,15],[46,77],[-2,28],[31,19],[3,-41],[44,13],[35,82],[10,142],[-32,100],[14,48],[19,-4],[20,90],[12,91],[-12,44],[-20,203],[-118,104],[0,34],[-77,0],[-47,-13],[-20,-22],[28,-50],[-72,-37],[-46,36],[6,93],[-11,67],[21,11],[-11,89],[-33,71],[-76,-9],[-80,43],[-87,8],[-54,55],[-98,35],[-170,-35],[-40,-46],[-67,-28],[-33,-37],[-114,-13],[-22,-31],[-117,24],[-34,-24],[-47,10],[12,33],[60,-2],[31,27],[0,23],[33,23],[22,49],[52,-4],[57,54],[40,19],[35,59],[31,-3],[33,-32],[32,-4],[36,33],[-9,20],[32,31],[51,14],[32,35],[47,18],[65,55],[6,74],[57,39],[59,61],[45,-5],[27,36],[9,45],[-6,72],[11,69],[25,46],[33,32],[51,23],[31,80],[22,3],[100,94],[66,19],[33,23],[45,123],[18,23],[77,42],[48,47],[74,56],[20,63],[25,25],[111,51],[90,29],[145,-7],[39,-58],[6,-43],[-30,-30],[-4,-46],[46,-35],[73,-5],[10,-58],[-36,-56],[-77,-43],[17,-66],[22,-30],[45,-31],[68,-1],[36,-35],[85,14],[45,-11],[76,10],[90,-31],[87,-79],[58,7],[80,105],[-35,140],[4,14],[-50,77],[32,56],[-41,61],[-11,94],[-25,57],[-56,16],[-39,29],[-31,47],[-3,38],[24,1],[3,45],[59,125],[49,91],[71,69],[65,129],[51,60],[59,38],[37,109],[87,98],[69,64],[1,79],[8,-72],[155,76],[50,36],[129,145],[159,146],[53,86],[43,47],[3,19],[-56,136],[-35,30],[-173,-82],[-108,-5],[-58,-31],[-47,-6],[-48,34],[-67,-1],[-22,-63],[-70,-4],[2,44],[-49,105],[-72,28],[-50,-12],[-56,-68],[-27,-47],[-59,13],[-66,-13],[-101,-95],[-29,-8],[-105,69],[-61,7],[-51,-50],[-66,-6],[-38,-17],[-58,-74],[-31,7],[-21,30],[-37,19],[-39,-16],[-29,-76],[-36,-24],[-77,-79],[-75,32],[-41,-4],[-12,-26],[-39,-19],[-39,37],[-56,11],[-51,57],[-87,34],[-76,-17],[-85,-111],[-90,26],[-18,46],[-60,91],[-46,3],[-53,30],[-55,-13],[-68,-32],[-112,-29],[-44,9],[-26,-13],[-104,4],[-38,9],[-37,38],[-43,-11],[-4,29],[-56,-1],[-30,24],[27,33],[26,-23],[83,-41],[7,13],[56,-10],[74,77],[36,26],[126,9],[56,69],[102,-18],[56,2],[28,23],[44,81],[77,-54],[54,-19],[49,-29],[28,13],[39,53],[-10,73],[42,52],[94,-81],[39,21],[15,40],[32,36],[26,-46],[40,-41],[19,-72],[22,-45],[66,-14],[52,14],[38,-14],[69,48],[59,90],[41,132],[-12,73],[43,-23],[67,-77],[18,-37],[21,-85],[23,-21],[59,22],[27,59],[-5,66],[54,-19],[16,30],[-22,90],[25,64],[79,68],[59,-105],[34,-31],[28,-79],[52,0],[41,-37],[61,5],[-3,92],[44,24],[4,88],[108,-79],[64,-19],[68,96],[3,65],[16,22],[60,29],[25,46],[6,122],[-42,44],[-94,32],[30,19],[204,157],[92,28],[66,-19],[-18,-66],[17,-70],[43,3],[13,63],[42,39],[112,124],[77,-57],[39,1],[9,69],[22,2],[104,-111],[13,10],[-84,102],[59,-58],[31,8],[-2,38],[-117,136],[-40,131],[101,32],[23,-1],[1,53],[46,0],[29,69],[-37,-4],[-26,120],[-141,-37],[-6,20],[126,34],[8,27],[-54,46],[-116,-24],[-103,91],[135,80],[126,-109],[317,365],[-41,76],[124,72],[-27,45],[-240,-145],[-130,-41],[-272,-176],[-5,8],[-130,-26],[-123,-71],[-58,-17],[-55,4],[-48,-56],[-52,-34],[-56,-64],[-56,-43],[-133,12],[-20,-48],[-2,-52],[-14,0],[-4,-98],[-9,0],[8,154],[22,48],[-57,131],[-39,15],[-88,2],[-105,55],[-24,-52],[-104,46],[-58,-130],[-84,37],[-67,-39],[-105,-11],[-98,-45],[-81,10],[-78,36],[-36,-34],[-58,-17],[-109,0],[-61,22],[-62,36],[-53,52],[-30,15],[-81,-5],[-14,-16],[-83,-9],[-3,19],[7,-309],[139,-134],[-4,-6],[-144,137],[-4,310],[-30,-10],[-110,54],[-47,-9],[-14,29],[-45,2],[-42,35],[-5,32],[23,142],[23,52],[70,84],[34,67],[-8,54],[22,22],[-12,36],[11,52],[52,22],[52,79],[3,38],[-18,39],[-61,64],[33,60],[56,-13],[31,74],[-15,76],[10,24],[58,26],[93,64],[107,-107],[7,-84],[30,-22],[56,-5],[49,41],[25,3],[23,-43],[86,-54],[58,-87],[82,-27],[84,-44],[78,-8],[23,45],[12,-31],[60,18],[28,-31],[7,118],[30,47],[48,38],[44,82],[2,62],[-38,89],[17,93],[40,63],[15,72],[-17,62],[-48,74],[-62,21],[-13,-28],[-198,67],[8,43],[-92,28],[-17,-38],[-117,41],[13,39],[-20,35],[79,324],[-84,25],[-109,-252],[-46,-64],[-38,9],[-105,52],[41,88],[-41,26],[-54,64],[-124,32],[-10,25],[-85,20],[-41,-51],[-44,-13],[-39,-29],[-12,-41],[15,-50],[-5,-71],[-37,-40],[-57,-17],[-64,5],[-111,92],[-115,15],[-89,-9],[-37,-20],[-83,-89],[-17,-115],[-37,-79],[-82,-30],[-11,-78],[34,-85],[-23,-47],[-73,-37],[-38,-69],[-31,-19],[-88,-9],[-14,-61],[37,-73],[64,-7],[60,-31],[-45,-31],[-21,-54],[11,-54],[-17,-89],[10,-44],[-68,-35],[-64,-43],[-47,-129],[-32,-53],[21,-42],[-18,-37],[-12,-99],[18,-28],[69,0],[71,-67],[7,-25],[-23,-73],[-90,-113],[-114,87],[-88,0],[-36,-13],[-32,8],[-107,81],[-98,-13],[-15,23],[20,31],[-18,45],[24,29],[3,33],[-38,76],[16,21],[-20,43],[8,64],[21,33],[3,61],[-15,27],[27,14],[0,107],[27,54],[51,57],[6,60],[-63,113],[-33,42],[-66,59],[-30,8],[-30,47],[3,35]],[[32328,56799],[-103,146],[-10,29],[-49,65],[-102,108],[-32,24],[-13,-22],[-9,63],[-45,-18],[-21,25],[23,46],[27,-8],[75,55],[1,84],[-36,34],[-33,10],[19,97],[56,-24],[11,-42],[23,-16],[-37,-68],[-1,-62],[52,-42],[94,-39],[62,-14],[88,14],[133,-33],[105,-11],[26,8],[57,82],[18,3],[14,-37],[103,-19],[67,13],[19,-19],[75,8],[59,69],[52,-15],[49,-28],[51,-2],[149,16],[90,78],[39,-11],[51,-82],[17,-77],[69,-23],[23,-24],[24,-58],[47,-19],[75,5],[32,-7],[55,-37],[83,4],[190,59],[130,32],[45,2],[20,-20],[-28,-22],[-87,-45],[-21,36],[-43,7],[-100,-45],[14,-28],[-15,-36],[-55,-45],[-53,-63],[-18,-87],[-55,-96],[-67,-52],[-19,-29],[-47,-13],[-122,-82],[-43,-47],[-25,-59],[8,-55],[32,-45],[10,-44],[-24,-18],[-54,2],[-76,-21],[-1,-42],[-61,-12],[13,41],[-43,28],[4,44],[-28,28],[16,18],[-11,50],[21,40],[-39,105],[-6,37],[-81,82],[-5,18],[-60,63],[-60,35],[-86,32],[-94,25],[-60,-6],[-36,-33],[-2,20],[-88,16],[-52,-2],[-70,-19],[-50,-46],[-7,-78],[-51,-48],[-19,31],[-47,-26],[-31,81],[-85,103]],[[31764,57640],[-51,68],[-76,25],[32,5],[-21,73],[-66,94],[42,51],[-4,47],[-55,83],[-5,74],[-27,43],[-71,14],[-50,31],[20,35],[-66,8],[26,22],[39,5],[11,19],[-12,67],[-15,10],[22,35],[-1,40],[-23,52],[-37,28],[-67,-16],[26,55],[-40,22],[-4,37],[-73,2],[14,33],[31,7],[-4,32],[-60,37],[17,43],[25,-8],[-8,45],[11,59],[-8,23],[36,41],[1,55],[68,18],[81,72],[44,59],[4,40],[30,56],[58,25],[29,-19],[65,20],[27,-3],[57,21],[42,-6],[19,15],[112,-33],[75,-3],[121,31],[52,-39],[57,6],[29,-61],[-25,-158],[-31,20],[-61,-12],[-10,-19],[-60,-46],[-10,-60],[-64,-62],[-11,-56],[9,-55],[32,-56],[-16,-102],[-27,-34],[-98,-78],[-14,-98],[-38,-89],[-19,-23],[-8,32],[-60,-17],[-62,-84],[21,-80],[58,-34],[16,19],[46,-15],[-32,-26],[10,-26],[-32,-97],[21,-44],[34,-33],[20,-49],[-21,-47],[51,-35],[48,-51],[33,-75],[-7,-29],[-63,-38],[-50,1],[-20,45],[-39,16]],[[33394,64367],[-42,-31],[34,62],[-2,25],[92,-7],[103,32],[131,14],[152,5],[39,-5],[41,-33],[23,-36],[32,-9],[84,50],[21,-38],[53,-1],[82,91],[25,10],[34,-23],[54,5],[20,33],[44,-31],[17,-56],[78,-17],[93,-30],[15,-24],[-43,-18],[-48,33],[-46,0],[-10,-29],[-43,-24],[-147,-1],[-53,-11],[-20,-22],[-63,-30],[-14,-51],[-89,-40],[-100,144],[-43,41],[-49,-5],[-33,17],[-52,1],[-68,-33],[-55,-8],[-33,48],[-77,-8],[-15,32],[-43,5],[-48,-32],[-31,5]],[[31483,59623],[-10,-42],[-58,20],[19,22],[-9,40],[53,31],[93,126],[7,28],[39,-14],[-15,-64],[3,-54],[-13,-30],[-83,-33],[-26,-30]],[[36129,62488],[15,66],[44,-63],[56,-51],[-62,-30],[-29,10],[7,24],[-32,9],[1,35]],[[36133,60201],[-36,-21],[-37,15],[-50,-19],[30,44],[64,-2],[34,18],[-5,-35]],[[35778,60150],[-48,32],[57,19],[34,-41],[-43,-10]],[[36968,59615],[-10,64],[24,4],[10,-64],[-24,-4]],[[39017,76698],[17,8],[28,-45],[-45,37]],[[36212,74854],[78,-5],[-117,-4],[39,9]],[[38849,76609],[5,-16],[-57,-11],[52,27]],[[126934,107941],[-92,-6],[-51,31],[-96,21],[-102,40],[-258,40],[-94,24],[-96,-4],[-508,1],[-128,-17],[-126,-1],[-71,121],[-132,79],[-86,76],[-69,127],[-80,72],[-85,62],[-81,112],[-168,193],[-53,38],[-66,80],[-108,87],[-206,112],[-233,181],[-98,88],[-59,60],[-40,22],[-92,8],[-57,19],[-104,14],[-81,1],[-121,14],[-49,18],[-109,77],[-77,16],[-126,119],[-64,52],[-110,24],[-86,-4],[-146,-32],[-145,-82],[-118,-93],[-22,6],[-24,74],[-15,6]],[[122202,109817],[-13,56],[-41,99],[-107,177],[-87,207],[-16,95],[7,105],[-12,59],[14,53],[28,49],[-3,50],[-42,74],[3,48],[-18,82],[-11,97],[-56,53],[-47,152],[-27,26],[-38,141],[28,50],[-1,45],[-50,66],[32,103],[14,86],[-72,96],[-41,6],[-76,44],[-62,25],[-86,92],[-30,87],[-4,78],[7,78],[19,82],[34,78],[0,23],[-39,88],[-46,78],[-30,72],[8,99],[-14,53],[-30,56],[-40,38],[-26,51],[-55,31],[-193,23],[-122,1],[-61,79],[-25,14],[-110,16],[-168,208],[-72,65],[-43,25],[-62,97],[-4,30],[-96,-26],[-71,27],[-131,7],[-73,24],[-65,9],[-58,60],[-58,39],[-125,38],[-16,29],[17,77],[-8,57],[-81,192],[-52,87],[-8,55],[-31,66],[-45,64],[-13,49],[23,25],[9,57],[-76,36],[-40,71],[-75,87],[-41,83],[-42,28],[8,24],[116,60],[57,-24],[33,21],[30,80],[34,55],[49,40],[78,26],[60,-15],[30,-46],[112,8],[64,39],[93,37],[65,143],[-1,93],[12,120],[54,121],[9,59],[-91,134],[-5,21],[50,92],[-6,13],[-171,59],[-84,18],[-37,126],[7,98],[-72,37],[-6,43],[-36,69],[-20,168],[15,134],[2,76],[29,138],[-15,78],[10,83],[24,54],[-10,41],[-35,47],[-104,222],[-92,131],[-47,86],[-33,9],[-92,78],[-44,17],[-26,27],[-53,120],[-15,101],[1,60],[-39,57],[-15,48],[22,86],[2,80],[-18,60],[-51,53],[-93,137],[-34,83],[-23,110],[-28,55],[-66,40],[-57,59],[-49,7],[-94,88],[4,103],[87,166],[42,90],[13,66],[-26,138],[70,86],[44,-7],[58,7],[123,36],[87,63],[22,62],[19,193],[15,14],[123,17],[57,-5],[-40,79],[-14,59],[-41,68],[-52,57],[-65,216],[16,36],[0,71],[62,56],[-3,57],[-25,173],[-39,164],[-54,190],[10,95],[-35,95],[-3,35],[-26,46],[-49,51],[-39,76],[-72,54],[-35,65],[-40,42],[-19,105],[-38,71],[-26,99],[-28,166],[-28,66],[-60,79],[-72,-27],[-52,-39],[-49,-81],[-27,-98],[-44,-13],[-101,13],[-80,2],[-51,21],[-82,11],[-11,203],[-10,57],[66,74],[-1,61],[-25,43],[12,60],[25,70],[103,139],[-13,92],[45,75],[4,108],[12,79],[-15,114],[-19,87],[-72,191],[-73,209]],[[118029,123879],[26,3],[3,-32],[149,21],[-56,480],[736,88],[56,-477],[253,20],[99,-75],[38,8],[-85,65],[-22,27],[5,42],[128,176],[-238,172],[-21,150],[169,234],[398,-290],[26,36],[101,-74],[-10,-50],[62,12],[128,-89],[39,53],[12,-3],[45,63],[-111,83],[-380,276],[-108,81],[195,266],[122,-27],[141,-103],[50,70],[9,188],[-56,72],[-390,-44],[-128,1235],[-2,35],[21,60],[-8,16],[27,37],[31,2],[40,26],[31,38],[37,-3],[57,40],[98,14],[61,34],[85,81],[29,19],[57,66],[44,72],[13,58],[31,49],[44,27],[105,18],[49,0],[185,-35],[90,-59],[62,-26],[92,75],[-84,-81],[35,-111],[51,-31],[-87,25],[-3,-33],[22,-158],[-178,-24],[20,-166],[8,1],[18,-113],[14,-124],[-9,-1],[30,-272],[17,-119],[10,1],[13,-114],[-10,-2],[38,-321],[14,1],[10,-83],[-19,-3],[34,-271],[37,-115],[29,-35],[16,-101],[12,10],[144,-36],[11,40],[5,213],[-9,13],[-130,-21],[-10,21],[41,-1],[99,17],[11,11],[8,248],[-6,118],[-2,218],[-15,15],[-1,53],[17,0],[1,101],[379,7],[5,-273],[198,-5],[0,-14],[74,6],[-48,73],[9,10],[99,30],[-8,45],[-43,18],[-298,315],[-85,94],[13,15],[313,292],[153,-101],[62,59],[89,-59],[129,121],[320,-216],[49,-14],[68,94],[-385,257],[-64,46],[-55,21],[-111,58],[-23,20],[12,24],[-178,107],[-82,44],[-239,108],[-161,51],[3,8],[114,-39],[316,394],[370,-175],[263,-164],[184,84],[-45,98],[-58,151],[-84,183],[319,147],[-130,285],[181,83],[131,-286],[193,-429],[169,-369],[303,99],[90,215],[167,-59],[255,-27],[-42,141],[-240,98],[2,5],[243,-99],[65,-221],[16,-17],[59,-14],[119,20],[124,10],[56,36],[54,18],[103,3],[174,-1],[118,24],[192,54],[55,1],[134,35],[121,43],[170,78],[77,63],[12,55],[20,-31],[189,124],[240,187],[47,31],[121,140],[78,131],[37,73],[-125,112],[4,8],[78,-70],[127,136],[23,6],[-37,55],[52,25],[-34,66],[-264,-83],[-6,3],[351,112],[3,16],[59,37],[51,-1],[15,-34],[162,-37],[74,8],[43,23],[37,-36],[37,-2],[69,16],[22,44],[41,-40],[34,-54],[26,7],[34,-47],[28,3],[9,-86],[-32,-117],[-18,-15],[23,-38],[57,174],[6,-2],[-39,-113],[32,-69],[48,-24],[70,27],[13,46],[19,6],[10,67],[9,-52],[198,37],[5,25],[26,-135],[73,14],[-10,217],[-109,50],[117,-46],[10,-245],[-8,-1],[6,-125],[9,-6],[-24,-92],[3,-51],[-45,-168],[28,-6],[16,-356],[-310,-79],[-134,-28],[3,-19],[-48,-71],[54,-50],[68,11],[109,28],[7,-26],[134,42],[2,24],[65,23],[85,9],[59,-18],[5,11],[46,-41],[86,-110],[15,-37],[15,11],[55,-77],[353,106],[-6,72],[-11,12],[-53,-16],[-178,227],[-21,513],[-22,449],[289,-28],[32,33],[16,45],[49,0],[29,29],[21,-23],[-25,-34],[44,-50],[34,-5],[29,-50],[44,-32],[73,-2],[113,20],[43,22],[8,-58],[19,-28],[69,-24],[22,-67],[-23,-37],[16,-96],[55,-54],[53,-9],[44,-30],[75,-11],[12,-89],[34,-47],[-30,-31],[-9,-50],[95,42],[80,-173],[-30,0],[-40,-87],[-110,-58],[-25,10],[-1,43],[-19,54],[-36,6],[-95,-76],[12,-14],[-41,-32],[-24,6],[14,-81],[57,-115],[8,32],[37,16],[-10,20],[113,53],[11,-22],[227,107],[54,-15],[229,-106],[15,-15],[212,-360],[11,-24],[125,33],[70,-48],[158,7],[142,28],[-5,26],[71,3],[107,40],[69,18],[143,62],[100,13],[98,4],[81,-14],[38,-24],[27,26],[50,19],[45,-21],[98,10],[108,51],[42,39],[5,28],[-39,-38],[-10,13],[52,48],[60,6],[109,69],[67,20],[100,47],[47,-6],[129,39],[24,14],[221,17],[64,-10],[111,5],[48,10],[105,57],[15,-3],[131,60],[13,-4],[117,51],[90,30],[13,-4],[95,51]],[[132970,127801],[96,-199],[47,-169],[138,-147],[-60,-41],[-41,-77],[-94,-37],[-39,-98],[-27,-45],[-60,-18],[-63,2],[-40,-126],[-51,-74],[-19,-45],[-17,-115],[-46,-129],[-109,-108],[-17,-29],[-23,-129],[-32,-79],[-51,-45],[-59,-32],[-99,-26],[-61,-9],[-17,-24],[-75,-24],[-62,8],[-17,-105],[-45,-71],[-55,-70],[-40,-99],[-56,-81],[-10,-43],[-7,-107],[-30,-27],[-41,-62],[-30,-76],[-20,-25],[29,-63],[5,-84],[-48,-122],[-31,-171],[-51,-85],[-34,-80],[-85,-60],[-27,-46],[26,-91],[4,-42],[-15,-82],[-30,-7],[-32,33],[-42,-7],[-58,-56],[-53,19],[-36,-18],[-49,-108],[6,-114],[-71,-143],[3,-23],[71,-97],[5,-27],[-32,-43],[-2,-41],[91,-148],[-17,-21],[-120,-51],[-23,-48],[-39,-39],[-31,-106],[-2,-46],[-59,-35],[-22,-133],[25,-70],[26,-144],[35,-109],[-58,-227],[-19,-42],[-47,-45],[1,-28],[36,-39],[0,-44],[-62,-88],[-58,-40],[-18,-37],[8,-47],[-2,-108],[-12,-181],[26,-74],[-37,-105],[-20,-122],[9,-98],[83,-188],[-3,-85],[-48,-120],[-1,-79],[92,-134],[18,-76],[12,-139],[8,-28],[70,-107],[46,-106],[27,-169],[-7,-43],[5,-89],[-5,-49],[-54,-125],[-46,-42],[-10,-40],[-70,-119],[-20,-282],[33,-105],[13,-136],[13,-77],[-38,-50],[-66,-49],[-15,-57],[-27,-50],[-5,-46],[-26,-87],[-37,-51],[-24,-56],[-35,-47],[-15,-146],[-18,-85],[-5,-71],[8,-73],[-2,-115],[-45,-63],[-38,-87],[-41,-46],[-105,-66],[-93,-10],[-97,-34],[-101,-21],[-14,-21],[-1,-116],[16,-138],[-15,-46],[-28,-28],[-41,-15],[-52,-84],[-102,-101],[-13,-37],[-91,-58],[-74,-21],[-81,18],[-6,-29],[-38,-36],[-30,-74],[-55,-61],[-94,-42],[-36,-81],[-15,-80],[-17,-32],[-45,-36],[-12,-37],[38,-110],[6,-60],[-21,-32],[-87,-92],[11,-43],[81,-60],[13,-118],[-3,-80],[65,-139],[61,-53],[95,-148],[53,-194],[158,21],[115,-28],[49,-33],[38,-41],[37,-11],[85,-1],[44,-22],[39,-38],[53,-29],[65,-53],[83,-54],[50,-23],[40,1],[71,29],[132,29],[144,-23],[67,-38],[37,-11],[82,0],[125,-58],[128,-37],[111,-69],[22,-5],[56,23],[208,-26],[69,23],[44,25],[58,17],[93,-23],[92,11],[108,20],[183,9],[94,36],[100,14],[35,16],[75,77],[45,118],[92,144],[62,43],[72,27],[122,18],[97,-15],[77,-34],[76,-45],[58,79],[122,127],[96,81],[74,47],[11,17],[31,142],[41,79],[84,74],[19,131],[20,32],[115,80],[64,38],[165,-28],[27,-11],[140,6],[107,-18],[57,0],[72,34],[25,-4],[95,-65],[83,-7],[99,21],[76,-12],[75,3],[238,69],[136,11],[29,13],[148,120],[91,32],[106,69],[47,23],[72,8],[89,-3],[74,-22],[148,-83],[39,-38],[51,-5],[116,48],[121,87],[120,59],[137,35],[186,113],[74,25],[90,-5],[44,-29],[88,-22],[56,-33],[86,-17],[50,12],[61,29],[78,54],[106,49],[116,34],[48,-67],[67,-53],[32,-49],[16,-70],[-5,-69],[20,-32],[109,-58],[63,-44],[55,-56],[54,-36],[51,4],[72,26],[56,-21],[60,-132],[57,-72],[103,-59],[55,-91],[24,-126],[-8,-174],[-47,-83],[-27,-148],[-16,-41],[-44,-66],[-31,-96],[11,-71],[24,-48],[22,-15],[8,-78],[21,-33],[93,-79],[44,-63],[33,-60],[13,-57],[-18,-93],[38,-75],[58,-34],[50,-52],[159,-44],[73,-44],[88,-137],[12,-73],[1,-90],[-73,2],[-148,43],[-27,1],[-62,-23],[-111,-102],[-99,-29],[-67,-59],[-20,-33],[-71,-55],[-41,-79],[-11,-137],[14,-52],[39,-64],[47,-40],[29,-50],[48,-48],[101,-124],[29,-191],[17,-38],[49,-61],[64,-62],[29,-68],[0,-79],[13,-85],[39,-76],[66,-70],[21,-43],[10,-162],[-20,-96],[11,-52],[88,-102],[44,-121],[21,-114],[2,-105],[-13,-54],[7,-109],[-26,-133],[0,-89],[52,-85],[22,-70],[6,-109],[-19,-144],[-10,-139],[20,-64],[53,-135],[4,-40],[-40,-100]],[[139368,110514],[-43,-4],[-89,-27],[-134,-82],[-226,-173],[-61,-74],[-27,-70],[-92,96],[-106,48],[-95,31],[-125,3],[-133,-33],[-114,-43],[-95,-42],[-98,16],[-135,-2],[-154,56],[-142,-8],[-68,36],[-51,5],[-189,36],[-77,28],[-53,34],[-94,21],[-150,66],[-98,51],[-60,109],[-71,30],[-62,96],[-69,67],[-46,-19],[-124,-18],[-122,-51],[-86,30],[-40,22],[-60,76],[-30,15],[-171,-25],[-43,-11],[-64,3],[-72,43],[-41,10],[-55,-4],[-83,-39],[-75,-26],[-128,-20],[-75,-27],[-77,-40],[-48,-58],[-114,-40],[-83,-47],[-113,-99],[-79,-24],[-61,21],[-45,33],[-45,5],[-139,-35],[-120,2],[-85,-28],[-36,-131],[-34,-82],[-84,-74],[-95,-145],[-62,-59],[-35,-63],[-43,-98],[-44,-37],[-121,-48],[-36,-31],[-65,-147],[-105,-79],[-80,-279],[-45,-98],[-26,-14],[-123,67],[-72,28],[-136,68],[-124,48],[-30,3],[-93,-25],[-41,3],[-131,30],[-87,41],[-104,29],[-76,47],[-252,37],[-78,32],[-94,79],[-76,20],[-192,-30],[-43,6],[-104,53],[-87,65],[-39,8],[-182,-26],[-58,22],[-76,62],[-51,1],[-61,38],[-59,96],[-28,20],[-121,42],[-101,42],[-137,122],[-130,-4],[-71,52],[-102,63],[-57,20],[-116,15],[-109,-7],[-43,-18],[-58,-42],[-222,-141],[-17,-91],[-78,-155],[-52,-84],[-42,-124],[-56,-31],[-85,-76],[-107,-137],[-50,-33],[-174,-176],[-91,-53],[-72,-13],[-144,14],[-106,-12],[-31,-14],[-61,-75],[-96,-58],[-63,-16],[-109,-45],[-138,-81],[-52,-14],[-133,0],[-45,-9],[-48,-33],[-26,-52],[-97,-89],[-66,-97],[-56,-62],[-14,-79],[-65,-43],[-33,-37],[-38,-77],[-79,-76],[-122,-59],[-78,-87]],[[131061,129412],[-1,-20],[61,-77],[10,-36],[47,-45],[-43,-54],[-6,-77],[30,-62],[-95,-151],[-17,-66],[-2,-69],[-39,-48],[-55,22],[-112,81],[-81,14],[-70,-32],[-53,-75],[43,15],[2,-31],[-52,6],[8,-49],[20,0],[9,-162],[-24,-37],[-53,-37],[-23,14],[-86,-48],[-87,23],[-31,-5],[28,-44],[32,-19],[-171,-70],[-13,0],[-8,78],[-37,23],[8,58],[-2,81],[-31,39],[-13,89],[-67,70],[-49,108],[-101,46],[-65,-2],[-67,-18],[-46,-23],[-66,8],[-69,41],[-48,49],[-39,57],[-49,24],[-68,-25],[-86,-2],[-60,59],[-7,48],[8,60],[38,110],[-15,8],[-3,91],[67,154],[-35,75],[-26,85],[90,122],[81,48],[91,17],[22,13],[30,54],[-2,48],[46,40],[12,66],[54,10],[37,-37],[60,-19],[51,9],[49,25],[59,-10],[78,5],[103,-63],[-13,-45],[9,-26],[66,-44],[61,-12],[79,13],[128,55],[50,42],[-17,70],[47,52],[46,-2],[59,28],[58,-33],[47,22],[7,40],[33,53],[39,15],[13,34],[-24,72],[40,27],[43,-15],[57,-131],[71,-38],[56,-15],[63,26],[20,-11],[26,-86],[-37,-41],[-48,-10],[-14,-65],[19,-28],[-31,-59],[10,-122],[-25,-72],[-99,-57],[11,-2],[7,-90],[34,-74],[8,-51]],[[131190,127238],[-97,-6],[0,14],[97,5],[0,-13]],[[123676,127729],[-2,-6],[-141,57],[3,7],[140,-58]],[[131291,127270],[57,26],[6,-14],[-57,-25],[-6,13]],[[123530,127709],[-31,-24],[-63,-151],[-4,1],[63,153],[35,21]],[[129625,128658],[8,-2],[-18,-103],[-9,2],[19,103]],[[131229,127242],[-2,15],[50,10],[3,-15],[-51,-10]],[[127405,128605],[-2,-5],[-199,-35],[201,40]],[[101837,127433],[-53,-53],[-79,-3],[-21,-76],[-23,-27],[-77,-20],[-60,5],[-75,-38],[-24,-35],[-1,-67],[-42,-31],[-4,-27],[-56,-14],[-15,-31],[35,-118],[-16,-35],[68,-164],[62,-115],[54,-79],[52,-50],[61,-40],[32,-39],[283,190],[56,18],[24,-12],[163,-211],[30,0],[-66,-51],[-27,-3],[97,-127],[-4,-3],[-90,118],[-50,-38],[120,-156],[73,53],[-9,11],[66,50],[-7,-29],[219,-289],[19,-58],[-16,-55],[-55,-50],[35,-51],[26,-16],[432,-517],[196,-238],[97,-93],[276,-255],[77,-54],[19,1],[15,-58],[30,34],[12,67],[24,9],[-14,-81],[41,26],[54,-15],[-11,-60],[-25,-17],[37,-36],[-24,-72],[-45,23],[-105,26],[8,-36],[48,-111],[58,-84],[31,-32],[-3,-38],[38,-60],[-26,-56],[50,-73],[97,-110],[80,-71],[-97,-57],[13,-75],[-141,-78],[-55,-16],[62,-130],[142,-221],[400,247],[148,88],[-3,7],[127,129],[189,-196],[98,-106],[251,251],[4,-3],[-251,-253],[22,-37],[-25,-17],[-208,217],[-72,-76],[62,-120],[119,-125],[-279,-274],[12,-12],[-180,-181],[36,-65],[65,-60],[109,95],[156,147],[100,87],[23,2],[87,-88],[3,-17],[75,-84],[-27,-55],[69,-46],[137,-5],[169,243],[51,-23],[145,212],[-42,32],[169,244],[43,-30],[100,144],[953,-662],[164,-114],[-340,-491],[57,-43],[50,-77],[13,-60],[-12,-84],[-26,-47],[-99,-99],[35,-14],[-29,-28],[-25,23],[-50,-53],[-226,-224],[-22,-29],[61,-131],[146,-172],[147,-164],[80,-80],[60,-35],[19,-22],[129,-95],[7,20],[-45,442],[-89,-6],[-5,52],[42,4],[-23,229],[29,1],[-2,44],[37,6],[21,86],[89,105],[53,-16],[-11,456],[258,255],[-15,18],[107,107],[23,-18],[86,-14],[17,125],[80,78],[164,-23],[-155,-1114],[26,-30],[252,-207],[0,-14],[404,-255],[12,12],[28,-31],[64,38],[98,41],[37,8],[-28,89],[-167,68],[7,16],[175,-72],[30,-97],[7,11],[145,43],[102,-1],[157,-46],[16,-15],[1090,450],[32,29],[401,180],[-13,29],[78,36],[13,-29],[395,178],[508,235],[189,84],[2,12],[-99,216],[-13,57],[11,6],[14,-59],[53,-118],[11,6],[55,-125],[-7,-4],[115,-259],[3,1],[161,-361],[23,10],[-3,-49],[13,-51],[26,-19],[-67,-93],[-21,15],[-36,-28],[1,-22],[-42,-59],[114,-250],[-12,-19],[38,-36],[31,18],[-9,17],[229,127],[104,45],[-19,6],[-39,87],[172,78],[12,-29],[41,19],[-224,493],[-17,30],[-147,328],[-185,405],[11,4],[85,-193],[18,-4],[101,25],[684,198],[19,9],[-98,323],[-12,-3],[-97,340],[323,95],[418,122],[5,-2],[47,-172],[81,24],[132,-451],[-18,-6],[13,-42],[137,39],[-12,44],[19,5],[-13,73],[31,-104],[91,27],[-9,34],[447,131],[213,-1174],[218,-37],[43,-24],[94,33],[-14,35],[-68,-21],[-26,24],[19,63],[5,59],[8,-58],[-19,-54],[62,20],[44,40],[-7,101],[-104,-2],[-125,1018],[909,175],[1608,310],[12,8],[418,104],[22,41],[-76,664],[6,1],[73,-665],[20,-29],[259,25],[-3,31],[120,13]],[[122202,109817],[-166,-186],[-68,-82],[-41,-65],[-86,-27],[-47,-25],[-50,-57],[-47,-31],[-92,-34],[-83,-40],[-107,-69],[-139,-165],[-36,-89],[1,-61],[36,-119],[-1,-82],[-22,-40],[-208,-234],[-13,-36],[-5,-165],[-18,-54],[-44,-71],[-36,-100],[-24,-44],[-75,-70],[-58,-66],[-82,-136],[-13,-82],[-78,-73],[-7,-61],[21,-111],[-8,-101],[32,-102],[-10,-102],[73,-99],[27,-56],[34,-95],[-50,-79],[-39,-79],[-43,-167],[-15,-117],[-18,-48],[-135,-160],[-70,-99],[-30,-85],[-17,-111],[-41,-106],[-25,-163],[-26,-59],[-127,-166],[-97,-91],[-120,-37],[-113,-81],[-83,-86],[-25,-84],[-22,-31],[-119,-66],[-31,-8],[-180,-19],[-70,74],[-52,27],[-48,-2],[-48,-45],[-120,-55],[-91,-82],[-182,-148],[-82,-77],[-61,-83],[-51,-38],[-79,-43],[-58,-51],[-99,-101],[-52,-6],[-97,20],[-109,34],[-97,46],[-67,42],[-91,8],[-176,-37],[-65,-22],[-236,-60],[-132,-50],[-49,-78],[-72,-47],[-57,-70],[-54,-21],[-128,-20],[-103,-21],[-65,16],[-89,84],[-37,44],[-93,82],[-40,47],[-89,142],[-37,92],[-13,80],[-18,30],[-78,80],[-48,75],[-125,89],[-44,107],[-21,31],[-41,28],[-113,37],[-46,29],[-50,63],[-63,53],[-42,77],[-39,50],[-128,109],[-42,27],[-32,146],[-37,33],[-132,28],[-62,-2],[-210,-46],[-56,-26],[-114,-23],[-57,2],[-91,-13],[-107,15],[-70,-3],[-89,-24],[-42,-2],[-77,28],[-59,12],[-39,-5],[-48,-26],[-53,-126],[-9,-180],[-83,-181],[-54,-176],[-42,-102],[-3,-41],[52,-126],[-12,-80],[-27,-113],[11,-54],[-25,-42],[-60,-40],[-98,-100],[-20,-46],[-45,-160],[-74,-97],[-8,-92],[21,-54],[-1,-95],[-53,-32],[-35,-38],[-45,-76],[-54,-61],[-46,-140],[-67,-95],[-61,-110],[-112,-132],[2,-28],[37,-142],[78,-143],[16,-75],[-108,-183],[-44,-39],[-133,-68],[-33,-43],[-21,-88],[-25,-53],[-136,11],[-172,-41],[-43,-55],[-22,-63],[-10,-116],[-26,-120],[-67,-61],[-163,-108],[-32,-28],[-42,-91],[-85,-62],[-77,-22],[-113,0],[-42,10],[-39,-33],[-84,-46],[-45,-12],[-225,-17],[-58,-40],[-72,-149],[4,-50],[-38,-50],[-128,-102],[-122,-120],[-89,-75],[-213,-158]],[[110654,100456],[-63,48],[-40,9],[-169,81],[-54,44],[-104,19],[-60,21],[-63,36],[-71,68],[-76,27],[-69,14],[-117,83],[-65,84],[-96,69],[-66,114],[-36,49],[-46,30],[-61,8],[-141,3],[-99,38],[-48,33],[-157,33],[-74,45],[-59,53],[-52,64],[-79,76],[-65,37],[-65,1],[-45,16],[-87,83],[-41,52],[-32,97],[0,81],[11,36],[-11,39],[-54,81],[-86,35],[-80,8],[-99,-3],[-49,12],[-44,28],[-59,16],[-66,0],[-98,35],[-27,-2],[-42,29],[-47,58],[-211,65],[-131,-85],[-152,-20],[-49,30],[-73,-5],[-82,37],[-72,2],[-46,-31],[-71,-8],[-32,15],[-113,77],[-39,51],[-161,145],[-47,52],[-68,91],[-54,94],[-102,56],[-30,41],[-50,36],[-67,84],[-54,0],[-70,-13],[-78,-46],[-89,-32],[-105,-10],[-52,-29],[-27,-32],[-23,-69],[-53,-56],[-69,-111],[-63,-29],[-12,-69],[22,-100],[-15,-113],[-42,-153],[-34,-174],[-41,-80],[11,-29],[-40,-81],[-102,-14],[-121,-32],[-205,-152],[-54,-32],[-131,-132],[-44,-72],[-151,-25],[-148,5],[-102,-36],[-60,-35],[-71,-13],[-86,5],[-61,43],[-65,-84],[-67,-69],[-236,-38],[-120,10],[-123,59],[-60,41],[-51,12],[-95,45],[-56,4],[-65,55],[-78,15],[-79,6],[-169,39],[-34,-2],[-142,-129],[-31,-13],[-86,-14],[-122,1],[-30,-55],[-68,-38],[-76,-55],[-80,-29],[-112,27],[-87,2],[-110,-19],[-112,-6],[-90,22],[-55,-16],[-81,-50],[-67,-17],[-39,-32],[-79,2],[-78,23],[-52,28],[-85,19],[-50,40],[-45,51],[-13,55],[-39,35],[-27,74],[-51,70],[-49,26],[-71,-1],[-138,-17],[-224,100],[-95,-5],[-102,-48],[-70,0],[-69,-26],[-91,3],[-88,75],[-73,32],[-51,42],[-60,26],[-57,7],[-87,40],[-48,10],[-136,6],[-31,22],[-43,53],[-101,11],[-89,45],[-55,79],[-45,43],[-123,11],[-116,18],[-30,-2],[-57,-30],[-89,-76],[-116,-29],[-173,-4],[-93,11],[-49,53],[-64,27],[-61,-8]],[[97734,101918],[-48,49],[-39,74],[-28,23],[-101,25],[-72,65],[-104,70],[-6,27],[-56,20],[-22,34],[-18,105],[-34,50],[-54,51],[-3,93],[8,44],[-12,51],[13,33],[3,94],[27,70],[27,123],[35,56],[-2,53],[-93,104],[-37,30],[-33,76],[5,76],[15,19],[-18,76],[-40,47],[13,81],[-29,141],[4,76],[44,69],[48,30],[87,103],[95,33],[64,54],[95,7],[51,17],[127,82],[16,18],[-7,81],[2,135],[-7,66],[-31,63],[-121,37],[-35,23],[-38,111],[15,48],[48,20],[34,32],[19,61],[-1,83],[-41,59],[-24,173],[-92,16],[-125,136],[-38,143],[-11,108],[-41,189],[8,68],[-41,29],[-43,52],[-6,37],[11,75],[-13,40],[-49,50],[-125,177],[-8,46],[-115,51],[-25,24],[-8,67],[-21,29],[-68,56],[-17,79],[54,94],[15,70],[-18,76],[7,107],[-19,44],[-3,72],[-141,257],[4,21],[108,254],[-4,64],[-75,82],[-125,34],[-123,56],[-33,-26],[-121,-25],[-88,-60],[-25,9],[-44,63],[-59,5],[-52,23],[-98,81],[-64,23],[-91,19],[-103,71],[-45,22],[-103,29],[-69,-22],[-47,-38],[-60,-68],[-70,-9],[-59,9],[-58,45],[-77,81],[-41,20],[-90,-65],[-118,-65],[-83,-54],[-70,-150],[-72,-100],[-93,-20],[-64,-60],[-50,-76],[-38,-27],[-71,-12],[-113,29],[-17,58],[-94,149],[-67,54],[-77,36],[39,40],[-116,214],[-3,46],[33,103],[-1,62],[-21,96],[-69,69],[-63,32],[-47,92],[-12,79],[31,67],[-29,91],[-59,108],[-40,138],[-24,50],[-1,34],[25,70],[-20,111],[-96,16],[-43,-24],[-71,50],[-12,35],[-55,21],[-31,76],[-69,26],[-60,4],[-32,37],[-143,62],[-12,80],[13,46],[3,139],[-12,109],[25,130],[-4,157],[-18,105],[-42,110],[4,88],[-17,52],[-30,33],[-59,103],[-84,40],[-19,34],[-67,37],[-37,45],[-6,27],[25,108],[-2,25],[-37,63],[-52,114],[-4,54],[-85,158],[-6,49],[37,35],[44,72],[2,70],[11,39],[42,57],[91,103],[109,68],[72,116],[36,108],[17,103],[30,45],[3,41],[99,96],[28,13],[25,46],[11,110],[-39,210],[-26,53],[-3,37],[-31,8],[-31,-16],[-45,0],[-37,45],[-64,42],[-74,110],[-10,47],[-27,48],[11,18],[19,107],[2,129],[46,83],[-11,36],[-39,16],[-40,91],[-8,39],[-38,72],[-17,54],[-52,76],[-35,82],[-5,42],[-33,47],[-72,-2],[-32,9],[-46,43],[-60,6],[-103,28],[-50,26],[-110,97],[-118,48],[-52,70],[-31,108],[-39,102],[-21,27],[-57,43],[-19,28],[-46,118],[79,30],[1,70],[21,71],[0,179],[-45,124],[-68,106],[-52,65],[-14,39],[-60,81],[-18,36],[-45,159],[-18,35],[-60,63],[-6,35],[16,89],[-2,85],[39,72],[115,68],[74,62],[6,38],[-27,91],[10,43],[-14,82],[-27,60],[1,45],[22,39],[50,56],[22,50],[53,59],[6,84],[21,86],[4,84],[-26,59],[-51,53],[-12,47],[10,44],[-8,50],[11,77],[-12,107],[-57,83],[-43,29],[7,28],[45,40],[53,92],[5,141],[32,39]],[[106475,123820],[-242,167],[-4,237],[8,0],[8,-230],[236,-164],[-6,-10]],[[105725,124113],[290,288],[4,-5],[-289,-288],[-129,-65],[-3,6],[127,64]],[[105152,123565],[71,43],[260,259],[110,113],[3,-4],[-108,-112],[-262,-261],[-74,-38]],[[111507,122583],[-1,-8],[-123,90],[4,5],[120,-87]],[[103856,123960],[3,32],[24,-41],[-27,9]],[[102521,126254],[-4,88],[9,1],[4,-89],[-9,0]],[[39878,77390],[38,11],[25,40],[14,65],[-24,25],[46,32],[21,95],[0,81],[-22,33],[47,-24],[104,149],[63,75],[106,104],[68,60],[43,17],[41,75],[24,-63],[39,6],[109,70],[65,80],[79,175],[9,111],[-6,56],[-28,23],[-96,44],[-47,-19],[-10,31],[38,16],[-12,61],[24,89],[11,72],[19,7],[18,56],[-37,26],[41,37],[-14,83],[-21,-10],[-12,35],[23,6],[-14,77],[-16,27],[37,32],[125,147],[1,36],[49,27],[-14,15],[44,17],[59,68],[61,56],[25,3],[121,56],[16,32],[41,0],[-23,145],[128,67],[5,-9],[-104,-57],[12,-72],[119,21],[23,-30],[18,109],[12,13],[-24,-103],[5,-64],[65,29],[4,42],[37,-14],[33,43],[-49,75],[63,50],[-68,85],[4,84],[26,48],[137,85],[106,81],[74,48],[78,80],[33,63],[24,87],[-35,9],[56,78],[28,-23],[26,15],[15,71],[-30,25],[50,23],[-13,45],[49,22],[38,72],[-31,4],[24,23],[48,-3],[93,74],[-6,26],[63,44],[126,115],[192,138],[118,99],[90,95],[49,125],[72,80],[35,58],[18,76],[-14,114],[-29,6],[4,41],[29,7],[13,44],[-32,54],[-1,71],[-15,29],[-21,-12],[-24,35],[25,16],[-14,21],[48,32],[39,1],[-12,22],[68,41],[-2,17],[54,-2],[72,16],[2,21],[37,-11],[37,20],[134,134],[8,44],[58,156],[-16,44],[34,45],[45,-1],[59,32],[59,1],[-2,49],[92,33],[61,-19],[52,84],[90,95],[64,51],[85,92],[2,18],[68,28],[71,-18],[67,-2],[36,18],[46,43],[80,103],[28,52],[9,-8],[29,48],[83,61],[24,29],[25,100],[-5,8],[28,138],[-19,80],[-20,10],[33,153],[-6,30],[-84,19],[-52,-227],[-10,3],[54,231],[104,-23],[35,30],[202,120],[27,78],[30,155],[3,79],[30,53],[-1,48],[-22,38],[17,28],[103,2],[46,27],[-37,214],[15,4],[303,215],[6,-7],[-255,-179],[129,-189],[206,142],[-65,98],[24,16],[17,-24],[43,31],[-31,52],[186,-269],[42,-1],[331,231],[8,0],[-337,-235],[-210,9],[-105,-85],[-30,-44],[-13,11],[-51,-97],[85,-38],[28,65],[86,-38],[-33,-77],[81,-36],[60,140],[-6,-63],[78,-4],[11,22],[36,-17],[19,44],[-41,19],[40,57],[72,8],[283,82],[17,-58],[63,18],[7,25],[-118,173],[5,3],[76,-109],[191,141],[-77,102],[14,19],[266,201],[-12,16],[143,107],[11,-16],[267,203],[7,-8],[238,178],[61,-71],[127,94],[127,219],[-5,7],[327,242],[252,-336],[13,-29],[30,45],[63,51],[139,80],[81,19],[108,5],[53,12],[75,44],[68,60],[73,86],[35,26],[155,92],[-6,21],[45,3],[143,100],[-13,38],[29,-27],[123,86],[105,39],[-11,103],[95,31],[24,-70],[68,42],[67,84],[-20,22],[-79,-40],[-13,25],[61,47],[-40,47],[114,-113],[36,-5],[62,34],[99,66],[127,104],[81,60]],[[50112,87380],[17,-35],[29,-103],[41,-33],[42,-82],[83,-101],[41,-28],[21,-51],[37,-25],[20,-74],[27,-41],[36,-82],[98,-116],[71,-69],[16,-69],[33,-53],[20,-74],[47,-63],[59,-2],[38,-62],[91,-17],[22,-15],[48,-114],[73,-42],[32,-33],[90,-28],[16,-30],[-3,-43],[23,-106],[20,-27],[16,-89],[31,-50],[66,-38],[48,-1],[177,13],[40,-6],[63,-38],[95,-84],[24,-71],[-6,-69],[-49,-114],[9,-41],[84,-109],[47,-46],[30,-58],[50,-46],[97,-43],[69,-57],[19,-32],[65,-70],[-26,-85],[-7,-63],[-92,-115],[-9,-51],[46,-73],[29,-22],[6,-48],[-22,-59],[-32,-47],[-6,-61],[46,-86],[85,-90],[4,-51],[-37,-82],[17,-68],[33,-39],[121,-63],[116,-4],[37,-61],[47,-40],[60,-25],[8,-66],[79,-121],[29,-31],[39,-16],[88,-10],[155,219],[35,80],[75,59],[82,105],[67,49],[36,109],[2,63],[17,30],[147,80],[16,71],[76,-5],[35,24],[14,100],[34,82],[23,145],[-31,46],[-1,37],[18,56],[147,125],[127,74],[64,52],[35,58],[88,100],[61,27],[66,44],[73,3],[28,31],[12,87],[-21,66],[-5,103],[25,90],[57,43],[68,69],[130,67],[24,42],[66,49],[27,51],[24,83],[18,29],[55,47],[6,112],[20,24],[200,35],[68,-21],[148,-58],[209,-175],[42,-29],[129,-50],[54,-46],[59,-2],[61,16],[136,-44],[162,-6],[72,-20],[59,-3],[153,-33],[43,-4],[81,-36],[92,1],[76,50],[80,11],[82,-10],[53,31],[70,3]],[[57058,85672],[16,-19],[121,-50],[63,-72],[17,-154],[-12,-149],[73,-87],[66,-102],[65,-19],[60,-57],[78,-49],[71,-32],[23,-38],[68,-54],[37,-44],[87,-56],[90,-91],[92,-49],[21,-25],[16,-359],[-35,-76],[17,-104],[-3,-58],[18,-107],[50,-125],[4,-120],[27,-52],[62,-36],[30,-29],[38,-239],[-12,-49],[10,-73],[-3,-59],[35,-117],[-11,-50],[-31,-53],[8,-46],[53,-21],[54,-56],[74,-18],[53,-30],[138,-101],[79,-28],[68,-113],[80,-71],[48,-4],[37,19],[2,-45],[45,-123],[14,-79],[-32,-72],[-10,-129],[-15,-89],[13,-50],[56,-71],[27,-130],[25,-69],[60,-125],[27,-42],[107,-60],[97,-38],[76,-55],[90,-46],[41,-43],[-3,-46],[22,-92],[66,-90],[14,-58],[107,-270],[51,-24],[-1,-57],[-39,-154],[-59,-82],[-61,-53],[-32,-62],[-76,-30],[-42,-26],[-138,-138],[-63,-100],[-179,-71],[-90,-18],[6,-29],[47,-58],[21,-59],[10,-77],[50,-78],[7,-42],[-17,-70],[-2,-73],[13,-52],[26,-24],[75,-23],[45,-54],[24,-12],[104,49],[79,56],[38,12],[138,14],[132,33],[36,-34],[31,-122],[32,-54],[19,-115],[3,-75],[-6,-77],[40,-66],[-7,-112],[4,-86],[-15,-112],[9,-66],[-31,-59],[43,-84],[-2,-54],[34,-167],[25,-38],[80,-25],[52,-102],[22,-154],[39,-48],[102,-22],[105,-8],[30,-13],[28,-65],[26,-26],[-17,-48],[-38,-23],[-63,-15],[14,-30],[47,-30],[13,-53],[-10,-60],[19,-69],[-19,-15],[-47,3],[-29,-38],[3,-51],[-13,-35],[4,-61],[-11,-38],[-4,-98],[-62,-61],[-47,-91],[-14,-62],[16,-67],[45,-35],[46,-55],[19,-59],[12,-125],[-128,-221],[-80,-33],[-45,-57],[-59,-24],[-40,-32],[-76,-30],[-42,54],[-35,-8],[-18,-51],[-60,3],[-40,-36],[-52,26],[-62,5],[-28,-46],[8,-58],[-64,-148],[-25,-35],[104,-149],[23,-59],[53,-80],[9,-64],[-58,-181],[-26,-132],[13,-117],[42,-98],[14,-99],[52,-113],[4,-34],[-13,-134],[-14,-66],[-2,-115],[-41,-165],[-3,-91],[-10,-36],[-38,-49],[5,-36],[45,-54],[55,-86],[29,-17],[38,-95],[24,-19],[91,-25],[22,-26],[7,-52],[16,-12],[69,13],[65,-60],[103,-63],[69,-18],[90,27],[97,-1],[97,-53],[63,-17],[96,-59],[31,-11],[136,-18],[16,-12],[11,-56],[29,-76],[26,-42],[43,-107],[64,-203],[-2,-20],[-94,-157],[-88,-103],[-51,-81],[-14,-55],[-12,-247],[48,-67],[43,-43],[84,-110],[83,-27],[47,-30],[39,-5],[131,13],[103,65],[68,57],[54,31],[127,39],[199,90],[50,42],[111,71],[52,6],[94,27],[106,-8],[37,-14],[81,-70],[50,-21],[55,-47],[94,-107],[88,-113],[46,-210],[26,-30],[43,-15],[102,-57],[24,-37],[3,-89],[14,-106],[25,-50],[51,-20],[48,-38],[11,-44],[-4,-58],[-41,-52],[-11,-94],[3,-69],[43,-95],[-10,-82],[-55,-51],[-99,-76],[84,-53],[107,-40],[43,-1],[82,18],[100,45],[74,81],[83,126],[26,51],[11,93],[55,94],[21,54],[21,96],[29,26],[109,66],[48,76],[50,54],[62,11],[74,-16],[118,-78],[35,45],[6,84],[30,84],[-8,60],[24,102],[154,1],[51,19],[54,35],[60,10],[54,-24],[49,106],[97,-11],[19,40],[34,6],[62,-18],[37,63],[-10,79],[16,44],[188,-16],[52,52],[2,45],[-32,123],[3,123],[8,44],[24,43],[38,14],[100,7],[97,27],[52,-1],[38,-23],[55,67],[50,14],[35,24],[68,-39],[85,12],[116,-21],[108,31],[49,45],[117,34],[45,48],[112,-8],[120,-37],[41,-3],[93,11],[54,21],[123,73],[60,7],[25,-20],[58,-15],[90,-48],[88,-38],[35,-31],[42,6],[147,36],[68,42],[44,-10],[49,-26],[25,29],[16,49],[35,31],[108,11],[82,-45],[52,0],[18,26],[9,69],[68,20],[72,61],[36,15],[64,46],[130,60],[83,17],[84,-13],[58,42],[50,74],[3,43],[23,38],[80,101],[24,61],[0,64],[43,58],[-28,78],[8,25],[101,73],[63,-69],[95,-11],[54,-14],[34,30],[18,59],[35,58],[65,69],[52,38],[11,72],[25,44],[47,37],[103,35],[67,-18],[78,3],[84,-24],[51,0],[132,53],[60,-5],[32,-22],[83,-12],[48,8],[62,54],[55,68],[-2,54],[77,59],[-5,29],[-87,140],[4,53],[16,27],[65,-18],[61,82],[61,4],[6,13],[55,0],[42,22],[-10,71],[-60,140],[4,47],[-21,36],[-5,85],[20,56],[65,52],[59,35],[108,12],[13,31],[111,-68],[94,-49],[43,7],[26,29],[38,10],[74,-29],[44,-53],[42,-31],[81,-81],[78,-103],[59,-18],[190,90],[79,10],[117,103],[46,66],[61,106],[70,93],[41,98],[97,3],[103,26],[119,-3],[151,-30],[152,48],[161,145],[50,109],[42,56],[36,185],[16,49],[64,91],[27,112],[2,44],[27,14],[83,17],[80,36],[63,54],[55,-5],[37,-18],[66,-13],[141,-49],[124,-10],[161,70],[49,4],[91,-39],[122,-179],[117,-24],[46,-42],[18,-186],[9,-29],[58,-91],[25,-77],[153,-263],[125,-205],[38,-81],[25,-2],[154,73],[35,-58],[49,-51],[126,-42],[195,-51],[46,12],[54,173],[66,134],[22,29],[46,28],[133,55],[111,28],[98,50],[155,104],[199,164],[116,106],[27,56],[12,206],[4,179],[-6,92],[-13,65],[15,34],[100,144],[31,16],[52,-15],[44,11],[81,55],[76,-40],[62,-11],[115,-35],[17,4],[206,158],[97,-10],[94,22],[133,59],[92,5],[127,20],[57,25],[124,132],[14,34],[5,95],[-15,125],[18,48],[90,13],[55,19],[112,22],[32,-11],[5,-137],[17,-36],[58,-44],[34,-61],[209,-115],[30,-27],[1,-50],[129,-124],[10,-52],[71,-109],[86,-78],[54,-130],[10,-64],[-24,-44],[-51,-49],[-121,-82],[-19,-23],[-14,-80],[27,-81],[94,-21],[115,-52],[64,-48],[76,-15],[74,-2],[12,-69],[38,-46],[89,-33],[79,-86],[36,-74],[40,-103],[43,-50],[50,-42],[37,-99],[40,-135],[8,-87],[44,-50],[74,-109],[25,-61],[33,-144],[43,-65],[22,-55],[86,-159],[13,-59],[19,-26],[53,-32],[42,-51],[10,-47]],[[79892,73937],[-85,-5],[-41,-15],[-104,-79],[-113,-130],[-30,-27],[-74,-31],[-56,-3],[-45,-20],[1,-74],[-27,-109],[-8,-137],[-1,-102],[13,-150],[-6,-65],[-32,-78],[-6,-83],[-78,-165],[-8,-60],[-44,-41],[-80,-46],[-83,-158],[-88,-137],[-116,-67],[-8,-71],[2,-84],[37,-137],[-117,-30],[-99,-42],[-26,-3],[-69,-38],[-67,-86],[-86,-69],[-64,-12],[-69,-57],[-162,-111],[-52,-16],[-71,6],[-149,245],[-14,11],[-83,-33],[-95,-27],[-65,187],[10,69],[-29,139],[3,169],[-17,16],[-48,-11],[-126,33],[-141,-38],[-133,-78],[-269,-177],[-165,-39],[-42,-43],[24,-63],[-13,-47],[-71,-70],[-14,-24],[13,-93],[-28,-100],[-2,-76],[-20,-92],[-68,-115],[-86,-17],[-43,-20],[-75,-58],[-83,-42],[-154,-52],[-99,-13],[-216,-89],[-79,-48],[-51,-63],[-31,-71],[-77,-121],[-66,-80],[-113,-81],[20,-144],[36,-136],[-33,-53],[-63,-71],[-75,26],[-276,4],[-26,21],[-43,-24],[-32,11],[-41,48],[-15,-44],[-91,-38],[-25,35],[-64,-35],[-31,52],[-64,14],[22,-91],[55,-45],[0,-76],[-71,1],[-136,33],[-81,3],[-94,-23],[-86,-40],[-40,50],[1,-50],[-29,-47],[-95,-59],[-47,-8],[-55,-38],[-39,-3],[-4,30],[-36,-11],[-37,-49],[-89,42],[-7,14],[15,130],[-27,8],[-177,-9],[-41,14],[-21,40],[-62,-44],[-18,29],[-27,112],[24,72],[-24,14],[-83,-112],[-16,43],[-100,27],[-45,-31],[-12,36],[-39,-14],[-4,48],[-53,4],[-31,54],[-27,10],[-27,-16],[-52,-96],[-50,-72],[-75,93],[-22,77],[-5,179],[-70,-24],[-9,-114],[17,-42],[32,-118],[-70,-34],[1,-32],[-49,-8],[-110,-40],[-61,-31],[-112,-112],[-15,-35],[0,-52],[-24,-16],[-50,21],[-22,-12],[-61,57],[-43,10],[-31,33],[-60,-31],[-20,5],[23,34],[-103,13],[-18,-5],[-37,-93],[-10,-68],[-5,-103],[-39,-194],[-12,-17],[-65,-32],[-29,-62],[5,-70],[-11,-77],[2,-65],[29,-95],[39,-64],[42,-51],[-11,-102],[24,-83],[-22,-55],[-46,-58],[-55,-31],[-38,-39],[-7,-35],[16,-75],[-9,-71],[-32,-85],[6,-89],[-29,-84],[-25,-30],[30,-128],[8,-101],[-23,-123],[-45,-110],[-28,-151],[-20,-50],[-89,-163],[-33,-81],[-31,-111],[-13,-75],[1,-70],[56,-57],[11,-30],[-60,-172],[-28,-104],[-48,-64],[-36,-22],[-72,-97],[-18,-51],[-6,-137],[-74,-19],[-24,-116],[-43,-61],[-69,-39],[-39,1],[-41,22],[-36,49],[-7,51],[-26,42],[-58,26],[-46,-2],[-55,-26],[-20,-66],[13,-92],[-3,-62],[-49,-85],[-50,-128],[-99,-51],[-82,-63],[-54,-4],[-142,18],[-85,-13],[-59,-33],[-53,-76],[-53,-23],[-81,24],[-98,83],[7,88],[-38,41],[-9,80],[-37,93],[-27,42],[-24,67],[-22,145],[7,110],[-35,76],[-85,50],[-86,10],[-101,44],[-95,6],[-95,-17],[-38,4],[-163,39],[-67,8],[-91,1],[-191,-31],[-336,6],[-10,-28],[-49,-59],[-72,20],[-89,-19],[-46,-41],[-148,-75],[-59,-70],[-53,-74],[21,-104],[45,-145],[112,5],[82,-17],[-7,-139],[25,-96],[51,-101],[5,-44],[-27,-63],[-5,-72],[66,-117],[5,-77],[20,-59],[51,-56],[13,-29],[-11,-73],[-57,-73],[-25,-58],[-13,-143],[-16,-76],[15,-41],[-6,-69],[12,-21],[45,-16],[20,-32],[0,-52],[-23,-85],[-109,-111],[-72,8],[-15,-72],[-36,-57],[-25,-69],[-7,-64],[38,-71],[27,-86],[34,-64],[12,-75],[-43,-163],[-17,-111],[-60,-112],[7,-83],[-19,-40],[-91,-70],[-52,-22],[-57,-2],[-42,-13],[-73,2],[-22,-20],[-51,-130],[-71,-13],[-46,-114],[-1,-25],[24,-77],[3,-56],[-12,-77],[-41,-93],[-73,-74],[-28,-17],[-73,-14],[-36,4],[-169,38],[18,40],[-2,72],[-11,35],[-57,74],[-50,39],[-71,34],[-86,-7],[-150,-57],[-67,-57],[-101,-65],[-47,-39],[-109,-49],[-107,-124],[-78,-53],[-54,-10],[-38,7],[-68,42],[-27,28],[-64,97],[-9,48],[8,130],[50,157],[0,103],[30,59],[62,59],[57,91],[-76,36],[-100,23],[-34,-2],[-80,-37],[-183,-137],[-44,-14],[-110,-2],[-65,9],[-62,39],[-90,91],[-37,58],[-74,77],[-99,36],[-108,-86],[-46,-20],[-49,1],[-41,-21],[-35,-71],[-170,-84],[-22,-26],[1,-75],[-51,-136],[-27,-97],[-70,-54],[-27,-58],[-25,-115],[-60,-40],[-80,1],[-52,43],[-24,6],[-47,-43],[-54,-20],[-25,30],[-177,52],[-68,37],[-77,113],[-71,53],[-93,34],[-171,16],[-36,39],[-24,5],[-43,-25],[-29,10],[-25,41],[-58,38],[-58,9],[-73,-10],[-64,-19],[-67,5],[-83,41],[-90,-8],[-99,53],[-53,15],[-134,12],[-54,25],[-88,86],[-59,17],[-109,47],[-47,68],[-20,74],[-9,72],[-50,18],[-51,51],[-77,52],[-145,3],[-34,101],[-32,43],[-47,26],[-54,47],[-42,55],[-68,21],[-28,49],[-82,64],[-28,60],[-56,22],[-84,-16],[-77,0],[-61,49],[-20,36],[-55,31],[-51,46],[-88,34],[-119,-4],[-24,15],[-38,58],[-31,24],[-47,-1],[-54,20],[-80,182],[-8,55],[13,37],[49,61],[-1,26],[-39,70],[-76,95],[-66,11],[-88,29],[-108,19],[-119,50],[-68,18],[-124,5],[-39,-21],[-74,-67],[-103,-20],[-73,-3],[-61,-47],[-32,-40],[-41,-5],[-110,37],[-71,16],[-68,3],[-126,-18],[-64,5],[-96,28],[-59,2],[-80,-15],[-108,-42],[-86,-20],[-79,-39],[-102,-27],[-74,-11],[-16,-17],[-21,-145],[13,-56],[-7,-73],[-48,10],[-80,38],[-70,9],[-45,-5],[-87,28],[-119,82],[-58,-3],[-66,13],[-52,27],[-120,24],[-91,26],[-80,54],[-42,5],[-82,-29],[-49,-29],[-72,-6],[-42,28],[-35,-9],[-71,-78],[-50,-34],[-39,-56],[-47,-20],[-55,-90],[-74,-39],[-23,-29],[-24,-62],[-250,-35],[-49,6],[-42,22],[-40,146],[-48,74],[-62,14],[-30,34],[-22,67],[-22,34],[-57,34],[-36,66],[-39,107],[-112,132],[-43,41],[-90,58],[-32,52],[3,78],[-10,56],[-34,26],[-42,9],[-77,-35],[7,102],[-16,93],[23,113],[-183,184],[-100,68],[-63,53],[-48,29],[-59,18],[-85,48],[-38,47],[-41,96],[-49,46],[-38,80],[-76,65],[-27,58],[-20,93],[-33,28],[-87,-44],[-136,-98],[-133,-135],[-69,-91],[-58,-45],[-94,-36],[-22,-35],[-7,-102],[-52,-60],[-43,-24],[-62,-76],[-135,-93],[-46,-63],[7,-54],[38,-149],[19,-106],[-69,-10],[-41,-46],[-54,-16],[-93,-13],[-54,-30],[-23,-30],[-9,-76],[-44,-84],[-37,-33],[-71,-21],[-151,-65],[-56,-40],[-53,-13],[-30,-26],[-57,-95],[-34,-28],[-144,-89],[-35,-26],[-23,49],[-66,66],[-20,34],[-55,25],[-87,-13],[-47,62],[-3,52],[17,33],[-25,7],[-117,-44],[-99,-28],[-32,4],[-42,32],[-55,4],[-74,-11],[-156,-65],[-36,-5],[-56,28],[-63,17],[-59,5],[-222,-51],[-43,40],[-29,97],[-135,175],[-34,7],[-99,-6],[-116,89],[-88,101],[-10,84],[-26,61],[-68,43],[-57,17],[-119,-9],[-83,76],[-14,58],[3,103],[-33,62],[-12,57],[8,69],[-15,97],[-61,74],[-17,39],[31,40],[188,140],[23,30],[-131,53],[-70,48],[-51,-56],[-71,-56],[-70,-78],[-92,37],[-52,7],[-71,39],[-87,-40],[-55,-35],[-25,-54],[-56,-30],[-76,-1],[-115,15],[-47,-3],[-59,-23],[-36,15],[-49,67],[-34,22],[-141,56],[-126,76],[-74,15],[-68,2],[-43,-57],[-33,-23],[-82,-21],[-56,3],[-80,21],[-114,-11],[-67,-33],[-99,-19],[-59,0],[-110,-33],[-164,-37],[-136,-36],[-103,-44]],[[44867,98486],[-54,-47],[-55,-26],[-81,24],[0,89],[56,70],[25,60],[-12,31],[22,112],[25,7],[20,81],[35,33],[81,-21],[73,57],[103,5],[40,16],[53,1],[35,30],[109,-20],[54,-26],[84,21],[8,22],[57,30],[-4,95],[29,21],[94,-70],[91,-28],[82,-7],[30,-53],[81,-28],[56,5],[46,-19],[75,-59],[60,-12],[46,56],[58,6],[14,-31],[-28,-6],[-89,-61],[-36,-78],[-56,-36],[-17,24],[-2,51],[-121,34],[-22,28],[-52,9],[-49,-44],[17,-75],[60,-62],[-115,87],[-66,13],[-50,-15],[-47,-47],[-44,-11],[-85,0],[-49,-25],[-8,-41],[-105,-33],[-15,14],[-125,35],[-117,-7],[-21,-37],[-25,-3],[-39,-54],[-52,-29],[-26,-36],[-52,-20]],[[46326,86285],[-5,7],[432,320],[4,-6],[-431,-321]],[[41239,80127],[-31,-78],[-12,5],[31,78],[12,-5]],[[41297,80127],[125,18],[1,-8],[-124,-18],[-2,8]],[[50112,87380],[76,43],[74,28],[102,28],[198,30],[92,27],[42,40],[18,-12],[81,29],[134,40],[62,29],[116,67],[370,127],[171,44],[153,106],[160,59],[119,53],[253,81],[135,67],[63,26],[148,43],[99,35],[175,72],[5,-13],[100,23],[25,25],[-12,44],[24,-25],[63,24],[227,73],[197,67],[68,17],[157,13],[139,41],[-16,96],[20,5],[6,-69],[48,-21],[85,36],[95,72],[-34,65],[58,-73],[24,9],[-48,128],[185,92],[61,86],[159,80],[90,85],[-36,-51],[-58,-43],[-152,-76],[-61,-86],[-180,-91],[23,-60],[61,18],[229,94],[70,-57],[105,44],[-11,37],[6,73],[-15,-22],[-84,-62],[-8,11],[109,81],[-1,-71],[15,-57],[30,52],[45,135],[165,34],[31,-108],[101,-27],[87,29],[-26,48],[47,-40],[193,82],[33,19],[63,68],[42,35],[122,58],[197,161],[31,34],[66,114],[38,36],[67,33],[198,112],[80,50],[88,92],[30,23],[155,54],[95,58],[132,90],[193,182],[69,57],[101,52],[115,71],[119,104],[96,121],[193,203],[25,64],[85,168],[82,149],[36,47],[109,89],[171,112],[88,48],[95,80],[126,178],[40,33],[201,82],[97,22],[101,15],[34,39],[14,-21],[249,74],[28,-6],[113,44],[72,64],[36,45],[31,62],[57,142],[31,58],[83,93],[89,52],[161,49],[-2,45],[-34,65],[101,21],[152,129],[23,59],[30,-16],[35,24],[15,34],[-75,64],[43,67],[11,146],[6,0],[-11,-144],[-42,-69],[57,-49],[37,65],[53,129],[22,-9],[-15,-51],[49,-26],[75,73],[-61,98],[5,84],[9,-4],[-1,-96],[22,-35],[68,43],[-41,75],[66,-99],[48,33],[447,160],[120,25],[-2,6],[121,43],[87,54],[83,112],[70,133],[43,45],[105,84],[148,88],[91,89],[40,57],[40,104],[14,-10],[49,85],[12,0],[74,93],[23,12],[76,71],[35,70],[43,51],[127,96],[58,84],[23,97],[6,81],[13,49],[-10,38],[-32,21],[79,-30],[33,77],[53,66],[55,88],[6,26],[45,67],[34,96],[9,55],[16,227],[16,30],[14,163],[12,43],[62,100],[36,76],[36,117],[47,115],[36,122],[89,106],[20,59],[101,135],[92,184],[32,80],[42,69],[72,177],[86,111],[34,94],[67,101],[137,160],[87,114],[79,132],[32,73],[65,210],[17,147],[3,115],[12,58],[39,98],[-4,90],[26,64],[45,56],[30,98],[-6,63],[31,55],[10,41],[-11,107],[-70,17],[5,9],[72,-14],[39,102],[-155,178],[252,221],[-5,-26],[-225,-197],[65,-75],[193,170],[33,13],[52,-61],[57,7],[55,39],[54,52],[43,25],[51,48],[17,34],[17,-12],[94,53],[72,57],[-3,20],[93,48],[63,51],[32,73],[51,44],[30,1],[23,39],[100,66],[205,106],[111,53],[22,32],[22,143],[-68,30],[5,11],[59,-28],[-8,30],[-94,61],[5,6],[87,-56],[33,59],[14,73],[-11,60],[-30,15],[-54,-13],[-16,18],[54,17],[61,1],[73,-18],[34,66],[-2,32],[-25,13],[-45,213],[-18,53],[-26,115],[32,8],[32,-146],[-8,-32],[46,-209],[157,-56],[43,-21],[68,-118],[61,-58],[39,7],[25,101],[50,90],[-52,27],[-85,-43],[-48,-37],[-44,72],[165,313],[72,-16],[28,134],[21,10],[-130,28],[3,51],[35,-1],[108,-27],[4,53],[31,5],[-2,38],[-32,5],[-3,74],[-230,-9],[7,-147],[-220,-198],[-15,-30],[-19,22],[204,178],[-25,719],[61,-5],[262,8],[15,61],[-22,97],[-14,124],[-43,16],[-14,-27],[-13,131],[14,2],[8,-64],[25,2],[30,30],[-13,56],[-16,14],[-27,121],[-49,253],[-13,20],[-9,80],[-31,157]],[[66268,103484],[223,28],[307,23],[7,-173],[75,-5],[19,-132],[25,-333],[119,5],[0,92],[59,4],[10,200],[22,30],[34,11],[175,4],[8,-84],[17,-380],[111,9],[226,48],[42,34],[17,58],[19,110],[165,0],[-3,380],[4,245],[283,6],[160,-1],[171,11],[182,-7],[120,0],[22,-114],[2,-142],[8,-215],[-2,-70],[-19,-82],[34,-59],[58,-7],[32,-20],[150,-4],[121,-20],[158,-17],[107,-6],[17,13],[-18,154],[0,144],[15,210],[64,57],[-34,102],[-5,45],[223,6],[178,11],[192,7],[134,-8],[234,1],[66,-3],[209,3],[8,155],[-7,138],[-7,288],[-8,35],[-33,52],[-33,19],[1,23],[133,30],[46,22],[37,-7],[55,25],[52,3],[71,-11],[65,-20],[63,-42],[91,-23],[82,21],[130,12],[111,43],[-14,65],[-1,90],[10,61],[34,9],[97,-12],[53,-17],[144,-22],[100,0],[249,12],[29,23],[-45,156],[18,83],[65,-19],[121,57],[57,-35],[3,56],[19,73],[-27,38],[-14,72],[105,-3],[56,-41],[120,-32],[24,-52],[20,1],[37,49],[-5,27],[36,70],[5,36],[59,4],[5,18],[179,-27],[48,-27]],[[73255,105129],[17,-90],[52,-84],[106,-18],[88,-32],[82,-20],[-3,-346],[-6,-100],[3,-111],[-38,-143],[-35,-96],[-8,-73],[-59,-52],[-9,-72],[2,-124],[-51,-115],[-57,-60],[-103,-75],[-120,-117],[-49,-16],[-29,-28],[-23,-69],[-82,-64],[-41,-19],[-89,-167],[-33,-54],[-44,-42],[-70,-37],[-102,-35],[-108,-11],[-36,-57],[15,-53],[-12,-64],[36,-115],[31,-36],[4,-35],[-26,-64],[12,-98],[-11,-49],[-72,-173],[-7,-78],[-94,-50],[-41,-37],[-39,-72],[-40,-41],[0,-68],[-15,-91],[-45,-59],[-4,-55],[-47,2],[-39,18],[-95,86],[-70,-38],[-87,3],[-44,-27],[-107,3],[-134,-42],[-69,-29],[-50,5],[-100,-82],[-67,-25],[-119,-22],[-44,8],[-52,45],[-103,14],[-40,20],[-100,12],[-68,-34],[-82,-24],[-58,-57],[-78,-109],[48,-41],[11,-42],[-29,-42],[6,-69],[61,-47],[36,-71],[66,-171],[94,-83],[72,-85],[73,-127],[27,-78],[20,-203],[-11,-107],[-47,-134],[-87,-116],[-43,-75],[-36,-31],[-161,-98],[-20,-18],[-43,-106],[-111,-38],[-34,-64],[-54,-47],[-51,-24],[-96,-17],[-41,-39],[-23,-113],[-49,-66],[8,-71],[-20,-64],[-80,-105],[-2,-21],[72,-96],[130,-43],[68,-67],[64,-41],[22,-39],[66,-2],[69,-22],[31,0],[94,-26],[66,-28],[16,-32],[-70,-110],[-49,-157],[48,-41],[1,-70],[-21,-115],[17,-49],[53,-36],[51,-14],[33,-37],[14,-43],[-9,-141],[54,-130],[85,-15],[165,3],[95,41],[32,3],[141,-27],[57,10],[148,44],[113,-6],[38,-45],[110,-107],[51,-99],[67,3],[90,-39],[49,-41],[92,-36],[38,-36],[28,-82],[47,-92],[-14,-44],[-55,-105],[-13,-80],[7,-39],[32,-72],[-8,-108],[15,-55],[58,-53],[39,-58],[27,-75],[42,-96],[68,-87],[85,-74],[8,-64],[33,-153],[5,-110],[31,-121],[13,-84],[40,-106],[52,-108],[56,-93],[29,-29],[111,-58],[43,-114],[73,-115],[67,-36],[61,-70],[143,-75],[16,-35],[-10,-28],[62,-28],[142,-108],[70,9],[100,-6],[79,-16],[104,27],[40,-49],[19,-93],[72,-114],[10,-104],[73,2],[-21,-84],[6,-55],[-9,-120],[118,-201],[6,-22],[-53,-54],[-72,-23],[-40,-60],[-21,-55],[-72,-39],[-87,-91],[-56,-157],[-103,-147],[-22,-53],[-22,-88],[39,-64],[12,-52],[-37,-104],[15,-54],[29,-53],[5,-163],[-16,-57],[-36,-79],[-36,-54],[8,-17],[202,-74],[37,-7],[71,80],[77,20],[90,73],[46,136],[38,28],[144,38],[40,-47],[17,-125],[32,-69],[1,-53],[-32,-40],[-85,-59],[-8,-44],[-31,-43],[-34,-22],[-88,-1],[-117,-76],[-67,-13],[-34,-40],[-46,-22],[-67,-6],[-41,-14],[-37,-39],[-9,-102],[-31,-55],[-87,-58],[-85,-71],[-67,-97],[-55,-66],[-12,-35],[18,-90],[0,-79],[27,-58],[24,-22],[100,-49],[-6,-59],[3,-88],[-22,-15],[-139,-46],[-59,-69],[-83,-54],[-29,-57],[-48,-36],[-10,-62],[3,-75],[-12,-31],[-75,-66],[-26,-78],[-64,-98],[-55,-45],[-107,-101],[-17,-59],[22,-70],[-23,-95],[4,-24],[39,-22],[-3,-52],[25,-51],[0,-138],[-96,-160],[-54,-195],[-39,-192],[-22,-75],[30,-48],[39,-143],[-31,-45],[-10,-60],[29,-101],[-152,-194],[-42,-45],[-242,45],[-132,19],[-115,7],[-35,-7],[-92,-52],[-135,-180],[-58,0],[-53,-23],[-79,-92],[54,6],[17,-85],[42,-36],[25,-80],[-4,-66],[-28,-63],[-64,-57],[-22,-32],[-27,-169],[-23,-61],[-54,-55],[-94,-57],[-24,-40],[-29,-107],[-7,-73],[-44,-29],[-29,-36],[-8,-96],[8,-46],[-1,-80],[-48,-49],[-31,-61],[-125,-49],[-47,-45],[-6,-69],[-18,-28],[-13,-62],[-34,-40],[-61,-128]],[[70824,86221],[-69,-25],[-52,-42],[-84,3],[-51,20],[-24,-4],[-33,-53],[-71,-68],[-33,-104],[-33,-42],[-59,-47],[-99,-5],[-38,-40],[-58,4],[-49,-44],[-37,-1],[-40,60],[-53,158],[-39,56],[-16,56],[-19,22],[-46,16],[-117,-6],[-91,-48],[-62,-9],[-116,-64],[-33,-6],[-88,-41],[-73,-5],[-88,-64],[1,-122],[-24,-120],[-30,-85],[-9,-86],[-113,-109],[-75,-97],[-3,-43],[-27,-41],[-52,-33],[-12,-36],[11,-88],[-8,-57],[-103,-159],[-61,-110],[-57,-73],[-36,-100],[-60,-73],[-78,2],[-87,-64],[-163,-74],[-40,1],[-28,27],[-44,4],[-39,-16],[-189,-105],[-36,-29],[-105,-63],[-169,-120],[-67,-22],[-97,-18],[-15,-17],[-32,-90],[-37,-62],[-6,-103],[-16,-37],[-27,1],[-62,76],[-36,31],[-73,38],[-16,27],[-1,84],[-46,125],[-54,35],[-155,28],[-141,55],[-169,8],[-87,42],[-79,93],[-80,52],[-75,65],[-13,1],[-60,62],[-172,120],[-97,17],[-53,34],[-60,86],[-96,2],[-29,33],[2,116],[-12,58],[-28,24],[-32,-10],[-103,-95],[-51,15],[-49,-30],[-79,-3],[-33,32],[-49,75],[-72,66],[-21,-10],[-124,32],[-37,41],[-56,6],[-49,31],[-29,-31],[-45,-10],[-87,14],[-65,-26],[-66,9],[-17,-41],[26,-38],[-5,-23],[-64,-62],[-61,-34],[-39,-43],[-28,32],[-12,47],[-42,67],[3,125],[-65,120],[-27,15],[-4,44],[12,37],[-18,84],[-17,20],[-107,6],[-31,-24],[-64,-14],[-41,-22],[-80,-3],[-69,-34],[-67,6],[-39,-47],[-103,8],[-104,-12],[-71,13],[-69,29],[-79,-56],[-85,-126],[-101,-76],[-250,-153],[-33,-27],[-70,-30],[-84,61],[-44,50],[-28,76],[-19,102],[-3,100],[-43,100],[-59,56],[-103,13],[-68,-8],[-125,-38],[-102,-52],[-22,-2],[-34,33],[-75,136],[-105,81],[-49,50],[-23,50],[11,49],[46,76],[-12,79],[9,52],[67,61],[81,166],[60,49],[31,111],[-46,57],[0,73],[-16,74],[18,66],[15,144],[35,46],[-12,122],[-23,117],[-27,65],[61,111],[1,92],[16,89],[35,68],[1,59],[-12,35],[-67,112],[-7,102],[7,44],[-56,60],[-21,44],[-75,63],[-23,35],[-2,54],[26,85],[27,53],[37,125],[-23,94],[-41,81],[-28,158],[17,76],[-8,75],[-22,88],[14,87],[-2,66],[-47,58],[-59,34],[-87,119],[-59,117],[-65,14],[-89,-12],[-71,-31],[-93,-56],[-39,-5],[-64,14],[-125,94],[-176,-25],[-65,-18],[-54,9],[-81,0],[-67,-10],[-75,-24],[-57,-29],[-192,-67],[-89,-48],[-82,6],[-38,-24],[-45,-72],[-11,-40],[-83,-121],[-14,-45],[-1,-54],[-26,-41],[-47,-24],[-58,-6],[-87,-34],[-32,-40],[-114,18],[-82,-15],[-33,4],[-57,43],[-36,10],[-118,5],[-43,12],[-94,61],[-85,33],[-62,-13],[-71,-1],[-50,-32],[-38,37],[-37,-1],[-85,-57],[-43,-45],[-2,-73],[33,-152],[2,-58],[-15,-67],[-87,-62],[-44,-42],[-48,-194],[-82,-101],[-50,-53],[-167,-217],[-49,-68],[-116,-76],[-65,-4],[-47,-32],[-52,-55],[-103,-78],[-21,-92],[-29,-46],[-3,-69],[-34,-67],[-40,-41],[-15,-64],[-28,-76],[-5,-47],[-79,-74],[-80,-89],[-6,-90],[-49,-97],[-80,-64],[-41,-109],[-33,-64],[-115,-199],[-22,-61],[84,-160],[13,-58],[-14,-92],[22,-55],[-15,-38]],[[54736,89278],[-1,8],[208,44],[-5,-9],[-202,-43]],[[60135,93548],[4,-104],[-12,0],[0,104],[8,0]],[[60030,93091],[-29,-21],[-10,19],[33,20],[6,-18]],[[161063,130899],[-35,-83],[52,-57],[103,-70],[30,-30],[61,-120],[65,-72],[25,-88],[35,-53],[29,-20],[88,0],[70,-22],[30,-46],[34,-128],[14,-104],[-3,-136],[-10,-16],[-105,-102],[-149,-94],[-53,-55],[-34,-53],[-34,-91],[35,-64],[3,-94],[-17,-68],[-56,-120],[-68,-97],[-88,-81],[-106,-71],[-93,-19],[-38,-63],[-28,-96],[-54,-112],[-14,-116],[10,-161],[-5,-32],[7,-166],[-33,-214],[-48,-118],[-23,-130],[-28,-86],[24,-17],[41,8],[61,66],[65,18],[112,-25],[111,0],[50,18],[71,-11],[137,-76],[16,-31],[-6,-36],[-37,-64],[-86,-122],[5,-59],[25,-56],[-3,-114],[22,-67],[120,-57],[52,-66],[65,-61],[23,-34],[6,-60],[-73,-68],[-44,-77],[-48,-43],[-93,-103],[-36,-78],[-21,-153],[-31,-80],[-22,-114],[18,-51],[57,-35],[177,-70],[36,-80],[-4,-68],[-54,-111],[-15,-94],[41,-145],[109,-40],[81,-41],[75,6],[52,20],[-46,82],[28,59],[56,5],[145,-77],[124,-72],[63,-46],[117,-72],[103,-72],[-11,-70],[-40,-157],[-100,-141],[-30,-29],[-104,-164],[-37,-66],[-183,-200],[-8,-51],[14,-31],[42,-43],[19,-44],[126,-55],[94,-179],[68,-172],[64,-89],[50,-122],[61,-84],[14,-64],[1,-87],[-27,-49],[7,-247],[-30,-69],[-63,-43],[-61,-78],[-48,-41],[-26,-46],[-74,-36],[-114,-118],[-111,-90],[-65,-61],[-63,1],[-132,19],[-39,-5],[-121,-87],[-64,-10],[-34,-22],[-36,-61],[-29,-124],[-47,-38],[-27,-56],[7,-116],[-32,-36],[-49,-16],[-129,-62],[-46,-13],[-121,-74],[-11,-57],[-46,-105],[9,-66],[31,-80],[22,-254],[-58,-126],[-25,-74],[16,-17],[54,19],[212,-28],[72,-19],[175,18],[51,-46],[140,-3],[39,28],[91,-4],[42,-18],[69,-7],[91,-141],[75,-128],[35,-113],[77,-93],[26,-61],[43,-181],[13,-118],[75,-85],[27,-59],[11,-116],[-163,-30],[-45,4],[-41,22],[-27,-22],[-19,-88],[-67,-88],[-75,-51],[-34,-87],[-130,-101],[-89,-21],[-49,-98],[-71,-119],[-25,-22],[-27,5],[-87,-45],[-112,-26],[-155,3],[-35,-18],[-18,-104],[-39,-53],[-19,-140],[-29,-85],[6,-137],[-71,-128],[-81,-53],[-45,-39],[49,-55],[20,-60],[35,-67],[64,-83],[13,-137],[32,-63],[73,-45],[22,-30],[19,-68],[18,-134],[-18,-130],[13,-186],[0,-91],[-8,-24],[-51,-38],[-97,-54],[-64,-59],[-60,-40],[-41,-11],[-67,-45],[-100,-88],[-109,-27],[-116,-61],[-39,-56],[-77,-47],[-17,-20],[-37,-101],[-79,20],[-63,29],[-76,17],[-36,-5],[-188,-97],[-81,-68],[-77,-40],[-74,-56],[-27,-47],[-41,-100],[-28,-89],[-3,-41],[14,-78],[-4,-46],[-24,-61],[-59,-36],[-115,-13],[-57,-17],[-60,9],[-98,53],[-145,-27],[-117,7],[-38,19],[-98,70],[-85,47],[-30,4],[-84,-15],[-88,31],[-83,-20],[-104,27],[-57,-11],[-151,13],[-142,1],[-63,39],[-101,-98],[-56,-44],[-108,-30],[-42,-25],[-116,-114],[-80,3],[-71,-33],[-65,-15],[-98,0],[-52,-12],[-59,-88],[-151,-165],[-103,-167],[-9,-81],[-61,-71],[-44,-64],[-58,-101],[-23,-79],[-44,-50],[-121,-51],[-95,-31],[-48,15],[-32,51],[-56,36],[-78,31],[-64,11],[-78,25],[-293,207],[-150,80],[-162,75],[-183,120],[-129,99],[-72,49],[-91,51],[-64,54],[-20,65],[-47,44],[-76,3],[-69,31],[-92,19],[-97,-16],[-66,51],[-97,-64],[-92,-28],[-61,-1],[-28,-14],[-46,-68],[-128,-15],[-105,1],[-69,24],[-228,21],[-45,-4],[-137,-48],[-30,-33],[-36,-101],[-76,-77],[-92,-159],[-60,-75],[-29,-73],[-46,-32],[-87,-86],[-96,-46],[-165,-52],[-84,-56],[-110,-102],[-60,-75],[-66,-60],[-47,-109],[-5,-54],[-50,-77],[-57,-55],[-70,-91],[-9,0],[-38,63],[-46,34],[-56,21],[-82,6],[-146,-13],[-105,-60],[-68,59],[-85,16],[-81,-12],[-54,-19],[-35,52],[-56,29],[-152,46],[-105,-1],[-31,18],[-12,66],[9,120],[32,59],[-15,21],[-65,42],[-98,35],[-4,49],[-50,57],[-55,25],[-57,42],[-157,68],[-63,33],[-60,12],[-69,-6],[-96,15],[-61,-9],[-53,24],[-95,65],[-23,27],[-99,193],[-31,40],[-64,37],[-15,22],[3,109],[-20,73],[-46,64],[-63,110],[-37,52],[-45,25],[-179,-1],[-56,-49],[-233,34],[-49,2],[-135,-31],[-59,-77],[-32,-27],[-80,-43],[-51,-17],[-26,-32],[-71,-14],[-118,-37],[-99,-63],[-41,-57],[-168,34],[-83,-11],[-110,-39],[-26,-23],[-11,-49],[-5,-122],[6,-53],[26,-83],[-7,-52],[-45,-98],[-84,-117],[-72,-32],[-47,-64],[-126,-116],[-22,-28],[13,-115],[43,-68],[6,-46],[3,-136],[-7,-52],[-27,-79],[0,-129],[-62,-87],[-70,6],[-89,-10],[-47,-23],[-31,-45],[-79,-46],[-43,-43],[-99,-48],[-47,-42],[-42,-20],[-135,-44],[-116,-30],[-92,-30],[-47,-47],[-47,-80],[18,-85],[31,-45],[10,-141],[0,-83],[-13,-133],[8,-60],[43,-64],[10,-39],[-13,-100],[-3,-105],[-51,-23],[-87,-20],[-94,-83],[-45,-21],[-94,-18],[-25,-21],[-39,-70],[-45,-43],[-28,-11],[-90,-72],[-45,-62],[-13,-52],[26,-90],[-59,-35],[-53,-45],[-55,-68],[-89,46],[-32,7],[-133,-9],[-134,-53],[-92,33],[-85,5],[-248,78],[-28,-4],[-60,-82],[-45,-46],[-45,-97],[8,-19],[77,-74],[14,-81],[-19,-91],[-79,-81],[-51,-138],[-5,-76],[-72,-181],[5,-91],[16,-35],[1,-73],[13,-64],[100,-205],[-4,-17],[-97,-34],[-20,-17],[-63,-122],[-34,-52],[-38,-38],[-166,-101],[-104,-77],[-102,-62],[-32,-41],[-43,-93],[-112,-115],[-43,-19],[-65,4],[-95,33],[-42,62],[-21,84],[-52,50],[-40,21],[-166,59],[-66,44],[-48,15],[-99,11],[-76,-14],[-109,-43],[-102,-46],[-71,-48],[-85,-107],[-64,-52],[-23,101],[-106,96],[-97,44],[4,58],[-39,46],[-69,36],[-107,29],[-130,-2],[-67,14],[-95,34],[-141,26],[-215,15],[-107,-7],[-79,-27],[-33,15],[-123,108],[-57,102],[-20,50],[-54,84],[-221,-7],[-18,-8],[-23,-77],[-44,-55],[-127,-69],[-102,-35],[-64,-13],[-110,-4],[-77,7],[-87,35],[-131,80],[-308,13],[-43,14],[-68,104],[-73,31]],[[132970,127801],[73,72],[51,73],[38,93],[150,178],[121,119],[215,102],[83,-9],[139,-51],[63,-84],[77,-38],[-10,-33],[114,-68],[129,-46],[141,-14],[161,18],[69,21],[36,33],[4,39],[157,-1],[75,17],[75,38],[44,47],[61,18],[41,26],[55,8],[8,-16],[68,-35],[54,-106],[93,-72],[13,-44],[44,-45],[59,-16],[41,6],[4,-16],[-52,-8],[-26,14],[-123,39],[4,55],[-20,16],[-56,-70],[19,-82],[61,37],[-25,-32],[84,-141],[36,-28],[64,9],[89,-14],[102,10],[199,-12],[62,1],[48,13],[11,-14],[136,1],[96,-24],[120,7],[55,23],[76,1],[52,-12],[26,16],[106,18],[101,29],[114,20],[50,58],[21,54],[48,-23],[82,-20],[-2,-10],[-82,20],[-40,19],[-18,-44],[-52,-58],[-11,-45],[30,9],[101,3],[-9,17],[-50,-5],[6,51],[105,-7],[1,-31],[188,-19],[135,-59],[67,-5],[154,-47],[33,-17],[42,10],[40,-45],[54,-27],[100,0],[61,12],[141,54],[12,-21],[69,14],[39,-20],[3,-38],[38,-109],[-32,-5],[-45,93],[-24,-101],[24,-109],[32,5],[11,36],[61,89],[3,-38],[-19,-53],[37,-7],[26,63],[121,2],[22,-98],[10,55],[33,-23],[13,62],[28,-71],[38,-40],[-51,-64],[72,26],[80,41],[-11,9],[39,75],[23,9],[2,-125],[62,-5],[10,45],[19,-12],[-14,-44],[56,-40],[172,-53],[6,37],[58,188],[12,58],[46,42],[67,-1],[439,-347],[8,-20],[54,18],[-33,-32],[56,-45],[12,3],[496,-393],[68,-58],[7,-54],[-24,-35],[24,-80],[68,-42],[92,-25],[210,-24],[123,6],[-5,59],[67,0],[55,15],[22,227],[6,0],[-20,-236],[-66,-19],[-52,0],[0,-48],[134,2],[22,-5],[16,308],[7,-1],[-18,-287],[32,-26],[42,33],[29,-20],[21,22],[55,-27],[5,22],[34,-16],[15,-38],[52,-17],[11,-38],[86,-37],[-21,-37],[125,-39],[153,-9],[134,9],[-9,-42],[20,6],[150,-34],[55,-18],[73,-6],[134,16],[74,18],[63,31],[72,-64],[33,-46],[12,-57],[65,-64],[61,-32],[93,-16],[10,-40],[-11,-60],[17,-17],[2,104],[33,-54],[92,-22],[158,0],[23,6],[44,-20],[64,8],[74,38],[-17,93],[19,45],[31,14],[-36,-52],[90,-43],[42,0],[107,34],[39,21],[57,81],[-82,38],[83,-23],[32,-44],[13,-46],[-11,-74],[61,-21],[130,-20],[143,43],[27,20],[6,-50],[23,39],[26,328],[682,77],[7,0],[-1,-142],[90,-1],[39,-88],[43,23],[10,40],[123,137],[133,90],[15,-22],[-33,-8],[-112,-75],[-115,-135],[26,-104],[-9,-73],[33,-17],[28,-46],[48,34],[58,22],[-22,30],[-46,-4],[-2,20],[-53,-6],[-13,102],[30,17],[242,26],[18,-52],[18,-4],[114,68],[198,60],[-94,148],[-10,0],[-122,191],[455,290],[128,-201],[71,-103],[107,99],[77,120],[-168,264],[7,25],[425,272],[45,48],[435,504],[19,15],[328,-276],[-11,-14],[48,-41],[9,11],[71,-60],[8,6],[57,-49],[27,2],[56,48],[-29,156],[-41,37],[121,34],[53,62],[-116,98],[-101,-120],[-40,33],[114,137],[-96,80],[-141,-168],[12,-154],[-6,0],[-14,161],[-217,182],[556,663],[-160,134],[4,4],[135,-111],[299,-251],[-34,9],[-206,-244],[290,-246],[25,-4],[35,61],[17,1],[-57,-85],[-91,-152],[-13,-40],[79,-91],[31,-4],[100,76],[-52,110],[50,24],[27,-54],[32,14],[217,260],[-4,77],[127,152],[24,1],[-74,126],[-157,69],[3,6],[154,-68],[72,80],[77,-135],[91,52],[-53,92],[51,89],[33,-20],[121,143],[39,-14],[29,56],[-43,55],[-1046,901],[58,76],[182,200],[3,-2],[145,163],[58,69],[31,17],[673,-582],[247,-212],[90,118],[-64,62],[-151,130],[59,60],[39,69],[-330,302],[35,79],[-313,288],[255,286],[930,-464],[87,183],[-190,147],[31,61],[142,257],[44,72],[265,-206],[34,-31],[33,39],[57,20],[40,99],[42,32],[31,87],[22,8],[-13,-41],[21,-18],[24,16],[94,193],[4,25],[-32,12],[-88,-170],[-15,2],[16,61],[-331,258],[217,410],[254,486],[1,-27],[-163,-306],[168,-89],[-147,-276],[138,-73],[30,55],[31,-17],[26,46],[-33,17],[20,37],[56,321],[18,-4],[6,75],[-26,89],[16,-22],[24,-102],[-17,-50],[-56,-313],[3,-33],[32,-37],[90,-45],[19,-20],[-11,-48],[60,-31],[-19,-38],[-59,30],[-29,-52],[4,-24],[52,-12],[8,-18],[-22,-76],[51,-11],[97,233],[10,12],[75,192],[-29,0],[-67,26],[-45,-108],[-110,60],[28,57],[68,-26],[79,211],[12,23],[-111,57],[9,11],[133,-72],[405,-71],[33,6],[105,123],[23,5],[26,44],[-335,405],[-10,19],[211,436],[25,-3],[419,-203],[49,7],[195,431],[53,136],[48,15],[11,-23],[105,-36],[84,55],[-34,-74],[62,-73],[46,42],[108,-22],[65,32],[115,105],[141,186],[138,186],[181,386],[8,-2],[42,116],[4,42],[33,98],[31,27],[36,-109],[27,-44],[77,-85],[84,-54],[39,-97],[50,-50],[100,-156],[22,-47],[60,-166],[54,-89],[208,65],[66,42],[48,-4],[26,-35],[12,-58],[34,-78],[13,-63],[26,-50],[111,-18],[61,-24],[66,-73],[56,-20],[52,18],[50,-47],[54,-71],[42,-9],[112,15],[56,44],[79,7],[78,99],[96,57],[35,68],[43,38],[64,-6],[76,-41],[75,-8],[45,41],[75,27],[2,21],[58,63],[74,37],[48,47],[134,98],[65,35],[54,-1],[60,-69],[110,-100],[88,-50],[16,-48],[0,-66],[30,-51],[86,-75],[63,-121],[54,-47],[42,-88],[36,-51],[-2,-111],[90,-26],[68,-37],[68,-15],[74,8],[21,-8],[57,-191],[54,-95],[105,-31],[38,-22],[57,-80],[40,0],[69,32],[71,-22],[24,8],[69,60],[24,10],[69,-12],[46,47],[69,87],[71,-25],[100,-11],[188,-3],[60,-24],[46,-7],[149,19],[71,15],[75,30],[97,7],[56,52],[72,26],[48,35],[84,41],[41,41],[35,70],[43,-32],[22,-52],[9,-103],[103,-85],[35,-9],[125,7],[113,-16],[32,-49],[24,-14],[30,13],[88,-2],[32,40],[83,9],[96,-46],[103,-93],[55,-90],[57,60],[31,-25],[41,-64],[86,-72],[67,-31],[38,-36],[22,-66],[56,-86],[10,-126],[22,-70],[37,-40],[70,-22],[72,-35],[73,-50],[63,-6],[50,-18],[104,-115],[72,-22],[82,-14],[27,-15],[8,-76],[-23,-37],[-46,-106],[-14,-59],[50,-55],[33,-55],[23,-60],[47,-89],[49,-121]],[[147134,129130],[40,-153],[-4,-18],[-85,-94],[86,103],[-228,869],[6,-9],[185,-698]],[[147298,130148],[566,658],[3,-3],[-566,-659],[-3,4]],[[150541,132686],[-71,-134],[-67,-24],[10,22],[51,17],[77,119]],[[147868,128144],[-5,0],[-8,451],[5,0],[8,-451]],[[151785,133138],[17,2],[-46,-104],[-14,4],[43,98]],[[151809,133191],[40,97],[14,-5],[-43,-104],[-11,12]],[[147862,128593],[157,2],[0,-6],[-157,-3],[0,7]],[[46923,49565],[-67,71],[-58,20],[-16,37],[23,13],[4,40],[34,16],[2,23],[-35,51],[-63,-12],[-51,46],[32,54],[51,37],[-16,42],[-36,29],[60,79],[-4,88],[-17,84],[-43,71],[-75,56],[-50,-2],[-31,123],[31,19],[40,87],[34,49],[10,50],[-80,110],[-134,45],[-30,50],[-7,133],[-49,55],[-119,-9],[-58,-16],[-60,-61],[10,-11],[-55,-50],[-5,-41],[-45,-16],[-27,23],[-20,-38],[3,-39],[59,-46],[31,-61],[1,-42],[-58,-12],[-79,7],[-104,-18],[-46,-76],[40,-57],[127,-112],[45,-52],[77,6],[23,-35],[-28,-66],[9,-67],[71,-174],[-10,-23],[-66,-10],[-53,40],[-11,41],[-46,29],[-31,60],[12,10],[-33,43],[-56,14],[-50,-47],[-32,-2],[-102,39],[-46,106],[-31,14],[-36,-8],[-56,-41],[-58,24],[-47,6],[-43,32],[-21,38],[-46,15],[-69,-43],[10,-59],[-23,-32],[-5,-48],[117,-100],[56,-79],[7,-49],[52,-36],[49,11],[32,-66],[-56,-22],[-25,25],[-61,-15],[-18,33],[-39,15],[-36,-22],[-43,7],[23,41],[-15,49],[-93,107],[-105,58],[-46,-42],[-106,25],[-35,-8],[-6,33],[-90,56],[-132,36],[-57,-5],[-61,-65],[-72,64],[-83,28],[-2,-16],[-68,10],[-45,-5],[-28,-42],[-25,-6],[-43,51],[-51,94],[-76,-3],[-58,-53],[-75,-25],[-39,-68],[5,-68],[-36,-34],[-37,0],[-68,-37],[-9,-102],[11,-45],[-38,-44],[1,-47],[168,2],[24,-14],[2,-76],[94,-16],[84,35],[72,-15],[10,-74],[23,-19],[-47,-46],[-116,-15],[-90,36],[-78,7],[-37,-17],[-65,-5],[-39,-15],[-65,-66],[4,-32],[-15,-38],[-106,-32],[-48,-39],[-3,-50],[-86,-7],[-79,-45],[-73,14],[-72,-10],[-69,29],[-81,-1],[-72,-50],[-42,-4],[-69,-56],[-116,6],[-48,-58],[-55,25],[-51,6],[-40,-26],[-44,4],[-24,-15],[-62,29],[-77,-13],[-78,52],[-56,-4],[-36,13],[-76,56],[-41,16],[-149,-20],[-86,15],[-113,106],[-66,76],[-110,51],[-84,1],[-41,-75],[-9,-38],[-23,-4],[-45,63],[-105,54],[-26,35],[-54,26],[-89,87],[-49,69],[-134,116],[-79,87],[-7,66],[16,135],[-24,104],[-64,135],[-99,12],[-4,18],[-139,6],[1,-12],[-102,-26],[-41,-51],[14,-143],[-24,-5],[-10,-63],[-16,-33],[-50,-55],[-52,-23],[-91,-11],[-41,-37],[-40,-117],[-106,-71],[-54,-89],[3,-25],[95,-118],[51,-112],[44,-20],[-23,-73],[-46,-53],[-56,-48],[-157,-97],[-86,-74],[12,-123],[34,-41],[-1,-101],[-22,-76],[-16,-133],[-14,-22],[-79,-57],[-87,-16],[-70,19],[-105,50],[-51,-2],[-68,-23],[0,-10],[-147,-3],[-58,25],[-17,41],[-95,120],[-13,29],[-81,86],[-55,42],[-41,6],[-32,38],[-59,24],[-72,1],[-90,-39],[-34,-31],[-63,-31],[-125,-12],[-44,14],[-46,32],[-73,16],[-14,-16],[-90,57],[-43,12],[-46,43],[-180,85],[-23,36],[-95,42],[-30,4],[-94,74],[-37,39],[-3,29],[-41,70],[1,55],[66,-10],[52,5],[23,64],[-2,50],[-21,60],[-101,44],[-16,25],[9,63],[48,35],[1,72],[-39,128],[-40,64],[-56,27],[-36,-12],[-90,0],[-43,11],[-83,61],[-32,61],[-50,-17],[-175,88],[3,7],[170,-86],[60,20],[-57,85],[-14,-14],[-40,34],[7,28],[-31,19],[-77,26],[-25,-43],[-100,-19],[96,27],[14,38],[-85,10],[-69,-12],[-15,20],[-54,-29],[-28,-39],[-12,-50],[33,-5],[-112,-120],[-89,-34],[-29,-2],[-55,21],[-66,78],[-47,36],[-23,53],[-80,107],[-44,20],[-1,16],[-71,42],[-71,30],[-115,59],[-82,10],[-86,-4],[-43,7],[-104,-7],[-37,-11],[-90,-53],[-41,-2],[-66,-35],[-77,-21],[-77,-11],[-47,-17],[-55,-43],[-62,-100],[23,-60],[-53,-42],[-83,23],[-38,27],[-61,24],[-44,2],[-36,30],[7,15],[-33,39],[9,44],[30,27],[6,45],[-39,47],[-45,-19],[29,45],[-8,89],[-47,125],[29,124],[-21,99],[-40,2],[-18,40],[50,41],[23,-36],[41,1],[47,34],[7,41],[-6,81],[-22,17],[29,12],[49,64],[4,65],[28,99],[29,9],[38,-48],[84,-12],[42,32],[60,75],[35,59],[-15,38],[3,89],[23,78],[-18,18],[57,38],[20,98],[-21,59],[8,36],[46,18],[-1,61],[34,14],[20,34],[-17,91],[25,48],[24,129],[-11,31],[49,37],[21,38],[53,-11],[101,-5],[78,19],[17,39],[51,29],[25,-8],[116,18],[66,3],[-3,-56],[69,-21],[41,20],[43,65],[61,33],[18,68],[-5,34],[13,139],[-12,31],[1,92],[9,22],[0,94],[66,31],[27,-19],[-3,-47],[36,-71],[27,-23],[-7,-38],[-24,-37],[13,-44],[49,-30],[9,-22],[-73,-8],[-10,-18],[-27,-127],[21,-26],[54,-5],[8,-24],[-37,-54],[4,-40],[20,-24],[61,-22],[79,7],[4,14],[53,-3],[82,41],[6,21],[264,189],[12,-7],[47,117],[-2,49],[-62,20],[-16,-22],[-2,42],[28,18],[23,90],[-69,63],[0,28],[29,3],[41,38],[36,56],[43,100],[-36,69],[-75,70],[-20,49],[16,73],[55,3],[44,-22],[119,36],[65,-48],[24,-69],[-13,-116],[60,-49],[105,21],[25,64],[39,19],[38,-4],[64,30],[23,-13],[68,-1],[24,31],[14,50],[38,68],[41,19],[64,-15],[49,7],[61,-12],[44,32],[18,-38],[40,-5],[80,-39],[77,-22],[74,40],[42,-17],[21,-44],[19,-111],[32,-58],[42,-32],[78,-5],[37,-27],[38,-87],[27,4],[12,-49],[89,12],[11,-25],[53,15],[-20,35],[40,18],[24,127],[10,182],[-16,71],[-56,99],[-1,147],[-49,190],[-17,-5],[-63,50],[1,16],[-45,47],[-32,66],[11,85],[-12,24],[43,13],[130,-34],[49,57],[72,-28],[5,-13],[52,4],[51,67],[29,19],[37,-11],[101,-10],[95,11],[155,11],[1,12],[88,9],[47,-5],[58,29],[47,76],[32,78],[-7,45],[27,78],[16,4],[-1,93],[-9,64],[-50,64],[-210,116],[-30,40],[-35,87],[-30,34],[-71,116],[-158,13],[-29,-57],[-41,-13],[-70,23],[-26,-26],[-78,-2],[-68,-42],[-26,4],[-5,-53],[-16,-9],[-66,6],[-48,-13],[-181,-82],[-119,19],[-3,59],[28,25],[31,58],[94,80],[27,85],[32,48],[63,36],[66,67],[45,21],[41,53],[8,42],[-24,110],[37,103],[43,35],[31,110],[-4,72],[8,49],[75,115],[20,49],[-11,81],[-29,66],[18,101],[-166,45],[45,160],[5,-2],[-43,-151],[116,-36],[44,157],[55,113],[35,-17],[44,44],[89,156],[44,123],[-4,20],[61,111],[47,35],[87,-49],[65,70],[40,-7],[76,-131],[60,-12],[12,-25],[58,-20],[35,66],[-106,78],[39,106],[4,39],[-93,53],[-30,67],[84,40],[-33,186],[-169,-24],[2,-6],[-143,-47],[-113,-55],[-32,18],[-26,132],[-43,33],[-53,16],[-23,50],[8,44],[-56,12],[-108,-15],[-91,-52],[-4,-23],[47,-136],[2,-52],[-41,-125],[-26,-115],[9,-7],[-53,-103],[-30,-41],[-19,2],[-81,-72],[-105,-145],[-110,-34],[-71,19],[-46,-3],[-9,-30],[22,-65],[-23,-21],[-38,8],[-17,-56],[-44,-21],[-113,-5],[-21,-64],[15,-97],[-30,-5],[6,-28],[36,-35],[36,-13],[81,31],[66,-3],[35,43],[-15,21],[21,25],[46,-18],[0,-59],[-16,-29],[-96,-92],[-1,-86],[-37,-59],[-62,-26],[-215,-20],[-47,1],[-88,37],[-88,-14],[-96,-67],[-165,-56],[-72,-44],[30,-61],[-42,-25],[-33,50],[-65,-25],[-36,-28],[-75,-81],[-53,-46],[-55,-33],[-72,-58],[-58,-75],[19,-15],[-86,-100],[-26,-2],[-28,-30],[-76,-41],[-53,-62],[-82,-59],[-71,-29],[-48,-30],[-37,-48],[-45,-24],[0,-20],[-94,3],[-32,12],[0,94],[60,45],[30,52],[99,89],[29,49],[37,20],[63,55],[129,60],[63,71],[10,27],[2,79],[17,156],[-6,66],[-18,59],[-2,47],[-38,23],[18,119],[-36,82],[-47,3],[-58,-79],[-32,-29],[8,-125],[-8,-1],[-12,161],[-36,25],[41,43],[6,49],[48,55],[-17,88],[13,13],[-7,64],[-12,8],[-20,75],[-70,91],[-72,55],[-95,-34],[-20,38],[26,56],[-9,66],[-15,30],[-40,5],[24,14],[-26,24],[-28,146],[-4,181],[-28,74],[-55,82],[-85,95],[-138,114],[-68,43],[-63,-33],[-53,16]],[[79892,73937],[149,17],[175,-3],[29,-7],[44,-114],[35,-42],[75,-49],[12,-19],[-7,-80],[6,-94],[19,-80],[19,-22],[68,-38],[17,-22],[52,-236],[13,-120],[-6,-125],[-30,-108],[44,-60],[26,-16],[150,-57],[149,-115],[66,-16],[94,6],[91,-43],[113,4],[139,-46],[113,-68],[68,-77],[48,-35],[80,-36],[44,-31],[83,-82],[176,-115],[73,-27],[124,-61],[51,-11],[116,-7],[32,-50],[-9,-48],[-37,-75],[2,-72],[-35,-75],[-7,-37],[68,-88],[103,-24],[77,-25],[148,3],[59,-7],[173,-72],[61,-44],[146,-143],[18,1],[16,68],[31,47],[85,49],[63,7],[41,18],[103,11],[138,-15],[57,53],[48,2],[74,-32],[72,-16],[59,-41],[122,-130],[41,-15],[136,-1],[51,-21],[114,-6],[73,17],[69,34],[42,-9],[63,3],[57,28],[110,18],[54,-13],[18,-35],[40,-13],[54,11],[70,35],[64,12],[54,-17],[55,-31],[67,-23]],[[85350,71141],[5,-106],[22,-56],[10,-60],[28,-30],[12,-73],[29,-38],[7,-66],[-24,-73],[14,-90],[7,-176],[24,-63],[70,-57],[26,-52],[14,-61],[30,-30],[73,-40],[11,-21],[6,-143],[26,-66],[22,-8],[41,31],[33,-53],[-10,-86],[11,-119],[41,-108],[1,-148],[-26,-110],[-46,-62],[-41,-11],[-61,4],[-93,-157],[-48,-53],[-112,-74],[-50,-58],[-53,-195],[2,-16],[80,-78],[61,-71],[39,-76],[15,-49],[3,-76],[13,-34],[108,-133],[48,-87],[44,-38],[44,-18]],[[85806,67957],[-60,-35],[-202,40],[-66,40],[-82,13],[-109,34],[-42,42],[-67,92],[-29,20],[-175,7],[-57,12],[-155,74],[-90,21],[-61,-10],[-26,-27],[-20,-50],[-56,-34],[-150,38],[-85,31],[-67,1],[-178,-77],[-26,-25],[-15,-91],[-49,-39],[-28,-8],[-135,32],[-209,65],[-50,-3],[-47,-24],[-97,-29],[-175,-37],[-134,10],[-129,50],[-94,25],[-165,33],[-56,-4],[-107,8],[-72,-3],[-92,19],[-35,19],[-146,189],[-58,66],[-140,63],[-108,74],[-198,82],[-147,46],[-145,68],[-237,87],[-59,16],[-148,26],[-119,33],[-137,46],[-58,-1],[-113,-50],[-137,-111],[-77,-29],[-38,-29],[-32,-76],[-102,-83],[-71,-83],[-60,-57],[-99,-54],[-146,-20],[-50,-28],[-84,32],[-229,10],[-32,34],[-52,144],[-46,35],[-75,-3],[-28,-12],[-44,-52],[-41,-31],[1,-91],[-37,-4],[-63,30],[-34,3],[-37,-36],[-21,-50],[-5,-57],[-29,-38],[-87,-31],[-43,-50],[-98,19],[-204,-34],[-65,60],[-38,18],[-75,8],[-88,-15],[-88,-41],[-6,-21],[34,-123],[17,-86],[33,-57],[-103,-205],[-90,-122],[-24,-81],[-127,-46],[-94,-104],[-131,-102],[-45,-5],[-129,53],[-35,21],[-129,122],[-31,15],[-40,-10],[-157,-148],[-13,-89],[-99,-154],[-27,-58],[-97,-165],[-2,-45],[31,-173],[-3,-119],[-15,-30],[-55,-48],[-6,-37],[39,-51],[148,-120],[10,-24],[-37,-157],[4,-36],[35,-33],[101,-58],[58,-22],[228,7],[44,-22],[10,-104],[17,-46],[50,-32],[94,-7],[126,-64],[167,-48],[94,-37],[79,-16],[103,-106],[24,-8],[51,31],[50,-6],[59,-39],[38,-52],[85,-60],[51,-49],[165,-91],[48,-59],[17,-170],[-12,-91],[10,-48],[61,-69],[6,-37],[-31,-153],[24,-143],[42,-135],[-35,-100],[-37,-45],[-89,-63],[-75,-121],[-78,-94],[9,-139],[-10,-53],[-58,-192],[-11,-60],[18,-66],[-58,-51],[2,-44],[47,-115],[18,-74],[4,-95],[15,-29],[70,-85],[12,-27],[25,-136],[-16,-72],[-39,-93],[10,-32],[113,-7],[49,-12],[41,-37],[31,-10],[84,4],[25,-21],[59,-16],[38,-25],[67,-121],[59,-48],[64,6],[49,-21],[55,-3],[82,18],[63,-30],[3,-26],[-21,-105],[-63,-53],[-10,-28],[4,-61],[33,-152],[34,-96],[-105,-114],[-80,-36],[-48,-35],[11,-16],[93,-19],[21,-25],[32,-115],[27,-71],[-16,-74],[-30,-44],[10,-54],[-19,-42],[-49,-46],[-22,-74],[-36,-26],[17,-102],[39,-41],[0,-51],[22,-70],[22,-21],[92,-15],[22,-14],[12,-48],[-2,-162],[28,-67],[-1,-41],[56,-106],[79,-66],[-17,-149],[35,-60],[48,-45],[71,-80],[77,-8],[87,-36],[47,-31],[70,16],[42,-19],[9,-43],[56,-13],[21,42],[31,20],[45,0],[39,-26],[53,-54],[24,-3],[38,31],[101,14],[29,-5],[102,-61],[70,3],[59,56],[55,37],[64,25],[59,9],[62,-9],[119,-59],[90,-26],[97,60],[67,-26],[58,36],[17,-17],[43,-114],[10,-73],[62,-76],[24,-127],[0,-97],[-16,-60],[1,-71],[41,-89],[0,-32],[-30,-136],[-33,-82],[-72,-60],[-111,-70],[-58,-53],[-2,-31]],[[81204,58421],[-28,-67],[-47,-55],[-38,-128],[-58,-9],[-34,-24],[-49,-88],[-69,-81],[-142,-101],[-27,-40],[-32,-76],[-58,-55],[-29,-61],[-51,-50],[-113,-52],[-35,-37],[-49,-70],[-61,-69],[-34,-23],[-93,-32],[-92,-65],[-100,-45],[-108,9],[-70,47],[-82,70],[-47,-7],[-53,-151],[-18,-16],[-95,-25],[-18,-46],[-65,-38],[-71,-52],[-160,-50],[-72,-9],[-101,-26],[-110,-82],[-129,-26],[-47,-25],[-86,-77],[-88,-31],[20,-101],[1,-92],[21,-85],[8,-85],[-11,-48],[-54,-124],[-12,-58],[3,-86],[-11,-55],[-63,-131],[-70,-112],[-40,-47],[-37,-99],[-19,-92],[-45,-100],[-24,-34],[-2,-210],[-13,-68],[-36,-77],[-17,-145],[-32,-40],[-47,-9],[-115,12],[-19,-11],[-75,-90],[-52,-41],[-87,-32],[-94,-111],[-35,-92],[-58,-29],[-30,-28],[-85,-143],[-34,-39],[-41,-90],[-64,-98],[-86,-82],[-25,-42],[-37,-23],[-99,-1],[-46,-8],[-44,-27],[-26,-107],[-45,-97],[-44,-19],[-57,-54],[-55,-83],[-33,-23],[-119,-35],[-22,-16],[-69,-88],[-65,-72],[-126,-44],[-50,-12],[-67,18],[-65,0],[-47,21],[-49,51],[-93,48],[-69,8],[-84,-33],[-150,10],[-87,-9],[-88,26],[-38,92],[-38,55],[-32,2],[-25,-94],[-29,-63],[-58,-27],[-82,42],[-48,50],[-81,160],[-20,61],[-37,5],[-109,-43],[-18,1],[-61,54],[-41,13],[-83,-11],[-43,23],[-29,67],[-38,151],[-5,68],[4,92],[17,71],[38,50],[-24,89],[-34,68],[-45,72],[-41,42],[-13,35],[-1,105],[-42,43],[-39,5],[-67,33],[-42,52],[-17,39],[-49,-13],[-25,-36],[-6,-58],[-76,-67],[-80,-41],[-189,-78],[-25,-61],[-23,-29],[-122,-91],[-25,-27],[-28,-76],[-24,-16],[-140,-35],[-100,-32],[-142,-9],[-54,-16],[-82,-96],[-36,-10],[-123,-66],[-84,-27],[-81,1],[-83,-27],[-121,-22],[-179,-73],[-64,-20],[-65,-46],[-82,-31],[-23,-20],[-15,-54],[-61,-18],[-16,-18],[-46,-109],[-42,-61],[-75,-36],[-57,-12],[-94,-68],[-13,61],[-36,40],[-172,107],[-132,31],[-144,75],[-21,5],[-81,-17],[-96,7],[-143,-49],[-41,3],[-65,30],[-63,-16],[-123,-60],[-50,-4],[-46,13],[-167,-97],[-124,-44],[-51,7],[-60,65],[-35,25],[-40,5],[-167,-152],[-100,-70],[-27,-5],[-4,91],[-102,101],[-4,82],[-23,34],[-82,71],[-71,3],[-66,-24],[-108,-52],[-178,-94],[-80,-29],[-58,-2],[-72,9],[-4,12],[47,115],[-9,134],[-35,76],[-8,71],[7,83],[-51,38],[-31,78],[-50,79],[-37,31],[-56,-2],[-43,24],[-162,11],[-46,-3],[-61,-52],[-29,-63],[2,-90],[-14,-29],[-49,-42],[-30,-80],[-58,-59],[-61,-37],[-57,-52],[-73,-51],[-80,-101],[-68,-25],[-137,29],[-75,31],[-196,92],[-147,39],[-55,-9],[-93,-55],[-70,-11],[-27,7],[-45,42],[-8,34],[-45,85],[-48,44],[-81,27],[-113,-22],[-64,-39],[-90,-16],[-61,-2],[-78,13],[-122,29],[-98,54],[-102,93],[-46,6],[-162,-5],[-104,11],[-72,-1],[-122,43],[-100,0],[-86,13],[-64,-19],[-50,2],[-12,-32],[9,-104],[-25,-44],[-58,-21],[-82,22],[-121,50],[-90,48],[-66,-10],[-70,-42],[-145,10],[-90,-11],[-41,17],[-7,55],[-44,118],[-48,24],[-81,-22],[-102,6],[-58,-8],[-106,-27],[-69,6],[-135,-4],[-68,-13],[-71,16],[-49,-10],[-87,6],[-113,-68],[-80,10],[-105,-2],[-171,-19],[-244,2],[-41,-40],[-57,-101],[0,-43],[-28,-136],[4,-96],[-17,-107],[4,-56],[47,-95],[17,-51],[-3,-40],[-28,-44],[-73,-44],[-15,-34],[-24,-102],[-3,-91],[29,-69],[-55,-118],[-30,-115],[-95,-60],[-65,-4],[-25,-34],[2,-81],[-38,-47],[-26,-56],[3,-54],[-17,-73],[28,-43],[-25,-50],[6,-45]],[[35809,55847],[-41,-12],[-17,-27],[-82,-32],[-44,-36],[-54,-15],[-21,-21],[-34,18],[47,87],[46,36],[83,37],[50,48],[38,20],[69,15],[66,58],[50,65],[38,102],[63,38],[55,-15],[35,-104],[-6,-23],[-71,-62],[-89,-33],[-116,-99],[-65,-45]],[[35392,52941],[-16,254],[-65,56],[-39,100],[-40,25],[-7,75],[52,-2],[20,-38],[57,-24],[42,23],[15,36],[53,-15],[81,44],[48,12],[45,84],[-29,16],[65,82],[-11,28],[52,26],[24,-2],[-20,-62],[-39,-26],[-98,-181],[-45,-116],[-26,-31],[-61,-10],[-21,-69],[3,-24],[-50,-31],[17,-266],[-7,36]],[[45802,49787],[48,-44],[-52,-42],[-65,22],[-62,-11],[-32,-32],[1,51],[-28,12],[-18,55],[-41,40],[-18,38],[-22,-1],[12,47],[42,1],[49,-19],[45,5],[20,-39],[92,-57],[29,-26]],[[37813,55047],[-28,-22],[-48,3],[-26,-32],[-5,43],[-28,26],[91,86],[14,54],[44,32],[56,-55],[-46,-65],[-24,-70]],[[36060,54174],[-42,-55],[-50,-5],[15,37],[25,0],[0,35],[28,21],[40,-9],[-16,-24]],[[35242,52711],[51,1],[4,-50],[-27,-13],[-33,45],[5,17]],[[34490,51481],[33,1],[8,-41],[-43,-6],[-16,34],[18,12]],[[44885,50092],[-6,-48],[-17,-3],[-10,42],[23,35],[10,-26]],[[35111,52617],[26,-20],[-45,-18],[0,39],[19,-1]],[[35905,53941],[-7,5],[107,136],[6,-6],[-106,-135]],[[34937,52509],[-36,12],[25,25],[11,-37]],[[35792,53788],[-7,4],[67,117],[6,-5],[-66,-116]],[[97734,101918],[-20,-84],[-27,-50],[-91,-106],[-44,-24],[-42,-84],[-111,-105],[-54,-24],[-85,-4],[-142,-62],[-92,-15],[-114,-33],[-22,-27],[-156,-5],[-120,-77],[-155,-50],[-98,-22],[-58,24],[-72,11],[-92,-32],[-99,-9],[-90,-15],[-104,1],[-76,9],[-79,22],[-146,29],[-55,22],[-82,55],[-99,2],[-93,22],[-60,-2],[-75,45],[-105,29],[-31,26],[-176,70],[-88,25],[-75,-72],[-5,-42],[26,-106],[-40,-89],[1,-46],[49,-42],[14,-27],[4,-92],[40,-34],[8,-50],[-23,-43],[3,-78],[-11,-60],[-92,-52],[-35,-44],[-37,-86],[-31,-37],[-38,-82],[-49,-137],[-77,-43],[-43,-71],[-29,-25],[-53,-22],[-108,-17],[-26,-25],[-24,-132],[-59,-79],[-37,-78],[-138,-112],[-49,-17],[-80,-111],[-68,-119],[-30,-76],[-60,-97],[-57,44],[-74,82],[-180,143],[-68,149],[-100,24],[-45,22],[-31,76],[-31,25],[-63,20],[-101,50],[-68,-2],[-64,-43],[-54,-17],[-64,18],[-140,72],[-120,17],[-19,75],[-25,59],[-35,33],[-144,25],[-60,32],[-81,-37],[-54,7],[-78,49],[-19,-4],[-4,-76],[-36,-86],[-48,-31],[-42,0],[-52,-16],[-53,-42],[-102,-40],[-125,-60],[-10,-93],[-71,-30],[-22,-50],[-39,-50],[-60,-54],[-25,-57],[-110,-29],[-59,-25],[14,-179],[25,-111],[16,-103],[-8,-82],[-21,-47],[-71,-85],[13,-45],[102,-107],[-7,-74],[-19,-30],[-45,-24],[-103,24],[-95,34],[-95,23],[-106,4],[-43,-26],[-65,-78],[-143,-22],[-90,-29],[-104,-66],[-32,-6],[-183,57],[-111,9],[-113,1],[-110,-16],[-134,14],[-126,34],[-81,-13],[-83,1],[-102,-11],[-66,3],[-35,-15],[-120,-79],[-32,-56],[-20,-93],[3,-89],[-8,-5],[-194,85],[-125,21],[-26,-9],[-174,11],[-25,-5],[-96,-58],[-56,-55],[-70,-19],[-54,-52],[-77,-92],[-131,-40],[-77,10],[-103,-24],[-79,-38],[-101,-22],[-81,-58],[-81,-44],[-63,-45],[-21,3],[-91,92],[-92,43],[-197,25],[-151,3],[-67,-15],[-41,-31],[15,-92],[-32,-44],[-85,-65],[-38,-54],[-39,-34],[-60,-36],[-59,32],[-116,1],[-99,-8],[-71,9],[-80,-6],[-100,-22],[-58,-27],[-41,-31],[-78,-21],[-134,-22],[-30,-45],[8,-74],[-63,-102],[-142,-280],[-13,-12],[-83,27],[-132,19],[-78,-26],[-27,1],[-77,40],[-39,9],[-140,-8],[-45,4],[-64,-13],[-100,31],[-88,59],[-62,27],[-72,53],[-67,28],[-175,23],[-60,42],[-134,25],[-32,14],[-2,79],[-87,59],[-67,77],[-41,19],[-53,74],[-49,43],[-25,72],[60,131],[4,24],[-22,46]],[[110629,158447],[4,-20],[-37,-7],[-149,-80],[-14,8],[-48,-46],[-49,-20],[-61,5],[-1,-36],[-28,-24],[57,-5],[-101,-4],[-60,-68],[-14,-84],[6,-57],[-34,-36],[-97,-20],[-29,18],[-3,-33],[-46,-68],[-96,48],[25,-2],[14,27],[-57,25],[-79,17],[-1,-55],[67,-7],[-3,-26],[-125,16],[-40,-24],[20,-49],[-24,-6],[-6,50],[-45,5],[-7,50],[-43,6],[-108,-34],[-41,-55],[35,-22],[165,-16],[7,-39],[-188,22],[-17,27],[-86,8],[-14,-45],[-32,26],[-56,-36],[13,-49],[188,7],[214,-56],[-1,-8],[-214,56],[-193,-7],[-24,102],[-82,-5],[-15,9],[-123,-24],[-28,-41],[-85,-50],[-28,-53],[-80,-39],[-62,-50],[-131,21],[-57,-14],[35,-80],[-8,-3],[-35,80],[-79,-56],[-28,-61],[29,-57],[-66,25],[-56,2],[-39,-19],[24,69],[-10,63],[-41,61],[-25,1],[-30,37],[-6,39],[51,90],[-20,74],[-51,49],[-20,-10],[0,61],[35,12],[21,77],[0,64],[16,49],[11,104],[30,61],[-25,64],[-23,3],[-51,82],[56,-74],[57,-21],[-20,72],[-23,-3],[-4,48],[14,10],[-11,113],[-73,320],[-74,291],[-67,37],[-14,37],[20,18],[81,-7],[57,109],[-1,36],[28,8],[32,70],[-29,153],[24,105],[-15,75],[83,170],[-19,37],[3,53],[-23,104],[34,50],[53,32],[57,-4],[47,33],[50,-42],[98,91],[53,116],[44,-7],[-8,92],[-12,32],[56,22],[-10,70],[38,60],[50,10],[13,59],[-55,198],[34,55],[48,19],[28,67],[44,21],[53,3],[35,100],[25,35],[34,9],[86,61],[-21,29],[86,99],[75,181],[36,23],[71,65],[-39,83],[43,-71],[54,15],[-19,39],[27,8],[2,-45],[30,8],[6,112],[9,3],[-8,-113],[19,27],[119,46],[9,-19],[44,21],[86,60],[51,19],[10,-14],[126,31],[167,11],[57,13],[2,-101],[30,-70],[44,-26],[-110,-38],[10,-29],[87,33],[15,-37],[-59,-26],[17,-45],[-40,-21],[75,-80],[49,-120],[25,-30],[101,-80],[44,-82],[54,-67],[20,-4],[40,-61],[35,15],[16,-30],[126,48],[112,-13],[-32,-13],[-78,19],[-85,-36],[29,-60],[-38,16],[-39,-19],[80,-101],[47,18],[21,-47],[35,28],[11,-24],[-42,-12],[37,-58],[133,-122],[89,54],[8,-5],[-93,-55],[0,-41],[-42,-30],[-77,9],[-37,-36],[11,-17],[35,21],[54,9],[94,-128],[-7,-8],[132,-197],[18,-37],[-38,-43],[89,-65],[-9,-66],[-30,-66],[20,-36],[-1,-47],[47,51],[62,-27],[7,35],[83,-68],[-26,-19],[49,-43],[-25,-40],[78,-162],[36,-33],[51,-14],[-4,-28],[-31,-29],[8,-72],[-33,-35],[-21,-48],[-9,-170],[46,-48],[42,-8],[-28,-88],[-57,-48],[-124,-8],[-60,-57],[4,-41],[-15,-57],[-29,-34],[-47,-20],[-87,2],[-37,-7],[-24,-27],[-130,-77],[-15,17],[-121,-69],[48,-16],[-31,-58],[-42,-18],[57,-41],[-9,-21],[-43,27],[-10,22],[-28,-70],[-17,3],[-12,-85]],[[116568,158461],[21,-42],[-10,-35],[-70,-51],[-81,-40],[-20,-59],[-34,-22],[-37,18],[-62,4],[-82,-13],[-28,-33],[-48,-91],[-18,-48],[-34,-28],[-12,-41],[-6,-80],[33,-127],[-68,-32],[-94,-21],[-54,-133],[-63,-51],[-39,-16],[-58,14],[-26,-9],[-33,-78],[-29,17],[-55,-2],[-50,-61],[-21,-49],[5,-60],[-31,-65],[-46,11],[-84,-26],[-37,-114],[-31,25],[-62,16],[-61,58],[-163,65],[-216,64],[39,5],[33,79],[14,149],[-87,66],[9,76],[22,27],[21,82],[-17,57],[-1,65],[-82,22],[54,-3],[29,130],[32,-8],[6,65],[-40,133],[-74,36],[11,66],[87,88],[65,37],[25,54],[-15,141],[-37,57],[-20,52],[5,58],[-18,28],[74,51],[114,105],[-14,21],[61,66],[-14,45],[-32,26],[17,17],[-21,82],[25,-62],[72,15],[-9,78],[23,3],[8,59],[-14,52],[-21,20],[-159,71],[-73,-118],[-72,73],[-23,-35],[-17,19],[34,22],[-88,89],[41,39],[-40,-5],[51,49],[-45,56],[-44,84],[-3,52],[60,145],[29,37],[8,68],[-13,91],[21,56],[-43,-12],[-19,64],[44,11],[-49,166],[-39,97],[-33,23],[-7,44],[91,94],[26,-13],[97,63],[28,60],[-25,32],[33,-9],[113,29],[7,-18],[132,47],[19,34],[64,37],[21,69],[37,33],[51,25],[150,107],[115,268],[62,40],[-23,33],[25,8],[49,-58],[25,85],[-46,3],[7,23],[38,-21],[27,82],[-24,13],[48,202],[58,61],[31,184],[38,161],[-7,19],[23,69],[60,96],[79,-31],[1,-17],[96,-31],[99,13],[93,-7],[64,10],[31,25],[47,70],[31,26],[107,44],[39,57],[56,31],[88,16],[43,30],[42,55],[5,34],[-21,17],[35,49],[19,-20],[-31,-77],[89,55],[28,41],[-15,18],[34,18],[22,92],[-42,20],[-17,-15],[-33,32],[8,31],[61,58],[63,-12],[54,4],[46,-14],[84,7],[14,42],[36,8],[35,-17],[57,17],[79,81],[-47,52],[50,50],[26,-35],[38,-19],[14,-35],[41,-18],[24,30],[32,-41],[-24,-42],[-23,-4],[37,-169],[39,-85],[76,-21],[29,-39],[66,-29],[25,-98],[-4,-36],[-21,-8],[47,-203],[24,-41],[22,-89],[48,-69],[32,-26],[34,-68],[26,-27],[62,-29],[38,9],[68,-30],[77,-112],[7,-50],[-5,-115],[-30,-17],[-6,-117],[-27,-121],[-29,-35],[-57,18],[-72,-51],[-7,-33],[-91,-54],[-54,16],[-28,-11],[-55,-50],[-15,-64],[-25,0],[-39,-58],[2,-26],[-46,-2],[-65,-91],[4,-73],[-34,-19],[4,-53],[-25,-100],[-37,-23],[-64,-10],[-28,-38],[-18,-145],[21,-6],[15,-40],[-34,-78],[-32,-39],[-76,-63],[-14,-41],[-55,-53],[-60,16],[-102,-60],[-74,-6],[-42,-31],[-104,13],[-111,0],[-17,7],[-86,-39],[-27,4],[-141,-93],[-55,-48],[-102,-59],[-82,-123],[-56,-7],[-13,-20],[-66,-16],[-53,-51],[-94,-52],[-40,-41],[-48,-5],[-89,-83],[-45,-21],[-25,-36],[11,-14],[-40,-42],[-12,-36],[-77,-79],[-44,12],[-46,-17],[-40,-133],[3,-143],[19,-141],[15,-38],[76,-241],[43,-19],[54,15],[-2,-64],[32,-62],[59,-68],[77,-30],[-11,-60],[127,-21],[119,74],[12,53],[-105,28],[1,7],[137,-31],[17,26],[44,-5],[29,33],[31,-87],[52,-64],[80,-19],[25,15],[30,52],[37,-7],[-22,-64],[37,-14]],[[111507,162167],[101,64],[-11,31],[60,45],[7,71],[-11,11],[19,62],[-6,68],[20,34],[48,-6],[133,22],[20,14],[60,-3],[58,25],[37,-10],[13,-42],[53,11],[59,-20],[0,-27],[84,-99],[16,-8],[81,-85],[62,-90],[15,-38],[25,-118],[6,-63],[92,-187],[-52,-64],[32,-53],[95,-26],[-1,43],[32,-7],[-19,-40],[18,-5],[-11,-47],[196,-55],[50,-19],[-12,51],[-67,61],[4,7],[68,-63],[58,-3],[8,-58],[44,-65],[31,-173],[71,-108],[4,-74],[56,-269],[13,-40],[108,-168],[43,-39],[19,17],[29,67],[65,-47],[62,-4],[64,75],[38,-4],[0,-73],[-20,-40],[-26,-2],[-39,-69],[-43,-14],[65,-189],[-8,-3],[-58,169],[-59,0],[-101,32],[-1,-51],[37,-11],[5,-92],[46,-11],[-7,-22],[-41,23],[-42,-6],[12,-95],[64,-187],[-6,61],[64,-2],[26,-88],[48,9],[-102,-35],[-14,50],[-13,-5],[22,-61],[-6,-76],[24,-56],[2,-90],[17,-43],[23,-108],[-26,-23],[-4,-55],[-50,-99],[-105,-37],[-150,6],[-25,9],[-129,-22],[-74,-24],[-59,-31],[-52,-47],[7,-34],[-39,-50],[-113,-83],[-75,16],[-150,51],[-76,58],[-244,133],[-33,29],[-49,-14],[25,43],[19,1],[3,37],[-92,120],[-26,3],[21,52],[-19,60],[36,-4],[9,33],[-18,83],[-30,1],[-26,40],[4,23],[-63,19],[-48,39],[10,45],[-26,47],[70,22],[6,69],[-23,52],[-32,0],[-33,25],[53,47],[94,135],[48,14],[104,230],[52,13],[36,82],[-23,64],[-11,71],[-61,-38],[-4,-34],[-22,19],[-70,-41],[-120,144],[-105,90],[12,31],[-32,-8],[-53,-73],[-28,-11],[-69,130],[-40,15],[-25,30],[-9,70],[21,14],[40,-21],[22,33],[2,59],[66,42],[42,49],[65,49],[10,54],[-59,71],[-15,-2],[-58,54],[-49,5],[-50,67],[-7,54],[19,5],[-3,108],[-19,130],[-28,9],[-72,88],[-56,-29],[-16,51],[26,10],[31,91],[84,-31]],[[114343,158410],[-37,-76],[30,-39],[7,-54],[70,-53],[1,-91],[-47,-39],[-1,-41],[-24,-47],[-144,-32],[-111,-34],[-76,-33],[-108,-72],[-53,-56],[6,-22],[-44,-138],[-16,-10],[10,-69],[63,-65],[0,-33],[-31,-42],[-21,-6],[-85,-180],[-27,-102],[53,-39],[13,-47],[-18,-44],[-4,-66],[22,-61],[62,-14],[77,-74],[33,-59],[4,-81],[-51,-58],[-21,-49],[-53,-37],[-66,-11],[-27,-24],[-13,-51],[-60,-25],[-1,-19],[-46,-52],[-15,-62],[15,-144],[-26,-21],[-72,35],[-68,-7],[-98,-36],[-137,-90],[-23,-30],[-18,19],[-69,-11],[-109,-48],[-31,-44],[-20,-4],[-70,-61],[-38,26],[14,108],[-54,41],[-56,19],[-33,30],[-64,81],[-65,57],[-65,38],[-18,45],[-43,8],[-20,29],[21,54],[22,-33],[35,-16],[59,1],[24,-13],[66,6],[15,16],[53,-3],[99,36],[46,-14],[42,-33],[53,15],[23,27],[47,13],[50,90],[-17,130],[-62,134],[-65,1],[-51,-35],[-42,-1],[-24,31],[6,38],[51,124],[66,15],[10,75],[-34,76],[-87,136],[-1,36],[144,42],[18,58],[-1,52],[32,72],[-21,47],[1,42],[36,49],[47,24],[47,47],[37,61],[-4,107],[26,19],[50,2],[24,77],[4,101],[-16,106],[-22,78],[5,38],[49,34],[3,19],[-15,131],[-28,79],[-6,47],[51,40],[9,33],[10,150],[-37,85],[7,4],[38,-85],[163,89],[-11,47],[-29,26],[22,12],[25,-81],[32,-47],[44,40],[-58,38],[40,25],[20,42],[-40,8],[10,24],[33,-24],[33,74],[25,10],[-114,58],[3,6],[113,-57],[72,104],[12,115],[20,28],[63,10],[24,36],[22,-20],[94,-9],[18,15],[62,-3],[23,40],[27,0],[15,-70],[98,-13],[-10,-39],[65,-89],[77,-17],[28,2],[13,-34],[92,-82],[156,3],[-31,-44],[-117,7],[-34,-53],[5,-93],[29,-54],[-19,-81],[0,-126],[-26,-32],[-21,-65],[-44,-24]],[[110172,156506],[-31,-30],[-27,3],[-33,43],[-27,115],[-22,65],[-30,127],[-33,173],[13,79],[-21,121],[-36,100],[43,4],[25,59],[7,75],[-22,75],[41,-26],[112,69],[77,66],[42,82],[-5,43],[85,16],[60,30],[50,69],[114,56],[24,1],[66,-41],[82,-41],[31,29],[140,41],[86,43],[10,29],[104,64],[124,8],[14,-18],[80,-47],[77,-32],[45,25],[54,-38],[31,30],[68,-27],[24,9],[50,-16],[-2,-87],[49,-86],[75,-96],[102,-100],[76,-37],[23,43],[36,-32],[6,-70],[-62,-80],[1,-60],[-35,-68],[-45,-30],[-83,-25],[-90,-105],[-5,-26],[-47,-63],[-5,-86],[-14,-60],[-64,-74],[7,-22],[-21,-78],[-8,-66],[-53,-25],[-49,3],[-106,-18],[-17,-15],[-117,-27],[-77,-26],[-84,-41],[-126,38],[-1,22],[-67,83],[-113,58],[-114,2],[-142,-106],[-35,18],[-68,-67],[-58,-14],[-81,40],[-4,-17],[-74,-33]],[[125173,150242],[-44,23],[-29,35],[13,48],[2,77],[28,141],[-4,86],[20,73],[85,52],[79,4],[35,-24],[50,-61],[11,-63],[60,-66],[80,8],[31,-18],[17,-38],[-13,-32],[49,-60],[116,-38],[147,-17],[47,9],[73,82],[43,-17],[0,-36],[31,-18],[14,-33],[33,-16],[33,26],[141,-80],[-9,-15],[124,-50],[3,-37],[83,5],[-15,29],[40,2],[-12,-30],[89,11],[-1,34],[29,7],[5,-24],[34,9],[27,140],[-21,3],[-84,-101],[-129,-9],[-115,77],[4,6],[114,-73],[123,7],[84,102],[22,-2],[17,48],[56,5],[31,-23],[55,6],[53,-46],[101,-99],[41,-6],[26,-53],[-31,-38],[2,-42],[29,-20],[-13,-26],[25,-109],[11,-5],[-3,-76],[8,-81],[21,-40],[-30,-26],[-12,-48],[23,-55],[-12,-52],[-57,-82],[-41,-17],[-69,-4],[-176,48],[-9,-6],[-108,11],[-47,-3],[-36,-20],[-82,-2],[-113,-79],[-24,-34],[-13,20],[-117,10],[-82,-24],[-72,-56],[-22,-68],[21,-47],[-16,-29],[-40,-10],[-46,8],[-59,26],[-22,147],[26,8],[-11,170],[-12,42],[-48,71],[-42,45],[-13,35],[-87,136],[-67,36],[-65,64],[-116,165],[-59,1],[-7,16],[-77,25],[-63,-10],[-18,29],[-52,26]],[[121090,151644],[-7,55],[-46,115],[12,45],[-12,29],[-6,105],[7,105],[9,33],[46,55],[-37,81],[-52,12],[-2,29],[92,12],[14,22],[71,-1],[58,-30],[37,23],[76,12],[19,-8],[43,34],[51,-12],[42,37],[22,70],[92,65],[1,20],[76,118],[16,1],[78,-74],[7,-75],[-41,-75],[5,-55],[-18,-40],[27,-79],[-7,-67],[12,-30],[-14,-30],[18,-39],[39,-40],[-3,-39],[32,-95],[-29,58],[-37,-9],[1,-55],[36,-9],[-44,-30],[12,-49],[54,-91],[39,23],[-48,87],[7,5],[62,-110],[-12,-29],[23,-33],[-22,-20],[17,-39],[39,-17],[-7,-55],[-26,-13],[4,-36],[56,-74],[59,20],[58,-12],[-12,-69],[36,-53],[-14,-36],[32,-67],[-14,-55],[-12,-104],[40,-134],[-14,-71],[-64,-31],[-120,2],[-77,-16],[-72,-44],[-56,-62],[-122,8],[-23,-23],[-81,-21],[-43,2],[-144,-38],[-30,16],[-43,57],[-25,95],[-74,145],[-85,102],[4,64],[-9,121],[12,86],[20,222],[-9,103]],[[109739,154617],[-39,48],[13,65],[-8,158],[16,25],[-1,58],[-17,57],[-24,22],[-7,39],[19,80],[-21,61],[56,6],[49,-58],[42,11],[27,-17],[41,25],[66,97],[16,71],[-27,16],[21,82],[-10,16],[13,48],[44,-11],[39,-31],[65,56],[21,-21],[48,34],[31,49],[61,174],[1,62],[-43,38],[42,21],[13,78],[-9,70],[39,50],[69,8],[7,26],[45,8],[9,-16],[53,10],[29,39],[32,-19],[48,65],[38,11],[41,-9],[-125,-145],[-60,-86],[-31,-63],[-17,-66],[27,-63],[-14,-34],[-12,-87],[10,-62],[56,-30],[23,-34],[-16,-34],[-78,-27],[-84,-50],[-50,-7],[12,-86],[-18,73],[-63,-35],[-34,-45],[-31,-68],[-34,-133],[5,-44],[-28,-7],[-2,-77],[61,-68],[-18,-50],[-3,-82],[-80,-87],[3,-26],[-36,-37],[-70,-40],[-9,-60],[-24,1],[-96,-51],[-52,14],[-55,64],[-5,30]],[[119709,156076],[-31,-17],[-42,15],[-40,32],[-9,32],[20,30],[-13,84],[7,108],[21,49],[55,-9],[88,-1],[43,-69],[38,-26],[74,-23],[81,27],[47,4],[55,-36],[33,-3],[81,41],[31,-3],[18,29],[25,91],[62,55],[100,28],[17,50],[-12,38],[18,51],[-19,24],[19,132],[76,10],[18,-38],[2,-61],[-30,-33],[-19,-98],[38,-21],[29,25],[22,-22],[52,27],[25,-10],[49,32],[86,-5],[38,16],[20,-51],[15,-199],[-20,-72],[-33,-55],[-66,-28],[-38,-36],[-43,-63],[-76,-44],[-90,-25],[-47,16],[-79,-13],[-60,21],[-68,-16],[-18,-26],[-95,-29],[-50,30],[-59,-2],[-6,26],[-125,-6],[-23,6],[-42,-24],[-97,6],[-6,25],[-47,4]],[[130769,148785],[-53,-41],[1,-22],[-41,-63],[-37,-34],[-12,-56],[-50,-39],[-15,-59],[7,-29],[-48,-78],[-25,-2],[-44,33],[-2,39],[-64,49],[-67,80],[-16,53],[-62,54],[-11,44],[5,93],[-17,76],[-39,60],[-22,10],[-20,48],[-12,110],[-32,26],[-21,59],[29,47],[-19,134],[8,25],[43,28],[-3,95],[-11,80],[-12,20],[24,27],[32,-6],[37,-43],[18,-57],[47,-35],[26,-89],[44,-51],[62,-34],[4,-25],[68,-24],[44,-71],[51,-50],[46,6],[61,-42],[0,-70],[36,-6],[-6,-49],[28,-97],[34,-12],[25,-58],[-19,-54]],[[111148,163189],[3,-84],[21,-16],[3,-68],[37,-57],[4,-56],[77,-94],[90,-32],[-26,-33],[-34,-100],[-23,-15],[-15,-57],[-16,-12],[16,-58],[-58,-38],[-10,63],[-18,36],[-72,77],[-32,100],[-61,39],[-22,-20],[-44,4],[-28,43],[4,28],[80,-15],[35,66],[11,58],[-27,67],[30,28],[28,52],[19,110],[28,-16]],[[111988,163212],[5,-40],[28,-84],[50,-44],[41,-16],[34,-116],[43,-46],[-37,-30],[21,-77],[20,-15],[42,-69],[-28,-7],[-34,65],[-62,30],[-78,-32],[-48,35],[9,54],[-35,136],[-7,1],[-94,211],[2,59],[85,47],[43,-62]],[[126292,148778],[-99,-97],[3,-52],[-13,-53],[-66,3],[-51,38],[-20,39],[-3,77],[45,57],[102,23],[43,72],[56,-15],[62,12],[65,0],[5,-12],[-104,-48],[-25,-44]],[[121906,164459],[123,-12],[71,-37],[6,-15],[70,-32],[64,-51],[2,-24],[-44,-33],[-152,3],[-32,16],[-27,38],[-68,33],[22,62],[-12,46],[-23,6]],[[113371,161184],[1,-27],[-58,-21],[-18,-52],[-19,-14],[-46,6],[21,65],[96,71],[23,-28]],[[111586,163396],[-20,-10],[-40,28],[-11,61],[16,17],[37,-18],[25,-53],[-7,-25]],[[115465,161385],[22,-18],[-67,-80],[-26,25],[65,77],[6,-4]],[[125935,150637],[26,5],[37,-47],[-29,-40],[-19,22],[-15,60]],[[116007,162629],[-52,-14],[-11,30],[79,10],[-16,-26]],[[113384,160983],[0,-53],[-43,28],[18,31],[25,-6]],[[110941,155902],[-24,-35],[-22,1],[1,48],[45,-14]],[[130530,148266],[-18,-23],[-27,39],[12,17],[33,-33]],[[119827,156443],[-15,-22],[-28,19],[35,24],[8,-21]],[[109706,157817],[29,-9],[118,28],[2,-8],[-121,-29],[-28,18]],[[119581,156468],[-24,-16],[-6,45],[30,-29]],[[126687,150393],[-5,-7],[-103,73],[4,6],[104,-72]],[[126335,150471],[-110,-59],[-4,7],[111,59],[3,-7]],[[113599,160135],[-7,-3],[-39,113],[6,3],[40,-113]],[[121987,151898],[-51,-98],[21,64],[30,34]],[[109069,161854],[4,34],[20,-11],[-24,-23]],[[108130,158537],[-46,-84],[-7,4],[46,84],[7,-4]],[[110654,100456],[21,-32],[14,-77],[7,-174],[9,-116],[-15,-47],[-51,-80],[65,-163],[61,-131],[12,-70],[-2,-94],[-16,-96],[42,-194],[-1,-74],[-42,-106],[36,-162],[1,-283],[32,-61],[49,-31],[70,-88],[19,-38],[15,-62],[-8,-17],[-52,-7],[-93,-61],[-61,-81],[-41,-33],[-59,-23],[-63,-90],[-110,-113],[-86,-78],[-97,-69],[-95,-81],[-153,-140],[-93,-37],[-145,-76],[-62,-18],[-108,-49],[-91,-63],[-69,-77],[-4,-22],[3,-258],[-67,-39],[-154,-76],[-123,-100],[-104,-140],[-34,-32],[-98,-58],[36,-141],[38,-118],[76,-200],[4,-31],[-12,-127],[13,-30],[74,-34],[50,-45],[66,-105],[27,-19],[45,-63],[52,-51],[34,-59],[20,-102],[-63,-157],[-44,-47],[-125,-88],[-146,-70],[-90,-19],[-79,-71],[-97,-54],[-119,-1],[-32,-16],[-20,-35],[-38,-25],[-103,-33],[-67,-51],[-46,-47],[-89,-26],[-309,-84],[-74,-6],[-104,-29],[-167,-4],[-112,-28],[-5,-129],[-25,-90],[-27,-36],[-52,-30],[-63,-103],[-72,-152],[-7,-51],[-28,-83],[-56,-48],[-101,-105],[-51,-69],[-102,-233],[101,-96],[45,-62],[13,-35],[48,-46],[11,-30],[-38,-234],[-37,-86],[-23,-135],[-36,-85],[-9,-150],[-14,-44],[-36,-58],[11,-88],[-8,-129],[25,-128],[26,-65],[36,-47],[46,-24],[17,-63],[42,-86],[-41,-28],[-59,-75],[-42,-100],[-11,-164],[-34,-147],[-65,-110],[-45,-97],[6,-103],[-8,-125],[-68,-169],[2,-65],[-14,-73],[-58,-59],[-46,-107],[15,-131],[-12,-59],[-66,-36],[-56,-44],[-56,-60],[-95,-40],[-80,-19],[-88,20],[-50,-1],[-149,-43],[-62,-28],[-77,-52],[-95,-41],[-80,-62],[-75,0],[-130,20],[-170,49],[-130,59],[-73,19],[-118,18],[-198,20],[-97,-23],[-114,5],[-109,-7],[-134,-69],[-59,-14],[-130,58],[-39,-19],[-61,-92],[-31,-29],[-138,-12],[-47,-24],[-70,-72],[-103,-26],[-88,-62],[-28,-29],[-35,-62],[-29,-11],[-60,6],[-111,51],[-59,-10],[-177,-115],[-24,-6],[-113,3],[-67,14],[-22,-62],[-113,-149],[-75,-79],[-30,-51],[-24,-79],[-23,-112],[-20,-40],[-25,-98],[-12,-149],[12,-99],[0,-71],[11,-95],[-28,-91],[-9,-105],[-24,-108],[-24,-58],[1,-67],[-45,-101],[-20,-81],[-27,-66],[-87,-75],[-83,-94],[-33,-62],[-9,-54],[19,-106],[29,-85],[-14,-136],[-16,-54],[-28,-202],[-72,-156],[-37,-58],[-43,-48],[-14,-34],[54,-234],[-1,-23],[-71,-111],[-38,-97],[-52,-209],[1,-103],[19,-104],[30,-46],[50,-45],[43,-16],[119,-17],[69,-115],[55,-149],[40,-92],[104,-202],[47,-62],[79,-49],[73,-13],[72,-32],[57,-12],[121,-44],[72,-51],[85,-111],[37,-85],[20,-78],[14,-135],[-10,-47],[-143,-23],[-71,-5],[-58,-25],[-9,-27],[34,-141],[-20,-40],[-52,-54],[-58,-40],[-44,-61],[-65,-64],[-77,-41],[-52,-65],[-128,-138],[-191,-153],[-85,-31],[-129,-18],[-68,-28],[-98,-17],[-51,-55],[-39,-16],[-69,4],[-34,-32],[-21,-154],[-36,-81],[-45,-18],[-118,1],[-148,-11],[-88,-47],[-182,-53],[-38,-26],[-114,-139],[-118,-165],[-20,-50],[15,-56],[-17,-61],[27,-42],[51,-205],[-14,-28],[-107,-54],[-85,-75],[-86,-120],[-51,-49],[-75,-53],[-52,-58],[-34,-51],[-47,-47],[-28,-44],[-48,-121],[-59,-73],[-25,-57],[-26,-110],[-7,-254],[-12,-82],[-76,-305],[1,-94],[15,-35],[115,-78],[48,-77],[15,-43],[82,-89],[91,-67],[120,-41],[91,-61],[51,-23],[86,-78],[66,-104],[39,-164],[38,-77],[93,-61],[171,-174],[163,-147],[70,-75],[57,-77],[61,-94],[47,-48],[-1,-20],[-95,-196],[-71,-168],[-10,-63],[20,-47],[6,-69],[-25,-76],[-4,-124],[-20,-112],[23,-60],[89,-175],[53,-143],[6,-120],[29,-199],[29,-316],[58,-134],[88,-137],[1,-60],[-33,-35],[-156,-121],[-90,89],[-44,-65],[-43,-136],[-30,-60],[-85,-113],[-56,-25],[-85,-2],[-41,-13],[-99,-74],[-84,-119],[-146,-158],[-199,-148],[-206,-172],[-84,-74],[-244,-193],[-114,-33],[-61,-36],[-72,-69],[-89,-69],[-70,-41],[-221,-98],[-46,-31],[-79,-38],[-55,-36],[-24,-51],[-5,-58],[-21,-87],[-20,-29],[13,-123],[45,-86],[35,-43],[27,-67],[-20,-128],[0,-150],[-33,-86],[-39,-57],[-59,-194],[-59,-161],[-30,-37],[-73,-49],[-17,-25],[-14,-66],[-21,-50],[-19,-98],[-22,-47],[-96,-87],[-131,-128],[21,-81],[-1,-28],[-145,-140],[-43,-31],[-98,-45],[-41,-46],[-139,-109],[-79,-50],[-47,-59],[-30,-237],[-23,-77],[-47,-72],[-81,-160],[-42,-61],[-46,-35],[-38,-104],[-115,-85],[-22,-34],[-67,-156],[-98,-112],[-71,-54],[-68,-22],[-52,-28],[-41,-53],[-123,-115],[-50,-64],[-59,-100],[-72,-62],[-71,-32],[-11,-73],[32,-247],[18,-96],[-12,-89],[23,-106],[68,-214],[-3,-70],[75,-217],[0,-15],[-91,-66],[-99,-57],[-110,-29],[-155,-28],[-105,-36],[-39,-28],[-131,-55],[-126,-46],[-65,-14],[-202,-56],[-167,-84],[-229,-66],[-60,-29],[-139,13],[-59,13],[-111,-89],[-45,-27],[-78,4],[-176,94],[-24,5],[-102,-41],[-78,-107],[-58,-43],[-74,-41],[-133,-68],[-97,-44],[-95,-15],[-170,-3],[-92,-19],[-98,-12],[-89,1],[-153,40],[-80,10],[-241,-163],[-154,-72],[-125,-76],[-75,-53],[-67,-26],[-173,-27],[-112,-34],[-82,-38],[-89,-52],[-40,9],[-68,-30],[-111,-37],[-259,-77],[-78,-44],[-65,-21],[-116,-26],[-117,-4],[-338,33],[-92,13],[-146,-13],[-77,1],[-111,119],[-88,56],[-103,17],[-24,11],[-140,31],[-36,15],[-43,53],[-33,147],[-80,66],[-61,109],[-103,-19],[-67,-3],[-64,-17],[-127,33],[-125,24],[-65,-3],[-71,-46],[-24,-45],[-69,-50],[-32,-9],[-53,68],[-157,-48],[-74,-12],[-63,-36],[-134,-27],[-50,-28],[-43,-77],[-150,-97],[-54,-12],[-95,25],[-80,2],[-108,-18],[-130,16],[-133,-10],[-165,-60],[-123,7],[-227,-15],[-156,-39],[-61,-3],[-114,29],[-144,27],[-102,28],[-155,49],[-26,0],[-127,-39],[-52,3],[-181,88],[-103,-5],[-175,63],[-94,14],[-31,44],[-47,26],[-54,-13]],[[85350,71141],[18,59],[72,74],[40,76],[33,139],[6,51],[-12,55],[12,22],[51,35],[121,67],[76,98],[0,52],[-29,159],[-2,63],[28,54],[4,47],[-17,110],[3,35],[27,57],[12,65],[-17,90],[-9,204],[4,104],[8,38],[7,183],[77,66],[18,26],[94,49],[110,36],[36,27],[21,44],[163,49],[34,-1],[99,-41],[62,9],[93,62],[69,36],[22,22],[51,92],[56,129],[24,85],[-2,32],[-33,118],[8,45],[61,67],[78,30],[112,27],[55,32],[37,40],[33,58],[31,84],[53,100],[21,53],[30,123],[-8,44],[-33,79],[-40,14],[-65,118],[-44,48],[-7,41],[154,25],[46,20],[26,47],[-10,95],[16,17],[100,25],[56,28],[54,11],[74,-4],[47,19],[116,70],[31,41],[-68,121],[-9,71],[-19,56],[-45,63],[-4,59],[-27,131],[-52,84],[-61,77],[-40,94],[-45,60],[-44,84],[3,35],[68,43],[22,77],[60,132],[19,83],[30,28],[29,53],[51,50],[69,96],[-3,128],[-9,126],[-28,44],[18,95],[-14,75],[12,70],[22,46],[-8,85],[31,38],[43,97],[13,62],[-18,78],[22,52],[98,38],[28,24],[65,25],[87,55],[73,85],[0,88],[69,66],[-12,115],[48,118],[-29,46],[-52,48],[-30,61],[-90,68],[-38,58],[-79,90],[-55,45],[12,55],[-157,84],[-53,47],[-49,28],[-42,2],[-42,23],[-61,110],[-37,33],[-211,26],[-52,41],[-11,26],[-2,124],[5,45],[-31,70],[-14,58],[-76,64],[-37,72],[-36,51],[-62,157],[-4,37],[-28,60],[-86,81],[-13,31],[-5,110],[-24,-11],[-81,-109],[-45,-43],[-38,-6],[-203,7],[-102,31],[-72,61],[-41,90],[-40,43],[-47,118],[-88,99],[-70,26],[-61,-3],[-82,16],[-202,95],[-38,25],[-51,87],[12,35],[86,47],[34,-9],[45,26],[-2,62],[-39,51],[-7,39],[13,75],[-18,74],[-20,33],[-73,72],[-36,102],[-33,55],[-2,127],[8,31],[-67,34],[-59,3],[-76,-53],[-61,6],[-100,30],[-72,13],[-89,29],[-90,95],[-57,23],[-113,18],[-203,94],[-69,28],[-87,4],[-143,-49],[-90,-2],[-50,82],[-40,15],[-122,14],[-111,-2],[-67,-27],[-41,9],[-52,-7],[-93,-72],[-134,-23],[-125,2],[-63,-41],[-50,-2],[-57,28],[-118,-23],[-59,-81],[-63,19],[-217,-24],[-53,-15],[-19,-43],[-107,23],[-59,37],[-67,96],[-140,13],[-41,42],[-59,35],[41,115],[65,48],[50,18],[32,26],[0,38],[78,101],[48,22],[46,0],[52,71],[-5,20],[-66,22],[-68,-2],[-17,-12],[-65,22],[-36,81],[-85,-24],[-21,-48],[-65,-13],[-91,-58],[-65,22],[-65,8],[-57,-19],[-76,-11],[-67,25],[-53,-21],[-48,11],[-58,-34],[-81,50],[-51,-9],[-11,18],[-92,14],[-62,-50],[-16,-58],[32,-68],[5,-54],[-23,-53],[-87,-69],[-54,-26],[-35,63],[-90,94],[-18,4],[-90,-59],[-77,-11],[-32,27],[-30,80],[-29,33],[-40,76],[-61,24],[-9,65],[-19,45],[0,56],[-36,91],[23,92],[-12,91],[-2,81],[-17,111],[-32,67],[-9,52],[13,81],[-89,166],[-1,47],[30,107],[-8,40],[-53,106],[2,123],[-5,73],[50,16],[98,-2],[26,48],[54,65],[48,19],[70,-6],[95,-36],[53,16],[55,98],[65,41],[67,59],[67,89],[45,77],[9,80],[-35,88],[7,73],[66,69],[12,38],[16,123],[44,45],[66,3],[73,-8],[25,25],[43,81],[99,27],[-6,41],[16,61],[48,92],[3,78],[-30,54],[-20,186],[-72,53],[-20,57],[-71,53],[-23,59],[4,55],[39,69],[-49,35],[-24,59],[13,82],[-21,49],[-19,120],[-22,31],[-52,39],[41,59],[-22,102],[-77,33],[-56,79],[0,34],[34,54],[-71,51],[-55,82],[-35,28],[-4,30],[21,59],[-22,60],[-46,41],[-26,4],[-32,-33],[-77,27],[-101,-39],[-21,3],[-23,52],[-61,67],[-89,32],[-36,21],[-167,150],[-60,73],[-53,80],[-37,29],[-181,89],[-96,105],[-133,37],[-138,50]],[[79648,87735],[-96,71],[-47,-28],[-43,0],[-65,28],[-35,1],[-66,-37],[-88,38],[-107,-10],[-30,11],[24,73],[40,73],[-9,73],[8,48],[-5,98],[-73,58],[-1,16],[45,78],[57,152],[42,89],[41,33],[99,40],[31,30],[57,113],[-31,84],[6,14],[62,21],[25,28],[29,70],[0,222],[-52,72],[-80,61],[-41,66],[-108,19],[-68,24],[-14,122],[-24,73],[-1,33],[52,100],[2,97],[21,50],[16,126],[28,71],[-12,30],[19,133],[19,48],[79,47],[20,39],[35,134],[31,28],[48,3],[52,24],[-7,68],[-31,89],[-148,138],[-39,54],[-33,93],[-61,23],[-112,104],[-97,-38],[-23,-18],[-57,-84],[-39,-10],[-77,37],[-39,57],[-69,57],[-37,42],[-153,11],[-19,47],[32,46],[3,35],[-17,46],[-45,38],[3,64],[-24,41],[-75,60],[-47,89],[-108,111],[-30,41],[-24,68],[12,110],[-10,81],[18,105],[-9,78],[11,50],[94,33],[67,120],[54,45],[52,10],[51,-25],[60,27],[14,65],[42,73],[28,18],[95,-40],[112,87],[70,38],[19,22],[106,44],[58,8],[14,23],[-11,68],[52,179]],[[73243,105725],[-105,-185],[-13,-42],[51,-243],[70,-72],[9,-54]],[[66268,103484],[-49,242],[-28,157],[-34,151],[-45,140],[-284,47],[-32,237],[-65,123],[-67,67],[83,-60],[61,-121],[354,-55],[200,-10],[14,97],[13,20],[-1,115],[11,-118],[-1,-69],[56,-3],[3,71],[-15,3],[9,215],[175,-8],[2,76],[-22,17],[-167,14],[-25,-5],[-26,-55],[-51,-66],[1,-24],[-189,-24],[-50,13],[-247,-77],[33,17],[-77,251],[-360,17],[-172,570],[407,165],[1,101],[-114,-6],[45,10],[3,72],[-33,121],[-21,102],[-38,143],[-43,131],[-21,27],[-39,98],[0,55],[-60,149],[-37,10],[-13,-48],[-46,-1],[-30,42],[-26,69],[-22,27],[-104,53],[-43,38]],[[79648,87735],[22,-19],[35,-71],[-4,-73],[22,-65],[26,-30],[3,-46],[-13,-33],[-89,-95],[-36,-102],[-84,-112],[-143,-58],[-44,-31],[-41,-13],[-88,-57],[-61,-49],[-52,-24],[-101,-81],[-78,-39],[-41,-40],[-71,-47],[-66,-32],[-56,17],[-134,-78],[-60,-15],[-23,-18],[-13,-75],[-194,-34],[-79,16],[-114,-43],[-84,-9],[-41,20],[-68,-7],[-68,37],[-61,14],[-49,-64],[-42,-17],[-78,-2],[-92,-40],[-88,5],[-85,-25],[4,-73],[48,-45],[12,-55],[-13,-138],[74,-33],[28,-95],[-30,-24],[-24,-69],[-23,-2],[-97,23],[-175,19],[-143,66],[-307,-71],[-30,74],[-63,-20],[-31,-27],[-72,-158],[-8,-39],[-84,-176],[-43,-23],[-103,-39],[-77,33],[-81,-12],[-50,-118],[-66,28],[-47,-2],[-45,-35],[-47,-61],[-88,-46],[-39,32],[-62,6],[-44,60],[-91,71],[-59,32],[-41,3],[-119,-74],[-45,20],[-95,15],[-107,26],[-44,53],[-31,59],[-65,70],[-171,265],[-55,19],[-47,-13],[9,-98],[-16,-66],[-1,-52],[36,-143],[-9,-56],[42,-76],[-1,-63],[23,-86],[-7,-30],[-109,-135],[-90,-32],[-67,-53],[-126,0],[-73,-187],[-57,-85],[-59,-37],[-45,-56],[-17,-57],[-64,-60],[-78,-19],[-74,10],[-44,-34],[-134,-63],[-34,-34],[-118,-15],[-56,-42],[-50,-130],[-100,-89],[-52,-54],[-32,-72],[-47,-28],[-187,-27],[-159,-8],[-27,89],[-42,48],[-44,77],[-47,46],[-42,78],[-29,29],[-14,50],[-83,178],[-34,60],[-20,150],[-15,39],[-68,60],[-28,38],[-58,44],[-27,148],[-39,156],[-47,64],[-14,49],[-7,76],[15,82],[-79,30],[-75,67],[-82,45],[-54,73],[-53,41],[-84,0],[-69,54],[-90,90],[-66,55],[-23,35],[-123,134],[-33,28],[-17,120],[-57,30],[-191,3],[-54,-40],[-18,40],[-40,15],[-88,4],[-33,-13]],[[34722,67892],[-48,59],[-5,77],[-65,13],[29,138],[-17,65],[-86,94],[4,4],[86,-93],[27,-73],[32,3],[9,36],[-20,49],[-28,20],[-45,73],[-144,138],[1,11],[-66,38],[-24,-2],[-89,43],[-20,33],[4,147],[-54,74],[-43,15],[-25,46],[-97,65],[-17,63],[-65,42],[-126,27],[-56,-33],[-70,3],[-45,21],[-46,61],[-8,-6],[-61,55],[-40,-8],[33,44],[-60,46],[-15,-22],[-66,39],[16,25],[-81,21],[-130,-3],[-1,-15],[-56,9],[-2,17],[-56,35],[-33,39],[-198,109],[-43,37],[-31,68],[33,35],[-107,99],[84,94],[89,-83],[80,89],[2,117],[-8,6],[-141,-14],[-9,31],[-65,28],[-27,-3],[-71,-44],[-61,1],[-44,-46],[-131,-17],[-68,21],[-61,-17],[-33,-22],[-95,-82],[-36,-43],[-30,8],[-183,-18],[-56,-27],[-29,-41],[7,-89],[30,-43],[67,-49],[42,4],[110,-29],[84,8],[44,-23],[27,-70],[59,-63],[79,-59],[85,-3],[65,-53],[28,-51],[19,-73],[0,-43],[-22,-79],[10,-37],[95,-133],[45,-51],[67,-95],[29,-75],[51,-41],[25,-38],[98,-38],[30,-47],[-15,-32],[-70,-57],[-115,-27],[-120,-45],[-97,-53],[-58,-9],[-38,31],[-16,-15],[-66,48],[-50,21],[-75,-34],[-58,-12],[-6,23],[-37,-31],[-32,13],[17,26],[-24,37],[-97,56],[-103,36],[-49,7],[-45,-25],[-39,1],[-32,-20],[2,27],[-58,3],[-16,62],[-44,10],[-34,-18],[-7,36],[-40,-4],[-116,29],[-67,7],[-82,-26],[-92,-59],[-62,-65],[-29,-47],[9,-39],[-33,-35],[24,-50],[-25,-14],[-22,24],[-20,-24],[-34,24],[-39,3],[-10,41],[-81,59],[-90,18],[-40,17],[-104,3],[-14,11],[-203,-6],[-107,-21],[-121,-58],[-66,-56],[2,-15],[-75,-37],[-18,-135],[-57,-113],[-72,-75],[-12,-40],[42,-35],[52,84],[39,35],[102,121],[115,57],[3,-7],[-114,-57],[-139,-161],[-55,-82],[18,-32],[33,-129],[-38,-42],[2,-79],[17,-46],[34,-30],[-13,-65],[-44,-32],[-26,-78],[3,-40],[-23,11],[-88,-34],[-51,-60],[-26,-80],[27,-53],[9,-64],[-71,-69],[-29,-95],[-40,-56],[-28,-122],[9,-37],[-20,-26],[-40,5],[-41,-18],[-53,-44],[-32,-56],[-4,-61],[19,-40],[-30,-170],[-3,-49],[14,-72],[2,-67],[18,-37],[-22,-81],[-29,-34],[-17,17],[-66,20],[-52,80],[11,76],[24,17],[21,68],[-15,56],[-35,40],[7,31],[-25,33],[10,42],[-36,94],[21,23],[10,47],[-7,102],[10,27],[-31,75],[-73,102],[-38,1],[4,80],[-102,92],[-62,24],[4,33],[-34,25],[-55,17],[-7,69],[33,39],[17,120],[-16,56],[-52,97],[-29,36],[-93,82],[-143,70],[8,13],[-41,53],[-70,71],[-19,61],[-32,58],[5,59],[-21,87],[-22,44],[25,2],[-17,66],[20,9],[-13,39],[-33,47],[-153,77],[93,-33],[48,-31],[45,61],[-3,41],[-25,-11],[-104,47],[6,15],[-42,20],[-7,-63],[-24,3],[21,57],[-174,99],[-130,20],[-57,1],[-133,-34],[-117,-138],[-25,-65],[-43,-46],[-98,-44],[-24,-27],[-45,-93],[19,-30],[-21,-72],[-23,-32],[17,-117],[21,-15],[7,-45],[-13,-71],[-46,-100],[-14,-53],[4,-62],[-12,-74],[-41,-57],[-29,-24],[-36,15],[-66,-8],[-13,26],[-34,13],[-132,15],[-6,10],[-95,-13],[-32,-28],[-136,-58],[-55,-16],[-39,-51],[-69,-32],[84,-108],[-43,47],[-142,-115],[16,-60],[70,-65],[94,123],[7,-8],[-90,-116],[-14,-66],[7,-73],[23,0],[-24,-100],[-28,-18],[-17,-54],[15,-29],[42,-19],[29,-50],[30,-30],[-110,-11],[-48,-17],[-89,-64],[-9,-29],[-31,3],[8,-63],[-52,-2],[-201,-148],[-33,-42],[4,-71],[33,-87],[14,-131],[30,-85],[-5,-35],[-71,-118],[-49,-66],[29,-30],[4,-47],[-42,19],[-25,-74],[-27,-13],[-38,-52],[-47,2],[-78,28],[-40,-10],[-64,-49],[-45,32],[-65,-7],[-46,13],[-73,0],[-117,-32],[-17,-41],[-99,-29],[16,31],[-48,15],[-186,11],[-47,-1],[-45,-37],[-105,-17],[-141,-111],[8,-64],[-55,-52],[-28,-10],[-113,-113],[-58,-35],[-34,-35],[-95,-30],[-61,-37],[-84,25],[-79,6],[-38,-14],[-152,-14],[-99,-14],[-56,-19],[-88,1],[-109,-62],[-3,-113],[-8,0],[2,110],[-51,-5],[-61,-39],[-24,-34],[37,-71],[-15,-40],[-40,-38],[-1,-29],[43,-42],[28,28],[43,-50],[17,13],[48,79],[8,-5],[-69,-101],[-43,-31],[-75,-29],[-15,-17],[-45,24],[-68,-29],[-30,-39],[-59,25],[-111,-30],[-164,-63],[-72,-48],[-34,-39],[-39,-94],[-36,-44],[-90,-187],[-12,-41],[-36,-27],[-25,-42],[-67,-7],[-31,-30],[-19,15],[-133,-66],[6,-67],[-15,-33],[-53,0],[-105,-42],[-43,-73],[-48,-17],[-106,-95],[-9,-78],[-25,-82],[-50,-71],[7,-46],[-43,-41],[-49,-9],[-22,-41],[-32,20],[-11,37],[-34,-10],[-31,-55],[-48,19],[-60,0],[-28,-12],[-7,-29],[-75,-35],[0,46],[-66,21],[-123,-19],[-99,21],[-79,-13],[-72,13],[-75,-20],[-57,16],[-81,-9],[-105,4],[-55,-47],[-15,17],[-88,18],[-47,-4],[-100,-24],[-25,-14],[-103,-6],[-15,12],[-129,-38],[-42,-51],[33,-84],[35,-13],[83,36],[77,-7],[-73,-3],[-87,-37],[-57,23],[-29,-13],[11,-30],[-61,-4],[-13,-23],[-30,14],[-93,-5],[11,-35],[-22,-21],[-10,24],[-50,22],[-96,-9],[-117,-41],[-64,-51],[-10,-44],[26,-12],[27,-78],[-45,27],[-40,-40],[-48,10],[-16,-20],[-51,-2],[-55,-31],[-53,-102],[-51,-18],[-29,-28],[-115,-16],[-75,-42],[-65,-18],[11,-53],[-26,-5],[-15,-35],[-25,21],[-39,-21],[5,-26],[-73,-72],[-32,22],[-74,-19],[-73,-40],[-30,-29],[-47,2],[-16,-40],[5,-33],[-22,-31],[11,-37],[-27,-38],[-26,3],[-10,-48],[-11,31],[-50,20],[-63,-33],[-126,17],[-132,-39],[-52,-24],[-11,-27],[-73,-19],[7,28],[-28,22],[-49,0],[-38,-28],[-89,12],[-42,-26],[-26,-41],[-49,13],[-51,-9],[-37,21],[-86,-13],[-55,15],[-74,-33],[-57,12],[-7,25],[-90,-34],[-38,-27],[-32,-3],[-37,-28],[-18,23],[-62,-8],[2,-16],[-52,-7],[34,-54],[72,10],[64,-5],[-2,-16],[-61,8],[-74,-10],[-26,44],[-225,-26],[-72,-14],[-115,-37],[-63,-43],[-63,-79],[-19,-100],[-46,-105],[-15,9],[-20,-38],[-32,4],[-139,-104],[-44,-10],[-50,-42],[-40,-17],[-137,-114],[-23,-40],[-7,-54],[-48,-115],[-54,-46],[-48,-25],[-38,-40],[-53,-94],[-103,-87],[-14,-33],[-49,-47],[-96,-70],[-23,11],[-96,-68],[-54,-30],[-37,-34],[-40,-95],[-27,-132],[-30,-28],[-14,-36],[-63,-45],[-76,-14],[-155,-76],[-61,-19],[-55,-59],[-54,-43],[-68,-82],[-59,-51],[-57,-32],[-107,-20],[-98,-57],[-37,-4],[-62,-36],[-100,-98],[-45,-67],[-45,-18],[-25,-45],[-61,-62],[-14,-51],[-63,-79],[-20,-123],[22,-5],[-6,-32],[91,-21],[19,79],[10,-2],[-20,-87],[-86,20],[-39,-94],[-11,-67],[7,-106],[-6,-22],[26,-40],[3,-35],[-30,-47],[-15,-49],[10,-72],[-45,-124],[-16,-191],[6,-122],[-7,-45],[10,-100],[-13,-55],[22,-69],[-23,-53],[48,-12],[-42,-15],[-2,-60],[23,-53],[42,-47],[0,-24],[-31,-43],[38,-16],[-13,-53],[29,-27],[-5,-47],[-25,-9],[-24,54],[-34,44],[-56,21],[-35,-4],[0,27],[-74,22],[-21,-14],[-45,28],[-39,51],[-78,56],[-73,39],[-47,11],[-95,-7],[-146,-32],[-38,-18],[-35,-40],[-21,-47],[-56,-39],[-48,-7],[-45,-31],[-63,-27],[-51,-63],[-48,-13],[-77,-96],[-43,-38],[-16,-39],[-23,-2],[-89,-51],[-74,-30],[-25,0],[-35,-28],[-63,-1],[-39,-19],[-89,-25],[-81,-60],[-50,-80],[-21,-72],[-45,-84],[-21,-75],[-19,-18],[-13,-81],[-30,24],[-21,-49],[-34,-20],[-17,-61],[-77,-47],[4,-28],[-30,-29],[19,-28],[-42,-15],[-6,-46],[-54,-18],[11,16],[-56,19],[-9,-12],[-62,49],[1,42],[-66,18],[-39,-4],[-24,33],[-81,44],[-101,33],[-67,10],[-77,-8],[-150,-37],[-60,-24],[-34,-38],[-64,-28],[-58,17],[-14,-39],[-33,55],[-95,2],[-124,-14],[-156,-10],[-113,-14],[-300,-57],[-153,-70],[-37,-59],[-30,5],[-69,-37],[-43,-64],[-35,-21],[7,39],[-42,16],[5,33],[-23,15],[-73,0],[-57,-18],[-81,-68],[-56,-28],[-35,9],[-105,72],[-39,121],[48,43],[6,96],[-33,31],[21,29],[-4,63],[-30,88],[-22,28],[25,93],[7,91],[-12,50],[-36,54],[7,67],[45,88],[39,29],[-7,43],[40,93],[37,27],[21,58],[25,13],[19,57],[59,26],[27,37],[54,13],[9,114],[6,-1],[-11,-122],[86,-36],[60,-73],[61,58],[20,-19],[-25,-17],[22,-33],[64,-9],[73,19],[31,52],[-14,28],[71,-40],[29,-54],[102,-29],[35,-85],[-13,-23],[23,-30],[37,-99],[64,-14],[50,18],[24,33],[-10,17],[18,72],[32,47],[-5,34],[35,34],[35,3],[5,-32],[97,-15],[35,-71],[45,18],[72,87],[-19,75],[-45,39],[-4,97],[-85,108],[-44,40],[-45,-41],[-80,10],[-36,-11],[7,-69],[-12,0],[-1,82],[-70,19],[-37,20],[0,32],[-29,42],[-27,10],[-11,74],[-31,68],[-6,37],[59,150],[69,47],[53,13],[30,32],[46,19],[63,40],[39,69],[6,61],[26,57],[15,-72],[65,-31],[3,36],[105,-9],[-1,-23],[72,-50],[27,6],[106,-63],[19,5],[74,89],[-50,58],[9,38],[-26,6],[17,82],[17,-4],[-18,119],[0,108],[-13,44],[-27,33],[31,93],[35,31],[7,62],[-18,90],[12,16],[-66,83],[22,-13],[42,-60],[52,25],[-31,92],[-10,1],[-59,97],[-100,102],[-34,-3],[-85,-86],[-26,26],[-68,-69],[-5,6],[67,69],[-107,108],[-114,-36],[35,-161],[5,-52],[-52,241],[-97,-21],[-50,-22],[8,-12],[-117,-74],[-22,-21],[-107,-59],[-93,11],[-70,-4],[-59,-21],[-32,-34],[-60,-3],[-42,-17],[-102,-6],[-40,-18],[-150,-8],[-87,-27],[-5,-19],[-46,-17],[-84,-6],[-149,28],[-67,-15],[-107,-42],[-130,-28],[-45,-18],[-108,39],[-60,4],[-89,-28],[-32,-71],[-78,-29],[-63,-36],[0,-30],[-56,-46],[-52,-24],[-52,-54],[-54,-38],[-34,-64],[-58,-71],[-27,-66],[-88,-77],[-77,-38],[-13,-25],[-24,18],[-80,-52],[-8,-39],[-53,51],[-92,-6],[9,-50],[-18,-66],[-30,-45],[-32,1],[14,29],[-62,29],[-54,-10],[-20,30],[-71,35],[-54,-5],[-59,-20],[-14,-17],[33,-14],[-1,-38],[-34,-29],[-42,7],[21,50],[-64,-36],[-53,1],[-22,29],[-91,-1],[-72,-24],[-43,-30],[-34,-55],[14,-41],[-17,-59],[28,-72],[-18,-59],[-50,35],[-34,-5],[-27,-42],[38,-49],[-59,-36],[28,-34],[-5,-21],[-28,33],[-38,-55],[-47,24],[-28,-29],[-61,-7],[25,-44],[48,-18],[30,-62],[-20,-32],[-25,12],[-1,-28],[-66,31],[18,6],[-23,54],[-47,-36],[-14,46],[30,25],[-44,19],[-15,40],[-89,41],[-76,16],[-161,10],[-132,-39],[-42,-24],[-88,-95],[-71,-102],[13,-52],[30,-14],[-5,-49],[-54,-17],[55,-18],[-30,-19],[-2,-36],[-37,10],[11,-32],[-56,-44],[-47,-24],[-70,13],[-5,-32],[-74,42],[-56,-18],[-8,-24],[-41,5],[-58,-23],[-75,-62],[9,-16],[-37,-58],[-37,-12],[6,-61],[18,-15],[-43,-12],[-12,-66],[-62,-51],[-71,1],[-12,-45],[-45,-22],[-29,28],[-36,-39],[-84,19],[-7,-12],[-55,51],[-62,-3],[-35,-34],[-65,-26],[-38,8],[-84,-70],[2,-45],[-57,-1],[-35,-22],[-4,-30],[24,-16],[-44,-14],[-83,20],[-24,-9],[13,-38],[-52,-6],[9,-112],[11,-28],[48,-30],[-12,-37],[77,-46],[29,-26],[-108,64],[5,43],[-44,28],[-17,30],[-15,176],[-59,-8],[-31,-18],[20,-24],[-30,-49],[-15,0],[-12,-122],[15,-3],[36,-76],[55,37],[9,-14],[-63,-43],[29,-76],[63,-20],[3,-14],[133,-110],[70,101],[26,182],[8,-1],[-19,-146],[-16,-58],[-46,-64],[14,-87],[53,-42],[30,-61],[35,-18],[-38,-1],[14,-55],[-9,-72],[56,-23],[-19,-17],[7,-66],[-51,-40],[-49,26],[-49,-25],[-29,44],[-50,-4],[-78,-99],[-56,19],[-51,-20],[-57,-50],[-28,13],[-58,-15],[-145,-65],[-50,-41],[-46,-91],[-51,-53],[-44,-31],[-15,-43],[-85,-42],[-25,-84],[-62,-82],[-23,19],[-24,-65],[-24,25],[6,23],[-31,15],[-236,-108],[-59,-19],[-164,-85],[-78,-23],[-85,-84],[-25,-36],[-66,-41],[-40,-45],[-6,-25],[17,-45],[-15,-20],[-34,1],[-73,-78],[-14,21],[-82,35],[-61,0],[-124,-53],[-65,-92],[-38,-26],[8,-30],[-46,4],[-48,-50],[-10,-58],[-40,-9],[43,-34],[-56,-10],[-16,-50],[-27,-17],[-61,-9],[-33,13],[-12,26],[28,25],[-45,1],[-39,28],[-44,-28],[-11,-26],[-32,9],[1,40],[-51,7],[-5,34],[-116,8],[-39,-14],[-40,-47],[43,-27],[-43,-21],[-3,37],[-53,-27],[-9,68],[-39,17],[-90,-18],[-32,-29],[20,-21],[-46,-37],[-18,-42],[-20,-3],[-1,-50],[15,-32],[-48,-20],[4,52],[-68,11],[-26,-10],[4,-26],[-55,-37],[-5,-28],[-49,34],[16,33],[-21,67],[-69,51],[-42,-68],[-25,32],[3,37],[-34,32],[18,5],[42,60],[45,10],[11,-31],[85,-62],[49,1],[52,67],[33,-18],[29,17],[-19,27],[9,57],[27,-13],[17,34],[44,31],[39,-27],[36,25],[37,77],[-19,5],[2,54],[-28,28],[23,14],[5,46],[110,-28],[41,3],[72,44],[19,40],[28,-16],[69,48],[13,37],[52,-26],[61,12],[91,-11],[22,45],[30,-34],[35,5],[133,70],[44,38],[128,137],[67,108],[38,121],[6,45],[-1,109],[-15,18],[-33,-11],[32,43],[28,-15],[55,37],[-9,18],[40,1],[15,20],[-12,83],[13,48],[-15,0],[-17,48],[58,19],[49,82],[49,37],[22,67],[41,19],[135,87],[36,-6],[64,-35],[45,28],[21,105],[134,118],[37,19],[17,57],[-6,43],[24,47],[-3,39],[35,13],[22,125],[21,19],[-15,57],[30,2],[10,101],[26,49],[32,26],[18,63],[42,28],[16,52],[41,12],[29,28],[71,24],[14,16],[25,-40],[88,-17],[46,4],[24,20],[59,-4],[4,21],[83,-6],[33,97],[49,27],[21,-11],[49,23],[83,80],[36,78],[22,72],[53,8],[33,31],[50,22],[29,58],[54,51],[-5,62],[-24,11],[-60,-60],[-6,6],[65,69],[53,-35],[77,71],[0,15],[72,42],[77,101],[13,97],[10,20],[39,-11],[4,27],[25,-6],[79,48],[27,-6],[48,25],[112,34],[5,13],[72,16],[-1,27],[45,14],[-2,23],[41,24],[58,7],[25,16],[36,73],[74,63],[12,31],[76,-4],[48,44],[-9,21],[43,19],[-1,23],[69,45],[76,96],[29,3],[-5,31],[137,-9],[15,-18],[43,-2],[49,58],[23,-13],[51,40],[77,96],[151,108],[55,-17],[58,21],[60,4],[64,32],[95,65],[36,43],[28,9],[39,42],[124,65],[45,17],[33,-15],[47,39],[47,21],[15,45],[27,25],[46,15],[-18,72],[42,53],[-32,-62],[11,-54],[77,5],[44,54],[32,23],[-10,54],[-51,-17],[-54,-59],[-7,6],[57,63],[50,21],[3,39],[-34,60],[16,51],[-35,50],[15,47],[37,39],[8,29],[49,14],[65,57],[45,77],[27,77],[-7,18],[69,37],[31,76],[-5,25],[50,37],[64,9],[31,38],[17,70],[-20,76],[4,31],[69,44],[6,46],[119,37],[5,20],[69,19],[24,45],[58,12],[4,42],[30,27],[31,56],[88,37],[45,31],[46,10],[47,41],[54,0],[48,-21],[41,-55],[21,12],[64,-62],[66,-2],[37,38],[-5,23],[25,39],[51,5],[5,42],[58,27],[83,73],[42,85],[15,54],[5,76],[59,6],[7,49],[68,7],[5,45],[31,13],[14,-48],[41,-5],[47,38],[73,4],[32,12],[14,-19],[138,8],[55,21],[38,39],[30,79],[62,31],[56,62],[50,22],[37,61],[69,18],[17,14],[39,-21],[41,2],[36,21],[46,51],[45,105],[10,47],[27,32],[49,100],[78,67],[77,33],[44,61],[-1,46],[-24,39],[35,34],[4,72],[-31,11],[41,15],[-21,32],[49,29],[57,16],[151,-43],[30,30],[16,71],[-51,34],[14,38],[59,35],[33,1],[29,61],[-8,36],[76,54],[11,21],[41,6],[22,-44],[-2,-70],[49,-21],[59,-7],[102,60],[25,98],[28,20],[25,60],[7,62],[-11,16],[22,41],[62,28],[134,21],[36,27],[61,4],[30,-26],[57,-12],[16,-67],[-26,-46],[-3,-66],[27,-51],[47,22],[17,-13],[-6,-49],[43,-15],[-21,-24],[20,-76],[35,0],[45,-27],[22,4],[23,-35],[135,-3],[45,-87],[-48,-53],[-1,-38],[31,-59],[2,-32],[41,-74],[11,-99],[35,-41],[-96,-60],[-44,-16],[-29,-32],[-1,-54],[28,-46],[-23,-21],[27,-86],[-10,-132],[17,-26],[-27,-57],[2,-90],[9,-43],[37,-34],[36,-5],[-10,-21],[29,-43],[76,-37],[174,15],[22,-22],[5,-155],[22,-35],[71,-9],[60,-22],[10,13],[173,-78],[36,39],[-10,17],[40,43],[-48,41],[-80,110],[-13,-24],[-77,-72],[-5,5],[78,72],[37,53],[46,89],[120,60],[50,74],[15,46],[-21,51],[-18,-11],[-47,32],[-10,42],[26,63],[87,15],[-1,53],[-26,108],[-39,13],[25,57],[-25,107],[-31,22],[36,19],[12,41],[-34,33],[20,23],[60,-9],[-13,43],[31,54],[31,26],[13,57],[-3,65],[-23,51],[-21,6],[-22,54],[35,50],[-6,88],[4,69],[-14,17],[5,45],[-21,29],[8,63],[73,97],[56,30],[8,82],[57,9],[64,-16],[29,-22],[21,-58],[43,-14],[9,-49],[53,-43],[56,43],[31,-6],[5,-41],[23,-53],[27,-1],[28,54],[64,-14],[19,-21],[-15,-36],[17,-71],[60,-53],[75,-7],[28,-89],[122,-63],[66,-51],[4,-39],[44,-72],[-12,-45],[4,-106],[40,-58],[3,-67],[37,-64],[-3,-33],[23,-113],[50,-83],[54,-26],[91,-1],[32,17],[26,-9],[-10,-63],[42,-3],[43,26],[16,-71],[48,-50],[15,-112],[22,-52],[28,-12],[113,-6],[46,41],[-32,-48],[27,-28],[93,32],[13,25],[-2,71],[33,46],[60,27],[34,54],[38,12],[8,39],[34,37],[43,13],[27,57],[42,55],[2,26],[35,26],[166,12],[91,-5],[41,14],[74,-13],[47,6],[72,-23],[51,36],[84,90],[-1,47],[21,45],[8,73],[-69,109],[31,36],[-4,82],[32,22],[8,34],[72,97],[69,21],[53,31],[44,57],[30,72],[-5,48],[-50,74],[-52,31],[-61,59],[-9,62],[-34,57],[-69,69],[-46,17],[0,20],[-80,109],[-28,7],[-3,27],[-47,49],[-60,19],[-57,34],[-53,75],[-132,112],[-77,8],[-117,-5],[-54,31],[-1,78],[-50,61],[-46,-5],[-24,19],[-37,66],[-17,51],[-41,34],[-92,1],[-87,33],[-32,45],[-137,70],[-98,21],[-60,50],[-21,-25],[-23,52],[-61,34],[-115,79],[-31,-1],[-37,36],[-50,27],[15,63],[-25,32],[14,17],[0,57],[18,46],[33,26],[6,34],[65,1],[53,22],[31,33],[-6,23],[33,-8],[33,32],[-26,26],[6,31],[127,-5],[43,57],[49,0],[13,-27],[52,-14],[38,32],[33,9],[51,36],[17,30],[65,22],[65,32],[-1,112],[20,53],[7,65],[21,26],[39,5],[2,-44],[18,-12],[3,-41],[51,-61],[41,-78],[2,-48],[38,-31],[6,-41],[43,-30],[35,-90],[117,-167],[68,-58],[35,-47],[27,-75],[64,-100],[125,-56],[-74,27],[-31,-49],[56,-78],[44,-43],[42,6],[7,-19],[75,-14],[24,10],[56,75],[12,-25],[42,-29],[-7,-65],[31,-45],[36,-20],[21,-36],[50,-47],[36,-55],[13,-44],[93,-74],[69,-36],[77,-16],[35,-30],[112,11],[34,-14],[77,6],[53,55],[58,30],[25,36],[62,15],[10,39],[49,32],[33,54],[-32,89],[9,25],[-32,45],[-52,-35],[-13,23],[-23,-32],[32,97],[-18,42],[3,126],[29,47],[-10,56],[-27,30],[-6,55],[13,41],[35,35],[5,36],[48,93],[-59,111],[-60,58],[-22,37],[-4,82],[-16,50],[20,-15],[24,35],[-23,102],[-30,44],[-3,47],[-40,75],[-74,92],[-17,54],[-9,73],[-25,61],[10,16],[-79,90],[-19,52],[-2,73],[-37,33],[15,16],[34,-19],[24,46],[54,63],[65,13],[33,54],[64,14],[54,-6],[59,14],[32,29],[47,11],[30,-17],[18,25],[50,-1],[27,-44],[43,-29],[87,-21],[34,18],[-9,36],[24,11],[-12,73],[-16,33],[56,24],[3,22],[42,25],[11,25],[42,5],[54,-37],[118,-20],[90,-63],[43,-63],[44,-40],[51,-18],[16,-61],[36,-32],[-7,-35],[32,-35],[66,1],[39,-37],[124,-30],[14,-61],[57,-10],[27,60],[44,-26],[26,-43],[62,12],[46,-34],[25,-47],[67,-8],[12,-47],[76,-48],[22,-34],[78,-19],[65,15],[16,36],[22,-8],[170,85],[24,28],[42,85],[30,92],[-78,77],[3,17],[-67,140],[-12,53],[-47,86],[-35,33],[-54,13],[-12,37],[-2,69],[-18,10],[-14,143],[17,51],[0,74],[30,99],[38,53],[55,119],[57,30],[3,19],[51,11],[29,29],[74,33],[46,2],[60,32],[41,41],[66,-6],[47,-52],[9,-88],[45,-22],[30,-58],[30,-32],[44,-103],[46,-66],[38,-38],[8,-33],[54,-65],[107,-82],[76,-75],[53,-78],[103,-67],[51,-7],[46,-29],[53,-97],[39,-85],[37,-6],[23,-53],[45,-45],[60,-24],[40,19],[91,-17],[91,-37],[38,-32],[67,-24],[-15,-14],[27,-49],[38,30],[44,1],[66,34],[20,54],[-11,22],[28,53],[35,31],[-3,61],[75,80],[32,7],[38,-35],[99,-30],[56,-55],[142,-55],[75,-71],[117,-33],[45,-48],[53,-8],[20,-18],[95,39],[92,88],[10,36],[-25,59],[15,37],[-5,43],[-58,81],[21,27],[2,43],[19,43],[-28,109],[-45,24],[-27,-7],[-9,-85],[-1,93],[-28,3],[-41,36],[-40,70],[23,57],[-32,43],[98,54],[-24,30],[-8,62],[66,45],[64,99],[43,100],[21,95],[-10,68],[-21,22],[-6,83],[-30,45],[-7,140],[27,42],[55,3],[29,25],[62,-17],[58,2],[85,16],[108,71],[49,65],[42,32],[15,54],[49,60],[34,23],[35,-28],[26,15],[34,-50],[28,6],[5,-24],[41,-35],[76,-44],[120,-43],[7,-38],[22,-18],[194,-21],[53,18],[59,-7],[21,13],[18,54],[37,44],[44,93],[-13,66],[3,57],[-74,88],[-26,13],[0,53],[51,22],[-13,54],[20,20],[90,43],[8,15],[67,19],[107,-5],[42,27],[33,-41],[44,7],[27,-16],[60,6],[130,-5],[57,-24],[40,-51],[41,-79],[55,-170],[53,-122],[22,-119],[24,-46],[59,-24],[64,-85],[-5,-5],[-64,83],[-65,28],[-55,-20],[-135,26],[-55,3],[-43,20],[-20,30],[68,50],[98,28],[-1,27],[-35,73],[-57,-37],[-82,-97],[-99,-60],[-81,-98],[-71,-52],[-17,-61],[9,-44],[25,-32],[94,-39],[45,-44],[-10,-11],[76,-52],[70,-23],[49,16],[-6,32],[60,20],[18,-56],[60,10],[71,26],[1,31],[103,29],[6,-16],[52,20],[52,-48],[83,-40],[43,-42],[94,-129],[17,-89],[1,-64],[-40,-125],[-2,-49],[40,-77],[20,-21],[112,-38],[180,-5],[58,-73],[81,-18],[62,-42],[99,2],[91,48],[50,52],[48,76],[23,124],[-29,69],[-37,11],[-12,-45],[-40,8],[-36,48],[1,74],[49,32],[52,9],[21,-13],[53,35],[12,42],[-17,36],[42,6],[24,-16],[74,46],[81,100],[32,74],[-12,58],[4,94],[23,12],[9,38],[-19,22],[-71,-59],[31,43],[0,29],[-51,83],[7,135],[-27,36],[29,7],[12,49],[46,115],[14,90],[5,116],[-8,103],[55,157],[8,95],[-36,78],[-27,34],[-78,65],[-73,49],[-125,55],[-1,30],[-81,50],[-17,36],[-71,29],[-45,74],[-95,56],[-24,25],[-6,114],[30,18],[84,-12],[72,-20],[77,30],[27,-56],[45,15],[34,60],[52,2],[47,29],[77,11],[45,-20],[54,9],[43,-59],[69,-28],[81,33],[-51,-35],[12,-54],[104,24],[-11,27],[52,21],[30,109],[-77,-6],[59,16],[57,-14],[16,49],[33,30],[41,138],[79,10],[31,72],[49,31],[19,-17],[50,26],[55,-20],[13,-61],[48,-14],[28,-39],[-24,-26],[30,-53],[15,-90],[54,-43],[91,-24],[-25,-14],[-23,-47],[18,-29],[50,-25],[35,39],[73,-7],[9,-69],[86,43],[48,105],[49,19],[48,32],[42,54],[2,44],[-24,73],[28,34],[-27,41],[4,46],[-21,13],[33,52],[58,123],[-1,102],[87,14],[-18,36],[27,25],[30,-14],[27,91],[-7,28],[38,-3],[11,-31],[25,1],[-5,-74],[19,-4],[52,-72],[-16,-40],[37,-44],[37,30],[29,10],[57,-19],[-75,11],[-20,-37],[48,-59],[112,26],[97,67],[-13,93],[-116,-22],[59,21],[216,27],[53,43],[43,55],[19,43],[-13,102],[-54,42],[40,17],[13,109],[32,-33],[27,0],[89,54],[36,-1],[39,-25],[24,5],[41,36],[69,172],[71,25],[80,66],[8,32],[64,29],[4,43],[28,-7],[55,22],[14,25],[65,-44],[52,1],[71,23],[53,4],[74,-17],[107,5],[103,17],[58,-24],[-4,-26],[24,-25],[11,24],[32,-13],[13,24],[121,-66],[-10,-23],[71,-30],[95,59],[27,45],[98,41],[10,406],[-22,-4],[-68,45],[28,25],[-16,38],[65,27],[7,27],[45,2],[28,90],[16,-56],[177,9],[526,88],[29,-109],[57,50],[32,-4],[18,22],[-1,43],[47,5],[79,-37],[77,31],[22,48],[71,80],[43,78],[44,19],[34,37],[48,89],[5,37],[-9,73],[-27,8],[-7,64],[64,30],[7,54],[-30,45],[30,10],[44,-34],[109,-26],[93,22],[59,-19],[38,-28],[43,2],[31,-17],[88,5],[45,40],[12,46],[-20,39],[92,56],[13,40],[-22,29],[-12,47],[-22,16],[63,42],[75,4],[39,33],[8,55],[121,52],[33,21],[73,15],[47,61],[141,72],[42,6],[113,1],[59,-18],[25,-42],[75,-28],[28,15],[18,-20],[11,-70],[86,-20],[74,8],[45,64],[37,26],[32,-4],[61,47],[28,4],[13,35],[-7,86],[-49,19],[-12,77],[82,119],[29,63],[84,45],[59,-6],[68,27],[73,5],[92,37],[58,-14],[36,36],[119,67],[87,93],[62,25],[131,29],[115,0],[71,30],[42,39],[51,78],[-22,32],[23,35],[64,31],[1,66],[55,37],[47,84],[2,34],[-21,7],[23,67],[58,31],[56,-1],[23,38],[-19,28],[16,38]],[[32348,66496],[47,-36],[41,-9],[85,24],[45,77],[33,14],[32,44],[57,30],[133,24],[37,-8],[-1,-63],[-34,-64],[-30,-80],[-3,-121],[12,-38],[-9,-42],[8,-70],[-99,-105],[-11,31],[-74,-23],[2,-22],[-50,-58],[-40,-3],[-20,-22],[-48,-1],[-15,-59],[-39,25],[5,49],[-54,15],[10,24],[-48,17],[-31,-6],[-6,-48],[-83,33],[19,-45],[-39,10],[-119,-33],[-33,31],[9,29],[-43,23],[-24,39],[-9,103],[36,-3],[-8,64],[18,-7],[32,28],[-7,24],[33,36],[-7,104],[24,30],[27,4],[49,47],[35,52],[62,34],[23,-34],[39,-17],[31,-48]],[[33892,66404],[-42,9],[-19,-66],[-99,-11],[-29,13],[-1,30],[37,81],[33,11],[33,-57],[85,58],[33,-38],[-31,-30]],[[8675,55255],[-41,-36],[-51,24],[39,45],[23,3],[30,-36]],[[6731,57380],[-23,-10],[-24,25],[24,60],[23,-11],[24,-60],[-24,-4]],[[13235,56616],[9,37],[36,-30],[-9,-40],[-36,33]],[[4959,56488],[7,20],[55,38],[10,-18],[-32,-15],[25,-19],[-20,-16],[-45,10]],[[8763,55328],[23,24],[55,-2],[-10,-24],[-58,-12],[-10,14]],[[27330,67212],[-43,11],[26,12],[-32,20],[36,3],[13,-46]],[[3550,54805],[-24,-43],[-30,10],[18,32],[36,1]],[[1378,53388],[-2,11],[53,51],[-4,-45],[-28,5],[-19,-22]],[[5693,56956],[-34,22],[34,16],[0,-38]],[[11349,55414],[23,17],[1,-53],[-17,-6],[-7,42]],[[33646,66392],[22,-3],[3,-38],[-27,15],[2,26]],[[8830,55266],[20,28],[21,-29],[-41,1]],[[25587,68496],[-119,-9],[103,18],[16,-9]],[[29225,66304],[-19,30],[16,20],[23,-40],[-20,-10]],[[26674,69581],[22,10],[-7,-41],[-15,31]],[[1387,53449],[15,32],[3,-44],[-18,12]],[[16048,60671],[-29,15],[21,29],[8,-44]],[[24621,68473],[-26,-91],[-10,3],[26,91],[10,-3]],[[25903,65224],[31,30],[-11,-36],[-20,6]],[[27289,67194],[16,-44],[-25,7],[9,37]],[[29456,65970],[9,30],[17,-25],[-26,-5]],[[21851,62932],[31,6],[-35,-42],[4,36]],[[11222,61364],[10,21],[23,-40],[-33,19]],[[125,53061],[42,23],[-19,-28],[-23,5]],[[18221,61460],[26,-37],[-29,1],[3,36]],[[8605,55619],[14,18],[16,-28],[-30,10]],[[5647,56984],[-40,16],[33,7],[7,-23]],[[13578,56735],[-9,36],[27,-6],[-18,-30]],[[13596,56637],[-14,-13],[-11,41],[25,-28]],[[25962,65320],[42,10],[-21,-22],[-21,12]],[[62421,38166],[67,48],[86,39],[70,57],[112,48],[58,35],[234,158],[29,68],[51,72],[52,139],[26,43],[50,126],[87,144],[68,40],[47,38],[48,57],[107,91],[47,12],[72,-6],[61,26],[135,171],[47,51],[81,15],[36,25],[88,27],[34,88],[61,42],[107,52],[9,50],[55,27],[40,217],[54,106],[8,121],[-19,24],[-46,22],[-67,53],[-30,69],[22,65],[-13,75],[6,21],[-1,256],[28,65],[13,75],[113,26],[67,46],[48,83],[88,42],[75,76],[70,42],[109,74],[228,72],[62,-16],[67,16],[30,34],[35,0],[16,-39],[41,-26],[140,-38],[54,13],[68,-43],[37,9],[61,57],[81,30],[33,33],[56,106],[84,11],[87,34],[62,-27],[52,-9],[28,11],[62,88],[40,9],[64,36],[84,16],[53,-5],[17,-19],[-6,-36],[49,-80],[25,0],[41,67],[64,1],[3,-27],[-34,-57],[-20,-85],[30,-60],[33,-4],[38,47],[73,48],[61,77],[19,4],[68,-33],[46,15],[17,119],[70,78],[32,14],[63,6],[58,-7],[9,-55],[55,-118],[14,-81],[77,-75],[80,-30],[91,-53],[-4,-61],[12,-32],[168,55],[73,15],[100,-8],[62,7],[45,27],[74,118],[21,93],[0,191],[-8,74],[-18,52],[63,-5],[100,-58],[52,-51],[136,-98],[19,-42],[6,-76],[11,-19],[71,-10],[117,1],[185,-42],[137,-44],[69,18],[70,-36],[43,10],[6,30],[-25,92],[-4,53],[27,64],[31,40],[80,40],[64,70],[29,87],[12,129],[21,112],[47,80],[48,56],[28,119],[51,46],[17,63],[-4,135],[38,44],[61,26],[31,45],[55,46],[58,23],[85,61],[64,28],[62,55],[51,63],[35,69],[137,167],[79,73],[16,109],[38,69],[59,16],[27,-17],[90,-26],[110,4],[100,-15],[41,-39],[26,-6],[86,-108],[81,-49],[45,-44],[28,-11],[98,33],[65,-5],[71,-48],[46,-3],[106,42],[131,-9],[78,40],[46,87],[8,37],[67,47],[76,38],[154,39],[96,6],[23,22],[88,146],[60,114],[62,67],[68,57],[21,46],[7,56],[22,52],[29,114],[61,107],[41,41],[107,45],[81,28],[24,66],[50,103],[89,120],[68,63],[32,52],[7,50],[23,51],[61,103],[76,210],[18,89],[-2,50],[42,-20],[92,4],[88,-31],[60,7],[40,-31],[49,-92],[52,-47],[92,-15],[61,-34],[87,-20],[59,-44],[25,-44],[-26,-79],[-2,-104],[31,-134],[26,-60],[41,-60],[30,-65],[105,-86],[52,-53],[82,-118],[96,-69],[61,-20],[127,-10],[64,9]],[[74836,44353],[48,-84],[3,-36],[-18,-104],[15,-104],[-5,-118],[-23,-71],[-44,-40],[-76,-66],[-56,-97],[-60,-119],[-127,-136],[-48,-95],[-40,-57],[-49,-42],[-108,-45],[-82,-16],[-58,-32],[-22,-51],[-12,-132],[-41,-113],[-86,-175],[-20,-68],[4,-83],[-5,-144],[18,-57],[49,-107],[-34,-118],[-44,-116],[-56,-102],[-77,-82],[-164,-101],[-38,-62],[-24,-90],[-53,-62],[-77,-14],[-56,-52],[-4,-25],[11,-223],[13,-66],[85,-95],[68,-90],[23,-47],[12,-64],[-6,-56],[8,-47],[74,-132],[15,-85],[2,-102],[-20,-69],[-30,-61],[-9,-50],[-3,-113],[15,-175],[-88,-94],[-37,-63],[-21,-14],[-126,-37],[-62,-30],[-3,-53],[12,-91],[-20,-90],[-3,-141],[24,-61],[-37,-175],[19,-47],[64,-68],[70,-4],[54,-25],[31,-48],[28,-108],[-2,-57],[-38,-79],[-50,-60],[-5,-32],[36,-39],[22,-80],[25,-24],[-47,-116],[-5,-88],[20,-124],[50,-68],[35,-177],[11,-26],[74,-123],[99,-73],[-55,-117],[-1,-37],[23,-94],[-1,-35],[-23,-18],[-138,-47],[-200,15],[-126,-71],[-69,-66],[-75,-86],[-106,-39],[-25,7],[-115,90],[-37,12],[-65,1],[-80,-33],[-113,-36],[-123,-28],[-63,-39],[-56,-70],[-63,-24],[-83,-64],[-73,-25],[-88,-10],[-12,41],[-92,-4],[-33,15],[-140,9],[-98,-21],[-58,40],[-87,-4],[-76,-22],[-67,2],[-16,69],[-38,31],[-76,20],[-105,66],[-104,-52],[-80,27],[-67,-61],[-86,-33],[-72,-84],[-82,-3],[-28,-22],[-19,-56],[-31,-12],[-100,1],[-54,59],[-35,-20],[-30,-147],[-46,-112],[14,-62],[-83,-204],[-70,-106],[68,-128],[25,-59],[7,-54],[-19,-156],[11,-34],[55,-3],[103,-69],[31,-58],[23,-87],[34,-60],[-242,-162],[-72,-28],[-12,-75],[-88,-78],[-40,-54],[-8,-55],[10,-57],[-10,-66],[-17,-46],[-1,-42],[33,-116],[53,-102],[-6,-44],[-88,-60],[-51,-5],[-80,-30],[-82,-86],[-65,-94],[-46,-81],[-74,-94],[-82,-120],[-29,-54],[-32,-101],[2,-72],[20,-53],[-17,-59],[-161,-147],[-72,-101],[-36,-111],[-3,-60],[-38,-48],[-26,-13],[-47,-50],[-46,-34],[-73,-34],[-29,-61],[-47,-23],[-84,-3],[-159,-95],[-74,-35],[-73,-12],[-69,45],[-100,-49],[-30,-61],[-22,-126],[18,-127],[-19,-56],[-48,-75],[-30,-98],[-13,-74],[-63,-90],[3,-50],[-25,-46],[-98,-47],[-71,-55],[-101,-166],[-16,-75],[28,-21],[-27,-19],[-219,-60],[-17,-25],[-64,-157],[-54,-155],[-42,-50],[-95,-42],[-86,-23],[-29,-27],[-68,-118],[-42,-34],[-80,-23],[-57,-26],[-136,-86],[-154,-120],[-72,-7],[-66,-42],[-125,-134],[-58,-19],[-46,-32],[-64,-164],[-41,-70],[-55,-38],[-34,-35],[-71,-134],[-7,-116],[-55,-150],[14,-45],[45,-69],[31,-95],[1,-61],[-31,-47],[-58,-23],[-48,-6],[-83,11],[-84,-17],[-38,-30],[-40,-53],[-94,-64],[-50,-6],[-56,-25],[-74,-49],[-144,-20],[-95,-36],[-66,35],[-22,33],[-6,87],[-44,53],[-76,128],[-117,161],[-49,116],[-27,31],[-38,106],[-85,164],[-45,68],[-56,103],[-130,106],[-81,82],[-139,184],[-100,105],[-83,43],[-56,61],[-68,91],[-21,98],[-41,12],[-104,-17],[-121,14],[-98,33],[-94,20],[-80,34],[-109,110],[-72,54],[-118,63],[-222,94],[-136,206],[-24,59],[5,123],[-15,43],[-54,73],[-32,88],[-7,56],[-62,80],[-108,99],[-28,52],[-69,87],[-72,48],[-69,86],[-67,69],[-86,48],[-30,25],[-21,51],[-110,90],[-43,48],[-56,37],[-115,25],[-86,47],[-29,29],[-58,119],[-59,102],[-46,103],[0,91],[-41,41],[-96,23],[-74,37],[-38,52],[-28,10],[-71,-15],[-47,9],[-70,-13],[-119,-8],[-76,5],[-65,29],[-83,74],[-47,74],[-32,83],[-64,103],[-49,61],[-35,85],[-80,46],[-87,83],[-23,66],[8,76],[23,84],[10,72],[33,36],[74,44],[70,62],[32,48],[12,40],[11,110],[0,103],[-15,18]],[[81204,58421],[38,-56],[55,-63],[32,-69],[20,-84],[44,-50],[19,-59],[79,-140],[47,-132],[15,-220],[-19,-222],[12,-78],[99,-241],[16,-65],[28,-61],[97,-121],[24,-74],[-17,-65],[-3,-53],[47,-73],[1,-191],[15,-63],[3,-68],[22,-46],[60,-56],[59,-39],[137,-18],[229,-8],[19,6],[99,74],[47,-1],[82,-41],[117,-47],[67,14],[49,-8],[18,-19],[25,-64],[83,-28],[64,-62],[47,-105],[162,-120],[40,-3],[131,19],[54,-12],[61,-36],[130,-92],[89,-41],[245,-3],[110,9],[73,-28],[36,-65],[109,-173],[35,-32],[136,-152],[74,-41],[119,-27],[77,-44],[27,-28],[32,-105],[24,-50],[13,-55],[-2,-55],[30,-60],[90,-61],[75,-63],[68,-78],[23,-52],[-14,-105],[66,-146],[39,-97],[88,-50],[46,-35],[74,-91],[24,-81],[20,-23],[23,-74],[53,-59],[68,-43],[36,-36],[71,-127],[48,-53],[23,-56],[3,-46],[-25,-49],[2,-27],[59,-137],[8,-71],[167,-275],[8,-44],[-21,-73],[-51,-30],[-30,-32],[-14,-85],[31,-189],[33,-71],[15,-110],[32,-79],[34,-40],[22,-59],[-15,-105],[-154,-329],[-127,-179],[-69,-55],[-50,-54],[-21,-44],[62,-132],[22,-88],[21,-48],[57,-176],[-21,-196],[-116,-148],[-50,-99],[11,-112],[-1,-54],[-28,-78],[-83,-112],[-52,-36],[-91,-118],[-66,-48],[-81,-10],[-70,13],[-79,-16],[-81,-48],[-109,-83],[-172,-147],[-102,-56],[-189,-130],[-90,-67],[-48,-25],[-64,6],[-189,-25],[-76,-58],[-33,-38],[-38,-24],[-67,27],[-41,0],[-224,-73],[-144,-36],[-79,-38],[-28,-2],[-61,26],[-83,-17],[-80,0],[-22,-46],[-9,-69],[-48,-97],[-41,-36],[-114,-75],[-126,-128],[-110,-69],[-74,-23],[-35,-28],[-156,-162],[-84,-59],[-90,-39],[-82,-115],[-66,-62],[-243,-258],[-84,-14],[-42,-83],[-41,-32],[-93,-30],[-108,-16],[-50,36],[-22,-11],[-36,15],[-45,-8],[-35,-61],[-45,-36],[-49,-22],[-50,-3],[-38,-22],[-104,-155],[-56,-67],[-157,-30],[-84,-54],[-32,-6],[-75,14],[-41,-6],[-64,-51],[-177,-27],[-139,-9],[-64,-38],[-64,-10],[-85,11],[-63,22],[-35,28],[-45,90],[-42,39],[-51,12],[-28,-11],[-59,-100],[-131,-63],[-55,-70],[-76,-65],[-22,-41],[-32,-96],[-30,-31],[-67,-4],[-83,-25],[-53,-40],[-69,-94],[-113,-59],[-75,-31],[-130,-31],[-49,17],[-35,-4],[-121,-97],[-21,0],[-68,51],[-79,29],[-80,17],[-64,48],[-84,-2],[-264,43],[-60,-10],[-118,-77],[-76,-74],[-15,-31],[-4,-139],[-20,-38],[-177,-77],[-63,-19],[-64,0],[-109,39],[-31,0],[-138,-58],[-39,-36],[-39,-15],[-135,-108],[-95,-39],[-123,-34],[-45,-21],[-106,-105],[-94,-72],[-97,-54],[-90,-31],[-63,-5],[-43,-15],[-126,-86],[-123,-18],[-178,71],[-91,8],[-46,-30],[-105,-119],[-29,-60],[-15,-67],[-68,-111],[-122,-121],[-44,-87],[-6,-88],[-25,-54],[-65,-23],[-17,-20],[-1,-53],[-35,-73]],[[62327,19976],[74,-115],[49,-50],[31,-16],[129,-1],[45,-18],[57,-85],[15,-43],[63,-113],[67,-63],[100,-138],[19,-18],[120,-154],[18,-74],[36,-81],[43,-18],[75,-52],[121,-146],[71,-52],[131,-26],[45,-32],[65,-91],[79,-101],[54,-83],[38,-117],[62,-100],[28,-115],[80,-63],[38,-10],[45,-45],[20,-95],[51,-55],[91,-43],[26,-34],[16,-60],[6,-120],[14,-82],[-30,-54],[-19,-115],[46,-125],[-9,-40],[-34,-47],[16,-48],[-12,-162],[35,-40],[14,-71],[-23,-133],[-66,-63],[2,-94],[-36,-43],[-10,-33],[13,-141],[-20,-43],[-72,-55],[-15,-112],[-29,-46],[-49,-51],[-13,-34],[73,-1],[43,-25],[6,-50],[-12,-33],[-50,-77],[-13,-96],[13,-105],[1,-66],[-31,-169],[6,-37],[47,-101],[96,-55],[65,-59],[30,-42],[38,-76],[12,-72],[-15,-93],[-35,-34],[-78,-42],[-39,-49],[-11,-37],[7,-47],[63,-88],[52,-24],[51,24],[31,-8],[93,-61],[28,-44],[66,-158],[25,-94],[22,-37],[84,-79],[80,-54],[43,-47],[32,-60],[14,-48],[16,-111],[59,-199],[21,-89],[30,-52],[130,-152],[21,-45],[-19,-81],[-34,-40],[-113,-90],[-189,-102],[-107,-63],[-62,-59],[-11,-56],[9,-38],[31,-57],[77,-78],[43,-76],[60,-135],[48,-126],[7,-176],[-9,-120],[5,-76],[41,-72],[52,-67],[26,-50],[0,-32],[-82,-149],[-14,-49],[32,-25],[157,11],[37,-5],[30,-29],[3,-112],[10,-54],[33,-90],[6,-55],[-15,-77],[-80,-122],[3,-64],[44,-62],[8,-67],[24,-39],[53,-22],[145,-10],[89,16],[47,-11],[1,-62],[50,-98],[9,-73],[-50,-114],[-111,-181],[-7,-66],[-99,-47],[-39,-37],[-121,-139],[-56,-37],[-30,-41],[7,-65],[51,-203],[12,-113],[-45,-173],[-14,-14],[-64,19],[-91,76],[-104,57],[-87,73],[-38,24],[-57,-28],[-61,-87],[19,-52],[143,-24],[47,-14],[17,-25],[-1,-57],[-16,-50],[-5,-64],[-36,-105],[14,-144],[-55,-19],[-65,-108],[-8,-53],[13,-20],[10,-84],[22,-83],[-10,-58],[32,-31],[-5,-58],[55,-61],[-8,-79],[33,-23],[5,-48],[21,-25],[9,-74],[39,-43],[7,-60],[43,-151],[7,-77],[-21,-53],[-4,-47],[-23,-94],[-60,-124],[-117,-80],[-90,-33],[-57,-84],[-44,-41],[-74,-36],[-115,-175],[-42,-17],[-33,13],[-46,59],[-88,38],[-40,64],[-88,-62],[-2,-66],[-42,-17],[-110,-4],[-65,-37],[-74,-15],[-16,-39],[-56,7],[-54,53],[-28,7],[-59,-44],[-39,17],[-43,37],[-54,9],[-76,-77],[-83,-10],[-77,-56],[-133,63],[-46,-4],[-59,-30],[-102,-16],[-51,22],[-71,45],[-22,4],[-26,-38],[-14,-65],[-54,-45],[14,-62],[-23,-40],[-30,-21],[-59,-2],[-268,83],[-60,13],[-47,-12],[-49,-45],[-78,-24],[-33,-47],[-63,-47],[-2,-34],[51,-135],[36,-76],[51,-67],[0,-57],[26,-41],[76,-47],[25,-52],[13,-55],[9,-98],[16,-51],[64,-116],[13,-57],[-16,-68],[12,-81],[-35,-55],[-15,-93],[-29,-109],[0,-75],[-43,-93],[69,-164],[-27,-30],[-18,27],[-37,-7],[-14,50],[-37,34],[-83,59],[-108,58],[-72,54],[-42,11],[-97,-32],[-67,-66],[-88,25],[-54,31],[30,30],[-13,28],[-97,35],[-47,-9],[-67,-32],[-29,24],[-88,-6],[-77,-29],[-50,-34],[-39,6],[-28,-37],[-44,-34],[-63,-32],[-21,20],[-113,-72],[-4,21],[-45,-6],[-38,-23],[-60,-2],[-23,-57],[-47,20],[-53,-24],[-43,5],[-44,-12],[-52,-34],[-13,-22],[-59,13],[-68,-40],[-27,13],[-77,-30],[-59,-5],[-61,-40],[-1,65],[-57,11],[-90,-97],[-26,0],[-66,-32],[-29,29],[-38,-18],[-14,27],[-77,0],[-35,-9],[-46,-74],[-46,-14],[-13,-66],[-64,-65],[-40,25],[-14,-45],[-105,-69],[-62,89],[-98,-5],[-21,-50],[-67,-76],[-62,-24],[-52,-54],[-8,14],[-107,-47],[-84,-55],[-55,7],[8,35],[-66,-48],[-32,-12],[-70,15],[-48,-5],[-16,29],[-32,12],[-87,-22],[-24,-92],[-32,-48],[29,-13],[-84,-41],[-80,7],[7,-32],[-15,-52],[-36,-38],[-66,-9],[-40,16],[-48,-29],[-57,-61],[-25,18],[-57,-45],[-34,-42],[-16,-56],[-54,-29],[-15,25],[19,39],[-121,54],[3,21],[-26,45],[-22,2],[-23,-30],[16,-12],[-42,-29],[19,-13],[-73,-56],[-39,7],[-12,-34],[-89,-80],[-24,-3],[-70,47],[-32,-69],[-134,-98],[-2,31],[-60,4],[-51,-41],[-27,4],[-26,-33],[0,-30],[-41,-16],[-40,12],[-6,27],[-52,22],[-49,5],[-37,23],[-2,29],[-41,-3],[8,62],[39,5],[-4,109],[-101,13],[8,20],[63,25],[-28,82],[-43,5],[-23,-33],[-38,-1],[-11,35],[-38,-14],[-6,16],[113,76],[26,31],[28,59],[57,77],[64,107],[30,-21],[44,38],[36,48],[44,102],[6,59],[-16,68],[-64,112],[-38,27],[-29,-12],[-5,28],[-70,-10],[-6,39],[-30,66],[-54,49],[-82,36],[-37,4],[-90,-86],[-99,-40],[-74,16],[-25,-16],[-5,46],[23,54],[-8,13],[-48,-22],[-25,6],[-38,81],[-34,-26],[-30,5],[38,39],[-15,42],[-40,-17],[21,41],[11,87],[-7,48],[2,106],[-53,31],[-8,45],[-47,24],[-64,-26],[-26,44],[-30,20],[-38,-26],[0,28],[38,46],[2,63],[-39,54],[-47,29],[-90,28],[-4,35],[18,20],[32,112],[-3,40],[-35,36],[-21,1],[24,42],[-18,42],[-30,10],[28,102],[55,36],[4,20],[64,47],[-8,51],[14,77],[-2,40],[-38,50],[-65,36],[1,28],[-34,9],[9,21],[48,-1],[49,27],[73,-6],[30,21],[150,31],[45,29],[92,120],[-15,10],[57,85],[19,-10],[59,45],[75,33],[51,42],[46,2],[61,-74],[85,1],[84,43],[30,72],[-14,76],[6,29],[48,20],[36,-76],[234,-60],[44,14],[59,67],[23,69],[63,16],[59,26],[-23,94],[-76,11],[-64,64],[26,53],[35,-2],[54,-54],[50,-18],[52,36],[-41,90],[-82,39],[31,25],[8,47],[-12,15],[-84,7],[-62,-56],[-41,-23],[-74,-110],[-23,-54],[-9,-60],[-56,13],[-69,55],[-67,9],[-13,-8],[-173,-7],[-92,40],[-78,-3],[-47,-14],[-105,-70],[-44,-13],[-52,24],[-39,44],[-42,-9],[1,-43],[24,-65],[9,-55],[-46,-48],[-94,-66],[-24,-44],[-57,-41],[-12,5],[-102,-33],[-43,1],[-44,19],[-96,-24],[-47,7],[-129,45],[-95,-16],[-191,87],[-45,81],[-34,27],[-23,-5],[0,-45],[20,-42],[-14,-98],[19,-2],[23,-89],[-41,-82],[50,-11],[141,18],[1,-13],[-169,-15],[-55,28],[-23,-43],[1,-41],[37,-43],[-54,-8],[-58,-43],[-6,-46],[40,0],[40,-17],[-20,-33],[-42,18],[-46,-41],[-12,66],[-48,58],[-24,7],[11,29],[-18,30],[-61,45],[-56,91],[-23,-13],[-4,43],[-37,45],[2,34],[-34,4],[-24,-23],[-3,64],[48,59],[-13,39],[23,42],[-6,49],[22,49],[-76,44],[-13,53],[41,67],[-13,26],[-72,-21],[-26,10],[-14,60],[-26,4],[-45,-40],[4,-62],[-30,-33],[-29,3],[-13,50],[-55,2],[-4,-59],[-22,-28],[-32,11],[26,70],[-87,46],[-49,15],[-61,1],[-49,20],[-9,24],[-67,1],[-61,82],[-50,8],[-107,-32],[-42,6],[-14,-25],[-45,-9],[-50,-33],[-130,-181],[70,-68],[73,-84],[13,-76],[-30,8],[-34,55],[-55,40],[-41,0],[-49,-52],[-53,61],[-26,65],[-84,32],[-170,101],[8,36],[-21,68],[-93,1],[-18,-30],[-47,-7],[-26,41],[-51,-9],[-20,-26],[-6,-43],[17,-48],[-7,-78],[26,-56],[-23,-101],[-28,-3],[-18,39],[-66,18],[-1,38],[-43,55],[-54,-3],[-47,-25],[-133,-163],[-5,4],[140,168],[-33,47],[-3,81],[20,39],[-13,41],[-51,44],[-33,-20],[-58,1],[-24,-77],[-97,24],[-50,-41],[13,-39],[-149,-97],[-7,-29],[158,-289],[126,73],[3,-4],[-137,-77],[-33,-53],[2,-30],[23,-1],[29,-63],[20,-88],[-45,-84],[28,-83],[27,-15],[81,-3],[81,9],[8,39],[52,58],[92,-6],[54,-32],[36,-4],[20,-61],[50,8],[44,-41],[-61,-42],[18,-45],[81,-19],[16,-66],[118,-30],[47,69],[85,-36],[41,-2],[1,-63],[-22,-49],[6,-27],[-23,-38],[24,-21],[54,41],[46,-7],[58,-55],[12,14],[-20,77],[67,-15],[55,37],[50,0],[42,-30],[-8,-63],[43,-47],[-62,-22],[-13,-39],[34,-19],[-6,-81],[67,27],[36,-44],[30,64],[53,-20],[34,43],[-7,46],[27,70],[54,22],[32,-13],[30,-74],[12,-83],[0,-61],[51,-109],[36,-45],[97,-63],[-9,-61],[31,-104],[32,-27],[-32,-25],[-89,-25],[-67,10],[-95,102],[-82,46],[-126,33],[-62,-13],[-31,-36],[-29,-79],[-39,-36],[-64,3],[-31,20],[67,54],[-49,2],[24,63],[-29,34],[-23,2],[-40,57],[-160,55],[-62,31],[-20,38],[-169,96],[-85,32],[-101,24],[-111,1],[-21,-31],[-36,2],[-28,-50],[-24,8],[-17,-24],[-59,3],[-112,-32],[-5,13],[-44,-27],[-26,12],[-17,45],[-44,-51],[-35,-1],[-13,49],[-74,17],[-45,36],[7,22],[-27,34],[-39,13],[-4,24],[-39,31],[-63,4],[-32,17],[-89,-10],[-59,33],[-18,78],[-33,28],[-40,-17],[-99,-69],[-60,11],[-15,23],[-51,17],[-32,50],[61,109],[37,78],[5,72],[-75,79],[-114,58],[-77,25],[-77,-10],[-46,-24],[-71,-9],[-44,51],[-28,92],[33,53],[32,8],[39,39],[40,79],[-5,64],[-17,50],[39,43],[21,42],[1,64],[13,76],[37,21],[9,184],[-9,42],[-103,105],[-90,45],[-171,29],[-72,-29],[-11,16],[-116,-8],[-45,24],[-41,-8],[-58,-40],[8,-26],[-37,-95],[54,-118],[-4,-48],[-66,43],[6,29],[-88,45],[-55,-27],[-17,-22],[-9,-54],[11,-23],[-49,-36],[-85,-12],[-63,-41],[-111,51],[-21,23],[1,34],[26,52],[-23,96],[17,47],[-21,60],[11,58],[-31,54],[-44,12],[-27,-16],[-8,21],[-43,-50],[-48,-32],[-63,23],[-6,20],[-92,38],[-58,-7],[-49,-29],[-4,-45],[-77,27],[-92,102],[-37,-1],[-56,-28],[-64,-83],[-62,-39],[-74,9],[-27,24],[-17,105],[-30,24],[-46,11],[-58,-10],[-102,35],[-43,-17],[-91,-91],[-54,-65],[-25,-51],[-124,-38],[-65,-12],[-46,-34],[-51,-12],[1,-247],[-6,0],[-1,206],[-253,-2],[-8,-163],[5,-79],[-51,3],[-5,-80],[14,-141],[60,-1],[3,-58],[-34,-1],[7,-69],[43,-77],[44,-19],[42,16],[-9,45],[85,16],[-18,210],[6,1],[11,-168],[14,-78],[63,28],[39,4],[94,-58],[19,-56],[-23,-21],[23,-44],[45,-33],[121,-30],[136,31],[6,-21],[44,15],[51,34],[8,25],[72,41],[24,33],[63,55],[31,0],[101,-43],[55,-56],[-24,-55],[-45,-21],[-11,-24],[-13,-95],[16,-36],[63,-45],[30,-113],[34,-44],[68,-42],[66,-22],[59,-53],[37,-7],[125,15],[47,-13],[24,-64],[-5,-27],[39,-71],[13,14],[74,-44],[53,1],[18,-29],[52,-29],[80,7],[37,16],[84,-5],[1,-91],[42,-30],[-40,-43],[-46,-11],[-105,28],[-60,-2],[-24,22],[-28,-35],[-51,-35],[-45,-11],[-46,-56],[-14,31],[-49,-18],[-39,17],[-112,-21],[-49,18],[-67,49],[-48,6],[5,14],[-103,-3],[-85,-41],[-45,12],[-62,-72],[-24,3],[-82,-102],[8,-41],[-57,-31],[-23,5],[-61,-119],[-49,-58],[-84,-80],[-44,-57],[-67,-58],[-59,-1],[-87,-40],[-36,-5],[-18,-27],[-105,20],[-46,-16],[-49,-42],[-11,-41],[-24,-8],[-23,-43],[17,-37],[-90,-17],[-61,-4],[-100,-104],[-15,11],[-38,-56],[-14,10],[-108,-101],[-13,-29],[-56,-63],[-70,-56],[-30,-13],[-62,-75],[-47,24],[-34,-84],[-24,-26],[-79,-42],[-29,-78],[21,-52],[17,8],[21,-43],[-11,-33],[120,39],[74,-214],[-25,-38],[50,-54],[18,20],[86,-77],[108,-6],[2,70],[8,-102],[68,-19],[54,5],[3,27],[80,2],[80,-9],[18,22],[20,-23],[38,25],[18,37],[71,4],[116,35],[-4,24],[55,26],[49,-7],[72,33],[72,-10],[58,29],[89,10],[34,30],[29,54],[51,25],[20,36],[25,107],[-16,26],[30,39],[68,13],[0,-26],[79,-62],[63,-6],[0,-11],[71,27],[97,26],[134,-11],[48,28],[40,50],[51,43],[52,0],[16,18],[105,-7],[60,-31],[55,-10],[85,12],[111,39],[15,24],[41,20],[56,-4],[23,30],[60,-9],[-37,-76],[40,-17],[-14,-58],[-27,-37],[52,-7],[-2,-35],[-83,-87],[-24,-80],[-27,-6],[22,-31],[-25,-89],[15,-22],[31,8],[22,-28],[11,-69],[-28,-55],[-55,-44],[-3,-40],[-21,-17],[-79,3],[-40,-36],[-55,20],[-27,-12],[-8,44],[-73,-8],[-67,-26],[-72,-6],[-87,-71],[-35,-17],[-4,-24],[-95,-71],[-31,-63],[-11,-66],[6,-54],[33,-9],[-8,-57],[95,-14],[12,96],[8,-1],[-19,-138],[63,-14],[30,9],[28,-37],[42,19],[42,-9],[-14,-43],[-43,-38],[-74,-38],[-29,-27],[5,32],[-61,-52],[-21,-58],[-33,7],[15,-29],[-59,-44],[-14,-26],[-17,17],[-76,-47],[-42,-10],[-4,-76],[-49,-30],[-25,-33],[32,-6],[24,-30],[-15,-37],[-56,-53],[-11,-28],[-105,-23],[-21,11],[-33,60],[-39,38],[-71,-30],[11,-55],[-57,-43],[-35,2],[-27,-26],[-97,15],[-32,41],[-45,9],[12,-33],[-41,-8],[-21,23],[-23,-81],[-34,51],[-96,66],[-68,-9],[-109,6],[-62,36],[-35,39],[-6,37],[-60,21],[2,15],[-95,25],[-58,-13],[-40,10],[-83,1],[-35,27],[-113,4],[-136,26],[-18,-17],[-48,-5],[-91,-37],[-70,-75],[19,-31],[-10,-21],[-57,-11],[41,-10],[-38,-36],[-62,-21],[-50,5],[36,28],[-53,0],[-40,23],[-87,2],[-156,-70],[6,-38],[-74,-57],[30,-7],[-66,-48],[49,-21],[-24,-50],[65,-35],[-7,-33],[-37,-42],[50,-36],[-18,-34],[18,-77],[-53,-29],[-11,-40],[35,-16],[-14,-36],[-71,-9],[-23,58],[-20,11],[-10,41],[14,38],[10,101],[-61,13],[24,35],[-19,30],[9,52],[-31,58],[-33,18],[-24,43],[-45,26],[-48,3],[-63,44],[-38,0],[-81,39],[-17,27],[-4,72],[-80,56],[-59,9],[-51,-27],[-35,18],[0,-27],[-70,27],[-23,30],[-130,34],[-66,2],[-47,-11],[-13,-32],[-34,-10],[-55,32],[-104,-3],[-121,-40],[-55,17],[-16,37],[-49,67],[-62,60],[-121,70],[-53,3],[-59,-48],[16,-42],[-46,8],[-32,36],[16,37],[46,20],[-26,44],[20,20],[-36,25],[39,22],[14,41],[27,-7],[61,11],[36,-5],[82,34],[34,41],[84,2],[55,37],[56,57],[30,59],[12,75],[-1,60],[-13,41],[-65,6],[46,60],[-16,51],[-39,58],[-52,22],[-62,51],[-61,92],[16,30],[-24,49],[7,68],[47,166],[100,17],[43,52],[33,10],[46,104],[-21,111],[-26,30],[6,73],[41,60],[0,75],[-27,58],[-87,81],[-33,-1],[-57,-44],[-34,-7],[-27,31],[-72,21],[-18,-10],[-21,33],[-27,8],[-26,55],[-29,13],[19,45],[-2,58],[-74,68],[21,62],[-2,77],[-18,48],[-53,46],[-38,11],[-33,70],[6,60],[30,42],[91,15],[-19,79],[18,104],[-12,20],[1,61],[-25,32],[-10,49],[-16,-7],[-17,35],[15,28],[-52,48],[33,22],[-24,17],[32,40],[-46,105],[-67,83],[-35,32],[-89,60],[-5,-19],[-44,12],[-33,47],[-40,3],[-21,-22],[-51,-11],[-30,44],[-61,6],[-45,17],[-46,-38],[-14,9],[3,62],[-78,-3],[10,-25],[-65,-23],[-48,-40],[-9,26],[-54,-27],[-77,17],[15,28],[-64,8],[-29,34],[2,23],[47,-7],[-38,43],[-10,34],[-29,-6],[-29,20],[-4,34],[70,79],[38,16],[-38,25],[-4,34],[25,30],[-18,19],[37,68],[39,17],[52,60],[2,45],[26,23],[63,17],[4,-27],[64,60],[58,4],[73,40],[52,43],[4,-20],[-25,-44],[1,-47],[18,-69],[-29,-78],[33,-84],[0,-50],[24,0],[25,-41],[30,-20],[61,28],[34,-3],[69,74],[41,5],[18,-50],[34,-46],[49,3],[76,82],[30,19],[110,-24],[15,-42],[53,-21],[70,55],[-15,46],[15,37],[52,-26],[20,38],[31,16],[49,1],[19,57],[38,31],[43,17],[34,-8],[34,19],[52,63],[23,-25],[-33,-26],[-29,-83],[-48,-98],[17,-127],[35,-46],[-2,-33],[19,-57],[29,-13],[49,2],[87,22],[80,70],[47,-6],[113,-42],[92,49],[-5,20],[53,32],[25,44],[-68,39],[-97,-26],[96,35],[76,-47],[13,2],[46,104],[-7,19],[52,25],[28,65],[-1,27],[64,138],[-12,39],[-50,55],[10,27],[-60,70],[58,30],[48,-30],[21,-28],[76,-2],[52,-100],[34,-26],[5,-141],[66,-30],[13,-28],[43,15],[2,32],[35,12],[35,-31],[33,-5],[43,27],[16,-63],[114,13],[1,-9],[-112,-13],[12,-32],[20,4],[9,-50],[-14,-2],[12,-53],[89,11],[5,-27],[45,7],[108,73],[15,-18],[69,84],[55,91],[1,15],[77,96],[31,68],[1,45],[-48,86],[-29,85],[-21,3],[-65,112],[-16,57],[5,81],[30,55],[61,2],[83,-18],[141,-7],[40,36],[57,7],[24,-20],[55,4],[67,66],[29,54],[22,64],[-24,32],[56,156],[-16,77],[4,30],[-33,47],[20,62],[49,64],[101,36],[79,56],[9,44],[0,105],[-19,70],[-43,32],[-44,6],[-85,38],[-23,-17],[-59,20],[-35,26],[-174,27],[-74,31],[-26,1],[-55,33],[-50,14],[-43,38],[-97,1],[-74,-21],[-97,34],[-106,48],[-81,11],[-74,46],[-69,89],[-70,59],[-115,60],[-85,16],[-163,-15],[-77,-35],[-99,22],[-115,48],[-12,31],[-40,14],[44,15],[-3,32],[40,-1],[20,68],[4,61],[22,46],[35,36],[14,54],[-5,49],[-22,42],[-17,89],[-75,97],[-17,-11],[1,48],[-52,58],[-42,17],[-53,-2],[-74,34],[-33,47],[-57,58],[-74,28],[-70,-7],[-69,-23],[-28,-20],[-79,-19],[-97,8],[-36,-14],[-106,-16],[-82,-2],[-78,33],[-43,43],[-41,13],[-6,36],[36,-2],[19,38],[78,12],[167,60],[17,34],[-13,21],[39,59],[-2,56],[36,19],[23,-27],[52,-1],[0,-23],[45,3],[73,-13],[16,19],[35,-8],[72,71],[21,36],[-2,56],[44,-47],[70,-98],[31,-18],[79,26],[58,58],[19,54],[8,-45],[43,-63],[42,-4],[71,28],[27,34],[-8,19],[46,-2],[24,-36],[4,-77],[-18,-17],[62,-33],[7,32],[37,-7],[40,37],[29,63],[64,61],[57,-10],[37,57],[35,16],[2,40],[-18,39],[31,11],[48,51],[-20,75],[-71,7],[-23,-20],[14,50],[-5,54],[-22,34],[-34,96],[-92,31],[28,81],[-9,9],[46,41],[-2,54],[-45,57],[-40,1],[44,55],[-48,27],[-11,21],[51,-6],[3,33],[109,28],[38,-42],[178,16],[54,45],[8,60],[94,31],[86,101],[1,92],[46,30],[25,36],[-4,46],[-17,24],[39,26],[52,-1],[73,-17],[72,22],[30,30],[-4,33],[70,19],[31,18],[27,70],[78,-1],[0,54],[42,56],[61,15],[5,37],[38,-40],[21,-44],[30,-27],[21,-49],[130,-109],[-55,11],[-95,-18],[-25,21],[-40,-26],[-29,25],[-6,60],[-41,-40],[-44,-13],[-54,9],[-38,-45],[3,-48],[-49,-12],[-22,13],[-31,-15],[-31,-57],[89,-28],[-11,-38],[1,-68],[-25,-37],[-96,-75],[101,-30],[-3,34],[67,26],[45,57],[-8,27],[44,66],[51,15],[79,-45],[9,-52],[38,13],[51,53],[9,-48],[45,7],[17,-43],[-51,-82],[12,-42],[-11,-52],[32,-3],[17,36],[78,81],[29,-73],[23,0],[18,50],[29,26],[56,-29],[23,-74],[79,-2],[34,-55],[3,-46],[62,-13],[15,13],[72,-21],[70,-85],[-44,-55],[-10,-47],[-58,-4],[-36,27],[-42,-7],[-41,27],[-37,-20],[-60,10],[-13,24],[-59,7],[-28,15],[-36,-20],[-61,15],[-25,-37],[40,-59],[58,-46],[3,-27],[-30,-30],[-51,30],[-30,-10],[14,-52],[-17,-5],[-74,26],[-19,31],[-71,-6],[-19,-30],[-51,-5],[-45,-26],[-55,-15],[-7,-27],[49,-62],[29,-6],[66,-48],[-7,-20],[-38,-1],[-18,-31],[-45,-19],[-11,-65],[28,-45],[46,-20],[33,28],[60,30],[-15,-98],[29,-9],[72,72],[27,-25],[9,-70],[26,4],[22,72],[51,15],[23,-62],[64,3],[20,-22],[20,-59],[45,9],[25,-30],[52,30],[30,-60],[61,17],[22,-43],[66,28],[-11,-35],[-31,-12],[-57,4],[-14,-23],[-31,23],[-63,1],[-22,-67],[-42,21],[-53,-24],[-36,62],[-24,-30],[-70,-24],[-78,5],[-79,-46],[23,0],[8,-47],[165,-63],[-6,-76],[51,4],[18,-74],[65,-6],[-55,-76],[-23,11],[-43,-11],[-23,-23],[-53,-11],[-68,-50],[-12,-35],[-67,-119],[-167,-57],[-30,16],[-93,-19],[-47,19],[-64,-62],[-110,-1],[-16,-112],[64,-20],[100,-8],[41,-16],[50,-78],[67,5],[-2,11],[92,86],[40,2],[2,-25],[40,-1],[37,22],[74,-6],[69,74],[100,-4],[-21,-50],[13,-22],[96,16],[32,-97],[54,14],[117,16],[75,-98],[47,-34],[7,60],[34,-17],[61,55],[-26,78],[-23,43],[7,54],[-27,52],[1,86],[10,24],[47,10],[40,33],[40,3],[57,35],[3,47],[48,75],[27,-83],[106,-49],[56,17],[16,-9],[79,30],[47,80],[42,-25],[-11,-27],[34,-82],[128,12],[40,18],[88,-51],[59,-54],[43,-103],[-10,-69],[34,-47],[24,-65],[-8,-21],[30,-32],[13,-87],[-44,-124],[1,-48],[40,-47],[102,56],[22,-42],[76,28],[4,-13],[71,41],[11,91],[59,15],[73,54],[31,72],[37,22],[28,44],[-2,60],[58,22],[144,22],[69,-93],[-21,-61],[-55,-53],[7,-19],[40,3],[12,-37],[-46,-12],[-2,-26],[-48,-41],[11,-70],[37,-24],[42,12],[34,-27],[21,-66],[-10,-18],[30,-31],[107,-32],[48,-7],[110,14],[-1,24],[33,9],[25,83],[-33,87],[-12,65],[6,46],[22,-3],[4,65],[22,33],[52,3],[56,65],[23,47],[23,93],[24,29],[65,34],[65,-33],[66,-9],[72,-89],[25,3],[14,-122],[37,-6],[-9,-43],[38,26],[57,100],[81,-26],[67,14],[74,-6],[24,9],[52,-18],[80,-45],[26,-25],[62,-18],[7,-23],[55,-44],[94,-26],[52,-30],[38,-66],[60,-34],[29,-51],[39,-3],[51,-28],[19,-51],[24,-29],[192,-60],[31,39],[29,-20],[54,-67],[-10,-100],[46,-1],[3,-26],[47,-18],[38,9],[28,-17],[41,-81],[20,-17],[45,0],[22,47],[36,-37],[140,28],[28,28],[48,128],[-1,14],[71,186],[-6,21],[-114,42],[0,46],[-52,12],[43,69],[60,45],[6,61],[-105,-59],[-29,16],[49,2],[-3,25],[38,12],[-14,16],[-79,25],[56,13],[92,-8],[1,16],[-197,30],[-133,25],[-138,41],[-46,26],[-120,137],[-92,-32],[-9,14],[-88,-33],[46,27],[-53,74],[5,9],[-50,70],[-49,177],[-75,67],[-33,86],[16,17],[-56,54],[-84,-55],[-137,128],[-1,46],[14,44],[-76,15],[7,90],[-30,12],[-40,46],[-71,33],[-15,36],[-33,31],[-2,48],[22,83],[-34,-2],[-15,-41],[-68,-96],[76,-77],[60,-93],[37,-10],[-1,-41],[-49,-24],[-46,14],[-24,-29],[92,-69],[25,-44],[6,-56],[-64,-107],[11,-8],[-36,-47],[6,-27],[-49,33],[-60,67],[3,17],[-33,93],[-27,37],[-34,8],[-67,51],[1,16],[-44,56],[-50,-101],[-31,30],[10,13],[-93,50],[-10,45],[19,117],[-8,41],[15,39],[-28,15],[-33,50],[-43,-40],[12,-46],[-17,-29],[-29,5],[-66,53],[-48,-57],[25,-41],[7,-80],[15,-60],[21,-18],[-26,-102],[-28,11],[-32,55],[21,22],[-27,7],[-26,38],[-48,-42],[-45,21],[10,60],[-4,75],[-43,12],[-9,-90],[-50,-65],[-62,29],[1,63],[-45,8],[-64,34],[-12,-17],[28,-67],[-7,-24],[-81,-17],[-69,46],[-63,28],[-3,32],[58,-6],[12,11],[-16,64],[-44,26],[21,122],[25,38],[53,32],[41,51],[-91,88],[47,149],[-79,3],[-7,-33],[-24,2],[-105,-61],[-7,11],[-57,-13],[-75,-41],[33,-96],[68,5],[43,-19],[-27,-39],[-26,-80],[-44,-49],[-89,4],[-27,16],[-81,19],[-25,49],[-47,-9],[-20,31],[41,47],[-41,16],[-22,26],[36,24],[53,5],[48,24],[13,28],[-15,27],[-22,-19],[-24,18],[-103,-9],[-40,32],[18,24],[-64,13],[-7,-32],[-27,-4],[28,-71],[-13,-73],[-53,-1],[-69,30],[-75,-12],[-33,33],[-49,-27],[-26,11],[-25,40],[17,71],[15,20],[40,-13],[88,-47],[63,-1],[26,29],[-102,31],[-58,33],[17,64],[32,28],[-18,18],[-27,-35],[-16,13],[-67,-51],[-58,13],[-15,-56],[-49,-6],[-32,-49],[-2,-26],[-51,-4],[-39,34],[-8,36],[15,56],[-24,50],[0,71],[-27,117],[23,41],[94,82],[-17,44],[-97,-14],[-63,20],[-28,81],[27,36],[-65,69],[-6,53],[-56,38],[-29,-5],[-36,38],[-43,5],[-27,64],[-27,27],[-32,68],[-34,32],[-42,-9],[-39,30],[11,24],[18,109],[-70,74],[-104,40],[-23,81],[-27,25],[-38,104],[-59,43],[-30,43],[-3,103],[-40,39],[-7,69],[14,12],[-42,27],[-12,50],[-75,69],[23,29],[-22,9],[41,19],[119,14],[39,-11],[55,46],[29,69],[6,74],[-35,57],[-54,30],[-36,54],[23,43],[59,20],[18,48],[-10,45],[-42,21],[-12,22],[-9,103],[-24,21],[28,22],[22,61],[-3,97],[35,80],[63,21],[26,23],[68,22],[44,0],[82,38],[10,28],[-7,188],[-9,39],[-72,34],[-1,30],[-70,42],[-56,48],[-36,14],[-45,43],[-56,162],[-40,59],[-32,29],[-87,58],[-73,21],[-70,67],[-17,52],[-19,13],[-80,15],[-65,3],[-69,77],[-5,24],[-44,9],[-31,32],[-4,36],[-26,38],[-4,41],[14,31],[-39,162],[-84,101],[-56,27],[64,-18],[74,-90],[124,71],[-55,128],[-122,-56],[120,61],[-30,33],[-79,169],[-90,-28],[3,-41],[-99,-47],[-73,-54],[-62,-35],[-38,-47],[-3,-26],[-53,-102],[-21,-20],[-28,-104],[24,-77],[-1,-185],[11,-99],[61,9],[1,-13],[-63,-8],[-72,-73],[-90,21],[-15,-15],[-24,28],[-112,28],[-38,-17],[-91,4],[-37,-43],[-58,42],[0,36],[-25,1],[22,46],[-18,47],[21,22],[-15,105],[34,32],[-7,35],[-38,38],[-66,-5],[24,50],[-10,24],[37,103],[-18,73],[38,57],[-12,81],[-28,74],[-24,10],[24,36],[-50,71],[35,10],[-2,40],[16,147],[-4,61],[-64,133],[-24,71],[36,38],[51,87],[5,53],[-60,106],[-55,65],[-21,54],[-106,126],[-32,79],[2,99],[-18,142],[13,58],[79,121],[80,92],[37,59],[44,113],[4,40],[28,110],[-5,142],[33,-1],[8,70],[-8,70],[33,214],[39,137],[43,83],[15,104],[-23,135],[-18,35],[-9,59],[12,15],[-31,124],[2,123],[-50,94],[-98,113],[-76,38],[-62,-5],[26,53],[-7,42],[-81,29],[-80,0],[-46,-23],[-23,-67],[-1,-34],[-74,-65],[-27,-58],[21,-65],[-41,-52],[-51,46],[-8,32],[-41,13],[-51,40],[6,23],[-28,20],[-114,-17],[-65,-77],[-34,-77],[5,-50],[40,-42],[6,-33],[-23,5],[-59,-121],[-17,-121],[7,-56],[18,-47],[51,-29],[108,-23],[-131,16],[-163,0],[-69,-9],[-82,-47],[-14,-79],[-25,-28],[-33,-132],[-71,16],[-9,40],[-20,0],[-99,96],[1,50],[32,58],[-20,71],[-26,27],[18,40],[32,13],[6,79],[-30,169],[17,34],[64,64],[77,40],[31,85],[5,45],[-13,100],[20,46],[-28,36],[9,16],[-65,50],[-147,45],[-21,-5],[-68,-58],[-134,24],[-39,-2],[-112,-55],[-24,-53],[-46,-39],[-64,-18],[-56,5],[-61,-14],[-75,-50],[-44,-100],[-82,-84],[-68,-1],[-26,-19],[-84,-16],[0,36],[-30,47],[16,15],[-9,42],[-42,59],[-57,20],[-18,42],[13,66],[-79,55],[-79,-5],[-69,-45],[-5,-30],[-55,-46],[-32,-69],[-64,29],[2,-23],[-84,-8],[-50,49],[8,16],[-47,8],[-54,25],[-51,-8],[-43,-37],[-13,-55],[23,-78],[-22,-30],[5,-47],[25,-56],[-49,-90],[18,-5],[-7,-65],[-14,-5],[59,-47],[-9,-118],[-51,-56],[-6,-58],[-31,-66],[52,-24],[68,33],[53,5],[5,60],[12,-61],[-10,-45],[-35,-66],[10,-66],[24,-17],[100,0],[23,30],[56,17],[67,3],[23,48],[22,9],[39,-29],[5,-58],[22,-31],[56,-26],[46,-62],[-22,-33],[-84,-74],[-40,-63],[18,-96],[36,-28],[-10,-36],[-32,1],[-108,-47],[-71,-52],[-11,72],[-40,79],[-35,13],[0,47],[-26,6],[-15,-33],[-54,-29],[21,44],[4,50],[40,47],[-6,41],[-43,30],[14,22],[-26,92],[-40,34],[-30,2],[-2,34],[-58,22],[-29,33],[-101,20],[19,40],[-36,-13],[3,36],[-83,49],[-28,27],[-86,53],[-56,14],[-11,-49],[-58,-55],[-47,2],[-22,35],[-28,-16],[-59,9],[48,29],[-23,16],[-13,92],[-51,46],[-11,24],[-32,-11],[-28,17],[33,43],[-9,29],[56,24],[43,70],[1,54],[53,37],[30,100],[-23,92],[-42,81],[-66,55],[-65,43],[-89,27],[-81,-41],[-36,-37],[-31,44],[5,54],[14,20],[-13,45],[25,39],[-15,57],[-44,55],[-79,36],[-59,14],[-44,-7],[-72,4],[-25,-20],[-86,-13],[-81,-4],[-84,25],[-75,-26],[-5,-21],[-40,-15],[13,-28],[-53,-42],[-29,-72],[15,-141],[-12,-49],[22,-58],[21,-22],[-39,-28],[8,-54],[-48,-123],[-36,-19],[-46,-1],[-37,36],[21,57],[-5,31],[29,12],[6,69],[-36,49],[6,54],[-66,70],[-69,88],[-24,11],[70,115],[12,51],[0,201],[-32,53],[-76,67],[-42,16],[-137,7],[17,50],[-36,42],[-60,15],[-50,35],[-57,-16],[-21,-18],[-92,-13],[-31,-39],[-52,28],[-27,-7],[-18,38],[15,26],[-46,56],[-12,37],[-58,51],[-100,46],[-18,26],[-54,17],[-36,44],[1,33],[-63,21],[-109,-13],[-68,-22],[-44,-31],[-23,-38],[-5,-51],[50,-63],[-20,-2],[-43,-66],[11,-16],[-41,-15],[-68,-46],[-57,21],[-84,107],[-85,59],[-54,1],[-96,-19],[-172,-95],[-107,-79],[6,-97],[16,-8],[-69,-115],[39,-104],[65,-47],[3,-34],[38,-85],[-6,-45],[-51,-54],[24,-14],[-50,-86],[-26,-108],[24,-142],[14,-35],[38,-27],[148,-43],[-9,-60],[13,-70],[55,-8],[5,-31],[30,-3],[9,-30],[-112,-23],[-56,-75],[-43,-89],[-22,-95],[2,-129],[19,-50],[66,-38],[74,-23],[25,9],[39,-18],[26,-30],[42,-3],[53,-32],[16,-24],[-23,-25],[-89,16],[-32,-29],[25,-68],[-32,-9],[-71,68],[-45,-5],[-70,-30],[-14,-24],[2,-69],[-55,-10],[5,29],[-24,19],[-67,1],[-22,-32],[-1,32],[-61,10],[-40,-21],[-74,-96],[-16,-48],[18,-126],[-90,-69],[-6,-54],[12,-27],[39,4],[33,-63],[49,-4],[20,-52],[52,-22],[30,-110],[61,-111],[70,-57],[60,-100],[38,-9],[35,-34],[23,8],[21,-38],[68,-21],[77,-97],[46,-17],[3,-31],[-35,-1],[-39,-51],[8,-35],[-41,19],[-46,-12],[-12,-22],[-32,18],[6,35],[-62,10],[-48,-26],[-2,-27],[-34,1],[-8,-25],[-81,-20],[-7,95],[-31,50],[-61,16],[-25,35],[-30,5],[-22,39],[16,26],[-50,28],[-33,35],[-82,7],[-86,-27],[-40,-67],[14,-17],[-24,-60],[-28,-8],[-60,36],[-26,-7],[-19,-38],[-41,-22],[19,-48],[-34,4],[-59,-22],[-79,-121],[-5,-33],[74,-104],[-24,-15],[-13,-37],[36,-29],[7,-37],[-21,-57],[-62,-1],[-24,-22],[-4,38],[-89,-2],[-55,-66],[-28,-18],[-14,-50],[27,-54],[-49,-21],[5,-51],[-78,-78],[-35,-99],[11,-25],[28,-1],[10,-42],[-25,-1],[-30,-107],[34,-13],[-12,-25],[21,-42],[0,-50],[55,-91],[-24,-15],[76,-77],[-7,-27],[52,-21],[2,-53],[-43,7],[-51,-8],[-26,-62],[19,-26],[-28,-26],[-75,-2],[-92,92],[6,32],[-11,69],[-21,49],[-40,49],[16,44],[-15,50],[0,137],[17,18],[14,62],[14,12],[-11,55],[-42,12],[11,73],[-11,15],[-118,49],[-35,7],[-66,-30],[-13,-23],[-77,14],[-41,34],[-50,21],[-118,-16],[-17,-16],[-37,29],[-54,23],[-42,-2],[-78,-24],[-23,-37],[-33,-2],[-19,-71],[-47,-9],[-49,-36],[2,-35],[-43,-22],[-46,-46],[-25,13],[-30,47],[-77,44],[-2,21],[-48,44],[-45,16],[-51,37],[9,27],[-42,54],[-65,8],[-3,40],[-36,-6],[-23,34],[19,35],[-12,28],[17,38],[-36,53]],[[41429,6427],[-59,-3],[-32,41],[-26,3],[-39,40],[-86,10],[-36,-20],[-36,20],[-51,-10],[-64,-41],[5,-32],[-51,-60],[-40,-26],[-44,21],[21,86],[36,38],[-22,37],[-3,59],[26,44],[-3,58],[-53,23],[0,23],[59,106],[34,4],[61,-23],[33,0],[16,-29],[88,-39],[43,-2],[194,34],[77,32],[109,101],[48,52],[127,78],[-26,58],[19,36],[55,69],[64,2],[38,54],[64,56],[-7,45],[17,17],[2,-63],[45,-28],[35,-1],[20,20],[21,-71],[37,-16],[41,4],[11,-17],[72,-10],[20,7],[98,120],[88,9],[17,-9],[31,28],[57,24],[12,22],[-24,56],[17,89],[84,112],[4,29],[54,63],[-6,26],[41,8],[51,-61],[90,-81],[2,-19],[102,-36],[57,-39],[36,-50],[12,-100],[-45,-106],[-10,-71],[37,-82],[-4,-35],[-30,-57],[6,-68],[-33,0],[-78,-61],[-49,-5],[15,-17],[-72,-15],[19,-46],[-83,-63],[-51,-24],[55,-40],[-41,-24],[-82,-31],[-35,-28],[-39,15],[-7,55],[18,59],[-92,40],[-221,31],[-30,-84],[-36,2],[-33,39],[1,31],[-35,-51],[-23,-2],[-15,-36],[-45,-11],[-66,18],[-38,22],[-81,-43],[-7,-19],[-56,-12],[0,-48],[46,-33],[-79,-40],[-50,-5],[3,-114],[-95,-8],[-136,21],[-27,-23],[-59,-9]],[[37838,5667],[-89,-12],[-67,35],[-4,30],[31,50],[-4,22],[35,39],[-25,40],[4,44],[53,75],[5,59],[24,40],[21,5],[-12,61],[-64,-1],[-15,29],[19,70],[35,48],[-17,39],[11,97],[66,37],[11,60],[-21,26],[-47,23],[17,78],[-33,32],[29,39],[-24,63],[-29,3],[0,42],[27,53],[54,60],[19,35],[41,27],[3,63],[31,29],[55,-30],[46,-6],[23,-41],[-26,-37],[-59,7],[-21,-59],[5,-106],[25,-25],[19,-133],[-14,-51],[48,2],[-5,-36],[49,24],[48,-43],[-11,-38],[-71,-31],[-55,2],[-17,-24],[-35,-96],[-27,-181],[22,-43],[1,-84],[37,-36],[59,-96],[56,-40],[36,-8],[-14,-51],[-1,-62],[-55,-8],[-35,-27],[-60,-21],[-39,-37],[-69,-25]],[[52676,3046],[-45,16],[-42,37],[-8,46],[62,43],[10,20],[33,-6],[120,20],[59,-4],[94,-26],[65,-45],[31,-9],[36,-46],[29,-15],[159,-10],[10,-31],[-13,-62],[-69,-53],[-10,38],[-84,-16],[-49,19],[-30,32],[-54,10],[-23,38],[-25,4],[-30,-29],[-78,-7],[-57,28],[-61,-6],[-30,14]],[[40318,5168],[-28,35],[-15,44],[38,32],[-11,23],[68,67],[79,25],[68,50],[79,14],[-8,-24],[14,-44],[-8,-40],[-39,-36],[-21,-53],[28,-88],[21,-6],[-20,-35],[-106,-24],[-43,8],[-51,-6],[-45,58]],[[35592,15309],[53,53],[6,33],[70,13],[55,-11],[29,7],[35,-15],[-6,-61],[19,-23],[-10,-35],[-56,-32],[-67,-1],[2,-25],[29,-3],[34,-56],[-22,-52],[-65,24],[-9,47],[-47,-8],[-10,-41],[-40,7],[0,23],[43,21],[-42,18],[17,34],[-25,26],[7,57]],[[38278,5690],[-19,13],[-20,69],[13,32],[86,60],[-11,-45],[27,12],[65,-3],[102,23],[33,-22],[13,-48],[-40,-43],[-30,2],[-72,-42],[-59,-4],[-59,-19],[-29,15]],[[42667,16695],[-29,-8],[-37,27],[7,50],[-36,55],[-103,38],[46,41],[-15,64],[-65,-2],[45,46],[-7,21],[58,46],[8,27],[33,17],[25,-37],[-14,-82],[7,-77],[26,-92],[44,-43],[54,-34],[-8,-34],[-39,-23]],[[50656,3221],[69,37],[41,3],[65,-24],[34,-63],[-1,-29],[-39,-32],[-50,-12],[-27,12],[-18,35],[-22,-41],[-42,-22],[-44,18],[3,38],[36,25],[-44,26],[39,29]],[[51061,9269],[-86,34],[17,78],[47,58],[56,13],[51,-9],[16,-50],[-12,-133],[-35,-12],[-54,21]],[[39989,4891],[-59,-22],[-29,30],[10,37],[-59,5],[9,36],[118,45],[17,15],[62,16],[16,-23],[-39,-53],[17,-74],[-63,-12]],[[52004,3068],[65,29],[16,42],[53,61],[42,16],[22,-22],[-16,-40],[-20,-5],[-11,-48],[-31,-1],[-49,-32],[-26,-47],[-50,-12],[-35,12],[1,36],[39,11]],[[36836,14772],[9,38],[75,-46],[7,-139],[-42,-19],[-38,54],[-11,112]],[[54519,6169],[78,37],[30,-61],[47,-35],[-70,-61],[-41,-2],[2,78],[-46,8],[0,36]],[[50712,3346],[36,35],[42,-1],[41,-49],[-47,-31],[-81,-8],[-23,13],[32,41]],[[44389,12001],[-19,16],[35,11],[33,-73],[-39,-53],[-34,26],[12,18],[-23,29],[35,26]],[[40843,6294],[22,19],[42,-7],[16,-46],[-28,-30],[-35,-13],[-17,77]],[[56914,3301],[65,51],[46,12],[-11,-34],[-93,-63],[-26,7],[19,27]],[[44598,663],[-33,6],[11,30],[57,42],[29,-26],[-6,-33],[-58,-19]],[[40692,6043],[34,13],[9,34],[75,54],[10,-14],[-81,-91],[-71,-24],[24,28]],[[43217,12097],[63,41],[54,-12],[-50,-37],[-62,-5],[-5,13]],[[44637,568],[-44,12],[-20,23],[4,41],[33,-2],[25,-26],[2,-48]],[[37418,16010],[9,74],[14,7],[57,-61],[-12,-22],[-68,2]],[[52324,3038],[22,5],[41,-46],[-18,-16],[-64,3],[19,54]],[[44444,12176],[17,35],[38,1],[-18,-74],[-36,-7],[-1,45]],[[50699,3431],[37,4],[7,-50],[-26,-18],[-39,35],[21,29]],[[43905,5911],[53,17],[16,-31],[-65,-29],[-4,43]],[[42579,0],[-35,13],[7,45],[45,1],[5,-40],[-22,-19]],[[44377,11792],[40,-3],[3,-36],[-47,-10],[-15,48],[19,1]],[[47239,3618],[-8,-3],[-73,208],[-17,108],[9,1],[16,-106],[73,-208]],[[37684,5623],[11,27],[56,-8],[-31,-36],[-36,17]],[[36647,14473],[18,19],[10,-39],[29,1],[-8,-39],[-62,38],[13,20]],[[36919,14933],[41,-37],[-17,-35],[-33,48],[9,24]],[[44382,11701],[26,-16],[-38,-35],[-32,39],[44,12]],[[53441,7144],[29,-56],[-29,1],[-19,37],[19,18]],[[53821,5130],[31,7],[12,-57],[-64,31],[21,19]],[[52080,8913],[-26,4],[15,36],[49,5],[-38,-45]],[[40325,18290],[-17,-21],[-23,33],[51,16],[-11,-28]],[[36594,13799],[-11,9],[77,49],[-33,-48],[-33,-10]],[[43367,5953],[36,0],[-32,-34],[-33,23],[29,11]],[[53590,5136],[53,5],[7,-23],[-60,18]],[[45471,2208],[-36,8],[16,25],[30,3],[-10,-36]],[[55396,5332],[37,28],[-1,-34],[-38,-21],[2,27]],[[44655,4345],[-13,17],[28,17],[14,-35],[-29,1]],[[44784,2079],[-3,-33],[-31,0],[-3,29],[37,4]],[[53822,5192],[25,-22],[-29,-11],[-21,31],[25,2]],[[42609,16626],[20,-12],[-41,-34],[-7,22],[28,24]],[[55019,6613],[0,-7],[-164,-17],[0,6],[164,18]],[[51196,2954],[31,-6],[-23,-22],[-8,28]],[[50878,3029],[-5,26],[29,9],[10,-23],[-34,-12]],[[43137,15777],[-7,-31],[-32,15],[39,16]],[[37639,5568],[13,35],[33,-11],[-46,-24]],[[42779,7821],[-29,-13],[-6,36],[35,-23]],[[37952,17560],[-7,7],[80,92],[6,-6],[-79,-93]],[[44266,17916],[19,8],[35,-23],[-21,-12],[-33,27]],[[37601,8003],[21,-25],[-40,-4],[19,29]],[[53097,5162],[23,-17],[-47,-6],[24,23]],[[42117,18011],[-30,-14],[9,37],[21,-23]],[[40216,5144],[1,23],[37,-13],[-38,-10]],[[44813,2244],[17,-28],[-39,11],[22,17]],[[50770,3493],[-32,-15],[-12,21],[44,-6]],[[53147,5210],[16,-7],[-23,-31],[7,38]],[[47624,6911],[-5,1],[56,180],[4,-1],[-55,-180]],[[37639,7947],[25,26],[4,-30],[-29,4]],[[52029,5573],[21,-13],[-31,-18],[10,31]],[[51300,5800],[-1,-29],[-29,46],[30,-17]],[[53316,2977],[-17,29],[29,-9],[-12,-20]],[[40921,6849],[-20,7],[31,25],[-11,-32]],[[61019,4905],[18,-23],[-39,7],[21,16]],[[43222,10693],[5,30],[27,-10],[-32,-20]],[[45299,11151],[-17,-11],[-27,27],[44,-16]],[[51264,9444],[-22,-25],[-2,32],[24,-7]],[[60256,4622],[-18,-3],[57,48],[-39,-45]]],"transform":{"scale":[0.000010349563511374186,0.00000861370262497036],"translate":[132.01261873,32.88499416]},"objects":{"city":{"type":"GeometryCollection","geometries":[{"arcs":[[[0,1,2,3,4,5]],[[6]],[[7]],[[8]],[[9]],[[10]],[[11]],[[12]],[[13]],[[14]],[[15]],[[16]],[[17]],[[18]],[[19]],[[20]],[[21]],[[22]],[[23]],[[24]],[[25]],[[26]],[[27]],[[28]],[[29]],[[30]],[[31]],[[32]],[[33]],[[34]],[[35]],[[36]],[[37]],[[38]],[[39]],[[40]],[[41]],[[42]],[[43]],[[44]],[[45]],[[46]],[[47]],[[48]],[[49]],[[50]],[[51]],[[52]],[[53]],[[54]],[[55]],[[56]],[[57]],[[58]],[[59]],[[60]],[[61]],[[62]],[[63]],[[64]],[[65]],[[66]],[[67]],[[68]],[[69]]],"type":"MultiPolygon","properties":{"N03_001":"愛媛県","N03_004":"松山市","PREF_CODE":"38","MERGED_CODE":"38201","N03_007":"38201"},"id":"38201"},{"arcs":[[[-1,70,71,72]],[[73]],[[74]],[[75]],[[76]],[[77]],[[78]],[[79]],[[80]],[[81]],[[82]],[[83]],[[84]],[[85]],[[86]],[[87]],[[88]],[[89]],[[90]],[[91]],[[92]],[[93]],[[94]],[[95]],[[96]],[[97]],[[98]],[[99]],[[100]],[[101]],[[102]],[[103]],[[104]],[[105]],[[106]],[[107]],[[108]],[[109]],[[110]],[[111]],[[112]],[[113]],[[114]],[[115]],[[116]],[[117]],[[118]],[[119]],[[120]],[[121]],[[122]],[[123]],[[124]],[[125]],[[126]],[[127]],[[128]],[[129]],[[130]],[[131]],[[132]],[[133]],[[134]],[[135]],[[136]],[[137]],[[138]],[[139]],[[140]],[[141]],[[142]],[[143]],[[144]],[[145]],[[146]],[[147]],[[148]],[[149]],[[150]],[[151]],[[152]],[[153]],[[154]],[[155]],[[156]],[[157]],[[158]],[[159]],[[160]],[[161]],[[162]],[[163]],[[164]],[[165]],[[166]],[[167]],[[168]],[[169]],[[170]],[[171]]],"type":"MultiPolygon","properties":{"N03_001":"愛媛県","N03_004":"今治市","PREF_CODE":"38","MERGED_CODE":"38202","N03_007":"38202"},"id":"38202"},{"arcs":[[[172,173,174,175,176,177]],[[178]],[[179]],[[180]],[[181]],[[182]],[[183]],[[184]],[[185]],[[186]],[[187]],[[188]],[[189]],[[190]],[[191]],[[192]],[[193]],[[194]],[[195]],[[196]],[[197]],[[198]],[[199]],[[200]],[[201]],[[202]],[[203]],[[204]],[[205]],[[206]],[[207]],[[208]],[[209]],[[210]],[[211]],[[212]],[[213]],[[214]],[[215]],[[216]],[[217]],[[218]],[[219]],[[220]],[[221]],[[222]],[[223]],[[224]],[[225]],[[226]],[[227]],[[228]],[[229]],[[230]],[[231]],[[232]],[[233]],[[234]],[[235]],[[236]],[[237]],[[238]],[[239]],[[240]],[[241]],[[242]],[[243]],[[244]],[[245]],[[246]],[[247]],[[248]],[[249]],[[250]],[[251]],[[252]],[[253]],[[254]],[[255]],[[256]],[[257]],[[258]],[[259]],[[260]],[[261]],[[262]],[[263]],[[264]],[[265]],[[266]],[[267]],[[268]],[[269]],[[270]],[[271]]],"type":"MultiPolygon","properties":{"N03_001":"愛媛県","N03_004":"宇和島市","PREF_CODE":"38","MERGED_CODE":"38203","N03_007":"38203"},"id":"38203"},{"arcs":[[[272,273,274,275,276]],[[277]],[[278]],[[279]],[[280]],[[281]],[[282]],[[283]],[[284]],[[285]],[[286]],[[287]]],"type":"MultiPolygon","properties":{"N03_001":"愛媛県","N03_004":"八幡浜市","PREF_CODE":"38","MERGED_CODE":"38204","N03_007":"38204"},"id":"38204"},{"arcs":[[[288,289,290,291,292]],[[293]],[[294]],[[295]],[[296]],[[297]],[[298]],[[299]],[[300]]],"type":"MultiPolygon","properties":{"N03_001":"愛媛県","N03_004":"新居浜市","PREF_CODE":"38","MERGED_CODE":"38205","N03_007":"38205"},"id":"38205"},{"arcs":[[[-72,301,-290,302,303,304]],[[305]],[[306]],[[307]],[[308]],[[309]],[[310]]],"type":"MultiPolygon","properties":{"N03_001":"愛媛県","N03_004":"西条市","PREF_CODE":"38","MERGED_CODE":"38206","N03_007":"38206"},"id":"38206"},{"arcs":[[[-275,311,312,313,314]],[[315]],[[316]],[[317]],[[318]]],"type":"MultiPolygon","properties":{"N03_001":"愛媛県","N03_004":"大洲市","PREF_CODE":"38","MERGED_CODE":"38207","N03_007":"38207"},"id":"38207"},{"arcs":[[[-313,319,320,321,322]],[[323]],[[324]],[[325]]],"type":"MultiPolygon","properties":{"N03_001":"愛媛県","N03_004":"伊予市","PREF_CODE":"38","MERGED_CODE":"38210","N03_007":"38210"},"id":"38210"},{"arcs":[[[326,-292,327]],[[328]],[[329]],[[330]],[[331]],[[332]],[[333]],[[334]]],"type":"MultiPolygon","properties":{"N03_001":"愛媛県","N03_004":"四国中央市","PREF_CODE":"38","MERGED_CODE":"38213","N03_007":"38213"},"id":"38213"},{"arcs":[[[-174,335,-276,-315,336,337,338,339]],[[340]],[[341]],[[342]],[[343]],[[344]],[[345]],[[346]],[[347]],[[348]],[[349]],[[350]],[[351]]],"type":"MultiPolygon","properties":{"N03_001":"愛媛県","N03_004":"西予市","PREF_CODE":"38","MERGED_CODE":"38214","N03_007":"38214"},"id":"38214"},{"arcs":[[-2,-73,-305,352]],"type":"Polygon","properties":{"N03_001":"愛媛県","N03_004":"東温市","PREF_CODE":"38","MERGED_CODE":"38215","N03_007":"38215"},"id":"38215"},{"arcs":[[[353]],[[354]],[[355]],[[356]],[[357]],[[358]],[[359]],[[360]],[[361]],[[362]],[[363]],[[364]],[[365]],[[366]],[[367]],[[368]],[[369]],[[370]],[[371]],[[372]],[[373]],[[374]],[[375]],[[376]],[[377]],[[378]],[[379]],[[380]],[[381]],[[382]],[[383]]],"type":"MultiPolygon","properties":{"N03_001":"愛媛県","N03_004":"上島町","PREF_CODE":"38","MERGED_CODE":"38356","N03_007":"38356"},"id":"38356"},{"arcs":[[-3,-353,-304,384,-338,385,386]],"type":"Polygon","properties":{"N03_001":"愛媛県","N03_004":"久万高原町","PREF_CODE":"38","MERGED_CODE":"38386","N03_007":"38386"},"id":"38386"},{"arcs":[[-5,387,-321,388]],"type":"Polygon","properties":{"N03_001":"愛媛県","N03_004":"松前町","PREF_CODE":"38","MERGED_CODE":"38401","N03_007":"38401"},"id":"38401"},{"arcs":[[-4,-387,389,-322,-388]],"type":"Polygon","properties":{"N03_001":"愛媛県","N03_004":"砥部町","PREF_CODE":"38","MERGED_CODE":"38402","N03_007":"38402"},"id":"38402"},{"arcs":[[-314,-323,-390,-386,-337]],"type":"Polygon","properties":{"N03_001":"愛媛県","N03_004":"内子町","PREF_CODE":"38","MERGED_CODE":"38422","N03_007":"38422"},"id":"38422"},{"arcs":[[[-273,390]],[[391]],[[392]],[[393]],[[394]],[[395]],[[396]],[[397]],[[398]],[[399]],[[400]],[[401]],[[402]],[[403]],[[404]],[[405]],[[406]],[[407]],[[408]],[[409]],[[410]],[[411]],[[412]],[[413]],[[414]],[[415]],[[416]],[[417]],[[418]],[[419]],[[420]],[[421]],[[422]]],"type":"MultiPolygon","properties":{"N03_001":"愛媛県","N03_004":"伊方町","PREF_CODE":"38","MERGED_CODE":"38442","N03_007":"38442"},"id":"38442"},{"arcs":[[-176,423,424]],"type":"Polygon","properties":{"N03_001":"愛媛県","N03_004":"松野町","PREF_CODE":"38","MERGED_CODE":"38484","N03_007":"38484"},"id":"38484"},{"arcs":[[-175,-340,425,-424]],"type":"Polygon","properties":{"N03_001":"愛媛県","N03_004":"鬼北町","PREF_CODE":"38","MERGED_CODE":"38488","N03_007":"38488"},"id":"38488"},{"arcs":[[[-178,426]],[[427]],[[428]],[[429]],[[430]],[[431]],[[432]],[[433]],[[434]],[[435]],[[436]],[[437]],[[438]],[[439]],[[440]],[[441]],[[442]],[[443]],[[444]],[[445]],[[446]],[[447]],[[448]],[[449]],[[450]],[[451]],[[452]],[[453]],[[454]],[[455]],[[456]],[[457]],[[458]],[[459]],[[460]],[[461]],[[462]],[[463]],[[464]],[[465]],[[466]],[[467]],[[468]],[[469]],[[470]],[[471]],[[472]],[[473]],[[474]],[[475]],[[476]],[[477]],[[478]],[[479]],[[480]],[[481]],[[482]],[[483]],[[484]],[[485]],[[486]],[[487]],[[488]],[[489]],[[490]],[[491]],[[492]],[[493]],[[494]],[[495]],[[496]],[[497]],[[498]]],"type":"MultiPolygon","properties":{"N03_001":"愛媛県","N03_004":"愛南町","PREF_CODE":"38","MERGED_CODE":"38506","N03_007":"38506"},"id":"38506"}]}}}