{"type":"Topology","arcs":[[[182647,121564],[122,64],[60,51],[53,9],[60,53],[97,35],[73,-11],[99,35],[62,65],[62,32],[55,65],[42,-1],[35,62],[59,69],[52,149],[5,74],[73,103],[102,43],[159,29],[26,32],[0,49],[26,23],[93,-2],[82,35],[90,21],[64,46],[72,-41],[148,-20],[56,6],[177,-13],[71,-19],[135,8],[99,-27],[187,-75],[24,-3],[97,32],[86,40],[50,46],[84,3],[50,36],[48,-2],[29,-46],[105,21],[92,29],[102,-39],[150,29],[-21,65],[16,38],[78,21],[40,43],[-1,102],[-13,55],[116,-30],[70,67],[66,20],[159,-44],[92,12],[67,39],[56,4],[82,-40],[41,0],[65,32],[20,27],[28,116],[101,91],[47,55],[64,112],[35,190],[1,182],[10,53],[101,-62],[155,-56],[34,-58],[18,-73],[31,-26],[69,2],[76,21],[65,49],[41,-22],[12,-79],[157,-82],[65,28],[113,91],[116,27],[35,45],[65,18],[149,-8],[102,-30],[173,-23],[155,-3],[84,48],[106,-5],[66,-21],[60,62],[22,56],[99,36],[93,-30],[41,-67],[90,-30],[44,35],[54,-3],[49,63],[31,18],[21,45],[1,107],[130,109],[108,118],[44,7],[134,-3],[43,-69],[122,-27],[59,-25],[55,-48],[48,-82],[170,123],[5,103],[24,43],[42,23],[116,160],[32,58],[22,121],[34,50],[107,51],[10,52],[-52,54],[-30,57],[5,59],[-27,99],[-7,81],[-29,63],[-133,114],[-57,32],[-7,195],[-42,180],[-15,140],[-27,67],[-100,105],[-16,29],[-62,228],[28,183],[76,158],[79,71],[89,100],[13,84],[100,70],[57,71],[34,79],[1,60],[-79,150],[-66,93],[-53,57],[7,73],[30,66],[14,70],[40,67],[71,417],[4,186],[-31,180],[87,2],[183,20],[68,21],[28,45],[75,37],[223,17],[207,34],[533,249],[341,136],[72,34],[262,174],[229,-4],[18,133],[36,60],[36,28],[76,-11],[57,15],[65,44],[45,14],[164,-56],[117,-20],[26,8],[92,75],[64,29],[144,104],[66,30],[86,23],[185,70],[50,12],[80,-26],[42,-48],[33,-1],[74,38],[47,39],[151,80],[77,54],[39,3],[90,65],[84,88],[152,48],[179,30],[26,14],[4,83],[-23,66],[41,92],[12,60],[61,30],[49,2],[61,-50],[69,-23],[64,-43],[31,63],[41,43],[110,50],[51,239],[39,133],[36,45],[127,65],[66,67],[46,13],[77,62],[80,-32],[93,95],[49,28],[16,69],[44,19],[117,-48],[20,-106],[77,-54],[63,-11],[131,-71],[185,-28],[172,-63],[72,-7],[171,-35],[84,-67],[64,-14],[92,19],[13,-18],[-8,-96],[95,-91],[58,-35],[261,-124],[99,-39]],[[198811,130439],[-2,-12],[98,-42],[-6,-56],[-41,20],[-60,-3],[6,-18],[67,-36],[20,-33],[52,38],[44,-9],[85,-75],[44,-3],[37,19],[40,-14],[48,23],[53,-2],[23,-88],[41,-61],[29,14],[3,35],[31,6],[36,-77],[-1,-36],[42,-30],[20,-46],[-14,-27],[80,-79],[11,-24],[-3,-90],[41,-3],[14,66],[23,11],[33,-56],[-7,-74],[47,3],[25,33],[67,10],[18,-24],[-68,-77],[-11,-68],[24,-48],[6,-69],[61,-17],[103,-51],[-68,-138],[-69,-8],[-14,-41],[28,-3],[8,-97],[30,-63],[-13,-65],[25,-70],[-51,-26],[-1,-28],[-46,-133],[18,-33],[-84,-20],[0,-42],[86,-19],[33,-32],[-54,-94],[22,-14],[32,26],[57,-2],[12,53],[40,58],[13,54],[48,-18],[50,48],[38,-38],[54,-133],[-9,-90],[-35,-20],[-35,-68],[12,-59],[-16,-56],[-57,81],[-115,31],[-96,-7],[-60,-60],[65,-74],[34,21],[98,19],[39,-34],[62,-24],[28,-61],[-23,-54],[4,-42],[-54,-76],[-41,-15],[-60,21],[-57,-87],[-15,-72],[58,-86],[32,-9],[37,-66],[46,5],[20,84],[66,-15],[1,-70],[-25,-94],[-74,1],[-22,-60],[30,-22],[-1,-130],[-40,-42],[48,-34],[-48,-76],[10,-65],[-83,25],[-33,74],[-67,39],[-26,45],[-70,-5],[-60,37],[-44,76],[-88,119],[-55,-22],[44,-116],[-14,-46],[48,-32],[28,-47],[-18,-17],[44,-42],[41,-5],[80,-48],[23,-53],[-9,-49],[-43,-6],[-29,-63],[59,-30],[56,30],[61,-40],[37,23],[48,-18],[39,-58],[-18,-28],[10,-44],[55,-39],[8,-47],[43,-81],[-26,-36],[-73,59],[-31,-5],[-34,-40],[13,-24],[-10,-57],[-76,-4],[-16,61],[-28,1],[-40,-43],[-158,36],[-31,-43],[-1,-41],[57,-24],[18,-27],[2,-102],[23,-28],[111,14],[20,-74],[42,-32],[-62,22],[-45,-120],[22,-47],[-6,-56],[-19,-17],[18,-65],[45,-27],[19,-60],[-16,-92],[31,-30],[90,10],[40,-53],[7,-34],[-80,-68],[-53,-63],[-104,-41],[-61,-80],[-22,-104],[-26,-8],[-2,-67],[26,-67],[-44,-44],[-23,-102],[2,-39],[-46,-52],[-150,-9],[5,-41],[57,7],[10,-34],[-145,-19],[-30,-46],[-100,20],[-57,-15],[-27,-64],[25,-37],[-28,-28],[11,-38],[36,-36],[58,1],[-21,-123],[-80,-40],[-68,21],[-70,-45],[-67,-16],[-37,12],[-67,51],[-30,43],[-35,1],[-91,57],[-23,-47],[-23,10],[22,47],[-47,43],[-33,-7],[-71,-51],[-32,5],[-57,51],[-9,-12],[-74,56],[-30,40],[15,30],[-30,33],[19,59],[-23,41],[-107,-39],[-43,22],[27,83],[-6,46],[22,27],[-24,23],[-48,-49],[-57,4],[-52,-51],[22,105],[109,70],[-68,8],[6,106],[-20,16],[-36,-58],[-97,-24],[-49,65],[35,54],[-21,30],[8,50],[-53,43],[39,40],[20,-10],[57,33],[60,-10],[78,67],[31,61],[-95,-6],[-58,-40],[-41,0],[-54,34],[-72,20],[-36,-28],[-24,10],[29,47],[-27,26],[-8,45],[36,25],[23,-20],[35,43],[60,-21],[32,24],[65,-4],[72,-47],[39,-9],[39,19],[-20,69],[-47,10],[-36,51],[13,44],[37,-2],[30,32],[83,8],[47,25],[14,54],[-26,69],[-48,14],[-24,52],[12,59],[-29,55],[-79,-24],[-37,-46],[-41,12],[-37,-23],[-56,21],[5,56],[-18,26],[81,50],[33,4],[17,-28],[61,60],[-17,50],[49,40],[55,13],[43,34],[1,41],[-36,52],[36,79],[4,59],[97,64],[107,56],[24,38],[-64,59],[-42,-44],[-46,29],[-93,-30],[-107,3],[-12,16],[24,100],[27,38],[59,-5],[-9,56],[15,36],[61,53],[35,-6],[93,86],[-1,87],[-125,30],[-54,50],[8,37],[-29,25],[-71,-65],[-38,-5],[-39,-45],[4,-34],[-44,-8],[-62,15],[-26,-60],[-19,41],[-46,-12],[8,-66],[-19,-22],[39,-26],[-1,-64],[-20,-74],[-39,-59],[-38,8],[17,-79],[28,-25],[-51,-71],[-36,-88],[-13,-95],[-20,-37],[-80,-17],[-19,-34],[-45,-16],[-90,0],[-42,57],[73,23],[46,-11],[32,23],[-40,54],[-48,35],[14,34],[134,30],[-14,28],[-56,11],[-46,31],[-12,38],[29,4],[67,42],[25,51],[-79,20],[-4,47],[37,25],[42,0],[-1,63],[23,25],[-13,39],[30,62],[-24,26],[-68,15],[-22,51],[54,18],[-6,51],[62,19],[-11,54],[-68,-4],[45,29],[22,-16],[26,34],[-30,52],[54,82],[74,-5],[21,-58],[60,-11],[-8,65],[27,23],[84,-2],[-39,55],[-53,14],[-26,30],[49,74],[-117,17],[-31,-4],[-46,34],[44,13],[26,58],[-52,56],[39,74],[118,-55],[60,68],[-113,43],[8,48],[-35,31],[-35,72],[117,-2],[29,24],[-177,109],[-7,81],[44,14],[12,26],[49,20],[54,-12],[35,76],[61,-6],[38,18],[45,54],[31,78],[-13,75],[-42,28],[-19,37],[57,60],[24,4],[12,56],[-48,74],[-5,56],[19,76],[-131,166],[-15,42],[-20,-33],[-68,-50],[-72,5],[0,-71],[-142,-199],[-471,16],[-6,8],[-329,-233],[-50,-48],[-23,6],[-79,-62],[28,-23],[-80,-62],[-31,12],[-70,-60],[-80,-95],[-59,-116],[-16,-114],[9,-1],[-21,-107],[-9,1],[-49,-182],[10,-13],[6,-170],[-72,28],[-29,-82],[16,-5],[-17,-60],[-17,8],[-23,-85],[32,-84],[53,-14],[21,-91],[-6,-141],[30,-9],[-9,-81],[-20,-19],[-51,19],[-34,-56],[41,-35],[142,-50],[-8,-56],[-34,-55],[-79,-30],[-26,-120],[59,-18],[-28,-61],[-37,8],[-24,-25],[-3,-73],[52,15],[15,-23],[-47,-31],[102,-12],[89,27],[60,-51],[0,-49],[20,-30],[-22,-64],[-44,-28],[-37,-70],[71,-44],[65,14],[72,49],[26,-22],[-40,-94],[-54,-8],[-30,-46],[-164,51],[-39,36],[-56,-23],[26,-45],[45,-10],[-3,-38],[58,3],[43,-37],[59,-5],[28,-63],[48,42],[29,-23],[-82,-83],[-61,34],[-10,-39],[-78,-37],[-57,-1],[-7,-22],[94,10],[33,-27],[86,-20],[9,-49],[58,-89],[23,-8],[5,89],[67,14],[23,-33],[-28,-114],[30,-9],[25,-60],[58,-69],[-28,-79],[-35,-46],[57,-93],[73,-81],[-38,-56],[-65,-6],[26,-73],[76,-27],[2,-35],[-58,-47],[-12,-30],[56,-57],[41,-6],[-74,-65],[-73,-51],[8,-92],[-109,-54],[-100,-5],[-65,53],[-77,-114],[30,-40],[43,33],[57,-16],[5,-80],[94,21],[39,-67],[41,-35],[143,-5],[78,-66],[71,-9],[14,-58],[-3,-61],[77,6],[43,68],[63,142],[36,32],[121,-40],[40,-25],[-14,-89],[-45,-44],[22,-42],[1,-64],[84,-24],[-5,-23],[-46,-16],[-61,-114],[-60,-8],[-46,-56],[-15,-44],[-57,28],[-53,-2],[-52,-49],[-24,-68],[-160,-5],[0,20],[79,48],[5,23],[-48,32],[1,46],[34,33],[-54,33],[-41,75],[-170,84],[-16,-18],[-72,-12],[-116,-79],[-26,-6],[-29,-112],[-25,-36],[-13,-79],[50,-37],[-35,-84],[20,-43],[74,-107],[-11,-75],[-103,-68],[6,-92],[-26,-13],[-109,10],[7,-83],[65,-9],[-70,-11],[33,-41],[242,-273],[25,-67],[88,-129],[14,-1],[66,-104],[38,-35],[32,-94],[20,-11],[-14,-71],[-62,-31],[-7,-42],[124,-59],[-14,-19],[129,-144],[67,-2],[-16,52],[4,58],[-13,40],[-38,35],[-2,47],[31,31],[2,68],[17,1],[-3,63],[-57,8],[-37,72],[43,21],[-40,54],[-3,49],[-45,2],[-30,37],[21,47],[-44,8],[11,70],[22,25],[59,9],[44,34],[56,-14],[-27,-76],[-45,-51],[25,-27],[36,4],[0,-34],[63,-84],[-24,-60],[69,3],[64,-34],[-4,-22],[-55,-1],[-14,-50],[79,-41],[14,-29],[32,15],[72,-50],[43,-59],[72,2],[163,-46],[31,111],[45,54],[-30,54],[-192,-12],[-46,-11],[-32,44],[-49,-12],[-23,16],[-3,82],[-30,27],[63,34],[27,43],[-157,9],[-21,28],[2,61],[43,13],[10,25],[-47,28],[-21,71],[39,31],[27,-19],[78,-15],[1,71],[-36,5],[-10,32],[-96,9],[-2,63],[32,17],[24,65],[37,30],[89,-7],[-27,54],[118,2],[41,-66],[39,-1],[29,35],[60,-19],[-13,-30],[30,-45],[-19,-32],[-2,-99],[-40,-44],[24,-33],[-1,-85],[31,-1],[18,101],[19,33],[33,2],[56,-33],[4,114],[-37,29],[17,24],[48,9],[-8,88],[34,-15],[17,34],[90,-34],[33,5],[-11,39],[17,35],[-38,32],[-33,-16],[-43,40],[-63,-15],[-9,21],[41,44],[2,65],[31,12],[52,-82],[37,8],[18,36],[-17,70],[48,-39],[86,-9],[26,41],[64,-36],[-8,-67],[111,-27],[2,-56],[45,-21],[42,63],[29,-104],[21,-17],[59,31],[99,-7],[63,-47],[50,39],[55,-45],[52,5],[26,-22],[50,55],[82,9],[-8,36],[-82,14],[-59,-11],[-62,30],[107,47],[113,-59],[28,30],[37,-18],[38,-63],[-80,-28],[-31,-38],[0,-38],[-36,-56],[-3,-34],[-55,-109],[-57,-61],[-7,-78],[-25,-46],[17,-95],[-44,-31],[-15,-96],[-72,18],[-30,-40],[-32,-9],[25,-88],[108,-1],[-6,-59],[-57,-43],[16,-47],[49,-4],[54,-98],[27,-25],[-10,-58],[26,-74],[50,-32],[-15,-93],[-74,0],[-68,15],[-32,-33],[5,-34],[-29,2],[1,-51],[76,-14],[39,-24],[-51,-103],[4,-85],[27,-19],[74,36],[89,-9],[-48,-82],[-79,-40],[-34,-29],[26,-64],[33,6],[26,-70],[61,-4],[60,72],[28,-25],[-3,-62],[14,-48],[79,-54],[56,15],[-15,31],[17,31],[73,35],[9,51],[98,-14],[-13,-16],[36,-65],[9,-45],[46,11],[-9,68],[27,67],[-17,77],[46,95],[39,11],[15,-63],[-30,-37],[-32,-207],[47,-127],[-17,-23],[-50,17],[-74,-22],[-42,-74],[-80,-79],[-20,-91],[11,-37],[64,-8],[59,-63],[-45,-62],[-60,-38],[-40,-54],[-73,-17],[-3,-30],[66,-28],[60,-45],[-41,-90],[-50,-54],[-47,35],[-53,64],[-55,17],[-143,-23],[-17,-31],[5,-130],[-26,-30],[-56,4],[-22,-53],[13,-45],[-68,19],[-19,-25],[50,-37],[19,-49],[-23,-26],[-57,22],[-72,-21],[-28,-75],[-62,-56],[0,-71],[45,-30],[59,-110],[49,-21],[2,-47],[-47,-40],[-13,-38],[-53,-14],[-57,16],[-62,-54],[-23,19],[45,49],[-51,15],[-26,-26],[-58,-2],[-80,28],[24,116],[-24,43],[44,41],[105,70],[-2,45],[-70,18],[-56,-37],[-53,-5],[-27,22],[-2,71],[31,22],[-7,34],[-34,-5],[-6,-32],[-64,-98],[-51,-107],[-54,-15],[-77,69],[-19,-21],[-42,11],[-19,33],[-56,-4],[-98,168],[-94,-70],[13,82],[-1,82],[12,23],[50,-7],[18,26],[-58,33],[37,31],[14,48],[-37,26],[-6,34],[-64,-5],[-27,30],[-26,81],[12,48],[44,44],[18,54],[77,28],[35,-6],[72,-49],[5,-22],[81,-6],[30,-20],[-2,-31],[35,-21],[14,-44],[46,-25],[24,19],[-6,79],[38,75],[-3,59],[-28,29],[-50,0],[-42,47],[6,33],[-78,9],[-8,36],[-78,17],[-24,-29],[-128,32],[-56,-26],[-59,-127],[-57,-27],[-239,-347],[-58,-37],[-16,-50],[20,-8],[-39,-69],[33,-110],[29,-57],[-30,-47],[-106,-17],[-9,-50],[67,-54],[28,-40],[-92,-57],[-13,-22],[22,-59],[52,-16],[24,-27],[-42,-83],[17,-52],[68,-1],[16,-46],[59,-82],[-13,-47],[32,-21],[-16,-24],[-90,-65],[-80,3],[-50,31],[-34,-67],[-56,-44],[24,-66],[-52,-47],[53,-40],[8,-28],[-30,-33],[-46,3],[-21,-45],[50,-35],[-21,-61],[-46,-67],[41,-53],[2,-98],[13,-65],[80,-111],[37,-136],[-37,-103],[-85,-35],[-9,-55],[61,-14],[-34,-138],[82,-27],[102,78],[29,69],[38,36],[32,65],[87,276],[-32,31],[-26,103],[15,35],[-9,44],[54,1],[11,50],[50,35],[44,-2],[50,59],[24,7],[64,-36],[8,-32],[69,-32],[29,36],[2,65],[43,-3],[62,-32],[26,-33],[4,-51],[54,-88],[-26,-43],[37,-89],[28,-17],[44,10]],[[197661,118292],[-91,-93],[-95,-51],[-32,-30],[-30,-85],[-3,-52],[16,-90],[-6,-64],[12,-46],[-51,-92],[-115,-95],[-106,-108],[-104,-130],[-80,-83],[-2,-56],[45,-24],[37,-42],[28,1],[55,40],[61,16],[41,-16],[21,-47],[24,-206],[-8,-110],[-17,-85],[4,-47],[67,-234],[86,-132],[119,-81],[63,-82],[100,-49],[63,-50],[49,-23],[123,-1],[129,29],[35,-1],[-82,-88],[-21,-116],[19,-248],[17,-67],[197,-244],[24,-48],[-1,-47],[-33,-37],[-13,-48],[27,-80],[-71,-154],[51,-315],[149,-166],[59,-52],[106,-31],[32,-31],[11,-102],[130,-122],[66,-81],[71,-38],[26,-37],[15,-75],[66,-133],[30,-19],[76,-3],[115,-69],[61,-9],[188,-10],[130,-25],[77,21],[77,-117],[4,-115],[54,-77],[20,-66],[-72,-91],[-23,-47],[-9,-128],[106,-88],[56,-77],[47,-109],[69,-57],[45,-5],[58,-82],[45,-7],[36,-37],[13,-60],[107,-79],[77,-18],[67,-62],[4,-75],[-54,-68],[-10,-75],[-37,-95],[-14,-161],[-29,-64],[12,-48],[-34,-131],[0,-83],[-87,-47],[-101,-91],[-73,-145],[5,-78],[115,-171],[19,-128],[121,-5],[39,-21],[150,1],[57,9],[296,160],[207,27],[68,74],[69,30],[45,66],[57,-2],[40,24],[142,-5],[160,-28],[102,-49],[89,0],[45,-45],[5,-48],[102,-9],[110,-45],[34,-30],[51,13],[258,26],[97,30],[58,2],[10,66],[38,-4],[11,36],[44,-6],[0,-58],[42,-12],[8,-32],[67,-40],[9,-39],[-38,-41],[38,-64],[-23,-70],[-48,-12],[-3,-82],[-21,-36],[42,-26],[-23,-65],[-81,-74],[-27,-109],[-2,-82],[-48,-84],[144,-60],[28,87],[55,-10],[24,33],[87,45],[61,66],[277,-4],[11,50],[57,12],[55,-23],[34,6],[40,53],[39,16]],[[203423,110429],[110,-131],[17,-45],[6,-89],[22,-26],[32,-145],[55,7],[36,-70],[55,-23],[32,-95],[38,-18],[98,6],[55,51],[48,2],[26,-53],[-7,-87],[55,-23],[59,38],[1,-132],[-95,-25],[-130,9],[26,-62],[67,-38],[84,-69],[143,-136],[127,-177],[61,-41],[111,1],[-14,-67],[19,-25],[88,-6],[75,-71],[64,-178],[60,-30],[175,-52],[83,-31],[56,9],[64,63],[32,87],[6,100],[117,42],[50,29],[61,54],[22,50],[14,160],[53,155],[1,107],[65,58],[-17,113],[8,49],[72,61],[36,126],[52,85],[55,25],[65,-3],[47,-58],[103,-26],[52,-42],[1,-75],[-41,-76],[22,-34],[52,-3],[37,-77],[-31,-67],[-8,-114],[-34,-10],[-54,28],[-56,-27],[-65,-138],[-52,-61],[-29,-63],[17,-68],[-5,-74],[-94,-203],[20,-52],[73,-62],[-15,-48],[-72,-72],[-9,-61],[47,-103],[53,-55],[92,-17],[23,9],[95,105],[21,43],[29,108],[-7,27],[35,30],[40,138],[-26,121],[-19,185],[4,99],[105,84],[1,40],[65,78],[54,25],[54,49],[75,-36],[43,76],[69,19],[9,94],[34,45],[94,62],[48,-1],[87,-47],[19,-66],[109,12],[190,92],[148,124],[-6,29],[59,42],[115,-64],[37,-49],[-8,-43],[26,-51],[-9,-52],[-59,-116],[-45,-58],[110,9],[76,-71],[116,-58],[55,4],[9,19],[-32,103],[5,37],[66,72],[140,29],[106,55],[91,8],[23,24],[-2,54],[52,110],[48,28],[141,-16],[54,18],[33,41],[20,79],[62,132],[93,48],[147,96],[19,50],[-8,96],[71,-54],[155,-55],[74,-81],[88,-43],[149,3],[85,-14],[74,13],[138,-87],[52,-23],[33,20],[93,-32],[118,0],[75,-16],[75,34],[61,1],[145,58],[95,30],[188,26],[52,-2],[105,98],[44,71],[43,-9],[162,-90],[53,-2],[34,41],[83,24],[42,58],[183,118],[39,40],[69,15],[70,53],[71,17],[134,119],[43,168],[157,118],[46,45],[112,235],[95,89],[51,79],[116,77],[27,29]],[[212501,111601],[76,-77],[103,41],[165,-5],[131,-24],[157,-41],[182,-7],[16,-120],[19,-59],[78,-137],[46,-46],[132,-67],[103,-89],[68,7],[206,48],[126,-17],[109,14],[91,48],[67,16],[53,48],[148,80],[109,17],[87,83],[59,37],[125,41],[107,-5],[117,-50],[97,72],[86,45],[64,-24],[45,1],[84,-25],[36,-46],[71,-189],[38,-36],[64,8],[57,-13],[52,12],[57,-14],[101,-96],[69,-19],[25,-24],[55,-105],[20,-103],[72,-208],[94,-189],[47,0],[118,67],[73,28],[19,-9],[53,-117],[2,-80],[-17,-35],[19,-27],[118,24],[87,-30],[117,29],[40,-14],[13,48],[74,-39],[35,8],[52,55],[62,22],[174,42],[17,46],[68,44],[128,22],[32,18],[76,2],[22,67],[36,50],[35,77],[124,43],[73,81],[53,44],[113,71],[67,89],[56,26],[83,157],[-5,61],[41,0],[43,52],[29,-80],[47,-40],[17,-51],[39,-3],[66,32],[73,-19],[35,-118],[86,-97],[44,-91],[7,-50],[-2,-172],[68,-199],[33,-123],[32,-46],[117,-60],[85,-106],[38,-31],[103,-11],[110,-87],[105,-37],[75,-145],[40,-51],[114,-91],[39,42],[114,38],[88,19],[94,0],[203,-13],[71,-19],[29,-32],[51,-97],[15,-116],[-30,-157],[-48,-104],[-61,-88],[-13,-49],[-70,-101],[-55,-40],[-105,-45],[-116,-140],[23,-53],[-47,-80],[-13,-200],[135,-113],[-1,-27],[-70,-71],[18,-83],[-8,-150],[7,-94],[-23,-65],[13,-82],[5,-176],[-8,-116],[45,-63],[6,-75],[-31,-137],[22,-120],[65,-120],[64,-217],[59,-39],[155,-64],[58,-142],[45,-38],[-75,-125],[-3,-50],[63,-20],[21,-22],[27,-116],[-17,-69],[-45,-21],[-89,33],[-30,-16],[-19,-60],[-64,-87],[-108,-73],[-28,-93],[-31,-57],[-41,-36],[-108,-57],[-62,-98],[17,-69],[-4,-46],[31,-65],[-4,-37],[-96,-118],[-87,-79],[-23,-171],[2,-49],[57,-35],[36,-87],[24,2],[65,49],[-11,-49],[30,-59],[56,-54],[35,-76],[59,-81],[-8,-85],[-54,-86],[-9,-114],[11,-109],[28,-50],[142,-91],[-6,-70],[-91,-134],[-5,-103],[-57,3],[-66,-81],[-142,-139]],[[219923,103353],[-25,-7],[-239,151],[-8,-11],[-198,117],[-170,41],[-93,95],[-198,-9],[-4,12],[248,12],[-18,98],[-136,92],[-218,-9],[-15,-176],[-175,-16],[13,-103],[-46,13],[12,85],[-295,34],[-314,126],[32,91],[-21,43],[-31,-56],[24,-11],[-69,-60],[-76,44],[-45,-17],[-36,-58],[-103,9],[-24,14],[-10,51],[-43,-61],[-65,-9],[-74,11],[-16,28],[12,61],[-23,16],[-51,-8],[-29,96],[26,14],[-1,47],[28,9],[-111,4],[-343,-21],[6,-19],[-64,-17],[1,-34],[-35,-14],[-38,30],[6,35],[33,13],[-135,-8],[-91,6],[-39,-21],[-9,-44],[-57,-9],[-7,53],[34,37],[-109,19],[-113,-19],[-246,-117],[69,-140],[-463,-262],[38,-34],[-24,-9],[-20,39],[-49,-25],[-228,-55],[-256,-216],[29,-28],[-34,-89],[70,-16],[22,80],[11,-88],[-34,-33],[-46,-7],[-22,-160],[-35,-141],[73,-90],[-22,-25],[89,-140],[47,-54],[72,45],[-4,55],[-21,49],[-55,59],[13,37],[-56,125],[9,0],[55,-124],[104,-67],[26,-38],[37,-128],[88,-200],[15,-59],[117,-153],[91,-62],[42,-50],[18,-93],[-18,-68],[68,-72],[40,-5],[61,-138],[31,-8],[-14,-82],[26,-67],[69,-85],[70,-67],[9,-79],[26,-33],[14,-89],[-9,-51],[-39,-64],[-95,-53],[-9,-100],[-63,-68],[-109,-29],[-54,-85],[11,-62],[-25,-140],[43,-50],[-1,-24],[-50,-25],[-14,-60],[-46,0],[-24,38],[-45,-5],[-143,-93],[-35,-5],[-1,43],[-55,28],[-90,-80],[-27,15],[-25,-25],[-15,46],[-216,-23],[-122,0],[-33,-62],[-76,-80],[-65,15],[-128,-147],[-43,-17],[-162,-152],[-123,-151],[-84,-170],[-35,-151],[46,-90],[39,3],[-6,30],[31,57],[149,-75],[-39,-72],[47,-30],[64,-63],[61,-78],[44,-97],[-82,-83],[-71,-52],[-153,-65],[-160,-93],[-74,-72],[-95,-139],[-23,-145],[-75,-4],[-102,-81],[-28,-37],[-32,-78],[21,-7],[-43,-44],[20,-18],[-57,-81],[-40,-24],[-10,-78],[-35,3],[-5,-43],[-74,-37],[-43,28],[24,22],[-28,85],[-68,95],[-6,48],[24,19],[-8,67],[-38,35],[-23,51],[-4,59],[-38,57],[2,88],[27,89],[-40,30],[-124,30],[-18,-23],[-68,1],[-69,-13],[11,-90],[-13,-43],[-74,-58],[-4,-20],[-74,-32],[-17,-26],[41,-13],[-36,-119],[-56,14],[20,-66],[24,-19],[74,-1],[45,-43],[-34,-51],[-3,-84],[-176,-32],[-62,-104],[-2,-55],[18,-83],[16,-18],[65,0],[73,-27],[39,12],[-50,-58],[58,-5],[-130,-46],[39,-25],[-68,-36],[-33,-48],[-33,17],[-18,-21],[-12,-74],[25,-46],[40,-18],[-32,-28],[4,-28],[-49,-52],[0,-118],[-20,-59],[60,-52],[-39,-1],[-1,-43],[46,-2],[14,-28],[-34,-18],[-32,18],[-27,-60],[124,-65],[6,-60],[-141,-61],[-32,-74],[-25,-16],[-53,71],[-53,24],[-95,-11],[-19,-68],[-69,-36],[-17,-83],[-32,-13],[25,-24],[-32,-28],[-37,-1],[-30,71],[-63,34],[-10,57],[-59,65],[-87,31],[-115,-7],[-72,37],[-1,37],[36,31],[-113,85],[-33,-1],[-47,-49],[-75,31],[-32,64],[11,32],[-26,51],[-48,26],[-2,131],[-38,33],[-135,86],[-57,12],[-24,-19],[-23,-173],[3,-113],[-17,1],[-17,-310],[75,-43],[89,146],[7,-4],[-89,-147],[14,-31],[112,-64],[-13,-71],[-227,44],[-20,-72],[-19,-15],[-92,12],[-6,-66],[216,-35],[0,-14],[-217,35],[-14,-150],[103,-11],[41,-63],[-22,-13],[-38,59],[-80,7],[-2,-67],[48,-140],[310,72],[80,144],[52,9],[-1,-27],[-120,-214],[20,-85],[26,-56],[17,-110],[-3,-43],[25,4],[20,-71],[55,-57],[18,-89],[-21,-97],[-45,-78],[-60,-26],[-68,-99],[10,-83],[33,-133],[-36,-160],[2,-48],[-19,-84],[-46,-43],[-49,-96],[-2,-38],[-59,-51],[-37,-111],[-55,-77],[-103,-48],[-63,-76],[2,-55],[23,-116],[-39,-45],[-1,-30],[-72,-36],[-27,-34],[-68,28],[-26,-23],[-12,-77],[-37,-52],[42,-30],[-8,-26],[-55,-43],[-9,44],[-50,2],[-61,-32],[-70,-53],[-39,-49],[-23,-142],[-72,-71],[-67,-48],[-62,-19],[-23,-54],[-119,-113],[-40,-51],[-89,-74],[-53,-78],[-4,-42],[-35,-113],[14,-55],[96,-102],[-5,-70],[-25,-21],[-22,-95],[49,-79],[9,-84],[-65,-61],[-24,-42],[2,-52],[-42,-57],[-9,-47],[-28,-41],[3,-51],[-44,15],[25,-45],[-51,22],[-88,-91],[-29,-62],[2,-34],[-30,-50],[-25,8],[-18,-38],[-53,-33],[-62,-11],[6,-38],[-36,-24],[-36,23],[-82,-102],[-27,-62],[-31,4],[-3,-47],[-35,-76],[-15,-134],[27,-40],[-24,-20],[-20,-195],[14,-30],[61,-47],[34,-83],[-32,-109],[-32,5],[-44,40],[-51,-23],[-19,-56],[-38,-35],[-8,-58],[-25,18],[-30,-65],[-45,54],[-31,-10],[-7,-40],[-63,4],[-45,-35],[-32,-57],[-35,-105],[-42,-61],[12,-31],[-44,-28],[24,-26],[-57,3],[-106,-41],[-15,-30],[-67,-28],[-2,-22],[-135,-116],[63,-47],[-13,-22],[-27,34],[-52,-36],[-15,51],[-39,2],[-102,-84],[26,-28],[-20,-16],[-87,8],[-9,-57],[-77,-56],[-8,-63],[-58,-106],[-8,-44],[-49,-58],[-166,47],[-24,29],[-42,10],[-37,-37],[-12,38],[-56,-32],[-91,15],[-111,68],[-4,13],[-85,22],[-49,-16],[-59,-45],[-7,-60],[-60,-93],[-13,-64],[-49,22],[-70,-19],[12,-41],[-41,31],[-78,19],[-60,26],[-80,-20],[-129,-103],[-52,-55],[-3,-143],[8,-65],[-16,-112],[52,-66],[26,-72],[27,3],[20,-40],[-3,-50],[46,-16],[-2,-39],[-29,-5],[28,-42],[-54,38],[-103,-16],[-18,-81],[37,1],[13,-25],[-36,-18],[-18,-87],[-52,11],[-39,56],[21,50],[-55,25],[13,55],[-23,13],[-21,73],[-81,42],[-72,-4],[-48,-29],[-41,-69],[-26,-74],[-16,26],[-46,-41],[23,-74],[-10,-51],[-41,-2],[-95,71],[18,-42],[-38,-2],[45,-53],[-45,-42],[-61,24],[37,-44],[-81,-12],[-100,47],[-2,67],[-92,35],[-19,37],[-96,33],[-86,-52],[-20,-31],[-13,-87],[-57,-66],[42,-50],[1,-24],[-43,27],[32,-46],[-62,29],[-46,-16],[-58,11],[0,-36],[-32,13],[-58,98],[-46,16],[-60,-15],[-127,-72],[-45,-39],[-45,-68],[17,-38],[-28,-34],[13,-23],[-25,-103],[-95,-2],[-60,-27],[-53,38],[-102,-42],[-56,-1],[-71,-91],[2,-104],[-37,22],[-11,-69],[-73,-2],[-8,73],[-73,39],[-152,-43],[-29,-42],[-72,20],[-20,-17],[-60,-1],[-32,-28],[-10,-60],[-100,-6],[11,-47],[-82,-29],[-4,43],[-39,-2],[1,43],[-67,43],[10,11],[-68,45],[-51,9],[-133,124],[-61,48],[-96,48],[29,34],[-58,41],[-57,60],[-45,-26],[-22,51],[-87,-1],[-80,-26],[-55,-42],[-88,-88],[-54,-88],[108,-50],[56,-71],[-95,-70],[-66,-75],[155,-128],[27,5],[132,97],[6,-10],[-186,-134],[2,-48],[-88,-93],[-11,-38],[-112,9],[-59,-65],[-34,-69],[-110,-164],[-29,-64],[-8,-80],[14,-57],[67,-122],[32,-30],[56,-90],[42,-42],[-1,-49],[-56,-42],[-33,-98],[-31,-39],[-18,-73],[-40,-110],[-15,-130],[25,-148],[38,-110],[58,-48],[165,-99],[38,-76],[21,-83],[-48,-83],[-45,-5],[-54,-35],[-44,-46],[-73,-26],[-21,6],[-103,-23],[-115,-60],[-110,-110],[-27,-94],[-31,-299],[-40,-55],[12,-32],[-33,-48],[-51,-17],[-34,-76],[-52,-67],[-31,-58],[-64,-42],[-81,-21],[-83,-45],[-36,-44],[-53,-20],[-56,-42],[2,-21],[-61,-10],[-65,-32],[-11,-22],[-248,-159],[-54,-60],[-44,-99],[-30,-157],[2,-71],[-23,-20],[-75,-121],[-46,-32],[-49,-59],[-167,-61],[-25,-41],[-41,-7],[-43,-48],[-18,-63],[-40,-17],[28,-30],[-9,-33],[-31,14],[-201,-21],[-37,-32],[-59,-19],[-99,-91],[-16,-59],[-30,-41],[-51,-27],[6,-59],[-28,18],[-146,-62],[-15,-29],[-69,-66],[11,-25],[-56,-45],[-38,-73],[-10,-59],[-31,-37],[-50,-109],[-24,-112],[-23,-41],[-41,-130],[-41,-25],[-44,4],[-104,-27],[-41,-32],[-98,-55],[-52,-46],[-10,-28],[-45,-31],[-36,-83],[5,-23],[-50,-57],[-41,-25],[15,-21],[-43,-38],[-45,-4],[-45,-25],[-116,-29],[-169,-60],[-67,-39],[-7,-20],[-68,-40],[-4,-18],[-93,-47],[-55,-8],[-228,-79],[3,-42],[-65,-4],[-67,-39],[-21,-43],[-20,13],[-49,-23],[-26,-108],[-29,16],[-29,-27],[-15,24],[-80,-13],[-43,-48],[-38,23],[-22,-25],[-67,11],[-33,-43],[-29,55],[-48,-11],[-151,-90],[-21,-35],[-81,5],[-86,-42],[-57,-43],[-164,-105],[-66,-50],[-68,-5],[-12,-45],[-51,-16],[70,-129],[3,-127],[9,-36],[-82,-2],[-4,162],[-109,192],[-150,32],[-21,27],[-62,-1],[-78,-47],[-47,7],[-73,-31],[-80,-123],[-21,-86],[-5,-147],[8,-29],[205,-5],[-4,-144],[-124,3],[-5,-180],[135,-62],[158,33],[-42,214],[6,1],[42,-195],[59,23],[9,-24],[146,54],[51,-131],[-38,-37],[-4,-43],[-51,0],[-37,-49],[22,-44],[-32,-36],[-35,98],[-114,-17],[-12,-21],[-85,-18],[4,-18],[-60,-18],[-11,-47],[33,-52],[135,-41],[56,19],[-18,-76],[-31,-10],[-17,-50],[30,-38],[80,25],[5,-52],[-23,-27],[-57,-5],[-47,-49],[-7,-37],[-59,-81],[-36,2],[24,25],[-95,17],[31,27],[-8,59],[12,56],[-22,20],[10,74],[-74,-15],[-29,22],[-78,-60],[-37,72],[-45,52],[20,45],[81,7],[37,15],[-2,99],[-47,88],[-42,42],[-60,116],[-84,93],[-72,47],[-124,107],[-225,207],[-78,62],[-131,76],[-172,81],[-65,9],[-95,43],[-115,33],[-108,-43],[-68,32],[-73,-29],[-39,29],[-71,26],[-112,6],[-75,-13],[-74,-34],[-27,-42],[-19,18],[-54,-49],[-23,16],[-80,-18],[-117,-69],[-21,-92],[20,-39],[-20,-36],[27,-39],[-55,13],[-45,-27],[-173,121],[-149,8],[-155,-37],[-147,-105],[97,-189],[-11,-5],[-43,86],[-158,-74],[82,-163],[-20,-37],[219,111],[9,-17],[-191,-91],[-129,-53],[-38,-84],[21,-5],[10,-75],[-30,-43],[-41,-27],[65,-19],[-14,-27],[-84,-21],[-38,13],[-18,58],[-72,1],[-29,-53],[-49,-21],[-24,34],[-43,-2],[-62,-36],[-54,13],[-11,26],[-40,-57],[-27,60],[-102,11],[-13,14],[-112,-7],[-148,-74],[-34,-59],[-17,1],[-62,-67],[-12,-70],[-26,7],[-43,-52],[9,-41],[-96,-58],[-65,-72],[12,-25],[-27,-27],[-24,-62],[21,-29],[-53,-24],[16,-25],[-25,-39],[-122,-26],[-74,-5],[-51,10],[-22,41],[-53,42],[71,43],[-17,37],[-44,14],[39,14],[23,77],[-45,53],[-13,37],[52,24],[10,61],[-54,78],[-66,26],[11,24],[-61,44],[19,59],[-27,9],[-15,89],[-24,2],[33,83],[-7,74],[35,55],[9,52],[-11,75],[-37,82],[-37,50],[-66,-17],[-28,45],[29,27],[-45,16],[-1,53],[31,-15],[-29,62],[11,37],[-30,10],[33,26],[-54,-7],[25,44],[-9,40],[64,9],[31,-17],[90,63],[17,46],[74,27],[39,2],[57,39],[45,103],[-13,11],[76,43],[61,-18],[12,-21],[118,-3],[-1,23],[86,5],[27,29],[59,101],[23,64],[12,77],[44,-17],[53,58],[27,-10],[40,50],[-2,32],[129,42],[42,113],[-27,51],[21,12],[-29,64],[43,-12],[-3,28],[88,-7],[10,17],[-54,34],[43,-9],[53,39],[48,56],[30,70],[7,49],[-61,40],[28,17],[60,-11],[49,-26],[1,29],[66,7],[18,35],[-8,51],[-61,5],[-8,32],[98,18],[-23,12],[84,3],[-22,20],[38,11],[-37,39],[73,2],[103,-36],[-6,-18],[50,-22],[41,-56],[97,-64],[64,-11],[70,-43],[80,-33],[70,-80],[-9,-45],[-108,-36],[-13,-24],[17,-55],[47,-73],[-23,-99],[-65,-84],[-62,-42],[48,-40],[15,-37],[-22,-57],[-145,19],[-147,-110],[51,-26],[19,-47],[31,8],[20,-116],[3,-88],[-24,-76],[-45,11],[-43,67],[-24,-11],[-16,-77],[93,-35],[13,-24],[69,-22],[41,120],[19,77],[38,89],[81,-32],[-29,-68],[3,-51],[52,0],[62,133],[35,42],[8,70],[41,2],[21,66],[-29,23],[17,68],[68,61],[6,24],[-32,118],[35,84],[52,25],[34,-24],[71,32],[24,47],[-74,29],[-9,73],[47,59],[7,35],[-23,41],[31,109],[-19,28],[-131,15],[-52,-5],[39,-83],[-18,-42],[-33,-14],[-24,35],[-2,43],[-54,85],[-147,72],[-59,15],[20,12],[-32,48],[74,34],[212,-62],[59,4],[4,28],[122,118],[37,18],[73,-14],[80,76],[-12,49],[19,9],[52,-39],[50,21],[-27,48],[36,6],[0,54],[39,0],[22,-53],[49,-26],[58,24],[106,-39],[61,-4],[96,10],[48,20],[58,3],[121,29],[23,28],[73,-24],[64,22],[41,32],[151,93],[80,103],[92,55],[62,58],[74,94],[-18,22],[84,56],[20,65],[-40,38],[52,20],[11,40],[65,-19],[42,133],[11,-4],[-52,-147],[24,-25],[43,-6],[29,66],[51,-16],[115,2],[-35,22],[86,161],[-52,-7],[-68,20],[-68,-72],[64,83],[71,-21],[50,6],[53,77],[2,76],[69,14],[44,-12],[56,54],[18,62],[65,-18],[67,37],[142,41],[41,44],[-15,23],[33,33],[-33,21],[28,12],[-22,25],[41,-3],[52,29],[66,80],[63,125],[25,85],[5,144],[-29,43],[-48,-9],[6,27],[-205,33],[-62,19],[20,47],[-7,103],[-43,21],[-14,31],[54,47],[20,-42],[7,64],[79,-55],[46,62],[75,18],[45,30],[74,26],[27,45],[-17,36],[51,25],[60,-27],[112,-21],[85,36],[85,10],[165,-49],[3,-34],[-35,-15],[30,-16],[114,18],[30,20],[-58,130],[-35,-15],[-27,62],[44,47],[6,64],[59,-3],[42,17],[74,0],[21,-16],[39,51],[25,-18],[28,32],[21,92],[-29,149],[1,52],[39,241],[-3,118],[-20,91],[40,81],[48,1],[37,53],[14,105],[-49,92],[-29,104],[30,77],[-20,23],[31,11],[-3,72],[-19,67],[-32,41],[-103,48],[14,77],[36,-29],[-24,51],[44,-15],[121,51],[25,-5],[106,86],[30,55],[38,0],[57,53],[11,89],[-60,89],[-59,14],[-47,-17],[-20,31],[-71,-7],[-18,34],[14,50],[47,-15],[21,110],[92,18],[17,64],[32,-5],[-10,46],[31,7],[22,44],[39,9],[83,68],[48,16],[31,61],[41,22],[50,-11],[45,80],[35,19],[27,94],[-37,64],[-85,53],[-86,5],[-3,33],[51,4],[26,26],[57,-33],[-54,52],[54,-5],[8,-36],[55,12],[31,38],[-24,43],[40,30],[53,-9],[61,37],[35,84],[-7,70],[-24,34],[-64,4],[25,39],[42,2],[9,42],[28,25],[81,14],[36,-15],[87,13],[-15,53],[96,-17],[18,24],[-12,72],[-62,13],[70,20],[19,-20],[62,33],[27,58],[-7,79],[19,57],[38,-6],[-7,43],[-54,84],[27,41],[-10,46],[26,9],[52,-34],[42,31],[4,95],[22,64],[8,72],[46,-8],[24,62],[-17,39],[-49,0],[-68,30],[29,38],[70,31],[-39,4],[0,54],[-67,15],[-72,-5],[-22,36],[160,4],[72,78],[22,105],[65,-21],[66,25],[81,60],[85,88],[-13,32],[34,145],[31,32],[-23,50],[59,58],[-26,15],[21,35],[105,63],[26,78],[-11,75],[54,31],[40,55],[53,-8],[43,21],[103,19],[58,-60],[46,-72],[172,57],[-54,-39],[-64,-25],[11,-37],[83,-65],[9,-47],[80,-60],[59,-7],[174,56],[92,90],[14,55],[0,83],[-38,-8],[-44,36],[-87,-90],[36,58],[-5,57],[-23,50],[36,6],[108,61],[24,118],[-5,28],[-44,-4],[1,78],[44,6],[30,45],[19,95],[-46,58],[-38,-24],[32,49],[0,60],[26,44],[4,57],[-34,5],[19,45],[26,10],[9,159],[-3,54],[-47,38],[-30,-2],[2,71],[68,30],[33,77],[0,136],[-16,30],[-66,27],[-6,27],[38,-4],[-32,48],[48,20],[39,49],[3,44],[-30,49],[-40,0],[-4,26],[38,-7],[22,55],[-15,41],[-53,35],[30,2],[-14,54],[-4,117],[-41,150],[-51,113],[44,37],[7,40],[-3,126],[-30,88],[-56,31],[46,64],[54,-16],[62,117],[4,43],[-25,66],[28,61],[3,100],[58,61],[-9,96],[-24,76],[60,121],[4,52],[-70,422],[3,41],[30,-170],[38,2],[4,-26],[52,7],[75,81],[-11,72],[-69,29],[29,66],[63,-27],[25,-78],[67,47],[-29,60],[-74,40],[-531,215],[-49,-6],[5,-33],[-257,-40],[-79,36],[-9,67],[-64,37],[-60,-45],[-10,9],[-118,-184],[46,-57],[100,48],[151,-68],[-1,-35],[66,-8],[3,-128],[19,-71],[-75,-81],[-65,-85],[-141,-6],[-241,-83],[-269,-80],[18,-75],[25,-32],[63,-14],[58,-97],[93,38],[43,46],[-31,-59],[-110,-34],[-9,-21],[-102,-43],[-22,10],[-327,-138],[-30,6],[-346,647],[2,20],[-179,-30],[-123,22],[-177,115],[-63,81],[-47,24],[-10,65],[24,91],[-20,46],[-63,65],[-61,90],[-15,68],[24,102],[2,106],[-26,51],[-44,27],[-64,13],[-48,-7],[-80,-49],[34,-55],[9,-86],[-48,11],[-49,-12],[4,-22],[-59,-15],[-2,-49],[-22,9],[-43,114],[35,289],[68,146],[115,-9],[52,27],[18,64],[90,-9],[52,89],[-6,47],[-33,77],[-67,45],[-66,3],[-50,47],[58,6],[19,39],[17,-40],[26,0],[56,-53],[53,8],[42,-25],[30,-55],[69,-12],[20,-38],[58,-28],[63,30],[78,1],[90,-48],[42,3],[43,33],[-6,54],[24,45],[25,-77],[-13,-49],[84,-14],[60,29],[89,-46],[22,4],[10,58],[16,-23],[-19,-49],[19,-25],[-7,-127],[29,-37],[86,-4],[15,57],[34,34],[8,-106],[50,1],[49,-72],[42,-5],[37,24],[14,-35],[43,-11],[58,20],[-3,31],[53,13],[14,36],[46,14],[4,58],[47,55],[-27,34],[8,31],[-42,18],[45,56],[21,-72],[39,31],[-9,-51],[18,-15],[88,18],[124,12],[105,-31],[112,31],[38,41],[24,81],[34,42],[52,-22],[62,2],[51,40],[-40,103],[-51,69],[-100,-45],[138,75],[-5,62],[-32,70],[3,28],[-49,21],[22,33],[69,10],[101,93],[56,-23],[32,35],[-16,39],[-39,3],[80,32],[146,148],[36,-33],[-77,-79],[14,-64],[37,-24],[47,8],[-30,-27],[49,-45],[37,0],[40,32],[-17,44],[95,67],[20,86],[-70,89],[-79,-31],[36,62],[-36,11],[57,30],[-92,5],[-25,45],[-89,32],[51,-2],[209,638],[39,20],[354,-110],[110,77],[-10,71],[19,2],[7,-59],[27,-35],[142,58],[-1,38],[-32,29],[52,58],[-11,18],[50,31],[51,-46],[37,2],[32,38],[34,-17],[91,16],[72,45],[49,-71],[33,5],[41,40],[26,-32],[-17,-42],[23,-44],[108,19],[54,108],[43,-13],[22,66],[16,-5],[-103,-313],[-31,-116],[-50,-21],[-38,-116],[-16,-78],[83,-26],[-15,-45],[-54,17],[-63,-194],[65,-20],[-41,-45],[-242,-730],[-268,79],[-55,-166],[-16,-8],[-273,86],[-37,7],[-33,-76],[56,-54],[-4,-15],[59,-38],[136,-129],[-9,-9],[80,-79],[13,13],[231,-220],[-13,-12],[93,-91],[14,13],[42,-40],[-12,-12],[274,-263],[55,-72],[12,-73],[-55,-28],[66,-104],[15,74],[54,10],[43,37],[76,25],[-20,26],[-120,318],[19,7],[87,-226],[28,21],[308,124],[-8,48],[138,56],[53,-30],[66,-162],[19,-19],[191,73],[39,75],[-12,46],[-71,0],[-36,61],[62,44],[-13,37],[102,104],[-22,39],[-133,-85],[-37,17],[-14,103],[-135,-2],[-62,73],[51,-14],[7,151],[-18,21],[-130,-2],[-8,-48],[-9,527],[97,60],[0,-33],[88,1],[-2,44],[57,-1],[8,55],[-65,21],[35,105],[10,61],[97,-9],[160,-95],[-19,-29],[25,-15],[12,-99],[16,11],[184,-9],[120,-25],[14,-236],[85,-7],[77,-36],[45,7],[116,99],[192,14],[53,27],[20,-12],[35,43],[90,138],[-11,80],[35,45],[17,-15],[78,30],[22,47],[-193,91],[33,127],[43,50],[-109,40],[-57,-164],[-54,-118],[-87,-3],[-295,338],[147,471],[4,2],[525,-81],[56,-33],[25,18],[55,-47],[65,27],[17,-33],[34,25],[26,54],[-22,25],[-122,47],[11,15],[-100,27],[-19,-39],[124,405],[-12,3],[30,99],[13,-4],[87,286],[23,237],[20,80],[5,102],[31,0],[7,228],[-15,2],[19,112],[41,80],[10,119],[18,45],[80,106],[-22,43],[29,69],[50,43],[44,-19],[36,44],[64,23],[68,0],[84,-30],[40,67],[-49,33],[15,22],[42,-27],[77,51],[66,25],[111,-5],[3,21],[60,-17],[157,-99],[58,-5],[8,-18],[132,27],[23,94],[-103,12],[-103,46],[-49,42],[-48,72],[-18,5],[-45,111],[-13,273],[83,76],[133,32],[51,95],[123,154],[71,24],[55,-16],[50,126],[68,37],[-8,13],[133,170],[41,39],[-82,63],[9,11],[101,-80],[32,37],[-37,27],[26,13],[63,67],[-46,46],[71,-41],[14,19],[-114,80],[9,13],[78,-54],[85,124],[-66,43],[294,369],[83,-105],[30,5],[58,41],[-21,31],[37,65],[-137,130],[6,7],[-94,91],[-32,65],[-3,271],[237,2],[0,24],[73,70],[-17,312],[-280,-2],[-20,-36],[-1,156],[-28,1],[-10,35],[0,107],[359,4],[18,34],[-2,139],[-30,43],[-255,-31],[-143,3],[-199,57],[-138,-153],[11,-10],[-202,-220],[-4,-24],[179,-27],[-2,-11],[-179,26],[-18,-109],[209,-30],[59,-28],[-406,61],[-30,20],[-78,-27],[-75,-1],[172,-92],[-117,-180],[-14,3],[-83,-123],[10,-36],[-48,-24],[-12,-85],[-239,-23],[14,-103],[72,-55],[38,-16],[92,-238],[59,-130],[-23,-8],[-32,38],[-73,-52],[-31,22],[-31,-25],[-29,21],[-58,-38],[18,-36],[-183,-142],[3,-15],[299,-102],[-36,-18],[-19,-52],[24,-15],[-27,-83],[-64,-152],[-38,12],[-25,-72],[37,-26],[-200,-194],[-219,-33],[-195,167],[-64,68],[-81,11],[-71,-53],[48,-52],[15,12],[128,-138],[80,-40],[41,-88],[-84,-101],[-187,-112],[-280,-130],[-32,-143],[6,-44],[-23,-90],[0,-98],[-16,-102],[74,-34],[-36,-81],[-44,-31],[-4,-85],[-67,-45],[-29,23],[-36,-37],[-10,-54],[-33,-18],[-85,69],[-3,44],[-136,93],[-48,-16],[-87,58],[-66,85],[-27,-8],[-20,40],[15,39],[-55,116],[-48,79],[6,140],[-59,43],[-25,54],[42,131],[-64,-16],[-48,-121],[-56,-62],[-63,-29],[-54,-49],[7,-38],[90,-34],[-19,-42],[-67,23],[-49,-23],[-42,7],[-10,-86],[56,-6],[8,-36],[-27,-216],[-50,-15],[47,-38],[-12,-53],[-72,-12],[-36,-21],[8,-27],[-32,-30],[-19,35],[-76,-53],[-34,16],[71,574],[-258,44],[-180,-130],[-13,17],[-209,-152],[-29,18],[-28,-45],[-8,-47],[44,-72],[77,-13],[-32,-78],[-52,-81],[-150,-129],[31,-32],[-137,-222],[-26,15],[-6,-46],[-53,-41],[41,-61],[71,-57],[-84,40],[-91,-54],[-27,33],[81,55],[-6,41],[-91,104],[-52,37],[-113,-26],[-2,47],[-38,57],[-147,142],[-40,4],[-91,-25],[-66,15],[-63,67],[-60,11],[-143,-140],[-136,-139],[-15,-23],[55,-30],[20,21],[55,6],[-29,-41],[-62,-24],[-85,43],[-65,-9],[-86,12],[3,21],[-56,9],[25,51],[25,-5],[43,39],[87,-8],[67,-47],[180,184],[-9,23],[18,85],[-10,14],[44,324],[734,1160],[159,87],[76,-62],[38,16],[61,-90],[-24,-14],[82,-33],[95,82],[13,39],[43,13],[45,40],[41,3],[52,58],[58,126],[0,202],[-22,77],[-5,90],[-49,43],[6,89],[-67,50],[-64,-14],[-72,46],[58,42],[-58,64],[-57,23],[-150,-75],[-19,20],[-24,-48],[-17,27],[-76,10],[-20,27],[33,35],[-73,60],[-28,46],[62,35],[30,47],[52,42],[14,49],[-9,55],[-45,-19],[-9,43],[43,22],[-21,68],[52,18],[46,-24],[44,22],[29,44],[48,28],[15,32],[82,78],[-16,43],[-106,85],[-25,-29],[-50,33],[12,23],[-79,30],[-96,87],[-38,106],[22,34],[-263,32],[-56,-33],[-41,-86],[67,-11],[-71,-58],[56,-37],[-25,-30],[-62,14],[-31,35],[-96,17],[-84,-7],[-97,-51],[-10,-42],[8,-61],[-24,-2],[8,-94],[121,13],[-14,-30],[-59,-17],[-145,-72],[-70,-49],[-64,-66],[-236,-143],[-21,-5],[17,-86],[-43,-160],[-22,0],[-38,-140],[95,-23],[44,25],[39,139],[9,-6],[-38,-139],[-54,-33],[-135,35],[-149,303],[0,64],[-57,49],[-84,38],[-185,23],[-88,20],[-105,44],[-58,-26],[18,31],[-98,126],[-102,61],[-72,72],[-49,-51],[-40,-14],[-115,24],[-52,22],[6,83],[68,6],[21,49],[-50,12],[33,28],[45,8],[64,134],[-12,114],[-35,20],[-27,55],[45,36],[88,22],[137,104],[40,44],[176,137],[64,92],[4,44],[99,111],[102,65],[56,-27],[66,81],[41,144],[29,-4],[34,57],[42,22],[13,42],[59,100],[4,110],[12,43],[-26,6],[19,82],[-104,22],[53,143],[-93,71],[-477,-248],[201,108],[-235,418],[-237,-123],[233,-423],[-124,-430],[-57,16],[-32,-117],[-16,4],[40,121],[-385,693],[-83,41],[7,11],[81,-49],[69,35],[-26,61],[-126,18],[-33,43],[-24,-3],[-15,53],[14,16],[-24,46],[-163,35],[6,32],[-36,37],[-64,-2],[-52,-257],[161,-99],[-10,-15],[-153,106],[-47,18],[-18,-19],[-53,16],[-94,-46],[-24,11],[-54,-23],[-88,-19],[1,52],[-72,53],[-30,77],[35,31],[-31,81],[16,29],[-6,50],[-74,18],[65,71],[44,27],[10,106],[-23,75],[-45,19],[-86,-18],[-44,14],[-98,-12],[-69,-63],[-36,49],[10,37],[-22,16],[-39,-25],[-73,-11],[-2,40],[-44,10],[36,21],[-29,56],[37,28],[56,6],[50,-33],[80,3],[-5,70],[75,1],[-66,98],[38,49],[72,-17],[-15,72],[56,12],[49,-139],[-15,-34],[26,-7],[38,59],[27,11],[10,-42],[31,-4],[9,38],[34,11],[68,-62],[46,74],[50,-31],[21,133],[50,6],[6,-35],[62,-21],[53,49],[74,101],[-17,83],[59,87],[14,71],[26,25],[31,114],[-46,10],[-15,29],[12,61],[-71,120],[-43,-1],[-15,70],[14,74],[53,7],[43,-17],[-37,124],[0,32],[32,-114],[41,3],[140,43],[9,98],[-19,35],[-49,-8],[-35,60],[-49,42],[-28,-23],[12,79],[-73,69],[-107,56],[-28,-8],[-30,-45],[-6,-42],[75,-110],[-10,-6],[-74,115],[-32,81],[-53,46],[-60,6],[-52,30],[31,14],[-114,42],[-69,42],[-68,-112],[-83,-42],[-35,38],[23,15],[-33,29],[-62,-32],[-121,-46],[-57,83],[-40,21],[-125,17],[-42,-12],[48,50],[-40,26],[64,60],[0,59],[-19,40],[34,143],[-18,65],[-1,84],[-64,-15],[-4,14],[67,16],[-16,61],[-78,24],[56,12],[-43,10],[-11,45],[-42,26],[-5,-26],[47,-165],[-18,-4],[-48,182],[-32,15],[19,34],[-13,33],[-158,134],[12,11],[143,-117],[24,30],[43,-31],[114,149],[-142,100],[-1,28],[-245,-17],[-73,14],[-8,27],[-52,20],[31,-69],[35,2],[18,-45],[-80,46],[-57,-8],[-108,14],[-90,54],[-2,31],[-161,15],[-80,65],[-23,49],[-108,85],[31,4],[-46,163],[-39,51],[-4,89],[42,-3],[-47,108],[26,11],[33,-90],[67,4],[27,34],[40,108],[-27,70],[-46,26],[-42,1],[-30,37],[-119,-15],[-6,-16],[-96,44],[-23,-16],[-59,54],[-26,-6],[-16,40],[-51,-10],[-51,34],[-103,0],[-50,14],[13,64],[59,17],[13,37],[43,-11],[23,18],[27,62],[-10,123],[-20,39],[-71,77],[-104,26],[-131,8],[-173,-62],[-46,-46],[-114,-32],[-85,-9],[-110,-50],[-92,-13],[-113,16],[-68,70],[-36,98],[-36,2],[29,39],[-13,29],[13,68],[-32,67],[-63,45],[-38,4],[-24,-27],[-31,27],[97,69],[18,130],[71,135],[26,112],[55,105],[49,56],[51,33],[92,184],[23,76],[81,78],[-230,122],[11,19],[55,223],[9,-2],[-51,-226],[117,-69],[382,681],[-351,183],[3,5],[164,-85],[57,101],[176,-93],[234,421],[35,-12],[153,274],[-78,41],[-89,-158],[84,160],[-109,56],[-87,-158],[-573,295],[-87,-157],[8,-4],[-164,-297],[-18,-17],[-94,-169],[220,-114],[-2,-5],[-607,312],[-280,37],[1,8],[274,-37],[280,506],[49,71],[-440,228],[-141,-256],[253,-130],[-12,-22],[-253,131],[-111,-202],[-199,101],[-123,-223],[-160,-9],[97,-160],[7,5],[167,-287],[-17,-9],[-273,469],[147,265],[-2,34],[-82,-71],[-25,-80],[-63,-15],[1,-28],[-38,4],[-29,-50],[-68,-37],[-50,74],[-100,-50],[-44,98],[-59,47],[-36,-9],[-10,-35],[-51,-46],[-13,-35],[-38,25],[-34,51],[-25,116],[-102,6],[-130,-78],[-10,7],[133,80],[22,-4],[23,47],[-18,10],[28,57],[58,-27],[39,21],[25,74],[-111,61],[-56,-36],[-199,-4],[0,-52],[-245,-5],[7,-331],[125,-4],[-287,-6],[7,-157],[-39,0],[3,-70],[-41,-4],[33,-74],[37,14],[26,46],[58,29],[128,2],[0,-12],[-124,-2],[-54,-27],[-29,-42],[-89,-75],[-21,-107],[-67,-73],[-26,-46],[-57,-173],[-70,-99],[-25,-170],[-53,-162],[-74,-74],[-40,-79],[29,-75],[-17,-99],[3,-44],[-55,-31],[-82,-101],[-75,-10],[-1,-46],[-78,-58],[1,-24],[-41,-10],[19,39],[-41,98],[7,69],[-42,101],[-44,18],[-213,-8],[-82,-27],[-33,-26],[-11,28],[-67,70],[-36,98],[-10,69],[-29,33],[15,102],[-36,75],[0,133],[33,206],[-33,80],[-57,-18],[-22,26],[77,2],[-38,136],[-22,35],[-154,111],[-14,54],[-97,112],[-60,30],[-61,-17],[1,29],[-46,8],[-129,-33],[-19,18],[19,46],[29,18],[-51,14],[7,41],[-34,21],[-50,-30],[32,50],[37,11],[-27,129],[-81,78],[-33,11],[-45,50],[-102,60],[-40,9],[-46,58],[-98,38],[-69,-26],[-36,11],[-10,-26],[-51,-20],[-47,6],[-44,-20],[-35,9],[37,41],[-15,12],[-52,-39],[-75,-12],[40,46],[-61,3],[74,49],[-87,-6],[44,40],[-63,-22],[0,21],[73,27],[-24,195],[6,17],[-33,156],[-46,109],[-10,50],[11,48],[-4,68],[-17,36],[14,107],[29,92],[1,107],[11,21],[-25,47],[-51,-80],[-1,19],[57,82],[-18,13],[-13,92],[-15,175],[-30,44],[-91,65],[-106,57],[-74,27],[-62,1],[-186,57],[-58,-19],[44,-148],[170,-73],[-8,-17],[-212,91],[-21,84],[-179,-50],[-40,-33],[-22,-47],[-41,-30],[-30,2],[5,-35],[-83,-63],[19,59],[-44,31],[-29,-79],[-58,-60],[9,88],[-28,23],[-108,-2],[-91,-39],[-40,5],[-120,75],[-87,21],[-60,-10],[-33,-24],[-47,-69],[18,-58],[-54,-109],[-92,-73],[-84,-5],[19,22],[-40,6],[-44,46],[18,55],[45,76],[-17,36],[-83,-44],[-30,25],[15,34],[-32,5],[-39,98],[7,48],[31,16],[13,43],[23,166],[2,230],[18,150],[-13,44],[32,19],[11,46],[-99,94],[18,6],[78,-81],[54,17],[-60,66],[10,9],[55,-62],[15,41],[-44,13],[-23,66],[-45,56],[-44,0],[-60,27],[-121,-27],[-4,-42],[-58,42],[-2,41],[-44,134],[-52,19],[-74,-17],[-50,-25],[-5,-36],[-36,15],[-25,46],[-3,66],[-25,25],[-73,-2],[0,-14],[-97,-8],[-69,32],[-71,14],[-55,57],[2,81],[-40,5],[23,86],[-18,57],[18,20],[-6,61],[-30,75],[-183,250],[-165,153],[-56,27],[-81,64],[-25,3],[-42,65],[-145,115],[-85,81],[-84,106],[-34,-10],[10,-29],[-46,3],[-38,30],[-10,47],[68,68],[40,-7],[27,126],[-29,133],[5,135],[-33,123],[-11,81],[-61,131],[-40,36],[-51,98],[-63,141],[-7,37],[-54,103],[0,30],[-77,137],[-50,103],[-41,64],[-113,132],[-65,48],[-44,9],[-46,38],[-93,34],[0,78],[34,64],[8,99],[-17,35],[28,54],[-6,81],[-45,26],[-14,84],[-31,-5],[6,36],[48,-2],[-11,54],[70,54],[7,105],[-23,16],[27,82],[-19,8],[-48,99],[20,24],[47,-68],[0,27],[49,10],[-19,43],[60,-24],[36,61],[46,164],[6,72],[-30,84],[20,41],[-17,25],[48,42],[-1,80],[-157,37],[-60,106],[-68,29],[-120,27],[-116,186],[12,8],[89,-146],[32,2],[10,-43],[99,-23],[74,-33],[43,-86],[157,-37],[29,59],[10,65],[-113,208],[-72,-36],[-5,-22],[-67,58],[40,-20],[64,33],[-3,137],[-44,56],[-40,122],[-59,83],[-37,13],[-92,-14],[-92,10],[-74,32],[11,-18],[-77,11],[3,43],[-25,92],[-62,27],[-56,83],[-38,32],[-18,52],[14,56],[-70,98],[-17,43],[20,18],[-61,68],[-35,105],[-43,39],[-31,78],[-6,48],[-39,15],[21,24],[-31,23],[-23,90],[-18,15],[-12,85],[-67,123],[-45,-2],[-35,42],[-3,35],[31,38],[-28,93]],[[194980,75434],[-11,38],[-4,104],[14,84],[37,-2],[-13,36],[37,13],[26,71],[-11,91],[-51,32],[-56,-70],[-98,41],[15,75],[40,-7],[-1,56],[-23,9],[69,52],[29,97],[57,-3],[9,61],[41,34],[4,53],[-99,115],[4,30],[-36,77],[-29,1],[49,41],[6,71],[-49,10],[10,29],[47,-5],[8,48],[55,88],[21,81],[-26,40],[-50,20],[61,50],[14,30],[-2,126],[27,33],[-31,17],[29,48],[-7,62],[25,122],[1,59],[25,23],[40,-1],[114,38],[18,27],[32,-6],[31,43],[32,180],[39,49],[90,50],[10,37],[-47,68],[38,3],[27,57],[-20,-78],[65,-28],[142,2],[55,-21],[50,59],[-7,-76],[100,-35],[49,47],[60,-52],[-7,-18],[134,-118],[-2,-10],[123,-152],[18,-53],[-4,-56],[54,-4],[7,100],[36,128],[-17,107],[-71,141],[36,-11],[62,25],[-11,103],[5,159],[11,-1],[-2,-191],[57,-38],[159,-23],[81,16],[-12,-17],[21,-87],[4,-85],[17,-66],[64,-65],[2,-40],[31,-47],[34,-82],[6,-88],[-11,-46],[27,-66],[-29,-34],[17,-22],[-30,-24],[-25,-204],[21,-73],[-32,-51],[21,-121],[28,-48],[-37,-8],[-11,-39],[20,-113],[58,7],[12,-24],[-42,-49],[64,-22],[5,-46],[33,-59],[-49,-2],[-35,26],[-38,-29],[28,-44],[-69,26],[16,-48],[-41,1],[31,-29],[-48,2],[-10,-47],[-34,30],[-46,5],[-56,66],[-35,-90],[-57,-35],[-60,6],[-35,45],[-50,7],[-56,-20],[-12,-29],[-39,27],[-90,26],[-110,-38],[-28,-32],[-70,-38],[-33,-35],[-43,-12],[-85,-54],[-24,-51],[-51,-41],[-41,-94],[-20,-80],[-28,-24],[-23,-55],[-39,-35],[-18,-55],[-78,-90],[-87,-47],[-78,-4],[-18,-47],[-36,2],[0,-29],[-33,16],[10,-45],[-24,-8],[-16,35],[-53,-41],[11,-33],[-67,0],[-48,25],[-8,78],[-49,-19],[-34,28]],[[219232,102141],[7,40],[83,37],[65,52],[7,-10],[54,71],[30,64],[60,44],[53,63],[34,8],[75,-17],[74,-54],[25,-110],[54,-119],[23,-23],[54,3],[42,81],[-14,81],[-94,112],[3,78],[57,0],[37,-17],[141,-164],[16,-77],[-16,-99],[-45,-85],[-104,-97],[-71,-94],[-19,-49],[-54,-42],[8,-18],[-111,-4],[-110,-38],[4,-40],[-90,-42],[-9,-43],[-78,38],[0,52],[33,44],[43,0],[16,72],[-33,62],[-96,66],[-81,11],[-61,-30],[-89,-27],[-43,-51],[-62,14],[-128,-16],[-62,-33],[-32,-55],[-31,185],[-91,77],[-83,27],[-51,29],[-100,23],[-60,34],[-86,16],[-136,2],[-79,-59],[-67,-89],[-159,0],[-18,17],[3,68],[58,64],[7,63],[-35,73],[20,89],[-18,37],[-72,79],[-43,28],[-28,-10],[-66,14],[-4,17],[-102,2],[10,40],[-273,189],[11,3],[205,-141],[109,147],[-152,106],[-35,35],[21,36],[-122,109],[-29,56],[-4,199],[-25,50],[-60,68],[7,12],[-61,91],[-9,37],[-32,12],[40,91],[-11,60],[91,38],[45,-22],[11,-44],[-12,-62],[34,-49],[57,-39],[19,-99],[47,1],[34,-23],[-10,80],[16,40],[83,-35],[79,-53],[58,-57],[29,41],[52,-18],[64,-131],[30,20],[4,76],[66,42],[94,-8],[57,48],[70,-34],[55,-10],[57,38],[17,-44],[-16,-39],[15,-38],[94,-51],[34,3],[23,40],[-20,87],[30,22],[40,-40],[47,45],[86,21],[5,-33],[-26,-97],[16,-55],[45,-18],[59,0],[32,23],[23,85],[-32,14],[-6,59],[74,51],[255,-67],[-16,-299],[-79,3],[-120,-91],[-34,-54],[33,-12],[-26,-68],[-15,-115],[-22,-88],[-27,-19],[45,-14],[4,-45],[167,-83],[-147,66],[-86,-167],[142,-66],[160,-164],[14,-55],[41,-25],[58,-11],[13,-36],[25,10]],[[193816,96381],[-57,41],[-59,76],[-91,67],[-27,45],[-46,38],[-35,54],[-10,78],[-39,93],[7,59],[-45,109],[-40,13],[10,62],[-37,29],[34,87],[-46,28],[44,6],[1,87],[-59,69],[47,-25],[-48,49],[34,41],[120,11],[67,-28],[107,-84],[6,-15],[81,-7],[37,23],[28,-67],[4,-56],[154,-94],[20,-50],[-6,-74],[50,7],[69,36],[33,-55],[17,23],[111,27],[30,47],[-21,6],[37,44],[37,10],[12,-66],[33,-28],[-60,5],[-24,-18],[14,-133],[43,-88],[39,-27],[129,-22],[43,-56],[96,-35],[74,-111],[7,-48],[49,-39],[73,-7],[43,12],[-10,91],[41,72],[66,84],[66,-6],[32,-20],[271,-285],[230,-204],[80,-93],[2,-81],[18,-21],[171,-80],[-6,-6],[-155,73],[-113,-188],[6,-31],[-50,46],[-135,-55],[-37,-32],[-12,-45],[-62,-30],[-98,8],[42,-25],[-119,-27],[6,66],[-45,25],[-56,-5],[0,-65],[-50,-23],[-90,36],[-95,-6],[43,25],[-65,67],[27,15],[-17,32],[-44,25],[-96,-10],[-46,20],[-153,-33],[-20,22],[91,148],[-97,79],[-12,46],[-95,81],[-155,71],[-209,18],[-65,20],[-75,52]],[[192174,90952],[45,57],[44,24],[-24,-35],[40,-39],[30,21],[-29,53],[14,70],[15,-34],[44,-35],[36,-90],[89,-13],[181,73],[4,-9],[-176,-72],[-65,9],[-39,-12],[-18,-53],[55,-85],[-35,12],[-19,-47],[17,-30],[68,71],[196,-42],[69,188],[61,-42],[55,-10],[-11,-28],[127,-37],[12,14],[58,209],[18,-5],[-41,-137],[-9,-87],[50,-132],[58,-23],[72,-6],[61,30],[0,62],[64,-108],[-18,-82],[-38,-28],[-132,-72],[-76,-105],[-43,24],[-55,-55],[29,-41],[-166,-331],[14,-15],[50,25],[58,-103],[105,7],[-102,-18],[37,-294],[98,-110],[10,-52],[72,44],[-12,92],[5,59],[-10,146],[108,82],[52,22],[8,-16],[-53,-22],[-102,-77],[17,-154],[3,-97],[12,-28],[-46,-178],[-109,-354],[-57,-17],[-65,-42],[-28,-37],[-119,-85],[-12,-31],[28,-29],[-50,2],[-30,-53],[-39,-6],[56,83],[-16,27],[-83,-74],[30,68],[74,96],[-3,49],[-60,99],[-14,-9],[-85,162],[-51,78],[-129,230],[-128,280],[-97,121],[-9,34],[-64,29],[-27,-4],[-50,38],[-123,192],[-1,25],[-41,47],[-74,62],[-27,84],[24,35],[115,23],[27,27],[-43,43],[7,40],[28,-12],[52,75],[18,51],[64,105],[1,-35],[42,34],[47,124],[30,44],[-7,-53],[36,21],[-9,64],[29,44]],[[173543,119894],[4,12],[184,134],[62,86],[-28,52],[128,81],[147,60],[58,-7],[138,84],[182,192],[65,85],[-29,71],[411,242],[24,4],[153,-59],[8,-103],[19,-26],[-10,124],[52,27],[49,-64],[73,-53],[46,-17],[48,8],[106,-12],[19,-30],[-20,-156],[-51,-73],[-59,21],[-4,51],[32,4],[-14,96],[-166,-36],[-54,-22],[-175,-136],[-9,-54],[38,-39],[265,-81],[29,20],[37,105],[66,10],[-8,-24],[31,-43],[60,10],[48,37],[108,9],[1,-19],[-109,-4],[-89,-48],[-50,-102],[-83,-135],[-55,-55],[-132,-177],[-54,-96],[-14,-58],[-94,-95],[-42,-30],[-68,-23],[-105,-49],[-61,-48],[-71,-20],[-109,8],[-111,0],[-55,-22],[-159,6],[-69,17],[-100,-7],[-67,13],[-162,-3],[-156,33],[-48,40],[-58,117],[9,83],[23,67],[25,17]],[[195062,95138],[-67,83],[-70,17],[-22,28],[-53,11],[-21,28],[-48,16],[-53,66],[-7,78],[-26,69],[64,16],[18,40],[31,-21],[64,0],[67,29],[54,-17],[78,9],[323,116],[29,36],[6,44],[42,-6],[72,16],[182,-50],[27,-333],[5,-19],[-69,31],[21,-97],[246,-66],[85,19],[95,-120],[-67,73],[-157,-115],[-28,-49],[27,-37],[44,-3],[32,-40],[78,-22],[52,2],[-2,70],[122,2],[100,-75],[-56,-81],[-11,-126],[-15,-74],[28,-119],[35,-38],[-4,-43],[-61,-111],[-38,-44],[-65,7],[-64,35],[-55,1],[-39,-42],[-89,-42],[-5,-32],[-113,-57],[-45,2],[-99,-43],[-66,22],[-54,41],[-185,89],[-17,-7],[10,63],[-102,116],[-18,42],[80,-105],[16,37],[-44,63],[-6,41],[-55,94],[77,-111],[20,-15],[-77,112],[57,-69],[45,147],[-3,32],[-47,114],[-147,179],[-62,93]],[[198447,124369],[37,-98],[-8,-37],[-48,-50],[120,-29],[30,23],[-31,43],[-8,87],[34,14],[-22,48],[19,40],[44,13],[73,-3],[62,-22],[35,-55],[28,10],[115,6],[45,21],[53,-12],[71,-37],[-4,-36],[-47,-74],[-19,10],[-76,-30],[-45,-43],[-50,-18],[-24,-47],[43,-106],[-9,-64],[-37,-27],[-44,-1],[-67,35],[-49,-29],[-74,-16],[-67,7],[-43,-19],[-63,-5],[-57,20],[-57,-9],[-28,14],[125,36],[-1,35],[-49,14],[-77,-6],[-61,25],[42,35],[53,6],[59,25],[25,40],[-18,28],[-92,-16],[36,33],[-22,31],[-46,14],[-36,-72],[-61,5],[-34,49],[-90,9],[-41,-34],[-103,23],[-55,-37],[-46,-10],[-35,40],[-3,78],[23,31],[-17,33],[11,43],[38,-8],[58,37],[19,-23],[-19,-32],[3,-76],[22,-6],[52,38],[45,-3],[27,96],[65,-25],[53,66],[6,40],[51,26],[87,22],[48,-14],[52,-78],[-60,-61],[15,-40],[101,60],[18,-1]],[[169742,117715],[-76,92],[-87,9],[-55,-14],[30,30],[-33,36],[-114,50],[-188,8],[-89,70],[10,64],[52,41],[90,2],[118,72],[53,14],[99,-29],[75,-60],[47,31],[-3,-30],[-44,-13],[78,-72],[98,11],[59,-21],[130,12],[52,-39],[44,6],[76,46],[83,-17],[89,8],[83,-55],[63,18],[-15,-61],[-93,-108],[-47,-35],[-168,-59],[-199,-25],[-33,-20],[-114,25],[-56,-23],[-15,36]],[[197981,119201],[-2,40],[-125,75],[-86,-13],[-54,13],[-87,-33],[-42,57],[13,32],[77,-23],[19,28],[-3,62],[-52,16],[11,37],[-87,60],[4,39],[35,-13],[54,9],[42,-29],[45,10],[45,-24],[3,-35],[78,27],[6,-99],[93,25],[71,-38],[26,3],[68,-46],[30,24],[59,-51],[70,-27],[47,-1],[5,-53],[-84,12],[-74,-59],[-43,-48],[15,-145],[-47,12],[-34,101],[-22,-45],[-49,35],[-25,65]],[[193097,107510],[-61,-6],[37,-30],[-80,-11],[-23,-22],[-89,-31],[-40,6],[13,33],[114,104],[51,24],[23,54],[42,32],[-1,71],[24,32],[24,-32],[27,32],[32,-20],[18,24],[55,-2],[139,76],[150,12],[110,-29],[-20,-24],[-64,-12],[-64,-64],[-35,-65],[-40,-30],[-22,-49],[38,-121],[-49,-6],[-43,31],[-35,-19],[-27,21],[44,52],[29,6],[-74,59],[-47,11],[-50,-20],[-36,-52],[30,-32],[-78,-14],[-22,11]],[[190949,86048],[48,-67],[-68,-148],[-157,-246],[-43,-16],[-60,13],[-46,-30],[-31,13],[-23,51],[34,53],[32,-3],[3,44],[34,94],[55,73],[67,115],[52,72],[103,-18]],[[201761,97524],[-12,-41],[-57,-64],[-67,-20],[-75,18],[-69,3],[-44,21],[-2,61],[40,15],[43,115],[65,58],[71,18],[37,-23],[59,-72],[11,-89]],[[178062,117940],[-8,15],[32,73],[135,125],[22,-1],[63,-70],[41,-92],[-3,-35],[31,-19],[-25,-36],[5,-36],[-92,-44],[-130,45],[-92,53],[21,22]],[[197885,88583],[-41,-37],[-89,-3],[-80,41],[5,44],[55,31],[-23,39],[28,3],[-14,112],[-43,12],[14,19],[-33,48],[46,34],[61,-10],[47,10],[42,-20],[-8,-74],[75,-87],[-23,-38],[3,-38],[-28,-61],[6,-25]],[[191822,86488],[-8,-39],[-42,7],[-25,42],[32,53],[-41,11],[17,36],[-23,71],[-30,15],[-33,52],[-8,74],[16,33],[-14,41],[50,110],[20,-35],[73,17],[14,-23],[18,-103],[2,-145],[-26,-108],[8,-109]],[[201465,94291],[4,49],[46,73],[188,17],[38,-18],[-28,-17],[33,-31],[-27,-42],[37,-14],[25,-53],[-24,-20],[-79,-15],[-187,3],[-26,68]],[[196136,78291],[58,55],[32,12],[27,-27],[-19,-67],[86,-125],[-57,65],[-192,-123],[-83,43],[-100,-120],[-13,9],[137,162],[-14,39],[50,87],[88,-10]],[[197602,89878],[47,8],[29,-24],[8,-58],[35,-36],[10,-70],[-16,-6],[59,-67],[-8,-40],[-37,5],[58,-36],[22,-62],[-47,-7],[-88,70],[28,49],[-20,59],[-28,26],[-105,33],[27,4],[-11,35],[-71,28],[61,77],[-78,41],[48,11],[77,-40]],[[170707,118013],[10,59],[50,78],[93,4],[58,-41],[50,2],[6,-24],[-34,-65],[-67,-30],[-95,-26],[-46,8],[-25,35]],[[203263,95137],[-94,41],[90,147],[37,-7],[31,97],[36,25],[74,-34],[-111,-229],[-34,16],[-29,-56]],[[193025,91063],[39,130],[-25,55],[-33,3],[-32,77],[39,87],[27,-42],[28,16],[-1,48],[35,6],[39,-120],[-18,-89],[-41,-30],[-39,-145],[-18,4]],[[199560,95827],[72,11],[41,29],[-17,30],[11,38],[54,35],[28,-53],[-33,-34],[-11,-83],[11,-22],[-87,-38],[-65,-10],[-40,10],[-37,50],[0,26],[73,11]],[[193016,110539],[192,-53],[-2,-7],[240,-77],[127,-55],[179,-98],[465,-242],[27,-124],[-22,-4],[-25,118],[-454,236],[-167,92],[-137,65],[-474,150],[51,-1]],[[197253,123431],[-69,9],[-17,-25],[-80,-2],[23,88],[26,53],[25,-19],[107,16],[31,-20],[36,-99],[-74,-20],[-8,19]],[[218809,101436],[17,9],[9,70],[-12,27],[31,31],[38,-158],[69,-122],[-16,-50],[-51,-6],[-76,80],[11,29],[-20,90]],[[186977,83247],[-21,53],[60,47],[32,8],[47,56],[50,7],[22,-19],[-25,-60],[-125,-125],[-40,33]],[[193333,81861],[89,30],[-1,-87],[17,-34],[8,-75],[-52,14],[16,-43],[-32,-7],[-11,42],[17,51],[-54,46],[3,63]],[[198366,118552],[-46,-5],[4,-51],[-21,-40],[-26,1],[-9,75],[23,32],[3,58],[58,49],[54,-31],[-20,-75],[-20,-13]],[[198876,98786],[49,-58],[29,-65],[7,-92],[-47,7],[-22,-39],[-17,104],[-11,126],[12,17]],[[199273,119726],[-11,-49],[-33,-14],[-63,27],[-41,-18],[-29,-45],[-45,50],[34,33],[160,32],[28,-16]],[[199412,98202],[2,43],[46,-30],[33,-105],[-7,-54],[-41,-40],[-32,108],[-1,78]],[[191777,86429],[-5,21],[50,-20],[19,-52],[41,-41],[-66,-56],[-49,89],[10,59]],[[196120,78600],[131,240],[87,154],[-25,27],[27,45],[14,-18],[38,38],[76,261],[9,-4],[-77,-261],[-67,-116],[-212,-386],[-1,20]],[[186816,84212],[-18,32],[58,20],[33,-20],[75,7],[48,-11],[-129,-30],[-45,-31],[-34,-2],[12,35]],[[187129,113148],[-67,-25],[-79,3],[-19,-40],[-32,10],[44,41],[108,46],[78,16],[-7,-45],[-26,-6]],[[193452,81596],[10,37],[32,-8],[25,-74],[-2,-69],[-34,8],[-45,78],[14,28]],[[197571,92100],[-36,-5],[12,40],[73,61],[81,-3],[-45,-49],[-85,-44]],[[199080,94891],[78,21],[12,-71],[-12,-16],[-87,8],[9,58]],[[177890,117713],[-43,-30],[-40,10],[-23,30],[25,30],[65,9],[45,-42],[-29,-7]],[[192728,81180],[75,30],[28,-57],[-45,-35],[-84,44],[26,18]],[[191794,111127],[119,3],[189,112],[10,-16],[-193,-116],[-125,-2],[0,19]],[[212036,96100],[60,79],[21,-1],[-221,-292],[-13,9],[153,205]],[[199103,97420],[-22,-19],[90,353],[15,-4],[-83,-330]],[[197598,87364],[33,25],[31,-9],[17,-37],[-54,-67],[-1,29],[-38,14],[12,45]],[[168090,119241],[99,26],[9,-11],[-103,-67],[-46,2],[41,50]],[[200029,97534],[-35,-125],[-15,4],[91,326],[16,-3],[-57,-202]],[[211217,96035],[-3,-42],[-90,-8],[-31,60],[124,-10]],[[196997,90024],[-29,20],[75,-8],[71,20],[-28,-58],[-32,21],[-57,5]],[[199525,95997],[4,-64],[56,-25],[-12,-21],[-59,34],[0,24],[-55,40],[66,12]],[[212055,95479],[50,11],[-323,-158],[-8,9],[281,138]],[[196321,122989],[22,46],[55,11],[-47,-82],[-30,25]],[[199923,129124],[14,64],[50,-16],[-36,-70],[-28,22]],[[192702,91239],[-53,-21],[-9,20],[162,64],[9,-21],[-109,-42]],[[189042,111638],[61,56],[35,1],[-24,-44],[-46,-29],[-26,16]],[[196476,76083],[2,44],[24,19],[32,-53],[-20,-6],[15,-47],[-53,43]],[[187104,84202],[152,-32],[-82,-5],[-102,25],[32,12]],[[181316,116882],[55,6],[-25,-36],[-63,-28],[-18,16],[51,42]],[[193033,90147],[150,-265],[-5,-2],[-158,263],[2,77],[11,-73]],[[199232,94762],[-1,-36],[-87,38],[47,18],[41,-20]],[[199718,125103],[39,29],[39,-8],[-56,-48],[-22,27]],[[197441,119804],[76,-9],[0,-42],[-56,7],[-20,44]],[[198945,121344],[-9,13],[55,57],[16,-43],[-62,-27]],[[186988,84204],[55,9],[-4,-24],[-83,-25],[-22,14],[54,26]],[[197544,87378],[44,25],[-6,-64],[-40,3],[2,36]],[[197974,88865],[-21,26],[71,23],[-8,-50],[-42,1]],[[192197,81160],[49,-8],[58,-36],[-25,-12],[-84,36],[2,20]],[[197530,89640],[38,-29],[-34,-34],[-29,61],[25,2]],[[197630,105734],[30,-13],[-10,-37],[-51,19],[31,31]],[[192560,106711],[-19,-20],[-44,22],[18,22],[45,3],[0,-27]],[[200108,129001],[-36,-37],[-7,67],[43,-30]],[[197303,90026],[30,4],[13,-38],[-49,-9],[-22,40],[28,3]],[[200060,125673],[33,16],[9,-30],[-30,-31],[-36,33],[24,12]],[[196687,106731],[33,-20],[-53,-16],[-8,38],[28,-2]],[[191755,110763],[-17,-19],[-27,34],[55,12],[-11,-27]],[[210641,92677],[-18,-15],[-20,41],[34,23],[27,-40],[-23,-9]],[[197762,125130],[38,-20],[-7,-29],[-48,11],[17,38]],[[192688,94789],[18,34],[55,18],[-56,-62],[-17,10]],[[189887,109308],[42,-24],[-15,-19],[-68,14],[41,29]],[[189184,111347],[-2,23],[73,12],[-18,-32],[-53,-3]],[[191558,110995],[31,-19],[-47,-27],[16,46]],[[198064,89116],[42,-3],[-18,-30],[-51,27],[27,6]],[[196999,94845],[19,-43],[-37,10],[-10,60],[28,-27]],[[195945,107157],[8,-27],[-54,-21],[5,30],[41,18]],[[197720,104512],[28,-20],[-29,-48],[-19,77],[20,-9]],[[169095,117700],[55,-8],[-35,-31],[-44,28],[24,11]],[[196926,106270],[-48,-31],[-8,24],[56,7]],[[197693,88551],[58,-16],[-62,-17],[4,33]],[[191727,110838],[-38,-36],[-8,33],[46,3]],[[191016,77683],[35,14],[21,-34],[-56,20]],[[184511,115375],[13,45],[34,3],[-21,-56],[-26,8]],[[191556,90351],[43,18],[35,-15],[-57,-16],[-21,13]],[[194011,107675],[-46,23],[13,19],[33,-42]],[[197233,90035],[33,-17],[-8,-26],[-48,20],[23,23]],[[186769,84412],[7,-42],[-49,8],[42,34]],[[206615,88238],[-9,-40],[-19,41],[28,-1]],[[196115,106401],[-60,42],[65,-12],[-5,-30]],[[195065,75309],[50,-10],[-16,-21],[-34,31]],[[168422,119111],[-45,-49],[-11,18],[56,31]],[[212788,96803],[35,-16],[-52,-16],[17,32]],[[191306,80186],[54,-11],[-19,-19],[-35,30]],[[190598,78960],[36,-11],[-38,-22],[2,33]],[[197587,119726],[37,34],[10,-38],[-47,4]],[[190782,79923],[59,-19],[-44,-13],[-15,32]],[[168302,119195],[15,-26],[-45,-21],[30,47]],[[201429,97975],[30,37],[-113,-188],[-6,3],[89,148]],[[196439,106883],[15,17],[48,-42],[-15,-16],[-48,41]],[[198252,87891],[-19,63],[30,-24],[-11,-39]],[[196106,94343],[68,-23],[-27,-12],[-41,35]],[[194402,81718],[41,-5],[-57,-38],[16,43]],[[197333,92045],[56,8],[2,-21],[-58,13]],[[193923,107741],[11,-33],[-41,34],[30,-1]],[[198136,87550],[-35,24],[78,-21],[-43,-3]],[[194960,75390],[25,-15],[-38,-20],[-24,45],[37,-10]],[[192795,94912],[23,10],[10,-39],[-33,29]],[[190652,78657],[29,-25],[-62,9],[33,16]],[[209677,91629],[27,-16],[-16,-26],[-11,42]],[[183799,119744],[-18,-15],[-10,43],[28,-28]],[[199876,92176],[10,-36],[-52,-1],[42,37]],[[195017,111100],[4,-3],[-113,-201],[-4,2],[113,202]],[[186944,84036],[9,-26],[-44,-6],[35,32]],[[199237,93687],[37,2],[-20,-31],[-17,29]],[[196429,83994],[-40,-7],[64,38],[-24,-31]],[[192590,88946],[10,-26],[-38,-24],[28,50]],[[195407,171593],[78,-119],[190,-273],[206,-145],[209,-89],[45,-27],[2,-179],[69,-72],[27,-48],[94,-108],[83,-56],[106,-135],[36,-29],[223,-232],[114,-139],[54,-50],[169,-86],[120,-79],[120,-91],[89,-42],[66,-61],[55,-79],[34,-21],[217,-82],[162,-149],[87,-107],[86,-130],[68,-42],[151,-75],[12,-82],[24,-46],[100,-52],[85,-77],[137,-166],[99,-84],[55,-73],[64,-137],[42,-57],[98,-55],[49,-70],[41,-22],[114,-13],[133,12],[102,41],[66,10],[50,-40],[49,-61],[7,-57],[-12,-60],[7,-137],[57,-85],[38,-39],[19,-44],[-6,-55],[-51,-113],[-80,-121],[-22,-76],[-12,-141],[-24,-58],[-5,-59],[-31,-61],[26,-71],[-18,-63],[-52,-50],[-30,-59],[-36,-37],[-66,-16],[-71,3],[-71,-40],[-40,-45],[-57,-105],[17,-112],[43,-119],[9,-146],[-5,-87],[62,-102],[47,-104],[51,-67],[58,-120],[58,-214],[29,-152],[-7,-59],[-57,-78],[-94,-83],[-57,-30],[-160,-58],[-31,-38],[2,-139],[16,-117],[-11,-96],[-16,-40],[-11,-126],[-17,-21],[-115,19],[-21,-12],[-22,-80],[-72,-171],[-48,-212],[11,-50],[50,-66],[87,-52],[57,-50],[45,-73],[-21,-69],[-58,-47],[-22,-44],[-10,-84],[9,-55],[48,-83],[31,-117],[31,-29],[35,-109],[73,-69],[101,-72],[-10,-44],[-91,-65],[-4,-53],[20,-39],[77,-46],[48,-6],[112,-132],[89,-32],[87,-47],[48,-57],[-1,-89],[59,-61],[106,-49],[115,18],[26,-47],[-63,-55],[-14,-49],[-5,-107],[-50,-140],[1,-43],[32,-47],[61,-51],[34,-59],[35,-155],[-42,-84],[-11,-76],[-60,-100],[-6,-81],[-39,-116],[-1,-60],[28,-75],[82,-48],[111,-88],[8,-35],[-59,-185],[7,-84],[147,-90],[107,-79],[103,-110],[69,-61],[38,-19],[73,15],[116,-11],[48,-13],[88,-71],[123,-63],[63,-105],[37,-32],[103,-20],[47,-22],[49,44],[32,-7],[175,-209],[37,-63],[63,-80],[155,-106],[224,-114],[111,-85],[96,-48],[141,-30],[112,-2],[24,-20],[13,-85],[18,-21],[53,20],[81,119],[32,66],[46,34],[35,-5],[100,44],[81,100],[51,39],[113,63],[89,9],[52,-16],[190,-18],[202,38],[80,36],[30,42],[67,9],[93,-36],[213,-4],[133,-59],[91,-69],[137,-220],[69,-164],[32,-48],[104,-107],[158,-184],[30,-18],[65,0],[121,42],[73,-54],[93,-6],[131,18],[113,31],[128,-45],[63,-46],[73,-79],[90,-20],[66,-35],[146,-33],[163,-2],[63,-53],[102,-125],[145,-123],[51,-75],[25,-141]],[[206487,157585],[-11,-72],[-80,-50],[-28,6],[-65,67],[-46,9],[-43,-57],[-44,-113],[-31,-21],[-28,-51],[0,-84],[-61,-116],[-4,-57],[30,-40],[-84,-132],[-24,-116],[5,-58],[-25,-25],[-96,6],[-101,33],[-71,-50],[-10,-61],[-96,-106],[-97,-84],[-55,25],[-126,0],[-42,-13],[-59,-53],[-75,-45],[-70,-16],[-96,23],[-88,-27],[-24,-63],[35,-80],[-4,-50],[-83,-100],[-35,-59],[-88,-30],[-40,-30],[-67,-76],[21,-101],[-6,-50],[-38,-89],[-10,-100],[-29,-63],[-3,-43],[39,-58],[46,-13],[20,-43],[8,-99],[-57,-116],[-68,-23],[-166,-16],[-42,14],[-65,-82],[-41,-35],[-10,-41],[12,-56],[-86,-20],[-73,6],[-130,-87],[-44,-113],[-65,-98],[39,-143],[4,-45],[-32,-70],[-64,-44],[43,-80],[8,-155],[-22,-70],[100,-142],[28,-52],[9,-110],[23,-101],[-31,-71],[-9,-115],[-26,-64],[-195,-166],[18,-48],[-93,-107],[-10,-115],[44,-86],[3,-63],[-22,-113],[-32,-56],[-67,-84],[-11,-63],[-124,-155],[3,-37],[29,-54],[-1,-65],[-35,-99],[-73,-109],[-75,-235],[-47,-179],[52,-58],[17,-75],[-2,-60],[-26,-73],[11,-129],[-24,-98],[29,-116],[36,-62],[-67,-14],[-64,-54],[-4,-97],[-34,-143],[47,-82],[41,-106],[48,-178],[-29,-108],[21,-38],[80,-11],[79,-99],[-1,-60],[-22,-86],[-4,-57],[75,-113],[6,-31],[-64,-141],[-11,-62]],[[203345,149246],[3,-81],[45,-126],[-21,-94],[-70,-20],[-115,-6],[-83,-22],[-79,-1],[-33,-46],[35,-91],[58,-114],[14,-55],[-10,-83],[68,-89],[15,-151],[36,-192],[68,-32],[93,-74],[35,-69],[78,-57],[22,-56],[5,-79],[-24,-88],[-137,-35],[-43,-107],[-60,-40],[-50,-57],[-99,-68],[-153,-170],[-71,-47],[-11,-60],[2,-104],[-23,-31],[-127,-57],[-77,-26],[-52,-83],[79,-197],[-1,-27],[-40,-77],[-7,-85],[28,-111],[-62,-95],[-38,-123],[-25,-40],[-45,2],[-53,-39],[-4,-51],[-119,-101],[-54,-4],[-109,11],[-99,-23],[-44,-51],[-76,-19],[-25,-26],[-74,-31],[-99,-72],[-9,-26],[-65,-31],[-29,-32],[-24,-77],[-47,39],[-77,-1],[-126,59],[-62,45],[-59,-1],[-31,41],[-87,31],[-55,-2],[18,29],[-42,36],[-55,-5],[-65,93],[-20,-16],[-74,73],[-45,-50],[-101,-55],[-67,-13],[-129,27],[-88,56],[-53,16],[-77,-48],[-39,-9],[9,-129],[-19,-76],[-62,-110],[3,-76],[-53,-42],[-49,-64],[-47,-99],[-68,-65],[-71,-25],[-63,16],[-62,58],[-27,40],[-41,8],[-80,-17],[-73,-83],[-74,-31],[-115,-151],[-30,-21],[-103,-10],[-113,11],[-73,-27],[-46,1],[-126,25],[-102,56],[-64,-13],[-34,-23],[-82,-100],[-95,-76],[-49,-147],[-11,-5]],[[198389,144580],[-77,16],[-85,33],[-60,-6],[-62,-25],[-16,-41],[-80,-135],[-84,-53],[-95,-24],[-51,22],[-26,112],[24,42],[-13,78],[-30,64],[16,65],[-23,92],[31,37],[75,-44],[54,-54],[66,-84],[74,-4],[71,-26],[69,27],[13,97],[-29,18],[88,92],[43,-1],[56,-44],[43,7],[95,104],[45,75],[88,79],[106,39],[24,27],[46,2],[24,36],[14,65],[-29,33],[-63,-22],[-154,-101],[-119,-85],[-51,-3],[-73,19],[-76,61],[-56,-6],[-17,-68],[-34,-46],[-49,-10],[-78,54],[-39,158],[9,200],[60,103],[55,17],[21,-50],[48,-32],[82,21],[43,-3],[104,49],[86,-5],[111,29],[75,68],[72,35],[28,-7],[78,38],[-29,153],[-24,8],[-155,-138],[-62,-27],[-87,-12],[10,48],[-33,66],[-72,81],[-85,21],[-74,73],[-120,-6],[-72,-42],[-62,-104],[-39,-38],[-37,3],[-26,36],[-33,139],[0,48],[24,37],[64,53],[-12,74],[-101,63],[-31,60],[4,148],[-114,25],[-53,-83],[-39,-18],[-16,-39],[-30,23],[9,103],[-114,184],[-47,40],[-23,-4],[-38,-166],[-8,14],[51,183],[24,36],[24,108],[59,109],[113,120],[4,174],[-40,178],[-8,139],[9,39],[-14,115],[10,57],[-46,91],[-170,281],[-145,236],[-23,0],[-24,82],[-64,67],[-13,40],[-168,245],[-74,77],[-26,1],[-112,92],[-40,109],[-57,92],[-12,55],[44,92],[-8,69],[35,80],[36,15],[34,48],[11,53],[115,133],[60,17],[36,47],[34,88],[75,76],[53,21],[106,121],[49,46],[54,16],[117,13],[-7,42],[42,32],[64,95],[-25,31],[25,42],[46,125],[18,141],[-1,116],[-42,297],[-95,430],[43,4],[-109,351],[-28,8],[-43,84],[-49,131],[44,17],[-8,27],[-48,-1],[-27,64],[1,36],[39,69],[71,28],[61,150],[84,160],[86,116],[-39,26],[38,37],[59,29],[53,67],[63,136],[2,160],[-31,108],[-47,76],[-57,71],[-117,198],[-179,192],[-20,87],[-18,32],[-110,69],[-9,19],[-112,32],[-140,-70],[-153,-20],[-78,11],[-50,24],[-48,2],[-35,108],[-4,48],[-116,70],[-52,41],[-73,240],[-55,72],[1,35],[-94,-41],[-43,31],[-42,162],[-91,-65],[36,-43],[-4,-42],[-369,6],[-114,-32],[-169,7],[-192,-20],[-120,-43],[-38,4],[-104,67],[-124,-11],[-134,-26],[-37,20],[-77,105],[0,83],[-33,42],[-28,-6],[-71,56],[-82,125],[-61,76],[-7,26],[-114,4],[-28,-78],[30,-70],[43,-67],[-27,-83],[-74,-41],[-243,23],[4,32],[-111,5],[5,-24],[-177,-49],[-131,-44],[78,-96],[0,-45],[135,-168],[-21,-39],[-79,-100],[-82,-54],[-81,-33],[-50,-4],[-162,85],[-166,66],[-70,3],[-75,37],[-47,-42],[-87,-5],[-59,93],[0,49],[60,49],[2,33],[-51,107],[-46,39],[-53,106],[23,65],[41,-11],[17,57],[80,46],[44,56],[105,-24],[83,29],[-2,62],[-227,51],[-14,-27],[-42,30],[-49,-54],[-46,-13],[7,-21],[-160,-102],[-9,-85],[-50,-6],[-1,-32],[-200,-88],[31,-73],[-18,-11],[-45,71],[-79,-38],[-39,-36],[-16,30],[-43,-19],[15,-47],[-19,-106],[-107,-181],[-183,-177],[-4,-79],[-24,-77],[-1,-48],[42,-72],[28,-14],[42,-65],[29,-77],[-10,-39],[-75,-37],[-15,17],[-69,-19],[-29,-24],[36,-38],[-20,-46],[-60,-46],[-32,22],[-102,-1],[-20,17],[-48,-9],[-56,-77],[-45,-163],[49,-6],[-82,-121],[3,-61],[-72,-11],[-27,31],[-46,15],[-89,-4],[-41,27],[-6,40],[-78,72],[-5,46],[-68,65],[-163,64],[5,34],[-32,39],[-40,13],[-34,47],[22,69],[-74,38],[6,74],[48,40],[-4,47],[26,95],[6,72],[51,61],[-17,32],[23,40],[-72,81],[-35,-46],[-56,-29],[-8,-94],[-58,-59],[6,-32],[-45,-46],[-46,-81],[14,-40],[-47,9],[-15,-30],[41,-50],[-52,-62],[-89,2],[-94,62],[-34,-46],[-107,16],[-12,-27],[37,0],[93,-45],[2,-19],[-80,-8],[24,-52],[142,-20],[55,-45],[-59,-84],[-43,-44],[17,-20],[87,68],[123,-144],[10,-48],[-36,-35],[-128,149],[-202,-161],[33,-58],[46,-46],[78,-18],[26,-53],[29,-17],[122,-171],[51,-40],[7,-56],[-13,-105],[6,-42],[-22,-10],[24,-70],[70,-10],[27,-64],[-11,-36],[35,-9],[-24,-83],[-89,25],[-84,3],[-9,27],[-71,-21],[-81,-115],[18,-12],[-67,-103],[-20,13],[-30,-45],[-95,59],[75,112],[-17,39],[-189,119],[-58,-82],[-173,73],[-49,10],[-69,-22],[-58,10],[-33,40],[-83,164],[26,118],[73,167],[-65,-161],[78,-154],[236,110],[-39,78],[54,80],[8,58],[-56,48],[7,47],[26,-3],[0,77],[-19,204],[-109,48],[-133,114],[-2,62],[122,8],[-14,195],[-153,-6],[-62,15],[-92,61],[-58,75],[-49,-45],[2,60],[-78,6],[-77,-17],[-10,-30],[-53,-50],[-43,39],[-56,-44],[-44,18],[35,65],[37,-5],[36,38],[45,-22],[49,129],[-51,62],[-55,-14],[-40,12],[-40,-38],[-39,-2],[12,56],[59,22],[-31,23],[-10,55],[28,55],[-14,95],[-34,-29],[-31,9],[34,29],[8,40],[83,5],[30,33],[-44,40],[5,54],[-29,13],[88,61],[7,29],[61,30],[43,49],[77,41],[42,-17],[66,40],[106,47],[67,20],[265,159],[139,20],[12,10],[-25,168],[-93,64],[5,33],[40,13],[49,57],[50,80],[-23,88],[-106,87],[-50,7],[-70,-13],[-62,-109],[38,-11],[-2,-31],[-27,1],[-1,-31],[-58,2],[-4,-27],[-101,-60],[9,-47],[-33,-123],[-73,-19],[-194,-104],[-26,-3],[-147,1067],[373,104],[37,-122],[164,75],[6,24],[335,84],[47,77],[26,-14],[27,42],[6,136],[-17,80],[-56,110],[-44,49],[-80,-41],[-85,70],[-28,36],[-115,-132],[160,-130],[32,-17],[-26,-58],[-495,111],[73,88],[-14,11],[218,249],[39,18],[-39,35],[-2,50],[25,68],[-245,351],[-102,-74],[89,-108],[-10,-10],[-86,113],[-62,-45],[132,-173],[-18,-1],[1,-157],[-14,0],[-2,175],[-33,-24],[-74,-8],[-66,82],[-305,-177],[-108,-26],[-41,155],[-190,-45],[189,50],[53,30],[-141,553],[-13,9],[-396,19],[-2,-26],[-69,-188],[188,-595],[-69,1],[12,-20],[67,-219],[-21,-6],[-67,219],[-2,26],[-206,2],[-16,-21],[67,-220],[-20,-6],[-67,220],[-1,23],[-162,4],[-51,142],[-23,7],[178,62],[-154,412],[-455,-160],[-222,-74],[154,-415],[299,104],[-10,-19],[54,-139],[-148,-46],[23,-26],[-234,-82],[8,26],[-115,86],[-39,363],[-185,-10],[-45,-19],[-55,125],[-85,-45],[16,-36],[-164,-204],[-29,3],[-54,-140],[37,-107],[74,15],[110,1],[62,-25],[82,-63],[159,-206],[42,-28],[29,39],[41,-25],[-33,-46],[41,-88],[80,-25],[102,-203],[-53,36],[39,-84],[21,-190],[47,7],[54,-636],[-63,13],[-30,-101],[43,-381],[-62,-77],[-59,-16],[-155,-19],[-49,-46],[-54,20],[-58,-28],[-58,5],[-31,-42],[5,-35],[39,-16],[79,5],[18,-21],[-61,-79],[87,-58],[154,7],[1,-12],[185,7],[104,-84],[59,-10],[30,19],[-13,37],[59,-78],[-30,22],[-32,-21],[125,-179],[32,21],[-13,36],[58,-80],[-30,23],[-36,-24],[46,-82],[-6,-55],[30,-75],[-30,-22],[-38,-79],[-63,-73],[-33,-18],[-48,-79],[41,-50],[69,-35],[53,-4],[18,-40],[32,-12],[21,-42],[-14,-58],[33,-123],[-7,-84],[6,-218],[-40,-8],[-23,-64],[-36,-50],[50,-112],[108,-120],[29,-97],[3,-56],[-22,-104],[-14,-110],[6,-48],[-67,-83],[-49,-43],[-77,-45],[-86,-35],[-118,4],[-96,42],[-84,-12],[-86,40],[30,14],[-8,51],[-82,83],[-120,51],[-5,-12],[-69,28],[13,37],[-56,7],[-44,-13],[-53,-53],[-118,40],[-71,-43],[-31,-40],[19,-92],[39,-40],[167,-83],[63,-16],[114,-77],[66,-64],[152,-62],[89,-52],[48,-6],[27,-47],[83,-23],[57,-58],[16,-53],[57,-69],[104,-61],[34,6],[84,135],[-5,22],[87,-50],[-26,-12],[-48,-77],[77,-70],[82,-49],[38,-42],[19,-75],[-10,-115],[-47,-77],[-66,-25],[-117,-9],[-86,-25],[-55,-1],[-102,33],[-65,1],[-98,17],[-57,25],[-87,62],[-56,54],[-29,78],[-39,38],[-59,1],[-3,-31],[30,-78],[24,-9],[4,-69],[-30,-110],[-137,-39],[-91,8],[-140,-10],[-76,-60],[-23,-81],[-43,-38],[-144,-68],[-39,3],[-17,-25],[-56,50],[23,26],[-89,155],[-48,34],[-92,2],[-90,44],[-13,-4],[-127,116],[-33,19],[-29,111],[-79,22],[-63,-61],[-101,-69],[17,-23],[-57,5],[-45,-89],[-32,-31],[-117,-34],[-105,-1],[-153,-46],[-170,-26],[-144,37],[-10,-19],[-157,-67],[-101,3],[-250,-35],[-112,35],[3,41],[-51,48],[-32,55],[-40,41],[-7,134],[-18,79],[-3,80],[-22,36],[-43,20],[-70,118],[-58,78],[-16,62],[-56,11],[-71,-13],[-140,-55],[-174,-152],[-125,-18],[13,-165],[39,2],[-3,25],[51,-25],[37,21],[78,-126],[-19,-65],[19,-31],[10,-80],[49,-97],[8,-50],[27,-48],[18,-99],[41,-90],[109,36],[-104,-48],[26,-87],[-5,-102],[-76,-153],[-88,-113],[-29,-65],[-10,-70],[47,-125],[-32,-58],[-76,-1],[-71,-31],[-3,-96],[-100,-105],[-132,-74],[-32,-34],[-49,-162],[-33,-83],[-87,-96],[-17,21],[-105,-16],[-43,34],[-35,5],[-46,53],[-60,23],[-21,63],[-6,77],[21,32],[9,64],[31,18],[0,35],[41,53],[46,20],[3,74],[-29,323],[-6,114],[-17,70],[-57,169],[-73,61],[-12,52],[-56,91],[-79,88],[-128,56],[-72,-76],[-109,29],[-27,49],[43,77],[2,33],[-36,78],[-54,79],[-49,123],[-4,55],[12,109],[-16,107],[-5,101],[-21,87],[-45,129],[-48,77],[-26,5],[-16,78],[38,21],[13,33],[67,10],[50,-43],[89,37],[56,70],[12,57],[6,112],[47,100],[5,86],[-45,44],[-6,65],[-23,53],[-44,34],[-78,23],[-98,62],[-40,38],[-39,67],[-80,85],[-26,54],[-45,214],[8,74],[20,46],[77,61],[14,52],[-5,52],[-45,26],[19,23],[90,-11],[28,30],[33,-4],[-2,-43],[-63,0],[4,-73],[37,0],[38,33],[53,20],[17,-22],[-44,-71],[9,-55],[-32,-8],[-53,-47],[-7,-63],[49,-52],[7,57],[39,32],[27,-16],[16,76],[36,39],[39,-91],[-2,-53],[45,-27],[61,37],[28,54],[20,1],[86,-149],[54,38],[103,-26],[-2,-24],[-58,-14],[2,-63],[40,-1],[4,-42],[-85,29],[-22,-18],[46,-76],[41,-27],[69,8],[6,-42],[-51,-14],[3,-38],[-44,11],[-69,50],[-75,71],[-115,19],[-6,-42],[69,-29],[30,-40],[-20,-70],[31,-9],[63,14],[72,-39],[-3,-45],[-52,-69],[64,-13],[-62,-42],[-28,2],[-11,-51],[132,40],[-7,-60],[11,-81],[21,-3],[28,126],[14,26],[-25,52],[9,41],[49,-8],[10,39],[71,53],[10,-52],[-41,-36],[-28,-71],[-32,-43],[22,-46],[-3,-65],[41,10],[6,-69],[-64,-44],[13,-61],[44,-4],[31,-44],[-6,81],[56,-16],[-13,38],[33,80],[0,53],[-33,43],[11,76],[49,-29],[-7,-36],[30,-11],[10,-74],[70,-154],[38,5],[147,-24],[14,18],[-61,30],[-62,60],[61,44],[66,-19],[-26,45],[-39,18],[-78,-6],[-23,75],[34,-9],[46,38],[-63,84],[16,13],[51,-44],[56,-27],[87,-103],[15,75],[-50,72],[-51,38],[18,15],[-68,67],[77,-3],[13,36],[-39,39],[38,15],[54,-74],[12,-70],[53,-96],[26,-24],[44,28],[-34,64],[-7,53],[23,119],[44,-67],[-7,-101],[86,69],[61,-32],[30,45],[-14,25],[29,34],[80,12],[14,24],[71,-60],[105,35],[35,35],[98,37],[43,65],[7,76],[-18,45],[67,8],[53,-81],[-89,-84],[-87,-116],[40,-38],[67,2],[71,-64],[-1,-17],[87,5],[69,-47],[3,-81],[58,-10],[111,38],[72,-18],[130,-1],[-15,27],[-99,110],[-5,61],[-25,75],[38,95],[-8,37],[-64,11],[-48,100],[-22,19],[-11,53],[67,3],[79,-31],[-9,46],[-56,60],[28,66],[-6,71],[-116,35],[-17,32],[29,28],[28,-10],[-2,48],[42,7],[24,40],[71,-32],[7,-58],[21,-22],[-14,-64],[10,-29],[57,65],[6,76],[32,-31],[-9,-64],[45,31],[57,6],[29,-36],[-52,-82],[31,5],[64,63],[64,-23],[-3,-35],[50,-39],[33,45],[31,11],[69,-17],[82,38],[32,86],[50,26],[-67,7],[-28,-38],[-82,18],[5,37],[-53,-31],[-63,0],[-146,43],[-21,92],[29,28],[132,-14],[34,20],[-53,46],[-50,20],[-26,32],[-71,-23],[-46,70],[49,55],[66,-37],[82,-24],[10,27],[-37,35],[-10,71],[-68,15],[-23,43],[8,35],[77,-15],[31,7],[45,-40],[53,-77],[33,-6],[19,69],[-16,81],[-33,17],[-34,99],[-50,49],[-26,51],[-15,80],[14,53],[27,-19],[28,-60],[14,-86],[51,-92],[39,-34],[-4,91],[25,21],[-9,54],[-29,71],[38,9],[54,-50],[21,-67],[-8,-66],[26,-11],[49,47],[26,-50],[-35,-71],[6,-51],[42,-24],[34,57],[38,32],[45,-57],[-8,-49],[-47,-82],[20,-18],[27,32],[54,11],[19,54],[25,12],[39,-54],[-17,-21],[6,-77],[-28,-74],[-36,-52],[137,-27],[9,35],[117,203],[65,66],[-14,66],[60,-15],[36,-28],[56,-8],[63,85],[60,-11],[-7,-40],[9,-111],[39,12],[40,67],[99,-30],[22,-33],[42,-13],[23,65],[-49,60],[53,40],[21,-19],[1,-69],[23,-40],[99,-29],[130,126],[98,-37],[-6,28],[-61,76],[40,28],[-1,91],[28,74],[-15,50],[-75,-23],[-65,37],[-26,58],[15,49],[62,85],[46,7],[35,57],[-25,127],[-20,16],[-115,1],[-31,-46],[-60,-23],[-3,-64],[-59,-23],[-67,79],[-101,-80],[-16,-104],[-25,-5],[-12,45],[-77,48],[-68,15],[55,-49],[-6,-90],[-82,-3],[-35,23],[14,43],[-47,52],[-25,1],[-29,-62],[4,-42],[-39,3],[-29,67],[-2,45],[-34,15],[-49,-9],[-27,28],[-52,15],[42,25],[88,1],[23,26],[54,-18],[17,42],[64,46],[-27,87],[-47,51],[-10,-98],[-37,16],[-30,44],[-93,-49],[-74,21],[-16,-23],[-24,78],[-28,25],[-28,-63],[-93,-28],[-12,-54],[-29,-10],[-44,18],[-5,66],[134,68],[49,0],[-4,19],[-72,70],[-14,33],[-84,-61],[-20,18],[-46,-9],[25,49],[-29,23],[-37,-45],[-71,-1],[-47,50],[-53,33],[-94,-23],[5,20],[79,36],[-35,27],[-54,5],[-70,53],[-46,-7],[-18,-33],[-36,22],[37,30],[-41,40],[65,4],[103,-41],[54,75],[42,6],[29,68],[-29,26],[-28,-14],[-91,24],[15,21],[-17,84],[-42,43],[-89,32],[-73,-24],[-49,7],[4,52],[-47,-10],[-11,23],[37,128],[-13,35],[-60,57],[-41,-71],[7,-21],[-30,-56],[-104,52],[7,42],[40,7],[9,38],[-88,36],[-39,-13],[-48,27],[67,9],[58,-22],[115,-4],[46,-20],[34,109],[-62,89],[-42,3],[-48,68],[-33,7],[0,33],[-45,29],[8,50],[-41,-17],[-5,79],[39,29],[-73,20],[-21,-32],[-31,6],[-19,65],[-31,36],[30,34],[94,16],[23,63],[49,69],[-10,55],[14,58],[73,73],[101,73],[28,5],[-13,45],[-96,-3],[-62,38],[-61,-57],[-64,-18],[33,58],[88,17],[-8,85],[-33,23],[-38,-17],[-31,32],[27,13],[4,55],[-58,-16],[-5,56],[55,235],[79,-9],[85,-37],[163,-43],[47,131],[-157,78],[-108,123],[-85,11],[-86,-56],[-8,12],[82,54],[-40,90],[-18,67],[-77,22],[-46,-15],[61,-27],[-46,-21],[33,-41],[11,-55],[-51,-11],[5,-50],[26,-12],[-50,-15],[17,-123],[-18,-95],[-59,-74],[-33,-7],[-2,51],[60,84],[-23,6],[-43,71],[31,35],[-8,23],[-46,-5],[-48,76],[4,23],[71,4],[50,58],[-49,51],[-1,28],[-76,14],[4,-79],[-45,116],[25,33],[-23,18],[-86,-43],[30,-26],[-4,-36],[25,-47],[-99,63],[-23,39],[-86,59],[-7,44],[31,64],[46,47],[-81,-16],[2,-34],[-60,-86],[-69,20],[-38,39],[-68,21],[-22,32],[-7,77],[26,35],[50,24],[-8,45],[-48,28],[-3,-48],[-63,-32],[-41,1],[7,-48],[-23,-63],[-84,58],[-10,-20],[-52,17],[-1,-43],[71,-25],[40,-31],[-16,-37],[-50,45],[-136,6],[20,-35],[59,-37],[17,24],[27,-34],[12,-61],[-55,-36],[60,-23],[5,-32],[-71,-37],[46,-46],[39,11],[24,-35],[-40,-11],[-2,-41],[26,-13],[-23,-75],[-17,8],[-1,60],[-24,53],[-52,25],[-27,-47],[26,-26],[0,-53],[-31,-8],[1,-36],[35,-11],[-3,-52],[42,-6],[-81,-32],[-11,-80],[27,-20],[-48,-13],[11,-50],[-32,27],[-61,-1],[25,51],[-39,-8],[17,68],[-66,-1],[-2,56],[17,52],[22,-3],[68,-60],[17,-57],[43,49],[-67,120],[-32,-4],[50,38],[-18,55],[36,25],[-25,12],[10,64],[33,15],[-16,23],[43,19],[-37,18],[10,41],[-24,8],[-50,-72],[-43,3],[-22,-29],[38,-24],[-7,-43],[-39,-8],[24,-49],[-47,-64],[-55,14],[14,67],[-72,-46],[-14,17],[37,101],[23,-12],[17,74],[-46,-36],[-23,26],[35,52],[-25,21],[-111,-28],[-32,-137],[31,-34],[-32,-36],[6,-54],[-61,-2],[5,49],[-71,-21],[39,67],[44,5],[-15,25],[-95,18],[-32,-14],[-45,84],[18,25],[-49,11],[52,114],[-47,44],[-12,-40],[-54,-36],[-14,-81],[-31,7],[-12,61],[-21,17],[28,23],[19,52],[-20,35],[-39,-11],[25,35],[-32,42],[-73,-8],[-3,-38],[-30,16],[-35,-49],[-19,43],[28,76],[65,7],[30,24],[2,37],[60,11],[4,90],[36,26],[-8,44],[-33,42],[146,25],[-6,-41],[44,5],[77,33],[50,66],[-86,99],[-98,-27],[-1108,81],[-32,13],[-2,-109],[23,-124],[-1,-88],[-44,14],[13,62],[-31,41],[-41,10],[-14,-45],[-58,35],[58,51],[-20,36],[-62,-32],[-1,21],[52,26],[20,48],[-19,17],[-39,-20],[-47,-123],[-76,-63],[59,-22],[-36,-86],[-58,-22],[-32,8],[-47,47],[43,13],[-1,28],[-89,41],[10,20],[58,-38],[128,112],[66,183],[43,199],[-8,39],[-55,15],[-134,-18],[-73,-182],[-52,-44],[-52,-24],[-59,8],[-101,-10],[-56,-57],[-42,-22],[-1,-32],[-47,-13],[-121,34],[-32,-27],[19,-35],[-189,-93],[-151,-12],[2,-71],[-143,-6],[-12,-30],[11,-82],[38,6],[26,-149],[-25,4],[-15,-59],[195,-32],[100,-49],[-4,-8],[-113,55],[-209,34],[-54,29],[-78,16],[12,-50],[36,-37],[-15,-17],[-62,22],[2,-18],[-59,17],[-40,30],[-73,2],[-78,-36],[-52,-13],[-18,30],[7,46],[39,9],[17,100],[14,10],[19,104],[88,77],[41,22],[41,51],[0,46],[27,53],[-15,105],[14,40],[36,13],[-11,25],[26,51],[34,24],[-17,41],[41,27],[7,60],[26,27],[8,64],[36,92],[53,68],[69,47],[40,-28],[56,-5],[24,-42],[-6,-107],[-36,8],[-30,-25],[-60,-16],[-48,-34],[18,-27],[45,11],[72,-7],[14,-34],[34,-9],[-22,-156],[58,16],[0,56],[42,47],[50,14],[5,54],[95,6],[43,-51],[32,-11],[28,27],[-46,26],[-9,35],[34,33],[56,22],[-9,23],[44,10],[-4,47],[-30,7],[-23,96],[16,92],[-45,16],[-28,-73],[-5,-97],[9,-52],[-47,-59],[-45,20],[-54,-19],[-13,35],[18,56],[-12,131],[-17,31],[-46,20],[2,60],[70,26],[13,76],[-17,74],[29,120],[45,31],[-7,89],[-43,61],[33,56],[5,-31],[48,-65],[0,-77],[35,-36],[45,12],[1,55],[44,-33],[26,20],[-34,83],[-30,3],[2,41],[32,11],[59,-29],[-20,69],[57,12],[32,31],[1,-55],[-16,-56],[54,-24],[40,65],[19,53],[55,-23],[19,57],[14,-15],[-18,-64],[-62,-19],[-18,-141],[-44,-20],[32,-37],[-27,-25],[34,-13],[-21,-76],[20,-45],[28,-10],[37,-80],[18,-84],[43,4],[18,50],[-2,67],[42,37],[-77,33],[-6,70],[23,89],[20,25],[83,-57],[61,3],[55,-21],[2,68],[80,48],[42,-12],[-3,71],[-112,-32],[-31,-18],[-57,7],[-6,42],[-34,0],[34,46],[-3,40],[54,-25],[2,-36],[31,-27],[39,32],[46,6],[-4,61],[26,-3],[10,-41],[55,-12],[6,51],[41,-9],[9,-96],[42,34],[23,-10],[-31,112],[-77,66],[-55,-5],[-8,45],[-24,6],[-76,-45],[-37,63],[22,34],[38,-54],[62,34],[-7,38],[-38,35],[-29,62],[32,-11],[33,20],[44,-53],[4,-98],[41,10],[-18,-30],[107,-58],[25,37],[11,-70],[40,-83],[41,66],[-16,72],[39,23],[-39,38],[-3,72],[-48,-20],[-75,55],[-49,84],[146,2],[1,-34],[38,-4],[41,45],[16,-7],[14,-113],[-12,-29],[32,-32],[55,37],[22,-28],[58,8],[15,37],[-27,39],[-48,22],[-18,31],[27,82],[-18,9],[60,37],[56,-64],[11,-33],[71,-12],[74,24],[-87,30],[-12,43],[-38,-7],[-12,57],[33,58],[-69,39],[-44,-72],[-102,-10],[-55,-36],[-9,49],[-43,-2],[-45,31],[-32,-7],[-73,28],[-22,30],[255,388],[-129,76],[-176,292],[41,22],[23,49],[213,29],[275,-178],[104,137],[48,113],[-64,24],[-26,-42],[-41,-17],[-81,27],[-68,49],[-22,35],[50,78],[-51,47],[-82,-55],[-100,1],[17,67],[31,9],[28,48],[56,54],[-40,26],[-41,-19],[-31,21],[-18,-45],[-53,-14],[17,69],[-44,-14],[-62,16],[-29,-17],[18,-28],[-126,-112],[0,16],[123,99],[-17,23],[-209,-182],[1,-46],[-53,10],[28,-32],[-35,-44],[-45,20],[-51,59],[-103,65],[2,53],[-96,3],[-5,48],[-25,25],[-65,0],[-47,69],[-22,188],[-36,10],[8,60],[-105,-14],[-11,72],[58,9],[-8,54],[65,87],[-4,47],[-26,32],[-43,315],[10,63],[222,229],[111,158],[-23,14],[-1,48],[38,69],[77,17],[214,-127],[71,105],[-101,99],[48,59],[-14,11]],[[180447,163278],[54,32],[48,-50],[100,5],[139,22],[47,82],[86,38],[7,86],[92,99],[-17,177],[25,-2],[76,-218],[18,-19],[130,34],[-31,72],[23,10],[38,-46],[83,-59],[26,3],[92,70],[62,-2],[66,20],[11,39],[-133,219],[-23,62],[86,34],[52,-98],[45,-20],[94,0],[26,10],[140,-12],[131,-45],[15,3],[11,74],[58,13],[104,66],[39,67],[120,42],[91,117],[98,31],[106,11],[64,-37],[120,7],[25,16],[45,69],[53,307],[120,43],[22,25],[-3,76],[48,-17],[2,72],[16,49],[38,56],[53,41],[58,142],[77,151],[80,77],[68,25],[80,1],[59,-37],[37,-80],[70,-4],[86,-27],[96,72],[36,94],[43,40],[91,17],[106,100],[16,38],[65,45],[71,15],[62,44],[77,-23],[49,16],[37,37],[113,55],[42,47],[123,61],[133,56],[46,36],[38,97],[44,58],[8,44],[-12,69],[-60,158],[5,52],[78,75],[110,70],[6,23],[-100,122],[-54,50],[-208,93],[25,48],[97,122],[-102,57],[-94,93],[-141,92],[-60,71],[-105,228],[-6,61],[-23,38],[-53,39],[-105,32],[-41,30],[-118,30],[-161,19],[-16,122],[-2,111],[14,81],[33,101],[10,121],[48,163],[23,37],[64,58],[44,75],[15,118],[1,146],[18,44],[74,126],[3,60],[101,113],[57,19],[120,112],[63,39],[42,66],[119,55],[89,-9],[-4,21],[-80,137],[-81,36],[-51,7],[-50,48],[21,87],[46,55],[-48,92],[-56,45],[-43,3],[-30,51],[90,150],[-17,38],[-109,132],[-34,126],[29,86],[-30,79],[-83,100],[-32,83],[-93,89],[-38,52],[-57,16],[-144,10],[-87,-13],[-110,-64],[-93,-31],[-219,-122],[-77,-4],[-73,39],[-184,52],[-59,-3],[-14,95],[73,23],[66,-14],[5,49],[-17,41],[-46,34],[-85,33],[-119,68],[-122,118],[-58,18],[-51,36],[-32,45],[-26,82],[12,89],[-39,82],[-81,71],[-93,33],[-79,-27],[-26,24],[-143,5],[-133,121],[-85,63],[-63,70],[-79,31],[-89,5],[-125,-47],[-39,-4],[-74,32],[-11,63],[20,103],[-108,-1],[-198,59],[-72,40],[-30,49],[-80,41],[-213,28],[-106,19],[-78,33],[-62,54],[-112,140],[-55,16],[-93,-25],[-80,3],[-128,-96],[-26,-29],[-13,-54],[-72,-96],[-191,-90],[-49,-90],[-69,-53],[-48,-64],[-71,-43],[-15,-84],[28,-63],[8,-93],[-25,-25],[-36,-78],[-86,-67],[-52,-68],[-20,-55],[14,-37],[-47,-142],[-22,-23],[-73,-23],[-57,95],[-56,56],[-105,58],[-77,60],[-81,77],[-95,28],[-47,46],[-32,64],[-40,12],[-38,-26],[-72,3],[-57,25],[-98,-8],[-46,-27],[-58,9],[22,-41],[-59,-56],[-135,-160],[-46,-68],[-83,-84],[-141,-176],[-27,-49],[-13,-76],[-51,-115],[-40,-289],[0,-76],[-15,-36],[-79,-70],[-27,-51],[-114,-321],[-9,-90],[-65,-122],[-110,-89],[-55,-23],[-40,-37],[-37,-60],[-64,-151],[1,-40],[31,-81],[74,-233],[-13,-103],[24,-57],[-29,-67],[1,-139],[-47,-50],[13,-87],[38,-33],[85,-38],[33,-37],[68,-167],[-3,-52],[-41,-48],[-1,-52],[26,-43],[46,-32],[71,-13],[90,-75],[163,-35],[43,-31],[20,-45],[12,-109],[166,-4],[98,-24],[79,-81],[51,-85],[20,-64],[-35,-105],[16,-61],[64,-131],[-4,-80],[-39,-70],[-8,-64],[17,-37],[65,-79],[21,-65],[13,-92],[39,-46],[50,-97],[-1,-76],[111,-58],[99,-10],[79,-38],[93,-112],[95,-4],[60,-27],[52,-48],[93,-64],[-38,-69],[-123,-256],[-48,-145],[-31,-141],[-9,-92],[9,-111]],[[178977,165530],[-124,-7],[-71,-132],[14,-66],[58,-346],[68,-323],[12,-90],[33,2],[50,-45],[-20,-36],[246,-222],[-6,-58],[-69,-19],[26,-71],[12,-157],[-14,-95],[-42,-34],[34,-189],[21,4],[27,-130],[-19,-116],[66,-33],[31,-53],[-47,-61],[-5,-49],[53,-16],[15,-50],[-42,-140],[-37,-12],[8,-60],[-34,-28],[-90,-47],[-30,-31],[-35,4],[-50,-25],[-63,-94],[-14,-63],[9,-48],[61,-34],[63,4],[2,-41],[52,-55],[33,-105],[21,-95],[-5,-139],[-49,-88],[-50,-11],[-59,77],[-20,68],[-29,25],[7,30],[-31,76],[-28,24],[-89,-57],[14,-139],[13,-20],[-65,-16],[-14,-55],[53,-28],[-3,-25],[40,-17],[2,-67],[23,-53],[-3,-90],[64,-5],[-22,-60],[-53,-23],[0,-19],[-90,6],[-38,-21],[-51,50],[-42,-4],[-92,-75],[-8,-42],[47,-49],[-79,11],[-94,-26],[-68,-103],[13,-39],[-41,8],[-39,-33],[-145,-8],[-126,-53],[-33,-35],[15,-69],[-19,-39],[-16,45],[-29,2],[-38,-37],[55,-36],[-46,-29],[-40,47],[-91,-55],[-37,-58],[9,-47],[-36,-30],[-22,-67],[33,-38],[9,-69],[16,-4],[16,-97],[57,0],[-46,-46],[89,-44],[-41,-30],[-40,4],[-57,87],[-6,-31],[-42,10],[24,21],[-29,18],[-50,65],[-28,15],[-25,-32],[-34,10],[22,72],[72,8],[9,84],[-38,50],[-30,-6],[-15,51],[-29,33],[-136,71],[-104,64],[-34,66],[-1,50],[26,50],[-22,18],[12,39],[69,137],[-75,45],[-189,-95],[-8,24],[-47,-4],[-6,35],[-85,9],[-123,37],[-22,102],[-20,24],[67,88],[10,29],[-61,24],[-39,53],[45,36],[36,-14],[13,47],[-13,33],[-66,-2],[-18,55],[45,-3],[14,23],[49,5],[44,45],[-34,3],[1,65],[-27,50],[63,54],[31,-36],[54,-31],[-2,-29],[72,-75],[10,99],[34,-6],[22,-59],[25,48],[38,-13],[29,49],[-54,60],[-23,-1],[-25,82],[-52,11],[13,50],[-89,73],[1,76],[46,35],[5,70],[75,29],[10,58],[-41,1],[-43,25],[-28,48],[31,25],[92,-27],[64,30],[26,-36],[88,-79],[155,79],[34,6],[-154,58],[-41,-7],[-133,135],[-71,16],[-85,-11],[-9,13],[61,61],[22,91],[21,12],[-59,131],[15,15],[-81,90],[32,189],[-19,31],[13,211],[29,73],[1,43],[24,125],[39,119],[54,76],[37,156],[-22,5],[-112,-107],[-116,-150],[-53,-118],[-54,-204],[-20,-103],[36,-8],[-44,-224],[-19,3],[-41,-90],[-53,-18],[-175,39],[-75,-7],[-56,-80],[38,-35],[3,-80],[31,-15],[80,42],[69,-29],[72,13],[6,-38],[-47,-68],[20,-89],[-57,-45],[59,-65],[-47,-51],[41,-69],[-9,-37],[-84,-22],[-51,-82],[-32,-20],[-153,-22],[-89,-59],[-25,60],[-76,51],[-38,11],[-26,-24],[-16,38],[-38,21],[0,45],[-43,23],[36,59],[-49,72],[12,130],[64,87],[-20,57],[-25,-5],[-79,-70],[-8,11],[-62,-39],[-10,-39],[-59,-8],[-53,-37],[0,-54],[-45,-18],[-40,21],[-125,-36],[-47,-34],[-29,17],[-45,-20],[19,-14],[-84,-107],[-24,10],[-74,-96],[-53,-36],[-44,10],[-31,63],[97,105],[36,97],[6,72],[-24,39],[-31,8],[-33,-76],[-14,-70],[-69,-23],[-82,-61],[-61,30],[29,72],[-9,21],[-83,-25],[-35,25],[-14,60],[-25,32],[26,31],[-9,28],[-61,10],[-28,41],[27,56],[18,100],[29,12],[-21,44],[3,57],[40,15],[114,-29],[-103,66],[-42,57],[46,26],[60,-11],[43,11],[57,-47],[40,9],[14,50],[45,14],[-30,29],[41,-3],[59,27],[70,66],[52,167],[38,40],[30,115],[-16,139],[17,30],[-2,61],[24,11],[31,227],[80,11],[64,-40],[101,-37],[-18,35],[-60,24],[-8,38],[-57,57],[-90,-18],[-3,72],[12,55],[-19,76],[-46,111],[5,64],[-28,28],[24,26],[26,-18],[27,29],[10,47],[25,-4],[74,41],[74,-4],[157,17],[110,-54],[186,15],[16,16],[62,-4],[90,67],[6,22],[65,50],[8,77],[33,41],[49,-1],[-35,41],[14,73],[-94,30],[-20,-9],[-60,40],[-93,-112],[-158,-141],[-185,-33],[-24,13],[0,44],[25,32],[-73,6],[25,-30],[-16,-77],[-517,-93],[119,-72],[7,-21],[-43,-112],[-85,47],[-56,-36],[71,-126],[-86,-22],[-113,13],[18,45],[-100,-134],[-39,-125],[11,-62],[1,-151],[93,-162],[-11,-45],[38,-130],[-23,-76],[-40,-43],[-38,192],[15,42],[-48,66],[-29,-94],[-41,-29],[12,-72],[-18,-83],[-17,-18],[34,-38],[-42,-58],[-32,-4],[-93,31],[-30,-36],[-164,-68],[-91,-10],[-43,-58],[-11,-82],[15,-55],[-5,-52],[-31,-47],[-68,-24],[-48,-42],[-60,22],[-62,40],[-56,-26],[-38,20],[30,24],[-22,76],[25,25],[69,2],[-73,28],[-36,68],[52,17],[-88,43],[-8,48],[-36,10],[-52,-71],[-30,29],[11,80],[53,-11],[56,-34],[31,30],[44,-25],[10,34],[101,41],[-25,70],[-130,-52],[-109,61],[-250,-20],[-63,-79],[-63,-132],[-76,0],[-1,163],[-279,-4],[-49,-24],[39,-28],[-125,-172],[-186,124],[7,72],[-54,33],[-46,51],[3,21],[-162,9],[124,-1],[2,43],[38,-2],[108,100],[173,300],[104,160],[18,38],[-91,56],[-41,-31],[-80,-99],[-25,-14],[-79,-121],[-61,-32],[-91,21],[-73,80],[-43,31],[-186,38],[-74,-11],[-171,-86],[24,-65],[-37,-38],[-112,28],[-32,43],[-82,-25],[-47,-55],[46,-55],[7,-73],[-13,-60],[77,-62],[-42,-24],[-32,16],[-47,57],[-4,31],[-39,12],[-36,48],[0,56],[-35,43],[-4,79],[15,74],[-18,48],[-66,0],[-52,-72],[-73,40],[-106,135],[2,16],[-66,42],[-6,58],[14,42],[-31,15],[-18,-39],[-29,-5],[-58,99],[-106,-32],[40,-31],[5,-65],[49,1],[50,-61],[-2,-32],[30,-7],[-20,-50],[57,17],[21,-54],[28,0],[-1,-39],[39,-9],[-36,-58],[26,-45],[107,-36],[-163,28],[-55,70],[-45,20],[-25,-13],[-28,91],[-63,4],[-25,-19],[-52,16],[-25,-19],[20,-46],[-17,-33],[11,-39],[-26,-12],[-42,65],[-70,38],[-36,69],[56,20],[12,72],[40,42],[10,46],[-32,-37],[-79,-37],[-17,-55],[-13,37],[-103,-10],[-8,28],[50,8],[71,35],[-1,20],[-67,19],[-38,-13],[-50,29],[32,50],[-9,31],[84,41],[-48,10],[0,32],[-67,1],[-5,-36],[-42,40],[16,68],[69,7],[-13,45],[65,55],[19,40],[-170,-103],[-65,-189],[-72,-26],[10,-19],[53,7],[-16,-24],[61,-54],[-2,-40],[-35,-68],[-84,-65],[-18,-42],[-40,-23],[-80,-76],[-55,-24],[-15,-66],[-72,-42],[-50,-52],[-43,61],[51,47],[-32,76],[-44,10],[-14,-21],[-36,53],[-111,-8],[-40,-34],[-26,-51],[26,-73],[-6,-57],[30,-15],[7,-80],[-25,-27],[-32,32],[-106,-12],[-19,36],[-73,80],[-8,54],[-30,34],[-49,-9],[-87,24],[-10,-31],[-38,16],[-4,55],[-41,38],[-63,1],[-11,-79],[-21,37],[-35,-3],[-23,107],[-60,51],[-20,56],[23,-7],[13,65],[-8,35],[25,36],[-27,9],[15,60],[-38,7],[34,25],[-7,37],[58,46],[-25,97],[-85,51],[7,10],[94,-57],[31,-118],[133,-107],[49,25],[2,-19],[98,-5],[74,28],[71,-18],[5,-34],[80,-31],[19,-42],[81,29],[59,-23],[12,-54],[43,-16],[34,33],[56,15],[59,-6],[13,82],[52,3],[35,34],[-151,-29],[-108,13],[-49,29],[-23,40],[-91,80],[15,33],[-14,85],[88,19],[22,79],[49,64],[95,42],[-8,17],[-103,-30],[-59,-48],[-34,-43],[-74,-45],[-41,-8],[-48,-44],[-5,-83],[-19,-44],[-125,-4],[-4,71],[-112,-4],[-4,72],[130,4],[-12,266],[-154,-6],[0,-133],[-9,-1],[-11,254],[183,45],[17,29],[126,-27],[19,41],[-42,6],[-13,37],[106,39],[82,40],[97,-5],[79,-54],[98,38],[-12,61],[-34,4],[10,45],[-17,87],[17,31],[53,23],[163,9],[62,-12],[24,-23],[39,80],[113,-68],[74,-34],[72,40],[-4,59],[17,30],[47,144],[-20,76],[20,19],[50,-5],[87,-37],[41,6],[-6,-51],[53,0],[42,26],[7,74],[-63,6],[-12,31],[-122,37],[26,27],[92,12],[117,94],[46,18],[-5,69],[-127,-75],[-67,-1],[-74,20],[-38,-4],[14,38],[68,48],[21,94],[-11,30],[-109,27],[66,65],[5,31],[46,-8],[-62,72],[47,-18],[27,21],[77,-13],[59,-45],[76,-17],[4,39],[-46,9],[-96,52],[-31,47],[-42,2],[-26,28],[32,56],[-29,11],[-2,39],[34,119],[84,123],[10,53],[-43,-22],[29,-14],[-63,-63],[-53,7],[-6,-29],[-87,15],[23,95],[22,222],[-17,3],[20,106],[77,93],[-9,32],[-72,43],[22,18],[38,-19],[31,13],[-14,33],[42,64],[-39,76],[-33,98],[-40,-13],[-57,177],[-78,-34],[-21,-26],[53,-47],[-63,-97],[-14,-39],[-63,-55],[-77,37],[-10,-75],[5,-76],[-42,-163],[-66,-55],[2,-51],[-37,-46],[-33,-6],[-26,-38],[-84,-8],[-47,19],[-2,30],[-67,43],[-65,15],[-40,-22],[-63,-3],[-30,42],[-33,-20],[-16,34],[-36,-7],[-82,14],[-80,59],[-69,10],[-42,24],[26,147],[-5,25],[58,-44],[92,58],[48,-10],[30,-27],[101,12],[-21,25],[5,54],[47,16],[42,132],[6,48],[-39,14],[-26,-57],[-42,-47],[-36,2],[-61,-62],[-54,6],[-33,24],[-78,86],[-35,106],[2,40],[32,57],[82,-87],[49,22],[1,45],[-26,69],[11,38],[48,17],[-37,88],[43,43],[82,-1],[8,13],[68,-66],[59,-1],[12,36],[-31,31],[-7,51],[124,-18],[71,-27],[43,9],[-3,175],[10,0],[-2,-176],[167,-33],[39,31],[27,-112],[63,0],[23,-16],[12,48],[-23,75],[1,81],[55,23],[32,-10],[118,-120],[30,29],[-79,81],[9,31],[-29,17],[44,7],[65,72],[-133,20],[7,94],[31,2],[-1,42],[53,139],[27,-7],[185,33],[-21,110],[-65,-11],[-34,11],[-33,60],[-3,92],[10,40],[44,-3],[28,99],[-209,-10],[-74,-15],[-119,72],[-44,109],[45,60],[1,80],[-23,61],[-36,29],[35,52],[83,-9],[3,-39],[-32,-17],[43,-41],[37,5],[2,-71],[25,-48],[78,-33],[-36,74],[21,61],[-10,48],[50,34],[43,-39],[52,-12],[44,-37],[43,3],[3,36],[-36,53],[-34,7],[-14,51],[24,8],[-9,55],[-40,5],[-22,33],[55,33],[80,-5],[53,-62],[96,128],[-20,95],[-37,-8],[-32,103],[-50,75],[17,19],[58,-3],[-33,45],[-27,102],[42,68],[56,15],[38,-41],[33,25],[8,52],[37,12],[24,-67],[32,23],[33,-11],[31,-58],[138,-6],[36,-38],[41,-7],[38,-54],[1,-32],[34,-79],[1,-82],[54,-24],[-50,-43],[59,-45],[17,40],[78,94],[19,44],[-2,91],[40,65],[70,16],[43,-13],[-12,141],[-18,38],[-8,74],[-31,-5],[-51,-65],[-67,-10],[-142,67],[29,41],[2,55],[-119,-51],[-95,19],[-40,23],[-47,52],[4,29],[44,35],[-73,-17],[-20,9],[-7,52],[-147,27],[13,51],[63,6],[70,-20],[50,18],[13,29],[-85,43],[-74,66],[-6,33],[44,37],[49,65],[38,-38],[36,-63],[48,-46],[61,-26],[29,94],[-45,42],[-28,47],[-56,52],[-7,24],[38,82],[-7,23],[-111,37],[13,50],[87,15],[32,-55],[79,-47],[-10,-52],[62,-19],[4,-83],[53,10],[64,-64],[44,-71],[13,-47],[-29,-51],[32,-32],[47,15],[61,-15],[58,54],[-32,36],[12,58],[-75,22],[-29,62],[29,46],[-51,53],[-1,70],[-46,19],[36,45],[50,-39],[62,-3],[-39,27],[-12,36],[16,50],[-55,56],[34,51],[48,38],[42,128],[-39,13],[-58,-61],[-52,-19],[-81,-9],[-79,-45],[-57,27],[-31,52],[49,23],[11,55],[-60,63],[71,29],[10,38],[66,-22],[41,37],[6,70],[60,31],[-5,31],[38,21],[7,75],[-11,34],[45,-7],[41,23],[5,27],[40,42],[20,107],[-7,41],[21,31],[45,15],[55,-47],[45,-5],[147,125],[73,34],[16,71],[-70,17],[78,67],[17,-81],[118,-23],[93,5],[-28,-49],[-89,-32],[25,-41],[-45,-49],[-41,1],[2,-28],[-46,-62],[-31,-8],[-49,-46],[-28,9],[-10,-40],[-33,-27],[-67,8],[36,-64],[1,-43],[-34,-36],[37,-40],[0,-67],[-47,-49],[-55,-13],[-58,7],[4,-85],[-28,-58],[63,0],[78,34],[32,-53],[-43,-127],[5,-53],[-12,-94],[11,-90],[-10,-29],[14,-85],[-15,-51],[9,-49],[56,-50],[4,-42],[-25,-61],[56,-2],[20,-221],[138,-25],[39,-22],[21,29],[23,106],[-22,6],[26,94],[24,-47],[57,-11],[2,30],[-38,-4],[22,123],[62,179],[-9,2],[29,108],[-7,20],[44,42],[172,-8],[72,20],[33,-29],[78,-9],[38,9],[-44,66],[-9,40],[102,59],[66,-2],[-9,-41],[46,-21],[54,19],[20,-56],[50,-22],[206,50],[40,248],[21,16],[-94,103],[108,118],[142,51],[57,-7],[-50,84],[15,45],[50,21],[12,-31],[83,46],[-5,25],[-116,39],[-56,-8],[-47,-27],[-61,0],[-74,-27],[-50,-1],[-29,20],[-78,19],[-27,-29],[-70,61],[14,29],[-16,85],[31,17],[42,-7],[81,40],[-22,99],[-39,0],[-104,38],[-40,-2],[-36,26],[-27,60],[26,55],[65,32],[124,153],[-5,26],[-86,48],[1,42],[-22,39],[154,62],[53,-1],[0,-23],[59,11],[35,58],[-26,69],[-76,49],[-69,72],[12,121],[17,-1],[14,97],[-27,15],[-42,-30],[-68,-22],[7,-55],[-52,-54],[-51,-84],[-61,-12],[-63,-57],[-55,29],[-24,58],[24,41],[0,45],[45,54],[7,99],[13,-17],[66,-11],[46,35],[56,99],[30,12],[15,78],[-14,35],[16,43],[-8,47],[71,79],[9,30],[-96,42],[-12,48],[24,14],[-52,25],[-43,-94],[-62,36],[-17,-46],[-34,-28],[47,-36],[-22,-47],[38,-24],[-3,-61],[-28,-31],[-50,-20],[-28,38],[-67,55],[-11,41],[-55,46],[-13,-89],[38,-48],[-5,-54],[-88,39],[-30,73],[7,86],[34,52],[58,35],[31,72],[-36,68],[63,19],[86,-29],[52,41],[11,69],[28,51],[-35,106],[152,57],[43,-5],[39,42],[60,30],[36,-30],[-5,-48],[78,-41],[27,-89],[20,-11],[-13,-63],[-33,3],[-21,-50],[0,-54],[-41,-18],[-65,36],[9,-55],[39,-66],[93,4],[42,28],[89,4],[77,-58],[9,117],[-32,-3],[12,74],[-26,6],[52,193],[39,43],[-59,69],[-21,56],[20,64],[54,25],[80,-27],[97,54],[57,72],[36,12],[46,100],[26,15],[102,7],[17,91],[32,16],[41,61],[23,107],[81,75],[65,24],[23,36],[-30,16],[71,128],[4,50],[-144,74],[406,734],[158,-81],[-3,-64],[-42,-87],[43,64],[16,75],[-1,53],[77,73],[70,15],[55,83],[55,38],[23,84],[58,77],[108,64],[24,-16],[74,81],[86,50],[94,-9],[38,-42],[72,-31],[214,-105],[83,-56],[-7,-57],[39,73],[186,-80],[12,-37],[35,22],[148,-64],[26,-48],[27,-135],[120,23],[141,91],[229,102],[184,35],[164,39],[-53,78],[-56,-3],[-159,-32],[-68,2],[-176,32],[-51,-4],[-85,15],[-24,46],[-85,53],[71,-58],[-114,-40],[-97,-1],[-192,95],[-26,88],[-388,194],[107,219],[289,112],[-18,29],[-120,-9],[-108,-76],[-134,-53],[-179,-15]],[[175614,177581],[28,51],[-6,49],[-64,-8],[-21,86],[-82,4],[-65,-10],[-78,-28],[-11,91],[30,122],[67,243],[-127,103],[-65,91],[-8,30],[92,187],[20,25],[44,-2],[47,21],[4,106],[47,7],[113,-25],[149,-88],[38,68],[-34,95],[9,30],[45,29],[5,39],[146,167],[39,-11],[178,47],[94,-16],[13,22],[168,-65],[76,-75],[42,34],[39,4],[39,54],[99,60],[34,2],[59,68],[69,47],[-15,56],[98,-4],[53,-28],[51,11],[-54,-74],[42,-126],[80,-66],[157,1],[108,68],[19,83],[-16,78],[-62,141],[-31,127],[-62,95],[-125,81],[-31,101],[18,70],[-52,47],[-11,37],[-94,93],[37,16],[0,28],[65,50],[90,21],[90,2],[70,33],[62,100],[-10,116],[2,86],[85,27],[63,36],[136,-7],[145,-33],[136,-23],[104,-146],[74,-17],[60,-46],[53,-3],[56,71],[-43,37],[22,26],[49,-18],[92,154],[54,60],[-10,67],[7,134],[-48,23],[-87,-17],[-47,30],[-25,75],[-49,79],[-21,145],[13,62],[33,38],[79,52]],[[178296,181284],[8,-23],[233,-129],[68,-97],[48,-25],[94,-14],[39,-26],[22,-53],[76,-85],[150,-42],[37,-27],[32,-73],[76,-68],[16,-72],[31,-55],[-9,-86],[13,-50],[53,-77],[27,-12],[55,-64],[46,-98],[41,-13],[133,12],[61,-14],[195,-106],[93,176],[26,-6],[-30,-80],[-3,-69],[-18,-69],[21,-40],[65,-10],[-38,-47],[53,-33],[13,-52],[42,-20],[111,13],[18,-69],[73,-94],[76,-69],[1,-37],[-48,-77],[-1,-57],[19,-36],[79,-16],[8,-23],[-89,-9],[38,-13],[138,-2],[87,-31],[51,-71],[63,-57],[69,-111],[87,-72],[71,-25],[106,-17],[67,-69],[19,-67],[58,-94],[20,-71],[23,-134],[-41,-58],[2,-49],[76,-111],[24,-10],[76,22],[109,-6],[112,105],[65,24],[53,-10],[46,-117],[38,22],[38,50],[41,30],[127,51],[77,19],[78,66],[18,2],[94,-149],[32,-79],[118,-68],[48,-73],[79,-88],[-28,-80],[-78,-142],[0,-28],[37,-70],[10,-59],[32,-7],[6,-75],[-54,-39],[32,-258],[-35,-114],[-1,-31],[135,-46],[87,7],[80,-48],[43,-49],[47,-23],[70,37],[52,11],[62,-27],[37,-137],[33,-84],[30,-38],[63,39],[114,20],[170,-82],[101,-38],[80,77],[40,4],[45,59],[67,65],[71,93],[44,132],[132,58],[78,23],[193,-21],[25,-29],[17,-70],[33,-28],[251,-35],[96,1],[76,11],[116,70],[116,28],[64,-7],[59,-90],[118,-58],[85,-21],[94,51],[30,6],[158,0],[87,-26],[126,-50],[20,2],[137,87],[39,18],[111,23],[89,-8],[49,-28],[96,-30],[127,-15],[52,2],[166,54],[56,-1],[53,-22],[46,-50],[64,-35],[197,-125],[59,-129],[25,-72],[-4,-41],[99,-50],[22,-109],[3,-81],[-23,-49],[-99,-112],[-55,-182],[55,-42],[162,-8],[205,23],[192,1],[126,11],[134,4],[33,29],[20,-29],[32,-187],[-30,-146],[-1,-156],[-10,-86],[10,-83],[-48,-81],[-23,-70],[2,-54],[56,-92],[-28,-69],[3,-45],[-57,-82],[-48,-134],[8,-127],[-7,-120],[-35,-123],[47,-98],[60,-5],[113,-181],[119,-83],[196,-93],[93,-56],[88,11],[176,-40],[210,-72],[89,-26],[81,-47],[145,-122],[91,-51],[126,-48],[86,-19],[119,-72],[52,-48],[102,-127],[23,-13],[100,-4],[46,-25],[55,-59],[38,-82],[87,-24],[133,-144],[133,-65],[56,-15],[167,-8],[117,-53],[101,-77],[136,-115],[100,-67],[88,-25],[154,-79],[74,-16],[68,35],[53,81],[41,17],[77,-8],[33,16],[163,154],[50,24],[34,-7],[74,-45],[221,-33],[188,-52],[64,-12],[42,9],[129,61],[90,59],[53,65],[98,-48],[71,-17],[33,9],[97,66],[37,5],[50,-20],[46,-56],[15,-109],[49,-123],[46,-62],[165,-179],[51,-23],[28,-59],[146,-113],[61,-57],[34,-90],[118,-150],[60,-99],[129,-58],[190,7],[72,46],[25,-9],[97,-108],[93,-53],[245,-77],[90,-34],[166,72],[65,68],[53,158],[51,125]],[[193102,146569],[-34,-63],[25,-78],[-34,-78],[11,-79],[56,-41],[58,27],[67,-7],[58,-92],[-17,-101],[110,-34],[36,-71],[42,-18],[160,-13],[28,-52],[42,-39],[-11,-42],[34,-67],[14,-125],[74,-18],[56,-95],[10,-53],[54,-57],[-12,-24],[32,-35],[21,-84],[37,-4],[1,65],[24,51],[-36,36],[13,45],[-52,49],[-2,28],[40,-4],[106,18],[163,-50],[21,-30],[-4,-84],[-27,-67],[-38,-33],[12,-103],[-26,-56],[16,-79],[50,-40],[46,21],[-10,32],[70,76],[-48,25],[4,109],[31,-1],[115,-68],[52,1],[-27,62],[-97,86],[38,3],[90,70],[42,-42],[-20,-85],[48,-15],[28,56],[30,25],[58,-97],[-20,-56],[20,-25],[-30,-39],[-3,-80],[42,-53],[-23,-72],[-22,-20],[12,-66],[-16,-27],[34,-118],[-65,-47],[-25,-87],[15,-92],[-15,-35],[-36,-17],[-3,-48],[61,-50],[79,37],[99,3],[82,-36],[36,-3],[84,31],[72,-44],[11,-51],[46,-37],[68,5],[54,26],[45,52],[33,93],[37,25],[56,-18],[28,-41],[75,-186],[18,-104],[23,-39],[63,-32],[120,-109],[35,-78],[-15,-58],[-48,-36],[-166,-39],[-80,-2],[-118,13],[-92,-2],[-207,-55],[-85,-29],[-228,4],[-36,-6],[-95,34],[-76,0],[-82,-28],[-42,23],[-87,0],[-82,-35],[-54,-45],[-33,-124],[-102,9],[-75,-14],[-63,-36],[-41,0],[-47,-34],[-29,-61],[16,-136],[-10,-75],[53,-132],[216,-32],[28,-58],[-7,-43],[100,-112],[-5,-7],[-84,93],[-87,-74],[-144,-41],[-1,-37],[26,-100],[65,-74],[104,81],[117,-116],[63,-91],[-19,-47],[-54,-58],[-121,18],[-33,-30],[-71,65],[-116,9],[-56,-30],[-50,23],[-27,64],[-87,125],[-38,71],[9,61],[29,43],[-21,40],[39,65],[-31,10],[-75,-40],[-23,11],[-217,21],[-101,-36],[-39,2],[-118,98],[-104,22],[-91,2],[-73,28],[-27,24],[-7,45],[-66,53],[-16,36],[24,54],[72,25],[112,-19],[142,-2],[99,-13],[16,33],[-162,60],[-78,52],[-31,99],[-19,29],[-107,34],[8,51],[48,43],[13,83],[27,59],[54,13],[2,67],[54,65],[16,44],[50,32],[32,0],[31,-66],[45,-8],[32,27],[65,5],[34,26],[-26,38],[-53,4],[-38,35],[-10,100],[-26,18],[-107,6],[-47,15],[-20,35],[5,44],[-52,23],[-86,-14],[-41,-75],[31,-144],[-28,-78],[-50,-23],[-58,30],[-49,68],[-65,44],[-108,-13],[-109,11],[-52,-30],[-41,-1],[-35,48],[-119,-36],[-101,-44],[-103,-15],[-128,-7],[-181,-70],[-9,10],[23,92],[2,75],[-37,46],[-21,-10],[-28,-74],[-95,-97],[-73,-46],[5,-50],[-22,-12],[-30,40],[-50,21],[16,66],[-28,63],[-40,8],[-33,49],[7,77],[20,56],[35,23],[16,79],[28,46],[-2,39],[-35,48],[3,26],[62,9],[28,-14],[135,-1],[106,124],[-31,20],[-18,42],[51,23],[31,-8],[14,45],[-51,-23],[-48,13],[-94,-31],[-58,-5],[-92,52],[-21,25],[-77,38],[-8,65],[-31,59],[-7,51],[-84,82],[-30,63],[-64,63],[6,56],[94,70],[99,20],[57,22],[17,-15],[82,34],[87,81],[28,11],[135,-1],[71,-14],[75,-44],[28,20],[9,76],[-3,102],[21,73],[-25,39],[2,36],[58,92],[64,-1],[100,25],[101,86],[25,55],[-93,48],[-73,171],[-63,60],[-7,42],[19,22],[-56,80],[44,60],[-4,80],[-59,54],[-33,7],[-11,43],[-39,31],[-99,-53],[26,-61],[4,-157],[-26,-42],[25,-109],[-77,-83],[-56,-113],[-89,-67],[-80,-12],[-97,13],[-82,28],[-159,87],[-49,46],[-42,100],[-44,53],[-19,58],[37,196],[-7,88],[-36,136],[-79,94],[-41,83],[-70,107],[-39,138],[-56,57],[-53,21],[-70,148],[-59,69],[-6,74],[-64,117],[8,78],[32,48],[34,106],[1,51],[-23,131],[-45,94],[-107,49],[-50,56],[-21,73],[3,61],[-21,63],[-55,73],[-40,20],[-43,77],[-26,7],[-23,50],[54,20],[-19,51],[-31,-2],[-70,71],[-40,7],[-88,64],[-22,62],[31,125],[49,137],[83,107],[47,45],[63,31],[84,-24],[57,0],[120,-23],[35,-19],[160,-176],[34,-73],[38,-21],[85,5],[63,-18],[74,44],[58,73],[119,79],[110,-11],[36,-28],[-9,-45],[11,-112],[120,15],[124,-2],[126,-57],[65,-49],[34,-48],[-5,-52],[19,-27],[120,-17],[120,-74],[52,2],[35,24],[51,85],[-49,236],[477,94],[17,-83],[124,-63],[88,-61],[-1,-43],[98,19],[7,90],[-26,-4],[15,53],[-57,37],[-37,-51],[23,61],[-75,50],[-56,-67],[45,73],[-36,91],[0,191],[17,61],[-50,123],[-6,144],[-34,113],[-19,110],[-41,71],[-159,138],[-77,43],[-38,101],[-48,75],[-4,52],[-55,48],[-74,1],[-95,45],[-92,-5],[-83,-45],[-30,9],[-63,120],[3,70],[-30,65],[-97,42],[-41,60],[-7,34],[53,126],[35,40],[-6,111],[23,196],[-9,151],[15,131],[-15,114],[165,170],[3,69],[48,36],[77,119],[94,123],[58,21],[116,-43],[96,-25],[52,2],[81,-35],[49,-8],[99,-82],[8,-94],[-17,-40],[61,-142],[7,-95],[-6,-60],[45,-55],[-3,-55],[24,-29],[67,-26],[40,-32],[23,-106],[20,-40],[-22,-3],[12,-178],[52,-66],[30,-102],[4,-48],[-10,-155],[25,-40],[53,-2],[82,36],[45,9],[15,-28],[68,-14],[88,10],[111,47],[28,-40],[46,-22],[69,24],[55,-38],[38,6],[33,116],[-11,2],[24,101],[-64,47],[-71,14],[-43,31],[-107,-10],[-78,32],[-41,82],[-31,138],[20,21],[-3,60],[-37,30],[11,78],[-10,98],[31,19],[-1,82],[42,-19],[22,34],[-8,54],[23,-30],[131,70],[113,-57],[55,29],[-3,71],[45,-5],[13,-32],[59,55],[-4,60],[-107,24],[-33,18],[-81,151],[-32,20],[-84,9],[-51,23],[-66,65],[-26,80],[33,74],[46,58],[-16,195],[68,47],[41,-3],[115,-49],[47,-44],[54,-9],[99,16],[32,72],[47,-15],[-23,-92],[61,-25],[45,40],[43,-46],[-5,-28],[65,-24],[52,-1],[68,21],[101,-71],[66,-28],[9,-52],[29,-32],[20,-77],[34,-22],[57,21],[52,106],[37,19],[141,24],[45,-12],[126,-61],[174,61],[70,-5],[39,15],[24,43],[-4,112],[-32,23],[-7,43],[-30,24],[-155,164],[-84,26],[-68,-72],[-49,19],[-9,-20],[-177,26],[4,26],[98,-7],[-53,66],[-17,-3],[-65,51],[-223,142],[-117,78],[-55,7],[-78,-22],[-67,38],[-93,-18],[-117,13],[-92,-9],[-122,49],[-76,79],[-56,-62],[19,-27],[-16,-78],[-52,-20],[24,-48],[-40,18],[-55,51],[49,127],[-17,22],[-62,22],[28,41],[-28,43],[11,29],[71,-50],[13,29],[-19,72],[-17,8],[12,56],[-31,61],[39,25],[50,6],[6,77],[28,-34],[48,51],[15,75],[42,62],[59,21],[0,32],[61,66],[56,-9],[37,62],[55,56],[65,27],[53,-8],[12,-50],[30,-30],[45,4],[60,-40],[104,127],[-51,41],[-27,45],[63,105],[23,61],[75,121],[14,84],[-43,30],[-30,65],[16,66],[134,-33],[43,-37],[19,33],[67,43],[49,9],[41,-50],[26,-91],[38,-35],[60,-13],[34,-29],[64,-11],[74,3],[92,28],[92,-38],[23,-47],[-6,-72],[47,-13],[38,58],[26,9],[93,-7],[139,62],[153,-14],[88,-33],[134,19],[126,52],[73,-5],[110,-23],[97,-1],[68,-25],[51,-62],[111,-113],[64,2],[49,30],[39,2],[42,-27],[72,-91],[40,-71],[-4,-44],[21,-40],[54,-33],[58,-7],[161,1],[181,57],[95,-2],[77,-23],[23,13],[13,-56],[117,-58],[2,-58],[35,-74],[79,-87],[14,-39],[34,-192],[36,2],[17,-120],[-15,-34],[7,-98],[-21,-54],[-72,-138],[-134,-285],[-37,-60],[-96,-115],[-38,-77],[2,-163],[38,-80],[41,-122],[54,-213],[33,-156],[59,-184],[35,-150],[-8,-38],[14,-364],[6,-76],[-1,-216],[-27,-144],[-43,-104],[-64,-110],[-69,-85],[-58,-55],[-185,-147],[-103,-95],[-79,-84],[-121,-139],[-217,-296],[64,-107],[7,-77],[33,-125],[28,-18],[17,-68],[92,-104],[90,-84],[135,-242],[232,-308],[198,-372],[51,-83],[62,-134],[-9,-69],[-9,-316],[-55,-332],[-92,-261],[-42,-171],[-41,-3],[-391,45],[-9,-20],[-61,22],[-319,38],[-40,-16],[-15,-118],[53,-5],[-35,-29],[-28,-221],[75,-77],[-8,-7],[80,-83],[-11,-6],[-132,122],[-247,-221],[-243,-31],[-75,18],[-8,30],[-33,-3],[-44,26],[-105,39],[-13,-33],[36,-48],[78,-63],[-9,-27],[-71,-12],[-34,-46],[-69,12],[1,-36],[54,-31],[-31,-46],[-8,-57],[-36,-36],[-36,14],[21,41],[-19,38],[-48,-16],[-36,42],[-32,10],[-20,79],[25,57],[-27,33],[28,55],[-84,9],[-23,-81],[-25,-16],[-60,41],[-43,4],[-31,28],[-22,-13],[66,-119],[35,15],[23,-40],[-20,-117],[-18,12],[-108,-33],[-32,36],[21,31],[48,21],[-7,39],[-55,15],[-106,63],[-64,25],[-36,-30],[-74,11],[21,46],[41,29],[8,71],[23,52],[-36,192],[45,80],[-57,41],[-49,-32],[-27,-110],[23,-69],[-58,-87],[-62,-36],[-38,-4],[-39,42],[-61,5],[-9,-48],[-60,2],[2,-49],[-70,-26],[-23,-42],[-57,-49],[-68,-1],[-35,-23],[4,-58],[-28,-55],[-54,-6],[-45,13],[-11,37],[11,66],[-47,70],[6,87],[31,43],[120,35],[74,-16],[83,45],[16,49],[-18,36],[-30,-6],[-59,-43],[-88,2],[-29,12],[-17,190],[57,44],[-22,38],[15,132],[15,39],[-40,3],[-11,-75],[-26,-14],[-26,-56],[-48,7],[-28,-30],[60,-30],[-63,-91],[-57,29],[-29,65],[-35,11],[-61,-27],[-91,-58],[-109,-42],[-12,57],[33,101],[0,60],[34,10],[70,-31],[45,-52],[43,42],[-32,67],[-55,38],[-42,51],[65,59],[30,-24],[53,44],[-50,94],[27,41],[37,113],[54,13],[29,65],[-11,54],[23,76],[-19,43],[31,128],[17,4],[84,-48],[61,-52],[23,-47],[84,-49],[65,-100],[49,-10],[32,42],[-71,100],[-4,56],[-31,45],[-11,70],[45,75],[140,-7],[79,23],[34,54],[-79,48],[-18,45],[19,101],[-32,148],[-147,130],[-14,-5],[-33,58],[-13,105],[-53,76],[-13,51],[20,50],[29,-4],[32,61],[82,31],[101,118],[47,134],[15,73],[56,30],[-17,87],[-33,77],[-34,36],[-149,-34],[50,-42],[-8,-21],[-122,-27],[-32,-67],[-64,-86],[-177,-88],[-42,-2],[1,27],[-73,6],[-51,-18],[-6,-33],[29,-62],[79,-84],[5,-66],[-52,-89],[-134,-21],[-105,-46],[36,-82],[36,-29],[-16,-44],[-63,-51],[11,-42],[49,-90],[-8,-88],[73,-76],[-66,-35],[-1,-24],[59,-62],[14,-46],[-70,-86],[-67,-34],[-27,-29],[-46,-1],[-54,82],[-54,25],[-122,-8],[-71,-36],[-60,-119],[-3,-47],[33,-91],[9,-59],[57,-85],[0,-277],[-15,-43],[-77,-92],[-29,-85]],[[115984,168784],[-5,-66],[-30,-75],[-62,8],[-41,46],[47,79],[-23,96],[0,204],[-50,-9],[-127,30],[24,57],[-36,75],[-77,-80],[-289,65],[6,10],[189,-46],[64,-3],[34,41],[-35,30],[-37,127],[59,72],[149,72],[-23,37],[6,61],[60,48],[-37,26],[-126,-41],[-23,-92],[-24,-48],[-106,-67],[-72,22],[45,93],[-106,65],[-56,-71],[-53,-117],[153,-143],[-7,-7],[-199,185],[44,93],[-17,41],[25,56],[44,52],[0,55],[53,50],[25,73],[-54,8],[68,89],[-39,47],[56,93],[7,48],[-58,-23],[-63,34],[-40,-34],[-58,65],[-38,-31],[3,-27],[-57,12],[-46,-50],[-28,3],[5,45],[-41,52],[2,24],[-48,18],[-132,-44],[-73,-12],[31,48],[74,26],[-25,85],[-59,-8],[-24,52],[39,48],[15,63],[-26,48],[12,54],[-33,17],[-47,-20],[-73,-71],[-27,9],[-225,-43],[-2,9],[173,34],[-21,97],[-63,-7],[-20,17],[104,12],[60,66],[5,33],[-104,-2],[-149,-24],[-17,-35],[-107,-39],[3,59],[40,112],[67,21],[51,69],[-27,15],[-59,-31],[-45,-46],[-68,56],[-72,21],[-162,-10],[-125,-24],[-140,-123],[-23,-52],[-9,-68],[-27,-59],[-3,-67],[14,-45],[-65,-50],[-105,-45],[-5,-29],[-38,-30],[-29,20],[-73,-32],[-46,-53],[-37,-154],[16,-62],[-88,32],[24,32],[-67,43],[-67,26],[4,46],[42,-24],[56,78],[11,65],[-20,100],[21,96],[42,116],[52,59],[73,7],[90,94],[29,96],[-127,182],[-81,46],[-55,50],[-46,5],[-90,53],[-35,76],[-14,102],[-24,57],[-64,61],[-42,-6],[-44,61],[-61,62],[-13,-29],[31,-36],[-70,41],[13,50],[159,26],[16,16],[-41,87],[11,10],[43,-93],[56,-5],[9,-74],[34,75],[-44,53],[71,26],[-13,65],[57,34],[-6,37],[48,-2],[41,21],[34,-26],[60,3],[18,32],[41,-11],[21,18],[76,8],[2,69],[26,37],[-21,33],[51,-3],[52,36],[87,43],[58,78],[-28,120],[129,74],[32,2],[82,35],[24,44],[-26,36],[10,65],[47,30],[42,52],[103,13],[11,-30],[75,-40],[23,-60],[56,-67],[34,-3],[38,49],[-38,64],[50,21],[22,55],[54,68],[19,49],[-3,45],[59,110],[-33,64],[45,-35],[48,15],[30,53],[56,49],[57,4],[-45,66],[18,25],[-52,36],[-54,64],[35,37],[54,-30],[53,21],[37,-22],[-19,-58],[29,-14],[53,18],[65,96],[9,65],[60,31],[-46,-2],[10,26],[108,-45],[29,14],[39,90],[-18,34],[68,-2],[-10,31],[45,35],[13,-52],[47,-3],[33,32],[20,65],[35,-4],[40,26],[-36,53],[11,46],[-21,42],[51,-25],[74,58],[55,1],[20,-55],[37,34],[40,1],[41,-94],[34,16],[40,45],[71,-17],[-4,-65],[25,-47],[109,-17],[2,-73],[43,-33],[33,13],[18,110],[21,44],[12,72],[32,8],[10,50],[26,-24],[61,45],[60,-10],[6,-19],[-39,-73],[16,-50],[64,3],[-2,41],[51,38],[33,79],[0,150],[109,33],[26,-10],[48,-87],[3,-52],[75,8],[8,-30],[-49,-90],[19,-27],[55,36],[48,10],[39,78],[44,-19],[48,112],[52,38],[11,-45],[58,-83],[-7,-65],[12,-47],[45,-6],[25,-58],[80,10],[55,-37],[65,40],[-58,26],[-36,45],[-48,-15],[52,36],[-2,72],[-51,54],[-41,18],[78,100],[38,-8],[18,56],[-8,32],[51,23],[37,-17],[45,58],[-20,40],[24,2],[22,-97],[35,-34],[151,-78],[43,34],[-4,-36],[-79,-72],[20,-55],[60,-38],[144,-5],[42,-21],[167,-22],[87,29],[9,40],[28,-12],[90,113],[10,101],[-28,78],[2,31],[-40,58],[1,58],[45,-21],[36,21],[38,-19],[-13,-29],[39,1],[37,-101],[-8,-82],[79,-79],[48,-12],[45,20],[53,49],[15,-28],[79,-10],[27,36],[130,-73],[43,5],[22,79],[-22,33],[-104,67],[-22,37],[-123,78],[-47,7],[3,74],[49,66],[36,3],[-33,-33],[30,-69],[-4,-63],[47,-13],[40,73],[-5,71],[13,16],[163,40],[38,33],[59,-48],[46,8],[1,37],[30,31],[11,46],[97,-34],[64,37],[-25,58],[-43,52],[73,63],[59,17],[2,47],[-35,78],[-61,18],[5,33],[32,-10],[25,21],[-3,44],[-29,57],[-21,-25],[-73,35],[-19,54],[-36,18],[30,38],[75,7],[-80,48],[72,31],[7,41],[45,13],[72,-7],[-30,34],[-34,2],[-3,56],[25,20],[-68,7],[-53,62],[-3,98],[-23,44],[12,30],[43,12],[29,-78],[23,-25],[28,40],[-20,28],[-41,125],[58,13],[37,-33],[-6,39],[28,41],[55,12],[32,28],[23,-32],[23,-172],[51,20],[-27,85],[52,-27],[87,-71],[17,31],[-38,91],[18,6],[-11,60],[51,76],[23,-67],[-4,-47],[175,-85],[20,-23],[31,25],[-22,39],[87,-21],[70,-103],[-16,-115],[53,-21],[18,18],[67,6],[23,48],[-21,39],[20,23],[-14,60],[19,-1],[62,50],[93,138],[40,19],[46,-60],[69,-20],[68,-82],[-32,-102],[34,-1],[13,-32],[-52,-36],[-52,17],[7,-28],[-24,-48],[-94,-52],[-77,-4],[-39,-50],[-31,1],[16,-55],[-2,-51],[37,-41],[44,-22],[41,17],[58,57],[-38,-152],[65,-41],[91,117],[11,29],[37,-19],[2,58],[-42,31],[0,39],[-37,50],[79,-72],[-15,-27],[55,-32],[28,10],[24,63],[35,-7],[-13,55],[-33,9],[-4,40],[25,6],[41,-41],[12,-55],[-33,-34],[14,-50],[-23,-32],[46,-39],[59,-21],[-24,-102],[3,-94],[42,14],[58,86],[19,62],[86,-4],[104,84],[12,-24],[-28,-33],[-62,-120],[-44,-31],[-28,41],[-6,-36],[-45,-41],[34,-42],[-1,-37],[37,2],[1,51],[151,54],[33,-28],[54,10],[50,-54],[-36,-78],[-7,-61],[-113,9],[-46,37],[-59,-12],[-48,-66],[-122,-78],[-49,-76],[-21,-74],[22,-98],[38,-15],[37,-52],[-5,-32],[-44,-60],[5,-37],[-40,-45],[16,-53],[73,-54],[83,-31],[85,-14],[64,-42],[8,-79],[-37,-30],[-20,-95],[17,-77],[40,-32],[9,-84],[-17,-57],[-34,-11],[4,-59],[62,-49],[39,1],[-4,-32],[30,-24],[47,25],[59,-33],[3,-66],[-24,-41],[36,10],[14,-28],[-130,-171],[23,2],[-46,-51],[-59,-29],[-10,-61],[32,-12],[-9,-43],[-79,-74],[16,-18],[65,40],[77,21],[9,-53],[-13,-39],[-81,-68],[-27,6],[-26,-71],[29,-100],[103,-130],[131,-121],[64,-76],[41,-3],[28,35],[66,21],[88,-5],[30,11],[65,-23],[23,-55],[-15,-65],[-3,-82],[68,-52],[68,-15],[9,-32],[119,-5],[110,50],[13,24],[-48,16],[11,21],[44,-19],[43,104],[72,-49],[-14,-26],[38,-12],[45,38],[36,-6],[22,-37],[-13,-54],[105,-86],[7,-45],[62,-39],[120,4],[85,-7],[82,14],[60,-29],[83,-14],[84,-35],[-1,-66],[-54,-80],[-55,-27],[-46,-54],[-51,-28],[-96,-121],[-6,-33],[-55,-37],[-112,65],[-87,-7],[-90,27],[-65,35],[-44,58],[-63,-27],[-60,-79],[12,-31],[-73,-26],[-24,-33],[-96,12],[-51,-37],[-67,-15],[-71,-46],[-78,-79],[-66,-96],[-67,-143],[4,-74],[-26,-33],[-59,17],[-36,-16],[-124,39],[-75,11],[-74,-64],[-21,-63],[-69,-122],[-125,-33],[-150,-138],[-2,-80],[-63,-44],[-202,-88],[-169,-88],[-216,-49],[-2,10],[212,48],[167,87],[19,26],[151,63],[2,106],[-177,7],[-10,-61],[-96,-72],[-122,-66],[-30,41],[62,44],[-87,112],[88,46],[-108,103],[-88,-15],[-17,-41],[24,-33],[-124,-85],[54,-74],[-9,-5],[-54,73],[-109,-74],[71,-88],[76,-67],[-48,-36],[-94,114],[-167,-126],[-40,-43],[58,-52],[1,-42],[-26,-87],[-1,-247],[38,-34],[141,-2],[66,-29],[15,26],[-221,129],[10,5],[254,-144],[-31,-51],[138,-157],[71,-130],[22,-76],[-8,-26],[-49,14],[16,-45],[-80,-30],[-58,-76],[-3,34],[-68,76],[-35,-22],[14,-73],[-7,-81],[-24,-68],[26,-18],[102,-3],[20,-67],[-104,-20],[-12,-27],[-51,-16],[-34,-44],[-5,-40],[-57,35],[-9,-33],[36,-35],[-47,-20],[-51,43],[-21,41],[-47,-53],[-8,18],[42,44],[-50,44],[-73,-48],[-25,-69],[70,-63],[88,11],[0,-14],[-121,-3],[96,-131],[-19,-34],[-42,54],[-120,80],[-31,-2],[-17,-56],[-88,-35],[-51,44],[-88,-26],[-64,-47],[0,-32],[-84,-44],[-25,-60],[-101,59],[6,36],[-61,10],[-21,-27],[-68,6],[-105,36],[-69,-48],[-43,-54],[57,-35],[-9,-26],[-42,30],[-32,-56],[17,-32],[-54,-2],[-44,66],[-64,14],[3,40],[-30,-8],[6,48],[-65,12],[-7,-20],[-85,7],[58,37],[14,65],[-86,18],[-52,30],[-54,-39],[4,-73],[108,-100],[-6,-5],[-109,101],[-10,24],[-74,40],[-6,39],[-35,24],[-71,0],[5,-50],[-65,10],[-26,-19],[9,71],[-99,3],[-84,-26],[-5,-40],[-47,22],[-65,-55],[-9,-53],[-45,35],[9,31],[-46,18],[-68,-1],[25,35],[-16,71],[-127,137],[-90,45],[-143,32],[-88,-21],[-1,-81],[-28,70],[-87,-5],[-35,73],[-27,10],[23,111],[-53,31],[-72,-10],[-49,-65],[-89,-16],[5,-33],[-77,-99],[-35,10],[-33,-55],[-33,23],[0,42],[-42,-9],[-47,23],[-87,85],[10,83],[-72,14],[-68,-15],[-23,-22],[17,-69],[67,-116]],[[163906,153994],[-112,3],[-120,71],[-35,-8],[-52,65],[-96,59],[-97,87],[6,49],[29,12],[3,79],[28,26],[240,-36],[72,1],[53,-27],[68,-9],[86,-29],[155,-72],[71,-6],[37,-22],[-9,123],[16,-97],[56,5],[15,-62],[35,-2],[53,65],[-72,-4],[-12,146],[29,48],[-4,48],[91,-37],[39,-57],[53,3],[-26,38],[44,28],[12,-47],[-21,-75],[32,-13],[37,58],[18,-42],[-28,-26],[30,-48],[92,-3],[38,45],[18,55],[78,39],[51,38],[202,48],[32,107],[82,104],[4,29],[60,46],[39,-26],[125,23],[64,48],[77,94],[45,23],[74,-5],[104,-43],[61,-10],[20,119],[61,-7],[-14,-84],[213,-30],[19,33],[147,23],[11,-5],[-151,-22],[-14,-76],[69,4],[46,34],[90,-8],[2,38],[44,-16],[3,38],[-29,90],[-20,-6],[-27,73],[81,142],[56,42],[45,11],[104,77],[65,36],[75,8],[48,30],[72,-17],[59,-36],[94,24],[30,64],[35,2],[97,-31],[152,12],[79,-17],[100,-61],[83,-16],[90,17],[101,141],[20,10],[82,137],[46,59],[45,33],[64,24],[44,-6],[60,-50],[73,38],[102,-54],[45,-168],[-9,-70],[79,-71],[103,-159],[0,-20],[52,-88],[73,2],[50,-20],[57,-96],[50,-184],[47,-68],[6,-86],[-29,-106],[14,-81],[3,-235],[-79,-141],[-1,-112],[24,-116],[-36,-170],[-44,-16],[-74,3],[-91,22],[-24,-7],[-12,40],[-63,9],[-42,-12],[-66,59],[-73,29],[-8,-26],[-67,52],[-211,33],[-75,-12],[-67,16],[-36,-12],[-172,-5],[-66,8],[-62,-56],[-51,-84],[-32,-80],[-44,-201],[-9,-139],[-19,-18],[-9,-67],[-25,-10],[-50,-83],[-40,-21],[-35,-57],[-62,-39],[43,-27],[-108,-21],[-57,40],[-34,6],[-32,35],[-45,14],[-83,2],[-78,20],[-160,-8],[-157,21],[-23,-23],[-9,32],[-45,9],[-78,40],[-50,42],[-104,191],[9,25],[-24,54],[-98,95],[-57,68],[-95,55],[-25,-6],[-82,31],[-47,-8],[-46,20],[-50,58],[-160,48],[-145,-36],[-7,-60],[-47,-9],[-84,-39],[-124,-87],[-93,59],[-47,11],[-53,58],[-43,27],[-140,49],[-137,100],[7,20],[-106,48],[-127,-39],[-6,-32],[-35,7],[-38,-49],[-106,-41],[2,81],[-96,43],[-79,22],[-63,-7]],[[173854,157668],[-3,-65],[-35,-105],[-70,-75],[-109,-91],[-100,-51],[-149,-27],[-91,-25],[-113,-65],[-150,-14],[-71,-20],[-81,-47],[-54,-18],[0,-43],[-108,-29],[-34,1],[-109,59],[-50,-61],[-47,4],[-3,39],[51,20],[-35,23],[48,62],[11,64],[-15,51],[32,-2],[-3,100],[-28,20],[-69,10],[27,37],[45,-12],[50,24],[42,58],[36,122],[51,127],[3,76],[-15,96],[16,44],[53,33],[90,0],[130,-50],[84,-8],[130,45],[22,46],[99,-33],[-22,-23],[39,-37],[-2,-34],[72,-5],[-26,61],[46,24],[-11,23],[90,42],[-13,136],[-125,-11],[-1,8],[163,14],[-24,66],[25,80],[-19,64],[-69,8],[-15,29],[-44,-22],[-9,52],[37,24],[-27,117],[-55,32],[-24,-59],[-61,17],[-23,54],[-13,79],[-100,41],[-11,32],[-72,9],[-20,47],[-13,-18],[-52,30],[-35,59],[-9,45],[-73,66],[-104,-32],[9,-14],[-108,2],[-37,51],[-13,101],[20,51],[-81,90],[-59,34],[-7,30],[-50,22],[30,19],[-16,56],[-29,5],[34,32],[-20,113],[7,30],[-30,60],[-28,21],[-45,-16],[15,64],[-32,40],[-47,-8],[-17,97],[97,56],[25,82],[37,28],[17,48],[-29,36],[-34,-19],[-4,39],[-102,-60],[-34,-6],[-50,43],[6,42],[-53,-46],[28,72],[8,94],[-28,42],[-35,-43],[-17,122],[-20,-23],[-14,42],[28,-16],[27,22],[49,-80],[50,28],[42,2],[-13,-87],[56,-30],[50,53],[10,52],[25,-3],[15,53],[51,-44],[7,-40],[50,11],[61,-13],[73,-36],[80,-12],[60,14],[2,29],[-57,-8],[-84,26],[-24,35],[-80,15],[-43,20],[-21,82],[-36,21],[-16,91],[29,33],[55,24],[-16,46],[-50,-22],[-46,64],[-134,14],[-16,65],[72,35],[114,-59],[111,22],[12,48],[-62,-14],[-41,44],[7,118],[-36,36],[56,118],[42,58],[54,18],[120,-25],[44,25],[100,-15],[48,-49],[50,15],[83,-23],[54,-49],[52,-2],[62,36],[36,51],[22,-52],[43,5],[14,39],[-4,89],[38,66],[3,-51],[-30,-39],[12,-36],[31,15],[44,-121],[42,33],[-9,41],[16,72],[31,-8],[17,-45],[33,-20],[25,60],[1,51],[23,24],[-5,50],[47,-18],[-17,-106],[4,-53],[21,-14],[45,50],[57,38],[8,-50],[60,-47],[52,3],[78,36],[26,-10],[-38,-68],[12,-32],[47,-23],[-18,-89],[-30,-42],[-2,-35],[46,-111],[-9,-21],[32,-63],[24,-16],[-36,-72],[4,-48],[-45,-89],[-15,-128],[59,-56],[36,-12],[20,-51],[46,-22],[-5,-78],[-49,-38],[-50,-13],[-50,-81],[-52,-35],[-51,3],[-89,-67],[-69,75],[-42,-7],[-38,26],[-41,70],[22,66],[-70,37],[30,37],[-10,41],[-40,45],[12,32],[67,-13],[64,-52],[14,15],[-30,58],[-84,55],[39,26],[48,-52],[29,63],[45,10],[135,-19],[25,49],[-7,31],[-65,40],[17,54],[-15,19],[-49,-7],[-56,25],[4,-54],[-52,-25],[-36,58],[32,67],[49,12],[31,58],[2,89],[-27,53],[-25,-4],[-8,-64],[-35,-68],[-100,12],[-4,56],[-48,11],[10,98],[-77,-71],[-21,106],[-37,-36],[20,-22],[-1,-80],[-34,-2],[-41,72],[-69,-16],[-8,-74],[-53,-68],[-67,-18],[25,-41],[52,2],[51,-25],[55,-4],[32,46],[18,-11],[0,-60],[85,37],[27,-4],[22,-65],[-64,-11],[6,-36],[-33,-53],[-173,-133],[-10,-30],[8,-81],[-69,-60],[-28,-75],[-1,-54],[27,-56],[31,-4],[4,-65],[58,-13],[13,37],[40,29],[13,-46],[-29,-32],[54,-25],[-8,-25],[-51,-3],[-26,-56],[-25,33],[-53,3],[-20,36],[-56,32],[-36,-28],[10,-71],[-26,-65],[67,-33],[45,-6],[-2,-36],[82,0],[-4,-46],[-80,-75],[-18,-56],[-39,-56],[26,-12],[75,49],[52,14],[4,33],[59,-49],[3,-36],[44,-61],[-16,-85],[14,-12],[63,106],[-22,29],[-33,109],[-40,56],[7,50],[25,5],[35,-42],[30,14],[3,68],[-27,13],[3,43],[46,13],[50,-7],[21,-40],[44,0],[0,-46],[43,6],[38,-25],[-47,-91],[22,-30],[44,32],[57,15],[52,-21],[85,-138],[25,-124],[-88,-85],[-13,-45],[19,-29],[108,-31],[40,-22],[42,-176],[-17,-43],[-69,-96],[-49,-52],[-44,-81],[2,-74],[-30,-95],[-13,-81],[15,-39],[164,50],[2,-6],[-156,-47],[76,-241],[116,35],[-7,183],[8,0],[10,-189],[-125,-36],[8,-140],[27,-91],[30,-213]],[[113194,168858],[22,-23],[47,28],[38,-21],[-7,-92],[20,-29],[69,44],[1,-32],[-36,-26],[19,-81],[-26,10],[-36,-33],[-47,-8],[-59,-35],[8,-26],[-50,29],[-30,-12],[-29,-45],[18,-57],[48,-42],[-43,-16],[-56,-46],[-90,-112],[-31,-23],[-93,-33],[-72,-5],[-51,11],[-31,-25],[-75,-2],[-24,27],[-8,90],[-63,34],[11,74],[73,57],[38,73],[-20,73],[-39,63],[-67,8],[-21,50],[-111,16],[-49,16],[-159,-46],[-67,-85],[-48,-43],[-40,-67],[-50,-31],[-77,6],[-54,59],[-62,-7],[-45,55],[10,63],[-30,41],[-80,-17],[12,31],[-37,63],[-64,-15],[29,67],[49,10],[6,43],[-32,38],[-58,27],[-12,32],[-71,-24],[-25,40],[62,47],[43,-31],[28,51],[54,44],[-18,116],[-75,67],[-30,-4],[-16,76],[20,76],[-39,33],[2,52],[26,1],[-43,95],[-64,59],[-43,23],[15,54],[92,60],[57,1],[22,64],[-30,27],[-43,-55],[-67,33],[-64,-2],[-89,-37],[-12,44],[-67,-22],[-19,50],[-43,23],[20,68],[78,82],[54,-6],[73,71],[53,3],[-40,-76],[34,-10],[9,-32],[58,-3],[52,45],[6,-15],[73,7],[52,71],[21,-11],[63,73],[17,76],[59,-8],[90,118],[105,93],[31,37],[-13,30],[113,-29],[92,44],[-8,60],[44,13],[-8,-35],[27,-6],[63,42],[16,34],[20,-43],[60,-58],[9,-32],[-35,-9],[-23,32],[-70,-26],[-74,-50],[-93,-34],[-102,-72],[-81,-89],[-55,-117],[-28,-30],[-72,-11],[-56,-98],[21,-40],[106,15],[37,-57],[4,-62],[23,-106],[52,-41],[12,-54],[50,-45],[10,-69],[-59,-72],[-18,-58],[-1,-57],[22,-61],[39,-2],[-36,-93],[9,-112],[15,-23],[90,-9],[3,30],[176,-14],[36,-17],[21,24],[-18,28],[33,20],[19,-22],[44,29],[48,70],[14,60],[-40,103],[-49,22],[-12,47],[94,43],[60,-25],[44,32],[171,35],[116,-42],[36,15],[-17,53],[67,-35],[72,10],[31,40],[87,-36],[-22,-64],[-42,2],[-16,-61],[29,-13],[-24,-35],[47,-24],[28,-43],[68,-58],[-33,-16],[-15,-48],[25,-61],[56,-51],[44,-17],[6,-83],[-28,-33],[-61,-4],[-24,-30],[14,-48]],[[196028,144426],[-51,12],[-38,102],[31,72],[-12,46],[-60,39],[-56,80],[-52,51],[-22,138],[-25,90],[-56,5],[-28,-23],[-83,-33],[-77,-11],[-56,12],[-33,43],[-13,69],[16,44],[68,85],[42,129],[-46,92],[21,43],[-51,63],[40,-12],[22,-49],[36,17],[-1,38],[38,70],[17,-40],[41,30],[-14,94],[48,39],[-10,39],[80,24],[18,-35],[35,-5],[35,23],[163,-59],[43,-34],[44,-74],[1,-30],[-40,-63],[-3,-84],[-38,-81],[113,-59],[63,-5],[39,82],[-19,-68],[24,-11],[-9,-68],[60,-54],[13,-75],[39,-64],[10,-65],[40,-97],[3,-99],[18,-32],[-8,-39],[24,-71],[-78,-66],[-26,-37],[6,-39],[-49,-145],[-64,-38],[-62,13],[-69,68],[-42,13]],[[169677,166052],[-21,24],[3,66],[37,77],[32,11],[40,111],[40,28],[2,84],[-42,40],[-5,-50],[-27,-23],[-62,-4],[18,-53],[-46,-21],[-72,0],[11,-35],[-50,-92],[-65,-37],[-80,73],[-7,40],[50,21],[35,-11],[27,24],[8,85],[17,60],[-6,83],[-157,-75],[-45,-85],[-25,16],[-13,121],[31,-14],[-8,71],[52,66],[42,7],[59,53],[106,-1],[39,14],[28,-15],[24,-55],[53,0],[118,56],[45,-44],[90,-6],[86,11],[91,-10],[63,-35],[28,-63],[-2,-50],[-65,-20],[-30,-34],[20,-60],[75,-95],[44,-68],[7,-39],[-49,-29],[32,-69],[-29,-126],[1,-59],[-129,-15],[-54,-22],[-83,-7],[-48,-30],[-64,64],[0,99],[-12,45],[-70,-80],[-88,82]],[[172683,162626],[-30,-33],[15,-33],[-61,21],[-20,162],[-24,29],[32,30],[-53,1],[-22,42],[19,26],[-47,32],[7,147],[-22,66],[53,-8],[-3,104],[58,76],[58,3],[87,-23],[47,-27],[11,-58],[44,27],[120,-66],[-3,-37],[59,-8],[42,-75],[48,-49],[51,-98],[79,-80],[54,-27],[53,-5],[28,-27],[37,23],[54,-10],[14,-27],[40,0],[38,27],[60,3],[81,21],[59,30],[62,-5],[39,61],[36,-28],[50,20],[26,-20],[67,42],[64,-24],[2,-33],[-43,-2],[-28,-54],[-48,9],[-62,-34],[6,-46],[25,-28],[-9,-53],[14,-46],[-60,-3],[-14,-38],[-40,15],[-83,-44],[-26,86],[-75,-4],[-1,-24],[-51,-41],[-12,-45],[-46,11],[-62,-24],[-69,-8],[-20,32],[58,34],[0,24],[-64,9],[-26,53],[-46,-33],[-89,-6],[-28,21],[-30,75],[-52,21],[-15,27],[-36,-11],[-67,21],[-11,46],[-26,-9],[-35,26],[-22,-20],[-60,19],[-90,-58],[-66,-90]],[[183301,154402],[46,18],[0,-45],[66,16],[17,-47],[53,36],[32,-21],[-26,-45],[53,-3],[144,-32],[36,-33],[35,39],[69,36],[-22,27],[-82,-14],[-49,7],[-56,37],[59,35],[62,-16],[7,44],[-69,81],[-52,-21],[-20,45],[10,40],[43,8],[31,-16],[43,24],[32,52],[47,27],[33,-20],[-94,-95],[-1,-49],[41,-42],[27,42],[52,30],[9,-71],[-44,-43],[18,-46],[37,-8],[29,-53],[24,4],[8,56],[37,-10],[33,54],[-11,68],[-18,4],[-7,64],[60,-31],[7,-66],[28,-20],[10,-47],[-40,-28],[-16,-90],[119,-31],[12,30],[47,27],[26,-26],[-6,-47],[-34,-26],[-53,36],[-39,-22],[-78,27],[-54,-16],[36,-43],[4,-44],[44,8],[76,-64],[-40,-20],[-59,34],[-27,-9],[-16,-59],[40,-11],[-18,-26],[-56,-8],[-19,-26],[29,-22],[-34,-67],[52,-16],[29,12],[-17,-56],[30,-44],[32,46],[24,-1],[-3,-92],[-29,-4],[-24,-48],[-36,5],[-18,-52],[33,-5],[-1,-33],[45,19],[6,-75],[-56,-25],[-6,34],[-41,15],[-20,-36],[-53,25],[-39,-31],[-54,68],[70,-19],[21,36],[-34,17],[25,39],[50,-39],[18,31],[-23,43],[41,21],[0,51],[-110,-37],[0,58],[-80,8],[4,66],[-59,-26],[-33,14],[-74,-59],[20,-54],[-64,-17],[-26,23],[4,42],[-52,-17],[1,54],[-117,-8],[17,59],[-53,18],[-72,62],[92,-10],[11,37],[-31,28],[11,28],[69,14],[14,-92],[38,-47],[35,144],[-21,50],[53,23],[29,-59],[-21,-22],[15,-31],[-26,-46],[31,-2],[6,-63],[-13,-55],[37,38],[42,-22],[-16,62],[28,31],[-24,14],[15,54],[68,-10],[7,-61],[-11,-58],[41,2],[20,31],[14,79],[16,-5],[20,-96],[31,-14],[-16,-51],[40,12],[35,-59],[20,23],[-38,83],[12,34],[-29,13],[8,67],[52,9],[8,93],[-50,-37],[-65,-13],[-4,34],[25,37],[15,68],[-43,-4],[-72,-104],[-16,54],[-53,-56],[-24,3],[-36,77],[23,21],[-36,43],[-34,7],[-50,-19],[-44,5],[-15,-29],[-65,43],[-20,45],[-53,-20],[-24,18],[-42,-32],[33,-49],[51,-21],[-35,-52],[-76,58],[-13,-13],[12,-85],[-28,-20],[-48,45],[11,59],[-12,39],[-50,-4],[39,69],[35,-27],[56,55],[-25,60],[-90,15],[-80,-27],[-69,-71],[-83,-41],[1,46],[86,30],[36,69],[40,-15],[97,36],[88,-5],[17,40],[36,27],[11,36],[40,27],[-7,24],[43,44],[24,136],[-21,37],[33,18],[20,-60],[-26,-97],[15,-21],[43,9],[-49,-54],[24,-64],[47,-3],[-6,-38],[-68,-9],[-63,20],[-54,-41],[17,-38]],[[174430,162763],[17,31],[-62,84],[-32,25],[-48,-7],[-4,-69],[-60,-18],[-79,37],[20,41],[37,127],[-21,43],[52,47],[0,69],[31,26],[57,1],[32,-47],[41,-9],[25,64],[56,49],[41,120],[37,17],[48,-45],[9,-43],[3,-140],[-43,-36],[51,-11],[30,19],[45,-47],[-21,-63],[-74,-36],[13,-22],[58,8],[17,-44],[28,-15],[-51,-28],[46,-34],[101,-7],[82,-54],[50,-112],[34,-51],[7,-58],[-27,-16],[-263,-64],[-34,28],[-95,122],[-43,-5],[-71,-71],[-24,-49],[19,-84],[-73,10],[-40,-39],[-68,-15],[-52,8],[-27,57],[43,47],[-41,42],[28,48],[47,26],[100,85],[48,58]],[[174537,161078],[-25,-26],[-20,-61],[-26,-17],[-36,-61],[60,-45],[9,-28],[-36,-73],[-46,7],[-53,75],[-5,50],[-45,52],[33,10],[53,61],[63,-5],[8,42],[-79,49],[-12,83],[-43,21],[-17,-51],[-43,3],[2,87],[-59,45],[-14,36],[57,10],[16,47],[31,11],[44,54],[-8,40],[-61,-16],[-52,29],[-44,-44],[-58,-16],[-12,44],[55,17],[-15,25],[25,76],[31,41],[-37,62],[5,42],[49,43],[-16,73],[-42,8],[51,32],[47,68],[43,4],[33,63],[28,-5],[27,-45],[-4,-37],[32,3],[27,52],[-7,25],[40,24],[54,75],[15,-40],[26,5],[29,89],[27,25],[45,-42],[12,-98],[-25,-149],[-32,-35],[-115,-24],[-10,-16],[28,-58],[-16,-80],[46,-80],[57,-18],[89,44],[20,-11],[-30,-53],[10,-42],[-60,-25],[-46,48],[-59,-14],[-29,-83],[86,2],[95,-72],[-87,-7],[44,-73],[-8,-36],[-119,24],[-9,28],[-76,64],[-84,-109],[36,-42],[45,8],[5,-46],[85,-21],[31,26],[36,-23],[-48,-10],[-22,-115]],[[183213,155546],[-52,-10],[-26,43],[-27,8],[-21,-34],[-125,-35],[-54,11],[-54,35],[-30,42],[-79,-17],[29,43],[56,-4],[-24,54],[-56,8],[38,50],[-23,32],[-72,19],[17,26],[-13,79],[-34,1],[-13,71],[57,1],[36,-61],[34,30],[55,-26],[8,-39],[80,2],[2,18],[-50,74],[-61,63],[32,22],[45,1],[43,-31],[55,4],[-29,44],[24,3],[-9,40],[-31,34],[-28,-38],[-69,15],[0,66],[-81,1],[-25,-31],[22,-53],[-30,-7],[-23,35],[-33,-6],[-23,50],[-74,-8],[-14,70],[88,3],[9,33],[-85,87],[34,18],[16,49],[-23,44],[42,18],[-9,59],[60,-11],[11,-58],[64,32],[21,-7],[-7,-46],[16,-42],[41,11],[42,-63],[44,13],[37,-34],[-67,-67],[15,-15],[47,19],[5,-77],[93,-99],[36,9],[-51,86],[-3,28],[68,-102],[90,29],[64,33],[56,-56],[113,22],[50,-31],[81,19],[39,-46],[24,15],[20,-32],[-57,3],[-53,-26],[-15,-36],[-34,-1],[-26,47],[-77,-4],[-35,32],[-20,-110],[-41,33],[-7,50],[-72,48],[-52,-23],[-38,-46],[16,-65],[-36,5],[-13,-31],[65,-50],[20,-64],[25,-2],[28,-77],[-53,0],[15,-48],[-28,-29],[108,4],[50,-30],[-84,0],[-59,-27],[28,-43],[104,-19],[4,-15],[-94,-12]],[[176213,161042],[9,-17],[71,4],[-3,-30],[-68,-8],[1,-23],[67,-41],[-4,-41],[-43,32],[-55,3],[-42,-80],[4,-43],[-108,10],[-47,38],[-81,2],[-20,-46],[-81,-4],[4,157],[238,37],[-23,88],[-21,-2],[-19,-52],[-24,-10],[-146,0],[-31,29],[-25,-10],[-40,-82],[24,-26],[-46,-107],[-59,35],[-4,186],[29,19],[9,51],[-15,50],[0,73],[68,55],[39,-12],[-8,-47],[32,-70],[52,12],[-1,63],[29,22],[89,-54],[38,65],[-24,-2],[0,59],[-59,-4],[1,31],[-57,66],[-36,-49],[4,-58],[-54,-11],[-75,38],[-44,-6],[0,78],[82,51],[48,6],[-8,68],[-106,-22],[-2,69],[-17,54],[67,-4],[28,82],[42,69],[4,40],[-39,50],[36,78],[96,12],[41,-18],[22,-35],[2,-101],[-74,32],[-14,-35],[15,-66],[-17,-29],[33,-58],[-13,-29],[43,-27],[40,-96],[-5,-62],[38,5],[-1,-48],[53,5],[-6,-50],[29,-27],[42,12],[15,-67],[23,-33],[-64,0],[-11,-66],[34,18],[59,-5],[22,-20],[15,-63],[34,9],[12,-28],[-43,-39]],[[165428,158650],[128,-23],[32,21],[57,-19],[68,-134],[-4,-41],[143,-110],[15,-43],[-22,-12],[11,-48],[-43,-99],[-1,-94],[51,-66],[14,-56],[-55,-47],[-87,-53],[-54,24],[-92,111],[-31,73],[-41,60],[-46,37],[-80,89],[-104,62],[-91,115],[56,168],[-12,98],[5,44],[26,36],[50,-6],[48,-46],[58,3],[1,-44]],[[170029,170855],[-12,-22],[-96,6],[-22,31],[-78,58],[1,30],[51,-1],[145,-46],[73,56],[113,32],[45,-6],[70,77],[-49,1],[-16,43],[-35,5],[-21,38],[-33,0],[-42,-28],[-53,-4],[-26,-24],[-26,14],[-18,72],[23,27],[56,-40],[33,15],[39,67],[45,2],[1,73],[65,69],[32,55],[59,49],[31,-65],[-34,-56],[-35,-14],[30,-43],[65,-6],[20,-62],[-7,-33],[-40,-10],[-74,22],[24,-90],[72,-5],[24,-29],[-14,-40],[-31,-9],[54,-65],[-5,-22],[83,-21],[4,-45],[29,-9],[24,-46],[-10,-39],[44,-32],[50,-63],[15,-86],[24,-41],[8,-72],[-40,-10],[-74,-52],[-46,61],[-37,26],[-5,86],[-80,-26],[-53,32],[-32,56],[25,19],[32,106],[-50,91],[1,-47],[-48,-65],[-62,-12],[7,70],[-43,61],[-36,-21],[5,-61],[-25,-29],[-45,5],[-53,63],[-16,-21]],[[170758,171957],[-18,91],[31,46],[42,0],[27,30],[64,-5],[33,51],[-25,25],[-58,10],[-11,38],[-37,34],[-17,-48],[-74,-30],[-21,48],[-64,30],[-54,0],[0,25],[40,12],[61,-30],[74,56],[56,-11],[48,36],[64,-2],[30,42],[-47,56],[13,18],[32,-45],[121,22],[13,-50],[-89,-56],[-43,-10],[69,-93],[89,-34],[56,54],[28,57],[43,24],[78,-16],[-17,-36],[43,-23],[-30,-44],[-59,-12],[10,-70],[-26,-42],[-32,7],[-33,-72],[-27,1],[-33,37],[-41,-29],[-17,-77],[-65,-2],[-7,-75],[-88,11],[8,-99],[-99,-14],[22,-93],[-57,16],[-48,-20],[-161,47],[-54,110],[17,73],[38,72],[72,1],[28,-33],[-12,-64],[104,38],[10,17]],[[182970,157730],[85,-49],[12,-110],[24,-72],[56,29],[37,-20],[-4,-153],[49,14],[24,50],[26,11],[55,-34],[65,-89],[5,-54],[-54,0],[17,-49],[-12,-33],[-62,2],[-13,-40],[36,-39],[-31,-70],[17,-36],[62,-35],[-44,-63],[-10,-66],[47,-78],[39,-27],[-65,-29],[75,-26],[5,-34],[-60,18],[-41,-18],[57,-43],[-14,-36],[-76,39],[-35,-24],[-22,21],[26,59],[56,32],[-4,44],[-63,79],[35,44],[-8,83],[-83,109],[-26,59],[-14,97],[-22,31],[-93,37],[-51,115],[-60,-11],[-30,17],[-67,-22],[-20,62],[16,17],[71,-16],[47,42],[51,14],[-27,46],[-82,-33],[-46,27],[31,39],[91,-15],[-10,42],[-64,26],[23,35],[-36,34],[-69,-56],[-20,61],[2,49],[86,12],[-49,46],[11,27],[148,-89]],[[172219,163347],[-31,22],[-94,-15],[-9,-39],[-45,-28],[-17,37],[-32,-10],[-66,-69],[-124,108],[51,48],[38,-5],[42,46],[-45,82],[20,62],[-9,59],[-65,68],[84,31],[31,44],[-46,46],[0,21],[81,26],[-12,47],[30,66],[50,22],[36,-39],[55,2],[28,-63],[-12,-27],[39,-46],[-39,-40],[23,-44],[60,18],[26,-87],[-70,-59],[31,-43],[-18,-47],[34,-15],[45,-88],[-26,-78],[-44,-13]],[[175889,160565],[-87,21],[9,45],[153,2],[43,-19],[-4,41],[-55,45],[5,25],[43,5],[38,-23],[24,-56],[30,90],[49,9],[93,-57],[15,-24],[62,-3],[15,-22],[-3,-74],[-85,-45],[6,-34],[-21,-66],[-48,-21],[52,-89],[-20,-29],[-54,11],[-22,-27],[58,-40],[31,-43],[-2,-30],[-39,-40],[-46,40],[-95,-17],[-25,71],[-27,32],[-64,32],[-77,1],[-8,27],[102,58],[22,27],[-72,13],[-135,61],[-18,65],[74,11],[35,-12],[72,31],[-24,8]],[[170057,170382],[-19,17],[-60,-20],[-149,26],[11,50],[68,0],[-58,102],[39,39],[11,48],[66,16],[55,-54],[48,46],[42,-7],[59,56],[23,-26],[1,-105],[63,45],[37,-10],[-11,-94],[12,-41],[69,47],[28,-36],[42,-6],[36,-49],[-1,-54],[41,-28],[-15,-41],[-48,-12],[-24,-31],[-41,54],[-82,-16],[-59,55],[-75,-17],[9,-103],[-91,-25],[-38,-62],[-212,14],[-20,20],[37,68],[42,10],[105,-2],[64,69],[-5,57]],[[168707,165292],[7,60],[-145,44],[-13,27],[7,156],[-61,91],[-35,26],[-52,83],[-6,48],[38,86],[6,65],[32,28],[36,-16],[9,-81],[72,-73],[6,-31],[-42,-48],[11,-34],[38,-25],[78,29],[24,75],[55,35],[23,-9],[33,-103],[-24,-59],[-136,-89],[-8,-18],[91,-4],[12,-23],[-28,-103],[73,-24],[61,52],[45,55],[13,82],[20,20],[85,-19],[44,-30],[65,17],[16,-16],[-34,-42],[-39,2],[-50,-26],[-69,-14],[-35,-51],[7,-68],[73,-9],[11,-30],[-35,-70],[-28,14],[-70,-11],[-100,34],[-81,-3]],[[170321,169020],[-85,-67],[-75,-11],[-5,30],[-42,39],[-63,9],[-56,-14],[-65,38],[11,70],[15,11],[143,-37],[8,54],[-55,17],[-6,36],[50,76],[56,-11],[24,18],[45,121],[-45,65],[31,46],[85,-22],[56,-28],[48,59],[52,-30],[105,-28],[14,-28],[-61,-66],[53,-47],[-27,-51],[-60,-37],[-31,0],[-31,-49],[-47,-33],[-42,-130]],[[192776,153281],[1,-72],[-61,-50],[-59,-21],[-51,-43],[-40,-2],[-66,-33],[-8,-35],[-35,-3],[-36,51],[-89,33],[-19,28],[-18,111],[-4,80],[20,74],[29,50],[118,67],[75,-2],[39,-22],[72,-14],[63,-40],[35,5],[-11,-46],[54,-78],[-9,-38]],[[170722,163981],[-79,28],[7,-57],[-26,9],[-9,46],[-37,83],[1,108],[18,26],[-14,69],[-51,75],[-12,47],[59,65],[-2,106],[48,22],[28,-18],[-16,-38],[1,-63],[22,-29],[84,-39],[61,-134],[-10,-18],[83,-14],[51,-50],[21,-48],[-4,-53],[28,-123],[31,-10],[46,-72],[-12,-98],[-125,100],[-84,57],[-108,23]],[[179237,156638],[-28,-62],[-120,38],[-64,-44],[-31,27],[56,56],[20,59],[-2,108],[-38,-19],[-21,26],[-52,-1],[5,49],[-19,41],[49,39],[14,42],[-49,116],[-13,134],[33,31],[85,46],[40,-7],[15,-58],[-28,-24],[10,-50],[28,-30],[62,-9],[-3,-67],[21,-73],[69,-7],[11,39],[60,15],[-2,-50],[-54,-58],[-4,-77],[-27,26],[-39,-14],[-18,-44],[12,-48],[37,1],[8,-30],[65,22],[28,-54],[56,-5],[12,-46],[-29,-26],[-85,8],[-87,34],[-37,-13],[0,-30],[54,-11]],[[169709,165930],[38,-78],[-11,-72],[-62,-17],[-22,-28],[-101,-59],[-22,56],[-7,74],[-39,14],[-73,-11],[11,-35],[-54,-30],[-89,0],[-41,-18],[-20,51],[-51,45],[14,54],[37,7],[18,54],[-17,24],[-57,-6],[-74,48],[-8,44],[7,104],[17,49],[105,-20],[35,-44],[32,-104],[27,-19],[160,-40],[15,34],[-25,17],[35,22],[13,-68],[18,-7],[85,71],[33,-15],[42,-76],[31,-21]],[[182136,153117],[-75,-18],[-118,13],[-65,66],[-115,56],[-27,105],[37,18],[48,-81],[45,22],[13,-33],[39,11],[16,-36],[38,-1],[42,41],[28,76],[41,54],[-14,26],[31,22],[-1,60],[42,30],[52,-15],[20,27],[-6,82],[28,-1],[9,-78],[36,-34],[67,19],[65,72],[65,-11],[-15,-27],[14,-61],[-44,-48],[-95,6],[-82,-42],[-7,-35],[50,-24],[-11,-39],[-72,-11],[-50,14],[-17,-55],[46,-6],[46,-50],[73,15],[48,-29],[47,0],[-27,-32],[-128,-32],[-38,-25],[-79,-11]],[[172640,162191],[48,103],[-19,18],[-53,-40],[-53,12],[-26,71],[-2,66],[71,7],[62,-21],[87,-11],[23,32],[52,-30],[8,-67],[-13,-31],[20,-26],[64,-8],[20,-46],[42,-5],[0,-68],[36,-7],[-4,-49],[-137,-129],[56,-54],[4,-34],[-24,-66],[-123,-1],[45,64],[22,4],[-3,111],[-112,47],[-19,21],[15,56],[65,18],[1,28],[-70,48],[-43,-22],[-40,9]],[[170742,174123],[31,-67],[56,6],[28,30],[42,-24],[-10,-47],[-53,-4],[-6,-64],[-53,-87],[-26,24],[-5,47],[21,61],[-9,27],[-74,14],[-5,23],[-78,6],[38,-70],[-6,-37],[-106,23],[79,-98],[-23,-37],[-38,-1],[-8,32],[-54,25],[1,30],[-32,17],[-64,-36],[-1,-39],[-44,-47],[-27,17],[32,86],[55,75],[71,34],[45,102],[66,26],[1,53],[41,45],[79,109],[59,22],[-5,-57],[-46,-16],[7,-47],[-17,-30],[-53,-26],[29,-38],[77,3],[34,-47],[-49,-18]],[[169038,170665],[35,-3],[4,-30],[39,15],[6,99],[29,65],[49,-39],[-22,-60],[41,-27],[41,5],[20,91],[53,-24],[29,22],[19,67],[87,142],[6,46],[25,-40],[90,-61],[30,2],[-16,-51],[-89,15],[40,-75],[-24,-21],[-13,31],[-71,21],[26,-93],[-17,-41],[-91,-46],[82,-19],[37,4],[-7,-44],[-35,-59],[-41,0],[-167,66],[-30,19],[-76,-13],[-22,-72],[-102,-59],[-28,43],[-52,10],[20,62],[60,5],[35,47]],[[171559,173956],[-51,40],[-69,36],[49,82],[57,42],[64,93],[95,43],[-1,62],[23,18],[58,-31],[85,0],[71,42],[32,-4],[43,-42],[19,10],[19,-61],[54,-33],[158,2],[83,-41],[52,9],[-24,-60],[-60,-15],[-11,-76],[-50,23],[11,40],[-35,47],[-84,16],[-37,46],[-60,12],[-49,41],[-69,-6],[-35,-58],[25,-56],[-33,-37],[-41,13],[-72,50],[-25,69],[-39,-13],[-13,-58],[-28,-22],[-68,1],[-11,-62],[-41,-50],[34,-38],[22,-53],[-22,-57],[-41,-13],[15,49]],[[182395,155703],[4,-61],[-32,-8],[-12,57],[-36,-3],[-11,30],[-60,-31],[12,-38],[-22,-45],[-56,68],[-60,-78],[-25,37],[-21,68],[-58,-38],[-53,-4],[44,-87],[-50,3],[-64,78],[-61,-33],[-46,18],[98,40],[35,0],[2,31],[34,2],[56,38],[33,-25],[43,45],[-15,19],[57,34],[0,-76],[52,10],[19,84],[87,-33],[19,28],[-39,43],[22,49],[51,7],[12,-52],[18,0],[32,61],[7,-35],[-14,-69],[69,3],[23,82],[22,-51],[27,4],[32,59],[18,-40],[-27,-20],[5,-45],[-46,-11],[9,-43],[-45,-27],[34,-33],[-24,-28],[-51,28],[-8,28],[-34,-5],[-6,-35]],[[171382,172639],[47,15],[60,-14],[-18,62],[17,34],[-30,19],[-4,37],[19,80],[45,47],[21,-69],[87,26],[-9,-72],[0,-205],[-14,-101],[-63,-26],[-15,-31],[-44,-20],[-27,14],[-26,57],[-75,-2],[-8,32],[-38,14],[-7,35],[82,68]],[[172294,161949],[-39,6],[-32,34],[32,5],[-8,44],[48,14],[42,-17],[10,-126],[15,-26],[-6,-55],[29,-35],[-14,-80],[-40,-19],[-70,1],[-3,-53],[-38,-47],[-115,-53],[-151,206],[117,-1],[30,9],[82,-24],[44,31],[-33,56],[11,31],[32,-12],[72,23],[2,59],[-17,29]],[[180071,161119],[63,35],[46,-47],[49,-23],[7,-58],[57,-39],[-38,-20],[18,-44],[69,2],[13,-76],[-20,-109],[-67,-4],[-1,72],[-67,-39],[-7,70],[-27,47],[36,23],[-4,42],[-24,16],[-69,-51],[-32,54],[-88,-35],[-29,25],[52,43],[-44,67],[39,82],[48,-52],[20,19]],[[196270,143579],[-23,53],[30,84],[79,92],[74,50],[68,11],[40,-13],[24,-35],[-14,-43],[40,-79],[32,-31],[24,25],[40,-30],[-14,-30],[-45,7],[-73,-31],[-54,-37],[-57,56],[-116,-28],[-13,-30],[-42,9]],[[180707,157072],[27,-39],[-6,-51],[35,-90],[-53,-6],[-42,-53],[-144,-4],[27,25],[-42,85],[35,115],[-23,52],[37,9],[0,87],[50,17],[65,4],[72,-46],[-58,-75],[20,-30]],[[168362,166420],[44,9],[40,-48],[111,18],[41,-10],[-1,-66],[54,-56],[12,-64],[58,-62],[-2,-28],[-61,0],[-64,125],[-61,50],[-74,-17],[-19,44],[-24,-43],[-47,30],[-24,-26],[-75,-21],[-64,76],[34,48],[-27,34],[-4,77],[16,54],[22,-46],[74,-32],[41,-46]],[[183017,156874],[0,-29],[-39,-44],[20,-36],[-29,-26],[-53,48],[66,51],[-42,39],[20,40],[-15,31],[-59,-24],[-12,47],[-78,14],[13,36],[54,1],[15,-32],[44,31],[31,-1],[-32,51],[28,31],[-33,8],[-31,37],[-47,-35],[-16,59],[-70,-28],[17,47],[-5,75],[23,17],[14,-56],[118,-50],[-29,64],[-10,62],[96,10],[18,-26],[-13,-100],[34,-41],[-20,-32],[45,-10],[3,-34],[-44,-10],[41,-68],[-15,-34],[-8,-83]],[[182393,157035],[37,-42],[-5,-25],[-43,46],[-35,3],[-11,-30],[-23,25],[-35,-10],[-25,-53],[34,-106],[-21,-40],[-28,65],[-82,37],[12,39],[-11,65],[-48,41],[-42,3],[-1,-39],[-73,59],[-21,47],[36,2],[61,-41],[113,-16],[11,45],[-24,31],[-64,5],[-28,45],[63,4],[41,-34],[57,60],[-2,-52],[42,5],[-27,-36],[12,-61],[22,1],[39,59],[35,-69],[70,40],[-2,-42],[-34,-31]],[[181885,157344],[8,-32],[-39,4],[-10,-34],[-100,-63],[-10,-39],[30,-54],[-55,25],[-20,34],[-43,-40],[-94,23],[-24,29],[5,55],[38,-45],[66,3],[17,42],[44,23],[9,78],[-47,34],[11,24],[48,9],[14,54],[-21,24],[25,25],[-42,88],[35,31],[45,-34],[1,-55],[34,9],[-10,-50],[66,-39],[-74,-8],[16,-52],[-40,-16],[12,-41],[83,19],[22,-31]],[[181674,154410],[-18,-34],[-13,-82],[-22,7],[6,81],[26,57],[-29,91],[-63,33],[-6,39],[-55,57],[20,16],[-22,72],[74,54],[136,49],[20,-15],[-52,-40],[-70,-21],[-18,-25],[31,-23],[-38,-26],[-28,11],[-8,-65],[65,-28],[-12,-50],[42,-21],[37,-46],[46,66],[-11,77],[48,39],[21,-5],[35,62],[25,-16],[39,47],[12,-72],[-30,-1],[-19,-41],[-96,-56],[0,-34],[31,-41],[-16,-60],[-48,17],[-40,-73]],[[167011,157956],[1,17],[75,12],[48,-12],[90,64],[-5,32],[129,32],[89,5],[43,-42],[45,-15],[-83,-13],[-60,-33],[-97,-25],[-87,-33],[-41,-47],[-45,-22],[-57,-3],[-42,44],[-3,39]],[[176392,161067],[-30,26],[-54,80],[-51,29],[-63,80],[-2,35],[81,-8],[43,-57],[49,4],[8,87],[-23,85],[52,20],[32,-13],[16,-57],[-12,-62],[14,-82],[-36,-66],[9,-70],[-33,-31]],[[169643,169509],[49,-47],[-78,-10],[-18,-14],[23,-45],[77,-40],[-13,-36],[-54,-2],[-39,43],[-116,23],[44,-45],[-4,-72],[-32,-21],[-68,24],[5,83],[-7,73],[43,48],[97,18],[52,33],[39,-13]],[[120937,169229],[49,5],[97,-20],[-15,-37],[-46,-42],[-5,-50],[-23,-7],[5,-66],[-43,-7],[-56,32],[-23,-61],[-102,-8],[-10,25],[61,49],[41,57],[-7,38],[41,32],[36,60]],[[169614,167077],[34,-38],[2,-43],[-25,-47],[55,-58],[5,-32],[-51,-3],[-68,64],[-64,-8],[-45,21],[-6,91],[13,89],[33,19],[61,-40],[56,-15]],[[170159,169614],[-8,-94],[-22,-42],[-158,-139],[-117,52],[45,18],[-4,84],[118,-28],[38,40],[25,59],[-3,78],[27,14],[85,-1],[-26,-41]],[[179830,161098],[-23,53],[14,46],[-42,10],[-41,42],[13,40],[43,5],[37,-19],[29,31],[-36,33],[24,24],[32,-20],[34,20],[-29,67],[62,-46],[20,36],[-31,-3],[-39,35],[53,6],[69,-53],[-45,-50],[21,-74],[-44,28],[-66,-73],[7,-55],[36,-20],[-33,-38],[-65,-25]],[[176531,162003],[-12,51],[30,15],[61,-88],[5,-73],[-37,-42],[7,-72],[19,-36],[-24,-22],[-25,37],[-52,-25],[-16,14],[28,54],[-46,27],[2,52],[-40,13],[-45,105],[31,9],[29,-38],[83,-4],[2,23]],[[181008,154417],[-12,-22],[39,-25],[-24,-61],[-31,-35],[19,-19],[135,81],[22,-16],[6,-53],[-32,-6],[-113,-106],[-16,20],[-39,-20],[-81,48],[34,19],[27,117],[-6,52],[27,32],[2,51],[21,17],[36,-19],[-14,-55]],[[169766,170660],[-43,-35],[-108,-10],[6,-59],[-60,-27],[14,-57],[-84,12],[-16,32],[61,44],[25,54],[47,14],[1,67],[30,0],[-15,32],[30,53],[73,41],[22,-33],[-28,-34],[51,-25],[-6,-69]],[[174860,160569],[-46,-25],[-42,3],[-19,24],[-57,128],[3,55],[38,36],[35,-4],[47,-41],[23,-44],[-16,-24],[60,-11],[28,-59],[-54,-38]],[[169768,171546],[-31,-103],[-58,-20],[-8,47],[-64,0],[11,36],[-22,32],[29,49],[58,-4],[13,19],[-33,52],[31,17],[32,-43],[32,-6],[35,50],[47,34],[-18,-87],[-23,-13],[-31,-60]],[[171083,174463],[-84,-42],[8,-48],[-66,24],[-2,-77],[-58,-38],[0,-57],[-63,32],[63,167],[81,56],[12,36],[44,27],[42,-4],[-11,-33],[34,-43]],[[113383,168607],[81,-18],[31,32],[55,-15],[-40,-91],[22,-80],[-24,-49],[-80,-5],[-26,-38],[-14,58],[43,135],[1,29],[-49,42]],[[175251,160618],[-5,-31],[30,-54],[-13,-44],[-115,6],[-20,31],[5,56],[23,51],[-25,75],[37,37],[81,-89],[2,-38]],[[119324,176177],[-11,104],[25,20],[95,-76],[6,-43],[-14,-66],[45,-96],[-55,-47],[-15,51],[-76,153]],[[182258,154393],[-26,-69],[50,-31],[-62,-41],[-7,-48],[-55,-7],[31,26],[35,85],[-20,44],[40,35],[8,40],[-68,135],[-49,-3],[-67,21],[40,25],[-7,61],[-47,13],[26,17],[70,-13],[40,-82],[81,-43],[-14,-42],[38,-45],[-37,-78]],[[169328,169999],[-19,-40],[-26,16],[-1,92],[-16,31],[29,41],[30,-16],[28,49],[38,2],[32,-25],[63,79],[1,-61],[29,-13],[-12,-64],[-50,-34],[-37,-3],[-42,63],[-24,-7],[-43,-53],[20,-57]],[[175134,161436],[-31,53],[-86,33],[6,50],[33,34],[-21,31],[11,70],[34,-39],[69,7],[-7,-47],[46,-45],[-55,-11],[-36,-36],[31,-28],[45,-4],[20,-46],[-20,-31],[-39,9]],[[194548,145807],[-24,-14],[-19,-88],[-23,-10],[-186,40],[50,50],[37,1],[97,68],[73,-4],[30,-17],[-35,-26]],[[168799,170176],[-28,17],[-63,-16],[4,47],[-22,-1],[9,87],[42,43],[26,0],[30,-80],[49,7],[40,-31],[6,30],[13,-107],[-100,15],[-6,-11]],[[124418,176024],[19,-14],[64,15],[29,-36],[49,6],[35,-32],[-48,-21],[9,-18],[-58,-13],[-63,-149],[5,62],[-27,61],[-10,67],[-70,53],[58,-8],[8,27]],[[179784,158014],[-49,11],[-24,-47],[13,-36],[-50,-4],[-25,59],[57,85],[-18,54],[-40,36],[44,7],[27,-48],[49,-6],[3,50],[60,-23],[0,-68],[-47,-70]],[[182411,155100],[67,7],[57,53],[12,-14],[-35,-45],[-8,-42],[-89,-24],[-2,-63],[-57,-11],[2,51],[-26,12],[-100,-31],[45,37],[55,14],[1,46],[26,6],[67,76],[-15,-72]],[[112335,169205],[-31,17],[-62,-25],[-37,27],[-71,-2],[17,40],[47,15],[-33,12],[-10,56],[99,19],[36,-13],[6,-31],[-53,-20],[9,-39],[62,6],[-8,-44],[29,-18]],[[168965,168890],[18,63],[-8,63],[-58,68],[-74,37],[-76,-98],[50,103],[36,40],[48,-41],[79,-9],[70,-126],[-13,-53],[-38,-40],[-34,-7]],[[182058,154220],[-138,89],[21,36],[18,-30],[56,2],[16,40],[-21,70],[23,15],[38,-37],[38,-3],[-1,-60],[-18,-23],[-3,-88],[-29,-11]],[[176150,161360],[-18,11],[-52,151],[11,121],[-20,28],[16,30],[41,-29],[-15,-63],[36,-42],[-10,-44],[22,-17],[-24,-64],[38,-25],[19,-48],[33,19],[14,-22],[-24,-31],[-67,25]],[[172272,160519],[-67,-19],[-9,114],[-27,43],[68,-2],[25,-35],[79,-7],[5,-46],[-74,-48]],[[182229,153811],[69,-11],[-1,-59],[-132,3],[-76,-67],[-32,20],[42,17],[-25,37],[44,55],[44,14],[67,-9]],[[169604,171330],[10,-33],[69,-13],[1,-32],[-46,-45],[54,-46],[-96,-21],[-2,49],[21,62],[-32,10],[-100,-9],[-4,28],[33,39],[47,-29],[45,40]],[[177666,160386],[46,58],[33,-27],[-19,-53],[5,-42],[-26,-26],[-70,-12],[-22,41],[-53,9],[28,26],[78,26]],[[181392,153404],[-24,35],[41,103],[6,-26],[39,20],[37,-13],[-15,-49],[31,-31],[20,-81],[-29,35],[-42,-6],[-64,13]],[[180620,157966],[31,39],[4,109],[40,32],[31,-14],[-11,-80],[16,-26],[-51,-81],[-50,-28],[-10,49]],[[170844,173493],[52,-8],[43,23],[-11,-38],[-54,-31],[3,-51],[-78,-3],[-35,-17],[21,79],[-3,41],[35,32],[27,-27]],[[180465,154918],[9,49],[-39,119],[70,-24],[7,-36],[52,-7],[-4,-35],[-48,-92],[-33,-9],[-14,35]],[[125358,176334],[30,32],[26,-7],[46,59],[6,-44],[-29,-75],[-44,-39],[-94,9],[14,60],[45,5]],[[181425,152044],[-28,29],[18,74],[32,16],[26,-58],[91,-51],[-2,-30],[-48,-11],[-89,31]],[[183519,153318],[-13,23],[13,63],[-54,102],[-8,40],[60,-32],[2,-33],[33,-24],[43,7],[-21,-35],[19,-31],[-32,-42],[0,-34],[-42,-4]],[[179743,157821],[3,30],[66,5],[6,47],[26,53],[63,-58],[-52,-81],[-90,-16],[-22,20]],[[169925,171738],[39,43],[40,76],[53,41],[56,-13],[-62,-106],[-40,-24],[-86,-17]],[[169255,170486],[-10,-19],[-90,9],[-67,-29],[45,97],[43,29],[62,-42],[17,-45]],[[175232,161836],[-42,-30],[-10,51],[21,31],[3,89],[25,1],[69,-97],[-67,-29],[1,-16]],[[175595,162137],[-40,28],[-50,2],[6,23],[77,10],[81,138],[-5,-99],[-23,-56],[-46,-46]],[[182227,156369],[-15,103],[19,59],[65,-189],[-54,-13],[-15,40]],[[181782,155534],[17,17],[43,-20],[-4,-64],[-53,8],[-92,54],[39,60],[50,-55]],[[169297,167874],[-55,-54],[-22,34],[45,85],[-7,54],[23,20],[24,-23],[-8,-116]],[[171710,174043],[-16,43],[55,71],[39,-137],[-33,-15],[-45,38]],[[183349,155037],[-56,-38],[-75,-6],[28,29],[-3,54],[50,-39],[70,71],[29,-8],[-3,-34],[-40,-29]],[[183521,155933],[-6,40],[56,19],[5,68],[41,-45],[12,-37],[-42,-59],[-66,14]],[[191314,149260],[70,31],[47,-25],[15,-36],[-54,-18],[-85,25],[7,23]],[[171579,164353],[58,32],[-27,-89],[-35,-36],[-2,-76],[-34,50],[23,40],[-19,39],[36,40]],[[171623,163917],[-13,41],[-50,36],[21,10],[45,-37],[30,-50],[14,-111],[-74,48],[-17,30],[42,4],[2,29]],[[177104,155082],[33,20],[90,-14],[28,-17],[-51,-15],[-26,-36],[-17,23],[-63,-2],[6,41]],[[171023,174327],[10,23],[82,-46],[-61,-25],[-1,-46],[-39,45],[9,49]],[[180430,160200],[-8,-29],[-46,8],[9,62],[72,-5],[68,15],[11,-52],[-82,15],[-24,-14]],[[173159,162459],[-31,78],[75,3],[25,-50],[-69,-31]],[[173375,162358],[-62,4],[11,70],[27,17],[54,-31],[3,-25],[-33,-35]],[[182181,154710],[-13,24],[45,66],[3,-37],[46,-14],[15,-53],[-51,-5],[-45,19]],[[171059,171873],[35,-4],[14,-61],[-27,-23],[-30,11],[-44,48],[-14,49],[66,-20]],[[181982,156564],[-35,38],[22,18],[48,-27],[30,37],[34,-43],[-25,-37],[-74,14]],[[169285,169531],[-55,-2],[-17,26],[15,62],[83,-35],[-26,-51]],[[126322,167788],[-17,-20],[-75,0],[-31,34],[64,35],[64,-6],[-5,-43]],[[181950,155028],[-53,16],[-5,42],[60,-15],[40,28],[16,-44],[-22,-42],[-36,15]],[[179333,156901],[37,48],[64,6],[-2,-73],[-77,-3],[-22,22]],[[170761,166598],[-20,-66],[-24,-19],[-53,17],[4,48],[93,20]],[[124153,176025],[38,23],[23,-16],[-48,-61],[-66,-6],[-16,33],[69,27]],[[177768,160462],[9,27],[46,20],[83,-53],[-111,-7],[-27,13]],[[118029,168102],[10,-27],[-47,-18],[-34,74],[23,23],[65,-34],[-17,-18]],[[118155,174463],[-36,-10],[23,55],[50,50],[10,-71],[-18,-45],[-29,21]],[[112445,172120],[29,56],[40,-26],[-55,-76],[-31,-16],[-26,19],[43,43]],[[182557,153713],[-28,39],[-36,0],[-29,27],[53,20],[40,-44],[48,-21],[30,-38],[-78,17]],[[162872,154655],[43,4],[24,-55],[-6,-38],[-42,-8],[13,29],[-35,13],[3,55]],[[171115,163729],[6,-51],[-46,31],[-25,64],[6,34],[44,-29],[15,-49]],[[179748,161427],[19,30],[39,-25],[10,36],[35,-22],[-35,-12],[3,-32],[-37,-22],[-34,47]],[[180427,161249],[1,54],[36,15],[50,-8],[-8,-41],[-55,-27],[-24,7]],[[169218,171126],[-55,-21],[-41,5],[39,74],[76,-19],[-19,-39]],[[175857,162813],[-42,9],[34,42],[75,-2],[18,-47],[-55,16],[-14,-54],[-16,36]],[[175900,160015],[2,86],[63,-27],[2,-37],[-47,-37],[-20,15]],[[169257,170264],[4,-57],[-52,-19],[25,139],[23,-10],[0,-53]],[[180445,160612],[-68,54],[58,10],[11,21],[44,-70],[-45,-15]],[[173564,159932],[-38,8],[-39,82],[0,42],[33,-14],[44,-118]],[[180057,160333],[-52,285],[21,-13],[42,-233],[-11,-39]],[[182745,156931],[-38,-5],[-26,27],[63,15],[2,40],[52,-40],[-53,-37]],[[113201,172021],[-24,28],[88,60],[23,-17],[-12,-38],[-40,10],[-29,-28],[43,-52],[-49,37]],[[120370,169818],[-5,11],[370,150],[5,-11],[-370,-150]],[[173532,162178],[-46,-35],[-6,97],[23,7],[29,-69]],[[174980,160794],[35,18],[44,-54],[-43,-41],[-36,77]],[[188445,155220],[76,58],[36,-20],[-55,-32],[-19,-41],[-38,35]],[[182173,154987],[8,51],[-33,34],[15,23],[49,-25],[-12,-54],[28,-24],[-24,-29],[-31,24]],[[184031,153412],[13,33],[54,46],[7,-68],[-33,-36],[-41,25]],[[116031,173964],[-26,30],[53,39],[21,-15],[-23,-32],[46,-42],[-71,20]],[[171339,173906],[-26,-54],[-44,-2],[1,46],[24,29],[45,-19]],[[169019,170439],[35,-23],[-16,-25],[-67,-15],[9,56],[39,7]],[[170959,173642],[38,-14],[-17,-35],[-71,-22],[50,71]],[[174927,161176],[-8,31],[75,43],[14,-36],[-37,-19],[2,-28],[-46,9]],[[183547,155422],[-32,30],[89,10],[-33,-67],[-24,27]],[[188127,154938],[-20,35],[0,51],[28,54],[-3,-83],[17,-29],[-22,-28]],[[184027,154991],[59,42],[38,-20],[-40,-46],[-57,24]],[[193085,151950],[-46,-47],[-45,21],[72,39],[19,-13]],[[169569,169143],[9,59],[23,15],[21,-62],[-53,-12]],[[179716,161554],[21,63],[46,-67],[-15,-23],[-52,27]],[[180741,156461],[26,68],[31,-19],[-1,-32],[-35,-41],[-21,24]],[[183027,155167],[31,-16],[-81,-58],[-21,27],[71,47]],[[117471,174246],[-28,29],[24,37],[39,-33],[-35,-33]],[[173851,159969],[71,-60],[-54,-21],[-26,64],[9,17]],[[119980,175931],[62,70],[-10,27],[37,2],[-15,-63],[-74,-36]],[[180080,160800],[-28,-12],[45,102],[16,-26],[-33,-64]],[[169541,170158],[0,21],[61,58],[19,-49],[-80,-30]],[[171028,171523],[28,11],[12,-57],[-53,4],[13,42]],[[183097,154887],[39,36],[35,-17],[-30,-27],[-1,-38],[-43,46]],[[171119,174607],[6,-48],[-69,-3],[48,54],[15,-3]],[[180962,156265],[50,57],[-1,-82],[-35,-10],[-14,35]],[[181946,157037],[7,37],[25,-15],[-3,-54],[-63,-1],[34,33]],[[170453,173768],[36,-42],[-43,-32],[-21,45],[28,29]],[[175110,160979],[38,4],[-5,-47],[-32,-7],[-1,50]],[[179467,159867],[153,-123],[-3,-14],[-153,127],[3,10]],[[173656,163671],[-32,0],[-1,53],[48,-8],[24,-29],[-39,-16]],[[169213,170912],[24,-43],[-62,-10],[20,64],[18,-11]],[[176183,162080],[24,-24],[50,25],[2,30],[31,-26],[-85,-44],[-22,39]],[[176265,161965],[14,22],[60,-12],[-22,-32],[-62,2],[10,20]],[[184168,154927],[10,42],[30,-5],[-13,-78],[-45,4],[18,37]],[[178278,161316],[32,-13],[23,-57],[-38,7],[-17,63]],[[180577,160284],[44,4],[11,-61],[-55,57]],[[182565,153572],[-1,-40],[-55,-4],[-5,24],[61,20]],[[174839,160951],[6,96],[18,-116],[-24,20]],[[182695,153271],[40,18],[-31,-74],[-9,56]],[[120223,169625],[-11,7],[110,162],[11,-6],[-110,-163]],[[118588,168280],[52,14],[41,-12],[-60,-14],[-21,-32],[-12,44]],[[189422,155439],[3,-93],[-26,1],[4,93],[19,-1]],[[175554,162015],[32,7],[17,-41],[-24,-15],[-25,49]],[[170491,174192],[-2,-48],[-44,0],[16,39],[30,9]],[[183149,152947],[20,34],[34,-73],[-54,39]],[[120089,175977],[62,63],[3,-26],[-42,-50],[-23,13]],[[177006,161020],[-22,-27],[-36,61],[58,-34]],[[188412,155105],[66,27],[3,-33],[-88,-32],[19,38]],[[183278,152867],[13,59],[44,-72],[-57,13]],[[112748,171802],[35,-29],[-57,-23],[22,52]],[[170960,171405],[23,-49],[-48,10],[25,39]],[[176598,160557],[42,-19],[-18,-16],[-59,14],[35,21]],[[119970,170022],[30,112],[10,-2],[-47,-176],[7,66]],[[170350,174010],[15,-29],[-61,-23],[34,62],[12,-10]],[[194754,145121],[65,16],[-39,-39],[-26,23]],[[120137,169467],[-91,-42],[-9,17],[92,42],[8,-17]],[[181000,156397],[21,34],[26,-10],[-22,-50],[-25,26]],[[179853,161495],[-38,46],[40,-14],[49,-53],[-51,21]],[[171271,173942],[-52,-11],[-3,19],[49,37],[6,-45]],[[170813,171286],[26,-18],[-13,-34],[-31,8],[18,44]],[[193856,146312],[49,-27],[-12,-25],[-35,19],[-2,33]],[[183675,155928],[49,2],[3,-26],[-38,-6],[-14,30]],[[179789,162226],[-9,71],[24,3],[9,-71],[-24,-3]],[[174926,161052],[-33,42],[30,27],[3,-69]],[[112842,171859],[-54,9],[17,52],[37,-61]],[[120003,175883],[34,27],[3,-42],[-37,15]],[[176405,160306],[2,-65],[-22,36],[20,29]],[[126167,168024],[53,26],[17,-33],[-70,7]],[[173774,163450],[16,23],[27,-41],[-43,18]],[[182082,156900],[38,-16],[-13,-38],[-25,54]],[[171498,171728],[10,39],[20,-38],[-30,-1]],[[177051,155197],[39,-20],[-61,-10],[22,30]],[[182355,157400],[-54,-26],[-9,37],[63,-11]],[[115553,166850],[-28,40],[46,-19],[-18,-21]],[[119693,168657],[26,16],[-38,-90],[-14,6],[26,68]],[[177119,155137],[22,-21],[-29,-17],[-25,21],[32,17]],[[116405,174189],[40,-31],[-56,0],[16,31]],[[180539,158088],[45,-20],[-67,-14],[22,34]],[[179942,161271],[39,-18],[-38,-14],[-1,32]],[[170442,173789],[-51,-50],[47,67],[4,-17]],[[171718,162947],[-35,37],[42,-11],[-7,-26]],[[119505,176116],[22,2],[-8,-63],[-14,61]],[[172370,162442],[-22,59],[36,-33],[-14,-26]],[[169332,166835],[28,-45],[-37,0],[9,45]],[[172341,162220],[-44,22],[12,18],[32,-40]],[[171682,162922],[-24,-17],[-18,30],[42,-13]],[[172413,162429],[-3,41],[25,-21],[-22,-20]],[[183305,157565],[25,0],[10,-41],[-35,41]],[[188164,155072],[30,26],[29,-18],[-59,-8]],[[183457,156203],[-1,36],[31,-42],[-30,6]],[[170829,174431],[-43,-12],[29,32],[14,-20]],[[182636,155761],[57,-9],[-40,-22],[-17,31]],[[181042,156539],[20,23],[8,-39],[-28,16]],[[169176,171318],[-20,-42],[-9,32],[29,10]],[[178877,157328],[-8,-6],[-57,82],[9,5],[56,-81]],[[177149,161325],[71,-43],[-6,-10],[-75,45],[10,8]],[[166305,155295],[101,-4],[-101,-7],[0,11]],[[115982,174070],[10,-34],[-32,-2],[22,36]],[[193458,152631],[17,22],[10,-54],[-27,32]],[[126202,167772],[-36,-31],[-12,20],[48,11]],[[172337,162255],[-20,37],[36,-18],[-16,-19]],[[179918,157983],[18,-25],[-22,-23],[4,48]],[[121342,173060],[47,2],[-28,-26],[-19,24]],[[175785,158699],[-28,53],[37,-30],[-9,-23]],[[116483,168824],[-23,-28],[-13,25],[36,3]],[[122039,171458],[32,-14],[-49,-14],[17,28]],[[175199,160885],[22,-61],[-20,7],[-2,54]],[[180323,159894],[30,-7],[-26,-26],[-4,33]],[[264905,100468],[-45,43],[-164,57],[-227,101],[-78,77],[-25,72],[-134,7],[-99,28],[-71,32],[-87,66],[-170,176],[-79,73],[-149,198],[-162,134],[-40,20],[-283,117],[-24,-1],[-31,-62],[2,-194],[-24,-125],[-45,-66],[-10,-159],[-23,-48],[-322,72],[-51,2],[-110,36],[-55,4],[-66,26],[16,80],[14,154],[-17,59],[-59,10],[0,34],[-28,12],[-214,4],[-19,16],[14,61],[53,86],[-4,88],[-86,23],[-144,63],[-91,3],[-91,13],[-86,0],[-132,12],[-75,19],[-48,-11],[-94,-56],[-52,-55],[-46,-7],[-8,62],[-68,26],[-74,-15],[-86,-31],[-138,-8],[-38,38],[-55,22],[-119,-47],[-105,26],[-62,-2],[-94,-21],[-129,25],[-130,-9],[-79,-51],[-38,-10],[-127,52],[-70,-3],[-60,-40],[-136,-49],[-51,-4],[-104,37],[-124,-9],[-61,19],[-98,8],[-96,-16],[-23,-61],[-82,5],[-118,-81],[-105,-12],[-137,13],[-55,28],[-144,9],[-67,-24],[-91,23],[-61,5],[-119,44],[-75,-9],[-94,-30],[-78,16],[-87,-19],[-143,-14],[-73,3],[-144,29],[-60,30],[-168,109],[-68,6],[-97,-30],[-184,-28],[-84,-36],[-232,-5],[-55,3],[-273,54],[-245,20],[-69,10],[-158,50],[-184,1],[-148,49],[-252,118],[-137,68],[-104,61],[-56,19]],[[254724,102186],[16,17],[89,156],[-2,87],[124,108],[73,20],[106,-12],[182,15],[103,-23],[34,-28],[30,-58],[192,129],[76,26],[88,69],[137,-24],[156,-7],[114,-19],[308,9],[218,-18],[132,-2],[190,12],[83,17],[158,82],[81,84],[6,67],[-14,220],[-4,268],[13,136],[23,135],[49,122],[26,41],[51,30],[52,120],[-4,23],[-60,-43],[-158,-19],[-73,-16],[-90,-105],[-69,-18],[-111,45],[-41,7],[-83,-25],[-125,-14],[-146,-39],[-117,-65],[-183,-92],[-131,-25],[-41,-33],[-55,13],[-75,89],[-165,112],[-38,66],[-41,126],[-75,68],[-65,161],[-103,-13],[-89,-31],[-93,-73],[-55,-19],[-100,14],[-104,-18],[-117,-71],[-31,-53],[-72,-69],[-30,-91],[-73,-3],[-107,45],[-108,74],[-176,97],[-107,48],[-51,11],[-59,38],[-60,21],[-362,-12],[-56,29],[-103,1],[-87,30],[-95,50],[-144,102],[-39,68],[-9,70],[9,78],[0,284],[-4,254],[-25,110],[27,69],[-13,89],[30,87],[41,202],[53,168],[90,391],[15,141],[23,127],[94,214],[39,55],[63,22],[71,-45],[79,-21],[150,-103],[124,-44],[93,3],[64,44],[172,205],[59,-24],[47,-90],[72,-34],[-3,56],[56,97],[28,90],[-26,45],[-57,23],[-11,42],[39,41],[-15,83],[28,93],[-16,65],[29,57],[-23,77],[8,55],[-23,68],[4,98],[13,25],[101,85],[69,5],[31,39],[-15,83],[70,-1],[65,31],[24,88],[63,20],[17,44],[39,-6],[19,45],[44,10],[47,106],[23,13],[63,89],[19,61],[136,263],[29,66],[45,53],[85,73],[21,53],[31,156],[-18,68],[-60,61],[-19,61],[6,34],[56,149],[6,56],[48,48],[11,111],[85,228],[36,55],[59,161],[89,119],[33,67],[53,61],[1,74],[45,121],[12,57],[-1,134],[26,122],[72,141],[1,90],[45,116],[65,73],[7,52],[-22,95],[9,93],[56,135],[46,145],[23,52],[52,235],[36,217],[40,179],[75,88],[19,52],[-18,117],[23,59],[1,51],[-48,72],[-9,39],[13,102],[36,110],[43,66],[-24,109],[46,163],[-35,115],[11,107],[-13,55],[19,35],[2,58],[-43,53],[-39,80],[-77,58],[-59,96],[-23,93],[13,30],[75,56],[68,180],[2,76],[21,24],[67,4],[46,21],[10,34],[-60,94],[-8,57],[55,16],[74,-20],[29,29],[7,106],[-34,111],[-56,56],[-8,28],[31,74],[53,58],[47,29],[8,27],[-21,75],[20,47],[-61,73],[2,39],[48,52],[85,65],[17,37],[-59,146],[18,57],[43,17],[86,-1],[9,21],[-72,94],[-15,87],[19,44],[114,103],[38,8],[87,-17],[38,32],[71,185],[32,36],[-3,64],[69,146],[66,55],[98,32],[114,93],[20,54],[-14,68],[4,63],[49,156],[48,54],[187,68],[37,44],[18,76],[33,56],[65,42],[123,40],[134,26],[98,83],[110,34]],[[258661,117731],[55,45],[77,81],[61,16],[31,-40],[2,-53],[47,-106],[76,-58],[62,-19],[20,-43],[57,-31],[33,-53],[109,-82],[53,-24],[64,11],[36,-33],[-12,-59],[95,-68],[29,6],[38,49],[36,3],[80,-60],[15,-64],[50,13],[49,-17],[82,89],[-67,-84],[6,-28],[-42,-4],[-40,-48],[105,-74],[21,50],[110,-12],[1,-66],[222,-6],[4,135],[-59,49],[17,25],[-117,109],[199,-168],[-6,-179],[30,-18],[76,-103],[62,-28],[24,-31],[204,-108],[26,-24],[165,-85],[88,-81],[50,-88],[195,-176],[38,-82],[-22,-87],[19,-48],[1,-93],[105,-134],[41,-74],[-35,-7],[-93,22],[-45,53],[-53,5],[-14,-130],[78,18],[-44,-25],[66,-95],[83,34],[180,-272],[-81,-60],[8,-26],[98,-94],[47,-116],[54,-56],[31,-60],[5,-238],[82,-102],[-45,-2],[41,-85],[63,-89],[15,-73],[-47,-3],[16,-70],[16,2],[-25,-62],[16,-71],[36,-91],[36,-39],[0,-63],[17,-50],[65,-110],[235,-207],[-35,-46],[-67,3],[37,-98],[-18,-7],[22,-81],[50,-76],[29,-65],[100,-107],[16,-50],[-18,-137],[25,-54],[33,-148],[31,-98],[64,-151],[28,-37],[186,-119],[30,-32],[120,-62],[-53,-20],[17,-62],[31,-57],[72,-274],[11,-87],[23,-92],[81,-125],[42,-128],[37,-229],[31,-81],[44,-75],[63,-73],[76,-48],[393,121],[-91,-35],[12,-48],[180,56],[-8,49],[-60,-12],[193,60],[-120,-44],[34,-35],[35,-109],[99,22],[-244,-73],[60,-188],[198,-16],[35,-104],[-333,-102],[44,-113],[57,-54],[178,-106],[23,5],[20,-38],[58,-45],[92,-50],[-7,-43],[34,-105],[-21,-153],[-17,-13],[6,71],[-55,53],[-58,-9],[27,-144],[-26,-44],[19,-73],[57,-108],[5,-78],[136,-146],[44,-123],[16,7],[99,-169],[23,-84],[43,-77],[89,-235],[43,-182],[69,-142],[60,-77],[99,-50],[47,-53],[47,17],[87,-80],[-91,69],[-38,-24],[-51,61],[-76,-29],[92,-125],[49,41],[73,-48],[-45,-57],[204,-113],[136,-81],[85,-109],[-4,-37],[95,-120],[69,-207],[-20,7],[-17,-46],[10,-43],[50,-82],[65,-72],[153,-133],[-83,-83],[-85,-52],[-14,22],[61,77],[-75,107],[23,51],[-119,129],[-44,186],[62,-37],[-83,71],[5,41],[-26,16],[-83,-36],[-131,42],[-137,16],[-129,-13],[-142,-55],[9,-15],[146,36],[175,-10],[127,-44],[15,-47],[-31,-67],[-86,-52],[-70,1],[22,-44],[145,-9],[111,-52],[29,-27],[75,-137],[55,1],[59,-63],[5,-28],[-52,-153],[48,-54],[-20,-58],[0,-129],[30,-36],[3,-117],[17,-5],[413,2],[2,-181],[-87,-104],[-6,5],[84,102],[-2,141],[-99,0],[1,-109],[-100,-1],[0,-96],[-48,-1],[-2,97],[-124,-1],[0,-60],[-84,-19],[11,-25],[-155,-21],[-60,-31],[-5,138],[-10,63],[-36,5],[0,-102],[-48,-27],[28,-37],[9,-84],[61,17],[71,-1],[173,17],[7,-41],[-168,-29],[-45,-155],[58,-15],[-46,-95],[-71,-10],[-4,-46],[-59,-137],[-88,-43],[-6,29],[24,70],[-27,76],[-46,22],[-29,-20],[27,-35],[-5,-135],[55,-85],[6,-34],[39,-69],[18,-58],[8,-81],[-36,-18],[-108,103],[-29,-38],[4,-38],[-33,-92],[0,-36],[-32,-68],[-96,-79],[39,-39],[80,50],[63,-25],[17,-39],[-32,-46],[-42,12],[-9,-22],[129,-59],[-23,-48],[76,-37],[-18,-56],[-26,-186],[-7,3],[27,172],[-22,11],[41,44],[-77,36],[-23,-46],[-16,8],[-76,-151],[-25,3],[14,119],[-5,58],[-16,-47],[-57,6],[-113,-47],[-55,-92],[-60,-195],[25,-19],[19,-148],[35,-69],[-36,-21],[-7,-36],[33,-57],[25,7],[39,-65],[-66,-24],[-25,33],[-37,-38],[17,-41],[52,-10],[29,-32],[41,6],[4,-36],[39,-74],[58,-35],[24,7],[98,-39],[40,20],[-6,73],[65,-72],[72,-19],[56,-47],[7,-79],[-23,-55],[-70,-82],[-4,23],[67,86],[-74,72],[-87,-81],[1,-67],[73,-37],[-3,-40],[-31,-2],[-48,61],[-24,4],[-8,43],[-87,46],[-4,-50],[39,-15],[50,-55],[36,4],[-13,-46],[76,-67],[-57,4],[25,-69],[42,-33],[-86,-80],[-1,-44],[30,-10],[-19,-38],[33,-104],[21,-32],[-51,-43],[26,-31],[42,74],[19,-7],[23,-105],[41,-27],[42,23],[37,-9],[12,-47],[-32,-160],[77,-92],[11,-56],[-49,-119],[-71,-5],[5,24],[-60,47],[-95,-12],[-28,-60],[60,-25],[-22,-43],[48,-16],[30,-33],[106,-36],[155,-42],[-85,-960],[-126,10],[-69,-3],[9,-105],[38,-81],[-26,-120],[-30,-1],[-34,43],[-34,-40],[-20,18],[-78,-49],[-58,-3]],[[265458,105475],[0,45],[79,48],[70,8],[17,-66],[35,-16],[-11,-68],[-40,-16],[11,97],[-55,-4],[-33,-35],[29,-33],[14,-99],[-21,-30],[-80,3],[-54,-101],[-7,-50],[-18,12],[-83,-101],[-35,-14],[-33,38],[83,102],[6,42],[39,85],[-1,27],[36,64],[-9,-46],[48,-10],[57,12],[12,62],[-56,44]],[[265125,104650],[-46,94],[11,54],[27,22],[65,3],[37,25],[41,-20],[3,-58],[-31,-72],[-84,-53],[-23,5]],[[265826,105120],[57,-2],[10,-30],[-48,-22],[-68,60],[-110,-2],[-53,58],[55,73],[40,26],[56,-52],[-7,-73],[57,-14],[11,-22]],[[264895,103719],[112,-81],[85,-20],[18,-41],[-67,-2],[-56,36],[-38,-14],[-51,19],[-32,76],[29,27]],[[266422,104989],[6,26],[113,46],[28,-5],[1,-35],[-77,-71],[-71,39]],[[265695,105329],[-27,33],[35,40],[63,14],[24,-18],[8,-56],[-47,-31],[-56,18]],[[265389,104815],[16,-39],[-27,-81],[-46,26],[29,76],[28,18]],[[265263,104959],[11,48],[37,1],[14,-53],[-24,-30],[-38,34]],[[265722,105768],[29,-69],[36,-22],[-75,-43],[34,61],[-24,73]],[[264183,110843],[18,-55],[-109,232],[6,2],[85,-179]],[[265112,103953],[8,-3],[-88,-226],[-8,3],[88,226]],[[264850,103453],[48,6],[-4,-37],[-44,31]],[[265926,105704],[-61,-74],[-8,7],[118,142],[-49,-75]],[[266105,104911],[-12,26],[52,-11],[-40,-15]],[[266435,105315],[28,41],[-8,-55],[-20,14]],[[264244,110662],[46,-201],[-6,-1],[-44,188],[4,14]],[[259869,117318],[25,21],[18,-23],[-43,2]],[[265137,102838],[42,26],[1,-23],[-43,-3]],[[265253,102845],[28,19],[23,-24],[-51,5]],[[261472,115631],[13,-5],[-35,-72],[-12,5],[34,72]],[[265733,105534],[-45,-27],[30,48],[15,-21]],[[231497,132170],[141,-40],[54,-65],[43,-7],[247,62],[71,38],[56,-8],[72,10],[142,53],[134,22],[40,-5],[91,-38],[70,-11],[121,-4],[135,-49],[114,-49],[132,1],[86,35],[54,5],[89,30],[41,-22],[74,-83],[99,-75],[187,-52],[39,4],[49,-29],[95,-33],[71,-68],[65,-41],[73,15],[59,-7],[29,38],[137,67],[49,-39],[61,10],[137,-5],[76,8],[100,-49],[42,-91],[78,-20],[67,-35],[170,-45],[48,-28],[43,-5],[67,18],[39,-9],[149,24],[155,38],[116,-37],[248,-122],[112,-81],[64,-25],[419,-79],[78,0],[146,25],[95,-4],[84,-21],[56,2],[138,22],[91,0],[118,-31],[77,10],[66,37],[70,116],[102,84],[204,147],[41,24],[151,42],[17,-4],[82,-80],[116,-125],[125,-105],[58,-74],[34,-100],[74,-95],[38,-127],[91,-174],[1,-171],[13,-84],[23,-52],[50,-27],[117,31],[177,83],[59,7],[100,-31],[129,13],[330,-135],[261,-96],[177,-54],[59,31],[275,-73],[103,-5],[134,8],[132,20],[87,54],[70,28],[170,7],[170,42],[132,11],[163,-28],[163,-43],[117,-18],[45,-51],[78,-7],[33,-90],[94,-36],[120,6],[46,-8],[115,1],[119,-11],[65,13],[83,-16],[99,-4],[100,-55],[81,-7],[156,-80],[63,-3],[226,53],[108,13],[82,-2],[177,13],[88,-15],[95,0],[9,-12],[74,11],[145,-22],[104,4],[91,51],[38,5],[78,-64],[80,-14],[147,4],[54,-48],[74,-13],[71,-32],[23,-29],[27,-98],[34,-39],[-19,-20],[44,-56],[11,-180],[-112,-157],[-17,-42],[-57,-85],[7,-82],[-58,7],[-22,-32],[-32,22],[41,61],[-52,29],[-55,-67],[-7,-82],[27,18],[45,-12],[-29,-60],[7,-43],[32,-41],[-16,-112],[-28,-75],[19,-67],[66,-99],[62,-62],[19,14],[41,-80],[24,-82],[-32,-63],[-48,5],[-19,-18],[-60,-145],[-12,-49],[61,-37],[-11,-19],[-80,58],[-48,-56],[-56,13],[-6,-57],[-22,-19],[-76,-164],[2,-26],[64,16],[6,39],[114,31],[38,94],[14,1],[-44,-98],[236,-106],[139,88],[-132,-91],[-42,-87],[6,-106],[-54,-48],[-124,-80],[-104,-2],[-42,-56],[5,-34],[41,-33],[-57,-30],[-10,-31],[-39,-15],[22,-72],[44,16],[60,-72],[39,-23],[58,18],[89,7],[48,-24],[19,-44],[-35,-42],[-15,-64],[-92,-47],[-90,55],[-59,48],[13,-44],[51,-34],[-6,-51],[-23,-22],[9,-92],[-34,-63],[43,-65],[77,-63],[-10,55],[32,30],[112,-69],[72,-93],[-3,-73],[-62,-32],[-112,-93],[-42,-66],[-3,-34],[18,-109],[20,-13],[10,-57],[-57,-32],[-18,-35],[-30,61],[-278,50],[-141,7],[-71,-29],[-48,10],[-62,-34],[-27,-69],[-83,-22],[-38,-36],[17,-58],[-43,-4],[-7,60],[-35,-2],[33,33],[-13,20],[-76,-29],[-20,30],[85,39],[-55,105],[-98,-46],[-65,61],[-48,-25],[15,-69],[51,-19],[8,-52],[-26,-119],[50,-40],[-42,-30],[-82,-20],[-45,11],[-55,-23],[-79,-72],[-187,-23],[-33,-28],[-66,-103],[-67,-67],[-24,-102],[-39,-65],[1,-89],[-56,-39],[156,-70],[-56,-135],[130,-221],[82,-87],[3,-56],[-38,-36],[-6,-50],[-27,3],[-73,-36],[-79,-53],[-60,-17],[-14,-50],[-23,62],[-41,41],[-29,-13],[9,-48],[60,-85],[50,40],[-4,-42],[51,-115],[49,-52],[-41,-95],[-192,-73],[-161,19],[-51,-29],[-2,72],[-36,60],[-14,65],[8,55],[-14,79],[-57,72],[-31,-68],[-48,-63],[-42,-81],[-110,-73],[-72,-27],[-142,0],[-48,9],[-139,87],[-80,71],[-51,62],[-86,26],[-149,10],[-58,19],[-144,-20],[-65,-30],[-100,-21],[-77,6],[-98,-14],[-106,-53],[-31,-27],[28,-54],[-70,-56],[-39,41],[0,25],[-38,47],[-31,-24],[21,-28],[-101,-66],[59,-75],[-87,72],[-38,-31],[69,-45],[70,-30],[97,-78],[29,-100],[-30,-63],[-256,-445],[-96,-173],[-50,-23],[-88,8],[-61,-60],[-35,-5],[-53,-64],[-109,-2],[-24,49],[-124,26],[-13,39],[-37,20],[-20,63],[18,16],[-33,50],[-64,25],[50,-34],[31,-97],[-75,1],[-10,-36],[-71,-8],[-17,-70],[-126,9],[-43,20],[1,-119],[44,-75],[63,-65],[62,-137],[0,-62],[31,-17],[-13,-38],[-31,-11],[12,-54],[-33,-21],[-72,-87],[-29,-52],[-56,-26],[-6,-39],[-33,-42],[-70,-28],[-7,-71],[76,-62],[-11,-40],[-81,-53],[-53,-71],[-42,37],[66,110],[-49,116],[-159,-61],[64,-194],[1,-65],[40,-9],[-36,-22],[31,-26],[109,-266],[24,-71],[47,-77],[-7,-16],[171,-241],[840,-1201],[117,-163],[219,-317],[192,-273],[104,-142],[251,-363],[51,-69],[264,-374]],[[241706,118166],[-45,-29],[-1813,-1982],[-933,-1019],[4,-3],[-250,-267],[294,-257],[390,-345],[345,367],[70,-101],[71,-169],[18,-104],[-38,-382],[-13,-161],[-42,-347],[-30,-284],[-41,-260],[-37,-370],[-8,-31],[-20,-197],[-79,-110],[-54,-47],[-74,-21],[-108,-52],[-105,-65],[-50,-116],[-85,-74],[-27,-52],[-21,-98],[-69,-131],[-92,-116],[-117,-306],[-2,-122],[-86,-203],[-67,-197],[-35,-138],[-108,-200],[-47,-65],[-48,-31],[-67,1],[-150,53],[-111,5],[-110,-30],[-57,-7],[-230,-1],[-216,6],[-90,-39],[-56,-57],[-47,-77],[-18,-61],[47,-138],[51,-86],[64,-54],[113,-76],[46,-47],[38,-70],[23,-122],[36,-49],[123,-72],[37,-167],[26,-58],[35,-38],[-34,-122],[-27,-127],[-20,-43],[-57,-44],[-15,-47],[12,-56],[67,-39],[45,-4],[92,19],[106,69],[51,-20],[40,-127],[86,-72]],[[238187,108284],[-188,-148],[-17,-46],[-44,-6],[51,-47],[-51,3],[-103,-81],[-20,-27],[-109,-69],[-244,-186],[-44,-43],[-83,-59],[-100,-57],[-94,-70],[-150,-66],[-93,-20],[-63,-35],[-220,-94],[-95,-25],[-61,1],[-138,-30],[-167,-14],[-210,9],[-65,10],[-24,21],[-69,13],[-67,51],[-88,18],[-12,32],[-40,-11],[-36,42],[-125,10],[-70,17],[-13,25],[-52,1],[-94,22],[-64,-5],[-58,17],[-10,-14],[-117,11],[-91,44],[-160,14],[-173,36],[-95,36],[-26,26],[-48,8],[-159,80],[-94,23],[1,13],[-90,38],[-51,9],[-48,37],[-83,26],[-42,32],[-51,0],[-54,41],[-39,-6],[-249,76],[-69,-6],[-76,23],[-72,-17],[-42,24],[-29,-13],[-34,18],[-30,-32],[-43,10],[-20,-29],[-56,12],[-27,-21],[-91,-13],[-71,8],[-16,23],[-51,-21],[-45,33],[-22,-25],[-61,4],[-18,30],[-27,-34],[-34,6],[-24,32],[-65,-32],[-58,23],[-21,-8],[-52,37],[-25,-16],[-41,25],[-42,-22],[-25,21],[-51,-3],[-28,-41],[-51,33],[-104,-7],[-40,32],[-23,-42],[-43,7],[1,29],[-71,9],[-52,-44],[22,-28],[118,-26],[9,45],[26,2],[-12,-80],[-38,-27],[-73,12],[-101,133],[-64,4],[-41,-17],[-159,-95],[-34,36],[-45,-1],[160,94],[8,15],[91,41],[-23,65],[-89,-14],[24,-57],[-15,-5],[-27,60],[-34,3],[-156,-50],[-60,-72],[-3,68],[-68,-61],[-37,-52],[-1,-33],[47,2],[48,57],[41,7],[-60,-75],[-58,-16],[-47,-137],[116,-44],[31,81],[124,19],[24,-18],[-65,-13],[-19,-169],[144,-15],[53,61],[19,-19],[-57,-64],[-36,-2],[-366,38],[-146,-72],[-54,42],[-28,-36],[-36,15],[0,-28],[-39,-26],[-59,8],[9,-41],[-139,-37],[-44,13],[-55,-18],[-23,-33],[-27,32],[-28,-25],[-80,-15],[-62,7],[-13,-24],[-133,-5],[-70,-28],[-35,12],[-18,-28],[-32,9],[-16,-27],[-46,8],[-28,-36],[-42,11],[-41,-32],[-38,14],[-204,-66],[-28,8],[-13,-32],[-53,1],[-17,-27],[-45,2],[-8,-36],[-38,-1],[-6,-34],[-43,-48],[-52,14],[-77,-51],[19,-12],[64,55],[-1,-32],[-82,-114],[-126,-75],[-110,-102],[-77,-26],[-6,-30],[-205,-143],[-50,-70],[-75,-67],[-66,-46],[-95,-44],[-167,-13],[-37,7],[-52,-19],[-76,-56],[-64,-14],[-17,-27],[-85,-50],[-46,-53],[-28,-82],[0,-61],[-28,-37],[-82,-53],[-13,-42],[-58,-26],[-89,8],[10,-21],[-58,-45],[-34,-2],[-22,-35],[-81,-60],[-76,-99],[-65,-5],[1,-69],[-84,-105],[-60,-49],[-12,-51],[-133,-107],[2,-44],[-37,-11],[4,-43],[-46,-22],[-31,-48],[-71,-51],[8,-35],[-45,-16],[7,-20],[-47,-47],[-42,-15],[-10,-31],[-70,-45],[-2,-26],[-76,-69],[-91,-62],[-53,-67],[-40,-9],[4,-25],[-123,-52],[-70,-10],[9,-114],[-30,111],[-90,-5],[-73,-16],[-54,-27],[-91,-3],[-33,-17],[-212,-13],[-167,-55],[-47,-4],[-113,-35],[14,-15],[-212,-151],[-54,6],[-144,75],[-65,-48],[34,-55],[80,-105],[83,-60],[33,-3],[53,34],[68,89],[58,45],[66,-16],[-13,-18],[-12,-87],[-11,30],[-39,-51],[-45,-97],[-113,-116],[-162,-112],[-163,-134],[-151,-108],[-111,-52],[-84,-22],[-90,29],[-142,69],[-282,118],[-60,2],[-459,-40],[-271,4],[-161,-15],[-70,-32],[-56,-53],[-6,-49],[-35,-7],[27,-44],[-61,-48],[1,-26],[-70,23],[-21,-16],[-15,45],[-84,-45],[-8,31],[-87,-10],[-58,12],[-35,-13],[-173,5],[-44,193],[-27,69],[-65,53],[9,20],[-72,57],[-115,49],[-261,60],[-20,-17],[-33,29],[-80,38],[-14,-15],[4,-165],[-16,35],[-65,-3],[2,-32],[-151,-6],[-154,-148],[92,-89],[65,-17],[239,45],[3,-14],[-247,-46],[-80,31],[-31,33],[-41,-39],[-75,-102],[-27,-62],[4,-64],[21,-22],[41,20],[-32,-103],[-43,19],[-27,-23],[-42,-86],[3,-89],[35,-57],[89,60],[31,-42],[-85,-51],[-79,-26],[-105,3],[-95,32],[-95,-86],[51,16],[-60,-43],[-42,7],[-52,74],[-94,105],[2,47],[-47,98],[-53,20],[-92,-34],[-26,6],[95,25],[-24,66],[21,7],[-20,57],[-34,42],[-14,51],[-47,2],[1,27],[-60,31],[101,-29],[-7,47],[12,53],[-52,42]],[[212501,111601],[-18,67],[14,49],[-16,32],[-119,29],[-5,177],[-76,71],[-56,114],[-54,33],[-26,51],[10,72],[-25,105],[15,50],[51,74],[-8,36],[-83,45],[-29,38],[-148,117],[-102,28],[-61,112],[-49,75],[-43,42],[-6,54],[-80,115],[-53,93],[-18,57],[-86,18],[-239,-52],[-56,9],[-40,48],[-41,104],[3,74],[-81,56],[-148,149],[-42,75],[4,188],[-32,72],[-102,86],[-120,41],[-28,37],[-30,100],[-83,106],[-41,30],[-139,38],[-157,7],[-111,17],[-82,-63],[-33,2],[-28,46],[-20,84],[-190,135],[-73,179],[-72,62],[-49,94],[-32,162],[-77,180],[-130,188],[-29,120],[-162,7],[19,66],[-11,115],[8,157],[-44,117],[-63,56],[-167,32],[-150,71],[-31,47],[8,226],[-5,106],[-13,71],[-60,197],[-31,203],[-22,91],[-75,101],[-14,62],[-106,86],[-33,41],[-39,116],[-151,234],[-12,43],[114,243],[88,145],[98,-75],[40,-18],[87,6],[113,26],[32,17]],[[208550,118318],[56,-149],[63,-89],[2,-20],[55,-62],[42,-24],[-4,-34],[88,-30],[101,12],[40,15],[55,64],[8,126],[71,91],[11,70],[-21,40],[61,181],[-21,106],[-11,124],[17,105],[15,5],[37,158],[90,58],[41,94],[-11,44],[15,48],[-2,67],[-29,137],[23,43],[45,5],[82,-15],[19,-28],[53,-9],[35,-28],[77,-22],[57,-45],[65,-70],[51,-33],[-22,-13],[40,-40],[72,-7],[78,23],[145,6],[20,-34],[13,-89],[38,-88],[63,-87],[36,-139],[-21,-164],[30,-81],[-46,39],[6,-48],[38,-74],[71,-83],[45,-32],[62,-108],[76,-75],[35,-53],[26,-117],[53,7],[-45,-33],[33,-53],[116,3],[41,-12],[28,131],[-6,123],[16,86],[50,60],[75,-16],[30,-96],[62,-33],[52,-103],[-9,-163],[-28,-95],[24,-127],[38,-40],[110,-23],[37,9],[31,58],[6,59],[36,67],[87,41],[48,2],[94,47],[73,21],[33,42],[68,30],[28,-12],[40,17],[53,-3],[32,-23],[2,-49],[62,-40],[86,-103],[62,-4],[64,-25],[-36,-61],[13,-28],[78,-12],[8,-32],[-28,-66],[51,-79],[28,-21],[193,-43],[78,-5],[71,28],[40,36],[-14,65],[18,52],[52,38],[109,-1],[40,-29],[59,26],[64,53],[73,42],[101,6],[35,-23],[29,-101],[-37,-77],[-23,-166],[-64,-29],[-10,-52],[-35,-38],[-86,-41],[-17,-102],[-90,-106],[35,-35],[-15,-14],[-33,33],[-13,-20],[-18,-111],[53,45],[207,-167],[63,-1],[34,-18],[370,-154],[-29,-71],[82,38],[98,91],[58,39],[44,57],[75,32],[81,98],[82,53],[111,31],[114,60],[-1,20],[157,113],[53,10],[74,-8],[36,-43],[203,-1],[61,27],[100,-12],[90,4],[77,43],[79,3],[16,27],[-3,87],[137,56],[25,-11],[120,-7],[113,-29],[47,16],[27,-16],[-65,-48],[-86,-13],[-64,-152],[2,-29],[72,-97],[125,-145],[111,-82],[21,-45],[47,-13],[13,-84],[72,-76],[130,-67],[130,-29],[117,-70],[111,-99],[29,-86],[0,-116],[-90,-269],[-29,-71],[-80,-93],[-38,-76],[-18,-113],[6,-64],[29,-89],[31,-52],[68,-70],[64,-41],[90,-18],[42,23],[61,-31],[89,0],[39,48],[144,8],[81,22],[-1,19],[84,31],[65,-13],[118,2],[61,-47],[72,-34],[98,1],[125,40],[-9,125],[12,45],[59,13],[-2,38],[29,28],[100,-36],[73,39],[49,96],[102,29],[40,-11],[91,5],[57,21],[143,-37],[56,-25],[53,-46],[90,-171],[-61,-137],[-38,-15],[-14,-36],[70,-189],[59,-17],[81,38],[58,13],[115,-116],[137,-28],[41,-36],[-28,-64],[-162,-119],[-73,-97],[-62,-66],[-101,-84],[-20,-30],[11,-250],[23,-146],[95,-16],[16,154],[137,-8],[-4,-52],[98,-17],[82,4],[-20,-25],[3,-160],[177,3],[4,69],[-42,433],[352,32],[109,-624],[87,-92],[110,81],[-60,104],[43,624],[6,28],[613,21],[287,14],[12,-285],[446,19],[4,14],[114,4],[62,17],[-8,58],[196,8],[6,-43],[110,5],[-2,60],[39,-16],[17,-66],[134,8],[134,29],[-25,156],[25,67],[-13,22],[-53,0],[-100,215]],[[221769,114679],[217,187],[247,75],[105,50],[83,65],[96,112],[37,102],[63,49],[85,20],[203,150],[69,43],[59,76],[13,78],[-31,128],[7,44],[43,62],[43,114],[-37,107],[8,52],[-14,44],[-98,95],[-85,108],[-31,141],[10,33],[-19,36],[24,101],[-25,78],[18,103],[55,97],[34,37],[97,71],[15,39],[-13,63],[-58,112],[5,39],[-22,123],[-31,116],[2,171],[29,119],[60,182],[45,98],[-8,21],[-170,125],[-94,108],[-37,75],[-18,78],[3,132],[27,108],[56,140],[67,128],[-124,93],[-57,28],[-45,80],[-72,50],[-18,57],[-195,179],[-37,78],[48,159],[75,121],[105,60],[1,40],[-41,94],[6,114],[-42,202],[1,123],[26,73],[32,192],[52,69],[22,94],[232,171],[35,53],[-7,86],[-33,98],[33,96],[15,160],[10,213],[30,115],[-2,111],[27,271],[42,169],[27,254],[-8,67],[-28,51],[-15,100],[16,51],[16,131],[36,102],[25,107],[3,89],[40,87],[10,91],[-3,132],[28,116],[17,185],[31,65],[6,85],[15,65],[48,46],[41,69],[-6,69],[-25,76],[22,90],[2,151],[-48,72],[21,108],[-22,141],[31,91],[-1,37],[49,116],[21,121],[41,104],[9,93],[-16,100],[5,198],[-12,219],[22,140],[79,169],[48,145],[80,172],[97,136],[58,133],[2,140],[23,213],[-1,216],[52,59],[84,12],[73,-9],[216,58],[364,126],[210,179],[33,43],[141,85],[74,54],[57,10],[81,104],[78,50],[41,45],[-12,40],[60,27],[55,55],[117,51],[82,58],[59,85],[7,212],[36,74],[133,83],[37,61],[33,91],[38,65],[69,60],[68,86],[24,57],[59,61],[110,6],[110,40],[33,-9],[82,-74],[66,-9],[82,10],[120,-75],[56,-16],[101,11],[100,-38],[211,79],[167,27],[50,-6],[107,40],[76,-72],[121,-45],[136,-79],[44,15],[36,41],[52,127],[127,159],[141,-76],[114,-91],[238,-65],[49,-28],[82,-175],[77,-110],[43,-22],[60,-2],[83,41],[-6,60],[34,62],[66,81],[43,7],[54,-27],[74,21],[29,76],[93,52],[69,107],[36,14],[54,-10],[80,-44],[119,-3],[51,24],[76,81],[63,35],[184,24],[62,32],[112,86],[65,102],[-43,23],[-53,81],[-19,56],[12,37],[-9,83],[45,73],[14,67],[27,54],[-21,79],[-13,109],[10,92],[25,38],[22,132],[23,59],[-17,26],[1,65],[70,29],[39,46],[98,71],[144,49],[88,56],[132,-25],[83,35],[132,90],[31,32],[58,221],[-36,33],[57,146],[159,158],[2,75],[29,8]],[[212584,118505],[-12,34],[38,64],[42,28],[159,30],[188,-5],[34,-54],[-7,-43],[33,-70],[77,-29],[-47,-79],[-6,-51],[38,-40],[-37,-54],[10,-72],[57,-37],[48,18],[164,30],[61,-7],[120,-29],[57,-31],[3,-34],[-36,-26],[-99,-35],[-153,-13],[-113,12],[-54,49],[-15,41],[-43,44],[-51,8],[-107,-32],[-15,17],[32,57],[-78,52],[-83,4],[-98,52],[-69,73],[1,74],[-39,54]],[[225989,103954],[40,6],[55,-27],[53,-92],[-4,-38],[-74,-118],[20,-109],[35,-48],[65,-60],[0,-57],[-26,-46],[-81,-9],[-134,28],[-24,47],[17,130],[-5,63],[-52,84],[-85,59],[-25,43],[-17,69],[26,41],[123,9],[93,25]],[[221923,102843],[46,-24],[6,-31],[40,-1],[17,-50],[29,-5],[69,-91],[17,-3],[32,-97],[13,-150],[-91,-33],[-45,15],[-23,47],[-40,32],[-69,90],[-37,101],[-35,3],[-162,107],[-24,3],[-64,48],[-4,21],[42,39],[34,0],[94,56],[27,-18],[36,13],[92,-72]],[[221115,102765],[62,-15],[52,4],[61,-90],[11,-54],[20,-10],[7,-55],[27,-7],[-57,-50],[-131,52],[-50,40],[-97,-105],[-61,33],[6,49],[48,9],[9,43],[39,14],[-5,63],[24,52],[35,27]],[[226669,103413],[-28,-50],[-131,-62],[-102,-6],[-90,52],[-22,53],[23,13],[74,-11],[93,25],[133,96],[42,1],[19,-42],[-11,-69]],[[225106,104032],[99,41],[41,33],[36,1],[2,55],[25,27],[44,-2],[117,-39],[-31,-125],[168,-57],[-2,-14],[-229,72],[-245,-22],[-25,30]],[[213967,118155],[64,35],[102,4],[2,21],[81,7],[-48,-36],[-138,-51],[-47,-42],[-50,13],[47,29],[-13,20]],[[231664,107692],[15,-38],[-116,-45],[-112,-108],[-41,27],[42,12],[96,95],[101,41],[15,16]],[[231665,107820],[-124,23],[-88,-89],[-8,27],[93,94],[124,-32],[3,-23]],[[226714,103607],[11,41],[67,1],[4,-29],[-82,-13]],[[225969,104205],[9,2],[21,-153],[-9,-1],[-21,152]],[[213033,117899],[-28,-16],[-16,34],[44,-18]],[[226553,136072],[29,-49],[25,-102],[84,-136],[133,-38],[30,-18],[-24,-124],[24,-84],[-23,-76],[30,-57],[-38,-73],[34,-3],[141,-48],[68,0],[51,-21],[68,-145],[57,-63],[13,-69],[39,-39],[22,-69],[87,-87],[-8,-46],[-54,-131],[5,-58],[101,-43],[53,-37],[54,-6],[113,-39],[61,-67],[58,-123],[78,-38],[74,0],[27,-24],[38,-74],[84,-96],[55,-99],[43,-37],[101,-43],[62,-79],[105,-46],[54,-52],[104,69],[211,5],[115,88],[74,1],[124,-62],[46,8],[172,-11],[119,-19],[46,24],[141,40],[156,95],[78,26],[198,-10],[149,-25],[67,-47],[69,-73],[13,-43],[-4,-99],[16,-114],[36,-49],[110,-30],[115,-53],[97,-91],[82,-11],[66,-33],[70,-107],[23,-88],[25,-35],[63,14],[34,-14],[1,-55],[89,-51],[117,-109],[49,-27],[-18,-153],[40,-277],[18,-82],[34,-46],[45,-19]],[[221769,114679],[-50,104],[-284,380],[-21,18],[-151,42],[-55,-23],[-82,20],[4,40],[-67,36],[-12,-21],[-64,19],[-58,0],[-79,-18],[-69,37],[-87,-10],[-66,67],[-21,81],[14,86],[-9,36],[-56,43],[10,66],[32,79],[26,123],[-3,58],[-82,89],[-40,113],[-42,61],[-58,24],[-37,65],[-12,49],[-3,215],[-50,82],[-157,99],[-136,18],[-34,-33],[-71,4],[-62,51],[-68,28],[-64,4],[-81,47],[-45,75],[-205,114],[-68,128],[-12,137],[-108,187],[-35,81],[-38,51],[-108,175],[-79,52],[-53,54],[8,16],[-75,25],[-85,4],[-55,-53],[-72,-41],[-87,43],[-82,23],[-46,59],[-14,106],[-14,5],[6,81],[-63,110],[-56,23],[-18,50],[-41,43],[-46,14],[-74,-21],[-78,-43],[-30,2],[-126,-25],[-83,19],[-93,69],[-75,78],[-73,34],[-107,-40],[-106,100],[-15,77],[25,19],[29,126],[-22,51],[-36,26],[-69,0],[-34,41],[-37,7],[-62,-18],[-55,37],[-49,129],[56,4],[74,-11],[35,21],[39,73],[-2,28],[-52,96],[-42,46],[-5,79],[25,110],[72,34],[27,35],[12,84],[-28,36],[-66,3],[-25,58],[61,11],[19,122],[43,87],[-17,42],[10,45],[46,37],[38,4],[30,-26],[60,9],[15,52],[33,-5],[67,94],[46,-33],[174,8],[98,10],[57,26],[120,15],[148,-1],[10,6],[-168,409],[19,36],[4,151],[-101,26],[-90,48],[-55,55],[-186,30],[-48,-23],[-27,9],[-1,42],[-30,0],[1,-116],[-12,3],[-2,93],[-118,-2],[-18,32],[-42,21],[-62,-29],[-46,-47],[-23,-48],[-103,-61],[-39,-12],[-303,-45],[-125,-13],[-132,29],[-97,-31],[-25,-33],[-58,-24],[-49,0],[-5,39],[44,29],[93,-8],[34,9],[-2,31],[87,12],[-13,89],[-87,-12],[-8,24],[-55,26],[6,108],[-11,0],[42,159],[18,32],[-53,115],[12,22],[106,106],[-69,19],[-62,-23],[-179,52],[74,35],[-18,36],[-109,-63],[-119,-25],[-17,44],[-33,27],[-39,-9],[-20,-44],[-107,-45],[-54,-85],[18,-83],[-46,-38],[-65,54],[-14,52],[-31,35],[1,38],[-129,52],[-45,44],[19,163],[10,-1],[-18,-161],[38,-39],[71,-33],[44,13],[23,-16],[56,43],[-38,26],[14,51],[334,310],[-86,87],[-83,11],[-325,-302],[324,304],[85,-11],[86,-88],[10,10],[-109,109],[-58,10],[-154,-76],[-29,4],[-96,223],[399,386],[206,0],[96,-25],[98,10],[-21,91],[58,62],[-32,85],[-108,-69],[2,-67],[-20,-1],[-3,62],[-108,85],[-64,-43],[-319,314],[-248,-171],[-158,86],[3,5],[157,-86],[82,57],[-6,27],[-83,112],[41,28],[87,-117],[119,82],[31,-1],[70,61],[-54,-4],[-20,36],[-49,-68],[-49,66],[-28,-9],[-65,93],[-52,1],[-76,-51],[24,-43],[-192,269],[-82,-55],[-17,3],[-90,-60],[-11,16],[-86,-51],[254,168],[-51,183],[-52,56],[-149,87],[-83,76],[11,-30],[-31,-27],[-38,42],[31,26],[-25,46],[-2,51],[-41,57],[-177,115],[-121,100],[-50,-2],[-28,26],[13,85],[-65,93],[-257,272],[-56,52],[-31,5],[-168,-112],[-147,-119],[-10,13],[140,112],[2,49],[-31,43],[-148,-77],[185,123],[-174,243],[-77,-46],[-161,224],[-64,-42],[-35,50],[120,80],[7,27],[-185,259],[-51,591],[-1,43],[24,115],[-9,49],[49,114],[-15,73],[-47,61],[6,85],[-47,67],[-66,34],[-26,97],[38,89],[-43,542],[125,210],[35,124],[-11,82],[-43,55],[-67,21],[17,64],[97,192],[-292,139],[82,-32],[30,60],[134,-65],[83,162],[70,-33],[34,88],[-264,17],[180,0],[5,111],[-80,5],[6,12],[150,-7],[18,185],[1,66],[-18,2],[54,139],[-4,156],[7,43],[50,134],[0,99],[-17,96],[-48,129],[-40,29],[-73,6],[-88,57],[-45,99],[-7,86],[25,150],[15,33],[66,71],[44,69],[47,150],[40,91],[81,124],[19,10],[-6,101],[-444,350],[398,467],[537,-425],[53,4],[143,167],[-188,145],[-332,262],[261,308],[334,-262],[34,20],[177,210],[190,-150],[18,69],[67,52],[-27,22],[114,191],[8,27],[88,156],[62,24],[43,105],[-4,63],[51,71],[23,92],[20,125],[-30,129],[-74,38],[-76,-11],[-47,34],[6,35],[74,7],[61,-40],[102,-32],[65,39],[-64,69],[68,-57],[63,39],[35,80],[-48,63],[43,35],[46,-44],[65,-26],[54,45],[81,42],[47,39],[82,127],[21,91],[1,66],[-25,96],[-79,41],[-62,72],[-7,65],[20,60],[-56,97]],[[215422,134284],[49,1],[48,-85],[60,-17],[109,10],[93,45],[83,-1],[177,39],[68,52],[164,77],[17,42],[62,26],[50,-11],[51,24],[68,-65],[63,-25],[34,-40],[40,-108],[29,-126],[-37,-131],[78,-29],[148,-32],[20,-20],[-25,-103],[-67,-64],[-11,-51],[29,-38],[42,-20],[52,-84],[49,-31],[36,-47],[42,-115],[56,-40],[268,-37],[60,-21],[112,65],[62,78],[52,7],[102,81],[-4,-34],[113,87],[77,-10],[69,5],[76,37],[82,84],[65,33],[122,27],[225,-16],[86,31],[115,0],[353,53],[59,69],[14,83],[27,29],[88,14],[53,-6],[48,-46],[90,-47],[69,-88],[67,9],[46,24],[28,-47],[72,21],[15,70],[30,19],[-26,113],[115,152],[89,71],[46,26],[89,81],[184,79],[108,12],[46,26],[39,73],[2,55],[26,77],[81,16],[1,19],[-61,47],[-25,44],[8,37],[219,5],[96,53],[128,-1],[86,26],[49,53],[69,46],[87,-39],[72,-11],[69,-36],[108,-38],[68,8],[58,43],[55,85],[39,25],[175,-46],[81,6],[96,72],[140,45],[65,34],[92,33],[87,13],[128,-30],[157,-60],[49,-28],[91,-75],[67,-86],[81,-24],[16,-20],[-30,-128],[3,-59],[56,-276],[11,-121],[123,86],[17,111],[65,138],[62,88],[54,23],[215,30],[143,-12],[102,-30],[52,10],[70,45],[73,165],[73,82],[71,60],[49,162],[73,60],[56,71],[55,41],[58,12],[63,47],[97,-68],[50,-25],[136,-45],[93,75],[52,55],[112,90],[114,43],[108,-38],[68,1],[116,80],[75,23],[91,41],[75,3],[-28,134],[115,84],[21,44],[67,32],[85,8],[87,-16],[44,3],[53,26],[101,19]],[[226336,136046],[42,-10],[109,37],[66,-1]],[[212703,123902],[-151,-137],[-113,-92],[-3,-60],[369,-395],[-4,-59],[-350,-304],[-41,-8],[-163,74],[-20,20],[-78,141],[-33,-37],[-90,-152],[-45,-44],[-59,-82],[-15,-55],[16,-22],[-39,-41],[-65,3],[-139,66],[-92,32],[-4,124],[-16,42],[-57,90],[-84,81],[-72,51],[-76,14],[-69,68],[-11,47],[22,56],[8,65],[-67,92],[-6,34],[-54,59],[-86,29],[-36,80],[-66,91],[-43,12],[-119,87],[-69,7],[-40,35],[-2,33],[-34,73],[-84,107],[-90,140],[-7,43],[54,135],[10,50],[49,100],[-33,98],[30,46],[-2,81],[-37,69],[17,44],[-760,813],[27,23],[-54,131],[-34,36],[168,145],[34,-36],[109,-54],[36,3],[70,60],[35,-1],[1236,-1324],[46,-2],[282,245],[989,-1060],[5,-10]],[[214490,122156],[-23,-30],[13,-27],[-11,-84],[-23,-35],[12,142],[16,30],[-24,103],[-27,73],[-37,63],[-17,69],[-38,69],[13,122],[32,23],[132,15],[82,40],[74,-19],[51,-38],[21,-44],[-34,-116],[-54,-154],[-92,-104],[-66,-98]],[[215858,121507],[-38,17],[20,47],[39,-15],[13,-39],[-34,-10]],[[214827,132670],[-131,-231],[-8,4],[131,232],[8,-5]],[[217170,119992],[-28,33],[54,-15],[-26,-18]],[[148301,158118],[-69,49],[-128,54],[-140,15],[-54,-6],[-30,-82],[-77,-17],[-46,32],[-32,83],[-49,30],[-20,52],[29,55],[-31,128],[-77,91],[-59,30],[-55,59],[-47,20],[-28,-23],[-2,61],[-58,17],[-25,70],[-51,57],[-216,105],[-36,38],[-57,5],[-7,64],[-148,103],[-44,18],[-34,-31],[12,49],[-230,65],[-67,3],[-135,43],[-86,36],[-160,40],[-40,3],[-130,55],[-54,42],[-81,25],[-94,82],[-109,64],[-152,112],[-113,53],[152,19],[175,50],[34,23],[56,83],[-21,65],[23,67],[42,36],[60,25],[27,28],[43,92],[7,62],[24,43],[60,36],[152,-10],[82,56],[18,31],[153,63],[76,118],[-22,79],[-39,45],[12,34],[-22,32],[-119,-140],[15,-44],[-83,-92],[-48,-9],[-179,140],[3,5],[127,-98],[158,187],[43,-33],[89,105],[-151,115],[-83,-62],[-19,70],[51,35],[38,127],[70,-4],[21,-59],[-63,-105],[72,-55],[22,24],[39,-30],[125,152],[-46,108],[-79,80],[-28,-17],[-142,85],[-170,-37],[0,-99],[59,9],[-13,-52],[-40,-22],[-65,-8],[50,-85],[-10,-4],[-50,82],[-68,-32],[-50,-279],[63,-60],[-74,54],[45,275],[-29,7],[-19,52],[33,29],[96,22],[40,22],[-5,71],[18,47],[-73,28],[-27,28],[136,82],[49,81],[12,81],[-10,18],[10,92],[29,40],[41,100],[-2,30],[-46,67],[-36,-3],[2,32],[-47,65],[-35,-6],[6,46],[-18,24],[-91,27],[-124,3],[-47,14],[-39,39],[-43,100],[10,14],[-33,74],[1,70],[47,25],[74,138],[16,66],[86,75],[195,38],[-11,27],[-68,26],[-4,34],[80,9],[5,38],[104,167],[46,29],[43,-3],[89,-144],[73,-83],[0,-57],[-55,-10],[-59,-52],[-86,-139],[-25,-89],[10,-71],[86,-37],[94,-5],[33,28],[13,51],[61,93],[80,48],[124,-103],[111,0],[62,19],[55,-12],[47,-54],[1,-48],[-60,-128],[27,-21],[0,-37],[56,-45],[52,2],[72,-42],[16,-101],[-58,-29],[-13,-25],[10,-90],[29,-54],[50,-52],[10,-67],[105,-82],[12,-36],[-20,-22],[59,-24],[40,14],[-18,-40],[18,-47],[35,19],[19,-41],[-50,-18],[36,-90],[90,-137],[62,-62],[134,-27],[51,-22],[63,-76],[-44,-75],[-48,-26],[-65,-8],[-94,-67],[-53,-48],[-69,-94],[10,-130],[11,-23],[-32,-34],[-10,-48],[-52,-136],[-116,53],[-5,-14],[140,-62],[55,51],[105,-24],[52,0],[36,73],[-6,77],[14,59],[-85,42],[94,-33],[36,79],[90,72],[22,59],[63,35],[31,47],[56,37],[78,-8],[29,-16],[32,-52],[62,-37],[66,-81],[0,-42],[-28,-16],[-52,-73],[-63,-29],[-87,-77],[66,-65],[-60,44],[-64,-50],[9,-62],[-32,-7],[1,-39],[27,-66],[45,-43],[54,51],[31,-7],[87,-84],[8,-120],[41,-19],[78,21],[12,43],[72,27],[23,-66],[104,-47],[10,-15],[148,25],[55,66],[-5,13],[66,82],[64,43],[61,-7],[35,-36],[51,-85],[57,-14],[65,43],[40,-57],[62,13],[28,22],[21,89],[53,91],[104,88],[9,21],[126,16],[34,-29],[40,1],[145,-120],[38,-123],[-11,-22],[26,-88],[59,-46],[82,-5],[26,-15],[50,65],[9,132],[-25,76],[11,52],[196,24],[29,-32],[21,-77],[60,-24],[48,-59],[100,1],[-19,-25],[-73,-1],[1,-110],[86,-14],[0,-39],[36,0],[71,29],[48,99],[-41,27],[-28,70],[21,10],[25,58],[68,57],[26,-70],[-11,-90],[31,-42],[55,-42],[82,-139],[7,-64],[166,11],[4,-9],[-165,-11],[6,-31],[-80,-59],[50,-98],[243,10],[35,-163],[27,-74],[155,33],[52,62],[35,73],[2,159],[-12,27],[-73,66],[18,79],[-13,73],[82,-41],[9,-19],[75,25],[67,48],[93,88],[75,106],[61,107],[20,19],[-20,31],[14,71],[-24,51],[-85,45],[-27,33],[-9,104],[-49,84],[-12,62],[33,131],[-11,73],[64,27],[29,32],[-14,54],[38,6],[68,-17],[70,17],[64,54],[130,47],[22,25],[32,88],[2,54],[70,143],[-4,40],[-21,-51],[-141,41],[-21,14],[64,225],[-25,-14],[-65,-227],[-349,116],[2,4],[333,-110],[64,222],[-88,57],[-53,-95],[-10,7],[53,93],[-247,129],[-128,4],[3,-312],[-7,-25],[-3,320],[-14,32],[-171,24],[-131,-19],[-99,-32],[-88,-50],[1,-89],[-12,82],[-46,-17],[-128,-20],[-42,-19],[-4,-30],[50,-3],[3,-105],[165,-2],[-1,-11],[-236,5],[-53,77],[-139,-100],[-85,12],[-31,83],[-23,15],[-1,52],[32,28],[2,60],[-15,107],[-32,78],[-48,41],[-84,34],[-70,63],[-30,10],[-201,3],[-59,19],[-98,153],[-53,47],[-130,94],[-22,26],[-54,-23],[-114,62],[22,77],[-39,31],[-40,-12],[-44,13],[-3,48],[-77,40],[-20,78],[-82,98],[-78,57],[-35,50],[-54,42],[30,64],[101,22],[18,87],[-32,55],[-200,-8],[17,64],[48,22],[-53,52],[16,45],[29,22],[65,9],[34,22],[16,48],[-60,13],[61,47],[9,53],[-45,30],[22,27],[7,67],[-21,67],[17,35],[-14,69],[14,88],[-25,49],[-64,36],[-28,73],[36,62],[-41,57],[34,125],[-76,34],[9,126],[-25,26],[-18,89],[25,54],[-9,43],[15,68],[19,20],[81,15],[48,55],[10,94],[-88,96],[75,81],[74,27],[69,-12],[45,101],[40,33],[3,34],[-41,79],[-35,10],[-11,118],[30,43],[89,45],[37,-33],[41,-6],[51,52],[24,69],[15,-6],[-22,-71],[-34,-37],[40,-65],[105,-88],[68,21],[43,-7],[-21,72],[-72,143],[-59,-17],[-2,17],[107,38],[-57,135],[-37,28],[-147,-63],[-4,18],[147,53],[-6,31],[53,-19],[35,-33],[26,22],[66,3],[97,54],[27,50],[81,11],[124,-24],[65,-41],[37,-1],[62,81],[-4,84],[14,68],[-40,42],[35,116],[101,-5],[-39,59],[3,23],[79,34],[57,2],[52,19],[107,14],[76,119],[-26,142],[18,45],[3,106],[18,51],[45,45],[69,40],[42,81],[83,22],[24,-31],[48,7],[50,78],[58,28],[135,19],[93,-64],[41,32],[45,-17],[87,33],[66,1],[103,-35],[10,15],[112,-58],[40,-99],[-11,-28],[55,-33],[51,18],[47,-41],[76,-15],[62,-39],[73,42],[-3,40],[47,7],[-4,33],[-43,32],[4,66],[53,-20],[22,37],[-31,46],[11,34],[41,27],[60,-59],[112,-41],[72,-49],[45,49],[54,-29],[-7,-38],[47,-87],[29,-21],[-23,-92],[58,-149],[47,-31],[37,-3],[49,-35],[93,-6],[41,-29],[59,-79],[7,-45],[-26,-5],[40,-152],[101,-64],[95,-36],[92,-51],[81,-115],[90,-47],[56,-44],[90,-112],[73,-51],[151,94],[-63,-50],[109,-161],[-32,-21],[41,-31],[79,49],[-51,-48],[133,-260],[-36,-15],[11,-24],[139,25],[-27,154],[16,30],[154,102],[-2,21],[-97,126],[-91,28],[-51,52],[-63,26],[-29,66],[-97,47],[18,35],[-59,103],[-45,115],[-26,19],[-36,63],[-9,63],[27,85],[-3,38],[-37,27],[-32,66],[15,41],[-51,28],[-1,49],[-57,118],[-4,46],[37,130],[-18,75],[24,52],[48,13],[25,-64],[34,-46],[86,-6],[96,51],[15,-39],[40,-12],[31,-75],[66,-50],[18,-53],[57,-96],[17,-63],[33,-41],[-7,-34],[39,-76],[39,-3],[89,-48],[59,-49],[31,-107],[-5,-139],[71,-41],[28,130],[-15,23],[5,112],[57,8],[140,-17],[103,147],[64,58],[89,48],[31,109],[45,47],[58,9],[57,-94],[3,-120],[88,1],[54,25],[5,33],[-38,64],[54,-1],[22,69],[64,73],[-228,71],[-37,38],[-197,45],[-71,-17],[-33,-50],[-60,-34],[-91,-33],[-21,-67],[-27,-28],[-46,-9],[-43,-64],[-79,-30],[-80,85],[4,43],[-36,185],[12,71],[-27,61],[-115,64],[-68,13],[-95,-14],[-45,44],[-88,47],[-24,77],[51,67],[141,143],[75,47],[38,-10],[45,26],[20,54],[-69,29],[-70,64],[25,31],[81,-8],[92,25],[51,-76],[56,32],[-31,39],[1,60],[22,73],[-16,9],[43,99],[-97,35],[-35,29],[-18,-31],[25,-43],[-29,-81],[-38,-27],[-114,3],[-62,33],[-37,45],[3,52],[-60,102],[-82,66],[5,26],[-67,25],[-86,-18],[-91,-45],[-18,-143],[-25,2],[-83,-36],[-37,39],[-70,-11],[-113,11],[-35,42],[-5,48],[25,31],[35,125],[11,80],[-51,56],[-74,5],[-53,-17],[4,-55],[35,-7],[-34,-66],[-26,9],[-7,65],[22,-2],[-4,52],[-70,21],[-91,-19],[-50,-65],[-3,-105],[17,-9],[-41,-36],[-48,-10],[-19,-80],[180,-93],[-4,-8],[-190,97],[-36,-2],[-36,25],[-82,-5],[-37,76],[-87,13],[-36,53],[-43,-7],[-57,45],[-49,75],[52,60],[52,2],[24,23],[12,59],[-42,39],[6,49],[-37,30],[-28,89],[-43,54],[-168,38],[-50,-28],[-54,21],[-25,79],[-60,26],[-94,6],[-45,40],[-19,51],[3,54],[35,68],[89,78],[154,66],[155,27],[97,-5],[80,-19],[29,13],[15,106],[-54,74],[20,32],[32,-16],[24,42],[-20,60],[10,21],[75,43],[26,205],[-22,-14],[-115,55],[-68,-180],[-8,4],[68,180],[1,21],[-85,44],[-142,33],[-123,73],[-36,7],[-62,76],[-58,44],[-75,89],[-96,79],[-84,39],[-89,83],[143,19],[32,28],[76,-5],[41,24],[22,38],[-51,94],[65,10],[1,18],[71,38],[41,3],[37,32],[11,38],[-7,125],[-44,50],[-24,3],[-59,85],[-33,0],[-29,-41],[-41,44],[4,47],[-36,8],[-113,54],[7,13],[-44,94],[9,55],[54,52],[135,-22],[49,30],[-70,53],[60,34],[18,39],[148,69],[37,40],[-20,61],[-34,-27],[-56,40],[28,54],[21,-16],[43,26],[22,45],[-15,52],[-44,61],[-46,-16],[-43,25],[77,34],[1,50],[-35,98],[-30,30],[-118,51],[-19,42],[21,21],[114,5],[115,-61],[4,-23],[75,-37],[22,-128],[67,-58],[71,-17],[34,12],[39,-35],[76,7],[97,-15],[68,5],[150,-17],[26,6],[9,42],[99,66],[58,26],[70,71],[66,29],[34,34],[120,-9],[21,20],[30,-32],[85,-10],[19,-14],[93,24],[95,48],[98,93],[51,87],[87,61],[33,131],[72,9],[44,26],[98,1],[79,-64],[57,-78],[33,-26],[87,-35],[-71,104],[54,181],[36,19],[-49,18],[-44,150],[-55,89],[-72,47],[-136,-64],[-109,-14],[14,-56],[-91,-54],[79,58],[-22,83],[-79,40],[-81,-42],[-33,-39],[30,-38],[55,-109],[-10,-4],[-52,107],[-30,38],[-41,-13],[-16,21],[32,37],[40,13],[-64,7],[-29,30],[-7,82],[-27,103],[23,4],[45,-42],[87,23],[110,107],[21,49],[0,51],[29,58],[-8,85],[-34,24],[16,51],[63,31],[32,41],[-11,115],[21,43],[117,-6],[85,-27],[57,-43],[128,-34],[51,-30],[58,15],[170,84],[111,-20],[70,17],[70,-12],[46,53],[83,49],[44,44],[72,26],[175,9],[54,-3],[130,104],[112,-10],[73,-76],[74,-18],[96,53],[25,46],[38,-10],[75,50],[-33,-36],[-98,-57],[11,-35],[90,-146],[108,59],[-62,106],[9,5],[61,-106],[71,27],[-220,-122],[-3,-45],[170,-117],[107,-6],[276,159],[89,40],[112,162],[-55,96],[-112,5],[-17,28],[-60,-3],[-1,30],[-48,43],[-30,72],[20,26],[-7,40],[54,12],[7,44],[82,7],[7,29],[56,2],[-5,51],[-69,52],[68,21],[29,36],[44,-6],[8,108],[-78,29],[-65,44],[27,43],[-19,45],[-90,-9],[-99,54],[-50,116],[-152,93],[-68,-46],[-69,-30],[-5,-81],[-44,-26],[-111,78],[-81,-4],[-89,47],[31,35],[-13,41],[119,-9],[29,27],[-5,38],[58,29],[50,72],[-73,80],[-46,24],[143,102],[-3,141],[-56,67],[-87,14],[-46,-42],[-19,-49],[-166,-3],[-80,27],[-68,52],[29,17],[-40,21],[26,32],[83,-13],[47,33],[91,3],[84,-19],[-18,35],[39,-6],[5,42],[42,14],[-9,26],[-172,100],[39,34],[-78,64],[-7,56],[25,38],[44,-9],[64,10],[-13,96],[18,78],[93,59],[-42,58],[-48,22],[22,-96],[-44,-36],[-91,90],[41,45],[-55,49],[-155,-113],[53,-93],[-24,-174],[-134,-114],[32,-81],[-14,-5],[-36,92],[134,115],[30,162],[-63,117],[-25,2],[-39,54],[-42,84],[-108,10],[-59,108],[63,101],[-20,49],[-54,60],[-69,12],[-76,55],[-25,40],[36,49],[47,26],[22,34],[25,100],[55,86],[68,40],[72,3],[31,37],[142,76],[67,1],[37,-29],[21,107],[-1,101],[-33,63],[-72,64],[-6,70],[-48,13],[0,27],[75,52],[12,70],[-41,8],[4,47],[-33,21],[74,88],[18,37],[-20,48],[-48,40],[20,58],[57,12],[26,-14],[70,50],[79,7],[144,-48],[82,5],[50,-30],[121,24],[63,78],[-25,57],[-4,69],[-73,18],[-9,-56],[-2,90],[-60,61],[14,28],[75,27],[71,54],[-64,111],[9,42],[76,18],[-15,31],[-11,112],[34,58],[64,13],[-15,112],[-49,13],[-65,51],[-24,42],[-36,106],[-12,80],[21,59],[-3,63],[44,22],[1,27],[-37,51],[-53,45],[-52,25],[-82,77],[-41,184],[-25,55],[-71,34],[-12,21],[58,36],[74,-29],[61,-43],[47,19],[-18,70],[37,30],[90,13],[19,79],[-32,64],[-40,-10],[-48,23],[-37,-19],[-40,36],[51,27],[77,61],[75,43],[-11,79],[9,25],[-28,37],[-29,1],[-9,-35],[-70,23],[-41,-114],[-10,3],[42,113],[-28,39],[-86,37],[-35,31],[-16,62],[-41,-3],[-29,31],[-91,20],[-32,-34],[-75,44],[-25,46],[-30,5],[-27,134],[55,68],[44,30],[7,44],[-52,69],[27,111],[100,1],[122,31],[87,40],[1,70],[29,9],[83,-9],[32,52],[-21,73],[38,54],[45,13],[-1,36],[-65,8],[-3,22],[52,102],[-14,54],[68,-23],[31,-50],[88,-76],[64,-153],[45,-19],[58,41],[129,7],[61,-35],[86,-16],[85,-67],[53,8],[8,55],[-30,6],[31,47],[-79,59],[140,-87],[52,35],[69,-9],[72,-49],[68,-1],[122,23],[49,-36],[9,-33],[54,-35],[41,-9],[32,-37],[57,-8],[63,11],[93,55],[85,34],[106,24],[96,45],[39,38],[107,57],[79,74],[12,30],[64,10],[24,50],[52,25],[56,5],[119,56],[61,-6],[84,17],[113,-7],[69,7],[35,24],[-26,62],[43,-12],[34,30],[40,-10],[33,23],[-4,49],[57,13],[25,-27],[98,13],[49,36],[63,12],[49,-41],[153,-21],[108,-28],[46,-28],[86,6],[66,-30],[37,-83],[66,-45],[83,14],[3,-18],[-108,-11],[22,-26],[11,-59],[-31,-30],[65,-34],[42,6],[12,-29],[76,-18],[21,17],[45,-12],[60,21],[89,79],[17,64],[36,49],[-3,31],[57,109],[-12,30],[77,95],[-3,29],[40,22],[62,77],[99,61],[180,39],[90,3],[71,-20],[117,-74],[34,-49],[104,-26],[91,-33],[37,8],[46,44],[-21,95],[13,39],[66,25],[41,-8],[141,15],[107,-1],[60,-12],[41,9],[142,8],[88,-14],[126,0],[79,-48],[96,-6],[110,-47],[20,13],[-14,76],[27,-74],[37,-23],[54,0],[71,27],[75,59],[26,-7],[233,151],[-135,60],[4,8],[140,-62],[41,31],[28,53],[11,65],[-58,26],[-37,148],[-121,-32],[-7,7],[178,49],[-32,86],[4,34],[57,85],[85,60],[79,2],[78,61],[64,114],[16,80],[-18,97],[-5,95],[54,50],[46,-12],[38,25],[44,68],[25,77],[-2,63],[-32,28],[6,34],[-27,74],[-40,42],[-54,31],[-75,4],[-58,42],[8,64],[50,15],[106,-30],[54,42],[0,39],[-65,72],[-54,101],[16,17],[-24,69],[37,19],[6,49],[-38,49],[-22,1],[18,50],[-16,52],[-56,6],[-33,25],[-62,4],[-18,47],[53,10],[31,-20],[37,10],[53,-49],[99,8],[78,-68],[41,-5],[48,23],[109,-3],[12,74],[-25,3],[-85,75],[25,36],[-65,32],[-18,24],[-8,83],[7,47],[26,7],[-11,88],[-50,24],[-27,52],[49,29],[27,-27],[99,-2],[5,14],[-50,60],[24,82],[0,69],[29,14],[-3,120],[49,46],[48,-88],[21,0],[31,65],[53,24],[30,58],[23,-29],[67,12],[65,80],[86,-4],[65,52],[23,-40],[-4,-38],[68,-16],[36,-38],[106,-10],[91,-41],[36,-52],[67,19],[42,-24],[73,-16],[36,16],[27,49],[59,9],[-6,-61],[36,9],[66,-14],[74,38],[32,-6],[6,-35],[-100,-1],[-45,-65],[-22,-82],[52,22],[81,-47],[25,5],[16,56],[48,-11],[4,-53],[-68,-38],[-88,-74],[3,-27],[52,-35],[-34,-40],[12,-18],[69,13],[108,58],[-8,41],[62,-28],[24,-85],[49,-38],[2,-57],[38,-18],[-5,-70],[-97,-123],[-88,-34],[-166,-13],[-33,17],[-42,-14],[13,-22],[-109,-67],[-26,0],[6,-39],[71,-28],[15,-30],[-7,-80],[-39,-146],[-7,-85],[20,-84],[44,-77],[-2,-77],[-17,-61],[156,-118],[-5,-7],[-157,118],[-34,-25],[-130,-23],[-85,9],[-66,-48],[58,-3],[12,-86],[-19,-1],[6,-126],[52,92],[93,-43],[20,30],[137,-63],[58,108],[8,-5],[-98,-190],[39,-102],[-17,-81],[-37,-98],[-4,-92],[-22,-57],[-118,-161],[28,-16],[-48,-87],[33,-35],[-222,-212],[-51,26],[-3,-40],[-61,-33],[-26,-156],[133,-244],[25,6],[52,138],[8,-3],[-51,-138],[35,-17],[128,-122],[98,40],[30,2],[181,-41],[55,-28],[29,4],[94,62],[121,-21],[95,-38],[47,30],[-22,74],[63,21],[87,-28],[75,65],[8,51],[37,23],[-16,103],[-46,5],[-76,73],[-30,-22],[-66,67],[8,37],[-79,-66],[-6,7],[93,79],[-9,91],[64,84],[49,19],[100,126],[-7,133],[11,109],[22,88],[22,20],[39,-46],[42,7],[12,88],[48,84],[47,20],[-12,50],[89,87],[45,125],[15,21],[45,-47],[62,-22],[91,-5],[25,-27],[47,23],[31,123],[26,11],[42,64],[11,64],[37,62],[10,162],[-131,149],[-29,-19],[-59,48],[19,24],[-38,25],[-8,152],[-30,50],[-9,132],[-186,146],[-91,86],[-37,84],[0,28],[-50,77],[94,120],[-34,13],[-72,-28],[-83,5],[-37,-12],[-138,126],[-9,35],[46,35],[56,14],[-50,31],[11,49],[36,39],[-17,37],[13,40],[88,17],[116,-82],[-1,-94],[19,-26],[84,-17],[50,43],[46,-7],[51,-38],[29,24],[66,-67],[77,-143],[-6,-53],[15,-58],[-12,-29],[29,-44],[62,-19],[45,31],[49,-22],[44,17],[50,-7],[32,16],[119,2],[17,8],[160,21],[216,-6],[47,-37],[115,93],[-117,-105],[39,-45],[22,17],[41,-48],[-63,-80],[35,-25],[50,40],[218,-20],[27,-62],[-5,-110],[43,-95],[57,-13],[54,39],[-35,43],[-4,36],[-38,95],[-34,14],[103,117],[-49,40],[-2,42],[23,33],[-59,-4],[-56,84],[-30,95],[-124,-7],[0,9],[128,2],[27,13],[77,-24],[25,-27],[49,-122],[20,-14],[65,25],[12,38],[62,-11],[-1,-21],[72,23],[109,11],[30,-6],[79,20],[110,-18],[32,13],[34,79],[14,82],[124,88],[76,81],[76,144],[33,35],[70,27],[93,6],[57,16],[38,35],[5,41],[-76,63],[-70,138],[-36,141],[-23,26],[-3,62],[29,92],[4,51],[42,52],[-2,52],[-36,73],[-17,-4],[-45,46],[-4,55],[-26,53],[-73,37],[-35,-28],[-185,-53],[-49,-22],[-39,-155],[-125,-21],[-2,44],[-65,68],[10,105],[-18,115],[21,78],[-49,73],[-65,5],[-68,-32],[-58,-7],[-107,114],[-114,0],[5,-169],[-9,-31],[218,-11],[-262,8],[-234,-69],[-87,-11],[-150,-64],[-33,42],[-47,24],[-145,-6],[-40,32],[-30,68],[14,47],[-47,19],[-42,-76],[-1,-35],[-87,-125],[-96,22],[-97,-17],[-103,47],[-56,73],[-91,58],[-38,-58],[15,-63],[-13,-53],[-104,-73],[-90,0],[-31,45],[-61,22],[-37,-64],[-60,-35],[5,-49],[-26,-19],[-107,9],[-48,18],[12,52],[76,79],[17,75],[-60,5],[-50,-78],[-45,-4],[-26,-47],[-65,-30],[-23,-27],[-57,-12],[-94,62],[-29,40],[52,120],[-21,18],[-99,-16],[-93,12],[-19,49],[-12,94],[16,63],[-40,25],[-43,-6],[-53,70],[-53,7],[-29,29],[52,59],[70,19],[30,-12],[99,33],[17,18],[63,8],[126,-8],[61,38],[225,-13],[63,-20],[176,16],[46,25],[-2,58],[15,69],[23,12],[-99,42],[24,67],[-18,33],[-68,-28],[-37,27],[44,29],[-4,34],[61,19],[32,-106],[31,-28],[52,-92],[49,39],[21,72],[-40,49],[-31,112],[1,40],[-44,123],[-58,38],[-92,33],[-91,9],[-81,-15],[-72,2],[-68,56],[-104,40],[-91,109],[-33,63],[-72,46],[-73,29],[-70,1],[-66,-14],[-40,38],[-8,37],[34,44],[106,17],[94,68],[49,66],[73,59],[81,105],[41,18],[89,-21],[24,10],[15,55],[-44,74],[96,72],[28,8],[-48,116],[-65,91],[57,20],[36,48],[42,-3],[46,42],[95,-47],[9,-31],[57,-10],[20,-29],[50,-10],[60,-33],[92,40],[55,-39],[69,-11],[81,-103],[-12,-119],[-41,-80],[24,-81],[-53,-20],[-186,-97],[-21,-32],[42,-24],[139,23],[35,-56],[25,14],[-20,33],[32,5],[88,91],[116,24],[12,58],[49,24],[34,-4],[23,-38],[22,-96],[39,-23],[10,-67],[53,-21],[94,-1],[60,19],[80,71],[57,108],[57,131],[68,62],[4,18],[105,95],[95,145],[-3,41],[35,35],[52,11],[96,90],[97,36],[157,74],[106,86],[42,15],[81,-1],[79,-18],[77,18],[198,-11],[36,6],[118,-32],[152,-8],[71,-14],[51,-32],[74,-18],[71,43],[24,-5],[17,65],[58,71],[37,6],[52,-31],[58,42],[78,20],[1,-20],[53,-12],[20,-38],[-19,-68],[12,-107],[24,-87],[-5,-172],[40,-52],[78,-36],[-15,-60],[-37,-36],[27,-32],[59,-34],[46,-75],[-18,-46],[49,-55],[-11,-82],[63,-49],[125,-13],[11,-48],[32,-37],[-52,-102],[-29,-17],[35,-48],[-8,-30],[39,-18],[-8,-30],[-134,-36],[-31,-28],[-61,-11],[-98,-54],[-26,-36],[-9,-82],[9,-55],[43,-101],[100,-86],[96,-42],[22,17],[39,-36],[3,-154],[58,-5],[53,24],[121,5],[19,-83],[-14,-49],[12,-52],[25,-22],[41,25],[41,-18],[32,-67],[-3,-53],[186,-164],[-11,-1],[-178,156],[-13,-13],[-147,-21],[-31,-33],[27,-102],[-51,-37],[-96,63],[-33,-23],[-109,119],[-210,46],[-51,-30],[61,-89],[-91,74],[-146,-97],[-33,-40],[39,-23],[3,-42],[41,-54],[237,-79],[9,-49],[26,21],[49,-1],[61,-34],[-1,-24],[68,-11],[-10,-80],[-76,-118],[-43,-15],[-5,-73],[57,-2],[97,75],[48,14],[142,-136],[66,64],[-140,136],[4,4],[146,-140],[-104,-100],[32,-28],[-32,-62],[-136,-38],[-4,-39],[52,-29],[-9,-68],[24,-16],[84,55],[111,-43],[20,14],[2,50],[34,23],[43,-19],[27,-71],[31,-34],[-19,-77],[21,-55],[14,25],[46,-8],[-29,-114],[-57,-53],[-29,-7],[-11,-86],[32,-87],[-62,-111],[-93,-25],[-21,-42],[-47,-16],[-44,-39],[-168,-100],[4,-50],[-12,-162],[-21,-112],[-47,32],[-44,-100],[7,-56],[63,-94],[-85,-55],[-48,-16],[-45,-40],[-41,-2],[-45,-36],[-119,-20],[-19,-19],[-77,-13],[-55,-38],[-28,-47],[-5,-218],[43,-12],[44,91],[118,65],[3,-12],[86,12],[25,-8],[95,43],[-27,54],[36,16],[177,-7],[29,-23],[53,-185],[-17,-100],[55,-131],[1,-54],[113,-88],[227,-57],[-2,-7],[-122,30],[-32,-116],[-12,3],[29,106],[-97,25],[-51,40],[-69,-79],[-48,38],[-35,-35],[-1,-32],[252,-230],[166,50],[-4,-90],[150,-52],[70,-73],[35,-5],[1,-78],[32,-29],[-24,-13],[87,-131],[84,-55],[66,-96],[11,-90],[61,-79],[117,-32],[61,-4],[85,31],[46,30],[33,43],[79,-36],[3,-32],[-32,-79],[-33,-26],[-12,-47],[44,-20],[-18,-39],[-69,18],[-118,-20],[-113,-55],[-44,-101],[-46,-37],[-51,-84],[-36,-20],[-86,-1],[-110,42],[-128,59],[-157,16],[-139,-11],[-31,-42],[-11,-47],[-86,-77],[-140,2],[-79,-11],[-61,-30],[-52,-57],[-52,-35],[-32,-59],[-138,-64],[-90,-76],[-9,-39],[-41,-49],[-55,-26],[-67,-58],[-115,18],[-140,64],[-99,-12],[-66,-67],[17,-18],[-6,-61],[-27,-30],[-94,-52],[-71,6],[-172,-83],[-34,-36],[-22,-68],[-32,-213],[4,-34],[28,-10],[-9,-149],[39,-62],[14,-69],[-15,-82],[27,-48],[21,-75],[25,-19],[1,-41],[29,-51],[-20,-104],[-27,-33],[-18,-59],[3,-52],[-53,-25],[-67,-64],[-4,-22],[-80,-42],[-33,-37],[-22,-82],[-60,-86],[-157,-128],[-75,-2],[60,-108],[37,-50],[114,-181],[44,-43],[77,-136],[68,-86],[10,-78],[-33,-8],[-18,-37],[-137,11],[-72,25],[-109,22],[-134,73],[-151,56],[-90,17],[-204,109],[-58,-3],[-140,-35],[-40,-45],[-27,-170],[-14,-42],[-39,-43],[-48,-18],[13,31],[35,2],[36,47],[8,39],[-78,50],[-61,19],[-119,-3],[-386,-77],[-45,-2],[-173,-66],[-78,-38],[-82,10],[-74,-28],[-36,-33],[-16,-44],[-10,-110],[-18,-56],[-85,-86],[-56,-75],[-49,-41],[-269,-116],[78,39],[-46,98],[29,27],[-29,166],[42,36],[-26,18],[-46,96],[-68,35],[-265,9],[1,35],[-66,62],[-70,89],[-35,27],[-65,5],[-36,-13],[-167,-146],[0,-54],[30,24],[5,-39],[93,-156],[26,-83],[-6,-18],[70,-137],[51,-168],[-4,-35],[-47,-160],[35,-12],[-10,-67],[100,-12],[56,-22],[82,-56],[90,-79],[78,-22],[117,-62],[-2,-23],[84,-85],[61,-14],[84,-42],[74,-111],[3,-72],[57,-190],[25,-106],[60,-177],[91,-130],[85,-69],[139,-29],[122,-47],[142,-17],[138,-48],[23,17],[-29,43],[14,28],[78,40],[49,4],[43,-42],[5,-73],[-7,-108],[28,-83],[-4,-79],[-25,-95],[-24,-18],[-120,-170],[-64,-101],[4,-31],[39,-36],[-8,-29],[-49,-13],[-37,-36],[-42,-98],[-42,-43],[-116,-49],[-45,-44],[-55,-107],[-5,-37],[65,-119],[-4,-58],[-68,-18],[-24,34],[27,46],[-41,63],[-63,8],[-41,-26],[-114,-18],[-105,-162],[-26,-8],[-104,41],[-62,12],[-158,13],[-129,112],[-67,44],[-67,22],[-79,2],[-150,-42],[-222,-75],[-115,-48],[-49,-35],[-188,-190],[-74,19],[-47,-33],[-90,-19],[105,41],[-52,68],[26,20],[-36,44],[-60,30],[-81,-44],[-41,22],[-54,115],[-9,-17],[-101,-3],[-121,-60],[-9,-53],[41,-41],[2,-80],[-78,22],[-107,-22],[-47,52],[-26,-34],[-36,-90],[20,-94],[-17,-27],[-49,-3],[-56,39],[-78,-32],[-98,33],[-60,4],[-46,33],[-53,-19],[75,-93],[3,-53],[27,14],[37,-46],[-7,-20],[70,-6],[96,22],[142,8],[100,-54],[26,-25],[-3,-96],[-20,-69],[20,-162],[51,-87],[-8,-118],[30,-152],[13,-27],[181,-144],[-11,-53],[49,-40],[66,16],[153,-99],[46,-10],[105,24],[59,-9],[60,-38],[40,-58],[-6,-41],[-78,-116],[-188,-173],[-55,-11],[-237,-5],[-23,-6],[-140,-114],[-56,-90],[-82,-48],[-94,-16],[-120,19],[-110,48],[-167,40],[-89,-24],[-140,-105],[-62,-55],[-131,-204],[-122,-45],[-93,-77],[-52,-11],[-77,43],[-47,41],[-66,-54],[34,-27],[8,-88],[-28,-19],[-96,11],[-36,18],[-18,115],[56,-12],[75,4],[67,55],[-41,39],[-3,51],[-33,35],[-93,170],[-1,40],[38,88],[71,75],[55,114],[-3,73],[-34,50],[19,120],[-36,89],[-59,77],[34,-126],[-47,-92],[-61,-20],[-204,-32],[-15,-17],[-188,-15],[-105,-44],[-56,-45],[-96,3],[-99,-8],[-56,34],[-16,41],[-170,28],[-102,6],[-224,-32],[-89,-5],[-239,49],[-70,-11],[15,-53],[-25,-25],[-84,7],[84,-93],[13,-50],[90,15],[85,74],[73,23],[61,-34],[98,6],[42,48],[96,25],[74,-15],[60,-44],[39,21],[42,-22],[71,-102],[47,-37],[68,25],[67,-7],[117,61],[135,6],[34,-60],[-55,-70],[-122,-83],[-30,-64],[-78,-52],[-58,-60],[-2,-44],[48,11],[-9,-55],[43,-47],[-14,-45],[72,-197],[81,-39],[98,-87],[49,-125],[60,-109],[24,9],[66,-68],[-24,-18],[-18,-67],[49,-11],[4,31],[73,20],[93,86],[-38,72],[-26,13],[-63,117],[9,5],[61,-115],[27,-12],[39,-78],[72,15],[86,40],[59,-6],[74,-36],[69,0],[131,-56],[155,-36],[40,-2],[25,-44],[-43,-54],[8,-32],[-19,-95],[-47,-5],[-75,-30],[-42,-93],[68,-40],[93,42],[61,3],[28,50],[-48,88],[24,66],[111,-131],[32,-57],[134,-154],[85,-111],[47,-75],[44,-41],[48,-20],[104,4],[30,-11],[131,-106],[41,-54],[9,-86],[-19,-103],[30,-56],[-12,-34],[-95,-54],[-135,-138],[-72,-116],[-35,-40],[-7,-117],[61,-204],[4,-145],[-9,-57],[-53,-139],[-3,-164],[-38,-148],[-79,-56],[-86,-31],[-57,-58],[-9,39],[-82,-22],[-83,-55],[-88,-102],[-42,-108],[-14,-86],[-85,-87],[19,-16],[-74,-109],[-28,4],[-7,-67],[-25,-56],[-99,-86],[-16,-33],[-55,-33],[-29,8],[44,46],[-73,22],[-37,-14],[-113,11],[-117,-19],[-205,-83],[-43,-45],[-40,-7],[-57,-53],[-33,-57],[-2,-55],[-42,-50],[-12,-44],[-32,-30],[12,-31],[-9,-72],[-93,-135],[-6,-41],[59,-78],[18,-74],[34,-37],[-63,-56],[-3,-64],[-25,-46],[-10,-78],[10,-19],[-54,-147],[-37,-23],[12,-50],[-66,-120],[-78,-58],[0,-25],[-91,-136],[-62,-43],[-28,-46],[-49,-38],[-66,-110],[-60,-19],[-6,-32],[28,-37],[-10,-36],[-56,-80],[-136,-147],[-44,-1],[17,-23],[-72,-44],[2,36],[-60,4],[-107,-26],[-85,-113],[-31,-151],[28,-71],[-5,-33],[-59,-67],[-58,-24],[-61,-51],[-8,-28],[-47,-35],[-18,7],[-77,-27],[-96,-15],[-56,-41],[-20,-127],[-21,-64],[11,-41],[0,-83],[21,-68],[-41,-46],[-128,-60],[33,-69],[-45,-4],[-6,-73],[-127,-92],[-50,-45],[-59,-89],[-36,-130],[25,-40],[-8,-73],[-22,-52],[21,-60],[-87,-31],[-52,-46],[-27,-46],[-14,-172],[-14,-58],[-50,-65],[-54,-138],[-110,-96],[-53,-62],[-33,-57],[-13,-56],[-45,-80],[-41,-49],[-132,-26],[-55,-18],[-58,52],[-95,12],[-93,-38],[-55,-5],[-66,33],[-6,50],[-46,39],[-92,27],[-77,11],[-101,-7],[-81,-23],[-135,-1],[-96,-44],[-96,-71],[-66,-68],[-27,-94],[-32,-7],[-34,-111],[196,-125],[-15,-13],[-64,38],[-9,22],[-86,55],[-39,-5],[-40,-206],[92,-44],[40,47],[27,-18],[-9,-40],[122,-81],[54,70],[42,85],[11,64],[32,51],[-31,-119],[-39,-90],[-100,-118],[43,-29],[-33,-107],[22,-22],[-53,-121],[-35,2],[-33,-46],[-54,-20],[-71,48],[13,100],[-28,8],[9,52],[-52,45],[-102,5],[-101,-27],[-73,-32],[-69,-47],[-66,-85],[7,-76],[-10,-55],[-169,-80],[-63,-53],[-80,-124],[-3,-96],[13,-82],[0,-145],[-16,-79],[-72,-221],[-36,-35],[-44,-87],[-46,-49],[-80,-106],[-193,-186],[-188,-148],[-81,-49],[-64,-62],[-132,-56],[-106,-53],[-31,-35],[-69,-142],[-43,-45],[-98,-47],[-129,-46],[-83,-39],[-184,-118],[-76,-35],[-160,-39],[-121,-4],[-59,-26],[-6,-38],[-21,30],[-130,12],[-68,-6],[-92,-25],[-71,-38],[-41,-47],[-113,-153],[-37,-65],[-98,-117],[-86,-81],[-113,-86],[-70,-38],[-180,-59],[-65,-38],[-86,-20],[-116,-4],[-225,-22],[-131,-38],[-124,-47],[-133,-2],[-103,-24],[-30,-18],[-78,3],[-113,-27],[-145,-49],[-58,-38],[-119,-130],[-33,-25],[-3,-31],[-34,-10],[-134,-90],[-82,-29],[-167,-116],[-4,-34],[-80,-58],[-110,-172],[-88,-55],[-116,-37],[-84,-51],[-124,-48],[-50,-53],[-66,-16],[-39,24],[-105,-46],[-110,-19],[-34,-42],[-54,-7],[-42,21],[-110,-68],[-76,-25],[-100,-3],[-64,14],[-50,-44],[-14,-38],[-89,6],[-65,-31],[-120,-17],[-49,-20],[-102,1],[-64,-13],[-91,15],[-73,-28],[-10,-79],[-40,42],[-178,-6],[-69,-50],[-114,-67],[-65,-13],[75,-52],[-65,-10],[-81,38],[-75,-33],[-3,-50],[-61,-26],[-80,68]],[[175614,177581],[-87,-11],[-187,-39],[-100,-41],[-157,-146],[-143,-106],[-101,-61],[-125,-60],[-108,-38],[-41,12],[-81,102],[-19,8],[-50,-38],[-76,-35],[-31,-48],[-9,-45],[29,-17],[-79,-124],[-36,-38],[-63,-21],[2,-54],[-54,-16],[-117,-240],[-27,-17],[-20,-79],[13,-42],[-25,-38],[-29,1],[-17,-45],[-56,-32],[-8,-34],[-115,-39],[-26,-43],[-41,-29],[-25,62],[-63,12],[-57,-23],[-190,24],[-60,29],[-87,7],[-35,40],[-53,8],[-79,78],[-57,25],[-47,52],[-62,26],[22,25],[-15,57],[-27,33],[-51,8],[20,51],[-54,123],[18,53],[7,83],[57,89],[-31,85],[-47,6],[-66,29],[-56,-5],[-94,-54],[-88,-38],[3,-33],[91,-26],[25,-71],[-67,5],[-54,31],[-27,-129],[26,-43],[-52,-24],[-13,-49],[-37,-23],[10,-51],[-68,-45],[-64,0],[-121,21],[-56,24],[-48,-12],[-94,93],[-37,11],[-52,61],[-23,3],[9,54],[-26,104],[18,53],[-42,98],[74,51],[22,49],[39,37],[37,-2],[21,37],[54,32],[-32,89],[-70,10],[-57,27],[-98,30],[-38,-8],[-42,26],[-104,17],[-63,29],[-42,49],[-121,104],[-94,132],[-39,34],[-69,119],[-105,89],[-52,121],[5,88],[37,87],[-2,37],[-53,63],[-162,11],[-194,57],[-43,49],[-12,49],[-182,151],[-100,134],[-22,47],[-27,221],[18,106],[-30,73],[34,98],[-6,164],[-57,117],[19,74],[60,49],[60,125],[56,58],[48,23],[55,-6],[36,-37],[102,-20],[38,11],[134,-76],[118,-118],[230,9],[66,-16],[-10,-27],[40,-21],[61,1],[125,45],[66,-36],[58,-15],[-18,-40],[22,-23],[177,-69],[46,101],[67,115],[3,50],[20,-3],[31,61],[-32,134],[-7,64],[-65,67],[-38,58],[-127,63],[-163,132],[-37,61],[-25,137],[-39,128],[4,160],[-9,99],[19,39],[32,3],[86,57],[21,89],[-37,133],[-55,80],[-17,77],[-12,115],[-16,50],[-2,86],[40,91],[135,160],[53,40],[45,95],[40,48],[18,83],[28,41],[7,77],[-17,131],[-3,90],[30,58],[4,155],[-11,78],[-30,62],[16,68],[33,53],[-33,16],[17,39],[46,-11],[35,68],[30,13],[9,44],[12,186],[-10,33],[7,100],[42,-4],[15,115],[-107,130],[-53,43],[-75,88],[-43,131],[8,3],[41,-126],[76,-90],[53,-43],[71,-90],[43,-34],[24,7],[30,64],[-30,11],[73,94],[-2,123],[-144,97],[-4,23],[-179,89],[-401,480],[5,3],[140,-169],[35,27],[-23,28],[15,168],[-118,42],[-28,31],[-68,122],[-70,24],[-43,41],[-71,21],[-64,3],[-16,54],[51,15],[93,65],[45,62],[0,127],[-24,30],[-39,3],[16,116],[-7,85],[65,130],[-30,95],[-129,81],[72,100],[66,-44],[13,-86],[128,-31],[66,-1],[11,-24],[75,-30],[52,-59],[71,-11],[57,19],[15,-12],[0,67],[21,61],[70,107],[-31,57],[31,24],[20,83],[54,78],[102,71],[103,47],[6,39],[67,13],[4,-53],[150,-185],[28,-53],[73,-63],[67,-35],[107,-33],[77,-10],[71,16],[149,72],[97,124],[59,-21],[-3,-17],[137,-61],[122,-11],[71,4],[32,28],[116,61],[168,164],[98,67],[74,107],[113,-17],[59,11],[74,-21],[61,33],[54,-5],[152,14],[84,18],[28,-7],[3,-99],[-96,-190],[-186,-199],[-38,-30],[-62,-78],[-123,-78],[-28,-36],[16,-32],[-175,-85],[-35,54],[-29,0],[-51,-60],[-29,-77],[27,-122],[36,-82],[45,-49],[101,-62],[37,-38],[19,-60],[-4,-57],[-55,-110],[-38,-197],[69,21],[72,69],[137,27],[-16,20],[48,39],[33,-21],[141,104],[-10,25],[29,55],[42,13],[78,119],[-84,55],[107,157],[42,-21],[96,29],[87,-22],[130,-48],[76,-43],[109,-24],[77,26],[58,-42],[-39,-70],[-2,-70],[47,-69],[73,-169],[30,-158],[139,-40],[66,-5],[-8,26],[30,108],[50,46],[58,31],[93,29],[81,6],[65,31],[18,185],[52,84],[75,24],[23,48],[82,52],[7,40],[60,-7],[17,-54],[55,-18],[48,9],[6,37],[43,60],[53,12],[22,-18],[24,-77],[98,-6],[59,128],[25,31],[25,82],[-9,31],[50,23],[42,47],[76,14],[9,32],[47,21],[59,1],[-24,-83],[-34,-49],[-76,-168],[-7,-64],[-29,-103],[-8,-72],[29,-78],[32,-42],[102,48],[22,30],[39,-1],[1,-27],[39,-52],[-73,-63],[12,-58],[-42,-36],[-15,-42],[8,-41],[53,-50],[43,9],[-2,-23],[117,-75],[42,-13],[45,-82],[-12,-103],[27,-41],[101,18],[58,-10],[87,-86],[72,-34],[47,-72],[15,-45],[141,-24],[-2,-9],[-126,22],[-106,-62],[-32,-53],[37,-9],[-13,-31],[302,-312],[72,-18],[40,70],[49,60],[3,64],[49,61],[75,15],[74,-9],[56,11],[36,-49],[87,-13],[84,-51],[109,-22],[89,-31]],[[178490,183894],[-24,-19],[-255,-160],[-18,-47],[39,-153],[-8,-120],[-27,-133],[34,-137],[50,-109],[120,-116],[21,-66],[-43,-36],[-159,-71],[-110,-101],[9,-45],[91,-35],[28,-24],[151,-171],[8,-51],[-18,-74],[-4,-110],[-78,-97],[-156,-52],[-75,-61],[-12,-50],[40,-149],[114,-143],[125,-135],[6,-87],[-43,-58]],[[155028,191126],[-64,-137],[4,-62],[-40,-75],[-72,-94],[-40,-105],[-37,-66],[-18,-66],[-31,-56],[0,45],[-89,-76],[-34,-55],[-10,-194],[41,-71],[176,-206],[132,-66],[160,-133],[78,-38],[86,12],[53,-20],[62,-94],[25,-117],[8,-182],[15,-148],[-48,-68],[-10,-112],[20,-169],[92,-174],[62,-77],[28,-65],[2,-88],[63,-130],[-1,-125],[-8,122],[-42,79],[-73,-27],[-56,-105],[-12,-57],[32,-3],[-56,-119],[33,-22],[-19,-29],[-29,15],[-74,-173],[58,-39],[2,-144],[-12,-27],[-39,36],[-62,25],[-43,-107],[164,-61],[-57,11],[-111,41],[-53,-130],[63,-27],[-27,-68],[51,-27],[-172,62],[-60,-133],[-20,11],[59,131],[-61,26],[-75,-168],[71,-28],[18,6],[-95,-211],[117,-46],[-86,-213],[136,-52],[-3,-8],[-216,80],[-24,-93],[8,-147],[-28,-58],[14,-35],[-39,-54],[-11,-143],[-19,-63],[4,-62],[43,-208],[51,-98],[-13,-122],[5,-90],[110,-113],[10,-53],[92,-118],[12,-140],[141,-137],[24,-92],[104,-177],[35,-103],[98,-126],[11,-44],[58,-41],[45,-9],[23,-34],[-54,-71],[-9,8],[-49,-74],[134,-419],[-82,-407],[44,-108],[-10,-3],[-44,111],[82,406],[-88,275],[-29,-10],[1,-46],[-201,-95],[86,-274],[-63,-19],[-10,-35],[45,-107],[104,-134],[-7,-6],[-106,137],[-46,107],[-101,294],[-100,-50],[-10,-24],[22,-64],[-32,-12],[-16,35],[-79,-38],[-39,3],[-5,-139],[7,-124],[89,21],[9,38],[58,-11],[110,43],[26,-71],[-171,-66],[86,-187],[69,-91],[-32,-39],[79,-50],[108,164],[9,-2],[-71,-105],[116,-73],[94,138],[8,-6],[-94,-138],[6,-3],[-101,-147],[-85,-16],[-218,-6],[14,-116],[-10,7],[-14,109],[-118,-12],[-183,-50],[23,-103],[102,10],[-110,-21],[-24,109],[-157,-95],[-102,-24],[-151,0],[-152,-38],[-204,-68],[-69,-43],[-160,-23],[-48,26],[32,-48],[-125,-74],[-395,-19],[-17,-16],[-79,-9],[-86,10],[-177,86],[-40,61],[11,69],[-19,40],[-76,94],[-41,21],[-147,26],[-69,35],[-145,133],[-58,38],[-12,46],[-62,25],[-139,30],[-11,17],[-68,15],[-79,79],[-72,38],[-70,15],[-110,-3],[-59,15],[-95,84],[-117,72],[-86,15],[-65,-35],[-127,-2],[-30,16],[14,121],[-65,93],[-49,30],[-1,78],[60,35],[-6,33],[31,31],[79,24],[28,-47],[62,-1],[34,59],[84,34],[-3,44],[25,-33],[63,73],[84,18],[8,22],[137,97],[8,-74],[39,-3],[51,136],[6,40],[-28,92],[34,54],[32,15],[26,61],[51,74],[11,57],[-33,52],[36,31],[11,39],[69,72],[39,108],[-23,21],[39,21],[4,41],[37,59],[40,37],[-11,67],[34,156],[23,40],[117,261],[25,167],[30,143],[31,66],[2,69],[-13,104],[13,39],[-18,47],[22,62],[69,31],[2,45],[25,55],[-8,64],[31,165],[26,64],[27,139],[29,92],[30,12],[40,115],[62,98],[32,92],[-6,35],[35,109],[21,118],[34,81],[16,84],[2,88],[-17,75],[-8,110],[6,68],[-12,92],[-30,96],[-22,230],[3,90],[-13,27],[-5,112],[21,75],[69,72],[31,75],[81,146],[39,52],[32,105],[98,99],[54,8],[39,68],[89,59],[32,55],[41,14],[72,88],[40,8],[94,54],[95,125],[120,230],[25,63],[26,145],[25,225],[25,90],[-3,96],[-15,67],[-4,82],[-68,147],[3,77],[15,38],[112,145],[62,152],[-23,114],[26,11],[33,90],[5,87],[-13,37],[11,59],[-26,94],[-38,67],[48,57],[-16,63],[-57,20],[-8,54],[-34,34],[28,26],[4,54],[-29,43],[22,41],[-6,43],[-78,106],[-9,40],[25,20],[-55,115],[-55,59],[9,100],[-12,62],[-55,119],[2,49],[94,89],[-5,91],[-41,-9],[-49,24],[-1,43],[27,47],[52,-1],[47,-49],[44,36],[67,-32],[13,16],[-62,89],[59,15],[-44,26],[2,45],[133,7],[65,-55],[31,61],[-18,11],[-12,85],[44,10],[45,41],[11,80],[32,23],[33,-9],[59,22],[-20,52],[-27,7],[-7,55],[33,32],[92,0],[-21,-50],[36,-5],[28,60],[11,72],[152,-76],[30,22],[113,133],[19,151],[-4,64],[20,50],[46,23],[46,-9],[66,31],[23,57],[34,21],[27,-34],[88,-42],[95,34],[7,24],[-33,126],[66,96],[53,31],[74,-9],[-1,-72],[-50,-62],[-1,-74],[14,-43],[2,-101],[-26,-201],[11,-76],[32,-13],[35,-54],[-37,-9],[-155,21],[-69,-18],[-7,-69],[76,-65],[-5,-57],[-38,-59],[-14,-75],[32,-95],[30,-39],[115,-76],[131,-43],[132,-76],[41,-34],[28,-83],[-3,-31],[-62,-25],[-60,-49],[-47,-13],[-107,45],[-67,-19],[-16,-43],[38,-82],[-5,-66],[-27,-53],[-81,-21],[-59,-44],[-72,-11],[-39,-27],[-31,-49],[-104,-72],[-52,-11],[-63,-34],[22,-256],[-16,30],[-17,200],[-81,3],[-48,-28],[39,-65],[32,-110],[-31,-68],[7,-37],[-37,-45],[-7,-74],[-46,-34],[-7,-42],[78,-186],[-46,89],[-76,-30],[35,-78],[-26,-22],[30,-28],[30,-68],[13,-61],[54,-48],[60,-27],[119,28],[103,63],[55,58],[62,-19],[67,5],[71,-48],[-45,-197],[-68,-170],[-79,-156]],[[162928,198496],[-108,-42],[-7,81],[-183,-70],[-61,66],[17,100],[83,33],[75,-23],[38,9],[8,103],[-66,50],[14,40],[73,2],[122,107],[-12,75],[59,58],[97,32],[108,89],[26,97],[86,132],[-16,63],[63,82],[-19,24],[21,45],[32,-18],[72,16],[68,-5],[134,24],[94,-1],[29,-15],[5,-43],[30,-10],[71,8],[92,80],[-9,31],[49,68],[48,-12],[13,50],[-17,22],[13,156],[58,67],[45,31],[32,44],[162,106],[77,58],[54,64],[54,27],[125,129],[56,48],[-12,44],[41,46],[3,35],[72,11],[42,23],[49,1],[81,45],[57,114],[78,78],[92,127],[124,127],[12,42],[65,41],[62,54],[48,22],[62,105],[-38,2],[-41,39],[-1,33],[80,30],[68,-12],[134,7],[83,60],[3,46],[47,12],[28,-14],[64,32],[63,66],[12,96],[74,103],[-7,167],[20,62],[63,51],[98,54],[0,47],[57,-4],[-3,68],[18,-51],[46,-22],[135,52],[139,113],[-16,71],[61,62],[-18,37],[23,52],[66,30],[10,-89],[76,-21],[66,-65],[57,7],[170,84],[173,78],[42,30],[96,42],[112,18],[161,62],[116,13],[27,-5],[106,56],[28,37],[74,37],[74,53],[29,71],[43,2],[79,44],[92,89],[54,26],[-76,76],[17,44],[73,-16],[28,-32],[39,66],[28,-20],[12,-43],[67,-57],[35,18],[81,135],[136,18],[83,-22],[34,29],[-51,34],[-7,27],[60,34],[52,-7],[28,-58],[42,-18],[84,-5],[71,18],[40,27],[43,54],[33,71],[49,15],[30,-25],[4,-42],[-38,-158],[-118,-116],[10,-103],[-3,-74],[22,-73],[-24,-183],[60,-82],[11,-50],[-35,-60],[-15,-56],[-83,-137],[-80,-93],[-3,-171],[-30,-68],[15,-108],[45,-85],[62,-65],[84,22],[61,-15],[11,-113],[-112,-111],[52,-72],[-21,-87],[-8,-140],[-10,-1],[8,142],[20,84],[-64,87],[-29,-25],[16,-26],[-109,-168],[-23,-52],[100,-39],[-103,30],[-55,-177],[130,-40],[-2,-9],[-109,32],[-18,-108],[70,-19],[-5,-21],[-68,17],[-42,-151],[123,-32],[24,98],[82,193],[9,-4],[-82,-192],[-60,-226],[77,-37],[225,-28],[33,26],[83,-5],[98,-95],[42,6],[132,-49],[73,24],[102,-37],[11,-13],[124,79],[-32,100],[-13,87],[55,19],[80,-7],[121,58],[79,23],[18,25],[91,52],[43,10],[115,78],[11,69],[-28,21],[-105,1],[-96,34],[-63,235],[34,41],[185,22],[106,-1],[65,79],[28,51],[7,97],[-132,134],[-3,88],[-19,60],[-61,90],[-68,14],[-75,51],[-70,16],[-51,30],[-26,69],[91,45],[19,40],[116,13],[89,-23],[70,-45],[42,-64],[34,-96],[82,-23],[48,-31],[7,-114],[53,-17],[29,32],[76,-49],[-8,-49],[47,-15],[72,-70],[2,78],[67,1],[-13,56],[53,30],[71,-68],[10,-128],[69,-13],[33,-45],[105,-20],[41,50],[59,23],[43,0],[41,-56],[27,35],[31,-36],[11,19],[99,-51],[48,111],[80,-13],[62,33],[88,-7],[31,-44],[57,-29],[65,-14],[18,15],[67,2],[65,-42],[72,-77],[-5,-102],[-34,-40],[-80,-33],[-19,17],[-80,13],[-51,-30],[-35,21],[-79,-18],[-11,-94],[-15,-22],[12,-111],[-37,-117],[-80,-111],[17,-38],[-29,-40],[-21,-109],[30,-59],[-56,-59],[-52,-2],[-83,-31],[-81,25],[-148,-42],[-33,-43],[-10,-114],[69,-54],[3,-33],[-34,-119],[-29,-75],[-25,-101],[-8,-82],[58,-83],[15,3],[32,-115],[2,-73],[-50,-54],[-201,-4],[-44,34],[-68,-10],[-131,-98],[-323,-188],[-86,-67],[-65,-94],[-56,-34],[-133,11],[-87,-45],[-76,-119],[1,-101],[-40,4],[-49,-46],[3,-82],[-21,-25],[-33,15],[-25,-122],[-76,-7],[-9,-87],[-25,-27],[-114,-20],[-62,5],[-134,-8],[-72,13],[-25,27],[-23,79],[-83,-17],[-69,40],[13,63],[30,0],[51,65],[1,69],[-37,117],[-53,63],[-1,71],[24,34],[-50,20],[-21,-27],[9,-134],[16,-35],[2,-81],[-17,-46],[-167,-92],[-147,20],[-22,-38],[34,-100],[-2,-100],[-42,-106],[9,-2],[-2,-181],[-26,-34],[-62,-11],[0,-70],[31,-9],[30,-73],[-197,-29],[-45,20],[-82,11],[-94,49],[2,38],[-93,7],[-82,32],[20,67],[-95,51],[-59,13],[-50,-8],[-70,35],[-192,61],[-119,9],[-58,48],[-84,-10],[-31,55],[5,58],[68,48],[9,69],[36,26],[91,-9],[0,70],[-42,28],[-14,35],[5,68],[-85,45],[-163,-74],[-9,-26],[16,-75],[-39,-90],[-47,-33],[-85,-5],[-49,45],[14,160],[-73,16],[-26,-53],[-32,-123],[-50,-55],[-40,-12],[-96,6],[-47,29],[73,88],[-29,93],[10,42],[-37,3],[-67,-125],[-65,-14],[-78,6],[-51,18],[-11,42],[-44,21],[-51,105],[35,78],[50,21],[-10,19],[54,124],[-12,34],[-70,45],[-55,56],[-51,2],[-53,29],[-16,31],[49,48],[-160,123],[-12,-15],[-40,34],[-74,186],[-32,-3],[-245,-141],[-110,35],[3,8],[106,-33],[160,92],[-92,146],[71,53],[-79,80],[26,26],[-16,28],[110,-6],[30,42],[-3,28],[-52,50],[-61,117],[-46,-8],[-16,70],[-21,2],[-60,-162],[35,-10],[-18,-66],[-24,-12],[-47,20],[-202,-112],[-29,-109],[-54,-46],[-88,-53],[-86,-14],[-82,10],[-217,73],[-85,90],[-21,-7],[-37,107],[-148,-91],[42,-115],[18,8],[26,-63],[7,-146],[-8,-34],[-106,-99],[-60,-21],[-116,50],[-235,25],[-3,24],[-103,5],[-75,-21],[-22,-83],[22,-54],[14,-92],[232,-218],[111,-79],[93,-80],[149,-109],[61,-17],[11,-38],[-25,-45],[0,-68],[27,-129],[39,-66],[125,-80],[83,-15],[41,25],[9,64],[49,0],[-2,-41],[-56,-86],[-70,-20],[-117,71],[-74,30],[-76,-42],[-24,-48],[-24,22],[-214,53],[-126,6],[-61,18],[-54,39],[-142,-23],[-136,40],[-131,24],[-52,37],[-74,83],[-30,50],[-54,26],[-69,11],[-17,-31],[-40,12],[-55,-28],[-46,-83],[-56,-65],[-78,-71],[-160,-116],[-106,-33],[-55,6],[-235,71],[-94,9],[-69,-58]],[[163676,192257],[-85,81],[-28,58],[-16,73],[-16,184],[19,130],[19,38],[16,94],[64,144],[44,124],[24,93],[-6,96],[18,161],[35,113],[38,36],[83,38],[91,65],[71,19],[281,158],[50,41],[132,53],[107,31],[199,84],[78,38],[158,38],[246,51],[94,15],[73,22],[74,46],[71,96],[86,66],[27,41],[73,45],[9,64],[-10,37],[9,119],[17,12],[73,154],[57,63],[3,81],[21,43],[95,109],[37,219],[18,86],[4,170],[20,47],[-31,86],[8,84],[36,37],[113,74],[89,11],[100,57],[70,19],[66,-79],[-3,-74],[-45,-97],[-54,-35],[-62,-58],[-13,-96],[5,-37],[51,-48],[88,12],[23,-14],[77,-114],[31,-67],[74,-85],[45,-25],[111,-84],[72,-40],[112,-43],[72,-42],[116,-50],[133,-38],[23,-18],[98,-5],[42,-17],[107,-77],[17,-46],[36,-24],[40,1],[74,-59],[26,-59],[30,-19],[63,7],[54,-28],[-32,-49],[29,-119],[190,-46],[-59,-62],[25,-107],[-8,-26],[-118,-17],[-10,36],[25,82],[-31,62],[-77,23],[-64,-10],[-44,17],[-52,-30],[-58,3],[-68,-22],[-33,15],[-32,44],[-46,-2],[-62,31],[-41,-87],[-101,-13],[-3,10],[98,11],[17,83],[-147,-10],[2,26],[-40,8],[-33,-29],[-5,-43],[-76,-9],[-39,-62],[-7,-39],[88,-105],[-7,-7],[-88,106],[-49,-28],[-18,12],[-76,-80],[-136,-49],[-14,-17],[-3,-88],[83,0],[60,18],[85,81],[146,-46],[63,-33],[94,89],[6,-7],[-93,-89],[45,-36],[57,-130],[-1,-30],[-37,-13],[-36,-85],[-32,-17],[-81,-4],[-175,43],[-23,92],[-36,51],[-225,0],[-25,-207],[60,-65],[-7,-41],[-40,-17],[-179,-20],[-44,8],[-58,40],[-40,61],[-53,-1],[-110,-61],[-4,8],[159,80],[-65,68],[-9,-30],[-76,-19],[-17,-23],[-80,-25],[38,-100],[-7,-7],[-40,104],[-104,-32],[-16,27],[-37,-19],[-128,-94],[-31,0],[-157,-125],[-299,-40],[4,-36],[-65,-25],[-2,24],[-92,-38],[102,-50],[-1,-10],[-109,53],[-145,-149],[-87,-32],[-76,-71],[-145,-44],[28,-91],[-38,81],[-100,-23],[1,-28],[-54,-4],[-4,30],[-59,-8],[-42,-74],[31,-56],[-1,-169],[-25,-9],[0,-148],[-35,-8],[11,-53],[72,-99],[20,-47],[-25,-45],[-41,-2],[-201,-52],[-111,-38],[-94,-75],[-96,-34],[-164,-14],[-63,24],[-89,67]],[[169766,216510],[14,-45],[-41,-48],[-71,-32],[-84,-23],[-80,-51],[-70,-23],[-86,-42],[-7,-18],[-62,-6],[-48,-25],[-114,-32],[-27,-26],[-32,34],[-17,67],[-76,18],[-87,79],[45,62],[65,42],[-23,39],[97,55],[11,23],[40,-74],[20,-12],[65,37],[-14,32],[29,41],[120,-7],[35,36],[-21,55],[27,31],[-57,59],[57,11],[25,27],[-23,45],[-3,83],[-22,53],[10,71],[73,17],[59,-43],[47,-73],[35,-10],[143,10],[73,-32],[-2,-46],[21,-35],[7,-66],[-32,-29],[-75,-136],[56,-93]],[[143982,159979],[-80,28],[-23,41],[-80,31],[-26,-22],[-21,-79],[3,-54],[-30,-19],[-88,22],[-35,56],[13,62],[26,50],[-23,64],[38,42],[52,2],[34,-20],[24,84],[-13,56],[35,60],[-21,152],[-53,104],[5,45],[-48,60],[22,25],[89,-28],[42,7],[44,-32],[67,12],[79,41],[50,41],[58,71],[-4,20],[141,-19],[63,-75],[74,-42],[26,-52],[66,-38],[4,-91],[-82,-12],[-18,-86],[0,59],[-29,-19],[11,41],[-72,14],[-5,20],[-76,-37],[-25,-43],[4,-33],[87,27],[-53,-31],[1,-69],[55,-6],[47,28],[66,9],[2,-16],[-67,-9],[-38,-27],[-99,5],[-133,-23],[-58,-39],[-8,-57],[35,-80],[-29,-64],[17,-149],[-43,-8]],[[144405,160079],[-1,36],[48,19],[92,88],[253,70],[34,-11],[-36,-113],[4,-58],[31,-68],[21,-11],[95,-164],[81,-21],[82,-3],[112,29],[9,-140],[-25,-66],[-18,-110],[25,-107],[-32,-89],[-18,-86],[-40,-32],[-35,29],[-12,117],[-144,189],[-7,73],[-135,40],[-112,87],[-81,13],[-40,37],[-24,73],[-41,56],[-15,81],[-71,42]],[[144369,168892],[-97,-68],[-57,-28],[-66,-10],[-20,-38],[-73,-78],[-66,-6],[-90,14],[-45,-5],[-52,17],[-14,79],[-44,44],[15,32],[37,-4],[26,-29],[112,78],[-12,57],[54,13],[46,-25],[-9,76],[12,49],[-22,48],[80,55],[136,-42],[21,104],[80,25],[82,8],[19,-51],[86,-28],[1,-48],[-63,-110],[-24,-62],[-36,-27],[-17,-40]],[[145260,163501],[-45,95],[19,118],[35,8],[40,-43],[33,101],[96,76],[69,5],[72,53],[171,13],[46,-23],[28,-56],[-6,-76],[-33,-53],[-48,-48],[-73,-8],[-49,26],[-63,-25],[-48,-63],[4,-38],[50,-58],[48,-137],[25,-32],[-29,-77],[-40,-18],[-69,56],[-15,72],[-52,61],[-77,39],[-78,7],[-11,25]],[[174304,186682],[-91,65],[-27,35],[-103,2],[-57,24],[-14,38],[35,38],[93,1],[73,21],[20,-65],[103,-13],[36,8],[72,-16],[19,17],[84,-19],[10,-24],[-24,-86],[21,-68],[28,-23],[73,-26],[23,-40],[111,-50],[50,8],[16,30],[107,20],[67,-8],[-2,-42],[30,21],[46,-38],[43,7],[22,-45],[34,-134],[-35,-64],[-72,-3],[25,32],[-15,45],[-103,69],[-66,11],[-146,5],[-51,52],[-67,36],[-78,23],[-58,39],[-21,43],[-70,23],[-107,20],[-34,31]],[[144437,161392],[-102,122],[3,42],[63,92],[56,23],[30,31],[44,-3],[55,-32],[102,18],[23,26],[-5,44],[70,63],[6,-53],[-11,-67],[20,-71],[-23,-55],[1,-39],[-33,-40],[-52,18],[-27,-25],[-10,-48],[28,-48],[0,-58],[-28,-72],[-33,-33],[-43,1],[-67,118],[-67,46]],[[166729,192324],[10,85],[37,78],[33,-5],[8,-40],[33,-32],[48,-101],[45,-7],[41,-48],[1,-45],[43,-74],[-3,-45],[60,-33],[-67,-86],[31,-40],[3,-97],[30,-40],[-17,-33],[-71,27],[-89,13],[-47,37],[-22,44],[5,40],[85,25],[47,32],[-14,152],[-66,30],[-42,-27],[-108,19],[-21,19],[17,54],[-10,98]],[[164821,174276],[-178,-6],[-58,48],[-12,52],[102,69],[91,20],[79,30],[107,73],[56,19],[55,2],[60,-45],[20,-65],[-53,-73],[-85,-65],[-62,-35],[-122,-24]],[[144422,167271],[-31,8],[14,45],[-12,33],[-50,-1],[-111,35],[-25,45],[22,42],[-7,36],[68,42],[46,7],[45,-27],[43,21],[96,-11],[61,-30],[81,-162],[-53,-22],[-19,16],[-52,-41],[79,-65],[-79,-18],[-15,14],[-43,-37],[-36,19],[-1,55],[-21,-4]],[[164584,173300],[48,-54],[51,-21],[46,-65],[-20,-39],[-100,-53],[-55,-11],[-122,141],[-2,67],[-92,76],[-38,68],[17,52],[-4,61],[20,81],[-5,88],[51,-24],[12,-43],[13,-166],[56,-29],[25,-53],[55,-32],[44,-44]],[[172208,176403],[-29,12],[71,56],[70,-27],[15,-32],[66,12],[-23,-43],[4,-36],[59,11],[75,-20],[43,19],[37,-63],[5,-39],[-28,-58],[15,-37],[-51,49],[-44,-4],[-8,-48],[-82,14],[-2,-39],[-50,17],[-39,-11],[9,-57],[-44,-24],[-54,-7],[-82,62],[43,37],[48,15],[18,34],[5,75],[-18,45],[22,46],[-51,41]],[[163621,163323],[-4,-32],[-52,-152],[-1,-49],[-53,-162],[-35,-147],[-66,-132],[-75,-65],[-55,26],[71,142],[19,109],[40,83],[-20,30],[21,134],[54,42],[17,82],[23,55],[94,57],[22,-21]],[[152804,174750],[32,6],[14,-39],[35,-12],[-14,-25],[40,-58],[31,4],[-2,-35],[-80,-21],[-109,-58],[-97,26],[-61,176],[8,42],[102,33],[101,-39]],[[163857,175308],[-39,21],[22,67],[-5,44],[-43,14],[-8,31],[26,54],[-11,70],[35,17],[14,43],[44,-1],[62,-102],[-12,-78],[52,-48],[14,-43],[-57,-64],[-94,-25]],[[158782,185508],[42,-15],[68,-50],[51,-52],[61,-35],[22,-65],[64,-30],[0,-48],[-44,-12],[-76,23],[-51,62],[-99,56],[-62,84],[4,30],[-59,12],[-27,42],[16,17],[90,-19]],[[164854,187623],[-57,3],[-48,-21],[-142,-16],[0,87],[104,54],[90,8],[21,-14],[54,16],[79,-14],[51,11],[20,-20],[-52,-49],[-120,-45]],[[153113,167361],[-46,30],[41,25],[41,56],[-54,77],[91,89],[44,-14],[64,-76],[-52,-78],[-13,-106],[-71,-34],[-45,31]],[[170086,185277],[-26,20],[38,89],[145,79],[70,55],[27,3],[25,-41],[-110,-165],[-114,-48],[-55,8]],[[152139,168420],[-35,-42],[-85,65],[-41,54],[-39,93],[-1,40],[-40,48],[3,45],[57,-7],[41,-64],[25,-70],[15,-1],[84,-108],[16,-53]],[[154828,177669],[30,-98],[-92,-10],[-56,42],[-22,-10],[-11,126],[44,67],[50,4],[57,-121]],[[143489,159469],[-46,-125],[-45,-20],[-86,-6],[-36,35],[35,93],[50,42],[88,30],[34,-5],[6,-44]],[[164664,189577],[117,-40],[34,-25],[-31,-59],[-39,-22],[-118,-7],[-15,60],[-35,38],[-4,49],[26,16],[65,-10]],[[167739,198592],[-81,-61],[-50,-13],[-44,-33],[-65,-19],[-130,8],[-4,29],[77,38],[124,18],[34,48],[145,18],[-6,-33]],[[164601,175262],[24,-22],[7,-49],[-27,-37],[-60,-1],[-84,27],[-40,48],[31,49],[95,10],[54,-25]],[[164448,164226],[3,-116],[-51,-46],[-32,-5],[-39,39],[14,85],[51,104],[23,0],[31,-61]],[[168376,194318],[102,-28],[-9,-39],[-68,-51],[-117,113],[34,29],[58,-24]],[[156079,194933],[-37,-60],[-35,-21],[-59,33],[-55,9],[16,31],[100,15],[-17,37],[46,21],[33,-24],[8,-41]],[[165181,217756],[-14,-54],[-77,-25],[-77,-4],[-35,25],[30,46],[118,6],[29,26],[26,-20]],[[166766,186181],[10,-43],[-17,-38],[-99,7],[-29,57],[51,41],[48,-1],[36,-23]],[[170042,187316],[24,13],[18,-32],[45,-9],[59,-96],[29,-16],[0,-44],[-49,15],[-15,45],[-55,46],[-49,21],[-43,161],[9,2],[27,-106]],[[145160,163376],[-27,91],[24,40],[39,4],[41,-39],[4,-39],[-52,-54],[-29,-3]],[[154063,193711],[-6,33],[86,-19],[7,36],[34,4],[25,-26],[-4,-33],[-42,-40],[-100,45]],[[169142,203736],[-42,-38],[-57,3],[-36,23],[15,38],[110,14],[10,-40]],[[152547,169874],[-65,-7],[-61,92],[36,4],[82,-31],[8,-58]],[[162881,199036],[-70,49],[0,27],[40,31],[51,-19],[15,-72],[-36,-16]],[[168414,195230],[-8,-26],[-47,-20],[-9,57],[13,66],[31,20],[20,-39],[0,-58]],[[155534,187950],[-60,-166],[13,-365],[-9,0],[-15,365],[63,171],[109,115],[7,-7],[-108,-113]],[[152468,170021],[1,61],[66,-25],[14,-42],[-81,6]],[[167792,186589],[-54,45],[29,29],[103,-60],[-36,-29],[-42,15]],[[155411,187308],[-242,-614],[-9,4],[243,617],[8,-7]],[[171022,186459],[53,49],[39,0],[15,-25],[-105,-49],[-99,-80],[-10,5],[99,79],[8,21]],[[163510,185513],[-31,-24],[-58,43],[22,52],[57,-29],[10,-42]],[[153184,151997],[-17,5],[-7,64],[72,-12],[25,-49],[-18,-23],[-55,15]],[[144163,167440],[-61,-3],[-28,24],[1,45],[35,-1],[49,-31],[4,-34]],[[172408,176481],[-6,9],[103,65],[-31,-57],[7,-41],[-25,-14],[-48,38]],[[172291,175949],[20,17],[-27,32],[40,48],[48,-37],[4,-36],[-85,-24]],[[165366,203091],[-49,-21],[-1,71],[59,-2],[-9,-48]],[[157769,163566],[107,-17],[-2,-14],[-104,17],[-128,-2],[0,14],[127,2]],[[164615,173893],[-41,25],[0,38],[34,9],[7,-72]],[[148452,166430],[-23,13],[2,41],[35,11],[18,-60],[-32,-5]],[[146019,163834],[-25,-20],[-47,31],[4,23],[48,0],[20,-34]],[[152236,170401],[-74,-180],[-11,4],[87,213],[-2,-37]],[[171097,175913],[-32,-17],[-19,22],[45,44],[6,-49]],[[172289,175812],[-9,23],[43,37],[-9,-69],[-25,9]],[[164645,192604],[-10,0],[-1,231],[10,-3],[1,-228]],[[156012,194730],[-58,21],[35,36],[23,-57]],[[157623,163788],[7,157],[15,0],[-7,-158],[-15,1]],[[148389,166161],[-20,27],[26,25],[29,-48],[-35,-4]],[[158780,186017],[-6,-39],[-48,53],[3,18],[51,-32]],[[149284,166078],[-18,-59],[15,133],[19,-2],[-16,-72]],[[155140,176963],[28,25],[20,-43],[-44,-5],[-4,23]],[[169617,201170],[-7,30],[53,-2],[-32,-44],[-14,16]],[[162678,198847],[30,18],[-7,-48],[-38,4],[15,26]],[[169428,217099],[6,-25],[-56,5],[3,39],[47,-19]],[[164910,186511],[27,-9],[-28,-35],[1,44]],[[155397,175915],[48,17],[10,-37],[-58,20]],[[148867,166267],[-36,13],[32,31],[4,-44]],[[172272,175746],[-7,13],[66,36],[-28,-47],[-31,-2]],[[165603,186315],[-40,23],[23,15],[17,-38]],[[168515,203352],[-12,-17],[-36,61],[48,-44]],[[163169,185533],[-24,-26],[-33,30],[57,-4]],[[146288,159297],[38,25],[-5,-29],[-33,4]],[[167343,193275],[-5,43],[29,-34],[-24,-9]],[[151086,160465],[-17,42],[30,-13],[-13,-29]],[[153464,192719],[15,21],[18,-45],[-33,24]],[[166077,199855],[-93,76],[5,7],[93,-76],[-5,-7]],[[156094,194848],[-16,40],[15,23],[1,-63]],[[165716,186294],[-19,23],[43,3],[-24,-26]],[[163148,185854],[29,12],[-5,-36],[-24,24]],[[196927,180981],[-170,11],[-98,-55],[-124,-109],[-101,-53],[-146,-31],[-56,-29],[-159,-108],[-27,-39],[-136,-27],[-9,-20],[18,-74],[-13,-49],[-37,-61],[-97,-72],[-138,-71],[-69,-47],[-77,-32],[-80,-61],[-144,-80],[-12,-199],[-25,-113],[-50,-97],[-101,-122],[-47,-72],[-58,-181],[-93,-175],[-124,-174],[-85,-184],[-22,-111],[-32,-76],[-70,-96],[-71,-64],[-56,-84],[-26,-95],[47,-143],[50,-119],[-48,-101],[-16,-91],[-26,-62],[-75,-81],[-83,-141],[-171,-263],[-21,-77],[31,-153],[57,-233],[-7,-94],[-31,-59],[-54,-42],[-141,-15],[-68,-17],[-36,-47],[-60,-157],[8,-88],[-36,-115],[-90,-183],[-13,-232],[-18,-139],[-51,-137],[-29,-208],[-100,-238],[-85,-153],[-68,-211],[-22,-101],[-29,-67],[56,-13],[250,-79],[22,-14],[120,50],[62,-10],[62,-64],[53,-119],[27,-127],[88,-95],[30,-67],[72,-88],[62,-42],[131,7],[49,-15],[133,-293],[30,-86],[134,-151],[62,-60],[134,-147],[20,-96],[26,-75],[83,-166],[41,-116],[54,-91],[20,-59],[66,-72],[102,-177],[20,-187],[57,-117],[55,-72],[79,-130]],[[178490,183894],[56,46],[-91,89],[-11,67],[12,149],[-88,154],[-173,65],[-23,56],[9,76],[-64,126],[9,21],[-16,100],[24,110],[61,49],[103,12],[52,91],[47,-12],[35,-91],[-3,-45],[42,4],[10,-48],[-47,-4],[48,-55],[-34,-88],[48,-69],[11,-58],[42,-33],[82,39],[77,-10],[39,31],[68,10],[117,-47],[87,-8],[40,-20],[112,-12],[171,-65],[13,-37],[44,-12],[106,14],[92,53],[5,29],[66,-51],[64,-18],[52,-118],[45,-60],[100,-38],[-60,-30],[-65,-69],[51,32],[17,-28],[116,51],[71,-9],[135,29],[-18,215],[-60,15],[-47,36],[-25,95],[-49,100],[-29,9],[56,123],[-15,84],[35,174],[28,18],[1,53],[37,5],[92,66],[10,37],[67,8],[-7,49],[73,5],[25,-32],[54,-30],[45,-51],[34,-13],[104,10],[72,-29],[128,-142],[102,-55],[151,46],[58,49],[24,-4],[125,118],[4,27],[84,82],[-20,54],[-15,89],[-31,-3],[-52,34],[40,77],[-12,59],[31,61],[74,102],[-26,91],[13,47],[59,39],[137,-31],[57,-42],[25,0],[93,57],[28,35],[-22,112],[17,37],[49,27],[-7,47],[34,20],[67,-1],[87,26],[48,97],[-5,-59],[-24,-41],[65,31],[4,39],[83,42],[95,61],[72,66],[-5,13],[83,102],[-16,37],[51,17],[45,90],[56,259],[21,21],[7,99],[-18,34],[-32,-4],[-16,30],[-253,130],[-76,54],[-37,50],[-43,104],[-9,92],[42,146],[19,92],[71,110],[73,213],[29,49],[142,165],[39,16],[65,54],[62,101],[142,149],[83,65],[90,59],[136,22],[77,-26],[113,-126],[49,-66],[23,-60],[-7,-200],[14,-75],[49,-99],[-36,-24],[50,-59],[58,-27],[192,-30],[53,-58],[-41,-80],[6,-110],[58,-101],[-59,-52],[47,-12],[49,-45],[148,-21],[68,40],[62,-20],[158,3],[28,23],[120,-50],[79,-14],[152,-120],[20,-31],[50,-173],[3,-179],[-56,-135],[-24,-21],[-128,-57],[-81,-74],[-57,-22],[-117,15],[-134,-7],[-7,-48],[-138,3],[-5,37],[-81,20],[-31,49],[-28,-10],[-52,107],[-89,164],[-182,-75],[-85,-44],[-59,-1],[43,-77],[128,60],[7,-56],[23,-11],[12,-139],[-25,-5],[-59,-349],[-26,-77],[-5,-103],[15,-88],[-5,-81],[-38,-151],[-5,-83],[-45,-191],[29,-35],[44,-177],[-6,-3],[-44,178],[-85,-20],[66,-259],[-31,-11],[5,-69],[-28,-79],[-12,-138],[8,-103],[30,-82],[-4,-84],[-35,-61],[-48,-41],[-47,7],[-40,-17],[0,27],[-73,12],[-69,65],[-28,109],[28,46],[-6,25],[-39,-10],[-11,41],[-97,15],[10,-85],[52,-6],[-5,-37],[-38,4],[-7,-104],[-94,-189],[-17,7],[-91,-185],[-28,-26],[102,-47],[16,32],[57,-37],[20,-76],[-69,-215],[124,16],[57,180],[24,22],[79,-78],[-48,-45],[15,-34],[153,-153],[50,63],[117,-117],[17,-33],[-4,-72],[-21,-60],[31,-122],[44,-22],[-25,-46],[-119,3],[3,-47],[-23,-44],[79,-155],[64,-32],[99,-73],[50,-53],[30,-10],[44,-145],[49,-64],[16,-45],[52,-76],[32,-88],[868,7],[200,194],[-7,925],[927,7],[2,-33],[258,2],[4,-610],[-9,-55],[-6,-161],[-44,-5],[-347,-158],[-8,-21],[48,-96],[44,-7],[-118,-54],[-14,-33],[-54,-15],[-1,-22],[79,-126],[28,14],[262,71],[99,108],[-16,124],[17,58],[182,-52],[35,-63],[335,-158],[-63,-35],[19,-49],[-33,-98],[1,-50],[-33,-77],[26,-36],[59,33],[22,77],[53,64],[36,7],[-53,-83],[-10,-41],[148,-60],[28,-280],[95,-35],[120,-34],[-1,-12],[87,-10],[205,53],[227,72],[96,18],[178,20],[58,74],[25,147],[45,16],[27,-20],[-21,-51],[14,-34],[71,-30],[42,21],[-2,-102],[96,5],[-15,154],[224,57],[63,24],[2,66],[80,15],[239,20],[-8,75],[50,4],[14,-72],[220,16],[179,174],[77,-73],[40,-6],[125,-59],[48,45],[-363,333],[60,61],[230,-125],[295,298],[74,-68],[156,157],[-56,52],[-121,2],[-4,60],[-44,5],[2,188],[378,356],[-91,85],[7,7],[443,-413],[67,41],[-19,58],[17,3],[15,-59],[95,38],[24,35],[87,71],[62,6],[16,51],[-24,48],[23,25],[-6,46],[22,23],[14,136],[-53,23],[-9,32],[58,50],[30,-22],[52,91],[98,118],[51,2],[317,170],[35,3],[111,75],[87,12],[107,43],[104,-25],[155,12],[45,-12],[149,17],[51,14],[127,-45],[85,0],[151,-77],[79,-22],[128,7],[55,-36],[62,-82],[94,-65],[101,-116],[141,-213],[88,-67],[48,-109],[57,-47],[49,-66],[68,-168],[62,-97],[59,-163],[52,-79],[14,-68],[228,-15],[6,-12],[-94,12],[0,-11],[-91,6],[-13,-171],[210,-49],[31,81],[78,-21],[47,44],[69,4],[0,-101],[192,62],[132,31],[54,2],[125,-36],[66,31],[57,9],[163,112],[-14,110],[8,36],[-298,263],[50,72],[-17,34],[38,60],[39,7],[78,-48],[73,38],[31,54],[11,72],[30,-5],[45,-64],[91,43],[58,92],[2,28],[61,119],[-2,77],[-67,41],[-75,100],[-28,130],[-24,47],[-24,122],[18,268],[38,107],[-20,27],[32,54],[34,24],[86,146],[22,24],[3,69],[68,33],[86,-5],[204,5],[103,128],[40,25],[101,-6],[46,-54],[49,-2],[90,38],[85,-7],[64,-23],[42,-1],[62,-26],[92,-18],[105,-6],[50,-20],[109,-63],[90,-11],[102,-118],[70,-33],[40,-35],[8,-49],[88,-119],[-19,-68],[54,-134],[-21,-60],[-17,-126],[-46,-69],[-52,-118],[-7,-53],[-36,-11],[-14,-56],[51,-46],[-13,-83],[-80,-8],[-46,-26],[-34,-65],[18,-117],[-2,-53],[-45,-67],[-13,-122],[35,-97],[6,-101],[262,-153],[69,-15],[51,-78],[-18,-203],[28,-33],[4,-94],[12,-26],[81,-67],[10,-78],[-18,-160],[-19,-47],[16,-87],[6,-94],[-46,-69],[-13,-45],[5,-69],[37,-38],[32,-84],[16,-84],[-35,-100],[2,-139],[-45,-183],[-31,-32],[-45,-137],[6,-8],[-54,-91],[-78,-83],[-12,-33]],[[198044,190611],[30,-24],[-5,-77],[35,-74],[65,-14],[59,54],[-23,55],[49,-31],[20,17],[116,26],[149,-8],[117,-29],[106,-84],[48,-12],[97,0],[123,-51],[54,-89],[164,12],[57,25],[181,38],[115,18],[59,-90],[73,-44],[21,10],[167,4],[28,-15],[12,32],[61,48],[68,37],[122,38],[91,-6],[44,-22],[62,-54],[67,-31],[85,-5],[165,-57],[105,-6],[67,-35],[111,-77],[72,-17],[111,-51],[97,-103],[60,-37],[165,-25],[59,-80],[100,-37],[56,-40],[91,-102],[25,-3],[12,-63],[38,-15],[10,-32],[-56,-23],[-36,-61],[13,-75],[62,-6],[30,-92],[-40,-174],[37,-50],[13,-77],[-52,-75],[-75,-75],[-58,-23],[-7,-34],[69,1],[14,-16],[-51,-95],[-47,-22],[-35,9],[-1,-141],[12,-42],[-16,-38],[-67,-31],[-72,7],[-67,-96],[-8,-28],[39,2],[21,-114],[-39,-3],[37,-94],[-13,-28],[-72,-49],[-32,3],[4,-73],[-47,-73],[-14,-111],[56,-18],[38,39],[71,41],[61,-58],[24,-77],[-29,-106],[-44,-49],[13,-124],[62,-53],[60,-24],[23,-56],[61,-42],[32,-64],[18,-5],[84,-125],[-3,-49],[81,-137],[133,-56],[51,25],[-8,119],[52,11],[33,-145],[24,-8],[-11,-91],[57,-58],[28,-74],[9,21],[-35,96],[-9,85],[37,32],[63,-27],[22,-101],[0,-54],[25,-56],[-16,-108],[-86,-4],[47,-97],[-5,-23],[101,-34],[17,20],[84,-28],[46,-46],[34,-11],[25,26],[8,66],[-26,94],[-58,102],[-11,107],[65,113],[56,18],[-73,57],[3,62],[66,1],[-87,53],[-30,59],[-7,64],[62,3],[32,-61],[34,-3],[26,-39],[56,-40],[49,6],[-77,62],[-35,46],[11,91],[-77,11],[10,34],[-50,68],[59,-9],[-1,51],[39,16],[29,-25],[53,-6],[29,-85],[-4,-75],[44,48],[24,-7],[43,-92],[-24,-67],[49,27],[12,33],[63,-24],[-24,-112],[52,-12],[-3,76],[31,21],[41,-7],[15,62],[-76,56],[-56,120],[-64,46],[-9,58],[73,-9],[24,52],[34,-31],[-28,-61],[39,-17],[-3,-36],[40,-23],[18,-62],[25,14],[44,-28],[37,2],[43,-64],[62,-20],[65,-71],[70,5],[50,47],[53,17],[-2,27],[102,33],[149,-23],[47,3],[87,32],[27,-28],[111,-42],[27,-31],[90,-17],[64,-52],[122,-130],[27,7],[0,40],[36,76],[39,20],[23,-26],[-24,-67],[12,-48],[-39,-30],[73,-50],[42,36],[68,-20],[9,-36],[-67,-42],[53,-55],[64,-9],[84,-90],[21,-52],[5,-76],[66,-37],[37,-142],[-2,-55],[48,-7],[-1,-75],[-14,-64],[-122,-272],[-116,-115],[-22,12],[-170,-35],[-56,-1],[-15,-39],[31,-18],[53,17],[39,-6],[11,-55],[-22,-48],[-139,-112],[-69,-71],[-33,10],[-15,-79],[-160,36],[-6,-71],[-40,-16],[-103,42],[-43,-15],[-17,-40],[9,-39],[56,-71],[-9,-30],[-86,10],[-35,-75],[-59,-11],[-40,55],[-18,50],[-83,95],[-41,-21],[36,-126],[-59,-40],[45,-48],[15,-40],[-92,4],[-71,72],[-19,-16],[40,-92],[34,-56],[-5,-43],[-69,-66],[-11,23],[19,86],[-48,101],[1,61],[-45,36],[2,40],[-211,176],[-110,-91],[-51,-21],[-20,-34],[-15,32],[-88,-6],[-12,-65],[-33,-5],[-1,93],[-111,3],[-25,42],[-49,-1],[35,59],[-2,63],[-50,-69],[-26,-5],[-20,51],[-29,-54],[12,-66],[-84,-24],[-56,34],[27,16],[-25,41],[-37,13],[-51,-11],[-97,4],[-19,-55],[-74,-45],[-5,-182],[94,2],[73,41],[59,3],[66,-71],[23,10],[86,-12],[5,-45],[-42,-34],[13,-96],[22,-38],[53,-27],[49,59],[140,71],[70,-49],[47,-141],[1,-100],[-26,-58],[-90,-39],[-93,4],[-445,-270],[5,-50],[-16,-30],[-69,-33],[-82,18],[-33,30],[-31,58],[-64,-30],[-11,52],[-26,29],[-64,3],[-23,42],[17,27],[-265,40],[-21,-49],[-41,42],[-42,-2],[-42,-75],[-72,-3],[-40,20],[-42,-12],[-52,76],[54,98],[60,-14],[25,21],[-64,3],[-55,79],[-20,-5],[43,-53],[1,-36],[-96,-139],[22,-78],[-31,-74],[-28,5],[-93,343],[-23,-5],[50,-216],[38,-184],[-4,-6],[-208,-20],[-88,23],[-22,-173],[-9,2],[18,152],[-370,175],[-53,86],[-2,180],[-136,7],[-51,16],[-19,-47],[-62,30],[-2,-15],[109,-52],[-18,-123],[22,2],[23,-182],[130,-90],[43,44],[-51,-76],[196,-143],[-3,-61],[-144,-345],[-149,-300],[-128,-70],[-191,-226],[-189,-213],[-117,-324],[-198,-101],[-52,-47],[-52,4],[-121,63],[-95,175],[-211,35],[-83,27],[-82,161],[-27,74],[-19,123],[4,21],[227,205],[181,171],[-47,125],[-110,88],[-184,31],[-27,25],[-9,103],[-16,21],[-125,41],[-14,20],[8,100],[-67,73],[-79,31],[-88,142],[8,53],[55,65],[45,78],[31,0],[7,132],[-18,39],[-40,23],[-3,68],[-22,44],[25,34],[82,-22],[18,18],[44,-12],[28,-35],[64,-24],[43,-39],[162,99],[65,160],[53,86],[-17,32],[24,41],[47,-18],[23,-51],[113,-60],[197,-125],[105,9],[14,-36],[96,2],[38,28],[-73,227],[-4,59],[-35,50],[-31,75],[-54,26],[-61,-16],[-15,-38],[-154,6],[-49,67],[-8,79],[-53,10],[-73,170],[2,83],[-13,77],[44,95],[31,16],[43,73],[57,43],[-5,98],[-26,13],[69,118],[12,55],[-23,109],[-42,30],[-141,3],[-37,14],[-47,75],[-3,70],[56,130],[1,104],[-95,63],[-41,15],[-17,35],[29,50],[42,-1],[44,-25],[52,31],[-6,56],[47,25],[65,71],[34,17],[26,-20],[70,0],[27,21],[73,1],[4,-13],[165,-64],[25,12],[-61,117],[-21,-13],[-83,94],[-40,61],[-33,1],[-4,58],[-69,52],[-35,88],[-112,121],[-54,44],[-32,54],[-46,43],[-23,54],[-14,287],[65,41],[-10,49],[-44,27],[12,31],[-49,-6],[-54,36],[-32,84],[8,62],[38,37],[-7,52],[47,-37],[30,22],[105,157],[112,144],[36,118],[52,27],[178,62],[107,174],[0,92],[-76,15],[-15,151],[-159,45],[-101,104],[6,6],[100,-102],[91,-25],[27,73],[-79,31],[0,27],[93,-35],[38,97],[-220,82],[-2,-104],[-10,0],[3,139],[-195,8],[-55,-11],[-128,120],[-206,118],[-205,127],[-54,-6],[-42,87],[13,18],[-173,119],[-14,42],[2,92],[-15,35],[-86,10],[-18,-42],[-48,-1],[-26,36],[33,30],[-5,46],[44,48],[-38,24],[-56,-29],[-96,43],[-46,-16],[-46,44],[-122,58],[-61,51],[-103,109],[-2,84],[94,71],[18,63],[-4,51],[-30,75],[41,-24],[42,0],[43,-27],[44,-80],[0,-50],[-38,-23],[10,-52],[48,20],[36,-22],[74,73],[65,-13],[18,-101],[54,-8]],[[192114,191061],[160,-8],[39,-9],[-2,-52],[-95,-99],[2,-78],[32,-139],[-69,-78],[-8,-93],[40,-74],[-16,-16],[-51,55],[-55,3],[-22,-25],[-101,-45],[-40,-67],[-141,-130],[-44,-20],[-43,-103],[-91,-40],[12,-58],[-20,-32],[-64,-14],[25,-75],[-39,-14],[-49,38],[-70,0],[-25,-21],[-42,2],[-26,25],[-91,23],[-16,26],[-31,-40],[-47,13],[-1,36],[29,32],[-32,29],[-19,-30],[-50,27],[5,-65],[-35,-21],[-39,23],[-36,57],[-63,-35],[-15,-51],[-68,34],[-176,-2],[-1,63],[-46,-13],[-54,-79],[-30,-150],[-21,-28],[-99,-21],[-38,-35],[-73,22],[-41,-11],[-117,35],[-84,56],[-51,3],[-12,36],[21,65],[-20,30],[-35,-2],[-43,32],[-5,111],[9,11],[-41,93],[-49,82],[-158,48],[-111,-37],[-82,7],[-37,27],[-54,82],[-14,66],[24,54],[-87,18],[-63,51],[-27,138],[9,1],[27,-135],[59,-46],[35,-8],[35,182],[-94,29],[96,-19],[5,27],[51,-7],[7,88],[-13,41],[-89,-8],[-12,45],[-30,-1],[-89,-34],[37,-42],[-82,58],[-260,-55],[-50,-16],[-49,31],[-67,-10],[-69,23],[-74,-23],[-43,16],[-24,35],[-10,73],[50,43],[-14,97],[14,28],[15,113],[-39,142],[-6,63],[14,55],[66,54],[1,38],[37,42],[88,57],[73,21],[125,63],[61,99],[76,50],[56,62],[116,-12],[38,30],[69,-22],[59,-3],[60,20],[83,-14],[97,42],[39,33],[95,21],[52,-20],[81,-8],[49,36],[9,114],[39,26],[5,54],[25,28],[-18,33],[19,21],[50,0],[2,50],[-22,34],[54,0],[68,37],[33,56],[-25,73],[36,35],[194,28],[50,-7],[135,27],[118,39],[217,55],[4,-13],[385,-44],[41,24],[138,56],[103,133],[-27,71],[-49,83],[-71,-4],[-23,-74],[-55,15],[-35,42],[-3,62],[24,117],[67,37],[79,121],[13,95],[-46,79],[-44,36],[-71,34],[-70,0],[-196,42],[-67,27],[-48,41],[-67,118],[-20,101],[128,22],[21,-12],[58,60],[8,51],[47,92],[60,25],[47,48],[70,45],[117,93],[21,46],[29,19],[-93,105],[25,77],[42,24],[5,131],[76,-4],[105,-164],[0,-89],[13,-35],[64,33],[34,85],[105,52],[51,54],[24,2],[46,-49],[84,23],[22,44],[51,35],[-6,36],[20,124],[7,117],[-7,109],[-19,63],[-38,230],[15,42],[-5,51],[-37,72],[37,38],[0,170],[11,-1],[-3,-167],[121,-31],[38,-47],[63,-5],[17,-90],[43,-22],[45,32],[29,54],[-33,264],[-17,77],[6,61],[202,60],[46,-150],[150,41],[-38,131],[160,43],[182,75],[7,92],[30,10],[6,41],[21,-62],[69,16],[-71,158],[-35,19],[-50,65],[-9,-27],[27,-59],[-17,-28],[-250,-138],[-169,-10],[-55,33],[-21,39],[-100,0],[-33,-53],[-81,12],[-44,-103],[-9,4],[44,104],[-6,34],[31,44],[82,59],[42,17],[13,-39],[70,3],[11,36],[-22,37],[8,36],[69,43],[6,109],[-54,91],[-98,37],[-143,4],[-67,35],[-54,79],[-5,52],[72,122],[124,70],[198,11],[16,19],[108,-24],[44,15],[-136,85],[-67,69],[-133,-66],[-105,-10],[-55,63],[-54,80],[-64,38],[-9,31],[20,67],[36,48],[14,124],[-49,71],[-33,26],[17,26],[-17,110],[106,137],[27,97],[34,48],[69,67],[106,53],[164,13],[68,-4],[84,-39],[67,3],[19,-37],[-13,-56],[-90,-71],[-20,-65],[24,-111],[78,-74],[35,9],[24,-49],[-13,-55],[11,-57],[33,-44],[26,0],[40,-95],[73,-8],[75,-51],[33,10],[49,111],[35,27],[65,13],[34,63],[118,0],[176,-127],[35,-104],[70,-27],[61,20],[69,-18],[13,-22],[-27,-41],[40,-5],[-2,-47],[21,-52],[32,-9],[61,14],[42,-31],[70,-101],[41,-38],[93,-16],[-5,-36],[40,-23],[32,14],[18,-29],[128,64],[35,-22],[21,-133],[-25,-51],[-68,-24],[-4,-72],[-69,-53],[-44,-1],[-50,-34],[-70,-97],[-34,-69],[-24,-142],[55,-28],[12,13],[113,-3],[48,92],[44,-3],[57,-34],[20,-48],[39,-2],[-1,-44],[57,-30],[87,-17],[28,22],[27,-73],[40,-33],[38,8],[11,-26],[-33,-79],[63,-68],[24,-54],[9,-91],[-50,-56],[-38,-13],[-2,-138],[52,-83],[-12,-6],[-49,85],[1,141],[-42,2],[-3,-59],[-56,1],[-1,35],[-146,18],[-128,-75],[-14,9],[-23,-133],[-67,-168],[-20,-33],[-23,-88],[82,-166],[24,-36],[80,-35],[20,-24],[-5,-260],[107,-64],[-4,-8],[-114,68],[-4,28],[-88,16],[-3,50],[-70,-16],[-42,-48],[48,-101],[-33,-87],[82,-42],[64,41],[103,-45],[41,62],[-54,-113],[51,-5],[109,-95],[48,-13],[-3,-40],[68,22],[19,36],[92,31],[48,-89],[-39,-56],[8,-63],[-51,-60],[-53,-87],[24,-67],[55,-28],[56,6],[74,-60],[33,2],[53,45],[105,65],[91,-34],[49,0],[31,-27],[-6,-27],[-66,-70],[53,-110],[21,-14],[-1,-66],[66,-51],[16,-45],[-32,-149],[-1,-56],[83,-36],[58,4],[29,34],[46,-4],[74,33],[44,-4],[73,18],[38,-26],[54,-6],[51,56],[34,20],[50,-38],[47,-78],[67,-35],[18,-52],[57,6],[39,39],[-4,52],[43,-42],[5,38],[46,-20],[27,-82],[-55,-60],[-9,-46],[27,-20],[-31,-47],[50,-70],[-66,-2],[-34,-17],[34,-32],[48,2],[29,-54],[60,-8],[-6,38],[49,12],[-39,64],[77,19],[-59,18],[-16,25],[35,55],[32,-27],[17,63],[38,-48],[33,12],[24,-34],[9,43],[-40,61],[10,29],[62,-1],[45,-65],[61,31],[48,-45],[49,-16],[9,-45],[29,-45],[43,-7],[59,-40],[85,-156],[-15,-26],[-80,-32],[-12,-21],[-80,25],[-23,-24],[-30,25],[-63,-16],[-34,28],[-174,6],[45,-32],[1,-39],[-56,-72],[57,2],[11,30],[76,3],[1,-73],[69,15],[-14,-148],[-39,-27],[8,-36],[-71,-8],[3,-41],[58,-4],[37,-21],[-22,-22],[-9,-65],[-85,-14],[71,-54],[47,-70],[-24,-14],[-51,32],[-53,2],[-87,40],[-50,79],[-51,-9],[-87,40],[-45,43],[26,51],[-12,49],[-100,-14],[-1,-38],[-34,-9],[8,61],[-71,3],[-64,-32],[-49,17],[-54,76],[-80,20],[-62,-11],[-39,-39],[-42,-87],[-50,-30],[-28,73],[-46,16],[-16,-31],[-225,63],[-111,-10],[-58,-27],[-85,0],[-89,11],[-83,40],[-28,54],[-17,69],[-79,-26],[-82,1],[-45,20],[-112,75],[-91,17],[-99,-34],[-36,-1],[-106,54],[-44,57],[-12,106],[-43,12],[-39,-89],[-40,0],[-26,68],[-41,35],[-37,-1],[-184,86],[-10,-10],[-55,45],[-25,105],[49,34],[-88,111],[-55,9],[-55,-77],[-45,-44],[-153,-28],[12,-67],[-52,-73],[-59,-36],[7,-18],[60,5],[60,21],[104,-18],[52,3],[36,-24],[13,-79],[58,-61],[35,-70],[-2,-35],[-57,-68],[-17,-37],[-51,-40],[-22,-75],[1,-41],[-36,-73],[-33,-28],[-6,-51],[-42,-81],[-55,-48],[-153,-39],[-122,2],[-12,46],[-58,85],[-41,-16],[1,133],[120,25],[31,41],[-42,59],[-84,-10],[-35,28],[-53,113],[-24,6],[-44,-41],[26,-46],[9,-61],[-10,-88],[-29,-32],[-35,3],[-23,-79],[46,-43],[15,-63],[-52,-98],[5,-64],[33,-70],[145,-50],[49,-53],[54,-12],[26,-46],[-14,-76],[29,-58],[-33,-52],[-41,7],[-54,-13],[-34,-70],[-69,-79],[40,-134],[-25,-32],[-19,-93],[11,-101],[36,-42],[75,40],[40,-14],[12,-46],[-43,-23],[-19,-49],[0,-76],[-47,-39],[-66,-12],[-58,21],[29,79],[-54,67],[-103,0],[-80,11],[-67,32],[-48,125],[-40,190],[14,41],[85,7],[120,117],[-46,23],[-117,3],[-238,-28],[-16,18],[-151,-81],[-45,2],[-49,24],[-65,79],[-44,12],[-132,128],[-60,-41],[5,-54],[-62,-78],[-7,-30],[77,-59],[14,-137],[69,-89],[88,-89],[91,-187]],[[184992,191032],[42,-27],[80,-111],[18,-6],[23,-83],[-19,-79],[113,-82],[27,-121],[-48,-86],[-12,7],[49,80],[-23,115],[-68,48],[-146,-207],[119,-57],[3,-9],[-122,59],[-11,53],[-65,-7],[-65,-44],[-56,26],[-15,-47],[26,-41],[100,-14],[167,-91],[-17,-32],[10,-77],[-14,-116],[-19,-71],[-31,-33],[-110,-86],[-358,-149],[-33,6],[-85,61],[-59,58],[-37,9],[-86,-13],[-91,279],[-56,28],[-28,61],[-68,30],[-68,59],[-28,38],[12,90],[17,42],[57,70],[124,78],[36,14],[191,19],[168,52],[78,89],[60,264],[7,70],[-84,66],[-25,68],[18,28],[-38,2],[-10,71],[-67,42],[-78,65],[-41,17],[-64,1],[-41,-38],[-41,3],[-10,29],[37,51],[31,11],[2,168],[-23,31],[-24,135],[26,72],[149,55],[62,8],[44,-10],[130,51],[128,-18],[85,-44],[66,-61],[4,-111],[-23,-65],[-93,-109],[-15,-60],[-87,-114],[-18,-79],[39,-111],[68,-72],[100,-141],[104,-57]],[[188241,196643],[-103,159],[-40,70],[-106,53],[-51,40],[-4,67],[40,109],[63,55],[43,64],[118,45],[111,65],[56,10],[35,36],[84,40],[71,-3],[24,-14],[21,-67],[2,-91],[54,-60],[74,-27],[17,-21],[88,-40],[33,88],[23,0],[-4,-105],[37,-27],[66,-2],[32,-17],[103,-13],[21,13],[94,-12],[50,-19],[72,-95],[47,-131],[25,-45],[72,-49],[7,-69],[59,-74],[53,-87],[5,-33],[-42,-35],[76,-135],[-41,-111],[-8,3],[39,107],[-54,102],[-139,-96],[56,-142],[-92,137],[-27,-33],[41,-43],[-56,-45],[68,-81],[-5,-43],[64,-126],[26,-93],[-32,-112],[-70,57],[-87,112],[-73,31],[-82,92],[-96,65],[-60,56],[-57,29],[-74,82],[-171,31],[-58,-49],[-78,-17],[-32,36],[-66,140],[-96,51],[-150,174],[-16,43]],[[194937,188904],[23,111],[45,64],[65,49],[89,-66],[97,60],[63,6],[1,30],[36,0],[31,-49],[-6,-69],[137,-11],[-13,-60],[7,-41],[27,-10],[33,33],[63,-11],[-4,-66],[124,-46],[10,10],[108,12],[65,-7],[31,-51],[22,-104],[24,-18],[-7,-47],[33,-18],[93,26],[69,3],[43,-29],[17,-45],[-14,-57],[-42,-32],[-108,-28],[-9,-93],[-246,-238],[-142,-102],[8,20],[-136,21],[-34,-10],[-117,71],[-17,110],[-66,89],[-36,90],[-41,20],[34,20],[18,45],[-17,46],[-66,-9],[-2,-95],[-131,24],[1,9],[125,-23],[-1,85],[-170,39],[-27,-77],[34,139],[-49,94],[-65,89],[-20,66],[10,31]],[[187219,192148],[-22,23],[11,53],[67,68],[24,-37],[106,-61],[115,-35],[87,-71],[68,-86],[104,-176],[61,-92],[-19,-64],[-115,-83],[-81,-24],[-47,9],[-57,39],[-50,52],[-29,71],[19,98],[2,63],[-26,67],[-49,40],[-66,24],[-81,80],[-22,42]],[[194995,187754],[-70,6],[-12,50],[-90,7],[-33,19],[-14,41],[36,23],[86,-11],[-109,86],[34,35],[44,-9],[51,-105],[41,10],[68,-61],[85,-6],[20,31],[66,15],[71,66],[20,-44],[86,20],[106,-51],[80,-113],[51,-39],[12,-89],[-33,-37],[-69,5],[-44,18],[-75,-9],[-27,17],[-67,77],[-137,37],[-87,-19],[-90,30]],[[201303,182213],[-41,-4],[-45,51],[6,106],[24,16],[-41,94],[-43,63],[-5,65],[-22,39],[-102,4],[-41,29],[-35,55],[34,33],[121,3],[-14,58],[55,43],[57,-25],[22,-135],[-10,-50],[32,-55],[52,-9],[38,-58],[-9,-54],[27,-43],[-13,-166],[-47,-60]],[[185291,192817],[-20,12],[63,85],[57,34],[83,33],[68,4],[75,33],[105,-27],[16,-33],[-70,-29],[-66,-44],[-9,-21],[-65,-47],[-72,-32],[-165,32]],[[183888,189602],[37,59],[76,-5],[92,7],[17,-20],[-50,-133],[-47,-11],[-23,16],[-73,-33],[-61,3],[-113,57],[-16,80],[47,55],[79,-61],[35,-14]],[[204812,187058],[56,-22],[21,-36],[-53,-67],[1,-69],[-43,-24],[-42,27],[-7,142],[19,32],[-14,81],[29,61],[16,92],[52,6],[22,-25],[-47,-96],[-22,-94],[12,-8]],[[204219,187698],[28,-25],[79,34],[29,-29],[-19,-55],[-61,-8],[-42,18],[-58,-33],[-6,-27],[57,-37],[-6,-24],[-60,9],[-51,-46],[-31,25],[-8,70],[21,24],[51,9],[-2,94],[27,34],[36,8],[16,-41]],[[204848,186568],[67,50],[111,3],[40,-22],[-27,-67],[-92,-17],[-68,-45],[-40,7],[-27,34],[11,45],[25,12]],[[200843,182702],[18,-41],[-24,-95],[-65,-27],[-23,27],[-25,117],[15,50],[60,13],[44,-44]],[[191494,196096],[-9,-64],[-114,-41],[-88,-45],[17,95],[96,67],[43,13],[55,-25]],[[192917,188124],[-8,111],[24,31],[132,-81],[-2,-30],[-44,-24],[-102,-7]],[[202701,187772],[-77,-50],[4,-34],[53,-5],[-10,-36],[-65,-29],[-14,-27],[-41,55],[50,55],[18,115],[23,23],[37,-14],[22,-53]],[[191465,196573],[-17,-39],[-26,-3],[-50,-108],[-71,-15],[-2,79],[102,84],[64,2]],[[204710,186871],[-15,-77],[-45,-1],[-14,36],[5,71],[-34,56],[22,26],[61,-16],[0,-50],[20,-45]],[[194821,189860],[41,-15],[-64,-69],[-10,-70],[-19,10],[9,85],[-29,48],[-81,76],[77,-4],[25,-34],[51,-27]],[[204855,186639],[-35,-1],[8,46],[47,57],[81,16],[13,-61],[-36,-30],[-41,-1],[-37,-26]],[[192824,188113],[13,-33],[-53,-43],[-70,-6],[-40,33],[15,27],[91,27],[44,-5]],[[204449,187040],[1,-40],[-35,-76],[-60,-21],[-21,36],[40,32],[-9,23],[28,52],[56,-6]],[[205002,186477],[37,-21],[12,-44],[-43,-15],[-60,8],[-49,23],[-2,28],[57,25],[48,-4]],[[203191,188459],[39,-33],[-7,-55],[-65,-18],[-50,46],[4,29],[37,30],[42,1]],[[204953,187525],[-21,-60],[-8,-75],[-26,-9],[-21,44],[-7,61],[29,65],[40,3],[14,-29]],[[202048,183560],[-8,28],[29,119],[42,-7],[10,-49],[-13,-67],[-60,-24]],[[194680,187798],[-50,26],[63,84],[62,-70],[-22,-33],[-53,-7]],[[189205,183527],[584,551],[8,-7],[-585,-552],[-7,8]],[[202783,187978],[22,-30],[-16,-32],[-120,22],[29,33],[34,-4],[3,29],[47,15],[1,-33]],[[204604,187382],[-43,-44],[-64,45],[16,51],[26,5],[46,-32],[30,21],[-11,-46]],[[188723,182953],[744,322],[4,-9],[-744,-322],[-4,9]],[[201324,183060],[-9,-71],[-23,-2],[-46,41],[16,50],[51,27],[11,-45]],[[195133,196637],[-14,-13],[-95,92],[-182,15],[1,18],[191,-16],[99,-96]],[[201041,182826],[-47,-30],[-14,66],[47,34],[35,-31],[-21,-39]],[[200801,183000],[-69,14],[-18,32],[86,9],[1,-55]],[[204761,187980],[-16,-23],[-57,-2],[20,65],[53,-15],[0,-25]],[[194711,188041],[-19,31],[-47,11],[65,19],[40,-68],[-39,7]],[[191741,196289],[-46,16],[3,34],[50,13],[-7,-63]],[[202277,186964],[-19,-37],[-24,27],[0,49],[35,4],[8,-43]],[[204026,187442],[-33,-32],[-19,29],[16,46],[36,-43]],[[204609,187496],[-62,-1],[40,52],[22,-51]],[[191784,196194],[-56,-14],[8,46],[43,-9],[5,-23]],[[203901,187893],[-39,15],[12,41],[33,-15],[-6,-41]],[[202318,186839],[-41,10],[-3,31],[46,5],[-2,-46]],[[201338,181995],[-34,51],[45,-3],[13,-40],[-24,-8]],[[194707,197016],[0,17],[141,0],[0,-18],[-141,1]],[[185580,189983],[-35,43],[45,7],[16,-29],[-26,-21]],[[203733,187914],[-23,-13],[-6,69],[34,-27],[-5,-29]],[[201933,183878],[-31,2],[11,61],[20,-63]],[[191593,196457],[-25,0],[-7,38],[44,5],[-12,-43]],[[203371,188619],[-21,-20],[-24,59],[45,-39]],[[192202,195845],[176,61],[3,-8],[-175,-61],[-4,8]],[[188074,183386],[-47,14],[39,27],[8,-41]],[[191978,196338],[-25,21],[53,12],[14,-27],[-42,-6]],[[194609,197185],[16,33],[17,-55],[-33,22]],[[190857,189790],[3,-9],[-150,-38],[-2,9],[149,38]],[[193749,188050],[-35,48],[19,7],[16,-55]],[[200919,183544],[13,-49],[-28,23],[15,26]],[[201412,182594],[-20,18],[19,43],[1,-61]],[[201239,183104],[-34,6],[18,31],[16,-37]],[[194702,195803],[5,-7],[-123,-77],[-4,7],[122,77]],[[192192,197382],[40,27],[-20,-41],[-20,14]],[[202144,188504],[-19,43],[25,2],[-6,-45]],[[199171,189327],[10,1],[-2,-123],[-10,0],[2,122]],[[191564,196171],[-25,23],[43,0],[-18,-23]],[[202362,188557],[-22,23],[44,0],[-22,-23]],[[133635,316088],[-98,25],[-9,16],[-108,32],[-121,-21],[-93,19],[-55,0],[-54,-28],[-23,-88],[15,-12],[8,-87],[-14,-52],[-33,-32],[-32,30],[-5,71],[13,34],[-22,44],[-85,56],[-111,27],[-109,-15],[-20,-59],[-52,-82],[-82,8],[-86,51],[-19,69],[-34,12],[-88,-42],[-2,69],[-37,25],[-43,-17],[-67,3],[-86,38],[-30,-2],[-69,40],[-15,-12],[-121,37],[-26,47],[-1,63],[45,42],[-11,96],[-44,49],[-32,81],[-63,35],[-46,42],[-86,32],[-76,3],[-81,46],[-79,17],[-67,69],[30,88],[76,77],[-8,128],[-68,30],[-30,104],[-131,93],[-27,45],[5,61],[86,117],[43,37],[162,107],[74,76],[36,0],[212,152],[49,9],[81,-27],[80,-65],[93,-41],[95,-19],[83,33],[57,40],[12,34],[28,-6],[117,87],[49,83],[113,27],[7,-27],[-35,-97],[30,-82],[34,-20],[76,1],[75,32],[56,63],[53,78],[-4,88],[17,17],[39,112],[58,89],[36,-5],[40,-45],[9,-41],[-37,-77],[1,-75],[-72,-27],[-18,-32],[20,-30],[42,-13],[10,-54],[90,-90],[-77,61],[-22,-20],[-70,59],[-81,-93],[-74,-68],[3,-34],[38,-31],[-21,-26],[38,-32],[31,25],[202,65],[-21,-58],[21,-38],[-13,-50],[46,-106],[-11,-64],[61,-15],[57,-46],[-44,-95],[-45,-51],[9,-85],[44,-72],[73,-19],[124,79],[20,-19],[-18,-103],[47,-69],[85,-28],[36,47],[22,-6],[174,16],[1,-7],[-174,-16],[-20,-72],[35,-98],[93,-4],[-58,-12],[0,-184],[-13,-36],[131,59],[-64,-38],[28,-55],[109,-60],[10,-29],[63,7],[3,-26],[68,40],[-13,14],[17,55],[-32,87],[-27,24],[-31,106],[-24,28],[13,39],[82,-31],[39,-1],[39,97],[-4,81],[71,6],[27,36],[-10,27],[16,64],[27,21],[47,-7],[40,27],[42,59],[161,72],[-41,91],[-89,-29],[-63,-1],[-23,-44],[-66,13],[-104,80],[-53,73],[-59,105],[1,89],[-33,119],[29,71],[44,12],[81,-1],[77,-81],[66,-34],[63,45],[102,3],[24,35],[-64,34],[-89,23],[-9,78],[-55,13],[-74,59],[10,48],[107,25],[74,-22],[25,-50],[37,-29],[59,-8],[48,31],[111,-4],[37,-22],[50,-66],[47,18],[0,59],[105,-42],[68,40],[-18,44],[-85,53],[-12,44],[6,68],[52,52],[84,-1],[31,-21],[27,-109],[74,-21],[56,-40],[43,-8],[53,20],[60,-74],[72,-11],[4,67],[-22,27],[-33,95],[14,63],[30,38],[59,33],[58,9],[36,45],[74,62],[65,75],[44,-3],[60,-46],[54,40],[9,57],[44,108],[138,129],[-18,29],[119,115],[18,39],[45,31],[47,71],[46,12],[81,-11],[19,-38],[57,34],[23,53],[36,24],[116,24],[119,-71],[6,-60],[56,-80],[-1,-52],[28,-53],[66,-17],[30,23],[-25,77],[83,59],[-33,70],[-89,26],[-20,53],[27,156],[36,77],[-47,33],[-33,-34],[-69,10],[-32,48],[-31,117],[34,63],[65,55],[108,69],[37,41],[-26,54],[4,50],[51,19],[6,107],[27,20],[-3,50],[-46,12],[-23,38],[33,25],[27,78],[-12,25],[-95,58],[-16,71],[25,17],[-47,48],[10,14],[-42,82],[4,56],[-27,104],[-74,-27],[11,-117],[52,-116],[3,-40],[-87,-41],[104,-84],[21,-48],[-36,-23],[-24,-53],[-92,-74],[-42,-7],[-66,22],[-82,-24],[-32,39],[-30,68],[15,37],[2,82],[-15,42],[36,9],[-6,52],[-47,34],[-27,-18],[-83,-9],[-20,16],[-2,69],[-123,40],[-54,2],[-64,-29],[-64,8],[-36,-10],[8,45],[38,40],[-1,41],[49,70],[47,-10],[30,81],[46,27],[55,100],[120,162],[50,53],[34,57],[-24,98],[-83,42],[-13,48],[9,69],[37,39],[0,56],[-31,125],[12,64],[96,109],[27,79],[68,93],[-27,181],[18,49],[48,45],[-4,58],[13,88],[-17,118],[41,29],[54,8],[14,85],[-30,63],[-63,73],[8,38],[55,32],[47,50],[9,74],[33,74],[-16,65],[-31,58],[-24,81],[-7,92],[-25,32],[-27,122],[-1,89],[65,4],[-13,55],[-215,186],[-4,45],[46,29],[38,-8],[15,42],[-33,31],[7,115],[-55,102],[-45,60],[-10,46],[24,57],[38,30],[53,6],[-5,72],[-38,9],[-9,44],[18,51],[99,-5],[31,-49],[131,-35],[112,-10],[47,61],[114,-93],[-15,-8],[-14,-143],[-45,-64],[4,-79],[31,-19],[46,108],[69,131],[34,15],[41,-22],[23,-80],[110,-47],[80,-80],[32,21],[-28,122],[-95,76],[-24,74],[18,19],[73,19],[103,-140],[71,-25],[16,44],[-55,64],[-5,52],[65,28],[73,-46],[23,2],[137,-36],[48,43],[52,14],[98,-14],[-12,37],[-64,-3],[-108,-27],[-25,36],[81,88],[84,17],[41,21],[-30,74],[-47,4],[1,-33],[-91,-4],[-10,40],[-93,19],[-68,-8],[-101,4],[-149,-54],[-201,5],[-88,-41],[-25,55],[-32,-4],[-107,62],[-56,4],[-72,33],[-13,51],[47,40],[64,8],[5,50],[-34,43],[-64,-16],[-123,0],[-52,39],[-34,58],[-8,85],[28,44],[184,17],[68,-27],[25,-30],[60,9],[6,46],[-21,36],[27,32],[-34,55],[-50,-35],[-53,-6],[-82,10],[-67,-15],[-86,-3],[-46,23],[-28,68],[33,31],[86,35],[54,-14],[33,55],[-48,72],[-71,-47],[-57,13],[5,62],[-49,44],[-71,-10],[-40,11],[-37,69],[-80,44],[-10,28],[32,51],[82,-2],[69,-19],[67,14],[46,-54],[58,30],[-52,82],[-197,71],[-107,-25],[-57,28],[40,60],[63,-2],[2,32],[-39,39],[2,42],[41,24],[72,6],[97,-63],[115,47],[-30,46],[16,37],[88,3],[61,-13],[33,-34],[40,25],[113,-13],[75,-129],[25,-2],[40,44],[39,10],[66,-36],[82,-17],[31,-23],[74,41],[35,-11],[47,-51],[34,31],[-21,75],[41,14],[-5,50],[-155,61],[-5,-19],[-86,-17],[-108,58],[-70,10],[-42,-67],[26,68],[-123,72],[-148,48],[-16,-8],[-114,130],[-9,40],[34,49],[66,-10],[15,69],[114,9],[51,-13],[29,-57],[49,1],[18,46],[82,12],[25,22],[107,3],[78,22],[54,-37],[47,23],[16,30],[-10,60],[-89,51],[-89,12],[-148,-18],[-71,-40],[-33,7],[-4,49],[-39,57],[-57,-35],[-106,-8],[-45,39],[-78,-12],[-29,19],[31,78],[-11,27],[-114,-36],[-1,71],[36,29],[27,60],[-23,64],[-68,-1],[-49,40],[-8,33],[32,84],[42,39],[6,72],[54,44],[71,1],[99,-18],[59,30],[21,59],[0,52],[-19,89],[-28,43],[-67,45],[-36,69],[-43,24],[60,50],[75,8],[35,70],[70,41],[67,-2],[7,-23],[55,-18],[28,-51],[51,-9],[7,-30],[44,-51],[24,12],[-12,49],[24,51],[-87,51],[-6,22],[47,77],[-35,40],[35,46],[-4,52],[26,16],[1,40],[86,-20],[42,22],[17,-19],[74,25],[114,2],[34,-39],[-23,-99],[83,7],[-2,-61],[18,-23],[89,-33],[45,26],[6,27],[-66,55],[-7,33],[31,17],[131,0],[64,-10],[101,20],[48,-7],[102,-80],[15,-31],[-9,-116],[26,-24],[12,-106],[80,-6],[-19,160],[16,41],[38,-2],[31,-64],[55,-33],[0,-26],[-41,-68],[35,-17],[69,15],[158,-90],[-8,-32],[41,-64],[17,-62],[-28,-42],[18,-70],[-47,-35],[-21,-46],[-70,-26],[6,-51],[43,-16],[-55,-82],[13,-43],[-15,-112],[-23,-83],[21,-73],[69,-54],[55,-15],[84,12],[43,-6],[19,-27],[42,9],[21,-43],[32,-9],[62,27],[47,-3],[-6,-38],[38,-10],[105,6],[-9,44],[26,43],[-1,66],[-30,37],[-27,67],[-81,51],[-83,-27],[-14,-33],[-25,12],[0,111],[67,85],[16,45],[-8,46],[-49,10],[-6,58],[92,-1],[77,26],[48,-9],[-16,86],[-32,19],[0,60],[-22,35],[-1,47],[-51,26],[-43,81],[-93,45],[-6,45],[89,22],[-37,64],[-115,18],[-21,27],[19,30],[3,63],[-17,71],[9,51],[50,42],[49,73],[-6,24],[-63,24],[-4,28],[45,17],[84,-4],[62,17],[90,-16],[71,-62],[38,-71],[13,-70],[69,-4],[15,16],[-35,130],[-32,40],[20,26],[72,-13],[31,25],[2,38],[-75,20],[-104,9],[1,34],[-28,10],[-51,74],[-61,-9],[-34,41],[65,19],[73,-6],[46,26],[-44,29],[-14,34],[63,1],[-6,59],[51,19],[80,-13],[118,45],[9,16],[69,-39],[20,65],[49,-18],[7,-114],[43,-13],[52,101],[36,12],[91,-51],[89,15],[15,52],[-28,54],[-38,15],[-32,-36],[-33,25],[-15,90],[-82,79],[-104,-27],[-44,44],[57,146],[23,31],[22,85],[54,14],[16,40],[-47,75],[5,23],[116,14],[31,60],[149,21],[14,37],[1,129],[16,40],[57,-6],[35,-34],[118,-81],[53,-25],[151,-46],[40,2],[46,-96],[83,-15],[31,-19],[7,-41],[129,70],[31,-56],[-6,-24],[-81,-48],[-9,-53],[22,-76],[59,-61],[60,-27],[77,-7],[34,-34],[35,-111],[150,11],[-4,52],[-139,310],[-47,18],[-20,58],[58,134],[48,18],[16,63],[-58,119],[-84,13],[-198,-46],[-43,-34],[-41,-93],[-32,16],[-128,133],[40,27],[-52,61],[-15,61],[51,34],[96,15],[69,47],[28,48],[11,98],[39,99],[108,157],[55,9],[81,-19],[10,71],[-86,116],[-106,116],[37,71],[-51,68],[-102,0],[-72,-71],[-63,-26],[-108,-7],[-78,131],[-93,36],[-69,-32],[-21,10],[-51,-57],[54,-7],[-1,-42],[80,-20],[-5,-73],[58,-79],[34,-74],[-28,-124],[-37,-33],[18,-23],[-21,-99],[-20,48],[3,42],[-25,38],[-44,26],[-10,51],[-28,48],[-88,31],[-50,-35],[-2,-41],[43,-72],[41,-96],[-8,-45],[-106,-14],[-80,-54],[-128,-158],[0,-37],[-31,10],[-106,-40],[-69,31],[-50,-2],[-46,-60],[-92,-100],[-34,-81],[-26,-139],[-88,-37],[-49,-40],[-72,-93],[-15,-67],[43,-43],[-4,-31],[-79,-70],[-55,-6],[-70,35],[-55,9],[-66,-48],[-57,22],[-105,-5],[-28,-53],[-68,-75],[-54,-13],[-12,-43],[-103,-128],[-38,-19],[-166,48],[-68,3],[-23,-20],[-105,0],[-182,-56],[-44,-109],[-59,-8],[-98,30],[4,36],[36,36],[10,39],[45,58],[83,38],[31,73],[80,44],[60,9],[-41,47],[25,75],[-38,16],[13,36],[-63,31],[-38,-2],[-50,-59],[-41,-23],[-43,10],[-96,84],[-33,57],[2,69],[-72,2],[-15,-76],[-75,-43],[-58,-4],[-84,48],[-58,3],[-12,27],[45,42],[8,108],[-45,13],[-54,-7],[-18,59],[-23,19],[-82,4],[-18,-58],[-33,25],[1,-59],[-39,-11],[-79,72],[32,39],[13,47],[-22,43],[-86,66],[-71,79],[-13,66],[48,85],[46,30],[110,101],[-4,76],[80,134],[32,108],[-40,49],[34,113],[9,-15],[-30,-95],[41,-51],[24,18],[63,-47],[45,46],[21,70],[14,99],[28,49],[13,76],[-20,90],[-85,100],[-81,-9],[-25,15],[-116,-23],[-65,78],[-106,31],[-64,-1],[-37,35],[-4,38],[71,68],[50,76],[8,84],[-23,78],[-48,3],[26,96],[130,93],[53,52],[105,75],[69,19],[57,100],[-41,18],[-11,35],[36,61],[-12,89],[52,69],[-3,73],[-18,30],[44,56],[87,12],[91,27],[54,54],[-1,92],[-20,33],[-10,72],[16,67],[56,44],[63,28],[-19,73],[23,29],[7,165],[-71,29],[-36,33],[55,60],[52,-46],[78,59],[41,-3],[33,-48],[58,-21],[59,2],[12,-32],[45,-45],[72,-40],[53,1],[47,26],[29,39],[-43,85],[-3,132],[-30,50],[-57,12],[-10,40],[63,4],[23,47],[29,15],[60,-43],[51,11],[32,36],[78,23],[48,-7],[28,34],[-18,14],[-12,72],[66,41],[5,60],[85,-60],[40,30],[-19,44],[25,7],[62,-36],[-9,59],[-65,43],[10,38],[42,26],[44,-1],[51,-28],[166,3],[46,-33],[97,80],[6,107],[-65,20],[-32,-33],[-93,70],[-124,12],[49,39],[23,52],[16,151],[51,25],[44,-2],[-40,83],[64,21],[-35,24],[-51,3],[11,45],[83,61],[88,129],[-2,87],[-19,84],[13,57],[117,129],[30,62],[-18,39],[-53,34],[-34,69],[13,46],[62,52],[36,11],[41,108],[75,61],[138,30],[39,47],[20,53],[-29,135],[26,142],[-2,94],[-23,70],[-43,71],[1,73],[22,57],[49,85],[12,46],[-10,91],[-26,18],[-4,64],[43,67],[65,67],[103,21],[29,29],[3,42],[48,33],[77,99],[-1,72],[-39,2],[10,47],[69,-7],[37,-45],[27,18],[77,-54],[24,-56],[36,5],[50,56],[-2,60],[-46,41],[-53,23],[15,48],[119,-2],[93,63],[-4,92],[-29,54],[-84,76],[-102,14],[-23,-118],[-14,2],[27,126],[-19,11],[21,79],[40,16],[17,112],[-53,63],[20,34],[63,55],[44,75],[27,142],[-4,43],[27,85],[74,60],[27,55],[-28,57],[28,5],[-2,55],[101,55],[26,0],[17,63],[54,88],[-12,30],[54,101],[48,-36],[80,56],[-35,46],[48,65],[-8,26],[55,51],[44,110],[-4,24],[-70,12],[-109,68],[69,21],[44,-46],[73,2],[1,29],[-34,59],[56,92],[18,-7],[-5,-75],[24,-85],[119,27],[35,-31],[-6,-82],[16,-26],[-11,-43],[34,-91],[58,-84],[47,-34],[98,33],[4,-9],[-99,-33],[-15,-109],[19,-78],[-49,-29],[-22,-53],[-41,-37],[-31,-85],[-17,-158],[-24,-152],[26,-109],[-21,-101],[4,-40],[45,-80],[52,-41],[-20,-82],[5,-37],[97,46],[31,40],[14,50],[-114,146],[9,112],[21,96],[73,84],[18,-281],[127,-103],[46,-2],[183,-73],[65,85],[-64,41],[36,47],[-93,67],[-23,36],[21,81],[43,44],[8,77],[-58,27],[-89,96],[-128,29],[-15,21],[99,158],[53,-25],[33,20],[29,90],[-58,32],[35,88],[15,77],[69,44],[45,118],[65,49],[46,-71],[30,-4],[111,29],[24,38],[-21,22],[-79,14],[-91,84],[-4,27],[34,29],[48,-11],[20,-28],[116,-14],[16,46],[-56,11],[-49,40],[36,49],[-23,56],[-37,-15],[-50,7],[-24,39],[35,58],[-69,47],[-63,60],[30,15],[68,-38],[31,26],[8,90],[30,1],[32,-45],[42,-21],[49,9],[32,90],[121,45],[45,-24],[1,-28],[48,-6],[32,17],[36,83],[54,-16],[77,-70],[40,-1],[29,30],[13,57],[-16,22],[-84,-4],[-14,30],[23,58],[-35,66],[-147,43],[-50,51],[-47,69],[-83,24],[-10,46],[90,24],[76,-46],[27,17],[12,77],[24,31],[94,45],[-26,98],[4,35],[37,20],[-9,45],[-42,9],[-44,-28],[-60,-93],[-19,-3],[-72,60],[-22,39],[33,32],[-6,42],[-53,40],[11,67],[71,16],[24,-29],[53,5],[56,84],[163,41],[12,-37],[43,-18],[19,-66],[53,-92],[66,-28],[82,-11],[96,-70],[73,-22],[49,-54],[9,-42],[-6,-92],[-16,-75],[-35,-69],[-80,-73],[-15,-41],[3,-111],[46,-105],[10,-63],[46,-28],[124,-111],[100,-60],[47,-2],[70,-53],[105,-18],[115,16],[89,52],[53,-10],[61,11],[70,46],[106,5],[85,-26],[56,23],[-16,60],[-34,-8],[-75,16],[-29,47],[51,91],[46,58],[153,59],[97,27],[24,58],[17,108],[-9,36],[69,129],[39,90],[42,64],[24,6],[30,-42],[64,-40],[57,-53],[68,-39],[23,-57],[84,-25],[34,37],[-47,42],[121,-54],[79,-107],[6,-39],[42,-2],[56,74],[12,43],[-40,113],[39,42],[74,-46],[26,-61],[3,-69],[-70,-44],[47,-26],[99,-6],[-18,52],[-8,78],[-25,82],[-66,61],[-180,66],[-34,17],[-197,137],[-142,144],[-218,-16],[-275,-359],[-10,10],[279,358],[213,19],[-111,114],[-311,-36],[-2,38],[-62,-27],[-141,-28],[-77,-77],[-4,-30],[36,-4],[-4,-89],[35,-2],[0,-90],[-23,-31],[13,-76],[-56,-73],[32,-66],[-29,-29],[-70,-3],[-2,-39],[53,-43],[-112,-122],[-32,11],[-60,77],[-26,8],[-85,-18],[13,48],[29,29],[-44,35],[-75,-26],[-28,26],[-93,5],[-29,14],[23,26],[76,-2],[19,22],[-56,65],[1,117],[-65,36],[34,75],[30,33],[57,17],[-17,53],[-20,-5],[-106,21],[-28,27],[-28,75],[0,66],[23,21],[52,-6],[22,-21],[28,17],[10,87],[-74,-1],[-44,35],[-25,55],[18,38],[62,58],[34,-4],[-4,82],[-65,71],[14,56],[52,4],[42,-19],[29,28],[-31,23],[19,30],[89,13],[1,40],[-111,24],[10,50],[126,100],[60,-8],[-33,23],[-7,68],[-60,31],[-232,-129],[-13,22],[-36,-23],[44,-131],[-8,-4],[-67,183],[-12,95],[38,22],[0,52],[-77,125],[-17,74],[16,34],[53,10],[46,-11],[38,41],[-23,53],[-46,14],[-66,64],[11,38],[69,37],[65,15],[19,73],[39,45],[10,63],[-68,75],[-129,13],[-66,45],[-84,-3],[-37,-58],[129,-80],[-4,-9],[-116,72],[-41,-12],[-26,17],[-76,-8],[-35,-24],[-30,-63],[-12,-127],[-74,-61],[-70,-16],[-77,-34],[-21,-37],[-110,-50],[-85,33],[-74,71],[-74,29],[-65,50],[-33,42],[-97,35],[-105,2],[-30,-32],[-101,-52],[-48,16],[-39,61],[6,51],[53,18],[19,35],[-3,49],[69,65],[-78,203],[1,30],[180,11],[47,30],[41,61],[8,39],[-28,137],[18,30],[-38,67],[-110,28],[-8,40],[61,122],[33,105],[-5,53],[-54,83],[-2,-71],[-29,-58],[-83,65],[-13,-14],[-80,37],[31,61],[24,-10],[35,41],[-77,65],[-150,21],[-28,-42],[-97,-279],[115,-26],[113,9],[-4,-12],[-112,-7],[-152,37],[-42,-32],[-78,-101],[-50,25],[-34,92],[17,94],[-4,71],[-20,45],[-40,31],[-116,50],[-65,46],[-8,36],[71,127],[78,83],[104,143],[0,58],[-104,135],[-80,63],[-110,-9],[-107,-56],[-185,14],[1,12],[177,-14],[-7,10],[105,53],[-38,129],[46,20],[-7,30],[-115,-29],[-4,9],[164,40],[8,70],[52,51],[-15,12],[-66,-30],[-73,95],[-35,17],[-118,22],[-105,-94],[-15,-63],[-29,-38],[19,-52],[-55,-63],[-10,-163],[-38,-32],[-46,-7],[-47,-48],[-23,-59],[-60,-37],[-39,-6],[-53,-46],[-99,-213],[-12,-93],[-52,-139],[-21,-18],[-74,-141],[-37,-38],[-104,-63],[-74,-56],[-147,-131],[-58,-40],[-78,11],[-87,-4],[-58,11],[-146,7],[-87,-7],[-61,8],[-101,-6],[-105,-20],[-41,16],[-69,102],[15,33],[-10,73],[-42,57],[-15,56],[-44,37],[-21,90],[-42,67],[-18,57],[-14,93],[-37,47],[-44,162],[1,82],[43,211],[24,68],[-7,47],[31,130],[11,147],[45,129],[-21,36],[113,152],[72,42],[31,-4],[120,-83],[85,-32],[63,-11],[7,32],[-20,59],[21,3],[6,-87],[28,17],[105,2],[-17,129],[-1,73],[-167,14],[-2,13],[184,-11],[121,74],[72,14],[50,66],[51,45],[118,153],[74,71],[81,152],[20,124],[32,49],[22,78],[8,99],[75,99],[58,152],[-1,69],[-26,144],[-36,77],[-17,84],[26,41],[34,155],[27,34],[90,11],[23,35],[104,83],[79,32],[51,98],[119,41],[15,79],[-35,78],[11,48],[65,41],[46,2],[120,-29],[43,33],[94,-6],[18,12],[-46,147],[-77,83],[-34,99],[17,81],[40,35],[129,62],[29,69],[6,99],[-14,136],[19,96],[55,162],[1,57],[-44,70],[-126,64],[-47,10],[-36,35],[-31,66],[4,67],[-19,174],[34,130],[8,108],[40,16],[3,55],[47,80],[108,108],[106,142],[124,124],[28,113],[-25,32],[-1,58],[19,74],[35,81],[63,31],[-4,32],[76,147],[91,111],[65,28],[20,27],[58,133],[58,62],[36,75],[27,186],[-21,95],[67,123],[-1,64],[-76,88],[-16,63],[8,118],[36,196],[21,47],[58,64],[78,52],[-5,25],[79,19],[71,139],[59,39],[52,70],[54,126],[44,41],[29,154],[-17,65],[-35,55],[15,150],[91,145],[26,65],[84,104],[1,98],[-13,64],[-108,191],[12,158],[50,92],[32,112],[11,99],[-17,100],[7,96],[48,188],[-21,66],[200,137],[4,74],[-36,90],[-42,57],[0,92],[-16,64],[-35,-3],[-35,199],[-1,133],[63,43],[78,119],[22,58],[49,39],[39,-5],[36,43],[31,0],[29,-44],[64,-16],[52,-50],[51,0],[27,33],[62,-19],[82,17],[38,54],[56,35],[67,16],[65,100],[28,20],[100,-13],[40,8],[76,89],[64,2],[58,-38],[29,-49],[13,-55],[-5,-67],[98,-34],[81,21],[31,20],[54,-5],[59,15],[20,-59],[-8,-89],[31,-44],[-2,-78],[-29,-90],[26,-42],[51,-2],[22,-158],[16,-6],[21,-77],[-17,-77],[-2,-69],[28,-28],[-8,-45],[19,-118],[54,-58],[113,-41],[-4,-11],[-161,57],[-117,-351],[28,-55],[138,130],[42,146],[26,31],[-57,-175],[-143,-135],[117,-104],[213,197],[-55,-67],[51,-41],[65,-8],[53,33],[35,81],[8,62],[-55,33],[75,-26],[63,55],[61,19],[22,66],[36,173],[-6,29],[99,234],[116,135],[129,42],[82,47],[130,0],[46,12],[132,88],[85,42],[122,90],[137,78],[97,75],[124,43],[76,43],[41,39],[54,16],[329,-48],[94,10],[108,-14],[46,-30],[35,5],[103,-49],[58,-68],[21,-7],[45,-98],[76,-85],[127,-73],[46,-49],[29,-60],[1,-42],[36,-44],[61,-125],[9,-93],[-5,-147],[19,-61],[-3,-105],[-21,-57],[-7,-86],[-39,-69],[9,-27],[95,-82],[114,-38],[64,0],[89,152],[49,46],[49,24],[36,41],[39,135],[54,83],[99,87],[122,76],[76,63],[83,100],[51,9],[68,53],[50,106],[40,57],[144,98],[170,-114],[30,-100],[36,-84],[72,-16],[34,-30],[3,-33],[35,-31],[27,-86],[124,-85],[106,-6],[27,28],[56,2],[68,28],[16,48],[62,30],[43,-33],[116,-25],[48,88],[10,-5],[-45,-86],[87,-51],[86,-160],[16,-44],[73,-58],[54,-29],[-23,-46],[14,-31],[70,-28],[-9,-15],[67,-25],[16,44],[286,-77],[49,107],[10,-5],[-45,-106],[17,-33],[-33,-60],[31,27],[39,-19],[53,2],[-16,29],[36,60],[-10,15],[28,125],[44,28],[36,-9],[14,-72],[44,-34],[71,6],[63,-24],[109,-60],[35,30],[61,-19],[37,48],[38,-24],[67,40],[38,-4],[9,28],[-175,74],[-128,-24],[-67,16],[-52,71],[-30,77],[-103,13],[-86,26],[-141,-23],[-50,40],[-237,116],[9,145],[32,41],[-36,117],[-55,78],[-70,-5],[-78,57],[-48,72],[-119,-39],[-50,0],[24,49],[62,44],[-69,90],[-53,15],[-22,58],[41,128],[60,121],[74,10],[52,-57],[107,-20],[52,51],[75,47],[85,26],[54,43],[5,78],[-117,237],[31,116],[31,32],[19,59],[62,6],[34,-22],[48,-61],[49,13],[1,31],[48,43],[91,5],[23,18],[6,-97],[18,-16],[8,-71],[91,-7],[62,-97],[39,-34],[11,-50],[64,-65],[-2,-24],[87,-4],[33,43],[24,63],[55,32],[3,50],[-66,133],[-98,94],[-66,123],[-15,5],[-51,111],[23,51],[43,47],[-44,47],[18,38],[85,38],[96,5],[46,-65],[42,-27],[77,8],[5,52],[-32,43],[-69,41],[-2,33],[41,65],[-38,87],[-42,46],[41,32],[51,80],[-33,34],[-46,-10],[-21,22],[86,67],[78,-66],[37,25],[17,58],[-16,65],[-72,21],[-68,54],[12,45],[109,53],[73,45],[84,0],[18,-49],[88,-38],[44,21],[54,63],[10,38],[33,27],[85,7],[118,-60],[67,-15],[73,64],[27,144],[-23,43],[-46,11],[-52,50],[-44,3],[-52,-39],[-31,13],[-4,43],[67,45],[51,-23],[25,27],[2,59],[74,80],[42,5],[62,126],[37,9],[45,41],[0,25],[-68,94],[-19,-22],[-51,20],[-37,-16],[-15,-42],[39,-11],[-81,-81],[-122,-34],[-30,-51],[57,-103],[-10,-6],[-54,103],[-37,-15],[-82,8],[10,112],[-23,6],[14,41],[52,54],[-39,57],[53,11],[61,-35],[-14,40],[-41,31],[-12,59],[52,4],[6,-46],[48,101],[33,-17],[7,48],[40,0],[61,-56],[39,1],[91,53],[51,44],[14,-38],[51,21],[-37,81],[75,21],[2,51],[28,42],[51,3],[74,42],[92,-53],[46,24],[13,29],[-52,63],[-34,85],[9,56],[-22,84],[-55,58],[3,51],[46,53],[41,3],[72,-33],[22,-55],[46,24],[-8,64],[-61,67],[3,42],[35,53],[43,26],[63,2],[92,51],[43,38],[21,-24],[-32,-126],[17,-48],[141,27],[23,-22],[-55,-74],[30,4],[100,-72],[47,48],[39,12],[80,-34],[41,35],[50,5],[35,-63],[65,1],[55,-19],[54,-45],[36,6],[2,40],[44,51],[128,-9],[31,-74],[56,-34],[23,-61],[69,44],[144,111],[26,44],[44,15],[40,-9],[126,135],[86,52],[49,46],[44,15],[68,50],[38,-35],[18,-76],[90,-30],[6,-19],[106,-92],[25,-46],[61,38],[57,55],[38,-33],[53,-89],[3,-183],[-47,-34],[-40,-52],[-12,-94],[75,-54],[-122,-41],[18,-53],[-42,-17],[44,-87],[135,64],[31,88],[23,-13],[59,54],[187,65],[65,1],[33,-32],[42,10],[32,-145],[77,11],[-25,135],[11,3],[22,-137],[62,8],[3,99],[-48,71],[-105,92],[-56,4],[-138,213],[98,73],[28,127],[-77,102],[-56,24],[-171,34],[-130,-34],[-57,25],[-31,63],[8,34],[161,141],[-48,67],[-40,-15],[-53,40],[-245,6],[-103,-31],[-39,32],[-56,-21],[-49,4],[-33,45],[-64,36],[-44,47],[-23,-44],[22,-35],[-21,-74],[-32,-32],[-28,10],[-8,65],[-39,52],[-83,-40],[-10,-26],[11,-106],[-51,-57],[-88,-51],[-61,-76],[-117,-21],[-87,-47],[-39,4],[16,49],[-46,192],[-96,38],[-59,55],[-77,27],[-58,44],[-11,34],[22,97],[0,53],[75,71],[8,31],[-25,92],[22,37],[28,-2],[37,51],[-9,29],[109,90],[74,2],[72,92],[-48,18],[19,63],[72,-3],[21,22],[-2,113],[-30,34],[-49,16],[-99,11],[-23,-21],[-50,19],[-81,66],[-77,-24],[-27,7],[-47,-26],[-42,3],[-30,42],[-7,59],[32,108],[17,-5],[95,173],[43,17],[56,-51],[8,-46],[60,21],[28,65],[42,62],[-16,46],[31,65],[45,13],[24,47],[-3,54],[55,113],[-77,-28],[21,54],[56,11],[53,42],[28,42],[69,-20],[33,64],[110,-31],[12,28],[75,85],[39,12],[88,129],[98,50],[26,-18],[-21,-57],[-53,-54],[-16,-42],[-54,-33],[-39,-64],[29,-29],[44,13],[112,74],[55,5],[-6,-23],[26,-93],[-55,-24],[-21,-55],[10,-49],[-17,-27],[-72,9],[-26,-32],[14,-51],[-51,-23],[-54,-64],[-41,-81],[-70,5],[-12,27],[-50,-5],[-21,-88],[-36,-83],[61,11],[0,85],[25,41],[64,-32],[15,-95],[18,74],[121,-20],[-35,119],[40,37],[44,-16],[44,28],[32,-13],[-13,-76],[32,-45],[90,6],[-8,33],[22,50],[87,27],[42,-30],[19,-62],[28,67],[42,15],[21,92],[37,40],[1,29],[61,23],[37,-2],[15,-28],[-7,-71],[53,2],[-24,-143],[19,-33],[44,55],[37,20],[20,-26],[-23,-78],[27,15],[40,-16],[20,-76],[-15,-28],[34,-22],[31,52],[-16,23],[16,60],[38,31],[12,-25],[65,-21],[7,-43],[-55,-75],[8,-59],[32,-44],[45,-6],[69,93],[26,13],[33,83],[46,1],[18,-25],[106,43],[49,-74],[55,-15],[85,47],[77,10],[25,43],[-95,46],[-61,50],[51,105],[23,3],[35,-50],[40,-21],[41,23],[-31,37],[18,41],[55,1],[14,20],[-65,30],[9,32],[55,20],[20,33],[45,-25],[60,14],[76,-70],[54,-19],[-54,-33],[-10,-52],[51,-45],[-9,-77],[31,-29],[65,12],[30,40],[-50,9],[19,141],[-47,128],[-44,66],[26,37],[47,20],[-13,50],[66,-116],[42,9],[26,63],[-134,208],[-83,-50],[13,28],[-35,13],[7,59],[137,-3],[31,38],[86,-70],[41,4],[31,38],[-38,39],[15,50],[179,-47],[36,3],[-74,61],[-93,35],[-25,40],[27,53],[69,17],[52,-4],[60,-33],[33,56],[-146,63],[-64,56],[-44,-3],[-58,-53],[-42,9],[64,49],[107,47],[23,-23],[16,29],[51,32],[11,32],[54,56],[62,36],[-23,-54],[16,-38],[35,-1],[61,105],[32,22],[61,-27],[31,26],[-13,70],[-34,15],[-39,-19],[53,104],[44,-26],[20,-68],[31,-32],[52,14],[-6,44],[-60,116],[18,14],[110,-80],[30,108],[20,23],[-51,36],[7,76],[52,-1],[58,-33],[3,86],[44,-7],[62,22],[3,-25],[43,-39],[-33,-29],[-83,-164],[17,-42],[-20,-72],[-40,-51],[8,-53],[59,-42],[25,-37],[63,-9],[7,-38],[111,2],[43,-58],[-19,-61],[-19,12],[-71,-60],[67,-57],[-49,-44],[-97,-48],[-75,-13],[-53,13],[-40,-11],[17,-56],[69,8],[-16,-66],[-64,-78],[12,-47],[-60,-51],[5,-60],[72,-87],[41,-15],[12,-60],[34,-29],[38,24],[-3,78],[-54,78],[1,61],[62,49],[54,87],[69,-1],[34,48],[66,-1],[-9,-35],[48,-12],[54,-61],[-19,-59],[-50,-92],[-29,-20],[-15,-94],[46,-24],[131,173],[27,17],[43,94],[26,7],[24,122],[50,110],[-8,85],[-51,73],[17,33],[31,-15],[18,65],[17,-42],[58,-22],[76,55],[94,32],[11,59],[60,-9],[8,-52],[20,0],[28,67],[39,-26],[60,2],[-14,-47],[16,-45],[-39,-31],[-62,12],[-58,-72],[-82,-36],[-36,42],[-56,-56],[-46,-160],[19,-62],[91,-29],[20,-114],[-46,-48],[6,-36],[144,-8],[0,-9],[-155,9],[-110,-27],[-45,-33],[74,-74],[-28,-48],[5,-49],[29,-35],[29,-90],[45,24],[113,-87],[17,-67],[26,2],[-3,-112],[50,-8],[11,76],[79,-8],[-11,90],[5,78],[-68,113],[-34,22],[2,54],[-82,31],[6,11],[85,-31],[36,10],[51,-13],[51,-38],[33,5],[-70,60],[42,109],[-8,82],[36,40],[8,44],[60,2],[4,37],[46,-24],[-29,-88],[19,-35],[59,-16],[3,-36],[91,-9],[13,41],[66,38],[22,78],[79,28],[106,163],[22,85],[-23,35],[-20,78],[-26,50],[33,44],[38,-3],[55,-43],[21,-38],[-8,-39],[-37,-25],[12,-82],[37,-35],[22,-53],[67,-38],[23,2],[-8,-56],[-47,-34],[-50,4],[-38,27],[-64,-55],[-12,-59],[44,1],[66,-78],[34,24],[44,-23],[-54,-113],[-77,-31],[-39,-33],[12,-51],[42,-4],[44,47],[41,17],[60,-47],[-18,45],[10,53],[66,11],[46,-32],[28,7],[79,-19],[70,-37],[40,7],[52,-40],[70,10],[21,42],[60,-16],[32,28],[28,-12],[20,-47],[-23,-49],[3,-64],[38,-72],[7,-56],[49,-44],[98,33],[23,-23],[22,-82],[30,21],[23,63],[-12,26],[49,11],[39,-77],[-29,-47],[50,-32],[-25,-81],[-55,-77],[-42,-99],[-138,-44],[-37,-32],[31,-39],[123,18],[92,22],[51,79],[8,68],[77,99],[-18,-1],[-17,55],[40,30],[53,-20],[43,38],[66,-77],[20,56],[42,2],[69,-63],[27,-2],[-56,123],[18,50],[46,11],[78,-11],[28,65],[56,55],[46,-31],[-57,-48],[12,-34],[72,-11],[25,65],[26,21],[74,7],[16,-77],[29,3],[144,164],[37,11],[-5,-51],[-46,-30],[-58,-120],[5,-34],[-79,-37],[-148,-124],[-93,-3],[69,-147],[-16,-44],[-87,-15],[0,-32],[89,-13],[39,-56],[-26,-54],[60,-40],[-31,-31],[-92,-20],[-27,71],[-39,20],[-51,-15],[-63,45],[-69,-25],[-17,-28],[-9,-74],[-30,27],[-71,9],[-136,-38],[-25,-27],[-74,53],[-82,-1],[-95,-46],[-56,-107],[-70,-45],[24,-49],[34,14],[36,-15],[7,-80],[-26,-65],[-32,-25],[-56,-12],[-49,-52],[26,-87],[58,-53],[64,57],[112,62],[47,-7],[70,41],[47,68],[38,15],[54,-16],[42,-52],[-39,-52],[-74,-37],[23,-19],[14,-108],[-29,-29],[-46,3],[9,-69],[-38,-26],[-44,23],[-90,5],[-33,-23],[4,-49],[33,-26],[-19,-27],[-172,-19],[-2,-62],[74,17],[45,-35],[63,5],[17,-16],[61,15],[20,50],[77,-11],[33,66],[53,42],[28,-18],[-9,-78],[90,-55],[-26,-74],[-52,-26],[-71,-104],[-4,-32],[108,-90],[-8,-8],[-105,91],[-80,-51],[-290,-101],[30,-56],[87,-122],[90,-10],[61,-71],[-63,-46],[75,-146],[-36,-59],[74,-56],[36,18],[82,-89],[-50,-87],[48,-22],[32,8],[59,72],[-75,162],[56,111],[-154,86],[13,3],[149,-78],[25,19],[43,120],[39,32],[13,39],[-28,48],[19,23],[78,43],[72,26],[84,125],[9,-6],[-84,-125],[97,-77],[19,-60],[35,-12],[14,53],[34,-44],[21,-58],[-24,-38],[59,-53],[-14,-47],[-52,-44],[-39,27],[-29,-34],[44,-73],[24,-3],[-33,-60],[-73,-86],[-46,-39],[-28,-46],[32,-25],[32,18],[94,124],[46,33],[65,72],[-3,93],[55,79],[44,30],[30,55],[54,18],[35,-21],[68,-128],[26,30],[54,-2],[76,42],[90,-3],[116,-17],[56,38],[19,59],[19,171],[-56,88],[-4,51],[45,62],[82,25],[-8,61],[-23,11],[-15,84],[34,76],[11,81],[-40,51],[-8,47],[-31,38],[-3,55],[70,83],[57,-42],[37,42],[94,37],[17,-9],[20,-73],[-38,-59],[54,-9],[16,39],[39,7],[28,35],[131,20],[57,-20],[75,16],[41,-7],[37,-30],[56,47],[64,7],[80,-43],[-52,-19],[-31,-84],[-28,-5],[-55,-76],[-74,-44],[-73,1],[-39,-119],[19,-39],[38,13],[51,-18],[80,-68],[6,-58],[62,3],[108,24],[9,-26],[-50,-27],[-18,-46],[-1,-59],[27,-21],[55,39],[-9,-94],[-19,-9],[-52,26],[-76,-64],[-64,-3],[-89,-26],[-41,19],[24,52],[-45,19],[-28,-50],[-93,-14],[-87,11],[-44,68],[-82,-17],[-35,36],[-98,-21],[-26,-16],[-47,-101],[14,-34],[66,-56],[51,-10],[34,-31],[-1,-42],[61,-64],[10,-48],[49,-58],[-44,-3],[-75,18],[-124,56],[-31,0],[-195,-48],[-31,-23],[-10,-122],[-11,-27],[-71,-35],[-20,-27],[17,-62],[32,-49],[-4,-44],[-49,-40],[2,-98],[50,-43],[-4,-33],[130,-55],[-4,-56],[-41,-32],[-49,-4],[-25,19],[-44,-35],[-49,-104],[28,-112],[91,-69],[36,-16],[159,-1],[197,-31],[66,-43],[12,-23],[54,-9],[7,25],[99,-32],[-42,-82],[32,-55],[36,-14],[80,28],[36,35],[63,25],[43,-8],[45,61],[67,32],[98,71],[73,75],[45,91],[97,132],[68,74],[41,14],[33,-18],[12,-42],[-28,-86],[23,-34],[-19,-39],[-51,-52],[46,-20],[1,-32],[-78,-73],[-83,1],[-59,-37],[-57,-74],[38,-18],[7,-34],[47,-18],[-88,-51],[-42,-3],[10,29],[-64,10],[-42,-45],[12,-28],[-92,-44],[-34,-38],[-66,-23],[-82,-14],[-89,29],[-44,-73],[-45,-47],[-44,2],[-26,59],[-56,6],[-34,-18],[-46,-101],[-48,-14],[-146,-103],[-43,-13],[-37,-41],[-58,-12],[-86,-90],[-100,-68],[-35,-50],[13,-47],[66,-57],[51,-1],[43,37],[169,82],[-12,-48],[-69,-81],[-18,-5],[-29,-72],[-38,-29],[-50,14],[-73,40],[-64,17],[-42,-15],[-68,30],[-32,-29],[10,-37],[-29,-41],[-54,-35],[-8,-55],[13,-54],[43,-64],[54,-3],[52,19],[41,-11],[58,38],[56,-16],[4,-69],[-60,-91],[-80,-42],[-10,-45],[-64,-62],[5,-31],[-42,-21],[-65,22],[-60,-30],[-17,-46],[27,-51],[-31,-58],[-60,-27],[-39,102],[27,88],[28,45],[43,6],[-33,49],[-37,-14],[-67,68],[-78,-39],[36,130],[-30,84],[-15,74],[-63,-15],[-27,-107],[5,-75],[-18,37],[-183,56],[46,-1],[0,31],[-91,27],[-9,-29],[35,-22],[-281,90],[-220,6],[-50,67],[33,79],[-5,32],[17,88],[-8,66],[-57,81],[-67,-16],[38,-54],[-2,-52],[-40,-47],[-18,17],[-29,-52],[3,-71],[-42,-149],[-53,-6],[6,-66],[70,10],[17,-40],[-151,-22],[-5,-23],[-96,-38],[-5,-14],[-194,-93],[-12,22],[-105,-36],[-31,0],[23,-69],[79,4],[41,-17],[99,-9],[130,66],[64,-57],[70,-13],[137,56],[54,37],[84,-14],[71,-52],[133,3],[-4,-50],[177,-69],[-20,-89],[-36,-46],[30,-51],[57,23],[1,-21],[-50,-48],[-21,-64],[-47,-64],[-1,-27],[41,-14],[119,102],[76,-59],[-53,-53],[-12,-35],[-68,7],[-42,-31],[-20,-50],[120,10],[190,50],[-4,187],[25,11],[-23,87],[35,-88],[72,2],[54,-20],[-53,-99],[-27,8],[14,53],[-54,4],[-21,-23],[-3,-148],[-38,-55],[-63,-19],[-89,-128],[-94,-35],[27,-36],[-41,-83],[-5,-47],[-33,-31],[48,-26],[39,22],[56,2],[-33,-61],[-41,-40],[-6,-60],[-63,20],[-55,47],[-102,-10],[-53,45],[-62,-23],[-91,-70],[-34,-64],[77,-56],[12,66],[38,32],[57,22],[77,-30],[-32,-61],[16,-10],[59,43],[74,-5],[6,-68],[79,-4],[92,39],[94,111],[42,76],[16,4],[106,163],[100,30],[42,-40],[-56,-87],[-77,-41],[-17,-92],[-48,-13],[4,-44],[-71,-95],[74,21],[38,37],[40,-14],[76,90],[146,25],[45,29],[66,-10],[24,15],[77,3],[41,-51],[-3,-69],[-127,-93],[21,-45],[-2,-54],[-40,-90],[8,-27],[-30,-25],[-7,-44],[-46,-51],[24,-42],[52,-36],[48,1],[60,115],[86,38],[-3,71],[26,32],[38,5],[16,33],[-37,146],[45,-1],[57,-45],[45,-12],[-5,27],[-56,62],[-19,49],[29,80],[-27,39],[67,76],[31,15],[24,-37],[-37,-47],[3,-59],[-13,-91],[58,1],[45,-23],[70,52],[87,15],[1,47],[36,28],[8,-91],[42,57],[68,16],[36,-7],[33,-37],[-5,-156],[31,-6],[61,47],[7,73],[84,41],[69,58],[49,-27],[7,-39],[-36,-124],[-29,-47],[-22,-90],[-6,-83],[-81,-48],[1,-37],[-46,-56],[-79,-37],[-144,-29],[-31,-18],[39,-16],[158,8],[20,-21],[-8,-40],[-47,-33],[-47,-95],[4,-34],[-36,-113],[-34,-15],[-31,-71],[-44,0],[-34,44],[-28,-13],[-24,-73],[65,-68],[-16,-50],[-48,-54],[-52,-13],[42,-48],[-13,-49],[-55,-32],[-55,-3],[-18,-98],[-37,-13],[-54,22],[-27,38],[-70,51],[-50,-22],[-13,-26],[28,-26],[71,-10],[38,-50],[8,-106],[-132,-26],[-84,-39],[-79,-22],[-7,-109],[17,-45],[66,20],[68,-30],[17,-48],[63,-20],[40,4],[60,36],[72,-2],[-10,-40],[-27,4],[-80,-24],[-48,-45],[0,-80],[-74,-64],[-49,-12],[-31,20],[4,-123],[-13,57],[-99,-2],[5,33],[-31,26],[-37,-34],[-78,-41],[-105,70],[-56,62],[-23,-9],[48,-61],[32,-62],[54,-30],[54,-52],[79,-8],[93,-26],[-17,-66],[-94,26],[-72,1],[-46,20],[-32,54],[-129,41],[-44,29],[-42,58],[-46,26],[-42,60],[-63,13],[-151,-88],[-63,-65],[-20,66],[-89,-32],[28,-63],[-83,-60],[-42,80],[-86,-16],[-92,-46],[-17,-57],[28,-29],[-1,-40],[-42,-53],[87,3],[24,-27],[-92,-21],[17,-95],[68,14],[75,-80],[-29,-32],[15,-66],[92,-8],[101,-31],[6,-22],[-114,-29],[-3,-41],[63,15],[38,-9],[43,-51],[34,39],[68,33],[42,-21],[10,-55],[-9,-118],[63,-32],[77,63],[72,40],[44,7],[37,-36],[16,-69],[-50,-75],[36,-20],[-24,-66],[27,-36],[75,-7],[52,-57],[7,-30],[74,67],[70,29],[-29,-56],[45,-66],[-18,-32],[-55,-2],[-36,-72],[-55,-44],[18,-68],[28,3],[17,-53],[-64,10],[-118,-59],[-14,6],[87,42],[-71,163],[-55,25],[-25,-10],[-14,34],[-75,49],[-50,4],[-70,-25],[-37,6],[-7,-29],[57,-14],[56,43],[67,-39],[85,-130],[-54,-36],[-47,43],[-57,2],[-11,26],[-35,-36],[42,-27],[26,-84],[-49,-56],[26,-44],[64,14],[48,-70],[-3,-35],[-66,-21],[-54,37],[-72,-14],[-6,39],[43,36],[-23,51],[-88,-6],[-32,54],[-36,-3],[-58,-50],[-163,-8],[-27,17],[-15,116],[38,55],[94,42],[-23,45],[-36,26],[-105,16],[-109,1],[-61,10],[-73,-52],[-61,-9],[-33,25],[-65,-1],[-41,24],[-34,-51],[-5,-35],[67,-23],[50,-50],[44,-68],[-31,-36],[-73,0],[-23,-51],[-59,14],[-46,-85],[66,-47],[-32,-41],[-96,20],[-36,41],[-9,56],[-70,25],[-52,-7],[-106,44],[-30,-4],[-67,-76],[-36,-89],[-141,-123],[-19,-53],[-39,-46],[-53,-12],[-48,21],[0,74],[-17,35],[-6,82],[13,42],[-20,48],[-47,39],[-78,23],[-70,6],[-69,-36],[-51,-55],[-25,26],[4,41],[-45,13],[4,48],[34,61],[-11,50],[7,55],[-28,44],[28,73],[-13,14],[-164,42],[20,87],[44,18],[-46,37],[-55,23],[-15,-12],[-54,68],[7,92],[-26,71],[-27,23],[-36,89],[17,86],[-25,105],[-37,37],[-19,77],[45,134],[-45,7],[-33,-59],[-53,-8],[-38,28],[95,63],[2,30],[-48,30],[-34,-16],[-61,-57],[-66,-34],[-33,-50],[12,-121],[-32,-60],[-19,0],[-58,62],[-73,32],[-16,127],[28,87],[-6,25],[29,92],[56,83],[-25,40],[51,63],[-57,56],[-86,-52],[-52,-47],[-79,17],[-10,114],[-33,75],[-38,54],[-60,138],[-33,-4],[-49,28],[-20,-67],[-15,-123],[-29,-63],[25,-7],[-12,-48],[-54,8],[-40,-127],[143,-34],[82,-34],[46,4],[15,-51],[-43,-79],[-125,-64],[63,-119],[-6,-43],[-78,55],[-80,-12],[-70,60],[5,70],[-68,22],[-39,-40],[-88,-20],[-5,-54],[51,-3],[54,-30],[4,-23],[-80,-27],[-179,-21],[-20,-23],[29,-58],[168,4],[83,25],[75,47],[87,-21],[62,-81],[25,-130],[41,-53],[81,-22],[154,-5],[27,-40],[99,-34],[68,8],[70,26],[46,-68],[59,-27],[74,62],[26,66],[9,-77],[-50,-113],[-75,-63],[-66,-20],[-48,1],[-43,-107],[35,-89],[41,7],[39,-21],[-11,-128],[15,-73],[31,-73],[82,-65],[34,-9],[46,-93],[47,33],[78,26],[28,-15],[29,-59],[45,-14],[44,-36],[6,-70],[-85,-49],[14,-47],[30,0],[24,-38],[108,27],[31,54],[57,-15],[36,-45],[44,-11],[18,-53],[-28,-44],[56,-81],[-81,-38],[-54,6],[-55,32],[-25,45],[-37,18],[-3,-38],[-40,-11],[8,-49],[-77,-21],[15,-67],[-48,-40],[54,-36],[-18,-47],[-56,6],[-70,26],[-70,63],[-6,26],[-54,58],[-9,98],[29,113],[-4,31],[-64,23],[-147,113],[-11,80],[-42,66],[-26,11],[-81,98],[-65,22],[-79,-11],[-51,53],[-27,-3],[-14,-40],[-49,27],[24,72],[-51,80],[-56,9],[7,29],[-46,16],[-55,-31],[-38,-64],[-118,-95],[-20,-38],[-52,-13],[-44,79],[-70,13],[-45,57],[1,60],[-68,27],[-19,38],[3,49],[32,10],[12,49],[-78,16],[-23,-115],[-48,-70],[-34,-14],[-50,16],[-25,-43],[-93,-46],[-67,18],[-30,45],[-23,96],[42,51],[-23,29],[15,44],[-35,29],[22,72],[-42,34],[-4,81],[44,72],[42,44],[-3,49],[80,42],[49,4],[30,-26],[23,17],[17,72],[-49,-11],[-173,-14],[-32,47],[-57,43],[-86,-105],[-37,34],[-3,-26],[-112,-137],[3,-56],[-17,-44],[-59,-1],[57,-120],[-45,-94],[65,-27],[31,-59],[24,-148],[33,-28],[9,-44],[-15,-43],[-47,-17],[-80,45],[-132,19],[-33,-27],[-16,24],[-39,-71],[8,-27],[49,-40],[39,-54],[47,-27],[83,-3],[46,18],[55,-11],[81,36],[32,-5],[2,-46],[91,-13],[43,-66],[137,-39],[-100,19],[-23,-72],[-34,-8],[-20,-66],[-82,-72],[-23,-68],[168,-128],[115,-40],[43,52],[116,21],[62,38],[6,58],[-8,94],[121,52],[57,15],[35,32],[36,3],[14,-36],[-39,-121],[-6,-66],[36,5],[-8,60],[46,-8],[26,65],[34,28],[29,63],[109,15],[34,-15],[28,-45],[3,-43],[87,-15],[18,-31],[-6,-51],[-27,-37],[26,-5],[11,-43],[-23,-79],[95,27],[10,31],[-33,46],[9,95],[30,72],[83,53],[41,46],[52,4],[35,-34],[46,-100],[10,-78],[83,-9],[22,-30],[-4,-64],[-27,-43],[-96,-12],[-18,-29],[100,-42],[27,4],[40,-129],[-11,-14],[32,-95],[-32,-52],[-25,5],[-52,-43],[32,-31],[54,-7],[49,-24],[19,-36],[-21,-68],[-52,11],[-77,36],[-62,-21],[-13,-51],[-71,5],[-65,-11],[-3,-44],[25,-12],[130,-4],[68,28],[-32,-86],[34,-24],[40,58],[37,15],[36,-29],[23,-148],[50,4],[25,78],[-28,70],[14,38],[65,-1],[61,44],[27,-33],[-15,-38],[59,-95],[65,-61],[-3,-58],[13,-83],[-18,-59],[-43,-18],[17,-62],[-25,-43],[-42,-29],[6,-53],[105,2],[47,69],[6,41],[64,30],[15,-27],[56,-16],[17,44],[-83,111],[-10,43],[30,45],[77,-26],[19,56],[-16,63],[-44,45],[12,53],[-21,69],[28,18],[117,-17],[44,5],[76,48],[57,-6],[45,-32],[12,41],[62,43],[19,52],[-9,82],[56,55],[55,-19],[-53,-121],[26,-23],[63,54],[28,-1],[3,-102],[19,-85],[54,-56],[16,-46],[-45,-16],[-88,47],[-39,1],[-59,-23],[-8,-23],[-61,17],[-36,-18],[-34,-80],[2,-50],[25,-7],[100,52],[67,-12],[230,34],[38,-39],[71,19],[22,66],[52,10],[112,43],[77,19],[73,-33],[-15,-71],[-57,-11],[-62,-46],[-40,-154],[35,-17],[29,32],[19,57],[40,6],[25,37],[51,-29],[50,28],[44,-29],[-24,72],[43,75],[78,8],[-43,58],[11,38],[46,29],[57,-18],[82,4],[19,-34],[-7,-60],[57,31],[18,122],[70,70],[29,-106],[-31,-54],[19,-76],[43,-42],[0,-32],[-34,-14],[-117,-110],[-20,-47],[9,-43],[32,-40],[10,18],[79,37],[-45,-86],[17,-41],[65,-44],[-1,-41],[-82,-78],[-1,-79],[19,-42],[-10,-40],[49,-25],[136,14],[65,-41],[54,2],[19,30],[83,69],[5,-40],[-22,-72],[-65,-95],[28,-24],[62,-17],[-20,-107],[167,-296],[-14,-8],[-89,161],[-126,-54],[34,-144],[-10,-2],[-52,169],[-85,-40],[-18,-53],[15,-132],[12,-14],[106,-1],[2,-28],[44,-56],[50,-9],[70,26],[4,20],[71,25],[28,-13],[14,-59],[72,-34],[23,-36],[37,6],[30,60],[60,-6],[112,14],[37,51],[41,1],[-2,-73],[-50,-106],[116,-23],[19,-24],[-56,-75],[-89,-68],[-6,-22],[-135,-78],[-196,-37],[-45,-35],[-58,-19],[-107,-100],[-37,-16],[-22,-50],[0,-102],[-40,-56],[-87,-25],[-88,16],[-46,-39],[-18,-65],[18,-39],[118,-108],[43,-25],[145,-7],[102,-66],[49,-55],[18,-45],[52,2],[8,-65],[-7,-66],[-52,-103],[-66,-56],[-86,-179],[-2,-39],[-72,-135],[-103,-93],[36,-94],[-29,-42],[23,-85],[-35,-73],[-78,-107],[2,-67],[-14,-47],[-74,-35],[6,-58],[76,-37],[39,-51],[65,-18],[80,10],[-7,-56],[-58,-50],[-5,-35],[105,22],[82,-23],[92,-95],[2,-41],[39,43],[39,-2],[47,-36],[-29,-23],[-35,-64],[-50,-52],[-45,-3],[1,-39],[76,-19],[20,-34],[-22,-85],[-27,-29],[-108,-22],[-92,62],[-38,-3],[-103,-55],[-30,5],[-154,60],[-20,27],[-56,15],[-39,-24],[-77,-113],[-37,-82],[-10,-60],[21,-75],[69,1],[69,21],[10,-27],[-54,-34],[-5,-122],[-13,-44],[12,-88],[-10,-120],[27,-51],[1,-42],[44,-84],[30,-10],[11,-89],[76,-118],[45,-27],[-8,-73],[-41,-7],[-64,-45],[-136,-70],[-13,-60],[27,-76],[42,-19],[48,49],[22,-10],[-48,-107],[-84,-129],[55,-79],[-23,-62],[3,-41],[114,-33],[54,9],[84,-29],[54,66],[57,26],[64,-12],[-1,-86],[-35,-76],[-48,-42],[-52,-15],[-67,18],[-93,8],[-36,-56],[38,-55],[79,-30],[-10,-86],[-29,-31],[-86,-17],[-29,-50],[-51,-16],[-54,-48],[-19,-80],[-50,-40],[-22,-86],[-29,-13],[-131,74],[-24,83],[-24,18],[6,59],[-115,50],[-32,54],[-24,1],[-117,-51],[-4,8],[115,53],[-6,22],[83,76],[52,15],[-1,48],[-122,-17],[-141,18],[22,-144],[-12,-2],[-25,147],[-112,-22],[-32,-24],[-99,-170],[-46,-25],[-80,17],[-29,-158],[-11,3],[20,135],[-225,46],[-32,-57],[-15,9],[37,68],[-60,145],[-33,9],[20,39],[-64,39],[-61,-5],[-63,-25],[41,-31],[-33,-86],[61,-163],[75,8],[-90,-29],[42,-53],[70,-30],[111,-30],[4,-19],[113,38],[4,-9],[-115,-39],[-18,-66],[53,-128],[-1,-87],[-18,-59],[9,-69],[40,-57],[-3,-24],[97,-167],[-20,-49],[-114,-47],[-48,9],[-46,39],[-55,-35],[48,-11],[38,-42],[10,-41],[-29,-57],[-34,-30],[32,-33],[39,16],[53,89],[65,10],[52,-79],[-3,-46],[20,-21],[45,38],[72,-12],[10,76],[52,-24],[9,-51],[45,34],[94,6],[52,-46],[-19,-34],[-55,-36],[-5,-61],[46,-19],[4,-44],[-50,-47],[-116,14],[-55,-84],[-49,-31],[-42,-54],[-11,-87],[79,-45],[-37,-71],[-54,-44],[-22,-70],[50,-76],[-38,-81],[-85,-41],[-70,-84],[-55,-36],[-53,-4],[-78,-108],[-21,-53],[-77,-51],[16,-15],[0,-94],[-20,-5],[-41,-129],[-49,-81],[-46,-20],[-196,-15],[-1,127],[-30,35],[-14,100],[-21,52],[-50,65],[4,40],[-35,4],[22,-77],[-40,91],[-27,6],[-124,-51],[123,-128],[31,-114],[-2,-109],[-22,-13],[-20,-128],[4,-31],[-59,-24],[-54,58],[-30,6],[-35,-66],[-47,-38],[-34,-2],[11,-125],[-15,75],[-178,2],[-4,23],[-62,12],[-11,18],[-123,44],[-20,-31],[-70,28],[11,25],[-34,14],[-60,-26],[-43,-139],[191,-44],[32,-67],[50,-33],[27,12],[99,-18],[69,-40],[9,-53],[57,-27],[7,62],[34,37],[100,-6],[21,-20],[-24,-83],[27,-111],[-21,-48],[54,6],[41,-48],[-2,-63],[-29,-68],[25,-37],[-10,-41],[-60,-51],[47,-56],[51,-2],[-38,-72],[-94,-61],[-70,37],[-34,-5],[-135,-111],[-74,-46],[-105,-90],[-70,-46],[-25,-68],[-75,-73],[-204,-21],[-29,-26],[32,-51],[9,-74],[-12,-79],[-30,-79],[-43,-14],[-26,-49],[-10,-62],[-84,-79],[32,-77],[-34,-60],[-73,-41],[-86,2],[-58,54],[-43,-15],[35,39],[-20,54],[-71,-2],[-103,21],[-20,-7],[-8,90],[-101,76],[-70,-66],[-3,-62],[29,-14],[-22,-40],[-36,-3],[-121,-136],[-33,13],[-9,-54],[41,-46],[89,5],[35,57],[104,60],[6,-13],[-89,-49],[37,-21],[81,-123],[173,100],[2,-11],[-208,-123],[-133,28],[-52,-14],[38,-38],[-51,-78],[-49,-30],[14,-51],[117,5],[22,-81],[-45,-79],[59,-54],[63,-41],[-1,-94],[35,9],[17,-28],[-32,-29],[-32,-114],[-54,-17],[-6,-42],[-99,-145],[-64,-18],[-9,-49],[-62,-70],[-15,-44],[-106,-5],[-35,-25],[-62,-16],[-17,-29],[-64,-19],[-124,-84],[-69,-20],[-22,-30],[-97,-63],[-46,-14],[-56,-44],[-35,5],[-37,-60],[-66,-54],[30,-49],[-1,-46],[87,15],[-3,-44],[-70,-50],[-21,-29],[-67,-41],[-40,11],[-128,-78],[-60,-97],[-37,-21],[-93,-91],[-159,-92],[-38,3],[-54,43],[-15,38],[-44,37],[-42,-20],[1,-70],[-35,-25],[-80,26],[16,-72],[-3,-53],[41,-105],[-37,-101],[-63,-74],[-122,-66],[-16,-66],[-94,-99],[-119,-91],[-67,-29],[-172,-45],[-86,-91],[-101,-11],[-29,38],[-44,119],[-57,41],[-7,32],[-40,-6],[4,-23],[-75,-73],[-58,-6],[-51,-38],[-61,109],[-6,-10],[-145,-42],[-42,-83],[70,-35],[111,-15],[21,-50],[68,-52],[64,85],[20,-14],[-65,-90],[42,-38],[56,-11],[50,-38],[-6,-28],[-137,-144],[-71,-15],[-24,60],[-39,24],[-81,19],[-48,33],[-71,-23],[-13,-18],[-120,-25],[3,-61],[101,-88],[86,-7],[80,-61],[-4,-64],[-25,-26],[-46,0],[2,-83],[-45,-62],[-18,-49],[-59,-18],[-61,-44],[-57,-129],[-37,-2],[-14,-43],[-35,-35],[-68,-8],[4,-27],[-74,-98],[-111,-69],[-45,-47],[3,-48],[-64,-51],[-128,-120],[-42,-59],[90,-61],[23,-58],[-31,-36],[-54,-20],[-71,42],[-76,-6],[-32,-86],[74,-98],[-9,-6],[-55,74],[-30,19],[41,102],[-23,10],[-30,80],[-70,-12],[-38,-46],[-16,9],[38,66],[-43,96],[0,28],[37,40],[28,61],[45,166],[-99,56],[-44,-46],[-34,14],[-37,-61],[76,-78],[17,-72],[-24,-34],[-107,-13],[-35,-19],[-33,-49],[41,-24],[84,-77],[-10,-10],[61,-99],[-34,-23],[11,-28],[70,-25],[44,-34],[-20,-46],[-40,-19],[-73,-80],[-12,-47],[47,-72],[42,-10],[-9,-81],[-89,-115],[-192,-89],[-24,30],[-4,87],[-27,27],[-58,-4],[-108,-103],[117,-112],[-110,-118],[-191,-184],[-2,-84],[-19,-22],[-47,6],[-50,-20],[-159,-170],[-53,-92],[10,-91],[53,-24],[70,-82],[127,-26],[-12,-37],[-115,-97],[-59,-35],[-136,7],[-123,40],[-25,-36],[-42,-12],[-67,-65],[-28,-1],[-65,31],[-37,-16],[-81,-79],[-18,-62],[-119,-87],[17,-65],[46,-19],[28,-64],[91,-70],[-24,-21],[24,-46],[96,-26],[77,-45],[29,-33],[-40,-120],[-89,-27],[-63,-52],[-68,-28],[-122,-85],[-20,-37],[-84,-69],[-48,-6],[-78,48],[-53,12],[-84,-72],[-91,-33],[-125,-141],[-81,-24],[-34,-72],[37,-60],[51,-15],[81,-2],[7,-39],[-43,-33],[-41,-56],[-62,21],[-5,102],[-51,67],[-150,31],[-125,-273],[-11,4],[82,179],[-263,111],[10,94],[117,-24],[46,25],[40,114],[34,-6],[34,104],[-83,33],[-22,-88],[12,91],[-86,24],[5,16],[62,-16],[27,66],[-90,31],[-76,-30],[-11,-38],[72,-10],[-4,-15],[-70,15],[-17,-85],[63,-24],[-78,14],[9,84],[-77,22],[-36,-140],[-15,-7],[46,176],[-42,6],[-36,-74],[-137,-146],[42,-50],[-2,-145],[-46,0],[31,-40],[-153,15],[-111,-37],[-30,-20],[-5,-44],[43,-72],[51,-13],[75,14],[14,-38],[50,-35],[-37,-32],[39,-39],[21,9],[169,-18],[43,-42],[178,38],[3,-9],[-187,-40],[2,-20],[-82,-51],[-6,-25],[40,-16],[-13,-40],[61,-64],[52,-22],[53,25],[25,-37],[-72,-82],[37,-32],[77,25],[-7,-68],[-103,-49],[-24,-59],[-53,23],[-24,38],[-38,-26],[-16,-52],[26,-63],[39,-18],[67,32],[65,7],[35,-31],[38,57],[63,44],[41,-8],[7,-88],[-31,-40],[46,-42],[52,-17],[12,-38],[-15,-32],[-76,-46],[-9,-51],[-29,-46],[8,-68],[73,-42],[41,6],[81,-17],[62,-52],[-10,-44],[-131,-85],[-8,-38],[43,-99],[67,-19],[51,22],[53,44],[58,25],[128,8],[15,-41],[59,-29],[-4,-40],[-40,-39],[-82,-44],[53,-20],[130,50],[114,89],[53,-24],[0,-30],[35,-26],[53,24],[43,45],[41,17],[70,-2],[63,-26],[14,-36],[-47,-17],[-45,-111],[29,-66],[-83,-6],[-109,25],[-75,-11],[-60,-48],[-4,-69],[-21,-28],[62,-76],[-17,-58],[80,-12],[54,-47],[21,-75],[-44,-40],[-56,1],[-8,-67],[24,7],[21,-42],[-38,-28],[2,-50],[-40,-21],[-6,-60],[87,-23],[99,68],[48,-9],[17,-67],[-28,-45],[38,-70],[69,-15],[45,-95],[17,-76],[30,-56],[64,-34],[2,-104],[68,-16],[19,-25],[-15,-62],[0,-87],[-31,-44],[-65,-2],[-62,19],[-36,-76],[4,-52],[58,-14],[56,-36],[-6,-65],[-35,-34],[-68,24],[2,-77],[-27,-74],[-38,-33],[-15,-57],[-31,-34],[-32,9],[20,77],[25,30],[-15,68],[-89,81],[-8,55],[-39,67],[43,64],[-53,76],[16,21],[60,11],[-7,30],[-73,14],[9,49],[-23,12],[-17,-35],[-44,-31],[-35,-65],[2,-43],[-36,-48],[-43,7],[-11,50],[-58,47],[-38,94],[42,38],[-17,39],[40,72],[5,49],[-65,24],[-45,-50],[-34,-13],[-126,8],[-9,96],[33,48],[16,91],[-9,47],[38,92],[-11,34],[26,90],[-1,37],[40,93],[-4,35],[-40,13],[-19,54],[-40,-13],[46,-100],[-35,-45],[-6,-56],[-46,-89],[-17,-68],[-50,-79],[-59,-150],[-40,-28],[-31,5],[-11,69],[-44,-44],[-59,7],[-17,28],[25,101],[-43,19],[-22,61],[55,54],[51,3],[56,-22],[4,51],[-23,31],[-54,30],[-61,-14],[-21,56],[34,41],[-14,108],[42,22],[52,-28],[48,53],[-60,12],[-23,22],[-62,-1],[0,44],[75,68],[-3,21],[-54,-13],[-40,15],[-8,72],[-23,34],[-3,58],[-26,0],[-9,-98],[-14,-26],[25,-57],[-19,-97],[15,-161],[-34,-52],[-60,-7],[-29,17],[-45,88],[5,104],[-38,-52],[-36,-17],[-41,98],[24,52],[29,-3],[28,58],[-99,13],[-8,59],[32,23],[-43,81],[32,58],[-55,24],[-29,61],[15,56],[-32,8],[-27,-79],[13,-44],[-49,18],[-49,59],[20,29],[-28,36],[-1,41],[-62,33],[21,-78],[-21,-58],[69,-118],[74,-61],[23,-60],[-13,-142],[16,-92],[37,-41],[-1,-40],[-85,-54],[-61,-15],[-85,27],[-20,59],[15,59],[43,49],[-10,19],[-101,4],[0,-12],[-81,-31],[67,-131],[15,-65],[94,-67],[74,-21],[52,-34],[51,-60],[43,-14],[51,19],[-147,-114],[-78,84],[-40,-31],[-24,-44],[-53,-16],[-67,41],[14,27],[-72,48],[-32,113],[-84,93],[-54,-7],[-73,27],[-76,-49],[56,-9],[122,-58],[18,-44],[-42,-105],[5,-23],[60,-67],[1,-134],[-42,-1],[-1,-35],[-41,-2],[-11,-31],[19,-54],[-15,-125],[38,-72],[-18,-57],[2,-66],[-22,-38],[-35,7],[-79,113],[-52,52],[-24,0],[49,-117],[60,-79],[88,-66],[38,-91],[160,-201],[-31,-44],[-135,-41],[-53,-45],[-52,-113],[-37,-51],[8,-67],[46,-86],[8,-77],[28,-23],[-57,-64],[73,-124],[19,16],[195,83],[26,23],[-41,83],[19,99],[66,95],[146,-31],[44,36],[101,118],[86,50],[61,15],[-34,18],[24,71],[-32,110],[-97,92],[-90,28],[-104,100],[-75,7],[40,61],[18,100],[-5,58],[19,28],[79,-87],[21,-38],[62,14],[51,-39],[21,-73],[-19,-70],[47,5],[29,-60],[67,-57],[100,-64],[48,-3],[4,20],[-53,48],[20,31],[-105,39],[-6,44],[64,41],[43,-13],[55,7],[53,-49],[88,10],[40,20],[74,-48],[-10,-87],[18,-63],[2,-134],[15,-83],[58,-52],[-6,-74],[43,-120],[9,-69],[59,-49],[77,-43],[7,-174],[72,-26],[14,-74],[-67,-50],[30,-65],[-7,-55],[99,-7],[25,-40],[6,-68],[-19,-23],[-61,-5],[6,-57],[-52,-63],[2,-113],[28,-70],[63,-31],[25,-66],[14,-115],[-14,-22],[-87,51],[-20,86],[-74,68],[-60,3],[-59,24],[-23,106],[-44,4],[-20,-61],[-43,-23],[55,-46],[30,-93],[-46,-23],[-38,-41],[-45,42],[-95,58],[53,-48],[16,-38],[-99,-3],[13,-45],[68,1],[69,-34],[68,0],[47,-22],[79,-13],[18,-107],[-21,-86],[-65,-24],[-22,21],[3,61],[-57,63],[-76,-14],[-35,-23],[-24,-83],[119,-53],[-25,-60],[33,-130],[16,-7],[11,-72],[42,-111],[-27,-17],[-36,-97],[-124,-179],[-7,4],[126,182],[-1,75],[28,11],[18,44],[-40,96],[-16,-49],[-48,16],[8,34],[-45,14],[-123,116],[-53,-12],[-9,-24],[26,-75],[110,-161],[-76,-45],[-101,149],[-85,12],[-78,38],[-18,-14],[14,-61],[96,-28],[-29,-46],[-86,9],[-32,-18],[9,-48],[172,-196],[-70,-56],[-184,205],[-13,-39],[-20,41],[-104,115],[-48,29],[-51,82],[-96,-129],[64,-21],[52,34],[39,-7],[36,-71],[-24,-16],[-6,-66],[-22,-18],[3,-49],[43,-59],[-11,-24],[-80,-20],[59,-61],[5,-116],[-30,-36],[-76,4],[-20,-29],[-67,14],[-40,45],[-18,-13],[18,-43],[45,-45],[41,-10],[-37,-37],[-32,39],[-112,13],[-61,47],[-6,39],[-47,-66],[-1,-29],[173,-35],[60,-67],[-15,-60],[-145,-11],[-62,-23],[-108,27],[-87,-50],[-42,-44],[31,-68],[74,-5],[82,28],[43,-2],[40,-23],[73,-15],[33,-49],[-53,-26],[-36,-74],[-92,24],[4,-47],[-24,-57],[-7,38],[-43,4],[-49,-51],[-47,-8],[-130,-109],[-8,7],[112,91],[-99,106],[-81,-85],[-14,10],[-88,-95],[36,-27],[-19,-13],[18,-62],[37,-22],[59,-91],[-11,-35],[-95,13],[-38,55],[-95,91],[-40,-1],[11,-51],[42,-78],[-32,-24],[-50,38],[-103,34],[-129,-69],[-25,-30],[54,-52],[88,-3],[-23,-36],[-27,7],[5,-48],[-32,-86],[-63,-1],[-62,50],[-57,-178],[-40,-67],[-129,-92],[-37,-38],[-32,-119],[-60,-59],[-80,-25],[-68,-38],[-34,-71],[-57,-293],[3,-43],[52,-25],[52,39],[7,41],[40,66],[41,23],[74,-83],[49,34],[-13,49],[61,116],[26,21],[46,82],[79,82],[-22,33],[78,19],[49,43],[56,-37],[82,-204],[48,-39],[-30,141],[14,12],[-34,75],[-3,40],[-43,36],[41,50],[75,-60],[71,-25],[15,31],[-56,30],[-32,-12],[68,167],[24,-1],[45,142],[12,-4],[-35,-114],[-3,-55],[148,-115],[81,40],[20,76],[21,19],[67,12],[41,-33],[13,-52],[115,-28],[40,8],[1,26],[-46,26],[-41,44],[39,54],[100,31],[49,-35],[51,-78],[93,-27],[26,31],[-39,38],[5,43],[101,-28],[23,7],[82,105],[61,-13],[85,36],[19,52],[-34,62],[24,32],[44,-2],[39,-28],[22,32],[69,5],[46,51],[11,44],[32,20],[13,52],[70,19],[49,65],[62,54],[107,66],[77,62],[59,28],[76,143],[44,19],[41,-25],[67,4],[89,55],[48,-31],[11,-30],[-37,-96],[-131,-180],[-21,-76],[-65,-112],[52,-35],[47,40],[21,57],[105,23],[5,-41],[77,2],[-10,43],[31,37],[-8,41],[52,16],[-34,86],[46,52],[93,-20],[60,62],[18,37],[-9,63],[58,25],[36,38],[44,-99],[-6,-38],[29,-43],[96,-81],[12,-27],[-12,-62],[74,-60],[14,59],[39,-25],[21,-46],[22,34],[-29,51],[10,48],[-68,-3],[-31,96],[48,38],[-24,35],[50,33],[29,97],[50,9],[51,-42],[16,-88],[-5,-65],[20,-84],[86,72],[50,2],[56,80],[36,155],[-121,50],[-51,37],[-44,106],[27,62],[39,18],[88,-12],[-22,36],[-105,15],[-106,-31],[-28,65],[-47,72],[-69,32],[-36,148],[71,41],[117,-59],[27,0],[41,38],[61,-13],[68,-50],[73,-17],[27,-50],[-10,-50],[-53,-103],[62,-50],[51,11],[72,-12],[106,-53],[49,48],[-15,44],[-58,54],[11,50],[53,-2],[3,37],[53,33],[-1,29],[-76,48],[-10,48],[25,42],[-8,95],[32,82],[38,33],[103,-28],[29,38],[-8,31],[-46,32],[-7,57],[28,46],[-11,62],[66,57],[70,5],[73,27],[-14,32],[35,91],[65,38],[36,-2],[-7,41],[-35,31],[5,44],[71,67],[96,10],[6,46],[66,48],[24,35],[60,24],[109,6],[111,97],[3,16],[96,43],[7,-20],[-35,-53],[-129,-127],[-51,-28],[-4,-54],[-66,-143],[-213,-273],[-1,-30],[67,-74],[42,-19],[59,-57],[-52,-67],[-54,-96],[-22,-16],[-38,-116],[-61,-26],[-28,-48],[-23,-89],[23,-7],[48,54],[1,-51],[-72,-68],[31,-103],[125,-67],[-39,-28],[-1,-28],[-53,-67],[-37,-3],[-54,-38],[-62,-65],[-10,-62],[64,-2],[-16,-64],[-139,-123],[3,-64],[28,-30],[0,-47],[-24,-14],[-60,23],[37,-78],[-73,-77],[34,-2],[47,47],[41,3],[0,-59],[-74,-93],[47,-42],[65,-15],[113,-91],[-11,-39],[-56,-5],[-77,38],[-132,37],[-20,74],[-21,-35],[-65,27],[-45,75],[-50,12],[37,-61],[9,-87],[49,22],[75,-48],[46,-78],[32,26],[61,-11],[116,-54],[10,-47],[-39,-28],[-117,-25],[-50,53],[-37,-44],[1,-25],[-51,-30],[-77,5],[-13,21],[9,78],[-10,31],[-24,-111],[-32,-27],[-99,-9],[20,-45],[-6,-53],[-35,-28],[-59,-12],[-97,-49],[-40,-72],[20,-121],[-10,-106],[-51,5],[1,-59],[47,-15],[52,-69],[-55,-17],[69,-58],[8,-37],[52,-38],[75,-29],[22,-28],[-32,-28],[-13,-60],[80,-39],[1,-39],[-34,-38],[-21,-56],[29,-21],[98,96],[97,-46],[21,-74],[-21,-31],[-60,-32],[-70,16],[-107,48],[-45,4],[-64,-25],[-153,-25],[-102,13],[-49,29],[-74,113],[-75,40],[-32,48],[-88,65],[-27,35],[-3,61],[20,55],[-69,26],[-73,101],[59,152],[118,46],[-22,106],[76,51],[87,73],[-13,17],[-98,-16],[-68,-64],[-34,-123],[-56,-44],[-131,18],[-60,-7],[-37,-129],[-50,-9],[-24,-59],[-43,-38],[-54,-22],[-2,-55],[-25,-87],[-27,-14],[-49,12],[-46,110],[22,71],[-5,73],[16,74],[-33,5],[-53,-68],[-218,99],[-74,56],[-67,68],[-60,-49],[47,-98],[46,8],[66,-24],[33,-57],[29,-295],[26,-54],[63,24],[38,-57],[18,-73],[40,-13],[64,-56],[121,-249],[76,-127],[37,-27],[56,-82],[60,-69],[-11,-47],[-130,67],[-91,64],[-71,106],[-92,109],[-56,37],[-62,18],[-101,-38],[-6,-34],[58,-27],[26,-40],[27,-85],[88,-183],[3,-83],[-43,-2],[-1,-32],[107,-22],[80,-63],[87,-11],[110,-67],[101,-95],[-6,-38],[-36,-60],[66,-63],[39,-127],[17,-9],[80,-111],[51,-31],[30,-82],[0,-51],[-45,-85],[-68,-40],[-54,-4],[-161,51],[-36,27],[-194,-107],[-83,-3],[-30,21],[-98,154],[-143,-18],[-6,-19],[-194,-166],[34,-14],[61,38],[70,19],[30,31],[87,-95],[-35,-38],[131,-111],[70,-15],[36,-61],[176,-101],[136,-35],[81,-54],[31,39],[88,60],[97,30],[-2,42],[57,44],[84,196],[49,158],[14,11],[76,-20],[58,-41],[23,-38],[-17,-30],[-96,-85],[-4,-32],[146,83],[69,5],[113,-46],[31,32],[48,12],[42,-18],[26,-47],[-12,-69],[56,-16],[-28,-89],[-63,-54],[-56,-4],[-50,-58],[-82,10],[-51,-35],[-108,-129],[11,-32],[54,-65],[-22,-29],[-36,-3],[4,-58],[73,-53],[27,-136],[37,-4],[1,53],[66,42],[79,-27],[62,-41],[67,18],[22,-51],[98,-27],[45,26],[86,-30],[42,-59],[8,-35],[188,-87],[60,-65],[-2,-32],[-51,-45],[28,-73],[-21,-131],[-53,-53],[-78,3],[0,-63],[-28,-54],[-55,-66],[-79,-10],[-54,-37],[-49,-66],[-59,-29],[-57,-76],[-51,-39],[105,-17],[35,-44],[-33,-33],[78,-47],[-18,-59],[-45,-50],[-78,11],[-33,30],[-62,-1],[82,-74],[21,-176],[-33,-57],[-40,-10],[-47,26],[-32,-19],[16,-57],[45,-72],[-19,-49],[-73,-67],[-83,51],[-63,82],[-45,9],[-34,49],[-27,8],[-26,60],[-5,96],[-57,8],[-9,-96],[9,-36],[-176,9],[-20,-29],[60,-23],[82,-60],[85,-29],[14,-34],[78,-49],[18,-61],[-31,-26],[-48,44],[-38,-49],[43,-45],[-64,-82],[-87,35],[-14,-20],[85,-53],[-64,-56],[-80,-5],[-74,-34],[-51,-45],[-64,-3],[2,-36],[-36,-34],[-60,-9],[-32,14],[-40,79],[-55,-8],[9,-59],[-34,-9],[27,-49],[-25,-26],[-169,-31],[-51,-22],[-94,-5],[-190,25],[-31,-86],[-360,111],[3,10],[-94,35],[-69,46],[-39,9],[-37,-17],[-67,20],[-23,-26],[37,-28],[-59,-55],[-108,-35],[-26,4],[-29,52],[-169,31],[-5,32],[-83,-6],[5,38],[-76,-122],[38,-78],[-12,-125],[27,39],[53,24],[58,-23],[115,9],[55,44],[111,-18],[65,-23],[21,-56],[41,17],[117,-68],[141,6],[-4,-30],[-35,-20],[5,-48],[-23,-52],[21,-28],[-13,-94],[34,59],[10,66],[48,16],[-35,45],[43,38],[53,-4],[109,19],[50,-11],[108,3],[122,-63],[13,-26],[-22,-61],[-38,-42],[66,39],[69,-43],[-7,89],[15,36],[64,26],[175,6],[93,-9],[55,-19],[83,-63],[24,-47],[46,17],[18,137],[45,29],[89,-2],[72,-68],[-2,-55],[42,-10],[14,-45],[-58,-28],[39,-4],[29,-34],[-4,-34],[-52,-44],[88,-43],[15,39],[-14,105],[28,27],[-11,30],[15,88],[50,42],[68,-6],[52,-33],[49,-86],[16,-59],[26,85],[-20,43],[27,50],[-7,109],[-44,27],[6,22],[-63,39],[22,38],[-7,78],[42,28],[65,4],[41,25],[39,-14],[47,74],[32,-8],[34,-71],[-7,-103],[-20,-15],[-13,-136],[44,-53],[-11,-44],[-55,-109],[-58,7],[43,-52],[15,-43],[-22,-51],[32,-40],[4,-60],[-22,-19],[14,-63],[-29,-4],[-71,26],[-74,41],[-94,-14],[37,-76],[63,25],[89,-66],[143,-13],[78,-62],[91,-50],[33,-31],[-16,-34],[-74,2],[81,-69],[-14,-74],[23,-10],[62,88],[32,-109],[21,38],[136,-95],[35,-54],[73,-39],[41,-55],[71,-30],[33,-52],[-5,-68],[-54,-68],[-39,-4],[-34,29],[12,50],[-70,23],[-44,-9],[42,-109],[-37,-29],[-61,5],[-26,-24],[-34,8],[-15,50],[15,52],[-35,72],[-52,8],[-49,-67],[6,-67],[-8,-80],[-46,-101],[33,-86],[83,-122],[-42,-73],[-42,-3],[-5,-39],[48,-88],[-82,-62],[-42,7],[-34,35],[-12,138],[-64,-36],[-38,37],[13,98],[46,65],[-60,129],[85,166],[-55,98],[-10,-99],[-63,-102],[-44,-175],[-1,-56],[-28,-59],[-36,-5],[-38,-101],[-44,-27],[-28,44],[28,94],[30,55],[-14,59],[30,74],[-12,54],[34,74],[-23,9],[-52,-113],[-12,-85],[-28,-24],[17,-33],[-22,-95],[-29,-71],[-41,-36],[-42,39],[1,41],[-25,117],[21,62],[-24,17],[60,173],[-30,67],[19,106],[42,51],[94,61],[53,76],[-21,17],[-58,-73],[-143,-80],[-67,-64],[-59,12],[2,43],[28,54],[-51,-28],[-87,-160],[20,-21],[2,-110],[71,-31],[-210,49],[-175,-34],[-5,13],[176,35],[-32,185],[-47,11],[-17,-68],[-76,16],[16,72],[24,23],[23,120],[51,30],[-20,33],[-41,-17],[-38,33],[-3,58],[-41,2],[-18,-56],[30,-63],[-7,-52],[-87,-50],[-59,8],[-25,80],[-21,1],[-41,-44],[-114,14],[-18,65],[-47,9],[-28,-61],[-2,-40],[-49,-13],[-35,134],[25,59],[-47,-4],[-49,-111],[22,-86],[-31,-27],[-36,14],[-21,132],[-19,34],[19,107],[19,44],[-44,18],[-57,-142],[-35,21],[-45,-13],[-14,-92],[-62,10],[-15,75],[35,71],[13,56],[28,47],[-46,3],[-42,-49],[-21,-68],[-53,-48],[-30,-58],[6,-59],[31,-69],[-12,-53],[-33,12],[-38,94],[9,98],[-31,131],[-55,-129],[-33,-20],[-42,9],[25,136],[53,99],[-63,-9],[-23,-56],[-52,-83],[-26,-16],[-81,-2],[-32,-27],[-22,19],[22,28],[-246,149],[-131,40],[-51,-28],[42,-99],[46,-61],[82,-33],[114,-97],[-8,-16],[84,-32],[-18,-71],[-88,7],[-15,-47],[86,-17],[114,32],[89,-15],[38,-64],[15,-75],[-32,-31],[148,-46],[102,-78],[36,-13],[-35,-69],[-72,-16],[-78,41],[-91,22],[-65,43],[-31,-5],[48,-54],[-56,-68],[-131,-102],[-64,24],[14,41],[-87,-28],[-158,26],[-81,-81],[-46,-16],[-2,-97],[61,-2],[114,63],[44,-3],[64,-27],[63,-7],[81,-38],[101,23],[51,30],[47,6],[42,-25],[23,21],[-8,74],[63,15],[74,-26],[83,-54],[52,14],[65,51],[27,39],[143,-39],[26,-102],[-22,-95],[22,-73],[65,-90],[167,-101],[30,-4],[100,-72],[-23,-55],[-75,-47],[-51,-71],[-107,-50],[-69,37],[-138,4],[-153,-35],[34,-4],[8,-35],[-30,-6],[59,-20],[104,-3],[37,-30],[16,-49],[82,-19],[36,10],[82,-13],[85,22],[53,44],[80,-44],[40,53],[63,-5],[-14,-86],[-46,-55],[30,-77],[-57,-19],[-19,-56],[113,-133],[5,-28],[-46,-56],[-53,-25],[-30,-68],[11,-57],[-25,-27],[-14,26],[-57,10],[-9,74],[17,37],[-5,53],[18,40],[-25,27],[-14,80],[-37,24],[1,63],[-24,42],[-24,-5],[9,-90],[-59,15],[-6,-35],[76,-46],[14,-49],[-23,-58],[-50,11],[0,-41],[54,-39],[-9,-76],[-54,-20],[-69,48],[-59,26],[2,37],[-48,22],[-28,-41],[-20,72],[12,92],[-9,27],[-27,-60],[-18,-90],[1,-76],[-39,-39],[-39,-2],[-61,29],[-11,28],[7,87],[36,62],[-43,0],[-8,-50],[-57,-80],[60,-99],[49,-21],[49,-61],[13,38],[68,5],[53,-13],[41,-72],[14,81],[66,-10],[49,-29],[1,-72],[37,-17],[49,14],[57,-68],[145,15],[113,-40],[46,-28],[21,-50],[-35,-71],[-12,-94],[15,-34],[-33,-74],[-38,-9],[5,-89],[58,-50],[65,11],[33,40],[31,-33],[11,-47],[-65,-35],[32,-67],[5,-65],[-52,-28],[-35,-74],[-50,-9],[-23,20],[8,50],[-72,16],[-31,-112],[-29,-18],[-59,16],[-39,-53],[-53,-32],[-90,13],[-15,55],[-108,11],[-20,50],[66,50],[6,38],[-24,41],[-63,24],[19,49],[-26,96],[60,39],[8,25],[52,15],[45,44],[151,9],[-46,41],[-60,10],[29,43],[75,-6],[16,25],[-27,39],[54,71],[-54,2],[-69,-21],[-28,93],[-66,-19],[17,-75],[-49,-28],[-54,54],[2,59],[-72,-14],[-14,-85],[60,-20],[17,-71],[-28,-21],[-80,18],[-53,-64],[43,-39],[-11,-66],[-49,-41],[-41,5],[-75,64],[-3,66],[-41,25],[36,74],[-39,10],[-32,34],[16,36],[35,-2],[36,71],[-67,-7],[-40,17],[10,72],[50,34],[-98,18],[-20,109],[20,47],[1,96],[47,79],[-1,78],[19,110],[-16,61],[18,45],[-44,-6],[-1,-52],[-30,-5],[-6,-76],[-43,-11],[22,-126],[-16,-28],[-93,10],[-9,64],[-46,-13],[-58,72],[-46,-12],[128,-147],[89,-61],[6,-36],[-36,-10],[-81,51],[-27,2],[67,-141],[3,-136],[35,-33],[71,-108],[6,-152],[-46,-28],[-60,65],[-1,58],[-23,62],[-52,14],[-59,57],[2,70],[23,25],[20,71],[-57,36],[-4,-61],[-46,-49],[-88,-5],[-37,31],[-6,57],[34,28],[3,156],[17,63],[-46,-26],[-5,-77],[-30,-89],[-52,-22],[-32,26],[18,140],[-12,50],[-26,-8],[1,-70],[-49,-118],[-68,5],[-6,75],[-48,10],[6,60],[-42,-1],[11,-105],[-39,-16],[-28,70],[-28,-15],[4,-66],[-109,-6],[-72,-15],[-8,-60],[-44,-50],[74,9],[48,34],[132,3],[128,-34],[163,-61],[95,-88],[82,-25],[31,-36],[46,-14],[36,-101],[-25,-40],[113,-122],[68,-39],[20,-43],[86,-29],[44,-34],[37,-105],[-44,-37],[51,-43],[26,11],[21,-89],[-40,-56],[-56,-24],[-29,-62],[-84,9],[-36,38],[-45,-76],[-73,-33],[-63,32],[-72,-68],[-25,-101],[-11,1],[27,103],[57,53],[7,39],[-107,131],[16,53],[-13,16],[-63,-10],[-41,69],[-42,36],[-7,59],[-121,138],[-25,-19],[77,-115],[4,-70],[77,-82],[23,-94],[23,-30],[-20,-56],[-47,-72],[-63,-19],[-72,33],[-35,-18],[-16,-40],[31,-46],[50,12],[40,-23],[-14,-41],[7,-56],[-31,-25],[15,-51],[94,10],[105,-29],[2,-46],[37,-74],[-79,-61],[17,-46],[-25,-50],[-47,11],[-35,48],[-46,-31],[17,-71],[-27,-32],[-59,15],[-25,-11],[-95,43],[-15,-18],[122,-52],[-111,-257],[25,-17],[-17,-36],[-80,-9],[-72,-42],[-34,-90],[-162,-97],[-352,-72],[-26,-142],[18,-41],[-62,-39],[-24,-90],[-90,-111],[-8,6],[-66,-86],[-16,-55],[-100,-114],[-65,-36],[-83,15],[-6,38],[79,119],[41,31],[-65,31],[-8,62],[-28,-21],[23,-85],[-27,-58],[-110,-37],[-47,109],[6,29],[-50,-16],[-54,23],[-42,85],[49,18],[-4,57],[66,26],[23,25],[-59,-7],[-31,16],[50,65],[94,53],[-92,-15],[-43,36],[-1,37],[58,51],[-95,10],[7,-64],[-22,-34],[8,-53],[-72,-100],[-39,0],[-3,-27],[-74,-9],[13,105],[-17,40],[35,37],[-44,137],[69,22],[108,169],[10,120],[-16,42],[51,29],[60,-30],[-4,59],[41,3],[-30,104],[20,47],[36,12],[70,58],[57,22],[21,88],[66,54],[51,0],[43,-28],[74,-18],[44,-90],[37,12],[-6,106],[-12,25],[21,82],[50,-5],[83,74],[31,151],[-91,120],[-43,44],[-48,-18],[35,-51],[65,-39],[26,-41],[0,-38],[-26,-130],[-36,-11],[-73,41],[-58,-3],[-32,-20],[-163,85],[-2,-64],[-45,-53],[-5,-54],[-36,-52],[-38,-21],[-94,2],[-74,36],[-17,22],[1,75],[-24,-42],[7,-34],[-13,-94],[-38,-115],[-39,-71],[-48,14],[-31,70],[11,101],[25,46],[7,72],[-34,5],[-31,-100],[0,-65],[-20,-76],[22,-23],[23,-74],[-4,-33],[-56,-99],[-43,-28],[65,-13],[23,-27],[-13,-85],[-77,-16],[-74,20],[-59,-5],[-36,-151],[-34,-41],[46,-31],[-11,-121],[-76,-67],[-75,-22],[-81,49],[5,60],[24,42],[-41,64],[105,26],[4,47],[-43,39],[-67,-9],[-67,41],[29,26],[49,112],[30,109],[-49,9],[-12,-55],[-53,-133],[-41,5],[-28,35],[-12,101],[-20,52],[52,65],[24,103],[38,79],[3,58],[-45,5],[-28,-86],[-19,-93],[-24,-57],[-41,-32],[-41,-116],[-52,7],[-13,25],[16,51],[-2,61],[15,32],[24,130],[17,49],[-26,104],[4,65],[80,76],[87,158],[2,48],[-51,-44],[8,-34],[-43,-53],[-76,-27],[-33,7],[-6,72],[70,84],[-44,23],[-20,-40],[-74,-21],[-27,15],[0,44],[-36,75],[59,89],[-20,2],[-64,-96],[-7,-40],[30,-73],[47,-206],[-19,-30],[-44,4],[-61,66],[26,-90],[64,-30],[7,-51],[-43,-15],[37,-87],[-53,-107],[-69,0],[-53,-15],[2,74],[44,53],[-28,72],[-60,20],[-40,57],[-17,67],[19,57],[-14,10],[-25,-55],[3,-148],[32,-27],[-9,-70],[-42,-10],[10,-31],[-29,-43],[-40,5],[-47,39],[-39,-12],[37,-70],[-81,-135],[-42,-4],[-31,80],[-116,0],[-65,27],[-12,38],[23,65],[47,36],[27,-4],[71,28],[69,46],[36,-6],[32,39],[-43,23],[18,101],[41,2],[10,93],[21,32],[2,54],[73,30],[-33,54],[95,94],[-20,60],[61,46],[-15,55],[28,46],[45,8],[113,111],[14,42],[-51,15],[-35,-46],[-47,-25],[-58,8],[-5,52],[20,37],[-6,56],[63,51],[-42,39],[18,53],[-43,64],[22,61],[-69,22],[-37,-188],[-34,-46],[-41,-128],[-62,-91],[-70,-85],[-21,-101],[-34,-81],[3,-73],[-23,-42],[-4,-147],[19,-45],[-6,-96],[-65,-96],[-62,-6],[-30,48],[-16,129],[0,72],[20,21],[25,90],[9,100],[31,35],[19,76],[0,80],[-55,47],[17,49],[119,77],[94,31],[-3,52],[19,99],[-52,-83],[-32,-24],[-37,37],[20,34],[-5,44],[31,29],[9,41],[49,55],[56,-8],[44,79],[-24,50],[40,44],[14,45],[-32,31],[-38,-30],[-50,-78],[-62,38],[-89,37],[54,30],[47,-9],[61,39],[1,39],[-77,-26],[-31,18],[-77,11],[19,46],[78,33],[-26,34],[-44,-7],[-6,28],[-47,-9],[0,-48],[-58,-62],[-77,23],[-15,49],[-61,-11],[2,32],[61,84],[80,40],[-21,50],[99,33],[75,-44],[38,-71],[64,-28],[35,24],[-2,36],[-59,50],[-37,54],[-2,32],[53,52],[86,-22],[76,-99],[2,-28],[47,-69],[-4,-109],[41,-7],[16,39],[73,57],[-16,53],[20,34],[47,23],[69,7],[133,73],[-95,-34],[-195,-19],[-43,50],[23,54],[51,24],[65,-12],[100,17],[45,19],[-112,1],[-31,14],[9,59],[49,40],[-81,-29],[-73,-57],[-60,-7],[-41,19],[15,40],[120,109],[-62,5],[-74,-42],[-35,-1],[-15,42],[24,84],[71,37],[97,6],[36,-26],[114,-25],[86,-9],[32,-26],[43,9],[-2,46],[92,6],[35,29],[109,-21],[89,-52],[12,-70],[23,-17],[-3,-82],[50,31],[44,-39],[75,-37],[7,-23],[-65,-43],[37,-20],[7,-30],[37,-4],[28,57],[39,-12],[30,-48],[62,-6],[38,24],[141,-90],[67,-34],[-1,-46],[-40,-13],[1,-26],[116,-3],[46,37],[65,-4],[35,-26],[-2,-65],[75,-9],[80,-64],[48,-14],[23,17],[-8,72],[-98,58],[2,50],[-55,65],[-29,53],[11,44],[57,54],[-58,29],[-135,-78],[-60,12],[90,79],[-74,112],[-1,55],[-48,-70],[-29,-13],[-46,33],[1,48],[48,69],[-74,-31],[-66,13],[10,57],[36,13],[45,52],[-40,-17],[-26,30],[-55,-46],[-59,-81],[-53,-5],[31,70],[3,42],[35,49],[39,20],[3,65],[-17,62],[-28,-10],[-47,-87],[-32,-10],[-66,-121],[-42,-14],[-12,21],[31,42],[64,40],[17,32],[-64,15],[-10,41],[-35,22],[-22,44],[3,42],[83,70],[-44,58],[-81,-51],[-41,11],[9,67],[-35,41],[-41,17],[-56,-14],[-72,-43],[-20,-48],[-74,-47],[-40,3],[-31,45],[144,65],[21,66],[68,35],[13,31],[82,28],[39,52],[-6,44],[57,122],[58,-48],[29,-107],[29,95],[3,77],[18,74],[45,4],[-1,-61],[25,-100],[38,4],[-15,96],[31,33],[50,20],[-64,102],[-79,20],[-30,33],[-58,22],[-20,30],[1,77],[33,21],[78,1],[44,-13],[35,-52],[131,-99],[48,-80],[78,-85],[68,36],[-76,109],[-19,81],[-30,36],[1,38],[33,30],[88,-4],[2,36],[-125,35],[5,50],[-32,37],[-62,-6],[-43,21],[-67,-17],[24,38],[-11,52],[37,56],[62,20],[74,3],[-46,34],[15,24],[67,22],[6,17],[-60,7],[0,42],[-35,3],[-13,-50],[-41,-41],[-65,43],[-6,-70],[-30,-23],[-53,29],[-26,-18],[2,-68],[-39,-32],[-51,-4],[-24,21],[3,97],[-82,-77],[2,-70],[-58,-8],[-54,37],[-14,41],[25,50],[-38,42],[-28,-1],[-66,52],[-85,2],[-19,34],[65,100],[39,-5],[34,-35],[44,-11],[29,41],[-32,63],[70,35],[36,48],[40,-17],[24,-41],[107,-22],[66,-50],[19,16],[72,-33],[20,19],[-21,46],[159,-17],[35,26],[112,16],[85,23],[31,-43],[-23,-74],[4,-71],[-16,-49],[-10,-93],[39,-67],[64,7],[103,-66],[27,13],[6,44],[48,9],[-22,40],[-41,-11],[-45,13],[-60,51],[-3,43],[29,58],[48,24],[-38,34],[22,65],[187,0],[55,-45],[25,25],[60,5],[64,-54],[22,-46],[97,-27],[-36,119],[53,-2],[20,74],[68,21],[42,-20],[25,-58],[21,56],[41,43],[-56,-19],[-158,60],[36,77],[79,49],[76,24],[73,-19],[57,11],[0,25],[-46,-12],[-58,18],[10,69],[-37,-63],[-79,-15],[-43,29],[-3,-52],[-59,-27],[-58,-64],[-78,-14],[-76,34],[-83,7],[-37,-39],[-65,17],[-89,-39],[-72,2],[-4,28],[51,33],[201,74],[-24,55],[-56,-14],[-68,4],[-21,27],[54,17],[40,53],[80,55],[111,9],[10,13],[-76,27],[8,45],[44,41],[-39,43],[-65,-66],[-65,-5],[-63,27],[-40,-16],[-29,-48],[-49,2],[-79,-127],[-62,-70],[-35,-19],[-71,29],[43,88],[-37,76],[-48,-62],[-33,0],[-14,53],[39,66],[95,64],[111,-26],[65,15],[-59,42],[-74,31],[9,30],[66,-26],[28,26],[-33,34],[39,32],[59,-20],[-13,55],[17,36],[108,-36],[-58,75],[66,39],[100,18],[29,-7],[52,-56],[1,93],[-51,2],[-53,36],[-62,-17],[-38,47],[-65,-74],[-68,-12],[-87,-37],[-97,-29],[-8,59],[-78,-37],[-18,-74],[-43,-16],[-18,59],[-20,-6],[-15,-154],[-54,-141],[-29,-32],[-44,4],[-21,31],[14,105],[26,72],[-16,18],[-67,-72],[-33,-158],[6,-42],[-24,-31],[-39,18],[-32,63],[-3,65],[36,83],[77,80],[16,55],[28,26],[31,89],[37,27],[87,0],[31,23],[76,1],[115,45],[110,34],[47,47],[119,88],[-70,-26],[-95,5],[-5,45],[-40,17],[101,69],[-17,29],[-132,-44],[-56,-47],[-39,9],[2,44],[60,31],[-14,56],[39,34],[-23,46],[-110,-15],[-33,-102],[-56,-74],[-76,-55],[-76,-90],[-78,-18],[-20,-38],[-49,-36],[-30,-48],[-75,21],[12,112],[38,21],[24,50],[36,17],[82,-8],[47,36],[-66,45],[32,76],[41,35],[57,-32],[65,26],[37,50],[60,17],[-31,19],[11,60],[50,50],[-84,-15],[-49,-81],[-75,2],[-10,41],[32,88],[62,57],[-17,43],[10,49],[-61,26],[-38,-5],[6,58],[28,30],[191,113],[-81,16],[-66,56],[-41,-58],[-41,18],[-49,-34],[-125,11],[-25,-46],[-94,-38],[-61,-36],[-76,15],[-69,-10],[-24,33],[3,62],[63,5],[45,-14],[38,48],[53,32],[-27,12],[-80,-5],[-26,19],[-11,53],[26,34],[109,44],[-45,64],[17,22],[73,-3],[7,66],[44,19],[39,-25],[42,49],[59,-7],[26,43],[-118,24],[-31,31],[-111,-51],[-66,-5],[-27,15],[-82,-34],[-62,31],[11,38],[111,49],[66,13],[-47,30],[43,52],[-53,-9],[-91,-59],[-67,9],[-64,-49],[-64,-30],[-38,-43],[-57,-13],[-82,26],[-46,-10],[-37,30],[51,48],[74,-6],[59,-18],[119,134],[46,17],[-11,50],[-121,-27],[-48,37],[-34,81],[19,30],[49,-31],[64,16],[30,-27],[96,29],[60,-14],[34,47],[-131,41],[-59,11],[-24,94],[48,-7],[52,-40],[60,-15],[20,47],[-40,19],[-69,87],[-11,44],[110,-13],[112,-68],[60,-99],[4,44],[32,24],[17,48],[-128,52],[-64,70],[16,53],[65,-14],[47,-59],[68,-12],[1,39],[47,13],[46,60],[42,27],[30,-33],[49,43],[45,-6],[25,34],[47,6],[42,-61],[-7,-49],[22,-61],[136,-101],[20,51],[-15,82],[-53,29],[0,106],[41,7],[23,-83],[72,32],[4,58],[49,43],[-4,40],[83,13],[20,65],[-2,67],[65,54],[-18,70],[-101,-41],[-52,-118],[-63,-48],[-189,-51],[-75,56],[-37,66],[-60,76],[24,49],[95,0],[4,65],[-45,1],[-14,45],[-85,-12],[-102,63],[-28,50],[0,57],[79,68],[-12,63],[32,38],[50,-1],[-31,91],[33,73],[50,12],[-11,86],[51,115],[47,25],[63,6],[80,-22],[10,98],[58,30],[153,4],[79,43],[30,1],[-1,50],[48,59],[54,-10],[49,-51],[102,-38],[69,4],[65,31],[-31,59],[-124,10],[-28,21],[27,39],[55,13],[26,40],[-82,38],[-61,-35],[-25,-47],[-220,-92],[-55,41],[-15,72],[-36,-41],[-65,12],[3,42],[42,63],[-17,11],[-100,-111],[-21,-8],[-53,29],[-15,76],[65,72],[-12,19],[-66,16],[-32,36],[-27,123],[-188,6],[19,-36],[56,-38],[-13,-52],[10,-65],[-37,-79],[15,-27],[-22,-40],[-78,-70],[-64,-130],[-36,-21],[-90,63],[-20,52],[14,67],[29,45],[-45,-22],[-40,21],[-46,51],[-42,-45],[26,-24],[27,-78],[-11,-65],[-35,-17],[-69,-1],[79,-38],[80,6],[55,-32],[22,-110],[-9,-35],[-47,-38],[-72,-8],[-51,17],[-104,84],[1,46],[-72,16],[-43,119],[-41,1],[8,-97],[84,-115],[-22,-49],[59,-11],[44,-48],[42,-68],[-7,-36],[33,-39],[14,-57],[-45,1],[-39,45],[-36,-30],[27,-48],[70,-86],[-8,-55],[-39,-16],[-39,42],[-100,30],[-30,37],[-65,29],[-7,28],[-75,45],[-46,-38],[39,-52],[56,-30],[92,-91],[97,-51],[64,-16],[1,-66],[-38,-40],[-98,18],[-63,56],[-27,-5],[22,-52],[12,-86],[-17,-23],[-87,-9],[-27,53],[-65,11],[-61,27],[-2,40],[-51,34],[-11,49],[27,37],[-16,41],[-23,127],[-76,19],[-69,-19],[-6,-92],[-50,-87],[-77,-3],[-43,-110],[14,-87],[-43,-71],[-76,-42],[36,-64],[-54,-74],[-69,-134],[-49,-39],[-108,67],[-2,57],[-22,43],[-19,92],[43,119],[43,80],[4,53],[-17,58],[-85,84],[-3,44],[52,120],[5,51],[30,55],[-3,51],[54,35],[12,31],[-42,34],[-32,1],[-50,-33],[-13,11],[52,54],[88,40],[-13,70],[52,56],[49,20],[61,3],[54,40],[46,85],[23,95],[53,13],[131,68],[148,208],[6,37],[-32,118],[-60,37],[53,39],[-2,87],[17,60],[-29,50],[-16,61],[-40,27],[-41,-14],[-4,-55],[-82,-52],[-32,-8],[-48,-80],[7,-31],[-47,-43],[-54,2],[12,-54],[-27,-33],[-36,14],[-15,-24],[37,-19],[-8,-44],[-41,-9],[8,-48],[-19,-39],[-61,-18],[-34,-110],[-34,-14],[-60,75],[-65,-36],[47,-60],[48,-38],[-50,-85],[-82,-22],[-11,-41],[-29,-15],[-73,66],[-19,-11],[22,-126],[-27,-10],[9,-91],[-66,49],[-13,45],[-31,-39],[21,-26],[5,-58],[40,-66],[-21,-30],[-71,47],[-70,8],[22,-69],[81,-75],[-29,-36],[-83,70],[-59,-9],[-25,-24],[28,-42],[83,-34],[20,-36],[-15,-30],[-134,90],[-7,-77],[69,-19],[60,-48],[-69,-105],[34,-31],[77,17],[-28,-51],[-3,-61],[-50,-49],[-46,68],[-1,32],[-65,21],[-43,42],[-62,19],[-54,-2],[-19,-28],[123,-58],[66,-71],[17,-105],[69,-78],[9,-124],[-10,-141],[-64,-11],[-11,26],[29,45],[-39,158],[-71,8],[-33,25],[-63,126],[-58,10],[-32,-34],[-52,8],[-11,29],[30,33],[-76,9],[-31,-18],[42,92],[-52,58],[-67,16],[-23,27],[-83,22],[-57,63],[-1,60],[-51,41],[-96,-44],[-41,-3],[-72,55],[-23,-51],[-2,-60],[64,-110],[44,2],[42,-35],[79,-5],[39,-47],[12,-54],[77,11],[0,-41],[42,-11],[26,-81],[59,-21],[22,-51],[-21,-19],[-97,59],[-25,-13],[41,-38],[-14,-35],[-82,50],[-62,-20],[-8,-56],[70,-7],[175,-39],[15,-28],[-33,-25],[-78,12],[-50,-56],[-23,-112],[102,-5],[-20,45],[26,37],[84,-14],[40,-35],[41,9],[64,-39],[9,-33],[-23,-36],[-61,-28],[-50,18],[-58,-11],[13,-55],[55,11],[54,-64],[49,22],[96,-31],[33,0],[4,-68],[-48,-44],[43,-41],[97,47],[45,-22],[41,-79],[-10,-55],[51,-53],[-46,-100],[-63,-77],[-28,-6],[-64,42],[21,52],[-1,58],[-33,39],[-54,9],[-108,-40],[-23,-38],[-57,0],[-25,29],[-13,67],[-63,6],[-18,85],[25,50],[-78,36],[-19,28],[19,51],[-30,15],[-40,71],[-35,-4],[-19,-54],[7,-85],[-86,-101],[-52,-4],[-10,-51],[42,-25],[20,-76],[30,4],[-5,54],[27,40],[30,-16],[52,-109],[94,-97],[27,-130],[25,-12],[61,35],[158,-227],[-12,-40],[6,-91],[20,-47],[0,-62],[-62,-43],[52,-34],[5,-40],[-26,-69],[-13,-99],[-22,-35],[-2,-54],[48,-90],[1,-29],[-34,-31],[-25,-63],[-32,-17],[-25,33],[-7,52],[-32,5],[-24,-118],[-49,-29],[-36,5],[-16,30],[-68,49],[-27,71],[-44,25],[-14,31],[9,58],[38,32],[-48,20],[17,48],[-32,42],[-50,15],[-59,-3],[-19,60],[69,26],[67,-17],[0,60],[-34,37],[-32,-27],[-80,0],[-23,18],[-6,57],[53,60],[40,2],[-1,24],[-64,-5],[-7,40],[25,54],[49,7],[-73,47],[-9,69],[28,40],[-12,21],[-132,-6],[-17,-78],[39,-54],[-4,-44],[-40,-52],[-15,-49],[26,-145],[-19,-97],[16,-95],[10,-121],[68,-132],[-24,-63],[-6,-81],[-43,-50],[-53,56],[5,55],[-28,18],[-34,-25],[-13,-75],[42,-107],[67,-9],[15,-24],[-34,-72],[48,-63],[-57,-66],[-50,-18],[10,-89],[-17,-38],[-33,38],[0,110],[-30,43],[-6,72],[22,64],[-15,65],[-46,118],[15,131],[23,132],[-17,23],[9,54],[0,157],[-11,95],[-38,25],[-42,-75],[12,-27],[-36,-94],[-53,-26],[23,-102],[-15,-116],[-40,-57],[6,-66],[-14,-32],[15,-65],[-15,-31],[-50,-14],[-34,-34],[60,-40],[-10,-38],[-60,-35],[-47,-117],[66,-50],[-25,-51],[-68,-63],[-7,-70],[34,-81],[-33,-68],[2,-65],[-47,-40],[-4,-54],[23,-48],[7,-79],[-9,-107],[-21,-94],[-27,-44],[-29,-4],[5,79],[-76,3],[-46,-24],[-16,-48],[-68,-5],[-27,50],[-38,5],[-91,-69],[-20,-36],[28,-43],[-27,-91],[3,-49],[-39,-93],[-97,-47],[-36,16],[-86,-36],[-59,11],[-31,-22],[-34,11],[-6,66],[40,3],[20,30],[23,101],[40,19],[29,95],[36,24],[28,-12],[88,64],[0,30],[40,7],[42,39],[2,90],[-31,61],[68,27],[6,74],[-44,13],[-29,47],[30,48],[-26,62],[51,16],[-8,37],[-36,28],[0,34],[29,33],[-29,84],[72,53],[-13,33],[45,39],[-5,41],[42,16],[-11,44],[24,30],[-46,27],[-82,-119],[-98,-111],[-23,-58],[-55,-77],[-16,-71],[-46,-116],[-9,-94],[-18,-46],[-110,-132],[-97,24],[-28,-72],[-55,14],[-32,35],[-1,44],[-26,68],[7,46],[93,44],[20,39],[88,55],[69,30],[-67,14],[1,27],[65,55],[-20,80],[-116,58],[-14,24],[-50,-9],[43,-71],[41,-17],[17,-46],[-60,-64],[-2,-40],[-91,-40],[-126,-84],[-2,-40],[-41,-59],[-95,-5],[-28,-19],[-19,-78],[-32,-31],[-37,-5],[-62,34],[-18,100],[-25,69],[42,61],[-1,66],[-62,95],[-50,31],[-74,-19],[-1,40],[38,79],[23,106],[47,52],[61,7],[17,52],[-27,31],[-103,-26],[-58,49],[-15,76],[-22,14],[-3,90],[-25,138],[40,38],[51,86],[23,81],[69,19],[72,35],[72,-44],[22,-43],[59,-9],[38,26],[59,12],[39,-27],[19,-52],[74,18],[4,69],[78,27],[-19,49],[16,38],[-76,42],[25,29],[97,16],[103,48],[62,7],[31,44],[-5,75],[26,23],[67,-15],[5,37],[30,24],[87,-2],[49,-15],[82,4],[11,44],[-92,71],[-29,7],[-7,58],[41,40],[103,56],[-2,39],[-71,116],[-52,41],[56,115],[76,18],[94,44],[23,80],[26,13],[-57,45],[-4,53],[-23,17],[-6,-85],[-77,-19],[-11,-26],[-34,8],[-59,-25],[-26,-74],[-29,-10],[-18,-83],[-52,-60],[7,-32],[-44,-99],[-21,-11],[0,-48],[-46,-73],[-47,-46],[-133,-44],[-23,-74],[-27,-1],[-61,-43],[-42,6],[-7,95],[12,26],[-19,39],[34,68],[42,7],[3,64],[-25,73],[-79,53],[-61,55],[5,33],[69,6],[0,102],[-37,14],[-65,-55],[-70,20],[-41,34],[-3,64],[72,71],[-29,37],[-82,22],[-89,40],[62,33],[12,86],[-20,0],[-2,80],[91,6],[20,75],[-70,178],[67,40],[41,-66],[39,-19],[32,38],[-9,45],[-43,15],[-35,40],[-3,41],[60,-3],[-6,29],[-61,41],[55,49],[-66,60],[-117,-24],[-71,61],[9,46],[34,26],[39,-23],[109,30],[88,-55],[23,20],[-14,33],[25,25],[82,-39],[31,39],[-67,48],[-35,-9],[-47,41],[-1,30],[33,42],[-30,19],[-58,-35],[-67,-1],[12,-34],[-31,-42],[-36,2],[-33,86],[18,34],[-20,87],[22,50],[-62,4],[-4,-82],[-31,-33],[11,-126],[-153,-141],[-33,-109],[-71,-46],[-96,68],[2,51],[-38,14],[-27,59],[-1,91],[14,42],[-4,241],[36,64],[21,2],[-12,-48],[20,-42],[36,-12],[47,29],[28,-6],[31,55],[78,1],[-67,60],[83,56],[37,53],[-9,45],[-39,22],[4,46],[78,43],[111,-2],[58,46],[49,-22],[15,-44],[-11,-44],[44,-14],[58,-49],[-2,-28],[-57,-57],[56,-54],[39,37],[65,6],[75,-30],[29,53],[-24,22],[2,52],[-71,-2],[-21,18],[-26,84],[68,15],[26,52],[-20,54],[-79,57],[-122,-19],[-66,29],[-48,-29],[-19,12],[32,74],[10,60],[38,32],[74,-56],[14,-36],[40,-4],[21,42],[6,65],[-31,6],[-7,38],[34,11],[60,74],[92,-3],[74,-160],[1,-54],[41,-1],[31,57],[-26,69],[4,44],[-33,47],[-1,34],[47,63],[122,-13],[18,37],[-56,43],[-107,11],[49,78],[34,4],[65,-37],[24,-31],[133,-39],[22,20],[-93,79],[-29,80],[16,52],[3,92],[85,-37],[133,-41],[23,16],[-97,98],[26,92],[-45,4],[-58,61],[-77,41],[-68,57],[-31,47],[2,35],[31,45],[68,48],[33,2],[28,-142],[73,-23],[55,-36],[33,6],[52,-36],[53,22],[78,84],[127,44],[-9,107],[-143,54],[-88,20],[-53,-34],[-123,34],[18,58],[21,13],[-119,147],[-262,-138],[8,-39],[-81,-78],[-82,-17],[-49,21],[-19,51],[54,52],[-50,26],[-30,80],[6,18],[-66,22],[-99,-67],[-20,-48],[-3,-57],[84,-71],[30,-3],[41,-48],[-24,-18],[15,-65],[43,-15],[42,-48],[22,-70],[-17,-27],[-98,-93],[-62,-6],[-118,-60],[-49,3],[-34,-38],[-69,23],[-29,39],[-57,20],[5,99],[-54,5],[-31,-93],[-54,19],[-37,70],[-107,34],[-18,36],[45,66],[23,9],[-21,35],[-64,-7],[-38,31],[-62,21],[-18,28],[-11,137],[-51,33],[-64,3],[-3,-16],[-87,-30],[12,-70],[36,-73],[39,-53],[64,-61],[31,-153],[53,-29],[79,-82],[80,-12],[33,-26],[53,5],[92,-84],[-9,-46],[-75,-93],[-91,-47],[-102,-81],[-30,2],[-80,73],[-38,-28],[43,-68],[4,-65],[-32,-54],[-22,-72],[-38,-59],[-79,-35],[-51,29],[-33,-51],[-106,-7],[-84,23],[14,67],[21,33],[5,67],[42,11],[-17,25],[43,56],[-27,70],[9,20],[-29,79],[-53,3],[-32,-82],[19,-81],[-25,-16],[-60,-108],[-22,-7],[-26,45],[-42,-13],[-30,-67],[-37,75],[-51,3],[-24,22],[4,43],[-55,0],[-25,50],[24,61],[114,138],[-1,56],[20,24],[-41,20],[-77,-106],[-26,-3],[-63,75],[-8,26],[-55,-7],[12,-57],[-38,-35],[-32,69],[11,61],[-57,27],[-62,48],[-97,7],[6,132],[47,19],[-61,39],[4,75],[26,53],[45,4],[137,97],[59,21],[33,44],[15,52],[7,151],[-71,150],[-47,38],[-3,58],[-48,57],[-28,61],[-53,12],[-53,57],[-47,-8],[-89,-53],[-1,-66],[-20,-50],[4,-47],[37,-42],[74,-33],[58,-62],[113,-60],[24,-63],[-43,-1],[-21,-25],[34,-44],[-105,-39],[-64,-36],[-64,-15],[-25,-27],[-62,-17],[-44,38],[-39,61],[-54,-25],[67,-85],[-21,-44],[11,-62],[-16,-47],[-35,-10],[-28,27],[-73,25],[-26,31],[-94,39],[-59,13],[-43,-52],[65,-54],[97,-18],[89,-63],[30,-71],[42,30],[53,-12],[22,-29],[-22,-81],[-23,-12],[-70,-109],[39,-37],[49,15],[42,-32],[20,-99],[57,-33],[-36,-60],[-91,-47],[29,-46],[65,-8],[37,40],[26,-9],[21,39],[57,31],[21,-89],[-16,-66],[41,-22],[55,5],[52,-42],[41,-72],[51,-22],[37,-83],[74,-51],[-28,-34],[76,-49],[98,-92],[49,-4],[50,-32],[80,16],[61,-14],[12,-36],[-29,-25],[18,-43],[-20,-31],[-81,-35],[-41,-52],[-69,-46],[-76,46],[-47,6],[-9,-26],[35,-16],[23,-71],[2,-168],[-60,-147],[-15,-67],[-23,-29],[-32,-104],[25,-68],[-25,-90],[-51,-47],[-71,-31],[-32,2],[-45,78],[-27,4],[-4,-90],[-19,-30],[-85,33],[3,53],[23,87],[-13,163],[-66,106],[1,75],[-76,8],[9,-72],[17,-27],[13,-92],[-49,-126],[-152,-46],[-29,62],[0,42],[-84,64],[-22,39],[-1,88],[-77,1],[-9,-70],[59,-43],[35,-96],[-12,-33],[-48,-17],[-51,2],[-63,-52],[-51,-10],[-40,26],[-88,115],[-36,-5],[41,-140],[51,-40],[-65,-49],[-20,-142],[-93,62],[-64,-125],[50,-8],[32,-46],[78,-67],[-26,-75],[29,-54],[41,10],[42,90],[35,12],[46,51],[11,65],[-46,61],[100,116],[63,24],[29,-21],[39,-62],[44,23],[97,-34],[61,-82],[51,-28],[24,-39],[2,-71],[-57,-60],[-18,-47],[27,-40],[67,-1],[-15,-59],[33,-18],[-30,-24],[-66,-19],[4,-67],[49,-40],[-50,-53],[-86,47],[-20,-24],[27,-30],[39,-94],[45,-16],[88,27],[47,-35],[24,15],[27,93],[34,49],[40,26],[65,-8],[73,-34],[30,-68],[57,-39],[77,-10],[-3,-27],[-47,-12],[-46,-55],[-16,-55],[69,-61],[49,63],[45,32],[72,-75],[20,1],[-8,85],[23,17],[124,19],[88,32],[17,-144],[30,-38],[7,-64],[52,-84],[67,-63],[117,-57],[12,-62],[75,-53],[65,13],[101,111],[50,35],[29,0],[69,-38],[76,-67],[-37,-45],[-87,-42],[-63,-9],[-88,-97],[-25,2],[-64,68],[-97,-14],[-148,67],[-106,33],[-25,-42],[38,-86],[102,-34],[61,0],[89,-51],[25,15],[23,-50],[-3,-98],[-45,-57],[-64,-23],[-45,5],[-82,99],[-16,92],[-38,19],[-73,-7],[-51,-96],[-67,31],[0,62],[-79,15],[-14,52],[28,45],[-16,36],[-45,0],[-61,-30],[-51,13],[-59,64],[-7,133],[-33,29],[-4,66],[-22,63],[-43,11],[-39,-101],[26,-62],[-7,-93],[5,-91],[-19,-52],[7,-40],[-18,-80],[-26,-29],[74,-56],[62,19],[53,-49],[37,-85],[33,-115],[41,-73],[68,7],[46,93],[38,-6],[25,-110],[-53,-51],[18,-34],[67,26],[56,-17],[-16,-189],[-51,-87],[-38,-34],[6,-120],[43,-72],[-4,-66],[-34,-70],[-61,-71],[-38,-77],[-4,-39],[-79,-130],[-5,-64],[-31,-53],[-32,-18],[-115,-214],[-9,-35],[-58,-8],[-29,17],[43,130],[-8,34],[27,20],[-36,70],[32,64],[2,34],[-55,63],[37,35],[-10,25],[-72,22],[-9,31],[40,12],[121,-20],[66,7],[4,29],[-32,32],[-98,37],[-55,89],[-14,99],[-66,28],[4,71],[46,36],[78,-49],[-34,92],[49,27],[87,-51],[36,58],[-36,19],[29,42],[-20,32],[-114,-4],[-41,22],[-29,76],[9,69],[-37,47],[-64,9],[-25,-43],[-57,-50],[-23,16],[-85,16],[-44,-12],[-71,13],[-46,41],[0,86],[45,94],[-11,44],[-73,2],[-36,25],[3,38],[-61,10],[-27,38],[-114,43],[-1,36],[28,24],[-57,36],[4,62],[-45,15],[5,35],[61,54],[1,72],[-89,27],[-21,-37],[-51,3],[-29,-31],[30,-62],[-12,-101],[23,-89],[-8,-23],[41,-140],[46,19],[101,-23],[102,-71],[-32,-107],[-38,-53],[24,-45],[-73,-80],[-34,1],[-112,49],[-44,-6],[5,-95],[66,11],[44,-18],[35,-65],[28,-24],[8,38],[42,25],[34,-16],[29,-51],[50,-14],[49,52],[39,16],[164,8],[-7,-57],[12,-73],[-19,-52],[15,-44],[-49,-65],[-41,0],[-13,-28],[-1,-127],[43,-31],[5,-44],[-38,-40],[-39,5],[-93,40],[-112,30],[-73,-19],[-52,33],[-41,80],[29,98],[-11,44],[-69,72],[-14,37],[-89,2],[-39,36],[4,45],[-18,107],[2,100],[-35,62],[60,10],[23,-14],[34,53],[9,46],[-87,124],[-18,68],[5,54],[-36,132],[-60,71],[-57,113],[-111,64],[-88,-3],[-47,21],[-2,-36],[-166,6],[-55,28],[-86,2],[-57,-73],[-73,-7],[-95,16],[-33,29],[-93,21],[-96,-29],[-226,-188],[-7,8],[228,189],[102,32],[12,43],[82,54],[39,11],[83,-55],[32,12],[102,-42],[66,-1],[59,30],[-31,24],[-71,15],[-26,33],[-216,46],[151,105],[26,39],[-27,6],[-29,63],[-195,-44],[25,-109],[-11,-2],[-27,108],[-158,-37],[-58,-115],[14,-13],[-208,-85],[-111,-39],[22,-80],[-135,-14],[10,-99],[111,11],[-63,-16],[24,-198],[112,-39],[-3,-10],[-98,33],[-7,-16],[-84,-7],[-54,82],[14,33],[36,2],[-16,128],[1,65],[-72,15],[11,-100],[-10,-2],[-11,101],[-19,73],[-100,20],[-60,-28],[-6,-49],[-44,26],[-62,12],[-70,-6],[-51,-21],[-29,-53],[-119,-39],[-43,-71],[-224,-83],[-65,-33],[-67,-18],[-66,-44],[-46,-101],[-10,-193],[-51,-13],[-91,31],[-36,77],[-40,41],[-116,67],[-5,26],[-80,43],[-66,7],[-99,29],[-28,-4]],[[133691,284131],[-116,-2],[-115,-32],[-8,-22],[-74,-22],[-5,-42],[-43,-26],[-43,-48],[3,-40],[-44,-15],[-34,-37],[6,-54],[36,-37],[-64,-30],[36,-113],[-52,-27],[76,-50],[48,-85],[-34,-28],[-7,-36],[-59,-26],[-7,-41],[56,-39],[26,-93],[-13,-22],[-55,-4],[-95,-81],[-119,-28],[-40,-45],[-102,30],[-64,-8],[-55,16],[-36,-19],[-56,-62],[23,-83],[51,-73],[-19,-48],[18,-54],[-38,-3],[-80,-62],[-97,57],[-63,-9],[-58,10],[-64,62],[-38,65],[16,46],[-5,50],[53,47],[74,28],[22,46],[-8,106],[-49,0],[-106,74],[-49,56],[-5,108],[-25,118],[10,51],[-19,108],[-23,16],[11,54],[-72,113],[-7,35],[16,58],[34,55],[-18,106],[-89,95],[-72,23],[-24,44],[-62,25],[-157,-9],[-143,-59],[26,-94],[10,-92],[-12,-1],[-15,117],[-20,-21],[-93,-8],[13,-155],[177,27],[2,-8],[-210,-33],[-6,-60],[49,-110],[193,30],[2,-9],[-181,-28],[47,-79],[3,-58],[33,-26],[2,-35],[-35,-43],[-52,-4],[-50,-37],[-71,-121],[7,-71],[31,-25],[-4,-38],[56,-59],[38,-63],[62,-49],[11,-29],[-5,-80],[-48,1],[-32,-54],[-69,2],[-55,-103],[-7,-40],[74,-60],[7,-42],[45,-73],[-11,-96],[-33,-42],[-35,-90],[21,-19],[-23,-83],[-71,-60],[1,-48],[-22,-67],[13,-133],[50,-94],[10,-80],[-40,-59],[-35,-1],[-37,31],[-113,8],[-26,-59],[-87,21],[-47,30],[-43,57],[-28,92],[-47,39],[-39,68],[-40,24],[-37,-21],[-27,16],[-1,40],[-89,44],[-133,-7],[-79,-19],[-135,-69],[-122,-84],[-41,-41],[-85,-124],[18,-71],[-1,-60],[-20,-69],[12,-60],[46,-81],[-30,-57],[96,-218],[30,-40],[2,-37],[35,-63],[26,-76],[5,-91],[-33,10],[-38,-46],[-27,25],[-18,-28],[-66,-5],[-11,-35],[-68,1],[-53,-58],[-100,-48],[-82,-117],[-36,20],[-44,-29],[-26,-54],[-1,-41],[-68,-92],[-19,-64],[-87,1],[-43,49],[-49,10],[-35,63],[8,67],[-8,65],[11,85],[-9,85],[48,66],[11,55],[-33,50],[10,40],[44,39],[22,42],[-22,36],[63,33],[33,33],[7,91],[36,78],[-1,74],[162,150],[25,79],[42,78],[16,60],[41,20],[25,64],[31,16],[-7,63],[-40,37],[25,33],[-14,34],[13,76],[35,50],[21,77],[-22,82],[-42,22],[33,50],[12,69],[26,72],[-40,122],[-74,58],[-36,-5],[-30,-35],[-59,2],[-8,68],[-49,-12],[-26,39],[-42,10],[-98,87],[-32,73],[14,44],[60,44],[-9,46],[-58,45],[-50,-8],[-6,-36],[-42,10],[-49,36],[-64,0],[8,33],[68,70],[18,180],[73,35],[53,52],[24,44],[42,14],[54,164],[85,103],[24,-1],[19,85],[-11,58],[53,82],[-27,70],[-118,85],[-70,34],[-156,2],[-28,40],[16,-72],[-22,36],[-46,-57],[-96,-43],[2,-62],[35,0],[2,-28],[-36,-2],[20,-319],[-14,14],[-7,129],[-115,-6],[1,-54],[-70,-15],[83,-52],[5,-126],[174,-1],[0,-12],[-166,-4],[-35,-112],[-39,10],[-28,-97],[132,-91],[-8,-11],[-131,87],[-31,-36],[-44,8],[-49,59],[-18,44],[3,52],[-36,75],[-54,-28],[32,-59],[-11,-41],[-47,-2],[-2,-56],[45,-66],[75,-28],[-80,2],[-37,-70],[-39,12],[-49,79],[5,172],[-71,5],[-47,-11],[-41,-62],[-35,-20],[-10,-67],[-51,-110],[26,-54],[-14,-80],[-26,-2],[-3,48],[-34,-4],[-27,-68],[8,-45],[-37,9],[7,-60],[-12,-45],[-102,10],[3,41],[-40,16],[21,37],[36,10],[-18,42],[-76,-2],[-44,25],[3,47],[36,48],[-74,41],[-53,-38],[-60,-8],[-120,20],[-59,-29],[-56,-4],[-79,11],[-81,51],[-36,7],[16,57],[-36,1],[29,143],[-5,35],[-43,-4],[1,39],[-31,32],[26,64],[-9,58],[7,95],[38,59],[45,34],[36,-1],[34,42],[0,81],[-43,110],[-97,99],[-46,30],[-33,-1],[19,-122],[-9,-1],[-21,127],[-53,14],[-81,41],[-81,24],[-101,-6],[-36,62],[-15,57],[-55,36],[-39,44],[-78,31],[-159,34],[-103,11],[-100,-5],[-4,68],[-215,0],[0,18],[139,-9],[-1,234],[-138,40],[11,36],[-125,35],[-25,-69],[4,-84],[-58,-80],[47,83],[-5,81],[-76,-3],[-11,44],[-73,-10],[-100,-74],[-32,-60],[35,-25],[11,-109],[176,-29],[83,-39],[-280,42],[-32,-177],[53,-9],[-31,-147],[114,-24],[36,159],[19,-5],[-36,-158],[126,-27],[-5,-22],[-340,73],[-54,-55],[-44,-22],[-117,-34],[-63,9],[-39,35],[-140,10],[-65,-13],[-75,-65],[-51,-100],[-41,-24],[-83,-80],[-75,-143],[-43,-50],[-8,-132],[-41,-117],[2,-124],[-8,-34],[12,-83],[-11,-27],[-73,-41],[-121,-100],[-47,-68],[-71,-44],[-94,-35],[-22,-22],[-42,-144],[-23,-32],[-176,-109],[-52,16],[-12,128],[28,43],[-19,23],[-72,14],[-18,105],[30,186],[14,37],[73,36],[26,-28],[50,24],[-9,72],[22,52],[28,20],[77,1],[0,37],[-38,36],[-11,119],[-70,47],[0,32],[43,38],[39,55],[41,140],[32,30],[48,1],[93,67],[-64,78],[0,64],[66,23],[25,36],[1,102],[19,67],[-7,162],[-46,24],[-27,41],[24,30],[56,1],[67,68],[21,51],[11,89],[-8,63],[-26,49],[-159,1],[-37,31],[19,79],[33,70],[-4,78],[34,15],[-19,51],[36,128],[72,94],[14,45],[-22,121],[-84,201],[-29,43],[-67,54],[-55,191],[-65,152],[-58,64],[-63,43],[-24,1],[-18,43],[6,54],[63,100],[20,60],[34,25],[13,58],[-7,75],[-26,64],[-41,23],[30,61],[-16,36],[14,188],[32,81],[-2,47],[-39,125],[-30,-15],[8,66],[46,-6],[18,73],[-31,117],[-21,10],[-41,100],[-17,76],[-13,188],[34,63],[-14,45],[27,97],[36,23],[-3,76],[66,45],[64,28],[34,115],[-6,41],[-49,32],[-1,20],[73,108],[38,12],[43,-17],[130,67],[25,36],[69,21],[53,63],[64,44],[56,21],[83,0],[165,-48],[33,111],[-167,43],[-92,33],[56,3],[43,60],[-14,72],[-44,1],[-47,29],[-9,45],[-26,19],[-17,52],[-65,0],[-13,48],[28,49],[97,49],[34,87],[-14,91],[-43,67],[-68,50],[-67,-26],[-22,52],[13,62],[60,47],[-5,26],[39,36],[-6,37],[50,14],[34,38],[66,-2],[33,57],[-2,75],[-17,44],[-48,13],[-70,-16],[1,80],[-49,-1],[-31,54],[61,117],[45,25],[0,55],[-36,23],[-34,-12],[-12,52],[59,86],[-12,28],[41,77],[-1,37],[-38,80],[-49,77],[-22,80],[-31,10],[8,101],[67,107],[-8,37],[56,51],[23,50],[36,21],[57,-3],[250,195],[10,-13],[-134,-101],[39,-21],[37,-50],[47,26],[16,-18],[-46,-30],[27,-38],[97,73],[-6,79],[18,-76],[76,14],[51,184],[-64,67],[6,19],[-58,-15],[6,94],[-9,40],[-29,21],[-60,-15],[46,46],[-26,28],[23,71],[7,81],[47,88],[7,34],[-24,46],[-85,77],[-55,-22],[-30,9],[-16,47],[15,91],[-14,48],[17,46],[35,29],[41,85],[3,39],[43,108],[101,143],[66,110],[-11,64],[4,104],[37,58],[13,106],[22,13],[19,58],[-5,103],[-28,39],[32,77],[64,55],[4,22],[59,45],[-4,24],[55,30],[79,89],[7,78],[-41,71],[-58,34],[-51,56],[2,30],[49,30],[-36,34],[0,51],[-70,58],[-46,-59],[67,-51],[-1,-57],[-23,-53],[62,-89],[20,-52],[-88,131],[-27,-23],[-154,28],[-38,24],[81,180],[2,75],[-23,84],[-29,22],[-13,102],[-21,55],[13,61],[4,207],[23,186],[20,33],[26,120],[-6,21],[14,158],[-32,105],[-8,76],[17,52],[-8,62],[4,100],[18,96],[35,114],[22,399],[-14,155],[59,231],[21,28],[15,69],[47,66],[18,121],[-9,91],[-30,163],[-55,54],[2,110],[13,170],[20,60],[-27,196],[-28,301],[43,110],[14,62],[55,120],[-13,40],[33,59],[2,87],[34,100],[9,84],[31,103],[-4,37],[23,58],[-1,53],[47,70],[12,77],[72,60],[108,70],[126,58],[80,46],[218,82],[61,30],[90,76],[20,-1],[50,64],[6,34],[-35,18],[-62,86],[-99,80],[6,7],[100,-81],[59,-88],[80,-41],[56,116],[54,21],[10,63],[-19,25],[-74,44],[33,50],[67,-38],[28,49],[-186,110],[-105,-156],[-13,-3],[115,173],[144,-86],[33,55],[52,120],[0,54],[-20,120],[-23,63],[-46,54],[-32,18],[-67,113],[-12,123],[-41,55],[-99,22],[-62,44],[-96,88],[-16,56],[23,46],[-25,162],[-30,75],[-36,39],[-2,79],[-33,33],[-58,103],[-31,71],[13,105],[-18,45],[33,55],[-10,100],[38,70],[-19,86],[46,16],[11,81],[40,88],[-29,82],[130,114],[27,55],[74,90],[28,70],[70,90],[35,63],[45,116],[24,32],[33,4],[58,77],[-8,19],[31,68],[68,75],[74,138],[13,51],[6,98],[24,90],[14,100],[33,141],[-7,99],[16,87],[97,159],[12,155],[148,235],[53,59],[104,48],[33,39],[14,116],[-1,-102],[11,-57],[50,-127],[26,5],[35,147],[-13,33],[167,114],[-7,67],[-66,121],[-127,-56],[-34,33],[30,39],[151,101],[64,66],[-19,41],[-77,108],[-152,0],[-143,-12],[-99,19],[-82,-33],[-45,10],[-39,69],[9,27],[63,41],[23,110],[49,96],[25,111],[16,22],[22,113],[24,62],[106,196],[59,78],[25,15],[74,183],[0,50],[-22,82],[-75,111],[-52,23],[-67,2],[-33,88],[-59,52],[32,117],[-45,-32],[-15,22],[32,39],[77,43],[89,155],[10,108],[-20,88],[12,57],[-10,74],[0,110],[-15,51],[6,48],[-13,92],[-27,114],[0,132],[19,72],[43,106],[33,221],[18,22],[9,126],[30,70],[14,67],[55,98],[59,84],[21,75],[-17,172],[-32,109],[-37,72],[6,67],[33,61],[-9,75],[-28,48],[-59,49],[-51,-20],[-75,41],[7,46],[49,41],[-3,79],[-63,84],[14,87],[41,66],[26,71],[-17,124],[-20,35],[-33,4],[-56,50],[-30,96],[20,69],[27,39],[50,28],[62,1],[57,20],[153,4],[49,-15],[62,9],[96,47],[5,101],[-29,43],[-135,73],[-13,45],[-51,13],[-77,73],[3,66],[34,72],[-43,82],[-5,68],[37,36],[58,111],[32,7],[106,74],[51,77],[47,24],[106,108],[95,124],[74,50],[32,87],[-16,58],[34,108],[20,106],[-39,60],[-20,70],[-34,67],[43,115],[49,55],[40,75],[-33,37],[16,37],[34,14],[32,92],[-35,22],[11,51],[36,20],[25,-15],[53,34],[36,-19],[-4,-29],[31,-81],[-14,-48],[26,-34],[78,-19],[68,18],[41,77],[17,73],[30,-7],[36,-48],[14,-57],[27,-39],[70,-55],[40,-9],[-4,-78],[26,-65],[67,-11],[30,-74],[43,-63],[57,-58],[48,27],[-17,19],[16,59],[70,54],[47,-12],[76,-63],[32,-73],[38,-46],[101,-8],[112,8],[99,20],[73,64],[20,44],[29,14],[-3,38],[-41,12],[14,45],[57,7],[52,-10],[72,22],[2,20],[-55,38],[27,41],[47,-15],[83,65],[111,33],[26,52],[-48,77],[-43,33],[-49,11],[23,31],[119,9],[81,-39],[13,-35],[-15,-72],[9,-49],[69,-43],[58,-81],[73,-67],[66,-3],[109,32],[19,-69],[-51,-71],[7,-73],[73,-97],[24,-52],[72,-64],[55,-36],[58,-94],[49,-55],[0,-96],[-41,-146],[-49,-70],[-17,3],[3,-170],[-8,-41],[48,-57],[133,-101],[26,5],[51,-50],[-20,-45],[-52,-51],[-63,-5],[-57,-51],[-38,-63],[4,-61],[41,-70],[40,11],[86,-27],[44,14],[17,-29],[-67,-19],[30,-16],[-54,-167],[-9,1],[-35,-137],[-11,3],[37,138],[-116,85],[-19,-34],[-40,2],[-120,-41],[-74,-144],[130,-58],[-108,-225],[-14,-67],[-14,3],[15,64],[49,103],[-37,16],[-27,-66],[-88,27],[-22,-70],[12,-28],[-53,-96],[-34,-39],[-54,-101],[-3,-115],[72,-86],[77,102],[20,-23],[-29,-53],[60,-43],[-9,-13],[103,12],[77,118],[92,5],[-29,-56],[-1,-52],[-46,-92],[-40,-125],[-56,-79],[-14,-49],[-34,-4],[-86,-62],[-117,24],[-35,44],[-47,-66],[37,-77],[38,-31],[-36,-74],[68,-163],[31,-55],[-60,-70],[-41,-78],[-52,-151],[14,-60],[-20,-54],[29,-174],[26,-50],[50,-7],[80,24],[72,-34],[64,-9],[62,-35],[18,-95],[-15,-21],[-34,37],[-125,37],[-62,-16],[-72,-55],[-49,-88],[-3,-36],[-41,-88],[-43,-52],[17,-81],[33,-48],[-43,-152],[36,-88],[28,-14],[-32,-42],[45,8],[77,157],[63,40],[47,176],[-7,96],[22,-4],[30,57],[29,-4],[108,-65],[107,-1],[67,102],[-7,181],[36,193],[18,10],[76,-46],[26,-41],[97,22],[89,-50],[30,-90],[-21,-211],[-48,-92],[-67,-72],[-22,-45],[279,-112],[28,-23],[143,83],[35,85],[120,-27],[84,37],[55,48],[-103,98],[-21,186],[35,112],[39,2],[49,-59],[100,-61],[62,-12],[29,43],[-37,54],[-44,12],[-80,53],[-29,62],[-14,124],[-11,20],[15,97],[48,48],[63,12],[51,-30],[141,-8],[17,31],[-20,52],[-33,34],[31,50],[71,-23],[55,-109],[83,-90],[33,5],[73,-85],[38,4],[34,49],[35,-6],[64,-40],[44,-97],[37,-25],[92,5],[45,50],[44,2],[38,46],[-94,61],[-2,26],[-43,44],[10,31],[141,17],[67,-11],[45,-48],[54,35],[-77,122],[2,25],[52,99],[53,40],[37,-6],[39,-62],[6,-56],[80,-25],[24,10],[17,50],[-45,24],[-14,37],[80,9],[-5,67],[-124,61],[4,40],[38,40],[116,-16],[22,15],[15,61],[-56,32],[-5,20],[51,67],[53,-20],[17,24],[-18,55],[65,0],[17,86],[49,14],[42,-10],[5,65],[27,3],[78,-102],[37,-3],[33,32],[47,0],[9,40],[125,97],[58,29],[22,174],[37,112],[39,76],[5,82],[-11,68],[7,91],[48,52],[51,-22],[79,-6],[3,-84],[-25,-34],[-1,-59],[-66,-16],[37,-29],[19,-119],[-17,-34],[45,-29],[-19,-59],[24,-40],[-37,-95],[11,-40],[50,-9],[74,109],[57,-11],[3,82],[46,26],[40,-69],[46,-16],[66,38],[5,51],[28,15],[104,-13],[17,-68],[47,-59],[8,-60],[-12,-34],[-127,-40],[-50,-36],[-23,-82],[-54,-33],[-43,33],[-109,-72],[-174,56],[-73,54],[-35,42],[-29,-30],[6,-70],[44,-27],[-3,-44],[34,-22],[54,11],[29,-52],[49,-23],[100,-23],[-10,-75],[-89,-53],[-47,-47],[-57,-14],[-67,15],[-124,-7],[-41,-40],[-53,-1],[-52,19],[-35,33],[-9,116],[-47,48],[-41,-29],[15,-31],[-7,-73],[53,-55],[11,-95],[-41,3],[-76,-43],[-7,-25],[79,-53],[20,-64],[-139,-57],[7,-112],[75,-11],[44,47],[135,38],[18,32],[74,38],[171,8],[51,23],[-13,-43],[37,-73],[53,43],[42,108],[38,21],[100,-30],[73,-7],[44,24],[57,-12],[-8,-82],[-41,-32],[19,-81],[-71,-51],[-2,-25],[73,-33],[-13,-117],[6,-129],[-44,4],[-61,35],[-66,19],[-17,-44],[109,-76],[-61,-19],[25,-52],[-27,-111],[-44,-29],[-4,-47],[-76,-91],[-35,-1],[-58,-144],[131,-71],[23,35],[61,-2],[-22,-71],[71,-22],[9,-34],[84,-26],[21,32],[50,-31],[164,8],[37,-60],[95,103],[20,40],[-31,40],[-12,68],[-28,20],[8,44],[-46,48],[-66,114],[-40,33],[111,58],[-22,64],[-42,15],[58,49],[43,62],[63,145],[26,106],[-9,33],[-44,50],[-71,125],[-6,33],[36,32],[55,-34],[18,-66],[74,-58],[60,21],[46,-7],[43,33],[7,57],[-105,73],[-57,153],[39,51],[99,92],[50,92],[63,12],[87,-52],[43,11],[14,25],[-24,41],[-30,110],[-53,70],[0,37],[27,28],[98,3],[141,-48],[6,21],[-55,61],[-17,59],[34,3],[102,-52],[81,-50],[52,3],[4,29],[-44,45],[10,26],[59,27],[71,-65],[119,-42],[3,68],[50,8],[37,-38],[32,9],[20,44],[29,9],[125,-8],[52,-18],[8,-46],[87,5],[70,-32],[37,4],[76,37],[21,-4],[114,42],[95,24],[68,-4],[100,-100],[47,4],[64,-53],[20,4],[27,-58],[-20,-56],[16,-70],[40,-36],[-25,-124],[-55,-100],[-62,-92],[4,-43],[-117,-105],[-31,-59],[-47,-12],[-41,-114],[-32,-55],[-43,-27],[-9,-34],[61,-63],[16,-48],[66,-50],[50,-10],[10,-57],[56,-28],[34,27],[154,-7],[76,35],[45,-10],[33,-40],[101,-56],[85,-13],[33,14],[-27,-97],[16,-43],[-56,-179],[-35,-40],[-38,-5],[-91,63],[-81,10],[-62,-13],[-8,-45],[50,-6],[88,-32],[30,-67],[-7,-48],[-39,-70],[-67,-49],[-33,-67],[3,-70],[49,-112],[1,-38],[-57,-78],[11,-17],[41,24],[50,4],[15,-40],[-30,-148],[-52,-71],[-18,-64],[-2,-83],[-67,-51],[142,-117],[70,55],[30,1],[81,-40],[70,-6],[33,-38],[84,-57],[45,-49],[79,-20],[72,-89],[22,-48],[10,-70],[-2,-85],[92,-62],[56,-6],[28,-22],[-33,-54],[60,1],[23,-108],[40,-93],[45,-3],[18,145],[45,304],[-10,61],[-28,54],[-46,-8],[-63,57],[-41,16],[-40,86],[30,45],[-34,8],[-117,94],[-21,53],[28,42],[-97,-17],[-81,24],[-32,25],[-89,25],[-12,62],[33,92],[48,12],[40,-65],[9,21],[-19,75],[11,42],[-16,40],[25,30],[35,-13],[-1,40],[-65,68],[-20,70],[-30,50],[-52,18],[-65,-15],[-57,52],[-55,11],[22,48],[16,-11],[102,-1],[41,22],[27,-42],[55,24],[74,-9],[17,33],[62,55],[45,17],[87,94],[63,-2],[40,21],[52,-14],[41,-126],[-46,-49],[24,-31],[52,21],[34,-35],[19,-57],[31,-33],[46,40],[-101,162],[9,29],[41,-8],[62,-54],[49,14],[47,-15],[38,46],[-62,57],[-50,-42],[-77,35],[-44,38],[-9,35],[64,117],[-25,29],[-13,-53],[-42,-27],[-79,7],[-41,37],[-16,47],[8,62],[-35,136],[-118,131],[31,38],[-39,46],[-87,-25],[-10,14],[-69,-6],[-47,19],[-44,49],[-48,5],[-32,46],[35,117],[35,14],[-35,50],[-163,-31],[-54,-44],[-44,11],[-54,57],[-3,35],[47,57],[17,-1],[-39,171],[6,28],[102,31],[16,73],[67,51],[14,61],[7,103],[-10,56],[-110,114],[-8,46],[40,56],[32,-11],[69,-59],[23,80],[48,-35],[102,-12],[116,-57],[158,-18],[19,22],[-7,50],[-66,12],[-81,34],[-80,79],[-22,1],[-44,87],[-89,-11],[-46,71],[20,43],[75,42],[19,44],[-26,35],[-69,-12],[-46,10],[13,79],[-46,51],[-52,10],[-15,-57],[-61,-120],[-21,-17],[-69,-119],[-51,-61],[-50,-32],[-78,20],[-97,92],[-9,52],[-48,61],[-39,29],[-26,45],[-94,-3],[-11,14],[-111,49],[-39,31],[-58,85],[-66,21],[19,73],[-4,45],[39,72],[16,3],[59,110],[50,22],[42,77],[59,27],[59,55],[122,22],[15,36],[-81,17],[-43,27],[-62,11],[-148,-87],[-68,-101],[-53,-53],[-51,-30],[-66,-180],[-72,-88],[-42,-6],[-57,28],[-69,77],[-59,28],[-25,101],[13,51],[143,15],[60,-11],[26,46],[-129,50],[-42,34],[-11,42],[48,63],[-8,36],[-56,74],[-45,36],[-26,65],[-55,10],[-44,-24],[-76,21],[-39,56],[-12,57],[-29,35],[7,36],[45,81],[34,15],[53,-26],[19,-34],[-10,-96],[54,-29],[30,25],[10,78],[86,-72],[41,-4],[43,43],[-12,50],[52,32],[-6,52],[-23,24],[-70,-6],[-72,-25],[-38,21],[0,46],[43,46],[-49,73],[-47,17],[-135,-40],[-41,-36],[-52,-8],[-39,-48],[-57,-3],[-58,96],[-94,82],[-38,3],[-49,-26],[-42,-69],[-114,110],[-7,85],[-76,139],[3,63],[52,68],[12,96],[-32,116],[-34,39],[-22,66],[8,41],[75,127],[24,56],[13,82],[21,15],[18,127],[-13,27],[25,30],[21,-27],[19,-118],[31,-43],[-16,-85],[-3,-94],[14,-140],[30,-79],[-34,-58],[-43,-132],[15,-80],[53,-58],[60,24],[83,72],[42,24],[53,-3],[62,-23],[39,-51],[53,-21],[27,30],[-21,29],[-56,168],[8,79],[20,8],[56,-33],[64,-79],[100,-63],[42,-53],[78,-57],[19,-42],[55,-31],[25,23],[-9,38],[-62,55],[-26,55],[29,27],[34,-9],[65,-102],[14,1],[63,-73],[36,-3],[40,-65],[44,25],[-63,84],[-29,61],[33,34],[39,-29],[28,9],[87,-103],[83,48],[-45,71],[-74,49],[-37,-10],[33,52],[-12,41],[-51,21],[-45,-15],[-86,2],[-77,36],[20,51],[90,-3],[46,41],[127,-5],[24,20],[10,80],[52,67],[-5,72],[-86,55],[43,77],[46,-5],[104,-75],[-21,-124],[-44,-130],[-34,-68],[24,-87],[44,-47],[57,-32],[173,4],[108,-12],[34,-49],[3,-46],[-22,-99],[49,-29],[29,-88],[-35,-72],[-72,-31],[-16,-93],[-51,-32],[-39,-115],[-41,-33],[-96,13],[6,-59],[-19,-68],[75,-46],[22,32],[38,-18],[3,-45],[52,-28],[99,-2],[135,-60],[-17,60],[-69,73],[95,78],[5,-79],[42,-112],[52,-1],[34,62],[-6,55],[52,39],[9,36],[-46,80],[5,75],[24,49],[40,6],[20,-27],[71,2],[-23,84],[5,89],[32,66],[39,44],[110,23],[120,-15],[36,-27],[33,5],[69,-85],[27,-79],[-9,-111],[-34,-109],[-85,-67],[-3,-33],[-74,11],[23,-53],[-3,-81],[-110,-130],[-84,-36],[-31,-75],[35,-29],[51,38],[59,-101],[37,21],[20,123],[42,10],[-11,38],[70,34],[13,67],[23,21],[60,-34],[25,15],[-24,64],[56,16],[21,35],[-17,31],[28,24],[60,5],[-17,52],[26,39],[75,-16],[40,37],[20,-21],[44,3],[87,-58],[45,19],[46,68],[-36,31],[-13,45],[55,65],[48,154],[77,26],[33,-51],[-34,-101],[64,-72],[-13,-67],[-37,-79],[-2,-40],[-71,-76],[-18,-96],[-7,-107],[-50,-10],[-82,73],[-92,-41],[-53,-73],[-68,-72],[16,-22],[139,76],[71,1],[61,-23],[38,-32],[6,-32],[-27,-66],[-3,-95],[-35,-88],[-24,-132],[-63,-15],[-16,-29],[26,-21],[31,-136],[-12,-97],[16,-23],[81,58],[-29,127],[30,22],[111,29],[25,-10],[-6,63],[56,22],[87,-8],[20,-41],[78,-64],[89,-22],[88,-2],[64,-19],[22,-38],[-81,-62],[25,-47],[-10,-134],[-41,-120],[-6,-76],[17,-69],[48,-7],[9,-25],[-74,-53],[-97,15],[-62,32],[-70,-34],[18,-26],[73,9],[74,-49],[41,-10],[-9,-56],[70,-30],[5,-40],[-24,-110],[-31,-31],[3,-34],[-50,-113],[-76,-67],[9,-10],[-52,-69],[10,-8],[53,56],[42,-36],[38,56],[69,75],[90,54],[-27,20],[15,87],[88,52],[41,6],[46,-42],[14,-33],[34,6],[57,-19],[21,36],[-64,40],[46,56],[-15,14],[-81,-22],[-47,8],[-23,50],[10,77],[23,22],[62,-2],[88,31],[30,42],[-35,3],[-69,-37],[-65,-4],[-49,22],[-13,41],[31,83],[-14,43],[53,56],[-14,36],[16,59],[37,46],[39,16],[-6,46],[61,87],[-25,38],[13,57],[35,15],[65,-44],[47,-65],[16,-44],[37,-12],[20,-80],[-20,-70],[23,-148],[50,3],[6,187],[63,2],[66,-71],[16,2],[11,231],[-82,8],[-21,-22],[-63,26],[-69,82],[-12,59],[72,1],[47,18],[43,-83],[-35,-33],[39,-39],[47,-6],[-1,56],[45,-4],[50,40],[2,32],[74,32],[48,-137],[-45,-63],[29,-66],[107,-5],[8,18],[97,6],[62,33],[142,-38],[2,-56],[-52,-28],[-110,-84],[24,-51],[59,-8],[-7,38],[74,13],[39,34],[22,-43],[3,-70],[-28,-37],[-44,-1],[-9,-35],[-82,-4],[-34,38],[4,43],[-36,31],[-61,6],[-68,-24],[-72,-57],[-125,-56],[-24,-29],[-55,32],[-76,-78],[-49,-75],[13,-9],[-29,-186],[93,-41],[86,-125],[-8,-5],[-84,123],[-57,25],[-29,-58],[-35,13],[-62,-125],[-117,-12],[-78,-104],[-22,-63],[54,-60],[-8,-32],[161,-62],[-8,-7],[-118,47],[-77,-179],[-38,-118],[-72,-26],[-48,-62],[33,-14],[75,20],[84,-18],[54,63],[71,2],[9,31],[125,-46],[66,-71],[132,-36],[24,-34],[-12,-33],[4,-84],[32,-25],[-12,-56],[-55,128],[-23,5],[-87,89],[-13,30],[-56,3],[-29,20],[-21,-33],[17,-32],[-17,-33],[-71,-7],[-118,-34],[9,-91],[51,-12],[-2,34],[45,24],[88,-23],[45,29],[90,-26],[-21,-38],[-106,13],[-94,-115],[6,-144],[-60,-38],[-10,-30],[28,-42],[-12,-45],[-131,-84],[-23,-43],[5,-49],[-35,-50],[-55,-20],[-37,-138],[-42,-54],[-34,-78],[-14,-65],[-27,-42],[8,-44],[-7,-174],[36,-50],[23,-61],[-9,-62],[20,-63],[-57,-57],[27,-26],[-43,-54],[-51,-17],[-10,-33],[37,-29],[83,67],[62,9],[68,39],[40,-13],[-36,-157],[-27,-42],[50,-37],[40,28],[20,58],[69,27],[9,66],[75,13],[7,-68],[36,18],[78,-151],[5,-45],[-37,-62],[39,-1],[-18,-65],[20,-72],[-1,-50],[92,-106],[20,13],[12,-55],[31,-51],[34,-25],[44,16],[-9,43],[105,-8],[-20,33],[55,60],[-5,47],[-70,88],[-79,7],[-47,35],[8,40],[94,42],[32,44],[75,-49],[8,-25],[51,12],[-10,48],[-100,76],[-91,6],[-42,-44],[-55,1],[11,73],[-57,73],[13,27],[-15,92],[2,80],[31,15],[47,-37],[29,-56],[38,-26],[21,-88],[49,-29],[68,6],[-60,19],[-34,39],[-1,37],[44,43],[-103,73],[7,49],[77,-30],[8,24],[-33,81],[69,-33],[63,-5],[140,20],[5,25],[-41,21],[-73,8],[-29,-31],[-41,2],[-13,35],[-74,31],[13,46],[89,4],[150,47],[-64,22],[-30,-14],[-35,34],[-3,-26],[-46,-20],[-110,13],[42,58],[-84,20],[10,34],[-15,52],[47,23],[94,-31],[18,44],[-28,68],[45,16],[3,33],[66,34],[43,103],[6,61],[36,-15],[47,19],[44,-41],[-10,-65],[-42,-48],[-55,-27],[4,-68],[-70,-63],[-6,-53],[40,55],[50,14],[15,52],[53,48],[23,-33],[5,-64],[21,4],[18,94],[66,50],[35,50],[57,-131],[-28,-70],[-28,-11],[-57,-122],[38,-112],[-5,-28],[-70,-73],[21,-61],[65,-26],[85,-95],[26,-88],[16,-92],[55,-43],[50,-5],[46,-25],[15,-41],[-6,-63],[-25,-18],[74,-14],[11,-29],[74,-19],[27,-33],[38,-143],[-51,-37],[-7,-43],[33,2],[94,70],[87,-94],[166,-58],[83,-107],[-5,-44],[63,-12],[19,63],[-59,82],[-265,163],[-25,33],[-62,159],[-142,177],[28,26],[-94,107],[-126,100],[3,33],[43,31],[-53,53],[4,37],[-27,25],[99,33],[67,-24],[44,-37],[23,42],[48,0],[20,-21],[85,49],[44,1],[35,-25],[103,28],[120,-7],[6,58],[-64,6],[-3,-38],[-157,0],[-79,44],[-4,-38],[-33,4],[12,128],[-38,38],[12,45],[36,15],[20,61],[75,54],[54,23],[36,65],[55,53],[98,52],[58,-30],[-6,68],[47,27],[5,56],[52,51],[3,36],[-91,-69],[-35,24],[2,-77],[-84,-53],[-30,21],[1,-36],[-38,-25],[-61,17],[-34,-25],[-12,-78],[-61,-17],[-37,41],[-40,-93],[-33,-25],[-36,8],[5,155],[37,58],[1,50],[97,25],[49,-6],[38,52],[69,0],[61,71],[35,81],[60,-4],[-8,69],[-70,-25],[-61,-88],[-111,-47],[-31,-32],[-90,-4],[-91,-42],[-44,18],[-41,48],[-11,69],[65,-27],[75,-15],[91,44],[2,35],[64,34],[-20,16],[-66,-5],[-18,-40],[-44,-29],[-35,56],[18,49],[40,22],[6,28],[48,13],[59,39],[140,-55],[37,43],[60,35],[-53,59],[-59,-37],[-33,56],[-46,-17],[-9,33],[80,42],[69,12],[64,-26],[75,-47],[-21,61],[36,40],[63,25],[51,-10],[27,25],[164,35],[-96,26],[-45,-9],[-39,22],[-21,-29],[-48,8],[-11,52],[-78,-26],[-60,60],[-3,26],[65,40],[-36,37],[-72,5],[-62,-47],[-1,-63],[-31,-67],[-40,-4],[-1,58],[29,28],[-27,59],[15,43],[59,64],[-24,49],[-50,31],[54,17],[86,-28],[77,-11],[68,-64],[36,50],[-89,67],[-63,16],[-77,48],[-175,29],[-32,40],[-12,51],[23,27],[86,-43],[41,44],[35,-13],[13,-36],[88,-65],[135,-57],[38,-7],[27,-114],[71,-157],[206,-134],[94,-54],[37,-104],[25,-26],[29,41],[-13,65],[55,28],[88,4],[20,21],[75,3],[4,28],[81,44],[-10,27],[59,65],[32,-5],[29,58],[55,23],[117,-26],[103,-60],[17,-35],[58,25],[78,-37],[41,-39],[22,37],[-40,37],[-59,20],[-52,41],[-13,49],[37,28],[66,7],[89,38],[17,29],[-87,-23],[-109,11],[-58,47],[26,59],[50,13],[-1,47],[45,-13],[43,-38],[13,58],[75,-18],[5,-21],[86,-42],[76,1],[2,-40],[29,-45],[-4,-33],[33,-11],[50,23],[6,116],[47,27],[23,-16],[-10,-56],[17,-61],[29,-9],[54,-80],[67,-19],[39,-26],[-12,-44],[-80,-31],[-6,-25],[70,-32],[-17,-52],[-51,-53],[-79,17],[-45,89],[-31,-17],[31,-22],[46,-79],[-3,-42],[41,8],[76,-9],[23,-48],[-28,-87],[-54,-66],[-49,2],[-42,27],[-128,18],[-2,-27],[64,7],[106,-58],[4,-41],[-20,-131],[-63,-13],[-81,74],[-37,12],[-53,-22],[-54,11],[-32,-57],[23,-55],[32,-3],[56,54],[79,-33],[67,-66],[17,-104],[28,-14],[32,21],[-30,76],[106,48],[36,79],[65,13],[41,-27],[3,24],[-66,41],[56,89],[22,60],[51,1],[51,-45],[3,24],[-62,54],[6,39],[38,21],[3,31],[35,23],[101,7],[-3,-69],[31,4],[46,74],[55,-16],[67,5],[14,-45],[-28,-71],[60,-8],[9,76],[63,6],[31,21],[-86,16],[-7,48],[-70,-2],[-20,14],[-104,4],[-14,29],[7,80],[35,28],[84,-12],[32,60],[84,20],[37,-34],[-13,45],[42,29],[-39,57],[-4,-37],[-44,-22],[-27,27],[-11,-37],[-83,-16],[-22,32],[21,41],[-19,12],[-76,-7],[-20,68],[36,35],[58,13],[-3,21],[-68,3],[-55,-12],[-37,-36],[-35,25],[-26,60],[34,40],[71,-19],[14,27],[-56,32],[20,35],[-16,71],[66,88],[47,10],[56,-72],[20,-48],[62,-12],[58,-34],[-22,-72],[36,-75],[91,-63],[142,-16],[19,12],[93,-10],[40,-55],[71,-64],[-58,-49],[-36,14],[-13,-41],[-80,7],[-34,39],[-39,-59],[88,-18],[0,-64],[43,30],[57,-2],[42,47],[73,43],[31,-15],[6,-45],[-33,-46],[2,-39],[-46,-15],[13,-56],[-6,-56],[-40,-8],[-49,41],[-29,3],[79,-90],[-27,-54],[-46,-21],[-42,27],[-1,-60],[-102,-58],[26,-47],[69,-9],[20,50],[83,48],[24,43],[71,73],[31,13],[68,-13],[53,-26],[19,-38],[16,99],[-33,-2],[-71,25],[-17,24],[66,102],[-9,17],[25,78],[-36,66],[10,111],[55,25],[13,27],[-24,56],[44,60],[70,15],[43,-52],[0,-52],[23,-53],[28,-17],[-7,-48],[-38,-24],[-5,-69],[-38,-37],[11,-17],[41,38],[30,62],[33,28],[20,-22],[-20,-51],[-14,-92],[-56,-139],[-30,-5],[43,-38],[-70,-37],[2,-22],[64,-12],[33,-57],[10,68],[17,16],[42,-76],[0,-36],[47,-54],[11,-51],[-60,-38],[-39,-2],[73,-34],[15,-40],[36,68],[41,-4],[35,-122],[-7,-85],[-17,-15],[-17,-94],[-23,-37],[-45,-2],[-7,-53],[-73,4],[-57,30],[-23,-22],[21,-28],[-24,-37],[-86,-14],[-104,-70],[-18,-76],[-36,3],[71,-46],[21,-97],[35,-29],[13,-140],[50,-12],[49,50],[18,-9],[91,-144],[121,-102],[106,-105],[5,-54],[71,-86],[5,-37],[65,-30],[40,-89],[50,-257],[-61,1],[-35,-28],[-23,-83],[-78,-14],[-114,18],[-29,21],[-42,-21],[-74,27],[-13,76],[9,44],[-33,57],[-67,13],[-39,-24],[-43,27],[-34,-29],[-96,15],[-22,23],[-88,-42],[-18,-28],[-64,-27],[-29,38],[-102,-51],[-61,22],[-15,23],[-91,35],[-70,-5],[-129,-81],[-61,-63],[-4,-46],[-68,-109],[-38,-31],[-51,-104],[-51,-40],[-92,-123],[-65,-38],[7,-47],[-29,-74],[-72,-67],[-84,-30],[-63,-2],[-32,40],[-19,75],[-47,34],[2,89],[13,44],[45,10],[-12,47],[-79,69],[-65,35],[-93,-28],[-80,-37],[-34,10],[-48,45],[1,80],[-36,59],[-48,10],[-70,-12],[-78,-46],[2,-54],[26,-53],[-4,-92],[-56,-86],[-41,-27],[-69,1],[-27,20],[-40,-44],[34,-31],[-53,-24],[2,-44],[41,-45],[80,-32],[41,-49],[-19,-108],[-27,-23],[-29,-60],[-63,-63],[34,-15],[-64,-32],[-79,-80],[-94,-54],[-26,1],[-81,-43],[-34,8],[-29,-75],[44,-37],[15,-58],[35,-59],[-34,-39],[22,-52],[90,-39],[62,-67],[13,-60],[34,-29],[6,-37],[38,-35],[15,-79],[-12,-21],[-154,-86],[-73,14],[-58,-6],[-31,-35],[-61,12],[0,29],[-47,38],[8,47],[-37,21],[-72,83],[-24,14],[-4,-37],[47,-82],[-33,-51],[-36,-20],[30,-61],[0,-55],[20,-25],[-50,-5],[-55,57],[-115,-43],[-7,7],[114,43],[-27,112],[-93,24],[-175,77],[-56,-147],[81,-67],[-159,111],[-39,-26],[-58,-109],[52,-4],[75,-54],[51,-65],[70,-31],[76,-100],[35,7],[129,-67],[110,51],[46,63],[13,-7],[-43,-62],[14,-48],[54,-13],[69,-39],[23,-48],[-4,-64],[33,-7],[-3,-31],[-127,-70],[88,-32],[46,-94],[-42,-44],[-74,-8],[-91,41],[-21,-39],[31,-32],[-1,-55],[-22,-48],[4,-41],[-52,27],[-150,15],[-89,-15],[-67,12],[-41,-20],[-47,-89],[6,-75],[42,-3],[17,-26],[-64,3],[-47,-189],[-78,-81],[-50,-97],[-22,-101],[29,-60],[8,-60],[28,-38],[-10,-59],[17,-12],[65,-154],[10,-103],[-13,-30],[-92,-5],[-38,22],[-40,-21],[-47,-52],[-7,-60],[58,-39],[-96,-132],[-3,-124],[28,-32],[68,12],[19,-18],[-17,85],[41,85],[109,116],[10,-9],[-106,-105],[-44,-88],[16,-86],[63,-40],[5,-80],[25,-28],[7,-51],[36,-37],[-2,-77],[87,-136],[127,23],[56,38],[18,30],[-12,41],[51,34],[64,-56],[-41,-49],[-17,-75],[54,-41],[-1,-82],[48,-91],[47,-30],[0,-80],[40,-84],[53,-12],[88,-60],[20,-62],[-34,-35],[6,-42],[-29,-14],[-71,11],[-95,56],[-91,27],[-29,-35],[14,-27],[-42,-74],[-18,-67],[-46,-56],[-22,-51],[-65,-6],[-38,12],[-29,-43],[-67,11],[-6,-23],[41,-15],[18,-32],[-4,-47],[49,2],[58,33],[75,-13],[38,-23],[58,6],[30,-14],[186,76],[122,-18],[50,-48],[22,-46],[-29,-59],[-96,-50],[34,-8],[122,35],[67,-3],[71,-55],[25,-73],[-16,-42],[-68,-43],[4,-49],[24,-42],[2,-47],[25,-60],[64,-39],[-14,-34],[7,-71],[-11,-32],[-50,-39],[-91,12],[-50,-20],[-52,18],[-11,-40],[-92,17],[-141,-6],[-35,-65],[-68,-11],[-34,31],[-48,3],[-25,22],[-16,71],[-42,78],[-46,34],[-28,-21],[-3,55],[-30,5],[-62,-143],[45,-3],[73,-87],[30,-56],[5,-68],[-47,-78],[-58,-53],[-69,6],[-69,37],[-46,-28],[12,-51],[-108,-75],[-35,-72],[-135,-74],[-64,-20],[-111,-8],[-37,-19],[-19,-54],[73,-94],[-9,-79],[20,-35],[-19,-70],[-60,-32],[-21,10],[-24,-43],[-40,15],[-61,-27],[-52,-52],[-19,0],[-56,-67],[0,-27],[-64,-48],[-26,8],[-73,-32],[-50,5],[-16,-27],[-58,-22],[-53,11],[-59,-43],[-101,0],[-48,25],[-61,-157],[-17,6],[31,80],[-66,89],[35,24],[-22,114],[-38,92],[2,37],[34,86],[-1,47],[-35,123],[1,38],[-245,26],[1,11],[266,-28],[40,-47],[73,30],[-38,41],[-56,111],[-24,-45],[-50,59],[-159,139],[-161,-173],[-77,16],[-25,99],[37,54],[-51,23],[-82,9],[-50,-67],[-36,29],[-109,-88],[113,-22],[60,-123],[2,-29],[101,22],[2,-12],[-100,-20],[25,-25],[-7,-37],[-37,14],[-171,-8],[-33,58],[-43,-52],[-7,-67],[29,-27],[-32,-21],[20,-33],[15,-93],[-20,-22],[-95,-22],[-50,-121],[41,-28],[-30,-21],[-45,-161],[31,-85],[41,-22],[40,111],[95,134],[25,12],[-108,-149],[-39,-103],[59,-95],[112,-46],[115,-73],[55,-21],[16,-77],[32,-31],[27,-75],[88,-34],[63,-9],[54,14],[64,48],[62,11],[70,-25],[67,-58],[54,-84],[-16,-71],[-47,-52],[-77,-41],[-70,-1],[-71,66],[-10,-85],[-104,-68],[-12,-48],[-49,-68],[30,-83],[44,-68],[44,-9],[-15,-35],[-68,-38],[-75,-9],[-18,-52],[1,-82],[-19,-12],[21,-59],[0,-72],[27,-42],[43,8],[6,-51],[-41,-11],[41,-102],[-1,-97],[-63,17],[-68,37],[-44,-26],[-45,46],[-29,4],[-29,-35],[47,-22],[36,-45],[1,-74],[-27,-18],[-3,-40],[28,-7],[35,27],[80,-90],[18,-96],[-65,-54],[-99,15],[-101,-162],[-5,-40],[23,-63],[44,-11],[40,-59],[54,-178],[-11,-129],[-51,-82],[-39,4],[-76,35],[-86,-56],[-378,264],[-23,-30],[-46,32],[-131,-70],[-6,10],[186,106],[-25,42],[-56,-31],[-34,42],[-15,-11],[-108,134],[-24,0],[-98,121],[-29,25],[93,69],[-2,54],[-35,102],[-55,13],[-168,-27],[-31,-29],[44,-175],[-31,-7],[77,-220],[-26,-8],[28,-112],[34,-27],[-66,-24],[-34,9],[-14,-54],[-44,13],[-32,-56],[36,-22],[-98,-244],[-39,-51],[-81,-56],[33,-13],[-51,-110],[117,-48],[-32,-72],[-124,53],[-4,-26],[-65,-144],[-186,-52],[49,-109],[-62,-30],[-14,47],[-33,27],[-36,-43],[23,-28],[-44,-41],[-8,-37],[184,99],[7,-15],[56,26],[-26,-31],[36,-41],[67,32],[155,-56],[-25,-61],[74,3],[77,152],[-91,44],[5,9],[91,-43],[105,198],[-22,11],[27,36],[-73,93],[78,24],[52,-110],[290,122],[17,92],[14,-3],[-31,-174],[45,-37],[-7,-27],[38,-58],[40,-91],[3,-47],[44,-18],[20,-55],[41,1],[54,-26],[12,-48],[-25,-47],[34,-107],[79,15],[15,-12],[153,42],[34,29],[37,-1],[18,-29],[24,-101],[-42,-293],[5,-43],[-45,-68],[-7,-36],[-54,-49],[-24,-142],[-5,-84],[10,-53],[29,-19],[-2,-36],[-105,-79],[-70,4],[-61,42],[-89,9],[-71,-9],[-90,8],[-73,25],[-37,-16],[-20,-46],[-52,-39],[-54,-75],[-39,-110],[-30,-53],[-60,-52],[-48,-64],[-24,-4],[22,-71],[43,-39],[120,12],[145,23],[32,17],[115,19],[107,-11],[41,-28],[48,-6],[54,16],[58,-35],[104,-102],[43,-76],[20,-64],[2,-66],[45,-13],[6,-54],[-136,-123],[-30,-76],[-123,-83],[-5,-47],[23,-35],[52,7],[97,-8],[59,-97],[31,-139],[-45,-81],[-18,-102],[-36,-71],[19,-34],[-16,-43],[31,-22],[3,-74],[15,-23],[-33,-106],[26,-56],[-45,-48],[21,-80],[-16,-59],[6,-40],[-78,-79],[14,-37],[-12,-37],[-43,46],[-24,-15],[-85,33],[-59,54],[-15,45],[-65,-1],[-32,22],[-39,-11],[-80,14],[-27,25],[-98,11],[-61,49],[-1,95],[-12,30],[-84,86],[-51,28],[-31,62],[-34,-29],[-51,42],[-45,-31],[-94,73],[9,36],[-51,10],[-68,-24],[-85,14],[-67,-39],[-75,-79],[-80,3],[-88,-79],[-15,-64],[-43,-41],[18,-112],[100,-49],[57,107],[27,17],[-77,-138],[57,-46],[-16,-35],[38,-61],[51,-143],[-51,-47],[-6,-52],[107,-110],[26,-104],[-42,15],[9,-68],[-93,13],[-69,23],[-37,49],[-49,-5],[-23,-89],[-40,11],[-29,-80],[-1,-46],[-52,-52],[-57,-29],[46,-73],[26,-112],[-45,-3],[-17,-67],[54,-41],[21,-50],[-40,-24],[29,-39],[63,-40],[-32,-30],[5,-71],[53,-33],[-40,-35],[-2,-57],[25,-55],[75,7],[54,-17],[35,-100],[88,-67],[0,-56],[53,-63],[18,-80],[-16,-25],[-4,-87],[40,-41],[-31,-82],[85,-23],[27,-40],[-24,-52],[-88,25],[-36,-21],[-40,5],[-39,-31],[-57,51],[-14,32],[-56,18],[-110,-19],[-92,22],[-39,-32],[-9,-70],[-65,-38],[-28,9],[-24,63],[-25,-8],[-81,23],[-45,38],[-14,47],[-70,11],[-70,101],[-87,-146],[-8,4],[75,131],[-120,84],[-68,-63],[101,-83],[-6,-9],[-106,86],[2,-49],[-80,-81],[-32,-103],[125,-113],[98,-36],[33,-63],[45,-48],[-32,-46],[74,-52],[49,-66],[50,-42],[-4,-102],[77,-72],[49,-146],[71,-67],[-11,-39],[32,-59],[-4,-52],[-42,10],[-19,-38],[109,-52],[17,-26],[-4,-51],[-49,-43],[-63,-136],[6,-27],[95,-19],[96,-4],[44,-26],[13,-66],[45,-7],[54,-33],[71,-132],[4,-69],[-12,-36],[-34,-18],[50,-34],[-24,-68],[-55,-35],[-41,16],[-86,-22],[-58,40],[-2,28],[-53,-23],[-49,12],[-67,52],[-10,31],[-41,31],[33,30],[-37,108],[-36,37],[-104,36],[-124,-20],[-69,-58],[-10,-82],[41,-34],[-37,-42],[19,-38],[-78,-70],[-20,-39],[2,-54],[21,-51],[113,-37],[59,-40],[-52,-93],[-45,-42],[-43,14],[-103,-40],[-11,-26],[-52,-19],[-106,68],[-56,-37],[-35,46],[-94,-41],[-98,-54],[-15,-58],[-90,76],[-90,-43],[-4,-38],[-78,15],[-54,-7],[-22,-45],[-113,8],[-44,-27],[-9,28],[-65,-2],[-15,-30],[-75,8],[-52,-44],[-45,10],[-40,72],[-26,-5],[-111,42],[-89,97],[-79,64],[-179,-206],[-5,16],[116,126],[-81,66],[-137,-67],[28,38],[58,28],[10,32],[-79,56],[-94,-32],[0,-30],[-102,-49],[-32,-41],[-8,-64],[-138,-49],[-136,-64],[-26,-39],[-7,-102],[215,-128],[178,-29],[103,-35],[81,-53],[-4,-119],[52,-24],[139,71],[114,10],[74,-49],[32,-74],[28,-24],[-25,-74],[-15,-102],[34,-57],[-16,-30],[24,-100],[-66,-9],[-16,-76],[60,-44],[14,-42],[-29,-37],[-54,-24],[64,-79],[-19,-60],[-59,-69],[-56,-21],[12,-30],[-68,-25],[-22,-46],[62,-57],[-24,-22],[-28,-71],[-37,-56],[-67,33],[-22,-57],[-36,15],[-88,-73],[-10,-26],[47,-14],[-104,-53],[-45,4],[-36,-63],[-79,-84],[5,-38],[-89,-9],[-42,-24],[-50,-5],[-54,-48],[8,-48],[-46,-27],[-72,11],[-115,114],[-35,-12],[-48,34],[-29,68],[-64,72],[-75,7],[-57,60],[-20,43],[-68,27]],[[148310,306644],[-54,-59],[-27,-66],[3,-72],[44,-103],[-38,-11],[0,-66],[-54,-9],[-46,-36],[-76,84],[-106,47],[-58,-15],[-66,11],[-67,-16],[-90,-51],[-3,-33],[-49,33],[-60,-27],[-16,-72],[-80,-42],[-19,-45],[-70,-66],[-65,-101],[-39,2],[-53,-41],[-56,-71],[-34,6],[-51,-28],[-22,-56],[-48,-63],[-31,-5],[-73,51],[-50,-3],[-43,-56],[10,-55],[-36,-50],[-22,-64],[-21,7],[-56,-90],[13,-34],[-33,4],[-48,-53],[23,-37],[-12,-44],[-41,-59],[-51,20],[-20,88],[-45,153],[-18,6],[-53,-41],[-47,25],[-51,129],[0,22],[-50,103],[-51,70],[-54,53],[-79,126],[-18,53],[-44,47],[38,57],[-37,38],[-59,17],[-75,-4],[-62,43],[-27,167],[-21,82],[-66,102],[-94,251],[-62,106],[-93,101],[-105,94],[-101,39],[-80,76],[-28,54],[8,73],[43,32],[70,27],[53,-3],[222,-138],[58,13],[52,148],[30,-5],[34,-52],[1,-90],[30,108],[24,19],[74,-26],[73,-55],[23,-41],[37,12],[52,71],[-37,31],[-24,47],[13,56],[-81,-20],[-98,37],[-11,55],[16,30],[-11,55],[64,-46],[42,0],[-40,28],[-1,34],[-132,48],[9,73],[55,-5],[66,-27],[52,-37],[27,4],[-41,45],[17,36],[62,25],[-18,28],[-107,-22],[-27,30],[-70,-17],[-49,29],[-23,82],[30,31],[51,-1],[63,-26],[51,0],[12,58],[-50,-25],[-35,23],[-1,46],[-28,-26],[-96,-4],[-19,10],[9,59],[-47,-7],[-55,86],[-2,26],[31,61],[42,3],[14,111],[49,0],[22,-42],[-17,-103],[55,-9],[2,78],[43,-14],[76,-68],[23,8],[-9,59],[67,21],[7,-56],[33,1],[55,43],[-12,33],[-153,20],[-56,43],[0,35],[54,7],[44,40],[37,60],[50,33],[20,65],[60,65],[17,50],[105,126],[36,-8],[68,-63],[-4,-75],[27,-109],[37,-25],[42,-72],[31,5],[29,-67],[92,-59],[23,-33],[30,-111],[37,19],[-2,51],[-50,98],[-5,50],[-30,35],[-106,165],[-42,8],[9,39],[39,6],[-43,48],[4,90],[-90,92],[54,59],[115,-2],[31,-16],[32,-53],[32,0],[11,62],[82,44],[71,50],[38,-48],[19,-83],[80,-79],[-17,-21],[13,-71],[26,9],[6,55],[72,17],[45,-43],[-4,-50],[27,-50],[19,47],[150,20],[-2,56],[-50,-7],[-52,12],[-32,70],[-37,46],[-62,29],[-54,-21],[-32,23],[47,70],[166,-44],[7,57],[-56,35],[12,29],[48,34],[63,15],[25,-14],[7,-46],[84,-24],[36,34],[-3,36],[61,5],[49,-52],[2,-122],[36,56],[42,-1],[-30,46],[-59,190],[40,19],[39,-23],[60,-70],[31,20],[-55,144],[27,-2],[29,42],[80,33],[60,-86],[-18,-45],[52,-47],[-24,-18],[41,-84],[48,-40],[-6,-38],[-32,-28],[22,-27],[66,20],[35,-49],[-3,-45],[-95,-53],[-22,13],[-47,-27],[43,-33],[5,-31],[44,35],[31,-47],[-2,-81],[-29,-69],[75,-32],[-15,59],[49,22],[-12,46],[14,46],[-15,24],[32,53],[39,-11],[60,-82],[51,-117],[7,-69],[-21,-127],[-57,-93],[25,-10],[26,34],[27,-7],[29,-73],[29,-22],[47,23],[121,-131],[-3,-6],[183,-191],[47,30],[-208,361],[-34,-10],[-40,23],[-11,34],[45,38],[127,-52],[64,4],[-1,25],[-106,33],[-30,50],[-77,64],[-10,68],[31,38],[54,-17],[84,-65],[49,-19],[122,4],[2,17],[-132,12],[-50,29],[24,63],[98,20],[-9,29],[-120,-31],[-91,54],[-28,43],[0,38],[-56,6],[-30,63],[206,28],[12,27],[-71,32],[-54,-19],[-58,10],[-75,44],[-6,73],[35,48],[-98,-34],[-80,71],[18,43],[51,6],[23,-23],[42,6],[11,35],[37,22],[57,-6],[-27,63],[-108,41],[40,46],[-4,54],[65,39],[61,-41],[122,-19],[79,-58],[27,-39],[86,-16],[0,19],[-60,38],[10,34],[-30,44],[39,61],[36,-10],[46,-42],[43,-9],[27,-42],[44,-16],[34,22],[-4,28],[50,54],[41,-10],[35,19],[10,-74],[30,-2],[-15,-43],[41,33],[32,-30],[11,-56],[43,-43],[49,-170],[-35,-23],[1,-45],[54,-40],[-5,-23],[60,-37],[28,23],[-36,39],[-12,63],[40,21],[-41,20],[-20,52],[68,36],[-34,27],[9,50],[-30,35],[2,33],[42,11],[12,50],[-27,50],[18,119],[82,-50],[29,-38],[63,-10],[246,-5],[88,46],[24,-89],[26,-17],[1,-101],[-17,-31],[30,-107],[4,-91],[75,-57],[84,-14],[45,14],[-1,42],[40,71],[29,23],[33,-16],[96,32],[92,-35],[72,-57],[44,-61],[57,-52],[26,-54],[-2,-55],[-25,4],[-69,-43],[-7,-44],[41,-136],[-8,-62],[-122,-103],[-43,-1],[-94,-52],[-36,-77],[-37,-9],[-33,-40],[11,-40],[-39,-34],[-77,-26],[-118,-110],[-8,-41],[-71,-103],[-57,-135],[17,-10],[-35,-68],[-72,-84],[-173,-182],[19,-85],[-11,-54],[-79,-81],[9,-48],[-39,-22],[-87,-5],[-28,-24],[-82,14],[-49,-45],[-14,-42],[-113,-134],[-69,-20],[-53,22],[-37,-13],[-24,-42],[-73,-79],[-47,-22],[-76,-60],[-67,-14],[-36,12],[-120,-106],[-44,-26],[-17,-33],[-52,-33]],[[139091,313582],[38,-5],[-13,41],[39,90],[88,10],[109,60],[10,114],[-28,97],[-54,90],[180,-12],[40,-43],[140,-17],[112,-29],[-2,-45],[-61,-122],[-32,-42],[-46,-135],[-60,-55],[132,3],[59,37],[70,-58],[6,-32],[-26,-68],[8,-40],[84,-60],[33,-60],[46,-43],[213,-54],[147,51],[33,26],[36,-43],[15,-115],[46,-18],[47,15],[6,76],[45,23],[34,-9],[24,33],[121,12],[81,-54],[7,-63],[51,-42],[18,-38],[11,-107],[73,-133],[49,-28],[18,-44],[-15,-64],[47,-71],[50,7],[14,61],[97,12],[40,-31],[106,24],[54,-64],[25,-7],[49,31],[46,-13],[42,9],[45,-19],[39,-51],[21,95],[40,-10],[3,-45],[45,12],[-8,47],[27,25],[43,-8],[52,-37],[53,-72],[41,45],[-50,78],[1,28],[49,19],[43,38],[69,18],[-10,49],[-143,-25],[-53,18],[-31,-23],[-84,40],[-24,-9],[-30,36],[-69,12],[-9,-16],[-136,13],[-17,36],[36,50],[52,11],[84,-42],[57,1],[60,-28],[12,49],[43,14],[91,-35],[19,17],[-19,38],[23,37],[86,24],[-39,87],[-24,-5],[-47,-51],[-102,-7],[-41,30],[11,92],[-58,56],[5,44],[53,50],[65,1],[32,17],[-3,40],[48,35],[79,3],[120,-19],[71,-36],[43,-3],[39,42],[-21,37],[41,17],[-1,35],[-56,6],[-24,25],[-62,-14],[-80,40],[49,145],[60,7],[20,34],[-14,28],[46,32],[115,-15],[38,-24],[78,21],[-11,28],[26,38],[49,12],[51,35],[-1,22],[58,34],[51,-1],[37,-98],[-3,-43],[21,-65],[91,-105],[1,-47],[-83,-18],[-81,22],[-37,25],[-127,25],[-30,38],[-51,-37],[37,-67],[52,-27],[-43,-53],[50,-82],[38,15],[24,50],[42,-5],[74,-60],[20,-61],[-19,-17],[21,-112],[48,51],[87,5],[34,-80],[-23,-42],[65,-46],[0,-73],[-80,-55],[-84,3],[-15,-11],[-37,-114],[70,30],[50,41],[89,-34],[22,54],[70,8],[80,-20],[10,-44],[38,-58],[31,-4],[57,-131],[-72,8],[-63,84],[-39,-34],[32,-10],[19,-85],[-46,-48],[-54,26],[-72,-29],[-33,5],[-1,-92],[-17,-93],[-20,-30],[-66,-12],[-122,14],[-43,47],[-86,8],[-23,-52],[-66,-19],[-67,0],[44,-79],[29,41],[127,-13],[14,-26],[148,12],[19,-15],[-32,-82],[-14,-68],[10,-55],[42,-24],[11,-46],[113,-87],[27,15],[-66,69],[58,71],[-54,1],[9,57],[42,39],[-12,26],[-51,22],[29,59],[98,11],[-8,-66],[-27,-32],[6,-46],[50,-70],[5,-112],[-34,-44],[-53,-177],[-10,-74],[8,-175],[-20,-88],[11,-76],[52,-58],[43,-120],[69,-72],[128,-54],[56,-45],[26,-50],[67,-45],[37,-44],[42,3],[29,51],[-71,40],[7,66],[31,14],[90,1],[-14,75],[86,45],[13,20],[-105,-4],[-59,-22],[-31,-38],[-38,-17],[-67,4],[-12,41],[78,26],[7,40],[-101,-5],[-38,11],[-9,41],[32,39],[49,6],[52,-26],[85,6],[23,25],[-31,55],[62,13],[131,-28],[149,-113],[-49,-24],[-9,-56],[-46,-18],[-20,-30],[3,-55],[-21,-41],[40,-38],[8,-53],[-26,-41],[-56,-34],[-39,-45],[9,-74],[41,-32],[-5,-55],[-60,-9],[78,-34],[0,-37],[-60,-83],[-54,6],[77,-65],[-28,-77],[-28,-21],[-39,6],[-5,-32],[-38,-31],[59,-15],[4,-52],[-31,-36],[47,-15],[27,-97],[3,-47],[-40,-31],[-57,-99],[8,-83],[36,-80],[-12,-40],[-128,45],[-25,29],[-6,75],[18,37],[42,24],[34,63],[-52,48],[-4,-52],[-45,-6],[-53,43],[-69,12],[-121,-32],[-27,-24],[-17,27],[-47,13],[26,44],[68,12],[21,59],[49,-1],[71,-25],[23,9],[5,60],[-46,35],[-4,67],[79,-36],[29,57],[-35,111],[10,88],[48,33],[-17,36],[24,22],[-37,17],[-12,53],[-27,-49],[-24,5],[-27,55],[-52,-15],[63,-136],[-21,-37],[-37,-4],[-75,62],[-51,79],[0,-74],[25,-63],[8,-63],[-48,-77],[-59,2],[-18,67],[6,71],[-46,41],[-29,-14],[-12,-83],[4,-101],[-22,-130],[-30,7],[-87,-21],[9,-68],[-13,-34],[-51,-2],[-10,-60],[-35,-18],[-34,11],[-87,-44],[-6,-60],[-47,-17],[-29,20],[-38,-32],[-59,-3],[-4,74],[-27,8],[-54,-22],[-50,7],[-113,-36],[-33,16],[-45,77],[12,34],[46,17],[115,0],[47,-39],[36,28],[-16,60],[46,1],[12,-41],[85,0],[13,16],[-41,53],[9,31],[71,8],[24,-28],[76,-15],[-14,52],[20,37],[93,-29],[2,111],[140,-28],[-45,42],[16,56],[42,4],[2,47],[-36,14],[-54,-42],[-75,11],[11,70],[33,28],[60,-7],[30,14],[13,49],[-39,-7],[-39,57],[36,24],[-19,61],[79,-1],[42,-52],[63,57],[70,8],[-16,46],[-77,-7],[-73,-21],[-45,4],[-25,76],[55,36],[65,-13],[64,24],[94,8],[25,54],[-62,-20],[-148,-27],[-45,55],[-78,-37],[-40,-50],[-10,-88],[-48,-37],[-63,106],[-50,-70],[43,-11],[26,-108],[-42,-14],[-17,-93],[9,-26],[-28,-80],[-58,-32],[-21,18],[-3,53],[-64,-53],[-17,-44],[-50,-10],[-7,21],[29,46],[18,71],[37,36],[14,49],[-18,31],[-23,-47],[-61,-62],[-80,7],[-11,-17],[53,-40],[-57,-66],[-39,-107],[-76,-62],[-72,11],[10,33],[56,32],[60,70],[-4,114],[-89,115],[-29,69],[-5,49],[-45,51],[10,74],[82,34],[29,36],[79,-20],[-5,41],[71,35],[52,-17],[-45,60],[-1,34],[45,0],[-7,29],[53,68],[50,33],[64,-12],[36,-28],[85,-17],[29,-58],[43,-19],[-29,41],[28,52],[44,29],[-28,25],[-49,-42],[-121,26],[-50,22],[-19,31],[44,97],[42,32],[56,-14],[0,72],[37,30],[18,41],[47,17],[80,-19],[-80,36],[-3,32],[66,42],[-32,12],[-17,65],[-48,16],[6,-86],[-54,-85],[-125,-130],[-56,-35],[-27,-69],[-85,-92],[-48,-9],[-100,-139],[-116,0],[-13,42],[-46,15],[-82,-76],[-38,15],[-174,-187],[-39,-9],[-33,82],[-5,44],[-54,79],[13,66],[0,85],[44,59],[69,29],[1,104],[39,20],[45,-10],[-20,77],[122,120],[63,-14],[12,28],[55,43],[44,-11],[84,55],[47,9],[-23,65],[-94,-13],[-27,-46],[-43,-26],[-57,-4],[-58,-45],[-75,-17],[-56,-31],[-24,16],[-67,-23],[-27,-51],[-63,-34],[-86,8],[-17,137],[35,126],[-53,-34],[-52,-56],[-43,-73],[-104,-101],[-39,-88],[-17,-74],[-65,-20],[6,86],[33,36],[34,88],[-17,85],[24,21],[9,52],[64,-18],[-8,49],[40,18],[-55,42],[-13,36],[86,-6],[6,27],[-62,44],[18,17],[61,-9],[35,34],[-20,43],[-42,-13],[-44,42],[-31,6],[-45,-23],[-61,15],[-39,-15],[-73,25],[5,37],[48,14],[82,-6],[0,32],[70,3],[6,38],[-113,88],[31,17],[62,-11],[2,46],[35,7],[59,-43],[91,-140],[61,29],[5,24],[-50,30],[13,40],[-44,12],[-12,64],[87,5],[40,-26],[65,27],[97,-11],[66,-47],[56,-2],[55,19],[-90,56],[14,53],[-83,5],[-11,22],[-52,-26],[-46,0],[-85,38],[-67,-9],[18,45],[47,21],[18,60],[-20,12],[-135,-37],[-50,-66],[-20,21],[40,82],[-46,32],[-102,-45],[-80,-15],[-32,-51],[-36,44],[-15,84],[-56,30],[-20,45],[-29,3],[-19,-46],[-42,-52],[34,-55],[9,-137],[-69,-33],[6,-30],[52,-29],[-9,-18],[-88,-58],[8,-65],[-32,-46],[-35,-9],[31,-46],[-10,-42],[-91,-33],[-112,-122],[-81,-17],[-47,18],[-10,48],[58,59],[16,57],[56,50],[13,61],[0,78],[18,44],[43,36],[-23,39],[10,91],[-46,2],[-23,52],[26,117],[-35,21],[-40,-94],[8,-124],[-18,-101],[-22,-16],[-25,-94],[-61,-45],[-69,-9],[-46,24],[-67,-17],[-32,-24],[-12,-50],[-77,-61],[-35,65],[-47,52],[-57,14],[-139,-16],[-40,30],[-8,52],[37,36],[45,6],[5,47],[85,51],[-48,6],[-37,47],[15,24],[108,32],[82,2],[7,30],[-62,6],[-55,36],[67,116],[34,20],[-4,44],[55,57],[-10,40],[42,30],[-9,61],[-33,11],[-42,-40],[-37,-98],[-35,-35],[-119,-29],[-53,78],[-7,99],[13,32],[-22,38],[-125,47],[-47,-1],[10,51],[42,6],[49,-25],[26,9],[98,-10],[29,23],[11,63],[-10,41],[20,52],[-60,16],[-51,-42],[-14,-49],[-41,-26],[-28,41],[37,42],[-44,58],[37,33],[-42,37],[-44,-12],[-20,-47],[10,-59],[-38,-31],[-40,-5],[-50,75],[-55,-23],[19,-28],[-54,-89],[23,-54],[-32,-63],[-58,-75],[-18,-55],[18,-16],[-19,-67],[-52,-38],[-40,-104],[11,-33],[-30,-96],[-48,-64],[6,-50],[-13,-60],[-76,-100],[-39,-18],[-50,31],[-5,26],[-81,-23],[-101,10],[-38,-34],[-19,26],[-70,41],[-54,18],[-79,66],[-21,86],[24,45],[50,3],[16,-29],[71,-13],[1,54],[44,1],[21,45],[-69,38],[-8,21],[46,40],[-59,23],[7,45],[41,16],[-30,28],[20,35],[-18,26],[18,84],[46,68],[43,105],[50,18],[38,-14],[20,128],[18,33],[35,1],[-33,35],[23,56],[65,52],[35,-10],[23,36],[-16,46],[107,172]],[[150021,314699],[-9,44],[20,44],[57,-3],[67,-39],[9,49],[132,4],[60,-37],[6,25],[-65,55],[-79,23],[-94,-26],[-51,33],[-5,63],[63,12],[80,41],[118,-4],[-48,49],[16,39],[-59,-48],[-44,-4],[-62,27],[2,90],[28,38],[42,19],[-6,27],[-73,-9],[-30,43],[33,49],[-42,32],[17,24],[134,-41],[88,-84],[31,-10],[82,-64],[65,-30],[68,-110],[84,-91],[18,25],[-17,63],[17,28],[-65,-1],[16,62],[-62,28],[-20,54],[16,23],[-46,8],[34,42],[-74,-27],[-19,28],[41,81],[-93,-48],[-38,31],[32,86],[-34,15],[-56,-15],[-26,17],[5,56],[70,69],[-23,2],[-90,-59],[-43,0],[-29,42],[16,51],[28,1],[40,50],[-79,7],[0,34],[53,56],[41,0],[35,52],[-1,152],[40,35],[97,-4],[50,-13],[40,35],[-6,32],[63,40],[-132,-1],[-66,40],[-40,144],[16,17],[-37,62],[78,76],[58,-16],[13,42],[-51,32],[18,39],[68,53],[55,10],[9,121],[41,43],[35,12],[69,-15],[33,-85],[35,-40],[13,-57],[-47,-41],[29,-60],[74,22],[68,-51],[19,-50],[28,12],[-19,119],[-69,25],[-12,60],[-4,108],[34,51],[-56,33],[-75,116],[-65,124],[27,59],[50,37],[136,25],[123,-65],[27,-75],[42,-21],[41,-66],[93,-66],[54,-10],[41,-50],[-9,-27],[-66,-36],[64,-44],[41,-48],[64,-34],[-4,-44],[-53,-23],[-71,6],[-39,-48],[93,-13],[20,-86],[64,53],[58,-20],[7,-39],[-23,-36],[61,19],[52,-26],[25,-37],[-24,-93],[-57,-78],[-70,5],[21,-42],[-92,-90],[-43,30],[-40,81],[-4,-83],[43,-91],[-67,-55],[-83,24],[2,-54],[-105,-128],[0,-68],[44,11],[75,126],[58,28],[46,3],[80,65],[30,0],[18,-61],[55,11],[-40,38],[-13,83],[29,42],[85,40],[56,-18],[1,56],[96,41],[61,-25],[59,-73],[-32,-47],[67,-41],[99,-153],[33,9],[80,-33],[22,-39],[-12,-31],[-47,-5],[-38,44],[-17,-79],[-131,-120],[-83,-2],[-35,31],[14,-68],[-82,-50],[-23,-79],[-28,-19],[-49,1],[-40,25],[-55,8],[-1,-59],[24,15],[69,-56],[2,-48],[-39,-26],[-116,12],[-20,-34],[67,-45],[27,-44],[-59,-86],[-28,-67],[-42,6],[15,-38],[-18,-27],[-91,-31],[-11,-37],[-62,-27],[-58,-48],[105,12],[78,86],[60,-20],[37,-106],[17,-84],[10,75],[-31,136],[44,86],[6,44],[63,55],[25,-23],[33,70],[56,23],[46,64],[100,-5],[92,-63],[35,-54],[12,-62],[-11,-53],[10,-138],[-12,-63],[-47,-68],[95,-36],[39,-37],[15,-119],[-19,-49],[43,20],[43,-2],[33,-25],[37,-80],[15,-90],[-22,-36],[-119,-72],[-17,-54],[19,-50],[-14,-96],[-27,-28],[-69,-22],[-49,10],[0,20],[-65,-22],[-70,-1],[-59,54],[56,28],[-38,58],[24,55],[-40,62],[-83,22],[-20,-30],[-35,29],[-41,-59],[-91,-4],[-46,29],[-32,-7],[-68,-48],[-43,-10],[-1,-61],[-59,-48],[10,-67],[109,-3],[28,-36],[-101,-82],[-85,-29],[-34,35],[42,40],[-15,29],[-41,10],[-49,-17],[-84,-114],[-63,-47],[-36,5],[-6,29],[50,66],[48,40],[6,46],[37,18],[5,43],[86,65],[13,36],[77,42],[9,34],[53,48],[33,7],[-4,55],[16,39],[-54,-31],[-27,-50],[-107,-56],[-47,-45],[1,-36],[-123,-94],[-35,-50],[-46,-9],[-26,26],[-19,71],[82,72],[31,5],[103,92],[23,58],[73,48],[-48,-9],[-47,-42],[-67,-88],[-71,-26],[-34,17],[5,66],[48,41],[44,102],[81,8],[26,37],[-70,13],[32,46],[-1,36],[55,80],[-25,49],[-6,-47],[-66,-124],[-52,-46],[-41,14],[-10,38],[63,179],[-17,11],[-60,-86],[1,-69],[-54,-139],[4,-57],[-72,-138],[-59,-1],[-31,34],[19,45],[-4,91],[-28,200],[-36,-166],[-5,-103],[-20,-14],[-71,18],[21,113],[-18,6],[-61,-90],[-52,34],[-18,35],[6,46],[79,100],[-22,24],[-46,-37],[-27,38],[-33,-9],[14,-68],[-33,-64],[-80,34],[9,116],[-23,-58],[-28,-24],[-55,18],[-7,37],[34,96],[-57,-98],[-31,-7],[-51,45],[8,104],[29,40],[-21,58]],[[150263,311544],[9,39],[-27,34],[-54,16],[-52,47],[-6,56],[23,13],[-17,39],[-40,-10],[-185,94],[-43,42],[1,57],[21,13],[62,-65],[61,-2],[78,44],[31,55],[95,2],[51,44],[52,-41],[2,52],[32,30],[106,5],[57,-16],[14,71],[82,75],[79,39],[79,-23],[22,-31],[-5,-90],[-30,-85],[-10,-160],[-14,-96],[-42,-82],[-78,32],[-30,-52],[37,-25],[-6,-75],[-81,-33],[-21,-45],[6,-150],[121,-60],[66,2],[44,67],[109,-64],[88,25],[6,62],[108,30],[59,-27],[66,-4],[78,21],[47,-21],[68,31],[91,2],[26,-42],[33,-4],[15,-51],[63,-105],[49,6],[49,-28],[18,-44],[34,-10],[56,84],[57,-58],[26,14],[30,-44],[31,7],[3,41],[54,40],[66,10],[35,-21],[-20,48],[51,37],[111,19],[74,32],[7,54],[26,17],[32,68],[54,34],[38,67],[78,97],[57,21],[61,1],[63,-41],[32,18],[64,-64],[27,-58],[-2,-83],[-15,-65],[-74,-117],[-70,-71],[-141,-50],[-49,-25],[-115,-109],[-133,-31],[-12,47],[-78,85],[-56,-13],[-3,-39],[-31,0],[-69,-46],[-82,-13],[-124,-60],[-71,31],[2,17],[-59,-1],[-178,-63],[-41,-2],[-46,24],[-60,2],[-60,-26],[-64,-2],[-33,-65],[18,-16],[-47,-72],[-86,3],[-63,-13],[-30,-31],[-80,-27],[-50,18],[-70,-49],[-64,-2],[-36,13],[-45,84],[-31,23],[-29,74],[-39,27],[-22,143],[-40,34],[5,23],[-36,145],[-70,110],[-10,70],[-121,91]],[[152126,316656],[-124,-33],[-99,7],[-5,54],[59,145],[7,67],[-54,6],[-45,-125],[-19,-17],[-36,-91],[-44,-3],[-70,68],[-33,83],[8,27],[66,46],[-2,111],[-55,-25],[-46,6],[-83,71],[-2,35],[61,29],[102,117],[70,1],[-53,31],[42,22],[100,-102],[53,-11],[22,-24],[215,-53],[-29,-31],[37,-27],[39,35],[50,1],[4,113],[27,45],[42,2],[67,-34],[44,33],[-21,89],[20,121],[33,58],[106,41],[56,-1],[70,34],[56,-1],[19,-53],[-100,-44],[-14,-106],[-21,-37],[-7,-77],[-29,-59],[-45,-17],[58,-125],[0,-57],[-55,-50],[91,-45],[18,-72],[3,-71],[-28,-4],[-70,48],[75,-136],[2,-78],[-32,-30],[-69,38],[-79,86],[-36,-26],[28,-149],[42,-93],[48,-33],[15,-44],[40,-41],[-3,-52],[-64,-72],[-14,-49],[-48,-52],[-61,-29],[-34,-57],[-59,-41],[-78,9],[-30,55],[16,64],[85,93],[26,63],[-34,15],[-68,-93],[-33,4],[-34,-28],[-66,41],[-16,-20],[41,-42],[-2,-63],[-20,-37],[-1,-113],[-44,-32],[-94,45],[-6,40],[22,48],[-56,45],[-20,34],[-39,169],[34,35],[135,39],[-9,31],[-44,-6],[-11,48],[30,77],[-25,8],[-21,-40],[-57,-40],[-47,57],[-5,62],[43,32],[167,51],[90,48],[-36,8]],[[142231,309065],[-67,45],[18,80],[36,7],[1,38],[34,50],[-3,67],[-17,25],[-21,-70],[-103,-87],[-39,-9],[-40,45],[-8,39],[21,71],[-14,25],[-56,-21],[-32,11],[-15,39],[27,20],[135,20],[45,32],[30,91],[31,9],[33,50],[38,4],[54,55],[127,-3],[54,8],[46,54],[127,-7],[-28,41],[17,68],[28,38],[70,-4],[-3,30],[59,78],[58,11],[110,-50],[32,-26],[-61,-71],[67,-13],[58,-28],[-3,-76],[27,-18],[-19,-38],[-80,20],[-31,33],[-24,-31],[29,-87],[27,-43],[-35,-47],[-47,4],[-60,88],[-1,136],[-25,5],[-21,-52],[-27,-18],[2,-97],[-22,-29],[-82,60],[7,-37],[50,-75],[-28,-39],[-74,60],[-8,-38],[57,-86],[-34,-65],[-63,-36],[-49,73],[-3,43],[-33,9],[-28,48],[5,57],[-58,-38],[24,-29],[10,-56],[-16,-26],[30,-14],[43,-95],[-11,-54],[-60,-20],[-22,44],[-67,-58],[-18,-37],[-84,-94],[-27,-9]],[[144421,315190],[-81,105],[-7,20],[12,131],[-51,79],[-16,52],[85,79],[3,34],[110,88],[39,12],[38,-17],[51,7],[68,61],[81,-7],[74,-45],[25,51],[-32,61],[73,21],[135,-9],[174,67],[38,-18],[-8,-70],[-65,-113],[-52,27],[-1,49],[-39,-13],[-27,-76],[-43,-15],[17,-70],[33,-53],[-45,-100],[-47,-29],[-46,5],[-50,66],[-23,-2],[-18,-86],[-23,-40],[-69,3],[-30,17],[-14,47],[35,16],[8,45],[30,39],[-5,41],[-49,-17],[-134,11],[-56,-24],[18,-183],[-11,-71],[24,-48],[-11,-35],[8,-88],[-20,-44],[-41,5],[-65,34]],[[132749,281928],[-53,26],[-34,-8],[-77,58],[-28,94],[-36,49],[-50,35],[-64,66],[23,81],[38,52],[69,57],[50,59],[28,12],[220,-81],[125,-64],[55,-13],[16,31],[57,-15],[17,-32],[-54,-38],[8,-61],[29,-61],[-39,-29],[-60,-113],[-28,-18],[-37,-90],[-41,-7],[-17,-27],[-50,2],[-14,32],[-53,3]],[[155159,363105],[-11,55],[1,196],[29,38],[99,47],[-11,49],[16,66],[-20,32],[29,31],[59,-17],[112,-2],[31,-54],[3,-90],[54,-23],[40,28],[70,74],[61,25],[94,-78],[102,-15],[47,50],[38,65],[12,-45],[38,-36],[51,-96],[-52,-72],[-69,24],[-132,28],[-104,-1],[-54,15],[-106,-30],[-63,-41],[6,-31],[-30,-32],[1,-33],[-49,-23],[1,-39],[-58,-35],[-24,28],[-35,-39],[-54,6],[2,-51],[-41,-3],[-45,-36],[-46,-3],[8,68]],[[135618,325598],[4,-73],[28,-56],[93,-98],[76,-19],[66,2],[86,29],[39,-46],[-23,-78],[-96,-72],[3,-48],[26,-41],[81,-13],[37,24],[42,67],[65,17],[34,-58],[-58,-119],[-32,-41],[-42,-101],[-36,-51],[-30,-6],[-71,25],[-22,25],[-43,-14],[-18,19],[29,57],[-7,67],[-81,56],[-5,50],[-88,110],[-33,70],[-2,76],[-15,31],[-82,46],[-38,96],[-35,61],[-13,59],[21,85],[29,45],[54,41],[67,-69],[10,-115],[-20,-40]],[[140978,309092],[37,9],[60,-25],[-5,-53],[55,-40],[24,14],[5,-69],[94,-117],[45,-76],[21,-60],[1,-76],[-23,-55],[16,-73],[-34,-81],[20,-50],[-55,-61],[23,-52],[83,-39],[14,-59],[-19,-11],[-53,37],[-31,65],[-40,-12],[-24,52],[-62,37],[3,108],[17,58],[-17,39],[-92,46],[-24,107],[38,68],[-11,31],[21,33],[-41,63],[6,51],[-23,30],[-1,49],[-70,86],[-24,77],[24,-34],[42,-17]],[[160442,360264],[62,61],[76,-16],[27,-31],[-1,-82],[25,-27],[38,29],[84,17],[54,74],[76,-1],[43,-32],[4,-60],[-34,-43],[-52,-147],[-41,-20],[-51,-51],[-152,-82],[-41,-42],[-46,-1],[-17,50],[22,61],[3,124],[-53,63],[-32,62],[-50,16],[10,58],[-111,53],[4,9],[115,-55],[38,13]],[[131766,308820],[-51,48],[-53,29],[-113,20],[-82,3],[-66,36],[5,21],[82,18],[-8,34],[58,18],[14,38],[-52,85],[18,34],[63,18],[43,29],[28,51],[71,6],[36,-29],[19,-80],[54,-41],[25,-60],[3,-94],[-30,-199],[-32,-21],[-32,36]],[[144318,316052],[-51,-48],[-62,-6],[-94,20],[-32,41],[24,59],[42,27],[2,56],[17,-4],[83,47],[10,70],[-50,89],[25,17],[71,-10],[49,-22],[60,15],[32,40],[90,-43],[69,65],[69,-45],[43,52],[62,16],[33,-19],[-34,-49],[-94,-43],[-68,-79],[-86,-42],[-21,49],[-53,-64],[10,-83],[-48,-1],[-12,80],[-81,-56],[-15,-25],[10,-104]],[[139536,311033],[-48,46],[6,62],[-62,132],[4,30],[46,36],[71,-42],[61,91],[62,2],[-8,50],[68,23],[66,38],[43,-34],[-21,-57],[-31,-28],[-44,-153],[5,-24],[-27,-77],[-25,-114],[-53,-66],[-23,1],[-47,58],[-43,26]],[[135417,326018],[-3,19],[84,91],[15,33],[-24,52],[-53,14],[42,45],[25,64],[62,16],[16,28],[18,106],[-19,43],[52,49],[98,53],[48,-25],[22,-39],[-6,-46],[-71,-119],[10,-164],[-37,-82],[-67,-31],[-145,-105],[-67,-2]],[[143461,316523],[-30,-10],[-36,22],[3,189],[-13,26],[13,117],[20,59],[29,15],[-11,53],[17,101],[-8,47],[19,54],[67,78],[42,100],[23,-28],[0,-128],[-22,-40],[27,-96],[-36,-43],[35,-54],[-11,-83],[-57,-72],[-11,-74],[15,-87],[-3,-94],[-72,-52]],[[143261,314473],[4,39],[-26,73],[-52,92],[-75,95],[-45,202],[3,59],[50,114],[31,-2],[51,-67],[8,-33],[41,-49],[21,-87],[74,-84],[-47,-59],[-32,-83],[6,-63],[66,-188],[-35,-28],[-35,26],[-8,43]],[[143462,314563],[28,121],[-6,69],[41,19],[-9,49],[-66,16],[-29,128],[144,82],[38,11],[33,-31],[15,-81],[-11,-140],[45,-61],[15,-74],[-55,-57],[-84,-25],[-16,-101],[-19,-13],[-64,88]],[[161435,353452],[60,-17],[-12,-94],[27,32],[62,2],[4,62],[23,11],[68,-49],[-9,-98],[-43,-49],[-29,7],[-56,-35],[1,-31],[-43,-72],[-53,-6],[-39,29],[-132,135],[3,37],[56,84],[51,35],[61,17]],[[150276,318995],[-15,27],[53,55],[21,56],[63,-3],[91,-37],[65,-7],[48,-53],[21,15],[91,-35],[5,-22],[-86,-70],[14,-37],[-70,-3],[-118,17],[-116,39],[-67,58]],[[158834,351229],[14,-43],[46,-30],[-11,-44],[-55,-60],[-31,-15],[-20,-67],[-5,-70],[55,-33],[-9,-30],[-53,-14],[-52,38],[1,21],[-43,90],[-33,44],[7,101],[75,134],[73,14],[41,-36]],[[149744,312793],[-52,37],[26,43],[50,4],[17,24],[95,20],[31,22],[74,-58],[35,-64],[-3,-67],[-44,-55],[-75,-45],[-83,-6],[-30,49],[12,53],[-30,44],[-23,-1]],[[139181,317669],[-9,16],[59,90],[32,27],[41,271],[33,141],[48,73],[-27,-119],[46,-104],[13,-96],[60,-30],[17,-42],[-42,-35],[-25,23],[-38,-15],[7,-91],[-28,-39],[-107,-11],[-80,-59]],[[143756,315566],[6,-30],[50,-58],[22,-119],[-9,-38],[-76,-47],[-82,2],[-26,14],[-26,53],[-35,31],[-2,64],[54,48],[16,50],[42,64],[49,3],[17,-37]],[[142462,302387],[10,-104],[-16,-53],[-48,-9],[-29,39],[-65,46],[-1,24],[-64,114],[2,48],[34,31],[112,42],[23,44],[52,-23],[-10,-199]],[[142193,301949],[33,-53],[10,-142],[-24,-57],[-40,-34],[-71,28],[-89,124],[25,81],[114,90],[42,-37]],[[138142,317554],[16,-20],[12,-103],[23,-88],[-28,-39],[-66,20],[-113,86],[-16,32],[-65,51],[79,17],[67,58],[52,30],[32,-11],[7,-33]],[[140005,307328],[6,-49],[40,-28],[1,-55],[66,-4],[12,-39],[25,2],[22,-86],[52,-16],[12,-55],[-149,29],[-13,53],[-49,52],[-55,38],[-4,44],[-27,47],[-41,22],[20,48],[49,63],[32,-11],[1,-55]],[[153033,316368],[88,-61],[27,-89],[-28,-78],[-75,28],[-42,63],[-91,46],[-18,30],[6,45],[-20,68],[71,-10],[82,-42]],[[144205,314248],[19,40],[64,-72],[23,-61],[-3,-43],[43,-84],[12,-55],[59,-96],[-2,-36],[-49,20],[-47,71],[-5,62],[-44,34],[-65,16],[-28,68],[7,97],[16,39]],[[148563,313430],[82,29],[51,-5],[16,-63],[-36,-34],[-8,-64],[-31,-6],[-88,21],[-37,-96],[-44,12],[-8,65],[19,109],[44,31],[40,1]],[[140022,307948],[-44,14],[-44,38],[-3,32],[45,61],[38,-8],[4,31],[55,47],[-39,27],[-20,56],[31,67],[35,3],[26,-48],[12,-67],[23,-46],[-20,-68],[-43,-47],[-46,-25],[15,-54],[-25,-13]],[[143711,313332],[42,50],[68,19],[-18,-122],[-56,-85],[-40,-30],[-96,-15],[-37,7],[-15,75],[102,48],[50,53]],[[135382,310220],[-79,-117],[-52,14],[-42,52],[-16,78],[-30,83],[54,14],[22,-47],[64,-18],[34,37],[48,-55],[-3,-41]],[[138109,288416],[57,-45],[13,-39],[-30,-74],[-70,-14],[-75,40],[-34,65],[21,76],[63,30],[55,-39]],[[153714,334702],[-27,4],[-30,66],[0,49],[35,64],[45,17],[41,54],[23,-1],[-2,-44],[43,28],[16,-14],[-47,-66],[0,-75],[-97,-82]],[[144691,314650],[-80,-17],[-58,26],[-37,52],[22,58],[34,9],[37,41],[36,1],[50,-59],[20,-62],[-24,-49]],[[143986,308384],[-97,-57],[-83,9],[36,50],[12,50],[113,47],[40,-6],[3,-72],[-24,-21]],[[150666,310189],[-701,-460],[-82,-40],[-9,15],[782,499],[10,-14]],[[142310,315662],[35,-29],[8,-49],[-18,-90],[-50,-6],[-19,32],[-48,142],[32,46],[60,-46]],[[156163,337636],[29,21],[96,1],[21,-16],[-21,-44],[-81,-67],[-58,-15],[-195,-115],[-13,20],[175,93],[42,40],[5,82]],[[137989,328471],[14,-78],[-55,-25],[-113,33],[-3,29],[87,84],[56,1],[14,-44]],[[144621,312890],[-33,32],[-106,-38],[5,80],[65,29],[87,-34],[33,-26],[71,-25],[-19,-31],[-69,-10],[-34,23]],[[150076,312419],[-54,-31],[-82,20],[-37,30],[-18,46],[71,38],[90,-29],[30,-74]],[[156508,365655],[-35,36],[-60,19],[-44,-12],[-83,14],[50,76],[161,2],[7,-72],[-28,-27],[32,-36]],[[144002,316463],[18,-92],[-22,-78],[-81,23],[-4,113],[34,58],[30,5],[25,-29]],[[139180,336919],[9,-63],[-11,-50],[-42,-27],[-50,-3],[-18,34],[9,81],[36,55],[54,-5],[13,-22]],[[135458,311059],[64,-72],[-74,-103],[-71,-27],[17,85],[34,49],[-26,74],[56,-6]],[[152795,316675],[21,-42],[57,-42],[18,-34],[-52,-38],[-45,17],[-77,147],[-3,45],[60,-16],[21,-37]],[[150220,319099],[-45,-31],[-36,53],[-45,21],[-16,81],[26,50],[77,-22],[14,-40],[-25,-31],[15,-53],[35,-28]],[[161363,356481],[31,-28],[-24,-40],[-169,-1],[-2,38],[53,32],[50,51],[41,-17],[20,-35]],[[149801,319318],[16,-34],[-9,-43],[-87,-36],[-64,47],[18,53],[47,36],[39,6],[40,-29]],[[153175,315967],[-26,71],[26,98],[51,-17],[47,-78],[-19,-58],[-79,-16]],[[156530,363309],[71,-49],[-9,-41],[-70,16],[-47,-24],[-34,12],[31,77],[-1,75],[61,9],[13,-37],[-15,-38]],[[144273,312435],[186,-46],[61,-35],[-20,-32],[-82,25],[-61,-3],[-112,65],[28,26]],[[143389,311647],[-41,38],[0,51],[28,48],[98,-21],[-9,-55],[-25,-34],[-51,-27]],[[148702,313824],[12,-50],[-4,-83],[-18,-43],[-58,33],[-7,41],[25,95],[30,26],[20,-19]],[[138436,317112],[46,-62],[-51,-36],[-46,-4],[-45,55],[2,45],[33,27],[61,-25]],[[148499,313558],[-26,17],[-22,59],[34,113],[51,-41],[-1,-106],[-36,-42]],[[148152,313830],[-23,21],[21,54],[36,42],[31,7],[29,-80],[-36,-67],[-23,-9],[-35,32]],[[160391,349122],[-13,-77],[-21,-34],[-85,6],[-14,26],[57,73],[64,38],[12,-32]],[[141493,309086],[-32,33],[-8,60],[35,31],[68,-58],[15,-62],[-20,-18],[-58,14]],[[148992,313194],[2,-55],[-77,-30],[-62,58],[77,54],[36,3],[24,-30]],[[149511,322681],[17,-11],[10,-68],[-18,-22],[-73,3],[-15,43],[17,94],[62,-39]],[[140927,308755],[-74,12],[-42,26],[-12,63],[109,-25],[56,-54],[20,-39],[-57,17]],[[139889,296645],[46,-49],[-30,-49],[-43,11],[-42,41],[-52,4],[9,30],[87,26],[25,-14]],[[148882,322461],[-49,19],[-1,36],[48,50],[41,13],[39,-48],[-27,-52],[-51,-18]],[[126471,284456],[74,-9],[0,-27],[-381,10],[0,21],[189,-4],[0,12],[118,-3]],[[131549,308540],[-33,32],[17,59],[75,6],[24,-58],[-18,-41],[-65,2]],[[135880,324627],[-3,-31],[-69,-22],[-35,11],[-2,38],[32,53],[51,10],[26,-59]],[[144458,309527],[19,15],[41,-35],[61,-27],[72,2],[12,-28],[-107,-9],[-76,28],[-22,54]],[[140432,339638],[15,-31],[-55,-73],[-30,27],[20,47],[-46,6],[9,60],[40,3],[47,-39]],[[149859,313034],[-40,47],[20,58],[31,-4],[58,-70],[-13,-56],[-56,25]],[[145505,315315],[18,40],[42,15],[103,-1],[3,-25],[-98,-36],[-68,7]],[[142883,313390],[-64,19],[-1,22],[116,23],[39,-44],[-34,-34],[-56,14]],[[149541,319244],[-78,33],[-14,51],[59,-15],[43,8],[46,-29],[-31,-46],[-25,-2]],[[160570,349146],[-51,9],[-69,-46],[21,83],[37,27],[57,-8],[5,-65]],[[135955,324689],[-47,0],[-2,65],[35,42],[55,6],[-12,-95],[-29,-18]],[[133314,312215],[36,57],[28,13],[0,-67],[-80,-83],[-30,-7],[8,46],[38,41]],[[130457,280752],[9,-48],[-17,-36],[-32,-1],[-41,37],[2,66],[79,-18]],[[136116,320448],[-23,-54],[-46,-21],[-13,29],[9,64],[55,32],[18,-50]],[[124018,282044],[11,54],[40,-21],[37,-106],[-67,16],[-21,57]],[[156264,363477],[12,22],[44,-25],[41,8],[32,-36],[-70,-40],[-62,29],[3,42]],[[161271,355959],[-26,-9],[-103,231],[28,11],[101,-233]],[[138124,314213],[-14,48],[14,74],[43,-18],[4,-100],[-21,-31],[-26,27]],[[129312,282942],[52,-56],[-87,-30],[-22,52],[24,40],[33,-6]],[[130933,316609],[-34,36],[4,30],[50,34],[45,-24],[-16,-48],[-49,-28]],[[136165,312419],[8,-35],[-87,17],[4,64],[64,0],[11,-46]],[[139289,294021],[-12,9],[227,273],[17,-13],[-232,-269]],[[150788,324070],[-26,-78],[-43,-10],[-10,45],[39,63],[40,-20]],[[124008,282170],[-6,41],[30,52],[35,-8],[2,-66],[-19,-28],[-42,9]],[[139512,294699],[-75,187],[22,7],[29,-86],[87,-222],[-16,-5],[-47,119]],[[142180,302694],[-26,7],[-33,50],[89,-12],[48,-37],[-13,-22],[-65,14]],[[152426,315899],[-34,14],[7,57],[30,11],[48,-32],[-5,-38],[-46,-12]],[[154832,365093],[-99,-78],[-9,18],[41,51],[1,38],[66,2],[0,-31]],[[131453,313245],[33,-12],[-76,-21],[-42,13],[-45,46],[130,-26]],[[148807,311817],[-28,-31],[-43,14],[-3,57],[46,11],[28,-51]],[[150064,312138],[-40,35],[18,40],[74,-31],[-5,-36],[-47,-8]],[[157864,362921],[-14,-22],[-43,8],[-5,51],[43,29],[44,-28],[-25,-38]],[[131099,308895],[-48,40],[11,55],[30,8],[30,-63],[-23,-40]],[[158730,362971],[-14,-27],[-61,9],[-4,21],[52,46],[47,-20],[-20,-29]],[[132471,309441],[-8,46],[22,31],[33,-6],[18,-36],[-18,-33],[-47,-2]],[[124112,282393],[2,-83],[-26,-19],[-5,63],[-27,25],[27,25],[29,-11]],[[157674,362849],[-61,21],[18,30],[55,3],[17,-33],[-29,-21]],[[157051,365629],[-33,30],[31,55],[51,-11],[-49,-74]],[[125315,291917],[12,-16],[-167,-129],[-11,16],[166,129]],[[153536,334555],[-22,6],[-7,50],[53,12],[17,-16],[-41,-52]],[[126439,284158],[-252,-128],[-7,12],[252,129],[7,-13]],[[141444,313176],[-40,25],[43,43],[43,-32],[-15,-39],[-31,3]],[[141192,342933],[-16,-31],[-59,0],[-8,44],[80,5],[3,-18]],[[160556,361772],[-49,2],[29,78],[31,-17],[-11,-63]],[[156195,363800],[-23,-9],[-6,54],[44,40],[15,-35],[-30,-50]],[[137368,329368],[-8,30],[31,42],[34,8],[2,-54],[-28,-31],[-31,5]],[[156664,365905],[37,32],[34,-27],[-13,-38],[-36,-9],[-22,42]],[[136745,328149],[-37,21],[7,47],[28,21],[21,-20],[-19,-69]],[[130370,280863],[-47,-14],[-12,60],[41,2],[18,-48]],[[157811,362005],[-15,43],[68,10],[16,-18],[-40,-43],[-29,8]],[[149781,322310],[-65,-13],[-3,49],[50,3],[18,-39]],[[159971,352793],[-40,-4],[-20,77],[53,-26],[7,-47]],[[139003,328974],[-33,-17],[-24,45],[71,22],[-14,-50]],[[137073,328406],[-53,11],[23,72],[22,-18],[8,-65]],[[150727,310450],[-19,2],[19,181],[18,-2],[-18,-181]],[[158767,341628],[-21,5],[55,76],[24,-30],[-58,-51]],[[159732,343978],[-37,12],[28,42],[52,8],[-43,-62]],[[156897,366041],[49,20],[22,-28],[-49,-37],[-22,45]],[[124978,291686],[-18,8],[62,138],[19,-8],[-63,-138]],[[143260,311438],[-44,-23],[-19,23],[16,32],[37,9],[10,-41]],[[144538,340406],[19,-77],[-63,72],[44,5]],[[157659,338819],[-13,-42],[-42,-2],[-9,30],[59,36],[5,-22]],[[157096,366020],[28,54],[42,-38],[-62,-33],[-8,17]],[[136579,328036],[1,-21],[-63,-27],[-20,26],[82,22]],[[159648,343867],[-36,-20],[-12,35],[46,45],[2,-60]],[[150497,321800],[32,9],[-6,-62],[-34,-1],[-15,31],[23,23]],[[126335,300228],[5,67],[16,-1],[-15,-180],[-15,1],[9,113]],[[160178,356164],[-36,-3],[-29,26],[68,23],[-3,-46]],[[127232,305128],[-10,-3],[-104,219],[13,6],[101,-222]],[[140333,314483],[-52,20],[36,45],[22,-26],[-6,-39]],[[140173,310757],[-32,-9],[-10,32],[31,37],[24,-17],[-13,-43]],[[156590,365766],[-35,19],[8,43],[45,2],[-18,-64]],[[158657,363309],[-23,-27],[-32,6],[9,59],[46,-38]],[[150588,321719],[-47,14],[16,48],[39,-15],[-8,-47]],[[136106,325780],[-19,30],[62,-3],[8,-29],[-51,2]],[[144616,340321],[10,12],[32,-89],[-31,3],[-11,74]],[[141686,313194],[-28,-7],[-38,32],[65,17],[1,-42]],[[155943,363693],[-43,11],[14,31],[51,-6],[-22,-36]],[[158352,342524],[-35,0],[117,39],[59,45],[10,-10],[-64,-45],[-87,-29]],[[149924,312572],[-32,12],[0,43],[44,-19],[-12,-36]],[[156029,362603],[-37,2],[63,44],[14,-24],[-40,-22]],[[142240,302753],[-58,5],[11,39],[45,-20],[2,-24]],[[140279,342066],[-52,3],[30,39],[30,-5],[-8,-37]],[[127488,305122],[-68,143],[13,6],[68,-143],[-13,-6]],[[146640,321513],[-28,-2],[-1,38],[44,17],[-15,-53]],[[142016,300256],[-33,8],[24,43],[35,-43],[-26,-8]],[[150437,354509],[-59,16],[-13,21],[39,16],[33,-53]],[[132424,282215],[2,-28],[-49,11],[14,45],[33,-28]],[[139716,337355],[19,-3],[-8,-55],[-44,-36],[33,94]],[[143160,313780],[-8,35],[37,10],[13,-40],[-42,-5]],[[142369,303913],[30,43],[-33,-141],[-10,2],[13,96]],[[161705,358185],[-33,6],[34,55],[17,-28],[-18,-33]],[[147517,326611],[-40,-46],[1,-120],[-12,-3],[1,126],[50,43]],[[140914,311647],[-35,5],[14,35],[46,-14],[-25,-26]],[[131720,283720],[-22,3],[192,30],[2,-11],[-172,-22]],[[137771,290988],[-123,-64],[-4,10],[120,62],[7,-8]],[[147504,310244],[37,149],[11,-3],[-41,-164],[-7,18]],[[127333,305480],[11,-6],[-86,-120],[-11,8],[86,118]],[[159260,362029],[-42,5],[40,33],[2,-38]],[[148007,313715],[-23,-12],[-15,39],[41,13],[-3,-40]],[[136670,331916],[67,17],[-10,-32],[-44,-7],[-13,22]],[[149900,315498],[-34,-11],[0,48],[34,-37]],[[135457,325950],[-52,-12],[4,38],[48,-26]],[[128335,282824],[-40,-6],[4,41],[36,-35]],[[135305,310803],[-2,39],[43,-9],[-41,-30]],[[141219,298555],[-32,-26],[-3,46],[35,-20]],[[130134,313383],[-45,15],[31,18],[14,-33]],[[157855,366082],[25,30],[33,-30],[-58,0]],[[160210,356597],[152,-48],[-2,-11],[-152,49],[2,10]],[[136388,324676],[-28,-16],[-37,16],[39,21],[26,-21]],[[155914,337182],[-24,22],[46,3],[-22,-25]],[[157924,366197],[17,31],[32,-10],[-26,-36],[-23,15]],[[160002,349123],[-43,4],[16,34],[27,-38]],[[145793,305895],[114,4],[13,-9],[-139,-4],[12,9]],[[139235,298132],[-17,9],[22,61],[24,-5],[-29,-65]],[[136368,325417],[-13,24],[41,2],[-28,-26]],[[139567,298203],[-191,-8],[-1,8],[191,8],[1,-8]],[[125571,294040],[70,-70],[-11,-10],[-70,70],[11,10]],[[137939,288395],[-31,21],[35,20],[-4,-41]],[[159220,361982],[-49,27],[62,1],[-13,-28]],[[150601,357487],[-9,22],[39,17],[-30,-39]],[[148866,312094],[-33,3],[12,37],[21,-40]],[[141077,343350],[-6,-9],[-104,63],[6,9],[104,-63]],[[139399,347225],[-15,30],[29,17],[-14,-47]],[[136912,332244],[-43,8],[36,16],[7,-24]],[[127637,311608],[-37,-8],[28,37],[9,-29]],[[160034,356643],[-53,24],[127,-34],[-74,10]],[[157884,339962],[30,45],[10,-30],[-40,-15]],[[141689,301403],[-35,3],[30,30],[5,-33]],[[136375,326997],[-32,-12],[33,45],[-1,-33]],[[160571,351438],[-10,-96],[-11,0],[10,104],[11,-8]],[[130799,313188],[-21,30],[21,32],[0,-62]],[[135710,316125],[-90,-45],[-5,9],[107,52],[-12,-16]],[[156710,351093],[35,6],[9,-27],[-44,21]],[[137472,286471],[-42,-16],[-4,27],[46,-11]],[[148897,323985],[-26,-19],[-11,32],[37,-13]],[[148730,312482],[43,13],[-33,-35],[-10,22]],[[150884,332062],[-11,31],[58,-55],[-47,24]],[[126902,304255],[-31,17],[33,17],[-2,-34]],[[160444,351316],[-81,-33],[-2,12],[83,21]],[[149546,312820],[-122,-2],[-1,8],[123,2],[0,-8]],[[130230,313317],[-11,19],[52,2],[-41,-21]],[[129916,312908],[-26,-27],[-22,15],[48,12]],[[140514,342260],[-27,6],[25,35],[2,-41]],[[127475,309974],[38,33],[4,-23],[-42,-10]],[[150482,322133],[-27,5],[15,35],[12,-40]],[[180438,235615],[-24,-16],[-110,132],[-16,35],[-43,-4],[-49,26],[-9,31],[36,112],[30,33],[-30,31],[-59,-50],[-63,-13],[-60,-45],[29,46],[62,54],[29,105],[82,124],[32,11],[53,56],[49,-15],[45,43],[0,114],[82,4],[45,144],[-13,31],[28,8],[-13,43],[-41,9],[20,31],[-19,28],[44,65],[87,49],[-19,36],[-44,17],[-89,-60],[-25,59],[5,53],[29,48],[-38,24],[94,47],[139,4],[32,-31],[51,25],[116,18],[43,-19],[9,-32],[35,27],[33,55],[-10,105],[-29,53],[13,54],[-20,-4],[-54,-58],[-89,-18],[-66,40],[9,79],[-36,30],[-76,-6],[1,-41],[-45,-79],[-81,9],[-80,-8],[14,60],[-54,65],[-51,37],[-36,-30],[0,-32],[-37,-35],[-82,-6],[-65,10],[20,47],[-42,-1],[-2,46],[70,3],[-38,64],[-72,22],[12,43],[144,71],[71,59],[111,68],[59,9],[-31,78],[-141,-84],[-83,-28],[-46,-41],[-27,7],[-112,-20],[-84,-48],[-65,-4],[-26,22],[50,76],[-81,17],[20,45],[-35,2],[-11,47],[93,46],[17,64],[29,18],[102,116],[24,14],[101,18],[60,54],[43,6],[16,27],[-42,55],[-61,-56],[3,-15],[-176,-42],[-54,23],[-44,-32],[-19,-43],[-40,2],[-121,-46],[-15,-32],[-72,-40],[-29,16],[-23,-28],[2,54],[51,67],[27,-17],[12,45],[29,26],[-43,-2],[42,43],[-34,8],[44,45],[-66,2],[58,104],[-18,63],[28,42],[41,14],[58,44],[35,45],[63,29],[-14,23],[-63,-8],[-11,18],[39,35],[6,41],[89,24],[39,-8],[-11,70],[21,0],[71,48],[-14,-30],[155,-8],[30,-14],[79,3],[44,32],[23,57],[44,-11],[76,16],[0,-35],[92,25],[31,28],[-13,-51],[-58,-63],[-14,-34],[33,-13],[-22,-31],[53,11],[9,-29],[-32,-41],[6,-36],[29,-8],[25,36],[25,-17],[40,31],[28,75],[64,-15],[-5,-42],[49,-29],[11,-39],[26,7],[25,-38],[-15,-40],[71,-16],[81,109],[134,-12],[29,-53],[-18,-63],[-37,-14],[-14,-96],[-62,-36],[-39,-74],[-56,-55],[14,-33],[97,11],[73,-6],[22,-74],[55,-24],[37,49],[35,4],[5,70],[100,-38],[63,-97],[52,-38],[93,-12],[8,24],[-59,55],[-35,72],[-15,69],[-94,86],[4,32],[96,-1],[99,-46],[-6,53],[-39,69],[-43,46],[-21,46],[82,48],[6,46],[26,8],[56,-71],[-15,-36],[42,-42],[55,7],[44,-88],[-6,-35],[27,-80],[30,-2],[41,53],[22,102],[57,-23],[10,-68],[-39,-13],[-20,-56],[2,-118],[24,-16],[41,20],[17,38],[51,37],[64,-6],[32,-70],[-78,-117],[-44,-26],[-11,-32],[5,-171],[-8,-29],[71,-33],[47,102],[27,28],[96,37],[38,68],[15,56],[36,17],[50,-53],[51,-80],[77,15],[43,63],[58,-35],[11,-31],[141,-108],[33,4],[22,46],[-34,44],[-31,95],[16,17],[-8,69],[27,10],[-15,70],[49,35],[21,-25],[-11,-65],[65,-74],[127,13],[6,41],[31,-12],[73,14],[49,-12],[77,-164],[-14,-66],[17,-12],[-40,-108],[41,-16],[57,-89],[32,-14],[15,80],[-25,36],[121,-40],[-4,-24],[39,-18],[86,-7],[83,-86],[0,-44],[52,-96],[61,-56],[112,-17],[32,-17],[14,-80],[-29,-50],[-30,3],[-22,-74],[31,-16],[53,-84],[6,-54],[-22,-47],[140,-75],[35,-100],[41,-35],[52,82],[77,54],[45,-4],[55,57],[2,47],[54,57],[54,10],[61,-67],[66,-14],[34,36],[10,93],[-39,6],[-77,68],[-56,7],[-127,-11],[-130,-35],[-42,10],[-46,72],[11,67],[-40,44],[-9,39],[17,44],[-16,36],[11,99],[23,78],[-21,28],[-50,-35],[-80,28],[-42,-3],[-88,33],[9,57],[56,3],[29,36],[77,-13],[36,49],[-20,51],[-50,8],[-19,23],[23,27],[99,26],[34,-12],[6,45],[95,79],[-39,69],[-91,-44],[-23,42],[25,15],[-28,50],[-39,19],[-56,-16],[16,-75],[-8,-37],[-103,-57],[-86,9],[-28,-57],[-25,-3],[-50,35],[24,101],[89,28],[41,32],[-24,30],[-153,43],[-40,-36],[-62,16],[-78,42],[-7,34],[42,5],[37,-32],[90,-32],[46,49],[143,-1],[27,58],[-123,98],[-69,68],[23,42],[38,11],[46,-15],[76,-62],[70,-13],[16,-26],[44,-13],[38,57],[-73,153],[-28,-16],[-70,49],[-63,10],[-68,32],[-32,-26],[-63,10],[-70,-49],[-66,-4],[-41,41],[-31,-26],[-40,4],[-31,34],[-10,54],[-72,45],[-39,50],[61,82],[54,15],[155,1],[91,-44],[36,-1],[2,112],[-79,37],[-5,32],[53,63],[57,38],[68,109],[12,51],[-44,78],[-41,-1],[-53,-50],[-50,13],[-73,-8],[-67,-58],[-69,-77],[-34,-54],[-48,-24],[-84,-8],[-60,-19],[-129,58],[-28,20],[-92,-16],[-54,37],[-134,-12],[-40,-26],[-95,45],[-98,-63],[-116,3],[-57,30],[-159,50],[-120,94],[-34,6],[-56,-22],[-107,-9],[-57,-24],[-52,4],[-3,-59],[57,-2],[-7,-49],[79,14],[-165,-55],[-31,-23],[-65,27],[-50,51],[-18,90],[-41,82],[-56,84],[-37,33],[-10,36],[-58,50],[-83,97],[-35,103],[-62,43],[34,34],[29,84],[-17,68],[-30,52],[-4,76],[41,79],[-19,176],[62,192],[20,124],[-14,62],[-71,1],[1,39],[49,30],[-16,40],[-69,-3],[-15,38],[16,53],[54,10],[-37,15],[54,10],[-33,35],[52,-7],[12,-25],[79,-78],[60,-33],[99,-20],[65,-71],[60,7],[9,-19],[79,-9],[107,35],[-85,77],[-41,-16],[18,38],[-18,28],[51,52],[-6,89],[-97,39],[-52,66],[-86,56],[-16,71],[44,12],[-13,44],[-102,43],[-46,70],[29,89],[-19,36],[-137,113],[-61,7],[-24,25],[-74,21],[12,33],[-76,118],[-99,-32],[-18,82],[24,-33],[7,51],[-21,48],[45,48],[-43,11],[-61,44],[-12,-23],[-50,17],[-67,-10],[-6,-38],[-70,0],[-25,29],[57,36],[-31,31],[-40,-2],[27,39],[-59,57],[-24,0],[7,90],[32,23],[74,10],[13,-27],[177,-42],[44,3],[28,-43],[-46,-33],[4,-41],[42,-34],[68,-29],[50,-46],[95,-60],[34,-69],[31,-7],[-10,-35],[37,-58],[63,-13],[52,25],[-5,41],[48,70],[8,45],[-32,-32],[-111,68],[-29,51],[12,42],[53,39],[139,39],[121,-41],[82,-12],[57,-45],[39,59],[138,64],[120,-43],[58,24],[9,-21],[96,-55],[78,3],[37,50],[91,29],[48,-13],[30,46],[-30,28],[40,44],[39,-3],[8,72],[-44,3],[-38,33],[-73,-8],[-41,44],[9,61],[-33,75],[-34,11],[-51,49],[-44,1],[-50,-48],[-115,6],[-143,54],[-111,9],[-39,42],[-2,36],[-71,12],[-6,-32],[-54,-17],[-97,49],[-64,110],[-101,64],[-74,17],[-76,40],[-76,55],[-92,13],[-41,67],[-105,52],[-87,4],[-54,25],[-40,-10],[-121,1],[-72,30],[63,51],[45,11],[10,27],[97,70],[-33,84],[34,14],[49,54],[-17,14],[83,70],[30,46],[-3,40],[54,49],[43,21],[-49,29],[61,1],[-28,77],[92,44],[-13,32],[16,39],[100,3],[60,31],[125,175],[86,43],[65,-3],[42,-30],[51,-13],[7,-45],[-80,1],[-65,22],[-38,-13],[-51,-81],[14,-15],[90,1],[20,-32],[0,-80],[35,-38],[160,29],[29,22],[-1,35],[51,-1],[31,59],[55,22],[74,2],[40,-35],[0,-78],[45,-92],[-25,-6],[10,-135],[-21,-10],[-32,-162],[19,-55],[23,5],[-17,-82],[42,-21],[32,30],[9,89],[-35,61],[14,65],[45,35],[39,59],[32,-6],[17,40],[90,-20],[18,21],[4,-89],[47,-22],[61,-7],[47,47],[53,-27],[-100,-39],[-1,-78],[-33,-67],[48,-144],[28,-2],[26,45],[111,38],[1,44],[41,-15],[-15,-38],[23,-103],[-36,-94],[-5,-136],[67,-198],[-36,12],[-69,-160],[91,8],[22,-33],[-16,-46],[62,-48],[24,33],[-28,13],[61,131],[23,-9],[40,101],[-19,63],[48,19],[69,-49],[61,2],[53,71],[50,3],[11,-42],[-20,-102],[-28,-56],[-10,-76],[40,-90],[-21,-88],[28,-56],[40,-14],[3,-48],[-53,-57],[27,-47],[8,-57],[24,-28],[-69,-9],[-8,-47],[82,-61],[46,6],[54,-35],[46,-57],[155,-49],[48,-27],[100,-91],[123,145],[12,25],[-84,56],[-80,21],[-112,11],[-139,78],[9,34],[-38,19],[43,76],[26,91],[107,62],[59,50],[137,57],[78,68],[32,107],[-16,62],[28,33],[-15,72],[64,63],[-12,50],[42,-15],[55,4],[100,-67],[85,1],[82,60],[15,58],[65,-52],[-1,-28],[72,-59],[102,-24],[96,19],[110,146],[45,36],[111,11],[29,-6],[9,71],[9,-42],[66,-10],[92,-136],[59,-55],[51,53],[-43,40],[53,52],[-40,95],[19,16],[-51,47],[-150,59],[-35,-31],[-30,22],[15,33],[-84,78],[-219,397],[-84,24],[-103,-52],[14,-52],[-25,-77],[-58,15],[-35,-133],[-8,1],[42,161],[-58,60],[25,123],[-18,96],[-34,65],[-69,11],[-100,32],[-31,83],[-50,89],[-113,132],[-22,77],[-21,10],[-41,103],[23,31],[-13,46],[42,37],[-33,51],[-18,-20],[-74,31],[-21,24],[-87,52],[-65,4],[-35,-27],[9,-83],[-117,-61],[-42,52],[-6,56],[-41,39],[-43,121],[30,38],[44,-1],[40,27],[81,105],[75,10],[49,-35],[55,9],[26,47],[-32,45],[87,38],[-18,101],[-27,15],[-111,-4],[35,26],[63,-11],[23,42],[-26,47],[-36,4],[-67,71],[10,96],[-40,18],[-57,-71],[-37,-9],[-26,43],[-37,-8],[-12,35],[48,14],[17,30],[-22,61],[-121,36],[-43,-134],[50,-49],[22,-73],[-108,136],[-195,-22],[-3,35],[-35,1],[14,30],[34,-3],[6,41],[-45,61],[-37,12],[-13,35],[83,-17],[51,46],[0,32],[72,150],[31,129],[-23,140],[-26,104],[2,70],[34,64],[64,29],[38,41],[9,36],[76,67],[11,59],[-48,157],[-33,41],[7,90],[-12,46],[-71,154],[-31,34],[-21,-10],[-29,38],[47,82],[129,118],[181,229],[47,98],[23,75],[10,134],[-16,34],[-35,-11],[0,49],[46,28],[67,4],[108,223],[7,81],[14,-1],[18,195],[14,0],[-15,-163],[0,-148],[99,-31],[102,-59],[78,-68],[-12,-41],[-27,-6],[-83,70],[-130,60],[-31,-47],[25,-45],[2,-58],[51,1],[16,-33],[-35,-15],[4,-51],[48,-95],[32,-128],[36,-42],[97,-44],[40,-36],[37,-2],[-57,129],[-17,59],[-6,96],[30,2],[-10,133],[52,34],[111,-28],[25,14],[-9,89],[56,8],[92,-23],[110,-38],[23,4],[29,69],[-46,24],[17,61],[-35,62],[-61,6],[-52,41],[-47,17],[-12,-31],[-214,73],[-34,78],[-37,6],[23,22],[90,39],[54,93],[31,2],[26,48],[59,50],[124,58],[5,37],[45,24],[-2,26],[51,57],[69,5],[26,-17],[62,20],[19,32],[16,92],[71,-5],[33,14],[21,47],[-28,111],[-39,53],[-18,54],[9,58],[51,55],[99,58],[57,0],[51,37],[95,35],[77,3],[-1,246],[307,1],[6,-11],[-295,-1],[0,-71],[127,1],[0,-9],[-127,-1],[1,-70],[332,2],[1,-35],[34,5],[27,-41],[126,0],[0,-13],[-122,0],[17,-16],[-11,-64],[9,-49],[-60,21],[-144,5],[-42,-49],[-10,-49],[108,26],[67,-34],[24,-38],[124,-17],[-1,-12],[-124,17],[-7,-31],[45,-84],[9,-103],[51,-71],[90,-12],[69,89],[-14,22],[79,129],[-21,15],[14,95],[-99,53],[25,43],[110,-60],[31,5],[69,115],[-126,69],[18,45],[88,-48],[9,16],[195,-21],[170,-59],[90,44],[114,6],[138,-82],[89,4],[126,-106],[48,32],[43,89],[-12,86],[-98,-6],[-173,33],[-235,67],[-354,92],[-10,-35],[-61,16],[10,35],[-138,36],[-108,-62],[71,54],[-26,6],[-175,-3],[18,26],[123,1],[94,-8],[34,27],[-1,51],[26,37],[48,17],[14,32],[51,-14],[-7,127],[26,74],[24,13],[41,-33],[100,-10],[-1,14],[71,-30],[53,60],[6,37],[-40,17],[-42,75],[-3,58],[102,27],[64,-35],[19,-118],[43,79],[90,-5],[21,-48],[99,-25],[166,-16],[27,37],[-24,20],[-110,11],[-26,-8],[-51,47],[9,90],[-42,55],[22,20],[-32,20],[123,37],[28,34],[88,34],[47,-31],[52,27],[22,-43],[74,3],[-9,-41],[50,-23],[118,45],[16,-24],[63,-17],[21,18],[18,-59],[25,-9],[48,24],[66,-14],[68,16],[-36,-75],[-86,-23],[-94,-61],[-69,-24],[-100,-84],[-12,-120],[14,-117],[107,-142],[21,9],[42,-47],[-6,-56],[93,-69],[75,-81],[105,-25],[-15,-34],[53,-28],[65,-16],[51,34],[27,-24],[116,52],[64,7],[55,39],[66,7],[-4,-25],[58,-17],[36,26],[15,-24],[47,25],[3,88],[41,34],[70,27],[132,-28],[113,1],[58,-20],[89,-78],[97,-48],[64,-89],[42,-98],[100,-103],[15,-48],[62,-121],[89,-230],[108,-62],[83,-14],[104,-3],[79,51],[36,10],[64,-54],[77,-8],[35,26],[123,4],[45,-13],[168,-126],[95,-45],[149,-29],[116,14],[230,-48],[104,-35],[136,-5],[100,-23],[104,1],[221,-54],[213,29],[141,-1],[198,25],[151,-23],[113,-9],[119,-50],[25,-22],[74,-27],[59,34],[57,-2],[44,81],[72,-5],[-34,-49],[99,-49],[-1,12],[135,0],[-38,-42],[72,-4],[-28,-26],[72,-18],[27,-83],[94,-17],[159,4],[51,35],[58,4],[12,-48],[92,-35],[61,24],[132,-93],[57,-21],[75,15],[98,-18],[28,8],[132,82],[51,18],[110,18],[35,35],[102,30],[-41,8],[-29,34],[17,24],[54,-29],[5,58],[30,-3],[12,-35],[42,-3],[24,-52],[-47,-13],[87,-38],[-13,-18],[55,-62],[42,-3],[75,-45],[75,-82],[35,-62],[127,-94],[52,-90],[-27,-86],[-30,-44],[-98,-68],[-78,-85],[-23,-55],[-54,-68],[-97,-28],[-63,-74],[22,-95],[51,-59],[-21,-23],[-58,64],[-31,118],[-84,50],[-47,-72],[62,-36],[51,-4],[0,-139],[-24,14],[11,74],[-27,-49],[9,-69],[-55,-92],[-113,-91],[13,-54],[40,-298],[-21,-1],[-41,235],[-146,-21],[26,-127],[-20,-11],[-17,51],[-6,90],[-61,-35],[1,-120],[-11,-58],[189,31],[6,-19],[-158,-32],[-41,-2],[24,-24],[3,-96],[17,-77],[46,-13],[-21,-19],[34,-90],[51,-50],[93,4],[38,-28],[-67,-4],[-40,-55],[24,-29],[-32,-54],[54,-135],[-9,-4],[-47,125],[-49,-52],[-50,9],[-13,-17],[0,-104],[57,-3],[41,-50],[-42,-32],[1,27],[-50,26],[-31,-47],[-43,0],[-42,-56],[12,-30],[53,-6],[-35,-30],[-66,-11],[-32,-44],[26,-125],[26,-33],[55,24],[7,-61],[-42,12],[-97,-64],[17,-49],[78,-2],[-30,-38],[19,-48],[76,-17],[-43,-43],[-131,-8],[-3,-76],[55,-22],[71,-76],[-22,-27],[57,4],[-54,-90],[9,-25],[-51,-13],[-34,-50],[-47,-26],[-26,-117],[-4,-159],[35,-37],[-17,-12],[-40,43],[6,241],[-137,44],[-52,-90],[103,-26],[-35,-143],[15,91],[-79,26],[-30,-160],[169,-23],[-61,-30],[-156,11],[-51,-30],[2,-56],[69,-61],[26,-145],[22,-39],[47,-21],[-1,26],[39,-36],[41,-8],[7,-51],[49,-55],[57,-18],[47,55],[46,-5],[19,-59],[33,64],[65,-93],[-72,15],[-46,-33],[-21,-53],[14,-67],[50,-15],[-42,-21],[2,-26],[-143,-52],[-83,-53],[-72,-16],[-46,13],[-70,-24],[-136,-142],[16,-83],[-21,11],[-21,92],[82,85],[-126,106],[-103,-108],[-21,13],[106,112],[-45,39],[-36,122],[-157,-131],[-3,4],[154,130],[0,13],[-154,-31],[-111,-93],[41,-44],[-47,-40],[-53,55],[-49,13],[-144,-118],[82,-91],[-99,-82],[-539,10],[-4,-249],[4,-30],[122,-2],[6,-29],[687,-12],[74,-111],[-41,-49],[43,-65],[96,-57],[32,-55],[-31,-115],[42,-45],[235,78],[-22,42],[-114,22],[-17,56],[223,110],[-40,131],[-229,-111],[0,9],[225,111],[48,17],[-16,64],[30,-25],[47,-236],[-1,-22],[148,15],[130,-98],[7,-33],[101,-64],[-2,-58],[-18,-21],[28,-68],[49,-66],[7,-49],[-37,-72],[70,-86],[67,-30],[61,13],[13,-108],[15,-24],[81,-30],[2,-61],[18,31],[35,-5],[24,-64],[32,-32],[66,-25],[76,-63],[43,17],[63,-42],[61,-85],[84,-37],[37,5],[25,67],[72,27],[-9,-131],[20,-32],[65,-30],[80,-13],[175,31],[45,92],[22,-9],[-72,-127],[60,-55],[94,-5],[81,44],[51,9],[16,41],[-40,38],[-31,-30],[-21,16],[57,51],[26,104],[43,20],[58,-17],[1,-65],[23,-42],[-53,-33],[0,-47],[23,-22],[-12,-34],[66,-45],[-15,-20],[78,-33],[110,-66],[79,-136],[-9,-59],[34,-16],[-27,-80],[78,-42],[21,-63],[-7,-45],[44,-47],[65,-3],[-3,-49],[99,-46],[4,-34],[140,-84],[71,-17],[131,-81],[165,-28],[43,36],[40,-28],[58,58],[64,18],[69,-5],[73,-84],[33,-24],[46,62],[11,-24],[63,11],[5,-17],[84,-8],[46,17],[12,42],[26,8],[5,60],[63,24],[75,-62],[106,-26],[60,12],[93,43],[127,73],[63,-3],[16,-25],[43,7],[-13,-27],[40,2],[-53,-49],[-11,-125],[47,-151],[-27,-165],[-21,-22],[-27,-84],[-6,-69],[-20,-49],[13,-105],[-24,-7],[-22,-96],[-32,-74],[-49,-18],[-12,-33],[-40,-8],[-34,-55],[-33,-14],[-18,-60],[-25,-21],[-76,10],[-25,81],[-66,49],[-52,19],[-62,56],[-49,6],[-36,59],[-51,-26],[-48,80],[-88,-3],[2,30],[145,9],[2,20],[71,-2],[12,-60],[25,16],[-13,54],[7,143],[-378,23],[-6,-115],[50,-8],[-227,12],[126,-2],[7,115],[-244,14],[-8,-140],[-18,-4],[-10,-96],[12,236],[14,125],[69,21],[-96,-13],[-20,47],[-137,82],[-99,29],[-84,11],[-140,-28],[-69,-24],[-85,-99],[8,-36],[-71,-25],[-151,40],[-77,12],[16,69],[-42,37],[-140,24],[-128,0],[-29,-15],[11,-45],[-40,-77],[-56,-30],[-28,-47],[-33,11],[-12,38],[-66,23],[28,-60],[-32,-10],[-24,66],[-49,-14],[-128,116],[-12,47],[19,29],[-37,30],[-131,-68],[21,-84],[-33,78],[-42,-36],[-26,2],[-84,-38],[-36,-38],[-20,-55],[33,-54],[-15,-28],[-122,40],[-70,41],[-214,3],[-61,30],[-146,0],[-115,-39],[16,-30],[-28,-140],[10,-83],[29,-37],[-9,-30],[-248,-155],[-348,-260],[76,-77],[65,-120],[-126,-102],[-42,-61],[-70,-61],[5,-33],[38,-21],[13,-35],[-33,-22],[69,-81],[-33,-11],[28,-39],[140,33],[53,-33],[129,-35],[37,-51],[6,-35],[-42,-28],[16,-110],[65,-70],[8,-26],[86,-54],[28,14],[68,-42],[36,24],[91,2],[10,-35],[-72,-35],[29,-112],[2,-56],[48,-125],[58,-60],[3,-35],[39,-10],[221,17],[95,53],[54,-10],[-2,24],[352,64],[5,56],[34,42],[45,95],[-14,61],[-61,48],[49,69],[8,32],[-34,59],[-11,79],[-24,48],[27,-5],[42,100],[52,17],[50,-20],[58,5],[55,-28],[14,13],[100,-12],[36,-35],[71,1],[48,30],[-48,-50],[-81,3],[-15,-58],[83,-84],[68,-7],[5,-19],[88,0],[67,164],[-62,-2],[9,51],[-108,99],[16,13],[87,-82],[78,-15],[167,-120],[143,-37],[43,-55],[71,-12],[27,-27],[201,-97],[77,-22],[31,-33],[262,-172],[37,-63],[65,-167],[34,-45],[58,-38],[24,-86],[30,-60],[-8,-130],[4,-113],[33,-42],[73,-60],[44,-18],[78,43],[55,-16],[36,27],[1,-34],[83,-21],[122,50],[201,24],[22,18],[110,11],[21,-25],[69,-32],[46,5],[19,46],[66,-39],[-35,-11],[32,-26],[-40,-35],[30,-86],[51,-32],[28,-44],[-3,-95],[-84,-127],[-162,-95],[-7,-85],[21,-30],[37,33],[5,-31],[-32,-32],[-38,15],[-16,-60],[32,-7],[-13,-32],[-60,-34],[-13,-48],[13,-43],[119,-65],[77,-96],[29,-79],[-22,-20],[-51,10],[-37,90],[-65,-12],[-45,-71],[143,-103],[13,-31],[-101,2],[-102,-13],[-118,63],[-78,104],[-138,-48],[-72,-17],[-11,12],[86,20],[-5,13],[91,36],[26,96],[22,-13],[41,58],[-138,86],[-126,-177],[142,208],[-25,20],[-8,-59],[-34,-49],[-83,28],[-99,10],[-152,-28],[-62,-27],[-108,-84],[-83,-79],[40,-85],[-24,-95],[23,-75],[34,-10],[-19,-47],[-38,-7],[-50,-51],[-11,-39],[13,-45],[37,-24],[87,2],[1,-162],[-26,-12],[1,63],[-15,0],[-2,73],[-78,-2],[-53,-83],[39,-40],[57,1],[-50,-61],[23,-36],[-21,-42],[-41,2],[11,-34],[-46,-22],[1,-75],[38,-35],[133,0],[65,-93],[84,-71],[-16,-19],[-122,25],[-17,40],[-51,23],[-46,-21],[-59,-70],[-41,-100],[-32,-38],[-3,-42],[-37,-146],[13,-32],[51,-12],[18,-41],[1,-112],[68,-7],[41,23],[16,-19],[-27,-35],[39,-3],[9,-33],[46,17],[2,-26],[-44,-20],[-195,7],[-24,27],[20,41],[-107,-6],[-13,31],[-31,-16],[9,-37],[-111,-7],[-36,23],[28,20],[-16,54],[-107,35],[-90,-6],[-57,11],[-116,-50],[-96,-61],[-4,-61],[-57,5],[-49,-73],[-4,-72],[103,-32],[-12,-36],[-153,20],[-40,-64],[-18,22],[-74,33],[-41,-14],[-9,59],[-29,19],[-114,-31],[3,-54],[-46,-16],[-29,43],[-48,38],[-39,-10],[-47,-44],[-12,-49],[43,-68],[-58,0],[-52,18],[-24,-25],[4,47],[-55,31],[-44,-32],[-47,-4],[-28,22],[-73,8],[-69,-18],[-17,44],[-44,50],[-84,20],[-74,-19],[-26,-25],[-66,-19],[-34,10],[-142,-14],[-47,-35],[-19,12],[-99,-24],[-75,-59],[-23,-69],[26,-13],[-2,-45],[50,-14],[-37,-50],[-39,10],[-17,46],[-82,4],[-17,16],[-68,-15],[-44,103],[-86,66],[-78,49],[-136,-28],[-6,20],[129,24],[5,43],[38,-4],[5,43],[-22,50],[36,-36],[36,18],[14,90],[-13,83],[-67,-66],[-44,-4],[11,-65],[-25,59],[-162,4],[-48,57],[-67,-34],[-18,26],[90,45],[-68,85],[-75,43],[-37,-101],[33,-49],[-44,14],[-34,-104],[50,-20],[-50,-91],[-49,-14],[-48,15],[30,80],[-31,37],[29,5],[81,220],[-263,11],[-19,29],[-68,24],[-19,-97],[37,-4],[-21,-180],[-38,-43],[-12,-104],[-17,2],[-7,-60],[121,-14],[-62,-174],[-277,83],[-20,-171],[-7,1],[24,214],[-7,57],[-45,57],[-38,24],[-114,4],[-80,-47],[0,-32],[-150,-61],[-20,-28],[-159,-26],[-117,-30],[-54,-28],[-192,-18],[-154,-27],[-156,-36],[-94,-7],[-101,-33],[13,-112],[-24,-35],[-168,-66],[-74,-102],[-37,-8],[86,117],[175,75],[20,24],[-10,63],[-60,38],[-162,70],[-13,35],[-176,22],[-5,44],[-35,6],[-168,-146],[-65,-67],[34,-41],[23,25],[35,-39],[190,123],[5,-7],[-188,-122],[39,-230],[181,54],[-52,-45],[-130,-46],[-71,-6],[-46,-65],[-32,-79],[-13,-70],[25,-60],[-5,-30],[58,-54],[-12,-24],[37,-36],[79,-43],[26,-49],[-71,-52],[-36,-48],[-18,-75],[38,-61],[-11,-43],[38,-16],[39,50],[30,-8],[-17,-53],[16,-50],[-45,25],[7,-60],[59,-71],[-128,-2],[-32,23],[-53,-50],[-40,-77],[-28,-28],[-19,-97],[-176,-12],[-65,-18],[-117,35],[-61,-22],[-76,-65],[-24,-52],[-9,-78],[-241,11],[63,-13],[137,-1],[70,-10],[37,-52],[17,-61],[-23,-79],[-3,-80],[-23,-9],[-63,-76],[-36,-67],[-53,-47],[-82,-46],[-66,-62],[-80,-38],[-62,-60],[-85,5],[-65,-52],[-31,20],[-74,-32],[-14,-40],[37,-55],[-10,-43],[-45,-41],[1,-27],[40,-37],[-64,-30],[-76,10],[-75,-74],[-72,-6],[-55,16],[-54,-47],[1,-44],[59,-44],[-2,-24],[-57,-18],[103,-40],[-37,-43],[46,-13],[-6,-44],[47,-3],[27,-60],[-36,-26],[32,-26],[-18,-120],[-22,-12],[41,-71],[38,-19],[80,24],[81,2],[93,-30],[23,-55],[50,-4],[3,-53],[-39,-9],[-6,-43],[-31,-16],[-36,20],[-71,-18],[-114,2],[-115,-20],[-44,-38],[-31,-98],[36,-64],[-4,-89],[-20,-33],[-71,-19],[-29,7],[-58,71],[-6,32],[33,3],[11,75],[70,76],[9,52],[-26,12],[35,110],[46,-12],[-4,50],[-76,80],[-107,-62],[-29,-76],[-4,-66],[-24,-81],[-18,-13],[-7,-74],[-32,-27],[-2,-180],[14,-76],[27,-17],[74,-97],[99,32],[-107,-71],[-27,-158],[-33,-19],[-36,-65],[-63,15],[2,35],[-30,-1],[-17,123],[-18,41],[-6,117],[-14,86],[-111,127],[-99,49],[-211,54],[-30,56],[-123,126],[-155,68],[-100,-15],[-9,-18],[-78,-8],[-10,-28],[-49,-24],[-25,34],[-31,-22],[-37,46],[-9,-22],[-46,27],[-48,-14],[-25,45],[-74,49],[-79,0],[-51,15],[-60,-41],[-22,27],[-38,-24],[-52,41],[-65,5],[-23,-19],[-45,24],[-10,29],[-44,15],[-35,-16],[0,43],[-36,-64],[24,-37],[-63,16],[-54,-76],[-65,-23],[16,-17],[-17,-49],[-50,-41],[-11,65],[-33,32],[-82,-25],[-53,28],[24,52],[-16,21],[-6,90],[67,161],[-39,66],[-43,7],[-48,-60],[-48,24],[-68,5],[4,-72],[-58,-33],[35,54],[-58,6],[-24,-27],[-50,7],[-81,-70],[-123,19],[44,35],[-53,36],[-6,26],[-46,13],[23,45],[48,37],[31,-53],[51,-13],[41,11],[-17,39],[53,33],[-16,36],[38,-5],[40,60],[-18,49],[-46,19],[22,84],[-38,30],[-41,-77],[-54,-2],[5,32],[76,77],[-48,-13],[13,42],[-20,34],[-58,5],[-26,26],[-57,-20],[-66,-3],[-21,21],[-147,-5],[-27,43],[-27,-15],[-13,37],[-69,36],[35,38],[-27,69],[97,21],[89,7],[80,40],[38,101],[30,13],[59,-34],[70,74],[-54,-81],[54,-95],[18,-8],[150,-14],[40,24],[30,-15],[-28,54],[15,112],[-112,14],[-20,38],[4,67],[85,50],[26,-11],[27,37],[114,35],[84,60],[46,-3],[15,45],[-34,52],[83,96],[23,8],[0,86],[68,108],[8,105],[-87,75],[-92,45],[-46,56],[-42,-10],[-102,-46],[55,-87],[26,-92],[-30,-138],[-56,-2],[-60,-32],[-68,-21],[-56,47],[-77,11],[-32,22],[-31,-179],[-58,-90],[7,-100],[-71,-50],[-39,9],[-55,-22],[-76,35],[-1,59],[-40,54],[-63,7],[-58,-11],[-38,50],[-62,9],[-6,18],[-60,24],[7,24],[-38,45],[-41,14],[-88,-27],[-77,6],[-58,51],[18,22],[-15,55],[42,31],[-7,49],[-39,-17],[-19,74],[45,76],[27,-10],[14,114],[-81,31],[-11,-74],[29,-28],[-34,-18],[-8,43],[-35,1],[-48,-41],[-21,6],[31,39],[-36,3],[-16,62],[-16,-20],[-10,87],[-55,-62],[30,-37],[-18,-71],[14,-54],[-79,48],[-56,0],[-167,32],[-24,90],[-1,60],[-45,49],[-29,-26],[-48,54],[-52,-4],[-22,-62],[-54,-7],[-30,110],[32,35],[23,60],[57,55],[29,82],[51,73],[42,89],[1,39],[41,91],[22,0],[38,98],[72,13],[9,17],[69,10],[63,28],[78,18],[25,44],[-43,2],[-241,145],[-11,-8],[-96,60],[-47,42],[31,136],[-28,119],[20,2],[24,-118],[213,-129],[81,123],[32,-20],[64,24],[55,74],[56,0],[98,87],[74,50],[87,29],[56,1],[5,18],[-156,111],[-26,52],[-92,20],[0,-49],[-21,-33],[-31,49],[-24,0],[-22,40],[26,78],[54,17],[63,47],[58,15],[66,-38],[67,-17],[93,25],[93,43],[28,58],[-88,87],[-27,-24],[-126,-9],[-2,28],[-164,-9],[-3,34],[96,76],[116,8],[-6,85],[14,14],[-58,43],[-21,-7],[-29,-68],[-33,-27],[-82,-32],[-19,-45],[-46,-28],[6,-46],[-51,76],[19,35],[-18,66],[11,45],[-152,92],[115,-52],[51,103],[-66,23],[8,17],[62,-37],[60,118],[-228,106],[-50,-84],[72,141],[21,-9],[21,44],[-97,39],[-81,-86],[-29,5],[-108,-212],[115,-53],[52,-34],[-176,82],[-265,165],[-3,27],[68,99],[48,-1],[154,-98],[72,109],[27,1],[-29,40],[-60,-14],[4,82],[-29,33],[-88,28],[-28,34],[-73,-12],[39,-42],[-82,-27],[-19,47],[48,50],[14,89],[-31,71],[-44,18],[-33,-28],[-18,14],[-36,-32],[-22,20],[-1,52],[-42,-4],[-29,27],[50,24],[31,134],[-8,26],[-82,110],[-43,-27],[-34,48],[-46,-1],[5,22],[-48,31],[-88,22],[-44,-15],[-3,-32],[-38,-24],[-3,-54],[-40,-18],[-42,13],[4,88],[-48,52],[-19,41],[30,79],[8,69],[34,121],[57,145],[-2,38],[86,106],[31,-22],[41,18],[28,53],[-30,-1],[-110,81],[-159,-201],[24,-42],[-53,7],[-21,31],[-147,-30],[-31,-54],[-35,11],[-98,-3],[-33,16],[-58,-19],[63,-1],[-5,-48],[89,-9],[-20,-193],[-20,2],[-7,-57],[21,-2],[-30,-163],[-27,-58],[-61,13],[-48,-12],[-28,-35],[12,-93],[21,-26],[-31,-50],[-46,20],[-70,-9],[18,-36],[-23,-10],[-33,69],[-98,-43],[68,-142],[-30,-29],[-139,-23],[8,-84],[74,-9],[130,-1],[1,61],[134,95],[-104,-82],[-14,-70],[163,-215],[16,-2],[92,69],[16,-10],[-86,-70],[-93,-64],[-65,0],[-94,27],[-37,21],[-54,0],[-69,100],[-90,-12],[-18,69],[-47,11],[-37,-29],[-58,59],[-51,0],[-64,-40],[13,-58],[140,-102],[45,44],[26,2],[4,-51],[-20,-70],[92,5],[131,-80],[-8,-13],[-127,77],[-99,-8],[-48,-32],[15,-23],[-68,-80],[-45,13],[-31,-28],[-27,31],[-15,101],[-56,21],[-57,-8],[-41,-39],[-16,-97],[4,-112],[-57,-9],[-44,58],[-39,93],[-74,51],[-61,-16],[29,-107],[12,-101],[-13,-43],[16,-91],[-3,-57],[71,-81],[5,-242],[-24,-63],[-9,-92],[-44,-206],[8,-86],[-57,-14],[-43,26],[-73,15],[12,19],[61,6],[-7,47],[-52,39],[19,73],[-48,48],[-64,10],[-61,-21],[-20,-56],[-54,-44],[18,-78],[62,-41],[-17,-13],[-147,15],[-36,98],[41,44],[64,13],[53,69],[-48,34],[-24,43],[-46,23],[-28,71],[33,42],[47,-12],[42,53],[-5,48],[-57,19],[22,15],[-45,15],[21,21],[10,66],[-36,35],[-67,15],[27,18],[29,94],[15,101],[-5,42],[34,166],[-22,66],[-171,73],[-59,62],[-15,39],[12,66],[-34,64],[-59,33],[-41,68],[-24,-11],[-16,43],[-100,63],[-74,-56],[111,-129],[14,-5]],[[178332,233366],[-24,10],[14,-112],[-6,-52],[-17,54],[-52,19],[-61,-35],[-9,78],[15,16],[3,71],[-54,3],[-48,48],[-79,27],[66,62],[33,107],[33,18],[21,80],[-15,3],[27,58],[-25,25],[37,22],[-15,103],[-33,53],[-49,19],[41,66],[-42,71],[-49,35],[-40,54],[-1,82],[-24,162],[-72,98],[74,25],[24,44],[4,128],[30,41],[4,40],[52,13],[108,-41],[27,-42],[114,-17],[39,-31],[35,-86],[77,-53],[75,14],[-12,25],[59,2],[88,50],[66,-25],[70,30],[33,-32],[30,6],[2,40],[32,32],[5,64],[-56,63],[29,131],[-33,-1],[-5,-42],[-52,-4],[-8,28],[100,49],[11,-39],[67,-5],[22,40],[37,-91],[91,-56],[25,-59],[-6,-65],[-58,-58],[-28,2],[-17,-42],[4,-79],[-36,-23],[26,-59],[50,52],[36,9],[45,-24],[17,18],[80,19],[52,-17],[45,-75],[83,27],[25,71],[-9,37],[59,112],[37,29],[64,-17],[22,-84],[75,-11],[90,19],[1,-27],[54,-6],[30,-28],[-9,-25],[-79,35],[-65,-68],[-11,-34],[10,-68],[88,-42],[-8,-14],[-90,35],[-5,-46],[-33,-9],[-4,-64],[46,-30],[-17,-76],[-67,-68],[66,-90],[-22,-32],[22,-52],[-131,-13],[-9,26],[-63,26],[-25,-38],[-17,-82],[-15,11],[36,104],[-28,26],[0,104],[-45,40],[-27,48],[-2,86],[-85,-1],[-59,-44],[37,-4],[66,-76],[18,0],[-166,-171],[60,-55],[15,-58],[33,2],[10,-36],[-36,-17],[33,-49],[-6,-34],[28,-20],[196,44],[-141,-41],[-65,-26],[-74,35],[-11,24],[-94,59],[-61,5],[-23,-47],[25,-24],[-7,-37],[-41,-4],[20,-28],[-50,-94],[-2,-26],[-58,-46],[-12,-43],[-46,7],[-68,55],[-103,-45],[-18,-68],[-57,-63],[-7,12],[-108,-74],[-6,7],[131,88],[-45,-1],[17,25],[-80,89],[-103,8],[17,-37],[-87,-60],[-67,-28],[4,-59]],[[184365,251165],[-6,47],[38,-2],[20,47],[64,-28],[27,73],[-80,48],[9,40],[-117,4],[-31,47],[24,6],[-26,67],[22,47],[-62,10],[3,46],[38,59],[41,8],[13,29],[-33,39],[59,58],[98,27],[56,-16],[37,-28],[34,5],[33,40],[39,13],[65,-37],[10,-36],[65,-87],[44,-11],[13,20],[57,-7],[132,9],[42,31],[32,56],[63,-30],[68,2],[1,-31],[-42,-57],[51,-42],[-10,-54],[19,-62],[-30,-60],[-81,-66],[-68,-12],[1,-52],[-47,-62],[-38,-29],[2,-36],[67,-28],[-7,-75],[-20,-14],[-5,-91],[15,-18],[-18,-45],[27,-42],[77,23],[32,-37],[5,-57],[37,-6],[28,-70],[-46,-105],[-60,-26],[-12,-43],[-29,-25],[-154,-24],[-103,14],[-55,30],[-43,59],[-106,88],[-92,-2],[-42,-19],[-88,-6],[31,67],[-25,15],[7,38],[-24,53],[-31,-13],[-26,22],[23,40],[-29,47],[39,18],[-36,27],[-11,41],[14,50],[45,-7],[15,39],[-49,49]],[[180116,231769],[-66,-12],[-33,52],[73,49],[-41,19],[26,21],[58,11],[6,24],[-40,8],[8,56],[34,21],[-30,32],[-57,3],[-49,-41],[6,55],[-37,-19],[-29,15],[-51,-11],[-12,41],[-28,-40],[-63,34],[-22,72],[22,163],[60,4],[44,80],[50,-29],[47,-3],[86,87],[64,26],[115,-20],[68,102],[7,84],[-46,27],[-20,45],[17,139],[-54,61],[13,56],[-37,31],[72,88],[29,-104],[53,2],[-60,-37],[0,-148],[65,11],[64,120],[112,-45],[-5,-10],[-104,42],[-53,-123],[-18,-2],[-10,-69],[115,-20],[23,-18],[93,29],[-79,-47],[75,-69],[78,-43],[45,74],[-15,77],[21,43],[21,-134],[-42,-72],[68,-50],[97,3],[22,-30],[2,-56],[52,-53],[-1,-30],[-41,-30],[-98,-32],[-21,-23],[0,-96],[-123,-166],[15,-85],[-25,-23],[-65,-17],[-25,-26],[-35,-83],[-9,-95],[50,-91],[-61,-32],[-44,1],[-80,-29],[-149,-81],[-61,-27],[-46,3],[-44,37],[-18,62],[16,59],[-14,45],[-60,-1],[-60,15],[-46,38],[45,67],[39,22],[147,-23],[4,39]],[[177605,232744],[150,143],[46,4],[64,-36],[56,41],[-49,39],[-10,54],[93,58],[62,0],[-32,53],[46,-31],[5,18],[82,-24],[18,-24],[74,-12],[61,-36],[49,5],[8,-70],[61,3],[27,69],[64,7],[41,40],[79,-5],[137,30],[-20,-35],[-107,-18],[-79,5],[-31,-32],[65,-92],[61,14],[32,52],[52,-3],[15,-39],[50,0],[-39,-30],[23,-63],[66,17],[-18,213],[14,7],[10,-150],[14,-62],[87,-86],[35,-14],[-25,-94],[-44,-11],[-148,-159],[-78,-8],[-67,-28],[-12,-22],[-110,-46],[-55,-80],[-45,-96],[2,-27],[-66,-92],[-49,-25],[-25,-41],[-86,17],[-48,23],[-73,5],[-23,-15],[-60,34],[18,22],[-132,2],[22,68],[37,24],[41,-2],[29,43],[59,37],[-9,25],[55,14],[-54,13],[40,28],[2,38],[-83,25],[-45,35],[-122,32],[0,-35],[-29,22],[23,33],[74,13],[-16,91],[-37,30],[-4,-41],[-79,-54],[10,-39],[-36,12],[-36,83],[-44,-7],[-14,41],[-135,-6],[-29,38],[31,84],[-2,-79],[43,47],[15,-20],[57,38]],[[183354,251197],[-37,41],[7,102],[-118,9],[-30,22],[35,10],[-53,51],[45,17],[39,66],[-12,19],[126,8],[20,32],[81,-36],[29,-32],[82,46],[-1,127],[-23,8],[67,47],[92,-2],[-14,42],[64,-12],[33,36],[28,-3],[12,37],[155,4],[48,-24],[97,-15],[72,38],[43,-41],[-35,-43],[-24,-91],[-106,-47],[9,-46],[-11,-102],[27,-4],[25,-84],[-47,-32],[-2,-24],[93,-51],[28,-65],[-46,-37],[-52,-11],[21,-47],[-14,-41],[-55,-19],[9,-56],[-19,-19],[-75,55],[-54,91],[18,41],[-12,29],[-74,45],[-79,-17],[29,-47],[-45,-41],[-52,-24],[7,-38],[46,-37],[1,-35],[110,-132],[-2,-80],[-30,-33],[-49,-12],[27,-62],[-56,1],[-21,42],[-55,35],[23,32],[-28,14],[-11,81],[-54,57],[4,49],[-44,15],[-76,-33],[-47,-67],[-92,20],[-28,27],[32,89],[37,1],[14,77],[-52,79]],[[192722,233416],[41,119],[140,118],[16,42],[31,16],[36,122],[76,64],[29,69],[24,12],[75,-61],[74,-9],[53,-61],[109,23],[41,-78],[25,-94],[-77,-15],[-2,-58],[147,-58],[18,-49],[-65,21],[-23,-18],[-51,-96],[30,-27],[-22,-46],[41,8],[-10,-72],[-54,-63],[-4,-34],[-102,-39],[-31,-51],[-59,0],[-14,-34],[-54,6],[3,-88],[-87,-27],[-158,93],[-66,98],[3,23],[-44,8],[-16,43],[-49,27],[-29,55],[25,40],[-20,71]],[[185736,251218],[38,-10],[-13,86],[55,51],[70,0],[30,68],[51,-19],[84,-1],[49,30],[85,128],[42,-37],[-2,-62],[56,-39],[32,48],[18,-43],[51,-11],[21,15],[21,79],[-18,42],[8,37],[37,-10],[39,-39],[53,33],[49,-2],[48,-50],[69,-2],[37,-29],[14,-69],[21,-33],[0,-107],[-25,-66],[-9,-136],[-45,-18],[-76,24],[-32,-26],[-75,22],[-39,-71],[-123,50],[-93,-7],[-49,-40],[-25,-66],[-32,-12],[-88,37],[-19,29],[-40,9],[-86,52],[-35,57],[-68,26],[-65,7],[-48,-32],[-35,19],[2,88],[60,0]],[[195474,239842],[109,-11],[48,30],[42,64],[71,-15],[-20,-114],[-21,-65],[-53,-62],[-82,-40],[-126,-143],[-16,-45],[-58,-12],[-38,85],[-82,61],[-40,73],[9,64],[-26,111],[68,66],[48,26],[76,-2],[91,-71]],[[181461,246870],[29,47],[30,12],[58,-30],[58,-9],[1,-29],[113,-99],[-20,-61],[20,-102],[-71,-28],[-72,-85],[16,-30],[39,15],[39,-13],[16,-50],[16,23],[80,-1],[-13,-33],[-64,-31],[14,-74],[49,-59],[65,-53],[28,-81],[-31,-21],[-127,44],[-38,44],[14,27],[-84,136],[-100,31],[-51,86],[40,40],[-9,29],[45,5],[-12,77],[-40,60],[-37,-10],[3,54],[-25,82],[21,87]],[[205641,234483],[90,129],[67,18],[53,-45],[21,35],[48,3],[71,79],[25,12],[92,-11],[29,18],[59,-8],[-54,-60],[-63,-24],[-60,-6],[-27,-33],[24,-86],[-38,-46],[-37,-4],[-55,28],[-48,-23],[-5,45],[-67,-11],[-21,-38],[-77,-65],[-65,-8],[38,101]],[[187040,250992],[-76,-5],[-44,20],[-24,40],[-67,13],[-29,22],[17,32],[-7,59],[14,90],[43,93],[58,23],[46,-24],[12,-41],[47,-21],[-13,-66],[-30,-51],[46,-57],[-5,-26],[45,-55],[-33,-46]],[[177562,228851],[-117,-27],[-50,115],[15,43],[45,15],[20,-21],[5,57],[28,90],[-13,67],[25,1],[60,-46],[27,-48],[-17,-46],[52,-10],[10,-40],[72,-14],[37,29],[29,-16],[-58,-79],[-22,-50],[-86,10],[-62,-30]],[[205414,234414],[10,41],[66,-39],[24,-41],[-9,-67],[-37,-70],[47,-153],[-77,-33],[-63,74],[10,66],[-99,45],[-23,60],[22,42],[61,24],[68,51]],[[196021,239423],[45,62],[-4,32],[34,13],[78,-31],[87,11],[66,-22],[57,1],[59,-28],[40,4],[-37,-85],[-80,-67],[-34,8],[-13,78],[-26,13],[-65,-37],[-72,25],[-53,-8],[-38,-49],[-33,24],[-11,56]],[[177552,232731],[-29,89],[-54,58],[43,51],[23,-29],[50,109],[2,27],[57,-1],[54,-23],[79,5],[9,-21],[-113,-150],[-21,-43],[-47,-13],[-13,-52],[-40,-7]],[[180605,240237],[12,21],[-41,9],[-46,78],[21,70],[96,44],[8,24],[54,-23],[56,-55],[62,-26],[3,-25],[-57,-53],[-80,17],[-17,-96],[-40,-11],[-31,26]],[[181605,244531],[63,-14],[55,-30],[-64,-63],[46,-39],[-15,-20],[-54,13],[-138,91],[-25,55],[1,49],[22,92],[35,-3],[75,-60],[-41,-39],[40,-32]],[[204713,233590],[-49,12],[-42,47],[-31,67],[20,21],[49,-1],[74,-41],[154,-38],[48,-66],[-27,-36],[-106,9],[-33,21],[-57,5]],[[180758,230378],[-27,-67],[-43,12],[25,28],[-58,14],[-31,-11],[-1,37],[-83,80],[-40,3],[-4,42],[40,-7],[32,37],[65,-63],[39,5],[31,51],[42,1],[-18,-53],[49,-63],[-48,-40],[30,-6]],[[179323,234799],[-24,40],[32,38],[56,34],[41,-15],[39,54],[-25,58],[59,-20],[22,-66],[-15,-27],[-85,-9],[7,-61],[47,-14],[-42,-86],[-112,74]],[[179935,236222],[51,28],[9,-46],[-49,-57],[-55,-10],[-29,-25],[-63,-14],[2,45],[-46,19],[-26,57],[17,22],[58,-23],[27,14],[52,-14],[42,27],[10,-23]],[[177742,229090],[4,141],[-7,67],[70,12],[49,-25],[-13,-15],[74,-32],[-21,-54],[-38,-6],[10,-28],[-98,-37],[-30,-23]],[[180433,230624],[24,-104],[-9,-50],[-36,-24],[-85,53],[-55,67],[38,21],[123,37]],[[196769,234540],[-6,-51],[-48,2],[-17,-33],[-62,-5],[-81,-23],[-15,34],[19,23],[45,5],[17,55],[31,22],[26,-18],[66,24],[40,-5],[-15,-30]],[[205294,234750],[-13,-36],[1,-115],[-18,-21],[-55,13],[-37,73],[3,59],[38,45],[58,7],[23,-25]],[[181723,244690],[-37,30],[-29,-55],[-48,9],[-46,128],[113,30],[10,-63],[29,-32],[8,-47]],[[179484,233438],[-32,-9],[-43,73],[-47,39],[5,52],[28,9],[-1,60],[81,-25],[-28,-45],[17,-43],[-20,-40],[40,-71]],[[184159,252030],[67,34],[67,9],[42,-22],[-40,-73],[-33,-14],[-97,32],[-6,34]],[[192861,234312],[178,-4],[16,30],[107,52],[-18,-57],[75,-9],[-84,-4],[-80,-38],[-115,4],[-79,26]],[[183128,234667],[-376,230],[8,12],[530,-324],[-2,-4],[213,-131],[-6,-8],[-367,225]],[[182804,244453],[52,35],[52,-70],[56,-5],[32,-54],[-26,-2],[-173,62],[7,34]],[[181709,245425],[35,-31],[-8,-57],[-111,27],[-2,32],[86,29]],[[181632,245154],[42,-55],[-2,-32],[-62,-10],[-58,76],[68,33],[12,-12]],[[189620,249192],[-19,-42],[-72,8],[-41,27],[18,28],[47,17],[48,-13],[19,-25]],[[183547,232925],[81,-45],[-19,-39],[-50,-3],[-14,29],[-42,2],[-11,51],[55,5]],[[180112,236259],[-58,-1],[-5,31],[-43,48],[49,20],[25,-32],[75,-43],[-43,-23]],[[182733,245952],[21,-50],[-7,-77],[-20,-12],[-44,74],[33,85],[17,-20]],[[182202,243854],[-25,1],[12,68],[91,18],[-35,-86],[-43,-1]],[[197571,239546],[43,24],[15,-164],[-31,-11],[-12,125],[-15,26]],[[193851,239656],[-39,27],[30,56],[62,-21],[-21,-45],[-32,-17]],[[178084,233338],[-50,-32],[-22,23],[22,67],[52,-2],[-2,-56]],[[183583,235465],[2,23],[77,-24],[-54,-53],[-38,-5],[13,59]],[[179905,236299],[-25,28],[6,44],[28,21],[39,-38],[-10,-46],[-38,-9]],[[196778,239766],[-22,-16],[-62,15],[310,67],[2,-10],[-237,-51],[9,-5]],[[182226,235136],[105,33],[217,-133],[-8,-10],[-210,128],[-119,-35],[15,17]],[[210322,233205],[-42,-22],[-38,30],[64,18],[76,-10],[10,-36],[-70,20]],[[205117,233620],[-35,-42],[-45,10],[10,52],[58,9],[12,-29]],[[187135,251247],[22,-70],[-18,-6],[-58,42],[11,45],[43,-11]],[[181178,230182],[-43,59],[32,22],[56,-39],[1,-29],[-46,-13]],[[199772,237861],[-31,50],[63,42],[11,-61],[-43,-31]],[[184204,251960],[36,-44],[-33,-22],[-78,24],[-16,23],[91,19]],[[183875,250216],[-13,-38],[-3,401],[11,-61],[5,-302]],[[211827,233327],[-51,-23],[-53,19],[128,38],[-24,-34]],[[192439,233974],[208,-110],[-5,-8],[-375,198],[0,9],[172,-89]],[[188480,230021],[20,6],[41,-120],[-21,-27],[-40,141]],[[183751,234288],[-87,48],[6,12],[94,-51],[44,-219],[-9,-2],[-48,212]],[[193786,243794],[75,22],[33,-48],[-50,-6],[-58,32]],[[193901,243585],[14,4],[70,-232],[-14,-4],[-70,232]],[[183828,250678],[21,16],[37,-41],[-28,-44],[-47,49],[17,20]],[[187132,251161],[23,-24],[-23,-19],[-56,8],[-13,30],[69,5]],[[194146,245914],[-15,72],[95,-234],[-11,-2],[-69,164]],[[194108,245509],[0,28],[51,38],[29,-17],[-80,-49]],[[195515,241741],[-27,24],[24,34],[49,26],[-46,-84]],[[177629,229413],[-55,15],[22,29],[47,1],[-14,-45]],[[180568,230376],[-48,-31],[14,65],[34,-34]],[[196106,239249],[-9,34],[74,-18],[-18,-24],[-47,8]],[[180584,232875],[3,6],[163,-66],[-7,-15],[-92,37],[-67,38]],[[194748,238887],[-31,-10],[-14,48],[51,-9],[-6,-29]],[[180777,234784],[-28,-15],[17,72],[34,-6],[5,-33],[-28,-18]],[[180282,243070],[-38,-17],[-43,28],[84,4],[-3,-15]],[[205345,233961],[35,15],[8,-40],[-47,-9],[4,34]],[[185855,250354],[1,-36],[-29,11],[18,62],[10,-37]],[[183233,244037],[39,-48],[-4,-24],[-58,64],[23,8]],[[199712,237868],[-32,-32],[-22,35],[54,-3]],[[179292,235346],[32,12],[15,-28],[-18,-33],[-29,49]],[[185338,232007],[127,-15],[-1,-15],[-128,17],[2,13]],[[178391,234838],[-15,36],[37,20],[10,-41],[-32,-15]],[[183568,251753],[75,9],[-8,-20],[-87,-2],[20,13]],[[182834,246253],[18,9],[32,-41],[-57,5],[7,27]],[[184586,243391],[14,2],[15,-132],[-15,-2],[-14,132]],[[178583,234718],[13,45],[29,-34],[-42,-11]],[[195203,238884],[-1,-11],[-176,22],[2,11],[175,-22]],[[185902,250419],[-33,54],[36,-13],[-3,-41]],[[188656,231080],[-39,-9],[37,40],[2,-31]],[[205171,234467],[-40,-18],[-11,25],[53,22],[-2,-29]],[[193910,243812],[111,-58],[-6,-11],[-100,52],[-5,17]],[[179955,238735],[-92,-18],[85,32],[7,-14]],[[186931,251508],[-15,-34],[-28,26],[22,26],[21,-18]],[[193912,243961],[14,22],[44,-2],[-21,-26],[-37,6]],[[195054,234269],[2,-19],[-63,11],[61,8]],[[181256,238684],[-35,-26],[23,67],[12,-41]],[[180426,236932],[-83,-30],[34,26],[49,4]],[[179547,234942],[32,10],[-12,-43],[-20,33]],[[180360,237006],[41,-21],[-47,-15],[6,36]],[[195307,241866],[-1,-10],[-129,11],[0,13],[130,-14]],[[178777,234880],[37,19],[19,-21],[-56,2]],[[203991,233676],[20,34],[42,4],[-3,-25],[-59,-13]],[[185644,249590],[26,-17],[-22,-38],[-29,16],[25,39]],[[205271,234089],[7,30],[30,-25],[-37,-5]],[[179947,231298],[33,39],[10,-24],[-43,-15]],[[196048,239062],[47,1],[-41,-29],[-6,28]],[[205307,234465],[-39,-13],[0,29],[39,-16]],[[189101,231565],[6,36],[36,-27],[-42,-9]],[[180651,230307],[47,-28],[-69,6],[22,22]],[[188830,249894],[37,19],[-19,-42],[-18,23]],[[178579,234699],[52,16],[-27,-36],[-25,20]],[[182266,244062],[-31,35],[46,-1],[-15,-34]],[[179282,234978],[-21,37],[35,-16],[-14,-21]],[[185227,230494],[44,43],[18,-19],[-43,-35],[-19,11]],[[194506,241968],[-11,-25],[-28,36],[39,-11]],[[181644,244610],[-29,17],[38,13],[-9,-30]],[[197963,236431],[40,30],[3,-23],[-43,-7]],[[181592,240940],[9,-9],[-68,-69],[-9,7],[68,71]],[[196608,234563],[-2,30],[42,0],[-40,-30]],[[180219,230640],[-37,-18],[1,33],[36,-15]],[[179315,234927],[-2,45],[25,-43],[-23,-2]],[[185617,230019],[-9,-30],[-32,13],[41,17]],[[197221,240958],[26,-27],[-43,-9],[17,36]],[[183975,251927],[15,-37],[-31,9],[16,28]],[[180405,238924],[-44,-9],[-11,24],[55,-15]],[[196875,235237],[-53,-14],[22,26],[31,-12]],[[180027,236431],[-10,19],[44,20],[-34,-39]],[[60895,85166],[27,-9],[176,11],[82,-40],[32,-49],[8,-48],[-38,-44],[-87,-48],[-39,-39],[-88,-16],[-33,-47],[-64,-24],[-47,-41],[-71,-8],[-78,-36],[-10,-18],[67,-73],[63,-33],[20,-45],[-25,-20],[3,-93],[19,-5],[88,79],[16,3],[107,83],[90,38],[129,30],[90,57],[94,13],[61,-122],[76,-25],[30,-52],[13,-83],[62,-56],[33,-79],[23,-12],[-10,-40],[-47,-66],[-59,-39],[99,-54],[157,0],[158,-33],[97,-71],[34,-54],[12,-177],[27,-60],[96,-43],[96,-69],[-25,-162],[15,-54],[40,-35],[63,7],[26,59],[108,122],[27,20],[83,126],[32,6],[93,-21],[107,31],[100,39],[46,-2],[65,-65],[110,-55],[106,-67],[41,-53],[-63,-77],[-35,-96],[-3,-51],[-41,-73],[-1,-37],[-41,-47],[-15,-85],[-28,-19],[-125,9],[-46,16],[-67,-46],[-7,-71],[-96,-156],[8,-65],[-23,-33],[41,-58],[106,12],[32,-33],[65,-35],[67,-19],[64,4],[47,64],[61,-3],[0,42],[32,81],[97,110],[-20,45],[-14,104],[-17,12],[55,194],[-40,88],[3,18],[63,10],[30,-52],[88,-67],[45,21],[39,67],[77,14],[48,28],[133,128],[107,80],[96,51],[113,136],[76,29],[42,69],[-28,52],[-105,118],[-59,80],[-42,94],[-104,118],[-47,176],[-32,64],[-131,97],[-8,61],[-40,66],[-13,50],[75,52],[59,52],[121,42],[82,61],[32,40],[80,132],[-22,35],[56,21],[77,127],[68,100],[86,88],[79,43],[131,38],[237,54],[-16,48],[86,37],[27,-63],[205,22],[345,16],[101,208],[79,172],[-158,87],[41,138],[-117,91],[-87,78],[-11,35],[8,74],[39,131],[58,97],[97,84],[65,21],[95,-7],[-18,41],[-99,17],[-122,-28],[-117,-97],[-27,-53],[-1,-50],[-25,-93],[-69,-114],[-33,-86],[-33,-46],[9,-43],[-93,-88],[-76,-48],[-99,-5],[-17,28],[-39,-3],[-9,-25],[-44,-17],[-101,23],[-48,26],[-48,-1],[-61,-58],[-114,-57],[-110,-25],[-118,10],[-35,-15],[-41,-77],[-50,-29],[-68,14],[-57,-58],[7,-67],[-63,-103],[-98,-89],[-64,-42],[-75,-95],[-63,-100],[-102,-58],[-59,-19],[-107,-15],[42,-107],[-11,-107],[-14,-43],[7,-75],[-145,-247],[-56,-26],[-60,5],[-64,-43],[-81,-7],[23,211],[74,137],[-4,45],[24,126],[-46,-49],[-2,-30],[-103,-147],[-17,-87],[-78,-161],[-37,-123],[-64,-36],[-55,14],[-41,54],[45,121],[-4,21],[42,112],[98,104],[33,50],[16,78],[-22,43],[-79,44],[-140,7],[-52,35],[-75,70],[-45,7],[-87,-30],[-146,-19],[-67,10],[-24,23],[10,115],[13,29],[104,63],[26,33],[94,73],[42,11],[27,33],[-16,38],[-112,11],[-18,41],[-61,26],[-82,-55],[-95,56],[-73,31],[-7,32],[72,212],[-32,58],[-5,80],[24,26],[77,25],[-10,51],[-52,37],[-28,52],[3,131],[30,59],[-2,72],[182,11],[120,-35],[34,3],[54,46],[32,73],[30,23],[112,32],[42,-7],[93,-76],[60,41],[74,2],[35,41],[-57,50],[-80,32],[-66,69],[-121,0],[-131,24],[7,29],[91,108],[-25,30],[-48,-5],[-29,39],[20,80],[-11,19],[14,111],[40,46],[75,27],[41,1],[122,-60],[106,-1],[99,-55],[135,-5],[59,-20],[3,93],[-51,8],[-85,76],[-12,42],[-76,63],[-51,115],[-21,29],[18,62],[86,8],[25,-16],[20,-76],[59,-16],[78,0],[55,16],[51,57],[102,-14],[27,-47],[-14,-61],[30,-47],[54,-18],[49,4],[65,-34],[10,-39],[42,-21],[115,33],[48,-12],[12,-47],[46,-27],[15,-134],[77,-38],[50,46],[16,51],[62,36],[5,28],[-38,63],[-2,69],[62,52],[76,5],[56,17],[0,37],[-44,6],[-90,62],[-85,77],[-54,15],[-52,46],[1,19],[-75,47],[-17,65],[-82,21],[-31,33],[-76,30],[11,79],[40,26],[-88,36],[0,48],[-49,-3],[-27,33],[-66,-23],[-34,18],[-36,89],[-21,0],[-94,-61],[-64,27],[-31,130],[12,42],[-37,93],[-6,64],[27,48],[-38,99],[-18,18],[-93,25],[-26,26],[-45,85],[-25,83],[-9,88],[10,75],[23,23],[42,-6],[49,-51],[49,24],[88,-22],[62,2],[46,-17],[82,-68],[44,-67],[-2,-125],[35,-57],[87,-6],[0,-28],[-42,-43],[25,-37],[58,-36],[43,-46],[60,-9],[27,15],[29,79],[63,-21],[28,-74],[32,5],[35,-36],[86,16],[15,-64],[-15,-50],[43,-18],[77,21],[1,-50],[75,-80],[53,-69],[93,12],[102,-71],[52,22],[24,32],[-17,50],[40,101],[-18,72],[22,25],[84,-63],[-19,-48],[89,-72],[-4,-52],[-37,-45],[29,-33],[56,18],[91,-91],[98,-16],[53,3],[41,-24],[54,-58],[94,-54],[48,-55],[54,-27],[84,29],[37,-42],[45,26],[39,1],[22,27],[-26,30],[-15,62],[55,21],[64,-11],[35,-24],[16,-53],[45,7],[6,80],[96,74],[1,16],[-64,15],[-68,-13],[-61,37],[8,70],[-54,35],[-16,33],[-49,-49],[-63,22],[-42,39],[-14,36],[15,52],[-19,25],[-47,9],[-51,36],[-111,-33],[-35,15],[-52,53],[0,41],[32,28],[39,-12],[64,-55],[62,48],[-10,38],[26,124],[-18,9],[28,104],[-102,9],[-20,17],[13,90],[34,58],[3,54],[-73,-4],[-30,-56],[-43,-26],[-58,36],[5,116],[-13,19],[-51,-5],[-81,90],[-21,-11],[-1,-73],[-15,-16],[5,-59],[-18,-37],[-49,-19],[-11,-38],[-66,-12],[-45,-24],[-87,-17],[-69,33],[-39,-16],[-54,4],[-54,30],[-40,49],[-50,8],[-8,68],[-60,3],[-70,51],[-1,86],[54,81],[-70,32],[-90,126],[-73,-2],[-57,-24],[-13,-26],[-71,-22],[-82,158],[-64,26],[17,22],[95,29],[68,49],[67,-1],[58,16],[62,-11],[72,-58],[30,-43],[47,-16],[62,12],[63,-52],[50,-22],[54,3],[115,54],[-2,38],[42,16],[52,112],[44,43],[0,30],[38,83],[41,3],[63,-24],[10,-23],[-7,-100],[76,-51],[-2,-19],[52,-40],[53,-10],[32,-29],[130,23],[44,25],[84,-66],[-16,-17],[11,-49],[53,-53],[84,-9],[38,-21],[55,-72],[-46,-46],[126,-43],[105,-71],[62,-58],[13,-51],[1,-98],[34,-39],[38,61],[36,-1],[30,-29],[36,3],[38,-39],[34,4],[38,-55],[78,-59],[10,-43],[61,-15],[93,74],[18,86],[-71,81],[-36,53],[-141,120],[-99,144],[-32,-9],[-51,83],[-127,93],[-22,31],[-55,179],[-19,21],[-28,97],[-13,122],[-82,64],[-67,7],[-32,45],[-54,19],[-76,194],[-32,34],[-28,85],[35,122],[21,110],[18,30],[22,98],[-70,61],[-16,55],[52,40],[36,59],[31,0],[53,191],[9,-3],[-53,-193],[42,-35],[-1,-41],[51,-45],[24,43],[53,-10],[23,-43],[332,-21],[230,191],[22,40],[-18,53],[63,27],[28,-52],[50,-13],[166,69],[91,-69],[163,5],[-11,56],[-63,84],[-25,72],[2,45],[65,64],[19,87],[29,61],[33,24],[87,-15],[63,-23],[33,29],[4,56],[22,5],[0,-73],[111,26],[-46,73],[-96,-15],[-30,23],[-237,15],[-51,-23],[-125,-79],[-68,-34],[-118,8],[-21,-12],[-36,-124],[-45,12],[-40,40],[-9,58],[14,67],[-94,36],[-118,-167],[7,-125],[-13,-44],[-44,-42],[-51,-17],[-83,16],[-70,34],[-61,114],[-50,-2],[-53,54],[-1,53],[-31,83],[-190,-20],[-55,5],[-79,-20],[-36,11],[-43,-62],[-52,0],[-59,-160],[-19,-31],[70,194],[-30,6],[-18,77],[-45,37],[26,42],[-19,61],[-86,151],[16,47],[-22,67],[-48,-4],[-20,53],[-38,29],[-23,46],[-2,77],[-73,62],[-90,10],[-52,-22],[32,-12],[-120,-91],[15,-43],[115,-57],[-119,51],[-40,116],[-134,33],[-23,21],[-261,76],[-70,102],[-60,43],[-95,9],[-7,21],[-74,86],[-37,3],[5,42],[50,-3],[-28,58],[-59,56],[34,51],[-6,26],[37,2],[25,39],[104,3],[44,40],[-42,91],[21,111],[79,-27],[131,115],[37,8],[55,58],[-39,46],[12,20],[-45,73],[36,2],[-40,91],[-51,34],[15,30],[-51,34],[1,36],[32,9],[38,48],[-10,37],[12,84],[30,89],[0,235],[-153,60],[20,32],[-30,52],[-60,10],[40,42],[41,-6],[-8,55],[-57,76],[-14,52],[-107,39],[-67,-55],[-30,33],[45,31],[17,37],[-22,72],[-36,48],[-62,37],[-50,45],[48,51],[-36,31],[-57,5],[24,55],[-98,4],[-11,-21],[-61,35],[12,34],[43,28],[38,-7],[13,28],[69,40],[32,44],[-28,79],[-53,24],[-1,75],[-38,3],[50,48],[141,4],[54,44],[27,57],[-12,21],[-82,30],[24,37],[69,22],[-8,-42],[30,0],[125,130],[48,17],[66,43],[87,18],[36,19],[-2,-29],[188,-7],[86,49],[135,-47],[51,-34],[48,-3],[-32,-45],[-84,-74],[-12,-71],[8,-67],[39,-29],[64,11],[51,51],[56,21],[75,-11],[103,-48],[111,-25],[206,-14],[49,34],[91,1],[-94,81],[-24,40],[-119,67],[-59,94],[-52,48],[-86,47],[7,21],[-47,63],[-27,92],[-72,4],[-27,31],[15,21],[-34,30],[63,137],[77,46],[146,9],[62,58],[45,77],[0,30],[-70,65],[-92,148],[-39,99],[-17,17],[-50,-12],[-52,-34],[-85,5],[-118,-11],[-57,-41],[-21,6],[-123,-46],[-22,44],[58,19],[-21,46],[6,66],[-37,3],[42,25],[16,39],[35,28],[11,90],[-31,85],[-58,73],[1,25],[-50,19],[-58,46],[-12,47],[70,62],[-20,60],[49,38],[-23,30],[-120,-94],[-2,-56],[48,-126],[-10,-8],[-49,128],[-127,-44],[-43,6],[59,-170],[61,-145],[-17,-6],[-136,357],[4,56],[-19,47],[-26,-19],[-33,16],[-2,31],[-55,49],[-57,2],[-32,22],[-20,106],[-149,84],[-55,57],[-112,61],[-4,34],[-44,72],[-62,41],[-7,48],[-27,26],[-16,89],[-49,38],[15,21],[12,107],[-33,61],[-23,82],[-39,43],[-21,94],[52,73],[25,74],[66,146],[-4,62],[34,60],[60,193],[-10,103],[45,110],[-20,44],[58,71],[-22,73],[-70,155],[-37,46],[76,74],[-1,61],[38,91],[-15,99],[17,22],[-1,55],[38,59],[58,32],[35,41],[31,9],[94,82],[83,35],[78,3],[37,-15],[62,16],[10,31],[48,22],[12,29],[61,25],[-16,26],[-65,28],[-28,74],[-110,-32],[201,72],[16,28],[23,118],[28,90],[-15,80],[-33,30],[-17,47],[-43,39],[17,56],[36,15],[-60,20],[-32,33],[-25,106],[-32,50],[38,52],[-8,37],[-102,45],[-100,24],[-51,-173],[-8,27],[43,150],[-41,32],[-9,36],[-73,-13],[-7,-16],[-62,14],[-23,29],[26,35],[-62,107],[-66,66],[-23,70],[-20,18],[-31,127],[-22,10],[-17,68],[8,100],[45,107],[15,12],[-10,55],[48,9],[42,30],[48,3],[1,56],[-70,75],[-20,65],[24,73],[-10,51],[34,38],[15,53],[-27,81],[-94,8],[-51,36],[15,38],[-65,48],[-14,-25],[-86,10],[14,-40],[-35,-12],[11,-33],[-59,-20],[15,-39],[-64,-22],[43,-114],[65,-43],[-76,33],[-70,189],[-66,15],[-80,45],[-42,68],[-34,3],[-55,68],[-5,31],[64,73],[17,83],[-25,46],[-76,19],[-59,-35],[-56,26],[9,43],[38,43],[113,39],[220,140],[69,0],[61,38],[51,1],[37,45],[46,28],[40,60],[38,173],[-22,93],[45,50],[14,63],[-19,59],[37,131],[-15,37],[24,48],[92,42],[29,40],[48,8],[38,41],[80,125],[62,71],[-5,32],[26,76],[70,38],[76,143],[-12,152],[-47,86],[30,-6],[66,57],[18,-14],[50,37],[35,-1],[24,30],[64,23],[83,46],[43,60],[50,38],[30,117],[38,85],[-2,33],[88,83],[91,48],[19,37],[56,31],[32,-3],[94,64],[75,27],[51,64],[29,5],[11,42],[45,-20],[43,37],[53,-15],[38,51],[40,-15],[112,40],[68,66],[52,106],[1,43],[32,45],[61,-22],[87,-114],[61,-59],[39,-60],[90,-60],[165,-80],[-137,59],[-7,-15],[-101,51],[-88,-152],[22,-57],[108,-33],[-19,-64],[24,-5],[21,59],[53,-15],[47,122],[-59,-179],[196,7],[49,67],[46,28],[120,0],[75,-34],[52,15],[74,2],[44,20],[32,-21],[57,16],[157,-102],[106,8],[4,-60],[50,-89],[70,-38],[74,-15],[78,-3],[73,27],[50,-1],[81,16],[45,22],[100,-10],[29,-15],[52,-115],[-28,-30],[11,-66],[-15,-50],[17,-96],[-39,-44],[117,-130],[-69,44],[-64,74],[-87,-71],[18,-29],[-27,-42],[-12,-56],[10,-144],[20,-65],[74,-43],[57,-98],[91,-37],[9,-48],[-16,-70],[18,-26],[50,-20],[26,47],[49,19],[17,-49],[-18,-98],[9,-45],[43,12],[64,-13],[55,46],[24,43],[38,-7],[48,-49],[59,29],[78,-1],[-49,-17],[-19,-28],[62,-38],[-1,-75],[97,-64],[69,0],[85,-16],[30,-26],[119,22],[141,59],[46,29],[52,-7],[68,-50],[139,-23],[73,-32],[129,-77],[104,-92],[39,-125],[1,-86],[78,-98],[-36,12],[-30,38],[-80,-45],[-4,-80],[77,-164],[-37,-47],[2,-70],[29,-39],[34,-10],[6,-69],[21,-32],[-39,-138],[6,-78],[-25,-35],[-3,-62],[-26,-71],[31,-59],[-13,-58],[-46,-52],[-5,-51],[47,-59],[99,-94],[-7,-7],[-98,93],[-31,49],[-33,-47],[50,-48],[-70,-69],[-26,-79],[95,-146],[25,-62],[23,-134],[12,-176],[-14,-47],[167,-66],[-85,24],[-14,-34],[-37,15],[175,-475],[84,-92],[-90,86],[-124,332],[-42,-16],[-18,47],[-35,-26],[36,-85],[-35,-15],[-23,55],[-112,-31],[-34,104],[-52,12],[15,-173],[50,3],[7,-123],[249,-17],[0,-6],[-187,12],[-10,-142],[-42,7],[-6,-46],[352,-60],[-1,-6],[-472,80],[-67,55],[-4,27],[-98,-25],[-39,-28],[-48,-96],[-44,-175],[-4,-139],[-32,-92],[-47,-102],[0,-110],[-22,-104],[-73,-86],[48,-36],[106,88],[85,149],[68,24],[296,-232],[36,-4],[40,-37],[50,-17],[52,-42],[106,44],[60,113],[83,27],[74,10],[83,-44],[50,-57],[18,-50],[43,-42],[78,15],[30,69],[107,75],[33,-8],[-89,371],[10,2],[89,-369],[51,-14],[39,10],[48,-20],[77,-7],[49,15],[39,76],[83,122],[-137,17],[117,-7],[6,42],[-35,31],[-130,167],[31,30],[-30,12],[-53,-16],[-40,31],[-70,-28],[-167,16],[1,13],[162,-24],[79,35],[-24,29],[11,82],[68,47],[-24,62],[-92,14],[-5,66],[22,46],[143,81],[21,78],[88,43],[19,32],[69,-14],[38,83],[-22,36],[-60,24],[-38,73],[74,84],[32,4],[18,52],[21,4],[73,73],[43,19],[61,-19],[14,-56],[-25,-42],[-8,-70],[49,-13],[4,-29],[-40,-77],[33,-65],[44,-36],[34,-3],[33,-39],[67,54],[15,43],[30,-48],[0,-38],[93,60],[42,183],[45,57],[23,65],[48,-29],[49,38],[91,41],[121,-66],[21,-69],[80,-39],[24,4],[57,56],[-18,20],[27,70],[-23,53],[-36,28],[-16,115],[8,56],[50,109],[35,49],[34,-12],[27,38],[110,-21],[73,-28],[64,-59],[10,-26],[76,-18],[21,29],[81,36],[107,174],[43,39],[43,69],[16,58],[104,58],[75,52],[55,-8],[88,9],[108,-46],[67,-11],[92,87],[44,-9],[109,-55],[136,-40],[151,73],[35,1],[48,37],[129,66],[157,119],[62,21],[58,-1],[56,-49],[51,-3],[42,-35],[18,-60],[28,3],[60,41],[38,0],[94,-61],[-69,-64],[-36,-71],[-66,-60],[-138,-30],[-71,21],[-56,-45],[-1,-44],[22,-42],[-19,-76],[-50,-12],[-16,42],[-43,37],[-76,-5],[-35,11],[31,67],[-46,11],[-55,50],[-64,18],[14,-76],[-25,-50],[7,-59],[-17,-45],[-43,17],[-21,32],[-62,28],[-43,55],[-35,-46],[-4,-87],[58,-40],[-20,-15],[-109,-32],[-62,14],[-71,53],[-6,52],[-22,34],[-74,55],[-12,-89],[-32,-41],[-76,-5],[-99,110],[-23,-79],[77,-65],[-48,-46],[-79,18],[-63,41],[-32,-30],[-116,27],[-10,-24],[81,-46],[46,-2],[-1,-27],[55,1],[114,-44],[32,-22],[6,-74],[14,-14],[50,42],[11,36],[87,17],[22,-91],[30,2],[30,-34],[101,12],[119,35],[60,-2],[-42,-42],[-50,-24],[-34,-62],[-28,-14],[-113,64],[-29,-18],[1,-62],[-46,-5],[-15,39],[-48,-49],[-16,29],[-48,-3],[-44,-28],[10,-30],[-102,-122],[-44,-22],[12,-47],[-88,0],[-5,-39],[-154,-105],[-37,-10],[7,-56],[56,-13],[120,47],[46,65],[85,17],[35,-18],[10,-34],[33,1],[25,48],[104,58],[55,5],[30,23],[24,-14],[-5,-40],[42,-8],[17,52],[52,26],[135,28],[27,17],[19,-41],[4,-64],[49,-50],[49,60],[10,53],[97,-16],[9,24],[-46,58],[18,26],[35,-9],[3,-29],[47,-3],[9,-42],[56,-28],[87,-3],[35,-23],[32,8],[-35,43],[35,66],[72,83],[60,-32],[28,78],[93,-10],[20,61],[62,-18],[58,67],[79,49],[79,27],[68,3],[33,-18],[0,-34],[-33,-30],[-39,-6],[-8,-58],[-66,1],[11,-70],[80,-124],[0,-93],[-37,-10],[-49,39],[-55,-28],[-105,18],[-77,-32],[63,-38],[11,-96],[-40,-68],[-67,-8],[-60,66],[-83,43],[-43,-9],[-80,-61],[-59,-130],[25,-24],[-50,-87],[-13,-68],[-39,2],[-6,-62],[46,-125],[19,-79],[-1,-148],[-32,-110],[-38,-79],[1,-117],[42,-144],[376,116],[-19,64],[-97,148],[2,105],[53,100],[-29,77],[19,48],[9,80],[22,26],[75,15],[123,-37],[44,3],[77,47],[19,72],[-16,101],[88,89],[21,64],[61,-5],[109,28],[37,33],[62,-5],[80,48],[39,73],[13,80],[-47,39],[18,138],[-31,90],[5,37],[51,51],[38,2],[53,-53],[3,-53],[81,-43],[42,-8],[-67,49],[6,59],[125,97],[44,54],[-13,22],[54,31],[49,6],[9,58],[-58,-2],[-35,18],[-26,54],[42,59],[75,41],[19,-15],[22,-99],[27,103],[-33,87],[-54,53],[-106,-27],[8,-29],[-120,-36],[-29,54],[-66,-5],[-93,-57],[-143,-35],[-180,-10],[-9,-14],[-153,-58],[-43,-1],[-98,-40],[-41,-7],[-70,-39],[83,92],[50,-2],[63,21],[24,24],[98,52],[106,76],[106,19],[51,30],[55,6],[26,57],[89,117],[23,82],[-8,40],[-104,132],[69,35],[60,-46],[25,-39],[100,-42],[49,20],[25,56],[67,85],[48,4],[2,71],[-22,19],[48,17],[22,-38],[36,25],[11,-50],[62,4],[-28,-61],[55,-36],[73,24],[-26,67],[40,19],[88,-99],[66,8],[89,99],[37,-7],[19,114],[-33,31],[-106,9],[-62,-8],[-27,35],[14,85],[-56,86],[-39,33],[45,2],[-7,78],[-36,79],[21,26],[-3,64],[-85,10],[22,62],[35,-3],[60,-54],[81,55],[49,17],[23,45],[-49,34],[55,73],[25,107],[42,20],[11,63],[-8,93],[-61,34],[-55,11],[-19,96],[63,11],[37,35],[81,1],[37,23],[41,-5],[90,60],[47,-90],[84,-14],[92,-3],[30,37],[55,26],[34,-36],[83,-21],[-1,-61],[33,-37],[-6,-63],[61,-33],[-5,-33],[28,-50],[-72,-74],[-16,-42],[24,-108],[98,-121],[54,-14],[52,20],[21,-106],[57,-103],[49,-15],[18,17],[93,9],[56,-27],[-9,-53],[-43,-13],[-19,19],[-75,-18],[-104,18],[-54,-84],[27,7],[35,-26],[-37,-46],[55,-37],[33,22],[31,-9],[-65,-91],[0,-80],[70,-2],[33,58],[16,-11],[160,4],[0,-9],[-160,-4],[-15,-39],[-4,-324],[-23,-75],[1,-75],[24,-93],[70,-56],[57,20],[18,36],[-37,34],[-29,-28],[-35,34],[-12,51],[76,77],[60,-23],[37,14],[28,-64],[71,25],[34,-21],[0,-49],[44,-89],[106,-78],[16,-40],[53,-25],[80,33],[18,-37],[67,-80],[-4,-123],[-17,-55],[30,-46],[-45,-24],[-87,49],[-72,24],[-15,-25],[74,-54],[36,-48],[-10,-53],[-47,-37],[-45,-142],[11,-58],[189,-8],[64,10],[37,-22],[1,-169],[-36,-116],[-2,-43],[23,-122],[-23,-105],[-90,-72],[-26,-63],[-13,-80],[17,-80],[-68,13],[-33,-48],[79,-57],[168,-81],[61,-51],[-27,-66],[-14,-93],[59,-91],[43,-95],[14,-59],[-70,-192],[11,-135],[108,-49],[91,-52],[86,-7],[89,18],[49,-10],[111,45],[33,87],[-85,123],[18,43],[44,29],[76,-41],[123,-161],[50,-37],[106,-9],[18,71],[49,120],[-87,103],[-112,48],[-65,46],[20,45],[105,21],[38,20],[62,92],[-56,138],[-26,102],[-48,103],[1,138],[-34,67],[20,34],[-23,58],[23,22],[6,114],[-72,71],[-78,100],[-57,154],[-32,124],[-32,40],[-92,32],[-29,29],[-37,86],[15,28],[1,73],[28,24],[89,24],[100,-53],[46,37],[32,61],[74,102],[152,110],[28,29],[14,50],[-8,51],[86,118],[67,10],[70,93],[44,34],[26,61],[44,45],[95,38],[155,104],[67,26],[95,56],[40,3],[83,-19],[79,37],[196,119],[59,0],[30,-25],[136,55],[91,75],[62,67],[91,17],[113,64],[61,-13],[103,-109],[91,-52],[11,-33],[49,-47],[50,-87],[74,-106],[17,-125],[38,-54],[62,-59],[136,-92],[-65,166],[-69,76],[-12,93],[-76,165],[-66,170],[11,97],[-7,34],[-111,111],[-25,50],[-2,63],[-59,119],[-65,54],[-102,124],[-55,27],[-36,-16],[-48,-95],[-124,-114],[-100,-17],[-77,-48],[-70,-16],[-44,23],[-129,18],[-38,-9],[-60,66],[-55,4],[-48,-47],[-2,-102],[-64,-77],[-63,-20],[-50,6],[-109,58],[-21,21],[-33,85],[-39,49],[-54,40],[-30,-7],[-28,49],[-49,-26],[4,-66],[17,-68],[31,-29],[21,-85],[-13,-56],[16,-90],[-62,-59],[-49,-9],[-64,-55],[-14,-94],[-74,-188],[-47,-12],[-58,-65],[-31,-11],[-35,39],[-60,1],[-54,-52],[-5,-118],[-65,-36],[-34,17],[-42,-12],[-42,-84],[-35,-21],[-38,22],[9,73],[-19,35],[-69,19],[-83,58],[-139,37],[-77,-43],[-110,12],[-82,-16],[-60,22],[-86,2],[-65,45],[-94,87],[-27,37],[-17,84],[-27,51],[-104,90],[-53,64],[14,35],[48,37],[9,38],[-23,35],[51,72],[46,-8],[68,37],[11,79],[-15,29],[35,34],[69,1],[20,41],[-23,58],[51,66],[59,-30],[21,25],[1,51],[-37,31],[-6,55],[39,21],[78,-3],[30,11],[19,-47],[95,-44],[79,28],[-50,80],[46,73],[95,-7],[67,65],[13,88],[-31,52],[21,38],[-32,29],[54,130],[-1,27],[-39,5],[20,30],[10,69],[43,46],[17,57],[-22,-10],[36,90],[-29,7],[-12,41],[29,49],[48,-24],[-8,-51],[112,-9],[39,45],[140,16],[9,25],[42,10],[12,45],[-19,20],[-29,92],[16,12],[-76,58],[14,56],[-10,81],[39,34],[24,48],[-70,64],[22,31],[-30,40],[-48,21],[-11,73],[-23,7],[50,49],[-3,-34],[44,49],[25,-20],[40,25],[54,-9],[-4,-35],[21,-48],[49,43],[58,1],[-1,27],[50,-24],[39,25],[10,-26],[28,48],[18,-43],[36,26],[-16,-107],[61,69],[21,-59],[-30,-78],[23,-23],[-10,-31],[40,21],[1,-38],[60,3],[18,-24],[24,35],[32,-83],[43,-7],[18,41],[48,47],[85,42],[26,30],[35,-17],[-10,-52],[49,26],[24,-55],[40,-27],[43,28],[-42,31],[8,41],[61,47],[11,-81],[-21,-20],[36,-21],[-18,-38],[29,-49],[-15,-30],[64,-50],[52,18],[10,25],[54,-21],[38,-35],[31,24],[34,-19],[18,32],[72,-7],[-11,72],[28,41],[19,-11],[32,62],[69,-1],[41,59],[84,-2],[75,11],[117,33],[90,75],[45,75],[3,46],[-19,119],[-17,-3],[-82,59],[-113,-26],[-23,38],[-18,-22],[-41,93],[4,38],[-90,33],[-41,-23],[-21,50],[-26,15],[2,43],[84,-3],[54,-40],[14,8],[-46,72],[28,40],[54,28],[35,-31],[51,7],[82,97],[45,-10],[0,39],[47,-12],[29,23],[81,-8],[24,-19],[16,-53],[77,-35],[32,1],[58,46],[5,41],[-25,49],[92,108],[84,33],[17,55],[-27,75],[-75,-15],[-88,7],[-113,70],[-55,15],[-78,-52],[-8,-23],[-56,-4],[-11,29],[-38,-27],[-31,12],[-25,52],[-33,8],[3,53],[29,61],[-41,24],[-5,69],[-32,-24],[8,58],[-53,-8],[28,70],[-31,-2],[-66,28],[13,50],[-19,33],[-63,-12],[-63,56],[57,27],[44,-30],[54,28],[28,-47],[141,-16],[24,43],[63,0],[95,62],[30,-15],[32,27],[44,-20],[38,17],[52,-4],[7,22],[47,-8],[54,14],[23,35],[29,-12],[41,69],[75,-11],[31,12],[25,-36],[37,23],[79,19],[18,-37],[54,41],[30,-29],[30,13],[-30,53],[8,43],[46,64],[44,0],[21,24],[-9,54],[58,15],[3,-30],[55,16],[24,27],[65,-6],[102,-55],[62,-4],[30,29],[34,-2],[-6,49],[-43,10],[48,60],[49,-6],[43,-50],[36,18],[-25,107],[30,12],[23,80],[-36,25],[34,90],[56,33],[-19,58],[32,56],[42,8],[-16,33],[47,46],[38,-9],[10,34],[36,17],[0,38],[49,68],[32,-47],[-8,-56],[19,-72],[33,48],[70,32],[53,59],[31,1],[16,-39],[-20,-81],[24,17],[14,-45],[-19,-71],[21,-25],[-1,-96],[-95,-73],[63,-48],[-29,-41],[-52,-29],[-1,-52],[-26,-88],[-31,-35],[-8,-50],[-25,-7],[-44,32],[-65,-16],[-37,10],[-31,-21],[-26,-91],[7,-47],[31,-64],[31,-4],[24,-37],[77,-48],[58,-17],[25,-60],[-19,-58],[20,-50],[31,-2],[12,-64],[20,30],[53,-43],[9,-74],[-16,-40],[-53,9],[-51,-128],[-63,-50],[-16,-31],[12,-57],[27,-30],[47,-15],[48,-65],[18,-48],[-25,-18],[-69,11],[-40,-8],[-34,-52],[-2,-143],[-40,-117],[1,-97],[-59,-72],[-53,-47],[22,-65],[24,3],[83,-71],[22,13],[41,-42],[-31,-45],[23,-54],[-76,-51],[-59,-5],[-42,-62],[-74,-11],[-39,12],[-33,38],[-28,-2],[3,-98],[-22,141],[-64,-22],[-57,-63],[-23,-44],[-73,-35],[-3,-134],[26,-95],[40,-71],[54,-50],[43,-18],[110,-20],[101,7],[79,-6],[14,21],[46,-15],[15,45],[89,-7],[27,-28],[29,-105],[101,-40],[30,26],[21,-33],[-22,-22],[92,-8],[52,-76],[23,-59],[-16,-58],[54,-67],[27,-68],[11,-70],[62,-33],[60,-50],[94,19],[57,-65],[-12,-20],[44,-11],[49,20],[122,-7],[68,-152],[63,-12],[39,-62],[103,-27],[83,-152],[3,-61],[32,-84],[31,-44],[105,-52],[41,-10],[90,-81],[3,-145],[42,-33],[94,-29],[74,11],[-4,35],[112,-45],[45,-52],[41,-100],[-21,-49],[-13,-104],[-51,-163],[15,-51],[-114,-121],[-82,45],[-62,-23],[3,-34],[-122,-47],[-68,2],[-60,24],[-26,33],[31,106],[33,35],[-37,67],[-58,20],[23,-57],[-30,-89],[-32,-17],[-44,-70],[1,-79],[-80,70],[-61,-46],[-20,30],[38,72],[60,49],[-6,32],[-67,0],[1,43],[62,48],[-13,50],[37,23],[28,157],[-23,38],[-49,-64],[-35,-66],[-17,2],[-20,-70],[16,-34],[-57,-48],[-19,-67],[-53,18],[-23,58],[2,57],[-33,-17],[-136,199],[-78,-62],[64,-9],[9,-27],[-46,-37],[25,-47],[52,-54],[-2,-46],[-38,-73],[-24,0],[-41,70],[-35,-42],[21,-34],[-18,-66],[4,-61],[-57,75],[10,46],[-55,-10],[6,-78],[-58,-30],[-34,12],[24,45],[-22,25],[-8,-39],[-35,-30],[-49,13],[-44,55],[-67,-34],[-80,47],[-3,73],[72,113],[-35,3],[-141,-173],[27,-25],[-38,-43],[-36,19],[-42,-24],[-77,19],[-85,72],[-99,45],[-31,-18],[12,-58],[54,-68],[107,-76],[81,-80],[28,-57],[-3,-67],[-52,-49],[-78,-6],[-74,-26],[-30,5],[-49,-27],[-37,12],[-28,58],[-20,-20],[24,-65],[-46,-28],[-19,27],[-63,-35],[-37,-39],[-64,-1],[13,-74],[-13,-26],[-66,-21],[-33,-37],[109,26],[105,-10],[42,-16],[57,5],[53,49],[28,-6],[-2,-67],[17,-6],[53,66],[63,5],[23,-19],[-33,-38],[20,-41],[30,-12],[74,12],[36,-32],[21,49],[72,61],[35,-25],[1,-33],[33,-34],[39,-9],[33,-48],[-2,-52],[-31,-26],[52,-46],[-31,-85],[24,-54],[88,-76],[56,-102],[-1,-80],[87,-5],[26,75],[-11,85],[44,77],[-20,62],[-5,62],[18,38],[40,23],[30,70],[48,5],[52,33],[59,-18],[127,33],[18,-55],[49,-24],[53,26],[33,43],[-28,30],[-3,58],[47,25],[32,-14],[33,-70],[37,-6],[53,-39],[58,-9],[59,27],[-20,38],[31,33],[-4,29],[71,52],[100,-16],[-10,69],[14,15],[47,-118],[27,-7],[65,52],[5,73],[117,-1],[89,27],[12,36],[-16,42],[28,17],[43,-18],[86,13],[6,36],[130,22],[72,-20],[48,43],[-57,70],[-9,-8],[-126,142],[-47,-41],[-11,11],[44,45],[-57,31],[-24,78],[22,35],[20,-14],[80,73],[65,37],[43,44],[57,11],[30,-11],[23,46],[51,25],[24,59],[43,34],[35,-6],[172,28],[51,35],[34,67],[6,46],[35,39],[52,14],[186,-44],[39,-55],[-3,-96],[11,-39],[70,-124],[56,-77],[72,-59],[115,-40],[43,-77],[-26,-57],[-53,-41],[-80,-136],[-119,-60],[-41,11],[-80,128],[-33,6],[34,31],[67,5],[40,-27],[45,-70],[49,9],[26,33],[-3,45],[22,29],[-5,36],[-72,11],[-85,56],[-55,53],[-63,15],[-48,-55],[-55,-35],[-82,-74],[-29,-40],[-107,-71],[-104,-2],[-141,-26],[-43,-74],[7,-50],[-23,-51],[21,-54],[-27,-166],[-151,-152],[-102,-64],[-36,-35],[-75,-223],[2,-62],[-26,-44],[-18,-91],[35,-112],[-2,-71],[-94,-37],[-62,-37],[-35,-103],[12,-2],[-17,-84],[10,-45],[-20,-32],[36,-79],[160,-223],[72,-79],[42,35],[-4,43],[56,38],[-1,32],[-32,52],[-42,-3],[-25,38],[6,102],[78,76],[57,40],[112,16],[99,-23],[82,-152],[74,-46],[-1,37],[-38,47],[20,96],[22,3],[17,76],[-38,17],[-25,51],[39,137],[-19,44],[-138,107],[-35,84],[26,51],[4,79],[-23,69],[-76,30],[-30,48],[9,36],[46,53],[40,-8],[23,-33],[37,28],[14,111],[81,21],[-4,45],[25,59],[26,13],[93,6],[18,65],[66,27],[148,-92],[40,-101],[42,-29],[40,33],[31,-9],[-8,-33],[15,-64],[39,-77],[-30,-36],[30,-66],[29,-23],[18,-57],[-20,-23],[-16,-89],[-43,-62],[-14,-54],[58,-60],[-13,-65],[27,-66],[37,30],[63,20],[79,54],[70,20],[27,74],[-92,25],[-29,41],[22,50],[91,-43],[52,-1],[70,36],[11,50],[94,-15],[35,17],[33,-19],[58,1],[12,72],[23,7],[54,97],[77,-30],[-11,-36],[120,-49],[-23,-20],[26,-20],[65,10],[33,33],[-47,35],[10,87],[80,64],[-10,53],[-50,6],[-1,-20],[-114,48],[-26,-63],[-60,99],[-111,-56],[140,80],[14,21],[72,3],[68,27],[34,34],[67,29],[64,94],[2,35],[75,-6],[50,61],[91,33],[51,38],[46,-20],[6,-28],[-33,-39],[3,-52],[-54,-97],[21,-118],[31,-52],[67,-47],[107,-28],[88,15],[18,38],[45,32],[40,-2],[74,23],[33,-42],[19,-142],[67,-143],[34,-45],[30,-75],[64,-47],[45,6],[58,-61],[38,33],[59,-58],[-5,-85],[10,-57],[-35,10],[-55,-66],[-35,-7],[-5,-29],[63,-28],[-13,-43],[75,-37],[26,41],[38,-12],[72,50],[43,-89],[-104,-54],[-45,-63],[-31,-70],[-62,-14],[-20,23],[-63,3],[-71,57],[-110,-13],[-82,49],[-106,-19],[-32,6],[-68,-29],[-76,37],[-27,-22],[-54,-3],[-49,-34],[-78,45],[-49,1],[-84,-35],[-25,15],[-153,-45],[-2,9],[104,31],[-37,105],[27,13],[-20,30],[18,24],[-44,30],[-21,42],[-106,-41],[-32,-27],[-61,-108],[-38,-110],[-18,-19],[-61,-5],[-25,-28],[-16,-109],[-49,-175],[-7,-103],[49,-46],[59,-4],[27,-29],[43,3],[35,27],[52,-64],[-11,-48],[-39,-69],[-5,-68],[29,-106],[52,-30],[7,-45],[-66,-15],[-65,-56],[-31,-56],[-12,-72],[6,-242],[-22,-103],[-89,-166],[-41,-97],[-45,-47],[50,-42],[-48,-125],[66,-24],[83,73],[9,-4],[-92,-81],[-110,38],[-69,-102],[-8,-95],[-31,-63],[-40,-31],[-16,-91],[29,-124],[-4,-66],[32,-70],[44,-27],[13,-59],[59,-51],[-40,-56],[-6,-75],[23,-91],[22,-173],[28,-38],[-4,-72],[22,-35],[32,-107],[32,-45],[21,9],[42,-45],[56,-6],[-37,-33],[-10,-42],[33,-19],[-28,-87],[-24,-21],[-14,-63],[-35,-17],[-13,43],[-32,-8],[-68,39],[-42,-8],[-61,35],[-84,0],[2,-85],[-23,-51],[4,-59],[59,-30],[17,-76],[27,-41],[7,-69],[52,-26],[-32,-7],[29,-38],[-30,-13],[38,-79],[14,-57],[-18,-38],[-1,-55],[19,-41],[54,-16],[44,-38],[73,7],[37,-25],[13,-48],[-35,-70],[1,-97],[50,-104],[30,-19],[69,-84],[20,18],[74,-60],[169,-43],[57,144],[-158,53],[5,11],[167,-58],[34,-6],[16,46],[103,-111],[112,-69],[39,-68],[-41,-14],[38,-73],[-42,18],[-42,-37],[-225,-27],[-65,-123],[358,56],[1,-10],[-160,-25],[7,-47],[38,5],[335,-218],[70,84],[-191,-271],[17,-12],[-40,-47],[71,-45],[-122,62],[-174,-249],[-56,-73],[202,-125],[70,30],[-18,36],[61,27],[17,-39],[59,24],[-23,15],[-46,97],[17,7],[60,-116],[67,30],[-56,118],[11,5],[52,-120],[19,8],[78,141],[16,5],[-90,47],[9,16],[120,-63],[43,73],[21,-12],[-143,-254],[18,-43],[-105,-185],[17,-44],[-45,-43],[146,-321],[-18,-69],[-168,-80],[-84,14],[-48,31],[-71,14],[-4,61],[-28,-19],[20,-47],[-41,-18],[26,-70],[62,-119],[-50,-47],[46,-39],[43,63],[22,57],[214,-47],[222,89],[64,264],[361,83],[-90,353],[10,2],[121,-467],[25,-719],[41,-14],[83,24],[43,-66],[33,-14],[70,11],[12,22],[58,-7],[12,60],[-39,49],[27,7],[20,-40],[48,13],[52,-131],[-24,-82],[44,-22],[35,-158],[33,17],[-5,34],[94,8],[27,-14],[167,-165],[36,-6],[302,-219],[87,-56],[116,-57],[148,-87],[76,-67],[106,-54],[71,-59],[134,-189],[18,5],[63,-80],[77,-32],[78,-51],[21,-71],[105,-117],[101,-50],[-7,-25],[43,-60],[69,-27],[-14,-29],[39,-29],[43,-4],[67,-48],[51,-2],[5,-79],[13,-22],[13,-120],[66,-29],[51,-1],[16,-29],[58,-4],[64,-43],[54,-140],[49,-64],[43,3],[63,-60],[0,-29],[40,29],[16,-41],[-88,-74],[-1,-39],[25,-24],[53,-157],[109,-54],[26,-25],[12,-75],[-38,-18],[-11,-80],[-29,-9],[-44,-55],[11,-27],[-65,-26],[-31,20],[-105,-41],[2,-65],[45,-46],[20,-82],[62,-82],[131,-94],[135,-50],[104,-86],[-6,-7],[-105,85],[-132,48],[-6,14],[-122,81],[-64,-39],[21,-96],[50,8],[27,27],[62,-220],[50,-35],[-14,-21],[40,-27],[88,117],[30,25],[-166,-220],[-28,-26],[93,-35],[38,-27],[64,-6],[50,17],[47,-18],[118,2],[86,27],[61,76],[-182,313],[15,8],[195,-335],[29,22],[63,12],[53,-33],[70,-62],[33,-72],[77,10],[82,-7],[65,21],[34,-43],[80,-37],[36,-35],[27,2],[72,-94],[15,-148],[31,-100],[-2,-53],[24,-49],[10,-86],[-29,-78],[-38,-46],[-62,2],[-59,-63],[-43,-84],[51,-49],[-38,-61],[-3,-63],[15,-34],[-20,-36],[-36,16],[-11,-22],[37,-71],[-18,-21],[-52,6],[-71,33],[5,-73],[24,-25],[-32,-10],[-34,48],[-21,-14],[10,-52],[-55,23],[-44,-42],[23,-116],[76,-65],[52,6],[31,-38],[-88,-77],[32,-37],[-76,-67],[-51,-13],[2,-36],[-23,-37],[11,-54],[31,-9],[2,-68],[-47,-21],[-69,6],[-78,34],[-25,-15],[-43,14],[-82,-41],[-121,56],[-34,61],[-35,29],[-94,0],[-66,-19],[-62,-32],[-12,-68],[34,-10],[-30,-38],[-65,-18],[-55,42],[-67,137],[-40,26],[-44,-3],[-54,-63],[-17,-93],[-42,-39],[-46,-95],[-41,-26],[-160,-44],[-94,38],[-146,92],[-26,3],[-54,-34],[-22,-40],[-89,-13],[-47,-21],[-82,4],[-42,-18],[-73,7],[-22,-16],[-30,42],[-49,-32],[-4,-142],[-30,-24],[-48,24],[-17,40],[-99,45],[-53,-7],[-72,39],[-10,173],[-34,86],[-41,262],[-34,85],[-134,45],[-24,-16],[-82,56],[-41,-25],[30,41],[-25,19],[-63,-90],[169,-124],[-4,-6],[-171,114],[-22,-6],[-79,-97],[-20,11],[-128,-24],[-113,-38],[2,-15],[-61,-49],[-70,17],[-165,13],[-65,-6],[-136,24],[-89,26],[-55,-11],[-90,-56],[-74,-12],[-112,16],[-14,15],[-158,3],[-15,22],[-55,13],[-41,-34],[-32,-52],[-81,-7],[-8,15],[-75,-8],[-17,-26],[-48,-18],[-105,1],[-36,-55],[-51,-14],[-106,23],[-102,-15],[-24,-25],[6,-41],[-67,-74],[-6,-56],[-53,-14],[-118,21],[-26,-9],[-49,24],[-113,88],[-64,8],[-22,-40],[40,-43],[56,6],[-52,-23],[-51,54],[-121,-46],[-19,14],[-55,-25],[-23,-35],[-31,9],[-60,-41],[-9,-79],[-148,-51],[4,-27],[-30,-56],[-78,-45],[-42,-6],[-74,67],[-65,37],[-70,-28],[-8,-25],[-185,62],[-10,-17],[-89,2],[-37,-46],[-8,-41],[-160,-95],[-21,127],[-53,9],[-45,-51],[-42,-18],[-26,59],[-72,-4],[-86,-72],[7,-46],[-135,-49],[-74,-3],[-94,-88],[-109,-35],[-54,21],[-26,61],[-31,7],[-63,75],[-27,80],[-37,-30],[-3,53],[-44,67],[-50,10],[-95,-23],[-84,-44],[-42,-93],[12,-26],[-21,-62],[-43,-10],[-117,79],[-13,-7],[-115,11],[-24,-13],[-50,23],[-45,61],[19,80],[2,98],[-14,20],[-70,189],[-70,31],[-14,34],[31,75],[-19,30],[-11,77],[-35,103],[18,31],[-15,41],[-36,18],[5,45],[-119,84],[-51,4],[-9,25],[45,32],[18,-58],[118,-82],[75,93],[10,112],[106,-11],[13,140],[-64,86],[-93,-11],[-107,1],[-10,-103],[-83,-45],[-36,59],[-41,-18],[-117,-3],[-174,34],[-112,35],[-44,40],[-58,134],[23,143],[12,-2],[32,129],[-176,128],[22,-4],[110,-80],[66,82],[46,-27],[-34,-41],[-2,-51],[32,-26],[36,23],[30,76],[48,46],[-16,47],[-46,-5],[-7,66],[-101,21],[10,30],[72,-34],[19,94],[-19,-1],[-10,78],[28,56],[-26,46],[-51,22],[-140,110],[-68,62],[-93,20],[-126,16],[-91,-15],[-99,-117],[-82,-5],[-42,15],[-82,4],[-28,-31],[-92,-45],[-34,-53],[-94,-110],[7,-24],[-28,-80],[-7,-88],[-59,-57],[-36,24],[-54,88],[-51,40],[-134,41],[-148,-6],[-148,-53],[-57,-46],[-35,-1],[-47,-103],[-31,-45],[-52,-34],[-77,5],[-24,21],[-38,-8],[-43,-48],[-26,-83],[-20,-24],[-55,-15],[-74,-80],[-10,-32],[43,-32],[-54,3],[-52,22],[-17,35],[-53,4],[-90,-87],[-81,27],[-79,-75],[66,74],[-58,53],[-68,-7],[-44,-24],[-53,78],[-32,-9],[-83,-76],[-42,-142],[-77,-79],[-55,-29],[-12,-45],[-60,-22],[-55,27],[-33,-81],[0,-30],[-44,-55],[-53,-28],[-105,0],[-26,26],[-98,33],[-81,-4],[-61,24],[-9,-12],[-88,13],[-113,-65],[-181,0],[-43,-21],[-52,-3],[-75,39],[-208,-13],[-214,0],[-88,-91],[-96,-133],[-100,-93],[-34,-95],[-84,-203],[-83,-211],[-37,-20],[-10,-31],[59,-25],[191,2],[42,-15],[34,-48],[-23,-95],[-55,-74],[-27,3],[-5,-35],[-33,-26],[-70,-6],[-41,13],[-74,-32],[-50,-80],[-16,-84],[14,-142],[52,-29],[-51,-65],[2,-50],[35,-68],[66,-46],[74,-17],[45,-72],[-8,-79],[78,-138],[0,-45],[-46,-72],[-17,-89],[0,-76],[-60,-88],[26,-63],[-55,-29],[-113,1],[-71,-16],[-87,-56],[-23,-30],[-255,-125],[-21,-43],[1,-78],[32,-114],[-19,-64],[-62,-6],[27,-31],[84,-188],[-21,-31],[13,-37],[124,-174],[32,2],[41,-33],[56,19],[74,-92],[151,-89],[22,36],[3,-45],[46,-26],[52,79],[-37,26],[-107,142],[16,17],[-80,99],[7,6],[80,-99],[163,12],[138,148],[-35,33],[15,16],[-53,45],[-17,-13],[-160,149],[73,39],[28,95],[81,21],[426,-369],[124,4],[0,-9],[-133,-5],[-26,-26],[-98,-1],[-80,-86],[76,-64],[-33,-38],[-63,54],[-40,-45],[80,-66],[-32,-31],[25,-41],[-68,-112],[49,-36],[35,54],[-10,46],[70,19],[119,128],[47,-36],[-65,-69],[76,-64],[13,14],[42,-36],[-78,-68],[9,-14],[-40,-44],[27,-26],[42,20],[-15,25],[35,39],[103,13],[9,28],[34,-3],[5,-29],[46,14],[0,-43],[-68,-17],[22,-108],[4,-94],[23,-38],[-146,-78],[28,0],[50,-71],[59,-45],[59,31],[-13,36],[49,12],[-68,17],[-23,61],[32,8],[13,-33],[52,3],[27,-33],[42,-7],[45,-46],[17,-55],[56,11],[11,42],[77,44],[8,53],[51,19],[68,-68],[66,-1],[38,19],[49,-22],[79,-67],[42,-57],[90,-40],[102,71],[9,-11],[-65,-57],[97,-83],[81,-29],[3,92],[11,0],[-5,-146],[92,-42],[2,-46],[43,-6],[40,-53],[42,-8],[8,-42],[84,-16],[19,-40],[-14,-23],[66,-56],[42,-60],[33,-15],[58,-76],[23,58],[74,68],[19,-22],[-40,-59],[-73,-47],[19,-11],[95,71],[38,0],[32,-42],[32,-123],[-21,-46],[-48,-11],[-12,-50],[12,-37],[-23,-96],[29,-43],[155,54],[53,-57],[14,-48],[-140,-137],[82,-78],[82,78],[32,-22],[74,71],[-35,172],[6,2],[37,-168],[47,-31],[9,-35],[-73,-17],[-66,-64],[-117,-8],[4,-18],[86,-18],[31,-47],[12,-58],[-21,-14],[-30,26],[-70,-2],[22,-35],[-36,-38],[8,-24],[-46,-32],[88,-6],[-7,45],[21,42],[22,-23],[-30,-73],[46,-57],[28,-1],[22,37],[30,-12],[-28,-65],[67,-28],[27,-68],[34,20],[-11,64],[78,16],[39,-31],[8,-41],[-44,-43],[-53,-6],[-43,-35],[-24,-53],[9,-94],[83,-57],[-15,-37],[-20,-125],[-18,-52],[-3,-118],[50,-126],[29,-45],[13,-89],[-28,-101],[-130,-68],[-70,-53],[-18,-90],[-69,-98],[-56,-21],[-72,-60],[-14,-39],[-93,-20],[-65,24],[-28,-11],[-41,22],[-68,13],[1,37],[-78,74],[-109,46],[-33,33],[-25,59],[-73,15],[-6,-13],[-63,29],[20,69],[-57,66],[-62,-18],[40,-99],[1,-31],[-50,-18],[-23,-39],[11,-29],[-32,-60],[32,-28],[35,45],[-18,-51],[47,-82],[59,-16],[-29,-38],[60,-41],[42,-62],[100,5],[1,-13],[-150,-8],[-32,48],[-30,-11],[-102,17],[-31,-7],[-33,-41],[-83,-2],[-15,-29],[-76,-59],[-41,-73],[-60,-21],[-4,-161],[-21,-88],[-33,-34],[-9,-62],[-70,-32],[-13,-37],[-73,-9],[-43,-99],[77,-50],[-18,-34],[-33,27],[-49,-12],[-7,-79],[-29,-37],[-93,10],[-46,-17],[-60,-56],[32,-49],[82,-13],[73,-120],[-44,60],[-120,17],[-43,16],[-28,-18],[-35,-61],[18,-21],[63,13],[24,26],[0,-132],[118,-7],[68,60],[50,1],[80,62],[7,49],[129,33],[3,-11],[-132,-35],[-1,-43],[-83,-64],[-50,1],[-74,-66],[-233,2],[23,-102],[-33,-11],[-47,-73],[-30,-99],[-60,-87],[1,-48],[-19,-24],[-104,-56],[-60,-10],[-57,29],[-113,10],[-92,64],[-56,24],[-72,0],[-47,34],[-204,55],[-82,9],[-141,-89],[-74,-36],[-59,18],[-66,55],[-41,72],[-38,107],[-48,43],[-90,35],[-11,-10],[-88,2],[-31,53],[-48,15],[-53,-40],[-138,-30],[-115,6],[-83,114],[-103,62],[-39,9],[-105,-21],[-30,4],[-37,54],[-9,85],[52,109],[49,44],[65,112],[-10,39],[-47,58],[-30,-10],[-74,18],[-69,34],[-53,78],[6,92],[23,70],[5,79],[-55,76],[-55,43],[-103,18],[-28,70],[41,18],[-2,65],[-76,48],[-31,55],[-112,62],[-19,74],[18,4],[17,-69],[111,-60],[9,-31],[63,-28],[38,-37],[0,-53],[52,-1],[33,95],[-65,-2],[-3,109],[-65,-2],[-5,136],[15,-90],[106,3],[-8,163],[-200,-3],[-37,-118],[-8,3],[39,123],[229,7],[71,-16],[7,47],[-50,80],[-38,6],[-124,74],[-12,25],[6,66],[-126,108],[-38,43],[-51,134],[-43,85],[-69,108],[-72,71],[-50,33],[-37,-1],[-29,-29],[-86,-6],[-21,56],[29,87],[-9,49],[-58,64],[-62,2],[-57,48],[-1,66],[-18,33],[-79,13],[-54,54],[-40,132],[-165,139],[-23,-12],[-60,76],[-41,7],[-94,48],[-72,84],[-41,76],[105,-139],[23,-2],[145,-68],[63,35],[1,154],[30,41],[-14,16],[-34,-45],[-27,-113],[-46,-2],[23,118],[-45,21],[-20,39],[-157,204],[-135,-99],[-8,2],[173,125],[-92,85],[-77,56],[-38,-7],[-107,62],[-38,3],[-37,-45],[-117,-66],[-92,11],[-74,65],[-121,36],[-204,21],[-168,-17],[-79,-67],[-23,-51],[-39,-38],[-75,-22],[-240,-28],[-27,-26],[-64,-3],[-36,-26],[-182,28],[-93,2],[-27,-25],[-3,-46],[-33,17],[7,56],[-106,49],[-91,20],[-63,0],[-66,-23],[-59,-54],[47,-60],[-58,-15],[-28,-25],[-18,-55],[-87,-62],[-16,-26],[-39,46],[-107,7],[-105,22],[-81,45],[-196,23],[-183,-3],[-31,-15],[-28,19],[-103,13],[-20,14],[-44,-41],[-72,8],[-32,30],[-137,16],[-67,-37],[-33,-50],[-37,27],[-94,-30],[-165,5],[-52,7],[-65,-36],[-66,21],[-34,-47],[-29,-5],[-65,33],[20,22],[-3,44],[-75,33],[-93,-91],[-63,-25],[-41,40],[6,44],[-35,-5],[-50,36],[9,54],[-38,10],[-47,-14],[-14,19],[-57,-22],[-32,-34],[0,-52],[32,-76],[-51,12],[-28,-98],[-26,-21],[22,-50],[-38,14],[4,-33],[-33,-20],[-43,26],[-30,76],[-37,4],[-57,-36],[-64,0],[-59,-49],[-93,-13],[-45,-29],[-168,3],[-83,-23],[-24,36],[-60,51],[-130,34],[-121,49],[-39,109],[-28,27],[-49,13],[-126,55],[-141,47],[-106,63],[-99,82],[-79,33],[-164,52],[-124,10],[-112,-15],[-92,-61],[-60,-79],[-67,5],[-58,-31],[-57,18],[-21,26],[-72,-1],[-26,73],[-61,-30],[-38,35],[-68,-8],[-39,13],[-174,-10],[-49,45],[5,56],[-40,69],[-46,16],[-60,-3],[-86,13],[-75,-2],[-114,-26],[-49,-59],[-38,-128],[-174,-87],[-63,-8],[-54,-36],[-50,-3],[-129,-58],[-103,-33],[-53,-38],[-81,-10],[-91,-80],[-127,-136],[-86,-116],[-34,-59],[-46,-149],[68,-40],[154,-30],[-150,23],[-59,34],[-11,-41],[-1,-94],[26,-42],[86,-44],[29,132],[11,-29],[-13,-71],[262,-145],[116,167],[17,-11],[-152,-216],[16,-54],[42,-46],[24,-82],[87,-119],[44,-33],[59,-9],[-1,-71],[-50,-60],[-91,-33],[5,-30],[-101,-28],[-50,33],[32,-58],[-76,6],[-1,-27],[-40,3],[-48,-30],[-56,-81],[-14,-68],[16,-6],[18,-92],[-9,-35],[-34,33],[-24,-6],[21,-78],[-64,6],[-7,50],[-32,26],[-32,-31],[-14,46],[-23,0],[-18,-61],[-56,-15],[1,45],[-55,-3],[-97,-35],[-45,31],[-59,89],[27,6],[12,54],[-28,25],[-50,6],[-105,58],[-55,-18],[11,-54],[-51,-97],[-13,30],[-106,72],[25,30],[-20,24],[6,50],[-64,85],[-56,40],[-45,-8],[-16,-33],[-52,-2],[-5,38],[24,22],[-39,42],[-76,43],[-90,26],[-69,-20],[-184,-25],[17,-56],[-24,-4],[-78,36],[-35,-18],[18,-29],[-39,-19],[-33,-91],[-31,2],[-34,-35],[-45,28],[1,-58],[-37,-15],[-79,48],[-15,-42],[-69,1],[-2,16],[-102,17],[-61,0],[-31,86],[-45,-13],[-39,14],[32,41],[-22,7],[-53,-42],[-47,27],[49,33],[-45,9],[-32,53],[-30,19],[25,39],[84,19],[-19,32],[39,67],[-38,58],[-77,59],[-62,25],[-10,-49],[-71,23],[-7,-26],[-35,18],[-28,-17],[-52,4],[-50,45],[-1,28],[-38,0],[13,76],[58,-24],[15,24],[-56,60],[40,33],[140,-40],[22,12],[25,89],[2,82],[-38,96],[-68,8],[-31,34],[-47,18],[-74,-34],[-26,18],[-49,-21],[-18,86],[-33,3],[0,44],[45,7],[-20,92],[-2,104],[-28,36],[17,27],[-48,147],[-48,69],[-91,18],[-33,34],[-24,-12],[-20,43],[-203,168],[-105,53],[-39,43],[-248,162],[-32,9],[-159,-66],[-21,16],[-46,-38],[-91,-33],[-74,27],[5,80],[26,33],[-37,50],[-47,-10],[-21,49],[-49,30],[-82,-6],[25,49],[-64,0],[-9,36],[-34,13],[-46,-16],[12,-67],[-21,-15],[-31,36],[-19,-64],[-64,-12],[-99,-70],[-76,-21],[55,-6],[41,-30],[-106,5],[-51,-12],[-61,15],[-96,42],[-53,0],[-37,32],[-28,-1],[-18,53],[4,51],[-49,34],[-35,-6],[-7,40],[-108,36],[-29,21],[-14,43],[-33,18],[-92,13],[-77,-1],[-14,-42],[-81,-12],[-38,42],[-70,0],[-85,28],[-23,51],[-32,4],[-116,-30],[-38,43],[-5,96],[30,15],[15,40],[-8,101],[-50,76],[-46,11],[-230,-103],[-27,7],[-18,-73],[-69,-16],[-19,-23],[4,-46],[-32,-50],[-38,-21],[-45,6],[-19,27],[-38,-54],[-73,30],[-47,64],[59,71],[-66,-7],[7,71],[50,2],[16,22],[-30,91],[44,39],[-34,49],[48,25],[37,67],[8,48],[51,89],[-6,18],[42,82],[23,99],[12,131],[27,24],[152,70],[76,6],[69,72],[0,34],[36,86],[84,105],[-24,4],[-31,100],[27,105],[54,111],[77,57],[9,51],[42,3],[7,43],[48,67],[27,2],[19,40],[28,-20],[46,61],[1,27],[47,-18],[106,9],[78,45],[-29,58],[48,105],[-23,133],[-25,58],[-49,66],[7,77],[-26,91],[-53,6],[-22,68],[15,42],[61,28],[7,82],[60,46],[35,81],[-9,56],[-65,45],[-13,36],[-105,59],[-74,-7],[-5,63],[12,41],[150,226],[32,129],[60,89],[39,-14],[58,43],[43,1],[11,33],[60,55],[40,5],[6,46],[-56,52],[-21,-3],[-2,76],[-16,45],[32,45],[8,44],[74,22],[30,23],[-6,29],[31,45],[-42,24],[12,106],[-43,78],[-33,33],[17,79],[54,57],[51,9],[62,-17],[101,-82],[197,-92],[27,-30],[109,97],[6,-8],[-110,-97],[27,-99],[35,-39],[18,-72],[-19,-80],[32,-43],[-35,-69],[35,-20],[-52,-142],[-76,-57],[2,-50],[100,-62],[2,40],[144,94],[36,51],[159,-28],[-32,-58],[27,-80],[52,-52],[2,-30],[-39,10],[-23,-34],[-102,41],[-55,-43],[111,-69],[17,-36],[19,-98],[-48,-76],[-162,-48],[-54,-28],[-71,-3],[-15,-81],[133,-105],[95,7],[147,-44],[157,19],[29,11],[74,-21],[81,19],[37,-5],[69,-97],[-16,-29],[-125,-53],[-55,-6],[-131,-105],[-221,-73],[-72,-31],[-72,-68],[-202,-51],[-5,-82],[-204,-120],[-8,-17],[-26,-164],[-44,-50],[9,-47],[-58,-11],[-66,-42],[-24,-120],[11,-43],[-21,-30],[15,-178],[17,-41],[103,-48],[11,-47],[-57,-55],[-14,-41],[67,-200],[40,-56],[47,-38],[26,36],[68,7],[34,-147],[104,-13],[33,16],[74,70],[8,27],[-21,54],[8,88],[-78,75],[-28,57],[-8,122],[37,75],[-32,75],[11,134],[63,112],[-15,66],[32,104],[26,27],[68,-24],[0,56],[58,30],[-56,53],[-6,70],[28,44],[43,17],[115,10],[29,13],[11,41],[-16,44],[80,38],[46,-18],[58,-64],[26,-61],[90,-120],[46,-35],[55,-20],[81,37],[52,-24],[-13,-72],[21,-27],[90,-1],[75,-13],[114,6],[101,-45],[32,-77],[-27,-54],[-130,-39],[-113,-26],[-32,10],[-82,-31],[19,-54],[98,-65],[-25,-51],[-73,-64],[-49,-19],[-2,-23],[41,-28],[73,27],[52,40],[96,-37],[44,-79],[35,-17]],[[85319,113260],[50,25],[59,68],[-86,-1],[-10,53],[21,77],[-45,-73],[-7,97],[11,73],[24,-4],[9,45],[38,-18],[7,36],[98,-9],[-10,33],[37,54],[-6,30],[71,6],[-23,105],[73,75],[80,-9],[-2,-23],[46,15],[59,-8],[28,-21],[4,-52],[46,12],[-14,75],[22,20],[18,-27],[61,-29],[-23,-48],[14,-22],[-27,-115],[44,-22],[-27,-33],[130,-121],[25,-53],[48,-3],[18,-58],[60,3],[70,-33],[-37,-39],[80,-56],[102,-9],[40,43],[43,-9],[5,37],[43,-19],[6,33],[58,-7],[19,41],[37,-12],[6,29],[36,-12],[14,27],[106,-34],[39,15],[4,35],[52,-17],[6,-37],[34,6],[59,-34],[-28,-22],[17,-27],[-69,-79],[-49,-9],[-6,-47],[-73,-53],[-4,-58],[33,-85],[152,-38],[-3,-10],[-128,32],[-13,-46],[-50,-71],[-46,-2],[14,-104],[102,47],[31,37],[92,16],[35,29],[50,-6],[52,-46],[-7,-61],[20,-11],[74,20],[11,71],[65,38],[-10,25],[33,37],[53,-6],[5,34],[-46,21],[24,48],[37,-6],[78,-66],[101,-44],[87,-20],[27,43],[-14,38],[11,56],[-68,26],[-13,77],[45,14],[35,-54],[29,6],[-21,85],[46,13],[4,52],[29,32],[-44,32],[-8,54],[-39,17],[41,14],[5,64],[-27,48],[45,9],[13,47],[-50,19],[23,46],[-15,41],[31,9],[47,-30],[0,-51],[29,44],[33,-10],[-24,54],[64,-7],[39,-23],[22,-52],[54,-34],[30,-89],[43,-9],[107,42],[46,-22],[71,-8],[70,-104],[20,-94],[21,-31],[38,46],[46,-36],[29,-43],[-30,-32],[-18,-66],[-65,-8],[-68,14],[-46,-21],[19,-67],[53,-42],[41,-58],[42,-28],[41,51],[177,-71],[30,14],[22,-47],[-36,-69],[2,-22],[-145,-115],[-1,-27],[34,-41],[0,-41],[-64,-4],[-126,18],[-39,-31],[35,-57],[34,-12],[59,-76],[-43,-59],[10,-23],[52,-15],[25,-64],[35,-25],[-1,-82],[30,-24],[89,-126],[100,-93],[-40,-28],[-146,-27],[-108,-97],[-19,-152],[-26,-117],[4,-49],[-27,-79],[43,-39],[44,-79],[10,-85],[-18,-28],[-114,-86],[11,-4],[-39,-114],[78,27],[85,51],[53,-5],[40,-26],[4,-41],[-26,-54],[20,-72],[-53,-118],[15,-54],[1,-107],[43,-41],[9,-109],[35,-33],[40,-120],[86,-91],[32,-73],[83,-127],[77,-14],[188,29],[182,-63],[114,-83],[40,-63],[9,-39],[-30,-25],[-136,-39],[-111,-17],[-87,-58],[-42,-13],[-90,24],[-172,1],[-396,-149],[-63,-31],[107,-305],[80,45],[62,-17],[96,12],[-2,28],[43,13],[20,-28],[115,16],[31,51],[38,-4],[63,-35],[-20,-48],[69,-46],[185,88],[30,3],[40,-29],[54,-100],[35,-4],[140,-122],[112,-114],[-8,-30],[43,1],[-77,-73],[-10,-53],[342,-94],[117,-16],[26,68],[33,30],[45,10],[39,95],[-1,175],[-34,149],[-18,31],[29,55],[108,110],[54,18],[48,38],[24,104],[-49,-6],[-37,-50],[-117,-98],[-100,-7],[-82,91],[-30,91],[-8,70],[7,62],[-67,73],[-9,80],[-53,55],[-91,66],[-47,44],[-33,90],[32,39],[71,24],[12,23],[81,38],[150,36],[68,4],[49,-13],[-4,51],[73,57],[33,59],[60,4],[21,39],[-35,38],[-21,117],[-22,40],[-56,28],[-25,32],[-63,-2],[-39,18],[-19,61],[35,65],[61,28],[147,43],[51,-7],[21,18],[-67,91],[-21,75],[-28,13],[-67,-67],[-44,20],[-11,84],[-113,10],[1,10],[110,-10],[11,24],[35,-21],[130,6],[-4,176],[-57,40],[-72,30],[-111,8],[-147,53],[-89,10],[-58,-23],[-53,11],[-47,45],[-119,42],[-202,30],[-35,23],[-1,61],[14,66],[-38,7],[-99,-35],[-64,32],[-35,83],[-56,58],[32,80],[50,9],[87,43],[61,-16],[27,49],[-45,129],[1,42],[-136,122],[-56,-6],[-34,18],[-97,97],[-67,36],[-41,91],[-2,34],[36,25],[106,-12],[106,27],[-13,25],[-148,106],[-16,43],[63,56],[-11,112],[54,29],[88,-27],[39,20],[47,-22],[54,44],[0,58],[-55,27],[-103,115],[-63,29],[-71,-16],[-70,20],[-22,37],[-35,-9],[-46,45],[33,29],[-13,30],[54,-19],[28,13],[-14,54],[18,23],[5,122],[19,26],[-37,65],[-52,16],[-26,47],[-84,82],[-14,57],[14,71],[-34,94],[17,70],[31,22],[-49,40],[25,96],[-47,16],[-72,80],[-22,-1],[-19,43],[-29,-6],[-65,102],[18,25],[60,13],[-63,98],[-40,27],[-28,86],[-30,18],[21,29],[53,4],[66,44],[88,-7],[35,89],[36,-6],[49,-38],[24,21],[25,-19],[54,-89],[54,-58],[75,-33],[67,-14],[23,-34],[120,-50],[41,-7],[-1,-30],[41,3],[5,-30],[38,3],[93,-43],[42,33],[77,-70],[-27,-54],[82,-145],[34,-47],[95,-16],[-8,-33],[57,-104],[78,-53],[112,-5],[68,13],[28,-31],[85,-60],[22,-31],[69,-9],[47,48],[27,-41],[43,-17],[42,-70],[-32,-25],[12,-69],[49,-49],[109,-91],[117,-55],[52,1],[40,-36],[86,6],[34,14],[21,-29],[70,-11],[61,24],[48,-41],[0,-61],[-52,-67],[-18,-51],[10,-80],[60,-135],[22,-172],[30,-66],[20,-79],[20,-257],[25,-40],[86,31],[41,-128],[72,21],[394,52],[1,-9],[-393,-52],[-115,-33],[-15,-40],[143,-82],[-15,-38],[108,29],[207,-79],[29,10],[8,-36],[67,-13],[45,9],[52,54],[-16,90],[-3,86],[42,6],[72,-27],[89,-11],[57,23],[83,-10],[93,-38],[93,-6],[92,-79],[51,-96],[60,-28],[27,-45],[-7,-36],[35,-26],[95,-20],[25,-26],[91,-40],[101,-20],[50,-71],[2,-94],[-93,-103],[-11,-111],[-56,-106],[-28,-123],[3,-76],[31,-104],[51,-109],[14,-48],[85,-38],[198,-45],[131,-12],[68,35],[55,51],[55,-26],[18,-81],[34,-42],[-39,-33],[-35,-59],[-5,-78],[29,-91],[-54,-30],[-105,-110],[-41,-19],[-8,-43],[-33,-23],[-30,-58],[-6,-85],[-20,-44],[7,-96],[32,-73],[68,-31],[66,-78],[50,-12],[33,-55],[-100,-120],[-69,10],[-34,-38],[-41,-181],[9,-62],[78,-61],[15,19],[67,16],[101,-18],[48,-38],[6,-43],[-25,-91],[16,-40],[38,-13],[151,41],[47,-29],[41,0],[35,-100],[43,-33],[35,-50],[50,-14],[60,-93],[42,4],[39,-46],[-9,-49],[-50,-1],[44,-82],[7,-67],[-22,-25],[-86,-18],[-72,32],[-56,-72],[-81,-7],[-73,62],[-69,-40],[-100,33],[-90,-58],[-87,3],[-41,-52],[-32,-134],[55,-45],[0,-52],[-21,27],[-77,-32],[-39,-92],[-48,-21],[-33,-66],[16,-24],[-28,-61],[38,11],[14,-97],[-18,-22],[13,-71],[-14,-53],[-30,-20],[15,-38],[-22,-10],[34,-34],[0,-49],[-28,-6],[33,-33],[3,-69],[-66,-53],[-59,-74],[-6,-67],[-57,18],[-20,53],[-44,-9],[5,-42],[-29,-17],[-55,53],[-103,1],[-67,-27],[-21,-56],[-40,8],[-59,-41],[-44,-12],[-85,-62],[-45,-17],[-13,-36],[-38,-12],[-33,18],[-63,-22],[-89,-53],[-91,-90],[-45,-107],[-41,-56],[-31,-70],[-10,-62],[-46,-113],[-27,-22],[11,-35],[-38,18],[-41,-22],[0,-44],[-26,-27],[26,-66],[-18,-24],[45,-56],[10,-85],[-46,40],[-28,-59],[-43,4],[-43,40],[-55,-28],[-147,-125],[-89,-92],[-119,-140],[-36,-69],[-7,-92],[-24,-49],[6,-46],[-29,-40],[18,-60],[-45,-64],[19,-51],[-42,-43],[32,-122],[67,-24],[-42,-34],[-50,-71],[-2,-59],[18,-60],[73,-32],[27,-29],[-26,-12],[20,-35],[-75,-11],[-30,26],[-63,-79],[-25,-60],[-7,-57],[31,-131],[-30,-24],[-54,19],[-34,-26],[-23,46],[-65,-55],[-14,-26],[51,-34],[21,-48],[-9,-44],[-64,-33],[-21,48],[-72,10],[18,-68],[-12,-27],[-39,5],[-69,-31],[-15,23],[-33,-46],[-142,-45],[-8,14],[-82,12],[-46,37],[-17,39],[-59,65],[-68,19],[-69,-37],[-114,1],[-73,-42],[-60,-19],[-22,14],[-25,-40],[-74,-11],[-18,36],[-54,23],[-20,28],[-73,-8],[-23,21],[-64,5],[-14,37],[-78,21],[-77,-32],[-70,-47],[-56,-63],[-116,-23],[-15,-37],[-47,10],[-88,-34],[-54,3],[-86,31],[-40,-3],[-107,74],[-58,109],[-112,120],[-46,32],[-99,7],[-65,19],[-35,27],[-26,89],[-1,66],[17,23],[-4,123],[-28,128],[-46,110],[-50,52],[-42,18],[-56,53],[-37,17],[-29,-42],[-74,2],[-4,-105],[40,1],[142,-86],[-4,-8],[-141,85],[-67,-2],[-20,104],[-86,48],[-43,43],[-59,27],[-4,47],[-38,48],[-38,13],[-57,144],[-36,23],[-7,51],[-77,95],[15,64],[-22,94],[-103,119],[-79,120],[-82,39],[-51,45],[-86,-7],[-81,-39],[-178,-37],[-110,-7],[-197,46],[-63,35],[-16,25],[-26,115],[-18,-9],[-62,42],[9,20],[-116,82],[41,83],[37,24],[94,19],[42,31],[-19,70],[-109,94],[-102,45],[-42,90],[-37,-10],[-30,-36],[-58,-6],[-23,-110],[-29,-26],[-2,-82],[-24,-30],[-67,-9],[-5,-34],[43,-25],[47,-73],[4,-32],[-46,-86],[-5,-72],[-45,-9],[-4,-25],[92,-64],[-4,-37],[-52,-32],[25,-35],[125,-9],[53,24],[29,53],[100,44],[41,-17],[18,-76],[-17,-32],[-43,-23],[-172,-20],[-122,8],[-134,47],[-48,47],[-111,61],[-16,22],[-75,31],[-9,32],[33,3],[8,69],[-16,40],[-52,34],[-23,-13],[2,43],[23,53],[-72,35],[22,29],[-29,18],[-33,61],[23,17],[35,-18],[193,129],[23,51],[-29,49],[14,96],[-61,44],[67,37],[1,41],[-48,40],[-82,24],[-31,60],[10,18],[72,3],[105,100],[41,79],[29,82],[18,113],[-8,54],[-60,100],[-32,34],[-21,64],[-52,86],[-8,76],[-18,10],[9,60],[-14,55],[21,21],[-10,37],[-65,36],[-53,67],[31,81],[-107,110],[-34,-4],[-29,52],[-91,58],[-17,33],[-30,-30],[-39,49],[3,87],[23,37],[41,-29],[64,-11],[79,16],[45,55],[25,-29],[59,12],[19,124],[-20,65],[47,-9],[-6,38],[34,13],[-22,50],[67,-23],[19,34],[151,-23],[-16,35],[70,8],[16,17],[100,21],[-5,36],[23,62],[-32,-1],[-25,70],[51,75],[-48,22],[-18,31],[-43,13],[-5,38],[-81,18],[-8,60],[20,62],[-18,34],[18,50],[50,-11],[65,19],[35,75],[56,71],[-48,28],[35,19],[25,61],[0,48],[35,30],[-53,41],[-43,-28],[-29,22],[-14,45],[-53,40],[-80,6],[17,35],[-32,21],[70,2],[-12,50],[28,-22],[46,39],[-52,17],[-7,30],[45,-8],[30,23],[17,51],[-69,53],[39,9],[62,-25],[-10,42],[42,-25],[13,77],[-18,10],[-15,68],[73,86],[-36,71],[-160,115],[-67,58],[-18,-9],[-25,63],[-28,-4],[-48,55],[-7,60],[-59,4],[10,45],[-37,19],[-37,51],[50,31],[124,-17],[10,40],[-42,11],[3,47],[55,-8],[-10,43],[-49,1],[3,35],[29,-18],[-1,56],[-43,37],[20,24],[-38,36],[2,82],[93,30],[10,57],[-20,61],[-46,46],[7,41],[-33,27],[-5,41],[108,-35],[23,18],[-93,20],[-12,26],[23,57],[-31,34],[44,4],[88,-16],[-28,35],[-83,9],[-2,44],[32,-15],[63,66],[-85,26],[7,50],[-64,48],[76,-30],[24,11],[-8,81],[-51,-6],[-45,86],[37,13],[77,-31],[-24,28],[29,10],[-5,81],[69,16],[55,30],[-53,32],[65,22],[-29,19],[-61,-2],[18,56],[-5,49],[26,12],[8,59],[48,37],[27,-1],[30,40],[-18,14],[3,67],[36,66],[-31,36],[-70,15],[-75,-36],[3,-32],[-70,-43],[-92,-16],[-9,33],[-73,-40],[-8,34],[-55,-51],[-78,26],[-32,-22],[15,-58],[-131,-10],[-70,-19],[-78,46],[46,12],[24,51],[29,15],[-37,48],[-5,33],[34,30],[31,-28],[40,38],[-22,38],[-24,-3],[-40,43],[76,145],[42,53],[63,55],[72,-16]],[[89890,117107],[-140,-42],[0,-23],[-53,21],[5,55],[70,6],[27,48],[22,-12],[53,48],[-3,43],[106,104],[6,52],[57,20],[35,42],[42,107],[141,45],[35,-22],[78,28],[35,48],[38,19],[12,40],[-40,30],[35,60],[46,40],[21,-12],[51,16],[58,-32],[12,-48],[46,-29],[91,4],[72,24],[12,21],[60,6],[30,-18],[18,-48],[35,6],[31,-33],[79,28],[37,-37],[48,15],[-2,-24],[176,-50],[72,-69],[57,-11],[104,42],[54,42],[61,75],[-7,98],[22,41],[6,88],[-32,92],[-25,19],[13,74],[-38,10],[-19,49],[-42,6],[-87,88],[-5,53],[-39,24],[-2,66],[-46,29],[-13,35],[38,28],[0,83],[-22,8],[29,44],[-2,43],[-44,1],[71,47],[-7,63],[-29,32],[68,36],[-2,45],[25,-6],[36,79],[-70,32],[1,49],[49,39],[1,37],[34,-15],[99,10],[38,-33],[-48,-25],[44,-33],[47,0],[21,-25],[57,8],[17,55],[51,27],[-21,28],[60,20],[37,-9],[16,-36],[31,48],[56,51],[-21,35],[133,17],[10,9],[98,-15],[46,-75],[66,-50],[21,-66],[-20,-36],[59,-17],[20,-45],[35,-18],[-52,-95],[11,-29],[46,-30],[46,-102],[79,-65],[38,-51],[28,-78],[-9,-16],[36,-87],[34,-33],[43,-119],[53,-45],[76,-35],[47,2],[24,-45],[74,0],[88,23],[27,28],[119,58],[140,98],[39,44],[16,75],[-14,87],[39,67],[-46,47],[40,54],[-22,26],[44,42],[39,-11],[61,15],[56,-50],[43,-89],[57,-46],[117,-66],[73,-27],[45,-31],[96,-25],[32,-33],[8,-58],[-21,-74],[5,-88],[37,-37],[14,-55],[32,-24],[149,-39],[71,-1],[53,22],[27,68],[69,68],[77,7],[78,-41],[9,-42],[38,-46],[27,-85],[44,-69],[82,-84],[31,-51],[22,-107],[77,-103],[18,-56],[50,-51],[34,-72],[11,-58],[52,-60],[-18,-137],[-2,-76],[-22,-54],[-31,-18],[-121,12],[-75,-13],[-9,-83],[188,-144],[22,30],[29,-13],[146,-34],[-4,-48],[102,-31],[64,-44],[59,-73],[24,-58],[10,-87],[-14,-183],[1,-62],[42,-64],[275,-109],[52,-70],[5,-30],[-21,-128],[7,-254],[-32,-52],[-93,-53],[-128,-192],[32,-116],[15,2],[149,-65],[59,53],[44,7],[30,68],[28,-14],[-16,-32],[53,-46],[27,-46],[18,-106],[19,-26],[51,-10],[30,-74],[-25,-56],[-17,-110],[-36,-46],[-84,-51],[-33,-39],[18,-82],[95,-66],[156,-1],[0,-9],[-113,0],[19,-40],[4,-296],[123,-87],[22,8],[212,3],[3,-34],[64,-57],[71,14],[-14,76],[-27,52],[-40,0],[-1,363],[-201,0],[0,9],[201,-1],[46,13],[45,116],[1,73],[-36,109],[10,107],[-34,176],[34,58],[36,160],[50,60],[53,24],[51,69],[71,16],[18,-16],[152,32],[29,42],[-132,153],[-90,-58],[-20,22],[-46,-1],[-63,40],[-23,36],[-77,27],[-22,31],[17,101],[22,29],[61,34],[45,92],[-36,81],[-195,-31],[-58,51],[-12,47],[43,14],[100,77],[13,31],[-13,59],[-51,14],[-106,181],[47,79],[-44,90],[-46,133],[17,111],[66,62],[-27,54],[-19,-18],[-54,51],[18,18],[-96,31],[-93,15],[-67,68],[-82,18],[-69,29],[11,36],[3,97],[56,78],[-1,31],[-208,-2],[-76,52],[-53,76],[-66,39],[-53,47],[-70,12],[-26,21],[-47,2],[-28,40],[21,72],[-3,48],[61,51],[31,55],[-11,53],[-66,34],[-20,50],[27,16],[-33,22],[-37,65],[58,60],[-7,28],[39,4],[49,43],[-27,42],[56,-3],[26,19],[63,98],[-53,86],[51,29],[41,-35],[7,42],[62,8],[42,-33],[108,-54],[37,-59],[48,-8],[21,-51],[87,-93],[-15,-107],[34,-22],[-9,-78],[30,-51],[-17,-90],[65,-137],[54,-44],[53,-18],[83,-79],[15,-60],[30,-51],[2,-97],[47,-55],[131,-92],[19,-28],[94,-45],[67,-57],[57,-74],[-5,-55],[35,-21],[-12,-58],[-53,-45],[-41,-99],[-23,-20],[-23,-98],[37,-61],[28,-80],[64,-112],[24,-85],[43,-80],[-4,-76],[29,-49],[58,-33],[117,-41],[33,-59],[56,-32],[30,-60],[2,-67],[22,-79],[51,-56],[222,-6],[0,-8],[-164,6],[-6,-157],[-42,7],[-11,-72],[29,1],[0,-49],[29,-3],[-5,-114],[75,-23],[163,0],[62,10],[128,53],[19,30],[-57,10],[-15,215],[-150,10],[214,-1],[35,69],[-32,47],[27,94],[-5,64],[-53,100],[1,54],[-18,50],[26,83],[-9,70],[40,78],[31,95],[-97,76],[-73,135],[-8,103],[65,68],[10,34],[-20,29],[49,180],[87,-23],[49,36],[-11,26],[57,80],[-48,70],[16,14],[-36,45],[-151,-130],[-3,8],[149,130],[19,38],[50,-9],[85,10],[68,70],[56,90],[21,5],[4,47],[-30,36],[-13,185],[40,115],[52,43],[23,49],[-16,19],[26,35],[4,62],[-20,71],[8,36],[-19,44],[8,32],[59,29],[47,3],[39,44],[8,68],[54,12],[48,41],[21,64],[-3,43],[-142,103],[-43,68],[1,79],[-49,40],[36,31],[-3,144],[-17,57],[-53,83],[-44,41],[-47,7],[-103,46],[-90,17],[-80,112],[-106,52],[-44,-21],[-45,47],[-117,58],[-43,79],[21,31],[-42,69],[-39,128],[0,95],[19,46],[52,10],[-11,21],[75,51],[32,-6],[2,-46],[46,10],[78,-30],[34,-36],[81,-18],[63,-54],[92,-64],[7,-38],[43,-26],[71,-18],[18,-21],[71,-28],[100,-3],[41,-18],[38,-51],[12,-132],[52,-93],[66,-40],[17,-72],[43,-42],[84,-36],[68,-46],[79,-22],[39,-24],[15,-38],[9,-130],[21,-69],[18,-125],[29,-51],[150,-131],[7,-64],[56,-58],[116,-36],[67,-119],[67,-35],[10,-45],[81,-156],[46,-74],[23,-99],[-13,-97],[-3,-105],[24,-88],[48,-41],[38,-65],[19,-109],[-12,-59],[10,-98],[-9,-28],[54,-99],[53,-40],[53,-18],[40,-37],[66,-99],[46,-102],[0,-51],[-21,-17],[43,-55],[20,-75],[-21,-142],[-28,8],[-12,-90],[28,-101],[6,-105],[-13,-31],[37,-83],[4,-44],[43,-75],[24,12],[17,-39],[59,-54],[25,-40],[-1,-49],[28,-38],[11,-73],[39,6],[-32,-76],[-68,-17],[3,-39],[-25,1],[-17,-57],[25,-17],[-13,-35],[-42,7],[-16,-42],[-49,15],[-39,-29],[-89,28],[-78,9],[-17,-20],[-54,21],[-39,37],[-32,-2],[-25,38],[-77,38],[-42,-3],[-45,53],[-92,5],[31,-95],[-44,-73],[-89,-122],[-15,10],[130,186],[-4,61],[-18,31],[-110,-51],[-61,-55],[30,-19],[-58,-80],[57,-51],[-94,60],[-44,-71],[19,-95],[-11,-69],[-77,-66],[-42,-122],[8,-135],[28,-2],[7,-35],[-30,-6],[34,-86],[65,-76],[38,-13],[4,29],[101,59],[-74,190],[11,4],[90,-224],[89,-53],[68,-135],[11,-58],[-25,-31],[10,-54],[-28,-41],[-51,-26],[2,-27],[-42,-59],[-52,-109],[-22,-123],[-54,-57],[-37,-88],[-23,-137],[9,-62],[-38,-41],[-11,-82],[-58,-49],[-8,-65],[33,-81],[112,-41],[12,-47],[90,-101],[83,-1],[89,-65],[63,25],[116,23],[149,1],[30,34],[25,-27],[2,-81],[-26,-56],[15,-49],[-67,-70],[-122,-43],[-51,-32],[-5,-144],[-62,-40],[-28,39],[-35,12],[-14,45],[-50,9],[-46,-24],[-55,-52],[-98,-20],[-41,-50],[-57,31],[4,55],[-82,84],[-42,81],[-67,52],[-90,32],[-42,-2],[15,46],[-93,53],[-31,29],[-122,3],[-45,57],[-109,-13],[-137,5],[0,12],[137,-5],[84,7],[48,155],[-172,59],[-100,-6],[-114,-36],[-93,-61],[-54,-49],[-85,-113],[21,-71],[-66,-16],[-50,-85],[-94,-124],[-58,-105],[-79,-190],[-58,-217],[-6,-60],[23,-82],[70,-37],[42,1],[-30,-41],[19,-40],[75,-28],[24,-123],[70,-162],[43,-144],[88,-159],[114,-142],[61,-52],[21,30],[54,27],[-73,118],[8,5],[98,-157],[132,79],[75,23],[116,49],[97,-32],[52,-56],[46,-123],[47,-35],[20,-57],[-6,-179],[-44,-82],[-40,-31],[-84,-88],[-64,-27],[-92,-6],[-75,11],[-60,-53],[-32,-63],[-21,-76],[-1,-88],[27,-137],[18,-40],[-102,-6],[-89,-114],[-73,-75],[-71,-107],[3,-194],[65,-55],[1,-97],[-53,-149],[8,-108],[-14,-143],[-45,-97],[-32,-19],[-54,10],[-23,-45],[-29,-117],[-68,-76],[-42,5],[-69,39],[-31,-41],[-11,18],[-52,-2],[-21,-58],[-95,8],[-49,64],[-5,108],[-30,75],[-1,117],[75,11],[56,66],[73,4],[47,35],[7,57],[-45,4],[-41,32],[-62,9],[-45,142],[3,33],[104,114],[20,45],[35,21],[16,-33],[96,110],[13,36],[-11,42],[-25,-8],[-143,22],[-11,-16],[-126,-1],[1,-128],[-9,0],[-1,205],[-63,68],[-10,43],[22,76],[39,57],[6,46],[-73,-3],[-26,42],[1,122],[27,50],[14,104],[-8,151],[9,51],[85,58],[-90,57],[-44,63],[-2,69],[33,63],[-163,0],[5,9],[136,-1],[6,315],[23,-20],[-30,93],[-5,77],[29,30],[44,9],[34,39],[2,45],[-86,68],[21,28],[-200,136],[38,12],[76,-50],[-5,25],[145,44],[15,78],[-66,66],[-121,17],[-34,-45],[-48,33],[13,16],[-104,82],[5,82],[-18,5],[19,118],[-125,105],[-44,74],[11,37],[-41,76],[-30,-13],[23,-73],[-49,-91],[34,-76],[2,-46],[-27,-32],[73,-175],[-24,-104],[-21,-149],[39,13],[-22,-74],[26,-57],[-15,-68],[-105,-101],[-27,-137],[1,-90],[-204,-210],[250,-217],[-6,-7],[-329,284],[-25,-10],[-124,17],[-49,-11],[-63,-62],[-171,26],[-56,39],[-28,-9],[-63,26],[-174,45],[-95,-15],[-73,48],[-31,56],[-18,90],[-77,67],[-153,68],[-140,34],[-64,2],[-128,-14],[-34,-12],[-23,-69],[-20,38],[-64,6],[-81,-13],[-69,3],[-35,-24],[-146,15],[-18,23],[8,53],[-18,40],[17,85],[110,133],[1,47],[29,56],[-19,47],[46,40],[-68,69],[93,-14],[37,-41],[35,10],[60,-13],[-8,-69],[35,-82],[-5,-22],[46,-21],[29,15],[14,-39],[66,-22],[19,-39],[107,6],[-106,-16],[-3,-36],[107,-9],[103,-53],[119,25],[69,40],[128,3],[42,16],[96,-19],[68,-48],[56,22],[88,11],[123,-43],[119,46],[15,17],[15,87],[22,50],[-13,87],[4,100],[-52,55],[-104,58],[-48,52],[-5,35],[83,47],[55,-27],[33,14],[27,42],[83,31],[60,68],[14,50],[-6,50],[-80,60],[-24,42],[-58,42],[-111,159],[0,57],[50,52],[-35,108],[-76,35],[-12,28],[-35,-17],[-44,74],[-113,22],[3,69],[-55,80],[-43,5],[-70,-23],[-82,6],[-33,63],[24,63],[11,106],[-92,149],[-97,-16],[-92,1],[-53,-24],[28,-36],[-28,-39],[-46,27],[-35,78],[25,12],[43,-28],[9,50],[50,27],[17,59],[60,66],[-2,84],[-33,76],[-35,42],[-42,19],[-47,45],[-149,0],[1,9],[129,-2],[0,154],[20,0],[-1,50],[-36,66],[-112,-10],[90,19],[-1,38],[72,19],[-6,32],[-127,26],[-32,-36],[-60,-24],[-89,-19],[-91,-32],[-68,-89],[-52,-87],[-20,-63],[3,-48],[-71,-114],[-48,-31],[-96,21],[-63,2],[-57,45],[-30,155],[48,21],[8,94],[45,22],[70,76],[21,114],[-10,46],[-53,75],[-142,-9],[-67,-25],[-159,28],[-105,51],[-71,-24],[-111,18],[-47,56],[-3,28],[36,2],[53,33],[56,81],[128,70],[13,18],[65,0],[19,90],[-29,45],[-47,0],[-44,34],[-50,-7],[-36,25],[-82,4],[-72,64],[-46,83],[-86,75],[-58,-14],[-107,-76],[-53,19],[-47,41],[-78,94],[-78,39],[-174,10],[-49,-6],[-25,46],[27,23],[45,91],[122,105],[24,62],[-11,129],[102,100],[10,62],[-18,40],[-136,161],[-30,8],[-101,-87],[73,-80],[-7,-6],[-73,80],[-56,-40],[-76,21],[-49,120],[-112,113],[-60,29],[-54,9],[-97,-20],[-65,-2],[-41,22],[-73,104],[-55,29],[-15,27],[-53,187],[-55,127],[-20,25],[-207,-78],[-3,8],[197,74],[-104,170],[-34,23],[32,18],[-33,46],[-89,41],[-101,2],[-112,-38],[-110,-126],[-39,-73],[-12,-54],[79,2],[5,-193],[125,3],[1,-8],[-214,-6],[-10,-153],[39,-99],[49,-51],[31,-52],[116,-63],[11,-28],[-31,-129],[-25,-31],[-40,-2],[-5,-36],[33,-31],[37,13],[60,-21],[47,107],[8,-4],[-50,-116],[53,-25],[14,-41],[63,-40],[85,-93],[23,2],[-21,-100],[-42,-29],[-127,-50],[10,-40],[-129,-20],[-46,65],[19,55],[-10,40],[-37,42],[-138,12],[9,23],[-63,16],[-81,-30],[-139,97],[-76,6],[-52,-22],[-62,0],[-59,-30],[-89,-103],[-110,-39],[-107,50],[-76,90],[-19,94],[11,23],[-88,59],[-17,71],[44,-1],[-5,54],[84,27],[-6,30],[47,26],[-38,51],[38,187],[-20,55],[-38,35],[-27,107],[1,55],[-39,26],[-39,-16],[13,50],[-7,62],[-76,-24],[-36,11],[-3,29],[32,33],[-31,47],[-52,20],[-63,1],[-125,-17],[-56,43],[-39,1],[-37,-27],[5,-31],[-62,15],[-39,-14]],[[103065,102111],[-45,-13],[28,-79],[-32,-22],[-79,30],[2,28],[-49,0],[-42,-30],[-37,-58],[14,-39],[86,-141],[11,-7],[0,-104],[-43,-29],[82,-42],[76,-68],[22,-50],[32,-29],[27,-72],[-110,-43],[-83,18],[9,-31],[61,-52],[-3,-20],[51,-57],[15,-60],[-10,-27],[-81,3],[28,-52],[-52,-19],[-131,26],[-17,18],[-82,22],[-141,54],[-42,27],[19,108],[38,66],[-73,-37],[-35,-5],[-25,29],[17,43],[-33,-22],[-72,18],[56,56],[-75,-33],[-90,34],[-47,-10],[-46,76],[30,62],[-40,37],[-126,-14],[12,-21],[-29,-56],[-85,-46],[-16,-28],[-82,-22],[-80,38],[-36,-31],[-95,10],[-63,32],[-27,-5],[77,-93],[-35,5],[-2,-42],[-72,-32],[-13,-25],[-31,15],[-56,-9],[-46,19],[0,54],[-57,47],[37,47],[99,2],[28,28],[-125,131],[34,56],[-30,102],[33,29],[-71,55],[1,28],[-45,17],[-25,-23],[-49,6],[-68,-34],[-3,-28],[-56,-9],[-21,-25],[-25,32],[-36,-35],[30,-9],[-99,-50],[-28,-61],[13,-23],[-104,9],[-26,-38],[40,-47],[-1,-38],[-49,4],[-1,36],[-28,27],[-5,-75],[-90,17],[15,44],[-21,19],[-47,-7],[-4,28],[41,50],[-57,-11],[26,25],[-53,37],[-24,-34],[-55,57],[-23,-109],[-40,39],[-68,1],[-41,30],[8,73],[42,33],[37,-11],[46,21],[-42,37],[5,58],[-60,-2],[-17,18],[-11,75],[19,17],[-30,30],[6,47],[-59,103],[39,71],[57,-25],[82,4],[20,27],[-28,24],[2,77],[39,34],[17,88],[53,52],[54,34],[78,67],[64,15],[95,1],[20,45],[139,-53],[47,59],[11,-8],[-53,-66],[85,-51],[77,69],[94,-37],[-92,69],[-49,52],[-44,78],[-24,-15],[-14,47],[-63,-22],[90,48],[-11,22],[61,103],[43,-18],[22,-57],[52,-53],[73,12],[86,-4],[28,13],[71,-7],[20,15],[33,146],[36,65],[7,58],[107,107],[86,-13],[26,-51],[136,-60],[71,-58],[48,-16],[80,46],[-4,62],[106,113],[-44,17],[-32,-16],[-29,73],[51,80],[-17,50],[25,11],[91,-25],[76,-63],[2,-52],[27,-68],[94,-36],[32,-27],[66,-20],[34,21],[26,53],[78,21],[29,39],[145,-110],[27,-1],[92,-46],[50,-49],[31,-98],[33,-69],[83,-10],[15,19],[2,124],[77,93],[-83,158],[-104,-54],[-4,9],[170,85],[0,17],[88,42],[16,21],[-15,45],[-52,43],[9,60],[23,12],[-5,67],[-64,89],[0,42],[57,70],[72,17],[-90,56],[-7,-13],[-83,41],[-66,77],[-6,48],[21,52],[58,34],[-39,94],[-13,123],[114,83],[120,28],[50,26],[126,40],[19,-2],[-28,55],[-2,76],[-110,68],[7,9],[113,-70],[3,-75],[67,24],[12,54],[-61,26],[-143,97],[-84,-27],[-22,31],[-39,-1],[-15,-36],[2,-84],[-12,0],[-3,86],[17,36],[-16,35],[-11,105],[-87,137],[-57,79],[-19,-5],[-111,45],[-32,24],[-27,57],[31,87],[3,66],[-53,48],[-46,77],[56,21],[7,22],[-39,51],[4,92],[-8,60],[77,107],[-8,46],[19,32],[2,61],[55,136],[32,35],[17,49],[41,14],[65,61],[69,-9],[49,19],[9,-16],[94,-53],[92,-10],[113,-55],[-11,-23],[41,-29],[82,41],[-3,58],[-40,31],[17,62],[1,65],[-47,57],[-43,127],[-42,74],[-49,41],[-42,-8],[-59,63],[-42,90],[-55,17],[-24,33],[-14,80],[17,161],[34,51],[158,68],[4,37],[80,67],[50,58],[11,41],[59,81],[46,-24],[107,-115],[52,-70],[36,-4],[35,-52],[228,-134],[20,-32],[76,-44],[6,-28],[59,-31],[60,-86],[51,5],[-13,-34],[31,-57],[39,-38],[-10,-17],[23,-101],[26,-21],[66,-113],[-24,-65],[15,-30],[42,-6],[-32,-97],[7,-36],[44,-23],[-12,-33],[49,-59],[39,-9],[14,22],[35,-28],[-21,-39],[27,-74],[23,-15],[63,-134],[36,-29],[55,13],[48,-58],[-47,-36],[4,-88],[17,-119],[45,-100],[36,-25],[38,-54],[-8,-32],[31,-8],[35,-64],[56,-52],[-31,-20],[6,-88],[15,-36],[102,-81],[-7,-22],[46,-3],[75,-54],[34,-83],[-6,-72],[-29,-119],[-77,-13],[-81,59],[-30,-99],[42,-9],[-63,-33],[9,-48],[-19,-23],[-37,9],[-46,-39],[-85,-9],[-121,25],[-21,-5],[-43,-118],[98,-10],[12,-45],[-37,-17],[-63,11],[26,-38],[-2,-36],[-44,-8],[3,-31],[54,-72],[-41,-28],[34,-61],[10,-61],[45,21],[49,-28],[-17,-45],[58,-34],[20,-37],[-28,-14],[42,-31],[-57,-55],[90,-16],[22,-65],[-9,-61],[-79,42],[-23,-12],[25,-99],[43,-61],[16,-63],[-19,-43],[27,-51],[-25,-30],[-50,16],[-17,-58],[-40,8],[-14,-43],[23,-73],[-33,6],[-24,-88],[28,-125],[-64,-46],[-53,6],[-24,-24],[21,-88],[-59,-49],[-114,-50],[-25,-47],[91,42],[81,-4],[156,23],[47,-13],[42,28],[65,-20],[69,58],[47,62],[24,0],[22,-73],[33,-30],[71,-26],[36,-66],[-39,-44],[-67,41],[-30,-24],[-63,35],[-19,-21],[26,-41],[-7,-34],[24,-101],[-4,-39],[-72,-53],[13,-44],[-43,-74],[-17,-88],[-60,-73],[-53,-6],[-55,27],[-74,-40],[-48,-11],[-41,-42],[-144,-2],[-53,78],[-31,17],[-33,68],[-10,-29],[-57,-56],[28,-34],[-38,5],[-82,82],[18,-61],[-58,32],[-137,12],[-148,46],[9,68],[-74,13],[-53,-21],[18,-27],[-14,-40],[-65,12],[17,-112],[-33,-11],[-101,14],[-17,70],[-54,27],[-56,127],[-9,78],[-30,0],[-2,50],[58,13],[-44,75],[-26,22],[-7,70],[-55,22],[2,34],[-88,74],[-25,60],[-46,-27],[24,-24],[-12,-32],[-42,2],[-15,-26],[-101,9],[-23,-13],[9,-61],[-72,36],[23,-62],[24,-1],[23,-55],[-33,-125],[9,-36],[-90,12],[17,-67],[39,-31],[-42,-3],[18,-72],[29,-47],[-31,-30],[-81,-15],[-4,-33],[73,-80],[-33,-15]],[[62399,90947],[18,-62],[-1,-85],[110,-66],[55,-78],[-20,-62],[-66,-17],[-186,2],[-151,-13],[-237,48],[-37,-8],[-19,-50],[10,-44],[-28,-44],[-59,-9],[-56,32],[-45,-2],[-47,56],[-73,-37],[-59,8],[-12,22],[6,82],[-53,70],[-43,-63],[-93,-16],[-70,53],[-23,-4],[-69,30],[-60,6],[-16,-22],[35,-38],[17,-146],[32,-50],[68,-26],[36,-37],[6,-56],[83,-63],[72,-102],[2,-38],[-40,-124],[38,-22],[73,2],[83,69],[54,8],[106,-13],[99,-71],[79,-29],[47,21],[57,-20],[-19,-59],[-90,-25],[-90,-9],[-24,-43],[-107,-64],[-91,15],[-103,-4],[-58,-25],[-45,-95],[-72,8],[-37,-34],[-42,-67],[-74,11],[-76,-57],[-45,-57],[32,-22],[122,5],[59,-43],[98,0],[61,-42],[84,4],[38,-13],[94,20],[33,26],[53,13],[174,-20],[59,-72],[21,-48],[-3,-70],[-17,-54],[-86,-121],[80,-40],[27,-27],[-4,-121],[35,-114],[-36,-37],[-35,5],[-117,-42],[-68,9],[-69,31],[-161,-5],[-21,-50],[114,-52],[88,-18],[53,-61],[68,-21],[54,-52],[1,-55],[27,-22],[51,-8],[41,31],[55,-7],[5,-54],[-62,-85],[-127,-61],[-74,-48],[-68,3],[-19,43],[-54,52],[-105,55],[-24,66],[-38,23],[-51,-22],[5,-66],[-64,-48],[-32,29],[-46,-17],[93,-134],[55,-8],[15,-50],[-7,-81],[-34,-32],[-57,-22],[-82,31],[-15,60],[-39,21],[-29,-43],[-7,-53],[-63,-25],[-11,14],[-20,-63],[54,-30],[47,-51],[63,-39],[4,-51],[-49,-50],[-125,-34],[13,-69],[89,-64],[39,-98],[72,-124],[-7,-49],[-81,-49],[-81,-10],[-69,15],[-31,-21],[-54,-5],[-77,33],[-14,-21],[-83,-31],[-53,-1],[-279,50],[-78,31],[-25,63],[32,91],[47,29],[-31,73],[-82,69],[-18,30],[12,114],[-64,64],[9,9],[-54,51],[-87,6],[30,30],[-41,33],[-50,160],[-9,96],[-38,66],[-64,28],[-25,52],[-63,24],[-8,40],[-50,24],[25,110],[-12,86],[13,78],[-29,25],[1,38],[31,68],[14,89],[17,33],[-20,40],[14,99],[-86,149],[-45,17],[16,44],[-28,96],[34,28],[-59,64],[-32,6],[-41,82],[24,23],[122,-14],[35,54],[91,20],[-91,119],[-8,34],[-99,24],[-33,51],[14,58],[30,-15],[9,45],[83,13],[-45,57],[1,46],[36,-24],[2,69],[44,1],[-26,52],[31,33],[48,3],[-28,54],[-21,3],[24,44],[39,-2],[1,48],[26,30],[128,-13],[70,-32],[38,24],[-31,99],[-11,76],[31,-23],[-13,85],[31,-5],[50,76],[71,66],[3,79],[-89,112],[32,-9],[13,57],[44,-5],[62,66],[81,24],[11,36],[52,24],[91,7],[-4,91],[35,15],[14,134],[-18,57],[19,53],[-23,27],[88,10],[70,34],[63,-28],[119,4],[21,91],[-29,100],[28,-14],[3,88],[35,47],[25,89],[50,88],[26,69],[-55,38],[46,169],[0,49],[-62,54],[2,27],[39,74],[44,-20],[41,-42],[35,10],[72,77],[37,-16],[27,34],[28,-9],[21,39],[78,-13],[64,25],[41,47],[54,11],[31,79],[60,28],[47,83],[26,-7],[33,30],[53,18],[94,-112],[17,6],[17,-65],[36,-86],[0,-35],[38,-64],[-3,-50],[30,-32],[-14,-25],[36,-80],[26,-112],[54,-22],[46,-57],[61,-27],[98,-16],[49,11],[28,-46],[52,-38],[24,30],[16,-21],[4,-115],[-25,-65],[-105,-57],[-78,-108],[-71,-5],[-33,-61],[-13,-80],[-20,-42],[-55,-24],[-56,46],[-15,60],[38,69],[-83,24],[-82,51],[-27,-1],[-57,-79],[14,-38],[-57,-46],[-43,-95],[27,-40],[106,5],[49,-60],[67,-55],[40,-79],[105,-43],[37,-2],[73,-59],[13,-36],[51,-49]],[[56847,97153],[-4,48],[-64,8],[26,79],[-7,33],[-53,-5],[4,70],[-22,8],[-7,62],[50,53],[80,32],[14,36],[-44,88],[-34,46],[-31,107],[-29,55],[-48,51],[-52,0],[-18,33],[49,40],[6,49],[-27,28],[81,74],[90,57],[5,103],[-21,76],[21,46],[-7,94],[-25,62],[-39,60],[2,153],[43,148],[-3,74],[-35,43],[20,34],[60,48],[22,107],[59,113],[107,144],[44,17],[75,-5],[16,16],[133,23],[37,49],[45,19],[-8,38],[21,25],[-42,40],[51,114],[-7,28],[-40,11],[38,29],[77,5],[-14,31],[93,50],[45,38],[65,31],[3,93],[76,67],[34,73],[90,30],[35,36],[43,74],[10,91],[-6,53],[42,15],[-60,14],[51,125],[82,61],[140,42],[9,-44],[26,20],[12,-44],[74,33],[92,-1],[24,17],[54,-3],[80,47],[48,-6],[20,-37],[51,-19],[52,7],[-4,-25],[128,40],[13,-29],[35,29],[5,-27],[41,-37],[46,-80],[26,-83],[13,-115],[-14,-9],[22,-81],[-29,-94],[17,-35],[-28,-65],[11,-20],[-41,-48],[3,-49],[-29,-34],[-18,-63],[-49,-37],[-11,-79],[-82,-86],[-46,-28],[-34,-84],[-62,-34],[-36,9],[-67,-24],[14,44],[-46,6],[-81,-51],[-28,-2],[-60,-58],[-46,10],[-27,-47],[-42,-28],[-9,23],[-65,5],[0,-49],[21,-36],[-67,8],[43,-127],[34,-4],[-120,-26],[77,28],[-40,129],[-71,-3],[-129,-115],[-3,-40],[27,-2],[31,-58],[52,14],[-75,-41],[103,-270],[110,39],[7,213],[103,126],[10,-7],[-104,-128],[-6,-212],[-190,-64],[33,-136],[6,-91],[32,-59],[15,-56],[52,-82],[26,-66],[43,-60],[54,-138],[31,-41],[-13,-134],[19,-76],[-1,-46],[-57,-78],[-33,-17],[-50,-77],[-65,-65],[40,-11],[-52,-17],[-35,-44],[-6,-102],[-13,-52],[3,-230],[23,-72],[-30,-21],[-67,-83],[-165,-103],[-79,-31],[-133,30],[-34,27],[-48,4],[-146,102],[-11,-11],[-109,-5],[-37,14],[-39,-20],[-19,47],[-58,49],[-43,-14],[-10,29],[-53,16],[-58,-50],[-26,21]],[[32455,7176],[-28,-9],[1,-59],[-34,-20],[-60,25],[-26,63],[22,11],[11,56],[-20,58],[-29,34],[53,17],[-84,101],[12,27],[82,-15],[81,14],[69,-3],[84,-22],[24,49],[72,30],[50,44],[16,-15],[72,-2],[110,64],[42,-21],[48,54],[87,27],[22,33],[43,-18],[29,12],[33,-20],[32,18],[63,-21],[61,55],[30,-22],[51,-5],[72,33],[3,46],[-54,82],[-63,27],[14,46],[33,-4],[19,30],[-9,58],[14,56],[57,94],[-27,98],[57,45],[0,66],[36,7],[-29,45],[13,68],[22,-8],[20,-52],[22,2],[35,58],[-47,150],[-2,52],[-39,59],[21,25],[-14,57],[-22,20],[-56,-5],[1,40],[37,85],[-3,76],[25,47],[13,62],[44,53],[62,-11],[21,16],[48,-13],[83,-60],[33,-84],[145,-133],[56,14],[99,-14],[17,15],[61,-25],[20,-34],[58,-3],[18,-31],[67,-38],[30,30],[8,-65],[49,-2],[15,30],[31,-29],[17,-72],[31,-19],[7,-40],[34,-20],[38,35],[75,21],[4,33],[34,24],[42,-11],[-13,-40],[35,-79],[37,-7],[52,26],[41,-31],[51,-7],[31,-73],[37,-34],[87,-13],[61,12],[23,29],[-11,34],[51,5],[9,72],[33,47],[74,-40],[34,-73],[30,-20],[18,42],[37,2],[-2,32],[47,-10],[33,-40],[72,35],[15,74],[58,-14],[108,-2],[7,66],[-59,32],[-10,68],[47,40],[-25,72],[15,19],[58,-16],[28,41],[78,-7],[88,-91],[2,-70],[58,-34],[50,19],[71,-12],[-5,-24],[41,-23],[-19,-34],[-49,-35],[-67,-16],[-68,7],[-42,19],[-66,-21],[45,-50],[-40,-54],[37,-27],[-57,-36],[39,-42],[21,-54],[-17,-62],[38,14],[36,-17],[-15,-78],[-59,-47],[-19,30],[10,41],[-34,-29],[-34,14],[-79,0],[-39,-67],[-1,-53],[-44,-99],[-75,-55],[-17,-37],[-62,-4],[-54,14],[-52,-44],[-29,-63],[-3,-85],[-14,-42],[-38,-32],[-13,-50],[-65,-55],[-6,-34],[-62,-111],[-5,-73],[-16,-4],[-35,-78],[-29,-22],[12,-66],[-47,-49],[-32,-82],[6,-29],[-56,-17],[3,-28],[-37,-51],[-69,1],[-23,23],[26,46],[-79,98],[-67,116],[18,20],[-28,36],[-37,-3],[-55,95],[2,24],[-46,31],[8,21],[-62,64],[-53,12],[-37,52],[-63,34],[-125,20],[-73,-32],[-70,-82],[-40,-4],[-35,-37],[6,-37],[-52,-2],[-26,24],[-16,-66],[-40,-8],[-51,16],[-14,-54],[-58,11],[-34,30],[-65,-45],[-41,-83],[6,-85],[-57,-26],[-58,56],[-34,-35],[-13,29],[-37,8],[-46,-28],[5,-79],[-52,-21],[-36,101],[-16,-61],[16,-32],[-37,-29],[-29,27],[16,45],[-40,72],[-5,69],[-32,14],[-78,-13],[-20,41],[-58,-12],[-43,30],[-109,-7],[-8,-28],[39,-42],[-14,-34],[-147,-4],[-3,-16],[52,-46],[-35,-24],[-82,-20],[-131,39],[-26,67],[-42,39],[-71,14],[-3,-36],[-46,-40],[32,-48],[-36,-12],[-81,20]],[[99244,104680],[-57,139],[-64,331],[16,82],[40,78],[37,39],[141,103],[53,59],[36,90],[119,136],[46,16],[53,-10],[62,-50],[47,-67],[33,-80],[40,-38],[48,-92],[88,-228],[52,-75],[35,-26],[22,-47],[100,-92],[46,-9],[124,-70],[20,-30],[162,-68],[119,-91],[86,-74],[45,-70],[-2,-96],[13,-65],[39,-87],[-21,-98],[-11,-202],[-45,-94],[-44,-63],[-57,-54],[-95,-67],[-71,-31],[-110,-15],[-185,4],[-239,76],[-117,9],[-44,15],[-108,13],[-141,44],[-188,196],[-11,41],[5,121],[-10,112],[-81,141],[-16,83],[-10,161]],[[91888,77687],[14,47],[42,29],[4,25],[58,51],[-38,73],[22,89],[35,41],[-9,17],[43,73],[24,17],[40,-23],[-23,-109],[27,-26],[87,7],[32,23],[105,-1],[102,33],[68,53],[35,60],[98,82],[64,-3],[76,-23],[74,-53],[69,-29],[69,-8],[41,44],[23,-38],[59,-22],[166,6],[31,13],[96,-25],[33,-45],[-12,47],[27,58],[-44,69],[-103,11],[-6,-36],[-70,34],[-41,-19],[15,128],[26,31],[59,19],[55,-6],[95,-53],[81,-82],[56,-101],[24,-93],[58,-157],[42,-48],[15,-144],[55,-108],[-40,-71],[13,-59],[-56,-127],[-14,-94],[-63,-109],[-69,-65],[-11,-27],[-73,-62],[-3,-38],[-42,5],[-163,-80],[-108,-29],[-10,-31],[-47,24],[-48,-23],[-100,26],[-98,-6],[-42,12],[-221,5],[-33,25],[-62,0],[-57,-21],[11,62],[-65,29],[-58,57],[-78,3],[-149,78],[-8,30],[-87,91],[-9,117],[-43,173],[-4,79],[-38,21],[-24,77]],[[29238,1933],[65,-67],[-39,-13],[-74,15],[-64,56],[-56,-22],[-55,-52],[29,-72],[-63,20],[-38,-64],[-44,-43],[-29,-69],[-6,-67],[11,-76],[-21,-68],[25,-79],[53,-21],[13,-37],[52,-24],[-10,-141],[19,-42],[-18,-37],[13,-57],[87,-45],[18,-51],[23,-11],[9,-56],[31,-50],[55,-17],[39,-64],[-2,-127],[-56,-12],[-7,-100],[-28,10],[-91,103],[-4,96],[-36,90],[-38,-30],[-24,12],[-2,49],[-51,22],[-37,-4],[-75,-102],[-22,-58],[-17,18],[-82,4],[-11,-102],[-53,22],[-25,-73],[10,-19],[-70,-3],[-49,30],[0,32],[-45,40],[12,95],[14,34],[-50,37],[-25,62],[49,84],[-34,27],[-24,75],[12,25],[32,-13],[-38,76],[8,60],[20,7],[44,-41],[66,30],[26,45],[-4,107],[-29,50],[90,30],[42,50],[3,63],[19,53],[-6,71],[-66,69],[-49,81],[-33,81],[-41,27],[-7,75],[-133,83],[-50,67],[-38,86],[-44,41],[-40,10],[-41,69],[14,50],[-12,47],[-45,80],[-53,19],[-85,-2],[-23,39],[16,46],[-3,71],[-27,13],[50,91],[178,24],[-6,40],[36,-6],[42,-40],[-4,-27],[90,18],[32,-27],[-10,-32],[36,-68],[33,-29],[70,-6],[80,25],[82,55],[122,19],[180,44],[68,76],[61,114],[35,44],[69,55],[77,19],[41,-16],[71,25],[17,41],[57,-29],[91,-96],[-4,-62],[34,-88],[19,-135],[54,-44],[-32,-27],[36,-47],[6,-135],[14,-40],[-42,-27],[-108,15],[-10,-49],[13,-47],[-39,-22],[-60,18],[-80,-77],[-38,-12],[-49,-119],[32,-28],[15,-44],[-41,-16],[-43,13],[48,-64]],[[85017,81657],[-43,22],[-109,5],[-31,-49],[-52,22],[-7,47],[-73,15],[-17,25],[-57,-15],[-80,24],[-4,31],[-79,38],[-41,47],[-23,2],[-81,99],[-34,85],[4,136],[26,49],[54,42],[65,-7],[39,40],[125,62],[43,57],[38,20],[53,78],[25,77],[-15,56],[28,11],[17,98],[40,70],[58,13],[48,-36],[93,-90],[68,39],[-9,52],[32,-62],[23,0],[52,-50],[9,-37],[34,14],[16,-52],[31,14],[85,-51],[99,10],[31,32],[45,12],[23,-17],[36,54],[123,40],[42,58],[61,11],[-8,-33],[-38,-17],[22,-127],[57,-24],[18,-80],[180,-189],[-18,-14],[38,-47],[-33,-18],[23,-211],[32,-125],[-39,-110],[21,-79],[-48,-48],[-18,-53],[-36,-18],[3,-53],[-76,-22],[7,-59],[-75,43],[-133,-9],[-33,-19],[-146,21],[-97,25],[-34,-27],[-3,49],[-51,12],[-107,57],[-39,-5],[-108,42],[-46,-19],[-26,16]],[[92822,94795],[-45,20],[-44,56],[-56,29],[-17,-18],[49,-84],[-72,-41],[28,-63],[-66,-9],[-35,-26],[-63,58],[-15,63],[20,36],[6,96],[-84,72],[-25,37],[-3,64],[42,30],[52,10],[-69,43],[2,35],[-44,13],[-31,39],[-23,92],[35,42],[18,84],[27,45],[-33,34],[16,54],[-34,47],[-55,46],[-61,184],[17,23],[-34,83],[-34,45],[-55,195],[3,78],[-9,90],[-1,155],[66,217],[22,89],[80,86],[74,35],[74,19],[67,-1],[35,34],[131,16],[33,-5],[47,-72],[-129,-45],[84,-70],[12,-57],[31,3],[-3,-67],[72,28],[42,-10],[34,-55],[-30,-64],[28,-57],[-34,-35],[-99,-10],[-54,18],[-51,-40],[-5,-31],[43,-36],[42,-4],[45,-31],[1,-74],[-56,-22],[22,-62],[73,-12],[32,-29],[116,105],[59,-24],[12,-38],[30,10],[53,-17],[13,20],[94,2],[-32,26],[-64,113],[-8,85],[102,10],[80,38],[36,-94],[55,33],[42,-19],[27,-67],[5,-49],[44,-85],[-4,-23],[48,-130],[-124,4],[26,-86],[-17,-126],[13,-55],[-14,-39],[-68,-7],[-56,27],[-36,44],[-52,-39],[-55,6],[-46,-21],[-44,17],[-1,-79],[-46,-47],[-56,-2],[-51,31],[-47,-23],[-46,26],[-48,6],[-63,40],[-11,-71],[107,-81],[26,-1],[67,-62],[-9,-31],[50,-21],[45,25],[34,-25],[-58,-117],[-96,-8],[-75,-29],[10,-43],[-24,-45],[-109,-93],[87,2],[52,-24],[-4,-32],[-40,-42],[102,-11],[55,12],[65,-32],[-75,-43],[145,-5],[-8,-23],[52,-64],[-74,0],[-6,19],[-47,-43],[-56,-7],[-32,-57],[-9,-54],[-43,-2],[-34,22]],[[89918,100597],[-93,42],[-32,87],[-156,36],[-100,-18],[-12,-16],[-101,-15],[-102,57],[-57,69],[-24,79],[2,163],[49,61],[55,104],[19,135],[25,43],[-17,151],[19,32],[48,17],[40,-7],[60,-173],[3,-39],[40,-62],[119,-109],[40,64],[86,34],[18,103],[21,19],[16,71],[-22,14],[-22,64],[14,24],[-58,140],[-11,73],[5,77],[29,60],[74,26],[55,-19],[101,25],[128,102],[88,90],[53,36],[103,13],[80,-5],[96,-37],[51,-4],[76,-40],[22,-80],[-43,0],[-5,-91],[-62,-135],[-112,-160],[-82,-155],[-88,-155],[-52,-190],[0,-84],[12,-46],[-1,-111],[18,-128],[35,-4],[-65,-75],[-51,-2],[-158,-99],[-90,-17],[-61,2],[-23,-37]],[[93827,120710],[-23,28],[-53,-13],[-103,34],[-176,-1],[-40,7],[-5,34],[36,-6],[58,36],[67,0],[-1,31],[94,-12],[74,33],[34,34],[46,-12],[37,35],[48,-26],[-4,31],[76,-79],[89,-35],[35,16],[37,42],[26,88],[30,39],[25,83],[-61,63],[35,7],[-6,59],[60,75],[3,53],[-34,10],[77,56],[58,12],[61,47],[92,-38],[81,10],[45,18],[94,11],[80,97],[-27,49],[20,31],[-32,16],[85,84],[72,-50],[-19,-34],[29,-22],[-23,-24],[14,-43],[86,-42],[34,0],[52,-118],[-33,-72],[-85,-114],[-70,-163],[-26,-182],[18,-96],[-37,-86],[-24,-102],[-39,-74],[-9,-165],[-51,-59],[-54,-21],[-63,-49],[-89,-25],[-35,26],[-60,-29],[-56,-2],[-54,25],[-44,49],[-41,-27],[-55,22],[-75,-21],[-111,27],[-39,40],[-11,38],[-36,-1],[-13,82],[58,105],[-12,42],[-53,24],[-62,55],[-22,39]],[[94892,81612],[11,-5],[102,68],[101,-45],[46,-42],[65,-8],[125,24],[22,80],[-113,49],[120,-28],[55,58],[-5,32],[49,8],[30,55],[-6,27],[51,-8],[52,15],[80,2],[44,-59],[-16,-27],[119,-99],[42,11],[53,-70],[43,54],[-12,76],[-98,33],[0,-34],[-56,-1],[-22,64],[47,-1],[56,36],[-3,57],[41,-35],[94,-24],[-21,-55],[-29,-32],[34,-138],[8,-140],[-6,-50],[38,-54],[22,11],[20,-38],[-6,-66],[31,-54],[92,3],[29,21],[59,3],[70,-18],[36,-75],[-84,-47],[-35,6],[-16,-44],[-90,-26],[-56,-70],[-69,0],[-2,24],[-53,-9],[-31,27],[-152,31],[-26,18],[-29,-36],[-87,8],[-21,23],[-63,8],[-50,-35],[-22,41],[-71,-24],[-25,-35],[-64,31],[-15,-66],[-46,18],[-19,-30],[9,-34],[-50,-4],[-10,23],[31,61],[-2,32],[-63,60],[-75,47],[-63,4],[-41,-19],[-4,-25],[-40,-5],[-25,65],[-36,2],[-71,55],[-23,41],[-57,50],[-54,14],[-63,56],[-13,56],[15,15],[121,2],[86,19],[34,26],[-32,29],[17,29],[41,7]],[[66577,109610],[-32,-34],[-34,13],[-46,53],[-4,28],[-51,-1],[-123,24],[-18,79],[31,34],[14,-17],[40,53],[23,-48],[26,26],[22,86],[29,19],[48,-46],[32,-67],[83,30],[26,84],[-3,68],[-35,45],[-33,-1],[36,88],[52,9],[61,-69],[85,-1],[102,24],[100,34],[37,62],[47,-49],[54,48],[71,32],[82,-48],[28,-54],[-8,-58],[34,-43],[40,-79],[71,-68],[78,-168],[-17,-160],[1,-93],[-23,1],[5,-95],[-43,-77],[-47,-38],[-130,-6],[-66,-67],[-69,3],[-30,18],[-28,-36],[-67,-4],[-122,14],[-76,70],[-86,62],[-28,104],[-25,19],[-114,197]],[[87942,99079],[-30,54],[-40,117],[10,50],[60,64],[-11,81],[16,11],[92,-54],[56,-46],[31,-87],[44,-74],[51,65],[75,0],[-23,39],[13,67],[50,-19],[31,20],[-8,66],[37,106],[44,32],[1,27],[51,39],[51,15],[66,-14],[25,-24],[-49,-99],[-17,-125],[-42,-24],[9,-66],[-15,-15],[17,-63],[-40,-69],[22,-76],[7,-98],[206,-35],[13,-55],[61,-32],[59,11],[91,51],[40,60],[60,6],[38,-37],[32,-91],[60,-20],[-18,-58],[-77,17],[19,-82],[29,-52],[35,-19],[1,-86],[-83,-28],[-21,-23],[-47,10],[-20,-17],[2,-132],[-46,-33],[-145,-36],[-125,9],[-45,24],[-20,-39],[-39,7],[-25,-21],[15,-45],[-6,-78],[-27,-12],[-39,18],[-14,-20],[-50,47],[-8,62],[47,46],[10,59],[-25,42],[-76,82],[8,56],[-32,92],[-59,61],[-60,28],[-27,43],[19,60],[-32,54],[17,37],[-18,26],[-72,41],[-57,55],[-73,17],[-60,30]],[[96453,108754],[-35,33],[-85,-9],[-51,67],[-119,-45],[3,33],[152,152],[21,71],[60,75],[-18,153],[7,0],[17,-147],[93,-32],[33,-33],[90,47],[11,-50],[88,-86],[52,62],[-100,92],[-20,49],[41,41],[-9,94],[-20,27],[-46,-12],[-27,15],[-5,51],[-53,62],[-31,12],[-45,-15],[-90,60],[-20,43],[-32,132],[22,72],[-2,44],[75,0],[45,-19],[25,-56],[67,-6],[57,50],[37,9],[37,49],[52,-17],[21,14],[140,9],[32,-12],[19,-49],[145,50],[2,-8],[-124,-43],[32,-90],[88,-13],[49,-29],[10,-36],[-11,-87],[16,-189],[16,-49],[-17,-75],[-4,-93],[23,-103],[-6,-79],[10,-44],[-21,-64],[-42,-23],[15,-58],[-38,-29],[-172,-62],[-69,-47],[-36,-83],[-25,24],[1,41],[-46,8],[-6,41],[-79,30],[-25,24],[0,44],[-49,27],[-78,11],[-48,-26]],[[70462,79329],[-7,61],[44,52],[105,46],[30,45],[-55,34],[46,39],[106,-16],[33,39],[-58,27],[16,17],[38,-23],[43,41],[47,-15],[98,55],[3,49],[42,-10],[13,29],[69,-18],[24,-33],[23,16],[62,-18],[31,-41],[80,22],[0,-32],[36,0],[64,58],[-10,38],[47,-11],[-2,-22],[63,4],[76,24],[67,40],[49,-15],[85,-61],[16,-30],[116,-87],[64,-100],[24,-8],[75,-97],[33,-27],[75,-8],[39,-36],[-5,-45],[-28,-4],[-125,24],[-77,-1],[-90,23],[-27,18],[-117,27],[-28,-33],[-45,33],[-94,1],[-92,36],[-69,46],[-113,20],[-58,28],[-125,-8],[-48,-26],[-42,10],[-9,-45],[-54,17],[-1,-39],[-59,10],[-17,-38],[-69,-18],[-33,26],[-32,-10],[-8,-53],[-52,-30],[-63,21],[-48,-3],[-60,-85],[-29,9],[-33,61]],[[31535,5639],[-58,-52],[-86,-1],[-45,-72],[57,-76],[-21,-68],[-39,-30],[-30,14],[-38,-78],[-73,22],[-56,-35],[-66,30],[-22,-40],[21,-67],[-17,-49],[-15,24],[-39,-29],[-76,-3],[0,-19],[-105,68],[-34,72],[-21,97],[13,61],[31,52],[75,23],[-19,55],[18,33],[49,4],[6,65],[38,19],[8,31],[55,-8],[21,50],[-59,79],[44,60],[28,16],[-6,49],[86,15],[14,-20],[91,6],[16,40],[37,-11],[-7,39],[132,-12],[46,-33],[40,19],[26,-44],[-17,-68],[51,-50],[38,-107],[-28,-40],[-37,1],[-27,-32]],[[92832,80351],[-27,2],[-71,-43],[-193,-19],[-33,35],[35,58],[-3,39],[106,157],[59,13],[54,28],[70,11],[55,30],[59,67],[-4,32],[50,35],[93,41],[42,6],[39,-20],[64,-4],[7,19],[61,22],[37,-10],[15,-52],[-41,-51],[20,-48],[27,-12],[-13,-103],[-30,-41],[-16,-59],[22,-52],[126,-114],[-13,-51],[-62,-42],[-100,-2],[-63,-22],[-42,4],[-136,101],[-36,45],[-91,20],[-67,-20]],[[77937,100479],[-45,74],[5,59],[41,53],[76,69],[7,40],[-110,125],[-15,44],[13,123],[41,92],[122,153],[77,56],[109,-7],[38,-31],[24,-67],[17,-92],[-11,-104],[31,-37],[-28,-64],[-8,-60],[-35,-85],[13,-77],[-37,-91],[-75,-70],[-9,-42],[10,-96],[-29,-46],[-164,46],[-58,35]],[[30031,3063],[-9,29],[-43,27],[-11,37],[-48,33],[-26,111],[-16,0],[-100,149],[-9,119],[46,4],[36,65],[48,11],[-4,56],[16,54],[63,-37],[22,-57],[39,-9],[122,38],[14,19],[-38,78],[34,54],[42,36],[60,-16],[17,19],[-7,76],[61,33],[11,-39],[63,-26],[29,-91],[-36,-13],[-3,-51],[-59,-11],[-4,-84],[-21,-54],[-42,-8],[-45,-70],[-27,-7],[2,-83],[-16,-21],[-42,6],[-26,-28],[32,-81],[-16,-85],[10,-14],[-78,-55],[-16,-50],[28,-85],[-35,-8],[-18,29]],[[87055,98350],[5,27],[59,-8],[64,-55],[56,46],[75,-2],[19,30],[-44,46],[-15,74],[-26,35],[-6,45],[37,32],[66,-39],[24,87],[28,-10],[28,-43],[96,-12],[77,-137],[70,-48],[28,-2],[16,-38],[-44,7],[-77,-87],[39,-108],[90,-65],[8,-29],[-21,-53],[-92,-45],[-47,0],[-141,68],[-93,82],[-53,34],[-69,22],[-86,8],[-59,39],[-17,34],[5,65]],[[32042,6049],[-31,17],[-79,93],[-22,134],[-63,68],[6,60],[-25,26],[12,58],[-30,48],[6,45],[36,-24],[7,29],[68,-23],[8,46],[89,-25],[21,26],[-17,79],[55,-4],[40,-36],[-15,-17],[37,-27],[21,-64],[-49,-3],[-52,-63],[3,-47],[48,-46],[34,-12],[24,-46],[28,-5],[22,-73],[-27,-24],[50,-32],[30,-64],[-17,-31],[11,-54],[-100,19],[-65,56],[-46,-60],[13,-38],[-31,14]],[[98697,102827],[-1,54],[36,107],[-18,60],[45,71],[80,9],[43,-14],[39,38],[37,-5],[19,-38],[119,-69],[53,-46],[56,-70],[30,-9],[10,-37],[-54,-43],[-98,-36],[-71,-1],[-104,-48],[-126,10],[-67,26],[-28,41]],[[63621,90514],[-120,-76],[-128,-23],[-20,-18],[-22,31],[3,98],[13,55],[47,16],[-13,100],[64,107],[128,-31],[21,67],[28,6],[39,-30],[45,-7],[54,-41],[30,-124],[-11,-42],[-115,-49],[-43,-39]],[[93764,119361],[33,-61],[-11,-52],[-48,-82],[36,-34],[-28,-55],[2,-53],[19,-50],[-62,-47],[-20,-57],[-69,35],[15,32],[-72,19],[-52,131],[-39,59],[13,55],[-24,19],[121,62],[53,102],[97,1],[36,-24]],[[92042,112598],[-63,101],[-14,137],[93,7],[38,-27],[66,-79],[82,-70],[32,-70],[9,-66],[37,-75],[38,-30],[79,-35],[19,-77],[-20,-23],[-85,-14],[-63,59],[0,45],[-43,35],[-23,-5],[-59,46],[-9,-13],[-54,32],[-60,122]],[[93699,81372],[-25,-13],[-29,-62],[44,-108],[62,-110],[2,-67],[-82,22],[-52,-6],[-49,-32],[-133,53],[-56,73],[-20,98],[21,73],[27,18],[58,-3],[29,17],[93,16],[40,67],[49,11],[21,-47]],[[79118,84304],[102,-38],[18,-39],[-43,-13],[-64,22],[-35,-44],[-81,6],[-3,50],[-132,14],[32,-38],[-16,-93],[-71,27],[-87,-78],[5,-57],[-23,-9],[-65,189],[-19,-2],[-81,52],[81,46],[74,-7],[53,57],[59,6],[38,57],[44,12],[-26,-46],[18,-26],[37,43],[89,-20],[96,-71]],[[95774,107995],[-42,13],[-31,80],[-48,17],[38,138],[-13,50],[36,67],[64,2],[103,107],[16,31],[57,28],[-3,-49],[-32,-19],[-23,-110],[9,-71],[-50,-45],[-3,-122],[64,-51],[-5,-75],[12,-59],[-17,-47],[-52,5],[-31,90],[-49,20]],[[78569,84986],[39,-29],[-75,-60],[25,-91],[32,16],[-5,51],[78,51],[57,-23],[142,47],[61,-40],[-3,-31],[-61,-35],[-8,-52],[-41,-24],[-74,3],[-20,-60],[-52,9],[3,-46],[-94,-9],[-41,33],[1,24],[-41,42],[0,50],[-22,65],[32,69],[41,3],[26,37]],[[28572,434],[39,-66],[72,-156],[-7,-42],[-41,46],[-34,-16],[-21,43],[-69,17],[-14,-16],[5,-67],[-37,-10],[-60,55],[-55,180],[1,75],[31,19],[32,-28],[48,12],[110,-46]],[[87955,97266],[-60,72],[-12,92],[25,49],[-23,50],[-6,70],[-21,60],[15,77],[-36,110],[15,19],[61,-37],[23,-88],[72,-77],[4,-35],[-41,-48],[32,-75],[-52,-40],[22,-53],[89,-95],[-12,-59],[-32,-22],[-63,30]],[[97662,118369],[17,-3],[30,-99],[-6,-72],[23,-41],[9,-67],[-27,-43],[28,-67],[16,-96],[-10,-31],[-74,-26],[-11,54],[-30,51],[12,75],[-69,129],[33,40],[15,76],[-60,64],[-48,32],[6,26],[127,-17],[19,15]],[[64779,80583],[54,30],[68,-3],[108,-61],[29,-75],[-8,-59],[-63,-31],[-164,19],[-50,30],[6,35],[-28,20],[35,41],[13,54]],[[91832,76483],[-45,18],[-4,-45],[-25,-27],[8,54],[-70,-35],[-52,17],[-67,79],[-34,109],[14,35],[61,0],[78,-54],[122,-54],[36,-32],[-22,-65]],[[98695,101369],[-9,30],[46,14],[-20,34],[105,-55],[25,16],[5,48],[129,-12],[-4,-111],[-40,31],[20,-56],[-56,23],[-41,37],[-16,-13],[35,-49],[1,-63],[-21,-26],[-49,7],[-94,89],[-16,56]],[[99017,102083],[20,-88],[-30,-10],[-48,29],[-31,-28],[-60,79],[-14,-48],[-42,52],[6,64],[41,81],[29,15],[-16,48],[93,-46],[-44,-10],[21,-21],[71,-19],[-27,-28],[31,-70]],[[98702,110070],[-63,42],[-8,26],[-74,-16],[-43,52],[32,14],[70,0],[6,-26],[64,3],[57,-29],[102,68],[50,-40],[-10,-51],[-58,-38],[-28,-73],[-29,-12],[-71,29],[3,51]],[[95794,107599],[-16,57],[29,53],[42,34],[15,43],[34,0],[17,-80],[-8,-23],[16,-94],[-39,-52],[-52,3],[-38,59]],[[74567,103739],[51,43],[112,-5],[-20,-61],[-23,-10],[-18,-64],[22,-32],[-141,24],[-46,43],[30,51],[33,11]],[[102583,100844],[-19,63],[55,51],[138,16],[48,31],[63,-19],[89,-50],[-26,-24],[-54,8],[-74,-8],[-49,32],[-74,-25],[-48,-73],[-49,-2]],[[100129,99454],[48,-41],[35,9],[83,-90],[-30,-24],[-69,-21],[-68,31],[-82,19],[37,55],[5,74],[41,-12]],[[74906,103475],[47,-31],[3,-78],[27,13],[4,-48],[-34,-10],[-35,53],[-87,20],[1,48],[-54,36],[-24,60],[15,15],[80,-15],[57,-63]],[[86068,102580],[-26,66],[17,27],[60,21],[63,-34],[-19,-48],[17,-39],[-27,-34],[-21,-79],[-36,-13],[-28,133]],[[88930,111224],[-46,36],[-28,96],[17,29],[49,-8],[85,-51],[-14,-96],[-63,-6]],[[59565,83175],[-5,-40],[-45,-19],[-70,26],[-57,66],[57,48],[38,-4],[60,-37],[22,-40]],[[82639,102546],[38,16],[-34,-114],[-45,-34],[-81,3],[-29,42],[16,40],[65,9],[70,38]],[[74768,102449],[63,40],[55,-4],[-65,-73],[-42,-26],[-24,-43],[-86,-62],[8,95],[91,73]],[[72626,79273],[14,-50],[-45,-55],[-34,19],[-27,-21],[-1,54],[-67,52],[26,31],[72,-11],[42,11],[20,-30]],[[100990,115617],[13,-46],[-39,-27],[-1,32],[-34,-28],[-29,18],[-42,90],[42,55],[54,-23],[32,-33],[4,-38]],[[100832,101630],[77,-40],[59,-5],[33,-21],[-61,-59],[-38,-7],[-74,51],[-34,47],[38,34]],[[97303,110877],[-83,-45],[-4,-36],[-50,-37],[-68,11],[-11,28],[55,55],[46,5],[79,63],[35,3],[1,-47]],[[78617,85091],[58,-12],[13,-44],[53,-12],[38,-46],[-123,1],[-43,54],[-59,32],[4,28],[59,-1]],[[78906,84709],[-41,1],[31,47],[92,28],[12,-16],[-45,-30],[1,-69],[-63,-73],[-24,9],[-20,50],[53,22],[4,31]],[[74571,101982],[26,-23],[-26,-41],[-114,-18],[-6,48],[53,59],[37,2],[30,-27]],[[59019,87799],[-25,80],[36,63],[51,-7],[13,-63],[-53,-82],[-22,9]],[[61870,92997],[31,-32],[10,-68],[-57,10],[-66,61],[2,63],[32,-1],[48,-33]],[[105352,102555],[-33,7],[-66,74],[-12,67],[24,15],[58,-53],[57,-91],[2,-36],[-30,17]],[[88237,97793],[45,-21],[-1,-28],[-78,-27],[-44,18],[-13,32],[37,65],[54,-39]],[[90540,87224],[2,-135],[-42,-30],[-13,48],[-8,121],[56,15],[5,-19]],[[80809,108765],[54,-7],[1,-37],[-47,-39],[-88,51],[8,61],[72,-29]],[[29379,668],[33,-146],[-28,-41],[-30,-2],[9,50],[-21,106],[6,50],[31,-17]],[[95327,87245],[-10,-52],[-39,-19],[-57,11],[-10,46],[51,26],[16,34],[49,-46]],[[87739,95479],[22,126],[9,-2],[-74,-417],[75,-292],[-9,-2],[-79,293],[51,294],[5,0]],[[80469,108769],[13,-20],[-55,-57],[-28,-5],[-38,30],[8,46],[61,20],[39,-14]],[[96587,81311],[2,-78],[-86,-19],[-35,29],[73,4],[-31,35],[72,45],[5,-16]],[[69534,81263],[28,-17],[45,21],[76,-28],[-104,-44],[-47,27],[2,41]],[[93784,110173],[-49,45],[105,4],[31,-32],[-18,-40],[-69,23]],[[80218,108621],[41,30],[49,0],[34,-34],[-50,-36],[-66,13],[-8,27]],[[78591,84480],[13,-45],[-59,-59],[-25,55],[31,65],[40,-16]],[[32076,5924],[-64,61],[0,53],[41,-20],[60,-77],[-37,-17]],[[78885,85624],[12,-78],[-49,-16],[-14,27],[1,73],[33,24],[17,-30]],[[30550,5235],[29,-16],[10,-78],[-48,-9],[-35,101],[44,2]],[[63638,93199],[-48,-15],[-55,17],[40,52],[42,22],[44,-44],[-23,-32]],[[31280,5253],[23,-77],[-54,-10],[-27,79],[15,23],[43,-15]],[[87988,101187],[-64,52],[24,35],[85,-58],[-45,-29]],[[78769,85427],[-47,0],[-6,22],[43,22],[122,-9],[-36,-22],[-76,-13]],[[69717,81168],[-11,-30],[-68,-20],[-58,47],[38,15],[45,-11],[17,19],[37,-20]],[[78595,84203],[-15,-24],[-36,13],[-32,-59],[-44,14],[36,62],[65,8],[26,-14]],[[82419,105475],[8,88],[26,6],[27,-43],[0,-46],[-41,-19],[-20,14]],[[80360,87031],[67,-38],[-33,-23],[-55,10],[-53,32],[25,24],[49,-5]],[[66281,91592],[-11,47],[57,27],[21,-62],[-27,-39],[-40,27]],[[78292,85182],[59,-18],[143,-159],[-6,-6],[-142,156],[-341,109],[4,9],[283,-91]],[[96442,80717],[-24,-28],[16,-51],[-70,24],[28,32],[-15,36],[65,7],[0,-20]],[[63594,85149],[-37,-16],[-39,11],[-6,54],[77,-7],[5,-42]],[[87052,95893],[227,-215],[244,-149],[-4,-6],[-244,148],[-268,253],[45,-31]],[[62137,85179],[-27,-36],[-35,17],[34,77],[31,15],[-3,-73]],[[86496,100155],[-45,-51],[-23,64],[28,33],[28,-1],[12,-45]],[[78499,84552],[52,-9],[-18,-47],[-42,7],[-26,73],[34,-24]],[[80788,109081],[2,-45],[-33,0],[-52,41],[29,38],[54,-34]],[[83280,103097],[-65,16],[10,44],[69,-8],[-14,-52]],[[29092,1292],[12,-81],[-65,51],[21,44],[32,-14]],[[92660,94587],[-46,17],[0,67],[51,-24],[-5,-60]],[[80669,108962],[-12,-50],[-48,-38],[-17,27],[33,67],[44,-6]],[[81742,107958],[-14,-55],[-56,23],[32,51],[38,-19]],[[68208,104782],[17,-10],[-67,-49],[-19,49],[24,63],[21,-62],[24,9]],[[33797,9759],[35,74],[18,-14],[-8,-82],[-21,-39],[-24,61]],[[72217,79242],[-4,45],[62,10],[3,-52],[-61,-3]],[[82284,102508],[-32,-38],[-38,8],[13,41],[52,42],[5,-53]],[[85601,82914],[-16,-13],[-53,64],[58,18],[22,-48],[-11,-21]],[[95703,82615],[7,-34],[-23,-32],[-21,35],[1,80],[30,3],[6,-52]],[[91109,104208],[20,37],[82,-6],[-36,-44],[-66,13]],[[93135,95438],[-50,7],[17,44],[71,-14],[-5,-33],[-33,-4]],[[86910,113650],[-7,-59],[-33,-7],[-30,53],[70,13]],[[30349,3582],[22,-53],[-56,9],[-17,50],[51,-6]],[[96737,108423],[-28,18],[7,73],[38,-19],[19,-42],[-36,-30]],[[91484,112812],[-1,-10],[-374,44],[1,10],[374,-44]],[[100642,101438],[-23,56],[88,-65],[-32,-27],[-33,36]],[[70335,79300],[-37,14],[58,15],[53,-3],[-9,-43],[-65,17]],[[62443,81058],[-32,23],[37,22],[56,-37],[-9,-17],[-52,9]],[[29301,593],[-20,87],[37,3],[10,-53],[-27,-37]],[[80571,82433],[-3,48],[31,-8],[26,-49],[-26,-19],[-28,28]],[[91468,76635],[-11,-35],[-40,-29],[-7,71],[31,14],[27,-21]],[[90730,102185],[-28,24],[47,28],[24,-48],[-43,-4]],[[80708,108875],[-48,-44],[-4,57],[63,18],[-11,-31]],[[64546,80961],[-28,-63],[-21,51],[30,41],[19,-29]],[[98690,101205],[-28,70],[53,-45],[11,-45],[-36,20]],[[64837,80084],[14,-20],[-53,5],[-24,54],[54,-11],[9,-28]],[[93592,96071],[25,53],[31,-25],[-28,-46],[-28,18]],[[79006,85587],[-32,19],[14,29],[58,-3],[-40,-45]],[[85546,113923],[-19,-39],[-27,31],[23,50],[23,-42]],[[35878,7994],[5,-20],[-52,-16],[-6,54],[53,-18]],[[95789,107522],[4,11],[80,-16],[-32,-40],[-52,45]],[[28340,802],[-12,53],[44,11],[-5,-59],[-27,-5]],[[88226,114663],[41,-26],[-44,-14],[-55,41],[58,-1]],[[93484,96516],[-19,-50],[-33,28],[35,57],[17,-35]],[[89040,99007],[60,33],[-7,-64],[-53,31]],[[72841,101933],[-55,4],[1,46],[30,19],[24,-69]],[[94578,81534],[-9,59],[36,-5],[14,-39],[-41,-15]],[[33694,9309],[3,-32],[-29,-19],[-23,37],[10,31],[39,-17]],[[69969,82618],[-31,-35],[-20,45],[24,19],[27,-29]],[[92507,94605],[-42,60],[11,34],[27,-21],[4,-73]],[[87115,87394],[-30,4],[32,39],[49,-24],[-51,-19]],[[73217,78724],[-43,-3],[39,37],[38,-5],[-34,-29]],[[72717,79220],[-35,12],[-14,41],[47,-11],[2,-42]],[[79156,84417],[-51,-54],[-2,34],[38,37],[15,-17]],[[65102,88955],[-34,32],[42,19],[-8,-51]],[[78134,84738],[-41,-360],[-4,0],[38,361],[7,-1]],[[64597,82100],[140,-99],[-4,-6],[-142,101],[6,4]],[[87909,94795],[-36,139],[14,4],[35,-140],[-13,-3]],[[59773,89646],[-38,23],[38,19],[24,-34],[-24,-8]],[[93710,110176],[21,30],[39,-47],[-60,17]],[[73832,82505],[-53,20],[-68,132],[9,4],[66,-128],[46,-28]],[[94999,119006],[-34,18],[43,22],[-9,-40]],[[91298,87338],[-39,-7],[-6,40],[55,-12],[-10,-21]],[[30420,5289],[-3,-27],[-40,-3],[-3,39],[46,-9]],[[75931,104757],[-46,26],[-7,28],[38,-11],[15,-43]],[[28164,51],[-1,-51],[-30,52],[31,-1]],[[83903,102607],[44,-30],[-87,22],[24,28],[19,-20]],[[65909,83044],[-35,-18],[-9,34],[44,-16]],[[78545,79306],[11,61],[38,-46],[-49,-15]],[[87717,101733],[4,43],[28,-9],[-10,-48],[-22,14]],[[84052,86843],[-32,-45],[-24,35],[54,28],[2,-18]],[[64971,80328],[-15,35],[29,-1],[10,-65],[-24,31]],[[70383,79262],[-80,-43],[-3,30],[53,25],[30,-12]],[[64368,80819],[-43,16],[29,28],[14,-44]],[[61798,92818],[-3,59],[19,-21],[-16,-38]],[[77828,85450],[132,-116],[-6,-8],[-133,117],[7,7]],[[31670,5958],[0,-25],[-48,15],[48,10]],[[89654,117011],[-18,31],[47,-19],[-29,-12]],[[78371,84515],[-40,15],[53,14],[-13,-29]],[[68766,101416],[130,-9],[0,-9],[-130,18]],[[105015,104423],[-9,-12],[-77,11],[33,16],[53,-15]],[[78666,84611],[-2,28],[40,2],[2,-24],[-40,-6]],[[63573,97514],[-14,29],[24,22],[11,-69],[-21,18]],[[79949,107345],[-21,17],[48,21],[13,-21],[-40,-17]],[[31836,6072],[-5,-32],[-33,36],[26,22],[12,-26]],[[64893,80327],[14,26],[22,-64],[-36,38]],[[63552,81094],[-19,15],[25,33],[19,-20],[-25,-28]],[[90282,87253],[-53,-3],[7,25],[46,-22]],[[59743,89220],[-17,-20],[-17,52],[34,-32]],[[69604,81082],[-43,49],[52,-26],[-9,-23]],[[80568,82682],[-29,-2],[7,42],[22,-40]],[[56657,97758],[-54,2],[17,26],[37,-28]],[[65071,80525],[-25,59],[40,-28],[-15,-31]],[[79505,88419],[113,0],[-1,-12],[-112,1],[0,11]],[[98305,112958],[-4,9],[123,58],[5,-9],[-124,-58]],[[90484,116287],[-56,31],[53,-11],[3,-20]],[[87726,113618],[-60,26],[22,7],[38,-33]],[[35123,6862],[-1,-25],[-39,24],[40,1]],[[72429,79280],[20,41],[1,-63],[-21,22]],[[91716,90050],[-12,-6],[-44,85],[12,6],[44,-85]],[[74797,81565],[-27,-10],[-32,33],[59,-23]],[[104975,102850],[-24,94],[12,3],[25,-94],[-13,-3]],[[0,34655],[21,-10],[-13,-53],[-8,63]],[[85964,113946],[-10,30],[41,6],[-31,-36]],[[78753,84364],[-29,-11],[10,41],[19,-30]],[[79908,106376],[-54,25],[37,6],[17,-31]],[[92651,88931],[-7,21],[46,12],[-39,-33]],[[80398,80150],[-42,11],[7,33],[35,-44]],[[94709,81302],[-21,38],[28,-5],[-7,-33]],[[86048,113592],[54,-49],[-14,-7],[-40,56]],[[61723,92768],[59,19],[-28,-31],[-31,12]],[[61709,92781],[-41,-17],[44,51],[-3,-34]],[[90127,84662],[-25,-14],[-4,45],[29,-31]],[[63239,81187],[-40,10],[10,21],[30,-31]],[[98760,102028],[-27,-8],[10,41],[17,-33]],[[82753,87976],[-57,122],[65,-118],[-8,-4]],[[100077,113139],[-28,-15],[-5,31],[33,-16]],[[182647,121564],[-31,53],[-145,186],[-4,31],[-62,65],[-11,120],[-23,48],[22,74],[-5,80],[10,96],[-4,136],[-29,205],[-22,74],[-45,87],[-3,27],[-126,-2],[10,16],[122,-4],[-7,68],[-32,43],[-35,16],[-62,-9],[-26,-20],[18,-46],[-50,72],[2,-39],[-39,34],[-4,-31],[-31,7],[-32,68],[-18,-5],[-15,79],[-35,31],[-39,81],[-40,-18],[7,60],[-36,41],[-93,46],[-77,98],[-3,43],[-41,63],[-23,-6],[-10,55],[32,32],[26,-6],[22,103],[7,86],[20,71],[-22,49],[19,80],[60,97],[-23,23],[10,71],[40,59],[92,29],[89,66],[-67,85],[-122,184],[-177,153],[-75,38],[-124,-51],[-105,8],[-67,20],[-39,72],[-106,111],[19,9],[-25,223],[-59,7],[-10,25],[34,25],[-9,31],[-63,54],[-26,60],[20,207],[-58,39],[-23,-12],[-58,86],[-19,78],[-68,168],[-5,139],[21,1],[19,125],[-65,109],[-105,75],[-73,10],[-90,36],[-101,21],[-297,24],[-182,-6],[-86,-40],[-20,-43],[-29,60],[-37,9],[-97,51],[-39,-64],[79,-42],[8,-23],[79,-29],[-40,-109],[38,-37],[-7,-42],[-53,-74],[-21,-88],[37,-43],[-17,-55],[16,-49],[-5,-59],[-33,-73],[-59,-51],[-25,-60],[-4,-88],[7,-137],[46,-92],[-12,-31],[-58,-66],[-34,-66],[-3,-53],[-39,-160],[-125,-106],[13,-17],[-19,-84],[-59,-96],[-38,-4],[-23,-45],[-41,60],[-67,45],[-27,46],[4,70],[70,73],[49,2],[4,62],[-60,82],[-91,39],[-4,75],[27,14],[-35,80],[60,52],[43,-19],[39,11],[-26,66],[51,-6],[-50,96],[18,7],[47,-63],[11,59],[53,-38],[69,69],[8,85],[-51,71],[-81,15],[-82,55],[-75,-9],[-92,-55],[-55,45],[-98,24],[-42,0],[-66,-73],[-2,-57],[-39,-43],[-63,16],[-19,56],[1,78],[-21,11],[18,103],[-24,65],[-23,128],[10,52],[34,34],[-38,240],[84,135],[7,-4],[-79,-129],[11,-72],[75,12],[3,-15],[-76,-11],[20,-146],[153,42],[-32,118],[24,7],[30,-109],[55,9],[20,-85],[63,16],[50,92],[-23,79],[16,4],[29,-99],[90,28],[-34,115],[-64,21],[-30,-24],[-82,81],[-35,9],[33,144],[-67,35],[-66,10],[30,26],[-36,3],[-4,266],[16,18],[59,0],[-89,65],[-34,60],[86,70],[24,76],[-22,20],[10,51],[37,-12],[24,33],[-38,73],[42,71],[69,-83],[103,-187],[-118,-45],[-27,-51],[23,-37],[46,26],[43,-29],[110,68],[14,-20],[-85,-53],[-48,-98],[67,-35],[58,37],[1,67],[32,-37],[67,-36],[52,14],[-6,-36],[-41,-57],[-55,-47],[9,-15],[110,34],[16,-7],[70,59],[-17,18],[32,46],[-11,29],[-89,129],[-40,40],[-27,67],[12,236],[8,-1],[-20,188],[-30,134],[-56,-23],[-32,135],[-109,-23],[-33,141],[109,24],[-18,79],[9,51],[-69,56],[50,42],[-39,68],[19,28],[93,-28],[-15,66],[-17,-1],[31,109],[58,73],[-64,49],[-101,-31],[10,-31],[-84,-42],[-39,16],[-51,-74],[-33,59],[-45,-3],[-7,-40],[-69,58],[-24,-20],[-37,30],[45,9],[9,44],[-20,8],[31,39],[-74,44],[-2,26],[-51,7],[-10,-43],[-23,17],[-70,-27],[-18,-49],[-37,-13],[-54,51],[1,65],[28,19],[28,57],[-59,21],[9,53],[-32,21],[-28,-18],[-30,26],[-41,-11],[-6,-55],[-25,-3],[-27,41],[-36,-9],[-16,-41],[-53,21],[-51,54],[-60,-9],[-20,62],[-26,31],[-97,30],[-38,31],[-22,54],[-95,85],[-40,2],[-48,37],[6,23],[52,-26],[112,14],[69,-25],[23,49],[-51,54],[-91,51],[-26,45],[129,-17],[28,19],[44,-23],[43,9],[18,-19],[-20,-38],[41,-27],[46,101],[36,-4],[26,-75],[35,45],[75,-74],[3,-24],[91,-11],[88,-36],[118,-6],[60,-40],[22,-109],[56,9],[30,-43],[47,-17],[114,-8],[12,25],[-73,3],[-110,80],[-27,9],[-7,64],[47,48],[-57,-2],[-110,45],[-8,14],[-110,2],[-55,92],[-22,-37],[-45,31],[-76,100],[37,39],[-66,22],[-1,48],[-34,22],[40,39],[-117,43],[-70,37],[-36,-10],[-40,24],[-19,38],[22,97],[-66,10],[10,95],[38,79],[25,-4],[33,59],[29,-6],[109,70],[92,13],[54,-45],[24,-46],[33,29],[46,-17],[57,-80],[25,56],[-74,90],[-63,39],[-36,44],[-27,86],[-30,20],[-13,68],[-30,7],[-9,61],[23,2],[18,-47],[26,58],[-29,59],[18,38],[-12,44],[38,10],[54,-26],[17,41],[128,20],[58,29],[65,-4],[-59,54],[-8,49],[20,20],[-13,77],[40,26],[-42,8],[-19,43],[47,101],[-64,-56],[-67,-38],[8,-42],[81,-83],[5,-48],[-13,-93],[-46,-27],[-113,-3],[-70,52],[-23,43],[-38,27],[-43,113],[30,58],[-22,45],[-69,47],[0,51],[54,35],[2,69],[-47,79],[-26,-86],[-41,-2],[-48,28],[15,122],[-21,71],[-32,18],[-36,89],[11,139],[14,12],[51,154],[24,43],[33,103],[-6,75],[-49,-16],[-39,7],[96,82],[-23,140],[-36,30],[18,58],[-18,74],[-49,67],[-36,-19],[-11,48],[46,27],[-41,59],[-43,-20],[73,82],[32,71],[52,-41],[76,23],[39,-51],[51,-25],[42,17],[56,63],[35,76],[-69,39],[37,66],[15,66],[-4,71],[-36,36],[1,41],[31,-2],[40,77],[29,14],[10,79],[17,20],[-1,73],[20,38],[85,35],[27,63],[54,175],[30,70],[-12,43],[40,39],[-3,22],[63,-11],[84,14],[70,-1],[45,17],[119,18],[67,46],[34,-4],[152,57],[37,-1],[40,40],[57,10],[65,76],[45,26],[-12,44],[22,33],[72,25],[16,41],[-35,27],[37,-1],[123,266],[1,52],[-21,28],[36,49],[-33,146],[102,-4],[48,-24],[5,-120],[-16,-33],[110,-9],[-1,-12],[-123,16],[-11,-53],[25,1],[1,-105],[13,-1],[6,-86],[103,-11],[87,-49],[36,-8],[29,-61],[13,-257],[11,-94],[-5,-53],[18,-129],[11,-7],[242,34],[25,-5],[50,41],[126,19],[30,-52],[96,-39],[80,0],[60,149],[29,52],[23,108],[39,5],[-28,34],[-13,54],[34,77],[17,97],[-28,160],[23,43],[10,203],[-17,35],[27,17],[-35,42],[2,47],[26,6],[-4,139],[-130,167],[-16,65],[-90,69],[10,55],[90,32],[35,-52],[59,24],[1,-21],[68,6],[28,21],[-30,16],[73,225],[17,26],[66,40],[-2,100],[-52,23],[5,39],[94,-35],[6,9],[149,-133],[61,-12],[62,-60],[33,53],[200,-19],[3,33],[31,-5],[41,-80],[32,-33],[14,-90],[24,-43],[58,18],[49,53],[18,71],[-25,0],[26,88],[-65,8],[-7,53],[-119,126],[-110,-9],[7,43],[-69,117],[-118,21],[-62,-3],[-41,69],[-60,6],[-86,55],[-47,-7],[-109,31],[-12,74],[-66,7],[-24,23],[-27,65],[42,8],[10,50],[-16,51],[-74,31],[28,43],[60,5],[77,-101],[45,50],[-1,48],[59,57],[73,16],[-6,48],[-185,34],[-44,76],[20,42],[-49,22],[-46,52],[44,23],[7,39],[58,13],[-7,53],[-26,13],[-40,-22],[-34,65],[-122,70],[39,60],[-59,14],[24,55],[-4,42],[-30,59],[-57,22],[-18,90],[-30,24],[13,42],[33,24],[-31,73],[3,61],[-62,98],[-77,83],[4,24],[-42,8],[1,-47],[24,-4],[36,-49],[1,-36],[-55,1],[1,-82],[-12,-6],[-9,137],[-29,4],[-9,-63],[-32,6],[-93,-42],[4,39],[30,30],[-46,104],[-12,53],[15,40],[-29,156],[-39,155],[6,115],[-14,55],[-8,122],[11,120],[46,109],[-6,48],[10,87],[61,102],[23,56],[-26,60],[6,35],[64,28],[31,71],[-19,82],[9,88],[-16,74],[12,51],[-2,83],[-17,22],[-25,124],[-61,168],[-46,178],[-47,77],[-31,73],[-20,113],[19,122],[19,76],[47,77],[104,119],[48,39],[90,144],[17,53],[24,11],[113,-31],[25,6],[107,-22],[57,15],[46,-24],[50,-74],[25,-17],[124,-6],[175,-46],[34,-40],[126,4],[84,-57],[13,-22],[86,24],[10,49],[118,373],[-10,85],[-54,-30],[-44,77],[-135,-34],[132,40],[70,217],[13,23],[45,-20],[34,58],[66,79],[3,38],[-76,89],[-31,3],[-85,95],[48,37],[-58,97],[-5,112],[40,66],[184,145],[134,76],[26,45],[-1,116],[28,82],[65,105],[-24,80],[-122,136],[-5,28],[35,73],[-66,-4],[-4,58],[60,46],[-14,15],[-61,-27],[-31,97],[32,27],[-14,69],[4,151],[53,85],[420,341],[66,44],[105,32],[96,-12],[84,-32],[29,12],[76,-21],[138,9],[12,11],[66,-23],[70,47],[-75,-75],[64,-19],[4,18],[124,-14],[152,-29],[-6,-19],[103,-35],[15,15],[175,-66],[7,-20],[207,10],[2,32],[-131,59],[-96,89],[-64,24],[-56,73],[-117,50],[-46,10],[-92,44],[-146,25],[-95,94],[-16,45],[-90,41],[-89,62],[-22,54],[35,47],[85,61],[138,60],[30,5],[-26,54],[-140,-15],[-133,-28],[-103,-46],[-71,-19],[-43,-32],[-86,-4],[-226,-53],[-110,40],[-38,0],[-80,49],[-58,22],[-148,29],[-87,34],[-58,36],[-28,53],[84,98],[12,44],[59,38],[166,7],[102,19],[79,-16],[54,-43],[51,37],[8,62],[42,59],[78,49],[102,-83],[8,-27],[-86,-51],[11,-63],[95,-23],[92,31],[9,103],[22,36],[108,50],[151,-11],[107,-68],[85,8],[55,-17],[42,52],[-17,146],[-81,25],[-40,-4],[-64,19],[-53,42],[8,33],[73,14],[90,40],[67,44],[34,-2],[39,88],[-28,82],[28,7],[148,-82],[49,-91],[40,-51],[90,8],[-50,58],[-48,88],[-45,46],[-90,42],[-64,63],[-113,165],[38,7],[101,-63],[24,-3],[114,-55],[147,-25],[61,-1],[70,33],[30,41],[42,18],[43,125],[35,74],[-2,37],[-70,-28],[-82,19],[-6,-86],[-39,-47],[-72,-28],[-90,-10],[-92,41],[-149,111],[-72,28],[-126,78],[-74,-19],[-27,-35],[-5,-117],[48,-96],[-42,-45],[-41,-13],[-116,-7],[-123,10],[-67,-27],[-75,3],[-85,26],[-160,32],[-36,-3],[-103,-80],[-15,-41],[-66,-76],[-7,-84],[-24,-26],[-55,-6],[-91,89],[-46,88],[-7,53],[45,64],[48,34],[91,39],[31,75],[69,108],[149,84],[31,0],[229,103],[89,25],[143,-7],[104,-27],[89,-38],[190,-8],[42,11],[67,59],[35,58],[41,100],[44,76],[34,84],[37,58],[51,163],[35,75],[61,52],[65,19],[144,-5],[47,61],[-51,66],[-35,75],[-9,102],[46,58],[-75,59],[-113,-18],[-47,-42],[-12,-46],[12,-31],[-103,-19],[-52,8],[-103,39],[-60,87],[-26,215],[-27,136],[-12,107],[-2,100],[15,76],[48,109],[88,100],[52,45],[146,88],[33,46],[5,80],[20,86],[43,119],[45,64],[44,28],[75,23],[81,11],[82,-2],[79,-37],[67,0],[106,-30],[53,-81],[35,-104],[37,-61],[47,-17],[0,-37],[129,-12],[79,-30],[117,-22],[74,-38],[81,-88],[35,-82],[13,-126],[81,-68],[54,59],[71,41],[68,13],[55,-45],[3,-72],[43,-43],[112,-25],[93,-50],[78,-111],[60,-49],[174,-92],[67,-56],[48,-73],[3,-67],[-29,-66],[-48,-70],[10,-44],[38,-9],[42,35],[13,50],[44,56],[87,52],[17,55],[-6,64],[63,86],[69,12],[51,31],[41,2],[66,-25],[13,-82],[34,-27],[-28,-11],[-23,-77],[-45,-101],[33,-61],[39,-7],[69,24],[11,-33],[42,-35],[77,-98],[32,-61],[51,-28],[93,-25],[9,-68],[57,-247],[-54,-123],[-8,-91],[73,31],[70,-12],[5,30],[36,25],[12,-48],[-22,-40],[-9,-67],[17,-42],[4,-67],[-13,-40],[60,-91],[7,-82],[35,-87],[-7,-27],[43,-4],[10,196],[34,31],[2,37],[-46,31],[-23,44],[14,107],[57,55],[37,6],[175,-126],[-70,99],[22,92],[-102,64],[-10,33],[-58,68],[-43,17],[-49,95],[18,41],[-31,24],[23,113],[-7,104],[25,46],[127,56],[189,63],[149,-7],[41,-56],[26,-134],[111,-107],[66,-29],[196,-143],[69,-61],[26,28],[129,-105],[-12,-15],[-59,49],[-30,0],[-32,-34],[223,-189],[60,66],[25,-103],[57,12],[-18,106],[54,-232],[30,63],[0,39],[38,5],[20,-115],[-27,-37],[31,-54],[81,-16],[-22,-26],[58,-19],[4,22],[66,-10],[33,-77],[-57,-11],[14,-60],[-60,-9],[-18,-26],[17,-56],[86,-2],[73,29],[22,-42],[-85,-27],[-25,-24],[27,-90],[-49,-16],[-84,73],[-16,-56],[-57,8],[-66,-66],[-53,16],[-40,-31],[-6,-69],[13,-23],[74,-59],[29,-48],[22,-106],[-23,-86],[-36,-47],[22,-60],[-17,-27],[-189,-71],[-79,5],[-51,24],[-78,11],[-82,53],[-12,-94],[-65,-66],[-2,-49],[42,35],[63,26],[53,4],[154,-54],[62,-88],[-4,-78],[66,-19],[54,59],[11,46],[-54,82],[-10,34],[44,36],[56,6],[72,-29],[43,-48],[20,-72],[60,20],[-2,126],[30,55],[5,71],[59,33],[102,-9],[76,-27],[63,-50],[40,-64],[52,12],[-9,102],[12,44],[37,36],[19,63],[58,85],[55,44],[59,124],[9,47],[40,34],[48,11],[165,-29],[33,-31],[-18,-59],[116,-7],[68,22],[31,-41],[-11,-49],[49,-33],[34,-96],[16,-86],[51,-28],[26,-86],[40,-31],[39,-119],[51,-3],[45,-73],[-19,-114],[10,-54],[63,-159],[32,-49],[23,-108],[-55,-42],[-150,-16],[-37,-26],[-88,-1],[-83,-24],[88,-7],[121,-39],[176,-96],[76,-19],[121,-16],[48,-42],[84,46],[47,-6],[54,-52],[19,-62],[-50,-36],[-8,-63],[-143,38],[-78,-99],[-6,-87],[34,-45],[61,-15],[29,-25],[3,-35],[-47,-9],[-22,-98],[-68,-63],[-30,-9],[-145,6],[-10,-80],[15,-21],[-25,-59],[-124,-22],[-161,-47],[-5,-18],[-96,-1],[-39,-55],[47,-88],[113,-1],[6,-11],[-126,-1],[-9,-55],[-69,-26],[-48,0],[-27,-23],[16,-93],[88,-25],[8,-31],[-33,-157],[-29,-57],[-79,-78],[-70,-35],[-103,-30],[-110,28],[-86,14],[-109,47],[-34,-109],[125,-65],[45,-37],[0,-23],[48,-23],[26,29],[135,-62],[250,13],[48,46],[81,0],[56,-71],[-8,-19],[43,-52],[-33,14],[-105,-82],[-58,-95],[41,-36],[-94,-97],[-57,53],[-68,-60],[-8,-27],[-77,-44],[-25,-33],[12,-79],[169,-33],[165,-75],[153,-42],[29,8],[55,76],[121,50],[60,-17],[-10,-60],[25,-29],[152,67],[134,4],[45,49],[-123,89],[-47,70],[-8,185],[15,33],[58,68],[27,2],[8,72],[-18,61],[-2,115],[17,47],[-1,69],[41,75],[110,95],[30,48],[16,-45],[47,-27],[29,-71],[-13,-88],[17,-21],[27,-96],[-24,-59],[58,-36],[94,-11],[91,-71],[23,-52],[20,-110],[-5,-70],[29,-21],[75,23],[32,37],[0,113],[-58,178],[-39,67],[76,20],[50,-5],[68,27],[-11,50],[-156,44],[-31,64],[-72,28],[4,30],[-37,8],[11,66],[91,87],[51,16],[22,37],[-32,28],[-81,27],[-29,-6],[-34,36],[-42,3],[-28,26],[2,106],[15,102],[52,61],[39,-8],[68,-54],[121,-60],[146,13],[62,42],[10,33],[46,55],[77,14],[16,39],[97,59],[37,3],[59,-57],[47,18],[3,101],[23,40],[66,21],[19,-13],[133,27],[57,26],[76,-22],[-6,-61],[-57,-60],[64,-46],[-48,-15],[-4,-73],[-46,-38],[27,-105],[-4,-72],[-53,-39],[-13,-44],[30,-24],[56,-2],[16,-46],[41,0],[39,-54],[-78,-126],[3,-28],[48,-12],[172,48],[136,-42],[99,0],[56,-29],[59,-55],[31,-60],[53,-11],[56,-39],[38,20],[89,-19],[56,-43],[127,-8],[82,15],[61,-26],[28,-106],[-15,-111],[58,-57],[61,-20],[102,-67],[25,-32],[5,-64],[-44,-100],[-4,-131],[-30,-94],[-34,-28],[-122,-72],[-148,-224],[-41,-88],[-82,51],[-6,-22],[-45,-2],[-51,-29],[-77,-95],[-156,-8],[-36,-14],[-7,-47],[-52,-5],[1,-49],[36,-38],[-7,-61],[-82,-104],[-114,-61],[-63,-78],[-89,-44],[-267,-78],[-47,47],[0,25],[-52,73],[8,66],[-49,32],[28,39],[16,94],[-160,43],[-22,19],[-4,-78],[55,-20],[17,-43],[19,-134],[-54,-9],[-31,-35],[2,-38],[-32,-16],[-1,-49],[-31,-59],[-45,-41],[19,-49],[-45,-34],[-16,-62],[26,-53],[-66,-182],[-42,-45],[-16,-50],[18,-96],[-42,-82],[-9,-41],[-72,-111],[-33,-117],[-14,-12],[-4,-123],[-16,-38],[-49,-37],[-123,-47],[-81,-21],[-59,-51],[-37,-114],[2,-44],[-50,-91],[-6,-130],[-107,-129],[-145,-224],[6,-107],[-41,-52],[-22,-75],[-8,-72],[-64,-134],[-32,-24],[43,-22],[5,-70],[-79,-57],[23,-26],[-8,-41],[-75,-28],[14,-34],[-71,-27],[-40,96],[-69,1],[-69,-15],[-67,-81],[55,-176],[-30,-43],[33,-58],[38,5],[37,-38],[66,13],[7,-195],[19,-27],[78,-24],[73,37],[49,-59],[-10,-26],[-45,-4],[-68,-56],[-13,-43],[-83,-79],[-51,3],[-23,-58],[11,-21],[-9,-127],[-36,-39],[-38,-8],[-100,-51],[-41,15],[-67,-39],[-36,-106],[46,-27],[-22,-53],[14,-80],[-25,-110],[46,-3],[25,39],[-8,99],[29,55],[51,-13],[42,-39],[97,-110],[39,-33],[49,-14],[57,30],[91,25],[52,-6],[91,-115],[76,-47],[69,-3],[33,-22],[76,6],[134,-76],[48,-123],[-6,-96],[-42,-34],[-69,-9],[-44,44],[-105,38],[-80,-27],[-52,-84],[-43,-90],[-22,-6],[-31,41],[-54,35],[-106,12],[-48,-4],[-235,83],[-75,-45],[21,-127],[0,-201],[32,-1],[13,38],[74,8],[26,-83],[48,2],[72,-22],[64,28],[35,-11],[-8,-62],[27,-24],[75,10],[43,67],[46,-4],[25,-24],[-1,-64],[-62,-35],[-121,14],[-43,-18],[-5,-28],[40,-49],[-2,-100],[-97,-27],[-13,-23],[-7,-87],[83,-19],[19,-34],[-2,-53],[45,-6],[13,80],[32,-7],[-5,60],[18,39],[28,3],[39,-57],[67,25],[15,24],[-32,32],[18,62],[52,-96],[-18,-48],[10,-68],[48,-39],[35,-109],[5,-51],[-49,42],[3,-43],[-83,1],[-27,-30],[55,-11],[36,-47],[-26,-24],[-19,-79],[24,-24],[32,64],[49,-26],[41,23],[50,71],[50,-49],[21,0],[43,-51],[22,10],[22,-43],[-18,-45],[-70,-49],[26,-100],[-11,-25],[-64,-35],[-64,30],[-85,-14],[-40,-22],[-16,-81],[55,-51],[51,-79],[89,-50],[24,-35],[13,63],[177,-9],[14,19],[63,-7],[41,-39],[26,-47],[31,-2],[40,31],[43,-19],[115,-16],[63,-59],[56,99],[-23,48],[-83,27],[-12,22],[-109,82],[0,22],[-100,67],[-13,42],[103,142],[31,20],[-9,85],[-46,2],[-5,90],[22,47],[42,48],[37,-9],[0,-32],[48,-129],[31,-10],[27,84],[-17,18],[32,44],[-25,58],[28,27],[71,-40],[8,-28],[-9,-105],[38,-69],[34,7],[32,65],[49,22],[-15,36],[23,45],[57,37],[-26,25],[-67,-20],[-7,58],[64,71],[-28,88],[38,67],[29,-3],[-9,-82],[13,-12],[57,53],[7,-102],[44,-15],[100,11],[16,56],[33,11],[-40,25],[-5,47],[33,13],[50,-17],[28,24],[59,-5],[-1,35],[-36,47],[0,148],[85,65],[76,139],[-58,61],[-4,27],[56,23],[8,46],[32,26],[39,-27],[72,-5],[18,-27],[-78,-111],[8,-22],[59,-21],[142,71],[30,-47],[48,-127],[4,-40],[-31,-104],[-52,-9],[-11,-68],[-53,-14],[-40,-99],[81,7],[16,-45],[5,-96],[31,-18],[44,60],[-10,75],[16,59],[109,-8],[38,28],[-29,28],[37,35],[49,-77],[-10,-89],[63,-1],[35,-39],[-15,-38],[41,-35],[80,47],[42,-34],[-6,-60],[112,-78],[-75,98],[25,49],[-99,94],[37,66],[67,37],[-53,25],[-103,-53],[-35,56],[28,113],[-57,9],[-31,39],[5,-68],[-28,87],[19,31],[-45,-7],[22,39],[-42,76],[-66,-23],[-54,130],[38,-64],[27,11],[-20,84],[12,36],[33,10],[47,-31],[54,-56],[63,-4],[121,22],[73,-19],[41,66],[30,8],[-18,-49],[44,-51],[33,0],[68,98],[37,74],[35,20],[46,-12],[-31,-49],[39,-91],[162,-15],[61,112],[26,-8],[45,86],[-51,36],[-45,86],[-22,4],[-21,51],[-69,80],[-163,91],[45,84],[16,60],[-33,12],[28,74],[57,28],[-60,47],[-15,-27],[-33,9],[-50,-55],[-54,-17],[-135,-104],[-34,-73],[-58,-73],[-29,-120],[-36,-40],[-48,13],[-22,58],[-68,129],[-62,0],[-174,45],[-55,-13],[-27,-35],[28,-60],[-1,-54],[-49,-57],[20,-36],[-72,-39],[-57,-9],[-41,85],[-108,133],[-3,75],[26,34],[92,36],[25,25],[11,51],[-18,65],[-37,78],[13,64],[29,59],[-20,46],[18,151],[50,57],[91,59],[83,65],[23,68],[-15,68],[48,74],[34,9],[75,-43],[-50,15],[0,-67],[110,-91],[41,-18],[53,-1],[53,35],[19,105],[-10,79],[22,78],[-16,41],[85,94],[92,50],[52,87],[5,96],[-24,30],[86,83],[70,27],[36,39],[4,104],[-29,36],[-95,49],[-16,81],[-109,209],[0,29],[34,38],[98,53],[66,8],[159,-1],[81,19],[44,66],[-11,51],[37,14],[84,-103],[90,-92],[45,-26],[82,-98],[1,-37],[-32,-27],[17,-89],[173,-49],[110,-81],[54,-124],[46,-172],[-2,-106],[67,-176],[93,-33],[61,35],[67,22],[140,4],[150,-4],[186,73],[37,5],[64,-25],[67,31],[77,-18],[96,-46],[46,-55],[19,-56],[-30,-107],[12,-55],[60,-136],[101,-145],[-2,-114],[25,-60],[51,-47],[76,-20],[25,33],[-23,93],[21,-1],[18,65],[25,12],[41,-33],[14,-85],[99,-68],[29,-53],[47,-11],[38,45],[28,-12],[42,-75],[-11,-59],[-32,-40],[120,-95],[36,64],[-26,32],[16,33],[111,-23],[43,22],[25,39],[71,11],[38,46],[-31,27],[-93,22],[-57,49],[-28,67],[-51,62],[35,21],[174,-73],[95,95],[82,62],[49,19],[80,1],[207,-58],[152,-9],[51,28],[36,-16],[180,-8],[43,-74],[61,-20],[-21,-89],[68,-14],[34,56],[92,74],[48,10],[66,-11],[74,-45],[39,-78],[-41,-177],[15,-34],[90,-65],[83,-23],[57,-51],[-10,-49],[129,-18],[49,-81],[76,-88],[14,-101],[76,-70],[46,-19],[59,0],[29,-30],[41,-93],[-16,-96],[21,-39],[82,-21],[56,-70],[50,-11],[68,40],[27,44],[59,-27],[124,-17],[71,-127],[0,-56],[26,-80],[94,-116],[-30,-30],[-136,-27],[-153,51],[-39,35],[-52,91],[-57,23],[-53,-23],[9,-104],[43,-83],[34,-40],[-10,-29],[41,-73],[25,-73],[82,-155],[8,-28],[52,29],[-16,19],[6,96],[42,74],[116,76],[20,27],[45,-1],[89,-33],[28,5],[177,-34],[15,-30],[-104,-22],[4,-34],[100,-63],[-21,-34],[-62,-15],[-51,-46],[-11,-37],[26,-16],[8,-55],[-44,-37],[-60,-2],[-83,36],[-69,-8],[-22,34],[-104,12],[-43,-67],[43,-110],[111,-40],[69,-56],[71,-214],[65,-63],[21,-3],[89,-70],[54,-67],[22,-82],[-26,-49],[-86,-87],[-117,-59],[-17,-35],[-85,-24],[-73,-57],[-54,-80],[12,-40],[150,73],[57,38],[53,16],[47,-10],[120,71],[135,28],[147,-40],[136,45],[57,-19],[60,-65],[104,-83],[52,-25],[66,-6],[42,-117],[39,-64],[16,-114],[-6,-72],[-26,-71],[-50,-92],[-46,-123],[9,-164],[32,-96],[97,-157],[104,-82],[58,-55],[58,15],[44,-20],[33,-55],[-33,-44],[-48,1],[-17,-81],[13,-5],[-36,-132],[12,-42],[45,-65],[-4,-118],[-52,-1],[-55,-21],[-31,-34],[-58,41],[27,45],[51,51],[15,44],[-29,86],[-35,41],[-64,36],[-110,40],[-135,-9],[-59,12],[-152,94],[-68,-26],[-60,16],[-66,1],[-21,-38],[51,-12],[84,-42],[-11,-11],[11,-87],[-83,-66],[-49,1],[-31,44],[-83,-26],[37,-72],[-20,-46],[33,-30],[17,25],[85,11],[59,19],[43,-8],[26,-29],[-27,-52],[17,-70],[-22,-74],[76,-74],[-26,-68],[-74,5],[-84,31],[-59,-47],[-41,24],[6,101],[29,33],[-18,58],[-40,15],[-44,-121],[-45,-27],[-16,65],[-31,41],[-64,20],[-109,-36],[-54,-40],[-68,14],[-65,32],[-49,-32],[-37,-123],[-46,-69],[-15,-64],[-46,14],[-33,-49],[-16,-81],[-57,-64],[-63,-37],[29,-16],[9,-41],[-37,-13],[-58,36],[-60,-58],[10,-26],[75,-29],[-4,-89],[14,-43],[-8,-91],[16,-31],[-7,-52],[-26,-61],[-135,-10],[-18,-33]],[[177486,139905],[-31,-10],[-138,-13],[-91,-48],[-40,-127],[-59,-35],[-24,7],[-67,-65],[-60,4],[-31,-26],[-28,21],[-84,-51],[-109,-11],[-80,37],[29,53],[-19,7],[60,29],[49,53],[-4,49],[23,-7],[13,50],[53,25],[1,26],[-39,10],[-47,-52],[-29,53],[-39,-26],[2,-40],[-76,-59],[-27,112],[83,33],[22,40],[-30,82],[38,-35],[22,54],[-32,36],[-44,15],[-192,39],[-102,-13],[-67,-20],[4,-55],[-20,0],[1,57],[-124,-16],[-34,-51],[19,-39],[28,0],[19,-38],[112,38],[1,-19],[-54,-22],[-42,-35],[-4,-52],[-43,-49],[-22,-109],[13,-22],[-22,-58],[-20,29],[-63,-43],[-55,30],[-63,-6],[-100,-85],[-8,-84],[-15,-28],[29,-32],[-7,-34],[64,54],[23,-26],[-80,-72],[10,-66],[-40,-3],[-35,-70],[-46,-21],[-10,-28],[31,-52],[-9,-57],[-22,-12],[7,-62],[-101,-97],[-21,-78],[16,-66],[73,-27],[64,-47],[28,-44],[2,-65],[-34,-3],[-20,-43],[-33,30],[-48,-3],[-58,55],[-48,3],[-20,44],[-24,-14],[-64,66],[-143,16],[-63,-49],[-81,-10],[14,-45],[-49,-7],[-91,43],[-13,37],[21,25],[15,68],[-61,83],[53,72],[-82,51],[-81,3],[-7,27],[50,17],[72,-3],[32,26],[-21,59],[45,98],[-8,84],[43,14],[4,23],[-45,27],[-18,-19],[-82,25],[-40,-17],[-42,-67],[-22,-64],[-29,-33],[-30,-149],[-8,0],[-19,-122],[-40,-112],[-50,-78],[-128,-50],[-72,18],[-25,62],[13,24],[122,35],[-50,17],[-15,-28],[-110,-1],[-21,28],[-30,-28],[-48,19],[-21,79],[23,11],[-19,44],[-65,8],[-124,81],[-90,7],[-3,54],[-70,99],[-58,16],[-85,-18],[-106,10],[-78,45],[-81,-19],[-76,-40],[-82,-83],[-24,3],[-180,140],[-29,69],[28,40],[6,95],[92,-1],[-14,101],[-33,15],[-16,-65],[-100,96],[16,64],[50,57],[24,73],[-88,95],[-15,62],[-42,41],[97,47],[5,82],[-32,12],[-46,50],[60,153],[122,24],[26,57],[-1,50],[32,46],[28,128],[92,24],[29,40],[82,62],[-16,43],[55,109],[-42,36],[-11,34],[-59,8],[-43,-39],[27,67],[38,39],[44,79],[-23,95],[46,97],[18,0],[90,132],[47,208],[-41,44],[52,80],[54,-9],[41,35],[43,70],[27,20],[78,-3],[108,31],[92,44],[61,46],[63,27],[52,71],[-22,15],[13,42],[14,-45],[60,80],[-23,70],[9,75],[-3,81],[-24,-3],[21,52],[-4,36],[39,-9],[74,49],[56,7],[80,-61],[111,65],[-79,-56],[55,-88],[7,-82],[-48,-16],[-22,-42],[51,-18],[132,62],[37,34],[31,79],[-4,102],[18,53],[-9,121],[-27,100],[-54,26],[-6,82],[51,26],[64,65],[12,43],[94,91],[66,6],[92,-44],[75,-172],[38,-102],[81,-6],[75,-36],[23,42],[309,-159],[31,70],[-94,26],[-40,41],[-65,168],[-2,34],[27,64],[-21,97],[-25,-14],[-8,62],[-78,-33],[-5,-46],[-170,111],[19,27],[-33,63],[-98,63],[-57,9],[32,73],[64,87],[7,34],[52,53],[2,107],[-29,100],[-45,-35],[-33,36],[44,-1],[28,22],[0,41],[52,36],[3,70],[38,36],[122,88],[48,63],[81,27],[123,-27],[52,-57],[8,-35],[-24,-160],[-1,-67],[37,-83],[84,-67],[86,-30],[135,-30],[101,-4],[15,28],[37,-16],[98,-13],[31,-23],[42,-83],[64,3],[15,52],[98,75],[138,-14],[76,-29],[44,0],[61,-29],[7,51],[23,-41],[28,28],[29,-40],[47,4],[17,30],[68,-21],[2,-60],[63,-64],[61,-18],[121,10],[54,-7],[88,46],[31,-27],[71,54],[25,52],[-33,38],[-23,91],[47,39],[72,-15],[74,-48],[42,21],[8,27],[-18,62],[22,2],[14,76],[30,67],[65,40],[100,19],[42,-37],[66,18],[37,-27],[57,6],[35,-30],[76,-18],[85,-101],[93,-6],[75,11],[118,-7],[107,-28],[49,-62],[7,-49],[-23,-51],[-46,-38],[-9,38],[-92,-40],[-17,-91],[51,5],[2,26],[140,14],[80,18],[45,-21],[29,7],[44,-46],[-15,-32],[-41,-19],[-44,6],[-47,-45],[-64,-96],[-55,-18],[-152,36],[-108,-27],[-79,-4],[-47,11],[-88,52],[-51,2],[-85,-39],[-57,-13],[6,-44],[49,-29],[34,-41],[55,-30],[-6,-34],[41,6],[66,-36],[-21,-37],[46,-52],[-21,-22],[-47,41],[-30,-6],[-13,-48],[-47,2],[-46,39],[-15,62],[-64,-1],[-29,15],[0,44],[-39,38],[-33,3],[2,-75],[-47,-6],[-32,39],[-80,48],[-24,52],[-62,-15],[15,-52],[-32,-42],[69,17],[33,-8],[44,-53],[-37,-34],[-69,4],[-8,-34],[41,-12],[28,-35],[73,38],[92,-5],[225,-150],[-15,-58],[-18,13],[-132,-184],[6,-35],[368,-244],[-30,-42],[89,-59],[30,43],[50,-33],[-147,-204],[-6,-40],[-31,-14],[-118,-164],[80,-54],[-124,-178],[-142,-194],[-159,-11],[-279,185],[-200,-67],[22,-100],[-37,-31],[-82,-146],[-65,-44],[9,-31],[111,-86],[32,45],[384,31],[153,18],[28,-10],[13,-126],[-46,-132],[-31,-118],[-46,-36],[-30,18],[-71,-2],[-26,-48],[-115,48],[-40,-41],[-43,-82],[38,-41],[44,35],[17,-10],[-51,-35],[52,-58],[82,25],[-17,-137],[25,-6],[-11,-44],[-25,-3],[-127,-147],[-46,-12],[-76,27],[-84,13],[-179,-27],[-20,-39],[37,-74],[42,-20],[65,35],[-16,22],[16,39],[103,7],[76,-55],[25,-59],[-50,-53],[-17,-100],[-21,-45],[-60,-35]],[[176021,124356],[-83,-43],[-51,20],[-44,71],[-108,70],[-316,28],[-169,95],[-82,87],[-25,56],[-133,139],[-243,188],[-75,65],[-114,41],[-40,30],[-141,206],[-88,167],[6,28],[-85,132],[-64,167],[3,88],[31,75],[-7,167],[-32,112],[1,110],[-40,68],[-117,-26],[-90,88],[-9,44],[34,78],[33,42],[-21,19],[-135,-60],[-5,18],[49,47],[64,179],[-39,-15],[-48,17],[-34,-65],[-38,10],[-13,-30],[-35,4],[-57,-42],[-16,49],[36,42],[-61,25],[32,22],[-80,51],[-3,31],[73,23],[108,-39],[8,25],[51,-16],[46,20],[15,29],[-53,55],[-22,52],[1,91],[72,74],[33,80],[6,96],[53,89],[40,22],[-14,56],[13,45],[-19,63],[-67,71],[-29,91],[126,141],[20,81],[36,18],[63,-8],[48,-58],[61,-18],[58,22],[-16,64],[10,30],[37,0],[117,178],[21,131],[496,346],[11,-14],[-49,-28],[-305,-213],[-143,-96],[-24,-129],[-28,-53],[19,-44],[24,9],[64,-149],[-16,-6],[48,-70],[15,-51],[-15,-76],[25,-43],[-34,-33],[61,-11],[117,33],[-95,297],[32,9],[230,-719],[125,-49],[-11,-33],[71,-30],[36,7],[149,-72],[34,-1],[40,44],[128,-14],[-47,25],[9,49],[-60,32],[-15,36],[-49,17],[-93,0],[62,15],[-21,39],[42,-2],[6,42],[35,-56],[71,-24],[-5,45],[47,-10],[23,41],[93,-69],[27,-50],[24,9],[7,67],[89,-59],[-16,-42],[18,-48],[42,33],[21,-35],[55,22],[-15,52],[36,19],[33,-28],[18,20],[48,-17],[57,4],[-36,53],[-50,11],[-12,48],[-64,40],[-101,158],[35,89],[33,-26],[23,-66],[28,39],[-5,74],[27,-4],[29,-82],[-15,-80],[17,-23],[35,30],[31,-35],[-4,78],[52,22],[26,-91],[19,1],[11,133],[48,25],[33,-11],[15,-76],[28,25],[85,-17],[13,-27],[-13,-75],[47,26],[96,13],[27,-34],[204,-98],[-4,-8],[-200,97],[-60,-15],[-89,-82],[-13,-29],[-43,-17],[-18,-31],[45,-49],[47,51],[17,-28],[47,6],[24,-94],[-40,-13],[20,-109],[34,-25],[142,-48],[28,45],[9,58],[-75,12],[113,-2],[14,42],[63,71],[-40,89],[9,4],[41,-93],[215,-134],[74,24],[81,-54],[20,-54],[69,-14],[56,18],[39,33],[37,3],[71,-59],[39,-142],[1,-57],[-56,-45],[1,-68],[-21,-38],[127,-1],[16,-40],[-19,-20],[31,-36],[-48,-14],[-3,-42],[-29,-17],[-89,25],[-27,-13],[-1,-62],[34,-10],[-30,-124],[21,-46],[70,-31],[42,-35],[0,-47],[59,-47],[-61,16],[-39,-75],[-24,-110],[12,-66],[40,-61],[70,-73],[49,-22],[68,-69],[11,-35],[-25,-61],[-9,-65],[-117,-106],[-145,-55],[-56,-39],[-106,-135],[-70,-110],[-139,-167],[-105,-137],[-104,-81],[-36,-51],[-13,-74],[-59,-57],[-5,-42],[-91,-158],[-122,-61],[-67,15],[-137,7],[-92,13],[-56,-6],[-76,-81]],[[133729,135079],[-81,37],[-56,-10],[-43,49],[9,17],[-16,73],[-86,-29],[-46,18],[4,41],[-36,-5],[-41,-45],[63,-73],[-30,-62],[53,-48],[-24,-60],[-2,-67],[-31,-44],[-11,-49],[-31,-16],[-36,-93],[59,9],[-51,-29],[1,-35],[-80,-62],[-45,2],[-8,23],[-96,29],[-88,-66],[-51,-51],[-160,-84],[-89,-59],[-36,-48],[-42,-7],[-25,-34],[-4,-51],[-75,-31],[-82,-2],[-85,46],[-65,-74],[-95,-8],[1,-49],[-41,-19],[-92,8],[-14,-48],[-72,-29],[-19,-21],[-62,2],[14,34],[-24,53],[-71,65],[0,25],[65,22],[49,-6],[36,29],[-27,29],[38,35],[137,70],[132,58],[43,-3],[35,33],[20,67],[5,68],[18,7],[4,61],[84,7],[19,46],[66,89],[113,121],[-5,78],[-108,26],[-27,21],[-179,12],[-104,32],[-8,15],[-98,36],[-50,-20],[-38,10],[3,36],[35,16],[86,11],[-9,60],[45,11],[49,-36],[36,43],[72,-35],[-13,54],[50,36],[74,-34],[56,-12],[-42,63],[-1,41],[29,-5],[59,69],[-70,68],[-133,-94],[12,-29],[-78,7],[-231,60],[6,19],[-84,15],[-20,-112],[-17,-3],[32,116],[-28,7],[-148,91],[-87,19],[-62,-4],[-18,-22],[-38,12],[-67,-12],[-61,-37],[-94,4],[-53,16],[-154,-9],[-50,-35],[-143,-36],[-57,-40],[-56,-63],[-48,-35],[9,-38],[-98,-33],[-43,5],[-107,-19],[-38,19],[-25,125],[17,144],[-41,73],[43,34],[34,71],[37,48],[112,76],[50,12],[73,66],[157,82],[50,50],[280,208],[41,9],[106,62],[56,18],[69,102],[72,61],[82,141],[-15,24],[1,65],[19,30],[-8,64],[-53,54],[-55,9],[-10,34],[30,121],[61,-42],[20,-46],[59,0],[65,37],[5,43],[35,5],[21,32],[76,54],[32,50],[78,67],[43,84],[-14,113],[70,55],[33,57],[63,29],[-13,-42],[52,4],[44,43],[30,6],[42,74],[26,13],[60,97],[40,2],[35,49],[41,-4],[38,42],[-29,4],[21,31],[44,-45],[66,-10],[40,23],[51,5],[-36,33],[-39,-23],[-58,0],[60,31],[-63,12],[32,109],[66,24],[120,66],[32,-15],[60,6],[78,40],[-6,15],[73,5],[0,25],[42,-1],[25,40],[42,-20],[-12,52],[68,56],[-1,130],[28,18],[3,60],[52,58],[86,-54],[22,-122],[20,-59],[38,-34],[-14,-25],[18,-41],[-36,-131],[-20,-36],[-103,-73],[-24,-44],[-6,-84],[-40,-37],[-22,-47],[-3,-61],[49,-72],[26,-69],[32,40],[-8,-45],[52,-85],[-29,-71],[44,-25],[19,-41],[105,-66],[52,-49],[77,-24],[117,21],[93,-9],[66,20],[45,79],[64,20],[31,128],[8,-2],[-25,-111],[89,-57],[-14,-19],[81,-26],[22,27],[-59,48],[22,33],[-5,73],[-47,-3],[64,26],[32,96],[-3,36],[-72,73],[-5,56],[24,2],[-40,53],[-5,37],[44,45],[37,-12],[6,76],[56,-23],[39,-45],[-48,101],[-8,56],[66,40],[44,-43],[55,-9],[2,63],[61,-7],[-30,109],[132,97],[60,-2],[4,-44],[39,14],[15,36],[48,-25],[4,-61],[99,87],[36,-12],[25,-52],[17,3],[-2,-104],[-55,-88],[-69,-65],[-44,-129],[-44,-50],[-5,-48],[-55,-89],[-95,-102],[-83,-73],[-23,-42],[-10,-65],[54,-61],[-5,-83],[15,-25],[-28,-107],[7,-20],[-48,-112],[-64,-92],[-54,-138],[-136,-98],[-31,-39],[-157,-90],[-20,-111],[8,-86],[29,-71],[102,-74],[26,-67],[5,-75],[-45,-101],[48,-106],[50,12],[116,-26],[2,-113],[-83,-72],[14,-68],[-16,-60],[-64,-28],[-47,19],[-11,26],[-85,41],[-48,81],[-19,68],[-67,-6],[65,-59],[-37,-139],[-59,12],[6,-79],[-14,-22],[-79,24],[-35,-23],[-23,-81],[62,-12],[-19,-77],[-43,-27],[29,-72],[-21,-47],[-126,-54]],[[169611,136684],[52,21],[45,-3],[27,-31],[168,-57],[52,-4],[65,24],[-29,29],[18,30],[36,3],[91,-42],[12,-52],[125,-39],[131,14],[174,-14],[11,85],[-22,3],[-80,60],[-167,25],[-49,32],[-37,2],[-40,37],[-3,36],[-187,16],[-48,66],[-3,52],[43,101],[65,54],[45,-15],[20,-28],[86,-21],[46,57],[82,33],[113,18],[30,-93],[77,-41],[13,-43],[73,-19],[92,43],[-10,47],[5,77],[-31,65],[0,35],[-67,89],[15,37],[53,26],[67,9],[35,71],[41,2],[14,53],[-39,67],[74,-13],[68,-46],[13,25],[-29,63],[-48,41],[3,55],[28,52],[-19,52],[15,81],[74,13],[38,-34],[27,-81],[-1,-57],[64,-44],[61,94],[-15,28],[17,95],[-98,147],[178,114],[1,35],[-43,25],[19,43],[6,67],[35,95],[69,35],[81,-24],[47,-2],[100,-42],[10,-16],[160,-88],[43,-49],[-63,147],[-54,30],[-84,90],[-68,29],[31,67],[56,6],[114,-22],[-5,48],[42,17],[-13,48],[-65,-31],[-38,-3],[-88,38],[-103,-20],[-60,-89],[-155,-57],[-50,-82],[-62,-36],[-52,-160],[-20,-24],[-129,-79],[-67,15],[-78,122],[-54,-43],[-30,69],[40,97],[-19,52],[7,146],[-10,74],[-49,4],[-15,-28],[10,-52],[-32,-67],[2,-36],[-62,-135],[-33,-167],[38,-67],[50,-10],[53,-150],[-69,-27],[-21,-34],[-76,-54],[-73,4],[-30,25],[-55,83],[-62,64],[-75,44],[-20,60],[29,47],[70,44],[83,12],[38,-6],[16,103],[-47,109],[-74,58],[29,29],[-49,125],[-76,-14],[-41,36],[-78,-18],[-121,6],[43,32],[-37,154],[4,90],[-21,75],[11,116],[35,43],[39,-39],[55,-12],[89,36],[36,44],[-11,66],[-23,22],[-46,148],[-17,96],[32,21],[91,-21],[88,-86],[105,-50],[-29,-23],[34,-67],[4,-37],[71,12],[4,43],[-31,24],[26,55],[-32,19],[-29,-12],[14,95],[20,26],[55,10],[88,-49],[106,-1],[127,24],[97,-46],[56,-15],[42,-56],[-2,-64],[20,-25],[65,-32],[102,-14],[95,-55],[66,7],[89,-11],[128,-33],[102,57],[114,30],[134,-48],[162,11],[47,31],[51,-22],[64,-6],[58,-71],[-16,-125],[33,-111],[46,-47],[32,18],[-12,117],[16,34],[106,-42],[22,-27],[72,-32],[-1,32],[-106,114],[-99,31],[3,78],[113,-6],[37,-23],[96,1],[49,28],[43,54],[-2,48],[-32,92],[40,1],[74,-94],[40,-21],[-34,-23],[0,-73],[-39,-21],[-15,-45],[33,-49],[21,7],[34,-57],[19,9],[50,-55],[-3,-23],[41,-29],[-8,-31],[17,-63],[40,-84],[28,-34],[80,-27],[45,21],[108,-43],[123,-81],[50,-86],[-4,-86],[-33,-44],[-41,-104],[-60,-43],[-50,-93],[-96,-82],[-79,-17],[-56,-35],[-63,-162],[-28,-40],[-60,-167],[-101,-212],[-42,-22],[-43,-78],[0,-45],[-35,-55],[-114,-58],[-122,-21],[-52,25],[-57,99],[-71,2],[-97,-106],[-39,-23],[-88,14],[-71,-26],[-47,-44],[-21,-54],[20,-36],[-2,-107],[21,-88],[-43,-60],[-95,-25],[-32,21],[-127,30],[-134,-11],[-31,-27],[-27,16],[-124,21],[-63,1],[-76,-20],[-58,-48],[-14,-75],[-62,-30],[-63,-12],[-77,-53],[-18,-51],[-59,-55],[-90,-31],[-72,-3],[-45,-15],[-70,-64],[-29,-73],[4,-125],[-21,-73],[-53,-28],[-52,10],[-63,30],[-114,-49],[-76,-52],[-17,-80],[72,-38],[6,-35],[-2,-182],[-30,-21],[-68,-4],[-59,48],[-239,53],[-70,3],[-87,-15],[-158,-68],[-41,2],[-38,47],[-44,138],[2,62],[-51,41],[-7,50],[33,89],[37,14],[-3,88],[-25,45],[13,34],[58,27],[79,83],[21,-12],[-51,-65],[87,-87],[25,21],[35,-10],[53,-44],[-7,-48],[42,-8],[50,70],[-4,49],[-78,84],[-56,25],[-71,55],[-31,3],[23,184],[-21,88],[31,30]],[[145609,135523],[19,60],[4,-85],[81,7],[53,162],[51,39],[9,-20],[-46,-24],[-53,-165],[50,-25],[-3,-67],[-31,-27],[-78,-13],[-50,47],[-105,-53],[23,-19],[4,-80],[-66,-2],[24,-33],[-83,-20],[-88,10],[-36,16],[22,69],[-36,50],[-68,43],[-89,23],[-45,-5],[-58,-46],[29,-72],[-44,-17],[-7,-40],[30,-17],[-68,-19],[-19,62],[-47,-21],[-53,23],[-25,-6],[-10,39],[38,40],[-4,43],[22,55],[-3,44],[-47,52],[-71,34],[-20,52],[-34,19],[61,64],[39,23],[0,44],[59,61],[-85,127],[12,7],[68,-101],[111,69],[-44,108],[-69,103],[-71,153],[-49,43],[-61,32],[-72,22],[-67,-2],[-27,-17],[-55,15],[-16,-50],[-34,-19],[33,83],[7,62],[-24,38],[-72,38],[72,33],[23,-12],[60,30],[29,44],[54,35],[143,128],[37,52],[26,83],[5,86],[-29,84],[-73,78],[-13,89],[-161,34],[-42,-9],[-15,75],[64,71],[41,-16],[25,16],[34,85],[-27,33],[-50,11],[7,47],[64,27],[47,-34],[26,17],[70,-16],[38,28],[26,68],[16,104],[72,72],[20,-16],[43,31],[96,-20],[38,52],[37,-21],[47,7],[63,33],[36,37],[-13,43],[60,33],[28,35],[62,-23],[40,9],[58,-32],[91,18],[-2,95],[121,59],[3,37],[-22,49],[44,16],[22,30],[45,-22],[97,-25],[83,-35],[44,-46],[5,-61],[-40,-107],[29,-72],[-27,-33],[-4,-41],[-98,-91],[-17,-48],[77,-48],[-4,-24],[45,-50],[42,-67],[-11,-71],[4,-79],[-63,-5],[-1,-36],[-59,-28],[11,-84],[59,-50],[60,46],[42,-44],[-58,-34],[42,-16],[-4,-34],[-64,0],[-24,-16],[15,-92],[86,-141],[80,-76],[46,-22],[67,-5],[20,38],[66,38],[59,11],[80,-78],[25,73],[42,-4],[19,-26],[90,-20],[50,-35],[23,-52],[-10,-44],[-82,-16],[-17,-20],[-90,-22],[-42,-129],[50,-113],[41,-25],[21,-37],[59,-17],[31,18],[-29,-64],[87,-106],[56,-28],[47,2],[27,-56],[-34,-22],[7,-66],[-33,-34],[16,-26],[-61,33],[-38,-28],[13,-25],[-50,-1],[-20,-21],[-24,23],[-79,4],[-39,-22],[-52,10],[-35,89],[-90,61],[-85,24],[-112,-8],[-16,-14],[-164,-45],[-25,-52],[-61,12],[-98,-60],[-36,-12],[-78,45],[-100,-32],[-43,-81],[-17,-99],[-38,-130],[38,-143],[33,-29],[32,32],[4,55]],[[178096,139905],[49,-35],[22,16],[2,56],[94,24],[4,25],[-39,60],[80,153],[-100,59],[-112,-175],[-182,14],[17,88],[21,51],[60,10],[64,38],[0,65],[-83,17],[24,24],[60,-15],[18,15],[-54,89],[64,72],[2,33],[-28,40],[58,17],[17,-46],[73,-25],[43,26],[-18,70],[10,35],[39,-34],[70,28],[-14,94],[11,50],[-16,14],[27,42],[38,-31],[74,-36],[34,27],[2,84],[-11,95],[52,69],[90,22],[25,58],[45,-7],[22,67],[-52,-10],[-14,41],[70,9],[59,83],[-33,75],[32,58],[34,28],[41,-59],[61,15],[0,-87],[16,-28],[46,-6],[10,-39],[-27,-73],[7,-72],[54,-15],[109,14],[33,-175],[123,22],[3,-15],[-215,-38],[-71,8],[-32,-33],[-44,-104],[0,-35],[30,-52],[45,-25],[-31,-90],[28,-32],[-27,-75],[12,-33],[55,-67],[-12,-42],[26,-52],[35,-25],[-2,-81],[-80,-20],[-53,-2],[-84,-32],[-51,-82],[-9,-64],[48,-53],[28,-53],[-26,-58],[-82,-25],[-51,-53],[-32,-99],[-35,-45],[-46,-12],[-59,29],[-42,-8],[-61,-56],[-58,-77],[7,-51],[60,-63],[21,14],[-25,-84],[64,-49],[18,-44],[-7,-75],[-23,-64],[-57,-62],[-30,28],[-19,60],[-39,-21],[-104,-13],[-40,-44],[37,89],[-25,115],[-44,32],[-99,-15],[-28,-70],[-48,-3],[-42,29],[-19,63],[-32,59],[-63,-18],[36,39],[-13,29],[1,110],[99,57],[-13,100],[8,23],[-40,34],[-84,-18],[-13,55],[-34,9],[-16,-24],[-40,36],[-4,58],[44,-12],[-19,72],[40,-68],[8,19],[108,29],[56,2],[3,39],[44,49],[5,-50],[31,-24]],[[180382,135456],[71,-157],[54,-45],[112,-139],[50,-134],[-3,-76],[59,-174],[-9,-14],[1,-206],[75,-167],[5,-55],[-55,-111],[37,-87],[-29,-104],[-37,-46],[-16,-103],[-57,-26],[-114,39],[-31,19],[-139,-18],[-41,-23],[-31,11],[-132,-1],[-56,26],[-29,49],[-22,85],[75,110],[52,93],[72,86],[6,60],[-43,35],[-46,109],[5,74],[-22,29],[4,174],[23,43],[-2,148],[51,113],[13,83],[-29,57],[17,123],[13,28],[-12,90],[-20,62],[63,149],[-4,38],[36,106],[28,25],[43,76],[8,47],[-82,97],[-12,53],[29,187],[60,-1],[-5,78],[46,-15],[21,18],[-53,52],[8,57],[44,31],[-22,89],[57,83],[0,60],[-37,37],[-8,40],[28,15],[67,-37],[86,-5],[27,-53],[-38,-28],[-10,-75],[14,-55],[-40,-32],[25,-42],[32,-155],[-8,-60],[39,-39],[23,-128],[-82,-93],[53,-253],[-21,-28],[-116,-21],[-22,-15],[-67,-1],[-67,-105],[36,-125],[1,-32]],[[168589,136180],[20,-18],[-47,-51],[-119,-37],[-38,-27],[-66,-11],[-107,-73],[-104,-4],[-60,-40],[-68,-6],[-32,28],[-56,97],[-28,21],[-23,61],[12,35],[39,30],[44,9],[45,33],[-1,63],[20,74],[52,73],[12,124],[-17,73],[61,42],[27,-19],[263,-71],[150,-110],[85,-2],[144,29],[103,45],[49,-1],[84,-57],[64,-4],[197,-65],[-50,7],[44,-75],[-11,-81],[33,-63],[6,-48],[-31,-82],[-26,12],[-74,-87],[-37,14],[-42,-68],[-6,-63],[34,-28],[90,-39],[73,-58],[-6,-92],[-70,-53],[-53,-16],[-90,2],[-77,15],[-92,35],[-176,78],[-56,54],[-10,60],[34,63],[101,79],[20,51],[1,113],[-18,21],[-76,36],[-72,6],[-68,-34]],[[154961,138061],[-45,14],[77,61],[-85,-2],[-16,56],[20,29],[-10,54],[44,62],[23,57],[88,-17],[54,57],[32,13],[68,-6],[76,-46],[-7,-51],[50,-13],[128,-88],[50,-60],[90,-27],[74,-88],[38,-3],[34,-28],[10,-49],[-26,-28],[79,-26],[16,-41],[-21,-31],[-38,-3],[16,-45],[-43,-14],[1,-33],[-47,-2],[32,-49],[-55,-35],[-57,-58],[-36,24],[-22,60],[-17,-4],[1,-63],[-58,45],[-21,129],[-109,-4],[-12,46],[-61,-36],[-13,47],[-28,-14],[-34,61],[7,-51],[-28,-32],[-63,9],[-10,83],[-29,36],[30,19],[-50,7],[-26,76],[-41,-55],[-65,-8],[35,65]],[[191481,135468],[-19,-52],[-38,-38],[44,-55],[-6,-65],[52,-68],[-69,-42],[24,-39],[-34,-43],[101,-19],[18,-136],[43,4],[15,84],[52,1],[54,-22],[-24,-84],[-56,0],[-7,-29],[78,-43],[-39,-67],[-77,57],[-19,31],[-58,-6],[-30,-65],[-104,25],[-27,-46],[-94,26],[-42,65],[-37,-7],[-9,89],[44,44],[-100,-18],[-1,-131],[-34,-27],[-46,16],[1,91],[-54,32],[-37,103],[31,111],[91,-6],[35,-13],[14,31],[41,20],[-15,-78],[42,14],[41,-47],[53,50],[-28,17],[-33,58],[5,88],[48,-41],[85,-19],[12,19],[-75,62],[16,34],[49,-5],[14,29],[-24,38],[62,83],[8,51],[33,11],[30,-73]],[[199653,130489],[60,-6],[57,18],[37,-101],[86,-54],[11,-61],[-39,-120],[-61,-41],[-30,-67],[-75,-75],[-86,3],[-60,44],[-93,118],[12,59],[-3,66],[-26,6],[-57,-47],[-37,28],[-23,55],[8,55],[49,44],[55,-45],[32,20],[-22,69],[-115,60],[-50,15],[-34,42],[41,20],[130,42],[28,47],[40,-6],[48,-49],[73,-2],[38,-38],[-14,-40],[20,-59]],[[167762,136560],[-86,-19],[-14,13],[-126,-12],[-114,23],[-128,66],[-93,-18],[-41,13],[-28,43],[-17,138],[41,86],[68,9],[68,-60],[52,-67],[84,8],[35,24],[36,69],[34,24],[75,-6],[180,-121],[95,-30],[34,-52],[-1,-33],[-64,-62],[-90,-36]],[[191844,135504],[9,-28],[-53,-23],[-21,59],[13,45],[-33,48],[-25,3],[-22,71],[-49,9],[-31,29],[10,30],[-56,69],[-28,92],[18,68],[122,113],[88,12],[105,-52],[42,-32],[10,-92],[28,-37],[58,-111],[-13,-26],[-4,-131],[30,-21],[19,18],[27,-27],[-56,-43],[-43,26],[-58,-47],[-39,48],[-48,-70]],[[200242,134484],[-20,-10],[11,-56],[-23,-5],[-14,84],[-38,54],[-107,51],[-86,101],[-2,38],[56,46],[31,59],[-41,31],[-20,77],[4,32],[45,56],[43,-5],[57,-36],[92,-7],[76,-15],[72,-40],[-10,-106],[5,-55],[-88,-89],[-18,-147],[-25,-58]],[[179508,143564],[-76,20],[-24,26],[-6,56],[19,92],[-25,64],[9,94],[97,10],[21,46],[111,14],[50,-27],[140,-113],[1,-45],[-47,-96],[33,-75],[91,-70],[-31,-46],[-17,43],[-84,94],[-104,71],[-54,7],[-23,-32],[-68,19],[-42,-15],[-10,-29],[52,-85],[-13,-23]],[[199573,136191],[-26,33],[50,81],[-6,46],[-76,49],[-15,53],[53,41],[42,2],[159,-32],[77,-124],[-9,-52],[-34,-70],[56,-66],[-35,-66],[-44,-40],[-98,-44],[-110,-19],[78,110],[-12,74],[-50,24]],[[191656,135052],[-57,33],[11,32],[40,25],[-35,34],[3,68],[-20,11],[-10,66],[27,60],[54,-31],[150,-9],[18,33],[-14,60],[108,2],[89,-15],[17,-20],[-26,-32],[-65,-18],[-22,-53],[42,-34],[-36,-49],[-63,-1],[29,-60],[50,-27],[-37,-55],[-41,28],[-38,-12],[-35,29],[-11,41],[-28,3],[-100,-109]],[[170686,144086],[-4,40],[44,38],[62,81],[27,-1],[26,-84],[69,-2],[56,74],[88,-76],[125,28],[66,44],[41,-4],[-59,-80],[4,-63],[22,-32],[-110,-60],[-62,-13],[-50,7],[-73,40],[-157,3],[-81,26],[-34,34]],[[178286,128519],[33,29],[33,-43],[-32,-79],[24,-53],[-9,-43],[18,-61],[-35,29],[-14,44],[-62,-15],[-45,11],[-49,-20],[-18,40],[-40,29],[-158,-39],[-173,93],[2,35],[59,17],[37,-18],[17,31],[50,8],[83,-23],[46,-30],[43,41],[80,-7],[40,37],[-5,39],[39,-11],[36,-41]],[[192698,139733],[0,57],[27,75],[35,12],[46,-53],[45,-22],[19,-34],[-32,-55],[-43,-37],[-53,-81],[-33,-120],[21,-50],[-43,-32],[-114,35],[-7,52],[23,41],[-31,58],[60,-10],[74,32],[-6,119],[12,13]],[[191207,135463],[-41,-81],[-43,-61],[10,-44],[-51,-8],[-68,-71],[-69,42],[21,100],[-18,82],[15,43],[81,28],[40,-22],[59,37],[4,50],[47,41],[23,-1],[-10,-135]],[[193080,139882],[-50,46],[52,98],[-13,80],[8,28],[40,17],[53,-23],[14,-88],[67,-62],[-10,-96],[-30,-39],[-35,-11],[-68,19],[-28,31]],[[195061,138116],[58,41],[78,-8],[39,40],[36,-2],[33,-84],[40,-58],[-1,-28],[-101,-52],[-66,2],[-90,91],[-26,58]],[[199097,130241],[-27,55],[-7,63],[61,51],[-55,53],[7,55],[33,71],[28,2],[35,-97],[-3,-58],[77,-34],[30,-40],[-42,-80],[-62,-10],[-36,-31],[-39,0]],[[199390,130930],[75,-35],[0,-55],[-46,-84],[-2,-51],[-104,-13],[-39,14],[-18,93],[61,68],[17,94],[18,11],[38,-42]],[[134706,135615],[11,37],[-19,35],[66,40],[36,-36],[30,56],[82,12],[7,-65],[-14,-82],[40,-56],[-48,-13],[-95,29],[-96,43]],[[195841,138395],[16,-49],[-57,-36],[-23,-52],[-70,6],[-87,27],[-14,41],[30,66],[46,16],[98,6],[61,-25]],[[180125,143618],[70,-5],[42,-34],[-60,-80],[-40,-22],[-58,64],[-79,46],[-23,83],[31,15],[117,-67]],[[157322,136126],[4,-62],[-45,-47],[-59,-18],[-54,8],[-12,28],[33,43],[-48,-24],[-3,45],[46,50],[51,21],[42,-10],[45,-34]],[[141055,135104],[33,0],[29,-77],[-56,-54],[-28,-8],[-31,36],[-124,-1],[6,54],[43,32],[128,18]],[[131636,135140],[32,-55],[1,-59],[-54,-30],[-48,-8],[-35,17],[-8,34],[20,69],[57,73],[35,-41]],[[177432,139514],[-25,-45],[-3,-72],[-16,-31],[-56,-46],[-69,20],[46,70],[63,65],[63,132],[31,-27],[-34,-66]],[[191517,138256],[-56,-110],[-53,12],[-27,33],[2,41],[51,56],[80,49],[24,-25],[-21,-56]],[[190073,143016],[29,25],[85,-19],[16,-36],[-73,-116],[-56,32],[-1,114]],[[134212,137719],[-28,-53],[-74,-1],[-48,35],[31,78],[37,17],[76,-17],[6,-59]],[[145890,138572],[6,-75],[65,-30],[-7,-21],[-55,-1],[-53,58],[-42,-3],[-51,25],[5,44],[78,40],[54,-37]],[[199045,130634],[-10,43],[25,81],[38,30],[42,-17],[-11,-44],[15,-78],[-37,-32],[-40,-8],[-22,25]],[[177820,126696],[38,30],[27,-31],[-12,-54],[-85,-6],[-68,51],[-7,52],[25,34],[32,-13],[17,-54],[33,-9]],[[131057,133107],[21,-42],[-23,-98],[-48,-21],[-25,60],[5,64],[20,56],[50,-19]],[[177754,130704],[27,126],[85,-74],[-45,-103],[-50,5],[-17,46]],[[169522,134951],[17,-77],[-42,-16],[-26,-38],[-26,16],[-1,143],[19,25],[59,-53]],[[191668,138562],[-44,29],[29,50],[58,31],[65,-29],[-3,-46],[-35,-22],[-70,-13]],[[144173,136604],[24,-67],[-17,-32],[-63,-2],[-64,62],[106,65],[14,-26]],[[177613,129781],[63,-34],[-5,-63],[-63,-5],[-54,50],[12,56],[47,-4]],[[135315,135955],[53,-88],[-21,-37],[-61,15],[-51,75],[80,35]],[[146916,136011],[42,-51],[-7,-42],[28,-32],[-2,-42],[-35,-4],[-49,37],[9,51],[-32,47],[46,36]],[[144320,132467],[52,-17],[-19,-59],[-74,-5],[-46,10],[14,72],[73,-1]],[[197746,136999],[-63,-5],[-25,52],[-4,55],[32,8],[84,-58],[-24,-52]],[[141453,139830],[-70,-3],[-71,-26],[-70,-3],[-56,11],[88,37],[142,-1],[52,15],[86,-20],[-101,-10]],[[169430,135222],[8,-67],[-97,19],[-35,26],[-3,38],[97,4],[30,-20]],[[173582,129041],[-11,24],[25,28],[82,-3],[40,-41],[-40,-35],[-57,-7],[-39,34]],[[178533,127127],[-60,30],[14,51],[-75,18],[-3,55],[28,8],[44,-24],[10,-52],[50,-29],[-8,-57]],[[143641,140884],[40,30],[43,-1],[21,-23],[-49,-63],[-43,-20],[-58,28],[46,49]],[[169318,134601],[-25,44],[-1,56],[27,23],[50,-20],[10,-69],[-21,-28],[-40,-6]],[[193243,137640],[-44,2],[-8,76],[31,19],[72,-45],[-51,-52]],[[172924,127204],[-40,-64],[-35,-3],[25,127],[52,14],[-2,-74]],[[179159,124234],[-35,34],[-4,52],[39,36],[44,-30],[-18,-77],[-26,-15]],[[186809,147484],[-32,16],[-6,34],[29,38],[77,-24],[-23,-46],[-45,-18]],[[153517,139918],[5,-24],[-46,-5],[-57,67],[-38,1],[57,29],[59,-18],[20,-50]],[[174605,145967],[86,52],[41,-19],[-15,-28],[-71,-31],[-41,26]],[[176674,138844],[7,157],[31,-3],[6,-38],[-13,-89],[-31,-27]],[[144461,132644],[32,23],[42,-79],[4,-36],[-76,53],[-2,39]],[[199871,130677],[-34,19],[33,22],[77,6],[19,-45],[-95,-2]],[[153698,139901],[44,24],[40,55],[27,-44],[-42,-66],[-18,33],[-51,-2]],[[191158,134741],[34,70],[15,-108],[-5,-32],[-51,17],[7,53]],[[135091,135845],[-17,-81],[-22,-9],[-35,62],[56,50],[18,-22]],[[197497,136836],[0,42],[-39,27],[25,27],[55,-26],[-2,-84],[-39,14]],[[174391,128452],[-19,41],[13,38],[54,1],[-20,-94],[-28,14]],[[155390,137705],[-48,-11],[5,58],[101,20],[-1,-34],[-51,-8],[-6,-25]],[[199984,135570],[52,65],[55,-40],[56,-5],[-67,-18],[-96,-2]],[[177747,131115],[27,43],[39,-7],[-2,-57],[-35,-23],[-29,44]],[[198938,130338],[9,87],[29,9],[13,-74],[-51,-22]],[[190722,137341],[-33,38],[39,50],[43,-6],[-49,-82]],[[177116,139136],[-21,-60],[-29,-3],[21,111],[26,10],[3,-58]],[[153614,139913],[1,-18],[-77,-3],[-1,38],[51,29],[26,-46]],[[178637,127958],[92,-356],[-9,0],[-92,354],[9,2]],[[192356,143540],[-63,14],[11,21],[75,17],[15,-33],[-38,-19]],[[177833,147910],[39,-49],[-28,-17],[-18,36],[-57,22],[23,36],[41,-28]],[[178203,137241],[-53,8],[19,38],[44,16],[20,-35],[-30,-27]],[[180453,137566],[-69,67],[19,20],[57,-61],[59,5],[1,-27],[-67,-4]],[[144571,137169],[21,-15],[-5,-63],[-45,33],[-5,36],[34,9]],[[133742,134957],[-59,-21],[20,36],[67,37],[13,-38],[-41,-14]],[[199355,136983],[-3,69],[-18,40],[11,30],[35,-65],[3,-39],[-28,-35]],[[198443,136316],[0,-76],[-42,4],[-41,41],[83,31]],[[177630,126620],[-58,-11],[-78,32],[13,16],[123,-37]],[[190879,137469],[-85,-17],[46,49],[37,5],[2,-37]],[[175599,127692],[-17,-44],[-51,76],[2,25],[66,-57]],[[131881,135267],[15,17],[109,-82],[-16,-18],[-108,83]],[[177799,130974],[-47,41],[18,27],[42,-19],[-13,-49]],[[132633,134293],[41,26],[21,-52],[-25,-5],[-37,31]],[[175495,127838],[-6,-19],[39,-45],[-50,22],[-7,58],[33,26],[-9,-42]],[[179151,124179],[-22,-36],[-31,30],[9,38],[44,-32]],[[191297,134528],[-43,-12],[-28,57],[71,-45]],[[178321,128209],[27,-216],[-11,-2],[-27,216],[11,2]],[[191870,140579],[-34,3],[12,61],[30,-19],[-8,-45]],[[177605,125431],[-42,9],[62,46],[8,-25],[-28,-30]],[[133899,135057],[-51,-43],[3,45],[40,27],[8,-29]],[[144160,136700],[-11,7],[32,89],[2,-90],[-23,-6]],[[176209,139884],[58,55],[-29,-64],[-29,9]],[[174740,145810],[-56,27],[0,39],[46,-33],[10,-33]],[[175180,146376],[2,-28],[-71,52],[40,9],[29,-33]],[[176451,127579],[-59,-9],[10,26],[66,8],[-17,-25]],[[178696,128327],[-66,14],[67,27],[-1,-41]],[[178997,124273],[-26,44],[29,18],[17,-34],[-20,-28]],[[178639,128257],[-22,13],[23,35],[31,-9],[-32,-39]],[[132029,134035],[-78,-38],[10,30],[68,8]],[[131788,133975],[-51,-11],[23,25],[66,11],[-38,-25]],[[178630,143173],[1,48],[29,-17],[-30,-31]],[[178503,125408],[21,28],[34,-41],[-55,13]],[[142676,140667],[-41,-24],[-34,7],[54,32],[21,-15]],[[176892,128279],[45,2],[-57,-50],[12,48]],[[192434,139679],[30,15],[48,-35],[-27,-10],[-51,30]],[[191611,138434],[-45,9],[53,23],[-8,-32]],[[179116,124082],[-25,23],[13,28],[31,-32],[-19,-19]],[[146438,135864],[-11,28],[20,36],[18,-45],[-27,-19]],[[144831,137899],[12,41],[28,-34],[-40,-7]],[[130995,132669],[3,78],[17,-16],[-20,-62]],[[175111,146278],[-37,1],[44,39],[-7,-40]],[[196028,136744],[-38,10],[33,28],[5,-38]],[[200173,135512],[-52,-5],[3,28],[49,-23]],[[175196,143942],[-25,63],[25,-21],[0,-42]],[[174513,145658],[-26,-6],[-15,37],[20,15],[21,-46]],[[177776,130638],[11,-16],[-42,-30],[-13,13],[44,33]],[[179101,124029],[-2,-42],[-23,0],[-1,47],[26,-5]],[[170607,138179],[-7,50],[29,-8],[-22,-42]],[[174947,143115],[-43,1],[22,26],[21,-27]],[[177878,127838],[-28,7],[16,31],[40,-34],[-28,-4]],[[141632,139864],[-41,7],[48,21],[-7,-28]],[[155643,138235],[-42,-3],[25,36],[17,-33]],[[177577,139584],[-5,41],[23,-1],[-18,-40]],[[143471,140703],[38,21],[-19,-37],[-19,16]],[[174615,145671],[-46,-15],[4,26],[42,-11]],[[135032,135510],[-35,-3],[35,36],[0,-33]],[[178575,125504],[5,22],[38,-32],[-43,10]],[[178535,126500],[55,74],[-64,-103],[9,29]],[[175613,127640],[11,-38],[-28,9],[17,29]],[[174815,146001],[32,9],[-19,-35],[-13,26]],[[157273,135872],[15,32],[17,-28],[-32,-4]],[[177748,129734],[5,-31],[-39,19],[34,12]],[[254724,102186],[-31,12],[27,-76],[32,-129],[48,-104],[-6,-41],[-85,-90],[0,-127],[-16,-83],[88,-64],[43,-58],[53,-143],[54,-43],[18,-48],[-12,-64],[22,-255],[-2,-106],[-17,-70],[-38,-67],[-204,38],[-87,43],[-145,58],[-65,-49],[-106,-144],[-38,-68],[-104,6],[-46,-21],[-41,-46],[-24,-98],[56,-53],[46,-110],[-27,-49],[-29,-146],[-159,21],[-137,-83],[-77,-15],[-79,-138],[-81,-117],[-55,-49],[-118,-31],[-209,-38],[-102,-38],[-83,-82],[-76,-94],[-37,-2],[-32,-41],[34,-66],[61,-26],[59,-8],[40,-63],[-1,-129],[14,-87],[16,-176],[17,-65],[-10,-186],[-73,119],[-282,0],[-196,18],[-89,-7],[-272,14],[-158,18],[-200,-6],[-175,1],[-235,-5],[-205,40],[-228,21],[-89,27],[-96,11],[-36,-14],[-48,-79],[-85,-82],[-84,-139],[-44,-83],[-114,-95],[-66,-74],[6,-147],[99,-94],[-1,-62],[-42,-119],[-9,-85],[19,-63],[42,-72],[-6,-61],[-60,-164],[1,-64],[45,-130],[38,-60],[12,-53],[-19,-92],[-67,-110],[-35,-40],[-217,-187],[-68,-47],[-29,-70],[-67,-106],[-78,-53],[-38,-56],[-136,-158],[-381,-208],[-117,-67],[-180,-130],[-61,-54],[-44,-70],[-6,-63],[-21,-57],[-73,-52],[-78,-15],[-154,0],[-66,-62],[-161,-55],[-133,-129],[-108,-141],[-17,-51],[-49,-82],[-35,-137],[-85,90],[-61,119],[-24,-8],[-52,-131],[-84,-156],[-79,-42],[-86,6],[-127,-133],[-103,-75],[-76,-75],[-59,-35],[-160,-74],[-185,-72],[-217,-71],[-205,-89],[-246,-114],[-247,-120],[-43,-102],[-49,-46],[-33,-12],[-192,-20],[-120,-107],[-118,-95],[-206,-91],[-154,-6],[-68,-80],[-79,-125],[-288,-249],[-38,-49],[-107,-189],[-104,-81],[-166,-102],[-102,-14],[-57,-51],[-97,-159],[-128,-147],[-205,-69],[-340,-216],[-167,-212],[-38,-37],[-58,-119],[-120,90],[-49,73],[-54,59],[-70,31],[-62,-13],[-81,-77],[-65,-84],[-126,-113],[2,-27],[193,-96],[-82,-91],[-119,-85],[-76,-37],[-139,-28],[-57,-4],[-103,16],[-40,20],[-27,-83],[-44,-88],[-71,-182],[-110,-186],[-34,-46],[-331,66],[-26,-9],[-144,-11],[-213,-10],[-188,12],[-33,-14],[-130,8],[-91,29],[-211,-66],[-77,22],[-233,-16],[-117,-61],[-63,-51],[-275,-135],[-203,-81],[-222,-48],[-16,-53],[-221,1],[-59,47],[-90,24],[-84,-2],[-111,-17],[-25,-55],[-139,-84],[-47,44],[-55,29],[-38,-38],[-112,31],[-39,0],[-164,-31],[-52,-36],[-86,-31],[-155,-30],[-106,-1],[-132,-39],[-103,-16],[-121,0],[-1,29],[-68,-21],[-1,-33],[-36,0],[-49,-67],[-128,-58],[-49,14],[-43,-17],[-39,-50],[-31,28],[-59,-36],[-80,-23],[-110,-11]],[[236411,89521],[3,126],[-35,149],[-14,98],[9,59],[55,139],[6,139],[-60,275],[-8,107],[64,317],[56,187],[88,231],[36,143],[-1,261],[4,62],[24,97],[-24,250],[7,37],[55,50],[19,77],[38,18],[102,95],[70,110],[-14,119],[-70,122],[-126,175],[-60,29],[-72,15],[-52,42],[-46,74],[-97,41],[-65,47],[-119,143],[-45,140],[-15,128],[-80,174],[3,21],[98,170],[84,46],[67,-6],[18,-62],[-105,-33],[-28,-20],[-15,-59],[45,-88],[89,-64],[157,-61],[83,-17],[113,-6],[54,-57],[54,-90],[-8,-128],[44,-66],[200,-84],[-3,-8],[-203,85],[-30,41],[-91,-56],[-19,8],[-7,-61],[48,-37],[93,-36],[54,-63],[0,-80],[46,-21],[41,15],[-5,28],[47,2],[0,121],[10,0],[-1,-165],[111,-20],[137,14],[104,-7],[55,-20],[120,-10],[191,19],[105,16],[50,21],[22,-16],[110,19],[-81,-24],[-11,-55],[37,-253],[40,-143],[121,29],[-6,157],[190,60],[-38,92],[-31,1],[-41,118],[-126,7],[0,9],[159,-9],[13,49],[51,59],[32,10],[142,4],[116,-45],[26,-26],[260,25],[261,92],[67,-9],[83,12],[154,39],[106,62],[115,104],[-64,83],[140,110],[127,-29],[14,-15],[36,58],[-39,109],[-113,-26],[-7,7],[118,28],[-19,164],[13,52],[100,143],[52,96],[23,66],[5,90],[-13,53],[-70,108],[-21,47],[51,101],[50,49],[50,27],[74,-9],[94,-28],[52,-41],[41,-62],[-79,30],[6,-45],[32,-71],[45,-21],[64,-3],[48,44],[16,62],[33,1],[53,102],[83,31],[58,-6],[144,-46],[95,-67],[60,-10],[133,-5],[146,-120],[65,-3],[52,23],[-8,39],[26,67],[-42,169],[-17,44],[19,17],[-37,58],[-35,-53],[3,69],[-33,60],[-30,13],[-32,53],[30,17],[-64,61],[-71,-111],[-83,155],[-117,-57],[-7,-36],[65,-119],[-9,-5],[-66,123],[8,43],[198,103],[7,61],[36,53],[105,190],[145,234],[47,62],[89,83],[101,46],[92,18],[42,23],[77,9],[166,111],[35,-4],[117,29],[229,90],[111,58],[1,15],[124,79],[12,-14],[44,30],[192,65],[-21,108],[209,42],[8,-30],[-20,-44],[16,-23],[101,68],[24,56],[1,139],[124,170],[24,43],[22,88],[0,62],[34,132],[-10,59],[90,133],[23,0],[74,88],[8,33],[121,81],[68,33],[117,32],[134,10],[44,33],[41,100],[-18,-95],[-69,-48],[71,-14],[7,23],[148,50],[135,69],[10,-15],[52,28],[9,-15],[178,62],[48,36],[-65,64],[107,101],[-80,75],[2,10],[85,-82],[154,145],[13,21],[92,-10],[63,118],[-56,28],[-46,-89],[-74,-3],[-18,106],[15,2],[-23,115],[125,296],[146,64],[93,103],[-6,6],[79,92],[31,11],[20,118],[23,41],[-12,62],[43,-100],[113,-29],[53,203],[-88,4],[-18,204],[10,0],[-27,277],[10,-1],[22,-218],[57,9],[-8,86],[6,104],[24,37],[62,2],[96,78],[8,-4],[56,115],[16,149],[2,108],[31,76],[64,101],[25,94],[-2,78],[17,3],[-65,239],[-1,101],[19,69],[50,117],[4,85],[-109,258],[-118,246],[-58,191],[-4,87],[10,81],[-7,37],[11,110],[26,112],[4,79],[-13,59],[-109,179],[-131,188],[-61,44],[-115,-42],[-70,26],[3,22],[-46,-5],[-57,75],[-81,35],[-8,23],[-176,1],[-112,8],[76,53],[-1,45],[-37,1],[-98,-108],[-1,-105],[184,0],[16,-7],[-230,1],[-41,-52],[-89,-49],[-22,-84],[86,-15],[46,-53],[-9,-56],[-26,-10],[-26,47],[-32,-14],[-41,34],[-33,-16],[3,-50],[-45,-9],[7,28],[-51,104],[-11,108],[-16,31],[-43,10],[-25,-31],[-79,17],[-43,60],[-18,-19],[-40,31],[42,42],[-11,45],[-104,92],[-52,121],[-31,49],[-31,13],[19,89],[40,21],[19,36],[-17,26],[15,36],[-23,27],[-98,29],[-20,35],[-135,104],[-24,-10],[-53,47],[-149,84],[-67,2],[-42,-28],[-52,-7],[-122,-52],[-82,47],[-77,11],[-126,116],[82,136],[104,127],[46,23],[34,-45],[204,108],[-27,-26],[-133,-73],[41,-87],[48,-15],[97,45],[67,44],[68,125],[27,115],[-19,103],[-55,125],[-12,97],[7,110],[-17,42],[-87,68],[11,60],[-62,59],[-15,62],[-25,17],[-7,91],[-50,10],[-19,38],[-62,11],[-45,109],[31,37],[-29,36],[99,74],[100,-2],[8,36],[122,90],[72,71],[47,94],[16,-5],[63,106],[111,71],[-146,223],[10,7],[64,-84],[73,-113],[74,26],[105,-11],[25,25],[17,89],[24,30],[-134,20],[12,13],[-59,91],[-83,-49],[-25,11],[269,164],[-1,78],[-63,-34],[-22,39],[84,-1],[-19,47],[-27,6],[-126,194],[-145,157],[-117,119],[-126,117],[-46,28],[-135,146],[-60,47],[-76,75],[-80,62],[-88,87],[-283,243],[-211,155],[-105,65],[-204,2],[-291,-9],[-166,0],[-235,-32],[-207,-55],[-25,30],[-140,-23],[-270,-26],[-125,0],[-327,10],[-249,20],[-159,0],[-261,-18],[-144,-20],[-92,14],[-179,53],[-122,59],[-166,64],[-434,188],[-63,14],[-99,-36],[-81,-17],[-43,-21]],[[241706,118166],[171,-251],[556,-793],[425,-607],[332,-324],[10,6],[167,-163],[76,-64],[-4,-24],[380,-372],[146,-136],[193,-198],[49,114],[26,85],[71,36],[21,51],[81,80],[53,26],[90,3],[42,41],[144,37],[88,8],[22,80],[3,-34],[207,-33],[302,15],[6,45],[49,9],[47,70],[119,16],[175,46],[26,18],[65,87],[12,151],[16,60],[58,51],[42,-25],[80,62],[78,-41],[454,183],[-17,43],[141,27],[19,-54],[56,27],[8,86],[221,3],[52,16],[223,148],[-28,124],[-133,75],[4,8],[143,-80],[102,25],[8,86],[-222,59],[3,9],[228,-61],[43,-203],[159,53],[-12,38],[61,36],[37,71],[145,71],[35,70],[-10,42],[43,111],[141,166],[92,67],[130,68],[-31,37],[0,35],[56,-17],[54,-78],[19,-7],[86,24],[8,17],[89,44],[9,36],[60,38],[-27,48],[16,138],[62,39],[146,40],[63,77],[-73,51],[-110,-10],[0,9],[112,10],[77,-52],[61,84],[-91,130],[321,212],[195,125],[163,27],[44,73],[82,82],[114,66],[68,14],[203,-53],[7,-21],[71,-27],[82,81],[41,62],[13,79],[117,-29],[58,101],[-54,-110],[-111,28],[-18,-73],[-36,-75],[-99,-89],[-109,17],[8,-74],[44,-24],[-1,61],[50,-1],[59,23],[40,-3],[102,-49],[65,123],[-46,58],[98,-95],[-93,-179],[100,-24],[82,-40],[117,-41],[248,-37],[388,-53],[353,-39],[245,-36],[129,19],[168,51],[107,51],[35,28],[-21,77],[19,49],[39,18],[55,-24],[14,-83],[85,-23],[-12,-51],[117,49],[134,75],[-35,61],[38,22],[2,38],[-123,5],[0,10],[148,-5],[189,16],[39,10],[29,70],[99,2],[20,-67],[52,-36],[108,6],[249,58],[21,22],[6,79],[27,59],[81,54],[184,51],[115,53],[-1,30],[-36,91],[106,-14],[69,45],[89,6],[74,19],[29,-8],[-3,-58],[80,-10],[27,59],[34,-62],[-20,-54],[36,-40],[111,-26],[32,-72],[26,7],[84,66],[130,11],[153,-8],[122,2],[32,12],[70,78],[178,30],[166,88],[95,30],[244,-69],[14,125],[11,-1],[-13,-127],[19,-5],[136,427],[528,-159],[309,-91],[31,-130],[209,-130],[83,121],[-27,-54],[162,-102],[-13,-23],[-106,66],[-86,-130],[24,-30],[61,-23],[70,-43],[-18,-30],[31,-15],[85,126],[40,-24],[32,45],[61,43],[61,22],[-341,210],[6,9],[341,-217],[143,56],[3,-8],[-208,-76],[-63,-44],[-36,-53],[94,-56],[-55,-43],[32,-40],[-19,-27],[184,-119],[59,188],[51,-4],[15,174],[8,-1],[-17,-205],[-6,26],[-48,3],[-57,-182],[-43,-87],[-32,-6],[-7,-42],[19,-58],[36,-25],[-156,84],[11,63],[-45,-16],[-35,22],[18,43],[-34,4],[-4,-51],[23,-30],[-24,-61],[-26,3],[-58,-46],[42,-25],[48,26],[24,-21],[55,3],[40,-42],[109,-78],[-42,-54],[70,-61],[122,-31],[103,-48],[147,-84],[214,-166],[44,24],[43,117],[-31,-111],[151,-45],[78,1],[100,17],[47,-32],[-29,-111],[-22,-40],[17,-16]],[[237424,93803],[40,4],[37,-41],[-16,-39],[-71,33],[-3,26],[-103,-10],[116,27]],[[237462,93835],[-13,-1],[87,97],[176,0],[-1,-9],[-174,0],[-75,-87]],[[244518,97954],[28,-40],[-73,71],[45,-31]],[[238093,93112],[-3,-12],[-118,39],[3,13],[118,-40]],[[257252,119442],[6,-8],[-105,-67],[-5,7],[104,68]],[[264905,100468],[-86,-46],[-45,-83],[-103,-129],[-97,-49],[-46,-3],[-77,-123],[-219,-412],[-197,-362],[-96,-153],[-100,-118],[-67,-59],[-166,-210],[-91,-147],[-206,-260],[-50,-93],[-28,21],[-143,-152],[-51,-81],[-148,-131],[-108,-52],[-46,-43],[-183,-233],[-33,-79],[99,-36],[38,-191],[-10,-176],[-11,0],[12,175],[-63,-7],[-42,184],[-44,-4],[-23,46],[-31,-7],[-82,-54],[32,-42],[-51,-46],[-34,-190],[45,-71],[89,58],[17,-25],[115,62],[5,-7],[-116,-61],[-151,-99],[-47,-14],[68,-116],[-53,-105],[-108,-59],[-32,5],[-113,192],[-115,-17],[19,-37],[5,-69],[-15,-50],[-66,-9],[-52,-23],[18,-39],[-35,3],[-63,-45],[42,-27],[-29,-29],[70,-274],[46,0],[27,-152],[37,-62],[5,-78],[51,-85],[281,3],[96,-159],[-4,-4],[-99,160],[-278,-3],[120,-228],[65,-20],[9,-34],[92,-146],[132,-134],[34,-43],[95,-82],[88,-42],[88,-21],[101,-39],[116,-78],[20,3],[33,-58],[53,-60],[76,-57],[24,-41],[10,-147],[28,-34],[7,-62],[-30,-106],[-46,21],[-33,-26],[34,-26],[-64,-172],[183,-111],[-88,47],[-86,-137],[-84,82],[-40,-48],[-4,-50],[67,2],[-59,-22],[-77,-70],[-112,-117],[-110,-202],[-35,-184],[9,-49],[72,-146],[20,7],[59,-106],[-4,-32],[-61,-100],[-8,-58],[-20,61],[-46,-14],[2,-22],[-101,-73],[67,-86],[48,33],[98,41],[-3,-17],[-81,-26],[-116,-93],[-81,109],[-61,5],[30,-36],[-71,-93],[-41,-97],[-10,-52],[16,-15],[-57,-150],[-83,-87],[-49,-110],[5,-145],[-66,-67],[-89,-50],[-30,-33],[-12,20],[-63,-26],[-130,-72],[-87,-110],[-124,-41],[-77,-5],[-131,-39],[-77,-43],[-59,8],[33,53],[-106,-35],[111,-105],[141,40],[104,-338],[-694,-197],[-141,462],[98,30],[-20,65],[-66,-15],[-284,-125],[-19,-32],[-77,-42],[-9,9],[-102,-107],[9,-8],[107,54],[313,-356],[-31,26],[-28,-24],[-81,92],[-67,-55],[-8,10],[67,54],[-117,133],[-99,-82],[-28,31],[-43,-34],[60,-70],[42,-3],[73,-83],[-28,-23],[132,-140],[86,18],[-49,-33],[-75,25],[-202,229],[-92,-25],[-102,-92],[-52,-36],[-40,-45],[-35,-65],[-48,-37],[-106,-59],[10,-32],[-23,-41],[-45,-23],[-126,39],[-78,45],[-55,18],[20,31],[-70,16],[-210,66],[-120,1],[-67,-28],[-58,-45],[-85,-30],[110,-147],[-44,-226],[68,-46],[24,-85],[-33,-96],[-119,-36],[-107,-61],[-62,8],[-95,-33],[-2,-26],[-86,-32],[-66,-51],[48,-124],[-33,50],[-51,-2],[-89,-22],[-77,-35],[-73,-65],[15,-61],[-46,96],[-35,-5],[-99,-48],[73,-158],[2,-36],[-42,-145],[-7,2],[40,136],[-1,42],[-59,117],[-87,-42],[28,-54],[-140,-66],[60,36],[-48,95],[-84,-31],[-12,25],[-39,-28],[-68,-23],[-51,46],[-36,13],[-22,-34],[66,-53],[35,-10],[54,14],[40,-19],[60,-119],[30,-22],[168,-32],[-18,-9],[-147,26],[-39,23],[-63,124],[-29,16],[-95,-12],[-37,-37],[-152,-80],[-81,-12],[-122,-4],[-102,-21],[-56,-28],[19,-10],[-28,-39],[-14,31],[-82,-86],[32,-45],[-184,-123],[-243,-77],[-86,21],[-75,6],[-218,78],[-85,6],[-70,19],[-137,-12],[-58,13],[19,39],[-41,25],[-71,9],[-9,-69],[31,-37],[-36,-10],[-19,-74],[-68,-142],[-4,4],[67,142],[-31,8],[31,99],[-23,78],[-29,0],[3,-64],[-55,6],[-11,-43],[-136,-24],[-65,-2],[54,-164],[-209,-116],[-2,13],[166,94],[-53,162],[40,43],[9,-28],[126,11],[-2,70],[-174,8],[-205,-116],[50,-83],[-49,-28],[-43,62],[-30,7],[-139,-79],[-84,140],[-44,182],[-60,-15],[31,-134],[-146,-34],[33,-129],[-97,-23],[-68,272],[-85,12],[-139,8],[-43,-43],[-18,61],[-337,95],[-108,28],[-133,13],[-137,-6],[-77,7],[-142,-64],[-84,-7],[37,24],[-3,42],[-58,-8],[5,-33],[-39,-7],[-545,-140],[-6,18],[-132,-29],[-51,-39],[-175,73],[-180,55],[-46,-4],[-135,-64],[-27,8],[4,55],[-51,-12],[4,-21],[-49,-31],[10,-70],[12,-221],[126,-44],[562,-176],[59,-37],[24,-62],[-4,-47],[-30,-49],[-455,-436],[-162,-152],[8,-17],[-52,-25],[-74,-68],[-99,-151],[-34,-91],[-62,-211],[50,-104],[-60,91],[-69,-9],[-175,101],[-57,16],[-13,-31],[31,-51],[6,-48],[-21,0],[18,-54],[39,-59],[65,-30],[-3,56],[84,-34],[-17,-29],[45,14],[102,-39],[-4,-53],[19,-65],[50,-104],[92,-103],[22,-64],[-5,-87],[-41,-101],[-202,-173],[-143,-150],[-6,-55],[-71,-116],[-21,-69],[-70,-30],[-122,-26],[-105,-38],[-54,-50],[-43,-72],[-89,-2],[-109,-37],[-60,-31],[-28,-69],[-209,-50],[-44,-19],[3,86],[-48,223],[-190,43],[-5,-24],[-39,9],[-42,-79],[0,-52],[20,-20],[125,-30],[76,-5],[-6,60],[54,-247],[-42,131],[-273,60],[17,48],[56,234],[8,48],[-159,-35],[-92,-1],[-133,-46],[-15,-26],[-38,3],[-16,-29],[-62,-15],[-102,-78],[-20,-47],[93,51],[43,9],[58,46],[25,36],[29,-33],[36,17],[35,58],[0,-36],[-29,-47],[-48,-28],[-187,-73],[-102,-60],[39,43],[-31,21],[-69,-47],[53,-18],[-37,-22],[-56,9],[-65,-118],[-77,-79],[-46,-95],[-51,-146],[18,-68],[-69,-21],[-73,-67],[-48,-92],[-39,-100],[-4,-50],[-48,-83],[12,-18],[-126,-127],[-99,-181],[-52,-138],[-31,-45],[-23,-111],[-7,-198],[104,-7],[-2,-25],[96,-140],[-32,-70],[-51,-65],[-152,-57],[-103,-24],[-225,-8],[-202,-20],[-136,-103],[-40,-43],[-107,-143],[-14,-41],[-60,-55],[-133,-78],[-149,-79],[-118,-72],[-58,-27],[-132,-32],[-170,16],[-164,29],[-13,-6],[-340,53],[-77,31],[-51,-28],[-34,11],[-115,-41],[-64,-41],[-80,-90],[-75,-58],[-158,29],[-70,-3],[-75,-28],[-43,33],[-120,-57],[-25,-2],[-130,225],[59,31],[-59,103],[14,3],[-20,86],[-61,7],[-29,85],[-38,44],[-104,75],[-157,-135],[-17,-8],[-115,29],[-140,26],[-125,48],[-208,17],[-2,-10],[-379,36],[-53,17],[-20,39],[7,47],[-16,148],[-45,26],[-87,-2],[-172,68],[-12,-25],[-38,14],[-88,-77],[-34,-62],[-4,-213],[57,-68],[-70,-56],[120,-128],[88,-142],[30,-36],[151,-92],[85,-4],[83,34],[101,-19],[39,-50],[59,-37],[358,-51],[-12,145],[28,13],[187,-99],[29,-82],[-27,-47],[-13,-89],[54,-113],[39,-29],[3,-48],[-59,-77],[-72,-39],[-52,-53],[5,-62],[-83,-41],[-71,-10],[-63,-38],[-60,4],[-22,-24],[-140,-29],[-38,16],[-53,118],[-117,126],[-67,30],[-134,-47],[60,-271],[-204,-46],[28,-55],[-79,-62],[-25,-87],[-17,-15],[-145,-59],[-18,-29],[-5,-85],[-27,1],[-43,50],[-45,12],[-65,-15],[-53,-75],[-80,-43],[-19,-76],[-59,-26],[-53,-78],[-85,-95],[-48,6],[-44,79],[-51,20],[-141,-8],[-45,-15],[-59,-74],[-118,-72],[-8,15],[114,75],[33,33],[-73,65],[14,27],[-33,17],[-78,-59],[7,-17],[-119,-100],[105,-99],[-67,44],[-53,54],[-148,-17],[-138,-46],[-67,-52],[-47,-6],[-97,-37],[-32,-31],[-38,-7],[-96,-46],[-192,52],[-89,84],[-30,45],[39,109],[-20,128],[-75,134],[-22,21],[8,44],[-39,108],[1,101],[-54,57],[-32,13],[17,64],[190,24],[121,57],[67,75],[33,18],[59,72],[23,107],[327,199],[71,20],[28,47],[65,21],[25,118],[-17,54],[15,111],[-20,153],[38,5],[79,92],[9,114],[-23,117],[-89,296],[-27,59],[-65,58],[-110,42],[46,-2],[8,51],[-68,21],[4,-64],[-43,25],[-63,-92],[81,-50],[8,-44],[-112,92],[36,32],[55,95],[-36,53],[-46,22],[-32,105],[-7,97],[-51,92],[-56,40],[-60,10],[73,110],[1,35],[-31,32],[25,9],[1,135],[-49,178],[-87,179],[-40,68],[-83,69],[-63,18],[-61,-81],[-22,-12],[-68,18],[-24,60],[37,79],[39,31],[-39,9],[-108,156],[-131,160],[-67,54],[-122,63],[-152,37],[-40,-13],[100,69],[-6,68],[-80,17],[-86,-7],[2,-303],[-5,3],[1,241],[-237,-7],[-28,56],[-54,45],[-139,-130],[104,-31],[70,-10],[78,20],[70,-46],[17,-58],[-104,-143],[141,-93],[76,11],[-16,-38],[-74,0],[-154,102],[-28,26],[-45,-47],[-3,-51],[-81,-15],[-49,37],[-52,-38],[-71,8],[-78,-13],[-80,12],[-43,84],[-55,72],[20,24],[15,83],[74,21],[23,-7],[-1,85],[-24,82],[-72,138],[-129,181],[-68,105],[-187,244],[-138,159],[-18,31],[-32,-8],[-51,61],[-115,80],[-166,156],[-78,47],[-86,13],[-33,-53],[-104,41],[0,36],[-76,2],[55,-123],[-78,117],[-111,5],[-45,-37],[-56,-3],[-115,26],[-82,-26],[-52,-45],[-99,17],[-117,61],[-137,128],[-75,38],[-97,17],[-12,38],[-143,72],[-266,219],[-72,109],[-7,106],[-30,265],[-5,230],[6,83],[-28,123],[-136,309],[-13,76],[-35,72],[51,118],[26,28],[30,231],[40,86],[13,51],[10,187]],[[262372,96982],[65,35],[69,-116],[-66,-36],[-68,117]],[[262011,96062],[-18,68],[16,5],[24,-102],[64,-111],[-14,-7],[-61,108],[-11,39]],[[254530,88682],[0,10],[346,-7],[0,-9],[-346,6]],[[249551,85672],[-62,-15],[-42,36],[104,-21]],[[245184,82644],[-168,-81],[-4,8],[169,79],[3,-6]],[[250234,85291],[-1,9],[121,21],[2,-9],[-122,-21]],[[203423,110429],[44,12],[21,63],[79,63],[-47,79],[8,101],[57,31],[64,-6],[124,-47],[28,6],[24,81],[7,76],[23,34],[53,32],[73,-7],[137,-74],[25,43],[50,43],[23,70],[-26,78],[22,47],[6,66],[97,15],[127,-32],[30,12],[-35,62],[-24,107],[70,35],[40,45],[37,91],[-4,68],[25,88],[64,95],[65,46],[39,117],[41,26],[116,-1],[64,-35],[57,-10],[53,61],[23,66],[19,11],[82,-15],[48,7],[140,-22],[143,106],[56,24],[115,77],[39,83],[-26,71],[22,124],[52,17],[124,12],[58,107],[-97,106],[-13,87],[-33,139],[-39,97],[-9,99],[22,77],[101,76],[-22,172],[-11,144],[-43,28],[15,96],[-13,54],[-45,29],[-63,1],[-109,88],[-86,19],[-101,6],[-158,57],[-107,-34],[-5,21],[34,103],[-15,78],[2,92],[-14,44],[-62,12],[-51,47],[-33,90],[-68,42],[-30,53],[-60,25],[-113,94],[-152,146],[-38,108],[-76,51],[11,75],[-57,88],[-163,121],[-37,87],[15,141],[-38,94],[8,38],[40,66],[-38,136],[6,45],[37,93],[10,67],[-16,42],[-83,11],[-31,31],[12,67],[-51,285],[-20,85],[63,86],[11,48],[-26,100],[-5,102]],[[204131,116933],[41,-31],[4,-39],[38,-60],[80,31],[47,-23],[0,-33],[-153,-155],[32,-42],[-51,-49],[34,-85],[55,5],[-20,-84],[37,-18],[58,52],[38,-75],[64,51],[67,-23],[-36,-68],[28,-37],[65,29],[29,-6],[-7,-81],[80,38],[56,-20],[43,40],[33,-40],[29,1],[11,-57],[44,-36],[-63,-33],[-18,-30],[16,-46],[-42,-31],[-109,-5],[-114,-58],[-46,-1],[1,-45],[158,-16],[-10,-42],[-145,-47],[-10,-73],[15,-32],[-9,-101],[57,-52],[33,23],[104,-8],[7,-22],[-150,-88],[-10,-104],[45,18],[30,-46],[78,-6],[18,-36],[-32,-32],[-3,-48],[31,-52],[41,-18],[95,-69],[40,-7],[81,32],[105,0],[140,-43],[69,-12],[7,195],[319,-11],[0,-8],[-169,6],[-4,-96],[180,-232],[-31,-21],[80,-98],[27,-16],[201,-21],[169,60],[-27,58],[5,145],[-162,5],[-30,61],[21,575],[299,-10],[28,3],[3,57],[29,43],[54,12],[84,-11],[65,57],[23,103],[-82,155],[-86,54],[-39,47],[16,20],[-18,52],[45,22],[74,62],[35,15],[-5,43],[56,6],[33,61],[11,84],[26,73],[11,93],[-18,63],[-22,-20],[-48,43],[22,18],[-59,17],[-83,-5],[-76,33],[-53,95],[-5,60],[77,62],[87,38],[152,39],[73,-5],[154,40],[112,52],[85,65],[185,35],[77,-3],[97,29],[117,63],[39,40],[43,82],[-6,40],[-63,75],[-15,74],[13,107],[19,49],[8,141],[44,129],[-64,118],[-7,71],[-62,123],[-9,50],[-94,164],[-61,132],[8,186],[18,53],[-13,38],[17,109],[-4,57],[29,103],[4,63],[-22,85],[10,60],[50,99],[50,63],[41,22],[63,111],[58,-24],[72,-10],[60,-43],[-14,-66],[19,-104],[53,-25],[89,-12],[39,-54],[-6,-37],[-47,-89],[-70,-85],[-43,-114],[-11,-73],[22,-103],[72,-177],[55,-38],[91,-42],[92,-13],[9,59],[24,-4],[-12,-58],[69,-4],[116,90],[103,51],[95,14],[47,-37],[29,-58],[21,-185],[70,-178],[10,-57]],[[204798,121421],[-94,-53],[-49,-83],[-42,-103],[-55,33],[-59,68],[-16,71],[21,62],[74,4],[49,27],[26,-14],[30,24],[32,-20],[58,22],[20,29],[12,74],[107,38],[27,-34],[4,-47],[-83,-76],[-62,-22]],[[204781,115530],[-32,84],[55,51],[48,12],[-4,27],[48,35],[-16,-89],[11,-18],[75,-25],[29,24],[43,-31],[-3,-36],[-180,-59],[-74,25]],[[205684,115648],[185,-32],[-1,-7],[-186,31],[2,8]],[[197661,118292],[12,-17],[-39,-71],[-53,-36],[6,-51],[28,-15],[107,21],[16,-23],[-6,-50],[-88,-31],[13,-48],[87,-41],[9,-58],[272,-116],[-83,-48],[27,-79],[-48,-6],[-31,20],[-38,-54],[33,-65],[58,-10],[19,-49],[-50,-57],[66,-82],[51,-21],[96,-6],[20,84],[35,31],[40,-7],[-25,-58],[14,-63],[37,-30],[67,-24],[26,26],[94,-38],[70,3],[96,22],[54,22],[9,51],[127,51],[12,-56],[31,23],[95,-20],[97,107],[25,-14],[14,-80],[42,-13],[24,36],[72,13],[60,32],[50,46],[55,31],[84,-22],[69,-30],[42,40],[54,14],[39,-38],[-36,-66],[-44,-47],[0,-121],[-19,-26],[-4,-73],[72,-43],[44,-12],[73,54],[6,50],[59,60],[90,47],[41,-31],[72,44],[26,-77],[-23,-58],[-50,-77],[-45,-38],[36,-66],[-38,-67],[88,-63],[144,-46],[127,-10],[114,18],[74,0],[34,-23],[44,-87],[75,-102],[177,-142],[22,-59],[198,-73],[-2,-7],[-198,73],[-10,-47],[-51,-55],[-22,-115],[33,-37],[-39,-147],[138,9],[-2,139],[97,107],[866,-689],[1109,-879],[-65,46],[-40,2],[-31,-31],[-59,-20],[55,-146],[456,160],[3,-7],[-171,-60],[40,-106],[-352,-124],[-20,-41],[14,-39],[350,-721],[9,-34],[166,30],[131,-259],[9,-57],[87,-17],[101,-95],[-11,-78],[99,-12],[17,50],[53,16],[60,-16],[34,24],[-14,89],[-72,268],[14,33],[-30,10],[-29,100],[-17,-6],[-249,-24],[45,10],[214,781],[268,12],[-22,50],[73,18],[9,-78],[52,-7],[31,21],[-19,57],[1,85],[43,70],[117,49],[79,82],[15,68],[-117,87],[-2,101],[-13,46],[-39,31],[-106,21],[-20,14],[-46,103],[7,43],[-48,47],[40,32],[20,49],[-3,78],[-61,137],[-35,26],[-3,124],[38,15],[0,40],[-141,84],[-59,14],[-64,34],[-40,7],[-67,37],[98,6],[24,68],[40,2],[19,-58],[50,35],[58,-41],[59,18],[34,45],[-4,43],[-31,12],[-114,90],[1,20],[65,6],[45,51],[-9,25],[-71,48],[15,17],[41,-30],[90,-38],[13,18],[-20,77],[15,108],[-22,58],[-53,28],[-3,73],[-40,32],[47,48],[92,-42],[32,46],[4,115],[22,65],[19,9]],[[198712,117712],[-7,61],[-118,58],[34,31],[67,-19],[21,9],[-27,62],[30,54],[-97,22],[-6,-20],[-80,-16],[50,58],[-9,43],[64,10],[14,53],[-73,15],[-31,24],[-44,-65],[-38,-28],[-24,27],[10,35],[52,35],[8,40],[-23,25],[28,51],[41,20],[-37,82],[-28,27],[3,36],[41,21],[0,71],[25,58],[63,18],[16,-99],[61,-69],[2,-82],[-25,-24],[-55,-8],[-44,-57],[78,-45],[37,23],[23,45],[2,-50],[46,-14],[47,24],[33,45],[79,-32],[37,21],[17,58],[5,-85],[18,-45],[54,-24],[43,-49],[-30,-37],[-3,-67],[26,-25],[62,13],[9,63],[24,22],[63,-46],[110,-12],[79,31],[95,-84],[3,-72],[-98,-12],[-32,-35],[-11,-55],[-72,-33],[-24,-61],[-99,-70],[-25,0],[-26,71],[-31,-11],[-54,-90],[-58,8],[-37,-52],[-52,-15],[-23,58],[-43,12],[-8,84],[63,78],[-48,70],[-50,-39],[-40,-3],[-33,-102],[-20,-20]],[[200751,117659],[18,-52],[-17,-41],[-59,-25],[-89,-21],[-52,-24],[-6,129],[-31,37],[50,55],[18,96],[42,53],[43,28],[97,2],[22,20],[31,72],[34,25],[133,40],[26,-11],[44,-82],[97,-57],[111,-208],[-39,-77],[-58,16],[-52,62],[-106,22],[-46,71],[-84,16],[-94,-56],[-34,-34],[1,-56]],[[202558,120994],[24,-91],[23,-51],[2,-65],[-58,-46],[-79,11],[-102,-2],[-68,108],[10,86],[119,100],[80,8],[49,-58]],[[203910,115217],[-18,45],[51,-10],[39,14],[-12,-37],[-60,-12]],[[198385,118040],[-6,-33],[-28,40],[9,46],[30,-8],[-5,-45]],[[203836,115135],[32,37],[25,-7],[-57,-30]],[[212289,147608],[239,-24],[84,-20],[153,-4],[99,-16],[84,0],[228,-62],[129,-79],[114,-33],[122,-49],[42,-52],[-4,-61],[-53,-111],[68,-216],[121,6],[40,-72],[29,-97],[22,-33],[34,-104],[-2,-37],[-50,-111],[-6,-74],[45,-62],[111,-106],[60,-37],[110,-15],[19,-69],[111,-72],[53,-49],[20,-41],[-15,-156],[-26,-118],[-52,-134],[-5,-73],[32,-59],[41,-46],[6,-58],[25,-11],[101,9],[96,-60],[26,-51],[110,-54],[123,-1],[77,24],[181,-5],[58,-49],[30,-69],[12,-59],[48,-94],[52,-40],[71,-24],[146,-4],[59,-60],[24,-49],[1,-76],[101,-60],[96,-13],[90,-61],[126,-68],[127,-56],[120,-34],[241,-6],[93,-29],[45,-47],[79,-50],[88,-19],[90,-53],[134,-26],[130,45],[64,3],[55,-37],[54,-74],[31,-15],[147,-25],[34,-30],[2,-79],[46,6],[97,-34],[104,50],[98,-52],[70,-103],[31,-20],[145,-147],[126,31],[64,67],[61,-61],[54,-103],[30,-37],[85,-57],[134,-78],[89,-32],[50,-76],[29,-20],[153,-42],[25,6],[31,95],[22,36],[85,-14],[27,-56],[32,-29],[114,-6],[76,-31],[48,-42],[43,-79],[48,-39],[43,-99],[86,-90],[88,-70],[72,-86],[64,-141],[39,-101],[19,-25],[110,-42],[144,-3],[64,-29],[25,-32],[85,-155],[94,-156],[56,-80],[37,-20],[149,70],[43,-36],[68,-197],[102,-87],[51,-99],[1,-46],[-124,-120],[-43,-78],[-107,-162],[-32,-30],[-6,-115],[-29,-222],[119,-258],[65,-73],[152,-101],[69,-94],[52,-55],[83,-201],[46,-61],[93,-63],[48,-68],[20,-122],[-13,-66],[-51,-94],[-15,-58],[24,-102],[73,-150],[34,-92],[60,-103],[32,-24],[387,-40],[110,-20],[64,-44],[19,-35],[123,-305],[55,-124],[9,-63],[62,-153],[17,-19],[138,-90],[62,40],[87,37],[28,-11],[116,-90],[124,-69],[130,-50],[86,-61],[82,-6],[104,32],[141,104],[46,77],[146,32],[58,20],[98,-20],[139,32],[154,87],[35,39],[55,89],[29,15],[260,-100],[105,-22],[68,-39],[78,-71],[45,-64],[7,-78],[-56,-36],[-34,-75],[32,-99],[78,-95],[1,-81],[-28,-59],[-18,-120],[-95,-123],[-19,-75],[15,-36],[75,-56],[44,-63],[195,-104],[79,-74],[95,-33],[84,10],[43,-12],[103,-104],[171,-27],[116,-54],[151,13],[73,-52],[54,-67],[102,-56],[60,-119],[15,-64],[65,-141],[85,-50],[36,-57],[61,-29]],[[215422,134284],[-40,35],[-58,4],[-20,19],[-9,92],[26,53],[9,63],[-9,60],[5,112],[-12,114],[1,134],[-61,108],[-65,63],[-113,81],[-181,104],[-28,30],[3,55],[-19,44],[11,68],[60,76],[67,115],[127,194],[-69,121],[-46,42],[-82,21],[-46,43],[-56,14],[-9,76],[7,99],[-15,81],[42,39],[189,-36],[21,9],[12,60],[91,-13],[7,22],[-70,91],[-85,59],[-38,37],[-39,11],[-32,37],[-2,53],[-27,91],[-5,88],[18,93],[121,278],[21,76],[-31,51],[28,91],[-66,97],[-86,76],[-310,233],[-91,12],[-43,38],[-30,75],[-155,57],[-61,72],[-290,229],[-71,154],[-104,17],[97,7],[3,51],[-75,6],[-2,35],[-38,12],[-65,-16],[-59,116],[9,5],[55,-110],[34,9],[-28,116],[-45,83],[-141,160],[-171,88],[-99,32],[-16,-6],[-123,36],[-20,53],[-214,188],[-12,38],[-74,107],[-28,2],[-23,55],[-81,130],[-114,154],[-195,62],[-126,25],[-67,1],[-83,-29],[-71,-36],[-74,-83],[-43,-3],[-95,-32],[-26,52],[2,66],[-22,55],[-84,80],[-202,107],[-17,-11],[-95,49],[-55,-9],[-116,-36],[-45,86],[16,10],[19,-50],[32,6],[10,-27],[137,30],[-40,36],[-57,88],[-181,205],[-382,225],[-63,-104],[-138,83],[7,12],[76,-45],[55,85],[-113,71],[-140,-209],[45,-39],[-174,106],[-57,255],[25,38],[-81,57],[-29,63],[-31,115],[-33,30],[-18,46],[-43,178],[-49,141],[-12,73],[50,190],[-77,130],[-43,41],[-166,124],[-46,23],[-157,43],[-88,-1],[-29,63],[-4,119],[-50,76],[-109,55],[-105,125],[-94,215],[-84,125],[-178,47],[-156,28],[-27,-25],[8,-34],[29,16],[2,-70],[110,-17],[-1,-9],[-167,23],[-85,-2],[-93,40],[-28,59],[-17,73],[-89,34],[-7,19],[47,44],[-4,37],[-78,29],[-78,43],[-181,138],[-210,132],[-134,91],[-66,12],[-75,55],[-82,37],[-31,33],[-285,182]],[[206973,144119],[123,175],[-68,75],[-42,143],[8,54],[222,35],[121,37],[-25,84],[24,76],[83,85],[25,56],[-8,87],[-110,168],[-55,58],[15,124],[-62,60],[-13,104],[62,-55],[32,-6],[79,49],[77,-2],[94,-23],[111,24],[122,81],[72,63],[95,7],[85,49],[155,35],[84,28],[85,41],[31,-10],[154,6],[208,47],[69,-21],[77,-58],[105,5],[146,-53],[78,-17],[34,-31],[88,-14],[130,-49],[98,-51],[89,-34],[54,-32],[115,-15],[369,52],[98,-3],[73,-24],[145,-80],[125,-84],[34,-11],[84,-89],[67,-33],[71,25],[65,69],[44,30],[74,78],[24,47],[4,115],[26,27],[44,3],[150,60],[89,28],[40,37],[50,103],[107,62],[151,41],[101,-48],[56,6],[24,76],[31,54],[70,90],[18,56],[-16,90],[61,141],[25,94],[-27,141],[62,120],[143,131],[20,53],[44,60],[57,36],[15,52],[-46,26],[-59,97],[-25,60],[-5,166],[-34,150]],[[210624,140362],[-71,76],[-11,123],[-137,86],[5,9],[141,-89],[11,-126],[62,-79]],[[210731,140305],[0,9],[219,-6],[0,-9],[-219,6]],[[212626,149642],[8,-63],[101,-116],[23,-61],[-3,-119],[8,-69],[32,-36],[9,-53],[-33,-65],[-63,-67],[-18,-49],[4,-74],[27,-64],[32,-182],[-16,-25],[-130,-95],[-11,-43],[-43,-61],[-5,-75],[-24,-82],[-10,-137],[-17,-49],[-98,-57],[-12,-42],[20,-124],[-118,-226]],[[206973,144119],[-99,55],[-52,50],[-74,35],[-109,3],[-27,-236],[15,171],[-37,41],[-228,-49],[-78,1],[-1,-62],[31,-129],[-4,-15],[-189,-38],[-51,-216],[-294,-59],[25,-118],[-342,-69],[-86,414],[-21,-27],[-130,63],[-115,-215],[-239,-71],[-2,7],[235,70],[106,194],[-45,22],[-18,-33],[-99,51],[-238,-75],[42,-126],[150,48],[3,-8],[-150,-47],[9,-40],[-92,260],[-395,-114],[-47,-129],[-14,-60],[-28,-35],[-49,-15],[-41,-40],[-19,-50],[-64,-51],[-92,-5],[-85,-64],[-9,-73],[10,-40],[35,10],[21,-27],[-14,-41],[-93,-56],[-36,-102],[27,-61],[8,-55],[-42,-15],[-40,41],[-26,-9],[-72,-65],[8,-44],[-28,-98],[-80,-59],[-33,-7],[-106,17],[-74,0],[-56,-20],[-65,-46],[-43,-73],[28,-98],[33,-21],[-56,-45],[-72,-217],[81,-95],[25,-131],[-58,-55],[-105,-19],[-48,20],[-74,-5],[-21,43],[14,48],[-16,52],[3,72],[24,55],[86,88],[26,74],[-97,50],[-30,-9],[-45,97],[-12,103],[61,65],[46,22],[10,94],[-89,111],[-8,54],[-63,101],[-96,44],[-169,-28],[-93,-77],[-24,-83],[-27,-34],[-90,-52],[-49,-78],[-1,-125],[48,-134],[59,-98],[0,-48],[-45,-83],[-71,-23],[-53,-48],[-10,-46],[66,-83],[-64,-69],[-33,7],[-36,40],[2,37],[-22,74],[-145,76],[-25,26],[-35,-7],[-97,-74],[-23,-49],[93,-188],[67,-163],[14,-84],[20,-47],[-57,-46],[-67,-124],[-55,-59],[-39,-120],[26,-74],[-4,-29],[29,-116],[-13,-107],[-44,-40],[7,-31],[-71,-87],[-149,-143],[-58,4],[-68,-25],[-69,-52],[-56,-65],[-119,-79],[-137,-18],[-11,-45],[-40,34],[-130,2],[-23,-22],[10,-52],[-96,17],[15,30],[-45,34],[-14,47],[-73,-5],[-57,-47],[-94,70],[-29,38],[-96,81],[5,45],[-41,27],[-12,71],[-17,298],[-23,67],[21,140],[57,64],[83,144],[5,113],[24,153],[9,121],[30,41],[11,62],[32,52],[18,132],[48,59],[112,104],[29,40],[83,79],[40,17],[63,87],[86,39],[29,39],[-9,75],[-98,23],[-159,12],[-102,-33],[-95,-74],[-78,-25],[-92,9],[-25,31],[-76,15],[-19,95],[48,64],[53,128],[55,56],[42,23],[47,-19],[47,-55],[46,14],[11,97],[-4,100],[28,30],[87,-107],[41,-31],[61,-24],[16,-58],[34,-51],[48,-45],[6,-63],[74,-32],[78,9],[79,54],[40,93],[-55,68],[89,-29],[55,-7],[73,-83],[52,10],[33,55],[37,25],[105,-7],[68,19],[58,79],[108,2],[59,-22],[68,21],[62,99],[21,67],[210,91],[34,23],[42,96],[-15,49],[-141,186],[-99,151],[-154,98],[-90,11],[-71,-56],[-54,21],[-167,179],[-48,-26],[-99,8],[-59,-49],[64,-74],[-16,-13],[-58,66],[-78,-45],[-17,-39],[-23,10],[7,-49],[-46,-26],[-25,62],[6,42],[-28,45],[-6,76],[-74,84],[-110,74],[-40,8],[-27,56],[17,43],[45,22],[32,152],[-6,11],[-200,68],[-116,22],[-151,-134],[18,-51],[-19,-31],[-67,-1],[-90,-26],[-50,86],[32,-1],[23,34],[-12,29],[-39,-5],[-96,-57],[10,-82],[-36,-9],[-49,24],[-31,-28],[-77,2],[-119,-24],[-51,-39],[96,-42],[29,-106],[52,-30],[80,13],[86,36],[44,-10],[72,17],[34,-11],[42,-122],[54,-77],[-52,-43],[-39,-14],[-35,-37],[-43,-143],[-37,-25],[-56,29],[-31,50],[-70,51],[-45,111],[-72,44],[-62,0],[-52,-16],[-60,80],[-117,3],[-65,38],[-3,155],[17,43],[37,17],[-16,100],[-100,122],[-128,98],[-127,52],[-259,32],[-163,-11],[-64,-20],[-186,-19],[-80,-16],[-46,-22],[-50,-66],[-45,0],[-50,60]],[[203345,149246],[69,49],[155,28],[89,47],[102,108],[90,48],[130,128],[124,3],[133,87],[36,39],[67,14],[73,-32],[125,-28],[184,-8],[72,-29],[120,-10],[53,-17],[83,67],[182,30],[60,52],[41,-8],[26,68],[54,-9],[7,-42],[89,12],[22,46],[95,-21],[18,-51],[76,1],[13,38],[84,13],[26,-34],[-49,-79],[-84,-16],[-42,6],[0,-74],[-80,-8],[-55,23],[-42,36],[-30,-66],[-20,-127],[8,-24],[63,18],[81,-38],[18,-73],[7,-76],[30,-44],[55,19],[72,55],[21,43],[43,-25],[-27,-68],[67,60],[212,-127],[155,-100],[79,69],[94,-32],[46,3],[52,-26],[157,-137],[90,-46],[198,-54],[38,19],[23,91],[39,71],[96,56],[30,83],[30,43],[127,85],[74,40],[82,30],[43,-11],[38,-49],[41,-13],[171,6],[54,-46],[60,-26],[62,-7],[89,10],[99,0],[132,21],[246,79],[160,77],[147,119],[57,37],[97,31],[101,47],[123,23],[82,-6],[109,-34],[180,27],[171,68],[90,21],[197,58],[144,25],[172,56],[92,73],[99,50],[110,15],[78,45],[53,17],[122,-20],[245,7],[58,-25],[50,-97],[38,-51],[86,-21],[146,32],[58,-17],[198,95],[39,7],[127,-29],[21,-24],[0,-57],[22,-46],[59,-33],[52,-55],[117,-89],[128,-13],[121,-56],[141,-24]],[[199939,141988],[-44,-8],[7,66],[-10,72],[27,50],[51,25],[61,90],[17,56],[-9,78],[-49,90],[6,70],[46,13],[84,86],[66,24],[23,-13],[-2,-59],[-19,-59],[-49,-13],[-18,-44],[19,-39],[35,-19],[64,1],[96,53],[-18,-82],[-96,-131],[-81,-39],[-22,-32],[5,-53],[-32,-70],[-59,-3],[-75,-75],[16,-17],[-40,-18]],[[200136,143551],[47,-2],[22,-29],[-61,-14],[-33,17],[25,28]],[[205770,143333],[330,67],[174,117],[4,-5],[-175,-118],[-339,-68],[6,7]],[[199767,141853],[24,-26],[-43,-31],[-59,-8],[78,65]],[[201596,143722],[9,-45],[-33,7],[24,38]],[[214188,157608],[44,-7],[61,-33],[166,-119],[74,-17],[65,9],[120,47],[21,-28],[-87,-194],[-45,-80],[-18,-67],[-8,-116],[-62,-120],[-9,-54],[14,-62],[-9,-97],[14,-103],[39,-108],[107,-175],[65,-156],[20,-111],[-11,-133],[42,-155],[-5,-91],[31,-58],[27,-109],[60,-90],[35,-92],[6,-80],[-26,-153],[65,-90],[27,-67],[6,-106],[20,-21],[74,-7],[105,-113],[20,-54],[0,-130],[71,-163],[2,-185],[-38,-166],[18,-26],[113,-88],[24,-33],[6,-90],[-40,-52],[11,-97],[-19,-141],[32,-60],[96,-49],[40,-32],[74,-105],[53,-36],[141,60],[98,-1],[27,-88],[33,-52],[65,-42],[2,-52],[49,-42],[99,-110],[59,-118],[20,-100],[-2,-85],[22,-161],[-7,-313],[-20,-54],[-6,-66],[27,-172],[-27,-108],[26,-256],[14,-74],[-25,-72],[-74,-57],[-47,-63],[-23,-59],[-18,-100],[-35,-83],[-13,-73],[-26,-51],[-107,-77],[-34,-34],[-53,-85],[-75,-74],[-55,-160],[-13,-86],[-33,-29],[-170,40],[-96,52],[-46,7],[-142,-56],[-109,114],[-88,41],[-108,-17],[-106,33],[-70,-4],[-84,26],[-34,22],[-64,72],[-116,57],[-135,-23],[-98,4],[-149,-29],[-64,-40],[-137,-61],[-118,-111],[-109,-9],[-89,45],[-85,-68],[-98,-95],[-100,-75],[-23,-2],[-30,-47],[-17,-131],[-43,-64],[-88,-49],[-57,-7],[-106,27],[-85,44],[-49,-62],[-52,-31],[-73,-146],[-4,-23]],[[206487,157585],[85,-49],[113,-22],[162,18],[145,-1],[19,-16],[50,-168],[75,-108],[88,-77],[70,-19],[108,-4],[50,41],[39,-75],[20,14],[-13,61],[31,31],[78,-16],[23,31],[36,-2],[34,-67],[94,-66],[42,-9],[52,23],[64,49],[100,-70],[32,-43],[16,-81],[74,-178],[40,-130],[32,-142],[3,-98],[42,-34],[61,23],[57,43],[65,-2],[51,-22],[60,38],[-3,55],[23,59],[22,119],[36,44],[40,7],[31,-25],[12,-43],[35,-7],[72,16],[86,-48],[17,10],[53,95],[105,113],[58,15],[156,-52],[-4,-99],[33,-27],[109,-43],[25,-34],[40,1],[40,30],[40,4],[146,-20],[103,29],[40,-4],[67,-45],[65,13],[70,63],[24,-2],[70,-50],[98,-17],[78,21],[113,115],[110,73],[87,32],[42,36],[107,124],[33,26],[77,-4],[54,39],[30,102],[65,23],[145,11],[87,23],[25,-52],[44,-33],[159,-72],[66,-78],[48,-87],[34,-21],[53,2],[82,74],[48,89],[117,60],[27,40],[44,-2],[51,-30],[94,-26],[65,-2],[89,17],[19,27],[-6,64],[58,56],[39,17],[104,-17],[40,45],[21,52],[109,14],[155,49],[42,5],[197,-25],[144,13],[101,-13],[217,-75],[86,-2],[54,17],[24,57],[68,54],[42,0],[98,45],[45,44],[94,0],[69,66]],[[108414,161579],[-62,4],[-124,75],[-13,22],[-155,79],[-18,172],[-23,46],[-64,42],[-2,66],[-54,82],[23,3],[-38,77],[-1,115],[39,-4],[51,108],[84,59],[62,14],[23,27],[-11,39],[76,24],[27,32],[26,82],[84,90],[42,56],[62,-30],[22,-52],[43,-31],[33,60],[48,-22],[-17,-85],[37,-26],[43,34],[33,-28],[45,-91],[44,46],[34,6],[26,51],[1,69],[-57,42],[31,97],[-111,45],[-50,-12],[-45,70],[2,109],[119,115],[79,29],[30,35],[-35,84],[4,73],[27,63],[63,22],[67,-24],[53,15],[-8,59],[34,81],[23,26],[72,7],[19,-16],[45,14],[54,-40],[-4,-67],[-18,-42],[-49,-54],[13,-123],[-47,-27],[7,-98],[-17,-107],[9,-46],[48,-42],[48,14],[34,-55],[5,-36],[63,-39],[51,-63],[80,-20],[31,10],[59,-27],[53,67],[-1,42],[-24,85],[-29,22],[-17,109],[-134,25],[1,8],[132,-23],[-12,70],[-69,13],[3,14],[-77,15],[-8,19],[92,-17],[19,54],[-18,79],[22,-11],[24,95],[48,22],[5,25],[51,7],[75,84],[-2,32],[31,49],[136,99],[76,16],[24,-31],[43,-12],[33,77],[19,6],[8,66],[48,52],[48,13],[12,78],[-56,14],[-1,99],[-30,43],[-122,24],[-67,-41],[-39,-4],[5,36],[-47,99],[2,40],[65,116],[34,77],[14,69],[-16,70],[25,40],[54,25],[100,-56],[34,-69],[-8,-40],[21,-83],[91,-58],[29,-100],[34,-23],[36,17],[49,65],[64,9],[54,-9],[57,65],[38,8],[9,54],[-27,32],[-3,86],[68,-11],[14,32],[47,20],[3,72],[83,18],[7,-34],[25,31],[56,-32],[-5,-78],[61,23],[0,58],[93,58],[30,-15],[33,28],[55,-38],[43,49],[48,2],[12,-29],[-33,-38],[16,-26],[27,29],[56,-32],[-41,-41],[-20,-50],[78,-34],[2,-61],[-41,-1],[10,-38],[39,-28],[-51,-55],[-7,-40],[-108,41],[-41,-4],[-117,-74],[-46,-3],[-19,-35],[10,-52],[88,0],[78,-15],[93,-48],[22,-54],[-92,59],[-103,-7],[-128,-31],[-40,-52],[-25,-60],[-31,-24],[18,-35],[-10,-35],[13,-119],[93,-79],[126,-10],[90,25],[36,-24],[3,-38],[-30,-48],[-147,-78],[53,-86],[34,21],[-8,24],[60,35],[86,-29],[68,36],[-49,90],[58,-86],[54,26],[58,3],[49,-15],[24,-71],[-8,-37],[158,34],[6,-82],[-16,26],[-49,-66],[-14,-73],[25,17],[16,59],[109,33],[38,-26],[8,-45],[40,-9],[60,24],[20,-43],[39,-11],[3,31],[61,29],[30,58],[47,19],[94,-27],[-24,-18],[-2,-50],[56,-37],[43,-8],[51,-100],[43,-19],[33,11],[66,-9],[48,-26],[1,-26],[-56,-77],[31,-22],[145,90],[47,93],[-15,27],[0,89],[-50,62],[-8,60],[36,70],[-15,64],[23,46],[47,42],[48,-16],[20,33],[97,-10],[22,27],[46,-43],[43,-10],[51,-57],[37,5],[14,-25],[57,18],[43,-19],[84,93],[39,-5],[59,49],[35,-74],[100,1],[67,47],[114,-64],[42,8],[81,-86],[40,-26],[76,-17],[11,-41],[29,-4],[87,49],[16,29],[-3,61],[47,-74],[120,-6],[12,41],[-49,29],[39,55],[53,13],[-6,90],[-23,52],[93,-47],[47,-60],[87,84],[-13,58],[81,66],[12,-63],[60,6],[36,40],[38,6],[67,53],[2,64],[32,76],[76,51],[122,31],[1,-41],[149,-26],[50,-38],[57,-63],[86,27],[67,83],[21,71],[38,11],[26,-65],[73,-7],[20,47],[36,5],[38,-38],[106,-30],[80,-66],[15,29],[-8,93],[40,77],[72,-14],[76,-35],[21,-44],[-9,-78],[21,-89],[-11,-86],[12,-47],[-14,-25],[25,-152],[65,-2],[24,52],[53,-39],[-46,-107],[-42,-55],[-40,-75],[-12,59],[-62,-29],[-11,-62],[16,-60],[-35,-55],[-16,-83],[27,-41],[-111,-77],[-75,-38],[-135,4],[-67,76],[-43,8],[-31,-19],[-27,31],[9,39],[-57,18],[-11,35],[-55,55],[-122,80],[133,-64],[-1,33],[36,56],[-11,25],[-71,42],[49,80],[-98,23],[-52,0],[-105,-27],[-116,-51],[-166,-44],[-214,-24],[-40,-22],[-58,-56],[-42,-78],[36,-117],[-56,38],[-72,29],[-4,29],[34,14],[-2,41],[-39,90],[-106,35],[-65,-10],[-44,-50],[-129,-83],[-66,11],[-19,-24],[228,-105],[-23,-42],[-203,84],[-11,36],[-47,-21],[-20,-33],[10,-47],[53,10],[28,-170],[-38,-8],[15,-63],[64,0],[44,118],[-10,-59],[134,-43],[122,101],[5,-7],[-155,-129],[-150,-45],[-13,-40],[57,-157],[37,-63],[73,-215],[1,-59],[32,-83],[8,-119],[91,-48],[-119,45],[-30,-40],[-82,-40],[80,23],[60,-22],[78,-81],[-18,-24],[-89,4],[-55,-110],[-11,-106],[47,-90],[8,-36],[51,-45],[38,0],[113,45],[47,53],[30,-48],[50,-11],[86,-40],[99,27],[109,18],[153,-78],[42,-111],[-34,-76],[116,-44],[45,-64],[51,17],[48,43],[89,230],[103,-36],[-30,-77],[22,-41],[94,-22],[26,-27],[13,-97],[59,-41],[17,-39],[11,-116],[-24,-36],[-49,-35],[-40,41],[-86,16],[-76,53],[-79,-2],[-20,-17],[-3,-56],[32,-52],[-7,-125],[-36,-70],[-75,-34],[-34,-37],[-4,-40],[-29,-47],[-3,-47],[-24,-2],[-90,-248],[-134,44],[-5,26],[-41,11],[-23,37],[-4,66],[-25,37],[-18,66],[-22,-4],[-98,54],[-69,-56],[-62,-33],[-44,17],[-26,43],[-6,114],[-22,68],[-135,41],[-88,-1],[-33,40],[-70,51],[-40,12],[-156,7],[-19,-39],[-150,-43],[-41,-60],[-134,11],[-24,-50],[-68,-25],[-38,-39],[-42,-13],[-187,-143],[-44,-15],[-77,19],[-25,31],[61,55],[-1,22],[-65,55],[-84,0],[-44,18],[-79,119],[-35,158],[-51,77],[-30,77],[-61,33],[-61,17],[42,74],[-40,60],[-38,19],[-73,8],[-30,-16],[-21,-56],[-49,26],[13,39],[-19,28],[-107,30],[-132,-72],[57,40],[32,45],[-13,25],[-60,-31],[-53,56],[-82,-24],[-92,-92],[-38,7],[-121,-50],[-55,-48],[-78,-116],[47,-84],[-44,-59],[16,-124],[21,-71],[6,-71],[59,-158],[-132,-151],[30,-43],[107,105],[147,-61],[105,36],[45,-3],[23,-69],[-139,-48],[19,-60],[-139,57],[-86,82],[-62,-60],[97,-92],[132,-56],[-23,-63],[-121,51],[-15,-19],[-162,68],[-43,0],[31,66],[27,20],[6,80],[-87,20],[-15,98],[-123,25],[-13,-47],[79,-60],[-48,-109],[-245,-167],[-126,-79],[-9,45],[-266,-58],[-40,61],[-63,-39],[-51,1],[-82,-79],[35,-53],[-21,-59],[-80,-67],[-58,19],[-112,78],[-21,25],[-36,-22],[-73,77],[-44,6],[-86,51],[-8,54],[59,57],[4,257],[-19,203],[-17,40],[-10,87],[-28,9],[-16,-43],[-69,-31],[-61,4],[-18,33],[128,33],[17,42],[-30,30],[-97,-13],[-47,10],[-88,113],[4,36],[38,-6],[55,18],[62,0],[38,23],[-2,178],[78,-105],[84,49],[-3,157],[38,18],[80,5],[60,52],[-84,70],[-57,122],[-61,48],[-23,-152],[-113,19],[-91,-80],[-6,6],[84,76],[-90,25],[208,-34],[17,108],[-188,35],[-11,-54],[-86,12],[-11,-60],[-4,62],[-62,11],[4,29],[-35,8],[-15,-99],[137,-156],[-7,-6],[-141,157],[26,157],[-37,104],[-199,-43],[-38,-80],[-165,-75],[-13,-28],[8,-58],[40,-27],[-11,-42],[-78,-95],[-59,-47],[-24,10],[-9,82],[-21,56],[-46,13],[-44,88],[-107,25],[-18,-15],[-128,23],[-23,-5],[-38,-58],[-11,-42],[-139,10]],[[120353,157752],[-47,-69],[-49,-10],[-46,-32],[-18,-34],[-43,6],[-64,-29],[5,-50],[79,-18],[79,-35],[63,-49],[-27,-31],[61,-4],[15,-31],[-62,-30],[-90,7],[-14,-59],[-36,0],[-18,-48],[-42,5],[-35,-49],[65,-61],[8,-63],[-49,-51],[28,-15],[10,-109],[-22,-66],[-32,0],[15,-46],[-34,4],[18,-62],[-48,-31],[-50,15],[-46,65],[-127,70],[-42,71],[-27,20],[-17,55],[-40,6],[-46,-26],[-44,6],[-35,33],[-69,31],[-55,1],[-120,67],[-19,39],[-160,73],[-40,43],[-18,69],[3,59],[-20,44],[38,57],[27,141],[29,68],[-2,67],[-18,67],[18,54],[-61,87],[-40,27],[33,51],[-28,70],[-39,34],[43,3],[6,33],[-29,30],[14,96],[-28,193],[-54,157],[-69,44],[-54,3],[-80,72],[43,11],[-75,40],[33,-3],[-33,81],[14,39],[-76,94],[-18,60],[-41,52],[-23,103],[-24,51],[-20,121],[15,84],[53,103],[51,145],[21,30],[-1,83],[16,263],[60,161],[74,87],[188,127],[82,67],[-54,41],[-20,43],[23,9],[25,-56],[36,-26],[22,81],[0,61],[-32,79],[-136,131],[-30,84],[-42,27],[25,14],[-37,76],[-80,43],[-41,49],[23,94],[33,12],[38,49],[2,50],[-58,32],[-65,3],[-52,58],[-14,51],[27,35],[-38,68],[-76,30],[-28,56],[34,68],[-98,97],[-40,58],[-24,67],[-37,40],[-27,65],[-52,75],[-69,77],[-9,91],[-44,116],[-42,91],[-20,14],[-33,104],[-47,77],[-30,95],[-12,103],[12,6],[-9,88],[0,147],[-9,37],[69,140],[66,57],[40,78],[67,59],[33,59],[59,49],[96,100],[40,8],[90,50],[121,86],[96,5],[19,21],[120,55],[99,-29],[10,-26],[77,-21],[35,-43],[64,-31],[60,-63],[32,-73],[51,-43],[31,-118],[52,-101],[85,-109],[40,-119],[80,-138],[74,-39],[-10,-34],[28,-34],[-15,-39],[34,-55],[69,-65],[7,-63],[97,-65],[76,-25],[15,-74],[70,-22],[19,-66],[73,25],[14,47],[42,32],[-12,14],[48,52],[74,12],[68,-25],[50,-137],[25,-37],[0,-60],[-58,-72],[-13,-41],[-52,-58],[-35,3],[-64,-28],[-20,-36],[-4,-60],[18,-7],[-7,-77],[-24,-35],[8,-66],[30,-93],[76,-125],[52,-45],[68,-12],[47,-134],[83,-14],[114,-2],[56,16],[27,80],[-42,-214],[28,-4],[25,-106],[33,-31],[53,-14],[68,59],[58,91],[40,34],[68,-17],[91,-9],[-4,-35],[74,-111],[7,-37],[61,-67],[8,-43],[-26,-18],[19,-100],[-37,-82],[5,-28],[-34,-98],[0,-56],[-40,-124],[2,-72],[19,-53],[-9,-53],[-76,-47],[-34,6],[-22,89],[-44,36],[-76,87],[-49,-2],[-27,40],[-13,91],[-27,33],[-39,-23],[-8,-98],[-5,56],[-51,-3],[3,67],[-34,10],[-43,-22],[-6,-106],[-75,-23],[-32,24],[-18,-63],[-68,-11],[-35,10],[-130,-12],[-121,-40],[-86,-99],[-140,-133],[-71,-95],[35,-149],[57,-91],[-18,-76],[26,3],[-16,-42],[-49,3],[-44,-118],[-12,-120],[12,-49],[46,1],[-26,-41],[63,-51],[3,-28],[65,-19],[31,-70],[61,-81],[-7,-35],[50,-165],[12,-138],[-6,-40],[22,-41],[23,-93],[29,-29],[18,-69],[-19,1],[17,-51],[-1,-65],[-64,3],[-27,-96],[2,-74],[38,-84],[3,-116],[-43,-63],[12,-35],[-32,1],[-60,-32],[0,-111],[110,-48],[64,-78],[5,-33],[43,-44],[19,-54]],[[106436,162365],[-90,16],[-38,-20],[-34,-85],[-51,-18],[-46,44],[-56,12],[-33,36],[-52,-16],[11,31],[-43,-14],[38,146],[-59,49],[-40,77],[-6,90],[59,17],[33,76],[48,40],[7,45],[65,43],[-115,75],[-68,111],[12,26],[57,21],[56,60],[39,86],[111,118],[-11,64],[22,47],[38,29],[37,56],[-8,88],[-45,166],[-48,26],[24,78],[38,7],[57,-30],[44,-55],[38,3],[54,-38],[68,63],[81,-17],[22,36],[29,0],[48,-121],[39,-19],[22,-48],[104,-39],[51,15],[22,-15],[83,0],[79,39],[0,45],[25,33],[0,87],[139,67],[76,-37],[26,14],[80,-4],[77,-48],[45,-69],[54,-121],[-20,-37],[21,-18],[10,-85],[-29,-10],[12,-49],[63,-73],[21,-75],[-17,-53],[97,-117],[19,-104],[-14,-6],[81,-75],[-59,32],[-34,39],[-21,106],[-72,5],[-17,-89],[6,89],[-62,5],[-33,34],[10,-206],[90,2],[9,34],[8,-99],[-16,33],[-89,-4],[5,-146],[30,-15],[12,26],[107,-38],[19,145],[11,-2],[-23,-179],[16,-21],[-52,-33],[-57,-4],[-75,13],[-29,20],[-64,-53],[-28,-57],[-62,-67],[-11,-41],[27,-15],[-38,-46],[-12,-61],[-26,-34],[6,-97],[-54,-25],[-83,-66],[-69,-20],[-87,13],[-25,22],[-147,-76],[-49,3],[-42,23],[-34,99],[-98,25],[-16,63],[-118,3],[-41,16],[-72,-22]],[[102583,160526],[-5,-61],[-29,-34],[-14,-120],[-55,-35],[-125,-14],[-53,-48],[-29,86],[-58,7],[-16,66],[-77,26],[-15,-11],[-25,48],[79,33],[-23,58],[-3,74],[40,-19],[-13,59],[-41,5],[-8,-27],[-46,37],[89,48],[-23,39],[52,71],[76,3],[52,-28],[-18,76],[95,-32],[129,13],[8,82],[-50,66],[55,-3],[1,72],[48,107],[72,20],[11,35],[-78,-3],[42,58],[55,28],[13,36],[44,0],[65,-35],[142,39],[75,54],[50,-52],[75,29],[50,-42],[21,46],[33,-30],[61,-10],[89,4],[56,33],[-12,-33],[95,-91],[53,-83],[35,-26],[62,-17],[37,-85],[117,16],[45,-50],[3,-73],[-65,-49],[14,-43],[-30,-48],[-80,2],[31,-49],[-4,-35],[34,-45],[-23,-14],[-4,-45],[-78,-10],[-4,-55],[-32,-70],[-59,-26],[-63,18],[-55,35],[-13,49],[11,42],[51,79],[-30,48],[-52,40],[-45,-3],[-109,-43],[-64,5],[-64,47],[-118,1],[-72,-25],[-38,-67],[21,-58],[-101,0],[10,-48],[-13,-53],[-50,-19],[-101,76],[-47,7],[-67,-56]],[[107190,157755],[3,-42],[101,-52],[-2,-92],[33,-18],[-69,-61],[-34,-6],[-4,-37],[-71,14],[-25,20],[-55,2],[-92,27],[-66,-5],[-46,19],[-103,103],[-36,-37],[-29,-4],[-3,34],[-44,26],[-90,81],[-5,80],[48,52],[4,46],[28,53],[-28,30],[-25,64],[22,69],[39,37],[-16,103],[66,110],[7,35],[90,7],[56,-33],[62,27],[37,38],[58,115],[57,81],[-48,45],[30,75],[155,50],[6,48],[-105,23],[13,31],[46,16],[64,-13],[87,-46],[101,90],[13,-22],[-46,-42],[33,-33],[-5,-39],[23,-29],[61,-31],[46,43],[58,-14],[-40,-50],[70,-98],[75,-198],[-28,-35],[38,-51],[-6,-92],[-14,-28],[20,-40],[-1,-55],[-33,-101],[-35,-20],[-84,4],[-39,-32],[4,-29],[-47,25],[-75,-12],[-40,-33],[-32,-71],[-97,-58],[-11,10],[-25,-74]],[[112036,165567],[-22,-12],[-7,-67],[-28,-32],[-64,-8],[-46,30],[-46,-11],[-68,15],[-1,19],[98,25],[9,46],[-99,58],[-5,34],[30,41],[182,21],[-2,76],[-36,9],[-2,34],[71,-21],[45,3],[118,58],[26,-71],[27,-9],[52,20],[38,40],[7,100],[70,15],[31,-109],[3,-60],[-18,-35],[-49,-26],[-10,-81],[-29,-18],[5,-37],[50,-22],[63,9],[29,34],[10,-22],[39,19],[19,-40],[-33,-36],[16,-52],[60,-39],[1,51],[35,106],[29,25],[32,69],[39,29],[30,-5],[7,-44],[94,1],[21,-22],[-36,-121],[-3,-67],[28,-47],[53,-20],[65,59],[37,-55],[37,-9],[67,70],[17,-16],[-1,-55],[50,-29],[23,60],[42,-66],[37,-18],[20,-43],[41,15],[-11,-38],[-37,-11],[-3,-48],[-120,-80],[-45,1],[-40,-32],[9,-45],[-84,-10],[-42,-63],[-38,-95],[27,-110],[-45,-20],[-25,55],[-64,4],[-42,-13],[-7,-36],[-64,6],[-51,-43],[-1,-64],[43,-12],[-88,-91],[21,-32],[1,-47],[-32,-9],[-29,59],[2,92],[-37,31],[-49,11],[-12,-34],[53,-18],[-6,-17],[-83,27],[-42,-2],[-29,-69],[-71,5],[-22,52],[31,86],[-54,6],[57,102],[3,40],[-64,2],[-9,89],[-56,25],[-78,5],[-50,31],[-16,-22],[-46,21],[-76,-23],[0,37],[109,81],[103,35],[50,-15],[14,48],[-57,43],[-77,0],[-19,18],[68,69],[-11,54],[24,17],[30,109],[-71,79],[-40,-7]],[[119797,165062],[-79,13],[-8,51],[40,4],[46,-38],[108,46],[-12,28],[-107,59],[-42,36],[-16,77],[5,130],[45,51],[3,27],[-35,76],[15,18],[-4,61],[28,47],[49,15],[24,40],[21,-22],[36,9],[78,66],[112,54],[39,35],[88,12],[69,-3],[49,-32],[142,-12],[15,13],[92,-62],[21,-37],[49,-11],[1,-28],[66,-104],[91,-86],[35,-47],[27,-4],[97,-122],[33,-114],[-38,-76],[-108,-87],[-49,-49],[-18,14],[-76,-14],[-36,-38],[-10,-85],[-20,-8],[-118,9],[-63,-49],[-12,-46],[-35,21],[-89,26],[-72,-26],[-18,-25],[-48,1],[-115,49],[59,-1],[12,58],[-119,10],[-41,-52],[-62,-11],[-17,18],[7,77],[-91,-11],[-1,11],[91,11],[28,-22],[106,34],[-28,45],[-68,-42],[-57,82],[-115,-49],[0,-21]],[[106391,159475],[-29,12],[-37,54],[-51,-5],[8,40],[-24,24],[-70,17],[-12,74],[37,43],[116,-22],[65,66],[-2,51],[-24,27],[58,72],[57,-15],[28,60],[-15,53],[42,26],[7,93],[-24,-2],[1,47],[62,26],[33,-6],[26,-73],[57,-33],[13,-31],[66,-79],[59,56],[-6,59],[77,84],[69,1],[67,44],[78,-34],[35,21],[79,-18],[50,3],[36,-26],[-74,-68],[31,-42],[39,-96],[70,8],[63,-41],[11,-75],[46,20],[10,-43],[-26,-34],[31,-80],[-5,-59],[-38,-52],[-69,-59],[-119,-66],[-9,-75],[-20,64],[-119,-9],[-80,9],[-32,42],[-34,-36],[-43,12],[-19,35],[-52,-2],[-51,20],[-51,-56],[51,-54],[83,-48],[-90,39],[-95,86],[-150,-16],[-149,-34],[-42,1]],[[93384,157758],[-105,-65],[-35,49],[-167,73],[-82,-15],[-15,-19],[-74,12],[-25,-32],[-52,-1],[-69,51],[-121,-4],[-75,45],[-33,-23],[-58,12],[-65,-7],[-60,48],[-20,-28],[-41,25],[-114,27],[27,61],[63,-1],[-17,33],[34,-6],[6,38],[54,27],[37,-42],[-13,-37],[26,-42],[58,13],[43,67],[53,28],[37,47],[81,16],[38,-13],[26,51],[-23,39],[88,19],[42,-11],[28,57],[-12,44],[7,66],[-37,68],[0,66],[62,124],[35,45],[-22,25],[15,59],[58,-10],[6,25],[59,-34],[113,19],[30,27],[76,-20],[49,-43],[-24,-52],[-29,2],[36,-46],[-36,-68],[-9,-69],[-54,-29],[27,-53],[-34,-46],[30,-44],[1,-67],[19,-47],[-13,-47],[5,-68],[66,-78],[-75,-50],[6,-37],[56,-22],[53,-60],[55,-38],[4,-34]],[[111143,159798],[-21,128],[-113,67],[-58,20],[26,39],[-10,52],[90,24],[64,-102],[-23,-63],[71,-14],[48,78],[-6,17],[73,46],[-58,84],[95,59],[76,-111],[102,51],[-197,-115],[-18,-66],[18,-38],[43,-23],[87,-12],[20,-18],[-11,-81],[15,-51],[31,-15],[31,18],[42,-51],[135,-6],[11,-15],[212,139],[151,50],[3,-9],[-150,-50],[-212,-139],[2,-77],[-129,-94],[-249,-28],[-18,56],[-48,-4],[-72,-61],[-19,-29],[-14,35],[-43,-19],[8,-27],[-33,-21],[8,-36],[46,-61],[22,-9],[33,-110],[-18,-37],[-42,17],[-50,-67],[-60,-22],[-75,5],[-59,28],[-54,46],[-33,9],[-97,60],[51,92],[-2,49],[-28,30],[82,57],[46,8],[67,-20],[19,21],[40,-20],[31,40],[5,78],[26,133],[41,7],[49,78]],[[92754,155548],[-25,11],[-60,-15],[-55,2],[-42,46],[6,72],[-39,47],[-1,51],[21,39],[-20,36],[13,30],[-53,7],[-33,38],[31,42],[-38,57],[-103,30],[23,28],[64,17],[44,-7],[75,47],[85,0],[81,-33],[15,52],[49,-2],[-5,30],[94,27],[82,-42],[14,57],[34,56],[107,57],[56,-73],[124,-40],[7,-55],[44,-18],[-5,-58],[-44,-6],[-27,-39],[-102,-39],[-19,5],[-83,-35],[-73,-8],[-16,-28],[-121,37],[-66,4],[-26,-53],[-37,2],[-55,-42],[21,-31],[-25,-18],[31,-18],[-17,-60],[22,-70],[74,-49],[35,-57],[-16,-31],[-46,0]],[[96349,161076],[55,-71],[-6,-31],[-62,-35],[-52,-4],[-150,41],[-102,-31],[-45,14],[-27,36],[-1,73],[-30,30],[-51,7],[-32,56],[87,-27],[51,105],[-16,43],[38,14],[-23,23],[35,29],[-70,48],[-77,79],[47,3],[100,-20],[-45,48],[14,22],[83,-24],[31,18],[109,-8],[98,-42],[78,-15],[48,-57],[-59,-40],[-47,-8],[-34,-43],[42,-85],[-10,-71],[23,-77]],[[108434,158547],[-48,40],[8,63],[60,65],[17,61],[64,31],[87,19],[50,-4],[32,-32],[4,-35],[80,-3],[49,52],[77,14],[23,-27],[33,28],[42,0],[81,-35],[21,-75],[52,37],[66,-24],[26,-116],[-34,-65],[-57,-38],[-52,-80],[-101,10],[-52,41],[-4,90],[-117,100],[-55,5],[-37,-46],[-67,-33],[-31,-84],[-59,-45],[-34,9],[-5,42],[-28,46],[-47,-26],[-44,15]],[[107980,160827],[11,18],[71,-22],[19,26],[-22,39],[62,-14],[76,35],[9,-58],[57,18],[22,-66],[-89,-33],[-13,-33],[28,-51],[37,-30],[-26,-19],[-6,-48],[-28,14],[-84,-13],[6,-78],[-22,-5],[-13,-50],[-63,-33],[-37,6],[-75,-33],[-12,71],[-69,40],[-13,63],[6,101],[66,72],[-2,40],[38,-16],[66,59]],[[113099,160003],[-59,-23],[-3,21],[-87,19],[-2,35],[40,76],[48,-26],[10,35],[86,80],[74,26],[53,-9],[59,29],[41,-2],[21,-52],[23,-156],[-5,-102],[-117,28],[-32,34],[-47,7],[-40,-18],[-63,-2]],[[109394,160526],[-63,54],[-56,-6],[-44,-22],[-81,12],[28,34],[68,24],[16,26],[48,20],[67,47],[127,42],[52,-21],[3,-75],[-97,-81],[-8,-28],[-60,-26]],[[103916,157753],[-2,-36],[53,-60],[1,-32],[-75,-61],[-58,14],[-60,-28],[-54,19],[-6,37],[36,57],[1,57],[80,38],[-46,59],[79,15],[42,-24],[9,-55]],[[105779,159543],[104,35],[48,-48],[88,-50],[49,-138],[-16,-67],[-45,-48],[-3,54],[17,92],[-7,83],[-50,46],[-48,18],[-78,-26],[-68,4],[-38,-16],[-19,27],[66,34]],[[105661,162749],[47,14],[1,-50],[44,13],[-8,42],[45,-18],[20,-45],[-72,-70],[-63,-21],[-88,20],[27,107],[47,8]],[[110047,159920],[33,-35],[-1,-44],[-43,-56],[-9,34],[-70,9],[-44,53],[12,20],[76,29],[46,-10]],[[121048,162590],[-11,50],[43,16],[125,1],[-56,-84],[-74,-8],[-27,25]],[[81606,159988],[67,-3],[6,-55],[-27,-16],[-63,15],[-75,79],[11,26],[49,-5],[32,-41]],[[95661,162207],[42,-66],[-15,-16],[-99,35],[28,53],[44,-6]],[[112515,166074],[28,-21],[-30,-36],[-4,-38],[-24,29],[-53,13],[21,42],[62,11]],[[110409,159659],[-184,41],[5,12],[233,-55],[179,-168],[-9,-11],[-174,169],[-50,12]],[[112219,160313],[57,28],[-153,-108],[-98,-216],[-10,4],[99,217],[105,75]],[[113023,165769],[-28,-15],[-53,-62],[-53,-21],[14,47],[93,58],[27,-7]],[[105396,156165],[25,-3],[-14,-39],[-83,23],[-1,43],[73,-24]],[[113114,164926],[-35,-69],[-23,-16],[-2,85],[60,0]],[[81621,159882],[-56,-18],[-16,58],[79,-21],[-7,-19]],[[113218,165709],[8,-37],[-86,-28],[51,67],[27,-2]],[[95797,162144],[-34,7],[-46,40],[62,-3],[18,-44]],[[102315,160974],[-103,45],[38,17],[54,-23],[11,-39]],[[115205,161642],[-41,76],[51,-12],[-10,-64]],[[102431,160869],[-42,27],[44,18],[36,-19],[-38,-26]],[[120133,156647],[-21,-8],[-61,48],[39,10],[43,-50]],[[91581,155368],[-52,0],[36,44],[32,-6],[-16,-38]],[[96367,163396],[-35,11],[28,39],[7,-50]],[[112751,164628],[-4,-81],[-16,43],[20,38]],[[113130,165030],[-45,10],[39,14],[6,-24]],[[92280,155986],[7,-45],[-35,38],[28,7]],[[95924,161027],[-39,2],[45,25],[-6,-27]],[[92307,156090],[16,-26],[-45,13],[29,13]],[[92777,155452],[-17,33],[36,-9],[-19,-24]],[[95962,160960],[39,-21],[-42,-4],[3,25]],[[180447,163278],[-13,11],[-80,-33],[-94,93],[-30,59],[-4,101],[-18,33],[-67,-119],[-78,-85],[11,-45],[-70,-70],[-44,35],[-32,1],[-34,-33],[-47,-9],[-12,85],[12,91],[-496,1224],[10,31],[87,52],[16,48],[-63,15],[-145,95],[-37,53],[-12,58],[-11,147],[44,109],[28,103],[-108,66],[-24,-1],[-67,72],[-28,64],[-64,1]],[[104505,127679],[-44,3],[-13,-29],[-91,-36],[-39,25],[-31,87],[-35,18],[-44,-7],[-56,-58],[-28,-3],[-53,61],[9,28],[-31,33],[-73,44],[-75,75],[-5,24],[-47,6],[-24,-28],[-88,-39],[3,-30],[-71,-37],[-35,53],[-32,95],[-3,60],[17,42],[44,50],[34,77],[32,20],[13,43],[36,41],[53,7],[63,-23],[41,13],[97,-3],[30,37],[60,-15],[109,-57],[101,15],[38,30],[48,-52],[77,-131],[21,-18],[123,9],[102,37],[69,53],[38,-36],[84,18],[83,44],[115,1],[8,32],[-53,1],[-120,21],[-52,36],[-25,68],[12,45],[-6,55],[-26,27],[-41,-23],[-90,-21],[-75,-2],[-86,106],[-40,68],[-77,37],[-13,-25],[-42,-3],[-56,22],[-65,73],[-4,47],[20,61],[69,41],[34,2],[42,-47],[34,54],[35,0],[29,-92],[27,28],[55,-14],[59,51],[46,-22],[40,31],[15,55],[46,-5],[13,-31],[49,-5],[12,-35],[-2,-79],[55,14],[48,-16],[31,-31],[13,-61],[113,22],[-16,50],[20,113],[7,88],[41,29],[26,-33],[30,45],[-29,57],[33,49],[137,25],[31,31],[-5,35],[-74,8],[-4,59],[-99,-24],[-76,54],[-28,-9],[0,-61],[-81,-6],[-31,46],[1,30],[-40,53],[-37,13],[-24,-33],[-131,14],[-61,20],[-25,-15],[-35,-78],[-68,-4],[-16,-20],[-83,-20],[-36,15],[-34,54],[-59,13],[-16,-18],[-61,-7],[-28,71],[17,35],[36,11],[19,34],[67,23],[-16,99],[-20,23],[49,29],[6,46],[52,49],[61,-8],[46,21],[32,58],[-50,29],[6,32],[-31,71],[41,42],[177,31],[41,-23],[30,-42],[80,2],[6,42],[45,21],[-70,5],[10,115],[38,-2],[-10,81],[-252,45],[-38,-119],[-10,6],[52,156],[-128,80],[-45,37],[-34,-4],[-52,92],[-64,41],[-39,90],[3,33],[-30,77],[-82,53],[-5,95],[34,79],[37,37],[1,83],[61,24],[108,88],[2,41],[89,39],[25,47],[32,-1],[47,34],[4,24],[46,-47],[-17,60],[22,21],[40,-20],[11,63],[54,21],[45,-65],[19,5],[-18,70],[18,21],[76,1],[28,-75],[103,18],[84,25],[12,-24],[92,-30],[56,21],[51,71],[7,38],[27,-19],[14,31],[116,62],[46,43],[52,-19],[34,58],[24,-30],[13,62],[48,23],[1,87],[-37,113],[-41,-10],[-16,35],[83,71],[-1,15],[78,39],[44,85],[2,104],[17,30],[147,83],[189,-55],[37,-29],[7,-35],[-84,-34],[19,-95],[-15,-8],[6,-80],[23,-16],[-73,-17],[-9,-43],[46,6],[14,-46],[-15,-33],[41,14],[5,-32],[-69,-88],[5,-88],[73,-45],[25,-49],[18,-80],[-7,-67],[-54,-33],[-85,-4],[46,-42],[62,4],[41,-27],[10,-60],[32,-79],[-5,-39],[33,-34],[39,-97],[117,-86],[-5,-59],[69,-96],[11,-95],[58,-17],[17,115],[-45,25],[-24,87],[44,14],[-9,38],[-108,91],[25,84],[-71,70],[-5,41],[24,58],[-28,27],[8,142],[-21,54],[-32,27],[-17,45],[25,66],[72,41],[-7,94],[10,106],[20,37],[-9,80],[17,57],[70,111],[81,14],[15,84],[101,86],[56,-1],[62,-52],[18,-52],[78,-107],[1,-30],[69,-125],[29,-8],[55,50],[45,-39],[129,-67],[37,-82],[-21,-77],[79,9],[-67,-88],[-50,-38],[-30,-58],[-4,-42],[-27,-35],[15,-74],[-32,-57],[-22,-122],[36,-55],[50,-17],[35,8],[10,-44],[32,-29],[85,59],[49,-14],[-23,-120],[312,-199],[-3,-5],[-255,162],[-4,-40],[-82,-48],[-13,-24],[11,-80],[145,-89],[-38,-55],[63,41],[89,-56],[-7,-63],[68,-90],[19,-76],[-3,-81],[11,-37],[33,-15],[162,30],[35,-19],[35,-92],[32,47],[71,34],[85,176],[4,95],[57,117],[27,181],[-34,54],[-62,31],[-42,96],[10,33],[47,32],[79,-44],[65,35],[26,58],[-15,74],[-50,50],[19,55],[-8,43],[-66,85],[-1,61],[43,58],[-29,43],[35,52],[13,82],[74,2],[30,-25],[173,22],[2,-10],[-136,-20],[-19,-31],[67,-55],[69,7],[13,-57],[162,47],[38,53],[-11,53],[64,59],[42,178],[-3,37],[41,131],[84,100],[46,9],[50,51],[95,37],[83,-1],[67,-20],[92,9],[13,-24],[81,-36],[135,-10],[44,12],[113,-12],[20,-25],[30,18],[32,-14],[72,30],[97,26],[44,-66],[58,-128],[0,-31],[-34,-82],[-45,-76],[-8,-129],[-4,-255],[30,-73],[97,-65],[27,-29],[13,-50],[-3,-75],[15,-85],[-70,-104],[16,-176],[25,-27],[71,-20],[31,-67],[-9,-143],[-14,-126],[10,-7],[-33,-120],[-4,-152],[-31,-69],[-29,-17],[-44,8],[141,-81],[71,59],[50,59],[30,106],[-26,9],[-4,63],[19,50],[29,127],[-1,45],[44,79],[65,24],[70,81],[-23,28],[-8,94],[-141,-10],[-21,23],[11,43],[56,66],[-7,17],[40,153],[-36,52],[-31,152],[6,136],[15,62],[-3,129],[-25,40],[-22,99],[48,118],[62,70],[94,55],[39,54],[-4,108],[-10,18],[-133,8],[-37,239],[75,146],[209,-40],[66,5],[-6,-31],[240,-175],[44,-56],[143,59],[-4,65],[-66,-22],[-4,61],[-22,70],[110,135],[58,-4],[101,63],[69,77],[18,68],[78,71],[64,101],[63,11],[114,-63],[124,-87],[172,-31],[14,39],[-14,94],[-111,4],[-123,120],[-26,17],[-169,14],[-37,-7],[-71,-82],[-84,-81],[-93,-114],[-132,-33],[-153,13],[-51,12],[-64,46],[-10,-13],[-434,308],[-5,57],[-114,32],[-78,77],[-12,60],[-93,134],[17,20],[-28,41],[-79,-37],[71,-230],[-127,-117],[-43,-6],[63,-71],[-8,-242],[-9,-1],[8,242],[-82,89],[-51,-41],[-69,19],[-90,132],[-84,70],[-70,-26],[-34,25],[-11,84],[-76,65],[-27,61],[40,165],[-13,37],[-47,52],[-19,-4],[-43,49],[-28,106],[4,82],[15,48],[-48,61],[-5,87],[-60,72],[27,78],[83,34],[76,-18],[34,46],[32,-47],[109,-73],[32,-69],[76,-14],[93,36],[26,27],[119,43],[24,26],[51,110],[50,72],[17,50],[-8,49],[40,-17],[40,26],[10,62],[-155,88],[-101,-127],[96,150],[-150,106],[-24,0],[-23,41],[-65,46],[-25,0],[-134,56],[-22,17],[-72,119],[-59,79],[-90,51],[-73,77],[-114,341],[-4,47],[22,13],[7,48],[27,2],[49,45],[23,67],[51,-1],[19,65],[23,162],[-17,94],[-56,69],[12,50],[-11,36],[-81,40],[26,20],[-6,109],[35,6],[23,43],[-71,76],[8,37],[48,12],[8,25],[106,17],[25,36],[-30,66],[4,36],[57,6],[-18,53],[-28,25],[78,69],[71,0],[45,-21],[32,43],[-34,35],[34,16],[5,83],[-97,30],[2,38],[-165,110],[-59,72],[-27,8],[4,94],[-26,-6],[11,71],[-64,63],[-1,43],[25,5],[-37,53],[-8,96],[44,-5],[-61,70],[42,35],[-23,116],[31,46],[67,-15],[10,40],[-18,38],[-14,105],[70,98],[60,20],[83,8],[38,76],[-2,65],[56,28],[-10,25],[-113,1],[-3,40],[-38,51],[-59,35],[-45,-1],[-17,36],[-3,65],[21,8],[-28,56],[22,60],[44,52],[12,-16],[107,-6],[-32,64],[22,61],[-12,44],[23,38],[57,-1],[22,60],[108,17],[89,-14],[87,23],[2,47],[-65,12],[-15,91],[20,10],[27,-36],[45,-2],[43,53],[0,72],[17,52],[-41,132],[-25,52],[-69,-13],[-22,23],[21,23],[-50,20],[21,33],[45,21],[28,-37],[36,67],[22,-22],[4,70],[39,16],[1,-40],[62,19],[38,36],[29,-8],[26,48],[65,4],[43,17],[9,-52],[50,-40],[207,-33],[55,45],[65,88],[12,52],[27,29],[31,92],[50,79],[-60,53],[-70,21],[24,21],[-62,49],[-61,26],[-37,-4],[1,33],[-49,-3],[-20,30],[-75,2],[3,61],[-66,14],[11,45],[-31,23],[59,43],[28,-18],[149,34],[68,-52],[46,3],[29,-47],[69,24],[66,-40],[67,42],[99,95],[47,15],[12,-47],[34,13],[38,-42],[136,-63],[72,43],[77,-3],[51,23],[23,40],[209,2],[75,37],[57,58],[64,11],[17,66],[29,14],[43,-12],[83,74],[51,-4],[73,47],[53,13],[74,-34],[14,26],[-54,20],[-66,85],[27,33],[-2,47],[22,32],[93,65],[12,-12],[50,34],[45,-23],[14,-35],[-4,-123],[-23,-64],[-82,-61],[-28,-51],[4,-30],[-64,-151],[-3,-126],[19,-39],[-31,-8],[-88,-105],[-9,-41],[13,-59],[40,-84],[8,-84],[27,-53],[95,-105],[-15,-79],[125,3],[-127,-11],[-24,-14],[17,-104],[-52,-9],[14,-94],[44,-87],[-17,-182],[248,-48],[-26,-4],[-185,35],[18,-40],[-12,-53],[30,-85],[86,-53],[43,150],[7,-2],[-58,-197],[37,-34],[4,-36],[-27,-79],[39,-160],[-8,-74],[-60,-119],[55,-185],[55,-68],[14,-94],[63,-187],[162,-20],[38,-31],[193,-25],[1,-9],[-197,26],[-40,32],[-155,20],[-31,-93],[-37,-148],[17,-46],[28,10],[11,-31],[-18,-38],[65,-58],[351,-9],[4,-38],[123,-11],[-16,118],[16,4],[88,145],[24,6],[84,107],[23,53],[19,133],[-181,56],[2,7],[178,-55],[125,-16],[188,22],[1,-7],[-189,-21],[-21,-158],[24,-11],[117,-10],[122,34],[41,49],[23,-25],[69,25],[115,-8],[32,21],[38,-11],[35,-40],[129,26],[80,41],[101,-15],[99,25],[85,71],[48,113],[89,63],[20,26],[47,129],[-86,56],[-9,-15],[-290,-57],[281,64],[-53,30],[-46,101],[-58,-15],[-60,-42],[-113,-26],[-73,-126],[78,152],[-93,81],[-46,64],[-89,83],[-94,37],[-47,75],[-101,83],[33,27],[73,-11],[11,-24],[41,26],[65,7],[140,-29],[129,48],[16,-4],[2,91],[-85,84],[-18,-27],[-65,39],[-37,-34],[-121,147],[-14,47],[-19,-28],[-46,-9],[-160,-175],[-9,3],[170,184],[-67,109],[-61,50],[-69,16],[-87,66],[-33,4],[71,73],[26,70],[-32,58],[-91,20],[-90,32],[-72,88],[32,19],[22,50],[110,6],[63,16],[113,-11],[29,-20],[89,15],[41,53],[-32,63],[-16,-6],[-47,139],[-51,61],[-44,33],[-60,-11],[-70,8],[-44,28],[-13,55],[23,26],[-11,32],[26,25],[80,-14],[20,62],[74,24],[135,-23],[44,58],[25,101],[33,15],[79,2],[55,-13],[89,8],[60,90],[-63,86],[-19,46],[19,27],[-17,41],[-62,52],[-167,75],[-60,41],[-61,63],[11,18],[-42,119],[2,78],[49,49],[-53,72],[-17,51],[7,50],[-13,54],[56,81],[29,95],[-15,48],[-75,57],[-134,27],[-32,23],[-60,-22],[-61,41],[-60,4],[-62,-32],[109,-174],[107,9],[1,-13],[-113,-4],[-62,57],[-83,134],[-64,13],[-19,83],[-66,127],[1,110],[-39,97],[-95,59],[24,13],[82,-17],[4,105],[42,5],[58,-17],[36,19],[55,57],[14,32],[-26,58],[-93,8],[25,67],[126,38],[49,-17],[-13,-28],[32,-22],[39,33],[22,-18],[89,16],[80,77],[8,-8],[-83,-77],[-66,-12],[4,-30],[35,3],[6,-36],[68,-2],[60,-30],[43,2],[63,30],[84,6],[50,28],[41,46],[25,60],[3,110],[-33,87],[-53,67],[41,42],[41,4],[63,103],[106,246],[5,119],[-25,61],[35,19],[-6,89],[25,48],[-5,77],[29,27],[-12,54],[25,19],[2,44],[-64,46],[-4,37],[29,29],[-18,18],[18,60],[31,45],[-20,25],[-1,65],[-52,38],[9,72],[30,25],[-7,66],[20,1],[22,58],[-24,35],[74,58],[30,51],[-18,54],[7,62],[21,13],[24,108],[-32,15],[15,41],[53,-19],[39,11],[38,46],[33,6],[58,54],[62,12],[-7,26],[40,-2],[120,103],[-16,55],[21,36],[84,-2],[17,-15],[79,6],[49,37],[52,-24],[39,1],[57,28],[216,-8],[131,-26],[77,0],[75,12],[52,48],[22,47],[-25,14],[6,50],[159,-62],[34,-1],[42,31],[117,43],[124,3],[35,12],[44,65],[57,11],[46,55],[55,156],[64,74],[47,74],[44,37],[19,52],[100,83],[15,44],[41,46],[-3,27],[52,106],[4,53],[34,63],[46,14],[41,85],[14,64],[-34,61],[1,73],[-48,77],[-9,101],[-64,88],[-74,178],[-59,67],[46,14],[-7,52],[34,14],[14,47],[45,56],[27,-11],[36,22],[9,52],[46,48],[27,94],[-5,30],[35,63],[41,-31],[87,68],[24,65],[-2,71],[27,-12],[55,89],[4,52],[-28,223],[-45,112],[-63,81],[-93,78],[-98,39],[-156,-22],[-59,-88],[123,-90],[-14,-18],[-169,121],[1,43],[-38,7],[-10,-28],[-101,-1],[-121,40],[-32,42],[-88,6],[-91,17],[-45,-5],[-149,31],[-54,101],[-58,34],[14,52],[-10,96],[26,92],[-21,30],[16,31],[94,45],[-18,23],[123,24],[212,21],[92,162],[36,87],[-49,77],[85,-2],[60,84],[34,134],[44,46],[5,93],[-37,44],[46,16],[-37,146],[-58,94],[-74,52],[-31,48],[-66,32],[-67,15],[-45,-92],[106,-58],[-8,-15],[-135,75],[-68,-42],[-57,28],[-20,60],[-116,105],[-66,81],[-103,85],[-84,96],[-44,2],[-46,50],[29,-2],[-66,47],[17,28],[-38,62],[-66,17],[12,63],[45,0],[4,37],[-38,36],[-18,-17],[-43,35],[-13,41],[44,68],[-12,44],[26,12],[17,47],[78,3],[56,32],[43,-4],[83,28],[-15,42],[16,64],[26,-3],[69,64],[60,3],[44,31],[36,65],[-60,62],[-92,30],[32,55],[-38,38],[9,21],[-62,71],[34,42],[-78,33],[-43,80],[-22,5],[-17,59],[-37,-25],[-89,78],[-7,35],[93,39],[43,62],[44,-12],[21,21],[6,55],[34,97],[78,-45],[77,102],[141,108],[75,13],[41,46],[-24,32],[39,28],[-58,81],[7,27],[-20,84],[-21,36],[24,34],[22,119],[-15,17],[40,80],[110,62],[16,63],[-33,45],[-31,-1],[0,47],[-21,34],[27,24],[-15,51],[-43,-23],[9,37],[36,14],[41,69],[7,56],[56,48],[5,40],[-31,74],[28,-6],[-8,45],[18,67],[22,-12],[11,52],[30,-1],[66,70],[18,67],[65,53],[8,41],[39,55],[12,59],[47,91],[44,49],[-5,81],[37,56],[41,33],[6,59],[101,98],[33,78],[3,92],[-16,70],[39,-1],[-7,120],[28,0],[-11,68],[11,48],[29,8],[34,52],[-29,106],[52,31],[-9,98],[-39,-10],[-48,33],[-40,119],[43,71],[-37,83],[12,67],[35,59],[-36,-12],[43,74],[-25,34],[9,40],[56,-24],[21,45],[-36,6],[0,27],[64,-3],[12,75],[29,25],[0,43],[36,-20],[46,42],[45,1],[0,54],[-33,6],[6,74],[49,40],[19,-8],[61,42],[-60,35],[16,37],[-7,45],[36,47],[30,-22],[10,27],[69,39],[7,36],[117,3],[42,24],[94,-5],[176,-52],[65,-24],[29,-55],[9,-76],[101,-87],[89,-35],[47,-58],[-9,-76],[23,-82],[-12,-30],[-1,-159],[-11,-123],[-41,-151],[-32,-93],[-31,-47],[-68,-30],[-99,-147],[2,-60],[-47,-84],[-34,-2],[-11,-29],[-80,-31],[-14,-44],[-78,-63],[-18,-33],[14,-67],[-15,-244],[-11,1],[15,235],[-6,42],[-36,-32],[-74,-25],[-39,-75],[-29,5],[-31,-53],[-6,-59],[-57,-182],[-25,-58],[-3,-122],[17,-38],[-4,-169],[69,-10],[52,-67],[-15,-5],[-46,60],[-48,14],[8,-82],[33,-66],[147,-68],[9,-44],[47,-50],[22,2],[17,-60],[61,-13],[31,-104],[-29,-57],[-75,-99],[-4,-64],[-36,-59],[-17,-80],[10,-73],[-43,-55],[-23,1],[-69,-153],[-6,-68],[-24,-50],[-32,-18],[-25,-159],[-27,-30],[-60,-250],[38,-42],[16,-49],[-25,-40],[-24,19],[-33,-56],[1,-33],[-29,-6],[-60,-64],[-14,-63],[-61,-13],[-32,-48],[-113,-34],[-40,-40],[-60,-107],[-25,-76],[59,-51],[29,-67],[-57,-37],[7,-15],[-59,-61],[-45,-21],[-54,-3],[-70,-48],[23,-83],[-18,-60],[-27,-25],[32,87],[-16,66],[-87,-6],[-71,-77],[-25,-81],[19,-85],[41,-109],[37,-45],[91,-49],[76,-22],[33,24],[65,-82],[36,-30],[101,-53],[49,-62],[28,-62],[49,-70],[34,3],[47,-35],[14,-110],[32,-101],[34,-63],[25,-14],[73,-100],[10,-39],[58,-54],[79,-46],[164,-26],[90,-36],[82,16],[25,47],[131,-9],[23,37],[38,-43],[43,0],[64,-76],[-2,-57],[33,-56],[37,-6],[31,-102],[-4,-75],[-26,-63],[-14,-87],[69,-56],[-12,-14],[43,-46],[45,-20],[31,-39],[-11,-52],[9,-107],[71,-82],[66,-60],[17,-34],[10,-77],[-40,-115],[-26,-23],[-39,-146],[-8,-81],[13,-94],[-37,-60],[8,-19],[-33,-156],[39,-36],[-23,-37],[-38,-16],[-7,-35],[61,-58],[4,-23],[-58,-6],[-21,-46],[64,-50],[23,-50],[44,1],[-55,-68],[6,-39],[-114,22],[-30,-31],[-12,-74],[43,-77],[-41,16],[-35,-44],[41,-45],[-29,-32],[-35,3],[9,-50],[-19,-29],[-37,-2],[-16,-30],[171,-63],[31,-42],[-32,-42],[18,-59],[-41,-52],[21,-21],[-7,-42],[-79,-97],[14,-25],[-9,-80],[32,-49],[-12,-51],[-66,-57],[-50,-67],[-45,-3],[31,-22],[-29,-35],[9,-109],[69,-79],[-14,-55],[35,0],[9,-65],[-44,-108],[-4,-40],[-41,-70],[-77,-63],[-73,-19],[-10,-22],[-54,23],[-115,9],[-28,-101],[-15,4],[28,88],[-97,14],[-64,-54],[-50,-104],[-5,-79],[35,-111],[43,-5],[58,-68],[22,-63],[-25,-38],[30,-95],[36,7],[50,-42],[-44,5],[-36,-35],[-39,12],[-72,-55],[-33,-89],[25,-45],[-32,-55],[22,-27],[-32,-45],[-59,-7],[-74,-98],[21,-108],[-36,68],[-47,18],[-58,-39],[-19,-37],[-5,-156],[22,-25],[102,0],[36,-31],[-42,-33],[8,-64],[41,-20],[-93,-67],[-13,-92],[16,-32],[45,-11],[46,-50],[-6,-26],[-70,-50],[-24,5],[-78,-71],[-33,-45],[26,-1],[-35,-46],[7,-39],[44,-3],[33,-26],[-16,-30],[-36,31],[-32,-18],[-14,-39],[-97,-113],[12,-66],[-5,-48],[-30,-48],[-2,-51],[61,-108],[-42,-23],[4,-63],[-23,-13],[7,-111],[54,-40],[41,-6],[53,19],[-5,-20],[93,-4],[78,-49],[37,31],[121,-2],[23,-13],[64,25],[75,1],[34,-49],[-39,-108],[-80,-64],[-152,-34],[-46,19],[-66,-14],[-101,10],[2,-25],[-73,4],[-66,39],[-55,-18],[-142,-81],[-39,-248],[-9,2],[40,269],[88,45],[-49,78],[-49,-23],[-11,16],[49,25],[-50,21],[-69,-21],[45,-43],[-29,-33],[-37,31],[-96,-93],[89,-81],[-48,-47],[-89,79],[-53,-56],[-17,14],[-67,-131],[-17,-73],[5,-94],[20,-9],[-46,-58],[25,-55],[12,-96],[-17,-2],[-11,70],[-58,30],[-76,-65],[-5,-33],[129,13],[2,-11],[-200,-24],[-67,-484],[-8,1],[53,385],[-44,-16],[-145,19],[-52,-336],[69,-19],[-144,22],[-9,-73],[-49,-45],[37,-157],[65,-114],[63,-77],[46,18],[80,1],[50,-31],[21,-38],[76,9],[28,44],[102,28],[82,-17],[56,9],[50,-13],[36,-93],[-14,-65],[-22,-29],[-63,-13],[-107,12],[-34,-31],[-80,-1],[-119,-248],[7,32],[84,185],[-90,50],[-49,-60],[13,40],[-44,25],[-36,-11],[-80,-93],[46,-185],[-34,-30],[5,-73],[-32,-63],[-38,-33],[6,-25],[-41,-132],[10,-60],[-81,-68],[-4,-82],[22,-21],[-58,-76],[-104,-58],[-57,-18],[-47,-34],[-82,-23],[-74,-37],[-47,-41],[-111,-1],[-23,-16],[-96,-15],[-17,-22],[-88,-39],[-39,-86],[-8,-66],[9,-96],[44,-129],[19,-28],[75,-27],[31,8],[68,-40],[-28,-10],[-31,-61],[5,-36],[-72,-91],[7,-40],[38,4],[27,-21],[15,-82],[-16,-97],[50,-56],[77,-21],[37,14],[-19,24],[88,-5],[25,18],[63,-23],[149,36],[-13,33],[37,7],[65,-22],[-24,-60],[0,-106],[-22,5],[-41,-116],[40,-33],[31,-106],[40,-43],[17,-51],[1,-116],[32,-15],[2,-131],[-10,-63],[5,-74],[-58,-33],[8,-37],[-67,-110],[-61,18],[-33,-71],[-29,19],[-48,-31],[-2,-72],[-56,36],[-59,-31],[-20,-33],[28,-55],[-41,-29],[52,-32],[-87,-62],[23,-48],[-36,-44],[-141,-94],[-58,-95],[-17,-45],[-61,-65],[-102,-29],[24,-220],[-10,2],[-19,155],[-82,-12],[-70,-43],[27,-132],[-20,-3],[6,-68],[21,-68],[0,-53],[38,-112],[48,-59],[42,-10],[72,-52],[15,-31],[40,-144],[-8,-47],[-32,-78],[32,-67],[-25,-101],[49,-69],[2,-118],[114,-100],[56,-25],[106,-166],[41,-97],[11,-56],[-14,-189],[-8,1],[11,198],[-20,-2],[-45,150],[-150,-41],[-28,12],[-52,-72],[67,-32],[-20,-144],[-23,-58],[52,-7],[-20,-134],[87,-13],[11,-25],[50,-19],[117,31],[72,-3],[34,-24],[16,-61],[28,-37],[-1,-108],[26,-57],[-46,-11],[-22,-111],[11,-57],[-46,-83],[-10,-40],[-36,-29],[-19,-46],[-26,-2],[-31,-57],[-74,-74],[-21,-115],[53,-85],[4,-41],[-70,-33],[18,-98],[73,-118],[121,-33],[-4,-11],[-124,34],[-74,119],[-15,-4],[-21,105],[5,25],[-79,-10],[-48,-25],[-25,-88],[15,-18],[-14,-53],[-34,-250],[-88,10],[-13,-83],[14,-142],[-4,-132],[-36,-82],[-118,-128],[-40,-92],[-3,-127],[-11,131],[10,49],[-65,-21],[-67,-3],[-21,-28],[3,-81],[-11,-78],[39,-5],[-43,-24],[-20,-127],[20,-6],[35,-98],[-6,-65],[36,-12],[-12,-53],[88,-82],[17,-2],[91,77],[-76,-75],[14,-41],[81,-81],[66,-36],[77,-10],[17,68],[47,322],[-43,2],[-50,110],[-60,-18],[112,53],[22,39],[15,-16],[110,46],[60,-8],[45,49],[-8,22],[40,48],[36,17],[43,-10],[27,-52],[30,-9],[-6,-40],[43,-23],[-4,-99],[28,-62],[45,-52],[31,2],[20,-43],[-17,-29],[-55,2],[-14,-32],[13,-65],[71,-58],[62,-14],[9,-59],[39,-46],[-22,-77],[29,-29],[237,30],[136,43],[152,87],[46,-14],[-43,82],[-13,-10],[-57,78],[-37,30],[30,18],[10,61],[-102,58],[-14,30],[21,52],[33,-9],[74,90],[55,6],[86,-16],[69,-38],[50,40],[38,-2],[44,-42],[29,44],[53,-12],[54,44],[34,0],[87,-70],[-31,-62],[39,23],[41,71],[75,-52],[73,48],[23,-11],[-127,-89],[-29,-7],[141,-73],[-61,18],[-38,-22],[-96,-89],[-68,-10],[28,-88],[50,-63],[65,-41],[46,21],[64,-19],[16,-41],[159,196],[-97,76],[6,6],[195,-152],[192,232],[-126,89],[76,98],[99,-71],[99,127],[-36,38],[-204,103],[15,27],[-151,77],[21,87],[345,-16],[129,-61],[101,132],[-119,117],[15,15],[-326,-43],[-308,95],[-233,-115],[-12,7],[246,121],[311,-97],[319,42],[-25,157],[-40,27],[7,29],[55,-17],[12,-53],[50,-9],[4,-21],[53,-32],[-1,-33],[51,1],[35,-23],[43,-82],[23,50],[81,30],[57,-15],[2,75],[44,10],[39,-114],[-9,-49],[-47,-32],[-64,-1],[-31,-50],[-41,-2],[49,-50],[61,3],[218,-64],[-3,-8],[-121,34],[-104,-197],[47,-63],[38,24],[16,-16],[64,45],[83,-22],[-64,4],[-75,-34],[8,-48],[-27,-15],[96,-95],[72,-36],[104,3],[55,15],[55,38],[86,97],[-36,21],[-114,110],[-11,28],[18,51],[-41,33],[5,51],[29,13],[84,1],[46,-16],[77,-4],[12,16],[-31,40],[29,34],[39,2],[42,-37],[16,-53],[-17,-21],[112,-56],[32,10],[18,66],[-34,42],[-5,58],[12,52],[78,20],[37,60],[50,-11],[46,13],[20,53],[-42,24],[-75,127],[4,64],[23,27],[50,13],[65,-35],[9,-68],[54,-70],[67,7],[32,-41],[80,28],[33,-7],[201,61],[58,45],[52,77],[23,188],[24,88],[83,72],[-4,81],[-76,14],[-31,-108],[-7,7],[47,166],[-31,38],[-4,35],[27,62],[58,67],[88,29],[18,86],[-21,67],[12,53],[-19,52],[-40,7],[-6,46],[43,34],[83,-7],[14,80],[-40,62],[-34,13],[-65,-12],[-65,51],[-5,66],[-21,26],[36,37],[36,-4],[78,-47],[-3,61],[39,28],[66,-12],[26,12],[83,-71],[19,-34],[-12,-142],[-20,-24],[64,-114],[16,-52],[54,-21],[66,6],[50,-11],[73,66],[110,38],[50,-17],[23,-42],[115,-1],[83,111],[63,60],[33,47],[29,102],[35,71],[110,88],[13,42],[47,-6],[8,-33],[83,1],[15,38],[62,-16],[20,43],[45,30],[82,-88],[46,-96],[4,-44],[166,-188],[20,-55],[59,18],[33,149],[61,-14],[24,-59],[38,19],[100,-90],[71,-27],[13,-33],[43,12],[-5,48],[24,3],[28,57],[89,10],[-1,59],[87,-3],[28,-33],[-12,-32],[55,-7],[20,-28],[114,-67],[92,13],[45,22],[107,94],[10,55],[151,118],[-50,58],[-46,-38],[-32,37],[-62,-33],[-93,-73],[-4,9],[171,133],[-21,16],[4,48],[35,62],[-5,33],[80,79],[11,75],[83,-75],[56,29],[-25,46],[9,70],[-30,55],[-12,105],[85,-32],[45,50],[39,3],[48,-55],[38,-3],[22,-99],[46,-22],[29,-52],[3,-46],[-25,-58],[68,-32],[26,54],[-11,58],[4,88],[16,67],[-28,52],[19,33],[-12,73],[17,83],[49,67],[41,22],[65,-64],[-5,-113],[72,1],[61,-77],[7,-126],[-20,-108],[-47,-50],[18,-16],[7,-76],[24,-47],[28,-9],[44,41],[29,-6],[43,61],[57,10],[45,-53],[27,-85],[27,-27],[14,-63],[-48,-126],[-7,-234],[19,-59],[5,-116],[29,171],[0,91],[13,74],[39,51],[28,114],[11,90],[-33,64],[51,102],[39,2],[52,105],[-3,52],[52,104],[52,-4],[25,-35],[20,18],[138,-66],[63,-69],[23,4],[-5,96],[22,33],[-5,100],[18,34],[36,6],[47,-27],[0,-49],[48,-6],[-13,64],[12,31],[96,-52],[14,-52],[-18,-63],[25,2],[43,86],[68,-61],[0,-56],[50,21],[29,-52],[36,-3],[13,-48],[29,37],[75,-77],[0,-30],[-46,-61],[79,-45],[45,33],[129,-67],[21,-85],[111,-61],[46,-54],[1,-43],[-67,-56],[-24,-45],[-44,-21],[-52,1],[-21,-23],[12,-49],[-18,-17],[-78,-4],[-97,-25],[-21,4],[-172,-54],[-83,14],[-15,-36],[8,-60],[76,-62],[19,-32],[62,5],[69,102],[64,34],[-2,-25],[-60,-19],[-60,-98],[-58,-27],[33,-80],[27,-22],[107,24],[44,-11],[-146,-33],[-72,21],[-43,78],[-72,-36],[-93,28],[-56,-35],[-47,5],[-103,34],[-50,-94],[-6,-56],[57,-69],[188,-68],[25,-20],[61,-119],[54,-6],[22,-43],[-12,-60],[19,-87],[-49,-48],[37,-107],[4,-46],[-30,-45],[-51,-28],[-30,4],[-141,-22],[1,-31],[-80,-15],[-29,-24],[18,-117],[-11,-64],[7,-67],[27,-39],[21,11],[172,-36],[38,174],[18,-3],[-53,-229],[-24,-53],[32,-52],[46,-13],[102,-8],[51,-38],[28,23],[45,-10],[76,-69],[12,-70],[-18,-55],[-4,-87],[124,-69],[8,-64],[-46,-25],[2,-78],[39,-106],[20,-85],[38,-55],[43,-9],[7,-56],[31,-31],[72,-32],[-15,-39],[40,-8],[-3,-40],[59,-35],[33,-78],[-73,-55],[-23,-54],[-40,-14],[-22,-63],[-9,-88],[15,-27],[-18,-37],[22,-34],[-33,-100],[43,-62],[-14,-17],[29,-67],[-36,-49],[3,-50],[80,-11],[8,-32],[-41,-23],[-63,28],[-16,-31],[37,-46],[-32,-36],[23,-19],[4,-58],[-22,-18],[-147,-12],[-18,-60],[-40,26],[-59,-24],[-37,-38],[-37,44],[-39,-29],[-75,7],[-2,-36],[-54,-14],[-189,-5],[-79,16],[-49,-5],[-116,39],[-44,-17],[-7,52],[34,8],[-65,15],[-94,-37],[-64,-65],[39,-75],[-53,-38],[-62,10],[-6,-35],[-51,-23],[-17,-30],[15,-53],[-33,0],[-3,-39],[25,-40],[-25,-72],[17,-52],[-35,-27],[13,-55],[-40,-94],[-63,-58],[18,-48],[-61,6],[-15,-54],[-58,-5],[-64,30],[-31,46],[-19,65],[-30,-54],[-52,77],[-84,-50],[52,-56],[-71,-25],[21,-47],[-51,4],[-2,-94],[-41,-42],[24,-65],[-37,-33],[-75,63],[-17,31],[-89,-46],[-27,-31],[23,-46],[-14,-17],[-39,34],[-83,-28],[-33,-44],[27,-16],[-97,6],[-143,-39],[-27,-30],[-84,29],[15,-49],[-57,-122],[-39,58],[-24,-29],[-54,-13],[-22,46],[-162,-37],[-7,-19],[-67,-36],[-1,-62],[-36,3],[-29,-84],[-28,-47],[11,-45],[-67,-90],[-54,8],[-48,-20],[-7,-24],[-66,-20],[-92,21],[-34,-21],[-58,-6],[-94,30],[-63,-13],[-31,24],[92,-132],[-103,-70],[-8,10],[93,66],[-39,55],[-79,-50],[12,-17],[-49,-17],[-54,8],[-45,-54],[14,-16],[0,-70],[79,-5],[193,57],[8,-25],[-195,-54],[-90,13],[-22,-77],[-50,-269],[-31,-59],[-63,-41],[-9,-59],[-47,-23],[-114,-92],[-71,-67],[-64,-82],[-59,-110],[-28,-84],[-6,-52],[-79,-116],[-13,-70],[7,-49],[-20,-26],[-2,-146],[-15,-84],[3,-185],[-27,-191],[2,-75],[-14,-150],[-24,-107],[-31,-3],[14,-47],[-80,-47],[2,-45],[-49,36],[-32,-36],[-2,-54],[-21,-55],[-14,73],[7,35],[-71,-65],[-47,64],[-4,-109],[-24,17],[-30,141],[2,40],[-50,-4],[-11,-38],[18,-92],[-37,-16],[-58,45],[-27,-36],[-42,0],[-21,36],[-49,21],[-28,53],[-44,46],[-7,76],[-57,61],[-19,39],[-59,12],[8,25],[-41,6],[-54,84],[-81,41],[4,30],[-74,112],[-1,61],[-38,59],[3,61],[-15,52],[-46,27],[-107,132],[-58,-28],[-27,-31],[11,-109],[-35,-106],[-27,-41],[-1,-46],[-37,-31],[28,-44],[-56,0],[-6,-25],[42,-41],[-22,-84],[-32,-67],[-45,-32],[-22,-42],[-31,-16],[-168,-26],[-80,-31],[-21,-30],[-33,7],[-6,-48],[-25,-17],[-10,47],[-55,2],[-31,40],[-32,3],[-14,39],[-44,12],[-18,26],[27,51],[11,73],[-71,4],[-33,-13],[-28,-58],[-25,-95],[-32,-16],[-94,-3],[7,-39],[-38,-4],[-25,-29],[15,-25],[-48,-51],[-76,-16],[-126,-14],[-36,19],[-47,66],[-63,24],[45,34],[23,49],[-6,84],[-24,19],[-31,72],[42,51],[-76,50],[-51,84],[4,37],[-26,23],[-55,-32],[-20,174],[-75,92],[-114,92],[-3,77],[42,28],[-91,119],[-56,20],[-43,50],[23,49],[-13,67],[8,52],[29,29],[67,5],[0,36],[-58,8],[-96,-27],[-11,135],[-13,21],[-143,111],[-83,37],[-31,-7],[-132,-63],[-5,11],[114,50],[-73,154],[54,30],[-60,78],[-35,-22],[-91,101],[27,46],[-31,47],[-121,52],[-68,-27],[2,-119],[-61,-14],[-39,32],[15,33],[-26,105],[36,15],[1,45],[-90,10],[-17,-51],[6,-43],[-36,11],[6,36],[-37,27],[-6,40],[-33,5],[-32,43],[-6,-24],[-86,-7],[-29,15],[-74,98],[-19,71],[1,69],[25,70],[74,83],[63,36],[49,-16],[55,-90],[26,18],[14,55],[-58,50],[-26,64],[-6,90],[-37,67],[-47,25],[-44,89],[10,7],[-123,104],[-13,-62],[-55,-33],[-5,-59],[39,-12],[-30,-94],[-29,8],[-71,-323],[9,-80],[42,-88],[13,-55],[-24,-245],[26,1],[16,-285],[74,7],[1,-13],[-75,0],[-25,-20],[-6,-170],[34,-17],[9,32],[38,-9],[9,39],[84,26],[-12,38],[120,34],[15,-36],[128,12],[67,-59],[45,-11],[123,-102],[-48,-86],[25,-25],[16,-65],[61,-20],[38,-35],[35,-64],[-18,-52],[60,-59],[21,-101],[57,-60],[46,-125],[-5,-57],[60,-61],[8,-37],[-16,-64],[46,-36],[16,-45],[28,-12],[56,-100],[39,-125],[-4,-116],[-23,-41],[6,-35],[-71,14],[-39,-38],[-16,-43],[62,-85],[12,-67],[-31,-64],[15,-59],[-20,-60],[-90,-67],[-36,-70],[-54,15],[-41,-49],[-51,19],[-82,-1],[-62,-69],[-80,-73],[19,-32],[52,6],[23,-75],[-10,-42],[24,-40],[-35,9],[-51,-42],[-93,-14],[-52,32],[-26,-10],[10,-79],[66,-12],[94,-43],[51,26],[72,-4],[61,-22],[82,13],[42,-23],[34,-42],[1,-96],[13,-13],[8,-102],[46,-94],[-31,-53],[-77,-1],[-18,-18],[-20,-89],[29,-51],[-40,-46],[42,-62],[44,-38],[-7,-64],[-96,-94],[-75,-38],[-78,-6],[-54,-37],[-17,52],[-22,-6],[-104,61],[-24,46],[-11,92],[-78,70],[-81,55],[-34,-1],[-32,35],[-110,-22],[-79,-37],[-49,-48],[3,-135],[-19,-118],[-107,60],[-38,49],[-64,-18],[17,-59],[-23,-36],[-39,-15],[-63,21],[-37,42],[-33,-1],[1,-72],[-27,1],[-33,-117],[-41,-5],[-177,41],[-113,-38],[-37,-21],[-152,6],[-64,-23],[-46,3],[-77,32],[-87,9],[-49,-27],[-2,36],[-45,33],[-79,22],[-155,-36],[-170,-18],[-56,38],[23,26],[-1,124],[40,87],[45,29],[42,77],[-5,46],[-90,-34],[18,-41],[-32,-13],[-27,56],[-53,-19],[-108,-101],[13,-111],[-7,-58],[28,-46],[50,-17],[54,-49],[137,-144],[79,-38],[57,-169],[4,-95],[48,-71],[55,8],[-13,57],[8,56],[46,36],[-15,60],[17,71],[31,20],[35,-20],[157,-35],[59,-24],[46,-45],[18,-68],[93,-23],[-24,-20],[9,-91],[26,-43],[135,-6],[19,-60],[140,-10],[32,-25],[-8,-38],[21,-49],[-2,-74],[-35,-61],[22,-38],[-56,-28],[14,-48],[-71,-86],[75,-30],[39,-56],[69,-6],[27,-48],[-49,-58],[-72,7],[-11,-56],[-51,14],[-84,-29],[69,-70],[2,-35],[-59,-23],[40,-24],[-23,-28],[-68,-30],[23,-57],[-33,0],[-44,39],[-23,-31],[-24,-80],[-59,11],[26,-123],[-38,-11],[-19,-97],[8,96],[-45,31],[-38,68],[15,58],[-119,10],[24,-38],[-11,-106],[-38,-43],[-128,12],[-19,-10],[-19,-68],[13,-45],[24,8],[1,-59],[113,4],[40,-16],[90,7],[76,-23],[112,-84],[-20,-23],[-71,-10],[-30,-41],[21,-40],[91,8],[42,38],[81,-3],[23,-55],[-41,-74],[-77,-31],[-8,-63],[-34,-67],[13,-55],[62,-14],[42,39],[45,2],[76,-36],[38,-49],[-21,-49],[-58,-10],[65,-80],[18,-47],[-55,-30],[-71,66],[-17,-8],[-67,41],[-34,3],[-29,-41],[-61,-48],[-108,-29],[-48,16],[-101,-55],[-47,6],[-76,51],[-56,77],[-82,-29],[-59,-1],[-49,28],[-59,81],[-7,30],[-39,1],[-16,-57],[-42,-6],[-65,60],[-45,-17],[-33,-56],[30,-81],[59,-57],[-28,-2],[3,-44],[-24,7],[-43,-31],[-26,-56],[-1,-51],[32,-17],[82,-149],[7,-39],[-46,37],[-35,-29],[-59,9],[-58,-23],[-21,-53],[25,-43],[57,-8],[44,-54],[-16,-46],[-90,32],[-37,-19],[-29,-70],[-25,-16],[3,-106],[-30,-38],[-69,-27],[-95,-89],[-13,-32],[43,-120],[80,-6],[58,-76],[37,-7],[30,27],[38,-22],[90,13],[25,52],[97,-8],[16,14],[91,5],[171,-106],[27,-27],[-59,-40],[-45,-14],[-10,-27],[28,-33],[-116,-153],[-109,-87],[-37,-72],[8,-54],[68,-29],[31,35],[126,49],[-7,23],[93,33],[-15,110],[10,1],[16,-125],[326,51],[-155,276],[8,5],[157,-281],[84,21],[11,-27],[43,0],[58,-58],[-44,-32],[47,-67],[-15,-17],[9,-111],[-13,-38],[-48,-65],[-20,-52],[-50,-49],[-100,-22],[-31,-22],[16,-115],[-14,-17],[46,-50],[1,-95],[-30,-60],[-59,-25],[-106,-106],[-95,-34],[60,-210],[-12,-3],[-45,157],[-132,-35],[-21,74],[-81,16],[-123,-58],[-12,-38],[-197,-31],[-114,-53],[43,-98],[130,44],[103,10],[37,-9],[161,-95],[14,-37],[45,-16],[40,81],[-54,-140],[51,9],[172,-31],[68,19],[99,-35],[76,9],[41,-15],[53,12],[19,30],[27,-37],[39,-17],[94,-6],[23,45],[-47,42],[24,52],[-35,72],[105,44],[-17,52],[28,24],[58,4],[86,-107],[0,-74],[25,-17],[-17,-89],[12,-43],[-17,-42],[-36,-8],[18,-39],[-27,-41],[-11,-70],[-90,-89],[3,-35],[37,0],[22,-62],[41,-17],[71,4],[47,-31],[50,1],[24,-35],[19,17],[57,-12],[19,-31],[13,-114],[29,-55],[-29,-29],[29,-54],[-12,-37],[-81,-30],[-81,45],[-39,36],[-59,24],[12,-48],[58,-97],[50,-53],[-24,-55],[-22,-5],[-72,34],[-81,62],[-23,-11],[41,-113],[-69,-3],[1,-88],[-20,-1],[-1,74],[-49,0],[-2,41],[-83,-1],[25,-32],[5,-113],[39,-72],[33,-25],[75,19],[6,21],[61,10],[35,-41],[54,39],[154,-24],[42,-48],[16,-42],[47,-17],[9,-60],[-77,-49],[-81,3],[24,-38],[9,-57],[98,-26],[67,-67],[83,-121],[-46,-28],[6,-40],[-100,-18],[-35,-63],[11,-24],[77,-10],[22,-28],[70,-32],[46,3],[83,26],[16,-21],[-28,-30],[-41,0],[1,-34],[-77,-21],[-68,15],[-2,-64],[16,-89],[-6,-73],[51,-3],[48,-31],[16,-58],[-12,-36],[39,-33],[10,-59],[-14,-36],[36,-42],[31,-83],[-5,-33],[-38,-38],[-65,-13],[-23,73],[-16,-95],[-79,-15],[4,-42],[-58,29],[-17,52],[-50,-82],[-28,16],[0,-44],[-23,-10],[9,-47],[-50,-10],[-32,35],[-46,-40],[-64,-129],[-47,-77],[47,-60],[-3,-76],[-45,-62],[-33,2],[-18,-40],[-109,15],[-32,15],[-82,11],[-154,-12],[-20,-27],[-107,24],[-40,44],[-4,-34],[-84,7],[-48,21],[-78,3],[-46,21],[-44,91],[-41,10],[-58,84],[-38,26],[-25,-32],[0,62],[-81,-14],[-71,89],[-153,58],[-22,72],[-142,91],[-51,-25],[-22,30],[-91,52],[-72,3],[-72,-67],[-93,-9],[-2,23],[109,10],[57,62],[-8,53],[-58,40],[-170,97],[-78,8],[-103,-10],[-56,-76],[-43,-10],[-47,29],[-14,-104],[-77,-19],[-45,14],[-9,-110],[-41,-13],[-5,48],[-46,6],[-64,-20],[-14,-35],[-44,69],[-33,-17],[-22,46],[-34,8],[-111,91],[-47,65],[-33,9],[-62,86],[-54,112],[-28,11],[-89,-9],[-132,-37],[-25,-16],[-1,-63],[-18,-65],[14,-115],[-32,-40],[23,-39],[-14,-44],[-27,15],[7,-70],[-84,-96],[-26,-44],[-15,-131],[53,-122],[75,-83],[-49,-20],[21,-40],[-58,-23],[-26,-82],[28,-9],[-21,-43],[-18,16],[-50,-23],[16,-35],[-30,-2],[-37,-102],[-63,-23],[-5,-67],[-58,-82],[-11,-44],[43,-38],[-29,-69],[40,-81],[-5,-106],[17,-49],[-30,-34],[-25,25],[-26,-13],[-16,-153],[-15,1],[9,134],[-484,108],[-29,-76],[26,109],[-57,12],[-18,-52],[-35,-22],[19,-23],[-19,-56],[28,-11],[-57,-148],[180,-161],[65,67],[44,-39],[-79,-80],[180,-164],[29,70],[147,212],[33,-21],[-67,-141],[19,-11],[-48,-72],[161,-115],[36,-11],[169,400],[11,-12],[-205,-485],[81,-75],[-17,-21],[96,-135],[29,-71],[27,-15],[-15,-100],[95,-113],[-8,-7],[-71,88],[-99,-34],[-197,2],[-36,-30],[-5,-44],[49,-29],[66,-5],[5,17],[61,3],[63,-40],[-4,-24],[134,-81],[158,21],[-32,114],[10,3],[44,-164],[65,30],[55,-14],[56,-38],[20,-54],[-6,-55],[72,-129],[-82,-115],[42,-27],[33,-143],[-2,-68],[32,-43],[3,-61],[26,-31],[-2,-53],[-34,-1],[-26,-39],[9,-40],[-10,-78],[-50,-11],[-21,-37],[32,-39],[-3,-29],[46,-66],[18,-61],[-40,-133],[-32,6],[-28,-26],[-43,35],[-21,-9],[-51,60],[-41,17],[-65,3],[-58,18],[-79,-37],[-41,-71],[-7,-72],[17,-39],[43,10],[32,-58],[-41,-8],[62,-55],[44,-16],[9,-38],[52,-46],[-30,-12],[31,-73],[-15,-13],[34,-53],[-40,-16],[29,-45],[-32,-5],[11,-79],[-49,-10],[36,-54],[-46,-48],[-2,-36],[-63,-16],[-20,-43],[27,-56],[49,-14],[-9,-80],[-23,-5],[-59,-79],[-1,-45],[-45,-83],[-9,-52],[22,-7],[6,-66],[-31,19],[-35,-14],[15,-25],[-10,-57],[-21,41],[-10,-40],[-32,6],[-11,-43],[-40,-12],[-22,-33],[-20,23],[-106,20],[-71,-6],[-13,15],[-83,-30],[-125,-58],[-12,49],[45,43],[93,54],[-154,-24],[-19,11],[39,42],[-45,-15],[-41,34],[12,45],[-21,19],[-53,-43],[-57,61],[-4,29],[-35,12],[25,47],[-11,44],[-42,25],[-39,-2],[-32,-27],[0,-69],[-28,-10],[-17,-48],[-76,47],[-21,38],[-122,-34],[-55,17],[5,43],[-26,28],[-108,-67],[-21,-41],[-35,-8],[-52,31],[-51,106],[-60,-10],[-29,-28],[-13,50],[-71,15],[-47,-40],[-27,27],[19,29],[-27,9],[-34,63],[-78,68],[-58,-10],[-23,-51],[-42,-9],[-57,41],[20,53],[-55,19],[-63,46],[-54,12],[-31,-22],[-55,13],[-84,49],[-51,45],[28,62],[-11,84],[31,50],[-7,30],[-38,18],[-32,69],[7,61],[35,39],[25,-50],[32,-6],[71,-86],[48,-82],[48,37],[38,88],[49,5],[85,-98],[20,-7],[56,76],[19,-13],[56,23],[110,-34],[17,-28],[61,-45],[52,22],[28,35],[1,43],[-28,109],[-27,40],[103,45],[65,-10],[10,75],[47,82],[-4,44],[-39,5],[6,-27],[-37,-8],[-196,-3],[-5,-100],[-10,79],[17,75],[-112,34],[-115,-266],[-8,4],[110,256],[-142,118],[-48,21],[-22,33],[-59,-43],[-49,5],[-48,63],[34,49],[-5,49],[36,5],[-29,71],[14,36],[-22,21],[0,81],[66,42],[154,51],[0,57],[27,70],[38,27],[30,65],[29,6],[-54,116],[22,25],[78,1],[41,32],[54,-13],[76,63],[8,35],[-50,15],[-34,30],[26,50],[-40,93],[73,36],[20,86],[-15,61],[10,80],[-42,32],[-54,1],[-17,-56],[-57,-10],[-34,33],[-19,-30],[-45,2],[-39,33],[-61,-78],[-65,-33],[-81,68],[-14,-16],[-3,91],[57,86],[-88,58],[-49,47],[9,41],[58,23],[-27,172],[-43,-4],[38,34],[3,60],[-36,-7],[4,37],[-62,68],[-7,75],[27,7],[163,-49],[38,38],[5,81],[-22,-5],[-102,46],[52,51],[14,82],[-43,43],[-38,63],[17,10],[-43,41],[14,43],[-24,13],[14,64],[-6,60],[30,114],[-21,72],[32,13],[44,-36],[76,15],[12,34],[1,85],[-19,85],[-25,54],[83,-5],[44,30],[7,46],[45,13],[27,-22],[96,47],[-17,54],[-56,13],[-24,38],[-81,63],[-64,12],[-17,47],[23,56],[-23,14],[33,57],[-20,45],[-111,81],[-55,18],[5,43],[-33,100],[-33,4],[-54,128],[-40,13],[-27,35],[18,32],[-18,45],[-105,-40],[-3,-22],[-93,-51],[-75,28],[-2,73],[52,46],[54,-3],[31,29],[153,16],[89,46],[144,-62],[9,-32],[50,-31],[46,15],[56,50],[9,39],[-69,18],[25,91],[46,67],[-10,144],[-16,70],[70,74],[-41,121],[-29,-9],[-16,40],[32,13],[-30,150],[4,53],[45,99],[7,61],[-60,44],[-65,-4],[-99,36],[2,44],[-40,113],[23,39],[-3,53],[-93,53],[-25,43],[70,57],[75,6],[2,66],[-103,51],[15,29],[-36,16],[-60,-14],[-24,32],[-75,4],[-34,24],[-9,-116],[-71,-36],[-49,39],[32,97],[28,54],[-95,-81],[-55,-9],[-2,-58],[-22,-34],[-37,30],[5,91],[25,19],[-25,57],[-46,47],[18,70],[60,-34],[71,-72],[32,70],[59,15],[-15,74],[40,-12],[25,33],[72,5],[-26,28],[-69,29],[-62,90],[71,15],[-17,49],[16,65],[-50,-14],[-62,3],[7,59],[-24,46],[-48,-4],[5,53],[-14,82],[-56,26],[3,43],[44,36],[4,32],[-55,31],[45,43],[6,44],[-61,25],[-54,95],[55,14],[106,-38],[30,-33],[18,-76],[36,-13],[-14,-65],[25,-44],[4,-47],[67,-29],[55,-81],[31,49],[64,-4],[13,33],[32,6],[-9,-41],[-45,-53],[-4,-41],[54,-27],[6,-65],[33,-49],[49,30],[-7,-42],[44,-196],[39,-24],[44,40],[-3,39],[27,46],[-5,32],[31,52],[53,17],[51,-49],[26,-76],[47,-52],[74,-121],[55,-48],[2,-30],[58,-6],[64,39],[13,112],[-6,37],[30,-20],[84,4],[86,31],[-116,8],[-32,23],[15,32],[-29,15],[-32,-44],[-53,-4],[-41,23],[16,111],[-50,31],[-39,2],[-22,61],[26,21],[56,5],[54,25],[14,-31],[57,6],[3,18],[67,35],[36,-58],[56,13],[57,-74],[47,1],[13,-22],[43,11],[-53,53],[-28,49],[-43,0],[0,35],[31,51],[-19,36],[-65,-7],[-22,62],[-88,45],[-54,15],[-1,-55],[-149,-11],[-37,6],[-79,76],[-66,24],[-21,27],[35,23],[99,-17],[37,-64],[52,46],[33,-5],[-19,60],[105,30],[-24,40],[-61,23],[-48,-3],[-25,34],[-32,-8],[-25,40],[46,109],[-47,5],[-38,31],[-15,-56],[-24,-16],[-59,7],[-1,38],[-45,-20],[-76,31],[22,56],[82,78],[-43,60],[0,-41],[-29,-22],[-52,1],[-66,-36],[-119,6],[-72,65],[5,72],[27,42],[-13,17],[-125,34],[17,31],[55,19],[92,-6],[58,36],[48,1],[128,30],[42,55],[39,7],[7,-40],[72,-18],[37,-81],[75,30],[29,28],[42,-39],[-11,-36],[-44,-17],[-37,-39],[21,-76],[46,-42],[56,79],[62,-2],[21,36],[45,1],[30,-38],[10,-87],[48,63],[86,26],[43,-43],[-24,-59],[112,-14],[26,-15],[8,-62],[-24,-54],[44,-30],[32,-44],[-16,-44],[33,-21],[6,-36],[-35,-74],[-31,-16],[2,-42],[24,-29],[15,-58],[12,41],[51,95],[32,11],[73,-71],[1,-47],[40,-39],[12,-66],[-28,-31],[56,0],[61,-20],[130,-107],[-11,29],[46,49],[12,37],[-46,52],[1,27],[-54,24],[-71,92],[0,63],[-17,39],[3,66],[125,-22],[108,-61],[30,11],[23,53],[-47,150],[-41,-13],[-9,31],[36,12],[-52,121],[-46,162],[-7,78],[29,63],[-8,21],[-62,6],[-44,40],[-3,45],[-41,-17],[4,-41],[-23,-24],[-100,26],[-42,39],[35,46],[49,10],[-43,48],[-19,45],[78,-7],[34,-52],[42,2],[22,25],[48,-22],[52,44],[94,-6],[58,-21],[-4,46],[53,27],[22,-7],[62,86],[-17,29],[-99,-47],[-63,5],[-95,-34],[-93,32],[-25,46],[27,42],[-57,9],[-20,32],[11,49],[25,2],[-50,40],[-4,39],[32,18],[43,-10],[78,36],[22,47],[-93,20],[-35,23],[-6,102],[89,25],[32,-4],[13,53],[-90,-27],[-75,43],[47,97],[-52,-4],[-36,-43],[-36,95],[10,46],[-48,21],[-28,80],[-38,-9],[-4,-114],[-41,-137],[28,-2],[21,-41],[-37,-32],[6,-65],[-58,-37],[33,-35],[4,-70],[-52,-22],[52,-54],[-6,-63],[-25,-21],[-36,29],[-29,-24],[-60,23],[-3,-47],[-38,-1],[-9,-58],[57,-64],[-12,-23],[-55,-7],[-4,-48],[-85,-12],[-74,69],[-23,62],[30,29],[21,64],[-57,-31],[-74,-8],[-8,35],[23,40],[-13,48],[58,51],[51,-8],[-21,45],[31,57],[61,1],[78,-45],[-37,112],[40,-7],[28,53],[-7,27],[-67,-1],[-45,-22],[36,60],[-10,41],[-52,0],[-15,-48],[-83,-21],[-27,41],[-72,-44],[-58,8],[-55,40],[7,40],[33,7],[-2,189],[-30,23],[-79,-3],[-27,-110],[-70,-13],[-96,-109],[-49,45],[-71,29],[-48,-30],[8,-37],[-36,-61],[-53,-44],[-110,5],[-113,108],[-54,92],[-29,3],[-30,51],[18,35],[105,36],[33,61],[-128,30],[-46,45],[-68,-34],[-44,31],[31,86],[66,65],[66,37],[-18,41],[-47,17],[-55,-27],[-58,11],[-65,-19],[-21,39],[-6,104],[-79,52],[-11,23],[51,13],[10,25],[85,3],[38,-43],[44,39],[-15,52],[25,63],[65,8],[16,-23],[-14,-51],[67,4],[57,-22],[46,26],[11,35],[-25,53],[49,33],[-3,50],[-31,35],[-69,38],[3,76],[-38,11],[26,73],[-9,32],[-34,-14],[-12,-37],[-58,-49],[-35,-60],[-74,-3],[-57,45],[-18,34],[38,37],[14,42],[45,12],[24,58],[51,7],[21,83],[-33,27],[28,55],[-25,75],[46,20],[59,-8],[-4,67],[-49,20],[-24,44],[28,28],[34,70],[-8,15],[-82,6],[-37,-28],[-81,-25],[-52,4],[-68,-79],[-28,15],[5,62],[19,47],[-34,57],[-58,65],[56,13],[92,-31],[103,13],[37,35],[105,-14],[10,21],[76,32],[31,50],[35,-27],[-3,-52],[43,-28],[61,-13],[19,-74],[68,2],[20,-33],[52,46],[38,-39],[62,6],[19,-25],[-24,-44],[15,-47],[41,-5],[53,-54],[-41,4],[-26,-43],[-75,-41],[-1,-38],[-38,9],[-19,-27],[30,-39],[-8,-31],[-72,-24],[27,-80],[66,-5],[5,-37],[41,-34],[-7,-23],[61,-15],[49,-51],[1,-27],[64,-29],[69,52],[-35,55],[6,40],[80,23],[20,56],[-22,4],[6,49],[39,58],[28,12],[44,-19],[2,-40],[38,-5],[27,-30],[3,-52],[59,8],[4,-66],[68,-4],[12,-58],[47,-12],[0,-127],[54,-66],[89,-53],[-11,-43],[29,-36],[24,-98],[-1,-88],[37,-30],[58,51],[-5,38],[23,70],[67,28],[-1,84],[-23,22],[-9,67],[16,32],[-15,113],[-41,19],[-63,61],[-54,30],[-11,107],[-52,76],[-21,11],[-29,75],[47,46],[-67,65],[11,82],[19,32],[129,15],[18,-36],[1,-56],[56,-50],[8,-40],[81,-44],[5,-26],[73,-4],[158,-26],[26,-17],[54,22],[1,54],[42,52],[62,12],[14,43],[63,23],[36,-20],[67,-65],[23,-68],[23,-7],[48,-61],[-6,-52],[45,-51],[56,-4],[26,-79],[-45,-103],[-53,17],[-19,-13],[-48,32],[-53,-65],[-15,-49],[-63,3],[-16,-64],[-76,24],[-3,-47],[40,-45],[-133,-52],[30,-24],[95,27],[60,-16],[24,23],[59,-8],[43,-47],[-17,-47],[-56,-42],[-3,-49],[66,24],[43,-49],[42,-128],[0,-38],[45,-154],[-14,-60],[-24,-27],[-47,-12],[1,-29],[-42,-28],[39,-79],[54,1],[-59,63],[12,25],[75,63],[59,1],[128,-54],[43,-50],[5,-91],[53,2],[-3,41],[-31,83],[-13,73],[-36,6],[35,25],[34,90],[-3,26],[83,22],[115,17],[21,37],[-1,61],[-45,79],[-29,2],[1,33],[-56,-1],[-2,122],[52,26],[-3,35],[65,2],[39,83],[-16,11],[-45,-46],[-80,2],[-75,32],[-39,45],[-11,45],[16,22],[-33,50],[32,81],[-17,70],[12,89],[32,18],[171,9],[73,-16],[52,-42],[37,-80],[45,-6],[30,-80],[93,94],[5,97],[-34,66],[-63,41],[-67,14],[-192,5],[-38,-20],[-63,7],[-97,32],[-13,25],[-90,5],[-27,29],[38,36],[8,78],[40,89],[26,31],[14,59],[46,100],[-23,84],[-55,33],[-65,0],[-53,-15],[-34,-107],[-73,-38],[-98,26],[-289,13],[-80,-60],[-48,-11],[-58,86],[-70,7],[-129,34],[-93,56],[-115,114],[-48,82],[-5,151],[-57,112],[-28,-4],[-34,129],[0,73],[32,47],[-4,38],[-53,60],[-38,0],[-22,-30],[-52,-13],[-10,-21],[-67,-18],[-22,61],[-68,33],[-12,79],[13,106],[70,-1],[40,48],[-43,24],[11,58],[-21,36],[19,22],[-15,69],[60,14],[58,-40],[38,-59],[49,43],[-6,23],[106,14],[29,23],[-3,126],[-49,124],[-41,41],[-124,41],[-219,31],[-194,47],[-236,153],[-46,-66],[-1,-44],[-72,-10],[-91,2],[-18,-16],[-50,20],[-29,92],[-28,-41],[-61,-54],[-100,-40],[-75,153],[-107,45],[-8,31],[24,80],[31,11],[9,43],[-48,11],[-92,93],[-110,-3],[-27,-68],[-74,-39],[20,-37],[1,-169],[-34,0],[1,-35],[-27,-2],[28,-104],[186,27],[1,-5],[-186,-26],[17,-45],[-7,-58],[-33,-39],[-44,20],[-41,-49],[22,-79],[-67,-42],[-53,-51],[-65,-107],[5,-59],[-120,40],[-129,7],[-60,-5],[-61,-27],[-101,-26],[-96,12],[-16,20],[-205,59],[-53,38],[-43,75],[-7,38],[23,166],[40,68],[2,55],[33,18],[43,60],[85,-1],[41,37],[28,65],[56,15],[130,134],[80,56],[52,62],[31,59],[12,119],[-21,36],[-17,-22],[-26,63],[-24,17],[0,78],[-86,22],[0,40],[61,64],[6,44],[-32,75],[11,45],[60,53],[30,2],[53,45],[43,57],[6,84],[38,50],[6,-104],[27,-51],[105,-103],[5,-22],[-39,-65],[66,-38],[21,4],[33,58],[35,-29],[5,-37],[130,-7],[25,-34],[-26,-59],[51,-22],[30,-43],[42,-1],[50,-36],[22,-60],[58,-78],[77,45],[32,39],[-26,17],[17,26],[27,-13],[20,42],[-29,34],[-77,46],[28,45],[6,98],[-22,30],[93,25],[133,-72],[49,-11],[22,22],[3,79],[-24,18],[-54,-18],[11,63],[19,-2],[23,73],[-94,222],[-41,-13],[-11,28],[27,26],[-14,28],[-40,-8],[-29,46],[-5,73],[-27,49],[20,2],[-53,192],[-55,9],[2,32],[39,15],[-14,126],[-58,16],[4,22],[52,16],[-8,60],[-192,-10],[0,9],[151,11],[6,70],[41,-4],[12,95],[-59,51],[-145,37],[-34,-21],[-34,19],[-20,88],[-6,81],[25,98],[12,109],[-26,-5],[-15,52],[29,7],[-45,77],[-6,189],[-17,6],[2,-75],[-125,-3],[-1,27],[-38,-1],[1,-26],[-49,-130],[-18,1],[-13,-96],[8,-108],[17,-57],[-42,-74],[14,-45],[-4,-92],[-26,-85],[-9,-76],[-36,-47],[-11,-41],[34,-57],[-19,-21],[-37,-158],[-66,-101],[-33,-29],[-87,-1],[-30,-31],[-75,11],[-43,70],[-39,18],[-3,25],[-47,55],[0,116],[41,78],[-13,88],[-23,17],[-105,20],[-46,-39],[4,-85],[-22,-61],[-49,-48],[-91,-32],[-19,-25],[20,-81],[-3,-104],[15,-29],[-10,-75],[-39,-140],[-65,-24],[-139,55],[-53,2],[-78,-82],[-2,-106],[15,-25],[-8,-88],[-24,-26],[-55,39],[-70,31],[-43,5],[-48,54],[50,34],[-4,45],[-61,34],[36,71],[-26,90],[-61,43],[-55,8],[-75,78],[-1,119],[-35,30],[0,54],[47,93],[-25,35],[-103,53],[-70,-6],[-108,-126],[-83,-63],[-15,-23],[-126,-96],[-123,43],[1,31],[51,60],[56,45],[97,50],[39,42],[-13,27],[86,30],[57,50],[39,106],[-14,112],[-24,106],[65,26],[27,58],[-6,43],[-64,106],[-124,35],[6,37],[-35,149],[13,35],[-26,59],[16,37],[99,41],[5,55],[42,39],[-30,73],[-127,-8],[-85,21],[-40,68],[-2,83],[-95,41],[-66,-17],[-31,24],[-27,-13],[9,-31],[48,-9],[34,-38],[-13,-90],[-59,-6],[6,-63],[-24,-58],[-29,-148],[-51,-45],[-21,0],[-14,-51],[-71,-54],[-5,-39],[-51,-32],[-26,-42],[-68,-17],[-99,-86],[-21,-47],[7,-52],[-93,-96],[-6,-45],[-95,-44],[-82,-115],[-9,23],[-58,-4],[-90,25],[-35,38],[8,19],[-20,80],[-43,76],[-65,-100],[11,-49],[-95,-168],[-91,-38],[-70,105],[-72,-18],[-120,36],[-57,55],[-37,64]],[[104484,117938],[-78,-6],[-64,-51],[-57,-26],[-28,81],[-47,68],[11,33],[-37,64],[-46,15],[-78,-15],[-69,-45],[6,-12],[-36,-91],[8,-97],[20,-18],[1,-96],[-48,-34],[-10,-37],[-97,-58],[-34,-40],[-19,40],[-62,-51],[-65,16],[-80,41],[-95,11],[-33,48],[-18,64],[-81,49],[-80,6],[10,-22],[-65,-31],[-78,7],[-144,-33],[-79,-36],[-23,-95],[53,-33],[-82,-31],[-113,-96],[-42,-71],[6,-96],[-32,-139],[-28,-14],[7,-70],[-67,-67],[-64,-160],[3,-16],[-46,-76],[-37,14],[-59,-59],[-87,-48],[-101,28],[-29,32],[-134,-5],[-55,51],[-49,-20],[-45,61],[-12,-28],[-58,18],[25,14],[-13,32],[30,52],[13,93],[1,116],[42,216],[25,77],[72,94],[85,54],[49,42],[87,31],[113,53],[35,80],[7,127],[87,120],[-7,224],[-42,99],[-43,52],[-86,69],[-150,55],[-55,9],[-54,-14],[-52,-31],[-63,-58],[-105,-3],[-124,36],[-128,24],[-143,10],[-77,-10],[-25,-81],[-53,-70],[-95,-80],[-89,16],[-25,-22],[-52,25],[-31,-25],[-31,16],[-38,-30],[-2,32],[-40,15],[-105,108],[-47,9],[-53,86],[-67,30],[-27,70],[5,79],[-13,16],[66,112],[68,-56],[37,54],[79,7],[63,-10],[-7,-33],[43,-5],[21,-47],[84,34],[96,-5],[7,50],[57,-6],[32,45],[135,14],[85,62],[99,94],[65,117],[-8,43],[32,22],[33,117],[-56,-38],[56,80],[-113,103],[-17,33],[-56,-45],[35,-47],[-8,-183],[-10,1],[8,179],[-38,51],[61,51],[-12,44],[-75,40],[-82,75],[-45,21],[-31,59],[-38,18],[-114,16],[-8,42],[-60,72],[-63,34],[40,79],[-6,76],[25,67],[-11,76],[13,41],[-33,102],[-17,22],[-56,131],[-31,26],[-12,52],[-35,34],[-85,37],[-39,61],[-28,80],[-53,82],[-11,132],[-83,161],[-13,90],[2,100],[-61,77],[-70,43],[-20,82],[76,79],[1,99],[-52,89],[-51,4],[-48,80],[-96,70],[-123,47],[-43,45],[-41,69],[10,73],[-27,58],[26,-14],[38,108],[-31,112],[7,96],[32,83],[-13,57],[41,15],[64,-9],[34,15],[96,-41],[34,23],[35,-13],[43,-57],[45,37],[58,12],[19,-64],[-4,-45],[40,-32],[47,-9],[118,58],[29,58],[40,31],[36,-6],[20,44],[30,13],[138,-12],[37,-29],[64,14],[97,-26],[22,8],[14,-54],[-15,-53],[10,-41],[-3,-92],[-17,-68],[-2,-79],[-28,-149],[-27,-29],[4,-54],[-17,-79],[-30,-45],[50,-37],[8,-48],[90,-199],[174,-24],[65,29],[-12,92],[6,155],[9,36],[75,56],[54,16],[28,-55],[109,-73],[27,-92],[66,-70],[61,-26],[12,-30],[46,-24],[80,27],[4,49],[34,75],[-3,60],[48,31],[48,-34],[18,-185],[47,-45],[65,-8],[81,22],[59,-41],[51,-11],[84,-49],[30,-74],[50,-63],[64,-143],[-11,-76],[11,-93],[-20,-105],[-27,-50],[-63,-83],[-69,-25],[46,-17],[-14,-52],[92,-111],[56,-165],[81,-168],[27,-203],[36,-192],[12,-271],[29,-56],[57,-28],[97,23],[-32,96],[0,50],[38,83],[22,21],[-8,55],[-56,41],[-10,69],[96,23],[23,61],[-33,4],[-46,115],[-7,104],[-62,140],[-3,72],[-34,49],[-51,37],[-7,88],[-22,95],[10,43],[34,29],[107,35],[44,64],[8,100],[17,31],[82,57],[20,30],[71,1],[72,71],[-7,16],[50,90],[27,30],[25,83],[58,27],[84,-13],[56,-65],[34,-11],[36,23],[62,-7],[60,-35],[-7,-135],[-15,-10],[40,-83],[-15,-47],[-32,-26],[15,-66],[43,-45],[-1,-27],[-40,-34],[-27,-71],[-11,-102],[78,-72],[68,15],[71,-9],[25,25],[52,-16],[33,-71],[3,-99],[-38,-29],[6,-47],[31,-47],[146,-109],[44,-12],[88,-85],[67,-78],[0,-75],[36,-95],[42,-72],[7,-64],[-76,-105],[-123,-133],[-5,-61],[21,7],[66,-65],[-9,-120],[51,-2],[-10,22],[21,52],[182,179],[47,-11],[179,85],[53,67],[120,46],[-29,82],[-287,137],[-55,39],[-58,76],[-26,86],[-60,131],[-37,61],[-96,118],[-37,73],[1,85],[18,39],[56,32],[19,49],[-8,44],[-37,68],[-14,61],[-23,25],[-89,15],[-16,48],[47,65],[20,6],[21,78],[5,84],[-16,30],[-93,53],[-56,53],[-25,59],[-10,130],[74,64],[8,48],[63,8],[132,109],[-31,24],[37,50],[24,-15],[22,90],[31,-11],[46,77],[4,100],[50,43],[50,117],[35,29],[36,121],[-21,77],[-80,65],[-53,-56],[-97,-25],[-27,-21],[-33,-86],[-58,-104],[-34,-25],[-95,-25],[-72,-33],[-150,-135],[-92,-66],[-32,-61],[-43,-37],[-67,-18],[-11,-47],[29,-25],[-20,-28],[-42,18],[-68,2],[-47,56],[-10,95],[-114,193],[-54,32],[-33,-13],[-60,-90],[-29,-61],[-43,-56],[-90,-33],[-36,4],[-32,30],[-66,118],[-39,-3],[-53,33],[-15,38],[20,79],[-2,64],[-32,32],[-53,24],[-21,42],[-57,-9],[-99,95],[-78,92],[-40,81],[-15,54],[-69,84],[-89,-29],[-21,23],[-39,-31],[-89,-25],[-43,127],[21,133],[-23,135],[37,28],[101,-34],[105,-12],[3,21],[69,6],[26,46],[-12,159],[6,67],[25,56],[33,1],[81,-30],[61,-59],[60,-133],[43,-41],[117,-70],[30,1],[52,60],[-29,63],[107,24],[13,19],[-21,64],[-38,59],[-3,47],[-25,55],[-98,43],[-29,62],[-51,38],[-59,7],[-55,34],[3,61],[57,51],[-9,24],[69,62],[23,-6],[7,69],[-14,25],[-150,37],[-10,17],[-36,-38],[-87,-40],[-48,47],[-25,112],[-46,28],[-43,5],[-88,-82],[-153,-42],[-58,2],[11,38],[71,67],[-7,39],[34,51],[80,68],[18,3],[6,137],[-10,61],[-42,31],[-64,3],[-53,-43],[-55,21],[-61,-7],[-52,-44],[-73,30],[7,64],[-32,6],[-15,35],[-4,135],[24,-6],[87,98],[17,51],[49,-17],[24,77],[42,-10],[66,-52],[23,29],[55,2],[-5,37],[148,63],[0,59],[22,3],[27,-93],[31,-69],[41,23],[39,-40],[76,-20],[24,22],[123,-10],[34,26],[41,-4],[26,22],[54,-4],[29,35],[10,53],[-10,88],[20,57],[-59,76],[45,29],[29,64],[-15,19],[47,70],[-14,99],[23,50],[30,17],[76,6],[11,-23],[95,-8],[-12,-54],[18,-35],[7,-95],[40,-42],[55,-1],[28,75],[-5,100],[-13,72],[35,68],[-87,60],[-63,118],[-56,51],[-128,33],[-27,-24],[-31,20],[-40,-8],[-34,29],[5,76],[-66,15],[-19,65],[-94,55],[-103,-20],[-125,60],[-38,60],[-52,-11],[-16,30],[43,15],[90,85],[77,-18],[44,-35],[48,0],[43,22],[180,28],[82,32],[28,72],[69,39],[68,58],[-6,49],[72,45],[79,-48],[33,-51],[61,-23],[42,25],[11,-55],[41,-94],[45,-21],[48,-77],[46,-25],[17,18],[84,13],[75,-35],[63,-57],[-24,-24],[62,-44],[36,-47],[66,-43],[11,-30],[55,-14],[9,-42],[46,-1],[7,-29],[76,-30],[60,6],[30,-15],[-29,-45],[7,-71],[53,-118],[57,-55],[17,-73],[-6,-77],[37,-87],[45,-32],[-23,-47],[-9,-68],[11,-41],[-17,-77],[26,-4],[27,-182],[50,-19],[11,-53],[45,-14],[67,23],[44,72],[78,106],[62,21],[30,88],[39,16],[30,-19],[62,34],[78,-51],[-5,-37],[63,15],[-9,68],[66,90],[68,61],[34,74],[78,66],[7,62],[59,48],[53,-5],[52,22],[66,55],[81,41],[83,-89],[79,-43],[45,7],[26,-52],[48,-20],[86,54],[71,-146],[104,18],[78,-124],[32,-30],[2,-37],[-58,-80],[52,-131],[24,-106],[-12,-80],[-68,-67],[-76,-58],[-125,-62],[-94,-19],[-42,-44],[0,-30],[72,-60],[77,2],[107,-79],[72,16],[65,65],[57,12],[174,87],[88,-20],[187,-2],[54,-54],[0,-113],[-23,-85],[2,-43],[32,-34],[139,-54],[49,-46],[41,-128],[40,-66],[10,-88],[-58,-213],[-5,-127],[76,-178],[60,-93],[-15,-71],[-57,-191],[3,-91],[18,-7],[-34,-52],[-36,-90],[5,-23],[-158,-128],[-73,-14],[-3,-51],[30,3],[22,-32],[27,15],[43,-58],[61,8],[62,71],[103,25],[95,-29],[34,11],[71,103],[26,74],[62,19],[43,-36],[77,50],[52,-57],[5,-128],[-63,-89],[21,-70],[-9,-49],[-59,-50],[-17,-63],[-81,-62],[-78,-105],[-4,-101],[-41,-94],[9,-52],[82,-7],[90,70],[-11,38],[89,66],[82,16],[-17,64],[4,40],[55,51],[68,-6],[22,37],[36,5],[35,56],[-9,14],[31,103],[43,-63],[26,-63],[32,-39],[9,-50],[-21,-64],[-33,-44],[7,-35],[158,-126],[13,-66],[32,9],[34,-25],[-49,-84],[39,-116],[50,-15],[-3,-23],[-66,-27],[-72,-5],[-12,-44],[-32,10],[-70,-34],[-9,-46],[-60,4],[-59,-48],[-60,-11],[-7,-38],[-62,1],[-84,56],[-4,-40],[48,-104],[-16,-41],[-57,-10],[-79,37],[-32,62],[-64,12],[-87,-31],[-70,9],[10,-76],[-17,-81],[77,-170],[-118,-123],[-63,-33],[-214,-41],[-5,-195],[134,-55],[27,27],[185,-4],[5,-27],[71,-6],[70,56],[16,-17],[31,41],[-40,48],[133,138],[80,-13],[44,58],[52,26],[84,12],[57,36],[61,-19],[50,33],[-14,29],[16,33],[58,38],[37,-26],[23,-93],[-4,-56],[-116,-35],[7,-68],[-22,-60],[110,-28],[14,-51],[-56,-62],[7,-68],[-48,-49],[-68,-20],[-51,-32],[1,-46],[-32,-24],[-30,10],[4,48],[-104,-12],[-1,-70],[-58,-16],[-18,29],[7,53],[-62,-8],[-97,-48],[-1,-41],[-57,-18],[-27,25],[-9,-46],[28,-42],[124,-131],[30,-61],[-34,-104],[-110,-33],[20,-49],[81,-43],[35,6],[35,-35],[79,-337],[-14,-44],[16,-68],[29,-26],[-36,-61],[-62,-32],[-4,-21],[-71,-43],[-66,-86],[10,-7],[-111,-130],[-42,-31],[-56,-12],[-77,2],[-55,36],[-101,41],[-66,-50],[114,-37],[-9,-24],[-139,34],[-194,-69],[-32,-69],[39,-49],[85,29],[43,-2],[57,37],[21,-12],[44,22],[94,-4],[55,-33],[75,-7],[3,22],[222,-1],[0,31],[38,1],[0,-35],[52,-26],[-7,-29],[30,-56],[-22,-47],[-53,-23],[54,-28],[-17,-31],[17,-31],[35,22],[36,-9],[8,-33],[-26,-18],[32,-45],[67,-3],[19,-31],[6,-74],[-100,-41],[-65,-6],[-18,-51],[-96,-7],[-15,-94],[73,-21],[8,31],[81,24],[101,-24],[-10,-71],[-41,-54],[-73,-16],[-17,-38],[23,-114],[-30,-59],[9,-15],[-59,-12],[-55,-29],[8,-26],[57,9],[73,-22],[47,-62],[49,-21],[14,-31],[-36,-57],[8,-53],[-25,-43],[43,-48],[-29,-42],[-69,30],[-23,38],[-35,15],[-110,7],[-92,37],[-44,28],[-105,33],[-36,21],[-100,-36],[-4,-18],[49,-59],[26,7],[26,-35],[-18,-35],[14,-50],[62,-98],[45,-17],[57,-89],[30,-24],[70,0],[-1,-63],[-34,-39],[34,-92],[3,-89],[-13,-27],[-54,-35],[-30,-44],[9,-58],[65,26],[33,-15],[26,-42],[49,-7],[50,38],[62,3],[62,-98],[16,-67],[-114,-32],[17,-20],[21,-135],[-14,-35],[53,-3],[40,74],[65,21],[58,-49],[35,9],[29,-69],[-14,-12],[20,-59],[-8,-43],[-54,-18],[-3,-53],[-30,-2],[-25,-40],[-34,2],[29,-49],[-70,-59],[22,-42],[-25,-80],[47,-30],[70,-12],[-3,-20],[-93,-22],[-23,-23],[20,-110],[-122,13],[-39,-61],[32,-88],[-13,-108],[8,-94],[-22,-33],[-19,-124],[42,-74],[-95,-79],[-55,9],[-32,-19],[-18,42],[-31,-7],[-45,81],[-2,97],[27,55],[-20,33],[-60,-40],[-53,132],[-8,49],[-41,70],[-77,7],[-17,-50],[-26,-4],[-34,-90],[-49,7],[-64,-15],[1,-59],[-69,47],[-26,-53],[-26,12],[-62,-18],[5,-53],[-58,-85],[-73,-17],[-28,63],[44,81],[-23,7],[-19,80],[-98,51],[-23,46],[36,72],[92,20],[0,27],[35,34],[105,55],[-46,64],[-39,-16],[-48,6],[-62,-50],[-70,-2],[-17,48],[64,16],[136,95],[27,5],[36,48],[18,-4],[50,54],[36,-15],[1,30],[38,28],[-6,37],[-30,24],[-53,4],[-55,-47],[-178,-52],[-109,35],[-45,-85],[-44,-4],[4,64],[-25,97],[-36,32],[-54,11],[-33,52],[-26,-40],[-108,5],[39,-41],[-7,-40],[-42,-9],[-29,-38],[-24,24],[-21,75],[-61,33],[-7,37],[41,1],[-45,32],[-13,45],[17,28],[49,-9],[48,-59],[44,21],[89,4],[67,59],[22,-26],[48,29],[18,64],[39,64],[103,21],[79,-13],[21,-29],[93,-53],[61,-10],[15,17],[-46,71],[5,31],[47,46],[55,30],[92,-78],[9,-45],[32,-17],[6,29],[40,14],[33,-29],[46,52],[71,-5],[31,38],[-63,64],[-59,-5],[-37,32],[11,111],[-64,11],[-35,98],[-37,-6],[3,-127],[-19,-32],[-86,18],[-36,37],[-72,-70],[-107,27],[-70,64],[-89,12],[-36,34],[-4,59],[-27,50],[-103,-60],[-35,48],[-29,-12],[-28,-64],[24,-70],[-60,-58],[-60,-7],[-29,111],[-66,-45],[-26,5],[-40,-33],[-66,9],[-25,-58],[-88,4],[-36,32],[34,37],[-10,39],[36,37],[91,44],[-12,37],[9,56],[36,50],[-46,80],[11,41],[42,0],[-7,43],[27,52],[57,49],[73,18],[42,-8],[38,-55],[57,10],[39,54],[119,70],[55,-22],[96,45],[3,55],[47,42],[102,-18],[48,-39],[48,7],[64,-50],[25,-44],[-18,-48],[29,-30],[41,16],[44,-15],[32,65],[38,26],[69,-19],[28,15],[-10,43],[30,33],[-21,27],[-37,-4],[-28,30],[-25,-28],[-59,-9],[-118,75],[3,50],[55,56],[-31,30],[-60,-26],[-37,-43],[-42,-14],[-34,31],[-55,18],[4,54],[46,46],[-40,37],[19,44],[-30,71],[-74,52],[-139,58],[-99,-9],[-44,-57],[-40,0],[-43,36],[39,51],[-117,101],[11,82],[-50,13],[-131,84],[-102,-104],[56,-50],[15,-72],[-15,-42],[52,-60],[-151,-73],[-13,29],[-35,-15],[-40,72],[-95,16],[-58,85],[-110,-13],[-20,-27],[7,-66],[27,-91],[34,8],[71,-115],[-29,-176],[165,-25],[138,-55],[-6,-13],[-137,56],[-257,39],[-30,-40],[-9,-60],[25,-58],[-7,-27],[84,-86],[-51,-87],[-101,-35],[11,-36],[-70,40],[-31,-28],[-10,26],[-63,17],[-24,30],[20,57],[58,76],[-70,28],[8,41],[42,10],[0,88],[-55,43],[-26,66],[-62,80],[-8,-41],[-46,-59],[-69,-21],[-22,38],[-12,72],[-23,41],[-68,17],[-90,-5],[-66,21],[17,31],[-13,60],[50,47],[5,27],[-36,96],[-69,34],[0,37],[40,11],[-7,49],[-77,44],[-91,-37],[4,46],[-66,45],[-44,-28]],[[99876,124329],[-129,-14],[-81,11],[-91,28],[-25,-11],[-9,-60],[48,-62],[-5,-82],[-39,-20],[-74,96],[-34,-2],[-10,88],[-210,9],[1,-79],[-22,0],[2,-92],[85,-116],[23,-213],[131,18],[1,-7],[-132,-19],[16,-151],[-6,-204],[106,-70],[114,-156],[82,-11],[48,20],[75,84],[-15,93],[93,3],[9,72],[-66,78],[0,44],[23,49],[-2,53],[25,-52],[51,-23],[38,12],[32,-45],[48,-20],[53,21],[1,86],[37,-2],[101,-73],[58,-4],[36,18],[17,82],[72,4],[37,42],[11,88],[28,99],[47,97],[42,8],[47,-53],[13,-38],[92,-90],[4,-62],[18,-38],[-3,-54],[27,-28],[64,-5],[28,-28],[61,-14],[28,-35],[46,-15],[75,35],[2,75],[-26,58],[27,14],[60,-27],[22,-55],[-9,-24],[22,-48],[-54,-88],[12,-30],[-85,-86],[-67,-13],[-22,16],[-130,-3],[-75,-56],[-101,-33],[-32,-32],[1,-32],[-53,-7],[-10,26],[-68,-12],[-89,0],[-113,-87],[-58,-91],[47,-101],[10,0],[52,-96],[-22,-63],[-60,-1],[-4,-59],[-56,-1],[-60,29],[-81,18],[-84,61],[-41,67],[-57,12],[-53,28],[-85,96],[-65,4],[-112,73],[25,62],[-112,156],[-102,66],[-81,37],[-131,12],[-28,14],[-61,-11],[-165,-56],[-26,-103],[-3,-95],[-20,-82],[-143,-94],[-46,-103],[-34,-21],[-80,-14],[-103,20],[-15,36],[25,24],[-29,40],[-117,64],[-27,69],[-113,38],[-54,1],[14,59],[-63,63],[-48,77],[-94,80],[-77,21],[-75,-18],[-71,-29],[-17,-26],[-22,21],[-181,-35],[-53,18],[-40,35],[-52,20],[-28,30],[-64,-11],[-55,35],[-38,69],[-35,91],[-120,147],[-95,5],[19,61],[-42,17],[15,34],[-46,25],[-44,59],[21,47],[52,32],[39,0],[-51,58],[54,16],[-39,45],[54,21],[-12,38],[-96,75],[-117,69],[-41,44],[-62,14],[-9,44],[-31,27],[-31,-11],[-39,69],[30,70],[3,44],[-46,-6],[-11,20],[46,30],[73,74],[71,3],[33,-17],[98,1],[83,54],[12,-23],[111,2],[-11,28],[29,54],[-72,125],[-79,35],[0,58],[64,4],[21,34],[74,-18],[44,51],[99,63],[-25,24],[39,13],[14,47],[-49,99],[-35,21],[84,38],[90,23],[40,-15],[-1,-94],[17,-26],[51,10],[45,33],[41,-45],[42,24],[14,-48],[36,26],[42,-47],[9,-44],[82,10],[-7,87],[83,28],[23,-50],[-5,-43],[32,1],[-3,-57],[27,-24],[49,-3],[20,54],[157,49],[34,-52],[101,3],[60,35],[-14,37],[10,55],[118,-9],[25,15],[62,-23],[-14,-45],[13,-29],[-7,-65],[18,-32],[7,-70],[-54,-30],[-10,-34],[42,-48],[0,-26],[61,-81],[19,-71],[37,-66],[-13,-70],[12,-68],[52,-41],[83,-43],[67,10],[37,-35],[77,52],[36,-29],[56,29],[71,-21],[64,-159],[100,-100],[40,-91],[258,-11],[58,60],[28,71],[36,182],[-15,22],[-6,84],[15,58],[63,96],[35,122],[-9,85],[23,38],[-14,102],[-68,110],[-7,76],[4,142],[-38,113],[42,-1],[-14,40],[18,29],[-31,101],[44,11],[39,73],[109,45],[63,112],[-17,54],[30,24],[-36,49],[26,17],[35,-28],[-5,51],[48,60],[33,-28],[62,51],[48,18],[18,31],[78,-6],[38,47],[12,110],[31,-24],[82,-28],[79,-101],[92,-15],[86,-1],[70,-101],[65,-15],[146,-70],[7,33],[76,-38],[9,-41],[-30,-53],[20,-54],[-19,-33],[54,-50],[-59,-71],[-12,-57],[28,-25],[14,-80],[-12,-23],[19,-87],[-20,-25],[-75,-2],[-43,-23],[4,-21],[-74,-140],[-39,-19],[-8,-35],[-80,-11],[-57,-97],[-13,-81],[49,-84],[63,-34],[42,7],[32,-62],[-30,-36],[26,-27],[-20,-88],[9,-74],[-32,-41],[20,-66],[-69,4],[-19,79],[-49,63],[-34,-12],[-30,-48],[6,-34],[-46,-69],[-61,-20],[-75,18],[-127,117],[-120,-68],[33,-85],[-31,-33],[-131,-77],[-14,-80],[-33,-48],[-41,-17]],[[102603,128697],[28,-50],[-32,-33],[2,-50],[22,-12],[-18,-112],[22,-67],[-20,-48],[8,-37],[38,-38],[16,-56],[-10,-135],[-15,-29],[-43,-8],[-35,22],[-30,48],[24,15],[-13,66],[-74,55],[-71,22],[-29,53],[-30,13],[-35,-23],[-45,65],[-53,-5],[-47,32],[-3,42],[-61,-9],[-20,24],[13,45],[-50,51],[-15,-35],[-32,44],[25,41],[-52,11],[-10,38],[52,65],[50,-11],[37,33],[31,-25],[103,19],[63,46],[-36,70],[21,44],[-16,27],[11,51],[-11,51],[5,91],[17,34],[-22,84],[-28,38],[3,31],[-29,65],[-50,56],[-41,104],[-30,29],[33,69],[-34,31],[35,-3],[55,35],[-25,119],[-39,-6],[-43,28],[-41,65],[10,35],[-19,34],[-46,18],[-7,35],[63,32],[20,46],[17,-29],[28,20],[-5,96],[38,-26],[4,36],[36,38],[27,1],[26,37],[74,31],[89,-37],[82,20],[47,-25],[98,-19],[47,-82],[36,-39],[96,20],[4,63],[43,30],[44,-7],[3,48],[35,-5],[34,36],[-8,67],[132,0],[6,46],[-26,30],[68,27],[20,73],[54,98],[54,-3],[24,42],[27,92],[-9,60],[28,99],[62,36],[46,-26],[6,-106],[50,-65],[26,-123],[68,-70],[84,-10],[28,29],[41,-2],[49,-62],[49,101],[157,35],[51,-51],[17,-54],[62,-22],[9,-55],[64,-23],[21,-80],[-31,-32],[-80,-46],[-18,-29],[25,-40],[75,-4],[29,-20],[-5,-101],[-14,-55],[-45,-63],[-3,-67],[-81,-3],[6,-109],[-39,-35],[-21,-62],[-50,-16],[-86,55],[-17,-16],[-22,-73],[-20,-10],[75,-113],[29,16],[44,-15],[-33,-46],[-40,-9],[-95,-83],[25,-58],[44,-34],[59,-13],[40,11],[14,-33],[-20,-96],[-89,-46],[-24,-80],[-55,-41],[-38,20],[-57,125],[-69,-7],[-27,-67],[-42,-37],[-79,22],[-44,140],[2,48],[-90,-14],[-52,25],[-66,99],[-18,-22],[9,-57],[-9,-55],[29,-40],[10,-61],[-43,-48],[15,-48],[28,-17],[-41,-38],[-59,31],[-30,-23],[-39,-71],[-45,6],[-42,-17],[7,76],[-75,74],[-19,104],[-49,35],[-94,38],[-35,-43],[9,-93],[-53,-63],[-62,-16],[-12,16],[-67,-45],[-20,20],[-42,-67],[78,-234],[44,0]],[[124955,137095],[-7,49],[29,5],[8,38],[-36,9],[-29,88],[25,30],[-27,43],[12,49],[-16,88],[13,32],[50,20],[43,-27],[45,24],[89,-7],[43,-28],[28,54],[5,45],[42,37],[40,-14],[39,-61],[101,-59],[10,-79],[22,-7],[39,73],[33,28],[97,12],[39,-64],[85,-31],[25,-40],[81,-2],[66,24],[33,31],[-5,96],[9,40],[62,73],[44,-14],[1,-68],[103,-48],[25,-45],[14,-75],[45,-33],[36,55],[35,26],[66,-15],[47,34],[53,-20],[21,15],[69,-15],[43,-31],[4,33],[-52,57],[9,70],[-53,32],[-26,-12],[8,74],[27,40],[26,-2],[-15,67],[47,65],[38,0],[-14,66],[-55,55],[-2,63],[-33,14],[-40,-56],[-29,46],[12,61],[76,80],[43,11],[78,-39],[79,-27],[61,34],[51,-5],[31,-47],[61,-4],[52,-62],[28,-80],[117,-14],[46,25],[67,-23],[140,-5],[31,-16],[3,-54],[-30,-49],[-32,-16],[-21,-54],[-25,-16],[60,-73],[-57,-15],[-71,14],[-21,-27],[24,-125],[26,-21],[26,20],[73,4],[74,-31],[30,-29],[-5,-65],[-45,-47],[-16,-56],[37,-34],[22,-56],[-10,-138],[-19,-54],[72,-53],[33,7],[34,-27],[4,-52],[-28,-99],[-18,-15],[-11,-101],[-29,-33],[-18,-80],[-47,35],[-45,-21],[-134,-28],[-81,-7],[-25,-30],[-93,-4],[-32,15],[-116,-23],[14,-68],[-38,-36],[-128,13],[-15,32],[-47,8],[-40,63],[-39,-22],[-77,29],[9,50],[-68,11],[-47,-11],[-19,87],[14,12],[-43,63],[-85,14],[-121,-20],[-26,-37],[-89,-51],[-110,-46],[2,-48],[-54,21],[-16,-40],[-72,-4],[-102,31],[-35,27],[-95,-34],[-24,47],[-26,-2],[-44,-84],[47,-18],[6,-46],[-38,-38],[-72,85],[-16,41],[-40,22],[-80,109],[30,65],[-47,40],[-63,-52],[-46,38],[-64,6],[-6,36],[-28,3],[-6,35],[66,24],[10,72],[-39,16],[-60,-53],[-9,39],[-50,28],[-17,59],[12,43],[-25,1],[-41,42]],[[105585,136673],[47,53],[35,14],[72,88],[46,26],[104,-40],[44,3],[72,30],[28,63],[66,43],[38,-15],[43,16],[127,-6],[46,54],[14,146],[-34,23],[11,53],[78,57],[-26,66],[59,88],[44,4],[40,-38],[37,15],[38,-14],[46,12],[82,-17],[65,-72],[120,-27],[54,-33],[35,9],[56,-48],[97,-38],[63,23],[20,23],[116,42],[102,11],[51,-25],[125,5],[40,34],[90,11],[67,73],[48,3],[112,103],[83,4],[45,30],[68,-20],[86,22],[41,-55],[-37,-124],[-67,-128],[-103,-148],[-32,-76],[-82,-65],[-12,-88],[-113,-40],[-50,-44],[-15,-47],[-56,-30],[-93,2],[-33,-32],[-11,-70],[-49,-12],[-38,13],[-48,69],[-62,66],[11,70],[-33,18],[-20,55],[11,68],[-29,80],[-108,25],[-71,-11],[-33,-41],[-32,-102],[-16,-9],[-43,-85],[-1,-62],[14,-88],[-24,-84],[-37,-14],[-118,58],[-39,-5],[-45,-45],[-69,-33],[-113,38],[-44,50],[-25,-8],[-5,37],[-51,55],[-73,4],[-63,-95],[-15,-47],[-117,-6],[-27,-12],[-1,-43],[-30,-70],[-63,-50],[26,-50],[75,-16],[-5,-28],[-61,-53],[-143,-46],[-64,-198],[-114,-36],[-23,-38],[-66,-53],[-53,-90],[-53,-35],[-76,10],[-74,-24],[5,32],[-47,-7],[-23,27],[-40,-1],[-16,44],[-79,34],[-90,0],[-52,34],[-10,32],[56,70],[72,111],[35,-4],[19,63],[-34,44],[54,40],[22,72],[-23,89],[80,66],[35,-27],[-9,63],[29,70],[79,34],[-17,30],[53,23],[1,25]],[[108190,118860],[-44,70],[13,99],[39,41],[0,61],[-24,68],[-1,102],[43,52],[-15,67],[14,53],[-39,55],[-6,64],[-18,30],[28,24],[-46,25],[-44,85],[14,27],[46,-16],[46,34],[60,7],[151,-20],[34,63],[71,-12],[75,38],[53,-12],[45,-42],[12,-46],[-68,-52],[60,-61],[-2,-17],[-59,-26],[5,-42],[54,-18],[34,-60],[-41,-25],[14,-90],[41,-55],[9,-69],[48,-118],[4,-68],[-13,-91],[-22,-67],[-75,-108],[37,-48],[-21,-36],[-119,-46],[-7,-34],[33,-15],[165,9],[-70,-61],[1,-31],[-40,-63],[19,-15],[56,14],[39,-34],[-1,-66],[-50,-43],[37,-75],[40,-31],[6,-67],[-17,-52],[36,-33],[33,-100],[-22,-53],[-98,-8],[-29,-29],[-106,50],[-49,40],[30,16],[-27,46],[-43,-16],[-30,34],[-57,-7],[-36,27],[32,38],[-39,57],[66,44],[62,25],[-87,32],[-8,29],[-58,35],[-32,-17],[22,-61],[-37,-39],[-54,72],[4,34],[-35,0],[-16,-60],[-54,-34],[-27,35],[12,52],[-38,78],[-66,97],[-7,49],[23,47],[57,72],[27,-20],[31,12],[-14,92],[59,47],[-29,61]],[[126907,125444],[23,-30],[62,21],[50,-58],[9,-35],[63,-7],[17,25],[41,-30],[94,-16],[50,26],[63,-34],[101,-147],[1,-105],[24,-4],[17,-86],[-35,6],[-27,-36],[-21,37],[-44,-19],[14,-65],[-17,-21],[-51,3],[-6,34],[-65,-19],[11,-91],[-53,-11],[-65,-32],[-13,25],[-52,-10],[-17,-26],[-51,-19],[-1,-27],[-87,-121],[-14,22],[-46,-91],[-86,39],[-83,-24],[-10,52],[-53,25],[-62,-11],[-2,-18],[-78,-92],[-53,14],[-35,-18],[-21,-44],[-133,85],[19,-54],[-78,40],[-80,85],[3,34],[-28,22],[29,37],[27,69],[43,17],[-17,56],[37,43],[28,6],[-54,146],[31,59],[50,17],[2,55],[41,60],[25,-13],[83,35],[70,83],[-24,27],[74,16],[25,51],[75,23],[20,37],[59,-1],[16,-48],[82,-15],[64,9],[19,37]],[[107380,133401],[-88,-11],[-78,9],[-48,33],[-4,28],[-97,103],[-39,94],[12,50],[62,20],[32,52],[-9,100],[-41,31],[-4,28],[56,75],[-41,53],[0,97],[25,83],[-1,48],[21,66],[68,92],[84,58],[73,111],[49,35],[118,-2],[27,-9],[36,-65],[-7,-21],[103,13],[12,-68],[31,-265],[-102,-231],[-86,-80],[76,-79],[-15,-5],[-71,74],[-42,-32],[-65,-10],[-32,-28],[21,-46],[50,-25],[25,-48],[100,-71],[11,-93],[32,4],[10,-48],[-34,-5],[7,-60],[-43,-43],[75,-512],[17,3],[28,-201],[26,-58],[-33,-151],[45,-66],[-14,-38],[-69,-31],[1,-50],[-20,-45],[-67,-24],[-128,45],[-55,28],[-13,31],[11,73],[46,22],[-41,49],[9,33],[39,24],[13,54],[-22,16],[12,58],[-13,18],[7,78],[53,68],[-27,10],[12,32],[56,33],[-67,482],[-75,7]],[[109356,114999],[59,-71],[-3,-23],[-72,-72],[36,-7],[17,-43],[-7,-53],[-62,-109],[-119,-29],[-38,2],[-79,57],[7,50],[-26,39],[7,63],[-59,66],[-25,-28],[-42,15],[2,49],[79,-12],[85,49],[-9,67],[-39,33],[-1,44],[28,30],[-37,14],[15,72],[-49,5],[-21,31],[32,67],[-27,31],[35,75],[-22,146],[46,5],[-48,51],[4,76],[-42,64],[-21,-9],[-28,67],[-26,-39],[-60,-14],[-50,61],[20,55],[72,16],[8,75],[52,25],[-11,21],[54,14],[56,-74],[-6,-28],[63,-20],[22,-29],[49,-119],[44,-22],[32,-41],[4,-43],[-40,-43],[-46,12],[-49,-67],[82,-34],[-1,-59],[30,-50],[-9,-39],[32,-21],[39,109],[50,28],[61,-13],[45,-55],[-19,-55],[30,-15],[-50,-29],[-11,-90],[61,-4],[17,-29],[-30,-31],[-55,-8],[-43,-68],[7,-89]],[[104689,116373],[-60,31],[-4,42],[54,26],[18,27],[-34,66],[47,52],[-49,20],[7,67],[-13,47],[-76,24],[13,18],[111,-13],[5,30],[76,31],[33,50],[5,50],[31,18],[20,69],[41,94],[0,66],[82,17],[53,-27],[16,-68],[50,-63],[-31,-43],[-21,-100],[-52,-9],[-37,-40],[96,-83],[5,-19],[-81,-28],[-14,-41],[-36,-26],[11,-26],[-60,-102],[17,-39],[46,22],[15,-18],[47,27],[18,58],[59,-11],[10,20],[75,-8],[42,-23],[38,-54],[-69,-100],[-45,-8],[27,-93],[42,-11],[38,-41],[-36,-55],[-34,17],[-100,1],[-107,82],[-20,-25],[-81,-20],[44,-22],[46,-84],[-16,-21],[-52,7],[16,-32],[-5,-73],[-61,-4],[14,77],[-100,99],[-38,-14],[-4,-52],[-35,-33],[-43,0],[-57,52],[18,65],[45,-4],[33,36],[46,22],[11,27],[-18,73],[-32,3]],[[109374,117514],[4,63],[-53,70],[-43,88],[-3,116],[-30,150],[13,76],[23,51],[41,37],[45,15],[67,-7],[110,-47],[71,-77],[75,-98],[31,-59],[67,-51],[37,-48],[19,-91],[25,-9],[45,-93],[73,-93],[99,-87],[5,-21],[-40,-59],[-63,-52],[-83,18],[-159,161],[-22,-15],[-103,73],[12,17],[-44,32],[-54,-3],[7,-53],[-38,-41],[-107,2],[-27,35]],[[108360,117324],[3,26],[-28,109],[-49,30],[-14,68],[57,2],[3,52],[19,21],[-19,102],[-68,8],[-37,51],[35,36],[13,83],[-9,33],[-46,58],[53,29],[83,-50],[-2,-46],[-34,-88],[38,-8],[41,87],[25,4],[75,-59],[24,33],[47,-27],[10,-37],[34,-33],[30,22],[46,-9],[1,-77],[-25,-27],[28,-40],[-49,-51],[-13,-42],[45,-28],[-52,-47],[-7,-41],[47,-71],[18,0],[34,-74],[8,-48],[-10,-120],[50,-53],[-56,21],[-40,-18],[6,-28],[-48,-21],[-52,-111],[-2,-57],[-34,-37],[8,-49],[27,-44],[-70,54],[6,13],[-40,81],[-11,50],[-45,33],[-17,74],[23,33],[-37,140],[10,23],[-33,65]],[[109119,120642],[24,17],[-18,61],[22,68],[-99,-21],[21,45],[-17,95],[-14,15],[-3,108],[31,11],[2,39],[-38,34],[50,65],[48,6],[42,29],[11,-66],[-17,-44],[18,-60],[-54,-71],[9,-32],[67,-10],[58,-77],[31,-156],[93,-1],[59,-37],[37,37],[48,-22],[32,11],[46,-50],[2,-37],[55,-30],[41,-66],[44,-42],[104,-70],[-26,-62],[-82,-8],[-24,51],[-71,58],[-1,30],[-67,37],[-22,-5],[-17,-69],[-64,12],[-41,37],[-43,-37],[-59,-9],[-71,25],[-47,-36],[3,-57],[-43,-8],[-41,18],[-19,54],[-52,-5],[-37,37],[-39,14],[-43,43],[-68,23],[-57,90],[83,3],[42,18],[94,-33],[77,30]],[[125923,138324],[-28,-65],[-17,1],[-66,-76],[-71,26],[-95,-88],[-39,52],[-60,-10],[-11,32],[-48,-4],[-55,-51],[-72,14],[-19,34],[9,37],[66,102],[146,107],[35,-20],[19,30],[54,0],[85,46],[77,-18],[16,42],[100,76],[100,-1],[62,-26],[32,-86],[66,-27],[75,-61],[5,-52],[-14,-59],[-51,-53],[-62,-35],[-59,9],[-62,29],[9,70],[-87,4],[-40,21]],[[120028,153311],[77,73],[19,61],[-13,22],[33,62],[23,91],[-14,33],[47,75],[-1,38],[26,25],[24,74],[122,10],[35,-46],[8,-86],[-18,-16],[29,-91],[-1,-120],[-37,-1],[-12,-202],[-17,-10],[14,-72],[-63,-128],[-42,-17],[-114,17],[-60,44],[-42,0],[-47,55],[-34,72],[58,37]],[[98380,121737],[25,-88],[-96,-11],[-4,22],[-126,17],[-5,17],[-95,-21],[-59,26],[-90,85],[-88,46],[47,20],[-32,20],[44,7],[-14,28],[-87,52],[82,61],[78,-13],[-31,61],[31,2],[-34,45],[-36,98],[29,-32],[24,14],[-1,48],[31,-31],[135,-75],[61,-75],[38,7],[18,-36],[63,-31],[39,-51],[95,-65],[5,-20],[-39,-71],[-8,-56]],[[109416,117302],[-14,43],[50,35],[50,-16],[65,-58],[44,-2],[96,-36],[23,13],[12,73],[68,-32],[28,-42],[64,-30],[73,-68],[65,17],[26,-24],[12,-65],[-33,-63],[-106,-26],[-179,30],[-48,26],[-15,30],[-43,17],[-38,-8],[-31,56],[-37,2],[-100,65],[-32,63]],[[117693,125248],[34,55],[35,21],[62,-19],[67,36],[128,-2],[82,-29],[-11,-30],[25,-37],[-52,-82],[-94,-21],[-131,-115],[-20,-53],[-27,-1],[-49,42],[3,-59],[-52,33],[2,26],[-36,41],[-2,34],[-71,3],[-19,-43],[-42,19],[13,55],[59,72],[65,-3],[31,57]],[[110071,124372],[89,-57],[-18,-37],[-61,47],[-56,2],[-69,-20],[-23,27],[-90,3],[-70,21],[-27,-10],[-32,-56],[-43,-26],[-78,4],[-9,61],[35,26],[17,52],[74,52],[-1,50],[22,51],[88,25],[14,42],[73,27],[55,-24],[72,-81],[41,-71],[1,-65],[-32,-8],[28,-35]],[[123061,139992],[30,67],[31,22],[110,27],[107,-24],[90,11],[67,-43],[14,-36],[118,-11],[23,-39],[2,-59],[-22,-46],[-96,-28],[-20,21],[-70,16],[-82,39],[-31,-8],[-64,48],[-73,-2],[-54,15],[-18,-29],[-57,-1],[-5,60]],[[122990,138826],[-82,-41],[-117,2],[36,72],[46,33],[99,118],[23,18],[53,154],[-20,43],[60,38],[168,26],[60,-47],[-1,-73],[-45,-19],[-58,-47],[-48,-14],[-39,-37],[-56,-97],[-13,-43],[-66,-86]],[[117994,127111],[41,-19],[43,-57],[40,-132],[39,-24],[7,-40],[-64,-1],[-8,-38],[-52,-26],[-25,17],[-25,-32],[-36,36],[-51,10],[-35,36],[-36,72],[1,91],[19,18],[-5,49],[84,77],[63,-37]],[[110339,121026],[-23,-22],[-4,-76],[-25,-44],[-97,-23],[-33,-55],[-62,-42],[-45,15],[4,81],[82,26],[32,122],[0,49],[49,47],[-42,47],[81,42],[100,3],[59,-26],[-3,-40],[-53,18],[-28,-40],[8,-82]],[[111996,110964],[75,-52],[-10,-114],[-16,-37],[-3,-163],[-22,-49],[-55,67],[1,49],[-36,32],[-39,154],[20,70],[-5,36],[35,57],[55,-50]],[[116393,134931],[34,44],[7,73],[33,41],[55,-13],[28,-52],[30,-135],[-27,-61],[-49,-9],[-93,-51],[-58,7],[-43,38],[-9,30],[92,88]],[[105071,113109],[36,-51],[64,-49],[16,-55],[-31,-16],[-138,29],[-51,-3],[-97,62],[-95,97],[2,14],[91,-13],[32,15],[103,13],[68,-43]],[[117187,142468],[-80,-67],[-77,-21],[-38,53],[29,50],[11,67],[100,74],[65,27],[62,-12],[6,-106],[-20,-40],[-58,-25]],[[116582,129285],[-42,80],[30,157],[37,51],[33,-23],[48,-2],[39,-56],[3,-62],[32,-39],[-25,-33],[-104,-66],[-51,-7]],[[110656,120397],[65,-6],[117,-32],[52,28],[75,-84],[27,11],[49,-29],[-33,-37],[-71,22],[-33,-35],[-62,-1],[-45,48],[-31,5],[-86,45],[-60,-13],[-70,38],[-18,51],[124,-11]],[[106759,133861],[-22,93],[33,75],[59,-61],[16,-56],[-25,-73],[-4,-93],[-27,-37],[-61,-43],[-33,-5],[-38,46],[0,70],[95,45],[7,39]],[[108992,114973],[50,-54],[-55,15],[-23,25],[-49,9],[-71,66],[-68,126],[11,65],[45,25],[11,-91],[100,-5],[1,-27],[41,-71],[7,-83]],[[118786,134279],[56,-50],[33,-52],[-7,-43],[41,-44],[-11,-70],[-149,71],[-36,64],[37,14],[-10,60],[46,50]],[[108474,123536],[74,-16],[67,-72],[14,-38],[-10,-63],[-37,-12],[-109,88],[-69,124],[29,32],[41,-43]],[[111268,119936],[-25,65],[-68,14],[21,-51],[-72,-1],[-25,52],[-30,14],[12,31],[66,28],[53,-10],[64,6],[79,-94],[-13,-45],[-62,-9]],[[115580,150940],[59,-17],[37,-93],[0,-42],[-82,-6],[-60,35],[-39,70],[28,60],[57,-7]],[[109418,123522],[17,40],[-48,23],[-9,35],[31,53],[31,-17],[45,-74],[114,-80],[-17,-23],[-74,-21],[-40,6],[-50,58]],[[101203,126077],[37,-51],[13,-46],[-15,-54],[-79,-10],[-50,47],[-10,52],[15,39],[59,28],[30,-5]],[[116590,119947],[-9,37],[60,34],[50,-14],[69,-89],[25,-76],[-23,-6],[-106,61],[-39,58],[-27,-5]],[[116891,119900],[5,-54],[-26,-13],[-59,35],[-54,133],[11,49],[38,12],[34,-33],[4,-46],[47,-83]],[[109436,116364],[27,16],[37,-15],[35,-50],[156,-5],[8,-54],[-84,-25],[-83,63],[-32,1],[-54,36],[-10,33]],[[115654,123008],[62,-32],[41,-74],[-42,-36],[-56,13],[-52,47],[0,41],[47,41]],[[110041,111521],[34,-51],[-26,-42],[-34,-4],[-59,53],[-14,41],[8,48],[61,-6],[30,-39]],[[116031,149314],[27,-14],[49,27],[14,-71],[-65,-30],[-73,-19],[-33,64],[51,-22],[13,70],[17,-5]],[[118051,125459],[-9,-35],[-47,16],[-30,64],[-65,11],[10,45],[81,-12],[52,-56],[8,-33]],[[121939,136598],[20,-35],[-11,-48],[-32,-36],[-51,2],[-12,81],[14,38],[72,-2]],[[108818,117701],[-37,9],[19,55],[-36,45],[36,62],[51,-64],[0,-65],[-33,-42]],[[117995,126046],[-3,-70],[-112,41],[-9,39],[52,26],[72,-36]],[[108202,116198],[13,-69],[-21,-38],[-48,-14],[-22,59],[15,60],[63,2]],[[106933,114866],[22,-27],[-42,-63],[-50,-2],[-34,44],[91,73],[13,-25]],[[101902,128667],[-29,-60],[-55,-3],[-29,29],[17,88],[96,-54]],[[108974,126779],[0,-36],[-57,-15],[-61,7],[-22,19],[16,37],[42,16],[82,-28]],[[108798,115365],[43,-45],[-14,-45],[-46,-16],[-36,38],[18,105],[35,-37]],[[106732,133195],[-30,-39],[-63,8],[-52,52],[8,58],[17,-45],[55,-2],[65,-32]],[[104524,116210],[-46,-5],[-41,76],[47,29],[46,-27],[21,-52],[-27,-21]],[[108859,117555],[39,-54],[-37,-47],[-43,18],[-12,39],[17,78],[36,-34]],[[108977,122342],[66,-47],[-29,-28],[-52,-3],[-55,62],[28,26],[42,-10]],[[110350,141044],[-11,30],[91,47],[47,-58],[-75,-29],[-52,10]],[[118008,126290],[-25,-39],[11,-28],[-55,29],[-28,44],[16,44],[47,-7],[34,-43]],[[108364,133698],[1,-9],[-619,-86],[-1,9],[619,86]],[[100654,122931],[-8,63],[44,-4],[25,-29],[-1,-52],[-39,-10],[-21,32]],[[120052,145978],[4,61],[35,16],[27,-33],[0,-48],[-51,-13],[-15,17]],[[104857,129182],[-1,-42],[-65,-2],[-11,35],[33,41],[44,-32]],[[115527,150805],[61,-45],[-61,-19],[-28,23],[-21,71],[49,-30]],[[96738,123852],[7,47],[57,-28],[33,-59],[-97,40]],[[112321,115097],[39,-12],[-90,-93],[-25,23],[76,82]],[[115836,136156],[19,5],[53,-194],[-19,-4],[-53,193]],[[123309,130226],[9,-79],[-27,-6],[-15,98],[33,-13]],[[116451,125193],[-37,10],[23,43],[59,-13],[-45,-40]],[[103221,128837],[-14,43],[45,5],[28,-36],[-20,-30],[-39,18]],[[123242,140135],[-90,-28],[-39,11],[50,28],[66,5],[13,-16]],[[116678,142771],[59,296],[10,-3],[-57,-294],[-12,1]],[[120890,154744],[-8,-22],[-52,13],[7,46],[30,5],[23,-42]],[[107584,121141],[-23,40],[70,-4],[3,-28],[-50,-8]],[[110009,134781],[-17,-1],[-10,181],[18,1],[9,-181]],[[117070,124837],[13,51],[28,-6],[21,-49],[-62,4]],[[117948,125584],[-38,-1],[-1,41],[45,-5],[29,-24],[-35,-11]],[[103333,126581],[-45,18],[20,37],[35,-4],[-10,-51]],[[126927,125484],[-29,27],[52,53],[13,-13],[-22,-73],[-14,6]],[[126109,124474],[-25,1],[-13,41],[44,32],[-6,-74]],[[115864,134014],[7,-79],[-25,-6],[-17,42],[35,43]],[[118416,127151],[8,43],[34,-25],[-20,-38],[-22,20]],[[126046,135270],[-1,61],[29,-3],[9,-48],[-37,-10]],[[110928,111296],[-3,-26],[-46,-18],[-7,40],[48,27],[8,-23]],[[106128,132623],[-54,-4],[-15,32],[48,9],[21,-37]],[[119422,134428],[-29,-3],[17,50],[-5,50],[31,-41],[-14,-56]],[[105121,135871],[-49,22],[-26,44],[59,-17],[16,-49]],[[110076,120399],[-15,61],[50,-14],[-1,-29],[-34,-18]],[[110994,110540],[-36,-9],[-52,26],[88,-17]],[[119252,134381],[-27,60],[19,5],[39,-41],[-31,-24]],[[110151,124122],[-22,-53],[-21,13],[10,55],[33,-15]],[[123235,130205],[-27,20],[-7,44],[49,-15],[-15,-49]],[[109197,122622],[-41,1],[-45,45],[21,9],[65,-55]],[[106327,116039],[24,45],[28,-50],[-18,-20],[-34,25]],[[115173,121391],[-183,177],[6,7],[183,-177],[-6,-7]],[[105053,129032],[-23,18],[54,14],[22,-26],[-53,-6]],[[109122,114598],[-5,-39],[-29,-11],[-1,57],[35,-7]],[[107971,137511],[-42,26],[56,8],[-14,-34]],[[114079,116683],[16,58],[15,-24],[-31,-34]],[[105137,116108],[-36,33],[62,-17],[-26,-16]],[[111052,132930],[-5,-7],[-183,130],[5,6],[183,-129]],[[115431,116087],[20,23],[30,-33],[-50,10]],[[110918,120408],[-38,13],[3,34],[35,-47]],[[108282,131488],[-30,31],[21,24],[27,-42],[-18,-13]],[[115418,116130],[-49,0],[-3,31],[56,-6],[-4,-25]],[[106083,117495],[-180,-43],[-2,10],[180,41],[2,-8]],[[119194,134121],[-24,-4],[-26,54],[50,-50]],[[116732,142778],[12,4],[42,-116],[-12,-8],[-42,120]],[[109824,115293],[-19,-18],[-35,39],[54,-21]],[[97097,125608],[-29,-46],[-12,46],[41,0]],[[116226,123867],[54,-28],[-21,-20],[-33,48]],[[115688,151025],[-14,58],[60,-15],[-46,-43]],[[107712,116960],[-40,12],[25,28],[15,-40]],[[123546,138855],[-3,48],[35,0],[-32,-48]],[[105141,128924],[-32,11],[39,24],[-7,-35]],[[116412,134044],[-10,-24],[-28,31],[38,-7]],[[111076,119937],[-13,36],[38,-15],[-25,-21]],[[104600,129993],[-19,-31],[-21,29],[40,2]],[[111977,145377],[-31,31],[46,-5],[-15,-26]],[[117968,125911],[-23,-18],[-23,32],[46,-14]],[[115217,116151],[41,2],[-36,-26],[-5,24]],[[119282,127267],[-43,10],[18,21],[25,-31]],[[102125,129440],[-31,-17],[-1,34],[32,-17]],[[100982,126143],[-10,40],[33,-21],[-23,-19]],[[108772,116120],[-56,6],[19,18],[37,-24]],[[96420,124836],[-1,27],[38,-24],[-37,-3]],[[116214,123710],[-10,42],[31,-14],[-21,-28]],[[111958,115768],[-9,-40],[-21,23],[30,17]],[[123189,136176],[-27,-33],[2,38],[25,-5]],[[109970,139702],[-16,-18],[-29,30],[45,-12]]],"transform":{"scale":[0.000008562573732978265,0.000007488140912218622],"translate":[128.10461511,31.98518572]},"objects":{"city":{"type":"GeometryCollection","geometries":[{"arcs":[[[0,1,2,3,4,5]],[[6]],[[7]],[[8]],[[9]],[[10]],[[11]],[[12]],[[13]],[[14]],[[15]],[[16]],[[17]],[[18]],[[19]],[[20]],[[21]],[[22]],[[23]],[[24]],[[25]],[[26]],[[27]],[[28]],[[29]],[[30]],[[31]],[[32]],[[33]],[[34]],[[35]],[[36]],[[37]],[[38]],[[39]],[[40]],[[41]],[[42]],[[43]],[[44]],[[45]],[[46]],[[47]],[[48]],[[49]],[[50]],[[51]],[[52]],[[53]],[[54]],[[55]],[[56]],[[57]],[[58]],[[59]],[[60]],[[61]],[[62]],[[63]],[[64]],[[65]],[[66]],[[67]],[[68]],[[69]],[[70]],[[71]],[[72]],[[73]],[[74]],[[75]],[[76]],[[77]],[[78]],[[79]],[[80]],[[81]],[[82]],[[83]],[[84]],[[85]],[[86]],[[87]],[[88]],[[89]],[[90]],[[91]],[[92]],[[93]],[[94]],[[95]],[[96]],[[97]],[[98]],[[99]],[[100]],[[101]],[[102]],[[103]],[[104]],[[105]],[[106]],[[107]],[[108]],[[109]],[[110]],[[111]],[[112]],[[113]],[[114]],[[115]],[[116]],[[117]],[[118]],[[119]],[[120]],[[121]],[[122]],[[123]],[[124]],[[125]],[[126]],[[127]],[[128]]],"type":"MultiPolygon","properties":{"N03_001":"長崎県","N03_004":"長崎市","PREF_CODE":"42","MERGED_CODE":"42201","N03_007":"42201"},"id":"42201"},{"arcs":[[[129,130,131,132,133,134,135,136]],[[137]],[[138]],[[139]],[[140]],[[141]],[[142]],[[143]],[[144]],[[145]],[[146]],[[147]],[[148]],[[149]],[[150]],[[151]],[[152]],[[153]],[[154]],[[155]],[[156]],[[157]],[[158]],[[159]],[[160]],[[161]],[[162]],[[163]],[[164]],[[165]],[[166]],[[167]],[[168]],[[169]],[[170]],[[171]],[[172]],[[173]],[[174]],[[175]],[[176]],[[177]],[[178]],[[179]],[[180]],[[181]],[[182]],[[183]],[[184]],[[185]],[[186]],[[187]],[[188]],[[189]],[[190]],[[191]],[[192]],[[193]],[[194]],[[195]],[[196]],[[197]],[[198]],[[199]],[[200]],[[201]],[[202]],[[203]],[[204]],[[205]],[[206]],[[207]],[[208]],[[209]],[[210]],[[211]],[[212]],[[213]],[[214]],[[215]],[[216]],[[217]],[[218]],[[219]],[[220]],[[221]],[[222]],[[223]],[[224]],[[225]],[[226]],[[227]],[[228]],[[229]],[[230]],[[231]],[[232]],[[233]],[[234]],[[235]],[[236]],[[237]],[[238]],[[239]],[[240]],[[241]],[[242]],[[243]],[[244]],[[245]],[[246]],[[247]],[[248]],[[249]],[[250]],[[251]],[[252]],[[253]],[[254]],[[255]],[[256]],[[257]],[[258]],[[259]],[[260]],[[261]],[[262]],[[263]],[[264]],[[265]],[[266]],[[267]],[[268]],[[269]],[[270]],[[271]],[[272]],[[273]],[[274]],[[275]],[[276]],[[277]],[[278]],[[279]],[[280]],[[281]],[[282]],[[283]],[[284]],[[285]],[[286]],[[287]],[[288]],[[289]],[[290]],[[291]],[[292]],[[293]],[[294]],[[295]],[[296]],[[297]],[[298]],[[299]],[[300]],[[301]],[[302]],[[303]],[[304]],[[305]],[[306]],[[307]],[[308]],[[309]],[[310]],[[311]],[[312]],[[313]],[[314]],[[315]],[[316]],[[317]],[[318]],[[319]],[[320]],[[321]],[[322]],[[323]],[[324]],[[325]],[[326]],[[327]],[[328]],[[329]],[[330]],[[331]],[[332]],[[333]],[[334]],[[335]],[[336]],[[337]],[[338]],[[339]],[[340]],[[341]],[[342]],[[343]],[[344]],[[345]],[[346]],[[347]],[[348]],[[349]],[[350]],[[351]],[[352]],[[353]],[[354]],[[355]],[[356]],[[357]],[[358]],[[359]],[[360]],[[361]],[[362]],[[363]],[[364]],[[365]],[[366]],[[367]],[[368]],[[369]],[[370]],[[371]],[[372]],[[373]],[[374]]],"type":"MultiPolygon","properties":{"N03_001":"長崎県","N03_004":"佐世保市","PREF_CODE":"42","MERGED_CODE":"42202","N03_007":"42202"},"id":"42202"},{"arcs":[[[375,376,377]],[[378]],[[379]],[[380]],[[381]],[[382]],[[383]],[[384]],[[385]],[[386]],[[387]],[[388]],[[389]],[[390]],[[391]],[[392]],[[393]],[[394]],[[395]],[[396]],[[397]],[[398]]],"type":"MultiPolygon","properties":{"N03_001":"長崎県","N03_004":"島原市","PREF_CODE":"42","MERGED_CODE":"42203","N03_007":"42203"},"id":"42203"},{"arcs":[[[399,400,401,-5,402,403,404]],[[405]],[[406]],[[407]],[[408]],[[409]],[[410]],[[411]],[[412]],[[413]],[[414]],[[415]],[[416]]],"type":"MultiPolygon","properties":{"N03_001":"長崎県","N03_004":"諫早市","PREF_CODE":"42","MERGED_CODE":"42204","N03_007":"42204"},"id":"42204"},{"arcs":[[[417,-405,418,419,420]],[[421]],[[422]],[[423]],[[424]],[[425]]],"type":"MultiPolygon","properties":{"N03_001":"長崎県","N03_004":"大村市","PREF_CODE":"42","MERGED_CODE":"42205","N03_007":"42205"},"id":"42205"},{"arcs":[[[426]],[[-136,427,428]],[[429]],[[430]],[[431]],[[432]],[[433]],[[434]],[[435]],[[436]],[[437]],[[438]],[[439]],[[440]],[[441]],[[442]],[[443]],[[444]],[[445]],[[446]],[[447]],[[448]],[[449]],[[450]],[[451]],[[452]],[[453]],[[454]],[[455]],[[456]],[[457]],[[458]],[[459]],[[460]],[[461]],[[462]],[[463]],[[464]],[[465]],[[466]],[[467]],[[468]],[[469]],[[470]],[[471]],[[472]],[[473]],[[474]],[[475]],[[476]],[[477]],[[478]],[[479]],[[480]],[[481]],[[482]],[[483]],[[484]],[[485]],[[486]],[[487]],[[488]],[[489]],[[490]],[[491]],[[492]],[[493]],[[494]],[[495]],[[496]],[[497]],[[498]],[[499]],[[500]],[[501]],[[502]],[[503]],[[504]],[[505]],[[506]],[[507]],[[508]],[[509]],[[510]],[[511]]],"type":"MultiPolygon","properties":{"N03_001":"長崎県","N03_004":"平戸市","PREF_CODE":"42","MERGED_CODE":"42207","N03_007":"42207"},"id":"42207"},{"arcs":[[[512,-137,-429,513]],[[514]],[[515]],[[516]],[[517]],[[518]],[[519]],[[520]],[[521]],[[522]],[[523]],[[524]],[[525]],[[526]],[[527]],[[528]],[[529]],[[530]],[[531]],[[532]],[[533]],[[534]],[[535]],[[536]],[[537]],[[538]],[[539]],[[540]],[[541]],[[542]],[[543]],[[544]],[[545]],[[546]],[[547]],[[548]],[[549]],[[550]],[[551]],[[552]],[[553]],[[554]],[[555]],[[556]],[[557]],[[558]],[[559]],[[560]],[[561]],[[562]],[[563]],[[564]],[[565]],[[566]],[[567]],[[568]],[[569]],[[570]],[[571]],[[572]],[[573]],[[574]],[[575]],[[576]],[[577]],[[578]],[[579]],[[580]]],"type":"MultiPolygon","properties":{"N03_001":"長崎県","N03_004":"松浦市","PREF_CODE":"42","MERGED_CODE":"42208","N03_007":"42208"},"id":"42208"},{"arcs":[[[581]],[[582]],[[583]],[[584]],[[585]],[[586]],[[587]],[[588]],[[589]],[[590]],[[591]],[[592]],[[593]],[[594]],[[595]],[[596]],[[597]],[[598]],[[599]],[[600]],[[601]],[[602]],[[603]],[[604]],[[605]],[[606]],[[607]],[[608]],[[609]],[[610]],[[611]],[[612]],[[613]],[[614]],[[615]],[[616]],[[617]],[[618]],[[619]],[[620]],[[621]],[[622]],[[623]],[[624]],[[625]],[[626]],[[627]],[[628]],[[629]],[[630]],[[631]],[[632]],[[633]],[[634]],[[635]],[[636]],[[637]],[[638]],[[639]],[[640]],[[641]],[[642]],[[643]],[[644]],[[645]],[[646]],[[647]],[[648]],[[649]],[[650]],[[651]],[[652]],[[653]],[[654]],[[655]],[[656]],[[657]],[[658]],[[659]],[[660]],[[661]],[[662]],[[663]],[[664]],[[665]],[[666]],[[667]],[[668]],[[669]],[[670]],[[671]],[[672]],[[673]],[[674]],[[675]],[[676]],[[677]],[[678]],[[679]],[[680]],[[681]],[[682]],[[683]],[[684]],[[685]],[[686]],[[687]],[[688]],[[689]],[[690]],[[691]],[[692]],[[693]],[[694]],[[695]],[[696]],[[697]],[[698]],[[699]],[[700]],[[701]],[[702]],[[703]],[[704]],[[705]],[[706]],[[707]],[[708]],[[709]],[[710]],[[711]],[[712]],[[713]],[[714]],[[715]],[[716]],[[717]],[[718]],[[719]],[[720]],[[721]],[[722]],[[723]],[[724]],[[725]],[[726]],[[727]],[[728]],[[729]],[[730]],[[731]],[[732]],[[733]],[[734]],[[735]],[[736]],[[737]],[[738]],[[739]],[[740]],[[741]],[[742]],[[743]],[[744]],[[745]],[[746]],[[747]],[[748]],[[749]],[[750]],[[751]],[[752]],[[753]],[[754]],[[755]],[[756]],[[757]],[[758]],[[759]],[[760]],[[761]],[[762]],[[763]],[[764]],[[765]],[[766]],[[767]],[[768]],[[769]],[[770]],[[771]],[[772]],[[773]],[[774]],[[775]],[[776]],[[777]],[[778]],[[779]],[[780]],[[781]],[[782]],[[783]],[[784]],[[785]],[[786]],[[787]],[[788]],[[789]],[[790]],[[791]],[[792]],[[793]],[[794]],[[795]],[[796]]],"type":"MultiPolygon","properties":{"N03_001":"長崎県","N03_004":"対馬市","PREF_CODE":"42","MERGED_CODE":"42209","N03_007":"42209"},"id":"42209"},{"arcs":[[[797]],[[798]],[[799]],[[800]],[[801]],[[802]],[[803]],[[804]],[[805]],[[806]],[[807]],[[808]],[[809]],[[810]],[[811]],[[812]],[[813]],[[814]],[[815]],[[816]],[[817]],[[818]],[[819]],[[820]],[[821]],[[822]],[[823]],[[824]],[[825]],[[826]],[[827]],[[828]],[[829]],[[830]],[[831]],[[832]],[[833]],[[834]],[[835]],[[836]],[[837]],[[838]],[[839]],[[840]],[[841]],[[842]],[[843]],[[844]],[[845]],[[846]],[[847]],[[848]],[[849]],[[850]],[[851]],[[852]],[[853]],[[854]],[[855]],[[856]],[[857]],[[858]],[[859]],[[860]],[[861]],[[862]],[[863]],[[864]],[[865]],[[866]],[[867]],[[868]],[[869]],[[870]],[[871]],[[872]],[[873]],[[874]],[[875]],[[876]],[[877]],[[878]],[[879]],[[880]],[[881]],[[882]],[[883]],[[884]],[[885]],[[886]],[[887]],[[888]],[[889]],[[890]],[[891]],[[892]],[[893]],[[894]],[[895]],[[896]],[[897]],[[898]],[[899]],[[900]],[[901]],[[902]],[[903]],[[904]],[[905]],[[906]],[[907]],[[908]],[[909]],[[910]],[[911]],[[912]],[[913]],[[914]],[[915]],[[916]],[[917]],[[918]],[[919]]],"type":"MultiPolygon","properties":{"N03_001":"長崎県","N03_004":"壱岐市","PREF_CODE":"42","MERGED_CODE":"42210","N03_007":"42210"},"id":"42210"},{"arcs":[[[920]],[[921]],[[922]],[[923]],[[924]],[[925]],[[926]],[[927]],[[928]],[[929]],[[930]],[[931]],[[932]],[[933]],[[934]],[[935]],[[936]],[[937]],[[938]],[[939]],[[940]],[[941]],[[942]],[[943]],[[944]],[[945]],[[946]],[[947]],[[948]],[[949]],[[950]],[[951]],[[952]],[[953]],[[954]],[[955]],[[956]],[[957]],[[958]],[[959]],[[960]],[[961]],[[962]],[[963]],[[964]],[[965]],[[966]],[[967]],[[968]],[[969]],[[970]],[[971]],[[972]],[[973]],[[974]],[[975]],[[976]],[[977]],[[978]],[[979]],[[980]],[[981]],[[982]],[[983]],[[984]],[[985]],[[986]],[[987]],[[988]],[[989]],[[990]],[[991]],[[992]],[[993]],[[994]],[[995]],[[996]],[[997]],[[998]],[[999]],[[1000]],[[1001]],[[1002]],[[1003]],[[1004]],[[1005]],[[1006]],[[1007]],[[1008]],[[1009]],[[1010]],[[1011]],[[1012]],[[1013]],[[1014]],[[1015]],[[1016]],[[1017]],[[1018]],[[1019]],[[1020]],[[1021]],[[1022]],[[1023]],[[1024]],[[1025]],[[1026]],[[1027]],[[1028]],[[1029]],[[1030]],[[1031]],[[1032]],[[1033]],[[1034]],[[1035]],[[1036]],[[1037]],[[1038]],[[1039]],[[1040]],[[1041]],[[1042]],[[1043]],[[1044]],[[1045]],[[1046]],[[1047]],[[1048]],[[1049]],[[1050]],[[1051]],[[1052]],[[1053]],[[1054]],[[1055]],[[1056]],[[1057]],[[1058]],[[1059]],[[1060]],[[1061]],[[1062]],[[1063]],[[1064]],[[1065]],[[1066]],[[1067]],[[1068]],[[1069]],[[1070]],[[1071]],[[1072]],[[1073]],[[1074]],[[1075]],[[1076]],[[1077]],[[1078]],[[1079]],[[1080]],[[1081]],[[1082]],[[1083]],[[1084]],[[1085]],[[1086]],[[1087]],[[1088]],[[1089]],[[1090]],[[1091]],[[1092]],[[1093]],[[1094]],[[1095]],[[1096]],[[1097]],[[1098]],[[1099]],[[1100]],[[1101]],[[1102]],[[1103]],[[1104]],[[1105]],[[1106]],[[1107]],[[1108]],[[1109]],[[1110]],[[1111]],[[1112]],[[1113]],[[1114]],[[1115]],[[1116]],[[1117]],[[1118]],[[1119]],[[1120]],[[1121]]],"type":"MultiPolygon","properties":{"N03_001":"長崎県","N03_004":"五島市","PREF_CODE":"42","MERGED_CODE":"42211","N03_007":"42211"},"id":"42211"},{"arcs":[[[-1,1122]],[[1123]],[[1124]],[[1125]],[[1126]],[[1127]],[[1128]],[[1129]],[[1130]],[[1131]],[[1132]],[[1133]],[[1134]],[[1135]],[[1136]],[[1137]],[[1138]],[[1139]],[[1140]],[[1141]],[[1142]],[[1143]],[[1144]],[[1145]],[[1146]],[[1147]],[[1148]],[[1149]],[[1150]],[[1151]],[[1152]],[[1153]],[[1154]],[[1155]],[[1156]],[[1157]],[[1158]],[[1159]],[[1160]],[[1161]],[[1162]],[[1163]],[[1164]],[[1165]],[[1166]],[[1167]],[[1168]],[[1169]],[[1170]],[[1171]],[[1172]],[[1173]],[[1174]],[[1175]],[[1176]],[[1177]],[[1178]],[[1179]],[[1180]],[[1181]],[[1182]],[[1183]],[[1184]],[[1185]],[[1186]],[[1187]],[[1188]],[[1189]],[[1190]],[[1191]],[[1192]],[[1193]],[[1194]],[[1195]],[[1196]],[[1197]],[[1198]],[[1199]],[[1200]],[[1201]],[[1202]],[[1203]],[[1204]],[[1205]],[[1206]],[[1207]],[[1208]],[[1209]],[[1210]],[[1211]],[[1212]],[[1213]],[[1214]],[[1215]],[[1216]],[[1217]],[[1218]],[[1219]],[[1220]],[[1221]],[[1222]],[[1223]],[[1224]],[[1225]],[[1226]],[[1227]],[[1228]],[[1229]],[[1230]],[[1231]],[[1232]],[[1233]],[[1234]],[[1235]],[[1236]],[[1237]],[[1238]],[[1239]],[[1240]],[[1241]],[[1242]],[[1243]],[[1244]],[[1245]],[[1246]],[[1247]],[[1248]],[[1249]],[[1250]],[[1251]],[[1252]],[[1253]],[[1254]],[[1255]],[[1256]],[[1257]],[[1258]],[[1259]],[[1260]],[[1261]]],"type":"MultiPolygon","properties":{"N03_001":"長崎県","N03_004":"西海市","PREF_CODE":"42","MERGED_CODE":"42212","N03_007":"42212"},"id":"42212"},{"arcs":[[[-377,1262,1263,-401,1264]],[[1265]],[[1266]],[[1267]],[[1268]],[[1269]]],"type":"MultiPolygon","properties":{"N03_001":"長崎県","N03_004":"雲仙市","PREF_CODE":"42","MERGED_CODE":"42213","N03_007":"42213"},"id":"42213"},{"arcs":[[[-376,1270,-1263]],[[1271]],[[1272]],[[1273]],[[1274]],[[1275]],[[1276]]],"type":"MultiPolygon","properties":{"N03_001":"長崎県","N03_004":"南島原市","PREF_CODE":"42","MERGED_CODE":"42214","N03_007":"42214"},"id":"42214"},{"arcs":[[[-4,1277,1278,-403]],[[1279]],[[1280]],[[1281]]],"type":"MultiPolygon","properties":{"N03_001":"長崎県","N03_004":"長与町","PREF_CODE":"42","MERGED_CODE":"42307","N03_007":"42307"},"id":"42307"},{"arcs":[[[-3,1282,-1278]],[[1283]],[[1284]],[[1285]],[[1286]],[[1287]],[[1288]]],"type":"MultiPolygon","properties":{"N03_001":"長崎県","N03_004":"時津町","PREF_CODE":"42","MERGED_CODE":"42308","N03_007":"42308"},"id":"42308"},{"arcs":[[[1289,-420,1290,1291]],[[1292]],[[1293]]],"type":"MultiPolygon","properties":{"N03_001":"長崎県","N03_004":"東彼杵町","PREF_CODE":"42","MERGED_CODE":"42321","N03_007":"42321"},"id":"42321"},{"arcs":[[[1294,-1292,1295,-132,1296]],[[1297]],[[1298]],[[1299]],[[1300]],[[1301]]],"type":"MultiPolygon","properties":{"N03_001":"長崎県","N03_004":"川棚町","PREF_CODE":"42","MERGED_CODE":"42322","N03_007":"42322"},"id":"42322"},{"arcs":[[1302,-1297,-131,1303]],"type":"Polygon","properties":{"N03_001":"長崎県","N03_004":"波佐見町","PREF_CODE":"42","MERGED_CODE":"42323","N03_007":"42323"},"id":"42323"},{"arcs":[[[1304]],[[1305]],[[1306]],[[1307]],[[1308]],[[1309]],[[1310]],[[1311]],[[1312]],[[1313]],[[1314]],[[1315]],[[1316]],[[1317]],[[1318]],[[1319]],[[1320]],[[1321]],[[1322]],[[1323]],[[1324]],[[1325]],[[1326]],[[1327]],[[1328]],[[1329]],[[1330]],[[1331]],[[1332]],[[1333]],[[1334]],[[1335]],[[1336]],[[1337]],[[1338]],[[1339]],[[1340]],[[1341]],[[1342]],[[1343]],[[1344]],[[1345]],[[1346]],[[1347]],[[1348]]],"type":"MultiPolygon","properties":{"N03_001":"長崎県","N03_004":"小値賀町","PREF_CODE":"42","MERGED_CODE":"42383","N03_007":"42383"},"id":"42383"},{"arcs":[[-134,1349]],"type":"Polygon","properties":{"N03_001":"長崎県","N03_004":"佐々町","PREF_CODE":"42","MERGED_CODE":"42391","N03_007":"42391"},"id":"42391"},{"arcs":[[[1350]],[[1351]],[[1352]],[[1353]],[[1354]],[[1355]],[[1356]],[[1357]],[[1358]],[[1359]],[[1360]],[[1361]],[[1362]],[[1363]],[[1364]],[[1365]],[[1366]],[[1367]],[[1368]],[[1369]],[[1370]],[[1371]],[[1372]],[[1373]],[[1374]],[[1375]],[[1376]],[[1377]],[[1378]],[[1379]],[[1380]],[[1381]],[[1382]],[[1383]],[[1384]],[[1385]],[[1386]],[[1387]],[[1388]],[[1389]],[[1390]],[[1391]],[[1392]],[[1393]],[[1394]],[[1395]],[[1396]],[[1397]],[[1398]],[[1399]],[[1400]],[[1401]],[[1402]],[[1403]],[[1404]],[[1405]],[[1406]],[[1407]],[[1408]],[[1409]],[[1410]],[[1411]],[[1412]],[[1413]],[[1414]],[[1415]],[[1416]],[[1417]],[[1418]],[[1419]],[[1420]],[[1421]],[[1422]],[[1423]],[[1424]],[[1425]],[[1426]],[[1427]],[[1428]],[[1429]],[[1430]],[[1431]],[[1432]],[[1433]],[[1434]],[[1435]],[[1436]],[[1437]],[[1438]],[[1439]],[[1440]],[[1441]],[[1442]],[[1443]],[[1444]],[[1445]],[[1446]],[[1447]],[[1448]],[[1449]],[[1450]],[[1451]],[[1452]],[[1453]],[[1454]],[[1455]],[[1456]],[[1457]],[[1458]],[[1459]],[[1460]],[[1461]],[[1462]],[[1463]],[[1464]],[[1465]],[[1466]],[[1467]],[[1468]],[[1469]],[[1470]],[[1471]],[[1472]],[[1473]],[[1474]],[[1475]],[[1476]],[[1477]],[[1478]],[[1479]]],"type":"MultiPolygon","properties":{"N03_001":"長崎県","N03_004":"新上五島町","PREF_CODE":"42","MERGED_CODE":"42411","N03_007":"42411"},"id":"42411"}]}}}