{"type":"Topology","arcs":[[[70133,37497],[-60,21],[-242,0],[-51,7],[-33,18],[-9,35],[3,66],[-17,51],[-46,54],[34,60],[17,48],[-3,41],[-21,21],[-13,52],[14,45],[38,27],[0,18],[-58,67],[-32,21],[-95,26],[-97,94],[-69,49],[-21,-3],[-36,-35],[-72,5],[-51,-51],[-122,-36],[-119,26],[-48,19],[-86,4],[-86,-13],[-42,-27],[-62,-5],[-86,43],[-122,11],[-55,-11],[-80,8],[-87,32],[-90,60],[-34,15],[-107,25],[-87,-3],[-172,10],[-117,0],[-64,-8],[-102,45],[-54,3],[-43,14],[-36,32],[-79,0],[-94,31],[-64,-22],[-128,0],[-62,-18],[-75,-33],[-62,23],[-82,76],[-145,43],[-37,4],[-58,22],[-33,34],[-63,46],[-27,43],[-80,68],[-66,44],[-23,59],[-79,42],[-68,23],[-109,65],[-118,49],[-50,6],[-29,45],[-54,31],[-101,103],[-96,41],[-56,3],[5,104],[-20,99],[-62,84],[-6,142],[-14,84],[8,84],[-32,83],[-71,60],[-40,79],[-63,10],[-90,32],[-40,87],[-56,66],[-12,39],[-33,46],[-8,40],[-29,18],[-85,24],[-73,-30],[-111,-4],[-54,47],[-105,52],[-139,34],[-64,-18],[-74,-2],[-77,14],[-86,-18],[-88,24],[-116,3],[-118,36],[-15,61],[-75,76],[-1,38],[26,34],[19,73],[-4,32],[26,94],[31,32],[94,175],[16,60],[-26,107],[-86,101],[-3,19],[97,110],[19,85],[28,70],[-34,61],[-12,47],[6,28],[-40,94],[8,29],[-43,75],[-41,47],[-21,40],[-13,61],[-29,93],[-14,15],[-96,14],[-79,39],[-105,-3],[-48,-20],[-84,12],[-134,-11],[-28,12],[-12,38],[-27,28],[-68,29],[-72,40],[-79,19],[-57,24],[-79,12],[-44,47],[-12,49],[-57,22],[-61,38],[-29,46],[-31,164],[-44,112],[23,54],[-23,41],[-55,21],[-39,110],[6,73],[-13,37],[-51,42],[-60,30],[-11,44],[-22,11],[-37,-18],[-135,-23],[-68,-27],[-44,-9],[-77,-48],[-116,-40],[-8,-30],[57,-164],[2,-36],[-39,-107],[-40,-22],[-18,-51],[-70,-120],[-35,-126],[-3,-29],[-46,14],[5,63],[-15,27],[-59,17],[-60,27],[-31,1],[-26,-25],[-18,-47],[16,-36],[-15,-13],[-53,17],[-94,-9],[-38,14],[-46,53],[-28,65],[-50,-26],[-53,6],[-78,-35],[-82,-56],[29,77],[-33,27],[-97,-48],[-35,5],[-24,46],[18,25],[-27,34],[-45,13],[-51,32],[-17,-17],[-4,-56],[-62,6],[-66,-24],[-113,3],[-17,-42],[58,-84],[-11,-35],[-30,-7],[-73,9],[-74,35],[-64,3],[-80,-14],[-70,26],[-100,14],[-55,39],[-39,46],[-30,13],[-55,-2],[-38,21],[-54,47],[-40,-26],[-33,19],[-40,-14],[-133,34],[-57,59],[-46,31],[-27,55],[-93,74],[-40,71],[-26,109],[-67,15],[-67,3],[-55,21],[-46,38],[-107,35],[-34,20],[-104,8],[-93,-20],[-144,-75],[0,58],[32,57],[30,125],[-4,50],[-32,51],[-33,30],[-9,54],[-125,-40],[-113,-40],[-54,-2],[-94,49],[-27,24],[-55,-27],[-96,-32],[-102,-6],[-27,6],[-135,2],[-48,5],[-112,-17],[-95,34],[-78,9],[-72,-5],[-165,38],[-43,44],[-56,-17],[-92,-4],[-64,-12],[-97,-63],[-23,-27],[-72,-51],[-171,-75],[-87,-50],[-29,-7],[-27,22],[-42,81],[-100,110],[-74,-15],[-84,-1],[-110,-48],[-18,-33],[24,-61],[-2,-41],[-32,-44],[13,-72],[53,-78],[40,-43],[18,-47],[-28,-51],[0,-65],[17,-107],[8,-94],[-6,-133],[32,-133],[-46,-53],[-111,-91],[-6,-25],[26,-55],[-5,-52],[-19,-37],[-29,-119],[-19,-110],[-25,-20],[-51,-8],[-71,12],[-80,54],[-45,71],[-37,17],[-144,37],[-100,-3],[-31,-9],[-56,6],[-44,-20],[-297,-69],[-49,14],[-31,-50],[-64,-11],[-117,30],[-39,-15],[-73,-89],[-20,-53],[-42,-18],[-33,-27],[-88,-15],[-75,-48],[-35,-6],[-102,3],[-59,-28],[-54,1],[-97,32],[-78,56],[-42,-12],[-47,46],[-42,16],[-104,11],[-77,53],[-115,24],[-36,16],[-110,20],[-112,34],[-46,38],[-53,25],[-43,4],[-46,-12],[-92,4],[-76,45],[-32,46],[-81,21],[-58,-4],[-65,42],[-53,11],[-145,-4]],[[51943,42446],[-71,7],[-49,21],[-73,3],[-67,32],[-36,35],[-7,47],[19,95],[-9,70],[-30,100],[-27,56],[8,74],[-26,62],[-24,206],[42,59],[64,38],[26,33],[24,95],[-19,23],[-96,58],[-47,45],[-41,59],[-42,4],[-20,31],[-44,5],[-142,-31],[-115,7],[-28,-11],[-162,-200],[-101,-59],[-89,-11],[-84,7],[-41,-16],[-29,-90],[-54,-34],[-38,8],[-81,81],[-63,88],[-39,80],[-26,35],[-42,13],[-122,-33],[-56,-26],[-86,-7],[-40,-17],[-80,-80],[-35,-23],[-71,-16],[-75,4],[-98,32],[-79,2],[-115,10],[-61,13],[-36,41],[-58,21],[-36,46],[-35,78],[-14,57],[-2,62],[-36,73],[-44,41],[-21,34],[-35,26],[-24,45],[-9,52],[26,52],[-9,34],[-25,29],[-1,25],[37,25],[22,37],[3,81],[-17,94],[14,55],[-14,69],[6,36],[35,76],[45,67],[35,76],[30,48],[-2,133],[48,144],[46,57],[55,104],[-14,49],[11,69],[-20,59],[-33,39],[-43,21]],[[49231,45485],[-19,36],[29,79],[-5,28],[-35,30],[-20,54],[0,36],[17,104],[-4,33],[-24,31],[-15,76],[-35,82],[6,126],[-13,116],[29,70],[0,76],[16,39],[-4,43],[-85,46],[-65,95],[-42,88],[-103,157],[-28,30],[-11,46],[-49,54],[1,55],[-45,38],[-18,61],[-38,22],[-68,19],[-103,51],[-108,70],[-47,37],[-68,99],[-20,64],[27,162],[3,123],[-11,80],[-37,74],[-124,105],[-45,44],[-126,176],[-53,60],[-123,69],[-105,43],[-74,20],[-40,24],[-14,37],[12,55],[39,67],[29,28],[62,14],[67,-11],[97,6],[48,25],[72,81],[38,87],[14,82],[-20,93],[-12,88],[19,28],[107,83],[33,87],[17,22],[48,7],[105,-17],[53,-36],[24,-48],[35,2],[3,34],[-28,28],[-19,42],[-4,44],[13,64],[42,58],[43,27],[149,57],[16,0],[54,-44],[51,-4],[8,41],[-46,146],[-3,31],[69,32],[40,30],[69,20],[52,-3],[191,-121],[33,1],[96,75],[77,-9],[79,-24],[21,9],[1,59],[-72,101],[-3,126],[21,29],[55,1],[96,17],[36,21],[36,94],[-54,35],[-108,15],[-15,13],[-5,53],[18,36],[26,9],[55,-22],[72,10],[25,28],[0,56],[-80,29],[-91,20],[-14,34],[23,195],[-4,45],[14,128],[-4,28],[-43,22],[-100,-72],[-100,16],[-178,11],[-45,15],[-29,59],[-1,49],[18,122],[-10,110],[-2,98],[14,94],[59,132],[57,71],[-1,27],[-39,68],[-14,112],[24,47],[47,-3],[22,-29],[29,-92],[57,-51],[66,-14],[67,17],[82,7],[87,-5],[61,-19],[-3,-38],[-76,-35],[-1,-44],[37,-25],[34,-4],[79,75],[23,7],[52,-11],[52,-40],[70,-67],[33,-16],[90,-15],[115,16],[46,24],[139,58],[18,37],[8,70],[-16,74],[2,37],[37,40],[126,-5],[97,37],[-6,60],[-33,36],[-92,79],[-107,144],[-40,67],[-51,65],[-61,62],[-29,48],[-5,67],[7,33],[56,73],[7,46],[-25,67],[-11,72],[25,169],[-26,83],[4,54],[45,67],[77,27],[42,33],[46,55],[69,112],[67,96],[37,74],[-37,41],[-153,73],[-35,0],[-52,-23],[-50,-65],[-68,-32],[-19,-30],[-11,-85],[-10,-20],[-66,-17],[-39,57],[-19,126],[-14,39],[-51,88],[-14,57],[-45,76],[29,33],[42,-27],[66,0],[2,40],[-68,117],[-24,64],[6,86],[34,56],[24,83],[30,54],[43,4],[81,-14],[39,26],[43,102],[72,60],[31,51],[1,60],[-18,46],[-48,15],[-97,8],[-217,33],[-93,-31],[-34,-61],[-7,-58],[-20,-32],[-50,-21],[-79,-20],[-46,-30],[-64,-79],[7,-203],[-9,-55],[8,-99],[-26,-67],[-12,-109],[12,-65],[-12,-36],[-47,1],[-83,-11],[-43,-24],[-45,-46],[-67,-29],[-63,-78],[-23,-8],[-79,-1],[-46,21],[-52,-34],[-108,6],[-33,40],[16,57],[-33,7],[-57,-36],[-45,24],[-6,45],[-63,40],[-130,57],[-19,59],[-29,26],[-75,-9],[-75,-44],[-32,14],[-45,72],[-26,2],[-15,-49],[-29,-13],[-80,51],[-74,-33],[-87,-15],[-36,42],[-25,7],[-49,-19],[-24,9],[-59,62],[-37,0],[-38,28],[-11,79],[-15,8],[4,-90],[-21,-37],[-65,1],[-47,14],[-32,-23],[-45,-1],[-57,-38],[-19,0],[-41,52],[-41,23],[-84,13],[-8,11],[12,71],[-32,-2],[-27,-97],[15,-75],[-27,-64],[-33,7],[-21,-65],[-49,-87],[-39,-13],[12,-58],[-20,-22],[-70,-7],[-36,-36],[-12,-30],[40,-55],[-7,-81],[-29,-36],[-76,-45],[-17,-76],[-31,-33],[-132,-81],[-44,-56],[-37,-70],[-44,-108],[-40,-172],[-3,-40],[-18,-26],[-104,-107],[-16,-40],[-3,-54],[35,-104],[-3,-24],[-126,-127],[-15,-50],[-61,127],[-41,13],[-41,75],[-84,12],[-10,37],[-136,144],[-53,41],[-50,22],[-52,44],[-87,8],[-80,-37],[-34,66],[-32,33],[-52,26],[-26,50],[-73,8],[-38,31],[-48,21],[3,99],[-27,47],[-29,89],[15,39],[-9,42],[-24,45],[-29,29],[-83,20],[-7,20],[54,70],[-19,59],[-34,28],[-1,64],[-10,27],[-54,42],[24,82],[-17,44],[-28,32],[-63,34],[-31,52],[31,13],[-2,35],[-33,54],[-44,17],[-91,19],[-5,75],[19,24],[7,49],[45,106],[-18,52],[3,37],[-9,73],[-32,143],[14,138],[13,29],[-10,43],[60,112],[13,50],[1,136],[46,103],[-19,55],[-26,35],[-13,96],[-7,220],[12,49],[45,82],[-9,34],[-58,33],[-21,62],[-46,30],[-24,53],[15,69],[-78,97],[0,93],[29,47],[13,58],[-6,77],[-46,64],[71,54],[15,59],[-20,71],[10,61],[22,58],[24,36],[3,33],[-16,101],[1,46],[46,71],[0,48],[111,90],[46,56],[36,11],[78,-1],[93,53],[83,41],[37,44],[25,92],[38,60],[61,28],[-11,82],[-32,73],[35,41],[58,26],[47,45],[40,69],[80,61],[50,17],[53,-9],[44,-62],[71,-34],[82,-49],[77,-96],[40,-28],[50,-51],[131,-50],[26,-20],[17,-35],[43,-21],[52,-66],[95,-79],[127,-55],[65,4],[47,21],[53,52],[0,42],[33,53],[9,72],[12,20],[57,21],[99,58],[13,66],[33,35],[95,17],[68,70],[79,49],[93,9],[63,35],[60,72],[45,67],[-5,41],[-35,33],[-79,130],[-35,94],[-51,189],[-46,116],[-51,97],[-48,130],[-37,123],[-29,63],[-93,151],[-40,35],[-138,21],[-201,13],[-171,-12],[-57,1],[-64,15],[-79,49],[-33,44],[-24,53],[-4,93],[32,79],[73,63],[48,50],[13,44],[-22,88],[-190,82],[-91,63],[-265,167],[-57,10],[-87,5],[-100,-20]],[[45464,60263],[-30,57],[-60,90],[-56,109],[-44,70],[-49,48],[-139,26],[-37,27],[-41,64],[-30,85],[-15,104],[2,33],[21,64],[-4,81],[-110,109],[77,127],[-35,55],[-6,78],[45,160],[76,43],[12,41],[85,139],[3,86],[11,25],[105,99],[56,66],[72,108],[10,76],[47,48],[31,148],[84,174],[40,59],[132,1],[60,-51],[38,-17],[79,16],[127,79],[45,67],[17,61],[24,40],[46,32],[17,35],[-19,29],[-94,53],[-10,15],[3,77],[42,136],[3,90],[130,56],[31,20],[38,55],[45,26],[-12,45],[-181,72],[-35,70],[-49,40],[-13,73],[-20,27],[-62,31],[-9,25],[201,148],[100,80],[106,101],[103,32],[-3,24],[-62,135],[-68,99],[-85,103],[-23,5],[-92,-6],[-37,-31],[-47,-140],[-33,-37],[-68,-45],[-102,106],[-49,33],[-87,-23],[-86,18],[-11,263],[-7,27],[-168,114],[28,71],[59,61],[-6,23],[-82,17],[-27,16],[-45,63],[-54,119]],[[45313,65341],[234,115],[140,63],[27,28],[64,41],[65,27],[50,7],[103,-34],[37,-1],[-13,60],[5,43],[49,57],[34,82],[52,50],[18,-2],[78,-43],[24,-2],[95,62],[94,92],[27,12],[130,17],[77,26],[122,66],[82,-109],[120,-114],[105,-153],[5,-29],[-16,-52],[-2,-65],[12,-105],[40,-57],[-8,-123],[18,-100],[20,-58],[79,-176],[38,-66],[41,-49],[73,-61],[84,-30],[23,-36],[69,-139],[32,-46],[-4,-113],[41,-91],[38,-48],[44,-40],[10,-32],[12,-158],[26,-97],[8,-58],[19,-222],[21,-102],[26,-14],[117,68],[46,37],[32,46],[39,20],[96,8],[106,-4],[45,11],[63,37],[67,97],[45,26],[75,2],[46,-39],[49,-15],[67,-42],[76,-24],[66,-1],[40,8],[95,44],[89,34],[81,39],[134,55],[144,55],[55,56],[57,10],[40,34],[97,31],[42,-8],[75,85],[85,20],[33,-13],[22,28],[53,39],[34,-15],[12,38],[34,33],[5,39],[131,24],[97,40],[27,18],[13,47],[36,17],[40,-24],[34,-40],[53,5],[48,-69],[124,-89],[4,-49],[37,3],[48,42],[45,-16],[19,-51],[39,24],[39,-17],[21,70],[48,69],[42,14],[16,33],[100,22],[42,52],[47,29],[23,28],[60,45],[42,5],[49,24],[82,12],[24,10],[68,-3],[57,-29],[81,-5],[110,2],[55,-35]],[[51944,64611],[40,7],[36,27],[45,1],[88,-29],[64,-55],[40,-5],[95,98],[70,60],[160,89],[80,10],[79,-6],[120,-50],[73,-11],[46,-46],[62,-112],[25,-65],[72,-24],[53,0],[43,52],[166,70],[55,-26],[38,14],[78,74],[73,3],[40,-21],[78,-17],[182,13],[79,-7],[51,-14],[49,-56],[-11,-58],[13,-27],[47,-32],[38,-92],[90,-44],[57,5],[27,-8],[17,-34],[61,-40],[36,-14],[22,-28],[67,-27],[64,-70],[-14,-88],[12,-69],[31,-27],[56,-20],[3,-35],[78,-77],[46,-75],[111,-8],[27,-50],[40,-14],[19,-25],[1,-44],[20,-24],[71,9],[60,-6],[67,-25],[47,-48],[88,-23],[51,-36],[9,-34],[-2,-67],[34,-30],[60,-9],[27,-60],[86,-27],[84,-58],[29,-57],[48,-51],[83,2],[74,46],[210,35],[44,-11],[17,-55],[26,-18],[53,5],[113,-6],[40,12],[77,-13],[96,28],[58,41],[46,-5],[41,-94],[98,-63],[41,-6],[26,-19],[120,21],[69,7],[-1,90],[32,98],[-7,77],[11,53],[30,54],[43,50],[77,65],[13,20],[-31,83],[7,49],[43,56],[-24,72],[-50,25],[4,17],[115,70],[42,17],[10,21],[61,42],[44,108],[-30,50],[6,24],[36,32],[-7,83],[62,-1],[-2,86],[238,21],[285,7],[166,16],[109,34],[61,28],[30,3],[117,42],[11,19],[-17,58],[136,33],[177,35],[116,16],[60,1],[47,-77],[153,-239],[85,-117],[86,-29],[81,6],[55,47],[66,43],[47,15],[107,-9],[90,-34],[109,-81],[51,-31],[79,-19],[44,3],[17,57],[-49,141],[5,38],[25,15],[34,-16],[96,-178],[64,-137],[51,-123],[69,-145],[44,-69],[62,-67],[73,-44],[113,-18],[156,-33],[74,-60],[92,-107],[111,-111],[79,268],[34,81],[37,115],[18,106],[-5,34],[-24,36],[6,34],[77,90],[17,-10],[-6,91],[64,70],[1,100],[-57,40],[-21,84],[15,55],[6,81],[49,313],[113,117],[32,48],[47,99],[75,104],[30,73],[1,53],[-52,203],[8,17],[64,-5],[-8,92],[8,22],[48,56],[121,39],[-20,54],[-75,59],[-20,60],[-49,46],[-61,29],[-34,73],[2,65],[-50,98],[-4,25],[69,90],[20,12],[41,65],[-6,131],[44,56],[99,69],[37,35],[36,70],[6,45],[-28,24],[-49,7],[-73,30],[-10,33],[55,13],[6,61],[87,71],[36,16],[60,-4],[84,25],[48,44],[45,10],[94,39],[75,93],[9,41],[76,75],[12,75],[52,154],[0,86],[43,47],[2,74],[33,36],[78,44],[24,62],[7,69],[29,54],[7,37],[-57,109],[-33,2],[-52,-21],[-61,24],[-19,43],[-4,87],[26,82]],[[62697,68450],[-4,30],[-31,65],[27,40],[1,73],[19,56],[35,56],[67,58],[62,-5],[25,23],[11,35],[-13,43],[8,34],[-20,39],[-39,-29],[-36,18],[-69,4],[-5,44],[8,179],[42,55],[-22,18],[-63,-40],[-23,4],[-3,27],[28,45],[7,44],[-49,31],[29,59],[-31,30],[-51,16],[-65,-22],[-10,30],[34,27],[36,11],[14,26],[-31,14],[1,24],[43,-5],[-3,64],[11,32],[4,146],[14,12],[-32,104],[3,42],[58,150],[24,37],[30,17],[34,72],[84,4],[12,-32],[31,-15],[19,-29],[19,31],[101,-23],[72,97],[23,63],[12,79],[28,46],[-25,11],[13,58],[36,102],[-44,18],[1,93],[-48,36],[-36,40],[9,111],[53,62],[79,129],[78,73],[71,53],[107,99],[92,67],[96,28],[63,28],[46,-10],[25,64],[40,135],[-41,2],[-17,-23],[-28,-92],[-61,-41],[-115,12],[-74,23],[-22,46],[-29,107],[-22,33],[25,39],[42,27],[-9,46],[-19,23],[-33,-1],[-75,-25],[1,36],[27,53],[50,73],[18,12],[108,19],[43,-18],[43,92],[48,4],[25,66],[47,64],[73,38],[48,113],[-17,34],[47,63],[63,38],[33,105],[-9,49],[125,201],[14,57],[-31,121],[77,125],[6,26],[-16,52],[-73,20],[43,13],[10,41],[268,22],[112,-1],[54,-11],[96,-45],[101,-81],[51,-69],[17,-39],[40,-43],[129,-59],[402,-101],[104,-48],[83,-48],[132,-108],[43,-41],[61,-72],[-30,-142],[17,-69],[30,-77],[33,-18],[15,-63],[70,-24],[56,-58],[17,-45],[26,-22],[90,-54],[-16,-29],[46,-3],[31,-30],[68,-18],[107,26],[61,35],[73,16],[147,-1],[94,5],[66,14],[41,32],[35,2],[17,59],[-33,103],[0,33],[37,41]],[[66945,72343],[92,8],[138,63],[83,-7],[79,-18],[94,-66],[165,107],[92,50],[234,-20],[75,-25],[420,-126],[68,-130],[282,-208],[634,-187],[530,-2],[170,2],[424,-114],[22,-14],[89,-104],[3,-127],[162,-85],[313,-69],[370,-182],[180,-192],[202,-49],[445,217],[802,51],[269,303],[284,-44]],[[73666,71375],[-103,-64],[2,-96],[-8,-54],[1,-88],[-10,-49],[-39,-72],[-77,-166],[-44,-136],[-10,-70],[-28,-99],[-23,-58],[-81,-275],[-22,-44],[-45,-142],[-83,-274],[-12,-57],[-91,-246],[-22,-72],[-15,-76],[-74,-199],[-67,-223],[-39,-105],[-29,-133],[-48,-113],[-45,-141],[-17,-74],[-55,-170],[-31,-52],[-17,-58],[28,-82],[-40,-89],[-39,-104],[-25,-40],[-21,-57],[-44,-179],[-45,-126],[-28,-115],[-46,-112],[-66,-251],[-50,-171],[-36,-144],[-37,-92],[-42,-170],[-42,-116],[-13,-73],[-24,-94],[-36,-108],[-41,-157],[-59,-206],[-45,-125],[-8,-87],[-51,-135],[-29,-100],[-27,-64],[-15,-60],[-2,-64],[-56,-180],[-37,-80],[-39,-153],[-30,-63],[4,-25],[-45,-147],[-9,2],[-18,-91],[4,-38],[-14,-98],[-27,-38],[-18,-138],[35,-9],[-5,-27],[-38,10],[-47,-133],[-24,-100],[-4,-53],[-72,-238],[-42,-159],[38,-11],[-8,-29],[-41,12],[-87,-312],[-63,-200],[-48,-190],[68,-18],[-7,-30],[-69,16],[-57,-223],[-73,-211],[-23,-214],[-43,-53],[-16,-94],[-51,-128],[-14,-72],[-1,-72],[-42,-57],[-80,-259],[0,-86],[-16,-37],[-8,-72],[-18,-36],[-45,-161],[-12,-72],[3,-100],[-7,-74],[-15,-53],[1,-55],[-18,-48],[-8,-78],[-12,-33],[-5,-64],[-23,-44],[4,-66],[-13,-38],[14,-38],[-12,-46],[-21,-22],[4,-46],[196,-90],[42,-136],[-11,0],[-40,130],[-23,13],[-73,-10],[-70,-36],[-9,-44],[-29,-28],[-48,-23],[-23,-46],[-6,-64],[13,-11],[-19,-31],[162,-75],[54,71],[11,-5],[-92,-120],[-3,-42],[-26,14],[7,44],[-36,7],[-48,-31],[-25,-71],[7,-43],[28,-57],[103,-23],[-1,-23],[161,-31],[3,-15],[-167,33],[-9,-38],[-22,-8],[-238,46],[-12,-54],[-9,-87],[-33,-127],[153,-30],[21,10],[35,168],[-44,22],[6,27],[133,-26],[63,-45],[-7,-22],[58,-12],[5,23],[112,-21],[36,170],[0,46],[-28,40],[23,-6],[17,-39],[0,-36],[-93,-440],[9,-2],[244,-356],[-13,-8],[-241,352],[-40,1],[-243,47],[-3,12],[-56,-37],[-74,0],[-77,-72],[-96,-157],[-26,-59],[-17,-116],[10,-66],[19,-25],[-95,16],[-68,54],[-110,-59],[-65,-56],[-83,-93],[-12,-21],[-116,-56],[-19,5],[-17,-81],[24,-6],[-50,-277],[-64,-173],[31,-11],[-54,-145],[25,-9],[-58,-325],[71,-12],[-45,-250],[-152,26],[3,-51],[-12,-61],[10,-10],[-65,-360],[28,-12],[-134,23],[-17,-93],[101,-17],[-6,-56],[217,-36],[21,110],[-67,11],[2,12],[67,-11],[17,95],[-67,12],[4,19],[67,-11],[30,166],[-67,16],[297,-50],[17,77],[-132,23],[-1,5],[135,-24],[46,211],[160,707],[27,-3],[11,113],[-31,65],[11,89],[16,-2],[8,45],[332,-63],[93,-20],[78,-9],[268,-52],[80,69],[-4,5],[168,157],[6,-4],[272,249],[224,209],[242,222],[111,106],[104,87],[99,92],[13,-13],[-768,-708],[-262,-239],[-268,-249],[-333,66],[-114,-633],[-119,-110],[-148,-810],[-28,-162],[-181,31],[-131,15],[-34,-67],[0,-43],[18,-38],[-29,6],[-260,-535],[-25,-165],[9,-61],[19,-21],[1,-59],[13,-12],[-13,-103],[-12,-49],[-35,-224],[46,-188],[20,-59],[77,-147],[185,61],[221,-105],[36,134],[14,-4],[-185,-744],[-16,3],[59,235],[-55,13],[-69,1],[-74,-16],[-111,-43],[-39,-27],[-28,0],[-106,-76],[-74,-90],[-39,-60],[-17,-45],[-31,-34],[-29,-107],[-47,-78],[-11,-67],[-29,-91],[-3,-92],[-33,-176],[20,-15],[-33,-121],[-18,-129],[9,-38],[-46,-181],[-3,-63],[8,-62],[-28,-166],[7,-104],[-19,-80],[4,-26],[-10,-86],[9,-76],[-18,-115],[5,-34],[-8,-54],[9,-66],[-21,-28],[0,-43],[26,-38],[-1,-78],[-25,-38],[6,-48],[-4,-101],[17,-24],[5,-58],[-19,-20],[5,-36],[-5,-118],[6,-45],[-2,-79],[-16,-14],[10,-96],[-10,-8],[5,-85],[-4,-89],[-12,-36],[4,-73],[-8,-180],[5,-98],[-6,-61],[1,-127],[-11,-141],[4,-51],[-15,-48],[38,-237],[45,-115],[37,-124],[0,-108],[21,-100],[6,-91],[25,-88],[-7,-69],[18,-45],[49,-271],[6,-84],[35,-117],[11,-132],[35,-101],[21,-31],[-3,-94],[-28,-46],[-84,-36],[67,-131],[39,49],[38,6],[56,-80],[60,-105],[25,-96],[34,-74],[39,-46],[24,-51],[157,-223],[10,-27],[43,-28],[36,-51],[65,-77],[85,-86],[114,-100],[92,-64],[114,-60],[161,-74],[131,-28],[78,-12],[91,-24],[36,-2],[5,-18],[-36,-55],[-20,-66],[-80,-134],[-23,-99],[7,-78],[-11,-103],[44,-134],[110,24],[120,-36],[27,90],[8,-2],[-30,-90],[69,-25],[-1,-12],[-174,53],[-32,-15],[-13,-109],[149,-118],[80,-2],[7,62],[-84,26],[2,7],[92,-29],[-1,-66],[68,-12],[86,132],[-5,34],[-45,125],[9,2],[40,-127],[13,-171],[61,-11],[38,-22],[59,-79],[20,-10],[2,-106],[48,-104],[34,-31],[36,-75],[39,-35],[7,-39],[63,-147],[40,-43],[78,-62],[25,-43],[46,-31],[85,-36],[49,-9],[40,9],[34,-16],[119,-13],[83,41],[47,72],[45,10],[32,-43],[30,-67],[23,-11],[-10,-25],[-1,-105],[-47,-147],[-30,-38],[-35,-23],[-89,-109],[-48,-28],[-36,-54],[-68,-170],[-79,-136],[-27,-118],[-33,-79],[-6,-98],[-15,-64],[-31,-39],[-62,-46],[-34,-45],[-34,-113],[-3,-67],[-46,-161],[-14,-19],[-137,-116],[-66,-90],[-14,-102],[-67,-192],[-76,-162],[-21,-68],[-4,-86],[28,-99],[-5,-61],[-47,-52],[171,-168],[-34,-264],[-4,1],[33,259],[-59,62],[-64,-64],[-78,71],[-3,-11],[-58,44],[-9,-25],[-121,94],[-108,-69],[46,-68],[-13,-20],[-95,51],[-35,10],[-44,-32],[23,-60],[176,-201],[146,-6],[12,-6],[-289,12],[-102,36],[-39,-40],[-79,-120],[-5,-72],[-27,-1],[-24,-89],[-17,-20],[-18,-106],[-18,-156],[-12,-143],[54,-89],[53,-75],[87,-192],[58,-95],[66,-74],[8,-39],[1,-89],[59,-152],[26,-83],[99,-34],[21,-1],[40,-48],[10,-29],[-2,-68],[-22,-52],[-80,-84],[-46,-13],[-110,28],[-78,-13],[-43,-21],[-73,-91],[-2,6],[120,148],[-25,83],[-59,97],[38,42],[48,-47],[49,46],[-47,48],[35,35],[39,5],[40,-28],[42,0],[-20,65],[-59,-22],[-31,79],[-53,-16],[-100,-138],[-9,-4],[-63,-134],[-22,-38],[-6,-44],[-86,2],[-100,-42],[-73,-15],[-52,-55],[-10,-72],[-3,-88],[-47,-48],[-30,-11],[-69,-81],[0,-87],[25,-17],[22,-41],[-6,-109],[35,-68],[47,-24],[66,-5],[48,-29],[90,-103],[55,-113],[31,-162],[-12,-47],[-38,-27],[-97,-35],[38,-85],[71,-185],[6,-36],[35,-87],[16,-60],[-7,-32]],[[70634,46069],[-42,16],[94,77],[61,77],[28,49],[25,16],[114,28],[84,32],[43,2],[33,-32],[-58,-105],[-55,-58],[-81,-8],[-58,-46],[-88,-7],[-63,-17],[-25,-35],[-12,11]],[[71104,45467],[-2,-188],[-10,0],[0,189],[12,-1]],[[69742,58037],[15,25],[15,-41],[-39,-1],[9,17]],[[70947,40815],[-104,-70],[-6,9],[107,65],[3,-4]],[[69620,54067],[-52,32],[123,-59],[-71,27]],[[69808,38728],[-24,37],[24,3],[0,-40]],[[49231,45485],[-63,-3],[-104,-16],[-26,-26],[-58,-10],[-73,27],[-233,-7],[-69,-30],[-72,-73],[-21,-53],[-20,-153],[-1,-199],[-24,-58],[-55,-56],[-120,-198],[-61,-80],[-31,-67],[-30,-117],[-12,-75],[-33,-88],[-77,-144],[-27,-91],[-46,-73],[-110,-5],[-50,17],[-50,78],[-6,79],[-66,-2],[-64,-26],[-56,7],[-48,-4],[-116,-30],[-15,-9],[-57,-153],[-9,-101],[-29,-43],[-14,-92],[-62,-38],[-37,-74],[-3,-32],[-55,-25],[-43,-38],[-64,-104],[-77,-50],[-55,-11],[-33,-82],[-1,-85],[17,-111],[-6,-58],[12,-126],[-19,-21],[-83,-40],[-76,-94],[-60,-44],[-5,-24],[-36,-22],[-59,-5],[-74,27],[-58,87],[-79,22],[-45,0],[-36,-16],[-51,-46],[-18,-39],[-71,-60],[-10,-68],[-39,-96],[-9,-75],[-19,-66],[3,-68],[63,-107],[-2,-41],[-30,-65],[0,-120],[-31,-111],[-5,-58],[-68,-8],[-113,-53],[-49,-8],[-201,15],[-31,-19],[-60,-2],[-119,-53],[-114,-8],[-53,13],[-33,-2],[-71,-31],[-40,3],[-28,17],[-56,9],[-41,-6],[-149,21],[-98,-8],[-46,-22],[-46,-41],[-35,-58],[-93,-218],[-112,-97],[-50,7],[-38,56],[-24,11],[-100,-98],[-43,-18],[-63,2],[-22,-44],[-8,-138],[-29,-28],[-9,-33],[17,-56],[-49,-59],[-5,-48],[-118,-45],[-68,-34],[50,-61],[-31,-109],[-35,-22],[-52,-72],[-119,-78],[-28,-55],[-101,-28],[-10,-90],[-13,-37],[-23,-15],[-42,-86],[-7,-44],[57,-168],[-30,-63],[-47,-130],[-6,-98],[-47,-9],[-43,-34],[-34,17],[-72,-33],[-20,-26],[-33,-76],[-30,-28],[-64,-41],[-89,-109],[-36,-4],[-268,59],[-108,76],[-135,38],[-163,62],[-143,21],[-32,-1],[-75,-44],[-86,-62],[-119,8],[-62,-15],[-33,12],[-44,55],[-49,97],[-64,56],[-17,-1],[-76,-88],[-41,-14],[-82,40],[-20,27],[-46,25],[-83,26],[-69,-29],[-64,31],[-61,42],[-33,55],[-7,57],[-8,152],[-14,58],[-52,115],[-25,130],[-22,90],[-39,70],[-9,43],[22,58],[-17,86],[-13,202],[-16,31],[-95,111],[-36,34],[-181,140],[-70,69],[-88,103],[-47,12],[-50,50],[-88,15],[-85,47],[-47,10],[-58,-5],[-66,-16],[-36,55],[-101,130],[-66,67],[-113,76],[44,67],[113,-62],[113,197],[-149,94],[25,58],[-105,122],[-49,66],[-18,9],[-17,65],[-80,45],[-54,-1],[-95,78],[-64,74],[-3,42],[-193,151],[-89,67],[17,126],[14,72],[33,43],[34,5],[-115,232],[-179,-89],[-109,100],[-38,-86],[-18,-79],[18,-74],[-126,-79],[-107,-96],[-204,8],[14,63],[-23,3],[9,41],[-56,-34],[-75,106],[-130,-122],[-7,-35],[-131,6],[-79,26],[-6,-37],[-140,106],[-15,-13],[-99,-138],[-256,-342],[35,-29],[-144,-201],[-168,-204],[-127,-171],[-19,-192],[-2,-55],[122,-82],[117,-96],[58,-75],[-74,-67],[160,-144],[-105,-126],[30,-21],[207,-176],[-163,-186],[-229,-256],[-20,-34],[-93,-94],[-23,-44],[-41,-112],[-11,-15],[-33,34],[-20,1],[1,-168],[-50,-229],[105,-21],[-69,-358],[128,-23],[-44,-220],[-13,-10],[-97,10],[-10,-24],[6,-82],[31,-68],[2,-34],[-20,-68],[7,-31],[26,-15],[132,-35],[148,-5],[109,-60],[52,-43],[91,-27],[-7,-48],[-58,-33],[-54,53],[-94,61],[-72,5],[-15,-226],[-104,1],[-44,12],[-128,-8],[-105,-16],[-131,3],[-272,30],[-13,-38],[-36,-53],[5,-61],[94,9],[117,3],[130,13],[148,1],[7,-54],[10,-194],[-10,-176],[-9,-43],[-41,-65],[-29,6],[-49,-72],[-30,-150],[-12,-23],[-8,-101],[-61,-244],[-33,-121],[-3,-159],[-17,-61],[-82,-167],[-65,-118],[72,-31],[107,-35],[-5,-47],[64,-27],[53,-43],[194,-96],[58,-23],[24,-21],[230,-353],[60,33],[125,-62],[43,-48],[38,-7],[85,-79],[35,-88],[20,-25],[115,-76],[108,-33],[72,-54],[49,-9],[69,6],[73,-36],[44,-7],[47,-23],[38,-36],[20,-104],[-21,-47],[51,-40],[21,-34],[13,-70],[42,4],[29,-11],[89,-89],[88,-35],[20,-27],[4,-34],[-22,-70],[-8,-65],[-27,-44],[-23,-60],[16,-72],[91,-22],[56,-38],[40,-47],[33,-11],[66,3],[44,-69],[10,-40],[80,-101],[22,-66],[14,-87],[33,-35],[74,-44],[28,-189],[30,-91],[-20,-64],[16,-134],[-3,-70],[22,-88],[69,-126],[21,-119],[58,10],[57,-5],[67,-38],[36,-63],[10,-83],[27,-33],[49,-38],[69,-9],[91,47],[173,128],[29,16],[55,0],[123,-49],[43,-31],[108,-64],[29,-29],[9,-52],[-11,-92],[14,-46],[52,-22],[95,-64],[117,-88],[64,-83],[76,-78],[83,-61],[94,-26],[61,-52],[37,-54],[58,-7],[70,10],[78,0],[118,27],[91,8],[53,13],[225,7],[42,5],[105,27],[65,45],[34,9],[54,-10],[75,-33],[69,-14],[38,6],[61,39],[98,95],[50,29]],[[41920,32249],[155,-8],[53,-28],[95,28],[20,-11],[44,-56],[161,-53],[36,-20],[127,-39],[39,-31],[55,-16],[20,-17],[-4,-55],[10,-31],[67,-34],[30,-27],[29,-57],[-11,-89],[-2,-85],[24,-40],[86,-71],[40,-22],[29,-41],[102,-70],[88,-87],[20,-73],[32,-65],[62,-56],[62,-86],[114,-37],[100,-70],[50,-53],[69,-86],[38,-133],[51,-107],[5,-47],[-12,-133],[-22,-105],[13,-47],[38,-7],[77,6],[83,-7],[48,-30],[63,-78],[69,-125],[66,-98],[73,-68],[43,-25],[229,-96],[58,-4],[69,-30],[25,-52],[47,-11],[71,6],[75,-34],[67,17],[207,-2],[53,-5],[72,-17],[58,-95],[72,-72],[32,-84],[48,-70],[8,-67],[-12,-77],[5,-72],[161,-165],[89,-81]],[[45789,28748],[-12,-116],[8,-81],[-39,-57],[-63,-30],[-145,-18],[-26,-16],[-93,-29],[-86,-109],[-15,-32],[-16,-78],[-22,-56],[30,-54],[-1,-91],[14,-97],[-5,-78],[-28,-81],[-33,-60],[-88,-73],[-14,-55],[19,-93],[-2,-80],[-12,-89],[-48,-94],[-97,-134],[-31,-74],[-24,5],[-34,58],[-37,23],[-121,3],[-26,9],[-53,46],[-65,76],[-38,21]],[[44586,27214],[-37,51],[-39,90],[-20,109],[-36,7],[-148,-5],[-84,41],[-155,39],[-95,47],[-148,17],[-83,26],[-105,65],[-28,28],[-30,55],[-11,52],[13,66],[29,68],[-8,43],[-91,79],[-140,74],[-56,24],[-125,83],[-38,15],[-235,52],[-117,47],[14,105],[-10,48],[-91,151],[-40,93],[-64,51],[-92,47],[-113,84],[-37,19],[-89,20],[-13,-30],[-24,-127],[17,-80],[-9,-19],[-66,-34],[-12,-16],[-163,46],[-114,-5],[-106,25],[-75,-50],[-109,-18],[-34,-21],[-25,-46],[4,-107],[-27,-56],[-26,-14],[-153,-3],[-92,-24],[-56,-9],[-119,-54],[-10,-37],[-1,-68],[28,-78],[0,-24],[-46,-58],[-22,-54],[-38,-23],[-94,39],[-98,31],[-48,5],[-145,-28],[-86,0],[-220,-8],[-34,-8],[-89,-82],[-68,-48],[-33,-68],[-51,-40],[-71,-32],[-134,-18],[-149,25],[-48,-1],[-102,-21],[-111,-15],[-47,-29],[-36,-10],[-54,1],[-119,41],[-27,-5],[-68,-59],[-72,-31],[-46,-4],[-78,52],[-118,152],[-57,97],[-22,21],[-77,44],[-109,47],[-45,5],[-103,-25],[-146,-75],[-99,-31],[-60,10],[-50,33],[-119,54],[-93,57],[-7,25],[-3,112],[-19,44],[-82,19],[-52,29],[-9,27],[24,89],[6,109],[-40,30],[-137,36],[-111,139],[-32,49],[-65,51],[-34,2],[-75,-41],[-32,25],[-31,55],[3,42],[-12,29],[-55,28],[-38,95],[-29,40],[-31,12],[-62,49],[-112,18],[-23,18],[-173,228],[-17,50],[-31,48],[-40,25],[-163,65],[-42,11],[-66,-3],[-40,8],[-49,50],[-57,-3],[-42,19],[-52,92],[-27,12],[-38,-7],[-90,82],[-57,61],[-63,85],[-54,85],[-36,38],[-29,71],[-67,130],[-24,60],[-34,49],[-98,78],[-56,22],[-50,36],[-68,66],[-124,34],[-32,31],[-76,-40],[-59,32],[-49,78],[-66,124],[-53,43],[-60,8],[-26,13],[-74,87],[-37,72],[-211,-34],[-51,1],[-72,-14],[-72,-37],[-70,-59],[-82,-38],[-58,-37],[-49,-59],[-26,-14],[-45,-67],[-39,-81],[1,-165],[-35,-83],[-47,-194],[-61,-103],[-25,-93],[-165,-146],[-139,-72],[-46,-39],[-70,-119],[-26,-33],[-46,-35],[-30,-60],[-29,-27],[-44,-115],[-42,-44],[-58,-93],[-37,-73],[-68,-113],[-129,-98],[-24,-86],[-57,-69],[-32,-140],[-20,-111],[24,-71],[-29,-88],[-35,-5],[-72,-65],[-67,-3],[-72,-18],[-39,18],[-6,54],[-22,9],[-4,58],[-16,42],[-98,62],[-28,54],[-29,119],[14,45],[25,124],[24,63],[-51,57],[-1,14],[-138,13],[-48,23],[-48,3],[-35,-57],[-40,41],[-51,99],[-41,56],[-24,14],[3,80],[33,42],[29,255],[4,123],[-8,85],[-49,33],[-11,46],[-57,140],[-79,277],[-29,65],[-100,136],[-71,74],[-96,74],[-26,27],[-95,124],[-136,160],[-81,81],[-123,116],[-51,88],[-38,30],[-48,9],[-158,14],[-165,40],[-176,49],[-62,61],[-70,57],[-64,108],[-21,23],[-140,84],[-128,84],[48,38],[57,16],[36,26],[1,24],[44,65],[-33,28],[-14,58],[-61,44],[-19,40],[-15,91],[21,30],[89,5],[57,31],[21,40],[28,105],[55,98],[-6,29],[-45,2],[-55,-29],[-21,-24],[-59,-30],[-65,-6],[-56,25],[-53,50],[-80,-7],[-25,16],[-41,76],[14,21],[46,3],[32,92],[98,124],[13,106],[23,111],[-11,57],[49,79],[38,23],[3,108],[-24,50],[-99,63],[-43,36],[9,38],[-12,37],[-47,36],[-47,50],[-19,34],[-10,84],[23,46],[60,21],[33,-14],[25,23],[3,91],[28,37],[0,47],[-48,85],[-62,56],[-46,122],[-15,82],[21,56],[64,18],[26,-3],[11,-101],[42,2],[17,77],[11,14],[14,152],[37,63],[119,123],[70,127],[65,-20],[-3,39],[-42,16],[1,31],[-50,14],[-154,111],[-73,94],[-35,32],[-101,71],[-144,115],[-74,53],[-91,79],[-87,91],[-46,64],[-74,82],[-49,104],[-24,91],[-13,90],[9,48],[60,58],[6,27],[-19,43],[-1,48],[-31,21],[-49,-13],[-68,-30],[-68,-5],[-96,9],[-46,17],[-54,164],[-54,151],[86,166],[40,34],[120,137],[32,85],[12,98],[-1,43],[21,123],[29,219],[23,88],[59,184],[8,46],[-2,104],[-22,121],[-15,143],[-3,84],[-19,205],[-30,127],[1,88],[-24,69],[25,217],[13,37],[15,89],[-9,44],[-47,93],[-40,37],[-16,57],[49,10],[-38,217],[18,63],[-5,78],[51,135],[21,39],[48,-8],[40,50],[-1,20],[-68,105],[-10,72],[-18,41],[-37,46],[-67,28],[-42,81],[-19,8],[-98,-7],[-37,-14],[-60,-64],[-76,-35],[-63,-9],[-62,-26],[-53,-49],[-37,5],[-65,36],[-46,60],[-43,25],[-117,113],[-28,5],[-35,-19],[-48,-47],[-83,-33],[-64,-1],[-66,14],[-88,-10],[-101,-54],[-164,-145],[-106,-49],[-30,-5],[-63,27],[-76,13],[-47,43],[-86,35],[-35,38],[-87,153],[-43,56],[-55,50],[-74,44],[-92,87],[-70,-31],[-34,-49],[-78,-58],[-50,-8],[-118,-4],[-43,29],[-49,94],[-101,22],[-71,53],[-50,-14],[-57,-32],[-33,-6],[-135,9],[-130,16],[-100,21],[-39,199],[-2,114],[33,177],[9,77],[-4,61],[-70,79],[35,52],[32,99],[14,71],[55,128],[90,50],[32,48],[71,59],[104,-1],[52,21],[52,61],[15,38],[-15,10],[-49,-19],[-58,38],[4,96],[12,106],[18,83],[55,2],[89,31],[46,-35],[86,-161],[20,-13],[61,15],[47,-2],[96,-42],[19,4],[103,190],[73,164],[15,59],[11,120],[17,35],[47,3],[33,25],[-8,61],[13,77],[-46,111],[-20,96],[-2,47],[-35,190],[-27,69],[-46,67],[-123,72],[-47,37],[-55,56],[-36,51],[-69,-9],[-48,-23],[-134,-29],[-128,-34],[-238,-73],[-113,78],[-40,59],[-35,15],[15,49],[-79,28],[5,39],[-27,36],[-37,88],[-10,9],[-129,17],[-61,30],[-147,86],[-102,50],[-52,46],[-185,-132],[-248,-183],[-60,-34],[-39,18],[-114,-4],[-182,51],[-65,24],[-52,-48],[-87,53],[-111,24],[-108,55],[-31,9],[-127,7],[-63,14],[-211,67],[-97,9],[-87,-6],[-44,-10],[-81,27],[-16,30],[-133,1],[-180,21],[-126,9],[-101,-6],[-56,40],[-40,12],[-80,6],[-82,-14],[-48,-33],[-118,-25],[-61,4],[-115,104],[-71,29],[-84,-13],[-72,2],[-88,28],[-58,-1],[-140,-34],[-55,15],[-124,68],[-79,99],[-50,74],[-24,67],[-50,74],[-123,104],[-38,43],[-27,46],[-6,67],[7,123],[42,126],[-12,35],[-65,56],[-38,43],[-55,91],[-27,12],[-15,30],[44,109],[-5,50],[-35,33],[-33,4],[-99,40],[-78,60],[-29,1],[-52,-31],[-80,-25],[-68,0],[-35,18],[-50,129],[-50,70],[-5,55],[23,26],[6,84],[41,70],[-59,66],[-55,28],[-69,15],[-80,38],[-47,-3],[-60,-57],[-18,-58],[-91,-116],[-45,-37],[-79,-33],[-62,-38],[-70,-23],[-49,-70],[-28,1],[-86,30],[-198,23],[-90,37],[-20,2],[-47,-31],[-157,-14],[-74,-25],[-74,11],[-172,142],[-76,104],[-23,21],[-73,28],[-35,29],[-22,-2],[-41,-35],[-47,-8],[-59,18],[-116,67],[-123,99],[-139,87],[-32,15],[-103,3],[-89,11],[-118,27],[-24,-33],[-46,-37],[-122,-69],[-46,-11],[-21,1],[-61,52],[-45,83],[-34,33],[-5,62],[-37,49],[-31,158],[-35,43],[-17,139],[23,75],[0,104],[-39,52],[-54,32],[-30,87],[-12,16],[-60,26],[-57,-16],[-30,13],[-16,41],[-25,16],[-114,7],[54,119],[5,29],[-18,43],[-63,119],[-6,41],[39,88],[3,51],[-14,50],[-24,44],[70,112],[12,34],[-11,65],[10,69],[-19,66],[5,118],[36,86],[-4,175],[49,57],[35,14],[56,-6],[85,42],[95,2],[56,35],[4,53],[-12,45],[-31,28],[10,27],[48,49],[-10,27],[-39,36],[-1,82],[24,51],[-27,56],[-24,21],[-101,140],[-118,125],[68,105],[3,61],[-48,104],[-77,91],[-110,92],[-23,12],[-75,92],[-84,53],[39,46],[22,79],[48,34],[193,60],[81,20],[90,-11],[89,-4],[95,14],[123,54],[80,5],[23,16],[104,111],[220,167],[19,28],[-35,26],[88,209],[30,19],[-7,72],[-90,61],[-23,29],[-15,56],[26,75],[26,136],[19,46],[0,40],[-41,195],[-21,78],[-16,127],[0,107],[7,65],[18,81],[23,45],[91,126],[83,102],[51,150],[22,52],[104,168],[41,108],[10,156],[76,116],[6,41],[-27,106],[-4,52],[21,115],[41,102],[71,79],[9,28],[-18,89],[12,26],[83,89],[128,91],[161,78],[59,36],[90,119],[163,199],[27,36],[41,32],[102,45],[133,25],[121,-10],[31,-11],[78,-46],[91,-104],[79,-39],[55,-9],[122,11],[43,19],[93,64],[49,67],[26,55],[-3,39]],[[19323,54649],[283,-34],[61,-3],[137,74],[32,7],[120,-21],[95,-11],[250,5],[49,-6],[193,-88],[81,-15],[62,1],[73,31],[72,59],[54,26],[62,12],[66,-4],[48,-13],[66,-34],[96,6],[137,30],[80,6],[111,36],[130,51],[100,52],[39,26],[62,60],[60,22],[125,9],[65,24],[77,84],[62,5],[76,21],[127,67],[57,11],[79,-8],[42,-16],[23,-63],[50,-56],[81,-65],[112,-64],[101,-28],[117,-21],[158,-17],[586,-171],[966,-268],[326,-75],[86,-26],[107,-22],[56,-34],[69,-83],[20,-53],[28,-27],[33,37],[110,46],[104,26],[169,25],[217,4],[87,-35],[57,2],[71,16],[77,27],[110,67],[42,128],[63,34],[89,4],[53,-4],[87,-45],[30,3],[33,43],[67,24],[66,41],[44,12],[55,-2],[46,48],[21,57],[11,117],[-19,63],[-52,75],[-40,71],[-4,50],[72,60],[73,77],[57,98],[-1,165],[20,32],[215,190],[169,184],[70,80],[109,106],[55,120],[86,161],[78,133],[6,41],[31,61],[68,80],[40,76],[21,83],[3,96],[19,30],[65,48],[230,191],[229,261],[61,76],[4,16],[-30,41],[42,44],[-9,23],[33,95],[21,32],[48,41],[49,16],[85,-11],[79,-36],[-13,-112],[25,-9],[89,76],[59,7],[36,-46],[65,-32],[20,104],[93,-35],[18,60],[21,32],[-24,35],[-43,29],[-88,87],[4,94],[-216,146],[66,98],[152,219],[22,14],[56,7],[42,43],[6,68],[27,41],[52,52],[10,57],[49,16],[89,58],[8,20],[-9,63],[8,65],[32,28],[12,39],[-14,123],[11,50],[-7,39],[-31,54],[-31,9],[-28,58],[-8,40],[69,-17],[47,-89],[54,-139],[193,15],[69,0],[66,16],[160,112],[139,-17],[210,-31],[86,9],[25,-39],[47,-159],[112,-93],[115,-75],[-3,-43],[53,-85],[89,-160],[57,-87],[79,-83],[45,-11],[222,6],[37,-8],[34,-44],[90,-56],[64,-66],[97,-155],[108,-102],[99,-61],[120,-93],[71,17],[48,3],[50,30],[41,11],[75,-19],[106,0],[67,-12],[66,-45],[134,-68],[51,9],[157,108],[70,-3],[50,-33],[31,-65],[40,-11],[70,-3],[53,-18],[127,-77],[63,-31],[58,-69],[23,-7],[38,27],[62,19],[65,-23],[36,-2],[134,13],[31,-13],[40,-62],[76,-74],[13,-24],[62,-177],[44,-30],[116,2],[54,7],[80,-49],[92,-32],[54,-27],[37,-2],[60,46],[96,113],[49,14],[86,55],[38,51],[45,23],[144,1],[121,-41],[68,-28],[93,-9],[44,-29],[93,-15],[84,-34],[122,-60],[63,10],[-1,22],[-40,140],[0,20],[43,141],[44,59],[161,174],[101,60],[47,57],[15,49],[115,225],[61,55],[18,34],[63,45],[-14,58],[1,48],[-61,14],[-38,27],[-19,63],[12,44],[64,99],[-9,25],[-39,-39],[-36,-20],[-85,-13],[-150,-72],[-30,12],[-70,72],[-37,26],[-43,12],[-77,4],[-21,11],[-21,78],[-43,34],[-70,38],[-60,68],[-32,23],[-83,40],[-41,86],[-23,21],[-37,92],[-47,86],[-27,22],[-108,37],[-57,-9],[-81,-37],[-36,15],[-67,74],[-10,44],[21,86],[-4,76],[-24,70],[5,26],[64,69],[43,63],[-18,76],[-2,53],[34,199],[15,8]],[[35363,60091],[69,24],[64,33],[142,46],[77,13],[147,-4],[85,-25],[113,-42],[136,-63],[57,-39],[29,-43],[35,-95],[6,-42],[-5,-112],[28,-93],[63,-101],[37,-72],[11,-88],[40,-44],[84,-5],[47,7],[169,38],[28,3],[91,-24],[42,12],[267,150],[25,20],[18,50],[-9,20],[-45,28],[-13,51],[-1,73],[9,61],[20,46],[55,38],[31,-1],[105,-49],[114,-35],[207,-35],[28,22],[4,34],[-30,36],[-75,39],[-13,49],[32,51],[67,56],[94,57],[237,86],[325,130],[54,20],[75,56],[98,54],[225,98],[56,16],[54,-1],[23,-24],[29,-85],[25,-10],[50,32],[52,64],[78,155],[70,49],[58,7],[150,-74],[128,-40],[37,-21],[64,-70],[23,-12],[154,-42],[194,-22],[92,0],[48,20],[103,92],[68,79],[51,33],[38,2],[28,-18],[48,-75],[45,-43],[65,-7],[81,99],[60,29],[45,5],[56,-14],[82,-38],[216,-77],[87,-55],[26,-38],[-9,-72],[-31,-45],[-86,-83],[-79,-97],[-37,-76],[19,-68],[41,-41],[37,-14],[54,0],[17,15],[17,65],[22,34],[85,54],[144,68],[37,9],[160,-9],[81,2],[84,13],[151,35],[117,15],[70,1],[81,-19],[38,-19],[155,-107],[56,-13],[57,2],[195,40],[61,35],[87,116],[71,158],[71,186],[47,80],[23,15],[92,18],[73,0],[139,-62],[113,-66],[149,-97],[77,-40],[110,-41],[54,-10],[113,20],[110,-15],[74,-32],[103,3],[60,-6],[95,8],[69,-25],[72,-53],[208,-103],[61,-21],[127,-25],[105,-6],[142,7],[136,33]],[[73858,147143],[30,-30],[135,-102],[12,-23],[74,-93],[-17,-78],[-1,-56],[97,-91],[115,-39],[88,0],[126,-49],[80,-70],[63,-24],[54,-5],[48,-26],[64,-87],[49,-99],[54,-48],[65,-40],[137,-23],[62,-31],[98,-69],[46,-3],[82,9],[108,-26],[54,-3],[140,19],[57,-6],[64,-31],[77,-16],[152,-45],[20,-13],[50,-85],[87,-91],[82,-96],[102,-132],[74,-25],[282,9],[95,-59],[116,-28],[79,-11],[101,-42],[63,-1],[122,88],[63,2],[97,-41],[59,-45],[40,-17],[113,-29],[44,-20],[98,-30],[130,-60],[123,-31],[60,-22],[66,-5],[121,24],[108,-23],[108,-5],[203,-1],[156,12],[72,12],[71,0],[75,-38],[106,-81],[94,-30],[51,8],[39,29],[56,63],[47,68],[66,50],[198,84],[66,57],[28,58],[87,88],[42,17],[176,91],[70,62],[69,43],[21,63],[29,52],[39,42],[78,69],[67,93],[33,91],[26,37],[131,91],[87,73],[49,91],[27,92],[88,69],[25,32],[105,91],[16,24],[3,51],[43,90],[57,62],[32,110],[40,46],[114,47],[67,53],[43,23],[38,-6],[101,-58],[42,0],[198,46],[72,-10],[33,-27],[0,-31],[28,-52],[38,-24],[48,-15],[53,-34],[50,-64],[56,-46],[58,-4],[38,10],[61,35],[112,25],[30,12],[57,50],[75,46],[130,9],[124,-11],[121,-41],[158,-29],[57,0],[54,11],[64,35],[72,24],[106,14],[84,-22],[101,-54],[72,-18],[109,13],[149,44],[83,49],[37,35],[50,16],[177,1],[75,-12],[86,-32],[50,-36],[218,-183],[52,-31],[148,-22],[53,9],[64,36],[45,0],[82,-15],[68,-3],[156,-37],[226,-85],[160,-36],[91,45],[64,8],[106,23],[209,39],[120,12],[108,20],[63,-16],[56,-41],[110,-5],[56,13],[64,2],[130,-85],[146,-21],[146,-30],[86,-43],[102,-14],[41,-21],[155,-10],[85,-33],[57,-52],[69,9],[56,-5],[126,-36],[26,-29],[19,-46],[32,-20],[262,-54],[45,181],[31,10],[74,-8],[55,-25],[76,10],[100,3],[83,-12],[56,16],[163,11],[54,27],[46,33],[72,27],[100,81],[119,37],[52,1],[93,-18],[82,9],[48,28],[175,62],[151,21],[72,17],[33,-3],[112,20],[65,1],[75,18],[77,39],[169,158],[34,37],[53,31],[88,39],[61,-12],[297,-162],[60,-14],[90,11],[68,-3],[46,-17],[113,-28],[96,23],[52,-53],[64,-46],[88,-27],[199,27],[159,38],[33,15],[87,72],[35,49],[46,140],[121,292],[53,164],[23,25],[25,69],[6,119],[33,237],[-28,107],[-35,75],[-5,51],[20,35],[-8,79],[63,118],[38,23],[54,60],[55,44],[20,77],[22,47],[32,41],[54,40],[139,64],[50,87],[33,35],[68,43],[135,72],[58,60],[36,105],[60,-9],[56,22],[28,48],[69,56],[98,55],[38,75],[49,47],[26,74],[28,50],[18,80],[9,131],[36,78],[-1,87],[-56,89],[-29,59],[0,107],[10,114],[10,43],[50,93],[16,108],[-12,115],[20,101],[33,47],[6,67],[15,55],[55,120],[-4,50],[-28,81],[0,61],[61,54],[49,19],[42,38],[103,29],[42,27],[31,52],[22,166],[62,138],[37,42],[13,56],[-26,147],[21,154],[43,75],[-2,93],[-19,118],[1,81],[-21,65],[-67,50],[4,66],[26,67],[3,42],[30,35],[90,77],[25,59],[26,24],[64,-1],[53,-22],[95,-8],[34,15],[56,94],[42,59],[49,-5],[62,-53],[51,-16],[64,2],[71,-55],[85,4],[77,-11],[94,10],[207,135],[32,13],[89,16],[109,39],[92,54],[96,90],[45,-49],[51,-42],[62,-29],[114,26],[96,61],[73,13],[56,26],[31,41],[-19,65],[9,12],[102,-39],[101,-77],[204,14],[54,13],[63,37],[40,57],[31,9],[33,55],[1,68],[31,0],[65,-40],[50,3],[25,-27],[18,-55],[7,-90],[64,3],[36,-12],[33,-36],[167,-63],[96,-14],[100,-31],[118,15],[58,32],[43,2],[77,-24],[106,-51],[41,-14],[128,-11],[152,-72],[48,-42],[32,-9],[100,29],[52,4],[164,-13],[40,-11],[38,-24],[30,-42],[7,-53],[-16,-120],[7,-85],[57,-104],[23,-24],[0,-38],[-55,-94],[-5,-35],[111,-95],[43,-63],[46,-97],[47,-79],[71,-69],[59,-29],[147,-143],[36,-48],[26,3],[49,37],[111,22],[60,43],[16,40],[128,161],[78,-65],[73,-45],[108,11],[44,-41],[26,-6],[107,15],[64,-7],[55,-52],[17,-61],[46,-19],[62,8],[71,-25],[30,2],[109,93],[51,32],[53,20],[23,55],[-5,74],[12,8],[108,-7],[72,11],[133,52],[36,62],[52,3],[43,36],[27,45],[1,28],[60,133],[54,-47],[75,-28],[44,-7],[92,28],[122,-11],[77,6],[43,39],[66,22],[110,113],[51,6],[98,44],[29,-6],[102,-225],[12,-97],[21,-50],[72,-58],[48,-11],[47,-25],[41,-59],[71,-41],[73,-25],[81,6],[34,-21],[52,-54],[30,-80],[7,-100],[42,-76],[98,-105],[86,-38],[175,35],[65,26],[94,7],[48,-7],[98,-35],[111,-4],[113,-38],[66,-35],[104,-34],[106,4],[54,-13],[106,-48],[51,-44],[45,-15],[17,8],[32,59],[35,41],[117,65],[64,68],[65,39],[59,55],[96,59],[41,50],[127,118],[37,2],[88,-57],[129,-55],[31,-18],[55,-52],[17,-49],[25,-128],[-5,-81],[16,-85],[-9,-80],[-31,-71],[-23,-105],[21,-101],[32,-109],[-6,-118],[33,-47],[11,-69],[-14,-51],[-6,-168],[-7,-28],[7,-84],[19,-74],[41,-67],[-3,-85],[-80,-91],[-52,-114],[-90,-40],[-21,-27],[-3,-50],[-45,-67],[-45,-42],[-45,-85],[-48,-64],[-23,-49],[-117,-104],[-21,-83],[52,-86],[22,-139],[-15,-41],[-79,-35],[-128,-172],[-121,-212],[-40,-49],[-71,-36],[-18,-42],[102,-153],[-15,-60],[-40,-78],[-20,-85],[-39,-98],[-17,-127],[-43,-161],[-26,-41],[-85,-49],[-40,-65],[-3,-57],[8,-88],[-9,-35],[-30,-43],[-38,-28],[-50,-95],[-111,-143],[-12,-62],[16,-63],[75,-97],[80,-94],[27,-151],[-2,-106],[10,-86],[35,-143],[5,-62],[-14,-47],[-42,-69],[2,-39],[23,-51],[32,-38],[142,-128],[50,-57],[20,-56],[22,-128],[-50,-191],[-35,-20],[-9,-22],[27,-48],[29,-83],[-5,-36],[38,-43],[11,-114],[26,-149],[-51,-50],[-35,-58],[-37,-198],[-65,-75],[-36,-59],[-34,-106],[-20,-21],[-121,-106],[-53,-74],[-34,-67],[-35,-50],[3,-24],[58,-136],[31,-117],[71,-138],[62,-154],[-16,-43],[-11,-105],[30,-104],[12,-80],[-33,-104],[24,-65],[34,-151],[91,33],[67,53],[53,16],[108,-8],[86,-18],[102,13],[43,-11],[44,7],[99,29],[55,6],[137,50],[121,10],[34,40],[71,63],[67,40],[151,121],[62,18],[163,-20],[86,8],[30,44],[30,8],[78,-15],[120,-12],[55,-14],[77,29],[57,0],[347,-19],[100,40],[82,51],[118,85],[62,94],[57,18],[69,48],[39,46],[41,17],[62,6],[178,101],[42,31],[108,114],[47,33],[40,-6],[30,-67],[41,-47],[-35,7],[-37,-33],[-24,4],[23,63],[-107,-55],[12,-14],[-32,-19],[-15,-34],[-45,-6],[-37,-24],[10,-27],[-30,-21],[-65,-3],[8,-23],[-24,-45],[13,-26],[-90,-34],[-56,-47],[-13,-50],[-36,-27],[-23,-38],[-55,-57],[-121,-173],[-37,-73],[0,-30],[-27,-20],[-23,-51],[-22,-78],[-1,-62],[12,-11],[6,-56],[23,-100],[28,-16],[58,-11],[-4,-35],[-21,-30],[-30,-2],[-23,31],[-27,4],[-36,-68],[-69,27],[-44,-22],[-51,3],[-111,21],[4,27],[37,3],[-27,77],[-41,54],[-35,14],[-122,23],[-36,-10],[-27,-39],[-11,-46],[-108,7],[-27,-21],[-88,3],[-24,44],[-92,-8],[-27,-13],[-35,-87],[-44,-28],[-66,18],[24,-35],[-22,-13],[-76,-13],[-24,105],[-51,22],[-111,5],[-29,-27],[-28,-102],[-54,-10],[-95,0],[-86,-142],[-33,-44],[-22,-59],[19,-10],[-5,-50],[-22,-33],[-13,-66],[46,-2],[3,-23],[-31,-25],[13,-71],[75,-111],[9,10],[91,6],[44,16],[59,-7],[-28,-39],[-92,-11],[-9,-12],[57,0],[-2,-22],[-40,-10],[43,-10],[22,-39],[-80,-5],[-2,-56],[43,-44],[42,16],[14,-13],[-34,-41],[31,-59],[40,-18],[34,-45],[64,11],[17,22],[35,6],[28,-22],[22,-39],[117,20],[37,-48],[6,-42],[-46,-107],[1,-43],[-25,-65],[-2,-93],[18,-33],[-10,-85],[-47,-72],[22,-24],[44,-12],[49,3],[23,21],[34,-1],[-23,-47],[33,-5],[-7,-31],[-59,-55],[-86,-29],[-35,15],[10,69],[-13,30],[-40,43],[-124,31],[-46,34],[-8,31],[-32,5],[-53,-17],[-55,25],[-63,0],[-9,27],[-87,6],[-42,50],[-33,13],[-2,23],[-32,2],[-29,64],[-24,29],[-31,4],[-20,22],[-41,-9],[-18,12],[-39,-29],[-151,-46],[-48,-60],[-7,5],[56,68],[148,45],[50,29],[7,32],[-20,12],[29,70],[-86,39],[-10,-37],[-122,19],[-12,14],[-26,-161],[-19,21],[16,100],[-120,31],[-79,-16],[-29,-41],[40,-42],[5,-49],[-28,0],[-33,-24],[-21,-40],[-4,-44],[28,-13],[24,-46],[-27,-17],[-5,-39],[77,-47],[10,-19],[173,10],[78,62],[5,-6],[-81,-63],[-175,-11],[13,-27],[-10,-37],[-40,-23],[-44,-85],[-1,-47],[-30,-37],[-42,-19],[-30,-51],[-36,-32],[-65,-13],[-6,-24],[-28,17],[-21,-9],[-18,-63],[23,-39],[3,-63],[33,-44],[-56,9],[-63,-34],[-20,-45],[17,-10],[-8,-59],[-41,-35],[-6,-37],[28,-93],[27,-10],[-14,-17],[-19,-93],[7,-19],[59,-20],[-49,-36],[44,9],[-20,-34],[31,-25],[31,-2],[8,-39],[60,-14],[-8,-18],[-36,5],[-6,-34],[19,-61],[38,-57],[51,-137],[20,-23],[69,-31],[62,-15],[75,9],[10,11],[75,3],[114,-29],[62,-45],[28,-2],[62,18],[33,-21],[-2,-48],[-49,-26],[-60,-1],[-21,-84],[-18,-33],[31,-41],[-20,-34],[5,-24],[69,45],[54,-30],[10,-100],[-11,-23],[70,-21],[59,-64],[7,-35],[-87,-41],[-48,-38],[-32,-4],[-11,33],[-53,-5],[-54,23],[-37,-25],[9,-44],[-15,-43],[-35,-35],[-27,-62],[-49,-58],[28,-43],[-8,-35],[-46,-19],[-23,-44],[-69,-25],[-7,30],[41,45],[-32,51],[-26,17],[-16,40],[16,36],[7,69],[-77,41],[-17,-51],[-31,-34],[-30,-9],[-7,-40],[-46,-39],[-60,55],[-38,-28],[41,-46],[-27,-46],[-50,-58],[2,-22],[69,20],[75,-30],[-66,-24],[-28,13],[-62,-19],[-26,-48],[-28,0],[-15,26],[31,40],[11,39],[-27,13],[3,-36],[-41,-74],[13,-28],[57,2],[-10,-22],[48,-90],[-17,-32],[-64,-7],[-55,15],[-117,-43],[-63,2],[-26,53],[-50,73],[-68,43],[-23,-22],[-35,-2],[-4,45],[-73,-18],[-5,-20],[-111,-53],[3,32],[36,24],[6,53],[21,3],[11,45],[-11,33],[-31,13],[-28,-7],[-16,-33],[-22,-6],[-9,-35],[-35,-20],[-11,46],[3,44],[-86,-13],[-49,21],[-5,15],[-79,35],[-118,117],[4,6],[115,-116],[37,68],[136,-40],[11,-27],[98,35],[14,-8],[14,36],[-16,5],[36,95],[-31,68],[-88,-37],[-13,26],[90,38],[-60,130],[-153,-64],[-2,5],[150,63],[-109,77],[-68,4],[-156,-63],[0,-42],[46,-98],[90,38],[-86,-43],[37,-95],[-92,199],[0,182],[-8,28],[-45,-3],[-41,54],[-42,-13],[-16,26],[-124,-47],[-236,-25],[-240,79],[2,5],[241,-77],[232,24],[52,20],[-126,218],[-129,-68],[-29,51],[127,70],[-93,160],[-186,-97],[-6,-164],[-6,-2],[11,233],[-174,-28],[56,18],[120,22],[0,40],[117,62],[37,-39],[67,24],[48,30],[-61,-8],[-158,159],[-75,15],[-58,-43],[8,-10],[-105,-130],[50,-68],[-83,93],[-65,-37],[-3,-57],[10,-36],[-44,-21],[-68,-67],[-150,-30],[-147,-138],[-5,5],[148,140],[153,31],[32,30],[-9,46],[-73,-15],[-4,15],[73,17],[-35,134],[-20,19],[-18,-67],[-117,-19],[-134,-54],[-21,-30],[82,-52],[-4,-5],[-82,51],[-5,-6],[-206,-84],[11,-47],[43,8],[4,-19],[-43,-8],[20,-87],[101,34],[15,-3],[-109,-38],[120,-202],[122,-1],[0,-28],[34,0],[0,28],[25,-1],[-2,-216],[-242,2],[-20,-37],[-29,-16],[-97,32],[-14,50],[-86,-46],[-36,-51],[-5,-45],[19,-65],[84,-33],[33,0],[24,-19],[89,17],[56,-59],[-15,-22],[-75,-5],[-24,-18],[-2,-49],[-22,-32],[-43,-10],[5,-42],[23,-39],[35,-17],[36,0],[36,-25],[-15,-13],[-44,7],[15,-43],[81,-38],[32,-47],[-4,-18],[-40,-24],[-51,25],[-35,-27],[6,-64],[57,-25],[-27,-15],[-43,7],[-61,45],[-32,-28],[-43,-5],[7,-29],[88,-63],[-1,-32],[-56,32],[-14,-22],[24,-62],[-37,-59],[53,8],[8,-27],[-56,-10],[-7,-19],[-68,-2],[-4,23],[28,23],[-49,17],[-34,-47],[16,-26],[-73,0],[-11,-32],[-16,9],[-25,-31],[24,-22],[-2,-24],[-29,-10],[-28,34],[-23,-139],[-196,-39],[-75,-61],[6,19],[71,56],[157,33],[-4,17],[-34,-7],[-25,109],[-114,-24],[-2,7],[-82,-58],[8,20],[72,49],[114,24],[-8,41],[10,54],[-58,17],[-89,-32],[24,-65],[-19,-6],[-24,65],[-121,-20],[-18,-84],[-47,3],[-24,-38],[-29,-19],[-41,-5],[-28,-25],[-4,-58],[-34,-19],[2,-35],[-66,-31],[-33,43],[38,45],[-72,17],[-90,-23],[-129,-71],[-101,-84],[-39,-42],[-53,-78],[-42,-105],[-5,-68],[32,-5],[17,-46],[-53,-29],[-58,26],[-34,-6],[-61,7],[-58,53],[-11,-119],[-43,-30],[-5,-20],[-49,-43],[-79,-28],[-110,9],[-37,21],[-39,-8],[-42,-47],[2,-48],[49,-32],[8,-24],[-28,-37],[-57,-16],[-9,-57],[39,-42],[51,-25],[-22,-39],[-31,4],[-20,-22],[-6,-39],[18,-27],[-32,-23],[-82,6],[-16,-36],[19,-92],[14,-32],[23,9],[61,-16],[16,-24],[30,18],[40,-61],[-12,-20],[-36,-7],[36,-32],[27,18],[23,-11],[-9,-43],[-25,-8],[-67,27],[13,-25],[-34,-4],[-3,-60],[-34,9],[-47,-14],[-19,-60],[-24,-43],[0,-33],[25,-33],[33,-4],[21,-46],[-56,-22],[1,-58],[43,-14],[8,-73],[-18,-47],[8,-32],[33,-23],[9,-24],[-38,-15],[46,-4],[14,-26],[-18,-39],[-27,-18],[-54,8],[-16,-72],[-40,-25],[-28,11],[-50,-13],[-20,-48],[34,-19],[4,-25],[-39,-24],[-44,-7],[-46,47],[7,46],[-27,23],[-26,-5],[-21,62],[-47,3],[-8,15],[-75,0],[-19,22],[-44,-7],[-26,48],[42,33],[-9,75],[-17,17],[16,18],[-8,33],[18,25],[-5,35],[-22,18],[1,34],[-19,46],[31,45],[-16,106],[8,60],[-6,55],[-114,61],[-61,84],[6,4],[57,-81],[102,-54],[2,29],[143,256],[-25,6],[-28,71],[-45,48],[-86,54],[-107,34],[-97,13],[-74,-1],[-71,-12],[-97,-55],[3,-27],[-37,-6],[-23,21],[-79,42],[-34,0],[-91,-62],[-14,-45],[11,-48],[-10,-37],[35,-26],[30,-68],[-21,-55],[-78,12],[-32,-17],[-60,29],[-43,-65],[4,-28],[34,-40],[4,-41],[33,-40],[-18,-20],[-50,-1],[-16,-24],[18,-36],[-35,-57],[-64,-17],[-39,-57],[-40,-11],[-56,-32],[3,-26],[-42,-8],[-28,-49],[1,-88],[33,-50],[-65,-10],[-19,-53],[11,-112],[-12,-30],[12,-24],[-20,-41],[17,-68],[-7,-36],[-42,-49],[11,-36],[39,-21],[-12,-17],[11,-51],[51,-10],[5,-24],[46,3],[-9,-31],[-32,-9],[20,-15],[-1,-40],[-25,-13],[-12,-51],[-35,-34],[-61,22],[-82,-48],[12,-47],[-19,-31],[-68,-40],[-33,14],[-18,52],[-29,-6],[29,110],[12,12],[-85,27],[91,-21],[41,67],[-61,54],[-33,46],[-75,45],[-71,-1],[-1,-19],[-56,-7],[-81,-26],[-65,-56],[-116,-30],[-36,1],[-28,-20],[-16,-32],[-2,-57],[-17,-34],[8,-67],[46,-32],[13,-58],[-17,-23],[-8,-56],[24,-92],[50,-13],[23,-19],[87,4],[54,-15],[42,-40],[42,-8],[18,-47],[44,-5],[19,-22],[57,14],[59,-4],[1,-11],[81,36],[13,18],[60,-5],[-18,-41],[31,2],[-10,-30],[46,5],[12,-28],[39,-1],[-20,-42],[-33,-25],[14,35],[-55,-54],[-113,-7],[12,25],[-57,-2],[-36,14],[1,-32],[-43,-29],[16,28],[-39,-26],[-41,85],[-36,16],[-44,-10],[-41,29],[-60,9],[-26,-14],[8,-53],[39,-19],[-5,-29],[19,-25],[11,-60],[-31,-20],[32,-23],[36,3],[3,-31],[26,4],[-10,-33],[29,-5],[39,-28],[-18,-41],[-27,-8],[-15,-50],[20,-48],[-8,-24],[28,-24],[30,44],[10,-17],[-38,-66],[69,59],[14,-5],[-62,-137],[39,-22],[-18,-39],[-43,-8],[-9,31],[-30,4],[-6,22],[-87,-16],[-83,-50],[-37,-53],[-16,-48],[-6,-74],[6,-48],[32,-69],[87,23],[1,-7],[-84,-21],[15,-38],[-56,-44],[-82,58],[-109,53],[-84,26],[-65,-9],[-46,74],[7,67],[-59,-46],[-70,42],[-62,-4],[-43,34],[5,48],[-14,39],[-30,0],[-38,-64],[-42,26],[2,-36],[-18,-21],[-68,14],[-24,32],[-21,52],[-34,22],[-53,-27],[-29,-1],[-50,28],[-31,38],[-53,-11],[-30,11],[-39,-60],[127,-143],[47,-123],[35,-18],[43,43],[95,-14],[52,3],[24,-11],[52,6],[59,-55],[-17,-64],[31,-44],[2,-35],[47,-62],[-39,-49],[-8,-45],[21,-52],[28,-134],[38,-43],[-6,-80],[12,-43],[-9,-42],[-31,-18],[35,-30],[4,-22],[77,5],[32,35],[3,94],[21,3],[32,-45],[57,-19],[-5,57],[-25,65],[57,1],[-33,42],[-6,40],[-40,26],[4,37],[-28,156],[-30,26],[-4,28],[32,87],[33,1],[58,-67],[61,-14],[87,5],[7,-20],[-33,-33],[30,-28],[-4,-42],[-32,-13],[20,-39],[-14,-66],[24,-38],[29,31],[13,45],[64,63],[11,34],[-37,30],[19,42],[0,39],[19,39],[69,40],[54,55],[29,-19],[32,53],[-32,-76],[-9,-67],[-46,44],[1,-47],[37,-25],[53,2],[15,19],[-23,31],[32,35],[84,-30],[61,2],[57,64],[68,13],[50,25],[66,13],[31,18],[11,79],[27,9],[72,-7],[13,14],[33,-12],[49,-59],[22,1],[13,-35],[28,-27],[22,-60],[21,-16],[20,-52],[12,-100],[-17,-67],[-47,-74],[-17,-38],[-11,-75],[17,-20],[29,-68],[18,-14],[-35,-38],[-15,-47],[31,-14],[1,-46],[23,-6],[-22,-35],[1,-34],[-77,-59],[-5,-28],[-33,-3],[-56,57],[-21,11],[-65,-3],[-76,-50],[-28,-57],[-45,-24],[-2,-45],[-29,-67],[4,-70],[23,-28],[29,-4],[12,-55],[-16,-30],[-44,-34],[-25,-60],[-26,-15],[-53,8],[-69,-22],[-55,13],[-68,-16],[-46,-32],[-29,-46],[0,-49],[-21,-11],[-52,-94],[-13,-93],[10,-5],[17,-97],[15,-28],[31,-5],[-23,-50],[54,30],[-31,-45],[-57,-43],[-30,24],[-52,14],[-30,-12],[-60,-91],[9,-40],[-78,-52],[-8,-46],[4,-95],[25,-55],[49,-45],[33,-5],[31,14],[34,-17],[-15,-43],[-28,-34],[-39,-18],[15,-64],[35,-23],[-12,-93],[14,-28],[79,-17],[96,13],[-5,-23],[-33,-17],[-3,-37],[-25,-1],[-43,-64],[-66,-55],[-3,-33],[20,-44],[43,1],[6,-21],[-48,-34],[-40,11],[-51,32],[-18,-3],[-30,-53],[-36,-20],[-54,-5],[29,-42],[-9,-33],[-41,11],[6,-31],[-9,-88],[-35,-74],[-177,-72],[-46,20],[-5,69],[-62,42],[-113,44],[-32,4],[-57,-20],[1,-71],[-40,32],[5,52],[-54,1],[-21,-56],[11,-4],[-21,-52],[3,-32],[60,-20],[59,15],[52,25],[4,-11],[-54,-20],[-54,-10],[43,-13],[-65,-52],[-27,-36],[15,-41],[31,-22],[84,-15],[44,-37],[-37,-34],[23,-86],[36,0],[13,-38],[-24,-1],[-16,-41],[2,-40],[25,-34],[-12,-33],[37,-43],[29,-8],[26,23],[12,-28],[-32,-28],[-32,-69],[-20,-7],[-4,-36],[-32,-30],[-55,-28],[-4,-28],[-29,-37],[-55,-22],[-80,-15],[-113,-38],[-41,-4],[-75,48],[-52,-3],[-11,29],[-57,24],[-45,5],[0,-17],[-68,-31],[-25,-42],[28,-64],[92,19],[2,-11],[-106,-19],[-33,-23],[3,-54],[-61,-44],[-12,8],[-45,-30],[-23,-47],[-16,12],[-94,-104],[-30,-16],[-51,-87],[-19,-52],[3,-29],[35,-50],[10,10],[-29,-148],[4,-28],[-69,-36],[-18,-43],[3,-50],[-24,-52],[8,-19],[-35,-2],[4,21],[-41,25],[-100,-9],[-54,-37],[-31,-56],[-41,-24],[-102,-9],[-58,18],[-35,-18],[-165,9],[-43,-38],[-41,-7],[-12,15],[-33,-20],[5,26],[-42,54],[-24,-14],[-119,38],[-72,-6],[-72,-45],[-177,-28],[-61,0],[-84,-53],[-55,-7],[-170,-5],[-29,-13],[-92,-5],[-100,-38],[-47,9],[-39,-13],[-65,-3],[-72,9],[-22,-8],[-62,26],[-25,0],[11,29],[-47,5],[-13,22],[16,21],[-13,47],[-79,32],[-85,9],[-271,-101],[-103,-63],[-64,-77],[-100,-94],[-66,-44],[-64,-88],[-168,-155],[-53,-100],[-32,-40],[-59,-53],[-60,-119],[-66,-57],[-92,-105],[-49,-164],[-55,-67],[-32,-24],[-58,-88],[-70,-95],[-19,-10],[-182,-271],[-77,-106],[-99,-164],[-100,-173],[-15,-20],[-53,-117],[-60,-102],[-19,-47],[-70,-119],[-16,-47],[-47,-90],[-58,-136],[-34,-55],[-4,-26],[-40,-57],[-3,-22],[-44,-67],[-50,-99],[-58,-151],[-16,-22],[-22,-75],[-35,-80],[-14,-49],[-67,-178],[-34,-132],[-110,-296],[-68,-227],[-29,-116],[-24,-68],[-47,-159],[-48,-189],[16,-71],[-27,-92],[-1,-31],[-28,-73],[-25,-37],[-11,-355],[5,-129],[-5,-68],[-12,-30],[11,-83],[-6,-51],[10,-18],[23,-102],[52,-127],[82,-120],[41,-49],[26,-51],[138,43],[-74,-31],[50,-125],[31,10],[61,-179],[-14,-5],[60,-178],[14,4],[36,-107],[-214,-192],[23,-96],[39,-79],[263,74],[38,-107],[-191,-103],[31,-23],[-20,-27],[34,6],[6,-19],[-43,-2],[8,-24],[-32,-18],[-34,-1],[-60,-57],[-47,-14],[-64,51],[-103,-63],[-53,-66],[22,9],[-5,-110],[14,-137],[33,-29],[-4,-27],[-106,-41],[72,-199],[40,-97],[-6,-2],[38,-106],[87,-51],[218,23],[-14,-16],[-135,-14],[26,-108],[48,23],[25,-15],[145,80],[60,1],[107,-65],[-14,-23],[144,-12],[18,11],[-60,122],[-27,12],[41,8],[-35,89],[-36,1],[-29,26],[-25,69],[121,30],[-22,52],[-14,84],[-24,5],[-20,-59],[-101,-11],[-27,11],[-38,39],[-54,-10],[-68,108],[0,58],[68,2],[29,19],[2,55],[23,-2],[59,-38],[29,-28],[74,16],[-11,30],[43,47],[68,19],[18,-20],[35,82],[14,-27],[70,-65],[2,-43],[59,-25],[-59,-25],[-16,-49],[33,-53],[38,4],[-12,-78],[22,-36],[38,-8],[8,-34],[-32,-7],[-6,-52],[23,-26],[54,13],[-3,10],[58,2],[-7,-16],[30,-15],[24,9],[3,51],[39,30],[32,6],[6,-37],[36,-40],[-5,-44],[-53,-81],[-69,-41],[1,-40],[-26,-16],[-32,-135],[62,-57],[9,83],[20,24],[49,10],[69,65],[7,36],[68,78],[3,67],[-9,50],[22,35],[24,7],[6,-24],[-24,-61],[11,-23],[56,-47],[10,-24],[-29,-31],[-29,-65],[28,-44],[2,-25],[-45,-57],[-4,-45],[-19,-13],[4,-44],[148,1],[27,-26],[38,-7],[39,62],[-44,56],[-26,89],[8,96],[0,106],[-20,159],[-44,46],[-55,75],[-2,15],[64,3],[2,40],[-68,27],[-14,36],[23,37],[46,9],[11,38],[-45,13],[-76,-2],[-87,34],[65,43],[28,55],[53,-11],[25,18],[63,16],[-17,20],[-2,51],[26,30],[-32,43],[32,59],[14,-20],[47,42],[17,-11],[102,8],[61,55],[47,5],[77,-42],[-37,-26],[8,-24],[38,-8],[18,32],[59,19],[0,-43],[-40,-34],[-16,3],[-13,-37],[29,-5],[-4,-21],[36,-1],[-13,-45],[-50,-41],[12,-21],[64,18],[-1,-11],[94,13],[3,-18],[57,-26],[35,22],[7,28],[-26,42],[-33,12],[75,51],[30,-4],[26,22],[15,-28],[35,-5],[-3,-30],[27,-30],[-13,-30],[32,-5],[42,42],[36,-12],[12,23],[36,-15],[26,-33],[35,45],[-12,56],[16,70],[20,-4],[-14,35],[44,1],[49,82],[22,-38],[22,48],[49,41],[17,56],[32,8],[-9,-37],[33,39],[37,-32],[-36,-50],[47,25],[1,-47],[-55,-38],[-64,-3],[-15,18],[-18,-37],[24,-2],[-3,-75],[-25,19],[4,-36],[-64,3],[-24,-38],[29,6],[-1,-52],[35,-15],[-5,-19],[-57,-36],[-27,15],[-23,-39],[44,11],[17,-51],[44,15],[-16,-68],[-51,3],[18,41],[-34,-29],[-19,30],[-9,-29],[30,-71],[-14,-36],[-20,15],[-1,-53],[-26,-1],[73,-67],[-5,-54],[-34,4],[-6,-22],[28,-7],[1,-39],[16,7],[-4,-54],[16,-66],[-29,-48],[25,-17],[-37,-15],[-8,-21],[-48,-8],[49,-65],[-15,-31],[11,-46],[27,4],[-12,-37],[25,-24],[13,-41],[-41,-32],[-37,-11],[-54,-70],[7,-51],[33,-29],[33,-8],[-46,-61],[-37,7],[-15,-23],[-21,-92],[6,-47],[-35,-24],[23,-7],[-16,-53],[12,-21],[47,-13],[47,68],[19,-39],[22,-10],[47,16],[-15,-39],[-47,-6],[22,-62],[44,-39],[132,-3],[39,15],[1,17],[56,31],[0,21],[53,7],[-7,16],[35,13],[1,-31],[25,-6],[7,-32],[69,-40],[55,-12],[144,30],[18,-24],[65,16],[47,23],[83,0],[27,-27],[32,-2],[2,-42],[71,23],[166,-64],[31,-21],[11,-33],[10,32],[23,-2],[60,-54],[21,-49],[25,-27],[-25,-32],[6,-44],[23,-20],[-20,-22],[31,-15],[-41,-41],[28,-25],[69,16],[32,-11],[23,13],[38,-3],[7,-36],[-15,-23]],[[94006,118252],[-135,18],[-124,-3],[-104,14],[-126,30],[-29,22],[-19,69],[-17,10],[-57,-10],[-39,-37],[-44,-59],[-63,-30],[-125,-38],[-34,-25],[-42,-67],[-61,-32],[-135,-8],[-34,22],[-50,91],[-28,31],[-100,49],[-35,65],[-79,4],[-25,10],[-53,66],[-32,1],[-42,-55],[-31,-14],[-131,8],[-84,18],[-61,-47],[-89,-27],[-42,-63],[-27,-17],[-61,-6],[-78,-51],[-16,-53],[22,-30],[-2,-23],[-35,-23],[-127,-34],[-51,1],[-60,20],[-64,60],[-57,39],[-51,12],[-79,-20],[-91,42],[-57,13],[-74,-15],[-44,-27],[-62,-5],[-86,-51],[-73,-35],[-89,-16],[-70,-43],[-39,-98],[-74,-81],[-48,-2],[-90,-35],[-41,-50],[-78,-31],[-77,-60],[-79,-50],[-58,-22],[-65,-35],[-41,7],[-66,86],[-80,20],[-59,102],[-47,44],[-39,23],[-56,49],[-10,25],[3,56],[40,93],[0,26],[-38,61],[-127,103],[-74,4],[-76,33],[-20,58],[-28,1],[-55,-51],[-26,0],[-27,29],[-43,-8],[-34,28],[-9,40],[-53,3],[-54,21],[-91,1],[-32,-7],[-14,-44],[-23,-21],[-124,5],[-94,-34],[-26,27],[-1,62],[24,51],[-1,56],[-81,31],[-37,22],[-73,75],[-69,101],[-41,50],[-20,90],[0,41],[39,51],[21,127],[1,39],[-33,78],[-40,43],[-16,36],[-37,48],[-42,73],[-151,97],[-65,74],[-40,24],[-124,17],[-37,49],[-62,35],[-97,-6],[-14,7],[-50,96],[-23,20],[-205,32],[-95,-29],[-114,-12],[-47,-12],[-50,16],[-22,61],[-74,107],[50,53],[5,54],[15,35],[-15,49],[-29,21],[-135,69],[-59,1],[-118,25],[-31,-2],[-84,-22],[-66,11],[-45,-14],[-69,33],[-15,20],[5,99],[-25,48],[-53,31],[-27,78],[-5,36],[-52,33],[-77,10],[-33,-28],[-36,-8],[-37,-33],[-83,-6],[-99,50],[-72,45],[-101,36],[-93,13],[-46,-10],[-57,-51],[-64,77],[-52,12],[-97,75],[-50,58],[-104,54],[-77,-94],[-61,-60],[-33,-70],[-52,-65],[-77,-34],[-93,5],[-37,-29],[-101,-14],[-55,-18],[-55,-3],[-170,-62],[-103,-26],[-47,-18],[-67,2],[-30,-13],[-29,-44],[-101,-48],[-83,-22],[-22,2],[-77,42],[-27,30],[-19,53],[-6,87],[-23,35],[-50,49],[-87,68],[-22,42],[-4,98],[17,44],[48,76],[8,49],[-13,40],[-6,74],[-23,122],[68,41],[0,72],[-13,43],[-52,49],[-24,70],[-41,40],[-10,69],[-64,106],[-59,26],[-35,55],[-19,62],[-58,1],[-58,27],[-38,-32],[-47,37],[-91,53],[-111,113],[-90,34],[-34,-30],[-35,-48],[2,-63],[-12,-32],[-38,-24],[-97,-31],[-99,-105],[-42,-20],[-79,-60],[-99,-24],[-38,-19],[-154,-169],[-84,-49],[-15,-62],[-67,4],[-131,-64],[-60,-16],[-90,-3],[-28,38],[-65,58],[-26,4],[-46,47],[-17,59],[7,51],[-13,20],[-52,9],[-27,34],[-27,60],[-6,41],[29,98],[5,61],[-11,30],[-100,97],[-71,41],[-41,50],[-61,37],[-40,58],[-22,82],[-18,31],[-34,11],[-69,-6],[-48,22],[-90,9],[-21,59],[-60,61],[-29,100],[6,94],[13,40],[-6,49],[43,116],[54,56],[23,82],[61,71],[63,54],[-3,40],[-34,102],[-19,41],[-66,94],[-55,49],[-27,3],[-58,-28],[-62,-10],[-75,5],[-65,-13],[-41,-21],[-67,37],[-61,1],[-49,45],[-54,35],[-61,24],[-67,60],[-63,5],[-26,-45],[-43,-37],[-53,-31],[10,-85],[-7,-33],[-72,-90],[-36,-24],[-55,-16],[-73,27],[-81,-19],[-86,32],[-144,47],[-66,36],[-76,-58],[4,-65],[-54,-48],[-32,-91],[-16,-110],[18,-105],[22,-65],[-37,-13],[-18,-28],[-50,-23],[-61,-58],[-58,-15],[-40,-26],[-217,-41],[-55,-73],[-31,-16],[-48,10],[-65,-37],[-97,-16],[-44,8],[-77,0],[-41,-68],[-31,61],[-106,24],[-66,30],[-39,37],[-49,-13],[-50,-47],[-65,-39],[-56,-109],[-53,-37],[-22,26],[-64,46],[-120,64],[-81,53],[-66,68],[-134,29],[-63,-27],[-59,31],[-94,-23],[-33,-40],[-26,-11],[-51,17],[-45,74],[-41,34],[-76,5],[-59,48],[-147,41],[-37,83],[-103,58],[-85,98],[-43,27],[-43,7],[-61,40],[-55,16],[-39,65],[-18,15],[-45,1],[-99,-25],[0,-79],[-10,-36],[-30,-45],[-26,-145],[-8,-8],[-75,6],[-51,-3]],[[75531,122804],[-46,40],[-69,25],[-52,30],[-57,7],[-30,15],[-9,94],[-45,25],[-101,-12],[-39,-28],[-67,1],[-59,81],[-4,36],[-71,98],[-73,77],[-53,26],[-64,7],[-35,46],[-70,22],[-14,-12],[-33,24],[-47,9],[-64,83],[-10,57],[-73,78],[-52,21],[3,77],[-12,46],[-10,115],[-56,33],[-63,-8],[-66,12],[-65,-25],[-55,-10],[-23,29],[-40,87],[-29,34],[-62,42],[-26,45],[-7,51],[-54,42],[-72,151],[-6,52],[-54,24],[-43,61],[-47,33],[-30,-43],[-67,44],[-55,27],[-74,18],[-34,-1],[-51,18],[-48,35],[-61,61],[-86,62],[-63,4],[-38,-9],[-101,-41],[-93,-6],[-83,15],[-51,27],[-43,93],[-50,29],[-43,66],[-102,45],[-47,-11],[-33,15],[-21,27],[-54,30],[-78,68],[-83,56],[-36,37],[-40,11],[-17,40],[-33,25],[-85,6],[-24,15],[-31,46],[-64,18],[-24,-48],[-46,-11],[-55,11],[-66,43],[-46,46],[-24,6],[-20,55],[-30,17],[-96,14],[-79,31],[-111,26],[-108,-22],[-46,1],[-97,41],[-124,-25],[-134,-3],[-66,-31],[-48,-42],[-9,-27],[3,-58],[-110,-40],[-76,-72],[-26,-13],[-145,-12],[-85,-35],[-52,-114],[-7,-47],[-54,-45],[-40,-55],[-50,-46],[-35,-61],[8,-80],[-50,-10],[-32,-29],[-56,0],[-19,-36],[-36,-10],[-87,-76],[-108,-33],[-31,-2],[-152,21],[-48,-20],[-76,-17],[-124,21],[-35,-7],[-26,26],[-70,-9],[-105,29],[-64,0],[-102,35],[-33,0],[-86,-18],[-70,24],[-88,0],[-53,19],[-139,8],[-62,53],[-56,2],[-68,-10],[-76,-20],[-53,-3],[-67,-171],[-62,-14],[-40,-21],[-41,-38],[-34,-53],[-60,-35],[-35,5],[-155,113],[-37,18],[-69,-9],[-62,8],[-36,-6],[-49,14],[-41,-4],[-39,33],[-20,-37],[-59,-53],[-81,-10],[-82,-48],[-25,35],[-13,51],[-8,84],[-26,71],[-57,58],[-41,123]],[[66546,124828],[59,71],[76,47],[-2,97],[9,95],[91,113],[72,100],[48,43],[65,26],[63,7],[50,21],[91,-25],[102,94],[38,90],[111,43],[79,38],[30,36],[69,46],[44,145],[-17,75],[-39,52],[-14,68],[76,49],[-4,81],[1,102],[-6,75],[-13,69],[5,53],[23,38],[88,28],[138,9],[62,82],[66,57],[47,14],[78,-37],[34,-55],[56,-42],[37,-39],[17,3],[-14,108],[-2,78],[-18,48],[-44,38],[-10,26],[20,44],[-49,67],[-56,13],[7,66],[25,35],[3,60],[22,22],[34,78],[-2,65],[34,131],[-3,50],[53,63],[20,67],[31,45],[-8,50],[-47,80],[-2,152],[25,57],[-8,70],[-44,95],[-75,107],[-39,41],[29,66],[9,42],[41,36],[31,71],[88,72],[48,26],[120,106],[2,88],[23,77],[-19,72],[-72,107],[-10,54],[-45,57],[-6,29],[-15,248],[11,166],[7,24],[90,102],[16,161],[-12,114],[-35,48],[12,37],[44,50],[47,16],[40,41],[22,59],[94,98],[15,50],[-11,49],[-109,170],[-34,63],[-39,92],[-29,118],[-2,39],[18,124],[34,78],[9,126],[-6,51],[-38,118],[-28,64],[-59,102],[-39,111],[-96,88],[-85,46],[-82,63],[-120,65],[-132,47],[-74,67],[-61,44],[-46,20],[-246,87],[-144,66],[-101,66],[-71,72],[22,72],[39,59],[5,64],[-36,66],[5,56],[23,51],[43,52],[87,51],[73,31],[195,142],[56,61],[14,40],[-4,68],[-24,39],[-41,29],[-64,24],[-124,34],[-71,46],[-14,58],[18,61],[15,155],[-37,171],[7,55],[72,119],[51,72],[58,57],[45,60],[19,62],[-11,152],[7,27],[62,59],[19,106],[-5,22],[-74,58],[-46,78],[-104,135],[-62,57],[-62,101],[-70,56],[-138,75],[-21,29],[-7,51],[23,76],[29,42],[67,58],[87,34],[46,26],[32,3],[117,-22],[59,9],[34,16],[30,32],[19,52],[-12,53],[-41,88],[-39,45],[-4,99],[11,48],[21,29],[47,13],[41,-10],[78,-37],[65,4],[43,11],[24,32],[36,163],[28,77],[35,33],[73,39],[50,4],[89,26],[51,-4],[44,13],[69,47],[23,25],[-3,129],[-37,223],[-59,176],[-5,97],[18,50],[8,78],[35,78],[38,35],[39,51],[18,56],[67,48],[9,74],[27,42],[39,34],[115,49],[55,49],[8,70],[52,144],[-6,40],[-48,61],[-10,45],[11,37],[54,66],[39,65],[14,84],[0,73],[25,140],[-42,84],[-4,22],[59,34],[60,-9],[44,-25],[53,-9],[40,17],[48,38],[16,33],[8,69],[36,66],[28,25],[107,43],[94,29],[60,12],[199,67],[42,34],[19,89],[41,62],[68,61],[86,34],[28,64],[18,98],[13,32],[38,47],[28,9],[67,2],[119,49],[40,27],[184,59],[13,30],[-9,64],[17,43],[31,21],[238,39],[70,-5],[81,-44],[72,91],[63,25],[53,35],[43,83],[22,64],[9,130],[42,48],[103,135],[10,36],[9,104],[-10,73],[13,45],[-37,47],[-4,24],[22,42],[43,28],[20,86],[79,71],[42,96],[64,45],[21,52],[-6,76],[10,88],[-6,90],[-34,133],[-6,114],[12,44],[53,47],[101,69],[37,38],[16,35],[2,52],[-79,57],[-50,231],[-9,76],[20,34],[50,5],[30,15],[1,58],[-13,42],[-65,47],[-49,54],[-39,84],[-20,109],[-5,81],[16,81],[44,68],[8,36],[-8,43],[-30,40],[-61,59],[-75,98],[-6,34],[19,22],[143,122],[42,49],[172,81],[59,35],[45,41],[60,35],[66,50],[36,48],[57,146],[76,110],[16,58],[-11,76],[18,134],[30,62],[-48,38],[-56,25],[-90,100],[-49,81],[-6,85],[57,125],[0,33],[-36,22],[11,84],[20,71],[45,94],[7,46],[-23,42],[-40,28],[-59,63],[-36,27],[-32,53],[-45,13],[-51,57],[-163,42],[-59,35],[-61,0],[-36,11],[-17,29],[3,64],[40,174],[15,119],[64,122],[114,100],[58,43],[50,21],[45,-15],[40,0],[82,21],[65,40],[20,28],[8,75],[1,149],[-7,44],[-29,64],[-18,63],[2,62],[72,68],[24,69],[61,103],[97,24],[51,19],[26,-4],[118,-59],[87,-37],[162,-47],[58,1],[101,82],[69,32],[134,34],[45,-5],[171,-52],[94,-4],[83,-31],[42,-7],[77,8],[131,57],[44,3],[100,32],[30,16]],[[101792,135968],[-14,-6],[-35,70],[24,35],[-8,53],[84,59],[52,11],[-11,51],[-76,25],[-76,-4],[-54,-32],[34,-63],[-26,17],[-28,42],[-95,-48],[-1,-11],[-56,5],[9,38],[-45,0],[-20,16],[14,26],[-23,19],[-47,14],[32,47],[56,10],[13,-15],[59,-23],[63,4],[38,16],[35,-9],[31,19],[21,-7],[44,35],[50,9],[47,-4],[-17,58],[7,86],[35,-6],[40,-31],[0,-27],[54,-34],[15,67],[35,-38],[22,-1],[3,43],[43,-27],[21,6],[9,68],[31,54],[-12,37],[59,19],[-14,39],[4,28],[71,34],[21,-70],[67,12],[3,-58],[-55,-26],[-3,-69],[-35,-39],[14,-89],[37,-27],[24,-57],[48,1],[24,38],[64,69],[10,40],[56,29],[40,-18],[17,36],[38,-22],[31,-55],[-57,-109],[-66,-52],[-20,-25],[3,-36],[36,-41],[62,-12],[51,48],[77,15],[47,-36],[20,-32],[43,-8],[97,16],[27,36],[61,-27],[35,-56],[37,-14],[84,-14],[66,-4],[72,8],[89,24],[56,37],[28,32],[11,67],[-4,41],[12,57],[19,34],[58,33],[24,0],[106,-30],[87,7],[27,-36],[76,-13],[-4,-23],[-74,-13],[-42,-33],[10,-106],[86,-73],[37,7],[-21,-38],[10,-30],[-16,-29],[4,-42],[22,-14],[-11,-43],[41,-28],[-17,-31],[-21,-2],[-40,-34],[-33,23],[-30,-25],[-23,6],[8,28],[-64,-18],[-47,-44],[-35,-18],[-40,-55],[-40,-9],[12,30],[-59,5],[-23,-10],[-34,13],[-62,-40],[-55,-61],[-14,-48],[28,-32],[-45,-32],[-36,-9],[-52,-81],[4,-48],[-6,-64],[-24,-9],[-10,-39],[-33,-53],[1,-19],[34,-11],[21,-46],[47,4],[-13,-30],[29,1],[41,-39],[-11,-17],[-29,21],[-54,3],[-19,-19],[-41,8],[20,-32],[-11,-58],[-49,-31],[-33,18],[-40,-11],[-32,26],[-32,-44],[-27,33],[-82,-3],[-30,9],[-56,57],[-17,-4],[-36,-48],[1,-36],[110,-22],[76,-23],[11,-33],[25,26],[68,-15],[30,-56],[-54,-5],[24,-18],[-27,-21],[-21,10],[-69,3],[-37,12],[-9,22],[31,13],[-52,25],[16,-54],[28,-43],[-32,-21],[-19,12],[-6,-31],[-31,8],[-31,51],[-22,-7],[-36,28],[25,40],[-7,47],[-38,44],[-40,20],[-50,-30],[-39,8],[-52,-20],[-12,29],[-40,3],[-61,-68],[-96,38],[-29,43],[-31,17],[-22,-16],[-12,-59],[21,-21],[-11,-40],[-62,1],[-8,34],[-21,0],[-6,34],[-40,11],[-37,-37],[-75,-5],[-11,23],[24,26],[-34,73],[-27,20],[-46,7],[-33,-10],[-13,-27],[-78,23],[-23,-28],[-4,32],[-49,39],[-21,-35],[-1,27],[-24,34],[18,21],[49,9],[81,87],[-51,44],[25,27],[73,-63],[163,174],[-72,63],[-98,-105],[-87,75],[-104,-28],[-18,-91],[-9,1],[20,92],[-15,38],[41,46],[46,11],[-17,32],[-25,8],[-19,-21],[-40,1],[-29,25],[10,38],[-48,-3],[-28,31],[-37,9],[-64,-35],[-50,9],[8,23],[-32,5],[6,20],[38,6],[9,18],[-11,62],[-31,31],[3,39],[-60,8],[-23,-29],[-29,15],[-39,-4],[-15,45],[24,69],[32,-2],[-42,76],[49,162],[8,1],[-50,-162],[193,22],[6,-21],[149,-101],[5,-37],[30,-21],[222,80],[82,8],[18,35],[-126,44],[-24,-14]],[[104432,137763],[25,15],[-30,25],[-33,-7],[-2,29],[112,9],[55,29],[39,10],[49,38],[9,29],[54,8],[-22,21],[17,17],[39,-6],[12,-51],[38,3],[4,-21],[-34,-37],[-36,-13],[42,-22],[-86,-33],[-18,-37],[21,-37],[43,-39],[55,30],[58,-5],[2,-25],[28,-14],[-9,-20],[-66,-16],[-42,-54],[67,19],[53,-20],[38,4],[29,-16],[2,-45],[-100,7],[0,-21],[-27,-36],[8,-28],[-33,-23],[-104,26],[-28,-39],[-22,7],[-3,61],[-53,-20],[-13,12],[16,55],[-23,6],[4,62],[-42,81],[-64,64],[-11,-23],[-28,3],[10,38]],[[105635,139044],[-3,32],[84,42],[73,-3],[22,-19],[42,-92],[-13,-68],[-39,-48],[-59,-26],[-55,-1],[1,45],[-33,-19],[-8,30],[16,42],[-9,32],[19,16],[-38,37]],[[106664,140808],[-38,6],[-32,28],[32,28],[-6,19],[-55,25],[48,9],[-35,58],[20,44],[46,-14],[16,-41],[89,-95],[33,-6],[5,-27],[42,-3],[-1,-16],[35,-33],[-27,-28],[-34,28],[-122,-7],[-16,25]],[[102785,134657],[-13,-54],[-30,-4],[-11,26],[-32,-43],[-2,-25],[-38,-35],[9,77],[-45,-25],[-6,49],[-26,31],[-27,-6],[13,45],[52,43],[59,-25],[36,-4],[41,-23],[20,-27]],[[103759,137722],[-92,18],[1,40],[26,17],[32,-16],[14,28],[62,-17],[111,-44],[-7,-34],[-71,9],[-22,-14],[-54,13]],[[104779,138332],[43,-24],[-6,-33],[-25,-30],[-39,-1],[-17,33],[-13,-30],[-49,3],[-5,20],[24,18],[-9,40],[90,14],[6,-10]],[[97269,130360],[-27,-18],[-21,-58],[-55,-45],[-56,36],[12,41],[48,38],[58,17],[41,-11]],[[101222,135726],[-25,-8],[-11,29],[-19,-17],[-48,-13],[-19,13],[-12,43],[73,41],[31,-2],[18,-29],[12,-57]],[[91850,120583],[21,31],[60,33],[13,-26],[20,46],[10,-18],[-40,-93],[-84,-11],[0,38]],[[98713,133309],[-59,2],[-7,-14],[-26,44],[10,26],[60,9],[37,-12],[12,-33],[-27,-22]],[[107545,142820],[-19,27],[36,32],[55,-5],[15,-25],[-26,-51],[-50,5],[-11,17]],[[102383,134446],[-67,-27],[-32,31],[-5,26],[17,25],[73,-9],[14,-46]],[[98158,132449],[-10,-30],[-44,-7],[-33,29],[28,48],[44,18],[16,-16],[-1,-42]],[[100556,137081],[-62,14],[-6,55],[55,9],[28,-35],[-15,-43]],[[104524,138395],[12,-12],[-26,-36],[-56,-18],[-23,14],[13,34],[60,34],[20,-16]],[[106666,140705],[-14,41],[38,5],[64,-41],[6,-24],[-45,-6],[-49,25]],[[101305,135007],[-37,-8],[-16,46],[32,10],[69,-19],[16,-40],[-34,17],[-30,-6]],[[101496,135076],[-121,-18],[-4,22],[194,30],[4,-22],[-73,-12]],[[104870,138248],[-24,28],[27,35],[47,-2],[3,-56],[-53,-5]],[[103157,134914],[2,-19],[-55,-5],[-45,70],[21,5],[34,-30],[20,9],[23,-30]],[[101991,137077],[-24,-5],[-52,-36],[-20,29],[94,50],[22,-17],[-20,-21]],[[108067,142176],[-41,12],[-9,19],[67,7],[42,-18],[18,-33],[-77,13]],[[103721,135760],[-4,-37],[30,4],[21,-19],[-97,-24],[0,34],[50,42]],[[98028,134452],[1,-31],[-50,-43],[-23,-8],[-6,30],[33,44],[8,-26],[37,34]],[[106723,140775],[63,-6],[35,-14],[-7,-35],[-35,-1],[-20,22],[-52,24],[16,10]],[[101230,137745],[39,44],[27,-20],[-23,-37],[127,-46],[-2,-6],[-207,73],[39,-8]],[[108384,141703],[-21,25],[47,31],[46,-11],[-24,-44],[-48,-1]],[[102343,139036],[-28,1],[-34,21],[6,46],[54,-33],[2,-35]],[[106920,142962],[8,-17],[-59,-6],[-4,22],[33,46],[29,-7],[-7,-38]],[[101639,135161],[35,-26],[-8,-11],[-103,67],[0,94],[17,-28],[0,-53],[59,-43]],[[106910,140718],[22,30],[32,13],[32,-25],[-18,-26],[-35,-8],[-33,16]],[[106893,142614],[0,-18],[-33,-28],[-24,2],[11,63],[46,4],[0,-23]],[[103983,136462],[-62,-15],[0,49],[27,-12],[13,27],[22,-1],[0,-48]],[[101693,137769],[-31,-8],[-4,30],[30,17],[52,3],[-8,-22],[-39,-20]],[[102146,138943],[-13,-23],[-64,15],[-8,30],[85,-22]],[[92727,120509],[33,-15],[-8,-41],[-29,-10],[-24,43],[28,23]],[[104006,138628],[-29,-9],[-1,46],[24,26],[31,-12],[-25,-51]],[[101271,137829],[-30,-14],[-23,10],[8,29],[25,17],[33,-14],[-13,-28]],[[92540,120099],[-9,30],[41,-20],[-12,-13],[12,-47],[-27,15],[-5,35]],[[97708,133837],[19,-17],[-28,-15],[-55,-7],[-8,14],[72,25]],[[105808,138603],[-29,-10],[-22,27],[42,25],[34,-10],[-25,-32]],[[104802,138387],[-10,-24],[-44,6],[-19,31],[31,8],[42,-21]],[[100003,136860],[-41,7],[8,27],[34,8],[18,-42],[-19,0]],[[106622,140692],[-38,29],[34,22],[32,-24],[-28,-27]],[[97671,133788],[8,-19],[-32,-17],[-39,9],[17,29],[46,-2]],[[100157,137064],[-17,24],[57,7],[-1,-35],[-39,4]],[[102491,134406],[22,-13],[-23,-21],[-48,7],[20,28],[29,-1]],[[104335,136379],[-11,-15],[-49,20],[22,27],[30,2],[8,-34]],[[97867,134889],[22,14],[31,-11],[-52,-38],[-26,17],[25,18]],[[102281,138400],[-16,23],[39,22],[23,-19],[-46,-26]],[[106492,142855],[-18,-14],[-40,4],[29,39],[30,-9],[-1,-20]],[[101875,137064],[-31,-17],[-15,11],[62,43],[4,-27],[-20,-10]],[[98150,130916],[28,1],[-35,-25],[-25,37],[17,20],[15,-33]],[[98137,135001],[29,-3],[4,-30],[-34,-15],[1,48]],[[106926,142597],[-11,35],[33,22],[11,-24],[-33,-33]],[[95148,128011],[-33,-12],[-3,38],[24,18],[12,-44]],[[101278,137275],[-9,30],[55,-1],[-11,-29],[-35,0]],[[98127,132324],[24,6],[9,-25],[-23,-32],[-21,20],[11,31]],[[97653,133922],[17,-25],[-30,-36],[-15,26],[28,35]],[[106679,141025],[25,19],[36,-7],[-14,-29],[-47,17]],[[104547,137437],[-40,-12],[-3,14],[54,39],[-11,-41]],[[102344,138390],[-17,17],[22,21],[37,-13],[-8,-21],[-34,-4]],[[105924,139140],[39,15],[20,-29],[-33,-7],[-26,21]],[[107777,142971],[-42,-7],[-4,18],[41,17],[5,-28]],[[105068,140913],[-29,24],[46,22],[8,-14],[-25,-32]],[[103096,134663],[21,-20],[-42,-9],[-15,17],[36,12]],[[102442,134426],[5,-19],[-26,-33],[-8,41],[29,11]],[[101843,134979],[-10,33],[40,-17],[19,-23],[-35,-9],[-14,16]],[[106731,140627],[37,15],[13,-27],[-15,-19],[-35,31]],[[93854,118581],[-10,-25],[-46,41],[31,2],[25,-18]],[[98175,132764],[-9,-32],[-38,-9],[12,29],[35,12]],[[100044,136272],[4,34],[41,1],[-2,-24],[-43,-11]],[[100595,137096],[31,-2],[-19,-37],[-27,9],[15,30]],[[104420,137873],[39,0],[-7,-33],[-41,9],[9,24]],[[97629,133853],[-18,-33],[-34,-9],[8,33],[44,9]],[[107743,142911],[-31,-12],[-5,28],[30,13],[6,-29]],[[93148,127920],[47,-10],[-15,-24],[-36,12],[4,22]],[[94028,118250],[6,16],[53,-15],[-6,-20],[-53,19]],[[106518,142813],[-45,4],[26,31],[19,-35]],[[98611,133469],[33,-13],[-46,-17],[13,30]],[[98091,135059],[-8,27],[36,10],[3,-18],[-31,-19]],[[100644,136390],[38,-12],[-2,-20],[-32,0],[-4,32]],[[103646,136490],[-28,-13],[-31,28],[52,-1],[7,-14]],[[104733,138155],[-38,-7],[-12,23],[48,2],[2,-18]],[[92621,119999],[51,-12],[-9,-22],[-44,22],[2,12]],[[104430,138328],[20,-17],[-10,-22],[-33,13],[23,26]],[[108431,141399],[-24,23],[38,11],[-14,-34]],[[104809,137970],[-38,-24],[-8,14],[28,27],[18,-17]],[[100471,137214],[-19,21],[16,25],[24,-39],[-21,-7]],[[102260,138238],[4,34],[24,-12],[-28,-22]],[[103155,134544],[38,-2],[-12,-35],[-26,37]],[[107527,142720],[-30,23],[37,2],[-7,-25]],[[96637,130059],[-74,-83],[-13,8],[82,79],[5,-4]],[[97624,133940],[22,-3],[-29,-39],[7,42]],[[102018,137456],[4,23],[32,-2],[-7,-29],[-29,8]],[[102952,136275],[1,49],[26,-25],[-27,-24]],[[98131,130840],[7,-31],[-28,-20],[21,51]],[[107660,142782],[-23,17],[36,18],[-13,-35]],[[92613,120365],[-26,-16],[-3,38],[29,-22]],[[101964,137951],[-31,13],[30,19],[1,-32]],[[92394,118983],[8,37],[21,2],[-7,-37],[-22,-2]],[[98662,131924],[14,-21],[-22,-24],[8,45]],[[97644,134300],[-22,-34],[-19,27],[41,7]],[[102377,136410],[-20,-29],[-19,21],[17,21],[22,-13]],[[106238,142221],[-2,36],[33,-4],[-31,-32]],[[106652,141032],[-49,11],[10,22],[39,-33]],[[100110,135244],[-18,-19],[-14,37],[32,-18]],[[98180,134944],[27,25],[-1,-40],[-26,15]],[[106864,142688],[-2,27],[38,-8],[-36,-19]],[[96831,129999],[-30,23],[40,1],[-10,-24]],[[98410,136226],[22,-19],[-24,-13],[-22,23],[24,9]],[[104235,136450],[-39,10],[7,16],[40,-13],[-8,-13]],[[98114,135026],[39,9],[-17,-29],[-22,20]],[[100492,137177],[-21,-3],[-8,26],[24,8],[5,-31]],[[103006,134688],[22,-12],[-32,-29],[-12,26],[22,15]],[[104912,137615],[-48,10],[8,16],[42,-12],[-2,-14]],[[106878,142835],[-30,3],[9,29],[23,-5],[-2,-27]],[[97234,130261],[-9,-34],[-23,14],[32,20]],[[108212,141819],[29,22],[12,-29],[-41,7]],[[104026,135872],[7,-22],[-40,-26],[33,48]],[[98227,132331],[6,-12],[-55,-18],[49,30]],[[105734,139259],[-29,12],[28,17],[1,-29]],[[97382,130662],[3,-12],[-54,-18],[13,21],[38,9]],[[92506,119122],[-8,40],[32,-38],[-24,-2]],[[101961,137843],[-29,26],[24,2],[5,-28]],[[97584,133747],[18,-22],[-32,-15],[14,37]],[[102978,134728],[8,-48],[-30,13],[22,35]],[[98592,133557],[-10,-30],[-21,21],[31,9]],[[98114,133531],[-30,-32],[9,37],[21,-5]],[[97829,132168],[20,-8],[-44,-26],[24,34]],[[108013,142282],[-21,-5],[4,34],[28,-3],[-11,-26]],[[92553,119358],[17,25],[20,-20],[-37,-5]],[[101373,137898],[-3,-10],[-87,28],[3,9],[87,-27]],[[104831,137921],[-9,30],[27,-7],[-18,-23]],[[103499,136470],[-19,8],[19,26],[0,-34]],[[98162,135048],[-36,3],[26,25],[10,-28]],[[107561,142741],[-4,28],[27,-3],[-23,-25]],[[104610,137891],[-24,12],[33,18],[-9,-30]],[[104702,138196],[-30,-9],[20,30],[10,-21]],[[99361,135542],[6,-26],[-28,14],[22,12]],[[96095,129081],[-15,-30],[-18,16],[33,14]],[[97423,131492],[-15,-20],[-18,18],[33,2]],[[104969,138263],[-28,-12],[8,31],[20,-19]],[[102258,138072],[-13,23],[32,-4],[-19,-19]],[[99871,136001],[-29,11],[25,18],[4,-29]],[[106859,142884],[35,11],[-11,-24],[-24,13]],[[102067,137448],[2,24],[34,-15],[-36,-9]],[[99778,135552],[-21,9],[32,15],[-11,-24]],[[105864,138875],[-5,26],[32,-3],[-27,-23]],[[97838,132078],[-39,-7],[27,20],[12,-13]],[[97273,131396],[10,-26],[-30,17],[20,9]],[[98280,128348],[-10,32],[30,-30],[-20,-2]],[[102907,134727],[-8,19],[40,-8],[-32,-11]],[[95473,128496],[-14,-34],[-12,18],[26,16]],[[107604,142704],[-15,27],[18,6],[-3,-33]],[[98106,133487],[3,-23],[-31,2],[28,21]],[[98359,135898],[-9,-32],[-20,16],[29,16]],[[97285,130415],[-22,-32],[-16,6],[38,26]],[[104827,138425],[-12,-15],[-21,28],[33,-13]],[[93614,118729],[-17,-24],[-13,20],[30,4]],[[98005,135604],[33,17],[-9,-24],[-24,7]],[[97239,130964],[-37,-19],[31,31],[6,-12]],[[107545,142786],[-31,23],[22,4],[9,-27]],[[108383,141780],[22,18],[-8,-33],[-14,15]],[[106553,141026],[8,23],[22,-15],[-30,-8]],[[98133,135785],[-13,-22],[-20,13],[33,9]],[[103770,137547],[6,28],[20,-21],[-26,-7]],[[70133,37497],[-50,-37],[-44,-20],[-103,-12],[-92,-35],[-56,-29],[-22,-28],[23,-66],[-9,-28],[-24,54],[-18,4],[-14,-49],[18,-52],[-26,-27],[-22,60],[-76,1],[-61,33],[-22,-4],[-7,-51],[-6,38],[-49,-8],[-38,11],[-41,-30],[-1,-25],[31,-124],[18,6],[32,-25],[1,-47],[71,-63],[36,-52],[6,-77],[-38,-49],[-127,-37],[-42,-55],[-14,-63],[24,-49],[6,-93],[-13,-29],[20,-24],[-6,-23],[-88,17],[-34,-32],[-23,-64],[-8,-182],[15,-40],[33,-50],[50,-39],[49,3],[126,-41],[38,-29],[63,-67],[36,-65],[9,-46],[-6,-66],[-25,14],[-60,-25],[-81,2],[-69,-10],[-20,-46],[-23,11],[-32,-29],[9,-67],[24,13],[27,-17],[-20,-31],[-6,-61],[21,-26],[14,-118],[-18,-20],[-21,36],[-88,1],[-102,-8],[-60,-12],[-30,-22],[-48,-55],[-22,-55],[-21,-109],[-4,-76],[12,-68],[29,-62],[65,-94],[65,-56],[93,-92],[57,7],[19,14],[46,-7],[90,8],[50,-17],[71,-60],[0,-35],[23,-58],[45,15],[14,37],[-6,107],[19,-5],[3,-94],[20,1],[125,44],[99,-28],[36,-40],[4,-32],[-30,-37],[-34,-67],[5,-35],[26,-33],[41,-12],[32,-33],[47,8],[31,23],[29,-59],[-3,-35],[18,3],[30,-57],[-7,-22],[-50,30],[-39,-23],[32,-36],[73,-113],[41,-85],[-14,-1],[-47,81],[-8,-1],[43,-75],[-35,16],[-57,-27],[-43,-6],[-45,-25],[-42,-4],[-48,-44],[-41,-14],[-53,1],[-93,-11],[-234,-60],[-286,-190],[-132,-42],[-106,-15],[-87,5],[-92,-12],[-58,-31],[-34,-7],[-115,-47],[-59,-73],[-35,-95],[-4,-97],[42,-74],[75,-73],[65,-24],[140,-28],[37,-22],[27,-35],[43,-102],[32,-1],[31,-24],[-30,-14],[38,-45],[-35,14],[-39,-34],[-38,-10],[-49,16],[-82,-39],[43,-73],[11,-36],[-70,121],[-69,-36],[-12,-71],[99,-18],[-136,19],[-42,-116],[5,-85],[46,-112],[54,-70],[116,-4],[45,33],[26,-74],[77,-49],[213,-65],[99,48],[111,30],[34,17],[87,16],[22,-32],[12,17],[-3,58],[13,16],[56,-188],[13,-62],[-14,-14],[-22,26],[-25,-31],[-23,-83],[47,-90],[45,-19],[25,13],[22,-13],[1,-62],[35,-162],[11,-148],[0,-75],[-11,-34],[-27,30],[-71,-4],[-91,-42],[-129,-20],[-81,-34],[-89,-87],[-32,-65],[31,-69],[122,-136],[133,23],[127,47],[46,55],[5,-10],[-15,-222],[-22,-82],[43,-59],[29,-131],[21,-37],[40,-22],[56,-1],[35,20],[81,-2],[30,-11],[82,-4],[8,52],[11,-1],[23,-77],[17,-144],[-37,-21],[12,-28],[-22,-51],[19,-69],[50,-68],[9,-36],[54,27],[25,-88],[-12,-38],[-32,-1],[-4,-45],[37,-37],[30,57],[13,0],[52,-206],[-33,23],[-67,24],[-27,-10],[-48,4],[-55,-31],[-79,-24],[-69,-11],[-139,46],[-56,36],[-45,40],[-48,58],[-50,14],[-109,-91],[-6,7],[124,98],[-29,3],[-20,26],[-77,8],[-54,-36],[-34,44],[-141,-53],[-71,-103],[-38,-64],[-7,-99],[-31,-257],[-33,-60],[-49,-22],[-43,-7],[-94,-32],[-48,-23],[-62,-51],[-15,-42],[3,-44],[20,-77],[22,-34],[49,-22],[135,-16],[196,-107],[47,-10],[157,-71],[46,-32],[108,-116],[71,-59],[17,-84],[1,-46],[-36,-108],[-31,-56],[-34,-28],[-58,-23],[-103,-21],[-42,-16],[-46,-52],[-10,-33],[-25,-165],[-22,-93],[-36,-92],[-38,-65],[-22,-56],[-34,-43],[-35,-17],[-48,-2],[-37,10],[-113,67],[-58,10],[-14,-68],[2,80],[11,10],[-26,33],[-76,-51],[-67,-71],[-56,-140],[-84,-196],[-65,-105],[-93,-112],[-43,-45],[-88,-73],[-46,-23],[-115,-35],[-54,-10],[-137,-8],[-41,-15],[-34,-31],[-39,-69],[-29,-30],[-62,-23],[-145,4],[-54,-5],[-76,-26],[-129,-62],[-56,-36],[-37,-34],[-69,-85],[-134,-99],[-81,-86],[-40,-21],[-79,-22],[-54,-7],[-82,8],[-41,-16],[-90,-9],[-116,-2],[-41,-5],[-180,-62],[-79,-46],[-156,-158],[-84,-95],[-51,-87],[-83,-108],[-178,-269],[-73,-117],[-29,-64],[-92,-172],[-110,-218],[-129,-261],[-11,-55],[-14,-1],[-125,-306],[-42,-31],[-25,0],[-113,-144],[0,-72],[-16,-24],[-16,-74],[23,-34],[47,-35],[32,18],[-11,-44],[6,-34],[22,-4],[-30,-20],[-16,-51],[13,-87],[25,-55],[35,-43],[44,-108],[38,-14],[9,19],[28,-32],[93,-14],[9,-32],[-24,-22],[5,-39],[23,-1],[4,-43],[-22,-21],[10,-57],[-39,-36],[-9,-28],[26,-40],[49,2],[64,-27],[-22,-60],[13,-22],[43,19],[7,-27],[-38,-37],[29,-23],[-18,-31],[-34,9],[-77,-9],[-60,30],[-54,-3],[8,-31],[-1,-220],[19,-107],[-7,-21],[45,-8],[28,-85],[0,-99],[19,-21],[6,-40],[-26,1],[-2,-35],[33,5],[-11,-86],[6,-51],[-59,-49],[-65,5],[-19,13],[-448,-705],[0,-131],[18,-19],[-32,0],[-3,151],[-11,6],[100,159],[3,-1],[132,207],[-140,85],[-14,259],[-15,212],[-166,-8],[-99,-110],[-6,4],[99,110],[174,10],[-5,64],[222,14],[42,116],[41,-3],[12,25],[5,130],[-13,4],[14,43],[-21,85],[-21,25],[-86,-15],[-11,-106],[-78,7],[14,132],[-40,242],[-154,-24],[-3,19],[155,25],[-41,232],[-99,22],[-49,5],[-79,-10],[19,-81],[5,-102],[-38,1],[-6,90],[-21,84],[-117,-27],[-16,-113],[-20,3],[-6,-31],[-18,6],[-34,52],[20,97],[19,35],[-73,-20],[-63,-159],[170,-127],[130,-44],[13,-27],[-78,26],[-34,-22],[-291,0],[0,-206],[217,0],[0,-5],[-217,1],[0,-136],[232,1],[39,139],[4,-2],[-39,-142],[-236,-1],[2,-190],[-57,2],[51,-58],[30,-51],[5,-56],[15,-52],[52,12],[153,9],[1,-17],[-210,-12],[-9,-34],[-121,-37],[-13,-168],[-92,-228],[-10,-33],[-42,-59],[-65,-45],[-65,-25],[-124,-24],[-158,-12],[-116,-38],[1,-43],[20,-75],[55,-89],[42,-33],[45,2],[83,21],[52,-33],[78,-18],[30,-23],[51,13],[31,-19],[35,-51],[15,-97],[43,-66],[18,-62],[-17,-27],[-38,-21],[-43,-52],[-68,-69],[-67,-6],[-199,26],[-80,17],[-104,54],[-246,-122],[31,23],[163,80],[18,35],[-19,29],[-27,8],[-32,62],[15,12],[-52,84],[-25,-6],[-95,8],[-81,-14],[11,-29],[-8,-29],[-244,-129],[-46,-117],[217,-126],[44,41],[59,36],[-103,-85],[-80,21],[-146,88],[-61,-41],[-64,-59],[-39,-45],[-72,-115],[-31,-119],[-2,-192],[23,-211],[18,-133],[31,-114],[-11,-102],[24,-120],[153,-31],[106,18],[53,17],[38,44],[17,42],[35,31],[51,-3],[23,38],[47,-147],[-31,-21],[35,-46],[-45,-9],[-6,20],[-63,-17],[26,-99],[-23,60],[-149,-7],[-19,81],[-94,-22],[-23,-86],[-5,-85],[35,-87],[49,-81],[88,-43],[14,-19],[14,29],[73,97],[57,52],[150,-92],[64,106],[8,-5],[-36,-60],[9,-6],[69,116],[8,-4],[-113,-185],[16,-10],[-39,-92],[-24,-18],[148,-84],[-4,-5],[-147,84],[-14,-65],[-49,12],[-23,-25],[-56,-33],[-6,-82],[-41,33],[-32,-6],[-53,-67],[-7,-50],[22,-13],[-12,-50],[-60,-25],[1,-31],[24,-25],[92,-56],[20,9],[32,99],[45,-11],[-14,-40],[30,4],[-4,-63],[-21,-96],[-25,-22],[-86,0],[-8,-27],[21,-20],[-50,-20],[27,-40],[-33,-16],[1,-53],[-26,-19],[-23,-46],[-38,-14],[-16,17],[-2,65],[-27,59],[-19,2],[-32,-59],[-22,-20],[-7,37],[28,57],[-3,25],[-103,54],[-50,0],[-54,-25],[-47,-63],[-9,-35],[69,-93],[2,-48],[54,-67],[8,-37],[26,5],[5,25],[16,-40],[-15,-131],[-39,-13],[-26,-89],[-25,-61],[-8,-48],[6,-74],[19,-61],[21,-28],[77,-32],[63,-112],[56,-34],[35,-3],[92,27],[44,32],[-3,45],[24,48],[28,9],[3,-23],[35,4],[52,-84],[-57,-2],[-6,23],[-47,2],[-6,-23],[18,-31],[39,-32],[40,-7],[-3,-30],[43,0],[-8,-45],[-48,-51],[-12,30],[-25,4],[-93,-57],[-37,-38],[-9,-29],[7,-63],[43,-43],[35,-63],[-9,-75],[-110,-62],[-66,-27],[-100,-19],[-44,-73],[-10,-92],[10,-73],[26,-60],[64,-90],[17,-69],[12,-16],[-8,-47],[29,-40],[57,10],[-4,-26],[-48,-29],[19,-100],[-31,-24],[-50,64],[-39,69],[-32,9],[-7,26],[-100,101],[-65,7],[-27,26],[-50,96],[-28,-14],[-82,128],[71,72],[-5,150],[15,9],[-5,97],[-56,57],[-142,-43],[0,-8],[-79,-23],[-5,8],[-114,-33],[13,-50],[-92,-27],[-14,39],[-42,-11],[66,-122],[-5,-3],[-63,112],[-47,-54],[97,-148],[17,-2],[54,-83],[79,49],[139,-171],[-124,146],[-77,-49],[37,-55],[83,-155],[93,47],[13,-20],[-94,-49],[48,-67],[64,18],[3,-9],[-63,-28],[114,37],[60,14],[-233,-69],[1,-6],[-108,-22],[-42,-86],[-45,-55],[-29,-69],[-16,-62],[-26,-175],[-3,-61],[21,-44],[49,-69],[95,-41],[126,-28],[155,-52],[109,-50],[31,-22],[122,-52],[57,-4],[39,-18],[94,-13],[56,7],[38,-22],[110,-20],[48,-34],[7,-27],[-21,-84],[11,-63],[63,-67],[34,-7],[-6,-85],[7,-76],[-24,17],[-42,-6],[-79,-29],[-28,-63],[-1,-58],[12,-17],[-33,-59],[-42,-29],[-36,-53],[82,-56],[-56,21],[-83,-105],[12,-27]],[[62352,13867],[-42,-16],[-21,12],[-62,-37],[-26,-27],[-40,-20],[-14,-24],[-83,-95],[-22,-50],[-53,-51],[-67,-24],[-41,-28],[-69,2],[-64,-15],[-49,23],[-46,-16],[-54,20],[-69,10],[-100,-21],[-71,-36],[-36,-4],[-87,59],[-56,19],[-97,15],[-54,41],[-114,39],[-107,25],[-107,9],[-36,39],[-27,13],[-32,79],[-42,34],[-52,-47],[-112,-55],[-60,-4],[-42,-48],[-35,-19],[-55,-9],[-37,-45],[-78,-42],[-33,-36],[-54,-27],[-114,-129],[-35,-3],[-84,68],[-53,-38],[-50,-13],[-85,59],[-55,-15],[-198,-31],[-49,-1],[-28,16],[-74,107],[-61,98],[-54,30],[-107,-2],[-34,-33],[-76,-26],[-37,12],[-417,245],[-77,23],[-43,-3],[-102,-38],[-32,1],[-126,60],[-62,-1],[-92,36],[-136,-19],[-116,36],[-104,-11],[-13,23],[0,63],[15,111],[-46,70],[3,47],[44,51],[0,26],[-44,78],[-15,47],[-33,33],[-78,51],[-40,69],[-24,60],[-23,25],[-38,17],[-62,-14],[-134,-43],[-99,-38],[-42,1],[-19,-15],[-32,-64],[-49,-37],[-60,-80],[-4,-34],[-30,-52],[-138,-66],[-66,-71],[-23,-100],[-31,-73],[-32,-35],[-32,-58],[-45,-31],[-28,-38],[-35,6],[-28,34],[-55,25],[2,57],[-14,13],[-87,23],[-57,59],[-48,0],[-169,-17],[-98,-27],[-61,66],[-45,18],[-61,4],[-58,23],[-48,47],[-34,-30],[-1,-49],[21,-61],[-13,-32],[-40,-20],[-75,-68],[-136,-48],[-111,-56],[-145,-22],[-49,28],[-62,104],[-23,91],[2,151],[-34,70],[-97,84],[-15,41],[-22,17],[-58,1],[-55,22],[-56,44],[4,79],[-26,26],[-60,24],[-18,64],[49,63],[22,58],[-4,47],[10,54],[39,81],[19,83],[3,55],[-13,37],[-109,53],[-43,57],[-53,30],[-17,37],[-101,103],[-73,58],[-78,15],[-79,31],[-36,26],[-26,34],[-35,-3],[-39,-23],[-29,5],[-47,56],[-72,41],[-27,59],[0,33],[52,110],[-16,123],[-24,73],[15,59],[-2,135],[-30,85],[-81,112],[14,36],[87,54],[83,57],[-3,65],[-23,66],[8,53],[-9,18],[-50,28],[-1,42],[50,136],[53,57],[93,78],[37,56],[25,71],[14,84],[-4,48],[-52,129],[-5,73],[-12,42],[-20,8],[-181,10],[-95,20],[-86,63],[-111,16],[-42,-13],[-80,42],[-51,62],[-14,54],[8,36],[-8,79],[-20,77],[13,60],[-8,20],[-75,54],[-30,9],[-58,-1],[-43,21],[-144,-12],[-18,23],[-9,99],[-23,81],[1,44],[25,79],[121,3],[16,36],[102,158],[71,1],[-2,26],[-47,85],[-47,109],[-48,31],[-17,40],[1,84],[-16,28],[-66,19],[-40,25],[-58,71],[-7,27],[7,71],[22,106],[62,126],[36,50],[0,64],[-44,27],[-207,23],[-61,44],[-39,65],[-38,107],[-33,55],[-48,29],[-10,21],[-74,39],[-186,-82],[-71,-19],[-79,-8],[-14,14],[-2,78],[-9,37],[-68,80],[-57,84],[-116,236],[-55,35],[26,105],[-1,62],[32,83],[50,36],[88,18],[134,90],[41,15],[63,38],[29,29],[11,64],[30,54],[33,114],[44,58],[68,47],[96,134],[36,33],[-22,32],[-50,33],[-22,27],[-30,63],[-85,87],[-66,32],[-94,17],[-42,43],[-8,102],[-17,98],[67,72],[27,48],[11,97],[-15,45],[-19,8],[-217,16],[-30,8],[-24,27],[-26,62],[1,46],[-94,95],[-36,8],[-51,-19],[-76,-56],[-92,-22],[-75,-4],[-97,10],[-28,12],[-55,46],[-81,39],[-38,42],[-23,70],[1,44],[-31,106],[1,78],[-12,83],[-47,105],[-69,101],[-62,48],[-36,18],[-82,103],[-36,54],[-1,77],[8,61],[56,67],[2,66],[15,59],[35,59],[-10,86],[-33,77],[-14,80],[-27,46],[-71,44],[-40,37],[-30,46],[-1,51],[21,44],[66,79],[22,88],[43,59],[50,115],[54,76],[19,45],[60,59],[34,64],[31,105],[16,96],[-2,125],[14,127],[19,53],[31,39],[4,47],[-18,79],[-27,60],[-57,82],[-78,53],[-21,23],[-38,90],[-1,44],[25,62],[87,157],[2,22],[-55,69],[-52,102],[-94,28],[-44,-17],[-77,9],[-27,31],[-14,80],[-56,100],[-35,24],[-60,14],[-76,56],[-67,26],[-15,21],[-39,149],[-33,106],[-39,68],[-80,38],[-63,47],[-38,53],[-45,25],[-123,7],[-77,-3],[-76,6],[-117,32],[-71,35],[-136,110],[-89,54],[-37,61],[-53,21],[-141,-31],[-47,5],[-108,42],[-84,55],[-54,26],[-45,-1],[-61,-27],[-33,-49],[-66,-57],[-24,-43],[-36,-19],[-180,-22],[-34,-10],[-65,-48],[-16,-35],[-79,-39],[-131,-86],[-19,-24],[-22,-62],[-18,-8],[-66,51],[-97,61],[-159,74],[-82,54],[-82,20],[-61,41],[-105,34],[-61,78],[-52,28],[-13,82],[0,60],[33,121],[-15,64],[-50,174],[-61,115],[-32,38],[-73,124],[-13,12],[-120,3],[-58,38],[-55,65],[-49,28],[-68,12],[-66,-15],[-46,35],[-31,5],[-59,-32],[-83,-13],[-32,5],[-28,63],[-57,54],[-61,90],[-82,32],[-33,21],[-44,3],[-56,-37]],[[41920,32249],[30,54],[30,121],[23,70],[4,121],[14,67],[16,20],[107,43],[84,21],[34,27],[25,39],[13,49],[108,133],[20,60],[48,55],[-2,38],[36,98],[4,83],[11,32],[54,72],[49,42],[0,52],[29,48],[62,80],[10,82],[-4,77],[114,81],[118,101],[56,5],[106,75],[39,13],[16,23],[2,74],[100,74],[16,65],[-13,49],[29,57],[94,54],[79,113],[57,67],[118,96],[101,4],[16,37],[133,134],[22,53],[95,96],[121,73],[57,56],[52,-21],[45,-49],[87,-16],[38,-15],[80,12],[125,26],[113,53],[72,71],[57,39],[92,78],[59,61],[6,38],[-12,45],[13,42],[26,17],[108,-8],[64,38],[80,71],[45,31],[94,41],[100,31],[22,15],[79,3],[113,-36],[47,-60],[57,3],[24,40],[70,55],[83,90],[23,37],[54,35],[60,15],[62,31],[90,71],[75,17],[31,29],[13,40],[34,37],[70,49],[77,36],[61,4],[56,50],[53,24],[-57,102],[-28,22],[-4,60],[-33,18],[-14,30],[-37,18],[-54,1],[-59,34],[-2,38],[26,64],[12,73],[68,3],[69,25],[59,-22],[36,39],[97,16],[41,-18],[65,-69],[116,-81],[110,-37],[79,14],[98,-15],[53,0],[48,20],[77,-9],[82,20],[93,0],[167,-26],[110,29],[142,-3],[50,31],[45,7],[90,83],[71,84],[45,27],[45,14],[-6,113],[7,20],[-2,79],[41,70],[87,49],[85,16],[11,33],[-32,83],[18,81],[50,82],[41,49],[-26,150],[-22,41],[-24,146],[13,20],[71,0],[37,25],[36,57],[33,25],[101,15],[38,50],[0,58],[15,70],[-10,36],[-68,48],[-33,37],[-20,85],[61,43],[43,59],[27,52],[89,65],[20,34],[48,5],[58,-5],[100,3],[45,12],[65,36],[31,4],[41,-15],[125,-63],[67,-16],[58,11],[117,-4],[49,15],[85,53],[155,83],[54,44],[111,-16],[210,-9],[40,-9],[143,-10],[99,15],[37,15],[65,81],[-1,27],[63,13],[26,40],[137,279],[-2,38],[-61,97],[-3,39],[41,128],[2,39],[-14,120],[8,87],[29,73],[38,46],[62,46],[63,101],[26,120],[19,58],[-37,60],[-3,35],[77,94],[41,100],[43,41],[45,84],[37,49],[43,30],[85,82],[52,74],[72,51],[8,19],[-15,42],[-4,60],[-16,104],[-8,145],[-50,106],[-5,95],[6,82],[-17,38],[-28,196],[4,49],[43,94],[2,59],[49,122],[71,88],[26,80]],[[64620,16873],[-46,42],[-32,61],[13,33],[-15,47],[12,82],[-33,99],[-39,42],[-38,15],[-50,47],[-118,0],[-39,37],[66,-21],[77,-2],[26,-15],[10,30],[-37,61],[-19,55],[-46,18],[-31,26],[-41,73],[-18,77],[15,132],[9,34],[27,29],[7,57],[42,55],[36,12],[35,52],[66,56],[44,92],[13,55],[27,28],[69,42],[12,-19],[38,-1],[11,22],[92,97],[-46,88],[9,20],[-36,107],[-7,88],[23,62],[78,79],[32,16],[106,0],[126,-77],[109,5],[70,-21],[23,-39],[-4,-31],[-25,-15],[32,-41],[-8,-30],[-64,1],[-62,32],[-5,-66],[20,-22],[-28,-26],[-68,-16],[-31,-51],[9,-58],[81,-96],[7,-26],[29,-6],[11,-25],[-44,-11],[12,-68],[24,-42],[35,-29],[30,-63],[65,-79],[11,-25],[66,-60],[55,-76],[13,-30],[-4,-57],[-20,-37],[16,-51],[29,-46],[-16,-45],[-24,-19],[-69,5],[-35,13],[-61,-4],[-60,-57],[10,-85],[-64,-68],[43,-7],[43,-32],[-27,-31],[-31,6],[-16,-44],[6,-86],[46,-15],[48,-48],[-9,-19],[-52,2],[-13,-16],[31,-68],[1,-71],[30,-33],[39,-23],[50,27],[44,-7],[21,-30],[-1,-60],[-13,-50],[-11,-153],[4,-43],[22,6],[-3,-63],[37,-19],[-10,-52],[11,-42],[-21,-14],[-8,-50],[23,-57],[22,-12],[35,-47],[17,-69],[-11,-7],[7,-69],[22,-46],[-1,-60],[12,-19],[53,-35],[-71,-47],[16,-3],[6,-46],[40,-21],[28,-34],[-17,-8],[-36,34],[-21,-10],[-48,31],[-33,57],[-59,26],[-61,67],[-48,112],[-53,23],[-47,57],[-23,48],[-26,120],[-21,47],[-80,67],[-65,31],[-67,53],[-75,120],[-23,62],[-69,121],[-82,81]],[[65080,19692],[-35,-68],[-12,21],[1,66],[-17,80],[9,20],[-28,80],[5,55],[37,61],[-1,42],[25,18],[-20,37],[-6,45],[80,-1],[22,-175],[10,-145],[-55,-8],[14,-37],[37,-32],[-66,11],[-14,-61],[14,-9]],[[62979,14883],[52,-52],[0,-115],[-26,-21],[-4,24],[-80,-32],[-26,-27],[5,-36],[-40,23],[-51,84],[12,59],[20,21],[71,20],[53,51],[14,1]],[[62605,16118],[4,-31],[-25,-19],[15,-43],[-18,3],[-4,-34],[-40,-24],[-28,18],[-32,88],[48,34],[12,31],[40,19],[9,-42],[19,0]],[[63428,15050],[59,-35],[4,-31],[-19,-18],[-43,0],[-79,-43],[-21,3],[-9,64],[20,22],[88,38]],[[65423,20081],[26,23],[50,-3],[20,-14],[1,-63],[50,-2],[34,-17],[5,-41],[25,-14],[-62,-9],[-49,48],[-39,26],[-16,27],[-37,9],[-8,30]],[[62464,15618],[-28,15],[-19,56],[35,-1],[7,25],[41,19],[-5,-35],[24,-26],[26,-2],[16,-41],[-25,-46],[-7,25],[-27,-2],[-29,-26],[-23,12],[14,27]],[[63349,18827],[133,219],[11,-5],[-360,-588],[-62,35],[7,10],[52,-29],[219,358]],[[65365,22116],[11,3],[9,-52],[-13,-26],[-37,-18],[-60,63],[36,35],[54,-5]],[[63280,14900],[9,-13],[-78,-21],[-29,19],[21,54],[56,5],[21,-44]],[[63628,14975],[-6,-51],[-47,3],[-36,60],[85,14],[4,-26]],[[62733,17702],[-18,55],[8,17],[54,10],[8,-31],[-26,-82],[-26,31]],[[63123,18197],[-17,-31],[12,-12],[-31,-41],[-18,57],[5,25],[29,13],[16,39],[33,-5],[-18,-54],[-11,9]],[[65166,22293],[-12,38],[7,34],[38,11],[33,-78],[-9,-12],[-57,7]],[[62952,19270],[74,8],[358,-207],[-4,-5],[-356,205],[-210,-20],[0,5],[138,14]],[[62746,17858],[45,3],[-11,-54],[-31,-23],[-33,25],[30,49]],[[62728,15597],[-37,-1],[-3,21],[-37,23],[41,30],[56,-30],[-20,-43]],[[64966,23189],[-29,38],[26,40],[42,-45],[-5,-20],[-34,-13]],[[65421,21295],[14,-29],[-16,-30],[-42,20],[-21,26],[37,21],[28,-8]],[[69700,35774],[15,-54],[-11,0],[-28,60],[-2,35],[33,7],[-7,-48]],[[63120,14775],[-19,13],[21,34],[25,-4],[13,-46],[-18,-22],[-22,25]],[[65654,19906],[-25,-24],[-30,5],[-12,35],[51,4],[16,-20]],[[62934,18067],[-56,12],[-4,18],[30,13],[46,-11],[-16,-32]],[[65123,20274],[-29,-37],[-30,24],[1,27],[58,-14]],[[65467,17492],[-24,14],[27,50],[23,-4],[-8,-61],[-18,1]],[[63019,18166],[8,56],[24,8],[3,-30],[-40,-76],[-14,12],[19,30]],[[65289,17345],[1,-32],[-35,-1],[-21,23],[44,25],[11,-15]],[[66208,14646],[-39,2]],[[66169,14648],[20,56],[21,-1],[15,-34],[-17,-23]],[[62920,17742],[10,-63],[-56,31],[46,32]],[[65609,15943],[2,-25],[-37,-1],[-4,42],[28,17],[11,-33]],[[62751,15759],[3,-48],[-39,-2],[-23,15],[34,11],[25,24]],[[70041,34325],[21,33],[22,-25],[-6,-22],[-34,-7],[-3,21]],[[62476,15408],[-10,132],[14,1],[10,-131],[-14,-2]],[[62782,18084],[36,-1],[-20,-39],[-35,19],[19,21]],[[65094,20372],[-40,7],[13,23],[50,-1],[-1,-29],[-22,0]],[[63906,20810],[126,53],[3,-8],[-174,-73],[45,28]],[[65206,18545],[-4,-20],[-36,6],[-9,27],[42,1],[7,-14]],[[65639,19715],[-8,-19],[-36,-1],[-22,27],[66,-7]],[[62744,18043],[27,6],[-14,-48],[-26,16],[13,26]],[[65407,16522],[37,22],[9,-24],[-27,-21],[-19,23]],[[62597,15669],[-11,-83],[-19,24],[30,59]],[[62819,20143],[-14,4],[34,89],[15,-5],[-35,-88]],[[65088,20331],[23,-17],[-59,5],[1,25],[35,-13]],[[63677,15023],[20,14],[19,-21],[-10,-22],[-29,2],[0,27]],[[65264,17125],[-28,-22],[-13,33],[41,-11]],[[62823,18116],[16,36],[24,-11],[-21,-43],[-19,18]],[[62834,20282],[-26,-12],[36,91],[10,-4],[-28,-72],[8,-3]],[[65123,19544],[-65,23],[-17,33],[82,-56]],[[65486,15703],[-19,20],[0,39],[36,-37],[-17,-22]],[[69440,35279],[10,-41],[-31,9],[21,32]],[[65451,17566],[15,28],[23,5],[-3,-37],[-35,4]],[[65619,19745],[-41,-11],[-4,26],[45,-15]],[[65504,20273],[-39,-4],[19,26],[20,-22]],[[62972,19647],[-48,-9],[-2,25],[50,-16]],[[62575,15897],[14,28],[3,-54],[-17,26]],[[65552,15701],[-26,4],[-13,41],[39,-45]],[[63654,15078],[22,-12],[-21,-23],[-20,23],[19,12]],[[64915,23289],[-22,-16],[11,36],[27,1],[-16,-21]],[[65718,19668],[-13,-16],[-33,18],[46,-2]],[[65423,17509],[38,51],[-27,-62],[-11,11]],[[62748,15694],[2,-51],[-23,15],[21,36]],[[69603,34794],[28,-15],[-36,-12],[8,27]],[[68255,26162],[3,-33],[-34,33],[31,0]],[[62963,18560],[88,-50],[-5,-8],[-87,50],[4,8]],[[63980,21858],[-57,6],[5,18],[52,-24]],[[62709,16855],[18,18],[8,-31],[-26,13]],[[62765,16232],[47,39],[-10,-22],[-37,-17]],[[65189,22540],[-20,-24],[-17,9],[37,15]],[[69661,27909],[-29,12],[9,20],[20,-32]],[[65356,16895],[-25,-4],[-6,22],[31,-18]],[[63051,14681],[-18,-15],[12,49],[6,-34]],[[65034,19500],[-14,-9],[-36,30],[50,-21]],[[69598,34739],[6,-30],[-30,10],[24,20]],[[62579,15730],[5,-43],[-19,-4],[14,47]],[[65114,20346],[-53,7],[4,12],[49,-19]],[[65432,17919],[-35,-2],[11,19],[24,-17]],[[26513,82981],[119,4],[67,12],[178,78],[42,63],[83,17],[20,87],[-5,61],[12,42],[66,90],[33,57],[37,36],[29,78],[-4,50],[50,61],[109,168],[25,89],[37,102],[4,99],[96,0],[47,14],[74,61],[47,53],[57,20],[14,34],[99,34],[72,43],[61,60],[96,44],[49,62],[123,59],[74,31],[96,4],[23,-11],[42,-71],[65,-24],[-23,-47],[3,-22],[74,-33],[101,-84],[55,-29],[77,-20],[56,-68],[36,-62],[53,-27],[121,-28],[68,-26],[83,-6],[57,7],[36,19],[24,62],[21,99],[27,26],[97,-2],[70,28],[43,6],[78,-29],[120,-63],[64,-6],[103,23],[218,9],[51,-5],[146,-35],[190,-4],[39,-10],[67,-34],[60,-53],[33,-50],[64,-50],[63,-38],[41,-53],[35,-25],[28,-57],[7,-51],[7,-128],[9,-46],[29,-49],[77,-90],[84,-59],[79,-72],[46,-77],[35,-21],[73,5],[81,36],[42,33],[40,100],[39,31],[52,-2],[73,-36],[44,-31],[17,-41],[11,-107],[21,-72],[43,-104],[54,-93],[54,-36],[60,0],[107,-63],[52,-13],[69,-89],[77,-27],[87,-53],[83,-77],[27,-3],[24,74],[40,46],[47,16],[178,-2],[110,8],[74,12],[98,26],[89,45],[99,5],[58,19],[133,139],[91,109],[30,20],[48,12],[71,32],[64,-96],[91,-56],[59,-21],[107,-18],[52,-26],[85,-18],[53,-22],[70,-76],[107,-62],[123,-45],[128,-79],[121,-68],[105,-45],[132,-30],[143,1],[128,26],[59,-30],[89,-84],[79,-10],[161,37],[89,4],[108,-38],[89,-67],[90,-19],[17,23],[-25,95],[16,54],[33,39],[102,46],[51,33],[83,71],[53,64],[30,60],[90,113],[92,40],[115,62],[78,-9],[62,1],[48,11],[152,84],[80,41]],[[37207,83213],[61,-29],[66,-8],[125,-30],[25,-42],[-1,-51],[72,-114],[15,-55],[-2,-37],[23,-82],[4,-61],[65,-87],[4,-59],[-10,-61],[23,-106],[5,-88],[9,-25],[76,-62],[82,-86],[90,-54],[54,-24],[10,-20],[-6,-58],[24,-39],[81,-47],[52,-137],[64,-39],[55,-59],[51,-25],[26,-33],[113,32],[0,9],[79,0],[81,-45],[61,-7],[74,27],[31,23],[54,65],[122,117],[56,21],[40,1],[61,-17],[62,-51],[6,-25],[-38,-26],[72,-83],[26,-52],[54,-75],[63,-113],[27,-80],[21,-111],[31,-66],[-8,-66],[15,-141],[11,-50],[-15,-140],[15,-2],[69,38],[103,-1],[66,16],[135,-6],[68,4],[79,22],[101,8],[37,13],[139,110],[74,5],[71,-48],[84,-35],[74,-59],[68,-24],[66,-35],[84,-11],[94,21],[88,-16],[9,-11],[3,-164],[19,-106],[0,-129],[22,-51],[9,-54],[34,-22],[87,26],[79,57],[65,67],[53,63],[22,55],[57,77],[30,88],[23,19],[7,58],[25,53],[67,51],[11,22],[79,68],[104,18],[36,-5],[23,21],[42,11],[173,-49],[138,-81],[83,-12],[46,-18],[51,-48],[155,-58],[115,-37],[44,-60],[1,-49],[-75,-109],[-19,-57],[-18,-118],[-18,-72],[13,-94],[-8,-44],[9,-36],[46,-50],[26,-5],[96,29],[58,9],[60,19]],[[42846,80014],[23,-70],[-42,-52],[2,-42],[31,-78],[50,-22],[65,25],[46,-18],[27,-57],[6,-109],[-16,-100],[-23,-78],[41,-43],[76,5],[42,-20],[9,-112],[21,-49],[13,-81],[-50,-59],[-1,-32],[74,-77],[12,-43],[17,-123],[38,-48],[26,-65],[10,-48],[-7,-36],[1,-106],[54,-132],[2,-42],[-33,-119],[-2,-50],[18,-48],[27,-27],[120,-47],[82,-9],[19,-17],[7,-46],[71,-43],[14,-81],[-85,-44],[-19,-51],[-66,-137],[-16,-79],[8,-58],[30,-61],[56,-51],[23,-44],[17,-62],[-29,-90],[25,-50],[-5,-41],[-29,-50],[-42,-108],[-24,-15],[-110,-6],[-26,-58],[7,-38],[25,-24],[72,-33],[0,-19],[-49,-50],[4,-53],[74,-65],[38,-11],[80,-4],[14,-13],[25,-113],[39,-29],[99,-19],[26,-27],[20,-54],[0,-31],[-42,-56],[-1,-38],[19,-71],[-11,-59],[4,-47],[33,-39],[52,-33],[59,-1],[86,-17],[23,-20],[1,-71],[20,-85],[-12,-39],[-49,-42],[-12,-33],[101,-109],[0,-36],[-53,-42],[-61,-12],[-76,2],[-20,-11],[-20,-87],[-26,-36],[-71,-34],[-59,7],[-55,33],[-21,-23],[-10,-46],[-1785,-976],[-46,-14],[-20,-34],[-5,-50],[18,-161],[61,-82],[77,-64],[62,-71],[61,-32],[68,-83],[150,-166],[142,-152],[22,-39],[-6,-62],[-43,-69],[-6,-86],[17,-59],[-16,-68],[1,-41],[40,-87],[3,-73],[-10,-55],[14,-49],[26,-48],[-5,-104],[16,-92],[-10,-102],[-2,-98],[19,-57],[-7,-60],[-18,-20],[-18,-124],[-25,-29],[-105,-68],[-10,-27],[-54,-21],[-31,-24],[-217,-253],[-50,-67],[-11,-44],[-31,-51],[-67,-60],[-50,-10],[-162,-60],[-57,-51],[-14,-111],[12,-103],[32,-49],[29,-93],[40,-74],[6,-34],[-29,-99],[-47,-85],[-56,-77],[-34,-92],[-11,-48],[-6,-102],[29,-112],[6,-58],[56,-72],[14,-28],[-20,-140],[-32,-127],[3,-45],[65,-144],[-7,-44],[-99,2],[-31,-10],[-73,-83],[-37,-21],[-63,-17],[-109,-9],[-75,-39],[-113,-35],[-51,-56],[-9,-43],[23,-62],[57,-85],[21,-85],[20,-51],[76,-83],[14,-28],[11,-86],[-5,-79],[8,-83],[34,-67],[92,-70],[111,-103],[85,-63],[169,-76],[81,-18],[20,-21],[-24,-94],[17,-67],[106,-130],[54,-81],[139,-56],[65,-55],[20,-54],[68,-68],[21,-36],[7,-83],[23,-42],[-1,-78],[18,-40],[-8,-90],[-38,-56],[-8,-54],[55,-135],[42,-57],[49,-162],[13,-99],[27,-142],[60,-123],[-5,-83],[-58,-48],[-34,-73],[-2,-34],[18,-27],[70,-62],[29,-42],[32,-4],[57,-44],[104,-66],[64,-92],[34,-28],[159,19],[31,-2],[98,-83],[89,-56],[23,19],[9,80],[-27,72],[28,23],[66,7],[44,19],[21,27],[-6,19],[-27,-31],[-33,10],[-35,35],[-7,134],[-12,76],[33,13],[66,-101],[20,-21],[53,-15],[37,-58],[104,-85],[107,-78],[70,-8],[24,23],[9,65],[31,37],[42,21],[38,50],[57,10],[118,-26],[81,-8],[35,-15],[72,-75],[74,-116],[71,-78],[109,-73],[100,-26],[40,-68],[28,-21],[107,-17],[54,-13],[65,25],[133,8],[85,27],[73,-23],[111,-1],[11,-6]],[[35363,60091],[-54,-15],[-84,-5],[-180,12],[-91,-1],[-93,-10],[-72,5],[-17,19],[-7,69],[-21,117],[-14,124],[-19,73],[-41,77],[-92,110],[-89,88],[-29,21],[-155,82],[-84,57],[-28,55],[-36,117],[-61,109],[-39,47],[-72,59],[-225,170],[-78,47],[-78,32],[-66,14],[-132,14],[-76,-2],[-78,11],[-84,21],[-70,32],[-82,22],[-108,48],[-107,95],[-41,49],[-97,93],[-109,34],[-121,24],[-39,27],[1,42],[45,165],[-63,36],[-112,14],[-189,-2],[-102,-8],[-56,-26],[-108,-36],[-53,-10],[-154,-9],[-103,-32],[-29,-26],[-85,-274],[-16,-43],[-37,-19],[-43,-5],[-121,16],[-30,29],[-44,74],[-39,49],[-62,44],[-47,6],[-26,-28],[-6,-130],[22,-91],[65,-172],[1,-48],[-13,-30],[-47,-35],[-46,-3],[-56,36],[-57,78],[-92,96],[-93,87],[-183,116],[-109,48],[-68,6],[-119,-22],[-103,-40],[-30,-17],[-52,-76],[-36,-29],[-50,7],[-33,30],[-47,18],[-38,-11],[-10,-23],[25,-113],[-18,-62],[-84,-61],[-51,-21],[-90,8],[-60,27],[-58,47],[-20,44],[-36,16],[-43,-20],[-11,-19],[0,-89],[-27,-71],[-74,-47],[-42,-63],[-24,-10],[-67,15],[-58,-7],[-62,-19],[-44,15],[-44,67],[-23,145],[-18,31],[-79,34],[-74,5],[-24,-17],[4,-26],[55,-77],[8,-33],[-18,-50],[23,-58],[-2,-23],[-43,-33],[-151,31],[-48,-6],[-21,-29],[-5,-101],[9,-20],[67,-38],[42,-10],[44,34],[39,-21],[38,-164],[-14,-37],[-35,-28],[-24,14],[-19,59],[-44,13],[-70,-48],[-42,-51],[-64,-150],[-35,-64],[-37,-42],[-64,-19],[-52,-5],[-27,11],[-5,26],[9,73],[26,105],[-32,117],[-33,66],[-49,40],[-169,16],[-71,51],[-29,2],[-81,45],[-40,38],[-25,72],[-11,58],[-52,111],[-71,-7],[-19,47],[-59,69],[-28,105],[-36,47],[-49,10],[-93,-39],[-60,-9],[-66,35],[-43,47],[-24,74],[0,34],[21,56],[5,70],[-18,69],[-72,14],[-50,43],[-14,24],[29,16],[97,2],[-38,96],[-71,134],[2,61],[39,120],[-1,42],[-85,43],[-91,23],[-110,16],[-40,12],[-15,47],[9,63],[-19,27],[-72,44],[-25,-25],[-56,-88],[-38,-15],[-49,3],[-35,14],[51,86],[-10,20],[-124,52],[-75,72],[-12,59],[-27,34],[-12,51],[6,94],[-13,43],[-67,51],[-82,-20],[-39,4],[-36,33],[8,27],[35,33],[37,83],[28,141],[-11,32],[-59,27],[-52,1],[-30,-69],[-41,8],[-44,51],[-1,40],[53,107],[-17,53],[-50,5],[-60,23],[-70,58],[-46,-17],[-34,11],[-15,32],[-32,-14],[-23,-48],[-81,-107],[-33,-73],[-82,-103],[11,-33],[-24,-36],[-78,-380],[-23,-81],[-6,-54],[-71,9],[-52,-27],[-52,-102],[-56,-87],[-8,-40],[-34,-37],[-35,-16],[-106,-20],[-26,-19],[-17,-55],[-24,-35],[-78,-71],[20,-26],[-8,-58],[-24,-35],[-55,-35],[-41,-53],[-24,-62],[-14,-13],[-93,-25],[-12,-21],[-3,-75],[-27,-45],[-55,-64],[12,-44],[25,-32],[-55,-38],[-117,-101],[28,-58],[37,-59],[13,-96],[79,6],[19,-24],[85,34],[49,-14],[-22,-35],[-32,-10],[-95,-74],[-40,-7],[-34,-21],[-32,-44],[-38,-72],[-3,-84],[19,-83],[36,-68],[8,-46],[48,-66],[12,-43],[-12,-44],[87,-44],[84,-64],[29,-70],[17,-76],[-6,-150],[-15,-29],[28,-62],[-50,8],[23,-104],[47,-51],[12,-35],[-3,-94],[8,-76],[35,-55],[11,-76],[-4,-32],[-55,-102],[-71,-68],[-42,-53],[-29,-64],[-16,-114],[-37,-73],[-37,-41],[-80,-19],[-39,19],[-79,-5],[-55,11],[-163,-52],[-50,2],[-23,44],[-1,63],[-84,57],[-31,58],[-32,102],[-34,4],[3,-18],[-74,6],[-72,-35],[-78,-16],[-27,-24],[-122,-5],[-47,-24],[-22,3],[-9,29],[-42,21],[-41,47],[-54,23],[-102,25],[-65,28],[-16,-57],[-83,15],[-85,26],[-116,5],[-34,-12],[-37,-32],[-51,-86],[-40,-87],[-41,-106],[-144,-216],[-52,-108],[-57,-96],[-25,-25],[-94,-47],[-93,-36],[-49,-1],[-102,26],[-17,-9],[-37,-99],[-8,-44],[-66,-70],[-137,-41],[-102,-19],[-45,1],[-102,20],[-71,3],[-176,-37],[-117,-18],[-164,4],[-9,-22],[-10,-147],[-7,-10],[-112,-57],[-63,24],[-80,12],[-42,-55],[-96,-77],[-27,-5],[-113,57],[-26,6],[-55,-40],[-39,-4],[-55,-33],[-22,-30],[-21,-76],[-70,-96],[-85,-75],[-26,-63],[-31,-44],[-71,-60],[-43,-61],[-38,-122],[-23,-117],[-3,-43],[-24,-140],[13,-134],[-17,-22],[-105,-89],[-86,-35],[-75,-20],[-12,-26],[15,-82],[-1,-63],[8,-172],[-14,-85],[9,-20],[59,-29],[3,-43],[-18,-39],[-15,-71],[-44,-46],[2,-94],[-29,-67],[-30,-114],[-2,-73],[39,-126],[-11,-137],[28,-83],[12,-120],[14,-74],[7,-129],[11,-63],[79,-263],[25,-35],[59,-136],[10,-45],[-5,-49],[-31,-54],[-69,-39]],[[19307,54671],[-26,44],[-96,63],[-57,21],[-66,44],[-84,19],[-36,-5],[-123,-51],[-167,8],[-90,-11],[-111,-25],[-167,-53],[-170,-77],[-133,40],[-93,70],[-34,37],[-90,63],[-9,28],[54,14],[21,37],[-29,88],[-41,72],[-54,149],[-32,73],[-29,92],[-26,63],[-119,188],[-22,88],[-32,49],[-190,180],[95,98],[33,46],[-42,87],[-26,71],[-105,121],[-32,100],[-43,44],[-122,79],[-77,103],[-31,71],[-55,178],[-63,100],[-5,43],[63,180],[7,77],[-7,27],[-55,94],[-54,69],[-46,46],[-59,38],[-75,27],[-90,18],[-9,80],[-25,80],[1,69],[-6,96],[-16,102],[22,103],[-4,66],[-18,47],[-50,12],[-42,31],[-129,37],[-79,15],[-74,6],[-20,21],[-36,83],[-24,29],[-91,61],[-97,124],[-171,228],[-67,62],[-136,-16],[-133,0],[-10,35],[-12,168],[-49,94],[-79,105],[-171,181],[-58,50],[-47,15],[-40,0],[-213,-36],[-90,20]],[[14494,59664],[27,48],[177,370],[147,314],[-10,19],[26,39],[152,196],[101,117],[49,69],[76,72],[104,129],[28,88],[54,73],[-19,100],[7,85],[50,123],[68,70],[39,66],[29,73],[-1,26],[-23,61],[-4,58],[26,99],[25,60],[11,110],[18,48],[18,124],[47,165],[18,106],[30,139],[21,54],[56,78],[67,72],[105,78],[87,89],[77,70],[66,44],[75,29],[109,32],[40,25],[123,28],[59,28],[93,61],[126,48],[106,11],[78,3],[33,16],[97,88],[64,112],[32,68],[102,176],[6,27],[-30,74],[-3,37],[15,94],[-1,62],[21,79],[0,59],[-14,89],[5,117],[-18,63],[-22,28],[-67,15],[-29,17],[-22,52],[0,38],[50,76],[10,41],[-7,63],[-18,42],[-87,107],[-27,94],[-16,12],[-2,42],[-94,69],[-14,73],[26,79],[6,42],[-19,51],[-88,30],[-149,29],[-70,24],[-42,29],[-78,38],[-89,25],[-149,3],[-63,-11],[-89,-28],[-32,-18],[-58,-57],[-47,19],[-35,51],[-10,127],[18,47],[-12,85],[6,104],[34,262],[12,152],[33,104],[11,57],[-10,95],[29,50],[39,120],[15,85],[28,70],[24,85],[34,217],[9,186],[35,84],[4,57],[-12,56],[34,123],[68,122],[8,81],[23,83],[50,83],[37,80],[-5,29],[-41,67],[-61,145],[-61,89],[-68,70],[-112,77],[-36,60],[-139,289],[57,42],[29,62],[98,90],[48,67],[131,82],[69,29],[-17,84],[11,151],[66,34],[77,60],[34,40],[101,142],[90,104],[73,92],[104,61],[61,92],[37,75],[30,127],[63,-13],[80,6],[129,-201],[136,51],[122,17],[70,1],[86,-6],[104,5],[79,44],[81,26],[110,-10],[151,-62],[152,-24],[152,-58],[60,9],[69,50],[84,16],[28,15],[20,48],[38,39],[119,-1],[78,-14],[26,3],[96,-17],[103,-28],[-4,-44],[22,-11],[21,-51],[45,-25],[33,-45],[51,-11],[37,-34],[60,-13],[53,-44],[148,-42],[52,-39],[42,-11],[57,22],[39,109],[43,86],[71,36],[33,35],[67,38],[43,39],[50,73],[39,17],[67,8],[61,39],[33,33],[29,13],[32,39],[41,31],[81,41],[99,28],[38,-19],[30,81],[14,87],[-18,81],[6,26],[51,51],[127,111],[23,12],[23,71],[46,30],[91,38],[116,54],[36,46],[35,6],[70,46],[39,13],[105,14],[105,-5],[41,8],[62,65],[20,68],[35,36],[115,59],[94,9],[80,24],[69,146],[-5,36],[-60,68],[-22,53],[0,124],[17,103],[20,47],[1,66],[-25,74],[2,50],[14,57],[44,66],[29,68],[56,241],[37,48],[62,17],[92,79],[54,36],[105,42],[36,28],[49,82],[5,68],[0,109],[40,45],[4,38],[-22,98],[5,21],[81,72],[45,65],[39,39],[19,61],[39,58],[17,8],[91,7],[74,27],[28,32],[45,121],[63,-7],[64,-35],[33,-5],[22,91],[75,81],[69,108],[25,49],[139,83],[194,-107],[48,-15],[26,26],[-40,73],[-34,83],[-4,41],[21,40],[37,36],[33,92],[-12,109],[12,14],[52,13],[39,24],[109,-16],[132,-10],[66,17],[50,-30],[65,-9],[96,35],[81,144],[24,58],[-542,220],[-283,175],[-41,21],[-76,79],[-44,111],[-16,96],[0,51],[-39,101],[-1,23],[31,34],[0,39],[-37,41],[-18,41],[3,36],[28,65],[-49,71],[5,19],[52,25],[-17,30],[-58,4],[-44,59],[-54,35],[-22,64],[2,50],[14,23],[64,60],[9,46],[-27,75],[-6,114],[42,53],[-71,33],[-97,14],[-29,15],[-28,68],[-38,45],[-2,53],[45,39],[-37,109],[-47,54],[-59,55],[-11,24],[-67,11],[5,47],[21,19],[-16,22],[-55,29],[-9,28],[22,62],[-48,0],[-37,29],[-24,55],[-2,56],[37,99],[-19,107],[-95,222],[3,31],[26,13],[-63,57],[-11,73],[17,44]],[[22945,78554],[73,3],[77,-6],[43,5],[70,23],[24,23],[32,79],[36,49],[59,62],[73,47],[31,59],[23,21],[73,2],[26,10],[90,108],[37,13],[40,-21],[35,9],[114,2],[21,-33],[54,-3],[41,39],[100,32],[73,33],[87,-92],[37,-10],[93,45],[40,8],[112,-18],[57,53],[52,27],[75,16],[59,-16],[64,-6],[8,12],[-94,224],[-1,81],[12,113],[-24,113],[-57,125],[-19,63],[2,29],[43,73],[12,76],[4,139],[16,149],[24,31],[-16,117],[44,97],[54,63],[14,82],[-2,75],[33,54],[54,23],[68,55],[41,-10],[58,2],[36,20],[58,78],[15,76],[19,37],[55,66],[105,56],[46,1],[67,28],[85,109],[75,78],[64,31],[146,-37],[18,7],[32,48],[47,36],[57,72],[99,56],[64,125],[18,17],[55,17],[34,26],[103,34],[42,51],[56,18],[41,71],[51,48],[30,63],[57,58],[19,55],[72,92],[5,60],[-25,59],[-3,127],[47,165],[-2,23],[-81,63],[-129,35],[-82,74],[-23,35]],[[81521,98402],[-97,-135],[-147,-10],[28,-39],[-16,-86],[-38,-110],[-55,-121],[-11,-64],[-42,-114],[-88,29],[-9,-18],[-28,16],[80,185],[1,92],[96,282],[-11,43],[-41,54],[-32,21],[-114,12],[-149,120],[-75,35],[-55,-121],[-57,31],[-65,56],[-60,107],[-51,28],[-72,13],[-49,-153],[-31,-49],[-123,-100],[-79,-88],[-47,-80],[-20,-53],[-40,-161],[-28,-69],[-26,-150],[-13,-33],[-76,-84],[-83,-147],[-117,-161],[-31,-1],[-67,30],[-30,23],[-61,95],[-23,68],[-91,87],[-80,64],[-118,70],[-63,21],[-127,-26],[-35,-14],[-31,9],[-43,51],[-29,84],[-1,65],[-83,47],[-25,39],[-16,64],[50,32],[-3,42],[-45,53],[-30,19],[-54,-57],[-60,-43],[-75,-34],[-83,-6],[-31,50],[-34,32],[-7,29],[26,74],[25,116],[41,83],[7,94],[26,58],[29,34],[-12,74],[-27,59],[-52,43],[-13,38],[72,32],[31,56],[63,47],[1,64],[-61,97],[3,40],[-21,24],[-93,25],[-12,56],[-59,98],[-57,77],[-5,94],[-25,100],[8,55],[31,89],[3,65],[-66,64],[-21,67],[-28,34],[-102,14],[-120,2],[-161,52],[-44,-17],[-66,-5],[-85,51],[-26,-27],[-26,-57],[-13,-72],[-61,-51],[-46,8],[-43,-17],[-39,-57],[-57,15],[-76,-4],[-44,21],[-11,25],[-91,-19],[-53,-47],[-45,-6],[-37,7],[-49,-12],[-11,-17],[-60,-4],[-45,-30],[-77,-24],[-68,-11],[-3,-53],[-72,-30],[-39,-4],[-93,7],[-49,-13],[-71,5],[-51,-17],[-45,2],[-62,19],[-91,-1],[-107,10],[-77,-8],[-98,19],[-62,-26],[-41,-37],[20,-110],[27,-77],[-28,-50],[-71,-53],[-38,-52],[-2,-94],[-26,-32],[-100,-45],[-54,-11],[-51,-55],[-18,-43],[-28,-26],[-95,-51],[-149,-119],[8,-79],[-5,-40],[-163,-122],[-60,-76],[-62,-52],[-75,-41],[-58,-42],[-184,-50],[-21,-10],[-104,-78],[-95,-51],[-69,-60],[-93,-110],[-40,-25],[-97,-38],[-55,-37],[-101,-88],[-52,-36],[-80,-23],[-60,-26],[-24,-32],[-21,-58],[-103,-67],[-57,-9],[-142,-70],[-97,-85],[-63,-90],[-48,-94],[-28,-21],[-101,-9],[-85,64],[-41,15],[-47,-4],[-70,-24],[-38,-35],[-56,39],[-38,55],[-18,58],[66,74],[-2,41],[-63,121],[-21,53],[-92,23],[-93,69],[-54,3],[-89,-30],[-150,-72],[-146,-105],[-31,-18],[-27,27],[-54,78],[-51,60],[-108,115],[-41,92],[-8,35],[73,115],[45,99],[55,159],[-55,290],[-22,50],[-41,65],[-37,43],[-43,23],[-99,19],[-58,63],[-56,97],[-90,124],[-47,50],[-172,153],[-55,42],[-74,37],[-31,79],[-186,107],[-52,77],[-59,31],[-70,3],[-72,-33],[-80,-4],[-37,-15],[-49,1],[-84,-46],[-53,-68],[-60,-54],[-101,-48],[19,-70],[-19,-30],[10,-42],[-61,-82],[-72,-67],[-88,-52],[-25,-73],[6,-56],[-11,-58],[-29,-62],[-62,-70],[-105,22],[-100,-59],[-48,-17],[-83,-3],[-84,23],[-86,51],[-59,67],[-44,27],[-87,7],[-64,-19],[-70,16],[-68,35],[-70,10],[-3,76],[-18,69],[-21,19],[-67,3],[-35,14],[-129,18],[-128,10],[-64,0],[-42,-13],[-60,-3],[-75,-29],[-70,8],[-23,-9],[-33,-37],[-22,-84],[-36,-43],[-85,-13],[-41,-39],[-59,-21],[-196,-9],[-163,-33],[-117,-43],[-108,-6],[-82,-46],[-137,-131],[-27,-10],[-191,-26],[-112,-33],[-60,-78],[-79,-61],[-76,-19],[-33,1]],[[66230,98407],[-82,15],[-142,-4],[-225,27],[-71,76],[-48,24],[-113,3],[-27,16],[-69,15],[-32,-4],[-157,9],[-86,-3],[-84,13],[-133,53],[-152,40],[-13,25],[-40,32],[-36,13],[-43,56],[-134,77],[-54,46],[-29,82],[-59,54],[-69,17],[-32,19],[-48,6],[-147,-34],[-85,7],[-65,18],[-96,46],[-113,24],[-76,10],[-116,1],[-144,-92],[-82,-19],[-62,7],[-87,40],[-30,20],[-59,11],[-41,17],[-51,49],[-88,15],[-87,31],[-75,47],[-49,-5],[-63,9],[-133,63],[-64,86],[-52,57],[-34,-16],[-62,-10],[-45,-26],[-73,-28],[-56,-64],[-74,-51],[-19,-33],[-46,-41],[-58,-77],[-21,-13],[-80,0],[-32,-33],[-66,-23],[-38,2],[-104,44],[-50,14],[-95,-7],[-39,8],[-70,-16],[-102,-36],[-58,-12],[-37,-25],[-74,-95],[-27,-10],[-86,-11],[-29,-12],[-65,-51],[-71,-22],[-39,-57],[-31,-17],[-71,-10],[-140,-60],[-13,54],[8,165],[1,107],[41,255],[44,77],[117,54],[103,15],[104,-6],[127,-30],[54,-8],[51,11],[42,30],[27,79],[-7,58],[-57,76],[-24,55],[-5,100],[19,48],[47,54],[-16,69],[-25,45],[-42,23],[-76,12],[-146,58],[-114,50],[-88,53],[-69,71],[-64,22],[-86,-14],[-39,15],[-66,54],[-82,86],[-54,36],[-113,136],[-37,13],[-75,45],[-183,88],[-103,33],[-113,98],[-42,17],[-107,9],[-74,31],[-40,65],[-47,56],[-34,24],[-30,-5],[-79,-62],[-52,-25],[-59,-10],[-124,-57],[-102,-20],[-113,-34],[-92,-50],[-48,-18]],[[58540,100842],[-48,75],[-72,126],[-23,53],[-21,85],[-34,48],[-73,213],[-21,100],[50,20],[46,38],[34,85],[-11,104],[34,54],[9,85],[34,126],[-10,76],[19,29],[-38,148],[26,59],[41,35],[0,28],[-24,92],[3,35],[33,101],[20,127],[57,47],[17,40],[-7,141],[-13,75],[21,28],[50,30],[84,-21],[59,35],[32,57],[2,29],[-23,54],[72,210],[-5,65],[-68,228],[-3,84],[28,32],[89,36],[46,39],[62,36],[34,0],[43,-32],[27,-84],[5,-72],[23,-72],[59,-121],[30,-22],[26,12],[5,120],[-13,73],[16,63],[-20,117],[13,37],[-6,39],[-62,139],[5,38],[67,92],[2,107],[12,39],[60,81],[41,117],[38,44],[22,9],[102,3],[43,-21],[41,-7],[61,-27],[64,-41],[54,15],[33,-4],[48,-24],[53,-2],[19,31],[39,16],[35,-7],[23,-58],[45,-43],[59,-27],[28,-34],[75,-39],[23,-62],[88,-63],[72,-120],[13,-13],[109,2],[54,-14],[66,5],[62,-36],[49,3],[133,-69],[40,-14],[103,-57],[-4,-89],[28,-90],[106,-130],[30,-93],[73,-62],[121,-56],[44,-5],[100,13],[66,-38],[21,-3],[117,18],[128,-31],[64,23],[88,98],[122,35],[51,53],[72,128],[6,55],[-33,131],[3,35],[31,26],[54,12],[51,-7],[121,87],[37,35],[48,73],[69,22],[90,11],[22,17],[54,78],[123,34],[72,28],[82,-23],[58,6],[56,34],[86,-1],[81,37],[76,8],[69,-6],[42,10],[25,42],[-20,142],[-7,129],[24,166],[33,106],[-4,53],[-36,28],[-12,53],[59,32],[40,38],[27,57],[51,72],[34,30],[10,51],[-20,60],[72,82],[23,129],[46,105],[5,105],[32,55],[69,64],[19,117],[20,48],[42,44],[12,31],[15,137],[23,111],[11,98],[31,83],[34,48],[55,47],[38,22],[25,31],[84,176],[73,-18],[41,-31],[80,19],[44,-5],[127,28],[58,21],[87,60],[53,2],[97,-31],[61,-67],[66,12],[134,-18],[66,20],[96,-35],[54,18],[36,37],[92,62],[24,37],[42,15],[78,1],[34,-8],[88,-52],[191,15],[48,-21],[40,-38],[106,-34],[67,-38],[44,10],[123,62],[123,-9],[109,18],[38,26],[85,28],[40,58],[35,96],[127,95],[156,-24],[126,24],[20,-4],[94,-57],[39,-7],[86,27],[122,3],[51,22],[233,-12],[87,24],[55,67],[52,115],[20,30],[12,76],[38,49],[67,53],[158,68],[7,40],[65,71],[14,67],[19,32],[78,39],[66,25],[77,-22],[81,21],[71,81],[27,6],[48,-16],[104,-59],[115,-36],[72,4],[62,-31],[45,-8],[55,3],[51,25],[62,5],[237,57],[59,-20],[64,29],[19,29],[79,45],[74,29],[48,51],[30,10],[72,-30],[47,3],[48,24],[78,84],[17,61],[86,95],[96,43],[119,77],[61,68],[6,90],[-2,66],[33,65],[10,107],[44,87],[-6,79],[31,88],[20,30],[-25,50],[8,23],[52,18],[68,62],[87,49],[39,12],[132,94],[50,72],[37,22],[47,71],[-1,107],[-37,175],[-3,42],[-33,111],[5,107],[-22,56],[-26,35],[-7,32],[-43,47],[-25,56],[8,118],[20,54],[-2,49],[26,59],[12,49],[29,62],[62,89],[-5,48],[-60,143],[-1,78],[-24,52],[2,33],[23,47],[7,109],[-30,52],[-85,15],[-47,81],[-51,103],[-2,87],[28,34],[1,60],[36,28],[12,47],[144,61],[24,39],[-5,46],[-106,89],[25,56],[-7,22],[-61,17],[-36,-19],[-50,6],[-71,22],[-49,76],[-53,-16],[-50,8],[-57,42],[-49,74],[-24,12],[-63,-5],[-22,21],[-27,82],[8,34],[-39,15],[3,29],[52,30],[60,74],[15,110],[22,26],[11,76],[56,37],[4,25],[-66,15],[-54,44],[1,48],[43,34],[36,48],[33,21],[1,27],[63,-1],[31,27],[53,15],[34,37],[7,67],[47,30],[86,10],[35,12],[89,5],[18,28],[106,10],[-2,-66],[34,-34],[42,-3],[10,-28],[55,-2],[40,35],[81,20],[58,-7],[28,31],[81,57],[119,106],[58,37],[87,28],[56,-9],[67,9],[68,25],[32,-8],[87,-67],[48,16],[67,-12],[55,24],[45,60],[50,14],[42,-47],[48,6],[59,-18],[83,-5],[86,18],[40,18],[27,-28],[51,-23],[77,13],[51,1],[100,28],[13,112],[5,85],[26,-26],[57,-28],[70,-14]],[[73653,114036],[48,-51],[56,-85],[60,-34],[11,-53],[43,-95],[54,-38],[60,-61],[50,-92],[17,-56],[2,-65],[-16,-67],[3,-35],[39,-34],[119,-39],[51,-11],[50,4],[165,66],[122,73],[39,12],[69,-29],[89,-49],[79,-6],[81,-27],[62,-92],[81,-82],[66,-19],[34,-40],[13,-56],[43,-69],[48,-62],[60,-49],[17,-38],[38,-10],[75,-3],[46,-28],[55,5],[70,59],[41,23],[30,3],[55,-18],[55,37],[88,-26],[93,-39],[84,-56],[44,6],[36,30],[74,35],[16,-5],[68,-142],[30,-49],[70,-47],[33,-36],[18,-61],[-8,-78],[8,-65],[26,-48],[1,-27],[-20,-59],[2,-66],[22,-36],[22,-6],[84,37],[58,1],[56,17],[-1,40],[40,106],[55,52],[53,30],[30,30],[18,48],[61,58],[37,78],[22,15],[103,18],[72,24],[90,44],[75,24],[54,39],[45,49],[54,34],[57,8],[49,-11],[54,36],[31,5],[46,30],[32,2],[40,-30],[92,-36],[47,29],[56,48],[71,43],[63,29],[65,-5],[40,11],[33,25],[90,14],[44,-30],[64,-23],[38,-29],[44,-16],[66,-44],[110,0],[52,7],[69,-71],[75,-15],[100,8],[71,65],[46,22],[35,41],[-21,86],[1,76],[37,36],[107,4],[47,-13],[65,23],[18,47],[-10,37],[-34,40],[-45,145],[56,67],[84,54],[80,-1],[80,58],[30,55],[89,70],[16,45],[-31,128],[40,49],[15,70],[30,33],[85,34],[49,110],[30,49],[92,40],[42,3],[57,25],[60,70],[11,47],[-24,33],[-44,165],[47,106],[-10,85],[-46,83],[0,58],[13,31],[45,31],[60,13],[77,81],[36,67],[34,17],[80,-39],[33,-7],[76,12],[38,-20],[37,12],[23,32],[77,-6],[50,23],[19,62],[35,33],[0,53],[40,64],[1,39],[-65,72],[45,31],[9,70],[-12,54],[58,26],[65,51],[35,78],[10,90],[-5,46],[72,115],[39,29],[39,-1],[48,-41],[123,-44],[12,-26],[42,-36],[40,-16],[30,9],[50,-20],[46,2],[63,34],[121,-7],[64,-53],[69,-83],[47,10],[55,-24],[30,-29],[45,-2],[54,-32],[37,-41],[104,-47],[28,-5],[58,21],[50,-26],[15,-25],[30,-115],[1,-75],[35,-50],[-12,-33],[-62,-98],[0,-31],[-19,-74],[50,-55],[46,-26],[36,-35],[51,-23],[27,-28],[49,-27],[56,-64],[96,-46],[28,-31],[23,-92],[36,-50],[125,-65],[41,-6],[63,20],[71,41],[144,-53],[48,-46],[-9,53],[7,28],[29,22],[35,4],[68,27],[36,27],[43,73],[52,21],[97,104],[22,50],[142,113],[81,41],[15,-4],[68,-68],[1,-96],[64,-59],[125,-52],[57,-55],[76,-34],[12,-14],[13,-66],[66,-49],[47,-15],[86,-62],[31,-47],[32,-21],[53,-15],[62,-35],[13,-25],[-18,-58],[1,-48],[34,-26],[37,-100],[49,-42],[48,26],[67,22],[123,5],[51,9],[34,26],[24,44],[52,25],[61,-11],[78,6],[44,-9],[115,-8],[74,11],[76,-15],[15,-12],[56,-104],[47,-46],[19,-3],[24,29],[51,-8],[42,11],[64,-2],[52,51],[53,11],[52,-16],[45,-1],[59,-24],[108,35],[38,-12],[59,-65],[33,-5],[54,24],[23,44],[31,14],[104,18]],[[86890,114182],[29,-102],[32,-38],[56,-14],[25,-33],[42,10],[34,-8],[-11,24],[37,8],[18,-12],[99,7],[18,-18],[-30,-38],[7,-32],[-41,17],[25,-46],[-56,20],[57,-67],[-24,-14],[-63,15],[-19,-14],[3,-34],[33,4],[-11,-34],[33,6],[-14,-47],[22,-22],[-68,-50],[13,-47],[-8,-32],[-44,-15],[-22,-26],[2,-94],[47,-107],[27,-20],[55,13],[258,-238],[-210,-212],[-14,12],[-171,-172],[14,-13],[-236,-238],[-172,75],[-210,-91],[-19,-33],[-21,4],[-30,-105],[-21,-18],[-96,52],[-100,-13],[-53,-101],[-19,1],[45,-58],[41,-7],[76,-42],[0,-11],[161,-86],[34,11],[480,-260],[7,2],[102,198],[29,313],[17,15],[841,848],[96,40],[75,69],[72,44],[-22,-68],[19,-37],[30,8],[12,-34],[192,-25],[-46,-371],[20,-13],[-44,-95],[35,-32],[-174,-178],[-35,32],[-114,-116],[35,-32],[-107,-109],[-35,32],[-101,-102],[123,-204],[750,413],[12,-19],[184,105],[-8,12],[93,52],[8,-12],[143,80],[-7,12],[85,47],[22,-8],[-60,99],[-210,94],[39,318],[-2,0],[75,637],[23,-2],[-89,-750],[42,-40],[-9,-8],[99,-94],[54,3],[50,-75],[-12,59],[95,-32],[-33,-78],[-6,24],[-18,-34],[-41,-20],[58,-92],[40,15],[135,14],[14,-18],[-66,-41],[74,4],[2,-28],[-62,-33],[56,15],[28,-43],[-25,-16],[33,-20],[-4,-22],[-86,-39],[43,4],[82,-15],[27,-17],[-26,-23],[14,-18],[-45,-26],[-66,-21],[48,-2],[66,24],[45,-5],[20,-54],[-6,-32],[-76,-60],[-79,0],[5,-11],[-60,-17],[3,-20],[42,14],[97,7],[32,-15],[14,-35],[-12,-44],[-121,-33],[-29,-4],[10,-30],[23,20],[23,-17],[-20,-34],[49,17],[-5,-31],[-23,-21],[56,-45],[38,20],[24,-22],[45,-3],[52,47],[84,0],[21,-24],[-11,-28],[-52,-6],[-2,-24],[-40,-19],[29,-11],[34,16],[31,-10],[-18,-27],[-101,-28],[70,5],[-36,-23],[28,-28],[40,20],[-70,-73],[60,21],[-41,-27],[-57,-74],[-32,-4],[-41,18],[5,-41],[-27,-19],[21,-17],[-11,-19],[-92,-5],[39,-5],[-37,-40],[-50,-14],[-4,-28],[15,-34],[65,8],[-10,-34],[-80,-11],[-7,-42],[32,-2],[22,-34],[51,13],[38,-2],[-61,-25],[-27,-34],[-56,-5],[-53,23],[-36,34],[-76,55],[-40,-9],[-48,8],[-11,-22],[-24,32],[-74,21],[-50,-6],[8,15],[-68,11],[-132,11],[-43,33],[-49,16],[-60,-6],[-94,29],[-78,-16],[-95,-48],[-31,-31],[-49,-14],[-94,-43],[-78,10],[-53,46],[-54,19],[-1,18],[-35,9],[-43,-6],[-3,15],[-62,12],[12,-95],[-70,-8],[1,-12],[-212,-23],[-135,-44],[15,-138],[-38,-5],[-15,129],[-206,-67],[-4,10],[-58,-22],[11,-17],[37,1],[24,-52],[15,-123],[330,36],[2,4],[220,32],[-1,13],[242,26],[7,-57],[224,-12],[9,87],[40,9],[-12,-117],[87,-5],[145,158],[102,-10],[42,-17],[21,-29],[84,-181],[30,-50],[68,-54],[49,-13],[-23,-10],[52,-17],[-19,-47],[68,-105],[35,-81],[18,-76],[66,-58],[63,-16],[63,0],[45,23],[30,64],[-17,25],[26,21],[7,52],[38,18],[35,-17],[67,16],[34,26],[22,-4],[53,18],[8,42],[-49,48],[2,55],[55,19],[45,-40],[-49,-23],[-1,-21],[37,-43],[40,-5],[30,21],[3,37],[29,13],[62,8],[20,22],[-22,43],[-1,46],[13,12],[42,-13],[-4,30],[28,-15],[17,37],[-19,22],[35,25],[84,-21],[75,3],[7,-23],[-38,-37],[0,-21],[29,20],[5,-19],[70,-3],[-53,-51],[34,-16],[3,-52],[39,17],[48,-21],[119,17],[102,-38],[25,-55],[-25,27],[10,-54],[-15,-3],[16,-56],[-18,-31],[-53,-12],[-41,73],[-70,109],[49,-90],[28,-109],[-22,-11],[-55,6],[-38,57],[-46,97],[18,-77],[29,-53],[-21,-18],[-38,25],[-44,61],[41,-89],[-105,-24],[-52,-28],[67,10],[75,-2],[-23,-18],[67,-18],[-4,-18],[-113,-17],[-56,-29],[-101,17],[-44,32],[18,-29],[-32,16],[-9,-45],[-101,-1],[-21,15],[-18,-69],[18,-57],[59,-2],[15,-26],[29,22],[46,-25],[36,10],[38,-8],[38,-37],[-38,-15],[-23,13],[-3,-30],[64,-20],[75,5],[19,-12],[-72,-38],[42,-32],[-44,0],[-30,31],[-88,14],[-76,-15],[-33,-33],[-65,1],[-30,-15],[-120,34],[75,-35],[28,-20],[-40,-12],[-67,21],[-10,17],[-55,-5],[-35,13],[-6,21],[-64,5],[35,-13],[-4,-18],[28,-25],[34,-8],[22,-30],[-73,4],[-94,32],[-16,23],[-65,-10],[28,-23],[-63,-117],[-92,-27],[-40,18],[-8,24],[-21,-11],[-35,64],[-5,-34],[-44,-61],[-21,0],[-17,28],[42,62],[-66,-45],[-53,9],[-23,-48],[-50,-15],[-59,-31],[-33,13],[9,34],[35,59],[-41,-40],[-99,-40],[4,-28],[-34,-10],[-34,15],[-1,-56],[33,-5],[-11,-39],[46,27],[83,-4],[89,-30],[-24,-38],[-149,-33],[-14,-21],[-70,-27],[-24,6],[-41,-68],[-31,29],[-34,-28],[-38,0],[-2,-35],[32,2],[96,-27],[80,-14],[41,-34],[-17,-16],[-85,-15],[-70,13],[-29,-14],[-19,13],[-63,-5],[21,-19],[-84,-39],[-107,-34],[-17,53],[18,51],[-59,-26],[-65,-63],[11,-13],[-28,-19],[-35,0],[3,30],[-27,14],[-53,-44],[-43,12],[-6,20],[55,28],[-78,6],[28,25],[-14,25],[-31,2],[13,25],[-68,34],[-56,43],[-62,16],[-3,-24],[-41,17],[-58,8],[-58,-5],[-37,-21],[-2,-46],[-41,-29],[-58,-8],[-69,26],[53,8],[-48,15],[-13,44],[-62,42],[-54,-33],[-66,14],[1,42],[-41,1],[-53,-43],[-21,-31],[-33,-90],[4,-27],[28,4],[2,-33],[29,-19],[111,-29],[-38,-20],[77,2],[-55,-33],[-53,-12],[25,-28],[-4,-28],[-65,-15],[-41,5],[1,22],[-28,-3],[-10,-22],[-29,0],[18,58],[-37,-41],[-27,12],[-2,63],[-31,-44],[-1,62],[-33,19],[-44,-22],[6,-53],[-32,-21],[10,29],[-53,6],[-35,-26],[13,-10],[-22,-33],[-26,6],[-7,-23],[-47,-38],[-47,-11],[-14,23],[-37,-31],[-7,13],[-44,-22],[-17,5],[-43,-59],[-44,-19],[-70,-194],[-6,-79],[-36,-88],[-23,-20],[-10,-40],[-36,-67],[5,-54],[-22,-43],[-24,-97],[-17,-17],[-4,-38],[-40,-65],[-5,-29],[-81,-96],[-30,-56],[-37,-46],[-12,-55],[-33,-23],[-10,-41],[-37,-57],[-11,-63],[-37,-85],[-46,-124],[-40,-62],[1,-26],[-80,-188],[-28,-74],[-38,-58],[-35,-83],[-38,-28],[-34,-42],[5,-77],[-6,-77],[-34,-74],[0,-49],[-15,-8],[-6,-48],[-24,-33],[2,-40],[-24,-30],[-3,-66],[-28,-79],[-17,-23],[-1,-45],[-33,-125],[-44,-242],[22,-44],[-13,-46],[25,-31],[12,-52],[22,-33],[72,-36],[118,-81],[85,145],[101,-50],[-22,-29],[-1,31],[-77,47],[-89,-151],[28,-16],[-9,-24],[-58,-71],[73,-25],[24,44],[21,67],[26,-20],[-22,-10],[-52,-102],[13,-15],[49,-2],[-31,-76],[33,-22],[-23,-5],[55,-69],[-122,-20],[-4,-20],[49,1],[-3,-17],[38,1],[-10,-54],[32,-7],[7,-32],[-20,4],[-46,-30],[-49,-7],[-33,-21],[-60,39],[-10,-37],[-20,-16],[-35,60],[-40,34],[21,-43],[-14,-10],[-34,48],[-22,-22],[4,-65],[-8,-28],[-65,4],[33,-46],[-39,-12],[26,-8],[-16,-39],[-42,7],[-23,21],[17,-62],[-37,37],[-30,-46],[-36,-2],[-9,29],[-54,-41],[-53,-21],[76,-15],[-71,-50],[52,-23],[-4,-34],[13,-33],[-41,-5],[11,-42],[-83,29],[-19,-20],[-26,25],[-49,-46],[6,-17],[-22,-43],[24,-36],[-50,-27],[-33,25],[-49,-75],[-19,-58],[-31,-53],[-12,-54],[-38,-88],[3,-60],[-26,-31],[-38,-87],[-22,-30],[-17,-83],[-14,-25],[21,-38],[-36,-17],[10,-21],[-25,-28],[-30,-77],[1,-33],[-21,-31],[10,-27],[-19,-90],[29,-78],[41,9],[-12,-51],[19,-4],[-12,-44],[64,11],[66,-2],[18,-18],[56,-5],[24,-31],[-47,-27],[-22,-27],[65,-16],[63,-54],[8,-39],[-35,-37],[18,-4],[-29,-41],[-87,-29],[-48,0],[0,-22],[44,-1],[-18,-25],[51,16],[-5,-33],[-43,-27],[76,-62],[69,-23],[29,9],[11,31],[87,1],[-16,-20],[44,9],[42,-36],[1,-29],[-82,-10],[-70,-26],[36,-20],[61,14],[7,-55],[9,49],[29,14],[28,-12],[0,-35],[-103,-58],[59,15],[54,-12],[-22,-13],[11,-46],[-34,-20],[-32,6],[-13,-26],[-30,6],[-30,-27],[-35,-11],[10,-27],[37,25],[59,1],[-15,-50],[-38,-22],[-10,-42],[80,-12],[61,-71],[-34,-24],[-40,-3],[-14,-19],[1,-45],[31,-50],[38,-16],[-19,-34],[30,20],[53,-4],[4,-27],[-60,-74],[-115,-47],[-16,-28],[-28,-11],[-40,-48],[-54,0],[-29,29],[-1,-39],[-28,-20],[-29,13],[20,46],[-36,2],[9,46],[-20,15],[-30,-13],[-27,28],[-7,-19],[-22,23],[-90,-13],[-71,-47],[-22,-45],[-22,-18],[-9,-137],[-7,-30],[-26,-7],[-49,40],[-20,-38],[-41,-19],[-69,-46],[-39,-4],[-59,18],[-18,-5],[-57,44],[-39,115],[-7,6],[29,67],[-22,-7],[-26,42],[-102,-33],[-48,-31],[26,-30],[4,-208],[106,13],[30,-16],[-10,-24],[-40,-21],[-43,-110],[3,-23],[-41,-19],[-23,-70],[-80,-172],[-6,3],[71,143],[-36,-10],[-28,9],[-55,-14],[-64,0],[-18,-28],[-66,-34],[-21,-33],[-27,-76],[-27,-44],[-16,-63],[19,-19],[-42,-20],[-28,-78],[-44,-50],[-19,-45],[18,-68],[-36,-56],[-49,-15],[-185,-170],[-156,-63],[-79,-65],[-61,-75],[-164,-230],[-98,-149],[-31,-68],[-105,-168],[-41,-51],[-55,-98],[-140,-290],[-159,-370],[-112,-239],[-114,-234],[-45,-104]],[[90647,110751],[-66,-2],[-40,19],[0,27],[39,12],[126,13],[72,-6],[-36,-15],[68,9],[50,-11],[-45,-18],[61,-10],[4,-12],[-53,-25],[-25,-33],[-41,-22],[-42,29],[-47,52],[-25,-7]],[[88220,113379],[-19,36],[13,47],[36,28],[28,2],[43,32],[-3,59],[67,41],[9,-19],[25,28],[29,-55],[-6,-30],[-36,-8],[-7,-20],[-58,-4],[-33,-57],[40,-21],[-5,-19],[-59,-42],[-24,12],[-40,-10]],[[84392,100340],[14,-35],[28,12],[4,30],[40,13],[15,-54],[31,-47],[-81,3],[-91,-15],[17,33],[7,62],[-21,-17],[14,99],[26,39],[51,-4],[-39,-49],[-15,-70]],[[88475,109264],[-18,29],[-33,13],[23,23],[79,23],[56,-14],[16,-28],[-10,-25],[-47,-40],[-11,10],[-40,-22],[-15,31]],[[84965,102101],[-46,-38],[-73,-14],[8,32],[158,91],[32,2],[13,-27],[-41,-20],[-26,-32],[-25,6]],[[90880,113127],[-249,-239],[-12,11],[353,342],[13,-12],[-105,-102]],[[90338,110201],[20,0],[39,-54],[-10,-18],[-94,4],[-38,31],[11,22],[72,15]],[[89332,109913],[-25,5],[25,52],[30,30],[86,-42],[30,-28],[-15,-5],[-108,12],[-23,-24]],[[90923,113890],[0,-58],[-18,1],[3,75],[1,350],[31,-1],[-14,-19],[-3,-348]],[[84836,102573],[30,16],[24,-37],[-19,-29],[43,-1],[-31,-21],[-75,-2],[-32,34],[60,40]],[[84524,100305],[3,34],[84,26],[18,-22],[-2,-49],[-84,1],[-19,10]],[[89825,111652],[-37,-29],[-43,33],[21,27],[60,11],[22,-10],[-23,-32]],[[84344,100350],[-25,-43],[-29,-14],[-5,19],[55,108],[16,-18],[-12,-52]],[[84882,100912],[-47,17],[67,29],[47,-8],[-17,-44],[-50,6]],[[90649,110829],[-44,-12],[-80,-8],[-12,14],[100,24],[81,3],[-45,-21]],[[88823,109545],[54,-7],[-4,-23],[-33,-14],[-50,3],[-8,13],[41,28]],[[88342,109322],[-29,-23],[-25,15],[22,27],[70,36],[-7,-27],[-31,-28]],[[84789,101993],[0,31],[69,1],[1,-30],[-54,-16],[-16,14]],[[84454,100125],[54,4],[-26,-30],[-68,-13],[-13,18],[53,21]],[[84382,103496],[40,5],[7,-16],[-47,-41],[0,52]],[[89715,112318],[12,-16],[-28,-25],[-17,44],[33,-3]],[[84229,101906],[8,41],[34,-9],[-23,-36],[-19,4]],[[84893,102447],[30,-21],[-37,-20],[-13,43],[20,-2]],[[86526,108169],[-16,-18],[-7,47],[26,10],[-3,-39]],[[84551,104195],[34,-13],[-14,-38],[-17,5],[-3,46]],[[84449,100156],[-17,4],[32,27],[27,-20],[-42,-11]],[[87314,109507],[-29,-27],[-31,7],[33,25],[27,-5]],[[84785,102972],[6,-15],[-49,9],[12,23],[31,-17]],[[91039,113766],[-20,-29],[-19,20],[39,9]],[[85850,105028],[-31,-31],[-16,13],[47,18]],[[85597,105355],[4,-37],[-36,12],[32,25]],[[89124,113051],[13,26],[27,-12],[-40,-14]],[[91111,113756],[-24,-21],[-6,25],[30,-4]],[[84941,102411],[2,-27],[-28,4],[26,23]],[[85724,105171],[-25,-9],[-2,22],[27,-13]],[[89551,112639],[22,-23],[-21,-8],[-1,31]],[[85556,105366],[22,-1],[-7,-27],[-15,28]],[[62352,13867],[24,-39],[39,-15],[84,-5],[80,88],[-69,51],[6,7],[65,-53],[88,132],[24,-5],[21,22],[-6,-70],[25,-118],[-32,-80],[-46,-41],[-33,-4],[-30,-24],[-45,-9],[-52,40],[-34,-8],[-30,-30],[-38,-127],[5,-70],[14,-15],[117,-46],[44,14],[16,42],[65,10],[78,-12],[65,78],[27,-52],[-7,-71],[-43,-81],[17,-43],[31,-7],[44,13],[17,-26],[-29,-62],[14,-18],[-12,-44],[9,-33],[25,46],[27,-3],[-27,-69],[26,-18],[-29,-14],[-31,18],[-5,-47],[14,-10],[13,-53],[55,19],[22,-81],[-37,-22],[-34,8],[-53,-55],[-62,-40],[-76,-12],[-43,-33],[-34,-47],[-13,-52],[-2,-83],[-55,-99],[-29,-28],[54,-78],[-11,-53],[-12,2],[10,51],[-43,70],[-10,-30],[-98,-60],[13,-59],[78,2],[10,-10],[-78,-8],[-16,7],[-25,89],[-76,-22],[-44,-33],[-46,-19],[-146,-3],[-88,-46],[-94,-22],[-26,-15],[-19,20],[-133,-19],[-60,2],[-68,-51],[-20,-68],[-95,-87],[-143,-81],[-107,-39],[-29,-18],[-87,-23],[-60,-52],[-62,-36],[-25,-26],[-110,-50],[-30,-41],[-36,-23],[-112,-34],[-55,-26],[-97,-11],[-29,-20],[-26,-93],[-28,-142],[-30,-233],[4,-60],[-7,-154],[7,-189],[0,-81],[25,-183],[25,-139],[19,-64],[-3,-64],[12,-39],[55,-49],[94,-143],[47,-125],[119,-117],[46,-52],[66,-49],[23,-28],[98,-75],[59,-77],[56,-34],[32,-39],[19,-71],[52,-70],[81,45],[25,5],[-115,-63],[-6,-92],[-19,-48],[-25,-131],[-7,-131],[20,-84],[28,-62],[39,-169],[7,-138],[33,-128],[9,-65],[19,-66],[42,-188],[2,-63],[-13,-32],[-51,-52],[-28,-56],[-30,-93],[-10,-122],[20,-84],[24,-33],[-15,-31],[-4,-58],[24,-2],[19,-39],[-40,-14],[-38,-100],[-6,-87],[-110,-32],[-52,-50],[-23,2],[-29,-35],[-102,-90],[-97,-159],[-11,-58],[25,-40],[27,-78],[-15,-21],[23,-18],[-18,-70],[-66,-4],[-26,-52],[-1,-43],[-39,-34],[-77,-11],[-105,-33],[-85,-17],[-297,-107],[-115,29],[-75,-11],[-68,-46],[-108,-28],[-87,-51],[-75,-74],[0,-61],[-16,-57],[-7,-75],[-76,2],[-30,-14],[-40,-45],[-96,-36],[-67,-1],[-19,9],[-66,-3],[-188,7],[-84,-54],[-2,-40],[-60,-24],[42,-71],[30,-7],[-1,-57],[-11,49],[-26,15],[-10,18],[-51,-27],[-20,11],[23,-56],[-52,40],[-46,-25],[-85,-76],[-30,-48],[-37,-82],[-20,-78],[-6,-77],[4,-48],[-16,-44],[-39,-51],[-18,-105],[-8,-112],[14,-95],[43,-112],[30,-44],[51,-52],[29,-9],[34,-35],[61,-47],[87,-41],[42,-32],[38,-71],[-5,-47],[-32,-74],[20,-26],[-74,1],[-49,29],[-51,6],[-123,-17],[-143,-2],[-50,-10],[-81,12],[-74,23],[-140,-2],[-48,-14],[-60,-46],[-32,-9],[-31,17],[-76,-4],[-60,-36],[-11,-52],[33,-41],[-6,-23],[-120,-108],[-18,-59],[1,-44],[22,2],[96,66],[16,-24],[-71,-45],[48,-88],[170,86],[-53,107],[71,-133],[120,153],[58,33],[-51,-39],[-133,-167],[-62,-39],[-69,5],[-103,-64],[14,-51],[-3,-109],[-50,-128],[5,-26],[-25,-83],[-8,-98],[20,-118],[46,-38],[8,-24],[-3,-65],[-13,-27],[29,-61],[-22,-69],[29,-129],[35,-127],[90,-180],[100,-111],[178,-75],[32,-6],[49,-39],[74,-76],[97,-35],[93,-54],[114,-33],[32,-22],[61,-3],[54,-13],[41,-26],[83,-107],[65,-49],[6,-20],[167,-189],[13,-24],[46,-18],[67,-42],[76,-10],[-22,-56],[-18,-14],[-6,-47],[9,-187],[-5,-33],[-30,-51],[-23,-59],[5,-35],[-28,-88],[-43,-42],[-71,-109],[-128,-140],[6,-21],[-50,-18],[-33,8],[-42,-16],[-44,-32],[2,-19],[-53,-25],[-75,-20],[-39,-26],[-15,-28],[-85,-28],[-161,40],[-115,-12],[-74,-23],[-143,-71],[-61,-8],[-85,32],[-80,57],[-75,46],[-74,58],[-44,26],[-126,44],[-58,13],[-121,75],[-97,36],[-73,3],[-41,20],[-99,16],[-85,35],[-104,16],[-42,52],[-57,34],[-112,93],[-37,73],[-62,51],[-103,54],[-9,38],[-65,65],[-19,34],[-21,73],[-67,92],[-30,60],[-21,-7],[-31,42],[35,21],[2,80],[-7,67],[-22,103],[-6,69],[-21,113],[-9,201],[15,53],[-5,80],[2,94],[-47,99],[-29,39],[-21,123],[-49,92],[-74,18],[-51,20],[118,-30],[43,14],[20,74],[-4,45],[-45,29],[-45,-87],[-19,-11],[61,110],[-24,52],[-44,44],[-56,33],[-28,49],[-10,43],[-40,63],[-90,88],[-58,48],[-75,33],[-76,8],[-92,-27],[-32,1],[12,-204],[-98,-81],[-6,7],[97,81],[-2,68],[-139,-17],[-2,14],[-56,3],[3,-25],[-144,-18],[-46,-50],[37,-44],[55,-41],[97,-10],[23,124],[-18,-129],[39,-4],[37,-38],[44,-13],[-6,-16],[-46,15],[-40,41],[-24,6],[-182,18],[-16,-46],[-3,27],[-42,15],[0,30],[-32,-1],[-60,-44],[-89,-83],[-72,-25],[-90,-46],[-80,-4],[-70,-40],[-43,8],[-30,25],[-9,45],[-63,161],[-35,70],[-38,56],[-72,46],[-34,-64],[-122,-15],[0,10],[119,15],[34,57],[-72,24],[-24,23],[-74,-6],[-54,-32],[-49,-12],[-33,-25],[1,-31],[-24,-47],[-65,-85],[-67,-126],[-19,-98],[-38,-56],[-92,-65],[-88,-68],[-55,-22],[-103,-74],[-91,-40],[-40,-51],[-96,-41],[-122,5],[-29,9],[-48,-15],[-95,1],[-68,39],[-83,30],[-38,2],[-95,-17],[-59,-20],[-37,-28],[-133,-31],[-65,-8],[-59,4],[-29,12],[-55,-3],[-282,-66],[-96,-9],[-56,-11],[-94,-36],[-129,-26],[-111,-33],[-61,28],[-114,66],[-146,32],[-128,-6],[-35,3],[-165,-14],[-58,8],[-102,37],[-64,39],[-13,27],[-70,70],[-38,50],[-168,156],[-150,111],[-63,38],[-127,43],[-49,29],[-15,36],[-103,147],[-120,130],[-36,48],[-21,48],[-28,109],[-19,56],[-61,106],[-20,70],[-53,80],[-10,44],[-18,20],[-56,266],[6,112],[-24,173],[-45,178],[-5,107],[-109,91],[-67,41],[-149,109],[45,94],[44,113],[38,86],[-16,135],[-8,106],[0,82],[33,101],[-28,176],[0,82],[20,44],[-15,11],[9,33],[25,16],[95,134],[59,57],[54,28],[68,68],[59,40],[124,57],[23,26],[-2,102],[37,-112],[17,-20],[-61,-9],[-75,-29],[-110,-67],[-53,-53],[15,-20],[-31,-20],[34,-20],[17,31],[52,-28],[78,37],[-26,51],[80,52],[27,-31],[67,28],[65,72],[34,-7],[16,43],[-35,22],[40,42],[23,46],[25,97],[1,55],[-24,148],[4,37],[-69,66],[17,24],[-30,21],[-14,-28],[-19,92],[13,11],[-28,39],[-60,63],[-8,46],[-132,114],[-126,82],[-59,28],[-150,45],[-99,14],[-128,60],[-80,19],[-108,-13],[-37,9],[-58,-23],[-4,-31],[31,-30],[10,-69],[-20,-56],[-30,-32],[-32,-109],[-54,-82],[0,-17],[-75,7],[-30,-17],[-23,-46],[-54,-64],[2,-24],[-31,-41],[-43,-13],[-4,-53],[-30,16],[0,37],[-26,21],[12,33],[35,42],[1,76],[-15,59],[-39,46],[-2,54],[-42,41],[-34,125],[-1,54],[10,18],[-20,62],[11,52],[-28,43],[3,58],[-31,26],[-76,27],[-61,12],[-46,43],[-57,123],[-47,135],[-42,97],[-39,68],[-91,135],[-71,115],[-56,65],[-40,31],[-108,64],[-64,24],[-40,-7],[-31,63],[-83,49],[-2,15],[-100,60],[-27,8],[-128,72],[-79,12],[-45,-25],[-37,-61],[-19,-16],[-32,13],[37,53],[10,37],[-15,39],[-53,48],[-66,3],[-11,-32],[-33,-40],[-23,-6],[34,115],[-58,42],[-263,-41],[0,10],[97,9],[167,26],[58,-43],[17,16],[-20,86],[66,225],[-102,-67],[-76,-71],[-27,-14],[105,98],[103,65],[-2,28],[-35,44],[-11,-8],[-98,141],[-58,-37],[-51,-224],[-170,37],[98,418],[28,85],[-82,43],[-159,30],[-42,14],[-138,26],[-73,7],[-81,-6],[-88,-381],[56,-171],[-12,11],[-51,158],[50,219],[44,179],[-38,40],[-80,43],[-28,-1],[-22,-38],[0,52],[-50,26],[-59,18],[-36,-8],[-4,-50],[-17,-2],[9,61],[-40,18],[-70,11],[-48,-4],[-9,-72],[-11,1],[9,84],[-153,22],[-187,34],[-87,-13],[-22,-16],[-25,-61],[-7,24],[-55,-6],[-34,-25],[-51,1],[-2,26],[-28,-13],[-34,23],[14,16],[-37,87],[-91,11],[-84,-5],[-50,-19],[-22,-42],[33,-69],[-55,-43],[-6,43],[-15,11],[34,16],[-5,47],[-29,39],[-89,17],[-85,0],[-66,-11],[-127,-54],[-97,-63],[-14,-30],[-34,-18],[-84,-104],[-29,-109],[93,-91],[54,-13],[-4,-58],[-44,-16],[-1,-45],[19,-38],[-42,-51],[-25,-9],[14,53],[-33,-4],[-7,-31],[-22,6],[-25,-38],[-13,36],[-38,-23],[3,-30],[-37,23],[-8,68],[-44,4],[-44,-49],[-50,-6],[0,-27],[-33,21],[-8,73],[-48,10],[-54,32],[-17,-5],[-57,22],[5,57],[-28,36],[-39,3],[-49,-27],[-39,7],[14,28],[-28,11],[16,68],[20,32],[-5,61],[8,46],[39,71],[-34,53],[-71,87],[-49,-37],[-62,-61],[-55,56],[6,6],[49,-49],[49,45],[-37,38],[-1,25],[22,21],[-114,115],[25,113],[-74,15],[-72,-5],[-51,-32],[14,-37],[-54,-45],[4,-14],[62,20],[-14,-60],[-39,-38],[-27,0],[-38,89],[-9,-38],[-9,40],[-47,2],[-18,25],[37,38],[-15,52],[-40,11],[-53,51],[-81,42],[-40,-9],[0,-31],[-53,-41],[20,46],[-36,-14],[-17,37],[-18,-3],[-7,-41],[-11,38],[-23,6],[-8,-41],[-25,-14],[-3,73],[34,62],[46,64],[-57,55],[46,87],[21,104],[26,38],[142,113],[15,21],[-17,60],[-49,60],[-7,49],[30,62],[3,30],[26,55],[8,81],[-14,37],[6,32],[52,48],[20,30],[-9,158],[7,29],[27,30],[35,97],[15,109],[-34,52],[42,71],[13,47],[3,65],[-8,43],[-81,284],[47,103],[-21,43],[-7,66],[-43,57],[-32,149],[63,48],[9,98],[22,69],[85,123],[21,43],[31,126],[45,51],[163,119],[55,68],[15,79],[-3,71],[38,38],[74,8],[52,36],[51,62],[7,37],[-20,54],[-39,45],[-21,44],[-27,28],[-53,33],[-35,32],[3,24],[40,105],[10,105],[11,42],[28,54],[63,96],[86,108],[43,24],[63,13],[109,8],[124,25],[29,21],[93,153],[13,68],[35,33],[50,7],[48,35],[73,73],[82,12],[48,15],[58,32],[121,31],[65,-8],[117,-2],[104,57],[97,15],[13,16],[23,80],[44,4],[70,-29],[68,-4],[80,54],[72,72],[187,7],[54,15],[80,82],[52,26],[84,65],[41,14],[75,3],[35,31],[0,44],[30,57],[93,89],[86,100],[20,63],[29,45],[6,77],[33,66],[26,69],[0,73],[-24,190],[-21,85],[-20,203],[14,113],[14,71],[-7,54],[37,98],[32,59],[-5,46],[-68,190],[-4,46],[71,67],[48,98],[5,22],[-21,31],[-54,119],[-61,77],[-60,119],[0,58],[-39,50],[-52,42],[-16,79],[-45,84],[-15,61],[-27,34],[1,31],[47,51],[19,90],[80,118],[2,14],[-37,84],[-12,46],[-40,70],[-41,130],[12,45],[-5,55],[-81,65],[-68,25],[-7,17],[55,163],[36,51],[2,81],[-82,181],[-22,61],[-31,51],[-34,33],[-63,37],[-122,64],[-65,51],[-53,63],[-49,156],[-51,40],[-121,64],[-39,36],[81,2],[86,24],[117,72],[107,105],[72,57],[22,70],[55,89],[15,59],[58,72],[101,56],[64,24],[85,5],[61,18],[62,31],[77,147],[32,23],[34,59],[6,39],[39,30],[7,26],[-38,82],[-45,46],[-74,53],[1,37],[73,48],[5,32],[30,58],[38,-10],[54,11],[54,63],[26,85],[-6,76],[36,62],[19,57],[32,56],[20,134],[39,151],[10,104],[-16,35],[6,30],[29,25],[43,91],[-66,171],[-46,91],[-28,71],[-57,82],[-47,99],[-24,78],[-1,25],[-45,71],[-44,118],[-47,67],[-15,87],[-35,67],[-133,73],[-19,18],[-35,65],[13,116],[-14,88],[-53,123],[-13,49],[-26,35],[-66,30],[-45,33],[-42,62],[-51,58],[-124,58],[-102,85],[-39,17],[-63,82],[-28,67],[-4,46],[-73,63],[-103,60],[-40,11],[-20,22],[-25,67],[-81,62],[-32,43],[-13,82],[-57,84],[-12,64],[5,103],[-52,90],[2,44],[21,89],[-2,49],[-72,78],[-2,39],[61,65],[12,81],[92,249],[18,97],[41,63],[68,46],[44,44],[47,81],[55,38],[-55,41],[-19,29],[11,249],[12,103],[-4,34]],[[61589,9286],[-27,9],[-96,10],[-43,35],[-58,73],[8,48],[-10,25],[19,35],[38,-7],[20,-34],[41,22],[-29,65],[-49,23],[4,69],[34,-11],[51,108],[53,49],[24,4],[31,-53],[22,32],[-8,57],[67,34],[81,10],[20,36],[95,39],[73,10],[-1,-60],[26,-17],[15,-61],[27,-7],[-8,-60],[-31,-76],[-28,-46],[-18,-79],[-41,-60],[35,-22],[-29,-21],[34,-77],[-30,-2],[-29,-22],[32,-86],[-14,-8],[11,-50],[-17,-21],[17,-43],[-43,-13],[-23,26],[-15,-10],[-72,82],[14,-40],[-21,-12],[-45,23],[-18,49],[-89,25]],[[63109,11724],[-4,22],[-44,-1],[-71,45],[-72,28],[-32,36],[0,19],[-80,107],[-25,81],[-83,-24],[59,26],[-9,72],[-12,2],[33,99],[22,-7],[8,25],[-80,17],[-34,-106],[-9,1],[39,117],[101,-31],[49,31],[21,81],[125,17],[47,-16],[57,-52],[13,-58],[67,-20],[3,-76],[-21,4],[0,-63],[-32,5],[13,-56],[27,-51],[1,-72],[-55,-12],[-4,-12],[44,-16],[-40,-13],[14,-45],[41,6],[38,-24],[-16,-24],[33,-51],[-44,-16],[-14,-22],[-13,29],[-23,-18],[-38,16]],[[62575,9727],[5,38],[-12,36],[35,33],[57,25],[7,54],[47,39],[74,34],[21,-22],[-21,-32],[-2,-58],[-28,-28],[-22,5],[-17,-36],[8,-55],[-28,-72],[-17,-77],[3,-24],[42,-7],[-38,-74],[-26,-31],[-78,-6],[-57,59],[-6,45],[12,68],[27,28],[14,58]],[[47312,7065],[-12,-17],[-65,-5],[-55,-23],[-33,-29],[-38,6],[-3,58],[25,61],[29,13],[31,62],[50,34],[80,34],[27,-5],[-2,-108],[-34,-81]],[[47048,6766],[-21,-44],[-26,-16],[-33,22],[12,51],[-8,41],[-52,12],[9,24],[29,1],[14,64],[32,4],[2,52],[23,7],[32,-36],[20,-41],[0,-42],[-16,-28],[-17,-71]],[[42764,9674],[8,-42],[-16,-49],[-63,12],[12,-34],[-36,-5],[-21,20],[7,29],[-22,1],[-2,26],[-25,53],[37,23],[51,-12],[53,5],[17,-27]],[[66208,14646],[-38,-64],[-24,14],[23,52]],[[59421,821],[19,-27],[-28,-15],[-30,15],[0,27],[39,0]],[[62792,13872],[-5,-33],[-41,-5],[-4,28],[31,26],[19,-16]],[[62869,13457],[29,22],[24,-26],[-26,-30],[-27,34]],[[47767,7331],[-13,-15],[-19,34],[16,35],[16,-54]],[[63153,12084],[33,6],[11,-34],[-11,-25],[-33,53]],[[43557,9558],[-24,44],[22,28],[2,-72]],[[63213,12277],[-55,19],[38,8],[17,-27]],[[62769,13900],[-23,-17],[26,68],[-3,-51]],[[43663,9506],[5,-46],[-32,31],[27,15]],[[58279,3702],[38,77],[9,-4],[-47,-104],[0,31]],[[58045,2697],[13,43],[15,-31],[-28,-12]],[[58079,2793],[5,15],[37,-11],[-7,-20],[-35,16]],[[48696,4562],[-21,38],[27,0],[-6,-38]],[[62077,9786],[-40,-26],[15,28],[32,21],[-7,-23]],[[59003,1710],[29,28],[-2,-32],[-27,4]],[[46996,6626],[-21,17],[33,23],[-12,-40]],[[58885,3883],[11,31],[12,-28],[-23,-3]],[[48578,6722],[5,-16],[-79,38],[4,7],[70,-29]],[[47189,6992],[-29,-50],[-3,35],[32,15]],[[47348,7093],[-13,-40],[-22,-3],[35,43]],[[58952,3920],[-19,21],[31,5],[-12,-26]],[[46968,6565],[-20,-2],[14,36],[6,-34]],[[62697,68450],[-70,38],[-22,39],[-29,-15],[-28,-49],[-29,-2],[-35,26],[-53,95],[-22,15],[-38,-10],[-104,23],[-25,-5],[-45,-47],[-28,0],[-51,-18],[-34,37],[-35,16],[-21,-10],[-42,-113],[-54,33],[-45,52],[-51,-78],[-38,3],[-22,22],[1,70],[-67,-43],[-46,-12],[-15,8],[-14,51],[-27,-19],[-26,-41],[-4,-42],[-40,-28],[-21,18],[9,53],[-19,32],[-67,-42],[4,-82],[-11,-25],[-22,6],[-45,73],[-28,7],[-60,-13],[-16,16],[-11,91],[12,127],[-12,26],[-47,40],[-47,1],[-40,13],[-185,100],[-10,37],[-22,16],[-52,-2],[-59,59],[-51,26],[-52,152],[-34,39],[-68,19],[-50,25],[-61,45],[-102,17],[-50,50],[-145,46],[-76,-8],[-69,-27],[-175,26],[-74,69],[-42,-2],[1,-19],[-47,-33],[-419,-26],[-24,17],[-49,3],[-1,36],[-29,-12],[-34,8],[-22,56],[-25,8],[-84,-7],[-1,60],[-39,22],[-29,32],[-17,-31],[-28,-17],[-47,-7],[-43,13],[-41,27],[-8,34],[-35,10],[5,53],[-37,59],[-34,5],[-79,-15],[-29,28],[-2,45],[-35,14],[-60,-22],[-81,55],[5,17],[-70,51],[-30,49],[-2,38],[-40,22],[3,52],[-15,14],[-93,-6],[-54,25],[-12,56],[-68,65],[-69,33],[-30,60],[-25,9],[-57,74],[-21,40],[-43,150],[21,73],[-66,79],[-17,1],[-38,-33],[-60,18],[-40,40],[-30,100],[-31,33],[-4,78],[-62,118],[32,96],[49,77],[-9,91],[-8,14],[-57,1],[-76,68],[-68,53],[-13,102],[-49,58],[-62,14],[-52,63],[15,47],[-60,56],[-9,42],[-62,-4],[-48,27],[-2,40],[-199,59],[-31,26],[-22,53],[-51,34],[-26,32],[-32,81],[33,34],[8,28],[24,6],[21,33],[-5,25],[-58,83],[23,40],[-23,74],[-75,189],[26,24],[-29,96],[-19,40],[-119,158],[-51,56],[-22,11],[-28,46],[-71,68],[-103,53],[-28,-27],[-10,-73],[-50,-132],[-51,-43],[-95,-129],[-3,-55],[-286,126],[-240,109],[48,96],[-93,19],[-76,41],[-74,48],[-83,18],[-9,56],[14,32],[-13,83],[-22,19],[-83,5],[-84,28],[-52,-49],[-51,-23],[-20,7],[-68,56],[-103,100],[-25,9],[-157,101],[-49,9],[-114,-38],[-53,3],[-113,41],[-32,89],[31,81],[-18,67],[-40,-9],[-32,-47],[-72,44],[-21,48],[-87,29],[-177,4],[-48,-5],[-53,-17],[-34,10],[-111,53],[-60,-19],[-21,124],[34,88],[-105,65],[-68,36],[-37,37],[-15,39],[-67,60],[-65,44],[-12,32],[-78,80],[20,27],[-30,89],[-62,96],[-66,64],[-87,22],[-28,23],[-80,87],[-58,19],[-45,82],[-72,92],[3,24],[-37,61],[-25,21],[-13,50],[-47,45],[6,49],[-19,20],[12,23],[-18,42],[26,44],[30,98],[93,101],[14,21],[-14,22],[-53,39],[-106,33],[-17,106],[-44,76],[-43,17],[-34,29],[-32,75],[-40,42],[-37,92],[-20,31],[-89,56],[-46,95],[-85,90],[-40,104],[-28,24],[-94,-2],[-66,11],[-90,-3],[-67,15],[-86,-18],[-89,6],[-53,-8],[-34,-28],[-41,-64],[-49,7],[-111,34],[-151,-42],[-142,-1],[-18,5],[-78,71],[-48,4],[-31,-14],[-143,-18],[-54,5],[-123,-15],[-52,-15],[-50,-36],[-70,-4],[-155,48],[-79,64],[-86,36],[-44,30],[-38,45],[-76,58],[-34,12],[-102,12],[-83,61],[-51,18],[-142,68],[-145,9],[-82,53],[-92,46],[-24,134],[-29,71],[-34,143],[-23,28],[-51,31],[-30,56],[-51,41],[-46,93],[-69,85],[-87,88],[-51,69],[-36,38],[-29,90],[-71,101],[-60,121],[-57,50],[-9,99],[-8,22],[-117,173],[-26,26],[-73,52],[-32,39],[-44,79],[-108,69],[-60,30],[-70,104],[-64,68],[-75,50],[-21,49],[-55,54],[-17,44],[-24,9],[-96,4],[-68,34],[-96,-14],[-68,-20],[-53,7],[-55,34],[-125,-16],[-69,30],[-58,0],[-101,-33],[-60,-47],[-45,-52],[-40,-30],[-73,-117],[-30,-24],[-66,-31],[-82,5],[-100,80],[-43,23],[-173,57],[-62,50],[-52,74],[-45,30],[-56,91],[-4,60],[-14,44],[-60,57],[-46,75],[-11,99],[22,183],[-19,34],[-35,16],[-198,35],[-108,52],[-24,26]],[[44956,80293],[-70,126],[-11,105],[-16,47],[-4,63],[-17,59],[-52,37],[-40,103],[-67,102],[-9,55],[-57,78],[-50,88],[2,20],[39,41],[26,47],[13,67],[3,64],[27,115],[2,116],[8,56],[47,69],[-14,28],[84,74],[22,52],[74,86],[92,139],[29,17],[95,28],[43,28],[72,20],[51,39],[33,10],[95,-13],[121,12],[61,-4],[66,12],[52,-16],[22,-23],[116,-90],[51,-3],[107,35],[33,-4],[64,-34],[49,-17],[69,-1],[98,-20],[72,0],[64,11],[106,40],[-8,67],[16,75],[0,47],[-13,80],[-36,32],[-3,25],[40,57],[12,94],[-10,31],[-3,66],[9,25],[96,42],[93,22],[94,100],[27,50],[-7,120],[29,102],[15,185],[14,73],[21,56],[13,103],[4,91],[-49,56],[6,40],[56,55],[31,53],[12,47],[43,27],[29,43],[36,13],[42,-10],[47,-97],[33,-23],[77,2],[23,21],[97,148],[28,63],[85,256],[53,61],[60,21],[71,-31],[43,-36],[135,-29],[38,-43],[76,-55],[79,-32],[98,-78],[39,-23],[96,-32],[94,-38],[132,-86],[98,-17],[69,-26],[93,-15],[169,-9],[74,-30],[53,-59],[29,24],[37,10],[48,-3],[69,74],[119,6],[32,15],[53,54],[64,27],[24,28],[26,80],[55,21],[67,-13],[83,-55],[43,-45],[54,-17],[98,-20],[91,14],[91,-47],[86,-64],[21,-32],[58,-39],[68,-27],[83,-3],[70,18],[64,-30],[37,21],[50,44],[50,70],[83,41],[41,64],[99,53],[89,75],[61,42],[65,17],[75,1],[18,52],[32,33],[23,45],[54,68],[27,72],[44,26],[44,12],[104,60],[7,213],[21,49],[42,32],[72,98],[33,98],[-4,141],[6,12],[56,10],[48,19],[112,-11],[48,44],[65,21],[72,47],[32,3],[73,-18],[57,-57],[60,-23],[40,-24],[76,4],[33,-10],[26,-44],[106,44],[86,47],[128,50],[58,44],[22,48],[56,60],[8,64],[-14,42],[-44,43],[-49,68],[-13,66],[-41,69],[-30,23],[-25,66],[-64,115],[-16,66],[-67,146],[-127,31],[-84,74],[-68,86],[-26,42],[-62,59],[-81,39],[-29,34],[-20,51],[-78,15],[-54,19],[-27,25],[-19,50],[-9,63],[-74,37],[-34,37],[-36,64],[-11,74],[3,66],[-13,83],[-51,76],[-59,152],[16,20],[47,-12],[55,-1],[91,24],[93,66],[17,40],[13,70],[-4,60],[24,45],[77,32],[39,-1],[17,-19],[15,-61],[19,-43],[27,-24],[61,-3],[63,-16],[56,18],[104,85],[43,43],[11,36],[23,134],[19,80],[32,79],[14,68],[26,61],[42,56],[110,93],[11,21],[-18,76],[-56,84],[-41,103],[-213,69],[-46,1],[-120,-19],[-101,-8],[-94,7],[-122,-21],[-197,-51],[-37,-27],[-40,-68],[-46,-9],[-117,-46],[-65,-2],[-148,39],[-85,-2],[-60,-14],[-42,19],[-26,28],[-46,74],[-51,29],[-188,12],[-112,-14],[-67,6],[-102,-15],[-45,12],[-57,52],[-42,12],[-86,-4],[-33,14],[-57,125],[-55,69],[-54,24],[-72,-8],[-15,9],[-13,52],[-126,128],[-77,85],[-3,25],[20,92],[28,60],[10,49],[-12,38],[-21,17],[-81,26],[-116,81],[-30,56],[-37,45],[-29,80],[-59,51],[-17,28],[0,86],[-68,177],[-119,136],[-60,22],[-28,51],[-96,112],[-9,69],[34,53],[5,82],[-50,131],[-12,94],[6,38],[-51,70],[-17,64],[-25,30],[-12,40],[-34,43],[-27,113],[-27,58],[-19,133],[-29,68],[-80,81],[-30,84],[-46,31],[-12,36],[-28,22],[-48,16],[-40,38],[-38,60],[-84,109],[-13,62],[-57,94],[-76,14],[-45,42],[-18,113],[-21,74],[-5,118],[24,39],[-21,81],[6,24],[-60,32],[-31,54],[-37,30],[-41,91],[-21,10],[-82,-24],[-79,12],[-34,41],[-81,60],[21,55],[1,45],[-36,63],[-95,42],[-47,41],[-50,91],[-117,159],[-47,87],[27,140],[24,146],[2,61],[-7,53],[-21,57],[7,51],[94,83],[52,69],[47,100],[0,86],[33,175],[11,104],[12,53],[4,77],[11,34],[49,74],[-4,79],[7,56],[51,84],[73,41],[-81,26],[-124,57],[-116,33],[-59,42],[-76,30],[-35,41],[-83,31],[-30,47],[-20,133],[-43,149],[-65,118],[-25,24],[-38,13],[-125,61],[-142,49],[-59,3],[-85,49],[-22,47],[-9,79],[-77,167],[-73,81],[-166,7],[-20,78],[-28,23],[-104,24],[-33,60],[-9,57],[-21,28],[-131,124],[-51,21],[-122,-46],[-35,41],[-38,23],[-36,82],[-39,133],[0,73],[47,70],[20,124],[34,120],[-11,59],[-39,48],[-21,49],[-54,68],[-79,37],[-81,-23],[-102,-21],[-30,22],[-14,47],[-84,103],[-42,60],[-72,67],[-59,37],[-10,31],[25,79],[68,101],[-14,50],[-91,87],[-7,29],[-40,27],[-76,6],[-58,43],[-86,54],[-63,62],[-74,29],[-80,4],[-66,-21],[-47,-45],[-27,-7],[-71,-54],[-73,-45],[-73,51],[-56,58],[-58,40],[-57,57],[-73,51],[-84,25],[-79,-11],[-218,-2],[-48,8],[-74,25],[-152,35],[-63,-6],[-77,-18]],[[43271,98809],[-16,71],[8,95],[19,61],[27,130],[63,99],[26,211],[12,65],[32,110],[-2,50],[-50,183],[-24,65],[2,98],[-22,60],[3,27],[43,74],[-5,49],[13,87],[79,45],[59,43],[35,15],[91,17],[27,17],[44,75],[13,59],[47,63],[55,32],[87,10],[61,36],[33,55],[11,72],[27,40],[31,102],[40,50],[33,65],[19,85],[-8,94],[27,57],[50,28],[88,195],[63,75],[65,57],[28,42],[21,59],[47,59],[50,86],[29,36],[157,-62],[66,-13],[87,-36],[38,-32],[28,-40],[125,-81],[109,-43],[45,8],[21,46],[42,34],[34,101],[43,27]],[[45447,101922],[102,-46],[45,-74],[100,10],[23,-4],[63,-79],[83,-68],[93,-50],[25,-66],[37,-44],[32,-21],[65,-82],[66,-66],[40,-56],[70,-63],[26,-47],[3,-45],[34,-47],[87,-31],[59,-3],[56,-65],[16,-42],[32,-47],[48,-41],[71,-26],[96,-60],[48,-42],[104,-53],[145,-12],[81,-48],[65,-32],[40,-29],[65,-100],[69,-44],[110,-47],[62,-62],[128,-34],[60,25],[47,38],[23,2],[113,-31],[86,9],[105,-37],[16,1],[59,40],[59,30],[58,50],[23,38],[53,47],[123,78],[172,168],[38,27],[292,-5],[28,-8],[105,-70],[72,-2],[109,-38],[44,0],[302,50],[46,20],[29,69],[18,19],[101,-5],[79,15],[78,-1],[85,-51],[59,-18],[71,-8],[25,-15],[71,-71],[48,-34],[84,-37],[38,-29],[44,-57],[45,-25],[66,-11],[21,-30],[12,-121],[-7,-138],[-17,-64],[70,-6],[70,-51],[66,-98],[53,-47],[168,-103],[52,-55],[46,-70],[53,-99],[19,-82],[26,-21],[168,-40],[39,2],[78,-13],[128,-29],[75,-32],[79,-18],[100,-6],[11,-8],[52,-104],[51,-58],[67,-49],[35,-45],[61,-52],[44,-19],[66,-10],[47,-19],[81,-9],[47,-16],[74,-59],[88,-19],[63,-38],[75,-30],[79,1],[76,-13],[52,0],[75,23],[91,-8],[90,32],[52,-6],[87,-109],[102,19]],[[53575,98712],[124,-75],[55,-60],[47,-96],[93,-82],[53,-62],[75,-67],[105,-126],[20,-59],[30,-38],[58,-19],[208,-43],[54,-33],[77,-85],[118,-114],[77,-97],[9,-41],[58,-74],[44,-27],[112,-3],[198,11],[43,-5],[50,-53],[10,-35],[-35,-87],[28,-45],[7,-55],[70,8],[9,-9],[60,-150],[39,-25],[89,-14],[31,-14],[14,-27],[19,-97],[54,-76],[18,-48],[-35,-59],[81,-172],[5,-104],[18,-39],[6,-57],[16,-28],[49,-43],[172,-110],[35,-29],[127,-47],[72,44],[175,-9],[123,-95],[101,-27],[35,-29],[5,-75],[11,-47],[20,-29],[33,-102],[43,-66],[68,-49],[89,-119],[79,-90],[78,-56],[130,-110],[50,-17],[67,24],[78,39],[73,7],[118,-7],[119,41],[79,58],[67,26],[34,3],[43,43],[25,61],[62,34],[10,80],[42,15],[137,-37],[135,-68],[108,-75],[44,-21],[118,-39],[18,1],[156,-55],[76,-13],[193,-4],[115,-31],[69,-39],[116,-107],[50,-2],[64,31],[71,-12],[-11,-106],[37,-111],[30,-31],[29,-50],[83,-82],[122,-83],[32,-53],[69,-216],[51,-72],[8,-46],[-6,-35],[52,-102],[1,-34],[-33,-48],[-61,-13],[-94,-78],[-74,-23],[-20,-22],[-37,-11],[-52,3],[-74,36],[-120,17],[-69,-7],[-65,-25],[-38,-61],[30,-87],[5,-49],[-10,-60],[18,-73],[-4,-31],[15,-52],[-41,-77],[-12,-48],[11,-22],[74,-74],[24,-52],[92,-35],[13,-17],[-4,-81],[70,-11],[105,-52],[34,-54],[27,-126],[-13,-48],[7,-43],[49,-47],[28,-72],[69,-113],[19,-51],[-20,-100],[1,-58],[17,-69],[54,-70],[57,-51],[21,-94],[-63,-66],[-3,-33],[25,-29],[-24,-34],[-3,-36],[13,-49],[35,-48],[73,-43],[43,-82],[89,-9],[30,-15],[33,-52],[8,-67],[13,-39],[2,-51],[30,-50],[64,-30],[48,-38],[30,-13],[116,-25],[116,-41],[38,-56],[2,-78],[11,-47],[104,-209],[34,-19],[164,-31],[49,-21],[60,-40],[50,-44],[69,-29],[66,-94],[137,-119],[21,-27],[13,-56],[59,-92],[72,-75],[39,-71],[54,-73],[62,-51],[38,-43],[92,-71],[72,-70],[76,-113],[42,-36],[73,-32],[49,-54],[32,-71],[29,-46],[29,-80],[141,-194],[86,-87],[45,-37],[51,-80],[31,-100],[85,-35],[48,-45],[32,-52],[32,-19],[166,-63],[-13,-81],[13,-70],[69,-109],[91,-103],[198,-290],[17,-56],[-49,-75],[1,-42],[32,-67],[-3,-88],[6,-58],[28,-108],[31,-42],[-44,-61],[2,-32],[99,-162],[96,-52],[40,-54],[10,-98],[14,-13],[127,-56],[27,-26],[-15,-54],[-48,-44],[-34,-13],[-37,-62],[2,-186],[30,-51],[7,-50],[23,-54],[9,-70],[-5,-43],[42,0],[19,-14],[0,-49],[57,5],[11,-29],[-17,-62],[38,-34],[-33,-74],[23,-12],[94,17],[28,33],[4,35],[20,16],[50,-7],[26,-36],[-8,-40],[34,-44],[116,-37],[21,-32],[23,-92],[-21,-59],[39,-67],[15,-11],[69,6],[53,-9],[1,-65],[38,-33],[74,-15],[38,-60],[43,-14],[50,-56],[86,-41],[0,-83],[-19,-166],[-2,-66],[9,-13],[121,-51],[90,-23],[69,-44],[45,-100],[25,-75],[34,-59],[-2,-21],[-51,-127],[-41,-66],[7,-63],[52,-125],[33,-25],[26,-49],[16,-64],[0,-37],[-26,-108],[-21,-122],[-1,-67],[21,-32],[3,-41],[-13,-94],[15,-48],[-4,-78],[9,-40],[19,-13],[27,31],[26,-11],[-17,-32],[12,-28],[87,-64],[71,28],[33,-21],[25,34],[29,-85],[78,-25],[34,-37],[20,-47],[23,-5],[50,26],[69,-50],[22,2],[36,52],[40,-36],[-8,-47],[-45,-5],[-6,-17],[66,-104],[14,-80],[33,-43],[43,-24],[44,-8],[5,-71],[21,-10],[4,-31],[-42,-31],[-7,-21],[36,-18],[5,-47],[-16,-31],[20,-84],[42,-7],[42,-92],[33,-12],[3,-23],[-46,-47],[13,-15],[72,4],[-10,-37],[34,-5],[5,-36],[44,-2],[14,-19],[-14,-37],[13,-22],[35,-12],[37,32],[32,-16],[66,19],[41,-20],[-5,-29],[28,-21],[54,-19],[78,-82],[63,-117],[20,-11],[70,14],[14,-13],[74,-163],[5,-74],[11,-27],[56,-44],[125,-44],[10,-55],[58,5],[88,-35],[54,-3],[86,12],[56,-3],[151,-24],[46,-14],[219,-103],[129,-24],[230,-52],[125,-33],[71,-63],[34,-19],[-27,-175],[-38,-87],[-50,-76],[-53,-45],[-100,-61],[-115,-87],[-110,-94],[-14,-21]],[[67995,80575],[-60,-116],[-22,-67],[-20,-150],[-33,-216],[-4,-169]],[[67856,79857],[-2,-46],[-28,-151],[-14,-103],[-22,-279],[-31,-50],[-46,-48],[-35,-23],[-263,-115],[-6,-40],[34,-130],[-22,-50],[-103,-38],[-20,-15],[-73,-24],[-39,-32],[3,-79],[35,-42],[-110,-126],[-61,-58],[-99,-109],[-96,-58],[-40,-51],[-61,-99],[-21,-18],[-57,-123],[-75,-61],[-117,-57],[-70,-42],[-132,-22],[-49,-16],[-25,-30],[-38,-11],[-63,-47],[-135,-140],[-30,15],[-31,-39],[23,-32],[60,-32],[-32,-47],[-77,40],[-51,-68],[-22,-48],[-47,5],[-18,-48],[-30,-14],[-13,-33],[-41,-18],[47,-43],[8,-49],[-13,-114],[26,-32],[-6,-32],[-65,-44],[-53,-79],[-34,-28],[-21,-63],[-67,-43],[-9,-35],[-7,-199],[-19,-31],[-52,-49],[-75,-16],[-65,-1],[-32,-151],[-71,-208],[-20,-104],[-22,-162],[-178,-48],[-28,-27],[-19,-71],[-73,-138],[-50,-138],[-9,-40],[-93,19],[11,-54],[-164,4],[-8,-93],[53,-110],[0,-18],[-53,-77],[-16,-75],[-18,-162],[58,-6],[-2,-51],[111,33],[19,62],[-44,-2],[-31,43],[2,46],[16,58],[137,-39],[47,68],[59,134],[57,-20],[16,45],[-18,17],[53,83],[52,212],[76,199],[213,191],[34,21],[80,13],[29,-14],[16,21],[54,105],[69,61],[11,-76],[-18,-5],[21,-37],[-11,-45],[8,-85],[84,-125],[50,5],[11,-64],[63,-6],[45,-23],[8,-50],[-4,-110],[39,-87],[48,-65],[-2,-24],[-64,-131],[-87,-128],[-127,-205],[-102,-172],[-30,-45],[-144,-166],[-103,-86],[-113,-66],[4,-74],[-26,-161],[44,-31],[60,-21],[80,-20],[89,-39],[196,-111],[75,18],[104,-41],[51,-52],[21,-37],[-4,-46],[15,-106],[12,-23],[78,-63],[106,-62],[-3,-26],[-165,-301],[120,-58],[496,-252],[54,-55],[8,-50],[24,-24],[110,-5],[-36,-99],[-95,-24],[-77,-42],[55,2],[114,-19],[34,-14],[76,-11],[36,8],[27,-11],[16,16],[89,-1]],[[1580,77035],[119,8],[125,17],[86,-10],[50,3],[183,70],[86,23],[46,40],[80,100],[198,192],[115,199],[53,68],[42,77],[156,61],[30,-39],[36,-21],[63,-3],[19,-18],[-28,-68],[39,-47],[46,-15],[49,0],[25,-12],[31,-46],[53,-44],[1,-38],[18,-43],[50,-29],[-5,-78],[-35,-77],[-6,-92],[-51,-128],[12,-28],[65,-26],[19,-21],[27,-71],[41,-41],[21,-49],[74,-70],[20,-43],[19,-4],[40,58],[25,22],[54,20],[59,33],[51,60],[23,44],[-8,60],[6,22],[38,34],[30,82],[127,69],[68,62],[97,41],[135,17],[85,20],[107,-9],[117,-57],[31,-56],[43,-54],[55,-54],[-3,-69],[16,-73],[93,-124],[10,-78],[17,-22],[67,-32],[48,-63],[37,-30],[126,-35],[46,41],[49,74],[110,81],[41,37],[90,52],[59,47],[103,42],[112,72],[76,42],[44,11],[67,-3],[77,-35],[96,-73],[45,-13],[132,-10],[77,6],[39,14],[57,37],[58,55],[79,50],[74,-13],[36,-37],[29,-105],[36,-35],[47,-27],[77,-26],[75,-8],[104,21],[54,19],[133,32],[88,-1],[135,-45],[346,-76],[74,3],[113,70],[20,6],[72,-14],[207,-77],[76,-5],[93,4],[126,17],[181,-9],[134,0],[300,12],[170,13],[101,14],[86,3],[123,-14],[71,-20],[241,-108],[218,-105],[137,-51],[67,-37],[47,-41],[97,-44],[111,-33],[70,-7],[72,73],[60,108],[12,70],[7,129],[23,93],[19,27],[136,83],[86,61],[82,77],[125,133],[148,54],[162,118],[56,5],[140,-8],[56,8],[131,89],[141,124],[44,5],[104,31],[67,-1],[39,-25],[150,-117],[49,-27],[85,-63],[120,-77],[60,-24],[41,7],[81,32],[98,23],[64,6],[78,-13],[72,-31],[198,-115],[127,-82],[69,-58],[166,-162],[50,-25],[109,-31],[64,15],[56,71],[44,42],[66,43],[81,39],[97,3],[33,-7],[51,13],[70,101],[17,68],[43,70],[41,92],[55,98],[77,151],[28,67],[56,319],[28,72],[152,230],[28,74],[45,38],[76,4],[94,-36],[113,43],[64,15],[108,77],[56,31],[127,39],[14,15],[23,78],[4,79],[31,49],[17,90],[58,78],[16,65],[22,19],[58,25],[50,-27],[48,4],[33,17],[51,-5],[50,6],[41,20],[76,62],[33,18],[86,65],[48,25],[54,6],[89,36],[96,-8],[102,-49],[29,7],[136,75],[97,40],[153,18],[55,13],[59,26],[73,59],[79,39],[121,7],[20,11],[38,92],[-21,102],[21,65],[61,72],[47,40],[41,116],[50,20],[64,84],[13,77],[58,1],[80,-16],[58,-23],[59,-3],[48,18],[71,41],[54,48],[25,45],[31,15],[90,-18],[44,-65],[77,-52],[26,-79],[83,-82],[23,-83],[25,-30],[54,-23],[44,4],[91,38],[74,50],[49,12],[35,-21],[46,-59],[2,-43],[19,-114],[15,-43],[16,-89],[43,-102],[25,-32],[67,-42],[106,-48],[81,-26],[118,0],[89,18],[58,-12],[50,-59],[40,-33],[85,-39],[111,-15],[86,-45],[52,-13],[114,17],[30,-30],[16,-75],[4,-56],[15,-63],[42,-67],[153,-135],[148,-122],[91,-119],[65,-29],[56,25],[28,68],[28,17],[139,0],[53,24],[80,23],[94,65],[43,53],[79,11],[105,-18],[62,-2],[146,9],[42,63],[41,33],[53,-27],[61,-85],[55,-29],[30,-5],[51,-35],[77,-85],[32,-47],[35,-11],[87,-47],[90,-6],[65,-32],[92,-22],[96,-3],[34,-8]],[[14494,59664],[-37,9],[-123,55],[-105,80],[-34,70],[-8,91],[-32,98],[-17,26],[-101,25],[-178,13],[-125,24],[-181,62],[-59,16],[-75,6],[-99,51],[-160,29],[-90,-12],[-60,-24],[-53,0],[-50,33],[-51,64],[-77,47],[-27,69],[-44,34],[-18,43],[-32,8],[-78,-3],[-53,-23],[-123,-71],[-81,-13],[-49,3],[-342,70],[-53,-12],[-59,-71],[-22,-7],[-225,15],[-125,5],[-219,-5],[-371,-34],[-170,-13],[-168,-24],[-147,26],[-45,9],[-33,25],[-35,49],[-32,89],[-6,60],[-67,25],[-53,55],[-29,15],[-77,5],[-74,32],[-141,128],[-202,176],[-64,51],[-78,75],[-88,100],[-170,-1],[-215,-39],[-93,18],[-49,60],[8,81],[-26,209],[13,85],[39,97],[10,56],[-31,98],[-3,65],[27,76],[104,184],[17,74],[-20,84],[-138,156],[-85,65],[-79,72],[-81,100],[-41,62],[-48,127],[0,28],[20,90],[-11,68],[-61,85],[-14,104],[6,124],[-42,158],[-26,57],[-39,25],[-104,44],[-27,58],[-28,19],[-95,-8],[-64,21],[-29,34],[-97,73],[-55,28],[-30,44],[2,53],[-19,29],[-60,-5],[-78,93],[-60,42],[-60,12],[-103,39],[-19,16],[-45,76],[13,72],[-26,62],[-43,42],[-49,68],[-36,83],[32,69],[-13,45],[10,42],[-5,111],[-28,152],[-23,80],[-12,131],[-10,44],[3,98],[-21,9],[0,116],[-6,52],[-79,257],[-85,201],[-63,141],[-15,107],[-1,109],[7,161],[-9,106],[23,88],[-8,148],[-22,92],[-4,102],[1,222],[-2,68],[-24,132],[-47,89],[-1,23],[45,119],[18,66],[2,82],[-35,109],[-41,62],[-54,42],[-184,94],[-83,26],[-66,32],[-59,39],[-78,71],[-67,110],[-45,14],[-93,-18],[-71,17],[-48,48],[-73,47],[-67,85],[-55,41],[-11,105],[-54,-14],[-96,23],[-77,31],[-78,22],[-58,53],[-51,87],[-1,32],[42,106],[26,24],[-16,73],[-30,41],[-52,35],[-72,11],[-120,115],[-15,61],[51,78],[47,22],[1,24],[-86,96],[-29,53],[-4,45],[-16,23],[-85,13],[-36,-29],[5,-70],[-34,-1],[-23,67],[-53,24],[-87,19],[-39,27],[-109,-9],[-38,3],[-45,-43],[-352,147],[13,23],[-177,74],[-4,40],[55,24],[1,89],[-10,117],[-37,267],[-64,109],[-96,-5],[-137,-19],[-62,14],[-37,29],[-59,71],[-64,32],[-18,21],[-5,121],[-81,8],[-73,74],[-69,103],[-21,46],[-47,66],[-97,66],[-117,33],[-1227,418],[-1676,572],[-28,35],[-21,52],[7,367],[4,456],[0,207],[5,368],[-4,293],[6,40],[-14,91],[1,60],[12,58],[47,34],[16,28],[26,100],[60,56],[50,66],[63,35],[130,46],[99,28],[60,10],[122,34],[130,32],[21,14],[92,93],[24,34],[5,89],[37,67],[81,69],[77,51],[27,55],[5,58],[38,113],[56,49],[36,43],[10,53],[-59,71],[-1,41],[11,55],[-24,79],[17,35],[0,65],[61,63],[-27,69],[34,67],[-6,26],[114,92],[30,44],[39,90],[62,82],[59,103],[-1,56],[-20,102],[-38,62]],[[19323,54649],[-16,22]],[[51944,64611],[15,98],[75,110],[-11,108],[9,26],[73,100],[64,59],[78,16],[82,114],[20,12],[56,2],[41,18],[11,27],[37,-2],[11,27],[-10,53],[19,16],[42,66],[6,40],[-24,49],[-9,85],[-54,87],[-38,38],[18,47],[165,-39],[75,-6],[66,151],[-182,117],[-38,-3],[-15,86],[-59,-7],[-10,105],[-16,0],[-8,105],[97,85],[-40,43],[82,10],[157,-53],[-68,201],[-8,58],[-2,100],[14,48],[39,94],[-22,100],[-43,149],[17,48],[-32,25],[45,68],[17,46],[7,57],[-3,65],[-18,85],[-39,95],[-47,60],[-45,34],[-86,49],[-23,34],[-22,75],[-40,33],[-129,71],[-56,59],[-49,8],[-33,28],[-29,47],[1,34],[-33,31],[-40,-8],[-16,21],[20,66],[-60,42],[-2,64],[-37,47],[-33,4],[-45,36],[-68,34],[-25,20],[-1,39],[-16,27],[145,125],[21,24],[-218,248],[23,42],[-12,43],[-62,30],[-23,28],[-58,32],[4,56],[21,61],[-58,8],[-19,42],[-50,52],[-75,-9],[-74,65],[-46,20],[-34,50],[-19,136],[-33,89],[-19,-14],[-105,17],[-50,-19],[-201,-46],[-38,1],[-85,88],[-38,63],[-28,69],[39,43],[8,31],[-32,63],[-44,47],[-17,47],[-27,2],[-88,50],[-6,70],[-81,-35],[-39,-40],[-97,-57],[-56,-18],[-46,-54],[-22,-42],[-3,-40],[-51,-75],[-5,-26],[-38,32],[3,49],[-26,39],[11,65],[-42,49],[-28,19],[-71,-4],[-22,7],[-62,102],[-20,0],[-23,-33],[-117,-96],[-4,46],[16,44],[-8,33],[-42,28],[-27,80],[-30,61],[-37,26],[-25,128],[-63,90],[-33,28],[-38,58],[-47,17],[-56,64],[-25,40],[-100,94],[-64,6],[-63,35],[-75,21],[-34,25],[-71,4],[-27,66],[-92,56],[-32,41],[-58,47],[-60,22],[-45,59],[-75,19],[-97,100],[-30,69],[-55,72],[-52,51],[-50,31],[-52,51],[-82,30],[-107,82],[-44,58],[-13,81],[-20,31],[-105,96],[-51,28],[-110,116],[-47,29],[-101,12],[-51,38],[-23,49],[3,29],[32,74],[60,82],[9,69],[-59,44],[-35,40],[-49,37],[24,101],[-9,46],[-24,35],[-66,66],[18,66],[-3,84],[-25,31],[-39,18],[-16,38],[-50,252],[-123,39],[-29,43],[-46,39],[-53,57],[-23,40],[4,40],[28,77],[-12,72],[-64,62],[-15,56],[-41,68],[-23,95],[-37,74],[-103,52],[5,129],[-9,60],[-17,33],[-41,44],[-51,18],[-46,45],[-19,55],[-136,127],[-33,21],[-46,53],[-15,52],[1,84],[-26,96],[20,37],[7,46],[-12,60],[-34,83],[-49,77],[10,177],[-8,55],[9,79],[15,65],[3,86],[-14,53],[-117,13],[-179,86],[-100,42],[-42,12],[-55,46],[-30,78],[-27,45],[-59,29],[-27,44],[3,117],[-6,50],[-19,40],[-77,103],[-44,46],[-92,69],[-30,34],[-13,40],[-66,112],[-67,47],[0,26],[-116,26],[-26,15],[-25,47],[-31,98],[-7,165],[-19,56],[28,232],[40,158],[-4,55],[-34,110],[-10,89],[-26,93],[1,44],[27,150],[-12,110],[2,58],[-35,127],[-22,125],[-33,33],[-65,39],[-6,18],[41,78],[43,60],[6,53],[59,125],[10,69],[-31,77],[-52,72],[-1,24],[65,83],[20,44],[15,90],[30,95],[9,77],[-17,54],[-30,34],[-37,97],[-42,61],[-72,78],[-47,75],[-43,40]],[[44535,80227],[54,26],[67,14],[41,-19],[259,45]],[[42846,80014],[52,23],[109,-79],[28,-11],[77,5],[31,-9],[119,20],[121,-11],[68,-20],[53,-73],[106,2],[47,18],[31,27],[112,67],[157,41],[83,53],[53,19],[32,-5],[164,65],[70,18],[55,55],[62,18],[59,-10]],[[67995,80575],[349,-82],[19,-1],[625,-146],[94,-42],[101,11],[6,24],[-16,59],[5,58],[26,26],[51,160],[46,41],[51,135],[60,83],[57,117],[107,50],[99,38],[36,-19],[119,-44],[103,220],[32,62],[64,-2],[110,48],[188,153],[-46,48],[50,78],[14,50],[67,6],[80,28],[81,18],[25,19],[118,112],[87,34],[6,57],[-1,95],[-29,24],[-37,77],[26,12],[131,162],[18,13],[73,0],[60,192],[-11,115],[-40,68],[57,5],[132,-19],[42,-2],[88,-41],[47,-37],[219,-108],[42,-16],[168,-11],[8,19],[-39,121],[-57,127],[175,97],[110,56],[59,42],[41,42],[147,108],[74,74],[61,88],[56,70],[-23,79]],[[72406,83426],[152,41],[34,0],[56,-25],[41,-59],[50,-47],[113,-82],[61,-38],[124,-29],[31,8],[43,131],[130,-85],[53,-47],[35,-7],[20,19],[45,-72],[66,-63],[117,-52],[185,-57],[52,-30],[67,-52],[56,-16],[57,3],[21,-11],[49,-59],[35,-70],[55,-24],[46,3],[66,20],[69,230],[50,136],[17,82],[53,174],[17,68],[134,403],[42,136],[64,165],[99,289],[377,-117],[-44,-128],[288,-85],[-109,-323],[450,-139],[132,-39],[48,-29],[64,-56],[133,-133],[68,-77],[7,-18],[67,-99],[10,0],[38,-93],[63,-7],[6,-34],[24,-31],[4,-81],[21,-14],[6,-33],[50,-40],[94,-26],[86,14],[20,49],[36,22],[15,33],[26,17],[70,-21],[99,19],[105,-9]],[[77065,82931],[-2,-31],[-63,-273],[-27,-84],[-20,-117],[-25,-53],[-6,-50],[-51,-229],[-10,-78],[-18,-73],[-35,-185],[-6,-62],[-25,-138],[-8,-73],[-20,-73],[-25,-253],[-48,-385],[10,-63],[41,-104],[-29,-109],[10,-70],[44,-72],[9,-62],[-57,-55],[-46,-102],[-27,-98],[-11,-90],[-91,-171],[-62,-99],[-14,-56],[5,-77],[31,-118],[-2,-40],[-23,-57],[-87,-116],[-37,-135],[-23,-57],[-32,-137],[-2,-74],[-23,-46],[-92,-108],[-116,-116],[13,-76],[-26,-80],[-61,-114],[-16,-47],[-33,-42],[-37,-89],[-16,-65],[-33,-68],[-28,-114],[23,23],[-2,-30],[-58,-133],[-105,-162],[-55,-121],[-59,-113],[-52,-72],[-29,-68],[-30,-47],[-19,-77],[-28,-64],[-27,-24],[-29,-74],[-14,-82],[-50,-136],[-30,-41],[-53,-147],[-12,-68],[-22,-26],[-84,-30],[22,-22],[-7,-137],[-16,-70],[-26,-45],[-3,-38],[-62,-146],[-52,-180],[-20,-24],[-3,-58]],[[74913,75635],[-54,13],[-29,29],[-9,30],[8,88],[-24,31],[-40,21],[-82,27],[-48,45],[-62,17],[-113,45],[-110,58],[-99,72],[-18,48],[-67,66],[-80,69],[-276,71],[25,63],[-126,54],[-42,42],[-88,107],[-51,226],[-23,68],[-44,195],[-9,107],[-37,-5],[-13,75],[114,24],[-27,135],[-78,25],[43,90],[-336,192],[14,29],[-275,163],[-54,-11],[-164,-20],[-146,-56],[-45,1],[-258,121],[-79,21],[-28,-2],[-82,-31],[-225,-116],[-91,-41],[-27,-37],[-47,-169],[-261,-121],[-19,2],[-106,49],[-138,23],[-29,11],[-73,60],[-57,-11],[-88,3],[-29,8],[-66,51],[-54,32],[-144,51],[-54,60],[1,42],[-37,-17],[-30,5],[-6,26],[15,46],[-47,91],[15,27],[-43,1],[-22,21],[27,24],[-10,51],[-20,10],[-55,-17],[-6,30],[-27,21],[11,31],[-22,46],[-63,-16],[-21,42],[-42,-16],[-38,17],[-36,-6],[-69,15],[4,29],[-34,-6],[-30,21],[-2,23],[-35,16],[-28,-9],[-29,20],[-27,50],[25,41],[3,46],[26,45],[-2,26],[-45,95],[56,27],[-83,231],[-24,16],[-53,5],[-86,21],[-31,36],[4,44],[-30,59],[-77,73],[-21,45],[-13,88],[-24,47],[-25,25],[-90,48],[-67,24],[-100,58],[-163,57],[-68,-2],[-65,34],[-164,76],[-130,74],[-140,49],[-31,2],[-8,-69],[-505,85]],[[74913,75635],[-22,-86],[-69,-176],[-17,-82],[-36,-75],[-115,-305],[-69,-84],[7,-83],[-4,-51],[-21,-73],[-65,-262],[-66,-251],[-18,-55],[-84,-322],[-81,-347],[-26,-96],[-54,-243],[-29,-90],[-2,-38],[-38,-167],[-27,-138],[-34,-217],[-66,-256],[-13,-65],[-15,-139],[-17,-54],[-7,-73],[-42,-144],[-25,-65],[-99,-171],[-93,-52]],[[37207,83213],[9,54],[-8,50],[-52,158],[-51,53],[-18,170],[-6,125],[-33,32],[-64,34],[-17,35],[3,58],[-87,78],[-104,27],[-14,26],[-48,137],[-49,117],[-30,58],[-35,32],[-59,26],[-27,37],[0,41],[26,57],[50,136],[33,110],[-2,28],[-31,60],[-12,49],[-38,37],[-34,57],[18,157],[9,36],[56,59],[31,46],[70,58],[17,36],[-68,189],[-9,48],[-32,68],[5,50],[-19,55],[-1,38],[26,46],[70,79],[21,55],[-7,41],[-42,50],[8,35],[72,81],[54,152],[-7,56],[-45,57],[-62,62],[-72,25],[-82,92],[-88,68],[-32,56],[-8,58],[19,89],[-20,90],[36,173],[-12,96],[19,126],[-122,67],[-87,21],[-25,49],[-25,25],[-100,54],[-45,15],[-100,-9],[-13,5],[-16,108],[-50,25],[-69,12],[-67,-3],[-395,96],[-78,48],[-44,2],[-63,-32],[-56,-7],[-137,8],[-20,24],[-66,137],[-29,102],[-3,88],[-10,34],[-57,60],[-29,58],[-66,55],[-54,109],[-50,78],[-19,84],[-26,34],[-61,25],[-45,88],[17,95],[-31,158],[-1,80],[-10,70],[-37,118],[-22,48],[-29,34],[-85,5],[-97,51],[-42,44],[-42,75],[-20,80],[-32,38],[-68,3],[-147,35],[-32,21],[-74,75],[-32,3],[-43,-29],[-26,10],[-23,83],[-39,99],[18,52],[63,56],[4,44],[-35,70],[-15,57],[17,68],[55,123],[11,65],[56,125],[51,142],[26,142],[34,77],[-41,9],[-183,-10],[-42,51],[-26,54],[-54,27],[-78,70],[-30,54],[-139,52],[-23,16],[-39,60],[-63,120],[-51,56],[-185,153],[-148,78],[-113,49],[-72,76],[-47,30],[-143,12],[-103,-4],[-104,-24],[-195,1],[-143,-21],[-43,-15],[-34,-27],[-98,-35],[-47,-57],[-11,-11],[-32,25],[-120,149],[-31,28],[-122,88],[-69,82],[-19,41],[-10,118],[-22,97],[11,94],[-38,72],[-4,56],[20,111],[4,230],[-13,69],[-42,109],[-6,57],[11,49],[28,47],[53,52],[31,47],[15,116],[49,87],[39,31],[27,55],[12,52],[65,38],[124,95],[20,4],[236,13],[94,-3],[36,9],[109,72],[39,34],[90,96],[78,54],[1,61],[-24,141],[-5,69],[57,185],[0,33],[-51,194],[-54,174],[-42,101],[-51,71],[-131,131],[-81,48],[-18,53],[75,70],[13,42],[-13,53],[-41,100],[-12,78],[-31,95],[29,203],[38,57],[56,56],[34,26],[72,37],[96,41],[116,9],[42,-25],[59,-59],[114,-42],[32,2],[61,36],[82,27],[90,-30],[100,-55],[77,-28],[190,-172],[42,8],[79,-3],[58,-17],[161,-79],[19,-29],[10,-71],[22,-28],[163,-73],[25,-52],[36,-41],[96,-5],[27,-8],[135,29],[56,20],[99,-21],[38,-14],[67,29],[108,31],[115,22],[20,31],[26,104],[14,88],[-34,83],[8,45],[52,40],[132,65],[56,92],[70,52],[31,34],[81,118],[74,29],[142,86],[-4,94],[6,58],[43,104],[66,117],[76,-14],[73,-4],[40,7],[62,38],[58,62],[25,53],[21,103],[78,71],[49,91],[11,54],[-13,82],[5,46],[47,126],[78,113],[110,147],[68,37],[30,30],[-18,127],[24,103],[48,79],[108,188],[53,87],[117,228],[66,57],[73,25]],[[36493,98993],[174,73],[147,68],[113,80],[89,36],[96,78],[75,39],[53,47],[39,23],[73,26],[102,28],[73,-7],[139,-20],[43,3],[88,53],[91,6],[76,26],[86,1],[26,-8],[37,-64],[39,-41],[97,-78],[24,-71],[-3,-89],[9,-28],[32,-34],[99,-18],[53,-41],[86,-21],[42,-36],[35,-3],[49,24],[21,-8],[-7,-79],[54,-67],[12,-52],[-14,-47],[-34,-42],[1,-42],[16,-23],[67,-9],[55,28],[14,-8],[7,-50],[34,-20],[18,-58],[29,-34],[47,-28],[130,7],[67,-5],[28,15],[77,132],[116,172],[57,7],[133,-11],[78,11],[84,-3],[220,18],[87,-30],[37,9],[50,30],[34,1],[71,-24],[148,48],[60,38],[60,24],[73,42],[69,66],[53,4],[91,-25],[89,0],[70,-17],[120,3],[160,10],[118,3],[135,37],[47,-12],[48,-36],[75,-36],[118,-16],[14,-7],[33,-78],[41,-69],[78,-93],[66,-28],[91,-79],[29,-70],[102,-124],[38,-81],[44,-62],[29,-76],[25,-45],[76,-94],[32,-79],[61,-45],[39,-55],[12,-37],[28,48],[83,53],[16,26],[56,140],[95,151],[62,48],[118,119],[92,100],[56,94],[17,86],[34,68],[6,30]],[[66230,98407],[25,-34],[29,-66],[5,-41],[-30,-129],[-59,-126],[-9,-65],[5,-73],[-15,-70],[41,-58],[66,-52],[-51,-27],[-41,-37],[-28,-99],[-18,-26],[-57,-39],[-3,-25],[50,-80],[43,-113],[14,-87],[8,-185],[26,-86],[7,-49],[-27,-106],[31,-98],[2,-39],[-21,-94],[1,-46],[83,-116],[49,-34],[146,-123],[27,-46],[43,-33],[24,-43],[12,-153],[-14,-95],[40,-70],[61,-44],[1,-39],[-13,-69],[-38,-81],[-53,-64],[-65,-52],[-1,-39],[66,-92],[108,-92],[36,-49],[21,-113],[0,-65],[25,-90],[59,-81],[93,-100],[-27,-134],[-19,-54],[-47,-69],[-14,-65],[107,-57],[86,-35],[-18,-51],[-35,-47],[-40,-29],[-21,-31],[1,-92],[-14,-55],[-3,-88],[6,-29],[-16,-119],[7,-70],[20,-54],[80,-54],[41,-43],[51,-28],[39,-62],[10,-34],[4,-73],[-33,-94],[2,-40],[-100,-69],[-69,-37],[-37,-8],[-45,-33],[-99,-50],[-54,-45],[0,-60],[-90,-69],[-24,-42],[16,-94],[25,-27],[21,-107],[21,-31],[76,-42],[37,-32],[39,-73],[11,-54],[82,-108],[58,-54],[145,-37],[125,-70],[91,-42],[60,-17],[-6,-38],[8,-61],[25,-75]],[[67417,91792],[8,-52],[24,-61],[62,-83],[30,-58],[68,-83],[59,-50],[77,-38],[70,-27],[37,-44],[-4,-49],[-97,-110],[-64,-144],[-2,-18],[71,-83],[29,-45],[34,-102],[28,-36],[86,-6],[32,-11],[22,-46],[-9,-86],[-41,-118],[-10,-93],[-30,-78],[-2,-58],[22,-59],[-71,-52],[-119,-51],[22,-69],[-3,-57],[-25,-58],[0,-31],[32,-124],[-6,-183],[9,-63],[31,-69],[28,-39],[69,-68],[67,-80],[35,-60],[56,-127],[17,-54],[-6,-39],[-133,-165],[-18,-40],[-11,-83],[7,-82],[26,-99],[77,-159],[9,-37],[-28,-83],[-62,-75],[-20,-35],[3,-30],[26,-36],[74,-71],[18,-28],[27,-96],[21,-18],[73,-34],[35,-75],[7,-73],[24,-38],[48,-29],[22,-36],[21,-66],[58,-75],[18,-47],[-18,-63],[-2,-87],[-47,-110],[12,-105],[248,-44],[166,2],[67,22],[80,-32],[92,-23],[48,8],[110,79],[88,46],[35,-12],[46,-80],[25,-14],[73,-1],[44,-18],[41,-89],[63,-24],[23,-33],[67,-55],[103,-37],[27,-19],[56,-68],[45,-76],[19,-54],[3,-100],[-18,-52],[34,-128],[41,-43],[47,-33],[9,-32],[0,-64],[53,-49],[23,-9],[64,33],[35,-41],[34,-66],[35,-43],[20,-72],[22,-16],[44,-5],[25,-69],[77,-58],[25,-47],[2,-68],[19,-12],[126,-3],[27,6],[29,51],[20,-29],[66,-10],[29,-21],[100,-43],[7,-48],[-29,-98],[-7,-129],[7,-50],[3,-93],[-19,-31],[-3,-70],[32,-52],[69,-7],[-5,-102],[27,-52],[70,-2],[13,-45],[27,-48],[-19,-70],[3,-53],[40,-209],[111,-111],[39,-67],[57,-112],[35,-25],[32,3],[26,27],[26,56],[11,70],[38,54],[54,26],[56,-21],[6,-33],[-58,-82],[2,-47],[56,-40],[161,-8],[79,-18],[69,-40],[40,-31],[108,-122],[16,-36],[14,-69],[65,-49],[92,-113],[54,-26],[124,-11]],[[53575,98712],[50,7],[106,46],[128,34],[81,57],[30,12],[170,51],[41,24],[39,50],[70,29],[34,38],[69,1],[119,-12],[54,17],[30,38],[30,91],[47,38],[64,10],[49,19],[72,66],[51,27],[26,-2],[43,-70],[26,-5],[28,35],[80,41],[109,11],[21,11],[33,53],[46,46],[25,39],[60,70],[19,47],[43,134],[27,27],[27,86],[33,21],[5,34],[31,17],[-14,44],[11,24],[37,22],[117,-58],[93,-20],[94,24],[64,30],[76,22],[47,30],[84,32],[39,-15],[39,5],[112,49],[88,18],[56,-37],[80,-8],[70,-44],[72,-9],[61,5],[99,39],[110,76],[63,58],[27,41],[13,79],[31,48],[28,12],[55,-3],[69,33],[85,-5],[99,-34],[120,3],[72,-14],[118,43],[91,18],[57,49],[39,5],[80,92],[16,96],[-13,124],[12,29],[41,-13],[94,-45],[32,-2],[117,15],[95,33],[73,1]],[[67417,91792],[79,17],[84,-4],[124,13],[32,19],[78,102],[25,42],[21,63],[33,30],[97,50],[83,29],[48,2],[47,-28],[66,-9],[47,-21],[37,4],[88,31],[29,54],[58,-15],[69,10],[54,33],[60,-4],[107,57],[57,0],[67,-38],[48,-16],[38,15],[40,47],[63,47],[32,12],[53,-15],[31,-31],[74,-42],[121,-12],[89,-52],[49,2],[95,41],[28,37],[14,93],[35,5],[26,-28],[46,-12],[39,11],[10,22],[11,123],[26,37],[101,73],[32,15],[-4,84],[-14,77],[-11,163],[-49,28],[-36,64],[-50,55],[10,50],[-19,34],[3,30],[55,60],[68,10],[38,30],[27,-2],[19,20],[-18,34],[-59,30],[-19,27],[-82,36],[-54,35],[-23,54],[-49,42],[-74,38],[-68,21],[-40,-2],[-29,20],[-34,93],[-67,101],[-26,110],[-55,110],[18,20],[39,-16],[38,-53],[56,-34],[27,-34],[32,-10],[92,32],[86,0],[36,-8],[74,-44],[60,4],[135,60],[91,46],[40,5],[78,-17],[31,-23],[-15,-32],[6,-42],[-18,-44],[47,-31],[39,10],[75,-3],[77,7],[27,-45],[-14,-33],[-39,-40],[-24,-54],[5,-73],[44,-55],[42,-79],[22,-80],[10,-166],[24,-65],[35,-10],[46,7],[96,54],[104,92],[41,21],[69,-7],[74,-45],[70,-53],[83,-54],[37,-37],[36,-65],[45,-49],[21,-47],[23,-87],[-1,-78],[24,-86],[66,-90],[27,-16],[56,5],[104,-10],[94,31],[39,5],[54,-20],[58,-44],[136,-8],[136,-59],[80,-23],[179,-38],[90,-24],[98,-10],[116,-26],[88,-33],[213,-34],[207,-40],[93,-35],[47,13],[69,64],[45,18],[123,-47],[171,-36],[28,-9],[89,-61],[38,-13],[27,11],[46,42],[59,25],[71,-12],[189,-75],[120,-23],[78,-34],[51,-10],[81,0],[78,25],[79,66],[67,31],[62,-28],[79,-47],[113,-84],[73,-34],[97,-16],[265,-5],[183,-72],[35,3],[72,25],[53,3],[336,-4],[216,-24],[169,-51],[67,-43],[107,-111],[131,-111],[9,-14],[-15,-73],[-47,-22],[14,-40],[-29,-90],[8,-21],[82,-56],[81,-37],[99,-75],[-27,-85],[-33,-9],[-38,-87],[-80,-155],[-16,-22],[-76,38],[81,170],[-67,11],[18,66],[-84,31],[-90,22],[-86,3],[-54,-13],[-55,-30],[-48,-13],[-47,-1],[-99,27],[-144,-262],[-12,-44],[-65,-81],[561,-413],[209,123],[-21,36],[103,76],[70,38],[64,-13],[158,189],[-21,11],[48,95],[-33,10],[14,30],[61,23],[65,13],[117,-24],[2,105],[-9,91],[151,-7],[-17,58],[7,99],[-2,54],[-24,208],[12,3],[92,-118],[32,-28],[56,-28],[56,-8],[85,26],[33,-15],[134,-129],[64,-69],[131,-46],[81,1],[189,-7],[220,46],[106,-5],[31,5],[78,36],[117,30],[170,-18],[77,-4],[-9,-43],[-71,-76],[-50,-7],[-24,-17],[0,-55],[35,-50],[62,-58],[-42,-59],[-64,-74],[-50,-78],[96,-37],[87,96],[39,35],[147,-76],[63,37],[64,60],[45,80],[33,84],[-232,132],[-20,102],[82,32],[178,55],[23,0]],[[79779,91314],[-9,-50],[18,-60],[-23,-272],[-22,-86],[-61,-81],[-53,-39],[-43,-44],[-37,-18],[-79,-63],[-45,-66],[-54,-98],[-33,-80],[-39,-116],[-56,-142],[-53,-179],[-69,-167],[-79,-166],[-29,-80],[-81,-166],[-49,-125],[-25,-40],[-75,-211],[-21,-79],[-23,-55],[-3,-49],[-53,-173],[-37,-89],[-25,-35],[-13,-82],[-20,-46],[-87,-253],[-35,-114],[-8,-52],[-27,-75],[-23,-102],[-31,-107],[-30,-65],[-14,-68],[-26,-82],[-28,-137],[-33,-88],[-23,-42],[-7,-37],[1,-96],[-33,-106],[-12,-61],[-6,-119],[-20,-57],[-27,-40],[-27,-78],[-24,-45],[-55,-176],[-43,-115],[-25,-50],[-5,-54],[-25,-118],[-11,-13],[-14,-69],[-20,-162],[-3,-59],[-19,-24],[-13,-173],[15,-138],[35,-63],[24,-127],[-21,-110],[-70,-139],[-88,-183],[1,-18],[137,-50],[3,-21],[-31,-100],[167,-341],[-8,-4],[-124,259],[-78,24],[19,3],[46,159],[-4,15],[-130,49],[-23,-93],[12,-4],[-27,-87],[90,-25],[2,-11],[-93,31],[-68,-223],[80,-23],[98,37],[16,-31],[55,15],[-98,-37],[-58,-130],[22,61],[-134,55],[-67,-153],[-14,23],[-19,-40],[29,-25],[136,-52],[184,-76],[221,160],[7,-10],[-222,-161],[-314,129],[-46,-108],[-45,-56],[-83,-62],[-56,-64],[-34,-102],[-43,-67],[15,-17],[-42,-161],[-26,-32],[1,-29],[-28,-90],[-19,-108],[-50,-193],[-22,-45]],[[78248,84048],[-14,1],[14,169],[13,0],[-13,-170]],[[81521,98402],[-77,-157],[-68,-229],[-58,-159],[-87,-202],[-110,-246],[-17,-12],[-14,-62],[-18,-19],[-10,-46],[-90,-197],[-16,-4],[-74,-188],[-120,-355],[-27,-47],[-89,-257],[-46,-141],[-49,-175],[-40,-174],[-26,-36],[-17,-2],[-16,-96],[-55,-155],[-157,-483],[-29,-35],[-49,-182],[-19,-117],[-28,-133],[-13,-33],[-43,-158],[-11,-111],[13,-148],[40,-126],[21,-104],[11,-92],[-19,-73],[-42,-20],[-20,-32],[-32,-18],[2,-52],[19,-62],[-37,-48],[-58,-37],[-72,-15],[-70,-53],[-64,-70],[-30,-73],[-43,-163],[-3,-124],[20,-25],[199,-26],[84,-50],[-86,43],[-129,17],[-22,-15],[-8,-85],[37,-66],[83,39],[9,-22],[65,-71],[-20,9],[-50,55],[-59,-32],[48,-77],[130,-77],[70,8],[43,48],[-16,80],[-56,-2],[59,14],[-24,79],[9,18],[45,-192],[-87,-121],[14,-82],[10,-104],[-6,-220],[-26,-221],[-6,-158],[-43,-96],[-86,-92],[-30,-45],[-25,-65],[-31,-33]],[[80114,92852],[-40,42],[9,7],[31,-49]],[[94006,118252],[-15,-37],[-54,-15],[-29,17],[1,-66],[-83,-44],[45,-77],[-10,-17],[-49,11],[70,-37],[51,-39],[-20,-6],[100,-44],[10,-26],[-20,-39],[64,2],[18,-10],[-29,-26],[6,-31],[-85,-17],[-45,39],[-50,7],[20,-33],[-48,-7],[-70,18],[-39,26],[3,-17],[-56,43],[-27,7],[-32,-33],[53,-47],[5,-39],[-26,1],[19,-42],[43,-5],[-63,-16],[54,-20],[6,-36],[-59,-18],[-60,47],[1,-29],[41,-35],[9,-53],[-48,-17],[48,-44],[-40,-18],[-34,2],[-82,58],[89,-104],[-25,-33],[-65,-4],[-54,38],[13,-52],[-57,10],[-5,-11],[56,-12],[51,-40],[1,-21],[-86,1],[-21,-51],[-56,-4],[-19,-41],[-71,2],[55,25],[-38,30],[5,27],[-34,-11],[-48,8],[-32,22],[29,27],[-37,-8],[-11,34],[33,30],[-97,18],[-9,25],[-46,3],[-15,16],[-22,-18],[-44,27],[-47,-9],[-35,11],[4,-30],[-75,34],[-27,31],[-32,-1],[-42,-35],[13,-55],[21,-25],[-41,-1],[22,-30],[-14,-38],[-29,-18],[55,-13],[21,-49],[64,-48],[34,0],[12,-20],[45,-16],[12,-18],[-13,-32],[-84,9],[34,-20],[78,-11],[51,-32],[-18,-35],[-27,-6],[60,-40],[25,-28],[4,-43],[-26,-2],[-48,30],[2,-32],[-102,-14],[65,-13],[-15,-21],[50,-3],[22,-20],[4,-31],[-59,-20],[-3,19],[-29,-16],[-41,30],[45,-72],[-13,-20],[-52,-21],[-43,2],[-74,17],[-48,31],[-55,-3],[-52,50],[-29,8],[42,-59],[-23,-8],[-137,34],[-46,39],[-44,22],[-46,-32],[4,-26],[27,-5],[49,-68],[-12,-39],[12,-32],[39,-2],[14,-18],[-34,-17],[-9,-27],[-37,-18],[50,-8],[-32,-21],[38,-6],[38,-30],[-42,-37],[-55,19],[-49,0],[-49,21],[76,-68],[-42,-8],[39,-33],[-35,-14],[35,-6],[0,-19],[-33,-15],[-68,30],[-15,-23],[-60,4],[41,-17],[-2,-19],[-81,-7],[-84,29],[41,-37],[-61,12],[22,-24],[43,-6],[-5,-24],[-61,-27],[-48,-12],[-105,-6],[-4,-44],[-56,-38],[-57,-8],[8,-50],[31,-9],[-71,-50],[-69,-12],[-29,-14],[-47,17],[-8,40],[-49,-20],[-13,17],[56,25],[-1,11],[-81,1],[-52,36],[-17,-19],[-30,12],[14,-25],[-70,5],[-50,22],[-3,-24],[-35,-3],[4,-23],[-31,11],[-17,-50],[-41,6],[-17,-21],[17,-31],[-8,-48],[36,-12],[65,-46],[-2,-20],[99,9],[6,-40],[51,-5],[16,-23],[-13,-24],[-36,3],[-22,-31],[27,-25],[-36,-3],[-42,-66],[17,-16],[-49,-36],[-10,35],[-35,-25],[-3,20],[-24,-37],[-40,23],[-5,-51],[-41,-12],[52,-32],[-34,-40],[-23,9],[-35,-31],[-31,21],[-2,75],[-20,-4],[-16,-41],[-36,7],[14,52],[-31,-3],[-18,-27],[-84,-1],[-13,22],[-25,-40],[-44,15],[24,-55],[-54,5],[-57,40],[-57,-9],[-28,-55],[-24,-2],[-109,28],[-21,-23],[-15,13],[-35,-48],[-71,26],[22,25],[-46,-5],[-35,16],[-25,32],[6,57],[-13,29],[-60,48],[-32,-2],[-13,24],[-34,11],[-41,-13],[-43,33],[-21,-54],[-64,-23],[-23,61],[-28,6],[-6,33],[-19,7],[-10,35],[5,45],[-41,44],[-71,50],[-66,-15],[-28,11],[-21,-15],[-22,22],[-50,2],[-22,-46],[-16,40],[-24,-53],[-28,12],[-13,123],[-30,58],[2,40],[41,72],[33,0],[46,52],[7,44],[45,57],[22,84],[43,40],[48,76],[19,70],[23,39],[16,117],[-21,49],[4,48],[-49,53],[-135,70],[-43,2],[-41,-16],[-133,-121],[-38,-43],[-13,-35],[-31,-22],[-30,-58],[-48,-30],[-37,-4],[-4,32],[-21,6],[-6,55],[-18,17],[-53,1],[-13,-24],[-43,-11],[4,-44],[25,-8],[-16,-39],[-50,-12],[-5,-76],[60,-11],[-1,-24],[-62,-30],[25,-43],[-1,-32],[-26,-18],[0,-26],[-41,-21],[16,-19],[-54,-10],[2,-17],[-34,-50],[-9,26],[-26,11],[-14,43],[17,31],[-114,28],[-106,-66],[-7,9],[111,64],[90,-24],[23,21],[-15,20],[19,13],[18,65],[-138,35],[78,-13],[44,166],[-157,75],[-77,-120],[-42,-161],[90,-60],[-5,-6],[-148,104],[6,-32],[-27,-9],[-4,56],[24,0],[19,41],[-24,13],[24,42],[48,15],[64,109],[83,93],[-4,17],[-92,106],[-84,0],[-35,24],[-71,-155],[-388,33],[-67,129],[-61,0],[-44,-18],[-78,-66],[-64,-67],[8,-65],[-72,-80],[-29,-6],[-47,-68],[-6,-40],[-39,-153],[-13,-76],[18,54],[5,-134],[-23,-124],[40,-11],[355,-72],[56,-398],[-6,0],[-55,393],[-357,75],[-15,-47],[-3,-48],[-24,-26],[-2,-113],[117,-1],[4,114],[-2,-228],[172,-2],[3,-47],[-172,1],[-1,-143],[153,-20],[67,-101],[146,104],[0,-8],[-150,-109],[-174,25],[-55,-46],[-17,7],[-93,-10],[-47,-41],[-59,-25],[-32,-2],[-4,-26],[-59,-2],[-20,-30],[-54,-12],[-69,-37],[-28,-27],[-13,-64],[33,-21],[-18,-50],[-32,-54],[-47,-106],[-46,-150],[-20,-127],[-9,-140],[3,-71],[18,-180]],[[73653,114036],[70,50],[21,30],[46,35],[5,49],[41,13],[29,26],[84,27],[75,60],[68,-3],[30,29],[60,20],[15,28],[-17,32],[4,33],[-69,135],[-61,100],[-26,21],[-10,45],[17,118],[-78,76],[-17,46],[0,36],[22,76],[-16,73],[-31,40],[41,37],[14,36],[102,39],[35,36],[18,116],[40,39],[84,106],[10,54],[-8,92],[-39,103],[9,59],[-8,19],[-48,34],[-66,22],[-57,61],[-21,66],[-42,56],[-33,88],[7,72],[-18,44],[12,30],[54,43],[64,92],[3,19],[-36,116],[-9,64],[30,80],[-56,61],[-6,23],[26,49],[-5,82],[-10,34],[-27,28],[-62,-9],[-33,13],[-7,33],[32,54],[68,41],[85,20],[52,-12],[92,-52],[19,38],[126,55],[62,0],[58,39],[34,41],[84,34],[96,-9],[65,-47],[31,38],[53,16],[62,44],[87,27],[92,3],[34,13],[44,51],[63,3],[69,21],[67,55],[60,-5],[48,10],[42,28],[39,53],[2,66],[81,64],[107,43],[49,35],[25,41],[-5,65],[-32,51],[-8,32],[-68,60],[0,74],[-174,130],[-86,20],[-29,44],[24,86],[-5,91],[12,51],[48,74],[4,42],[-74,133],[-18,60],[-29,32],[0,42],[-48,21],[-14,76],[-63,6],[7,143],[-20,52],[6,24],[33,24],[69,13],[17,19],[-19,47],[13,33],[27,10],[77,-19],[55,12],[30,94],[67,150],[22,25],[53,17],[54,0],[45,94],[59,71],[61,48],[21,49],[55,75],[24,66],[-3,64],[-47,72],[-7,30],[4,67],[33,73],[58,50],[-20,42],[59,82],[7,27],[-69,96],[17,86],[-5,73],[13,30],[-38,59],[-7,49],[-40,76],[-9,63],[-83,104],[-12,29],[-47,48],[-49,91],[5,62],[-42,65],[-56,68],[-17,85],[-118,99],[-40,43],[-39,26],[-84,9],[-26,21],[-44,113],[-53,22],[-63,72],[-5,26],[42,106],[25,22],[55,23],[53,4],[36,32],[2,47],[-24,28],[17,67],[55,74],[26,80],[59,47],[20,39]],[[88347,114916],[-18,15],[-24,-17],[18,40],[27,24],[14,57],[-383,204],[-48,-10],[-4,18],[56,0],[322,-175],[7,-5],[142,247],[28,26],[-16,49],[-51,38],[-7,34],[71,37],[137,8],[23,-13],[6,-65],[67,-41],[-6,-25],[-52,-19],[-15,-114],[71,3],[-12,-29],[-45,6],[-20,-32],[45,3],[23,-31],[-43,-71],[51,2],[-12,-28],[36,-18],[-39,-3],[5,-23],[43,7],[51,-10],[-63,-29],[23,-12],[-45,-6],[-3,-29],[-60,3],[57,-21],[-9,-22],[26,-13],[-49,-28],[-62,2],[-29,-19],[-62,14],[-19,16],[14,20],[-51,-13],[-75,22],[-41,26]],[[94132,114956],[23,72],[50,8],[-9,20],[94,23],[-10,16],[27,18],[76,-53],[6,-20],[-36,-25],[-3,-57],[26,36],[24,-54],[-45,4],[-19,-11],[75,-20],[27,-17],[-12,-30],[-32,-15],[12,-22],[-39,-5],[-4,-31],[-24,-7],[-23,54],[-20,-60],[-25,-2],[-21,29],[-35,-33],[-14,35],[-55,50],[37,11],[-19,29],[-36,-9],[11,20],[-49,32],[42,14]],[[91790,115983],[-26,-19],[54,15],[95,7],[1,-60],[-21,-21],[-134,-54],[110,25],[4,-41],[-36,-26],[-48,20],[-26,-15],[-68,15],[-12,13],[-39,-9],[23,23],[-15,14],[28,31],[-1,27],[65,54],[68,22],[-22,-21]],[[92994,115886],[-10,25],[21,17],[67,-8],[45,-20],[7,-51],[-51,-37],[-29,9],[-50,65]],[[94210,115322],[27,-10],[-32,-20],[-1,-54],[-21,-2],[-88,29],[0,49],[80,21],[35,-13]],[[94227,117417],[20,11],[50,-39],[10,-44],[-49,3],[-103,44],[-17,26],[31,12],[58,-13]],[[90546,115208],[9,48],[28,44],[23,-10],[27,-40],[17,-2],[-8,-46],[-47,10],[-30,-22],[-19,18]],[[89418,115705],[-256,-137],[-8,15],[255,136],[9,-14]],[[94125,118187],[32,-37],[-33,-22],[-41,11],[-15,25],[20,37],[37,-14]],[[93717,117525],[-10,36],[29,25],[43,-29],[0,-17],[-52,-22],[-10,7]],[[89123,116462],[-3,51],[56,2],[10,-34],[-63,-19]],[[94193,115099],[14,-24],[-43,-26],[-50,-2],[-8,18],[39,3],[28,33],[20,-2]],[[93495,117248],[41,-21],[-4,-22],[-37,-10],[-31,51],[31,2]],[[94027,117585],[-17,37],[70,-15],[-14,-38],[-39,16]],[[91325,115503],[-42,-10],[-14,13],[16,39],[32,6],[8,-48]],[[94046,118193],[-27,19],[-2,39],[41,-20],[17,-26],[-29,-12]],[[88731,115369],[39,19],[4,-44],[-56,7],[13,18]],[[91357,115513],[-16,26],[24,9],[-2,33],[37,-15],[-9,-31],[-34,-22]],[[90756,115169],[-21,-4],[8,33],[45,-8],[15,-20],[-47,-1]],[[87339,115190],[14,-4],[21,-49],[-23,-11],[-19,41],[7,23]],[[88749,115552],[-21,-8],[59,72],[33,16],[-71,-80]],[[92995,115833],[49,-31],[-35,-4],[-45,25],[31,10]],[[87604,116481],[-34,-10],[7,51],[18,-1],[9,-40]],[[91063,115330],[-6,21],[38,3],[2,-32],[-34,8]],[[94169,115181],[-35,-23],[6,35],[29,-12]],[[91243,115571],[19,26],[36,-6],[-48,-32],[-7,12]],[[90462,115358],[-8,29],[26,-4],[13,-24],[-31,-1]],[[89898,115528],[-37,2],[56,26],[-19,-28]],[[91281,115764],[26,18],[7,-17],[-33,-1]],[[88504,114793],[-16,19],[29,3],[-13,-22]],[[88716,115064],[18,28],[20,-13],[-38,-15]],[[93829,117721],[20,-19],[-53,16],[33,3]],[[91763,116041],[-24,-31],[-7,22],[31,9]],[[88745,116130],[17,42],[-4,-45],[-13,3]],[[93789,117762],[42,-13],[-13,-11],[-29,24]],[[90759,115411],[-36,16],[12,15],[24,-31]],[[52865,119292],[-6,87],[12,55],[50,96],[18,117],[-12,85],[-16,57],[-34,47],[-9,55],[61,34],[9,34],[-35,64],[-35,14],[-3,18],[12,119],[3,135],[-20,77],[-41,76],[-24,27],[-14,45],[-26,39],[-68,71],[-76,57],[-70,39],[-102,34],[-64,125],[-11,98],[-42,131],[-18,32],[-64,-50],[-76,0],[-74,18],[-125,47],[-63,13],[-91,-1],[-228,24],[-100,-21],[-65,45],[-175,34],[-24,-13],[-144,-142],[-18,-50],[-99,-152],[-130,-73],[-103,-71],[-32,4],[-85,41],[-48,33],[-102,32],[-133,0],[-85,7],[-76,-25],[-104,-18],[-65,-49],[-54,-8],[-64,18],[-78,-34],[-117,16],[-50,27],[-6,65],[-34,46],[-35,17],[-50,43],[-114,57],[-50,48],[-37,5],[-61,-30],[-60,-15],[-33,5],[-61,63],[-85,21],[-83,70],[-18,36],[-58,12],[-23,16],[-38,59],[-117,73],[-29,59],[-75,66],[-38,42],[-41,23],[-120,-88],[-44,3],[-167,-6],[-87,-9],[-219,-48],[-55,10],[-136,-20],[-94,-22],[-83,10],[-81,-24],[-43,-36],[-20,-39],[-30,89],[-4,56],[-22,41],[-45,40],[-11,29],[-75,90],[-12,51],[54,54],[-4,83],[-60,81],[1,72],[-19,60],[8,71],[-6,29],[-62,46],[-17,46],[-2,57],[-109,119],[-17,28],[49,145],[4,34],[26,71],[5,66],[27,93],[-32,91],[-15,156],[-13,45],[-41,46],[-24,64],[-11,52],[-22,55],[6,64],[-22,49],[-40,60],[1,32],[43,71],[33,78],[56,83],[15,90],[18,61],[42,92],[6,42],[-15,78],[1,117],[52,105],[63,47],[75,91],[-28,57],[-30,136],[4,54],[99,137],[64,74],[6,46],[-59,106],[-22,94],[-41,68],[41,76],[34,122],[-13,18],[-91,6],[-121,22],[-52,39],[-40,117],[-46,69],[-15,51],[-80,183],[-44,80],[-36,129],[-46,63],[-16,80],[-81,142],[7,100],[-61,30],[-108,21],[-160,11],[-4,42],[23,76],[-4,128],[6,56],[-6,58],[-20,84],[-35,119],[-63,105],[-39,211],[136,129],[40,61],[33,71]],[[46324,127815],[50,8],[109,39],[96,58],[26,25],[87,37],[101,7],[96,60],[28,24],[65,33],[71,48],[57,21],[49,-1],[97,20],[88,-13],[37,6],[129,42],[77,30],[110,60],[47,54],[59,56],[47,11],[81,-78],[59,-22],[50,-35],[12,-53],[25,-14],[75,-10],[38,-53],[80,-57],[81,-39],[130,-34],[90,3],[67,16],[22,23],[0,129],[6,32],[87,119],[25,20],[120,50],[46,33],[41,78],[44,14],[89,-18],[42,12],[94,45],[26,-1],[137,-41],[80,17],[34,39],[-12,129],[1,39],[39,76],[130,170],[71,82],[120,166],[55,48],[96,53],[46,119],[17,67],[86,7],[101,75],[25,109],[33,88],[95,182],[31,94],[1,46],[-27,41],[16,63],[24,16],[-3,33],[-76,153],[-3,38],[32,55],[47,47],[14,41],[48,39],[19,47],[10,64],[95,176],[7,37],[-12,66],[10,202],[8,31],[68,109],[15,82],[29,84],[3,78],[33,195],[17,64],[3,114],[22,72],[6,110],[-17,103],[-49,24],[-26,41],[-7,167],[-57,61],[-59,88],[-70,17],[-20,29],[-13,56],[62,115],[38,51],[12,53],[-29,78],[17,69],[37,101],[-4,113],[58,15],[51,1],[72,-15],[70,-36],[91,-11],[85,-71],[64,-25],[89,15],[56,-32],[43,-53],[40,0],[41,20],[41,-6],[33,-49],[71,-18],[37,3],[70,35],[55,62]],[[51753,133223],[67,-61],[88,-23],[133,-12],[68,29],[33,-8],[57,4],[199,-50],[33,-22],[118,-38],[65,-1],[126,-14],[55,-57],[85,-63],[75,-28],[71,-2],[62,-48],[44,-15],[76,40],[65,-21],[71,-56],[36,-46],[77,-16],[15,-23],[102,-85],[44,22],[70,52],[44,23],[45,3],[191,-95],[50,-43],[41,-22],[65,9],[137,-4],[180,-89],[46,-8],[39,-21],[162,-28],[50,-14],[131,-48],[51,-37],[65,-22],[32,7],[142,-53],[35,-30],[-10,-61],[14,-43],[39,-12],[45,-36],[36,-13],[55,5],[151,-42],[53,5],[54,48],[26,9]],[[55657,132069],[87,-36],[105,-20],[56,14],[76,59],[49,17],[73,-36],[76,-19],[40,-67],[1,-48],[-10,-133],[26,-58],[40,-125],[124,-29],[36,-57],[37,-40],[22,-74],[70,-97],[39,-40],[27,-67],[28,-42],[7,-101],[10,-59],[47,-54],[91,-70],[27,-55],[42,-38],[66,-86],[62,-32],[44,-66],[105,-97],[19,-58],[38,-31],[23,-65],[72,-49],[63,-60],[25,-34],[2,-29],[-11,-114],[11,-83],[56,-15],[36,19],[79,58],[114,5],[105,74],[66,23],[20,44],[-6,35],[21,23],[94,40],[117,2],[53,-4],[106,37],[29,-13],[105,30],[82,3],[80,-57],[88,-39],[97,8],[57,-7],[44,7],[76,31],[100,7],[43,-7],[59,-34],[135,-113],[80,-36],[105,-6],[91,-24],[88,-8],[29,-14],[54,-49],[98,-41],[122,-8],[41,-27],[15,-45],[15,-188],[10,-48],[30,-68],[41,-59],[3,-20],[-10,-135],[-68,-28],[-72,-114],[-14,-47],[71,-84],[57,-90],[5,-58],[23,-113],[-40,-61],[0,-61],[-80,-111],[-28,-64],[-30,-38],[65,-75],[27,-102],[73,-90],[8,-56],[55,-65],[51,-26],[59,-17],[54,-56],[45,-30],[17,-73],[30,-21],[61,-73],[8,-50],[-49,-98],[-1,-38],[40,-52],[31,-61],[84,-64],[60,-73],[15,-38],[-12,-74],[-58,-60],[-53,-43],[-62,-92],[-23,-59],[-29,-45],[-16,-90],[24,-58],[-4,-60],[23,-80],[37,-53],[15,-3],[86,45],[44,1],[67,-20],[47,-37],[115,-41],[43,-29],[49,-3],[34,-94],[48,-55],[-8,-61],[34,-122],[2,-42],[56,-35],[52,-96],[25,-109],[-5,-46],[8,-43],[23,-32],[68,-37],[7,-91],[24,-62],[30,-39],[47,-20],[11,-24],[5,-104],[54,-88],[81,-76]],[[61516,125267],[-122,-91],[-61,-29],[-24,-62],[-50,-35],[-58,-63],[-39,-19],[-111,-29],[-13,-22],[6,-77],[-74,-51],[-8,-32],[21,-41],[3,-37],[-25,-58],[11,-115],[38,-194],[-7,-86],[35,-40],[-2,-36],[-38,-22],[-11,-27],[7,-42],[48,-80],[41,-144],[-29,-109],[-14,-119],[-11,-196],[-14,-107],[34,-81],[5,-259],[-8,-56],[5,-39],[26,-16],[76,-10],[61,7],[46,24],[49,9],[134,-5],[116,-27],[49,-1],[88,27],[141,-14],[36,-16],[48,-39],[61,-12],[74,-58],[71,-14],[104,-45],[100,-100],[38,-23],[86,-101],[13,-49],[21,-29],[30,-71],[99,-152],[35,-24],[98,-6],[138,-68],[78,-64],[91,-42],[99,-60],[29,-25],[107,-24],[32,-54],[5,-81],[58,-97],[36,-23],[76,0],[43,-47],[14,-30],[-5,-74],[7,-39],[37,-46],[31,-75],[24,-29],[-58,-74],[-6,-65],[20,-121],[35,-77],[25,-83],[27,-54],[-1,-60],[-15,-39],[-54,-90],[0,-29],[30,-71],[47,-64],[-23,-67],[-17,-83],[37,-92],[37,-62],[-5,-151],[14,-59],[43,-54],[-5,-161],[10,-35],[49,-70],[27,-94],[53,-53],[9,-32],[-16,-64],[3,-63],[59,-74],[57,-41],[72,-36],[33,-25],[35,-70],[36,-29],[82,-26],[51,-3],[21,-32],[78,-68],[88,-49],[97,-30],[20,-102],[15,-37],[42,-13],[73,-51],[29,-54],[44,-31],[12,-23],[27,-103],[30,-68],[56,-48],[109,-61],[18,-29],[-58,-46],[15,-84],[-8,-88],[17,-51],[83,-75],[4,-146],[-9,-88],[-11,-43],[2,-81],[-22,-146],[-42,-49],[-41,-9],[-106,-79],[-88,-80],[-80,-62],[-29,-48],[-78,-64],[-74,-182],[-30,-137],[-46,-52],[-24,-45],[-46,-135],[-81,-70],[-44,-58],[-104,-36],[-122,-80],[-105,-60],[-96,7],[-45,14],[-229,-52],[-198,-63],[-154,-81],[-44,-18],[-97,-14],[-53,-20],[-71,-41],[-155,-70],[-97,-69],[-46,1],[-81,-19],[-93,-103],[-71,-87],[-14,-63],[-35,-52],[-2,-75],[-79,-104],[-27,-54],[-81,-66],[-34,-19],[20,-76],[4,-57],[40,-33],[22,-50],[-17,-29],[-66,4],[-127,-12],[-174,-30],[-82,11],[-49,29],[-54,94],[-5,54],[20,78],[64,134],[12,50],[-2,47],[-45,146],[-38,74],[-35,92],[-10,102],[1,146],[-14,102],[-40,92],[-7,70],[26,59],[27,29],[68,49],[120,55],[70,48],[117,161],[38,64],[92,216],[58,122],[65,82],[107,185],[38,48],[45,85],[42,142],[-5,34],[-44,56],[-65,38],[-91,23],[-73,3],[-47,20],[-82,86],[-61,33],[-89,26],[-39,-3],[-90,-29],[-76,-48],[-37,-38],[-115,-93],[-92,-93],[-59,-44],[-44,-15],[-42,2],[-101,31],[-108,66],[-29,45],[-26,80],[48,81],[195,201],[20,79],[-12,50],[-39,52],[-67,52],[-83,42],[-22,22],[-26,61],[-41,63],[-130,119],[-39,9],[-142,5],[-218,-2],[-120,23],[-78,52],[-24,29],[-52,91],[-56,125],[-63,105],[-111,116],[-87,59],[-93,14],[-95,-21],[-80,-1],[-84,33],[-112,99],[-61,13],[-45,-1],[-101,-24],[-148,-81],[-147,-62],[-74,-52],[-88,-51],[-95,-84],[-52,0],[-69,46],[-78,103],[-74,76],[-9,36],[10,67],[26,59],[46,48],[148,125],[0,45],[-20,32],[-34,18],[-124,24],[-68,8],[-151,-18],[-66,-32],[-216,-124],[-85,-35],[-85,14],[-69,65],[-147,209],[-32,19],[-151,71],[-116,43],[-58,-4],[-128,-60],[-31,-26],[-13,-96],[24,-111],[0,-83],[-40,-67],[-26,-25],[-37,-8],[-68,9],[-67,30],[-59,-2],[-26,-11],[-53,-63],[-35,-66],[-13,-146],[-27,-118],[-13,-121],[8,-42],[46,-113],[39,-45],[128,-98],[25,-57],[6,-64],[-9,-74],[19,-36],[83,-64],[82,-19],[70,-46],[67,-75],[39,-89],[4,-75],[-37,-71],[-52,-61],[-88,-47],[-84,-12],[-37,2],[-98,37],[-40,27],[-84,86],[-70,48],[-225,83],[-61,29],[-18,63],[-52,129],[-19,89],[-1,59],[-13,55],[-39,49],[-84,52],[-155,64],[-174,59],[-90,14],[-56,-6],[-36,-16],[-139,-98],[-85,-48],[-78,-25],[-79,34],[-59,43],[-69,75],[-149,137],[-18,30],[-46,132],[-18,118],[-34,69],[-38,42],[-68,46],[-51,54],[-109,219],[-49,10],[-79,-11],[-104,-44],[-101,-65],[-33,-40],[-84,-215],[-35,-55],[-23,-9],[-70,6],[-94,67],[-121,119],[-192,178],[-118,71],[-83,5],[-171,-38],[-101,-31],[-156,-41],[-107,-22]],[[28526,114715],[-8,32],[12,63],[54,101],[54,82],[92,83],[71,103],[-11,25],[-80,22],[-44,50],[-57,177],[0,124],[12,53],[90,179],[-6,59],[-48,55],[-33,62],[-30,84],[-107,126],[-19,60],[-2,45],[13,83],[19,68],[-8,62],[-145,110],[-45,51],[-46,74],[-72,73],[-98,204],[-94,289],[-37,76],[-83,121],[-20,47],[17,215],[-15,112],[15,113],[23,88],[38,85],[94,151],[20,47],[-14,62],[-63,101],[-13,85],[15,112],[-20,92],[7,48],[69,79],[16,52],[10,105],[16,74],[8,75],[-15,92],[7,52],[36,90],[1,62],[-12,56],[-22,56],[-11,54],[8,83],[3,100],[18,87],[-28,132],[16,79],[113,32],[168,13],[147,2],[103,-2],[28,23],[58,101],[90,90],[120,176],[61,21],[249,41],[196,-9],[67,16],[76,68],[11,21],[-29,65],[-9,45],[20,48],[6,57],[-10,56],[-37,57],[-13,63],[-20,48],[-9,56],[0,85],[-44,93],[-4,57],[21,62],[7,49],[-11,56],[4,59],[23,57],[32,46],[6,31],[-40,98],[-75,254],[-9,123],[-16,21],[-69,45],[-55,48],[-52,69],[-50,95],[-70,112],[-98,173],[-21,55],[-5,119],[-50,167],[-16,86],[-7,76],[11,50],[55,70],[56,119],[15,57],[31,19],[91,90],[85,73],[40,41],[84,155],[30,29],[49,21],[89,-12],[67,-2],[122,31],[140,15],[111,35],[85,0],[176,-73],[47,-7],[107,23],[110,-40],[40,12],[35,33],[29,69],[29,22],[61,6],[129,2],[41,93],[46,89],[12,86],[-4,76],[20,94],[51,101],[-16,98],[-14,34],[-131,163],[-48,49],[-44,28],[-16,29],[-10,132],[21,111],[41,105],[21,83],[22,121],[70,145],[13,46],[-33,62],[11,26],[160,149],[15,41],[65,80],[21,39],[-32,168],[34,99],[-10,77],[-15,45],[-45,53],[-9,62],[8,67],[30,37],[41,13],[41,-5],[7,16],[17,145],[13,49],[95,60],[33,44],[67,38],[36,4],[24,25],[5,50],[162,25],[85,19],[42,25],[100,82],[55,55],[69,105],[47,28],[160,18],[51,-7],[69,-28],[94,-29],[97,-57],[33,-30],[80,-44],[89,-27],[148,0],[82,67],[33,5],[33,-19],[65,-74],[59,-26],[97,29],[83,-55],[158,-89],[55,-19],[56,-2],[63,9],[123,-13],[108,28],[207,60],[71,-23],[63,-49],[47,-104],[33,-47],[32,-26],[134,-67],[62,-13],[103,-5],[54,-15],[89,-37],[99,-3],[80,-15],[58,-23],[114,-80],[65,-33],[129,-40],[203,-26],[97,-37],[30,1],[102,84],[212,-60],[67,-25],[79,-16],[85,-2],[35,7],[75,-18],[72,10],[82,28],[92,46],[94,23],[187,13],[56,10]],[[36843,126880],[48,-73],[42,-75],[38,-51],[51,-139],[71,-105],[15,-165],[14,-55],[51,-124],[55,-168],[-50,-92],[22,-71],[40,-57],[77,-93],[4,-92],[10,-102],[0,-76],[25,-45],[26,-93],[47,-109],[30,-10],[87,-7],[75,-29],[108,-63],[76,-30],[105,-77],[211,-127],[129,-88],[51,-15],[99,27],[62,-12],[72,2],[63,-27],[74,-10],[60,2],[45,-13],[51,-36],[74,16],[77,-8],[53,2],[85,48],[40,8],[67,-24],[51,49],[93,120],[62,56],[33,44],[32,110],[37,43],[36,79],[59,43],[130,14],[79,-33],[86,9],[60,-5],[80,19],[72,26],[80,46],[88,-42],[46,-10],[71,-30],[127,8],[72,-8],[88,56],[48,10],[72,47],[87,16],[115,-25],[62,-6],[64,-34],[79,22],[64,-5],[121,2],[189,33],[110,-13],[129,-37],[82,7],[49,46],[39,-1],[69,39],[53,105],[17,17],[57,102],[65,79],[8,65],[66,86],[86,83],[143,40],[109,4],[32,27],[60,22],[59,39],[65,79],[43,68],[28,90],[6,68],[-15,91],[-25,94],[0,67],[-36,98],[47,145],[69,76],[29,43],[16,55],[-5,78],[62,93],[52,99],[50,21],[129,130],[-24,59],[-21,79],[-58,119],[-14,55],[-60,74],[-105,171],[32,59],[18,86],[18,26],[51,28],[63,107],[99,57],[118,163],[-20,145],[13,82],[-4,107],[-28,141],[30,57],[34,25],[118,6],[85,16],[45,-11],[139,-62],[23,5],[47,78],[45,16],[129,-2],[123,-52],[22,20],[15,56],[79,86],[111,90],[50,-8],[15,-71],[39,-74],[148,-103],[32,-8],[117,3],[102,-18],[83,37],[39,5],[175,59],[41,-2],[110,-23],[92,-35],[26,-46],[-21,-114],[2,-56],[14,-72],[19,-46],[39,-51],[52,-106],[93,-64],[16,-35],[8,-100],[23,-34],[122,-64],[134,-24],[36,-27],[48,-87],[106,-106],[56,-126],[31,-58]],[[52865,119292],[-140,-6],[-36,7],[-44,39],[-52,79],[-47,87],[-122,70],[-114,27],[-3,-9],[14,-237],[7,-78],[36,-140],[82,-183],[37,-51],[46,-102],[51,-152],[32,-64],[55,-82],[39,-41],[61,-108],[124,-131],[113,-157],[36,-119],[26,-61],[118,-214],[48,-73],[119,-146],[30,-84],[75,-95],[28,-109],[24,-49],[65,-83],[49,-39],[175,-206],[48,-24],[70,-106],[49,-58],[61,-26],[76,-125],[11,-29],[88,-122],[22,-46],[4,-55],[50,-89],[30,-106],[22,-38],[32,-25],[21,-38],[-17,-91],[31,-86],[16,-68],[2,-76],[-11,-87],[19,-24],[20,-96],[16,-186],[10,-158],[13,-48],[57,-31],[11,-46],[12,-175],[-3,-68],[-18,-82],[22,-59],[17,-118],[-29,-59],[-139,3],[-140,-47],[-88,-46],[-108,-45],[-88,-5],[-166,-22],[-46,-27],[-68,-16],[-97,-6],[-46,-12],[-69,-48],[-153,-52],[-71,-35],[-70,56],[-34,18],[-147,-53],[-15,-12],[-14,-57],[-33,-38],[-109,-20],[-42,-28],[-68,3],[-40,-10],[-35,-43],[-19,-6],[-66,21],[-52,0],[-32,12],[-88,-6],[-155,-69],[-63,3],[-57,-30],[-39,-60],[-87,0],[-62,14],[-22,-19],[-46,-77],[-57,-2],[-84,-38],[-83,-16],[-46,-38],[-54,-12],[-86,-35],[-57,-34],[-35,-109],[-13,-21],[-66,-61],[-21,-57],[-48,-59],[-54,-34],[-58,-111],[-37,-32],[-77,-8],[-68,-22],[-19,-19],[-36,-3],[-40,-31],[-110,-44],[-20,-1],[-119,-45],[-69,-2],[-37,16],[-43,37],[-31,54],[-66,24],[-46,-8],[-50,17],[-28,-59],[-55,-59],[-22,-80],[-1,-92],[-25,-42],[1,-22],[28,-45],[-1,-79],[-20,-68],[-24,-47],[-31,-36],[-5,-79],[-50,-115],[4,-142],[18,-130],[-16,-72],[-27,-58],[-1,-46],[12,-104],[-9,-36],[19,-42],[23,-18],[-3,-91],[21,-76],[31,-69],[18,-19],[15,-51],[-1,-139],[16,-108],[26,-50],[59,-79],[7,-41],[-36,-44],[7,-26],[50,-48],[45,-9],[-15,-129],[-18,-43],[21,-59],[-47,-98],[10,-25],[83,-50],[41,-80],[35,-51],[-16,-65],[65,-69],[-17,-40],[-78,-35],[-46,-94],[-6,-65],[6,-70],[18,-25],[57,-15],[25,-29],[-38,-72],[-1,-41],[74,-59],[38,-56],[10,-72],[26,-31],[59,-18],[50,-47],[31,-79],[67,-42],[66,-1],[103,-16],[68,-5],[36,-25],[-6,-39],[-43,-64],[2,-73],[39,-32],[99,-27],[26,-13],[21,-40],[-21,-30],[-106,-64],[-67,-8],[-15,-16],[-39,-112],[28,-58],[-1,-28],[-29,-63],[3,-62],[44,-72],[-11,-52],[-55,-22],[-69,23],[-29,-12],[-12,-50],[-40,19],[-60,-20],[-49,-49],[-1,-25],[30,-71],[-5,-34],[-66,-1],[-52,-38],[-74,-40],[-59,-70],[-42,-32],[-23,-58],[3,-47],[-33,-49],[-6,-66],[-35,-63],[-54,-31],[-47,-70],[-40,-95],[-25,-140],[-37,-37],[-170,-141],[-122,-76],[-115,-7],[-133,-14],[-69,-81],[-130,-79],[-35,-34],[-56,-126],[-146,-86],[-106,-26],[-142,14],[-87,-9],[-108,-88],[-140,-32],[-79,-8],[-165,4],[-53,-16],[-84,-7],[-232,1],[-80,-19],[-85,-32],[-85,-44],[-35,-47],[-50,-110],[-44,-69],[-52,-99],[-76,-77],[-63,-112],[-70,-84],[-73,-177],[-47,-141],[-26,-44],[-35,-15],[-105,-2],[-71,16],[-98,50],[-47,14],[-110,10],[-36,-7],[-180,-70],[-48,-8],[-73,7],[-104,55],[-142,34],[-21,10],[-73,67],[-51,32],[-120,9],[-80,15],[-84,25],[-83,17],[-67,-6],[-170,26],[-38,-1],[-77,14],[-8,-12],[7,-87],[-11,-186],[-29,-73],[-13,-75],[8,-85],[1,-131],[30,-36],[29,-56],[4,-69],[-46,-230],[-1,-65],[-81,-67],[-31,-59],[-17,-92],[8,-128],[31,-167],[20,-84],[57,-107],[29,-133],[68,-159],[60,-78],[59,-29],[75,-25],[108,-99],[69,-41],[112,-34],[50,-49],[29,-61],[75,-52],[45,-100],[-23,-48],[-61,-20],[-31,-34],[-117,-106],[-38,-41],[-4,-73],[-40,-94],[-33,-52],[-14,-40],[9,-51],[-6,-41],[-64,-105],[-38,-156]],[[36493,98993],[-21,71],[-2,45],[18,88],[46,163],[56,98],[73,68],[75,99],[54,85],[20,70],[30,160],[39,55],[-15,72],[40,68],[18,69],[15,108],[12,13],[86,29],[29,18],[53,54],[101,43],[88,57],[45,41],[42,24],[26,103],[-5,43],[58,136],[-2,30],[-71,40],[-100,86],[-39,67],[-64,33],[-75,76],[-77,44],[0,61],[-23,18],[-14,37],[-57,60],[-72,44],[-24,31],[13,32],[-18,48],[18,25],[-11,59],[-41,4],[-33,37],[-43,92],[6,48],[21,36],[-7,25],[11,56],[-59,86],[1,46],[-35,12],[-44,43],[-49,31],[-54,1],[-33,-31],[-17,-47],[-92,-18],[-64,14],[-18,29],[-5,62],[-33,69],[-59,65],[3,32],[-23,32],[4,22],[-25,45],[-3,32],[-83,83],[13,37],[-8,79],[1,72],[-17,92],[3,39],[29,60],[-63,70],[-67,43],[-63,8],[-23,-43],[-25,2],[-21,-23],[-103,-31],[-66,-3],[-34,-34],[-37,10],[-54,-18],[-92,50],[-55,15],[-40,34],[-30,1],[-24,28],[-74,35],[-96,19],[-37,32],[-33,10],[-79,71],[-88,38],[-99,77],[-6,15],[-106,78],[-125,1],[-127,40],[-17,18],[-51,18],[7,84],[12,56],[-21,55],[12,32],[-25,76],[-1,73],[-15,49],[-52,82],[-31,-1],[-55,19],[-44,-1],[-89,75],[-37,4],[-8,93],[18,88],[-20,83],[-16,130],[5,76],[-11,51],[42,97],[103,139],[23,55],[5,104],[24,75],[25,105],[41,81],[62,69],[137,72],[57,39],[19,36],[-68,85],[-70,73],[-166,154],[-77,109],[-34,71],[-45,124],[-56,78],[-13,108],[7,91],[-8,17],[-46,12],[-27,-6],[-75,15],[-92,61],[-131,5],[-45,16],[-22,31],[10,49],[42,63],[4,30],[-44,19],[-16,35],[-32,14],[0,71],[10,44],[1,75],[23,36],[81,51],[89,67],[80,35],[56,58],[56,74],[1,18],[-37,103],[-5,36],[-28,77],[17,160],[25,78],[-5,37],[-108,170],[-85,107],[-42,37],[-47,60],[-9,31],[-34,226],[-11,22],[-3,71],[29,105],[-44,92],[-12,75],[-20,58],[-44,58],[-7,70],[-32,15],[-68,-2],[-99,20],[-127,17],[-105,0],[-64,-25],[-53,-6],[-96,5],[-113,-27],[-136,-23],[-58,-2],[-158,-24],[-67,26],[-67,53],[-45,63],[-39,22],[-68,4],[-122,-49],[-207,-12],[-60,-18],[-55,-55],[-72,21],[-72,36],[-101,37],[-148,-9],[-53,50],[-53,158],[-60,115],[-41,104],[-58,130],[-10,86],[-19,51],[-70,72],[-17,48],[-53,21],[-49,65],[-105,49],[-126,118],[-69,74],[-184,131],[-32,36],[-19,142],[-3,71],[-42,89],[-35,56],[-14,56],[-21,47],[-48,147],[-42,77],[-38,45],[-28,52],[-81,87],[-55,84],[-24,94],[10,40],[-10,26],[-105,68],[-79,97],[-67,105],[-24,27],[-87,58],[-21,23],[-102,160],[-44,62],[-42,43],[-172,116],[-3,21],[13,198],[12,97],[-50,116],[-22,85],[-49,112],[-24,67],[-86,123],[-99,119],[-3,73],[24,58],[9,73],[-18,96],[-38,55],[-4,36],[6,137],[-3,227],[-22,70],[11,60],[39,74],[26,98],[18,167],[-13,50],[-22,40],[-80,85],[-74,65],[-26,33],[-32,71]],[[61516,125267],[43,-26],[41,-39],[138,-14],[65,4],[41,-15],[46,-1],[40,-46],[95,-10],[75,-37],[34,7],[112,74],[34,40],[67,39],[27,28],[48,16],[47,50],[51,9],[82,-8],[49,15],[60,37],[67,26],[103,9],[50,19],[100,14],[76,-1],[51,-8],[45,8],[117,70],[41,73],[108,116],[81,39],[67,-25],[120,-72],[72,-29],[90,-27],[58,-38],[80,-22],[75,-7],[74,-27],[38,-2],[59,-44],[85,-32],[57,-64],[24,-80],[125,-125],[76,-158],[41,-58],[27,-11],[92,31],[38,4],[77,-22],[35,-46],[29,-9],[77,-3],[116,33],[139,173],[35,22],[89,22],[34,28],[52,71],[78,-19],[75,23],[94,4],[77,-13],[98,-47],[175,-69],[49,-53],[58,-43],[61,-35],[52,-65],[52,-28],[58,-43],[88,-22]],[[48698,144977],[51,53],[45,86],[46,61],[68,35],[14,18],[13,73],[29,41],[1,49],[-26,68],[27,37],[188,-37],[50,14],[68,62],[102,119],[28,60],[74,87],[40,76],[44,105],[28,18],[64,96],[13,65],[36,78],[30,44],[-9,78],[-17,40],[-6,61],[14,69],[21,53],[44,9],[43,43],[-27,66],[-54,42],[20,52],[-23,39],[-64,44],[-108,-2],[-58,34],[-35,61],[-29,27],[-83,44],[-28,47],[-69,27],[-34,58],[-39,31],[-66,98],[-58,30],[-94,99],[-10,52],[-31,18],[-34,95],[-23,47],[-42,35],[-56,9],[-15,19],[-8,71],[-26,28],[9,33],[47,22],[34,54],[22,92],[30,42],[61,61],[18,58],[37,38],[86,19],[55,19],[67,-1],[40,-19],[60,34],[127,10],[82,68],[76,39],[92,36],[51,10],[14,114],[18,56],[-1,65],[10,74],[28,74],[-11,76],[-84,74],[-3,21],[28,45],[-8,43],[6,51],[-23,42],[-5,54],[87,99],[74,160],[3,50],[-34,74],[15,123],[48,71],[22,43],[22,72],[133,80],[136,-18],[118,6],[23,14],[51,66],[14,47],[31,53],[117,72],[25,56],[53,29],[-5,32],[-38,80],[15,63],[20,45],[17,106],[-3,67],[-39,89],[29,54],[27,98],[45,99],[26,84],[61,95],[20,41],[-5,29],[-60,46],[-55,59],[-40,9],[-41,40],[45,96],[73,47],[101,96],[42,24],[121,22],[59,-5],[111,-55],[120,-3],[29,16],[-6,65],[60,74],[62,39],[34,42],[78,75],[-8,51],[-55,36],[0,31],[28,33],[51,40],[-32,77],[4,107],[23,145],[-12,71],[31,10],[53,-10],[65,-28],[89,1],[86,-15],[180,-103],[56,11],[47,-9],[52,-83],[33,-5],[51,68],[32,75],[22,15],[47,-15],[37,5],[9,30],[-9,99],[6,83],[13,28],[107,90],[91,10],[163,59],[67,7],[71,-9],[70,5],[38,37],[62,-3],[63,67],[172,43],[82,58],[39,2],[139,-61],[56,-13],[106,-44],[24,-49],[-4,-62],[35,-33],[37,-70],[48,-31],[61,-12],[170,18],[36,37],[48,18],[90,4],[129,31],[127,-28],[119,13],[47,18],[63,55],[88,19],[167,-21],[89,-28],[136,-5],[59,-8],[137,-38],[51,-34],[36,-12],[196,-18],[87,1],[39,11],[40,27],[86,17],[137,-25],[62,12],[72,-14],[56,3],[85,43],[41,29],[24,-5],[37,16],[46,-8],[72,26],[38,-18],[14,-27],[43,-12],[109,-8],[62,26],[85,74],[165,115],[85,72],[96,68],[54,25],[44,36],[15,38],[66,33],[74,17],[110,10],[75,-28],[146,-11],[73,-34],[60,-11],[93,8],[52,13],[156,52],[82,-5],[73,-48],[73,-77],[120,-70],[59,-48],[73,-104],[111,-98],[114,-124],[43,-47],[13,-28],[11,-143],[8,-16],[52,-33],[57,-24],[62,-57],[4,-28],[-23,-65],[-11,-67],[35,-76],[1,-44],[33,-50],[-1,-30],[-23,-53],[10,-188],[-7,-58],[64,-144],[-16,-45],[-100,-71],[-34,-43],[-38,-126],[-23,-55],[-4,-78],[39,-70],[-4,-87],[-11,-48],[8,-26],[56,-21],[81,-21],[60,-51],[47,-23],[44,-53],[68,-32],[43,-79],[87,-52],[25,-30],[94,-85],[55,-81],[55,-61],[81,-51],[173,-49],[247,1],[94,-62],[91,-12],[143,10],[107,21],[59,67],[7,20],[63,88],[85,68],[110,39],[85,22],[105,88],[34,-3],[110,46],[71,54],[25,9],[90,8],[62,18],[77,33],[86,48],[58,13],[49,-8],[84,-48],[84,8],[114,29],[56,-10],[73,-32],[43,22],[98,79],[114,53],[47,30],[135,105],[60,19],[78,-15],[90,17],[108,-8],[39,-11],[108,-64],[79,-12],[70,34],[40,36],[44,18],[99,0],[26,9],[67,47],[103,89],[46,18],[120,-4],[53,-13],[80,-43],[141,-42],[105,-35],[157,8],[119,-8],[65,64],[58,43],[63,7],[135,-13],[122,14],[234,-1],[237,-55],[85,-14],[63,-19],[88,-52]],[[65851,151065],[-3,-38],[-51,-104],[-10,-45],[-11,-118],[9,-145],[9,-59],[27,-69],[62,-114],[-25,-57],[-85,-90],[-50,-39],[-36,-49],[-2,-32],[36,-110],[27,-156],[-5,-87],[8,-99],[-8,-44],[-69,-62],[-59,-77],[-43,-41],[-104,-59],[-63,-57],[11,-112],[14,-45],[-20,-211],[1,-91],[-17,-30],[-70,-79],[-18,-154],[1,-53],[20,-35],[-49,-40],[-70,-23],[-77,-42],[-131,-106],[-65,-88],[-43,-42],[-117,-129],[42,-82],[37,-137],[22,-39],[-2,-32],[-54,-67],[-2,-95],[-51,-129],[-32,-42],[-64,-50],[-43,-81],[-17,-105],[-121,-233],[-10,-36],[21,-50],[62,-110],[31,-42],[-11,-36],[-72,-123],[-40,-88],[-20,-63],[-35,-55],[-30,-151],[-12,-33],[6,-58],[-43,-49],[-2,-45],[-44,-52],[-35,-77],[-14,-56],[-77,-146],[-28,-164],[-31,-99],[-34,-54],[-23,-82],[-43,-28],[29,-107],[26,-55],[-6,-26],[-45,-27],[-11,-58],[26,-87],[32,-69],[17,-129],[-6,-77],[24,-69],[38,-36],[3,-21],[-39,-56],[8,-61],[-24,-64],[-71,-40],[-107,-68],[1,-26],[35,-37],[-5,-76],[15,-49],[-5,-123],[-52,-155],[5,-97],[10,-71],[44,-90],[-1,-21],[-49,-45],[-51,-67],[-92,-64],[-53,-54],[-80,-36],[-45,-29],[-119,-56],[-29,-35],[-34,-68],[-60,-58],[-6,-24],[68,-92],[6,-28],[-40,-73],[-27,-24],[-33,-62],[-69,-82],[-86,-32],[-57,-9],[-82,-29],[-59,-12],[-90,-41],[-32,-45],[-27,-100],[-16,-29],[-71,-87],[-28,-46],[-80,-76],[-53,-43],[-51,-70],[-6,-40],[-75,-133],[-8,-68],[-22,-53],[-63,-69],[-16,-30],[-20,-104],[-61,-50],[-107,-123],[-17,-127],[-25,-73],[-65,2],[-69,-7],[-45,21],[-22,33],[-19,57],[-40,-1],[-116,-49],[-64,-37],[-136,6],[-51,-23],[-110,-27],[-136,-19],[-129,-50],[-81,-42],[-43,-41],[25,-68],[-8,-93],[-51,-121],[-10,-50],[-57,-116],[-1,-81],[-14,-104],[-16,-25],[-24,-95],[-69,-68],[-54,-26],[-80,-12],[-24,-40],[-6,-70],[-19,-68],[-107,-46],[-71,-4],[-123,-18],[0,-31],[-26,-93],[-47,-68],[-25,-65],[-17,-96],[-19,-53],[-49,-61],[-16,-76],[-18,-41],[-59,-33],[-48,1],[-140,35],[-86,28],[-61,38],[-130,63],[-28,49],[-40,24],[-64,14],[-155,-8],[-95,-26],[-144,2],[-31,-19],[-118,-18],[-77,-32],[-89,-17],[-119,-4],[-62,-9],[-93,-29],[-63,22],[-127,-48],[-89,-39],[-50,31],[-46,1],[-53,-25],[-62,-14],[-33,11],[-22,40],[-68,62],[-72,26],[-112,110],[-65,54],[-31,46],[-30,63],[-34,39],[-54,31],[-36,6],[-66,-20],[-39,16],[-83,92],[-64,63],[-37,65],[-29,84],[-2,32],[57,95],[11,46],[-81,2],[-172,-59],[-33,-25],[-89,-126],[-25,-65],[-25,-45],[-14,-101],[27,-88],[8,-77],[-27,-26],[-83,-34],[-53,-33],[-22,-32],[14,-63],[21,-41],[11,-66],[-25,-68],[-12,-83],[-60,-89],[-43,-117],[-37,-69],[4,-53],[67,-105],[55,-42],[47,-53],[55,-42],[88,-87],[52,-70],[67,-48],[37,-73],[12,-48],[6,-140],[-9,-32],[-3,-181],[-21,-90],[16,-81],[57,-57],[24,-12],[123,-103],[122,-48],[131,-38],[12,-13],[-30,-87],[-11,-55],[-37,-89],[-11,-76],[47,-54],[42,-20],[31,-31],[-3,-29],[-70,-70],[-32,-114],[-100,-88],[-20,-34],[6,-77],[27,-78],[-8,-33],[-82,-46],[-50,-1],[-101,-35],[-45,-9],[-54,4],[-26,-20],[5,-86],[-21,-145],[16,-159],[17,-29],[53,-58],[6,-25],[-47,-58],[-89,-89],[-79,-27],[-45,-44],[-10,-37],[5,-64],[-29,-123],[-62,-39],[-52,-44],[-59,-33],[6,-49],[-34,-56],[-2,-55],[24,-33],[-44,-120],[-22,-30],[1,-31],[38,-54],[7,-33],[-20,-70],[-25,-45],[16,-49],[-16,-83],[-53,-58],[-17,-130],[-29,-71],[-24,-115],[-5,-88],[18,-65],[-11,-69],[-34,-70],[-54,-33],[-32,-59],[0,-152],[33,-57],[-3,-46],[-50,-72],[-21,-60],[-66,-48],[-19,-25],[-2,-130],[-36,-92],[-31,-35],[-79,-68],[-59,-82],[-26,-100],[-7,-78],[3,-96],[20,-46],[1,-44],[-13,-27],[-57,-56],[-27,-89],[19,-85],[-13,-47],[-2,-70],[8,-183]],[[51753,133223],[-49,56],[-20,120],[66,64],[69,109],[15,61],[-25,109],[0,97],[-21,44],[-49,40],[38,-4],[36,21],[17,63],[1,105],[13,48],[38,50],[13,87],[-16,44],[-42,62],[-9,54],[33,77],[0,22],[-30,41],[10,27],[20,176],[-8,36],[-42,36],[33,67],[6,70],[-34,50],[-17,79],[-25,29],[-11,76],[5,66],[-24,67],[-12,107],[-31,49],[12,61],[-10,68],[4,78],[19,81],[3,68],[19,49],[-9,60],[34,101],[-55,11],[-59,58],[-22,56],[-34,42],[-102,90],[-27,1],[-67,-19],[-50,5],[-63,44],[-30,7],[-42,-22],[-82,-8],[-48,-17],[-36,-1],[-86,-20],[-40,15],[-61,3],[-34,18],[-12,50],[-96,86],[-62,74],[-115,152],[-63,114],[-64,85],[-16,87],[-83,-24],[-140,-73],[-36,-34],[-210,-108],[-117,-44],[-70,5],[-64,-24],[-57,-31],[-146,-68],[-45,-7],[-127,14],[-36,-54],[-23,-12],[-85,12],[-92,94],[-58,33],[-24,51],[-9,169],[-12,85],[-70,120],[-38,29],[-34,208],[-136,102],[-44,65],[-38,36],[-97,57],[-44,48],[-102,42],[-174,122],[-58,27],[-56,13],[-98,-2],[-29,32],[67,77],[34,56],[10,47],[42,41],[19,84],[34,22],[89,20],[57,24],[121,-33],[100,-5],[63,17],[78,-20],[55,25],[22,39],[35,28],[50,23],[66,92],[100,94],[8,37],[39,27],[106,36],[15,13],[91,35],[91,89],[37,22],[130,-5],[48,22],[52,38],[118,20],[89,77],[49,26],[0,13],[-53,19],[-46,2],[-80,-13],[-82,36],[-53,-5],[-87,27],[4,93],[-52,43],[-21,41],[0,89],[-74,46],[-72,29],[-102,84],[-80,47],[-45,49],[-59,77],[-24,73],[-58,47],[-168,51],[-45,21],[-64,52],[-104,54],[-73,72],[-10,25],[25,42],[63,38],[58,2],[52,25],[45,58],[46,25],[23,39],[53,63],[60,39],[95,81],[48,26],[48,51],[42,17],[109,26],[26,19],[38,68],[53,78],[78,76],[62,72],[78,67],[57,-6],[52,-32],[40,20],[60,72],[3,82],[51,57],[71,-23],[101,-1],[39,-30],[47,34],[63,30],[34,-1],[69,30],[13,35],[-3,80],[15,50],[38,31],[33,47],[35,102],[64,50],[79,85],[40,33],[24,66],[10,101],[-10,100],[-19,51],[-36,56],[-31,81],[-17,85],[1,64],[22,144],[10,108],[35,77],[93,134],[104,119],[117,81],[36,37],[19,72],[-13,72],[-21,10],[-89,-44],[-64,-45],[-49,-19],[-41,9],[-30,26],[-22,61],[-74,137],[-71,101],[-66,81],[-126,120],[-52,63],[-51,81],[-114,148],[-73,68],[-37,22],[-61,11],[-84,-14],[-71,-38],[-69,-14],[-101,-1],[-80,27],[-81,13],[-88,6],[-84,36],[-125,24],[-69,-3],[-83,7],[-124,23]],[[48770,144029],[-26,82],[-2,50],[-37,70],[-10,63],[-30,58],[31,58],[63,68],[25,52],[16,127],[-5,109],[-18,70],[-6,74],[-79,61],[6,6]],[[70799,153700],[24,-6],[48,-47],[39,-59],[60,-163],[79,-94],[30,-143],[42,-111],[22,-31],[155,-148],[12,-69],[19,-43],[130,-134],[19,-84],[63,-85],[50,-39],[-4,-78],[21,-47],[33,-40],[33,-73],[95,-89],[41,-48],[141,-9],[23,-16],[51,-83],[43,-36],[28,-52],[51,-47],[48,-31],[33,-39],[34,-97],[170,-164],[47,-21],[208,0],[75,-24],[73,-16],[149,14],[42,-8],[199,-67],[82,-20],[70,-104],[-12,-51],[-95,-151],[-30,-97],[23,-33],[125,-43],[204,-129],[61,-106],[23,-98],[62,-77],[53,-34],[77,-33],[77,-24],[127,-58],[41,-4],[51,-20],[107,-106],[91,-43],[90,-49],[85,-80],[145,-105],[1,-54],[-27,-83],[-55,-35],[-13,-34],[-15,-93],[0,-86],[-33,-64],[-8,-48],[-47,-98],[-99,-146],[-30,-79],[-36,-70],[-42,-58],[-49,-45],[-69,-22],[-65,-56],[-27,-43],[-15,-76],[7,-52],[-40,-51],[-9,-29],[12,-62],[-90,-176],[-24,-67],[-27,-111],[-8,-66],[0,-122],[-38,-87],[0,-31],[26,-70],[23,-88],[33,-45],[54,-35],[9,-71],[34,-50],[-21,-56],[-73,-81],[-33,-123],[-36,-84],[6,-18]],[[65851,151065],[143,111],[137,60],[22,43],[39,115],[56,133],[41,29],[125,0],[65,23],[60,-18],[32,11],[73,55],[131,109],[17,37],[42,263],[9,25],[165,134],[19,28],[10,70],[17,56],[51,109],[107,61],[10,40],[6,86],[42,128],[27,31],[137,5],[80,8],[64,23],[67,45],[158,51],[100,15],[73,-7],[59,-16],[77,5],[52,-8],[86,-46],[125,-17],[62,-18],[92,-12],[138,33],[139,2],[74,-22],[44,21],[81,70],[50,17],[69,6],[93,-20],[107,6],[205,52],[172,69],[41,3],[82,-15],[70,96],[58,59],[166,102],[99,5],[46,12],[188,157],[103,71],[118,49],[104,35],[23,60]],[[36843,126880],[84,96],[39,36],[127,67],[44,57],[10,68],[-16,58],[-55,34],[-79,28],[-31,31],[-25,72],[-42,46],[-1,53],[42,96],[2,137],[-18,87],[16,29],[104,12],[83,46],[68,7],[64,15],[198,59],[73,37],[91,55],[19,24],[44,93],[-10,74],[37,78],[24,83],[70,79],[44,63],[16,70],[103,72],[62,79],[51,29],[69,18],[25,16],[22,42],[-20,60],[-8,88],[-22,59],[-48,75],[-4,23],[126,181],[24,73],[29,52],[-8,36],[-76,74],[-52,78],[-22,14],[-98,6],[-90,87],[-56,159],[-9,105],[10,181],[-18,85],[7,56],[-7,91],[18,80],[-10,140],[25,134],[-5,54],[-27,82],[4,90],[-13,95],[22,65],[49,49],[34,67],[52,59],[10,28],[-23,59],[6,67],[33,56],[36,102],[68,94],[18,39],[56,169],[-5,57],[-37,73],[-30,257],[-31,30],[-53,88],[-23,22],[-91,10],[-65,40],[-59,77],[-4,78],[-13,92],[-29,49],[-5,80],[-19,64],[33,137],[51,62],[-30,103],[43,71],[32,16],[136,21],[53,-6],[154,13],[45,19],[166,101],[59,25],[59,16],[10,16],[-6,214],[17,41],[75,78],[48,95],[28,84],[-14,94],[24,47],[42,23],[35,36],[-1,98],[45,30],[4,124],[30,33],[137,38],[84,6],[26,13],[-8,92],[12,84],[25,45],[28,105],[22,21],[127,53],[154,104],[90,156],[96,120],[128,18],[116,64],[35,33],[118,135],[29,122],[37,79],[1,71],[10,28],[83,71],[22,67],[39,62],[61,64],[17,96],[13,135],[-13,80],[28,54],[10,64],[-14,79],[-37,67],[-8,32],[29,40],[104,19],[32,14],[53,60],[100,47],[57,12],[107,-13],[27,9],[43,55],[32,60],[126,96],[39,35],[190,-58],[147,-35],[155,-74],[83,-49],[43,-40],[8,-29],[4,-91],[-4,-51],[-16,-49],[13,-28],[50,-39],[46,-7],[39,10],[40,-14],[89,-88],[39,-66],[-2,-33],[65,-63],[44,-52],[46,-15],[98,37],[48,8],[81,-15],[56,4],[90,26],[211,-6],[137,16],[42,0],[112,-34],[192,-21],[30,10],[23,34],[17,73],[-16,107],[3,24],[39,32],[-4,19],[-58,6],[-68,46],[-42,56],[-12,61],[26,20],[83,21],[30,22],[23,75],[-18,107],[14,46],[-28,25],[-54,8],[-43,21],[-20,66],[11,136],[-10,99],[-14,33],[-53,48],[-71,149],[16,29],[81,33],[69,100],[76,47],[44,37],[29,70],[-1,42],[-44,113],[-23,-2],[27,51],[18,88],[40,61],[10,76],[-13,39],[-24,14],[-66,103],[0,27],[45,26],[42,46],[-20,117],[53,88],[59,83],[57,5],[25,16],[-1,50],[47,16],[30,30],[12,91],[50,56],[55,20],[35,29],[-25,145],[-24,55],[-29,109],[-7,53],[30,28],[83,8],[41,38],[21,37],[50,141],[7,45],[-5,115],[-36,70],[-45,41],[-110,68],[-48,48],[-8,68],[65,175],[71,89],[85,54],[103,54],[113,88],[47,53],[96,119],[27,56],[61,61],[41,71],[50,51],[63,47],[54,68],[25,56],[13,52],[34,71],[33,42],[89,46],[48,39],[93,46],[89,74],[94,96],[52,45],[178,113],[104,52],[186,104],[109,50],[92,33],[87,23],[187,85],[77,45],[75,12],[43,-14],[54,-37],[169,-101],[75,-25],[115,11],[38,20],[68,56],[40,22],[63,18],[92,66],[73,79],[46,68],[38,17],[52,83],[48,51],[145,210],[70,58],[156,93],[82,87],[96,120],[79,74],[88,59],[194,88],[52,48],[123,131],[67,54],[85,95],[59,25],[47,7],[216,0]]],"transform":{"scale":[0.000010900770585360926,0.000009605782503021887],"translate":[130.70337694,31.36082168]},"objects":{"city":{"type":"GeometryCollection","geometries":[{"arcs":[[[0,1,2,3,4,5,6,7,8]],[[9]],[[10]],[[11]],[[12]],[[13]],[[14]]],"type":"MultiPolygon","properties":{"N03_001":"宮崎県","N03_004":"宮崎市","PREF_CODE":"45","MERGED_CODE":"45201","N03_007":"45201"},"id":"45201"},{"arcs":[[-3,15,16,17,18,19,20]],"type":"Polygon","properties":{"N03_001":"宮崎県","N03_004":"都城市","PREF_CODE":"45","MERGED_CODE":"45202","N03_007":"45202"},"id":"45202"},{"arcs":[[[21,22,23,24]],[[25]],[[26]],[[27]],[[28]],[[29]],[[30]],[[31]],[[32]],[[33]],[[34]],[[35]],[[36]],[[37]],[[38]],[[39]],[[40]],[[41]],[[42]],[[43]],[[44]],[[45]],[[46]],[[47]],[[48]],[[49]],[[50]],[[51]],[[52]],[[53]],[[54]],[[55]],[[56]],[[57]],[[58]],[[59]],[[60]],[[61]],[[62]],[[63]],[[64]],[[65]],[[66]],[[67]],[[68]],[[69]],[[70]],[[71]],[[72]],[[73]],[[74]],[[75]],[[76]],[[77]],[[78]],[[79]],[[80]],[[81]],[[82]],[[83]],[[84]],[[85]],[[86]],[[87]],[[88]],[[89]],[[90]],[[91]],[[92]],[[93]],[[94]],[[95]],[[96]],[[97]],[[98]],[[99]],[[100]],[[101]],[[102]],[[103]],[[104]],[[105]],[[106]],[[107]],[[108]],[[109]],[[110]],[[111]],[[112]],[[113]],[[114]],[[115]],[[116]],[[117]],[[118]],[[119]],[[120]],[[121]],[[122]],[[123]],[[124]],[[125]],[[126]],[[127]],[[128]],[[129]],[[130]],[[131]],[[132]],[[133]],[[134]],[[135]],[[136]],[[137]],[[138]],[[139]],[[140]],[[141]],[[142]],[[143]],[[144]],[[145]],[[146]],[[147]],[[148]],[[149]],[[150]],[[151]],[[152]],[[153]],[[154]],[[155]],[[156]],[[157]],[[158]],[[159]],[[160]],[[161]],[[162]],[[163]],[[164]],[[165]],[[166]],[[167]],[[168]],[[169]],[[170]],[[171]],[[172]],[[173]],[[174]],[[175]],[[176]],[[177]],[[178]],[[179]],[[180]],[[181]],[[182]],[[183]],[[184]],[[185]],[[186]],[[187]],[[188]],[[189]],[[190]],[[191]],[[192]]],"type":"MultiPolygon","properties":{"N03_001":"宮崎県","N03_004":"延岡市","PREF_CODE":"45","MERGED_CODE":"45203","N03_007":"45203"},"id":"45203"},{"arcs":[[[-1,193,194,-17,195]],[[196]],[[197]],[[198]],[[199]],[[200]],[[201]],[[202]],[[203]],[[204]],[[205]],[[206]],[[207]],[[208]],[[209]],[[210]],[[211]],[[212]],[[213]],[[214]],[[215]],[[216]],[[217]],[[218]],[[219]],[[220]],[[221]],[[222]],[[223,224]],[[225]],[[226]],[[227]],[[228]],[[229]],[[230]],[[231]],[[232]],[[233]],[[234]],[[235]],[[236]],[[237]],[[238]],[[239]],[[240]],[[241]],[[242]],[[243]],[[244]],[[245]],[[246]],[[247]],[[248]],[[249]],[[250]],[[251]],[[252]],[[253]],[[254]],[[255]],[[256]],[[257]],[[258]],[[259]],[[260]],[[261]],[[262]],[[263]],[[264]],[[265]],[[266]],[[267]],[[268]],[[269]],[[270]],[[271]],[[272]]],"type":"MultiPolygon","properties":{"N03_001":"宮崎県","N03_004":"日南市","PREF_CODE":"45","MERGED_CODE":"45204","N03_007":"45204"},"id":"45204"},{"arcs":[[273,274,275,-4,-21,276,277,278,279]],"type":"Polygon","properties":{"N03_001":"宮崎県","N03_004":"小林市","PREF_CODE":"45","MERGED_CODE":"45205","N03_007":"45205"},"id":"45205"},{"arcs":[[[280,281,282,283,284]],[[285]],[[286]],[[287]],[[288]],[[289]],[[290]],[[291]],[[292]],[[293]],[[294]],[[295]],[[296]],[[297]],[[298]],[[299]],[[300]],[[301]],[[302]],[[303]],[[304]],[[305]],[[306]],[[307]],[[308]],[[309]],[[310]],[[311]],[[312]],[[313]],[[314]],[[315]],[[316]],[[317]],[[318]],[[319]],[[320]],[[321]]],"type":"MultiPolygon","properties":{"N03_001":"宮崎県","N03_004":"日向市","PREF_CODE":"45","MERGED_CODE":"45206","N03_007":"45206"},"id":"45206"},{"arcs":[[[-18,-195,322]],[[323]],[[324]],[[325]],[[326]],[[327]],[[328]],[[-224,329]],[[330]],[[331]],[[332]],[[333]],[[334]],[[335]],[[336]],[[337]],[[338]],[[339]],[[340]],[[341]],[[342]],[[343]],[[344]],[[345]],[[346]],[[347]],[[348]],[[349]],[[350]],[[351]]],"type":"MultiPolygon","properties":{"N03_001":"宮崎県","N03_004":"串間市","PREF_CODE":"45","MERGED_CODE":"45207","N03_007":"45207"},"id":"45207"},{"arcs":[[-7,352,353,354,355,356,357,358]],"type":"Polygon","properties":{"N03_001":"宮崎県","N03_004":"西都市","PREF_CODE":"45","MERGED_CODE":"45208","N03_007":"45208"},"id":"45208"},{"arcs":[[359,-279,360]],"type":"Polygon","properties":{"N03_001":"宮崎県","N03_004":"えびの市","PREF_CODE":"45","MERGED_CODE":"45209","N03_007":"45209"},"id":"45209"},{"arcs":[[-2,-196,-16]],"type":"Polygon","properties":{"N03_001":"宮崎県","N03_004":"三股町","PREF_CODE":"45","MERGED_CODE":"45341","N03_007":"45341"},"id":"45341"},{"arcs":[[-20,361,-277]],"type":"Polygon","properties":{"N03_001":"宮崎県","N03_004":"高原町","PREF_CODE":"45","MERGED_CODE":"45361","N03_007":"45361"},"id":"45361"},{"arcs":[[-6,362,363,-353]],"type":"Polygon","properties":{"N03_001":"宮崎県","N03_004":"国富町","PREF_CODE":"45","MERGED_CODE":"45382","N03_007":"45382"},"id":"45382"},{"arcs":[[-5,-276,364,-363]],"type":"Polygon","properties":{"N03_001":"宮崎県","N03_004":"綾町","PREF_CODE":"45","MERGED_CODE":"45383","N03_007":"45383"},"id":"45383"},{"arcs":[[-358,365,366,367,368]],"type":"Polygon","properties":{"N03_001":"宮崎県","N03_004":"高鍋町","PREF_CODE":"45","MERGED_CODE":"45401","N03_007":"45401"},"id":"45401"},{"arcs":[[-8,-359,-369,369]],"type":"Polygon","properties":{"N03_001":"宮崎県","N03_004":"新富町","PREF_CODE":"45","MERGED_CODE":"45402","N03_007":"45402"},"id":"45402"},{"arcs":[[370,371,-354,-364,-365,-275]],"type":"Polygon","properties":{"N03_001":"宮崎県","N03_004":"西米良村","PREF_CODE":"45","MERGED_CODE":"45403","N03_007":"45403"},"id":"45403"},{"arcs":[[-282,372,373,-366,-357,374]],"type":"Polygon","properties":{"N03_001":"宮崎県","N03_004":"木城町","PREF_CODE":"45","MERGED_CODE":"45404","N03_007":"45404"},"id":"45404"},{"arcs":[[[-367,-374,375,376]],[[377]]],"type":"MultiPolygon","properties":{"N03_001":"宮崎県","N03_004":"川南町","PREF_CODE":"45","MERGED_CODE":"45405","N03_007":"45405"},"id":"45405"},{"arcs":[[[-281,378,-376,-373]],[[379]]],"type":"MultiPolygon","properties":{"N03_001":"宮崎県","N03_004":"都農町","PREF_CODE":"45","MERGED_CODE":"45406","N03_007":"45406"},"id":"45406"},{"arcs":[[[-23,380,-284,381]],[[382]],[[383]],[[384]],[[385]],[[386]],[[387]],[[388]],[[389]],[[390]],[[391]],[[392]],[[393]],[[394]],[[395]],[[396]],[[397]],[[398]],[[399]],[[400]],[[401]],[[402]],[[403]],[[404]],[[405]],[[406]],[[407]],[[408]],[[409]],[[410]],[[411]],[[412]],[[413]],[[414]],[[415]],[[416]],[[417]]],"type":"MultiPolygon","properties":{"N03_001":"宮崎県","N03_004":"門川町","PREF_CODE":"45","MERGED_CODE":"45421","N03_007":"45421"},"id":"45421"},{"arcs":[[418,419,420,421,422]],"type":"Polygon","properties":{"N03_001":"宮崎県","N03_004":"諸塚村","PREF_CODE":"45","MERGED_CODE":"45429","N03_007":"45429"},"id":"45429"},{"arcs":[[423,424,-419,425,-355,-372,426]],"type":"Polygon","properties":{"N03_001":"宮崎県","N03_004":"椎葉村","PREF_CODE":"45","MERGED_CODE":"45430","N03_007":"45430"},"id":"45430"},{"arcs":[[-24,-382,-283,-375,-356,-426,-423,427]],"type":"Polygon","properties":{"N03_001":"宮崎県","N03_004":"美郷町","PREF_CODE":"45","MERGED_CODE":"45431","N03_007":"45431"},"id":"45431"},{"arcs":[[428,429,-421,430,431]],"type":"Polygon","properties":{"N03_001":"宮崎県","N03_004":"高千穂町","PREF_CODE":"45","MERGED_CODE":"45441","N03_007":"45441"},"id":"45441"},{"arcs":[[432,-25,-428,-422,-430,433]],"type":"Polygon","properties":{"N03_001":"宮崎県","N03_004":"日之影町","PREF_CODE":"45","MERGED_CODE":"45442","N03_007":"45442"},"id":"45442"},{"arcs":[[434,-431,-420,-425]],"type":"Polygon","properties":{"N03_001":"宮崎県","N03_004":"五ヶ瀬町","PREF_CODE":"45","MERGED_CODE":"45443","N03_007":"45443"},"id":"45443"}]}}}