code,indicator,unit,category,series,opp,prefAvail,cityAvail,prefUsed,cityUsed,vintage,prefId,cityId
#A01403,#A01403_人口集中地区人口密度（人口集中地区面積１km2当たり）,人,人口・世帯,indicator,ADD city (pref exists),1,1,1,0,0,0000010201,0000020301
#A01404,#A01404_人口集中地区面積の変化率,％,人口・世帯,indicator,ADD city (pref exists),1,1,1,0,0,0000010201,0000020301
#A0191001,#A0191001_将来推計人口（2020年）,人,人口・世帯,indicator,ADD city (pref exists),1,1,1,0,0,0000010201,0000020301
#A0191002,#A0191002_将来推計人口（2025年）,人,人口・世帯,indicator,ADD city (pref exists),1,1,1,0,0,0000010201,0000020301
#A0191003,#A0191003_将来推計人口（2030年）,人,人口・世帯,indicator,ADD city (pref exists),1,1,1,0,0,0000010201,0000020301
#A0191004,#A0191004_将来推計人口（2035年）,人,人口・世帯,indicator,ADD city (pref exists),1,1,1,0,0,0000010201,0000020301
#A0191005,#A0191005_将来推計人口（2040年）,人,人口・世帯,indicator,ADD city (pref exists),1,1,1,0,0,0000010201,0000020301
#A0191006,#A0191006_将来推計人口（2045年）,人,人口・世帯,indicator,ADD city (pref exists),1,1,1,0,0,0000010201,0000020301
#A0191007,#A0191007_将来推計人口（2050年）,人,人口・世帯,indicator,ADD city (pref exists),1,1,1,0,0,0000010201,0000020301
#A0411001,#A0411001_未婚者割合（15歳以上人口）,％,人口・世帯,indicator,ADD city (pref exists),1,1,1,0,0,0000010201,0000020301
#A05301,#A05301_転入超過率（日本人移動者）,％,人口・世帯,indicator,ADD city (pref exists),1,1,1,0,0,0000010201,0000020301
#A05302,#A05302_転入率（日本人移動者）,％,人口・世帯,indicator,ADD city (pref exists),1,1,1,0,0,0000010201,0000020301
#A05303,#A05303_転出率（日本人移動者）,％,人口・世帯,indicator,ADD city (pref exists),1,1,1,0,0,0000010201,0000020301
#A05307,#A05307_転入超過率,％,人口・世帯,indicator,ADD city (pref exists),1,1,1,0,0,0000010201,0000020301
#A05308,#A05308_転入率,％,人口・世帯,indicator,ADD city (pref exists),1,1,1,0,0,0000010201,0000020301
#A05309,#A05309_転出率,％,人口・世帯,indicator,ADD city (pref exists),1,1,1,0,0,0000010201,0000020301
#A06202,#A06202_核家族世帯割合,％,人口・世帯,indicator,ADD city (pref exists),1,1,1,0,0,0000010201,0000020301
#A06302,#A06302_夫65歳以上、妻60歳以上の夫婦のみの世帯の割合,％,人口・世帯,indicator,ADD city (pref exists),1,1,1,0,0,0000010201,0000020301
#A06304,#A06304_65歳以上世帯員の単独世帯の割合,％,人口・世帯,indicator,ADD city (pref exists),1,1,1,0,0,0000010201,0000020301
A1101,総人口,人,人口・世帯,basic,ADD city (pref exists),1,1,1,0,0,0000010101,0000020201
A1102,日本人人口,人,人口・世帯,basic,ADD city (pref exists),1,1,1,0,0,0000010101,0000020201
A1700,外国人人口,人,人口・世帯,basic,ADD city (pref exists),1,1,1,0,0,0000010101,0000020201
A1801,人口集中地区人口,人,人口・世帯,basic,ADD city (pref exists),1,1,1,0,0,0000010101,0000020201
A1802,人口集中地区面積,ｋｍ2,人口・世帯,basic,ADD city (pref exists),1,1,1,0,0,0000010101,0000020201
A4101,出生数,人,人口・世帯,basic,ADD city (pref exists),1,1,1,0,0,0000010101,0000020201
A4200,死亡数,人,人口・世帯,basic,ADD city (pref exists),1,1,1,0,0,0000010101,0000020201
A5101,転入者数（日本人移動者）,人,人口・世帯,basic,ADD city (pref exists),1,1,1,0,0,0000010101,0000020201
A5102,転出者数（日本人移動者）,人,人口・世帯,basic,ADD city (pref exists),1,1,1,0,0,0000010101,0000020201
A5103,転入者数,人,人口・世帯,basic,ADD city (pref exists),1,1,1,0,0,0000010101,0000020201
A5104,転出者数,人,人口・世帯,basic,ADD city (pref exists),1,1,1,0,0,0000010101,0000020201
A6107,昼間人口,人,人口・世帯,basic,ADD city (pref exists),1,1,1,0,0,0000010101,0000020201
A6108,昼夜間人口比率,％,人口・世帯,basic,ADD city (pref exists),1,1,1,0,0,0000010101,0000020201
A7101,世帯数,世帯,人口・世帯,basic,ADD city (pref exists),1,1,1,0,0,0000010101,0000020201
A8401,母子世帯数,世帯,人口・世帯,basic,ADD city (pref exists),1,1,1,0,0,0000010101,0000020201
A8501,父子世帯数,世帯,人口・世帯,basic,ADD city (pref exists),1,1,1,0,0,0000010101,0000020201
A9101,婚姻件数,組,人口・世帯,basic,ADD city (pref exists),1,1,1,0,0,0000010101,0000020201
A9201,離婚件数,組,人口・世帯,basic,ADD city (pref exists),1,1,1,0,0,0000010101,0000020201
#B01301,#B01301_可住地面積割合,％,自然環境,indicator,ADD city (pref exists),1,1,1,0,0,0000010202,0000020302
B1101,総面積（北方地域及び竹島を除く）,ｈａ,自然環境,basic,ADD city (pref exists),1,1,1,0,0,0000010102,0000020202
B1103,可住地面積,ｈａ,自然環境,basic,ADD city (pref exists),1,1,1,0,0,0000010102,0000020202
B1104,主要湖沼面積,ｈａ,自然環境,basic,ADD city (pref exists),1,1,1,0,0,0000010102,0000020202
B1105,林野面積,ｈａ,自然環境,basic,ADD city (pref exists),1,1,1,0,0,0000010102,0000020202
B1106,森林面積,ｈａ,自然環境,basic,ADD city (pref exists),1,1,1,0,0,0000010102,0000020202
B1201,評価総地積（課税対象土地）,ｍ2,自然環境,basic,ADD city (pref exists),1,1,1,0,0,0000010102,0000020202
#C04505,#C04505_商業年間商品販売額（卸売業＋小売業）（従業者1人当たり）,万円,経済基盤,indicator,ADD city (pref exists),1,1,1,0,0,0000010203,0000020303
#C04507,#C04507_商業年間商品販売額（卸売業＋小売業）（1事業所当たり）,百万円,経済基盤,indicator,ADD city (pref exists),1,1,1,0,0,0000010203,0000020303
C120120,納税義務者数（所得割）,人,経済基盤,basic,ADD city (pref exists),1,1,1,0,0,0000010103,0000020203
C120130,納税義務者数（均等割）,人,経済基盤,basic,ADD city (pref exists),1,1,1,0,0,0000010103,0000020203
C2101,事業所数（事業所・企業統計調査結果）,所,経済基盤,basic,ADD city (pref exists),1,1,1,0,0,0000010103,0000020203
C2107,事業所数（経済センサス‐基礎調査結果）,事業所,経済基盤,basic,ADD city (pref exists),1,1,1,0,0,0000010103,0000020203
C210702,事業所数（農林漁業）,所,経済基盤,basic,ADD city (pref exists),1,1,1,0,0,0000010103,0000020203
C210703,事業所数（農業、林業）,所,経済基盤,basic,ADD city (pref exists),1,1,1,0,0,0000010103,0000020203
C210704,事業所数（漁業）,所,経済基盤,basic,ADD city (pref exists),1,1,1,0,0,0000010103,0000020203
C210707,事業所数（鉱業、採石業、砂利採取業）,所,経済基盤,basic,ADD city (pref exists),1,1,1,0,0,0000010103,0000020203
C210708,事業所数（建設業）,所,経済基盤,basic,ADD city (pref exists),1,1,1,0,0,0000010103,0000020203
C210709,事業所数（製造業）,所,経済基盤,basic,ADD city (pref exists),1,1,1,0,0,0000010103,0000020203
C210711,事業所数（情報通信業）,所,経済基盤,basic,ADD city (pref exists),1,1,1,0,0,0000010103,0000020203
C210712,事業所数（運輸業、郵便業）,所,経済基盤,basic,ADD city (pref exists),1,1,1,0,0,0000010103,0000020203
C210713,事業所数（卸売業、小売業）,所,経済基盤,basic,ADD city (pref exists),1,1,1,0,0,0000010103,0000020203
C210716,事業所数（金融業、保険業）,所,経済基盤,basic,ADD city (pref exists),1,1,1,0,0,0000010103,0000020203
C210717,事業所数（不動産業、物品賃貸業）,所,経済基盤,basic,ADD city (pref exists),1,1,1,0,0,0000010103,0000020203
C210721,事業所数（教育、学習支援業）,所,経済基盤,basic,ADD city (pref exists),1,1,1,0,0,0000010103,0000020203
C210722,事業所数（医療、福祉）,所,経済基盤,basic,ADD city (pref exists),1,1,1,0,0,0000010103,0000020203
C3101,農業産出額,百万円,経済基盤,basic,ADD city (pref exists),1,1,1,0,0,0000010103,0000020203
C3107,耕地面積,ｈａ,経済基盤,basic,ADD city (pref exists),1,1,1,0,0,0000010103,0000020203
C3109,耕地放棄面積,ｈａ,経済基盤,basic,ADD city (pref exists),1,1,1,0,0,0000010103,0000020203
C3403,製造業事業所数,事業所,経済基盤,basic,ADD city (pref exists),1,1,1,0,0,0000010103,0000020203
C3404,製造業従業者数,人,経済基盤,basic,ADD city (pref exists),1,1,1,0,0,0000010103,0000020203
C3501,商業年間商品販売額（卸売業＋小売業）,百万円,経済基盤,basic,ADD city (pref exists),1,1,1,0,0,0000010103,0000020203
C3503,商業従業者数（卸売業＋小売業）,人,経済基盤,basic,ADD city (pref exists),1,1,1,0,0,0000010103,0000020203
C5405,標準価格（平均価格）（工業地）,円／ｍ2,経済基盤,basic,ADD city (pref exists),1,1,1,0,0,0000010103,0000020203
C6101,売上金額（民営）,百万円,経済基盤,basic,ADD city (pref exists),1,1,1,0,0,0000010103,0000020203
C610107,売上金額（民営）（製造業）,百万円,経済基盤,basic,ADD city (pref exists),1,1,1,0,0,0000010103,0000020203
C620107,純付加価値額（民営）（製造業）,百万円,経済基盤,basic,ADD city (pref exists),1,1,1,0,0,0000010103,0000020203
D1202,一般行政部門職員数（市区町村）,人,行政基盤,basic,ADD city (pref exists),1,1,1,0,0,0000010104,0000020204
D2205,基準財政収入額（市町村財政）,千円,行政基盤,basic,ADD city (pref exists),1,1,1,0,0,0000010104,0000020204
D2206,基準財政需要額（市町村財政）,千円,行政基盤,basic,ADD city (pref exists),1,1,1,0,0,0000010104,0000020204
#E0110201,#E0110201_小学校数（可住地面積100km2当たり）,校,教育,indicator,ADD city (pref exists),1,1,1,0,0,0000010205,0000020305
#E0110202,#E0110202_中学校数（可住地面積100km2当たり）,校,教育,indicator,ADD city (pref exists),1,1,1,0,0,0000010205,0000020305
#E0110203,#E0110203_高等学校数（可住地面積100km2当たり）,校,教育,indicator,ADD city (pref exists),1,1,1,0,0,0000010205,0000020305
E2101,小学校数,校,教育,basic,ADD city (pref exists),1,1,1,0,0,0000010105,0000020205
E2501,小学校児童数,人,教育,basic,ADD city (pref exists),1,1,1,0,0,0000010105,0000020205
E3101,中学校数,校,教育,basic,ADD city (pref exists),1,1,1,0,0,0000010105,0000020205
E3501,中学校生徒数,人,教育,basic,ADD city (pref exists),1,1,1,0,0,0000010105,0000020205
E4101,高等学校数,校,教育,basic,ADD city (pref exists),1,1,1,0,0,0000010105,0000020205
#F01102,#F01102_就業者比率,％,労働,indicator,ADD city (pref exists),1,1,1,0,0,0000010206,0000020306
#F01201,#F01201_第1次産業就業者比率,％,労働,indicator,ADD city (pref exists),1,1,1,0,0,0000010206,0000020306
#F01202,#F01202_第2次産業就業者比率,％,労働,indicator,ADD city (pref exists),1,1,1,0,0,0000010206,0000020306
#F01203,#F01203_第3次産業就業者比率,％,労働,indicator,ADD city (pref exists),1,1,1,0,0,0000010206,0000020306
#F01204,#F01204_第2次産業及び第3次産業就業者比率（対就業者）,％,労働,indicator,ADD city (pref exists),1,1,1,0,0,0000010206,0000020306
#F01301,#F01301_完全失業率,％,労働,indicator,ADD city (pref exists),1,1,1,0,0,0000010206,0000020306
#F02701,#F02701_他市区町村への通勤者比率,％,労働,indicator,ADD city (pref exists),1,1,1,0,0,0000010206,0000020306
#F02702,#F02702_他市区町村からの通勤者比率,％,労働,indicator,ADD city (pref exists),1,1,1,0,0,0000010206,0000020306
#F0350303,#F0350303_高齢就業者割合（65歳以上）,％,労働,indicator,ADD city (pref exists),1,1,1,0,0,0000010206,0000020306
#G01101,#G01101_公民館数（人口100万人当たり）,館,文化・スポーツ,indicator,ADD city (pref exists),1,1,1,0,0,0000010207,0000020307
#G01104,#G01104_図書館数（人口100万人当たり）,館,文化・スポーツ,indicator,ADD city (pref exists),1,1,1,0,0,0000010207,0000020307
#H01301,#H01301_持ち家比率,％,居住,indicator,ADD city (pref exists),1,1,1,0,0,0000010208,0000020308
#H01405,#H01405_空き家比率,％,居住,indicator,ADD city (pref exists),1,1,1,0,0,0000010208,0000020308
#H06127,#H06127_小売店数（人口千人当たり）,店,居住,indicator,ADD city (pref exists),1,1,1,0,0,0000010208,0000020308
#H06130,#H06130_飲食店数（人口千人当たり）,店,居住,indicator,ADD city (pref exists),1,1,1,0,0,0000010208,0000020308
#H06131,#H06131_大型小売店数（人口10万人当たり）,店,居住,indicator,ADD city (pref exists),1,1,1,0,0,0000010208,0000020308
#H06132,#H06132_百貨店、総合スーパー数（人口10万人当たり）,店,居住,indicator,ADD city (pref exists),1,1,1,0,0,0000010208,0000020308
H1800,着工新設住宅戸数,戸・件,居住,basic,ADD city (pref exists),1,1,1,0,0,0000010108,0000020208
H1801,着工新設持家数,戸・件,居住,basic,ADD city (pref exists),1,1,1,0,0,0000010108,0000020208
H1802,着工新設貸家数,戸・件,居住,basic,ADD city (pref exists),1,1,1,0,0,0000010108,0000020208
H1803,着工新設分譲住宅数,戸・件,居住,basic,ADD city (pref exists),1,1,1,0,0,0000010108,0000020208
H2270,耐震工事をした住宅数（持ち家）,住宅,居住,basic,ADD city (pref exists),1,1,1,0,0,0000010108,0000020208
H2281,太陽光を利用した発電機器のある住宅数,戸,居住,basic,ADD city (pref exists),1,1,1,0,0,0000010108,0000020208
H2600,着工新設住宅床面積,ｍ2,居住,basic,ADD city (pref exists),1,1,1,0,0,0000010108,0000020208
H5608,ごみ計画収集人口,人,居住,basic,ADD city (pref exists),1,1,1,0,0,0000010108,0000020208
H5609,ごみ総排出量（総量）,ｔ,居住,basic,ADD city (pref exists),1,1,1,0,0,0000010108,0000020208
H5615,ごみ最終処分量,ｔ,居住,basic,ADD city (pref exists),1,1,1,0,0,0000010108,0000020208
H6130,小売店数,事業所,居住,basic,ADD city (pref exists),1,1,1,0,0,0000010108,0000020208
H6133,百貨店、総合スーパー数,事業所,居住,basic,ADD city (pref exists),1,1,1,0,0,0000010108,0000020208
H7207,軽自動車等台数,台,居住,basic,ADD city (pref exists),1,1,1,0,0,0000010108,0000020208
H7208,二輪の小型自動車台数,台,居住,basic,ADD city (pref exists),1,1,1,0,0,0000010108,0000020208
H7209,原動機付自転車台数,台,居住,basic,ADD city (pref exists),1,1,1,0,0,0000010108,0000020208
H7301,自宅外通勤・通学者数,人,居住,basic,ADD city (pref exists),1,1,1,0,0,0000010108,0000020208
H730101,自宅外通勤・通学者数（徒歩だけ）,人,居住,basic,ADD city (pref exists),1,1,1,0,0,0000010108,0000020208
H730102,自宅外通勤・通学者数（鉄道・電車）,人,居住,basic,ADD city (pref exists),1,1,1,0,0,0000010108,0000020208
H730103,自宅外通勤・通学者数（乗合バス）,人,居住,basic,ADD city (pref exists),1,1,1,0,0,0000010108,0000020208
H730105,自宅外通勤・通学者数（自家用車）,人,居住,basic,ADD city (pref exists),1,1,1,0,0,0000010108,0000020208
H730110,自宅外通勤・通学者数（オートバイ）,人,居住,basic,ADD city (pref exists),1,1,1,0,0,0000010108,0000020208
H730111,自宅外通勤・通学者数（自転車）,人,居住,basic,ADD city (pref exists),1,1,1,0,0,0000010108,0000020208
H8101,都市計画区域指定面積,ｈａ,居住,basic,ADD city (pref exists),1,1,1,0,0,0000010108,0000020208
#I0910105,#I0910105_一般診療所数（人口10万人当たり）,施設,健康・医療,indicator,ADD city (pref exists),1,1,1,0,0,0000010209,0000020309
#I0950102,#I0950102_一般病院数（可住地面積100km2当たり）,施設,健康・医療,indicator,ADD city (pref exists),1,1,1,0,0,0000010209,0000020309
#I0950103,#I0950103_一般診療所数（可住地面積100km2当たり）,施設,健康・医療,indicator,ADD city (pref exists),1,1,1,0,0,0000010209,0000020309
I510110,精神科病院数,施設,健康・医療,basic,ADD city (pref exists),1,1,1,0,0,0000010109,0000020209
I510120,一般病院数,施設,健康・医療,basic,ADD city (pref exists),1,1,1,0,0,0000010109,0000020209
I5102,一般診療所数,施設,健康・医療,basic,ADD city (pref exists),1,1,1,0,0,0000010109,0000020209
I5103,歯科診療所数,施設,健康・医療,basic,ADD city (pref exists),1,1,1,0,0,0000010109,0000020209
I6100,医師数,人,健康・医療,basic,ADD city (pref exists),1,1,1,0,0,0000010109,0000020209
I6200,歯科医師数,人,健康・医療,basic,ADD city (pref exists),1,1,1,0,0,0000010109,0000020209
I6300,薬剤師数,人,健康・医療,basic,ADD city (pref exists),1,1,1,0,0,0000010109,0000020209
J2402,身体障害者更生援護施設定員数,人,福祉・社会保障,basic,ADD city (pref exists),1,1,1,0,0,0000010110,0000020210
J2403,身体障害者更生援護施設在所者数,人,福祉・社会保障,basic,ADD city (pref exists),1,1,1,0,0,0000010110,0000020210
J2702,知的障害者援護施設定員数,人,福祉・社会保障,basic,ADD city (pref exists),1,1,1,0,0,0000010110,0000020210
J2703,知的障害者援護施設在所者数,人,福祉・社会保障,basic,ADD city (pref exists),1,1,1,0,0,0000010110,0000020210
K3101,交通事故発生件数,件,安全,basic,ADD city (pref exists),1,1,1,0,0,0000010111,0000020211
K4201,刑法犯認知件数,件,安全,basic,ADD city (pref exists),1,1,1,0,0,0000010111,0000020211
#A01302,#A01302_昼夜間人口比率,％,人口・世帯,indicator,NEW pref+city,1,1,0,0,0,0000010201,0000020301
#A05101,#A05101_人口増減率（（A1101/A1101（-1））-1）,％,人口・世帯,indicator,NEW pref+city,1,1,0,0,0,0000010201,0000020301
A110101,総人口（男）,人,人口・世帯,basic,NEW pref+city,1,1,0,0,0,0000010101,0000020201
A110102,総人口（女）,人,人口・世帯,basic,NEW pref+city,1,1,0,0,0,0000010101,0000020201
A110201,日本人人口（男）,人,人口・世帯,basic,NEW pref+city,1,1,0,0,0,0000010101,0000020201
A110202,日本人人口（女）,人,人口・世帯,basic,NEW pref+city,1,1,0,0,0,0000010101,0000020201
A1231,年齢中位数,歳,人口・世帯,basic,NEW pref+city,1,1,0,0,0,0000010101,0000020201
A1301,15歳未満人口,人,人口・世帯,basic,NEW pref+city,1,1,0,0,0,0000010101,0000020201
A130101,15歳未満人口（男）,人,人口・世帯,basic,NEW pref+city,1,1,0,0,0,0000010101,0000020201
A130102,15歳未満人口（女）,人,人口・世帯,basic,NEW pref+city,1,1,0,0,0,0000010101,0000020201
A1302,15～64歳人口,人,人口・世帯,basic,NEW pref+city,1,1,0,0,0,0000010101,0000020201
A130201,15～64歳人口（男）,人,人口・世帯,basic,NEW pref+city,1,1,0,0,0,0000010101,0000020201
A130202,15～64歳人口（女）,人,人口・世帯,basic,NEW pref+city,1,1,0,0,0,0000010101,0000020201
A1303,65歳以上人口,人,人口・世帯,basic,NEW pref+city,1,1,0,0,0,0000010101,0000020201
A130301,65歳以上人口（男）,人,人口・世帯,basic,NEW pref+city,1,1,0,0,0,0000010101,0000020201
A130302,65歳以上人口（女）,人,人口・世帯,basic,NEW pref+city,1,1,0,0,0,0000010101,0000020201
A1401,3歳人口,人,人口・世帯,basic,NEW pref+city,1,1,0,0,0,0000010101,0000020201
A140101,3歳人口（男）,人,人口・世帯,basic,NEW pref+city,1,1,0,0,0,0000010101,0000020201
A140102,3歳人口（女）,人,人口・世帯,basic,NEW pref+city,1,1,0,0,0,0000010101,0000020201
A1402,4歳人口,人,人口・世帯,basic,NEW pref+city,1,1,0,0,0,0000010101,0000020201
A140201,4歳人口（男）,人,人口・世帯,basic,NEW pref+city,1,1,0,0,0,0000010101,0000020201
A140202,4歳人口（女）,人,人口・世帯,basic,NEW pref+city,1,1,0,0,0,0000010101,0000020201
A1403,5歳人口,人,人口・世帯,basic,NEW pref+city,1,1,0,0,0,0000010101,0000020201
A140301,5歳人口（男）,人,人口・世帯,basic,NEW pref+city,1,1,0,0,0,0000010101,0000020201
A140302,5歳人口（女）,人,人口・世帯,basic,NEW pref+city,1,1,0,0,0,0000010101,0000020201
A1404,0～3歳人口,人,人口・世帯,basic,NEW pref+city,1,1,0,0,0,0000010101,0000020201
A140401,0～3歳人口（男）,人,人口・世帯,basic,NEW pref+city,1,1,0,0,0,0000010101,0000020201
A140402,0～3歳人口（女）,人,人口・世帯,basic,NEW pref+city,1,1,0,0,0,0000010101,0000020201
A1405,0～5歳人口,人,人口・世帯,basic,NEW pref+city,1,1,0,0,0,0000010101,0000020201
A140501,0～5歳人口（男）,人,人口・世帯,basic,NEW pref+city,1,1,0,0,0,0000010101,0000020201
A140502,0～5歳人口（女）,人,人口・世帯,basic,NEW pref+city,1,1,0,0,0,0000010101,0000020201
A1406,0～15歳人口,人,人口・世帯,basic,NEW pref+city,1,1,0,0,0,0000010101,0000020201
A140601,0～15歳人口（男）,人,人口・世帯,basic,NEW pref+city,1,1,0,0,0,0000010101,0000020201
A140602,0～15歳人口（女）,人,人口・世帯,basic,NEW pref+city,1,1,0,0,0,0000010101,0000020201
A1407,0～17歳人口,人,人口・世帯,basic,NEW pref+city,1,1,0,0,0,0000010101,0000020201
A140701,0～17歳人口（男）,人,人口・世帯,basic,NEW pref+city,1,1,0,0,0,0000010101,0000020201
A140702,0～17歳人口（女）,人,人口・世帯,basic,NEW pref+city,1,1,0,0,0,0000010101,0000020201
A1408,3～5歳人口,人,人口・世帯,basic,NEW pref+city,1,1,0,0,0,0000010101,0000020201
A140801,3～5歳人口（男）,人,人口・世帯,basic,NEW pref+city,1,1,0,0,0,0000010101,0000020201
A140802,3～5歳人口（女）,人,人口・世帯,basic,NEW pref+city,1,1,0,0,0,0000010101,0000020201
A1409,6～11歳人口,人,人口・世帯,basic,NEW pref+city,1,1,0,0,0,0000010101,0000020201
A140901,6～11歳人口（男）,人,人口・世帯,basic,NEW pref+city,1,1,0,0,0,0000010101,0000020201
A140902,6～11歳人口（女）,人,人口・世帯,basic,NEW pref+city,1,1,0,0,0,0000010101,0000020201
A1410,10～13歳人口,人,人口・世帯,basic,NEW pref+city,1,1,0,0,0,0000010101,0000020201
A141001,10～13歳人口（男）,人,人口・世帯,basic,NEW pref+city,1,1,0,0,0,0000010101,0000020201
A141002,10～13歳人口（女）,人,人口・世帯,basic,NEW pref+city,1,1,0,0,0,0000010101,0000020201
A1411,12～14歳人口,人,人口・世帯,basic,NEW pref+city,1,1,0,0,0,0000010101,0000020201
A141101,12～14歳人口（男）,人,人口・世帯,basic,NEW pref+city,1,1,0,0,0,0000010101,0000020201
A141102,12～14歳人口（女）,人,人口・世帯,basic,NEW pref+city,1,1,0,0,0,0000010101,0000020201
A1412,14～19歳人口,人,人口・世帯,basic,NEW pref+city,1,1,0,0,0,0000010101,0000020201
A141201,14～19歳人口（男）,人,人口・世帯,basic,NEW pref+city,1,1,0,0,0,0000010101,0000020201
A141202,14～19歳人口（女）,人,人口・世帯,basic,NEW pref+city,1,1,0,0,0,0000010101,0000020201
A1413,15～17歳人口,人,人口・世帯,basic,NEW pref+city,1,1,0,0,0,0000010101,0000020201
A141301,15～17歳人口（男）,人,人口・世帯,basic,NEW pref+city,1,1,0,0,0,0000010101,0000020201
A141302,15～17歳人口（女）,人,人口・世帯,basic,NEW pref+city,1,1,0,0,0,0000010101,0000020201
A1414,15歳以上人口,人,人口・世帯,basic,NEW pref+city,1,1,0,0,0,0000010101,0000020201
A141401,15歳以上人口（男）,人,人口・世帯,basic,NEW pref+city,1,1,0,0,0,0000010101,0000020201
A141402,15歳以上人口（女）,人,人口・世帯,basic,NEW pref+city,1,1,0,0,0,0000010101,0000020201
A1415,40歳以上人口,人,人口・世帯,basic,NEW pref+city,1,1,0,0,0,0000010101,0000020201
A141501,40歳以上人口（男）,人,人口・世帯,basic,NEW pref+city,1,1,0,0,0,0000010101,0000020201
A141502,40歳以上人口（女）,人,人口・世帯,basic,NEW pref+city,1,1,0,0,0,0000010101,0000020201
A1416,60歳以上人口,人,人口・世帯,basic,NEW pref+city,1,1,0,0,0,0000010101,0000020201
A141601,60歳以上人口（男）,人,人口・世帯,basic,NEW pref+city,1,1,0,0,0,0000010101,0000020201
A141602,60歳以上人口（女）,人,人口・世帯,basic,NEW pref+city,1,1,0,0,0,0000010101,0000020201
A1417,70歳以上人口,人,人口・世帯,basic,NEW pref+city,1,1,0,0,0,0000010101,0000020201
A141701,70歳以上人口（男）,人,人口・世帯,basic,NEW pref+city,1,1,0,0,0,0000010101,0000020201
A141702,70歳以上人口（女）,人,人口・世帯,basic,NEW pref+city,1,1,0,0,0,0000010101,0000020201
A1418,80歳以上人口,人,人口・世帯,basic,NEW pref+city,1,1,0,0,0,0000010101,0000020201
A141801,80歳以上人口（男）,人,人口・世帯,basic,NEW pref+city,1,1,0,0,0,0000010101,0000020201
A141802,80歳以上人口（女）,人,人口・世帯,basic,NEW pref+city,1,1,0,0,0,0000010101,0000020201
A1419,75歳以上人口,人,人口・世帯,basic,NEW pref+city,1,1,0,0,0,0000010101,0000020201
A141901,75歳以上人口（男）,人,人口・世帯,basic,NEW pref+city,1,1,0,0,0,0000010101,0000020201
A141902,75歳以上人口（女）,人,人口・世帯,basic,NEW pref+city,1,1,0,0,0,0000010101,0000020201
A1420,85歳以上人口,人,人口・世帯,basic,NEW pref+city,1,1,0,0,0,0000010101,0000020201
A142001,85歳以上人口（男）,人,人口・世帯,basic,NEW pref+city,1,1,0,0,0,0000010101,0000020201
A142002,85歳以上人口（女）,人,人口・世帯,basic,NEW pref+city,1,1,0,0,0,0000010101,0000020201
A161001,未婚者割合（15歳以上人口）,％,人口・世帯,basic,NEW pref+city,1,1,0,0,0,0000010101,0000020201
A180101,人口集中地区人口（男）,人,人口・世帯,basic,NEW pref+city,1,1,0,0,0,0000010101,0000020201
A180102,人口集中地区人口（女）,人,人口・世帯,basic,NEW pref+city,1,1,0,0,0,0000010101,0000020201
A191001,将来推計人口（2020年）,人,人口・世帯,basic,NEW pref+city,1,1,0,0,0,0000010101,0000020201
A191002,将来推計人口（2025年）,人,人口・世帯,basic,NEW pref+city,1,1,0,0,0,0000010101,0000020201
A191003,将来推計人口（2030年）,人,人口・世帯,basic,NEW pref+city,1,1,0,0,0,0000010101,0000020201
A191004,将来推計人口（2035年）,人,人口・世帯,basic,NEW pref+city,1,1,0,0,0,0000010101,0000020201
A191005,将来推計人口（2040年）,人,人口・世帯,basic,NEW pref+city,1,1,0,0,0,0000010101,0000020201
A191006,将来推計人口（2045年）,人,人口・世帯,basic,NEW pref+city,1,1,0,0,0,0000010101,0000020201
A191007,将来推計人口（2050年）,人,人口・世帯,basic,NEW pref+city,1,1,0,0,0,0000010101,0000020201
A2101,住民基本台帳人口（日本人）,人,人口・世帯,basic,NEW pref+city,1,1,0,0,0,0000010101,0000020201
A210101,住民基本台帳人口（日本人）（男）,人,人口・世帯,basic,NEW pref+city,1,1,0,0,0,0000010101,0000020201
A210102,住民基本台帳人口（日本人）（女）,人,人口・世帯,basic,NEW pref+city,1,1,0,0,0,0000010101,0000020201
A2201,住民基本台帳人口（外国人）,人,人口・世帯,basic,NEW pref+city,1,1,0,0,0,0000010101,0000020201
A2301,住民基本台帳人口（総数）,人,人口・世帯,basic,NEW pref+city,1,1,0,0,0,0000010101,0000020201
A6101,従業も通学もしていない人口,人,人口・世帯,basic,NEW pref+city,1,1,0,0,0,0000010101,0000020201
A6102,自市区町村で従業・通学している人口,人,人口・世帯,basic,NEW pref+city,1,1,0,0,0,0000010101,0000020201
A6103,流出人口（県内他市区町村で従業・通学している人口）,人,人口・世帯,basic,NEW pref+city,1,1,0,0,0,0000010101,0000020201
A6104,流出人口（他県で従業・通学している人口）,人,人口・世帯,basic,NEW pref+city,1,1,0,0,0,0000010101,0000020201
A6105,流入人口（県内他市区町村に常住している人口）,人,人口・世帯,basic,NEW pref+city,1,1,0,0,0,0000010101,0000020201
A6106,流入人口（他県に常住している人口）,人,人口・世帯,basic,NEW pref+city,1,1,0,0,0,0000010101,0000020201
A710101,一般世帯数,世帯,人口・世帯,basic,NEW pref+city,1,1,0,0,0,0000010101,0000020201
A710102,施設等の世帯数,世帯,人口・世帯,basic,NEW pref+city,1,1,0,0,0,0000010101,0000020201
A710202,施設等の世帯人員数,人,人口・世帯,basic,NEW pref+city,1,1,0,0,0,0000010101,0000020201
A7103,住民基本台帳世帯数（日本人）,世帯,人口・世帯,basic,NEW pref+city,1,1,0,0,0,0000010101,0000020201
A810101,親族のみの世帯数,世帯,人口・世帯,basic,NEW pref+city,1,1,0,0,0,0000010101,0000020201
A810102,核家族世帯数,世帯,人口・世帯,basic,NEW pref+city,1,1,0,0,0,0000010101,0000020201
A810103,核家族以外の世帯数,世帯,人口・世帯,basic,NEW pref+city,1,1,0,0,0,0000010101,0000020201
A810104,非親族を含む世帯数,世帯,人口・世帯,basic,NEW pref+city,1,1,0,0,0,0000010101,0000020201
A810105,単独世帯数,世帯,人口・世帯,basic,NEW pref+city,1,1,0,0,0,0000010101,0000020201
A811102,65歳以上の世帯員のいる核家族世帯数,世帯,人口・世帯,basic,NEW pref+city,1,1,0,0,0,0000010101,0000020201
A8201,夫65歳以上、妻60歳以上の夫婦のみの世帯数,世帯,人口・世帯,basic,NEW pref+city,1,1,0,0,0,0000010101,0000020201
A8301,65歳以上世帯員の単独世帯数,世帯,人口・世帯,basic,NEW pref+city,1,1,0,0,0,0000010101,0000020201
A830101,65歳以上世帯員の単独世帯数（男）,世帯,人口・世帯,basic,NEW pref+city,1,1,0,0,0,0000010101,0000020201
A830102,65歳以上世帯員の単独世帯数（女）,世帯,人口・世帯,basic,NEW pref+city,1,1,0,0,0,0000010101,0000020201
A840101,母子世帯数（子供が1人）,世帯,人口・世帯,basic,NEW pref+city,1,1,0,0,0,0000010101,0000020201
A840102,母子世帯数（子供が2人）,世帯,人口・世帯,basic,NEW pref+city,1,1,0,0,0,0000010101,0000020201
A840103,母子世帯数（子供が3人以上）,世帯,人口・世帯,basic,NEW pref+city,1,1,0,0,0,0000010101,0000020201
A850101,父子世帯数（子供が1人）,世帯,人口・世帯,basic,NEW pref+city,1,1,0,0,0,0000010101,0000020201
A850102,父子世帯数（子供が2人）,世帯,人口・世帯,basic,NEW pref+city,1,1,0,0,0,0000010101,0000020201
A850103,父子世帯数（子供が3人以上）,世帯,人口・世帯,basic,NEW pref+city,1,1,0,0,0,0000010101,0000020201
B1102,総面積（北方地域及び竹島を含む）,ｈａ,自然環境,basic,NEW pref+city,1,1,0,0,0,0000010102,0000020202
B1107,森林以外の草生地面積,ｈａ,自然環境,basic,NEW pref+city,1,1,0,0,0,0000010102,0000020202
B120103,評価総地積（宅地）,ｍ2,自然環境,basic,NEW pref+city,1,1,0,0,0,0000010102,0000020202
C120110,課税対象所得,千円,経済基盤,basic,NEW pref+city,1,1,0,0,0,0000010103,0000020203
C2104,第2次産業事業所数（事業所・企業統計調査結果）,所,経済基盤,basic,NEW pref+city,1,1,0,0,0,0000010103,0000020203
C2105,第3次産業事業所数（事業所・企業統計調査結果）,所,経済基盤,basic,NEW pref+city,1,1,0,0,0,0000010103,0000020203
C210701,事業所数（公務を除く）,所,経済基盤,basic,NEW pref+city,1,1,0,0,0,0000010103,0000020203
C210705,事業所数（非農林漁業）,所,経済基盤,basic,NEW pref+city,1,1,0,0,0,0000010103,0000020203
C210706,事業所数（非農林漁業（公務を除く））,所,経済基盤,basic,NEW pref+city,1,1,0,0,0,0000010103,0000020203
C210710,事業所数（電気・ガス・熱供給・水道業）,所,経済基盤,basic,NEW pref+city,1,1,0,0,0,0000010103,0000020203
C210714,事業所数（卸売業）,所,経済基盤,basic,NEW pref+city,1,1,0,0,0,0000010103,0000020203
C210715,事業所数（小売業）,所,経済基盤,basic,NEW pref+city,1,1,0,0,0,0000010103,0000020203
C210718,事業所数（学術研究、専門・技術サービス業）,所,経済基盤,basic,NEW pref+city,1,1,0,0,0,0000010103,0000020203
C210719,事業所数（宿泊業、飲食サービス業）,所,経済基盤,basic,NEW pref+city,1,1,0,0,0,0000010103,0000020203
C210720,事業所数（生活関連サービス業、娯楽業）,所,経済基盤,basic,NEW pref+city,1,1,0,0,0,0000010103,0000020203
C210723,事業所数（複合サービス事業）,所,経済基盤,basic,NEW pref+city,1,1,0,0,0,0000010103,0000020203
C210724,事業所数（サービス業（他に分類されないもの））,所,経済基盤,basic,NEW pref+city,1,1,0,0,0,0000010103,0000020203
C210725,事業所数（公務（他に分類されるものを除く））,所,経済基盤,basic,NEW pref+city,1,1,0,0,0,0000010103,0000020203
C2108,事業所数（民営）,事業所,経済基盤,basic,NEW pref+city,1,1,0,0,0,0000010103,0000020203
C210801,事業所数（民営）従業者1～4人,事業所,経済基盤,basic,NEW pref+city,1,1,0,0,0,0000010103,0000020203
C210802,事業所数（民営）従業者5～9人,事業所,経済基盤,basic,NEW pref+city,1,1,0,0,0,0000010103,0000020203
C210803,事業所数（民営）従業者10～29人,事業所,経済基盤,basic,NEW pref+city,1,1,0,0,0,0000010103,0000020203
C210804,事業所数（民営）従業者30～49人,事業所,経済基盤,basic,NEW pref+city,1,1,0,0,0,0000010103,0000020203
C210805,事業所数（民営）従業者50～99人,事業所,経済基盤,basic,NEW pref+city,1,1,0,0,0,0000010103,0000020203
C210820,事業所数（民営）（個人事業所）（経済センサス‐基礎調査及び活動調査結果）,事業所,経済基盤,basic,NEW pref+city,1,1,0,0,0,0000010103,0000020203
C210821,事業所数（民営）（法人事業所）（経済センサス‐基礎調査及び活動調査結果）,事業所,経済基盤,basic,NEW pref+city,1,1,0,0,0,0000010103,0000020203
C210822,事業所数（民営）（会社事業所）（経済センサス‐基礎調査及び活動調査結果）,事業所,経済基盤,basic,NEW pref+city,1,1,0,0,0,0000010103,0000020203
C210823,事業所数（民営）（会社以外の法人）,事業所,経済基盤,basic,NEW pref+city,1,1,0,0,0,0000010103,0000020203
C210831,事業所数（民営）（農林漁業）,事業所,経済基盤,basic,NEW pref+city,1,1,0,0,0,0000010103,0000020203
C210832,事業所数（民営）（農業、林業）,事業所,経済基盤,basic,NEW pref+city,1,1,0,0,0,0000010103,0000020203
C210833,事業所数（民営）（漁業）,事業所,経済基盤,basic,NEW pref+city,1,1,0,0,0,0000010103,0000020203
C210834,事業所数（民営）（非農林漁業（公務を除く））,事業所,経済基盤,basic,NEW pref+city,1,1,0,0,0,0000010103,0000020203
C210835,事業所数（民営）（鉱業、採石業、砂利採取業）,事業所,経済基盤,basic,NEW pref+city,1,1,0,0,0,0000010103,0000020203
C210836,事業所数（民営）（建設業）,事業所,経済基盤,basic,NEW pref+city,1,1,0,0,0,0000010103,0000020203
C210837,事業所数（民営）（製造業）,事業所,経済基盤,basic,NEW pref+city,1,1,0,0,0,0000010103,0000020203
C210838,事業所数（民営）（電気・ガス・熱供給・水道業）,事業所,経済基盤,basic,NEW pref+city,1,1,0,0,0,0000010103,0000020203
C210839,事業所数（民営）（情報通信業）,事業所,経済基盤,basic,NEW pref+city,1,1,0,0,0,0000010103,0000020203
C210840,事業所数（民営）（運輸業、郵便業）,事業所,経済基盤,basic,NEW pref+city,1,1,0,0,0,0000010103,0000020203
C210841,事業所数（民営）（卸売業、小売業）,事業所,経済基盤,basic,NEW pref+city,1,1,0,0,0,0000010103,0000020203
C210842,事業所数（民営）（卸売業）,事業所,経済基盤,basic,NEW pref+city,1,1,0,0,0,0000010103,0000020203
C210843,事業所数（民営）（小売業）,事業所,経済基盤,basic,NEW pref+city,1,1,0,0,0,0000010103,0000020203
C210844,事業所数（民営）（金融業、保険業）,事業所,経済基盤,basic,NEW pref+city,1,1,0,0,0,0000010103,0000020203
C210845,事業所数（民営）（不動産業、物品賃貸業）,事業所,経済基盤,basic,NEW pref+city,1,1,0,0,0,0000010103,0000020203
C210846,事業所数（民営）（学術研究、専門・技術サービス業）,事業所,経済基盤,basic,NEW pref+city,1,1,0,0,0,0000010103,0000020203
C210847,事業所数（民営）（宿泊業、飲食サービス業）,事業所,経済基盤,basic,NEW pref+city,1,1,0,0,0,0000010103,0000020203
C210848,事業所数（民営）（生活関連サービス業、娯楽業）,事業所,経済基盤,basic,NEW pref+city,1,1,0,0,0,0000010103,0000020203
C210849,事業所数（民営）（教育、学習支援業）,事業所,経済基盤,basic,NEW pref+city,1,1,0,0,0,0000010103,0000020203
C210850,事業所数（民営）（医療、福祉）,事業所,経済基盤,basic,NEW pref+city,1,1,0,0,0,0000010103,0000020203
C210851,事業所数（民営）（複合サービス事業）,事業所,経済基盤,basic,NEW pref+city,1,1,0,0,0,0000010103,0000020203
C210852,事業所数（民営）（サービス業（他に分類されないもの））,事業所,経済基盤,basic,NEW pref+city,1,1,0,0,0,0000010103,0000020203
C2109,事業所数（国・地方公共団体）（経済センサス‐基礎調査結果）,事業所,経済基盤,basic,NEW pref+city,1,1,0,0,0,0000010103,0000020203
C210901,事業所数（国）（経済センサス‐基礎調査結果）,所,経済基盤,basic,NEW pref+city,1,1,0,0,0,0000010103,0000020203
C210902,事業所数（地方公共団体）（経済センサス‐基礎調査結果）,所,経済基盤,basic,NEW pref+city,1,1,0,0,0,0000010103,0000020203
C210903,事業所数（都道府県）（経済センサス‐基礎調査結果）,所,経済基盤,basic,NEW pref+city,1,1,0,0,0,0000010103,0000020203
C210904,事業所数（市町村）（経済センサス‐基礎調査結果）,所,経済基盤,basic,NEW pref+city,1,1,0,0,0,0000010103,0000020203
C2110,第1次産業事業所数（経済センサス‐基礎調査結果）,所,経済基盤,basic,NEW pref+city,1,1,0,0,0,0000010103,0000020203
C2111,第2次産業事業所数（経済センサス‐基礎調査結果）,所,経済基盤,basic,NEW pref+city,1,1,0,0,0,0000010103,0000020203
C2112,第3次産業事業所数（経済センサス‐基礎調査結果）,所,経済基盤,basic,NEW pref+city,1,1,0,0,0,0000010103,0000020203
C2201,従業者数（事業所・企業統計調査結果）,人,経済基盤,basic,NEW pref+city,1,1,0,0,0,0000010103,0000020203
C2204,第2次産業従業者数（事業所・企業統計調査結果）,人,経済基盤,basic,NEW pref+city,1,1,0,0,0,0000010103,0000020203
C2205,第3次産業従業者数（事業所・企業統計調査結果）,人,経済基盤,basic,NEW pref+city,1,1,0,0,0,0000010103,0000020203
C2207,従業者数（経済センサス‐基礎調査結果）,人,経済基盤,basic,NEW pref+city,1,1,0,0,0,0000010103,0000020203
C220701,従業者数（公務を除く）,人,経済基盤,basic,NEW pref+city,1,1,0,0,0,0000010103,0000020203
C220702,従業者数（農林漁業）,人,経済基盤,basic,NEW pref+city,1,1,0,0,0,0000010103,0000020203
C220703,従業者数（農業、林業）,人,経済基盤,basic,NEW pref+city,1,1,0,0,0,0000010103,0000020203
C220704,従業者数（漁業）,人,経済基盤,basic,NEW pref+city,1,1,0,0,0,0000010103,0000020203
C220705,従業者数（非農林漁業）,人,経済基盤,basic,NEW pref+city,1,1,0,0,0,0000010103,0000020203
C220706,従業者数（非農林漁業（公務を除く））,人,経済基盤,basic,NEW pref+city,1,1,0,0,0,0000010103,0000020203
C220707,従業者数（鉱業、採石業、砂利採取業）,人,経済基盤,basic,NEW pref+city,1,1,0,0,0,0000010103,0000020203
C220708,従業者数（建設業）,人,経済基盤,basic,NEW pref+city,1,1,0,0,0,0000010103,0000020203
C220709,従業者数（製造業）,人,経済基盤,basic,NEW pref+city,1,1,0,0,0,0000010103,0000020203
C220710,従業者数（電気・ガス・熱供給・水道業）,人,経済基盤,basic,NEW pref+city,1,1,0,0,0,0000010103,0000020203
C220711,従業者数（情報通信業）,人,経済基盤,basic,NEW pref+city,1,1,0,0,0,0000010103,0000020203
C220712,従業者数（運輸業、郵便業）,人,経済基盤,basic,NEW pref+city,1,1,0,0,0,0000010103,0000020203
C220713,従業者数（卸売業、小売業）,人,経済基盤,basic,NEW pref+city,1,1,0,0,0,0000010103,0000020203
C220714,従業者数（卸売業）,人,経済基盤,basic,NEW pref+city,1,1,0,0,0,0000010103,0000020203
C220715,従業者数（小売業）,人,経済基盤,basic,NEW pref+city,1,1,0,0,0,0000010103,0000020203
C220716,従業者数（金融業、保険業）,人,経済基盤,basic,NEW pref+city,1,1,0,0,0,0000010103,0000020203
C220717,従業者数（不動産業、物品賃貸業）,人,経済基盤,basic,NEW pref+city,1,1,0,0,0,0000010103,0000020203
C220718,従業者数（学術研究、専門・技術サービス業）,人,経済基盤,basic,NEW pref+city,1,1,0,0,0,0000010103,0000020203
C220719,従業者数（宿泊業、飲食サービス業）,人,経済基盤,basic,NEW pref+city,1,1,0,0,0,0000010103,0000020203
C220720,従業者数（生活関連サービス業、娯楽業）,人,経済基盤,basic,NEW pref+city,1,1,0,0,0,0000010103,0000020203
C220721,従業者数（教育、学習支援業）,人,経済基盤,basic,NEW pref+city,1,1,0,0,0,0000010103,0000020203
C220722,従業者数（医療、福祉）,人,経済基盤,basic,NEW pref+city,1,1,0,0,0,0000010103,0000020203
C220723,従業者数（複合サービス事業）,人,経済基盤,basic,NEW pref+city,1,1,0,0,0,0000010103,0000020203
C220724,従業者数（サービス業（他に分類されないもの））,人,経済基盤,basic,NEW pref+city,1,1,0,0,0,0000010103,0000020203
C220725,従業者数（公務（他に分類されるものを除く））,人,経済基盤,basic,NEW pref+city,1,1,0,0,0,0000010103,0000020203
C2208,従業者数（民営）,人,経済基盤,basic,NEW pref+city,1,1,0,0,0,0000010103,0000020203
C220801,従業者数（民営）従業者1～4人,人,経済基盤,basic,NEW pref+city,1,1,0,0,0,0000010103,0000020203
C220802,従業者数（民営）従業者5～9人,人,経済基盤,basic,NEW pref+city,1,1,0,0,0,0000010103,0000020203
C220803,従業者数（民営）従業者10～29人,人,経済基盤,basic,NEW pref+city,1,1,0,0,0,0000010103,0000020203
C220804,従業者数（民営）従業者30～49人,人,経済基盤,basic,NEW pref+city,1,1,0,0,0,0000010103,0000020203
C220805,従業者数（民営）従業者50～99人,人,経済基盤,basic,NEW pref+city,1,1,0,0,0,0000010103,0000020203
C220820,従業者数（民営）（個人事業所）（経済センサス‐活動調査結果）,人,経済基盤,basic,NEW pref+city,1,1,0,0,0,0000010103,0000020203
C220821,従業者数（民営）（法人事業所）（経済センサス‐活動調査結果）,人,経済基盤,basic,NEW pref+city,1,1,0,0,0,0000010103,0000020203
C220822,従業者数（民営）（会社事業所）（経済センサス‐活動調査結果）,人,経済基盤,basic,NEW pref+city,1,1,0,0,0,0000010103,0000020203
C220823,従業者数（民営）（会社以外の法人）,人,経済基盤,basic,NEW pref+city,1,1,0,0,0,0000010103,0000020203
C220831,従業者数（民営）（農林漁業）,人,経済基盤,basic,NEW pref+city,1,1,0,0,0,0000010103,0000020203
C220832,従業者数（民営）（農業、林業）,人,経済基盤,basic,NEW pref+city,1,1,0,0,0,0000010103,0000020203
C220833,従業者数（民営）（漁業）,人,経済基盤,basic,NEW pref+city,1,1,0,0,0,0000010103,0000020203
C220834,従業者数（民営）（非農林漁業（公務を除く））,人,経済基盤,basic,NEW pref+city,1,1,0,0,0,0000010103,0000020203
C220835,従業者数（民営）（鉱業、採石業、砂利採取業）,人,経済基盤,basic,NEW pref+city,1,1,0,0,0,0000010103,0000020203
C220836,従業者数（民営）（建設業）,人,経済基盤,basic,NEW pref+city,1,1,0,0,0,0000010103,0000020203
C220837,従業者数（民営）（製造業）,人,経済基盤,basic,NEW pref+city,1,1,0,0,0,0000010103,0000020203
C220838,従業者数（民営）（電気・ガス・熱供給・水道業）,人,経済基盤,basic,NEW pref+city,1,1,0,0,0,0000010103,0000020203
C220839,従業者数（民営）（情報通信業）,人,経済基盤,basic,NEW pref+city,1,1,0,0,0,0000010103,0000020203
C220840,従業者数（民営）（運輸業、郵便業）,人,経済基盤,basic,NEW pref+city,1,1,0,0,0,0000010103,0000020203
C220841,従業者数（民営）（卸売業、小売業）,人,経済基盤,basic,NEW pref+city,1,1,0,0,0,0000010103,0000020203
C220842,従業者数（民営）（卸売業）,人,経済基盤,basic,NEW pref+city,1,1,0,0,0,0000010103,0000020203
C220843,従業者数（民営）（小売業）,人,経済基盤,basic,NEW pref+city,1,1,0,0,0,0000010103,0000020203
C220844,従業者数（民営）（金融業、保険業）,人,経済基盤,basic,NEW pref+city,1,1,0,0,0,0000010103,0000020203
C220845,従業者数（民営）（不動産業、物品賃貸業）,人,経済基盤,basic,NEW pref+city,1,1,0,0,0,0000010103,0000020203
C220846,従業者数（民営）（学術研究、専門・技術サービス業）,人,経済基盤,basic,NEW pref+city,1,1,0,0,0,0000010103,0000020203
C220847,従業者数（民営）（宿泊業、飲食サービス業）,人,経済基盤,basic,NEW pref+city,1,1,0,0,0,0000010103,0000020203
C220848,従業者数（民営）（生活関連サービス業、娯楽業）,人,経済基盤,basic,NEW pref+city,1,1,0,0,0,0000010103,0000020203
C220849,従業者数（民営）（教育、学習支援業）,人,経済基盤,basic,NEW pref+city,1,1,0,0,0,0000010103,0000020203
C220850,従業者数（民営）（医療、福祉）,人,経済基盤,basic,NEW pref+city,1,1,0,0,0,0000010103,0000020203
C220851,従業者数（民営）（複合サービス事業）,人,経済基盤,basic,NEW pref+city,1,1,0,0,0,0000010103,0000020203
C220852,従業者数（民営）（サービス業（他に分類されないもの））,人,経済基盤,basic,NEW pref+city,1,1,0,0,0,0000010103,0000020203
C2209,従業者数（国・地方公共団体）（経済センサス‐基礎調査結果）,人,経済基盤,basic,NEW pref+city,1,1,0,0,0,0000010103,0000020203
C220901,従業者数（国）（経済センサス‐基礎調査結果）,人,経済基盤,basic,NEW pref+city,1,1,0,0,0,0000010103,0000020203
C220902,従業者数（地方公共団体）,人,経済基盤,basic,NEW pref+city,1,1,0,0,0,0000010103,0000020203
C220903,従業者数（都道府県）（経済センサス‐基礎調査結果）,人,経済基盤,basic,NEW pref+city,1,1,0,0,0,0000010103,0000020203
C220904,従業者数（市町村）（経済センサス‐基礎調査結果）,人,経済基盤,basic,NEW pref+city,1,1,0,0,0,0000010103,0000020203
C2210,第1次産業従業者数（経済センサス‐基礎調査結果）,人,経済基盤,basic,NEW pref+city,1,1,0,0,0,0000010103,0000020203
C2211,第2次産業従業者数（経済センサス‐基礎調査結果）,人,経済基盤,basic,NEW pref+city,1,1,0,0,0,0000010103,0000020203
C2212,第3次産業従業者数（経済センサス‐基礎調査結果）,人,経済基盤,basic,NEW pref+city,1,1,0,0,0,0000010103,0000020203
C310201,農家数（販売農家）,戸,経済基盤,basic,NEW pref+city,1,1,0,0,0,0000010103,0000020203
C310202,農家数（自給的農家）,戸,経済基盤,basic,NEW pref+city,1,1,0,0,0,0000010103,0000020203
C310211,専業農家数（販売農家）,戸,経済基盤,basic,NEW pref+city,1,1,0,0,0,0000010103,0000020203
C310212,兼業農家数（販売農家）,戸,経済基盤,basic,NEW pref+city,1,1,0,0,0,0000010103,0000020203
C350101,卸売業年間商品販売額,百万円,経済基盤,basic,NEW pref+city,1,1,0,0,0,0000010103,0000020203
C350102,小売業年間商品販売額,百万円,経済基盤,basic,NEW pref+city,1,1,0,0,0,0000010103,0000020203
C3502,商業事業所数（卸売業＋小売業）,事業所,経済基盤,basic,NEW pref+city,1,1,0,0,0,0000010103,0000020203
C350201,卸売業事業所数,事業所,経済基盤,basic,NEW pref+city,1,1,0,0,0,0000010103,0000020203
C350202,小売業事業所数,事業所,経済基盤,basic,NEW pref+city,1,1,0,0,0,0000010103,0000020203
C350301,卸売業従業者数,人,経済基盤,basic,NEW pref+city,1,1,0,0,0,0000010103,0000020203
C350302,小売業従業者数,人,経済基盤,basic,NEW pref+city,1,1,0,0,0,0000010103,0000020203
C5401,標準価格（平均価格）（住宅地）,円／ｍ2,経済基盤,basic,NEW pref+city,1,1,0,0,0,0000010103,0000020203
C5403,標準価格（平均価格）（商業地）,円／ｍ2,経済基盤,basic,NEW pref+city,1,1,0,0,0,0000010103,0000020203
C610101,売上金額（民営）（農林漁業）,百万円,経済基盤,basic,NEW pref+city,1,1,0,0,0,0000010103,0000020203
C610104,売上金額（民営）（非農林漁業（公務を除く））,百万円,経済基盤,basic,NEW pref+city,1,1,0,0,0,0000010103,0000020203
C610105,売上金額（民営）（鉱業、採石業、砂利採取業）,百万円,経済基盤,basic,NEW pref+city,1,1,0,0,0,0000010103,0000020203
C610106,売上金額（民営）（建設業）,百万円,経済基盤,basic,NEW pref+city,1,1,0,0,0,0000010103,0000020203
C610108,売上金額（民営）（電気・ガス・熱供給・水道業）,百万円,経済基盤,basic,NEW pref+city,1,1,0,0,0,0000010103,0000020203
C610109,売上金額（民営）（情報通信業）,百万円,経済基盤,basic,NEW pref+city,1,1,0,0,0,0000010103,0000020203
C610110,売上金額（民営）（運輸業、郵便業）,百万円,経済基盤,basic,NEW pref+city,1,1,0,0,0,0000010103,0000020203
C610111,売上金額（民営）（卸売業、小売業）,百万円,経済基盤,basic,NEW pref+city,1,1,0,0,0,0000010103,0000020203
C610114,売上金額（民営）（金融業、保険業）,百万円,経済基盤,basic,NEW pref+city,1,1,0,0,0,0000010103,0000020203
C610115,売上金額（民営）（不動産業、物品賃貸業）,百万円,経済基盤,basic,NEW pref+city,1,1,0,0,0,0000010103,0000020203
C610116,売上金額（民営）（学術研究、専門・技術サービス業）,百万円,経済基盤,basic,NEW pref+city,1,1,0,0,0,0000010103,0000020203
C610117,売上金額（民営）（宿泊業、飲食サービス業）,百万円,経済基盤,basic,NEW pref+city,1,1,0,0,0,0000010103,0000020203
C610118,売上金額（民営）（生活関連サービス業、娯楽業）,百万円,経済基盤,basic,NEW pref+city,1,1,0,0,0,0000010103,0000020203
C610119,売上金額（民営）（教育、学習支援業）,百万円,経済基盤,basic,NEW pref+city,1,1,0,0,0,0000010103,0000020203
C610120,売上金額（民営）（医療、福祉）,百万円,経済基盤,basic,NEW pref+city,1,1,0,0,0,0000010103,0000020203
C610121,売上金額（民営）（複合サービス事業）,百万円,経済基盤,basic,NEW pref+city,1,1,0,0,0,0000010103,0000020203
C610122,売上金額（民営）（サービス業（他に分類されないもの））,百万円,経済基盤,basic,NEW pref+city,1,1,0,0,0,0000010103,0000020203
C620101,純付加価値額（民営）（農林漁業）,百万円,経済基盤,basic,NEW pref+city,1,1,0,0,0,0000010103,0000020203
C620105,純付加価値額（民営）（鉱業、採石業、砂利採取業）,百万円,経済基盤,basic,NEW pref+city,1,1,0,0,0,0000010103,0000020203
C620106,純付加価値額（民営）（建設業）,百万円,経済基盤,basic,NEW pref+city,1,1,0,0,0,0000010103,0000020203
C620108,純付加価値額（民営）（電気・ガス・熱供給・水道業）,百万円,経済基盤,basic,NEW pref+city,1,1,0,0,0,0000010103,0000020203
C620109,純付加価値額（民営）（情報通信業）,百万円,経済基盤,basic,NEW pref+city,1,1,0,0,0,0000010103,0000020203
C620110,純付加価値額（民営）（運輸業、郵便業）,百万円,経済基盤,basic,NEW pref+city,1,1,0,0,0,0000010103,0000020203
C620111,純付加価値額（民営）（卸売業、小売業）,百万円,経済基盤,basic,NEW pref+city,1,1,0,0,0,0000010103,0000020203
C620114,純付加価値額（民営）（金融業、保険業）,百万円,経済基盤,basic,NEW pref+city,1,1,0,0,0,0000010103,0000020203
C620115,純付加価値額（民営）（不動産業、物品賃貸業）,百万円,経済基盤,basic,NEW pref+city,1,1,0,0,0,0000010103,0000020203
C620116,純付加価値額（民営）（学術研究、専門・技術サービス業）,百万円,経済基盤,basic,NEW pref+city,1,1,0,0,0,0000010103,0000020203
C620117,純付加価値額（民営）（宿泊業、飲食サービス業）,百万円,経済基盤,basic,NEW pref+city,1,1,0,0,0,0000010103,0000020203
C620118,純付加価値額（民営）（生活関連サービス業、娯楽業）,百万円,経済基盤,basic,NEW pref+city,1,1,0,0,0,0000010103,0000020203
C620119,純付加価値額（民営）（教育、学習支援業）,百万円,経済基盤,basic,NEW pref+city,1,1,0,0,0,0000010103,0000020203
C620120,純付加価値額（民営）（医療、福祉）,百万円,経済基盤,basic,NEW pref+city,1,1,0,0,0,0000010103,0000020203
C620121,純付加価値額（民営）（複合サービス事業）,百万円,経済基盤,basic,NEW pref+city,1,1,0,0,0,0000010103,0000020203
C620122,純付加価値額（民営）（サービス業（他に分類されないもの））,百万円,経済基盤,basic,NEW pref+city,1,1,0,0,0,0000010103,0000020203
D2209,一般財源（市町村財政）,千円,行政基盤,basic,NEW pref+city,1,1,0,0,0,0000010104,0000020204
D2210,投資的経費（市町村財政）,千円,行政基盤,basic,NEW pref+city,1,1,0,0,0,0000010104,0000020204
D3201,歳入決算総額（市町村財政）,千円,行政基盤,basic,NEW pref+city,1,1,0,0,0,0000010104,0000020204
D320101,地方税（市町村財政）,千円,行政基盤,basic,NEW pref+city,1,1,0,0,0,0000010104,0000020204
D320102,地方譲与税（市町村財政）,千円,行政基盤,basic,NEW pref+city,1,1,0,0,0,0000010104,0000020204
D320103,利子割交付金（市町村財政）,千円,行政基盤,basic,NEW pref+city,1,1,0,0,0,0000010104,0000020204
D320104,ゴルフ場利用税交付金（市町村財政）,千円,行政基盤,basic,NEW pref+city,1,1,0,0,0,0000010104,0000020204
D320105,特別地方消費税交付金（市町村財政）,千円,行政基盤,basic,NEW pref+city,1,1,0,0,0,0000010104,0000020204
D320106,自動車取得税交付金（市町村財政）,千円,行政基盤,basic,NEW pref+city,1,1,0,0,0,0000010104,0000020204
D320107,軽油引取税交付金（市町村財政）,千円,行政基盤,basic,NEW pref+city,1,1,0,0,0,0000010104,0000020204
D320108,地方交付税（市町村財政）,千円,行政基盤,basic,NEW pref+city,1,1,0,0,0,0000010104,0000020204
D320109,交通安全対策特別交付金（市町村財政）,千円,行政基盤,basic,NEW pref+city,1,1,0,0,0,0000010104,0000020204
D320110,分担金及び負担金（市町村財政）,千円,行政基盤,basic,NEW pref+city,1,1,0,0,0,0000010104,0000020204
D320111,使用料（市町村財政）,千円,行政基盤,basic,NEW pref+city,1,1,0,0,0,0000010104,0000020204
D320113,国庫支出金（市町村財政）,千円,行政基盤,basic,NEW pref+city,1,1,0,0,0,0000010104,0000020204
D320115,県支出金（市町村財政）,千円,行政基盤,basic,NEW pref+city,1,1,0,0,0,0000010104,0000020204
D320116,財産収入（市町村財政）,千円,行政基盤,basic,NEW pref+city,1,1,0,0,0,0000010104,0000020204
D320117,寄附金（市町村財政）,千円,行政基盤,basic,NEW pref+city,1,1,0,0,0,0000010104,0000020204
D320118,繰入金（市町村財政）,千円,行政基盤,basic,NEW pref+city,1,1,0,0,0,0000010104,0000020204
D320119,繰越金（市町村財政）,千円,行政基盤,basic,NEW pref+city,1,1,0,0,0,0000010104,0000020204
D320120,諸収入（市町村財政）,千円,行政基盤,basic,NEW pref+city,1,1,0,0,0,0000010104,0000020204
D320121,地方債（市町村財政）,千円,行政基盤,basic,NEW pref+city,1,1,0,0,0,0000010104,0000020204
D320122,地方特例交付金（市町村財政）,千円,行政基盤,basic,NEW pref+city,1,1,0,0,0,0000010104,0000020204
D320123,地方消費税交付金（市町村財政）,千円,行政基盤,basic,NEW pref+city,1,1,0,0,0,0000010104,0000020204
D320124,自動車税環境性能割交付金（市町村財政）,千円,行政基盤,basic,NEW pref+city,1,1,0,0,0,0000010104,0000020204
D3202,自主財源額（市町村財政）,千円,行政基盤,basic,NEW pref+city,1,1,0,0,0,0000010104,0000020204
D3203,歳出決算総額（市町村財政）,千円,行政基盤,basic,NEW pref+city,1,1,0,0,0,0000010104,0000020204
D320301,議会費（市町村財政）,千円,行政基盤,basic,NEW pref+city,1,1,0,0,0,0000010104,0000020204
D320302,総務費（市町村財政）,千円,行政基盤,basic,NEW pref+city,1,1,0,0,0,0000010104,0000020204
D320303,民生費（市町村財政）,千円,行政基盤,basic,NEW pref+city,1,1,0,0,0,0000010104,0000020204
D3203031,社会福祉費（市町村財政）,千円,行政基盤,basic,NEW pref+city,1,1,0,0,0,0000010104,0000020204
D3203032,老人福祉費（市町村財政）,千円,行政基盤,basic,NEW pref+city,1,1,0,0,0,0000010104,0000020204
D3203033,児童福祉費（市町村財政）,千円,行政基盤,basic,NEW pref+city,1,1,0,0,0,0000010104,0000020204
D3203034,生活保護費（市町村財政）,千円,行政基盤,basic,NEW pref+city,1,1,0,0,0,0000010104,0000020204
D3203035,災害救助費（市町村財政）,千円,行政基盤,basic,NEW pref+city,1,1,0,0,0,0000010104,0000020204
D320304,衛生費（市町村財政）,千円,行政基盤,basic,NEW pref+city,1,1,0,0,0,0000010104,0000020204
D3203042,保健衛生費（市町村財政）,千円,行政基盤,basic,NEW pref+city,1,1,0,0,0,0000010104,0000020204
D3203043,保健所費（市町村財政）,千円,行政基盤,basic,NEW pref+city,1,1,0,0,0,0000010104,0000020204
D3203044,清掃費（市町村財政）,千円,行政基盤,basic,NEW pref+city,1,1,0,0,0,0000010104,0000020204
D320305,労働費（市町村財政）,千円,行政基盤,basic,NEW pref+city,1,1,0,0,0,0000010104,0000020204
D3203051,失業対策費（市町村財政）,千円,行政基盤,basic,NEW pref+city,1,1,0,0,0,0000010104,0000020204
D320306,農林水産業費（市町村財政）,千円,行政基盤,basic,NEW pref+city,1,1,0,0,0,0000010104,0000020204
D320307,商工費（市町村財政）,千円,行政基盤,basic,NEW pref+city,1,1,0,0,0,0000010104,0000020204
D320308,土木費（市町村財政）,千円,行政基盤,basic,NEW pref+city,1,1,0,0,0,0000010104,0000020204
D3203082,道路橋りょう費（市町村財政）,千円,行政基盤,basic,NEW pref+city,1,1,0,0,0,0000010104,0000020204
D3203085,都市計画費（市町村財政）,千円,行政基盤,basic,NEW pref+city,1,1,0,0,0,0000010104,0000020204
D3203086,住宅費（市町村財政）,千円,行政基盤,basic,NEW pref+city,1,1,0,0,0,0000010104,0000020204
D320309,消防費（市町村財政）,千円,行政基盤,basic,NEW pref+city,1,1,0,0,0,0000010104,0000020204
D320310,教育費（市町村財政）,千円,行政基盤,basic,NEW pref+city,1,1,0,0,0,0000010104,0000020204
D3203102,小学校費（市町村財政）,千円,行政基盤,basic,NEW pref+city,1,1,0,0,0,0000010104,0000020204
D3203103,中学校費（市町村財政）,千円,行政基盤,basic,NEW pref+city,1,1,0,0,0,0000010104,0000020204
D3203104,高等学校費（市町村財政）,千円,行政基盤,basic,NEW pref+city,1,1,0,0,0,0000010104,0000020204
D3203105,特別支援学校費（市町村財政）,千円,行政基盤,basic,NEW pref+city,1,1,0,0,0,0000010104,0000020204
D3203106,幼稚園費（市町村財政）,千円,行政基盤,basic,NEW pref+city,1,1,0,0,0,0000010104,0000020204
D3203107,社会教育費（市町村財政）,千円,行政基盤,basic,NEW pref+city,1,1,0,0,0,0000010104,0000020204
D3203108,保健体育費（市町村財政）,千円,行政基盤,basic,NEW pref+city,1,1,0,0,0,0000010104,0000020204
D320311,災害復旧費（市町村財政）,千円,行政基盤,basic,NEW pref+city,1,1,0,0,0,0000010104,0000020204
D320312,公債費（市町村財政）（目的別歳出内訳）,千円,行政基盤,basic,NEW pref+city,1,1,0,0,0,0000010104,0000020204
D320401,人件費（市町村財政）,千円,行政基盤,basic,NEW pref+city,1,1,0,0,0,0000010104,0000020204
D320402,物件費（市町村財政）,千円,行政基盤,basic,NEW pref+city,1,1,0,0,0,0000010104,0000020204
D320403,維持補修費（市町村財政）,千円,行政基盤,basic,NEW pref+city,1,1,0,0,0,0000010104,0000020204
D320404,扶助費（市町村財政）,千円,行政基盤,basic,NEW pref+city,1,1,0,0,0,0000010104,0000020204
D320405,補助費等（市町村財政）,千円,行政基盤,basic,NEW pref+city,1,1,0,0,0,0000010104,0000020204
D320406,普通建設事業費（市町村財政）,千円,行政基盤,basic,NEW pref+city,1,1,0,0,0,0000010104,0000020204
D320407,災害復旧事業費（市町村財政）,千円,行政基盤,basic,NEW pref+city,1,1,0,0,0,0000010104,0000020204
D320408,失業対策事業費（市町村財政）,千円,行政基盤,basic,NEW pref+city,1,1,0,0,0,0000010104,0000020204
D320409,公債費（市町村財政）（性質別歳出内訳）,千円,行政基盤,basic,NEW pref+city,1,1,0,0,0,0000010104,0000020204
D320410,積立金（市町村財政）,千円,行政基盤,basic,NEW pref+city,1,1,0,0,0,0000010104,0000020204
D320411,投資及び出資金（市町村財政）,千円,行政基盤,basic,NEW pref+city,1,1,0,0,0,0000010104,0000020204
D320412,貸付金（市町村財政）,千円,行政基盤,basic,NEW pref+city,1,1,0,0,0,0000010104,0000020204
D3205,地方債現在高（市町村財政）,千円,行政基盤,basic,NEW pref+city,1,1,0,0,0,0000010104,0000020204
D420102,市町村民税,千円,行政基盤,basic,NEW pref+city,1,1,0,0,0,0000010104,0000020204
D420202,固定資産税（市町村税）,千円,行政基盤,basic,NEW pref+city,1,1,0,0,0,0000010104,0000020204
D430103,市町村税徴収決定済額,千円,行政基盤,basic,NEW pref+city,1,1,0,0,0,0000010104,0000020204
D430203,市町村税収納済額,千円,行政基盤,basic,NEW pref+city,1,1,0,0,0,0000010104,0000020204
E1101,幼稚園数,園,教育,basic,NEW pref+city,1,1,0,0,0,0000010105,0000020205
E1501,幼稚園在園者数,人,教育,basic,NEW pref+city,1,1,0,0,0,0000010105,0000020205
E2401,小学校教員数,人,教育,basic,NEW pref+city,1,1,0,0,0,0000010105,0000020205
E3401,中学校教員数,人,教育,basic,NEW pref+city,1,1,0,0,0,0000010105,0000020205
E3901,義務教育学校数,校,教育,basic,NEW pref+city,1,1,0,0,0,0000010105,0000020205
E3902,義務教育学校前期課程学級数,学級,教育,basic,NEW pref+city,1,1,0,0,0,0000010105,0000020205
E3903,義務教育学校後期課程学級数,学級,教育,basic,NEW pref+city,1,1,0,0,0,0000010105,0000020205
E3904,義務教育学校教員数,人,教育,basic,NEW pref+city,1,1,0,0,0,0000010105,0000020205
E3905,義務教育学校前期課程児童数,人,教育,basic,NEW pref+city,1,1,0,0,0,0000010105,0000020205
E3906,義務教育学校後期課程生徒数,人,教育,basic,NEW pref+city,1,1,0,0,0,0000010105,0000020205
E4501,高等学校生徒数,人,教育,basic,NEW pref+city,1,1,0,0,0,0000010105,0000020205
E9101,最終学歴人口（卒業者総数）,人,教育,basic,NEW pref+city,1,1,0,0,0,0000010105,0000020205
E9102,最終学歴人口（小学校・中学校）,人,教育,basic,NEW pref+city,1,1,0,0,0,0000010105,0000020205
E9103,最終学歴人口（高校・旧中）,人,教育,basic,NEW pref+city,1,1,0,0,0,0000010105,0000020205
E9105,最終学歴人口（短大・高専）,人,教育,basic,NEW pref+city,1,1,0,0,0,0000010105,0000020205
E9106,最終学歴人口（大学・大学院）,人,教育,basic,NEW pref+city,1,1,0,0,0,0000010105,0000020205
F1101,労働力人口,人,労働,basic,NEW pref+city,1,1,0,0,0,0000010106,0000020206
F110101,労働力人口（男）,人,労働,basic,NEW pref+city,1,1,0,0,0,0000010106,0000020206
F110102,労働力人口（女）,人,労働,basic,NEW pref+city,1,1,0,0,0,0000010106,0000020206
F1102,就業者数,人,労働,basic,NEW pref+city,1,1,0,0,0,0000010106,0000020206
F110201,就業者数（男）,人,労働,basic,NEW pref+city,1,1,0,0,0,0000010106,0000020206
F110202,就業者数（女）,人,労働,basic,NEW pref+city,1,1,0,0,0,0000010106,0000020206
F1103,就業者数・主に仕事,人,労働,basic,NEW pref+city,1,1,0,0,0,0000010106,0000020206
F1104,就業者数・家事のほか仕事,人,労働,basic,NEW pref+city,1,1,0,0,0,0000010106,0000020206
F1105,就業者数・通学のかたわら仕事,人,労働,basic,NEW pref+city,1,1,0,0,0,0000010106,0000020206
F1106,就業者数・休業者,人,労働,basic,NEW pref+city,1,1,0,0,0,0000010106,0000020206
F1107,完全失業者数,人,労働,basic,NEW pref+city,1,1,0,0,0,0000010106,0000020206
F110701,完全失業者数（男）,人,労働,basic,NEW pref+city,1,1,0,0,0,0000010106,0000020206
F110702,完全失業者数（女）,人,労働,basic,NEW pref+city,1,1,0,0,0,0000010106,0000020206
F1108,非労働力人口,人,労働,basic,NEW pref+city,1,1,0,0,0,0000010106,0000020206
F110801,非労働力人口（男）,人,労働,basic,NEW pref+city,1,1,0,0,0,0000010106,0000020206
F110802,非労働力人口（女）,人,労働,basic,NEW pref+city,1,1,0,0,0,0000010106,0000020206
F1109,非労働力人口・家事,人,労働,basic,NEW pref+city,1,1,0,0,0,0000010106,0000020206
F1110,非労働力人口・通学,人,労働,basic,NEW pref+city,1,1,0,0,0,0000010106,0000020206
F1111,非労働力人口・その他,人,労働,basic,NEW pref+city,1,1,0,0,0,0000010106,0000020206
F1301,農林漁業者,人,労働,basic,NEW pref+city,1,1,0,0,0,0000010106,0000020206
F1302,農林漁業雇用者,人,労働,basic,NEW pref+city,1,1,0,0,0,0000010106,0000020206
F1303,会社団体役員,人,労働,basic,NEW pref+city,1,1,0,0,0,0000010106,0000020206
F1304,商店主,人,労働,basic,NEW pref+city,1,1,0,0,0,0000010106,0000020206
F1305,工場主,人,労働,basic,NEW pref+city,1,1,0,0,0,0000010106,0000020206
F1306,サービス・その他の事業主,人,労働,basic,NEW pref+city,1,1,0,0,0,0000010106,0000020206
F1307,専門職業者,人,労働,basic,NEW pref+city,1,1,0,0,0,0000010106,0000020206
F1308,技術者,人,労働,basic,NEW pref+city,1,1,0,0,0,0000010106,0000020206
F1309,教員・宗教家,人,労働,basic,NEW pref+city,1,1,0,0,0,0000010106,0000020206
F1310,文筆家・芸術家・芸能家,人,労働,basic,NEW pref+city,1,1,0,0,0,0000010106,0000020206
F1311,管理職,人,労働,basic,NEW pref+city,1,1,0,0,0,0000010106,0000020206
F1312,事務職,人,労働,basic,NEW pref+city,1,1,0,0,0,0000010106,0000020206
F1313,販売人,人,労働,basic,NEW pref+city,1,1,0,0,0,0000010106,0000020206
F1314,技能者,人,労働,basic,NEW pref+city,1,1,0,0,0,0000010106,0000020206
F1315,労務作業者,人,労働,basic,NEW pref+city,1,1,0,0,0,0000010106,0000020206
F1316,個人サービス人,人,労働,basic,NEW pref+city,1,1,0,0,0,0000010106,0000020206
F1317,保安職,人,労働,basic,NEW pref+city,1,1,0,0,0,0000010106,0000020206
F1318,内職者,人,労働,basic,NEW pref+city,1,1,0,0,0,0000010106,0000020206
F2116,就業者数（65歳以上）,人,労働,basic,NEW pref+city,1,1,0,0,0,0000010106,0000020206
F2201,第1次産業就業者数,人,労働,basic,NEW pref+city,1,1,0,0,0,0000010106,0000020206
F2211,第2次産業就業者数,人,労働,basic,NEW pref+city,1,1,0,0,0,0000010106,0000020206
F2221,第3次産業就業者数,人,労働,basic,NEW pref+city,1,1,0,0,0,0000010106,0000020206
F2401,雇用者数（国勢調査結果）,人,労働,basic,NEW pref+city,1,1,0,0,0,0000010106,0000020206
F2402,役員数,人,労働,basic,NEW pref+city,1,1,0,0,0,0000010106,0000020206
F2403,雇人のある業主数,人,労働,basic,NEW pref+city,1,1,0,0,0,0000010106,0000020206
F2404,雇人のない業主数,人,労働,basic,NEW pref+city,1,1,0,0,0,0000010106,0000020206
F2405,家族従業者数（国勢調査結果）,人,労働,basic,NEW pref+city,1,1,0,0,0,0000010106,0000020206
F2406,自営業主及び家族従業者数,人,労働,basic,NEW pref+city,1,1,0,0,0,0000010106,0000020206
F2409,雇用者数（正規の職員・従業員）,人,労働,basic,NEW pref+city,1,1,0,0,0,0000010106,0000020206
F2410,雇用者数（労働者派遣事業所の派遣社員）,人,労働,basic,NEW pref+city,1,1,0,0,0,0000010106,0000020206
F2411,雇用者数（パート・アルバイト・その他）,人,労働,basic,NEW pref+city,1,1,0,0,0,0000010106,0000020206
F2701,自市区町村で従業している就業者数,人,労働,basic,NEW pref+city,1,1,0,0,0,0000010106,0000020206
F270101,自市区町村で従業している就業者数（男）,人,労働,basic,NEW pref+city,1,1,0,0,0,0000010106,0000020206
F270102,自市区町村で従業している就業者数（女）,人,労働,basic,NEW pref+city,1,1,0,0,0,0000010106,0000020206
F2702,県内他市区町村で従業している就業者数,人,労働,basic,NEW pref+city,1,1,0,0,0,0000010106,0000020206
F270201,県内他市区町村で従業している就業者数（男）,人,労働,basic,NEW pref+city,1,1,0,0,0,0000010106,0000020206
F270202,県内他市区町村で従業している就業者数（女）,人,労働,basic,NEW pref+city,1,1,0,0,0,0000010106,0000020206
F2703,他県で従業している就業者数,人,労働,basic,NEW pref+city,1,1,0,0,0,0000010106,0000020206
F270301,他県で従業している就業者数（男）,人,労働,basic,NEW pref+city,1,1,0,0,0,0000010106,0000020206
F270302,他県で従業している就業者数（女）,人,労働,basic,NEW pref+city,1,1,0,0,0,0000010106,0000020206
F2705,他市区町村への通勤者数,人,労働,basic,NEW pref+city,1,1,0,0,0,0000010106,0000020206
F270501,他市区町村への通勤者数（男）,人,労働,basic,NEW pref+city,1,1,0,0,0,0000010106,0000020206
F270502,他市区町村への通勤者数（女）,人,労働,basic,NEW pref+city,1,1,0,0,0,0000010106,0000020206
F2801,従業地による就業者数,人,労働,basic,NEW pref+city,1,1,0,0,0,0000010106,0000020206
F2802,他県に常住している就業者数,人,労働,basic,NEW pref+city,1,1,0,0,0,0000010106,0000020206
F2803,他市区町村からの通勤者数,人,労働,basic,NEW pref+city,1,1,0,0,0,0000010106,0000020206
G1201,公民館数,館,文化・スポーツ,basic,NEW pref+city,1,1,0,0,0,0000010107,0000020207
G1401,図書館数,館,文化・スポーツ,basic,NEW pref+city,1,1,0,0,0,0000010107,0000020207
H1100,総住宅数,戸,居住,basic,NEW pref+city,1,1,0,0,0,0000010108,0000020208
H1101,居住世帯あり住宅数,戸,居住,basic,NEW pref+city,1,1,0,0,0,0000010108,0000020208
H1102,居住世帯なし住宅数,戸,居住,basic,NEW pref+city,1,1,0,0,0,0000010108,0000020208
H110201,一時現在者のみ住宅数,戸,居住,basic,NEW pref+city,1,1,0,0,0,0000010108,0000020208
H110202,空き家数,戸,居住,basic,NEW pref+city,1,1,0,0,0,0000010108,0000020208
H110203,建築中住宅数,戸,居住,basic,NEW pref+city,1,1,0,0,0,0000010108,0000020208
H1201,専用住宅数,戸,居住,basic,NEW pref+city,1,1,0,0,0,0000010108,0000020208
H1203,店舗その他の併用住宅数,戸,居住,basic,NEW pref+city,1,1,0,0,0,0000010108,0000020208
H1310,持ち家数,戸,居住,basic,NEW pref+city,1,1,0,0,0,0000010108,0000020208
H1320,借家数,戸,居住,basic,NEW pref+city,1,1,0,0,0,0000010108,0000020208
H1321,公営・都市再生機構（ＵＲ）・公社の借家数,戸,居住,basic,NEW pref+city,1,1,0,0,0,0000010108,0000020208
H132101,公営の借家数,戸,居住,basic,NEW pref+city,1,1,0,0,0,0000010108,0000020208
H132102,都市再生機構（ＵＲ）・公社の借家数,戸,居住,basic,NEW pref+city,1,1,0,0,0,0000010108,0000020208
H1322,民営借家数,戸,居住,basic,NEW pref+city,1,1,0,0,0,0000010108,0000020208
H1323,給与住宅数,戸,居住,basic,NEW pref+city,1,1,0,0,0,0000010108,0000020208
H1401,一戸建住宅数,戸,居住,basic,NEW pref+city,1,1,0,0,0,0000010108,0000020208
H140101,一戸建住宅数（木造）,戸,居住,basic,NEW pref+city,1,1,0,0,0,0000010108,0000020208
H140102,一戸建住宅数（非木造）,戸,居住,basic,NEW pref+city,1,1,0,0,0,0000010108,0000020208
H1402,長屋建住宅数,戸,居住,basic,NEW pref+city,1,1,0,0,0,0000010108,0000020208
H140201,長屋建住宅数（木造）,戸,居住,basic,NEW pref+city,1,1,0,0,0,0000010108,0000020208
H140202,長屋建住宅数（非木造）,戸,居住,basic,NEW pref+city,1,1,0,0,0,0000010108,0000020208
H1403,共同住宅数,戸,居住,basic,NEW pref+city,1,1,0,0,0,0000010108,0000020208
H140301,共同住宅数（木造）,戸,居住,basic,NEW pref+city,1,1,0,0,0,0000010108,0000020208
H140302,共同住宅数（非木造）,戸,居住,basic,NEW pref+city,1,1,0,0,0,0000010108,0000020208
H140330,高齢者対応型共同住宅数,戸,居住,basic,NEW pref+city,1,1,0,0,0,0000010108,0000020208
H1404,その他の建て方住宅数,戸,居住,basic,NEW pref+city,1,1,0,0,0,0000010108,0000020208
H1501,木造住宅数,戸,居住,basic,NEW pref+city,1,1,0,0,0,0000010108,0000020208
H150101,木造（防火木造を除く）住宅数,戸,居住,basic,NEW pref+city,1,1,0,0,0,0000010108,0000020208
H150102,防火木造住宅数,戸,居住,basic,NEW pref+city,1,1,0,0,0,0000010108,0000020208
H1502,非木造住宅数,戸,居住,basic,NEW pref+city,1,1,0,0,0,0000010108,0000020208
H1504,鉄筋・鉄骨コンクリート造住宅数,戸,居住,basic,NEW pref+city,1,1,0,0,0,0000010108,0000020208
H1505,その他の構造住宅数,戸,居住,basic,NEW pref+city,1,1,0,0,0,0000010108,0000020208
H1506,鉄骨造住宅数,戸,居住,basic,NEW pref+city,1,1,0,0,0,0000010108,0000020208
H1604,1951～1960年建築住宅数,住宅,居住,basic,NEW pref+city,1,1,0,0,0,0000010108,0000020208
H1605,1961～1970年建築住宅数,住宅,居住,basic,NEW pref+city,1,1,0,0,0,0000010108,0000020208
H1612,1971～1980年建築住宅数,戸,居住,basic,NEW pref+city,1,1,0,0,0,0000010108,0000020208
H1613,1981～1990年建築住宅数,戸,居住,basic,NEW pref+city,1,1,0,0,0,0000010108,0000020208
H1615,1960年以前建築住宅数,住宅,居住,basic,NEW pref+city,1,1,0,0,0,0000010108,0000020208
H1616,1970年以前建築住宅数,戸,居住,basic,NEW pref+city,1,1,0,0,0,0000010108,0000020208
H1619,1991～2000年建築住宅数,戸,居住,basic,NEW pref+city,1,1,0,0,0,0000010108,0000020208
H1620,2001～2005年建築住宅数,戸,居住,basic,NEW pref+city,1,1,0,0,0,0000010108,0000020208
H1621,2006～2008年9月建築住宅数,住宅,居住,basic,NEW pref+city,1,1,0,0,0,0000010108,0000020208
H1622,2006～2010年建築住宅数,戸,居住,basic,NEW pref+city,1,1,0,0,0,0000010108,0000020208
H1623,2011～2013年9月建築住宅数,住宅,居住,basic,NEW pref+city,1,1,0,0,0,0000010108,0000020208
H1624,2011～2015年建築住宅数,戸,居住,basic,NEW pref+city,1,1,0,0,0,0000010108,0000020208
H1625,2016～2018年9月建築住宅数,戸,居住,basic,NEW pref+city,1,1,0,0,0,0000010108,0000020208
H1626,2016～2020年建築住宅数,戸,居住,basic,NEW pref+city,1,1,0,0,0,0000010108,0000020208
H1627,2021～2023年9月建築住宅数,戸,居住,basic,NEW pref+city,1,1,0,0,0,0000010108,0000020208
H1804,着工新設給与住宅数,戸・件,居住,basic,NEW pref+city,1,1,0,0,0,0000010108,0000020208
H1810,着工新設持家・分譲住宅数,戸・件,居住,basic,NEW pref+city,1,1,0,0,0,0000010108,0000020208
H2101,居住室の畳数5.9畳以下住宅数,戸,居住,basic,NEW pref+city,1,1,0,0,0,0000010108,0000020208
H2102,居住室の畳数6.0～11.9畳住宅数,戸,居住,basic,NEW pref+city,1,1,0,0,0,0000010108,0000020208
H2103,居住室の畳数12.0～17.9畳住宅数,戸,居住,basic,NEW pref+city,1,1,0,0,0,0000010108,0000020208
H2104,居住室の畳数18.0～23.9畳住宅数,戸,居住,basic,NEW pref+city,1,1,0,0,0,0000010108,0000020208
H2105,居住室の畳数24.0～29.9畳住宅数,戸,居住,basic,NEW pref+city,1,1,0,0,0,0000010108,0000020208
H2106,居住室の畳数30.0～35.9畳住宅数,戸,居住,basic,NEW pref+city,1,1,0,0,0,0000010108,0000020208
H2107,居住室の畳数36.0～47.9畳住宅数,戸,居住,basic,NEW pref+city,1,1,0,0,0,0000010108,0000020208
H2108,居住室の畳数48.0畳以上住宅数,戸,居住,basic,NEW pref+city,1,1,0,0,0,0000010108,0000020208
H2110,1住宅当たり居住室数,室,居住,basic,NEW pref+city,1,1,0,0,0,0000010108,0000020208
H211010,1住宅当たり居住室数（持ち家）,室,居住,basic,NEW pref+city,1,1,0,0,0,0000010108,0000020208
H211020,1住宅当たり居住室数（借家）,室,居住,basic,NEW pref+city,1,1,0,0,0,0000010108,0000020208
H2120,1住宅当たり居住室の畳数,畳,居住,basic,NEW pref+city,1,1,0,0,0,0000010108,0000020208
H212010,1住宅当たり居住室の畳数（持ち家）,畳,居住,basic,NEW pref+city,1,1,0,0,0,0000010108,0000020208
H212020,1住宅当たり居住室の畳数（借家）,畳,居住,basic,NEW pref+city,1,1,0,0,0,0000010108,0000020208
H2130,1住宅当たり延べ面積,ｍ2,居住,basic,NEW pref+city,1,1,0,0,0,0000010108,0000020208
H213010,1住宅当たり延べ面積（持ち家）,ｍ2,居住,basic,NEW pref+city,1,1,0,0,0,0000010108,0000020208
H213020,1住宅当たり延べ面積（借家）,ｍ2,居住,basic,NEW pref+city,1,1,0,0,0,0000010108,0000020208
H2201,水洗トイレのある住宅数,住宅,居住,basic,NEW pref+city,1,1,0,0,0,0000010108,0000020208
H2230,高齢者等用設備住宅数,戸,居住,basic,NEW pref+city,1,1,0,0,0,0000010108,0000020208
H2250,自動火災感知設備あり住宅数,住宅,居住,basic,NEW pref+city,1,1,0,0,0,0000010108,0000020208
H227004,2009年以降における住宅の耐震改修工事をした持ち家総数,住宅,居住,basic,NEW pref+city,1,1,0,0,0,0000010108,0000020208
H227005,2014年以降における住宅の耐震改修工事をした持ち家総数,戸,居住,basic,NEW pref+city,1,1,0,0,0,0000010108,0000020208
H2280,太陽熱を利用した温水機器等のある住宅数,戸,居住,basic,NEW pref+city,1,1,0,0,0,0000010108,0000020208
H2282,二重以上のサッシ又は複層ガラスの窓のある住宅数,戸,居住,basic,NEW pref+city,1,1,0,0,0,0000010108,0000020208
H2283,オートロック式の共同住宅に住む普通世帯数,世帯,居住,basic,NEW pref+city,1,1,0,0,0,0000010108,0000020208
H2284,オートロック式の共同住宅に住む主世帯数,世帯,居住,basic,NEW pref+city,1,1,0,0,0,0000010108,0000020208
H2500,着工居住用建築物床面積,ｍ2,居住,basic,NEW pref+city,1,1,0,0,0,0000010108,0000020208
H2601,着工新設持家床面積,ｍ2,居住,basic,NEW pref+city,1,1,0,0,0,0000010108,0000020208
H2602,着工新設分譲住宅床面積,ｍ2,居住,basic,NEW pref+city,1,1,0,0,0,0000010108,0000020208
H2603,着工新設貸家床面積,ｍ2,居住,basic,NEW pref+city,1,1,0,0,0,0000010108,0000020208
H2604,着工新設給与住宅床面積,ｍ2,居住,basic,NEW pref+city,1,1,0,0,0,0000010108,0000020208
H2900,最寄りの保育所までの距離が100ｍ未満の住宅数,住宅,居住,basic,NEW pref+city,1,1,0,0,0,0000010108,0000020208
H2901,最寄りの保育所までの距離が100～200ｍ未満の住宅数,住宅,居住,basic,NEW pref+city,1,1,0,0,0,0000010108,0000020208
H2902,最寄りの保育所までの距離が200～500ｍ未満の住宅数,住宅,居住,basic,NEW pref+city,1,1,0,0,0,0000010108,0000020208
H2903,最寄りの保育所までの距離が500～1000ｍ未満の住宅数,住宅,居住,basic,NEW pref+city,1,1,0,0,0,0000010108,0000020208
H2904,最寄りの保育所までの距離が1000ｍ以上の住宅数,住宅,居住,basic,NEW pref+city,1,1,0,0,0,0000010108,0000020208
H2905,最寄りの保育所までの距離が100m未満の住宅に住んでいる普通世帯数,世帯,居住,basic,NEW pref+city,1,1,0,0,0,0000010108,0000020208
H2906,最寄りの保育所までの距離が100～200m未満の住宅に住んでいる普通世帯数,世帯,居住,basic,NEW pref+city,1,1,0,0,0,0000010108,0000020208
H2907,最寄りの保育所までの距離が200～500m未満の住宅に住んでいる普通世帯数,世帯,居住,basic,NEW pref+city,1,1,0,0,0,0000010108,0000020208
H2908,最寄りの保育所までの距離が500～1000m未満の住宅に住んでいる普通世帯数,世帯,居住,basic,NEW pref+city,1,1,0,0,0,0000010108,0000020208
H2909,最寄りの保育所までの距離が1000m以上の住宅に住んでいる普通世帯数,世帯,居住,basic,NEW pref+city,1,1,0,0,0,0000010108,0000020208
H2910,最寄りの老人デイサービスセンターまでの距離が250ｍ未満の住宅数,住宅,居住,basic,NEW pref+city,1,1,0,0,0,0000010108,0000020208
H2911,最寄りの老人デイサービスセンターまでの距離が250～500ｍ未満の住宅数,住宅,居住,basic,NEW pref+city,1,1,0,0,0,0000010108,0000020208
H2912,最寄りの老人デイサービスセンターまでの距離が500～1000ｍ未満の住宅数,住宅,居住,basic,NEW pref+city,1,1,0,0,0,0000010108,0000020208
H2913,最寄りの老人デイサービスセンターまでの距離が1000～2000ｍ未満の住宅数,住宅,居住,basic,NEW pref+city,1,1,0,0,0,0000010108,0000020208
H2914,最寄りの老人デイサービスセンターまでの距離が2000ｍ以上の住宅数,住宅,居住,basic,NEW pref+city,1,1,0,0,0,0000010108,0000020208
H2915,最寄りの老人デイサービスセンターまでの距離が250m未満の住宅に住んでいる普通世帯数,世帯,居住,basic,NEW pref+city,1,1,0,0,0,0000010108,0000020208
H2916,最寄りの老人デイサービスセンターまでの距離が250～500m未満の住宅に住んでいる普通世帯数,世帯,居住,basic,NEW pref+city,1,1,0,0,0,0000010108,0000020208
H2917,最寄りの老人デイサービスセンターまでの距離が500～1000m未満の住宅に住んでいる普通世帯数,世帯,居住,basic,NEW pref+city,1,1,0,0,0,0000010108,0000020208
H2918,最寄りの老人デイサービスセンターまでの距離が1000～2000m未満の住宅に住んでいる普通世帯数,世帯,居住,basic,NEW pref+city,1,1,0,0,0,0000010108,0000020208
H2919,最寄りの老人デイサービスセンターまでの距離が2000m以上の住宅に住んでいる普通世帯数,世帯,居住,basic,NEW pref+city,1,1,0,0,0,0000010108,0000020208
H3100,総世帯数,世帯,居住,basic,NEW pref+city,1,1,0,0,0,0000010108,0000020208
H3110,普通世帯数,世帯,居住,basic,NEW pref+city,1,1,0,0,0,0000010108,0000020208
H3111,主世帯数（住宅・土地統計調査結果）,世帯,居住,basic,NEW pref+city,1,1,0,0,0,0000010108,0000020208
H311110,65歳以上の世帯員のいる主世帯数（住宅・土地統計調査結果）,世帯,居住,basic,NEW pref+city,1,1,0,0,0,0000010108,0000020208
H3120,準世帯数,世帯,居住,basic,NEW pref+city,1,1,0,0,0,0000010108,0000020208
H3210,住宅に住む一般世帯数,世帯,居住,basic,NEW pref+city,1,1,0,0,0,0000010108,0000020208
H3211,主世帯数（一般世帯）（国勢調査結果）,世帯,居住,basic,NEW pref+city,1,1,0,0,0,0000010108,0000020208
H3220,住宅以外に住む一般世帯数,世帯,居住,basic,NEW pref+city,1,1,0,0,0,0000010108,0000020208
H3300,総世帯人員,人,居住,basic,NEW pref+city,1,1,0,0,0,0000010108,0000020208
H3310,普通世帯人員,人,居住,basic,NEW pref+city,1,1,0,0,0,0000010108,0000020208
H3311,主世帯人員（住宅・土地統計調査結果）,人,居住,basic,NEW pref+city,1,1,0,0,0,0000010108,0000020208
H3312,住宅に同居の普通世帯人員,人,居住,basic,NEW pref+city,1,1,0,0,0,0000010108,0000020208
H3313,住宅以外の建物に居住の普通世帯人員,人,居住,basic,NEW pref+city,1,1,0,0,0,0000010108,0000020208
H3314,住宅以外の建物に居住の世帯人員,人,居住,basic,NEW pref+city,1,1,0,0,0,0000010108,0000020208
H3320,準世帯人員,人,居住,basic,NEW pref+city,1,1,0,0,0,0000010108,0000020208
H3410,住宅に住む一般世帯人員,人,居住,basic,NEW pref+city,1,1,0,0,0,0000010108,0000020208
H3411,主世帯人員（一般世帯）（国勢調査結果）,人,居住,basic,NEW pref+city,1,1,0,0,0,0000010108,0000020208
H3420,住宅以外に住む一般世帯人員,人,居住,basic,NEW pref+city,1,1,0,0,0,0000010108,0000020208
H3510,1世帯当たり居住室数（普通世帯）,室,居住,basic,NEW pref+city,1,1,0,0,0,0000010108,0000020208
H3511,1世帯当たり居住室数（主世帯）,室,居住,basic,NEW pref+city,1,1,0,0,0,0000010108,0000020208
H351101,1世帯当たり居住室数（持ち家・主世帯）,室,居住,basic,NEW pref+city,1,1,0,0,0,0000010108,0000020208
H351102,1世帯当たり居住室数（借家・主世帯）,室,居住,basic,NEW pref+city,1,1,0,0,0,0000010108,0000020208
H3520,1世帯当たり畳数（普通世帯）,畳,居住,basic,NEW pref+city,1,1,0,0,0,0000010108,0000020208
H3521,1世帯当たり畳数（主世帯）,畳,居住,basic,NEW pref+city,1,1,0,0,0,0000010108,0000020208
H352101,1世帯当たり畳数（持ち家・主世帯）,畳,居住,basic,NEW pref+city,1,1,0,0,0,0000010108,0000020208
H352102,1世帯当たり畳数（借家・主世帯）,畳,居住,basic,NEW pref+city,1,1,0,0,0,0000010108,0000020208
H3730,最低居住面積水準以上の主世帯数,世帯,居住,basic,NEW pref+city,1,1,0,0,0,0000010108,0000020208
H3740,誘導居住面積水準以上の主世帯数,世帯,居住,basic,NEW pref+city,1,1,0,0,0,0000010108,0000020208
H4104,専用住宅の1畳当たり家賃,円,居住,basic,NEW pref+city,1,1,0,0,0,0000010108,0000020208
H5507,総人口（非水洗化人口＋水洗化人口）,人,居住,basic,NEW pref+city,1,1,0,0,0,0000010108,0000020208
H550701,非水洗化人口,人,居住,basic,NEW pref+city,1,1,0,0,0,0000010108,0000020208
H5508,水洗化率（浄化槽人口）,％,居住,basic,NEW pref+city,1,1,0,0,0,0000010108,0000020208
H5509,し尿処理量（し尿＋浄化槽汚泥＋自家処理量）,ｋｌ,居住,basic,NEW pref+city,1,1,0,0,0,0000010108,0000020208
H560901,ごみ総排出量（計画収集量）,ｔ,居住,basic,NEW pref+city,1,1,0,0,0,0000010108,0000020208
H560902,ごみ総排出量（直接搬入量）,ｔ,居住,basic,NEW pref+city,1,1,0,0,0,0000010108,0000020208
H560903,ごみ総排出量（自家処理量）,ｔ,居住,basic,NEW pref+city,1,1,0,0,0,0000010108,0000020208
H560904,ごみ総排出量（集団回収量）,ｔ,居住,basic,NEW pref+city,1,1,0,0,0,0000010108,0000020208
H5610,1人1日当たりの排出量,ｇ/人日,居住,basic,NEW pref+city,1,1,0,0,0,0000010108,0000020208
H5612,ごみ処理量（総量）,ｔ,居住,basic,NEW pref+city,1,1,0,0,0,0000010108,0000020208
H561201,ごみ処理量（直接資源化）,ｔ,居住,basic,NEW pref+city,1,1,0,0,0,0000010108,0000020208
H5613,中間処理後再生利用量,ｔ,居住,basic,NEW pref+city,1,1,0,0,0,0000010108,0000020208
H5614,ごみのリサイクル率,％,居住,basic,NEW pref+city,1,1,0,0,0,0000010108,0000020208
H6101,小売店数（事業所・企業統計調査結果）,事業所,居住,basic,NEW pref+city,1,1,0,0,0,0000010108,0000020208
H6102,飲食店数（事業所・企業統計調査結果）,事業所,居住,basic,NEW pref+city,1,1,0,0,0,0000010108,0000020208
H6103,大型小売店数（事業所・企業統計調査結果）,事業所,居住,basic,NEW pref+city,1,1,0,0,0,0000010108,0000020208
H6104,百貨店、総合スーパー数（事業所・企業統計調査結果）,事業所,居住,basic,NEW pref+city,1,1,0,0,0,0000010108,0000020208
H613001,各種商品小売店数,事業所,居住,basic,NEW pref+city,1,1,0,0,0,0000010108,0000020208
H613002,織物・衣服・身の回り品小売店数（経済センサス‐基礎調査及び活動調査結果）,事業所,居住,basic,NEW pref+city,1,1,0,0,0,0000010108,0000020208
H613003,飲食料品小売店数（経済センサス-基礎調査結果）,事業所,居住,basic,NEW pref+city,1,1,0,0,0,0000010108,0000020208
H613004,機械器具小売店数,事業所,居住,basic,NEW pref+city,1,1,0,0,0,0000010108,0000020208
H613005,その他の小売店数,事業所,居住,basic,NEW pref+city,1,1,0,0,0,0000010108,0000020208
H613006,無店舗小売店数,事業所,居住,basic,NEW pref+city,1,1,0,0,0,0000010108,0000020208
H6131,飲食店数（経済センサス-基礎調査結果）,事業所,居住,basic,NEW pref+city,1,1,0,0,0,0000010108,0000020208
H6132,大型小売店数（経済センサス‐基礎調査及び活動調査結果）,事業所,居住,basic,NEW pref+city,1,1,0,0,0,0000010108,0000020208
H6201,小売業売場面積,ｍ2,居住,basic,NEW pref+city,1,1,0,0,0,0000010108,0000020208
H720901,原動機付自転車台数（50ｃｃ以下）,台,居住,basic,NEW pref+city,1,1,0,0,0,0000010108,0000020208
H720902,原動機付自転車台数（50ｃｃ超90ｃｃ以下）,台,居住,basic,NEW pref+city,1,1,0,0,0,0000010108,0000020208
H720903,原動機付自転車台数（90ｃｃ超）,台,居住,basic,NEW pref+city,1,1,0,0,0,0000010108,0000020208
H720904,原動機付自転車台数（ミニカー）,台,居住,basic,NEW pref+city,1,1,0,0,0,0000010108,0000020208
H7210,軽自動車及び小型特殊自動車台数,台,居住,basic,NEW pref+city,1,1,0,0,0,0000010108,0000020208
H721001,二輪車台数（側車付のものを含む）,台,居住,basic,NEW pref+city,1,1,0,0,0,0000010108,0000020208
H721002,三輪車台数,台,居住,basic,NEW pref+city,1,1,0,0,0,0000010108,0000020208
H730104,自宅外通勤・通学者数（勤め先・学校のバス）,人,居住,basic,NEW pref+city,1,1,0,0,0,0000010108,0000020208
H730108,自宅外通勤・通学者数（利用交通手段が2種類）,人,居住,basic,NEW pref+city,1,1,0,0,0,0000010108,0000020208
H730109,自宅外通勤・通学者数（利用交通手段が3種類以上）,人,居住,basic,NEW pref+city,1,1,0,0,0,0000010108,0000020208
H730112,自宅外通勤・通学者数（ハイヤー・タクシー）,人,居住,basic,NEW pref+city,1,1,0,0,0,0000010108,0000020208
H730113,自宅外通勤・通学者数（その他）,人,居住,basic,NEW pref+city,1,1,0,0,0,0000010108,0000020208
H7302,自市区町村内通勤・通学者数,人,居住,basic,NEW pref+city,1,1,0,0,0,0000010108,0000020208
H7303,県内他市区町村への通勤・通学者数,人,居住,basic,NEW pref+city,1,1,0,0,0,0000010108,0000020208
H7304,他県への通勤・通学者数,人,居住,basic,NEW pref+city,1,1,0,0,0,0000010108,0000020208
H7401,家計を主に支える者が雇用者である普通世帯数,世帯,居住,basic,NEW pref+city,1,1,0,0,0,0000010108,0000020208
H740101,家計を主に支える者が雇用者である普通世帯数（通勤時間30分未満）,世帯,居住,basic,NEW pref+city,1,1,0,0,0,0000010108,0000020208
H740102,家計を主に支える者が雇用者である普通世帯数（通勤時間30～60分未満）,世帯,居住,basic,NEW pref+city,1,1,0,0,0,0000010108,0000020208
H740103,家計を主に支える者が雇用者である普通世帯数（通勤時間60～90分未満）,世帯,居住,basic,NEW pref+city,1,1,0,0,0,0000010108,0000020208
H740104,家計を主に支える者が雇用者である普通世帯数（通勤時間90分以上）,世帯,居住,basic,NEW pref+city,1,1,0,0,0,0000010108,0000020208
H7405,家計を主に支える者が雇用者である主世帯数,世帯,居住,basic,NEW pref+city,1,1,0,0,0,0000010108,0000020208
H740501,家計を主に支える者が雇用者である主世帯数（通勤時間30分未満）,世帯,居住,basic,NEW pref+city,1,1,0,0,0,0000010108,0000020208
H740502,家計を主に支える者が雇用者である主世帯数（通勤時間30分～1時間未満）,世帯,居住,basic,NEW pref+city,1,1,0,0,0,0000010108,0000020208
H740503,家計を主に支える者が雇用者である主世帯数（通勤時間1時間～1時間30分未満）,世帯,居住,basic,NEW pref+city,1,1,0,0,0,0000010108,0000020208
H740504,家計を主に支える者が雇用者である主世帯数（通勤時間1時間30分以上）,世帯,居住,basic,NEW pref+city,1,1,0,0,0,0000010108,0000020208
H7701,テレビ放送受信契約数,‐,居住,basic,NEW pref+city,1,1,0,0,0,0000010108,0000020208
H770101,衛星放送受信契約数,‐,居住,basic,NEW pref+city,1,1,0,0,0,0000010108,0000020208
H8102,市街化調整区域面積,ｈａ,居住,basic,NEW pref+city,1,1,0,0,0,0000010108,0000020208
H8103,市街化区域面積,ｈａ,居住,basic,NEW pref+city,1,1,0,0,0,0000010108,0000020208
H8104,用途地域面積,ｈａ,居住,basic,NEW pref+city,1,1,0,0,0,0000010108,0000020208
H810401,住居専用地域面積,ｈａ,居住,basic,NEW pref+city,1,1,0,0,0,0000010108,0000020208
H810402,住居地域面積,ｈａ,居住,basic,NEW pref+city,1,1,0,0,0,0000010108,0000020208
H810403,近隣商業地域面積,ｈａ,居住,basic,NEW pref+city,1,1,0,0,0,0000010108,0000020208
H810404,商業地域面積,ｈａ,居住,basic,NEW pref+city,1,1,0,0,0,0000010108,0000020208
H810405,準工業地域面積,ｈａ,居住,basic,NEW pref+city,1,1,0,0,0,0000010108,0000020208
H810406,工業地域面積,ｈａ,居住,basic,NEW pref+city,1,1,0,0,0,0000010108,0000020208
H810407,工業専用地域面積,ｈａ,居住,basic,NEW pref+city,1,1,0,0,0,0000010108,0000020208
H810408,商業・近隣商業地域面積,ｈａ,居住,basic,NEW pref+city,1,1,0,0,0,0000010108,0000020208
H810409,工業・準工業地域面積,ｈａ,居住,basic,NEW pref+city,1,1,0,0,0,0000010108,0000020208
I1101,平均余命（0歳）（男）,年,健康・医療,basic,NEW pref+city,1,1,0,0,0,0000010109,0000020209
I1102,平均余命（0歳）（女）,年,健康・医療,basic,NEW pref+city,1,1,0,0,0,0000010109,0000020209
I5101,病院数,施設,健康・医療,basic,NEW pref+city,1,1,0,0,0,0000010109,0000020209
I510150,療養病床を有する病院数,施設,健康・医療,basic,NEW pref+city,1,1,0,0,0,0000010109,0000020209
I510201,有床一般診療所数,施設,健康・医療,basic,NEW pref+city,1,1,0,0,0,0000010109,0000020209
I5211,病院病床数,床,健康・医療,basic,NEW pref+city,1,1,0,0,0,0000010109,0000020209
I5212,一般診療所病床数,床,健康・医療,basic,NEW pref+city,1,1,0,0,0,0000010109,0000020209
I5501,介護老人保健施設数（詳細票）,所,健康・医療,basic,NEW pref+city,1,1,0,0,0,0000010109,0000020209
I5502,介護老人保健施設定員数（詳細票）,人,健康・医療,basic,NEW pref+city,1,1,0,0,0,0000010109,0000020209
I5511,介護老人保健施設数（基本票）,所,健康・医療,basic,NEW pref+city,1,1,0,0,0,0000010109,0000020209
I5512,介護老人保健施設定員数（基本票）,人,健康・医療,basic,NEW pref+city,1,1,0,0,0,0000010109,0000020209
I6101,医療施設医師数,人,健康・医療,basic,NEW pref+city,1,1,0,0,0,0000010109,0000020209
I6201,医療施設歯科医師数,人,健康・医療,basic,NEW pref+city,1,1,0,0,0,0000010109,0000020209
I6310,薬局・医療施設薬剤師数,人,健康・医療,basic,NEW pref+city,1,1,0,0,0,0000010109,0000020209
J2201,保護施設数（詳細票）（医療保護施設を除く）,所,福祉・社会保障,basic,NEW pref+city,1,1,0,0,0,0000010110,0000020210
J2221,保護施設数（基本票）（医療保護施設を除く）,所,福祉・社会保障,basic,NEW pref+city,1,1,0,0,0,0000010110,0000020210
J2301,老人福祉施設数（詳細票）,所,福祉・社会保障,basic,NEW pref+city,1,1,0,0,0,0000010110,0000020210
J230111,養護老人ホーム数（詳細票）,所,福祉・社会保障,basic,NEW pref+city,1,1,0,0,0,0000010110,0000020210
J230112,養護老人ホーム定員数（詳細票）,人,福祉・社会保障,basic,NEW pref+city,1,1,0,0,0,0000010110,0000020210
J230113,養護老人ホーム在所者数（詳細票）,人,福祉・社会保障,basic,NEW pref+city,1,1,0,0,0,0000010110,0000020210
J230121,介護老人福祉施設数（詳細票）,所,福祉・社会保障,basic,NEW pref+city,1,1,0,0,0,0000010110,0000020210
J230124,介護老人福祉施設定員数（詳細票）,人,福祉・社会保障,basic,NEW pref+city,1,1,0,0,0,0000010110,0000020210
J230127,介護老人福祉施設数（基本票）,所,福祉・社会保障,basic,NEW pref+city,1,1,0,0,0,0000010110,0000020210
J230128,介護老人福祉施設定員数（基本票）,人,福祉・社会保障,basic,NEW pref+city,1,1,0,0,0,0000010110,0000020210
J230131,軽費老人ホーム数（詳細票）,所,福祉・社会保障,basic,NEW pref+city,1,1,0,0,0,0000010110,0000020210
J230132,軽費老人ホーム定員数（詳細票）,人,福祉・社会保障,basic,NEW pref+city,1,1,0,0,0,0000010110,0000020210
J230133,軽費老人ホーム在所者数（詳細票）,人,福祉・社会保障,basic,NEW pref+city,1,1,0,0,0,0000010110,0000020210
J230141,老人福祉センター数,所,福祉・社会保障,basic,NEW pref+city,1,1,0,0,0,0000010110,0000020210
J230191,老人介護支援センター数,所,福祉・社会保障,basic,NEW pref+city,1,1,0,0,0,0000010110,0000020210
J230211,老人憩の家数,所,福祉・社会保障,basic,NEW pref+city,1,1,0,0,0,0000010110,0000020210
J230221,有料老人ホーム数（詳細票）,所,福祉・社会保障,basic,NEW pref+city,1,1,0,0,0,0000010110,0000020210
J230222,有料老人ホーム定員数（詳細票）,人,福祉・社会保障,basic,NEW pref+city,1,1,0,0,0,0000010110,0000020210
J230223,有料老人ホーム在所者数（詳細票）,人,福祉・社会保障,basic,NEW pref+city,1,1,0,0,0,0000010110,0000020210
J2303,その他の社会福祉施設等数,所,福祉・社会保障,basic,NEW pref+city,1,1,0,0,0,0000010110,0000020210
J2304,老人福祉施設数（基本票）,所,福祉・社会保障,basic,NEW pref+city,1,1,0,0,0,0000010110,0000020210
J230411,養護老人ホーム数（基本票）,所,福祉・社会保障,basic,NEW pref+city,1,1,0,0,0,0000010110,0000020210
J230412,養護老人ホーム定員数（基本票）,人,福祉・社会保障,basic,NEW pref+city,1,1,0,0,0,0000010110,0000020210
J230421,有料老人ホーム数（基本票）,所,福祉・社会保障,basic,NEW pref+city,1,1,0,0,0,0000010110,0000020210
J230422,有料老人ホーム定員数（基本票）,人,福祉・社会保障,basic,NEW pref+city,1,1,0,0,0,0000010110,0000020210
J230431,軽費老人ホーム数（基本票）,所,福祉・社会保障,basic,NEW pref+city,1,1,0,0,0,0000010110,0000020210
J230432,軽費老人ホーム定員数（基本票）,人,福祉・社会保障,basic,NEW pref+city,1,1,0,0,0,0000010110,0000020210
J232101,老人ホーム数,所,福祉・社会保障,basic,NEW pref+city,1,1,0,0,0,0000010110,0000020210
J2401,身体障害者更生援護施設数,所,福祉・社会保障,basic,NEW pref+city,1,1,0,0,0,0000010110,0000020210
J2501,児童福祉施設等数（詳細票）,所,福祉・社会保障,basic,NEW pref+city,1,1,0,0,0,0000010110,0000020210
J250204,児童福祉施設等数（基本票）,所,福祉・社会保障,basic,NEW pref+city,1,1,0,0,0,0000010110,0000020210
J2503,保育所等数（詳細票）,所,福祉・社会保障,basic,NEW pref+city,1,1,0,0,0,0000010110,0000020210
J250301,公営保育所等数（詳細票）,所,福祉・社会保障,basic,NEW pref+city,1,1,0,0,0,0000010110,0000020210
J250302,保育所等数（基本票）,所,福祉・社会保障,basic,NEW pref+city,1,1,0,0,0,0000010110,0000020210
J250303,公営保育所等数（基本票）,所,福祉・社会保障,basic,NEW pref+city,1,1,0,0,0,0000010110,0000020210
J2506,保育所等在所児数（詳細票）,人,福祉・社会保障,basic,NEW pref+city,1,1,0,0,0,0000010110,0000020210
J250604,公営保育所等在所児数（詳細票）,人,福祉・社会保障,basic,NEW pref+city,1,1,0,0,0,0000010110,0000020210
J2545,幼保連携型認定こども園在所児数,人,福祉・社会保障,basic,NEW pref+city,1,1,0,0,0,0000010110,0000020210
J2546,保育所型認定こども園在所児数,人,福祉・社会保障,basic,NEW pref+city,1,1,0,0,0,0000010110,0000020210
J2641,へき地保育所数,所,福祉・社会保障,basic,NEW pref+city,1,1,0,0,0,0000010110,0000020210
J2642,へき地保育所在所児数,人,福祉・社会保障,basic,NEW pref+city,1,1,0,0,0,0000010110,0000020210
J2701,知的障害者援護施設数,所,福祉・社会保障,basic,NEW pref+city,1,1,0,0,0,0000010110,0000020210
J2801,母子・父子福祉施設数（詳細票）,所,福祉・社会保障,basic,NEW pref+city,1,1,0,0,0,0000010110,0000020210
J2804,母子・父子福祉施設数（基本票）,所,福祉・社会保障,basic,NEW pref+city,1,1,0,0,0,0000010110,0000020210
J2901,障害者支援施設等数（詳細票）,所,福祉・社会保障,basic,NEW pref+city,1,1,0,0,0,0000010110,0000020210
J2902,精神障害者社会復帰施設数,所,福祉・社会保障,basic,NEW pref+city,1,1,0,0,0,0000010110,0000020210
J2903,身体障害者社会参加支援施設数,所,福祉・社会保障,basic,NEW pref+city,1,1,0,0,0,0000010110,0000020210
J2904,婦人保護施設数（詳細票）,所,福祉・社会保障,basic,NEW pref+city,1,1,0,0,0,0000010110,0000020210
J2905,障害者支援施設等数（基本票）,所,福祉・社会保障,basic,NEW pref+city,1,1,0,0,0,0000010110,0000020210
J2906,婦人保護施設数（基本票）,所,福祉・社会保障,basic,NEW pref+city,1,1,0,0,0,0000010110,0000020210
J4101,国民健康保険被保険者数,人,福祉・社会保障,basic,NEW pref+city,1,1,0,0,0,0000010110,0000020210
J4102,国民健康保険給付件数,件,福祉・社会保障,basic,NEW pref+city,1,1,0,0,0,0000010110,0000020210
J4104,国民健康保険医療費件数（診療費）,件,福祉・社会保障,basic,NEW pref+city,1,1,0,0,0,0000010110,0000020210
J4106,国民健康保険被保険者受診率（1000人当たり）,‐,福祉・社会保障,basic,NEW pref+city,1,1,0,0,0,0000010110,0000020210
J4107,国民健康保険被保険者1人当たり診療費,円,福祉・社会保障,basic,NEW pref+city,1,1,0,0,0,0000010110,0000020210
J4108,国民健康保険給付金額,千円,福祉・社会保障,basic,NEW pref+city,1,1,0,0,0,0000010110,0000020210
J4109,国民健康保険医療費金額（診療費）,千円,福祉・社会保障,basic,NEW pref+city,1,1,0,0,0,0000010110,0000020210
#A011000,#A011000_総人口,万人,人口・世帯,indicator,NEW pref,1,0,0,0,0,0000010201,
#A01102,#A01102_全国総人口に占める人口割合,％,人口・世帯,indicator,NEW pref,1,0,0,0,0,0000010201,
#A02101,#A02101_人口性比（総数）（A110101/A110102）,‐,人口・世帯,indicator,NEW pref,1,0,0,0,0,0000010201,
#A02105,#A02105_人口性比（総数）,‐,人口・世帯,indicator,NEW pref,1,0,0,0,0,0000010201,
#A0410301,#A0410301_未婚者割合（20～24歳・男）,％,人口・世帯,indicator,NEW pref,1,0,0,0,0,0000010201,
#A0410302,#A0410302_未婚者割合（20～24歳・女）,％,人口・世帯,indicator,NEW pref,1,0,0,0,0,0000010201,
#A0412001,#A0412001_未婚者割合（15～64歳・男）,％,人口・世帯,indicator,NEW pref,1,0,0,0,0,0000010201,
#A0412002,#A0412002_未婚者割合（15～64歳・女）,％,人口・世帯,indicator,NEW pref,1,0,0,0,0,0000010201,
#A0413001,#A0413001_未婚者割合（65歳以上・男）,％,人口・世帯,indicator,NEW pref,1,0,0,0,0,0000010201,
#A0413002,#A0413002_未婚者割合（65歳以上・女）,％,人口・世帯,indicator,NEW pref,1,0,0,0,0,0000010201,
#A0421001,#A0421001_有配偶者割合（15～64歳・男）,％,人口・世帯,indicator,NEW pref,1,0,0,0,0,0000010201,
#A0421002,#A0421002_有配偶者割合（15～64歳・女）,％,人口・世帯,indicator,NEW pref,1,0,0,0,0,0000010201,
#A0422001,#A0422001_有配偶者割合（65歳以上・男）,％,人口・世帯,indicator,NEW pref,1,0,0,0,0,0000010201,
#A0422002,#A0422002_有配偶者割合（65歳以上・女）,％,人口・世帯,indicator,NEW pref,1,0,0,0,0,0000010201,
#A0430801,#A0430801_死別者割合（15～64歳・男）,％,人口・世帯,indicator,NEW pref,1,0,0,0,0,0000010201,
#A0430802,#A0430802_死別者割合（15～64歳・女）,％,人口・世帯,indicator,NEW pref,1,0,0,0,0,0000010201,
#A0430901,#A0430901_死別者割合（65歳以上・男）,％,人口・世帯,indicator,NEW pref,1,0,0,0,0,0000010201,
#A0430902,#A0430902_死別者割合（65歳以上・女）,％,人口・世帯,indicator,NEW pref,1,0,0,0,0,0000010201,
#A0440501,#A0440501_離別者割合（40～49歳・男）,％,人口・世帯,indicator,NEW pref,1,0,0,0,0,0000010201,
#A0440502,#A0440502_離別者割合（40～49歳・女）,％,人口・世帯,indicator,NEW pref,1,0,0,0,0,0000010201,
#A0440601,#A0440601_離別者割合（50～59歳・男）,％,人口・世帯,indicator,NEW pref,1,0,0,0,0,0000010201,
#A0440602,#A0440602_離別者割合（50～59歳・女）,％,人口・世帯,indicator,NEW pref,1,0,0,0,0,0000010201,
#A0440701,#A0440701_離別者割合（15～64歳・男）,％,人口・世帯,indicator,NEW pref,1,0,0,0,0,0000010201,
#A0440702,#A0440702_離別者割合（15～64歳・女）,％,人口・世帯,indicator,NEW pref,1,0,0,0,0,0000010201,
#A0440801,#A0440801_離別者割合（65歳以上・男）,％,人口・世帯,indicator,NEW pref,1,0,0,0,0,0000010201,
#A0440802,#A0440802_離別者割合（65歳以上・女）,％,人口・世帯,indicator,NEW pref,1,0,0,0,0,0000010201,
#A05111,#A05111_人口増減率,‰,人口・世帯,indicator,NEW pref,1,0,0,0,0,0000010201,
#A05201,#A05201_自然増減率（（A4101-A4200）/A1101）,％,人口・世帯,indicator,NEW pref,1,0,0,0,0,0000010201,
#A05203,#A05203_合計特殊出生率,‐,人口・世帯,indicator,NEW pref,1,0,0,0,0,0000010201,
#A0520401,#A0520401_粗死亡率（男）（人口千人当たり）,‐,人口・世帯,indicator,NEW pref,1,0,0,0,0,0000010201,
#A0520402,#A0520402_粗死亡率（女）（人口千人当たり）,‐,人口・世帯,indicator,NEW pref,1,0,0,0,0,0000010201,
#A05221,#A05221_自然増減率,‰,人口・世帯,indicator,NEW pref,1,0,0,0,0,0000010201,
#A05306,#A05306_社会増減率,‰,人口・世帯,indicator,NEW pref,1,0,0,0,0,0000010201,
#A06603,#A06603_婚姻率（人口千人当たり）,‐,人口・世帯,indicator,NEW pref,1,0,0,0,0,0000010201,
#A06604,#A06604_離婚率（人口千人当たり）,‐,人口・世帯,indicator,NEW pref,1,0,0,0,0,0000010201,
A1201,0～4歳人口,人,人口・世帯,basic,NEW pref,1,0,0,0,0,0000010101,
A120101,0～4歳人口（男）,人,人口・世帯,basic,NEW pref,1,0,0,0,0,0000010101,
A120102,0～4歳人口（女）,人,人口・世帯,basic,NEW pref,1,0,0,0,0,0000010101,
A1202,5～9歳人口,人,人口・世帯,basic,NEW pref,1,0,0,0,0,0000010101,
A120201,5～9歳人口（男）,人,人口・世帯,basic,NEW pref,1,0,0,0,0,0000010101,
A120202,5～9歳人口（女）,人,人口・世帯,basic,NEW pref,1,0,0,0,0,0000010101,
A1203,10～14歳人口,人,人口・世帯,basic,NEW pref,1,0,0,0,0,0000010101,
A120301,10～14歳人口（男）,人,人口・世帯,basic,NEW pref,1,0,0,0,0,0000010101,
A120302,10～14歳人口（女）,人,人口・世帯,basic,NEW pref,1,0,0,0,0,0000010101,
A1204,15～19歳人口,人,人口・世帯,basic,NEW pref,1,0,0,0,0,0000010101,
A120401,15～19歳人口（男）,人,人口・世帯,basic,NEW pref,1,0,0,0,0,0000010101,
A120402,15～19歳人口（女）,人,人口・世帯,basic,NEW pref,1,0,0,0,0,0000010101,
A1205,20～24歳人口,人,人口・世帯,basic,NEW pref,1,0,0,0,0,0000010101,
A120501,20～24歳人口（男）,人,人口・世帯,basic,NEW pref,1,0,0,0,0,0000010101,
A120502,20～24歳人口（女）,人,人口・世帯,basic,NEW pref,1,0,0,0,0,0000010101,
A1206,25～29歳人口,人,人口・世帯,basic,NEW pref,1,0,0,0,0,0000010101,
A120601,25～29歳人口（男）,人,人口・世帯,basic,NEW pref,1,0,0,0,0,0000010101,
A120602,25～29歳人口（女）,人,人口・世帯,basic,NEW pref,1,0,0,0,0,0000010101,
A1207,30～34歳人口,人,人口・世帯,basic,NEW pref,1,0,0,0,0,0000010101,
A120701,30～34歳人口（男）,人,人口・世帯,basic,NEW pref,1,0,0,0,0,0000010101,
A120702,30～34歳人口（女）,人,人口・世帯,basic,NEW pref,1,0,0,0,0,0000010101,
A1208,35～39歳人口,人,人口・世帯,basic,NEW pref,1,0,0,0,0,0000010101,
A120801,35～39歳人口（男）,人,人口・世帯,basic,NEW pref,1,0,0,0,0,0000010101,
A120802,35～39歳人口（女）,人,人口・世帯,basic,NEW pref,1,0,0,0,0,0000010101,
A1209,40～44歳人口,人,人口・世帯,basic,NEW pref,1,0,0,0,0,0000010101,
A120901,40～44歳人口（男）,人,人口・世帯,basic,NEW pref,1,0,0,0,0,0000010101,
A120902,40～44歳人口（女）,人,人口・世帯,basic,NEW pref,1,0,0,0,0,0000010101,
A1210,45～49歳人口,人,人口・世帯,basic,NEW pref,1,0,0,0,0,0000010101,
A121001,45～49歳人口（男）,人,人口・世帯,basic,NEW pref,1,0,0,0,0,0000010101,
A121002,45～49歳人口（女）,人,人口・世帯,basic,NEW pref,1,0,0,0,0,0000010101,
A1211,50～54歳人口,人,人口・世帯,basic,NEW pref,1,0,0,0,0,0000010101,
A121101,50～54歳人口（男）,人,人口・世帯,basic,NEW pref,1,0,0,0,0,0000010101,
A121102,50～54歳人口（女）,人,人口・世帯,basic,NEW pref,1,0,0,0,0,0000010101,
A1212,55～59歳人口,人,人口・世帯,basic,NEW pref,1,0,0,0,0,0000010101,
A121201,55～59歳人口（男）,人,人口・世帯,basic,NEW pref,1,0,0,0,0,0000010101,
A121202,55～59歳人口（女）,人,人口・世帯,basic,NEW pref,1,0,0,0,0,0000010101,
A1213,60～64歳人口,人,人口・世帯,basic,NEW pref,1,0,0,0,0,0000010101,
A121301,60～64歳人口（男）,人,人口・世帯,basic,NEW pref,1,0,0,0,0,0000010101,
A121302,60～64歳人口（女）,人,人口・世帯,basic,NEW pref,1,0,0,0,0,0000010101,
A1214,65～69歳人口,人,人口・世帯,basic,NEW pref,1,0,0,0,0,0000010101,
A121401,65～69歳人口（男）,人,人口・世帯,basic,NEW pref,1,0,0,0,0,0000010101,
A121402,65～69歳人口（女）,人,人口・世帯,basic,NEW pref,1,0,0,0,0,0000010101,
A1215,70～74歳人口,人,人口・世帯,basic,NEW pref,1,0,0,0,0,0000010101,
A121501,70～74歳人口（男）,人,人口・世帯,basic,NEW pref,1,0,0,0,0,0000010101,
A121502,70～74歳人口（女）,人,人口・世帯,basic,NEW pref,1,0,0,0,0,0000010101,
A1216,75～79歳人口,人,人口・世帯,basic,NEW pref,1,0,0,0,0,0000010101,
A121601,75～79歳人口（男）,人,人口・世帯,basic,NEW pref,1,0,0,0,0,0000010101,
A121602,75～79歳人口（女）,人,人口・世帯,basic,NEW pref,1,0,0,0,0,0000010101,
A1217,80～84歳人口,人,人口・世帯,basic,NEW pref,1,0,0,0,0,0000010101,
A121701,80～84歳人口（男）,人,人口・世帯,basic,NEW pref,1,0,0,0,0,0000010101,
A121702,80～84歳人口（女）,人,人口・世帯,basic,NEW pref,1,0,0,0,0,0000010101,
A1218,85～89歳人口,人,人口・世帯,basic,NEW pref,1,0,0,0,0,0000010101,
A121801,85～89歳人口（男）,人,人口・世帯,basic,NEW pref,1,0,0,0,0,0000010101,
A121802,85～89歳人口（女）,人,人口・世帯,basic,NEW pref,1,0,0,0,0,0000010101,
A1219,90～94歳人口,人,人口・世帯,basic,NEW pref,1,0,0,0,0,0000010101,
A121901,90～94歳人口（男）,人,人口・世帯,basic,NEW pref,1,0,0,0,0,0000010101,
A121902,90～94歳人口（女）,人,人口・世帯,basic,NEW pref,1,0,0,0,0,0000010101,
A1220,95～99歳人口,人,人口・世帯,basic,NEW pref,1,0,0,0,0,0000010101,
A122001,95～99歳人口（男）,人,人口・世帯,basic,NEW pref,1,0,0,0,0,0000010101,
A122002,95～99歳人口（女）,人,人口・世帯,basic,NEW pref,1,0,0,0,0,0000010101,
A1221,100歳以上人口,人,人口・世帯,basic,NEW pref,1,0,0,0,0,0000010101,
A122101,100歳以上人口（男）,人,人口・世帯,basic,NEW pref,1,0,0,0,0,0000010101,
A122102,100歳以上人口（女）,人,人口・世帯,basic,NEW pref,1,0,0,0,0,0000010101,
A1304,15歳未満人口割合,％,人口・世帯,basic,NEW pref,1,0,0,0,0,0000010101,
A130401,15歳未満人口割合（男）,％,人口・世帯,basic,NEW pref,1,0,0,0,0,0000010101,
A130402,15歳未満人口割合（女）,％,人口・世帯,basic,NEW pref,1,0,0,0,0,0000010101,
A1305,15～64歳人口割合,％,人口・世帯,basic,NEW pref,1,0,0,0,0,0000010101,
A130501,15～64歳人口割合（男）,％,人口・世帯,basic,NEW pref,1,0,0,0,0,0000010101,
A130502,15～64歳人口割合（女）,％,人口・世帯,basic,NEW pref,1,0,0,0,0,0000010101,
A1306,65歳以上人口割合,％,人口・世帯,basic,NEW pref,1,0,0,0,0,0000010101,
A130601,65歳以上人口割合（男）,％,人口・世帯,basic,NEW pref,1,0,0,0,0,0000010101,
A130602,65歳以上人口割合（女）,％,人口・世帯,basic,NEW pref,1,0,0,0,0,0000010101,
A1501,－1歳人口,人,人口・世帯,basic,NEW pref,1,0,0,0,0,0000010101,
A1502,0歳人口,人,人口・世帯,basic,NEW pref,1,0,0,0,0,0000010101,
A150201,0歳人口（男）,人,人口・世帯,basic,NEW pref,1,0,0,0,0,0000010101,
A150202,0歳人口（女）,人,人口・世帯,basic,NEW pref,1,0,0,0,0,0000010101,
A1503,1歳人口,人,人口・世帯,basic,NEW pref,1,0,0,0,0,0000010101,
A150301,1歳人口（男）,人,人口・世帯,basic,NEW pref,1,0,0,0,0,0000010101,
A150302,1歳人口（女）,人,人口・世帯,basic,NEW pref,1,0,0,0,0,0000010101,
A1504,2歳人口,人,人口・世帯,basic,NEW pref,1,0,0,0,0,0000010101,
A150401,2歳人口（男）,人,人口・世帯,basic,NEW pref,1,0,0,0,0,0000010101,
A150402,2歳人口（女）,人,人口・世帯,basic,NEW pref,1,0,0,0,0,0000010101,
A1505,6歳人口,人,人口・世帯,basic,NEW pref,1,0,0,0,0,0000010101,
A150501,6歳人口（男）,人,人口・世帯,basic,NEW pref,1,0,0,0,0,0000010101,
A150502,6歳人口（女）,人,人口・世帯,basic,NEW pref,1,0,0,0,0,0000010101,
A1506,7歳人口,人,人口・世帯,basic,NEW pref,1,0,0,0,0,0000010101,
A150601,7歳人口（男）,人,人口・世帯,basic,NEW pref,1,0,0,0,0,0000010101,
A150602,7歳人口（女）,人,人口・世帯,basic,NEW pref,1,0,0,0,0,0000010101,
A1507,8歳人口,人,人口・世帯,basic,NEW pref,1,0,0,0,0,0000010101,
A150701,8歳人口（男）,人,人口・世帯,basic,NEW pref,1,0,0,0,0,0000010101,
A150702,8歳人口（女）,人,人口・世帯,basic,NEW pref,1,0,0,0,0,0000010101,
A1508,9歳人口,人,人口・世帯,basic,NEW pref,1,0,0,0,0,0000010101,
A150801,9歳人口（男）,人,人口・世帯,basic,NEW pref,1,0,0,0,0,0000010101,
A150802,9歳人口（女）,人,人口・世帯,basic,NEW pref,1,0,0,0,0,0000010101,
A1509,10歳人口,人,人口・世帯,basic,NEW pref,1,0,0,0,0,0000010101,
A150901,10歳人口（男）,人,人口・世帯,basic,NEW pref,1,0,0,0,0,0000010101,
A150902,10歳人口（女）,人,人口・世帯,basic,NEW pref,1,0,0,0,0,0000010101,
A1510,11歳人口,人,人口・世帯,basic,NEW pref,1,0,0,0,0,0000010101,
A151001,11歳人口（男）,人,人口・世帯,basic,NEW pref,1,0,0,0,0,0000010101,
A151002,11歳人口（女）,人,人口・世帯,basic,NEW pref,1,0,0,0,0,0000010101,
A1511,12歳人口,人,人口・世帯,basic,NEW pref,1,0,0,0,0,0000010101,
A151101,12歳人口（男）,人,人口・世帯,basic,NEW pref,1,0,0,0,0,0000010101,
A151102,12歳人口（女）,人,人口・世帯,basic,NEW pref,1,0,0,0,0,0000010101,
A1512,13歳人口,人,人口・世帯,basic,NEW pref,1,0,0,0,0,0000010101,
A151201,13歳人口（男）,人,人口・世帯,basic,NEW pref,1,0,0,0,0,0000010101,
A151202,13歳人口（女）,人,人口・世帯,basic,NEW pref,1,0,0,0,0,0000010101,
A1513,14歳人口,人,人口・世帯,basic,NEW pref,1,0,0,0,0,0000010101,
A151301,14歳人口（男）,人,人口・世帯,basic,NEW pref,1,0,0,0,0,0000010101,
A151302,14歳人口（女）,人,人口・世帯,basic,NEW pref,1,0,0,0,0,0000010101,
A1514,15歳人口,人,人口・世帯,basic,NEW pref,1,0,0,0,0,0000010101,
A151401,15歳人口（男）,人,人口・世帯,basic,NEW pref,1,0,0,0,0,0000010101,
A151402,15歳人口（女）,人,人口・世帯,basic,NEW pref,1,0,0,0,0,0000010101,
A1515,16歳人口,人,人口・世帯,basic,NEW pref,1,0,0,0,0,0000010101,
A151501,16歳人口（男）,人,人口・世帯,basic,NEW pref,1,0,0,0,0,0000010101,
A151502,16歳人口（女）,人,人口・世帯,basic,NEW pref,1,0,0,0,0,0000010101,
A1516,17歳人口,人,人口・世帯,basic,NEW pref,1,0,0,0,0,0000010101,
A151601,17歳人口（男）,人,人口・世帯,basic,NEW pref,1,0,0,0,0,0000010101,
A151602,17歳人口（女）,人,人口・世帯,basic,NEW pref,1,0,0,0,0,0000010101,
A1517,18歳人口,人,人口・世帯,basic,NEW pref,1,0,0,0,0,0000010101,
A151701,18歳人口（男）,人,人口・世帯,basic,NEW pref,1,0,0,0,0,0000010101,
A151702,18歳人口（女）,人,人口・世帯,basic,NEW pref,1,0,0,0,0,0000010101,
A1601001,未婚人口（15歳以上）（男）,人,人口・世帯,basic,NEW pref,1,0,0,0,0,0000010101,
A1601002,未婚人口（15歳以上）（女）,人,人口・世帯,basic,NEW pref,1,0,0,0,0,0000010101,
A1601011,未婚人口（15～19歳）（男）,人,人口・世帯,basic,NEW pref,1,0,0,0,0,0000010101,
A1601012,未婚人口（15～19歳）（女）,人,人口・世帯,basic,NEW pref,1,0,0,0,0,0000010101,
A1601021,未婚人口（20～24歳）（男）,人,人口・世帯,basic,NEW pref,1,0,0,0,0,0000010101,
A1601022,未婚人口（20～24歳）（女）,人,人口・世帯,basic,NEW pref,1,0,0,0,0,0000010101,
A1601031,未婚人口（25～29歳）（男）,人,人口・世帯,basic,NEW pref,1,0,0,0,0,0000010101,
A1601032,未婚人口（25～29歳）（女）,人,人口・世帯,basic,NEW pref,1,0,0,0,0,0000010101,
A1601041,未婚人口（30～34歳）（男）,人,人口・世帯,basic,NEW pref,1,0,0,0,0,0000010101,
A1601042,未婚人口（30～34歳）（女）,人,人口・世帯,basic,NEW pref,1,0,0,0,0,0000010101,
A1601051,未婚人口（35～39歳）（男）,人,人口・世帯,basic,NEW pref,1,0,0,0,0,0000010101,
A1601052,未婚人口（35～39歳）（女）,人,人口・世帯,basic,NEW pref,1,0,0,0,0,0000010101,
A1601061,未婚人口（40～44歳）（男）,人,人口・世帯,basic,NEW pref,1,0,0,0,0,0000010101,
A1601062,未婚人口（40～44歳）（女）,人,人口・世帯,basic,NEW pref,1,0,0,0,0,0000010101,
A1601071,未婚人口（45～49歳）（男）,人,人口・世帯,basic,NEW pref,1,0,0,0,0,0000010101,
A1601072,未婚人口（45～49歳）（女）,人,人口・世帯,basic,NEW pref,1,0,0,0,0,0000010101,
A1601081,未婚人口（50～54歳）（男）,人,人口・世帯,basic,NEW pref,1,0,0,0,0,0000010101,
A1601082,未婚人口（50～54歳）（女）,人,人口・世帯,basic,NEW pref,1,0,0,0,0,0000010101,
A1601091,未婚人口（55～59歳）（男）,人,人口・世帯,basic,NEW pref,1,0,0,0,0,0000010101,
A1601092,未婚人口（55～59歳）（女）,人,人口・世帯,basic,NEW pref,1,0,0,0,0,0000010101,
A1601101,未婚人口（60～64歳）（男）,人,人口・世帯,basic,NEW pref,1,0,0,0,0,0000010101,
A1601102,未婚人口（60～64歳）（女）,人,人口・世帯,basic,NEW pref,1,0,0,0,0,0000010101,
A1601111,未婚人口（65～69歳）（男）,人,人口・世帯,basic,NEW pref,1,0,0,0,0,0000010101,
A1601112,未婚人口（65～69歳）（女）,人,人口・世帯,basic,NEW pref,1,0,0,0,0,0000010101,
A1601121,未婚人口（70～74歳）（男）,人,人口・世帯,basic,NEW pref,1,0,0,0,0,0000010101,
A1601122,未婚人口（70～74歳）（女）,人,人口・世帯,basic,NEW pref,1,0,0,0,0,0000010101,
A1601131,未婚人口（75～79歳）（男）,人,人口・世帯,basic,NEW pref,1,0,0,0,0,0000010101,
A1601132,未婚人口（75～79歳）（女）,人,人口・世帯,basic,NEW pref,1,0,0,0,0,0000010101,
A1601141,未婚人口（80～84歳）（男）,人,人口・世帯,basic,NEW pref,1,0,0,0,0,0000010101,
A1601142,未婚人口（80～84歳）（女）,人,人口・世帯,basic,NEW pref,1,0,0,0,0,0000010101,
A1601151,未婚人口（85歳以上）（男）,人,人口・世帯,basic,NEW pref,1,0,0,0,0,0000010101,
A1601152,未婚人口（85歳以上）（女）,人,人口・世帯,basic,NEW pref,1,0,0,0,0,0000010101,
A1602001,有配偶人口（15歳以上）（男）,人,人口・世帯,basic,NEW pref,1,0,0,0,0,0000010101,
A1602002,有配偶人口（15歳以上）（女）,人,人口・世帯,basic,NEW pref,1,0,0,0,0,0000010101,
A1602021,有配偶人口（20～24歳）（男）,人,人口・世帯,basic,NEW pref,1,0,0,0,0,0000010101,
A1602022,有配偶人口（20～24歳）（女）,人,人口・世帯,basic,NEW pref,1,0,0,0,0,0000010101,
A1602031,有配偶人口（25～29歳）（男）,人,人口・世帯,basic,NEW pref,1,0,0,0,0,0000010101,
A1602032,有配偶人口（25～29歳）（女）,人,人口・世帯,basic,NEW pref,1,0,0,0,0,0000010101,
A1602041,有配偶人口（30～34歳）（男）,人,人口・世帯,basic,NEW pref,1,0,0,0,0,0000010101,
A1602042,有配偶人口（30～34歳）（女）,人,人口・世帯,basic,NEW pref,1,0,0,0,0,0000010101,
A1602051,有配偶人口（35～39歳）（男）,人,人口・世帯,basic,NEW pref,1,0,0,0,0,0000010101,
A1602052,有配偶人口（35～39歳）（女）,人,人口・世帯,basic,NEW pref,1,0,0,0,0,0000010101,
A1602061,有配偶人口（40～44歳）（男）,人,人口・世帯,basic,NEW pref,1,0,0,0,0,0000010101,
A1602062,有配偶人口（40～44歳）（女）,人,人口・世帯,basic,NEW pref,1,0,0,0,0,0000010101,
A1602071,有配偶人口（45～49歳）（男）,人,人口・世帯,basic,NEW pref,1,0,0,0,0,0000010101,
A1602072,有配偶人口（45～49歳）（女）,人,人口・世帯,basic,NEW pref,1,0,0,0,0,0000010101,
A1602081,有配偶人口（50～54歳）（男）,人,人口・世帯,basic,NEW pref,1,0,0,0,0,0000010101,
A1602082,有配偶人口（50～54歳）（女）,人,人口・世帯,basic,NEW pref,1,0,0,0,0,0000010101,
A1602091,有配偶人口（55～59歳）（男）,人,人口・世帯,basic,NEW pref,1,0,0,0,0,0000010101,
A1602092,有配偶人口（55～59歳）（女）,人,人口・世帯,basic,NEW pref,1,0,0,0,0,0000010101,
A1602101,有配偶人口（60～64歳）（男）,人,人口・世帯,basic,NEW pref,1,0,0,0,0,0000010101,
A1602102,有配偶人口（60～64歳）（女）,人,人口・世帯,basic,NEW pref,1,0,0,0,0,0000010101,
A1602111,有配偶人口（65～69歳）（男）,人,人口・世帯,basic,NEW pref,1,0,0,0,0,0000010101,
A1602112,有配偶人口（65～69歳）（女）,人,人口・世帯,basic,NEW pref,1,0,0,0,0,0000010101,
A1602121,有配偶人口（70～74歳）（男）,人,人口・世帯,basic,NEW pref,1,0,0,0,0,0000010101,
A1602122,有配偶人口（70～74歳）（女）,人,人口・世帯,basic,NEW pref,1,0,0,0,0,0000010101,
A1602131,有配偶人口（75～79歳）（男）,人,人口・世帯,basic,NEW pref,1,0,0,0,0,0000010101,
A1602132,有配偶人口（75～79歳）（女）,人,人口・世帯,basic,NEW pref,1,0,0,0,0,0000010101,
A1602141,有配偶人口（80～84歳）（男）,人,人口・世帯,basic,NEW pref,1,0,0,0,0,0000010101,
A1602142,有配偶人口（80～84歳）（女）,人,人口・世帯,basic,NEW pref,1,0,0,0,0,0000010101,
A1602151,有配偶人口（85歳以上）（男）,人,人口・世帯,basic,NEW pref,1,0,0,0,0,0000010101,
A1602152,有配偶人口（85歳以上）（女）,人,人口・世帯,basic,NEW pref,1,0,0,0,0,0000010101,
A1603001,死別人口（15歳以上）（男）,人,人口・世帯,basic,NEW pref,1,0,0,0,0,0000010101,
A1603002,死別人口（15歳以上）（女）,人,人口・世帯,basic,NEW pref,1,0,0,0,0,0000010101,
A1603031,死別人口（25～29歳）（男）,人,人口・世帯,basic,NEW pref,1,0,0,0,0,0000010101,
A1603032,死別人口（25～29歳）（女）,人,人口・世帯,basic,NEW pref,1,0,0,0,0,0000010101,
A1603041,死別人口（30～34歳）（男）,人,人口・世帯,basic,NEW pref,1,0,0,0,0,0000010101,
A1603042,死別人口（30～34歳）（女）,人,人口・世帯,basic,NEW pref,1,0,0,0,0,0000010101,
A1603051,死別人口（35～39歳）（男）,人,人口・世帯,basic,NEW pref,1,0,0,0,0,0000010101,
A1603052,死別人口（35～39歳）（女）,人,人口・世帯,basic,NEW pref,1,0,0,0,0,0000010101,
A1603061,死別人口（40～44歳）（男）,人,人口・世帯,basic,NEW pref,1,0,0,0,0,0000010101,
A1603062,死別人口（40～44歳）（女）,人,人口・世帯,basic,NEW pref,1,0,0,0,0,0000010101,
A1603071,死別人口（45～49歳）（男）,人,人口・世帯,basic,NEW pref,1,0,0,0,0,0000010101,
A1603072,死別人口（45～49歳）（女）,人,人口・世帯,basic,NEW pref,1,0,0,0,0,0000010101,
A1603081,死別人口（50～54歳）（男）,人,人口・世帯,basic,NEW pref,1,0,0,0,0,0000010101,
A1603082,死別人口（50～54歳）（女）,人,人口・世帯,basic,NEW pref,1,0,0,0,0,0000010101,
A1603091,死別人口（55～59歳）（男）,人,人口・世帯,basic,NEW pref,1,0,0,0,0,0000010101,
A1603092,死別人口（55～59歳）（女）,人,人口・世帯,basic,NEW pref,1,0,0,0,0,0000010101,
A1603101,死別人口（60～64歳）（男）,人,人口・世帯,basic,NEW pref,1,0,0,0,0,0000010101,
A1603102,死別人口（60～64歳）（女）,人,人口・世帯,basic,NEW pref,1,0,0,0,0,0000010101,
A1603111,死別人口（65～69歳）（男）,人,人口・世帯,basic,NEW pref,1,0,0,0,0,0000010101,
A1603112,死別人口（65～69歳）（女）,人,人口・世帯,basic,NEW pref,1,0,0,0,0,0000010101,
A1603121,死別人口（70～74歳）（男）,人,人口・世帯,basic,NEW pref,1,0,0,0,0,0000010101,
A1603122,死別人口（70～74歳）（女）,人,人口・世帯,basic,NEW pref,1,0,0,0,0,0000010101,
A1603131,死別人口（75～79歳）（男）,人,人口・世帯,basic,NEW pref,1,0,0,0,0,0000010101,
A1603132,死別人口（75～79歳）（女）,人,人口・世帯,basic,NEW pref,1,0,0,0,0,0000010101,
A1603141,死別人口（80～84歳）（男）,人,人口・世帯,basic,NEW pref,1,0,0,0,0,0000010101,
A1603142,死別人口（80～84歳）（女）,人,人口・世帯,basic,NEW pref,1,0,0,0,0,0000010101,
A1603151,死別人口（85歳以上）（男）,人,人口・世帯,basic,NEW pref,1,0,0,0,0,0000010101,
A1603152,死別人口（85歳以上）（女）,人,人口・世帯,basic,NEW pref,1,0,0,0,0,0000010101,
A1603201,死別人口（60歳以上）（男）,人,人口・世帯,basic,NEW pref,1,0,0,0,0,0000010101,
A1603202,死別人口（60歳以上）（女）,人,人口・世帯,basic,NEW pref,1,0,0,0,0,0000010101,
A1604001,離別人口（15歳以上）（男）,人,人口・世帯,basic,NEW pref,1,0,0,0,0,0000010101,
A1604002,離別人口（15歳以上）（女）,人,人口・世帯,basic,NEW pref,1,0,0,0,0,0000010101,
A1604011,離別人口（15～19歳）（男）,人,人口・世帯,basic,NEW pref,1,0,0,0,0,0000010101,
A1604012,離別人口（15～19歳）（女）,人,人口・世帯,basic,NEW pref,1,0,0,0,0,0000010101,
A1604021,離別人口（20～24歳）（男）,人,人口・世帯,basic,NEW pref,1,0,0,0,0,0000010101,
A1604022,離別人口（20～24歳）（女）,人,人口・世帯,basic,NEW pref,1,0,0,0,0,0000010101,
A1604031,離別人口（25～29歳）（男）,人,人口・世帯,basic,NEW pref,1,0,0,0,0,0000010101,
A1604032,離別人口（25～29歳）（女）,人,人口・世帯,basic,NEW pref,1,0,0,0,0,0000010101,
A1604041,離別人口（30～34歳）（男）,人,人口・世帯,basic,NEW pref,1,0,0,0,0,0000010101,
A1604042,離別人口（30～34歳）（女）,人,人口・世帯,basic,NEW pref,1,0,0,0,0,0000010101,
A1604051,離別人口（35～39歳）（男）,人,人口・世帯,basic,NEW pref,1,0,0,0,0,0000010101,
A1604052,離別人口（35～39歳）（女）,人,人口・世帯,basic,NEW pref,1,0,0,0,0,0000010101,
A1604061,離別人口（40～44歳）（男）,人,人口・世帯,basic,NEW pref,1,0,0,0,0,0000010101,
A1604062,離別人口（40～44歳）（女）,人,人口・世帯,basic,NEW pref,1,0,0,0,0,0000010101,
A1604071,離別人口（45～49歳）（男）,人,人口・世帯,basic,NEW pref,1,0,0,0,0,0000010101,
A1604072,離別人口（45～49歳）（女）,人,人口・世帯,basic,NEW pref,1,0,0,0,0,0000010101,
A1604081,離別人口（50～54歳）（男）,人,人口・世帯,basic,NEW pref,1,0,0,0,0,0000010101,
A1604082,離別人口（50～54歳）（女）,人,人口・世帯,basic,NEW pref,1,0,0,0,0,0000010101,
A1604091,離別人口（55～59歳）（男）,人,人口・世帯,basic,NEW pref,1,0,0,0,0,0000010101,
A1604092,離別人口（55～59歳）（女）,人,人口・世帯,basic,NEW pref,1,0,0,0,0,0000010101,
A1604101,離別人口（60～64歳）（男）,人,人口・世帯,basic,NEW pref,1,0,0,0,0,0000010101,
A1604102,離別人口（60～64歳）（女）,人,人口・世帯,basic,NEW pref,1,0,0,0,0,0000010101,
A1604111,離別人口（65～69歳）（男）,人,人口・世帯,basic,NEW pref,1,0,0,0,0,0000010101,
A1604112,離別人口（65～69歳）（女）,人,人口・世帯,basic,NEW pref,1,0,0,0,0,0000010101,
A1604121,離別人口（70～74歳）（男）,人,人口・世帯,basic,NEW pref,1,0,0,0,0,0000010101,
A1604122,離別人口（70～74歳）（女）,人,人口・世帯,basic,NEW pref,1,0,0,0,0,0000010101,
A1604131,離別人口（75～79歳）（男）,人,人口・世帯,basic,NEW pref,1,0,0,0,0,0000010101,
A1604132,離別人口（75～79歳）（女）,人,人口・世帯,basic,NEW pref,1,0,0,0,0,0000010101,
A1604141,離別人口（80～84歳）（男）,人,人口・世帯,basic,NEW pref,1,0,0,0,0,0000010101,
A1604142,離別人口（80～84歳）（女）,人,人口・世帯,basic,NEW pref,1,0,0,0,0,0000010101,
A1604151,離別人口（85歳以上）（男）,人,人口・世帯,basic,NEW pref,1,0,0,0,0,0000010101,
A1604152,離別人口（85歳以上）（女）,人,人口・世帯,basic,NEW pref,1,0,0,0,0,0000010101,
A1604201,離別人口（40～49歳）（男）,人,人口・世帯,basic,NEW pref,1,0,0,0,0,0000010101,
A1604202,離別人口（40～49歳）（女）,人,人口・世帯,basic,NEW pref,1,0,0,0,0,0000010101,
A1604301,離別人口（50～59歳）（男）,人,人口・世帯,basic,NEW pref,1,0,0,0,0,0000010101,
A1604302,離別人口（50～59歳）（女）,人,人口・世帯,basic,NEW pref,1,0,0,0,0,0000010101,
A161002,未婚者割合（15～64歳・男）,％,人口・世帯,basic,NEW pref,1,0,0,0,0,0000010101,
A161003,未婚者割合（15～64歳・女）,％,人口・世帯,basic,NEW pref,1,0,0,0,0,0000010101,
A161004,未婚者割合（65歳以上・男）,％,人口・世帯,basic,NEW pref,1,0,0,0,0,0000010101,
A161005,未婚者割合（65歳以上・女）,％,人口・世帯,basic,NEW pref,1,0,0,0,0,0000010101,
A161101,有配偶者割合（15～64歳・男）,％,人口・世帯,basic,NEW pref,1,0,0,0,0,0000010101,
A161102,有配偶者割合（15～64歳・女）,％,人口・世帯,basic,NEW pref,1,0,0,0,0,0000010101,
A161103,有配偶者割合（65歳以上・男）,％,人口・世帯,basic,NEW pref,1,0,0,0,0,0000010101,
A161104,有配偶者割合（65歳以上・女）,％,人口・世帯,basic,NEW pref,1,0,0,0,0,0000010101,
A161201,死別者割合（15～64歳・男）,％,人口・世帯,basic,NEW pref,1,0,0,0,0,0000010101,
A161202,死別者割合（15～64歳・女）,％,人口・世帯,basic,NEW pref,1,0,0,0,0,0000010101,
A161203,死別者割合（65歳以上・男）,％,人口・世帯,basic,NEW pref,1,0,0,0,0,0000010101,
A161204,死別者割合（65歳以上・女）,％,人口・世帯,basic,NEW pref,1,0,0,0,0,0000010101,
A161301,離別者割合（15～64歳・男）,％,人口・世帯,basic,NEW pref,1,0,0,0,0,0000010101,
A161302,離別者割合（15～64歳・女）,％,人口・世帯,basic,NEW pref,1,0,0,0,0,0000010101,
A161303,離別者割合（65歳以上・男）,％,人口・世帯,basic,NEW pref,1,0,0,0,0,0000010101,
A161304,離別者割合（65歳以上・女）,％,人口・世帯,basic,NEW pref,1,0,0,0,0,0000010101,
A170001,外国人人口（男）,人,人口・世帯,basic,NEW pref,1,0,0,0,0,0000010101,
A170002,外国人人口（女）,人,人口・世帯,basic,NEW pref,1,0,0,0,0,0000010101,
A170101,外国人人口（韓国・朝鮮）（男）,人,人口・世帯,basic,NEW pref,1,0,0,0,0,0000010101,
A170102,外国人人口（韓国・朝鮮）（女）,人,人口・世帯,basic,NEW pref,1,0,0,0,0,0000010101,
A170201,外国人人口（中国）（男）,人,人口・世帯,basic,NEW pref,1,0,0,0,0,0000010101,
A170202,外国人人口（中国）（女）,人,人口・世帯,basic,NEW pref,1,0,0,0,0,0000010101,
A170301,外国人人口（アメリカ）（男）,人,人口・世帯,basic,NEW pref,1,0,0,0,0,0000010101,
A170302,外国人人口（アメリカ）（女）,人,人口・世帯,basic,NEW pref,1,0,0,0,0,0000010101,
A1706,外国人人口（フィリピン）,人,人口・世帯,basic,NEW pref,1,0,0,0,0,0000010101,
A170601,外国人人口（フィリピン）（男）,人,人口・世帯,basic,NEW pref,1,0,0,0,0,0000010101,
A170602,外国人人口（フィリピン）（女）,人,人口・世帯,basic,NEW pref,1,0,0,0,0,0000010101,
A1707,外国人人口（ブラジル）,人,人口・世帯,basic,NEW pref,1,0,0,0,0,0000010101,
A170701,外国人人口（ブラジル）（男）,人,人口・世帯,basic,NEW pref,1,0,0,0,0,0000010101,
A170702,外国人人口（ブラジル）（女）,人,人口・世帯,basic,NEW pref,1,0,0,0,0,0000010101,
A192001,全国総人口に占める人口割合,％,人口・世帯,basic,NEW pref,1,0,0,0,0,0000010101,
A2102,行政区域内人口（住民基本台帳人口＋外国人登録人口）,人,人口・世帯,basic,NEW pref,1,0,0,0,0,0000010101,
A3101,外国人登録人口（アジア）,人,人口・世帯,basic,NEW pref,1,0,0,0,0,0000010101,
A310101,外国人登録人口（韓国・朝鮮）,人,人口・世帯,basic,NEW pref,1,0,0,0,0,0000010101,
A310102,外国人登録人口（中国）,人,人口・世帯,basic,NEW pref,1,0,0,0,0,0000010101,
A310103,外国人登録人口（フィリピン）,人,人口・世帯,basic,NEW pref,1,0,0,0,0,0000010101,
A310105,外国人登録人口（タイ）,人,人口・世帯,basic,NEW pref,1,0,0,0,0,0000010101,
A3102,外国人登録人口（ヨーロッパ）,人,人口・世帯,basic,NEW pref,1,0,0,0,0,0000010101,
A310201,外国人登録人口（英国）,人,人口・世帯,basic,NEW pref,1,0,0,0,0,0000010101,
A3103,外国人登録人口（北米）,人,人口・世帯,basic,NEW pref,1,0,0,0,0,0000010101,
A310301,外国人登録人口（米国）,人,人口・世帯,basic,NEW pref,1,0,0,0,0,0000010101,
A3104,外国人登録人口（南米）,人,人口・世帯,basic,NEW pref,1,0,0,0,0,0000010101,
A310401,外国人登録人口（ブラジル）,人,人口・世帯,basic,NEW pref,1,0,0,0,0,0000010101,
A310402,外国人登録人口（ペルー）,人,人口・世帯,basic,NEW pref,1,0,0,0,0,0000010101,
A320101,在留外国人数（韓国・朝鮮）,人,人口・世帯,basic,NEW pref,1,0,0,0,0,0000010101,
A320104,在留外国人数（朝鮮）,人,人口・世帯,basic,NEW pref,1,0,0,0,0,0000010101,
A410101,出生数（男）,人,人口・世帯,basic,NEW pref,1,0,0,0,0,0000010101,
A410102,出生数（女）,人,人口・世帯,basic,NEW pref,1,0,0,0,0,0000010101,
A410201,出生数（母親の年齢15歳未満）,人,人口・世帯,basic,NEW pref,1,0,0,0,0,0000010101,
A410202,出生数（母親の年齢15～19歳）,人,人口・世帯,basic,NEW pref,1,0,0,0,0,0000010101,
A410203,出生数（母親の年齢20～24歳）,人,人口・世帯,basic,NEW pref,1,0,0,0,0,0000010101,
A410204,出生数（母親の年齢25～29歳）,人,人口・世帯,basic,NEW pref,1,0,0,0,0,0000010101,
A410205,出生数（母親の年齢30～34歳）,人,人口・世帯,basic,NEW pref,1,0,0,0,0,0000010101,
A410206,出生数（母親の年齢35～39歳）,人,人口・世帯,basic,NEW pref,1,0,0,0,0,0000010101,
A410207,出生数（母親の年齢40～44歳）,人,人口・世帯,basic,NEW pref,1,0,0,0,0,0000010101,
A410208,出生数（母親の年齢45～49歳）,人,人口・世帯,basic,NEW pref,1,0,0,0,0,0000010101,
A410209,出生数（母親の年齢50歳以上）,人,人口・世帯,basic,NEW pref,1,0,0,0,0,0000010101,
A420001,死亡数（男）,人,人口・世帯,basic,NEW pref,1,0,0,0,0,0000010101,
A420002,死亡数（女）,人,人口・世帯,basic,NEW pref,1,0,0,0,0,0000010101,
A4201,死亡数（0～4歳）,人,人口・世帯,basic,NEW pref,1,0,0,0,0,0000010101,
A420101,死亡数（0～4歳）（男）,人,人口・世帯,basic,NEW pref,1,0,0,0,0,0000010101,
A420102,死亡数（0～4歳）（女）,人,人口・世帯,basic,NEW pref,1,0,0,0,0,0000010101,
A4202,死亡数（5～9歳）,人,人口・世帯,basic,NEW pref,1,0,0,0,0,0000010101,
A420201,死亡数（5～9歳）（男）,人,人口・世帯,basic,NEW pref,1,0,0,0,0,0000010101,
A420202,死亡数（5～9歳）（女）,人,人口・世帯,basic,NEW pref,1,0,0,0,0,0000010101,
A4203,死亡数（10～14歳）,人,人口・世帯,basic,NEW pref,1,0,0,0,0,0000010101,
A420301,死亡数（10～14歳）（男）,人,人口・世帯,basic,NEW pref,1,0,0,0,0,0000010101,
A420302,死亡数（10～14歳）（女）,人,人口・世帯,basic,NEW pref,1,0,0,0,0,0000010101,
A4204,死亡数（15～19歳）,人,人口・世帯,basic,NEW pref,1,0,0,0,0,0000010101,
A420401,死亡数（15～19歳）（男）,人,人口・世帯,basic,NEW pref,1,0,0,0,0,0000010101,
A420402,死亡数（15～19歳）（女）,人,人口・世帯,basic,NEW pref,1,0,0,0,0,0000010101,
A4205,死亡数（20～24歳）,人,人口・世帯,basic,NEW pref,1,0,0,0,0,0000010101,
A420501,死亡数（20～24歳）（男）,人,人口・世帯,basic,NEW pref,1,0,0,0,0,0000010101,
A420502,死亡数（20～24歳）（女）,人,人口・世帯,basic,NEW pref,1,0,0,0,0,0000010101,
A4206,死亡数（25～29歳）,人,人口・世帯,basic,NEW pref,1,0,0,0,0,0000010101,
A420601,死亡数（25～29歳）（男）,人,人口・世帯,basic,NEW pref,1,0,0,0,0,0000010101,
A420602,死亡数（25～29歳）（女）,人,人口・世帯,basic,NEW pref,1,0,0,0,0,0000010101,
A4207,死亡数（30～34歳）,人,人口・世帯,basic,NEW pref,1,0,0,0,0,0000010101,
A420701,死亡数（30～34歳）（男）,人,人口・世帯,basic,NEW pref,1,0,0,0,0,0000010101,
A420702,死亡数（30～34歳）（女）,人,人口・世帯,basic,NEW pref,1,0,0,0,0,0000010101,
A4208,死亡数（35～39歳）,人,人口・世帯,basic,NEW pref,1,0,0,0,0,0000010101,
A420801,死亡数（35～39歳）（男）,人,人口・世帯,basic,NEW pref,1,0,0,0,0,0000010101,
A420802,死亡数（35～39歳）（女）,人,人口・世帯,basic,NEW pref,1,0,0,0,0,0000010101,
A4209,死亡数（40～44歳）,人,人口・世帯,basic,NEW pref,1,0,0,0,0,0000010101,
A420901,死亡数（40～44歳）（男）,人,人口・世帯,basic,NEW pref,1,0,0,0,0,0000010101,
A420902,死亡数（40～44歳）（女）,人,人口・世帯,basic,NEW pref,1,0,0,0,0,0000010101,
A4210,死亡数（45～49歳）,人,人口・世帯,basic,NEW pref,1,0,0,0,0,0000010101,
A421001,死亡数（45～49歳）（男）,人,人口・世帯,basic,NEW pref,1,0,0,0,0,0000010101,
A421002,死亡数（45～49歳）（女）,人,人口・世帯,basic,NEW pref,1,0,0,0,0,0000010101,
A4211,死亡数（50～54歳）,人,人口・世帯,basic,NEW pref,1,0,0,0,0,0000010101,
A421101,死亡数（50～54歳）（男）,人,人口・世帯,basic,NEW pref,1,0,0,0,0,0000010101,
A421102,死亡数（50～54歳）（女）,人,人口・世帯,basic,NEW pref,1,0,0,0,0,0000010101,
A4212,死亡数（55～59歳）,人,人口・世帯,basic,NEW pref,1,0,0,0,0,0000010101,
A421201,死亡数（55～59歳）（男）,人,人口・世帯,basic,NEW pref,1,0,0,0,0,0000010101,
A421202,死亡数（55～59歳）（女）,人,人口・世帯,basic,NEW pref,1,0,0,0,0,0000010101,
A4213,死亡数（60～64歳）,人,人口・世帯,basic,NEW pref,1,0,0,0,0,0000010101,
A421301,死亡数（60～64歳）（男）,人,人口・世帯,basic,NEW pref,1,0,0,0,0,0000010101,
A421302,死亡数（60～64歳）（女）,人,人口・世帯,basic,NEW pref,1,0,0,0,0,0000010101,
A4214,死亡数（65～69歳）,人,人口・世帯,basic,NEW pref,1,0,0,0,0,0000010101,
A421401,死亡数（65～69歳）（男）,人,人口・世帯,basic,NEW pref,1,0,0,0,0,0000010101,
A421402,死亡数（65～69歳）（女）,人,人口・世帯,basic,NEW pref,1,0,0,0,0,0000010101,
A4215,死亡数（70～74歳）,人,人口・世帯,basic,NEW pref,1,0,0,0,0,0000010101,
A421501,死亡数（70～74歳）（男）,人,人口・世帯,basic,NEW pref,1,0,0,0,0,0000010101,
A421502,死亡数（70～74歳）（女）,人,人口・世帯,basic,NEW pref,1,0,0,0,0,0000010101,
A4216,死亡数（75～79歳）,人,人口・世帯,basic,NEW pref,1,0,0,0,0,0000010101,
A421601,死亡数（75～79歳）（男）,人,人口・世帯,basic,NEW pref,1,0,0,0,0,0000010101,
A421602,死亡数（75～79歳）（女）,人,人口・世帯,basic,NEW pref,1,0,0,0,0,0000010101,
A4217,死亡数（80～84歳）,人,人口・世帯,basic,NEW pref,1,0,0,0,0,0000010101,
A421701,死亡数（80～84歳）（男）,人,人口・世帯,basic,NEW pref,1,0,0,0,0,0000010101,
A421702,死亡数（80～84歳）（女）,人,人口・世帯,basic,NEW pref,1,0,0,0,0,0000010101,
A4218,死亡数（85～89歳）,人,人口・世帯,basic,NEW pref,1,0,0,0,0,0000010101,
A421801,死亡数（85～89歳）（男）,人,人口・世帯,basic,NEW pref,1,0,0,0,0,0000010101,
A421802,死亡数（85～89歳）（女）,人,人口・世帯,basic,NEW pref,1,0,0,0,0,0000010101,
A4219,死亡数（90～94歳）,人,人口・世帯,basic,NEW pref,1,0,0,0,0,0000010101,
A421901,死亡数（90～94歳）（男）,人,人口・世帯,basic,NEW pref,1,0,0,0,0,0000010101,
A421902,死亡数（90～94歳）（女）,人,人口・世帯,basic,NEW pref,1,0,0,0,0,0000010101,
A4220,死亡数（95～99歳）,人,人口・世帯,basic,NEW pref,1,0,0,0,0,0000010101,
A422001,死亡数（95～99歳）（男）,人,人口・世帯,basic,NEW pref,1,0,0,0,0,0000010101,
A422002,死亡数（95～99歳）（女）,人,人口・世帯,basic,NEW pref,1,0,0,0,0,0000010101,
A4221,死亡数（100歳以上）,人,人口・世帯,basic,NEW pref,1,0,0,0,0,0000010101,
A422101,死亡数（100歳以上）（男）,人,人口・世帯,basic,NEW pref,1,0,0,0,0,0000010101,
A422102,死亡数（100歳以上）（女）,人,人口・世帯,basic,NEW pref,1,0,0,0,0,0000010101,
A4231,死亡数（65歳以上）,人,人口・世帯,basic,NEW pref,1,0,0,0,0,0000010101,
A423101,死亡数（65歳以上）（男）,人,人口・世帯,basic,NEW pref,1,0,0,0,0,0000010101,
A423102,死亡数（65歳以上）（女）,人,人口・世帯,basic,NEW pref,1,0,0,0,0,0000010101,
A424001,年齢調整死亡率（男）（昭和60年モデル人口）,‐,人口・世帯,basic,NEW pref,1,0,0,0,0,0000010101,
A424002,年齢調整死亡率（女）（昭和60年モデル人口）,‐,人口・世帯,basic,NEW pref,1,0,0,0,0,0000010101,
A424011,年齢調整死亡率（男）（平成27年モデル人口）,‐,人口・世帯,basic,NEW pref,1,0,0,0,0,0000010101,
A424012,年齢調整死亡率（女）（平成27年モデル人口）,‐,人口・世帯,basic,NEW pref,1,0,0,0,0,0000010101,
A510101,転入者数（日本人移動者）（男）,人,人口・世帯,basic,NEW pref,1,0,0,0,0,0000010101,
A510102,転入者数（日本人移動者）（女）,人,人口・世帯,basic,NEW pref,1,0,0,0,0,0000010101,
A510201,転出者数（日本人移動者）（男）,人,人口・世帯,basic,NEW pref,1,0,0,0,0,0000010101,
A510202,転出者数（日本人移動者）（女）,人,人口・世帯,basic,NEW pref,1,0,0,0,0,0000010101,
A510301,転入者数（男）,人,人口・世帯,basic,NEW pref,1,0,0,0,0,0000010101,
A510302,転入者数（女）,人,人口・世帯,basic,NEW pref,1,0,0,0,0,0000010101,
A510401,転出者数（男）,人,人口・世帯,basic,NEW pref,1,0,0,0,0,0000010101,
A510402,転出者数（女）,人,人口・世帯,basic,NEW pref,1,0,0,0,0,0000010101,
A520101,入国者数（日本人）（男）,人,人口・世帯,basic,NEW pref,1,0,0,0,0,0000010101,
A520102,入国者数（日本人）（女）,人,人口・世帯,basic,NEW pref,1,0,0,0,0,0000010101,
A5202,出国者数（日本人）,人,人口・世帯,basic,NEW pref,1,0,0,0,0,0000010101,
A520201,出国者数（日本人）（男）,人,人口・世帯,basic,NEW pref,1,0,0,0,0,0000010101,
A520202,出国者数（日本人）（女）,人,人口・世帯,basic,NEW pref,1,0,0,0,0,0000010101,
A610101,従業も通学もしていない人口（男）,人,人口・世帯,basic,NEW pref,1,0,0,0,0,0000010101,
A610102,従業も通学もしていない人口（女）,人,人口・世帯,basic,NEW pref,1,0,0,0,0,0000010101,
A610201,自市区町村で従業・通学している人口（男）,人,人口・世帯,basic,NEW pref,1,0,0,0,0,0000010101,
A610202,自市区町村で従業・通学している人口（女）,人,人口・世帯,basic,NEW pref,1,0,0,0,0,0000010101,
A610301,流出人口（県内他市区町村で従業・通学している人口）（男）,人,人口・世帯,basic,NEW pref,1,0,0,0,0,0000010101,
A610302,流出人口（県内他市区町村で従業・通学している人口）（女）,人,人口・世帯,basic,NEW pref,1,0,0,0,0,0000010101,
A610401,流出人口（他県で従業・通学している人口）（男）,人,人口・世帯,basic,NEW pref,1,0,0,0,0,0000010101,
A610402,流出人口（他県で従業・通学している人口）（女）,人,人口・世帯,basic,NEW pref,1,0,0,0,0,0000010101,
A610501,流入人口（県内他市区町村に常住している人口）（男）,人,人口・世帯,basic,NEW pref,1,0,0,0,0,0000010101,
A610502,流入人口（県内他市区町村に常住している人口）（女）,人,人口・世帯,basic,NEW pref,1,0,0,0,0,0000010101,
A610601,流入人口（他県に常住している人口）（男）,人,人口・世帯,basic,NEW pref,1,0,0,0,0,0000010101,
A610602,流入人口（他県に常住している人口）（女）,人,人口・世帯,basic,NEW pref,1,0,0,0,0,0000010101,
A610701,昼間人口（男）,人,人口・世帯,basic,NEW pref,1,0,0,0,0,0000010101,
A610702,昼間人口（女）,人,人口・世帯,basic,NEW pref,1,0,0,0,0,0000010101,
A710211,一般世帯平均人員数,人,人口・世帯,basic,NEW pref,1,0,0,0,0,0000010101,
A8111,65歳以上の世帯員のいる世帯数,世帯,人口・世帯,basic,NEW pref,1,0,0,0,0,0000010101,
A811101,65歳以上の世帯員のいる親族のみの世帯数,世帯,人口・世帯,basic,NEW pref,1,0,0,0,0,0000010101,
A811103,65歳以上の親族のいるその他の親族世帯数,世帯,人口・世帯,basic,NEW pref,1,0,0,0,0,0000010101,
A811104,65歳以上の親族のいる非親族世帯数,世帯,人口・世帯,basic,NEW pref,1,0,0,0,0,0000010101,
A811105,65歳以上の世帯員のいる単独世帯数,世帯,人口・世帯,basic,NEW pref,1,0,0,0,0,0000010101,
A8112,65歳以上の世帯員のいる世帯人員数,人,人口・世帯,basic,NEW pref,1,0,0,0,0,0000010101,
A811201,65歳以上の世帯員のいる親族のみの世帯人員数,人,人口・世帯,basic,NEW pref,1,0,0,0,0,0000010101,
A811202,65歳以上の世帯員のいる核家族世帯人員数,人,人口・世帯,basic,NEW pref,1,0,0,0,0,0000010101,
A811203,65歳以上の親族のいるその他の親族世帯人員数,人,人口・世帯,basic,NEW pref,1,0,0,0,0,0000010101,
A811204,65歳以上の親族のいる非親族世帯人員数,人,人口・世帯,basic,NEW pref,1,0,0,0,0,0000010101,
A811205,65歳以上の親族のいる単独世帯人員数,人,人口・世帯,basic,NEW pref,1,0,0,0,0,0000010101,
A8202,高齢夫婦世帯数（高齢夫婦と未婚の18歳未満の者）,世帯,人口・世帯,basic,NEW pref,1,0,0,0,0,0000010101,
A8303,高齢単身世帯数（60歳以上の者1人）,世帯,人口・世帯,basic,NEW pref,1,0,0,0,0,0000010101,
A830301,高齢単身世帯数（60歳以上の者1人）（男）,世帯,人口・世帯,basic,NEW pref,1,0,0,0,0,0000010101,
A830302,高齢単身世帯数（60歳以上の者1人）（女）,世帯,人口・世帯,basic,NEW pref,1,0,0,0,0,0000010101,
A840201,母子世帯数（15～24歳）,世帯,人口・世帯,basic,NEW pref,1,0,0,0,0,0000010101,
A840202,母子世帯数（25～34歳）,世帯,人口・世帯,basic,NEW pref,1,0,0,0,0,0000010101,
A840203,母子世帯数（35～44歳）,世帯,人口・世帯,basic,NEW pref,1,0,0,0,0,0000010101,
A840204,母子世帯数（45～54歳）,世帯,人口・世帯,basic,NEW pref,1,0,0,0,0,0000010101,
A840205,母子世帯数（55歳以上）,世帯,人口・世帯,basic,NEW pref,1,0,0,0,0,0000010101,
A850201,父子世帯数（15～24歳）,世帯,人口・世帯,basic,NEW pref,1,0,0,0,0,0000010101,
A850202,父子世帯数（25～34歳）,世帯,人口・世帯,basic,NEW pref,1,0,0,0,0,0000010101,
A850203,父子世帯数（35～44歳）,世帯,人口・世帯,basic,NEW pref,1,0,0,0,0,0000010101,
A850204,父子世帯数（45～54歳）,世帯,人口・世帯,basic,NEW pref,1,0,0,0,0,0000010101,
A850205,父子世帯数（55歳以上）,世帯,人口・世帯,basic,NEW pref,1,0,0,0,0,0000010101,
A9121,婚姻率（人口千人当たり),‐,人口・世帯,basic,NEW pref,1,0,0,0,0,0000010101,
A9211,離婚率（人口千人当たり）,‐,人口・世帯,basic,NEW pref,1,0,0,0,0,0000010101,
#B02101,#B02101_年平均気温,ﾟC,自然環境,indicator,NEW pref,1,0,0,0,0,0000010202,
#B02102,#B02102_最高気温（日最高気温の月平均の最高値）,ﾟC,自然環境,indicator,NEW pref,1,0,0,0,0,0000010202,
#B02103,#B02103_最低気温（日最低気温の月平均の最低値）,ﾟC,自然環境,indicator,NEW pref,1,0,0,0,0,0000010202,
#B02201,#B02201_年平均相対湿度,％,自然環境,indicator,NEW pref,1,0,0,0,0,0000010202,
#B02301,#B02301_快晴日数（年間）,日,自然環境,indicator,NEW pref,1,0,0,0,0,0000010202,
#B02303,#B02303_降水日数（年間）,日,自然環境,indicator,NEW pref,1,0,0,0,0,0000010202,
#B02304,#B02304_雪日数（年間）,日,自然環境,indicator,NEW pref,1,0,0,0,0,0000010202,
#B02401,#B02401_日照時間（年間）,時間,自然環境,indicator,NEW pref,1,0,0,0,0,0000010202,
#B02402,#B02402_降水量（年間）,mm,自然環境,indicator,NEW pref,1,0,0,0,0,0000010202,
B120101,評価総地積（田）,ｍ2,自然環境,basic,NEW pref,1,0,0,0,0,0000010102,
B120102,評価総地積（畑）,ｍ2,自然環境,basic,NEW pref,1,0,0,0,0,0000010102,
B120104,評価総地積（山林）,ｍ2,自然環境,basic,NEW pref,1,0,0,0,0,0000010102,
B120105,評価総地積（牧場）,ｍ2,自然環境,basic,NEW pref,1,0,0,0,0,0000010102,
B120106,評価総地積（原野）,ｍ2,自然環境,basic,NEW pref,1,0,0,0,0,0000010102,
B120107,評価総地積（その他）,ｍ2,自然環境,basic,NEW pref,1,0,0,0,0,0000010102,
B3101,植生自然度1（構成比）,％,自然環境,basic,NEW pref,1,0,0,0,0,0000010102,
B3102,植生自然度2（構成比）,％,自然環境,basic,NEW pref,1,0,0,0,0,0000010102,
B3103,植生自然度3（構成比）,％,自然環境,basic,NEW pref,1,0,0,0,0,0000010102,
B3104,植生自然度4（構成比）,％,自然環境,basic,NEW pref,1,0,0,0,0,0000010102,
B3105,植生自然度5（構成比）,％,自然環境,basic,NEW pref,1,0,0,0,0,0000010102,
B3106,植生自然度6（構成比）,％,自然環境,basic,NEW pref,1,0,0,0,0,0000010102,
B3107,植生自然度7（構成比）,％,自然環境,basic,NEW pref,1,0,0,0,0,0000010102,
B3108,植生自然度8（構成比）,％,自然環境,basic,NEW pref,1,0,0,0,0,0000010102,
B3109,植生自然度9（構成比）,％,自然環境,basic,NEW pref,1,0,0,0,0,0000010102,
B3110,植生自然度10（構成比）,％,自然環境,basic,NEW pref,1,0,0,0,0,0000010102,
C2102,事業所数（民営）（事業所・企業統計調査結果）,所,経済基盤,basic,NEW pref,1,0,0,0,0,0000010103,
C210220,事業所数（民営）（個人事業所）（事業所・企業統計調査結果）,所,経済基盤,basic,NEW pref,1,0,0,0,0,0000010103,
C210230,事業所数（民営）（法人事業所）（事業所・企業統計調査結果）,所,経済基盤,basic,NEW pref,1,0,0,0,0,0000010103,
C210231,事業所数（民営）（会社事業所）（事業所・企業統計調査結果）,所,経済基盤,basic,NEW pref,1,0,0,0,0,0000010103,
C210232,事業所数（民営）（独立行政法人等）（事業所・企業統計調査結果）,所,経済基盤,basic,NEW pref,1,0,0,0,0,0000010103,
C2103,事業所数（国・地方公共団体）（事業所・企業統計調査結果）,所,経済基盤,basic,NEW pref,1,0,0,0,0,0000010103,
C210301,事業所数（国）（事業所・企業統計調査結果）,所,経済基盤,basic,NEW pref,1,0,0,0,0,0000010103,
C210302,事業所数（都道府県）（事業所・企業統計調査結果）,所,経済基盤,basic,NEW pref,1,0,0,0,0,0000010103,
C210303,事業所数（市区町村）（事業所・企業統計調査結果）,所,経済基盤,basic,NEW pref,1,0,0,0,0,0000010103,
C2106,第1次産業事業所数（事業所・企業統計調査結果）,所,経済基盤,basic,NEW pref,1,0,0,0,0,0000010103,
C210806,事業所数（民営）従業者100～299人,事業所,経済基盤,basic,NEW pref,1,0,0,0,0,0000010103,
C210807,事業所数（民営）従業者300人以上,事業所,経済基盤,basic,NEW pref,1,0,0,0,0,0000010103,
C2202,従業者数（民営）（事業所・企業統計調査結果）,人,経済基盤,basic,NEW pref,1,0,0,0,0,0000010103,
C220220,従業者数（民営）（個人事業所）（事業所・企業統計調査結果）,人,経済基盤,basic,NEW pref,1,0,0,0,0,0000010103,
C220230,従業者数（民営）（法人事業所）（事業所・企業統計調査結果）,人,経済基盤,basic,NEW pref,1,0,0,0,0,0000010103,
C220231,従業者数（民営）（会社事業所）（事業所・企業統計調査結果）,人,経済基盤,basic,NEW pref,1,0,0,0,0,0000010103,
C220232,従業者数（民営）（独立行政法人等）（事業所・企業統計調査結果）,人,経済基盤,basic,NEW pref,1,0,0,0,0,0000010103,
C2203,従業者数（国・地方公共団体）（事業所・企業統計調査結果）,人,経済基盤,basic,NEW pref,1,0,0,0,0,0000010103,
C220301,従業者数（国）（事業所・企業統計調査結果）,人,経済基盤,basic,NEW pref,1,0,0,0,0,0000010103,
C220302,従業者数（都道府県）（事業所・企業統計調査結果）,人,経済基盤,basic,NEW pref,1,0,0,0,0,0000010103,
C220303,従業者数（市区町村）（事業所・企業統計調査結果）,人,経済基盤,basic,NEW pref,1,0,0,0,0,0000010103,
C2206,第1次産業従業者数（事業所・企業統計調査結果）,人,経済基盤,basic,NEW pref,1,0,0,0,0,0000010103,
C220806,従業者数（民営）従業者100～299人,人,経済基盤,basic,NEW pref,1,0,0,0,0,0000010103,
C220807,従業者数（民営）従業者300人以上,人,経済基盤,basic,NEW pref,1,0,0,0,0,0000010103,
C310234,経営耕地面積規模別農家数（販売農家）（0.3ha未満）,戸,経済基盤,basic,NEW pref,1,0,0,0,0,0000010103,
C310235,経営耕地面積規模別農家数（販売農家）（0.3～0.5ha未満）,戸,経済基盤,basic,NEW pref,1,0,0,0,0,0000010103,
C310236,経営耕地面積規模別農家数（販売農家）（0.5～1.0ha未満）,戸,経済基盤,basic,NEW pref,1,0,0,0,0,0000010103,
C310237,経営耕地面積規模別農家数（販売農家）（1.0～1.5ha未満）,戸,経済基盤,basic,NEW pref,1,0,0,0,0,0000010103,
C310238,経営耕地面積規模別農家数（販売農家）（1.5～2.0ha未満）,戸,経済基盤,basic,NEW pref,1,0,0,0,0,0000010103,
C310239,経営耕地面積規模別農家数（販売農家）（2.0～3.0ha未満）,戸,経済基盤,basic,NEW pref,1,0,0,0,0,0000010103,
C310240,経営耕地面積規模別農家数（販売農家）（3.0～5.0ha未満）,戸,経済基盤,basic,NEW pref,1,0,0,0,0,0000010103,
C310241,経営耕地面積規模別農家数（販売農家）（5.0～10.0ha未満）,戸,経済基盤,basic,NEW pref,1,0,0,0,0,0000010103,
C310242,経営耕地面積規模別農家数（販売農家）（10.0ha以上）,戸,経済基盤,basic,NEW pref,1,0,0,0,0,0000010103,
C310411,農業就業人口（男）（販売農家）,人,経済基盤,basic,NEW pref,1,0,0,0,0,0000010103,
C310412,農業就業人口（女）（販売農家）,人,経済基盤,basic,NEW pref,1,0,0,0,0,0000010103,
C310510,基幹的農業従事者数（販売農家）,人,経済基盤,basic,NEW pref,1,0,0,0,0,0000010103,
C310511,基幹的農業従事者数（個人経営体）,人,経済基盤,basic,NEW pref,1,0,0,0,0,0000010103,
C310610,兼業従事者数（販売農家）,人,経済基盤,basic,NEW pref,1,0,0,0,0,0000010103,
C310611,兼業従事者数（主に恒常的勤務）（販売農家）,人,経済基盤,basic,NEW pref,1,0,0,0,0,0000010103,
C310612,兼業従事者数（主に出稼）（販売農家）,人,経済基盤,basic,NEW pref,1,0,0,0,0,0000010103,
C310614,兼業従事者数（主に自営兼業）（販売農家）,人,経済基盤,basic,NEW pref,1,0,0,0,0,0000010103,
C310701,耕地面積（田）,ｈａ,経済基盤,basic,NEW pref,1,0,0,0,0,0000010103,
C310702,耕地面積（畑）,ｈａ,経済基盤,basic,NEW pref,1,0,0,0,0,0000010103,
C310703,耕地面積（普通畑）,ｈａ,経済基盤,basic,NEW pref,1,0,0,0,0,0000010103,
C310704,耕地面積（樹園地）,ｈａ,経済基盤,basic,NEW pref,1,0,0,0,0,0000010103,
C310705,耕地面積（牧草地）,ｈａ,経済基盤,basic,NEW pref,1,0,0,0,0,0000010103,
C312003,海面養殖業産出額（種苗養殖を除く）,百万円,経済基盤,basic,NEW pref,1,0,0,0,0,0000010103,
C312601,6次産業農業生産関連事業体数（農産加工）,事業体,経済基盤,basic,NEW pref,1,0,0,0,0,0000010103,
C312602,6次産業農業生産関連事業体数（農産物直売所）,事業体,経済基盤,basic,NEW pref,1,0,0,0,0,0000010103,
C312701,6次産業農業生産関連事業体年間販売金額（農産加工）,百万円,経済基盤,basic,NEW pref,1,0,0,0,0,0000010103,
C312702,6次産業農業生産関連事業体年間販売金額（農産物直売所）,百万円,経済基盤,basic,NEW pref,1,0,0,0,0,0000010103,
C3302,着工建築物床面積,ｍ2,経済基盤,basic,NEW pref,1,0,0,0,0,0000010103,
C3303,着工建築物工事費予定額,万円,経済基盤,basic,NEW pref,1,0,0,0,0,0000010103,
C330401,元請完成工事高（土木）,百万円,経済基盤,basic,NEW pref,1,0,0,0,0,0000010103,
C330402,元請完成工事高（建築）,百万円,経済基盤,basic,NEW pref,1,0,0,0,0,0000010103,
C330403,元請完成工事高（機械）,百万円,経済基盤,basic,NEW pref,1,0,0,0,0,0000010103,
C330410,元請完成工事高（民間）,百万円,経済基盤,basic,NEW pref,1,0,0,0,0,0000010103,
C330411,元請完成工事高（民間）（土木）,百万円,経済基盤,basic,NEW pref,1,0,0,0,0,0000010103,
C330412,元請完成工事高（民間）（建築）,百万円,経済基盤,basic,NEW pref,1,0,0,0,0,0000010103,
C330413,元請完成工事高（民間）（機械）,百万円,経済基盤,basic,NEW pref,1,0,0,0,0,0000010103,
C330421,元請完成工事高（公共）（土木）,百万円,経済基盤,basic,NEW pref,1,0,0,0,0,0000010103,
C330422,元請完成工事高（公共）（建築）,百万円,経済基盤,basic,NEW pref,1,0,0,0,0,0000010103,
C330423,元請完成工事高（公共）（機械）,百万円,経済基盤,basic,NEW pref,1,0,0,0,0,0000010103,
C330501,下請完成工事高（土木）,百万円,経済基盤,basic,NEW pref,1,0,0,0,0,0000010103,
C330502,下請完成工事高（建築）,百万円,経済基盤,basic,NEW pref,1,0,0,0,0,0000010103,
C330503,下請完成工事高（機械）,百万円,経済基盤,basic,NEW pref,1,0,0,0,0,0000010103,
C3307,受注工事請負契約件数（公共）,件,経済基盤,basic,NEW pref,1,0,0,0,0,0000010103,
C3308,受注工事請負契約額（公共）,百万円,経済基盤,basic,NEW pref,1,0,0,0,0,0000010103,
C340601,工業用水量（淡水）,ｍ3／日,経済基盤,basic,NEW pref,1,0,0,0,0,0000010103,
C340602,工業用水量（海水）,ｍ3／日,経済基盤,basic,NEW pref,1,0,0,0,0,0000010103,
C350501,卸売業商品手持額,百万円,経済基盤,basic,NEW pref,1,0,0,0,0,0000010103,
C350502,小売業商品手持額,百万円,経済基盤,basic,NEW pref,1,0,0,0,0,0000010103,
C370201,ＪＲ貨物発送量（コンテナを除く）,トン,経済基盤,basic,NEW pref,1,0,0,0,0,0000010103,
C3711,事業者（整備）,社,経済基盤,basic,NEW pref,1,0,0,0,0,0000010103,
C3713,普通営業倉庫年間入庫量,千トン,経済基盤,basic,NEW pref,1,0,0,0,0,0000010103,
C3714,旅客輸送人員（営業用）（バス）,千人,経済基盤,basic,NEW pref,1,0,0,0,0,0000010103,
C3715,旅客輸送人員（営業用）（乗用車）,千人,経済基盤,basic,NEW pref,1,0,0,0,0,0000010103,
C3801,旅館営業施設数（ホテルを含む）,施設,経済基盤,basic,NEW pref,1,0,0,0,0,0000010103,
C3802,旅館営業施設客室数（ホテルを含む）,室,経済基盤,basic,NEW pref,1,0,0,0,0,0000010103,
C5101,消費者物価指数・総合（持家の帰属家賃を含む）,‐,経済基盤,basic,NEW pref,1,0,0,0,0,0000010103,
C5102,消費者物価指数・帰属家賃を除く総合,‐,経済基盤,basic,NEW pref,1,0,0,0,0,0000010103,
C5103,消費者物価指数・生鮮食品を除く総合（持家の帰属家賃を含む）,‐,経済基盤,basic,NEW pref,1,0,0,0,0,0000010103,
C5104,消費者物価指数・食料,‐,経済基盤,basic,NEW pref,1,0,0,0,0,0000010103,
C5105,消費者物価指数・住居（持家の帰属家賃を含む）,‐,経済基盤,basic,NEW pref,1,0,0,0,0,0000010103,
C5106,消費者物価指数・光熱・水道,‐,経済基盤,basic,NEW pref,1,0,0,0,0,0000010103,
C5107,消費者物価指数・家具・家事用品,‐,経済基盤,basic,NEW pref,1,0,0,0,0,0000010103,
C5108,消費者物価指数・被服及び履物,‐,経済基盤,basic,NEW pref,1,0,0,0,0,0000010103,
C5109,消費者物価指数・保健医療,‐,経済基盤,basic,NEW pref,1,0,0,0,0,0000010103,
C5110,消費者物価指数・交通・通信,‐,経済基盤,basic,NEW pref,1,0,0,0,0,0000010103,
C5111,消費者物価指数・教育,‐,経済基盤,basic,NEW pref,1,0,0,0,0,0000010103,
C5112,消費者物価指数・教養娯楽,‐,経済基盤,basic,NEW pref,1,0,0,0,0,0000010103,
C5113,消費者物価指数・諸雑費,‐,経済基盤,basic,NEW pref,1,0,0,0,0,0000010103,
C5114,消費者物価指数変化率・総合（持家の帰属家賃を含む）,‐,経済基盤,basic,NEW pref,1,0,0,0,0,0000010103,
C5115,消費者物価指数変化率・帰属家賃を除く総合,‐,経済基盤,basic,NEW pref,1,0,0,0,0,0000010103,
C5116,消費者物価指数変化率・生鮮食品を除く総合（持家の帰属家賃を含む）,‐,経済基盤,basic,NEW pref,1,0,0,0,0,0000010103,
C5117,消費者物価指数変化率・食料,‐,経済基盤,basic,NEW pref,1,0,0,0,0,0000010103,
C5118,消費者物価指数変化率・住居（持家の帰属家賃を含む）,‐,経済基盤,basic,NEW pref,1,0,0,0,0,0000010103,
C5119,消費者物価指数変化率・光熱・水道,‐,経済基盤,basic,NEW pref,1,0,0,0,0,0000010103,
C5120,消費者物価指数変化率・家具・家事用品,‐,経済基盤,basic,NEW pref,1,0,0,0,0,0000010103,
C5121,消費者物価指数変化率・被服及び履物,‐,経済基盤,basic,NEW pref,1,0,0,0,0,0000010103,
C5122,消費者物価指数変化率・保健医療,‐,経済基盤,basic,NEW pref,1,0,0,0,0,0000010103,
C5123,消費者物価指数変化率・交通・通信,‐,経済基盤,basic,NEW pref,1,0,0,0,0,0000010103,
C5124,消費者物価指数変化率・教育,‐,経済基盤,basic,NEW pref,1,0,0,0,0,0000010103,
C5125,消費者物価指数変化率・教養娯楽,‐,経済基盤,basic,NEW pref,1,0,0,0,0,0000010103,
C5126,消費者物価指数変化率・諸雑費,‐,経済基盤,basic,NEW pref,1,0,0,0,0,0000010103,
C5127,消費者物価指数変化率・食料（酒類を除く）及びエネルギーを除く総合,‐,経済基盤,basic,NEW pref,1,0,0,0,0,0000010103,
C5128,消費者物価指数変化率・生鮮食品及びエネルギーを除く総合,‐,経済基盤,basic,NEW pref,1,0,0,0,0,0000010103,
C5201,全国物価地域差指数・総合,‐,経済基盤,basic,NEW pref,1,0,0,0,0,0000010103,
C5202,全国物価地域差指数・総合（生鮮食品を除く）,‐,経済基盤,basic,NEW pref,1,0,0,0,0,0000010103,
C5203,全国物価地域差指数・総合（家賃を除く）,‐,経済基盤,basic,NEW pref,1,0,0,0,0,0000010103,
C5205,全国物価地域差指数・食料,‐,経済基盤,basic,NEW pref,1,0,0,0,0,0000010103,
C5206,全国物価地域差指数・住居,‐,経済基盤,basic,NEW pref,1,0,0,0,0,0000010103,
C5207,全国物価地域差指数・光熱・水道,‐,経済基盤,basic,NEW pref,1,0,0,0,0,0000010103,
C5208,全国物価地域差指数・家具・家事用品,‐,経済基盤,basic,NEW pref,1,0,0,0,0,0000010103,
C5209,全国物価地域差指数・被服及び履物,‐,経済基盤,basic,NEW pref,1,0,0,0,0,0000010103,
C5210,全国物価地域差指数・保健医療,‐,経済基盤,basic,NEW pref,1,0,0,0,0,0000010103,
C5211,全国物価地域差指数・交通・通信,‐,経済基盤,basic,NEW pref,1,0,0,0,0,0000010103,
C5212,全国物価地域差指数・教育,‐,経済基盤,basic,NEW pref,1,0,0,0,0,0000010103,
C5213,全国物価地域差指数・教養娯楽,‐,経済基盤,basic,NEW pref,1,0,0,0,0,0000010103,
C5214,全国物価地域差指数・諸雑費,‐,経済基盤,basic,NEW pref,1,0,0,0,0,0000010103,
C5301,消費者物価地域差指数・総合,‐,経済基盤,basic,NEW pref,1,0,0,0,0,0000010103,
C5302,消費者物価地域差指数・総合（家賃を除く）,‐,経済基盤,basic,NEW pref,1,0,0,0,0,0000010103,
C5303,消費者物価地域差指数・食料,‐,経済基盤,basic,NEW pref,1,0,0,0,0,0000010103,
C5503,標準価格（対前年平均変動率）（商業地）,％,経済基盤,basic,NEW pref,1,0,0,0,0,0000010103,
C5601,消費者物価地域差指数・総合（51市平均＝100）,‐,経済基盤,basic,NEW pref,1,0,0,0,0,0000010103,
C5602,消費者物価地域差指数・総合（家賃を除く）（51市平均＝100）,‐,経済基盤,basic,NEW pref,1,0,0,0,0,0000010103,
C5603,消費者物価地域差指数・食料（51市平均＝100）,‐,経済基盤,basic,NEW pref,1,0,0,0,0,0000010103,
C5701,消費者物価地域差指数（総合）,‐,経済基盤,basic,NEW pref,1,0,0,0,0,0000010103,
C5702,消費者物価地域差指数（家賃を除く総合）,‐,経済基盤,basic,NEW pref,1,0,0,0,0,0000010103,
C5703,消費者物価地域差指数（食料）,‐,経済基盤,basic,NEW pref,1,0,0,0,0,0000010103,
C5704,消費者物価地域差指数（住居）,‐,経済基盤,basic,NEW pref,1,0,0,0,0,0000010103,
C5705,消費者物価地域差指数（光熱・水道）,‐,経済基盤,basic,NEW pref,1,0,0,0,0,0000010103,
C5706,消費者物価地域差指数（家具・家事用品）,‐,経済基盤,basic,NEW pref,1,0,0,0,0,0000010103,
C5707,消費者物価地域差指数（被服及び履物）,‐,経済基盤,basic,NEW pref,1,0,0,0,0,0000010103,
C5708,消費者物価地域差指数（保健医療）,‐,経済基盤,basic,NEW pref,1,0,0,0,0,0000010103,
C5709,消費者物価地域差指数（交通・通信）,‐,経済基盤,basic,NEW pref,1,0,0,0,0,0000010103,
C5710,消費者物価地域差指数（教育）,‐,経済基盤,basic,NEW pref,1,0,0,0,0,0000010103,
C5711,消費者物価地域差指数（教養娯楽）,‐,経済基盤,basic,NEW pref,1,0,0,0,0,0000010103,
C5712,消費者物価地域差指数（諸雑費）,‐,経済基盤,basic,NEW pref,1,0,0,0,0,0000010103,
C610102,売上金額（民営）（農業、林業）,百万円,経済基盤,basic,NEW pref,1,0,0,0,0,0000010103,
C610103,売上金額（民営）（漁業）,百万円,経済基盤,basic,NEW pref,1,0,0,0,0,0000010103,
C610112,売上金額（民営）（卸売業）,百万円,経済基盤,basic,NEW pref,1,0,0,0,0,0000010103,
C610113,売上金額（民営）（小売業）,百万円,経済基盤,basic,NEW pref,1,0,0,0,0,0000010103,
C6201,純付加価値額（民営）,百万円,経済基盤,basic,NEW pref,1,0,0,0,0,0000010103,
C620102,純付加価値額（民営）（農業、林業）,百万円,経済基盤,basic,NEW pref,1,0,0,0,0,0000010103,
C620103,純付加価値額（民営）（漁業）,百万円,経済基盤,basic,NEW pref,1,0,0,0,0,0000010103,
C620104,純付加価値額（民営）（非農林漁業（公務を除く））,百万円,経済基盤,basic,NEW pref,1,0,0,0,0,0000010103,
C620112,純付加価値額（民営）（卸売業）,百万円,経済基盤,basic,NEW pref,1,0,0,0,0,0000010103,
C620113,純付加価値額（民営）（小売業）,百万円,経済基盤,basic,NEW pref,1,0,0,0,0,0000010103,
C6301,売上高（サービス産業）,百万円,経済基盤,basic,NEW pref,1,0,0,0,0,0000010103,
C630101,売上高（サービス産業）（運輸業、郵便業）,百万円,経済基盤,basic,NEW pref,1,0,0,0,0,0000010103,
C630102,売上高（サービス産業）（不動産業、物品賃貸業）,百万円,経済基盤,basic,NEW pref,1,0,0,0,0,0000010103,
C630103,売上高（サービス産業）（学術研究、専門・技術サービス業）,百万円,経済基盤,basic,NEW pref,1,0,0,0,0,0000010103,
C630104,売上高（サービス産業）（宿泊業、飲食サービス業）,百万円,経済基盤,basic,NEW pref,1,0,0,0,0,0000010103,
C630105,売上高（サービス産業）（生活関連サービス業、娯楽業）,百万円,経済基盤,basic,NEW pref,1,0,0,0,0,0000010103,
C630106,売上高（サービス産業）（教育、学習支援業）,百万円,経済基盤,basic,NEW pref,1,0,0,0,0,0000010103,
C630107,売上高（サービス産業）（医療、福祉）,百万円,経済基盤,basic,NEW pref,1,0,0,0,0,0000010103,
C630108,売上高（サービス業（他に分類されないもの））,百万円,経済基盤,basic,NEW pref,1,0,0,0,0,0000010103,
#D0110101,#D0110101_財政力指数（都道府県財政）,‐,行政基盤,indicator,NEW pref,1,0,0,0,0,0000010204,
#D01102,#D01102_実質収支比率（都道府県財政）,％,行政基盤,indicator,NEW pref,1,0,0,0,0,0000010204,
#D01401,#D01401_経常収支比率（都道府県財政）,％,行政基盤,indicator,NEW pref,1,0,0,0,0,0000010204,
D110102,市区数,‐,行政基盤,basic,NEW pref,1,0,0,0,0,0000010104,
D110103,町村数,‐,行政基盤,basic,NEW pref,1,0,0,0,0,0000010104,
D3203001,歳出決算総額（市町村財政・東京都分含む）,千円,行政基盤,basic,NEW pref,1,0,0,0,0,0000010104,
D3203099,消防費（東京都・市町村財政合計）,千円,行政基盤,basic,NEW pref,1,0,0,0,0,0000010104,
D4101,普通税（地方税）,千円,行政基盤,basic,NEW pref,1,0,0,0,0,0000010104,
D410101,普通税（都道府県税）,千円,行政基盤,basic,NEW pref,1,0,0,0,0,0000010104,
D410102,普通税（市町村税）,千円,行政基盤,basic,NEW pref,1,0,0,0,0,0000010104,
D4102,目的税（地方税）,千円,行政基盤,basic,NEW pref,1,0,0,0,0,0000010104,
D410201,目的税（都道府県税）,千円,行政基盤,basic,NEW pref,1,0,0,0,0,0000010104,
D410202,目的税（市町村税）,千円,行政基盤,basic,NEW pref,1,0,0,0,0,0000010104,
D4201,住民税（都道府県，市町村財政合計）,千円,行政基盤,basic,NEW pref,1,0,0,0,0,0000010104,
D420101,都道府県民税,千円,行政基盤,basic,NEW pref,1,0,0,0,0,0000010104,
D4202,固定資産税（都道府県，市町村財政合計）,千円,行政基盤,basic,NEW pref,1,0,0,0,0,0000010104,
D420201,固定資産税（都道府県税）,千円,行政基盤,basic,NEW pref,1,0,0,0,0,0000010104,
D430101,国税徴収決定済額,百万円,行政基盤,basic,NEW pref,1,0,0,0,0,0000010104,
D430102,都道府県税徴収決定済額,千円,行政基盤,basic,NEW pref,1,0,0,0,0,0000010104,
D4302,収納済額,百万円,行政基盤,basic,NEW pref,1,0,0,0,0,0000010104,
D430201,国税収納済額,百万円,行政基盤,basic,NEW pref,1,0,0,0,0,0000010104,
D430202,都道府県税収納済額,千円,行政基盤,basic,NEW pref,1,0,0,0,0,0000010104,
E110102,幼稚園数（公立）,園,教育,basic,NEW pref,1,0,0,0,0,0000010105,
E1201,幼稚園学級数,学級,教育,basic,NEW pref,1,0,0,0,0,0000010105,
E120101,幼稚園学級数（国立）,学級,教育,basic,NEW pref,1,0,0,0,0,0000010105,
E120102,幼稚園学級数（公立）,学級,教育,basic,NEW pref,1,0,0,0,0,0000010105,
E120103,幼稚園学級数（私立）,学級,教育,basic,NEW pref,1,0,0,0,0,0000010105,
E1301,幼稚園教員数,人,教育,basic,NEW pref,1,0,0,0,0,0000010105,
E130101,幼稚園教員数（男）,人,教育,basic,NEW pref,1,0,0,0,0,0000010105,
E130102,幼稚園教員数（女）,人,教育,basic,NEW pref,1,0,0,0,0,0000010105,
E1302,幼稚園教員数（養護教諭・養護助教諭）,人,教育,basic,NEW pref,1,0,0,0,0,0000010105,
E130201,幼稚園教員数（養護教諭・養護助教諭）（男）,人,教育,basic,NEW pref,1,0,0,0,0,0000010105,
E130202,幼稚園教員数（養護教諭・養護助教諭）（女）,人,教育,basic,NEW pref,1,0,0,0,0,0000010105,
E1303,幼稚園教員数（教育補助員）,人,教育,basic,NEW pref,1,0,0,0,0,0000010105,
E130301,幼稚園教員数（教育補助員）（男）,人,教育,basic,NEW pref,1,0,0,0,0,0000010105,
E130302,幼稚園教員数（教育補助員）（女）,人,教育,basic,NEW pref,1,0,0,0,0,0000010105,
E1401,幼稚園定員数,人,教育,basic,NEW pref,1,0,0,0,0,0000010105,
E140101,幼稚園定員数（国立）,人,教育,basic,NEW pref,1,0,0,0,0,0000010105,
E140102,幼稚園定員数（公立）,人,教育,basic,NEW pref,1,0,0,0,0,0000010105,
E140103,幼稚園定員数（私立）,人,教育,basic,NEW pref,1,0,0,0,0,0000010105,
E150101,幼稚園在園者数（3歳児）,人,教育,basic,NEW pref,1,0,0,0,0,0000010105,
E150102,幼稚園在園者数（4歳児）,人,教育,basic,NEW pref,1,0,0,0,0,0000010105,
E150103,幼稚園在園者数（5歳児）,人,教育,basic,NEW pref,1,0,0,0,0,0000010105,
E150104,幼稚園在園者数（男）,人,教育,basic,NEW pref,1,0,0,0,0,0000010105,
E150105,幼稚園在園者数（女）,人,教育,basic,NEW pref,1,0,0,0,0,0000010105,
E1502,幼稚園在園者数（公立）,人,教育,basic,NEW pref,1,0,0,0,0,0000010105,
E150201,幼稚園在園者数（公立）（3歳児）,人,教育,basic,NEW pref,1,0,0,0,0,0000010105,
E150202,幼稚園在園者数（公立）（4歳児）,人,教育,basic,NEW pref,1,0,0,0,0,0000010105,
E150203,幼稚園在園者数（公立）（5歳児）,人,教育,basic,NEW pref,1,0,0,0,0,0000010105,
E150204,幼稚園在園者数（公立）（男）,人,教育,basic,NEW pref,1,0,0,0,0,0000010105,
E150205,幼稚園在園者数（公立）（女）,人,教育,basic,NEW pref,1,0,0,0,0,0000010105,
E1601,幼稚園修了者数,人,教育,basic,NEW pref,1,0,0,0,0,0000010105,
E160101,幼稚園修了者数（男）,人,教育,basic,NEW pref,1,0,0,0,0,0000010105,
E160102,幼稚園修了者数（女）,人,教育,basic,NEW pref,1,0,0,0,0,0000010105,
E1701,幼保連携型認定こども園在園者数（学校基本調査）,人,教育,basic,NEW pref,1,0,0,0,0,0000010105,
E210101,小学校数（国立）,校,教育,basic,NEW pref,1,0,0,0,0,0000010105,
E210102,小学校数（公立）,校,教育,basic,NEW pref,1,0,0,0,0,0000010105,
E210103,小学校数（私立）,校,教育,basic,NEW pref,1,0,0,0,0,0000010105,
E2202,小学校校舎面積（公立）,ｍ2,教育,basic,NEW pref,1,0,0,0,0,0000010105,
E2203,小学校木造校舎面積（公立）,ｍ2,教育,basic,NEW pref,1,0,0,0,0,0000010105,
E2205,小学校屋内運動場面積（公立）,ｍ2,教育,basic,NEW pref,1,0,0,0,0,0000010105,
E2206,小学校屋内運動場保有校数（公立）,校,教育,basic,NEW pref,1,0,0,0,0,0000010105,
E2207,小学校プール保有校数（公立）,校,教育,basic,NEW pref,1,0,0,0,0,0000010105,
E2301,小学校学級数,学級,教育,basic,NEW pref,1,0,0,0,0,0000010105,
E230101,小学校学級数（国立）,学級,教育,basic,NEW pref,1,0,0,0,0,0000010105,
E230102,小学校学級数（公立）,学級,教育,basic,NEW pref,1,0,0,0,0,0000010105,
E2301021,小学校学級数（単式学級）（公立）,学級,教育,basic,NEW pref,1,0,0,0,0,0000010105,
E2301022,小学校学級数（複式学級）（公立）,学級,教育,basic,NEW pref,1,0,0,0,0,0000010105,
E2301023,小学校学級数（特別支援学級）（公立）,学級,教育,basic,NEW pref,1,0,0,0,0,0000010105,
E230103,小学校学級数（私立）,学級,教育,basic,NEW pref,1,0,0,0,0,0000010105,
E240101,小学校教員数（男）,人,教育,basic,NEW pref,1,0,0,0,0,0000010105,
E240102,小学校教員数（女）,人,教育,basic,NEW pref,1,0,0,0,0,0000010105,
E2402,小学校教員数（養護教諭・養護助教諭）,人,教育,basic,NEW pref,1,0,0,0,0,0000010105,
E240201,小学校教員数（養護教諭・養護助教諭）（男）,人,教育,basic,NEW pref,1,0,0,0,0,0000010105,
E240202,小学校教員数（養護教諭・養護助教諭）（女）,人,教育,basic,NEW pref,1,0,0,0,0,0000010105,
E250101,小学校児童数（国立）,人,教育,basic,NEW pref,1,0,0,0,0,0000010105,
E250102,小学校児童数（公立）,人,教育,basic,NEW pref,1,0,0,0,0,0000010105,
E2501021,小学校児童数（単式学級）（公立）,人,教育,basic,NEW pref,1,0,0,0,0,0000010105,
E2501022,小学校児童数（複式学級）（公立）,人,教育,basic,NEW pref,1,0,0,0,0,0000010105,
E2501023,小学校児童数（特別支援学級）（公立）,人,教育,basic,NEW pref,1,0,0,0,0,0000010105,
E2501024,小学校児童数（公立）（男）,人,教育,basic,NEW pref,1,0,0,0,0,0000010105,
E2501025,小学校児童数（公立）（女）,人,教育,basic,NEW pref,1,0,0,0,0,0000010105,
E250103,小学校児童数（私立）,人,教育,basic,NEW pref,1,0,0,0,0,0000010105,
E250104,小学校児童数（男）,人,教育,basic,NEW pref,1,0,0,0,0,0000010105,
E250105,小学校児童数（女）,人,教育,basic,NEW pref,1,0,0,0,0,0000010105,
E2502,小学校児童数（第1学年児童数）,人,教育,basic,NEW pref,1,0,0,0,0,0000010105,
E250401,小学校就学免除者数,人,教育,basic,NEW pref,1,0,0,0,0,0000010105,
E250402,小学校就学猶予者数,人,教育,basic,NEW pref,1,0,0,0,0,0000010105,
E2508,小学校長期欠席児童数（年度間30日以上）,人,教育,basic,NEW pref,1,0,0,0,0,0000010105,
E250801,小学校長期欠席児童数（病気）（年度間30日以上）,人,教育,basic,NEW pref,1,0,0,0,0,0000010105,
E250802,小学校長期欠席児童数（不登校）（年度間30日以上）,人,教育,basic,NEW pref,1,0,0,0,0,0000010105,
E2601,小学校帰国児童数,人,教育,basic,NEW pref,1,0,0,0,0,0000010105,
E310101,中学校数（国立）,校,教育,basic,NEW pref,1,0,0,0,0,0000010105,
E310102,中学校数（公立）,校,教育,basic,NEW pref,1,0,0,0,0,0000010105,
E310103,中学校数（私立）,校,教育,basic,NEW pref,1,0,0,0,0,0000010105,
E3202,中学校校舎面積（公立）,ｍ2,教育,basic,NEW pref,1,0,0,0,0,0000010105,
E3203,中学校木造校舎面積（公立）,ｍ2,教育,basic,NEW pref,1,0,0,0,0,0000010105,
E3205,中学校屋内運動場面積（公立）,ｍ2,教育,basic,NEW pref,1,0,0,0,0,0000010105,
E3206,中学校屋内運動場保有校数（公立）,校,教育,basic,NEW pref,1,0,0,0,0,0000010105,
E3207,中学校プール保有校数（公立）,校,教育,basic,NEW pref,1,0,0,0,0,0000010105,
E3301,中学校学級数,学級,教育,basic,NEW pref,1,0,0,0,0,0000010105,
E330101,中学校学級数（国立）,学級,教育,basic,NEW pref,1,0,0,0,0,0000010105,
E330102,中学校学級数（公立）,学級,教育,basic,NEW pref,1,0,0,0,0,0000010105,
E3301021,中学校学級数（単式学級）（公立）,学級,教育,basic,NEW pref,1,0,0,0,0,0000010105,
E3301022,中学校学級数（複式学級）（公立）,学級,教育,basic,NEW pref,1,0,0,0,0,0000010105,
E3301023,中学校学級数（特別支援学級）（公立）,学級,教育,basic,NEW pref,1,0,0,0,0,0000010105,
E330103,中学校学級数（私立）,学級,教育,basic,NEW pref,1,0,0,0,0,0000010105,
E340101,中学校教員数（男）,人,教育,basic,NEW pref,1,0,0,0,0,0000010105,
E340102,中学校教員数（女）,人,教育,basic,NEW pref,1,0,0,0,0,0000010105,
E3402,中学校教員数（養護教諭・養護助教諭）,人,教育,basic,NEW pref,1,0,0,0,0,0000010105,
E340201,中学校教員数（養護教諭・養護助教諭）（男）,人,教育,basic,NEW pref,1,0,0,0,0,0000010105,
E340202,中学校教員数（養護教諭・養護助教諭）（女）,人,教育,basic,NEW pref,1,0,0,0,0,0000010105,
E350101,中学校生徒数（公立）,人,教育,basic,NEW pref,1,0,0,0,0,0000010105,
E3501011,中学校生徒数（単式学級）（公立）,人,教育,basic,NEW pref,1,0,0,0,0,0000010105,
E3501012,中学校生徒数（複式学級）（公立）,人,教育,basic,NEW pref,1,0,0,0,0,0000010105,
E3501013,中学校生徒数（特別支援学級）（公立）,人,教育,basic,NEW pref,1,0,0,0,0,0000010105,
E3501014,中学校生徒数（公立）（男）,人,教育,basic,NEW pref,1,0,0,0,0,0000010105,
E3501015,中学校生徒数（公立）（女）,人,教育,basic,NEW pref,1,0,0,0,0,0000010105,
E350102,中学校生徒数（男）,人,教育,basic,NEW pref,1,0,0,0,0,0000010105,
E350103,中学校生徒数（女）,人,教育,basic,NEW pref,1,0,0,0,0,0000010105,
E350201,中学校就学免除者数,人,教育,basic,NEW pref,1,0,0,0,0,0000010105,
E350202,中学校就学猶予者数,人,教育,basic,NEW pref,1,0,0,0,0,0000010105,
E3505,中学校長期欠席生徒数（年度間30日以上）,人,教育,basic,NEW pref,1,0,0,0,0,0000010105,
E350501,中学校長期欠席生徒数（病気）（年度間30日以上）,人,教育,basic,NEW pref,1,0,0,0,0,0000010105,
E350502,中学校長期欠席生徒数（不登校）（年度間30日以上）,人,教育,basic,NEW pref,1,0,0,0,0,0000010105,
E3601,中学校帰国生徒数,人,教育,basic,NEW pref,1,0,0,0,0,0000010105,
E3701,中学校卒業者数,人,教育,basic,NEW pref,1,0,0,0,0,0000010105,
E370101,中学校卒業者数（男）,人,教育,basic,NEW pref,1,0,0,0,0,0000010105,
E370102,中学校卒業者数（女）,人,教育,basic,NEW pref,1,0,0,0,0,0000010105,
E3702,中学校卒業者のうち進学者数,人,教育,basic,NEW pref,1,0,0,0,0,0000010105,
E370201,中学校卒業者のうち進学者数（男）,人,教育,basic,NEW pref,1,0,0,0,0,0000010105,
E370202,中学校卒業者のうち進学者数（女）,人,教育,basic,NEW pref,1,0,0,0,0,0000010105,
E3703,中学校卒業者のうち専修学校等入学者数,人,教育,basic,NEW pref,1,0,0,0,0,0000010105,
E370301,中学校卒業者のうち専修学校等入学者数（男）,人,教育,basic,NEW pref,1,0,0,0,0,0000010105,
E370302,中学校卒業者のうち専修学校等入学者数（女）,人,教育,basic,NEW pref,1,0,0,0,0,0000010105,
E3704,中学校卒業者のうち就職者数,人,教育,basic,NEW pref,1,0,0,0,0,0000010105,
E370401,中学校卒業者のうち就職者数（男）,人,教育,basic,NEW pref,1,0,0,0,0,0000010105,
E370402,中学校卒業者のうち就職者数（女）,人,教育,basic,NEW pref,1,0,0,0,0,0000010105,
E3801,中学校卒業者の進学率,％,教育,basic,NEW pref,1,0,0,0,0,0000010105,
E380101,中学校卒業者の進学率（男）,％,教育,basic,NEW pref,1,0,0,0,0,0000010105,
E380102,中学校卒業者の進学率（女）,％,教育,basic,NEW pref,1,0,0,0,0,0000010105,
E3802,中学校卒業者の進学希望者数,人,教育,basic,NEW pref,1,0,0,0,0,0000010105,
E380201,中学校卒業者の進学希望者数（男）,人,教育,basic,NEW pref,1,0,0,0,0,0000010105,
E380202,中学校卒業者の進学希望者数（女）,人,教育,basic,NEW pref,1,0,0,0,0,0000010105,
E410101,高等学校数（国立）,校,教育,basic,NEW pref,1,0,0,0,0,0000010105,
E410102,高等学校数（公立）,校,教育,basic,NEW pref,1,0,0,0,0,0000010105,
E410103,高等学校数（私立）,校,教育,basic,NEW pref,1,0,0,0,0,0000010105,
E410201,高等学校数（全日制）,校,教育,basic,NEW pref,1,0,0,0,0,0000010105,
E410202,高等学校数（定時制）,校,教育,basic,NEW pref,1,0,0,0,0,0000010105,
E410203,高等学校数（併置）,校,教育,basic,NEW pref,1,0,0,0,0,0000010105,
E4202,高等学校校舎面積（公立）,ｍ2,教育,basic,NEW pref,1,0,0,0,0,0000010105,
E4207,高等学校プール保有校数（公立）,校,教育,basic,NEW pref,1,0,0,0,0,0000010105,
E4301,高等学校学級数（公立）,学級,教育,basic,NEW pref,1,0,0,0,0,0000010105,
E4401,高等学校教員数,人,教育,basic,NEW pref,1,0,0,0,0,0000010105,
E440101,高等学校教員数（男）,人,教育,basic,NEW pref,1,0,0,0,0,0000010105,
E440102,高等学校教員数（女）,人,教育,basic,NEW pref,1,0,0,0,0,0000010105,
E4402,高等学校教員数（養護教諭・養護助教諭）,人,教育,basic,NEW pref,1,0,0,0,0,0000010105,
E440201,高等学校教員数（養護教諭・養護助教諭）（男）,人,教育,basic,NEW pref,1,0,0,0,0,0000010105,
E440202,高等学校教員数（養護教諭・養護助教諭）（女）,人,教育,basic,NEW pref,1,0,0,0,0,0000010105,
E450101,高等学校生徒数（男）,人,教育,basic,NEW pref,1,0,0,0,0,0000010105,
E450102,高等学校生徒数（女）,人,教育,basic,NEW pref,1,0,0,0,0,0000010105,
E450110,高等学校生徒数（全日制）,人,教育,basic,NEW pref,1,0,0,0,0,0000010105,
E450111,高等学校生徒数（全日制）（男）,人,教育,basic,NEW pref,1,0,0,0,0,0000010105,
E450112,高等学校生徒数（全日制）（女）,人,教育,basic,NEW pref,1,0,0,0,0,0000010105,
E450120,高等学校生徒数（定時制）,人,教育,basic,NEW pref,1,0,0,0,0,0000010105,
E450121,高等学校生徒数（定時制）（男）,人,教育,basic,NEW pref,1,0,0,0,0,0000010105,
E450122,高等学校生徒数（定時制）（女）,人,教育,basic,NEW pref,1,0,0,0,0,0000010105,
E4511,高等学校生徒数（国立）,人,教育,basic,NEW pref,1,0,0,0,0,0000010105,
E451101,高等学校生徒数（国立）（男）,人,教育,basic,NEW pref,1,0,0,0,0,0000010105,
E451102,高等学校生徒数（国立）（女）,人,教育,basic,NEW pref,1,0,0,0,0,0000010105,
E4512,高等学校生徒数（公立）,人,教育,basic,NEW pref,1,0,0,0,0,0000010105,
E451201,高等学校生徒数（公立）（男）,人,教育,basic,NEW pref,1,0,0,0,0,0000010105,
E451202,高等学校生徒数（公立）（女）,人,教育,basic,NEW pref,1,0,0,0,0,0000010105,
E4513,高等学校生徒数（私立）,人,教育,basic,NEW pref,1,0,0,0,0,0000010105,
E451301,高等学校生徒数（私立）（男）,人,教育,basic,NEW pref,1,0,0,0,0,0000010105,
E451302,高等学校生徒数（私立）（女）,人,教育,basic,NEW pref,1,0,0,0,0,0000010105,
E4520,高等学校生徒数（通信制）,人,教育,basic,NEW pref,1,0,0,0,0,0000010105,
E452001,高等学校生徒数（通信制）（男）,人,教育,basic,NEW pref,1,0,0,0,0,0000010105,
E452002,高等学校生徒数（通信制）（女）,人,教育,basic,NEW pref,1,0,0,0,0,0000010105,
E4601,高等学校卒業者数,人,教育,basic,NEW pref,1,0,0,0,0,0000010105,
E460101,高等学校卒業者数（男）,人,教育,basic,NEW pref,1,0,0,0,0,0000010105,
E460102,高等学校卒業者数（女）,人,教育,basic,NEW pref,1,0,0,0,0,0000010105,
E4602,高等学校卒業者のうち進学者数,人,教育,basic,NEW pref,1,0,0,0,0,0000010105,
E460201,高等学校卒業者のうち進学者数（男）,人,教育,basic,NEW pref,1,0,0,0,0,0000010105,
E460202,高等学校卒業者のうち進学者数（女）,人,教育,basic,NEW pref,1,0,0,0,0,0000010105,
E460210,高等学校卒業者のうち短期大学進学者数,人,教育,basic,NEW pref,1,0,0,0,0,0000010105,
E460220,高等学校卒業者のうち大学進学者数,人,教育,basic,NEW pref,1,0,0,0,0,0000010105,
E4603,高等学校卒業者のうち専修学校等入学者数,人,教育,basic,NEW pref,1,0,0,0,0,0000010105,
E460301,高等学校卒業者のうち専修学校等入学者数（男）,人,教育,basic,NEW pref,1,0,0,0,0,0000010105,
E460302,高等学校卒業者のうち専修学校等入学者数（女）,人,教育,basic,NEW pref,1,0,0,0,0,0000010105,
E4604,高等学校卒業者のうち就職者数,人,教育,basic,NEW pref,1,0,0,0,0,0000010105,
E460401,高等学校卒業者のうち就職者数（男）,人,教育,basic,NEW pref,1,0,0,0,0,0000010105,
E460402,高等学校卒業者のうち就職者数（女）,人,教育,basic,NEW pref,1,0,0,0,0,0000010105,
E460410,高等学校卒業者の就職者のうち県内就職者数,人,教育,basic,NEW pref,1,0,0,0,0,0000010105,
E460411,高等学校卒業者の就職者のうち県内就職者数（男）,人,教育,basic,NEW pref,1,0,0,0,0,0000010105,
E460412,高等学校卒業者の就職者のうち県内就職者数（女）,人,教育,basic,NEW pref,1,0,0,0,0,0000010105,
E4605,高等学校卒業者のうち家事手伝い・外国の大学入学者・進路未定者数,人,教育,basic,NEW pref,1,0,0,0,0,0000010105,
E460501,高等学校卒業者のうち家事手伝い・外国の大学入学者・進路未定者数（男）,人,教育,basic,NEW pref,1,0,0,0,0,0000010105,
E460502,高等学校卒業者のうち家事手伝い・外国の大学入学者・進路未定者数（女）,人,教育,basic,NEW pref,1,0,0,0,0,0000010105,
E4701,高等学校卒業者の進学率,％,教育,basic,NEW pref,1,0,0,0,0,0000010105,
E470101,高等学校卒業者の進学率（男）,％,教育,basic,NEW pref,1,0,0,0,0,0000010105,
E470102,高等学校卒業者の進学率（女）,％,教育,basic,NEW pref,1,0,0,0,0,0000010105,
E470201,当該県の高校出身者で当該県の大学入学者数,人,教育,basic,NEW pref,1,0,0,0,0,0000010105,
E470202,当該県の高校出身者で他県の大学入学者数,人,教育,basic,NEW pref,1,0,0,0,0,0000010105,
E470203,当該県の高校出身者で当該県の短期大学入学者数,人,教育,basic,NEW pref,1,0,0,0,0,0000010105,
E470204,当該県の高校出身者で他県の短期大学入学者数,人,教育,basic,NEW pref,1,0,0,0,0,0000010105,
E470205,当該県の高校出身者である大学入学者数,人,教育,basic,NEW pref,1,0,0,0,0,0000010105,
E470206,当該県の高校出身者である短期大学入学者数,人,教育,basic,NEW pref,1,0,0,0,0,0000010105,
E4703,高等学校卒業者の進学希望者数（新規高等学校卒業者）,人,教育,basic,NEW pref,1,0,0,0,0,0000010105,
E470301,高等学校卒業者の進学希望者数（新規高等学校卒業者）（男）,人,教育,basic,NEW pref,1,0,0,0,0,0000010105,
E470302,高等学校卒業者の進学希望者数（新規高等学校卒業者）（女）,人,教育,basic,NEW pref,1,0,0,0,0,0000010105,
E4801,中等教育学校数,校,教育,basic,NEW pref,1,0,0,0,0,0000010105,
E4802,中等教育学校前期課程学級数（公立）,学級,教育,basic,NEW pref,1,0,0,0,0,0000010105,
E4803,中等教育学校後期課程学級数（公立）,学級,教育,basic,NEW pref,1,0,0,0,0,0000010105,
E4804,中等教育学校教員数,人,教育,basic,NEW pref,1,0,0,0,0,0000010105,
E4805,中等教育学校前期課程生徒数,人,教育,basic,NEW pref,1,0,0,0,0,0000010105,
E4806,中等教育学校後期課程生徒数,人,教育,basic,NEW pref,1,0,0,0,0,0000010105,
E4807,中等教育学校後期課程生の進学率,％,教育,basic,NEW pref,1,0,0,0,0,0000010105,
E4901,中等教育学校後期課程卒業者のうち大学進学者数,人,教育,basic,NEW pref,1,0,0,0,0,0000010105,
E4902,中等教育学校後期課程卒業者のうち短期大学進学者数,人,教育,basic,NEW pref,1,0,0,0,0,0000010105,
E5501,特別支援学校数,校,教育,basic,NEW pref,1,0,0,0,0,0000010105,
E550101,特別支援学校数（公立）,校,教育,basic,NEW pref,1,0,0,0,0,0000010105,
E5601,特別支援学校学級数（公立）,学級,教育,basic,NEW pref,1,0,0,0,0,0000010105,
E560101,特別支援学校学級数（幼稚部）（公立）,学級,教育,basic,NEW pref,1,0,0,0,0,0000010105,
E560102,特別支援学校学級数（小学部）（公立）,学級,教育,basic,NEW pref,1,0,0,0,0,0000010105,
E560103,特別支援学校学級数（中学部）（公立）,学級,教育,basic,NEW pref,1,0,0,0,0,0000010105,
E560104,特別支援学校学級数（高等部）（公立）,学級,教育,basic,NEW pref,1,0,0,0,0,0000010105,
E5701,特別支援学校教員数（公立）,人,教育,basic,NEW pref,1,0,0,0,0,0000010105,
E570101,特別支援学校教員数（男）（公立）,人,教育,basic,NEW pref,1,0,0,0,0,0000010105,
E570102,特別支援学校教員数（女）（公立）,人,教育,basic,NEW pref,1,0,0,0,0,0000010105,
E5702,視覚障害担当教員数（公立）,人,教育,basic,NEW pref,1,0,0,0,0,0000010105,
E5703,聴覚障害担当教員数（公立）,人,教育,basic,NEW pref,1,0,0,0,0,0000010105,
E5704,知的障害担当教員数（公立）,人,教育,basic,NEW pref,1,0,0,0,0,0000010105,
E5705,肢体不自由担当教員数（公立）,人,教育,basic,NEW pref,1,0,0,0,0,0000010105,
E5706,病弱・身体虚弱担当教員数（公立）,人,教育,basic,NEW pref,1,0,0,0,0,0000010105,
E5801,特別支援学校生徒数（公立）,人,教育,basic,NEW pref,1,0,0,0,0,0000010105,
E580101,特別支援学校生徒数（幼稚部）（公立）,人,教育,basic,NEW pref,1,0,0,0,0,0000010105,
E580102,特別支援学校生徒数（小学部）（公立）,人,教育,basic,NEW pref,1,0,0,0,0,0000010105,
E580103,特別支援学校生徒数（中学部）（公立）,人,教育,basic,NEW pref,1,0,0,0,0,0000010105,
E580104,特別支援学校生徒数（高等部）（公立）,人,教育,basic,NEW pref,1,0,0,0,0,0000010105,
E5901,特別支援学校（高等部）卒業者のうち大学進学者数,人,教育,basic,NEW pref,1,0,0,0,0,0000010105,
E5902,特別支援学校（高等部）卒業者のうち短期大学進学者数,人,教育,basic,NEW pref,1,0,0,0,0,0000010105,
E610101,短期大学数（国立）,校,教育,basic,NEW pref,1,0,0,0,0,0000010105,
E610102,短期大学数（公立）,校,教育,basic,NEW pref,1,0,0,0,0,0000010105,
E610103,短期大学数（私立）,校,教育,basic,NEW pref,1,0,0,0,0,0000010105,
E610201,大学数（国立）,校,教育,basic,NEW pref,1,0,0,0,0,0000010105,
E610202,大学数（公立）,校,教育,basic,NEW pref,1,0,0,0,0,0000010105,
E610203,大学数（私立）,校,教育,basic,NEW pref,1,0,0,0,0,0000010105,
E6201,短期大学教員数,人,教育,basic,NEW pref,1,0,0,0,0,0000010105,
E620101,短期大学教員数（男）,人,教育,basic,NEW pref,1,0,0,0,0,0000010105,
E620102,短期大学教員数（女）,人,教育,basic,NEW pref,1,0,0,0,0,0000010105,
E620110,短期大学教員数（国立）,人,教育,basic,NEW pref,1,0,0,0,0,0000010105,
E620120,短期大学教員数（公立）,人,教育,basic,NEW pref,1,0,0,0,0,0000010105,
E620130,短期大学教員数（私立）,人,教育,basic,NEW pref,1,0,0,0,0,0000010105,
E6202,大学教員数,人,教育,basic,NEW pref,1,0,0,0,0,0000010105,
E620201,大学教員数（男）,人,教育,basic,NEW pref,1,0,0,0,0,0000010105,
E620202,大学教員数（女）,人,教育,basic,NEW pref,1,0,0,0,0,0000010105,
E620210,大学教員数（国立）,人,教育,basic,NEW pref,1,0,0,0,0,0000010105,
E620220,大学教員数（公立）,人,教育,basic,NEW pref,1,0,0,0,0,0000010105,
E620230,大学教員数（私立）,人,教育,basic,NEW pref,1,0,0,0,0,0000010105,
E6301,短期大学学生数,人,教育,basic,NEW pref,1,0,0,0,0,0000010105,
E630101,短期大学学生数（男）,人,教育,basic,NEW pref,1,0,0,0,0,0000010105,
E630102,短期大学学生数（女）,人,教育,basic,NEW pref,1,0,0,0,0,0000010105,
E630110,短期大学学生数（国立）,人,教育,basic,NEW pref,1,0,0,0,0,0000010105,
E630111,短期大学学生数（国立）（男）,人,教育,basic,NEW pref,1,0,0,0,0,0000010105,
E630112,短期大学学生数（国立）（女）,人,教育,basic,NEW pref,1,0,0,0,0,0000010105,
E630120,短期大学学生数（公立）,人,教育,basic,NEW pref,1,0,0,0,0,0000010105,
E630121,短期大学学生数（公立）（男）,人,教育,basic,NEW pref,1,0,0,0,0,0000010105,
E630122,短期大学学生数（公立）（女）,人,教育,basic,NEW pref,1,0,0,0,0,0000010105,
E630130,短期大学学生数（私立）,人,教育,basic,NEW pref,1,0,0,0,0,0000010105,
E630131,短期大学学生数（私立）（男）,人,教育,basic,NEW pref,1,0,0,0,0,0000010105,
E630132,短期大学学生数（私立）（女）,人,教育,basic,NEW pref,1,0,0,0,0,0000010105,
E6302,大学学生数,人,教育,basic,NEW pref,1,0,0,0,0,0000010105,
E630201,大学学生数（男）,人,教育,basic,NEW pref,1,0,0,0,0,0000010105,
E630202,大学学生数（女）,人,教育,basic,NEW pref,1,0,0,0,0,0000010105,
E630210,大学学生数（国立）,人,教育,basic,NEW pref,1,0,0,0,0,0000010105,
E630211,大学学生数（国立）（男）,人,教育,basic,NEW pref,1,0,0,0,0,0000010105,
E630212,大学学生数（国立）（女）,人,教育,basic,NEW pref,1,0,0,0,0,0000010105,
E630220,大学学生数（公立）,人,教育,basic,NEW pref,1,0,0,0,0,0000010105,
E630221,大学学生数（公立）（男）,人,教育,basic,NEW pref,1,0,0,0,0,0000010105,
E630222,大学学生数（公立）（女）,人,教育,basic,NEW pref,1,0,0,0,0,0000010105,
E630230,大学学生数（私立）,人,教育,basic,NEW pref,1,0,0,0,0,0000010105,
E630231,大学学生数（私立）（男）,人,教育,basic,NEW pref,1,0,0,0,0,0000010105,
E630232,大学学生数（私立）（女）,人,教育,basic,NEW pref,1,0,0,0,0,0000010105,
E6401,短期大学・大学入学者数,人,教育,basic,NEW pref,1,0,0,0,0,0000010105,
E640101,短期大学・大学入学者数（男）,人,教育,basic,NEW pref,1,0,0,0,0,0000010105,
E640102,短期大学・大学入学者数（女）,人,教育,basic,NEW pref,1,0,0,0,0,0000010105,
E6402,短期大学入学者数,人,教育,basic,NEW pref,1,0,0,0,0,0000010105,
E640201,短期大学入学者数（男）,人,教育,basic,NEW pref,1,0,0,0,0,0000010105,
E640202,短期大学入学者数（女）,人,教育,basic,NEW pref,1,0,0,0,0,0000010105,
E6403,大学入学者数,人,教育,basic,NEW pref,1,0,0,0,0,0000010105,
E640301,大学入学者数（男）,人,教育,basic,NEW pref,1,0,0,0,0,0000010105,
E640302,大学入学者数（女）,人,教育,basic,NEW pref,1,0,0,0,0,0000010105,
E6501,短期大学卒業者数,人,教育,basic,NEW pref,1,0,0,0,0,0000010105,
E650101,短期大学卒業者数（男）,人,教育,basic,NEW pref,1,0,0,0,0,0000010105,
E650102,短期大学卒業者数（女）,人,教育,basic,NEW pref,1,0,0,0,0,0000010105,
E650110,短期大学卒業者のうち進学者数,人,教育,basic,NEW pref,1,0,0,0,0,0000010105,
E650111,短期大学卒業者のうち進学者数（男）,人,教育,basic,NEW pref,1,0,0,0,0,0000010105,
E650112,短期大学卒業者のうち進学者数（女）,人,教育,basic,NEW pref,1,0,0,0,0,0000010105,
E650120,短期大学卒業者のうち就職者数,人,教育,basic,NEW pref,1,0,0,0,0,0000010105,
E650121,短期大学卒業者のうち就職者数（男）,人,教育,basic,NEW pref,1,0,0,0,0,0000010105,
E650122,短期大学卒業者のうち就職者数（女）,人,教育,basic,NEW pref,1,0,0,0,0,0000010105,
E650130,短期大学卒業者のうち家事手伝い・進路未定者数,人,教育,basic,NEW pref,1,0,0,0,0,0000010105,
E650131,短期大学卒業者のうち家事手伝い・進路未定者数（男）,人,教育,basic,NEW pref,1,0,0,0,0,0000010105,
E650132,短期大学卒業者のうち家事手伝い・進路未定者数（女）,人,教育,basic,NEW pref,1,0,0,0,0,0000010105,
E6502,大学卒業者数,人,教育,basic,NEW pref,1,0,0,0,0,0000010105,
E650201,大学卒業者数（男）,人,教育,basic,NEW pref,1,0,0,0,0,0000010105,
E650202,大学卒業者数（女）,人,教育,basic,NEW pref,1,0,0,0,0,0000010105,
E650210,大学卒業者のうち進学者数,人,教育,basic,NEW pref,1,0,0,0,0,0000010105,
E650211,大学卒業者のうち進学者数（男）,人,教育,basic,NEW pref,1,0,0,0,0,0000010105,
E650212,大学卒業者のうち進学者数（女）,人,教育,basic,NEW pref,1,0,0,0,0,0000010105,
E650220,大学卒業者のうち就職者数,人,教育,basic,NEW pref,1,0,0,0,0,0000010105,
E650221,大学卒業者のうち就職者数（男）,人,教育,basic,NEW pref,1,0,0,0,0,0000010105,
E650222,大学卒業者のうち就職者数（女）,人,教育,basic,NEW pref,1,0,0,0,0,0000010105,
E650230,大学卒業者のうち家事手伝い・進路未定者数,人,教育,basic,NEW pref,1,0,0,0,0,0000010105,
E650231,大学卒業者のうち家事手伝い・進路未定者数（男）,人,教育,basic,NEW pref,1,0,0,0,0,0000010105,
E650232,大学卒業者のうち家事手伝い・進路未定者数（女）,人,教育,basic,NEW pref,1,0,0,0,0,0000010105,
E720101,専修学校生徒数（工業関係）,人,教育,basic,NEW pref,1,0,0,0,0,0000010105,
E720102,専修学校生徒数（農業関係）,人,教育,basic,NEW pref,1,0,0,0,0,0000010105,
E720103,専修学校生徒数（医療関係）,人,教育,basic,NEW pref,1,0,0,0,0,0000010105,
E720104,専修学校生徒数（衛生関係）,人,教育,basic,NEW pref,1,0,0,0,0,0000010105,
E720105,専修学校生徒数（教育・社会福祉関係）,人,教育,basic,NEW pref,1,0,0,0,0,0000010105,
E720106,専修学校生徒数（商業実務関係）,人,教育,basic,NEW pref,1,0,0,0,0,0000010105,
E720107,専修学校生徒数（服飾・家政関係）,人,教育,basic,NEW pref,1,0,0,0,0,0000010105,
E720108,専修学校生徒数（文化・教養関係）,人,教育,basic,NEW pref,1,0,0,0,0,0000010105,
E720110,専修学校生徒数（高等課程）,人,教育,basic,NEW pref,1,0,0,0,0,0000010105,
E720111,専修学校生徒数（専門課程）,人,教育,basic,NEW pref,1,0,0,0,0,0000010105,
E720112,専修学校生徒数（一般課程）,人,教育,basic,NEW pref,1,0,0,0,0,0000010105,
E720201,各種学校生徒数（工業関係）,人,教育,basic,NEW pref,1,0,0,0,0,0000010105,
E720202,各種学校生徒数（農業関係）,人,教育,basic,NEW pref,1,0,0,0,0,0000010105,
E720203,各種学校生徒数（医療関係）,人,教育,basic,NEW pref,1,0,0,0,0,0000010105,
E720204,各種学校生徒数（衛生関係）,人,教育,basic,NEW pref,1,0,0,0,0,0000010105,
E720205,各種学校生徒数（教育・社会福祉関係）,人,教育,basic,NEW pref,1,0,0,0,0,0000010105,
E720206,各種学校生徒数（商業実務関係）,人,教育,basic,NEW pref,1,0,0,0,0,0000010105,
E720207,各種学校生徒数（家政関係）,人,教育,basic,NEW pref,1,0,0,0,0,0000010105,
E720208,各種学校生徒数（文化・教養関係）,人,教育,basic,NEW pref,1,0,0,0,0,0000010105,
E8101,在学者1人当たり学校教育費（幼稚園）,円,教育,basic,NEW pref,1,0,0,0,0,0000010105,
E810101,在学者1人当たり学校教育費（幼保連携型認定こども園）,円,教育,basic,NEW pref,1,0,0,0,0,0000010105,
E8102,在学者1人当たり学校教育費（小学校）,円,教育,basic,NEW pref,1,0,0,0,0,0000010105,
E8103,在学者1人当たり学校教育費（中学校）,円,教育,basic,NEW pref,1,0,0,0,0,0000010105,
E8104,在学者1人当たり学校教育費（高等学校・全日制）,円,教育,basic,NEW pref,1,0,0,0,0,0000010105,
E8105,在学者1人当たり学校教育費（高等学校・定時制）,円,教育,basic,NEW pref,1,0,0,0,0,0000010105,
E8106,在学者1人当たり学校教育費（特別支援学校）,円,教育,basic,NEW pref,1,0,0,0,0,0000010105,
E8107,在学者1人当たり学校教育費（高等学校・通信制）,円,教育,basic,NEW pref,1,0,0,0,0,0000010105,
E8108,在学者1人当たり学校教育費（専修学校）,円,教育,basic,NEW pref,1,0,0,0,0,0000010105,
E8109,在学者1人当たり学校教育費（各種学校）,円,教育,basic,NEW pref,1,0,0,0,0,0000010105,
E8110,在学者1人当たり学校教育費（高等専門学校）,円,教育,basic,NEW pref,1,0,0,0,0,0000010105,
E910101,最終学歴人口（卒業者総数）（男）,人,教育,basic,NEW pref,1,0,0,0,0,0000010105,
E910102,最終学歴人口（卒業者総数）（女）,人,教育,basic,NEW pref,1,0,0,0,0,0000010105,
E910110,最終学歴人口（卒業者総数）（15～19歳）,人,教育,basic,NEW pref,1,0,0,0,0,0000010105,
E910111,最終学歴人口（卒業者総数）（15～19歳）（男）,人,教育,basic,NEW pref,1,0,0,0,0,0000010105,
E910112,最終学歴人口（卒業者総数）（15～19歳）（女）,人,教育,basic,NEW pref,1,0,0,0,0,0000010105,
E910120,最終学歴人口（卒業者総数）（20～29歳）,人,教育,basic,NEW pref,1,0,0,0,0,0000010105,
E910121,最終学歴人口（卒業者総数）（20～29歳）（男）,人,教育,basic,NEW pref,1,0,0,0,0,0000010105,
E910122,最終学歴人口（卒業者総数）（20～29歳）（女）,人,教育,basic,NEW pref,1,0,0,0,0,0000010105,
E910130,最終学歴人口（卒業者総数）（30～39歳）,人,教育,basic,NEW pref,1,0,0,0,0,0000010105,
E910131,最終学歴人口（卒業者総数）（30～39歳）（男）,人,教育,basic,NEW pref,1,0,0,0,0,0000010105,
E910133,最終学歴人口（卒業者総数）（30～39歳）（女）,人,教育,basic,NEW pref,1,0,0,0,0,0000010105,
E910140,最終学歴人口（卒業者総数）（40～49歳）,人,教育,basic,NEW pref,1,0,0,0,0,0000010105,
E910141,最終学歴人口（卒業者総数）（40～49歳）（男）,人,教育,basic,NEW pref,1,0,0,0,0,0000010105,
E910142,最終学歴人口（卒業者総数）（40～49歳）（女）,人,教育,basic,NEW pref,1,0,0,0,0,0000010105,
E910150,最終学歴人口（卒業者総数）（50～59歳）,人,教育,basic,NEW pref,1,0,0,0,0,0000010105,
E910151,最終学歴人口（卒業者総数）（50～59歳）（男）,人,教育,basic,NEW pref,1,0,0,0,0,0000010105,
E910153,最終学歴人口（卒業者総数）（50～59歳）（女）,人,教育,basic,NEW pref,1,0,0,0,0,0000010105,
E910160,最終学歴人口（卒業者総数）（60歳以上）,人,教育,basic,NEW pref,1,0,0,0,0,0000010105,
E910161,最終学歴人口（卒業者総数）（60歳以上）（男）,人,教育,basic,NEW pref,1,0,0,0,0,0000010105,
E910162,最終学歴人口（卒業者総数）（60歳以上）（女）,人,教育,basic,NEW pref,1,0,0,0,0,0000010105,
E910201,最終学歴人口（小学校・中学校・高小）（男）,人,教育,basic,NEW pref,1,0,0,0,0,0000010105,
E910202,最終学歴人口（小学校・中学校・高小）（女）,人,教育,basic,NEW pref,1,0,0,0,0,0000010105,
E910210,最終学歴人口（小学校・中学校・高小）（15～19歳）,人,教育,basic,NEW pref,1,0,0,0,0,0000010105,
E910211,最終学歴人口（小学校・中学校・高小）（15～19歳）（男）,人,教育,basic,NEW pref,1,0,0,0,0,0000010105,
E910212,最終学歴人口（小学校・中学校・高小）（15～19歳）（女）,人,教育,basic,NEW pref,1,0,0,0,0,0000010105,
E910220,最終学歴人口（小学校・中学校・高小）（20～29歳）,人,教育,basic,NEW pref,1,0,0,0,0,0000010105,
E910221,最終学歴人口（小学校・中学校・高小）（20～29歳）（男）,人,教育,basic,NEW pref,1,0,0,0,0,0000010105,
E910222,最終学歴人口（小学校・中学校・高小）（20～29歳）（女）,人,教育,basic,NEW pref,1,0,0,0,0,0000010105,
E910230,最終学歴人口（小学校・中学校・高小）（30～39歳）,人,教育,basic,NEW pref,1,0,0,0,0,0000010105,
E910231,最終学歴人口（小学校・中学校・高小）（30～39歳）（男）,人,教育,basic,NEW pref,1,0,0,0,0,0000010105,
E910233,最終学歴人口（小学校・中学校・高小）（30～39歳）（女）,人,教育,basic,NEW pref,1,0,0,0,0,0000010105,
E910240,最終学歴人口（小学校・中学校・高小）（40～49歳）,人,教育,basic,NEW pref,1,0,0,0,0,0000010105,
E910241,最終学歴人口（小学校・中学校・高小）（40～49歳）（男）,人,教育,basic,NEW pref,1,0,0,0,0,0000010105,
E910242,最終学歴人口（小学校・中学校・高小）（40～49歳）（女）,人,教育,basic,NEW pref,1,0,0,0,0,0000010105,
E910250,最終学歴人口（小学校・中学校・高小）（50～59歳）,人,教育,basic,NEW pref,1,0,0,0,0,0000010105,
E910251,最終学歴人口（小学校・中学校・高小）（50～59歳）（男）,人,教育,basic,NEW pref,1,0,0,0,0,0000010105,
E910253,最終学歴人口（小学校・中学校・高小）（50～59歳）（女）,人,教育,basic,NEW pref,1,0,0,0,0,0000010105,
E910260,最終学歴人口（小学校・中学校・高小）（60歳以上）,人,教育,basic,NEW pref,1,0,0,0,0,0000010105,
E910261,最終学歴人口（小学校・中学校・高小）（60歳以上）（男）,人,教育,basic,NEW pref,1,0,0,0,0,0000010105,
E910262,最終学歴人口（小学校・中学校・高小）（60歳以上）（女）,人,教育,basic,NEW pref,1,0,0,0,0,0000010105,
E910301,最終学歴人口（高校・旧中）（男）,人,教育,basic,NEW pref,1,0,0,0,0,0000010105,
E910302,最終学歴人口（高校・旧中）（女）,人,教育,basic,NEW pref,1,0,0,0,0,0000010105,
E910310,最終学歴人口（高校・旧中）（15～19歳）,人,教育,basic,NEW pref,1,0,0,0,0,0000010105,
E910311,最終学歴人口（高校・旧中）（15～19歳）（男）,人,教育,basic,NEW pref,1,0,0,0,0,0000010105,
E910312,最終学歴人口（高校・旧中）（15～19歳）（女）,人,教育,basic,NEW pref,1,0,0,0,0,0000010105,
E910320,最終学歴人口（高校・旧中）（20～29歳）,人,教育,basic,NEW pref,1,0,0,0,0,0000010105,
E910321,最終学歴人口（高校・旧中）（20～29歳）（男）,人,教育,basic,NEW pref,1,0,0,0,0,0000010105,
E910322,最終学歴人口（高校・旧中）（20～29歳）（女）,人,教育,basic,NEW pref,1,0,0,0,0,0000010105,
E910330,最終学歴人口（高校・旧中）（30～39歳）,人,教育,basic,NEW pref,1,0,0,0,0,0000010105,
E910331,最終学歴人口（高校・旧中）（30～39歳）（男）,人,教育,basic,NEW pref,1,0,0,0,0,0000010105,
E910333,最終学歴人口（高校・旧中）（30～39歳）（女）,人,教育,basic,NEW pref,1,0,0,0,0,0000010105,
E910340,最終学歴人口（高校・旧中）（40～49歳）,人,教育,basic,NEW pref,1,0,0,0,0,0000010105,
E910341,最終学歴人口（高校・旧中）（40～49歳）（男）,人,教育,basic,NEW pref,1,0,0,0,0,0000010105,
E910342,最終学歴人口（高校・旧中）（40～49歳）（女）,人,教育,basic,NEW pref,1,0,0,0,0,0000010105,
E910350,最終学歴人口（高校・旧中）（50～59歳）,人,教育,basic,NEW pref,1,0,0,0,0,0000010105,
E910351,最終学歴人口（高校・旧中）（50～59歳）（男）,人,教育,basic,NEW pref,1,0,0,0,0,0000010105,
E910353,最終学歴人口（高校・旧中）（50～59歳）（女）,人,教育,basic,NEW pref,1,0,0,0,0,0000010105,
E910460,最終学歴人口（高校・旧中）（60歳以上）,人,教育,basic,NEW pref,1,0,0,0,0,0000010105,
E910461,最終学歴人口（高校・旧中）（60歳以上）（男）,人,教育,basic,NEW pref,1,0,0,0,0,0000010105,
E910462,最終学歴人口（高校・旧中）（60歳以上）（女）,人,教育,basic,NEW pref,1,0,0,0,0,0000010105,
E910501,最終学歴人口（短大・高専）（男）,人,教育,basic,NEW pref,1,0,0,0,0,0000010105,
E910502,最終学歴人口（短大・高専）（女）,人,教育,basic,NEW pref,1,0,0,0,0,0000010105,
E910520,最終学歴人口（短大・高専）（20～29歳）,人,教育,basic,NEW pref,1,0,0,0,0,0000010105,
E910521,最終学歴人口（短大・高専）（20～29歳）（男）,人,教育,basic,NEW pref,1,0,0,0,0,0000010105,
E910522,最終学歴人口（短大・高専）（20～29歳）（女）,人,教育,basic,NEW pref,1,0,0,0,0,0000010105,
E910530,最終学歴人口（短大・高専）（30～39歳）,人,教育,basic,NEW pref,1,0,0,0,0,0000010105,
E910531,最終学歴人口（短大・高専）（30～39歳）（男）,人,教育,basic,NEW pref,1,0,0,0,0,0000010105,
E910533,最終学歴人口（短大・高専）（30～39歳）（女）,人,教育,basic,NEW pref,1,0,0,0,0,0000010105,
E910540,最終学歴人口（短大・高専）（40～49歳）,人,教育,basic,NEW pref,1,0,0,0,0,0000010105,
E910541,最終学歴人口（短大・高専）（40～49歳）（男）,人,教育,basic,NEW pref,1,0,0,0,0,0000010105,
E910542,最終学歴人口（短大・高専）（40～49歳）（女）,人,教育,basic,NEW pref,1,0,0,0,0,0000010105,
E910550,最終学歴人口（短大・高専）（50～59歳）,人,教育,basic,NEW pref,1,0,0,0,0,0000010105,
E910551,最終学歴人口（短大・高専）（50～59歳）（男）,人,教育,basic,NEW pref,1,0,0,0,0,0000010105,
E910553,最終学歴人口（短大・高専）（50～59歳）（女）,人,教育,basic,NEW pref,1,0,0,0,0,0000010105,
E910560,最終学歴人口（短大・高専）（60歳以上）,人,教育,basic,NEW pref,1,0,0,0,0,0000010105,
E910561,最終学歴人口（短大・高専）（60歳以上）（男）,人,教育,basic,NEW pref,1,0,0,0,0,0000010105,
E910562,最終学歴人口（短大・高専）（60歳以上）（女）,人,教育,basic,NEW pref,1,0,0,0,0,0000010105,
E910601,最終学歴人口（大学・大学院）（男）,人,教育,basic,NEW pref,1,0,0,0,0,0000010105,
E910602,最終学歴人口（大学・大学院）（女）,人,教育,basic,NEW pref,1,0,0,0,0,0000010105,
E910620,最終学歴人口（大学・大学院）（20～29歳）,人,教育,basic,NEW pref,1,0,0,0,0,0000010105,
E910621,最終学歴人口（大学・大学院）（20～29歳）（男）,人,教育,basic,NEW pref,1,0,0,0,0,0000010105,
E910622,最終学歴人口（大学・大学院）（20～29歳）（女）,人,教育,basic,NEW pref,1,0,0,0,0,0000010105,
E910630,最終学歴人口（大学・大学院）（30～39歳）,人,教育,basic,NEW pref,1,0,0,0,0,0000010105,
E910631,最終学歴人口（大学・大学院）（30～39歳）（男）,人,教育,basic,NEW pref,1,0,0,0,0,0000010105,
E910633,最終学歴人口（大学・大学院）（30～39歳）（女）,人,教育,basic,NEW pref,1,0,0,0,0,0000010105,
E910640,最終学歴人口（大学・大学院）（40～49歳）,人,教育,basic,NEW pref,1,0,0,0,0,0000010105,
E910641,最終学歴人口（大学・大学院）（40～49歳）（男）,人,教育,basic,NEW pref,1,0,0,0,0,0000010105,
E910642,最終学歴人口（大学・大学院）（40～49歳）（女）,人,教育,basic,NEW pref,1,0,0,0,0,0000010105,
E910650,最終学歴人口（大学・大学院）（50～59歳）,人,教育,basic,NEW pref,1,0,0,0,0,0000010105,
E910651,最終学歴人口（大学・大学院）（50～59歳）（男）,人,教育,basic,NEW pref,1,0,0,0,0,0000010105,
E910653,最終学歴人口（大学・大学院）（50～59歳）（女）,人,教育,basic,NEW pref,1,0,0,0,0,0000010105,
E910660,最終学歴人口（大学・大学院）（60歳以上）,人,教育,basic,NEW pref,1,0,0,0,0,0000010105,
E910661,最終学歴人口（大学・大学院）（60歳以上）（男）,人,教育,basic,NEW pref,1,0,0,0,0,0000010105,
E910662,最終学歴人口（大学・大学院）（60歳以上）（女）,人,教育,basic,NEW pref,1,0,0,0,0,0000010105,
E9201,在学者数,人,教育,basic,NEW pref,1,0,0,0,0,0000010105,
E920101,在学者数（男）,人,教育,basic,NEW pref,1,0,0,0,0,0000010105,
E920102,在学者数（女）,人,教育,basic,NEW pref,1,0,0,0,0,0000010105,
E9202,在学者数（小学校・中学校）,人,教育,basic,NEW pref,1,0,0,0,0,0000010105,
E920201,在学者数（小学校・中学校）（男）,人,教育,basic,NEW pref,1,0,0,0,0,0000010105,
E920202,在学者数（小学校・中学校）（女）,人,教育,basic,NEW pref,1,0,0,0,0,0000010105,
E9203,在学者数（高等学校）,人,教育,basic,NEW pref,1,0,0,0,0,0000010105,
E920301,在学者数（高等学校）（男）,人,教育,basic,NEW pref,1,0,0,0,0,0000010105,
E920302,在学者数（高等学校）（女）,人,教育,basic,NEW pref,1,0,0,0,0,0000010105,
E9204,在学者数（短大・高専）,人,教育,basic,NEW pref,1,0,0,0,0,0000010105,
E920401,在学者数（短大・高専）（男）,人,教育,basic,NEW pref,1,0,0,0,0,0000010105,
E920402,在学者数（短大・高専）（女）,人,教育,basic,NEW pref,1,0,0,0,0,0000010105,
E9205,在学者数（大学・大学院）,人,教育,basic,NEW pref,1,0,0,0,0,0000010105,
E920501,在学者数（大学・大学院）（男）,人,教育,basic,NEW pref,1,0,0,0,0,0000010105,
E920502,在学者数（大学・大学院）（女）,人,教育,basic,NEW pref,1,0,0,0,0,0000010105,
E9301,未就学者数,人,教育,basic,NEW pref,1,0,0,0,0,0000010105,
E930101,未就学者数（男）,人,教育,basic,NEW pref,1,0,0,0,0,0000010105,
E930102,未就学者数（女）,人,教育,basic,NEW pref,1,0,0,0,0,0000010105,
E9302,未就学者数（幼稚園）,人,教育,basic,NEW pref,1,0,0,0,0,0000010105,
E930201,未就学者数（幼稚園）（男）,人,教育,basic,NEW pref,1,0,0,0,0,0000010105,
E930202,未就学者数（幼稚園）（女）,人,教育,basic,NEW pref,1,0,0,0,0,0000010105,
E9303,未就学者数（保育園・保育所）,人,教育,basic,NEW pref,1,0,0,0,0,0000010105,
E930301,未就学者数（保育園・保育所）（男）,人,教育,basic,NEW pref,1,0,0,0,0,0000010105,
E930302,未就学者数（保育園・保育所）（女）,人,教育,basic,NEW pref,1,0,0,0,0,0000010105,
E9304,未就学者数（その他）,人,教育,basic,NEW pref,1,0,0,0,0,0000010105,
E930401,未就学者数（その他）（男）,人,教育,basic,NEW pref,1,0,0,0,0,0000010105,
E930402,未就学者数（その他）（女）,人,教育,basic,NEW pref,1,0,0,0,0,0000010105,
E9401,教育用コンピュータ1台当たりの児童数（小学校）,人,教育,basic,NEW pref,1,0,0,0,0,0000010105,
E9402,教育用コンピュータ1台当たりの生徒数（中学校）,人,教育,basic,NEW pref,1,0,0,0,0,0000010105,
E9403,教育用コンピュータ1台当たりの生徒数（高等学校）,人,教育,basic,NEW pref,1,0,0,0,0,0000010105,
E9404,児童生徒一人当たりの学習用ＰＣ台数（小学校）,台,教育,basic,NEW pref,1,0,0,0,0,0000010105,
E9405,児童生徒一人当たりの学習用ＰＣ台数（中学校）,台,教育,basic,NEW pref,1,0,0,0,0,0000010105,
E9406,児童生徒一人当たりの学習用ＰＣ台数（高等学校）,台,教育,basic,NEW pref,1,0,0,0,0,0000010105,
E9411,1学校当たりの電子黒板の整備台数（小学校）,台,教育,basic,NEW pref,1,0,0,0,0,0000010105,
E9412,1学校当たりの電子黒板の整備台数（中学校）,台,教育,basic,NEW pref,1,0,0,0,0,0000010105,
E9413,1学校当たりの電子黒板の整備台数（高等学校）,台,教育,basic,NEW pref,1,0,0,0,0,0000010105,
E9414,普通教室の電子黒板整備率（小学校）,%,教育,basic,NEW pref,1,0,0,0,0,0000010105,
E9415,普通教室の電子黒板整備率（中学校）,%,教育,basic,NEW pref,1,0,0,0,0,0000010105,
E9416,普通教室の電子黒板整備率（高等学校）,%,教育,basic,NEW pref,1,0,0,0,0,0000010105,
E9417,普通教室の大型提示装置整備率（小学校）,%,教育,basic,NEW pref,1,0,0,0,0,0000010105,
E9418,普通教室の大型提示装置整備率（中学校）,%,教育,basic,NEW pref,1,0,0,0,0,0000010105,
E9419,普通教室の大型提示装置整備率（高等学校）,%,教育,basic,NEW pref,1,0,0,0,0,0000010105,
E9421,デジタル教科書の整備率（小学校）,％,教育,basic,NEW pref,1,0,0,0,0,0000010105,
E9422,デジタル教科書の整備率（中学校）,％,教育,basic,NEW pref,1,0,0,0,0,0000010105,
E9423,デジタル教科書の整備率（高等学校）,％,教育,basic,NEW pref,1,0,0,0,0,0000010105,
E9501,都道府県別暴力行為発生件数,件,教育,basic,NEW pref,1,0,0,0,0,0000010105,
E9502,都道府県別いじめ認知件数等,件,教育,basic,NEW pref,1,0,0,0,0,0000010105,
E9503,都道府県別いじめの現在の状況（解消件数）,件,教育,basic,NEW pref,1,0,0,0,0,0000010105,
#F03105,#F03105_有効求人倍率,倍,労働,indicator,NEW pref,1,0,0,0,0,0000010206,
#F04105,#F04105_転職者比率,％,労働,indicator,NEW pref,1,0,0,0,0,0000010206,
F110301,就業者数・主に仕事（男）,人,労働,basic,NEW pref,1,0,0,0,0,0000010106,
F110302,就業者数・主に仕事（女）,人,労働,basic,NEW pref,1,0,0,0,0,0000010106,
F110401,就業者数・家事のほか仕事（男）,人,労働,basic,NEW pref,1,0,0,0,0,0000010106,
F110402,就業者数・家事のほか仕事（女）,人,労働,basic,NEW pref,1,0,0,0,0,0000010106,
F110501,就業者数・通学のかたわら仕事（男）,人,労働,basic,NEW pref,1,0,0,0,0,0000010106,
F110502,就業者数・通学のかたわら仕事（女）,人,労働,basic,NEW pref,1,0,0,0,0,0000010106,
F110601,就業者数・休業者（男）,人,労働,basic,NEW pref,1,0,0,0,0,0000010106,
F110602,就業者数・休業者（女）,人,労働,basic,NEW pref,1,0,0,0,0,0000010106,
F110901,非労働力人口・家事（男）,人,労働,basic,NEW pref,1,0,0,0,0,0000010106,
F110902,非労働力人口・家事（女）,人,労働,basic,NEW pref,1,0,0,0,0,0000010106,
F111001,非労働力人口・通学（男）,人,労働,basic,NEW pref,1,0,0,0,0,0000010106,
F111002,非労働力人口・通学（女）,人,労働,basic,NEW pref,1,0,0,0,0,0000010106,
F111101,非労働力人口・その他（男）,人,労働,basic,NEW pref,1,0,0,0,0,0000010106,
F111102,非労働力人口・その他（女）,人,労働,basic,NEW pref,1,0,0,0,0,0000010106,
F1201,15歳以上人口（就業構造基本調査結果）,千人,労働,basic,NEW pref,1,0,0,0,0,0000010106,
F120101,15歳以上人口（男）（就業構造基本調査結果）,千人,労働,basic,NEW pref,1,0,0,0,0,0000010106,
F120102,15歳以上人口（女）（就業構造基本調査結果）,千人,労働,basic,NEW pref,1,0,0,0,0,0000010106,
F1202,有業者数,千人,労働,basic,NEW pref,1,0,0,0,0,0000010106,
F120201,有業者数（男）,千人,労働,basic,NEW pref,1,0,0,0,0,0000010106,
F120202,有業者数（女）,千人,労働,basic,NEW pref,1,0,0,0,0,0000010106,
F1203,有業者数・仕事が主な者,千人,労働,basic,NEW pref,1,0,0,0,0,0000010106,
F120301,有業者数・仕事が主な者（男）,千人,労働,basic,NEW pref,1,0,0,0,0,0000010106,
F120302,有業者数・仕事が主な者（女）,千人,労働,basic,NEW pref,1,0,0,0,0,0000010106,
F1204,有業者数・仕事は従な者,千人,労働,basic,NEW pref,1,0,0,0,0,0000010106,
F120401,有業者数・仕事は従な者（男）,千人,労働,basic,NEW pref,1,0,0,0,0,0000010106,
F120402,有業者数・仕事は従な者（女）,千人,労働,basic,NEW pref,1,0,0,0,0,0000010106,
F1205,無業者数,千人,労働,basic,NEW pref,1,0,0,0,0,0000010106,
F120501,無業者数（男）,千人,労働,basic,NEW pref,1,0,0,0,0,0000010106,
F120502,無業者数（女）,千人,労働,basic,NEW pref,1,0,0,0,0,0000010106,
F1206,無業者数・家事をしている者,千人,労働,basic,NEW pref,1,0,0,0,0,0000010106,
F120601,無業者数・家事をしている者（男）,千人,労働,basic,NEW pref,1,0,0,0,0,0000010106,
F120602,無業者数・家事をしている者（女）,千人,労働,basic,NEW pref,1,0,0,0,0,0000010106,
F1207,無業者数・通学している者,千人,労働,basic,NEW pref,1,0,0,0,0,0000010106,
F120701,無業者数・通学している者（男）,千人,労働,basic,NEW pref,1,0,0,0,0,0000010106,
F120702,無業者数・通学している者（女）,千人,労働,basic,NEW pref,1,0,0,0,0,0000010106,
F1208,無業者数・その他,千人,労働,basic,NEW pref,1,0,0,0,0,0000010106,
F120801,無業者数・その他（男）,千人,労働,basic,NEW pref,1,0,0,0,0,0000010106,
F120802,無業者数・その他（女）,千人,労働,basic,NEW pref,1,0,0,0,0,0000010106,
F130101,農林漁業者（男）,人,労働,basic,NEW pref,1,0,0,0,0,0000010106,
F130102,農林漁業者（女）,人,労働,basic,NEW pref,1,0,0,0,0,0000010106,
F130201,農林漁業雇用者（男）,人,労働,basic,NEW pref,1,0,0,0,0,0000010106,
F130202,農林漁業雇用者（女）,人,労働,basic,NEW pref,1,0,0,0,0,0000010106,
F130301,会社団体役員（男）,人,労働,basic,NEW pref,1,0,0,0,0,0000010106,
F130302,会社団体役員（女）,人,労働,basic,NEW pref,1,0,0,0,0,0000010106,
F130401,商店主（男）,人,労働,basic,NEW pref,1,0,0,0,0,0000010106,
F130402,商店主（女）,人,労働,basic,NEW pref,1,0,0,0,0,0000010106,
F130501,工場主（男）,人,労働,basic,NEW pref,1,0,0,0,0,0000010106,
F130502,工場主（女）,人,労働,basic,NEW pref,1,0,0,0,0,0000010106,
F130601,サービス・その他の事業主（男）,人,労働,basic,NEW pref,1,0,0,0,0,0000010106,
F130602,サービス・その他の事業主（女）,人,労働,basic,NEW pref,1,0,0,0,0,0000010106,
F130701,専門職業者（男）,人,労働,basic,NEW pref,1,0,0,0,0,0000010106,
F130702,専門職業者（女）,人,労働,basic,NEW pref,1,0,0,0,0,0000010106,
F130801,技術者（男）,人,労働,basic,NEW pref,1,0,0,0,0,0000010106,
F130802,技術者（女）,人,労働,basic,NEW pref,1,0,0,0,0,0000010106,
F130901,教員・宗教家（男）,人,労働,basic,NEW pref,1,0,0,0,0,0000010106,
F130902,教員・宗教家（女）,人,労働,basic,NEW pref,1,0,0,0,0,0000010106,
F131001,文筆家・芸術家・芸能家（男）,人,労働,basic,NEW pref,1,0,0,0,0,0000010106,
F131002,文筆家・芸術家・芸能家（女）,人,労働,basic,NEW pref,1,0,0,0,0,0000010106,
F131101,管理職（男）,人,労働,basic,NEW pref,1,0,0,0,0,0000010106,
F131102,管理職（女）,人,労働,basic,NEW pref,1,0,0,0,0,0000010106,
F131201,事務職（男）,人,労働,basic,NEW pref,1,0,0,0,0,0000010106,
F131202,事務職（女）,人,労働,basic,NEW pref,1,0,0,0,0,0000010106,
F131301,販売人（男）,人,労働,basic,NEW pref,1,0,0,0,0,0000010106,
F131302,販売人（女）,人,労働,basic,NEW pref,1,0,0,0,0,0000010106,
F131401,技能者（男）,人,労働,basic,NEW pref,1,0,0,0,0,0000010106,
F131402,技能者（女）,人,労働,basic,NEW pref,1,0,0,0,0,0000010106,
F131501,労務作業者（男）,人,労働,basic,NEW pref,1,0,0,0,0,0000010106,
F131502,労務作業者（女）,人,労働,basic,NEW pref,1,0,0,0,0,0000010106,
F131601,個人サービス人（男）,人,労働,basic,NEW pref,1,0,0,0,0,0000010106,
F131602,個人サービス人（女）,人,労働,basic,NEW pref,1,0,0,0,0,0000010106,
F131701,保安職（男）,人,労働,basic,NEW pref,1,0,0,0,0,0000010106,
F131702,保安職（女）,人,労働,basic,NEW pref,1,0,0,0,0,0000010106,
F140111,65歳以上の単身者世帯（完全失業者数（男））,世帯,労働,basic,NEW pref,1,0,0,0,0,0000010106,
F140112,65歳以上の単身者世帯（完全失業者数（女））,世帯,労働,basic,NEW pref,1,0,0,0,0,0000010106,
F140121,65歳以上の単身者世帯（非労働力人口（男））,世帯,労働,basic,NEW pref,1,0,0,0,0,0000010106,
F140122,65歳以上の単身者世帯（非労働力人口（女））,世帯,労働,basic,NEW pref,1,0,0,0,0,0000010106,
F140301,母子世帯・完全失業者数,世帯,労働,basic,NEW pref,1,0,0,0,0,0000010106,
F140302,母子世帯・非労働力人口,世帯,労働,basic,NEW pref,1,0,0,0,0,0000010106,
F1501,共働き世帯数,世帯,労働,basic,NEW pref,1,0,0,0,0,0000010106,
F150101,共働き世帯数（子供なし）,世帯,労働,basic,NEW pref,1,0,0,0,0,0000010106,
F150102,共働き世帯数（6歳未満の子供あり）,世帯,労働,basic,NEW pref,1,0,0,0,0,0000010106,
F150103,共働き世帯数（18歳未満の子供あり）,世帯,労働,basic,NEW pref,1,0,0,0,0,0000010106,
F2101,就業者数（15～19歳）,人,労働,basic,NEW pref,1,0,0,0,0,0000010106,
F210101,就業者数（15～19歳）（男）,人,労働,basic,NEW pref,1,0,0,0,0,0000010106,
F210102,就業者数（15～19歳）（女）,人,労働,basic,NEW pref,1,0,0,0,0,0000010106,
F2102,就業者数（20～24歳）,人,労働,basic,NEW pref,1,0,0,0,0,0000010106,
F210201,就業者数（20～24歳）（男）,人,労働,basic,NEW pref,1,0,0,0,0,0000010106,
F210202,就業者数（20～24歳）（女）,人,労働,basic,NEW pref,1,0,0,0,0,0000010106,
F2103,就業者数（25～29歳）,人,労働,basic,NEW pref,1,0,0,0,0,0000010106,
F210301,就業者数（25～29歳）（男）,人,労働,basic,NEW pref,1,0,0,0,0,0000010106,
F210302,就業者数（25～29歳）（女）,人,労働,basic,NEW pref,1,0,0,0,0,0000010106,
F2104,就業者数（30～34歳）,人,労働,basic,NEW pref,1,0,0,0,0,0000010106,
F210401,就業者数（30～34歳）（男）,人,労働,basic,NEW pref,1,0,0,0,0,0000010106,
F210402,就業者数（30～34歳）（女）,人,労働,basic,NEW pref,1,0,0,0,0,0000010106,
F2105,就業者数（35～39歳）,人,労働,basic,NEW pref,1,0,0,0,0,0000010106,
F210501,就業者数（35～39歳）（男）,人,労働,basic,NEW pref,1,0,0,0,0,0000010106,
F210502,就業者数（35～39歳）（女）,人,労働,basic,NEW pref,1,0,0,0,0,0000010106,
F2106,就業者数（40～44歳）,人,労働,basic,NEW pref,1,0,0,0,0,0000010106,
F210601,就業者数（40～44歳）（男）,人,労働,basic,NEW pref,1,0,0,0,0,0000010106,
F210602,就業者数（40～44歳）（女）,人,労働,basic,NEW pref,1,0,0,0,0,0000010106,
F2107,就業者数（45～49歳）,人,労働,basic,NEW pref,1,0,0,0,0,0000010106,
F210701,就業者数（45～49歳）（男）,人,労働,basic,NEW pref,1,0,0,0,0,0000010106,
F210702,就業者数（45～49歳）（女）,人,労働,basic,NEW pref,1,0,0,0,0,0000010106,
F2108,就業者数（50～54歳）,人,労働,basic,NEW pref,1,0,0,0,0,0000010106,
F210801,就業者数（50～54歳）（男）,人,労働,basic,NEW pref,1,0,0,0,0,0000010106,
F210802,就業者数（50～54歳）（女）,人,労働,basic,NEW pref,1,0,0,0,0,0000010106,
F2109,就業者数（55～59歳）,人,労働,basic,NEW pref,1,0,0,0,0,0000010106,
F210901,就業者数（55～59歳）（男）,人,労働,basic,NEW pref,1,0,0,0,0,0000010106,
F210902,就業者数（55～59歳）（女）,人,労働,basic,NEW pref,1,0,0,0,0,0000010106,
F2110,就業者数（60～64歳）,人,労働,basic,NEW pref,1,0,0,0,0,0000010106,
F211001,就業者数（60～64歳）（男）,人,労働,basic,NEW pref,1,0,0,0,0,0000010106,
F211002,就業者数（60～64歳）（女）,人,労働,basic,NEW pref,1,0,0,0,0,0000010106,
F2111,就業者数（65～69歳）,人,労働,basic,NEW pref,1,0,0,0,0,0000010106,
F211101,就業者数（65～69歳）（男）,人,労働,basic,NEW pref,1,0,0,0,0,0000010106,
F211102,就業者数（65～69歳）（女）,人,労働,basic,NEW pref,1,0,0,0,0,0000010106,
F2112,就業者数（70～74歳）,人,労働,basic,NEW pref,1,0,0,0,0,0000010106,
F211201,就業者数（70～74歳）（男）,人,労働,basic,NEW pref,1,0,0,0,0,0000010106,
F211202,就業者数（70～74歳）（女）,人,労働,basic,NEW pref,1,0,0,0,0,0000010106,
F2113,就業者数（75～79歳）,人,労働,basic,NEW pref,1,0,0,0,0,0000010106,
F211301,就業者数（75～79歳）（男）,人,労働,basic,NEW pref,1,0,0,0,0,0000010106,
F211302,就業者数（75～79歳）（女）,人,労働,basic,NEW pref,1,0,0,0,0,0000010106,
F2114,就業者数（80～84歳）,人,労働,basic,NEW pref,1,0,0,0,0,0000010106,
F211401,就業者数（80～84歳）（男）,人,労働,basic,NEW pref,1,0,0,0,0,0000010106,
F211402,就業者数（80～84歳）（女）,人,労働,basic,NEW pref,1,0,0,0,0,0000010106,
F2115,就業者数（85歳以上）,人,労働,basic,NEW pref,1,0,0,0,0,0000010106,
F211501,就業者数（85歳以上）（男）,人,労働,basic,NEW pref,1,0,0,0,0,0000010106,
F211502,就業者数（85歳以上）（女）,人,労働,basic,NEW pref,1,0,0,0,0,0000010106,
F211601,就業者数（65歳以上）（男）,人,労働,basic,NEW pref,1,0,0,0,0,0000010106,
F211602,就業者数（65歳以上）（女）,人,労働,basic,NEW pref,1,0,0,0,0,0000010106,
F220101,第1次産業就業者数（男）,人,労働,basic,NEW pref,1,0,0,0,0,0000010106,
F220102,第1次産業就業者数（女）,人,労働,basic,NEW pref,1,0,0,0,0,0000010106,
F2202,第1次産業就業者数（15～64歳）,人,労働,basic,NEW pref,1,0,0,0,0,0000010106,
F220201,第1次産業就業者数（15～64歳）（男）,人,労働,basic,NEW pref,1,0,0,0,0,0000010106,
F220202,第1次産業就業者数（15～64歳）（女）,人,労働,basic,NEW pref,1,0,0,0,0,0000010106,
F2203,第1次産業就業者数（65歳以上）,人,労働,basic,NEW pref,1,0,0,0,0,0000010106,
F220301,第1次産業就業者数（65歳以上）（男）,人,労働,basic,NEW pref,1,0,0,0,0,0000010106,
F220302,第1次産業就業者数（65歳以上）（女）,人,労働,basic,NEW pref,1,0,0,0,0,0000010106,
F221101,第2次産業就業者数（男）,人,労働,basic,NEW pref,1,0,0,0,0,0000010106,
F221102,第2次産業就業者数（女）,人,労働,basic,NEW pref,1,0,0,0,0,0000010106,
F2212,第2次産業就業者数（15～64歳）,人,労働,basic,NEW pref,1,0,0,0,0,0000010106,
F221201,第2次産業就業者数（15～64歳）（男）,人,労働,basic,NEW pref,1,0,0,0,0,0000010106,
F221202,第2次産業就業者数（15～64歳）（女）,人,労働,basic,NEW pref,1,0,0,0,0,0000010106,
F2213,第2次産業就業者数（65歳以上）,人,労働,basic,NEW pref,1,0,0,0,0,0000010106,
F221301,第2次産業就業者数（65歳以上）（男）,人,労働,basic,NEW pref,1,0,0,0,0,0000010106,
F221302,第2次産業就業者数（65歳以上）（女）,人,労働,basic,NEW pref,1,0,0,0,0,0000010106,
F222101,第3次産業就業者数（男）,人,労働,basic,NEW pref,1,0,0,0,0,0000010106,
F222102,第3次産業就業者数（女）,人,労働,basic,NEW pref,1,0,0,0,0,0000010106,
F2222,第3次産業就業者数（15～64歳）,人,労働,basic,NEW pref,1,0,0,0,0,0000010106,
F222201,第3次産業就業者数（15～64歳）（男）,人,労働,basic,NEW pref,1,0,0,0,0,0000010106,
F222202,第3次産業就業者数（15～64歳）（女）,人,労働,basic,NEW pref,1,0,0,0,0,0000010106,
F2223,第3次産業就業者数（65歳以上）,人,労働,basic,NEW pref,1,0,0,0,0,0000010106,
F222301,第3次産業就業者数（65歳以上）（男）,人,労働,basic,NEW pref,1,0,0,0,0,0000010106,
F222302,第3次産業就業者数（65歳以上）（女）,人,労働,basic,NEW pref,1,0,0,0,0,0000010106,
F2315,就業者数（農業）（‐2005）,人,労働,basic,NEW pref,1,0,0,0,0,0000010106,
F231501,就業者数（農業）（男）（‐2005）,人,労働,basic,NEW pref,1,0,0,0,0,0000010106,
F231502,就業者数（農業）（女）（‐2005）,人,労働,basic,NEW pref,1,0,0,0,0,0000010106,
F2316,就業者数（林業）（‐2005）,人,労働,basic,NEW pref,1,0,0,0,0,0000010106,
F231601,就業者数（林業）（男）（‐2005）,人,労働,basic,NEW pref,1,0,0,0,0,0000010106,
F231602,就業者数（林業）（女）（‐2005）,人,労働,basic,NEW pref,1,0,0,0,0,0000010106,
F2317,就業者数（漁業）（‐2005）,人,労働,basic,NEW pref,1,0,0,0,0,0000010106,
F231701,就業者数（漁業）（男）（‐2005）,人,労働,basic,NEW pref,1,0,0,0,0,0000010106,
F231702,就業者数（漁業）（女）（‐2005）,人,労働,basic,NEW pref,1,0,0,0,0,0000010106,
F2318,就業者数（鉱業）（‐2005）,人,労働,basic,NEW pref,1,0,0,0,0,0000010106,
F231801,就業者数（鉱業）（男）（‐2005）,人,労働,basic,NEW pref,1,0,0,0,0,0000010106,
F231802,就業者数（鉱業）（女）（‐2005）,人,労働,basic,NEW pref,1,0,0,0,0,0000010106,
F2319,就業者数（建設業）（‐2005）,人,労働,basic,NEW pref,1,0,0,0,0,0000010106,
F231901,就業者数（建設業）（男）（‐2005）,人,労働,basic,NEW pref,1,0,0,0,0,0000010106,
F231902,就業者数（建設業）（女）（‐2005）,人,労働,basic,NEW pref,1,0,0,0,0,0000010106,
F2320,就業者数（製造業）（‐2005）,人,労働,basic,NEW pref,1,0,0,0,0,0000010106,
F232001,就業者数（製造業）（男）（‐2005）,人,労働,basic,NEW pref,1,0,0,0,0,0000010106,
F232002,就業者数（製造業）（女）（‐2005）,人,労働,basic,NEW pref,1,0,0,0,0,0000010106,
F2321,就業者数（電気・ガス・熱供給・水道業）（‐2005）,人,労働,basic,NEW pref,1,0,0,0,0,0000010106,
F232101,就業者数（電気・ガス・熱供給・水道業）（男）（‐2005）,人,労働,basic,NEW pref,1,0,0,0,0,0000010106,
F232102,就業者数（電気・ガス・熱供給・水道業）（女）（‐2005）,人,労働,basic,NEW pref,1,0,0,0,0,0000010106,
F2322,就業者数（情報通信業）（‐2005）,人,労働,basic,NEW pref,1,0,0,0,0,0000010106,
F232201,就業者数（情報通信業）（男）（‐2005）,人,労働,basic,NEW pref,1,0,0,0,0,0000010106,
F232202,就業者数（情報通信業）（女）（‐2005）,人,労働,basic,NEW pref,1,0,0,0,0,0000010106,
F2323,就業者数（運輸業）（‐2005）,人,労働,basic,NEW pref,1,0,0,0,0,0000010106,
F232301,就業者数（運輸業）（男）（‐2005）,人,労働,basic,NEW pref,1,0,0,0,0,0000010106,
F232302,就業者数（運輸業）（女）（‐2005）,人,労働,basic,NEW pref,1,0,0,0,0,0000010106,
F2324,就業者数（卸売・小売業）（‐2005）,人,労働,basic,NEW pref,1,0,0,0,0,0000010106,
F232401,就業者数（卸売・小売業）（男）（‐2005）,人,労働,basic,NEW pref,1,0,0,0,0,0000010106,
F232402,就業者数（卸売・小売業）（女）（‐2005）,人,労働,basic,NEW pref,1,0,0,0,0,0000010106,
F2325,就業者数（金融・保険業）（‐2005）,人,労働,basic,NEW pref,1,0,0,0,0,0000010106,
F232501,就業者数（金融・保険業）（男）（‐2005）,人,労働,basic,NEW pref,1,0,0,0,0,0000010106,
F232502,就業者数（金融・保険業）（女）（‐2005）,人,労働,basic,NEW pref,1,0,0,0,0,0000010106,
F2326,就業者数（不動産業）（‐2005）,人,労働,basic,NEW pref,1,0,0,0,0,0000010106,
F232601,就業者数（不動産業）（男）（‐2005）,人,労働,basic,NEW pref,1,0,0,0,0,0000010106,
F232602,就業者数（不動産業）（女）（‐2005）,人,労働,basic,NEW pref,1,0,0,0,0,0000010106,
F2327,就業者数（飲食店、宿泊業）（‐2005）,人,労働,basic,NEW pref,1,0,0,0,0,0000010106,
F232701,就業者数（飲食店、宿泊業）（男）（‐2005）,人,労働,basic,NEW pref,1,0,0,0,0,0000010106,
F232702,就業者数（飲食店、宿泊業）（女）（‐2005）,人,労働,basic,NEW pref,1,0,0,0,0,0000010106,
F2328,就業者数（医療、福祉）（‐2005）,人,労働,basic,NEW pref,1,0,0,0,0,0000010106,
F232801,就業者数（医療、福祉）（男）（‐2005）,人,労働,basic,NEW pref,1,0,0,0,0,0000010106,
F232802,就業者数（医療、福祉）（女）（‐2005）,人,労働,basic,NEW pref,1,0,0,0,0,0000010106,
F2329,就業者数（教育、学習支援業）（‐2005）,人,労働,basic,NEW pref,1,0,0,0,0,0000010106,
F232901,就業者数（教育、学習支援業）（男）（‐2005）,人,労働,basic,NEW pref,1,0,0,0,0,0000010106,
F232902,就業者数（教育、学習支援業）（女）（‐2005）,人,労働,basic,NEW pref,1,0,0,0,0,0000010106,
F2330,就業者数（サービス事業）（‐2005）,人,労働,basic,NEW pref,1,0,0,0,0,0000010106,
F233001,就業者数（サービス事業）（男）（‐2005）,人,労働,basic,NEW pref,1,0,0,0,0,0000010106,
F233002,就業者数（サービス事業）（女）（‐2005）,人,労働,basic,NEW pref,1,0,0,0,0,0000010106,
F2331,就業者数（サービス業（他に分類されない））（‐2005）,人,労働,basic,NEW pref,1,0,0,0,0,0000010106,
F233101,就業者数（サービス業（他に分類されない））（男）（‐2005）,人,労働,basic,NEW pref,1,0,0,0,0,0000010106,
F233102,就業者数（サービス業（他に分類されない））（女）（‐2005）,人,労働,basic,NEW pref,1,0,0,0,0,0000010106,
F2332,就業者数（公務（他に分類されない））（‐2005）,人,労働,basic,NEW pref,1,0,0,0,0,0000010106,
F233201,就業者数（公務（他に分類されない））（男）（‐2005）,人,労働,basic,NEW pref,1,0,0,0,0,0000010106,
F233202,就業者数（公務（他に分類されない））（女）（‐2005）,人,労働,basic,NEW pref,1,0,0,0,0,0000010106,
F2333,就業者数（分類不能の産業）（‐2005）,人,労働,basic,NEW pref,1,0,0,0,0,0000010106,
F233301,就業者数（分類不能の産業）（男）（‐2005）,人,労働,basic,NEW pref,1,0,0,0,0,0000010106,
F233302,就業者数（分類不能の産業）（女）（‐2005）,人,労働,basic,NEW pref,1,0,0,0,0,0000010106,
F2334,就業者数（農業、林業）（2010‐）,人,労働,basic,NEW pref,1,0,0,0,0,0000010106,
F2335,就業者数（漁業）（2010‐）,人,労働,basic,NEW pref,1,0,0,0,0,0000010106,
F2336,就業者数（鉱業、採石業、砂利採取業）（2010‐）,人,労働,basic,NEW pref,1,0,0,0,0,0000010106,
F2337,就業者数（建設業）（2010‐）,人,労働,basic,NEW pref,1,0,0,0,0,0000010106,
F2338,就業者数（製造業）（2010‐）,人,労働,basic,NEW pref,1,0,0,0,0,0000010106,
F2339,就業者数（電気・ガス・熱供給・水道業）（2010‐）,人,労働,basic,NEW pref,1,0,0,0,0,0000010106,
F2340,就業者数（情報通信業）（2010‐）,人,労働,basic,NEW pref,1,0,0,0,0,0000010106,
F2341,就業者数（運輸業、郵便業）（2010‐）,人,労働,basic,NEW pref,1,0,0,0,0,0000010106,
F2342,就業者数（卸売業、小売業）（2010‐）,人,労働,basic,NEW pref,1,0,0,0,0,0000010106,
F2343,就業者数（金融業、保険業）（2010‐）,人,労働,basic,NEW pref,1,0,0,0,0,0000010106,
F2344,就業者数（不動産業、物品賃貸業）（2010‐）,人,労働,basic,NEW pref,1,0,0,0,0,0000010106,
F2345,就業者数（学術研究、専門・技術サービス業）（2010‐）,人,労働,basic,NEW pref,1,0,0,0,0,0000010106,
F2346,就業者数（宿泊業、飲食サービス業）（2010‐）,人,労働,basic,NEW pref,1,0,0,0,0,0000010106,
F2347,就業者数（生活関連サービス業、娯楽業）（2010‐）,人,労働,basic,NEW pref,1,0,0,0,0,0000010106,
F2348,就業者数（教育、学習支援業）（2010‐）,人,労働,basic,NEW pref,1,0,0,0,0,0000010106,
F2349,就業者数（医療、福祉）（2010‐）,人,労働,basic,NEW pref,1,0,0,0,0,0000010106,
F2350,就業者数（複合サービス事業）（2010‐）,人,労働,basic,NEW pref,1,0,0,0,0,0000010106,
F2351,就業者数（サービス業（他に分類されないもの））（2010‐）,人,労働,basic,NEW pref,1,0,0,0,0,0000010106,
F2352,就業者数（公務（他に分類されるものを除く））（2010‐）,人,労働,basic,NEW pref,1,0,0,0,0,0000010106,
F2353,就業者数（分類不能の産業）（2010‐）,人,労働,basic,NEW pref,1,0,0,0,0,0000010106,
F240101,雇用者数（男）（国勢調査結果）（‐2005）,人,労働,basic,NEW pref,1,0,0,0,0,0000010106,
F240102,雇用者数（女）（国勢調査結果）（‐2005）,人,労働,basic,NEW pref,1,0,0,0,0,0000010106,
F240201,役員数（男）,人,労働,basic,NEW pref,1,0,0,0,0,0000010106,
F240202,役員数（女）,人,労働,basic,NEW pref,1,0,0,0,0,0000010106,
F240301,雇人のある業主数（男）,人,労働,basic,NEW pref,1,0,0,0,0,0000010106,
F240302,雇人のある業主数（女）,人,労働,basic,NEW pref,1,0,0,0,0,0000010106,
F240401,雇人のない業主数（男）,人,労働,basic,NEW pref,1,0,0,0,0,0000010106,
F240402,雇人のない業主数（女）,人,労働,basic,NEW pref,1,0,0,0,0,0000010106,
F240501,家族従業者数（男）（国勢調査結果）,人,労働,basic,NEW pref,1,0,0,0,0,0000010106,
F240502,家族従業者数（女）（国勢調査結果）,人,労働,basic,NEW pref,1,0,0,0,0,0000010106,
F240601,自営業主及び家族従業者数（男）,人,労働,basic,NEW pref,1,0,0,0,0,0000010106,
F240602,自営業主及び家族従業者数（女）,人,労働,basic,NEW pref,1,0,0,0,0,0000010106,
F2407,雇用者数（常雇）,人,労働,basic,NEW pref,1,0,0,0,0,0000010106,
F240701,雇用者数（常雇）（男）,人,労働,basic,NEW pref,1,0,0,0,0,0000010106,
F240702,雇用者数（常雇）（女）,人,労働,basic,NEW pref,1,0,0,0,0,0000010106,
F2408,雇用者数（臨時雇）,人,労働,basic,NEW pref,1,0,0,0,0,0000010106,
F240801,雇用者数（臨時雇）（男）,人,労働,basic,NEW pref,1,0,0,0,0,0000010106,
F240802,雇用者数（臨時雇）（女）,人,労働,basic,NEW pref,1,0,0,0,0,0000010106,
F2501,雇用者数（就業構造基本調査）,千人,労働,basic,NEW pref,1,0,0,0,0,0000010106,
F250101,雇用者数（男）（就業構造基本調査）,千人,労働,basic,NEW pref,1,0,0,0,0,0000010106,
F250102,雇用者数（女）（就業構造基本調査）,千人,労働,basic,NEW pref,1,0,0,0,0,0000010106,
F2502,自営業主数,千人,労働,basic,NEW pref,1,0,0,0,0,0000010106,
F250201,自営業主数（男）,千人,労働,basic,NEW pref,1,0,0,0,0,0000010106,
F250202,自営業主数（女）,千人,労働,basic,NEW pref,1,0,0,0,0,0000010106,
F2503,家族従業者数（就業構造基本調査結果）,千人,労働,basic,NEW pref,1,0,0,0,0,0000010106,
F2601,専門的・技術的職業従事者数（‐2005）,人,労働,basic,NEW pref,1,0,0,0,0,0000010106,
F260101,専門的・技術的職業従事者数（男）（‐2005）,人,労働,basic,NEW pref,1,0,0,0,0,0000010106,
F260102,専門的・技術的職業従事者数（女）（‐2005）,人,労働,basic,NEW pref,1,0,0,0,0,0000010106,
F2602,管理的職業従事者数（‐2005）,人,労働,basic,NEW pref,1,0,0,0,0,0000010106,
F260201,管理的職業従事者数（男）（‐2005）,人,労働,basic,NEW pref,1,0,0,0,0,0000010106,
F260202,管理的職業従事者数（女）（‐2005）,人,労働,basic,NEW pref,1,0,0,0,0,0000010106,
F2603,事務従事者数（‐2005）,人,労働,basic,NEW pref,1,0,0,0,0,0000010106,
F260301,事務従事者数（男）（‐2005）,人,労働,basic,NEW pref,1,0,0,0,0,0000010106,
F260302,事務従事者数（女）（‐2005）,人,労働,basic,NEW pref,1,0,0,0,0,0000010106,
F2604,販売従事者数（‐2005）,人,労働,basic,NEW pref,1,0,0,0,0,0000010106,
F260401,販売従事者数（男）（‐2005）,人,労働,basic,NEW pref,1,0,0,0,0,0000010106,
F260402,販売従事者数（女）（‐2005）,人,労働,basic,NEW pref,1,0,0,0,0,0000010106,
F2605,農林漁業作業者数（‐2005）,人,労働,basic,NEW pref,1,0,0,0,0,0000010106,
F260501,農林漁業作業者数（男）（‐2005）,人,労働,basic,NEW pref,1,0,0,0,0,0000010106,
F260502,農林漁業作業者数（女）（‐2005）,人,労働,basic,NEW pref,1,0,0,0,0,0000010106,
F2607,運輸・通信従事者数（‐2005）,人,労働,basic,NEW pref,1,0,0,0,0,0000010106,
F260701,運輸・通信従事者数（男）（‐2005）,人,労働,basic,NEW pref,1,0,0,0,0,0000010106,
F260702,運輸・通信従事者数（女）（‐2005）,人,労働,basic,NEW pref,1,0,0,0,0,0000010106,
F2609,保安職業従事者数（‐2005）,人,労働,basic,NEW pref,1,0,0,0,0,0000010106,
F260901,保安職業従事者数（男）（‐2005）,人,労働,basic,NEW pref,1,0,0,0,0,0000010106,
F260902,保安職業従事者数（女）（‐2005）,人,労働,basic,NEW pref,1,0,0,0,0,0000010106,
F2610,サービス職業従事者数（‐2005）,人,労働,basic,NEW pref,1,0,0,0,0,0000010106,
F261001,サービス職業従事者数（男）（‐2005）,人,労働,basic,NEW pref,1,0,0,0,0,0000010106,
F261002,サービス職業従事者数（女）（‐2005）,人,労働,basic,NEW pref,1,0,0,0,0,0000010106,
F2611,分類不能の職業従事者数（‐2005）,人,労働,basic,NEW pref,1,0,0,0,0,0000010106,
F261101,分類不能の職業従事者数（男）（‐2005）,人,労働,basic,NEW pref,1,0,0,0,0,0000010106,
F261102,分類不能の職業従事者数（女）（‐2005）,人,労働,basic,NEW pref,1,0,0,0,0,0000010106,
F2612,生産工程・労務作業者数（‐2005）,人,労働,basic,NEW pref,1,0,0,0,0,0000010106,
F261201,生産工程・労務作業者数（男）（‐2005）,人,労働,basic,NEW pref,1,0,0,0,0,0000010106,
F261202,生産工程・労務作業者数（女）（‐2005）,人,労働,basic,NEW pref,1,0,0,0,0,0000010106,
F2613,管理的職業従事者数（2010‐）,人,労働,basic,NEW pref,1,0,0,0,0,0000010106,
F2614,専門的・技術的職業従事者数（2010‐）,人,労働,basic,NEW pref,1,0,0,0,0,0000010106,
F2615,事務従事者数（2010‐）,人,労働,basic,NEW pref,1,0,0,0,0,0000010106,
F2616,販売従事者数（2010‐）,人,労働,basic,NEW pref,1,0,0,0,0,0000010106,
F2617,サービス職業従事者数（2010‐）,人,労働,basic,NEW pref,1,0,0,0,0,0000010106,
F2618,保安職業従事者数（2010‐）,人,労働,basic,NEW pref,1,0,0,0,0,0000010106,
F2619,農林漁業従事者数（2010‐）,人,労働,basic,NEW pref,1,0,0,0,0,0000010106,
F2620,生産工程従事者数（2010‐）,人,労働,basic,NEW pref,1,0,0,0,0,0000010106,
F2621,輸送・機械運転従事者数（2010‐）,人,労働,basic,NEW pref,1,0,0,0,0,0000010106,
F2622,建設・採掘従事者数（2010‐）,人,労働,basic,NEW pref,1,0,0,0,0,0000010106,
F2623,運搬・清掃・包装等従事者数（2010‐）,人,労働,basic,NEW pref,1,0,0,0,0,0000010106,
F2624,分類不能の職業従事者数（2010‐）,人,労働,basic,NEW pref,1,0,0,0,0,0000010106,
F2704,県内就業者数,人,労働,basic,NEW pref,1,0,0,0,0,0000010106,
F270401,県内就業者数（男）,人,労働,basic,NEW pref,1,0,0,0,0,0000010106,
F270402,県内就業者数（女）,人,労働,basic,NEW pref,1,0,0,0,0,0000010106,
F280115,従業地による就業者数（農業）（‐2005）,人,労働,basic,NEW pref,1,0,0,0,0,0000010106,
F280116,従業地による就業者数（林業）（‐2005）,人,労働,basic,NEW pref,1,0,0,0,0,0000010106,
F280117,従業地による就業者数（漁業）（‐2005）,人,労働,basic,NEW pref,1,0,0,0,0,0000010106,
F280118,従業地による就業者数（鉱業）（‐2005）,人,労働,basic,NEW pref,1,0,0,0,0,0000010106,
F280119,従業地による就業者数（建設業）（‐2005）,人,労働,basic,NEW pref,1,0,0,0,0,0000010106,
F280120,従業地による就業者数（製造業）（‐2005）,人,労働,basic,NEW pref,1,0,0,0,0,0000010106,
F280121,従業地による就業者数（電気・ガス・熱供給・水道業）（‐2005）,人,労働,basic,NEW pref,1,0,0,0,0,0000010106,
F280122,従業地による就業者数（情報通信業）（‐2005）,人,労働,basic,NEW pref,1,0,0,0,0,0000010106,
F280123,従業地による就業者数（運輸業）（‐2005）,人,労働,basic,NEW pref,1,0,0,0,0,0000010106,
F280124,従業地による就業者数（卸売・小売業）（‐2005）,人,労働,basic,NEW pref,1,0,0,0,0,0000010106,
F280125,従業地による就業者数（金融・保険業）（‐2005）,人,労働,basic,NEW pref,1,0,0,0,0,0000010106,
F280126,従業地による就業者数（不動産業）（‐2005）,人,労働,basic,NEW pref,1,0,0,0,0,0000010106,
F280127,従業地による就業者数（飲食店、宿泊業）（‐2005）,人,労働,basic,NEW pref,1,0,0,0,0,0000010106,
F280128,従業地による就業者数（医療・福祉）（‐2005）,人,労働,basic,NEW pref,1,0,0,0,0,0000010106,
F280129,従業地による就業者数（教育、学習支援業）（‐2005）,人,労働,basic,NEW pref,1,0,0,0,0,0000010106,
F280130,従業地による就業者数（複合サービス事業）（‐2005）,人,労働,basic,NEW pref,1,0,0,0,0,0000010106,
F280131,従業地による就業者数（サービス業（他に分類されないもの））（‐2005）,人,労働,basic,NEW pref,1,0,0,0,0,0000010106,
F280132,従業地による就業者数（公務（他に分類されないもの））（‐2005）,人,労働,basic,NEW pref,1,0,0,0,0,0000010106,
F280133,従業地による就業者数（分類不能の産業）（‐2005）,人,労働,basic,NEW pref,1,0,0,0,0,0000010106,
F280201,他県に常住している就業者数（男）,人,労働,basic,NEW pref,1,0,0,0,0,0000010106,
F280202,他県に常住している就業者数（女）,人,労働,basic,NEW pref,1,0,0,0,0,0000010106,
F280301,他市区町村からの通勤者数（男）,人,労働,basic,NEW pref,1,0,0,0,0,0000010106,
F280302,他市区町村からの通勤者数（女）,人,労働,basic,NEW pref,1,0,0,0,0,0000010106,
F3101,新規求職申込件数（一般）,件,労働,basic,NEW pref,1,0,0,0,0,0000010106,
F310101,新規求職申込件数（一般）（男）,件,労働,basic,NEW pref,1,0,0,0,0,0000010106,
F310102,新規求職申込件数（一般）（女）,件,労働,basic,NEW pref,1,0,0,0,0,0000010106,
F3102,月間有効求職者数（一般）（年度計）,人,労働,basic,NEW pref,1,0,0,0,0,0000010106,
F310201,月間有効求職者数（一般）（男）,人,労働,basic,NEW pref,1,0,0,0,0,0000010106,
F310202,月間有効求職者数（一般）（女）,人,労働,basic,NEW pref,1,0,0,0,0,0000010106,
F3103,月間有効求人数（一般）（年度計）,人,労働,basic,NEW pref,1,0,0,0,0,0000010106,
F310301,有効求人倍率,倍,労働,basic,NEW pref,1,0,0,0,0,0000010106,
F3104,充足数（一般）,件,労働,basic,NEW pref,1,0,0,0,0,0000010106,
F3105,就職件数（一般）（年度計）,件,労働,basic,NEW pref,1,0,0,0,0,0000010106,
F310501,就職件数（一般）（男）,件,労働,basic,NEW pref,1,0,0,0,0,0000010106,
F310502,就職件数（一般）（女）,件,労働,basic,NEW pref,1,0,0,0,0,0000010106,
F3106,県内就職件数（一般）（年度計）,件,労働,basic,NEW pref,1,0,0,0,0,0000010106,
F310603,他県への就職件数（一般）,件,労働,basic,NEW pref,1,0,0,0,0,0000010106,
F3107,労働者数（一般）（～2019）,１０人,労働,basic,NEW pref,1,0,0,0,0,0000010106,
F3108,労働者数（一般）,１０人,労働,basic,NEW pref,1,0,0,0,0,0000010106,
F3201,パートタイム新規求職申込件数（常用）,件,労働,basic,NEW pref,1,0,0,0,0,0000010106,
F3202,パートタイム新規求職申込件数（臨時）,件,労働,basic,NEW pref,1,0,0,0,0,0000010106,
F3211,パートタイム月間有効求職者数（常用）（年度計）,人,労働,basic,NEW pref,1,0,0,0,0,0000010106,
F3212,パートタイム月間有効求職者数（臨時）（年度計）,人,労働,basic,NEW pref,1,0,0,0,0,0000010106,
F3221,パートタイム就職件数（常用）,件,労働,basic,NEW pref,1,0,0,0,0,0000010106,
F3222,パートタイム就職件数（臨時）,件,労働,basic,NEW pref,1,0,0,0,0,0000010106,
F3230,女性パートタイム労働者数（～2019）,１０人,労働,basic,NEW pref,1,0,0,0,0,0000010106,
F3240,男性パートタイム労働者数（～2019）,１０人,労働,basic,NEW pref,1,0,0,0,0,0000010106,
F3241,女性パートタイム労働者数,１０人,労働,basic,NEW pref,1,0,0,0,0,0000010106,
F3242,男性パートタイム労働者数,１０人,労働,basic,NEW pref,1,0,0,0,0,0000010106,
F3301,新規学卒者求職者数（中学）,人,労働,basic,NEW pref,1,0,0,0,0,0000010106,
F3302,新規学卒者求職者数（高校）,人,労働,basic,NEW pref,1,0,0,0,0,0000010106,
F3311,新規学卒者求人数（中学）,人,労働,basic,NEW pref,1,0,0,0,0,0000010106,
F3312,新規学卒者求人数（高校）,人,労働,basic,NEW pref,1,0,0,0,0,0000010106,
F3321,新規学卒者就職者数（中学）,人,労働,basic,NEW pref,1,0,0,0,0,0000010106,
F3322,新規学卒者就職者数（高校）,人,労働,basic,NEW pref,1,0,0,0,0,0000010106,
F340101,中高年齢者新規求職申込件数（45歳以上）,件,労働,basic,NEW pref,1,0,0,0,0,0000010106,
F340102,中高年齢者新規求職申込件数（55歳以上）,件,労働,basic,NEW pref,1,0,0,0,0,0000010106,
F340103,中高年齢者新規求職申込件数（65歳以上）,件,労働,basic,NEW pref,1,0,0,0,0,0000010106,
F340201,中高年齢者有効求職者数（45歳以上）（月平均）,人,労働,basic,NEW pref,1,0,0,0,0,0000010106,
F340202,中高年齢者有効求職者数（55歳以上）（月平均）,人,労働,basic,NEW pref,1,0,0,0,0,0000010106,
F340203,中高年齢者有効求職者数（65歳以上）（月平均）,人,労働,basic,NEW pref,1,0,0,0,0,0000010106,
F341101,中高年齢者就職件数（45歳以上）,件,労働,basic,NEW pref,1,0,0,0,0,0000010106,
F341102,中高年齢者就職件数（55歳以上）,件,労働,basic,NEW pref,1,0,0,0,0,0000010106,
F341103,中高年齢者就職件数（65歳以上）,件,労働,basic,NEW pref,1,0,0,0,0,0000010106,
F341201,一般労働者数（45歳以上）（企業規模10人以上の事業所）（～2019）,１０人,労働,basic,NEW pref,1,0,0,0,0,0000010106,
F341202,一般労働者数（55歳以上）（企業規模10人以上の事業所）（～2019）,１０人,労働,basic,NEW pref,1,0,0,0,0,0000010106,
F341203,一般労働者数（65歳以上）（企業規模10人以上の事業所）（～2019）,１０人,労働,basic,NEW pref,1,0,0,0,0,0000010106,
F341204,一般労働者数（45歳以上）（企業規模10人以上の事業所）,１０人,労働,basic,NEW pref,1,0,0,0,0,0000010106,
F341205,一般労働者数（55歳以上）（企業規模10人以上の事業所）,１０人,労働,basic,NEW pref,1,0,0,0,0,0000010106,
F341206,一般労働者数（65歳以上）（企業規模10人以上の事業所）,１０人,労働,basic,NEW pref,1,0,0,0,0,0000010106,
F3502,障害者就職件数,件,労働,basic,NEW pref,1,0,0,0,0,0000010106,
F35021,障害者就職率,％,労働,basic,NEW pref,1,0,0,0,0,0000010106,
F350210,身体障害者就職件数,件,労働,basic,NEW pref,1,0,0,0,0,0000010106,
F350220,知的障害者等就職件数,件,労働,basic,NEW pref,1,0,0,0,0,0000010106,
F350221,知的障害者就職件数,件,労働,basic,NEW pref,1,0,0,0,0,0000010106,
F4101,継続就業希望者数,千人,労働,basic,NEW pref,1,0,0,0,0,0000010106,
F410101,継続就業希望者数（男）,千人,労働,basic,NEW pref,1,0,0,0,0,0000010106,
F410102,継続就業希望者数（女）,千人,労働,basic,NEW pref,1,0,0,0,0,0000010106,
F4102,追加就業希望者数,千人,労働,basic,NEW pref,1,0,0,0,0,0000010106,
F410201,追加就業希望者数（男）,千人,労働,basic,NEW pref,1,0,0,0,0,0000010106,
F410202,追加就業希望者数（女）,千人,労働,basic,NEW pref,1,0,0,0,0,0000010106,
F4103,追加就業希望者数（求職者）,千人,労働,basic,NEW pref,1,0,0,0,0,0000010106,
F410301,追加就業希望者数（求職者）（男）,千人,労働,basic,NEW pref,1,0,0,0,0,0000010106,
F410302,追加就業希望者数（求職者）（女）,千人,労働,basic,NEW pref,1,0,0,0,0,0000010106,
F4104,転職希望者数,千人,労働,basic,NEW pref,1,0,0,0,0,0000010106,
F410401,転職希望者数（男）,千人,労働,basic,NEW pref,1,0,0,0,0,0000010106,
F410402,転職希望者数（女）,千人,労働,basic,NEW pref,1,0,0,0,0,0000010106,
F4105,転職希望者数（求職者）,千人,労働,basic,NEW pref,1,0,0,0,0,0000010106,
F410501,転職希望者数（求職者）（男）,千人,労働,basic,NEW pref,1,0,0,0,0,0000010106,
F410502,転職希望者数（求職者）（女）,千人,労働,basic,NEW pref,1,0,0,0,0,0000010106,
F4106,就業休止希望者数,千人,労働,basic,NEW pref,1,0,0,0,0,0000010106,
F410601,就業休止希望者数（男）,千人,労働,basic,NEW pref,1,0,0,0,0,0000010106,
F410602,就業休止希望者数（女）,千人,労働,basic,NEW pref,1,0,0,0,0,0000010106,
F4107,就業希望者数,千人,労働,basic,NEW pref,1,0,0,0,0,0000010106,
F410701,就業希望者数（男）,千人,労働,basic,NEW pref,1,0,0,0,0,0000010106,
F410702,就業希望者数（女）,千人,労働,basic,NEW pref,1,0,0,0,0,0000010106,
F4108,非就業希望者数,千人,労働,basic,NEW pref,1,0,0,0,0,0000010106,
F410801,非就業希望者数（男）,千人,労働,basic,NEW pref,1,0,0,0,0,0000010106,
F410802,非就業希望者数（女）,千人,労働,basic,NEW pref,1,0,0,0,0,0000010106,
F4201,継続就業者数,千人,労働,basic,NEW pref,1,0,0,0,0,0000010106,
F420101,継続就業者数（男）,千人,労働,basic,NEW pref,1,0,0,0,0,0000010106,
F420102,継続就業者数（女）,千人,労働,basic,NEW pref,1,0,0,0,0,0000010106,
F4202,転職者数,千人,労働,basic,NEW pref,1,0,0,0,0,0000010106,
F420201,転職者数（男）,千人,労働,basic,NEW pref,1,0,0,0,0,0000010106,
F420202,転職者数（女）,千人,労働,basic,NEW pref,1,0,0,0,0,0000010106,
F420211,転職者比率,％,労働,basic,NEW pref,1,0,0,0,0,0000010106,
F4203,離職者数,千人,労働,basic,NEW pref,1,0,0,0,0,0000010106,
F420301,離職者数（男）,千人,労働,basic,NEW pref,1,0,0,0,0,0000010106,
F420302,離職者数（女）,千人,労働,basic,NEW pref,1,0,0,0,0,0000010106,
F4204,新規就業者数,千人,労働,basic,NEW pref,1,0,0,0,0,0000010106,
F420401,新規就業者数（男）,千人,労働,basic,NEW pref,1,0,0,0,0,0000010106,
F420402,新規就業者数（女）,千人,労働,basic,NEW pref,1,0,0,0,0,0000010106,
F4205,継続非就業者数,千人,労働,basic,NEW pref,1,0,0,0,0,0000010106,
F420501,継続非就業者数（男）,千人,労働,basic,NEW pref,1,0,0,0,0,0000010106,
F420502,継続非就業者数（女）,千人,労働,basic,NEW pref,1,0,0,0,0,0000010106,
F610101,所定内実労働時間数（男）（～2019）,時間,労働,basic,NEW pref,1,0,0,0,0,0000010106,
F610102,所定内実労働時間数（女）（～2019）,時間,労働,basic,NEW pref,1,0,0,0,0,0000010106,
F610201,超過実労働時間数（男）（～2019）,時間,労働,basic,NEW pref,1,0,0,0,0,0000010106,
F610202,超過実労働時間数（女）（～2019）,時間,労働,basic,NEW pref,1,0,0,0,0,0000010106,
F610203,所定内実労働時間数（男）,時間,労働,basic,NEW pref,1,0,0,0,0,0000010106,
F610204,所定内実労働時間数（女）,時間,労働,basic,NEW pref,1,0,0,0,0,0000010106,
F610205,超過実労働時間数（男）,時間,労働,basic,NEW pref,1,0,0,0,0,0000010106,
F610206,超過実労働時間数（女）,時間,労働,basic,NEW pref,1,0,0,0,0,0000010106,
F620101,きまって支給する現金給与額（男）（～2019）,千円,労働,basic,NEW pref,1,0,0,0,0,0000010106,
F620102,きまって支給する現金給与額（女）（～2019）,千円,労働,basic,NEW pref,1,0,0,0,0,0000010106,
F620201,所定内給与額（男）（～2019）,千円,労働,basic,NEW pref,1,0,0,0,0,0000010106,
F620202,所定内給与額（女）（～2019）,千円,労働,basic,NEW pref,1,0,0,0,0,0000010106,
F620203,所定内給与額（10～99人規模）（男）,千円,労働,basic,NEW pref,1,0,0,0,0,0000010106,
F620204,所定内給与額（10～99人規模）（女）,千円,労働,basic,NEW pref,1,0,0,0,0,0000010106,
F620205,所定内給与額（100～999人規模）（男）,千円,労働,basic,NEW pref,1,0,0,0,0,0000010106,
F620206,所定内給与額（100～999人規模）（女）,千円,労働,basic,NEW pref,1,0,0,0,0,0000010106,
F620209,所定内給与額（25～29歳）（男）,千円,労働,basic,NEW pref,1,0,0,0,0,0000010106,
F620210,所定内給与額（25～29歳）（女）,千円,労働,basic,NEW pref,1,0,0,0,0,0000010106,
F620211,所定内給与額（35～39歳）（男）,千円,労働,basic,NEW pref,1,0,0,0,0,0000010106,
F620212,所定内給与額（35～39歳）（女）,千円,労働,basic,NEW pref,1,0,0,0,0,0000010106,
F620213,所定内給与額（55～59歳）（男）,千円,労働,basic,NEW pref,1,0,0,0,0,0000010106,
F620215,きまって支給する現金給与額（男）,千円,労働,basic,NEW pref,1,0,0,0,0,0000010106,
F620216,きまって支給する現金給与額（女）,千円,労働,basic,NEW pref,1,0,0,0,0,0000010106,
F620218,所定内給与額（女）,千円,労働,basic,NEW pref,1,0,0,0,0,0000010106,
F6204,女性パートタイムの給与（～2019）,円,労働,basic,NEW pref,1,0,0,0,0,0000010106,
F6205,男性パートタイムの給与（～2019）,円,労働,basic,NEW pref,1,0,0,0,0,0000010106,
F6206,女性パートタイムの給与,円,労働,basic,NEW pref,1,0,0,0,0,0000010106,
F6207,男性パートタイムの給与,円,労働,basic,NEW pref,1,0,0,0,0,0000010106,
F6301,労働日数,日,労働,basic,NEW pref,1,0,0,0,0,0000010106,
F6302,労働日数（男）,日,労働,basic,NEW pref,1,0,0,0,0,0000010106,
F6303,労働日数（女）,日,労働,basic,NEW pref,1,0,0,0,0,0000010106,
F6401,新規学卒者初任給（高校）（男）,千円,労働,basic,NEW pref,1,0,0,0,0,0000010106,
F6402,新規学卒者初任給（高校）（女）,千円,労働,basic,NEW pref,1,0,0,0,0,0000010106,
F6403,新規学卒者初任給（大学）（男）,千円,労働,basic,NEW pref,1,0,0,0,0,0000010106,
F6404,新規学卒者初任給（高専・短大）（女）,千円,労働,basic,NEW pref,1,0,0,0,0,0000010106,
F6405,新規学卒者初任給（大学）（女）,千円,労働,basic,NEW pref,1,0,0,0,0,0000010106,
F6406,新規学卒者初任給（高専・短大）（男）,千円,労働,basic,NEW pref,1,0,0,0,0,0000010106,
F6407,新規学卒者所定内給与額（高校）（男）,千円,労働,basic,NEW pref,1,0,0,0,0,0000010106,
F6408,新規学卒者所定内給与額（高校）（女）,千円,労働,basic,NEW pref,1,0,0,0,0,0000010106,
F6409,新規学卒者所定内給与額（高専・短大）（男）,千円,労働,basic,NEW pref,1,0,0,0,0,0000010106,
F6410,新規学卒者所定内給与額（高専・短大）（女）,千円,労働,basic,NEW pref,1,0,0,0,0,0000010106,
F6411,新規学卒者所定内給与額（大学）（男）,千円,労働,basic,NEW pref,1,0,0,0,0,0000010106,
F6412,新規学卒者所定内給与額（大学）（女）,千円,労働,basic,NEW pref,1,0,0,0,0,0000010106,
F8101,労働災害度数率,‐,労働,basic,NEW pref,1,0,0,0,0,0000010106,
F8102,労働災害強度率,‐,労働,basic,NEW pref,1,0,0,0,0,0000010106,
F9101,労働組合数,‐,労働,basic,NEW pref,1,0,0,0,0,0000010106,
F9102,労働組合員数,人,労働,basic,NEW pref,1,0,0,0,0,0000010106,
F9201,労働争議件数,件,労働,basic,NEW pref,1,0,0,0,0,0000010106,
F9202,争議行為参加人員,人,労働,basic,NEW pref,1,0,0,0,0,0000010106,
F9203,労働損失日数,日,労働,basic,NEW pref,1,0,0,0,0,0000010106,
G1101,社会教育関係職員数,人,文化・スポーツ,basic,NEW pref,1,0,0,0,0,0000010107,
G110101,社会教育関係職員数（専任）,人,文化・スポーツ,basic,NEW pref,1,0,0,0,0,0000010107,
G1102,社会体育担当職員数,人,文化・スポーツ,basic,NEW pref,1,0,0,0,0,0000010107,
G110201,社会体育担当職員数（専任）,人,文化・スポーツ,basic,NEW pref,1,0,0,0,0,0000010107,
G1103,社会教育主事数,人,文化・スポーツ,basic,NEW pref,1,0,0,0,0,0000010107,
G1104,社会教育主事数（専任）,人,文化・スポーツ,basic,NEW pref,1,0,0,0,0,0000010107,
G1202,公民館職員数,人,文化・スポーツ,basic,NEW pref,1,0,0,0,0,0000010107,
G120201,公民館職員数（専任）,人,文化・スポーツ,basic,NEW pref,1,0,0,0,0,0000010107,
G1203,公民館諸集会実施館数,館,文化・スポーツ,basic,NEW pref,1,0,0,0,0,0000010107,
G1204,公民館諸集会実施件数,件,文化・スポーツ,basic,NEW pref,1,0,0,0,0,0000010107,
G120401,公民館講習会・講演会・実習会実施件数,件,文化・スポーツ,basic,NEW pref,1,0,0,0,0,0000010107,
G120402,公民館体育事業実施件数,件,文化・スポーツ,basic,NEW pref,1,0,0,0,0,0000010107,
G120403,公民館文化事業実施件数,件,文化・スポーツ,basic,NEW pref,1,0,0,0,0,0000010107,
G1205,公民館諸集会実施参加者数,人,文化・スポーツ,basic,NEW pref,1,0,0,0,0,0000010107,
G120501,公民館講習会・講演会・実習会実施参加者数,人,文化・スポーツ,basic,NEW pref,1,0,0,0,0,0000010107,
G120502,公民館体育事業実施参加者数,人,文化・スポーツ,basic,NEW pref,1,0,0,0,0,0000010107,
G120503,公民館文化事業実施参加者数,人,文化・スポーツ,basic,NEW pref,1,0,0,0,0,0000010107,
G1301,公民館類似施設数,館,文化・スポーツ,basic,NEW pref,1,0,0,0,0,0000010107,
G1302,公民館類似施設職員数（専任）,人,文化・スポーツ,basic,NEW pref,1,0,0,0,0,0000010107,
G1303,公民館類似施設諸集会実施施設数,館,文化・スポーツ,basic,NEW pref,1,0,0,0,0,0000010107,
G1304,公民館類似施設諸集会実施件数,件,文化・スポーツ,basic,NEW pref,1,0,0,0,0,0000010107,
G130401,公民館類似施設講習会・講演会・実習会実施件数,件,文化・スポーツ,basic,NEW pref,1,0,0,0,0,0000010107,
G130402,公民館類似施設体育事業実施件数,件,文化・スポーツ,basic,NEW pref,1,0,0,0,0,0000010107,
G130403,公民館類似施設文化事業実施件数,件,文化・スポーツ,basic,NEW pref,1,0,0,0,0,0000010107,
G1305,公民館類似施設諸集会実施参加者数,人,文化・スポーツ,basic,NEW pref,1,0,0,0,0,0000010107,
G130501,公民館類似施設講習会・講演会・実習会実施参加者数,人,文化・スポーツ,basic,NEW pref,1,0,0,0,0,0000010107,
G130502,公民館類似施設体育事業実施参加者数,人,文化・スポーツ,basic,NEW pref,1,0,0,0,0,0000010107,
G130503,公民館類似施設文化事業実施参加者数,人,文化・スポーツ,basic,NEW pref,1,0,0,0,0,0000010107,
G140201,図書館職員数（専任）,人,文化・スポーツ,basic,NEW pref,1,0,0,0,0,0000010107,
G1405,図書館帯出者数,人,文化・スポーツ,basic,NEW pref,1,0,0,0,0,0000010107,
G1501,博物館数,館,文化・スポーツ,basic,NEW pref,1,0,0,0,0,0000010107,
G150101,公立博物館数,館,文化・スポーツ,basic,NEW pref,1,0,0,0,0,0000010107,
G1502,博物館職員数,人,文化・スポーツ,basic,NEW pref,1,0,0,0,0,0000010107,
G150201,博物館職員数（専任）,人,文化・スポーツ,basic,NEW pref,1,0,0,0,0,0000010107,
G1601,博物館類似施設数,施設,文化・スポーツ,basic,NEW pref,1,0,0,0,0,0000010107,
G1602,青少年教育施設数,施設,文化・スポーツ,basic,NEW pref,1,0,0,0,0,0000010107,
G1603,女性教育施設数,施設,文化・スポーツ,basic,NEW pref,1,0,0,0,0,0000010107,
G1605,生涯学習・社会教育関係法人数,法人,文化・スポーツ,basic,NEW pref,1,0,0,0,0,0000010107,
G2101,青少年学級・講座数,学級・講座,文化・スポーツ,basic,NEW pref,1,0,0,0,0,0000010107,
G2102,成人一般学級・講座数,学級・講座,文化・スポーツ,basic,NEW pref,1,0,0,0,0,0000010107,
G2103,女性学級・講座数,学級・講座,文化・スポーツ,basic,NEW pref,1,0,0,0,0,0000010107,
G2104,高齢者学級・講座数,学級・講座,文化・スポーツ,basic,NEW pref,1,0,0,0,0,0000010107,
G310201,陸上競技場数（公共）,施設,文化・スポーツ,basic,NEW pref,1,0,0,0,0,0000010107,
G310203,多目的運動広場数（公共）,施設,文化・スポーツ,basic,NEW pref,1,0,0,0,0,0000010107,
G310205,レジャープール数（公共）,施設,文化・スポーツ,basic,NEW pref,1,0,0,0,0,0000010107,
G310206,体育館数（公共）,施設,文化・スポーツ,basic,NEW pref,1,0,0,0,0,0000010107,
G310207,柔道・剣道・柔剣道場数（公共）,施設,文化・スポーツ,basic,NEW pref,1,0,0,0,0,0000010107,
G310210,ダンス場数（公共）,施設,文化・スポーツ,basic,NEW pref,1,0,0,0,0,0000010107,
G310212,ゴルフ練習場数（公共）,施設,文化・スポーツ,basic,NEW pref,1,0,0,0,0,0000010107,
G310214,ゲートボール・クロッケー場数（公共）,施設,文化・スポーツ,basic,NEW pref,1,0,0,0,0,0000010107,
G320101,陸上競技場数（民間）,施設,文化・スポーツ,basic,NEW pref,1,0,0,0,0,0000010107,
G320102,野球場・ソフトボール場数（民間）,施設,文化・スポーツ,basic,NEW pref,1,0,0,0,0,0000010107,
G320103,多目的運動広場数（民間）,施設,文化・スポーツ,basic,NEW pref,1,0,0,0,0,0000010107,
G320104,水泳プール数（屋内、屋外）（民間）,施設,文化・スポーツ,basic,NEW pref,1,0,0,0,0,0000010107,
G320105,レジャープール数（民間）,施設,文化・スポーツ,basic,NEW pref,1,0,0,0,0,0000010107,
G320106,体育館数（民間）,施設,文化・スポーツ,basic,NEW pref,1,0,0,0,0,0000010107,
G320107,柔道・剣道・柔剣道場数（民間）,施設,文化・スポーツ,basic,NEW pref,1,0,0,0,0,0000010107,
G320108,庭球場数（屋内、屋外）（民間）,施設,文化・スポーツ,basic,NEW pref,1,0,0,0,0,0000010107,
G320109,トレーニング場数（民間）,施設,文化・スポーツ,basic,NEW pref,1,0,0,0,0,0000010107,
G320110,ダンス場数（民間）,施設,文化・スポーツ,basic,NEW pref,1,0,0,0,0,0000010107,
G320111,ゴルフ場数（民間）,施設,文化・スポーツ,basic,NEW pref,1,0,0,0,0,0000010107,
G320112,ゴルフ練習場数（民間）,施設,文化・スポーツ,basic,NEW pref,1,0,0,0,0,0000010107,
G320113,ボウリング場数（民間）,施設,文化・スポーツ,basic,NEW pref,1,0,0,0,0,0000010107,
G320114,ゲートボール・クロッケー場数（民間）,施設,文化・スポーツ,basic,NEW pref,1,0,0,0,0,0000010107,
G320115,キャンプ場数（民間）,施設,文化・スポーツ,basic,NEW pref,1,0,0,0,0,0000010107,
G4101,重要文化財指定件数,件,文化・スポーツ,basic,NEW pref,1,0,0,0,0,0000010107,
G4102,史跡名勝天然記念物指定件数,件,文化・スポーツ,basic,NEW pref,1,0,0,0,0,0000010107,
G4201,宗教団体数,団体,文化・スポーツ,basic,NEW pref,1,0,0,0,0,0000010107,
G4202,信者数,人,文化・スポーツ,basic,NEW pref,1,0,0,0,0,0000010107,
G420201,神道系信者数,人,文化・スポーツ,basic,NEW pref,1,0,0,0,0,0000010107,
G420202,仏教系信者数,人,文化・スポーツ,basic,NEW pref,1,0,0,0,0,0000010107,
G420203,キリスト教系信者数,人,文化・スポーツ,basic,NEW pref,1,0,0,0,0,0000010107,
G420204,諸教信者数,人,文化・スポーツ,basic,NEW pref,1,0,0,0,0,0000010107,
G5105,一般旅券発行件数,件,文化・スポーツ,basic,NEW pref,1,0,0,0,0,0000010107,
G5106,書籍・文房具小売業事業所数,事業所,文化・スポーツ,basic,NEW pref,1,0,0,0,0,0000010107,
G5107,書籍・文房具小売業年間商品販売額,百万円,文化・スポーツ,basic,NEW pref,1,0,0,0,0,0000010107,
G5108,書籍・雑誌小売業事業所数,事業所,文化・スポーツ,basic,NEW pref,1,0,0,0,0,0000010107,
G5201,老人クラブ数,クラブ,文化・スポーツ,basic,NEW pref,1,0,0,0,0,0000010107,
G5202,老人クラブ会員数,人,文化・スポーツ,basic,NEW pref,1,0,0,0,0,0000010107,
G6120,ＮＰＯ法人認証数,法人,文化・スポーツ,basic,NEW pref,1,0,0,0,0,0000010107,
G6230,献血者数,人,文化・スポーツ,basic,NEW pref,1,0,0,0,0,0000010107,
G6417,ボランティア活動行動者率（10歳以上）,％,文化・スポーツ,basic,NEW pref,1,0,0,0,0,0000010107,
G641701,ボランティア活動行動者率（10歳以上）（男）,％,文化・スポーツ,basic,NEW pref,1,0,0,0,0,0000010107,
G641702,ボランティア活動行動者率（10歳以上）（女）,％,文化・スポーツ,basic,NEW pref,1,0,0,0,0,0000010107,
G6418,健康や医療サービスに関係したボランティア活動行動者率（10歳以上）,％,文化・スポーツ,basic,NEW pref,1,0,0,0,0,0000010107,
G641801,健康や医療サービスに関係したボランティア活動行動者率（10歳以上）（男）,％,文化・スポーツ,basic,NEW pref,1,0,0,0,0,0000010107,
G641802,健康や医療サービスに関係したボランティア活動行動者率（10歳以上）（女）,％,文化・スポーツ,basic,NEW pref,1,0,0,0,0,0000010107,
G6419,高齢者を対象としたボランティア活動行動者率（10歳以上）,％,文化・スポーツ,basic,NEW pref,1,0,0,0,0,0000010107,
G641901,高齢者を対象としたボランティア活動行動者率（10歳以上）（男）,％,文化・スポーツ,basic,NEW pref,1,0,0,0,0,0000010107,
G641902,高齢者を対象としたボランティア活動行動者率（10歳以上）（女）,％,文化・スポーツ,basic,NEW pref,1,0,0,0,0,0000010107,
G6420,障害者を対象としたボランティア活動行動者率（10歳以上）,％,文化・スポーツ,basic,NEW pref,1,0,0,0,0,0000010107,
G642001,障害者を対象としたボランティア活動行動者率（10歳以上）（男）,％,文化・スポーツ,basic,NEW pref,1,0,0,0,0,0000010107,
G642002,障害者を対象としたボランティア活動行動者率（10歳以上）（女）,％,文化・スポーツ,basic,NEW pref,1,0,0,0,0,0000010107,
G6421,子供を対象としたボランティア活動行動者率（10歳以上）,％,文化・スポーツ,basic,NEW pref,1,0,0,0,0,0000010107,
G642101,子供を対象としたボランティア活動行動者率（10歳以上）（男）,％,文化・スポーツ,basic,NEW pref,1,0,0,0,0,0000010107,
G642102,子供を対象としたボランティア活動行動者率（10歳以上）（女）,％,文化・スポーツ,basic,NEW pref,1,0,0,0,0,0000010107,
G6422,スポーツ・文化・芸術・学術に関係したボランティア活動行動者率（10歳以上）,％,文化・スポーツ,basic,NEW pref,1,0,0,0,0,0000010107,
G642201,スポーツ・文化・芸術に関係したボランティア活動行動者率（10歳以上）（男）,％,文化・スポーツ,basic,NEW pref,1,0,0,0,0,0000010107,
G642202,スポーツ・文化・芸術に関係したボランティア活動行動者率（10歳以上）（女）,％,文化・スポーツ,basic,NEW pref,1,0,0,0,0,0000010107,
G6423,まちづくりのためのボランティア活動行動者率（10歳以上）,％,文化・スポーツ,basic,NEW pref,1,0,0,0,0,0000010107,
G642301,まちづくりのためのボランティア活動行動者率（10歳以上）（男）,％,文化・スポーツ,basic,NEW pref,1,0,0,0,0,0000010107,
G642302,まちづくりのためのボランティア活動行動者率（10歳以上）（女）,％,文化・スポーツ,basic,NEW pref,1,0,0,0,0,0000010107,
G6424,安全な生活のためのボランティア活動行動者率（10歳以上）,％,文化・スポーツ,basic,NEW pref,1,0,0,0,0,0000010107,
G642401,安全な生活のためのボランティア活動行動者率（10歳以上）（男）,％,文化・スポーツ,basic,NEW pref,1,0,0,0,0,0000010107,
G642402,安全な生活のためのボランティア活動行動者率（10歳以上）（女）,％,文化・スポーツ,basic,NEW pref,1,0,0,0,0,0000010107,
G6425,自然や環境を守るためのボランティア活動行動者率（10歳以上）,％,文化・スポーツ,basic,NEW pref,1,0,0,0,0,0000010107,
G642501,自然や環境をまもるためのボランティア活動行動者率（10歳以上）（男）,％,文化・スポーツ,basic,NEW pref,1,0,0,0,0,0000010107,
G642502,自然や環境をまもるためのボランティア活動行動者率（10歳以上）（女）,％,文化・スポーツ,basic,NEW pref,1,0,0,0,0,0000010107,
G6426,災害に関係したボランティア活動行動者率（10歳以上）,％,文化・スポーツ,basic,NEW pref,1,0,0,0,0,0000010107,
G642601,災害に関係したボランティア活動行動者率（10歳以上）（男）,％,文化・スポーツ,basic,NEW pref,1,0,0,0,0,0000010107,
G642602,災害に関係したボランティア活動行動者率（10歳以上）（女）,％,文化・スポーツ,basic,NEW pref,1,0,0,0,0,0000010107,
G6427,その他のボランティア活動行動者率（10歳以上）,％,文化・スポーツ,basic,NEW pref,1,0,0,0,0,0000010107,
G642701,その他のボランティア活動行動者率（10歳以上）（男）,％,文化・スポーツ,basic,NEW pref,1,0,0,0,0,0000010107,
G642702,その他のボランティア活動行動者率（10歳以上）（女）,％,文化・スポーツ,basic,NEW pref,1,0,0,0,0,0000010107,
G6428,国際協力に関係したボランティア活動行動者率（10歳以上）,％,文化・スポーツ,basic,NEW pref,1,0,0,0,0,0000010107,
G642801,国際協力に関係したボランティア活動行動者率（10歳以上）（男）,％,文化・スポーツ,basic,NEW pref,1,0,0,0,0,0000010107,
G642802,国際協力に関係したボランティア活動行動者率（10歳以上）（女）,％,文化・スポーツ,basic,NEW pref,1,0,0,0,0,0000010107,
G6430,ボランティア活動行動者率（15歳以上）,％,文化・スポーツ,basic,NEW pref,1,0,0,0,0,0000010107,
G643001,ボランティア活動行動者率（15歳以上）（男）,％,文化・スポーツ,basic,NEW pref,1,0,0,0,0,0000010107,
G643002,ボランティア活動行動者率（15歳以上）（女）,％,文化・スポーツ,basic,NEW pref,1,0,0,0,0,0000010107,
G6431,健康や医療サービスに関係したボランティア活動行動者率（15歳以上）,％,文化・スポーツ,basic,NEW pref,1,0,0,0,0,0000010107,
G643101,健康や医療サービスに関係したボランティア活動行動者率（15歳以上）（男）,％,文化・スポーツ,basic,NEW pref,1,0,0,0,0,0000010107,
G643102,健康や医療サービスに関係したボランティア活動行動者率（15歳以上）（女）,％,文化・スポーツ,basic,NEW pref,1,0,0,0,0,0000010107,
G6432,高齢者を対象としたボランティア活動行動者率（15歳以上）,％,文化・スポーツ,basic,NEW pref,1,0,0,0,0,0000010107,
G643201,高齢者を対象としたボランティア活動行動者率（15歳以上）（男）,％,文化・スポーツ,basic,NEW pref,1,0,0,0,0,0000010107,
G643202,高齢者を対象としたボランティア活動行動者率（15歳以上）（女）,％,文化・スポーツ,basic,NEW pref,1,0,0,0,0,0000010107,
G6433,障害者を対象としたボランティア活動行動者率（15歳以上）,％,文化・スポーツ,basic,NEW pref,1,0,0,0,0,0000010107,
G643301,障害者を対象としたボランティア活動行動者率（15歳以上）（男）,％,文化・スポーツ,basic,NEW pref,1,0,0,0,0,0000010107,
G643302,障害者を対象としたボランティア活動行動者率（15歳以上）（女）,％,文化・スポーツ,basic,NEW pref,1,0,0,0,0,0000010107,
G6434,子供を対象としたボランティア活動行動者率（15歳以上）,％,文化・スポーツ,basic,NEW pref,1,0,0,0,0,0000010107,
G643401,子供を対象としたボランティア活動行動者率（15歳以上）（男）,％,文化・スポーツ,basic,NEW pref,1,0,0,0,0,0000010107,
G643402,子供を対象としたボランティア活動行動者率（15歳以上）（女）,％,文化・スポーツ,basic,NEW pref,1,0,0,0,0,0000010107,
G6435,スポーツ・文化・芸術に関係したボランティア活動行動者率（15歳以上）,％,文化・スポーツ,basic,NEW pref,1,0,0,0,0,0000010107,
G643501,スポーツ・文化・芸術に関係したボランティア活動行動者率（15歳以上）（男）,％,文化・スポーツ,basic,NEW pref,1,0,0,0,0,0000010107,
G643502,スポーツ・文化・芸術に関係したボランティア活動行動者率（15歳以上）（女）,％,文化・スポーツ,basic,NEW pref,1,0,0,0,0,0000010107,
G6436,まちづくりのためのボランティア活動行動者率（15歳以上）,％,文化・スポーツ,basic,NEW pref,1,0,0,0,0,0000010107,
G643601,まちづくりのためのボランティア活動行動者率（15歳以上）（男）,％,文化・スポーツ,basic,NEW pref,1,0,0,0,0,0000010107,
G643602,まちづくりのためのボランティア活動行動者率（15歳以上）（女）,％,文化・スポーツ,basic,NEW pref,1,0,0,0,0,0000010107,
G6437,安全な生活のためのボランティア活動行動者率（15歳以上）,％,文化・スポーツ,basic,NEW pref,1,0,0,0,0,0000010107,
G643701,安全な生活のためのボランティア活動行動者率（15歳以上）（男）,％,文化・スポーツ,basic,NEW pref,1,0,0,0,0,0000010107,
G643702,安全な生活のためのボランティア活動行動者率（15歳以上）（女）,％,文化・スポーツ,basic,NEW pref,1,0,0,0,0,0000010107,
G6438,自然や環境をまもるためのボランティア活動行動者率（15歳以上）,％,文化・スポーツ,basic,NEW pref,1,0,0,0,0,0000010107,
G643801,自然や環境をまもるためのボランティア活動行動者率（15歳以上）（男）,％,文化・スポーツ,basic,NEW pref,1,0,0,0,0,0000010107,
G643802,自然や環境をまもるためのボランティア活動行動者率（15歳以上）（女）,％,文化・スポーツ,basic,NEW pref,1,0,0,0,0,0000010107,
G6439,災害に関係したボランティア活動行動者率（15歳以上）,％,文化・スポーツ,basic,NEW pref,1,0,0,0,0,0000010107,
G643901,災害に関係したボランティア活動行動者率（15歳以上）（男）,％,文化・スポーツ,basic,NEW pref,1,0,0,0,0,0000010107,
G643902,災害に関係したボランティア活動行動者率（15歳以上）（女）,％,文化・スポーツ,basic,NEW pref,1,0,0,0,0,0000010107,
G6440,その他のボランティア活動行動者率（15歳以上）,％,文化・スポーツ,basic,NEW pref,1,0,0,0,0,0000010107,
G644001,その他のボランティア活動行動者率（15歳以上）（男）,％,文化・スポーツ,basic,NEW pref,1,0,0,0,0,0000010107,
G644002,その他のボランティア活動行動者率（15歳以上）（女）,％,文化・スポーツ,basic,NEW pref,1,0,0,0,0,0000010107,
G6450,国際協力に関係したボランティア活動行動者率（15歳以上）,％,文化・スポーツ,basic,NEW pref,1,0,0,0,0,0000010107,
G645001,国際協力に関係したボランティア活動行動者率（15歳以上）（男）,％,文化・スポーツ,basic,NEW pref,1,0,0,0,0,0000010107,
G645002,国際協力に関係したボランティア活動行動者率（15歳以上）（女）,％,文化・スポーツ,basic,NEW pref,1,0,0,0,0,0000010107,
G6500,スポーツ行動者率（10歳以上）,％,文化・スポーツ,basic,NEW pref,1,0,0,0,0,0000010107,
G650001,スポーツ行動者率（10歳以上）（男）,％,文化・スポーツ,basic,NEW pref,1,0,0,0,0,0000010107,
G650002,スポーツ行動者率（10歳以上）（女）,％,文化・スポーツ,basic,NEW pref,1,0,0,0,0,0000010107,
G6600,旅行・行楽行動者率（10歳以上）,％,文化・スポーツ,basic,NEW pref,1,0,0,0,0,0000010107,
G660001,旅行・行楽行動者率（10歳以上）（男）,％,文化・スポーツ,basic,NEW pref,1,0,0,0,0,0000010107,
G660002,旅行・行楽行動者率（10歳以上）（女）,％,文化・スポーツ,basic,NEW pref,1,0,0,0,0,0000010107,
G6601,旅行行動者率（10歳以上）,％,文化・スポーツ,basic,NEW pref,1,0,0,0,0,0000010107,
G660101,旅行行動者率（10歳以上）（男）,％,文化・スポーツ,basic,NEW pref,1,0,0,0,0,0000010107,
G660102,旅行行動者率（10歳以上）（女）,％,文化・スポーツ,basic,NEW pref,1,0,0,0,0,0000010107,
G6605,海外旅行行動者率（10歳以上）,％,文化・スポーツ,basic,NEW pref,1,0,0,0,0,0000010107,
G660501,海外旅行行動者率（10歳以上）（男）,％,文化・スポーツ,basic,NEW pref,1,0,0,0,0,0000010107,
G660502,海外旅行行動者率（10歳以上）（女）,％,文化・スポーツ,basic,NEW pref,1,0,0,0,0,0000010107,
G6606,国内旅行行動者率（10歳以上）,％,文化・スポーツ,basic,NEW pref,1,0,0,0,0,0000010107,
G660601,国内旅行行動者率（10歳以上）（男）,％,文化・スポーツ,basic,NEW pref,1,0,0,0,0,0000010107,
G660602,国内旅行行動者率（10歳以上）（女）,％,文化・スポーツ,basic,NEW pref,1,0,0,0,0,0000010107,
G6607,行楽行動者率（10歳以上）,％,文化・スポーツ,basic,NEW pref,1,0,0,0,0,0000010107,
G660701,行楽行動者率（10歳以上）（男）,％,文化・スポーツ,basic,NEW pref,1,0,0,0,0,0000010107,
G660702,行楽行動者率（10歳以上）（女）,％,文化・スポーツ,basic,NEW pref,1,0,0,0,0,0000010107,
G6610,旅行・行楽行動者率（15歳以上）,％,文化・スポーツ,basic,NEW pref,1,0,0,0,0,0000010107,
G661001,旅行・行楽行動者率（15歳以上）（男）,％,文化・スポーツ,basic,NEW pref,1,0,0,0,0,0000010107,
G661002,旅行・行楽行動者率（15歳以上）（女）,％,文化・スポーツ,basic,NEW pref,1,0,0,0,0,0000010107,
G6611,旅行行動者率（15歳以上）,％,文化・スポーツ,basic,NEW pref,1,0,0,0,0,0000010107,
G661101,旅行行動者率（15歳以上）（男）,％,文化・スポーツ,basic,NEW pref,1,0,0,0,0,0000010107,
G661102,旅行行動者率（15歳以上）（女）,％,文化・スポーツ,basic,NEW pref,1,0,0,0,0,0000010107,
G6615,海外旅行行動者率（15歳以上）,％,文化・スポーツ,basic,NEW pref,1,0,0,0,0,0000010107,
G661501,海外旅行行動者率（15歳以上）（男）,％,文化・スポーツ,basic,NEW pref,1,0,0,0,0,0000010107,
G661502,海外旅行行動者率（15歳以上）（女）,％,文化・スポーツ,basic,NEW pref,1,0,0,0,0,0000010107,
G6616,国内旅行行動者率（15歳以上）,％,文化・スポーツ,basic,NEW pref,1,0,0,0,0,0000010107,
G661601,国内旅行行動者率（15歳以上）（男）,％,文化・スポーツ,basic,NEW pref,1,0,0,0,0,0000010107,
G661602,国内旅行行動者率（15歳以上）（女）,％,文化・スポーツ,basic,NEW pref,1,0,0,0,0,0000010107,
G6617,行楽行動者率（15歳以上）,％,文化・スポーツ,basic,NEW pref,1,0,0,0,0,0000010107,
G661701,行楽行動者率（15歳以上）（男）,％,文化・スポーツ,basic,NEW pref,1,0,0,0,0,0000010107,
G661702,行楽行動者率（15歳以上）（女）,％,文化・スポーツ,basic,NEW pref,1,0,0,0,0,0000010107,
G6700,学習・自己啓発・訓練行動者率（10歳以上）,％,文化・スポーツ,basic,NEW pref,1,0,0,0,0,0000010107,
G670001,学習・自己啓発・訓練行動者率（10歳以上）（男）,％,文化・スポーツ,basic,NEW pref,1,0,0,0,0,0000010107,
G670002,学習・自己啓発・訓練行動者率（10歳以上）（女）,％,文化・スポーツ,basic,NEW pref,1,0,0,0,0,0000010107,
G6701,学習・研究行動者率（15歳以上）,％,文化・スポーツ,basic,NEW pref,1,0,0,0,0,0000010107,
G670101,学習・研究行動者率（15歳以上）（男）,％,文化・スポーツ,basic,NEW pref,1,0,0,0,0,0000010107,
G670102,学習・研究行動者率（15歳以上）（女）,％,文化・スポーツ,basic,NEW pref,1,0,0,0,0,0000010107,
G6800,趣味・娯楽行動者率（10歳以上）,％,文化・スポーツ,basic,NEW pref,1,0,0,0,0,0000010107,
G680001,趣味・娯楽行動者率（10歳以上）（男）,％,文化・スポーツ,basic,NEW pref,1,0,0,0,0,0000010107,
G680002,趣味・娯楽行動者率（10歳以上）（女）,％,文化・スポーツ,basic,NEW pref,1,0,0,0,0,0000010107,
G6801,趣味・娯楽行動者率（15歳以上）,％,文化・スポーツ,basic,NEW pref,1,0,0,0,0,0000010107,
G680101,趣味・娯楽行動者率（15歳以上）（男）,％,文化・スポーツ,basic,NEW pref,1,0,0,0,0,0000010107,
G680102,趣味・娯楽行動者率（15歳以上）（女）,％,文化・スポーツ,basic,NEW pref,1,0,0,0,0,0000010107,
G6900,テレビ・ラジオ・新聞・雑誌行動者率（10歳以上）,％,文化・スポーツ,basic,NEW pref,1,0,0,0,0,0000010107,
G690001,テレビ・ラジオ・新聞・雑誌行動者率（10歳以上）（男）,％,文化・スポーツ,basic,NEW pref,1,0,0,0,0,0000010107,
G690002,テレビ・ラジオ・新聞・雑誌行動者率（10歳以上）（女）,％,文化・スポーツ,basic,NEW pref,1,0,0,0,0,0000010107,
G6901,テレビ・ラジオ・新聞・雑誌行動者率（15歳以上）,％,文化・スポーツ,basic,NEW pref,1,0,0,0,0,0000010107,
G690101,テレビ・ラジオ・新聞・雑誌行動者率（15歳以上）（男）,％,文化・スポーツ,basic,NEW pref,1,0,0,0,0,0000010107,
G690102,テレビ・ラジオ・新聞・雑誌行動者率（15歳以上）（女）,％,文化・スポーツ,basic,NEW pref,1,0,0,0,0,0000010107,
G7000,インターネットの利用行動者率（10歳以上）,％,文化・スポーツ,basic,NEW pref,1,0,0,0,0,0000010107,
G700001,インターネットの利用行動者率（10歳以上）（男）,％,文化・スポーツ,basic,NEW pref,1,0,0,0,0,0000010107,
G700002,インターネットの利用行動者率（10歳以上）（女）,％,文化・スポーツ,basic,NEW pref,1,0,0,0,0,0000010107,
G710101,延べ宿泊者数（県内）,人泊,文化・スポーツ,basic,NEW pref,1,0,0,0,0,0000010107,
G710102,延べ宿泊者数（県外）,人泊,文化・スポーツ,basic,NEW pref,1,0,0,0,0,0000010107,
G710103,延べ宿泊者数（旅館）,人泊,文化・スポーツ,basic,NEW pref,1,0,0,0,0,0000010107,
G710104,延べ宿泊者数（リゾートホテル）,人泊,文化・スポーツ,basic,NEW pref,1,0,0,0,0,0000010107,
G710105,延べ宿泊者数（ビジネスホテル）,人泊,文化・スポーツ,basic,NEW pref,1,0,0,0,0,0000010107,
G710106,延べ宿泊者数（シティーホテル）,人泊,文化・スポーツ,basic,NEW pref,1,0,0,0,0,0000010107,
G710201,外国人延べ宿泊者数（韓国）,人泊,文化・スポーツ,basic,NEW pref,1,0,0,0,0,0000010107,
G710202,外国人延べ宿泊者数（中国）,人泊,文化・スポーツ,basic,NEW pref,1,0,0,0,0,0000010107,
G710203,外国人延べ宿泊者数（台湾）,人泊,文化・スポーツ,basic,NEW pref,1,0,0,0,0,0000010107,
G710204,外国人延べ宿泊者数（米国）,人泊,文化・スポーツ,basic,NEW pref,1,0,0,0,0,0000010107,
G7103,実宿泊者数,人,文化・スポーツ,basic,NEW pref,1,0,0,0,0,0000010107,
G710301,実宿泊者数（外国人実宿泊者数）,人,文化・スポーツ,basic,NEW pref,1,0,0,0,0,0000010107,
G7104,定員稼働率,％,文化・スポーツ,basic,NEW pref,1,0,0,0,0,0000010107,
G7105,客室稼働率,％,文化・スポーツ,basic,NEW pref,1,0,0,0,0,0000010107,
#H05307,#H05307_汚水処理人口普及率,％,居住,indicator,NEW pref,1,0,0,0,0,0000010208,
#H05308,#H05308_下水道処理人口普及率,％,居住,indicator,NEW pref,1,0,0,0,0,0000010208,
#H0540101,#H0540101_し尿処理人口比率（－2011）,％,居住,indicator,NEW pref,1,0,0,0,0,0000010208,
H140310,エレベーター付き共同住宅数（非木造）,戸,居住,basic,NEW pref,1,0,0,0,0,0000010108,
H140320,高齢者対応型共同住宅数（非木造）,戸,居住,basic,NEW pref,1,0,0,0,0,0000010108,
H140331,高齢者対応型共同住宅数のうちサービス付き高齢者住宅数,戸,居住,basic,NEW pref,1,0,0,0,0,0000010108,
H1610,1991～1995年建築住宅数,住宅,居住,basic,NEW pref,1,0,0,0,0,0000010108,
H1617,1996～2000年建築住宅数,住宅,居住,basic,NEW pref,1,0,0,0,0,0000010108,
H1701,着工居住用建築物数（木造）,棟,居住,basic,NEW pref,1,0,0,0,0,0000010108,
H1702,着工居住用建築物数（鉄骨鉄筋コンクリート造）,棟,居住,basic,NEW pref,1,0,0,0,0,0000010108,
H1703,着工居住用建築物数（鉄筋コンクリート造）,棟,居住,basic,NEW pref,1,0,0,0,0,0000010108,
H1704,着工居住用建築物数（鉄骨造）,棟,居住,basic,NEW pref,1,0,0,0,0,0000010108,
H1705,着工居住用建築物数（コンクリートブロック造）,棟,居住,basic,NEW pref,1,0,0,0,0,0000010108,
H180201,着工新設貸家数（公営）,戸,居住,basic,NEW pref,1,0,0,0,0,0000010108,
H180202,着工新設貸家数（都市再生機構）,戸,居住,basic,NEW pref,1,0,0,0,0,0000010108,
H180302,着工新設分譲住宅数（都市再生機構）,戸,居住,basic,NEW pref,1,0,0,0,0,0000010108,
H1900,滅失住宅戸数,戸,居住,basic,NEW pref,1,0,0,0,0,0000010108,
H1901,除却住宅戸数,戸,居住,basic,NEW pref,1,0,0,0,0,0000010108,
H1902,災害住宅戸数,戸,居住,basic,NEW pref,1,0,0,0,0,0000010108,
H2140,1住宅当たり敷地面積,ｍ2,居住,basic,NEW pref,1,0,0,0,0,0000010108,
H214010,1住宅当たり敷地面積（一戸建）,ｍ2,居住,basic,NEW pref,1,0,0,0,0,0000010108,
H214011,1住宅当たり敷地面積（一戸建・持ち家）,ｍ2,居住,basic,NEW pref,1,0,0,0,0,0000010108,
H214020,1住宅当たり敷地面積（長屋建）,ｍ2,居住,basic,NEW pref,1,0,0,0,0,0000010108,
H214021,1住宅当たり敷地面積（長屋建・持ち家）,ｍ2,居住,basic,NEW pref,1,0,0,0,0,0000010108,
H2202,浴室のある住宅数,住宅,居住,basic,NEW pref,1,0,0,0,0,0000010108,
H223001,高齢者等用設備住宅数（手すりがある）,戸,居住,basic,NEW pref,1,0,0,0,0,0000010108,
H223002,高齢者等用設備住宅数（またぎやすい高さの浴槽）,戸,居住,basic,NEW pref,1,0,0,0,0,0000010108,
H223003,高齢者等用設備住宅数（廊下など車いすで通行可能な幅）,戸,居住,basic,NEW pref,1,0,0,0,0,0000010108,
H223004,高齢者等用設備住宅数（段差のない屋内）,戸,居住,basic,NEW pref,1,0,0,0,0,0000010108,
H223005,高齢者等用設備住宅数（道路から玄関まで車いすで通行可能）,戸,居住,basic,NEW pref,1,0,0,0,0,0000010108,
H223006,高齢者等用設備住宅数（浴室暖房乾燥機）,戸,居住,basic,NEW pref,1,0,0,0,0,0000010108,
H225001,自動火災感知設備あり住宅数（木造）,住宅,居住,basic,NEW pref,1,0,0,0,0,0000010108,
H225002,自動火災感知設備あり住宅数（非木造）,住宅,居住,basic,NEW pref,1,0,0,0,0,0000010108,
H225003,自動火災感知設備あり住宅数（持ち家）,住宅,居住,basic,NEW pref,1,0,0,0,0,0000010108,
H225004,自動火災感知設備あり住宅数（借家）,住宅,居住,basic,NEW pref,1,0,0,0,0,0000010108,
H2260,自動消火設備あり住宅数,住宅,居住,basic,NEW pref,1,0,0,0,0,0000010108,
H226001,自動消火設備あり住宅数（木造）,住宅,居住,basic,NEW pref,1,0,0,0,0,0000010108,
H226002,自動消火設備あり住宅数（非木造）,住宅,居住,basic,NEW pref,1,0,0,0,0,0000010108,
H226003,自動消火設備あり住宅数（持ち家）,住宅,居住,basic,NEW pref,1,0,0,0,0,0000010108,
H226004,自動消火設備あり住宅数（借家）,住宅,居住,basic,NEW pref,1,0,0,0,0,0000010108,
H227001,耐震工事をした住宅数（持ち家・木造）,住宅,居住,basic,NEW pref,1,0,0,0,0,0000010108,
H227002,耐震工事をした住宅数（持ち家・防火木造）,住宅,居住,basic,NEW pref,1,0,0,0,0,0000010108,
H227003,耐震工事をした住宅数（持ち家・非木造）,住宅,居住,basic,NEW pref,1,0,0,0,0,0000010108,
H227006,2019年以降における住宅の耐震改修工事をした持ち家総数,戸,居住,basic,NEW pref,1,0,0,0,0,0000010108,
H2501,着工居住用建築物床面積（木造）,ｍ2,居住,basic,NEW pref,1,0,0,0,0,0000010108,
H2502,着工居住用建築物床面積（鉄骨鉄筋コンクリート造）,ｍ2,居住,basic,NEW pref,1,0,0,0,0,0000010108,
H2503,着工居住用建築物床面積（鉄筋コンクリート造）,ｍ2,居住,basic,NEW pref,1,0,0,0,0,0000010108,
H2504,着工居住用建築物床面積（鉄骨造）,ｍ2,居住,basic,NEW pref,1,0,0,0,0,0000010108,
H2505,着工居住用建築物床面積（コンクリートブロック造）,ｍ2,居住,basic,NEW pref,1,0,0,0,0,0000010108,
H2610,着工新設持家・分譲住宅床面積,ｍ2,居住,basic,NEW pref,1,0,0,0,0,0000010108,
H2700,要修理住宅割合別住宅数（割合（0％））,住宅,居住,basic,NEW pref,1,0,0,0,0,0000010108,
H2701,要修理住宅割合別住宅数（割合（10％未満））,住宅,居住,basic,NEW pref,1,0,0,0,0,0000010108,
H2702,要修理住宅割合別住宅数（割合（10～20％未満））,住宅,居住,basic,NEW pref,1,0,0,0,0,0000010108,
H2703,要修理住宅割合別住宅数（割合（20％以上））,住宅,居住,basic,NEW pref,1,0,0,0,0,0000010108,
H2800,敷地が幅員2ｍ未満の道路に接している住宅数,住宅,居住,basic,NEW pref,1,0,0,0,0,0000010108,
H2801,敷地が幅員2～4ｍ未満の道路に接している住宅数,住宅,居住,basic,NEW pref,1,0,0,0,0,0000010108,
H2802,敷地が幅員4～6ｍ未満の道路に接している住宅数,住宅,居住,basic,NEW pref,1,0,0,0,0,0000010108,
H2803,敷地が幅員6～10ｍ未満の道路に接している住宅数,住宅,居住,basic,NEW pref,1,0,0,0,0,0000010108,
H2804,敷地が幅員10ｍ以上の道路に接している住宅数,住宅,居住,basic,NEW pref,1,0,0,0,0,0000010108,
H2805,敷地が道路に接していない住宅数,住宅,居住,basic,NEW pref,1,0,0,0,0,0000010108,
H2920,最寄りの保育所までの距離が100m未満の住宅に住んでいる主世帯数,世帯,居住,basic,NEW pref,1,0,0,0,0,0000010108,
H2921,最寄りの保育所までの距離が100～200m未満の住宅に住んでいる主世帯数,世帯,居住,basic,NEW pref,1,0,0,0,0,0000010108,
H2922,最寄りの保育所までの距離が200～500m未満の住宅に住んでいる主世帯数,世帯,居住,basic,NEW pref,1,0,0,0,0,0000010108,
H2923,最寄りの保育所までの距離が500～1000m未満の住宅に住んでいる主世帯数,世帯,居住,basic,NEW pref,1,0,0,0,0,0000010108,
H2924,最寄りの保育所までの距離が1000m以上の住宅に住んでいる主世帯数,世帯,居住,basic,NEW pref,1,0,0,0,0,0000010108,
H2930,最寄りの老人デイサービスセンターまでの距離が250m未満の住宅に住んでいる主世帯数,世帯,居住,basic,NEW pref,1,0,0,0,0,0000010108,
H2931,最寄りの老人デイサービスセンターまでの距離が250～500m未満の住宅に住んでいる主世帯数,世帯,居住,basic,NEW pref,1,0,0,0,0,0000010108,
H2932,最寄りの老人デイサービスセンターまでの距離が500～1000m未満の住宅に住んでいる主世帯数,世帯,居住,basic,NEW pref,1,0,0,0,0,0000010108,
H2933,最寄りの老人デイサービスセンターまでの距離が1000～2000m未満の住宅に住んでいる主世帯数,世帯,居住,basic,NEW pref,1,0,0,0,0,0000010108,
H2934,最寄りの老人デイサービスセンターまでの距離が2000m以上の住宅に住んでいる主世帯数,世帯,居住,basic,NEW pref,1,0,0,0,0,0000010108,
H3112,住宅に同居の普通世帯数,世帯,居住,basic,NEW pref,1,0,0,0,0,0000010108,
H3113,住宅以外の建物に居住の普通世帯数,世帯,居住,basic,NEW pref,1,0,0,0,0,0000010108,
H3114,住宅以外の建物に居住の世帯数,世帯,居住,basic,NEW pref,1,0,0,0,0,0000010108,
H3121,住宅に同居の準世帯数,世帯,居住,basic,NEW pref,1,0,0,0,0,0000010108,
H3122,住宅以外の建物に居住の準世帯数,世帯,居住,basic,NEW pref,1,0,0,0,0,0000010108,
H3130,同居世帯数,世帯,居住,basic,NEW pref,1,0,0,0,0,0000010108,
H3230,住宅に住む母子世帯数,世帯,居住,basic,NEW pref,1,0,0,0,0,0000010108,
H3241,住宅に住む高齢単身世帯数（60歳以上の者のみ）,世帯,居住,basic,NEW pref,1,0,0,0,0,0000010108,
H3251,住宅に住む高齢夫婦世帯数（60歳以上の夫婦のみ）,世帯,居住,basic,NEW pref,1,0,0,0,0,0000010108,
H3261,住宅に住む高齢単身世帯数（65歳以上の者のみ）,世帯,居住,basic,NEW pref,1,0,0,0,0,0000010108,
H3271,住宅に住む高齢夫婦世帯数（高齢夫婦のみ）,世帯,居住,basic,NEW pref,1,0,0,0,0,0000010108,
H3321,住宅に同居の準世帯人員,人,居住,basic,NEW pref,1,0,0,0,0,0000010108,
H3322,住宅以外の建物に居住の準世帯人員,人,居住,basic,NEW pref,1,0,0,0,0,0000010108,
H3330,同居世帯人員,人,居住,basic,NEW pref,1,0,0,0,0,0000010108,
H3512,1世帯当たり居住室数（同居の普通世帯）,室,居住,basic,NEW pref,1,0,0,0,0,0000010108,
H3513,1世帯当たり居住室数（住宅以外の建物に居住の普通世帯）,室,居住,basic,NEW pref,1,0,0,0,0,0000010108,
H3514,1世帯当たり居住室数（同居世帯）,室,居住,basic,NEW pref,1,0,0,0,0,0000010108,
H3522,1世帯当たり畳数（同居の普通世帯）,畳,居住,basic,NEW pref,1,0,0,0,0,0000010108,
H3523,1世帯当たり畳数（住宅以外の建物に居住の普通世帯）,畳,居住,basic,NEW pref,1,0,0,0,0,0000010108,
H3524,1人当たり畳数（主世帯）,畳,居住,basic,NEW pref,1,0,0,0,0,0000010108,
H352401,1人当たり畳数（持ち家・主世帯）,畳,居住,basic,NEW pref,1,0,0,0,0,0000010108,
H352402,1人当たり畳数（借家・主世帯）,畳,居住,basic,NEW pref,1,0,0,0,0,0000010108,
H3525,1世帯当たり畳数（同居世帯）,畳,居住,basic,NEW pref,1,0,0,0,0,0000010108,
H3526,世帯１人当たり居住室の畳数（住宅以外の建物に居住の世帯）,畳,居住,basic,NEW pref,1,0,0,0,0,0000010108,
H3660,1世帯当たり延べ面積（住宅に住む一般世帯）,ｍ2,居住,basic,NEW pref,1,0,0,0,0,0000010108,
H3661,1世帯当たり延べ面積（主世帯）,ｍ2,居住,basic,NEW pref,1,0,0,0,0,0000010108,
H366101,1世帯当たり延べ面積（持ち家）,ｍ2,居住,basic,NEW pref,1,0,0,0,0,0000010108,
H3661021,1世帯当たり延べ面積（公営の借家）,ｍ2,居住,basic,NEW pref,1,0,0,0,0,0000010108,
H3661022,1世帯当たり延べ面積（公団・公社の借家）,ｍ2,居住,basic,NEW pref,1,0,0,0,0,0000010108,
H366103,1世帯当たり延べ面積（民営の借家）,ｍ2,居住,basic,NEW pref,1,0,0,0,0,0000010108,
H366104,1世帯当たり延べ面積（給与住宅）,ｍ2,居住,basic,NEW pref,1,0,0,0,0,0000010108,
H3662,1世帯当たり延べ面積（住宅に住む母子世帯）,ｍ2,居住,basic,NEW pref,1,0,0,0,0,0000010108,
H3670,1人当たり延べ面積（住宅に住む一般世帯）,ｍ2,居住,basic,NEW pref,1,0,0,0,0,0000010108,
H3671,1人当たり延べ面積（主世帯）,ｍ2,居住,basic,NEW pref,1,0,0,0,0,0000010108,
H367101,1人当たり延べ面積（持ち家）,ｍ2,居住,basic,NEW pref,1,0,0,0,0,0000010108,
H3671021,1人当たり延べ面積（公営の借家）,ｍ2,居住,basic,NEW pref,1,0,0,0,0,0000010108,
H3671022,1人当たり延べ面積（公団・公社の借家）,ｍ2,居住,basic,NEW pref,1,0,0,0,0,0000010108,
H367103,1人当たり延べ面積（民営の借家）,ｍ2,居住,basic,NEW pref,1,0,0,0,0,0000010108,
H367104,1人当たり延べ面積（給与住宅）,ｍ2,居住,basic,NEW pref,1,0,0,0,0,0000010108,
H3672,1人当たり延べ面積（住宅に住む母子世帯）,ｍ2,居住,basic,NEW pref,1,0,0,0,0,0000010108,
H3673,1人当たり延べ面積（住宅に住む高齢単身世帯）,ｍ2,居住,basic,NEW pref,1,0,0,0,0,0000010108,
H3675,1人当たり延べ面積（住宅に住む高齢夫婦世帯）,ｍ2,居住,basic,NEW pref,1,0,0,0,0,0000010108,
H3710,最低居住水準以上の主世帯数,世帯,居住,basic,NEW pref,1,0,0,0,0,0000010108,
H371001,最低居住水準以上の主世帯数（持ち家）,世帯,居住,basic,NEW pref,1,0,0,0,0,0000010108,
H371002,最低居住水準以上の主世帯数（借家）,世帯,居住,basic,NEW pref,1,0,0,0,0,0000010108,
H3711,最低居住水準以上の主世帯数（65歳未満の単身）,世帯,居住,basic,NEW pref,1,0,0,0,0,0000010108,
H3712,最低居住水準以上の主世帯数（65歳以上の単身）,世帯,居住,basic,NEW pref,1,0,0,0,0,0000010108,
H3713,最低居住水準以上の主世帯数（夫婦のみ）,世帯,居住,basic,NEW pref,1,0,0,0,0,0000010108,
H3717,最低居住水準以上の主世帯数（夫婦と18歳未満及び65歳以上の者）,世帯,居住,basic,NEW pref,1,0,0,0,0,0000010108,
H3720,誘導居住水準以上の主世帯数,世帯,居住,basic,NEW pref,1,0,0,0,0,0000010108,
H372001,誘導居住水準以上の主世帯数（持ち家）,世帯,居住,basic,NEW pref,1,0,0,0,0,0000010108,
H372002,誘導居住水準以上の主世帯数（借家）,世帯,居住,basic,NEW pref,1,0,0,0,0,0000010108,
H3721,誘導居住水準以上の主世帯数（65歳未満の単身）,世帯,居住,basic,NEW pref,1,0,0,0,0,0000010108,
H3722,誘導居住水準以上の主世帯数（65歳以上の単身）,世帯,居住,basic,NEW pref,1,0,0,0,0,0000010108,
H3723,誘導居住水準以上の主世帯数（夫婦のみ）,世帯,居住,basic,NEW pref,1,0,0,0,0,0000010108,
H3727,誘導居住水準以上の主世帯数（夫婦と18歳未満及び65歳以上の者）,世帯,居住,basic,NEW pref,1,0,0,0,0,0000010108,
H3801,現住居敷地所有普通世帯数,世帯,居住,basic,NEW pref,1,0,0,0,0,0000010108,
H3802,現住居敷地以外の宅地など所有普通世帯数,世帯,居住,basic,NEW pref,1,0,0,0,0,0000010108,
H380201,現住居敷地以外の宅地など所有普通世帯数（持ち家）,世帯,居住,basic,NEW pref,1,0,0,0,0,0000010108,
H380202,現住居敷地以外の宅地など所有普通世帯数（持ち家以外）,世帯,居住,basic,NEW pref,1,0,0,0,0,0000010108,
H3803,現住居敷地以外の宅地など所有件数,件,居住,basic,NEW pref,1,0,0,0,0,0000010108,
H380301,現住居敷地以外の宅地など所有件数（持ち家）,件,居住,basic,NEW pref,1,0,0,0,0,0000010108,
H380302,現住居敷地以外の宅地など所有件数（持ち家以外）,件,居住,basic,NEW pref,1,0,0,0,0,0000010108,
H3804,現住居以外の住宅所有普通世帯数,世帯,居住,basic,NEW pref,1,0,0,0,0,0000010108,
H380410,現住居以外の所有住宅数,戸,居住,basic,NEW pref,1,0,0,0,0,0000010108,
H380411,現住居以外の所有住宅数（親族居住用）,戸,居住,basic,NEW pref,1,0,0,0,0,0000010108,
H380412,現住居以外の所有住宅数（二次的住宅・別荘用）（空き家）,戸,居住,basic,NEW pref,1,0,0,0,0,0000010108,
H380413,現住居以外の所有住宅数（貸家用）,戸,居住,basic,NEW pref,1,0,0,0,0,0000010108,
H3805,現住居以外の住宅所有主世帯数,世帯,居住,basic,NEW pref,1,0,0,0,0,0000010108,
H380510,現住居以外の所有住宅数（主世帯）,戸,居住,basic,NEW pref,1,0,0,0,0,0000010108,
H380511,現住居以外の所有住宅数（主世帯）（親族居住用）,戸,居住,basic,NEW pref,1,0,0,0,0,0000010108,
H380512,現住居以外の所有住宅数（主世帯）（二次的住宅・別荘用）（空き家）,戸,居住,basic,NEW pref,1,0,0,0,0,0000010108,
H380513,現住居以外の所有住宅数（主世帯）（貸家用）,戸,居住,basic,NEW pref,1,0,0,0,0,0000010108,
H3806,現住居敷地所有主世帯数,世帯,居住,basic,NEW pref,1,0,0,0,0,0000010108,
H3807,現住居敷地以外の宅地など所有主世帯数,世帯,居住,basic,NEW pref,1,0,0,0,0,0000010108,
H380701,現住居敷地以外の宅地など所有主世帯数（持ち家）,世帯,居住,basic,NEW pref,1,0,0,0,0,0000010108,
H380702,現住居敷地以外の宅地など所有主世帯数（借家）,世帯,居住,basic,NEW pref,1,0,0,0,0,0000010108,
H3809,現住居敷地以外の宅地など所有件数（主世帯）,件,居住,basic,NEW pref,1,0,0,0,0,0000010108,
H380901,現住居敷地以外の宅地など所有件数（主世帯）（持ち家）,件,居住,basic,NEW pref,1,0,0,0,0,0000010108,
H380902,現住居敷地以外の宅地など所有件数（主世帯）（借家）,件,居住,basic,NEW pref,1,0,0,0,0,0000010108,
H4101,専用住宅の1畳当たり家賃・間代,円,居住,basic,NEW pref,1,0,0,0,0,0000010108,
H410110,専用住宅の1畳当たり家賃・間代（公営の借家）,円,居住,basic,NEW pref,1,0,0,0,0,0000010108,
H410133,専用住宅の1畳当たり家賃・間代（民営借家・非木造）,円,居住,basic,NEW pref,1,0,0,0,0,0000010108,
H410134,専用住宅の1畳当たり家賃・間代（民営借家・木造）,円,居住,basic,NEW pref,1,0,0,0,0,0000010108,
H410301,3.3m2当たり家賃（公営賃貸住宅）,円,居住,basic,NEW pref,1,0,0,0,0,0000010108,
H410302,3.3m2当たり家賃（民営賃貸住宅）,円,居住,basic,NEW pref,1,0,0,0,0,0000010108,
H410410,専用住宅の1畳当たり家賃（公営の借家）,円,居住,basic,NEW pref,1,0,0,0,0,0000010108,
H410420,専用住宅の1畳当たり家賃（都市再生機構（ＵＲ）・公社の借家）,円,居住,basic,NEW pref,1,0,0,0,0,0000010108,
H410431,専用住宅の1畳当たり家賃（民営借家）,円,居住,basic,NEW pref,1,0,0,0,0,0000010108,
H410432,専用住宅の1畳当たり家賃（給与住宅）,円,居住,basic,NEW pref,1,0,0,0,0,0000010108,
H4210,3.3m2当たり住宅敷地価額,百円,居住,basic,NEW pref,1,0,0,0,0,0000010108,
H510101,電灯使用電力量,百万ｋｗｈ,居住,basic,NEW pref,1,0,0,0,0,0000010108,
H5104,発電電力量,ＭＷｈ,居住,basic,NEW pref,1,0,0,0,0,0000010108,
H5105,電力需要量,ＭＷｈ,居住,basic,NEW pref,1,0,0,0,0,0000010108,
H5202,都市ガスメーター調定数,個,居住,basic,NEW pref,1,0,0,0,0,0000010108,
H5205,ガソリン販売量,ｋｌ,居住,basic,NEW pref,1,0,0,0,0,0000010108,
H5206,都市ガス販売量,千ＭＪ,居住,basic,NEW pref,1,0,0,0,0,0000010108,
H530102,簡易水道給水人口,人,居住,basic,NEW pref,1,0,0,0,0,0000010108,
H530103,専用水道給水人口,人,居住,basic,NEW pref,1,0,0,0,0,0000010108,
H540302,下水道処理区域人口,人,居住,basic,NEW pref,1,0,0,0,0,0000010108,
H5616,最終処分場埋立容量,ｍ3／年度,居住,basic,NEW pref,1,0,0,0,0,0000010108,
H5617,最終処分場残余容量,ｍ3,居住,basic,NEW pref,1,0,0,0,0,0000010108,
H610102,織物・衣服・身の回り品小売店数（事業所・企業統計調査結果）,事業所,居住,basic,NEW pref,1,0,0,0,0,0000010108,
H610103,飲食料品小売店数（事業所・企業統計調査結果）,事業所,居住,basic,NEW pref,1,0,0,0,0,0000010108,
H610501,総合スーパー数,事業所,居住,basic,NEW pref,1,0,0,0,0,0000010108,
H610503,専門スーパー数,事業所,居住,basic,NEW pref,1,0,0,0,0,0000010108,
H610505,その他のスーパー数,事業所,居住,basic,NEW pref,1,0,0,0,0,0000010108,
H610506,広義ドラッグストア数,事業所,居住,basic,NEW pref,1,0,0,0,0,0000010108,
H610701,理容所数,施設,居住,basic,NEW pref,1,0,0,0,0,0000010108,
H610702,美容所数,施設,居住,basic,NEW pref,1,0,0,0,0,0000010108,
H6108,クリーニング業数,施設,居住,basic,NEW pref,1,0,0,0,0,0000010108,
H6120,給油所数,箇所,居住,basic,NEW pref,1,0,0,0,0,0000010108,
H620101,各種商品小売業売場面積,ｍ2,居住,basic,NEW pref,1,0,0,0,0,0000010108,
H620102,織物・衣服・身の回り品小売業売場面積,ｍ2,居住,basic,NEW pref,1,0,0,0,0,0000010108,
H620103,飲食料品小売業売場面積,ｍ2,居住,basic,NEW pref,1,0,0,0,0,0000010108,
H620104,自動車・自転車小売業売場面積,ｍ2,居住,basic,NEW pref,1,0,0,0,0,0000010108,
H620105,家具・じゅう器・家庭用機械器具小売業売場面積,ｍ2,居住,basic,NEW pref,1,0,0,0,0,0000010108,
H620106,その他の小売業売場面積,ｍ2,居住,basic,NEW pref,1,0,0,0,0,0000010108,
H7111,道路実延長（主要道路）,ｋｍ,居住,basic,NEW pref,1,0,0,0,0,0000010108,
H712101,舗装道路実延長（一般国道）,ｋｍ,居住,basic,NEW pref,1,0,0,0,0,0000010108,
H712102,舗装道路実延長（主要地方道）,ｋｍ,居住,basic,NEW pref,1,0,0,0,0,0000010108,
H712103,舗装道路実延長（一般都道府県道）,ｋｍ,居住,basic,NEW pref,1,0,0,0,0,0000010108,
H7150,自動車走行台キロ,千台・km/12ｈ,居住,basic,NEW pref,1,0,0,0,0,0000010108,
H7160,道路平均交通量,台/12ｈ,居住,basic,NEW pref,1,0,0,0,0,0000010108,
H720905,原動機付自転車台数（特定小型）,台,居住,basic,NEW pref,1,0,0,0,0,0000010108,
H730208,自市区町村内通勤・通学者数（利用交通手段が2種類）,人,居住,basic,NEW pref,1,0,0,0,0,0000010108,
H730209,自市区町村内通勤・通学者数（利用交通手段が3種類以上）,人,居住,basic,NEW pref,1,0,0,0,0,0000010108,
H730210,自市区町村内通勤・通学者数（オートバイ）,人,居住,basic,NEW pref,1,0,0,0,0,0000010108,
H730211,自市区町村内通勤・通学者数（自転車）,人,居住,basic,NEW pref,1,0,0,0,0,0000010108,
H730212,自市区町村内通勤・通学者数（ハイヤー・タクシー）,人,居住,basic,NEW pref,1,0,0,0,0,0000010108,
H730213,自市区町村内通勤・通学者数（その他）,人,居住,basic,NEW pref,1,0,0,0,0,0000010108,
H730301,県内他市区町村への通勤・通学者数（徒歩だけ）,人,居住,basic,NEW pref,1,0,0,0,0,0000010108,
H730302,県内他市区町村への通勤・通学者数（鉄道・電車）,人,居住,basic,NEW pref,1,0,0,0,0,0000010108,
H730303,県内他市区町村への通勤・通学者数（乗合バス）,人,居住,basic,NEW pref,1,0,0,0,0,0000010108,
H730304,県内他市区町村への通勤・通学者数（勤め先・学校のバス）,人,居住,basic,NEW pref,1,0,0,0,0,0000010108,
H730305,県内他市区町村への通勤・通学者数（自家用車）,人,居住,basic,NEW pref,1,0,0,0,0,0000010108,
H730308,県内他市区町村への通勤・通学者数（利用交通手段が2種類）,人,居住,basic,NEW pref,1,0,0,0,0,0000010108,
H730309,県内他市区町村への通勤・通学者数（利用交通手段が3種類以上）,人,居住,basic,NEW pref,1,0,0,0,0,0000010108,
H730310,県内他市区町村への通勤・通学者数（オートバイ）,人,居住,basic,NEW pref,1,0,0,0,0,0000010108,
H730311,県内他市区町村への通勤・通学者数（自転車）,人,居住,basic,NEW pref,1,0,0,0,0,0000010108,
H730312,県内他市区町村への通勤・通学者数（ハイヤー・タクシー）,人,居住,basic,NEW pref,1,0,0,0,0,0000010108,
H730313,県内他市区町村への通勤・通学者数（その他）,人,居住,basic,NEW pref,1,0,0,0,0,0000010108,
H730402,他県への通勤・通学者数（鉄道・電車）,人,居住,basic,NEW pref,1,0,0,0,0,0000010108,
H730403,他県への通勤・通学者数（乗合バス）,人,居住,basic,NEW pref,1,0,0,0,0,0000010108,
H730404,他県への通勤・通学者数（勤め先・学校のバス）,人,居住,basic,NEW pref,1,0,0,0,0,0000010108,
H730408,他県への通勤・通学者数（利用交通手段が2種類）,人,居住,basic,NEW pref,1,0,0,0,0,0000010108,
H730409,他県への通勤・通学者数（利用交通手段が3種類以上）,人,居住,basic,NEW pref,1,0,0,0,0,0000010108,
H730410,他県への通勤・通学者数（オートバイ）,人,居住,basic,NEW pref,1,0,0,0,0,0000010108,
H730411,他県への通勤・通学者数（自転車）,人,居住,basic,NEW pref,1,0,0,0,0,0000010108,
H730412,他県への通勤・通学者数（ハイヤー・タクシー）,人,居住,basic,NEW pref,1,0,0,0,0,0000010108,
H730413,他県への通勤・通学者数（その他）,人,居住,basic,NEW pref,1,0,0,0,0,0000010108,
H7402,家計を主に支える者が雇用者である普通世帯数（持ち家）,世帯,居住,basic,NEW pref,1,0,0,0,0,0000010108,
H740201,家計を主に支える者が雇用者である普通世帯数（持ち家・通勤時間30分未満）,世帯,居住,basic,NEW pref,1,0,0,0,0,0000010108,
H740202,家計を主に支える者が雇用者である普通世帯数（持ち家・通勤時間30～59分）,世帯,居住,basic,NEW pref,1,0,0,0,0,0000010108,
H740203,家計を主に支える者が雇用者である普通世帯数（持ち家・通勤時間60～89分）,世帯,居住,basic,NEW pref,1,0,0,0,0,0000010108,
H740204,家計を主に支える者が雇用者である普通世帯数（持ち家・通勤時間90分以上）,世帯,居住,basic,NEW pref,1,0,0,0,0,0000010108,
H7403,家計を主に支える者が雇用者である普通世帯数（持ち家以外）,世帯,居住,basic,NEW pref,1,0,0,0,0,0000010108,
H740301,家計を主に支える者が雇用者である普通世帯数（持ち家以外・通勤時間30分未満）,世帯,居住,basic,NEW pref,1,0,0,0,0,0000010108,
H740302,家計を主に支える者が雇用者である普通世帯数（持ち家以外・通勤時間30～59分）,世帯,居住,basic,NEW pref,1,0,0,0,0,0000010108,
H740303,家計を主に支える者が雇用者である普通世帯数（持ち家以外・通勤時間60～89分）,世帯,居住,basic,NEW pref,1,0,0,0,0,0000010108,
H740304,家計を主に支える者が雇用者である普通世帯数（持ち家以外・通勤時間90分以上）,世帯,居住,basic,NEW pref,1,0,0,0,0,0000010108,
H7503,郵便物引受数,千通,居住,basic,NEW pref,1,0,0,0,0,0000010108,
H760101,電話加入数（住宅用）,加入,居住,basic,NEW pref,1,0,0,0,0,0000010108,
H7604,携帯電話・PHS契約数,契約,居住,basic,NEW pref,1,0,0,0,0,0000010108,
H7702,ケーブルテレビ加入世帯数,世帯,居住,basic,NEW pref,1,0,0,0,0,0000010108,
H7703,ブロードバンドサービス契約数,契約,居住,basic,NEW pref,1,0,0,0,0,0000010108,
H7704,ブロードバンドサービス契約数（3．9－4世代携帯電話アクセスサービス契約数を除く）,契約,居住,basic,NEW pref,1,0,0,0,0,0000010108,
H9106,地区公園数,箇所,居住,basic,NEW pref,1,0,0,0,0,0000010108,
H9108,特殊公園数,箇所,居住,basic,NEW pref,1,0,0,0,0,0000010108,
H910801,風致公園数,箇所,居住,basic,NEW pref,1,0,0,0,0,0000010108,
H910802,動植物公園数,箇所,居住,basic,NEW pref,1,0,0,0,0,0000010108,
H910803,歴史公園数,箇所,居住,basic,NEW pref,1,0,0,0,0,0000010108,
H910804,墓園数,箇所,居住,basic,NEW pref,1,0,0,0,0,0000010108,
H910901,広域公園数,箇所,居住,basic,NEW pref,1,0,0,0,0,0000010108,
H9202,街区公園面積,ｈａ,居住,basic,NEW pref,1,0,0,0,0,0000010108,
H9203,近隣公園面積,ｈａ,居住,basic,NEW pref,1,0,0,0,0,0000010108,
H9204,運動公園面積,ｈａ,居住,basic,NEW pref,1,0,0,0,0,0000010108,
H920501,緩衝緑地面積,ｈａ,居住,basic,NEW pref,1,0,0,0,0,0000010108,
H920502,都市緑地面積,ｈａ,居住,basic,NEW pref,1,0,0,0,0,0000010108,
H920503,緑道面積,ｈａ,居住,basic,NEW pref,1,0,0,0,0,0000010108,
H9207,総合公園面積,ｈａ,居住,basic,NEW pref,1,0,0,0,0,0000010108,
H9209,大規模公園面積,ｈａ,居住,basic,NEW pref,1,0,0,0,0,0000010108,
H920901,広域公園面積,ｈａ,居住,basic,NEW pref,1,0,0,0,0,0000010108,
#I0930201,#I0930201_一般病院常勤医師数（100病床当たり）（病院報告）,人,健康・医療,indicator,NEW pref,1,0,0,0,0,0000010209,
#I0930301,#I0930301_一般病院看護師・准看護師数（100病床当たり）（病院報告）,人,健康・医療,indicator,NEW pref,1,0,0,0,0,0000010209,
#I10101,#I10101_一般病院外来患者数（常勤医師1人1日当たり）（病院報告）,人,健康・医療,indicator,NEW pref,1,0,0,0,0,0000010209,
#I10102,#I10102_一般病院在院患者数（常勤医師1人1日当たり）（病院報告）,人,健康・医療,indicator,NEW pref,1,0,0,0,0,0000010209,
#I10103,#I10103_一般病院在院患者数（看護師・准看護師1人1日当たり）（病院報告）,人,健康・医療,indicator,NEW pref,1,0,0,0,0,0000010209,
#I10201,#I10201_精神科病院外来患者数（常勤医師1人1日当たり）（病院報告）,人,健康・医療,indicator,NEW pref,1,0,0,0,0,0000010209,
#I10202,#I10202_精神科病院在院患者数（常勤医師1人1日当たり）（病院報告）,人,健康・医療,indicator,NEW pref,1,0,0,0,0,0000010209,
#I10203,#I10203_精神科病院在院患者数（看護師・准看護師1人1日当たり）（病院報告）,人,健康・医療,indicator,NEW pref,1,0,0,0,0,0000010209,
I1201,平均余命（20歳）（男）,年,健康・医療,basic,NEW pref,1,0,0,0,0,0000010109,
I1202,平均余命（20歳）（女）,年,健康・医療,basic,NEW pref,1,0,0,0,0,0000010109,
I1301,平均余命（40歳）（男）,年,健康・医療,basic,NEW pref,1,0,0,0,0,0000010109,
I1302,平均余命（40歳）（女）,年,健康・医療,basic,NEW pref,1,0,0,0,0,0000010109,
I1401,平均余命（60歳）（男）,年,健康・医療,basic,NEW pref,1,0,0,0,0,0000010109,
I1402,平均余命（60歳）（女）,年,健康・医療,basic,NEW pref,1,0,0,0,0,0000010109,
I1501,平均余命（65歳）（男）,年,健康・医療,basic,NEW pref,1,0,0,0,0,0000010109,
I1502,平均余命（65歳）（女）,年,健康・医療,basic,NEW pref,1,0,0,0,0,0000010109,
I1601,健康寿命（男）,年,健康・医療,basic,NEW pref,1,0,0,0,0,0000010109,
I1602,健康寿命（女）,年,健康・医療,basic,NEW pref,1,0,0,0,0,0000010109,
I210101,健康診断受診者数（保健所及び市区町村実施分）（結核）,人,健康・医療,basic,NEW pref,1,0,0,0,0,0000010109,
I210104,健康診断受診者数（保健所及び市区町村実施分）（生活習慣病）,人,健康・医療,basic,NEW pref,1,0,0,0,0,0000010109,
I210110,健康診断受診者数（保健所実施分）,人,健康・医療,basic,NEW pref,1,0,0,0,0,0000010109,
I210112,健康診断受診者数（保健所実施分・精神）,人,健康・医療,basic,NEW pref,1,0,0,0,0,0000010109,
I210114,健康診断受診者数（保健所実施分・生活習慣病）,人,健康・医療,basic,NEW pref,1,0,0,0,0,0000010109,
I210115,健康診断受診者数（保健所実施分・妊産婦）,人,健康・医療,basic,NEW pref,1,0,0,0,0,0000010109,
I210116,健康診断受診者数（保健所実施分・乳幼児）,人,健康・医療,basic,NEW pref,1,0,0,0,0,0000010109,
I210117,健康診断受診者数（保健所実施分・一般）,人,健康・医療,basic,NEW pref,1,0,0,0,0,0000010109,
I210120,健康診断受診者数（市町村実施分）,人,健康・医療,basic,NEW pref,1,0,0,0,0,0000010109,
I210121,健康診断受診者数（市町村実施分・結核）,人,健康・医療,basic,NEW pref,1,0,0,0,0,0000010109,
I2201,妊娠の届出数,人,健康・医療,basic,NEW pref,1,0,0,0,0,0000010109,
I2211,妊産婦保健指導数,人,健康・医療,basic,NEW pref,1,0,0,0,0,0000010109,
I221110,妊産婦保健指導数（保健所実施分）,人,健康・医療,basic,NEW pref,1,0,0,0,0,0000010109,
I221112,産婦保健指導数（保健所実施分）,人,健康・医療,basic,NEW pref,1,0,0,0,0,0000010109,
I221120,妊産婦保健指導数（市町村実施分）,人,健康・医療,basic,NEW pref,1,0,0,0,0,0000010109,
I221121,妊婦保健指導数（市町村実施分）,人,健康・医療,basic,NEW pref,1,0,0,0,0,0000010109,
I221122,産婦保健指導数（市町村実施分）,人,健康・医療,basic,NEW pref,1,0,0,0,0,0000010109,
I2212,乳幼児保健指導数,人,健康・医療,basic,NEW pref,1,0,0,0,0,0000010109,
I221210,乳幼児保健指導数（保健所実施分）,人,健康・医療,basic,NEW pref,1,0,0,0,0,0000010109,
I221220,乳幼児保健指導数（市町村実施分）,人,健康・医療,basic,NEW pref,1,0,0,0,0,0000010109,
I2221,妊産婦訪問指導数,人,健康・医療,basic,NEW pref,1,0,0,0,0,0000010109,
I222110,妊産婦訪問指導数（保健所実施分）,人,健康・医療,basic,NEW pref,1,0,0,0,0,0000010109,
I222120,妊産婦訪問指導数（市町村実施分）,人,健康・医療,basic,NEW pref,1,0,0,0,0,0000010109,
I2222,乳幼児訪問指導数,人,健康・医療,basic,NEW pref,1,0,0,0,0,0000010109,
I222210,乳幼児訪問指導数（保健所実施分）,人,健康・医療,basic,NEW pref,1,0,0,0,0,0000010109,
I222220,乳幼児訪問指導数（市町村実施分）,人,健康・医療,basic,NEW pref,1,0,0,0,0,0000010109,
I223110,身体障害児療育指導数（保健所実施分）,人,健康・医療,basic,NEW pref,1,0,0,0,0,0000010109,
I223210,長期療養児療育指導数（保健所実施分）,人,健康・医療,basic,NEW pref,1,0,0,0,0,0000010109,
I230101,歯科健診・保健指導延人員（妊産婦）,人,健康・医療,basic,NEW pref,1,0,0,0,0,0000010109,
I230102,歯科健診・保健指導延人員（乳幼児）,人,健康・医療,basic,NEW pref,1,0,0,0,0,0000010109,
I230103,歯科健診・保健指導延人員（その他）,人,健康・医療,basic,NEW pref,1,0,0,0,0,0000010109,
I230122,歯科健診・保健指導延人員（市町村実施分・乳幼児）,人,健康・医療,basic,NEW pref,1,0,0,0,0,0000010109,
I2302,歯科予防処置延人員,人,健康・医療,basic,NEW pref,1,0,0,0,0,0000010109,
I230201,歯科予防処置延人員（妊産婦）,人,健康・医療,basic,NEW pref,1,0,0,0,0,0000010109,
I230202,歯科予防処置延人員（乳幼児）,人,健康・医療,basic,NEW pref,1,0,0,0,0,0000010109,
I230203,歯科予防処置延人員（その他）,人,健康・医療,basic,NEW pref,1,0,0,0,0,0000010109,
I230210,歯科予防処置延人員（保健所実施分）,人,健康・医療,basic,NEW pref,1,0,0,0,0,0000010109,
I230301,歯科健診受診延人員（妊産婦）,人,健康・医療,basic,NEW pref,1,0,0,0,0,0000010109,
I230302,歯科健診受診延人員（乳幼児）,人,健康・医療,basic,NEW pref,1,0,0,0,0,0000010109,
I230303,歯科健診受診延人員（その他）,人,健康・医療,basic,NEW pref,1,0,0,0,0,0000010109,
I230401,歯科保健指導延人員（妊産婦）,人,健康・医療,basic,NEW pref,1,0,0,0,0,0000010109,
I230402,歯科保健指導延人員（乳幼児）,人,健康・医療,basic,NEW pref,1,0,0,0,0,0000010109,
I230403,歯科保健指導延人員（その他）,人,健康・医療,basic,NEW pref,1,0,0,0,0,0000010109,
I2401,試験検査件数,件,健康・医療,basic,NEW pref,1,0,0,0,0,0000010109,
I2402,細菌学的検査件数,件,健康・医療,basic,NEW pref,1,0,0,0,0,0000010109,
I2403,食品衛生関係検査件数,件,健康・医療,basic,NEW pref,1,0,0,0,0,0000010109,
I2404,臨床学的検査件数,件,健康・医療,basic,NEW pref,1,0,0,0,0,0000010109,
I2405,水質検査件数,件,健康・医療,basic,NEW pref,1,0,0,0,0,0000010109,
I240501,水質検査件数（飲用水）,件,健康・医療,basic,NEW pref,1,0,0,0,0,0000010109,
I2406,廃棄物関係検査件数,件,健康・医療,basic,NEW pref,1,0,0,0,0,0000010109,
I2407,環境・公害関係検査件数,件,健康・医療,basic,NEW pref,1,0,0,0,0,0000010109,
I2501,保健所の環境衛生監視員等による調査及び監視指導延施設数,件,健康・医療,basic,NEW pref,1,0,0,0,0,0000010109,
I2502,食品営業施設数,所,健康・医療,basic,NEW pref,1,0,0,0,0,0000010109,
I2601,胃がん検診受診者数（勤め先）,千人,健康・医療,basic,NEW pref,1,0,0,0,0,0000010109,
I2602,肺がん検診受診者数（勤め先）,千人,健康・医療,basic,NEW pref,1,0,0,0,0,0000010109,
I2603,子宮頸がん検診受診者数（勤め先）,千人,健康・医療,basic,NEW pref,1,0,0,0,0,0000010109,
I2604,乳がん検診受診者数（勤め先）,千人,健康・医療,basic,NEW pref,1,0,0,0,0,0000010109,
I2605,大腸がん検診受診者数（勤め先）,千人,健康・医療,basic,NEW pref,1,0,0,0,0,0000010109,
I2701,健康増進（栄養指導）被指導延人員,人,健康・医療,basic,NEW pref,1,0,0,0,0,0000010109,
I2801,精神保健福祉相談、デイ・ケア、訪問指導実人員,人,健康・医療,basic,NEW pref,1,0,0,0,0,0000010109,
I3301,食料自給率（カロリーベース）,％,健康・医療,basic,NEW pref,1,0,0,0,0,0000010109,
I411101,身長（小学5年）（男）,ｃｍ,健康・医療,basic,NEW pref,1,0,0,0,0,0000010109,
I411102,身長（小学5年）（女）,ｃｍ,健康・医療,basic,NEW pref,1,0,0,0,0,0000010109,
I411201,身長（中学2年）（男）,ｃｍ,健康・医療,basic,NEW pref,1,0,0,0,0,0000010109,
I411202,身長（中学2年）（女）,ｃｍ,健康・医療,basic,NEW pref,1,0,0,0,0,0000010109,
I411301,身長（高校2年）（男）,ｃｍ,健康・医療,basic,NEW pref,1,0,0,0,0,0000010109,
I411302,身長（高校2年）（女）,ｃｍ,健康・医療,basic,NEW pref,1,0,0,0,0,0000010109,
I412101,体重（小学5年）（男）,ｋｇ,健康・医療,basic,NEW pref,1,0,0,0,0,0000010109,
I412102,体重（小学5年）（女）,ｋｇ,健康・医療,basic,NEW pref,1,0,0,0,0,0000010109,
I412201,体重（中学2年）（男）,ｋｇ,健康・医療,basic,NEW pref,1,0,0,0,0,0000010109,
I412202,体重（中学2年）（女）,ｋｇ,健康・医療,basic,NEW pref,1,0,0,0,0,0000010109,
I412301,体重（高校2年）（男）,ｋｇ,健康・医療,basic,NEW pref,1,0,0,0,0,0000010109,
I412302,体重（高校2年）（女）,ｋｇ,健康・医療,basic,NEW pref,1,0,0,0,0,0000010109,
I421101,50ｍ走（小学5年）（男）,秒,健康・医療,basic,NEW pref,1,0,0,0,0,0000010109,
I421102,50ｍ走（小学5年）（女）,秒,健康・医療,basic,NEW pref,1,0,0,0,0,0000010109,
I421201,50ｍ走（中学2年）（男）,秒,健康・医療,basic,NEW pref,1,0,0,0,0,0000010109,
I421202,50ｍ走（中学2年）（女）,秒,健康・医療,basic,NEW pref,1,0,0,0,0,0000010109,
I423101,ソフトボール投げ（小学5年）（男）,ｍ,健康・医療,basic,NEW pref,1,0,0,0,0,0000010109,
I423102,ソフトボール投げ（小学5年）（女）,ｍ,健康・医療,basic,NEW pref,1,0,0,0,0,0000010109,
I423201,ハンドボール投げ（中学2年）（男）,ｍ,健康・医療,basic,NEW pref,1,0,0,0,0,0000010109,
I423202,ハンドボール投げ（中学2年）（女）,ｍ,健康・医療,basic,NEW pref,1,0,0,0,0,0000010109,
I431101,立ち幅跳び（小学5年）（男）,ｃｍ,健康・医療,basic,NEW pref,1,0,0,0,0,0000010109,
I431102,立ち幅跳び（小学5年）（女）,ｃｍ,健康・医療,basic,NEW pref,1,0,0,0,0,0000010109,
I431201,立ち幅跳び（中学2年）（男）,ｃｍ,健康・医療,basic,NEW pref,1,0,0,0,0,0000010109,
I431202,立ち幅跳び（中学2年）（女）,ｃｍ,健康・医療,basic,NEW pref,1,0,0,0,0,0000010109,
I510101,病院数（公立医療機関）,施設,健康・医療,basic,NEW pref,1,0,0,0,0,0000010109,
I510102,病院数（公的医療機関）,施設,健康・医療,basic,NEW pref,1,0,0,0,0,0000010109,
I510111,精神科病院数（公立医療機関）,施設,健康・医療,basic,NEW pref,1,0,0,0,0,0000010109,
I510121,一般病院数（公立医療機関）,施設,健康・医療,basic,NEW pref,1,0,0,0,0,0000010109,
I510122,一般病院数（公的医療機関）,施設,健康・医療,basic,NEW pref,1,0,0,0,0,0000010109,
I520101,病床規模別病院数（20～49病床）,施設,健康・医療,basic,NEW pref,1,0,0,0,0,0000010109,
I520102,病床規模別病院数（50～99病床）,施設,健康・医療,basic,NEW pref,1,0,0,0,0,0000010109,
I520103,病床規模別病院数（100～199病床）,施設,健康・医療,basic,NEW pref,1,0,0,0,0,0000010109,
I520104,病床規模別病院数（200～299病床）,施設,健康・医療,basic,NEW pref,1,0,0,0,0,0000010109,
I520105,病床規模別病院数（300病床以上）,施設,健康・医療,basic,NEW pref,1,0,0,0,0,0000010109,
I520113,病床規模別一般病院数（100～199病床）,施設,健康・医療,basic,NEW pref,1,0,0,0,0,0000010109,
I520114,病床規模別一般病院数（200～299病床）,施設,健康・医療,basic,NEW pref,1,0,0,0,0,0000010109,
I520115,病床規模別一般病院数（300病床以上）,施設,健康・医療,basic,NEW pref,1,0,0,0,0,0000010109,
I521101,病院病床数（公立医療機関）,床,健康・医療,basic,NEW pref,1,0,0,0,0,0000010109,
I521102,病院病床数（公的医療機関）,床,健康・医療,basic,NEW pref,1,0,0,0,0,0000010109,
I521111,一般病院病床数（公立医療機関）,床,健康・医療,basic,NEW pref,1,0,0,0,0,0000010109,
I521112,一般病院病床数（公的医療機関）,床,健康・医療,basic,NEW pref,1,0,0,0,0,0000010109,
I521120,精神科病院病床数,床,健康・医療,basic,NEW pref,1,0,0,0,0,0000010109,
I521121,精神科病院病床数（公立医療機関）,床,健康・医療,basic,NEW pref,1,0,0,0,0,0000010109,
I521140,感染症病床数,床,健康・医療,basic,NEW pref,1,0,0,0,0,0000010109,
I521150,一般病床数,床,健康・医療,basic,NEW pref,1,0,0,0,0,0000010109,
I521201,一般診療所病床数（公立医療機関）,床,健康・医療,basic,NEW pref,1,0,0,0,0,0000010109,
I521202,一般診療所病床数（公的医療機関）,床,健康・医療,basic,NEW pref,1,0,0,0,0,0000010109,
I5213,歯科診療所病床数,床,健康・医療,basic,NEW pref,1,0,0,0,0,0000010109,
I530101,診療科目別一般病院数（内科）,施設,健康・医療,basic,NEW pref,1,0,0,0,0,0000010109,
I530102,診療科目別一般病院数（呼吸器科）,施設,健康・医療,basic,NEW pref,1,0,0,0,0,0000010109,
I530103,診療科目別一般病院数（消化器科）,施設,健康・医療,basic,NEW pref,1,0,0,0,0,0000010109,
I530104,診療科目別一般病院数（循環器科）,施設,健康・医療,basic,NEW pref,1,0,0,0,0,0000010109,
I530105,診療科目別一般病院数（小児科）,施設,健康・医療,basic,NEW pref,1,0,0,0,0,0000010109,
I530106,診療科目別一般病院数（精神科）,施設,健康・医療,basic,NEW pref,1,0,0,0,0,0000010109,
I530107,診療科目別一般病院数（神経科）,施設,健康・医療,basic,NEW pref,1,0,0,0,0,0000010109,
I530108,診療科目別一般病院数（脳神経内科）,施設,健康・医療,basic,NEW pref,1,0,0,0,0,0000010109,
I530109,診療科目別一般病院数（心療内科）,施設,健康・医療,basic,NEW pref,1,0,0,0,0,0000010109,
I530110,診療科目別一般病院数（アレルギー科）,施設,健康・医療,basic,NEW pref,1,0,0,0,0,0000010109,
I530111,診療科目別一般病院数（リウマチ科）,施設,健康・医療,basic,NEW pref,1,0,0,0,0,0000010109,
I530112,診療科目別一般病院数（外科）,施設,健康・医療,basic,NEW pref,1,0,0,0,0,0000010109,
I530113,診療科目別一般病院数（整形外科）,施設,健康・医療,basic,NEW pref,1,0,0,0,0,0000010109,
I530114,診療科目別一般病院数（形成外科）,施設,健康・医療,basic,NEW pref,1,0,0,0,0,0000010109,
I530115,診療科目別一般病院数（美容外科）,施設,健康・医療,basic,NEW pref,1,0,0,0,0,0000010109,
I530116,診療科目別一般病院数（脳神経外科）,施設,健康・医療,basic,NEW pref,1,0,0,0,0,0000010109,
I530117,診療科目別一般病院数（呼吸器外科）,施設,健康・医療,basic,NEW pref,1,0,0,0,0,0000010109,
I530118,診療科目別一般病院数（心臓血管外科）,施設,健康・医療,basic,NEW pref,1,0,0,0,0,0000010109,
I530119,診療科目別一般病院数（小児外科）,施設,健康・医療,basic,NEW pref,1,0,0,0,0,0000010109,
I530120,診療科目別一般病院数（産婦人科）,施設,健康・医療,basic,NEW pref,1,0,0,0,0,0000010109,
I530121,診療科目別一般病院数（産科）,施設,健康・医療,basic,NEW pref,1,0,0,0,0,0000010109,
I530122,診療科目別一般病院数（婦人科）,施設,健康・医療,basic,NEW pref,1,0,0,0,0,0000010109,
I530123,診療科目別一般病院数（眼科）,施設,健康・医療,basic,NEW pref,1,0,0,0,0,0000010109,
I530124,診療科目別一般病院数（耳鼻いんこう科）,施設,健康・医療,basic,NEW pref,1,0,0,0,0,0000010109,
I530125,診療科目別一般病院数（気管食道科）,施設,健康・医療,basic,NEW pref,1,0,0,0,0,0000010109,
I530126,診療科目別一般病院数（皮膚科）,施設,健康・医療,basic,NEW pref,1,0,0,0,0,0000010109,
I530127,診療科目別一般病院数（泌尿器科）,施設,健康・医療,basic,NEW pref,1,0,0,0,0,0000010109,
I530128,診療科目別一般病院数（性病科）,施設,健康・医療,basic,NEW pref,1,0,0,0,0,0000010109,
I530129,診療科目別一般病院数（こう門科）,施設,健康・医療,basic,NEW pref,1,0,0,0,0,0000010109,
I530130,診療科目別一般病院数（リハビリテーション科）,施設,健康・医療,basic,NEW pref,1,0,0,0,0,0000010109,
I530131,診療科目別一般病院数（放射線科）,施設,健康・医療,basic,NEW pref,1,0,0,0,0,0000010109,
I530132,診療科目別一般病院数（麻酔科）,施設,健康・医療,basic,NEW pref,1,0,0,0,0,0000010109,
I530133,診療科目別一般病院数（歯科）,施設,健康・医療,basic,NEW pref,1,0,0,0,0,0000010109,
I530134,診療科目別一般病院数（矯正歯科）,施設,健康・医療,basic,NEW pref,1,0,0,0,0,0000010109,
I530135,診療科目別一般病院数（小児歯科）,施設,健康・医療,basic,NEW pref,1,0,0,0,0,0000010109,
I530136,診療科目別一般病院数（歯科口腔外科）,施設,健康・医療,basic,NEW pref,1,0,0,0,0,0000010109,
I530137,診療科目別一般病院数（呼吸器内科）,施設,健康・医療,basic,NEW pref,1,0,0,0,0,0000010109,
I530138,診療科目別一般病院数（循環器内科）,施設,健康・医療,basic,NEW pref,1,0,0,0,0,0000010109,
I530139,診療科目別一般病院数（気管食道外科）,施設,健康・医療,basic,NEW pref,1,0,0,0,0,0000010109,
I530140,診療科目別一般病院数（消化器内科（胃腸内科））,施設,健康・医療,basic,NEW pref,1,0,0,0,0,0000010109,
I530141,診療科目別一般病院数（消化器外科（胃腸外科））,施設,健康・医療,basic,NEW pref,1,0,0,0,0,0000010109,
I530142,診療科目別一般病院数（腎臓内科）,施設,健康・医療,basic,NEW pref,1,0,0,0,0,0000010109,
I530143,診療科目別一般病院数（糖尿病内科（代謝内科））,施設,健康・医療,basic,NEW pref,1,0,0,0,0,0000010109,
I530144,診療科目別一般病院数（血液内科）,施設,健康・医療,basic,NEW pref,1,0,0,0,0,0000010109,
I530145,診療科目別一般病院数（感染症内科）,施設,健康・医療,basic,NEW pref,1,0,0,0,0,0000010109,
I530146,診療科目別一般病院数（乳腺外科）,施設,健康・医療,basic,NEW pref,1,0,0,0,0,0000010109,
I530147,診療科目別一般病院数（肛門外科）,施設,健康・医療,basic,NEW pref,1,0,0,0,0,0000010109,
I530148,診療科目別一般病院数（病理診断科）,施設,健康・医療,basic,NEW pref,1,0,0,0,0,0000010109,
I530149,診療科目別一般病院数（臨床検査科）,施設,健康・医療,basic,NEW pref,1,0,0,0,0,0000010109,
I530150,診療科目別一般病院数（救急科）,施設,健康・医療,basic,NEW pref,1,0,0,0,0,0000010109,
I530201,診療科目別一般診療所数（内科）,施設,健康・医療,basic,NEW pref,1,0,0,0,0,0000010109,
I530202,診療科目別一般診療所数（呼吸器科）,施設,健康・医療,basic,NEW pref,1,0,0,0,0,0000010109,
I530203,診療科目別一般診療所数（消化器科）,施設,健康・医療,basic,NEW pref,1,0,0,0,0,0000010109,
I530204,診療科目別一般診療所数（循環器科）,施設,健康・医療,basic,NEW pref,1,0,0,0,0,0000010109,
I530205,診療科目別一般診療所数（小児科）,施設,健康・医療,basic,NEW pref,1,0,0,0,0,0000010109,
I530206,診療科目別一般診療所数（精神科）,施設,健康・医療,basic,NEW pref,1,0,0,0,0,0000010109,
I530207,診療科目別一般診療所数（神経科）,施設,健康・医療,basic,NEW pref,1,0,0,0,0,0000010109,
I530208,診療科目別一般診療所数（脳神経内科）,施設,健康・医療,basic,NEW pref,1,0,0,0,0,0000010109,
I530209,診療科目別一般診療所数（心療内科）,施設,健康・医療,basic,NEW pref,1,0,0,0,0,0000010109,
I530210,診療科目別一般診療所数（アレルギー科）,施設,健康・医療,basic,NEW pref,1,0,0,0,0,0000010109,
I530211,診療科目別一般診療所数（リウマチ科）,施設,健康・医療,basic,NEW pref,1,0,0,0,0,0000010109,
I530212,診療科目別一般診療所数（外科）,施設,健康・医療,basic,NEW pref,1,0,0,0,0,0000010109,
I530213,診療科目別一般診療所数（整形外科）,施設,健康・医療,basic,NEW pref,1,0,0,0,0,0000010109,
I530214,診療科目別一般診療所数（形成外科）,施設,健康・医療,basic,NEW pref,1,0,0,0,0,0000010109,
I530215,診療科目別一般診療所数（脳神経外科）,施設,健康・医療,basic,NEW pref,1,0,0,0,0,0000010109,
I530216,診療科目別一般診療所数（産婦人科）,施設,健康・医療,basic,NEW pref,1,0,0,0,0,0000010109,
I530217,診療科目別一般診療所数（産科）,施設,健康・医療,basic,NEW pref,1,0,0,0,0,0000010109,
I530218,診療科目別一般診療所数（婦人科）,施設,健康・医療,basic,NEW pref,1,0,0,0,0,0000010109,
I530219,診療科目別一般診療所数（眼科）,施設,健康・医療,basic,NEW pref,1,0,0,0,0,0000010109,
I530220,診療科目別一般診療所数（耳鼻いんこう科）,施設,健康・医療,basic,NEW pref,1,0,0,0,0,0000010109,
I530221,診療科目別一般診療所数（気管食道科）,施設,健康・医療,basic,NEW pref,1,0,0,0,0,0000010109,
I530222,診療科目別一般診療所数（皮膚科）,施設,健康・医療,basic,NEW pref,1,0,0,0,0,0000010109,
I530223,診療科目別一般診療所数（泌尿器科）,施設,健康・医療,basic,NEW pref,1,0,0,0,0,0000010109,
I530224,診療科目別一般診療所数（性病科）,施設,健康・医療,basic,NEW pref,1,0,0,0,0,0000010109,
I530225,診療科目別一般診療所数（こう門科）,施設,健康・医療,basic,NEW pref,1,0,0,0,0,0000010109,
I530226,診療科目別一般診療所数（リハビリテーション科）,施設,健康・医療,basic,NEW pref,1,0,0,0,0,0000010109,
I530227,診療科目別一般診療所数（放射線科）,施設,健康・医療,basic,NEW pref,1,0,0,0,0,0000010109,
I530228,診療科目別一般診療所数（麻酔科）,施設,健康・医療,basic,NEW pref,1,0,0,0,0,0000010109,
I530229,診療科目別歯科診療所数（歯科）,施設,健康・医療,basic,NEW pref,1,0,0,0,0,0000010109,
I530230,診療科目別歯科診療所数（矯正歯科）,施設,健康・医療,basic,NEW pref,1,0,0,0,0,0000010109,
I530231,診療科目別歯科診療所数（小児歯科）,施設,健康・医療,basic,NEW pref,1,0,0,0,0,0000010109,
I530232,診療科目別歯科診療所数（歯科口腔外科）,施設,健康・医療,basic,NEW pref,1,0,0,0,0,0000010109,
I530233,診療科目別一般診療所数（呼吸器内科）,施設,健康・医療,basic,NEW pref,1,0,0,0,0,0000010109,
I530234,診療科目別一般診療所数（循環器内科）,施設,健康・医療,basic,NEW pref,1,0,0,0,0,0000010109,
I530235,診療科目別一般診療所数（気管食道外科）,施設,健康・医療,basic,NEW pref,1,0,0,0,0,0000010109,
I530236,診療科目別一般診療所数（消化器内科（胃腸内科））,施設,健康・医療,basic,NEW pref,1,0,0,0,0,0000010109,
I530237,診療科目別一般診療所数（消化器外科（胃腸外科））,施設,健康・医療,basic,NEW pref,1,0,0,0,0,0000010109,
I530238,診療科目別一般診療所数（腎臓内科）,施設,健康・医療,basic,NEW pref,1,0,0,0,0,0000010109,
I530239,診療科目別一般診療所数（糖尿病内科（代謝内科））,施設,健康・医療,basic,NEW pref,1,0,0,0,0,0000010109,
I530240,診療科目別一般診療所数（血液内科）,施設,健康・医療,basic,NEW pref,1,0,0,0,0,0000010109,
I530241,診療科目別一般診療所数（感染症内科）,施設,健康・医療,basic,NEW pref,1,0,0,0,0,0000010109,
I530242,診療科目別一般診療所数（呼吸器外科）,施設,健康・医療,basic,NEW pref,1,0,0,0,0,0000010109,
I530243,診療科目別一般診療所数（心臓血管外科）,施設,健康・医療,basic,NEW pref,1,0,0,0,0,0000010109,
I530244,診療科目別一般診療所数（乳腺外科）,施設,健康・医療,basic,NEW pref,1,0,0,0,0,0000010109,
I530245,診療科目別一般診療所数（肛門外科）,施設,健康・医療,basic,NEW pref,1,0,0,0,0,0000010109,
I530246,診療科目別一般診療所数（美容外科）,施設,健康・医療,basic,NEW pref,1,0,0,0,0,0000010109,
I530247,診療科目別一般診療所数（小児外科）,施設,健康・医療,basic,NEW pref,1,0,0,0,0,0000010109,
I530248,診療科目別一般診療所数（病理診断科）,施設,健康・医療,basic,NEW pref,1,0,0,0,0,0000010109,
I530249,診療科目別一般診療所数（臨床検査科）,施設,健康・医療,basic,NEW pref,1,0,0,0,0,0000010109,
I530250,診療科目別一般診療所数（救急科）,施設,健康・医療,basic,NEW pref,1,0,0,0,0,0000010109,
I5401,救急医療体制病院数,施設,健康・医療,basic,NEW pref,1,0,0,0,0,0000010109,
I540201,救急告示病院数,施設,健康・医療,basic,NEW pref,1,0,0,0,0,0000010109,
I540202,救急告示一般診療所数,施設,健康・医療,basic,NEW pref,1,0,0,0,0,0000010109,
I5503,介護老人保健施設在所者数（詳細票）,人,健康・医療,basic,NEW pref,1,0,0,0,0,0000010109,
I5506,介護療養型医療施設数,所,健康・医療,basic,NEW pref,1,0,0,0,0,0000010109,
I5507,介護療養型医療施設在院者数,人,健康・医療,basic,NEW pref,1,0,0,0,0,0000010109,
I5508,介護療養型医療施設従事者数（常勤）,人,健康・医療,basic,NEW pref,1,0,0,0,0,0000010109,
I5509,介護老人保健施設従事者数（常勤）（詳細票）,人,健康・医療,basic,NEW pref,1,0,0,0,0,0000010109,
I5510,介護療養型医療施設定員数,人,健康・医療,basic,NEW pref,1,0,0,0,0,0000010109,
I5601,訪問看護ステーション数,所,健康・医療,basic,NEW pref,1,0,0,0,0,0000010109,
I5602,訪問看護ステーション利用者数,人,健康・医療,basic,NEW pref,1,0,0,0,0,0000010109,
I560501,通所リハビリテーション事業所数（介護老人保健施設）,所,健康・医療,basic,NEW pref,1,0,0,0,0,0000010109,
I560502,通所リハビリテーション利用者数（介護老人保健施設）,人,健康・医療,basic,NEW pref,1,0,0,0,0,0000010109,
I560601,通所リハビリテーション事業所数（医療施設）,所,健康・医療,basic,NEW pref,1,0,0,0,0,0000010109,
I560602,通所リハビリテーション利用者数（医療施設）,人,健康・医療,basic,NEW pref,1,0,0,0,0,0000010109,
I560701,短期入所療養介護事業所数（介護老人保健施設）,所,健康・医療,basic,NEW pref,1,0,0,0,0,0000010109,
I560702,短期入所療養介護利用者数（介護老人保健施設）,人,健康・医療,basic,NEW pref,1,0,0,0,0,0000010109,
I560801,短期入所療養介護事業所数（医療施設）,所,健康・医療,basic,NEW pref,1,0,0,0,0,0000010109,
I560802,短期入所療養介護利用者数（医療施設）,人,健康・医療,basic,NEW pref,1,0,0,0,0,0000010109,
I610101,医療施設産婦人科医師数,人,健康・医療,basic,NEW pref,1,0,0,0,0,0000010109,
I610102,医療施設産科医師数,人,健康・医療,basic,NEW pref,1,0,0,0,0,0000010109,
I610110,病院医師数（常勤）（病院報告）,人,健康・医療,basic,NEW pref,1,0,0,0,0,0000010109,
I610111,精神科病院医師数（常勤）（病院報告）,人,健康・医療,basic,NEW pref,1,0,0,0,0,0000010109,
I610112,一般病院医師数（常勤）（病院報告）,人,健康・医療,basic,NEW pref,1,0,0,0,0,0000010109,
I610120,一般診療所医師数（常勤）,人,健康・医療,basic,NEW pref,1,0,0,0,0,0000010109,
I6102,介護老人保健施設医師数,人,健康・医療,basic,NEW pref,1,0,0,0,0,0000010109,
I611110,病院医師数（常勤）,人,健康・医療,basic,NEW pref,1,0,0,0,0,0000010109,
I611111,精神科病院医師数（常勤）,人,健康・医療,basic,NEW pref,1,0,0,0,0,0000010109,
I611112,一般病院医師数（常勤）,人,健康・医療,basic,NEW pref,1,0,0,0,0,0000010109,
I620110,病院歯科医師数（常勤）（病院報告）,人,健康・医療,basic,NEW pref,1,0,0,0,0,0000010109,
I620111,一般病院歯科医師数（常勤）（病院報告）,人,健康・医療,basic,NEW pref,1,0,0,0,0,0000010109,
I620120,歯科診療所歯科医師数（常勤）,人,健康・医療,basic,NEW pref,1,0,0,0,0,0000010109,
I621110,病院歯科医師数（常勤）,人,健康・医療,basic,NEW pref,1,0,0,0,0,0000010109,
I621111,一般病院歯科医師数（常勤）,人,健康・医療,basic,NEW pref,1,0,0,0,0,0000010109,
I6311,薬局薬剤師数,人,健康・医療,basic,NEW pref,1,0,0,0,0,0000010109,
I6312,医療施設薬剤師数,人,健康・医療,basic,NEW pref,1,0,0,0,0,0000010109,
I631210,病院薬剤師数,人,健康・医療,basic,NEW pref,1,0,0,0,0,0000010109,
I631211,一般病院薬剤師数,人,健康・医療,basic,NEW pref,1,0,0,0,0,0000010109,
I6320,主な従事先が大学である薬剤師数,人,健康・医療,basic,NEW pref,1,0,0,0,0,0000010109,
I6330,主な従事先が医薬品関係企業である薬剤師数,人,健康・医療,basic,NEW pref,1,0,0,0,0,0000010109,
I6401,医療施設看護師数,人,健康・医療,basic,NEW pref,1,0,0,0,0,0000010109,
I640110,病院看護師数（病院報告）,人,健康・医療,basic,NEW pref,1,0,0,0,0,0000010109,
I640111,一般病院看護師数（病院報告）,人,健康・医療,basic,NEW pref,1,0,0,0,0,0000010109,
I640112,精神科病院看護師数（病院報告）,人,健康・医療,basic,NEW pref,1,0,0,0,0,0000010109,
I640120,一般診療所看護師数,人,健康・医療,basic,NEW pref,1,0,0,0,0,0000010109,
I640130,歯科診療所看護師数,人,健康・医療,basic,NEW pref,1,0,0,0,0,0000010109,
I6402,介護老人保健施設看護師数,人,健康・医療,basic,NEW pref,1,0,0,0,0,0000010109,
I641110,病院看護師数,人,健康・医療,basic,NEW pref,1,0,0,0,0,0000010109,
I641111,一般病院看護師数,人,健康・医療,basic,NEW pref,1,0,0,0,0,0000010109,
I641112,精神科病院看護師数,人,健康・医療,basic,NEW pref,1,0,0,0,0,0000010109,
I6500,准看護師数,人,健康・医療,basic,NEW pref,1,0,0,0,0,0000010109,
I6501,医療施設准看護師数,人,健康・医療,basic,NEW pref,1,0,0,0,0,0000010109,
I650110,病院准看護師数（病院報告）,人,健康・医療,basic,NEW pref,1,0,0,0,0,0000010109,
I650111,一般病院准看護師数（病院報告）,人,健康・医療,basic,NEW pref,1,0,0,0,0,0000010109,
I650112,精神科病院准看護師数（病院報告）,人,健康・医療,basic,NEW pref,1,0,0,0,0,0000010109,
I650120,一般診療所准看護師数,人,健康・医療,basic,NEW pref,1,0,0,0,0,0000010109,
I650130,歯科診療所准看護師数,人,健康・医療,basic,NEW pref,1,0,0,0,0,0000010109,
I6502,介護老人保健施設准看護師数,人,健康・医療,basic,NEW pref,1,0,0,0,0,0000010109,
I651110,病院准看護師数,人,健康・医療,basic,NEW pref,1,0,0,0,0,0000010109,
I651111,一般病院准看護師数,人,健康・医療,basic,NEW pref,1,0,0,0,0,0000010109,
I651112,精神科病院准看護師数,人,健康・医療,basic,NEW pref,1,0,0,0,0,0000010109,
I7103,無薬局町村数,町村,健康・医療,basic,NEW pref,1,0,0,0,0,0000010109,
I7201,医療機器の販売業数,所,健康・医療,basic,NEW pref,1,0,0,0,0,0000010109,
I8101,有訴者数,千人,健康・医療,basic,NEW pref,1,0,0,0,0,0000010109,
I8102,通院者数,千人,健康・医療,basic,NEW pref,1,0,0,0,0,0000010109,
I820101,医療施設推計入院患者数（施設所在地）,千人,健康・医療,basic,NEW pref,1,0,0,0,0,0000010109,
I8201011,医療施設推計入院患者数（生活習慣病）（施設所在地）,千人,健康・医療,basic,NEW pref,1,0,0,0,0,0000010109,
I8201012,医療施設推計入院患者数（悪性新生物（腫瘍））（施設所在地）,千人,健康・医療,basic,NEW pref,1,0,0,0,0,0000010109,
I8201013,医療施設推計入院患者数（糖尿病）（施設所在地）,千人,健康・医療,basic,NEW pref,1,0,0,0,0,0000010109,
I8201014,医療施設推計入院患者数（高血圧性疾患）（施設所在地）,千人,健康・医療,basic,NEW pref,1,0,0,0,0,0000010109,
I8201015,医療施設推計入院患者数（心疾患（高血圧性を除く））（施設所在地）,千人,健康・医療,basic,NEW pref,1,0,0,0,0,0000010109,
I8201016,医療施設推計入院患者数（脳血管疾患）（施設所在地）,千人,健康・医療,basic,NEW pref,1,0,0,0,0,0000010109,
I820102,医療施設推計外来患者数（施設所在地）,千人,健康・医療,basic,NEW pref,1,0,0,0,0,0000010109,
I8201021,医療施設推計外来患者数（生活習慣病）（施設所在地）,千人,健康・医療,basic,NEW pref,1,0,0,0,0,0000010109,
I8201022,医療施設推計外来患者数（悪性新生物（腫瘍））（施設所在地）,千人,健康・医療,basic,NEW pref,1,0,0,0,0,0000010109,
I8201023,医療施設推計外来患者数（糖尿病）（施設所在地）,千人,健康・医療,basic,NEW pref,1,0,0,0,0,0000010109,
I8201024,医療施設推計外来患者数（高血圧性疾患）（施設所在地）,千人,健康・医療,basic,NEW pref,1,0,0,0,0,0000010109,
I8201025,医療施設推計外来患者数（心疾患（高血圧性を除く））（施設所在地）,千人,健康・医療,basic,NEW pref,1,0,0,0,0,0000010109,
I8201026,医療施設推計外来患者数（脳血管疾患）（施設所在地）,千人,健康・医療,basic,NEW pref,1,0,0,0,0,0000010109,
I820201,医療施設推計入院患者数（患者住所地）,千人,健康・医療,basic,NEW pref,1,0,0,0,0,0000010109,
I8202011,医療施設推計入院患者数（生活習慣病）（患者住所地）,千人,健康・医療,basic,NEW pref,1,0,0,0,0,0000010109,
I8202012,医療施設推計入院患者数（悪性新生物（腫瘍））（患者住所地）,千人,健康・医療,basic,NEW pref,1,0,0,0,0,0000010109,
I8202013,医療施設推計入院患者数（糖尿病）（患者住所地）,千人,健康・医療,basic,NEW pref,1,0,0,0,0,0000010109,
I8202014,医療施設推計入院患者数（高血圧性疾患）（患者住所地）,千人,健康・医療,basic,NEW pref,1,0,0,0,0,0000010109,
I8202015,医療施設推計入院患者数（心疾患（高血圧性を除く））（患者住所地）,千人,健康・医療,basic,NEW pref,1,0,0,0,0,0000010109,
I8202016,医療施設推計入院患者数（脳血管疾患）（患者住所地）,千人,健康・医療,basic,NEW pref,1,0,0,0,0,0000010109,
I820202,医療施設推計外来患者数（患者住所地）,千人,健康・医療,basic,NEW pref,1,0,0,0,0,0000010109,
I8202021,医療施設推計外来患者数（生活習慣病）（患者住所地）,千人,健康・医療,basic,NEW pref,1,0,0,0,0,0000010109,
I8202022,医療施設推計外来患者数（悪性新生物（腫瘍））（患者住所地）,千人,健康・医療,basic,NEW pref,1,0,0,0,0,0000010109,
I8202023,医療施設推計外来患者数（糖尿病）（患者住所地）,千人,健康・医療,basic,NEW pref,1,0,0,0,0,0000010109,
I8202024,医療施設推計外来患者数（高血圧性疾患）（患者住所地）,千人,健康・医療,basic,NEW pref,1,0,0,0,0,0000010109,
I8202025,医療施設推計外来患者数（心疾患（高血圧性を除く））（患者住所地）,千人,健康・医療,basic,NEW pref,1,0,0,0,0,0000010109,
I8202026,医療施設推計外来患者数（脳血管疾患）（患者住所地）,千人,健康・医療,basic,NEW pref,1,0,0,0,0,0000010109,
I821101,外来患者延数（一般病院）,人,健康・医療,basic,NEW pref,1,0,0,0,0,0000010109,
I821102,新入院患者数（一般病院）,人,健康・医療,basic,NEW pref,1,0,0,0,0,0000010109,
I821103,退院患者数（一般病院）,人,健康・医療,basic,NEW pref,1,0,0,0,0,0000010109,
I821104,在院患者延数（一般病院）,人,健康・医療,basic,NEW pref,1,0,0,0,0,0000010109,
I821201,外来患者延数（精神科病院）,人,健康・医療,basic,NEW pref,1,0,0,0,0,0000010109,
I821202,新入院患者数（精神科病院）,人,健康・医療,basic,NEW pref,1,0,0,0,0,0000010109,
I821203,退院患者数（精神科病院）,人,健康・医療,basic,NEW pref,1,0,0,0,0,0000010109,
I821204,在院患者延数（精神科病院）,人,健康・医療,basic,NEW pref,1,0,0,0,0,0000010109,
I8303,食中毒患者数,人,健康・医療,basic,NEW pref,1,0,0,0,0,0000010109,
I8401,2500ｇ未満の出生数,人,健康・医療,basic,NEW pref,1,0,0,0,0,0000010109,
I840101,2500ｇ未満の出生数（男）,人,健康・医療,basic,NEW pref,1,0,0,0,0,0000010109,
I840102,2500ｇ未満の出生数（女）,人,健康・医療,basic,NEW pref,1,0,0,0,0,0000010109,
I910101,生活習慣病による死亡者数（男）,人,健康・医療,basic,NEW pref,1,0,0,0,0,0000010109,
I910102,生活習慣病による死亡者数（女）,人,健康・医療,basic,NEW pref,1,0,0,0,0,0000010109,
I9102,悪性新生物（腫瘍）による死亡者数,人,健康・医療,basic,NEW pref,1,0,0,0,0,0000010109,
I910201,悪性新生物による死亡者数（男）,人,健康・医療,basic,NEW pref,1,0,0,0,0,0000010109,
I910202,悪性新生物による死亡者数（女）,人,健康・医療,basic,NEW pref,1,0,0,0,0,0000010109,
I910401,高血圧性疾患による死亡者数（男）,人,健康・医療,basic,NEW pref,1,0,0,0,0,0000010109,
I910402,高血圧性疾患による死亡者数（女）,人,健康・医療,basic,NEW pref,1,0,0,0,0,0000010109,
I9105,心疾患（高血圧性を除く）による死亡者数,人,健康・医療,basic,NEW pref,1,0,0,0,0,0000010109,
I910501,心疾患（高血圧性を除く）による死亡者数（男）,人,健康・医療,basic,NEW pref,1,0,0,0,0,0000010109,
I910502,心疾患（高血圧性を除く）による死亡者数（女）,人,健康・医療,basic,NEW pref,1,0,0,0,0,0000010109,
I910601,脳血管疾患による死亡者数（男）,人,健康・医療,basic,NEW pref,1,0,0,0,0,0000010109,
I910602,脳血管疾患による死亡者数（女）,人,健康・医療,basic,NEW pref,1,0,0,0,0,0000010109,
I910801,自殺者数（男）,人,健康・医療,basic,NEW pref,1,0,0,0,0,0000010109,
I910802,自殺者数（女）,人,健康・医療,basic,NEW pref,1,0,0,0,0,0000010109,
I911001,不慮の事故による死亡者数（男）,人,健康・医療,basic,NEW pref,1,0,0,0,0,0000010109,
I911002,不慮の事故による死亡者数（女）,人,健康・医療,basic,NEW pref,1,0,0,0,0,0000010109,
I9111,妊娠、分娩及び産じょくによる死亡者数,人,健康・医療,basic,NEW pref,1,0,0,0,0,0000010109,
I9112,感染症及び寄生虫症による死亡者数,人,健康・医療,basic,NEW pref,1,0,0,0,0,0000010109,
I911201,感染症及び寄生虫症による死亡者数（男）,人,健康・医療,basic,NEW pref,1,0,0,0,0,0000010109,
I911202,感染症及び寄生虫症による死亡者数（女）,人,健康・医療,basic,NEW pref,1,0,0,0,0,0000010109,
I9113,結核による死亡者数,人,健康・医療,basic,NEW pref,1,0,0,0,0,0000010109,
I911301,結核による死亡者数（男）,人,健康・医療,basic,NEW pref,1,0,0,0,0,0000010109,
I911302,結核による死亡者数（女）,人,健康・医療,basic,NEW pref,1,0,0,0,0,0000010109,
I9114,呼吸器系の疾患による死亡者数,人,健康・医療,basic,NEW pref,1,0,0,0,0,0000010109,
I911401,呼吸器系の疾患による死亡者数（男）,人,健康・医療,basic,NEW pref,1,0,0,0,0,0000010109,
I911402,呼吸器系の疾患による死亡者数（女）,人,健康・医療,basic,NEW pref,1,0,0,0,0,0000010109,
I9115,肺炎による死亡者数,人,健康・医療,basic,NEW pref,1,0,0,0,0,0000010109,
I911501,肺炎による死亡者数（男）,人,健康・医療,basic,NEW pref,1,0,0,0,0,0000010109,
I911502,肺炎による死亡者数（女）,人,健康・医療,basic,NEW pref,1,0,0,0,0,0000010109,
I9117,消化器系の疾患による死亡者数,人,健康・医療,basic,NEW pref,1,0,0,0,0,0000010109,
I911701,消化器系の疾患による死亡者数（男）,人,健康・医療,basic,NEW pref,1,0,0,0,0,0000010109,
I911702,消化器系の疾患による死亡者数（女）,人,健康・医療,basic,NEW pref,1,0,0,0,0,0000010109,
J1102,現に保護を受けた生活保護被保護実世帯数,世帯,福祉・社会保障,basic,NEW pref,1,0,0,0,0,0000010110,
J110201,現に保護を受けた生活保護被保護実世帯数（母子世帯）,世帯,福祉・社会保障,basic,NEW pref,1,0,0,0,0,0000010110,
J110202,現に保護を受けた生活保護被保護実世帯数（傷病・障害者世帯）,世帯,福祉・社会保障,basic,NEW pref,1,0,0,0,0,0000010110,
J110203,現に保護を受けた生活保護被保護実世帯数（高齢者世帯）,世帯,福祉・社会保障,basic,NEW pref,1,0,0,0,0,0000010110,
J110204,現に保護を受けた医療扶助単給世帯数,世帯,福祉・社会保障,basic,NEW pref,1,0,0,0,0,0000010110,
J1103,保護開始世帯数,世帯,福祉・社会保障,basic,NEW pref,1,0,0,0,0,0000010110,
J110301,保護開始世帯数（母子世帯）,世帯,福祉・社会保障,basic,NEW pref,1,0,0,0,0,0000010110,
J110302,保護開始世帯数（高齢者世帯）,世帯,福祉・社会保障,basic,NEW pref,1,0,0,0,0,0000010110,
J110303,保護開始世帯数（その他の世帯）,世帯,福祉・社会保障,basic,NEW pref,1,0,0,0,0,0000010110,
J1104,生活保護扶助世帯数,世帯,福祉・社会保障,basic,NEW pref,1,0,0,0,0,0000010110,
J110401,生活保護扶助世帯数（生活）,世帯,福祉・社会保障,basic,NEW pref,1,0,0,0,0,0000010110,
J110402,生活保護扶助世帯数（住宅）,世帯,福祉・社会保障,basic,NEW pref,1,0,0,0,0,0000010110,
J110403,生活保護扶助世帯数（教育）,世帯,福祉・社会保障,basic,NEW pref,1,0,0,0,0,0000010110,
J110404,生活保護扶助世帯数（医療）,世帯,福祉・社会保障,basic,NEW pref,1,0,0,0,0,0000010110,
J1104041,生活保護扶助世帯数（介護）,世帯,福祉・社会保障,basic,NEW pref,1,0,0,0,0,0000010110,
J110405,生活保護扶助世帯数（出産）,世帯,福祉・社会保障,basic,NEW pref,1,0,0,0,0,0000010110,
J110406,生活保護扶助世帯数（生業）,世帯,福祉・社会保障,basic,NEW pref,1,0,0,0,0,0000010110,
J110407,生活保護扶助世帯数（葬祭）,世帯,福祉・社会保障,basic,NEW pref,1,0,0,0,0,0000010110,
J1106,生活保護扶助人員,人,福祉・社会保障,basic,NEW pref,1,0,0,0,0,0000010110,
J110601,生活保護扶助人員（生活）,人,福祉・社会保障,basic,NEW pref,1,0,0,0,0,0000010110,
J110602,生活保護扶助人員（住宅）,人,福祉・社会保障,basic,NEW pref,1,0,0,0,0,0000010110,
J110603,生活保護扶助人員（教育）,人,福祉・社会保障,basic,NEW pref,1,0,0,0,0,0000010110,
J110604,生活保護扶助人員（医療）,人,福祉・社会保障,basic,NEW pref,1,0,0,0,0,0000010110,
J1106041,生活保護扶助人員（介護）,人,福祉・社会保障,basic,NEW pref,1,0,0,0,0,0000010110,
J110605,生活保護扶助人員（出産）,人,福祉・社会保障,basic,NEW pref,1,0,0,0,0,0000010110,
J110606,生活保護扶助人員（生業）,人,福祉・社会保障,basic,NEW pref,1,0,0,0,0,0000010110,
J110607,生活保護扶助人員（葬祭）,人,福祉・社会保障,basic,NEW pref,1,0,0,0,0,0000010110,
J110702,生活保護被保護高齢者数（65歳以上）,人,福祉・社会保障,basic,NEW pref,1,0,0,0,0,0000010110,
J110703,教育扶助受給人員、小－中学校,人,福祉・社会保障,basic,NEW pref,1,0,0,0,0,0000010110,
J110704,高等学校等就学費受給人員,人,福祉・社会保障,basic,NEW pref,1,0,0,0,0,0000010110,
J120001,身体障害者手帳交付数（18歳以上）,人,福祉・社会保障,basic,NEW pref,1,0,0,0,0,0000010110,
J120002,身体障害者手帳交付数（18歳未満）,人,福祉・社会保障,basic,NEW pref,1,0,0,0,0,0000010110,
J1201,身体障害者手帳交付数（視覚障害）,人,福祉・社会保障,basic,NEW pref,1,0,0,0,0,0000010110,
J120101,身体障害者手帳交付数（視覚障害）（18歳以上）,人,福祉・社会保障,basic,NEW pref,1,0,0,0,0,0000010110,
J120102,身体障害者手帳交付数（視覚障害）（18歳未満）,人,福祉・社会保障,basic,NEW pref,1,0,0,0,0,0000010110,
J1202,身体障害者手帳交付数（聴覚・平衡機能障害）,人,福祉・社会保障,basic,NEW pref,1,0,0,0,0,0000010110,
J120201,身体障害者手帳交付数（聴覚・平衡機能障害）（18歳以上）,人,福祉・社会保障,basic,NEW pref,1,0,0,0,0,0000010110,
J120202,身体障害者手帳交付数（聴覚・平衡機能障害）（18歳未満）,人,福祉・社会保障,basic,NEW pref,1,0,0,0,0,0000010110,
J1203,身体障害者手帳交付数（音声・言語・そしゃく機能障害）,人,福祉・社会保障,basic,NEW pref,1,0,0,0,0,0000010110,
J120301,身体障害者手帳交付数（音声・言語・そしゃく機能障害）（18歳以上）,人,福祉・社会保障,basic,NEW pref,1,0,0,0,0,0000010110,
J120302,身体障害者手帳交付数（音声・言語・そしゃく機能障害）（18歳未満）,人,福祉・社会保障,basic,NEW pref,1,0,0,0,0,0000010110,
J1204,身体障害者手帳交付数（肢体不自由障害）,人,福祉・社会保障,basic,NEW pref,1,0,0,0,0,0000010110,
J120401,身体障害者手帳交付数（肢体不自由障害）（18歳以上）,人,福祉・社会保障,basic,NEW pref,1,0,0,0,0,0000010110,
J120402,身体障害者手帳交付数（肢体不自由障害）（18歳未満）,人,福祉・社会保障,basic,NEW pref,1,0,0,0,0,0000010110,
J1205,身体障害者手帳交付数（内部障害）,人,福祉・社会保障,basic,NEW pref,1,0,0,0,0,0000010110,
J120501,身体障害者手帳交付数（内部障害）（18歳以上）,人,福祉・社会保障,basic,NEW pref,1,0,0,0,0,0000010110,
J120502,身体障害者手帳交付数（内部障害）（18歳未満）,人,福祉・社会保障,basic,NEW pref,1,0,0,0,0,0000010110,
J1210,身体障害者補装具交付決定件数,件,福祉・社会保障,basic,NEW pref,1,0,0,0,0,0000010110,
J1212,身体障害者補装具修理決定件数,件,福祉・社会保障,basic,NEW pref,1,0,0,0,0,0000010110,
J1213,身体障害者補装具修理負担額,円,福祉・社会保障,basic,NEW pref,1,0,0,0,0,0000010110,
J121301,身体障害者補装具修理負担額（公費負担額）,円,福祉・社会保障,basic,NEW pref,1,0,0,0,0,0000010110,
J1301,精神障害者保健福祉手帳交付件数,件,福祉・社会保障,basic,NEW pref,1,0,0,0,0,0000010110,
J130101,精神障害保健福祉手帳交付件数（1級）,件,福祉・社会保障,basic,NEW pref,1,0,0,0,0,0000010110,
J130102,精神障害保健福祉手帳交付件数（2級）,件,福祉・社会保障,basic,NEW pref,1,0,0,0,0,0000010110,
J130103,精神障害保健福祉手帳交付件数（3級）,件,福祉・社会保障,basic,NEW pref,1,0,0,0,0,0000010110,
J1401,児童扶養手当受給者数,人,福祉・社会保障,basic,NEW pref,1,0,0,0,0,0000010110,
J1501,知的障害者療育手帳交付数,人,福祉・社会保障,basic,NEW pref,1,0,0,0,0,0000010110,
J2101,社会福祉施設数,所,福祉・社会保障,basic,NEW pref,1,0,0,0,0,0000010110,
J2103,社会福祉施設従事者数（常勤）,人,福祉・社会保障,basic,NEW pref,1,0,0,0,0,0000010110,
J2202,保護施設定員数（医療保護施設を含む）,人,福祉・社会保障,basic,NEW pref,1,0,0,0,0,0000010110,
J2203,保護施設定員数（詳細票）（医療保護施設を除く）,人,福祉・社会保障,basic,NEW pref,1,0,0,0,0,0000010110,
J2205,保護施設在所者数（医療保護施設を含む）,人,福祉・社会保障,basic,NEW pref,1,0,0,0,0,0000010110,
J2206,保護施設在所者数（詳細票）（医療保護施設を除く）,人,福祉・社会保障,basic,NEW pref,1,0,0,0,0,0000010110,
J2209,保護施設従事者数（医療保護施設を除く）（専任）,人,福祉・社会保障,basic,NEW pref,1,0,0,0,0,0000010110,
J2212,保護施設従事者数（詳細票）（医療保護施設を除く）（常勤）,人,福祉・社会保障,basic,NEW pref,1,0,0,0,0,0000010110,
J2300,老人福祉関係施設数,所,福祉・社会保障,basic,NEW pref,1,0,0,0,0,0000010110,
J230115,養護老人ホーム従事者数（詳細票）（常勤）,人,福祉・社会保障,basic,NEW pref,1,0,0,0,0,0000010110,
J230125,介護老人福祉施設在所者数（詳細票）,人,福祉・社会保障,basic,NEW pref,1,0,0,0,0,0000010110,
J230126,介護老人福祉施設従事者数（詳細票）,人,福祉・社会保障,basic,NEW pref,1,0,0,0,0,0000010110,
J230135,軽費老人ホーム従事者数（詳細票）（常勤）,人,福祉・社会保障,basic,NEW pref,1,0,0,0,0,0000010110,
J230144,老人福祉センター従事者数（専任）,人,福祉・社会保障,basic,NEW pref,1,0,0,0,0,0000010110,
J230145,老人福祉センター従事者数（常勤）,人,福祉・社会保障,basic,NEW pref,1,0,0,0,0,0000010110,
J230155,訪問介護事業所数,所,福祉・社会保障,basic,NEW pref,1,0,0,0,0,0000010110,
J230156,訪問介護利用者数,人,福祉・社会保障,basic,NEW pref,1,0,0,0,0,0000010110,
J230162,訪問入浴介護事業所数,所,福祉・社会保障,basic,NEW pref,1,0,0,0,0,0000010110,
J230163,訪問入浴介護利用者数,人,福祉・社会保障,basic,NEW pref,1,0,0,0,0,0000010110,
J230165,通所介護事業所数,所,福祉・社会保障,basic,NEW pref,1,0,0,0,0,0000010110,
J230166,通所介護定員数,人,福祉・社会保障,basic,NEW pref,1,0,0,0,0,0000010110,
J230167,通所介護従事者数,人,福祉・社会保障,basic,NEW pref,1,0,0,0,0,0000010110,
J230168,通所介護利用者数,人,福祉・社会保障,basic,NEW pref,1,0,0,0,0,0000010110,
J230171,短期入所生活介護事業所数,所,福祉・社会保障,basic,NEW pref,1,0,0,0,0,0000010110,
J230172,短期入所生活介護定員数,人,福祉・社会保障,basic,NEW pref,1,0,0,0,0,0000010110,
J230173,短期入所生活介護従事者数,人,福祉・社会保障,basic,NEW pref,1,0,0,0,0,0000010110,
J230174,短期入所生活介護利用者数,人,福祉・社会保障,basic,NEW pref,1,0,0,0,0,0000010110,
J230181,居宅介護支援事業所数,所,福祉・社会保障,basic,NEW pref,1,0,0,0,0,0000010110,
J230182,居宅介護支援事業利用者数,人,福祉・社会保障,basic,NEW pref,1,0,0,0,0,0000010110,
J2302,その他の老人福祉施設数,所,福祉・社会保障,basic,NEW pref,1,0,0,0,0,0000010110,
J230214,老人憩の家従事者数（専任）,人,福祉・社会保障,basic,NEW pref,1,0,0,0,0,0000010110,
J230215,老人憩の家従事者数（常勤）,人,福祉・社会保障,basic,NEW pref,1,0,0,0,0,0000010110,
J230225,有料老人ホーム従事者数（詳細票）（常勤）,人,福祉・社会保障,basic,NEW pref,1,0,0,0,0,0000010110,
J232102,老人ホーム定員数,人,福祉・社会保障,basic,NEW pref,1,0,0,0,0,0000010110,
J232103,老人ホーム在所者数,人,福祉・社会保障,basic,NEW pref,1,0,0,0,0,0000010110,
J232104,老人ホーム従事者数（専任）,人,福祉・社会保障,basic,NEW pref,1,0,0,0,0,0000010110,
J232105,老人ホーム従事者数（常勤）,人,福祉・社会保障,basic,NEW pref,1,0,0,0,0,0000010110,
J2404,身体障害者更生援護施設従事者数（専任）,人,福祉・社会保障,basic,NEW pref,1,0,0,0,0,0000010110,
J2405,身体障害者更生援護施設従事者数（常勤）,人,福祉・社会保障,basic,NEW pref,1,0,0,0,0,0000010110,
J250101,児童福祉施設等数（詳細票）（保育所等を除く）,所,福祉・社会保障,basic,NEW pref,1,0,0,0,0,0000010110,
J250102,児童福祉施設等数（基本票）（保育所等を除く）,所,福祉・社会保障,basic,NEW pref,1,0,0,0,0,0000010110,
J250201,児童福祉施設従事者数（保育所、児童館、児童遊園を除く）（専任）,人,福祉・社会保障,basic,NEW pref,1,0,0,0,0,0000010110,
J250202,児童福祉施設等従事者数（詳細票）（常勤）,人,福祉・社会保障,basic,NEW pref,1,0,0,0,0,0000010110,
J250203,児童福祉施設等従事者数（詳細票）（保育所等を除く）（常勤）,人,福祉・社会保障,basic,NEW pref,1,0,0,0,0,0000010110,
J2504,保育所保育士数（専任）,人,福祉・社会保障,basic,NEW pref,1,0,0,0,0,0000010110,
J2505,保育所等定員数（詳細票）,人,福祉・社会保障,basic,NEW pref,1,0,0,0,0,0000010110,
J250501,公営保育所等定員数（詳細票）,人,福祉・社会保障,basic,NEW pref,1,0,0,0,0,0000010110,
J250502,保育所等利用待機児童数,人,福祉・社会保障,basic,NEW pref,1,0,0,0,0,0000010110,
J250601,保育所在所児数（3歳児）,人,福祉・社会保障,basic,NEW pref,1,0,0,0,0,0000010110,
J250602,保育所在所児数（4歳児）,人,福祉・社会保障,basic,NEW pref,1,0,0,0,0,0000010110,
J250603,保育所在所児数（5歳児）,人,福祉・社会保障,basic,NEW pref,1,0,0,0,0,0000010110,
J2508,保育所等修了者数（詳細票）,人,福祉・社会保障,basic,NEW pref,1,0,0,0,0,0000010110,
J2509,児童館数,所,福祉・社会保障,basic,NEW pref,1,0,0,0,0,0000010110,
J2510,児童遊園数,所,福祉・社会保障,basic,NEW pref,1,0,0,0,0,0000010110,
J2511,助産施設数,所,福祉・社会保障,basic,NEW pref,1,0,0,0,0,0000010110,
J2513,乳児院数,所,福祉・社会保障,basic,NEW pref,1,0,0,0,0,0000010110,
J2514,乳児院定員数,人,福祉・社会保障,basic,NEW pref,1,0,0,0,0,0000010110,
J2515,乳児院在所者数,人,福祉・社会保障,basic,NEW pref,1,0,0,0,0,0000010110,
J2517,母子生活支援施設数,所,福祉・社会保障,basic,NEW pref,1,0,0,0,0,0000010110,
J2519,母子生活支援施設在所者数,人,福祉・社会保障,basic,NEW pref,1,0,0,0,0,0000010110,
J2521,児童養護施設数,所,福祉・社会保障,basic,NEW pref,1,0,0,0,0,0000010110,
J2522,児童養護施設定員数,人,福祉・社会保障,basic,NEW pref,1,0,0,0,0,0000010110,
J2523,児童養護施設在所者数,人,福祉・社会保障,basic,NEW pref,1,0,0,0,0,0000010110,
J2525,心身障害児施設数,所,福祉・社会保障,basic,NEW pref,1,0,0,0,0,0000010110,
J252501,知的障害児施設数,所,福祉・社会保障,basic,NEW pref,1,0,0,0,0,0000010110,
J252502,知的障害児通園施設数,所,福祉・社会保障,basic,NEW pref,1,0,0,0,0,0000010110,
J252503,盲児施設数,所,福祉・社会保障,basic,NEW pref,1,0,0,0,0,0000010110,
J252504,ろうあ児施設数,所,福祉・社会保障,basic,NEW pref,1,0,0,0,0,0000010110,
J252505,難聴幼児通園施設数,所,福祉・社会保障,basic,NEW pref,1,0,0,0,0,0000010110,
J252507,肢体不自由児施設数,所,福祉・社会保障,basic,NEW pref,1,0,0,0,0,0000010110,
J252508,肢体不自由児通園施設数,所,福祉・社会保障,basic,NEW pref,1,0,0,0,0,0000010110,
J252509,肢体不自由児療護施設数,所,福祉・社会保障,basic,NEW pref,1,0,0,0,0,0000010110,
J252510,重症心身障害児施設数,所,福祉・社会保障,basic,NEW pref,1,0,0,0,0,0000010110,
J252511,情緒障害児短期治療施設数,所,福祉・社会保障,basic,NEW pref,1,0,0,0,0,0000010110,
J252512,自閉症児施設数,所,福祉・社会保障,basic,NEW pref,1,0,0,0,0,0000010110,
J2526,保育所等保育士数（詳細票）,人,福祉・社会保障,basic,NEW pref,1,0,0,0,0,0000010110,
J252601,公営保育所等保育士数（詳細票）,人,福祉・社会保障,basic,NEW pref,1,0,0,0,0,0000010110,
J2527,保育所従事者数（常勤）,人,福祉・社会保障,basic,NEW pref,1,0,0,0,0,0000010110,
J2528,乳児院従事者数（常勤）,人,福祉・社会保障,basic,NEW pref,1,0,0,0,0,0000010110,
J2529,母子生活支援施設従事者数（常勤）,人,福祉・社会保障,basic,NEW pref,1,0,0,0,0,0000010110,
J2530,児童養護施設従事者数（常勤）,人,福祉・社会保障,basic,NEW pref,1,0,0,0,0,0000010110,
J2540,認定こども園数,園,福祉・社会保障,basic,NEW pref,1,0,0,0,0,0000010110,
J2541,認定こども園数（幼保連携型）,園,福祉・社会保障,basic,NEW pref,1,0,0,0,0,0000010110,
J2542,認定こども園数（幼稚園型）,園,福祉・社会保障,basic,NEW pref,1,0,0,0,0,0000010110,
J2543,認定こども園数（保育所型）,園,福祉・社会保障,basic,NEW pref,1,0,0,0,0,0000010110,
J2544,認定こども園数（地方裁量型）,園,福祉・社会保障,basic,NEW pref,1,0,0,0,0,0000010110,
J2547,小規模保育事業所数,所,福祉・社会保障,basic,NEW pref,1,0,0,0,0,0000010110,
J2548,小規模保育事業所在所児数,人,福祉・社会保障,basic,NEW pref,1,0,0,0,0,0000010110,
J2626,心身障害児施設定員数,人,福祉・社会保障,basic,NEW pref,1,0,0,0,0,0000010110,
J262601,知的障害児施設定員数,人,福祉・社会保障,basic,NEW pref,1,0,0,0,0,0000010110,
J262602,知的障害児通園施設定員数,人,福祉・社会保障,basic,NEW pref,1,0,0,0,0,0000010110,
J262608,肢体不自由児通園施設定員数,人,福祉・社会保障,basic,NEW pref,1,0,0,0,0,0000010110,
J262610,重症心身障害児施設定員数,人,福祉・社会保障,basic,NEW pref,1,0,0,0,0,0000010110,
J2627,心身障害児施設在所者数,人,福祉・社会保障,basic,NEW pref,1,0,0,0,0,0000010110,
J262701,知的障害児施設在所者数,人,福祉・社会保障,basic,NEW pref,1,0,0,0,0,0000010110,
J262703,盲児施設在所者数,人,福祉・社会保障,basic,NEW pref,1,0,0,0,0,0000010110,
J262709,肢体不自由児療護施設在所者数,人,福祉・社会保障,basic,NEW pref,1,0,0,0,0,0000010110,
J2629,児童自立支援施設数,所,福祉・社会保障,basic,NEW pref,1,0,0,0,0,0000010110,
J2631,児童自立支援施設在所者数,人,福祉・社会保障,basic,NEW pref,1,0,0,0,0,0000010110,
J2633,児童自立支援施設従事者数（常勤）,人,福祉・社会保障,basic,NEW pref,1,0,0,0,0,0000010110,
J2634,心身障害児施設従事者数（常勤）,人,福祉・社会保障,basic,NEW pref,1,0,0,0,0,0000010110,
J2651,認可外保育施設数,施設,福祉・社会保障,basic,NEW pref,1,0,0,0,0,0000010110,
J2652,認可外保育施設利用児童数,人,福祉・社会保障,basic,NEW pref,1,0,0,0,0,0000010110,
J2704,知的障害者援護施設従事者数（専任）,人,福祉・社会保障,basic,NEW pref,1,0,0,0,0,0000010110,
J2705,知的障害者援護施設従事者数（常勤）,人,福祉・社会保障,basic,NEW pref,1,0,0,0,0,0000010110,
J2803,母子・父子福祉施設従事者数（詳細票）（常勤）,人,福祉・社会保障,basic,NEW pref,1,0,0,0,0,0000010110,
J3101,民生委員（児童委員）数,人,福祉・社会保障,basic,NEW pref,1,0,0,0,0,0000010110,
J3108,訪問介護員（ホームヘルパー）数,人,福祉・社会保障,basic,NEW pref,1,0,0,0,0,0000010110,
J3201,民生委員（児童委員）相談・支援件数,件,福祉・社会保障,basic,NEW pref,1,0,0,0,0,0000010110,
J3202,福祉事務所生活保護申請件数,件,福祉・社会保障,basic,NEW pref,1,0,0,0,0,0000010110,
J3209,児童相談所における児童虐待相談の対応件数,件,福祉・社会保障,basic,NEW pref,1,0,0,0,0,0000010110,
J320901,児童相談所における児童虐待相談の対応件数（被虐待者が0～2歳）,件,福祉・社会保障,basic,NEW pref,1,0,0,0,0,0000010110,
J320902,児童相談所における児童虐待相談の対応件数（被虐待者が3～6歳）,件,福祉・社会保障,basic,NEW pref,1,0,0,0,0,0000010110,
J320903,児童相談所における児童虐待相談の対応件数（被虐待者が7～12歳）,件,福祉・社会保障,basic,NEW pref,1,0,0,0,0,0000010110,
J320904,児童相談所における児童虐待相談の対応件数（被虐待者が13～15歳）,件,福祉・社会保障,basic,NEW pref,1,0,0,0,0,0000010110,
J320905,児童相談所における児童虐待相談の対応件数（被虐待者が16～18歳）,件,福祉・社会保障,basic,NEW pref,1,0,0,0,0,0000010110,
J4002,国民医療費（一般診療）（入院）,億円,福祉・社会保障,basic,NEW pref,1,0,0,0,0,0000010110,
J4003,国民医療費（一般診療）（入院外）,億円,福祉・社会保障,basic,NEW pref,1,0,0,0,0,0000010110,
J4004,一人当たりの医療費,千円,福祉・社会保障,basic,NEW pref,1,0,0,0,0,0000010110,
J4005,国民医療費（医科診療）（入院）,億円,福祉・社会保障,basic,NEW pref,1,0,0,0,0,0000010110,
J4006,国民医療費（医科診療）（入院外）,億円,福祉・社会保障,basic,NEW pref,1,0,0,0,0,0000010110,
J4105,国民健康保険給付金額（診療費）（費用額）,千円,福祉・社会保障,basic,NEW pref,1,0,0,0,0,0000010110,
J4201,全国健康保険協会管掌健康保険事業所数,所,福祉・社会保障,basic,NEW pref,1,0,0,0,0,0000010110,
J4202,全国健康保険協会管掌健康保険被保険者数,人,福祉・社会保障,basic,NEW pref,1,0,0,0,0,0000010110,
J4203,全国健康保険協会管掌健康保険被扶養者数,人,福祉・社会保障,basic,NEW pref,1,0,0,0,0,0000010110,
J4204,全国健康保険協会管掌健康保険給付件数,件,福祉・社会保障,basic,NEW pref,1,0,0,0,0,0000010110,
J420401,政府管掌健康保険給付件数（被保険者）,件,福祉・社会保障,basic,NEW pref,1,0,0,0,0,0000010110,
J420402,政府管掌健康保険給付件数（被扶養者）,件,福祉・社会保障,basic,NEW pref,1,0,0,0,0,0000010110,
J420410,全国健康保険協会管掌健康保険給付件数（診療費）,件,福祉・社会保障,basic,NEW pref,1,0,0,0,0,0000010110,
J420411,全国健康保険協会管掌健康保険給付件数（診療費・被保険者）,件,福祉・社会保障,basic,NEW pref,1,0,0,0,0,0000010110,
J420412,全国健康保険協会管掌健康保険給付件数（診療費・被扶養者）,件,福祉・社会保障,basic,NEW pref,1,0,0,0,0,0000010110,
J420421,全国健康保険協会管掌健康保険受診率（被保険者）,‐,福祉・社会保障,basic,NEW pref,1,0,0,0,0,0000010110,
J420422,全国健康保険協会管掌健康保険受診率（被扶養者）,‐,福祉・社会保障,basic,NEW pref,1,0,0,0,0,0000010110,
J4205,全国健康保険協会管掌健康保険給付金額,千円,福祉・社会保障,basic,NEW pref,1,0,0,0,0,0000010110,
J420501,政府管掌健康保険給付金額（被保険者）,千円,福祉・社会保障,basic,NEW pref,1,0,0,0,0,0000010110,
J420502,政府管掌健康保険給付金額（被扶養者）,千円,福祉・社会保障,basic,NEW pref,1,0,0,0,0,0000010110,
J420510,全国健康保険協会管掌健康保険給付金額（診療費）,千円,福祉・社会保障,basic,NEW pref,1,0,0,0,0,0000010110,
J420511,全国健康保険協会管掌健康保険給付金額（診療費・被保険者）,千円,福祉・社会保障,basic,NEW pref,1,0,0,0,0,0000010110,
J420512,全国健康保険協会管掌健康保険給付金額（診療費・被扶養者）,千円,福祉・社会保障,basic,NEW pref,1,0,0,0,0,0000010110,
J420521,政府管掌健康保険1人当たり受診金額（被保険者）,円,福祉・社会保障,basic,NEW pref,1,0,0,0,0,0000010110,
J420522,政府管掌健康保険1人当たり受診金額（被扶養者）,円,福祉・社会保障,basic,NEW pref,1,0,0,0,0,0000010110,
J420531,全国健康保険協会管掌健康保険1人当たり医療費（被保険者）,円,福祉・社会保障,basic,NEW pref,1,0,0,0,0,0000010110,
J420532,全国健康保険協会管掌健康保険1人当たり医療費（被扶養者）,円,福祉・社会保障,basic,NEW pref,1,0,0,0,0,0000010110,
J420533,全国健康保険協会管掌健康保険1人当たり医療費（加入者合計）,円,福祉・社会保障,basic,NEW pref,1,0,0,0,0,0000010110,
J4206,全国健康保険協会管掌健康保険1人当たり医療費の地域差指数,－,福祉・社会保障,basic,NEW pref,1,0,0,0,0,0000010110,
J4301,組合管掌健康保険組合数,組合,福祉・社会保障,basic,NEW pref,1,0,0,0,0,0000010110,
J4302,組合管掌健康保険被保険者数,人,福祉・社会保障,basic,NEW pref,1,0,0,0,0,0000010110,
J4303,組合管掌健康保険被扶養者数,人,福祉・社会保障,basic,NEW pref,1,0,0,0,0,0000010110,
J4304,組合管掌健康保険給付件数,件,福祉・社会保障,basic,NEW pref,1,0,0,0,0,0000010110,
J430401,組合管掌健康保険給付件数（被保険者）,件,福祉・社会保障,basic,NEW pref,1,0,0,0,0,0000010110,
J430402,組合管掌健康保険給付件数（被扶養者）,件,福祉・社会保障,basic,NEW pref,1,0,0,0,0,0000010110,
J430410,組合管掌健康保険給付件数（診療費）,件,福祉・社会保障,basic,NEW pref,1,0,0,0,0,0000010110,
J430411,組合管掌健康保険給付件数（診療費・被保険者）,件,福祉・社会保障,basic,NEW pref,1,0,0,0,0,0000010110,
J430412,組合管掌健康保険給付件数（診療費・被扶養者）,件,福祉・社会保障,basic,NEW pref,1,0,0,0,0,0000010110,
J430421,組合管掌健康保険受診率（被保険者）,‐,福祉・社会保障,basic,NEW pref,1,0,0,0,0,0000010110,
J430422,組合管掌健康保険受診率（被扶養者）,‐,福祉・社会保障,basic,NEW pref,1,0,0,0,0,0000010110,
J4305,組合管掌健康保険給付金額,千円,福祉・社会保障,basic,NEW pref,1,0,0,0,0,0000010110,
J430501,組合管掌健康保険給付金額（被保険者）,千円,福祉・社会保障,basic,NEW pref,1,0,0,0,0,0000010110,
J430502,組合管掌健康保険給付金額（被扶養者）,千円,福祉・社会保障,basic,NEW pref,1,0,0,0,0,0000010110,
J430510,組合管掌健康保険給付金額（診療費）,千円,福祉・社会保障,basic,NEW pref,1,0,0,0,0,0000010110,
J430511,組合管掌健康保険給付金額（診療費・被保険者）,千円,福祉・社会保障,basic,NEW pref,1,0,0,0,0,0000010110,
J430512,組合管掌健康保険給付金額（診療費・被扶養者）,千円,福祉・社会保障,basic,NEW pref,1,0,0,0,0,0000010110,
J430521,組合管掌健康保険1人当たり受診金額（被保険者）,円,福祉・社会保障,basic,NEW pref,1,0,0,0,0,0000010110,
J4401,船員保険（疾病分）船舶所有者数,人,福祉・社会保障,basic,NEW pref,1,0,0,0,0,0000010110,
J4402,船員保険（疾病分）被保険者数,人,福祉・社会保障,basic,NEW pref,1,0,0,0,0,0000010110,
J4403,船員保険（疾病分）被扶養者数,人,福祉・社会保障,basic,NEW pref,1,0,0,0,0,0000010110,
J4404,船員保険（疾病分）給付件数,件,福祉・社会保障,basic,NEW pref,1,0,0,0,0,0000010110,
J440401,船員保険（疾病分）給付件数（被保険者）,件,福祉・社会保障,basic,NEW pref,1,0,0,0,0,0000010110,
J440402,船員保険（疾病分）給付件数（被扶養者）,件,福祉・社会保障,basic,NEW pref,1,0,0,0,0,0000010110,
J440410,船員保険（疾病分）給付件数（診療費）,件,福祉・社会保障,basic,NEW pref,1,0,0,0,0,0000010110,
J440411,船員保険（疾病分）給付件数（診療費・被保険者）,件,福祉・社会保障,basic,NEW pref,1,0,0,0,0,0000010110,
J440412,船員保険（疾病分）給付件数（診療費・被扶養者）,件,福祉・社会保障,basic,NEW pref,1,0,0,0,0,0000010110,
J4405,船員保険（疾病分）給付金額,千円,福祉・社会保障,basic,NEW pref,1,0,0,0,0,0000010110,
J440501,船員保険（疾病分）給付金額（被保険者）,千円,福祉・社会保障,basic,NEW pref,1,0,0,0,0,0000010110,
J440502,船員保険（疾病分）給付金額（被扶養者）,千円,福祉・社会保障,basic,NEW pref,1,0,0,0,0,0000010110,
J440510,船員保険（疾病分）給付金額（診療費）,千円,福祉・社会保障,basic,NEW pref,1,0,0,0,0,0000010110,
J440511,船員保険（疾病分）給付金額（診療費・被保険者）,千円,福祉・社会保障,basic,NEW pref,1,0,0,0,0,0000010110,
J440512,船員保険（疾病分）給付金額（診療費・被扶養者）,千円,福祉・社会保障,basic,NEW pref,1,0,0,0,0,0000010110,
J4501,後期高齢者医療被保険者数,人,福祉・社会保障,basic,NEW pref,1,0,0,0,0,0000010110,
J4502,老人医療受給件数,件,福祉・社会保障,basic,NEW pref,1,0,0,0,0,0000010110,
J450210,老人医療受給件数（診療費）,件,福祉・社会保障,basic,NEW pref,1,0,0,0,0,0000010110,
J450220,老人医療受診率（1000人当たり）,‐,福祉・社会保障,basic,NEW pref,1,0,0,0,0,0000010110,
J4503,後期高齢者医療費,千円,福祉・社会保障,basic,NEW pref,1,0,0,0,0,0000010110,
J450310,老人医療費（診療費）,千円,福祉・社会保障,basic,NEW pref,1,0,0,0,0,0000010110,
J450320,1人当たり後期高齢者医療費,円,福祉・社会保障,basic,NEW pref,1,0,0,0,0,0000010110,
J5101,厚生年金保険適用事業所数,所,福祉・社会保障,basic,NEW pref,1,0,0,0,0,0000010110,
J5102,厚生年金保険被保険者数,人,福祉・社会保障,basic,NEW pref,1,0,0,0,0,0000010110,
J5103,厚生年金保険受給権者数,人,福祉・社会保障,basic,NEW pref,1,0,0,0,0,0000010110,
J510301,厚生年金保険受給権者数（老齢年金）,人,福祉・社会保障,basic,NEW pref,1,0,0,0,0,0000010110,
J510302,厚生年金保険受給権者数（通算老齢年金）,人,福祉・社会保障,basic,NEW pref,1,0,0,0,0,0000010110,
J510303,厚生年金保険受給権者数（障害年金）,人,福祉・社会保障,basic,NEW pref,1,0,0,0,0,0000010110,
J510304,厚生年金保険受給権者数（遺族年金）,人,福祉・社会保障,basic,NEW pref,1,0,0,0,0,0000010110,
J510305,厚生年金保険受給権者数（通算遺族年金）,人,福祉・社会保障,basic,NEW pref,1,0,0,0,0,0000010110,
J510401,厚生年金保険受給権者年金総額（老齢年金）,千円,福祉・社会保障,basic,NEW pref,1,0,0,0,0,0000010110,
J5201,国民年金被保険者数,人,福祉・社会保障,basic,NEW pref,1,0,0,0,0,0000010110,
J520101,国民年金第1号被保険者数,人,福祉・社会保障,basic,NEW pref,1,0,0,0,0,0000010110,
J520102,国民年金第3号被保険者数,人,福祉・社会保障,basic,NEW pref,1,0,0,0,0,0000010110,
J520111,国民年金保険料全額免除割合,％,福祉・社会保障,basic,NEW pref,1,0,0,0,0,0000010110,
J520112,国民年金保険料申請一部免除割合,％,福祉・社会保障,basic,NEW pref,1,0,0,0,0,0000010110,
J5202,国民年金受給権者数,人,福祉・社会保障,basic,NEW pref,1,0,0,0,0,0000010110,
J520201,国民年金受給権者数（老齢年金）,人,福祉・社会保障,basic,NEW pref,1,0,0,0,0,0000010110,
J520202,国民年金受給権者数（通算老齢年金）,人,福祉・社会保障,basic,NEW pref,1,0,0,0,0,0000010110,
J520203,国民年金受給権者数（障害年金）,人,福祉・社会保障,basic,NEW pref,1,0,0,0,0,0000010110,
J520204,国民年金受給権者数（遺族年金）,人,福祉・社会保障,basic,NEW pref,1,0,0,0,0,0000010110,
J5203,国民年金受給権者年金総額,千円,福祉・社会保障,basic,NEW pref,1,0,0,0,0,0000010110,
J520301,国民年金受給権者年金総額（老齢年金）,千円,福祉・社会保障,basic,NEW pref,1,0,0,0,0,0000010110,
J5301,福祉年金受給者数,人,福祉・社会保障,basic,NEW pref,1,0,0,0,0,0000010110,
J5302,福祉年金支給年額,千円,福祉・社会保障,basic,NEW pref,1,0,0,0,0,0000010110,
J6101,雇用保険適用事業所数,所,福祉・社会保障,basic,NEW pref,1,0,0,0,0,0000010110,
J6102,雇用保険被保険者数,人,福祉・社会保障,basic,NEW pref,1,0,0,0,0,0000010110,
J6103,雇用保険求職者給付支給額,円,福祉・社会保障,basic,NEW pref,1,0,0,0,0,0000010110,
J6104,雇用保険基本手当支給額,円,福祉・社会保障,basic,NEW pref,1,0,0,0,0,0000010110,
J6105,雇用保険基本手当受給者実人員,人,福祉・社会保障,basic,NEW pref,1,0,0,0,0,0000010110,
J6106,雇用保険基本手当受給資格決定件数,件,福祉・社会保障,basic,NEW pref,1,0,0,0,0,0000010110,
J6107,雇用保険基本手当初回受給者数,人,福祉・社会保障,basic,NEW pref,1,0,0,0,0,0000010110,
J610701,雇用保険基本手当初回受給者数（45歳以上）,人,福祉・社会保障,basic,NEW pref,1,0,0,0,0,0000010110,
J6109,雇用保険（日雇）労働被保険者数,人,福祉・社会保障,basic,NEW pref,1,0,0,0,0,0000010110,
J6110,雇用保険（日雇）受給者実人員,人,福祉・社会保障,basic,NEW pref,1,0,0,0,0,0000010110,
J6111,雇用保険（日雇）給付支給額,千円,福祉・社会保障,basic,NEW pref,1,0,0,0,0,0000010110,
J6201,船員保険（失業分）船舶所有者数,人,福祉・社会保障,basic,NEW pref,1,0,0,0,0,0000010110,
J6202,船員保険（失業分）被保険者数,人,福祉・社会保障,basic,NEW pref,1,0,0,0,0,0000010110,
J6203,船員保険（失業分）失業保険金給付件数,件,福祉・社会保障,basic,NEW pref,1,0,0,0,0,0000010110,
J6204,船員保険（失業分）失業保険金給付金額,千円,福祉・社会保障,basic,NEW pref,1,0,0,0,0,0000010110,
J6301,労働者災害補償保険適用事業場数,事業場,福祉・社会保障,basic,NEW pref,1,0,0,0,0,0000010110,
J6302,労働者災害補償保険適用労働者数,人,福祉・社会保障,basic,NEW pref,1,0,0,0,0,0000010110,
J6303,労働者災害補償保険給付件数,件,福祉・社会保障,basic,NEW pref,1,0,0,0,0,0000010110,
J6304,労働者災害補償保険給付支給額,円,福祉・社会保障,basic,NEW pref,1,0,0,0,0,0000010110,
J7101,介護保険給付（件数）,件,福祉・社会保障,basic,NEW pref,1,0,0,0,0,0000010110,
J710101,居宅介護（支援）サービス介護給付（件数）,件,福祉・社会保障,basic,NEW pref,1,0,0,0,0,0000010110,
J710102,施設介護サービス介護給付（件数）,件,福祉・社会保障,basic,NEW pref,1,0,0,0,0,0000010110,
J710201,居宅介護（支援）サービス介護給付（費用額）,千円,福祉・社会保障,basic,NEW pref,1,0,0,0,0,0000010110,
J710202,施設介護サービス介護給付（費用額）,千円,福祉・社会保障,basic,NEW pref,1,0,0,0,0,0000010110,
J7103,介護保険給付（支給額）,千円,福祉・社会保障,basic,NEW pref,1,0,0,0,0,0000010110,
J710301,居宅介護（支援）サービス介護給付（支給額）,千円,福祉・社会保障,basic,NEW pref,1,0,0,0,0,0000010110,
J710302,施設介護サービス介護給付（支給額）,千円,福祉・社会保障,basic,NEW pref,1,0,0,0,0,0000010110,
K1101,消防本部・署数,署,安全,basic,NEW pref,1,0,0,0,0,0000010111,
K1102,消防職員数,人,安全,basic,NEW pref,1,0,0,0,0,0000010111,
K1103,消防吏員数,人,安全,basic,NEW pref,1,0,0,0,0,0000010111,
K1104,消防団・分団数,団,安全,basic,NEW pref,1,0,0,0,0,0000010111,
K110401,消防団数,団,安全,basic,NEW pref,1,0,0,0,0,0000010111,
K110402,消防分団数,団,安全,basic,NEW pref,1,0,0,0,0,0000010111,
K1105,消防団員数,人,安全,basic,NEW pref,1,0,0,0,0,0000010111,
K1106,消防ポンプ自動車等現有数,台,安全,basic,NEW pref,1,0,0,0,0,0000010111,
K1107,消防水利数,所,安全,basic,NEW pref,1,0,0,0,0,0000010111,
K1108,消火栓数,所,安全,basic,NEW pref,1,0,0,0,0,0000010111,
K1109,防火水槽数,所,安全,basic,NEW pref,1,0,0,0,0,0000010111,
K1201,消防機関出動回数,回,安全,basic,NEW pref,1,0,0,0,0,0000010111,
K120201,消防機関出動回数（火災）,回,安全,basic,NEW pref,1,0,0,0,0,0000010111,
K120202,消防機関出動回数（風水害）,回,安全,basic,NEW pref,1,0,0,0,0,0000010111,
K1205,消防機関出動延人員,人,安全,basic,NEW pref,1,0,0,0,0,0000010111,
K120601,消防機関出動延人員（火災）,人,安全,basic,NEW pref,1,0,0,0,0,0000010111,
K1209,救急自動車数,台,安全,basic,NEW pref,1,0,0,0,0,0000010111,
K1210,救急出動件数,件,安全,basic,NEW pref,1,0,0,0,0,0000010111,
K1214,救急出場件数（転院搬送）,件,安全,basic,NEW pref,1,0,0,0,0,0000010111,
K2101,出火件数,件,安全,basic,NEW pref,1,0,0,0,0,0000010111,
K210311,建物焼損床面積,ｍ2,安全,basic,NEW pref,1,0,0,0,0,0000010111,
K2105,火災損害額,千円,安全,basic,NEW pref,1,0,0,0,0,0000010111,
K2106,建物火災損害額,千円,安全,basic,NEW pref,1,0,0,0,0,0000010111,
K2107,火災り災世帯数,世帯,安全,basic,NEW pref,1,0,0,0,0,0000010111,
K2108,火災り災人員数,人,安全,basic,NEW pref,1,0,0,0,0,0000010111,
K2109,火災死傷者数,人,安全,basic,NEW pref,1,0,0,0,0,0000010111,
K2111,火災負傷者数,人,安全,basic,NEW pref,1,0,0,0,0,0000010111,
K2201,火災保険新契約件数（1年）,件,安全,basic,NEW pref,1,0,0,0,0,0000010111,
K2202,火災保険住宅物件・一般物件新契約件数（1年）,件,安全,basic,NEW pref,1,0,0,0,0,0000010111,
K2203,火災保険新契約保険金額（1年）,千円,安全,basic,NEW pref,1,0,0,0,0,0000010111,
K2204,火災保険住宅物件・一般物件新契約保険金額（1年）,千円,安全,basic,NEW pref,1,0,0,0,0,0000010111,
K2205,火災保険保険金支払件数（1年）,件,安全,basic,NEW pref,1,0,0,0,0,0000010111,
K2206,火災保険住宅物件・一般物件保険金支払件数（1年）,件,安全,basic,NEW pref,1,0,0,0,0,0000010111,
K2207,火災保険保険金支払金額（1年）,円,安全,basic,NEW pref,1,0,0,0,0,0000010111,
K2208,火災保険住宅物件・一般物件保険金支払金額（1年）,円,安全,basic,NEW pref,1,0,0,0,0,0000010111,
K2209,火災保険新契約件数,件,安全,basic,NEW pref,1,0,0,0,0,0000010111,
K2210,火災保険住宅物件・一般物件新契約件数,件,安全,basic,NEW pref,1,0,0,0,0,0000010111,
K2211,火災保険新契約保険金額,百万円,安全,basic,NEW pref,1,0,0,0,0,0000010111,
K2212,火災保険住宅物件・一般物件新契約保険金額,百万円,安全,basic,NEW pref,1,0,0,0,0,0000010111,
K2213,火災保険保険金支払件数,件,安全,basic,NEW pref,1,0,0,0,0,0000010111,
K2214,火災保険住宅物件・一般物件保険金支払件数,件,安全,basic,NEW pref,1,0,0,0,0,0000010111,
K2215,火災保険保険金支払金額,千円,安全,basic,NEW pref,1,0,0,0,0,0000010111,
K2216,火災保険住宅物件・一般物件保険金支払金額,千円,安全,basic,NEW pref,1,0,0,0,0,0000010111,
K3102,交通事故死傷者数,人,安全,basic,NEW pref,1,0,0,0,0,0000010111,
K310201,交通事故死傷者数（乳幼児：0～6歳）,人,安全,basic,NEW pref,1,0,0,0,0,0000010111,
K310202,交通事故死傷者数（小学生：7～12歳）,人,安全,basic,NEW pref,1,0,0,0,0,0000010111,
K3103,交通事故死者数,人,安全,basic,NEW pref,1,0,0,0,0,0000010111,
K3201,立体横断施設数,箇所,安全,basic,NEW pref,1,0,0,0,0,0000010111,
K3301,任意自動車保険契約台数,台,安全,basic,NEW pref,1,0,0,0,0,0000010111,
K3302,任意自動車保険契約保険料,千円,安全,basic,NEW pref,1,0,0,0,0,0000010111,
K3303,任意自動車保険保険金支払件数,件,安全,basic,NEW pref,1,0,0,0,0,0000010111,
K3304,任意自動車保険保険金支払金額,千円,安全,basic,NEW pref,1,0,0,0,0,0000010111,
K330501,任意自動車保険普及率（車両）,％,安全,basic,NEW pref,1,0,0,0,0,0000010111,
K330502,任意自動車保険普及率（対人）,％,安全,basic,NEW pref,1,0,0,0,0,0000010111,
K330503,任意自動車保険普及率（対物）,％,安全,basic,NEW pref,1,0,0,0,0,0000010111,
K330504,任意自動車保険普及率（搭乗者傷害）,％,安全,basic,NEW pref,1,0,0,0,0,0000010111,
K330505,自動車保険普及率（人身傷害実損払）,％,安全,basic,NEW pref,1,0,0,0,0,0000010111,
K330506,自動車保険普及率（人身傷害定額払）,％,安全,basic,NEW pref,1,0,0,0,0,0000010111,
K3401,自動車損害賠償責任保険新契約台数,台,安全,basic,NEW pref,1,0,0,0,0,0000010111,
K3402,自動車損害賠償責任保険自家用乗用車新契約台数,台,安全,basic,NEW pref,1,0,0,0,0,0000010111,
K3403,自動車損害賠償責任保険新契約保険料,円,安全,basic,NEW pref,1,0,0,0,0,0000010111,
K3404,自動車損害賠償責任保険自家用乗用車新契約保険料,円,安全,basic,NEW pref,1,0,0,0,0,0000010111,
K3405,自動車損害賠償責任保険保険金支払件数,件,安全,basic,NEW pref,1,0,0,0,0,0000010111,
K3406,自動車損害賠償責任保険自家用乗用車保険金支払件数,件,安全,basic,NEW pref,1,0,0,0,0,0000010111,
K3407,自動車損害賠償責任保険保険金支払金額,円,安全,basic,NEW pref,1,0,0,0,0,0000010111,
K3408,自動車損害賠償責任保険自家用乗用車保険金支払金額,円,安全,basic,NEW pref,1,0,0,0,0,0000010111,
K3501,運転免許保有者数（第一種免許　大型）,人,安全,basic,NEW pref,1,0,0,0,0,0000010111,
K350101,運転免許保有者数（第一種免許　大型　75歳以上）,人,安全,basic,NEW pref,1,0,0,0,0,0000010111,
K3502,運転免許保有者数（第一種免許　中型）,人,安全,basic,NEW pref,1,0,0,0,0,0000010111,
K350201,運転免許保有者数（第一種免許　中型　75歳以上）,人,安全,basic,NEW pref,1,0,0,0,0,0000010111,
K3503,運転免許保有者数（第一種免許　普通）,人,安全,basic,NEW pref,1,0,0,0,0,0000010111,
K350301,運転免許保有者数（第一種免許　普通　75歳以上）,人,安全,basic,NEW pref,1,0,0,0,0,0000010111,
K3504,高齢者講習受講者数（70～74歳講習受講者）,人,安全,basic,NEW pref,1,0,0,0,0,0000010111,
K3505,高齢者講習受講者数（75歳以上講習受講者）,人,安全,basic,NEW pref,1,0,0,0,0,0000010111,
K3506,運転免許保有者数（第一種免許　中型　車両総重量11t未満）,人,安全,basic,NEW pref,1,0,0,0,0,0000010111,
K350601,運転免許保有者数（第一種免許　中型　車両総重量11t未満　75歳以上）,人,安全,basic,NEW pref,1,0,0,0,0,0000010111,
K3507,運転免許保有者数（第一種免許　準中型　車両総重量7.5t未満）,人,安全,basic,NEW pref,1,0,0,0,0,0000010111,
K350701,運転免許保有者数（第一種免許　準中型　車両総重量7.5t未満　75歳以上）,人,安全,basic,NEW pref,1,0,0,0,0,0000010111,
K3508,運転免許保有者数（第一種免許　普通　車両総重量3.5t未満）,人,安全,basic,NEW pref,1,0,0,0,0,0000010111,
K350801,運転免許保有者数（第一種免許　普通　車両総重量3.5t未満　75歳以上）,人,安全,basic,NEW pref,1,0,0,0,0,0000010111,
K420105,風俗犯認知件数,件,安全,basic,NEW pref,1,0,0,0,0,0000010111,
K4202,刑法犯検挙件数,件,安全,basic,NEW pref,1,0,0,0,0,0000010111,
K420201,凶悪犯検挙件数,件,安全,basic,NEW pref,1,0,0,0,0,0000010111,
K420202,粗暴犯検挙件数,件,安全,basic,NEW pref,1,0,0,0,0,0000010111,
K420203,窃盗犯検挙件数,件,安全,basic,NEW pref,1,0,0,0,0,0000010111,
K420204,知能犯検挙件数,件,安全,basic,NEW pref,1,0,0,0,0,0000010111,
K420205,風俗犯検挙件数,件,安全,basic,NEW pref,1,0,0,0,0,0000010111,
K4203,刑法犯検挙人員,人,安全,basic,NEW pref,1,0,0,0,0,0000010111,
K420301,凶悪犯検挙人員,人,安全,basic,NEW pref,1,0,0,0,0,0000010111,
K420302,粗暴犯検挙人員,人,安全,basic,NEW pref,1,0,0,0,0,0000010111,
K420303,窃盗犯検挙人員,人,安全,basic,NEW pref,1,0,0,0,0,0000010111,
K420304,知能犯検挙人員,人,安全,basic,NEW pref,1,0,0,0,0,0000010111,
K420305,風俗犯検挙人員,人,安全,basic,NEW pref,1,0,0,0,0,0000010111,
K420401,少年凶悪犯検挙人員,人,安全,basic,NEW pref,1,0,0,0,0,0000010111,
K420402,少年粗暴犯検挙人員,人,安全,basic,NEW pref,1,0,0,0,0,0000010111,
K420403,少年窃盗犯検挙人員,人,安全,basic,NEW pref,1,0,0,0,0,0000010111,
K420404,少年知能犯検挙人員,人,安全,basic,NEW pref,1,0,0,0,0,0000010111,
K420405,少年風俗犯検挙人員,人,安全,basic,NEW pref,1,0,0,0,0,0000010111,
K4302,特別法犯検挙人員,人,安全,basic,NEW pref,1,0,0,0,0,0000010111,
K4304,覚醒剤取締検挙人員,人,安全,basic,NEW pref,1,0,0,0,0,0000010111,
K4305,売春事犯の検挙件数,件,安全,basic,NEW pref,1,0,0,0,0,0000010111,
K4306,売春事犯の検挙人員,人,安全,basic,NEW pref,1,0,0,0,0,0000010111,
K4401,道路交通法違反検挙総件数（告知・送致）,件,安全,basic,NEW pref,1,0,0,0,0,0000010111,
K4402,交通事故事件件数,件,安全,basic,NEW pref,1,0,0,0,0,0000010111,
K4403,交通事故事件少年件数,件,安全,basic,NEW pref,1,0,0,0,0,0000010111,
K4404,交通事故事件人員,人,安全,basic,NEW pref,1,0,0,0,0,0000010111,
K4501,触法少年補導人員,人,安全,basic,NEW pref,1,0,0,0,0,0000010111,
K4502,少年保護事件新受入人員,人,安全,basic,NEW pref,1,0,0,0,0,0000010111,
K4701,民事事件件数,件,安全,basic,NEW pref,1,0,0,0,0,0000010111,
K4702,行政事件件数,件,安全,basic,NEW pref,1,0,0,0,0,0000010111,
K4703,家事事件件数（総数）,件,安全,basic,NEW pref,1,0,0,0,0,0000010111,
K470301,家事事件件数（調停）,件,安全,basic,NEW pref,1,0,0,0,0,0000010111,
K4801,出入国管理及び難民認定法の送致件数,件,安全,basic,NEW pref,1,0,0,0,0,0000010111,
K4802,出入国管理及び難民認定法の送致人員,人,安全,basic,NEW pref,1,0,0,0,0,0000010111,
K4803,外国人被疑事件受理人員,人,安全,basic,NEW pref,1,0,0,0,0,0000010111,
K480301,外国人被疑事件既済人員,人,安全,basic,NEW pref,1,0,0,0,0,0000010111,
K480302,外国人被疑事件未済人員,人,安全,basic,NEW pref,1,0,0,0,0,0000010111,
K5113,建物被害床上浸水,棟,安全,basic,NEW pref,1,0,0,0,0,0000010111,
K5114,建物被害床下浸水,棟,安全,basic,NEW pref,1,0,0,0,0,0000010111,
K5115,自然災害によるり災世帯数,世帯,安全,basic,NEW pref,1,0,0,0,0,0000010111,
K5116,自然災害によるり災者数,人,安全,basic,NEW pref,1,0,0,0,0,0000010111,
K5117,橋りょう流失箇所数,箇所,安全,basic,NEW pref,1,0,0,0,0,0000010111,
K6101,公害苦情取扱件数,件,安全,basic,NEW pref,1,0,0,0,0,0000010111,
K610101,公害苦情新規受付件数,件,安全,basic,NEW pref,1,0,0,0,0,0000010111,
K610102,公害苦情前年度繰越受付件数,件,安全,basic,NEW pref,1,0,0,0,0,0000010111,
K6102,公害苦情処理件数,件,安全,basic,NEW pref,1,0,0,0,0,0000010111,
K610201,公害苦情直接処理件数,件,安全,basic,NEW pref,1,0,0,0,0,0000010111,
K610202,公害苦情翌年度繰越処理件数,件,安全,basic,NEW pref,1,0,0,0,0,0000010111,
K6103,公害苦情受付件数（典型7公害）,件,安全,basic,NEW pref,1,0,0,0,0,0000010111,
K610301,公害苦情件数（大気汚染）,件,安全,basic,NEW pref,1,0,0,0,0,0000010111,
K610302,公害苦情件数（水質汚濁）,件,安全,basic,NEW pref,1,0,0,0,0,0000010111,
K610303,公害苦情件数（土壌汚染）,件,安全,basic,NEW pref,1,0,0,0,0,0000010111,
K610304,公害苦情件数（騒音）,件,安全,basic,NEW pref,1,0,0,0,0,0000010111,
K610305,公害苦情件数（振動）,件,安全,basic,NEW pref,1,0,0,0,0,0000010111,
K610306,公害苦情件数（地盤沈下）,件,安全,basic,NEW pref,1,0,0,0,0,0000010111,
K610307,公害苦情件数（悪臭）,件,安全,basic,NEW pref,1,0,0,0,0,0000010111,
K6104,公害苦情処理担当職員数,人,安全,basic,NEW pref,1,0,0,0,0,0000010111,
K610420,その他の公害苦情処理担当職員数,人,安全,basic,NEW pref,1,0,0,0,0,0000010111,
K610501,ばい煙発生施設数,施設,安全,basic,NEW pref,1,0,0,0,0,0000010111,
K610502,一般粉じん発生施設数,施設,安全,basic,NEW pref,1,0,0,0,0,0000010111,
K610503,特定粉じん発生施設数,施設,安全,basic,NEW pref,1,0,0,0,0,0000010111,
K6106,水質汚濁防止法上の特定事業場数,所,安全,basic,NEW pref,1,0,0,0,0,0000010111,
K6107,温室効果ガス算定排出量（実数）,tCO2,安全,basic,NEW pref,1,0,0,0,0,0000010111,
K6108,温室効果ガス算定排出量（率）,％,安全,basic,NEW pref,1,0,0,0,0,0000010111,
K7102,民間生命保険新契約件数（個人契約分）,件,安全,basic,NEW pref,1,0,0,0,0,0000010111,
K7104,民間生命保険新契約保険金額（個人契約分）,千円,安全,basic,NEW pref,1,0,0,0,0,0000010111,
K7106,民間生命保険保有契約件数（個人契約分）,件,安全,basic,NEW pref,1,0,0,0,0,0000010111,
K7107,民間生命保険保有契約保険金額,千円,安全,basic,NEW pref,1,0,0,0,0,0000010111,
K7108,民間生命保険保有契約保険金額（個人契約分）,千円,安全,basic,NEW pref,1,0,0,0,0,0000010111,
K7201,簡易生命保険新契約件数,件,安全,basic,NEW pref,1,0,0,0,0,0000010111,
K7204,簡易生命保険保有契約保険金額,千円,安全,basic,NEW pref,1,0,0,0,0,0000010111,
K8101,防犯ボランティア団体数,団体,安全,basic,NEW pref,1,0,0,0,0,0000010111,
K8102,防犯ボランティア構成員数,人,安全,basic,NEW pref,1,0,0,0,0,0000010111,
#L03212,#L03212_預貯金現在高割合（二人以上の世帯）,％,家計,indicator,NEW pref,1,0,0,0,0,0000010212,
#L03213,#L03213_生命保険現在高割合（二人以上の世帯）,％,家計,indicator,NEW pref,1,0,0,0,0,0000010212,
#L03214,#L03214_有価証券現在高割合（二人以上の世帯）,％,家計,indicator,NEW pref,1,0,0,0,0,0000010212,
#L03401,#L03401_負債現在高（二人以上の世帯）（1世帯当たり）,千円,家計,indicator,NEW pref,1,0,0,0,0,0000010212,
#L03412,#L03412_住宅・土地のための負債割合（二人以上の世帯）,％,家計,indicator,NEW pref,1,0,0,0,0,0000010212,
L2100,農家総所得,千円,家計,basic,NEW pref,1,0,0,0,0,0000010112,
L210101,農業所得,千円,家計,basic,NEW pref,1,0,0,0,0,0000010112,
L210102,農外所得,千円,家計,basic,NEW pref,1,0,0,0,0,0000010112,
L2103,農家収入（可処分所得）,千円,家計,basic,NEW pref,1,0,0,0,0,0000010112,
L2201,農家支出（家計費）,千円,家計,basic,NEW pref,1,0,0,0,0,0000010112,
L2203,農家支出（平均消費性向）,％,家計,basic,NEW pref,1,0,0,0,0,0000010112,
L3110,実収入（二人以上の世帯のうち勤労者世帯）（家計調査結果）,円,家計,basic,NEW pref,1,0,0,0,0,0000010112,
L3111,経常収入（二人以上の世帯のうち勤労者世帯）（家計調査結果）,円,家計,basic,NEW pref,1,0,0,0,0,0000010112,
L311101,勤め先収入（二人以上の世帯のうち勤労者世帯）（家計調査結果）,円,家計,basic,NEW pref,1,0,0,0,0,0000010112,
L3111011,世帯主収入（二人以上の世帯のうち勤労者世帯）,円,家計,basic,NEW pref,1,0,0,0,0,0000010112,
L3111013,他の世帯員収入（二人以上の世帯のうち勤労者世帯）,円,家計,basic,NEW pref,1,0,0,0,0,0000010112,
L311102,事業・内職収入（農林漁業収入を除く）（二人以上の世帯のうち勤労者世帯）,円,家計,basic,NEW pref,1,0,0,0,0,0000010112,
L311103,他の経常収入（二人以上の世帯のうち勤労者世帯）（家計調査結果）,円,家計,basic,NEW pref,1,0,0,0,0,0000010112,
L311104,事業・内職収入（農林漁業収入を含む）（二人以上の世帯のうち勤労者世帯）,円,家計,basic,NEW pref,1,0,0,0,0,0000010112,
L3112,特別収入（二人以上の世帯のうち勤労者世帯）,円,家計,basic,NEW pref,1,0,0,0,0,0000010112,
L3120,実収入以外の受取（二人以上の世帯のうち勤労者世帯）,円,家計,basic,NEW pref,1,0,0,0,0,0000010112,
L3121,預貯金引出（二人以上の世帯のうち勤労者世帯）,円,家計,basic,NEW pref,1,0,0,0,0,0000010112,
L3122,保険金（二人以上の世帯のうち勤労者世帯）,円,家計,basic,NEW pref,1,0,0,0,0,0000010112,
L3123,土地家屋借入金（二人以上の世帯のうち勤労者世帯）,円,家計,basic,NEW pref,1,0,0,0,0,0000010112,
L3124,クレジット購入借入金（二人以上の世帯のうち勤労者世帯）,円,家計,basic,NEW pref,1,0,0,0,0,0000010112,
L3201,消費支出（全世帯）,円,家計,basic,NEW pref,1,0,0,0,0,0000010112,
L320101,食料費（全世帯）,円,家計,basic,NEW pref,1,0,0,0,0,0000010112,
L320102,住居費（全世帯）,円,家計,basic,NEW pref,1,0,0,0,0,0000010112,
L320103,光熱・水道費（全世帯）,円,家計,basic,NEW pref,1,0,0,0,0,0000010112,
L320104,家具・家事用品費（全世帯）,円,家計,basic,NEW pref,1,0,0,0,0,0000010112,
L320105,被服及び履物費（全世帯）,円,家計,basic,NEW pref,1,0,0,0,0,0000010112,
L320106,保健医療費（全世帯）,円,家計,basic,NEW pref,1,0,0,0,0,0000010112,
L320107,交通・通信費（全世帯）,円,家計,basic,NEW pref,1,0,0,0,0,0000010112,
L320108,教育費（全世帯）,円,家計,basic,NEW pref,1,0,0,0,0,0000010112,
L320109,教養娯楽費（全世帯）,円,家計,basic,NEW pref,1,0,0,0,0,0000010112,
L3201091,教養娯楽用品費（全世帯）,円,家計,basic,NEW pref,1,0,0,0,0,0000010112,
L3201092,書籍・他の印刷物費（全世帯）,円,家計,basic,NEW pref,1,0,0,0,0,0000010112,
L3201093,教養娯楽サービス費（全世帯）,円,家計,basic,NEW pref,1,0,0,0,0,0000010112,
L320110,その他の消費支出（全世帯）,円,家計,basic,NEW pref,1,0,0,0,0,0000010112,
L3210,実支出（二人以上の世帯のうち勤労者世帯）（家計調査結果）,円,家計,basic,NEW pref,1,0,0,0,0,0000010112,
L3211,消費支出（二人以上の世帯のうち勤労者世帯）（家計調査結果）,円,家計,basic,NEW pref,1,0,0,0,0,0000010112,
L321101,食料費（二人以上の世帯のうち勤労者世帯）（家計調査結果）,円,家計,basic,NEW pref,1,0,0,0,0,0000010112,
L321102,住居費（二人以上の世帯のうち勤労者世帯）（家計調査結果）,円,家計,basic,NEW pref,1,0,0,0,0,0000010112,
L321103,光熱・水道費（二人以上の世帯のうち勤労者世帯）（家計調査結果）,円,家計,basic,NEW pref,1,0,0,0,0,0000010112,
L321104,家具・家事用品費（二人以上の世帯のうち勤労者世帯）（家計調査結果）,円,家計,basic,NEW pref,1,0,0,0,0,0000010112,
L321105,被服及び履物費（二人以上の世帯のうち勤労者世帯）（家計調査結果）,円,家計,basic,NEW pref,1,0,0,0,0,0000010112,
L321106,保健医療費（二人以上の世帯のうち勤労者世帯）（家計調査結果）,円,家計,basic,NEW pref,1,0,0,0,0,0000010112,
L321107,交通・通信費（二人以上の世帯のうち勤労者世帯）（家計調査結果）,円,家計,basic,NEW pref,1,0,0,0,0,0000010112,
L321108,教育費（二人以上の世帯のうち勤労者世帯）（家計調査結果）,円,家計,basic,NEW pref,1,0,0,0,0,0000010112,
L321109,教養娯楽費（二人以上の世帯のうち勤労者世帯）（家計調査結果）,円,家計,basic,NEW pref,1,0,0,0,0,0000010112,
L3211091,教養娯楽用品費（二人以上の世帯のうち勤労者世帯）（家計調査結果）,円,家計,basic,NEW pref,1,0,0,0,0,0000010112,
L3211092,書籍・他の印刷物費（二人以上の世帯のうち勤労者世帯）（家計調査結果）,円,家計,basic,NEW pref,1,0,0,0,0,0000010112,
L3211093,教養娯楽サービス費（二人以上の世帯のうち勤労者世帯）（家計調査結果）,円,家計,basic,NEW pref,1,0,0,0,0,0000010112,
L321110,その他の消費支出（二人以上の世帯のうち勤労者世帯）（家計調査結果）,円,家計,basic,NEW pref,1,0,0,0,0,0000010112,
L321121,教育関係費（二人以上の世帯のうち勤労者世帯）（家計調査結果）,円,家計,basic,NEW pref,1,0,0,0,0,0000010112,
L321122,教養娯楽関係費（二人以上の世帯のうち勤労者世帯）（家計調査結果）,円,家計,basic,NEW pref,1,0,0,0,0,0000010112,
L3212,非消費支出（二人以上の世帯のうち勤労者世帯）（家計調査結果）,円,家計,basic,NEW pref,1,0,0,0,0,0000010112,
L3213,実支出以外の支出（二人以上の世帯のうち勤労者世帯）,円,家計,basic,NEW pref,1,0,0,0,0,0000010112,
L321301,預貯金（二人以上の世帯のうち勤労者世帯）,円,家計,basic,NEW pref,1,0,0,0,0,0000010112,
L321302,保険料（二人以上の世帯のうち勤労者世帯）,円,家計,basic,NEW pref,1,0,0,0,0,0000010112,
L321303,土地家屋借金返済（二人以上の世帯のうち勤労者世帯）,円,家計,basic,NEW pref,1,0,0,0,0,0000010112,
L321304,クレジット購入借入金返済（二人以上の世帯のうち勤労者世帯）,円,家計,basic,NEW pref,1,0,0,0,0,0000010112,
L3221,消費支出（二人以上の世帯）（家計調査結果）,円,家計,basic,NEW pref,1,0,0,0,0,0000010112,
L322101,食料費（二人以上の世帯）（家計調査結果）,円,家計,basic,NEW pref,1,0,0,0,0,0000010112,
L322102,住居費（二人以上の世帯）（家計調査結果）,円,家計,basic,NEW pref,1,0,0,0,0,0000010112,
L322103,光熱・水道費（二人以上の世帯）（家計調査結果）,円,家計,basic,NEW pref,1,0,0,0,0,0000010112,
L322104,家具・家事用品費（二人以上の世帯）（家計調査結果）,円,家計,basic,NEW pref,1,0,0,0,0,0000010112,
L322105,被服及び履物費（二人以上の世帯）（家計調査結果）,円,家計,basic,NEW pref,1,0,0,0,0,0000010112,
L322106,保健医療費（二人以上の世帯）（家計調査結果）,円,家計,basic,NEW pref,1,0,0,0,0,0000010112,
L322107,交通・通信費（二人以上の世帯）（家計調査結果）,円,家計,basic,NEW pref,1,0,0,0,0,0000010112,
L322108,教育費（二人以上の世帯）（家計調査結果）,円,家計,basic,NEW pref,1,0,0,0,0,0000010112,
L322109,教養娯楽費（二人以上の世帯）（家計調査結果）,円,家計,basic,NEW pref,1,0,0,0,0,0000010112,
L3221091,教養娯楽用品（二人以上の世帯）（家計調査結果）,円,家計,basic,NEW pref,1,0,0,0,0,0000010112,
L3221092,書籍・他の印刷物（二人以上の世帯）（家計調査結果）,円,家計,basic,NEW pref,1,0,0,0,0,0000010112,
L3221093,教養娯楽サービス費（二人以上の世帯）（家計調査結果）,円,家計,basic,NEW pref,1,0,0,0,0,0000010112,
L322110,その他の消費支出（二人以上の世帯）（家計調査結果）,円,家計,basic,NEW pref,1,0,0,0,0,0000010112,
L4110,実収入（二人以上の世帯のうち勤労者世帯）（全国消費実態調査結果）,円,家計,basic,NEW pref,1,0,0,0,0,0000010112,
L4111,経常収入（二人以上の世帯のうち勤労者世帯）（全国消費実態調査結果）,円,家計,basic,NEW pref,1,0,0,0,0,0000010112,
L411101,勤め先収入（二人以上の世帯のうち勤労者世帯）（全国消費実態調査結果）,円,家計,basic,NEW pref,1,0,0,0,0,0000010112,
L4111011,世帯主の勤め先収入（二人以上の世帯のうち勤労者世帯）,円,家計,basic,NEW pref,1,0,0,0,0,0000010112,
L4111012,世帯主の配偶者の勤め先収入（二人以上の世帯のうち勤労者世帯）,円,家計,basic,NEW pref,1,0,0,0,0,0000010112,
L4111013,他の世帯員の勤め先収入（二人以上の世帯のうち勤労者世帯）,円,家計,basic,NEW pref,1,0,0,0,0,0000010112,
L411102,本業以外の勤め先・事業・内職収入（二人以上の世帯のうち勤労者世帯）,円,家計,basic,NEW pref,1,0,0,0,0,0000010112,
L411103,他の経常収入（二人以上の世帯のうち勤労者世帯）（全国消費実態調査結果）,円,家計,basic,NEW pref,1,0,0,0,0,0000010112,
L4130,可処分所得（二人以上の世帯のうち勤労者世帯）（全国消費実態調査結果）,円,家計,basic,NEW pref,1,0,0,0,0,0000010112,
L4201,消費支出（二人以上の世帯）（全国消費実態調査結果）,円,家計,basic,NEW pref,1,0,0,0,0,0000010112,
L420101,食料費（二人以上の世帯）（全国消費実態調査結果）,円,家計,basic,NEW pref,1,0,0,0,0,0000010112,
L420102,住居費（二人以上の世帯）（全国消費実態調査結果）,円,家計,basic,NEW pref,1,0,0,0,0,0000010112,
L420103,光熱・水道費（二人以上の世帯）（全国消費実態調査結果）,円,家計,basic,NEW pref,1,0,0,0,0,0000010112,
L420104,家具・家事用品費（二人以上の世帯）（全国消費実態調査結果）,円,家計,basic,NEW pref,1,0,0,0,0,0000010112,
L420105,被服及び履物費（二人以上の世帯）（全国消費実態調査結果）,円,家計,basic,NEW pref,1,0,0,0,0,0000010112,
L420106,保健医療費（二人以上の世帯）（全国消費実態調査結果）,円,家計,basic,NEW pref,1,0,0,0,0,0000010112,
L420107,交通・通信費（二人以上の世帯）（全国消費実態調査結果）,円,家計,basic,NEW pref,1,0,0,0,0,0000010112,
L420108,教育費（二人以上の世帯）（全国消費実態調査結果）,円,家計,basic,NEW pref,1,0,0,0,0,0000010112,
L420109,教養娯楽費（二人以上の世帯）（全国消費実態調査結果）,円,家計,basic,NEW pref,1,0,0,0,0,0000010112,
L4201091,教養娯楽サービス費（二人以上の世帯）（全国消費実態調査結果）,円,家計,basic,NEW pref,1,0,0,0,0,0000010112,
L420110,その他の消費支出（二人以上の世帯）（全国消費実態調査結果）,円,家計,basic,NEW pref,1,0,0,0,0,0000010112,
L420121,教育関係費（二人以上の世帯）（全国消費実態調査結果）,円,家計,basic,NEW pref,1,0,0,0,0,0000010112,
L420122,教養娯楽関係費（二人以上の世帯）（全国消費実態調査結果）,円,家計,basic,NEW pref,1,0,0,0,0,0000010112,
L4210,実支出（二人以上の世帯のうち勤労者世帯）（全国消費実態調査結果）,円,家計,basic,NEW pref,1,0,0,0,0,0000010112,
L4211,消費支出（二人以上の世帯のうち勤労者世帯）（全国消費実態調査結果）,円,家計,basic,NEW pref,1,0,0,0,0,0000010112,
L421101,食料費（二人以上の世帯のうち勤労者世帯）（全国消費実態調査結果）,円,家計,basic,NEW pref,1,0,0,0,0,0000010112,
L421102,住居費（二人以上の世帯のうち勤労者世帯）（全国消費実態調査結果）,円,家計,basic,NEW pref,1,0,0,0,0,0000010112,
L421103,光熱・水道費（二人以上の世帯のうち勤労者世帯）（全国消費実態調査結果）,円,家計,basic,NEW pref,1,0,0,0,0,0000010112,
L421104,家具・家事用品費（二人以上の世帯のうち勤労者世帯）（全国消費実態調査結果）,円,家計,basic,NEW pref,1,0,0,0,0,0000010112,
L421105,被服及び履物費（二人以上の世帯のうち勤労者世帯）（全国消費実態調査結果）,円,家計,basic,NEW pref,1,0,0,0,0,0000010112,
L421106,保健医療費（二人以上の世帯のうち勤労者世帯）（全国消費実態調査結果）,円,家計,basic,NEW pref,1,0,0,0,0,0000010112,
L421107,交通・通信費（二人以上の世帯のうち勤労者世帯）（全国消費実態調査結果）,円,家計,basic,NEW pref,1,0,0,0,0,0000010112,
L421108,教育費（二人以上の世帯のうち勤労者世帯）（全国消費実態調査結果）,円,家計,basic,NEW pref,1,0,0,0,0,0000010112,
L421109,教養娯楽費（二人以上の世帯のうち勤労者世帯）（全国消費実態調査結果）,円,家計,basic,NEW pref,1,0,0,0,0,0000010112,
L4211091,教養娯楽サービス費（二人以上の世帯のうち勤労者世帯）（全国消費実態調査結果）,円,家計,basic,NEW pref,1,0,0,0,0,0000010112,
L421110,その他の消費支出（二人以上の世帯のうち勤労者世帯）（全国消費実態調査結果）,円,家計,basic,NEW pref,1,0,0,0,0,0000010112,
L421121,教育関係費（二人以上の世帯のうち勤労者世帯）（全国消費実態調査結果）,円,家計,basic,NEW pref,1,0,0,0,0,0000010112,
L421122,教養娯楽関係費（二人以上の世帯のうち勤労者世帯）（全国消費実態調査結果）,円,家計,basic,NEW pref,1,0,0,0,0,0000010112,
L4212,非消費支出（二人以上の世帯のうち勤労者世帯）（全国消費実態調査結果）,円,家計,basic,NEW pref,1,0,0,0,0,0000010112,
L430101,貯蓄現在高（二人以上の世帯）,千円,家計,basic,NEW pref,1,0,0,0,0,0000010112,
L430103,生命保険など（二人以上の世帯）,千円,家計,basic,NEW pref,1,0,0,0,0,0000010112,
L430201,貯蓄現在高（二人以上の世帯のうち勤労者世帯）,千円,家計,basic,NEW pref,1,0,0,0,0,0000010112,
L430202,預貯金（通貨性＋定期性）（二人以上の世帯のうち勤労者世帯）,千円,家計,basic,NEW pref,1,0,0,0,0,0000010112,
L430203,生命保険など（二人以上の世帯のうち勤労者世帯）,千円,家計,basic,NEW pref,1,0,0,0,0,0000010112,
L430204,有価証券（二人以上の世帯のうち勤労者世帯）,千円,家計,basic,NEW pref,1,0,0,0,0,0000010112,
L440101,負債現在高（二人以上の世帯）,千円,家計,basic,NEW pref,1,0,0,0,0,0000010112,
L440102,住宅・土地のための負債（二人以上の世帯）,千円,家計,basic,NEW pref,1,0,0,0,0,0000010112,
L440201,負債現在高（二人以上の世帯のうち勤労者世帯）,千円,家計,basic,NEW pref,1,0,0,0,0,0000010112,
L440202,住宅・土地のための負債（二人以上の世帯のうち勤労者世帯）,千円,家計,basic,NEW pref,1,0,0,0,0,0000010112,
L450101,年間収入平均（全世帯）,万円,家計,basic,NEW pref,1,0,0,0,0,0000010112,
L450102,Ｉ・II十分位階級（全世帯）,万円,家計,basic,NEW pref,1,0,0,0,0,0000010112,
L450103,II・III十分位階級（全世帯）,万円,家計,basic,NEW pref,1,0,0,0,0,0000010112,
L450104,III・IV十分位階級（全世帯）,万円,家計,basic,NEW pref,1,0,0,0,0,0000010112,
L450105,IV・Ｖ十分位階級（全世帯）,万円,家計,basic,NEW pref,1,0,0,0,0,0000010112,
L450106,Ｖ・VI十分位階級（全世帯）,万円,家計,basic,NEW pref,1,0,0,0,0,0000010112,
L450107,VI・VII十分位階級（全世帯）,万円,家計,basic,NEW pref,1,0,0,0,0,0000010112,
L450108,VII・VIII十分位階級（全世帯）,万円,家計,basic,NEW pref,1,0,0,0,0,0000010112,
L450109,VIII・IX十分位階級（全世帯）,万円,家計,basic,NEW pref,1,0,0,0,0,0000010112,
L450110,IX・Ｘ十分位階級（全世帯）,万円,家計,basic,NEW pref,1,0,0,0,0,0000010112,
L450201,年間収入平均（勤労者世帯）,万円,家計,basic,NEW pref,1,0,0,0,0,0000010112,
L450202,Ｉ・II十分位階級（勤労者世帯）,万円,家計,basic,NEW pref,1,0,0,0,0,0000010112,
L450203,II・III十分位階級（勤労者世帯）,万円,家計,basic,NEW pref,1,0,0,0,0,0000010112,
L450204,III・IV十分位階級（勤労者世帯）,万円,家計,basic,NEW pref,1,0,0,0,0,0000010112,
L450205,IV・Ｖ十分位階級（勤労者世帯）,万円,家計,basic,NEW pref,1,0,0,0,0,0000010112,
L450206,Ｖ・VI十分位階級（勤労者世帯）,万円,家計,basic,NEW pref,1,0,0,0,0,0000010112,
L450207,VI・VII十分位階級（勤労者世帯）,万円,家計,basic,NEW pref,1,0,0,0,0,0000010112,
L450208,VII・VIII十分位階級（勤労者世帯）,万円,家計,basic,NEW pref,1,0,0,0,0,0000010112,
L450209,VIII・IX十分位階級（勤労者世帯）,万円,家計,basic,NEW pref,1,0,0,0,0,0000010112,
L450210,IX・Ｘ十分位階級（勤労者世帯）,万円,家計,basic,NEW pref,1,0,0,0,0,0000010112,
L4601,年間収入のジニ係数（二人以上の世帯）,‐,家計,basic,NEW pref,1,0,0,0,0,0000010112,
L4602,年間収入のジニ係数（二人以上の世帯のうち勤労者世帯）,‐,家計,basic,NEW pref,1,0,0,0,0,0000010112,
L4603,貯蓄現在高のジニ係数（二人以上の世帯）,‐,家計,basic,NEW pref,1,0,0,0,0,0000010112,
L4604,貯蓄現在高のジニ係数（二人以上の世帯のうち勤労者世帯）,‐,家計,basic,NEW pref,1,0,0,0,0,0000010112,
L5101,耐久消費財所有数量（応接セット）,セット,家計,basic,NEW pref,1,0,0,0,0,0000010112,
L5103,耐久消費財所有数量（二人以上の世帯）（電子レンジ（電子オーブンレンジを含む））,台,家計,basic,NEW pref,1,0,0,0,0,0000010112,
L5104,耐久消費財所有数量（二人以上の世帯）（ルームエアコン）,台,家計,basic,NEW pref,1,0,0,0,0,0000010112,
L5105,耐久消費財所有数量（ステレオ）（全世帯）,台,家計,basic,NEW pref,1,0,0,0,0,0000010112,
L5106,耐久消費財所有数量（ビデオテープレコーダ）（全世帯）,台,家計,basic,NEW pref,1,0,0,0,0,0000010112,
L5107,耐久消費財所有数量（二人以上の世帯）（ピアノ・電子ピアノ）,台,家計,basic,NEW pref,1,0,0,0,0,0000010112,
L5108,耐久消費財所有数量（二人以上の世帯）（自動車）,台,家計,basic,NEW pref,1,0,0,0,0,0000010112,
L5109,耐久消費財所有数量（二人以上の世帯）（オートバイ・スクーター）,台,家計,basic,NEW pref,1,0,0,0,0,0000010112,
L5110,耐久消費財所有数量（給湯器（ガス瞬間湯沸器を除く））（全世帯）,台,家計,basic,NEW pref,1,0,0,0,0,0000010112,
L5111,耐久消費財所有数量（二人以上の世帯）（温水洗浄便座）,台,家計,basic,NEW pref,1,0,0,0,0,0000010112,
L5112,耐久消費財所有数量（二人以上の世帯）（携帯電話（PHSを含み，スマートフォンを除く））,台,家計,basic,NEW pref,1,0,0,0,0,0000010112,
L5113,耐久消費財所有数量（ファクシミリ（コピー付を含む））,台,家計,basic,NEW pref,1,0,0,0,0,0000010112,
L5114,耐久消費財所有数量（二人以上の世帯）（パソコン）,台,家計,basic,NEW pref,1,0,0,0,0,0000010112,
L5115,耐久消費財所有数量（二人以上の世帯）（ビデオカメラ）,台,家計,basic,NEW pref,1,0,0,0,0,0000010112,
L5116,耐久消費財所有数量（ステレオセット又はCD・MDラジオカセット）,台,家計,basic,NEW pref,1,0,0,0,0,0000010112,
L5117,耐久消費財所有数量（二人以上の世帯）（ビデオレコーダ（DVD ブルーレイを含む））,台,家計,basic,NEW pref,1,0,0,0,0,0000010112,
L5118,耐久消費財所有数量（二人以上の世帯）（ハイブリッド・電気自動車（国産））,台,家計,basic,NEW pref,1,0,0,0,0,0000010112,
L5119,耐久消費財所有数量（二人以上の世帯）（床暖房）,畳,家計,basic,NEW pref,1,0,0,0,0,0000010112,
L5120,耐久消費財所有数量（二人以上の世帯）（太陽光発電システム）,台,家計,basic,NEW pref,1,0,0,0,0,0000010112,
L5121,耐久消費財所有数量（二人以上の世帯）（タブレット端末）,台,家計,basic,NEW pref,1,0,0,0,0,0000010112,
L5122,耐久消費財所有数量（二人以上の世帯）（スマートフォン）,台,家計,basic,NEW pref,1,0,0,0,0,0000010112,
L5123,耐久消費財所有数量（二人以上の世帯）（パソコン（ノート型（モバイル・ネットブックを含む）））,台,家計,basic,NEW pref,1,0,0,0,0,0000010112,
L5124,耐久消費財所有数量（二人以上の世帯）（パソコン（デスクトップ型））,台,家計,basic,NEW pref,1,0,0,0,0,0000010112,
L6101,農林漁業就業者世帯数（農林漁業・業主世帯）,世帯,家計,basic,NEW pref,1,0,0,0,0,0000010112,
L6102,農林漁業就業者世帯数（農林漁業・雇用者世帯）,世帯,家計,basic,NEW pref,1,0,0,0,0,0000010112,
L6103,農林漁業就業者世帯数（農林漁業・業主混合世帯）,世帯,家計,basic,NEW pref,1,0,0,0,0,0000010112,
L6104,農林漁業就業者世帯数（農林漁業・雇用者混合世帯）,世帯,家計,basic,NEW pref,1,0,0,0,0,0000010112,
L6105,農林漁業就業者世帯数（非農林漁業・業主混合世帯）,世帯,家計,basic,NEW pref,1,0,0,0,0,0000010112,
L6106,農林漁業就業者世帯数（非農林漁業・雇用者混合世帯）,世帯,家計,basic,NEW pref,1,0,0,0,0,0000010112,
L6107,非農林漁業就業者世帯数（非農林漁業・業主世帯）,世帯,家計,basic,NEW pref,1,0,0,0,0,0000010112,
L6108,非農林漁業就業者世帯数（非農林漁業・雇用者世帯）,世帯,家計,basic,NEW pref,1,0,0,0,0,0000010112,
L6109,非農林漁業就業者世帯数（非農林漁業・業主・雇用者世帯）,世帯,家計,basic,NEW pref,1,0,0,0,0,0000010112,
L6110,非農林漁業就業者世帯数（世帯主の主な就業者が雇用者）,世帯,家計,basic,NEW pref,1,0,0,0,0,0000010112,
L6111,非就業者世帯数,世帯,家計,basic,NEW pref,1,0,0,0,0,0000010112,
L6201,賃金・給料が主な世帯数,世帯,家計,basic,NEW pref,1,0,0,0,0,0000010112,
L6202,農業収入が主な世帯数,世帯,家計,basic,NEW pref,1,0,0,0,0,0000010112,
L6203,農業収入以外の事業収入が主な世帯数,世帯,家計,basic,NEW pref,1,0,0,0,0,0000010112,
L6204,内職収入が主な世帯数,世帯,家計,basic,NEW pref,1,0,0,0,0,0000010112,
L6205,恩給・年金が主な世帯数,世帯,家計,basic,NEW pref,1,0,0,0,0,0000010112,
L6206,仕送りが主な世帯数,世帯,家計,basic,NEW pref,1,0,0,0,0,0000010112,
L6207,その他の収入が主な世帯数,世帯,家計,basic,NEW pref,1,0,0,0,0,0000010112,
L6301,60歳以上高齢単身世帯数（賃金・給料が主な世帯）,世帯,家計,basic,NEW pref,1,0,0,0,0,0000010112,
L6302,60歳以上高齢単身世帯数（農業収入が主な世帯）,世帯,家計,basic,NEW pref,1,0,0,0,0,0000010112,
L6303,60歳以上高齢単身世帯数（農業収入以外の事業収入が主な世帯）,世帯,家計,basic,NEW pref,1,0,0,0,0,0000010112,
L6304,60歳以上高齢単身世帯数（内職収入が主な世帯）,世帯,家計,basic,NEW pref,1,0,0,0,0,0000010112,
L6305,60歳以上高齢単身世帯数（恩給・年金が主な世帯）,世帯,家計,basic,NEW pref,1,0,0,0,0,0000010112,
L6306,60歳以上高齢単身世帯数（仕送りが主な世帯）,世帯,家計,basic,NEW pref,1,0,0,0,0,0000010112,
L6307,60歳以上高齢単身世帯数（その他の収入が主な世帯）,世帯,家計,basic,NEW pref,1,0,0,0,0,0000010112,
L6401,65歳以上高齢単身世帯数（賃金・給料が主な世帯）,世帯,家計,basic,NEW pref,1,0,0,0,0,0000010112,
L6402,65歳以上高齢単身世帯数（農業収入が主な世帯）,世帯,家計,basic,NEW pref,1,0,0,0,0,0000010112,
L6403,65歳以上高齢単身世帯数（農業収入以外の事業収入が主な世帯）,世帯,家計,basic,NEW pref,1,0,0,0,0,0000010112,
L6404,65歳以上高齢単身世帯数（内職収入が主な世帯）,世帯,家計,basic,NEW pref,1,0,0,0,0,0000010112,
L6405,65歳以上高齢単身世帯数（恩給・年金が主な世帯）,世帯,家計,basic,NEW pref,1,0,0,0,0,0000010112,
L6406,65歳以上高齢単身世帯数（仕送りが主な世帯）,世帯,家計,basic,NEW pref,1,0,0,0,0,0000010112,
L6407,65歳以上高齢単身世帯数（その他の収入が主な世帯）,世帯,家計,basic,NEW pref,1,0,0,0,0,0000010112,
L6501,いずれも65歳以上高齢夫婦世帯数（賃金・給料が主な世帯）,世帯,家計,basic,NEW pref,1,0,0,0,0,0000010112,
L6502,いずれも65歳以上高齢夫婦世帯数（農業収入が主な世帯）,世帯,家計,basic,NEW pref,1,0,0,0,0,0000010112,
L6503,いずれも65歳以上高齢夫婦世帯数（農業収入以外の事業収入が主な世帯）,世帯,家計,basic,NEW pref,1,0,0,0,0,0000010112,
L6504,いずれも65歳以上高齢夫婦世帯数（内職収入が主な世帯）,世帯,家計,basic,NEW pref,1,0,0,0,0,0000010112,
L6505,いずれも65歳以上高齢夫婦世帯数（恩給・年金が主な世帯）,世帯,家計,basic,NEW pref,1,0,0,0,0,0000010112,
L6506,いずれも65歳以上高齢夫婦世帯数（仕送りが主な世帯）,世帯,家計,basic,NEW pref,1,0,0,0,0,0000010112,
L6507,いずれも65歳以上高齢夫婦世帯数（その他の収入が主な世帯）,世帯,家計,basic,NEW pref,1,0,0,0,0,0000010112,
L7110,実収入（二人以上の世帯のうち勤労者世帯）,円,家計,basic,NEW pref,1,0,0,0,0,0000010112,
L7111,経常収入（二人以上の世帯のうち勤労者世帯）,円,家計,basic,NEW pref,1,0,0,0,0,0000010112,
L711101,勤め先収入（二人以上の世帯のうち勤労者世帯）,円,家計,basic,NEW pref,1,0,0,0,0,0000010112,
L7111011,世帯主収入（二人以上の世帯のうち勤労者世帯）,円,家計,basic,NEW pref,1,0,0,0,0,0000010112,
L7111012,世帯主の配偶者の収入（二人以上の世帯のうち勤労者世帯）,円,家計,basic,NEW pref,1,0,0,0,0,0000010112,
L7111013,他の世帯員収入（二人以上の世帯のうち勤労者世帯）,円,家計,basic,NEW pref,1,0,0,0,0,0000010112,
L711102,事業・内職収入（二人以上の世帯のうち勤労者世帯）,円,家計,basic,NEW pref,1,0,0,0,0,0000010112,
L711103,他の経常収入（二人以上の世帯のうち勤労者世帯）,円,家計,basic,NEW pref,1,0,0,0,0,0000010112,
L7130,可処分所得（二人以上の世帯のうち勤労者世帯）,円,家計,basic,NEW pref,1,0,0,0,0,0000010112,
L7201,消費支出（二人以上の世帯）,円,家計,basic,NEW pref,1,0,0,0,0,0000010112,
L720101,食料（二人以上の世帯）,円,家計,basic,NEW pref,1,0,0,0,0,0000010112,
L720102,住居（二人以上の世帯）,円,家計,basic,NEW pref,1,0,0,0,0,0000010112,
L720103,光熱・水道（二人以上の世帯）,円,家計,basic,NEW pref,1,0,0,0,0,0000010112,
L720104,家具・家事用品（二人以上の世帯）,円,家計,basic,NEW pref,1,0,0,0,0,0000010112,
L720105,被服及び履物（二人以上の世帯）,円,家計,basic,NEW pref,1,0,0,0,0,0000010112,
L720106,保健医療（二人以上の世帯）,円,家計,basic,NEW pref,1,0,0,0,0,0000010112,
L720107,交通・通信（二人以上の世帯）,円,家計,basic,NEW pref,1,0,0,0,0,0000010112,
L720108,教育（二人以上の世帯）,円,家計,basic,NEW pref,1,0,0,0,0,0000010112,
L720109,教養娯楽（二人以上の世帯）,円,家計,basic,NEW pref,1,0,0,0,0,0000010112,
L7201091,教養娯楽サービス（二人以上の世帯）,円,家計,basic,NEW pref,1,0,0,0,0,0000010112,
L720110,その他の消費支出（二人以上の世帯）,円,家計,basic,NEW pref,1,0,0,0,0,0000010112,
L7210,実支出（二人以上の世帯のうち勤労者世帯）,円,家計,basic,NEW pref,1,0,0,0,0,0000010112,
L7211,消費支出（二人以上の世帯のうち勤労者世帯）,円,家計,basic,NEW pref,1,0,0,0,0,0000010112,
L721101,食料（二人以上の世帯のうち勤労者世帯）,円,家計,basic,NEW pref,1,0,0,0,0,0000010112,
L721102,住居（二人以上の世帯のうち勤労者世帯）,円,家計,basic,NEW pref,1,0,0,0,0,0000010112,
L721103,光熱・水道（二人以上の世帯のうち勤労者世帯）,円,家計,basic,NEW pref,1,0,0,0,0,0000010112,
L721104,家具・家事用品（二人以上の世帯のうち勤労者世帯）,円,家計,basic,NEW pref,1,0,0,0,0,0000010112,
L721105,被服及び履物（二人以上の世帯のうち勤労者世帯）,円,家計,basic,NEW pref,1,0,0,0,0,0000010112,
L721106,保健医療（二人以上の世帯のうち勤労者世帯）,円,家計,basic,NEW pref,1,0,0,0,0,0000010112,
L721107,交通・通信（二人以上の世帯のうち勤労者世帯）,円,家計,basic,NEW pref,1,0,0,0,0,0000010112,
L721108,教育（二人以上の世帯のうち勤労者世帯）,円,家計,basic,NEW pref,1,0,0,0,0,0000010112,
L721109,教養娯楽（二人以上の世帯のうち勤労者世帯）,円,家計,basic,NEW pref,1,0,0,0,0,0000010112,
L7211091,教養娯楽サービス（二人以上の世帯のうち勤労者世帯）,円,家計,basic,NEW pref,1,0,0,0,0,0000010112,
L721110,その他の消費支出（二人以上の世帯のうち勤労者世帯）,円,家計,basic,NEW pref,1,0,0,0,0,0000010112,
L7212,非消費支出（二人以上の世帯のうち勤労者世帯）,円,家計,basic,NEW pref,1,0,0,0,0,0000010112,
L730101,金融資産残高（貯蓄現在高）（二人以上の世帯）,千円,家計,basic,NEW pref,1,0,0,0,0,0000010112,
L730102,預貯金（二人以上の世帯）,千円,家計,basic,NEW pref,1,0,0,0,0,0000010112,
L730103,生命保険など（二人以上の世帯）,千円,家計,basic,NEW pref,1,0,0,0,0,0000010112,
L730104,有価証券（二人以上の世帯）,千円,家計,basic,NEW pref,1,0,0,0,0,0000010112,
L730201,金融資産残高（貯蓄現在高）（二人以上の世帯のうち勤労者世帯）,千円,家計,basic,NEW pref,1,0,0,0,0,0000010112,
L730202,預貯金（二人以上の世帯のうち勤労者世帯）,千円,家計,basic,NEW pref,1,0,0,0,0,0000010112,
L730203,生命保険など（二人以上の世帯のうち勤労者世帯）,千円,家計,basic,NEW pref,1,0,0,0,0,0000010112,
L730204,有価証券（二人以上の世帯のうち勤労者世帯）,千円,家計,basic,NEW pref,1,0,0,0,0,0000010112,
L740102,住宅・土地のための負債（二人以上の世帯）,千円,家計,basic,NEW pref,1,0,0,0,0,0000010112,
L740201,金融負債残高（二人以上の世帯のうち勤労者世帯）,千円,家計,basic,NEW pref,1,0,0,0,0,0000010112,
L740202,住宅・土地のための負債（二人以上の世帯のうち勤労者世帯）,千円,家計,basic,NEW pref,1,0,0,0,0,0000010112,
L7502,等価金融資産残高（貯蓄現在高）のジニ係数,‐,家計,basic,NEW pref,1,0,0,0,0,0000010112,
L7610,年間収入,千円,家計,basic,NEW pref,1,0,0,0,0,0000010112,
L7611,勤め先収入（年間収入）,千円,家計,basic,NEW pref,1,0,0,0,0,0000010112,
L761101,世帯主収入（年間収入）,千円,家計,basic,NEW pref,1,0,0,0,0,0000010112,
L761102,世帯主の配偶者の収入（年間収入）,千円,家計,basic,NEW pref,1,0,0,0,0,0000010112,
L761103,他の世帯員収入（年間収入）,千円,家計,basic,NEW pref,1,0,0,0,0,0000010112,
L7612,事業・内職収入（年間収入）,千円,家計,basic,NEW pref,1,0,0,0,0,0000010112,
M1001,1次活動の平均時間（10歳以上）（男）,分,生活時間,basic,NEW pref,1,0,0,0,0,0000010113,
M100100,1次活動の平均時間（15歳以上）（男）,分,生活時間,basic,NEW pref,1,0,0,0,0,0000010113,
M100101,1次活動の平均時間（有業者）（男）,分,生活時間,basic,NEW pref,1,0,0,0,0,0000010113,
M100102,1次活動の平均時間（無業者）（男）,分,生活時間,basic,NEW pref,1,0,0,0,0,0000010113,
M100110,1次活動の平均時間（15～24歳）（男）,分,生活時間,basic,NEW pref,1,0,0,0,0,0000010113,
M100120,1次活動の平均時間（25～34歳）（男）,分,生活時間,basic,NEW pref,1,0,0,0,0,0000010113,
M100130,1次活動の平均時間（35～44歳）（男）,分,生活時間,basic,NEW pref,1,0,0,0,0,0000010113,
M100140,1次活動の平均時間（45～54歳）（男）,分,生活時間,basic,NEW pref,1,0,0,0,0,0000010113,
M100150,1次活動の平均時間（55～64歳）（男）,分,生活時間,basic,NEW pref,1,0,0,0,0,0000010113,
M100160,1次活動の平均時間（65～74歳）（男）,分,生活時間,basic,NEW pref,1,0,0,0,0,0000010113,
M100170,1次活動の平均時間（75歳以上）（男）,分,生活時間,basic,NEW pref,1,0,0,0,0,0000010113,
M1002,1次活動の平均時間（10歳以上）（女）,分,生活時間,basic,NEW pref,1,0,0,0,0,0000010113,
M100200,1次活動の平均時間（15歳以上）（女）,分,生活時間,basic,NEW pref,1,0,0,0,0,0000010113,
M100201,1次活動の平均時間（有業者）（女）,分,生活時間,basic,NEW pref,1,0,0,0,0,0000010113,
M100202,1次活動の平均時間（無業者）（女）,分,生活時間,basic,NEW pref,1,0,0,0,0,0000010113,
M100210,1次活動の平均時間（15～24歳）（女）,分,生活時間,basic,NEW pref,1,0,0,0,0,0000010113,
M100220,1次活動の平均時間（25～34歳）（女）,分,生活時間,basic,NEW pref,1,0,0,0,0,0000010113,
M100230,1次活動の平均時間（35～44歳）（女）,分,生活時間,basic,NEW pref,1,0,0,0,0,0000010113,
M100240,1次活動の平均時間（45～54歳）（女）,分,生活時間,basic,NEW pref,1,0,0,0,0,0000010113,
M100250,1次活動の平均時間（55～64歳）（女）,分,生活時間,basic,NEW pref,1,0,0,0,0,0000010113,
M100260,1次活動の平均時間（65～74歳）（女）,分,生活時間,basic,NEW pref,1,0,0,0,0,0000010113,
M100270,1次活動の平均時間（75歳以上）（女）,分,生活時間,basic,NEW pref,1,0,0,0,0,0000010113,
M1101,睡眠の平均時間（10歳以上）（男）,分,生活時間,basic,NEW pref,1,0,0,0,0,0000010113,
M110100,睡眠の平均時間（15歳以上）（男）,分,生活時間,basic,NEW pref,1,0,0,0,0,0000010113,
M110101,睡眠の平均時間（有業者）（男）,分,生活時間,basic,NEW pref,1,0,0,0,0,0000010113,
M110102,睡眠の平均時間（無業者）（男）,分,生活時間,basic,NEW pref,1,0,0,0,0,0000010113,
M1102,睡眠の平均時間（10歳以上）（女）,分,生活時間,basic,NEW pref,1,0,0,0,0,0000010113,
M110200,睡眠の平均時間（15歳以上）（女）,分,生活時間,basic,NEW pref,1,0,0,0,0,0000010113,
M110201,睡眠の平均時間（有業者）（女）,分,生活時間,basic,NEW pref,1,0,0,0,0,0000010113,
M110202,睡眠の平均時間（無業者）（女）,分,生活時間,basic,NEW pref,1,0,0,0,0,0000010113,
M1201,身の回りの用事の平均時間（10歳以上）（男）,分,生活時間,basic,NEW pref,1,0,0,0,0,0000010113,
M120100,身の回りの用事の平均時間（15歳以上）（男）,分,生活時間,basic,NEW pref,1,0,0,0,0,0000010113,
M120101,身の回りの用事の平均時間（有業者）（男）,分,生活時間,basic,NEW pref,1,0,0,0,0,0000010113,
M120102,身の回りの用事の平均時間（無業者）（男）,分,生活時間,basic,NEW pref,1,0,0,0,0,0000010113,
M1202,身の回りの用事の平均時間（10歳以上）（女）,分,生活時間,basic,NEW pref,1,0,0,0,0,0000010113,
M120200,身の回りの用事の平均時間（15歳以上）（女）,分,生活時間,basic,NEW pref,1,0,0,0,0,0000010113,
M120201,身の回りの用事の平均時間（有業者）（女）,分,生活時間,basic,NEW pref,1,0,0,0,0,0000010113,
M120202,身の回りの用事の平均時間（無業者）（女）,分,生活時間,basic,NEW pref,1,0,0,0,0,0000010113,
M1301,食事の平均時間（10歳以上）（男）,分,生活時間,basic,NEW pref,1,0,0,0,0,0000010113,
M130100,食事の平均時間（15歳以上）（男）,分,生活時間,basic,NEW pref,1,0,0,0,0,0000010113,
M130101,食事の平均時間（有業者）（男）,分,生活時間,basic,NEW pref,1,0,0,0,0,0000010113,
M130102,食事の平均時間（無業者）（男）,分,生活時間,basic,NEW pref,1,0,0,0,0,0000010113,
M1302,食事の平均時間（10歳以上）（女）,分,生活時間,basic,NEW pref,1,0,0,0,0,0000010113,
M130200,食事の平均時間（15歳以上）（女）,分,生活時間,basic,NEW pref,1,0,0,0,0,0000010113,
M130201,食事の平均時間（有業者）（女）,分,生活時間,basic,NEW pref,1,0,0,0,0,0000010113,
M130202,食事の平均時間（無業者）（女）,分,生活時間,basic,NEW pref,1,0,0,0,0,0000010113,
M2001,2次活動の平均時間（10歳以上）（男）,分,生活時間,basic,NEW pref,1,0,0,0,0,0000010113,
M200100,2次活動の平均時間（15歳以上）（男）,分,生活時間,basic,NEW pref,1,0,0,0,0,0000010113,
M200101,2次活動の平均時間（有業者）（男）,分,生活時間,basic,NEW pref,1,0,0,0,0,0000010113,
M200102,2次活動の平均時間（無業者）（男）,分,生活時間,basic,NEW pref,1,0,0,0,0,0000010113,
M200110,2次活動の平均時間（15～24歳）（男）,分,生活時間,basic,NEW pref,1,0,0,0,0,0000010113,
M200120,2次活動の平均時間（25～34歳）（男）,分,生活時間,basic,NEW pref,1,0,0,0,0,0000010113,
M200130,2次活動の平均時間（35～44歳）（男）,分,生活時間,basic,NEW pref,1,0,0,0,0,0000010113,
M200140,2次活動の平均時間（45～54歳）（男）,分,生活時間,basic,NEW pref,1,0,0,0,0,0000010113,
M200150,2次活動の平均時間（55～64歳）（男）,分,生活時間,basic,NEW pref,1,0,0,0,0,0000010113,
M200160,2次活動の平均時間（65～74歳）（男）,分,生活時間,basic,NEW pref,1,0,0,0,0,0000010113,
M200170,2次活動の平均時間（75歳以上）（男）,分,生活時間,basic,NEW pref,1,0,0,0,0,0000010113,
M2002,2次活動の平均時間（10歳以上）（女）,分,生活時間,basic,NEW pref,1,0,0,0,0,0000010113,
M200200,2次活動の平均時間（15歳以上）（女）,分,生活時間,basic,NEW pref,1,0,0,0,0,0000010113,
M200201,2次活動の平均時間（有業者）（女）,分,生活時間,basic,NEW pref,1,0,0,0,0,0000010113,
M200202,2次活動の平均時間（無業者）（女）,分,生活時間,basic,NEW pref,1,0,0,0,0,0000010113,
M200210,2次活動の平均時間（15～24歳）（女）,分,生活時間,basic,NEW pref,1,0,0,0,0,0000010113,
M200220,2次活動の平均時間（25～34歳）（女）,分,生活時間,basic,NEW pref,1,0,0,0,0,0000010113,
M200230,2次活動の平均時間（35～44歳）（女）,分,生活時間,basic,NEW pref,1,0,0,0,0,0000010113,
M200240,2次活動の平均時間（45～54歳）（女）,分,生活時間,basic,NEW pref,1,0,0,0,0,0000010113,
M200250,2次活動の平均時間（55～64歳）（女）,分,生活時間,basic,NEW pref,1,0,0,0,0,0000010113,
M200260,2次活動の平均時間（65～74歳）（女）,分,生活時間,basic,NEW pref,1,0,0,0,0,0000010113,
M200270,2次活動の平均時間（75歳以上）（女）,分,生活時間,basic,NEW pref,1,0,0,0,0,0000010113,
M2101,通勤・通学の平均時間（10歳以上）（男）,分,生活時間,basic,NEW pref,1,0,0,0,0,0000010113,
M210100,通勤・通学の平均時間（15歳以上）（男）,分,生活時間,basic,NEW pref,1,0,0,0,0,0000010113,
M210101,通勤・通学の平均時間（有業者）（男）,分,生活時間,basic,NEW pref,1,0,0,0,0,0000010113,
M2102,通勤・通学の平均時間（10歳以上）（女）,分,生活時間,basic,NEW pref,1,0,0,0,0,0000010113,
M210200,通勤・通学の平均時間（15歳以上）（女）,分,生活時間,basic,NEW pref,1,0,0,0,0,0000010113,
M210201,通勤・通学の平均時間（有業者）（女）,分,生活時間,basic,NEW pref,1,0,0,0,0,0000010113,
M2201,仕事の平均時間（10歳以上）（男）,分,生活時間,basic,NEW pref,1,0,0,0,0,0000010113,
M220100,仕事の平均時間（15歳以上）（男）,分,生活時間,basic,NEW pref,1,0,0,0,0,0000010113,
M220101,仕事の平均時間（有業者）（男）,分,生活時間,basic,NEW pref,1,0,0,0,0,0000010113,
M220102,仕事の平均時間（無業者）（男）,分,生活時間,basic,NEW pref,1,0,0,0,0,0000010113,
M2202,仕事の平均時間（10歳以上）（女）,分,生活時間,basic,NEW pref,1,0,0,0,0,0000010113,
M220200,仕事の平均時間（15歳以上）（女）,分,生活時間,basic,NEW pref,1,0,0,0,0,0000010113,
M220201,仕事の平均時間（有業者）（女）,分,生活時間,basic,NEW pref,1,0,0,0,0,0000010113,
M220202,仕事の平均時間（無業者）（女）,分,生活時間,basic,NEW pref,1,0,0,0,0,0000010113,
M2301,学業の平均時間（10歳以上）（男）,分,生活時間,basic,NEW pref,1,0,0,0,0,0000010113,
M230100,学業の平均時間（15歳以上）（男）,分,生活時間,basic,NEW pref,1,0,0,0,0,0000010113,
M230101,学業の平均時間（有業者）（男）,分,生活時間,basic,NEW pref,1,0,0,0,0,0000010113,
M230102,学業の平均時間（無業者）（男）,分,生活時間,basic,NEW pref,1,0,0,0,0,0000010113,
M2302,学業の平均時間（10歳以上）（女）,分,生活時間,basic,NEW pref,1,0,0,0,0,0000010113,
M230200,学業の平均時間（15歳以上）（女）,分,生活時間,basic,NEW pref,1,0,0,0,0,0000010113,
M230201,学業の平均時間（有業者）（女）,分,生活時間,basic,NEW pref,1,0,0,0,0,0000010113,
M230202,学業の平均時間（無業者）（女）,分,生活時間,basic,NEW pref,1,0,0,0,0,0000010113,
M2401,家事の平均時間（10歳以上）（男）,分,生活時間,basic,NEW pref,1,0,0,0,0,0000010113,
M240100,家事の平均時間（15歳以上）（男）,分,生活時間,basic,NEW pref,1,0,0,0,0,0000010113,
M240101,家事の平均時間（有業者）（男）,分,生活時間,basic,NEW pref,1,0,0,0,0,0000010113,
M240102,家事の平均時間（無業者）（男）,分,生活時間,basic,NEW pref,1,0,0,0,0,0000010113,
M2402,家事の平均時間（10歳以上）（女）,分,生活時間,basic,NEW pref,1,0,0,0,0,0000010113,
M240200,家事の平均時間（15歳以上）（女）,分,生活時間,basic,NEW pref,1,0,0,0,0,0000010113,
M240201,家事の平均時間（有業者）（女）,分,生活時間,basic,NEW pref,1,0,0,0,0,0000010113,
M240202,家事の平均時間（無業者）（女）,分,生活時間,basic,NEW pref,1,0,0,0,0,0000010113,
M2501,介護・看護の平均時間（10歳以上）（男）,分,生活時間,basic,NEW pref,1,0,0,0,0,0000010113,
M250100,介護・看護の平均時間（15歳以上）（男）,分,生活時間,basic,NEW pref,1,0,0,0,0,0000010113,
M250101,介護・看護の平均時間（有業者）（男）,分,生活時間,basic,NEW pref,1,0,0,0,0,0000010113,
M250102,介護・看護の平均時間（無業者）（男）,分,生活時間,basic,NEW pref,1,0,0,0,0,0000010113,
M2502,介護・看護の平均時間（10歳以上）（女）,分,生活時間,basic,NEW pref,1,0,0,0,0,0000010113,
M250200,介護・看護の平均時間（15歳以上）（女）,分,生活時間,basic,NEW pref,1,0,0,0,0,0000010113,
M250201,介護・看護の平均時間（有業者）（女）,分,生活時間,basic,NEW pref,1,0,0,0,0,0000010113,
M250202,介護・看護の平均時間（無業者）（女）,分,生活時間,basic,NEW pref,1,0,0,0,0,0000010113,
M2601,育児の平均時間（10歳以上）（男）,分,生活時間,basic,NEW pref,1,0,0,0,0,0000010113,
M260100,育児の平均時間（15歳以上）（男）,分,生活時間,basic,NEW pref,1,0,0,0,0,0000010113,
M260101,育児の平均時間（有業者）（男）,分,生活時間,basic,NEW pref,1,0,0,0,0,0000010113,
M260102,育児の平均時間（無業者）（男）,分,生活時間,basic,NEW pref,1,0,0,0,0,0000010113,
M2602,育児の平均時間（10歳以上）（女）,分,生活時間,basic,NEW pref,1,0,0,0,0,0000010113,
M260200,育児の平均時間（15歳以上）（女）,分,生活時間,basic,NEW pref,1,0,0,0,0,0000010113,
M260201,育児の平均時間（有業者）（女）,分,生活時間,basic,NEW pref,1,0,0,0,0,0000010113,
M260202,育児の平均時間（無業者）（女）,分,生活時間,basic,NEW pref,1,0,0,0,0,0000010113,
M2701,買い物の平均時間（10歳以上）（男）,分,生活時間,basic,NEW pref,1,0,0,0,0,0000010113,
M270100,買い物の平均時間（15歳以上）（男）,分,生活時間,basic,NEW pref,1,0,0,0,0,0000010113,
M270101,買い物の平均時間（有業者）（男）,分,生活時間,basic,NEW pref,1,0,0,0,0,0000010113,
M2702,買い物の平均時間（10歳以上）（女）,分,生活時間,basic,NEW pref,1,0,0,0,0,0000010113,
M270200,買い物の平均時間（15歳以上）（女）,分,生活時間,basic,NEW pref,1,0,0,0,0,0000010113,
M270201,買い物の平均時間（有業者）（女）,分,生活時間,basic,NEW pref,1,0,0,0,0,0000010113,
M3001,3次活動の平均時間（10歳以上）（男）,分,生活時間,basic,NEW pref,1,0,0,0,0,0000010113,
M300100,3次活動の平均時間（15歳以上）（男）,分,生活時間,basic,NEW pref,1,0,0,0,0,0000010113,
M300101,3次活動の平均時間（有業者）（男）,分,生活時間,basic,NEW pref,1,0,0,0,0,0000010113,
M300102,3次活動の平均時間（無業者）（男）,分,生活時間,basic,NEW pref,1,0,0,0,0,0000010113,
M300110,3次活動の平均時間（15～24歳）（男）,分,生活時間,basic,NEW pref,1,0,0,0,0,0000010113,
M300120,3次活動の平均時間（25～34歳）（男）,分,生活時間,basic,NEW pref,1,0,0,0,0,0000010113,
M300130,3次活動の平均時間（35～44歳）（男）,分,生活時間,basic,NEW pref,1,0,0,0,0,0000010113,
M300140,3次活動の平均時間（45～54歳）（男）,分,生活時間,basic,NEW pref,1,0,0,0,0,0000010113,
M300150,3次活動の平均時間（55～64歳）（男）,分,生活時間,basic,NEW pref,1,0,0,0,0,0000010113,
M300160,3次活動の平均時間（65～74歳）（男）,分,生活時間,basic,NEW pref,1,0,0,0,0,0000010113,
M300170,3次活動の平均時間（75歳以上）（男）,分,生活時間,basic,NEW pref,1,0,0,0,0,0000010113,
M3002,3次活動の平均時間（10歳以上）（女）,分,生活時間,basic,NEW pref,1,0,0,0,0,0000010113,
M300200,3次活動の平均時間（15歳以上）（女）,分,生活時間,basic,NEW pref,1,0,0,0,0,0000010113,
M300201,3次活動の平均時間（有業者）（女）,分,生活時間,basic,NEW pref,1,0,0,0,0,0000010113,
M300202,3次活動の平均時間（無業者）（女）,分,生活時間,basic,NEW pref,1,0,0,0,0,0000010113,
M300210,3次活動の平均時間（15～24歳）（女）,分,生活時間,basic,NEW pref,1,0,0,0,0,0000010113,
M300220,3次活動の平均時間（25～34歳）（女）,分,生活時間,basic,NEW pref,1,0,0,0,0,0000010113,
M300230,3次活動の平均時間（35～44歳）（女）,分,生活時間,basic,NEW pref,1,0,0,0,0,0000010113,
M300240,3次活動の平均時間（45～54歳）（女）,分,生活時間,basic,NEW pref,1,0,0,0,0,0000010113,
M300250,3次活動の平均時間（55～64歳）（女）,分,生活時間,basic,NEW pref,1,0,0,0,0,0000010113,
M300260,3次活動の平均時間（65～74歳）（女）,分,生活時間,basic,NEW pref,1,0,0,0,0,0000010113,
M300270,3次活動の平均時間（75歳以上）（女）,分,生活時間,basic,NEW pref,1,0,0,0,0,0000010113,
M3101,移動の平均時間（通勤・通学を除く）（10歳以上）（男）,分,生活時間,basic,NEW pref,1,0,0,0,0,0000010113,
M310100,移動の平均時間（通勤・通学を除く）（15歳以上）（男）,分,生活時間,basic,NEW pref,1,0,0,0,0,0000010113,
M310101,移動の平均時間（通勤・通学を除く）（有業者）（男）,分,生活時間,basic,NEW pref,1,0,0,0,0,0000010113,
M310102,移動の平均時間（通勤・通学を除く）（無業者）（男）,分,生活時間,basic,NEW pref,1,0,0,0,0,0000010113,
M3102,移動の平均時間（通勤・通学を除く）（10歳以上）（女）,分,生活時間,basic,NEW pref,1,0,0,0,0,0000010113,
M310200,移動の平均時間（通勤・通学を除く）（15歳以上）（女）,分,生活時間,basic,NEW pref,1,0,0,0,0,0000010113,
M310201,移動の平均時間（通勤・通学を除く）（有業者）（女）,分,生活時間,basic,NEW pref,1,0,0,0,0,0000010113,
M310202,移動の平均時間（通勤・通学を除く）（無業者）（女）,分,生活時間,basic,NEW pref,1,0,0,0,0,0000010113,
M3201,テレビ・ラジオ・新聞・雑誌の平均時間（10歳以上）（男）,分,生活時間,basic,NEW pref,1,0,0,0,0,0000010113,
M320100,テレビ・ラジオ・新聞・雑誌の平均時間（15歳以上）（男）,分,生活時間,basic,NEW pref,1,0,0,0,0,0000010113,
M320101,テレビ・ラジオ・新聞・雑誌の平均時間（有業者）（男）,分,生活時間,basic,NEW pref,1,0,0,0,0,0000010113,
M320102,テレビ・ラジオ・新聞・雑誌の平均時間（無業者）（男）,分,生活時間,basic,NEW pref,1,0,0,0,0,0000010113,
M3202,テレビ・ラジオ・新聞・雑誌の平均時間（10歳以上）（女）,分,生活時間,basic,NEW pref,1,0,0,0,0,0000010113,
M320200,テレビ・ラジオ・新聞・雑誌の平均時間（15歳以上）（女）,分,生活時間,basic,NEW pref,1,0,0,0,0,0000010113,
M320201,テレビ・ラジオ・新聞・雑誌の平均時間（有業者）（女）,分,生活時間,basic,NEW pref,1,0,0,0,0,0000010113,
M320202,テレビ・ラジオ・新聞・雑誌の平均時間（無業者）（女）,分,生活時間,basic,NEW pref,1,0,0,0,0,0000010113,
M3301,休養・くつろぎの平均時間（10歳以上）（男）,分,生活時間,basic,NEW pref,1,0,0,0,0,0000010113,
M330100,休養・くつろぎの平均時間（15歳以上）（男）,分,生活時間,basic,NEW pref,1,0,0,0,0,0000010113,
M330101,休養・くつろぎの平均時間（有業者）（男）,分,生活時間,basic,NEW pref,1,0,0,0,0,0000010113,
M330102,休養・くつろぎの平均時間（無業者）（男）,分,生活時間,basic,NEW pref,1,0,0,0,0,0000010113,
M3302,休養・くつろぎの平均時間（10歳以上）（女）,分,生活時間,basic,NEW pref,1,0,0,0,0,0000010113,
M330200,休養・くつろぎの平均時間（15歳以上）（女）,分,生活時間,basic,NEW pref,1,0,0,0,0,0000010113,
M330201,休養・くつろぎの平均時間（有業者）（女）,分,生活時間,basic,NEW pref,1,0,0,0,0,0000010113,
M330202,休養・くつろぎの平均時間（無業者）（女）,分,生活時間,basic,NEW pref,1,0,0,0,0,0000010113,
M3401,学習・自己啓発・訓練の平均時間（学業以外）（10歳以上）（男）,分,生活時間,basic,NEW pref,1,0,0,0,0,0000010113,
M340100,学習・自己啓発・訓練の平均時間（学業以外）（15歳以上）（男）,分,生活時間,basic,NEW pref,1,0,0,0,0,0000010113,
M340101,学習・自己啓発・訓練の平均時間（学業以外）（有業者）（男）,分,生活時間,basic,NEW pref,1,0,0,0,0,0000010113,
M340102,学習・自己啓発・訓練の平均時間（学業以外）（無業者）（男）,分,生活時間,basic,NEW pref,1,0,0,0,0,0000010113,
M3402,学習・自己啓発・訓練の平均時間（学業以外）（10歳以上）（女）,分,生活時間,basic,NEW pref,1,0,0,0,0,0000010113,
M340200,学習・自己啓発・訓練の平均時間（学業以外）（15歳以上）（女）,分,生活時間,basic,NEW pref,1,0,0,0,0,0000010113,
M340201,学習・自己啓発・訓練の平均時間（学業以外）（有業者）（女）,分,生活時間,basic,NEW pref,1,0,0,0,0,0000010113,
M340202,学習・自己啓発・訓練の平均時間（学業以外）（無業者）（女）,分,生活時間,basic,NEW pref,1,0,0,0,0,0000010113,
M3501,趣味・娯楽の平均時間（10歳以上）（男）,分,生活時間,basic,NEW pref,1,0,0,0,0,0000010113,
M350100,趣味・娯楽の平均時間（15歳以上）（男）,分,生活時間,basic,NEW pref,1,0,0,0,0,0000010113,
M350101,趣味・娯楽の平均時間（有業者）（男）,分,生活時間,basic,NEW pref,1,0,0,0,0,0000010113,
M350102,趣味・娯楽の平均時間（無業者）（男）,分,生活時間,basic,NEW pref,1,0,0,0,0,0000010113,
M3502,趣味・娯楽の平均時間（10歳以上）（女）,分,生活時間,basic,NEW pref,1,0,0,0,0,0000010113,
M350200,趣味・娯楽の平均時間（15歳以上）（女）,分,生活時間,basic,NEW pref,1,0,0,0,0,0000010113,
M350201,趣味・娯楽の平均時間（有業者）（女）,分,生活時間,basic,NEW pref,1,0,0,0,0,0000010113,
M350202,趣味・娯楽の平均時間（無業者）（女）,分,生活時間,basic,NEW pref,1,0,0,0,0,0000010113,
M3601,スポーツの平均時間（10歳以上）（男）,分,生活時間,basic,NEW pref,1,0,0,0,0,0000010113,
M360100,スポーツの平均時間（15歳以上）（男）,分,生活時間,basic,NEW pref,1,0,0,0,0,0000010113,
M360101,スポーツの平均時間（有業者）（男）,分,生活時間,basic,NEW pref,1,0,0,0,0,0000010113,
M360102,スポーツの平均時間（無業者）（男）,分,生活時間,basic,NEW pref,1,0,0,0,0,0000010113,
M3602,スポーツの平均時間（10歳以上）（女）,分,生活時間,basic,NEW pref,1,0,0,0,0,0000010113,
M360200,スポーツの平均時間（15歳以上）（女）,分,生活時間,basic,NEW pref,1,0,0,0,0,0000010113,
M360201,スポーツの平均時間（有業者）（女）,分,生活時間,basic,NEW pref,1,0,0,0,0,0000010113,
M360202,スポーツの平均時間（無業者）（女）,分,生活時間,basic,NEW pref,1,0,0,0,0,0000010113,
M3701,ボランティア活動・社会参加活動の平均時間（10歳以上）（男）,分,生活時間,basic,NEW pref,1,0,0,0,0,0000010113,
M370100,ボランティア活動・社会参加活動の平均時間（15歳以上）（男）,分,生活時間,basic,NEW pref,1,0,0,0,0,0000010113,
M370101,ボランティア活動・社会参加活動の平均時間（有業者）（男）,分,生活時間,basic,NEW pref,1,0,0,0,0,0000010113,
M370102,ボランティア活動・社会参加活動の平均時間（無業者）（男）,分,生活時間,basic,NEW pref,1,0,0,0,0,0000010113,
M3702,ボランティア活動・社会参加活動の平均時間（10歳以上）（女）,分,生活時間,basic,NEW pref,1,0,0,0,0,0000010113,
M370200,ボランティア活動・社会参加活動の平均時間（15歳以上）（女）,分,生活時間,basic,NEW pref,1,0,0,0,0,0000010113,
M370201,ボランティア活動・社会参加活動の平均時間（有業者）（女）,分,生活時間,basic,NEW pref,1,0,0,0,0,0000010113,
M370202,ボランティア活動・社会参加活動の平均時間（無業者）（女）,分,生活時間,basic,NEW pref,1,0,0,0,0,0000010113,
M3801,交際・付き合いの平均時間（10歳以上）（男）,分,生活時間,basic,NEW pref,1,0,0,0,0,0000010113,
M380100,交際・付き合いの平均時間（15歳以上）（男）,分,生活時間,basic,NEW pref,1,0,0,0,0,0000010113,
M380101,交際・付き合いの平均時間（有業者）（男）,分,生活時間,basic,NEW pref,1,0,0,0,0,0000010113,
M380102,交際・付き合いの平均時間（無業者）（男）,分,生活時間,basic,NEW pref,1,0,0,0,0,0000010113,
M3802,交際・付き合いの平均時間（10歳以上）（女）,分,生活時間,basic,NEW pref,1,0,0,0,0,0000010113,
M380200,交際・付き合いの平均時間（15歳以上）（女）,分,生活時間,basic,NEW pref,1,0,0,0,0,0000010113,
M380201,交際・付き合いの平均時間（有業者）（女）,分,生活時間,basic,NEW pref,1,0,0,0,0,0000010113,
M380202,交際・付き合いの平均時間（無業者）（女）,分,生活時間,basic,NEW pref,1,0,0,0,0,0000010113,
M3901,受診・療養の平均時間（10歳以上）（男）,分,生活時間,basic,NEW pref,1,0,0,0,0,0000010113,
M390100,受診・療養の平均時間（15歳以上）（男）,分,生活時間,basic,NEW pref,1,0,0,0,0,0000010113,
M390101,受診・療養の平均時間（有業者）（男）,分,生活時間,basic,NEW pref,1,0,0,0,0,0000010113,
M390102,受診・療養の平均時間（無業者）（男）,分,生活時間,basic,NEW pref,1,0,0,0,0,0000010113,
M3902,受診・療養の平均時間（10歳以上）（女）,分,生活時間,basic,NEW pref,1,0,0,0,0,0000010113,
M390200,受診・療養の平均時間（15歳以上）（女）,分,生活時間,basic,NEW pref,1,0,0,0,0,0000010113,
M390201,受診・療養の平均時間（有業者）（女）,分,生活時間,basic,NEW pref,1,0,0,0,0,0000010113,
M390202,受診・療養の平均時間（無業者）（女）,分,生活時間,basic,NEW pref,1,0,0,0,0,0000010113,
#A03504,#A03504_15歳未満人口割合,％,人口・世帯,indicator,NEW city,0,1,0,0,0,,0000020301
#A03505,#A03505_15～64歳人口割合,％,人口・世帯,indicator,NEW city,0,1,0,0,0,,0000020301
D2204,公債費比率（市町村財政）,％,行政基盤,basic,NEW city,0,1,0,0,0,,0000020204
D2213,標準財政規模（市町村財政）,千円,行政基盤,basic,NEW city,0,1,0,0,0,,0000020204
D2214,実質赤字比率（市町村財政）,％,行政基盤,basic,NEW city,0,1,0,0,0,,0000020204
D2215,連結実質赤字比率（市町村財政）,％,行政基盤,basic,NEW city,0,1,0,0,0,,0000020204
H5501,し尿処理人口,人,居住,basic,NEW city,0,1,0,0,0,,0000020208
H5601,ごみ処理人口,人,居住,basic,NEW city,0,1,0,0,0,,0000020208
A710201,一般世帯人員数,人,人口・世帯,basic,ADD pref (city exists),1,1,0,1,0,0000010101,0000020201
C1101,県内総生産額（平成17年基準）,百万円,経済基盤,basic,NEW pref,1,0,0,0,1,0000010103,
C1102,県内総生産額（産業）（平成17年基準）,百万円,経済基盤,basic,NEW pref,1,0,0,0,1,0000010103,
C110201,県内総生産額（農林水産業）（平成17年基準）,百万円,経済基盤,basic,NEW pref,1,0,0,0,1,0000010103,
C110202,県内総生産額（農業）（平成17年基準）,百万円,経済基盤,basic,NEW pref,1,0,0,0,1,0000010103,
C110203,県内総生産額（林業）（平成17年基準）,百万円,経済基盤,basic,NEW pref,1,0,0,0,1,0000010103,
C110204,県内総生産額（水産業）（平成17年基準）,百万円,経済基盤,basic,NEW pref,1,0,0,0,1,0000010103,
C110205,県内総生産額（鉱業）（平成17年基準）,百万円,経済基盤,basic,NEW pref,1,0,0,0,1,0000010103,
C110206,県内総生産額（製造業）（平成17年基準）,百万円,経済基盤,basic,NEW pref,1,0,0,0,1,0000010103,
C110207,県内総生産額（建設業）（平成17年基準）,百万円,経済基盤,basic,NEW pref,1,0,0,0,1,0000010103,
C110208,県内総生産額（電気・ガス・水道業）（平成17年基準）,百万円,経済基盤,basic,NEW pref,1,0,0,0,1,0000010103,
C110209,県内総生産額（卸売・小売業）（平成17年基準）,百万円,経済基盤,basic,NEW pref,1,0,0,0,1,0000010103,
C110210,県内総生産額（金融・保険業）（平成17年基準）,百万円,経済基盤,basic,NEW pref,1,0,0,0,1,0000010103,
C110211,県内総生産額（不動産業）（平成17年基準）,百万円,経済基盤,basic,NEW pref,1,0,0,0,1,0000010103,
C1102121,県内総生産額（運輸業）（平成17年基準）,百万円,経済基盤,basic,NEW pref,1,0,0,0,1,0000010103,
C1102122,県内総生産額（情報通信業）（平成17年基準）,百万円,経済基盤,basic,NEW pref,1,0,0,0,1,0000010103,
C110213,県内総生産額（サービス業）（平成17年基準）,百万円,経済基盤,basic,NEW pref,1,0,0,0,1,0000010103,
C1103,県内総生産額（政府サービス生産者）（平成17年基準）,百万円,経済基盤,basic,NEW pref,1,0,0,0,1,0000010103,
C110301,県内総生産額（政府サービス生産者）（電気・ガス・水道業）（平成17年基準）,百万円,経済基盤,basic,NEW pref,1,0,0,0,1,0000010103,
C110302,県内総生産額（政府サービス生産者）（サービス業）（平成17年基準）,百万円,経済基盤,basic,NEW pref,1,0,0,0,1,0000010103,
C110303,県内総生産額（政府サービス生産者）（公務）（平成17年基準）,百万円,経済基盤,basic,NEW pref,1,0,0,0,1,0000010103,
C1104,県内総生産額（対家計民間非営利サービス生産者）（平成17年基準）,百万円,経済基盤,basic,NEW pref,1,0,0,0,1,0000010103,
C1105,県内総生産額（第1次産業）（平成17年基準）,百万円,経済基盤,basic,NEW pref,1,0,0,0,1,0000010103,
C1106,県内総生産額（第2次産業）（平成17年基準）,百万円,経済基盤,basic,NEW pref,1,0,0,0,1,0000010103,
C1107,県内総生産額（第3次産業）（平成17年基準）,百万円,経済基盤,basic,NEW pref,1,0,0,0,1,0000010103,
C1111,県内総生産額（平成23年基準）,百万円,経済基盤,basic,NEW pref,1,0,0,0,1,0000010103,
C111201,県内総生産額（農林水産業）（平成23年基準）,百万円,経済基盤,basic,NEW pref,1,0,0,0,1,0000010103,
C111202,県内総生産額（農業）（平成23年基準）,百万円,経済基盤,basic,NEW pref,1,0,0,0,1,0000010103,
C111203,県内総生産額（林業）（平成23年基準）,百万円,経済基盤,basic,NEW pref,1,0,0,0,1,0000010103,
C111204,県内総生産額（水産業）（平成23年基準）,百万円,経済基盤,basic,NEW pref,1,0,0,0,1,0000010103,
C111205,県内総生産額（鉱業）（平成23年基準）,百万円,経済基盤,basic,NEW pref,1,0,0,0,1,0000010103,
C111206,県内総生産額（製造業）（平成23年基準）,百万円,経済基盤,basic,NEW pref,1,0,0,0,1,0000010103,
C111207,県内総生産額（建設業）（平成23年基準）,百万円,経済基盤,basic,NEW pref,1,0,0,0,1,0000010103,
C111208,県内総生産額（電気・ガス・水道・廃棄物処理業）（平成23年基準）,百万円,経済基盤,basic,NEW pref,1,0,0,0,1,0000010103,
C111209,県内総生産額（卸売・小売業）（平成23年基準）,百万円,経済基盤,basic,NEW pref,1,0,0,0,1,0000010103,
C111210,県内総生産額（金融・保険業）（平成23年基準）,百万円,経済基盤,basic,NEW pref,1,0,0,0,1,0000010103,
C111211,県内総生産額（不動産業）（平成23年基準）,百万円,経済基盤,basic,NEW pref,1,0,0,0,1,0000010103,
C1112121,県内総生産額（運輸・郵便業）（平成23年基準）,百万円,経済基盤,basic,NEW pref,1,0,0,0,1,0000010103,
C1112122,県内総生産額（情報通信業）（平成23年基準）,百万円,経済基盤,basic,NEW pref,1,0,0,0,1,0000010103,
C111213,県内総生産額（宿泊・飲食サービス業）（平成23年基準）,百万円,経済基盤,basic,NEW pref,1,0,0,0,1,0000010103,
C111214,県内総生産額（専門・科学技術、業務支援サービス業）（平成23年基準）,百万円,経済基盤,basic,NEW pref,1,0,0,0,1,0000010103,
C111215,県内総生産額（公務）（平成23年基準）,百万円,経済基盤,basic,NEW pref,1,0,0,0,1,0000010103,
C111216,県内総生産額（教育）（平成23年基準）,百万円,経済基盤,basic,NEW pref,1,0,0,0,1,0000010103,
C111217,県内総生産額（保健衛生・社会事業）（平成23年基準）,百万円,経済基盤,basic,NEW pref,1,0,0,0,1,0000010103,
C111218,県内総生産額（その他のサービス）（平成23年基準）,百万円,経済基盤,basic,NEW pref,1,0,0,0,1,0000010103,
C1115,県内総生産額（第1次産業）（平成23年基準）,百万円,経済基盤,basic,NEW pref,1,0,0,0,1,0000010103,
C1116,県内総生産額（第2次産業）（平成23年基準）,百万円,経済基盤,basic,NEW pref,1,0,0,0,1,0000010103,
C1117,県内総生産額（第3次産業）（平成23年基準）,百万円,経済基盤,basic,NEW pref,1,0,0,0,1,0000010103,
C112218,県内総生産額（その他のサービス）（平成27年基準）,百万円,経済基盤,basic,NEW pref,1,0,0,0,1,0000010103,
C1201,県民所得（平成17年基準）,百万円,経済基盤,basic,NEW pref,1,0,0,0,1,0000010103,
C120101,1人当たり県民所得（平成17年基準）,千円,経済基盤,basic,NEW pref,1,0,0,0,1,0000010103,
C1202,雇用者報酬（平成17年基準）,百万円,経済基盤,basic,NEW pref,1,0,0,0,1,0000010103,
C120201,賃金・俸給（平成17年基準）,百万円,経済基盤,basic,NEW pref,1,0,0,0,1,0000010103,
C1203,財産所得（平成17年基準）,百万円,経済基盤,basic,NEW pref,1,0,0,0,1,0000010103,
C1204,企業所得（平成17年基準）,百万円,経済基盤,basic,NEW pref,1,0,0,0,1,0000010103,
C1211,県民所得（平成23年基準）,百万円,経済基盤,basic,NEW pref,1,0,0,0,1,0000010103,
C121101,1人当たり県民所得（平成23年基準）,千円,経済基盤,basic,NEW pref,1,0,0,0,1,0000010103,
C1212,雇用者報酬（平成23年基準）,百万円,経済基盤,basic,NEW pref,1,0,0,0,1,0000010103,
C121201,賃金・俸給（平成23年基準）,百万円,経済基盤,basic,NEW pref,1,0,0,0,1,0000010103,
C1213,財産所得（平成23年基準）,百万円,経済基盤,basic,NEW pref,1,0,0,0,1,0000010103,
C1214,企業所得（平成23年基準）,百万円,経済基盤,basic,NEW pref,1,0,0,0,1,0000010103,
C1301,民間最終消費支出（名目）（平成17年基準）,百万円,経済基盤,basic,NEW pref,1,0,0,0,1,0000010103,
C1302,政府最終消費支出（名目）（平成17年基準）,百万円,経済基盤,basic,NEW pref,1,0,0,0,1,0000010103,
C1303,県内総資本形成（名目）（平成17年基準）,百万円,経済基盤,basic,NEW pref,1,0,0,0,1,0000010103,
C130301,総固定資本形成（名目）（平成17年基準）,百万円,経済基盤,basic,NEW pref,1,0,0,0,1,0000010103,
C130302,在庫品増加（名目）（平成17年基準）,百万円,経済基盤,basic,NEW pref,1,0,0,0,1,0000010103,
C1304,財貨・サービスの移出入（名目）（平成17年基準）,百万円,経済基盤,basic,NEW pref,1,0,0,0,1,0000010103,
C1305,統計上の不突合（名目）（平成17年基準）,百万円,経済基盤,basic,NEW pref,1,0,0,0,1,0000010103,
C1306,県内総生産（支出側）（名目）（平成17年基準）,百万円,経済基盤,basic,NEW pref,1,0,0,0,1,0000010103,
C1307,県外からの所得（名目）（平成17年基準）,百万円,経済基盤,basic,NEW pref,1,0,0,0,1,0000010103,
C1308,県民総所得（名目）（平成17年基準）,百万円,経済基盤,basic,NEW pref,1,0,0,0,1,0000010103,
C1311,民間最終消費支出（名目）（平成23年基準）,百万円,経済基盤,basic,NEW pref,1,0,0,0,1,0000010103,
C1312,政府最終消費支出（名目）（平成23年基準）,百万円,経済基盤,basic,NEW pref,1,0,0,0,1,0000010103,
C1313,県内総資本形成（名目）（平成23年基準）,百万円,経済基盤,basic,NEW pref,1,0,0,0,1,0000010103,
C131301,総固定資本形成（名目）（平成23年基準）,百万円,経済基盤,basic,NEW pref,1,0,0,0,1,0000010103,
C131302,在庫変動（名目）（平成23年基準）,百万円,経済基盤,basic,NEW pref,1,0,0,0,1,0000010103,
C1314,財貨・サービスの移出入（純）（名目）（平成23年基準）,百万円,経済基盤,basic,NEW pref,1,0,0,0,1,0000010103,
C1315,統計上の不突合（名目）（平成23年基準）,百万円,経済基盤,basic,NEW pref,1,0,0,0,1,0000010103,
C1316,県内総生産（支出側）（名目）（平成23年基準）,百万円,経済基盤,basic,NEW pref,1,0,0,0,1,0000010103,
C1317,県外からの所得（名目）（平成23年基準）,百万円,経済基盤,basic,NEW pref,1,0,0,0,1,0000010103,
C1318,県民総所得（名目）（平成23年基準）,百万円,経済基盤,basic,NEW pref,1,0,0,0,1,0000010103,
C1401,民間最終消費支出（実質）（平成17年基準）,百万円,経済基盤,basic,NEW pref,1,0,0,0,1,0000010103,
C1402,政府最終消費支出（実質）（平成17年基準）,百万円,経済基盤,basic,NEW pref,1,0,0,0,1,0000010103,
C1403,県内総資本形成（実質）（平成17年基準）,百万円,経済基盤,basic,NEW pref,1,0,0,0,1,0000010103,
C140301,総固定資本形成（実質）（平成17年基準）,百万円,経済基盤,basic,NEW pref,1,0,0,0,1,0000010103,
C140302,在庫品増加（実質）（平成17年基準）,百万円,経済基盤,basic,NEW pref,1,0,0,0,1,0000010103,
C1404,財貨・サービスの移出入（実質）（平成17年基準）,百万円,経済基盤,basic,NEW pref,1,0,0,0,1,0000010103,
C1405,統計上の不突合（実質）（平成17年基準）,百万円,経済基盤,basic,NEW pref,1,0,0,0,1,0000010103,
C1406,県内総生産（支出側）（実質）（平成17年基準）,百万円,経済基盤,basic,NEW pref,1,0,0,0,1,0000010103,
C1407,県外からの所得（実質）（平成17年基準）,百万円,経済基盤,basic,NEW pref,1,0,0,0,1,0000010103,
C1408,県民総所得（実質）（平成17年基準）,百万円,経済基盤,basic,NEW pref,1,0,0,0,1,0000010103,
C1411,民間最終消費支出（実質）（平成23年基準）,百万円,経済基盤,basic,NEW pref,1,0,0,0,1,0000010103,
C1412,政府最終消費支出（実質）（平成23年基準）,百万円,経済基盤,basic,NEW pref,1,0,0,0,1,0000010103,
C1413,県内総資本形成（実質）（平成23年基準）,百万円,経済基盤,basic,NEW pref,1,0,0,0,1,0000010103,
C141301,総固定資本形成（実質）（平成23年基準）,百万円,経済基盤,basic,NEW pref,1,0,0,0,1,0000010103,
C141302,在庫変動（実質）（平成23年基準）,百万円,経済基盤,basic,NEW pref,1,0,0,0,1,0000010103,
C1416,県内総生産（支出側）（実質）（平成23年基準）,百万円,経済基盤,basic,NEW pref,1,0,0,0,1,0000010103,
C1417,財貨・サービスの移出入（純）･統計上の不突合・開差（実質）（平成23年基準）,百万円,経済基盤,basic,NEW pref,1,0,0,0,1,0000010103,
C142302,在庫変動（実質）（平成27年基準）,百万円,経済基盤,basic,NEW pref,1,0,0,0,1,0000010103,
C1424,県内総生産（支出側）（実質）（平成27年基準）,百万円,経済基盤,basic,NEW pref,1,0,0,0,1,0000010103,
C1425,財貨・サービスの移出入(純)･統計上の不突合・開差（実質）（平成27年基準）,百万円,経済基盤,basic,NEW pref,1,0,0,0,1,0000010103,