date,mode,url,template,html_bytes,rsc_bytes,dom_nodes,duplicate_link_ratio,jsonld_bytes,jsonld_syntax_errors,ad_duplicate_count,lcp_ms,cls,console_errors,violations_error,violations_warning
2026-09-15,full,/,home,583389,262727,1233,0.4134,912,0,0,,,,1,0
2026-09-15,full,/ranking,ranking,472816,234959,1188,0.3196,1131,0,0,,,,1,0
2026-09-15,full,/areas,prefecture-list,173773,57013,839,0.6051,5632,0,0,,,,1,0
2026-09-15,full,/themes,theme,145134,79966,432,0.027,1125,0,0,,,,0,0
2026-09-15,full,/geo,geo-analysis,1561942,775843,2926,0.3333,1128,0,0,,,,1,2
2026-09-15,full,/geo/compare,geo-analysis,91080,56767,245,0.0909,1233,0,0,,,,0,0
2026-09-15,full,/geo/method,geo-analysis,102770,61079,323,0.08,1219,0,0,,,,0,0
2026-09-15,full,/geo/data-catalog,geo-analysis,103326,58419,366,0.2667,1222,0,0,,,,0,1
2026-09-15,full,/geo/layers,geo-analysis,1578938,718688,4325,0.5889,1216,0,0,,,,1,3
2026-09-15,full,/geo/layers/population-mesh,geo-analysis,343235,212669,1023,0.6034,1323,0,0,,,,1,0
2026-09-15,full,/geo/layers/residential-land-price,geo-analysis,301235,173036,996,0.6102,1329,0,0,,,,1,0
2026-09-15,full,/geo/layers/station-points,geo-analysis,281090,151471,991,0.6102,1314,0,0,,,,1,0
2026-09-15,full,/geo/population-land-price,geo-analysis,414731,252008,1123,0.0488,1231,0,0,,,,0,0
2026-09-15,full,/geo/population-flood-risk,geo-analysis,403101,272270,881,0.0488,1231,0,0,,,,0,0
2026-09-15,full,/geo/population-station-access,geo-analysis,339630,214866,871,0.0488,1228,0,0,,,,0,0
2026-09-15,full,/geo/population-snow-designation,geo-analysis,280269,129289,877,0.1944,1231,0,0,,,,0,1
2026-09-15,full,/geo/population-landslide-exposure,geo-analysis,397504,256153,870,0.2051,1252,0,0,,,,0,1
2026-09-15,full,/geo/population-public-facility-access,geo-analysis,396293,239552,1432,0.0687,1237,0,0,,,,0,0
2026-09-15,full,/geo/population-land-price/47/overlap,geo-analysis,415990,252923,1122,0.0488,1231,0,0,,,,0,0
2026-09-15,full,/geo/population-land-price/27/overlap,geo-analysis,415990,252923,1122,0.0488,1231,0,0,,,,0,0
2026-09-15,full,/geo/population-flood-risk/15/overlap,geo-analysis,404271,273149,880,0.0488,1231,0,0,,,,0,0
2026-09-15,full,/geo/population-flood-risk/13/overlap,geo-analysis,404271,273149,880,0.0488,1231,0,0,,,,0,0
2026-09-15,full,/geo/population-flood-risk/01/overlap,geo-analysis,404271,273149,880,0.0488,1231,0,0,,,,0,0
2026-09-15,full,/geo/population-station-access/13/overlap,geo-analysis,340597,215721,870,0.0488,1228,0,0,,,,0,0
2026-09-15,full,/geo/population-station-access/01/overlap,geo-analysis,340597,215721,870,0.0488,1228,0,0,,,,0,0
2026-09-15,full,/geo/datasets/G04-a,geo-analysis,215294,84178,1050,0.6257,1333,0,0,,,,1,0
2026-09-15,full,/geo/datasets/L01,geo-analysis,190943,66696,1019,0.6257,1311,0,0,,,,1,0
2026-09-15,full,/geo/datasets/L02,geo-analysis,190698,66569,1016,0.6257,1323,0,0,,,,1,0
2026-09-15,full,/geo/datasets/L03-a,geo-analysis,209550,78992,1049,0.6257,1327,0,0,,,,1,0
2026-09-15,full,/geo/datasets/W09,geo-analysis,190678,66516,1016,0.6257,1305,0,0,,,,1,0
2026-09-15,full,/geo/datasets/A16,geo-analysis,191663,67084,1019,0.6257,1320,0,0,,,,1,0
2026-09-15,full,/geo/datasets/A17,geo-analysis,200005,71431,1043,0.6257,1311,0,0,,,,1,0
2026-09-15,full,/geo/datasets/A22,geo-analysis,196528,68576,1039,0.6257,1311,0,0,,,,1,0
2026-09-15,full,/geo/datasets/A31b,geo-analysis,3203134,2870826,1727,0.6278,1323,0,0,,,,1,2
2026-09-15,full,/geo/datasets/A38,geo-analysis,218544,86867,1060,0.6257,1308,0,0,,,,1,0
2026-09-15,full,/geo/datasets/N03,geo-analysis,207845,79022,1042,0.6257,1311,0,0,,,,1,0
2026-09-15,full,/geo/datasets/P04,geo-analysis,202087,72652,1052,0.6257,1311,0,0,,,,1,0
2026-09-15,full,/geo/datasets/P05,geo-analysis,199229,70925,1040,0.6257,1338,0,0,,,,1,0
2026-09-15,full,/geo/datasets/P11,geo-analysis,197327,69768,1034,0.6257,1314,0,0,,,,1,0
2026-09-15,full,/geo/datasets/P29,geo-analysis,201712,72484,1049,0.6257,1305,0,0,,,,1,0
2026-09-15,full,/geo/datasets/P36,geo-analysis,197173,69636,1034,0.6257,1320,0,0,,,,1,0
2026-09-15,full,/geo/datasets/C28,geo-analysis,195728,67557,1042,0.6257,1305,0,0,,,,1,0
2026-09-15,full,/geo/datasets/N02,geo-analysis,195327,67260,1045,0.6257,1305,0,0,,,,1,0
2026-09-15,full,/geo/datasets/N07,geo-analysis,196427,69280,1030,0.6257,1314,0,0,,,,1,0
2026-09-15,full,/geo/datasets/S12,geo-analysis,193406,68306,1025,0.6257,1317,0,0,,,,1,0
2026-09-15,full,/geo/datasets/mesh1000r6,geo-analysis,203550,73627,1053,0.6257,1336,0,0,,,,1,0
2026-09-15,full,/geo/datasets/A03,geo-analysis,195375,67302,1042,0.6257,1326,0,0,,,,1,0
2026-09-15,full,/geo/datasets/A09,geo-analysis,229659,97792,1047,0.6257,1311,0,0,,,,1,0
2026-09-15,full,/geo/datasets/A18,geo-analysis,196959,68883,1042,0.6257,1329,0,0,,,,1,0
2026-09-15,full,/geo/datasets/A19,geo-analysis,196501,68702,1039,0.6257,1329,0,0,,,,1,0
2026-09-15,full,/geo/datasets/A23,geo-analysis,196225,68161,1042,0.6257,1317,0,0,,,,1,0
2026-09-15,full,/geo/datasets/A24,geo-analysis,199203,70977,1043,0.6257,1311,0,0,,,,1,0
2026-09-15,full,/geo/datasets/A25,geo-analysis,198951,70929,1040,0.6257,1320,0,0,,,,1,0
2026-09-15,full,/geo/datasets/A30a5,geo-analysis,209319,79051,1049,0.6257,1332,0,0,,,,1,0
2026-09-15,full,/geo/datasets/A31a,geo-analysis,432677,281904,1107,0.6257,1341,0,0,,,,1,0
2026-09-15,full,/geo/datasets/A42,geo-analysis,194167,66511,1036,0.6257,1326,0,0,,,,1,0
2026-09-15,full,/geo/datasets/A43,geo-analysis,191362,66919,1019,0.6257,1332,0,0,,,,1,0
2026-09-15,full,/geo/datasets/A44,geo-analysis,191738,67146,1019,0.6257,1347,0,0,,,,1,0
2026-09-15,full,/geo/datasets/A45,geo-analysis,210028,79818,1049,0.6257,1311,0,0,,,,1,0
2026-09-15,full,/geo/datasets/A51,geo-analysis,194847,67155,1036,0.6257,1341,0,0,,,,1,0
2026-09-15,full,/geo/datasets/A52,geo-analysis,197380,69189,1042,0.6257,1314,0,0,,,,1,0
2026-09-15,full,/geo/datasets/A53,geo-analysis,199707,71297,1040,0.6257,1320,0,0,,,,1,0
2026-09-15,full,/geo/datasets/A54,geo-analysis,194824,67244,1036,0.6257,1323,0,0,,,,1,0
2026-09-15,full,/geo/datasets/A55,geo-analysis,211090,80683,1046,0.6257,1323,0,0,,,,1,0
2026-09-15,full,/geo/datasets/G04-c,geo-analysis,218563,87382,1051,0.6257,1333,0,0,,,,1,0
2026-09-15,full,/geo/datasets/G04-d,geo-analysis,217752,86659,1051,0.6257,1333,0,0,,,,1,0
2026-09-15,full,/geo/datasets/G08,geo-analysis,200767,72632,1037,0.6257,1311,0,0,,,,1,0
2026-09-15,full,/geo/datasets/L03-b,geo-analysis,469003,318319,1102,0.6222,1329,0,0,,,,1,0
2026-09-15,full,/geo/datasets/L03-b-c,geo-analysis,262325,128250,1056,0.6222,1329,0,0,,,,1,0
2026-09-15,full,/geo/datasets/L03-b-u,geo-analysis,222624,91613,1046,0.6257,1341,0,0,,,,1,0
2026-09-15,full,/geo/datasets/N08,geo-analysis,194674,69000,1031,0.6257,1314,0,0,,,,1,0
2026-09-15,full,/geo/datasets/S05-d,geo-analysis,194189,68733,1028,0.6257,1326,0,0,,,,1,0
2026-09-15,full,/geo/datasets/S10a,geo-analysis,194047,68610,1028,0.6257,1332,0,0,,,,1,0
2026-09-15,full,/geo/datasets/m250r6,geo-analysis,236187,102446,1064,0.6257,1359,0,0,,,,1,0
2026-09-15,full,/geo/datasets/m500r6,geo-analysis,205565,75366,1053,0.6257,1359,0,0,,,,1,0
2026-09-15,full,/about,other,102968,57685,326,0.25,2649,0,0,,,,0,1
2026-09-15,full,/products,other,222803,121841,778,0.0192,1131,0,0,,,,0,0
2026-09-15,full,/products/data-p-01,other,77403,44908,243,0.1579,1733,0,0,,,,0,1
2026-09-15,full,/products/data-p-02,other,77298,44843,242,0.1579,1757,0,0,,,,0,1
2026-09-15,full,/products/data-p-03,other,77289,44840,242,0.1579,1754,0,0,,,,0,1
2026-09-15,full,/products/data-p-04,other,77253,44819,242,0.1579,1751,0,0,,,,0,1
2026-09-15,full,/products/data-p-05,other,77280,44840,242,0.1579,1748,0,0,,,,0,1
2026-09-15,full,/products/data-p-06,other,77538,44977,243,0.1579,1754,0,0,,,,0,1
2026-09-15,full,/products/data-p-07,other,77547,44977,243,0.1579,1760,0,0,,,,0,1
2026-09-15,full,/products/data-p-08,other,77271,44831,242,0.1579,1751,0,0,,,,0,1
2026-09-15,full,/products/data-p-09,other,77493,44947,243,0.1579,1754,0,0,,,,0,1
2026-09-15,full,/products/data-p-10,other,77334,44867,242,0.1579,1763,0,0,,,,0,1
2026-09-15,full,/products/data-p-11,other,76599,44480,239,0.1579,1757,0,0,,,,0,1
2026-09-15,full,/products/data-p-12,other,78487,45481,247,0.1579,1743,0,0,,,,0,1
2026-09-15,full,/products/data-p-14,other,77604,45008,243,0.1579,1765,0,0,,,,0,1
2026-09-15,full,/products/kindle-k-s1-01,other,76610,44484,232,0.1579,1972,0,0,,,,0,1
2026-09-15,full,/products/kindle-k-s1-02,other,76418,44390,232,0.1579,1940,0,0,,,,0,1
2026-09-15,full,/products/kindle-k-s1-03,other,75764,44055,232,0.1579,1831,0,0,,,,0,1
2026-09-15,full,/products/kindle-k-s1-04,other,76460,44395,232,0.1579,1947,0,0,,,,0,1
2026-09-15,full,/products/kindle-k-s1-05,other,76358,44355,232,0.1579,1930,0,0,,,,0,1
2026-09-15,full,/products/kindle-k-s1-06,other,76466,44403,232,0.1579,1948,0,0,,,,0,1
2026-09-15,full,/products/kindle-k-s1-07,other,76286,44316,232,0.1579,1918,0,0,,,,0,1
2026-09-15,full,/products/kindle-k-s1-08,other,76538,44448,232,0.1579,1960,0,0,,,,0,1
2026-09-15,full,/products/kindle-k-s1-09,other,76160,44247,232,0.1579,1897,0,0,,,,0,1
2026-09-15,full,/products/kindle-k-s1-10,other,76268,44304,232,0.1579,1915,0,0,,,,0,1
2026-09-15,full,/products/kindle-k-s1-11,other,75843,44072,232,0.1579,1842,0,0,,,,0,1
2026-09-15,full,/products/kindle-k-s1-12,other,76220,44279,232,0.1579,1907,0,0,,,,0,1
2026-09-15,full,/products/kindle-k-s2-01,other,76388,44350,232,0.1579,1935,0,0,,,,0,1
2026-09-15,full,/products/kindle-k-s2-02,other,76550,44440,232,0.1579,1962,0,0,,,,0,1
2026-09-15,full,/products/kindle-k-s2-03,other,76388,44350,232,0.1579,1935,0,0,,,,0,1
2026-09-15,full,/products/kindle-k-s2-05,other,76388,44350,232,0.1579,1935,0,0,,,,0,1
2026-09-15,full,/products/kindle-k-s2-06,other,76442,44380,232,0.1579,1944,0,0,,,,0,1
2026-09-15,full,/products/kindle-k-s2-11,other,76388,44350,232,0.1579,1935,0,0,,,,0,1
2026-09-15,full,/products/kindle-k-s3-01,other,76034,44184,232,0.1579,1876,0,0,,,,0,1
2026-09-15,full,/products/kindle-k-s3-03,other,75980,44154,232,0.1579,1867,0,0,,,,0,1
2026-09-15,full,/products/kindle-k-s3-08,other,76142,44244,232,0.1579,1894,0,0,,,,0,1
2026-09-15,full,/products/kindle-k-s4-01,other,76550,44448,232,0.1579,1962,0,0,,,,0,1
2026-09-15,full,/products/service-geo-service-01,other,75619,44005,233,0.1579,1803,0,0,,,,0,1
2026-09-15,full,/privacy,other,96859,54731,335,0.1818,912,0,0,,,,0,1
2026-09-15,full,/terms,other,85217,48658,291,0,912,0,0,,,,0,0
2026-09-15,full,/themes/population-dynamics,theme,1351058,919694,2847,0.5081,1958,0,0,,,,1,2
2026-09-15,full,/themes/aging-society,theme,676947,436393,1526,0.3889,1878,0,0,,,,1,0
2026-09-15,full,/themes/living-housing,theme,1004837,579578,2931,0.5439,1872,0,0,,,,1,2
2026-09-15,full,/themes/local-economy,theme,744044,489763,1673,0.4043,2018,0,0,,,,1,0
2026-09-15,full,/themes/labor-wages,theme,496883,299833,1318,0.3721,1980,0,0,,,,1,0
2026-09-15,full,/themes/manufacturing,theme,486335,283070,1420,0.3613,1817,0,0,,,,1,0
2026-09-15,full,/themes/healthcare,theme,1416681,842583,3774,0.5625,1830,0,0,,,,1,2
2026-09-15,full,/themes/safety,theme,1342445,850876,3156,0.5188,1811,0,0,,,,1,2
2026-09-15,full,/themes/education-culture,theme,984647,604739,2535,0.5,1839,0,0,,,,1,2
2026-09-15,full,/themes/tourism,theme,622489,375917,1674,0.4023,1806,0,0,,,,1,0
2026-09-15,full,/themes/consumer-prices,theme,450980,265455,1279,0.3766,1923,0,0,,,,1,0
2026-09-15,full,/themes/foreign-residents,theme,359769,213491,993,0.3083,1931,0,0,,,,1,0
2026-09-15,full,/themes/occupation-salary,theme,740398,518150,1331,0.3909,2221,0,0,,,,1,1
2026-09-15,full,/themes/real-income,theme,635146,407316,1490,0.4041,1928,0,0,,,,1,0
2026-09-15,full,/themes/labor-mobility,theme,581529,304305,1989,0.4697,1902,0,0,,,,1,0
2026-09-15,full,/themes/local-finance,theme,760381,443977,2227,0.3516,912,0,0,,,,1,0
2026-09-15,full,/themes/fishery-marine,theme,617951,418932,1242,0.3616,1886,0,0,,,,1,0
2026-09-15,full,/themes/ports,theme,310251,166154,1061,0.3053,1760,0,0,,,,1,0
2026-09-15,full,/themes/railway,theme,262978,132929,980,0.2835,1780,0,0,,,,0,1
2026-09-15,full,/themes/roads,theme,4844312,2535930,2049,0.3529,1793,0,0,,,,1,2
2026-09-15,full,/themes/climate,theme,412290,230647,1269,0.3309,1787,0,0,,,,1,0
2026-09-15,full,/themes/construction-industry,theme,396297,213283,1288,0.3974,2002,0,0,,,,1,0
2026-09-15,full,/themes/waste-recycling,theme,180373,84485,691,0.2041,2188,0,0,,,,0,1
2026-09-15,full,/themes/information-industry,theme,190656,89811,738,0.2255,2079,0,0,,,,0,1
2026-09-15,full,/themes/land-property-market,theme,293860,155456,975,0.2719,2204,0,0,,,,0,1
2026-09-15,full,/themes/agriculture-production,theme,366806,190589,1260,0.3878,1988,0,0,,,,1,0
2026-09-15,full,/themes/forestry-timber,theme,446669,235096,1508,0.4379,2383,0,0,,,,1,0
2026-09-15,full,/themes/retail-commerce,theme,206580,97693,796,0.2476,2172,0,0,,,,0,1
2026-09-15,full,/themes/local-services,theme,484928,266110,1527,0.4386,2481,0,0,,,,1,0
2026-09-15,full,/themes/business-demography,theme,318802,166717,1075,0.328,2105,0,0,,,,1,0
2026-09-15,full,/themes/innovation-patents,theme,277963,139693,987,0.3167,2297,0,0,,,,1,0
2026-09-15,full,/themes/childcare-services,theme,241862,119906,872,0.2743,2305,0,0,,,,0,1
2026-09-15,full,/themes/single-parent-households,theme,368998,221495,1009,0.3284,2294,0,0,,,,1,0
2026-09-15,full,/themes/long-term-care,theme,246254,122052,884,0.2696,2310,0,0,,,,0,1
2026-09-15,full,/themes/disability-support,theme,260931,134437,889,0.2632,2345,0,0,,,,0,1
2026-09-15,full,/themes/public-assistance,theme,255396,128843,892,0.2712,2701,0,0,,,,0,1
2026-09-15,full,/themes/health-checkups,theme,475868,284511,1305,0.3617,2232,0,0,,,,1,0
2026-09-15,full,/themes/daily-time-use,theme,293381,147442,1049,0.336,2154,0,0,,,,1,0
2026-09-15,full,/themes/household-assets-debt,theme,278687,140073,998,0.3197,1931,0,0,,,,1,0
2026-09-15,full,/themes/freight-logistics,theme,973350,734647,1158,0.2545,2143,0,0,,,,0,3
2026-09-15,full,/themes/regional-transport,theme,251055,122026,937,0.3025,1966,0,0,,,,1,0
2026-09-15,full,/themes/geographic-access,theme,496433,343715,1001,0.2562,2256,0,0,,,,0,1
2026-09-15,full,/themes/water-services,theme,328721,170555,1124,0.3556,2552,0,0,,,,1,0
2026-09-15,full,/themes/communication-access,theme,219255,106174,812,0.2545,2232,0,0,,,,0,1
2026-09-15,full,/themes/regional-energy,theme,508503,283619,1559,0.4303,2701,0,0,,,,1,0
2026-09-15,full,/themes/environmental-quality,theme,1294800,957784,1476,0.451,2418,0,0,,,,1,2
2026-09-15,full,/themes/natural-environment,theme,263919,132168,947,0.3095,2605,0,0,,,,1,0
2026-09-15,full,/themes/earthquake-exposure,theme,246104,129073,842,0.219,1976,0,0,,,,0,1
2026-09-15,full,/themes/landslide-exposure,theme,515986,343935,1100,0.2787,2469,0,0,,,,0,1
2026-09-15,full,/themes/tsunami-exposure,theme,234672,122966,770,0.1596,3357,0,0,,,,0,1
2026-09-15,full,/themes/cultural-participation,theme,339254,172831,1189,0.3723,1979,0,0,,,,1,0
2026-09-15,full,/themes/sports-participation,theme,457468,256801,1415,0.4025,1968,0,0,,,,1,0
2026-09-15,full,/themes/local-government-digital,theme,296092,156933,973,0.287,2246,0,0,,,,0,1
2026-09-15,full,/themes/gender-participation,theme,301717,151464,1066,0.3359,2782,0,0,,,,1,0
2026-09-15,full,/themes/community-participation,theme,207659,97541,803,0.2569,2426,0,0,,,,0,1
2026-09-15,full,/areas/01000,prefecture-detail,587316,296978,2095,0.1267,59289,0,0,,,,0,1
2026-09-15,full,/areas/02000,prefecture-detail,533066,268121,1954,0.2232,58161,0,0,,,,0,2
2026-09-15,full,/areas/03000,prefecture-detail,484375,245230,1925,0.2083,38810,0,0,,,,0,1
2026-09-15,full,/areas/04000,prefecture-detail,453872,231099,1910,0.2074,25907,0,0,,,,0,1
2026-09-15,full,/areas/05000,prefecture-detail,530975,266554,1901,0.2184,63810,0,0,,,,0,2
2026-09-15,full,/areas/06000,prefecture-detail,494074,249860,1925,0.2431,42494,0,0,,,,0,1
2026-09-15,full,/areas/07000,prefecture-detail,469071,238727,1930,0.1833,29098,0,0,,,,0,1
2026-09-15,full,/areas/08000,prefecture-detail,480306,243968,1938,0.1974,33298,0,0,,,,0,1
2026-09-15,full,/areas/09000,prefecture-detail,444401,226556,1893,0.233,22840,0,0,,,,0,1
2026-09-15,full,/areas/10000,prefecture-detail,446278,227825,1899,0.213,22062,0,0,,,,0,1
2026-09-15,full,/areas/11000,prefecture-detail,573165,287303,1979,0.1862,72640,0,0,,,,0,2
2026-09-15,full,/areas/12000,prefecture-detail,503879,254993,1929,0.2213,45209,0,0,,,,0,1
2026-09-15,full,/areas/13000,prefecture-detail,641077,318251,1954,0.2009,109343,0,0,,,,0,2
2026-09-15,full,/areas/14000,prefecture-detail,598581,298314,1954,0.212,89990,0,0,,,,0,2
2026-09-15,full,/areas/15000,prefecture-detail,471076,239734,1888,0.214,32346,0,0,,,,0,1
2026-09-15,full,/areas/16000,prefecture-detail,473763,239987,1900,0.2462,37038,0,0,,,,0,1
2026-09-15,full,/areas/17000,prefecture-detail,455443,231632,1922,0.2195,25743,0,0,,,,0,1
2026-09-15,full,/areas/18000,prefecture-detail,518763,260879,1930,0.2315,55134,0,0,,,,0,2
2026-09-15,full,/areas/19000,prefecture-detail,481237,243548,1920,0.217,38227,0,0,,,,0,1
2026-09-15,full,/areas/20000,prefecture-detail,492961,250409,1992,0.1673,32927,0,0,,,,0,1
2026-09-15,full,/areas/21000,prefecture-detail,463418,235924,1948,0.193,25524,0,0,,,,0,1
2026-09-15,full,/areas/22000,prefecture-detail,449461,229166,1900,0.2064,24054,0,0,,,,0,1
2026-09-15,full,/areas/23000,prefecture-detail,571023,286290,1972,0.2042,72022,0,0,,,,0,2
2026-09-15,full,/areas/24000,prefecture-detail,445977,227481,1911,0.2133,21846,0,0,,,,0,1
2026-09-15,full,/areas/25000,prefecture-detail,456613,231895,1884,0.225,30790,0,0,,,,0,1
2026-09-15,full,/areas/26000,prefecture-detail,477658,242033,1906,0.2115,37307,0,0,,,,0,1
2026-09-15,full,/areas/27000,prefecture-detail,581981,290772,1945,0.2212,81703,0,0,,,,0,2
2026-09-15,full,/areas/28000,prefecture-detail,484910,245682,1924,0.1973,38654,0,0,,,,0,1
2026-09-15,full,/areas/29000,prefecture-detail,480114,243426,1920,0.2127,36284,0,0,,,,0,1
2026-09-15,full,/areas/30000,prefecture-detail,491570,248445,1910,0.2217,43361,0,0,,,,0,1
2026-09-15,full,/areas/31000,prefecture-detail,542021,271553,1931,0.2289,66544,0,0,,,,0,2
2026-09-15,full,/areas/32000,prefecture-detail,523447,262755,1901,0.2323,61445,0,0,,,,0,2
2026-09-15,full,/areas/33000,prefecture-detail,436115,222647,1889,0.2184,20021,0,0,,,,0,1
2026-09-15,full,/areas/34000,prefecture-detail,430152,219776,1896,0.2266,16811,0,0,,,,0,1
2026-09-15,full,/areas/35000,prefecture-detail,456732,232150,1904,0.225,27987,0,0,,,,0,1
2026-09-15,full,/areas/36000,prefecture-detail,521210,262111,1925,0.2195,55774,0,0,,,,0,2
2026-09-15,full,/areas/37000,prefecture-detail,462471,234592,1914,0.2487,30875,0,0,,,,0,1
2026-09-15,full,/areas/38000,prefecture-detail,457175,232318,1883,0.2273,30392,0,0,,,,0,1
2026-09-15,full,/areas/39000,prefecture-detail,549734,275388,1895,0.2133,72561,0,0,,,,0,2
2026-09-15,full,/areas/40000,prefecture-detail,491932,249556,1970,0.1796,35554,0,0,,,,0,1
2026-09-15,full,/areas/41000,prefecture-detail,489257,247059,1905,0.2217,44357,0,0,,,,0,1
2026-09-15,full,/areas/42000,prefecture-detail,485020,245422,1930,0.2573,38952,0,0,,,,0,1
2026-09-15,full,/areas/43000,prefecture-detail,455742,232323,1916,0.1938,24779,0,0,,,,0,1
2026-09-15,full,/areas/44000,prefecture-detail,449989,228847,1880,0.22,27931,0,0,,,,0,1
2026-09-15,full,/areas/45000,prefecture-detail,483819,244710,1915,0.2105,40136,0,0,,,,0,1
2026-09-15,full,/areas/46000,prefecture-detail,498911,252342,1952,0.193,41972,0,0,,,,0,1
2026-09-15,full,/areas/47000,prefecture-detail,559099,280005,1936,0.2188,73224,0,0,,,,0,2
2026-09-15,full,/areas/01000/population-dynamics,prefecture-detail,1363957,926265,3001,0.5125,1958,0,0,,,,1,2
2026-09-15,full,/areas/01000/aging-society,prefecture-detail,689990,443305,1661,0.3908,1878,0,0,,,,1,0
2026-09-15,full,/areas/01000/living-housing,prefecture-detail,1017251,586468,3046,0.5484,1872,0,0,,,,1,2
2026-09-15,full,/areas/01000/local-economy,prefecture-detail,756139,496585,1783,0.4066,2018,0,0,,,,1,0
2026-09-15,full,/areas/01000/labor-wages,prefecture-detail,509933,306771,1449,0.3735,1980,0,0,,,,1,0
2026-09-15,full,/areas/01000/manufacturing,prefecture-detail,498945,290135,1518,0.3624,1817,0,0,,,,1,0
2026-09-15,full,/areas/01000/healthcare,prefecture-detail,1429116,849563,3881,0.5669,1830,0,0,,,,1,3
2026-09-15,full,/areas/01000/safety,prefecture-detail,1355269,857721,3271,0.5226,1811,0,0,,,,1,2
2026-09-15,full,/areas/01000/education-culture,prefecture-detail,1002804,611736,2728,0.4906,1839,0,0,,,,1,2
2026-09-15,full,/areas/01000/tourism,prefecture-detail,651822,382929,1893,0.4048,1806,0,0,,,,1,0
2026-09-15,full,/areas/01000/consumer-prices,prefecture-detail,462690,272507,1380,0.3784,1923,0,0,,,,1,0
2026-09-15,full,/areas/01000/foreign-residents,prefecture-detail,371866,220454,1093,0.3071,1931,0,0,,,,1,0
2026-09-15,full,/areas/01000/occupation-salary,prefecture-detail,754703,524982,1509,0.3927,2221,0,0,,,,1,1
2026-09-15,full,/areas/01000/real-income,prefecture-detail,648233,414265,1626,0.4064,1928,0,0,,,,1,0
2026-09-15,full,/areas/01000/labor-mobility,prefecture-detail,594040,311125,2098,0.474,1902,0,0,,,,1,0
2026-09-15,full,/areas/01000/local-finance,prefecture-detail,1001465,637944,2391,0.4898,1937,0,0,,,,1,2
2026-09-15,full,/areas/01000/fishery-marine,prefecture-detail,630961,425825,1375,0.3626,1886,0,0,,,,1,0
2026-09-15,full,/areas/01000/climate,prefecture-detail,424019,237583,1353,0.3308,1787,0,0,,,,1,0
2026-09-15,full,/areas/01000/construction-industry,prefecture-detail,408662,220288,1379,0.4,2002,0,0,,,,1,0
2026-09-15,full,/areas/01000/waste-recycling,prefecture-detail,192122,91435,779,0.1957,2188,0,0,,,,0,1
2026-09-15,full,/areas/01000/information-industry,prefecture-detail,202579,96850,827,0.2188,2079,0,0,,,,0,1
2026-09-15,full,/areas/01000/land-property-market,prefecture-detail,305983,162596,1064,0.2685,2204,0,0,,,,0,1
2026-09-15,full,/areas/01000/agriculture-production,prefecture-detail,379333,197579,1356,0.3901,1988,0,0,,,,1,0
2026-09-15,full,/areas/01000/forestry-timber,prefecture-detail,459143,242063,1602,0.4417,2383,0,0,,,,1,0
2026-09-15,full,/areas/01000/retail-commerce,prefecture-detail,218575,104753,885,0.2424,2172,0,0,,,,0,1
2026-09-15,full,/areas/01000/local-services,prefecture-detail,498178,273058,1634,0.4424,2481,0,0,,,,1,0
2026-09-15,full,/areas/01000/business-demography,prefecture-detail,330579,173670,1163,0.3277,2105,0,0,,,,1,0
2026-09-15,full,/areas/01000/innovation-patents,prefecture-detail,289706,146638,1075,0.3158,2297,0,0,,,,1,0
2026-09-15,full,/areas/01000/childcare-services,prefecture-detail,253641,126870,960,0.271,2305,0,0,,,,0,1
2026-09-15,full,/areas/01000/single-parent-households,prefecture-detail,381946,228505,1104,0.3281,2294,0,0,,,,1,0
2026-09-15,full,/areas/01000/long-term-care,prefecture-detail,257550,129095,967,0.2661,2310,0,0,,,,0,1
2026-09-15,full,/areas/01000/disability-support,prefecture-detail,272884,141530,977,0.2593,2345,0,0,,,,0,1
2026-09-15,full,/areas/01000/public-assistance,prefecture-detail,267847,135934,982,0.2679,2701,0,0,,,,0,1
2026-09-15,full,/areas/01000/health-checkups,prefecture-detail,488155,291591,1403,0.363,2232,0,0,,,,1,0
2026-09-15,full,/areas/01000/daily-time-use,prefecture-detail,304552,154401,1132,0.3361,2154,0,0,,,,1,0
2026-09-15,full,/areas/01000/household-assets-debt,prefecture-detail,290500,147066,1086,0.319,1931,0,0,,,,1,0
2026-09-15,full,/areas/01000/freight-logistics,prefecture-detail,984630,741623,1241,0.25,2143,0,0,,,,0,3
2026-09-15,full,/areas/01000/regional-transport,prefecture-detail,263018,129054,1026,0.3009,1966,0,0,,,,1,0
2026-09-15,full,/areas/01000/geographic-access,prefecture-detail,508322,350685,1090,0.2522,2256,0,0,,,,0,1
2026-09-15,full,/areas/01000/water-services,prefecture-detail,341927,177651,1222,0.3566,2552,0,0,,,,1,0
2026-09-15,full,/areas/01000/communication-access,prefecture-detail,231160,113191,901,0.25,2232,0,0,,,,0,1
2026-09-15,full,/areas/01000/regional-energy,prefecture-detail,521919,290604,1669,0.434,2701,0,0,,,,1,0
2026-09-15,full,/areas/01000/environmental-quality,prefecture-detail,1460019,964821,2732,0.7279,2418,0,0,,,,1,2
2026-09-15,full,/areas/01000/natural-environment,prefecture-detail,276140,139102,1037,0.3083,2605,0,0,,,,1,0
2026-09-15,full,/areas/01000/earthquake-exposure,prefecture-detail,258072,136137,930,0.2121,1976,0,0,,,,0,1
2026-09-15,full,/areas/01000/landslide-exposure,prefecture-detail,527966,350993,1188,0.2759,2469,0,0,,,,0,1
2026-09-15,full,/areas/01000/tsunami-exposure,prefecture-detail,246433,129607,860,0.1477,3357,0,0,,,,0,0
2026-09-15,full,/areas/01000/cultural-participation,prefecture-detail,352277,179882,1284,0.374,1979,0,0,,,,1,0
2026-09-15,full,/areas/01000/sports-participation,prefecture-detail,469642,263835,1512,0.4052,1968,0,0,,,,1,0
2026-09-15,full,/areas/01000/local-government-digital,prefecture-detail,308189,164069,1061,0.2844,2246,0,0,,,,0,1
2026-09-15,full,/areas/01000/gender-participation,prefecture-detail,314566,158448,1160,0.336,2782,0,0,,,,1,0
2026-09-15,full,/areas/01000/community-participation,prefecture-detail,219592,104538,892,0.2524,2426,0,0,,,,0,1
2026-09-15,full,/areas/02000/population-dynamics,prefecture-detail,1363809,926265,3002,0.5125,1958,0,0,,,,1,2
2026-09-15,full,/areas/02000/aging-society,prefecture-detail,689394,443305,1656,0.3908,1878,0,0,,,,1,0
2026-09-15,full,/areas/02000/living-housing,prefecture-detail,1017206,586470,3046,0.5484,1872,0,0,,,,1,2
2026-09-15,full,/areas/02000/local-economy,prefecture-detail,756114,496583,1783,0.4066,2018,0,0,,,,1,0
2026-09-15,full,/areas/02000/labor-wages,prefecture-detail,509925,306769,1449,0.3735,1980,0,0,,,,1,0
2026-09-15,full,/areas/02000/manufacturing,prefecture-detail,498917,290133,1518,0.3624,1817,0,0,,,,1,0
2026-09-15,full,/areas/02000/healthcare,prefecture-detail,1428929,849565,3881,0.5669,1830,0,0,,,,1,3
2026-09-15,full,/areas/02000/safety,prefecture-detail,1355222,857719,3271,0.5226,1811,0,0,,,,1,2
2026-09-15,full,/areas/02000/education-culture,prefecture-detail,1000832,611735,2712,0.4981,1839,0,0,,,,1,2
2026-09-15,full,/areas/02000/tourism,prefecture-detail,632845,382926,1766,0.4048,1806,0,0,,,,1,0
2026-09-15,full,/areas/02000/consumer-prices,prefecture-detail,463302,272506,1385,0.3784,1923,0,0,,,,1,0
2026-09-15,full,/areas/02000/foreign-residents,prefecture-detail,371862,220452,1093,0.3071,1931,0,0,,,,1,0
2026-09-15,full,/areas/02000/occupation-salary,prefecture-detail,754693,524982,1509,0.3927,2221,0,0,,,,1,1
2026-09-15,full,/areas/02000/real-income,prefecture-detail,648235,414265,1626,0.4064,1928,0,0,,,,1,0
2026-09-15,full,/areas/02000/labor-mobility,prefecture-detail,593414,311124,2093,0.474,1902,0,0,,,,1,0
2026-09-15,full,/areas/02000/local-finance,prefecture-detail,1001435,637944,2391,0.4898,1937,0,0,,,,1,2
2026-09-15,full,/areas/02000/fishery-marine,prefecture-detail,631563,425823,1380,0.3626,1886,0,0,,,,1,0
2026-09-15,full,/areas/02000/climate,prefecture-detail,423803,237579,1351,0.3308,1787,0,0,,,,1,0
2026-09-15,full,/areas/02000/construction-industry,prefecture-detail,409219,220283,1384,0.4,2002,0,0,,,,1,0
2026-09-15,full,/areas/02000/waste-recycling,prefecture-detail,192105,91432,779,0.1957,2188,0,0,,,,0,1
2026-09-15,full,/areas/02000/information-industry,prefecture-detail,202563,96847,827,0.2188,2079,0,0,,,,0,1
2026-09-15,full,/areas/02000/land-property-market,prefecture-detail,306019,162594,1065,0.2685,2204,0,0,,,,0,1
2026-09-15,full,/areas/02000/agriculture-production,prefecture-detail,379289,197575,1356,0.3901,1988,0,0,,,,1,0
2026-09-15,full,/areas/02000/forestry-timber,prefecture-detail,459711,242059,1607,0.4417,2383,0,0,,,,1,0
2026-09-15,full,/areas/02000/retail-commerce,prefecture-detail,218571,104753,885,0.2424,2172,0,0,,,,0,1
2026-09-15,full,/areas/02000/local-services,prefecture-detail,498146,273058,1634,0.4424,2481,0,0,,,,1,0
2026-09-15,full,/areas/02000/business-demography,prefecture-detail,330555,173668,1163,0.3277,2105,0,0,,,,1,0
2026-09-15,full,/areas/02000/innovation-patents,prefecture-detail,289682,146635,1075,0.3158,2297,0,0,,,,1,0
2026-09-15,full,/areas/02000/childcare-services,prefecture-detail,253029,126873,955,0.271,2305,0,0,,,,0,1
2026-09-15,full,/areas/02000/single-parent-households,prefecture-detail,381929,228505,1104,0.3281,2294,0,0,,,,1,0
2026-09-15,full,/areas/02000/long-term-care,prefecture-detail,258180,129096,972,0.2661,2310,0,0,,,,0,1
2026-09-15,full,/areas/02000/disability-support,prefecture-detail,272268,141531,972,0.2593,2345,0,0,,,,0,1
2026-09-15,full,/areas/02000/public-assistance,prefecture-detail,268464,135934,987,0.2679,2701,0,0,,,,0,1
2026-09-15,full,/areas/02000/health-checkups,prefecture-detail,488145,291591,1403,0.363,2232,0,0,,,,1,0
2026-09-15,full,/areas/02000/daily-time-use,prefecture-detail,304555,154401,1132,0.3361,2154,0,0,,,,1,0
2026-09-15,full,/areas/02000/household-assets-debt,prefecture-detail,290505,147066,1086,0.319,1931,0,0,,,,1,0
2026-09-15,full,/areas/02000/freight-logistics,prefecture-detail,985087,741618,1245,0.25,2143,0,0,,,,0,3
2026-09-15,full,/areas/02000/regional-transport,prefecture-detail,263003,129052,1026,0.3009,1966,0,0,,,,1,0
2026-09-15,full,/areas/02000/geographic-access,prefecture-detail,508920,350682,1095,0.2522,2256,0,0,,,,0,1
2026-09-15,full,/areas/02000/water-services,prefecture-detail,341924,177650,1222,0.3566,2552,0,0,,,,1,0
2026-09-15,full,/areas/02000/communication-access,prefecture-detail,231149,113189,901,0.25,2232,0,0,,,,0,1
2026-09-15,full,/areas/02000/regional-energy,prefecture-detail,521904,290604,1669,0.434,2701,0,0,,,,1,0
2026-09-15,full,/areas/02000/environmental-quality,prefecture-detail,1323610,964819,1693,0.5122,2418,0,0,,,,1,2
2026-09-15,full,/areas/02000/natural-environment,prefecture-detail,276737,139098,1042,0.3083,2605,0,0,,,,1,0
2026-09-15,full,/areas/02000/earthquake-exposure,prefecture-detail,257986,136136,930,0.2121,1976,0,0,,,,0,1
2026-09-15,full,/areas/02000/landslide-exposure,prefecture-detail,527950,350992,1188,0.2759,2469,0,0,,,,0,1
2026-09-15,full,/areas/02000/tsunami-exposure,prefecture-detail,247111,129605,866,0.1477,3357,0,0,,,,0,0
2026-09-15,full,/areas/02000/cultural-participation,prefecture-detail,352278,179882,1284,0.374,1979,0,0,,,,1,0
2026-09-15,full,/areas/02000/sports-participation,prefecture-detail,469650,263835,1512,0.4052,1968,0,0,,,,1,0
2026-09-15,full,/areas/02000/local-government-digital,prefecture-detail,308181,164069,1061,0.2844,2246,0,0,,,,0,1
2026-09-15,full,/areas/02000/gender-participation,prefecture-detail,313954,158450,1155,0.336,2782,0,0,,,,1,0
2026-09-15,full,/areas/02000/community-participation,prefecture-detail,219551,104594,891,0.2524,2426,0,0,,,,0,1
2026-09-15,full,/areas/03000/population-dynamics,prefecture-detail,1363739,926265,3001,0.5125,1958,0,0,,,,1,2
2026-09-15,full,/areas/03000/aging-society,prefecture-detail,690015,443305,1661,0.3908,1878,0,0,,,,1,0
2026-09-15,full,/areas/03000/living-housing,prefecture-detail,1017181,586470,3046,0.5484,1872,0,0,,,,1,2
2026-09-15,full,/areas/03000/local-economy,prefecture-detail,756110,496583,1783,0.4066,2018,0,0,,,,1,0
2026-09-15,full,/areas/03000/labor-wages,prefecture-detail,509913,306769,1449,0.3735,1980,0,0,,,,1,0
2026-09-15,full,/areas/03000/manufacturing,prefecture-detail,498912,290133,1518,0.3624,1817,0,0,,,,1,0
2026-09-15,full,/areas/03000/healthcare,prefecture-detail,1428928,849565,3881,0.5669,1830,0,0,,,,1,3
2026-09-15,full,/areas/03000/safety,prefecture-detail,1355216,857719,3271,0.5226,1811,0,0,,,,1,2
2026-09-15,full,/areas/03000/education-culture,prefecture-detail,1004505,611736,2742,0.4869,1839,0,0,,,,1,2
2026-09-15,full,/areas/03000/tourism,prefecture-detail,631060,382926,1754,0.4048,1806,0,0,,,,1,0
2026-09-15,full,/areas/03000/consumer-prices,prefecture-detail,463304,272506,1385,0.3784,1923,0,0,,,,1,0
2026-09-15,full,/areas/03000/foreign-residents,prefecture-detail,371863,220453,1093,0.3071,1931,0,0,,,,1,0
2026-09-15,full,/areas/03000/occupation-salary,prefecture-detail,754583,524981,1508,0.3927,2221,0,0,,,,1,1
2026-09-15,full,/areas/03000/real-income,prefecture-detail,648229,414265,1626,0.4064,1928,0,0,,,,1,0
2026-09-15,full,/areas/03000/labor-mobility,prefecture-detail,594036,311125,2098,0.474,1902,0,0,,,,1,0
2026-09-15,full,/areas/03000/local-finance,prefecture-detail,1001443,637944,2391,0.4898,1937,0,0,,,,1,2
2026-09-15,full,/areas/03000/fishery-marine,prefecture-detail,631563,425820,1380,0.3626,1886,0,0,,,,1,0
2026-09-15,full,/areas/03000/climate,prefecture-detail,423809,237581,1351,0.3308,1787,0,0,,,,1,0
2026-09-15,full,/areas/03000/construction-industry,prefecture-detail,409240,220283,1384,0.4,2002,0,0,,,,1,0
2026-09-15,full,/areas/03000/waste-recycling,prefecture-detail,192106,91432,779,0.1957,2188,0,0,,,,0,1
2026-09-15,full,/areas/03000/information-industry,prefecture-detail,202562,96847,827,0.2188,2079,0,0,,,,0,1
2026-09-15,full,/areas/03000/land-property-market,prefecture-detail,305964,162594,1064,0.2685,2204,0,0,,,,0,1
2026-09-15,full,/areas/03000/agriculture-production,prefecture-detail,379916,197575,1361,0.3901,1988,0,0,,,,1,0
2026-09-15,full,/areas/03000/forestry-timber,prefecture-detail,459128,242061,1602,0.4417,2383,0,0,,,,1,0
2026-09-15,full,/areas/03000/retail-commerce,prefecture-detail,218572,104753,885,0.2424,2172,0,0,,,,0,1
2026-09-15,full,/areas/03000/local-services,prefecture-detail,498149,273058,1634,0.4424,2481,0,0,,,,1,0
2026-09-15,full,/areas/03000/business-demography,prefecture-detail,330554,173668,1163,0.3277,2105,0,0,,,,1,0
2026-09-15,full,/areas/03000/innovation-patents,prefecture-detail,289682,146635,1075,0.3158,2297,0,0,,,,1,0
2026-09-15,full,/areas/03000/childcare-services,prefecture-detail,253019,126870,955,0.271,2305,0,0,,,,0,1
2026-09-15,full,/areas/03000/single-parent-households,prefecture-detail,381932,228505,1104,0.3281,2294,0,0,,,,1,0
2026-09-15,full,/areas/03000/long-term-care,prefecture-detail,258181,129096,972,0.2661,2310,0,0,,,,0,1
2026-09-15,full,/areas/03000/disability-support,prefecture-detail,272875,141529,977,0.2593,2345,0,0,,,,0,1
2026-09-15,full,/areas/03000/public-assistance,prefecture-detail,268465,135934,987,0.2679,2701,0,0,,,,0,1
2026-09-15,full,/areas/03000/health-checkups,prefecture-detail,488149,291591,1403,0.363,2232,0,0,,,,1,0
2026-09-15,full,/areas/03000/daily-time-use,prefecture-detail,305174,154401,1137,0.3361,2154,0,0,,,,1,0
2026-09-15,full,/areas/03000/household-assets-debt,prefecture-detail,290513,147067,1086,0.319,1931,0,0,,,,1,0
2026-09-15,full,/areas/03000/freight-logistics,prefecture-detail,985034,741618,1245,0.25,2143,0,0,,,,0,3
2026-09-15,full,/areas/03000/regional-transport,prefecture-detail,263004,129052,1026,0.3009,1966,0,0,,,,1,0
2026-09-15,full,/areas/03000/geographic-access,prefecture-detail,508927,350683,1095,0.2522,2256,0,0,,,,0,1
2026-09-15,full,/areas/03000/water-services,prefecture-detail,341921,177651,1222,0.3566,2552,0,0,,,,1,0
2026-09-15,full,/areas/03000/communication-access,prefecture-detail,231149,113189,901,0.25,2232,0,0,,,,0,1
2026-09-15,full,/areas/03000/regional-energy,prefecture-detail,521886,290604,1669,0.434,2701,0,0,,,,1,0
2026-09-15,full,/areas/03000/environmental-quality,prefecture-detail,1360514,964819,1973,0.598,2418,0,0,,,,1,2
2026-09-15,full,/areas/03000/natural-environment,prefecture-detail,276120,139100,1037,0.3083,2605,0,0,,,,1,0
2026-09-15,full,/areas/03000/earthquake-exposure,prefecture-detail,257963,136136,930,0.2121,1976,0,0,,,,0,1
2026-09-15,full,/areas/03000/landslide-exposure,prefecture-detail,527966,350994,1188,0.2759,2469,0,0,,,,0,1
2026-09-15,full,/areas/03000/tsunami-exposure,prefecture-detail,247134,129605,866,0.1477,3357,0,0,,,,0,0
2026-09-15,full,/areas/03000/cultural-participation,prefecture-detail,352277,179882,1284,0.374,1979,0,0,,,,1,0
2026-09-15,full,/areas/03000/sports-participation,prefecture-detail,469647,263835,1512,0.4052,1968,0,0,,,,1,0
2026-09-15,full,/areas/03000/local-government-digital,prefecture-detail,308176,164069,1061,0.2844,2246,0,0,,,,0,1
2026-09-15,full,/areas/03000/gender-participation,prefecture-detail,314564,158448,1160,0.336,2782,0,0,,,,1,0
2026-09-15,full,/areas/03000/community-participation,prefecture-detail,218945,104598,886,0.2524,2426,0,0,,,,0,1
2026-09-15,full,/areas/04000/population-dynamics,prefecture-detail,1363919,926265,3002,0.5125,1958,0,0,,,,1,2
2026-09-15,full,/areas/04000/aging-society,prefecture-detail,690009,443305,1661,0.3908,1878,0,0,,,,1,0
2026-09-15,full,/areas/04000/living-housing,prefecture-detail,1017226,586468,3046,0.5484,1872,0,0,,,,1,2
2026-09-15,full,/areas/04000/local-economy,prefecture-detail,756137,496583,1783,0.4066,2018,0,0,,,,1,0
2026-09-15,full,/areas/04000/labor-wages,prefecture-detail,509920,306769,1449,0.3735,1980,0,0,,,,1,0
2026-09-15,full,/areas/04000/manufacturing,prefecture-detail,498923,290135,1518,0.3624,1817,0,0,,,,1,0
2026-09-15,full,/areas/04000/healthcare,prefecture-detail,1429032,849561,3881,0.5669,1830,0,0,,,,1,3
2026-09-15,full,/areas/04000/safety,prefecture-detail,1355236,857721,3271,0.5226,1811,0,0,,,,1,2
2026-09-15,full,/areas/04000/education-culture,prefecture-detail,1000423,611737,2707,0.4962,1839,0,0,,,,1,2
2026-09-15,full,/areas/04000/tourism,prefecture-detail,631090,382926,1754,0.4048,1806,0,0,,,,1,0
2026-09-15,full,/areas/04000/consumer-prices,prefecture-detail,463309,272508,1385,0.3784,1923,0,0,,,,1,0
2026-09-15,full,/areas/04000/foreign-residents,prefecture-detail,371857,220452,1093,0.3071,1931,0,0,,,,1,0
2026-09-15,full,/areas/04000/occupation-salary,prefecture-detail,754703,524982,1509,0.3927,2221,0,0,,,,1,1
2026-09-15,full,/areas/04000/real-income,prefecture-detail,648232,414265,1626,0.4064,1928,0,0,,,,1,0
2026-09-15,full,/areas/04000/labor-mobility,prefecture-detail,593428,311125,2093,0.474,1902,0,0,,,,1,0
2026-09-15,full,/areas/04000/local-finance,prefecture-detail,1001447,637944,2391,0.4898,1937,0,0,,,,1,2
2026-09-15,full,/areas/04000/fishery-marine,prefecture-detail,630943,425822,1375,0.3626,1886,0,0,,,,1,0
2026-09-15,full,/areas/04000/climate,prefecture-detail,424007,237583,1353,0.3308,1787,0,0,,,,1,0
2026-09-15,full,/areas/04000/construction-industry,prefecture-detail,409270,220287,1384,0.4,2002,0,0,,,,1,0
2026-09-15,full,/areas/04000/waste-recycling,prefecture-detail,192107,91432,779,0.1957,2188,0,0,,,,0,1
2026-09-15,full,/areas/04000/information-industry,prefecture-detail,202579,96850,827,0.2188,2079,0,0,,,,0,1
2026-09-15,full,/areas/04000/land-property-market,prefecture-detail,305978,162594,1064,0.2685,2204,0,0,,,,0,1
2026-09-15,full,/areas/04000/agriculture-production,prefecture-detail,379905,197573,1361,0.3901,1988,0,0,,,,1,0
2026-09-15,full,/areas/04000/forestry-timber,prefecture-detail,459723,242059,1607,0.4417,2383,0,0,,,,1,0
2026-09-15,full,/areas/04000/retail-commerce,prefecture-detail,218578,104753,885,0.2424,2172,0,0,,,,0,1
2026-09-15,full,/areas/04000/local-services,prefecture-detail,498175,273058,1634,0.4424,2481,0,0,,,,1,0
2026-09-15,full,/areas/04000/business-demography,prefecture-detail,330571,173670,1163,0.3277,2105,0,0,,,,1,0
2026-09-15,full,/areas/04000/innovation-patents,prefecture-detail,289695,146638,1075,0.3158,2297,0,0,,,,1,0
2026-09-15,full,/areas/04000/childcare-services,prefecture-detail,253640,126870,960,0.271,2305,0,0,,,,0,1
2026-09-15,full,/areas/04000/single-parent-households,prefecture-detail,381943,228506,1104,0.3281,2294,0,0,,,,1,0
2026-09-15,full,/areas/04000/long-term-care,prefecture-detail,258177,129096,972,0.2661,2310,0,0,,,,0,1
2026-09-15,full,/areas/04000/disability-support,prefecture-detail,272886,141530,977,0.2593,2345,0,0,,,,0,1
2026-09-15,full,/areas/04000/public-assistance,prefecture-detail,268465,135934,987,0.2679,2701,0,0,,,,0,1
2026-09-15,full,/areas/04000/health-checkups,prefecture-detail,488152,291591,1403,0.363,2232,0,0,,,,1,0
2026-09-15,full,/areas/04000/daily-time-use,prefecture-detail,304553,154401,1132,0.3361,2154,0,0,,,,1,0
2026-09-15,full,/areas/04000/household-assets-debt,prefecture-detail,290509,147067,1086,0.319,1931,0,0,,,,1,0
2026-09-15,full,/areas/04000/freight-logistics,prefecture-detail,985167,741620,1246,0.25,2143,0,0,,,,0,3
2026-09-15,full,/areas/04000/regional-transport,prefecture-detail,263011,129052,1026,0.3009,1966,0,0,,,,1,0
2026-09-15,full,/areas/04000/geographic-access,prefecture-detail,508922,350683,1095,0.2522,2256,0,0,,,,0,1
2026-09-15,full,/areas/04000/water-services,prefecture-detail,341930,177650,1222,0.3566,2552,0,0,,,,1,0
2026-09-15,full,/areas/04000/communication-access,prefecture-detail,231161,113191,901,0.25,2232,0,0,,,,0,1
2026-09-15,full,/areas/04000/regional-energy,prefecture-detail,521923,290605,1669,0.434,2701,0,0,,,,1,0
2026-09-15,full,/areas/04000/environmental-quality,prefecture-detail,1326901,964821,1718,0.521,2418,0,0,,,,1,2
2026-09-15,full,/areas/04000/natural-environment,prefecture-detail,276739,139098,1042,0.3083,2605,0,0,,,,1,0
2026-09-15,full,/areas/04000/earthquake-exposure,prefecture-detail,257344,136136,925,0.2121,1976,0,0,,,,0,1
2026-09-15,full,/areas/04000/landslide-exposure,prefecture-detail,528110,350992,1188,0.2759,2469,0,0,,,,0,1
2026-09-15,full,/areas/04000/tsunami-exposure,prefecture-detail,247142,129607,866,0.1477,3357,0,0,,,,0,0
2026-09-15,full,/areas/04000/cultural-participation,prefecture-detail,352274,179882,1284,0.374,1979,0,0,,,,1,0
2026-09-15,full,/areas/04000/sports-participation,prefecture-detail,469655,263835,1512,0.4052,1968,0,0,,,,1,0
2026-09-15,full,/areas/04000/local-government-digital,prefecture-detail,308187,164069,1061,0.2844,2246,0,0,,,,0,1
2026-09-15,full,/areas/04000/gender-participation,prefecture-detail,314574,158450,1160,0.336,2782,0,0,,,,1,0
2026-09-15,full,/areas/04000/community-participation,prefecture-detail,219569,104598,891,0.2524,2426,0,0,,,,0,1
2026-09-15,full,/areas/05000/population-dynamics,prefecture-detail,1363717,926262,3002,0.5125,1958,0,0,,,,1,2
2026-09-15,full,/areas/05000/aging-society,prefecture-detail,689384,443304,1656,0.3908,1878,0,0,,,,1,0
2026-09-15,full,/areas/05000/living-housing,prefecture-detail,1017196,586470,3046,0.5484,1872,0,0,,,,1,2
2026-09-15,full,/areas/05000/local-economy,prefecture-detail,756106,496583,1783,0.4066,2018,0,0,,,,1,0
2026-09-15,full,/areas/05000/labor-wages,prefecture-detail,509923,306769,1449,0.3735,1980,0,0,,,,1,0
2026-09-15,full,/areas/05000/manufacturing,prefecture-detail,498918,290133,1518,0.3624,1817,0,0,,,,1,0
2026-09-15,full,/areas/05000/healthcare,prefecture-detail,1428932,849565,3881,0.5669,1830,0,0,,,,1,3
2026-09-15,full,/areas/05000/safety,prefecture-detail,1355213,857719,3271,0.5226,1811,0,0,,,,1,2
2026-09-15,full,/areas/05000/education-culture,prefecture-detail,1000752,611736,2712,0.4981,1839,0,0,,,,1,2
2026-09-15,full,/areas/05000/tourism,prefecture-detail,632868,382926,1766,0.4048,1806,0,0,,,,1,0
2026-09-15,full,/areas/05000/consumer-prices,prefecture-detail,463309,272506,1385,0.3784,1923,0,0,,,,1,0
2026-09-15,full,/areas/05000/foreign-residents,prefecture-detail,371858,220452,1093,0.3071,1931,0,0,,,,1,0
2026-09-15,full,/areas/05000/occupation-salary,prefecture-detail,754073,524982,1504,0.3927,2221,0,0,,,,1,1
2026-09-15,full,/areas/05000/real-income,prefecture-detail,648238,414265,1626,0.4064,1928,0,0,,,,1,0
2026-09-15,full,/areas/05000/labor-mobility,prefecture-detail,594042,311124,2098,0.474,1902,0,0,,,,1,0
2026-09-15,full,/areas/05000/local-finance,prefecture-detail,1001411,637944,2391,0.4898,1937,0,0,,,,1,2
2026-09-15,full,/areas/05000/fishery-marine,prefecture-detail,631535,425819,1380,0.3626,1886,0,0,,,,1,0
2026-09-15,full,/areas/05000/climate,prefecture-detail,423804,237581,1351,0.3308,1787,0,0,,,,1,0
2026-09-15,full,/areas/05000/construction-industry,prefecture-detail,409245,220283,1384,0.4,2002,0,0,,,,1,0
2026-09-15,full,/areas/05000/waste-recycling,prefecture-detail,192107,91432,779,0.1957,2188,0,0,,,,0,1
2026-09-15,full,/areas/05000/information-industry,prefecture-detail,202559,96846,827,0.2188,2079,0,0,,,,0,1
2026-09-15,full,/areas/05000/land-property-market,prefecture-detail,305969,162594,1064,0.2685,2204,0,0,,,,0,1
2026-09-15,full,/areas/05000/agriculture-production,prefecture-detail,379909,197575,1361,0.3901,1988,0,0,,,,1,0
2026-09-15,full,/areas/05000/forestry-timber,prefecture-detail,459731,242059,1607,0.4417,2383,0,0,,,,1,0
2026-09-15,full,/areas/05000/retail-commerce,prefecture-detail,218567,104752,885,0.2424,2172,0,0,,,,0,1
2026-09-15,full,/areas/05000/local-services,prefecture-detail,498141,273056,1634,0.4424,2481,0,0,,,,1,0
2026-09-15,full,/areas/05000/business-demography,prefecture-detail,330559,173668,1163,0.3277,2105,0,0,,,,1,0
2026-09-15,full,/areas/05000/innovation-patents,prefecture-detail,289680,146635,1075,0.3158,2297,0,0,,,,1,0
2026-09-15,full,/areas/05000/childcare-services,prefecture-detail,253019,126870,955,0.271,2305,0,0,,,,0,1
2026-09-15,full,/areas/05000/single-parent-households,prefecture-detail,381930,228505,1104,0.3281,2294,0,0,,,,1,0
2026-09-15,full,/areas/05000/long-term-care,prefecture-detail,258177,129095,972,0.2661,2310,0,0,,,,0,1
2026-09-15,full,/areas/05000/disability-support,prefecture-detail,272882,141529,977,0.2593,2345,0,0,,,,0,1
2026-09-15,full,/areas/05000/public-assistance,prefecture-detail,268471,135934,987,0.2679,2701,0,0,,,,0,1
2026-09-15,full,/areas/05000/health-checkups,prefecture-detail,488157,291591,1403,0.363,2232,0,0,,,,1,0
2026-09-15,full,/areas/05000/daily-time-use,prefecture-detail,304555,154401,1132,0.3361,2154,0,0,,,,1,0
2026-09-15,full,/areas/05000/household-assets-debt,prefecture-detail,290507,147067,1086,0.319,1931,0,0,,,,1,0
2026-09-15,full,/areas/05000/freight-logistics,prefecture-detail,985116,741618,1246,0.25,2143,0,0,,,,0,3
2026-09-15,full,/areas/05000/regional-transport,prefecture-detail,262997,129051,1026,0.3009,1966,0,0,,,,1,0
2026-09-15,full,/areas/05000/geographic-access,prefecture-detail,508915,350682,1095,0.2522,2256,0,0,,,,0,1
2026-09-15,full,/areas/05000/water-services,prefecture-detail,341924,177650,1222,0.3566,2552,0,0,,,,1,0
2026-09-15,full,/areas/05000/communication-access,prefecture-detail,231139,113187,901,0.25,2232,0,0,,,,0,1
2026-09-15,full,/areas/05000/regional-energy,prefecture-detail,521906,290604,1669,0.434,2701,0,0,,,,1,0
2026-09-15,full,/areas/05000/environmental-quality,prefecture-detail,1362250,964819,1988,0.602,2418,0,0,,,,1,2
2026-09-15,full,/areas/05000/natural-environment,prefecture-detail,276731,139098,1042,0.3083,2605,0,0,,,,1,0
2026-09-15,full,/areas/05000/earthquake-exposure,prefecture-detail,257981,136136,930,0.2121,1976,0,0,,,,0,1
2026-09-15,full,/areas/05000/landslide-exposure,prefecture-detail,527947,350992,1188,0.2759,2469,0,0,,,,0,1
2026-09-15,full,/areas/05000/tsunami-exposure,prefecture-detail,245436,129605,854,0.1477,3357,0,0,,,,0,0
2026-09-15,full,/areas/05000/cultural-participation,prefecture-detail,352269,179880,1284,0.374,1979,0,0,,,,1,0
2026-09-15,full,/areas/05000/sports-participation,prefecture-detail,469634,263833,1512,0.4052,1968,0,0,,,,1,0
2026-09-15,full,/areas/05000/local-government-digital,prefecture-detail,308181,164069,1061,0.2844,2246,0,0,,,,0,1
2026-09-15,full,/areas/05000/gender-participation,prefecture-detail,314561,158448,1160,0.336,2782,0,0,,,,1,0
2026-09-15,full,/areas/05000/community-participation,prefecture-detail,219569,104598,891,0.2524,2426,0,0,,,,0,1
2026-09-15,full,/areas/06000/population-dynamics,prefecture-detail,1363753,926265,3002,0.5125,1958,0,0,,,,1,2
2026-09-15,full,/areas/06000/aging-society,prefecture-detail,689387,443305,1656,0.3908,1878,0,0,,,,1,0
2026-09-15,full,/areas/06000/living-housing,prefecture-detail,1017152,586468,3046,0.5484,1872,0,0,,,,1,2
2026-09-15,full,/areas/06000/local-economy,prefecture-detail,756106,496583,1783,0.4066,2018,0,0,,,,1,0
2026-09-15,full,/areas/06000/labor-wages,prefecture-detail,509921,306769,1449,0.3735,1980,0,0,,,,1,0
2026-09-15,full,/areas/06000/manufacturing,prefecture-detail,498916,290135,1518,0.3624,1817,0,0,,,,1,0
2026-09-15,full,/areas/06000/healthcare,prefecture-detail,1428921,849565,3881,0.5669,1830,0,0,,,,1,3
2026-09-15,full,/areas/06000/safety,prefecture-detail,1355198,857718,3271,0.5226,1811,0,0,,,,1,2
2026-09-15,full,/areas/06000/education-culture,prefecture-detail,999406,611736,2700,0.4981,1839,0,0,,,,1,2
2026-09-15,full,/areas/06000/tourism,prefecture-detail,632825,382926,1766,0.4048,1806,0,0,,,,1,0
2026-09-15,full,/areas/06000/consumer-prices,prefecture-detail,462699,272509,1380,0.3784,1923,0,0,,,,1,0
2026-09-15,full,/areas/06000/foreign-residents,prefecture-detail,371862,220453,1093,0.3071,1931,0,0,,,,1,0
2026-09-15,full,/areas/06000/occupation-salary,prefecture-detail,754590,524981,1508,0.3927,2221,0,0,,,,1,1
2026-09-15,full,/areas/06000/real-income,prefecture-detail,648233,414265,1626,0.4064,1928,0,0,,,,1,0
2026-09-15,full,/areas/06000/labor-mobility,prefecture-detail,594028,311123,2098,0.474,1902,0,0,,,,1,0
2026-09-15,full,/areas/06000/local-finance,prefecture-detail,1001458,637943,2391,0.4898,1937,0,0,,,,1,2
2026-09-15,full,/areas/06000/fishery-marine,prefecture-detail,631326,425819,1378,0.3626,1886,0,0,,,,1,0
2026-09-15,full,/areas/06000/climate,prefecture-detail,423808,237579,1351,0.3308,1787,0,0,,,,1,0
2026-09-15,full,/areas/06000/construction-industry,prefecture-detail,409245,220283,1384,0.4,2002,0,0,,,,1,0
2026-09-15,full,/areas/06000/waste-recycling,prefecture-detail,192107,91432,779,0.1957,2188,0,0,,,,0,1
2026-09-15,full,/areas/06000/information-industry,prefecture-detail,202559,96846,827,0.2188,2079,0,0,,,,0,1
2026-09-15,full,/areas/06000/land-property-market,prefecture-detail,305965,162594,1064,0.2685,2204,0,0,,,,0,1
2026-09-15,full,/areas/06000/agriculture-production,prefecture-detail,379912,197575,1361,0.3901,1988,0,0,,,,1,0
2026-09-15,full,/areas/06000/forestry-timber,prefecture-detail,459698,242057,1607,0.4417,2383,0,0,,,,1,0
2026-09-15,full,/areas/06000/retail-commerce,prefecture-detail,218572,104753,885,0.2424,2172,0,0,,,,0,1
2026-09-15,full,/areas/06000/local-services,prefecture-detail,498145,273057,1634,0.4424,2481,0,0,,,,1,0
2026-09-15,full,/areas/06000/business-demography,prefecture-detail,330557,173668,1163,0.3277,2105,0,0,,,,1,0
2026-09-15,full,/areas/06000/innovation-patents,prefecture-detail,289686,146636,1075,0.3158,2297,0,0,,,,1,0
2026-09-15,full,/areas/06000/childcare-services,prefecture-detail,253631,126867,960,0.271,2305,0,0,,,,0,1
2026-09-15,full,/areas/06000/single-parent-households,prefecture-detail,381308,228505,1099,0.3281,2294,0,0,,,,1,0
2026-09-15,full,/areas/06000/long-term-care,prefecture-detail,258181,129096,972,0.2661,2310,0,0,,,,0,1
2026-09-15,full,/areas/06000/disability-support,prefecture-detail,272881,141529,977,0.2593,2345,0,0,,,,0,1
2026-09-15,full,/areas/06000/public-assistance,prefecture-detail,268466,135933,987,0.2679,2701,0,0,,,,0,1
2026-09-15,full,/areas/06000/health-checkups,prefecture-detail,487517,291591,1398,0.363,2232,0,0,,,,1,0
2026-09-15,full,/areas/06000/daily-time-use,prefecture-detail,305173,154401,1137,0.3361,2154,0,0,,,,1,0
2026-09-15,full,/areas/06000/household-assets-debt,prefecture-detail,290511,147067,1086,0.319,1931,0,0,,,,1,0
2026-09-15,full,/areas/06000/freight-logistics,prefecture-detail,985061,741618,1246,0.25,2143,0,0,,,,0,3
2026-09-15,full,/areas/06000/regional-transport,prefecture-detail,262374,129051,1021,0.3009,1966,0,0,,,,1,0
2026-09-15,full,/areas/06000/geographic-access,prefecture-detail,508916,350682,1095,0.2522,2256,0,0,,,,0,1
2026-09-15,full,/areas/06000/water-services,prefecture-detail,341924,177651,1222,0.3566,2552,0,0,,,,1,0
2026-09-15,full,/areas/06000/communication-access,prefecture-detail,231149,113189,901,0.25,2232,0,0,,,,0,1
2026-09-15,full,/areas/06000/regional-energy,prefecture-detail,521896,290602,1669,0.434,2701,0,0,,,,1,0
2026-09-15,full,/areas/06000/environmental-quality,prefecture-detail,1317755,964821,1649,0.4937,2418,0,0,,,,1,2
2026-09-15,full,/areas/06000/natural-environment,prefecture-detail,276730,139096,1042,0.3083,2605,0,0,,,,1,0
2026-09-15,full,/areas/06000/earthquake-exposure,prefecture-detail,257976,136134,930,0.2121,1976,0,0,,,,0,1
2026-09-15,full,/areas/06000/landslide-exposure,prefecture-detail,528086,350992,1188,0.2759,2469,0,0,,,,0,1
2026-09-15,full,/areas/06000/tsunami-exposure,prefecture-detail,245356,129605,854,0.1477,3357,0,0,,,,0,0
2026-09-15,full,/areas/06000/cultural-participation,prefecture-detail,352282,179883,1284,0.374,1979,0,0,,,,1,0
2026-09-15,full,/areas/06000/sports-participation,prefecture-detail,469649,263835,1512,0.4052,1968,0,0,,,,1,0
2026-09-15,full,/areas/06000/local-government-digital,prefecture-detail,308184,164069,1061,0.2844,2246,0,0,,,,0,1
2026-09-15,full,/areas/06000/gender-participation,prefecture-detail,314567,158450,1160,0.336,2782,0,0,,,,1,0
2026-09-15,full,/areas/06000/community-participation,prefecture-detail,219566,104598,891,0.2524,2426,0,0,,,,0,1
2026-09-15,full,/areas/07000/population-dynamics,prefecture-detail,1363836,926265,3002,0.5125,1958,0,0,,,,1,2
2026-09-15,full,/areas/07000/aging-society,prefecture-detail,690011,443305,1661,0.3908,1878,0,0,,,,1,0
2026-09-15,full,/areas/07000/living-housing,prefecture-detail,1017205,586470,3046,0.5484,1872,0,0,,,,1,2
2026-09-15,full,/areas/07000/local-economy,prefecture-detail,756119,496583,1783,0.4066,2018,0,0,,,,1,0
2026-09-15,full,/areas/07000/labor-wages,prefecture-detail,509918,306769,1449,0.3735,1980,0,0,,,,1,0
2026-09-15,full,/areas/07000/manufacturing,prefecture-detail,498924,290135,1518,0.3624,1817,0,0,,,,1,0
2026-09-15,full,/areas/07000/healthcare,prefecture-detail,1429000,849565,3881,0.5669,1830,0,0,,,,1,3
2026-09-15,full,/areas/07000/safety,prefecture-detail,1355230,857719,3271,0.5226,1811,0,0,,,,1,2
2026-09-15,full,/areas/07000/education-culture,prefecture-detail,999428,611736,2701,0.5,1839,0,0,,,,1,2
2026-09-15,full,/areas/07000/tourism,prefecture-detail,631051,382926,1754,0.4048,1806,0,0,,,,1,0
2026-09-15,full,/areas/07000/consumer-prices,prefecture-detail,463308,272506,1385,0.3784,1923,0,0,,,,1,0
2026-09-15,full,/areas/07000/foreign-residents,prefecture-detail,371857,220452,1093,0.3071,1931,0,0,,,,1,0
2026-09-15,full,/areas/07000/occupation-salary,prefecture-detail,754700,524982,1509,0.3927,2221,0,0,,,,1,1
2026-09-15,full,/areas/07000/real-income,prefecture-detail,648227,414265,1626,0.4064,1928,0,0,,,,1,0
2026-09-15,full,/areas/07000/labor-mobility,prefecture-detail,594036,311125,2098,0.474,1902,0,0,,,,1,0
2026-09-15,full,/areas/07000/local-finance,prefecture-detail,1001390,637941,2391,0.4898,1937,0,0,,,,1,2
2026-09-15,full,/areas/07000/fishery-marine,prefecture-detail,631552,425819,1380,0.3626,1886,0,0,,,,1,0
2026-09-15,full,/areas/07000/climate,prefecture-detail,423819,237581,1351,0.3308,1787,0,0,,,,1,0
2026-09-15,full,/areas/07000/construction-industry,prefecture-detail,409250,220283,1384,0.4,2002,0,0,,,,1,0
2026-09-15,full,/areas/07000/waste-recycling,prefecture-detail,192107,91432,779,0.1957,2188,0,0,,,,0,1
2026-09-15,full,/areas/07000/information-industry,prefecture-detail,202557,96847,827,0.2188,2079,0,0,,,,0,1
2026-09-15,full,/areas/07000/land-property-market,prefecture-detail,305975,162594,1064,0.2685,2204,0,0,,,,0,1
2026-09-15,full,/areas/07000/agriculture-production,prefecture-detail,379915,197575,1361,0.3901,1988,0,0,,,,1,0
2026-09-15,full,/areas/07000/forestry-timber,prefecture-detail,459099,242057,1602,0.4417,2383,0,0,,,,1,0
2026-09-15,full,/areas/07000/retail-commerce,prefecture-detail,218574,104753,885,0.2424,2172,0,0,,,,0,1
2026-09-15,full,/areas/07000/local-services,prefecture-detail,498158,273058,1634,0.4424,2481,0,0,,,,1,0
2026-09-15,full,/areas/07000/business-demography,prefecture-detail,330558,173668,1163,0.3277,2105,0,0,,,,1,0
2026-09-15,full,/areas/07000/innovation-patents,prefecture-detail,289692,146638,1075,0.3158,2297,0,0,,,,1,0
2026-09-15,full,/areas/07000/childcare-services,prefecture-detail,253640,126870,960,0.271,2305,0,0,,,,0,1
2026-09-15,full,/areas/07000/single-parent-households,prefecture-detail,381934,228505,1104,0.3281,2294,0,0,,,,1,0
2026-09-15,full,/areas/07000/long-term-care,prefecture-detail,258181,129096,972,0.2661,2310,0,0,,,,0,1
2026-09-15,full,/areas/07000/disability-support,prefecture-detail,272886,141530,977,0.2593,2345,0,0,,,,0,1
2026-09-15,full,/areas/07000/public-assistance,prefecture-detail,268452,135933,987,0.2679,2701,0,0,,,,0,1
2026-09-15,full,/areas/07000/health-checkups,prefecture-detail,488137,291589,1403,0.363,2232,0,0,,,,1,0
2026-09-15,full,/areas/07000/daily-time-use,prefecture-detail,305174,154401,1137,0.3361,2154,0,0,,,,1,0
2026-09-15,full,/areas/07000/household-assets-debt,prefecture-detail,290515,147067,1086,0.319,1931,0,0,,,,1,0
2026-09-15,full,/areas/07000/freight-logistics,prefecture-detail,985109,741616,1246,0.25,2143,0,0,,,,0,3
2026-09-15,full,/areas/07000/regional-transport,prefecture-detail,263001,129052,1026,0.3009,1966,0,0,,,,1,0
2026-09-15,full,/areas/07000/geographic-access,prefecture-detail,508924,350683,1095,0.2522,2256,0,0,,,,0,1
2026-09-15,full,/areas/07000/water-services,prefecture-detail,341916,177651,1222,0.3566,2552,0,0,,,,1,0
2026-09-15,full,/areas/07000/communication-access,prefecture-detail,231159,113191,901,0.25,2232,0,0,,,,0,1
2026-09-15,full,/areas/07000/regional-energy,prefecture-detail,521896,290604,1669,0.434,2701,0,0,,,,1,0
2026-09-15,full,/areas/07000/environmental-quality,prefecture-detail,1323996,964821,1690,0.5092,2418,0,0,,,,1,2
2026-09-15,full,/areas/07000/natural-environment,prefecture-detail,276105,139096,1037,0.3083,2605,0,0,,,,1,0
2026-09-15,full,/areas/07000/earthquake-exposure,prefecture-detail,257401,136137,925,0.2121,1976,0,0,,,,0,1
2026-09-15,full,/areas/07000/landslide-exposure,prefecture-detail,528116,350992,1188,0.2759,2469,0,0,,,,0,1
2026-09-15,full,/areas/07000/tsunami-exposure,prefecture-detail,247050,129605,866,0.1477,3357,0,0,,,,0,0
2026-09-15,full,/areas/07000/cultural-participation,prefecture-detail,352272,179882,1284,0.374,1979,0,0,,,,1,0
2026-09-15,full,/areas/07000/sports-participation,prefecture-detail,469651,263835,1512,0.4052,1968,0,0,,,,1,0
2026-09-15,full,/areas/07000/local-government-digital,prefecture-detail,308183,164069,1061,0.2844,2246,0,0,,,,0,1
2026-09-15,full,/areas/07000/gender-participation,prefecture-detail,314575,158450,1160,0.336,2782,0,0,,,,1,0
2026-09-15,full,/areas/07000/community-participation,prefecture-detail,219568,104598,891,0.2524,2426,0,0,,,,0,1
2026-09-15,full,/areas/08000/population-dynamics,prefecture-detail,1363949,926265,3002,0.5125,1958,0,0,,,,1,2
2026-09-15,full,/areas/08000/aging-society,prefecture-detail,690018,443305,1661,0.3908,1878,0,0,,,,1,0
2026-09-15,full,/areas/08000/living-housing,prefecture-detail,1017248,586470,3046,0.5484,1872,0,0,,,,1,2
2026-09-15,full,/areas/08000/local-economy,prefecture-detail,755508,496585,1778,0.4066,2018,0,0,,,,1,0
2026-09-15,full,/areas/08000/labor-wages,prefecture-detail,509920,306769,1449,0.3735,1980,0,0,,,,1,0
2026-09-15,full,/areas/08000/manufacturing,prefecture-detail,498940,290136,1518,0.3624,1817,0,0,,,,1,0
2026-09-15,full,/areas/08000/healthcare,prefecture-detail,1428996,849561,3881,0.5669,1830,0,0,,,,1,3
2026-09-15,full,/areas/08000/safety,prefecture-detail,1354578,857718,3266,0.5226,1811,0,0,,,,1,2
2026-09-15,full,/areas/08000/education-culture,prefecture-detail,1000203,611737,2707,0.4962,1839,0,0,,,,1,2
2026-09-15,full,/areas/08000/tourism,prefecture-detail,631059,382926,1754,0.4048,1806,0,0,,,,1,0
2026-09-15,full,/areas/08000/consumer-prices,prefecture-detail,463300,272504,1385,0.3784,1923,0,0,,,,1,0
2026-09-15,full,/areas/08000/foreign-residents,prefecture-detail,371878,220457,1093,0.3071,1931,0,0,,,,1,0
2026-09-15,full,/areas/08000/occupation-salary,prefecture-detail,754699,524982,1509,0.3927,2221,0,0,,,,1,1
2026-09-15,full,/areas/08000/real-income,prefecture-detail,648229,414265,1626,0.4064,1928,0,0,,,,1,0
2026-09-15,full,/areas/08000/labor-mobility,prefecture-detail,594048,311125,2098,0.474,1902,0,0,,,,1,0
2026-09-15,full,/areas/08000/local-finance,prefecture-detail,1001449,637943,2391,0.4898,1937,0,0,,,,1,2
2026-09-15,full,/areas/08000/fishery-marine,prefecture-detail,630727,425825,1373,0.3626,1886,0,0,,,,1,0
2026-09-15,full,/areas/08000/climate,prefecture-detail,423865,237581,1353,0.3308,1787,0,0,,,,1,0
2026-09-15,full,/areas/08000/construction-industry,prefecture-detail,409266,220285,1384,0.4,2002,0,0,,,,1,0
2026-09-15,full,/areas/08000/waste-recycling,prefecture-detail,192099,91430,779,0.1957,2188,0,0,,,,0,1
2026-09-15,full,/areas/08000/information-industry,prefecture-detail,202569,96848,827,0.2188,2079,0,0,,,,0,1
2026-09-15,full,/areas/08000/land-property-market,prefecture-detail,305978,162594,1064,0.2685,2204,0,0,,,,0,1
2026-09-15,full,/areas/08000/agriculture-production,prefecture-detail,379293,197575,1356,0.3901,1988,0,0,,,,1,0
2026-09-15,full,/areas/08000/forestry-timber,prefecture-detail,459718,242058,1607,0.4417,2383,0,0,,,,1,0
2026-09-15,full,/areas/08000/retail-commerce,prefecture-detail,218578,104753,885,0.2424,2172,0,0,,,,0,1
2026-09-15,full,/areas/08000/local-services,prefecture-detail,498170,273058,1634,0.4424,2481,0,0,,,,1,0
2026-09-15,full,/areas/08000/business-demography,prefecture-detail,330572,173670,1163,0.3277,2105,0,0,,,,1,0
2026-09-15,full,/areas/08000/innovation-patents,prefecture-detail,289709,146642,1075,0.3158,2297,0,0,,,,1,0
2026-09-15,full,/areas/08000/childcare-services,prefecture-detail,253642,126870,960,0.271,2305,0,0,,,,0,1
2026-09-15,full,/areas/08000/single-parent-households,prefecture-detail,381942,228506,1104,0.3281,2294,0,0,,,,1,0
2026-09-15,full,/areas/08000/long-term-care,prefecture-detail,258183,129096,972,0.2661,2310,0,0,,,,0,1
2026-09-15,full,/areas/08000/disability-support,prefecture-detail,272883,141529,977,0.2593,2345,0,0,,,,0,1
2026-09-15,full,/areas/08000/public-assistance,prefecture-detail,268471,135934,987,0.2679,2701,0,0,,,,0,1
2026-09-15,full,/areas/08000/health-checkups,prefecture-detail,488145,291591,1403,0.363,2232,0,0,,,,1,0
2026-09-15,full,/areas/08000/daily-time-use,prefecture-detail,305174,154401,1137,0.3361,2154,0,0,,,,1,0
2026-09-15,full,/areas/08000/household-assets-debt,prefecture-detail,290502,147065,1086,0.319,1931,0,0,,,,1,0
2026-09-15,full,/areas/08000/freight-logistics,prefecture-detail,985088,741612,1246,0.25,2143,0,0,,,,0,3
2026-09-15,full,/areas/08000/regional-transport,prefecture-detail,263006,129052,1026,0.3009,1966,0,0,,,,1,0
2026-09-15,full,/areas/08000/geographic-access,prefecture-detail,508927,350683,1095,0.2522,2256,0,0,,,,0,1
2026-09-15,full,/areas/08000/water-services,prefecture-detail,341925,177650,1222,0.3566,2552,0,0,,,,1,0
2026-09-15,full,/areas/08000/communication-access,prefecture-detail,231161,113191,901,0.25,2232,0,0,,,,0,1
2026-09-15,full,/areas/08000/regional-energy,prefecture-detail,521926,290605,1669,0.434,2701,0,0,,,,1,0
2026-09-15,full,/areas/08000/environmental-quality,prefecture-detail,1357797,964821,1959,0.5918,2418,0,0,,,,1,2
2026-09-15,full,/areas/08000/natural-environment,prefecture-detail,276724,139097,1042,0.3083,2605,0,0,,,,1,0
2026-09-15,full,/areas/08000/earthquake-exposure,prefecture-detail,257965,136137,930,0.2121,1976,0,0,,,,0,1
2026-09-15,full,/areas/08000/landslide-exposure,prefecture-detail,527954,350992,1188,0.2759,2469,0,0,,,,0,1
2026-09-15,full,/areas/08000/tsunami-exposure,prefecture-detail,245499,129605,854,0.1477,3357,0,0,,,,0,0
2026-09-15,full,/areas/08000/cultural-participation,prefecture-detail,352277,179882,1284,0.374,1979,0,0,,,,1,0
2026-09-15,full,/areas/08000/sports-participation,prefecture-detail,469639,263833,1512,0.4052,1968,0,0,,,,1,0
2026-09-15,full,/areas/08000/local-government-digital,prefecture-detail,308183,164069,1061,0.2844,2246,0,0,,,,0,1
2026-09-15,full,/areas/08000/gender-participation,prefecture-detail,314570,158450,1160,0.336,2782,0,0,,,,1,0
2026-09-15,full,/areas/08000/community-participation,prefecture-detail,219558,104597,891,0.2524,2426,0,0,,,,0,1
2026-09-15,full,/areas/09000/population-dynamics,prefecture-detail,1363849,926265,3002,0.5125,1958,0,0,,,,1,2
2026-09-15,full,/areas/09000/aging-society,prefecture-detail,690019,443305,1661,0.3908,1878,0,0,,,,1,0
2026-09-15,full,/areas/09000/living-housing,prefecture-detail,1017214,586470,3046,0.5484,1872,0,0,,,,1,2
2026-09-15,full,/areas/09000/local-economy,prefecture-detail,755501,496585,1778,0.4066,2018,0,0,,,,1,0
2026-09-15,full,/areas/09000/labor-wages,prefecture-detail,509928,306771,1449,0.3735,1980,0,0,,,,1,0
2026-09-15,full,/areas/09000/manufacturing,prefecture-detail,498929,290135,1518,0.3624,1817,0,0,,,,1,0
2026-09-15,full,/areas/09000/healthcare,prefecture-detail,1428962,849561,3881,0.5669,1830,0,0,,,,1,3
2026-09-15,full,/areas/09000/safety,prefecture-detail,1354948,857720,3269,0.5226,1811,0,0,,,,1,2
2026-09-15,full,/areas/09000/education-culture,prefecture-detail,1000274,611737,2707,0.4962,1839,0,0,,,,1,2
2026-09-15,full,/areas/09000/tourism,prefecture-detail,626704,382926,1722,0.4048,1806,0,0,,,,1,0
2026-09-15,full,/areas/09000/consumer-prices,prefecture-detail,463289,272502,1385,0.3784,1923,0,0,,,,1,0
2026-09-15,full,/areas/09000/foreign-residents,prefecture-detail,371879,220456,1093,0.3071,1931,0,0,,,,1,0
2026-09-15,full,/areas/09000/occupation-salary,prefecture-detail,754703,524981,1509,0.3927,2221,0,0,,,,1,1
2026-09-15,full,/areas/09000/real-income,prefecture-detail,647603,414265,1621,0.4064,1928,0,0,,,,1,0
2026-09-15,full,/areas/09000/labor-mobility,prefecture-detail,594042,311125,2098,0.474,1902,0,0,,,,1,0
2026-09-15,full,/areas/09000/local-finance,prefecture-detail,1001422,637942,2391,0.4898,1937,0,0,,,,1,2
2026-09-15,full,/areas/09000/fishery-marine,prefecture-detail,631495,425813,1380,0.3626,1886,0,0,,,,1,0
2026-09-15,full,/areas/09000/climate,prefecture-detail,423935,237579,1353,0.3308,1787,0,0,,,,1,0
2026-09-15,full,/areas/09000/construction-industry,prefecture-detail,409231,220283,1384,0.4,2002,0,0,,,,1,0
2026-09-15,full,/areas/09000/waste-recycling,prefecture-detail,192099,91430,779,0.1957,2188,0,0,,,,0,1
2026-09-15,full,/areas/09000/information-industry,prefecture-detail,202552,96847,827,0.2188,2079,0,0,,,,0,1
2026-09-15,full,/areas/09000/land-property-market,prefecture-detail,305976,162594,1064,0.2685,2204,0,0,,,,0,1
2026-09-15,full,/areas/09000/agriculture-production,prefecture-detail,379917,197575,1361,0.3901,1988,0,0,,,,1,0
2026-09-15,full,/areas/09000/forestry-timber,prefecture-detail,459729,242059,1607,0.4417,2383,0,0,,,,1,0
2026-09-15,full,/areas/09000/retail-commerce,prefecture-detail,218574,104753,885,0.2424,2172,0,0,,,,0,1
2026-09-15,full,/areas/09000/local-services,prefecture-detail,498157,273058,1634,0.4424,2481,0,0,,,,1,0
2026-09-15,full,/areas/09000/business-demography,prefecture-detail,330565,173670,1163,0.3277,2105,0,0,,,,1,0
2026-09-15,full,/areas/09000/innovation-patents,prefecture-detail,289692,146638,1075,0.3158,2297,0,0,,,,1,0
2026-09-15,full,/areas/09000/childcare-services,prefecture-detail,253641,126870,960,0.271,2305,0,0,,,,0,1
2026-09-15,full,/areas/09000/single-parent-households,prefecture-detail,381932,228505,1104,0.3281,2294,0,0,,,,1,0
2026-09-15,full,/areas/09000/long-term-care,prefecture-detail,258164,129095,972,0.2661,2310,0,0,,,,0,1
2026-09-15,full,/areas/09000/disability-support,prefecture-detail,272887,141530,977,0.2593,2345,0,0,,,,0,1
2026-09-15,full,/areas/09000/public-assistance,prefecture-detail,268463,135933,987,0.2679,2701,0,0,,,,0,1
2026-09-15,full,/areas/09000/health-checkups,prefecture-detail,488160,291591,1403,0.363,2232,0,0,,,,1,0
2026-09-15,full,/areas/09000/daily-time-use,prefecture-detail,305175,154401,1137,0.3361,2154,0,0,,,,1,0
2026-09-15,full,/areas/09000/household-assets-debt,prefecture-detail,290509,147067,1086,0.319,1931,0,0,,,,1,0
2026-09-15,full,/areas/09000/freight-logistics,prefecture-detail,985049,741612,1245,0.25,2143,0,0,,,,0,3
2026-09-15,full,/areas/09000/regional-transport,prefecture-detail,263003,129051,1026,0.3009,1966,0,0,,,,1,0
2026-09-15,full,/areas/09000/geographic-access,prefecture-detail,508927,350683,1095,0.2522,2256,0,0,,,,0,1
2026-09-15,full,/areas/09000/water-services,prefecture-detail,341926,177651,1222,0.3566,2552,0,0,,,,1,0
2026-09-15,full,/areas/09000/communication-access,prefecture-detail,231159,113191,901,0.25,2232,0,0,,,,0,1
2026-09-15,full,/areas/09000/regional-energy,prefecture-detail,521901,290605,1669,0.434,2701,0,0,,,,1,0
2026-09-15,full,/areas/09000/environmental-quality,prefecture-detail,1333032,964821,1767,0.5349,2418,0,0,,,,1,2
2026-09-15,full,/areas/09000/natural-environment,prefecture-detail,276741,139098,1042,0.3083,2605,0,0,,,,1,0
2026-09-15,full,/areas/09000/earthquake-exposure,prefecture-detail,257967,136137,930,0.2121,1976,0,0,,,,0,1
2026-09-15,full,/areas/09000/landslide-exposure,prefecture-detail,527951,350992,1188,0.2759,2469,0,0,,,,0,1
2026-09-15,full,/areas/09000/tsunami-exposure,prefecture-detail,245476,128352,800,0.1477,3357,0,0,,,,0,0
2026-09-15,full,/areas/09000/cultural-participation,prefecture-detail,352279,179882,1284,0.374,1979,0,0,,,,1,0
2026-09-15,full,/areas/09000/sports-participation,prefecture-detail,469650,263835,1512,0.4052,1968,0,0,,,,1,0
2026-09-15,full,/areas/09000/local-government-digital,prefecture-detail,308175,164069,1061,0.2844,2246,0,0,,,,0,1
2026-09-15,full,/areas/09000/gender-participation,prefecture-detail,314562,158448,1160,0.336,2782,0,0,,,,1,0
2026-09-15,full,/areas/09000/community-participation,prefecture-detail,219565,104597,891,0.2524,2426,0,0,,,,0,1
2026-09-15,full,/areas/10000/population-dynamics,prefecture-detail,1363855,926265,3002,0.5125,1958,0,0,,,,1,2
2026-09-15,full,/areas/10000/aging-society,prefecture-detail,690018,443305,1661,0.3908,1878,0,0,,,,1,0
2026-09-15,full,/areas/10000/living-housing,prefecture-detail,1017193,586470,3046,0.5484,1872,0,0,,,,1,2
2026-09-15,full,/areas/10000/local-economy,prefecture-detail,756123,496583,1783,0.4066,2018,0,0,,,,1,0
2026-09-15,full,/areas/10000/labor-wages,prefecture-detail,509912,306769,1449,0.3735,1980,0,0,,,,1,0
2026-09-15,full,/areas/10000/manufacturing,prefecture-detail,498936,290136,1518,0.3624,1817,0,0,,,,1,0
2026-09-15,full,/areas/10000/healthcare,prefecture-detail,1429007,849561,3881,0.5669,1830,0,0,,,,1,3
2026-09-15,full,/areas/10000/safety,prefecture-detail,1354340,857720,3264,0.5226,1811,0,0,,,,1,2
2026-09-15,full,/areas/10000/education-culture,prefecture-detail,1002760,611737,2729,0.4925,1839,0,0,,,,1,2
2026-09-15,full,/areas/10000/tourism,prefecture-detail,626695,382926,1722,0.4048,1806,0,0,,,,1,0
2026-09-15,full,/areas/10000/consumer-prices,prefecture-detail,463297,272504,1385,0.3784,1923,0,0,,,,1,0
2026-09-15,full,/areas/10000/foreign-residents,prefecture-detail,371257,220456,1088,0.3071,1931,0,0,,,,1,0
2026-09-15,full,/areas/10000/occupation-salary,prefecture-detail,754078,524982,1504,0.3927,2221,0,0,,,,1,1
2026-09-15,full,/areas/10000/real-income,prefecture-detail,648230,414265,1626,0.4064,1928,0,0,,,,1,0
2026-09-15,full,/areas/10000/labor-mobility,prefecture-detail,594040,311125,2098,0.474,1902,0,0,,,,1,0
2026-09-15,full,/areas/10000/local-finance,prefecture-detail,1001430,637943,2391,0.4898,1937,0,0,,,,1,2
2026-09-15,full,/areas/10000/fishery-marine,prefecture-detail,631481,425809,1380,0.3626,1886,0,0,,,,1,0
2026-09-15,full,/areas/10000/climate,prefecture-detail,423364,237581,1348,0.3308,1787,0,0,,,,1,0
2026-09-15,full,/areas/10000/construction-industry,prefecture-detail,409243,220283,1384,0.4,2002,0,0,,,,1,0
2026-09-15,full,/areas/10000/waste-recycling,prefecture-detail,192107,91432,779,0.1957,2188,0,0,,,,0,1
2026-09-15,full,/areas/10000/information-industry,prefecture-detail,202562,96847,827,0.2188,2079,0,0,,,,0,1
2026-09-15,full,/areas/10000/land-property-market,prefecture-detail,305972,162594,1064,0.2685,2204,0,0,,,,0,1
2026-09-15,full,/areas/10000/agriculture-production,prefecture-detail,379912,197575,1361,0.3901,1988,0,0,,,,1,0
2026-09-15,full,/areas/10000/forestry-timber,prefecture-detail,459701,242057,1607,0.4417,2383,0,0,,,,1,0
2026-09-15,full,/areas/10000/retail-commerce,prefecture-detail,218574,104753,885,0.2424,2172,0,0,,,,0,1
2026-09-15,full,/areas/10000/local-services,prefecture-detail,498156,273058,1634,0.4424,2481,0,0,,,,1,0
2026-09-15,full,/areas/10000/business-demography,prefecture-detail,330572,173670,1163,0.3277,2105,0,0,,,,1,0
2026-09-15,full,/areas/10000/innovation-patents,prefecture-detail,289695,146638,1075,0.3158,2297,0,0,,,,1,0
2026-09-15,full,/areas/10000/childcare-services,prefecture-detail,253642,126871,960,0.271,2305,0,0,,,,0,1
2026-09-15,full,/areas/10000/single-parent-households,prefecture-detail,381938,228505,1104,0.3281,2294,0,0,,,,1,0
2026-09-15,full,/areas/10000/long-term-care,prefecture-detail,258186,129097,972,0.2661,2310,0,0,,,,0,1
2026-09-15,full,/areas/10000/disability-support,prefecture-detail,272865,141527,977,0.2593,2345,0,0,,,,0,1
2026-09-15,full,/areas/10000/public-assistance,prefecture-detail,268461,135933,987,0.2679,2701,0,0,,,,0,1
2026-09-15,full,/areas/10000/health-checkups,prefecture-detail,488149,291591,1403,0.363,2232,0,0,,,,1,0
2026-09-15,full,/areas/10000/daily-time-use,prefecture-detail,305174,154401,1137,0.3361,2154,0,0,,,,1,0
2026-09-15,full,/areas/10000/household-assets-debt,prefecture-detail,290511,147067,1086,0.319,1931,0,0,,,,1,0
2026-09-15,full,/areas/10000/freight-logistics,prefecture-detail,985037,741612,1246,0.25,2143,0,0,,,,0,3
2026-09-15,full,/areas/10000/regional-transport,prefecture-detail,263003,129051,1026,0.3009,1966,0,0,,,,1,0
2026-09-15,full,/areas/10000/geographic-access,prefecture-detail,508925,350683,1095,0.2522,2256,0,0,,,,0,1
2026-09-15,full,/areas/10000/water-services,prefecture-detail,341925,177651,1222,0.3566,2552,0,0,,,,1,0
2026-09-15,full,/areas/10000/communication-access,prefecture-detail,231158,113191,901,0.25,2232,0,0,,,,0,1
2026-09-15,full,/areas/10000/regional-energy,prefecture-detail,521892,290604,1669,0.434,2701,0,0,,,,1,0
2026-09-15,full,/areas/10000/environmental-quality,prefecture-detail,1305033,964821,1552,0.4483,2418,0,0,,,,1,2
2026-09-15,full,/areas/10000/natural-environment,prefecture-detail,276725,139096,1042,0.3083,2605,0,0,,,,1,0
2026-09-15,full,/areas/10000/earthquake-exposure,prefecture-detail,257972,136137,930,0.2121,1976,0,0,,,,0,1
2026-09-15,full,/areas/10000/landslide-exposure,prefecture-detail,527955,350992,1188,0.2759,2469,0,0,,,,0,1
2026-09-15,full,/areas/10000/tsunami-exposure,prefecture-detail,245476,128352,800,0.1477,3357,0,0,,,,0,0
2026-09-15,full,/areas/10000/cultural-participation,prefecture-detail,352267,179880,1284,0.374,1979,0,0,,,,1,0
2026-09-15,full,/areas/10000/sports-participation,prefecture-detail,469640,263833,1512,0.4052,1968,0,0,,,,1,0
2026-09-15,full,/areas/10000/local-government-digital,prefecture-detail,308185,164069,1061,0.2844,2246,0,0,,,,0,1
2026-09-15,full,/areas/10000/gender-participation,prefecture-detail,314564,158448,1160,0.336,2782,0,0,,,,1,0
2026-09-15,full,/areas/10000/community-participation,prefecture-detail,219564,104597,891,0.2524,2426,0,0,,,,0,1
2026-09-15,full,/areas/11000/population-dynamics,prefecture-detail,1363504,926263,2997,0.5125,1958,0,0,,,,1,2
2026-09-15,full,/areas/11000/aging-society,prefecture-detail,690014,443303,1661,0.3908,1878,0,0,,,,1,0
2026-09-15,full,/areas/11000/living-housing,prefecture-detail,1017246,586469,3046,0.5484,1872,0,0,,,,1,2
2026-09-15,full,/areas/11000/local-economy,prefecture-detail,756127,496585,1783,0.4066,2018,0,0,,,,1,0
2026-09-15,full,/areas/11000/labor-wages,prefecture-detail,509304,306771,1444,0.3735,1980,0,0,,,,1,0
2026-09-15,full,/areas/11000/manufacturing,prefecture-detail,498932,290137,1518,0.3624,1817,0,0,,,,1,0
2026-09-15,full,/areas/11000/healthcare,prefecture-detail,1429102,849561,3881,0.5669,1830,0,0,,,,1,3
2026-09-15,full,/areas/11000/safety,prefecture-detail,1354370,857721,3264,0.5226,1811,0,0,,,,1,2
2026-09-15,full,/areas/11000/education-culture,prefecture-detail,1001104,611737,2714,0.4943,1839,0,0,,,,1,2
2026-09-15,full,/areas/11000/tourism,prefecture-detail,626692,382926,1722,0.4048,1806,0,0,,,,1,0
2026-09-15,full,/areas/11000/consumer-prices,prefecture-detail,463310,272506,1385,0.3784,1923,0,0,,,,1,0
2026-09-15,full,/areas/11000/foreign-residents,prefecture-detail,371877,220456,1093,0.3071,1931,0,0,,,,1,0
2026-09-15,full,/areas/11000/occupation-salary,prefecture-detail,754702,524982,1509,0.3927,2221,0,0,,,,1,1
2026-09-15,full,/areas/11000/real-income,prefecture-detail,647597,414265,1621,0.4064,1928,0,0,,,,1,0
2026-09-15,full,/areas/11000/labor-mobility,prefecture-detail,594048,311125,2098,0.474,1902,0,0,,,,1,0
2026-09-15,full,/areas/11000/local-finance,prefecture-detail,1001426,637944,2391,0.4898,1937,0,0,,,,1,2
2026-09-15,full,/areas/11000/fishery-marine,prefecture-detail,631473,425809,1380,0.3626,1886,0,0,,,,1,0
2026-09-15,full,/areas/11000/climate,prefecture-detail,423238,237579,1348,0.3308,1787,0,0,,,,1,0
2026-09-15,full,/areas/11000/construction-industry,prefecture-detail,409284,220288,1384,0.4,2002,0,0,,,,1,0
2026-09-15,full,/areas/11000/waste-recycling,prefecture-detail,191492,91434,774,0.1957,2188,0,0,,,,0,1
2026-09-15,full,/areas/11000/information-industry,prefecture-detail,202579,96850,827,0.2188,2079,0,0,,,,0,1
2026-09-15,full,/areas/11000/land-property-market,prefecture-detail,305383,162598,1059,0.2685,2204,0,0,,,,0,1
2026-09-15,full,/areas/11000/agriculture-production,prefecture-detail,379906,197575,1361,0.3901,1988,0,0,,,,1,0
2026-09-15,full,/areas/11000/forestry-timber,prefecture-detail,459705,242058,1607,0.4417,2383,0,0,,,,1,0
2026-09-15,full,/areas/11000/retail-commerce,prefecture-detail,217952,104753,880,0.2424,2172,0,0,,,,0,1
2026-09-15,full,/areas/11000/local-services,prefecture-detail,498179,273058,1634,0.4424,2481,0,0,,,,1,0
2026-09-15,full,/areas/11000/business-demography,prefecture-detail,330578,173669,1163,0.3277,2105,0,0,,,,1,0
2026-09-15,full,/areas/11000/innovation-patents,prefecture-detail,289729,146643,1075,0.3158,2297,0,0,,,,1,0
2026-09-15,full,/areas/11000/childcare-services,prefecture-detail,253644,126870,960,0.271,2305,0,0,,,,0,1
2026-09-15,full,/areas/11000/single-parent-households,prefecture-detail,381948,228506,1104,0.3281,2294,0,0,,,,1,0
2026-09-15,full,/areas/11000/long-term-care,prefecture-detail,257556,129096,967,0.2661,2310,0,0,,,,0,1
2026-09-15,full,/areas/11000/disability-support,prefecture-detail,272875,141527,977,0.2593,2345,0,0,,,,0,1
2026-09-15,full,/areas/11000/public-assistance,prefecture-detail,268471,135935,987,0.2679,2701,0,0,,,,0,1
2026-09-15,full,/areas/11000/health-checkups,prefecture-detail,488153,291590,1403,0.363,2232,0,0,,,,1,0
2026-09-15,full,/areas/11000/daily-time-use,prefecture-detail,305174,154401,1137,0.3361,2154,0,0,,,,1,0
2026-09-15,full,/areas/11000/household-assets-debt,prefecture-detail,290514,147067,1086,0.319,1931,0,0,,,,1,0
2026-09-15,full,/areas/11000/freight-logistics,prefecture-detail,985146,741612,1246,0.25,2143,0,0,,,,0,3
2026-09-15,full,/areas/11000/regional-transport,prefecture-detail,263019,129054,1026,0.3009,1966,0,0,,,,1,0
2026-09-15,full,/areas/11000/geographic-access,prefecture-detail,508943,350685,1095,0.2522,2256,0,0,,,,0,1
2026-09-15,full,/areas/11000/water-services,prefecture-detail,341929,177651,1222,0.3566,2552,0,0,,,,1,0
2026-09-15,full,/areas/11000/communication-access,prefecture-detail,230538,113192,896,0.25,2232,0,0,,,,0,1
2026-09-15,full,/areas/11000/regional-energy,prefecture-detail,521918,290604,1669,0.434,2701,0,0,,,,1,0
2026-09-15,full,/areas/11000/environmental-quality,prefecture-detail,1312126,964821,1607,0.4737,2418,0,0,,,,1,2
2026-09-15,full,/areas/11000/natural-environment,prefecture-detail,276733,139097,1042,0.3083,2605,0,0,,,,1,0
2026-09-15,full,/areas/11000/earthquake-exposure,prefecture-detail,258018,136137,930,0.2121,1976,0,0,,,,0,1
2026-09-15,full,/areas/11000/landslide-exposure,prefecture-detail,527956,350992,1188,0.2759,2469,0,0,,,,0,1
2026-09-15,full,/areas/11000/tsunami-exposure,prefecture-detail,245476,128352,800,0.1477,3357,0,0,,,,0,0
2026-09-15,full,/areas/11000/cultural-participation,prefecture-detail,352277,179882,1284,0.374,1979,0,0,,,,1,0
2026-09-15,full,/areas/11000/sports-participation,prefecture-detail,469030,263835,1507,0.4052,1968,0,0,,,,1,0
2026-09-15,full,/areas/11000/local-government-digital,prefecture-detail,307558,164069,1056,0.2844,2246,0,0,,,,0,1
2026-09-15,full,/areas/11000/gender-participation,prefecture-detail,314570,158450,1160,0.336,2782,0,0,,,,1,0
2026-09-15,full,/areas/11000/community-participation,prefecture-detail,219564,104597,891,0.2524,2426,0,0,,,,0,1
2026-09-15,full,/areas/12000/population-dynamics,prefecture-detail,1363483,926264,2997,0.5125,1958,0,0,,,,1,2
2026-09-15,full,/areas/12000/aging-society,prefecture-detail,690017,443305,1661,0.3908,1878,0,0,,,,1,0
2026-09-15,full,/areas/12000/living-housing,prefecture-detail,1017264,586468,3046,0.5484,1872,0,0,,,,1,2
2026-09-15,full,/areas/12000/local-economy,prefecture-detail,756148,496585,1783,0.4066,2018,0,0,,,,1,0
2026-09-15,full,/areas/12000/labor-wages,prefecture-detail,509927,306771,1449,0.3735,1980,0,0,,,,1,0
2026-09-15,full,/areas/12000/manufacturing,prefecture-detail,498938,290136,1518,0.3624,1817,0,0,,,,1,0
2026-09-15,full,/areas/12000/healthcare,prefecture-detail,1429101,849561,3881,0.5669,1830,0,0,,,,1,3
2026-09-15,full,/areas/12000/safety,prefecture-detail,1355226,857718,3271,0.5226,1811,0,0,,,,1,2
2026-09-15,full,/areas/12000/education-culture,prefecture-detail,999427,611738,2700,0.4981,1839,0,0,,,,1,2
2026-09-15,full,/areas/12000/tourism,prefecture-detail,630586,382929,1749,0.4048,1806,0,0,,,,1,0
2026-09-15,full,/areas/12000/consumer-prices,prefecture-detail,462698,272509,1380,0.3784,1923,0,0,,,,1,0
2026-09-15,full,/areas/12000/foreign-residents,prefecture-detail,371888,220458,1093,0.3071,1931,0,0,,,,1,0
2026-09-15,full,/areas/12000/occupation-salary,prefecture-detail,754075,524982,1504,0.3927,2221,0,0,,,,1,1
2026-09-15,full,/areas/12000/real-income,prefecture-detail,647596,414265,1621,0.4064,1928,0,0,,,,1,0
2026-09-15,full,/areas/12000/labor-mobility,prefecture-detail,594043,311125,2098,0.474,1902,0,0,,,,1,0
2026-09-15,full,/areas/12000/local-finance,prefecture-detail,1000801,637943,2386,0.4898,1937,0,0,,,,1,2
2026-09-15,full,/areas/12000/fishery-marine,prefecture-detail,631549,425820,1380,0.3626,1886,0,0,,,,1,0
2026-09-15,full,/areas/12000/climate,prefecture-detail,423867,237579,1353,0.3308,1787,0,0,,,,1,0
2026-09-15,full,/areas/12000/construction-industry,prefecture-detail,409280,220288,1384,0.4,2002,0,0,,,,1,0
2026-09-15,full,/areas/12000/waste-recycling,prefecture-detail,192121,91435,779,0.1957,2188,0,0,,,,0,1
2026-09-15,full,/areas/12000/information-industry,prefecture-detail,202579,96850,827,0.2188,2079,0,0,,,,0,1
2026-09-15,full,/areas/12000/land-property-market,prefecture-detail,305999,162597,1064,0.2685,2204,0,0,,,,0,1
2026-09-15,full,/areas/12000/agriculture-production,prefecture-detail,379293,197575,1356,0.3901,1988,0,0,,,,1,0
2026-09-15,full,/areas/12000/forestry-timber,prefecture-detail,459702,242058,1607,0.4417,2383,0,0,,,,1,0
2026-09-15,full,/areas/12000/retail-commerce,prefecture-detail,218575,104753,885,0.2424,2172,0,0,,,,0,1
2026-09-15,full,/areas/12000/local-services,prefecture-detail,498170,273057,1634,0.4424,2481,0,0,,,,1,0
2026-09-15,full,/areas/12000/business-demography,prefecture-detail,329952,173669,1158,0.3277,2105,0,0,,,,1,0
2026-09-15,full,/areas/12000/innovation-patents,prefecture-detail,289719,146640,1075,0.3158,2297,0,0,,,,1,0
2026-09-15,full,/areas/12000/childcare-services,prefecture-detail,253641,126870,960,0.271,2305,0,0,,,,0,1
2026-09-15,full,/areas/12000/single-parent-households,prefecture-detail,381946,228505,1104,0.3281,2294,0,0,,,,1,0
2026-09-15,full,/areas/12000/long-term-care,prefecture-detail,258181,129096,972,0.2661,2310,0,0,,,,0,1
2026-09-15,full,/areas/12000/disability-support,prefecture-detail,272862,141525,977,0.2593,2345,0,0,,,,0,1
2026-09-15,full,/areas/12000/public-assistance,prefecture-detail,268474,135935,987,0.2679,2701,0,0,,,,0,1
2026-09-15,full,/areas/12000/health-checkups,prefecture-detail,488146,291589,1403,0.363,2232,0,0,,,,1,0
2026-09-15,full,/areas/12000/daily-time-use,prefecture-detail,305177,154401,1137,0.3361,2154,0,0,,,,1,0
2026-09-15,full,/areas/12000/household-assets-debt,prefecture-detail,290509,147067,1086,0.319,1931,0,0,,,,1,0
2026-09-15,full,/areas/12000/freight-logistics,prefecture-detail,984526,741622,1241,0.25,2143,0,0,,,,0,3
2026-09-15,full,/areas/12000/regional-transport,prefecture-detail,263010,129052,1026,0.3009,1966,0,0,,,,1,0
2026-09-15,full,/areas/12000/geographic-access,prefecture-detail,508936,350683,1095,0.2522,2256,0,0,,,,0,1
2026-09-15,full,/areas/12000/water-services,prefecture-detail,341302,177650,1217,0.3566,2552,0,0,,,,1,0
2026-09-15,full,/areas/12000/communication-access,prefecture-detail,231160,113191,901,0.25,2232,0,0,,,,0,1
2026-09-15,full,/areas/12000/regional-energy,prefecture-detail,521300,290605,1664,0.434,2701,0,0,,,,1,0
2026-09-15,full,/areas/12000/environmental-quality,prefecture-detail,1338996,964821,1813,0.5506,2418,0,0,,,,1,2
2026-09-15,full,/areas/12000/natural-environment,prefecture-detail,276739,139097,1042,0.3083,2605,0,0,,,,1,0
2026-09-15,full,/areas/12000/earthquake-exposure,prefecture-detail,257967,136137,930,0.2121,1976,0,0,,,,0,1
2026-09-15,full,/areas/12000/landslide-exposure,prefecture-detail,528600,350992,1188,0.2759,2469,0,0,,,,0,1
2026-09-15,full,/areas/12000/tsunami-exposure,prefecture-detail,247137,129607,866,0.1477,3357,0,0,,,,0,0
2026-09-15,full,/areas/12000/cultural-participation,prefecture-detail,352281,179882,1284,0.374,1979,0,0,,,,1,0
2026-09-15,full,/areas/12000/sports-participation,prefecture-detail,469027,263835,1507,0.4052,1968,0,0,,,,1,0
2026-09-15,full,/areas/12000/local-government-digital,prefecture-detail,308184,164069,1061,0.2844,2246,0,0,,,,0,1
2026-09-15,full,/areas/12000/gender-participation,prefecture-detail,314574,158450,1160,0.336,2782,0,0,,,,1,0
2026-09-15,full,/areas/12000/community-participation,prefecture-detail,219572,104599,891,0.2524,2426,0,0,,,,0,1
2026-09-15,full,/areas/13000/population-dynamics,prefecture-detail,1374698,926265,3092,0.5125,1958,0,0,,,,1,2
2026-09-15,full,/areas/13000/aging-society,prefecture-detail,690020,443305,1661,0.3908,1878,0,0,,,,1,0
2026-09-15,full,/areas/13000/living-housing,prefecture-detail,1017310,586469,3046,0.5484,1872,0,0,,,,1,2
2026-09-15,full,/areas/13000/local-economy,prefecture-detail,755560,496585,1778,0.4066,2018,0,0,,,,1,0
2026-09-15,full,/areas/13000/labor-wages,prefecture-detail,509307,306771,1444,0.3735,1980,0,0,,,,1,0
2026-09-15,full,/areas/13000/manufacturing,prefecture-detail,498827,290136,1517,0.3624,1817,0,0,,,,1,0
2026-09-15,full,/areas/13000/healthcare,prefecture-detail,1428602,849563,3876,0.5669,1830,0,0,,,,1,3
2026-09-15,full,/areas/13000/safety,prefecture-detail,1355233,857721,3271,0.5226,1811,0,0,,,,1,2
2026-09-15,full,/areas/13000/education-culture,prefecture-detail,1001988,611738,2721,0.4924,1839,0,0,,,,1,2
2026-09-15,full,/areas/13000/tourism,prefecture-detail,641224,382930,1821,0.4048,1806,0,0,,,,1,0
2026-09-15,full,/areas/13000/consumer-prices,prefecture-detail,462681,272505,1380,0.3784,1923,0,0,,,,1,0
2026-09-15,full,/areas/13000/foreign-residents,prefecture-detail,371261,220456,1088,0.3071,1931,0,0,,,,1,0
2026-09-15,full,/areas/13000/occupation-salary,prefecture-detail,754701,524982,1509,0.3927,2221,0,0,,,,1,1
2026-09-15,full,/areas/13000/real-income,prefecture-detail,647607,414266,1621,0.4064,1928,0,0,,,,1,0
2026-09-15,full,/areas/13000/labor-mobility,prefecture-detail,604845,311125,2193,0.474,1902,0,0,,,,1,0
2026-09-15,full,/areas/13000/local-finance,prefecture-detail,1000783,637943,2386,0.4898,1937,0,0,,,,1,2
2026-09-15,full,/areas/13000/fishery-marine,prefecture-detail,631333,425821,1378,0.3626,1886,0,0,,,,1,0
2026-09-15,full,/areas/13000/climate,prefecture-detail,423871,237583,1353,0.3308,1787,0,0,,,,1,0
2026-09-15,full,/areas/13000/construction-industry,prefecture-detail,408675,220290,1379,0.4,2002,0,0,,,,1,0
2026-09-15,full,/areas/13000/waste-recycling,prefecture-detail,191496,91435,774,0.1957,2188,0,0,,,,0,1
2026-09-15,full,/areas/13000/information-industry,prefecture-detail,201992,96857,822,0.2188,2079,0,0,,,,0,1
2026-09-15,full,/areas/13000/land-property-market,prefecture-detail,305399,162598,1059,0.2685,2204,0,0,,,,0,1
2026-09-15,full,/areas/13000/agriculture-production,prefecture-detail,379882,197573,1361,0.3901,1988,0,0,,,,1,0
2026-09-15,full,/areas/13000/forestry-timber,prefecture-detail,459697,242057,1607,0.4417,2383,0,0,,,,1,0
2026-09-15,full,/areas/13000/retail-commerce,prefecture-detail,217961,104755,880,0.2424,2172,0,0,,,,0,1
2026-09-15,full,/areas/13000/local-services,prefecture-detail,497609,273059,1629,0.4424,2481,0,0,,,,1,0
2026-09-15,full,/areas/13000/business-demography,prefecture-detail,329971,173671,1158,0.3277,2105,0,0,,,,1,0
2026-09-15,full,/areas/13000/innovation-patents,prefecture-detail,289147,146647,1070,0.3158,2297,0,0,,,,1,0
2026-09-15,full,/areas/13000/childcare-services,prefecture-detail,253643,126870,960,0.271,2305,0,0,,,,0,1
2026-09-15,full,/areas/13000/single-parent-households,prefecture-detail,381942,228505,1104,0.3281,2294,0,0,,,,1,0
2026-09-15,full,/areas/13000/long-term-care,prefecture-detail,257566,129098,967,0.2661,2310,0,0,,,,0,1
2026-09-15,full,/areas/13000/disability-support,prefecture-detail,272878,141529,977,0.2593,2345,0,0,,,,0,1
2026-09-15,full,/areas/13000/public-assistance,prefecture-detail,268471,135935,987,0.2679,2701,0,0,,,,0,1
2026-09-15,full,/areas/13000/health-checkups,prefecture-detail,487519,291590,1398,0.363,2232,0,0,,,,1,0
2026-09-15,full,/areas/13000/daily-time-use,prefecture-detail,305176,154401,1137,0.3361,2154,0,0,,,,1,0
2026-09-15,full,/areas/13000/household-assets-debt,prefecture-detail,289887,147067,1081,0.319,1931,0,0,,,,1,0
2026-09-15,full,/areas/13000/freight-logistics,prefecture-detail,984602,741624,1241,0.25,2143,0,0,,,,0,3
2026-09-15,full,/areas/13000/regional-transport,prefecture-detail,263013,129051,1026,0.3009,1966,0,0,,,,1,0
2026-09-15,full,/areas/13000/geographic-access,prefecture-detail,508308,350683,1090,0.2522,2256,0,0,,,,0,1
2026-09-15,full,/areas/13000/water-services,prefecture-detail,341940,177651,1222,0.3566,2552,0,0,,,,1,0
2026-09-15,full,/areas/13000/communication-access,prefecture-detail,230547,113193,896,0.25,2232,0,0,,,,0,1
2026-09-15,full,/areas/13000/regional-energy,prefecture-detail,521306,290604,1664,0.434,2701,0,0,,,,1,0
2026-09-15,full,/areas/13000/environmental-quality,prefecture-detail,1327888,964821,1730,0.521,2418,0,0,,,,1,2
2026-09-15,full,/areas/13000/natural-environment,prefecture-detail,276723,139096,1042,0.3083,2605,0,0,,,,1,0
2026-09-15,full,/areas/13000/earthquake-exposure,prefecture-detail,258020,136137,930,0.2121,1976,0,0,,,,0,1
2026-09-15,full,/areas/13000/landslide-exposure,prefecture-detail,527974,350994,1188,0.2759,2469,0,0,,,,0,1
2026-09-15,full,/areas/13000/tsunami-exposure,prefecture-detail,248240,129606,872,0.1477,3357,0,0,,,,0,0
2026-09-15,full,/areas/13000/cultural-participation,prefecture-detail,351660,179884,1279,0.374,1979,0,0,,,,1,0
2026-09-15,full,/areas/13000/sports-participation,prefecture-detail,469035,263835,1507,0.4052,1968,0,0,,,,1,0
2026-09-15,full,/areas/13000/local-government-digital,prefecture-detail,308187,164069,1061,0.2844,2246,0,0,,,,0,1
2026-09-15,full,/areas/13000/gender-participation,prefecture-detail,314576,158450,1160,0.336,2782,0,0,,,,1,0
2026-09-15,full,/areas/13000/community-participation,prefecture-detail,219574,104599,891,0.2524,2426,0,0,,,,0,1
2026-09-15,full,/areas/14000/population-dynamics,prefecture-detail,1364042,926324,3003,0.5125,1958,0,0,,,,1,2
2026-09-15,full,/areas/14000/aging-society,prefecture-detail,690123,443351,1661,0.3908,1878,0,0,,,,1,0
2026-09-15,full,/areas/14000/living-housing,prefecture-detail,1017414,586522,3046,0.5484,1872,0,0,,,,1,2
2026-09-15,full,/areas/14000/local-economy,prefecture-detail,756385,496639,1786,0.4066,2018,0,0,,,,1,0
2026-09-15,full,/areas/14000/labor-wages,prefecture-detail,509421,306819,1444,0.3735,1980,0,0,,,,1,0
2026-09-15,full,/areas/14000/manufacturing,prefecture-detail,498441,290184,1513,0.3624,1817,0,0,,,,1,0
2026-09-15,full,/areas/14000/healthcare,prefecture-detail,1429264,849609,3881,0.5669,1830,0,0,,,,1,3
2026-09-15,full,/areas/14000/safety,prefecture-detail,1355381,857775,3271,0.5226,1811,0,0,,,,1,2
2026-09-15,full,/areas/14000/education-culture,prefecture-detail,997003,611785,2678,0.5019,1839,0,0,,,,1,2
2026-09-15,full,/areas/14000/tourism,prefecture-detail,626873,382977,1722,0.4048,1806,0,0,,,,1,0
2026-09-15,full,/areas/14000/consumer-prices,prefecture-detail,463038,272557,1384,0.3784,1923,0,0,,,,1,0
2026-09-15,full,/areas/14000/foreign-residents,prefecture-detail,371996,220506,1093,0.3071,1931,0,0,,,,1,0
2026-09-15,full,/areas/14000/occupation-salary,prefecture-detail,754816,525030,1509,0.3927,2221,0,0,,,,1,1
2026-09-15,full,/areas/14000/real-income,prefecture-detail,648351,414313,1626,0.4064,1928,0,0,,,,1,0
2026-09-15,full,/areas/14000/labor-mobility,prefecture-detail,594169,311179,2098,0.474,1902,0,0,,,,1,0
2026-09-15,full,/areas/14000/local-finance,prefecture-detail,1000932,637991,2386,0.4898,1937,0,0,,,,1,2
2026-09-15,full,/areas/14000/fishery-marine,prefecture-detail,631657,425869,1380,0.3626,1886,0,0,,,,1,0
2026-09-15,full,/areas/14000/climate,prefecture-detail,423983,237627,1353,0.3308,1787,0,0,,,,1,0
2026-09-15,full,/areas/14000/construction-industry,prefecture-detail,408786,220336,1379,0.4,2002,0,0,,,,1,0
2026-09-15,full,/areas/14000/waste-recycling,prefecture-detail,191616,91483,774,0.1957,2188,0,0,,,,0,1
2026-09-15,full,/areas/14000/information-industry,prefecture-detail,202092,96901,822,0.2188,2079,0,0,,,,0,1
2026-09-15,full,/areas/14000/land-property-market,prefecture-detail,305518,162646,1059,0.2685,2204,0,0,,,,0,1
2026-09-15,full,/areas/14000/agriculture-production,prefecture-detail,380018,197622,1361,0.3901,1988,0,0,,,,1,0
2026-09-15,full,/areas/14000/forestry-timber,prefecture-detail,459808,242105,1607,0.4417,2383,0,0,,,,1,0
2026-09-15,full,/areas/14000/retail-commerce,prefecture-detail,218066,104801,880,0.2424,2172,0,0,,,,0,1
2026-09-15,full,/areas/14000/local-services,prefecture-detail,498302,273106,1634,0.4424,2481,0,0,,,,1,0
2026-09-15,full,/areas/14000/business-demography,prefecture-detail,330698,173718,1163,0.3277,2105,0,0,,,,1,0
2026-09-15,full,/areas/14000/innovation-patents,prefecture-detail,289232,146692,1070,0.3158,2297,0,0,,,,1,0
2026-09-15,full,/areas/14000/childcare-services,prefecture-detail,253759,126918,960,0.271,2305,0,0,,,,0,1
2026-09-15,full,/areas/14000/single-parent-households,prefecture-detail,382061,228554,1104,0.3281,2294,0,0,,,,1,0
2026-09-15,full,/areas/14000/long-term-care,prefecture-detail,257669,129144,967,0.2661,2310,0,0,,,,0,1
2026-09-15,full,/areas/14000/disability-support,prefecture-detail,273002,141577,977,0.2593,2345,0,0,,,,0,1
2026-09-15,full,/areas/14000/public-assistance,prefecture-detail,268589,135983,987,0.2679,2701,0,0,,,,0,1
2026-09-15,full,/areas/14000/health-checkups,prefecture-detail,488249,291637,1403,0.363,2232,0,0,,,,1,0
2026-09-15,full,/areas/14000/daily-time-use,prefecture-detail,305294,154449,1137,0.3361,2154,0,0,,,,1,0
2026-09-15,full,/areas/14000/household-assets-debt,prefecture-detail,290001,147115,1081,0.319,1931,0,0,,,,1,0
2026-09-15,full,/areas/14000/freight-logistics,prefecture-detail,984626,741662,1240,0.25,2143,0,0,,,,0,3
2026-09-15,full,/areas/14000/regional-transport,prefecture-detail,263129,129099,1026,0.3009,1966,0,0,,,,1,0
2026-09-15,full,/areas/14000/geographic-access,prefecture-detail,509072,350731,1095,0.2522,2256,0,0,,,,0,1
2026-09-15,full,/areas/14000/water-services,prefecture-detail,341423,177699,1217,0.3566,2552,0,0,,,,1,0
2026-09-15,full,/areas/14000/communication-access,prefecture-detail,230653,113240,896,0.25,2232,0,0,,,,0,1
2026-09-15,full,/areas/14000/regional-energy,prefecture-detail,521417,290652,1664,0.434,2701,0,0,,,,1,0
2026-09-15,full,/areas/14000/environmental-quality,prefecture-detail,1313221,964869,1612,0.4771,2418,0,0,,,,1,2
2026-09-15,full,/areas/14000/natural-environment,prefecture-detail,276851,139144,1042,0.3083,2605,0,0,,,,1,0
2026-09-15,full,/areas/14000/earthquake-exposure,prefecture-detail,258116,136185,930,0.2121,1976,0,0,,,,0,1
2026-09-15,full,/areas/14000/landslide-exposure,prefecture-detail,528211,351041,1188,0.2759,2469,0,0,,,,0,1
2026-09-15,full,/areas/14000/tsunami-exposure,prefecture-detail,248079,129656,872,0.1477,3357,0,0,,,,0,0
2026-09-15,full,/areas/14000/cultural-participation,prefecture-detail,352391,179931,1284,0.374,1979,0,0,,,,1,0
2026-09-15,full,/areas/14000/sports-participation,prefecture-detail,469156,263883,1507,0.4052,1968,0,0,,,,1,0
2026-09-15,full,/areas/14000/local-government-digital,prefecture-detail,308299,164117,1061,0.2844,2246,0,0,,,,0,1
2026-09-15,full,/areas/14000/gender-participation,prefecture-detail,314680,158496,1160,0.336,2782,0,0,,,,1,0
2026-09-15,full,/areas/14000/community-participation,prefecture-detail,219704,104584,892,0.2524,2426,0,0,,,,0,1
2026-09-15,full,/areas/15000/population-dynamics,prefecture-detail,1363814,926265,3001,0.5125,1958,0,0,,,,1,2
2026-09-15,full,/areas/15000/aging-society,prefecture-detail,690014,443305,1661,0.3908,1878,0,0,,,,1,0
2026-09-15,full,/areas/15000/living-housing,prefecture-detail,1017203,586468,3046,0.5484,1872,0,0,,,,1,2
2026-09-15,full,/areas/15000/local-economy,prefecture-detail,756122,496581,1783,0.4066,2018,0,0,,,,1,0
2026-09-15,full,/areas/15000/labor-wages,prefecture-detail,509917,306769,1449,0.3735,1980,0,0,,,,1,0
2026-09-15,full,/areas/15000/manufacturing,prefecture-detail,498927,290135,1518,0.3624,1817,0,0,,,,1,0
2026-09-15,full,/areas/15000/healthcare,prefecture-detail,1428998,849563,3881,0.5669,1830,0,0,,,,1,3
2026-09-15,full,/areas/15000/safety,prefecture-detail,1355274,857719,3271,0.5226,1811,0,0,,,,1,2
2026-09-15,full,/areas/15000/education-culture,prefecture-detail,1001231,611736,2716,0.4981,1839,0,0,,,,1,2
2026-09-15,full,/areas/15000/tourism,prefecture-detail,632792,382926,1766,0.4048,1806,0,0,,,,1,0
2026-09-15,full,/areas/15000/consumer-prices,prefecture-detail,463295,272504,1385,0.3784,1923,0,0,,,,1,0
2026-09-15,full,/areas/15000/foreign-residents,prefecture-detail,371864,220454,1093,0.3071,1931,0,0,,,,1,0
2026-09-15,full,/areas/15000/occupation-salary,prefecture-detail,754064,524980,1504,0.3927,2221,0,0,,,,1,1
2026-09-15,full,/areas/15000/real-income,prefecture-detail,648234,414265,1626,0.4064,1928,0,0,,,,1,0
2026-09-15,full,/areas/15000/labor-mobility,prefecture-detail,594043,311125,2098,0.474,1902,0,0,,,,1,0
2026-09-15,full,/areas/15000/local-finance,prefecture-detail,1001451,637944,2391,0.4898,1937,0,0,,,,1,2
2026-09-15,full,/areas/15000/fishery-marine,prefecture-detail,631552,425821,1380,0.3626,1886,0,0,,,,1,0
2026-09-15,full,/areas/15000/climate,prefecture-detail,424012,237583,1353,0.3308,1787,0,0,,,,1,0
2026-09-15,full,/areas/15000/construction-industry,prefecture-detail,409276,220288,1384,0.4,2002,0,0,,,,1,0
2026-09-15,full,/areas/15000/waste-recycling,prefecture-detail,192107,91432,779,0.1957,2188,0,0,,,,0,1
2026-09-15,full,/areas/15000/information-industry,prefecture-detail,202567,96848,827,0.2188,2079,0,0,,,,0,1
2026-09-15,full,/areas/15000/land-property-market,prefecture-detail,305975,162594,1064,0.2685,2204,0,0,,,,0,1
2026-09-15,full,/areas/15000/agriculture-production,prefecture-detail,379912,197575,1361,0.3901,1988,0,0,,,,1,0
2026-09-15,full,/areas/15000/forestry-timber,prefecture-detail,459723,242059,1607,0.4417,2383,0,0,,,,1,0
2026-09-15,full,/areas/15000/retail-commerce,prefecture-detail,218576,104753,885,0.2424,2172,0,0,,,,0,1
2026-09-15,full,/areas/15000/local-services,prefecture-detail,498167,273058,1634,0.4424,2481,0,0,,,,1,0
2026-09-15,full,/areas/15000/business-demography,prefecture-detail,330572,173670,1163,0.3277,2105,0,0,,,,1,0
2026-09-15,full,/areas/15000/innovation-patents,prefecture-detail,289698,146638,1075,0.3158,2297,0,0,,,,1,0
2026-09-15,full,/areas/15000/childcare-services,prefecture-detail,253642,126870,960,0.271,2305,0,0,,,,0,1
2026-09-15,full,/areas/15000/single-parent-households,prefecture-detail,381931,228505,1104,0.3281,2294,0,0,,,,1,0
2026-09-15,full,/areas/15000/long-term-care,prefecture-detail,258179,129096,972,0.2661,2310,0,0,,,,0,1
2026-09-15,full,/areas/15000/disability-support,prefecture-detail,272877,141529,977,0.2593,2345,0,0,,,,0,1
2026-09-15,full,/areas/15000/public-assistance,prefecture-detail,268464,135933,987,0.2679,2701,0,0,,,,0,1
2026-09-15,full,/areas/15000/health-checkups,prefecture-detail,487526,291591,1398,0.363,2232,0,0,,,,1,0
2026-09-15,full,/areas/15000/daily-time-use,prefecture-detail,305175,154401,1137,0.3361,2154,0,0,,,,1,0
2026-09-15,full,/areas/15000/household-assets-debt,prefecture-detail,290509,147067,1086,0.319,1931,0,0,,,,1,0
2026-09-15,full,/areas/15000/freight-logistics,prefecture-detail,985145,741617,1246,0.25,2143,0,0,,,,0,3
2026-09-15,full,/areas/15000/regional-transport,prefecture-detail,263006,129052,1026,0.3009,1966,0,0,,,,1,0
2026-09-15,full,/areas/15000/geographic-access,prefecture-detail,508931,350683,1095,0.2522,2256,0,0,,,,0,1
2026-09-15,full,/areas/15000/water-services,prefecture-detail,341931,177651,1222,0.3566,2552,0,0,,,,1,0
2026-09-15,full,/areas/15000/communication-access,prefecture-detail,231158,113191,901,0.25,2232,0,0,,,,0,1
2026-09-15,full,/areas/15000/regional-energy,prefecture-detail,521916,290605,1669,0.434,2701,0,0,,,,1,0
2026-09-15,full,/areas/15000/environmental-quality,prefecture-detail,1352427,964821,1915,0.5812,2418,0,0,,,,1,2
2026-09-15,full,/areas/15000/natural-environment,prefecture-detail,276737,139098,1042,0.3083,2605,0,0,,,,1,0
2026-09-15,full,/areas/15000/earthquake-exposure,prefecture-detail,257983,136135,930,0.2121,1976,0,0,,,,0,1
2026-09-15,full,/areas/15000/landslide-exposure,prefecture-detail,528225,350993,1188,0.2759,2469,0,0,,,,0,1
2026-09-15,full,/areas/15000/tsunami-exposure,prefecture-detail,248678,129606,820,0.1477,3357,0,0,,,,0,0
2026-09-15,full,/areas/15000/cultural-participation,prefecture-detail,352281,179883,1284,0.374,1979,0,0,,,,1,0
2026-09-15,full,/areas/15000/sports-participation,prefecture-detail,469640,263833,1512,0.4052,1968,0,0,,,,1,0
2026-09-15,full,/areas/15000/local-government-digital,prefecture-detail,307556,164069,1056,0.2844,2246,0,0,,,,0,1
2026-09-15,full,/areas/15000/gender-participation,prefecture-detail,314569,158450,1160,0.336,2782,0,0,,,,1,0
2026-09-15,full,/areas/15000/community-participation,prefecture-detail,219561,104597,891,0.2524,2426,0,0,,,,0,1
2026-09-15,full,/areas/16000/population-dynamics,prefecture-detail,1363737,926263,3002,0.5125,1958,0,0,,,,1,2
2026-09-15,full,/areas/16000/aging-society,prefecture-detail,689955,443305,1661,0.3908,1878,0,0,,,,1,0
2026-09-15,full,/areas/16000/living-housing,prefecture-detail,1017161,586470,3046,0.5484,1872,0,0,,,,1,2
2026-09-15,full,/areas/16000/local-economy,prefecture-detail,756103,496583,1783,0.4066,2018,0,0,,,,1,0
2026-09-15,full,/areas/16000/labor-wages,prefecture-detail,509909,306769,1449,0.3735,1980,0,0,,,,1,0
2026-09-15,full,/areas/16000/manufacturing,prefecture-detail,498916,290135,1518,0.3624,1817,0,0,,,,1,0
2026-09-15,full,/areas/16000/healthcare,prefecture-detail,1428941,849565,3881,0.5669,1830,0,0,,,,1,3
2026-09-15,full,/areas/16000/safety,prefecture-detail,1355226,857719,3271,0.5226,1811,0,0,,,,1,2
2026-09-15,full,/areas/16000/education-culture,prefecture-detail,1002332,611736,2724,0.4925,1839,0,0,,,,1,2
2026-09-15,full,/areas/16000/tourism,prefecture-detail,631070,382926,1754,0.4048,1806,0,0,,,,1,0
2026-09-15,full,/areas/16000/consumer-prices,prefecture-detail,463307,272505,1385,0.3784,1923,0,0,,,,1,0
2026-09-15,full,/areas/16000/foreign-residents,prefecture-detail,371875,220456,1093,0.3071,1931,0,0,,,,1,0
2026-09-15,full,/areas/16000/occupation-salary,prefecture-detail,754700,524982,1509,0.3927,2221,0,0,,,,1,1
2026-09-15,full,/areas/16000/real-income,prefecture-detail,648227,414265,1626,0.4064,1928,0,0,,,,1,0
2026-09-15,full,/areas/16000/labor-mobility,prefecture-detail,594039,311125,2098,0.474,1902,0,0,,,,1,0
2026-09-15,full,/areas/16000/local-finance,prefecture-detail,1001435,637944,2391,0.4898,1937,0,0,,,,1,2
2026-09-15,full,/areas/16000/fishery-marine,prefecture-detail,631526,425820,1380,0.3626,1886,0,0,,,,1,0
2026-09-15,full,/areas/16000/climate,prefecture-detail,423801,237579,1351,0.3308,1787,0,0,,,,1,0
2026-09-15,full,/areas/16000/construction-industry,prefecture-detail,409243,220283,1384,0.4,2002,0,0,,,,1,0
2026-09-15,full,/areas/16000/waste-recycling,prefecture-detail,192107,91432,779,0.1957,2188,0,0,,,,0,1
2026-09-15,full,/areas/16000/information-industry,prefecture-detail,202560,96847,827,0.2188,2079,0,0,,,,0,1
2026-09-15,full,/areas/16000/land-property-market,prefecture-detail,305971,162594,1064,0.2685,2204,0,0,,,,0,1
2026-09-15,full,/areas/16000/agriculture-production,prefecture-detail,379897,197574,1361,0.3901,1988,0,0,,,,1,0
2026-09-15,full,/areas/16000/forestry-timber,prefecture-detail,459706,242058,1607,0.4417,2383,0,0,,,,1,0
2026-09-15,full,/areas/16000/retail-commerce,prefecture-detail,218567,104752,885,0.2424,2172,0,0,,,,0,1
2026-09-15,full,/areas/16000/local-services,prefecture-detail,498150,273056,1634,0.4424,2481,0,0,,,,1,0
2026-09-15,full,/areas/16000/business-demography,prefecture-detail,330555,173668,1163,0.3277,2105,0,0,,,,1,0
2026-09-15,full,/areas/16000/innovation-patents,prefecture-detail,289694,146638,1075,0.3158,2297,0,0,,,,1,0
2026-09-15,full,/areas/16000/childcare-services,prefecture-detail,253646,126871,960,0.271,2305,0,0,,,,0,1
2026-09-15,full,/areas/16000/single-parent-households,prefecture-detail,381296,228503,1099,0.3281,2294,0,0,,,,1,0
2026-09-15,full,/areas/16000/long-term-care,prefecture-detail,258168,129093,972,0.2661,2310,0,0,,,,0,1
2026-09-15,full,/areas/16000/disability-support,prefecture-detail,272881,141530,977,0.2593,2345,0,0,,,,0,1
2026-09-15,full,/areas/16000/public-assistance,prefecture-detail,268450,135930,987,0.2679,2701,0,0,,,,0,1
2026-09-15,full,/areas/16000/health-checkups,prefecture-detail,487520,291591,1398,0.363,2232,0,0,,,,1,0
2026-09-15,full,/areas/16000/daily-time-use,prefecture-detail,305176,154401,1137,0.3361,2154,0,0,,,,1,0
2026-09-15,full,/areas/16000/household-assets-debt,prefecture-detail,290509,147067,1086,0.319,1931,0,0,,,,1,0
2026-09-15,full,/areas/16000/freight-logistics,prefecture-detail,985131,741618,1246,0.25,2143,0,0,,,,0,3
2026-09-15,full,/areas/16000/regional-transport,prefecture-detail,262377,129051,1021,0.3009,1966,0,0,,,,1,0
2026-09-15,full,/areas/16000/geographic-access,prefecture-detail,508916,350682,1095,0.2522,2256,0,0,,,,0,1
2026-09-15,full,/areas/16000/water-services,prefecture-detail,341916,177650,1222,0.3566,2552,0,0,,,,1,0
2026-09-15,full,/areas/16000/communication-access,prefecture-detail,231149,113189,901,0.25,2232,0,0,,,,0,1
2026-09-15,full,/areas/16000/regional-energy,prefecture-detail,521904,290605,1669,0.434,2701,0,0,,,,1,0
2026-09-15,full,/areas/16000/environmental-quality,prefecture-detail,1318960,964821,1657,0.4969,2418,0,0,,,,1,2
2026-09-15,full,/areas/16000/natural-environment,prefecture-detail,276731,139097,1042,0.3083,2605,0,0,,,,1,0
2026-09-15,full,/areas/16000/earthquake-exposure,prefecture-detail,257983,136136,930,0.2121,1976,0,0,,,,0,1
2026-09-15,full,/areas/16000/landslide-exposure,prefecture-detail,527948,350992,1188,0.2759,2469,0,0,,,,0,1
2026-09-15,full,/areas/16000/tsunami-exposure,prefecture-detail,245434,129605,854,0.1477,3357,0,0,,,,0,0
2026-09-15,full,/areas/16000/cultural-participation,prefecture-detail,351658,179883,1279,0.374,1979,0,0,,,,1,0
2026-09-15,full,/areas/16000/sports-participation,prefecture-detail,469641,263833,1512,0.4052,1968,0,0,,,,1,0
2026-09-15,full,/areas/16000/local-government-digital,prefecture-detail,308182,164069,1061,0.2844,2246,0,0,,,,0,1
2026-09-15,full,/areas/16000/gender-participation,prefecture-detail,314561,158448,1160,0.336,2782,0,0,,,,1,0
2026-09-15,full,/areas/16000/community-participation,prefecture-detail,219564,104597,891,0.2524,2426,0,0,,,,0,1
2026-09-15,full,/areas/17000/population-dynamics,prefecture-detail,1363798,926265,3002,0.5125,1958,0,0,,,,1,2
2026-09-15,full,/areas/17000/aging-society,prefecture-detail,689953,443305,1661,0.3908,1878,0,0,,,,1,0
2026-09-15,full,/areas/17000/living-housing,prefecture-detail,1017176,586470,3046,0.5484,1872,0,0,,,,1,2
2026-09-15,full,/areas/17000/local-economy,prefecture-detail,756116,496583,1783,0.4066,2018,0,0,,,,1,0
2026-09-15,full,/areas/17000/labor-wages,prefecture-detail,509904,306767,1449,0.3735,1980,0,0,,,,1,0
2026-09-15,full,/areas/17000/manufacturing,prefecture-detail,498922,290135,1518,0.3624,1817,0,0,,,,1,0
2026-09-15,full,/areas/17000/healthcare,prefecture-detail,1428950,849563,3881,0.5669,1830,0,0,,,,1,3
2026-09-15,full,/areas/17000/safety,prefecture-detail,1355266,857719,3271,0.5226,1811,0,0,,,,1,2
2026-09-15,full,/areas/17000/education-culture,prefecture-detail,999384,611737,2700,0.4981,1839,0,0,,,,1,2
2026-09-15,full,/areas/17000/tourism,prefecture-detail,632869,382927,1766,0.4048,1806,0,0,,,,1,0
2026-09-15,full,/areas/17000/consumer-prices,prefecture-detail,463319,272508,1385,0.3784,1923,0,0,,,,1,0
2026-09-15,full,/areas/17000/foreign-residents,prefecture-detail,371872,220456,1093,0.3071,1931,0,0,,,,1,0
2026-09-15,full,/areas/17000/occupation-salary,prefecture-detail,754586,524981,1508,0.3927,2221,0,0,,,,1,1
2026-09-15,full,/areas/17000/real-income,prefecture-detail,648232,414265,1626,0.4064,1928,0,0,,,,1,0
2026-09-15,full,/areas/17000/labor-mobility,prefecture-detail,594044,311125,2098,0.474,1902,0,0,,,,1,0
2026-09-15,full,/areas/17000/local-finance,prefecture-detail,1001393,637944,2391,0.4898,1937,0,0,,,,1,2
2026-09-15,full,/areas/17000/fishery-marine,prefecture-detail,631550,425819,1380,0.3626,1886,0,0,,,,1,0
2026-09-15,full,/areas/17000/climate,prefecture-detail,423802,237579,1351,0.3308,1787,0,0,,,,1,0
2026-09-15,full,/areas/17000/construction-industry,prefecture-detail,409245,220283,1384,0.4,2002,0,0,,,,1,0
2026-09-15,full,/areas/17000/waste-recycling,prefecture-detail,192104,91432,779,0.1957,2188,0,0,,,,0,1
2026-09-15,full,/areas/17000/information-industry,prefecture-detail,202565,96848,827,0.2188,2079,0,0,,,,0,1
2026-09-15,full,/areas/17000/land-property-market,prefecture-detail,305978,162594,1064,0.2685,2204,0,0,,,,0,1
2026-09-15,full,/areas/17000/agriculture-production,prefecture-detail,379898,197574,1361,0.3901,1988,0,0,,,,1,0
2026-09-15,full,/areas/17000/forestry-timber,prefecture-detail,459704,242059,1607,0.4417,2383,0,0,,,,1,0
2026-09-15,full,/areas/17000/retail-commerce,prefecture-detail,218567,104752,885,0.2424,2172,0,0,,,,0,1
2026-09-15,full,/areas/17000/local-services,prefecture-detail,498160,273058,1634,0.4424,2481,0,0,,,,1,0
2026-09-15,full,/areas/17000/business-demography,prefecture-detail,330553,173668,1163,0.3277,2105,0,0,,,,1,0
2026-09-15,full,/areas/17000/innovation-patents,prefecture-detail,289687,146638,1075,0.3158,2297,0,0,,,,1,0
2026-09-15,full,/areas/17000/childcare-services,prefecture-detail,253641,126871,960,0.271,2305,0,0,,,,0,1
2026-09-15,full,/areas/17000/single-parent-households,prefecture-detail,381307,228505,1099,0.3281,2294,0,0,,,,1,0
2026-09-15,full,/areas/17000/long-term-care,prefecture-detail,258172,129095,972,0.2661,2310,0,0,,,,0,1
2026-09-15,full,/areas/17000/disability-support,prefecture-detail,272886,141530,977,0.2593,2345,0,0,,,,0,1
2026-09-15,full,/areas/17000/public-assistance,prefecture-detail,268467,135933,987,0.2679,2701,0,0,,,,0,1
2026-09-15,full,/areas/17000/health-checkups,prefecture-detail,488156,291591,1403,0.363,2232,0,0,,,,1,0
2026-09-15,full,/areas/17000/daily-time-use,prefecture-detail,305176,154401,1137,0.3361,2154,0,0,,,,1,0
2026-09-15,full,/areas/17000/household-assets-debt,prefecture-detail,290512,147067,1086,0.319,1931,0,0,,,,1,0
2026-09-15,full,/areas/17000/freight-logistics,prefecture-detail,985057,741617,1246,0.25,2143,0,0,,,,0,3
2026-09-15,full,/areas/17000/regional-transport,prefecture-detail,263005,129052,1026,0.3009,1966,0,0,,,,1,0
2026-09-15,full,/areas/17000/geographic-access,prefecture-detail,508911,350681,1095,0.2522,2256,0,0,,,,0,1
2026-09-15,full,/areas/17000/water-services,prefecture-detail,341926,177651,1222,0.3566,2552,0,0,,,,1,0
2026-09-15,full,/areas/17000/communication-access,prefecture-detail,231149,113189,901,0.25,2232,0,0,,,,0,1
2026-09-15,full,/areas/17000/regional-energy,prefecture-detail,521894,290602,1669,0.434,2701,0,0,,,,1,0
2026-09-15,full,/areas/17000/environmental-quality,prefecture-detail,1316974,964821,1641,0.4904,2418,0,0,,,,1,2
2026-09-15,full,/areas/17000/natural-environment,prefecture-detail,276731,139098,1042,0.3083,2605,0,0,,,,1,0
2026-09-15,full,/areas/17000/earthquake-exposure,prefecture-detail,258002,136134,930,0.2121,1976,0,0,,,,0,1
2026-09-15,full,/areas/17000/landslide-exposure,prefecture-detail,528176,350992,1188,0.2759,2469,0,0,,,,0,1
2026-09-15,full,/areas/17000/tsunami-exposure,prefecture-detail,246279,129605,860,0.1477,3357,0,0,,,,0,0
2026-09-15,full,/areas/17000/cultural-participation,prefecture-detail,351658,179883,1279,0.374,1979,0,0,,,,1,0
2026-09-15,full,/areas/17000/sports-participation,prefecture-detail,469653,263835,1512,0.4052,1968,0,0,,,,1,0
2026-09-15,full,/areas/17000/local-government-digital,prefecture-detail,308181,164069,1061,0.2844,2246,0,0,,,,0,1
2026-09-15,full,/areas/17000/gender-participation,prefecture-detail,314574,158450,1160,0.336,2782,0,0,,,,1,0
2026-09-15,full,/areas/17000/community-participation,prefecture-detail,219568,104598,891,0.2524,2426,0,0,,,,0,1
2026-09-15,full,/areas/18000/population-dynamics,prefecture-detail,1363727,926263,3002,0.5125,1958,0,0,,,,1,2
2026-09-15,full,/areas/18000/aging-society,prefecture-detail,689947,443305,1661,0.3908,1878,0,0,,,,1,0
2026-09-15,full,/areas/18000/living-housing,prefecture-detail,1017171,586470,3046,0.5484,1872,0,0,,,,1,2
2026-09-15,full,/areas/18000/local-economy,prefecture-detail,756096,496583,1783,0.4066,2018,0,0,,,,1,0
2026-09-15,full,/areas/18000/labor-wages,prefecture-detail,509901,306765,1449,0.3735,1980,0,0,,,,1,0
2026-09-15,full,/areas/18000/manufacturing,prefecture-detail,498914,290133,1518,0.3624,1817,0,0,,,,1,0
2026-09-15,full,/areas/18000/healthcare,prefecture-detail,1428866,849565,3881,0.5669,1830,0,0,,,,1,3
2026-09-15,full,/areas/18000/safety,prefecture-detail,1355205,857719,3271,0.5226,1811,0,0,,,,1,2
2026-09-15,full,/areas/18000/education-culture,prefecture-detail,999450,611737,2700,0.4981,1839,0,0,,,,1,2
2026-09-15,full,/areas/18000/tourism,prefecture-detail,630964,382923,1753,0.4048,1806,0,0,,,,1,0
2026-09-15,full,/areas/18000/consumer-prices,prefecture-detail,463315,272507,1385,0.3784,1923,0,0,,,,1,0
2026-09-15,full,/areas/18000/foreign-residents,prefecture-detail,371868,220454,1093,0.3071,1931,0,0,,,,1,0
2026-09-15,full,/areas/18000/occupation-salary,prefecture-detail,754702,524982,1509,0.3927,2221,0,0,,,,1,1
2026-09-15,full,/areas/18000/real-income,prefecture-detail,648230,414265,1626,0.4064,1928,0,0,,,,1,0
2026-09-15,full,/areas/18000/labor-mobility,prefecture-detail,594037,311123,2098,0.474,1902,0,0,,,,1,0
2026-09-15,full,/areas/18000/local-finance,prefecture-detail,1001440,637944,2391,0.4898,1937,0,0,,,,1,2
2026-09-15,full,/areas/18000/fishery-marine,prefecture-detail,631532,425818,1380,0.3626,1886,0,0,,,,1,0
2026-09-15,full,/areas/18000/climate,prefecture-detail,423813,237581,1351,0.3308,1787,0,0,,,,1,0
2026-09-15,full,/areas/18000/construction-industry,prefecture-detail,409246,220283,1384,0.4,2002,0,0,,,,1,0
2026-09-15,full,/areas/18000/waste-recycling,prefecture-detail,192107,91432,779,0.1957,2188,0,0,,,,0,1
2026-09-15,full,/areas/18000/information-industry,prefecture-detail,202559,96846,827,0.2188,2079,0,0,,,,0,1
2026-09-15,full,/areas/18000/land-property-market,prefecture-detail,305965,162594,1064,0.2685,2204,0,0,,,,0,1
2026-09-15,full,/areas/18000/agriculture-production,prefecture-detail,379890,197574,1361,0.3901,1988,0,0,,,,1,0
2026-09-15,full,/areas/18000/forestry-timber,prefecture-detail,459708,242059,1607,0.4417,2383,0,0,,,,1,0
2026-09-15,full,/areas/18000/retail-commerce,prefecture-detail,218559,104750,885,0.2424,2172,0,0,,,,0,1
2026-09-15,full,/areas/18000/local-services,prefecture-detail,498148,273056,1634,0.4424,2481,0,0,,,,1,0
2026-09-15,full,/areas/18000/business-demography,prefecture-detail,330556,173668,1163,0.3277,2105,0,0,,,,1,0
2026-09-15,full,/areas/18000/innovation-patents,prefecture-detail,289696,146638,1075,0.3158,2297,0,0,,,,1,0
2026-09-15,full,/areas/18000/childcare-services,prefecture-detail,253644,126871,960,0.271,2305,0,0,,,,0,1
2026-09-15,full,/areas/18000/single-parent-households,prefecture-detail,381305,228505,1099,0.3281,2294,0,0,,,,1,0
2026-09-15,full,/areas/18000/long-term-care,prefecture-detail,258168,129094,972,0.2661,2310,0,0,,,,0,1
2026-09-15,full,/areas/18000/disability-support,prefecture-detail,272883,141530,977,0.2593,2345,0,0,,,,0,1
2026-09-15,full,/areas/18000/public-assistance,prefecture-detail,268463,135933,987,0.2679,2701,0,0,,,,0,1
2026-09-15,full,/areas/18000/health-checkups,prefecture-detail,488156,291591,1403,0.363,2232,0,0,,,,1,0
2026-09-15,full,/areas/18000/daily-time-use,prefecture-detail,305173,154401,1137,0.3361,2154,0,0,,,,1,0
2026-09-15,full,/areas/18000/household-assets-debt,prefecture-detail,290507,147067,1086,0.319,1931,0,0,,,,1,0
2026-09-15,full,/areas/18000/freight-logistics,prefecture-detail,985013,741611,1246,0.25,2143,0,0,,,,0,3
2026-09-15,full,/areas/18000/regional-transport,prefecture-detail,262377,129051,1021,0.3009,1966,0,0,,,,1,0
2026-09-15,full,/areas/18000/geographic-access,prefecture-detail,508915,350682,1095,0.2522,2256,0,0,,,,0,1
2026-09-15,full,/areas/18000/water-services,prefecture-detail,341918,177650,1222,0.3566,2552,0,0,,,,1,0
2026-09-15,full,/areas/18000/communication-access,prefecture-detail,231147,113189,901,0.25,2232,0,0,,,,0,1
2026-09-15,full,/areas/18000/regional-energy,prefecture-detail,521894,290603,1669,0.434,2701,0,0,,,,1,0
2026-09-15,full,/areas/18000/environmental-quality,prefecture-detail,1303389,964819,1537,0.4444,2418,0,0,,,,1,2
2026-09-15,full,/areas/18000/natural-environment,prefecture-detail,276732,139098,1042,0.3083,2605,0,0,,,,1,0
2026-09-15,full,/areas/18000/earthquake-exposure,prefecture-detail,257977,136136,930,0.2121,1976,0,0,,,,0,1
2026-09-15,full,/areas/18000/landslide-exposure,prefecture-detail,528410,350994,1188,0.2759,2469,0,0,,,,0,1
2026-09-15,full,/areas/18000/tsunami-exposure,prefecture-detail,245289,129605,854,0.1477,3357,0,0,,,,0,0
2026-09-15,full,/areas/18000/cultural-participation,prefecture-detail,351647,179883,1279,0.374,1979,0,0,,,,1,0
2026-09-15,full,/areas/18000/sports-participation,prefecture-detail,469644,263835,1512,0.4052,1968,0,0,,,,1,0
2026-09-15,full,/areas/18000/local-government-digital,prefecture-detail,308182,164069,1061,0.2844,2246,0,0,,,,0,1
2026-09-15,full,/areas/18000/gender-participation,prefecture-detail,314569,158450,1160,0.336,2782,0,0,,,,1,0
2026-09-15,full,/areas/18000/community-participation,prefecture-detail,219588,104536,892,0.2524,2426,0,0,,,,0,1
2026-09-15,full,/areas/19000/population-dynamics,prefecture-detail,1363721,926262,3002,0.5125,1958,0,0,,,,1,2
2026-09-15,full,/areas/19000/aging-society,prefecture-detail,690008,443303,1661,0.3908,1878,0,0,,,,1,0
2026-09-15,full,/areas/19000/living-housing,prefecture-detail,1016538,586470,3041,0.5484,1872,0,0,,,,1,2
2026-09-15,full,/areas/19000/local-economy,prefecture-detail,756111,496583,1783,0.4066,2018,0,0,,,,1,0
2026-09-15,full,/areas/19000/labor-wages,prefecture-detail,509911,306767,1449,0.3735,1980,0,0,,,,1,0
2026-09-15,full,/areas/19000/manufacturing,prefecture-detail,498919,290135,1518,0.3624,1817,0,0,,,,1,0
2026-09-15,full,/areas/19000/healthcare,prefecture-detail,1428842,849563,3881,0.5669,1830,0,0,,,,1,3
2026-09-15,full,/areas/19000/safety,prefecture-detail,1354920,857719,3269,0.5226,1811,0,0,,,,1,2
2026-09-15,full,/areas/19000/education-culture,prefecture-detail,1000062,611737,2707,0.4981,1839,0,0,,,,1,2
2026-09-15,full,/areas/19000/tourism,prefecture-detail,626704,382926,1722,0.4048,1806,0,0,,,,1,0
2026-09-15,full,/areas/19000/consumer-prices,prefecture-detail,463288,272504,1385,0.3784,1923,0,0,,,,1,0
2026-09-15,full,/areas/19000/foreign-residents,prefecture-detail,371879,220456,1093,0.3071,1931,0,0,,,,1,0
2026-09-15,full,/areas/19000/occupation-salary,prefecture-detail,754701,524982,1509,0.3927,2221,0,0,,,,1,1
2026-09-15,full,/areas/19000/real-income,prefecture-detail,648228,414265,1626,0.4064,1928,0,0,,,,1,0
2026-09-15,full,/areas/19000/labor-mobility,prefecture-detail,594048,311125,2098,0.474,1902,0,0,,,,1,0
2026-09-15,full,/areas/19000/local-finance,prefecture-detail,1001452,637944,2391,0.4898,1937,0,0,,,,1,2
2026-09-15,full,/areas/19000/fishery-marine,prefecture-detail,631480,425809,1380,0.3626,1886,0,0,,,,1,0
2026-09-15,full,/areas/19000/climate,prefecture-detail,423931,237581,1353,0.3308,1787,0,0,,,,1,0
2026-09-15,full,/areas/19000/construction-industry,prefecture-detail,409248,220283,1384,0.4,2002,0,0,,,,1,0
2026-09-15,full,/areas/19000/waste-recycling,prefecture-detail,192107,91432,779,0.1957,2188,0,0,,,,0,1
2026-09-15,full,/areas/19000/information-industry,prefecture-detail,202559,96846,827,0.2188,2079,0,0,,,,0,1
2026-09-15,full,/areas/19000/land-property-market,prefecture-detail,305967,162594,1064,0.2685,2204,0,0,,,,0,1
2026-09-15,full,/areas/19000/agriculture-production,prefecture-detail,379901,197575,1361,0.3901,1988,0,0,,,,1,0
2026-09-15,full,/areas/19000/forestry-timber,prefecture-detail,459708,242059,1607,0.4417,2383,0,0,,,,1,0
2026-09-15,full,/areas/19000/retail-commerce,prefecture-detail,218559,104750,885,0.2424,2172,0,0,,,,0,1
2026-09-15,full,/areas/19000/local-services,prefecture-detail,497528,273057,1629,0.4424,2481,0,0,,,,1,0
2026-09-15,full,/areas/19000/business-demography,prefecture-detail,330557,173668,1163,0.3277,2105,0,0,,,,1,0
2026-09-15,full,/areas/19000/innovation-patents,prefecture-detail,289684,146638,1075,0.3158,2297,0,0,,,,1,0
2026-09-15,full,/areas/19000/childcare-services,prefecture-detail,253643,126870,960,0.271,2305,0,0,,,,0,1
2026-09-15,full,/areas/19000/single-parent-households,prefecture-detail,381931,228505,1104,0.3281,2294,0,0,,,,1,0
2026-09-15,full,/areas/19000/long-term-care,prefecture-detail,258176,129094,972,0.2661,2310,0,0,,,,0,1
2026-09-15,full,/areas/19000/disability-support,prefecture-detail,272881,141529,977,0.2593,2345,0,0,,,,0,1
2026-09-15,full,/areas/19000/public-assistance,prefecture-detail,268464,135933,987,0.2679,2701,0,0,,,,0,1
2026-09-15,full,/areas/19000/health-checkups,prefecture-detail,488158,291590,1403,0.363,2232,0,0,,,,1,0
2026-09-15,full,/areas/19000/daily-time-use,prefecture-detail,305172,154401,1137,0.3361,2154,0,0,,,,1,0
2026-09-15,full,/areas/19000/household-assets-debt,prefecture-detail,290511,147067,1086,0.319,1931,0,0,,,,1,0
2026-09-15,full,/areas/19000/freight-logistics,prefecture-detail,984948,741611,1246,0.25,2143,0,0,,,,0,3
2026-09-15,full,/areas/19000/regional-transport,prefecture-detail,263000,129051,1026,0.3009,1966,0,0,,,,1,0
2026-09-15,full,/areas/19000/geographic-access,prefecture-detail,508911,350682,1095,0.2522,2256,0,0,,,,0,1
2026-09-15,full,/areas/19000/water-services,prefecture-detail,341917,177650,1222,0.3566,2552,0,0,,,,1,0
2026-09-15,full,/areas/19000/communication-access,prefecture-detail,231141,113187,901,0.25,2232,0,0,,,,0,1
2026-09-15,full,/areas/19000/regional-energy,prefecture-detail,521885,290602,1669,0.434,2701,0,0,,,,1,0
2026-09-15,full,/areas/19000/environmental-quality,prefecture-detail,1288968,964819,1428,0.3846,2418,0,0,,,,1,2
2026-09-15,full,/areas/19000/natural-environment,prefecture-detail,276742,139098,1042,0.3083,2605,0,0,,,,1,0
2026-09-15,full,/areas/19000/earthquake-exposure,prefecture-detail,257948,136136,930,0.2121,1976,0,0,,,,0,1
2026-09-15,full,/areas/19000/landslide-exposure,prefecture-detail,527952,350992,1188,0.2759,2469,0,0,,,,0,1
2026-09-15,full,/areas/19000/tsunami-exposure,prefecture-detail,245476,128352,800,0.1477,3357,0,0,,,,0,0
2026-09-15,full,/areas/19000/cultural-participation,prefecture-detail,352282,179883,1284,0.374,1979,0,0,,,,1,0
2026-09-15,full,/areas/19000/sports-participation,prefecture-detail,469652,263835,1512,0.4052,1968,0,0,,,,1,0
2026-09-15,full,/areas/19000/local-government-digital,prefecture-detail,308187,164069,1061,0.2844,2246,0,0,,,,0,1
2026-09-15,full,/areas/19000/gender-participation,prefecture-detail,314570,158450,1160,0.336,2782,0,0,,,,1,0
2026-09-15,full,/areas/19000/community-participation,prefecture-detail,219565,104597,891,0.2524,2426,0,0,,,,0,1
2026-09-15,full,/areas/20000/population-dynamics,prefecture-detail,1363856,926265,3002,0.5125,1958,0,0,,,,1,2
2026-09-15,full,/areas/20000/aging-society,prefecture-detail,689984,443305,1661,0.3908,1878,0,0,,,,1,0
2026-09-15,full,/areas/20000/living-housing,prefecture-detail,1017211,586470,3046,0.5484,1872,0,0,,,,1,2
2026-09-15,full,/areas/20000/local-economy,prefecture-detail,756124,496583,1783,0.4066,2018,0,0,,,,1,0
2026-09-15,full,/areas/20000/labor-wages,prefecture-detail,509913,306769,1449,0.3735,1980,0,0,,,,1,0
2026-09-15,full,/areas/20000/manufacturing,prefecture-detail,498928,290135,1518,0.3624,1817,0,0,,,,1,0
2026-09-15,full,/areas/20000/healthcare,prefecture-detail,1429007,849565,3881,0.5669,1830,0,0,,,,1,3
2026-09-15,full,/areas/20000/safety,prefecture-detail,1354981,857719,3269,0.5226,1811,0,0,,,,1,2
2026-09-15,full,/areas/20000/education-culture,prefecture-detail,1001429,611735,2717,0.4943,1839,0,0,,,,1,2
2026-09-15,full,/areas/20000/tourism,prefecture-detail,631105,382929,1754,0.4048,1806,0,0,,,,1,0
2026-09-15,full,/areas/20000/consumer-prices,prefecture-detail,463312,272506,1385,0.3784,1923,0,0,,,,1,0
2026-09-15,full,/areas/20000/foreign-residents,prefecture-detail,371882,220456,1093,0.3071,1931,0,0,,,,1,0
2026-09-15,full,/areas/20000/occupation-salary,prefecture-detail,754697,524982,1509,0.3927,2221,0,0,,,,1,1
2026-09-15,full,/areas/20000/real-income,prefecture-detail,648236,414265,1626,0.4064,1928,0,0,,,,1,0
2026-09-15,full,/areas/20000/labor-mobility,prefecture-detail,594035,311123,2098,0.474,1902,0,0,,,,1,0
2026-09-15,full,/areas/20000/local-finance,prefecture-detail,1001449,637943,2391,0.4898,1937,0,0,,,,1,2
2026-09-15,full,/areas/20000/fishery-marine,prefecture-detail,631490,425809,1380,0.3626,1886,0,0,,,,1,0
2026-09-15,full,/areas/20000/climate,prefecture-detail,424009,237581,1353,0.3308,1787,0,0,,,,1,0
2026-09-15,full,/areas/20000/construction-industry,prefecture-detail,409257,220285,1384,0.4,2002,0,0,,,,1,0
2026-09-15,full,/areas/20000/waste-recycling,prefecture-detail,192098,91430,779,0.1957,2188,0,0,,,,0,1
2026-09-15,full,/areas/20000/information-industry,prefecture-detail,202567,96848,827,0.2188,2079,0,0,,,,0,1
2026-09-15,full,/areas/20000/land-property-market,prefecture-detail,305973,162594,1064,0.2685,2204,0,0,,,,0,1
2026-09-15,full,/areas/20000/agriculture-production,prefecture-detail,379908,197575,1361,0.3901,1988,0,0,,,,1,0
2026-09-15,full,/areas/20000/forestry-timber,prefecture-detail,459111,242061,1602,0.4417,2383,0,0,,,,1,0
2026-09-15,full,/areas/20000/retail-commerce,prefecture-detail,218574,104753,885,0.2424,2172,0,0,,,,0,1
2026-09-15,full,/areas/20000/local-services,prefecture-detail,498171,273057,1634,0.4424,2481,0,0,,,,1,0
2026-09-15,full,/areas/20000/business-demography,prefecture-detail,330571,173670,1163,0.3277,2105,0,0,,,,1,0
2026-09-15,full,/areas/20000/innovation-patents,prefecture-detail,289722,146642,1075,0.3158,2297,0,0,,,,1,0
2026-09-15,full,/areas/20000/childcare-services,prefecture-detail,253639,126870,960,0.271,2305,0,0,,,,0,1
2026-09-15,full,/areas/20000/single-parent-households,prefecture-detail,381919,228501,1104,0.3281,2294,0,0,,,,1,0
2026-09-15,full,/areas/20000/long-term-care,prefecture-detail,257545,129096,964,0.2661,2310,0,0,,,,0,1
2026-09-15,full,/areas/20000/disability-support,prefecture-detail,272883,141530,977,0.2593,2345,0,0,,,,0,1
2026-09-15,full,/areas/20000/public-assistance,prefecture-detail,268463,135933,987,0.2679,2701,0,0,,,,0,1
2026-09-15,full,/areas/20000/health-checkups,prefecture-detail,488151,291591,1403,0.363,2232,0,0,,,,1,0
2026-09-15,full,/areas/20000/daily-time-use,prefecture-detail,305175,154401,1137,0.3361,2154,0,0,,,,1,0
2026-09-15,full,/areas/20000/household-assets-debt,prefecture-detail,290508,147067,1086,0.319,1931,0,0,,,,1,0
2026-09-15,full,/areas/20000/freight-logistics,prefecture-detail,985040,741612,1245,0.25,2143,0,0,,,,0,3
2026-09-15,full,/areas/20000/regional-transport,prefecture-detail,262381,129051,1021,0.3009,1966,0,0,,,,1,0
2026-09-15,full,/areas/20000/geographic-access,prefecture-detail,508927,350683,1095,0.2522,2256,0,0,,,,0,1
2026-09-15,full,/areas/20000/water-services,prefecture-detail,341915,177648,1222,0.3566,2552,0,0,,,,1,0
2026-09-15,full,/areas/20000/communication-access,prefecture-detail,231160,113191,901,0.25,2232,0,0,,,,0,1
2026-09-15,full,/areas/20000/regional-energy,prefecture-detail,521893,290603,1669,0.434,2701,0,0,,,,1,0
2026-09-15,full,/areas/20000/environmental-quality,prefecture-detail,1310686,964821,1593,0.4702,2418,0,0,,,,1,2
2026-09-15,full,/areas/20000/natural-environment,prefecture-detail,276116,139100,1037,0.3083,2605,0,0,,,,1,0
2026-09-15,full,/areas/20000/earthquake-exposure,prefecture-detail,258011,136137,930,0.2121,1976,0,0,,,,0,1
2026-09-15,full,/areas/20000/landslide-exposure,prefecture-detail,527974,350994,1183,0.2759,2469,0,0,,,,0,1
2026-09-15,full,/areas/20000/tsunami-exposure,prefecture-detail,245476,128352,800,0.1477,3357,0,0,,,,0,0
2026-09-15,full,/areas/20000/cultural-participation,prefecture-detail,352285,179883,1284,0.374,1979,0,0,,,,1,0
2026-09-15,full,/areas/20000/sports-participation,prefecture-detail,469640,263833,1512,0.4052,1968,0,0,,,,1,0
2026-09-15,full,/areas/20000/local-government-digital,prefecture-detail,308186,164069,1061,0.2844,2246,0,0,,,,0,1
2026-09-15,full,/areas/20000/gender-participation,prefecture-detail,314572,158450,1160,0.336,2782,0,0,,,,1,0
2026-09-15,full,/areas/20000/community-participation,prefecture-detail,219559,104596,891,0.2524,2426,0,0,,,,0,1
2026-09-15,full,/areas/21000/population-dynamics,prefecture-detail,1363773,926265,3000,0.5125,1958,0,0,,,,1,2
2026-09-15,full,/areas/21000/aging-society,prefecture-detail,689987,443305,1661,0.3908,1878,0,0,,,,1,0
2026-09-15,full,/areas/21000/living-housing,prefecture-detail,1017202,586470,3046,0.5484,1872,0,0,,,,1,2
2026-09-15,full,/areas/21000/local-economy,prefecture-detail,756125,496585,1783,0.4066,2018,0,0,,,,1,0
2026-09-15,full,/areas/21000/labor-wages,prefecture-detail,509921,306769,1449,0.3735,1980,0,0,,,,1,0
2026-09-15,full,/areas/21000/manufacturing,prefecture-detail,498926,290135,1518,0.3624,1817,0,0,,,,1,0
2026-09-15,full,/areas/21000/healthcare,prefecture-detail,1428979,849563,3881,0.5669,1830,0,0,,,,1,3
2026-09-15,full,/areas/21000/safety,prefecture-detail,1355206,857720,3271,0.5226,1811,0,0,,,,1,2
2026-09-15,full,/areas/21000/education-culture,prefecture-detail,1000263,611737,2707,0.4962,1839,0,0,,,,1,2
2026-09-15,full,/areas/21000/tourism,prefecture-detail,626705,382928,1722,0.4048,1806,0,0,,,,1,0
2026-09-15,full,/areas/21000/consumer-prices,prefecture-detail,463309,272506,1385,0.3784,1923,0,0,,,,1,0
2026-09-15,full,/areas/21000/foreign-residents,prefecture-detail,371255,220456,1088,0.3071,1931,0,0,,,,1,0
2026-09-15,full,/areas/21000/occupation-salary,prefecture-detail,754694,524981,1509,0.3927,2221,0,0,,,,1,1
2026-09-15,full,/areas/21000/real-income,prefecture-detail,648229,414265,1626,0.4064,1928,0,0,,,,1,0
2026-09-15,full,/areas/21000/labor-mobility,prefecture-detail,594027,311124,2098,0.474,1902,0,0,,,,1,0
2026-09-15,full,/areas/21000/local-finance,prefecture-detail,1001417,637943,2391,0.4898,1937,0,0,,,,1,2
2026-09-15,full,/areas/21000/fishery-marine,prefecture-detail,631504,425813,1380,0.3626,1886,0,0,,,,1,0
2026-09-15,full,/areas/21000/climate,prefecture-detail,423813,237581,1351,0.3308,1787,0,0,,,,1,0
2026-09-15,full,/areas/21000/construction-industry,prefecture-detail,409253,220285,1384,0.4,2002,0,0,,,,1,0
2026-09-15,full,/areas/21000/waste-recycling,prefecture-detail,192097,91432,779,0.1957,2188,0,0,,,,0,1
2026-09-15,full,/areas/21000/information-industry,prefecture-detail,202559,96847,827,0.2188,2079,0,0,,,,0,1
2026-09-15,full,/areas/21000/land-property-market,prefecture-detail,305971,162594,1064,0.2685,2204,0,0,,,,0,1
2026-09-15,full,/areas/21000/agriculture-production,prefecture-detail,379892,197573,1361,0.3901,1988,0,0,,,,1,0
2026-09-15,full,/areas/21000/forestry-timber,prefecture-detail,459102,242057,1602,0.4417,2383,0,0,,,,1,0
2026-09-15,full,/areas/21000/retail-commerce,prefecture-detail,218574,104753,885,0.2424,2172,0,0,,,,0,1
2026-09-15,full,/areas/21000/local-services,prefecture-detail,498161,273058,1634,0.4424,2481,0,0,,,,1,0
2026-09-15,full,/areas/21000/business-demography,prefecture-detail,330564,173669,1163,0.3277,2105,0,0,,,,1,0
2026-09-15,full,/areas/21000/innovation-patents,prefecture-detail,289700,146638,1075,0.3158,2297,0,0,,,,1,0
2026-09-15,full,/areas/21000/childcare-services,prefecture-detail,253630,126868,960,0.271,2305,0,0,,,,0,1
2026-09-15,full,/areas/21000/single-parent-households,prefecture-detail,381930,228505,1104,0.3281,2294,0,0,,,,1,0
2026-09-15,full,/areas/21000/long-term-care,prefecture-detail,258181,129096,972,0.2661,2310,0,0,,,,0,1
2026-09-15,full,/areas/21000/disability-support,prefecture-detail,272875,141529,977,0.2593,2345,0,0,,,,0,1
2026-09-15,full,/areas/21000/public-assistance,prefecture-detail,268459,135933,987,0.2679,2701,0,0,,,,0,1
2026-09-15,full,/areas/21000/health-checkups,prefecture-detail,488149,291590,1403,0.363,2232,0,0,,,,1,0
2026-09-15,full,/areas/21000/daily-time-use,prefecture-detail,305172,154401,1137,0.3361,2154,0,0,,,,1,0
2026-09-15,full,/areas/21000/household-assets-debt,prefecture-detail,290512,147067,1086,0.319,1931,0,0,,,,1,0
2026-09-15,full,/areas/21000/freight-logistics,prefecture-detail,985092,741612,1246,0.25,2143,0,0,,,,0,3
2026-09-15,full,/areas/21000/regional-transport,prefecture-detail,262378,129052,1021,0.3009,1966,0,0,,,,1,0
2026-09-15,full,/areas/21000/geographic-access,prefecture-detail,508924,350682,1095,0.2522,2256,0,0,,,,0,1
2026-09-15,full,/areas/21000/water-services,prefecture-detail,341928,177651,1222,0.3566,2552,0,0,,,,1,0
2026-09-15,full,/areas/21000/communication-access,prefecture-detail,231159,113191,901,0.25,2232,0,0,,,,0,1
2026-09-15,full,/areas/21000/regional-energy,prefecture-detail,521901,290605,1669,0.434,2701,0,0,,,,1,0
2026-09-15,full,/areas/21000/environmental-quality,prefecture-detail,1338150,964821,1806,0.548,2418,0,0,,,,1,2
2026-09-15,full,/areas/21000/natural-environment,prefecture-detail,276108,139096,1037,0.3083,2605,0,0,,,,1,0
2026-09-15,full,/areas/21000/earthquake-exposure,prefecture-detail,258016,136137,930,0.2121,1976,0,0,,,,0,1
2026-09-15,full,/areas/21000/landslide-exposure,prefecture-detail,527970,350994,1188,0.2759,2469,0,0,,,,0,1
2026-09-15,full,/areas/21000/tsunami-exposure,prefecture-detail,246302,129604,860,0.1477,3357,0,0,,,,0,0
2026-09-15,full,/areas/21000/cultural-participation,prefecture-detail,352275,179882,1284,0.374,1979,0,0,,,,1,0
2026-09-15,full,/areas/21000/sports-participation,prefecture-detail,469640,263833,1512,0.4052,1968,0,0,,,,1,0
2026-09-15,full,/areas/21000/local-government-digital,prefecture-detail,308186,164069,1061,0.2844,2246,0,0,,,,0,1
2026-09-15,full,/areas/21000/gender-participation,prefecture-detail,314568,158450,1160,0.336,2782,0,0,,,,1,0
2026-09-15,full,/areas/21000/community-participation,prefecture-detail,219568,104598,891,0.2524,2426,0,0,,,,0,1
2026-09-15,full,/areas/22000/population-dynamics,prefecture-detail,1364000,926265,3002,0.5125,1958,0,0,,,,1,2
2026-09-15,full,/areas/22000/aging-society,prefecture-detail,689985,443303,1661,0.3908,1878,0,0,,,,1,0
2026-09-15,full,/areas/22000/living-housing,prefecture-detail,1017248,586470,3046,0.5484,1872,0,0,,,,1,2
2026-09-15,full,/areas/22000/local-economy,prefecture-detail,755521,496585,1778,0.4066,2018,0,0,,,,1,0
2026-09-15,full,/areas/22000/labor-wages,prefecture-detail,509924,306771,1449,0.3735,1980,0,0,,,,1,0
2026-09-15,full,/areas/22000/manufacturing,prefecture-detail,498326,290137,1513,0.3624,1817,0,0,,,,1,0
2026-09-15,full,/areas/22000/healthcare,prefecture-detail,1429051,849563,3881,0.5669,1830,0,0,,,,1,3
2026-09-15,full,/areas/22000/safety,prefecture-detail,1355269,857721,3271,0.5226,1811,0,0,,,,1,2
2026-09-15,full,/areas/22000/education-culture,prefecture-detail,1003205,611738,2733,0.4925,1839,0,0,,,,1,2
2026-09-15,full,/areas/22000/tourism,prefecture-detail,631123,382929,1754,0.4048,1806,0,0,,,,1,0
2026-09-15,full,/areas/22000/consumer-prices,prefecture-detail,463313,272506,1385,0.3784,1923,0,0,,,,1,0
2026-09-15,full,/areas/22000/foreign-residents,prefecture-detail,371872,220457,1093,0.3071,1931,0,0,,,,1,0
2026-09-15,full,/areas/22000/occupation-salary,prefecture-detail,754700,524982,1509,0.3927,2221,0,0,,,,1,1
2026-09-15,full,/areas/22000/real-income,prefecture-detail,648227,414265,1626,0.4064,1928,0,0,,,,1,0
2026-09-15,full,/areas/22000/labor-mobility,prefecture-detail,594038,311124,2098,0.474,1902,0,0,,,,1,0
2026-09-15,full,/areas/22000/local-finance,prefecture-detail,1001442,637942,2391,0.4898,1937,0,0,,,,1,2
2026-09-15,full,/areas/22000/fishery-marine,prefecture-detail,630942,425821,1375,0.3626,1886,0,0,,,,1,0
2026-09-15,full,/areas/22000/climate,prefecture-detail,423119,237579,1346,0.3308,1787,0,0,,,,1,0
2026-09-15,full,/areas/22000/construction-industry,prefecture-detail,409279,220288,1384,0.4,2002,0,0,,,,1,0
2026-09-15,full,/areas/22000/waste-recycling,prefecture-detail,192116,91434,779,0.1957,2188,0,0,,,,0,1
2026-09-15,full,/areas/22000/information-industry,prefecture-detail,202579,96850,827,0.2188,2079,0,0,,,,0,1
2026-09-15,full,/areas/22000/land-property-market,prefecture-detail,305992,162596,1064,0.2685,2204,0,0,,,,0,1
2026-09-15,full,/areas/22000/agriculture-production,prefecture-detail,379909,197575,1361,0.3901,1988,0,0,,,,1,0
2026-09-15,full,/areas/22000/forestry-timber,prefecture-detail,459723,242059,1607,0.4417,2383,0,0,,,,1,0
2026-09-15,full,/areas/22000/retail-commerce,prefecture-detail,218580,104753,885,0.2424,2172,0,0,,,,0,1
2026-09-15,full,/areas/22000/local-services,prefecture-detail,498183,273058,1634,0.4424,2481,0,0,,,,1,0
2026-09-15,full,/areas/22000/business-demography,prefecture-detail,330584,173670,1163,0.3277,2105,0,0,,,,1,0
2026-09-15,full,/areas/22000/innovation-patents,prefecture-detail,289731,146643,1075,0.3158,2297,0,0,,,,1,0
2026-09-15,full,/areas/22000/childcare-services,prefecture-detail,253642,126871,960,0.271,2305,0,0,,,,0,1
2026-09-15,full,/areas/22000/single-parent-households,prefecture-detail,381948,228506,1104,0.3281,2294,0,0,,,,1,0
2026-09-15,full,/areas/22000/long-term-care,prefecture-detail,258174,129094,972,0.2661,2310,0,0,,,,0,1
2026-09-15,full,/areas/22000/disability-support,prefecture-detail,272877,141529,977,0.2593,2345,0,0,,,,0,1
2026-09-15,full,/areas/22000/public-assistance,prefecture-detail,268464,135933,987,0.2679,2701,0,0,,,,0,1
2026-09-15,full,/areas/22000/health-checkups,prefecture-detail,488151,291590,1403,0.363,2232,0,0,,,,1,0
2026-09-15,full,/areas/22000/daily-time-use,prefecture-detail,305174,154401,1137,0.3361,2154,0,0,,,,1,0
2026-09-15,full,/areas/22000/household-assets-debt,prefecture-detail,290511,147067,1086,0.319,1931,0,0,,,,1,0
2026-09-15,full,/areas/22000/freight-logistics,prefecture-detail,985157,741617,1246,0.25,2143,0,0,,,,0,3
2026-09-15,full,/areas/22000/regional-transport,prefecture-detail,263016,129054,1026,0.3009,1966,0,0,,,,1,0
2026-09-15,full,/areas/22000/geographic-access,prefecture-detail,508935,350685,1095,0.2522,2256,0,0,,,,0,1
2026-09-15,full,/areas/22000/water-services,prefecture-detail,341930,177650,1222,0.3566,2552,0,0,,,,1,0
2026-09-15,full,/areas/22000/communication-access,prefecture-detail,231163,113191,901,0.25,2232,0,0,,,,0,1
2026-09-15,full,/areas/22000/regional-energy,prefecture-detail,521919,290603,1669,0.434,2701,0,0,,,,1,0
2026-09-15,full,/areas/22000/environmental-quality,prefecture-detail,1327464,964821,1722,0.521,2418,0,0,,,,1,2
2026-09-15,full,/areas/22000/natural-environment,prefecture-detail,276738,139098,1042,0.3083,2605,0,0,,,,1,0
2026-09-15,full,/areas/22000/earthquake-exposure,prefecture-detail,257349,136137,925,0.2121,1976,0,0,,,,0,1
2026-09-15,full,/areas/22000/landslide-exposure,prefecture-detail,528175,350994,1188,0.2759,2469,0,0,,,,0,1
2026-09-15,full,/areas/22000/tsunami-exposure,prefecture-detail,246540,129610,861,0.1477,3357,0,0,,,,0,0
2026-09-15,full,/areas/22000/cultural-participation,prefecture-detail,352283,179883,1284,0.374,1979,0,0,,,,1,0
2026-09-15,full,/areas/22000/sports-participation,prefecture-detail,469657,263835,1512,0.4052,1968,0,0,,,,1,0
2026-09-15,full,/areas/22000/local-government-digital,prefecture-detail,307561,164069,1056,0.2844,2246,0,0,,,,0,1
2026-09-15,full,/areas/22000/gender-participation,prefecture-detail,314560,158448,1160,0.336,2782,0,0,,,,1,0
2026-09-15,full,/areas/22000/community-participation,prefecture-detail,219564,104597,891,0.2524,2426,0,0,,,,0,1
2026-09-15,full,/areas/23000/population-dynamics,prefecture-detail,1364113,926264,3002,0.5125,1958,0,0,,,,1,2
2026-09-15,full,/areas/23000/aging-society,prefecture-detail,689985,443305,1661,0.3908,1878,0,0,,,,1,0
2026-09-15,full,/areas/23000/living-housing,prefecture-detail,1017265,586470,3046,0.5484,1872,0,0,,,,1,2
2026-09-15,full,/areas/23000/local-economy,prefecture-detail,755525,496585,1778,0.4066,2018,0,0,,,,1,0
2026-09-15,full,/areas/23000/labor-wages,prefecture-detail,509306,306771,1444,0.3735,1980,0,0,,,,1,0
2026-09-15,full,/areas/23000/manufacturing,prefecture-detail,498332,290138,1513,0.3624,1817,0,0,,,,1,0
2026-09-15,full,/areas/23000/healthcare,prefecture-detail,1429131,849563,3881,0.5669,1830,0,0,,,,1,3
2026-09-15,full,/areas/23000/safety,prefecture-detail,1355251,857721,3271,0.5226,1811,0,0,,,,1,2
2026-09-15,full,/areas/23000/education-culture,prefecture-detail,998630,611738,2693,0.5,1839,0,0,,,,1,2
2026-09-15,full,/areas/23000/tourism,prefecture-detail,632968,382929,1766,0.4048,1806,0,0,,,,1,0
2026-09-15,full,/areas/23000/consumer-prices,prefecture-detail,463308,272506,1385,0.3784,1923,0,0,,,,1,0
2026-09-15,full,/areas/23000/foreign-residents,prefecture-detail,371263,220458,1088,0.3071,1931,0,0,,,,1,0
2026-09-15,full,/areas/23000/occupation-salary,prefecture-detail,754692,524980,1509,0.3927,2221,0,0,,,,1,1
2026-09-15,full,/areas/23000/real-income,prefecture-detail,648232,414265,1626,0.4064,1928,0,0,,,,1,0
2026-09-15,full,/areas/23000/labor-mobility,prefecture-detail,594050,311125,2098,0.474,1902,0,0,,,,1,0
2026-09-15,full,/areas/23000/local-finance,prefecture-detail,1000791,637944,2386,0.4898,1937,0,0,,,,1,2
2026-09-15,full,/areas/23000/fishery-marine,prefecture-detail,631562,425820,1380,0.3626,1886,0,0,,,,1,0
2026-09-15,full,/areas/23000/climate,prefecture-detail,423246,237583,1348,0.3308,1787,0,0,,,,1,0
2026-09-15,full,/areas/23000/construction-industry,prefecture-detail,408654,220288,1379,0.4,2002,0,0,,,,1,0
2026-09-15,full,/areas/23000/waste-recycling,prefecture-detail,191487,91433,774,0.1957,2188,0,0,,,,0,1
2026-09-15,full,/areas/23000/information-industry,prefecture-detail,201967,96852,822,0.2188,2079,0,0,,,,0,1
2026-09-15,full,/areas/23000/land-property-market,prefecture-detail,306020,162598,1064,0.2685,2204,0,0,,,,0,1
2026-09-15,full,/areas/23000/agriculture-production,prefecture-detail,379912,197575,1361,0.3901,1988,0,0,,,,1,0
2026-09-15,full,/areas/23000/forestry-timber,prefecture-detail,459708,242058,1607,0.4417,2383,0,0,,,,1,0
2026-09-15,full,/areas/23000/retail-commerce,prefecture-detail,217952,104753,880,0.2424,2172,0,0,,,,0,1
2026-09-15,full,/areas/23000/local-services,prefecture-detail,498193,273058,1634,0.4424,2481,0,0,,,,1,0
2026-09-15,full,/areas/23000/business-demography,prefecture-detail,329960,173670,1158,0.3277,2105,0,0,,,,1,0
2026-09-15,full,/areas/23000/innovation-patents,prefecture-detail,289131,146645,1070,0.3158,2297,0,0,,,,1,0
2026-09-15,full,/areas/23000/childcare-services,prefecture-detail,253630,126868,960,0.271,2305,0,0,,,,0,1
2026-09-15,full,/areas/23000/single-parent-households,prefecture-detail,381948,228506,1104,0.3281,2294,0,0,,,,1,0
2026-09-15,full,/areas/23000/long-term-care,prefecture-detail,258179,129096,972,0.2661,2310,0,0,,,,0,1
2026-09-15,full,/areas/23000/disability-support,prefecture-detail,272882,141529,977,0.2593,2345,0,0,,,,0,1
2026-09-15,full,/areas/23000/public-assistance,prefecture-detail,268470,135935,987,0.2679,2701,0,0,,,,0,1
2026-09-15,full,/areas/23000/health-checkups,prefecture-detail,488160,291591,1403,0.363,2232,0,0,,,,1,0
2026-09-15,full,/areas/23000/daily-time-use,prefecture-detail,305176,154401,1137,0.3361,2154,0,0,,,,1,0
2026-09-15,full,/areas/23000/household-assets-debt,prefecture-detail,289886,147067,1081,0.319,1931,0,0,,,,1,0
2026-09-15,full,/areas/23000/freight-logistics,prefecture-detail,985205,741622,1246,0.25,2143,0,0,,,,0,3
2026-09-15,full,/areas/23000/regional-transport,prefecture-detail,263020,129054,1026,0.3009,1966,0,0,,,,1,0
2026-09-15,full,/areas/23000/geographic-access,prefecture-detail,508320,350685,1090,0.2522,2256,0,0,,,,0,1
2026-09-15,full,/areas/23000/water-services,prefecture-detail,341932,177651,1222,0.3566,2552,0,0,,,,1,0
2026-09-15,full,/areas/23000/communication-access,prefecture-detail,230539,113192,896,0.25,2232,0,0,,,,0,1
2026-09-15,full,/areas/23000/regional-energy,prefecture-detail,521308,290605,1664,0.434,2701,0,0,,,,1,0
2026-09-15,full,/areas/23000/environmental-quality,prefecture-detail,1317177,964821,1645,0.4904,2418,0,0,,,,1,2
2026-09-15,full,/areas/23000/natural-environment,prefecture-detail,276726,139097,1042,0.3083,2605,0,0,,,,1,0
2026-09-15,full,/areas/23000/earthquake-exposure,prefecture-detail,258000,136137,930,0.2121,1976,0,0,,,,0,1
2026-09-15,full,/areas/23000/landslide-exposure,prefecture-detail,528308,350994,1188,0.2759,2469,0,0,,,,0,1
2026-09-15,full,/areas/23000/tsunami-exposure,prefecture-detail,244936,129609,849,0.1477,3357,0,0,,,,0,0
2026-09-15,full,/areas/23000/cultural-participation,prefecture-detail,352282,179883,1284,0.374,1979,0,0,,,,1,0
2026-09-15,full,/areas/23000/sports-participation,prefecture-detail,469014,263833,1507,0.4052,1968,0,0,,,,1,0
2026-09-15,full,/areas/23000/local-government-digital,prefecture-detail,308170,164065,1061,0.2844,2246,0,0,,,,0,1
2026-09-15,full,/areas/23000/gender-participation,prefecture-detail,314565,158450,1160,0.336,2782,0,0,,,,1,0
2026-09-15,full,/areas/23000/community-participation,prefecture-detail,219574,104599,891,0.2524,2426,0,0,,,,0,1
2026-09-15,full,/areas/24000/population-dynamics,prefecture-detail,1363864,926265,3002,0.5125,1958,0,0,,,,1,2
2026-09-15,full,/areas/24000/aging-society,prefecture-detail,689987,443305,1661,0.3908,1878,0,0,,,,1,0
2026-09-15,full,/areas/24000/living-housing,prefecture-detail,1017186,586470,3046,0.5484,1872,0,0,,,,1,2
2026-09-15,full,/areas/24000/local-economy,prefecture-detail,756132,496585,1783,0.4066,2018,0,0,,,,1,0
2026-09-15,full,/areas/24000/labor-wages,prefecture-detail,509927,306771,1449,0.3735,1980,0,0,,,,1,0
2026-09-15,full,/areas/24000/manufacturing,prefecture-detail,498933,290136,1518,0.3624,1817,0,0,,,,1,0
2026-09-15,full,/areas/24000/healthcare,prefecture-detail,1428974,849563,3881,0.5669,1830,0,0,,,,1,3
2026-09-15,full,/areas/24000/safety,prefecture-detail,1355222,857719,3271,0.5226,1811,0,0,,,,1,2
2026-09-15,full,/areas/24000/education-culture,prefecture-detail,1000264,611737,2708,0.4981,1839,0,0,,,,1,2
2026-09-15,full,/areas/24000/tourism,prefecture-detail,626694,382926,1722,0.4048,1806,0,0,,,,1,0
2026-09-15,full,/areas/24000/consumer-prices,prefecture-detail,463309,272507,1385,0.3784,1923,0,0,,,,1,0
2026-09-15,full,/areas/24000/foreign-residents,prefecture-detail,371257,220456,1088,0.3071,1931,0,0,,,,1,0
2026-09-15,full,/areas/24000/occupation-salary,prefecture-detail,754702,524982,1509,0.3927,2221,0,0,,,,1,1
2026-09-15,full,/areas/24000/real-income,prefecture-detail,648225,414265,1626,0.4064,1928,0,0,,,,1,0
2026-09-15,full,/areas/24000/labor-mobility,prefecture-detail,594041,311125,2098,0.474,1902,0,0,,,,1,0
2026-09-15,full,/areas/24000/local-finance,prefecture-detail,1001418,637944,2391,0.4898,1937,0,0,,,,1,2
2026-09-15,full,/areas/24000/fishery-marine,prefecture-detail,631565,425821,1380,0.3626,1886,0,0,,,,1,0
2026-09-15,full,/areas/24000/climate,prefecture-detail,423680,237581,1351,0.3308,1787,0,0,,,,1,0
2026-09-15,full,/areas/24000/construction-industry,prefecture-detail,409228,220283,1384,0.4,2002,0,0,,,,1,0
2026-09-15,full,/areas/24000/waste-recycling,prefecture-detail,192106,91432,779,0.1957,2188,0,0,,,,0,1
2026-09-15,full,/areas/24000/information-industry,prefecture-detail,202556,96847,827,0.2188,2079,0,0,,,,0,1
2026-09-15,full,/areas/24000/land-property-market,prefecture-detail,305975,162594,1064,0.2685,2204,0,0,,,,0,1
2026-09-15,full,/areas/24000/agriculture-production,prefecture-detail,379893,197575,1361,0.3901,1988,0,0,,,,1,0
2026-09-15,full,/areas/24000/forestry-timber,prefecture-detail,459713,242059,1607,0.4417,2383,0,0,,,,1,0
2026-09-15,full,/areas/24000/retail-commerce,prefecture-detail,218567,104753,885,0.2424,2172,0,0,,,,0,1
2026-09-15,full,/areas/24000/local-services,prefecture-detail,498125,273053,1634,0.4424,2481,0,0,,,,1,0
2026-09-15,full,/areas/24000/business-demography,prefecture-detail,330551,173670,1163,0.3277,2105,0,0,,,,1,0
2026-09-15,full,/areas/24000/innovation-patents,prefecture-detail,289698,146640,1075,0.3158,2297,0,0,,,,1,0
2026-09-15,full,/areas/24000/childcare-services,prefecture-detail,253613,126866,960,0.271,2305,0,0,,,,0,1
2026-09-15,full,/areas/24000/single-parent-households,prefecture-detail,381926,228505,1104,0.3281,2294,0,0,,,,1,0
2026-09-15,full,/areas/24000/long-term-care,prefecture-detail,258177,129096,972,0.2661,2310,0,0,,,,0,1
2026-09-15,full,/areas/24000/disability-support,prefecture-detail,272878,141528,977,0.2593,2345,0,0,,,,0,1
2026-09-15,full,/areas/24000/public-assistance,prefecture-detail,268458,135933,987,0.2679,2701,0,0,,,,0,1
2026-09-15,full,/areas/24000/health-checkups,prefecture-detail,487529,291591,1398,0.363,2232,0,0,,,,1,0
2026-09-15,full,/areas/24000/daily-time-use,prefecture-detail,305174,154401,1137,0.3361,2154,0,0,,,,1,0
2026-09-15,full,/areas/24000/household-assets-debt,prefecture-detail,290513,147067,1086,0.319,1931,0,0,,,,1,0
2026-09-15,full,/areas/24000/freight-logistics,prefecture-detail,984461,741614,1241,0.25,2143,0,0,,,,0,3
2026-09-15,full,/areas/24000/regional-transport,prefecture-detail,263002,129051,1026,0.3009,1966,0,0,,,,1,0
2026-09-15,full,/areas/24000/geographic-access,prefecture-detail,508916,350682,1095,0.2522,2256,0,0,,,,0,1
2026-09-15,full,/areas/24000/water-services,prefecture-detail,341300,177650,1217,0.3566,2552,0,0,,,,1,0
2026-09-15,full,/areas/24000/communication-access,prefecture-detail,231157,113191,901,0.25,2232,0,0,,,,0,1
2026-09-15,full,/areas/24000/regional-energy,prefecture-detail,521913,290605,1669,0.434,2701,0,0,,,,1,0
2026-09-15,full,/areas/24000/environmental-quality,prefecture-detail,1330770,964821,1749,0.5294,2418,0,0,,,,1,2
2026-09-15,full,/areas/24000/natural-environment,prefecture-detail,276728,139098,1042,0.3083,2605,0,0,,,,1,0
2026-09-15,full,/areas/24000/earthquake-exposure,prefecture-detail,257990,136137,930,0.2121,1976,0,0,,,,0,1
2026-09-15,full,/areas/24000/landslide-exposure,prefecture-detail,527969,350994,1188,0.2759,2469,0,0,,,,0,1
2026-09-15,full,/areas/24000/tsunami-exposure,prefecture-detail,248737,129607,821,0.1477,3357,0,0,,,,0,0
2026-09-15,full,/areas/24000/cultural-participation,prefecture-detail,352267,179882,1284,0.374,1979,0,0,,,,1,0
2026-09-15,full,/areas/24000/sports-participation,prefecture-detail,469652,263835,1512,0.4052,1968,0,0,,,,1,0
2026-09-15,full,/areas/24000/local-government-digital,prefecture-detail,308184,164069,1061,0.2844,2246,0,0,,,,0,1
2026-09-15,full,/areas/24000/gender-participation,prefecture-detail,314569,158450,1160,0.336,2782,0,0,,,,1,0
2026-09-15,full,/areas/24000/community-participation,prefecture-detail,219584,104536,892,0.2524,2426,0,0,,,,0,1
2026-09-15,full,/areas/25000/population-dynamics,prefecture-detail,1363824,926265,3002,0.5125,1958,0,0,,,,1,2
2026-09-15,full,/areas/25000/aging-society,prefecture-detail,689989,443305,1661,0.3908,1878,0,0,,,,1,0
2026-09-15,full,/areas/25000/living-housing,prefecture-detail,1017196,586470,3046,0.5484,1872,0,0,,,,1,2
2026-09-15,full,/areas/25000/local-economy,prefecture-detail,756127,496585,1783,0.4066,2018,0,0,,,,1,0
2026-09-15,full,/areas/25000/labor-wages,prefecture-detail,509930,306771,1449,0.3735,1980,0,0,,,,1,0
2026-09-15,full,/areas/25000/manufacturing,prefecture-detail,498929,290135,1518,0.3624,1817,0,0,,,,1,0
2026-09-15,full,/areas/25000/healthcare,prefecture-detail,1428932,849563,3881,0.5669,1830,0,0,,,,1,3
2026-09-15,full,/areas/25000/safety,prefecture-detail,1354902,857719,3269,0.5226,1811,0,0,,,,1,2
2026-09-15,full,/areas/25000/education-culture,prefecture-detail,1000296,611737,2707,0.4962,1839,0,0,,,,1,2
2026-09-15,full,/areas/25000/tourism,prefecture-detail,626691,382926,1722,0.4048,1806,0,0,,,,1,0
2026-09-15,full,/areas/25000/consumer-prices,prefecture-detail,463309,272506,1385,0.3784,1923,0,0,,,,1,0
2026-09-15,full,/areas/25000/foreign-residents,prefecture-detail,371870,220456,1093,0.3071,1931,0,0,,,,1,0
2026-09-15,full,/areas/25000/occupation-salary,prefecture-detail,754683,524979,1509,0.3927,2221,0,0,,,,1,1
2026-09-15,full,/areas/25000/real-income,prefecture-detail,648234,414265,1626,0.4064,1928,0,0,,,,1,0
2026-09-15,full,/areas/25000/labor-mobility,prefecture-detail,594038,311125,2098,0.474,1902,0,0,,,,1,0
2026-09-15,full,/areas/25000/local-finance,prefecture-detail,1001441,637944,2391,0.4898,1937,0,0,,,,1,2
2026-09-15,full,/areas/25000/fishery-marine,prefecture-detail,630727,425808,1374,0.3626,1886,0,0,,,,1,0
2026-09-15,full,/areas/25000/climate,prefecture-detail,423793,237577,1351,0.3308,1787,0,0,,,,1,0
2026-09-15,full,/areas/25000/construction-industry,prefecture-detail,409247,220283,1384,0.4,2002,0,0,,,,1,0
2026-09-15,full,/areas/25000/waste-recycling,prefecture-detail,192106,91432,779,0.1957,2188,0,0,,,,0,1
2026-09-15,full,/areas/25000/information-industry,prefecture-detail,202563,96847,827,0.2188,2079,0,0,,,,0,1
2026-09-15,full,/areas/25000/land-property-market,prefecture-detail,305972,162594,1064,0.2685,2204,0,0,,,,0,1
2026-09-15,full,/areas/25000/agriculture-production,prefecture-detail,379896,197574,1361,0.3901,1988,0,0,,,,1,0
2026-09-15,full,/areas/25000/forestry-timber,prefecture-detail,459708,242059,1607,0.4417,2383,0,0,,,,1,0
2026-09-15,full,/areas/25000/retail-commerce,prefecture-detail,218565,104752,885,0.2424,2172,0,0,,,,0,1
2026-09-15,full,/areas/25000/local-services,prefecture-detail,498145,273057,1634,0.4424,2481,0,0,,,,1,0
2026-09-15,full,/areas/25000/business-demography,prefecture-detail,330557,173668,1163,0.3277,2105,0,0,,,,1,0
2026-09-15,full,/areas/25000/innovation-patents,prefecture-detail,289692,146638,1075,0.3158,2297,0,0,,,,1,0
2026-09-15,full,/areas/25000/childcare-services,prefecture-detail,253639,126870,960,0.271,2305,0,0,,,,0,1
2026-09-15,full,/areas/25000/single-parent-households,prefecture-detail,381925,228505,1104,0.3281,2294,0,0,,,,1,0
2026-09-15,full,/areas/25000/long-term-care,prefecture-detail,258169,129093,972,0.2661,2310,0,0,,,,0,1
2026-09-15,full,/areas/25000/disability-support,prefecture-detail,272882,141529,977,0.2593,2345,0,0,,,,0,1
2026-09-15,full,/areas/25000/public-assistance,prefecture-detail,268462,135933,987,0.2679,2701,0,0,,,,0,1
2026-09-15,full,/areas/25000/health-checkups,prefecture-detail,488145,291590,1403,0.363,2232,0,0,,,,1,0
2026-09-15,full,/areas/25000/daily-time-use,prefecture-detail,305175,154401,1137,0.3361,2154,0,0,,,,1,0
2026-09-15,full,/areas/25000/household-assets-debt,prefecture-detail,289888,147067,1081,0.319,1931,0,0,,,,1,0
2026-09-15,full,/areas/25000/freight-logistics,prefecture-detail,984750,741608,1245,0.25,2143,0,0,,,,0,3
2026-09-15,full,/areas/25000/regional-transport,prefecture-detail,263001,129051,1026,0.3009,1966,0,0,,,,1,0
2026-09-15,full,/areas/25000/geographic-access,prefecture-detail,508915,350682,1095,0.2522,2256,0,0,,,,0,1
2026-09-15,full,/areas/25000/water-services,prefecture-detail,341919,177651,1222,0.3566,2552,0,0,,,,1,0
2026-09-15,full,/areas/25000/communication-access,prefecture-detail,231150,113189,901,0.25,2232,0,0,,,,0,1
2026-09-15,full,/areas/25000/regional-energy,prefecture-detail,521899,290604,1669,0.434,2701,0,0,,,,1,0
2026-09-15,full,/areas/25000/environmental-quality,prefecture-detail,1291962,964819,1449,0.3985,2418,0,0,,,,1,2
2026-09-15,full,/areas/25000/natural-environment,prefecture-detail,276728,139098,1042,0.3083,2605,0,0,,,,1,0
2026-09-15,full,/areas/25000/earthquake-exposure,prefecture-detail,257958,136136,930,0.2121,1976,0,0,,,,0,1
2026-09-15,full,/areas/25000/landslide-exposure,prefecture-detail,528088,350992,1188,0.2759,2469,0,0,,,,0,1
2026-09-15,full,/areas/25000/tsunami-exposure,prefecture-detail,245476,128352,800,0.1477,3357,0,0,,,,0,0
2026-09-15,full,/areas/25000/cultural-participation,prefecture-detail,352280,179883,1284,0.374,1979,0,0,,,,1,0
2026-09-15,full,/areas/25000/sports-participation,prefecture-detail,469644,263835,1512,0.4052,1968,0,0,,,,1,0
2026-09-15,full,/areas/25000/local-government-digital,prefecture-detail,308176,164069,1061,0.2844,2246,0,0,,,,0,1
2026-09-15,full,/areas/25000/gender-participation,prefecture-detail,314565,158448,1160,0.336,2782,0,0,,,,1,0
2026-09-15,full,/areas/25000/community-participation,prefecture-detail,218936,104596,886,0.2524,2426,0,0,,,,0,1
2026-09-15,full,/areas/26000/population-dynamics,prefecture-detail,1363928,926265,3001,0.5125,1958,0,0,,,,1,2
2026-09-15,full,/areas/26000/aging-society,prefecture-detail,690000,443305,1661,0.3908,1878,0,0,,,,1,0
2026-09-15,full,/areas/26000/living-housing,prefecture-detail,1017241,586470,3046,0.5484,1872,0,0,,,,1,2
2026-09-15,full,/areas/26000/local-economy,prefecture-detail,756113,496585,1783,0.4066,2018,0,0,,,,1,0
2026-09-15,full,/areas/26000/labor-wages,prefecture-detail,509929,306771,1449,0.3735,1980,0,0,,,,1,0
2026-09-15,full,/areas/26000/manufacturing,prefecture-detail,498929,290135,1518,0.3624,1817,0,0,,,,1,0
2026-09-15,full,/areas/26000/healthcare,prefecture-detail,1428440,849565,3876,0.5669,1830,0,0,,,,1,3
2026-09-15,full,/areas/26000/safety,prefecture-detail,1355200,857721,3271,0.5226,1811,0,0,,,,1,2
2026-09-15,full,/areas/26000/education-culture,prefecture-detail,1010597,611738,2791,0.4745,1839,0,0,,,,1,2
2026-09-15,full,/areas/26000/tourism,prefecture-detail,626133,382930,1717,0.4048,1806,0,0,,,,1,0
2026-09-15,full,/areas/26000/consumer-prices,prefecture-detail,463312,272507,1385,0.3784,1923,0,0,,,,1,0
2026-09-15,full,/areas/26000/foreign-residents,prefecture-detail,371881,220456,1093,0.3071,1931,0,0,,,,1,0
2026-09-15,full,/areas/26000/occupation-salary,prefecture-detail,754698,524982,1509,0.3927,2221,0,0,,,,1,1
2026-09-15,full,/areas/26000/real-income,prefecture-detail,648233,414265,1626,0.4064,1928,0,0,,,,1,0
2026-09-15,full,/areas/26000/labor-mobility,prefecture-detail,594045,311125,2098,0.474,1902,0,0,,,,1,0
2026-09-15,full,/areas/26000/local-finance,prefecture-detail,1001451,637944,2391,0.4898,1937,0,0,,,,1,2
2026-09-15,full,/areas/26000/fishery-marine,prefecture-detail,631325,425817,1378,0.3626,1886,0,0,,,,1,0
2026-09-15,full,/areas/26000/climate,prefecture-detail,423774,237581,1351,0.3308,1787,0,0,,,,1,0
2026-09-15,full,/areas/26000/construction-industry,prefecture-detail,409240,220283,1384,0.4,2002,0,0,,,,1,0
2026-09-15,full,/areas/26000/waste-recycling,prefecture-detail,192107,91432,779,0.1957,2188,0,0,,,,0,1
2026-09-15,full,/areas/26000/information-industry,prefecture-detail,202579,96850,827,0.2188,2079,0,0,,,,0,1
2026-09-15,full,/areas/26000/land-property-market,prefecture-detail,305365,162596,1059,0.2685,2204,0,0,,,,0,1
2026-09-15,full,/areas/26000/agriculture-production,prefecture-detail,379900,197574,1361,0.3901,1988,0,0,,,,1,0
2026-09-15,full,/areas/26000/forestry-timber,prefecture-detail,459718,242059,1607,0.4417,2383,0,0,,,,1,0
2026-09-15,full,/areas/26000/retail-commerce,prefecture-detail,218574,104753,885,0.2424,2172,0,0,,,,0,1
2026-09-15,full,/areas/26000/local-services,prefecture-detail,498175,273058,1634,0.4424,2481,0,0,,,,1,0
2026-09-15,full,/areas/26000/business-demography,prefecture-detail,330573,173670,1163,0.3277,2105,0,0,,,,1,0
2026-09-15,full,/areas/26000/innovation-patents,prefecture-detail,289113,146644,1070,0.3158,2297,0,0,,,,1,0
2026-09-15,full,/areas/26000/childcare-services,prefecture-detail,253639,126870,960,0.271,2305,0,0,,,,0,1
2026-09-15,full,/areas/26000/single-parent-households,prefecture-detail,381948,228506,1104,0.3281,2294,0,0,,,,1,0
2026-09-15,full,/areas/26000/long-term-care,prefecture-detail,258182,129096,972,0.2661,2310,0,0,,,,0,1
2026-09-15,full,/areas/26000/disability-support,prefecture-detail,272875,141529,977,0.2593,2345,0,0,,,,0,1
2026-09-15,full,/areas/26000/public-assistance,prefecture-detail,268464,135934,987,0.2679,2701,0,0,,,,0,1
2026-09-15,full,/areas/26000/health-checkups,prefecture-detail,488148,291591,1403,0.363,2232,0,0,,,,1,0
2026-09-15,full,/areas/26000/daily-time-use,prefecture-detail,305177,154401,1137,0.3361,2154,0,0,,,,1,0
2026-09-15,full,/areas/26000/household-assets-debt,prefecture-detail,290510,147067,1086,0.319,1931,0,0,,,,1,0
2026-09-15,full,/areas/26000/freight-logistics,prefecture-detail,985058,741612,1246,0.25,2143,0,0,,,,0,3
2026-09-15,full,/areas/26000/regional-transport,prefecture-detail,263011,129052,1026,0.3009,1966,0,0,,,,1,0
2026-09-15,full,/areas/26000/geographic-access,prefecture-detail,508927,350682,1095,0.2522,2256,0,0,,,,0,1
2026-09-15,full,/areas/26000/water-services,prefecture-detail,341923,177650,1222,0.3566,2552,0,0,,,,1,0
2026-09-15,full,/areas/26000/communication-access,prefecture-detail,231164,113191,901,0.25,2232,0,0,,,,0,1
2026-09-15,full,/areas/26000/regional-energy,prefecture-detail,521902,290604,1669,0.434,2701,0,0,,,,1,0
2026-09-15,full,/areas/26000/environmental-quality,prefecture-detail,1308606,964821,1578,0.4631,2418,0,0,,,,1,2
2026-09-15,full,/areas/26000/natural-environment,prefecture-detail,276734,139098,1042,0.3083,2605,0,0,,,,1,0
2026-09-15,full,/areas/26000/earthquake-exposure,prefecture-detail,258032,136136,930,0.2121,1976,0,0,,,,0,1
2026-09-15,full,/areas/26000/landslide-exposure,prefecture-detail,521182,350994,1162,0.2743,2469,0,0,,,,0,1
2026-09-15,full,/areas/26000/tsunami-exposure,prefecture-detail,248629,129604,820,0.1477,3357,0,0,,,,0,0
2026-09-15,full,/areas/26000/cultural-participation,prefecture-detail,351659,179883,1279,0.374,1979,0,0,,,,1,0
2026-09-15,full,/areas/26000/sports-participation,prefecture-detail,469637,263833,1512,0.4052,1968,0,0,,,,1,0
2026-09-15,full,/areas/26000/local-government-digital,prefecture-detail,308184,164069,1061,0.2844,2246,0,0,,,,0,1
2026-09-15,full,/areas/26000/gender-participation,prefecture-detail,314574,158450,1160,0.336,2782,0,0,,,,1,0
2026-09-15,full,/areas/26000/community-participation,prefecture-detail,219564,104597,891,0.2524,2426,0,0,,,,0,1
2026-09-15,full,/areas/27000/population-dynamics,prefecture-detail,1363573,926264,2997,0.5125,1958,0,0,,,,1,2
2026-09-15,full,/areas/27000/aging-society,prefecture-detail,689997,443305,1661,0.3908,1878,0,0,,,,1,0
2026-09-15,full,/areas/27000/living-housing,prefecture-detail,1017284,586469,3046,0.5484,1872,0,0,,,,1,2
2026-09-15,full,/areas/27000/local-economy,prefecture-detail,756155,496585,1783,0.4066,2018,0,0,,,,1,0
2026-09-15,full,/areas/27000/labor-wages,prefecture-detail,509307,306771,1444,0.3735,1980,0,0,,,,1,0
2026-09-15,full,/areas/27000/manufacturing,prefecture-detail,498313,290137,1513,0.3624,1817,0,0,,,,1,0
2026-09-15,full,/areas/27000/healthcare,prefecture-detail,1429166,849563,3881,0.5669,1830,0,0,,,,1,3
2026-09-15,full,/areas/27000/safety,prefecture-detail,1354608,857721,3266,0.5226,1811,0,0,,,,1,2
2026-09-15,full,/areas/27000/education-culture,prefecture-detail,999419,611738,2700,0.4981,1839,0,0,,,,1,2
2026-09-15,full,/areas/27000/tourism,prefecture-detail,634192,382930,1773,0.4048,1806,0,0,,,,1,0
2026-09-15,full,/areas/27000/consumer-prices,prefecture-detail,463306,272506,1385,0.3784,1923,0,0,,,,1,0
2026-09-15,full,/areas/27000/foreign-residents,prefecture-detail,371887,220458,1093,0.3071,1931,0,0,,,,1,0
2026-09-15,full,/areas/27000/occupation-salary,prefecture-detail,754686,524978,1509,0.3927,2221,0,0,,,,1,1
2026-09-15,full,/areas/27000/real-income,prefecture-detail,648228,414265,1626,0.4064,1928,0,0,,,,1,0
2026-09-15,full,/areas/27000/labor-mobility,prefecture-detail,594046,311125,2098,0.474,1902,0,0,,,,1,0
2026-09-15,full,/areas/27000/local-finance,prefecture-detail,1000828,637945,2386,0.4898,1937,0,0,,,,1,2
2026-09-15,full,/areas/27000/fishery-marine,prefecture-detail,631332,425819,1378,0.3626,1886,0,0,,,,1,0
2026-09-15,full,/areas/27000/climate,prefecture-detail,423875,237583,1353,0.3308,1787,0,0,,,,1,0
2026-09-15,full,/areas/27000/construction-industry,prefecture-detail,408657,220289,1379,0.4,2002,0,0,,,,1,0
2026-09-15,full,/areas/27000/waste-recycling,prefecture-detail,191496,91435,774,0.1957,2188,0,0,,,,0,1
2026-09-15,full,/areas/27000/information-industry,prefecture-detail,201972,96853,822,0.2188,2079,0,0,,,,0,1
2026-09-15,full,/areas/27000/land-property-market,prefecture-detail,305382,162598,1059,0.2685,2204,0,0,,,,0,1
2026-09-15,full,/areas/27000/agriculture-production,prefecture-detail,379890,197574,1361,0.3901,1988,0,0,,,,1,0
2026-09-15,full,/areas/27000/forestry-timber,prefecture-detail,459691,242057,1607,0.4417,2383,0,0,,,,1,0
2026-09-15,full,/areas/27000/retail-commerce,prefecture-detail,217952,104753,880,0.2424,2172,0,0,,,,0,1
2026-09-15,full,/areas/27000/local-services,prefecture-detail,497581,273058,1629,0.4424,2481,0,0,,,,1,0
2026-09-15,full,/areas/27000/business-demography,prefecture-detail,329963,173670,1158,0.3277,2105,0,0,,,,1,0
2026-09-15,full,/areas/27000/innovation-patents,prefecture-detail,289137,146645,1070,0.3158,2297,0,0,,,,1,0
2026-09-15,full,/areas/27000/childcare-services,prefecture-detail,253648,126871,960,0.271,2305,0,0,,,,0,1
2026-09-15,full,/areas/27000/single-parent-households,prefecture-detail,381947,228506,1104,0.3281,2294,0,0,,,,1,0
2026-09-15,full,/areas/27000/long-term-care,prefecture-detail,257556,129096,967,0.2661,2310,0,0,,,,0,1
2026-09-15,full,/areas/27000/disability-support,prefecture-detail,272883,141529,977,0.2593,2345,0,0,,,,0,1
2026-09-15,full,/areas/27000/public-assistance,prefecture-detail,267850,135935,982,0.2679,2701,0,0,,,,0,1
2026-09-15,full,/areas/27000/health-checkups,prefecture-detail,488155,291591,1403,0.363,2232,0,0,,,,1,0
2026-09-15,full,/areas/27000/daily-time-use,prefecture-detail,305176,154401,1137,0.3361,2154,0,0,,,,1,0
2026-09-15,full,/areas/27000/household-assets-debt,prefecture-detail,290509,147067,1086,0.319,1931,0,0,,,,1,0
2026-09-15,full,/areas/27000/freight-logistics,prefecture-detail,985200,741623,1246,0.25,2143,0,0,,,,0,3
2026-09-15,full,/areas/27000/regional-transport,prefecture-detail,263008,129050,1026,0.3009,1966,0,0,,,,1,0
2026-09-15,full,/areas/27000/geographic-access,prefecture-detail,508317,350683,1090,0.2522,2256,0,0,,,,0,1
2026-09-15,full,/areas/27000/water-services,prefecture-detail,341307,177651,1217,0.3566,2552,0,0,,,,1,0
2026-09-15,full,/areas/27000/communication-access,prefecture-detail,230531,113190,896,0.25,2232,0,0,,,,0,1
2026-09-15,full,/areas/27000/regional-energy,prefecture-detail,521303,290603,1664,0.434,2701,0,0,,,,1,0
2026-09-15,full,/areas/27000/environmental-quality,prefecture-detail,1351461,964821,1909,0.5789,2418,0,0,,,,1,2
2026-09-15,full,/areas/27000/natural-environment,prefecture-detail,276726,139096,1042,0.3083,2605,0,0,,,,1,0
2026-09-15,full,/areas/27000/earthquake-exposure,prefecture-detail,258011,136137,930,0.2121,1976,0,0,,,,0,1
2026-09-15,full,/areas/27000/landslide-exposure,prefecture-detail,527959,350992,1188,0.2759,2469,0,0,,,,0,1
2026-09-15,full,/areas/27000/tsunami-exposure,prefecture-detail,245597,129608,855,0.1477,3357,0,0,,,,0,0
2026-09-15,full,/areas/27000/cultural-participation,prefecture-detail,352282,179883,1284,0.374,1979,0,0,,,,1,0
2026-09-15,full,/areas/27000/sports-participation,prefecture-detail,469648,263835,1512,0.4052,1968,0,0,,,,1,0
2026-09-15,full,/areas/27000/local-government-digital,prefecture-detail,308188,164069,1061,0.2844,2246,0,0,,,,0,1
2026-09-15,full,/areas/27000/gender-participation,prefecture-detail,314574,158450,1160,0.336,2782,0,0,,,,1,0
2026-09-15,full,/areas/27000/community-participation,prefecture-detail,219593,104538,892,0.2524,2426,0,0,,,,0,1
2026-09-15,full,/areas/28000/population-dynamics,prefecture-detail,1363989,926265,3001,0.5125,1958,0,0,,,,1,2
2026-09-15,full,/areas/28000/aging-society,prefecture-detail,690001,443305,1661,0.3908,1878,0,0,,,,1,0
2026-09-15,full,/areas/28000/living-housing,prefecture-detail,1017250,586470,3046,0.5484,1872,0,0,,,,1,2
2026-09-15,full,/areas/28000/local-economy,prefecture-detail,756147,496585,1783,0.4066,2018,0,0,,,,1,0
2026-09-15,full,/areas/28000/labor-wages,prefecture-detail,509907,306769,1449,0.3735,1980,0,0,,,,1,0
2026-09-15,full,/areas/28000/manufacturing,prefecture-detail,498311,290136,1513,0.3624,1817,0,0,,,,1,0
2026-09-15,full,/areas/28000/healthcare,prefecture-detail,1429116,849563,3881,0.5669,1830,0,0,,,,1,3
2026-09-15,full,/areas/28000/safety,prefecture-detail,1354630,857721,3266,0.5226,1811,0,0,,,,1,2
2026-09-15,full,/areas/28000/education-culture,prefecture-detail,998563,611737,2693,0.5,1839,0,0,,,,1,2
2026-09-15,full,/areas/28000/tourism,prefecture-detail,634748,382929,1778,0.4048,1806,0,0,,,,1,0
2026-09-15,full,/areas/28000/consumer-prices,prefecture-detail,463301,272505,1385,0.3784,1923,0,0,,,,1,0
2026-09-15,full,/areas/28000/foreign-residents,prefecture-detail,371883,220457,1093,0.3071,1931,0,0,,,,1,0
2026-09-15,full,/areas/28000/occupation-salary,prefecture-detail,754698,524982,1509,0.3927,2221,0,0,,,,1,1
2026-09-15,full,/areas/28000/real-income,prefecture-detail,648228,414265,1626,0.4064,1928,0,0,,,,1,0
2026-09-15,full,/areas/28000/labor-mobility,prefecture-detail,593419,311125,2093,0.474,1902,0,0,,,,1,0
2026-09-15,full,/areas/28000/local-finance,prefecture-detail,1001470,637944,2391,0.4898,1937,0,0,,,,1,2
2026-09-15,full,/areas/28000/fishery-marine,prefecture-detail,630784,425816,1374,0.3626,1886,0,0,,,,1,0
2026-09-15,full,/areas/28000/climate,prefecture-detail,423761,237579,1351,0.3308,1787,0,0,,,,1,0
2026-09-15,full,/areas/28000/construction-industry,prefecture-detail,409276,220288,1384,0.4,2002,0,0,,,,1,0
2026-09-15,full,/areas/28000/waste-recycling,prefecture-detail,192122,91435,779,0.1957,2188,0,0,,,,0,1
2026-09-15,full,/areas/28000/information-industry,prefecture-detail,202579,96850,827,0.2188,2079,0,0,,,,0,1
2026-09-15,full,/areas/28000/land-property-market,prefecture-detail,305991,162596,1064,0.2685,2204,0,0,,,,0,1
2026-09-15,full,/areas/28000/agriculture-production,prefecture-detail,379910,197575,1361,0.3901,1988,0,0,,,,1,0
2026-09-15,full,/areas/28000/forestry-timber,prefecture-detail,459722,242061,1607,0.4417,2383,0,0,,,,1,0
2026-09-15,full,/areas/28000/retail-commerce,prefecture-detail,218575,104753,885,0.2424,2172,0,0,,,,0,1
2026-09-15,full,/areas/28000/local-services,prefecture-detail,498182,273058,1634,0.4424,2481,0,0,,,,1,0
2026-09-15,full,/areas/28000/business-demography,prefecture-detail,330579,173669,1163,0.3277,2105,0,0,,,,1,0
2026-09-15,full,/areas/28000/innovation-patents,prefecture-detail,289731,146643,1075,0.3158,2297,0,0,,,,1,0
2026-09-15,full,/areas/28000/childcare-services,prefecture-detail,253634,126869,960,0.271,2305,0,0,,,,0,1
2026-09-15,full,/areas/28000/single-parent-households,prefecture-detail,381948,228506,1104,0.3281,2294,0,0,,,,1,0
2026-09-15,full,/areas/28000/long-term-care,prefecture-detail,258182,129096,972,0.2661,2310,0,0,,,,0,1
2026-09-15,full,/areas/28000/disability-support,prefecture-detail,272883,141529,977,0.2593,2345,0,0,,,,0,1
2026-09-15,full,/areas/28000/public-assistance,prefecture-detail,268464,135934,987,0.2679,2701,0,0,,,,0,1
2026-09-15,full,/areas/28000/health-checkups,prefecture-detail,488138,291591,1403,0.363,2232,0,0,,,,1,0
2026-09-15,full,/areas/28000/daily-time-use,prefecture-detail,305176,154401,1137,0.3361,2154,0,0,,,,1,0
2026-09-15,full,/areas/28000/household-assets-debt,prefecture-detail,290509,147067,1086,0.319,1931,0,0,,,,1,0
2026-09-15,full,/areas/28000/freight-logistics,prefecture-detail,985144,741614,1246,0.25,2143,0,0,,,,0,3
2026-09-15,full,/areas/28000/regional-transport,prefecture-detail,263010,129052,1026,0.3009,1966,0,0,,,,1,0
2026-09-15,full,/areas/28000/geographic-access,prefecture-detail,508314,350683,1090,0.2522,2256,0,0,,,,0,1
2026-09-15,full,/areas/28000/water-services,prefecture-detail,341930,177650,1222,0.3566,2552,0,0,,,,1,0
2026-09-15,full,/areas/28000/communication-access,prefecture-detail,231159,113191,901,0.25,2232,0,0,,,,0,1
2026-09-15,full,/areas/28000/regional-energy,prefecture-detail,521922,290605,1669,0.434,2701,0,0,,,,1,0
2026-09-15,full,/areas/28000/environmental-quality,prefecture-detail,1306698,964821,1564,0.4558,2418,0,0,,,,1,2
2026-09-15,full,/areas/28000/natural-environment,prefecture-detail,276744,139100,1042,0.3083,2605,0,0,,,,1,0
2026-09-15,full,/areas/28000/earthquake-exposure,prefecture-detail,258038,136136,930,0.2121,1976,0,0,,,,0,1
2026-09-15,full,/areas/28000/landslide-exposure,prefecture-detail,527970,350994,1188,0.2759,2469,0,0,,,,0,1
2026-09-15,full,/areas/28000/tsunami-exposure,prefecture-detail,245908,129608,855,0.1477,3357,0,0,,,,0,0
2026-09-15,full,/areas/28000/cultural-participation,prefecture-detail,352277,179883,1284,0.374,1979,0,0,,,,1,0
2026-09-15,full,/areas/28000/sports-participation,prefecture-detail,469645,263835,1512,0.4052,1968,0,0,,,,1,0
2026-09-15,full,/areas/28000/local-government-digital,prefecture-detail,308185,164069,1061,0.2844,2246,0,0,,,,0,1
2026-09-15,full,/areas/28000/gender-participation,prefecture-detail,314574,158450,1160,0.336,2782,0,0,,,,1,0
2026-09-15,full,/areas/28000/community-participation,prefecture-detail,219572,104599,891,0.2524,2426,0,0,,,,0,1
2026-09-15,full,/areas/29000/population-dynamics,prefecture-detail,1363771,926265,3002,0.5125,1958,0,0,,,,1,2
2026-09-15,full,/areas/29000/aging-society,prefecture-detail,689993,443305,1661,0.3908,1878,0,0,,,,1,0
2026-09-15,full,/areas/29000/living-housing,prefecture-detail,1017201,586470,3046,0.5484,1872,0,0,,,,1,2
2026-09-15,full,/areas/29000/local-economy,prefecture-detail,756108,496583,1783,0.4066,2018,0,0,,,,1,0
2026-09-15,full,/areas/29000/labor-wages,prefecture-detail,509913,306769,1449,0.3735,1980,0,0,,,,1,0
2026-09-15,full,/areas/29000/manufacturing,prefecture-detail,498920,290133,1518,0.3624,1817,0,0,,,,1,0
2026-09-15,full,/areas/29000/healthcare,prefecture-detail,1428964,849563,3881,0.5669,1830,0,0,,,,1,3
2026-09-15,full,/areas/29000/safety,prefecture-detail,1354949,857719,3269,0.5226,1811,0,0,,,,1,2
2026-09-15,full,/areas/29000/education-culture,prefecture-detail,1009505,611738,2785,0.4781,1839,0,0,,,,1,2
2026-09-15,full,/areas/29000/tourism,prefecture-detail,626697,382926,1722,0.4048,1806,0,0,,,,1,0
2026-09-15,full,/areas/29000/consumer-prices,prefecture-detail,463300,272506,1385,0.3784,1923,0,0,,,,1,0
2026-09-15,full,/areas/29000/foreign-residents,prefecture-detail,371866,220454,1093,0.3071,1931,0,0,,,,1,0
2026-09-15,full,/areas/29000/occupation-salary,prefecture-detail,754703,524982,1509,0.3927,2221,0,0,,,,1,1
2026-09-15,full,/areas/29000/real-income,prefecture-detail,647606,414265,1621,0.4064,1928,0,0,,,,1,0
2026-09-15,full,/areas/29000/labor-mobility,prefecture-detail,594033,311125,2098,0.474,1902,0,0,,,,1,0
2026-09-15,full,/areas/29000/local-finance,prefecture-detail,1001420,637942,2391,0.4898,1937,0,0,,,,1,2
2026-09-15,full,/areas/29000/fishery-marine,prefecture-detail,631477,425809,1380,0.3626,1886,0,0,,,,1,0
2026-09-15,full,/areas/29000/climate,prefecture-detail,423677,237579,1351,0.3308,1787,0,0,,,,1,0
2026-09-15,full,/areas/29000/construction-industry,prefecture-detail,409250,220283,1384,0.4,2002,0,0,,,,1,0
2026-09-15,full,/areas/29000/waste-recycling,prefecture-detail,192103,91432,779,0.1957,2188,0,0,,,,0,1
2026-09-15,full,/areas/29000/information-industry,prefecture-detail,202559,96846,827,0.2188,2079,0,0,,,,0,1
2026-09-15,full,/areas/29000/land-property-market,prefecture-detail,305974,162594,1064,0.2685,2204,0,0,,,,0,1
2026-09-15,full,/areas/29000/agriculture-production,prefecture-detail,379898,197574,1361,0.3901,1988,0,0,,,,1,0
2026-09-15,full,/areas/29000/forestry-timber,prefecture-detail,459712,242059,1607,0.4417,2383,0,0,,,,1,0
2026-09-15,full,/areas/29000/retail-commerce,prefecture-detail,218567,104752,885,0.2424,2172,0,0,,,,0,1
2026-09-15,full,/areas/29000/local-services,prefecture-detail,498149,273056,1634,0.4424,2481,0,0,,,,1,0
2026-09-15,full,/areas/29000/business-demography,prefecture-detail,330559,173668,1163,0.3277,2105,0,0,,,,1,0
2026-09-15,full,/areas/29000/innovation-patents,prefecture-detail,289696,146638,1075,0.3158,2297,0,0,,,,1,0
2026-09-15,full,/areas/29000/childcare-services,prefecture-detail,253641,126870,960,0.271,2305,0,0,,,,0,1
2026-09-15,full,/areas/29000/single-parent-households,prefecture-detail,381932,228505,1104,0.3281,2294,0,0,,,,1,0
2026-09-15,full,/areas/29000/long-term-care,prefecture-detail,258171,129095,972,0.2661,2310,0,0,,,,0,1
2026-09-15,full,/areas/29000/disability-support,prefecture-detail,272883,141529,977,0.2593,2345,0,0,,,,0,1
2026-09-15,full,/areas/29000/public-assistance,prefecture-detail,268470,135934,987,0.2679,2701,0,0,,,,0,1
2026-09-15,full,/areas/29000/health-checkups,prefecture-detail,488141,291591,1403,0.363,2232,0,0,,,,1,0
2026-09-15,full,/areas/29000/daily-time-use,prefecture-detail,305177,154401,1137,0.3361,2154,0,0,,,,1,0
2026-09-15,full,/areas/29000/household-assets-debt,prefecture-detail,289888,147067,1081,0.319,1931,0,0,,,,1,0
2026-09-15,full,/areas/29000/freight-logistics,prefecture-detail,984787,741608,1246,0.25,2143,0,0,,,,0,3
2026-09-15,full,/areas/29000/regional-transport,prefecture-detail,263006,129051,1026,0.3009,1966,0,0,,,,1,0
2026-09-15,full,/areas/29000/geographic-access,prefecture-detail,508915,350682,1095,0.2522,2256,0,0,,,,0,1
2026-09-15,full,/areas/29000/water-services,prefecture-detail,341917,177650,1222,0.3566,2552,0,0,,,,1,0
2026-09-15,full,/areas/29000/communication-access,prefecture-detail,231140,113187,901,0.25,2232,0,0,,,,0,1
2026-09-15,full,/areas/29000/regional-energy,prefecture-detail,521889,290602,1669,0.434,2701,0,0,,,,1,0
2026-09-15,full,/areas/29000/environmental-quality,prefecture-detail,1325337,964819,1707,0.5152,2418,0,0,,,,1,2
2026-09-15,full,/areas/29000/natural-environment,prefecture-detail,276731,139098,1042,0.3083,2605,0,0,,,,1,0
2026-09-15,full,/areas/29000/earthquake-exposure,prefecture-detail,257995,136137,930,0.2121,1976,0,0,,,,0,1
2026-09-15,full,/areas/29000/landslide-exposure,prefecture-detail,527960,350994,1188,0.2759,2469,0,0,,,,0,1
2026-09-15,full,/areas/29000/tsunami-exposure,prefecture-detail,245476,128352,800,0.1477,3357,0,0,,,,0,0
2026-09-15,full,/areas/29000/cultural-participation,prefecture-detail,352279,179883,1284,0.374,1979,0,0,,,,1,0
2026-09-15,full,/areas/29000/sports-participation,prefecture-detail,469647,263835,1512,0.4052,1968,0,0,,,,1,0
2026-09-15,full,/areas/29000/local-government-digital,prefecture-detail,308181,164069,1061,0.2844,2246,0,0,,,,0,1
2026-09-15,full,/areas/29000/gender-participation,prefecture-detail,313949,158450,1155,0.336,2782,0,0,,,,1,0
2026-09-15,full,/areas/29000/community-participation,prefecture-detail,219582,104536,892,0.2524,2426,0,0,,,,0,1
2026-09-15,full,/areas/30000/population-dynamics,prefecture-detail,1364177,926323,3008,0.5125,1958,0,0,,,,1,2
2026-09-15,full,/areas/30000/aging-society,prefecture-detail,690111,443351,1661,0.3908,1878,0,0,,,,1,0
2026-09-15,full,/areas/30000/living-housing,prefecture-detail,1016676,586524,3041,0.5484,1872,0,0,,,,1,2
2026-09-15,full,/areas/30000/local-economy,prefecture-detail,756329,496637,1786,0.4066,2018,0,0,,,,1,0
2026-09-15,full,/areas/30000/labor-wages,prefecture-detail,510023,306813,1449,0.3735,1980,0,0,,,,1,0
2026-09-15,full,/areas/30000/manufacturing,prefecture-detail,499047,290183,1518,0.3624,1817,0,0,,,,1,0
2026-09-15,full,/areas/30000/healthcare,prefecture-detail,1429012,849611,3881,0.5669,1830,0,0,,,,1,3
2026-09-15,full,/areas/30000/safety,prefecture-detail,1355348,857773,3271,0.5226,1811,0,0,,,,1,2
2026-09-15,full,/areas/30000/education-culture,prefecture-detail,1000365,611786,2708,0.4981,1839,0,0,,,,1,2
2026-09-15,full,/areas/30000/tourism,prefecture-detail,631207,382972,1754,0.4048,1806,0,0,,,,1,0
2026-09-15,full,/areas/30000/consumer-prices,prefecture-detail,463662,272554,1389,0.3784,1923,0,0,,,,1,0
2026-09-15,full,/areas/30000/foreign-residents,prefecture-detail,371979,220501,1093,0.3071,1931,0,0,,,,1,0
2026-09-15,full,/areas/30000/occupation-salary,prefecture-detail,754802,525028,1509,0.3927,2221,0,0,,,,1,1
2026-09-15,full,/areas/30000/real-income,prefecture-detail,648347,414313,1626,0.4064,1928,0,0,,,,1,0
2026-09-15,full,/areas/30000/labor-mobility,prefecture-detail,594166,311179,2098,0.474,1902,0,0,,,,1,0
2026-09-15,full,/areas/30000/local-finance,prefecture-detail,1001541,637989,2391,0.4898,1937,0,0,,,,1,2
2026-09-15,full,/areas/30000/fishery-marine,prefecture-detail,631665,425867,1380,0.3626,1886,0,0,,,,1,0
2026-09-15,full,/areas/30000/climate,prefecture-detail,423805,237629,1351,0.3308,1787,0,0,,,,1,0
2026-09-15,full,/areas/30000/construction-industry,prefecture-detail,409372,220331,1384,0.4,2002,0,0,,,,1,0
2026-09-15,full,/areas/30000/waste-recycling,prefecture-detail,192229,91480,779,0.1957,2188,0,0,,,,0,1
2026-09-15,full,/areas/30000/information-industry,prefecture-detail,202682,96894,827,0.2188,2079,0,0,,,,0,1
2026-09-15,full,/areas/30000/land-property-market,prefecture-detail,306089,162642,1064,0.2685,2204,0,0,,,,0,1
2026-09-15,full,/areas/30000/agriculture-production,prefecture-detail,380003,197623,1361,0.3901,1988,0,0,,,,1,0
2026-09-15,full,/areas/30000/forestry-timber,prefecture-detail,459825,242107,1607,0.4417,2383,0,0,,,,1,0
2026-09-15,full,/areas/30000/retail-commerce,prefecture-detail,218676,104798,885,0.2424,2172,0,0,,,,0,1
2026-09-15,full,/areas/30000/local-services,prefecture-detail,498268,273105,1634,0.4424,2481,0,0,,,,1,0
2026-09-15,full,/areas/30000/business-demography,prefecture-detail,330675,173716,1163,0.3277,2105,0,0,,,,1,0
2026-09-15,full,/areas/30000/innovation-patents,prefecture-detail,289802,146684,1075,0.3158,2297,0,0,,,,1,0
2026-09-15,full,/areas/30000/childcare-services,prefecture-detail,253758,126918,960,0.271,2305,0,0,,,,0,1
2026-09-15,full,/areas/30000/single-parent-households,prefecture-detail,382046,228553,1104,0.3281,2294,0,0,,,,1,0
2026-09-15,full,/areas/30000/long-term-care,prefecture-detail,258289,129142,972,0.2661,2310,0,0,,,,0,1
2026-09-15,full,/areas/30000/disability-support,prefecture-detail,273003,141578,977,0.2593,2345,0,0,,,,0,1
2026-09-15,full,/areas/30000/public-assistance,prefecture-detail,268586,135982,987,0.2679,2701,0,0,,,,0,1
2026-09-15,full,/areas/30000/health-checkups,prefecture-detail,488273,291639,1403,0.363,2232,0,0,,,,1,0
2026-09-15,full,/areas/30000/daily-time-use,prefecture-detail,305293,154449,1137,0.3361,2154,0,0,,,,1,0
2026-09-15,full,/areas/30000/household-assets-debt,prefecture-detail,290626,147115,1086,0.319,1931,0,0,,,,1,0
2026-09-15,full,/areas/30000/freight-logistics,prefecture-detail,985150,741664,1246,0.25,2143,0,0,,,,0,3
2026-09-15,full,/areas/30000/regional-transport,prefecture-detail,263118,129099,1026,0.3009,1966,0,0,,,,1,0
2026-09-15,full,/areas/30000/geographic-access,prefecture-detail,509057,350730,1095,0.2522,2256,0,0,,,,0,1
2026-09-15,full,/areas/30000/water-services,prefecture-detail,342037,177698,1222,0.3566,2552,0,0,,,,1,0
2026-09-15,full,/areas/30000/communication-access,prefecture-detail,231263,113237,901,0.25,2232,0,0,,,,0,1
2026-09-15,full,/areas/30000/regional-energy,prefecture-detail,522016,290652,1669,0.434,2701,0,0,,,,1,0
2026-09-15,full,/areas/30000/environmental-quality,prefecture-detail,1297605,964869,1491,0.4203,2418,0,0,,,,1,2
2026-09-15,full,/areas/30000/natural-environment,prefecture-detail,276850,139146,1042,0.3083,2605,0,0,,,,1,0
2026-09-15,full,/areas/30000/earthquake-exposure,prefecture-detail,258087,136184,930,0.2121,1976,0,0,,,,0,1
2026-09-15,full,/areas/30000/landslide-exposure,prefecture-detail,528288,351042,1188,0.2759,2469,0,0,,,,0,1
2026-09-15,full,/areas/30000/tsunami-exposure,prefecture-detail,248802,129655,820,0.1477,3357,0,0,,,,0,0
2026-09-15,full,/areas/30000/cultural-participation,prefecture-detail,352387,179930,1284,0.374,1979,0,0,,,,1,0
2026-09-15,full,/areas/30000/sports-participation,prefecture-detail,469773,263883,1512,0.4052,1968,0,0,,,,1,0
2026-09-15,full,/areas/30000/local-government-digital,prefecture-detail,307674,164117,1056,0.2844,2246,0,0,,,,0,1
2026-09-15,full,/areas/30000/gender-participation,prefecture-detail,314688,158498,1160,0.336,2782,0,0,,,,1,0
2026-09-15,full,/areas/30000/community-participation,prefecture-detail,219682,104645,891,0.2524,2426,0,0,,,,0,1
2026-09-15,full,/areas/31000/population-dynamics,prefecture-detail,1363678,926263,3002,0.5125,1958,0,0,,,,1,2
2026-09-15,full,/areas/31000/aging-society,prefecture-detail,689989,443305,1661,0.3908,1878,0,0,,,,1,0
2026-09-15,full,/areas/31000/living-housing,prefecture-detail,1017155,586470,3046,0.5484,1872,0,0,,,,1,2
2026-09-15,full,/areas/31000/local-economy,prefecture-detail,756077,496583,1783,0.4066,2018,0,0,,,,1,0
2026-09-15,full,/areas/31000/labor-wages,prefecture-detail,509915,306767,1449,0.3735,1980,0,0,,,,1,0
2026-09-15,full,/areas/31000/manufacturing,prefecture-detail,498802,290129,1517,0.3624,1817,0,0,,,,1,0
2026-09-15,full,/areas/31000/healthcare,prefecture-detail,1428911,849565,3881,0.5669,1830,0,0,,,,1,3
2026-09-15,full,/areas/31000/safety,prefecture-detail,1355152,857719,3270,0.5226,1811,0,0,,,,1,2
2026-09-15,full,/areas/31000/education-culture,prefecture-detail,999392,611736,2700,0.4981,1839,0,0,,,,1,2
2026-09-15,full,/areas/31000/tourism,prefecture-detail,632748,382925,1764,0.4048,1806,0,0,,,,1,0
2026-09-15,full,/areas/31000/consumer-prices,prefecture-detail,463316,272507,1385,0.3784,1923,0,0,,,,1,0
2026-09-15,full,/areas/31000/foreign-residents,prefecture-detail,371862,220452,1093,0.3071,1931,0,0,,,,1,0
2026-09-15,full,/areas/31000/occupation-salary,prefecture-detail,754700,524982,1509,0.3927,2221,0,0,,,,1,1
2026-09-15,full,/areas/31000/real-income,prefecture-detail,648233,414265,1626,0.4064,1928,0,0,,,,1,0
2026-09-15,full,/areas/31000/labor-mobility,prefecture-detail,594044,311125,2098,0.474,1902,0,0,,,,1,0
2026-09-15,full,/areas/31000/local-finance,prefecture-detail,1001441,637942,2391,0.4898,1937,0,0,,,,1,2
2026-09-15,full,/areas/31000/fishery-marine,prefecture-detail,631559,425823,1380,0.3626,1886,0,0,,,,1,0
2026-09-15,full,/areas/31000/climate,prefecture-detail,423763,237581,1351,0.3308,1787,0,0,,,,1,0
2026-09-15,full,/areas/31000/construction-industry,prefecture-detail,409248,220283,1384,0.4,2002,0,0,,,,1,0
2026-09-15,full,/areas/31000/waste-recycling,prefecture-detail,192108,91432,779,0.1957,2188,0,0,,,,0,1
2026-09-15,full,/areas/31000/information-industry,prefecture-detail,202560,96846,827,0.2188,2079,0,0,,,,0,1
2026-09-15,full,/areas/31000/land-property-market,prefecture-detail,305969,162594,1064,0.2685,2204,0,0,,,,0,1
2026-09-15,full,/areas/31000/agriculture-production,prefecture-detail,379897,197574,1361,0.3901,1988,0,0,,,,1,0
2026-09-15,full,/areas/31000/forestry-timber,prefecture-detail,459714,242059,1607,0.4417,2383,0,0,,,,1,0
2026-09-15,full,/areas/31000/retail-commerce,prefecture-detail,218555,104748,885,0.2424,2172,0,0,,,,0,1
2026-09-15,full,/areas/31000/local-services,prefecture-detail,498143,273056,1634,0.4424,2481,0,0,,,,1,0
2026-09-15,full,/areas/31000/business-demography,prefecture-detail,330559,173668,1163,0.3277,2105,0,0,,,,1,0
2026-09-15,full,/areas/31000/innovation-patents,prefecture-detail,289677,146634,1075,0.3158,2297,0,0,,,,1,0
2026-09-15,full,/areas/31000/childcare-services,prefecture-detail,253643,126870,960,0.271,2305,0,0,,,,0,1
2026-09-15,full,/areas/31000/single-parent-households,prefecture-detail,381930,228505,1104,0.3281,2294,0,0,,,,1,0
2026-09-15,full,/areas/31000/long-term-care,prefecture-detail,258173,129094,972,0.2661,2310,0,0,,,,0,1
2026-09-15,full,/areas/31000/disability-support,prefecture-detail,272258,141530,972,0.2593,2345,0,0,,,,0,1
2026-09-15,full,/areas/31000/public-assistance,prefecture-detail,268452,135931,987,0.2679,2701,0,0,,,,0,1
2026-09-15,full,/areas/31000/health-checkups,prefecture-detail,488145,291591,1403,0.363,2232,0,0,,,,1,0
2026-09-15,full,/areas/31000/daily-time-use,prefecture-detail,305174,154401,1137,0.3361,2154,0,0,,,,1,0
2026-09-15,full,/areas/31000/household-assets-debt,prefecture-detail,290515,147067,1086,0.319,1931,0,0,,,,1,0
2026-09-15,full,/areas/31000/freight-logistics,prefecture-detail,984977,741618,1245,0.25,2143,0,0,,,,0,3
2026-09-15,full,/areas/31000/regional-transport,prefecture-detail,262999,129051,1026,0.3009,1966,0,0,,,,1,0
2026-09-15,full,/areas/31000/geographic-access,prefecture-detail,508908,350681,1095,0.2522,2256,0,0,,,,0,1
2026-09-15,full,/areas/31000/water-services,prefecture-detail,341920,177650,1222,0.3566,2552,0,0,,,,1,0
2026-09-15,full,/areas/31000/communication-access,prefecture-detail,231143,113187,901,0.25,2232,0,0,,,,0,1
2026-09-15,full,/areas/31000/regional-energy,prefecture-detail,521886,290603,1669,0.434,2701,0,0,,,,1,0
2026-09-15,full,/areas/31000/environmental-quality,prefecture-detail,1272111,964819,1297,0.2982,2418,0,0,,,,0,3
2026-09-15,full,/areas/31000/natural-environment,prefecture-detail,276731,139098,1042,0.3083,2605,0,0,,,,1,0
2026-09-15,full,/areas/31000/earthquake-exposure,prefecture-detail,257983,136136,930,0.2121,1976,0,0,,,,0,1
2026-09-15,full,/areas/31000/landslide-exposure,prefecture-detail,528577,350992,1188,0.2759,2469,0,0,,,,0,1
2026-09-15,full,/areas/31000/tsunami-exposure,prefecture-detail,245408,129606,854,0.1477,3357,0,0,,,,0,0
2026-09-15,full,/areas/31000/cultural-participation,prefecture-detail,352281,179883,1284,0.374,1979,0,0,,,,1,0
2026-09-15,full,/areas/31000/sports-participation,prefecture-detail,469639,263833,1512,0.4052,1968,0,0,,,,1,0
2026-09-15,full,/areas/31000/local-government-digital,prefecture-detail,308180,164069,1061,0.2844,2246,0,0,,,,0,1
2026-09-15,full,/areas/31000/gender-participation,prefecture-detail,313951,158450,1155,0.336,2782,0,0,,,,1,0
2026-09-15,full,/areas/31000/community-participation,prefecture-detail,218960,104536,887,0.2524,2426,0,0,,,,0,1
2026-09-15,full,/areas/32000/population-dynamics,prefecture-detail,1363732,926263,3002,0.5125,1958,0,0,,,,1,2
2026-09-15,full,/areas/32000/aging-society,prefecture-detail,689995,443305,1661,0.3908,1878,0,0,,,,1,0
2026-09-15,full,/areas/32000/living-housing,prefecture-detail,1017145,586468,3046,0.5484,1872,0,0,,,,1,2
2026-09-15,full,/areas/32000/local-economy,prefecture-detail,756090,496583,1783,0.4066,2018,0,0,,,,1,0
2026-09-15,full,/areas/32000/labor-wages,prefecture-detail,509924,306769,1449,0.3735,1980,0,0,,,,1,0
2026-09-15,full,/areas/32000/manufacturing,prefecture-detail,498815,290133,1517,0.3624,1817,0,0,,,,1,0
2026-09-15,full,/areas/32000/healthcare,prefecture-detail,1428898,849565,3881,0.5669,1830,0,0,,,,1,3
2026-09-15,full,/areas/32000/safety,prefecture-detail,1355192,857719,3271,0.5226,1811,0,0,,,,1,2
2026-09-15,full,/areas/32000/education-culture,prefecture-detail,997928,611737,2688,0.5,1839,0,0,,,,1,2
2026-09-15,full,/areas/32000/tourism,prefecture-detail,634542,382925,1777,0.4048,1806,0,0,,,,1,0
2026-09-15,full,/areas/32000/consumer-prices,prefecture-detail,463314,272507,1385,0.3784,1923,0,0,,,,1,0
2026-09-15,full,/areas/32000/foreign-residents,prefecture-detail,371871,220455,1093,0.3071,1931,0,0,,,,1,0
2026-09-15,full,/areas/32000/occupation-salary,prefecture-detail,754695,524979,1509,0.3927,2221,0,0,,,,1,1
2026-09-15,full,/areas/32000/real-income,prefecture-detail,648236,414265,1626,0.4064,1928,0,0,,,,1,0
2026-09-15,full,/areas/32000/labor-mobility,prefecture-detail,594048,311125,2098,0.474,1902,0,0,,,,1,0
2026-09-15,full,/areas/32000/local-finance,prefecture-detail,1001428,637943,2391,0.4898,1937,0,0,,,,1,2
2026-09-15,full,/areas/32000/fishery-marine,prefecture-detail,631556,425825,1380,0.3626,1886,0,0,,,,1,0
2026-09-15,full,/areas/32000/climate,prefecture-detail,423756,237581,1351,0.3308,1787,0,0,,,,1,0
2026-09-15,full,/areas/32000/construction-industry,prefecture-detail,409250,220283,1384,0.4,2002,0,0,,,,1,0
2026-09-15,full,/areas/32000/waste-recycling,prefecture-detail,192107,91432,779,0.1957,2188,0,0,,,,0,1
2026-09-15,full,/areas/32000/information-industry,prefecture-detail,202559,96846,827,0.2188,2079,0,0,,,,0,1
2026-09-15,full,/areas/32000/land-property-market,prefecture-detail,305960,162594,1064,0.2685,2204,0,0,,,,0,1
2026-09-15,full,/areas/32000/agriculture-production,prefecture-detail,379900,197574,1361,0.3901,1988,0,0,,,,1,0
2026-09-15,full,/areas/32000/forestry-timber,prefecture-detail,459706,242057,1607,0.4417,2383,0,0,,,,1,0
2026-09-15,full,/areas/32000/retail-commerce,prefecture-detail,218553,104748,885,0.2424,2172,0,0,,,,0,1
2026-09-15,full,/areas/32000/local-services,prefecture-detail,498145,273056,1634,0.4424,2481,0,0,,,,1,0
2026-09-15,full,/areas/32000/business-demography,prefecture-detail,330559,173668,1163,0.3277,2105,0,0,,,,1,0
2026-09-15,full,/areas/32000/innovation-patents,prefecture-detail,289677,146634,1075,0.3158,2297,0,0,,,,1,0
2026-09-15,full,/areas/32000/childcare-services,prefecture-detail,253014,126869,955,0.271,2305,0,0,,,,0,1
2026-09-15,full,/areas/32000/single-parent-households,prefecture-detail,381306,228505,1099,0.3281,2294,0,0,,,,1,0
2026-09-15,full,/areas/32000/long-term-care,prefecture-detail,258174,129094,972,0.2661,2310,0,0,,,,0,1
2026-09-15,full,/areas/32000/disability-support,prefecture-detail,272879,141530,977,0.2593,2345,0,0,,,,0,1
2026-09-15,full,/areas/32000/public-assistance,prefecture-detail,268456,135932,987,0.2679,2701,0,0,,,,0,1
2026-09-15,full,/areas/32000/health-checkups,prefecture-detail,488135,291591,1403,0.363,2232,0,0,,,,1,0
2026-09-15,full,/areas/32000/daily-time-use,prefecture-detail,305175,154401,1137,0.3361,2154,0,0,,,,1,0
2026-09-15,full,/areas/32000/household-assets-debt,prefecture-detail,290510,147067,1086,0.319,1931,0,0,,,,1,0
2026-09-15,full,/areas/32000/freight-logistics,prefecture-detail,984957,741617,1246,0.25,2143,0,0,,,,0,3
2026-09-15,full,/areas/32000/regional-transport,prefecture-detail,263001,129051,1026,0.3009,1966,0,0,,,,1,0
2026-09-15,full,/areas/32000/geographic-access,prefecture-detail,508911,350681,1095,0.2522,2256,0,0,,,,0,1
2026-09-15,full,/areas/32000/water-services,prefecture-detail,341926,177651,1222,0.3566,2552,0,0,,,,1,0
2026-09-15,full,/areas/32000/communication-access,prefecture-detail,231142,113187,901,0.25,2232,0,0,,,,0,1
2026-09-15,full,/areas/32000/regional-energy,prefecture-detail,521895,290603,1669,0.434,2701,0,0,,,,1,0
2026-09-15,full,/areas/32000/environmental-quality,prefecture-detail,1287897,964819,1418,0.3798,2418,0,0,,,,1,2
2026-09-15,full,/areas/32000/natural-environment,prefecture-detail,276726,139096,1042,0.3083,2605,0,0,,,,1,0
2026-09-15,full,/areas/32000/earthquake-exposure,prefecture-detail,258020,136136,930,0.2121,1976,0,0,,,,0,1
2026-09-15,full,/areas/32000/landslide-exposure,prefecture-detail,527343,350995,1183,0.2759,2469,0,0,,,,0,1
2026-09-15,full,/areas/32000/tsunami-exposure,prefecture-detail,245425,129604,854,0.1477,3357,0,0,,,,0,0
2026-09-15,full,/areas/32000/cultural-participation,prefecture-detail,352276,179882,1284,0.374,1979,0,0,,,,1,0
2026-09-15,full,/areas/32000/sports-participation,prefecture-detail,469641,263833,1512,0.4052,1968,0,0,,,,1,0
2026-09-15,full,/areas/32000/local-government-digital,prefecture-detail,308177,164069,1061,0.2844,2246,0,0,,,,0,1
2026-09-15,full,/areas/32000/gender-participation,prefecture-detail,314575,158450,1160,0.336,2782,0,0,,,,1,0
2026-09-15,full,/areas/32000/community-participation,prefecture-detail,218964,104536,887,0.2524,2426,0,0,,,,0,1
2026-09-15,full,/areas/33000/population-dynamics,prefecture-detail,1363906,926264,3002,0.5125,1958,0,0,,,,1,2
2026-09-15,full,/areas/33000/aging-society,prefecture-detail,689998,443305,1661,0.3908,1878,0,0,,,,1,0
2026-09-15,full,/areas/33000/living-housing,prefecture-detail,1017217,586470,3046,0.5484,1872,0,0,,,,1,2
2026-09-15,full,/areas/33000/local-economy,prefecture-detail,756127,496583,1783,0.4066,2018,0,0,,,,1,0
2026-09-15,full,/areas/33000/labor-wages,prefecture-detail,509907,306769,1449,0.3735,1980,0,0,,,,1,0
2026-09-15,full,/areas/33000/manufacturing,prefecture-detail,498924,290135,1518,0.3624,1817,0,0,,,,1,0
2026-09-15,full,/areas/33000/healthcare,prefecture-detail,1429022,849563,3881,0.5669,1830,0,0,,,,1,3
2026-09-15,full,/areas/33000/safety,prefecture-detail,1355193,857716,3271,0.5226,1811,0,0,,,,1,2
2026-09-15,full,/areas/33000/education-culture,prefecture-detail,999443,611737,2700,0.4981,1839,0,0,,,,1,2
2026-09-15,full,/areas/33000/tourism,prefecture-detail,632724,382924,1764,0.4048,1806,0,0,,,,1,0
2026-09-15,full,/areas/33000/consumer-prices,prefecture-detail,463309,272507,1385,0.3784,1923,0,0,,,,1,0
2026-09-15,full,/areas/33000/foreign-residents,prefecture-detail,371871,220454,1093,0.3071,1931,0,0,,,,1,0
2026-09-15,full,/areas/33000/occupation-salary,prefecture-detail,754704,524982,1509,0.3927,2221,0,0,,,,1,1
2026-09-15,full,/areas/33000/real-income,prefecture-detail,648232,414265,1626,0.4064,1928,0,0,,,,1,0
2026-09-15,full,/areas/33000/labor-mobility,prefecture-detail,594037,311125,2098,0.474,1902,0,0,,,,1,0
2026-09-15,full,/areas/33000/local-finance,prefecture-detail,1001422,637942,2391,0.4898,1937,0,0,,,,1,2
2026-09-15,full,/areas/33000/fishery-marine,prefecture-detail,631545,425819,1380,0.3626,1886,0,0,,,,1,0
2026-09-15,full,/areas/33000/climate,prefecture-detail,423761,237581,1351,0.3308,1787,0,0,,,,1,0
2026-09-15,full,/areas/33000/construction-industry,prefecture-detail,409237,220283,1384,0.4,2002,0,0,,,,1,0
2026-09-15,full,/areas/33000/waste-recycling,prefecture-detail,192100,91430,779,0.1957,2188,0,0,,,,0,1
2026-09-15,full,/areas/33000/information-industry,prefecture-detail,202567,96848,827,0.2188,2079,0,0,,,,0,1
2026-09-15,full,/areas/33000/land-property-market,prefecture-detail,305973,162594,1064,0.2685,2204,0,0,,,,0,1
2026-09-15,full,/areas/33000/agriculture-production,prefecture-detail,379909,197575,1361,0.3901,1988,0,0,,,,1,0
2026-09-15,full,/areas/33000/forestry-timber,prefecture-detail,459729,242061,1607,0.4417,2383,0,0,,,,1,0
2026-09-15,full,/areas/33000/retail-commerce,prefecture-detail,218572,104753,885,0.2424,2172,0,0,,,,0,1
2026-09-15,full,/areas/33000/local-services,prefecture-detail,498155,273058,1634,0.4424,2481,0,0,,,,1,0
2026-09-15,full,/areas/33000/business-demography,prefecture-detail,330562,173670,1163,0.3277,2105,0,0,,,,1,0
2026-09-15,full,/areas/33000/innovation-patents,prefecture-detail,289696,146638,1075,0.3158,2297,0,0,,,,1,0
2026-09-15,full,/areas/33000/childcare-services,prefecture-detail,253634,126870,960,0.271,2305,0,0,,,,0,1
2026-09-15,full,/areas/33000/single-parent-households,prefecture-detail,381935,228505,1104,0.3281,2294,0,0,,,,1,0
2026-09-15,full,/areas/33000/long-term-care,prefecture-detail,258171,129094,972,0.2661,2310,0,0,,,,0,1
2026-09-15,full,/areas/33000/disability-support,prefecture-detail,272883,141529,977,0.2593,2345,0,0,,,,0,1
2026-09-15,full,/areas/33000/public-assistance,prefecture-detail,268471,135934,987,0.2679,2701,0,0,,,,0,1
2026-09-15,full,/areas/33000/health-checkups,prefecture-detail,488142,291591,1403,0.363,2232,0,0,,,,1,0
2026-09-15,full,/areas/33000/daily-time-use,prefecture-detail,305176,154401,1137,0.3361,2154,0,0,,,,1,0
2026-09-15,full,/areas/33000/household-assets-debt,prefecture-detail,290514,147067,1086,0.319,1931,0,0,,,,1,0
2026-09-15,full,/areas/33000/freight-logistics,prefecture-detail,985160,741620,1246,0.25,2143,0,0,,,,0,3
2026-09-15,full,/areas/33000/regional-transport,prefecture-detail,263005,129052,1026,0.3009,1966,0,0,,,,1,0
2026-09-15,full,/areas/33000/geographic-access,prefecture-detail,508930,350683,1095,0.2522,2256,0,0,,,,0,1
2026-09-15,full,/areas/33000/water-services,prefecture-detail,341933,177651,1222,0.3566,2552,0,0,,,,1,0
2026-09-15,full,/areas/33000/communication-access,prefecture-detail,231158,113191,901,0.25,2232,0,0,,,,0,1
2026-09-15,full,/areas/33000/regional-energy,prefecture-detail,521913,290604,1669,0.434,2701,0,0,,,,1,0
2026-09-15,full,/areas/33000/environmental-quality,prefecture-detail,1298261,964824,1499,0.4245,2418,0,0,,,,1,2
2026-09-15,full,/areas/33000/natural-environment,prefecture-detail,276740,139100,1042,0.3083,2605,0,0,,,,1,0
2026-09-15,full,/areas/33000/earthquake-exposure,prefecture-detail,257999,136137,930,0.2121,1976,0,0,,,,0,1
2026-09-15,full,/areas/33000/landslide-exposure,prefecture-detail,527965,350994,1188,0.2759,2469,0,0,,,,0,1
2026-09-15,full,/areas/33000/tsunami-exposure,prefecture-detail,247168,129605,866,0.1477,3357,0,0,,,,0,0
2026-09-15,full,/areas/33000/cultural-participation,prefecture-detail,352279,179883,1284,0.374,1979,0,0,,,,1,0
2026-09-15,full,/areas/33000/sports-participation,prefecture-detail,469647,263835,1512,0.4052,1968,0,0,,,,1,0
2026-09-15,full,/areas/33000/local-government-digital,prefecture-detail,308176,164069,1061,0.2844,2246,0,0,,,,0,1
2026-09-15,full,/areas/33000/gender-participation,prefecture-detail,314564,158450,1160,0.336,2782,0,0,,,,1,0
2026-09-15,full,/areas/33000/community-participation,prefecture-detail,219564,104598,891,0.2524,2426,0,0,,,,0,1
2026-09-15,full,/areas/34000/population-dynamics,prefecture-detail,1363945,926265,3001,0.5125,1958,0,0,,,,1,2
2026-09-15,full,/areas/34000/aging-society,prefecture-detail,690000,443305,1661,0.3908,1878,0,0,,,,1,0
2026-09-15,full,/areas/34000/living-housing,prefecture-detail,1017217,586470,3046,0.5484,1872,0,0,,,,1,2
2026-09-15,full,/areas/34000/local-economy,prefecture-detail,756124,496583,1783,0.4066,2018,0,0,,,,1,0
2026-09-15,full,/areas/34000/labor-wages,prefecture-detail,509930,306771,1449,0.3735,1980,0,0,,,,1,0
2026-09-15,full,/areas/34000/manufacturing,prefecture-detail,498942,290136,1518,0.3624,1817,0,0,,,,1,0
2026-09-15,full,/areas/34000/healthcare,prefecture-detail,1429076,849565,3881,0.5669,1830,0,0,,,,1,3
2026-09-15,full,/areas/34000/safety,prefecture-detail,1355249,857721,3271,0.5226,1811,0,0,,,,1,2
2026-09-15,full,/areas/34000/education-culture,prefecture-detail,1001130,611738,2714,0.4943,1839,0,0,,,,1,2
2026-09-15,full,/areas/34000/tourism,prefecture-detail,631130,382929,1754,0.4048,1806,0,0,,,,1,0
2026-09-15,full,/areas/34000/consumer-prices,prefecture-detail,463308,272507,1385,0.3784,1923,0,0,,,,1,0
2026-09-15,full,/areas/34000/foreign-residents,prefecture-detail,371882,220456,1093,0.3071,1931,0,0,,,,1,0
2026-09-15,full,/areas/34000/occupation-salary,prefecture-detail,754699,524982,1509,0.3927,2221,0,0,,,,1,1
2026-09-15,full,/areas/34000/real-income,prefecture-detail,648225,414265,1626,0.4064,1928,0,0,,,,1,0
2026-09-15,full,/areas/34000/labor-mobility,prefecture-detail,594043,311125,2098,0.474,1902,0,0,,,,1,0
2026-09-15,full,/areas/34000/local-finance,prefecture-detail,1001402,637944,2391,0.4898,1937,0,0,,,,1,2
2026-09-15,full,/areas/34000/fishery-marine,prefecture-detail,631555,425820,1380,0.3626,1886,0,0,,,,1,0
2026-09-15,full,/areas/34000/climate,prefecture-detail,423943,237581,1353,0.3308,1787,0,0,,,,1,0
2026-09-15,full,/areas/34000/construction-industry,prefecture-detail,409269,220288,1384,0.4,2002,0,0,,,,1,0
2026-09-15,full,/areas/34000/waste-recycling,prefecture-detail,192107,91432,779,0.1957,2188,0,0,,,,0,1
2026-09-15,full,/areas/34000/information-industry,prefecture-detail,202579,96850,827,0.2188,2079,0,0,,,,0,1
2026-09-15,full,/areas/34000/land-property-market,prefecture-detail,305977,162594,1064,0.2685,2204,0,0,,,,0,1
2026-09-15,full,/areas/34000/agriculture-production,prefecture-detail,379888,197575,1361,0.3901,1988,0,0,,,,1,0
2026-09-15,full,/areas/34000/forestry-timber,prefecture-detail,459728,242059,1607,0.4417,2383,0,0,,,,1,0
2026-09-15,full,/areas/34000/retail-commerce,prefecture-detail,218578,104753,885,0.2424,2172,0,0,,,,0,1
2026-09-15,full,/areas/34000/local-services,prefecture-detail,498182,273058,1634,0.4424,2481,0,0,,,,1,0
2026-09-15,full,/areas/34000/business-demography,prefecture-detail,330577,173670,1163,0.3277,2105,0,0,,,,1,0
2026-09-15,full,/areas/34000/innovation-patents,prefecture-detail,289726,146642,1075,0.3158,2297,0,0,,,,1,0
2026-09-15,full,/areas/34000/childcare-services,prefecture-detail,253642,126870,960,0.271,2305,0,0,,,,0,1
2026-09-15,full,/areas/34000/single-parent-households,prefecture-detail,381946,228506,1104,0.3281,2294,0,0,,,,1,0
2026-09-15,full,/areas/34000/long-term-care,prefecture-detail,258184,129096,972,0.2661,2310,0,0,,,,0,1
2026-09-15,full,/areas/34000/disability-support,prefecture-detail,272883,141530,977,0.2593,2345,0,0,,,,0,1
2026-09-15,full,/areas/34000/public-assistance,prefecture-detail,268465,135934,987,0.2679,2701,0,0,,,,0,1
2026-09-15,full,/areas/34000/health-checkups,prefecture-detail,488148,291591,1403,0.363,2232,0,0,,,,1,0
2026-09-15,full,/areas/34000/daily-time-use,prefecture-detail,305172,154401,1137,0.3361,2154,0,0,,,,1,0
2026-09-15,full,/areas/34000/household-assets-debt,prefecture-detail,290504,147067,1086,0.319,1931,0,0,,,,1,0
2026-09-15,full,/areas/34000/freight-logistics,prefecture-detail,985155,741620,1246,0.25,2143,0,0,,,,0,3
2026-09-15,full,/areas/34000/regional-transport,prefecture-detail,263009,129052,1026,0.3009,1966,0,0,,,,1,0
2026-09-15,full,/areas/34000/geographic-access,prefecture-detail,508928,350683,1095,0.2522,2256,0,0,,,,0,1
2026-09-15,full,/areas/34000/water-services,prefecture-detail,341933,177651,1222,0.3566,2552,0,0,,,,1,0
2026-09-15,full,/areas/34000/communication-access,prefecture-detail,231163,113191,901,0.25,2232,0,0,,,,0,1
2026-09-15,full,/areas/34000/regional-energy,prefecture-detail,521924,290605,1669,0.434,2701,0,0,,,,1,0
2026-09-15,full,/areas/34000/environmental-quality,prefecture-detail,1351504,964821,1909,0.5789,2418,0,0,,,,1,2
2026-09-15,full,/areas/34000/natural-environment,prefecture-detail,276737,139098,1042,0.3083,2605,0,0,,,,1,0
2026-09-15,full,/areas/34000/earthquake-exposure,prefecture-detail,258002,136137,930,0.2121,1976,0,0,,,,0,1
2026-09-15,full,/areas/34000/landslide-exposure,prefecture-detail,527985,350995,1183,0.2759,2469,0,0,,,,0,1
2026-09-15,full,/areas/34000/tsunami-exposure,prefecture-detail,248642,129606,820,0.1477,3357,0,0,,,,0,0
2026-09-15,full,/areas/34000/cultural-participation,prefecture-detail,352283,179883,1284,0.374,1979,0,0,,,,1,0
2026-09-15,full,/areas/34000/sports-participation,prefecture-detail,469653,263835,1512,0.4052,1968,0,0,,,,1,0
2026-09-15,full,/areas/34000/local-government-digital,prefecture-detail,308175,164069,1061,0.2844,2246,0,0,,,,0,1
2026-09-15,full,/areas/34000/gender-participation,prefecture-detail,314571,158450,1160,0.336,2782,0,0,,,,1,0
2026-09-15,full,/areas/34000/community-participation,prefecture-detail,219562,104597,891,0.2524,2426,0,0,,,,0,1
2026-09-15,full,/areas/35000/population-dynamics,prefecture-detail,1363830,926264,3002,0.5125,1958,0,0,,,,1,2
2026-09-15,full,/areas/35000/aging-society,prefecture-detail,689986,443304,1661,0.3908,1878,0,0,,,,1,0
2026-09-15,full,/areas/35000/living-housing,prefecture-detail,1017196,586468,3046,0.5484,1872,0,0,,,,1,2
2026-09-15,full,/areas/35000/local-economy,prefecture-detail,756111,496583,1783,0.4066,2018,0,0,,,,1,0
2026-09-15,full,/areas/35000/labor-wages,prefecture-detail,509893,306767,1449,0.3735,1980,0,0,,,,1,0
2026-09-15,full,/areas/35000/manufacturing,prefecture-detail,498926,290135,1518,0.3624,1817,0,0,,,,1,0
2026-09-15,full,/areas/35000/healthcare,prefecture-detail,1428953,849565,3881,0.5669,1830,0,0,,,,1,3
2026-09-15,full,/areas/35000/safety,prefecture-detail,1355209,857719,3271,0.5226,1811,0,0,,,,1,2
2026-09-15,full,/areas/35000/education-culture,prefecture-detail,1000136,611737,2705,0.4962,1839,0,0,,,,1,2
2026-09-15,full,/areas/35000/tourism,prefecture-detail,632824,382926,1765,0.4048,1806,0,0,,,,1,0
2026-09-15,full,/areas/35000/consumer-prices,prefecture-detail,463308,272506,1385,0.3784,1923,0,0,,,,1,0
2026-09-15,full,/areas/35000/foreign-residents,prefecture-detail,371871,220456,1093,0.3071,1931,0,0,,,,1,0
2026-09-15,full,/areas/35000/occupation-salary,prefecture-detail,754070,524981,1504,0.3927,2221,0,0,,,,1,1
2026-09-15,full,/areas/35000/real-income,prefecture-detail,648223,414265,1626,0.4064,1928,0,0,,,,1,0
2026-09-15,full,/areas/35000/labor-mobility,prefecture-detail,594036,311124,2098,0.474,1902,0,0,,,,1,0
2026-09-15,full,/areas/35000/local-finance,prefecture-detail,1001427,637943,2391,0.4898,1937,0,0,,,,1,2
2026-09-15,full,/areas/35000/fishery-marine,prefecture-detail,631534,425820,1380,0.3626,1886,0,0,,,,1,0
2026-09-15,full,/areas/35000/climate,prefecture-detail,423863,237581,1353,0.3308,1787,0,0,,,,1,0
2026-09-15,full,/areas/35000/construction-industry,prefecture-detail,409230,220283,1384,0.4,2002,0,0,,,,1,0
2026-09-15,full,/areas/35000/waste-recycling,prefecture-detail,192106,91432,779,0.1957,2188,0,0,,,,0,1
2026-09-15,full,/areas/35000/information-industry,prefecture-detail,202562,96847,827,0.2188,2079,0,0,,,,0,1
2026-09-15,full,/areas/35000/land-property-market,prefecture-detail,305972,162594,1064,0.2685,2204,0,0,,,,0,1
2026-09-15,full,/areas/35000/agriculture-production,prefecture-detail,379892,197572,1361,0.3901,1988,0,0,,,,1,0
2026-09-15,full,/areas/35000/forestry-timber,prefecture-detail,459714,242059,1607,0.4417,2383,0,0,,,,1,0
2026-09-15,full,/areas/35000/retail-commerce,prefecture-detail,218557,104753,885,0.2424,2172,0,0,,,,0,1
2026-09-15,full,/areas/35000/local-services,prefecture-detail,498146,273056,1634,0.4424,2481,0,0,,,,1,0
2026-09-15,full,/areas/35000/business-demography,prefecture-detail,330553,173668,1163,0.3277,2105,0,0,,,,1,0
2026-09-15,full,/areas/35000/innovation-patents,prefecture-detail,289701,146640,1075,0.3158,2297,0,0,,,,1,0
2026-09-15,full,/areas/35000/childcare-services,prefecture-detail,253630,126868,960,0.271,2305,0,0,,,,0,1
2026-09-15,full,/areas/35000/single-parent-households,prefecture-detail,381926,228505,1104,0.3281,2294,0,0,,,,1,0
2026-09-15,full,/areas/35000/long-term-care,prefecture-detail,258171,129094,972,0.2661,2310,0,0,,,,0,1
2026-09-15,full,/areas/35000/disability-support,prefecture-detail,272880,141529,977,0.2593,2345,0,0,,,,0,1
2026-09-15,full,/areas/35000/public-assistance,prefecture-detail,268466,135934,987,0.2679,2701,0,0,,,,0,1
2026-09-15,full,/areas/35000/health-checkups,prefecture-detail,488140,291590,1403,0.363,2232,0,0,,,,1,0
2026-09-15,full,/areas/35000/daily-time-use,prefecture-detail,305173,154401,1137,0.3361,2154,0,0,,,,1,0
2026-09-15,full,/areas/35000/household-assets-debt,prefecture-detail,290506,147067,1086,0.319,1931,0,0,,,,1,0
2026-09-15,full,/areas/35000/freight-logistics,prefecture-detail,985130,741620,1246,0.25,2143,0,0,,,,0,3
2026-09-15,full,/areas/35000/regional-transport,prefecture-detail,262998,129052,1026,0.3009,1966,0,0,,,,1,0
2026-09-15,full,/areas/35000/geographic-access,prefecture-detail,508915,350683,1095,0.2522,2256,0,0,,,,0,1
2026-09-15,full,/areas/35000/water-services,prefecture-detail,341910,177651,1222,0.3566,2552,0,0,,,,1,0
2026-09-15,full,/areas/35000/communication-access,prefecture-detail,231158,113191,901,0.25,2232,0,0,,,,0,1
2026-09-15,full,/areas/35000/regional-energy,prefecture-detail,521915,290605,1669,0.434,2701,0,0,,,,1,0
2026-09-15,full,/areas/35000/environmental-quality,prefecture-detail,1331272,964821,1748,0.5294,2418,0,0,,,,1,2
2026-09-15,full,/areas/35000/natural-environment,prefecture-detail,276723,139098,1042,0.3083,2605,0,0,,,,1,0
2026-09-15,full,/areas/35000/earthquake-exposure,prefecture-detail,257997,136137,930,0.2121,1976,0,0,,,,0,1
2026-09-15,full,/areas/35000/landslide-exposure,prefecture-detail,527973,350994,1188,0.2759,2469,0,0,,,,0,1
2026-09-15,full,/areas/35000/tsunami-exposure,prefecture-detail,246234,129604,860,0.1477,3357,0,0,,,,0,0
2026-09-15,full,/areas/35000/cultural-participation,prefecture-detail,352268,179882,1284,0.374,1979,0,0,,,,1,0
2026-09-15,full,/areas/35000/sports-participation,prefecture-detail,469648,263835,1512,0.4052,1968,0,0,,,,1,0
2026-09-15,full,/areas/35000/local-government-digital,prefecture-detail,308179,164069,1061,0.2844,2246,0,0,,,,0,1
2026-09-15,full,/areas/35000/gender-participation,prefecture-detail,314546,158446,1160,0.336,2782,0,0,,,,1,0
2026-09-15,full,/areas/35000/community-participation,prefecture-detail,219565,104597,891,0.2524,2426,0,0,,,,0,1
2026-09-15,full,/areas/36000/population-dynamics,prefecture-detail,1363683,926263,3001,0.5125,1958,0,0,,,,1,2
2026-09-15,full,/areas/36000/aging-society,prefecture-detail,689352,443303,1656,0.3908,1878,0,0,,,,1,0
2026-09-15,full,/areas/36000/living-housing,prefecture-detail,1016546,586470,3041,0.5484,1872,0,0,,,,1,2
2026-09-15,full,/areas/36000/local-economy,prefecture-detail,756101,496583,1783,0.4066,2018,0,0,,,,1,0
2026-09-15,full,/areas/36000/labor-wages,prefecture-detail,509920,306769,1449,0.3735,1980,0,0,,,,1,0
2026-09-15,full,/areas/36000/manufacturing,prefecture-detail,498925,290135,1518,0.3624,1817,0,0,,,,1,0
2026-09-15,full,/areas/36000/healthcare,prefecture-detail,1428269,849564,3876,0.5669,1830,0,0,,,,1,3
2026-09-15,full,/areas/36000/safety,prefecture-detail,1355203,857719,3271,0.5226,1811,0,0,,,,1,2
2026-09-15,full,/areas/36000/education-culture,prefecture-detail,998556,611737,2693,0.5,1839,0,0,,,,1,2
2026-09-15,full,/areas/36000/tourism,prefecture-detail,631068,382926,1754,0.4048,1806,0,0,,,,1,0
2026-09-15,full,/areas/36000/consumer-prices,prefecture-detail,463317,272507,1385,0.3784,1923,0,0,,,,1,0
2026-09-15,full,/areas/36000/foreign-residents,prefecture-detail,371862,220452,1093,0.3071,1931,0,0,,,,1,0
2026-09-15,full,/areas/36000/occupation-salary,prefecture-detail,754702,524982,1509,0.3927,2221,0,0,,,,1,1
2026-09-15,full,/areas/36000/real-income,prefecture-detail,648233,414265,1626,0.4064,1928,0,0,,,,1,0
2026-09-15,full,/areas/36000/labor-mobility,prefecture-detail,594038,311124,2098,0.474,1902,0,0,,,,1,0
2026-09-15,full,/areas/36000/local-finance,prefecture-detail,1001440,637944,2391,0.4898,1937,0,0,,,,1,2
2026-09-15,full,/areas/36000/fishery-marine,prefecture-detail,631546,425818,1380,0.3626,1886,0,0,,,,1,0
2026-09-15,full,/areas/36000/climate,prefecture-detail,423676,237581,1351,0.3308,1787,0,0,,,,1,0
2026-09-15,full,/areas/36000/construction-industry,prefecture-detail,409248,220283,1384,0.4,2002,0,0,,,,1,0
2026-09-15,full,/areas/36000/waste-recycling,prefecture-detail,192107,91432,779,0.1957,2188,0,0,,,,0,1
2026-09-15,full,/areas/36000/information-industry,prefecture-detail,202559,96846,827,0.2188,2079,0,0,,,,0,1
2026-09-15,full,/areas/36000/land-property-market,prefecture-detail,305966,162594,1064,0.2685,2204,0,0,,,,0,1
2026-09-15,full,/areas/36000/agriculture-production,prefecture-detail,379899,197575,1361,0.3901,1988,0,0,,,,1,0
2026-09-15,full,/areas/36000/forestry-timber,prefecture-detail,459714,242059,1607,0.4417,2383,0,0,,,,1,0
2026-09-15,full,/areas/36000/retail-commerce,prefecture-detail,218551,104748,885,0.2424,2172,0,0,,,,0,1
2026-09-15,full,/areas/36000/local-services,prefecture-detail,498148,273056,1634,0.4424,2481,0,0,,,,1,0
2026-09-15,full,/areas/36000/business-demography,prefecture-detail,330557,173668,1163,0.3277,2105,0,0,,,,1,0
2026-09-15,full,/areas/36000/innovation-patents,prefecture-detail,289686,146638,1075,0.3158,2297,0,0,,,,1,0
2026-09-15,full,/areas/36000/childcare-services,prefecture-detail,253643,126870,960,0.271,2305,0,0,,,,0,1
2026-09-15,full,/areas/36000/single-parent-households,prefecture-detail,381932,228505,1104,0.3281,2294,0,0,,,,1,0
2026-09-15,full,/areas/36000/long-term-care,prefecture-detail,258173,129094,972,0.2661,2310,0,0,,,,0,1
2026-09-15,full,/areas/36000/disability-support,prefecture-detail,272882,141529,977,0.2593,2345,0,0,,,,0,1
2026-09-15,full,/areas/36000/public-assistance,prefecture-detail,268469,135934,987,0.2679,2701,0,0,,,,0,1
2026-09-15,full,/areas/36000/health-checkups,prefecture-detail,488146,291590,1403,0.363,2232,0,0,,,,1,0
2026-09-15,full,/areas/36000/daily-time-use,prefecture-detail,305174,154401,1137,0.3361,2154,0,0,,,,1,0
2026-09-15,full,/areas/36000/household-assets-debt,prefecture-detail,290516,147067,1086,0.319,1931,0,0,,,,1,0
2026-09-15,full,/areas/36000/freight-logistics,prefecture-detail,984981,741617,1246,0.25,2143,0,0,,,,0,3
2026-09-15,full,/areas/36000/regional-transport,prefecture-detail,262999,129051,1026,0.3009,1966,0,0,,,,1,0
2026-09-15,full,/areas/36000/geographic-access,prefecture-detail,508907,350681,1095,0.2522,2256,0,0,,,,0,1
2026-09-15,full,/areas/36000/water-services,prefecture-detail,341914,177649,1222,0.3566,2552,0,0,,,,1,0
2026-09-15,full,/areas/36000/communication-access,prefecture-detail,231141,113187,901,0.25,2232,0,0,,,,0,1
2026-09-15,full,/areas/36000/regional-energy,prefecture-detail,521896,290603,1669,0.434,2701,0,0,,,,1,0
2026-09-15,full,/areas/36000/environmental-quality,prefecture-detail,1293083,964821,1458,0.403,2418,0,0,,,,1,2
2026-09-15,full,/areas/36000/natural-environment,prefecture-detail,276723,139098,1042,0.3083,2605,0,0,,,,1,0
2026-09-15,full,/areas/36000/earthquake-exposure,prefecture-detail,257948,136136,930,0.2121,1976,0,0,,,,0,1
2026-09-15,full,/areas/36000/landslide-exposure,prefecture-detail,527959,350994,1188,0.2759,2469,0,0,,,,0,1
2026-09-15,full,/areas/36000/tsunami-exposure,prefecture-detail,246385,129609,861,0.1477,3357,0,0,,,,0,0
2026-09-15,full,/areas/36000/cultural-participation,prefecture-detail,352260,179878,1284,0.374,1979,0,0,,,,1,0
2026-09-15,full,/areas/36000/sports-participation,prefecture-detail,469656,263835,1512,0.4052,1968,0,0,,,,1,0
2026-09-15,full,/areas/36000/local-government-digital,prefecture-detail,308180,164069,1061,0.2844,2246,0,0,,,,0,1
2026-09-15,full,/areas/36000/gender-participation,prefecture-detail,314569,158450,1160,0.336,2782,0,0,,,,1,0
2026-09-15,full,/areas/36000/community-participation,prefecture-detail,219587,104536,892,0.2524,2426,0,0,,,,0,1
2026-09-15,full,/areas/37000/population-dynamics,prefecture-detail,1363770,926262,3002,0.5125,1958,0,0,,,,1,2
2026-09-15,full,/areas/37000/aging-society,prefecture-detail,689970,443304,1661,0.3908,1878,0,0,,,,1,0
2026-09-15,full,/areas/37000/living-housing,prefecture-detail,1017175,586470,3046,0.5484,1872,0,0,,,,1,2
2026-09-15,full,/areas/37000/local-economy,prefecture-detail,756086,496581,1783,0.4066,2018,0,0,,,,1,0
2026-09-15,full,/areas/37000/labor-wages,prefecture-detail,509916,306769,1449,0.3735,1980,0,0,,,,1,0
2026-09-15,full,/areas/37000/manufacturing,prefecture-detail,498916,290133,1518,0.3624,1817,0,0,,,,1,0
2026-09-15,full,/areas/37000/healthcare,prefecture-detail,1428881,849565,3881,0.5669,1830,0,0,,,,1,3
2026-09-15,full,/areas/37000/safety,prefecture-detail,1355159,857719,3271,0.5226,1811,0,0,,,,1,2
2026-09-15,full,/areas/37000/education-culture,prefecture-detail,1000246,611737,2707,0.4962,1839,0,0,,,,1,2
2026-09-15,full,/areas/37000/tourism,prefecture-detail,631081,382926,1754,0.4048,1806,0,0,,,,1,0
2026-09-15,full,/areas/37000/consumer-prices,prefecture-detail,463312,272507,1385,0.3784,1923,0,0,,,,1,0
2026-09-15,full,/areas/37000/foreign-residents,prefecture-detail,371867,220456,1093,0.3071,1931,0,0,,,,1,0
2026-09-15,full,/areas/37000/occupation-salary,prefecture-detail,754704,524982,1509,0.3927,2221,0,0,,,,1,1
2026-09-15,full,/areas/37000/real-income,prefecture-detail,648224,414265,1626,0.4064,1928,0,0,,,,1,0
2026-09-15,full,/areas/37000/labor-mobility,prefecture-detail,594041,311123,2098,0.474,1902,0,0,,,,1,0
2026-09-15,full,/areas/37000/local-finance,prefecture-detail,1001422,637941,2391,0.4898,1937,0,0,,,,1,2
2026-09-15,full,/areas/37000/fishery-marine,prefecture-detail,631549,425819,1380,0.3626,1886,0,0,,,,1,0
2026-09-15,full,/areas/37000/climate,prefecture-detail,423873,237583,1353,0.3308,1787,0,0,,,,1,0
2026-09-15,full,/areas/37000/construction-industry,prefecture-detail,409249,220283,1384,0.4,2002,0,0,,,,1,0
2026-09-15,full,/areas/37000/waste-recycling,prefecture-detail,192107,91432,779,0.1957,2188,0,0,,,,0,1
2026-09-15,full,/areas/37000/information-industry,prefecture-detail,202563,96847,827,0.2188,2079,0,0,,,,0,1
2026-09-15,full,/areas/37000/land-property-market,prefecture-detail,306011,162594,1065,0.2685,2204,0,0,,,,0,1
2026-09-15,full,/areas/37000/agriculture-production,prefecture-detail,379900,197574,1361,0.3901,1988,0,0,,,,1,0
2026-09-15,full,/areas/37000/forestry-timber,prefecture-detail,459697,242057,1607,0.4417,2383,0,0,,,,1,0
2026-09-15,full,/areas/37000/retail-commerce,prefecture-detail,218567,104752,885,0.2424,2172,0,0,,,,0,1
2026-09-15,full,/areas/37000/local-services,prefecture-detail,498147,273057,1634,0.4424,2481,0,0,,,,1,0
2026-09-15,full,/areas/37000/business-demography,prefecture-detail,330558,173668,1163,0.3277,2105,0,0,,,,1,0
2026-09-15,full,/areas/37000/innovation-patents,prefecture-detail,289691,146638,1075,0.3158,2297,0,0,,,,1,0
2026-09-15,full,/areas/37000/childcare-services,prefecture-detail,253642,126870,960,0.271,2305,0,0,,,,0,1
2026-09-15,full,/areas/37000/single-parent-households,prefecture-detail,381931,228505,1104,0.3281,2294,0,0,,,,1,0
2026-09-15,full,/areas/37000/long-term-care,prefecture-detail,258170,129094,972,0.2661,2310,0,0,,,,0,1
2026-09-15,full,/areas/37000/disability-support,prefecture-detail,272864,141527,977,0.2593,2345,0,0,,,,0,1
2026-09-15,full,/areas/37000/public-assistance,prefecture-detail,268469,135934,987,0.2679,2701,0,0,,,,0,1
2026-09-15,full,/areas/37000/health-checkups,prefecture-detail,488151,291591,1403,0.363,2232,0,0,,,,1,0
2026-09-15,full,/areas/37000/daily-time-use,prefecture-detail,305174,154401,1137,0.3361,2154,0,0,,,,1,0
2026-09-15,full,/areas/37000/household-assets-debt,prefecture-detail,290515,147067,1086,0.319,1931,0,0,,,,1,0
2026-09-15,full,/areas/37000/freight-logistics,prefecture-detail,985071,741620,1246,0.25,2143,0,0,,,,0,3
2026-09-15,full,/areas/37000/regional-transport,prefecture-detail,262999,129051,1026,0.3009,1966,0,0,,,,1,0
2026-09-15,full,/areas/37000/geographic-access,prefecture-detail,508911,350682,1095,0.2522,2256,0,0,,,,0,1
2026-09-15,full,/areas/37000/water-services,prefecture-detail,341297,177649,1217,0.3566,2552,0,0,,,,1,0
2026-09-15,full,/areas/37000/communication-access,prefecture-detail,231147,113189,901,0.25,2232,0,0,,,,0,1
2026-09-15,full,/areas/37000/regional-energy,prefecture-detail,521900,290604,1669,0.434,2701,0,0,,,,1,0
2026-09-15,full,/areas/37000/environmental-quality,prefecture-detail,1302327,964821,1530,0.4406,2418,0,0,,,,1,2
2026-09-15,full,/areas/37000/natural-environment,prefecture-detail,276724,139096,1042,0.3083,2605,0,0,,,,1,0
2026-09-15,full,/areas/37000/earthquake-exposure,prefecture-detail,257975,136136,930,0.2121,1976,0,0,,,,0,1
2026-09-15,full,/areas/37000/landslide-exposure,prefecture-detail,527948,350992,1188,0.2759,2469,0,0,,,,0,1
2026-09-15,full,/areas/37000/tsunami-exposure,prefecture-detail,248631,129606,820,0.1477,3357,0,0,,,,0,0
2026-09-15,full,/areas/37000/cultural-participation,prefecture-detail,352278,179882,1284,0.374,1979,0,0,,,,1,0
2026-09-15,full,/areas/37000/sports-participation,prefecture-detail,469646,263835,1512,0.4052,1968,0,0,,,,1,0
2026-09-15,full,/areas/37000/local-government-digital,prefecture-detail,307555,164069,1056,0.2844,2246,0,0,,,,0,1
2026-09-15,full,/areas/37000/gender-participation,prefecture-detail,314571,158450,1160,0.336,2782,0,0,,,,1,0
2026-09-15,full,/areas/37000/community-participation,prefecture-detail,219565,104597,891,0.2524,2426,0,0,,,,0,1
2026-09-15,full,/areas/38000/population-dynamics,prefecture-detail,1363848,926265,3002,0.5125,1958,0,0,,,,1,2
2026-09-15,full,/areas/38000/aging-society,prefecture-detail,689976,443305,1661,0.3908,1878,0,0,,,,1,0
2026-09-15,full,/areas/38000/living-housing,prefecture-detail,1017150,586468,3046,0.5484,1872,0,0,,,,1,2
2026-09-15,full,/areas/38000/local-economy,prefecture-detail,756117,496583,1783,0.4066,2018,0,0,,,,1,0
2026-09-15,full,/areas/38000/labor-wages,prefecture-detail,509922,306769,1449,0.3735,1980,0,0,,,,1,0
2026-09-15,full,/areas/38000/manufacturing,prefecture-detail,498897,290133,1518,0.3624,1817,0,0,,,,1,0
2026-09-15,full,/areas/38000/healthcare,prefecture-detail,1428941,849563,3881,0.5669,1830,0,0,,,,1,3
2026-09-15,full,/areas/38000/safety,prefecture-detail,1355215,857719,3271,0.5226,1811,0,0,,,,1,2
2026-09-15,full,/areas/38000/education-culture,prefecture-detail,998591,611737,2693,0.5,1839,0,0,,,,1,2
2026-09-15,full,/areas/38000/tourism,prefecture-detail,631078,382926,1754,0.4048,1806,0,0,,,,1,0
2026-09-15,full,/areas/38000/consumer-prices,prefecture-detail,463312,272507,1385,0.3784,1923,0,0,,,,1,0
2026-09-15,full,/areas/38000/foreign-residents,prefecture-detail,371854,220452,1093,0.3071,1931,0,0,,,,1,0
2026-09-15,full,/areas/38000/occupation-salary,prefecture-detail,754700,524981,1509,0.3927,2221,0,0,,,,1,1
2026-09-15,full,/areas/38000/real-income,prefecture-detail,648238,414265,1626,0.4064,1928,0,0,,,,1,0
2026-09-15,full,/areas/38000/labor-mobility,prefecture-detail,594045,311125,2098,0.474,1902,0,0,,,,1,0
2026-09-15,full,/areas/38000/local-finance,prefecture-detail,1001434,637944,2391,0.4898,1937,0,0,,,,1,2
2026-09-15,full,/areas/38000/fishery-marine,prefecture-detail,631559,425820,1380,0.3626,1886,0,0,,,,1,0
2026-09-15,full,/areas/38000/climate,prefecture-detail,423686,237581,1351,0.3308,1787,0,0,,,,1,0
2026-09-15,full,/areas/38000/construction-industry,prefecture-detail,409243,220283,1384,0.4,2002,0,0,,,,1,0
2026-09-15,full,/areas/38000/waste-recycling,prefecture-detail,192107,91432,779,0.1957,2188,0,0,,,,0,1
2026-09-15,full,/areas/38000/information-industry,prefecture-detail,202561,96847,827,0.2188,2079,0,0,,,,0,1
2026-09-15,full,/areas/38000/land-property-market,prefecture-detail,305971,162594,1064,0.2685,2204,0,0,,,,0,1
2026-09-15,full,/areas/38000/agriculture-production,prefecture-detail,379893,197573,1361,0.3901,1988,0,0,,,,1,0
2026-09-15,full,/areas/38000/forestry-timber,prefecture-detail,459721,242059,1607,0.4417,2383,0,0,,,,1,0
2026-09-15,full,/areas/38000/retail-commerce,prefecture-detail,218571,104753,885,0.2424,2172,0,0,,,,0,1
2026-09-15,full,/areas/38000/local-services,prefecture-detail,498153,273058,1634,0.4424,2481,0,0,,,,1,0
2026-09-15,full,/areas/38000/business-demography,prefecture-detail,330555,173668,1163,0.3277,2105,0,0,,,,1,0
2026-09-15,full,/areas/38000/innovation-patents,prefecture-detail,289706,146640,1075,0.3158,2297,0,0,,,,1,0
2026-09-15,full,/areas/38000/childcare-services,prefecture-detail,253641,126870,960,0.271,2305,0,0,,,,0,1
2026-09-15,full,/areas/38000/single-parent-households,prefecture-detail,381928,228505,1104,0.3281,2294,0,0,,,,1,0
2026-09-15,full,/areas/38000/long-term-care,prefecture-detail,258180,129096,972,0.2661,2310,0,0,,,,0,1
2026-09-15,full,/areas/38000/disability-support,prefecture-detail,272885,141530,977,0.2593,2345,0,0,,,,0,1
2026-09-15,full,/areas/38000/public-assistance,prefecture-detail,268466,135934,987,0.2679,2701,0,0,,,,0,1
2026-09-15,full,/areas/38000/health-checkups,prefecture-detail,488147,291591,1403,0.363,2232,0,0,,,,1,0
2026-09-15,full,/areas/38000/daily-time-use,prefecture-detail,305175,154401,1137,0.3361,2154,0,0,,,,1,0
2026-09-15,full,/areas/38000/household-assets-debt,prefecture-detail,290505,147067,1086,0.319,1931,0,0,,,,1,0
2026-09-15,full,/areas/38000/freight-logistics,prefecture-detail,985032,741620,1245,0.25,2143,0,0,,,,0,3
2026-09-15,full,/areas/38000/regional-transport,prefecture-detail,263001,129051,1026,0.3009,1966,0,0,,,,1,0
2026-09-15,full,/areas/38000/geographic-access,prefecture-detail,508917,350682,1095,0.2522,2256,0,0,,,,0,1
2026-09-15,full,/areas/38000/water-services,prefecture-detail,341923,177651,1222,0.3566,2552,0,0,,,,1,0
2026-09-15,full,/areas/38000/communication-access,prefecture-detail,231149,113189,901,0.25,2232,0,0,,,,0,1
2026-09-15,full,/areas/38000/regional-energy,prefecture-detail,521912,290604,1669,0.434,2701,0,0,,,,1,0
2026-09-15,full,/areas/38000/environmental-quality,prefecture-detail,1284730,964822,1393,0.3651,2418,0,0,,,,1,2
2026-09-15,full,/areas/38000/natural-environment,prefecture-detail,276738,139098,1042,0.3083,2605,0,0,,,,1,0
2026-09-15,full,/areas/38000/earthquake-exposure,prefecture-detail,257985,136137,930,0.2121,1976,0,0,,,,0,1
2026-09-15,full,/areas/38000/landslide-exposure,prefecture-detail,527960,350994,1188,0.2759,2469,0,0,,,,0,1
2026-09-15,full,/areas/38000/tsunami-exposure,prefecture-detail,248641,129606,820,0.1477,3357,0,0,,,,0,0
2026-09-15,full,/areas/38000/cultural-participation,prefecture-detail,352273,179882,1284,0.374,1979,0,0,,,,1,0
2026-09-15,full,/areas/38000/sports-participation,prefecture-detail,469629,263831,1512,0.4052,1968,0,0,,,,1,0
2026-09-15,full,/areas/38000/local-government-digital,prefecture-detail,308180,164069,1061,0.2844,2246,0,0,,,,0,1
2026-09-15,full,/areas/38000/gender-participation,prefecture-detail,314562,158448,1160,0.336,2782,0,0,,,,1,0
2026-09-15,full,/areas/38000/community-participation,prefecture-detail,219562,104597,891,0.2524,2426,0,0,,,,0,1
2026-09-15,full,/areas/39000/population-dynamics,prefecture-detail,1363661,926262,3001,0.5125,1958,0,0,,,,1,2
2026-09-15,full,/areas/39000/aging-society,prefecture-detail,689342,443304,1656,0.3908,1878,0,0,,,,1,0
2026-09-15,full,/areas/39000/living-housing,prefecture-detail,1016547,586468,3041,0.5484,1872,0,0,,,,1,2
2026-09-15,full,/areas/39000/local-economy,prefecture-detail,756101,496583,1783,0.4066,2018,0,0,,,,1,0
2026-09-15,full,/areas/39000/labor-wages,prefecture-detail,509906,306767,1449,0.3735,1980,0,0,,,,1,0
2026-09-15,full,/areas/39000/manufacturing,prefecture-detail,498908,290131,1518,0.3624,1817,0,0,,,,1,0
2026-09-15,full,/areas/39000/healthcare,prefecture-detail,1428290,849566,3876,0.5669,1830,0,0,,,,1,3
2026-09-15,full,/areas/39000/safety,prefecture-detail,1355183,857719,3270,0.5226,1811,0,0,,,,1,2
2026-09-15,full,/areas/39000/education-culture,prefecture-detail,998849,611738,2695,0.4981,1839,0,0,,,,1,2
2026-09-15,full,/areas/39000/tourism,prefecture-detail,631077,382926,1754,0.4048,1806,0,0,,,,1,0
2026-09-15,full,/areas/39000/consumer-prices,prefecture-detail,463306,272505,1385,0.3784,1923,0,0,,,,1,0
2026-09-15,full,/areas/39000/foreign-residents,prefecture-detail,371864,220452,1093,0.3071,1931,0,0,,,,1,0
2026-09-15,full,/areas/39000/occupation-salary,prefecture-detail,754684,524979,1509,0.3927,2221,0,0,,,,1,1
2026-09-15,full,/areas/39000/real-income,prefecture-detail,648224,414265,1626,0.4064,1928,0,0,,,,1,0
2026-09-15,full,/areas/39000/labor-mobility,prefecture-detail,594040,311125,2098,0.474,1902,0,0,,,,1,0
2026-09-15,full,/areas/39000/local-finance,prefecture-detail,1001434,637944,2391,0.4898,1937,0,0,,,,1,2
2026-09-15,full,/areas/39000/fishery-marine,prefecture-detail,631563,425821,1380,0.3626,1886,0,0,,,,1,0
2026-09-15,full,/areas/39000/climate,prefecture-detail,423038,237579,1346,0.3308,1787,0,0,,,,1,0
2026-09-15,full,/areas/39000/construction-industry,prefecture-detail,409246,220283,1384,0.4,2002,0,0,,,,1,0
2026-09-15,full,/areas/39000/waste-recycling,prefecture-detail,192104,91431,779,0.1957,2188,0,0,,,,0,1
2026-09-15,full,/areas/39000/information-industry,prefecture-detail,202559,96846,827,0.2188,2079,0,0,,,,0,1
2026-09-15,full,/areas/39000/land-property-market,prefecture-detail,305968,162594,1064,0.2685,2204,0,0,,,,0,1
2026-09-15,full,/areas/39000/agriculture-production,prefecture-detail,379903,197575,1361,0.3901,1988,0,0,,,,1,0
2026-09-15,full,/areas/39000/forestry-timber,prefecture-detail,459727,242059,1607,0.4417,2383,0,0,,,,1,0
2026-09-15,full,/areas/39000/retail-commerce,prefecture-detail,218553,104748,885,0.2424,2172,0,0,,,,0,1
2026-09-15,full,/areas/39000/local-services,prefecture-detail,497524,273056,1629,0.4424,2481,0,0,,,,1,0
2026-09-15,full,/areas/39000/business-demography,prefecture-detail,330557,173668,1163,0.3277,2105,0,0,,,,1,0
2026-09-15,full,/areas/39000/innovation-patents,prefecture-detail,289677,146634,1075,0.3158,2297,0,0,,,,1,0
2026-09-15,full,/areas/39000/childcare-services,prefecture-detail,253020,126870,955,0.271,2305,0,0,,,,0,1
2026-09-15,full,/areas/39000/single-parent-households,prefecture-detail,381930,228505,1104,0.3281,2294,0,0,,,,1,0
2026-09-15,full,/areas/39000/long-term-care,prefecture-detail,258172,129094,972,0.2661,2310,0,0,,,,0,1
2026-09-15,full,/areas/39000/disability-support,prefecture-detail,272265,141532,972,0.2593,2345,0,0,,,,0,1
2026-09-15,full,/areas/39000/public-assistance,prefecture-detail,267843,135934,982,0.2679,2701,0,0,,,,0,1
2026-09-15,full,/areas/39000/health-checkups,prefecture-detail,488142,291589,1403,0.363,2232,0,0,,,,1,0
2026-09-15,full,/areas/39000/daily-time-use,prefecture-detail,305173,154401,1137,0.3361,2154,0,0,,,,1,0
2026-09-15,full,/areas/39000/household-assets-debt,prefecture-detail,290514,147067,1086,0.319,1931,0,0,,,,1,0
2026-09-15,full,/areas/39000/freight-logistics,prefecture-detail,984996,741619,1246,0.25,2143,0,0,,,,0,3
2026-09-15,full,/areas/39000/regional-transport,prefecture-detail,263001,129051,1026,0.3009,1966,0,0,,,,1,0
2026-09-15,full,/areas/39000/geographic-access,prefecture-detail,508912,350682,1095,0.2522,2256,0,0,,,,0,1
2026-09-15,full,/areas/39000/water-services,prefecture-detail,341924,177650,1222,0.3566,2552,0,0,,,,1,0
2026-09-15,full,/areas/39000/communication-access,prefecture-detail,231143,113187,901,0.25,2232,0,0,,,,0,1
2026-09-15,full,/areas/39000/regional-energy,prefecture-detail,521893,290602,1669,0.434,2701,0,0,,,,1,0
2026-09-15,full,/areas/39000/environmental-quality,prefecture-detail,1316024,964819,1633,0.4872,2418,0,0,,,,1,2
2026-09-15,full,/areas/39000/natural-environment,prefecture-detail,276730,139098,1042,0.3083,2605,0,0,,,,1,0
2026-09-15,full,/areas/39000/earthquake-exposure,prefecture-detail,257325,136136,925,0.2121,1976,0,0,,,,0,1
2026-09-15,full,/areas/39000/landslide-exposure,prefecture-detail,528110,350994,1188,0.2759,2469,0,0,,,,0,1
2026-09-15,full,/areas/39000/tsunami-exposure,prefecture-detail,248657,129608,820,0.1477,3357,0,0,,,,0,0
2026-09-15,full,/areas/39000/cultural-participation,prefecture-detail,352278,179882,1284,0.374,1979,0,0,,,,1,0
2026-09-15,full,/areas/39000/sports-participation,prefecture-detail,469641,263833,1512,0.4052,1968,0,0,,,,1,0
2026-09-15,full,/areas/39000/local-government-digital,prefecture-detail,308178,164069,1061,0.2844,2246,0,0,,,,0,1
2026-09-15,full,/areas/39000/gender-participation,prefecture-detail,313944,158448,1155,0.336,2782,0,0,,,,1,0
2026-09-15,full,/areas/39000/community-participation,prefecture-detail,219565,104597,891,0.2524,2426,0,0,,,,0,1
2026-09-15,full,/areas/40000/population-dynamics,prefecture-detail,1364015,926264,3001,0.5125,1958,0,0,,,,1,2
2026-09-15,full,/areas/40000/aging-society,prefecture-detail,690014,443305,1661,0.3908,1878,0,0,,,,1,0
2026-09-15,full,/areas/40000/living-housing,prefecture-detail,1017257,586470,3046,0.5484,1872,0,0,,,,1,2
2026-09-15,full,/areas/40000/local-economy,prefecture-detail,756139,496583,1783,0.4066,2018,0,0,,,,1,0
2026-09-15,full,/areas/40000/labor-wages,prefecture-detail,509910,306769,1449,0.3735,1980,0,0,,,,1,0
2026-09-15,full,/areas/40000/manufacturing,prefecture-detail,498940,290136,1518,0.3624,1817,0,0,,,,1,0
2026-09-15,full,/areas/40000/healthcare,prefecture-detail,1429138,849565,3881,0.5669,1830,0,0,,,,1,3
2026-09-15,full,/areas/40000/safety,prefecture-detail,1355262,857721,3271,0.5226,1811,0,0,,,,1,2
2026-09-15,full,/areas/40000/education-culture,prefecture-detail,1004481,611738,2743,0.4888,1839,0,0,,,,1,2
2026-09-15,full,/areas/40000/tourism,prefecture-detail,632978,382927,1766,0.4048,1806,0,0,,,,1,0
2026-09-15,full,/areas/40000/consumer-prices,prefecture-detail,463297,272504,1385,0.3784,1923,0,0,,,,1,0
2026-09-15,full,/areas/40000/foreign-residents,prefecture-detail,371883,220457,1093,0.3071,1931,0,0,,,,1,0
2026-09-15,full,/areas/40000/occupation-salary,prefecture-detail,754698,524982,1509,0.3927,2221,0,0,,,,1,1
2026-09-15,full,/areas/40000/real-income,prefecture-detail,648235,414265,1626,0.4064,1928,0,0,,,,1,0
2026-09-15,full,/areas/40000/labor-mobility,prefecture-detail,594034,311123,2098,0.474,1902,0,0,,,,1,0
2026-09-15,full,/areas/40000/local-finance,prefecture-detail,1001426,637943,2391,0.4898,1937,0,0,,,,1,2
2026-09-15,full,/areas/40000/fishery-marine,prefecture-detail,631561,425820,1380,0.3626,1886,0,0,,,,1,0
2026-09-15,full,/areas/40000/climate,prefecture-detail,423854,237579,1353,0.3308,1787,0,0,,,,1,0
2026-09-15,full,/areas/40000/construction-industry,prefecture-detail,409280,220288,1384,0.4,2002,0,0,,,,1,0
2026-09-15,full,/areas/40000/waste-recycling,prefecture-detail,192122,91435,779,0.1957,2188,0,0,,,,0,1
2026-09-15,full,/areas/40000/information-industry,prefecture-detail,201957,96850,822,0.2188,2079,0,0,,,,0,1
2026-09-15,full,/areas/40000/land-property-market,prefecture-detail,305993,162596,1064,0.2685,2204,0,0,,,,0,1
2026-09-15,full,/areas/40000/agriculture-production,prefecture-detail,379899,197573,1361,0.3901,1988,0,0,,,,1,0
2026-09-15,full,/areas/40000/forestry-timber,prefecture-detail,459723,242059,1607,0.4417,2383,0,0,,,,1,0
2026-09-15,full,/areas/40000/retail-commerce,prefecture-detail,218575,104753,885,0.2424,2172,0,0,,,,0,1
2026-09-15,full,/areas/40000/local-services,prefecture-detail,498179,273058,1634,0.4424,2481,0,0,,,,1,0
2026-09-15,full,/areas/40000/business-demography,prefecture-detail,330577,173670,1163,0.3277,2105,0,0,,,,1,0
2026-09-15,full,/areas/40000/innovation-patents,prefecture-detail,289730,146642,1075,0.3158,2297,0,0,,,,1,0
2026-09-15,full,/areas/40000/childcare-services,prefecture-detail,253644,126870,960,0.271,2305,0,0,,,,0,1
2026-09-15,full,/areas/40000/single-parent-households,prefecture-detail,381946,228506,1104,0.3281,2294,0,0,,,,1,0
2026-09-15,full,/areas/40000/long-term-care,prefecture-detail,258181,129097,972,0.2661,2310,0,0,,,,0,1
2026-09-15,full,/areas/40000/disability-support,prefecture-detail,272886,141530,977,0.2593,2345,0,0,,,,0,1
2026-09-15,full,/areas/40000/public-assistance,prefecture-detail,267847,135935,982,0.2679,2701,0,0,,,,0,1
2026-09-15,full,/areas/40000/health-checkups,prefecture-detail,488148,291591,1403,0.363,2232,0,0,,,,1,0
2026-09-15,full,/areas/40000/daily-time-use,prefecture-detail,305177,154401,1137,0.3361,2154,0,0,,,,1,0
2026-09-15,full,/areas/40000/household-assets-debt,prefecture-detail,290509,147067,1086,0.319,1931,0,0,,,,1,0
2026-09-15,full,/areas/40000/freight-logistics,prefecture-detail,985184,741621,1246,0.25,2143,0,0,,,,0,3
2026-09-15,full,/areas/40000/regional-transport,prefecture-detail,263023,129055,1026,0.3009,1966,0,0,,,,1,0
2026-09-15,full,/areas/40000/geographic-access,prefecture-detail,508940,350685,1095,0.2522,2256,0,0,,,,0,1
2026-09-15,full,/areas/40000/water-services,prefecture-detail,341933,177651,1222,0.3566,2552,0,0,,,,1,0
2026-09-15,full,/areas/40000/communication-access,prefecture-detail,231158,113190,901,0.25,2232,0,0,,,,0,1
2026-09-15,full,/areas/40000/regional-energy,prefecture-detail,521920,290605,1669,0.434,2701,0,0,,,,1,0
2026-09-15,full,/areas/40000/environmental-quality,prefecture-detail,1400469,964821,2284,0.6624,2418,0,0,,,,1,2
2026-09-15,full,/areas/40000/natural-environment,prefecture-detail,276733,139098,1042,0.3083,2605,0,0,,,,1,0
2026-09-15,full,/areas/40000/earthquake-exposure,prefecture-detail,258015,136137,930,0.2121,1976,0,0,,,,0,1
2026-09-15,full,/areas/40000/landslide-exposure,prefecture-detail,528314,350994,1188,0.2759,2469,0,0,,,,0,1
2026-09-15,full,/areas/40000/tsunami-exposure,prefecture-detail,248636,129605,820,0.1477,3357,0,0,,,,0,0
2026-09-15,full,/areas/40000/cultural-participation,prefecture-detail,352281,179883,1284,0.374,1979,0,0,,,,1,0
2026-09-15,full,/areas/40000/sports-participation,prefecture-detail,469635,263833,1512,0.4052,1968,0,0,,,,1,0
2026-09-15,full,/areas/40000/local-government-digital,prefecture-detail,308190,164069,1061,0.2844,2246,0,0,,,,0,1
2026-09-15,full,/areas/40000/gender-participation,prefecture-detail,314567,158448,1160,0.336,2782,0,0,,,,1,0
2026-09-15,full,/areas/40000/community-participation,prefecture-detail,219583,104536,892,0.2524,2426,0,0,,,,0,1
2026-09-15,full,/areas/41000/population-dynamics,prefecture-detail,1363714,926263,3002,0.5125,1958,0,0,,,,1,2
2026-09-15,full,/areas/41000/aging-society,prefecture-detail,690003,443301,1661,0.3908,1878,0,0,,,,1,0
2026-09-15,full,/areas/41000/living-housing,prefecture-detail,1017183,586470,3046,0.5484,1872,0,0,,,,1,2
2026-09-15,full,/areas/41000/local-economy,prefecture-detail,756111,496583,1783,0.4066,2018,0,0,,,,1,0
2026-09-15,full,/areas/41000/labor-wages,prefecture-detail,509907,306767,1449,0.3735,1980,0,0,,,,1,0
2026-09-15,full,/areas/41000/manufacturing,prefecture-detail,498905,290133,1518,0.3624,1817,0,0,,,,1,0
2026-09-15,full,/areas/41000/healthcare,prefecture-detail,1428903,849566,3881,0.5669,1830,0,0,,,,1,3
2026-09-15,full,/areas/41000/safety,prefecture-detail,1355173,857719,3271,0.5226,1811,0,0,,,,1,2
2026-09-15,full,/areas/41000/education-culture,prefecture-detail,1001959,611737,2722,0.4943,1839,0,0,,,,1,2
2026-09-15,full,/areas/41000/tourism,prefecture-detail,631069,382926,1754,0.4048,1806,0,0,,,,1,0
2026-09-15,full,/areas/41000/consumer-prices,prefecture-detail,463306,272506,1385,0.3784,1923,0,0,,,,1,0
2026-09-15,full,/areas/41000/foreign-residents,prefecture-detail,371855,220451,1093,0.3071,1931,0,0,,,,1,0
2026-09-15,full,/areas/41000/occupation-salary,prefecture-detail,754705,524982,1509,0.3927,2221,0,0,,,,1,1
2026-09-15,full,/areas/41000/real-income,prefecture-detail,648234,414265,1626,0.4064,1928,0,0,,,,1,0
2026-09-15,full,/areas/41000/labor-mobility,prefecture-detail,594031,311125,2098,0.474,1902,0,0,,,,1,0
2026-09-15,full,/areas/41000/local-finance,prefecture-detail,1001451,637943,2391,0.4898,1937,0,0,,,,1,2
2026-09-15,full,/areas/41000/fishery-marine,prefecture-detail,631549,425817,1380,0.3626,1886,0,0,,,,1,0
2026-09-15,full,/areas/41000/climate,prefecture-detail,423679,237581,1351,0.3308,1787,0,0,,,,1,0
2026-09-15,full,/areas/41000/construction-industry,prefecture-detail,409249,220283,1384,0.4,2002,0,0,,,,1,0
2026-09-15,full,/areas/41000/waste-recycling,prefecture-detail,192096,91429,779,0.1957,2188,0,0,,,,0,1
2026-09-15,full,/areas/41000/information-industry,prefecture-detail,202559,96846,827,0.2188,2079,0,0,,,,0,1
2026-09-15,full,/areas/41000/land-property-market,prefecture-detail,305961,162594,1064,0.2685,2204,0,0,,,,0,1
2026-09-15,full,/areas/41000/agriculture-production,prefecture-detail,379904,197575,1361,0.3901,1988,0,0,,,,1,0
2026-09-15,full,/areas/41000/forestry-timber,prefecture-detail,459714,242059,1607,0.4417,2383,0,0,,,,1,0
2026-09-15,full,/areas/41000/retail-commerce,prefecture-detail,218559,104750,885,0.2424,2172,0,0,,,,0,1
2026-09-15,full,/areas/41000/local-services,prefecture-detail,498147,273056,1634,0.4424,2481,0,0,,,,1,0
2026-09-15,full,/areas/41000/business-demography,prefecture-detail,330559,173668,1163,0.3277,2105,0,0,,,,1,0
2026-09-15,full,/areas/41000/innovation-patents,prefecture-detail,289682,146635,1075,0.3158,2297,0,0,,,,1,0
2026-09-15,full,/areas/41000/childcare-services,prefecture-detail,253638,126870,960,0.271,2305,0,0,,,,0,1
2026-09-15,full,/areas/41000/single-parent-households,prefecture-detail,381932,228505,1104,0.3281,2294,0,0,,,,1,0
2026-09-15,full,/areas/41000/long-term-care,prefecture-detail,258167,129093,972,0.2661,2310,0,0,,,,0,1
2026-09-15,full,/areas/41000/disability-support,prefecture-detail,272866,141527,977,0.2593,2345,0,0,,,,0,1
2026-09-15,full,/areas/41000/public-assistance,prefecture-detail,268467,135933,987,0.2679,2701,0,0,,,,0,1
2026-09-15,full,/areas/41000/health-checkups,prefecture-detail,488137,291590,1403,0.363,2232,0,0,,,,1,0
2026-09-15,full,/areas/41000/daily-time-use,prefecture-detail,305177,154401,1137,0.3361,2154,0,0,,,,1,0
2026-09-15,full,/areas/41000/household-assets-debt,prefecture-detail,290513,147067,1086,0.319,1931,0,0,,,,1,0
2026-09-15,full,/areas/41000/freight-logistics,prefecture-detail,985108,741618,1246,0.25,2143,0,0,,,,0,3
2026-09-15,full,/areas/41000/regional-transport,prefecture-detail,263002,129051,1026,0.3009,1966,0,0,,,,1,0
2026-09-15,full,/areas/41000/geographic-access,prefecture-detail,508908,350681,1095,0.2522,2256,0,0,,,,0,1
2026-09-15,full,/areas/41000/water-services,prefecture-detail,341920,177650,1222,0.3566,2552,0,0,,,,1,0
2026-09-15,full,/areas/41000/communication-access,prefecture-detail,231149,113189,901,0.25,2232,0,0,,,,0,1
2026-09-15,full,/areas/41000/regional-energy,prefecture-detail,521886,290601,1669,0.434,2701,0,0,,,,1,0
2026-09-15,full,/areas/41000/environmental-quality,prefecture-detail,1324339,964821,1699,0.5122,2418,0,0,,,,1,2
2026-09-15,full,/areas/41000/natural-environment,prefecture-detail,276732,139098,1042,0.3083,2605,0,0,,,,1,0
2026-09-15,full,/areas/41000/earthquake-exposure,prefecture-detail,257985,136136,930,0.2121,1976,0,0,,,,0,1
2026-09-15,full,/areas/41000/landslide-exposure,prefecture-detail,527941,350994,1188,0.2759,2469,0,0,,,,0,1
2026-09-15,full,/areas/41000/tsunami-exposure,prefecture-detail,243817,129605,842,0.1477,3357,0,0,,,,0,0
2026-09-15,full,/areas/41000/cultural-participation,prefecture-detail,352283,179883,1284,0.374,1979,0,0,,,,1,0
2026-09-15,full,/areas/41000/sports-participation,prefecture-detail,469643,263835,1512,0.4052,1968,0,0,,,,1,0
2026-09-15,full,/areas/41000/local-government-digital,prefecture-detail,308176,164069,1061,0.2844,2246,0,0,,,,0,1
2026-09-15,full,/areas/41000/gender-participation,prefecture-detail,314563,158448,1160,0.336,2782,0,0,,,,1,0
2026-09-15,full,/areas/41000/community-participation,prefecture-detail,218937,104596,886,0.2524,2426,0,0,,,,0,1
2026-09-15,full,/areas/42000/population-dynamics,prefecture-detail,1363821,926264,3002,0.5125,1958,0,0,,,,1,2
2026-09-15,full,/areas/42000/aging-society,prefecture-detail,690013,443305,1661,0.3908,1878,0,0,,,,1,0
2026-09-15,full,/areas/42000/living-housing,prefecture-detail,1017200,586470,3046,0.5484,1872,0,0,,,,1,2
2026-09-15,full,/areas/42000/local-economy,prefecture-detail,756116,496583,1783,0.4066,2018,0,0,,,,1,0
2026-09-15,full,/areas/42000/labor-wages,prefecture-detail,509911,306769,1449,0.3735,1980,0,0,,,,1,0
2026-09-15,full,/areas/42000/manufacturing,prefecture-detail,498817,290133,1517,0.3624,1817,0,0,,,,1,0
2026-09-15,full,/areas/42000/healthcare,prefecture-detail,1428342,849565,3876,0.5669,1830,0,0,,,,1,3
2026-09-15,full,/areas/42000/safety,prefecture-detail,1355212,857719,3271,0.5226,1811,0,0,,,,1,2
2026-09-15,full,/areas/42000/education-culture,prefecture-detail,1001051,611738,2714,0.4943,1839,0,0,,,,1,2
2026-09-15,full,/areas/42000/tourism,prefecture-detail,639890,382926,1814,0.4048,1806,0,0,,,,1,0
2026-09-15,full,/areas/42000/consumer-prices,prefecture-detail,463306,272507,1385,0.3784,1923,0,0,,,,1,0
2026-09-15,full,/areas/42000/foreign-residents,prefecture-detail,371865,220453,1093,0.3071,1931,0,0,,,,1,0
2026-09-15,full,/areas/42000/occupation-salary,prefecture-detail,754707,524982,1509,0.3927,2221,0,0,,,,1,1
2026-09-15,full,/areas/42000/real-income,prefecture-detail,648232,414265,1626,0.4064,1928,0,0,,,,1,0
2026-09-15,full,/areas/42000/labor-mobility,prefecture-detail,594036,311125,2098,0.474,1902,0,0,,,,1,0
2026-09-15,full,/areas/42000/local-finance,prefecture-detail,1001438,637944,2391,0.4898,1937,0,0,,,,1,2
2026-09-15,full,/areas/42000/fishery-marine,prefecture-detail,630945,425821,1375,0.3626,1886,0,0,,,,1,0
2026-09-15,full,/areas/42000/climate,prefecture-detail,423688,237581,1351,0.3308,1787,0,0,,,,1,0
2026-09-15,full,/areas/42000/construction-industry,prefecture-detail,409236,220283,1384,0.4,2002,0,0,,,,1,0
2026-09-15,full,/areas/42000/waste-recycling,prefecture-detail,192106,91432,779,0.1957,2188,0,0,,,,0,1
2026-09-15,full,/areas/42000/information-industry,prefecture-detail,202563,96847,827,0.2188,2079,0,0,,,,0,1
2026-09-15,full,/areas/42000/land-property-market,prefecture-detail,305959,162594,1064,0.2685,2204,0,0,,,,0,1
2026-09-15,full,/areas/42000/agriculture-production,prefecture-detail,379905,197575,1361,0.3901,1988,0,0,,,,1,0
2026-09-15,full,/areas/42000/forestry-timber,prefecture-detail,459716,242059,1607,0.4417,2383,0,0,,,,1,0
2026-09-15,full,/areas/42000/retail-commerce,prefecture-detail,218572,104753,885,0.2424,2172,0,0,,,,0,1
2026-09-15,full,/areas/42000/local-services,prefecture-detail,498141,273055,1634,0.4424,2481,0,0,,,,1,0
2026-09-15,full,/areas/42000/business-demography,prefecture-detail,330552,173668,1163,0.3277,2105,0,0,,,,1,0
2026-09-15,full,/areas/42000/innovation-patents,prefecture-detail,289682,146635,1075,0.3158,2297,0,0,,,,1,0
2026-09-15,full,/areas/42000/childcare-services,prefecture-detail,253639,126870,960,0.271,2305,0,0,,,,0,1
2026-09-15,full,/areas/42000/single-parent-households,prefecture-detail,381930,228505,1104,0.3281,2294,0,0,,,,1,0
2026-09-15,full,/areas/42000/long-term-care,prefecture-detail,258177,129095,972,0.2661,2310,0,0,,,,0,1
2026-09-15,full,/areas/42000/disability-support,prefecture-detail,272273,141532,972,0.2593,2345,0,0,,,,0,1
2026-09-15,full,/areas/42000/public-assistance,prefecture-detail,268463,135934,987,0.2679,2701,0,0,,,,0,1
2026-09-15,full,/areas/42000/health-checkups,prefecture-detail,488151,291591,1403,0.363,2232,0,0,,,,1,0
2026-09-15,full,/areas/42000/daily-time-use,prefecture-detail,305175,154401,1137,0.3361,2154,0,0,,,,1,0
2026-09-15,full,/areas/42000/household-assets-debt,prefecture-detail,290501,147065,1086,0.319,1931,0,0,,,,1,0
2026-09-15,full,/areas/42000/freight-logistics,prefecture-detail,984987,741619,1246,0.25,2143,0,0,,,,0,3
2026-09-15,full,/areas/42000/regional-transport,prefecture-detail,263007,129052,1026,0.3009,1966,0,0,,,,1,0
2026-09-15,full,/areas/42000/geographic-access,prefecture-detail,508921,350683,1095,0.2522,2256,0,0,,,,0,1
2026-09-15,full,/areas/42000/water-services,prefecture-detail,341912,177651,1222,0.3566,2552,0,0,,,,1,0
2026-09-15,full,/areas/42000/communication-access,prefecture-detail,231147,113189,901,0.25,2232,0,0,,,,0,1
2026-09-15,full,/areas/42000/regional-energy,prefecture-detail,521894,290602,1669,0.434,2701,0,0,,,,1,0
2026-09-15,full,/areas/42000/environmental-quality,prefecture-detail,1324041,964821,1697,0.5122,2418,0,0,,,,1,2
2026-09-15,full,/areas/42000/natural-environment,prefecture-detail,276731,139098,1042,0.3083,2605,0,0,,,,1,0
2026-09-15,full,/areas/42000/earthquake-exposure,prefecture-detail,258047,136136,930,0.2121,1976,0,0,,,,0,1
2026-09-15,full,/areas/42000/landslide-exposure,prefecture-detail,527762,350994,1183,0.2759,2469,0,0,,,,0,1
2026-09-15,full,/areas/42000/tsunami-exposure,prefecture-detail,248629,129604,820,0.1477,3357,0,0,,,,0,0
2026-09-15,full,/areas/42000/cultural-participation,prefecture-detail,352269,179882,1284,0.374,1979,0,0,,,,1,0
2026-09-15,full,/areas/42000/sports-participation,prefecture-detail,469642,263833,1512,0.4052,1968,0,0,,,,1,0
2026-09-15,full,/areas/42000/local-government-digital,prefecture-detail,308178,164069,1061,0.2844,2246,0,0,,,,0,1
2026-09-15,full,/areas/42000/gender-participation,prefecture-detail,314572,158450,1160,0.336,2782,0,0,,,,1,0
2026-09-15,full,/areas/42000/community-participation,prefecture-detail,219551,104594,891,0.2524,2426,0,0,,,,0,1
2026-09-15,full,/areas/43000/population-dynamics,prefecture-detail,1363791,926265,3001,0.5125,1958,0,0,,,,1,2
2026-09-15,full,/areas/43000/aging-society,prefecture-detail,690017,443305,1661,0.3908,1878,0,0,,,,1,0
2026-09-15,full,/areas/43000/living-housing,prefecture-detail,1017202,586468,3046,0.5484,1872,0,0,,,,1,2
2026-09-15,full,/areas/43000/local-economy,prefecture-detail,756109,496583,1783,0.4066,2018,0,0,,,,1,0
2026-09-15,full,/areas/43000/labor-wages,prefecture-detail,509923,306769,1449,0.3735,1980,0,0,,,,1,0
2026-09-15,full,/areas/43000/manufacturing,prefecture-detail,498916,290135,1518,0.3624,1817,0,0,,,,1,0
2026-09-15,full,/areas/43000/healthcare,prefecture-detail,1428997,849565,3881,0.5669,1830,0,0,,,,1,3
2026-09-15,full,/areas/43000/safety,prefecture-detail,1355220,857719,3271,0.5226,1811,0,0,,,,1,2
2026-09-15,full,/areas/43000/education-culture,prefecture-detail,999457,611737,2700,0.4981,1839,0,0,,,,1,2
2026-09-15,full,/areas/43000/tourism,prefecture-detail,632856,382928,1766,0.4048,1806,0,0,,,,1,0
2026-09-15,full,/areas/43000/consumer-prices,prefecture-detail,463316,272508,1385,0.3784,1923,0,0,,,,1,0
2026-09-15,full,/areas/43000/foreign-residents,prefecture-detail,371869,220454,1093,0.3071,1931,0,0,,,,1,0
2026-09-15,full,/areas/43000/occupation-salary,prefecture-detail,754702,524982,1509,0.3927,2221,0,0,,,,1,1
2026-09-15,full,/areas/43000/real-income,prefecture-detail,648237,414265,1626,0.4064,1928,0,0,,,,1,0
2026-09-15,full,/areas/43000/labor-mobility,prefecture-detail,594031,311123,2098,0.474,1902,0,0,,,,1,0
2026-09-15,full,/areas/43000/local-finance,prefecture-detail,1001420,637943,2391,0.4898,1937,0,0,,,,1,2
2026-09-15,full,/areas/43000/fishery-marine,prefecture-detail,631561,425820,1380,0.3626,1886,0,0,,,,1,0
2026-09-15,full,/areas/43000/climate,prefecture-detail,423679,237581,1351,0.3308,1787,0,0,,,,1,0
2026-09-15,full,/areas/43000/construction-industry,prefecture-detail,409240,220283,1384,0.4,2002,0,0,,,,1,0
2026-09-15,full,/areas/43000/waste-recycling,prefecture-detail,192103,91432,779,0.1957,2188,0,0,,,,0,1
2026-09-15,full,/areas/43000/information-industry,prefecture-detail,202560,96847,827,0.2188,2079,0,0,,,,0,1
2026-09-15,full,/areas/43000/land-property-market,prefecture-detail,305964,162594,1064,0.2685,2204,0,0,,,,0,1
2026-09-15,full,/areas/43000/agriculture-production,prefecture-detail,379913,197575,1361,0.3901,1988,0,0,,,,1,0
2026-09-15,full,/areas/43000/forestry-timber,prefecture-detail,459741,242061,1607,0.4417,2383,0,0,,,,1,0
2026-09-15,full,/areas/43000/retail-commerce,prefecture-detail,218569,104753,885,0.2424,2172,0,0,,,,0,1
2026-09-15,full,/areas/43000/local-services,prefecture-detail,498145,273056,1634,0.4424,2481,0,0,,,,1,0
2026-09-15,full,/areas/43000/business-demography,prefecture-detail,330564,173670,1163,0.3277,2105,0,0,,,,1,0
2026-09-15,full,/areas/43000/innovation-patents,prefecture-detail,289691,146638,1075,0.3158,2297,0,0,,,,1,0
2026-09-15,full,/areas/43000/childcare-services,prefecture-detail,253618,126866,960,0.271,2305,0,0,,,,0,1
2026-09-15,full,/areas/43000/single-parent-households,prefecture-detail,381939,228506,1104,0.3281,2294,0,0,,,,1,0
2026-09-15,full,/areas/43000/long-term-care,prefecture-detail,258182,129097,972,0.2661,2310,0,0,,,,0,1
2026-09-15,full,/areas/43000/disability-support,prefecture-detail,272263,141530,972,0.2593,2345,0,0,,,,0,1
2026-09-15,full,/areas/43000/public-assistance,prefecture-detail,268467,135934,987,0.2679,2701,0,0,,,,0,1
2026-09-15,full,/areas/43000/health-checkups,prefecture-detail,488157,291590,1403,0.363,2232,0,0,,,,1,0
2026-09-15,full,/areas/43000/daily-time-use,prefecture-detail,305175,154401,1137,0.3361,2154,0,0,,,,1,0
2026-09-15,full,/areas/43000/household-assets-debt,prefecture-detail,290510,147067,1086,0.319,1931,0,0,,,,1,0
2026-09-15,full,/areas/43000/freight-logistics,prefecture-detail,985102,741620,1246,0.25,2143,0,0,,,,0,3
2026-09-15,full,/areas/43000/regional-transport,prefecture-detail,263005,129052,1026,0.3009,1966,0,0,,,,1,0
2026-09-15,full,/areas/43000/geographic-access,prefecture-detail,508922,350683,1095,0.2522,2256,0,0,,,,0,1
2026-09-15,full,/areas/43000/water-services,prefecture-detail,341911,177650,1222,0.3566,2552,0,0,,,,1,0
2026-09-15,full,/areas/43000/communication-access,prefecture-detail,231151,113191,901,0.25,2232,0,0,,,,0,1
2026-09-15,full,/areas/43000/regional-energy,prefecture-detail,521900,290604,1669,0.434,2701,0,0,,,,1,0
2026-09-15,full,/areas/43000/environmental-quality,prefecture-detail,1318923,964821,1657,0.4969,2418,0,0,,,,1,2
2026-09-15,full,/areas/43000/natural-environment,prefecture-detail,276743,139100,1042,0.3083,2605,0,0,,,,1,0
2026-09-15,full,/areas/43000/earthquake-exposure,prefecture-detail,257371,136137,925,0.2121,1976,0,0,,,,0,1
2026-09-15,full,/areas/43000/landslide-exposure,prefecture-detail,527351,350994,1183,0.2759,2469,0,0,,,,0,1
2026-09-15,full,/areas/43000/tsunami-exposure,prefecture-detail,244700,129605,848,0.1477,3357,0,0,,,,0,0
2026-09-15,full,/areas/43000/cultural-participation,prefecture-detail,352272,179882,1284,0.374,1979,0,0,,,,1,0
2026-09-15,full,/areas/43000/sports-participation,prefecture-detail,469646,263835,1512,0.4052,1968,0,0,,,,1,0
2026-09-15,full,/areas/43000/local-government-digital,prefecture-detail,308178,164069,1061,0.2844,2246,0,0,,,,0,1
2026-09-15,full,/areas/43000/gender-participation,prefecture-detail,314567,158448,1160,0.336,2782,0,0,,,,1,0
2026-09-15,full,/areas/43000/community-participation,prefecture-detail,219564,104598,891,0.2524,2426,0,0,,,,0,1
2026-09-15,full,/areas/44000/population-dynamics,prefecture-detail,1363793,926265,3002,0.5125,1958,0,0,,,,1,2
2026-09-15,full,/areas/44000/aging-society,prefecture-detail,690017,443303,1661,0.3908,1878,0,0,,,,1,0
2026-09-15,full,/areas/44000/living-housing,prefecture-detail,1017196,586470,3046,0.5484,1872,0,0,,,,1,2
2026-09-15,full,/areas/44000/local-economy,prefecture-detail,756109,496583,1783,0.4066,2018,0,0,,,,1,0
2026-09-15,full,/areas/44000/labor-wages,prefecture-detail,509911,306767,1449,0.3735,1980,0,0,,,,1,0
2026-09-15,full,/areas/44000/manufacturing,prefecture-detail,498822,290135,1517,0.3624,1817,0,0,,,,1,0
2026-09-15,full,/areas/44000/healthcare,prefecture-detail,1428987,849566,3881,0.5669,1830,0,0,,,,1,3
2026-09-15,full,/areas/44000/safety,prefecture-detail,1355223,857719,3271,0.5226,1811,0,0,,,,1,2
2026-09-15,full,/areas/44000/education-culture,prefecture-detail,998670,611737,2693,0.5,1839,0,0,,,,1,2
2026-09-15,full,/areas/44000/tourism,prefecture-detail,632818,382928,1765,0.4048,1806,0,0,,,,1,0
2026-09-15,full,/areas/44000/consumer-prices,prefecture-detail,463314,272506,1385,0.3784,1923,0,0,,,,1,0
2026-09-15,full,/areas/44000/foreign-residents,prefecture-detail,371868,220454,1093,0.3071,1931,0,0,,,,1,0
2026-09-15,full,/areas/44000/occupation-salary,prefecture-detail,754700,524982,1509,0.3927,2221,0,0,,,,1,1
2026-09-15,full,/areas/44000/real-income,prefecture-detail,648232,414265,1626,0.4064,1928,0,0,,,,1,0
2026-09-15,full,/areas/44000/labor-mobility,prefecture-detail,594030,311125,2098,0.474,1902,0,0,,,,1,0
2026-09-15,full,/areas/44000/local-finance,prefecture-detail,1001424,637943,2391,0.4898,1937,0,0,,,,1,2
2026-09-15,full,/areas/44000/fishery-marine,prefecture-detail,631558,425820,1380,0.3626,1886,0,0,,,,1,0
2026-09-15,full,/areas/44000/climate,prefecture-detail,423676,237581,1351,0.3308,1787,0,0,,,,1,0
2026-09-15,full,/areas/44000/construction-industry,prefecture-detail,409245,220283,1384,0.4,2002,0,0,,,,1,0
2026-09-15,full,/areas/44000/waste-recycling,prefecture-detail,192105,91432,779,0.1957,2188,0,0,,,,0,1
2026-09-15,full,/areas/44000/information-industry,prefecture-detail,202563,96847,827,0.2188,2079,0,0,,,,0,1
2026-09-15,full,/areas/44000/land-property-market,prefecture-detail,305968,162594,1064,0.2685,2204,0,0,,,,0,1
2026-09-15,full,/areas/44000/agriculture-production,prefecture-detail,379904,197575,1361,0.3901,1988,0,0,,,,1,0
2026-09-15,full,/areas/44000/forestry-timber,prefecture-detail,459743,242059,1607,0.4417,2383,0,0,,,,1,0
2026-09-15,full,/areas/44000/retail-commerce,prefecture-detail,218567,104752,885,0.2424,2172,0,0,,,,0,1
2026-09-15,full,/areas/44000/local-services,prefecture-detail,498145,273057,1634,0.4424,2481,0,0,,,,1,0
2026-09-15,full,/areas/44000/business-demography,prefecture-detail,330553,173667,1163,0.3277,2105,0,0,,,,1,0
2026-09-15,full,/areas/44000/innovation-patents,prefecture-detail,289677,146634,1075,0.3158,2297,0,0,,,,1,0
2026-09-15,full,/areas/44000/childcare-services,prefecture-detail,253631,126868,960,0.271,2305,0,0,,,,0,1
2026-09-15,full,/areas/44000/single-parent-households,prefecture-detail,381929,228504,1104,0.3281,2294,0,0,,,,1,0
2026-09-15,full,/areas/44000/long-term-care,prefecture-detail,258181,129096,972,0.2661,2310,0,0,,,,0,1
2026-09-15,full,/areas/44000/disability-support,prefecture-detail,272883,141530,977,0.2593,2345,0,0,,,,0,1
2026-09-15,full,/areas/44000/public-assistance,prefecture-detail,268467,135934,987,0.2679,2701,0,0,,,,0,1
2026-09-15,full,/areas/44000/health-checkups,prefecture-detail,488149,291590,1403,0.363,2232,0,0,,,,1,0
2026-09-15,full,/areas/44000/daily-time-use,prefecture-detail,305174,154401,1137,0.3361,2154,0,0,,,,1,0
2026-09-15,full,/areas/44000/household-assets-debt,prefecture-detail,290511,147067,1086,0.319,1931,0,0,,,,1,0
2026-09-15,full,/areas/44000/freight-logistics,prefecture-detail,985042,741619,1246,0.25,2143,0,0,,,,0,3
2026-09-15,full,/areas/44000/regional-transport,prefecture-detail,263000,129052,1026,0.3009,1966,0,0,,,,1,0
2026-09-15,full,/areas/44000/geographic-access,prefecture-detail,508911,350681,1095,0.2522,2256,0,0,,,,0,1
2026-09-15,full,/areas/44000/water-services,prefecture-detail,341919,177650,1222,0.3566,2552,0,0,,,,1,0
2026-09-15,full,/areas/44000/communication-access,prefecture-detail,231149,113189,901,0.25,2232,0,0,,,,0,1
2026-09-15,full,/areas/44000/regional-energy,prefecture-detail,521908,290604,1669,0.434,2701,0,0,,,,1,0
2026-09-15,full,/areas/44000/environmental-quality,prefecture-detail,1310647,964821,1594,0.4702,2418,0,0,,,,1,2
2026-09-15,full,/areas/44000/natural-environment,prefecture-detail,276726,139098,1042,0.3083,2605,0,0,,,,1,0
2026-09-15,full,/areas/44000/earthquake-exposure,prefecture-detail,257966,136133,930,0.2121,1976,0,0,,,,0,1
2026-09-15,full,/areas/44000/landslide-exposure,prefecture-detail,527970,350994,1188,0.2759,2469,0,0,,,,0,1
2026-09-15,full,/areas/44000/tsunami-exposure,prefecture-detail,248640,129606,820,0.1477,3357,0,0,,,,0,0
2026-09-15,full,/areas/44000/cultural-participation,prefecture-detail,352278,179883,1284,0.374,1979,0,0,,,,1,0
2026-09-15,full,/areas/44000/sports-participation,prefecture-detail,469645,263835,1512,0.4052,1968,0,0,,,,1,0
2026-09-15,full,/areas/44000/local-government-digital,prefecture-detail,308171,164069,1061,0.2844,2246,0,0,,,,0,1
2026-09-15,full,/areas/44000/gender-participation,prefecture-detail,314572,158450,1160,0.336,2782,0,0,,,,1,0
2026-09-15,full,/areas/44000/community-participation,prefecture-detail,219585,104536,892,0.2524,2426,0,0,,,,0,1
2026-09-15,full,/areas/45000/population-dynamics,prefecture-detail,1363777,926264,3002,0.5125,1958,0,0,,,,1,2
2026-09-15,full,/areas/45000/aging-society,prefecture-detail,690016,443305,1661,0.3908,1878,0,0,,,,1,0
2026-09-15,full,/areas/45000/living-housing,prefecture-detail,1017177,586470,3046,0.5484,1872,0,0,,,,1,2
2026-09-15,full,/areas/45000/local-economy,prefecture-detail,756104,496583,1783,0.4066,2018,0,0,,,,1,0
2026-09-15,full,/areas/45000/labor-wages,prefecture-detail,509925,306769,1449,0.3735,1980,0,0,,,,1,0
2026-09-15,full,/areas/45000/manufacturing,prefecture-detail,498915,290133,1518,0.3624,1817,0,0,,,,1,0
2026-09-15,full,/areas/45000/healthcare,prefecture-detail,1428976,849566,3881,0.5669,1830,0,0,,,,1,3
2026-09-15,full,/areas/45000/safety,prefecture-detail,1355237,857719,3271,0.5226,1811,0,0,,,,1,2
2026-09-15,full,/areas/45000/education-culture,prefecture-detail,1001128,611735,2714,0.4943,1839,0,0,,,,1,2
2026-09-15,full,/areas/45000/tourism,prefecture-detail,631083,382926,1754,0.4048,1806,0,0,,,,1,0
2026-09-15,full,/areas/45000/consumer-prices,prefecture-detail,463297,272504,1385,0.3784,1923,0,0,,,,1,0
2026-09-15,full,/areas/45000/foreign-residents,prefecture-detail,371859,220453,1093,0.3071,1931,0,0,,,,1,0
2026-09-15,full,/areas/45000/occupation-salary,prefecture-detail,754695,524980,1509,0.3927,2221,0,0,,,,1,1
2026-09-15,full,/areas/45000/real-income,prefecture-detail,648236,414265,1626,0.4064,1928,0,0,,,,1,0
2026-09-15,full,/areas/45000/labor-mobility,prefecture-detail,593411,311125,2093,0.474,1902,0,0,,,,1,0
2026-09-15,full,/areas/45000/local-finance,prefecture-detail,1001433,637942,2391,0.4898,1937,0,0,,,,1,2
2026-09-15,full,/areas/45000/fishery-marine,prefecture-detail,631564,425820,1380,0.3626,1886,0,0,,,,1,0
2026-09-15,full,/areas/45000/climate,prefecture-detail,423689,237581,1351,0.3308,1787,0,0,,,,1,0
2026-09-15,full,/areas/45000/construction-industry,prefecture-detail,409246,220283,1384,0.4,2002,0,0,,,,1,0
2026-09-15,full,/areas/45000/waste-recycling,prefecture-detail,192106,91432,779,0.1957,2188,0,0,,,,0,1
2026-09-15,full,/areas/45000/information-industry,prefecture-detail,202563,96847,827,0.2188,2079,0,0,,,,0,1
2026-09-15,full,/areas/45000/land-property-market,prefecture-detail,305961,162594,1064,0.2685,2204,0,0,,,,0,1
2026-09-15,full,/areas/45000/agriculture-production,prefecture-detail,379903,197573,1361,0.3901,1988,0,0,,,,1,0
2026-09-15,full,/areas/45000/forestry-timber,prefecture-detail,459767,242061,1607,0.4417,2383,0,0,,,,1,0
2026-09-15,full,/areas/45000/retail-commerce,prefecture-detail,218567,104752,885,0.2424,2172,0,0,,,,0,1
2026-09-15,full,/areas/45000/local-services,prefecture-detail,498147,273057,1634,0.4424,2481,0,0,,,,1,0
2026-09-15,full,/areas/45000/business-demography,prefecture-detail,330558,173668,1163,0.3277,2105,0,0,,,,1,0
2026-09-15,full,/areas/45000/innovation-patents,prefecture-detail,289682,146635,1075,0.3158,2297,0,0,,,,1,0
2026-09-15,full,/areas/45000/childcare-services,prefecture-detail,253638,126870,960,0.271,2305,0,0,,,,0,1
2026-09-15,full,/areas/45000/single-parent-households,prefecture-detail,381925,228505,1104,0.3281,2294,0,0,,,,1,0
2026-09-15,full,/areas/45000/long-term-care,prefecture-detail,258182,129096,972,0.2661,2310,0,0,,,,0,1
2026-09-15,full,/areas/45000/disability-support,prefecture-detail,272878,141528,977,0.2593,2345,0,0,,,,0,1
2026-09-15,full,/areas/45000/public-assistance,prefecture-detail,268465,135934,987,0.2679,2701,0,0,,,,0,1
2026-09-15,full,/areas/45000/health-checkups,prefecture-detail,488145,291591,1403,0.363,2232,0,0,,,,1,0
2026-09-15,full,/areas/45000/daily-time-use,prefecture-detail,305174,154401,1137,0.3361,2154,0,0,,,,1,0
2026-09-15,full,/areas/45000/household-assets-debt,prefecture-detail,290501,147066,1086,0.319,1931,0,0,,,,1,0
2026-09-15,full,/areas/45000/freight-logistics,prefecture-detail,985074,741619,1246,0.25,2143,0,0,,,,0,3
2026-09-15,full,/areas/45000/regional-transport,prefecture-detail,262997,129051,1026,0.3009,1966,0,0,,,,1,0
2026-09-15,full,/areas/45000/geographic-access,prefecture-detail,508916,350681,1095,0.2522,2256,0,0,,,,0,1
2026-09-15,full,/areas/45000/water-services,prefecture-detail,341914,177650,1222,0.3566,2552,0,0,,,,1,0
2026-09-15,full,/areas/45000/communication-access,prefecture-detail,231148,113189,901,0.25,2232,0,0,,,,0,1
2026-09-15,full,/areas/45000/regional-energy,prefecture-detail,521901,290604,1669,0.434,2701,0,0,,,,1,0
2026-09-15,full,/areas/45000/environmental-quality,prefecture-detail,1348149,964821,1881,0.5722,2418,0,0,,,,1,2
2026-09-15,full,/areas/45000/natural-environment,prefecture-detail,276739,139100,1042,0.3083,2605,0,0,,,,1,0
2026-09-15,full,/areas/45000/earthquake-exposure,prefecture-detail,257977,136137,930,0.2121,1976,0,0,,,,0,1
2026-09-15,full,/areas/45000/landslide-exposure,prefecture-detail,527963,350994,1188,0.2759,2469,0,0,,,,0,1
2026-09-15,full,/areas/45000/tsunami-exposure,prefecture-detail,245515,129607,854,0.1477,3357,0,0,,,,0,0
2026-09-15,full,/areas/45000/cultural-participation,prefecture-detail,352269,179882,1284,0.374,1979,0,0,,,,1,0
2026-09-15,full,/areas/45000/sports-participation,prefecture-detail,469647,263835,1512,0.4052,1968,0,0,,,,1,0
2026-09-15,full,/areas/45000/local-government-digital,prefecture-detail,308182,164069,1061,0.2844,2246,0,0,,,,0,1
2026-09-15,full,/areas/45000/gender-participation,prefecture-detail,314574,158450,1160,0.336,2782,0,0,,,,1,0
2026-09-15,full,/areas/45000/community-participation,prefecture-detail,219565,104597,891,0.2524,2426,0,0,,,,0,1
2026-09-15,full,/areas/46000/population-dynamics,prefecture-detail,1364300,926325,3009,0.5125,1958,0,0,,,,1,2
2026-09-15,full,/areas/46000/aging-society,prefecture-detail,690136,443353,1661,0.3908,1878,0,0,,,,1,0
2026-09-15,full,/areas/46000/living-housing,prefecture-detail,1016714,586524,3041,0.5484,1872,0,0,,,,1,2
2026-09-15,full,/areas/46000/local-economy,prefecture-detail,756335,496637,1786,0.4066,2018,0,0,,,,1,0
2026-09-15,full,/areas/46000/labor-wages,prefecture-detail,510041,306817,1449,0.3735,1980,0,0,,,,1,0
2026-09-15,full,/areas/46000/manufacturing,prefecture-detail,499046,290181,1518,0.3624,1817,0,0,,,,1,0
2026-09-15,full,/areas/46000/healthcare,prefecture-detail,1429119,849614,3881,0.5669,1830,0,0,,,,1,3
2026-09-15,full,/areas/46000/safety,prefecture-detail,1355382,857773,3271,0.5226,1811,0,0,,,,1,2
2026-09-15,full,/areas/46000/education-culture,prefecture-detail,1003033,611783,2728,0.4906,1839,0,0,,,,1,2
2026-09-15,full,/areas/46000/tourism,prefecture-detail,643696,382974,1838,0.4048,1806,0,0,,,,1,0
2026-09-15,full,/areas/46000/consumer-prices,prefecture-detail,463661,272554,1389,0.3784,1923,0,0,,,,1,0
2026-09-15,full,/areas/46000/foreign-residents,prefecture-detail,371969,220500,1093,0.3071,1931,0,0,,,,1,0
2026-09-15,full,/areas/46000/occupation-salary,prefecture-detail,754820,525030,1509,0.3927,2221,0,0,,,,1,1
2026-09-15,full,/areas/46000/real-income,prefecture-detail,648353,414313,1626,0.4064,1928,0,0,,,,1,0
2026-09-15,full,/areas/46000/labor-mobility,prefecture-detail,594162,311179,2098,0.474,1902,0,0,,,,1,0
2026-09-15,full,/areas/46000/local-finance,prefecture-detail,1001542,637992,2391,0.4898,1937,0,0,,,,1,2
2026-09-15,full,/areas/46000/fishery-marine,prefecture-detail,631680,425867,1380,0.3626,1886,0,0,,,,1,0
2026-09-15,full,/areas/46000/climate,prefecture-detail,423992,237631,1353,0.3308,1787,0,0,,,,1,0
2026-09-15,full,/areas/46000/construction-industry,prefecture-detail,409352,220331,1384,0.4,2002,0,0,,,,1,0
2026-09-15,full,/areas/46000/waste-recycling,prefecture-detail,192223,91480,779,0.1957,2188,0,0,,,,0,1
2026-09-15,full,/areas/46000/information-industry,prefecture-detail,202683,96895,827,0.2188,2079,0,0,,,,0,1
2026-09-15,full,/areas/46000/land-property-market,prefecture-detail,306096,162642,1064,0.2685,2204,0,0,,,,0,1
2026-09-15,full,/areas/46000/agriculture-production,prefecture-detail,379413,197623,1356,0.3901,1988,0,0,,,,1,0
2026-09-15,full,/areas/46000/forestry-timber,prefecture-detail,459837,242107,1607,0.4417,2383,0,0,,,,1,0
2026-09-15,full,/areas/46000/retail-commerce,prefecture-detail,218681,104801,885,0.2424,2172,0,0,,,,0,1
2026-09-15,full,/areas/46000/local-services,prefecture-detail,498262,273106,1634,0.4424,2481,0,0,,,,1,0
2026-09-15,full,/areas/46000/business-demography,prefecture-detail,330652,173715,1163,0.3277,2105,0,0,,,,1,0
2026-09-15,full,/areas/46000/innovation-patents,prefecture-detail,289801,146684,1075,0.3158,2297,0,0,,,,1,0
2026-09-15,full,/areas/46000/childcare-services,prefecture-detail,253755,126919,960,0.271,2305,0,0,,,,0,1
2026-09-15,full,/areas/46000/single-parent-households,prefecture-detail,382059,228554,1104,0.3281,2294,0,0,,,,1,0
2026-09-15,full,/areas/46000/long-term-care,prefecture-detail,258301,129145,972,0.2661,2310,0,0,,,,0,1
2026-09-15,full,/areas/46000/disability-support,prefecture-detail,273005,141578,977,0.2593,2345,0,0,,,,0,1
2026-09-15,full,/areas/46000/public-assistance,prefecture-detail,268579,135981,987,0.2679,2701,0,0,,,,0,1
2026-09-15,full,/areas/46000/health-checkups,prefecture-detail,488263,291639,1403,0.363,2232,0,0,,,,1,0
2026-09-15,full,/areas/46000/daily-time-use,prefecture-detail,304666,154449,1132,0.3361,2154,0,0,,,,1,0
2026-09-15,full,/areas/46000/household-assets-debt,prefecture-detail,290625,147114,1086,0.319,1931,0,0,,,,1,0
2026-09-15,full,/areas/46000/freight-logistics,prefecture-detail,985238,741669,1246,0.25,2143,0,0,,,,0,3
2026-09-15,full,/areas/46000/regional-transport,prefecture-detail,263124,129100,1026,0.3009,1966,0,0,,,,1,0
2026-09-15,full,/areas/46000/geographic-access,prefecture-detail,509064,350731,1095,0.2522,2256,0,0,,,,0,1
2026-09-15,full,/areas/46000/water-services,prefecture-detail,342041,177699,1222,0.3566,2552,0,0,,,,1,0
2026-09-15,full,/areas/46000/communication-access,prefecture-detail,231267,113237,901,0.25,2232,0,0,,,,0,1
2026-09-15,full,/areas/46000/regional-energy,prefecture-detail,522017,290651,1669,0.434,2701,0,0,,,,1,0
2026-09-15,full,/areas/46000/environmental-quality,prefecture-detail,1309684,964869,1585,0.4667,2418,0,0,,,,1,2
2026-09-15,full,/areas/46000/natural-environment,prefecture-detail,276855,139146,1042,0.3083,2605,0,0,,,,1,0
2026-09-15,full,/areas/46000/earthquake-exposure,prefecture-detail,258141,136184,930,0.2121,1976,0,0,,,,0,1
2026-09-15,full,/areas/46000/landslide-exposure,prefecture-detail,528467,351042,1188,0.2759,2469,0,0,,,,0,1
2026-09-15,full,/areas/46000/tsunami-exposure,prefecture-detail,246403,129654,860,0.1477,3357,0,0,,,,0,0
2026-09-15,full,/areas/46000/cultural-participation,prefecture-detail,352385,179928,1284,0.374,1979,0,0,,,,1,0
2026-09-15,full,/areas/46000/sports-participation,prefecture-detail,469778,263883,1512,0.4052,1968,0,0,,,,1,0
2026-09-15,full,/areas/46000/local-government-digital,prefecture-detail,308296,164117,1061,0.2844,2246,0,0,,,,0,1
2026-09-15,full,/areas/46000/gender-participation,prefecture-detail,314686,158498,1160,0.336,2782,0,0,,,,1,0
2026-09-15,full,/areas/46000/community-participation,prefecture-detail,219682,104646,891,0.2524,2426,0,0,,,,0,1
2026-09-15,full,/areas/47000/population-dynamics,prefecture-detail,1363828,926262,3002,0.5125,1958,0,0,,,,1,2
2026-09-15,full,/areas/47000/aging-society,prefecture-detail,689658,443304,1660,0.3908,1878,0,0,,,,1,0
2026-09-15,full,/areas/47000/living-housing,prefecture-detail,1017203,586467,3046,0.5484,1872,0,0,,,,1,2
2026-09-15,full,/areas/47000/local-economy,prefecture-detail,756115,496583,1783,0.4066,2018,0,0,,,,1,0
2026-09-15,full,/areas/47000/labor-wages,prefecture-detail,509924,306769,1449,0.3735,1980,0,0,,,,1,0
2026-09-15,full,/areas/47000/manufacturing,prefecture-detail,498903,290129,1518,0.3624,1817,0,0,,,,1,0
2026-09-15,full,/areas/47000/healthcare,prefecture-detail,1428882,849565,3880,0.5669,1830,0,0,,,,1,3
2026-09-15,full,/areas/47000/safety,prefecture-detail,1355195,857718,3271,0.5226,1811,0,0,,,,1,2
2026-09-15,full,/areas/47000/education-culture,prefecture-detail,998555,611737,2693,0.5,1839,0,0,,,,1,2
2026-09-15,full,/areas/47000/tourism,prefecture-detail,652495,382929,1898,0.4048,1806,0,0,,,,1,0
2026-09-15,full,/areas/47000/consumer-prices,prefecture-detail,463310,272509,1385,0.3784,1923,0,0,,,,1,0
2026-09-15,full,/areas/47000/foreign-residents,prefecture-detail,371873,220456,1093,0.3071,1931,0,0,,,,1,0
2026-09-15,full,/areas/47000/occupation-salary,prefecture-detail,754703,524981,1509,0.3927,2221,0,0,,,,1,1
2026-09-15,full,/areas/47000/real-income,prefecture-detail,648235,414265,1626,0.4064,1928,0,0,,,,1,0
2026-09-15,full,/areas/47000/labor-mobility,prefecture-detail,593419,311125,2093,0.474,1902,0,0,,,,1,0
2026-09-15,full,/areas/47000/local-finance,prefecture-detail,1001389,637942,2391,0.4898,1937,0,0,,,,1,2
2026-09-15,full,/areas/47000/fishery-marine,prefecture-detail,631555,425819,1380,0.3626,1886,0,0,,,,1,0
2026-09-15,full,/areas/47000/climate,prefecture-detail,423868,237582,1353,0.3308,1787,0,0,,,,1,0
2026-09-15,full,/areas/47000/construction-industry,prefecture-detail,409242,220283,1384,0.4,2002,0,0,,,,1,0
2026-09-15,full,/areas/47000/waste-recycling,prefecture-detail,192106,91432,779,0.1957,2188,0,0,,,,0,1
2026-09-15,full,/areas/47000/information-industry,prefecture-detail,202567,96848,827,0.2188,2079,0,0,,,,0,1
2026-09-15,full,/areas/47000/land-property-market,prefecture-detail,305974,162595,1064,0.2685,2204,0,0,,,,0,1
2026-09-15,full,/areas/47000/agriculture-production,prefecture-detail,379903,197574,1361,0.3901,1988,0,0,,,,1,0
2026-09-15,full,/areas/47000/forestry-timber,prefecture-detail,459684,242058,1607,0.4417,2383,0,0,,,,1,0
2026-09-15,full,/areas/47000/retail-commerce,prefecture-detail,218572,104753,885,0.2424,2172,0,0,,,,0,1
2026-09-15,full,/areas/47000/local-services,prefecture-detail,497540,273057,1629,0.4424,2481,0,0,,,,1,0
2026-09-15,full,/areas/47000/business-demography,prefecture-detail,329937,173670,1158,0.3277,2105,0,0,,,,1,0
2026-09-15,full,/areas/47000/innovation-patents,prefecture-detail,289682,146635,1075,0.3158,2297,0,0,,,,1,0
2026-09-15,full,/areas/47000/childcare-services,prefecture-detail,253634,126868,960,0.271,2305,0,0,,,,0,1
2026-09-15,full,/areas/47000/single-parent-households,prefecture-detail,381947,228506,1104,0.3281,2294,0,0,,,,1,0
2026-09-15,full,/areas/47000/long-term-care,prefecture-detail,258179,129096,972,0.2661,2310,0,0,,,,0,1
2026-09-15,full,/areas/47000/disability-support,prefecture-detail,272885,141530,977,0.2593,2345,0,0,,,,0,1
2026-09-15,full,/areas/47000/public-assistance,prefecture-detail,267846,135934,982,0.2679,2701,0,0,,,,0,1
2026-09-15,full,/areas/47000/health-checkups,prefecture-detail,488150,291591,1403,0.363,2232,0,0,,,,1,0
2026-09-15,full,/areas/47000/daily-time-use,prefecture-detail,305176,154401,1137,0.3361,2154,0,0,,,,1,0
2026-09-15,full,/areas/47000/household-assets-debt,prefecture-detail,290503,147066,1086,0.319,1931,0,0,,,,1,0
2026-09-15,full,/areas/47000/freight-logistics,prefecture-detail,984814,741615,1246,0.25,2143,0,0,,,,0,3
2026-09-15,full,/areas/47000/regional-transport,prefecture-detail,263006,129052,1026,0.3009,1966,0,0,,,,1,0
2026-09-15,full,/areas/47000/geographic-access,prefecture-detail,508912,350681,1095,0.2522,2256,0,0,,,,0,1
2026-09-15,full,/areas/47000/water-services,prefecture-detail,341922,177651,1222,0.3566,2552,0,0,,,,1,0
2026-09-15,full,/areas/47000/communication-access,prefecture-detail,231150,113191,901,0.25,2232,0,0,,,,0,1
2026-09-15,full,/areas/47000/regional-energy,prefecture-detail,521880,290601,1669,0.434,2701,0,0,,,,1,0
2026-09-15,full,/areas/47000/environmental-quality,prefecture-detail,1302471,964819,1529,0.4406,2418,0,0,,,,1,2
2026-09-15,full,/areas/47000/natural-environment,prefecture-detail,276738,139097,1042,0.3083,2605,0,0,,,,1,0
2026-09-15,full,/areas/47000/earthquake-exposure,prefecture-detail,257991,136133,930,0.2121,1976,0,0,,,,0,1
2026-09-15,full,/areas/47000/landslide-exposure,prefecture-detail,527940,350990,1188,0.2759,2469,0,0,,,,0,1
2026-09-15,full,/areas/47000/tsunami-exposure,prefecture-detail,246332,129606,860,0.1477,3357,0,0,,,,0,0
2026-09-15,full,/areas/47000/cultural-participation,prefecture-detail,352280,179882,1284,0.374,1979,0,0,,,,1,0
2026-09-15,full,/areas/47000/sports-participation,prefecture-detail,469644,263835,1512,0.4052,1968,0,0,,,,1,0
2026-09-15,full,/areas/47000/local-government-digital,prefecture-detail,308184,164069,1061,0.2844,2246,0,0,,,,0,1
2026-09-15,full,/areas/47000/gender-participation,prefecture-detail,313953,158450,1155,0.336,2782,0,0,,,,1,0
2026-09-15,full,/areas/47000/community-participation,prefecture-detail,219564,104597,891,0.2524,2426,0,0,,,,0,1
2026-09-15,full,/ranking/abandoned-cultivated-land-area,ranking,266810,135555,1109,0.2683,6149,0,0,,,,0,1
2026-09-15,full,/ranking/abortion-rate,ranking,253913,128627,1061,0.2597,6127,0,0,,,,0,1
2026-09-15,full,/ranking/academic-achievement-test-average-rate,ranking,225755,104102,1055,0.1905,6703,0,2,,,,0,2
2026-09-15,full,/ranking/accessories-consumption-expenditure,ranking,302589,150099,1187,0.2727,6515,0,4,,,,0,2
2026-09-15,full,/ranking/accident-death-30day,ranking,265543,135528,1098,0.2289,6577,0,1,,,,0,2
2026-09-15,full,/ranking/accidental-deaths-per-100k,ranking,265792,37308,1105,0.3182,6279,0,0,,,,1,0
2026-09-15,full,/ranking/accommodation-consumption-expenditure,ranking,271761,139298,1096,0.2308,6384,0,0,,,,0,1
2026-09-15,full,/ranking/accountant-annual-income,ranking,458431,295074,1128,0.2759,5095,0,3,,,,0,2
2026-09-15,full,/ranking/active-job-opening-ratio,ranking,282616,144226,1190,0.2979,5938,0,3,,,,0,2
2026-09-15,full,/ranking/actual-income-worker-households-per-month,ranking,266304,136668,1107,0.2683,6106,0,0,,,,0,1
2026-09-15,full,/ranking/acupuncture-moxibustion-count,ranking,250238,127168,1055,0.2911,6305,0,0,,,,0,1
2026-09-15,full,/ranking/acupuncturist-rate,ranking,255939,128303,1090,0.2987,6074,0,0,,,,0,1
2026-09-15,full,/ranking/adult-class-lecture-count-per-million,ranking,278667,140739,1153,0.2737,6436,0,2,,,,0,2
2026-09-15,full,/ranking/adult-sandals-consumption-expenditure,ranking,287031,144072,1164,0.2619,6527,0,2,,,,0,2
2026-09-15,full,/ranking/adult-sandals-consumption-quantity,ranking,289706,145670,1176,0.2619,6373,0,2,,,,0,2
2026-09-15,full,/ranking/adult-sneakers-consumption-expenditure,ranking,303491,151342,1189,0.2614,6523,0,4,,,,0,2
2026-09-15,full,/ranking/adult-sneakers-consumption-quantity,ranking,302595,150547,1208,0.2727,6471,0,4,,,,0,2
2026-09-15,full,/ranking/age-specific-death-rate-0-4-per-1000,ranking,255176,129772,1080,0.3333,6110,0,0,,,,1,0
2026-09-15,full,/ranking/aging-index,ranking,252513,128151,1073,0.2651,5889,0,0,,,,0,1
2026-09-15,full,/ranking/agricultural-employment-population,ranking,250422,127858,1057,0.2532,6037,0,0,,,,0,1
2026-09-15,full,/ranking/agricultural-farm-count,ranking,266110,37227,1110,0.2683,5782,0,0,,,,0,1
2026-09-15,full,/ranking/agricultural-income-ratio,ranking,260426,133758,1083,0.275,5938,0,0,,,,0,1
2026-09-15,full,/ranking/agricultural-land-conversion-area,ranking,270151,136785,1125,0.2208,6066,0,2,,,,0,2
2026-09-15,full,/ranking/agricultural-output-per-employed-person,ranking,262463,135207,1090,0.275,6400,0,0,,,,0,1
2026-09-15,full,/ranking/agricultural-output,ranking,273991,141968,1104,0.1944,6219,0,0,,,,0,1
2026-09-15,full,/ranking/agriculture-forestry-fisheries-expenditure-ratio-pref-finance,ranking,265688,136843,1099,0.2674,6240,0,0,,,,0,1
2026-09-15,full,/ranking/agriculture-forestry-fisheries-expenses-prefecture,ranking,271352,139339,1120,0.2442,6154,0,0,,,,0,1
2026-09-15,full,/ranking/air-cargo-transport,ranking,226568,102356,1077,0.2754,6327,0,2,,,,0,2
2026-09-15,full,/ranking/air-conditioner-consumption-expenditure,ranking,302234,150718,1178,0.2614,6579,0,4,,,,0,2
2026-09-15,full,/ranking/air-conditioner-consumption-quantity,ranking,304297,151717,1188,0.2614,6189,0,4,,,,0,2
2026-09-15,full,/ranking/air-fare-consumption-expenditure,ranking,273007,139758,1108,0.2308,6153,0,0,,,,0,1
2026-09-15,full,/ranking/air-freshener-consumption-expenditure,ranking,284604,140322,1129,0.2614,4989,0,4,,,,0,2
2026-09-15,full,/ranking/air-passenger-transport,ranking,228361,102849,1094,0.2466,6056,0,2,,,,0,2
2026-09-15,full,/ranking/airport-count,ranking,245241,122809,1063,0.2078,4569,0,1,,,,0,2
2026-09-15,full,/ranking/ambulance-hospital-arrival-time,ranking,260748,134992,1044,0.1739,6420,0,1,,,,0,2
2026-09-15,full,/ranking/amusement-park-consumption-expenditure,ranking,273954,140189,1103,0.2564,6676,0,0,,,,0,1
2026-09-15,full,/ranking/anma-massage-count,ranking,235588,119360,1011,0.2785,4908,0,0,,,,0,1
2026-09-15,full,/ranking/annual-clear-days,ranking,245012,118936,1077,0.2911,6144,0,0,,,,0,1
2026-09-15,full,/ranking/annual-cloudy-days,ranking,253689,127158,1074,0.2658,5906,0,0,,,,0,1
2026-09-15,full,/ranking/annual-emergency-dispatches-per-1000,ranking,277182,143830,1123,0.2697,6126,0,1,,,,0,2
2026-09-15,full,/ranking/annual-income-per-household,ranking,263438,135045,1090,0.2317,6255,0,0,,,,0,1
2026-09-15,full,/ranking/annual-minimum-relative-humidity,ranking,246292,124654,1040,0.2785,6050,0,0,,,,0,1
2026-09-15,full,/ranking/annual-new-inpatients-general-hospital-per-100k,ranking,263431,133096,1099,0.2874,6516,0,0,,,,0,1
2026-09-15,full,/ranking/annual-new-inpatients-psychiatric-hospital-per-100k,ranking,262018,131724,1106,0.2759,6474,0,0,,,,0,1
2026-09-15,full,/ranking/annual-precipitation-days,ranking,253033,126832,1073,0.3038,5925,0,0,,,,1,0
2026-09-15,full,/ranking/annual-precipitation,ranking,250555,127678,1053,0.2785,5926,0,0,,,,0,1
2026-09-15,full,/ranking/annual-sales-amount-per-employee,ranking,279273,140990,1152,0.3118,6363,0,2,,,,1,1
2026-09-15,full,/ranking/annual-sales-amount-per-establishment,ranking,282389,142820,1156,0.2903,6509,0,2,,,,0,2
2026-09-15,full,/ranking/annual-sales-amount,ranking,279266,140787,1156,0.3011,6304,0,2,,,,1,1
2026-09-15,full,/ranking/annual-snow-days,ranking,220548,108257,988,0.2911,4628,0,0,,,,0,1
2026-09-15,full,/ranking/annual-sunshine-duration,ranking,251510,128289,1041,0.2658,6171,0,0,,,,0,1
2026-09-15,full,/ranking/apartment-ratio,ranking,267703,135848,1111,0.2644,6008,0,2,,,,0,2
2026-09-15,full,/ranking/apparel-retail-store-count-per-1000,ranking,276097,138241,1148,0.2842,6596,0,2,,,,0,2
2026-09-15,full,/ranking/apple-consumption-expenditure,ranking,284397,141110,1132,0.2614,4834,0,4,,,,0,2
2026-09-15,full,/ranking/apple-consumption-quantity,ranking,301000,37288,1185,0.2727,6118,0,4,,,,0,2
2026-09-15,full,/ranking/aquaculture-harvest,ranking,266736,132706,1130,0.3407,5927,0,0,,,,1,0
2026-09-15,full,/ranking/aquarium-count,ranking,272903,135332,1145,0.2527,6455,0,2,,,,0,2
2026-09-15,full,/ranking/architect-annual-income,ranking,279235,147352,1082,0.2471,4927,0,2,,,,0,2
2026-09-15,full,/ranking/area-ratio-of-total,ranking,230888,117259,995,0.3012,4622,0,0,,,,1,0
2026-09-15,full,/ranking/art-museum-count,ranking,271175,134701,1133,0.2637,6146,0,2,,,,0,2
2026-09-15,full,/ranking/artificial-forest-area,ranking,262007,133629,1093,0.2405,6108,0,2,,,,0,2
2026-09-15,full,/ranking/assembly-expenses-prefecture,ranking,268085,136111,1120,0.2907,6143,0,0,,,,0,1
2026-09-15,full,/ranking/assistance-expenditure-ratio-pref-finance,ranking,254837,128988,1079,0.253,6094,0,0,,,,0,1
2026-09-15,full,/ranking/assistance-expenses-prefecture,ranking,261430,37289,1100,0.253,5892,0,0,,,,0,1
2026-09-15,full,/ranking/associate-professor-annual-income,ranking,258907,129154,1098,0.2353,4974,0,2,,,,0,2
2026-09-15,full,/ranking/auto-liability-insurance-amount-received-per-payment,ranking,280261,141349,1142,0.2299,6759,0,2,,,,0,2
2026-09-15,full,/ranking/auto-mechanic-annual-income,ranking,255411,127652,1091,0.2759,5154,0,3,,,,0,2
2026-09-15,full,/ranking/autolock-apartment-rate,ranking,268347,136695,1098,0.2824,6469,0,2,,,,0,2
2026-09-15,full,/ranking/average-age-of-first-marriage-husband,ranking,257524,37351,1099,0.2911,6175,0,0,,,,0,1
2026-09-15,full,/ranking/average-age-of-first-marriage-wife,ranking,238596,119397,1033,0.2911,4891,0,0,,,,0,1
2026-09-15,full,/ranking/average-broadcast-media-consumption-time-employed-man,ranking,297888,146982,1199,0.3196,6716,0,6,,,,1,1
2026-09-15,full,/ranking/average-broadcast-media-consumption-time-employed-woman,ranking,281332,138120,1143,0.3196,5326,0,6,,,,1,1
2026-09-15,full,/ranking/average-height-high-school-second-grade-female,ranking,257847,130230,1072,0.3165,6243,0,0,,,,1,0
2026-09-15,full,/ranking/average-height-middle-school-second-grade-female,ranking,259764,131184,1088,0.3038,6002,0,0,,,,1,0
2026-09-15,full,/ranking/average-height-middle-school-second-grade-male,ranking,259414,130922,1088,0.3038,6093,0,0,,,,1,0
2026-09-15,full,/ranking/average-height-primary-school-fifth-grade-female,ranking,259203,130921,1088,0.3038,5969,0,0,,,,1,0
2026-09-15,full,/ranking/average-height-primary-school-fifth-grade-male,ranking,260436,37499,1083,0.3038,6262,0,0,,,,1,0
2026-09-15,full,/ranking/average-length-of-stay,ranking,253604,127385,1074,0.1972,6050,0,0,,,,0,1
2026-09-15,full,/ranking/average-life-expectancy-female-20,ranking,256599,129020,1095,0.2911,5982,0,0,,,,0,1
2026-09-15,full,/ranking/average-life-expectancy-female-65,ranking,257241,129447,1101,0.2911,5900,0,0,,,,0,1
2026-09-15,full,/ranking/average-life-expectancy-male,ranking,257136,128926,1101,0.2911,5899,0,0,,,,0,1
2026-09-15,full,/ranking/average-payment-amount-of-workers-compensation-insurance-benefits,ranking,274656,140140,1112,0.2078,6823,0,1,,,,0,2
2026-09-15,full,/ranking/average-persons-per-general-household,ranking,256778,129058,1089,0.2785,6167,0,0,,,,0,1
2026-09-15,full,/ranking/average-propensity-to-consume-of-farm-households,ranking,275064,140806,1126,0.2353,6316,0,2,,,,0,2
2026-09-15,full,/ranking/average-relative-humidity,ranking,248606,125979,1045,0.2658,6184,0,0,,,,0,1
2026-09-15,full,/ranking/average-road-traffic-volume,ranking,266366,136410,1094,0.2824,6228,0,1,,,,0,2
2026-09-15,full,/ranking/average-temperature,ranking,250012,126782,1059,0.2532,5865,0,0,,,,0,1
2026-09-15,full,/ranking/average-weight-high-school-second-grade-female,ranking,257647,129709,1074,0.2405,6268,0,0,,,,0,1
2026-09-15,full,/ranking/average-weight-high-school-second-grade-male,ranking,258362,129818,1091,0.2405,5938,0,0,,,,0,1
2026-09-15,full,/ranking/average-weight-middle-school-second-grade-female,ranking,240705,120960,1030,0.2405,4779,0,0,,,,0,1
2026-09-15,full,/ranking/average-weight-middle-school-second-grade-male,ranking,258780,130273,1080,0.2532,6165,0,0,,,,0,1
2026-09-15,full,/ranking/average-weight-primary-school-fifth-grade-female,ranking,258394,129952,1090,0.2532,5965,0,0,,,,0,1
2026-09-15,full,/ranking/average-weight-primary-school-fifth-grade-male,ranking,258635,130136,1091,0.2532,5946,0,0,,,,0,1
2026-09-15,full,/ranking/avg-age-admin-prefecture,ranking,274484,137683,1147,0.2471,6482,0,3,,,,0,2
2026-09-15,full,/ranking/avg-daily-inpatients-general-hospital-per-100k,ranking,260187,37598,1096,0.2759,6620,0,0,,,,0,1
2026-09-15,full,/ranking/avg-daily-inpatients-psychiatric-hospital-per-100k,ranking,262833,132055,1109,0.2759,6540,0,0,,,,0,1
2026-09-15,full,/ranking/avg-daily-outpatients-general-hospital-per-100k,ranking,262377,132144,1101,0.2874,6635,0,0,,,,0,1
2026-09-15,full,/ranking/avg-daily-outpatients-psychiatric-hospital-per-100k,ranking,261982,131408,1104,0.2759,6563,0,0,,,,0,1
2026-09-15,full,/ranking/avg-height-high-school-2nd-male,ranking,260606,130944,1083,0.2911,6177,0,0,,,,0,1
2026-09-15,full,/ranking/avg-propensity-to-consume-worker-households,ranking,269802,137242,1110,0.2644,6100,0,2,,,,0,2
2026-09-15,full,/ranking/avg-salary-admin-prefecture,ranking,277301,139701,1151,0.2588,6632,0,3,,,,0,2
2026-09-15,full,/ranking/avg-salary-all-prefecture,ranking,261083,131253,1112,0.2471,4902,0,3,,,,0,2
2026-09-15,full,/ranking/avg-salary-education-prefecture,ranking,277304,139741,1154,0.2588,6625,0,3,,,,0,2
2026-09-15,full,/ranking/avg-salary-police-prefecture,ranking,277853,139647,1157,0.2824,6666,0,3,,,,0,2
2026-09-15,full,/ranking/avg-savings-rate-worker-households,ranking,271398,138150,1109,0.2529,6277,0,2,,,,0,2
2026-09-15,full,/ranking/bacon-consumption-expenditure,ranking,300103,149525,1175,0.2727,6150,0,4,,,,0,2
2026-09-15,full,/ranking/bacon-consumption-quantity,ranking,302822,150632,1192,0.2841,6141,0,4,,,,0,2
2026-09-15,full,/ranking/bamboo-production,ranking,255972,37264,1096,0.2027,5893,0,0,,,,0,1
2026-09-15,full,/ranking/bamboo-shoot-consumption-expenditure,ranking,300837,37418,1179,0.2614,6488,0,4,,,,0,2
2026-09-15,full,/ranking/bamboo-shoot-consumption-quantity,ranking,299647,148935,1177,0.2614,6158,0,4,,,,0,2
2026-09-15,full,/ranking/banana-consumption-expenditure,ranking,300879,149662,1180,0.2614,6225,0,4,,,,0,2
2026-09-15,full,/ranking/banana-consumption-quantity,ranking,302369,150286,1218,0.2614,6125,0,4,,,,0,2
2026-09-15,full,/ranking/bank-deposit-balance-per-person,ranking,280379,140530,1167,0.25,6123,0,2,,,,0,2
2026-09-15,full,/ranking/bank-loan-balance,ranking,276066,139374,1130,0.2235,6427,0,2,,,,0,2
2026-09-15,full,/ranking/bank-personal-deposit,ranking,258954,131052,1086,0.2235,4916,0,2,,,,0,2
2026-09-15,full,/ranking/barber-beautician-annual-income,ranking,267505,130930,1159,0.2874,6271,0,3,,,,0,2
2026-09-15,full,/ranking/barber-beauty-salon-count-per-100k,ranking,277228,138364,1172,0.2917,6079,0,2,,,,0,2
2026-09-15,full,/ranking/barber-beauty-salon-count,ranking,282425,143794,1148,0.2727,6177,0,2,,,,0,2
2026-09-15,full,/ranking/barber-shop-count,ranking,253608,127140,1078,0.2727,5942,0,0,,,,0,1
2026-09-15,full,/ranking/barbershop-consumption-expenditure,ranking,272454,139213,1103,0.2308,6227,0,0,,,,0,1
2026-09-15,full,/ranking/barbershop-consumption-quantity,ranking,272814,139603,1107,0.2308,6032,0,0,,,,0,1
2026-09-15,full,/ranking/barrier-free-housing-rate,ranking,250757,127598,1053,0.2353,4895,0,2,,,,0,2
2026-09-15,full,/ranking/baseball-field-public,ranking,273318,137408,1121,0.2644,6649,0,2,,,,0,2
2026-09-15,full,/ranking/bath-soap-consumption-expenditure,ranking,306381,152731,1192,0.2727,6564,0,4,,,,0,2
2026-09-15,full,/ranking/bathroom-housing-ratio,ranking,268477,136809,1109,0.2644,6137,0,2,,,,0,2
2026-09-15,full,/ranking/batteries-consumption-expenditure,ranking,302575,150293,1196,0.2727,6056,0,4,,,,0,2
2026-09-15,full,/ranking/bean-sprouts-consumption-expenditure,ranking,301322,149427,1206,0.2614,6325,0,4,,,,0,2
2026-09-15,full,/ranking/bean-sprouts-consumption-quantity,ranking,300187,149623,1178,0.2727,6188,0,4,,,,0,2
2026-09-15,full,/ranking/beans-consumption-expenditure,ranking,294592,147057,1202,0.2614,6230,0,4,,,,0,2
2026-09-15,full,/ranking/beauty-appliance-consumption-expenditure,ranking,274622,37532,1105,0.2308,6680,0,0,,,,0,1
2026-09-15,full,/ranking/beauty-salon-count,ranking,236832,118536,1031,0.2727,4660,0,0,,,,0,1
2026-09-15,full,/ranking/bed-consumption-expenditure,ranking,300753,149462,1174,0.2727,6284,0,4,,,,0,2
2026-09-15,full,/ranking/bed-consumption-quantity,ranking,286408,37216,1139,0.2614,4718,0,4,,,,0,2
2026-09-15,full,/ranking/bed-utilization-rate,ranking,249121,126785,1045,0.1972,6180,0,0,,,,0,1
2026-09-15,full,/ranking/beef-consumption-expenditure,ranking,301408,150291,1192,0.2841,6167,0,4,,,,0,2
2026-09-15,full,/ranking/beef-consumption-quantity,ranking,301005,149460,1218,0.2727,6182,0,4,,,,0,2
2026-09-15,full,/ranking/beer-consumption-expenditure,ranking,283580,140621,1136,0.2727,4832,0,4,,,,0,2
2026-09-15,full,/ranking/beer-consumption-quantity,ranking,302372,150122,1216,0.2727,6033,0,4,,,,0,2
2026-09-15,full,/ranking/bento-consumption-expenditure,ranking,300577,149535,1179,0.2727,6244,0,4,,,,0,2
2026-09-15,full,/ranking/births,ranking,216743,97038,1055,0.3333,5838,0,0,,,,1,0
2026-09-15,full,/ranking/biscuit-consumption-expenditure,ranking,282279,37424,1137,0.2614,4931,0,4,,,,0,2
2026-09-15,full,/ranking/black-tea-consumption-expenditure,ranking,297339,148055,1182,0.2614,6067,0,4,,,,0,2
2026-09-15,full,/ranking/black-tea-consumption-quantity,ranking,298396,148515,1185,0.2614,6142,0,4,,,,0,2
2026-09-15,full,/ranking/blank-media-consumption-expenditure,ranking,306572,151725,1226,0.2614,6639,0,4,,,,0,2
2026-09-15,full,/ranking/blanket-consumption-expenditure,ranking,301853,149829,1198,0.2727,6025,0,4,,,,0,2
2026-09-15,full,/ranking/block-park-count-per-100km2,ranking,258585,129125,1108,0.3182,5945,0,0,,,,1,0
2026-09-15,full,/ranking/block-park-count,ranking,270336,135586,1147,0.2907,5895,0,1,,,,0,2
2026-09-15,full,/ranking/blouse-consumption-expenditure,ranking,302599,150301,1191,0.2727,6262,0,4,,,,0,2
2026-09-15,full,/ranking/blouse-consumption-quantity,ranking,300865,149846,1186,0.2614,6057,0,4,,,,0,2
2026-09-15,full,/ranking/bod-pollution-load,ranking,254953,129156,1061,0.2113,6065,0,0,,,,0,1
2026-09-15,full,/ranking/bonito-consumption-expenditure,ranking,299521,148920,1177,0.2614,6354,0,4,,,,0,2
2026-09-15,full,/ranking/bonito-consumption-quantity,ranking,302210,149509,1217,0.2614,6002,0,4,,,,0,2
2026-09-15,full,/ranking/bonus-admin-prefecture,ranking,278906,140413,1155,0.2824,6908,0,3,,,,0,2
2026-09-15,full,/ranking/book-magazine-retail-annual-sales-per-capita,ranking,305950,150347,1251,0.3113,6542,0,6,,,,1,1
2026-09-15,full,/ranking/book-magazine-retail-annual-sales,ranking,309683,154883,1239,0.2766,6581,0,6,,,,0,2
2026-09-15,full,/ranking/books-consumption-expenditure,ranking,298573,148544,1212,0.2614,6105,0,4,,,,0,2
2026-09-15,full,/ranking/botanical-garden-count,ranking,276019,137810,1152,0.2527,6515,0,2,,,,0,2
2026-09-15,full,/ranking/boys-school-uniform-consumption-expenditure,ranking,275110,140654,1118,0.2436,6337,0,0,,,,0,1
2026-09-15,full,/ranking/boys-school-uniform-consumption-quantity,ranking,275865,141027,1114,0.2436,6404,0,0,,,,0,1
2026-09-15,full,/ranking/bread-consumption-expenditure,ranking,301805,150429,1176,0.2614,6495,0,4,,,,0,2
2026-09-15,full,/ranking/broccoli-consumption-expenditure,ranking,304734,151350,1224,0.2614,6257,0,4,,,,0,2
2026-09-15,full,/ranking/broccoli-consumption-quantity,ranking,304457,151083,1218,0.2614,6424,0,4,,,,0,2
2026-09-15,full,/ranking/building-fire-count-per-100-thousand-people,ranking,284824,141138,1167,0.3299,6101,0,4,,,,1,1
2026-09-15,full,/ranking/building-fire-count,ranking,293194,147184,1158,0.2921,6151,0,4,,,,0,2
2026-09-15,full,/ranking/building-fire-damage-amount-per-building-fire,ranking,290044,142886,1174,0.2778,6245,0,4,,,,0,2
2026-09-15,full,/ranking/building-fire-damage-amount-per-person,ranking,288323,37388,1176,0.3265,6155,0,4,,,,1,1
2026-09-15,full,/ranking/burdock-consumption-expenditure,ranking,298129,148335,1181,0.2614,6098,0,4,,,,0,2
2026-09-15,full,/ranking/burdock-consumption-quantity,ranking,297604,147544,1208,0.2614,6257,0,4,,,,0,2
2026-09-15,full,/ranking/bus-commuter-pass-consumption-expenditure,ranking,271161,138491,1093,0.2308,6572,0,0,,,,0,1
2026-09-15,full,/ranking/bus-driver-annual-income,ranking,272566,136465,1145,0.2759,6275,0,3,,,,0,2
2026-09-15,full,/ranking/bus-fare-consumption-expenditure,ranking,270979,138292,1095,0.2308,6340,0,0,,,,0,1
2026-09-15,full,/ranking/bus-operators,ranking,262926,132116,1109,0.2152,5830,0,2,,,,0,2
2026-09-15,full,/ranking/bus-student-pass-consumption-expenditure,ranking,274008,139400,1113,0.2308,6364,0,0,,,,0,1
2026-09-15,full,/ranking/business-tax,ranking,269027,137124,1118,0.314,6209,0,0,,,,1,0
2026-09-15,full,/ranking/butter-consumption-expenditure,ranking,299051,149038,1177,0.2614,6427,0,4,,,,0,2
2026-09-15,full,/ranking/butter-consumption-quantity,ranking,297096,37267,1178,0.2614,6269,0,4,,,,0,2
2026-09-15,full,/ranking/cabbage-consumption-expenditure,ranking,302423,150556,1185,0.2614,6518,0,4,,,,0,2
2026-09-15,full,/ranking/cabbage-consumption-quantity,ranking,283861,140988,1134,0.2614,4798,0,4,,,,0,2
2026-09-15,full,/ranking/cable-tv-fee-consumption-expenditure,ranking,305190,151971,1190,0.2614,6826,0,4,,,,0,2
2026-09-15,full,/ranking/cake-consumption-expenditure,ranking,304410,151497,1190,0.2614,6330,0,4,,,,0,2
2026-09-15,full,/ranking/camera-consumption-expenditure,ranking,301464,149687,1185,0.2614,6638,0,4,,,,0,2
2026-09-15,full,/ranking/campsite-public,ranking,272191,136912,1125,0.2529,6392,0,2,,,,0,2
2026-09-15,full,/ranking/candy-consumption-expenditure,ranking,283838,143358,1147,0.2439,6340,0,1,,,,0,2
2026-09-15,full,/ranking/car-accessories-consumption-expenditure,ranking,273033,139736,1107,0.2308,6474,0,0,,,,0,1
2026-09-15,full,/ranking/car-insurance-mandatory-consumption-expenditure,ranking,279091,142954,1114,0.2308,6739,0,0,,,,0,1
2026-09-15,full,/ranking/car-insurance-voluntary-consumption-expenditure,ranking,274637,140816,1110,0.2308,6517,0,0,,,,0,1
2026-09-15,full,/ranking/car-maintenance-consumption-expenditure,ranking,275920,141745,1106,0.2308,6371,0,0,,,,0,1
2026-09-15,full,/ranking/car-ownership-multi-person-households-per-1000,ranking,272715,136831,1129,0.2874,6380,0,2,,,,0,2
2026-09-15,full,/ranking/car-parts-consumption-expenditure,ranking,274473,140474,1107,0.2308,6445,0,0,,,,0,1
2026-09-15,full,/ranking/car-purchase-consumption-expenditure,ranking,298616,149257,1207,0.2614,6497,0,4,,,,0,2
2026-09-15,full,/ranking/car-purchase-consumption-quantity,ranking,296858,148629,1178,0.2727,6310,0,4,,,,0,2
2026-09-15,full,/ranking/carbonated-drink-consumption-expenditure,ranking,273802,140273,1100,0.2308,6312,0,0,,,,0,1
2026-09-15,full,/ranking/care-manager-annual-income,ranking,276558,138151,1143,0.2353,6640,0,2,,,,0,2
2026-09-15,full,/ranking/care-worker-annual-income,ranking,254478,128344,1087,0.2644,4901,0,3,,,,0,2
2026-09-15,full,/ranking/carpenter-annual-income,ranking,262902,128778,1129,0.2353,6271,0,2,,,,0,2
2026-09-15,full,/ranking/carried-forward-income-prefecture,ranking,268848,137121,1119,0.314,6210,0,0,,,,1,0
2026-09-15,full,/ranking/carrot-consumption-expenditure,ranking,301585,149871,1180,0.2614,6436,0,4,,,,0,2
2026-09-15,full,/ranking/carrot-consumption-quantity,ranking,283679,140623,1130,0.2614,4767,0,4,,,,0,2
2026-09-15,full,/ranking/carryover-income-prefecture,ranking,269541,137231,1122,0.3023,6198,0,0,,,,1,0
2026-09-15,full,/ranking/castella-consumption-expenditure,ranking,280941,139077,1130,0.2614,4886,0,4,,,,0,2
2026-09-15,full,/ranking/certified-childcare-center-count-per-100k-0-5,ranking,274892,138921,1138,0.2299,6206,0,2,,,,0,2
2026-09-15,full,/ranking/certified-childcare-center-education-cost-per-student,ranking,275893,140233,1131,0.2353,6633,0,2,,,,0,2
2026-09-15,full,/ranking/charcoal-production,ranking,262420,133061,1095,0.2027,6004,0,0,,,,0,1
2026-09-15,full,/ranking/cheese-consumption-expenditure,ranking,299934,149293,1178,0.2614,6353,0,4,,,,0,2
2026-09-15,full,/ranking/cheese-consumption-quantity,ranking,301996,149831,1189,0.2727,6070,0,4,,,,0,2
2026-09-15,full,/ranking/chest-consumption-expenditure,ranking,299472,148348,1179,0.2614,6396,0,4,,,,0,2
2026-09-15,full,/ranking/chest-consumption-quantity,ranking,301240,149469,1197,0.2727,6143,0,4,,,,0,2
2026-09-15,full,/ranking/chicken-consumption-expenditure,ranking,302860,150837,1184,0.2727,6254,0,4,,,,0,2
2026-09-15,full,/ranking/chicken-consumption-quantity,ranking,301562,150378,1185,0.2727,5980,0,4,,,,0,2
2026-09-15,full,/ranking/chikuwa-consumption-expenditure,ranking,283190,141159,1134,0.2614,4844,0,4,,,,0,2
2026-09-15,full,/ranking/child-consultation-center-cases-per-1000,ranking,276958,37428,1154,0.2813,6336,0,2,,,,0,2
2026-09-15,full,/ranking/child-consultation-center-cases,ranking,279051,141492,1143,0.2386,6285,0,2,,,,0,2
2026-09-15,full,/ranking/child-welfare-expenditure-ratio-pref-finance,ranking,271352,138358,1119,0.2527,6479,0,2,,,,0,2
2026-09-15,full,/ranking/child-welfare-expenses-prefecture,ranking,272797,36292,1129,0.25,6034,0,2,,,,0,2
2026-09-15,full,/ranking/child-welfare-facility-count-per-100k,ranking,258196,129661,1089,0.2737,4893,0,2,,,,0,2
2026-09-15,full,/ranking/child-welfare-facility-staff-per-100k,ranking,274409,138342,1132,0.2737,6421,0,2,,,,0,2
2026-09-15,full,/ranking/childcare-employment-rate,ranking,270419,136655,1128,0.2299,6328,0,3,,,,0,2
2026-09-15,full,/ranking/childcare-fee-consumption-expenditure,ranking,274046,140282,1107,0.2436,6383,0,0,,,,0,1
2026-09-15,full,/ranking/childrens-clothes-consumption-expenditure,ranking,275430,138047,1118,0.2558,4898,0,3,,,,0,2
2026-09-15,full,/ranking/childrens-clothes-consumption-quantity,ranking,294291,148031,1188,0.2674,6152,0,3,,,,0,2
2026-09-15,full,/ranking/childrens-clothing-consumption-expenditure,ranking,272266,136638,1111,0.2558,4984,0,3,,,,0,2
2026-09-15,full,/ranking/childrens-shoes-consumption-expenditure,ranking,303085,151669,1183,0.2614,6725,0,4,,,,0,2
2026-09-15,full,/ranking/childrens-shoes-consumption-quantity,ranking,301446,150514,1179,0.2614,6374,0,4,,,,0,2
2026-09-15,full,/ranking/childrens-sleepwear-consumption-expenditure,ranking,292027,147138,1160,0.25,6581,0,2,,,,0,2
2026-09-15,full,/ranking/childrens-socks-consumption-expenditure,ranking,301113,150157,1181,0.2614,6591,0,4,,,,0,2
2026-09-15,full,/ranking/childrens-socks-consumption-quantity,ranking,302523,151349,1195,0.2614,6127,0,4,,,,0,2
2026-09-15,full,/ranking/childrens-underwear-consumption-expenditure,ranking,284117,144000,1141,0.2439,6385,0,1,,,,0,2
2026-09-15,full,/ranking/chinese-cabbage-consumption-expenditure,ranking,274641,140688,1120,0.2564,6177,0,0,,,,0,1
2026-09-15,full,/ranking/chinese-cabbage-consumption-quantity,ranking,272911,139664,1113,0.2308,6131,0,0,,,,0,1
2026-09-15,full,/ranking/chinese-food-dining-consumption-expenditure,ranking,301071,150073,1189,0.2614,6315,0,4,,,,0,2
2026-09-15,full,/ranking/chinese-noodles-consumption-expenditure,ranking,302692,151127,1184,0.2614,6420,0,4,,,,0,2
2026-09-15,full,/ranking/chinese-noodles-consumption-quantity,ranking,299969,149364,1183,0.2614,6287,0,4,,,,0,2
2026-09-15,full,/ranking/chiropractic-acupuncture-consumption-expenditure,ranking,275849,141004,1115,0.2308,6720,0,0,,,,0,1
2026-09-15,full,/ranking/chocolate-consumption-expenditure,ranking,300098,149820,1179,0.2614,6276,0,4,,,,0,2
2026-09-15,full,/ranking/chocolate-snack-consumption-expenditure,ranking,304327,151791,1178,0.2727,6609,0,4,,,,0,2
2026-09-15,full,/ranking/chuhai-consumption-expenditure,ranking,300516,37514,1180,0.2614,6617,0,4,,,,0,2
2026-09-15,full,/ranking/chuhai-consumption-quantity,ranking,301051,149684,1180,0.2614,6699,0,4,,,,0,2
2026-09-15,full,/ranking/city-gas-consumption-expenditure,ranking,273157,139652,1104,0.2308,6262,0,0,,,,0,1
2026-09-15,full,/ranking/city-gas-meter-count,ranking,270368,135525,1134,0.3133,6224,0,2,,,,1,1
2026-09-15,full,/ranking/city-gas-sales-volume,ranking,270960,136328,1134,0.3012,6061,0,2,,,,1,1
2026-09-15,full,/ranking/city-gas-supply-area-household-ratio,ranking,254297,129555,1064,0.2532,6440,0,0,,,,0,1
2026-09-15,full,/ranking/city-gas-supply-area-households,ranking,270412,136252,1119,0.3133,6480,0,2,,,,1,1
2026-09-15,full,/ranking/city-ward-assembly-members,ranking,222882,101093,1078,0.25,6013,0,0,,,,0,1
2026-09-15,full,/ranking/civil-engineering-expense-municipal,ranking,210706,97535,1013,0.3289,4755,0,0,,,,1,0
2026-09-15,full,/ranking/clam-consumption-expenditure,ranking,298201,148124,1205,0.2614,6277,0,4,,,,0,2
2026-09-15,full,/ranking/clam-consumption-quantity,ranking,302979,150387,1220,0.2614,6763,0,4,,,,0,2
2026-09-15,full,/ranking/cleaning-expenses-prefecture,ranking,266135,134952,1116,0.3023,6170,0,0,,,,1,0
2026-09-15,full,/ranking/cleaning-service-consumption-expenditure,ranking,271015,138436,1096,0.2308,6221,0,0,,,,0,1
2026-09-15,full,/ranking/cleaning-shop-count-per-100k,ranking,271569,135623,1141,0.2842,6271,0,2,,,,0,2
2026-09-15,full,/ranking/cleaning-worker-annual-income,ranking,272796,136562,1138,0.2759,6690,0,3,,,,0,2
2026-09-15,full,/ranking/clothing-footwear-expenditure-ratio-multi-person-households,ranking,274256,139950,1110,0.2299,6546,0,2,,,,0,2
2026-09-15,full,/ranking/clothing-footwear-expenditure-total,ranking,226656,105405,1049,0.2647,6332,0,0,,,,0,1
2026-09-15,full,/ranking/clothing-rental-consumption-expenditure,ranking,271106,138160,1094,0.2308,6472,0,0,,,,0,1
2026-09-15,full,/ranking/cocoa-consumption-expenditure,ranking,302434,150008,1180,0.2727,6821,0,4,,,,0,2
2026-09-15,full,/ranking/cod-pollution-load,ranking,255101,129396,1056,0.2254,6335,0,0,,,,0,1
2026-09-15,full,/ranking/cod-roe-consumption-expenditure,ranking,299015,149327,1189,0.2727,6197,0,4,,,,0,2
2026-09-15,full,/ranking/cod-roe-consumption-quantity,ranking,298086,148450,1189,0.2727,6055,0,4,,,,0,2
2026-09-15,full,/ranking/coffee-consumption-expenditure,ranking,297858,148467,1184,0.2614,6212,0,4,,,,0,2
2026-09-15,full,/ranking/coffee-consumption-quantity,ranking,296792,147561,1188,0.2614,6110,0,4,,,,0,2
2026-09-15,full,/ranking/coffee-drink-consumption-expenditure,ranking,299288,149404,1191,0.2614,6390,0,4,,,,0,2
2026-09-15,full,/ranking/coffee-shop-consumption-expenditure,ranking,272302,139106,1096,0.2308,6374,0,0,,,,0,1
2026-09-15,full,/ranking/cold-medicine-consumption-expenditure,ranking,300318,150047,1191,0.2841,6200,0,4,,,,0,2
2026-09-15,full,/ranking/commerce-industry-expenditure-ratio-pref-finance,ranking,266882,138313,1093,0.3023,6271,0,0,,,,1,0
2026-09-15,full,/ranking/commerce-industry-expenses-prefecture,ranking,274566,141931,1121,0.3023,6242,0,0,,,,1,0
2026-09-15,full,/ranking/commercial-and-neighborhood-commercial-area-ratio,ranking,276957,142646,1126,0.2414,6432,0,2,,,,0,2
2026-09-15,full,/ranking/commission-fees-prefecture,ranking,273743,141496,1114,0.2907,6222,0,0,,,,0,1
2026-09-15,full,/ranking/community-sports-facility-count-per-million,ranking,280200,142214,1152,0.2737,6348,0,2,,,,0,2
2026-09-15,full,/ranking/commute-by-bicycle,ranking,271173,37462,1117,0.2414,6608,0,2,,,,0,2
2026-09-15,full,/ranking/commute-by-bus,ranking,272277,137209,1133,0.2529,6466,0,2,,,,0,2
2026-09-15,full,/ranking/commute-by-car,ranking,271445,137514,1113,0.2644,6647,0,2,,,,0,2
2026-09-15,full,/ranking/commute-by-motorcycle,ranking,272090,137230,1117,0.2759,6809,0,2,,,,0,2
2026-09-15,full,/ranking/commute-by-train,ranking,272727,137735,1120,0.2529,6635,0,2,,,,0,2
2026-09-15,full,/ranking/commute-on-foot,ranking,269225,136016,1114,0.2529,6536,0,2,,,,0,2
2026-09-15,full,/ranking/commuter-ratio-from-other-municipalities,ranking,270897,138097,1122,0.236,6468,0,3,,,,0,2
2026-09-15,full,/ranking/commuter-ratio-to-other-municipalities,ranking,272279,138912,1128,0.236,6331,0,3,,,,0,2
2026-09-15,full,/ranking/commuters-total,ranking,269653,136745,1112,0.2529,6559,0,2,,,,0,2
2026-09-15,full,/ranking/company-housing-rent-consumption-expenditure,ranking,275229,140792,1103,0.2308,6478,0,0,,,,0,1
2026-09-15,full,/ranking/company-housing-rent-consumption-quantity,ranking,269148,136646,1096,0.2308,6385,0,0,,,,0,1
2026-09-15,full,/ranking/complainant-count,ranking,261236,131481,1090,0.25,6349,0,0,,,,0,1
2026-09-15,full,/ranking/complainant-rate-per-1000,ranking,257019,130698,1078,0.25,6027,0,0,,,,0,1
2026-09-15,full,/ranking/comprehensive-park-count,ranking,267236,134365,1131,0.2706,6120,0,1,,,,0,2
2026-09-15,full,/ranking/compulsory-education-school-count-per-100k-6-14,ranking,275254,37375,1139,0.2747,6450,0,2,,,,0,2
2026-09-15,full,/ranking/construction-industry-count,ranking,228183,103165,1085,0.2603,6042,0,2,,,,0,2
2026-09-15,full,/ranking/construction-private-employees,ranking,190693,84623,949,0.2597,4975,0,2,,,,0,2
2026-09-15,full,/ranking/consumer-price-difference-index-clothing-footwear,ranking,255272,129171,1076,0.2644,5135,0,2,,,,0,2
2026-09-15,full,/ranking/consumer-price-difference-index-culture-recreation,ranking,275647,140467,1129,0.2529,6670,0,2,,,,0,2
2026-09-15,full,/ranking/consumer-price-difference-index-education,ranking,272782,138386,1135,0.2414,6348,0,2,,,,0,2
2026-09-15,full,/ranking/consumer-price-difference-index-food,ranking,253698,128492,1071,0.2414,5061,0,2,,,,0,2
2026-09-15,full,/ranking/consumer-price-difference-index-furniture-household,ranking,276672,140992,1126,0.2414,6936,0,2,,,,0,2
2026-09-15,full,/ranking/consumer-price-difference-index-healthcare,ranking,273804,139352,1132,0.2529,6481,0,2,,,,0,2
2026-09-15,full,/ranking/consumer-price-difference-index-housing,ranking,271090,137557,1117,0.2529,6524,0,2,,,,0,2
2026-09-15,full,/ranking/consumer-price-difference-index-miscellaneous,ranking,255766,129564,1076,0.2299,5124,0,2,,,,0,2
2026-09-15,full,/ranking/consumer-price-difference-index-overall-excl-rent,ranking,259315,131762,1083,0.2299,5121,0,2,,,,0,2
2026-09-15,full,/ranking/consumer-price-difference-index-overall,ranking,279544,142624,1131,0.2529,6734,0,2,,,,0,2
2026-09-15,full,/ranking/consumer-price-difference-index-transport-communication,ranking,274366,139646,1131,0.2414,6474,0,2,,,,0,2
2026-09-15,full,/ranking/consumer-price-difference-index-utilities,ranking,275324,140105,1126,0.2414,6678,0,2,,,,0,2
2026-09-15,full,/ranking/consumption-expenditure-multi-person-households-per-month,ranking,282073,143737,1141,0.2644,6330,0,2,,,,0,2
2026-09-15,full,/ranking/consumption-expenditure-total,ranking,253095,131165,1036,0.2308,4780,0,0,,,,0,1
2026-09-15,full,/ranking/contact-lens-consumption-expenditure,ranking,284370,141267,1129,0.2614,5071,0,4,,,,0,2
2026-09-15,full,/ranking/convenience-store-count-commercial,ranking,278388,139634,1149,0.3059,6611,0,2,,,,1,1
2026-09-15,full,/ranking/convenience-store-count-per-100k,ranking,276841,37432,1165,0.299,6267,0,2,,,,0,2
2026-09-15,full,/ranking/convenience-store-count,ranking,278372,139630,1152,0.2921,6492,0,2,,,,0,2
2026-09-15,full,/ranking/convenience-store-sales-monthly,ranking,273891,140157,1104,0.2771,7036,0,2,,,,0,2
2026-09-15,full,/ranking/convenience-store-sales-yoy,ranking,268440,137341,1093,0.2651,6952,0,2,,,,0,2
2026-09-15,full,/ranking/convenience-store-sales,ranking,274633,138290,1126,0.2892,6661,0,2,,,,0,2
2026-09-15,full,/ranking/cook-annual-income,ranking,274612,136826,1151,0.2759,6680,0,3,,,,0,2
2026-09-15,full,/ranking/cook-licensees-by-prefecture,ranking,245085,122097,1053,0.2597,6677,0,0,,,,0,1
2026-09-15,full,/ranking/cooking-appliance-consumption-expenditure,ranking,274897,140752,1107,0.2308,6566,0,0,,,,0,1
2026-09-15,full,/ranking/cooking-appliance-consumption-quantity,ranking,275012,140981,1119,0.2308,6230,0,0,,,,0,1
2026-09-15,full,/ranking/cooking-oil-consumption-expenditure,ranking,303578,151402,1189,0.2614,6496,0,4,,,,0,2
2026-09-15,full,/ranking/cooking-oil-consumption-quantity,ranking,300798,149972,1184,0.2614,6263,0,4,,,,0,2
2026-09-15,full,/ranking/core-agricultural-workers,ranking,205520,92576,1010,0.2639,4857,0,0,,,,0,1
2026-09-15,full,/ranking/cosmetic-cream-consumption-expenditure,ranking,287989,143090,1131,0.2727,4996,0,4,,,,0,2
2026-09-15,full,/ranking/cpi-change-rate-clothing,ranking,272275,139430,1122,0.2644,6145,0,2,,,,0,2
2026-09-15,full,/ranking/cpi-change-rate-culture-recreation,ranking,271609,139395,1107,0.2759,6461,0,2,,,,0,2
2026-09-15,full,/ranking/cpi-change-rate-education,ranking,274196,141254,1124,0.2529,6144,0,2,,,,0,2
2026-09-15,full,/ranking/cpi-change-rate-excl-food-energy,ranking,271026,137364,1133,0.2644,6244,0,2,,,,0,2
2026-09-15,full,/ranking/cpi-change-rate-excl-fresh-food-energy,ranking,271022,137192,1135,0.2644,6254,0,2,,,,0,2
2026-09-15,full,/ranking/cpi-change-rate-excl-fresh-food,ranking,248877,126022,1053,0.2759,4916,0,2,,,,0,2
2026-09-15,full,/ranking/cpi-change-rate-excl-owner-rent,ranking,267162,135929,1102,0.2414,6401,0,2,,,,0,2
2026-09-15,full,/ranking/cpi-change-rate-food,ranking,274983,141789,1107,0.2529,6474,0,2,,,,0,2
2026-09-15,full,/ranking/cpi-change-rate-furniture,ranking,273259,140361,1123,0.2529,6157,0,2,,,,0,2
2026-09-15,full,/ranking/cpi-change-rate-healthcare,ranking,272196,139354,1123,0.2874,6191,0,2,,,,0,2
2026-09-15,full,/ranking/cpi-change-rate-housing,ranking,270920,138623,1117,0.2644,6206,0,2,,,,0,2
2026-09-15,full,/ranking/cpi-change-rate-miscellaneous,ranking,271234,138559,1123,0.2759,6168,0,2,,,,0,2
2026-09-15,full,/ranking/cpi-change-rate-total,ranking,255931,131460,1059,0.2644,4871,0,2,,,,0,2
2026-09-15,full,/ranking/cpi-change-rate-transport-communication,ranking,274671,141513,1124,0.2414,6227,0,2,,,,0,2
2026-09-15,full,/ranking/cpi-change-rate-utilities,ranking,273955,141004,1118,0.2874,6204,0,2,,,,0,2
2026-09-15,full,/ranking/cpi-regional-difference-index-food-51cities100,ranking,272908,139543,1117,0.2299,6477,0,2,,,,0,2
2026-09-15,full,/ranking/cpi-regional-difference-index-food-tokyo100,ranking,275815,141967,1123,0.2299,6379,0,2,,,,0,2
2026-09-15,full,/ranking/cpi-regional-difference-index-total-51cities100,ranking,280085,141449,1143,0.2299,6649,0,2,,,,0,2
2026-09-15,full,/ranking/cpi-regional-difference-index-total-tokyo100,ranking,281119,143320,1141,0.2299,6502,0,2,,,,0,2
2026-09-15,full,/ranking/crab-consumption-expenditure,ranking,299069,149035,1188,0.2614,6022,0,4,,,,0,2
2026-09-15,full,/ranking/crab-consumption-quantity,ranking,297296,147246,1218,0.2614,5941,0,4,,,,0,2
2026-09-15,full,/ranking/craft-materials-consumption-expenditure,ranking,300891,149603,1177,0.2614,6382,0,4,,,,0,2
2026-09-15,full,/ranking/criminal-arrest-rate,ranking,261244,134854,1068,0.2785,5937,0,0,,,,0,1
2026-09-15,full,/ranking/criminal-recognition-count-of-prostitution-crime-rate,ranking,261516,135711,1049,0.2785,6655,0,0,,,,0,1
2026-09-15,full,/ranking/criminal-recognition-count-of-serious-crime-rate,ranking,262711,136567,1048,0.2658,6673,0,0,,,,0,1
2026-09-15,full,/ranking/criminal-recognition-count-of-theft-crime-rate,ranking,261444,135351,1055,0.2658,6673,0,0,,,,0,1
2026-09-15,full,/ranking/criminal-recognition-count-of-violent-crime-rate,ranking,264242,137082,1063,0.2658,6689,0,0,,,,0,1
2026-09-15,full,/ranking/criminal-recognition-count,ranking,266806,135674,1090,0.275,6179,0,0,,,,0,1
2026-09-15,full,/ranking/croquette-consumption-expenditure,ranking,299068,148762,1209,0.2727,6450,0,4,,,,0,2
2026-09-15,full,/ranking/crude-birth-rate,ranking,262736,37189,1104,0.3409,6188,0,0,,,,1,0
2026-09-15,full,/ranking/crude-death-rate,ranking,267542,37196,1126,0.3409,5921,0,0,,,,1,0
2026-09-15,full,/ranking/cucumber-consumption-expenditure,ranking,282543,140197,1159,0.2614,4891,0,4,,,,0,2
2026-09-15,full,/ranking/cucumber-consumption-quantity,ranking,300536,37320,1187,0.2614,6208,0,4,,,,0,2
2026-09-15,full,/ranking/cultivated-area,ranking,272648,139804,1123,0.253,5870,0,0,,,,0,1
2026-09-15,full,/ranking/cultivated-land-area-per-household,ranking,274044,140315,1129,0.2529,5934,0,0,,,,0,1
2026-09-15,full,/ranking/cultivated-land-area-ratio,ranking,256087,131030,1061,0.3103,6069,0,0,,,,1,0
2026-09-15,full,/ranking/cultural-facility-admission-consumption-expenditure,ranking,274313,140639,1096,0.2436,6637,0,0,,,,0,1
2026-09-15,full,/ranking/culture-recreation-cost-all-households,ranking,216631,100243,1024,0.2597,4965,0,2,,,,0,2
2026-09-15,full,/ranking/culture-recreation-expenditure-ratio-multi-person-households,ranking,257193,131145,1069,0.2299,4934,0,2,,,,0,2
2026-09-15,full,/ranking/culture-recreation-expenditure-total,ranking,226018,104969,1049,0.2647,6224,0,0,,,,0,1
2026-09-15,full,/ranking/cup-noodles-consumption-expenditure,ranking,303228,150872,1176,0.2614,6300,0,4,,,,0,2
2026-09-15,full,/ranking/cup-noodles-consumption-quantity,ranking,302893,150611,1194,0.2727,6170,0,4,,,,0,2
2026-09-15,full,/ranking/cupboard-consumption-expenditure,ranking,300160,149377,1198,0.2614,6457,0,4,,,,0,2
2026-09-15,full,/ranking/cupboard-consumption-quantity,ranking,299651,148885,1194,0.2614,6332,0,4,,,,0,2
2026-09-15,full,/ranking/current-balance-ratio,ranking,269359,37268,1104,0.3023,6288,0,0,,,,1,0
2026-09-15,full,/ranking/current-deposit-balance-ratio-multi-person-households,ranking,272482,139139,1111,0.2414,6466,0,2,,,,0,2
2026-09-15,full,/ranking/current-liabilities-balance-multi-person-households-per-household,ranking,278299,140607,1142,0.2414,6248,0,2,,,,0,2
2026-09-15,full,/ranking/current-life-insurance-balance-ratio-multi-person-households,ranking,275088,140450,1127,0.2299,6306,0,2,,,,0,2
2026-09-15,full,/ranking/current-savings-balance-multi-person-households,ranking,276862,140186,1135,0.2529,6196,0,2,,,,0,2
2026-09-15,full,/ranking/current-securities-balance-ratio-multi-person-households,ranking,257098,131113,1069,0.2299,5010,0,2,,,,0,2
2026-09-15,full,/ranking/curry-roux-consumption-expenditure,ranking,300862,150170,1175,0.2614,6547,0,4,,,,0,2
2026-09-15,full,/ranking/curry-roux-consumption-quantity,ranking,300017,149678,1182,0.2727,6166,0,4,,,,0,2
2026-09-15,full,/ranking/curtain-consumption-expenditure,ranking,303704,151120,1185,0.2614,6329,0,4,,,,0,2
2026-09-15,full,/ranking/cut-flowers-consumption-expenditure,ranking,300181,150038,1184,0.2727,6385,0,4,,,,0,2
2026-09-15,full,/ranking/cutlet-consumption-expenditure,ranking,281558,140382,1140,0.2614,4878,0,4,,,,0,2
2026-09-15,full,/ranking/daikon-consumption-expenditure,ranking,290316,146034,1162,0.25,6182,0,2,,,,0,2
2026-09-15,full,/ranking/daikon-consumption-quantity,ranking,288981,145245,1175,0.25,6014,0,2,,,,0,2
2026-09-15,full,/ranking/dairy-cattle-count,ranking,264933,134360,1104,0.2179,6085,0,0,,,,0,1
2026-09-15,full,/ranking/day-time-population-ratio,ranking,253800,129383,1069,0.2658,5999,0,0,,,,0,1
2026-09-15,full,/ranking/day-time-population,ranking,214082,37261,1042,0.3043,6143,0,0,,,,1,0
2026-09-15,full,/ranking/daytime-population-ratio,ranking,252694,37297,1052,0.2597,6107,0,0,,,,0,1
2026-09-15,full,/ranking/death-accident,ranking,216550,37352,1039,0.3714,6456,0,0,,,,1,0
2026-09-15,full,/ranking/death-count,ranking,219768,99480,1048,0.2609,5991,0,0,,,,0,1
2026-09-15,full,/ranking/deaths-cerebrovascular-disease-per-100k,ranking,265688,136000,1092,0.2727,6563,0,0,,,,0,1
2026-09-15,full,/ranking/deaths-cerebrovascular-disease,ranking,250651,127920,1048,0.25,5008,0,0,,,,0,1
2026-09-15,full,/ranking/deaths-diabetes-per-100k,ranking,260626,37360,1102,0.3409,6160,0,0,,,,1,0
2026-09-15,full,/ranking/deaths-diabetes,ranking,248236,125933,1037,0.3125,4834,0,0,,,,1,0
2026-09-15,full,/ranking/deaths-heart-disease-excl-hypertensive-per-100k,ranking,264003,135870,1091,0.2759,6547,0,0,,,,0,1
2026-09-15,full,/ranking/deaths-hypertensive-diseases-per-100k,ranking,259949,37501,1094,0.3409,6473,0,0,,,,1,0
2026-09-15,full,/ranking/deaths-hypertensive-diseases,ranking,247922,37454,1042,0.3,5016,0,0,,,,0,1
2026-09-15,full,/ranking/deaths-lifestyle-diseases-per-100k,ranking,262944,37475,1094,0.3409,6675,0,0,,,,1,0
2026-09-15,full,/ranking/deaths-lifestyle-diseases,ranking,267348,136753,1094,0.2875,6384,0,0,,,,0,1
2026-09-15,full,/ranking/deaths-malignant-neoplasms-per-100k,ranking,267396,136671,1123,0.3295,6457,0,0,,,,1,0
2026-09-15,full,/ranking/deep-fried-fish-cake-consumption-expenditure,ranking,284893,141049,1147,0.2614,5044,0,4,,,,0,2
2026-09-15,full,/ranking/delivery-fee-consumption-expenditure,ranking,256741,131168,1059,0.2308,4869,0,0,,,,0,1
2026-09-15,full,/ranking/dementia-death-rate,ranking,254908,128213,1073,0.2857,6197,0,0,,,,0,1
2026-09-15,full,/ranking/densely-inhabited-district-population-density,ranking,253584,129846,1051,0.2785,6493,0,0,,,,0,1
2026-09-15,full,/ranking/densely-inhabited-district-population-ratio,ranking,256562,130815,1067,0.2771,6463,0,0,,,,0,1
2026-09-15,full,/ranking/densely-inhabited-district-population,ranking,214330,37453,1032,0.3188,6269,0,0,,,,1,0
2026-09-15,full,/ranking/densely-populated-area-change-rate,ranking,252385,128133,1052,0.2785,6504,0,0,,,,0,1
2026-09-15,full,/ranking/densely-populated-area-ratio,ranking,254464,129528,1059,0.2892,6332,0,0,,,,0,1
2026-09-15,full,/ranking/densely-populated-area,ranking,215093,95719,1040,0.3043,6437,0,0,,,,1,0
2026-09-15,full,/ranking/dental-checkup-guidance-persons-per-1000,ranking,266032,37522,1103,0.2727,6391,0,0,,,,0,1
2026-09-15,full,/ranking/dental-checkup-guidance-persons,ranking,268387,137011,1088,0.2625,6558,0,0,,,,0,1
2026-09-15,full,/ranking/dental-checkup-persons-per-1000,ranking,259664,129162,1105,0.2841,6330,0,0,,,,0,1
2026-09-15,full,/ranking/dental-checkup-persons,ranking,261015,130761,1101,0.2625,6258,0,0,,,,0,1
2026-09-15,full,/ranking/dental-checkup-recipients,ranking,253896,129558,1062,0.2597,6666,0,0,,,,0,1
2026-09-15,full,/ranking/dental-clinic-count-per-100k,ranking,250719,37333,1062,0.2809,4787,0,0,,,,0,1
2026-09-15,full,/ranking/dental-clinic-count-per-100km2,ranking,263787,133382,1098,0.3258,6121,0,0,,,,1,0
2026-09-15,full,/ranking/dental-clinic-count,ranking,243163,121174,1046,0.2593,4750,0,0,,,,0,1
2026-09-15,full,/ranking/dental-fee-consumption-expenditure,ranking,272011,37440,1093,0.2308,6326,0,0,,,,0,1
2026-09-15,full,/ranking/dental-guidance-persons-per-1000,ranking,261664,130468,1114,0.2727,6168,0,0,,,,0,1
2026-09-15,full,/ranking/dental-guidance-persons,ranking,261217,131029,1104,0.2625,6132,0,0,,,,0,1
2026-09-15,full,/ranking/dental-hygienist-annual-income,ranking,236971,117322,1027,0.2208,4964,0,0,,,,0,1
2026-09-15,full,/ranking/dental-hygienist-by-prefecture,ranking,233286,118579,1003,0.2727,5046,0,0,,,,0,1
2026-09-15,full,/ranking/dental-hygienist-rate,ranking,260179,129963,1098,0.2564,6526,0,0,,,,0,1
2026-09-15,full,/ranking/dental-technician-rate,ranking,256094,127782,1082,0.2564,6483,0,0,,,,0,1
2026-09-15,full,/ranking/dentist-annual-income,ranking,227114,109551,1030,0.2208,4883,0,0,,,,0,1
2026-09-15,full,/ranking/dentists-in-medical-facilities-per-100k,ranking,261065,37355,1099,0.2841,6270,0,0,,,,0,1
2026-09-15,full,/ranking/dentists-in-medical-facilities,ranking,261166,132045,1087,0.2375,6193,0,0,,,,0,1
2026-09-15,full,/ranking/department-store-count-per-100k,ranking,271290,135739,1141,0.2737,5992,0,2,,,,0,2
2026-09-15,full,/ranking/department-supermarket-count-per-100k,ranking,261497,130811,1109,0.2813,4990,0,2,,,,0,2
2026-09-15,full,/ranking/department-supermarket-count,ranking,276037,137722,1161,0.2614,6265,0,2,,,,0,2
2026-09-15,full,/ranking/department-supermarket-sales,ranking,268170,132965,1125,0.2289,6567,0,2,,,,0,2
2026-09-15,full,/ranking/dependent-population-index,ranking,259265,37291,1076,0.2771,5993,0,0,,,,0,1
2026-09-15,full,/ranking/deposit-balance-per-person,ranking,283344,37324,1167,0.2708,5961,0,2,,,,0,2
2026-09-15,full,/ranking/deposit-balance,ranking,281285,142649,1144,0.2326,6194,0,2,,,,0,2
2026-09-15,full,/ranking/designated-difficult-disease,ranking,254263,129892,1051,0.2727,6907,0,0,,,,0,1
2026-09-15,full,/ranking/designer-annual-income,ranking,272440,136191,1143,0.2644,6273,0,3,,,,0,2
2026-09-15,full,/ranking/detached-house-ratio,ranking,267031,135568,1099,0.2529,6228,0,2,,,,0,2
2026-09-15,full,/ranking/dietitian-annual-income,ranking,255675,128076,1076,0.2338,6503,0,0,,,,0,1
2026-09-15,full,/ranking/dining-out-consumption-expenditure,ranking,303120,150735,1182,0.2614,6440,0,4,,,,0,2
2026-09-15,full,/ranking/disabled-employment-rate,ranking,269624,137163,1115,0.2697,6100,0,3,,,,0,2
2026-09-15,full,/ranking/disabled-job-ratio-per-1000,ranking,278327,143058,1133,0.2796,6721,0,3,,,,0,2
2026-09-15,full,/ranking/disaster-damage-amount-per-person,ranking,259211,131572,1075,0.3182,6127,0,0,,,,1,0
2026-09-15,full,/ranking/disaster-damage-amount,ranking,267980,137507,1085,0.25,6148,0,0,,,,0,1
2026-09-15,full,/ranking/disaster-recovery-expenditure-ratio-pref-finance,ranking,274951,142602,1117,0.2472,6128,0,1,,,,0,2
2026-09-15,full,/ranking/disaster-recovery-expenses-prefecture,ranking,272095,139862,1105,0.2667,6371,0,1,,,,0,2
2026-09-15,full,/ranking/disaster-recovery-project-expenses-prefecture,ranking,279003,37453,1120,0.2584,6463,0,1,,,,0,2
2026-09-15,full,/ranking/disaster-relief-expenses-prefecture,ranking,260352,133478,1078,0.2472,4817,0,1,,,,0,2
2026-09-15,full,/ranking/discharged-patients,ranking,219543,99941,1049,0.3043,5913,0,0,,,,1,0
2026-09-15,full,/ranking/disposable-income-after-rent,ranking,255204,132124,1044,0.25,5001,0,0,,,,0,1
2026-09-15,full,/ranking/disposable-income-worker-households,ranking,268860,139511,1077,0.2759,5426,0,2,,,,0,2
2026-09-15,full,/ranking/divorces-per-total-population,ranking,261952,37399,1090,0.3448,5917,0,0,,,,1,0
2026-09-15,full,/ranking/divorces,ranking,220323,100353,1056,0.3478,5763,0,0,,,,1,0
2026-09-15,full,/ranking/doctor-annual-income,ranking,255038,128479,1072,0.2338,6285,0,0,,,,0,1
2026-09-15,full,/ranking/dog-registration-count,ranking,254911,128251,1074,0.2597,6094,0,0,,,,0,1
2026-09-15,full,/ranking/domestic-bank-deposit-balance,ranking,239305,109385,1113,0.25,6131,0,2,,,,0,2
2026-09-15,full,/ranking/domestic-package-tour-consumption-expenditure,ranking,273702,140343,1096,0.2308,6674,0,0,,,,0,1
2026-09-15,full,/ranking/domestic-student-remittance-consumption-expenditure,ranking,273801,139981,1102,0.2308,6714,0,0,,,,0,1
2026-09-15,full,/ranking/donations-consumption-expenditure,ranking,273884,139861,1113,0.2308,6217,0,0,,,,0,1
2026-09-15,full,/ranking/donations-prefecture,ranking,268049,136176,1116,0.3023,6159,0,0,,,,1,0
2026-09-15,full,/ranking/dress-shirt-consumption-expenditure,ranking,303280,151164,1198,0.2614,6213,0,4,,,,0,2
2026-09-15,full,/ranking/dress-shirt-consumption-quantity,ranking,302112,150653,1197,0.2614,6274,0,4,,,,0,2
2026-09-15,full,/ranking/dressing-consumption-expenditure,ranking,300704,149758,1179,0.2614,6703,0,4,,,,0,2
2026-09-15,full,/ranking/dressing-consumption-quantity,ranking,282794,140318,1137,0.2727,4867,0,4,,,,0,2
2026-09-15,full,/ranking/dried-mackerel-consumption-expenditure,ranking,297652,148356,1175,0.2614,6374,0,4,,,,0,2
2026-09-15,full,/ranking/dried-mackerel-consumption-quantity,ranking,296650,147341,1176,0.2614,6303,0,4,,,,0,2
2026-09-15,full,/ranking/dried-nori-consumption-expenditure,ranking,297346,148764,1173,0.2614,6490,0,4,,,,0,2
2026-09-15,full,/ranking/dried-shiitake-consumption-expenditure,ranking,299206,149232,1169,0.2614,6536,0,4,,,,0,2
2026-09-15,full,/ranking/dried-shiitake-consumption-quantity,ranking,300672,148929,1181,0.2614,6342,0,4,,,,0,2
2026-09-15,full,/ranking/dried-soup-consumption-expenditure,ranking,300176,149385,1179,0.2614,6430,0,4,,,,0,2
2026-09-15,full,/ranking/dried-udon-soba-consumption-expenditure,ranking,302134,151021,1197,0.2727,6346,0,4,,,,0,2
2026-09-15,full,/ranking/dried-udon-soba-consumption-quantity,ranking,299774,149877,1184,0.2614,6216,0,4,,,,0,2
2026-09-15,full,/ranking/drinking-out-consumption-expenditure,ranking,275630,141240,1103,0.2308,6419,0,0,,,,0,1
2026-09-15,full,/ranking/driving-school-consumption-expenditure,ranking,275232,140563,1112,0.2308,6292,0,0,,,,0,1
2026-09-15,full,/ranking/drug-enforcement-arrest-count-per-population,ranking,265064,37353,1091,0.2955,6217,0,0,,,,0,1
2026-09-15,full,/ranking/drug-enforcement-arrest-count,ranking,265870,135393,1088,0.3,6144,0,0,,,,0,1
2026-09-15,full,/ranking/dual-income-household-ratio,ranking,256744,130189,1085,0.25,6304,0,0,,,,0,1
2026-09-15,full,/ranking/early-neonatal-deaths,ranking,214945,96427,1037,0.2609,6250,0,0,,,,0,1
2026-09-15,full,/ranking/earmarked-tax-local,ranking,223348,102930,1050,0.3472,6459,0,0,,,,1,0
2026-09-15,full,/ranking/earthquake-renovation-rate,ranking,266861,135371,1096,0.2471,6466,0,2,,,,0,2
2026-09-15,full,/ranking/earthquake-retrofit-housing,ranking,275700,139159,1138,0.2644,6506,0,2,,,,0,2
2026-09-15,full,/ranking/education-cost-all-households,ranking,231532,107759,1064,0.2597,6224,0,2,,,,0,2
2026-09-15,full,/ranking/education-department-staff,ranking,223072,100946,1063,0.2639,6370,0,0,,,,0,1
2026-09-15,full,/ranking/education-expenditure-ratio-multi-person-households,ranking,268986,137050,1106,0.2299,6214,0,2,,,,0,2
2026-09-15,full,/ranking/education-expenditure-ratio-pref-finance,ranking,274996,37364,1143,0.2637,5996,0,2,,,,0,2
2026-09-15,full,/ranking/education-expenditure-total,ranking,224112,104045,1047,0.2647,6046,0,0,,,,0,1
2026-09-15,full,/ranking/education-expense-municipal,ranking,228884,106628,1077,0.3289,6179,0,0,,,,1,0
2026-09-15,full,/ranking/education-expenses-prefecture,ranking,263293,133466,1098,0.2609,4726,0,2,,,,0,2
2026-09-15,full,/ranking/eggplant-consumption-expenditure,ranking,302985,150885,1186,0.2727,6397,0,4,,,,0,2
2026-09-15,full,/ranking/eggplant-consumption-quantity,ranking,300261,149242,1185,0.2614,6028,0,4,,,,0,2
2026-09-15,full,/ranking/elderly-care-employment-rate,ranking,269171,136502,1115,0.2299,6480,0,3,,,,0,2
2026-09-15,full,/ranking/elderly-class-lecture-count-per-million,ranking,280220,142133,1152,0.2842,6372,0,2,,,,0,2
2026-09-15,full,/ranking/elderly-couple-only-household-ratio,ranking,256768,130681,1080,0.2658,6323,0,0,,,,0,1
2026-09-15,full,/ranking/elderly-general-worker-old-population-ratio-pre2019,ranking,274525,140211,1132,0.2784,6513,0,3,,,,0,2
2026-09-15,full,/ranking/elderly-general-worker-old-population-ratio,ranking,270842,137837,1129,0.2784,6323,0,3,,,,0,2
2026-09-15,full,/ranking/elderly-household-detail,ranking,235693,120186,1004,0.2338,5386,0,0,,,,0,1
2026-09-15,full,/ranking/elderly-on-public-assistance-per-1000-65plus,ranking,263024,132685,1096,0.2759,6559,0,0,,,,0,1
2026-09-15,full,/ranking/elderly-single-person-households,ranking,213786,95554,1033,0.3188,6763,0,0,,,,1,0
2026-09-15,full,/ranking/elderly-welfare-expenditure-ratio-pref-finance,ranking,262134,135298,1082,0.253,6129,0,0,,,,0,1
2026-09-15,full,/ranking/elderly-welfare-expenses-prefecture,ranking,260652,36304,1069,0.25,6198,0,0,,,,0,1
2026-09-15,full,/ranking/elderly-workers-ratio,ranking,269575,136605,1134,0.2796,5970,0,3,,,,0,2
2026-09-15,full,/ranking/electrician-annual-income,ranking,271848,136778,1121,0.2235,6432,0,2,,,,0,2
2026-09-15,full,/ranking/electricity-consumption-expenditure,ranking,272581,36340,1110,0.2308,6133,0,0,,,,0,1
2026-09-15,full,/ranking/electricity-consumption-quantity,ranking,271876,139652,1095,0.2308,6112,0,0,,,,0,1
2026-09-15,full,/ranking/electricity-demand,ranking,225987,101201,1087,0.3333,5981,0,2,,,,1,1
2026-09-15,full,/ranking/electricity-generation-capacity,ranking,268629,134742,1134,0.2658,6048,0,2,,,,0,2
2026-09-15,full,/ranking/elementary-long-term-absent-students,ranking,216892,98897,1029,0.2597,4975,0,2,,,,0,2
2026-09-15,full,/ranking/elementary-school-children-1-per,ranking,274649,137519,1146,0.2697,6154,0,2,,,,0,2
2026-09-15,full,/ranking/elementary-school-children-count,ranking,276689,139220,1143,0.2584,6336,0,2,,,,0,2
2026-09-15,full,/ranking/elementary-school-classes,ranking,231420,106150,1080,0.2857,6204,0,2,,,,0,2
2026-09-15,full,/ranking/elementary-school-count-per-100k-6-11,ranking,280061,141798,1163,0.2473,5939,0,2,,,,0,2
2026-09-15,full,/ranking/elementary-school-count-per-100km2-habitable,ranking,265716,137391,1081,0.2809,5965,0,0,,,,0,1
2026-09-15,full,/ranking/elementary-school-count,ranking,275497,137100,1166,0.2584,5851,0,2,,,,0,2
2026-09-15,full,/ranking/elementary-school-education-cost-per-student,ranking,281774,144775,1143,0.2235,6114,0,2,,,,0,2
2026-09-15,full,/ranking/elementary-school-expenses-prefecture,ranking,281388,144834,1148,0.2637,6002,0,2,,,,0,2
2026-09-15,full,/ranking/elementary-school-long-absence-ratio-nonattendance-over-30days-per-1000,ranking,285588,146739,1157,0.2935,6922,0,2,,,,0,2
2026-09-15,full,/ranking/elementary-school-long-absence-ratio-over-30days-per-1000,ranking,279875,144347,1130,0.2747,6520,0,2,,,,0,2
2026-09-15,full,/ranking/elementary-school-students-per-teacher,ranking,280627,144916,1140,0.2472,6053,0,2,,,,0,2
2026-09-15,full,/ranking/elementary-school-teachers-ratio-female,ranking,275266,37390,1118,0.2529,6090,0,2,,,,0,2
2026-09-15,full,/ranking/elementary-school-teachers,ranking,234745,108780,1076,0.2857,6284,0,2,,,,0,2
2026-09-15,full,/ranking/elementary-tutoring-consumption-expenditure,ranking,302324,151254,1198,0.2614,6530,0,4,,,,0,2
2026-09-15,full,/ranking/emergency-hospital-general-clinic-count-per-100k,ranking,215867,99123,1026,0.3117,6653,0,0,,,,1,0
2026-09-15,full,/ranking/employed-outside-the-prefecture-pre2018,ranking,272476,139240,1135,0.3011,6062,0,3,,,,1,1
2026-09-15,full,/ranking/employed-outside-the-prefecture,ranking,270448,137039,1140,0.3011,6015,0,3,,,,1,1
2026-09-15,full,/ranking/employed-people-ratio-primary,ranking,272595,37379,1146,0.2472,6147,0,3,,,,0,2
2026-09-15,full,/ranking/employed-people-ratio-secondary,ranking,274083,37391,1148,0.236,6149,0,3,,,,0,2
2026-09-15,full,/ranking/employed-people-ratio-tertiary,ranking,272971,138247,1145,0.2584,6147,0,3,,,,0,2
2026-09-15,full,/ranking/employed-people-ratio,ranking,268458,136416,1128,0.2697,5864,0,3,,,,0,2
2026-09-15,full,/ranking/employee-ratio-1-4-employee-establishments-private,ranking,273143,139666,1117,0.2529,6508,0,2,,,,0,2
2026-09-15,full,/ranking/employee-ratio-10-29-employee-establishments-private,ranking,273620,140065,1125,0.2644,6449,0,2,,,,0,2
2026-09-15,full,/ranking/employee-ratio-100-299-employee-establishments-private,ranking,273679,140159,1122,0.2529,6482,0,2,,,,0,2
2026-09-15,full,/ranking/employee-ratio-300plus-employee-establishments-private,ranking,272224,139094,1115,0.2529,6653,0,2,,,,0,2
2026-09-15,full,/ranking/employee-ratio-5-9-employee-establishments-private,ranking,253590,129363,1064,0.2529,5088,0,2,,,,0,2
2026-09-15,full,/ranking/employee-ratio,ranking,269558,136878,1130,0.2584,5878,0,3,,,,0,2
2026-09-15,full,/ranking/employment-insurance-basic-benefit-average,ranking,266901,136775,1096,0.2267,6462,0,0,,,,0,1
2026-09-15,full,/ranking/employment-insurance-daily-basic-benefit-average,ranking,251367,123737,1083,0.2267,6693,0,0,,,,0,1
2026-09-15,full,/ranking/employment-insurance-daily-receipt-rate,ranking,250773,126714,1064,0.2267,6394,0,0,,,,0,1
2026-09-15,full,/ranking/employment-insurance-receipt-rate,ranking,258338,133242,1067,0.2133,6036,0,0,,,,0,1
2026-09-15,full,/ranking/employment-mobility-rate,ranking,272295,137238,1157,0.2887,5871,0,3,,,,0,2
2026-09-15,full,/ranking/employment-rate,ranking,275513,140021,1155,0.2796,5715,0,3,,,,0,2
2026-09-15,full,/ranking/engel-coefficient,ranking,265028,136779,1073,0.2308,5868,0,0,,,,0,1
2026-09-15,full,/ranking/enoki-consumption-expenditure,ranking,299263,148427,1220,0.2614,6318,0,4,,,,0,2
2026-09-15,full,/ranking/enoki-consumption-quantity,ranking,296123,147023,1177,0.2614,6309,0,4,,,,0,2
2026-09-15,full,/ranking/entertainment-durables-repair-consumption-expenditure,ranking,276891,141868,1106,0.2308,6841,0,0,,,,0,1
2026-09-15,full,/ranking/entertainment-goods-repair-consumption-expenditure,ranking,273760,139610,1111,0.2308,6468,0,0,,,,0,1
2026-09-15,full,/ranking/entertainment-rental-consumption-expenditure,ranking,275493,141088,1114,0.2436,6366,0,0,,,,0,1
2026-09-15,full,/ranking/environmental-sanitation-expenses-prefecture,ranking,254077,129959,1075,0.2907,4873,0,0,,,,0,1
2026-09-15,full,/ranking/establishment-ratio-1-4-employees-private,ranking,272777,139333,1123,0.2529,6366,0,2,,,,0,2
2026-09-15,full,/ranking/establishment-ratio-10-29-employees-private,ranking,272887,139319,1113,0.2529,6555,0,2,,,,0,2
2026-09-15,full,/ranking/establishment-ratio-100-299-employees-private,ranking,255074,129975,1066,0.2644,4995,0,2,,,,0,2
2026-09-15,full,/ranking/establishment-ratio-300plus-employees-private,ranking,270683,138279,1110,0.2529,6635,0,2,,,,0,2
2026-09-15,full,/ranking/establishment-ratio-5-9-employees-private,ranking,270523,137643,1114,0.2529,6579,0,2,,,,0,2
2026-09-15,full,/ranking/exterior-construction-consumption-expenditure,ranking,306602,152884,1198,0.2727,6442,0,4,,,,0,2
2026-09-15,full,/ranking/eyeglasses-consumption-expenditure,ranking,285651,141594,1167,0.2614,4824,0,4,,,,0,2
2026-09-15,full,/ranking/fabric-consumption-expenditure,ranking,296148,147808,1194,0.2614,6249,0,4,,,,0,2
2026-09-15,full,/ranking/fabric-softener-consumption-expenditure,ranking,299037,148698,1216,0.2614,6470,0,4,,,,0,2
2026-09-15,full,/ranking/facility-equipment-consumption-expenditure,ranking,274083,140301,1116,0.2308,6216,0,0,,,,0,1
2026-09-15,full,/ranking/factory-establishment-count,ranking,251440,125934,1072,0.2152,4734,0,2,,,,0,2
2026-09-15,full,/ranking/factory-industrial-park-rate,ranking,254543,126981,1084,0.2152,6611,0,2,,,,0,2
2026-09-15,full,/ranking/factory-location-area-annual,ranking,260671,131353,1091,0.2278,6668,0,2,,,,0,2
2026-09-15,full,/ranking/farm-household-expenditure-per-month,ranking,261341,132431,1098,0.2597,6131,0,0,,,,0,1
2026-09-15,full,/ranking/female-class-lecture-count-per-million-female,ranking,280104,142671,1140,0.2737,6612,0,2,,,,0,2
2026-09-15,full,/ranking/female-part-time-hourly-wage-pre2019,ranking,268772,136586,1119,0.2921,6477,0,3,,,,0,2
2026-09-15,full,/ranking/female-part-time-hourly-wage,ranking,268628,136149,1130,0.2921,6225,0,3,,,,0,2
2026-09-15,full,/ranking/female-parttime-workers-upto2019,ranking,251743,128038,1067,0.2809,5010,0,3,,,,0,2
2026-09-15,full,/ranking/female-parttime-workers,ranking,268019,136574,1117,0.2921,6407,0,3,,,,0,2
2026-09-15,full,/ranking/female-scheduled-earnings,ranking,275979,137865,1149,0.2921,6365,0,3,,,,0,2
2026-09-15,full,/ranking/final-disposal-site-remaining-capacity,ranking,261130,132029,1071,0.2658,6585,0,0,,,,0,1
2026-09-15,full,/ranking/final-education-elementary-junior-high-ratio,ranking,272538,139301,1119,0.2299,6599,0,2,,,,0,2
2026-09-15,full,/ranking/final-education-highschool-old-junior-high-ratio,ranking,273126,139697,1119,0.2299,6629,0,2,,,,0,2
2026-09-15,full,/ranking/final-education-junior-college-technical-college-ratio,ranking,273591,140249,1120,0.2414,6649,0,2,,,,0,2
2026-09-15,full,/ranking/final-education-university-graduate-school-ratio,ranking,274166,139827,1129,0.2529,6678,0,2,,,,0,2
2026-09-15,full,/ranking/final-energy-consumption-per-capita,ranking,274396,137659,1147,0.2874,6448,0,2,,,,0,2
2026-09-15,full,/ranking/final-energy-consumption,ranking,272749,136467,1147,0.2759,6162,0,2,,,,0,2
2026-09-15,full,/ranking/financial-assets-balance-multi-person-households,ranking,261321,131815,1092,0.2414,4857,0,2,,,,0,2
2026-09-15,full,/ranking/financial-debt-balance,ranking,276749,138212,1141,0.236,6289,0,2,,,,0,2
2026-09-15,full,/ranking/fire-damage-casualties-per-accident,ranking,292946,145980,1168,0.2667,6014,0,4,,,,0,2
2026-09-15,full,/ranking/fire-damage-casualties-per-population,ranking,292549,146490,1176,0.3367,6034,0,4,,,,1,1
2026-09-15,full,/ranking/fire-damage-household-count-per-100-building-fires,ranking,293394,146554,1178,0.2584,6162,0,4,,,,0,2
2026-09-15,full,/ranking/fire-deaths-per-100k,ranking,290311,144340,1156,0.2809,6139,0,4,,,,0,2
2026-09-15,full,/ranking/fire-department-branch-count-per-100-km2,ranking,264451,134632,1092,0.3333,6092,0,0,,,,1,0
2026-09-15,full,/ranking/fire-department-count-per-100-km2,ranking,261225,131514,1099,0.2759,5896,0,0,,,,0,1
2026-09-15,full,/ranking/fire-department-dispatch-count-per-100-thousand-people,ranking,282824,146172,1143,0.3034,6245,0,1,,,,1,1
2026-09-15,full,/ranking/fire-department-emergency-car-count-per-100k,ranking,274473,140016,1131,0.2697,6045,0,1,,,,0,2
2026-09-15,full,/ranking/fire-department-employees,ranking,230281,105291,1083,0.2667,6033,0,1,,,,0,2
2026-09-15,full,/ranking/fire-department-member-count-per-100-thousand-people,ranking,278479,143491,1134,0.2697,6055,0,1,,,,0,2
2026-09-15,full,/ranking/fire-department-pump-car-count-per-100-thousand-people,ranking,279820,143992,1126,0.2584,6592,0,1,,,,0,2
2026-09-15,full,/ranking/fire-department-water-count-per-100-thousand-people,ranking,279252,143856,1136,0.2697,6067,0,1,,,,0,2
2026-09-15,full,/ranking/fire-dispatch-for-building-fire-count-per-100k,ranking,295959,147562,1185,0.303,6746,0,5,,,,1,1
2026-09-15,full,/ranking/fire-earthquake-insurance-consumption-expenditure,ranking,302286,150683,1191,0.2727,6559,0,4,,,,0,2
2026-09-15,full,/ranking/fire-insurance-amount-received-per-contract,ranking,296739,147746,1187,0.2784,6438,0,6,,,,0,2
2026-09-15,full,/ranking/fire-related-personnel-count-per-100k,ranking,265226,37391,1094,0.3103,6103,0,0,,,,1,0
2026-09-15,full,/ranking/firefighting-expenditure-ratio-pref-municipal,ranking,268514,137277,1116,0.2796,6010,0,1,,,,0,2
2026-09-15,full,/ranking/firefighting-expenses-prefecture,ranking,274177,137736,1141,0.2444,6416,0,1,,,,0,2
2026-09-15,full,/ranking/fiscal-strength-index-prefecture,ranking,280797,146806,1141,0.3103,6361,0,0,,,,1,0
2026-09-15,full,/ranking/fish-canned-consumption-expenditure,ranking,256837,130992,1061,0.2436,4940,0,0,,,,0,1
2026-09-15,full,/ranking/fish-catch,ranking,275767,139480,1146,0.3297,5741,0,0,,,,1,0
2026-09-15,full,/ranking/fish-paste-consumption-expenditure,ranking,304398,151474,1188,0.2614,6491,0,4,,,,0,2
2026-09-15,full,/ranking/fish-pickled-consumption-expenditure,ranking,274625,140157,1110,0.2436,6413,0,0,,,,0,1
2026-09-15,full,/ranking/fish-tsukudani-type2-consumption-expenditure,ranking,275339,37529,1119,0.2436,6363,0,0,,,,0,1
2026-09-15,full,/ranking/fishery-household-sex-age,ranking,252689,126774,1079,0.3125,6583,0,0,,,,1,0
2026-09-15,full,/ranking/fishery-management-orgs,ranking,251536,125940,1065,0.2875,6832,0,0,,,,0,1
2026-09-15,full,/ranking/fishery-output-value,ranking,274166,139158,1130,0.3407,5997,0,0,,,,1,0
2026-09-15,full,/ranking/fishery-species-catch-bonito,ranking,247789,121452,1081,0.2967,4769,0,0,,,,0,1
2026-09-15,full,/ranking/fishery-species-catch-japanese-squid,ranking,253536,126170,1082,0.3077,4887,0,0,,,,1,0
2026-09-15,full,/ranking/fishery-species-catch-kelp,ranking,258937,129493,1075,0.3412,6237,0,0,,,,1,0
2026-09-15,full,/ranking/fishery-species-catch-mackerel,ranking,274459,136882,1143,0.2967,6572,0,0,,,,0,1
2026-09-15,full,/ranking/fishery-species-catch-pacific-saury,ranking,268596,133012,1128,0.3297,6440,0,0,,,,1,0
2026-09-15,full,/ranking/fishery-species-catch-pollock,ranking,267586,132015,1132,0.3077,6455,0,0,,,,1,0
2026-09-15,full,/ranking/fishery-species-catch-sardine,ranking,276293,139050,1137,0.2857,6568,0,0,,,,0,1
2026-09-15,full,/ranking/fishery-species-catch-scallop,ranking,258534,130199,1046,0.3333,6554,0,0,,,,1,0
2026-09-15,full,/ranking/fishery-species-catch-sea-bream,ranking,271870,136807,1128,0.2967,6019,0,0,,,,0,1
2026-09-15,full,/ranking/fishery-species-catch-snow-crab,ranking,268592,132481,1133,0.3407,6663,0,0,,,,1,0
2026-09-15,full,/ranking/fishery-species-catch-tuna,ranking,269204,133676,1130,0.2857,6373,0,0,,,,0,1
2026-09-15,full,/ranking/fishery-species-catch-yellowtail,ranking,272848,137432,1125,0.2967,6243,0,0,,,,0,1
2026-09-15,full,/ranking/fishery-workers-coastal-offshore,ranking,254747,128211,1068,0.35,6941,0,0,,,,1,0
2026-09-15,full,/ranking/fishery-workers,ranking,273452,136988,1131,0.3077,6441,0,0,,,,1,0
2026-09-15,full,/ranking/fishing-port-count-by-type,ranking,251887,126289,1070,0.3125,6648,0,0,,,,1,0
2026-09-15,full,/ranking/fishing-port-count-ksj,ranking,254738,128521,1059,0.197,6082,0,0,,,,0,1
2026-09-15,full,/ranking/fishing-vessel-crew,ranking,251074,125722,1069,0.3,6627,0,0,,,,0,1
2026-09-15,full,/ranking/fishing-vessel-tonnage-class,ranking,235540,118006,1025,0.3125,5177,0,0,,,,1,0
2026-09-15,full,/ranking/flavor-seasoning-consumption-expenditure,ranking,273154,139643,1095,0.2308,6537,0,0,,,,0,1
2026-09-15,full,/ranking/flood-affected-municipalities,ranking,257964,129133,1079,0.2338,6555,0,0,,,,0,1
2026-09-15,full,/ranking/flood-affected-rivers,ranking,256114,127663,1062,0.2727,6941,0,0,,,,0,1
2026-09-15,full,/ranking/flood-casualties-total,ranking,250803,123479,1077,0.2468,6223,0,0,,,,0,1
2026-09-15,full,/ranking/flood-damage-bridge,ranking,249029,122389,1075,0.2597,5983,0,0,,,,0,1
2026-09-15,full,/ranking/flood-damage-general-assets,ranking,256441,128880,1068,0.2338,6395,0,0,,,,0,1
2026-09-15,full,/ranking/flood-damage-public-infrastructure,ranking,257915,129832,1067,0.2468,6502,0,0,,,,0,1
2026-09-15,full,/ranking/flood-damage-road,ranking,255837,127754,1069,0.2597,6401,0,0,,,,0,1
2026-09-15,full,/ranking/flood-damage-total,ranking,256295,128542,1069,0.2597,6248,0,0,,,,0,1
2026-09-15,full,/ranking/flood-deaths,ranking,246639,120311,1077,0.2727,6104,0,0,,,,0,1
2026-09-15,full,/ranking/floor-area-new-owner-dwelling,ranking,278551,142324,1127,0.2874,6511,0,2,,,,0,2
2026-09-15,full,/ranking/floor-area-new-rented-dwelling,ranking,280522,143760,1140,0.2874,6300,0,2,,,,0,2
2026-09-15,full,/ranking/floor-area-per-dwelling-owner,ranking,271747,138145,1131,0.2759,6191,0,2,,,,0,2
2026-09-15,full,/ranking/floor-area-per-dwelling-rented,ranking,272779,138870,1132,0.2529,6147,0,2,,,,0,2
2026-09-15,full,/ranking/floor-covering-consumption-expenditure,ranking,302039,150590,1198,0.2614,6086,0,4,,,,0,2
2026-09-15,full,/ranking/flounder-consumption-expenditure,ranking,300343,37376,1181,0.2614,6252,0,4,,,,0,2
2026-09-15,full,/ranking/flounder-consumption-quantity,ranking,284921,140961,1139,0.2614,4733,0,4,,,,0,2
2026-09-15,full,/ranking/flush-toilet-housing-ratio,ranking,270584,137852,1118,0.2414,6292,0,2,,,,0,2
2026-09-15,full,/ranking/flush-toilet-population-ratio,ranking,258073,133118,1064,0.2468,6029,0,0,,,,0,1
2026-09-15,full,/ranking/food-business-establishments,ranking,254554,130022,1065,0.2727,6735,0,0,,,,0,1
2026-09-15,full,/ranking/food-business-facility-penalties-per-1000,ranking,260328,132945,1074,0.2209,4973,0,1,,,,0,2
2026-09-15,full,/ranking/food-business-facility-penalties,ranking,276552,141093,1119,0.2442,6377,0,1,,,,0,2
2026-09-15,full,/ranking/food-expenditure-ratio-multi-person-households,ranking,276301,141884,1128,0.2299,5994,0,2,,,,0,2
2026-09-15,full,/ranking/food-expenditure-total,ranking,251583,130156,1041,0.2436,4628,0,0,,,,0,1
2026-09-15,full,/ranking/food-retail-store-count-per-1000,ranking,259290,129796,1102,0.2842,4861,0,2,,,,0,2
2026-09-15,full,/ranking/food-sanitation-inspection,ranking,252694,128567,1067,0.2597,6402,0,0,,,,0,1
2026-09-15,full,/ranking/food-self-sufficiency-rate-calorie,ranking,219926,102794,1019,0.2419,6863,0,0,,,,0,1
2026-09-15,full,/ranking/foreign-resident-count-china-per-100k,ranking,257819,130674,1097,0.2738,5966,0,0,,,,0,1
2026-09-15,full,/ranking/foreign-resident-count-china,ranking,216327,96272,1061,0.3,5926,0,0,,,,0,1
2026-09-15,full,/ranking/foreign-resident-count-korea-per-100k,ranking,257819,130524,1097,0.2738,5970,0,0,,,,0,1
2026-09-15,full,/ranking/foreign-resident-count-korea,ranking,240901,120106,1047,0.2625,4714,0,0,,,,0,1
2026-09-15,full,/ranking/foreign-resident-count-per-100k,ranking,259045,37310,1101,0.2738,5930,0,0,,,,0,1
2026-09-15,full,/ranking/foreign-resident-count-usa-per-100k,ranking,254839,128736,1086,0.2857,5951,0,0,,,,0,1
2026-09-15,full,/ranking/foreign-resident-count-usa,ranking,215805,95841,1051,0.3,6103,0,0,,,,0,1
2026-09-15,full,/ranking/foreign-resident-count,ranking,217443,37276,1072,0.3143,5900,0,0,,,,1,0
2026-09-15,full,/ranking/foreign-resident-population,ranking,214020,95970,1035,0.2462,6517,0,0,,,,0,1
2026-09-15,full,/ranking/forest-area-ratio,ranking,252342,127745,1069,0.3103,5898,0,0,,,,1,0
2026-09-15,full,/ranking/forest-area,ranking,270957,136660,1137,0.2759,5850,0,2,,,,0,2
2026-09-15,full,/ranking/forest-road-length,ranking,271896,138837,1137,0.2078,5872,0,1,,,,0,2
2026-09-15,full,/ranking/foundation-consumption-expenditure,ranking,301873,150590,1178,0.2727,6661,0,4,,,,0,2
2026-09-15,full,/ranking/freelance-count,ranking,272285,136914,1139,0.2299,6174,0,3,,,,0,2
2026-09-15,full,/ranking/frequency-of-occupational-accidents,ranking,276627,142128,1123,0.2152,6330,0,1,,,,0,2
2026-09-15,full,/ranking/fresh-shiitake-consumption-expenditure,ranking,302230,37457,1227,0.2614,6233,0,4,,,,0,2
2026-09-15,full,/ranking/fresh-shiitake-consumption-quantity,ranking,297752,148598,1185,0.2614,6193,0,4,,,,0,2
2026-09-15,full,/ranking/fresh-udon-soba-consumption-expenditure,ranking,283575,141048,1136,0.2614,5038,0,4,,,,0,2
2026-09-15,full,/ranking/fresh-udon-soba-consumption-quantity,ranking,301258,150579,1182,0.2614,6431,0,4,,,,0,2
2026-09-15,full,/ranking/freshwater-clam-consumption-expenditure,ranking,302820,149546,1209,0.2614,6579,0,4,,,,0,2
2026-09-15,full,/ranking/freshwater-clam-consumption-quantity,ranking,300160,148716,1182,0.2614,6057,0,4,,,,0,2
2026-09-15,full,/ranking/fried-tofu-consumption-expenditure,ranking,301941,150624,1186,0.2614,6608,0,4,,,,0,2
2026-09-15,full,/ranking/frozen-food-consumption-expenditure,ranking,274238,140182,1104,0.2308,6653,0,0,,,,0,1
2026-09-15,full,/ranking/fruit-vegetable-juice-consumption-expenditure,ranking,303927,151724,1204,0.2614,6504,0,4,,,,0,2
2026-09-15,full,/ranking/fulfillment-rate,ranking,272509,37144,1137,0.3011,5719,0,3,,,,1,1
2026-09-15,full,/ranking/fulltime-physicians-general-hospital-per-100beds,ranking,259359,130186,1100,0.2532,6224,0,0,,,,0,1
2026-09-15,full,/ranking/funeral-expense-consumption-expenditure,ranking,276909,141851,1109,0.2308,6510,0,0,,,,0,1
2026-09-15,full,/ranking/furikake-consumption-expenditure,ranking,302932,150705,1191,0.2614,6460,0,4,,,,0,2
2026-09-15,full,/ranking/furniture-household-expenditure-total,ranking,254891,115831,1130,0.3077,6364,0,4,,,,1,1
2026-09-15,full,/ranking/furniture-household-goods-expenditure-ratio-multi-person-households,ranking,308769,154242,1203,0.2577,6580,0,6,,,,0,2
2026-09-15,full,/ranking/furniture-household-service-consumption-expenditure,ranking,307009,153170,1198,0.2727,6742,0,4,,,,0,2
2026-09-15,full,/ranking/futon-consumption-expenditure,ranking,302164,150312,1198,0.2614,6022,0,4,,,,0,2
2026-09-15,full,/ranking/futon-consumption-quantity,ranking,302012,150045,1187,0.2727,6303,0,4,,,,0,2
2026-09-15,full,/ranking/future-burden-ratio,ranking,264822,134915,1108,0.314,6375,0,0,,,,1,0
2026-09-15,full,/ranking/future-population-change-rate-2050,ranking,252683,129134,1055,0.194,6221,0,0,,,,0,1
2026-09-15,full,/ranking/future-population,ranking,238912,120387,1026,0.1791,4718,0,0,,,,0,1
2026-09-15,full,/ranking/game-console-consumption-expenditure,ranking,300410,148538,1227,0.2614,6326,0,4,,,,0,2
2026-09-15,full,/ranking/game-console-consumption-quantity,ranking,282494,140093,1138,0.2614,4811,0,4,,,,0,2
2026-09-15,full,/ranking/game-software-consumption-expenditure,ranking,283190,143359,1140,0.2439,6530,0,1,,,,0,2
2026-09-15,full,/ranking/garbage-collection-population,ranking,260313,131761,1083,0.2405,6144,0,0,,,,0,1
2026-09-15,full,/ranking/garbage-final-disposal,ranking,256644,129414,1065,0.2658,6302,0,0,,,,0,1
2026-09-15,full,/ranking/garbage-landfill-rate,ranking,253335,129025,1055,0.2405,5896,0,0,,,,0,1
2026-09-15,full,/ranking/garbage-total-output,ranking,257738,130110,1068,0.2405,6118,0,0,,,,0,1
2026-09-15,full,/ranking/garden-maintenance-consumption-expenditure,ranking,299944,149956,1195,0.2614,6377,0,4,,,,0,2
2026-09-15,full,/ranking/garden-plants-consumption-expenditure,ranking,288797,145190,1151,0.25,6462,0,2,,,,0,2
2026-09-15,full,/ranking/gardening-supplies-consumption-expenditure,ranking,301829,150673,1187,0.2614,6296,0,4,,,,0,2
2026-09-15,full,/ranking/gas-consumption-expenditure,ranking,254289,129780,1052,0.2308,4830,0,0,,,,0,1
2026-09-15,full,/ranking/gas-cooking-appliance-consumption-expenditure,ranking,275546,140491,1121,0.2308,6359,0,0,,,,0,1
2026-09-15,full,/ranking/gas-station-count-per-100km,ranking,268607,135632,1121,0.2471,6078,0,1,,,,0,2
2026-09-15,full,/ranking/gasoline-consumption-expenditure,ranking,272311,139608,1096,0.2308,6426,0,0,,,,0,1
2026-09-15,full,/ranking/gasoline-consumption-quantity,ranking,275642,141261,1107,0.2308,6134,0,0,,,,0,1
2026-09-15,full,/ranking/gasoline-sales-volume,ranking,231154,105889,1083,0.2836,6051,0,2,,,,0,2
2026-09-15,full,/ranking/gdp-growth-rate-pref-h17,ranking,274121,139667,1126,0.2414,6280,0,2,,,,0,2
2026-09-15,full,/ranking/gdp-growth-rate-pref-h23,ranking,272693,138354,1117,0.2414,6658,0,2,,,,0,2
2026-09-15,full,/ranking/gender-wage-gap,ranking,273265,137516,1141,0.2809,6376,0,3,,,,0,2
2026-09-15,full,/ranking/general-affairs-expenses-prefecture,ranking,268071,136968,1113,0.314,6260,0,0,,,,1,0
2026-09-15,full,/ranking/general-clinic-count-per-100k,ranking,267403,135374,1118,0.2809,6030,0,0,,,,0,1
2026-09-15,full,/ranking/general-clinic-count-per-100km2,ranking,268305,136770,1107,0.3258,6036,0,0,,,,1,0
2026-09-15,full,/ranking/general-clinic-count,ranking,259448,129633,1107,0.2593,5984,0,0,,,,0,1
2026-09-15,full,/ranking/general-dust-emission-facility-count,ranking,277116,142402,1115,0.2078,6502,0,1,,,,0,2
2026-09-15,full,/ranking/general-funds-prefecture,ranking,275019,142146,1134,0.3023,5946,0,0,,,,1,0
2026-09-15,full,/ranking/general-hospital-avg-length-of-stay,ranking,258386,132379,1071,0.2532,6231,0,0,,,,0,1
2026-09-15,full,/ranking/general-hospital-bed-count-per-100k,ranking,263906,135447,1097,0.2727,6097,0,0,,,,0,1
2026-09-15,full,/ranking/general-hospital-bed-count,ranking,266777,136460,1091,0.275,6226,0,0,,,,0,1
2026-09-15,full,/ranking/general-hospital-bed-occupancy-rate,ranking,260066,133279,1071,0.2658,6337,0,0,,,,0,1
2026-09-15,full,/ranking/general-hospital-count-per-100k,ranking,262164,132757,1109,0.2921,5976,0,0,,,,0,1
2026-09-15,full,/ranking/general-hospital-count-per-100km2,ranking,267039,135399,1109,0.3146,5980,0,0,,,,1,0
2026-09-15,full,/ranking/general-hospital-count,ranking,257280,127873,1091,0.2963,6078,0,0,,,,0,1
2026-09-15,full,/ranking/general-households,ranking,213742,95523,1031,0.3188,6351,0,0,,,,1,0
2026-09-15,full,/ranking/general-project-investment-agriculture-forestry-fisheries,ranking,271806,142509,1106,0.2683,6270,0,0,,,,0,1
2026-09-15,full,/ranking/general-project-investment-disaster-recovery,ranking,268139,139765,1090,0.2683,6358,0,0,,,,0,1
2026-09-15,full,/ranking/general-project-investment-educational-facilities,ranking,269284,140339,1104,0.2683,6219,0,0,,,,0,1
2026-09-15,full,/ranking/general-project-investment-environmental-sanitation,ranking,269919,140883,1105,0.2683,6218,0,0,,,,0,1
2026-09-15,full,/ranking/general-project-investment-erosion-flood-control,ranking,270559,141041,1097,0.2683,6535,0,0,,,,0,1
2026-09-15,full,/ranking/general-project-investment-housing,ranking,228859,106212,1072,0.2597,6139,0,2,,,,0,2
2026-09-15,full,/ranking/general-project-investment-railway,ranking,271847,140087,1112,0.2299,6331,0,2,,,,0,2
2026-09-15,full,/ranking/general-project-investment-road,ranking,269921,140230,1112,0.2353,6134,0,1,,,,0,2
2026-09-15,full,/ranking/general-project-investment-urban-planning,ranking,269950,141012,1105,0.2805,6181,0,0,,,,0,1
2026-09-15,full,/ranking/general-project-investment-welfare,ranking,267418,138735,1104,0.2805,6137,0,0,,,,0,1
2026-09-15,full,/ranking/general-revenue-ratio-pref-finance,ranking,266609,137221,1110,0.3023,6063,0,0,,,,1,0
2026-09-15,full,/ranking/girls-school-uniform-consumption-expenditure,ranking,275358,140734,1120,0.2308,6462,0,0,,,,0,1
2026-09-15,full,/ranking/girls-school-uniform-consumption-quantity,ranking,275185,140870,1120,0.2308,6316,0,0,,,,0,1
2026-09-15,full,/ranking/gloves-consumption-expenditure,ranking,299969,148912,1195,0.2727,6015,0,4,,,,0,2
2026-09-15,full,/ranking/gloves-consumption-quantity,ranking,298259,37276,1179,0.2727,5985,0,4,,,,0,2
2026-09-15,full,/ranking/golf-course-public,ranking,273073,136911,1133,0.2644,6313,0,2,,,,0,2
2026-09-15,full,/ranking/golf-equipment-consumption-expenditure,ranking,304697,151124,1227,0.2614,6227,0,4,,,,0,2
2026-09-15,full,/ranking/golf-green-fee-consumption-expenditure,ranking,273715,139608,1106,0.2308,6646,0,0,,,,0,1
2026-09-15,full,/ranking/goods-inventory-wholesale-retail,ranking,271505,139107,1121,0.2759,6378,0,2,,,,0,2
2026-09-15,full,/ranking/governor-salary-prefecture,ranking,279538,140974,1166,0.2471,6368,0,3,,,,0,2
2026-09-15,full,/ranking/govt-health-insurance-visit-expense-dependents-per-person,ranking,264206,135340,1087,0.2113,6463,0,0,,,,0,1
2026-09-15,full,/ranking/govt-health-insurance-visit-expense-insured-per-person,ranking,261789,133117,1090,0.2113,6449,0,0,,,,0,1
2026-09-15,full,/ranking/gpp-agriculture,ranking,231432,105338,1087,0.2857,6295,0,2,,,,0,2
2026-09-15,full,/ranking/gpp-education-sector,ranking,230644,104962,1085,0.2857,6303,0,2,,,,0,2
2026-09-15,full,/ranking/gpp-forestry,ranking,227537,103177,1083,0.2857,5949,0,2,,,,0,2
2026-09-15,full,/ranking/gpp-manufacturing,ranking,213196,96134,1034,0.2857,4777,0,2,,,,0,2
2026-09-15,full,/ranking/gpp-public-service,ranking,232016,105636,1089,0.2857,6347,0,2,,,,0,2
2026-09-15,full,/ranking/grade-separated-pedestrian-crossings-per-1000-km,ranking,276534,141701,1144,0.2471,6113,0,1,,,,0,2
2026-09-15,full,/ranking/grape-consumption-expenditure,ranking,282402,140194,1133,0.2614,4834,0,4,,,,0,2
2026-09-15,full,/ranking/grape-consumption-quantity,ranking,297939,147934,1180,0.2614,6260,0,4,,,,0,2
2026-09-15,full,/ranking/green-beans-consumption-expenditure,ranking,294333,147854,1173,0.2558,6156,0,3,,,,0,2
2026-09-15,full,/ranking/green-beans-consumption-quantity,ranking,291705,146067,1168,0.2558,6027,0,3,,,,0,2
2026-09-15,full,/ranking/green-pepper-consumption-expenditure,ranking,297997,149263,1197,0.2614,6172,0,4,,,,0,2
2026-09-15,full,/ranking/green-pepper-consumption-quantity,ranking,296737,148207,1207,0.2614,6178,0,4,,,,0,2
2026-09-15,full,/ranking/green-tea-consumption-expenditure,ranking,298336,37364,1179,0.2727,6392,0,4,,,,0,2
2026-09-15,full,/ranking/green-tea-consumption-quantity,ranking,297511,147422,1185,0.2614,6009,0,4,,,,0,2
2026-09-15,full,/ranking/grilled-eel-consumption-expenditure,ranking,306724,152590,1225,0.2727,6543,0,4,,,,0,2
2026-09-15,full,/ranking/gross-prefectural-income-growth-rate-nominal-h17,ranking,276926,141854,1128,0.2299,6338,0,2,,,,0,2
2026-09-15,full,/ranking/gross-prefectural-income-growth-rate-nominal-h23,ranking,276290,141623,1126,0.2299,6300,0,2,,,,0,2
2026-09-15,full,/ranking/gross-prefectural-income-growth-rate-real-h17,ranking,276010,141541,1126,0.2414,6281,0,2,,,,0,2
2026-09-15,full,/ranking/ground-meat-consumption-expenditure,ranking,300768,37433,1190,0.2841,6364,0,4,,,,0,2
2026-09-15,full,/ranking/ground-meat-consumption-quantity,ranking,299212,149479,1194,0.2841,6073,0,4,,,,0,2
2026-09-15,full,/ranking/gyoza-frozen-consumption-expenditure,ranking,303309,151090,1198,0.2614,6176,0,4,,,,0,2
2026-09-15,full,/ranking/habitable-area-ratio,ranking,257748,133321,1058,0.3012,5962,0,0,,,,1,0
2026-09-15,full,/ranking/habitable-area,ranking,259394,132488,1076,0.3133,5924,0,0,,,,1,0
2026-09-15,full,/ranking/hair-coloring-consumption-expenditure,ranking,295919,147875,1184,0.2614,6445,0,4,,,,0,2
2026-09-15,full,/ranking/hair-conditioner-consumption-expenditure,ranking,306177,152673,1196,0.2614,6511,0,4,,,,0,2
2026-09-15,full,/ranking/hair-styling-consumption-expenditure,ranking,303553,151466,1196,0.2614,6289,0,4,,,,0,2
2026-09-15,full,/ranking/haircut-consumption-expenditure,ranking,256447,131095,1054,0.2308,4887,0,0,,,,0,1
2026-09-15,full,/ranking/haircut-consumption-quantity,ranking,274186,140274,1114,0.2308,6018,0,0,,,,0,1
2026-09-15,full,/ranking/ham-consumption-expenditure,ranking,302859,150700,1188,0.2727,6382,0,4,,,,0,2
2026-09-15,full,/ranking/ham-consumption-quantity,ranking,300784,149955,1191,0.2614,5867,0,4,,,,0,2
2026-09-15,full,/ranking/hamburg-steak-consumption-expenditure,ranking,301416,149902,1203,0.2727,6223,0,4,,,,0,2
2026-09-15,full,/ranking/hamburger-consumption-expenditure,ranking,301470,150593,1186,0.2614,6405,0,4,,,,0,2
2026-09-15,full,/ranking/handbag-consumption-expenditure,ranking,287028,141542,1167,0.2614,4965,0,4,,,,0,2
2026-09-15,full,/ranking/handbag-consumption-quantity,ranking,304456,151551,1195,0.2614,6124,0,4,,,,0,2
2026-09-15,full,/ranking/happoshu-consumption-expenditure,ranking,300376,150174,1195,0.2614,6749,0,4,,,,0,2
2026-09-15,full,/ranking/happoshu-consumption-quantity,ranking,299776,149730,1189,0.2614,6646,0,4,,,,0,2
2026-09-15,full,/ranking/hat-consumption-expenditure,ranking,300652,149387,1182,0.2614,6323,0,4,,,,0,2
2026-09-15,full,/ranking/hat-consumption-quantity,ranking,300393,149843,1178,0.2614,6300,0,4,,,,0,2
2026-09-15,full,/ranking/health-center-expenses-prefecture,ranking,270425,137890,1134,0.2907,5966,0,0,,,,0,1
2026-09-15,full,/ranking/health-checkup-consumption-expenditure,ranking,273561,139411,1099,0.2436,6644,0,0,,,,0,1
2026-09-15,full,/ranking/health-checkup-recipients,ranking,253733,129117,1062,0.2208,6786,0,0,,,,0,1
2026-09-15,full,/ranking/health-consumables-consumption-expenditure,ranking,276526,142079,1119,0.2308,6330,0,0,,,,0,1
2026-09-15,full,/ranking/health-insurance-premium-consumption-expenditure,ranking,274891,140871,1114,0.2308,6324,0,0,,,,0,1
2026-09-15,full,/ranking/health-medical-expenditure-total,ranking,225699,104833,1047,0.2647,6214,0,0,,,,0,1
2026-09-15,full,/ranking/health-physical-education-expenses-prefecture,ranking,275559,140021,1131,0.2527,6434,0,2,,,,0,2
2026-09-15,full,/ranking/healthcare-cost-all-households,ranking,232922,108786,1077,0.2597,6203,0,2,,,,0,2
2026-09-15,full,/ranking/healthcare-expenditure-ratio-multi-person-households,ranking,240696,123007,1014,0.2532,4929,0,0,,,,0,1
2026-09-15,full,/ranking/healthy-life-expectancy-female,ranking,248994,128415,1021,0.1429,6390,0,0,,,,0,0
2026-09-15,full,/ranking/healthy-life-expectancy-male,ranking,232844,119669,978,0.1429,4845,0,0,,,,0,0
2026-09-15,full,/ranking/heater-consumption-expenditure,ranking,301574,150512,1195,0.2614,6491,0,4,,,,0,2
2026-09-15,full,/ranking/heater-consumption-quantity,ranking,302120,37402,1224,0.2727,6363,0,4,,,,0,2
2026-09-15,full,/ranking/high-school-advancement-rate,ranking,272350,37408,1122,0.2529,6254,0,2,,,,0,2
2026-09-15,full,/ranking/high-school-count-per-100k-15-17,ranking,278483,140424,1158,0.2581,5967,0,2,,,,0,2
2026-09-15,full,/ranking/high-school-count-per-100km2-habitable,ranking,264581,136552,1080,0.2809,5985,0,0,,,,0,1
2026-09-15,full,/ranking/high-school-count,ranking,274450,136339,1166,0.2584,5887,0,2,,,,0,2
2026-09-15,full,/ranking/high-school-education-cost-fulltime-per-student,ranking,276758,141090,1123,0.2235,6554,0,2,,,,0,2
2026-09-15,full,/ranking/high-school-expenses-prefecture,ranking,280658,144093,1144,0.2527,6177,0,2,,,,0,2
2026-09-15,full,/ranking/high-school-graduates-job-ratio,ranking,276071,141974,1119,0.2529,6628,0,2,,,,0,2
2026-09-15,full,/ranking/high-school-graduates-out-of-prefecture-job-ratio,ranking,264276,136771,1075,0.2529,5383,0,2,,,,0,2
2026-09-15,full,/ranking/high-school-new-graduates-employment-rate,ranking,276671,142329,1118,0.2414,6642,0,2,,,,0,2
2026-09-15,full,/ranking/high-school-new-graduates-job-opening-ratio,ranking,280145,145956,1119,0.2299,6492,0,2,,,,0,2
2026-09-15,full,/ranking/high-school-students-per-teacher,ranking,279585,142610,1149,0.2529,6062,0,2,,,,0,2
2026-09-15,full,/ranking/high-school-teacher-annual-income,ranking,277635,138424,1153,0.2353,6548,0,2,,,,0,2
2026-09-15,full,/ranking/high-school-tutoring-consumption-expenditure,ranking,273107,139226,1102,0.2308,6680,0,0,,,,0,1
2026-09-15,full,/ranking/hire-taxi-operators,ranking,273883,140182,1121,0.2405,6241,0,2,,,,0,2
2026-09-15,full,/ranking/history-museum-count,ranking,255663,127109,1091,0.2747,4710,0,2,,,,0,2
2026-09-15,full,/ranking/hobby-activity-by-couple,ranking,269543,137337,1106,0.2235,6696,0,2,,,,0,2
2026-09-15,full,/ranking/hobby-activity-singleperson,ranking,252469,128627,1050,0.2235,5646,0,2,,,,0,2
2026-09-15,full,/ranking/hobby-leisure-avg-time-employed-female,ranking,268048,135788,1116,0.2472,6278,0,3,,,,0,2
2026-09-15,full,/ranking/hobby-leisure-avg-time-employed-male,ranking,269836,136797,1131,0.2472,6250,0,3,,,,0,2
2026-09-15,full,/ranking/hobby-leisure-avg-time-unemployed-female,ranking,269946,136664,1129,0.236,6329,0,3,,,,0,2
2026-09-15,full,/ranking/hobby-leisure-avg-time-unemployed-male,ranking,251741,127008,1072,0.2472,4940,0,3,,,,0,2
2026-09-15,full,/ranking/hobby-participation-rate-art-appreciation,ranking,268713,136773,1108,0.2353,6346,0,2,,,,0,2
2026-09-15,full,/ranking/hobby-participation-rate-calligraphy,ranking,267671,136370,1102,0.2235,6140,0,2,,,,0,2
2026-09-15,full,/ranking/hobby-participation-rate-camping,ranking,269968,137650,1105,0.2353,6521,0,2,,,,0,2
2026-09-15,full,/ranking/hobby-participation-rate-chorus,ranking,253362,129027,1056,0.2235,5025,0,2,,,,0,2
2026-09-15,full,/ranking/hobby-participation-rate-cinema,ranking,301179,149084,1194,0.2737,6587,0,6,,,,0,2
2026-09-15,full,/ranking/hobby-participation-rate-classical-music,ranking,283609,139921,1144,0.2526,5133,0,6,,,,0,2
2026-09-15,full,/ranking/hobby-participation-rate-cooking,ranking,269847,137355,1102,0.2353,6850,0,2,,,,0,2
2026-09-15,full,/ranking/hobby-participation-rate-diy,ranking,268359,136743,1099,0.2235,6511,0,2,,,,0,2
2026-09-15,full,/ranking/hobby-participation-rate-flower-arrangement,ranking,269253,137094,1118,0.2235,6090,0,2,,,,0,2
2026-09-15,full,/ranking/hobby-participation-rate-gardening,ranking,269927,137593,1097,0.2235,7077,0,2,,,,0,2
2026-09-15,full,/ranking/hobby-participation-rate-go,ranking,266807,135615,1094,0.2235,6160,0,2,,,,0,2
2026-09-15,full,/ranking/hobby-participation-rate-home-movie,ranking,302474,149585,1223,0.2632,6753,0,6,,,,0,2
2026-09-15,full,/ranking/hobby-participation-rate-instrument,ranking,298596,147704,1187,0.2526,6288,0,6,,,,0,2
2026-09-15,full,/ranking/hobby-participation-rate-japanese-dance,ranking,251440,127558,1057,0.2353,5009,0,2,,,,0,2
2026-09-15,full,/ranking/hobby-participation-rate-japanese-music,ranking,269200,137254,1116,0.2235,6201,0,2,,,,0,2
2026-09-15,full,/ranking/hobby-participation-rate-karaoke,ranking,269249,136990,1115,0.2471,6156,0,2,,,,0,2
2026-09-15,full,/ranking/hobby-participation-rate-knitting,ranking,300142,148381,1228,0.2737,6276,0,6,,,,0,2
2026-09-15,full,/ranking/hobby-participation-rate-manga,ranking,266996,135894,1099,0.2235,6474,0,2,,,,0,2
2026-09-15,full,/ranking/hobby-participation-rate-music-listening,ranking,301827,149815,1187,0.2737,6957,0,6,,,,0,2
2026-09-15,full,/ranking/hobby-participation-rate-pachinko,ranking,268134,136268,1101,0.2235,6319,0,2,,,,0,2
2026-09-15,full,/ranking/hobby-participation-rate-painting,ranking,253143,128362,1061,0.2353,5059,0,2,,,,0,2
2026-09-15,full,/ranking/hobby-participation-rate-photography,ranking,298431,148435,1201,0.2526,6505,0,6,,,,0,2
2026-09-15,full,/ranking/hobby-participation-rate-popular-music,ranking,299339,148123,1184,0.2526,6705,0,6,,,,0,2
2026-09-15,full,/ranking/hobby-participation-rate-pottery,ranking,270249,137232,1119,0.2588,6278,0,2,,,,0,2
2026-09-15,full,/ranking/hobby-participation-rate-reading,ranking,269755,137292,1105,0.2353,6600,0,2,,,,0,2
2026-09-15,full,/ranking/hobby-participation-rate-sewing,ranking,270114,137274,1103,0.2235,6510,0,2,,,,0,2
2026-09-15,full,/ranking/hobby-participation-rate-shogi,ranking,253562,128719,1067,0.2353,4807,0,2,,,,0,2
2026-09-15,full,/ranking/hobby-participation-rate-sports-spectating,ranking,268933,137035,1102,0.2353,6412,0,2,,,,0,2
2026-09-15,full,/ranking/hobby-participation-rate-tea-ceremony,ranking,269337,137144,1103,0.2235,6386,0,2,,,,0,2
2026-09-15,full,/ranking/hobby-participation-rate-theater,ranking,269027,136844,1096,0.2353,6879,0,2,,,,0,2
2026-09-15,full,/ranking/hobby-participation-rate-theme-parks,ranking,271960,138581,1116,0.2235,6609,0,2,,,,0,2
2026-09-15,full,/ranking/hobby-participation-rate-video-games,ranking,269011,137106,1098,0.2235,6382,0,2,,,,0,2
2026-09-15,full,/ranking/hobby-participation-rate-western-dance,ranking,269657,137195,1106,0.2235,6539,0,2,,,,0,2
2026-09-15,full,/ranking/hobby-participation-rate-writing,ranking,254335,128880,1061,0.2353,5322,0,2,,,,0,2
2026-09-15,full,/ranking/home-care-worker-annual-income,ranking,277667,138525,1160,0.2353,6325,0,2,,,,0,2
2026-09-15,full,/ranking/home-helper-count-per-100k,ranking,260421,130257,1100,0.2874,6212,0,0,,,,0,1
2026-09-15,full,/ranking/home-helper-users-per-office,ranking,257099,130314,1088,0.2278,6083,0,0,,,,0,1
2026-09-15,full,/ranking/home-ownership-rate-kakei,ranking,266625,137132,1099,0.2308,5772,0,0,,,,0,1
2026-09-15,full,/ranking/homemaking-lesson-consumption-expenditure,ranking,274579,140095,1121,0.2308,6188,0,0,,,,0,1
2026-09-15,full,/ranking/horse-mackerel-consumption-expenditure,ranking,299336,148967,1195,0.2614,6069,0,4,,,,0,2
2026-09-15,full,/ranking/horse-mackerel-consumption-quantity,ranking,295667,146713,1177,0.2614,6139,0,4,,,,0,2
2026-09-15,full,/ranking/hospital-bed-count,ranking,254052,127457,1093,0.2394,5886,0,0,,,,0,1
2026-09-15,full,/ranking/hospital-staff-by-occupation,ranking,252227,128354,1053,0.2208,6701,0,0,,,,0,1
2026-09-15,full,/ranking/household-head-allowance-consumption-expenditure,ranking,276118,141191,1115,0.2308,6540,0,0,,,,0,1
2026-09-15,full,/ranking/household-head-annual-income-per-household,ranking,258027,129851,1088,0.2405,6119,0,0,,,,0,1
2026-09-15,full,/ranking/household-head-income-worker-households-per-month,ranking,284395,145977,1150,0.2644,6036,0,2,,,,0,2
2026-09-15,full,/ranking/household-income-by-type,ranking,252061,128938,1044,0.2208,6743,0,0,,,,0,1
2026-09-15,full,/ranking/household-ratio-above-minimum-housing-area,ranking,255519,130481,1066,0.2278,6468,0,0,,,,0,1
2026-09-15,full,/ranking/household-ratio-main-earner-employee-commute-90min,ranking,254367,129421,1064,0.2405,6542,0,0,,,,0,1
2026-09-15,full,/ranking/household-ratio-with-65plus,ranking,256724,130446,1084,0.2785,6436,0,0,,,,0,1
2026-09-15,full,/ranking/household-types-by-area,ranking,253725,129854,1062,0.2338,6444,0,0,,,,0,1
2026-09-15,full,/ranking/households-on-public-assistance-per-1000,ranking,262696,131599,1112,0.2619,6335,0,0,,,,0,1
2026-09-15,full,/ranking/households-on-public-assistance,ranking,267769,136916,1090,0.25,6500,0,0,,,,0,1
2026-09-15,full,/ranking/households-with-elderly-members,ranking,214567,36384,1041,0.3188,6470,0,0,,,,1,0
2026-09-15,full,/ranking/households,ranking,214018,37209,1051,0.3043,5792,0,0,,,,1,0
2026-09-15,full,/ranking/housekeeping-service-consumption-expenditure,ranking,274335,140137,1113,0.2308,6252,0,0,,,,0,1
2026-09-15,full,/ranking/housework-avg-time-female,ranking,253028,127604,1084,0.2472,4762,0,3,,,,0,2
2026-09-15,full,/ranking/housework-avg-time-male,ranking,250744,126092,1078,0.2697,4744,0,3,,,,0,2
2026-09-15,full,/ranking/housing-charges-consumption-expenditure,ranking,271280,138924,1090,0.2308,6547,0,0,,,,0,1
2026-09-15,full,/ranking/housing-cost-all-households,ranking,232258,108247,1070,0.2597,6237,0,2,,,,0,2
2026-09-15,full,/ranking/housing-expenditure-ratio-multi-person-households,ranking,272003,139976,1112,0.2529,6025,0,2,,,,0,2
2026-09-15,full,/ranking/housing-expenditure-total,ranking,224709,104184,1050,0.2794,6112,0,0,,,,0,1
2026-09-15,full,/ranking/housing-expenses-prefecture,ranking,279625,37268,1144,0.2747,5878,0,2,,,,0,2
2026-09-15,full,/ranking/housing-land-liabilities-ratio-multi-person-households,ranking,271286,138856,1112,0.2299,6493,0,2,,,,0,2
2026-09-15,full,/ranking/housing-site-value-per-3-3m2,ranking,274391,140059,1116,0.2078,6331,0,2,,,,0,2
2026-09-15,full,/ranking/husband-childcare-rate,ranking,268415,135955,1128,0.2414,5962,0,3,,,,0,2
2026-09-15,full,/ranking/icecream-consumption-expenditure,ranking,304461,152207,1186,0.2614,6887,0,4,,,,0,2
2026-09-15,full,/ranking/in-pref-university-entrance-ratio-by-highschool-origin,ranking,275953,141728,1119,0.2529,6597,0,2,,,,0,2
2026-09-15,full,/ranking/in-prefecture-employed-people-ratio,ranking,269710,136988,1129,0.236,6038,0,3,,,,0,2
2026-09-15,full,/ranking/independent-revenue-prefecture,ranking,275889,143131,1123,0.314,6412,0,0,,,,1,0
2026-09-15,full,/ranking/industrial-and-semi-industrial-area-ratio,ranking,275051,142245,1117,0.2759,6343,0,2,,,,0,2
2026-09-15,full,/ranking/industrial-exclusive-area-ratio,ranking,275777,142805,1108,0.2644,6420,0,2,,,,0,2
2026-09-15,full,/ranking/industrial-land-price-change-rate,ranking,218520,102023,1025,0.2857,6269,0,2,,,,0,2
2026-09-15,full,/ranking/industrial-water-usage,ranking,274575,139926,1132,0.284,5972,0,2,,,,0,2
2026-09-15,full,/ranking/infant-clothes-consumption-expenditure,ranking,301811,150093,1197,0.2614,6119,0,4,,,,0,2
2026-09-15,full,/ranking/infant-clothes-consumption-quantity,ranking,301587,149470,1211,0.2614,6150,0,4,,,,0,2
2026-09-15,full,/ranking/infant-deaths,ranking,201381,37179,999,0.2899,4638,0,0,,,,0,1
2026-09-15,full,/ranking/infant-mortality-rate-per-1000-births,ranking,254797,129877,1072,0.3038,6042,0,0,,,,1,0
2026-09-15,full,/ranking/inflow-population-ratio,ranking,250766,127314,1056,0.2771,6214,0,0,,,,0,1
2026-09-15,full,/ranking/information-communication-coefficient,ranking,221411,102365,1044,0.2941,6311,0,0,,,,0,1
2026-09-15,full,/ranking/information-communication-expenditure,ranking,222577,102604,1048,0.3088,6468,0,0,,,,1,0
2026-09-15,full,/ranking/information-private-employees,ranking,191881,84146,961,0.3247,5039,0,2,,,,1,1
2026-09-15,full,/ranking/information-private-establishments,ranking,192995,84729,964,0.3377,5106,0,2,,,,1,1
2026-09-15,full,/ranking/inland-aquaculture-harvest,ranking,272126,136153,1140,0.2857,6145,0,0,,,,0,1
2026-09-15,full,/ranking/inland-fishery-catch,ranking,271486,136751,1128,0.2967,6118,0,0,,,,0,1
2026-09-15,full,/ranking/inpatient-rate-per-100k,ranking,253378,127236,1071,0.2208,6172,0,0,,,,0,1
2026-09-15,full,/ranking/inpatients-per-fulltime-physician-per-day,ranking,258165,129627,1094,0.2785,6173,0,0,,,,0,1
2026-09-15,full,/ranking/inpatients-per-nurse-per-day,ranking,256904,128245,1095,0.2911,6164,0,0,,,,0,1
2026-09-15,full,/ranking/insecticide-consumption-expenditure,ranking,299469,149448,1196,0.2614,6266,0,4,,,,0,2
2026-09-15,full,/ranking/instant-noodles-consumption-expenditure,ranking,299139,149595,1176,0.2727,6283,0,4,,,,0,2
2026-09-15,full,/ranking/instant-noodles-consumption-quantity,ranking,299935,149801,1186,0.2955,6058,0,4,,,,0,2
2026-09-15,full,/ranking/integrated-kindergarten-enrollment,ranking,232018,105258,1094,0.2987,6561,0,2,,,,0,2
2026-09-15,full,/ranking/intellectual-crime-per-100k,ranking,258983,130188,1072,0.2785,6510,0,0,,,,0,1
2026-09-15,full,/ranking/intellectual-disability-rehabilitation-center-cases-per-100k,ranking,271506,37680,1119,0.2727,6624,0,0,,,,0,1
2026-09-15,full,/ranking/intellectual-disability-rehabilitation-center-cases,ranking,269513,137564,1098,0.2375,6585,0,0,,,,0,1
2026-09-15,full,/ranking/intellectual-disability-support-facility-capacity-per-100k,ranking,271008,137624,1118,0.2727,6462,0,0,,,,0,1
2026-09-15,full,/ranking/intellectual-disability-support-facility-capacity,ranking,266434,135665,1086,0.2625,6584,0,0,,,,0,1
2026-09-15,full,/ranking/intellectual-disability-support-facility-count-per-1m,ranking,266356,135233,1110,0.2874,6307,0,0,,,,0,1
2026-09-15,full,/ranking/intellectual-disability-support-facility-residents-per-100k,ranking,268797,37646,1118,0.2841,6520,0,0,,,,0,1
2026-09-15,full,/ranking/intellectual-disability-support-facility-residents,ranking,268602,136891,1103,0.2625,6476,0,0,,,,0,1
2026-09-15,full,/ranking/intellectual-disability-support-facility-staff-per-100k,ranking,262635,131878,1105,0.2759,6486,0,0,,,,0,1
2026-09-15,full,/ranking/interior-decoration-consumption-expenditure,ranking,305251,151994,1198,0.2727,6265,0,4,,,,0,2
2026-09-15,full,/ranking/internet-fee-consumption-expenditure,ranking,271860,37560,1094,0.2308,6485,0,0,,,,0,1
2026-09-15,full,/ranking/investment-contributions-prefecture,ranking,271098,138134,1122,0.314,6360,0,0,,,,1,0
2026-09-15,full,/ranking/investment-expenditure-ratio-pref-finance,ranking,269739,37550,1120,0.3023,6186,0,0,,,,1,0
2026-09-15,full,/ranking/investment-expenses-prefecture,ranking,277403,143883,1120,0.3023,6433,0,0,,,,1,0
2026-09-15,full,/ranking/jam-consumption-expenditure,ranking,302657,150294,1195,0.2614,6086,0,4,,,,0,2
2026-09-15,full,/ranking/jam-consumption-quantity,ranking,301074,149229,1181,0.2614,6308,0,4,,,,0,2
2026-09-15,full,/ranking/japan-health-insurance-society-enrollees-per-1000,ranking,267709,37643,1098,0.253,6761,0,0,,,,0,1
2026-09-15,full,/ranking/japan-health-insurance-society-medical-expense-dependents-per-person,ranking,266243,135994,1093,0.2533,6687,0,0,,,,0,1
2026-09-15,full,/ranking/japan-health-insurance-society-medical-expense-insured-per-person,ranking,263684,133863,1095,0.2267,6679,0,0,,,,0,1
2026-09-15,full,/ranking/japan-health-insurance-society-visit-rate-dependents-per-1000,ranking,265716,137978,1070,0.2533,6858,0,0,,,,0,1
2026-09-15,full,/ranking/japan-health-insurance-society-visit-rate-insured-per-1000,ranking,267310,139072,1073,0.2533,6842,0,0,,,,0,1
2026-09-15,full,/ranking/japanese-entries,ranking,233437,107870,1090,0.2727,5975,0,2,,,,0,2
2026-09-15,full,/ranking/japanese-food-dining-consumption-expenditure,ranking,302400,151637,1194,0.2614,6122,0,4,,,,0,2
2026-09-15,full,/ranking/japanese-movers-in,ranking,220560,101127,1052,0.2899,5825,0,0,,,,0,1
2026-09-15,full,/ranking/japanese-movers-out,ranking,220686,101403,1052,0.2754,5831,0,0,,,,0,1
2026-09-15,full,/ranking/japanese-population,ranking,220953,100848,1056,0.3151,5912,0,0,,,,1,0
2026-09-15,full,/ranking/jelly-consumption-expenditure,ranking,286455,141996,1141,0.2614,4834,0,4,,,,0,2
2026-09-15,full,/ranking/job-change-rate,ranking,268734,135026,1145,0.2472,5779,0,3,,,,0,2
2026-09-15,full,/ranking/jr-freight-shipment,ranking,271626,138056,1117,0.2278,6328,0,2,,,,0,2
2026-09-15,full,/ranking/jr-passenger-transport,ranking,227231,102598,1091,0.3151,5938,0,2,,,,1,1
2026-09-15,full,/ranking/judo-therapist-count,ranking,249773,126303,1069,0.2911,5943,0,0,,,,0,1
2026-09-15,full,/ranking/judo-therapist-rate,ranking,256135,128152,1093,0.2727,6183,0,0,,,,0,1
2026-09-15,full,/ranking/junior-college-capacity-index,ranking,276800,140442,1139,0.2529,6207,0,2,,,,0,2
2026-09-15,full,/ranking/junior-college-count-per-100k,ranking,280541,141954,1162,0.2708,5966,0,2,,,,0,2
2026-09-15,full,/ranking/junior-college-count,ranking,281366,37214,1164,0.25,5924,0,2,,,,0,2
2026-09-15,full,/ranking/junior-college-new-graduates-unemployment-rate,ranking,273076,139864,1117,0.2759,6382,0,2,,,,0,2
2026-09-15,full,/ranking/junior-high-club-per100-badminton,ranking,274020,139644,1110,0.241,6679,0,2,,,,0,2
2026-09-15,full,/ranking/junior-high-club-per100-baseball-soft,ranking,272332,138744,1110,0.253,6692,0,2,,,,0,2
2026-09-15,full,/ranking/junior-high-club-per100-basketball,ranking,271632,138212,1115,0.253,6488,0,2,,,,0,2
2026-09-15,full,/ranking/junior-high-club-per100-kendo,ranking,270220,137308,1108,0.253,6491,0,2,,,,0,2
2026-09-15,full,/ranking/junior-high-club-per100-soccer,ranking,271074,137874,1110,0.241,6627,0,2,,,,0,2
2026-09-15,full,/ranking/junior-high-club-per100-soft-tennis,ranking,275861,140740,1116,0.241,6925,0,2,,,,0,2
2026-09-15,full,/ranking/junior-high-club-per100-swimming,ranking,274504,139805,1117,0.2651,6762,0,2,,,,0,2
2026-09-15,full,/ranking/junior-high-club-per100-table-tennis,ranking,272270,138579,1111,0.253,6565,0,2,,,,0,2
2026-09-15,full,/ranking/junior-high-club-per100-track-and-field,ranking,272195,138747,1103,0.241,6476,0,2,,,,0,2
2026-09-15,full,/ranking/junior-high-club-per100-volleyball,ranking,270277,137532,1107,0.253,6395,0,2,,,,0,2
2026-09-15,full,/ranking/junior-high-school-advancement-rate,ranking,272044,37429,1117,0.2529,6231,0,2,,,,0,2
2026-09-15,full,/ranking/junior-high-school-classes,ranking,232863,106406,1090,0.2987,6270,0,2,,,,0,2
2026-09-15,full,/ranking/junior-high-school-count-per-100k-12-14,ranking,278504,140393,1161,0.2581,5953,0,2,,,,0,2
2026-09-15,full,/ranking/junior-high-school-count-per-100km2-habitable,ranking,264958,136604,1084,0.2809,5970,0,0,,,,0,1
2026-09-15,full,/ranking/junior-high-school-count,ranking,274975,136893,1164,0.2472,5844,0,2,,,,0,2
2026-09-15,full,/ranking/junior-high-school-education-cost-per-student,ranking,278938,143199,1129,0.2353,6119,0,2,,,,0,2
2026-09-15,full,/ranking/junior-high-school-expenses-prefecture,ranking,281706,145671,1126,0.2637,6007,0,2,,,,0,2
2026-09-15,full,/ranking/junior-high-school-long-absence-ratio-nonattendance-over-30days-per-1000,ranking,282625,146276,1127,0.2857,6933,0,2,,,,0,2
2026-09-15,full,/ranking/junior-high-school-long-absence-ratio-over-30days-per-1000,ranking,277044,142291,1111,0.3187,6702,0,2,,,,1,1
2026-09-15,full,/ranking/junior-high-school-students-count,ranking,277301,139522,1146,0.2584,6132,0,2,,,,0,2
2026-09-15,full,/ranking/junior-high-school-students-per-teacher,ranking,279784,37373,1153,0.2472,6040,0,2,,,,0,2
2026-09-15,full,/ranking/junior-high-school-teachers,ranking,235320,36268,1092,0.2857,6179,0,2,,,,0,2
2026-09-15,full,/ranking/junior-high-tutoring-consumption-expenditure,ranking,272148,139360,1102,0.2308,6512,0,0,,,,0,1
2026-09-15,full,/ranking/juvenile-criminal-arrest-person-per-population,ranking,261941,133580,1091,0.2857,6245,0,0,,,,0,1
2026-09-15,full,/ranking/juvenile-criminal-arrest-person,ranking,266572,135864,1091,0.3125,6154,0,0,,,,1,0
2026-09-15,full,/ranking/juvenile-theft-offender-arrests-per-1000-14-19,ranking,260676,131822,1087,0.2771,6241,0,0,,,,0,1
2026-09-15,full,/ranking/katsuobushi-consumption-expenditure,ranking,303029,150049,1217,0.2614,6587,0,4,,,,0,2
2026-09-15,full,/ranking/katsuobushi-consumption-quantity,ranking,300355,149065,1177,0.2614,6315,0,4,,,,0,2
2026-09-15,full,/ranking/kei-car-count,ranking,271534,138003,1113,0.2874,6185,0,2,,,,0,2
2026-09-15,full,/ranking/kerosene-consumption-expenditure,ranking,301090,149477,1207,0.2614,6375,0,4,,,,0,2
2026-09-15,full,/ranking/kerosene-consumption-quantity,ranking,300798,150063,1183,0.2614,6096,0,4,,,,0,2
2026-09-15,full,/ranking/ketchup-consumption-expenditure,ranking,299484,149067,1181,0.2727,6335,0,4,,,,0,2
2026-09-15,full,/ranking/ketchup-consumption-quantity,ranking,299978,149065,1187,0.2727,6206,0,4,,,,0,2
2026-09-15,full,/ranking/kidney-failure-death-count,ranking,259958,130169,1096,0.2949,6263,0,0,,,,0,1
2026-09-15,full,/ranking/kidney-failure-death-rate,ranking,257715,128805,1097,0.3205,6163,0,0,,,,1,0
2026-09-15,full,/ranking/kindergarten-count-per-100k-3-5,ranking,277367,37275,1148,0.2527,5890,0,2,,,,0,2
2026-09-15,full,/ranking/kindergarten-education-cost-per-student,ranking,281092,144521,1141,0.2235,6084,0,2,,,,0,2
2026-09-15,full,/ranking/kindergarten-expenses-prefecture,ranking,273066,137585,1133,0.2527,6166,0,2,,,,0,2
2026-09-15,full,/ranking/kindergarten-students-per-teacher,ranking,279594,37358,1142,0.2529,6059,0,2,,,,0,2
2026-09-15,full,/ranking/kindergarten-teacher-annual-income,ranking,261094,130167,1102,0.2235,5167,0,2,,,,0,2
2026-09-15,full,/ranking/kindergarten-teachers,ranking,217613,99673,1038,0.2857,4744,0,2,,,,0,2
2026-09-15,full,/ranking/kitchen-detergent-consumption-expenditure,ranking,298438,37538,1179,0.2558,6398,0,3,,,,0,2
2026-09-15,full,/ranking/kiwi-consumption-expenditure,ranking,299508,149229,1181,0.2614,6567,0,4,,,,0,2
2026-09-15,full,/ranking/kiwi-consumption-quantity,ranking,300981,149398,1208,0.2614,6295,0,4,,,,0,2
2026-09-15,full,/ranking/konbu-consumption-expenditure,ranking,299150,148629,1186,0.2614,6136,0,4,,,,0,2
2026-09-15,full,/ranking/konbu-consumption-quantity,ranking,299211,37426,1189,0.2727,6028,0,4,,,,0,2
2026-09-15,full,/ranking/konbu-tsukudani-consumption-expenditure,ranking,272719,139178,1104,0.2308,6487,0,0,,,,0,1
2026-09-15,full,/ranking/konbu-tsukudani-consumption-quantity,ranking,272203,138622,1109,0.2308,6274,0,0,,,,0,1
2026-09-15,full,/ranking/konnyaku-consumption-expenditure,ranking,306253,151924,1220,0.2614,6510,0,4,,,,0,2
2026-09-15,full,/ranking/labor-administration-expenses-prefecture,ranking,275989,142576,1123,0.3023,6378,0,0,,,,1,0
2026-09-15,full,/ranking/labor-expenditure-ratio-pref-finance,ranking,276114,142110,1141,0.2796,5933,0,3,,,,0,2
2026-09-15,full,/ranking/labor-expenses-prefecture,ranking,264973,135757,1105,0.2688,4671,0,3,,,,0,2
2026-09-15,full,/ranking/labor-force-population-ratio-man,ranking,254310,129476,1072,0.2892,6030,0,0,,,,0,1
2026-09-15,full,/ranking/labor-force-population-ratio-woman,ranking,253257,128579,1074,0.2892,6035,0,0,,,,0,1
2026-09-15,full,/ranking/lake-count,ranking,249092,124621,1069,0.2278,4547,0,2,,,,0,2
2026-09-15,full,/ranking/land-productivity-per-ha,ranking,277170,37284,1144,0.2706,5913,0,2,,,,0,2
2026-09-15,full,/ranking/land-rent-consumption-expenditure,ranking,272023,138422,1110,0.2436,6233,0,0,,,,0,1
2026-09-15,full,/ranking/landline-bill-consumption-expenditure,ranking,275627,141154,1108,0.2308,6428,0,0,,,,0,1
2026-09-15,full,/ranking/language-lesson-consumption-expenditure,ranking,274347,140153,1121,0.2308,6146,0,0,,,,0,1
2026-09-15,full,/ranking/large-retail-store-count-per-100k,ranking,275288,138242,1153,0.2737,6138,0,2,,,,0,2
2026-09-15,full,/ranking/large-scale-park-count,ranking,268058,134535,1134,0.2706,6054,0,1,,,,0,2
2026-09-15,full,/ranking/laspeyres-index-prefecture,ranking,272090,138537,1126,0.2471,6477,0,3,,,,0,2
2026-09-15,full,/ranking/late-elderly-medical-expense-per-insured,ranking,256608,131791,1057,0.1884,6421,0,0,,,,0,1
2026-09-15,full,/ranking/laundry-detergent-consumption-expenditure,ranking,257825,131485,1065,0.2308,4972,0,0,,,,0,1
2026-09-15,full,/ranking/laundry-service-consumption-expenditure,ranking,272990,139797,1106,0.2436,6417,0,0,,,,0,1
2026-09-15,full,/ranking/leek-consumption-expenditure,ranking,302975,150499,1224,0.2614,6021,0,4,,,,0,2
2026-09-15,full,/ranking/leek-consumption-quantity,ranking,301286,149964,1184,0.2614,6073,0,4,,,,0,2
2026-09-15,full,/ranking/lettuce-consumption-expenditure,ranking,301974,37373,1220,0.2614,6268,0,4,,,,0,2
2026-09-15,full,/ranking/lettuce-consumption-quantity,ranking,301520,37293,1186,0.2614,6314,0,4,,,,0,2
2026-09-15,full,/ranking/library-books,ranking,279349,141881,1130,0.2414,6635,0,2,,,,0,2
2026-09-15,full,/ranking/library-count-per-million,ranking,274159,140710,1121,0.2737,6223,0,2,,,,0,2
2026-09-15,full,/ranking/library-lending-books,ranking,275642,139892,1139,0.2874,6317,0,2,,,,0,2
2026-09-15,full,/ranking/library-main-count,ranking,257041,128564,1097,0.2529,4706,0,2,,,,0,2
2026-09-15,full,/ranking/library-registered-users,ranking,258797,130985,1083,0.2644,4814,0,2,,,,0,2
2026-09-15,full,/ranking/library-staff,ranking,256976,129752,1086,0.2644,4696,0,2,,,,0,2
2026-09-15,full,/ranking/life-expectancy-0-female,ranking,246387,123652,1077,0.3,4669,0,0,,,,0,1
2026-09-15,full,/ranking/life-expectancy-0-male,ranking,263938,132374,1121,0.3,6239,0,0,,,,0,1
2026-09-15,full,/ranking/life-expectancy-65-male,ranking,257892,129802,1101,0.2911,5846,0,0,,,,0,1
2026-09-15,full,/ranking/light-bulbs-consumption-expenditure,ranking,304068,151417,1188,0.2614,6381,0,4,,,,0,2
2026-09-15,full,/ranking/lighting-consumption-expenditure,ranking,299683,148715,1179,0.2614,6298,0,4,,,,0,2
2026-09-15,full,/ranking/lipstick-consumption-expenditure,ranking,301798,150230,1180,0.2614,6326,0,4,,,,0,2
2026-09-15,full,/ranking/liver-disease-death-count,ranking,259470,130410,1096,0.3077,6159,0,0,,,,1,0
2026-09-15,full,/ranking/liver-disease-death-rate,ranking,256268,37363,1080,0.2949,6351,0,0,,,,0,1
2026-09-15,full,/ranking/loan-funds-prefecture,ranking,269334,136774,1121,0.2907,6271,0,0,,,,0,1
2026-09-15,full,/ranking/local-allocation-tax-prefecture,ranking,275450,142619,1118,0.2791,6344,0,0,,,,0,1
2026-09-15,full,/ranking/local-allocation-tax-ratio-pref-finance,ranking,273261,37334,1116,0.2907,6282,0,0,,,,0,1
2026-09-15,full,/ranking/local-assigned-tax-prefecture,ranking,270252,137692,1118,0.2907,6443,0,0,,,,0,1
2026-09-15,full,/ranking/local-bonds-prefecture,ranking,277267,143485,1124,0.2907,6249,0,0,,,,0,1
2026-09-15,full,/ranking/local-debt-current-ratio,ranking,269102,139156,1098,0.2907,6581,0,0,,,,0,1
2026-09-15,full,/ranking/local-debt-current,ranking,272565,139479,1119,0.3023,6402,0,0,,,,1,0
2026-09-15,full,/ranking/local-special-grant-prefecture,ranking,272033,138831,1120,0.3023,6491,0,0,,,,1,0
2026-09-15,full,/ranking/local-tax-prefecture,ranking,276604,142477,1125,0.2791,6403,0,0,,,,0,1
2026-09-15,full,/ranking/local-tax-ratio-pref-finance,ranking,272019,140488,1111,0.2907,6392,0,0,,,,0,1
2026-09-15,full,/ranking/long-absence-middle-school-illness-per-1000,ranking,277579,142317,1124,0.2747,6709,0,2,,,,0,2
2026-09-15,full,/ranking/long-absence-primary-school-illness-per-1000,ranking,278833,143249,1125,0.2857,6712,0,2,,,,0,2
2026-09-15,full,/ranking/long-term-care-medical-facility-count-per-100k-65plus,ranking,260695,130800,1106,0.2759,6309,0,0,,,,0,1
2026-09-15,full,/ranking/lotus-root-consumption-expenditure,ranking,302101,149872,1207,0.2614,6393,0,4,,,,0,2
2026-09-15,full,/ranking/lotus-root-consumption-quantity,ranking,301062,149882,1183,0.2614,6151,0,4,,,,0,2
2026-09-15,full,/ranking/low-birthweight-rate-per-1000-births,ranking,254504,37386,1048,0.3165,6296,0,0,,,,1,0
2026-09-15,full,/ranking/lowest-temperature,ranking,255636,131108,1066,0.2658,5790,0,0,,,,0,1
2026-09-15,full,/ranking/mackerel-consumption-expenditure,ranking,298939,148898,1184,0.2614,6148,0,4,,,,0,2
2026-09-15,full,/ranking/mackerel-consumption-quantity,ranking,283275,140030,1163,0.2614,4713,0,4,,,,0,2
2026-09-15,full,/ranking/magazines-consumption-expenditure,ranking,303187,150944,1182,0.2614,6352,0,4,,,,0,2
2026-09-15,full,/ranking/mail-items-handled,ranking,235080,106518,1107,0.2597,5955,0,2,,,,0,2
2026-09-15,full,/ranking/main-household-ratio-main-earner-employee-commute-90min,ranking,255897,130360,1062,0.2278,6732,0,0,,,,0,1
2026-09-15,full,/ranking/main-road-length-per-km2,ranking,261518,132560,1094,0.3678,5977,0,0,,,,1,0
2026-09-15,full,/ranking/main-road-paving-rate,ranking,270537,140019,1102,0.2353,6197,0,1,,,,0,2
2026-09-15,full,/ranking/maintenance-repair-expenses-prefecture,ranking,275738,142228,1121,0.2907,6474,0,0,,,,0,1
2026-09-15,full,/ranking/major-lake-area,ranking,254879,127925,1063,0.3012,6202,0,0,,,,1,0
2026-09-15,full,/ranking/male-part-time-hourly-wage-pre2019,ranking,273182,136735,1143,0.2921,6599,0,3,,,,0,2
2026-09-15,full,/ranking/male-part-time-hourly-wage,ranking,270830,137423,1135,0.2921,6217,0,3,,,,0,2
2026-09-15,full,/ranking/male-parttime-workers-upto2019,ranking,276565,139101,1160,0.2809,6308,0,3,,,,0,2
2026-09-15,full,/ranking/male-parttime-workers,ranking,230428,103382,1096,0.3165,6417,0,3,,,,1,1
2026-09-15,full,/ranking/male-scheduled-earnings,ranking,276330,138081,1163,0.2921,6062,0,3,,,,0,2
2026-09-15,full,/ranking/manager-annual-income,ranking,273215,137096,1138,0.2989,6432,0,3,,,,0,2
2026-09-15,full,/ranking/mandarin-consumption-expenditure,ranking,300355,149387,1179,0.2614,6304,0,4,,,,0,2
2026-09-15,full,/ranking/mandarin-consumption-quantity,ranking,299764,149012,1177,0.2727,6126,0,4,,,,0,2
2026-09-15,full,/ranking/manju-consumption-expenditure,ranking,286584,141688,1163,0.2727,4912,0,4,,,,0,2
2026-09-15,full,/ranking/manufacturing-employees,ranking,269656,137435,1116,0.3418,6017,0,2,,,,1,1
2026-09-15,full,/ranking/manufacturing-establishment-site-area,ranking,264809,135274,1091,0.3077,5005,0,2,,,,1,1
2026-09-15,full,/ranking/manufacturing-establishments,ranking,279960,141775,1151,0.2637,6240,0,2,,,,0,2
2026-09-15,full,/ranking/manufacturing-industry-added-value,ranking,268740,136106,1104,0.3418,6574,0,2,,,,1,1
2026-09-15,full,/ranking/manufacturing-shipment-amount-per-employee,ranking,264103,134489,1101,0.3457,6134,0,2,,,,1,1
2026-09-15,full,/ranking/manufacturing-shipment-amount-per-establishment,ranking,266627,136750,1086,0.3457,6462,0,2,,,,1,1
2026-09-15,full,/ranking/manufacturing-shipment-amount,ranking,273491,139445,1125,0.358,6114,0,2,,,,1,1
2026-09-15,full,/ranking/margarine-consumption-expenditure,ranking,303192,151068,1185,0.2614,6320,0,4,,,,0,2
2026-09-15,full,/ranking/margarine-consumption-quantity,ranking,300326,149642,1189,0.2727,6208,0,4,,,,0,2
2026-09-15,full,/ranking/marine-aquaculture-harvest,ranking,270998,135083,1142,0.3297,6187,0,0,,,,1,0
2026-09-15,full,/ranking/marine-fishery-aquaculture-output-value,ranking,275210,137493,1138,0.3297,6772,0,0,,,,1,0
2026-09-15,full,/ranking/marine-fishery-catch,ranking,279536,142377,1143,0.3187,6101,0,0,,,,1,0
2026-09-15,full,/ranking/marine-fishery-output-value,ranking,277173,140564,1142,0.3407,6141,0,0,,,,1,0
2026-09-15,full,/ranking/maritime-import-export-cargo,ranking,265050,132052,1129,0.2644,6049,0,2,,,,0,2
2026-09-15,full,/ranking/marriages-per-total-population,ranking,262951,135281,1098,0.3563,5919,0,0,,,,1,0
2026-09-15,full,/ranking/marriages,ranking,221168,37167,1061,0.3333,5775,0,0,,,,1,0
2026-09-15,full,/ranking/massage-fee-consumption-expenditure,ranking,275708,140787,1121,0.2436,6588,0,0,,,,0,1
2026-09-15,full,/ranking/material-production,ranking,266935,135880,1111,0.2317,5897,0,0,,,,0,1
2026-09-15,full,/ranking/maternal-child-health-guidance,ranking,282297,141475,1136,0.2529,6837,0,4,,,,0,2
2026-09-15,full,/ranking/maternal-health-guidance-per-100-births,ranking,263415,37418,1103,0.2651,6141,0,0,,,,0,1
2026-09-15,full,/ranking/maternal-mortality-rate-per-100k-births,ranking,242412,124684,1020,0.3038,5004,0,0,,,,1,0
2026-09-15,full,/ranking/maternity-hospital-consumption-expenditure,ranking,274156,139804,1111,0.2308,6577,0,0,,,,0,1
2026-09-15,full,/ranking/maximum-snow-depth,ranking,252117,125610,1075,0.2911,6104,0,0,,,,0,1
2026-09-15,full,/ranking/maximum-temperature,ranking,257301,132741,1066,0.2911,5813,0,0,,,,0,1
2026-09-15,full,/ranking/mayonnaise-consumption-expenditure,ranking,304639,151740,1182,0.2614,6863,0,4,,,,0,2
2026-09-15,full,/ranking/mayonnaise-consumption-quantity,ranking,305179,151728,1201,0.2727,6638,0,4,,,,0,2
2026-09-15,full,/ranking/meal-avg-time-female,ranking,267927,135587,1115,0.2472,6303,0,3,,,,0,2
2026-09-15,full,/ranking/meal-avg-time-male,ranking,249457,126153,1066,0.2472,4723,0,3,,,,0,2
2026-09-15,full,/ranking/meal-kit-consumption-expenditure,ranking,272738,139538,1100,0.2308,6555,0,0,,,,0,1
2026-09-15,full,/ranking/media-avg-time-unemployed-female,ranking,286170,142063,1152,0.2584,6629,0,4,,,,0,2
2026-09-15,full,/ranking/media-avg-time-unemployed-male,ranking,286291,141585,1165,0.2584,6614,0,4,,,,0,2
2026-09-15,full,/ranking/medical-fee-consumption-expenditure,ranking,275147,140574,1114,0.2436,6229,0,0,,,,0,1
2026-09-15,full,/ranking/melon-consumption-expenditure,ranking,302153,149023,1225,0.2614,6070,0,4,,,,0,2
2026-09-15,full,/ranking/melon-consumption-quantity,ranking,282848,37278,1136,0.2614,4722,0,4,,,,0,2
2026-09-15,full,/ranking/membership-fees-consumption-expenditure,ranking,273048,139394,1102,0.2308,6326,0,0,,,,0,1
2026-09-15,full,/ranking/mens-clothing-consumption-expenditure,ranking,255362,130174,1063,0.2308,4957,0,0,,,,0,1
2026-09-15,full,/ranking/mens-coat-consumption-expenditure,ranking,273147,138996,1118,0.2308,6231,0,0,,,,0,1
2026-09-15,full,/ranking/mens-coat-consumption-quantity,ranking,273751,139725,1119,0.2308,6106,0,0,,,,0,1
2026-09-15,full,/ranking/mens-jacket-consumption-expenditure,ranking,273338,139370,1118,0.2308,6216,0,0,,,,0,1
2026-09-15,full,/ranking/mens-jacket-consumption-quantity,ranking,273154,138986,1121,0.2308,6092,0,0,,,,0,1
2026-09-15,full,/ranking/mens-pants-consumption-expenditure,ranking,275603,37454,1119,0.2436,6267,0,0,,,,0,1
2026-09-15,full,/ranking/mens-pants-consumption-quantity,ranking,275254,140863,1121,0.2308,6138,0,0,,,,0,1
2026-09-15,full,/ranking/mens-shoes-consumption-expenditure,ranking,299254,149549,1196,0.2614,6114,0,4,,,,0,2
2026-09-15,full,/ranking/mens-shoes-consumption-quantity,ranking,299608,149849,1197,0.2727,5978,0,4,,,,0,2
2026-09-15,full,/ranking/mens-sleepwear-consumption-expenditure,ranking,271126,137886,1101,0.2308,6454,0,0,,,,0,1
2026-09-15,full,/ranking/mens-socks-consumption-expenditure,ranking,273420,139649,1119,0.2308,6211,0,0,,,,0,1
2026-09-15,full,/ranking/mens-socks-consumption-quantity,ranking,257209,37363,1069,0.2308,4848,0,0,,,,0,1
2026-09-15,full,/ranking/mens-suit-consumption-expenditure,ranking,297495,148342,1178,0.2614,6470,0,4,,,,0,2
2026-09-15,full,/ranking/mens-suit-consumption-quantity,ranking,299901,149970,1198,0.2614,5973,0,4,,,,0,2
2026-09-15,full,/ranking/mens-sweater-consumption-expenditure,ranking,256205,130655,1058,0.2308,5024,0,0,,,,0,1
2026-09-15,full,/ranking/mens-sweater-consumption-quantity,ranking,274446,140735,1115,0.2436,6202,0,0,,,,0,1
2026-09-15,full,/ranking/mens-underwear-consumption-expenditure,ranking,301125,150223,1184,0.2727,6495,0,4,,,,0,2
2026-09-15,full,/ranking/mental-health-application,ranking,253689,129332,1051,0.2597,6989,0,0,,,,0,1
2026-09-15,full,/ranking/mental-health-expenses-prefecture,ranking,272321,139247,1134,0.2907,6016,0,0,,,,0,1
2026-09-15,full,/ranking/microwave-consumption-expenditure,ranking,302180,150296,1195,0.2614,6194,0,4,,,,0,2
2026-09-15,full,/ranking/microwave-consumption-quantity,ranking,302889,37294,1196,0.2614,6066,0,4,,,,0,2
2026-09-15,full,/ranking/microwave-ownership-multi-person-households-per-1000,ranking,308519,152009,1230,0.2577,6245,0,6,,,,0,2
2026-09-15,full,/ranking/middle-aged-employment-rate-45plus,ranking,275545,141764,1131,0.2697,6139,0,3,,,,0,2
2026-09-15,full,/ranking/middle-aged-job-ratio-45plus,ranking,276212,141608,1135,0.2903,6451,0,3,,,,0,2
2026-09-15,full,/ranking/middle-school-students-1-per,ranking,277926,37297,1140,0.2472,6190,0,2,,,,0,2
2026-09-15,full,/ranking/middle-school-teachers-ratio-female,ranking,266543,135745,1104,0.2644,6325,0,2,,,,0,2
2026-09-15,full,/ranking/midwife-annual-income,ranking,255183,127282,1091,0.2338,6078,0,0,,,,0,1
2026-09-15,full,/ranking/midwife-by-prefecture,ranking,249403,126804,1047,0.2727,6680,0,0,,,,0,1
2026-09-15,full,/ranking/midwife-count,ranking,216226,97268,1040,0.3043,6064,0,0,,,,1,0
2026-09-15,full,/ranking/migrant-worker-ratio-sales-farm,ranking,259934,133590,1086,0.2683,5939,0,0,,,,0,1
2026-09-15,full,/ranking/milk-drink-consumption-expenditure,ranking,273151,139417,1114,0.2308,6116,0,0,,,,0,1
2026-09-15,full,/ranking/mineral-water-consumption-expenditure,ranking,302361,151148,1179,0.2614,6538,0,4,,,,0,2
2026-09-15,full,/ranking/minimum-wage-by-region,ranking,267963,136150,1126,0.2025,5974,0,3,,,,0,2
2026-09-15,full,/ranking/miscellaneous-income-prefecture,ranking,272558,139442,1121,0.2907,6351,0,0,,,,0,1
2026-09-15,full,/ranking/miscellaneous-school-count-per-100k,ranking,278103,37324,1145,0.2917,6225,0,2,,,,0,2
2026-09-15,full,/ranking/miscellaneous-school-count,ranking,280881,143134,1142,0.25,6099,0,2,,,,0,2
2026-09-15,full,/ranking/miscellaneous-school-students-per-1000,ranking,280622,37399,1164,0.3021,6100,0,2,,,,1,1
2026-09-15,full,/ranking/miscellaneous-school-students,ranking,282123,37344,1135,0.2386,6186,0,2,,,,0,2
2026-09-15,full,/ranking/miso-consumption-expenditure,ranking,285445,141512,1141,0.2727,4797,0,4,,,,0,2
2026-09-15,full,/ranking/miso-consumption-quantity,ranking,301898,149878,1186,0.2727,6013,0,4,,,,0,2
2026-09-15,full,/ranking/mobile-phone-bill-consumption-expenditure,ranking,277082,142417,1114,0.2308,6375,0,0,,,,0,1
2026-09-15,full,/ranking/mobile-phone-consumption-expenditure,ranking,300491,150169,1190,0.2614,6443,0,4,,,,0,2
2026-09-15,full,/ranking/mobile-phone-contract-count-per-1000,ranking,275995,138743,1153,0.3077,6104,0,2,,,,1,1
2026-09-15,full,/ranking/mobile-phone-ownership-multi-person-households-per-1000,ranking,273584,137582,1136,0.2874,6317,0,2,,,,0,2
2026-09-15,full,/ranking/mochi-consumption-expenditure,ranking,298810,148722,1179,0.2614,6356,0,4,,,,0,2
2026-09-15,full,/ranking/mochi-consumption-quantity,ranking,301930,150114,1191,0.2614,6153,0,4,,,,0,2
2026-09-15,full,/ranking/monthly-average-actual-working-hours-female-pre2019,ranking,281721,143263,1157,0.2921,6318,0,3,,,,0,2
2026-09-15,full,/ranking/monthly-average-actual-working-hours-female,ranking,276513,138709,1157,0.2809,6347,0,3,,,,0,2
2026-09-15,full,/ranking/monthly-average-actual-working-hours-male-pre2019,ranking,282594,144409,1157,0.2809,6305,0,3,,,,0,2
2026-09-15,full,/ranking/monthly-average-actual-working-hours-male,ranking,271901,138002,1137,0.2809,6260,0,3,,,,0,2
2026-09-15,full,/ranking/monthly-parking-consumption-expenditure,ranking,274660,140746,1104,0.2436,6626,0,0,,,,0,1
2026-09-15,full,/ranking/moped-count,ranking,272274,138037,1125,0.2759,6119,0,2,,,,0,2
2026-09-15,full,/ranking/motorcycle-count,ranking,255162,129297,1068,0.2874,4852,0,2,,,,0,2
2026-09-15,full,/ranking/movers-in,ranking,214659,95399,1059,0.2754,5781,0,0,,,,0,1
2026-09-15,full,/ranking/movers-out,ranking,213982,94904,1059,0.2754,5785,0,0,,,,0,1
2026-09-15,full,/ranking/movie-theater-consumption-expenditure,ranking,303357,151048,1183,0.2614,6480,0,4,,,,0,2
2026-09-15,full,/ranking/moving-in-excess-rate-japanese,ranking,261409,37293,1082,0.2989,5894,0,0,,,,0,1
2026-09-15,full,/ranking/moving-in-excess-rate,ranking,254094,128839,1083,0.2989,5854,0,0,,,,0,1
2026-09-15,full,/ranking/moving-in-rate-japanese,ranking,250866,127154,1075,0.2989,5770,0,0,,,,0,1
2026-09-15,full,/ranking/moving-in-rate,ranking,252228,127168,1086,0.2989,5722,0,0,,,,0,1
2026-09-15,full,/ranking/moving-out-rate-japanese,ranking,250735,127079,1062,0.2989,5978,0,0,,,,0,1
2026-09-15,full,/ranking/moving-out-rate,ranking,251947,127245,1082,0.3103,5722,0,0,,,,1,0
2026-09-15,full,/ranking/municipal-bonds-outstanding,ranking,228747,106427,1077,0.3289,5991,0,0,,,,1,0
2026-09-15,full,/ranking/municipal-general-administration-staff,ranking,228204,37446,1072,0.25,6638,0,0,,,,0,1
2026-09-15,full,/ranking/municipal-intellectual-disability-consultations-per-100k,ranking,265717,133289,1119,0.2727,6711,0,0,,,,0,1
2026-09-15,full,/ranking/municipal-intellectual-disability-consultations,ranking,262740,131699,1091,0.275,6839,0,0,,,,0,1
2026-09-15,full,/ranking/municipal-resident-tax,ranking,209081,97196,989,0.3684,4772,0,0,,,,1,0
2026-09-15,full,/ranking/municipal-road-paving-rate,ranking,273074,142041,1119,0.2706,6020,0,1,,,,0,2
2026-09-15,full,/ranking/municipality-count,ranking,263819,135525,1073,0.1618,6320,0,0,,,,0,1
2026-09-15,full,/ranking/museum-count-per-million,ranking,258664,37237,1104,0.2737,4672,0,2,,,,0,2
2026-09-15,full,/ranking/music-lesson-consumption-expenditure,ranking,283018,143523,1140,0.2561,6565,0,1,,,,0,2
2026-09-15,full,/ranking/musical-instrument-consumption-expenditure,ranking,301766,150122,1178,0.2614,6277,0,4,,,,0,2
2026-09-15,full,/ranking/national-health-insurance-benefits,ranking,215912,98387,1024,0.2615,6609,0,0,,,,0,1
2026-09-15,full,/ranking/national-health-insurance-enrollees-per-1000,ranking,267541,136075,1108,0.2759,6338,0,0,,,,0,1
2026-09-15,full,/ranking/national-health-insurance-medical-expense-per-person,ranking,267380,137574,1084,0.24,6554,0,0,,,,0,1
2026-09-15,full,/ranking/national-health-insurance-visit-rate-per-1000,ranking,264187,137230,1068,0.2533,6457,0,0,,,,0,1
2026-09-15,full,/ranking/national-medical-expense-inpatient,ranking,258040,129158,1105,0.2297,5969,0,0,,,,0,1
2026-09-15,full,/ranking/national-medical-expense-per-person,ranking,262449,133488,1115,0.2162,6244,0,0,,,,0,1
2026-09-15,full,/ranking/national-medical-expense-total,ranking,259159,129984,1097,0.2162,6138,0,0,,,,0,1
2026-09-15,full,/ranking/national-park-area,ranking,239276,120795,1020,0.2911,4724,0,0,,,,0,1
2026-09-15,full,/ranking/national-pension-enrollees-type1-per-1000-20-59,ranking,266621,37539,1095,0.2759,6722,0,0,,,,0,1
2026-09-15,full,/ranking/national-pension-enrollees-type3-per-1000-20-59,ranking,264821,134529,1101,0.2759,6447,0,0,,,,0,1
2026-09-15,full,/ranking/national-pension-full-exemption-rate,ranking,210440,95468,1015,0.2754,6538,0,0,,,,0,1
2026-09-15,full,/ranking/national-pension-partial-exemption-rate,ranking,194553,87076,973,0.2754,5153,0,0,,,,0,1
2026-09-15,full,/ranking/national-pension-payment-rate,ranking,254061,128687,1057,0.2278,6514,0,0,,,,0,1
2026-09-15,full,/ranking/national-tax-collected,ranking,222507,102798,1045,0.2188,6344,0,0,,,,0,1
2026-09-15,full,/ranking/national-treasury-disbursement-prefecture,ranking,277671,143942,1120,0.2791,6488,0,0,,,,0,1
2026-09-15,full,/ranking/national-treasury-disbursement-ratio-pref-finance,ranking,270948,139960,1125,0.3023,6153,0,0,,,,1,0
2026-09-15,full,/ranking/national-university-student-ratio,ranking,272879,140136,1118,0.2529,6177,0,2,,,,0,2
2026-09-15,full,/ranking/natto-consumption-expenditure,ranking,304141,151364,1197,0.2727,6074,0,4,,,,0,2
2026-09-15,full,/ranking/natural-environment-conservation-area,ranking,277360,142809,1125,0.2338,6291,0,2,,,,0,2
2026-09-15,full,/ranking/natural-increase-rate,ranking,253639,128504,1082,0.2658,5858,0,0,,,,0,1
2026-09-15,full,/ranking/natural-stillbirths,ranking,260020,37232,1095,0.2405,5897,0,0,,,,0,1
2026-09-15,full,/ranking/nature-park-area-ratio,ranking,256419,130992,1068,0.3103,6032,0,0,,,,1,0
2026-09-15,full,/ranking/nature-park-area,ranking,261836,133915,1061,0.2911,6094,0,0,,,,0,1
2026-09-15,full,/ranking/necktie-consumption-expenditure,ranking,299822,37388,1187,0.2614,6249,0,4,,,,0,2
2026-09-15,full,/ranking/necktie-consumption-quantity,ranking,299732,149559,1177,0.2614,6332,0,4,,,,0,2
2026-09-15,full,/ranking/neighborhood-commercial-area-ratio,ranking,271442,138997,1106,0.2529,6296,0,2,,,,0,2
2026-09-15,full,/ranking/neighborhood-park-count-per-100km2,ranking,263132,132383,1115,0.2841,5952,0,0,,,,0,1
2026-09-15,full,/ranking/neighborhood-park-count,ranking,268703,134881,1132,0.3023,6035,0,1,,,,1,1
2026-09-15,full,/ranking/neonatal-deaths,ranking,217146,97672,1055,0.2609,5884,0,0,,,,0,1
2026-09-15,full,/ranking/neonatal-mortality-rate-per-1000-births,ranking,255655,130726,1071,0.3038,6152,0,0,,,,1,0
2026-09-15,full,/ranking/net-decrease-rate-land-house-loans-worker-households,ranking,281054,145534,1128,0.2299,6215,0,2,,,,0,2
2026-09-15,full,/ranking/net-increase-rate-deposits-worker-households,ranking,277472,143370,1120,0.2414,6114,0,2,,,,0,2
2026-09-15,full,/ranking/new-condo-starts,ranking,272064,136881,1122,0.2874,6348,0,2,,,,0,2
2026-09-15,full,/ranking/new-employment-rate,ranking,267856,135356,1130,0.2584,5839,0,3,,,,0,2
2026-09-15,full,/ranking/new-graduate-scheduled-salary-college-female,ranking,275300,138776,1132,0.2414,6738,0,2,,,,0,2
2026-09-15,full,/ranking/new-graduate-scheduled-salary-college-male,ranking,276650,139297,1149,0.2414,6342,0,2,,,,0,2
2026-09-15,full,/ranking/new-graduate-scheduled-salary-highschool-female,ranking,278383,140533,1144,0.2414,6575,0,2,,,,0,2
2026-09-15,full,/ranking/new-graduate-scheduled-salary-highschool-male,ranking,259161,130667,1085,0.2414,5075,0,2,,,,0,2
2026-09-15,full,/ranking/new-graduate-scheduled-salary-university-female,ranking,276986,139856,1148,0.2414,6366,0,2,,,,0,2
2026-09-15,full,/ranking/new-graduate-scheduled-salary-university-male,ranking,266940,134092,1123,0.2386,5086,0,2,,,,0,2
2026-09-15,full,/ranking/new-graduate-starting-salary-college-female,ranking,280212,142667,1154,0.2414,6190,0,2,,,,0,2
2026-09-15,full,/ranking/new-graduate-starting-salary-college-male,ranking,275825,139095,1151,0.2414,6175,0,2,,,,0,2
2026-09-15,full,/ranking/new-graduate-starting-salary-highschool-female,ranking,282013,144193,1151,0.2414,6206,0,2,,,,0,2
2026-09-15,full,/ranking/new-graduate-starting-salary-highschool-male,ranking,282465,144607,1152,0.2414,6192,0,2,,,,0,2
2026-09-15,full,/ranking/new-graduate-starting-salary-university-female,ranking,276710,139754,1139,0.2414,6435,0,2,,,,0,2
2026-09-15,full,/ranking/new-graduate-starting-salary-university-male,ranking,281068,143530,1149,0.2414,6195,0,2,,,,0,2
2026-09-15,full,/ranking/new-hire-count,ranking,269766,136163,1125,0.1948,6040,0,3,,,,0,2
2026-09-15,full,/ranking/new-housing-construction-ratio,ranking,270359,138081,1119,0.2637,6080,0,2,,,,0,2
2026-09-15,full,/ranking/new-housing-floor-area,ranking,274006,138472,1133,0.3218,6239,0,2,,,,1,1
2026-09-15,full,/ranking/new-housing-starts,ranking,272655,137400,1124,0.2759,6297,0,2,,,,0,2
2026-09-15,full,/ranking/new-inpatients,ranking,201250,90343,985,0.3043,4714,0,0,,,,1,0
2026-09-15,full,/ranking/new-owner-occupied-housing-ratio,ranking,275791,142762,1116,0.3103,6151,0,2,,,,1,1
2026-09-15,full,/ranking/new-owner-occupied-starts,ranking,272081,136970,1126,0.2874,6362,0,2,,,,0,2
2026-09-15,full,/ranking/new-rental-starts,ranking,271772,136509,1123,0.2874,6230,0,2,,,,0,2
2026-09-15,full,/ranking/new-rented-housing-ratio,ranking,273194,140720,1115,0.3103,6069,0,2,,,,1,1
2026-09-15,full,/ranking/newspaper-consumption-expenditure,ranking,300567,150335,1191,0.2614,6132,0,4,,,,0,2
2026-09-15,full,/ranking/nhk-fee-consumption-expenditure,ranking,274763,140562,1115,0.2308,6271,0,0,,,,0,1
2026-09-15,full,/ranking/night-soil-treatment-population-ratio,ranking,255624,130236,1060,0.2651,6259,0,0,,,,0,1
2026-09-15,full,/ranking/non-agricultural-income-ratio,ranking,272189,138537,1123,0.2353,5964,0,2,,,,0,2
2026-09-15,full,/ranking/non-car-vehicle-insurance-consumption-expenditure,ranking,276890,141629,1113,0.2308,6904,0,0,,,,0,1
2026-09-15,full,/ranking/non-car-vehicle-maintenance-consumption-expenditure,ranking,277221,142048,1114,0.2308,6725,0,0,,,,0,1
2026-09-15,full,/ranking/non-car-vehicle-purchase-consumption-expenditure,ranking,277703,141745,1117,0.2308,7009,0,0,,,,0,1
2026-09-15,full,/ranking/non-regular-employment-rate,ranking,267445,135831,1116,0.2414,5906,0,3,,,,0,2
2026-09-15,full,/ranking/notebooks-paper-consumption-expenditure,ranking,304050,151611,1197,0.2727,6370,0,4,,,,0,2
2026-09-15,full,/ranking/nuclear-family-household-count,ranking,212953,95246,1029,0.3043,6399,0,0,,,,1,0
2026-09-15,full,/ranking/nuclear-family-households-ratio,ranking,255993,130411,1081,0.2658,6038,0,0,,,,0,1
2026-09-15,full,/ranking/number-of-commercial-employees-wholesale-retail,ranking,270297,138138,1116,0.2644,6367,0,2,,,,0,2
2026-09-15,full,/ranking/number-of-constructed-buildings,ranking,235365,108322,1097,0.3377,6000,0,2,,,,1,1
2026-09-15,full,/ranking/number-of-establishments-agriculture-forestry-fisheries,ranking,268590,136970,1125,0.2644,6010,0,2,,,,0,2
2026-09-15,full,/ranking/number-of-establishments-agriculture-forestry,ranking,267940,136388,1116,0.2529,6207,0,2,,,,0,2
2026-09-15,full,/ranking/number-of-establishments-construction,ranking,267772,136234,1125,0.2644,5924,0,2,,,,0,2
2026-09-15,full,/ranking/number-of-establishments-economic-census-basic-survey,ranking,277774,139750,1151,0.2874,6465,0,2,,,,0,2
2026-09-15,full,/ranking/number-of-establishments-education-learning-support,ranking,268735,137106,1126,0.2529,5989,0,2,,,,0,2
2026-09-15,full,/ranking/number-of-establishments-establishment-corporate-statistics,ranking,233465,106089,1095,0.2597,6390,0,2,,,,0,2
2026-09-15,full,/ranking/number-of-establishments-finance-insurance,ranking,266602,135906,1108,0.2759,6171,0,2,,,,0,2
2026-09-15,full,/ranking/number-of-establishments-fisheries,ranking,263408,132458,1123,0.2644,5889,0,2,,,,0,2
2026-09-15,full,/ranking/number-of-establishments-information-communication,ranking,268372,137055,1104,0.2874,6229,0,2,,,,0,2
2026-09-15,full,/ranking/number-of-establishments-manufacturing,ranking,267025,135737,1118,0.2874,6088,0,2,,,,0,2
2026-09-15,full,/ranking/number-of-establishments-medical-welfare,ranking,267220,135964,1118,0.2759,6035,0,2,,,,0,2
2026-09-15,full,/ranking/number-of-establishments-mining-quarrying-gravel-extraction,ranking,265787,135211,1108,0.2644,6145,0,2,,,,0,2
2026-09-15,full,/ranking/number-of-establishments-real-estate-leasing,ranking,267403,136170,1107,0.2644,6261,0,2,,,,0,2
2026-09-15,full,/ranking/number-of-establishments-transport-post,ranking,267156,135688,1118,0.3103,6082,0,2,,,,1,1
2026-09-15,full,/ranking/number-of-establishments-wholesale-retail,ranking,267928,136301,1126,0.2644,5945,0,2,,,,0,2
2026-09-15,full,/ranking/number-of-freight-cars,ranking,270987,139032,1113,0.2338,5844,0,2,,,,0,2
2026-09-15,full,/ranking/number-of-hotel-facilities,ranking,275462,138306,1138,0.2644,6444,0,2,,,,0,2
2026-09-15,full,/ranking/number-of-hotel-rooms,ranking,275823,139482,1133,0.2529,6412,0,2,,,,0,2
2026-09-15,full,/ranking/number-of-individual-fishery-management,ranking,262563,132641,1093,0.3171,6348,0,0,,,,1,0
2026-09-15,full,/ranking/number-of-simple-lodging-facilities,ranking,274022,139405,1130,0.2529,6188,0,2,,,,0,2
2026-09-15,full,/ranking/nurse-annual-income,ranking,268801,135411,1129,0.2759,6222,0,3,,,,0,2
2026-09-15,full,/ranking/nurse-count,ranking,213892,95935,1042,0.3043,5978,0,0,,,,1,0
2026-09-15,full,/ranking/nurse-salary,ranking,270110,136679,1140,0.2989,6181,0,3,,,,0,2
2026-09-15,full,/ranking/nursery-children-per-nursery-teacher,ranking,276698,140168,1139,0.2414,6132,0,2,,,,0,2
2026-09-15,full,/ranking/nursery-count-per-100k-0-5,ranking,276303,37294,1149,0.2527,5945,0,2,,,,0,2
2026-09-15,full,/ranking/nursery-teacher-annual-income,ranking,270370,136619,1141,0.2874,6098,0,3,,,,0,2
2026-09-15,full,/ranking/nursery-utilization-rate,ranking,273393,140352,1118,0.2299,6050,0,2,,,,0,2
2026-09-15,full,/ranking/nurses-general-hospital-per-100beds,ranking,258458,130108,1074,0.2911,6386,0,0,,,,0,1
2026-09-15,full,/ranking/nurses-in-medical-facilities-per-100k,ranking,258940,132296,1082,0.2759,6201,0,0,,,,0,1
2026-09-15,full,/ranking/nurses-per-100k-population,ranking,239594,120426,1027,0.2727,4865,0,0,,,,0,1
2026-09-15,full,/ranking/nursing-assistant-annual-income,ranking,276768,138188,1160,0.2235,6167,0,2,,,,0,2
2026-09-15,full,/ranking/nursing-care-consumption-expenditure,ranking,302063,37476,1186,0.2727,6545,0,4,,,,0,2
2026-09-15,full,/ranking/nursing-care-insurance-benefit,ranking,259213,132281,1068,0.2113,6546,0,0,,,,0,1
2026-09-15,full,/ranking/nursing-home-capacity-per-1000-65plus,ranking,262380,133183,1088,0.2967,6945,0,0,,,,0,1
2026-09-15,full,/ranking/nursing-home-count-per-100k-65plus,ranking,264564,133505,1113,0.2967,6007,0,0,,,,0,1
2026-09-15,full,/ranking/nursing-home-residents-per-1000-65plus,ranking,262848,132069,1111,0.2967,6189,0,0,,,,0,1
2026-09-15,full,/ranking/nursing-home-staff-per-100k-65plus,ranking,264418,37432,1113,0.2967,6199,0,0,,,,0,1
2026-09-15,full,/ranking/nursing-welfare-facility-count-per-100k-65plus,ranking,246211,123977,1048,0.2759,4967,0,0,,,,0,1
2026-09-15,full,/ranking/occupational-accident-frequency-rate,ranking,271103,136410,1144,0.2346,6211,0,3,,,,0,2
2026-09-15,full,/ranking/octopus-consumption-expenditure,ranking,292537,146633,1173,0.2727,6325,0,4,,,,0,2
2026-09-15,full,/ranking/octopus-consumption-quantity,ranking,291336,145287,1177,0.2614,6039,0,4,,,,0,2
2026-09-15,full,/ranking/old-population-index,ranking,260848,133917,1091,0.2771,5967,0,0,,,,0,1
2026-09-15,full,/ranking/onigiri-consumption-expenditure,ranking,302267,150534,1195,0.2614,6411,0,4,,,,0,2
2026-09-15,full,/ranking/onion-consumption-expenditure,ranking,300997,149710,1184,0.2614,6306,0,4,,,,0,2
2026-09-15,full,/ranking/onion-consumption-quantity,ranking,300963,150036,1182,0.2614,6171,0,4,,,,0,2
2026-09-15,full,/ranking/orange-consumption-expenditure,ranking,300142,149092,1178,0.2614,6461,0,4,,,,0,2
2026-09-15,full,/ranking/orange-consumption-quantity,ranking,283881,140758,1133,0.2614,4763,0,4,,,,0,2
2026-09-15,full,/ranking/ordinary-construction-expenditure-ratio-pref-finance,ranking,275547,37517,1123,0.2637,6257,0,2,,,,0,2
2026-09-15,full,/ranking/ordinary-construction-expenses-prefecture,ranking,285273,37442,1139,0.2527,6488,0,2,,,,0,2
2026-09-15,full,/ranking/ordinary-tax-local,ranking,225033,103590,1062,0.3194,6223,0,0,,,,1,0
2026-09-15,full,/ranking/other-admission-game-consumption-expenditure,ranking,275767,141079,1119,0.2308,6493,0,0,,,,0,1
2026-09-15,full,/ranking/other-allowance-consumption-expenditure,ranking,276059,141249,1119,0.2308,6312,0,0,,,,0,1
2026-09-15,full,/ranking/other-bags-consumption-expenditure,ranking,297288,148350,1187,0.2727,6317,0,4,,,,0,2
2026-09-15,full,/ranking/other-beauty-products-consumption-expenditure,ranking,275203,140895,1115,0.2436,6484,0,0,,,,0,1
2026-09-15,full,/ranking/other-beauty-service-consumption-expenditure,ranking,275704,141426,1112,0.2436,6328,0,0,,,,0,1
2026-09-15,full,/ranking/other-bedding-consumption-expenditure,ranking,274951,140461,1121,0.2308,6228,0,0,,,,0,1
2026-09-15,full,/ranking/other-bread-consumption-expenditure,ranking,273132,139553,1107,0.2308,6404,0,0,,,,0,1
2026-09-15,full,/ranking/other-bread-consumption-quantity,ranking,273917,140217,1112,0.2564,6259,0,0,,,,0,1
2026-09-15,full,/ranking/other-broadcast-fee-consumption-expenditure,ranking,274894,140934,1111,0.2308,6364,0,0,,,,0,1
2026-09-15,full,/ranking/other-car-service-consumption-expenditure,ranking,277986,142601,1120,0.2308,6629,0,0,,,,0,1
2026-09-15,full,/ranking/other-ceremony-expense-consumption-expenditure,ranking,273800,139460,1113,0.2308,6393,0,0,,,,0,1
2026-09-15,full,/ranking/other-charges-consumption-expenditure,ranking,275175,140796,1112,0.2308,6236,0,0,,,,0,1
2026-09-15,full,/ranking/other-citrus-consumption-expenditure,ranking,273047,139352,1105,0.2308,6291,0,0,,,,0,1
2026-09-15,full,/ranking/other-citrus-consumption-quantity,ranking,273258,139299,1105,0.2308,6539,0,0,,,,0,1
2026-09-15,full,/ranking/other-clothing-misc-consumption-expenditure,ranking,274881,37550,1104,0.2308,6644,0,0,,,,0,1
2026-09-15,full,/ranking/other-clothing-service-consumption-expenditure,ranking,274030,139766,1105,0.2308,6647,0,0,,,,0,1
2026-09-15,full,/ranking/other-communication-device-consumption-expenditure,ranking,276272,141465,1120,0.2564,6347,0,0,,,,0,1
2026-09-15,full,/ranking/other-construction-consumption-expenditure,ranking,274506,140091,1114,0.2308,6268,0,0,,,,0,1
2026-09-15,full,/ranking/other-consumption-expenditure-ratio-multi-person-households,ranking,275893,141173,1115,0.2299,6628,0,2,,,,0,2
2026-09-15,full,/ranking/other-cosmetics-consumption-expenditure,ranking,297039,148565,1164,0.2558,6422,0,3,,,,0,2
2026-09-15,full,/ranking/other-culture-lesson-consumption-expenditure,ranking,274932,140742,1118,0.2308,6369,0,0,,,,0,1
2026-09-15,full,/ranking/other-dairy-consumption-expenditure,ranking,298691,149145,1190,0.2614,6299,0,4,,,,0,2
2026-09-15,full,/ranking/other-dried-vegetables-seaweed-consumption-expenditure,ranking,274524,140750,1101,0.2308,6750,0,0,,,,0,1
2026-09-15,full,/ranking/other-drink-misc-consumption-expenditure,ranking,274630,140162,1119,0.2308,6422,0,0,,,,0,1
2026-09-15,full,/ranking/other-education-fee-consumption-expenditure,ranking,275286,140776,1118,0.2308,6373,0,0,,,,0,1
2026-09-15,full,/ranking/other-entertainment-durables-consumption-expenditure,ranking,277171,141939,1119,0.2308,6581,0,0,,,,0,1
2026-09-15,full,/ranking/other-entertainment-goods-consumption-expenditure,ranking,277374,142033,1109,0.2436,6749,0,0,,,,0,1
2026-09-15,full,/ranking/other-entertainment-service-consumption-expenditure,ranking,278909,143096,1120,0.2308,6792,0,0,,,,0,1
2026-09-15,full,/ranking/other-fabric-yarn-consumption-expenditure,ranking,274573,140079,1117,0.2308,6351,0,0,,,,0,1
2026-09-15,full,/ranking/other-fish-paste-consumption-expenditure,ranking,256808,131080,1057,0.2436,5042,0,0,,,,0,1
2026-09-15,full,/ranking/other-footwear-consumption-expenditure,ranking,273784,139620,1119,0.2308,6180,0,0,,,,0,1
2026-09-15,full,/ranking/other-fresh-fish-consumption-expenditure,ranking,274024,140045,1115,0.2308,6252,0,0,,,,0,1
2026-09-15,full,/ranking/other-fresh-fish-consumption-quantity,ranking,256797,130873,1062,0.2308,4815,0,0,,,,0,1
2026-09-15,full,/ranking/other-fresh-fruit-consumption-expenditure,ranking,304705,150986,1218,0.2614,6360,0,4,,,,0,2
2026-09-15,full,/ranking/other-fresh-fruit-consumption-quantity,ranking,304487,151144,1216,0.2614,6203,0,4,,,,0,2
2026-09-15,full,/ranking/other-furniture-consumption-expenditure,ranking,299630,150088,1196,0.2614,6193,0,4,,,,0,2
2026-09-15,full,/ranking/other-grains-consumption-expenditure,ranking,274813,140435,1119,0.2308,6385,0,0,,,,0,1
2026-09-15,full,/ranking/other-grains-consumption-quantity,ranking,274163,139969,1121,0.2308,6236,0,0,,,,0,1
2026-09-15,full,/ranking/other-health-service-consumption-expenditure,ranking,275091,140465,1104,0.2436,6743,0,0,,,,0,1
2026-09-15,full,/ranking/other-health-supplies-consumption-expenditure,ranking,276303,141200,1118,0.2308,6598,0,0,,,,0,1
2026-09-15,full,/ranking/other-heating-cooling-consumption-expenditure,ranking,275290,140807,1118,0.2308,6451,0,0,,,,0,1
2026-09-15,full,/ranking/other-hospital-fee-consumption-expenditure,ranking,275854,141296,1115,0.2308,6279,0,0,,,,0,1
2026-09-15,full,/ranking/other-household-consumables-consumption-expenditure,ranking,277480,142228,1115,0.2308,6651,0,0,,,,0,1
2026-09-15,full,/ranking/other-household-durables-consumption-expenditure,ranking,259781,132869,1060,0.2308,5125,0,0,,,,0,1
2026-09-15,full,/ranking/other-household-goods-consumption-expenditure,ranking,275622,141111,1120,0.2436,6333,0,0,,,,0,1
2026-09-15,full,/ranking/other-indoor-furnishing-consumption-expenditure,ranking,276396,141225,1122,0.2308,6386,0,0,,,,0,1
2026-09-15,full,/ranking/other-japanese-sweets-consumption-expenditure,ranking,275107,140865,1112,0.2308,6483,0,0,,,,0,1
2026-09-15,full,/ranking/other-kitchen-supplies-consumption-expenditure,ranking,288194,145778,1154,0.25,6518,0,2,,,,0,2
2026-09-15,full,/ranking/other-leafy-vegetables-consumption-expenditure,ranking,275813,141344,1121,0.2308,6290,0,0,,,,0,1
2026-09-15,full,/ranking/other-leafy-vegetables-consumption-quantity,ranking,275049,140664,1122,0.2308,6141,0,0,,,,0,1
2026-09-15,full,/ranking/other-lesson-fees-consumption-expenditure,ranking,275326,37500,1121,0.2308,6276,0,0,,,,0,1
2026-09-15,full,/ranking/other-liquor-consumption-expenditure,ranking,273579,137620,1109,0.25,4884,0,2,,,,0,2
2026-09-15,full,/ranking/other-living-expenditure-total,ranking,226502,105039,1056,0.2647,6318,0,0,,,,0,1
2026-09-15,full,/ranking/other-meat-consumption-expenditure,ranking,274726,140209,1121,0.2308,6222,0,0,,,,0,1
2026-09-15,full,/ranking/other-meat-consumption-quantity,ranking,272019,37347,1110,0.2308,6083,0,0,,,,0,1
2026-09-15,full,/ranking/other-medicine-consumption-expenditure,ranking,275303,140798,1119,0.2308,6248,0,0,,,,0,1
2026-09-15,full,/ranking/other-mens-clothing-consumption-expenditure,ranking,274549,140790,1109,0.2436,6392,0,0,,,,0,1
2026-09-15,full,/ranking/other-mens-shirt-consumption-expenditure,ranking,276465,141595,1119,0.2436,6405,0,0,,,,0,1
2026-09-15,full,/ranking/other-mens-shirt-consumption-quantity,ranking,275844,141467,1121,0.2308,6279,0,0,,,,0,1
2026-09-15,full,/ranking/other-misc-expense-consumption-expenditure,ranking,276169,141433,1116,0.2308,6476,0,0,,,,0,1
2026-09-15,full,/ranking/other-mushroom-consumption-expenditure,ranking,273665,139951,1105,0.2308,6470,0,0,,,,0,1
2026-09-15,full,/ranking/other-mushroom-consumption-quantity,ranking,274626,140182,1107,0.2308,6483,0,0,,,,0,1
2026-09-15,full,/ranking/other-non-savings-insurance-consumption-expenditure,ranking,275593,141561,1097,0.2308,6709,0,0,,,,0,1
2026-09-15,full,/ranking/other-noodle-dining-consumption-expenditure,ranking,273959,140319,1103,0.2308,6537,0,0,,,,0,1
2026-09-15,full,/ranking/other-noodles-consumption-expenditure,ranking,274357,139827,1120,0.2308,6185,0,0,,,,0,1
2026-09-15,full,/ranking/other-noodles-consumption-quantity,ranking,271142,138458,1098,0.2308,6320,0,0,,,,0,1
2026-09-15,full,/ranking/other-parking-fee-consumption-expenditure,ranking,274726,140619,1112,0.2308,6355,0,0,,,,0,1
2026-09-15,full,/ranking/other-personal-items-consumption-expenditure,ranking,275409,141186,1117,0.2308,6446,0,0,,,,0,1
2026-09-15,full,/ranking/other-pet-service-consumption-expenditure,ranking,276370,140386,1115,0.2308,6652,0,0,,,,0,1
2026-09-15,full,/ranking/other-prepared-food-consumption-expenditure,ranking,274132,140422,1103,0.2436,6741,0,0,,,,0,1
2026-09-15,full,/ranking/other-processed-fish-ext-consumption-expenditure,ranking,277460,142158,1122,0.2308,6619,0,0,,,,0,1
2026-09-15,full,/ranking/other-processed-meat-consumption-expenditure,ranking,257928,131667,1064,0.2308,4985,0,0,,,,0,1
2026-09-15,full,/ranking/other-publications-consumption-expenditure,ranking,257511,131490,1061,0.2308,4974,0,0,,,,0,1
2026-09-15,full,/ranking/other-remittance-consumption-expenditure,ranking,275243,140937,1120,0.2308,6308,0,0,,,,0,1
2026-09-15,full,/ranking/other-rent-land-consumption-expenditure,ranking,274406,140224,1111,0.2308,6482,0,0,,,,0,1
2026-09-15,full,/ranking/other-root-vegetables-consumption-expenditure,ranking,272347,139536,1102,0.2308,6545,0,0,,,,0,1
2026-09-15,full,/ranking/other-root-vegetables-consumption-quantity,ranking,273195,139760,1110,0.2308,6170,0,0,,,,0,1
2026-09-15,full,/ranking/other-salted-dried-fish-consumption-expenditure,ranking,273065,139819,1109,0.2308,6339,0,0,,,,0,1
2026-09-15,full,/ranking/other-salted-dried-fish-consumption-quantity,ranking,274563,140279,1120,0.2308,6195,0,0,,,,0,1
2026-09-15,full,/ranking/other-school-stationery-consumption-expenditure,ranking,276557,141677,1121,0.2308,6435,0,0,,,,0,1
2026-09-15,full,/ranking/other-school-supplies-consumption-expenditure,ranking,277342,142056,1115,0.2436,6704,0,0,,,,0,1
2026-09-15,full,/ranking/other-seasoning-consumption-expenditure,ranking,276037,37473,1115,0.2436,6250,0,0,,,,0,1
2026-09-15,full,/ranking/other-shellfish-consumption-expenditure,ranking,281469,142552,1155,0.2439,6124,0,1,,,,0,2
2026-09-15,full,/ranking/other-shellfish-consumption-quantity,ranking,280686,141875,1156,0.2439,6016,0,1,,,,0,2
2026-09-15,full,/ranking/other-soy-products-consumption-expenditure,ranking,273217,139610,1103,0.2308,6518,0,0,,,,0,1
2026-09-15,full,/ranking/other-sports-equipment-consumption-expenditure,ranking,273256,37535,1116,0.2308,6339,0,0,,,,0,1
2026-09-15,full,/ranking/other-sports-facility-consumption-expenditure,ranking,277162,142083,1113,0.2308,6590,0,0,,,,0,1
2026-09-15,full,/ranking/other-staple-dining-consumption-expenditure,ranking,276088,141221,1122,0.2308,6386,0,0,,,,0,1
2026-09-15,full,/ranking/other-staple-prepared-consumption-expenditure,ranking,274263,140518,1104,0.2308,6660,0,0,,,,0,1
2026-09-15,full,/ranking/other-stationery-consumption-expenditure,ranking,299255,149747,1195,0.2614,6259,0,4,,,,0,2
2026-09-15,full,/ranking/other-sweets-consumption-expenditure,ranking,258929,132466,1063,0.2308,4919,0,0,,,,0,1
2026-09-15,full,/ranking/other-tableware-consumption-expenditure,ranking,275297,140894,1118,0.2436,6292,0,0,,,,0,1
2026-09-15,full,/ranking/other-tea-leaves-consumption-expenditure,ranking,274506,140230,1120,0.2308,6199,0,0,,,,0,1
2026-09-15,full,/ranking/other-tea-leaves-consumption-quantity,ranking,272327,139204,1114,0.2436,6123,0,0,,,,0,1
2026-09-15,full,/ranking/other-topical-medicine-consumption-expenditure,ranking,273511,140020,1103,0.2436,6378,0,0,,,,0,1
2026-09-15,full,/ranking/other-toys-consumption-expenditure,ranking,275199,140577,1121,0.2308,6168,0,0,,,,0,1
2026-09-15,full,/ranking/other-transport-consumption-expenditure,ranking,274827,140359,1120,0.2308,6193,0,0,,,,0,1
2026-09-15,full,/ranking/other-utilities-consumption-expenditure,ranking,274054,139618,1106,0.2308,6611,0,0,,,,0,1
2026-09-15,full,/ranking/other-vegetable-pickles-consumption-expenditure,ranking,275428,140857,1108,0.2308,6574,0,0,,,,0,1
2026-09-15,full,/ranking/other-vegetable-seaweed-processed-consumption-expenditure,ranking,303544,152526,1196,0.2727,6814,0,4,,,,0,2
2026-09-15,full,/ranking/other-vegetables-consumption-expenditure,ranking,273654,37532,1104,0.2308,6622,0,0,,,,0,1
2026-09-15,full,/ranking/other-vegetables-consumption-quantity,ranking,272481,139214,1107,0.2436,6082,0,0,,,,0,1
2026-09-15,full,/ranking/other-western-sweets-consumption-expenditure,ranking,256920,131670,1051,0.2308,5031,0,0,,,,0,1
2026-09-15,full,/ranking/other-womens-clothing-consumption-expenditure,ranking,276245,37548,1121,0.2436,6394,0,0,,,,0,1
2026-09-15,full,/ranking/other-womens-shirt-consumption-expenditure,ranking,276401,141487,1122,0.2308,6428,0,0,,,,0,1
2026-09-15,full,/ranking/other-womens-shirt-consumption-quantity,ranking,276840,141858,1121,0.2308,6288,0,0,,,,0,1
2026-09-15,full,/ranking/other-womens-underwear-consumption-expenditure,ranking,275868,141453,1113,0.2308,6464,0,0,,,,0,1
2026-09-15,full,/ranking/outflow-commuter-student-population,ranking,214849,96197,1032,0.3333,6909,0,0,,,,1,0
2026-09-15,full,/ranking/outflow-population-ratio,ranking,253416,128539,1074,0.2892,5941,0,0,,,,0,1
2026-09-15,full,/ranking/outpatient-count,ranking,261049,130992,1105,0.2375,5941,0,0,,,,0,1
2026-09-15,full,/ranking/outpatient-rate-per-1000,ranking,258231,131472,1073,0.225,6151,0,0,,,,0,1
2026-09-15,full,/ranking/outpatient-rate-per-100k,ranking,254718,128174,1076,0.2208,5913,0,0,,,,0,1
2026-09-15,full,/ranking/outpatients-per-fulltime-physician-per-day,ranking,257291,129166,1091,0.2658,6197,0,0,,,,0,1
2026-09-15,full,/ranking/overseas-package-tour-consumption-expenditure,ranking,275720,140687,1113,0.2436,6573,0,0,,,,0,1
2026-09-15,full,/ranking/overseas-travel-annual-participation-rate-10plus,ranking,268901,137048,1112,0.2529,6420,0,2,,,,0,2
2026-09-15,full,/ranking/overseas-travel-annual-participation-rate-15plus,ranking,270049,137601,1121,0.2759,6303,0,2,,,,0,2
2026-09-15,full,/ranking/overtime-pay-admin-prefecture,ranking,279325,140452,1163,0.2471,6616,0,3,,,,0,2
2026-09-15,full,/ranking/owner-occupied-housing-ratio,ranking,271293,137873,1116,0.2644,6202,0,2,,,,0,2
2026-09-15,full,/ranking/oyster-consumption-expenditure,ranking,255783,129919,1063,0.2436,4863,0,0,,,,0,1
2026-09-15,full,/ranking/oyster-consumption-quantity,ranking,272399,138952,1110,0.2308,6236,0,0,,,,0,1
2026-09-15,full,/ranking/pachinko-shop-density-per-10k,ranking,262554,134862,1062,0.1549,6252,0,2,,,,0,2
2026-09-15,full,/ranking/paid-nursing-home-capacity-per-1000-65plus,ranking,263148,132791,1101,0.2759,6281,0,0,,,,0,1
2026-09-15,full,/ranking/paid-nursing-home-count-per-100k-65plus,ranking,266559,135489,1112,0.2874,6161,0,0,,,,0,1
2026-09-15,full,/ranking/paid-nursing-home-residents-per-1000-65plus,ranking,268314,137050,1107,0.2874,6333,0,0,,,,0,1
2026-09-15,full,/ranking/paper-diapers-consumption-expenditure,ranking,301760,150384,1175,0.2614,6489,0,4,,,,0,2
2026-09-15,full,/ranking/part-time-employment-rate-regular,ranking,277498,142833,1139,0.2796,6146,0,3,,,,0,2
2026-09-15,full,/ranking/passenger-ship-transport,ranking,274539,139995,1130,0.241,6026,0,2,,,,0,2
2026-09-15,full,/ranking/passport-issuance-count-per-thousand,ranking,278726,140968,1146,0.2637,6415,0,2,,,,0,2
2026-09-15,full,/ranking/pasta-consumption-expenditure,ranking,284991,141254,1146,0.2614,4832,0,4,,,,0,2
2026-09-15,full,/ranking/pasta-consumption-quantity,ranking,300381,149182,1186,0.2727,6117,0,4,,,,0,2
2026-09-15,full,/ranking/paved-road-main-length,ranking,270817,137291,1125,0.2471,6480,0,1,,,,0,2
2026-09-15,full,/ranking/paved-road-municipal-length,ranking,271838,138377,1130,0.2706,6398,0,1,,,,0,2
2026-09-15,full,/ranking/paved-road-total-length,ranking,268790,136867,1110,0.2706,6110,0,1,,,,0,2
2026-09-15,full,/ranking/pc-ownership-multi-person-households-per-1000,ranking,302614,148012,1225,0.3196,6402,0,6,,,,1,1
2026-09-15,full,/ranking/peach-consumption-expenditure,ranking,272093,138789,1102,0.2308,6137,0,0,,,,0,1
2026-09-15,full,/ranking/peach-consumption-quantity,ranking,270318,137674,1098,0.2308,6138,0,0,,,,0,1
2026-09-15,full,/ranking/pear-consumption-expenditure,ranking,271916,138958,1098,0.2308,6223,0,0,,,,0,1
2026-09-15,full,/ranking/pear-consumption-quantity,ranking,272671,139170,1104,0.2436,6091,0,0,,,,0,1
2026-09-15,full,/ranking/penal-code-offenses-recognized-per-1000,ranking,265011,37321,1086,0.3182,6086,0,0,,,,1,0
2026-09-15,full,/ranking/pension-benefit-total,ranking,261740,132376,1092,0.2405,6327,0,0,,,,0,1
2026-09-15,full,/ranking/per-capita-child-welfare-expenditure-under17-pref-municipal,ranking,277128,36448,1148,0.29,6108,0,2,,,,0,2
2026-09-15,full,/ranking/per-capita-disaster-recovery-expenditure-pref-municipal,ranking,271186,137625,1138,0.3333,6076,0,1,,,,1,1
2026-09-15,full,/ranking/per-capita-education-expenditure-pref-municipal,ranking,284485,144368,1177,0.3077,5950,0,2,,,,1,1
2026-09-15,full,/ranking/per-capita-elderly-welfare-expenditure-65plus-pref-municipal,ranking,265110,136112,1095,0.3229,6444,0,0,,,,1,0
2026-09-15,full,/ranking/per-capita-firefighting-expenditure-tokyo-municipal,ranking,276729,138998,1165,0.3235,5966,0,1,,,,1,1
2026-09-15,full,/ranking/per-capita-fixed-asset-tax-pref-municipal,ranking,279511,139951,1155,0.3107,6271,0,2,,,,1,1
2026-09-15,full,/ranking/per-capita-inhabitant-tax-pref-municipal,ranking,283793,37349,1166,0.3107,5883,0,2,,,,1,1
2026-09-15,full,/ranking/per-capita-kenmin-shotoku-h17,ranking,277440,140313,1134,0.2299,6395,0,2,,,,0,2
2026-09-15,full,/ranking/per-capita-kenmin-shotoku-h23,ranking,277307,140142,1141,0.2299,6244,0,2,,,,0,2
2026-09-15,full,/ranking/per-capita-national-tax-collected,ranking,264884,134528,1103,0.2737,4887,0,2,,,,0,2
2026-09-15,full,/ranking/per-capita-police-expenditure-pref-municipal,ranking,264812,134863,1099,0.3163,4759,0,1,,,,1,1
2026-09-15,full,/ranking/per-capita-prefectural-income-h27,ranking,271808,138869,1122,0.2299,6133,0,2,,,,0,2
2026-09-15,full,/ranking/per-capita-public-assistance-expenditure-protected-pref-municipal,ranking,260629,36608,1092,0.2935,6261,0,0,,,,0,1
2026-09-15,full,/ranking/per-capita-public-works-expenditure-pref-municipal,ranking,282109,144359,1152,0.3131,6482,0,0,,,,1,0
2026-09-15,full,/ranking/per-capita-sanitation-expenditure-pref-municipal,ranking,278398,37406,1165,0.303,5946,0,0,,,,1,0
2026-09-15,full,/ranking/per-capita-social-education-expenditure-pref-municipal,ranking,278655,142865,1151,0.3077,6082,0,2,,,,1,1
2026-09-15,full,/ranking/per-capita-social-welfare-expenditure-pref-municipal,ranking,259417,131888,1101,0.3229,6068,0,0,,,,1,0
2026-09-15,full,/ranking/per-capita-total-expenditure-pref-municipal,ranking,275688,37447,1151,0.303,6087,0,0,,,,1,0
2026-09-15,full,/ranking/per-capita-welfare-expenditure-pref-municipal,ranking,278181,37382,1160,0.3232,5936,0,0,,,,1,0
2026-09-15,full,/ranking/per-child-kindergarten-expenditure-pref-municipal,ranking,281512,143009,1151,0.2929,6522,0,2,,,,0,2
2026-09-15,full,/ranking/per-child-public-elementary-school-expenditure-pref-municipal,ranking,282565,144523,1148,0.303,6529,0,2,,,,1,1
2026-09-15,full,/ranking/per-child-student-special-support-school-expenditure-pref-municipal,ranking,276736,141565,1141,0.3,6268,0,2,,,,0,2
2026-09-15,full,/ranking/per-student-public-high-school-expenditure-pref-municipal,ranking,280640,142934,1149,0.2929,6466,0,2,,,,0,2
2026-09-15,full,/ranking/per-student-public-junior-high-school-expenditure-pref-municipal,ranking,281358,143462,1148,0.303,6463,0,2,,,,1,1
2026-09-15,full,/ranking/per-taxpayer-taxable-income,ranking,280318,145265,1125,0.2414,5998,0,2,,,,0,2
2026-09-15,full,/ranking/perinatal-mortality-rate-per-1000-births,ranking,253732,129014,1070,0.2911,6128,0,0,,,,0,1
2026-09-15,full,/ranking/perm-consumption-expenditure,ranking,274346,139912,1111,0.2308,6298,0,0,,,,0,1
2026-09-15,full,/ranking/perm-consumption-quantity,ranking,271453,37369,1095,0.2436,6313,0,0,,,,0,1
2026-09-15,full,/ranking/persimmon-consumption-expenditure,ranking,273886,139571,1106,0.2436,6308,0,0,,,,0,1
2026-09-15,full,/ranking/persimmon-consumption-quantity,ranking,270563,138170,1100,0.2692,5832,0,0,,,,0,1
2026-09-15,full,/ranking/personal-computer-consumption-expenditure,ranking,285314,141592,1139,0.2614,4938,0,4,,,,0,2
2026-09-15,full,/ranking/personal-items-service-consumption-expenditure,ranking,273568,139280,1103,0.2308,6808,0,0,,,,0,1
2026-09-15,full,/ranking/personnel-expenditure-ratio-pref-finance,ranking,272079,141464,1106,0.314,6371,0,0,,,,1,0
2026-09-15,full,/ranking/personnel-expenses-prefecture,ranking,275370,142461,1132,0.3023,5913,0,0,,,,1,0
2026-09-15,full,/ranking/persons-on-public-assistance-per-1000,ranking,271556,137249,1146,0.2809,6235,0,0,,,,0,1
2026-09-15,full,/ranking/persons-on-public-assistance,ranking,268864,137222,1103,0.25,6214,0,0,,,,0,1
2026-09-15,full,/ranking/pet-food-consumption-expenditure,ranking,285047,141568,1136,0.2614,4971,0,4,,,,0,2
2026-09-15,full,/ranking/pet-supplies-consumption-expenditure,ranking,302589,150644,1185,0.2614,6740,0,4,,,,0,2
2026-09-15,full,/ranking/pharmaceutical-sales-count-per-100k,ranking,262982,37375,1120,0.2697,6071,0,0,,,,0,1
2026-09-15,full,/ranking/pharmaceutical-sales-count-per-100km2,ranking,264004,132301,1112,0.3146,6076,0,0,,,,1,0
2026-09-15,full,/ranking/pharmaceutical-sales-count,ranking,258347,128641,1096,0.2716,6230,0,0,,,,0,1
2026-09-15,full,/ranking/pharmacist-annual-income,ranking,255215,127348,1085,0.2208,6206,0,0,,,,0,1
2026-09-15,full,/ranking/pharmacist-count,ranking,217143,97806,1053,0.2609,5820,0,0,,,,0,1
2026-09-15,full,/ranking/pharmacy-count-by-prefecture,ranking,251182,127645,1057,0.2597,6295,0,0,,,,0,1
2026-09-15,full,/ranking/pharmacy-count-per-100k,ranking,263596,134599,1096,0.2809,6206,0,0,,,,0,1
2026-09-15,full,/ranking/pharmacy-count-per-100km2,ranking,266141,134780,1111,0.3258,5804,0,0,,,,1,0
2026-09-15,full,/ranking/pharmacy-count,ranking,222793,101312,1062,0.2958,6035,0,0,,,,0,1
2026-09-15,full,/ranking/photo-printing-consumption-expenditure,ranking,305954,152266,1190,0.2614,6664,0,4,,,,0,2
2026-09-15,full,/ranking/physical-disability-certificates-issued-per-1000,ranking,267182,135523,1105,0.2841,6530,0,0,,,,0,1
2026-09-15,full,/ranking/physical-disability-certificates-issued,ranking,270707,138718,1098,0.2375,6441,0,0,,,,0,1
2026-09-15,full,/ranking/physical-disability-rehabilitation-cases-per-1000,ranking,252118,127227,1065,0.2727,5177,0,0,,,,0,1
2026-09-15,full,/ranking/physical-disability-rehabilitation-cases,ranking,269271,137652,1106,0.2375,6487,0,0,,,,0,1
2026-09-15,full,/ranking/physical-disability-rehabilitation-center-cases-per-1000,ranking,252501,127723,1064,0.2955,5252,0,0,,,,0,1
2026-09-15,full,/ranking/physical-disability-rehabilitation-center-cases,ranking,271123,139140,1107,0.25,6563,0,0,,,,0,1
2026-09-15,full,/ranking/physical-disability-rehabilitation-facility-capacity-per-100k,ranking,269937,137293,1115,0.2727,6556,0,0,,,,0,1
2026-09-15,full,/ranking/physical-disability-rehabilitation-facility-capacity,ranking,268386,136270,1104,0.2375,6528,0,0,,,,0,1
2026-09-15,full,/ranking/physical-disability-rehabilitation-facility-count-per-1m,ranking,265068,134358,1107,0.2874,6422,0,0,,,,0,1
2026-09-15,full,/ranking/physical-disability-rehabilitation-facility-residents-per-100k,ranking,271220,137680,1119,0.2841,6614,0,0,,,,0,1
2026-09-15,full,/ranking/physical-disability-rehabilitation-facility-residents,ranking,266950,135468,1102,0.25,6587,0,0,,,,0,1
2026-09-15,full,/ranking/physical-disability-rehabilitation-facility-staff-per-100k,ranking,259032,129851,1087,0.2759,6618,0,0,,,,0,1
2026-09-15,full,/ranking/physical-therapist-annual-income,ranking,255963,128266,1070,0.2468,6559,0,0,,,,0,1
2026-09-15,full,/ranking/physicians-in-medical-facilities-per-100k,ranking,264250,134575,1110,0.2727,5885,0,0,,,,0,1
2026-09-15,full,/ranking/physicians-in-medical-facilities,ranking,261379,132425,1083,0.2375,6213,0,0,,,,0,1
2026-09-15,full,/ranking/piano-ownership-multi-person-households-per-1000,ranking,279389,141032,1148,0.2299,6429,0,2,,,,0,2
2026-09-15,full,/ranking/pickled-chinese-cabbage-consumption-expenditure,ranking,282752,143005,1137,0.2439,6509,0,1,,,,0,2
2026-09-15,full,/ranking/pickled-chinese-cabbage-consumption-quantity,ranking,282235,142488,1139,0.2439,6309,0,1,,,,0,2
2026-09-15,full,/ranking/pickled-daikon-consumption-expenditure,ranking,296863,148313,1180,0.2614,6354,0,4,,,,0,2
2026-09-15,full,/ranking/pickled-daikon-consumption-quantity,ranking,297864,148603,1181,0.2614,6222,0,4,,,,0,2
2026-09-15,full,/ranking/pickled-plum-consumption-expenditure,ranking,299062,149067,1185,0.2614,6402,0,4,,,,0,2
2026-09-15,full,/ranking/pickled-plum-consumption-quantity,ranking,301979,150441,1197,0.2614,6218,0,4,,,,0,2
2026-09-15,full,/ranking/pilot-annual-income,ranking,349225,200001,1146,0.2874,6491,0,3,,,,0,2
2026-09-15,full,/ranking/planned-construction-cost-per-m2,ranking,282334,143021,1145,0.2841,6767,0,2,,,,0,2
2026-09-15,full,/ranking/plastic-bags-wrap-consumption-expenditure,ranking,305737,152456,1197,0.2614,6366,0,4,,,,0,2
2026-09-15,full,/ranking/plumbing-construction-consumption-expenditure,ranking,276115,141813,1112,0.2308,6434,0,0,,,,0,1
2026-09-15,full,/ranking/pneumonia-death-count,ranking,258488,37331,1087,0.3077,6279,0,0,,,,1,0
2026-09-15,full,/ranking/pneumonia-death-rate,ranking,256396,127811,1087,0.2821,6374,0,0,,,,0,1
2026-09-15,full,/ranking/police-department-staff,ranking,229302,104573,1084,0.2533,6028,0,1,,,,0,2
2026-09-15,full,/ranking/police-expenditure-ratio-pref-finance,ranking,271402,140047,1113,0.2584,5985,0,1,,,,0,2
2026-09-15,full,/ranking/police-expenses-prefecture,ranking,282054,145518,1142,0.2667,5893,0,1,,,,0,2
2026-09-15,full,/ranking/police-officer-count-per-population,ranking,272581,138733,1141,0.3191,5901,0,1,,,,1,1
2026-09-15,full,/ranking/police-officer-count,ranking,279958,143768,1136,0.2442,5850,0,1,,,,0,2
2026-09-15,full,/ranking/pollution-complaints-received-per-100k,ranking,278209,142652,1137,0.2809,6137,0,1,,,,0,2
2026-09-15,full,/ranking/population-density-per-km2-inhabitable-area,ranking,255857,130596,1070,0.2989,6492,0,0,,,,0,1
2026-09-15,full,/ranking/population-density-per-km2-total-area,ranking,265188,37510,1098,0.3218,6349,0,0,,,,1,0
2026-09-15,full,/ranking/population-growth-rate,ranking,251431,127641,1071,0.2532,5849,0,0,,,,0,1
2026-09-15,full,/ranking/pork-consumption-expenditure,ranking,303691,37344,1198,0.2727,6107,0,4,,,,0,2
2026-09-15,full,/ranking/pork-consumption-quantity,ranking,300824,149593,1178,0.2614,6036,0,4,,,,0,2
2026-09-15,full,/ranking/port-cargo-export,ranking,266622,133226,1134,0.2651,6298,0,1,,,,0,2
2026-09-15,full,/ranking/port-cargo-import,ranking,268567,134207,1150,0.3012,6287,0,1,,,,1,1
2026-09-15,full,/ranking/port-cargo-total,ranking,267681,133809,1139,0.3133,6516,0,1,,,,1,1
2026-09-15,full,/ranking/port-container-count,ranking,266758,133334,1130,0.2651,6516,0,1,,,,0,2
2026-09-15,full,/ranking/port-count,ranking,272359,134836,1161,0.2716,6772,0,1,,,,0,2
2026-09-15,full,/ranking/port-entry-vessel-count,ranking,251561,126426,1075,0.3125,6487,0,0,,,,1,0
2026-09-15,full,/ranking/port-inbound-ships,ranking,266134,132225,1135,0.2771,6322,0,1,,,,0,2
2026-09-15,full,/ranking/port-ships-tonnage,ranking,268802,135604,1123,0.3012,6760,0,1,,,,1,1
2026-09-15,full,/ranking/port-vehicle-ferry,ranking,260430,127756,1129,0.2771,6571,0,1,,,,0,2
2026-09-15,full,/ranking/post-office-count-per-100km2,ranking,262307,131608,1102,0.3095,5862,0,0,,,,1,0
2026-09-15,full,/ranking/post-office-count,ranking,264044,133269,1100,0.2727,4609,0,2,,,,0,2
2026-09-15,full,/ranking/postage-consumption-expenditure,ranking,272945,139305,1109,0.2308,6189,0,0,,,,0,1
2026-09-15,full,/ranking/postal-savings-balance-per-capita,ranking,286293,37391,1166,0.25,6028,0,2,,,,0,2
2026-09-15,full,/ranking/postal-savings-balance,ranking,242090,111584,1115,0.2564,5972,0,2,,,,0,2
2026-09-15,full,/ranking/potato-consumption-expenditure,ranking,301752,150363,1189,0.2614,6434,0,4,,,,0,2
2026-09-15,full,/ranking/potato-consumption-quantity,ranking,300219,37502,1185,0.2727,6209,0,4,,,,0,2
2026-09-15,full,/ranking/pots-kettles-consumption-expenditure,ranking,302891,150638,1198,0.2614,6223,0,4,,,,0,2
2026-09-15,full,/ranking/pots-kettles-consumption-quantity,ranking,301082,150111,1181,0.2614,6411,0,4,,,,0,2
2026-09-15,full,/ranking/powdered-milk-consumption-expenditure,ranking,296815,148638,1195,0.2614,6181,0,4,,,,0,2
2026-09-15,full,/ranking/practical-nurse-annual-income,ranking,255606,128061,1076,0.2208,6348,0,0,,,,0,1
2026-09-15,full,/ranking/prefectural-assembly-members,ranking,225573,103023,1078,0.2188,6150,0,0,,,,0,1
2026-09-15,full,/ranking/prefectural-general-administration-staff,ranking,273020,140010,1130,0.2439,6212,0,0,,,,0,1
2026-09-15,full,/ranking/prefectural-income-growth-rate-h17,ranking,273654,139388,1111,0.2299,6481,0,2,,,,0,2
2026-09-15,full,/ranking/prefectural-income-growth-rate-h23,ranking,273724,139194,1118,0.2299,6412,0,2,,,,0,2
2026-09-15,full,/ranking/prefectural-natural-park-count,ranking,258888,131138,1063,0.2785,6376,0,0,,,,0,1
2026-09-15,full,/ranking/prefectural-nature-park-area,ranking,262501,134330,1063,0.3291,6715,0,0,,,,1,0
2026-09-15,full,/ranking/preschool-fee-consumption-expenditure,ranking,274146,140221,1110,0.2308,6469,0,0,,,,0,1
2026-09-15,full,/ranking/primary-activity-avg-time-female,ranking,268266,136411,1126,0.236,6091,0,3,,,,0,2
2026-09-15,full,/ranking/primary-activity-avg-time-male,ranking,268150,135601,1132,0.2472,6093,0,3,,,,0,2
2026-09-15,full,/ranking/prime-contractor-completed-construction-public,ranking,278255,142598,1130,0.241,6306,0,2,,,,0,2
2026-09-15,full,/ranking/prime-contractor-completed-construction,ranking,238552,110470,1089,0.2877,6544,0,2,,,,0,2
2026-09-15,full,/ranking/private-auto-insurance-penetration-rate-object,ranking,280534,145048,1129,0.2529,6258,0,2,,,,0,2
2026-09-15,full,/ranking/private-auto-insurance-penetration-rate-person,ranking,281783,146261,1128,0.2529,6260,0,2,,,,0,2
2026-09-15,full,/ranking/private-auto-insurance-penetration-rate-vehicle,ranking,279170,143793,1129,0.2529,6270,0,2,,,,0,2
2026-09-15,full,/ranking/private-elementary-school-consumption-expenditure,ranking,298139,149331,1196,0.2614,6593,0,4,,,,0,2
2026-09-15,full,/ranking/private-high-school-consumption-expenditure,ranking,294559,148328,1178,0.2614,6280,0,4,,,,0,2
2026-09-15,full,/ranking/private-junior-high-school-consumption-expenditure,ranking,298298,149432,1195,0.2614,6429,0,4,,,,0,2
2026-09-15,full,/ranking/private-life-insurance-amount-per-contract,ranking,286947,147221,1154,0.2381,6272,0,2,,,,0,2
2026-09-15,full,/ranking/private-life-insurance-contract-amount-per-household,ranking,286212,145531,1168,0.25,6336,0,2,,,,0,2
2026-09-15,full,/ranking/private-life-insurance-contracts-per-1000,ranking,287756,146728,1170,0.2813,6383,0,2,,,,0,2
2026-09-15,full,/ranking/private-life-insurance-contracts,ranking,287535,147976,1140,0.2262,6666,0,2,,,,0,2
2026-09-15,full,/ranking/private-railway-passenger-transport,ranking,230733,105082,1095,0.2877,6007,0,2,,,,0,2
2026-09-15,full,/ranking/private-rent-consumption-expenditure,ranking,272200,139424,1096,0.2308,6415,0,0,,,,0,1
2026-09-15,full,/ranking/private-rent-consumption-quantity,ranking,273715,140382,1112,0.2308,6061,0,0,,,,0,1
2026-09-15,full,/ranking/private-rental-housing-rent-per-3-3m2,ranking,283249,145832,1159,0.2386,6355,0,2,,,,0,2
2026-09-15,full,/ranking/private-rented-housing-ratio,ranking,266329,135645,1098,0.2414,6122,0,2,,,,0,2
2026-09-15,full,/ranking/private-sports-facility,ranking,274351,138496,1144,0.2529,6051,0,2,,,,0,2
2026-09-15,full,/ranking/private-university-consumption-expenditure,ranking,296627,149165,1196,0.2614,6223,0,4,,,,0,2
2026-09-15,full,/ranking/private-university-student-ratio,ranking,295979,149970,1201,0.2887,6147,0,6,,,,0,2
2026-09-15,full,/ranking/probiotic-drink-consumption-expenditure,ranking,256012,130763,1053,0.2308,4980,0,0,,,,0,1
2026-09-15,full,/ranking/production-age-population-ratio,ranking,253141,128439,1074,0.2771,6046,0,0,,,,0,1
2026-09-15,full,/ranking/propane-gas-consumption-expenditure,ranking,302536,150956,1197,0.2614,6297,0,4,,,,0,2
2026-09-15,full,/ranking/propane-gas-consumption-quantity,ranking,302218,150874,1190,0.2614,6272,0,4,,,,0,2
2026-09-15,full,/ranking/property-expenses-prefecture,ranking,270650,138410,1133,0.3256,5905,0,0,,,,1,0
2026-09-15,full,/ranking/property-income-prefecture,ranking,272511,140159,1121,0.3023,6326,0,0,,,,1,0
2026-09-15,full,/ranking/psychiatric-bed-count-per-100k,ranking,264645,37299,1116,0.2955,5951,0,0,,,,0,1
2026-09-15,full,/ranking/psychiatric-bed-count,ranking,266950,135695,1095,0.2375,6206,0,0,,,,0,1
2026-09-15,full,/ranking/psychiatric-hospital-avg-length-of-stay,ranking,264121,134669,1083,0.2658,6452,0,0,,,,0,1
2026-09-15,full,/ranking/psychiatric-hospital-bed-occupancy-rate,ranking,242741,125181,1014,0.2785,4971,0,0,,,,0,1
2026-09-15,full,/ranking/psychiatric-hospital-count-per-100k,ranking,262207,133977,1094,0.2841,6086,0,0,,,,0,1
2026-09-15,full,/ranking/psychiatric-hospital-count,ranking,265402,134569,1095,0.275,6177,0,0,,,,0,1
2026-09-15,full,/ranking/psychiatric-inpatients-per-fulltime-physician-per-day,ranking,259769,130958,1092,0.2911,6306,0,0,,,,0,1
2026-09-15,full,/ranking/psychiatric-inpatients-per-nurse-per-day,ranking,258675,129852,1095,0.2532,6280,0,0,,,,0,1
2026-09-15,full,/ranking/psychiatric-outpatients-per-fulltime-physician-per-day,ranking,259987,131284,1092,0.2658,6295,0,0,,,,0,1
2026-09-15,full,/ranking/public-assistance-education-beneficiaries-per-1000,ranking,266274,135361,1107,0.2759,6308,0,0,,,,0,1
2026-09-15,full,/ranking/public-assistance-expenditure-ratio-pref-finance,ranking,262181,135309,1080,0.253,6133,0,0,,,,0,1
2026-09-15,full,/ranking/public-assistance-expense-municipal,ranking,213404,98873,1022,0.3421,4759,0,0,,,,1,0
2026-09-15,full,/ranking/public-assistance-expenses-prefecture,ranking,261119,134716,1084,0.2619,6040,0,0,,,,0,1
2026-09-15,full,/ranking/public-assistance-facility-capacity-per-1000,ranking,263879,133659,1099,0.253,6223,0,0,,,,0,1
2026-09-15,full,/ranking/public-assistance-facility-residents-per-1000,ranking,267463,136545,1103,0.2651,6282,0,0,,,,0,1
2026-09-15,full,/ranking/public-assistance-housing-beneficiaries-per-1000,ranking,279262,142019,1149,0.2842,6290,0,2,,,,0,2
2026-09-15,full,/ranking/public-assistance-medical-beneficiaries-per-1000,ranking,266000,37514,1109,0.2874,6292,0,0,,,,0,1
2026-09-15,full,/ranking/public-assistance-nursing-beneficiaries-per-1000,ranking,261131,131133,1107,0.2874,6271,0,0,,,,0,1
2026-09-15,full,/ranking/public-bath-consumption-expenditure,ranking,304263,150558,1213,0.2614,6368,0,4,,,,0,2
2026-09-15,full,/ranking/public-bath-count-per-100k,ranking,274044,37207,1140,0.2813,6215,0,2,,,,0,2
2026-09-15,full,/ranking/public-bath-count,ranking,262298,132927,1100,0.2727,4645,0,2,,,,0,2
2026-09-15,full,/ranking/public-bond-expenses-nature-prefecture,ranking,254712,130561,1077,0.3023,4765,0,0,,,,1,0
2026-09-15,full,/ranking/public-bond-expenses-purpose-prefecture,ranking,264252,136617,1105,0.3023,5947,0,0,,,,1,0
2026-09-15,full,/ranking/public-elementary-school-consumption-expenditure,ranking,276452,141691,1120,0.2308,6353,0,0,,,,0,1
2026-09-15,full,/ranking/public-elementary-school-gym-installation-rate,ranking,275561,142069,1117,0.2529,6456,0,2,,,,0,2
2026-09-15,full,/ranking/public-elementary-school-pool-installation-rate,ranking,269957,137571,1120,0.2644,6346,0,2,,,,0,2
2026-09-15,full,/ranking/public-enterprise-accounting-staff,ranking,272016,139145,1117,0.2195,6556,0,0,,,,0,1
2026-09-15,full,/ranking/public-general-hospital-bed-ratio,ranking,258693,133029,1071,0.2658,6331,0,0,,,,0,1
2026-09-15,full,/ranking/public-general-hospital-ratio,ranking,255854,130868,1069,0.2532,6199,0,0,,,,0,1
2026-09-15,full,/ranking/public-gymnasium-count-per-million,ranking,279005,141692,1156,0.2737,5941,0,2,,,,0,2
2026-09-15,full,/ranking/public-hall-count-per-million,ranking,274023,140794,1129,0.2842,5878,0,2,,,,0,2
2026-09-15,full,/ranking/public-hall-count,ranking,256085,127456,1095,0.2529,4630,0,2,,,,0,2
2026-09-15,full,/ranking/public-health-expenses-prefecture,ranking,269121,137500,1116,0.2907,6021,0,0,,,,0,1
2026-09-15,full,/ranking/public-health-nurse-annual-income,ranking,275115,137246,1148,0.2235,6299,0,2,,,,0,2
2026-09-15,full,/ranking/public-health-nurse-count-per-100k,ranking,262405,131133,1119,0.2841,5892,0,0,,,,0,1
2026-09-15,full,/ranking/public-health-nurse-count,ranking,219496,98802,1053,0.3143,6008,0,0,,,,1,0
2026-09-15,full,/ranking/public-high-school-consumption-expenditure,ranking,298239,149697,1214,0.2614,6518,0,4,,,,0,2
2026-09-15,full,/ranking/public-high-school-pool-installation-rate,ranking,274698,141332,1124,0.2529,6323,0,2,,,,0,2
2026-09-15,full,/ranking/public-high-school-ratio,ranking,274028,37321,1116,0.2644,6069,0,2,,,,0,2
2026-09-15,full,/ranking/public-high-school-student-ratio,ranking,275253,141820,1120,0.2644,6217,0,2,,,,0,2
2026-09-15,full,/ranking/public-junior-high-school-consumption-expenditure,ranking,274445,140840,1103,0.2308,6652,0,0,,,,0,1
2026-09-15,full,/ranking/public-junior-high-school-gym-installation-rate,ranking,277401,37722,1123,0.2529,6503,0,2,,,,0,2
2026-09-15,full,/ranking/public-junior-high-school-pool-installation-rate,ranking,272515,37528,1122,0.2644,6348,0,2,,,,0,2
2026-09-15,full,/ranking/public-kindergarten-ratio,ranking,274403,140879,1115,0.2529,6197,0,2,,,,0,2
2026-09-15,full,/ranking/public-kindergarten-student-ratio,ranking,276520,142873,1120,0.2644,6185,0,2,,,,0,2
2026-09-15,full,/ranking/public-multipurpose-sports-ground-count-per-million,ranking,280825,143239,1151,0.2737,6248,0,2,,,,0,2
2026-09-15,full,/ranking/public-nursery-ratio,ranking,274620,141530,1115,0.2414,6048,0,2,,,,0,2
2026-09-15,full,/ranking/public-nursery-student-ratio,ranking,275651,142076,1119,0.2414,6249,0,2,,,,0,2
2026-09-15,full,/ranking/public-phone-count-per-1000,ranking,280732,37339,1149,0.3229,6410,0,2,,,,1,1
2026-09-15,full,/ranking/public-phone-count,ranking,280512,142223,1138,0.2907,6250,0,2,,,,0,2
2026-09-15,full,/ranking/public-rent-consumption-expenditure,ranking,273424,139292,1114,0.2308,6328,0,0,,,,0,1
2026-09-15,full,/ranking/public-rent-consumption-quantity,ranking,269370,137083,1096,0.2308,6182,0,0,,,,0,1
2026-09-15,full,/ranking/public-rental-housing-rent-per-3-3m2,ranking,276885,140330,1141,0.2644,6177,0,2,,,,0,2
2026-09-15,full,/ranking/public-swimming-pool-count-per-million,ranking,279616,141908,1157,0.2737,6076,0,2,,,,0,2
2026-09-15,full,/ranking/public-university-consumption-expenditure,ranking,292169,145243,1192,0.2614,6288,0,4,,,,0,2
2026-09-15,full,/ranking/public-university-student-ratio,ranking,273800,140279,1122,0.2529,6181,0,2,,,,0,2
2026-09-15,full,/ranking/public-works-expenditure-ratio-pref-finance,ranking,271861,140689,1125,0.2907,6030,0,0,,,,0,1
2026-09-15,full,/ranking/public-works-expenses-prefecture,ranking,278297,143134,1137,0.2874,6219,0,0,,,,0,1
2026-09-15,full,/ranking/pudding-consumption-expenditure,ranking,299079,149353,1181,0.2614,6293,0,4,,,,0,2
2026-09-15,full,/ranking/pumpkin-consumption-expenditure,ranking,301028,150016,1205,0.2614,6164,0,4,,,,0,2
2026-09-15,full,/ranking/pumpkin-consumption-quantity,ranking,284194,140894,1166,0.2727,4772,0,4,,,,0,2
2026-09-15,full,/ranking/quasi-national-park-area,ranking,258408,131723,1063,0.3291,6224,0,0,,,,1,0
2026-09-15,full,/ranking/rabies-vaccination-dogs,ranking,251085,128235,1042,0.2597,6916,0,0,,,,0,1
2026-09-15,full,/ranking/railway-passengers,ranking,270585,137872,1127,0.2208,6267,0,1,,,,0,2
2026-09-15,full,/ranking/railway-station-count,ranking,249847,125923,1070,0.2338,4632,0,1,,,,0,2
2026-09-15,full,/ranking/ramen-dining-consumption-expenditure,ranking,303280,151318,1188,0.2614,6558,0,4,,,,0,2
2026-09-15,full,/ranking/ratio-65-plus,ranking,264777,134924,1128,0.2857,5983,0,0,,,,0,1
2026-09-15,full,/ranking/ratio-never-married-15-plus,ranking,264191,132757,1157,0.2716,5923,0,0,,,,0,1
2026-09-15,full,/ranking/ratio-of-general-households-to-national,ranking,253743,129423,1068,0.2785,6556,0,0,,,,0,1
2026-09-15,full,/ranking/ratio-of-total-population,ranking,235651,119564,1013,0.2771,4929,0,0,,,,0,1
2026-09-15,full,/ranking/real-balance-ratio,ranking,265772,136627,1110,0.3023,5938,0,0,,,,1,0
2026-09-15,full,/ranking/real-disposable-income,ranking,277917,142269,1122,0.2588,6504,0,2,,,,0,2
2026-09-15,full,/ranking/real-public-debt-service-ratio,ranking,265077,135289,1106,0.3023,6503,0,0,,,,1,0
2026-09-15,full,/ranking/recorded-media-consumption-expenditure,ranking,306486,152368,1188,0.2614,6623,0,4,,,,0,2
2026-09-15,full,/ranking/recreational-fishing-count,ranking,254253,128072,1084,0.2375,6480,0,0,,,,0,1
2026-09-15,full,/ranking/refrigerator-consumption-expenditure,ranking,302300,150441,1179,0.2614,6442,0,4,,,,0,2
2026-09-15,full,/ranking/refrigerator-consumption-quantity,ranking,303614,37312,1204,0.2614,6490,0,4,,,,0,2
2026-09-15,full,/ranking/registered-foreigner-population,ranking,261466,132889,1095,0.2532,6053,0,0,,,,0,1
2026-09-15,full,/ranking/regular-cash-salary-female-pre2019,ranking,270120,137139,1133,0.2809,6441,0,3,,,,0,2
2026-09-15,full,/ranking/regular-cash-salary-female,ranking,269232,136868,1127,0.2921,6398,0,3,,,,0,2
2026-09-15,full,/ranking/regular-cash-salary-male-pre2019,ranking,270028,137318,1129,0.2809,6423,0,3,,,,0,2
2026-09-15,full,/ranking/regular-cash-salary-male,ranking,269542,136644,1133,0.2809,6390,0,3,,,,0,2
2026-09-15,full,/ranking/relaxation-avg-time-female,ranking,268330,136123,1114,0.236,6607,0,3,,,,0,2
2026-09-15,full,/ranking/relaxation-avg-time-male,ranking,268331,136265,1108,0.2584,6620,0,3,,,,0,2
2026-09-15,full,/ranking/religious-expense-consumption-expenditure,ranking,297156,148778,1180,0.2614,6379,0,4,,,,0,2
2026-09-15,full,/ranking/renovation-rate,ranking,268877,136843,1115,0.2706,6158,0,2,,,,0,2
2026-09-15,full,/ranking/rental-car-consumption-expenditure,ranking,303897,151395,1180,0.2727,6979,0,4,,,,0,2
2026-09-15,full,/ranking/rented-housing-ratio,ranking,267944,136181,1115,0.2529,5830,0,2,,,,0,2
2026-09-15,full,/ranking/repair-materials-consumption-expenditure,ranking,273508,140123,1109,0.2308,6210,0,0,,,,0,1
2026-09-15,full,/ranking/researcher-annual-income,ranking,276961,138398,1157,0.2235,6064,0,2,,,,0,2
2026-09-15,full,/ranking/reserve-funds-prefecture,ranking,271344,138868,1121,0.3023,6306,0,0,,,,1,0
2026-09-15,full,/ranking/resident-foreigner-asia,ranking,258800,130109,1100,0.359,6221,0,0,,,,1,0
2026-09-15,full,/ranking/resident-foreigner-china,ranking,239923,120473,1040,0.3462,4886,0,0,,,,1,0
2026-09-15,full,/ranking/resident-foreigner-europe,ranking,259666,130287,1092,0.359,6673,0,0,,,,1,0
2026-09-15,full,/ranking/resident-foreigner-korea,ranking,256457,128174,1087,0.3462,6450,0,0,,,,1,0
2026-09-15,full,/ranking/resident-foreigner-north-america,ranking,259158,130278,1101,0.359,6364,0,0,,,,1,0
2026-09-15,full,/ranking/resident-foreigner-population,ranking,198196,87055,1002,0.3971,4756,0,0,,,,1,0
2026-09-15,full,/ranking/resident-foreigner-south-america,ranking,258269,129443,1101,0.3462,6360,0,0,,,,1,0
2026-09-15,full,/ranking/residential-and-mixed-area-ratio,ranking,274200,141389,1114,0.2874,6359,0,2,,,,0,2
2026-09-15,full,/ranking/residential-area-ratio,ranking,272521,140367,1112,0.2644,6145,0,2,,,,0,2
2026-09-15,full,/ranking/residential-building-construction-cost,ranking,281932,143012,1143,0.2841,6831,0,2,,,,0,2
2026-09-15,full,/ranking/residential-building-starts,ranking,254889,127825,1085,0.3103,4874,0,2,,,,1,1
2026-09-15,full,/ranking/residential-land-price-change-rate,ranking,268030,136545,1112,0.2706,6055,0,2,,,,0,2
2026-09-15,full,/ranking/residential-telephone-subscription-count-per-1000,ranking,280568,143167,1148,0.2737,6238,0,2,,,,0,2
2026-09-15,full,/ranking/restaurant-count-per-1000,ranking,275070,137715,1145,0.3053,6255,0,2,,,,1,1
2026-09-15,full,/ranking/retail-establishments-by-prefecture,ranking,274186,139838,1120,0.2941,6928,0,2,,,,0,2
2026-09-15,full,/ranking/retail-goods-inventory-amount,ranking,232189,105624,1084,0.2727,6411,0,2,,,,0,2
2026-09-15,full,/ranking/retail-sales-amount-by-prefecture,ranking,275919,141577,1113,0.2588,7019,0,2,,,,0,2
2026-09-15,full,/ranking/retail-sales-area-by-class,ranking,253187,129053,1059,0.2471,5421,0,2,,,,0,2
2026-09-15,full,/ranking/retail-store-count-alt,ranking,274097,137656,1140,0.2874,6135,0,2,,,,0,2
2026-09-15,full,/ranking/retail-store-count-per-1000,ranking,275567,137351,1167,0.2813,5867,0,2,,,,0,2
2026-09-15,full,/ranking/retail-store-count,ranking,273872,137084,1138,0.2841,6228,0,2,,,,0,2
2026-09-15,full,/ranking/retirement-allowance-admin-prefecture,ranking,279855,140647,1162,0.2471,6722,0,3,,,,0,2
2026-09-15,full,/ranking/rice-consumption-expenditure,ranking,257307,131404,1054,0.2564,4759,0,0,,,,0,1
2026-09-15,full,/ranking/rice-consumption-quantity,ranking,269701,137725,1090,0.2436,6282,0,0,,,,0,1
2026-09-15,full,/ranking/rice-cracker-consumption-expenditure,ranking,301338,150575,1187,0.2727,6292,0,4,,,,0,2
2026-09-15,full,/ranking/rice-cultivated-area,ranking,248646,37269,1056,0.2375,4706,0,0,,,,0,1
2026-09-15,full,/ranking/rice-harvest-volume,ranking,264453,134328,1094,0.2375,6244,0,0,,,,0,1
2026-09-15,full,/ranking/rice-yield-per-10a,ranking,248298,125121,1057,0.2125,4754,0,0,,,,0,1
2026-09-15,full,/ranking/ritual-goods-tombstone-consumption-expenditure,ranking,299339,149443,1189,0.2614,6470,0,4,,,,0,2
2026-09-15,full,/ranking/road-bridge-expenses-prefecture,ranking,280073,37379,1151,0.2697,6129,0,1,,,,0,2
2026-09-15,full,/ranking/road-expressway-length,ranking,271448,136983,1137,0.2588,6314,0,1,,,,0,2
2026-09-15,full,/ranking/road-general-prefectural-length,ranking,273021,138686,1133,0.2706,6549,0,1,,,,0,2
2026-09-15,full,/ranking/road-length-per-km2,ranking,257580,132377,1047,0.2989,6336,0,0,,,,0,1
2026-09-15,full,/ranking/road-municipal-length,ranking,271917,137648,1135,0.2588,6404,0,1,,,,0,2
2026-09-15,full,/ranking/road-national-route-length,ranking,270947,137089,1132,0.2471,6218,0,1,,,,0,2
2026-09-15,full,/ranking/road-prefectural-route-length,ranking,273989,139063,1133,0.2471,6487,0,1,,,,0,2
2026-09-15,full,/ranking/road-total-length-with-expressway,ranking,273051,138386,1137,0.2588,6413,0,1,,,,0,2
2026-09-15,full,/ranking/road-total-length,ranking,268900,136047,1128,0.2588,5959,0,1,,,,0,2
2026-09-15,full,/ranking/road-traffic-law-violation-arrest-count-per-population,ranking,266346,135822,1093,0.3103,6379,0,0,,,,1,0
2026-09-15,full,/ranking/roadside-station-count,ranking,268182,136051,1103,0.1972,6196,0,2,,,,0,2
2026-09-15,full,/ranking/room-aircon-ownership-multi-person-households-per-1000,ranking,303783,148991,1225,0.2887,6360,0,6,,,,0,2
2026-09-15,full,/ranking/room-utilization-rate,ranking,264592,135510,1099,0.2346,5861,0,2,,,,0,2
2026-09-15,full,/ranking/rooms-per-dwelling-owner,ranking,272415,137281,1142,0.2529,5839,0,2,,,,0,2
2026-09-15,full,/ranking/rooms-per-dwelling-rented,ranking,272852,137535,1145,0.2414,5846,0,2,,,,0,2
2026-09-15,full,/ranking/rooms-per-dwelling,ranking,272214,137043,1141,0.2529,5809,0,2,,,,0,2
2026-09-15,full,/ranking/row-house-ratio,ranking,267998,136426,1112,0.2989,5937,0,2,,,,0,2
2026-09-15,full,/ranking/sake-consumption-expenditure,ranking,302991,151122,1189,0.2727,6313,0,4,,,,0,2
2026-09-15,full,/ranking/sake-consumption-quantity,ranking,301418,150128,1187,0.2614,6357,0,4,,,,0,2
2026-09-15,full,/ranking/salad-consumption-expenditure,ranking,303095,150520,1192,0.2614,6414,0,4,,,,0,2
2026-09-15,full,/ranking/sales-amount-private,ranking,233449,105337,1108,0.2727,5921,0,2,,,,0,2
2026-09-15,full,/ranking/sales-clerk-annual-income,ranking,272033,136614,1139,0.2759,6228,0,3,,,,0,2
2026-09-15,full,/ranking/salmon-consumption-expenditure,ranking,298689,148208,1183,0.2727,6080,0,4,,,,0,2
2026-09-15,full,/ranking/salmon-consumption-quantity,ranking,283562,140587,1138,0.2727,4689,0,4,,,,0,2
2026-09-15,full,/ranking/salted-salmon-consumption-expenditure,ranking,304008,151146,1192,0.2727,6505,0,4,,,,0,2
2026-09-15,full,/ranking/salted-salmon-consumption-quantity,ranking,302474,149658,1215,0.2614,5984,0,4,,,,0,2
2026-09-15,full,/ranking/sanitation-expenditure-ratio-pref-finance,ranking,268837,139704,1094,0.3023,6228,0,0,,,,1,0
2026-09-15,full,/ranking/sanitation-expense-municipal,ranking,212393,98169,1018,0.3553,4720,0,0,,,,1,0
2026-09-15,full,/ranking/sanitation-expenses-prefecture,ranking,279747,37306,1133,0.2989,6289,0,0,,,,0,1
2026-09-15,full,/ranking/sardine-consumption-expenditure,ranking,301949,150136,1186,0.2727,6479,0,4,,,,0,2
2026-09-15,full,/ranking/sardine-consumption-quantity,ranking,281401,139196,1137,0.2614,4728,0,4,,,,0,2
2026-09-15,full,/ranking/sashimi-platter-consumption-expenditure,ranking,274547,139878,1121,0.2308,6355,0,0,,,,0,1
2026-09-15,full,/ranking/sashimi-platter-consumption-quantity,ranking,273181,139520,1104,0.2308,6378,0,0,,,,0,1
2026-09-15,full,/ranking/sauce-consumption-expenditure,ranking,302109,150037,1185,0.2727,6238,0,4,,,,0,2
2026-09-15,full,/ranking/sauce-consumption-quantity,ranking,300869,149341,1179,0.2727,6072,0,4,,,,0,2
2026-09-15,full,/ranking/saury-consumption-expenditure,ranking,300976,37364,1197,0.2614,6094,0,4,,,,0,2
2026-09-15,full,/ranking/saury-consumption-quantity,ranking,298520,147874,1208,0.2614,6051,0,4,,,,0,2
2026-09-15,full,/ranking/sausage-consumption-expenditure,ranking,285238,141788,1147,0.2614,4920,0,4,,,,0,2
2026-09-15,full,/ranking/sausage-consumption-quantity,ranking,302129,149880,1216,0.2614,6504,0,4,,,,0,2
2026-09-15,full,/ranking/savings-deposit-balance,ranking,279904,140097,1161,0.2584,6282,0,2,,,,0,2
2026-09-15,full,/ranking/savory-bread-consumption-expenditure,ranking,286067,142413,1175,0.2727,4908,0,4,,,,0,2
2026-09-15,full,/ranking/scallop-consumption-expenditure,ranking,300308,148715,1225,0.2614,6150,0,4,,,,0,2
2026-09-15,full,/ranking/scallop-consumption-quantity,ranking,296491,147066,1175,0.2614,6292,0,4,,,,0,2
2026-09-15,full,/ranking/scarf-consumption-expenditure,ranking,299570,149049,1177,0.2614,6555,0,4,,,,0,2
2026-09-15,full,/ranking/scheduled-salary-male,ranking,273350,136666,1144,0.3034,6284,0,3,,,,1,1
2026-09-15,full,/ranking/school-bag-consumption-expenditure,ranking,298388,148713,1177,0.2614,6472,0,4,,,,0,2
2026-09-15,full,/ranking/school-bag-consumption-quantity,ranking,300318,149851,1197,0.2614,6123,0,4,,,,0,2
2026-09-15,full,/ranking/school-lunch-consumption-expenditure,ranking,300551,150177,1185,0.2614,6280,0,4,,,,0,2
2026-09-15,full,/ranking/school-teacher-annual-income,ranking,269475,136070,1118,0.2235,6450,0,2,,,,0,2
2026-09-15,full,/ranking/science-museum-count,ranking,256123,126983,1101,0.2637,4701,0,2,,,,0,2
2026-09-15,full,/ranking/sea-bream-consumption-expenditure,ranking,300543,149046,1209,0.2841,6176,0,4,,,,0,2
2026-09-15,full,/ranking/sea-bream-consumption-quantity,ranking,299097,148576,1177,0.2727,6093,0,4,,,,0,2
2026-09-15,full,/ranking/secondary-activity-avg-time-employed-female,ranking,270528,137446,1132,0.2472,6188,0,3,,,,0,2
2026-09-15,full,/ranking/secondary-activity-avg-time-employed-male,ranking,270044,137117,1132,0.2472,6135,0,3,,,,0,2
2026-09-15,full,/ranking/secondary-activity-avg-time-unemployed-female,ranking,270774,137847,1127,0.2472,6156,0,3,,,,0,2
2026-09-15,full,/ranking/secondary-activity-avg-time-unemployed-male,ranking,269997,136854,1121,0.236,6517,0,3,,,,0,2
2026-09-15,full,/ranking/secondary-education-school-count-per-100k-12-17,ranking,275151,138305,1145,0.2527,6366,0,2,,,,0,2
2026-09-15,full,/ranking/secondary-employed-people-ratio-tertiary,ranking,271849,138223,1132,0.236,6384,0,3,,,,0,2
2026-09-15,full,/ranking/secondary-industry-employees-per-establishment-census,ranking,277516,140353,1155,0.2472,6198,0,3,,,,0,2
2026-09-15,full,/ranking/secondary-industry-employees-per-establishment,ranking,276775,139327,1161,0.236,6174,0,3,,,,0,2
2026-09-15,full,/ranking/secondary-industry-establishment-ratio-census,ranking,269916,137718,1106,0.2299,6582,0,2,,,,0,2
2026-09-15,full,/ranking/secondary-industry-establishment-ratio,ranking,272129,138672,1128,0.2529,6311,0,2,,,,0,2
2026-09-15,full,/ranking/securities-balance,ranking,276501,138050,1141,0.236,6228,0,2,,,,0,2
2026-09-15,full,/ranking/security-guard-annual-income,ranking,272552,135923,1153,0.2644,6096,0,3,,,,0,2
2026-09-15,full,/ranking/self-financing-ratio,ranking,268925,139002,1115,0.3023,5992,0,0,,,,1,0
2026-09-15,full,/ranking/self-service-store-count-per-100k,ranking,277834,138965,1164,0.3021,6267,0,2,,,,1,1
2026-09-15,full,/ranking/self-service-store-count,ranking,277645,139532,1151,0.2955,6274,0,2,,,,0,2
2026-09-15,full,/ranking/senility-death-count,ranking,259986,37338,1101,0.3077,6097,0,0,,,,1,0
2026-09-15,full,/ranking/senility-death-rate,ranking,241016,120033,1045,0.3077,4824,0,0,,,,1,0
2026-09-15,full,/ranking/senior-recreation-home-count-per-100k-65plus,ranking,264622,134448,1101,0.2759,6315,0,0,,,,0,1
2026-09-15,full,/ranking/senior-recreation-home-staff-per-100k-65plus,ranking,261177,131306,1105,0.2759,6173,0,0,,,,0,1
2026-09-15,full,/ranking/senior-welfare-center-count-per-100k-65plus,ranking,264863,134460,1106,0.2759,6216,0,0,,,,0,1
2026-09-15,full,/ranking/senior-welfare-center-staff-per-100k-65plus,ranking,261264,131190,1106,0.2874,6374,0,0,,,,0,1
2026-09-15,full,/ranking/serious-crime-per-100k,ranking,264007,134065,1080,0.2532,6141,0,0,,,,0,1
2026-09-15,full,/ranking/sewage-flush-toilet-population,ranking,259834,131344,1078,0.2468,6594,0,0,,,,0,1
2026-09-15,full,/ranking/sewage-treatment-coverage-rate,ranking,265661,136136,1085,0.2338,6521,0,1,,,,0,2
2026-09-15,full,/ranking/sewerage-coverage-rate,ranking,265192,135566,1098,0.2208,6303,0,1,,,,0,2
2026-09-15,full,/ranking/sewerage-drainage-population,ranking,256845,129923,1073,0.2468,6520,0,0,,,,0,1
2026-09-15,full,/ranking/sewerage-penetration-rate-2012on,ranking,249262,125673,1058,0.321,5972,0,0,,,,1,0
2026-09-15,full,/ranking/sewerage-penetration-rate-pre2011,ranking,248318,125476,1054,0.3333,5977,0,0,,,,1,0
2026-09-15,full,/ranking/sex-old-population-ratio,ranking,251715,127587,1078,0.2771,5910,0,0,,,,0,1
2026-09-15,full,/ranking/sex-production-age-population-ratio,ranking,252434,128396,1077,0.2892,5961,0,0,,,,0,1
2026-09-15,full,/ranking/sex-ratio-total,ranking,256444,128337,1098,0.2771,5861,0,0,,,,0,1
2026-09-15,full,/ranking/sex-young-population-ratio,ranking,252228,36398,1080,0.2771,5921,0,0,,,,0,1
2026-09-15,full,/ranking/shampoo-consumption-expenditure,ranking,285875,142340,1142,0.2614,4920,0,4,,,,0,2
2026-09-15,full,/ranking/shared-burden-fees-prefecture,ranking,274087,141446,1119,0.3023,6392,0,0,,,,1,0
2026-09-15,full,/ranking/sheets-consumption-expenditure,ranking,300262,148529,1180,0.2614,6300,0,4,,,,0,2
2026-09-15,full,/ranking/sheets-consumption-quantity,ranking,301812,150013,1190,0.2614,6001,0,4,,,,0,2
2026-09-15,full,/ranking/shimeji-consumption-expenditure,ranking,299254,148675,1191,0.2614,6088,0,4,,,,0,2
2026-09-15,full,/ranking/shimeji-consumption-quantity,ranking,281408,138757,1141,0.2614,4736,0,4,,,,0,2
2026-09-15,full,/ranking/shochu-consumption-expenditure,ranking,285069,141424,1143,0.2614,4807,0,4,,,,0,2
2026-09-15,full,/ranking/shochu-consumption-quantity,ranking,301516,149945,1181,0.2727,6291,0,4,,,,0,2
2026-09-15,full,/ranking/shrimp-consumption-expenditure,ranking,282543,37346,1141,0.2614,4800,0,4,,,,0,2
2026-09-15,full,/ranking/shrimp-consumption-quantity,ranking,297878,148351,1189,0.2614,5986,0,4,,,,0,2
2026-09-15,full,/ranking/shumai-consumption-expenditure,ranking,302436,150190,1184,0.2614,6387,0,4,,,,0,2
2026-09-15,full,/ranking/side-job-rate,ranking,266740,134701,1129,0.2299,5700,0,3,,,,0,2
2026-09-15,full,/ranking/simple-life-insurance-contract-amount-per-contract,ranking,285895,146396,1151,0.2299,6548,0,2,,,,0,2
2026-09-15,full,/ranking/simple-life-insurance-contract-count-per-population,ranking,285708,144484,1173,0.2708,6421,0,2,,,,0,2
2026-09-15,full,/ranking/simple-life-insurance-contract-count,ranking,286007,145952,1157,0.25,6368,0,2,,,,0,2
2026-09-15,full,/ranking/single-father-households,ranking,214627,96151,1046,0.3043,5929,0,0,,,,1,0
2026-09-15,full,/ranking/single-mother-households,ranking,213206,37308,1028,0.3043,6124,0,0,,,,1,0
2026-09-15,full,/ranking/single-person-household-old-population-ratio,ranking,258241,131654,1081,0.2785,6505,0,0,,,,0,1
2026-09-15,full,/ranking/single-person-household-ratio,ranking,255413,129344,1062,0.2785,6556,0,0,,,,0,1
2026-09-15,full,/ranking/single-person-households,ranking,210342,36238,1022,0.3043,6383,0,0,,,,1,0
2026-09-15,full,/ranking/site-area-per-dwelling,ranking,271458,136402,1137,0.2644,5977,0,2,,,,0,2
2026-09-15,full,/ranking/sixth-industry-agriculture-entities,ranking,223613,102561,1054,0.2344,6539,0,0,,,,0,1
2026-09-15,full,/ranking/sixth-industry-agriculture-sales,ranking,224949,103662,1046,0.2344,6975,0,0,,,,0,1
2026-09-15,full,/ranking/skin-lotion-consumption-expenditure,ranking,288593,143046,1172,0.2614,4862,0,4,,,,0,2
2026-09-15,full,/ranking/skin-medicine-consumption-expenditure,ranking,300549,149851,1196,0.2614,6326,0,4,,,,0,2
2026-09-15,full,/ranking/skin-milk-consumption-expenditure,ranking,303794,151205,1191,0.2614,6306,0,4,,,,0,2
2026-09-15,full,/ranking/skirt-consumption-expenditure,ranking,303441,151229,1198,0.2614,6162,0,4,,,,0,2
2026-09-15,full,/ranking/skirt-consumption-quantity,ranking,303296,151363,1189,0.2614,6242,0,4,,,,0,2
2026-09-15,full,/ranking/sleep-avg-time-female,ranking,265299,134759,1112,0.236,6138,0,3,,,,0,2
2026-09-15,full,/ranking/sleep-avg-time-male,ranking,250847,126773,1080,0.2584,4732,0,3,,,,0,2
2026-09-15,full,/ranking/small-scale-farm-households,ranking,206435,92335,1017,0.2639,5206,0,0,,,,0,1
2026-09-15,full,/ranking/smartphone-ownership-multi-person-households-per-1000,ranking,278885,140703,1149,0.2299,6350,0,2,,,,0,2
2026-09-15,full,/ranking/smartphone-usage-rate-by-sex,ranking,281232,138248,1143,0.3053,5977,0,6,,,,1,1
2026-09-15,full,/ranking/smartphone-usage-students,ranking,267429,135757,1100,0.2235,6999,0,2,,,,0,2
2026-09-15,full,/ranking/smartphone-usage-time-by-age,ranking,300911,148657,1226,0.3053,7419,0,6,,,,1,1
2026-09-15,full,/ranking/smoke-emission-facility-count,ranking,275605,141637,1119,0.2078,6116,0,1,,,,0,2
2026-09-15,full,/ranking/snack-consumption-expenditure,ranking,301818,150439,1189,0.2614,6530,0,4,,,,0,2
2026-09-15,full,/ranking/soba-udon-dining-consumption-expenditure,ranking,302709,151638,1187,0.2614,6466,0,4,,,,0,2
2026-09-15,full,/ranking/social-education-expenses-prefecture,ranking,277421,143581,1129,0.2609,6038,0,2,,,,0,2
2026-09-15,full,/ranking/social-expense-consumption-expenditure,ranking,275826,141005,1108,0.2308,6513,0,0,,,,0,1
2026-09-15,full,/ranking/social-increase-rate,ranking,252939,127762,1082,0.2532,5838,0,0,,,,0,1
2026-09-15,full,/ranking/social-increase,ranking,196657,37237,995,0.2899,4659,0,0,,,,0,1
2026-09-15,full,/ranking/social-sports-facility,ranking,276950,140553,1144,0.2759,6059,0,2,,,,0,2
2026-09-15,full,/ranking/social-welfare-expenditure-ratio-pref-finance,ranking,260931,134538,1081,0.2651,6127,0,0,,,,0,1
2026-09-15,full,/ranking/social-welfare-expenses-prefecture,ranking,258615,132779,1084,0.25,6030,0,0,,,,0,1
2026-09-15,full,/ranking/software-engineer-annual-income,ranking,255809,128917,1093,0.2644,5108,0,3,,,,0,2
2026-09-15,full,/ranking/solar-panel-housing-rate,ranking,267547,136135,1097,0.2706,6496,0,2,,,,0,2
2026-09-15,full,/ranking/solar-power-housing,ranking,257876,129510,1087,0.2529,5190,0,2,,,,0,2
2026-09-15,full,/ranking/sole-proprietor-operating-profit,ranking,259831,131018,1090,0.2152,4911,0,2,,,,0,2
2026-09-15,full,/ranking/sole-proprietor-sales-per-worker,ranking,260506,131508,1081,0.2278,5163,0,2,,,,0,2
2026-09-15,full,/ranking/sole-proprietor-sales,ranking,275470,139018,1137,0.2152,6283,0,2,,,,0,2
2026-09-15,full,/ranking/soy-sauce-consumption-expenditure,ranking,285924,144717,1149,0.2561,6440,0,1,,,,0,2
2026-09-15,full,/ranking/soy-sauce-consumption-quantity,ranking,266626,134607,1103,0.2439,4791,0,1,,,,0,2
2026-09-15,full,/ranking/special-law-criminal-arrest-count-per-population,ranking,268036,37459,1104,0.2955,6179,0,0,,,,0,1
2026-09-15,full,/ranking/special-law-criminal-arrest-count,ranking,267886,137101,1093,0.25,6124,0,0,,,,0,1
2026-09-15,full,/ranking/special-support-school-expenses-prefecture,ranking,278827,36370,1131,0.2609,6179,0,2,,,,0,2
2026-09-15,full,/ranking/specialized-school-count-per-100k,ranking,306026,37321,1247,0.2925,5971,0,6,,,,0,2
2026-09-15,full,/ranking/specialized-school-count,ranking,303261,152054,1220,0.2755,6057,0,6,,,,0,2
2026-09-15,full,/ranking/specialized-school-students-per-1000,ranking,303627,150847,1246,0.2925,6067,0,6,,,,0,2
2026-09-15,full,/ranking/specialized-school-students,ranking,288423,37345,1172,0.2755,4818,0,6,,,,0,2
2026-09-15,full,/ranking/spinach-consumption-expenditure,ranking,271285,138580,1099,0.2308,6570,0,0,,,,0,1
2026-09-15,full,/ranking/spinach-consumption-quantity,ranking,274557,139986,1113,0.2308,6280,0,0,,,,0,1
2026-09-15,full,/ranking/sports-annual-participation-rate-10plus,ranking,271264,137955,1116,0.2414,6417,0,2,,,,0,2
2026-09-15,full,/ranking/sports-club-fee-consumption-expenditure,ranking,274683,140381,1110,0.2308,6534,0,0,,,,0,1
2026-09-15,full,/ranking/sports-drink-consumption-expenditure,ranking,302635,150128,1186,0.2614,6546,0,4,,,,0,2
2026-09-15,full,/ranking/sports-facility-count,ranking,273942,137022,1151,0.2529,6051,0,2,,,,0,2
2026-09-15,full,/ranking/sports-lesson-consumption-expenditure,ranking,276319,141455,1121,0.2308,6305,0,0,,,,0,1
2026-09-15,full,/ranking/sports-park-count-per-100km2,ranking,264906,133714,1117,0.2841,5917,0,0,,,,0,1
2026-09-15,full,/ranking/sports-park-count,ranking,267044,133340,1132,0.2674,6092,0,1,,,,0,2
2026-09-15,full,/ranking/sports-participation-rate-badminton,ranking,266463,135506,1098,0.2353,6267,0,2,,,,0,2
2026-09-15,full,/ranking/sports-participation-rate-baseball,ranking,251493,127656,1061,0.2235,4827,0,2,,,,0,2
2026-09-15,full,/ranking/sports-participation-rate-basketball,ranking,268743,137026,1104,0.2353,6563,0,2,,,,0,2
2026-09-15,full,/ranking/sports-participation-rate-bowling,ranking,268831,136930,1105,0.2353,6372,0,2,,,,0,2
2026-09-15,full,/ranking/sports-participation-rate-cycling,ranking,268790,136714,1107,0.2235,6333,0,2,,,,0,2
2026-09-15,full,/ranking/sports-participation-rate-fishing,ranking,267307,136145,1098,0.2235,6212,0,2,,,,0,2
2026-09-15,full,/ranking/sports-participation-rate-golf,ranking,251558,128028,1049,0.2235,4838,0,2,,,,0,2
2026-09-15,full,/ranking/sports-participation-rate-ground-golf,ranking,270864,137494,1120,0.2235,6416,0,2,,,,0,2
2026-09-15,full,/ranking/sports-participation-rate-gym-training,ranking,299996,149106,1194,0.2526,6784,0,6,,,,0,2
2026-09-15,full,/ranking/sports-participation-rate-hiking,ranking,272830,138754,1115,0.2471,6363,0,2,,,,0,2
2026-09-15,full,/ranking/sports-participation-rate-jogging,ranking,269999,137530,1111,0.2235,6518,0,2,,,,0,2
2026-09-15,full,/ranking/sports-participation-rate-judo,ranking,269607,137111,1107,0.2235,6261,0,2,,,,0,2
2026-09-15,full,/ranking/sports-participation-rate-kendo,ranking,267346,135934,1106,0.2353,6194,0,2,,,,0,2
2026-09-15,full,/ranking/sports-participation-rate-skiing,ranking,269219,136908,1101,0.2235,6764,0,2,,,,0,2
2026-09-15,full,/ranking/sports-participation-rate-soccer,ranking,250516,127283,1052,0.2235,4890,0,2,,,,0,2
2026-09-15,full,/ranking/sports-participation-rate-softball,ranking,267093,136071,1098,0.2353,6470,0,2,,,,0,2
2026-09-15,full,/ranking/sports-participation-rate-swimming,ranking,269552,137365,1103,0.2235,6316,0,2,,,,0,2
2026-09-15,full,/ranking/sports-participation-rate-table-tennis,ranking,269432,137029,1107,0.2235,6387,0,2,,,,0,2
2026-09-15,full,/ranking/sports-participation-rate-tennis,ranking,268804,136767,1096,0.2353,6429,0,2,,,,0,2
2026-09-15,full,/ranking/sports-participation-rate-volleyball,ranking,269402,137240,1106,0.2235,6375,0,2,,,,0,2
2026-09-15,full,/ranking/sports-participation-rate-walking,ranking,270225,137403,1102,0.2471,6852,0,2,,,,0,2
2026-09-15,full,/ranking/sports-participation-rate-yoga,ranking,250897,127397,1054,0.2235,4810,0,2,,,,0,2
2026-09-15,full,/ranking/sports-spectating-consumption-expenditure,ranking,272494,138450,1098,0.2308,6557,0,0,,,,0,1
2026-09-15,full,/ranking/sportswear-consumption-expenditure,ranking,305155,152494,1194,0.2614,6340,0,4,,,,0,2
2026-09-15,full,/ranking/spouse-income,ranking,275229,138313,1150,0.2809,6304,0,3,,,,0,2
2026-09-15,full,/ranking/squid-consumption-expenditure,ranking,300268,149170,1189,0.2614,6178,0,4,,,,0,2
2026-09-15,full,/ranking/squid-consumption-quantity,ranking,299870,37362,1186,0.2614,6049,0,4,,,,0,2
2026-09-15,full,/ranking/ss-pollution-load,ranking,253312,127966,1069,0.2113,5982,0,0,,,,0,1
2026-09-15,full,/ranking/standard-fiscal-demand-municipality,ranking,277320,143687,1132,0.2907,6166,0,0,,,,0,1
2026-09-15,full,/ranking/standard-fiscal-expenditure,ranking,276189,142403,1137,0.2907,6123,0,0,,,,0,1
2026-09-15,full,/ranking/standard-fiscal-revenue-municipality,ranking,278233,37426,1127,0.2907,6435,0,0,,,,0,1
2026-09-15,full,/ranking/standard-fiscal-revenue,ranking,277565,143924,1132,0.2907,6099,0,0,,,,0,1
2026-09-15,full,/ranking/standard-price-change-rate-commercial,ranking,273828,140438,1105,0.2353,6417,0,2,,,,0,2
2026-09-15,full,/ranking/standard-price-change-rate-industrial,ranking,276735,142115,1124,0.2353,6316,0,2,,,,0,2
2026-09-15,full,/ranking/standard-price-change-rate-residential,ranking,274772,141780,1116,0.2588,6322,0,2,,,,0,2
2026-09-15,full,/ranking/standardized-mortality-japanese,ranking,254025,129894,1064,0.2113,6251,0,0,,,,0,1
2026-09-15,full,/ranking/standardized-mortality-rate-per-1000,ranking,252489,129190,1059,0.2254,6123,0,0,,,,0,1
2026-09-15,full,/ranking/starting-salary-highschool,ranking,268383,136526,1115,0.2759,6145,0,3,,,,0,2
2026-09-15,full,/ranking/starting-salary-university,ranking,268840,136349,1115,0.2874,6294,0,3,,,,0,2
2026-09-15,full,/ranking/stillbirth-rate,ranking,257771,132703,1069,0.2278,5871,0,0,,,,0,1
2026-09-15,full,/ranking/stillbirths-after-22-weeks,ranking,214075,96135,1037,0.2609,6034,0,0,,,,0,1
2026-09-15,full,/ranking/stillbirths,ranking,217125,37142,1054,0.2609,5725,0,0,,,,0,1
2026-09-15,full,/ranking/stomach-medicine-consumption-expenditure,ranking,299329,149504,1213,0.2614,6358,0,4,,,,0,2
2026-09-15,full,/ranking/strawberry-consumption-expenditure,ranking,286027,141900,1138,0.2614,4859,0,4,,,,0,2
2026-09-15,full,/ranking/strawberry-consumption-quantity,ranking,301933,149574,1219,0.2614,6055,0,4,,,,0,2
2026-09-15,full,/ranking/study-desk-chair-consumption-expenditure,ranking,301722,149633,1217,0.2614,6547,0,4,,,,0,2
2026-09-15,full,/ranking/study-materials-consumption-expenditure,ranking,275404,140679,1122,0.2436,6302,0,0,,,,0,1
2026-09-15,full,/ranking/study-participation-rate-academic,ranking,268935,136482,1104,0.2235,6725,0,2,,,,0,2
2026-09-15,full,/ranking/study-participation-rate-arts-culture,ranking,268853,136547,1103,0.2235,6290,0,2,,,,0,2
2026-09-15,full,/ranking/study-participation-rate-business-skills,ranking,273200,139348,1117,0.2353,7004,0,2,,,,0,2
2026-09-15,full,/ranking/study-participation-rate-business,ranking,271302,138147,1117,0.2235,6543,0,2,,,,0,2
2026-09-15,full,/ranking/study-participation-rate-computer,ranking,299162,148600,1198,0.2526,6568,0,6,,,,0,2
2026-09-15,full,/ranking/study-participation-rate-english,ranking,268466,136413,1110,0.2235,6452,0,2,,,,0,2
2026-09-15,full,/ranking/study-participation-rate-foreign-language,ranking,269035,136998,1108,0.2353,6353,0,2,,,,0,2
2026-09-15,full,/ranking/study-participation-rate-home-economics,ranking,252521,128486,1056,0.2235,4974,0,2,,,,0,2
2026-09-15,full,/ranking/study-participation-rate-nursing-care,ranking,266064,135399,1092,0.2235,6364,0,2,,,,0,2
2026-09-15,full,/ranking/study-participation-rate-other-language,ranking,269940,137462,1101,0.2235,6739,0,2,,,,0,2
2026-09-15,full,/ranking/subcontractor-completed-construction,ranking,235980,109225,1091,0.2603,6156,0,2,,,,0,2
2026-09-15,full,/ranking/subsidy-expenses-prefecture,ranking,272634,140478,1112,0.2907,6253,0,0,,,,0,1
2026-09-15,full,/ranking/sugar-consumption-expenditure,ranking,297154,147726,1182,0.2614,6015,0,4,,,,0,2
2026-09-15,full,/ranking/sugar-consumption-quantity,ranking,299650,149099,1182,0.2614,6085,0,4,,,,0,2
2026-09-15,full,/ranking/suicide-count-65plus,ranking,227333,102928,1083,0.2533,6069,0,1,,,,0,2
2026-09-15,full,/ranking/suicide-count,ranking,233379,106865,1098,0.2632,5798,0,1,,,,0,2
2026-09-15,full,/ranking/suicide-rate-per-100k,ranking,272676,139839,1134,0.2209,5888,0,1,,,,0,2
2026-09-15,full,/ranking/suicides-per-100k,ranking,277733,142962,1140,0.2766,5835,0,1,,,,0,2
2026-09-15,full,/ranking/supplement-consumption-expenditure,ranking,300798,149573,1187,0.2614,6182,0,4,,,,0,2
2026-09-15,full,/ranking/sushi-dining-consumption-expenditure,ranking,275471,141049,1109,0.2308,6386,0,0,,,,0,1
2026-09-15,full,/ranking/sushi-takeout-consumption-expenditure,ranking,272920,139758,1104,0.2436,6303,0,0,,,,0,1
2026-09-15,full,/ranking/sweet-potato-consumption-expenditure,ranking,302321,150281,1190,0.2614,6409,0,4,,,,0,2
2026-09-15,full,/ranking/sweet-potato-consumption-quantity,ranking,283145,140380,1132,0.2614,4839,0,4,,,,0,2
2026-09-15,full,/ranking/swimming-pool-public,ranking,276724,140987,1112,0.2529,6363,0,2,,,,0,2
2026-09-15,full,/ranking/system-consultant-annual-income,ranking,276614,137932,1163,0.2759,6540,0,3,,,,0,2
2026-09-15,full,/ranking/table-salt-consumption-expenditure,ranking,280242,139667,1132,0.2614,4821,0,4,,,,0,2
2026-09-15,full,/ranking/table-salt-consumption-quantity,ranking,295981,147881,1181,0.2614,6102,0,4,,,,0,2
2026-09-15,full,/ranking/table-sofa-consumption-expenditure,ranking,299403,148825,1173,0.2614,6758,0,4,,,,0,2
2026-09-15,full,/ranking/tablet-ownership-multi-person-households-per-1000,ranking,278078,139990,1148,0.2299,6324,0,2,,,,0,2
2026-09-15,full,/ranking/tableware-consumption-expenditure,ranking,302236,151083,1190,0.2614,6534,0,4,,,,0,2
2026-09-15,full,/ranking/tableware-consumption-quantity,ranking,299834,149969,1185,0.2614,6391,0,4,,,,0,2
2026-09-15,full,/ranking/taro-consumption-expenditure,ranking,297461,148664,1187,0.2614,6347,0,4,,,,0,2
2026-09-15,full,/ranking/taro-consumption-quantity,ranking,295749,147635,1182,0.2614,6258,0,4,,,,0,2
2026-09-15,full,/ranking/tatami-per-dwelling-owner,ranking,275238,139046,1138,0.2644,6288,0,2,,,,0,2
2026-09-15,full,/ranking/tatami-per-dwelling-rented,ranking,274680,138596,1138,0.2414,6238,0,2,,,,0,2
2026-09-15,full,/ranking/tatami-per-person-owner,ranking,268423,136917,1113,0.2874,6066,0,2,,,,0,2
2026-09-15,full,/ranking/tatami-per-person-rented,ranking,268032,136663,1113,0.2644,6012,0,2,,,,0,2
2026-09-15,full,/ranking/tatami-replacement-consumption-expenditure,ranking,303651,151052,1196,0.2614,6431,0,4,,,,0,2
2026-09-15,full,/ranking/tatami-replacement-consumption-quantity,ranking,303295,150905,1196,0.2727,6304,0,4,,,,0,2
2026-09-15,full,/ranking/taxi-driver-annual-income,ranking,270205,136782,1131,0.2759,6392,0,3,,,,0,2
2026-09-15,full,/ranking/taxi-fare-consumption-expenditure,ranking,272265,139129,1099,0.2308,6685,0,0,,,,0,1
2026-09-15,full,/ranking/taxpayer-count-equal,ranking,267321,135739,1114,0.2195,6287,0,0,,,,0,1
2026-09-15,full,/ranking/taxpayer-count-income,ranking,238533,109718,1105,0.2597,5973,0,2,,,,0,2
2026-09-15,full,/ranking/taxpayer-ratio-per-pref-resident,ranking,269671,138476,1126,0.3,6053,0,0,,,,0,1
2026-09-15,full,/ranking/tea-drink-consumption-expenditure,ranking,272674,139151,1106,0.2436,6178,0,0,,,,0,1
2026-09-15,full,/ranking/telephone-subscription-count-per-1000,ranking,282283,142613,1167,0.3125,6001,0,2,,,,1,1
2026-09-15,full,/ranking/telephone-subscription-count,ranking,283872,144828,1157,0.3256,5980,0,2,,,,1,1
2026-09-15,full,/ranking/television-consumption-expenditure,ranking,302841,150891,1191,0.2614,6187,0,4,,,,0,2
2026-09-15,full,/ranking/television-consumption-quantity,ranking,302704,150766,1197,0.2727,5990,0,4,,,,0,2
2026-09-15,full,/ranking/telework-rate,ranking,268795,135855,1118,0.2414,6205,0,3,,,,0,2
2026-09-15,full,/ranking/tempura-fry-consumption-expenditure,ranking,303422,151581,1177,0.2614,6390,0,4,,,,0,2
2026-09-15,full,/ranking/tennis-court-public,ranking,272725,136930,1129,0.2759,6323,0,2,,,,0,2
2026-09-15,full,/ranking/tertiary-activity-avg-time-employed-female,ranking,270254,137032,1133,0.236,6168,0,3,,,,0,2
2026-09-15,full,/ranking/tertiary-activity-avg-time-employed-male,ranking,267871,135556,1121,0.2697,6404,0,3,,,,0,2
2026-09-15,full,/ranking/tertiary-activity-avg-time-unemployed-female,ranking,270305,137233,1133,0.2472,6163,0,3,,,,0,2
2026-09-15,full,/ranking/tertiary-activity-avg-time-unemployed-male,ranking,269872,137112,1116,0.236,6475,0,3,,,,0,2
2026-09-15,full,/ranking/tertiary-industry-employees-per-establishment-census,ranking,260356,131224,1101,0.236,4970,0,3,,,,0,2
2026-09-15,full,/ranking/tertiary-industry-employees-per-establishment,ranking,275923,139111,1156,0.2472,6182,0,3,,,,0,2
2026-09-15,full,/ranking/tertiary-industry-establishment-ratio-census,ranking,271290,138615,1108,0.2414,6741,0,2,,,,0,2
2026-09-15,full,/ranking/tertiary-industry-establishment-ratio,ranking,272015,138334,1129,0.2299,6313,0,2,,,,0,2
2026-09-15,full,/ranking/textbook-consumption-expenditure,ranking,302303,150154,1194,0.2614,6480,0,4,,,,0,2
2026-09-15,full,/ranking/textbooks-consumption-expenditure,ranking,304295,150675,1226,0.2614,6109,0,4,,,,0,2
2026-09-15,full,/ranking/theater-music-hall,ranking,301580,147653,1210,0.2784,6286,0,6,,,,0,2
2026-09-15,full,/ranking/theft-criminal-arrest-rate,ranking,256122,131419,1058,0.2785,5969,0,0,,,,0,1
2026-09-15,full,/ranking/theft-offenses-recognized-per-1000,ranking,262504,134078,1091,0.3068,6061,0,0,,,,1,0
2026-09-15,full,/ranking/theft-offenses-recognized,ranking,266652,135972,1078,0.275,6343,0,0,,,,0,1
2026-09-15,full,/ranking/tissue-paper-consumption-expenditure,ranking,301388,150636,1188,0.2614,6579,0,4,,,,0,2
2026-09-15,full,/ranking/tobacco-consumption-expenditure,ranking,300442,149233,1175,0.2614,6464,0,4,,,,0,2
2026-09-15,full,/ranking/tofu-consumption-expenditure,ranking,281757,139810,1163,0.2727,4790,0,4,,,,0,2
2026-09-15,full,/ranking/tofu-consumption-quantity,ranking,300569,150082,1198,0.2614,6095,0,4,,,,0,2
2026-09-15,full,/ranking/toilet-paper-consumption-expenditure,ranking,301198,150548,1182,0.2841,6534,0,4,,,,0,2
2026-09-15,full,/ranking/toll-road-fee-consumption-expenditure,ranking,274434,140212,1113,0.2308,6237,0,0,,,,0,1
2026-09-15,full,/ranking/tomato-consumption-expenditure,ranking,284052,141246,1133,0.2614,4843,0,4,,,,0,2
2026-09-15,full,/ranking/tomato-consumption-quantity,ranking,301257,150180,1182,0.2614,6242,0,4,,,,0,2
2026-09-15,full,/ranking/toothbrush-consumption-expenditure,ranking,286689,141999,1167,0.2614,4898,0,4,,,,0,2
2026-09-15,full,/ranking/toothpaste-consumption-expenditure,ranking,282981,140714,1147,0.2727,4857,0,4,,,,0,2
2026-09-15,full,/ranking/total-administrative-investment,ranking,273897,141306,1111,0.2439,6503,0,0,,,,0,1
2026-09-15,full,/ranking/total-area-excluding-northern-territories-and-takeshima,ranking,261716,134187,1078,0.3253,6025,0,0,,,,1,0
2026-09-15,full,/ranking/total-area-including-northern-territories-and-takeshima,ranking,252799,129842,1057,0.3253,6044,0,0,,,,1,0
2026-09-15,full,/ranking/total-assessed-land-area-ratio-field,ranking,264004,135597,1101,0.2375,6069,0,0,,,,0,1
2026-09-15,full,/ranking/total-assessed-land-area-ratio-paddy,ranking,270250,141087,1103,0.2375,6071,0,0,,,,0,1
2026-09-15,full,/ranking/total-assessed-land-area-ratio-residential,ranking,273378,141187,1119,0.2706,6084,0,2,,,,0,2
2026-09-15,full,/ranking/total-assessed-land-area-ratio,ranking,245172,126218,1032,0.2759,4815,0,0,,,,0,1
2026-09-15,full,/ranking/total-assessed-land-area,ranking,273348,141177,1114,0.2125,6302,0,0,,,,0,1
2026-09-15,full,/ranking/total-expenditure-prefecture,ranking,234813,108863,1100,0.3247,6077,0,0,,,,1,0
2026-09-15,full,/ranking/total-farm-household-income,ranking,267221,135926,1110,0.2625,5930,0,0,,,,0,1
2026-09-15,full,/ranking/total-fertility-rate,ranking,264047,135804,1092,0.2875,6258,0,0,,,,0,1
2026-09-15,full,/ranking/total-general-project-investment,ranking,276995,143351,1132,0.2561,6202,0,0,,,,0,1
2026-09-15,full,/ranking/total-inpatients,ranking,219327,99621,1051,0.2899,5967,0,0,,,,0,1
2026-09-15,full,/ranking/total-museum-count,ranking,254605,126323,1092,0.2747,4662,0,2,,,,0,2
2026-09-15,full,/ranking/total-outpatients,ranking,221865,101704,1051,0.2899,5974,0,0,,,,0,1
2026-09-15,full,/ranking/total-overnight-guests-foreign,ranking,272624,138952,1118,0.2716,6317,0,2,,,,0,2
2026-09-15,full,/ranking/total-overnight-guests,ranking,274337,140200,1117,0.2593,6216,0,2,,,,0,2
2026-09-15,full,/ranking/total-population,ranking,220944,101061,1055,0.3151,5788,0,0,,,,1,0
2026-09-15,full,/ranking/total-production-in-the-prefecture,ranking,233330,105913,1105,0.2857,6089,0,2,,,,0,2
2026-09-15,full,/ranking/total-public-enterprise-investment,ranking,276977,143467,1128,0.2439,6201,0,0,,,,0,1
2026-09-15,full,/ranking/total-revenue-prefecture,ranking,277732,37336,1138,0.3023,6055,0,0,,,,1,0
2026-09-15,full,/ranking/towel-consumption-expenditure,ranking,301507,150243,1196,0.2614,6096,0,4,,,,0,2
2026-09-15,full,/ranking/traffic-accident-casualties-elderly-65plus,ranking,280931,143516,1143,0.2471,6428,0,1,,,,0,2
2026-09-15,full,/ranking/traffic-accident-casualties-per-100-accidents,ranking,279904,143319,1137,0.2442,6192,0,1,,,,0,2
2026-09-15,full,/ranking/traffic-accident-casualties-per-population,ranking,281161,143724,1145,0.2872,6169,0,1,,,,0,2
2026-09-15,full,/ranking/traffic-accident-count-per-1000-km,ranking,280472,142774,1148,0.2637,6139,0,1,,,,0,2
2026-09-15,full,/ranking/traffic-accident-count-per-population,ranking,276825,141905,1137,0.2842,6142,0,1,,,,0,2
2026-09-15,full,/ranking/traffic-accident-count,ranking,283332,144659,1156,0.2529,6068,0,1,,,,0,2
2026-09-15,full,/ranking/traffic-accident-death-by-age,ranking,294991,146673,1181,0.2903,6830,0,5,,,,0,2
2026-09-15,full,/ranking/traffic-accident-deaths-per-100-accidents,ranking,276409,142301,1129,0.2907,6135,0,1,,,,0,2
2026-09-15,full,/ranking/traffic-accident-deaths-per-100k,ranking,278123,143174,1137,0.2872,6032,0,1,,,,0,2
2026-09-15,full,/ranking/traffic-accident-injuries-per-100k,ranking,276112,141278,1143,0.2872,6128,0,1,,,,0,2
2026-09-15,full,/ranking/traffic-accident-injuries,ranking,280164,143326,1132,0.2791,6257,0,1,,,,0,2
2026-09-15,full,/ranking/traffic-safety-special-grant-prefecture,ranking,259254,132206,1075,0.2697,5070,0,1,,,,0,2
2026-09-15,full,/ranking/train-commuter-pass-consumption-expenditure,ranking,272915,139398,1103,0.2436,6342,0,0,,,,0,1
2026-09-15,full,/ranking/train-fare-consumption-expenditure,ranking,274205,140398,1113,0.2564,6170,0,0,,,,0,1
2026-09-15,full,/ranking/train-student-pass-consumption-expenditure,ranking,273116,139256,1105,0.2308,6446,0,0,,,,0,1
2026-09-15,full,/ranking/training-gym-public,ranking,273696,137613,1141,0.2529,6284,0,2,,,,0,2
2026-09-15,full,/ranking/transport-communication-expenditure-ratio-multi-person-households,ranking,272360,139752,1105,0.2874,6497,0,2,,,,0,2
2026-09-15,full,/ranking/transport-communication-expenditure-total,ranking,226097,105339,1048,0.2647,6269,0,0,,,,0,1
2026-09-15,full,/ranking/travel-bag-consumption-expenditure,ranking,303221,150020,1206,0.2614,6550,0,4,,,,0,2
2026-09-15,full,/ranking/travel-bag-consumption-quantity,ranking,286306,142316,1137,0.2614,4896,0,4,,,,0,2
2026-09-15,full,/ranking/travel-leisure-annual-participation-rate-10plus,ranking,252995,128479,1063,0.2644,5067,0,2,,,,0,2
2026-09-15,full,/ranking/travel-leisure-annual-participation-rate-15plus,ranking,269862,137729,1117,0.2529,6365,0,2,,,,0,2
2026-09-15,full,/ranking/travel-participation-rate-day-trip,ranking,266676,136372,1098,0.2706,6296,0,2,,,,0,2
2026-09-15,full,/ranking/travel-participation-rate-domestic-tourism,ranking,266764,136284,1087,0.2588,6684,0,2,,,,0,2
2026-09-15,full,/ranking/travel-participation-rate-domestic,ranking,247333,126207,1038,0.2588,4885,0,2,,,,0,2
2026-09-15,full,/ranking/travel-participation-rate-homecoming,ranking,248899,126966,1041,0.2471,5123,0,2,,,,0,2
2026-09-15,full,/ranking/travel-participation-rate-overnight,ranking,266180,135861,1079,0.2353,6608,0,2,,,,0,2
2026-09-15,full,/ranking/travel-participation-rate-overseas,ranking,267132,136274,1104,0.2353,6266,0,2,,,,0,2
2026-09-15,full,/ranking/treatment-rate-arthrosis-inpatient,ranking,261059,130699,1106,0.2727,6457,0,0,,,,0,1
2026-09-15,full,/ranking/treatment-rate-arthrosis-outpatient,ranking,261212,131039,1104,0.2468,6537,0,0,,,,0,1
2026-09-15,full,/ranking/treatment-rate-asthma-inpatient,ranking,261982,130865,1107,0.2208,6725,0,0,,,,0,1
2026-09-15,full,/ranking/treatment-rate-asthma-outpatient,ranking,260398,130545,1096,0.2208,6480,0,0,,,,0,1
2026-09-15,full,/ranking/treatment-rate-cancer-inpatient,ranking,261753,130692,1098,0.2338,6886,0,0,,,,0,1
2026-09-15,full,/ranking/treatment-rate-cancer-outpatient,ranking,261580,130923,1092,0.2208,7042,0,0,,,,0,1
2026-09-15,full,/ranking/treatment-rate-cerebrovascular-inpatient,ranking,242943,121500,1046,0.2597,5261,0,0,,,,0,1
2026-09-15,full,/ranking/treatment-rate-cerebrovascular-outpatient,ranking,261893,131343,1094,0.2338,6908,0,0,,,,0,1
2026-09-15,full,/ranking/treatment-rate-circulatory-inpatient,ranking,264379,132350,1102,0.2468,7014,0,0,,,,0,1
2026-09-15,full,/ranking/treatment-rate-circulatory-outpatient,ranking,263256,132334,1103,0.2468,6686,0,0,,,,0,1
2026-09-15,full,/ranking/treatment-rate-diabetes-inpatient,ranking,260454,130209,1099,0.2597,6597,0,0,,,,0,1
2026-09-15,full,/ranking/treatment-rate-diabetes-outpatient,ranking,261192,131104,1093,0.2208,6638,0,0,,,,0,1
2026-09-15,full,/ranking/treatment-rate-hypertension-inpatient,ranking,258747,129164,1088,0.2468,6839,0,0,,,,0,1
2026-09-15,full,/ranking/treatment-rate-hypertension-outpatient,ranking,244087,122591,1044,0.2338,5291,0,0,,,,0,1
2026-09-15,full,/ranking/treatment-rate-mental-disorder-inpatient,ranking,264492,132714,1096,0.2468,7020,0,0,,,,0,1
2026-09-15,full,/ranking/treatment-rate-mental-disorder-outpatient,ranking,261436,130980,1094,0.2338,6788,0,0,,,,0,1
2026-09-15,full,/ranking/treatment-rate-mood-disorder-inpatient,ranking,245383,122596,1048,0.2338,5517,0,0,,,,0,1
2026-09-15,full,/ranking/treatment-rate-mood-disorder-outpatient,ranking,257678,130850,1064,0.2338,7038,0,0,,,,0,1
2026-09-15,full,/ranking/treatment-rate-musculoskeletal-inpatient,ranking,263972,132333,1109,0.2597,7004,0,0,,,,0,1
2026-09-15,full,/ranking/treatment-rate-musculoskeletal-outpatient,ranking,261962,131418,1086,0.2468,7336,0,0,,,,0,1
2026-09-15,full,/ranking/treatment-rate-neurosis-inpatient,ranking,260933,130140,1090,0.2597,7199,0,0,,,,0,1
2026-09-15,full,/ranking/treatment-rate-neurosis-outpatient,ranking,262608,131444,1088,0.2338,7443,0,0,,,,0,1
2026-09-15,full,/ranking/treatment-rate-osteoporosis-inpatient,ranking,265070,132627,1111,0.2338,7375,0,0,,,,0,1
2026-09-15,full,/ranking/treatment-rate-osteoporosis-outpatient,ranking,266604,133689,1092,0.2338,7635,0,0,,,,0,1
2026-09-15,full,/ranking/treatment-rate-schizophrenia-inpatient,ranking,262510,131633,1089,0.2468,6867,0,0,,,,0,1
2026-09-15,full,/ranking/treatment-rate-schizophrenia-outpatient,ranking,245528,122392,1052,0.2597,5253,0,0,,,,0,1
2026-09-15,full,/ranking/truck-driver-annual-income,ranking,273485,137793,1147,0.2759,6627,0,3,,,,0,2
2026-09-15,full,/ranking/truck-operators,ranking,229918,106269,1073,0.2537,5945,0,2,,,,0,2
2026-09-15,full,/ranking/tsuyu-tare-consumption-expenditure,ranking,300596,150004,1176,0.2614,6540,0,4,,,,0,2
2026-09-15,full,/ranking/tuition-consumption-expenditure,ranking,269860,137758,1100,0.2308,6378,0,0,,,,0,1
2026-09-15,full,/ranking/tuna-consumption-expenditure,ranking,297893,148489,1174,0.2727,6339,0,4,,,,0,2
2026-09-15,full,/ranking/tuna-consumption-quantity,ranking,298511,37272,1184,0.2614,6022,0,4,,,,0,2
2026-09-15,full,/ranking/turnover-rate,ranking,269079,135215,1144,0.2584,5704,0,3,,,,0,2
2026-09-15,full,/ranking/umbrella-consumption-expenditure,ranking,271865,139016,1096,0.2308,6345,0,0,,,,0,1
2026-09-15,full,/ranking/umbrella-consumption-quantity,ranking,256078,130851,1056,0.2308,4682,0,0,,,,0,1
2026-09-15,full,/ranking/unemployment-measures-expenses-prefecture,ranking,281291,37302,1164,0.2796,6379,0,3,,,,0,2
2026-09-15,full,/ranking/unemployment-rate,ranking,275043,138283,1179,0.2333,5842,0,3,,,,0,2
2026-09-15,full,/ranking/university-capacity-index,ranking,278778,142008,1140,0.2529,6064,0,2,,,,0,2
2026-09-15,full,/ranking/university-count-per-100k,ranking,277484,139405,1162,0.2813,5800,0,2,,,,0,2
2026-09-15,full,/ranking/university-count,ranking,281063,37155,1161,0.25,5766,0,2,,,,0,2
2026-09-15,full,/ranking/university-graduates-job-ratio,ranking,276929,142567,1108,0.2644,6696,0,2,,,,0,2
2026-09-15,full,/ranking/university-new-graduates-unemployment-rate,ranking,271994,139802,1102,0.2529,6620,0,2,,,,0,2
2026-09-15,full,/ranking/university-professor-annual-income,ranking,275734,138094,1146,0.2471,6465,0,2,,,,0,2
2026-09-15,full,/ranking/unmarried-ratio-female-25-29,ranking,250736,126836,1066,0.2771,6211,0,0,,,,0,1
2026-09-15,full,/ranking/unmarried-ratio-female-30-34,ranking,251356,127192,1065,0.2771,6290,0,0,,,,0,1
2026-09-15,full,/ranking/unmarried-ratio-female-35-39,ranking,234844,118635,1023,0.2771,4696,0,0,,,,0,1
2026-09-15,full,/ranking/unmarried-ratio-female-40-44,ranking,253526,128437,1077,0.2771,6081,0,0,,,,0,1
2026-09-15,full,/ranking/unmarried-ratio-female-45-49,ranking,251497,127339,1066,0.2771,6208,0,0,,,,0,1
2026-09-15,full,/ranking/unmarried-ratio-male-25-29,ranking,252560,127751,1082,0.2771,5910,0,0,,,,0,1
2026-09-15,full,/ranking/unmarried-ratio-male-30-34,ranking,252114,127440,1083,0.2892,5899,0,0,,,,0,1
2026-09-15,full,/ranking/unmarried-ratio-male-35-39,ranking,252375,127662,1082,0.2892,5891,0,0,,,,0,1
2026-09-15,full,/ranking/unmarried-ratio-male-40-44,ranking,252380,127621,1083,0.2892,5898,0,0,,,,0,1
2026-09-15,full,/ranking/unmarried-ratio-male-45-49,ranking,254680,129109,1077,0.2892,6289,0,0,,,,0,1
2026-09-15,full,/ranking/urban-park-area-per-person,ranking,281032,142875,1162,0.2917,5962,0,2,,,,0,2
2026-09-15,full,/ranking/urban-park-count-per-100km2,ranking,264566,133993,1113,0.3182,5932,0,0,,,,1,0
2026-09-15,full,/ranking/urban-parks-area,ranking,278478,141766,1146,0.25,5988,0,2,,,,0,2
2026-09-15,full,/ranking/urban-parks,ranking,274421,139470,1145,0.2907,5876,0,1,,,,0,2
2026-09-15,full,/ranking/urban-planning-area,ranking,271682,137470,1139,0.2706,6167,0,1,,,,0,2
2026-09-15,full,/ranking/urban-planning-expenses-prefecture,ranking,274614,141846,1120,0.3023,6319,0,0,,,,1,0
2026-09-15,full,/ranking/urbanization-control-area-ratio,ranking,268041,136642,1110,0.2644,6201,0,2,,,,0,2
2026-09-15,full,/ranking/usage-fees-prefecture,ranking,272799,140842,1119,0.2907,6217,0,0,,,,0,1
2026-09-15,full,/ranking/utilities-expenditure-ratio-multi-person-households,ranking,268360,136315,1115,0.2759,6174,0,2,,,,0,2
2026-09-15,full,/ranking/utilities-expenditure-total,ranking,225013,36268,1048,0.2647,6220,0,0,,,,0,1
2026-09-15,full,/ranking/vacant-housing-rate,ranking,267766,136121,1104,0.2235,6170,0,2,,,,0,2
2026-09-15,full,/ranking/vacant-housing-ratio,ranking,277549,140778,1173,0.2727,5875,0,2,,,,0,2
2026-09-15,full,/ranking/vaccination-recipients-disease,ranking,251891,127886,1047,0.2208,6782,0,0,,,,0,1
2026-09-15,full,/ranking/vacuum-cleaner-consumption-expenditure,ranking,302261,150589,1194,0.2614,6231,0,4,,,,0,2
2026-09-15,full,/ranking/vacuum-cleaner-consumption-quantity,ranking,302443,150883,1191,0.2614,6185,0,4,,,,0,2
2026-09-15,full,/ranking/vegetable-cultivation-area,ranking,276204,138943,1134,0.2558,6631,0,2,,,,0,2
2026-09-15,full,/ranking/vegetable-seaweed-tsukudani-consumption-expenditure,ranking,299311,150103,1176,0.2614,6740,0,4,,,,0,2
2026-09-15,full,/ranking/vehicle-kilometers-traveled,ranking,273035,138232,1135,0.2414,6172,0,2,,,,0,2
2026-09-15,full,/ranking/vet-fee-consumption-expenditure,ranking,272672,139251,1099,0.2308,6529,0,0,,,,0,1
2026-09-15,full,/ranking/video-recorder-consumption-expenditure,ranking,298941,149227,1196,0.2614,6774,0,4,,,,0,2
2026-09-15,full,/ranking/video-recorder-consumption-quantity,ranking,298860,149471,1196,0.2614,6647,0,4,,,,0,2
2026-09-15,full,/ranking/vinegar-consumption-expenditure,ranking,253248,128502,1055,0.2308,4780,0,0,,,,0,1
2026-09-15,full,/ranking/vinegar-consumption-quantity,ranking,272184,139162,1103,0.2436,5905,0,0,,,,0,1
2026-09-15,full,/ranking/violent-crime-per-100k,ranking,265726,135502,1096,0.2532,6009,0,0,,,,0,1
2026-09-15,full,/ranking/vocational-school-consumption-expenditure,ranking,297015,148664,1194,0.2614,6381,0,4,,,,0,2
2026-09-15,full,/ranking/vocational-training-expenses-prefecture,ranking,277449,144443,1123,0.3023,6288,0,0,,,,1,0
2026-09-15,full,/ranking/voluntary-car-insurance-rate-bodily-injury,ranking,231018,109343,1046,0.2533,6326,0,1,,,,0,2
2026-09-15,full,/ranking/voluntary-car-insurance-rate-property,ranking,230265,108903,1044,0.28,6408,0,1,,,,0,2
2026-09-15,full,/ranking/voluntary-car-insurance-rate-vehicle,ranking,231634,109551,1052,0.2933,6497,0,1,,,,0,2
2026-09-15,full,/ranking/volunteer-activity-annual-participation-rate-10plus,ranking,274668,139810,1120,0.2299,6758,0,2,,,,0,2
2026-09-15,full,/ranking/volunteer-activity-annual-participation-rate-15plus,ranking,272922,138907,1113,0.2414,6796,0,2,,,,0,2
2026-09-15,full,/ranking/voter-list-registrants,ranking,269191,138163,1113,0.1806,6162,0,0,,,,0,1
2026-09-15,full,/ranking/voter-turnout-city-assembly,ranking,262985,134419,1102,0.2308,6381,0,0,,,,0,1
2026-09-15,full,/ranking/voter-turnout-council-district,ranking,268165,138551,1089,0.2564,6667,0,0,,,,0,1
2026-09-15,full,/ranking/voter-turnout-council-proportional,ranking,250017,128948,1044,0.2436,5193,0,0,,,,0,1
2026-09-15,full,/ranking/voter-turnout-governor,ranking,213111,95252,1051,0.25,6436,0,0,,,,0,1
2026-09-15,full,/ranking/voter-turnout-house-proportional,ranking,249689,128490,1046,0.2564,5183,0,0,,,,0,1
2026-09-15,full,/ranking/voter-turnout-house-single,ranking,267134,137460,1102,0.2692,6527,0,0,,,,0,1
2026-09-15,full,/ranking/voter-turnout-mayor,ranking,254134,128278,1078,0.2051,6435,0,0,,,,0,1
2026-09-15,full,/ranking/voter-turnout-pref-assembly,ranking,257425,130563,1084,0.2308,6522,0,0,,,,0,1
2026-09-15,full,/ranking/wakame-consumption-expenditure,ranking,284475,141182,1137,0.2841,4834,0,4,,,,0,2
2026-09-15,full,/ranking/wakame-consumption-quantity,ranking,301239,149086,1211,0.2614,6194,0,4,,,,0,2
2026-09-15,full,/ranking/washing-machine-consumption-expenditure,ranking,296254,37467,1196,0.2614,6242,0,4,,,,0,2
2026-09-15,full,/ranking/washing-machine-consumption-quantity,ranking,296672,149110,1196,0.2614,6152,0,4,,,,0,2
2026-09-15,full,/ranking/waste-recycling-rate,ranking,252981,128682,1057,0.2532,6098,0,0,,,,0,1
2026-09-15,full,/ranking/water-pollution-control-law-facility-count,ranking,274767,141803,1103,0.1867,6742,0,1,,,,0,2
2026-09-15,full,/ranking/water-sewer-consumption-expenditure,ranking,272410,139600,1108,0.2436,6242,0,0,,,,0,1
2026-09-15,full,/ranking/water-supply-annual-volume,ranking,257234,129584,1081,0.2597,6392,0,0,,,,0,1
2026-09-15,full,/ranking/water-supply-capacity,ranking,257276,130102,1073,0.2597,6376,0,0,,,,0,1
2026-09-15,full,/ranking/water-supply-population-ratio-2012on,ranking,251030,127892,1056,0.2405,6186,0,0,,,,0,1
2026-09-15,full,/ranking/water-supply-population-ratio-pre2011,ranking,250881,127337,1051,0.2593,6341,0,0,,,,0,1
2026-09-15,full,/ranking/water-supply-population,ranking,255783,129186,1073,0.2597,6291,0,0,,,,0,1
2026-09-15,full,/ranking/watermelon-consumption-expenditure,ranking,301668,37385,1190,0.2614,6437,0,4,,,,0,2
2026-09-15,full,/ranking/watermelon-consumption-quantity,ranking,301233,149786,1184,0.2614,5979,0,4,,,,0,2
2026-09-15,full,/ranking/wedding-expense-consumption-expenditure,ranking,274476,139630,1113,0.2436,6652,0,0,,,,0,1
2026-09-15,full,/ranking/welfare-commissioner-consultations-per-person,ranking,282296,143918,1149,0.2637,6572,0,2,,,,0,2
2026-09-15,full,/ranking/welfare-commissioner-count-per-100k,ranking,281367,144035,1154,0.2737,5981,0,2,,,,0,2
2026-09-15,full,/ranking/welfare-expenditure-ratio-pref-finance,ranking,267812,37373,1122,0.2907,6003,0,0,,,,0,1
2026-09-15,full,/ranking/welfare-expenditure,ranking,269367,137277,1113,0.3023,6353,0,0,,,,1,0
2026-09-15,full,/ranking/welfare-expense-municipal,ranking,229332,106821,1071,0.3289,6240,0,0,,,,1,0
2026-09-15,full,/ranking/welfare-expenses-prefecture,ranking,279146,144164,1145,0.2989,5906,0,0,,,,0,1
2026-09-15,full,/ranking/welfare-facilities-count-per-100k-on-assistance,ranking,265048,134936,1099,0.253,6010,0,0,,,,0,1
2026-09-15,full,/ranking/welfare-facility-staff-per-1000-on-assistance,ranking,260902,37447,1098,0.253,6159,0,0,,,,0,1
2026-09-15,full,/ranking/welfare-office-intellectual-disability-consultations-per-100k,ranking,266423,134276,1112,0.2841,6661,0,0,,,,0,1
2026-09-15,full,/ranking/welfare-office-intellectual-disability-consultations,ranking,268909,136603,1108,0.2375,6594,0,0,,,,0,1
2026-09-15,full,/ranking/welfare-office-public-assistance-applications-per-1000-households,ranking,267561,136807,1097,0.2405,6524,0,0,,,,0,1
2026-09-15,full,/ranking/western-food-dining-consumption-expenditure,ranking,286514,143159,1141,0.2614,4871,0,4,,,,0,2
2026-09-15,full,/ranking/wheat-flour-consumption-expenditure,ranking,302056,150441,1175,0.2614,6544,0,4,,,,0,2
2026-09-15,full,/ranking/wheat-flour-consumption-quantity,ranking,302483,150241,1186,0.2614,6296,0,4,,,,0,2
2026-09-15,full,/ranking/whisky-consumption-expenditure,ranking,283998,141060,1136,0.2614,4914,0,4,,,,0,2
2026-09-15,full,/ranking/whisky-consumption-quantity,ranking,301323,149840,1187,0.2614,6212,0,4,,,,0,2
2026-09-15,full,/ranking/white-bread-consumption-expenditure,ranking,302795,150439,1189,0.2614,6159,0,4,,,,0,2
2026-09-15,full,/ranking/white-bread-consumption-quantity,ranking,304648,151331,1208,0.2614,6400,0,4,,,,0,2
2026-09-15,full,/ranking/whitebait-consumption-expenditure,ranking,297810,148553,1182,0.2614,6378,0,4,,,,0,2
2026-09-15,full,/ranking/whitebait-consumption-quantity,ranking,300037,149117,1214,0.2727,6480,0,4,,,,0,2
2026-09-15,full,/ranking/wholesale-annual-sales-amount,ranking,236189,108230,1086,0.284,6613,0,2,,,,0,2
2026-09-15,full,/ranking/widowed-ratio-female-60plus,ranking,253946,129350,1076,0.3012,5909,0,0,,,,1,0
2026-09-15,full,/ranking/widowed-ratio-male-60plus,ranking,251064,127431,1058,0.2892,6159,0,0,,,,0,1
2026-09-15,full,/ranking/wind-power-capacity,ranking,269015,134457,1129,0.2785,6349,0,2,,,,0,2
2026-09-15,full,/ranking/wind-power-turbine-count,ranking,266965,132943,1116,0.2658,6607,0,2,,,,0,2
2026-09-15,full,/ranking/wine-consumption-expenditure,ranking,283866,140870,1140,0.2614,4829,0,4,,,,0,2
2026-09-15,full,/ranking/wine-consumption-quantity,ranking,299946,148282,1219,0.2614,6074,0,4,,,,0,2
2026-09-15,full,/ranking/womens-clothing-consumption-expenditure,ranking,280600,142556,1133,0.2439,6499,0,1,,,,0,2
2026-09-15,full,/ranking/womens-coat-consumption-expenditure,ranking,299620,149954,1195,0.2614,6282,0,4,,,,0,2
2026-09-15,full,/ranking/womens-coat-consumption-quantity,ranking,298800,149876,1196,0.2727,6157,0,4,,,,0,2
2026-09-15,full,/ranking/womens-dress-consumption-expenditure,ranking,302487,150553,1225,0.2614,6114,0,4,,,,0,2
2026-09-15,full,/ranking/womens-dress-consumption-quantity,ranking,301986,150817,1189,0.2614,6400,0,4,,,,0,2
2026-09-15,full,/ranking/womens-foundation-garment-consumption-expenditure,ranking,277427,142196,1108,0.2308,6801,0,0,,,,0,1
2026-09-15,full,/ranking/womens-jacket-consumption-expenditure,ranking,273077,139656,1109,0.2308,6358,0,0,,,,0,1
2026-09-15,full,/ranking/womens-jacket-consumption-quantity,ranking,275381,141004,1122,0.2436,6113,0,0,,,,0,1
2026-09-15,full,/ranking/womens-pants-consumption-expenditure,ranking,296915,149563,1194,0.2727,6409,0,4,,,,0,2
2026-09-15,full,/ranking/womens-pants-consumption-quantity,ranking,297061,149430,1226,0.2614,6270,0,4,,,,0,2
2026-09-15,full,/ranking/womens-shoes-consumption-expenditure,ranking,302992,150469,1226,0.2614,6118,0,4,,,,0,2
2026-09-15,full,/ranking/womens-shoes-consumption-quantity,ranking,300890,149714,1212,0.2841,6125,0,4,,,,0,2
2026-09-15,full,/ranking/womens-sleepwear-consumption-expenditure,ranking,284720,144401,1156,0.2561,6292,0,1,,,,0,2
2026-09-15,full,/ranking/womens-socks-consumption-expenditure,ranking,303069,151409,1194,0.2614,6331,0,4,,,,0,2
2026-09-15,full,/ranking/womens-socks-consumption-quantity,ranking,285641,142439,1142,0.2614,4936,0,4,,,,0,2
2026-09-15,full,/ranking/womens-stockings-consumption-expenditure,ranking,289578,145654,1167,0.25,6664,0,2,,,,0,2
2026-09-15,full,/ranking/womens-stockings-consumption-quantity,ranking,290253,146433,1156,0.2619,6587,0,2,,,,0,2
2026-09-15,full,/ranking/womens-sweater-consumption-expenditure,ranking,257049,131540,1063,0.2308,5033,0,0,,,,0,1
2026-09-15,full,/ranking/womens-sweater-consumption-quantity,ranking,275134,141076,1118,0.2436,6211,0,0,,,,0,1
2026-09-15,full,/ranking/wooden-housing-ratio,ranking,266708,135278,1107,0.2588,6129,0,2,,,,0,2
2026-09-15,full,/ranking/woodland-area,ranking,265683,135115,1111,0.2439,5858,0,0,,,,0,1
2026-09-15,full,/ranking/work-accident-severity,ranking,277881,142916,1125,0.2025,6266,0,1,,,,0,2
2026-09-15,full,/ranking/work-avg-time-employed-female,ranking,269229,136468,1134,0.2472,6038,0,3,,,,0,2
2026-09-15,full,/ranking/work-avg-time-employed-male,ranking,265631,133953,1127,0.236,5998,0,3,,,,0,2
2026-09-15,full,/ranking/workers-agriculture-forestry-fishery,ranking,232447,105016,1096,0.2597,6186,0,2,,,,0,2
2026-09-15,full,/ranking/workers-compensation-insurance-benefits-rate,ranking,273455,142508,1097,0.1948,6369,0,1,,,,0,2
2026-09-15,full,/ranking/wristwatch-consumption-expenditure,ranking,300358,149160,1180,0.2614,6186,0,4,,,,0,2
2026-09-15,full,/ranking/writing-drawing-tools-consumption-expenditure,ranking,305586,152508,1196,0.2614,6369,0,4,,,,0,2
2026-09-15,full,/ranking/yakiniku-consumption-expenditure,ranking,283508,140514,1133,0.2614,4814,0,4,,,,0,2
2026-09-15,full,/ranking/yakitori-consumption-expenditure,ranking,302570,150589,1198,0.2727,6156,0,4,,,,0,2
2026-09-15,full,/ranking/yellowtail-consumption-expenditure,ranking,301590,150394,1203,0.2614,6046,0,4,,,,0,2
2026-09-15,full,/ranking/yellowtail-consumption-quantity,ranking,300005,149078,1184,0.2614,6022,0,4,,,,0,2
2026-09-15,full,/ranking/yogurt-consumption-expenditure,ranking,302583,151029,1183,0.2727,6362,0,4,,,,0,2
2026-09-15,full,/ranking/yokan-consumption-expenditure,ranking,301720,149792,1216,0.2614,6370,0,4,,,,0,2
2026-09-15,full,/ranking/young-population-index,ranking,260367,37267,1089,0.2892,5977,0,0,,,,0,1
2026-09-15,full,/ranking/young-population-ratio,ranking,256194,130255,1086,0.3012,6017,0,0,,,,1,0
2026-09-15,full,/ranking/youth-class-lecture-count-per-million,ranking,279122,141693,1140,0.2947,6612,0,2,,,,0,2
2026-09-15,full,/ranking/youth-education-facility-count-per-million,ranking,276313,139344,1153,0.2947,6140,0,2,,,,0,2
2026-09-15,full,/ranking/zoo-count,ranking,271168,134493,1135,0.2418,6146,0,2,,,,0,2
2026-09-15,full,/blog,blog,261290,116618,1038,0.4851,1125,0,1,,,,1,1
2026-09-15,full,/blog/beer-peak-month-july-to-december,blog,216267,96515,846,0.4167,1992,0,0,,,,1,0
2026-09-15,full,/blog/academic-achievement-test-prefecture-ranking,blog,198973,86862,811,0.4362,2076,0,2,,,,1,1
2026-09-15,full,/blog/advancement-plus-employment-rate-prefecture,blog,210542,90554,882,0.4444,2069,0,2,,,,1,1
2026-09-15,full,/blog/engel-coefficient-vs-prefectural-income,blog,197200,85622,804,0.4396,2008,0,0,,,,1,0
2026-09-15,full,/blog/fish-catch-vs-consumption-prefecture,blog,201951,87251,821,0.4301,1977,0,0,,,,1,0
2026-09-15,full,/blog/golf-green-fee-consumption-ranking,blog,196481,85661,795,0.4574,2183,0,0,,,,1,0
2026-09-15,full,/blog/income-quintile-medical-health,blog,204167,88324,817,0.4239,1991,0,0,,,,1,0
2026-09-15,full,/blog/income-quintile-recreation-services,blog,199541,86295,810,0.4239,1995,0,0,,,,1,0
2026-09-15,full,/blog/income-quintile-travel,blog,194312,84756,786,0.4382,2109,0,0,,,,1,0
2026-09-15,full,/blog/information-communication-coefficient-ranking,blog,194740,84961,783,0.4333,2009,0,0,,,,1,0
2026-09-15,full,/blog/lotus-root-green-beans-mandarin-consumption,blog,219727,98230,844,0.3939,2033,0,0,,,,1,0
2026-09-15,full,/blog/necktie-stockings-market-shrink,blog,221327,98822,855,0.4421,1988,0,0,,,,1,0
2026-09-15,full,/blog/white-bread-price-up-quantity-up,blog,221641,99080,851,0.4211,2054,0,0,,,,1,0
2026-09-15,full,/blog/winter-coat-bargain-purchase-price,blog,193174,84372,787,0.4565,2046,0,0,,,,1,0
2026-09-15,full,/blog/annual-sunshine-duration-prefecture-gap,blog,172118,75508,715,0.4366,1994,0,0,,,,1,0
2026-09-15,full,/blog/campsite-public-prefecture-gap,blog,175210,76898,716,0.4225,2007,0,0,,,,1,0
2026-09-15,full,/blog/commute-by-bicycle-prefecture-gap,blog,179360,78906,728,0.4225,2126,0,0,,,,1,0
2026-09-15,full,/blog/consumer-price-difference-index-utilities-prefecture-gap,blog,178176,78268,734,0.4225,1968,0,0,,,,1,0
2026-09-15,full,/blog/consumption-expenditure-multi-person-households-per-month,blog,181338,79201,740,0.4268,2059,0,0,,,,1,0
2026-09-15,full,/blog/ehime-migration-flow,blog,179619,78716,729,0.4507,1962,0,0,,,,1,0
2026-09-15,full,/blog/fabric-softener-consumption-expenditure-prefecture-gap,blog,202569,91471,796,0.3797,2019,0,0,,,,1,0
2026-09-15,full,/blog/future-population-change-rate-2050-prefecture-gap,blog,175786,77269,716,0.4366,1956,0,0,,,,1,0
2026-09-15,full,/blog/geothermal-power-plant-count-prefecture-gap,blog,196528,86486,811,0.4255,2025,0,2,,,,1,1
2026-09-15,full,/blog/ishikawa-municipal-finance,blog,181196,79794,725,0.4286,2064,0,0,,,,1,0
2026-09-15,full,/blog/kanagawa-municipal-finance,blog,175440,77146,721,0.4286,1948,0,0,,,,1,0
2026-09-15,full,/blog/kochi-migration-flow,blog,178076,78119,725,0.4507,1960,0,0,,,,1,0
2026-09-15,full,/blog/main-road-paving-rate-prefecture-gap,blog,171365,75009,715,0.4225,1994,0,0,,,,1,0
2026-09-15,full,/blog/major-lake-area-prefecture-gap,blog,173592,76132,717,0.4384,1932,0,0,,,,1,0
2026-09-15,full,/blog/miscellaneous-school-students-prefecture-gap,blog,176598,77684,722,0.4225,2170,0,0,,,,1,0
2026-09-15,full,/blog/nagano-municipal-finance,blog,179789,79035,728,0.4167,1951,0,0,,,,1,0
2026-09-15,full,/blog/new-rental-starts-prefecture-gap,blog,175185,76803,719,0.4225,2121,0,0,,,,1,0
2026-09-15,full,/blog/niigata-municipal-finance,blog,175347,77091,722,0.4286,1906,0,0,,,,1,0
2026-09-15,full,/blog/non-regular-employment-rate-prefecture-gap,blog,175080,76813,724,0.4366,1959,0,0,,,,1,0
2026-09-15,full,/blog/oita-migration-flow,blog,178982,78323,733,0.4583,1969,0,0,,,,1,0
2026-09-15,full,/blog/osaka-migration-flow,blog,179968,78842,730,0.4507,1915,0,0,,,,1,0
2026-09-15,full,/blog/other-cosmetics-consumption-expenditure-prefecture-gap,blog,198688,89291,788,0.3846,2040,0,0,,,,1,0
2026-09-15,full,/blog/pear-consumption-expenditure-prefecture-gap,blog,180198,79159,742,0.4054,2076,0,0,,,,1,0
2026-09-15,full,/blog/per-capita-fixed-asset-tax-pref-municipal-prefecture-gap,blog,175813,76917,723,0.4304,2162,0,0,,,,1,0
2026-09-15,full,/blog/pickled-plum-consumption-expenditure-prefecture-gap,blog,203712,92018,797,0.3797,1999,0,0,,,,1,0
2026-09-15,full,/blog/retail-sales-amount-by-prefecture-prefecture-gap,blog,171471,75045,715,0.4366,2009,0,0,,,,1,0
2026-09-15,full,/blog/sewerage-coverage-rate-prefecture-gap,blog,172989,75732,718,0.4225,1974,0,0,,,,1,0
2026-09-15,full,/blog/sports-participation-rate-hiking-prefecture-gap,blog,174759,76561,725,0.4225,2008,0,0,,,,1,0
2026-09-15,full,/blog/starting-salary-university-prefecture-gap,blog,174142,76455,723,0.4366,2007,0,0,,,,1,0
2026-09-15,full,/blog/table-salt-consumption-quantity-prefecture-gap,blog,200590,90376,794,0.3797,2000,0,0,,,,1,0
2026-09-15,full,/blog/tempura-fry-consumption-expenditure-prefecture-gap,blog,203267,92024,798,0.3797,2005,0,0,,,,1,0
2026-09-15,full,/blog/treatment-rate-mood-disorder-outpatient-prefecture-gap,blog,173881,76246,717,0.4225,2018,0,0,,,,1,0
2026-09-15,full,/blog/water-supply-population-prefecture-gap,blog,173515,76108,723,0.4225,1997,0,0,,,,1,0
2026-09-15,full,/blog/wholesale-annual-sales-amount-prefecture-gap,blog,175608,77076,720,0.4247,1990,0,0,,,,1,0
2026-09-15,full,/blog/2050-population-flood-exposure,blog,186823,82366,745,0.4318,1935,0,0,,,,1,0
2026-09-15,full,/blog/2050-population-map-reading,blog,186871,82678,758,0.4348,1908,0,0,,,,1,0
2026-09-15,full,/blog/2050-station-access-population,blog,188314,83411,747,0.4524,1917,0,0,,,,1,0
2026-09-15,full,/blog/bean-sprouts-consumption-quantity-prefecture-gap,blog,198603,89421,789,0.3797,1934,0,0,,,,1,0
2026-09-15,full,/blog/chocolate-snack-consumption-expenditure-prefecture-gap,blog,199605,90094,786,0.3797,2077,0,0,,,,1,0
2026-09-15,full,/blog/coffee-shop-consumption-expenditure-prefecture-gap,blog,181305,79455,751,0.4054,1949,0,0,,,,1,0
2026-09-15,full,/blog/convenience-store-sales-monthly-prefecture-gap,blog,171015,75063,712,0.4366,1979,0,0,,,,1,0
2026-09-15,full,/blog/densely-populated-area-prefecture-gap,blog,181002,79500,736,0.4366,1980,0,0,,,,1,0
2026-09-15,full,/blog/flavor-seasoning-consumption-expenditure-prefecture-gap,blog,179760,78699,753,0.4054,2003,0,0,,,,1,0
2026-09-15,full,/blog/hamburger-consumption-expenditure-prefecture-gap,blog,199024,89865,787,0.3797,1938,0,0,,,,1,0
2026-09-15,full,/blog/manufacturing-industry-added-value-prefecture-gap,blog,173320,75733,722,0.4384,2018,0,0,,,,1,0
2026-09-15,full,/blog/national-pension-full-exemption-rate-prefecture-gap,blog,174466,76646,717,0.4225,2004,0,0,,,,1,0
2026-09-15,full,/blog/new-hire-count-prefecture-gap,blog,170569,74723,715,0.4366,2030,0,0,,,,1,0
2026-09-15,full,/blog/nuclear-power-plant-count-prefecture-gap,blog,194208,85562,804,0.4176,2010,0,2,,,,1,1
2026-09-15,full,/blog/population-decline-land-price-divergence,blog,184396,81518,725,0.4578,1990,0,0,,,,1,0
2026-09-15,full,/blog/shrimp-consumption-quantity-prefecture-gap,blog,204036,91976,797,0.3797,2070,0,0,,,,1,0
2026-09-15,full,/blog/soy-sauce-consumption-expenditure-prefecture-gap,blog,191263,85072,785,0.3947,1956,0,0,,,,1,0
2026-09-15,full,/blog/sports-spectating-consumption-expenditure-prefecture-gap,blog,181787,79821,747,0.4054,2089,0,0,,,,1,0
2026-09-15,full,/blog/taro-consumption-quantity-prefecture-gap,blog,203064,91803,798,0.3797,2119,0,0,,,,1,0
2026-09-15,full,/blog/treatment-rate-mental-disorder-inpatient-prefecture-gap,blog,175090,76802,724,0.4225,2000,0,0,,,,1,0
2026-09-15,full,/blog/treatment-rate-schizophrenia-inpatient-prefecture-gap,blog,173589,76230,715,0.4225,2049,0,0,,,,1,0
2026-09-15,full,/blog/whitebait-consumption-quantity-prefecture-gap,blog,198002,89339,792,0.3797,2061,0,0,,,,1,0
2026-09-15,full,/blog/airport-count-vs-general-project-investment-agriculture,blog,174751,76339,725,0.4133,1984,0,0,,,,1,0
2026-09-15,full,/blog/airport-count-vs-physical-disability-rehabilitation,blog,175661,76755,725,0.4133,1965,0,0,,,,1,0
2026-09-15,full,/blog/avg-salary-police-prefecture-prefecture-gap,blog,180949,79294,752,0.4103,1893,0,2,,,,1,1
2026-09-15,full,/blog/cake-consumption-expenditure-prefecture-gap,blog,196616,88779,772,0.3797,1862,0,0,,,,1,0
2026-09-15,full,/blog/chinese-noodles-consumption-expenditure-prefecture-gap,blog,196536,88755,773,0.3797,1907,0,0,,,,1,0
2026-09-15,full,/blog/croquette-consumption-expenditure-prefecture-gap,blog,194466,87731,773,0.3797,1892,0,0,,,,1,0
2026-09-15,full,/blog/cut-flowers-consumption-expenditure-prefecture-gap,blog,194921,87970,772,0.3797,1886,0,0,,,,1,0
2026-09-15,full,/blog/fishery-workers-prefecture-gap,blog,173922,76231,716,0.4366,1978,0,0,,,,1,0
2026-09-15,full,/blog/physical-therapist-annual-income-prefecture-gap,blog,174651,76592,716,0.4225,2040,0,0,,,,1,0
2026-09-15,full,/blog/pickled-plum-consumption-quantity-prefecture-gap,blog,199912,90119,786,0.3797,2013,0,0,,,,1,0
2026-09-15,full,/blog/road-length-per-km2-vs-local-special-grant-prefecture,blog,175733,76449,728,0.4375,2030,0,0,,,,1,0
2026-09-15,full,/blog/school-teacher-annual-income-prefecture-gap,blog,173172,76014,714,0.4225,2016,0,0,,,,1,0
2026-09-15,full,/blog/sewage-treatment-coverage-rate-prefecture-gap,blog,174721,76611,716,0.4225,2046,0,0,,,,1,0
2026-09-15,full,/blog/sewage-treatment-coverage-rate-vs-flush-toilet-population,blog,174795,76493,720,0.4189,2054,0,0,,,,1,0
2026-09-15,full,/blog/sewage-treatment-coverage-rate-vs-sewerage-penetration-rate,blog,177109,77417,728,0.4211,1951,0,0,,,,1,0
2026-09-15,full,/blog/sports-participation-rate-swimming-prefecture-gap,blog,177568,77861,729,0.4225,1919,0,0,,,,1,0
2026-09-15,full,/blog/swimming-pool-public-vs-total-administrative-investment,blog,176781,77266,726,0.4247,1925,0,0,,,,1,0
2026-09-15,full,/blog/toilet-paper-consumption-expenditure-prefecture-gap,blog,199665,,791,0.3797,1917,0,0,,,,1,0
2026-09-15,full,/blog/treatment-rate-hypertension-outpatient-prefecture-gap,blog,173946,76205,720,0.4225,1921,0,0,,,,1,0
2026-09-15,full,/blog/white-bread-consumption-quantity-prefecture-gap,blog,200827,90493,791,0.3797,1885,0,0,,,,1,0
2026-09-15,full,/blog/air-conditioner-consumption-quantity-prefecture-gap,blog,198700,89561,782,0.3797,1949,0,0,,,,1,0
2026-09-15,full,/blog/airport-count-prefecture-gap,blog,173121,75769,721,0.4225,1846,0,0,,,,1,0
2026-09-15,full,/blog/annual-sunshine-duration-vs-auto-liability-insurance-amount,blog,179288,78510,726,0.4324,1999,0,0,,,,1,0
2026-09-15,full,/blog/avg-salary-admin-prefecture-prefecture-gap,blog,182816,79761,770,0.4103,1998,0,2,,,,1,1
2026-09-15,full,/blog/campsite-public-vs-paved-road-main-length,blog,178034,77766,731,0.4267,2030,0,0,,,,1,0
2026-09-15,full,/blog/campsite-public-vs-road-expressway-length,blog,172981,75611,717,0.4189,1901,0,0,,,,1,0
2026-09-15,full,/blog/commute-by-car-prefecture-gap,blog,172640,75406,720,0.4225,1985,0,0,,,,1,0
2026-09-15,full,/blog/cup-noodles-consumption-expenditure-vs-sports-annual,blog,207005,93272,805,0.378,1955,0,0,,,,1,0
2026-09-15,full,/blog/delivery-fee-consumption-expenditure-prefecture-gap,blog,178262,78033,740,0.4054,2016,0,0,,,,1,0
2026-09-15,full,/blog/dental-checkup-persons-per-1000-prefecture-gap,blog,173381,75668,720,0.4267,1997,0,0,,,,1,0
2026-09-15,full,/blog/earthquake-renovation-rate-prefecture-gap,blog,172835,75952,714,0.4225,1927,0,0,,,,1,0
2026-09-15,full,/blog/flood-affected-rivers-prefecture-gap,blog,170328,74465,711,0.4225,1957,0,0,,,,1,0
2026-09-15,full,/blog/gasoline-consumption-quantity-vs-densely-inhabited-district,blog,177751,77701,741,0.4026,1941,0,0,,,,1,0
2026-09-15,full,/blog/households-on-public-assistance-per-1000-prefecture-gap,blog,174623,76408,719,0.4247,2042,0,0,,,,1,0
2026-09-15,full,/blog/ibaraki-migration-flow,blog,174963,76573,731,0.4444,1984,0,0,,,,1,0
2026-09-15,full,/blog/ishikawa-migration-flow,blog,175096,76639,731,0.4444,1982,0,0,,,,1,0
2026-09-15,full,/blog/kanagawa-migration-flow,blog,175271,76554,732,0.4444,1960,0,0,,,,1,0
2026-09-15,full,/blog/kochi-municipal-finance,blog,177370,77964,719,0.4247,1973,0,0,,,,1,0
2026-09-15,full,/blog/lake-count-prefecture-gap,blog,172927,75793,721,0.4366,1863,0,0,,,,1,0
2026-09-15,full,/blog/local-allocation-tax-prefecture-vs-agriculture-forestry,blog,178102,77839,734,0.4189,1985,0,0,,,,1,0
2026-09-15,full,/blog/local-allocation-tax-prefecture-vs-cultivated-area,blog,175727,76728,731,0.4286,1986,0,0,,,,1,0
2026-09-15,full,/blog/local-finance-theme-overview,blog,178844,77759,737,0.4079,1995,0,0,,,,1,0
2026-09-15,full,/blog/local-tax-prefecture-vs-railway-passengers,blog,172531,75109,720,0.4211,1919,0,0,,,,1,0
2026-09-15,full,/blog/main-road-paving-rate-vs-apple-consumption-quantity,blog,203488,91533,804,0.378,1966,0,0,,,,1,0
2026-09-15,full,/blog/miyazaki-municipal-finance,blog,175901,77374,718,0.4247,1911,0,0,,,,1,0
2026-09-15,full,/blog/nagano-migration-flow,blog,176197,76979,732,0.4444,1950,0,0,,,,1,0
2026-09-15,full,/blog/national-pension-payment-rate-prefecture-gap,blog,173322,75785,720,0.4225,2033,0,0,,,,1,0
2026-09-15,full,/blog/niigata-migration-flow,blog,174956,76370,733,0.4444,1945,0,0,,,,1,0
2026-09-15,full,/blog/okinawa-municipal-finance,blog,176985,77775,719,0.4247,1925,0,0,,,,1,0
2026-09-15,full,/blog/pachinko-shop-density-per-10k-vs-dependent-population-index,blog,174842,76465,728,0.44,2018,0,0,,,,1,0
2026-09-15,full,/blog/pet-food-consumption-expenditure-prefecture-gap,blog,198787,89437,790,0.3797,1987,0,0,,,,1,0
2026-09-15,full,/blog/railway-station-count-prefecture-gap,blog,174273,76368,720,0.4225,1919,0,0,,,,1,0
2026-09-15,full,/blog/railway-theme-overview,blog,177170,76933,737,0.4079,1965,0,0,,,,1,0
2026-09-15,full,/blog/real-disposable-income-vs-per-capita-social-welfare,blog,177872,77291,742,0.4286,1965,0,0,,,,1,0
2026-09-15,full,/blog/road-length-per-km2-vs-average-road-traffic-volume,blog,175982,76735,731,0.4416,2034,0,0,,,,1,0
2026-09-15,full,/blog/road-length-per-km2-vs-residential-building-starts,blog,172902,75180,722,0.4359,1914,0,0,,,,1,0
2026-09-15,full,/blog/roadside-station-count-prefecture-gap,blog,192101,84442,811,0.4646,2002,0,2,,,,1,1
2026-09-15,full,/blog/roadside-station-count-vs-forest-road-length,blog,181566,79094,754,0.4651,2026,0,0,,,,1,0
2026-09-15,full,/blog/shumai-consumption-expenditure-vs-jr-freight-shipment,blog,203967,91888,803,0.378,1988,0,0,,,,1,0
2026-09-15,full,/blog/swimming-pool-public-vs-smoke-emission-facility-count,blog,177433,77530,730,0.4267,2004,0,0,,,,1,0
2026-09-15,full,/blog/swimming-pool-public-vs-total-general-project-investment,blog,173018,75468,719,0.4189,1957,0,0,,,,1,0
2026-09-15,full,/blog/toyama-municipal-finance,blog,176842,77842,718,0.4247,1959,0,0,,,,1,0
2026-09-15,full,/blog/university-new-graduates-unemployment-rate-prefecture-gap,blog,171850,75113,719,0.4225,2045,0,0,,,,1,0
2026-09-15,full,/blog/vacant-housing-rate-vs-dependent-population-index,blog,176461,76915,735,0.4211,1946,0,0,,,,1,0
2026-09-15,full,/blog/vacant-housing-rate-vs-standard-price-change-rate-commercial,blog,176380,77035,729,0.4267,2005,0,0,,,,1,0
2026-09-15,full,/blog/voter-turnout-house-single-prefecture-gap,blog,173920,76229,719,0.4225,2021,0,0,,,,1,0
2026-09-15,full,/blog/wakayama-migration-flow,blog,175379,76635,732,0.4444,1995,0,0,,,,1,0
2026-09-15,full,/blog/area-ratio-prefecture-gap,blog,179173,78300,744,0.4691,1875,0,0,,,,1,0
2026-09-15,full,/blog/beef-consumption-quantity-vs-municipal-road-paving-rate,blog,205823,92238,833,0.378,2038,0,0,,,,1,0
2026-09-15,full,/blog/beef-consumption-quantity-vs-unmarried-ratio-male-45-49,blog,211084,94708,837,0.381,2065,0,0,,,,1,0
2026-09-15,full,/blog/convenience-store-count-commercial-prefecture-gap,blog,178559,78552,722,0.4366,2086,0,0,,,,1,0
2026-09-15,full,/blog/convenience-store-count-commercial-vs-ratio-of-general,blog,186316,81884,746,0.4324,2073,0,0,,,,1,0
2026-09-15,full,/blog/cup-noodles-consumption-expenditure-vs-fire-damage,blog,176807,77092,735,0.4231,2027,0,0,,,,1,0
2026-09-15,full,/blog/cup-noodles-consumption-expenditure-vs-secondary-activity,blog,204010,91810,801,0.378,2005,0,0,,,,1,0
2026-09-15,full,/blog/day-time-population-prefecture-gap,blog,176051,77012,736,0.4684,1906,0,0,,,,1,0
2026-09-15,full,/blog/designated-difficult-disease-prefecture-gap,blog,177204,77894,721,0.4225,2035,0,0,,,,1,0
2026-09-15,full,/blog/general-households-prefecture-gap,blog,186650,81152,792,0.4725,1953,0,0,,,,1,0
2026-09-15,full,/blog/grilled-eel-consumption-expenditure-prefecture-gap,blog,181376,79622,747,0.4054,1956,0,0,,,,1,0
2026-09-15,full,/blog/household-liabilities-prefecture-gap,blog,198607,85836,854,0.4444,1912,0,2,,,,1,1
2026-09-15,full,/blog/late-elderly-medical-expense-prefecture-gap,blog,177742,77834,735,0.4557,1948,0,0,,,,1,0
2026-09-15,full,/blog/local-allocation-tax-prefecture-vs-total-area-excluding,blog,173899,75707,736,0.4231,1952,0,0,,,,1,0
2026-09-15,full,/blog/manufacturing-establishments-prefecture-gap,blog,198177,85638,852,0.4545,1914,0,2,,,,1,1
2026-09-15,full,/blog/municipality-count-prefecture-gap,blog,175047,77487,711,0.4545,1889,0,0,,,,1,0
2026-09-15,full,/blog/natural-increase-rate-prefecture-gap,blog,176292,77076,737,0.4684,1903,0,0,,,,1,0
2026-09-15,full,/blog/pachinko-shop-density-per-10k-vs-high-school-education-cost,blog,179646,78974,732,0.4306,1954,0,0,,,,1,0
2026-09-15,full,/blog/peach-consumption-quantity-vs-disaster-relief-expenses,blog,182867,79971,761,0.4051,1967,0,0,,,,1,0
2026-09-15,full,/blog/psychiatric-bed-count-vs-neighborhood-park-count,blog,174517,76173,735,0.4189,1950,0,0,,,,1,0
2026-09-15,full,/blog/real-disposable-income-vs-taxpayer-ratio-per-pref-resident,blog,181371,79205,742,0.425,1958,0,0,,,,1,0
2026-09-15,full,/blog/sex-ratio-total-prefecture-gap,blog,188119,81791,795,0.4674,1904,0,0,,,,1,0
2026-09-15,full,/blog/shumai-consumption-expenditure-vs-main-household-ratio-main,blog,208119,93790,806,0.378,1957,0,0,,,,1,0
2026-09-15,full,/blog/soba-udon-dining-consumption-expenditure-prefecture-gap,blog,202070,91089,795,0.3797,1997,0,0,,,,1,0
2026-09-15,full,/blog/swimming-pool-public-vs-post-office-count,blog,181251,79441,737,0.4189,1930,0,0,,,,1,0
2026-09-15,full,/blog/tissue-paper-consumption-expenditure-prefecture-gap,blog,182991,80539,750,0.4,1989,0,0,,,,1,0
2026-09-15,full,/blog/tissue-paper-consumption-expenditure-vs-average-weight,blog,175105,76428,729,0.4189,2018,0,0,,,,1,0
2026-09-15,full,/blog/tuna-consumption-quantity-vs-sex-ratio-total,blog,204400,91333,834,0.381,2007,0,0,,,,1,0
2026-09-15,full,/blog/voluntary-car-insurance-rate-bodily-injury-prefecture-gap,blog,176863,77671,720,0.4225,2063,0,0,,,,1,0
2026-09-15,full,/blog/allocation-tax-area,blog,190829,83300,793,0.4688,2125,0,0,,,,1,0
2026-09-15,full,/blog/beef-unmarried-ratio,blog,210391,93784,827,0.4255,2095,0,0,,,,1,0
2026-09-15,full,/blog/dual-income-house-size,blog,206346,88722,872,0.4519,2070,0,2,,,,1,1
2026-09-15,full,/blog/pachinko-education-cost,blog,205593,88536,869,0.4412,2118,0,2,,,,1,1
2026-09-15,full,/blog/real-income-taxpayer,blog,196795,84638,821,0.4388,2082,0,2,,,,1,1
2026-09-15,full,/blog/tuna-medical-expense,blog,210551,93961,828,0.413,2082,0,0,,,,1,0
2026-09-15,full,/blog/psychiatric-bed-count-vs-standard-fiscal-demand-municipality,blog,179306,78170,743,0.4211,1937,0,0,,,,1,0
2026-09-15,full,/blog/bread-consumption-expenditure-vs-final-education-university,blog,204927,92034,806,0.378,2033,0,0,,,,1,0
2026-09-15,full,/blog/bread-consumption-expenditure-vs-high-school-advancement,blog,205616,92628,789,0.378,2053,0,0,,,,1,0
2026-09-15,full,/blog/bread-consumption-expenditure-vs-site-area-per-dwelling,blog,204718,91961,807,0.378,2025,0,0,,,,1,0
2026-09-15,full,/blog/dual-income-household-ratio-vs-tatami-per-dwelling-owner,blog,178926,78326,732,0.4324,1899,0,0,,,,1,0
2026-09-15,full,/blog/dual-income-household-ratio-vs-public-assistance-housing,blog,203327,87894,861,0.4528,1964,0,2,,,,1,1
2026-09-15,full,/blog/dual-income-household-ratio-vs-rooms-per-dwelling,blog,205208,88503,871,0.4615,2043,0,2,,,,1,1
2026-09-15,full,/blog/retail-store-count-vs-nurses-per-100k-population,blog,178405,77982,735,0.4324,2018,0,0,,,,1,0
2026-09-15,full,/blog/psychiatric-bed-count-vs-elementary-school-count,blog,206975,89724,862,0.4466,2042,0,2,,,,1,1
2026-09-15,full,/blog/avg-height-high-school-2nd-male-vs-rice-cracker-consumption,blog,4625,,,,,,,,,,1,0
2026-09-15,full,/blog/avg-height-high-school-2nd-male-vs-floor-area-new-owner,blog,182837,80145,741,0.4189,1985,0,0,,,,1,0
2026-09-15,full,/blog/avg-height-high-school-2nd-male-vs-fish-pickled-consumption,blog,186313,81693,755,0.4026,2007,0,0,,,,1,0
2026-09-15,full,/blog/tuna-consumption-quantity-vs-national-medical-expense-per,blog,211658,94658,831,0.4211,2021,0,0,,,,1,0
2026-09-15,full,/blog/dual-income-household-ratio-vs-floor-area-per-dwelling-owner,blog,179042,78364,733,0.4324,2048,0,0,,,,1,0
2026-09-15,full,/blog/tuna-consumption-quantity-vs-annual-new-inpatients-general,blog,207288,93055,811,0.4167,2038,0,0,,,,1,0
2026-09-15,full,/blog/heating-cost-vs-disposable-income,blog,198464,87111,804,0.4239,2096,0,0,,,,1,0
2026-09-15,full,/blog/tutoring-cost-university-advancement-gap,blog,197639,86118,801,0.433,2049,0,0,,,,1,0
2026-09-15,full,/blog/black-tea-income-gap,blog,220418,98617,859,0.4059,1887,0,0,,,,1,0
2026-09-15,full,/blog/real-disposable-income-reversal,blog,201509,87581,820,0.4242,2149,0,0,,,,1,0
2026-09-15,full,/blog/unhealthy-period-gender-prefecture-gap,blog,186282,81666,769,0.5,2049,0,0,,,,1,0
2026-09-15,full,/blog/deposit-securities-prefecture-personality,blog,200475,85728,837,0.4286,1924,0,2,,,,1,1
2026-09-15,full,/blog/natto-production-vs-consumption,blog,214036,96690,823,0.4286,2043,0,0,,,,1,0
2026-09-15,full,/blog/distinctive-place-name-kanji-by-prefecture,blog,175980,79142,693,0.4933,2061,0,0,,,,1,0
2026-09-15,full,/blog/hama-ura-tsu-coastal-place-names,blog,175950,78132,709,0.4795,2138,0,0,,,,1,0
2026-09-15,full,/blog/kawa-gawa-river-place-name-map,blog,177122,78873,710,0.4865,2083,0,0,,,,1,0
2026-09-15,full,/blog/yato-yatsu-place-name-boundary,blog,174909,77904,706,0.473,2088,0,0,,,,1,0
2026-09-15,full,/blog/development-history-place-name-map,blog,185236,81787,786,0.4545,1990,0,0,,,,1,0
2026-09-15,full,/blog/elderly-population-care-capacity-gap,blog,180806,79036,787,0.4839,1989,0,0,,,,1,0
2026-09-15,full,/blog/foreign-resident-five-percent-municipalities,blog,188667,81500,816,0.4574,2003,0,0,,,,1,0
2026-09-15,full,/blog/half-population-elderly-municipalities,blog,186092,80631,808,0.4565,1968,0,0,,,,1,0
2026-09-15,full,/blog/homeownership-vacancy-four-types,blog,203759,87173,899,0.45,1985,0,2,,,,1,1
2026-09-15,full,/blog/low-cost-low-income-prefectures,blog,188757,81486,817,0.4382,1969,0,2,,,,1,1
2026-09-15,full,/blog/manufacturing-output-outlier-cities,blog,198649,85227,869,0.4667,1952,0,2,,,,1,1
2026-09-15,full,/blog/municipalities-without-general-hospitals,blog,176062,76631,747,0.4487,2008,0,0,,,,1,0
2026-09-15,full,/blog/municipalities-without-schools,blog,195433,84045,862,0.449,1968,0,2,,,,1,1
2026-09-15,full,/blog/municipality-population-decline-tiers,blog,193079,83506,823,0.4574,2011,0,0,,,,1,0
2026-09-15,full,/blog/prefecture-population-city-concentration,blog,185550,80203,807,0.4674,1984,0,0,,,,1,0
2026-09-15,full,/blog/towns-villages-larger-than-cities,blog,188026,81220,817,0.4674,1966,0,0,,,,1,0
2026-09-15,full,/blog/natto-child-weight-correlation,blog,185358,81386,763,0.4545,2015,0,0,,,,1,0
2026-09-15,full,/blog/vacant-housing-vs-aging,blog,204040,88981,855,0.4762,1954,0,2,,,,1,1
2026-09-15,full,/blog/vacant-housing-vs-land-price,blog,188847,82444,797,0.4615,1932,0,2,,,,1,1
2026-09-15,full,/blog/vacant-housing-vs-welfare-commissioner,blog,174522,76481,732,0.4545,1886,0,0,,,,1,0
2026-09-15,full,/blog/income-quintile-alcohol,blog,215500,95364,862,0.4536,1981,0,0,,,,1,0
2026-09-15,full,/blog/income-quintile-appliance,blog,189096,82583,783,0.4483,1921,0,0,,,,1,0
2026-09-15,full,/blog/income-quintile-beverage,blog,207045,92314,831,0.4362,1927,0,0,,,,1,0
2026-09-15,full,/blog/income-quintile-car,blog,197282,86166,785,0.4382,1972,0,0,,,,1,0
2026-09-15,full,/blog/income-quintile-clothing,blog,190961,83422,790,0.4483,2004,0,0,,,,1,0
2026-09-15,full,/blog/income-quintile-dining,blog,208823,93026,836,0.4468,1957,0,0,,,,1,0
2026-09-15,full,/blog/income-quintile-education,blog,203594,88473,810,0.4457,1947,0,0,,,,1,0
2026-09-15,full,/blog/income-quintile-food-gap,blog,198431,85162,827,0.4783,1910,0,0,,,,1,0
2026-09-15,full,/blog/income-quintile-lesson,blog,184448,79848,784,0.4607,1899,0,0,,,,1,0
2026-09-15,full,/blog/income-quintile-luxury-ranking,blog,221165,98404,861,0.4105,1923,0,0,,,,1,0
2026-09-15,full,/blog/income-quintile-overview,blog,197025,85935,805,0.4713,1973,0,0,,,,1,0
2026-09-15,full,/blog/income-quintile-regressive,blog,198749,86345,806,0.4286,1965,0,0,,,,1,0
2026-09-15,full,/blog/kyoto-food-culture,blog,200567,86811,819,0.4333,1958,0,0,,,,1,0
2026-09-15,full,/blog/aichi-food-culture,blog,202155,87739,813,0.4239,2066,0,0,,,,1,0
2026-09-15,full,/blog/akita-food-culture,blog,191135,82311,808,0.4333,1960,0,0,,,,1,0
2026-09-15,full,/blog/aomori-food-culture,blog,216626,96251,855,0.4063,1992,0,0,,,,1,0
2026-09-15,full,/blog/apple-expenditure-ranking,blog,201876,90786,811,0.4348,1993,0,0,,,,1,0
2026-09-15,full,/blog/beer-vs-happoshu-shift,blog,211119,94665,819,0.398,1921,0,0,,,,1,0
2026-09-15,full,/blog/black-tea-expenditure-ranking,blog,206803,93147,812,0.4239,1912,0,0,,,,1,0
2026-09-15,full,/blog/bonito-vs-oyster-fish-map,blog,215075,96580,824,0.4194,1962,0,0,,,,1,0
2026-09-15,full,/blog/bread-vs-rice-expenditure,blog,207118,92351,846,0.4063,1918,0,0,,,,1,0
2026-09-15,full,/blog/butter-vs-margarine-expenditure,blog,201724,90130,813,0.4194,1952,0,0,,,,1,0
2026-09-15,full,/blog/candy-expenditure-ranking,blog,189216,83928,786,0.4286,1887,0,0,,,,1,0
2026-09-15,full,/blog/castella-expenditure-ranking,blog,201061,90628,802,0.4194,1940,0,0,,,,1,0
2026-09-15,full,/blog/cheese-expenditure-ranking,blog,208030,93552,815,0.4063,1999,0,0,,,,1,0
2026-09-15,full,/blog/chiba-food-culture,blog,221921,98742,854,0.4105,1964,0,0,,,,1,0
2026-09-15,full,/blog/chinese-noodles-expenditure-ranking,blog,184161,80339,776,0.4382,1945,0,0,,,,1,0
2026-09-15,full,/blog/chocolate-expenditure-ranking,blog,209286,94067,839,0.4194,1984,0,0,,,,1,0
2026-09-15,full,/blog/crab-expenditure-ranking,blog,205306,92592,820,0.4063,1941,0,0,,,,1,0
2026-09-15,full,/blog/dining-out-expenditure-ranking,blog,217927,97665,833,0.4227,1890,0,0,,,,1,0
2026-09-15,full,/blog/ehime-food-culture,blog,199243,86252,821,0.4409,1938,0,0,,,,1,0
2026-09-15,full,/blog/freshwater-clam-expenditure-ranking,blog,204942,91980,816,0.4239,1964,0,0,,,,1,0
2026-09-15,full,/blog/fukui-food-culture,blog,192601,83034,807,0.4444,1953,0,0,,,,1,0
2026-09-15,full,/blog/fukuoka-food-culture,blog,197000,85094,806,0.4333,1987,0,0,,,,1,0
2026-09-15,full,/blog/fukushima-food-culture,blog,191986,82610,807,0.4444,1884,0,0,,,,1,0
2026-09-15,full,/blog/furikake-expenditure-ranking,blog,200898,90067,809,0.4194,1969,0,0,,,,1,0
2026-09-15,full,/blog/garden-plants-expenditure-ranking,blog,178905,78146,753,0.4545,1949,0,0,,,,1,0
2026-09-15,full,/blog/gas-expenditure-ranking,blog,183577,80022,770,0.4457,1956,0,0,,,,1,0
2026-09-15,full,/blog/gasoline-expenditure-ranking,blog,185384,80397,783,0.4396,1941,0,0,,,,1,0
2026-09-15,full,/blog/gifu-food-culture,blog,203459,87930,829,0.4194,2006,0,0,,,,1,0
2026-09-15,full,/blog/gunma-food-culture,blog,199244,85841,827,0.4194,1907,0,0,,,,1,0
2026-09-15,full,/blog/high-school-advancement-rate,blog,183113,81073,761,0.4483,1932,0,2,,,,1,1
2026-09-15,full,/blog/hiroshima-food-culture,blog,196308,84835,808,0.4333,1896,0,0,,,,1,0
2026-09-15,full,/blog/hokkaido-food-culture,blog,196382,84778,810,0.4286,1990,0,0,,,,1,0
2026-09-15,full,/blog/home-ownership-rate-ranking,blog,192209,83251,825,0.4476,1935,0,0,,,,1,0
2026-09-15,full,/blog/horse-mackerel-expenditure-ranking,blog,203357,91361,816,0.4149,1945,0,0,,,,1,0
2026-09-15,full,/blog/hyogo-food-culture,blog,197264,85353,808,0.4333,1918,0,0,,,,1,0
2026-09-15,full,/blog/ibaraki-food-culture,blog,194634,84066,809,0.4286,2008,0,0,,,,1,0
2026-09-15,full,/blog/ishikawa-food-culture,blog,197997,85706,812,0.4286,1959,0,0,,,,1,0
2026-09-15,full,/blog/iwate-food-culture,blog,218564,97061,853,0.4105,1969,0,0,,,,1,0
2026-09-15,full,/blog/kagawa-food-culture,blog,202553,87230,826,0.4286,1965,0,0,,,,1,0
2026-09-15,full,/blog/kagoshima-food-culture,blog,216161,95871,853,0.4105,1984,0,0,,,,1,0
2026-09-15,full,/blog/kanagawa-food-culture,blog,199533,86606,813,0.4194,2108,0,0,,,,1,0
2026-09-15,full,/blog/kochi-food-culture,blog,194940,84209,811,0.4286,1953,0,0,,,,1,0
2026-09-15,full,/blog/konnyaku-expenditure-ranking,blog,202269,90792,807,0.4194,1952,0,0,,,,1,0
2026-09-15,full,/blog/kumamoto-food-culture,blog,188081,81404,791,0.4382,1951,0,0,,,,1,0
2026-09-15,full,/blog/mackerel-expenditure-ranking,blog,207728,93753,826,0.398,1947,0,0,,,,1,0
2026-09-15,full,/blog/mandarin-expenditure-ranking,blog,201408,91715,785,0.4205,1925,0,0,,,,1,0
2026-09-15,full,/blog/melon-expenditure-ranking,blog,183854,80215,776,0.4286,2000,0,0,,,,1,0
2026-09-15,full,/blog/mie-food-culture,blog,206433,89334,828,0.4239,1980,0,0,,,,1,0
2026-09-15,full,/blog/miyagi-food-culture,blog,196027,84647,809,0.4333,2007,0,0,,,,1,0
2026-09-15,full,/blog/miyazaki-food-culture,blog,193938,83624,807,0.4333,1964,0,0,,,,1,0
2026-09-15,full,/blog/movie-theater-expenditure-ranking,blog,206425,93374,810,0.4194,1936,0,0,,,,1,0
2026-09-15,full,/blog/nagano-food-culture,blog,191643,82618,807,0.4333,1920,0,0,,,,1,0
2026-09-15,full,/blog/nagasaki-food-culture,blog,197837,85212,820,0.4194,1954,0,0,,,,1,0
2026-09-15,full,/blog/nara-food-culture,blog,194581,84023,809,0.4396,2020,0,0,,,,1,0
2026-09-15,full,/blog/niigata-food-culture,blog,196761,85092,811,0.4286,1943,0,0,,,,1,0
2026-09-15,full,/blog/oita-food-culture,blog,196191,84821,819,0.4158,1878,0,0,,,,1,0
2026-09-15,full,/blog/okayama-food-culture,blog,200772,87060,810,0.4333,1948,0,0,,,,1,0
2026-09-15,full,/blog/okinawa-food-culture,blog,195023,84211,811,0.4286,1959,0,0,,,,1,0
2026-09-15,full,/blog/osaka-food-culture,blog,198607,86066,811,0.4286,2006,0,0,,,,1,0
2026-09-15,full,/blog/peach-expenditure-ranking,blog,178583,77820,763,0.4382,1997,0,0,,,,1,0
2026-09-15,full,/blog/personal-computer-expenditure-ranking,blog,205611,92946,812,0.4149,1971,0,0,,,,1,0
2026-09-15,full,/blog/refrigerator-expenditure-ranking,blog,182137,79486,760,0.4483,1933,0,0,,,,1,0
2026-09-15,full,/blog/rice-consumption-quantity-ranking,blog,180071,78625,760,0.4483,1923,0,0,,,,1,0
2026-09-15,full,/blog/saga-food-culture,blog,196042,84634,810,0.4333,1931,0,0,,,,1,0
2026-09-15,full,/blog/saitama-food-culture,blog,196634,84997,807,0.4333,1988,0,0,,,,1,0
2026-09-15,full,/blog/scallop-expenditure-ranking,blog,200890,90296,810,0.4239,1901,0,0,,,,1,0
2026-09-15,full,/blog/school-lunch-expenditure-ranking,blog,183352,79949,773,0.4382,1943,0,0,,,,1,0
2026-09-15,full,/blog/sea-bream-expenditure-ranking,blog,202954,91261,810,0.4194,2017,0,0,,,,1,0
2026-09-15,full,/blog/shiga-food-culture,blog,224217,99363,872,0.4063,1982,0,0,,,,1,0
2026-09-15,full,/blog/shimane-food-culture,blog,194985,84117,811,0.4409,1961,0,0,,,,1,0
2026-09-15,full,/blog/shizuoka-food-culture,blog,194736,84101,809,0.4333,1932,0,0,,,,1,0
2026-09-15,full,/blog/shochu-expenditure-vs-sake-ranking,blog,211368,95197,828,0.4167,1923,0,0,,,,1,0
2026-09-15,full,/blog/spinach-consumption-ranking,blog,191617,83461,789,0.4348,1943,0,0,,,,1,0
2026-09-15,full,/blog/sweet-potato-expenditure-ranking,blog,202520,90818,811,0.4149,2019,0,0,,,,1,0
2026-09-15,full,/blog/textbook-expenditure-ranking,blog,204248,91635,810,0.4149,1985,0,0,,,,1,0
2026-09-15,full,/blog/tochigi-food-culture,blog,194737,84099,809,0.4333,1997,0,0,,,,1,0
2026-09-15,full,/blog/tokushima-food-culture,blog,197160,85324,809,0.4333,1953,0,0,,,,1,0
2026-09-15,full,/blog/tokyo-food-culture,blog,196777,85076,813,0.4286,1926,0,0,,,,1,0
2026-09-15,full,/blog/tottori-food-culture,blog,192846,83097,806,0.4333,1925,0,0,,,,1,0
2026-09-15,full,/blog/toyama-food-culture,blog,196752,84450,824,0.4286,1982,0,0,,,,1,0
2026-09-15,full,/blog/tuition-expenditure-ranking,blog,194527,85672,796,0.4333,1942,0,0,,,,1,0
2026-09-15,full,/blog/wakayama-food-culture,blog,194079,83794,810,0.4286,1979,0,0,,,,1,0
2026-09-15,full,/blog/water-sewer-expenditure-ranking,blog,174360,75686,733,0.4667,1943,0,0,,,,1,0
2026-09-15,full,/blog/watermelon-expenditure-ranking,blog,211641,94495,836,0.4105,2001,0,0,,,,1,0
2026-09-15,full,/blog/wine-expenditure-ranking,blog,203447,91266,822,0.4239,1884,0,0,,,,1,0
2026-09-15,full,/blog/womens-clothing-expenditure-ranking,blog,217046,97077,843,0.4105,2074,0,0,,,,1,0
2026-09-15,full,/blog/yamagata-food-culture,blog,192824,83147,809,0.4444,1948,0,0,,,,1,0
2026-09-15,full,/blog/yamaguchi-food-culture,blog,194603,83940,809,0.4286,1909,0,0,,,,1,0
2026-09-15,full,/blog/yamanashi-food-culture,blog,197290,85279,809,0.4286,1960,0,0,,,,1,0
2026-09-15,full,/blog/yokan-expenditure-ranking,blog,204265,91680,816,0.4239,1999,0,0,,,,1,0
2026-09-15,full,/blog/accommodation-expenditure-ranking,blog,188484,81880,791,0.4286,1945,0,0,,,,1,0
2026-09-15,full,/blog/cup-noodles-expenditure-ranking,blog,202205,90719,811,0.4516,1903,0,0,,,,1,0
2026-09-15,full,/blog/high-school-teacher-salary-prefecture-gap,blog,192659,83811,812,0.4409,2022,0,2,,,,1,1
2026-09-15,full,/blog/household-consumption-expenditure-ranking,blog,183622,80332,766,0.4659,1998,0,0,,,,1,0
2026-09-15,full,/blog/katsuobushi-expenditure-ranking,blog,203287,91367,813,0.4239,1913,0,0,,,,1,0
2026-09-15,full,/blog/tobacco-expenditure-ranking,blog,202390,90914,808,0.4194,1895,0,0,,,,1,0
2026-09-15,full,/blog/vacant-housing-aging-correlation,blog,200399,87470,850,0.4571,1893,0,2,,,,1,1
2026-09-15,full,/blog/miso-consumption-quantity-prefecture-gap,blog,218926,98928,851,0.4149,1984,0,0,,,,1,0
2026-09-15,full,/blog/tuna-consumption-medical-expense-correlation,blog,214426,95763,849,0.4242,1986,0,0,,,,1,0
2026-09-15,full,/blog/prefectural-income-gdp-ranking,blog,211690,91286,931,0.43,2094,0,2,,,,1,1
2026-09-15,full,/blog/avg-height-high-school-2nd-male,blog,186946,81554,797,0.4598,1999,0,0,,,,1,0
2026-09-15,full,/blog/banana-consumption-quantity,blog,209950,94356,828,0.4149,1989,0,0,,,,1,0
2026-09-15,full,/blog/garbage-total-output,blog,202169,87816,836,0.4667,2022,0,0,,,,1,0
2026-09-15,full,/blog/icecream-consumption-expenditure,blog,191244,83765,787,0.4494,2005,0,0,,,,1,0
2026-09-15,full,/blog/other-bread-consumption-quantity,blog,216194,96939,856,0.4149,2061,0,0,,,,1,0
2026-09-15,full,/blog/pork-consumption-expenditure,blog,216717,97544,846,0.4149,2045,0,0,,,,1,0
2026-09-15,full,/blog/pork-consumption-quantity,blog,212418,95260,839,0.4211,1974,0,0,,,,1,0
2026-09-15,full,/blog/soba-udon-dining-consumption-expenditure,blog,214548,96499,833,0.4255,2054,0,0,,,,1,0
2026-09-15,full,/blog/squid-consumption-quantity,blog,210433,94463,839,0.4255,1995,0,0,,,,1,0
2026-09-15,full,/blog/tuna-consumption-quantity,blog,211159,94399,874,0.4194,2003,0,0,,,,1,0
2026-09-15,full,/blog/prefecture-salary-gap-career,blog,213281,94034,865,0.4804,2271,0,2,,,,1,1
2026-09-15,full,/blog/cc-estat-01-setup,blog,243861,101171,1045,0.4725,1984,0,0,,,,1,0
2026-09-15,full,/blog/cc-estat-02-search-skill,blog,253549,104888,1045,0.5,2033,0,0,,,,1,0
2026-09-15,full,/blog/cc-estat-04-aging-heatmap,blog,250329,104835,1019,0.4945,2007,0,0,,,,1,0
2026-09-15,full,/blog/cc-estat-05-medical-cost-choropleth,blog,258625,108439,1076,0.4762,2080,0,0,,,,1,0
2026-09-15,full,/blog/car-ownership-household-prefecture-gap,blog,184063,80310,766,0.4556,2137,0,0,,,,1,0
2026-09-15,full,/blog/carbonated-drink-spending-prefecture-gap,blog,189874,83291,782,0.4483,2178,0,0,,,,1,0
2026-09-15,full,/blog/dairy-cattle-count,blog,202285,87947,863,0.4615,2064,0,0,,,,1,0
2026-09-15,full,/blog/elementary-school-children-count,blog,204147,88803,832,0.4727,2083,0,0,,,,1,0
2026-09-15,full,/blog/fresh-udon-soba-consumption-quantity,blog,210167,94632,816,0.4362,2035,0,0,,,,1,0
2026-09-15,full,/blog/general-hospital-bed-occupancy-rate,blog,201248,87736,829,0.4742,2086,0,0,,,,1,0
2026-09-15,full,/blog/natto-consumption-expenditure,blog,221257,100109,833,0.413,2185,0,0,,,,1,0
2026-09-15,full,/blog/public-phone-count,blog,196707,85288,837,0.4688,2064,0,0,,,,1,0
2026-09-15,full,/blog/retail-establishments-by-prefecture,blog,184040,80643,749,0.4556,2105,0,0,,,,1,0
2026-09-15,full,/blog/brazilian-resident-population-prefecture-gap,blog,188553,82613,784,0.4588,2153,0,0,,,,1,0
2026-09-15,full,/blog/train-commuters-prefecture-gap,blog,181093,79279,745,0.4643,2156,0,0,,,,1,0
2026-09-15,full,/blog/bonito-catch-zero-prefectures-gap,blog,190847,83439,805,0.4598,2124,0,0,,,,1,0
2026-09-15,full,/blog/roadside-station-prefecture-gap,blog,194922,85496,823,0.466,1965,0,2,,,,1,1
2026-09-15,full,/blog/bonito-catch-prefecture,blog,192462,84297,781,0.4545,2217,0,0,,,,1,0
2026-09-15,full,/blog/ai-claude-code-pref-analysis,blog,248827,106342,1015,0.4526,2057,0,2,,,,1,1
2026-09-15,full,/blog/agriculture-hokkaido-dominance,blog,204077,88237,853,0.4579,2215,0,0,,,,1,0
2026-09-15,full,/blog/firefighting-capacity-gap,blog,193696,82005,822,0.4519,2156,0,0,,,,1,0
2026-09-15,full,/blog/beef-consumption-prefecture-gap,blog,207765,93513,826,0.4194,2046,0,0,,,,1,0
2026-09-15,full,/blog/care-worker-income-prefecture-gap,blog,210428,91663,842,0.4468,2123,0,2,,,,1,1
2026-09-15,full,/blog/dental-hygienist-income-prefecture-gap,blog,196569,85414,823,0.4409,2031,0,2,,,,1,1
2026-09-15,full,/blog/nurse-income-prefecture-gap,blog,200602,87255,838,0.4574,2090,0,2,,,,1,1
2026-09-15,full,/blog/physical-therapist-income-prefecture-gap,blog,198457,86221,817,0.4516,2116,0,2,,,,1,1
2026-09-15,full,/blog/yogurt-spending-prefecture-gap,blog,207594,93538,820,0.4316,2072,0,0,,,,1,0
2026-09-15,full,/blog/library-books-prefecture-gap,blog,201910,87457,863,0.4867,2029,0,2,,,,1,1
2026-09-15,full,/blog/koumuin-ai-tenshoku-1500man,blog,203023,91779,813,0.4848,2054,0,2,,,,1,1
2026-09-15,full,/blog/total-fertility-rate,blog,194809,84746,815,0.4792,2053,0,0,,,,1,0
2026-09-15,full,/blog/shochu-consumption-prefecture-gap,blog,221578,99390,888,0.4273,1967,0,0,,,,1,0
2026-09-15,full,/blog/manufacturing-shipment-prefecture-ranking,blog,208915,90319,888,0.4369,2176,0,2,,,,1,1
2026-09-15,full,/blog/pharmacy-count-prefecture-ranking,blog,194561,83783,860,0.4646,2340,0,0,,,,1,0
2026-09-15,full,/blog/household-spending-prefecture-gap,blog,205427,86961,923,0.4466,2011,0,2,,,,1,1
2026-09-15,full,/blog/local-government-debt-burden,blog,203855,88556,889,0.4255,2003,0,0,,,,1,0
2026-09-15,full,/blog/price-index-high-low-prefecture,blog,197177,85939,848,0.4457,2090,0,2,,,,1,1
2026-09-15,full,/blog/sports-urban-paradox,blog,196413,84948,863,0.4468,1978,0,0,,,,1,0
2026-09-15,full,/blog/consumer-price-regional-gap,blog,203508,87790,870,0.4227,2145,0,2,,,,1,1
2026-09-15,full,/blog/automotive-industry-transformation-map,blog,199291,86217,832,0.4516,1976,0,1,,,,1,1
2026-09-15,full,/blog/marriage-unmarried-crisis,blog,187326,81368,808,0.4574,2059,0,0,,,,1,0
2026-09-15,full,/blog/annual-precipitation-rainy-season-gap,blog,205845,89318,827,0.4712,2194,0,0,,,,1,0
2026-09-15,full,/blog/beef-consumption-quantity,blog,216707,97596,835,0.4271,2063,0,0,,,,1,0
2026-09-15,full,/blog/chicken-consumption-quantity,blog,215274,96836,835,0.4149,2148,0,0,,,,1,0
2026-09-15,full,/blog/curry-roux-consumption-gap,blog,207147,93365,817,0.4194,2033,0,0,,,,1,0
2026-09-15,full,/blog/doctor-income-prefecture-gap,blog,181178,79368,761,0.4535,1989,0,0,,,,1,0
2026-09-15,full,/blog/green-tea-consumption-quantity,blog,209824,94434,817,0.4348,2002,0,0,,,,1,0
2026-09-15,full,/blog/konbu-consumption-quantity,blog,212111,95275,828,0.4301,1980,0,0,,,,1,0
2026-09-15,full,/blog/mayonnaise-consumption-expenditure,blog,190977,83568,785,0.4444,2111,0,0,,,,1,0
2026-09-15,full,/blog/pasta-consumption-quantity,blog,186721,81453,766,0.4835,2102,0,0,,,,1,0
2026-09-15,full,/blog/paved-road-total-length,blog,205307,89384,857,0.4466,2053,0,1,,,,1,1
2026-09-15,full,/blog/potato-consumption-quantity,blog,222046,99417,887,0.4286,2069,0,0,,,,1,0
2026-09-15,full,/blog/public-phone-count-gap,blog,185281,80906,757,0.4767,2052,0,0,,,,1,0
2026-09-15,full,/blog/school-teacher-annual-income,blog,196536,85695,816,0.4565,2109,0,2,,,,1,1
2026-09-15,full,/blog/sushi-dining-consumption-expenditure,blog,221559,99974,843,0.4409,2078,0,0,,,,1,0
2026-09-15,full,/blog/udon-soba-food-culture-prefecture-map,blog,210904,95034,829,0.4255,2053,0,0,,,,1,0
2026-09-15,full,/blog/wheat-flour-consumption-food-culture-gap,blog,187505,83443,762,0.4643,2092,0,0,,,,1,0
2026-09-15,full,/blog/wheat-flour-expenditure-vs-quantity,blog,210482,95286,825,0.4222,2102,0,0,,,,1,0
2026-09-15,full,/blog/divorces-per-total-population,blog,192074,84039,789,0.4556,2117,0,0,,,,1,0
2026-09-15,full,/blog/carpenter-income-prefecture-gap,blog,193355,84503,806,0.4505,2138,0,2,,,,1,1
2026-09-15,full,/blog/dairy-cattle-hokkaido-monopoly,blog,191104,82773,837,0.451,2139,0,0,,,,1,0
2026-09-15,full,/blog/engineer-telework-prefecture,blog,203983,88179,865,0.4486,2143,0,2,,,,1,1
2026-09-15,full,/blog/engineer-vs-professions-income,blog,198437,86112,836,0.4712,2162,0,2,,,,1,1
2026-09-15,full,/blog/income-1000man-which-prefecture,blog,194580,85324,807,0.4653,2161,0,2,,,,1,1
2026-09-15,full,/blog/it-establishments-prefecture,blog,204167,88449,856,0.4528,2146,0,2,,,,1,1
2026-09-15,full,/blog/it-industry-concentration,blog,200169,87185,833,0.4623,2200,0,2,,,,1,1
2026-09-15,full,/blog/long-commute-telework-potential,blog,198159,85701,846,0.4528,2091,0,2,,,,1,1
2026-09-15,full,/blog/manufacturing-labor-productivity-pref,blog,210507,91406,892,0.486,2181,0,2,,,,1,1
2026-09-15,full,/blog/piano-ownership-prefecture-gap,blog,204298,88319,883,0.4434,2122,0,2,,,,1,1
2026-09-15,full,/blog/prefecture-salary-remote-gap,blog,210811,90440,883,0.4455,2241,0,2,,,,1,1
2026-09-15,full,/blog/software-engineer-income-gap,blog,203875,88215,861,0.4636,2129,0,2,,,,1,1
2026-09-15,full,/blog/software-engineer-salary-prefecture-gap,blog,186591,79987,793,0.4667,2138,0,0,,,,1,0
2026-09-15,full,/blog/students-per-teacher-class-size-gap,blog,195418,84301,834,0.433,2144,0,2,,,,1,1
2026-09-15,full,/blog/system-consultant-income-ranking,blog,198205,86080,831,0.4563,2142,0,2,,,,1,1
2026-09-15,full,/blog/wind-power-capacity-prefecture-gap,blog,199505,86069,868,0.4615,2078,0,2,,,,1,1
2026-09-15,full,/blog/working-hours-overtime-gap,blog,199340,86615,832,0.466,2110,0,2,,,,1,1
2026-09-15,full,/blog/coffee-consumption-prefecture-gap,blog,210560,94755,829,0.4301,2106,0,0,,,,1,0
2026-09-15,full,/blog/dentist-income-prefecture-gap,blog,193145,84497,796,0.4505,2122,0,2,,,,1,1
2026-09-15,full,/blog/dog-registration-prefecture-gap,blog,177285,77504,749,0.4643,2052,0,0,,,,1,0
2026-09-15,full,/blog/frozen-gyoza-spending-prefecture-gap,blog,212890,95430,845,0.4316,2036,0,0,,,,1,0
2026-09-15,full,/blog/golf-participation-prefecture-gap,blog,185618,80975,794,0.4494,2059,0,0,,,,1,0
2026-09-15,full,/blog/governor-election-turnout-prefecture-gap,blog,180640,79083,749,0.4643,2069,0,0,,,,1,0
2026-09-15,full,/blog/instant-noodles-consumption-prefecture-gap,blog,217131,97549,846,0.4301,2135,0,0,,,,1,0
2026-09-15,full,/blog/kei-car-density-prefecture-gap,blog,178757,78057,753,0.4643,1976,0,0,,,,1,0
2026-09-15,full,/blog/mineral-water-spending-prefecture-gap,blog,212553,95710,829,0.4271,2086,0,0,,,,1,0
2026-09-15,full,/blog/mochi-consumption-prefecture-gap,blog,185728,81211,781,0.4432,1960,0,0,,,,1,0
2026-09-15,full,/blog/oyster-consumption-prefecture-gap,blog,189579,82965,784,0.4483,2125,0,0,,,,1,0
2026-09-15,full,/blog/pachinko-participation-prefecture-gap,blog,186650,81487,774,0.4588,2108,0,0,,,,1,0
2026-09-15,full,/blog/passport-issuance-prefecture-gap,blog,184347,80629,771,0.4651,2110,0,0,,,,1,0
2026-09-15,full,/blog/pharmacist-income-prefecture-gap,blog,192271,83728,811,0.4681,2024,0,2,,,,1,1
2026-09-15,full,/blog/professor-income-prefecture-gap,blog,190808,83226,809,0.4565,2045,0,2,,,,1,1
2026-09-15,full,/blog/smartphone-ownership-prefecture-gap,blog,198870,86297,864,0.4563,2040,0,2,,,,1,1
2026-09-15,full,/blog/solar-panel-housing-prefecture-gap,blog,216281,93055,913,0.4537,2144,0,2,,,,1,1
2026-09-15,full,/blog/strawberry-consumption-prefecture-gap,blog,206214,92650,839,0.4239,2019,0,0,,,,1,0
2026-09-15,full,/blog/system-consultant-income-prefecture-gap,blog,190727,82870,821,0.4565,2056,0,2,,,,1,1
2026-09-15,full,/blog/taxi-driver-income-prefecture-gap,blog,191660,83252,815,0.4565,2028,0,2,,,,1,1
2026-09-15,full,/blog/tofu-consumption-prefecture-gap,blog,210376,94300,836,0.4149,1989,0,0,,,,1,0
2026-09-15,full,/blog/yakiniku-spending-prefecture-gap,blog,204972,91947,822,0.4239,1981,0,0,,,,1,0
2026-09-15,full,/blog/bank-deposit-balance-shikoku-anomaly,blog,199369,86488,835,0.4444,2098,0,2,,,,1,1
2026-09-15,full,/blog/future-population-disappearing-prefectures,blog,197880,86436,835,0.4479,2072,0,0,,,,1,0
2026-09-15,full,/blog/inbound-overnight-guests-prefecture,blog,204599,88677,898,0.4528,2074,0,2,,,,1,1
2026-09-15,full,/blog/minimum-wage-1000yen-prefecture,blog,194511,85585,804,0.4516,2082,0,2,,,,1,1
2026-09-15,full,/blog/police-officer-density-vs-crime-gap,blog,191282,82662,790,0.4536,2087,0,0,,,,1,0
2026-09-15,full,/blog/telework-rate-tokyo-gap,blog,202792,87605,853,0.4468,2115,0,2,,,,1,1
2026-09-15,full,/blog/estat-7-techniques-from-unusable-to-usable,blog,209790,90686,994,0.4624,2033,0,0,,,,1,0
2026-09-15,full,/blog/assembly-answer-chatgpt-5steps,blog,197915,87432,878,0.4875,1994,0,0,,,,1,0
2026-09-15,full,/blog/highway-japan-58years,blog,209065,90906,910,0.4694,2097,0,0,,,,1,0
2026-09-15,full,/blog/koumuin-claude-code-estat-automation,blog,209946,91629,882,0.4524,1987,0,0,,,,1,0
2026-09-15,full,/blog/sunshine-solar-housing-correlation,blog,204440,88099,863,0.4615,2054,0,0,,,,1,0
2026-09-15,full,/blog/depopulation-area-medical-facilities,blog,186586,82002,778,0.4824,2083,0,0,,,,1,0
2026-09-15,full,/blog/disaster-damage-per-person-prefecture-gap,blog,178756,78158,745,0.4659,2066,0,0,,,,1,0
2026-09-15,full,/blog/female-lecture-prefecture-gap,blog,188402,82011,809,0.4526,2022,0,2,,,,1,1
2026-09-15,full,/blog/foreign-overnight-guests-prefecture-gap,blog,188086,82425,786,0.4651,2125,0,0,,,,1,0
2026-09-15,full,/blog/inflow-population-ratio-prefecture-gap,blog,187255,81905,768,0.4767,2200,0,0,,,,1,0
2026-09-15,full,/blog/musical-instrument-expenditure-prefecture-gap,blog,211589,95189,825,0.4239,2055,0,0,,,,1,0
2026-09-15,full,/blog/rice-harvest-volume-prefecture-gap,blog,202647,87485,893,0.4444,2172,0,0,,,,1,0
2026-09-15,full,/blog/fresh-udon-soba-consumption-prefecture-gap,blog,204086,91745,814,0.4194,2010,0,0,,,,1,0
2026-09-15,full,/blog/konbu-consumption-prefecture-gap,blog,183470,79851,784,0.4483,2091,0,0,,,,1,0
2026-09-15,full,/blog/low-birthweight-rate-prefecture-gap,blog,185050,80457,776,0.4651,2045,0,0,,,,1,0
2026-09-15,full,/blog/sake-consumption-prefecture-gap,blog,202867,90984,827,0.4149,2045,0,0,,,,1,0
2026-09-15,full,/blog/future-burden-ratio-extreme-gap,blog,209346,91554,882,0.451,2051,0,0,,,,1,0
2026-09-15,full,/blog/inpatient-rate-prefecture-gap,blog,176816,77126,746,0.4706,2037,0,0,,,,1,0
2026-09-15,full,/blog/outpatient-rate-prefecture-gap,blog,177138,77312,738,0.4706,2027,0,0,,,,1,0
2026-09-15,full,/blog/unemployment-tertiary-industry-link,blog,207207,90029,850,0.4712,2192,0,0,,,,1,0
2026-09-15,full,/blog/minimum-wage-increase-rate-prefecture-gap,blog,194716,85420,847,0.4646,2068,0,2,,,,1,1
2026-09-15,full,/blog/chicken-consumption-prefecture-gap,blog,205212,91944,849,0.4348,1969,0,0,,,,1,0
2026-09-15,full,/blog/local-debt-current-ratio-prefecture-gap,blog,205627,89500,861,0.4653,2196,0,0,,,,1,0
2026-09-15,full,/blog/whisky-consumption-prefecture-gap,blog,207596,93073,840,0.4348,1974,0,0,,,,1,0
2026-09-15,full,/blog/abortion-rate-prefecture-gap,blog,178744,77672,786,0.4598,1951,0,0,,,,1,0
2026-09-15,full,/blog/prefectural-height-male-female-gap,blog,190096,82484,804,0.4535,2132,0,0,,,,1,0
2026-09-15,full,/blog/self-financing-ratio-prefecture-gap,blog,190764,82674,843,0.4563,2041,0,0,,,,1,0
2026-09-15,full,/blog/sugar-consumption-prefecture-gap,blog,214571,97021,843,0.4194,2108,0,0,,,,1,0
2026-09-15,full,/blog/healthy-life-expectancy-male-female-gap,blog,177943,77666,786,0.4578,1992,0,0,,,,1,0
2026-09-15,full,/blog/extreme-heat-days-prefecture,blog,182391,79595,781,0.4824,1987,0,0,,,,1,0
2026-09-15,full,/blog/wheat-flour-consumption-prefecture,blog,209238,95159,815,0.4157,2023,0,0,,,,1,0
2026-09-15,full,/blog/cc-estat-03-population-bar,blog,247690,100945,1079,0.51,1929,0,0,,,,1,0
2026-09-15,full,/blog/cc-estat-06-income-scatter,blog,288005,122780,1115,0.4713,2059,0,0,,,,1,0
2026-09-15,full,/blog/cc-estat-07-birthrate-line,blog,260589,109937,1070,0.4706,1916,0,0,,,,1,0
2026-09-15,full,/blog/cc-estat-08-bar-chart-race,blog,264883,110774,1081,0.4688,1877,0,2,,,,1,1
2026-09-15,full,/blog/cc-estat-09-radar-prefecture,blog,244819,103617,1002,0.4667,1912,0,0,,,,1,0
2026-09-15,full,/blog/cc-estat-10-wage-box-plot,blog,259587,110082,1075,0.4894,1938,0,2,,,,1,1
2026-09-15,full,/blog/cc-estat-11-tourism-stacked,blog,285886,119974,1229,0.4537,1902,0,2,,,,1,1
2026-09-15,full,/blog/cc-estat-12-housing-treemap,blog,252179,105077,1025,0.5059,1910,0,0,,,,1,0
2026-09-15,full,/blog/cc-estat-13-agri-sankey,blog,235861,98491,977,0.4819,1910,0,0,,,,1,0
2026-09-15,full,/blog/cc-estat-14-energy-area-chart,blog,255090,104633,1110,0.4762,1900,0,0,,,,1,0
2026-09-15,full,/blog/cc-estat-15-crime-small-multiple,blog,289826,121621,1190,0.4362,1890,0,0,,,,1,0
2026-09-15,full,/blog/cc-estat-16-commerce-bubble,blog,245404,104671,945,0.4884,1919,0,0,,,,1,0
2026-09-15,full,/blog/cc-estat-17-edu-slope-graph,blog,305242,128765,1290,0.4756,1893,0,0,,,,1,0
2026-09-15,full,/blog/cc-estat-18-cache-r2,blog,300345,125221,1339,0.4615,1894,0,0,,,,1,0
2026-09-15,full,/blog/cc-estat-19-skill-pipeline,blog,266693,111326,1097,0.4624,1986,0,2,,,,1,1
2026-09-15,full,/blog/cc-estat-20-publish,blog,292500,118825,1256,0.4563,2102,0,0,,,,1,0
2026-09-15,full,/blog/food-price-regional-2026,blog,212192,92173,891,0.4792,2182,0,2,,,,1,1
2026-09-15,full,/blog/earthquake-insurance-prefecture-gap,blog,191342,82750,819,0.4516,2084,0,0,,,,1,0
2026-09-15,full,/blog/noodle-consumption-prefecture-character,blog,213062,94024,910,0.3793,2062,0,0,,,,1,0
2026-09-15,full,/blog/prefectural-debt-future-burden,blog,176742,76526,793,0.4231,1970,0,0,,,,1,0
2026-09-15,full,/blog/food-trio-prefecture-map,blog,208058,92253,864,0.4063,2018,0,0,,,,1,0
2026-09-15,full,/blog/hospital-bed-utilization-map,blog,188796,81130,848,0.4048,2047,0,0,,,,1,0
2026-09-15,full,/blog/fishery-species-prefecture-specialty,blog,210154,90882,876,0.4865,2263,0,0,,,,1,0
2026-09-15,full,/blog/highschool-starting-salary-gap,blog,192770,83030,856,0.4316,2016,0,2,,,,1,1
2026-09-15,full,/blog/general-bed-utilization-pressure-map,blog,185147,81026,762,0.4634,2117,0,0,,,,1,0
2026-09-15,full,/blog/inpatient-rate-aging-burden,blog,180622,79058,757,0.4625,1993,0,0,,,,1,0
2026-09-15,full,/blog/middle-school-height-east-west-puzzle,blog,182534,79936,764,0.4643,2029,0,0,,,,1,0
2026-09-15,full,/blog/natto-consumption-east-west-divide,blog,197898,89373,794,0.4222,2070,0,0,,,,1,0
2026-09-15,full,/blog/public-phone-prefecture-vanishing,blog,189864,82859,790,0.4824,2141,0,0,,,,1,0
2026-09-15,full,/blog/dual-income-childcare-dilemma,blog,179484,77534,799,0.4699,1974,0,0,,,,1,0
2026-09-15,full,/blog/minimum-wage-1000yen-breakthrough,blog,205775,89618,862,0.4333,2283,0,2,,,,1,1
2026-09-15,full,/blog/occupation-income-gap-pilot-vs-careworker,blog,193397,82603,869,0.4396,1986,0,2,,,,1,1
2026-09-15,full,/blog/telework-gap-tokyo-6x,blog,187450,82454,798,0.4286,2034,0,2,,,,1,1
2026-09-15,full,/blog/truck-driver-2024-crisis,blog,195876,83949,858,0.45,2115,0,2,,,,1,1
2026-09-15,full,/blog/electricity-bill-hike-impact,blog,200583,85293,902,0.4474,2039,0,2,,,,1,1
2026-09-15,full,/blog/childcare-friendly-prefecture-ranking,blog,288455,103811,1409,0.4818,2107,0,2,,,,1,1
2026-09-15,full,/blog/livable-prefecture-composite-ranking,blog,237649,85091,1200,0.4519,2099,0,0,,,,1,0
2026-09-15,full,/blog/engel-coefficient-prefecture-ranking,blog,202501,88699,837,0.4432,2068,0,0,,,,1,0
2026-09-15,full,/blog/food-consumption-prefecture-battle,blog,241169,102635,999,0.4063,2034,0,0,,,,1,0
2026-09-15,full,/blog/household-spending-before-after-inflation,blog,214921,95194,905,0.4242,2118,0,0,,,,1,0
2026-09-15,full,/blog/future-population-tokyo-paradox,blog,198415,82979,884,0.4854,2013,0,0,,,,1,0
2026-09-15,full,/blog/aging-rate-akita-vs-okinawa,blog,186414,81479,769,0.4598,2227,0,0,,,,1,0
2026-09-15,full,/blog/child-height-regional-gap,blog,189924,82178,849,0.4643,2053,0,0,,,,1,0
2026-09-15,full,/blog/dual-income-reversal,blog,185736,80372,779,0.4607,1998,0,0,,,,1,0
2026-09-15,full,/blog/fertility-rate-prefecture-gap,blog,182300,78621,789,0.4773,2064,0,0,,,,1,0
2026-09-15,full,/blog/fiscal-self-reliance-gap,blog,210300,89331,944,0.4434,2039,0,0,,,,1,0
2026-09-15,full,/blog/household-income-tokyo-okinawa,blog,202250,86506,876,0.4356,2187,0,2,,,,1,1
2026-09-15,full,/blog/household-solo-vs-dualincome,blog,193067,82521,866,0.4783,1949,0,0,,,,1,0
2026-09-15,full,/blog/inflation-rate-prefecture-gap,blog,203040,87976,819,0.4432,2193,0,0,,,,1,0
2026-09-15,full,/blog/marriage-divorce-okinawa,blog,212289,92255,858,0.4851,2107,0,0,,,,1,0
2026-09-15,full,/blog/park-green-space-gap,blog,207737,88226,899,0.4486,2118,0,0,,,,1,0
2026-09-15,full,/blog/savings-rate-gap,blog,221387,98195,904,0.41,2168,0,2,,,,1,1
2026-09-15,full,/blog/school-nonattendance-pattern,blog,217324,92648,940,0.4483,2136,0,2,,,,1,1
2026-09-15,full,/blog/sunshine-pacific-vs-nihonkai,blog,204273,88210,900,0.4519,1975,0,0,,,,1,0
2026-09-15,full,/blog/barber-beauty-salon-regional-gap,blog,192244,82639,824,0.4624,2446,0,0,,,,1,0
2026-09-15,full,/blog/commercial-land-price-trend,blog,191749,82855,835,0.4255,1960,0,2,,,,1,1
2026-09-15,full,/blog/commercial-sales-productivity-gap,blog,202189,86325,861,0.4327,2252,0,2,,,,1,1
2026-09-15,full,/blog/convenience-store-density-map,blog,195037,84216,849,0.4412,2035,0,2,,,,1,1
2026-09-15,full,/blog/crime-rate-regional-gap,blog,193111,84020,811,0.4505,1996,0,0,,,,1,0
2026-09-15,full,/blog/education-cost-per-child,blog,204418,87877,915,0.4464,2084,0,0,,,,1,0
2026-09-15,full,/blog/expenditure-structure-comparison,blog,209193,90155,940,0.4455,2132,0,0,,,,1,0
2026-09-15,full,/blog/habitable-area-land-use,blog,184151,79615,776,0.4444,2084,0,0,,,,1,0
2026-09-15,full,/blog/local-tax-revenue-gap,blog,209437,88186,950,0.4706,2064,0,0,,,,1,0
2026-09-15,full,/blog/pollution-complaints-regional-map,blog,193161,83197,838,0.4592,2118,0,0,,,,1,0
2026-09-15,full,/blog/population-density-urbanization,blog,190541,82977,803,0.4421,2119,0,0,,,,1,0
2026-09-15,full,/blog/precipitation-snow-regional-gap,blog,203471,87978,850,0.4694,2216,0,0,,,,1,0
2026-09-15,full,/blog/small-business-dominance-map,blog,203518,86613,918,0.463,2030,0,0,,,,1,0
2026-09-15,full,/blog/suicide-rate-aging-nexus,blog,190349,81072,870,0.4583,2051,0,0,,,,1,0
2026-09-15,full,/blog/temperature-extremes-map,blog,201945,86592,896,0.4752,2049,0,0,,,,1,0
2026-09-15,full,/blog/university-advancement-capacity,blog,204109,87395,904,0.4412,2021,0,2,,,,1,1
2026-09-15,full,/blog/workplace-accident-regional-map,blog,202883,86954,866,0.4468,2104,0,0,,,,1,0
2026-09-15,full,/blog/communication-cost-burden,blog,191918,83808,787,0.4382,2126,0,0,,,,1,0
2026-09-15,full,/blog/manufacturing-productivity,blog,222103,94101,999,0.4602,2107,0,2,,,,1,1
2026-09-15,full,/blog/mobile-contracts-over-population,blog,182630,79544,785,0.4607,2022,0,0,,,,1,0
2026-09-15,full,/blog/post-office-last-window,blog,187987,80639,802,0.4624,2344,0,0,,,,1,0
2026-09-15,full,/blog/purchasing-power-adjusted,blog,206601,88404,947,0.4412,2044,0,2,,,,1,1
2026-09-15,full,/blog/recycling-rate-gap,blog,197996,85468,833,0.45,2064,0,0,,,,1,0
2026-09-15,full,/blog/energy-consumption-structure-shift,blog,212377,89767,963,0.4495,2072,0,2,,,,1,1
2026-09-15,full,/blog/fiscal-health-50years-trend,blog,211765,89967,955,0.4595,2338,0,0,,,,1,0
2026-09-15,full,/blog/health-life-expectancy-structure,blog,189008,80910,835,0.4624,2071,0,0,,,,1,0
2026-09-15,full,/blog/housing-cost-livability-trend,blog,217412,94141,913,0.4364,2187,0,2,,,,1,1
2026-09-15,full,/blog/minimum-wage-gap-regional-economy,blog,197980,85181,876,0.4412,2094,0,2,,,,1,1
2026-09-15,full,/blog/overnight-guests-inbound-recovery,blog,219161,92296,1028,0.4636,2003,0,2,,,,1,1
2026-09-15,full,/blog/unmarried-rate-40years-crisis,blog,201535,85071,917,0.4587,1991,0,0,,,,1,0
2026-09-15,full,/blog/electricity-demand-gap,blog,208107,90015,872,0.4495,2039,0,2,,,,1,1
2026-09-15,full,/blog/energy-infrastructure-gas-electricity,blog,214870,92210,902,0.4483,2026,0,2,,,,1,1
2026-09-15,full,/blog/farmland-crisis-abandoned-land,blog,198745,84175,847,0.4592,2071,0,0,,,,1,0
2026-09-15,full,/blog/fishery-catch-aquaculture-shift,blog,193285,83550,797,0.4574,2144,0,0,,,,1,0
2026-09-15,full,/blog/foreign-population-growth-rate,blog,198920,86199,825,0.4854,2228,0,0,,,,1,0
2026-09-15,full,/blog/forest-coverage-woodland-economy,blog,200713,86103,823,0.4632,2098,0,0,,,,1,0
2026-09-15,full,/blog/gasoline-car-society-map,blog,203431,88291,835,0.433,2030,0,1,,,,1,1
2026-09-15,full,/blog/ict-digital-divide-composite-analysis,blog,199311,85707,816,0.4433,2196,0,0,,,,1,0
2026-09-15,full,/blog/ict-media-consumption-gender-gap,blog,185096,79668,793,0.4598,2080,0,0,,,,1,0
2026-09-15,full,/blog/inbound-by-nationality-regional-preference,blog,200706,87427,808,0.4694,2106,0,0,,,,1,0
2026-09-15,full,/blog/inbound-overnight-regional-gap,blog,188423,82384,765,0.4535,2108,0,0,,,,1,0
2026-09-15,full,/blog/inbound-overnight-stay-concentration,blog,205969,89357,885,0.4579,1939,0,2,,,,1,1
2026-09-15,full,/blog/industrial-water-manufacturing-nexus,blog,215307,92308,886,0.4412,2184,0,2,,,,1,1
2026-09-15,full,/blog/international-cooperation-volunteer-map,blog,199532,86585,819,0.4646,2159,0,0,,,,1,0
2026-09-15,full,/blog/library-museum-cultural-capital,blog,205160,88344,848,0.4327,2033,0,2,,,,1,1
2026-09-15,full,/blog/overseas-travel-gap,blog,184502,80436,764,0.4255,2005,0,0,,,,1,0
2026-09-15,full,/blog/pharma-medical-device-production-map,blog,197418,85620,811,0.4565,2065,0,0,,,,1,0
2026-09-15,full,/blog/renewable-energy-regional-gap,blog,193294,84912,793,0.433,2087,0,2,,,,1,1
2026-09-15,full,/blog/road-infrastructure-density,blog,195825,84323,823,0.4519,2013,0,0,,,,1,0
2026-09-15,full,/blog/ryokan-vs-hotel-overnight-shift,blog,183316,79876,741,0.4607,2089,0,0,,,,1,0
2026-09-15,full,/blog/semiconductor-electronics-regional-map,blog,209853,91584,844,0.4722,2141,0,2,,,,1,1
2026-09-15,full,/blog/sixth-industry-direct-sales,blog,184105,80144,757,0.4659,2183,0,0,,,,1,0
2026-09-15,full,/blog/sports-facility-regional-divide,blog,193106,83508,785,0.4479,2037,0,0,,,,1,0
2026-09-15,full,/blog/travel-behavior-gender-gap,blog,194722,84068,785,0.4409,2025,0,0,,,,1,0
2026-09-15,full,/blog/urban-parks-green-infrastructure,blog,182076,78449,776,0.4421,2010,0,0,,,,1,0
2026-09-15,full,/blog/waste-management-recycling-gap,blog,191444,82491,832,0.4455,1972,0,0,,,,1,0
2026-09-15,full,/blog/water-infrastructure-crisis,blog,196222,84098,827,0.4466,2009,0,0,,,,1,0
2026-09-15,full,/blog/water-sewage-crisis,blog,198577,84745,871,0.4757,2233,0,0,,,,1,0
2026-09-15,full,/blog/welfare-expenses-squeeze,blog,207071,88768,885,0.4561,2142,0,0,,,,1,0
2026-09-15,full,/blog/cpi-change-regional-pattern,blog,203668,88374,825,0.4211,2358,0,2,,,,1,1
2026-09-15,full,/blog/food-spending-pattern,blog,189614,79859,849,0.4362,2047,0,0,,,,1,0
2026-09-15,full,/blog/per-capita-income-gap,blog,190516,81417,836,0.4556,1977,0,0,,,,1,0
2026-09-15,full,/blog/savings-balance-gap,blog,195635,83714,863,0.449,2017,0,2,,,,1,1
2026-09-15,full,/blog/education-expenses-gap,blog,193390,83635,844,0.4457,2038,0,2,,,,1,1
2026-09-15,full,/blog/fertility-fiscal-nexus,blog,216754,93160,935,0.4464,2136,0,0,,,,1,0
2026-09-15,full,/blog/local-tax-regional-gap,blog,221613,98923,871,0.4118,2177,0,0,,,,1,0
2026-09-15,full,/blog/population-migration-tokyo-concentration,blog,193151,82826,843,0.4479,2158,0,0,,,,1,0
2026-09-15,full,/blog/household-structure-transformation,blog,198555,86132,854,0.427,2089,0,0,,,,1,0
2026-09-15,full,/blog/aging-solo-living-crisis,blog,193536,83457,848,0.4731,1997,0,0,,,,1,0
2026-09-15,full,/blog/foreign-residents-diversity-map,blog,207311,88226,911,0.4811,2112,0,0,,,,1,0
2026-09-15,full,/blog/alcohol-prefecture-map,blog,200512,85795,889,0.4409,2290,0,2,,,,1,1
2026-09-15,full,/blog/birth-death-gap-decline,blog,181602,78294,783,0.4318,2162,0,0,,,,1,0
2026-09-15,full,/blog/nursing-care-shortage-2040,blog,209230,89353,908,0.4732,2031,0,0,,,,1,0
2026-09-15,full,/blog/safe-driving-5-features,blog,206733,89787,857,0.45,2158,0,0,,,,1,0
2026-09-15,full,/blog/unemployment-structure,blog,188610,83227,769,0.4535,2202,0,2,,,,1,1
2026-09-15,full,/blog/vacant-house-crisis,blog,211950,91351,886,0.4579,2096,0,2,,,,1,1
2026-09-15,full,/blog/waiting-children-progress,blog,178093,76464,779,0.4458,1973,0,0,,,,1,0
2026-09-15,full,/blog/manufacturing-aichi-dominance,blog,223242,94489,987,0.4414,2141,0,2,,,,1,1
2026-09-15,full,/blog/wage-vs-living-cost,blog,196397,84866,876,0.4444,2123,0,2,,,,1,1
2026-09-15,full,/blog/traffic-accident-deaths-regional-risk,blog,194689,84702,790,0.4348,2168,0,0,,,,1,0
2026-09-15,full,/category/landweather,category,620617,285185,1455,0.3913,1131,0,0,,,,1,0
2026-09-15,full,/category/population,category,731170,343366,1946,0.2763,1131,0,0,,,,0,1
2026-09-15,full,/category/laborwage,category,718098,337817,1857,0.2908,1131,0,0,,,,0,1
2026-09-15,full,/category/agriculture,category,647484,299659,1591,0.3589,1131,0,0,,,,1,0
2026-09-15,full,/category/miningindustry,category,449439,199032,1071,0.4386,1125,0,0,,,,1,0
2026-09-15,full,/category/commercial,category,649797,301660,1548,0.336,1140,0,0,,,,1,0
2026-09-15,full,/category/economy,category,1643782,843604,6318,0.0953,1140,0,0,,,,0,3
2026-09-15,full,/category/construction,category,673884,312959,1668,0.3432,1140,0,0,,,,1,0
2026-09-15,full,/category/energy,category,600690,274909,1316,0.4236,1137,0,0,,,,1,0
2026-09-15,full,/category/tourism,category,632419,292233,1475,0.381,1131,0,0,,,,1,0
2026-09-15,full,/category/educationsports,category,881502,425714,2619,0.2052,1146,0,0,,,,0,1
2026-09-15,full,/category/administrativefinancial,category,734882,346252,1955,0.2831,1125,0,0,,,,0,1
2026-09-15,full,/category/safetyenvironment,category,701752,328470,1816,0.3115,1140,0,0,,,,1,0
2026-09-15,full,/category/socialsecurity,category,882471,425956,2636,0.2241,1137,0,0,,,,0,1
2026-09-15,full,/category/international,category,260642,108199,867,0.4348,1122,0,0,,,,1,0
2026-09-15,full,/category/infrastructure,category,629945,289713,1493,0.3761,1134,0,0,,,,1,0
2026-09-15,full,/category/ict,category,591568,269971,1289,0.4256,1143,0,0,,,,1,0
2026-09-15,full,/survey,survey,273502,151385,1116,0.0061,1140,0,0,,,,0,0
2026-09-15,full,/survey/kakei-chousa,survey,707336,483616,886,0.1884,1228,0,0,,,,0,1
2026-09-15,full,/survey/commercial-dynamics-survey,survey,373684,189559,712,0.3478,1225,0,0,,,,1,0
2026-09-15,full,/survey/social-education-survey,survey,400163,201898,816,0.2353,1219,0,0,,,,0,1
2026-09-15,full,/survey/census,survey,508869,290234,942,0.2193,1213,0,0,,,,0,1
2026-09-15,full,/survey/vital-statistics,survey,401732,204753,810,0.2174,1219,0,0,,,,0,1
2026-09-15,full,/survey/population-estimates,survey,470394,258717,903,0.23,1213,0,0,,,,0,1
2026-09-15,full,/survey/household-survey,survey,407185,204836,858,0.284,1213,0,0,,,,0,1
2026-09-15,full,/survey/wage-structure-survey,survey,0,,,,,,,,,,1,0
2026-09-15,full,/survey/minimum-wage,survey,185251,97841,503,0.1892,1222,0,0,,,,0,1
2026-09-15,full,/survey/industrial-statistics,survey,183425,96932,498,0.2059,1219,0,0,,,,0,1
2026-09-15,full,/survey/commercial-statistics,survey,368522,186989,692,0.3721,1219,0,0,,,,1,0
2026-09-15,full,/survey/prefectural-accounts,survey,392246,196494,799,0.25,1219,0,0,,,,0,1
2026-09-15,full,/survey/local-finance,survey,0,,,,,,,,,,1,0
2026-09-15,full,/survey/local-tax,survey,382980,194311,754,0.3158,1228,0,0,,,,1,0
2026-09-15,full,/survey/school-basic-survey,survey,410527,211439,815,0.197,1219,0,0,,,,0,1
2026-09-15,full,/survey/housing-land-survey,survey,403534,204287,819,0.2206,1228,0,0,,,,0,1
2026-09-15,full,/survey/accommodation-survey,survey,313236,160641,651,0.2826,1225,0,0,,,,0,1
2026-09-15,full,/survey/medical-facility-survey,survey,391554,197524,788,0.2459,1219,0,0,,,,0,1
2026-09-15,full,/survey/physician-survey,survey,373255,187194,734,0.3265,1240,0,0,,,,1,0
2026-09-15,full,/survey/police-statistics,survey,382568,190117,784,0.25,1213,0,0,,,,0,1
2026-09-15,full,/survey/traffic-accident-statistics,survey,385951,195309,758,0.3077,1219,0,0,,,,1,0
2026-09-15,full,/survey/social-life-basic-survey,survey,432551,227102,855,0.1875,1225,0,0,,,,0,1
2026-09-15,full,/survey/employment-structure-survey,survey,399847,200740,820,0.2319,1225,0,0,,,,0,1
2026-09-15,full,/survey/workplace-accident-survey,survey,309352,158430,634,0.3415,1225,0,0,,,,1,0
2026-09-15,full,/survey/factory-location-survey,survey,306889,157063,627,0.3333,1225,0,0,,,,1,0
2026-09-15,full,/survey/hospital-report,survey,297572,151280,604,0.3714,1213,0,0,,,,1,0
2026-09-15,full,/survey/health-admin-report,survey,395309,198787,815,0.2394,1222,0,0,,,,0,1
2026-09-15,full,/survey/patient-survey,survey,390442,196849,784,0.25,1213,0,0,,,,0,1
2026-09-15,full,/survey/sole-proprietor-survey,survey,303405,155040,612,0.3421,1225,0,0,,,,1,0
2026-09-15,full,/survey/national-household-survey,survey,0,,,,,,,,,,1,0
2026-09-15,full,/survey/crop-statistics,survey,377881,191085,743,0.3077,1219,0,0,,,,1,0
2026-09-15,full,/survey/livestock-statistics,survey,374638,190387,718,0.3333,1219,0,0,,,,1,0
2026-09-15,full,/survey/water-pollution-survey,survey,296557,150588,605,0.3714,1240,0,0,,,,1,0
2026-09-15,full,/survey/social-welfare-facility-survey,survey,390005,195175,796,0.2615,1228,0,0,,,,0,1
2026-09-15,full,/survey/prefectural-settlement-survey,survey,437369,232059,864,0.2683,1228,0,0,,,,0,1
2026-09-15,full,/survey/municipal-settlement-survey,survey,402096,202473,827,0.2676,1228,0,0,,,,0,1
2026-09-15,full,/survey/economic-census-activity,survey,419216,216241,853,0.225,1232,0,0,,,,0,1
2026-09-15,full,/survey/economic-census-basic,survey,395555,197960,814,0.2687,1232,0,0,,,,0,1
2026-09-15,full,/survey/area-survey,survey,398955,199513,843,0.2963,1243,0,0,,,,0,1
2026-09-15,full,/survey/care-service-facility-survey,survey,369572,186169,715,0.3478,1243,0,0,,,,1,0
2026-09-15,full,/survey/public-assistance-survey,survey,377825,188206,762,0.3091,1219,0,0,,,,1,0
2026-09-15,full,/survey/cpi-annual,survey,391729,195786,795,0.2615,1222,0,0,,,,0,1
2026-09-15,full,/survey/retail-price-survey,survey,393872,198836,792,0.2698,1240,0,0,,,,0,1
2026-09-15,full,/survey/school-health-survey,survey,372459,186308,728,0.3137,1234,0,0,,,,1,0
2026-09-15,full,/survey/welfare-admin-report,survey,379706,188633,773,0.2982,1222,0,0,,,,0,1
2026-09-15,full,/survey/establishment-enterprise-census,survey,383671,193472,759,0.3208,1237,0,0,,,,1,0
2026-09-15,full,/survey/agriculture-forestry-census,survey,0,,,,,,,,,,1,0
2026-09-15,full,/survey/road-statistics,survey,395973,198230,820,0.2754,1219,0,0,,,,0,1
2026-09-15,full,/survey/administrative-investment-report,survey,383101,192675,764,0.3276,1219,0,0,,,,1,0
2026-09-15,full,/survey/fishery-aquaculture-production,survey,392347,198228,800,0.2581,1237,0,0,,,,0,1
2026-09-15,full,/survey/labor-market-annual,survey,381372,192809,751,0.3019,1219,0,0,,,,1,0
2026-09-15,full,/survey/weather-statistics,survey,372904,186706,744,0.3019,1213,0,0,,,,1,0
2026-09-15,full,/survey/housing-starts-statistics,survey,385606,193687,774,0.2807,1219,0,0,,,,0,1
2026-09-15,full,/survey/job-placement-statistics,survey,385432,194448,769,0.2931,1225,0,0,,,,0,1
2026-09-15,full,/survey/city-planning-survey,survey,380061,192269,747,0.3529,1225,0,0,,,,1,0
2026-09-15,full,/survey/waste-management-survey,survey,369332,185763,723,0.375,1240,0,0,,,,1,0
2026-09-15,full,/survey/foreign-residents-statistics,survey,371817,186398,736,0.36,1222,0,0,,,,1,0
2026-09-15,full,/survey/population-projection,survey,0,,,,,,,,,,1,0
2026-09-15,full,/survey/local-gov-staffing-survey,survey,379741,192202,743,0.34,1237,0,0,,,,1,0
2026-09-15,full,/survey/insurance-rate-org-statistics,survey,380758,192629,740,0.3396,1240,0,0,,,,1,0
2026-09-15,full,/survey/prefectural-land-price-survey,survey,379711,192788,743,0.3462,1225,0,0,,,,1,0
2026-09-15,full,/survey/waterworks-statistics,survey,0,,,,,,,,,,1,0
2026-09-15,full,/survey/agriculture-management-survey,survey,370752,188022,709,0.3778,1231,0,0,,,,1,0
2026-09-15,full,/survey/urban-park-survey,survey,384086,193455,767,0.2857,1234,0,0,,,,0,1
2026-09-15,full,/survey/sewerage-statistics,survey,364871,183893,699,0.3696,1216,0,0,,,,1,0
2026-09-15,full,/survey/local-education-expense-survey,survey,376100,191006,723,0.3261,1231,0,0,,,,1,0
2026-09-15,full,/survey/fire-annual-report,survey,373903,186960,746,0.3077,1213,0,0,,,,1,0
2026-09-15,full,/survey/construction-work-statistics,survey,369879,34722,697,0.3659,1237,0,0,,,,1,0
2026-09-15,full,/survey/passenger-regional-flow-survey,survey,371941,189214,712,0.3409,1225,0,0,,,,1,0
2026-09-15,full,/survey/natural-park-area,survey,361906,182055,698,0.375,1222,0,0,,,,1,0
2026-09-15,full,/survey/boj-statistics,survey,366351,185579,688,0.3659,1219,0,0,,,,1,0
2026-09-15,full,/survey/comprehensive-living-conditions-survey,survey,362139,182072,689,0.375,1225,0,0,,,,1,0
2026-09-15,full,/survey/japan-post-statistics,survey,371836,188281,714,0.3556,1219,0,0,,,,1,0
2026-09-15,full,/survey/flood-statistics,survey,366205,183746,717,0.3636,1219,0,0,,,,1,0
2026-09-15,full,/survey/construction-orders-statistics,survey,245269,127210,554,0.2857,1237,0,0,,,,0,1
2026-09-15,full,/survey/freight-regional-flow-survey,survey,245841,127623,567,0.2703,1225,0,0,,,,0,1
2026-09-15,full,/survey/pension-insurance-annual-report,survey,368038,185526,707,0.3721,1246,0,0,,,,1,0
2026-09-15,full,/survey/national-medical-expenditure,survey,303023,154337,625,0.3421,1216,0,0,,,,1,0
2026-09-15,full,/survey/late-elderly-medical-annual-report,survey,172072,89926,470,0.25,1234,0,0,,,,0,1
2026-09-15,full,/survey/port-statistics,survey,378660,191753,736,0.34,1237,0,0,,,,1,0
2026-09-15,full,/survey/resident-registry-migration-report,survey,375214,187920,744,0.3019,1237,0,0,,,,1,0
2026-09-15,full,/survey/telecommunications-service-contract-report,survey,376396,191018,721,0.3673,1240,0,0,,,,1,0
2026-09-15,full,/survey/local-public-employee-salary,survey,384446,194411,758,0.2963,1234,0,0,,,,0,1
2026-09-15,full,/survey/economic-structure-survey,survey,391746,197571,793,0.2969,1225,0,0,,,,0,1
2026-09-15,full,/survey/agricultural-income-statistics,survey,311500,159514,651,0.3043,1225,0,0,,,,1,0
2026-09-15,full,/survey/student-guidance-issues-survey,survey,363393,183299,671,0.2791,1288,0,0,,,,0,1
2026-09-15,full,/survey/mlit-ksj,survey,379909,193361,739,0.3208,1219,0,0,,,,1,0
2026-09-15,full,/survey/forestry-statistics-handbook,survey,247269,128025,577,0.275,1228,0,0,,,,0,1
2026-09-15,full,/survey/fishery-census,survey,363086,182394,693,0.2667,1219,0,0,,,,0,1
2026-09-15,full,/survey/employment-trends-survey,survey,165586,86938,434,0.2069,1219,0,0,,,,0,1
2026-09-15,full,/survey/regional-health-promotion-report,survey,358981,178518,690,0.2667,1240,0,0,,,,0,1
2026-09-15,full,/survey/academic-achievement-survey,survey,171361,90226,443,0.1818,1234,0,0,,,,0,1
2026-09-15,full,/survey/junior-high-athletics-membership-survey,survey,360881,181115,670,0.2727,1234,0,0,,,,0,1
2026-09-15,full,/survey/life-tables,survey,350771,175868,654,0.3158,1210,0,0,,,,1,0
2026-09-15,full,/survey/farmland-transfer-conversion-report,survey,163898,86034,420,0.2143,1225,0,0,,,,0,1
2026-09-15,full,/survey/wood-supply-demand-report,survey,355930,179628,656,0.3077,1222,0,0,,,,1,0
2026-09-15,full,/survey/special-forest-products-statistics,survey,223892,115169,487,0.2667,1225,0,0,,,,0,1
2026-09-15,full,/survey/sixth-industry-survey,survey,225072,115792,487,0.2667,1226,0,0,,,,0,1
2026-09-15,full,/survey/motor-vehicle-transport-statistics,survey,228994,118102,504,0.2424,1228,0,0,,,,0,1
2026-09-15,full,/survey/gas-business-statistics,survey,0,,,,,,,,,,1,0
2026-09-15,full,/survey/electricity-business-statistics,survey,234499,120952,527,0.2222,1219,0,0,,,,0,1
2026-09-15,full,/survey/petroleum-sales-statistics,survey,168065,88276,438,0.1935,1240,0,0,,,,0,1
2026-09-15,full,/survey/prefectural-energy-consumption-statistics,survey,363176,183641,678,0.2857,1243,0,0,,,,0,1
2026-09-15,full,/survey/wind-power-deployment-statistics,survey,231224,119096,509,0.2424,1237,0,0,,,,0,1
2026-09-15,full,/survey/fixed-asset-tax-land-statistics,survey,354014,178705,643,0.3333,1252,0,0,,,,1,0
2026-09-15,full,/survey/housing-finance-user-survey,survey,0,,,,,,,,,,1,0
2026-09-15,full,/survey/employment-insurance-annual-report,survey,342623,171899,614,0.3636,1225,0,0,,,,1,0
2026-09-15,full,/survey/workers-compensation-annual-report,survey,230705,118921,507,0.25,1240,0,0,,,,0,1
2026-09-15,full,/survey/national-health-insurance-annual-report,survey,345829,173666,628,0.3529,1231,0,0,,,,1,0
2026-09-15,full,/survey/health-insurance-annual-report,survey,216557,110324,468,0.2963,1225,0,0,,,,0,1
2026-09-15,full,/survey/health-insurance-society-annual-report,survey,344667,173042,614,0.3636,1231,0,0,,,,1,0
2026-09-15,full,/survey/air-pollution-control-law-status,survey,231112,119119,509,0.2424,1234,0,0,,,,0,1
2026-09-15,full,/survey/water-pollution-control-law-status,survey,167361,87941,434,0.2069,1240,0,0,,,,0,1
2026-09-15,full,/survey/life-insurance-business-statistics,survey,353515,178675,637,0.3243,1225,0,0,,,,1,0
2026-09-15,full,/survey/population-research,survey,215672,109804,468,0.2963,1219,0,0,,,,0,1
2026-09-15,full,/survey/natural-conservation-area-data,survey,167212,87861,434,0.2069,1240,0,0,,,,0,1
2026-09-15,full,/survey/nta-annual-statistics,survey,228857,117875,507,0.2727,1225,0,0,,,,0,1
2026-09-15,full,/survey/wastewater-treatment-coverage-report,survey,235922,121767,527,0.2222,1231,0,0,,,,0,1
2026-09-15,full,/survey/prefectural-food-self-sufficiency,survey,161608,84782,414,0.2222,1231,0,0,,,,0,1
2026-09-15,full,/survey/local-election-statistics,survey,225532,116040,487,0.2667,1276,0,0,,,,0,1
2026-09-15,full,/survey/voter-registration-statistics,survey,161960,84968,414,0.2222,1255,0,0,,,,0,1
2026-09-15,full,/survey/national-election-results,survey,354948,179485,646,0.3243,1222,0,0,,,,1,0
2026-09-15,full,/survey/local-election-results,survey,356030,180132,661,0.3158,1222,0,0,,,,1,0
2026-09-15,full,/survey/long-term-care-insurance-annual-report,survey,219024,111671,483,0.2857,1237,0,0,,,,0,1
2026-09-15,full,/survey/truck-operator-statistics,survey,165300,86949,430,0.2069,1234,0,0,,,,0,1
2026-09-15,full,/survey/vehicle-registration-statistics,survey,165145,86877,430,0.2069,1225,0,0,,,,0,1
2026-09-15,full,/survey/resident-registry-population-survey,survey,353144,177587,655,0.325,1273,0,0,,,,1,0
2026-09-15,full,/survey/national-health-nutrition-survey,survey,349138,175242,641,0.3158,1228,0,0,,,,1,0
2026-09-15,full,/survey/national-child-fitness-survey,survey,359553,182126,654,0.3077,1252,0,0,,,,1,0
2026-09-15,full,/survey/forestry-output-statistics,survey,291764,148640,577,0.2857,1216,0,0,,,,0,1
2026-09-15,full,/survey/milk-dairy-statistics,survey,165955,87152,432,0.2069,1228,0,0,,,,0,1
2026-09-15,full,/survey/sports-facilities-survey,survey,231676,119473,509,0.2424,1240,0,0,,,,0,1
2026-09-15,full,/survey/closed-school-facility-survey,survey,167606,88084,436,0.2,1237,0,0,,,,0,1
2026-09-15,full,/survey/inbound-consumption-survey,survey,294156,150257,577,0.2778,1237,0,0,,,,0,1
2026-09-15,full,/survey/national-cancer-registry,survey,156199,80986,412,0.2308,1219,0,0,,,,0,1
2026-09-15,full,/survey/nature-park-visitor-survey,survey,166716,87768,432,0.2,1231,0,0,,,,0,1
2026-09-15,full,/survey/childcare-related-status-report,survey,156884,81368,412,0.2308,1240,0,0,,,,0,1
2026-09-15,full,/survey/poverty-self-reliance-support-status-survey,survey,157160,81511,412,0.2308,1252,0,0,,,,0,1
2026-09-15,full,/survey/local-consumer-administration-status-survey,survey,167916,88275,436,0.2,1237,0,0,,,,0,1
2026-09-15,full,/survey/local-government-gender-equality-policy-status,survey,230909,119019,504,0.25,1309,0,0,,,,0,1
2026-09-15,full,/survey/public-facilities-status-survey,survey,166183,87317,432,0.2069,1225,0,0,,,,0,1
2026-09-15,full,/survey/local-public-enterprise-accounts-survey,survey,362076,183562,660,0.3,1237,0,0,,,,0,1
2026-09-15,full,/survey/patent-administration-annual-report,survey,373245,189214,715,0.3333,1228,0,0,,,,1,0
2026-09-15,full,/survey/telecommunications-contract-share-quarterly,survey,244475,126566,552,0.2857,1291,0,0,,,,0,1
2026-09-15,full,/survey/buried-cultural-property-statistics,survey,178239,94184,478,0.2258,1234,0,0,,,,0,1
2026-09-15,full,/survey/local-cultural-administration-survey,survey,179444,94874,478,0.2258,1264,0,0,,,,0,1
2026-09-15,full,/survey/travel-tourism-consumption-survey,survey,177183,93647,473,0.2258,1234,0,0,,,,0,1
2026-09-15,full,/tag/%E5%AE%B6%E8%A8%88%E8%AA%BF%E6%9F%BB,other,184436,101899,574,0.0278,1308,0,0,,,,0,0
2026-09-15,full,/tag/%E9%A3%9F%E6%96%87%E5%8C%96,other,182611,100875,572,0.0278,1305,0,0,,,,0,0
2026-09-15,full,/tag/%E9%83%BD%E9%81%93%E5%BA%9C%E7%9C%8C%E3%83%A9%E3%83%B3%E3%82%AD%E3%83%B3%E3%82%B0,other,179478,98796,551,0.0294,1323,0,0,,,,0,0
2026-09-15,full,/tag/%E6%B6%88%E8%B2%BB%E6%94%AF%E5%87%BA,other,181673,100484,558,0.0286,1308,0,0,,,,0,0
2026-09-15,full,/tag/%E5%B9%B4%E5%8F%8E,other,150379,83785,449,0.0364,1302,0,0,,,,0,0
2026-09-15,full,/tag/%E5%9C%B0%E5%9F%9F%E6%A0%BC%E5%B7%AE,other,129002,71927,382,0.0444,1308,0,0,,,,0,0
2026-09-15,full,/tag/%E9%83%BD%E9%81%93%E5%BA%9C%E7%9C%8C%E5%88%A5,other,116310,65268,346,0.05,1311,0,0,,,,0,0
2026-09-15,full,/tag/ClaudeCode,other,109532,61714,338,0.0513,1306,0,0,,,,0,0
2026-09-15,full,/tag/e-Stat,other,105098,59338,325,0.0541,1302,0,0,,,,0,0
2026-09-15,full,/tag/%E5%9C%B0%E5%9F%9F%E5%B7%AE,other,101126,57238,302,0.0588,1305,0,0,,,,0,0
2026-09-15,full,/tag/%E9%AB%98%E9%BD%A2%E5%8C%96,other,98339,55748,296,0.0606,1305,0,0,,,,0,0
2026-09-15,full,/tag/%E4%BA%BA%E5%8F%A3,other,93323,53114,281,0.0645,1302,0,0,,,,0,0
2026-09-15,full,/tag/%E4%BA%BA%E5%8F%A3%E6%B8%9B%E5%B0%91,other,91286,52054,273,0.0667,1308,0,0,,,,0,0
2026-09-15,full,/tag/%E8%B3%83%E9%87%91,other,103042,58675,297,0.0588,1302,0,0,,,,0,0
2026-09-15,full,/tag/%E4%BD%8F%E5%AE%85,other,101637,58051,298,0.0588,1302,0,0,,,,0,0
2026-09-15,full,/tag/%E5%8A%B4%E5%83%8D,other,103583,58970,296,0.0588,1302,0,0,,,,0,0
2026-09-15,full,/tag/%E5%8C%BB%E7%99%82,other,92498,52672,273,0.0667,1302,0,0,,,,0,0
2026-09-15,full,/tag/%E6%B6%88%E8%B2%BB%E9%87%8F,other,98585,56392,289,0.0606,1305,0,0,,,,0,0
2026-09-15,full,/tag/D3,other,86976,49739,266,0.069,1298,0,0,,,,0,0
2026-09-15,full,/tag/%E6%A0%BC%E5%B7%AE,other,88058,50308,266,0.069,1302,0,0,,,,0,0
2026-09-15,full,/tag/%E6%95%99%E8%82%B2%E8%B2%BB,other,86474,49494,258,0.0714,1305,0,0,,,,0,0
2026-09-15,full,/tag/%E6%95%99%E8%82%B2,other,94964,54523,274,0.0645,1302,0,0,,,,0,0
2026-09-15,full,/tag/%E5%B0%91%E5%AD%90%E5%8C%96,other,85867,49107,251,0.0741,1305,0,0,,,,0,0
2026-09-15,full,/tag/%E5%9C%B0%E6%96%B9%E8%B2%A1%E6%94%BF,other,94094,53998,269,0.0667,1308,0,0,,,,0,0
2026-09-15,full,/tag/%E9%83%BD%E9%81%93%E5%BA%9C%E7%9C%8C%E6%A0%BC%E5%B7%AE,other,85442,48946,252,0.0741,1314,0,0,,,,0,0
2026-09-15,full,/tag/%E8%B3%83%E9%87%91%E6%A7%8B%E9%80%A0%E5%9F%BA%E6%9C%AC%E7%B5%B1%E8%A8%88%E8%AA%BF%E6%9F%BB,other,86223,49424,250,0.0741,1326,0,0,,,,0,0
2026-09-15,full,/tag/%E5%AE%B6%E8%A8%88,other,94587,54243,274,0.0645,1302,0,0,,,,0,0
2026-09-15,full,/tag/%E9%83%BD%E9%81%93%E5%BA%9C%E7%9C%8C,other,82900,47611,244,0.0769,1308,0,0,,,,0,0
2026-09-15,full,/tag/%E8%B2%A1%E6%94%BF,other,92033,52846,262,0.069,1302,0,0,,,,0,0
2026-09-15,full,/tag/%E3%82%A8%E3%83%B3%E3%82%B2%E3%83%AB%E4%BF%82%E6%95%B0,other,82632,47474,244,0.0769,1314,0,0,,,,0,0
2026-09-15,full,/tag/%E3%81%BE%E3%81%90%E3%82%8D,other,82067,47174,244,0.0769,1305,0,0,,,,0,0
2026-09-15,full,/tag/%E6%95%99%E8%82%B2%E6%A0%BC%E5%B7%AE,other,89557,51711,259,0.069,1308,0,0,,,,0,0
2026-09-15,full,/tag/%E9%A3%9F%E8%B2%BB,other,88795,51239,259,0.069,1302,0,0,,,,0,0
2026-09-15,full,/tag/%E5%87%BA%E7%94%9F%E7%8E%87,other,80495,46281,236,0.08,1305,0,0,,,,0,0
2026-09-15,full,/tag/%E9%A3%9F%E7%94%9F%E6%B4%BB,other,79566,45825,237,0.08,1305,0,0,,,,0,0
2026-09-15,full,/tag/2024%E5%B9%B4,other,80884,46493,237,0.08,1303,0,0,,,,0,0
2026-09-15,full,/tag/%E7%89%A9%E4%BE%A1,other,89692,51671,259,0.069,1302,0,0,,,,0,0
2026-09-15,full,/tag/%E6%B6%88%E8%B2%BB%E8%80%85%E7%89%A9%E4%BE%A1%E6%8C%87%E6%95%B0,other,82233,47240,236,0.08,1317,0,0,,,,0,0
2026-09-15,full,/tag/%E5%85%B1%E5%83%8D%E3%81%8D,other,79860,45989,237,0.08,1305,0,0,,,,0,0
2026-09-15,full,/tag/%E5%B8%82%E5%8C%BA%E7%94%BA%E6%9D%91,other,79634,45900,236,0.08,1308,0,0,,,,0,0
2026-09-15,full,/tag/%E7%B5%8C%E6%B8%88,other,90014,51822,259,0.069,1302,0,0,,,,0,0
2026-09-15,full,/tag/%E8%A3%BD%E9%80%A0%E6%A5%AD,other,90031,51862,260,0.069,1305,0,0,,,,0,0
2026-09-15,full,/tag/%E5%8C%97%E6%B5%B7%E9%81%93,other,78869,45416,229,0.0833,1305,0,0,,,,0,0
2026-09-15,full,/tag/%E5%8C%BB%E7%99%82%E8%B2%BB,other,77671,44863,228,0.0833,1305,0,0,,,,0,0
2026-09-15,full,/tag/%E8%A6%B3%E5%85%89,other,85704,49796,248,0.0714,1302,0,0,,,,0,0
2026-09-15,full,/tag/%E5%AD%90%E8%82%B2%E3%81%A6,other,77063,44519,229,0.0833,1305,0,0,,,,0,0
2026-09-15,full,/tag/%E6%89%80%E5%BE%97%E6%A0%BC%E5%B7%AE,other,77435,44717,229,0.0833,1308,0,0,,,,0,0
2026-09-15,full,/tag/%E7%A4%BE%E4%BC%9A%E4%BF%9D%E9%9A%9C,other,78805,45421,229,0.0833,1308,0,0,,,,0,0
2026-09-15,full,/tag/%E3%82%A8%E3%83%8D%E3%83%AB%E3%82%AE%E3%83%BC,other,87576,50649,252,0.0714,1311,0,0,,,,0,0
2026-09-15,full,/tag/%E3%82%A4%E3%83%B3%E3%83%90%E3%82%A6%E3%83%B3%E3%83%89,other,78456,45283,229,0.0833,1314,0,0,,,,0,0
2026-09-15,full,/tag/%E3%82%A4%E3%83%B3%E3%83%95%E3%83%A9,other,78459,45193,230,0.0833,1308,0,0,,,,0,0
2026-09-15,full,/tag/%E8%BE%B2%E6%A5%AD,other,83688,48494,240,0.0769,1302,0,0,,,,0,0
2026-09-15,full,/tag/%E6%9D%B1%E5%8C%97,other,75131,43450,223,0.087,1302,0,0,,,,0,0
2026-09-15,full,/tag/%E6%BC%81%E7%8D%B2%E9%87%8F,other,84340,48845,240,0.0769,1305,0,0,,,,0,0
2026-09-15,full,/tag/%E7%94%9F%E6%B4%BB%E3%82%B3%E3%82%B9%E3%83%88,other,76242,44051,223,0.087,1311,0,0,,,,0,0
2026-09-15,full,/tag/%E8%BB%A2%E8%81%B7,other,85327,49396,244,0.0741,1302,0,0,,,,0,0
2026-09-15,full,/tag/%E5%9C%B0%E5%90%8D,other,75888,43835,223,0.087,1302,0,0,,,,0,0
2026-09-15,full,/tag/%E7%94%A3%E6%A5%AD%E6%A7%8B%E9%80%A0,other,76518,44154,223,0.087,1308,0,0,,,,0,0
2026-09-15,full,/tag/%E7%92%B0%E5%A2%83,other,75562,43649,223,0.087,1302,0,0,,,,0,0
2026-09-15,full,/tag/%E3%83%86%E3%83%AC%E3%83%AF%E3%83%BC%E3%82%AF,other,85782,49600,246,0.0741,1311,0,0,,,,0,0
2026-09-15,full,/tag/IT,other,85604,49445,246,0.0741,1298,0,0,,,,0,0
2026-09-15,full,/tag/%E6%B6%88%E8%B2%BB,other,84404,48880,245,0.0741,1302,0,0,,,,0,0
2026-09-15,full,/tag/%E7%84%BC%E9%85%8E,other,74732,43283,221,0.087,1302,0,0,,,,0,0
2026-09-15,full,/tag/%E7%94%9F%E6%B4%BB%E8%B2%BB,other,74940,43393,222,0.087,1305,0,0,,,,0,0
2026-09-15,full,/tag/%E5%81%A5%E5%BA%B7,other,75443,43592,223,0.087,1302,0,0,,,,0,0
2026-09-15,full,/tag/%E7%B4%8D%E8%B1%86,other,75743,43772,222,0.087,1302,0,0,,,,0,0
2026-09-15,full,/areas/01000/cities/01100,municipality,169906,84785,987,0.0097,912,0,0,,,,0,0
2026-09-15,full,/areas/04000/cities/04100,municipality,101515,55564,404,0.0323,912,0,0,,,,0,0
2026-09-15,full,/areas/11000/cities/11100,municipality,110855,59164,504,0.0233,912,0,0,,,,0,0
2026-09-15,full,/areas/12000/cities/12100,municipality,110541,59419,481,0.0247,912,0,0,,,,0,0
2026-09-15,full,/areas/14000/cities/14100,municipality,100957,55352,396,0.0333,912,0,0,,,,0,0
2026-09-15,full,/areas/14000/cities/14130,municipality,96826,53176,383,0.0357,912,0,0,,,,0,0
2026-09-15,full,/areas/14000/cities/14150,municipality,99563,54566,391,0.0345,912,0,0,,,,0,0
2026-09-15,full,/areas/15000/cities/15100,municipality,99150,54549,384,0.0351,912,0,0,,,,0,0
2026-09-15,full,/areas/22000/cities/22100,municipality,101815,55714,404,0.0323,912,0,0,,,,0,0
2026-09-15,full,/areas/22000/cities/22130,municipality,101452,55554,403,0.0323,912,0,0,,,,0,0
2026-09-15,full,/areas/23000/cities/23100,municipality,111511,59924,484,0.0244,912,0,0,,,,0,0
2026-09-15,full,/areas/26000/cities/26100,municipality,98163,54227,370,0.037,912,0,0,,,,0,0
2026-09-15,full,/areas/27000/cities/27100,municipality,104528,56782,433,0.029,912,0,0,,,,0,0
2026-09-15,full,/areas/27000/cities/27140,municipality,101182,54994,424,0.0303,912,0,0,,,,0,0
2026-09-15,full,/areas/28000/cities/28100,municipality,105233,57242,431,0.029,912,0,0,,,,0,0
2026-09-15,full,/areas/33000/cities/33100,municipality,100406,55364,380,0.0351,912,0,0,,,,0,0
2026-09-15,full,/areas/34000/cities/34100,municipality,96701,53612,357,0.0392,912,0,0,,,,0,0
2026-09-15,full,/areas/40000/cities/40100,municipality,113880,60866,506,0.023,912,0,0,,,,0,0
2026-09-15,full,/areas/40000/cities/40130,municipality,111332,59549,499,0.0235,912,0,0,,,,0,0
2026-09-15,full,/areas/43000/cities/43100,municipality,106219,57581,444,0.0278,912,0,0,,,,0,0
2026-09-15,full,/areas/16000/cities/16202,municipality,96448,53618,347,0.0435,912,0,0,,,,0,0
2026-09-15,full,/areas/18000/cities/18201,municipality,96859,53865,348,0.0417,912,0,0,,,,0,0
2026-09-15,full,/areas/31000/cities/31203,municipality,97830,54349,351,0.04,912,0,0,,,,0,0
2026-09-15,full,/areas/03000/cities/03201,municipality,103236,56580,404,0.0317,912,0,0,,,,0,0
2026-09-15,full,/areas/19000/cities/19201,municipality,100454,55386,380,0.0351,912,0,0,,,,0,0
2026-09-15,full,/areas/31000/cities/31201,municipality,96613,53741,347,0.0408,912,0,0,,,,0,0
2026-09-15,full,/areas/31000/cities/31202,municipality,96575,53722,347,0.0408,912,0,0,,,,0,0
2026-09-15,full,/areas/37000/cities/37201,municipality,95937,53383,345,0.0426,912,0,0,,,,0,0
2026-09-15,full,/areas/41000/cities/41201,municipality,97095,53929,352,0.04,912,0,0,,,,0,0
2026-09-15,full,/areas/05000/cities/05201,municipality,98543,54494,368,0.037,912,0,0,,,,0,0
2026-09-15,full,/areas/05000/cities/05203,municipality,98667,54556,368,0.037,912,0,0,,,,0,0
2026-09-15,full,/areas/06000/cities/06201,municipality,103361,56531,410,0.0313,912,0,0,,,,0,0
2026-09-15,full,/areas/16000/cities/16201,municipality,94977,52498,365,0.0455,912,0,0,,,,0,0
2026-09-15,full,/areas/17000/cities/17201,municipality,95697,53260,344,0.0417,912,0,0,,,,0,0
2026-09-15,full,/areas/18000/cities/18202,municipality,94930,52878,341,0.0435,912,0,0,,,,0,0
2026-09-15,full,/areas/18000/cities/18207,municipality,95087,52938,342,0.0435,912,0,0,,,,0,0
2026-09-15,full,/areas/18000/cities/18209,municipality,95376,53058,343,0.0435,912,0,0,,,,0,0
2026-09-15,full,/areas/25000/cities/25201,municipality,95693,53257,344,0.0417,912,0,0,,,,0,0
2026-09-15,full,/areas/32000/cities/32201,municipality,95796,53331,343,0.0417,912,0,0,,,,0,0
2026-09-15,full,/areas/32000/cities/32204,municipality,95742,53307,343,0.0417,912,0,0,,,,0,0
2026-09-15,full,/areas/36000/cities/36201,municipality,98016,54261,364,0.0377,912,0,0,,,,0,0
2026-09-15,full,/areas/36000/cities/36202,municipality,98418,54462,364,0.0377,912,0,0,,,,0,0
2026-09-15,full,/areas/37000/cities/37203,municipality,95756,53249,343,0.0435,912,0,0,,,,0,0
2026-09-15,full,/areas/42000/cities/42201,municipality,96700,53676,353,0.04,912,0,0,,,,0,0
2026-09-15,full,/areas/03000/cities/03206,municipality,101452,55602,399,0.0328,912,0,0,,,,0,0
2026-09-15,full,/areas/05000/cities/05212,municipality,98103,54254,365,0.0377,912,0,0,,,,0,0
2026-09-15,full,/areas/06000/cities/06202,municipality,103074,56389,406,0.0317,912,0,0,,,,0,0
2026-09-15,full,/areas/06000/cities/06203,municipality,103112,56365,408,0.0317,912,0,0,,,,0,0
2026-09-15,full,/areas/08000/cities/08202,municipality,107131,58069,444,0.0278,912,0,0,,,,0,0
2026-09-15,full,/areas/09000/cities/09201,municipality,97775,54090,365,0.0377,912,0,0,,,,0,0
2026-09-15,full,/areas/09000/cities/09202,municipality,98191,54294,365,0.0377,912,0,0,,,,0,0
2026-09-15,full,/areas/16000/cities/16211,municipality,93701,52187,338,0.0465,912,0,0,,,,0,0
2026-09-15,full,/areas/18000/cities/18205,municipality,94114,52432,339,0.0444,912,0,0,,,,0,0
2026-09-15,full,/areas/21000/cities/21201,municipality,105708,57446,435,0.0286,912,0,0,,,,0,0
2026-09-15,full,/areas/21000/cities/21203,municipality,106400,57768,436,0.0286,912,0,0,,,,0,0
2026-09-15,full,/areas/24000/cities/24201,municipality,99594,54850,382,0.0351,912,0,0,,,,0,0
2026-09-15,full,/areas/25000/cities/25204,municipality,95042,52937,340,0.0426,912,0,0,,,,0,0
2026-09-15,full,/areas/29000/cities/29205,municipality,104402,56919,422,0.0299,912,0,0,,,,0,0
2026-09-15,full,/areas/29000/cities/29441,municipality,104787,57076,424,0.0299,912,0,0,,,,0,0
2026-09-15,full,/areas/30000/cities/30207,municipality,100254,55101,387,0.0345,912,0,0,,,,0,0
2026-09-15,full,/areas/31000/cities/31402,municipality,95325,53043,342,0.0426,912,0,0,,,,0,0
2026-09-15,full,/areas/32000/cities/32202,municipality,95208,52973,342,0.0426,912,0,0,,,,0,0
2026-09-15,full,/areas/32000/cities/32203,municipality,94777,52779,341,0.0426,912,0,0,,,,0,0
2026-09-15,full,/areas/33000/cities/33202,municipality,99107,54650,375,0.0364,912,0,0,,,,0,0
2026-09-15,full,/areas/35000/cities/35208,municipality,95432,53125,340,0.0426,912,0,0,,,,0,0
2026-09-15,full,/areas/35000/cities/35215,municipality,95522,53127,342,0.0426,912,0,0,,,,0,0
2026-09-15,full,/areas/36000/cities/36203,municipality,97545,54005,361,0.0385,912,0,0,,,,0,0
2026-09-15,full,/areas/36000/cities/36204,municipality,97209,53816,362,0.0385,912,0,0,,,,0,0
2026-09-15,full,/areas/36000/cities/36387,municipality,97464,53955,362,0.0385,912,0,0,,,,0,0
2026-09-15,full,/areas/36000/cities/36388,municipality,97394,53913,362,0.0385,912,0,0,,,,0,0
2026-09-15,full,/areas/37000/cities/37205,municipality,94896,52795,340,0.0444,912,0,0,,,,0,0
2026-09-15,full,/areas/38000/cities/38201,municipality,95357,53017,346,0.0417,912,0,0,,,,0,0
2026-09-15,full,/areas/38000/cities/38203,municipality,95214,52921,346,0.0417,912,0,0,,,,0,0
2026-09-15,full,/areas/38000/cities/38205,municipality,95636,53178,345,0.0417,912,0,0,,,,0,0
2026-09-15,full,/areas/38000/cities/38207,municipality,95579,53131,346,0.0417,912,0,0,,,,0,0
2026-09-15,full,/areas/41000/cities/41202,municipality,95046,52837,346,0.0417,912,0,0,,,,0,0
2026-09-15,full,/areas/44000/cities/44201,municipality,94537,52650,340,0.0435,912,0,0,,,,0,0
2026-09-15,full,/areas/45000/cities/45206,municipality,98070,54160,370,0.037,912,0,0,,,,0,0
2026-09-15,full,/areas/01000/cities/01204,municipality,170473,85047,988,0.0097,912,0,0,,,,0,0
2026-09-15,full,/areas/02000/cities/02201,municipality,103900,56589,424,0.0299,912,0,0,,,,0,0
2026-09-15,full,/areas/02000/cities/02202,municipality,104136,56707,424,0.0299,912,0,0,,,,0,0
2026-09-15,full,/areas/02000/cities/02206,municipality,103845,56540,424,0.0299,912,0,0,,,,0,0
2026-09-15,full,/areas/03000/cities/03211,municipality,100816,55306,395,0.0333,912,0,0,,,,0,0
2026-09-15,full,/areas/03000/cities/03215,municipality,101130,55417,397,0.0333,912,0,0,,,,0,0
2026-09-15,full,/areas/05000/cities/05202,municipality,97092,53728,362,0.0385,912,0,0,,,,0,0
2026-09-15,full,/areas/05000/cities/05204,municipality,97250,53757,364,0.0385,912,0,0,,,,0,0
2026-09-15,full,/areas/05000/cities/05207,municipality,96898,53873,347,0.0385,912,0,0,,,,0,0
2026-09-15,full,/areas/05000/cities/05210,municipality,97641,53999,362,0.0385,912,0,0,,,,0,0
2026-09-15,full,/areas/06000/cities/06204,municipality,101849,55729,403,0.0323,912,0,0,,,,0,0
2026-09-15,full,/areas/06000/cities/06210,municipality,102157,55907,403,0.0323,912,0,0,,,,0,0
2026-09-15,full,/areas/07000/cities/07201,municipality,113040,60501,501,0.0233,912,0,0,,,,0,0
2026-09-15,full,/areas/07000/cities/07203,municipality,113001,60503,500,0.0233,912,0,0,,,,0,0
2026-09-15,full,/areas/07000/cities/07204,municipality,113164,60563,501,0.0233,912,0,0,,,,0,0
2026-09-15,full,/areas/08000/cities/08201,municipality,105906,57458,439,0.0282,912,0,0,,,,0,0
2026-09-15,full,/areas/08000/cities/08214,municipality,106441,57750,439,0.0282,912,0,0,,,,0,0
2026-09-15,full,/areas/09000/cities/09206,municipality,97183,53728,364,0.0385,912,0,0,,,,0,0
2026-09-15,full,/areas/10000/cities/10202,municipality,101661,55637,404,0.0323,912,0,0,,,,0,0
2026-09-15,full,/areas/10000/cities/10205,municipality,102038,55847,403,0.0323,912,0,0,,,,0,0
2026-09-15,full,/areas/13000/cities/13100,municipality,104066,56672,424,0.0299,912,0,0,,,,0,0
2026-09-15,full,/areas/16000/cities/16208,municipality,92176,51419,333,0.0476,912,0,0,,,,0,0
2026-09-15,full,/areas/17000/cities/17203,municipality,94055,52395,338,0.0435,912,0,0,,,,0,0
2026-09-15,full,/areas/17000/cities/17206,municipality,94105,52438,337,0.0435,912,0,0,,,,0,0
2026-09-15,full,/areas/18000/cities/18501,municipality,93548,52136,336,0.0455,912,0,0,,,,0,0
2026-09-15,full,/areas/20000/cities/20201,municipality,121668,64212,573,0.0192,912,0,0,,,,0,0
2026-09-15,full,/areas/20000/cities/20203,municipality,121842,64256,575,0.0192,912,0,0,,,,0,0
2026-09-15,full,/areas/24000/cities/24202,municipality,98856,54457,379,0.0357,912,0,0,,,,0,0
2026-09-15,full,/areas/24000/cities/24203,municipality,99156,54632,378,0.0357,912,0,0,,,,0,0
2026-09-15,full,/areas/25000/cities/25203,municipality,93676,52185,338,0.0435,912,0,0,,,,0,0
2026-09-15,full,/areas/25000/cities/25209,municipality,94150,52454,338,0.0435,912,0,0,,,,0,0
2026-09-15,full,/areas/25000/cities/25441,municipality,94173,52469,338,0.0435,912,0,0,,,,0,0
2026-09-15,full,/areas/28000/cities/28201,municipality,104629,56920,428,0.0294,912,0,0,,,,0,0
2026-09-15,full,/areas/29000/cities/29201,municipality,103378,56383,419,0.0303,912,0,0,,,,0,0
2026-09-15,full,/areas/29000/cities/29203,municipality,103845,56617,419,0.0303,912,0,0,,,,0,0
2026-09-15,full,/areas/29000/cities/29204,municipality,103756,56529,421,0.0303,912,0,0,,,,0,0
2026-09-15,full,/areas/29000/cities/29209,municipality,104104,56703,421,0.0303,912,0,0,,,,0,0
2026-09-15,full,/areas/29000/cities/29425,municipality,103858,56587,421,0.0303,912,0,0,,,,0,0
2026-09-15,full,/areas/29000/cities/29446,municipality,103571,56459,420,0.0303,912,0,0,,,,0,0
2026-09-15,full,/areas/29000/cities/29451,municipality,103626,56508,419,0.0303,912,0,0,,,,0,0
2026-09-15,full,/areas/29000/cities/29452,municipality,103810,56557,421,0.0303,912,0,0,,,,0,0
2026-09-15,full,/areas/30000/cities/30201,municipality,99617,54804,383,0.0351,912,0,0,,,,0,0
2026-09-15,full,/areas/31000/cities/31204,municipality,94089,52424,337,0.0435,912,0,0,,,,0,0
2026-09-15,full,/areas/31000/cities/31384,municipality,93781,52263,337,0.0435,912,0,0,,,,0,0
2026-09-15,full,/areas/32000/cities/32205,municipality,94145,52447,338,0.0435,912,0,0,,,,0,0
2026-09-15,full,/areas/32000/cities/32209,municipality,94513,52602,339,0.0435,912,0,0,,,,0,0
2026-09-15,full,/areas/32000/cities/32526,municipality,94243,52500,338,0.0435,912,0,0,,,,0,0
2026-09-15,full,/areas/32000/cities/32528,municipality,94627,52664,339,0.0435,912,0,0,,,,0,0
2026-09-15,full,/areas/34000/cities/34202,municipality,96195,53296,356,0.04,912,0,0,,,,0,0
2026-09-15,full,/areas/35000/cities/35201,municipality,94189,52462,338,0.0435,912,0,0,,,,0,0
2026-09-15,full,/areas/35000/cities/35202,municipality,93639,52191,337,0.0435,912,0,0,,,,0,0
2026-09-15,full,/areas/35000/cities/35203,municipality,94237,52444,339,0.0435,912,0,0,,,,0,0
2026-09-15,full,/areas/36000/cities/36205,municipality,96703,53521,360,0.0392,912,0,0,,,,0,0
2026-09-15,full,/areas/36000/cities/36401,municipality,96758,53549,360,0.0392,912,0,0,,,,0,0
2026-09-15,full,/areas/36000/cities/36405,municipality,96762,53555,360,0.0392,912,0,0,,,,0,0
2026-09-15,full,/areas/36000/cities/36468,municipality,97318,53840,360,0.0392,912,0,0,,,,0,0
2026-09-15,full,/areas/36000/cities/36489,municipality,97055,53708,360,0.0392,912,0,0,,,,0,0
2026-09-15,full,/areas/37000/cities/37202,municipality,93395,52045,336,0.0455,912,0,0,,,,0,0
2026-09-15,full,/areas/37000/cities/37204,municipality,93737,52201,337,0.0455,912,0,0,,,,0,0
2026-09-15,full,/areas/37000/cities/37322,municipality,93726,52200,337,0.0455,912,0,0,,,,0,0
2026-09-15,full,/areas/37000/cities/37386,municipality,93553,52152,335,0.0455,912,0,0,,,,0,0
2026-09-15,full,/areas/37000/cities/37404,municipality,94111,52395,337,0.0455,912,0,0,,,,0,0
2026-09-15,full,/areas/41000/cities/41203,municipality,94920,52494,362,0.0426,912,0,0,,,,0,0
2026-09-15,full,/areas/41000/cities/41206,municipality,94679,52611,344,0.0426,912,0,0,,,,0,0
2026-09-15,full,/areas/42000/cities/42203,municipality,94825,52674,347,0.0417,912,0,0,,,,0,0
2026-09-15,full,/areas/43000/cities/43215,municipality,106775,57835,445,0.0278,912,0,0,,,,0,0
2026-09-15,full,/areas/44000/cities/44202,municipality,93294,51983,337,0.0444,912,0,0,,,,0,0
2026-09-15,full,/areas/44000/cities/44204,municipality,93561,52143,336,0.0444,912,0,0,,,,0,0
2026-09-15,full,/areas/44000/cities/44208,municipality,93699,52240,336,0.0444,912,0,0,,,,0,0
2026-09-15,full,/areas/44000/cities/44462,municipality,93729,52194,338,0.0444,912,0,0,,,,0,0
2026-09-15,full,/areas/45000/cities/45201,municipality,96973,53613,366,0.0377,912,0,0,,,,0,0
2026-09-15,full,/areas/45000/cities/45202,municipality,97024,53620,367,0.0377,912,0,0,,,,0,0
2026-09-15,full,/areas/45000/cities/45204,municipality,97859,54076,366,0.0377,912,0,0,,,,0,0
2026-09-15,full,/areas/46000/cities/46201,municipality,105851,57454,436,0.0286,912,0,0,,,,0,0
2026-09-15,full,/areas/47000/cities/47213,municipality,104861,57057,427,0.0294,912,0,0,,,,0,0
2026-09-15,full,/areas/02000/cities/02205,municipality,102927,56058,421,0.0303,912,0,0,,,,0,0
2026-09-15,full,/areas/05000/cities/05215,municipality,96029,53152,360,0.0392,912,0,0,,,,0,0
2026-09-15,full,/areas/05000/cities/05361,municipality,96390,53314,361,0.0392,912,0,0,,,,0,0
2026-09-15,full,/areas/05000/cities/05366,municipality,96316,53280,361,0.0392,912,0,0,,,,0,0
2026-09-15,full,/areas/05000/cities/05368,municipality,96383,53321,361,0.0392,912,0,0,,,,0,0
2026-09-15,full,/areas/06000/cities/06205,municipality,100536,55034,401,0.0328,912,0,0,,,,0,0
2026-09-15,full,/areas/06000/cities/06209,municipality,101242,55408,401,0.0328,912,0,0,,,,0,0
2026-09-15,full,/areas/07000/cities/07202,municipality,112374,60102,499,0.0235,912,0,0,,,,0,0
2026-09-15,full,/areas/08000/cities/08203,municipality,105220,57053,438,0.0286,912,0,0,,,,0,0
2026-09-15,full,/areas/08000/cities/08236,municipality,105820,57427,436,0.0286,912,0,0,,,,0,0
2026-09-15,full,/areas/09000/cities/09204,municipality,95806,53013,360,0.0392,912,0,0,,,,0,0
2026-09-15,full,/areas/09000/cities/09205,municipality,96728,53490,361,0.0392,912,0,0,,,,0,0
2026-09-15,full,/areas/09000/cities/09211,municipality,96303,53270,361,0.0392,912,0,0,,,,0,0
2026-09-15,full,/areas/10000/cities/10203,municipality,101363,55443,402,0.0328,912,0,0,,,,0,0
2026-09-15,full,/areas/10000/cities/10208,municipality,101135,55336,402,0.0328,912,0,0,,,,0,0
2026-09-15,full,/areas/11000/cities/11222,municipality,113928,60800,513,0.0225,912,0,0,,,,0,0
2026-09-15,full,/areas/15000/cities/15202,municipality,98842,54384,380,0.0357,912,0,0,,,,0,0
2026-09-15,full,/areas/16000/cities/16204,municipality,91309,50964,330,0.0488,912,0,0,,,,0,0
2026-09-15,full,/areas/16000/cities/16209,municipality,91761,51234,329,0.0488,912,0,0,,,,0,0
2026-09-15,full,/areas/17000/cities/17212,municipality,93283,51950,336,0.0444,912,0,0,,,,0,0
2026-09-15,full,/areas/17000/cities/17461,municipality,93779,52216,336,0.0444,912,0,0,,,,0,0
2026-09-15,full,/areas/18000/cities/18204,municipality,92430,51543,333,0.0465,912,0,0,,,,0,0
2026-09-15,full,/areas/18000/cities/18210,municipality,92559,51606,333,0.0465,912,0,0,,,,0,0
2026-09-15,full,/areas/18000/cities/18322,municipality,92891,51765,334,0.0465,912,0,0,,,,0,0
2026-09-15,full,/areas/18000/cities/18382,municipality,92716,51718,332,0.0465,912,0,0,,,,0,0
2026-09-15,full,/areas/20000/cities/20205,municipality,121121,63918,570,0.0194,912,0,0,,,,0,0
2026-09-15,full,/areas/20000/cities/20217,municipality,120705,63710,570,0.0194,912,0,0,,,,0,0
2026-09-15,full,/areas/21000/cities/21220,municipality,104146,56626,429,0.0294,912,0,0,,,,0,0
2026-09-15,full,/areas/21000/cities/21361,municipality,104321,56723,429,0.0294,912,0,0,,,,0,0
2026-09-15,full,/areas/23000/cities/23211,municipality,110319,59270,479,0.025,912,0,0,,,,0,0
2026-09-15,full,/areas/24000/cities/24204,municipality,98173,54099,375,0.0364,912,0,0,,,,0,0
2026-09-15,full,/areas/24000/cities/24212,municipality,97661,53819,376,0.0364,912,0,0,,,,0,0
2026-09-15,full,/areas/25000/cities/25202,municipality,93133,51910,335,0.0444,912,0,0,,,,0,0
2026-09-15,full,/areas/25000/cities/25425,municipality,93344,52022,335,0.0444,912,0,0,,,,0,0
2026-09-15,full,/areas/28000/cities/28204,municipality,104301,56714,426,0.0299,912,0,0,,,,0,0
2026-09-15,full,/areas/29000/cities/29202,municipality,103575,56422,418,0.0308,912,0,0,,,,0,0
2026-09-15,full,/areas/29000/cities/29208,municipality,103374,56321,418,0.0308,912,0,0,,,,0,0
2026-09-15,full,/areas/29000/cities/29212,municipality,103277,56323,416,0.0308,912,0,0,,,,0,0
2026-09-15,full,/areas/29000/cities/29322,municipality,103247,56265,418,0.0308,912,0,0,,,,0,0
2026-09-15,full,/areas/29000/cities/29342,municipality,103288,56279,418,0.0308,912,0,0,,,,0,0
2026-09-15,full,/areas/29000/cities/29361,municipality,102932,56100,418,0.0308,912,0,0,,,,0,0
2026-09-15,full,/areas/29000/cities/29363,municipality,103150,56210,418,0.0308,912,0,0,,,,0,0
2026-09-15,full,/areas/29000/cities/29385,municipality,103358,56310,418,0.0308,912,0,0,,,,0,0
2026-09-15,full,/areas/29000/cities/29402,municipality,103263,56316,416,0.0308,912,0,0,,,,0,0
2026-09-15,full,/areas/29000/cities/29427,municipality,102932,56100,418,0.0308,912,0,0,,,,0,0
2026-09-15,full,/areas/29000/cities/29442,municipality,103232,56250,418,0.0308,912,0,0,,,,0,0
2026-09-15,full,/areas/29000/cities/29449,municipality,103345,56314,418,0.0308,912,0,0,,,,0,0
2026-09-15,full,/areas/29000/cities/29453,municipality,103380,56365,416,0.0308,912,0,0,,,,0,0
2026-09-15,full,/areas/30000/cities/30202,municipality,99411,54638,382,0.0357,912,0,0,,,,0,0
2026-09-15,full,/areas/30000/cities/30203,municipality,99320,54592,382,0.0357,912,0,0,,,,0,0
2026-09-15,full,/areas/30000/cities/30205,municipality,98950,54391,382,0.0357,912,0,0,,,,0,0
2026-09-15,full,/areas/30000/cities/30206,municipality,98384,54146,380,0.0357,912,0,0,,,,0,0
2026-09-15,full,/areas/31000/cities/31302,municipality,93680,52159,336,0.0444,912,0,0,,,,0,0
2026-09-15,full,/areas/31000/cities/31364,municipality,93558,52094,336,0.0444,912,0,0,,,,0,0
2026-09-15,full,/areas/31000/cities/31372,municipality,93742,52200,336,0.0444,912,0,0,,,,0,0
2026-09-15,full,/areas/31000/cities/31401,municipality,93480,52099,334,0.0444,912,0,0,,,,0,0
2026-09-15,full,/areas/32000/cities/32501,municipality,93262,51979,335,0.0444,912,0,0,,,,0,0
2026-09-15,full,/areas/32000/cities/32505,municipality,93792,52233,336,0.0444,912,0,0,,,,0,0
2026-09-15,full,/areas/32000/cities/32525,municipality,93528,52100,336,0.0444,912,0,0,,,,0,0
2026-09-15,full,/areas/33000/cities/33203,municipality,96628,53364,368,0.0377,912,0,0,,,,0,0
2026-09-15,full,/areas/35000/cities/35204,municipality,92703,51710,334,0.0444,912,0,0,,,,0,0
2026-09-15,full,/areas/35000/cities/35207,municipality,93223,51987,334,0.0444,912,0,0,,,,0,0
2026-09-15,full,/areas/36000/cities/36207,municipality,95870,53085,357,0.04,912,0,0,,,,0,0
2026-09-15,full,/areas/36000/cities/36208,municipality,95870,53085,357,0.04,912,0,0,,,,0,0
2026-09-15,full,/areas/36000/cities/36302,municipality,96094,53207,357,0.04,912,0,0,,,,0,0
2026-09-15,full,/areas/36000/cities/36321,municipality,96298,53309,357,0.04,912,0,0,,,,0,0
2026-09-15,full,/areas/36000/cities/36341,municipality,95803,53055,357,0.04,912,0,0,,,,0,0
2026-09-15,full,/areas/36000/cities/36342,municipality,95765,53033,357,0.04,912,0,0,,,,0,0
2026-09-15,full,/areas/36000/cities/36383,municipality,95767,53034,357,0.04,912,0,0,,,,0,0
2026-09-15,full,/areas/36000/cities/36402,municipality,95676,53013,356,0.04,912,0,0,,,,0,0
2026-09-15,full,/areas/36000/cities/36403,municipality,95893,53100,357,0.04,912,0,0,,,,0,0
2026-09-15,full,/areas/37000/cities/37208,municipality,93047,51879,332,0.0465,912,0,0,,,,0,0
2026-09-15,full,/areas/37000/cities/37324,municipality,92820,51717,334,0.0465,912,0,0,,,,0,0
2026-09-15,full,/areas/37000/cities/37341,municipality,92678,51651,334,0.0465,912,0,0,,,,0,0
2026-09-15,full,/areas/37000/cities/37403,municipality,92419,51559,332,0.0465,912,0,0,,,,0,0
2026-09-15,full,/areas/38000/cities/38202,municipality,94003,52250,341,0.0435,912,0,0,,,,0,0
2026-09-15,full,/areas/38000/cities/38204,municipality,93453,52022,339,0.0435,912,0,0,,,,0,0
2026-09-15,full,/areas/38000/cities/38206,municipality,94045,52335,339,0.0435,912,0,0,,,,0,0
2026-09-15,full,/areas/39000/cities/39201,municipality,99974,54815,396,0.0333,912,0,0,,,,0,0
2026-09-15,full,/areas/39000/cities/39210,municipality,99728,54636,397,0.0333,912,0,0,,,,0,0
2026-09-15,full,/areas/41000/cities/41205,municipality,93826,52204,340,0.0435,912,0,0,,,,0,0
2026-09-15,full,/areas/41000/cities/41209,municipality,94086,52319,341,0.0435,912,0,0,,,,0,0
2026-09-15,full,/areas/42000/cities/42202,municipality,93831,52151,344,0.0426,912,0,0,,,,0,0
2026-09-15,full,/areas/42000/cities/42204,municipality,93838,52180,343,0.0426,912,0,0,,,,0,0
2026-09-15,full,/areas/42000/cities/42205,municipality,94298,52370,345,0.0426,912,0,0,,,,0,0
2026-09-15,full,/areas/43000/cities/43203,municipality,105474,57191,441,0.0282,912,0,0,,,,0,0
2026-09-15,full,/areas/44000/cities/44203,municipality,93113,51848,335,0.0455,912,0,0,,,,0,0
2026-09-15,full,/areas/44000/cities/44213,municipality,93238,51942,335,0.0455,912,0,0,,,,0,0
2026-09-15,full,/areas/45000/cities/45205,municipality,96531,53374,364,0.0385,912,0,0,,,,0,0
2026-09-15,full,/areas/46000/cities/46215,municipality,105251,57109,434,0.029,912,0,0,,,,0,0
2026-09-15,full,/areas/02000/cities/02203,municipality,102382,55744,419,0.0308,912,0,0,,,,0,0
2026-09-15,full,/areas/02000/cities/02207,municipality,101916,55558,417,0.0308,912,0,0,,,,0,0
2026-09-15,full,/areas/02000/cities/02402,municipality,102602,55924,417,0.0308,912,0,0,,,,0,0
2026-09-15,full,/areas/03000/cities/03207,municipality,99231,54450,389,0.0345,912,0,0,,,,0,0
2026-09-15,full,/areas/03000/cities/03209,municipality,98499,54080,389,0.0345,912,0,0,,,,0,0
2026-09-15,full,/areas/03000/cities/03402,municipality,99227,54429,391,0.0345,912,0,0,,,,0,0
2026-09-15,full,/areas/04000/cities/04215,municipality,100150,54820,399,0.0333,912,0,0,,,,0,0
2026-09-15,full,/areas/04000/cities/04321,municipality,99530,54532,397,0.0333,912,0,0,,,,0,0
2026-09-15,full,/areas/04000/cities/04421,municipality,100087,54835,397,0.0333,912,0,0,,,,0,0
2026-09-15,full,/areas/05000/cities/05206,municipality,95744,52970,358,0.04,912,0,0,,,,0,0
2026-09-15,full,/areas/05000/cities/05211,municipality,95856,53027,358,0.04,912,0,0,,,,0,0
2026-09-15,full,/areas/05000/cities/05213,municipality,95745,53011,356,0.04,912,0,0,,,,0,0
2026-09-15,full,/areas/05000/cities/05214,municipality,95827,53009,358,0.04,912,0,0,,,,0,0
2026-09-15,full,/areas/05000/cities/05303,municipality,95857,53034,358,0.04,912,0,0,,,,0,0
2026-09-15,full,/areas/05000/cities/05346,municipality,95825,53061,356,0.04,912,0,0,,,,0,0
2026-09-15,full,/areas/05000/cities/05349,municipality,95857,53034,358,0.04,912,0,0,,,,0,0
2026-09-15,full,/areas/05000/cities/05363,municipality,95482,52837,358,0.04,912,0,0,,,,0,0
2026-09-15,full,/areas/05000/cities/05434,municipality,95692,52944,358,0.04,912,0,0,,,,0,0
2026-09-15,full,/areas/05000/cities/05464,municipality,95807,53009,358,0.04,912,0,0,,,,0,0
2026-09-15,full,/areas/06000/cities/06206,municipality,100271,54906,397,0.0333,912,0,0,,,,0,0
2026-09-15,full,/areas/06000/cities/06213,municipality,100171,54807,399,0.0333,912,0,0,,,,0,0
2026-09-15,full,/areas/08000/cities/08205,municipality,104529,56708,435,0.029,912,0,0,,,,0,0
2026-09-15,full,/areas/08000/cities/08220,municipality,104170,56547,433,0.029,912,0,0,,,,0,0
2026-09-15,full,/areas/08000/cities/08232,municipality,104632,56802,433,0.029,912,0,0,,,,0,0
2026-09-15,full,/areas/09000/cities/09208,municipality,95500,52821,358,0.04,912,0,0,,,,0,0
2026-09-15,full,/areas/09000/cities/09216,municipality,95196,52706,357,0.04,912,0,0,,,,0,0
2026-09-15,full,/areas/09000/cities/09344,municipality,95249,52734,357,0.04,912,0,0,,,,0,0
2026-09-15,full,/areas/09000/cities/09407,municipality,95293,52728,358,0.04,912,0,0,,,,0,0
2026-09-15,full,/areas/10000/cities/10201,municipality,99470,54477,398,0.0333,912,0,0,,,,0,0
2026-09-15,full,/areas/10000/cities/10204,municipality,98216,54670,346,0.0333,912,0,0,,,,0,0
2026-09-15,full,/areas/11000/cities/11201,municipality,112989,60277,511,0.0227,912,0,0,,,,0,0
2026-09-15,full,/areas/12000/cities/12204,municipality,108516,58342,475,0.0253,912,0,0,,,,0,0
2026-09-15,full,/areas/12000/cities/12223,municipality,108499,58337,475,0.0253,912,0,0,,,,0,0
2026-09-15,full,/areas/15000/cities/15205,municipality,98142,53987,379,0.0364,912,0,0,,,,0,0
2026-09-15,full,/areas/15000/cities/15213,municipality,97784,53808,379,0.0364,912,0,0,,,,0,0
2026-09-15,full,/areas/15000/cities/15222,municipality,97628,53702,379,0.0364,912,0,0,,,,0,0
2026-09-15,full,/areas/15000/cities/15461,municipality,97656,53727,379,0.0364,912,0,0,,,,0,0
2026-09-15,full,/areas/16000/cities/16205,municipality,91376,50977,328,0.05,912,0,0,,,,0,0
2026-09-15,full,/areas/16000/cities/16343,municipality,90888,50718,328,0.05,912,0,0,,,,0,0
2026-09-15,full,/areas/17000/cities/17202,municipality,91629,51091,332,0.0455,912,0,0,,,,0,0
2026-09-15,full,/areas/18000/cities/18206,municipality,91839,51227,330,0.0476,912,0,0,,,,0,0
2026-09-15,full,/areas/18000/cities/18208,municipality,92130,51372,330,0.0476,912,0,0,,,,0,0
2026-09-15,full,/areas/18000/cities/18423,municipality,92061,51348,330,0.0476,912,0,0,,,,0,0
2026-09-15,full,/areas/18000/cities/18483,municipality,92163,51399,330,0.0476,912,0,0,,,,0,0
2026-09-15,full,/areas/19000/cities/19211,municipality,96311,53164,366,0.0385,912,0,0,,,,0,0
2026-09-15,full,/areas/20000/cities/20202,municipality,119368,62976,568,0.0196,912,0,0,,,,0,0
2026-09-15,full,/areas/20000/cities/20220,municipality,120020,63287,569,0.0196,912,0,0,,,,0,0
2026-09-15,full,/areas/21000/cities/21202,municipality,102750,55904,425,0.0299,912,0,0,,,,0,0
2026-09-15,full,/areas/21000/cities/21219,municipality,102830,55945,425,0.0299,912,0,0,,,,0,0
2026-09-15,full,/areas/24000/cities/24205,municipality,97479,53750,372,0.037,912,0,0,,,,0,0
2026-09-15,full,/areas/24000/cities/24207,municipality,97004,53488,372,0.037,912,0,0,,,,0,0
2026-09-15,full,/areas/24000/cities/24208,municipality,97532,53736,374,0.037,912,0,0,,,,0,0
2026-09-15,full,/areas/24000/cities/24209,municipality,96580,53258,373,0.037,912,0,0,,,,0,0
2026-09-15,full,/areas/25000/cities/25206,municipality,92020,51313,332,0.0455,912,0,0,,,,0,0
2026-09-15,full,/areas/25000/cities/25213,municipality,92574,51611,331,0.0455,912,0,0,,,,0,0
2026-09-15,full,/areas/27000/cities/27203,municipality,104216,56585,431,0.0294,912,0,0,,,,0,0
2026-09-15,full,/areas/29000/cities/29206,municipality,102470,55846,415,0.0313,912,0,0,,,,0,0
2026-09-15,full,/areas/29000/cities/29207,municipality,102474,55848,415,0.0313,912,0,0,,,,0,0
2026-09-15,full,/areas/29000/cities/29210,municipality,102384,55846,413,0.0313,912,0,0,,,,0,0
2026-09-15,full,/areas/29000/cities/29211,municipality,102122,55672,415,0.0313,912,0,0,,,,0,0
2026-09-15,full,/areas/29000/cities/29343,municipality,102470,55846,415,0.0313,912,0,0,,,,0,0
2026-09-15,full,/areas/29000/cities/29344,municipality,102470,55846,415,0.0313,912,0,0,,,,0,0
2026-09-15,full,/areas/29000/cities/29345,municipality,102470,55846,415,0.0313,912,0,0,,,,0,0
2026-09-15,full,/areas/29000/cities/29362,municipality,102470,55846,415,0.0313,912,0,0,,,,0,0
2026-09-15,full,/areas/29000/cities/29386,municipality,102470,55846,415,0.0313,912,0,0,,,,0,0
2026-09-15,full,/areas/29000/cities/29401,municipality,102122,55672,415,0.0313,912,0,0,,,,0,0
2026-09-15,full,/areas/29000/cities/29424,municipality,102384,55846,413,0.0313,912,0,0,,,,0,0
2026-09-15,full,/areas/29000/cities/29426,municipality,102384,55846,413,0.0313,912,0,0,,,,0,0
2026-09-15,full,/areas/29000/cities/29443,municipality,102470,55846,415,0.0313,912,0,0,,,,0,0
2026-09-15,full,/areas/29000/cities/29444,municipality,102470,55846,415,0.0313,912,0,0,,,,0,0
2026-09-15,full,/areas/29000/cities/29447,municipality,102572,55897,415,0.0313,912,0,0,,,,0,0
2026-09-15,full,/areas/29000/cities/29450,municipality,102572,55897,415,0.0313,912,0,0,,,,0,0
2026-09-15,full,/areas/30000/cities/30208,municipality,98725,54278,379,0.0364,912,0,0,,,,0,0
2026-09-15,full,/areas/30000/cities/30209,municipality,97912,53851,379,0.0364,912,0,0,,,,0,0
2026-09-15,full,/areas/30000/cities/30344,municipality,98008,53903,379,0.0364,912,0,0,,,,0,0
2026-09-15,full,/areas/30000/cities/30366,municipality,98275,54093,377,0.0364,912,0,0,,,,0,0
2026-09-15,full,/areas/31000/cities/31325,municipality,92610,51600,333,0.0455,912,0,0,,,,0,0
2026-09-15,full,/areas/31000/cities/31328,municipality,92621,51596,333,0.0455,912,0,0,,,,0,0
2026-09-15,full,/areas/31000/cities/31371,municipality,92602,51582,333,0.0455,912,0,0,,,,0,0
2026-09-15,full,/areas/31000/cities/31389,municipality,92624,51600,333,0.0455,912,0,0,,,,0,0
2026-09-15,full,/areas/31000/cities/31403,municipality,92610,51600,333,0.0455,912,0,0,,,,0,0
2026-09-15,full,/areas/32000/cities/32206,municipality,92798,51708,333,0.0455,912,0,0,,,,0,0
2026-09-15,full,/areas/32000/cities/32207,municipality,92875,51747,333,0.0455,912,0,0,,,,0,0
2026-09-15,full,/areas/32000/cities/32386,municipality,92838,51735,333,0.0455,912,0,0,,,,0,0
2026-09-15,full,/areas/32000/cities/32448,municipality,92838,51735,333,0.0455,912,0,0,,,,0,0
2026-09-15,full,/areas/32000/cities/32527,municipality,92513,51563,333,0.0455,912,0,0,,,,0,0
2026-09-15,full,/areas/33000/cities/33214,municipality,95789,52949,364,0.0385,912,0,0,,,,0,0
2026-09-15,full,/areas/34000/cities/34214,municipality,95149,52743,350,0.0417,912,0,0,,,,0,0
2026-09-15,full,/areas/35000/cities/35211,municipality,92756,51684,333,0.0455,912,0,0,,,,0,0
2026-09-15,full,/areas/35000/cities/35212,municipality,92288,51429,333,0.0455,912,0,0,,,,0,0
2026-09-15,full,/areas/36000/cities/36206,municipality,95339,52799,354,0.0408,912,0,0,,,,0,0
2026-09-15,full,/areas/36000/cities/36301,municipality,95253,52799,352,0.0408,912,0,0,,,,0,0
2026-09-15,full,/areas/36000/cities/36368,municipality,95253,52799,352,0.0408,912,0,0,,,,0,0
2026-09-15,full,/areas/36000/cities/36404,municipality,95253,52799,352,0.0408,912,0,0,,,,0,0
2026-09-15,full,/areas/37000/cities/37207,municipality,92366,51537,328,0.0476,912,0,0,,,,0,0
2026-09-15,full,/areas/37000/cities/37364,municipality,92013,51367,328,0.0476,912,0,0,,,,0,0
2026-09-15,full,/areas/37000/cities/37406,municipality,92447,51541,330,0.0476,912,0,0,,,,0,0
2026-09-15,full,/areas/38000/cities/38213,municipality,93183,51847,338,0.0444,912,0,0,,,,0,0
2026-09-15,full,/areas/39000/cities/39206,municipality,99054,54299,394,0.0339,912,0,0,,,,0,0
2026-09-15,full,/areas/41000/cities/41345,municipality,92756,51645,337,0.0444,912,0,0,,,,0,0
2026-09-15,full,/areas/41000/cities/41424,municipality,92652,51590,337,0.0444,912,0,0,,,,0,0
2026-09-15,full,/areas/41000/cities/41425,municipality,93009,51779,337,0.0444,912,0,0,,,,0,0
2026-09-15,full,/areas/42000/cities/42211,municipality,92882,51658,341,0.0435,912,0,0,,,,0,0
2026-09-15,full,/areas/43000/cities/43423,municipality,102740,56721,380,0.0286,912,0,0,,,,0,0
2026-09-15,full,/areas/43000/cities/43428,municipality,104712,56746,439,0.0286,912,0,0,,,,0,0
2026-09-15,full,/areas/43000/cities/43442,municipality,104251,56540,438,0.0286,912,0,0,,,,0,0
2026-09-15,full,/areas/44000/cities/44205,municipality,92132,51402,329,0.0465,912,0,0,,,,0,0
2026-09-15,full,/areas/44000/cities/44206,municipality,92386,51556,329,0.0465,912,0,0,,,,0,0
2026-09-15,full,/areas/44000/cities/44209,municipality,92222,51409,331,0.0465,912,0,0,,,,0,0
2026-09-15,full,/areas/44000/cities/44211,municipality,92239,51480,329,0.0465,912,0,0,,,,0,0
2026-09-15,full,/areas/45000/cities/45203,municipality,95149,52657,360,0.0392,912,0,0,,,,0,0
2026-09-15,full,/areas/45000/cities/45207,municipality,96037,53126,360,0.0392,912,0,0,,,,0,0
2026-09-15,full,/areas/45000/cities/45382,municipality,96061,53098,362,0.0392,912,0,0,,,,0,0
2026-09-15,full,/areas/45000/cities/45403,municipality,95641,52871,362,0.0392,912,0,0,,,,0,0
2026-09-15,full,/areas/46000/cities/46218,municipality,103968,56483,429,0.0294,912,0,0,,,,0,0
2026-09-15,full,/areas/47000/cities/47210,municipality,103136,56112,423,0.0303,912,0,0,,,,0,0
2026-09-15,full,/areas/47000/cities/47350,municipality,102355,55735,421,0.0303,912,0,0,,,,0,0
2026-09-15,full,/japan,other,85969,49108,265,0.0541,1122,0,0,,,,0,0
2026-09-15,full,/japan/education-culture,other,108431,56095,401,0.2,1215,0,0,,,,0,1
2026-09-15,full,/japan/aging-society,other,96266,47541,382,0.2188,1215,0,0,,,,0,1
2026-09-15,full,/japan/fishery-marine,other,136829,66125,564,0.2667,1221,0,0,,,,0,1
2026-09-15,full,/japan/foreign-residents,other,113589,51112,511,0.25,1209,0,0,,,,0,1
2026-09-15,full,/japan/healthcare,other,135194,66406,547,0.3095,1215,0,0,,,,1,0
2026-09-15,full,/japan/labor-mobility,other,106203,53934,401,0.2286,1230,0,0,,,,0,1
2026-09-15,full,/japan/labor-wages,other,136771,60326,626,0.2449,1215,0,0,,,,0,1
2026-09-15,full,/japan/living-housing,other,138564,64469,595,0.234,1221,0,0,,,,0,1
2026-09-15,full,/japan/local-economy,other,101262,52744,368,0.1212,1212,0,0,,,,0,0
2026-09-15,full,/japan/local-finance,other,174686,83977,728,0.3091,1212,0,0,,,,1,0
2026-09-15,full,/japan/manufacturing,other,132874,68376,500,0.2439,1209,0,0,,,,0,1
2026-09-15,full,/japan/population-dynamics,other,108216,52069,447,0.25,1212,0,0,,,,0,1
2026-09-15,full,/japan/railway,other,90320,49032,304,0.1724,1206,0,0,,,,0,1
2026-09-15,full,/japan/real-income,other,97132,51948,336,0.129,1224,0,0,,,,0,0
2026-09-15,full,/japan/safety,other,226164,105959,989,0.338,1206,0,0,,,,1,0
2026-09-15,full,/japan/tourism,other,123621,57881,528,0.2093,1206,0,0,,,,0,1
2026-09-15,full,/japan/roads,other,130615,63559,531,0.2326,1206,0,0,,,,0,1
2026-09-15,full,/japan/ports,other,90887,49498,304,0.1379,1206,0,0,,,,0,0
2026-09-15,full,/municipalities,other,143731,72112,540,0.3571,1128,0,0,,,,1,0
2026-09-15,full,/municipalities/themes/aging-society,other,76383,43996,221,0.1429,1239,0,0,,,,0,0
2026-09-15,full,/municipalities/themes/population,other,165362,87378,547,0.0968,1236,0,0,,,,0,0
2026-09-15,full,/municipalities/themes/households,other,137325,73711,448,0.1071,1242,0,0,,,,0,0
2026-09-15,full,/municipalities/themes/migration,other,164289,86921,546,0.0968,1242,0,0,,,,0,0
2026-09-15,full,/municipalities/themes/vital-statistics,other,100362,55628,316,0.125,1254,0,0,,,,0,0
2026-09-15,full,/municipalities/themes/foreign-residents,other,92425,51833,284,0.1304,1245,0,0,,,,0,0
2026-09-15,full,/municipalities/themes/urban-structure,other,120241,66478,369,0.1071,1257,0,0,,,,0,0
2026-09-15,full,/municipalities/themes/local-finance,other,240678,125129,819,0.0714,1242,0,0,,,,0,0
2026-09-15,full,/municipalities/themes/commerce,other,196240,103453,658,0.0811,1236,0,0,,,,0,0
2026-09-15,full,/municipalities/themes/establishments,other,201544,106206,686,0.0789,1239,0,0,,,,0,0
2026-09-15,full,/municipalities/themes/manufacturing,other,125528,68903,398,0.1034,1239,0,0,,,,0,0
2026-09-15,full,/municipalities/themes/medical-welfare,other,210143,109348,733,0.0811,1245,0,0,,,,0,0
2026-09-15,full,/municipalities/themes/education,other,185340,98128,623,0.0833,1251,0,0,,,,0,0
2026-09-15,full,/municipalities/themes/housing,other,162902,87221,529,0.0909,1245,0,0,,,,0,0
2026-09-15,full,/municipalities/themes/commuting,other,158629,85121,526,0.0909,1257,0,0,,,,0,0
2026-09-15,full,/municipalities/themes/labor,other,159458,85550,500,0.0938,1245,0,0,,,,0,0
2026-09-15,full,/municipalities/themes/safety-environment,other,135461,73794,431,0.1,1245,0,0,,,,0,0
2026-09-15,full,/municipalities/themes/agriculture-forestry,other,126603,69426,398,0.1034,1239,0,0,,,,0,0
2026-09-15,full,/municipalities/themes/land-area,other,118964,65791,366,0.1071,1245,0,0,,,,0,0
2026-09-15,full,/municipalities/ranking/elderly-population-ratio,other,166781,91380,547,0.0857,2883,0,0,,,,0,0
2026-09-15,full,/municipalities/ranking/total-population,other,171887,93855,569,0.0517,2811,0,0,,,,0,0
2026-09-15,full,/municipalities/ranking/population-density-per-km2-inhabitable-area,other,167684,91639,540,0.1034,3054,0,0,,,,0,0
2026-09-15,full,/municipalities/ranking/young-population-ratio,other,165764,90924,538,0.1154,3008,0,0,,,,0,0
2026-09-15,full,/municipalities/ranking/production-age-population-ratio,other,165650,90863,540,0.1071,2898,0,0,,,,0,0
2026-09-15,full,/municipalities/ranking/households,other,172218,94028,571,0.0508,2760,0,0,,,,0,0
2026-09-15,full,/municipalities/ranking/moving-in-excess-rate,other,166306,91307,539,0.1111,2991,0,0,,,,0,0
2026-09-15,full,/municipalities/ranking/abandoned-cultivated-land-area,other,180138,98826,587,0.05,2874,0,0,,,,0,0
2026-09-15,full,/municipalities/ranking/agricultural-output,other,176916,97072,569,0.0698,2826,0,0,,,,0,0
2026-09-15,full,/municipalities/ranking/annual-sales-amount,other,182585,100055,596,0.0435,2958,0,0,,,,0,0
2026-09-15,full,/municipalities/ranking/annual-sales-amount-per-employee,other,175684,96794,563,0.0833,3054,0,0,,,,0,0
2026-09-15,full,/municipalities/ranking/annual-sales-amount-per-establishment,other,176709,96922,564,0.0789,3072,0,0,,,,0,0
2026-09-15,full,/municipalities/ranking/births,other,171228,93327,570,0.0508,2759,0,0,,,,0,0
2026-09-15,full,/municipalities/ranking/civil-engineering-expense-municipal,other,181819,99713,594,0.0448,2835,0,0,,,,0,0
2026-09-15,full,/municipalities/ranking/commute-by-bicycle,other,180244,98977,585,0.05,2997,0,0,,,,0,0
2026-09-15,full,/municipalities/ranking/commute-by-bus,other,180767,99218,588,0.0476,3003,0,0,,,,0,0
2026-09-15,full,/municipalities/ranking/commute-by-car,other,182369,100125,595,0.0429,3003,0,0,,,,0,0
2026-09-15,full,/municipalities/ranking/commute-by-motorcycle,other,179362,98505,580,0.0545,3042,0,0,,,,0,0
2026-09-15,full,/municipalities/ranking/commute-by-train,other,177831,97672,571,0.0638,3027,0,0,,,,0,0
2026-09-15,full,/municipalities/ranking/commute-on-foot,other,180266,98795,588,0.0476,2970,0,0,,,,0,0
2026-09-15,full,/municipalities/ranking/commuter-ratio-from-other-municipalities,other,173883,95396,555,0.1034,3027,0,0,,,,0,0
2026-09-15,full,/municipalities/ranking/commuter-ratio-to-other-municipalities,other,174137,95884,562,0.0833,3003,0,0,,,,0,0
2026-09-15,full,/municipalities/ranking/commuters-total,other,180212,98886,588,0.0476,2898,0,0,,,,0,0
2026-09-15,full,/municipalities/ranking/crime-rate-per-1k,other,175141,96168,558,0.0938,3012,0,0,,,,0,0
2026-09-15,full,/municipalities/ranking/criminal-recognition-count,other,179960,98753,586,0.0508,2952,0,0,,,,0,0
2026-09-15,full,/municipalities/ranking/cultivated-area,other,176800,97024,571,0.0667,2793,0,0,,,,0,0
2026-09-15,full,/municipalities/ranking/current-balance-ratio-city,other,176023,97000,566,0.0769,3087,0,0,,,,0,0
2026-09-15,full,/municipalities/ranking/day-time-population,other,172377,94150,572,0.05,2802,0,0,,,,0,0
2026-09-15,full,/municipalities/ranking/day-time-population-ratio,other,165478,90786,540,0.1071,2874,0,0,,,,0,0
2026-09-15,full,/municipalities/ranking/death-count,other,172372,94106,574,0.0484,2774,0,0,,,,0,0
2026-09-15,full,/municipalities/ranking/densely-inhabited-district-population,other,171684,93590,567,0.0536,2926,0,0,,,,0,0
2026-09-15,full,/municipalities/ranking/densely-inhabited-district-population-density,other,167157,91683,544,0.0938,2986,0,0,,,,0,0
2026-09-15,full,/municipalities/ranking/densely-populated-area,other,173179,94611,573,0.0492,2885,0,0,,,,0,0
2026-09-15,full,/municipalities/ranking/densely-populated-area-change-rate,other,167745,92126,547,0.0857,2989,0,0,,,,0,0
2026-09-15,full,/municipalities/ranking/dental-clinic-count,other,172315,94095,571,0.0508,2841,0,0,,,,0,0
2026-09-15,full,/municipalities/ranking/dentists-in-medical-facilities,other,172031,93983,570,0.0508,2853,0,0,,,,0,0
2026-09-15,full,/municipalities/ranking/department-store-count-per-100k,other,174317,95786,562,0.0833,2838,0,0,,,,0,0
2026-09-15,full,/municipalities/ranking/department-supermarket-count,other,178846,98528,587,0.05,3015,0,0,,,,0,0
2026-09-15,full,/municipalities/ranking/department-supermarket-count-per-100k,other,176291,96723,564,0.0789,3127,0,0,,,,0,0
2026-09-15,full,/municipalities/ranking/divorces,other,171743,93776,570,0.0508,2818,0,0,,,,0,0
2026-09-15,full,/municipalities/ranking/earthquake-retrofit-housing,other,181872,99846,589,0.0484,3027,0,0,,,,0,0
2026-09-15,full,/municipalities/ranking/education-expense-municipal,other,180879,99264,589,0.0484,2811,0,0,,,,0,0
2026-09-15,full,/municipalities/ranking/elderly-couple-only-household-ratio,other,168092,92214,548,0.0833,3043,0,0,,,,0,0
2026-09-15,full,/municipalities/ranking/elderly-workers-ratio,other,173031,95409,557,0.1,2862,0,0,,,,0,0
2026-09-15,full,/municipalities/ranking/elementary-school-children-count,other,179835,98736,588,0.0492,2877,0,0,,,,0,0
2026-09-15,full,/municipalities/ranking/elementary-school-count,other,181137,99370,596,0.0435,2919,0,0,,,,0,0
2026-09-15,full,/municipalities/ranking/elementary-school-count-per-100km2-habitable,other,174585,95922,556,0.1,3032,0,0,,,,0,0
2026-09-15,full,/municipalities/ranking/elementary-school-teachers,other,179413,98417,589,0.0484,2859,0,0,,,,0,0
2026-09-15,full,/municipalities/ranking/employed-people-ratio,other,172284,94924,556,0.1034,2826,0,0,,,,0,0
2026-09-15,full,/municipalities/ranking/employed-people-ratio-primary,other,173799,95459,554,0.1071,2999,0,0,,,,0,0
2026-09-15,full,/municipalities/ranking/employed-people-ratio-secondary,other,173669,95787,557,0.1,3041,0,0,,,,0,0
2026-09-15,full,/municipalities/ranking/employed-people-ratio-tertiary,other,174831,96393,563,0.0833,3028,0,0,,,,0,0
2026-09-15,full,/municipalities/ranking/fiscal-strength-index,other,173272,95068,554,0.1071,2829,0,0,,,,0,0
2026-09-15,full,/municipalities/ranking/foreign-population-per-100k,other,174045,95633,552,0.1071,3018,0,0,,,,0,0
2026-09-15,full,/municipalities/ranking/foreign-resident-count,other,170639,93209,562,0.0588,2877,0,0,,,,0,0
2026-09-15,full,/municipalities/ranking/foreign-resident-population,other,171792,93695,565,0.0556,2988,0,0,,,,0,0
2026-09-15,full,/municipalities/ranking/forest-area,other,177597,97421,573,0.0638,2781,0,0,,,,0,0
2026-09-15,full,/municipalities/ranking/future-burden-ratio-city,other,178519,97976,575,0.0612,3079,0,0,,,,0,0
2026-09-15,full,/municipalities/ranking/garbage-collection-population,other,180215,98924,588,0.0492,2904,0,0,,,,0,0
2026-09-15,full,/municipalities/ranking/garbage-final-disposal,other,180660,99203,591,0.0469,2863,0,0,,,,0,0
2026-09-15,full,/municipalities/ranking/garbage-total-output,other,180584,99121,591,0.0469,2839,0,0,,,,0,0
2026-09-15,full,/municipalities/ranking/general-clinic-count,other,173327,94695,574,0.0484,2904,0,0,,,,0,0
2026-09-15,full,/municipalities/ranking/general-clinic-count-per-100k,other,167297,91782,542,0.1,3016,0,0,,,,0,0
2026-09-15,full,/municipalities/ranking/general-clinic-count-per-100km2,other,167955,91735,542,0.0968,3017,0,0,,,,0,0
2026-09-15,full,/municipalities/ranking/general-hospital-count,other,173743,94868,578,0.0455,2892,0,0,,,,0,0
2026-09-15,full,/municipalities/ranking/general-hospital-count-per-100km2,other,167431,91322,545,0.0882,3005,0,0,,,,0,0
2026-09-15,full,/municipalities/ranking/general-hospital-per-100k,other,166642,90988,537,0.1154,3015,0,0,,,,0,0
2026-09-15,full,/municipalities/ranking/habitable-area,other,180015,98756,585,0.0517,2808,0,0,,,,0,0
2026-09-15,full,/municipalities/ranking/habitable-area-ratio,other,173186,95305,551,0.1154,2859,0,0,,,,0,0
2026-09-15,full,/municipalities/ranking/high-school-count,other,180722,99384,596,0.0435,2925,0,0,,,,0,0
2026-09-15,full,/municipalities/ranking/high-school-count-per-100km2-habitable,other,173911,95234,556,0.1,3032,0,0,,,,0,0
2026-09-15,full,/municipalities/ranking/housing-floor-area,other,176514,97049,564,0.0789,3036,0,0,,,,0,0
2026-09-15,full,/municipalities/ranking/integrated-kindergarten-enrollment,other,181479,99560,592,0.0462,3045,0,0,,,,0,0
2026-09-15,full,/municipalities/ranking/intellectual-disability-support-facility-capacity,other,172707,94328,570,0.0517,3036,0,0,,,,0,0
2026-09-15,full,/municipalities/ranking/intellectual-disability-support-facility-residents,other,173460,94758,573,0.0492,3057,0,0,,,,0,0
2026-09-15,full,/municipalities/ranking/japanese-movers-in,other,172283,94100,569,0.0526,2919,0,0,,,,0,0
2026-09-15,full,/municipalities/ranking/japanese-movers-out,other,172057,93964,567,0.0536,2922,0,0,,,,0,0
2026-09-15,full,/municipalities/ranking/japanese-population,other,172064,93982,569,0.0517,2820,0,0,,,,0,0
2026-09-15,full,/municipalities/ranking/junior-high-school-count,other,181679,99705,599,0.0417,2928,0,0,,,,0,0
2026-09-15,full,/municipalities/ranking/junior-high-school-count-per-100km2-habitable,other,174499,95832,556,0.1,3035,0,0,,,,0,0
2026-09-15,full,/municipalities/ranking/junior-high-school-students-count,other,179177,98179,587,0.05,2880,0,0,,,,0,0
2026-09-15,full,/municipalities/ranking/junior-high-school-teachers,other,179303,98146,590,0.0476,2862,0,0,,,,0,0
2026-09-15,full,/municipalities/ranking/kei-car-count,other,181070,99450,593,0.0441,2838,0,0,,,,0,0
2026-09-15,full,/municipalities/ranking/large-retail-store-count-per-100k,other,174059,95365,562,0.0833,2880,0,0,,,,0,0
2026-09-15,full,/municipalities/ranking/library-count-per-million,other,174098,95623,560,0.0882,2820,0,0,,,,0,0
2026-09-15,full,/municipalities/ranking/manufacturing-employees,other,179411,98411,583,0.0536,3061,0,0,,,,0,0
2026-09-15,full,/municipalities/ranking/manufacturing-establishments,other,180649,99004,588,0.0492,3033,0,0,,,,0,0
2026-09-15,full,/municipalities/ranking/manufacturing-net-value-added-private,other,179595,98525,580,0.0566,2988,0,0,,,,0,0
2026-09-15,full,/municipalities/ranking/manufacturing-sales-private,other,178828,98085,577,0.0588,2922,0,0,,,,0,0
2026-09-15,full,/municipalities/ranking/manufacturing-shipment,other,178993,97952,577,0.0588,3006,0,0,,,,0,0
2026-09-15,full,/municipalities/ranking/manufacturing-shipment-amount,other,179457,98410,577,0.06,3068,0,0,,,,0,0
2026-09-15,full,/municipalities/ranking/marriages,other,172435,94121,573,0.0492,2839,0,0,,,,0,0
2026-09-15,full,/municipalities/ranking/moped-count,other,178950,98120,584,0.0508,2868,0,0,,,,0,0
2026-09-15,full,/municipalities/ranking/motorcycle-count,other,179303,98235,586,0.0492,2901,0,0,,,,0,0
2026-09-15,full,/municipalities/ranking/movers-in,other,171975,94034,568,0.0536,2952,0,0,,,,0,0
2026-09-15,full,/municipalities/ranking/movers-out,other,172299,94078,568,0.0536,2958,0,0,,,,0,0
2026-09-15,full,/municipalities/ranking/moving-in-excess-rate-japanese,other,165382,91138,538,0.1154,2973,0,0,,,,0,0
2026-09-15,full,/municipalities/ranking/moving-in-rate,other,165249,90638,538,0.1154,2889,0,0,,,,0,0
2026-09-15,full,/municipalities/ranking/moving-in-rate-japanese,other,165372,90591,540,0.1071,2916,0,0,,,,0,0
2026-09-15,full,/municipalities/ranking/moving-out-rate,other,164651,90372,535,0.1304,2892,0,0,,,,0,0
2026-09-15,full,/municipalities/ranking/moving-out-rate-japanese,other,164932,90393,537,0.12,2919,0,0,,,,0,0
2026-09-15,full,/municipalities/ranking/municipal-bonds-outstanding,other,181990,99891,595,0.0441,2811,0,0,,,,0,0
2026-09-15,full,/municipalities/ranking/municipal-general-administration-staff,other,180670,99130,589,0.0484,2949,0,0,,,,0,0
2026-09-15,full,/municipalities/ranking/municipal-resident-tax,other,180631,99213,588,0.0492,2830,0,0,,,,0,0
2026-09-15,full,/municipalities/ranking/national-health-insurance-benefits,other,173637,94749,571,0.0508,2958,0,0,,,,0,0
2026-09-15,full,/municipalities/ranking/new-condo-starts,other,178635,98232,578,0.0588,2881,0,0,,,,0,0
2026-09-15,full,/municipalities/ranking/new-housing-floor-area,other,181096,99421,589,0.0484,2898,0,0,,,,0,0
2026-09-15,full,/municipalities/ranking/new-housing-starts,other,180641,99288,588,0.0492,2869,0,0,,,,0,0
2026-09-15,full,/municipalities/ranking/new-owner-occupied-starts,other,182213,100048,596,0.0435,2872,0,0,,,,0,0
2026-09-15,full,/municipalities/ranking/new-rental-starts,other,180087,98963,587,0.05,2848,0,0,,,,0,0
2026-09-15,full,/municipalities/ranking/nuclear-family-household-count,other,172549,94202,570,0.0517,2874,0,0,,,,0,0
2026-09-15,full,/municipalities/ranking/nuclear-family-households-ratio,other,165320,90970,542,0.1,2946,0,0,,,,0,0
2026-09-15,full,/municipalities/ranking/number-of-commercial-employees-wholesale-retail,other,181362,99562,595,0.0441,2922,0,0,,,,0,0
2026-09-15,full,/municipalities/ranking/number-of-establishments-agriculture-forestry,other,178350,97851,580,0.0556,2985,0,0,,,,0,0
2026-09-15,full,/municipalities/ranking/number-of-establishments-agriculture-forestry-fisheries,other,179030,98202,584,0.0526,3000,0,0,,,,0,0
2026-09-15,full,/municipalities/ranking/number-of-establishments-construction,other,180615,98860,594,0.0448,2931,0,0,,,,0,0
2026-09-15,full,/municipalities/ranking/number-of-establishments-economic-census-basic-survey,other,183383,100494,594,0.0448,3252,0,0,,,,0,0
2026-09-15,full,/municipalities/ranking/number-of-establishments-education-learning-support,other,181265,99464,592,0.0462,3048,0,0,,,,0,0
2026-09-15,full,/municipalities/ranking/number-of-establishments-establishment-corporate-statistics,other,182138,99890,594,0.0448,3102,0,0,,,,0,0
2026-09-15,full,/municipalities/ranking/number-of-establishments-finance-insurance,other,181872,99550,599,0.0417,3006,0,0,,,,0,0
2026-09-15,full,/municipalities/ranking/number-of-establishments-fisheries,other,175789,96714,571,0.0667,2907,0,0,,,,0,0
2026-09-15,full,/municipalities/ranking/number-of-establishments-information-communication,other,181038,99337,593,0.0455,3000,0,0,,,,0,0
2026-09-15,full,/municipalities/ranking/number-of-establishments-manufacturing,other,179111,98153,587,0.05,2934,0,0,,,,0,0
2026-09-15,full,/municipalities/ranking/number-of-establishments-medical-welfare,other,181329,99478,594,0.0448,2970,0,0,,,,0,0
2026-09-15,full,/municipalities/ranking/number-of-establishments-mining-quarrying-gravel-extraction,other,178583,98332,582,0.0545,3132,0,0,,,,0,0
2026-09-15,full,/municipalities/ranking/number-of-establishments-real-estate-leasing,other,181346,99459,592,0.0462,3057,0,0,,,,0,0
2026-09-15,full,/municipalities/ranking/number-of-establishments-transport-post,other,180043,98643,589,0.0484,2997,0,0,,,,0,0
2026-09-15,full,/municipalities/ranking/number-of-establishments-wholesale-retail,other,181222,99260,594,0.0448,3003,0,0,,,,0,0
2026-09-15,full,/municipalities/ranking/nursing-welfare-facility-count-per-100k-65plus,other,166056,90798,537,0.1154,2973,0,0,,,,0,0
2026-09-15,full,/municipalities/ranking/outflow-commuter-student-population,other,170082,92861,551,0.075,3138,0,0,,,,0,0
2026-09-15,full,/municipalities/ranking/owner-occupied-housing-ratio,other,174740,96447,562,0.0857,2937,0,0,,,,0,0
2026-09-15,full,/municipalities/ranking/per-taxpayer-income,other,174392,95982,560,0.0909,2973,0,0,,,,0,0
2026-09-15,full,/municipalities/ranking/per-taxpayer-taxable-income,other,174271,96099,560,0.0909,2968,0,0,,,,0,0
2026-09-15,full,/municipalities/ranking/pharmacist-count,other,171992,93914,571,0.05,2793,0,0,,,,0,0
2026-09-15,full,/municipalities/ranking/physical-disability-rehabilitation-facility-capacity,other,170977,93164,564,0.0566,3081,0,0,,,,0,0
2026-09-15,full,/municipalities/ranking/physical-disability-rehabilitation-facility-residents,other,172058,93761,567,0.0536,3102,0,0,,,,0,0
2026-09-15,full,/municipalities/ranking/physicians-in-medical-facilities,other,173091,94418,578,0.0455,2823,0,0,,,,0,0
2026-09-15,full,/municipalities/ranking/psychiatric-hospital-count,other,172042,94352,575,0.0476,2862,0,0,,,,0,0
2026-09-15,full,/municipalities/ranking/public-assistance-expense-municipal,other,180793,99164,589,0.0484,2835,0,0,,,,0,0
2026-09-15,full,/municipalities/ranking/public-hall-count-per-million,other,173212,95135,555,0.1034,2832,0,0,,,,0,0
2026-09-15,full,/municipalities/ranking/ratio-never-married-15-plus,other,165971,91099,542,0.1,2885,0,0,,,,0,0
2026-09-15,full,/municipalities/ranking/real-balance-ratio-city,other,174713,95973,556,0.1,3078,0,0,,,,0,0
2026-09-15,full,/municipalities/ranking/real-public-debt-service-ratio-city,other,174995,96733,562,0.0857,3132,0,0,,,,0,0
2026-09-15,full,/municipalities/ranking/restaurant-count-per-1000,other,173440,95621,561,0.0882,2820,0,0,,,,0,0
2026-09-15,full,/municipalities/ranking/retail-store-count,other,181128,99347,596,0.0435,2859,0,0,,,,0,0
2026-09-15,full,/municipalities/ranking/retail-store-count-per-1000,other,175787,96884,568,0.0732,3011,0,0,,,,0,0
2026-09-15,full,/municipalities/ranking/retail-stores-per,other,175616,96788,568,0.0732,2976,0,0,,,,0,0
2026-09-15,full,/municipalities/ranking/sales-amount-private,other,181454,99565,593,0.0455,2811,0,0,,,,0,0
2026-09-15,full,/municipalities/ranking/sanitation-expense-municipal,other,180374,98920,587,0.05,2814,0,0,,,,0,0
2026-09-15,full,/municipalities/ranking/secondary-employed-people-ratio-tertiary,other,174087,95571,555,0.1034,3021,0,0,,,,0,0
2026-09-15,full,/municipalities/ranking/single-father-households,other,172186,94016,571,0.0508,2838,0,0,,,,0,0
2026-09-15,full,/municipalities/ranking/single-mother-households,other,172320,93959,571,0.05,2838,0,0,,,,0,0
2026-09-15,full,/municipalities/ranking/single-person-household-old-population-ratio,other,167510,91770,545,0.0909,3084,0,0,,,,0,0
2026-09-15,full,/municipalities/ranking/single-person-households,other,172635,94161,572,0.05,2838,0,0,,,,0,0
2026-09-15,full,/municipalities/ranking/solar-power-housing,other,182450,99847,594,0.0448,3054,0,0,,,,0,0
2026-09-15,full,/municipalities/ranking/standard-fiscal-demand-municipality,other,182193,99972,593,0.0455,2907,0,0,,,,0,0
2026-09-15,full,/municipalities/ranking/standard-fiscal-revenue-municipality,other,181404,99537,589,0.0484,2910,0,0,,,,0,0
2026-09-15,full,/municipalities/ranking/taxpayer-count-equal,other,180051,98640,587,0.05,2916,0,0,,,,0,0
2026-09-15,full,/municipalities/ranking/taxpayer-count-income,other,178742,98249,586,0.0508,2919,0,0,,,,0,0
2026-09-15,full,/municipalities/ranking/total-area-excluding-northern-territories-and-takeshima,other,179776,98706,581,0.0556,2895,0,0,,,,0,0
2026-09-15,full,/municipalities/ranking/total-area-prefecture-ratio,other,182038,99954,589,0.0484,3060,0,0,,,,0,0
2026-09-15,full,/municipalities/ranking/total-assessed-land-area,other,179362,98725,585,0.0517,2836,0,0,,,,0,0
2026-09-15,full,/municipalities/ranking/traffic-accident-count,other,181097,99288,592,0.0462,2988,0,0,,,,0,0
2026-09-15,full,/municipalities/ranking/traffic-accident-per-100k,other,177258,97784,570,0.0698,3066,0,0,,,,0,0
2026-09-15,full,/municipalities/ranking/unemployment-rate,other,172149,94933,554,0.1111,2886,0,0,,,,0,0
2026-09-15,full,/municipalities/ranking/urban-planning-area,other,180184,98876,587,0.05,2909,0,0,,,,0,0
2026-09-15,full,/municipalities/ranking/vacant-housing-ratio,other,175213,96633,562,0.0857,2973,0,0,,,,0,0
2026-09-15,full,/municipalities/ranking/welfare-expense-municipal,other,180970,99317,589,0.0484,2805,0,0,,,,0,0
2026-09-15,full,/municipalities/ranking/wholesale-annual-sales-amount,other,182181,99917,594,0.0448,2946,0,0,,,,0,0
2026-09-15,full,/municipalities/ranking/woodland-area,other,177342,97198,575,0.0612,2787,0,0,,,,0,0
2026-09-15,full,/municipalities/ranking/workers-agriculture-forestry-fishery,other,179547,97801,592,0.0536,2853,0,0,,,,0,0
2026-09-15,representative,/,home,,,,,,,,,,,1,0
2026-09-15,representative,/areas/13000,prefecture-detail,,,,,,,,,,,1,0
2026-09-15,representative,/themes/population-dynamics,theme,,,,,,,,,,,1,0
2026-09-15,representative,/ranking/total-population,ranking,,,,,,,,,,,1,0
2026-09-15,representative,/blog,blog,,,,,,,,,,,1,0
2026-09-15,representative,/geo,geo-analysis,,,,,,,,,,,1,0
2026-09-15,representative,/,home,900225,551320,1305,0.4134,924,0,0,,,0,1,2
2026-09-15,representative,/areas/13000,prefecture-detail,,,,,,,,,,,1,0
2026-09-15,representative,/themes/population-dynamics,theme,,,,,,,,,,,1,0
2026-09-15,representative,/ranking/total-population,ranking,,,,,,,,,,,1,0
2026-09-15,representative,/blog,blog,,,,,,,,,,,1,0
2026-09-15,representative,/geo,geo-analysis,,,,,,,,,,,1,0
2026-09-15,representative,/,home,900988,551319,1305,0.4134,924,0,0,,,0,1,2
2026-09-15,representative,/areas/13000,prefecture-detail,1107483,737817,2227,0.1029,2538,0,0,,,0,0,2
2026-09-15,representative,/themes/population-dynamics,theme,1532731,1068800,2734,0.5081,1982,0,0,,,0,1,2
